# Blender v3.3.0 OBJ File: 'delorean painted.blend'
# www.blender.org
mtllib delorean painted.mtl
o Plane.007
v -5.215943 2.255641 -10.536835
v -4.683775 2.313346 -10.520190
v -5.104544 2.497349 -10.609162
v -4.830443 2.560250 -10.547840
v -4.089798 2.225084 -10.519563
v -4.316545 2.652399 -10.560575
v -3.895562 2.385870 -10.519591
v -3.887421 2.710688 -10.549337
v -3.580481 2.471897 -10.519591
v -3.529510 2.749723 -10.549337
v -3.068972 2.327237 -10.514644
v -3.099266 2.783059 -10.549337
v -2.702723 2.374586 -10.520190
v -2.697045 2.819324 -10.549337
v -2.562653 2.373672 -10.520190
v -2.590812 2.855957 -10.520190
v -2.418901 2.373761 -10.520190
v -2.442451 2.773534 -10.520190
v -2.303409 2.372278 -10.516456
v -2.400477 2.751097 -10.520190
v -3.292394 2.768095 -10.549337
v -3.268218 2.439337 -10.519591
v 0.150312 2.388005 -10.520190
v 0.374924 2.751097 -10.520190
v -2.059212 1.727676 -10.520190
v -0.299590 1.795554 -10.520190
v -3.006667 2.285986 -10.518844
v -2.816926 1.798105 -10.509212
v -4.718443 1.832574 -10.520190
v -5.235020 1.958309 -10.520190
v -4.154788 2.146513 -10.519563
v -4.214348 1.784049 -10.520110
v -4.707274 1.712185 -10.520190
v -4.229173 1.613502 -10.520190
v -4.997980 1.878836 -10.520190
v -4.998988 1.790298 -10.520190
v -5.084798 1.696259 -10.520190
v -5.092667 1.782803 -10.520190
v -2.082522 1.495692 -10.520190
v -2.826571 1.516286 -10.516967
v 0.655941 1.739961 -10.514476
v 0.639935 1.501520 -10.520190
v -0.346223 1.727676 -10.520190
v -0.369533 1.495692 -10.520190
v 0.894869 2.326824 -10.519933
v 1.027608 2.731672 -10.520190
v 0.853915 2.272272 -10.519933
v 0.678093 1.828710 -10.512096
v 2.072436 2.321430 -10.561750
v 2.225751 2.731672 -10.561263
v 3.159692 2.371655 -10.751241
v 3.100627 2.763671 -10.760642
v 1.986122 2.731672 -10.547334
v 1.746493 2.731672 -10.520190
v 1.506865 2.731672 -10.520190
v 1.267237 2.731672 -10.520190
v 1.108786 2.482167 -10.519122
v 1.428058 2.538500 -10.519122
v 1.655935 2.516906 -10.518414
v 1.890128 2.437317 -10.547979
v 0.193543 2.853394 -10.520190
v -0.024954 2.388005 -10.510081
v -0.466734 1.790706 -10.520190
v 0.386255 3.380795 -10.917643
v 0.177895 3.381919 -10.917643
v 0.216633 3.118219 -10.678733
v 0.380589 3.065946 -10.660439
v 0.438795 3.381221 -10.917643
v 0.443221 3.053745 -10.660439
v 0.394641 2.841899 -10.520190
v 0.468426 2.850072 -10.520190
v 2.208268 2.854633 -10.561263
v 2.653587 2.732701 -10.578108
v 2.683461 2.357964 -10.578108
v 2.493739 2.988080 -10.664892
v 2.496408 3.084330 -10.794991
v 0.947794 2.848583 -10.520190
v 2.145937 2.848583 -10.561263
v 1.906309 2.848583 -10.547334
v 1.666680 2.848583 -10.520190
v 1.427051 2.848583 -10.520190
v 1.187423 2.848583 -10.520190
v 0.698304 3.361299 -10.931719
v 0.694338 3.444278 -11.061818
v 2.500248 2.732187 -10.578108
v 2.477906 2.874079 -10.612149
v 2.500378 2.354774 -10.578108
v 0.559258 3.394483 -10.931719
v 0.552387 3.488251 -10.931719
v 0.828691 2.858665 -10.520190
v 0.683574 2.853158 -10.520190
v -1.222341 3.362778 -10.931719
v -1.208934 3.425361 -10.931719
v 0.428257 3.519429 -10.931719
v -1.018398 3.484710 -10.931719
v -0.272492 3.534196 -10.931719
v -0.359284 3.532051 -10.931719
v 0.180288 3.385118 -10.931719
v 0.173417 3.478887 -10.931719
v 0.084490 3.511963 -10.931719
v -0.291156 3.533734 -10.931719
v 0.436435 3.391448 -10.931719
v 0.429564 3.485216 -10.931719
v 0.288701 3.517009 -10.931719
v -0.278541 3.534046 -10.931719
v -1.028396 3.449190 -10.931719
v -0.873646 3.488287 -10.931719
v -0.350343 3.532272 -10.931719
v -0.977456 3.361782 -10.931719
v -2.420222 2.802525 -10.520190
v -2.238656 2.807012 -10.520190
v -2.209488 2.758629 -10.524542
v -0.346077 1.732673 -10.520190
v 0.655335 1.746032 -10.514476
v -2.135653 2.388005 -10.510698
v -1.941963 1.732316 -10.524542
v -0.380046 3.381537 -10.931719
v -0.427490 3.464038 -10.931719
v -0.394578 3.500125 -10.931719
v -0.320749 3.533003 -10.931719
v 2.269051 1.765440 -10.520190
v 3.074051 2.020108 -10.696421
v 2.725135 1.866454 -10.525930
v 2.504213 1.811666 -10.525930
v 2.497576 2.016494 -10.520190
v 2.198667 2.038944 -10.524698
v 2.680659 2.019685 -10.520190
v 3.139871 2.219125 -10.710955
v -5.108378 2.510275 -12.225236
v -5.219076 2.251882 -12.225236
v -4.683775 2.313346 -12.225236
v -4.830443 2.560250 -12.225236
v -4.105880 2.249547 -12.225236
v -4.316545 2.652399 -12.225236
v -3.898422 2.410708 -12.225236
v -3.887421 2.710688 -12.225236
v -3.583341 2.496735 -12.225236
v -3.529510 2.749723 -12.225236
v -3.055039 2.357961 -12.225236
v -3.099266 2.783059 -12.225236
v -3.292394 2.768095 -12.225236
v -3.271079 2.464176 -12.225236
v -2.702723 2.390313 -12.225236
v -2.697045 2.819324 -12.225236
v -2.562653 2.389399 -12.225236
v -2.590812 2.855957 -12.225236
v -2.418901 2.389488 -12.225236
v -2.442451 2.773534 -12.225236
v -2.303409 2.388005 -12.225236
v -2.400477 2.751097 -12.225236
v 0.150312 2.388005 -12.225236
v 0.374924 2.751097 -12.225236
v -2.209488 2.758629 -12.225236
v -0.024954 2.388005 -12.225236
v -0.466734 1.790706 -12.225236
v -0.344236 1.795554 -12.225236
v -2.059212 1.727676 -12.225236
v -2.999207 2.290610 -12.225236
v -2.774542 1.804520 -12.225236
v -5.235020 1.958309 -12.225236
v -4.718443 1.832574 -12.225236
v -4.234029 1.785090 -12.225236
v -4.170870 2.170976 -12.225236
v -4.707274 1.712185 -12.225236
v -4.229173 1.613502 -12.225236
v -4.997980 1.878836 -12.225236
v -4.998988 1.790298 -12.225236
v -5.092667 1.782803 -12.225236
v -5.084798 1.696260 -12.225236
v -2.797852 1.496825 -12.225236
v -2.082522 1.495692 -12.225236
v 0.639935 1.501520 -12.225236
v 0.589915 1.745482 -12.225236
v -0.346223 1.727676 -12.225236
v -0.369533 1.495692 -12.225236
v -0.346077 1.732673 -12.225236
v 0.810605 2.377159 -12.225236
v 1.027608 2.731672 -12.225236
v 0.581695 1.827929 -12.225236
v 0.769650 2.322607 -12.225236
v 0.589310 1.751552 -12.225236
v 2.090525 2.358291 -12.225236
v 2.225751 2.731672 -12.225236
v 1.267237 2.731672 -12.225236
v 1.893440 2.487883 -12.225236
v 3.152277 2.371655 -12.225236
v 3.070468 2.768790 -12.229233
v 2.379089 2.732187 -12.225236
v 2.445168 2.357964 -12.225236
v 1.986122 2.731672 -12.225236
v 1.746493 2.731672 -12.225236
v 1.506865 2.731672 -12.225236
v 1.087142 2.518963 -12.225236
v 1.406414 2.575296 -12.225236
v 1.630502 2.567526 -12.225236
v 0.193543 2.853394 -12.225236
v -2.135653 2.388005 -12.225236
v -1.941963 1.732316 -12.225236
v 0.386255 3.380795 -12.225236
v 0.177895 3.381919 -12.225236
v 0.216633 3.118219 -12.225236
v 0.380589 3.065946 -12.225236
v 0.443221 3.053745 -12.225236
v 0.438795 3.381221 -12.225236
v 0.394641 2.841899 -12.225236
v 0.468426 2.850072 -12.225236
v 2.477906 2.874079 -12.225236
v 2.208268 2.854633 -12.225236
v 3.037732 2.886882 -12.225392
v 2.532427 2.732701 -12.225236
v 2.262085 2.354774 -12.225236
v 2.493739 2.988080 -12.225236
v 2.496408 3.084330 -12.225236
v 1.187423 2.848583 -12.225236
v 0.947794 2.848583 -12.225236
v 2.145937 2.848583 -12.225236
v 1.906309 2.848583 -12.225236
v 1.666680 2.848583 -12.225236
v 1.427051 2.848583 -12.225236
v 0.694338 3.444278 -12.225236
v 0.698304 3.361299 -12.225236
v 0.552387 3.488251 -12.225236
v 0.559258 3.394483 -12.225236
v 0.683574 2.853158 -12.225236
v 0.828691 2.858665 -12.225236
v -1.208934 3.425361 -12.225236
v -1.222341 3.362778 -12.225236
v 0.436435 3.391448 -12.225236
v -1.028396 3.449190 -12.225236
v -0.873646 3.488287 -12.225236
v -1.018398 3.484710 -12.225236
v 0.428257 3.519429 -12.225236
v -0.350343 3.532272 -12.225236
v -0.359284 3.532051 -12.225236
v -0.272492 3.534196 -12.225236
v -0.380046 3.381537 -12.225236
v 0.180288 3.385118 -12.225236
v 0.429564 3.485216 -12.225236
v 0.173417 3.478887 -12.225236
v 0.288701 3.517009 -12.225236
v 0.084490 3.511963 -12.225236
v -0.278541 3.534046 -12.225236
v -0.291156 3.533734 -12.225236
v -0.427490 3.464038 -12.225236
v -0.394578 3.500125 -12.225236
v -0.320749 3.533003 -12.225236
v -0.977456 3.361782 -12.225236
v -2.420222 2.802525 -12.225236
v -2.238656 2.807012 -12.225236
v 2.655684 1.843026 -12.225236
v 3.160956 2.020108 -12.225236
v 2.434762 1.788238 -12.225236
v 2.269051 1.765440 -12.225236
v 2.376417 2.016494 -12.225236
v 2.257829 2.055785 -12.225236
v 2.559500 2.019685 -12.225236
v 3.210963 2.219125 -12.225236
v -4.234029 1.785090 -10.768506
v -4.229173 1.613502 -11.105199
v 1.187423 2.848583 -10.768506
v 1.427051 2.848583 -10.768506
v 0.828691 2.858665 -10.768506
v 0.947794 2.848583 -10.768506
v -4.998988 1.790298 -10.768507
v -4.997980 1.878836 -10.768506
v -1.222341 3.362778 -11.120102
v -1.208934 3.425361 -11.120102
v -2.442451 2.773534 -10.768506
v -2.400477 2.751097 -10.768506
v -5.219076 2.251882 -10.795715
v -5.105611 2.499688 -10.816667
v 3.132480 2.020108 -10.880669
v 2.655684 1.843026 -10.768506
v 2.090525 2.358291 -10.768506
v 1.893440 2.487883 -10.768506
v -0.350343 3.532272 -11.120102
v -0.320749 3.533003 -11.120102
v 2.434762 1.788238 -10.768506
v 3.010860 2.768790 -10.830420
v 3.152277 2.371655 -10.896523
v -3.292394 2.768095 -10.793408
v -3.099266 2.783059 -10.793408
v 2.269051 1.765440 -11.096116
v -5.235020 1.958309 -10.768506
v -3.271079 2.464176 -10.768506
v -3.583341 2.496735 -10.768506
v -4.830443 2.560250 -10.792130
v -5.084798 1.696259 -10.768507
v -5.092667 1.782803 -10.768507
v -1.018398 3.484710 -11.120102
v 2.257829 2.055785 -10.768506
v -4.707274 1.712185 -10.768507
v 0.428257 3.519429 -11.120102
v 0.552387 3.488251 -11.120102
v -4.316545 2.652399 -10.803009
v -0.359284 3.532051 -11.120102
v 2.145937 2.848583 -10.768506
v 2.208268 2.854633 -10.768506
v 3.210963 2.219125 -10.896523
v -2.082522 1.495692 -10.768506
v -2.797852 1.496825 -11.105198
v -2.420222 2.802525 -10.768506
v -0.272492 3.534196 -11.120102
v -3.887421 2.710688 -10.793408
v 1.087142 2.518963 -10.768506
v 0.810605 2.377159 -10.768506
v -2.774542 1.804520 -10.768506
v 0.694338 3.444278 -11.120102
v -3.898422 2.410708 -10.768506
v -4.105880 2.249547 -10.768506
v 2.477906 2.874079 -10.768506
v 1.406414 2.575296 -10.768506
v 0.589915 1.745482 -10.768506
v 0.639935 1.501520 -11.096116
v 1.630502 2.567526 -10.768506
v 0.589310 1.751552 -10.768506
v -2.999207 2.290610 -10.768506
v -3.529510 2.749723 -10.793408
v 3.037732 2.886882 -10.857309
v -0.369533 1.495692 -10.768506
v -0.291156 3.533734 -11.120102
v -0.278541 3.534046 -11.120102
v -3.055039 2.357961 -10.768506
v 0.698304 3.361299 -11.120102
v 2.496408 3.084330 -10.826424
v -2.697045 2.819324 -10.793408
v -4.170870 2.170976 -10.768506
v 0.769650 2.322607 -10.768506
v 0.581695 1.827929 -10.768506
v -2.590812 2.855957 -10.768506
v 1.906309 2.848583 -10.768506
v 1.666680 2.848583 -10.768506
v 2.863731 2.365259 -10.581728
v 2.882987 2.733878 -10.620089
v 2.855596 2.918706 -10.727798
v 2.840073 2.984399 -10.788583
v 2.924885 1.937372 -10.576718
v 2.906589 2.125943 -10.556865
v 2.863731 2.365259 -12.225236
v 2.882987 2.733878 -12.225236
v 2.855596 2.918706 -12.225236
v 2.840073 2.984399 -12.225236
v 2.924885 1.937372 -12.225236
v 2.906589 2.125943 -12.225236
v 2.840073 2.984399 -10.888558
v 2.924885 1.937372 -10.768506
v 3.168999 2.356793 -10.725821
v 3.105875 2.775750 -10.735868
v 2.852698 2.349956 -10.544659
v 3.147816 2.193780 -10.682766
v 2.898501 2.094194 -10.518086
v 3.223794 2.193780 -12.301116
v 3.244976 2.356793 -12.301116
v 3.244976 2.356792 -10.881087
v 3.223794 2.193780 -10.881087
v 3.038657 2.907428 -10.839179
v 3.038657 2.907428 -12.301284
v 2.873277 2.743909 -10.585655
v 2.827414 3.011647 -10.765730
v 2.827414 3.011647 -10.872576
v 2.827414 3.011647 -12.301116
v 2.844004 2.941440 -10.700768
v 3.117897 2.788828 -12.229233
v 3.037732 2.906920 -12.225392
v 3.096511 2.803775 -10.833244
v 3.037732 2.906920 -10.857309
v 3.100627 2.783709 -10.760642
v 3.271363 2.528570 -11.158777
v 3.271363 2.528570 -11.762781
v 3.271363 3.356775 -11.158777
v 3.271363 3.356775 -11.762782
v 2.463758 2.544153 -11.154939
v 2.463758 3.186272 -11.154939
v 2.463758 2.544153 -11.767705
v 2.463758 3.186272 -11.767705
v 3.037772 2.544153 -11.154939
v 3.037772 3.186272 -11.154939
v 3.037772 2.544153 -11.767705
v 3.037772 3.186272 -11.767705
v 3.518895 2.506678 -11.154939
v 3.518895 3.543051 -11.154939
v 3.518895 2.506678 -11.767705
v 3.518895 3.543051 -11.767705
v 2.463758 3.097896 -11.154939
v 2.463758 3.097896 -11.767705
v 3.037772 3.097896 -11.767705
v 3.037772 3.097896 -11.154939
v 3.518895 3.318163 -11.154939
v 3.518895 3.318163 -11.767705
v 2.463758 2.897817 -11.767705
v 3.037772 2.897817 -11.767705
v 3.037772 2.897817 -11.154939
v 3.518895 3.017853 -11.154939
v 3.518895 3.017853 -11.767705
v 2.463758 2.897817 -11.154939
v 2.463758 2.797377 -11.767705
v 3.037772 2.797377 -11.767705
v 3.037772 2.797377 -11.154939
v 3.518895 2.762266 -11.154939
v 3.518895 2.762266 -11.767705
v 2.463758 2.797377 -11.154939
v 2.463758 2.544153 -11.461322
v 2.463758 3.186272 -11.461322
v 3.037772 2.544153 -11.461322
v 3.037772 3.186272 -11.461322
v 3.518895 2.506678 -11.461322
v 3.518895 3.543051 -11.461322
v 2.463758 3.097896 -11.461322
v 2.463758 2.897817 -11.461322
v 2.463758 2.797377 -11.461322
v 3.559495 3.300764 -11.139755
v 3.559495 3.300764 -11.782888
v 3.559495 3.000453 -11.130572
v 3.559495 3.000453 -11.792071
v 3.559495 2.744866 -11.134169
v 3.559495 2.744866 -11.788475
v 1.990040 2.846949 -11.154939
v 1.990040 2.846949 -11.767705
v 1.990040 2.846949 -11.461322
v 3.155896 2.370070 -10.743017
v 3.155896 2.370070 -11.276023
v 3.155896 2.370070 -11.542526
v 3.101575 2.640144 -10.743017
v 3.155896 2.370070 -11.009520
v 3.101575 2.640143 -11.276023
v 3.101575 2.640143 -11.542526
v 3.101575 2.640143 -11.009520
v 3.128736 2.505107 -10.743017
v 3.155896 2.370070 -11.142772
v 3.074415 2.775181 -11.276024
v 3.155896 2.370070 -11.409275
v 3.074415 2.775181 -10.743017
v 3.155896 2.370070 -10.876268
v 3.128736 2.505106 -11.276023
v 3.074415 2.775181 -11.542526
v 3.128735 2.505106 -11.542526
v 3.101575 2.640143 -11.409275
v 3.074415 2.775181 -11.009520
v 3.128736 2.505106 -11.009520
v 3.101575 2.640144 -10.876268
v 3.101575 2.640143 -11.142772
v 3.128736 2.505106 -11.142772
v 3.128736 2.505106 -10.876268
v 3.074415 2.775181 -10.876268
v 3.128736 2.505106 -11.409275
v 3.074415 2.775181 -11.409275
v 3.074415 2.775181 -11.142772
v 3.076033 2.767135 -10.750957
v 3.099957 2.648189 -10.750957
v 3.099957 2.648189 -10.868329
v 3.076033 2.767135 -10.868329
v 3.099974 2.648104 -11.001665
v 3.076016 2.767220 -11.001665
v 3.099974 2.648104 -10.884124
v 3.076016 2.767220 -10.884124
v 3.099803 2.648952 -11.134079
v 3.099803 2.648952 -11.018212
v 3.076187 2.766372 -11.018212
v 3.076187 2.766372 -11.134079
v 3.100026 2.647848 -11.268421
v 3.075964 2.767477 -11.268421
v 3.100026 2.647848 -11.150373
v 3.075964 2.767477 -11.150373
v 3.099851 2.648714 -11.400818
v 3.099851 2.648714 -11.284481
v 3.076138 2.766610 -11.284481
v 3.076138 2.766610 -11.400818
v 3.099931 2.648318 -11.534460
v 3.076059 2.767006 -11.534460
v 3.099931 2.648318 -11.417341
v 3.076059 2.767006 -11.417341
v 3.127083 2.513320 -11.534422
v 3.103227 2.631930 -11.534422
v 3.103227 2.631930 -11.417379
v 3.127083 2.513320 -11.417379
v 3.127144 2.513018 -11.283831
v 3.103166 2.632232 -11.283831
v 3.103166 2.632232 -11.401468
v 3.127144 2.513018 -11.401468
v 3.127306 2.512214 -11.269011
v 3.103004 2.633036 -11.269011
v 3.103004 2.633036 -11.149785
v 3.127306 2.512214 -11.149785
v 3.127318 2.512154 -11.016475
v 3.102993 2.633096 -11.016475
v 3.102993 2.633096 -11.135817
v 3.127318 2.512154 -11.135817
v 3.127454 2.511476 -11.003235
v 3.102856 2.633775 -11.003235
v 3.102856 2.633775 -10.882553
v 3.127454 2.511476 -10.882553
v 3.102964 2.633238 -10.869454
v 3.102964 2.633238 -10.749831
v 3.127347 2.512012 -10.749831
v 3.127347 2.512012 -10.869454
v 3.129823 2.499701 -10.748350
v 3.154809 2.375475 -10.748350
v 3.154809 2.375475 -10.870934
v 3.129823 2.499701 -10.870934
v 3.154631 2.376360 -10.882475
v 3.154631 2.376360 -11.003313
v 3.130001 2.498816 -11.003313
v 3.130001 2.498816 -10.882475
v 3.154592 2.376554 -11.015919
v 3.154592 2.376554 -11.136374
v 3.130040 2.498622 -11.015919
v 3.130040 2.498622 -11.136374
v 3.154400 2.377504 -11.150107
v 3.154400 2.377504 -11.268687
v 3.130230 2.497673 -11.268687
v 3.130230 2.497673 -11.150107
v 3.154392 2.377546 -11.283401
v 3.154392 2.377546 -11.401897
v 3.130239 2.497630 -11.283401
v 3.130239 2.497630 -11.401897
v 3.154624 2.376391 -11.415513
v 3.154624 2.376391 -11.536289
v 3.130007 2.498785 -11.536289
v 3.130007 2.498785 -11.415513
v 3.084872 2.768913 -10.750957
v 3.108796 2.649967 -10.750957
v 3.108796 2.649967 -10.868329
v 3.084872 2.768913 -10.868329
v 3.108813 2.649882 -11.001665
v 3.084855 2.768998 -11.001665
v 3.108813 2.649882 -10.884124
v 3.084855 2.768998 -10.884124
v 3.108642 2.650730 -11.134079
v 3.108642 2.650730 -11.018212
v 3.085025 2.768149 -11.018212
v 3.085025 2.768149 -11.134079
v 3.108864 2.649625 -11.268421
v 3.084803 2.769254 -11.268421
v 3.108864 2.649625 -11.150373
v 3.084803 2.769254 -11.150373
v 3.108690 2.650492 -11.400818
v 3.108690 2.650492 -11.284481
v 3.084977 2.768387 -11.284481
v 3.084977 2.768387 -11.400818
v 3.108769 2.650095 -11.534460
v 3.084898 2.768784 -11.534460
v 3.108769 2.650095 -11.417341
v 3.084898 2.768784 -11.417341
v 3.135922 2.515098 -11.534422
v 3.112066 2.633708 -11.534422
v 3.112066 2.633708 -11.417379
v 3.135922 2.515098 -11.417379
v 3.135983 2.514796 -11.283831
v 3.112005 2.634010 -11.283831
v 3.112005 2.634010 -11.401468
v 3.135983 2.514796 -11.401468
v 3.136145 2.513992 -11.269011
v 3.111843 2.634814 -11.269011
v 3.111843 2.634814 -11.149785
v 3.136145 2.513992 -11.149785
v 3.136157 2.513932 -11.016475
v 3.111831 2.634873 -11.016475
v 3.111831 2.634873 -11.135817
v 3.136157 2.513932 -11.135817
v 3.136293 2.513253 -11.003235
v 3.111695 2.635552 -11.003235
v 3.111695 2.635552 -10.882553
v 3.136293 2.513253 -10.882553
v 3.111803 2.635016 -10.869454
v 3.111803 2.635016 -10.749831
v 3.136185 2.513790 -10.749831
v 3.136185 2.513790 -10.869454
v 3.138661 2.501479 -10.748350
v 3.163647 2.377253 -10.748350
v 3.163647 2.377253 -10.870934
v 3.138661 2.501479 -10.870934
v 3.163469 2.378137 -10.882475
v 3.163469 2.378137 -11.003313
v 3.138839 2.500594 -11.003313
v 3.138839 2.500594 -10.882475
v 3.163430 2.378332 -11.015919
v 3.163430 2.378332 -11.136374
v 3.138878 2.500400 -11.015919
v 3.138878 2.500400 -11.136374
v 3.163239 2.379281 -11.150107
v 3.163239 2.379281 -11.268687
v 3.139069 2.499450 -11.268687
v 3.139069 2.499450 -11.150107
v 3.163230 2.379324 -11.283401
v 3.163230 2.379324 -11.401897
v 3.139078 2.499408 -11.283401
v 3.139078 2.499408 -11.401897
v 3.163463 2.378169 -11.415513
v 3.163463 2.378169 -11.536289
v 3.138845 2.500563 -11.536289
v 3.138845 2.500563 -11.415513
v -3.377186 2.204121 -10.434182
v -3.310374 2.174815 -10.434182
v -3.249298 2.134912 -10.434182
v -3.195622 2.085500 -10.434182
v -3.150811 2.027927 -10.434182
v -3.116088 1.963764 -10.434182
v -3.092399 1.894761 -10.434182
v -3.080391 1.822799 -10.434182
v -3.080391 1.749843 -10.434182
v -3.092399 1.677882 -10.434182
v -3.116088 1.608878 -10.434182
v -3.150811 1.544715 -10.434182
v -3.195622 1.487142 -10.434182
v -3.249298 1.437730 -10.434182
v -3.310374 1.397827 -10.434182
v -3.377186 1.368521 -10.434182
v -3.447910 1.350611 -10.434182
v -3.520617 1.344587 -10.434182
v -3.593324 1.350611 -10.434182
v -3.664048 1.368521 -10.434182
v -3.730860 1.397827 -10.434182
v -3.791936 1.437731 -10.434182
v -3.845612 1.487143 -10.434182
v -3.890422 1.544716 -10.434182
v -3.925146 1.608879 -10.434182
v -3.948834 1.677883 -10.434182
v -3.960843 1.749844 -10.434182
v -3.960842 1.822800 -10.434182
v -3.948834 1.894762 -10.434182
v -3.925145 1.963765 -10.434182
v -3.890421 2.027928 -10.434182
v -3.845611 2.085501 -10.434182
v -3.791935 2.134912 -10.434182
v -3.730858 2.174816 -10.434182
v -3.664047 2.204122 -10.434182
v -3.623370 2.402096 -10.432940
v -3.623370 2.402096 -11.065079
v -3.723321 2.376785 -10.432940
v -3.723321 2.376785 -11.065079
v -3.817744 2.335368 -10.432940
v -3.817744 2.335368 -11.065079
v -3.904062 2.278974 -10.432940
v -3.904062 2.278974 -11.065079
v -3.979920 2.209142 -10.432940
v -3.979920 2.209142 -11.065079
v -4.043250 2.127776 -10.432940
v -4.043250 2.127776 -11.065079
v -4.092323 2.037097 -10.432940
v -4.092323 2.037097 -11.065079
v -4.125803 1.939576 -10.432940
v -4.125803 1.939576 -11.065079
v -4.142774 1.837876 -10.432940
v -4.142774 1.837876 -11.065079
v -4.142774 1.734769 -10.432940
v -4.142774 1.734769 -11.065079
v -4.125803 1.633068 -10.432940
v -4.125803 1.633068 -11.065079
v -4.092324 1.535548 -10.432940
v -4.092324 1.535548 -11.065079
v -4.043251 1.444868 -10.432940
v -4.043251 1.444868 -11.065079
v -3.979922 1.363502 -10.432940
v -3.979922 1.363502 -11.065079
v -3.904064 1.293670 -10.432940
v -3.904064 1.293670 -11.065079
v -3.817746 1.237275 -10.432940
v -3.817746 1.237276 -11.065079
v -3.723324 1.195858 -10.432940
v -3.723324 1.195858 -11.065079
v -3.623372 1.170547 -10.432940
v -3.623372 1.170547 -11.065079
v -3.520617 1.162032 -10.432940
v -3.520617 1.162032 -11.065079
v -3.417863 1.170546 -10.432940
v -3.417863 1.170547 -11.065079
v -3.317911 1.195858 -10.432940
v -3.317911 1.195858 -11.065079
v -3.223488 1.237275 -10.432940
v -3.223488 1.237275 -11.065079
v -3.137171 1.293669 -10.432940
v -3.137171 1.293669 -11.065079
v -3.061312 1.363501 -10.432940
v -3.061312 1.363502 -11.065079
v -2.997983 1.444867 -10.432940
v -2.997983 1.444867 -11.065079
v -2.948910 1.535547 -10.432940
v -2.948910 1.535547 -11.065079
v -2.915431 1.633067 -10.432940
v -2.915431 1.633067 -11.065079
v -2.898460 1.734768 -10.432940
v -2.898460 1.734768 -11.065079
v -2.898460 1.837875 -10.432940
v -2.898460 1.837875 -11.065079
v -2.915431 1.939575 -10.432940
v -2.915431 1.939575 -11.065079
v -2.948910 2.037095 -10.432940
v -2.948910 2.037095 -11.065079
v -2.997983 2.127775 -10.432940
v -2.997983 2.127775 -11.065079
v -3.061312 2.209141 -10.432940
v -3.061312 2.209141 -11.065079
v -3.137171 2.278973 -10.432940
v -3.137171 2.278973 -11.065079
v -3.223488 2.335367 -10.432940
v -3.223488 2.335367 -11.065079
v -3.317910 2.376785 -10.432940
v -3.317910 2.376785 -11.065079
v -3.417862 2.402096 -10.432940
v -3.417862 2.402096 -11.065079
v -3.520617 2.410610 -10.432940
v -3.520617 2.410610 -11.065079
v -3.593323 2.222031 -10.434182
v -3.520617 2.228056 -10.434182
v -3.491227 1.693819 -10.740005
v -3.447910 2.222031 -10.434182
v -3.499469 1.913051 -10.482435
v -3.478899 1.907842 -10.482435
v -3.459466 1.899318 -10.482435
v -3.441701 1.887712 -10.482435
v -3.426089 1.873340 -10.482435
v -3.413056 1.856594 -10.482435
v -3.402956 1.837932 -10.482435
v -3.396066 1.817862 -10.482435
v -3.392574 1.796931 -10.482435
v -3.392574 1.775712 -10.482435
v -3.396066 1.754781 -10.482435
v -3.402956 1.734711 -10.482435
v -3.413056 1.716049 -10.482435
v -3.426089 1.699303 -10.482435
v -3.441701 1.684931 -10.482435
v -3.459466 1.673325 -10.482435
v -3.478899 1.664801 -10.482435
v -3.499469 1.659592 -10.482435
v -3.520617 1.657840 -10.482435
v -3.541764 1.659592 -10.482435
v -3.562334 1.664801 -10.482435
v -3.581767 1.673325 -10.482435
v -3.599531 1.684932 -10.482435
v -3.615144 1.699303 -10.482435
v -3.628177 1.716049 -10.482435
v -3.638277 1.734711 -10.482435
v -3.645166 1.754781 -10.482435
v -3.648659 1.775712 -10.482435
v -3.648659 1.796932 -10.482435
v -3.645166 1.817862 -10.482435
v -3.638276 1.837932 -10.482435
v -3.628177 1.856595 -10.482435
v -3.615143 1.873340 -10.482435
v -3.599531 1.887712 -10.482435
v -3.581767 1.899318 -10.482435
v -3.562334 1.907842 -10.482435
v -3.541763 1.913051 -10.482435
v -3.520616 1.914803 -10.482435
v -3.520617 2.228056 -10.477356
v -3.593323 2.222031 -10.477356
v -3.664047 2.204122 -10.477356
v -3.730858 2.174816 -10.477356
v -3.791935 2.134912 -10.477356
v -3.845611 2.085501 -10.477356
v -3.890421 2.027928 -10.477356
v -3.925145 1.963765 -10.477356
v -3.948834 1.894762 -10.477356
v -3.960842 1.822800 -10.477356
v -3.960843 1.749844 -10.477356
v -3.948834 1.677883 -10.477356
v -3.925146 1.608879 -10.477356
v -3.890422 1.544716 -10.477356
v -3.845612 1.487143 -10.477356
v -3.791936 1.437731 -10.477356
v -3.730860 1.397827 -10.477356
v -3.664048 1.368521 -10.477356
v -3.593324 1.350611 -10.477356
v -3.520617 1.344587 -10.477356
v -3.447910 1.350611 -10.477356
v -3.377186 1.368521 -10.477356
v -3.310374 1.397827 -10.477356
v -3.249298 1.437730 -10.477356
v -3.195622 1.487142 -10.477356
v -3.150811 1.544715 -10.477356
v -3.116088 1.608878 -10.477356
v -3.092399 1.677882 -10.477356
v -3.080391 1.749843 -10.477356
v -3.080391 1.822799 -10.477356
v -3.092399 1.894761 -10.477356
v -3.116088 1.963764 -10.477356
v -3.150811 2.027927 -10.477356
v -3.195622 2.085500 -10.477356
v -3.249298 2.134912 -10.477356
v -3.310374 2.174815 -10.477356
v -3.377186 2.204121 -10.477356
v -3.447910 2.222031 -10.477356
v -3.520617 2.016027 -10.451422
v -3.558424 2.012894 -10.451422
v -3.595201 2.003581 -10.451422
v -3.629944 1.988342 -10.451422
v -3.661704 1.967592 -10.451422
v -3.689616 1.941897 -10.451422
v -3.712918 1.911959 -10.451422
v -3.730975 1.878593 -10.451422
v -3.743293 1.842711 -10.451422
v -3.749537 1.805291 -10.451422
v -3.749537 1.767353 -10.451422
v -3.743293 1.729932 -10.451422
v -3.730975 1.694050 -10.451422
v -3.712919 1.660685 -10.451422
v -3.689617 1.630746 -10.451422
v -3.661705 1.605052 -10.451422
v -3.629945 1.584301 -10.451422
v -3.595202 1.569062 -10.451422
v -3.558425 1.559749 -10.451422
v -3.520617 1.556616 -10.451422
v -3.482808 1.559749 -10.451422
v -3.446031 1.569062 -10.451422
v -3.411289 1.584301 -10.451422
v -3.379529 1.605052 -10.451422
v -3.351617 1.630746 -10.451422
v -3.328315 1.660684 -10.451422
v -3.310258 1.694050 -10.451422
v -3.297940 1.729932 -10.451422
v -3.291696 1.767352 -10.451422
v -3.291696 1.805290 -10.451422
v -3.297940 1.842711 -10.451422
v -3.310258 1.878593 -10.451422
v -3.328315 1.911958 -10.451422
v -3.351617 1.941897 -10.451422
v -3.379529 1.967591 -10.451422
v -3.411289 1.988341 -10.451422
v -3.446031 2.003581 -10.451422
v -3.482808 2.012894 -10.451422
v -3.520617 2.253485 -10.451422
v -3.597508 2.247114 -10.451422
v -3.672303 2.228173 -10.451422
v -3.742961 2.197180 -10.451422
v -3.807554 2.154980 -10.451422
v -3.864320 2.102724 -10.451422
v -3.911710 2.041837 -10.451422
v -3.948432 1.973980 -10.451422
v -3.973485 1.901004 -10.451422
v -3.986185 1.824900 -10.451422
v -3.986185 1.747744 -10.451422
v -3.973486 1.671640 -10.451422
v -3.948433 1.598664 -10.451422
v -3.911711 1.530807 -10.451422
v -3.864321 1.469920 -10.451422
v -3.807555 1.417663 -10.451422
v -3.742963 1.375463 -10.451422
v -3.672305 1.344469 -10.451422
v -3.597510 1.325529 -10.451422
v -3.520617 1.319157 -10.451422
v -3.443724 1.325529 -10.451422
v -3.368929 1.344469 -10.451422
v -3.298271 1.375463 -10.451422
v -3.233679 1.417663 -10.451422
v -3.176913 1.469919 -10.451422
v -3.129523 1.530807 -10.451422
v -3.092800 1.598663 -10.451422
v -3.067748 1.671639 -10.451422
v -3.055048 1.747743 -10.451422
v -3.055048 1.824899 -10.451422
v -3.067748 1.901003 -10.451422
v -3.092800 1.973979 -10.451422
v -3.129523 2.041836 -10.451422
v -3.176913 2.102723 -10.451422
v -3.233679 2.154979 -10.451422
v -3.298271 2.197180 -10.451422
v -3.368929 2.228173 -10.451422
v -3.443724 2.247114 -10.451422
v -3.520617 2.016027 -10.451422
v -3.558424 2.012894 -10.451422
v -3.595201 2.003581 -10.451422
v -3.629944 1.988342 -10.451422
v -3.661704 1.967592 -10.451422
v -3.689616 1.941897 -10.451422
v -3.712918 1.911959 -10.451422
v -3.730975 1.878593 -10.451422
v -3.743293 1.842711 -10.451422
v -3.749537 1.805291 -10.451422
v -3.749537 1.767353 -10.451422
v -3.743293 1.729932 -10.451422
v -3.730975 1.694050 -10.451422
v -3.712919 1.660685 -10.451422
v -3.689617 1.630746 -10.451422
v -3.661705 1.605052 -10.451422
v -3.629945 1.584301 -10.451422
v -3.595202 1.569062 -10.451422
v -3.558425 1.559749 -10.451422
v -3.520617 1.556616 -10.451422
v -3.482808 1.559749 -10.451422
v -3.446031 1.569062 -10.451422
v -3.411289 1.584301 -10.451422
v -3.379529 1.605052 -10.451422
v -3.351617 1.630746 -10.451422
v -3.328315 1.660684 -10.451422
v -3.310258 1.694050 -10.451422
v -3.297940 1.729932 -10.451422
v -3.291696 1.767352 -10.451422
v -3.291696 1.805290 -10.451422
v -3.297940 1.842711 -10.451422
v -3.310258 1.878593 -10.451422
v -3.328315 1.911958 -10.451422
v -3.351617 1.941897 -10.451422
v -3.379529 1.967591 -10.451422
v -3.411289 1.988341 -10.451422
v -3.446031 2.003581 -10.451422
v -3.482808 2.012894 -10.451422
v 1.562296 2.204121 -10.434182
v 1.629108 2.174815 -10.434182
v 1.690185 2.134912 -10.434182
v 1.743860 2.085500 -10.434182
v 1.788671 2.027927 -10.434182
v 1.823394 1.963764 -10.434182
v 1.847083 1.894761 -10.434182
v 1.859091 1.822799 -10.434182
v 1.859091 1.749843 -10.434182
v 1.847083 1.677882 -10.434182
v 1.823394 1.608878 -10.434182
v 1.788671 1.544715 -10.434182
v 1.743860 1.487142 -10.434182
v 1.690185 1.437730 -10.434182
v 1.629108 1.397827 -10.434182
v 1.562296 1.368521 -10.434182
v 1.491572 1.350611 -10.434182
v 1.418865 1.344587 -10.434182
v 1.346158 1.350611 -10.434182
v 1.275434 1.368521 -10.434182
v 1.208622 1.397827 -10.434182
v 1.147546 1.437731 -10.434182
v 1.093870 1.487143 -10.434182
v 1.049060 1.544716 -10.434182
v 1.014337 1.608879 -10.434182
v 0.990648 1.677883 -10.434182
v 0.978640 1.749844 -10.434182
v 0.978640 1.822800 -10.434182
v 0.990648 1.894762 -10.434182
v 1.014337 1.963765 -10.434182
v 1.049061 2.027928 -10.434182
v 1.093872 2.085501 -10.434182
v 1.147548 2.134912 -10.434182
v 1.208624 2.174816 -10.434182
v 1.275436 2.204122 -10.434182
v 1.316113 2.402096 -10.432940
v 1.316113 2.402096 -11.065079
v 1.216161 2.376785 -10.432940
v 1.216161 2.376785 -11.065079
v 1.121738 2.335368 -10.432940
v 1.121738 2.335368 -11.065079
v 1.035420 2.278974 -10.432940
v 1.035420 2.278974 -11.065079
v 0.959562 2.209142 -10.432940
v 0.959562 2.209142 -11.065079
v 0.896233 2.127776 -10.432940
v 0.896233 2.127776 -11.065079
v 0.847159 2.037097 -10.432940
v 0.847159 2.037097 -11.065079
v 0.813680 1.939576 -10.432940
v 0.813680 1.939576 -11.065079
v 0.796709 1.837876 -10.432940
v 0.796709 1.837876 -11.065079
v 0.796709 1.734769 -10.432940
v 0.796709 1.734769 -11.065079
v 0.813679 1.633068 -10.432940
v 0.813679 1.633068 -11.065079
v 0.847157 1.535548 -10.432940
v 0.847157 1.535548 -11.065079
v 0.896231 1.444868 -10.432940
v 0.896231 1.444868 -11.065079
v 0.959560 1.363502 -10.432940
v 0.959560 1.363502 -11.065079
v 1.035419 1.293670 -10.432940
v 1.035419 1.293670 -11.065079
v 1.121736 1.237275 -10.432940
v 1.121736 1.237276 -11.065079
v 1.216158 1.195858 -10.432940
v 1.216158 1.195858 -11.065079
v 1.316110 1.170547 -10.432940
v 1.316110 1.170547 -11.065079
v 1.418865 1.162032 -10.432940
v 1.418865 1.162032 -11.065079
v 1.521620 1.170546 -10.432940
v 1.521620 1.170547 -11.065079
v 1.621572 1.195858 -10.432940
v 1.621572 1.195858 -11.065079
v 1.715994 1.237275 -10.432940
v 1.715994 1.237275 -11.065079
v 1.802311 1.293669 -10.432940
v 1.802311 1.293669 -11.065079
v 1.878170 1.363501 -10.432940
v 1.878170 1.363502 -11.065079
v 1.941499 1.444867 -10.432940
v 1.941499 1.444867 -11.065079
v 1.990573 1.535547 -10.432940
v 1.990573 1.535547 -11.065079
v 2.024052 1.633067 -10.432940
v 2.024052 1.633067 -11.065079
v 2.041022 1.734768 -10.432940
v 2.041022 1.734768 -11.065079
v 2.041022 1.837875 -10.432940
v 2.041022 1.837875 -11.065079
v 2.024052 1.939575 -10.432940
v 2.024052 1.939575 -11.065079
v 1.990573 2.037095 -10.432940
v 1.990573 2.037095 -11.065079
v 1.941499 2.127775 -10.432940
v 1.941499 2.127775 -11.065079
v 1.878170 2.209141 -10.432940
v 1.878170 2.209141 -11.065079
v 1.802312 2.278973 -10.432940
v 1.802312 2.278973 -11.065079
v 1.715994 2.335367 -10.432940
v 1.715994 2.335367 -11.065079
v 1.621572 2.376785 -10.432940
v 1.621572 2.376785 -11.065079
v 1.521620 2.402096 -10.432940
v 1.521620 2.402096 -11.065079
v 1.418865 2.410610 -10.432940
v 1.418865 2.410610 -11.065079
v 1.346159 2.222031 -10.434182
v 1.418866 2.228056 -10.434182
v 1.448256 1.693819 -10.740005
v 1.491573 2.222031 -10.434182
v 1.440013 1.913051 -10.482435
v 1.460584 1.907842 -10.482435
v 1.480016 1.899318 -10.482435
v 1.497781 1.887712 -10.482435
v 1.513393 1.873340 -10.482435
v 1.526426 1.856594 -10.482435
v 1.536526 1.837932 -10.482435
v 1.543416 1.817862 -10.482435
v 1.546909 1.796931 -10.482435
v 1.546909 1.775712 -10.482435
v 1.543416 1.754781 -10.482435
v 1.536526 1.734711 -10.482435
v 1.526426 1.716049 -10.482435
v 1.513393 1.699303 -10.482435
v 1.497781 1.684931 -10.482435
v 1.480016 1.673325 -10.482435
v 1.460584 1.664801 -10.482435
v 1.440013 1.659592 -10.482435
v 1.418866 1.657840 -10.482435
v 1.397718 1.659592 -10.482435
v 1.377148 1.664801 -10.482435
v 1.357715 1.673325 -10.482435
v 1.339951 1.684932 -10.482435
v 1.324339 1.699303 -10.482435
v 1.311305 1.716049 -10.482435
v 1.301206 1.734711 -10.482435
v 1.294316 1.754781 -10.482435
v 1.290823 1.775712 -10.482435
v 1.290823 1.796932 -10.482435
v 1.294316 1.817862 -10.482435
v 1.301206 1.837932 -10.482435
v 1.311306 1.856595 -10.482435
v 1.324339 1.873340 -10.482435
v 1.339951 1.887712 -10.482435
v 1.357716 1.899318 -10.482435
v 1.377148 1.907842 -10.482435
v 1.397719 1.913051 -10.482435
v 1.418866 1.914803 -10.482435
v 1.418866 2.228056 -10.477356
v 1.346159 2.222031 -10.477356
v 1.275436 2.204122 -10.477356
v 1.208624 2.174816 -10.477356
v 1.147548 2.134912 -10.477356
v 1.093872 2.085501 -10.477356
v 1.049061 2.027928 -10.477356
v 1.014337 1.963765 -10.477356
v 0.990648 1.894762 -10.477356
v 0.978640 1.822800 -10.477356
v 0.978640 1.749844 -10.477356
v 0.990648 1.677883 -10.477356
v 1.014337 1.608879 -10.477356
v 1.049060 1.544716 -10.477356
v 1.093870 1.487143 -10.477356
v 1.147546 1.437731 -10.477356
v 1.208622 1.397827 -10.477356
v 1.275434 1.368521 -10.477356
v 1.346158 1.350611 -10.477356
v 1.418865 1.344587 -10.477356
v 1.491572 1.350611 -10.477356
v 1.562296 1.368521 -10.477356
v 1.629108 1.397827 -10.477356
v 1.690185 1.437730 -10.477356
v 1.743860 1.487142 -10.477356
v 1.788671 1.544715 -10.477356
v 1.823394 1.608878 -10.477356
v 1.847083 1.677882 -10.477356
v 1.859091 1.749843 -10.477356
v 1.859091 1.822799 -10.477356
v 1.847083 1.894761 -10.477356
v 1.823394 1.963764 -10.477356
v 1.788671 2.027927 -10.477356
v 1.743860 2.085500 -10.477356
v 1.690185 2.134912 -10.477356
v 1.629108 2.174815 -10.477356
v 1.562296 2.204121 -10.477356
v 1.491573 2.222031 -10.477356
v 1.418866 2.016027 -10.451422
v 1.381058 2.012894 -10.451422
v 1.344281 2.003581 -10.451422
v 1.309538 1.988342 -10.451422
v 1.277778 1.967592 -10.451422
v 1.249866 1.941897 -10.451422
v 1.226564 1.911959 -10.451422
v 1.208508 1.878593 -10.451422
v 1.196189 1.842711 -10.451422
v 1.189945 1.805291 -10.451422
v 1.189945 1.767353 -10.451422
v 1.196189 1.729932 -10.451422
v 1.208508 1.694050 -10.451422
v 1.226563 1.660685 -10.451422
v 1.249866 1.630746 -10.451422
v 1.277777 1.605052 -10.451422
v 1.309538 1.584301 -10.451422
v 1.344280 1.569062 -10.451422
v 1.381057 1.559749 -10.451422
v 1.418866 1.556616 -10.451422
v 1.456674 1.559749 -10.451422
v 1.493451 1.569062 -10.451422
v 1.528193 1.584301 -10.451422
v 1.559954 1.605052 -10.451422
v 1.587865 1.630746 -10.451422
v 1.611167 1.660684 -10.451422
v 1.629224 1.694050 -10.451422
v 1.641542 1.729932 -10.451422
v 1.647787 1.767352 -10.451422
v 1.647787 1.805290 -10.451422
v 1.641542 1.842711 -10.451422
v 1.629224 1.878593 -10.451422
v 1.611167 1.911958 -10.451422
v 1.587865 1.941897 -10.451422
v 1.559954 1.967591 -10.451422
v 1.528193 1.988341 -10.451422
v 1.493451 2.003581 -10.451422
v 1.456674 2.012894 -10.451422
v 1.418866 2.253485 -10.451422
v 1.341974 2.247114 -10.451422
v 1.267179 2.228173 -10.451422
v 1.196521 2.197180 -10.451422
v 1.131928 2.154980 -10.451422
v 1.075163 2.102724 -10.451422
v 1.027772 2.041837 -10.451422
v 0.991050 1.973980 -10.451422
v 0.965997 1.901004 -10.451422
v 0.953297 1.824900 -10.451422
v 0.953297 1.747744 -10.451422
v 0.965997 1.671640 -10.451422
v 0.991049 1.598664 -10.451422
v 1.027771 1.530807 -10.451422
v 1.075161 1.469920 -10.451422
v 1.131927 1.417663 -10.451422
v 1.196520 1.375463 -10.451422
v 1.267177 1.344469 -10.451422
v 1.341972 1.325529 -10.451422
v 1.418865 1.319157 -10.451422
v 1.495758 1.325529 -10.451422
v 1.570553 1.344469 -10.451422
v 1.641211 1.375463 -10.451422
v 1.705803 1.417663 -10.451422
v 1.762569 1.469919 -10.451422
v 1.809959 1.530807 -10.451422
v 1.846682 1.598663 -10.451422
v 1.871735 1.671639 -10.451422
v 1.884434 1.747743 -10.451422
v 1.884434 1.824899 -10.451422
v 1.871735 1.901003 -10.451422
v 1.846682 1.973979 -10.451422
v 1.809959 2.041836 -10.451422
v 1.762569 2.102723 -10.451422
v 1.705804 2.154979 -10.451422
v 1.641211 2.197180 -10.451422
v 1.570553 2.228173 -10.451422
v 1.495758 2.247114 -10.451422
v 1.418866 2.016027 -10.451422
v 1.381058 2.012894 -10.451422
v 1.344281 2.003581 -10.451422
v 1.309538 1.988342 -10.451422
v 1.277778 1.967592 -10.451422
v 1.249866 1.941897 -10.451422
v 1.226564 1.911959 -10.451422
v 1.208508 1.878593 -10.451422
v 1.196189 1.842711 -10.451422
v 1.189945 1.805291 -10.451422
v 1.189945 1.767353 -10.451422
v 1.196189 1.729932 -10.451422
v 1.208508 1.694050 -10.451422
v 1.226563 1.660685 -10.451422
v 1.249866 1.630746 -10.451422
v 1.277777 1.605052 -10.451422
v 1.309538 1.584301 -10.451422
v 1.344280 1.569062 -10.451422
v 1.381057 1.559749 -10.451422
v 1.418866 1.556616 -10.451422
v 1.456674 1.559749 -10.451422
v 1.493451 1.569062 -10.451422
v 1.528193 1.584301 -10.451422
v 1.559954 1.605052 -10.451422
v 1.587865 1.630746 -10.451422
v 1.611167 1.660684 -10.451422
v 1.629224 1.694050 -10.451422
v 1.641542 1.729932 -10.451422
v 1.647787 1.767352 -10.451422
v 1.647787 1.805290 -10.451422
v 1.641542 1.842711 -10.451422
v 1.629224 1.878593 -10.451422
v 1.611167 1.911958 -10.451422
v 1.587865 1.941897 -10.451422
v 1.559954 1.967591 -10.451422
v 1.528193 1.988341 -10.451422
v 1.493451 2.003581 -10.451422
v 1.456674 2.012894 -10.451422
v 0.466026 2.748386 -10.520190
v 2.562415 2.878361 -10.627607
v 1.278598 2.732453 -10.398905
v 1.038969 2.732453 -10.398905
v 2.511609 2.732967 -10.456822
v 2.237112 2.732453 -10.439978
v 1.997483 2.732453 -10.426048
v 1.757854 2.732453 -10.398905
v 1.518225 2.732453 -10.398905
v 0.479787 2.850853 -10.398905
v 2.489266 2.874860 -10.490864
v 2.219629 2.855414 -10.439978
v 2.511739 2.355554 -10.456822
v 2.694822 2.358745 -10.456822
v 2.664948 2.733482 -10.485663
v 1.198783 2.849363 -10.398905
v 0.959155 2.849363 -10.398905
v 2.157298 2.849363 -10.439978
v 1.917669 2.849363 -10.426048
v 1.678041 2.849363 -10.398905
v 1.438412 2.849363 -10.398905
v 0.563747 3.519075 -10.931673
v 0.570619 3.395264 -10.810433
v 0.694934 2.853939 -10.398905
v 0.447796 3.392229 -10.810433
v 0.439617 3.550252 -10.931673
v 0.440925 3.485997 -10.810433
v 2.517918 1.755692 -10.454951
v 2.738840 1.810480 -10.454951
v 2.508937 2.017275 -10.398905
v 2.692020 2.020465 -10.398905
v 2.446123 1.739307 -12.224097
v 2.667045 1.794095 -12.224097
v 2.667045 1.794095 -10.767367
v 2.446123 1.739307 -10.767367
v 0.439617 3.550252 -11.120056
v 0.563747 3.519075 -11.120056
v 0.477387 2.749166 -10.398905
v 2.573776 2.879142 -10.535163
v 2.477209 2.925075 -10.645033
v 2.207572 2.905629 -10.561263
v 1.186726 2.899578 -10.520190
v 0.947098 2.899578 -10.520190
v 2.145241 2.899578 -10.561263
v 1.905612 2.899578 -10.547334
v 1.665983 2.899578 -10.520190
v 1.426354 2.899578 -10.520190
v 0.682877 2.904154 -10.520190
v 0.827994 2.909661 -10.520190
v 0.467730 2.901068 -10.520190
v 0.682877 2.904154 -12.225236
v 0.827994 2.909661 -12.225236
v 0.467730 2.901068 -12.225236
v 1.426354 2.899578 -10.768506
v 0.827994 2.909661 -10.768506
v 0.947098 2.899578 -10.768506
v 2.207572 2.905629 -10.768506
v 2.477209 2.925075 -10.768506
v 1.186726 2.899578 -10.768506
v 2.145241 2.899578 -10.768506
v 1.905612 2.899578 -10.768506
v 1.665983 2.899578 -10.768506
v 0.564541 3.522234 -12.221932
v 0.561210 3.516373 -12.225194
v 0.440411 3.553411 -12.221932
v 0.438558 3.547377 -12.225190
v 0.564541 3.522234 -11.865485
v 0.563234 3.517681 -11.858940
v 0.561384 3.523027 -11.862345
v 0.440411 3.553411 -11.870082
v 0.443568 3.552618 -11.866708
v 0.440387 3.550059 -11.863537
v 0.573460 3.571115 -12.225190
v 0.576619 3.570322 -12.221932
v 0.574254 3.574274 -12.221932
v 0.455647 3.600706 -12.225190
v 0.456441 3.603865 -12.221932
v 0.452489 3.601500 -12.221932
v 0.452489 3.601500 -11.870082
v 0.456441 3.603865 -11.869967
v 0.455646 3.600707 -11.866708
v 0.576619 3.570322 -11.865485
v 0.573462 3.571115 -11.862345
v 0.574254 3.574274 -11.865604
v -5.266774 2.222395 -10.489311
v -4.747095 2.232274 -10.457464
v -5.298339 2.015453 -10.457464
v -4.781763 1.938667 -10.457464
v -4.297349 1.909669 -10.457464
v -4.234190 2.145329 -10.457464
v -5.266774 2.222395 -12.223093
v -5.298339 2.015453 -12.223093
v -5.266774 2.222395 -10.793572
v -5.298339 2.015453 -10.766363
v -4.036288 2.173332 -10.456923
v -3.887165 2.334493 -10.456923
v -3.572084 2.420520 -10.456923
v -3.064540 2.252470 -10.454121
v -3.259821 2.387961 -10.456923
v -3.009329 2.194984 -10.458481
v -2.886887 1.802145 -10.467413
v -4.101278 2.094761 -10.456923
v -4.164593 1.779607 -10.456923
v -4.159737 1.608018 -10.456923
v -2.890357 1.541555 -10.455850
v -2.927884 2.015307 -10.463209
v -2.879662 2.031960 -10.520190
v -5.053658 2.485103 -10.618314
v -5.177304 2.226710 -10.552037
v -5.053658 2.485103 -12.225236
v -5.177304 2.272486 -12.225236
v -5.177304 2.272486 -10.795715
v -5.053658 2.485103 -10.852339
v 0.958126 2.241039 -10.458927
v 0.925769 2.197940 -10.458927
v 0.786356 1.823376 -10.460822
v 1.922524 2.246216 -10.498003
v 1.129788 2.373158 -10.465553
v 1.382033 2.417664 -10.465553
v 1.559078 2.411525 -10.465553
v 1.766815 2.348602 -10.486999
v 0.790178 1.768825 -10.461229
v 2.076370 1.776743 -10.489721
v 2.058683 2.007956 -10.487749
v 0.833353 2.026095 -10.462413
v 0.731378 2.045035 -10.516573
v -2.264394 2.381586 -10.520190
v -2.358756 2.734557 -10.520190
v 0.120932 2.381586 -10.520190
v 0.339283 2.734557 -10.520190
v -2.027003 1.739663 -10.520190
v -0.316430 1.805650 -10.520190
v -0.361763 1.739663 -10.520190
v -0.361621 1.744521 -10.520190
v -2.303409 2.372278 -10.520190
v -2.400477 2.751097 -10.520190
v 0.150312 2.388005 -10.520190
v 0.374924 2.751097 -10.520190
v -0.299590 1.795554 -10.520190
v -2.059212 1.727676 -10.520190
v -0.346223 1.727676 -10.520190
v -0.346077 1.732673 -10.520190
v -2.264394 2.381586 -10.520190
v -2.358756 2.734557 -10.520190
v 0.120932 2.381586 -10.520190
v 0.339283 2.734557 -10.520190
v -0.316430 1.805650 -10.520190
v -2.027003 1.739663 -10.520190
v -0.361763 1.739663 -10.520190
v -0.361621 1.744521 -10.520190
v -2.303409 2.372278 -10.513346
v -2.400477 2.751097 -10.513346
v 0.150312 2.388005 -10.513346
v 0.374924 2.751097 -10.513346
v -0.299590 1.795554 -10.513346
v -2.059212 1.727676 -10.513346
v -0.346223 1.727676 -10.513346
v -0.346077 1.732673 -10.513346
v -2.264394 2.381586 -10.513346
v -2.358756 2.734557 -10.513346
v 0.120932 2.381586 -10.513346
v 0.339283 2.734557 -10.513346
v -0.316430 1.805650 -10.513346
v -2.027003 1.739663 -10.513346
v -0.361763 1.739663 -10.513346
v -0.361621 1.744521 -10.513346
v -2.418901 2.373761 -10.520190
v -2.303409 2.372278 -10.516456
v -2.122068 2.659006 -10.209576
v -2.183580 2.670985 -10.418110
v -2.121361 2.880295 -10.207177
v -2.213485 2.892242 -10.519491
v -2.236447 2.880295 -10.173229
v -2.237154 2.659006 -10.175628
v -2.298666 2.670985 -10.384163
v -2.328571 2.892242 -10.485544
v -2.121715 2.769651 -10.208376
v -2.198533 2.781614 -10.468801
v -2.259476 2.769651 -10.167740
v -2.336294 2.781614 -10.428165
v -2.269800 2.771208 -10.561029
v -2.274700 2.807467 -10.577644
v -2.314952 2.771208 -10.547710
v -2.312421 2.807467 -10.566518
v -2.302619 2.734948 -10.533289
v -2.264899 2.734948 -10.544415
v -2.125535 2.770246 -10.221330
v -2.125854 2.670609 -10.222410
v -2.181247 2.681396 -10.410199
v -2.194711 2.781019 -10.455847
v -2.208176 2.880641 -10.501494
v -2.125217 2.869883 -10.220250
v -2.150847 2.770246 -10.213863
v -2.151165 2.670609 -10.214943
v -2.206558 2.681396 -10.402733
v -2.220023 2.781019 -10.448380
v -2.233488 2.880641 -10.494028
v -2.150529 2.869883 -10.212784
v -3.172056 2.369440 -10.519341
v 1.058753 2.373045 -10.519341
v -3.171812 2.368946 -10.522168
v 1.058753 2.372502 -10.522169
v -3.171085 2.367476 -10.524920
v 1.058753 2.370886 -10.524920
v -3.169895 2.365072 -10.527518
v 1.058753 2.368243 -10.527518
v -3.168276 2.361799 -10.529894
v 1.058753 2.364644 -10.529894
v -3.166271 2.357745 -10.531982
v 1.058753 2.360187 -10.531982
v -3.163934 2.353022 -10.533725
v 1.058753 2.354993 -10.533725
v -3.161330 2.347758 -10.535076
v 1.058753 2.349206 -10.535076
v -3.158530 2.342097 -10.535997
v 1.058753 2.342982 -10.535997
v -3.155609 2.336194 -10.536465
v 1.058753 2.336490 -10.536465
v -3.152648 2.330208 -10.536465
v 1.058753 2.329910 -10.536465
v -3.149728 2.324305 -10.535997
v 1.058753 2.323419 -10.535997
v -3.146927 2.318644 -10.535076
v 1.058753 2.317194 -10.535076
v -3.144323 2.313380 -10.533725
v 1.058753 2.311407 -10.533725
v -3.141986 2.308657 -10.531982
v 1.058753 2.306214 -10.531982
v -3.139981 2.304603 -10.529894
v 1.058753 2.301757 -10.529894
v -3.138361 2.301329 -10.527518
v 1.058753 2.298157 -10.527518
v -3.137172 2.298925 -10.524920
v 1.058753 2.295514 -10.524920
v -3.136445 2.297456 -10.522168
v 1.058753 2.293898 -10.522169
v -3.136201 2.296962 -10.519341
v 1.058753 2.293355 -10.519341
v -3.136445 2.297456 -10.516512
v 1.058753 2.293898 -10.516512
v -3.137172 2.298925 -10.513762
v 1.058753 2.295514 -10.513762
v -3.138361 2.301329 -10.511163
v 1.058753 2.298157 -10.511163
v -3.139981 2.304603 -10.508787
v 1.058753 2.301757 -10.508787
v -3.141986 2.308657 -10.506699
v 1.058753 2.306214 -10.506699
v -3.144323 2.313380 -10.504955
v 1.058753 2.311407 -10.504956
v -3.146927 2.318644 -10.503605
v 1.058753 2.317194 -10.503605
v -3.149728 2.324305 -10.502684
v 1.058753 2.323419 -10.502684
v -3.152648 2.330208 -10.502216
v 1.058753 2.329910 -10.502216
v -3.155609 2.336194 -10.502216
v 1.058753 2.336491 -10.502216
v -3.158530 2.342097 -10.502684
v 1.058753 2.342982 -10.502684
v -3.161330 2.347758 -10.503605
v 1.058753 2.349206 -10.503605
v -3.163934 2.353022 -10.504956
v 1.058753 2.354993 -10.504956
v -3.166271 2.357745 -10.506699
v 1.058753 2.360187 -10.506699
v -3.168276 2.361799 -10.508787
v 1.058753 2.364644 -10.508787
v -3.169895 2.365072 -10.511163
v 1.058753 2.368243 -10.511163
v -3.171085 2.367476 -10.513762
v 1.058753 2.370886 -10.513762
v -3.171812 2.368946 -10.516512
v 1.058753 2.372502 -10.516513
v -4.789587 2.567576 -10.548853
v -4.636553 2.306329 -10.520141
v -4.789587 2.567576 -12.225236
v -4.637831 2.308274 -12.225236
v -4.789587 2.567576 -10.792994
v -4.789587 2.567576 -12.225236
v -4.830443 2.560250 -12.225236
v -4.830443 2.560250 -10.792130
v -4.789587 2.567576 -10.792994
v -4.789587 2.567576 -12.225236
v -4.830443 2.560250 -12.225236
v -4.830443 2.560250 -10.792130
v -4.789587 2.567576 -10.792994
v -4.789587 2.567576 -10.832365
v -4.316545 2.652399 -10.830523
v -4.789587 2.567576 -10.832365
v -3.099266 2.783059 -10.825785
v -3.292394 2.768095 -10.826536
v -2.697045 2.819324 -10.824219
v -3.529510 2.749723 -10.827459
v -3.887421 2.710688 -10.828853
v -4.789587 2.567576 -10.832365
v 1.246532 2.904873 -10.580253
v 1.300642 2.904873 -10.919541
v 0.609149 2.904873 -10.681903
v 0.663260 2.904873 -11.021192
v 0.666003 2.949038 -10.725895
v 1.203692 2.949038 -10.644639
v 1.239900 2.949038 -10.871675
v 0.703609 2.949038 -10.961698
v 0.927841 2.904873 -10.631078
v 0.981951 2.904873 -10.970366
v 0.887491 2.949038 -10.690572
v 0.925097 2.949038 -10.926374
v 0.933450 2.904873 -10.630183
v 0.994193 2.949038 -10.678050
v 0.987560 2.904873 -10.969472
v 1.030400 2.949038 -10.905087
v 0.814400 2.947687 -10.897267
v 0.814400 3.091631 -10.897267
v 0.828102 2.947687 -10.893902
v 0.828102 3.091631 -10.893902
v 0.840884 2.947687 -10.887928
v 0.840884 3.091631 -10.887928
v 0.852255 2.947687 -10.879576
v 0.852255 3.091631 -10.879576
v 0.861778 2.947687 -10.869165
v 0.861778 3.091631 -10.869165
v 0.869087 2.947687 -10.857098
v 0.869087 3.091631 -10.857098
v 0.873902 2.947687 -10.843836
v 0.873902 3.091631 -10.843836
v 0.876036 2.947687 -10.829888
v 0.876036 3.091631 -10.829888
v 0.875409 2.947687 -10.815794
v 0.875409 3.091631 -10.815794
v 0.872044 2.947687 -10.802092
v 0.872044 3.091631 -10.802092
v 0.866070 2.947687 -10.789310
v 0.866070 3.091631 -10.789310
v 0.857718 2.947687 -10.777939
v 0.857718 3.091631 -10.777939
v 0.847308 2.947687 -10.768415
v 0.847308 3.091631 -10.768415
v 0.835239 2.947687 -10.761106
v 0.835239 3.091631 -10.761106
v 0.821977 2.947687 -10.756292
v 0.821977 3.091631 -10.756292
v 0.808031 2.947687 -10.754158
v 0.808031 3.091631 -10.754158
v 0.793935 2.947687 -10.754786
v 0.793935 3.091631 -10.754786
v 0.780234 2.947687 -10.758150
v 0.780234 3.091631 -10.758150
v 0.767452 2.947687 -10.764124
v 0.767452 3.091631 -10.764124
v 0.756081 2.947687 -10.772476
v 0.756081 3.091631 -10.772476
v 0.746558 2.947687 -10.782887
v 0.746558 3.091631 -10.782887
v 0.739248 2.947687 -10.794954
v 0.739248 3.091631 -10.794954
v 0.734434 2.947687 -10.808217
v 0.734434 3.091631 -10.808217
v 0.732300 2.947687 -10.822164
v 0.732300 3.091631 -10.822164
v 0.732927 2.947687 -10.836259
v 0.732927 3.091631 -10.836259
v 0.736292 2.947687 -10.849960
v 0.736292 3.091631 -10.849960
v 0.742266 2.947687 -10.862742
v 0.742266 3.091631 -10.862742
v 0.750618 2.947687 -10.874113
v 0.750618 3.091631 -10.874113
v 0.761028 2.947687 -10.883636
v 0.761028 3.091631 -10.883636
v 0.773097 2.947687 -10.890945
v 0.773097 3.091631 -10.890945
v 0.786359 2.947687 -10.895760
v 0.786359 3.091631 -10.895760
v 0.800305 2.947687 -10.897894
v 0.800305 3.091631 -10.897894
v 0.824974 3.206826 -10.885032
v 0.813063 3.206826 -10.887957
v 0.836086 3.206826 -10.879839
v 0.845971 3.206826 -10.872578
v 0.854249 3.206826 -10.863528
v 0.860603 3.206826 -10.853037
v 0.864789 3.206826 -10.841508
v 0.866644 3.206826 -10.829384
v 0.866098 3.206826 -10.817131
v 0.863173 3.206826 -10.805220
v 0.857980 3.206826 -10.794108
v 0.850719 3.206826 -10.784224
v 0.841670 3.206826 -10.775945
v 0.831179 3.206826 -10.769591
v 0.819650 3.206826 -10.765406
v 0.807526 3.206826 -10.763551
v 0.795273 3.206826 -10.764095
v 0.783361 3.206826 -10.767021
v 0.772250 3.206826 -10.772214
v 0.762365 3.206826 -10.779475
v 0.754086 3.206826 -10.788525
v 0.747733 3.206826 -10.799016
v 0.743547 3.206826 -10.810545
v 0.741692 3.206826 -10.822668
v 0.742238 3.206826 -10.834922
v 0.745163 3.206826 -10.846832
v 0.750356 3.206826 -10.857944
v 0.757617 3.206826 -10.867829
v 0.766666 3.206826 -10.876108
v 0.777157 3.206826 -10.882462
v 0.788686 3.206826 -10.886646
v 0.800810 3.206826 -10.888502
v 0.864789 3.107908 -10.841508
v 0.866644 3.107908 -10.829384
v 0.807526 3.107908 -10.763551
v 0.795273 3.107908 -10.764095
v 0.742238 3.107908 -10.834922
v 0.745163 3.107908 -10.846832
v 0.836086 3.107908 -10.879839
v 0.845971 3.107908 -10.872578
v 0.850719 3.107908 -10.784224
v 0.841670 3.107908 -10.775945
v 0.754086 3.107908 -10.788525
v 0.747733 3.107908 -10.799016
v 0.777157 3.107908 -10.882462
v 0.788686 3.107908 -10.886646
v 0.866098 3.107908 -10.817131
v 0.783361 3.107908 -10.767021
v 0.750356 3.107908 -10.857944
v 0.854249 3.107908 -10.863528
v 0.831179 3.107908 -10.769591
v 0.743547 3.107908 -10.810545
v 0.800810 3.107908 -10.888502
v 0.863173 3.107908 -10.805220
v 0.772250 3.107908 -10.772214
v 0.757617 3.107908 -10.867829
v 0.860603 3.107908 -10.853037
v 0.819650 3.107908 -10.765406
v 0.741692 3.107908 -10.822668
v 0.813063 3.107908 -10.887957
v 0.824974 3.107908 -10.885032
v 0.857980 3.107908 -10.794108
v 0.762365 3.107908 -10.779475
v 0.766666 3.107908 -10.876108
v 0.823802 3.092425 -10.881708
v 0.812562 3.092425 -10.884468
v 0.834288 3.092425 -10.876807
v 0.843616 3.092425 -10.869955
v 0.851428 3.092425 -10.861416
v 0.857424 3.092425 -10.851516
v 0.861373 3.092425 -10.840636
v 0.863124 3.092425 -10.829195
v 0.862610 3.092425 -10.817633
v 0.859849 3.092425 -10.806392
v 0.854949 3.092425 -10.795906
v 0.848097 3.092425 -10.786578
v 0.839557 3.092425 -10.778766
v 0.829657 3.092425 -10.772770
v 0.818778 3.092425 -10.768821
v 0.807337 3.092425 -10.767070
v 0.795774 3.092425 -10.767584
v 0.784534 3.092425 -10.770345
v 0.774048 3.092425 -10.775246
v 0.764720 3.092425 -10.782097
v 0.756908 3.092425 -10.790637
v 0.750912 3.092425 -10.800537
v 0.746963 3.092425 -10.811417
v 0.745212 3.092425 -10.822858
v 0.745726 3.092425 -10.834420
v 0.748487 3.092425 -10.845660
v 0.753387 3.092425 -10.856146
v 0.760239 3.092425 -10.865475
v 0.768779 3.092425 -10.873286
v 0.778679 3.092425 -10.879282
v 0.789558 3.092425 -10.883232
v 0.800999 3.092425 -10.884983
v 0.863124 3.099678 -10.829195
v 0.795774 3.099678 -10.767584
v 0.748487 3.099678 -10.845660
v 0.843616 3.099678 -10.869955
v 0.839557 3.099678 -10.778766
v 0.750912 3.099678 -10.800537
v 0.789558 3.099678 -10.883232
v 0.862610 3.099678 -10.817633
v 0.784534 3.099678 -10.770345
v 0.753387 3.099678 -10.856146
v 0.851428 3.099678 -10.861416
v 0.829657 3.099678 -10.772770
v 0.746963 3.099678 -10.811417
v 0.800999 3.099678 -10.884983
v 0.859849 3.099678 -10.806392
v 0.774048 3.099678 -10.775246
v 0.760239 3.099678 -10.865475
v 0.857424 3.099678 -10.851516
v 0.818778 3.099678 -10.768821
v 0.745212 3.099678 -10.822858
v 0.823802 3.099678 -10.881708
v 0.854949 3.099678 -10.795906
v 0.764720 3.099678 -10.782097
v 0.768779 3.099678 -10.873286
v 0.861373 3.099678 -10.840636
v 0.807337 3.099678 -10.767070
v 0.745726 3.099678 -10.834420
v 0.834288 3.099678 -10.876807
v 0.848097 3.099678 -10.786578
v 0.756908 3.099678 -10.790637
v 0.778679 3.099678 -10.879282
v 0.812562 3.099678 -10.884468
v 1.125134 2.947687 -10.852636
v 1.125134 3.091631 -10.852636
v 1.138835 2.947687 -10.849271
v 1.138835 3.091631 -10.849271
v 1.151618 2.947687 -10.843297
v 1.151618 3.091631 -10.843297
v 1.162989 2.947687 -10.834945
v 1.162989 3.091631 -10.834945
v 1.172512 2.947687 -10.824534
v 1.172512 3.091631 -10.824534
v 1.179821 2.947687 -10.812467
v 1.179821 3.091631 -10.812467
v 1.184635 2.947687 -10.799204
v 1.184635 3.091631 -10.799204
v 1.186769 2.947687 -10.785257
v 1.186769 3.091631 -10.785257
v 1.186142 2.947687 -10.771162
v 1.186142 3.091631 -10.771162
v 1.182777 2.947687 -10.757461
v 1.182777 3.091631 -10.757461
v 1.176804 2.947687 -10.744678
v 1.176804 3.091631 -10.744678
v 1.168451 2.947687 -10.733308
v 1.168451 3.091631 -10.733308
v 1.158041 2.947687 -10.723784
v 1.158041 3.091631 -10.723784
v 1.145973 2.947687 -10.716475
v 1.145973 3.091631 -10.716475
v 1.132710 2.947687 -10.711661
v 1.132710 3.091631 -10.711661
v 1.118764 2.947687 -10.709527
v 1.118764 3.091631 -10.709527
v 1.104669 2.947687 -10.710154
v 1.104669 3.091631 -10.710154
v 1.090967 2.947687 -10.713519
v 1.090967 3.091631 -10.713519
v 1.078185 2.947687 -10.719493
v 1.078185 3.091631 -10.719493
v 1.066814 2.947687 -10.727845
v 1.066814 3.091631 -10.727845
v 1.057291 2.947687 -10.738256
v 1.057291 3.091631 -10.738256
v 1.049982 2.947687 -10.750323
v 1.049982 3.091631 -10.750323
v 1.045167 2.947687 -10.763586
v 1.045167 3.091631 -10.763586
v 1.043033 2.947687 -10.777533
v 1.043033 3.091631 -10.777533
v 1.043661 2.947687 -10.791628
v 1.043661 3.091631 -10.791628
v 1.047026 2.947687 -10.805329
v 1.047026 3.091631 -10.805329
v 1.052999 2.947687 -10.818111
v 1.052999 3.091631 -10.818111
v 1.061352 2.947687 -10.829482
v 1.061352 3.091631 -10.829482
v 1.071762 2.947687 -10.839005
v 1.071762 3.091631 -10.839005
v 1.083830 2.947687 -10.846314
v 1.083830 3.091631 -10.846314
v 1.097092 2.947687 -10.851129
v 1.097092 3.091631 -10.851129
v 1.111039 2.947687 -10.853263
v 1.111039 3.091631 -10.853263
v 1.135708 3.206826 -10.840401
v 1.123796 3.206826 -10.843326
v 1.146819 3.206826 -10.835207
v 1.156704 3.206826 -10.827947
v 1.164983 3.206826 -10.818897
v 1.171337 3.206826 -10.808406
v 1.175522 3.206826 -10.796877
v 1.177377 3.206826 -10.784753
v 1.176832 3.206826 -10.772500
v 1.173906 3.206826 -10.760589
v 1.168714 3.206826 -10.749477
v 1.161453 3.206826 -10.739593
v 1.152403 3.206826 -10.731314
v 1.141912 3.206826 -10.724960
v 1.130383 3.206826 -10.720775
v 1.118259 3.206826 -10.718920
v 1.106006 3.206826 -10.719464
v 1.094095 3.206826 -10.722390
v 1.082983 3.206826 -10.727583
v 1.073099 3.206826 -10.734844
v 1.064820 3.206826 -10.743894
v 1.058466 3.206826 -10.754385
v 1.054281 3.206826 -10.765913
v 1.052425 3.206826 -10.778037
v 1.052971 3.206826 -10.790291
v 1.055896 3.206826 -10.802201
v 1.061089 3.206826 -10.813313
v 1.068350 3.206826 -10.823198
v 1.077400 3.206826 -10.831476
v 1.087891 3.206826 -10.837831
v 1.099420 3.206826 -10.842015
v 1.111544 3.206826 -10.843871
v 1.175522 3.107908 -10.796877
v 1.177377 3.107908 -10.784753
v 1.118259 3.107908 -10.718920
v 1.106006 3.107908 -10.719464
v 1.052971 3.107908 -10.790291
v 1.055896 3.107908 -10.802201
v 1.146819 3.107908 -10.835207
v 1.156704 3.107908 -10.827947
v 1.161453 3.107908 -10.739593
v 1.152403 3.107908 -10.731314
v 1.064820 3.107908 -10.743894
v 1.058466 3.107908 -10.754385
v 1.087891 3.107908 -10.837831
v 1.099420 3.107908 -10.842015
v 1.176832 3.107908 -10.772500
v 1.094095 3.107908 -10.722390
v 1.061089 3.107908 -10.813313
v 1.164983 3.107908 -10.818897
v 1.141912 3.107908 -10.724960
v 1.054281 3.107908 -10.765913
v 1.111544 3.107908 -10.843871
v 1.173906 3.107908 -10.760589
v 1.082983 3.107908 -10.727583
v 1.068350 3.107908 -10.823198
v 1.171337 3.107908 -10.808406
v 1.130383 3.107908 -10.720775
v 1.052425 3.107908 -10.778037
v 1.123796 3.107908 -10.843326
v 1.135708 3.107908 -10.840401
v 1.168714 3.107908 -10.749477
v 1.073099 3.107908 -10.734844
v 1.077400 3.107908 -10.831476
v 1.134536 3.092425 -10.837076
v 1.123295 3.092425 -10.839837
v 1.145021 3.092425 -10.832176
v 1.154349 3.092425 -10.825324
v 1.162162 3.092425 -10.816784
v 1.168158 3.092425 -10.806885
v 1.172107 3.092425 -10.796005
v 1.173858 3.092425 -10.784564
v 1.173343 3.092425 -10.773001
v 1.170583 3.092425 -10.761761
v 1.165682 3.092425 -10.751275
v 1.158831 3.092425 -10.741947
v 1.150290 3.092425 -10.734135
v 1.140390 3.092425 -10.728139
v 1.129511 3.092425 -10.724190
v 1.118070 3.092425 -10.722439
v 1.106507 3.092425 -10.722953
v 1.095267 3.092425 -10.725714
v 1.084782 3.092425 -10.730614
v 1.075453 3.092425 -10.737466
v 1.067641 3.092425 -10.746006
v 1.061645 3.092425 -10.755906
v 1.057696 3.092425 -10.766786
v 1.055945 3.092425 -10.778227
v 1.056459 3.092425 -10.789789
v 1.059220 3.092425 -10.801029
v 1.064120 3.092425 -10.811515
v 1.070972 3.092425 -10.820843
v 1.079512 3.092425 -10.828655
v 1.089412 3.092425 -10.834651
v 1.100292 3.092425 -10.838600
v 1.111733 3.092425 -10.840352
v 1.173858 3.099678 -10.784564
v 1.106507 3.099678 -10.722953
v 1.059220 3.099678 -10.801029
v 1.154349 3.099678 -10.825324
v 1.150290 3.099678 -10.734135
v 1.061645 3.099678 -10.755906
v 1.100292 3.099678 -10.838600
v 1.173343 3.099678 -10.773001
v 1.095267 3.099678 -10.725714
v 1.064120 3.099678 -10.811515
v 1.162162 3.099678 -10.816784
v 1.140390 3.099678 -10.728139
v 1.057696 3.099678 -10.766786
v 1.111733 3.099678 -10.840352
v 1.170583 3.099678 -10.761761
v 1.084782 3.099678 -10.730614
v 1.070972 3.099678 -10.820843
v 1.168158 3.099678 -10.806885
v 1.129511 3.099678 -10.724190
v 1.055945 3.099678 -10.778227
v 1.134536 3.099678 -10.837076
v 1.165682 3.099678 -10.751275
v 1.075453 3.099678 -10.737466
v 1.079512 3.099678 -10.828655
v 1.172107 3.099678 -10.796005
v 1.118070 3.099678 -10.722439
v 1.056459 3.099678 -10.789789
v 1.145021 3.099678 -10.832176
v 1.158831 3.099678 -10.741947
v 1.067641 3.099678 -10.746006
v 1.089412 3.099678 -10.834651
v 1.123295 3.099678 -10.839837
v 1.244526 2.904873 -10.580572
v 1.298636 2.904873 -10.919862
v 1.301380 2.949038 -10.624565
v 1.338986 2.949038 -10.860367
v 1.563218 2.904873 -10.529747
v 1.617328 2.904873 -10.869037
v 1.522868 2.949038 -10.589242
v 1.560473 2.949038 -10.825045
v 1.449777 2.947687 -10.795937
v 1.449777 3.091631 -10.795937
v 1.463479 2.947687 -10.792572
v 1.463479 3.091631 -10.792572
v 1.476261 2.947687 -10.786598
v 1.476261 3.091631 -10.786598
v 1.487632 2.947687 -10.778246
v 1.487632 3.091631 -10.778246
v 1.497155 2.947687 -10.767836
v 1.497155 3.091631 -10.767836
v 1.504464 2.947687 -10.755767
v 1.504464 3.091631 -10.755767
v 1.509278 2.947687 -10.742505
v 1.509278 3.091631 -10.742505
v 1.511413 2.947687 -10.728559
v 1.511413 3.091631 -10.728559
v 1.510786 2.947687 -10.714463
v 1.510786 3.091631 -10.714463
v 1.507421 2.947687 -10.700762
v 1.507421 3.091631 -10.700762
v 1.501447 2.947687 -10.687980
v 1.501447 3.091631 -10.687980
v 1.493094 2.947687 -10.676609
v 1.493094 3.091631 -10.676609
v 1.482684 2.947687 -10.667086
v 1.482684 3.091631 -10.667086
v 1.470616 2.947687 -10.659777
v 1.470616 3.091631 -10.659777
v 1.457354 2.947687 -10.654963
v 1.457354 3.091631 -10.654963
v 1.443407 2.947687 -10.652827
v 1.443407 3.091631 -10.652827
v 1.429312 2.947687 -10.653455
v 1.429312 3.091631 -10.653455
v 1.415610 2.947687 -10.656820
v 1.415610 3.091631 -10.656820
v 1.402828 2.947687 -10.662794
v 1.402828 3.091631 -10.662794
v 1.391457 2.947687 -10.671146
v 1.391457 3.091631 -10.671146
v 1.381934 2.947687 -10.681557
v 1.381934 3.091631 -10.681557
v 1.374625 2.947687 -10.693624
v 1.374625 3.091631 -10.693624
v 1.369811 2.947687 -10.706886
v 1.369811 3.091631 -10.706886
v 1.367676 2.947687 -10.720833
v 1.367676 3.091631 -10.720833
v 1.368304 2.947687 -10.734928
v 1.368304 3.091631 -10.734928
v 1.371669 2.947687 -10.748631
v 1.371669 3.091631 -10.748631
v 1.377642 2.947687 -10.761412
v 1.377642 3.091631 -10.761412
v 1.385995 2.947687 -10.772783
v 1.385995 3.091631 -10.772783
v 1.396405 2.947687 -10.782307
v 1.396405 3.091631 -10.782307
v 1.408473 2.947687 -10.789616
v 1.408473 3.091631 -10.789616
v 1.421735 2.947687 -10.794430
v 1.421735 3.091631 -10.794430
v 1.435682 2.947687 -10.796564
v 1.435682 3.091631 -10.796564
v 1.460351 3.206826 -10.783701
v 1.448440 3.206826 -10.786627
v 1.471462 3.206826 -10.778508
v 1.481347 3.206826 -10.771248
v 1.489626 3.206826 -10.762197
v 1.495980 3.206826 -10.751707
v 1.500165 3.206826 -10.740178
v 1.502020 3.206826 -10.728054
v 1.501475 3.206826 -10.715801
v 1.498550 3.206826 -10.703890
v 1.493357 3.206826 -10.692779
v 1.486096 3.206826 -10.682894
v 1.477046 3.206826 -10.674615
v 1.466555 3.206826 -10.668261
v 1.455026 3.206826 -10.664076
v 1.442903 3.206826 -10.662220
v 1.430649 3.206826 -10.662766
v 1.418738 3.206826 -10.665691
v 1.407627 3.206826 -10.670884
v 1.397742 3.206826 -10.678144
v 1.389463 3.206826 -10.687195
v 1.383110 3.206826 -10.697685
v 1.378924 3.206826 -10.709214
v 1.377069 3.206826 -10.721338
v 1.377614 3.206826 -10.733591
v 1.380539 3.206826 -10.745502
v 1.385732 3.206826 -10.756614
v 1.392993 3.206826 -10.766499
v 1.402043 3.206826 -10.774777
v 1.412534 3.206826 -10.781132
v 1.424063 3.206826 -10.785316
v 1.436187 3.206826 -10.787172
v 1.500165 3.107908 -10.740178
v 1.502020 3.107908 -10.728054
v 1.442903 3.107908 -10.662220
v 1.430649 3.107908 -10.662766
v 1.377614 3.107908 -10.733591
v 1.380539 3.107908 -10.745502
v 1.471462 3.107908 -10.778508
v 1.481347 3.107908 -10.771248
v 1.486096 3.107908 -10.682894
v 1.477046 3.107908 -10.674615
v 1.389463 3.107908 -10.687195
v 1.383110 3.107908 -10.697685
v 1.412534 3.107908 -10.781132
v 1.424063 3.107908 -10.785316
v 1.501475 3.107908 -10.715801
v 1.418738 3.107908 -10.665691
v 1.385732 3.107908 -10.756614
v 1.489626 3.107908 -10.762197
v 1.466555 3.107908 -10.668261
v 1.378924 3.107908 -10.709214
v 1.436187 3.107908 -10.787172
v 1.498550 3.107908 -10.703890
v 1.407627 3.107908 -10.670884
v 1.392993 3.107908 -10.766499
v 1.495980 3.107908 -10.751707
v 1.455026 3.107908 -10.664076
v 1.377069 3.107908 -10.721338
v 1.448440 3.107908 -10.786627
v 1.460351 3.107908 -10.783701
v 1.493357 3.107908 -10.692779
v 1.397742 3.107908 -10.678144
v 1.402043 3.107908 -10.774777
v 1.459179 3.092425 -10.780377
v 1.447939 3.092425 -10.783138
v 1.469665 3.092425 -10.775477
v 1.478992 3.092425 -10.768625
v 1.486805 3.092425 -10.760085
v 1.492801 3.092425 -10.750185
v 1.496750 3.092425 -10.739305
v 1.498501 3.092425 -10.727864
v 1.497987 3.092425 -10.716302
v 1.495226 3.092425 -10.705062
v 1.490325 3.092425 -10.694576
v 1.483474 3.092425 -10.685247
v 1.474934 3.092425 -10.677436
v 1.465034 3.092425 -10.671440
v 1.454154 3.092425 -10.667490
v 1.442713 3.092425 -10.665739
v 1.431150 3.092425 -10.666254
v 1.419910 3.092425 -10.669015
v 1.409425 3.092425 -10.673915
v 1.400096 3.092425 -10.680767
v 1.392284 3.092425 -10.689307
v 1.386289 3.092425 -10.699207
v 1.382339 3.092425 -10.710087
v 1.380588 3.092425 -10.721527
v 1.381103 3.092425 -10.733090
v 1.383863 3.092425 -10.744330
v 1.388763 3.092425 -10.754816
v 1.395616 3.092425 -10.764144
v 1.404156 3.092425 -10.771956
v 1.414055 3.092425 -10.777952
v 1.424935 3.092425 -10.781901
v 1.436376 3.092425 -10.783652
v 1.498501 3.099678 -10.727864
v 1.431150 3.099678 -10.666254
v 1.383863 3.099678 -10.744330
v 1.478992 3.099678 -10.768625
v 1.474934 3.099678 -10.677436
v 1.386289 3.099678 -10.699207
v 1.424935 3.099678 -10.781901
v 1.497987 3.099678 -10.716302
v 1.419910 3.099678 -10.669015
v 1.388763 3.099678 -10.754816
v 1.486805 3.099678 -10.760085
v 1.465034 3.099678 -10.671440
v 1.382339 3.099678 -10.710087
v 1.436376 3.099678 -10.783652
v 1.495226 3.099678 -10.705062
v 1.409425 3.099678 -10.673915
v 1.395616 3.099678 -10.764144
v 1.492801 3.099678 -10.750185
v 1.454154 3.099678 -10.667490
v 1.380588 3.099678 -10.721527
v 1.459179 3.099678 -10.780377
v 1.490325 3.099678 -10.694576
v 1.400096 3.099678 -10.680767
v 1.404156 3.099678 -10.771956
v 1.496750 3.099678 -10.739305
v 1.442713 3.099678 -10.665739
v 1.381103 3.099678 -10.733090
v 1.469665 3.099678 -10.775477
v 1.483474 3.099678 -10.685247
v 1.392284 3.099678 -10.689307
v 1.414055 3.099678 -10.777952
v 1.447939 3.099678 -10.783138
v 3.139570 2.417696 -11.796482
v 3.139570 2.417696 -12.223173
v 3.080773 2.714328 -11.796482
v 3.080773 2.714328 -12.223173
v 3.088964 2.715952 -11.796482
v 3.147761 2.419319 -11.796482
v 3.147761 2.419319 -12.223173
v 3.088964 2.715952 -12.223173
v -5.215943 2.255641 -13.908222
v -4.683775 2.313346 -13.924867
v -5.104544 2.497349 -13.835895
v -4.830443 2.560251 -13.897217
v -4.089798 2.225084 -13.925494
v -4.316545 2.652399 -13.884482
v -3.895562 2.385870 -13.925466
v -3.887421 2.710688 -13.895720
v -3.580481 2.471897 -13.925466
v -3.529510 2.749723 -13.895720
v -3.068972 2.327237 -13.930413
v -3.099266 2.783059 -13.895720
v -2.702723 2.374586 -13.924867
v -2.697045 2.819325 -13.895720
v -2.562653 2.373672 -13.924867
v -2.590812 2.855957 -13.924867
v -2.418901 2.373761 -13.924867
v -2.442451 2.773534 -13.924867
v -2.303409 2.372278 -13.928601
v -2.400477 2.751097 -13.924867
v -3.292394 2.768095 -13.895720
v -3.268218 2.439337 -13.925466
v 0.150312 2.388005 -13.924867
v 0.374924 2.751097 -13.924867
v -2.059212 1.727676 -13.924867
v -0.299590 1.795554 -13.924867
v -3.006667 2.285987 -13.926213
v -2.816926 1.798105 -13.935844
v -4.718443 1.832574 -13.924867
v -5.235020 1.958309 -13.924867
v -4.154788 2.146513 -13.925494
v -4.214348 1.784049 -13.924947
v -4.707274 1.712185 -13.924867
v -4.229173 1.613502 -13.924867
v -4.997980 1.878836 -13.924867
v -4.998988 1.790298 -13.924867
v -5.084798 1.696260 -13.924867
v -5.092667 1.782803 -13.924867
v -2.082522 1.495692 -13.924867
v -2.826571 1.516286 -13.928090
v 0.655941 1.739962 -13.930581
v 0.639935 1.501520 -13.924867
v -0.346223 1.727676 -13.924867
v -0.369533 1.495692 -13.924867
v 0.894869 2.326825 -13.925124
v 1.027608 2.731672 -13.924867
v 0.853915 2.272272 -13.925124
v 0.678093 1.828710 -13.932961
v 2.072436 2.321431 -13.883307
v 2.225751 2.731672 -13.883794
v 3.159692 2.371656 -13.693816
v 3.100627 2.763671 -13.684415
v 1.986122 2.731672 -13.897723
v 1.746493 2.731672 -13.924867
v 1.506865 2.731672 -13.924867
v 1.267237 2.731672 -13.924867
v 1.108786 2.482167 -13.925935
v 1.428058 2.538500 -13.925935
v 1.655935 2.516906 -13.926642
v 1.890128 2.437317 -13.897078
v 0.193543 2.853394 -13.924867
v -0.024954 2.388005 -13.934976
v -0.466734 1.790706 -13.924867
v 0.386255 3.380795 -13.527414
v 0.177895 3.381920 -13.527414
v 0.216633 3.118219 -13.766324
v 0.380589 3.065946 -13.784618
v 0.438795 3.381221 -13.527414
v 0.443221 3.053745 -13.784618
v 0.394641 2.841899 -13.924867
v 0.468426 2.850072 -13.924867
v 2.208268 2.854633 -13.883794
v 2.653587 2.732701 -13.866949
v 2.683461 2.357965 -13.866949
v 2.493739 2.988080 -13.780165
v 2.496408 3.084331 -13.650065
v 0.947794 2.848583 -13.924867
v 2.145937 2.848583 -13.883794
v 1.906309 2.848583 -13.897723
v 1.666680 2.848583 -13.924867
v 1.427051 2.848583 -13.924867
v 1.187423 2.848583 -13.924867
v 0.698304 3.361299 -13.513338
v 0.694338 3.444278 -13.383239
v 2.500248 2.732187 -13.866949
v 2.477906 2.874079 -13.832908
v 2.500378 2.354774 -13.866949
v 0.559258 3.394483 -13.513338
v 0.552387 3.488251 -13.513338
v 0.828691 2.858665 -13.924867
v 0.683574 2.853158 -13.924867
v -1.222341 3.362778 -13.513338
v -1.208934 3.425361 -13.513338
v 0.428257 3.519429 -13.513338
v -1.018398 3.484711 -13.513338
v -0.272492 3.534196 -13.513338
v -0.359284 3.532051 -13.513338
v 0.180288 3.385118 -13.513338
v 0.173417 3.478887 -13.513338
v 0.084490 3.511963 -13.513338
v -0.291156 3.533735 -13.513338
v 0.436435 3.391448 -13.513338
v 0.429564 3.485216 -13.513338
v 0.288701 3.517009 -13.513338
v -0.278541 3.534046 -13.513338
v -1.028396 3.449190 -13.513338
v -0.873646 3.488287 -13.513338
v -0.350343 3.532272 -13.513338
v -0.977456 3.361782 -13.513338
v -2.420222 2.802525 -13.924867
v -2.238656 2.807012 -13.924867
v -2.209488 2.758629 -13.920515
v -0.346077 1.732673 -13.924867
v 0.655335 1.746032 -13.930581
v -2.135653 2.388005 -13.934359
v -1.941963 1.732316 -13.920515
v -0.380046 3.381537 -13.513338
v -0.427490 3.464038 -13.513338
v -0.394578 3.500125 -13.513338
v -0.320749 3.533003 -13.513338
v 2.269051 1.765441 -13.924867
v 3.074051 2.020108 -13.748636
v 2.725135 1.866454 -13.919127
v 2.504213 1.811667 -13.919127
v 2.497576 2.016494 -13.924867
v 2.198667 2.038944 -13.920359
v 2.680659 2.019685 -13.924867
v 3.139871 2.219126 -13.734102
v -5.108378 2.510275 -12.219821
v -5.219076 2.251882 -12.219821
v -4.683775 2.313346 -12.219821
v -4.830443 2.560250 -12.219821
v -4.105880 2.249547 -12.219821
v -4.316545 2.652399 -12.219821
v -3.898422 2.410708 -12.219821
v -3.887421 2.710688 -12.219821
v -3.583341 2.496735 -12.219821
v -3.529510 2.749723 -12.219821
v -3.055039 2.357961 -12.219821
v -3.099266 2.783059 -12.219821
v -3.292394 2.768095 -12.219821
v -3.271079 2.464176 -12.219821
v -2.702723 2.390313 -12.219821
v -2.697045 2.819324 -12.219821
v -2.562653 2.389399 -12.219821
v -2.590812 2.855957 -12.219821
v -2.418901 2.389488 -12.219821
v -2.442451 2.773534 -12.219821
v -2.303409 2.388005 -12.219821
v -2.400477 2.751097 -12.219821
v 0.150312 2.388005 -12.219821
v 0.374924 2.751097 -12.219821
v -2.209488 2.758629 -12.219821
v -0.024954 2.388005 -12.219821
v -0.466734 1.790706 -12.219821
v -0.344236 1.795554 -12.219821
v -2.059212 1.727676 -12.219821
v -2.999207 2.290610 -12.219821
v -2.774542 1.804520 -12.219821
v -5.235020 1.958309 -12.219821
v -4.718443 1.832574 -12.219821
v -4.234029 1.785090 -12.219821
v -4.170870 2.170976 -12.219821
v -4.707274 1.712185 -12.219821
v -4.229173 1.613502 -12.219821
v -4.997980 1.878836 -12.219821
v -4.998988 1.790298 -12.219821
v -5.092667 1.782803 -12.219821
v -5.084798 1.696260 -12.219821
v -2.797852 1.496825 -12.219821
v -2.082522 1.495692 -12.219821
v 0.639935 1.501520 -12.219821
v 0.589915 1.745482 -12.219821
v -0.346223 1.727676 -12.219821
v -0.369533 1.495692 -12.219821
v -0.346077 1.732673 -12.219821
v 0.810605 2.377159 -12.219821
v 1.027608 2.731672 -12.219821
v 0.581695 1.827929 -12.219821
v 0.769650 2.322607 -12.219821
v 0.589310 1.751552 -12.219821
v 2.090525 2.358291 -12.219821
v 2.225751 2.731672 -12.219821
v 1.267237 2.731672 -12.219821
v 1.893440 2.487883 -12.219821
v 3.152277 2.371655 -12.219821
v 3.070468 2.768790 -12.215824
v 2.379089 2.732187 -12.219821
v 2.445168 2.357964 -12.219821
v 1.986122 2.731672 -12.219821
v 1.746493 2.731672 -12.219821
v 1.506865 2.731672 -12.219821
v 1.087142 2.518963 -12.219821
v 1.406414 2.575296 -12.219821
v 1.630502 2.567526 -12.219821
v 0.193543 2.853394 -12.219821
v -2.135653 2.388005 -12.219821
v -1.941963 1.732316 -12.219821
v 0.386255 3.380795 -12.219821
v 0.177895 3.381919 -12.219821
v 0.216633 3.118219 -12.219821
v 0.380589 3.065946 -12.219821
v 0.443221 3.053745 -12.219821
v 0.438795 3.381221 -12.219821
v 0.394641 2.841899 -12.219821
v 0.468426 2.850072 -12.219821
v 2.477906 2.874079 -12.219821
v 2.208268 2.854633 -12.219821
v 3.037732 2.886882 -12.219665
v 2.532427 2.732701 -12.219821
v 2.262085 2.354774 -12.219821
v 2.493739 2.988080 -12.219821
v 2.496408 3.084330 -12.219821
v 1.187423 2.848583 -12.219821
v 0.947794 2.848583 -12.219821
v 2.145937 2.848583 -12.219821
v 1.906309 2.848583 -12.219821
v 1.666680 2.848583 -12.219821
v 1.427051 2.848583 -12.219821
v 0.694338 3.444278 -12.219821
v 0.698304 3.361299 -12.219821
v 0.552387 3.488251 -12.219821
v 0.559258 3.394483 -12.219821
v 0.683574 2.853158 -12.219821
v 0.828691 2.858665 -12.219821
v -1.208934 3.425361 -12.219821
v -1.222341 3.362778 -12.219821
v 0.436435 3.391448 -12.219821
v -1.028396 3.449190 -12.219821
v -0.873646 3.488287 -12.219821
v -1.018398 3.484710 -12.219821
v 0.428257 3.519429 -12.219821
v -0.350343 3.532272 -12.219821
v -0.359284 3.532051 -12.219821
v -0.272492 3.534196 -12.219821
v -0.380046 3.381537 -12.219821
v 0.180288 3.385118 -12.219821
v 0.429564 3.485216 -12.219821
v 0.173417 3.478887 -12.219821
v 0.288701 3.517009 -12.219821
v 0.084490 3.511963 -12.219821
v -0.278541 3.534046 -12.219821
v -0.291156 3.533734 -12.219821
v -0.427490 3.464038 -12.219821
v -0.394578 3.500125 -12.219821
v -0.320749 3.533003 -12.219821
v -0.977456 3.361782 -12.219821
v -2.420222 2.802525 -12.219821
v -2.238656 2.807012 -12.219821
v 2.655684 1.843026 -12.219821
v 3.160956 2.020108 -12.219821
v 2.434762 1.788238 -12.219821
v 2.269051 1.765440 -12.219821
v 2.376417 2.016494 -12.219821
v 2.257829 2.055785 -12.219821
v 2.559500 2.019685 -12.219821
v 3.210963 2.219125 -12.219821
v -4.234029 1.785091 -13.676551
v -4.229173 1.613502 -13.339858
v 1.187423 2.848583 -13.676551
v 1.427051 2.848583 -13.676551
v 0.828691 2.858665 -13.676551
v 0.947794 2.848583 -13.676551
v -4.998988 1.790298 -13.676550
v -4.997980 1.878836 -13.676551
v -1.222341 3.362778 -13.324955
v -1.208934 3.425361 -13.324955
v -2.442451 2.773534 -13.676551
v -2.400477 2.751097 -13.676551
v -5.219076 2.251883 -13.649342
v -5.105611 2.499688 -13.628390
v 3.132480 2.020108 -13.564388
v 2.655684 1.843026 -13.676551
v 2.090525 2.358291 -13.676551
v 1.893440 2.487883 -13.676551
v -0.350343 3.532272 -13.324955
v -0.320749 3.533003 -13.324955
v 2.434762 1.788238 -13.676551
v 3.010860 2.768790 -13.614636
v 3.152277 2.371656 -13.548534
v -3.292394 2.768095 -13.651649
v -3.099266 2.783059 -13.651649
v 2.269051 1.765441 -13.348941
v -5.235020 1.958309 -13.676551
v -3.271079 2.464176 -13.676551
v -3.583341 2.496735 -13.676551
v -4.830443 2.560251 -13.652927
v -5.084798 1.696260 -13.676550
v -5.092667 1.782803 -13.676550
v -1.018398 3.484711 -13.324955
v 2.257829 2.055785 -13.676551
v -4.707274 1.712185 -13.676550
v 0.428257 3.519429 -13.324955
v 0.552387 3.488251 -13.324955
v -4.316545 2.652399 -13.642048
v -0.359284 3.532051 -13.324955
v 2.145937 2.848583 -13.676551
v 2.208268 2.854633 -13.676551
v 3.210963 2.219126 -13.548534
v -2.082522 1.495692 -13.676551
v -2.797852 1.496825 -13.339859
v -2.420222 2.802525 -13.676551
v -0.272492 3.534196 -13.324955
v -3.887421 2.710688 -13.651649
v 1.087142 2.518963 -13.676551
v 0.810605 2.377160 -13.676551
v -2.774542 1.804520 -13.676551
v 0.694338 3.444278 -13.324955
v -3.898422 2.410708 -13.676551
v -4.105880 2.249547 -13.676551
v 2.477906 2.874079 -13.676551
v 1.406414 2.575296 -13.676551
v 0.589915 1.745482 -13.676551
v 0.639935 1.501520 -13.348941
v 1.630502 2.567526 -13.676551
v 0.589310 1.751552 -13.676551
v -2.999207 2.290610 -13.676551
v -3.529510 2.749723 -13.651649
v 3.037732 2.886882 -13.587748
v -0.369533 1.495692 -13.676551
v -0.291156 3.533735 -13.324955
v -0.278541 3.534046 -13.324955
v -3.055039 2.357961 -13.676551
v 0.698304 3.361299 -13.324955
v 2.496408 3.084331 -13.618633
v -2.697045 2.819324 -13.651649
v -4.170870 2.170976 -13.676551
v 0.769650 2.322607 -13.676551
v 0.581695 1.827930 -13.676551
v -2.590812 2.855957 -13.676551
v 1.906309 2.848583 -13.676551
v 1.666680 2.848583 -13.676551
v 2.863731 2.365259 -13.863329
v 2.882987 2.733878 -13.824968
v 2.855596 2.918707 -13.717258
v 2.840073 2.984399 -13.656474
v 2.924885 1.937372 -13.868339
v 2.906589 2.125944 -13.888192
v 2.863731 2.365259 -12.219821
v 2.882987 2.733878 -12.219821
v 2.855596 2.918706 -12.219821
v 2.840073 2.984399 -12.219821
v 2.924885 1.937372 -12.219821
v 2.906589 2.125943 -12.219821
v 2.840073 2.984399 -13.556499
v 2.924885 1.937372 -13.676551
v 3.168999 2.356793 -13.719235
v 3.105875 2.775750 -13.709188
v 2.852698 2.349956 -13.900398
v 3.147816 2.193780 -13.762291
v 2.898501 2.094194 -13.926970
v 3.223794 2.193780 -12.143941
v 3.244976 2.356793 -12.143941
v 3.244976 2.356793 -13.563970
v 3.223794 2.193780 -13.563970
v 3.038657 2.907428 -13.605878
v 3.038657 2.907428 -12.143773
v 2.873277 2.743909 -13.859402
v 2.827414 3.011647 -13.679327
v 2.827414 3.011647 -13.572481
v 2.827414 3.011647 -12.143941
v 2.844004 2.941440 -13.744289
v 3.117897 2.788828 -12.215824
v 3.037732 2.906920 -12.219665
v 3.096511 2.803775 -13.611813
v 3.037732 2.906920 -13.587748
v 3.100627 2.783709 -13.684415
v 3.271363 2.528570 -13.286280
v 3.271363 2.528570 -12.682276
v 3.271363 3.356775 -13.286280
v 3.271363 3.356775 -12.682275
v 2.463758 2.544154 -13.290118
v 2.463758 3.186272 -13.290118
v 2.463758 2.544154 -12.677352
v 2.463758 3.186272 -12.677352
v 3.037772 2.544154 -13.290118
v 3.037772 3.186272 -13.290118
v 3.037772 2.544153 -12.677352
v 3.037772 3.186272 -12.677352
v 3.518895 2.506678 -13.290118
v 3.518895 3.543051 -13.290118
v 3.518895 2.506678 -12.677352
v 3.518895 3.543051 -12.677352
v 2.463758 3.097896 -13.290118
v 2.463758 3.097896 -12.677352
v 3.037772 3.097896 -12.677352
v 3.037772 3.097896 -13.290118
v 3.518895 3.318164 -13.290118
v 3.518895 3.318163 -12.677352
v 2.463758 2.897817 -12.677352
v 3.037772 2.897817 -12.677352
v 3.037772 2.897817 -13.290118
v 3.518895 3.017853 -13.290118
v 3.518895 3.017853 -12.677352
v 2.463758 2.897817 -13.290118
v 2.463758 2.797377 -12.677352
v 3.037772 2.797377 -12.677352
v 3.037772 2.797377 -13.290118
v 3.518895 2.762266 -13.290118
v 3.518895 2.762266 -12.677352
v 2.463758 2.797377 -13.290118
v 2.463758 2.544154 -12.983735
v 2.463758 3.186272 -12.983735
v 3.037772 2.544154 -12.983735
v 3.037772 3.186272 -12.983735
v 3.518895 2.506678 -12.983735
v 3.518895 3.543051 -12.983735
v 2.463758 3.097896 -12.983735
v 2.463758 2.897817 -12.983735
v 2.463758 2.797377 -12.983735
v 3.559495 3.300764 -13.305302
v 3.559495 3.300764 -12.662169
v 3.559495 3.000453 -13.314485
v 3.559495 3.000453 -12.652986
v 3.559495 2.744866 -13.310888
v 3.559495 2.744866 -12.656582
v 1.990040 2.846949 -13.290118
v 1.990040 2.846949 -12.677352
v 1.990040 2.846949 -12.983735
v 3.155896 2.370070 -13.702040
v 3.155896 2.370070 -13.169034
v 3.155896 2.370070 -12.902531
v 3.101575 2.640144 -13.702040
v 3.155896 2.370070 -13.435537
v 3.101575 2.640144 -13.169034
v 3.101575 2.640144 -12.902531
v 3.101575 2.640144 -13.435537
v 3.128736 2.505107 -13.702040
v 3.155896 2.370070 -13.302285
v 3.074415 2.775181 -13.169033
v 3.155896 2.370070 -13.035782
v 3.074415 2.775181 -13.702040
v 3.155896 2.370070 -13.568789
v 3.128736 2.505107 -13.169034
v 3.074415 2.775181 -12.902531
v 3.128735 2.505107 -12.902531
v 3.101575 2.640144 -13.035782
v 3.074415 2.775181 -13.435537
v 3.128736 2.505107 -13.435537
v 3.101575 2.640144 -13.568789
v 3.101575 2.640144 -13.302285
v 3.128736 2.505107 -13.302285
v 3.128736 2.505107 -13.568789
v 3.074415 2.775181 -13.568789
v 3.128736 2.505107 -13.035782
v 3.074415 2.775181 -13.035782
v 3.074415 2.775181 -13.302285
v 3.076033 2.767135 -13.694100
v 3.099957 2.648190 -13.694100
v 3.099957 2.648190 -13.576728
v 3.076033 2.767135 -13.576728
v 3.099974 2.648104 -13.443392
v 3.076016 2.767220 -13.443392
v 3.099974 2.648104 -13.560933
v 3.076016 2.767220 -13.560933
v 3.099803 2.648952 -13.310978
v 3.099803 2.648952 -13.426845
v 3.076187 2.766372 -13.426845
v 3.076187 2.766372 -13.310978
v 3.100026 2.647848 -13.176636
v 3.075964 2.767477 -13.176636
v 3.100026 2.647848 -13.294683
v 3.075964 2.767477 -13.294683
v 3.099851 2.648715 -13.044239
v 3.099851 2.648715 -13.160576
v 3.076138 2.766610 -13.160576
v 3.076138 2.766610 -13.044239
v 3.099931 2.648318 -12.910597
v 3.076059 2.767006 -12.910597
v 3.099931 2.648318 -13.027716
v 3.076059 2.767006 -13.027716
v 3.127083 2.513320 -12.910635
v 3.103227 2.631930 -12.910635
v 3.103227 2.631930 -13.027678
v 3.127083 2.513320 -13.027678
v 3.127144 2.513018 -13.161226
v 3.103166 2.632232 -13.161226
v 3.103166 2.632232 -13.043589
v 3.127144 2.513018 -13.043589
v 3.127306 2.512214 -13.176046
v 3.103004 2.633036 -13.176046
v 3.103004 2.633036 -13.295272
v 3.127306 2.512214 -13.295272
v 3.127318 2.512155 -13.428582
v 3.102993 2.633096 -13.428582
v 3.102993 2.633096 -13.309240
v 3.127318 2.512155 -13.309240
v 3.127454 2.511476 -13.441822
v 3.102856 2.633775 -13.441822
v 3.102856 2.633775 -13.562504
v 3.127454 2.511476 -13.562504
v 3.102964 2.633238 -13.575603
v 3.102964 2.633238 -13.695226
v 3.127347 2.512012 -13.695226
v 3.127347 2.512012 -13.575603
v 3.129823 2.499701 -13.696707
v 3.154809 2.375475 -13.696707
v 3.154809 2.375475 -13.574122
v 3.129823 2.499701 -13.574122
v 3.154631 2.376360 -13.562582
v 3.154631 2.376360 -13.441744
v 3.130001 2.498816 -13.441744
v 3.130001 2.498816 -13.562582
v 3.154592 2.376554 -13.429138
v 3.154592 2.376554 -13.308683
v 3.130040 2.498622 -13.429138
v 3.130040 2.498622 -13.308683
v 3.154400 2.377504 -13.294950
v 3.154400 2.377504 -13.176370
v 3.130230 2.497673 -13.176370
v 3.130230 2.497673 -13.294950
v 3.154392 2.377546 -13.161656
v 3.154392 2.377546 -13.043159
v 3.130239 2.497630 -13.161656
v 3.130239 2.497630 -13.043159
v 3.154624 2.376391 -13.029544
v 3.154624 2.376391 -12.908768
v 3.130007 2.498785 -12.908768
v 3.130007 2.498785 -13.029544
v 3.084872 2.768913 -13.694100
v 3.108796 2.649967 -13.694100
v 3.108796 2.649967 -13.576728
v 3.084872 2.768913 -13.576728
v 3.108813 2.649882 -13.443392
v 3.084855 2.768998 -13.443392
v 3.108813 2.649882 -13.560933
v 3.084855 2.768998 -13.560933
v 3.108642 2.650730 -13.310978
v 3.108642 2.650730 -13.426845
v 3.085025 2.768150 -13.426845
v 3.085025 2.768150 -13.310978
v 3.108864 2.649625 -13.176636
v 3.084803 2.769254 -13.176636
v 3.108864 2.649625 -13.294683
v 3.084803 2.769254 -13.294683
v 3.108690 2.650492 -13.044239
v 3.108690 2.650492 -13.160576
v 3.084977 2.768388 -13.160576
v 3.084977 2.768388 -13.044239
v 3.108769 2.650096 -12.910597
v 3.084898 2.768784 -12.910597
v 3.108769 2.650096 -13.027716
v 3.084898 2.768784 -13.027716
v 3.135922 2.515098 -12.910635
v 3.112066 2.633708 -12.910635
v 3.112066 2.633708 -13.027678
v 3.135922 2.515098 -13.027678
v 3.135983 2.514796 -13.161226
v 3.112005 2.634010 -13.161226
v 3.112005 2.634010 -13.043589
v 3.135983 2.514796 -13.043589
v 3.136145 2.513992 -13.176046
v 3.111843 2.634814 -13.176046
v 3.111843 2.634814 -13.295272
v 3.136145 2.513992 -13.295272
v 3.136157 2.513932 -13.428582
v 3.111831 2.634873 -13.428582
v 3.111831 2.634873 -13.309240
v 3.136157 2.513932 -13.309240
v 3.136293 2.513253 -13.441822
v 3.111695 2.635552 -13.441822
v 3.111695 2.635552 -13.562504
v 3.136293 2.513253 -13.562504
v 3.111803 2.635016 -13.575603
v 3.111803 2.635016 -13.695226
v 3.136185 2.513790 -13.695226
v 3.136185 2.513790 -13.575603
v 3.138661 2.501479 -13.696707
v 3.163647 2.377253 -13.696707
v 3.163647 2.377253 -13.574122
v 3.138661 2.501479 -13.574122
v 3.163469 2.378138 -13.562582
v 3.163469 2.378138 -13.441744
v 3.138839 2.500594 -13.441744
v 3.138839 2.500594 -13.562582
v 3.163430 2.378332 -13.429138
v 3.163430 2.378332 -13.308683
v 3.138878 2.500400 -13.429138
v 3.138878 2.500400 -13.308683
v 3.163239 2.379282 -13.294950
v 3.163239 2.379282 -13.176370
v 3.139069 2.499450 -13.176370
v 3.139069 2.499450 -13.294950
v 3.163230 2.379324 -13.161656
v 3.163230 2.379324 -13.043159
v 3.139078 2.499408 -13.161656
v 3.139078 2.499408 -13.043159
v 3.163463 2.378169 -13.029544
v 3.163463 2.378169 -12.908768
v 3.138845 2.500563 -12.908768
v 3.138845 2.500563 -13.029544
v -3.377186 2.204122 -14.010875
v -3.310374 2.174815 -14.010875
v -3.249298 2.134912 -14.010875
v -3.195622 2.085500 -14.010875
v -3.150811 2.027927 -14.010875
v -3.116088 1.963764 -14.010875
v -3.092399 1.894761 -14.010875
v -3.080391 1.822799 -14.010875
v -3.080391 1.749843 -14.010875
v -3.092399 1.677882 -14.010875
v -3.116088 1.608879 -14.010875
v -3.150811 1.544715 -14.010875
v -3.195622 1.487143 -14.010875
v -3.249298 1.437731 -14.010875
v -3.310374 1.397827 -14.010875
v -3.377186 1.368521 -14.010875
v -3.447910 1.350611 -14.010875
v -3.520617 1.344587 -14.010875
v -3.593324 1.350612 -14.010875
v -3.664048 1.368521 -14.010875
v -3.730860 1.397828 -14.010875
v -3.791936 1.437731 -14.010875
v -3.845612 1.487143 -14.010875
v -3.890422 1.544716 -14.010875
v -3.925146 1.608879 -14.010875
v -3.948834 1.677883 -14.010875
v -3.960843 1.749844 -14.010875
v -3.960842 1.822800 -14.010875
v -3.948834 1.894762 -14.010875
v -3.925145 1.963765 -14.010875
v -3.890421 2.027928 -14.010875
v -3.845611 2.085501 -14.010875
v -3.791935 2.134913 -14.010875
v -3.730858 2.174816 -14.010875
v -3.664047 2.204122 -14.010875
v -3.623370 2.402096 -14.012117
v -3.623370 2.402096 -13.379978
v -3.723321 2.376785 -14.012117
v -3.723321 2.376785 -13.379978
v -3.817744 2.335368 -14.012117
v -3.817744 2.335368 -13.379978
v -3.904062 2.278974 -14.012117
v -3.904062 2.278974 -13.379978
v -3.979920 2.209142 -14.012117
v -3.979920 2.209142 -13.379978
v -4.043250 2.127776 -14.012117
v -4.043250 2.127776 -13.379978
v -4.092323 2.037097 -14.012117
v -4.092323 2.037097 -13.379978
v -4.125803 1.939576 -14.012117
v -4.125803 1.939576 -13.379978
v -4.142774 1.837876 -14.012117
v -4.142774 1.837876 -13.379978
v -4.142774 1.734769 -14.012117
v -4.142774 1.734769 -13.379978
v -4.125803 1.633068 -14.012117
v -4.125803 1.633068 -13.379978
v -4.092324 1.535548 -14.012117
v -4.092324 1.535548 -13.379978
v -4.043251 1.444868 -14.012117
v -4.043251 1.444868 -13.379978
v -3.979922 1.363502 -14.012117
v -3.979922 1.363502 -13.379978
v -3.904064 1.293670 -14.012117
v -3.904064 1.293670 -13.379978
v -3.817746 1.237276 -14.012117
v -3.817746 1.237276 -13.379978
v -3.723324 1.195858 -14.012117
v -3.723324 1.195858 -13.379978
v -3.623372 1.170547 -14.012117
v -3.623372 1.170547 -13.379978
v -3.520617 1.162032 -14.012117
v -3.520617 1.162032 -13.379978
v -3.417863 1.170547 -14.012117
v -3.417863 1.170547 -13.379978
v -3.317911 1.195858 -14.012117
v -3.317911 1.195858 -13.379978
v -3.223488 1.237275 -14.012117
v -3.223488 1.237275 -13.379978
v -3.137171 1.293669 -14.012117
v -3.137171 1.293669 -13.379978
v -3.061312 1.363502 -14.012117
v -3.061312 1.363502 -13.379978
v -2.997983 1.444867 -14.012117
v -2.997983 1.444867 -13.379978
v -2.948910 1.535547 -14.012117
v -2.948910 1.535547 -13.379978
v -2.915431 1.633067 -14.012117
v -2.915431 1.633067 -13.379978
v -2.898460 1.734768 -14.012117
v -2.898460 1.734768 -13.379978
v -2.898460 1.837875 -14.012117
v -2.898460 1.837875 -13.379978
v -2.915431 1.939575 -14.012117
v -2.915431 1.939575 -13.379978
v -2.948910 2.037095 -14.012117
v -2.948910 2.037095 -13.379978
v -2.997983 2.127775 -14.012117
v -2.997983 2.127775 -13.379978
v -3.061312 2.209141 -14.012117
v -3.061312 2.209141 -13.379978
v -3.137171 2.278973 -14.012117
v -3.137171 2.278973 -13.379978
v -3.223488 2.335367 -14.012117
v -3.223488 2.335367 -13.379978
v -3.317910 2.376785 -14.012117
v -3.317910 2.376785 -13.379978
v -3.417862 2.402096 -14.012117
v -3.417862 2.402096 -13.379978
v -3.520617 2.410610 -14.012117
v -3.520617 2.410610 -13.379978
v -3.593323 2.222032 -14.010875
v -3.520617 2.228056 -14.010875
v -3.491227 1.693819 -13.705051
v -3.447910 2.222031 -14.010875
v -3.499469 1.913051 -13.962622
v -3.478899 1.907842 -13.962622
v -3.459466 1.899318 -13.962622
v -3.441701 1.887712 -13.962622
v -3.426089 1.873340 -13.962622
v -3.413056 1.856594 -13.962622
v -3.402956 1.837932 -13.962622
v -3.396066 1.817862 -13.962622
v -3.392574 1.796932 -13.962622
v -3.392574 1.775712 -13.962622
v -3.396066 1.754781 -13.962622
v -3.402956 1.734711 -13.962622
v -3.413056 1.716049 -13.962622
v -3.426089 1.699303 -13.962622
v -3.441701 1.684932 -13.962622
v -3.459466 1.673325 -13.962622
v -3.478899 1.664801 -13.962622
v -3.499469 1.659592 -13.962622
v -3.520617 1.657840 -13.962622
v -3.541764 1.659592 -13.962622
v -3.562334 1.664802 -13.962622
v -3.581767 1.673326 -13.962622
v -3.599531 1.684932 -13.962622
v -3.615144 1.699304 -13.962622
v -3.628177 1.716049 -13.962622
v -3.638277 1.734711 -13.962622
v -3.645166 1.754781 -13.962622
v -3.648659 1.775712 -13.962622
v -3.648659 1.796932 -13.962622
v -3.645166 1.817862 -13.962622
v -3.638276 1.837932 -13.962622
v -3.628177 1.856595 -13.962622
v -3.615143 1.873340 -13.962622
v -3.599531 1.887712 -13.962622
v -3.581767 1.899318 -13.962622
v -3.562334 1.907842 -13.962622
v -3.541763 1.913051 -13.962622
v -3.520616 1.914803 -13.962622
v -3.520617 2.228056 -13.967701
v -3.593323 2.222032 -13.967701
v -3.664047 2.204122 -13.967701
v -3.730858 2.174816 -13.967701
v -3.791935 2.134913 -13.967701
v -3.845611 2.085501 -13.967701
v -3.890421 2.027928 -13.967701
v -3.925145 1.963765 -13.967701
v -3.948834 1.894762 -13.967701
v -3.960842 1.822800 -13.967701
v -3.960843 1.749844 -13.967701
v -3.948834 1.677883 -13.967701
v -3.925146 1.608879 -13.967701
v -3.890422 1.544716 -13.967701
v -3.845612 1.487143 -13.967701
v -3.791936 1.437731 -13.967701
v -3.730860 1.397828 -13.967701
v -3.664048 1.368521 -13.967701
v -3.593324 1.350612 -13.967701
v -3.520617 1.344587 -13.967701
v -3.447910 1.350611 -13.967701
v -3.377186 1.368521 -13.967701
v -3.310374 1.397827 -13.967701
v -3.249298 1.437731 -13.967701
v -3.195622 1.487143 -13.967701
v -3.150811 1.544715 -13.967701
v -3.116088 1.608879 -13.967701
v -3.092399 1.677882 -13.967701
v -3.080391 1.749843 -13.967701
v -3.080391 1.822799 -13.967701
v -3.092399 1.894761 -13.967701
v -3.116088 1.963764 -13.967701
v -3.150811 2.027927 -13.967701
v -3.195622 2.085500 -13.967701
v -3.249298 2.134912 -13.967701
v -3.310374 2.174815 -13.967701
v -3.377186 2.204122 -13.967701
v -3.447910 2.222031 -13.967701
v -3.520617 2.016027 -13.993635
v -3.558424 2.012894 -13.993635
v -3.595201 2.003581 -13.993635
v -3.629944 1.988342 -13.993635
v -3.661704 1.967592 -13.993635
v -3.689616 1.941897 -13.993635
v -3.712918 1.911959 -13.993635
v -3.730975 1.878594 -13.993635
v -3.743293 1.842711 -13.993635
v -3.749537 1.805291 -13.993635
v -3.749537 1.767353 -13.993635
v -3.743293 1.729933 -13.993635
v -3.730975 1.694050 -13.993635
v -3.712919 1.660685 -13.993635
v -3.689617 1.630746 -13.993635
v -3.661705 1.605052 -13.993635
v -3.629945 1.584302 -13.993635
v -3.595202 1.569062 -13.993635
v -3.558425 1.559749 -13.993635
v -3.520617 1.556616 -13.993635
v -3.482808 1.559749 -13.993635
v -3.446031 1.569062 -13.993635
v -3.411289 1.584302 -13.993635
v -3.379529 1.605052 -13.993635
v -3.351617 1.630746 -13.993635
v -3.328315 1.660684 -13.993635
v -3.310258 1.694050 -13.993635
v -3.297940 1.729932 -13.993635
v -3.291696 1.767353 -13.993635
v -3.291696 1.805290 -13.993635
v -3.297940 1.842711 -13.993635
v -3.310258 1.878593 -13.993635
v -3.328315 1.911958 -13.993635
v -3.351617 1.941897 -13.993635
v -3.379529 1.967592 -13.993635
v -3.411289 1.988342 -13.993635
v -3.446031 2.003581 -13.993635
v -3.482808 2.012894 -13.993635
v -3.520617 2.253485 -13.993635
v -3.597508 2.247114 -13.993635
v -3.672303 2.228173 -13.993635
v -3.742961 2.197181 -13.993635
v -3.807554 2.154980 -13.993635
v -3.864320 2.102724 -13.993635
v -3.911710 2.041837 -13.993635
v -3.948432 1.973980 -13.993635
v -3.973485 1.901004 -13.993635
v -3.986185 1.824900 -13.993635
v -3.986185 1.747744 -13.993635
v -3.973486 1.671640 -13.993635
v -3.948433 1.598664 -13.993635
v -3.911711 1.530807 -13.993635
v -3.864321 1.469920 -13.993635
v -3.807555 1.417664 -13.993635
v -3.742963 1.375463 -13.993635
v -3.672305 1.344470 -13.993635
v -3.597510 1.325529 -13.993635
v -3.520617 1.319157 -13.993635
v -3.443724 1.325529 -13.993635
v -3.368929 1.344469 -13.993635
v -3.298271 1.375463 -13.993635
v -3.233679 1.417663 -13.993635
v -3.176913 1.469920 -13.993635
v -3.129523 1.530807 -13.993635
v -3.092800 1.598664 -13.993635
v -3.067748 1.671639 -13.993635
v -3.055048 1.747743 -13.993635
v -3.055048 1.824899 -13.993635
v -3.067748 1.901003 -13.993635
v -3.092800 1.973979 -13.993635
v -3.129523 2.041836 -13.993635
v -3.176913 2.102723 -13.993635
v -3.233679 2.154979 -13.993635
v -3.298271 2.197180 -13.993635
v -3.368929 2.228173 -13.993635
v -3.443724 2.247114 -13.993635
v -3.520617 2.016027 -13.993635
v -3.558424 2.012894 -13.993635
v -3.595201 2.003581 -13.993635
v -3.629944 1.988342 -13.993635
v -3.661704 1.967592 -13.993635
v -3.689616 1.941897 -13.993635
v -3.712918 1.911959 -13.993635
v -3.730975 1.878594 -13.993635
v -3.743293 1.842711 -13.993635
v -3.749537 1.805291 -13.993635
v -3.749537 1.767353 -13.993635
v -3.743293 1.729933 -13.993635
v -3.730975 1.694050 -13.993635
v -3.712919 1.660685 -13.993635
v -3.689617 1.630746 -13.993635
v -3.661705 1.605052 -13.993635
v -3.629945 1.584302 -13.993635
v -3.595202 1.569062 -13.993635
v -3.558425 1.559749 -13.993635
v -3.520617 1.556616 -13.993635
v -3.482808 1.559749 -13.993635
v -3.446031 1.569062 -13.993635
v -3.411289 1.584302 -13.993635
v -3.379529 1.605052 -13.993635
v -3.351617 1.630746 -13.993635
v -3.328315 1.660684 -13.993635
v -3.310258 1.694050 -13.993635
v -3.297940 1.729932 -13.993635
v -3.291696 1.767353 -13.993635
v -3.291696 1.805290 -13.993635
v -3.297940 1.842711 -13.993635
v -3.310258 1.878593 -13.993635
v -3.328315 1.911958 -13.993635
v -3.351617 1.941897 -13.993635
v -3.379529 1.967592 -13.993635
v -3.411289 1.988342 -13.993635
v -3.446031 2.003581 -13.993635
v -3.482808 2.012894 -13.993635
v 1.562296 2.204122 -14.010875
v 1.629108 2.174815 -14.010875
v 1.690185 2.134912 -14.010875
v 1.743860 2.085500 -14.010875
v 1.788671 2.027927 -14.010875
v 1.823394 1.963764 -14.010875
v 1.847083 1.894761 -14.010875
v 1.859091 1.822799 -14.010875
v 1.859091 1.749843 -14.010875
v 1.847083 1.677882 -14.010875
v 1.823394 1.608879 -14.010875
v 1.788671 1.544715 -14.010875
v 1.743860 1.487143 -14.010875
v 1.690185 1.437731 -14.010875
v 1.629108 1.397827 -14.010875
v 1.562296 1.368521 -14.010875
v 1.491572 1.350611 -14.010875
v 1.418865 1.344587 -14.010875
v 1.346158 1.350612 -14.010875
v 1.275434 1.368521 -14.010875
v 1.208622 1.397828 -14.010875
v 1.147546 1.437731 -14.010875
v 1.093870 1.487143 -14.010875
v 1.049060 1.544716 -14.010875
v 1.014337 1.608879 -14.010875
v 0.990648 1.677883 -14.010875
v 0.978640 1.749844 -14.010875
v 0.978640 1.822800 -14.010875
v 0.990648 1.894762 -14.010875
v 1.014337 1.963765 -14.010875
v 1.049061 2.027928 -14.010875
v 1.093872 2.085501 -14.010875
v 1.147548 2.134913 -14.010875
v 1.208624 2.174816 -14.010875
v 1.275436 2.204122 -14.010875
v 1.316113 2.402096 -14.012117
v 1.316113 2.402096 -13.379978
v 1.216161 2.376785 -14.012117
v 1.216161 2.376785 -13.379978
v 1.121738 2.335368 -14.012117
v 1.121738 2.335368 -13.379978
v 1.035420 2.278974 -14.012117
v 1.035420 2.278974 -13.379978
v 0.959562 2.209142 -14.012117
v 0.959562 2.209142 -13.379978
v 0.896233 2.127776 -14.012117
v 0.896233 2.127776 -13.379978
v 0.847159 2.037097 -14.012117
v 0.847159 2.037097 -13.379978
v 0.813680 1.939576 -14.012117
v 0.813680 1.939576 -13.379978
v 0.796709 1.837876 -14.012117
v 0.796709 1.837876 -13.379978
v 0.796709 1.734769 -14.012117
v 0.796709 1.734769 -13.379978
v 0.813679 1.633068 -14.012117
v 0.813679 1.633068 -13.379978
v 0.847157 1.535548 -14.012117
v 0.847157 1.535548 -13.379978
v 0.896231 1.444868 -14.012117
v 0.896231 1.444868 -13.379978
v 0.959560 1.363502 -14.012117
v 0.959560 1.363502 -13.379978
v 1.035419 1.293670 -14.012117
v 1.035419 1.293670 -13.379978
v 1.121736 1.237276 -14.012117
v 1.121736 1.237276 -13.379978
v 1.216158 1.195858 -14.012117
v 1.216158 1.195858 -13.379978
v 1.316110 1.170547 -14.012117
v 1.316110 1.170547 -13.379978
v 1.418865 1.162032 -14.012117
v 1.418865 1.162032 -13.379978
v 1.521620 1.170547 -14.012117
v 1.521620 1.170547 -13.379978
v 1.621572 1.195858 -14.012117
v 1.621572 1.195858 -13.379978
v 1.715994 1.237275 -14.012117
v 1.715994 1.237275 -13.379978
v 1.802311 1.293669 -14.012117
v 1.802311 1.293669 -13.379978
v 1.878170 1.363502 -14.012117
v 1.878170 1.363502 -13.379978
v 1.941499 1.444867 -14.012117
v 1.941499 1.444867 -13.379978
v 1.990573 1.535547 -14.012117
v 1.990573 1.535547 -13.379978
v 2.024052 1.633067 -14.012117
v 2.024052 1.633067 -13.379978
v 2.041022 1.734768 -14.012117
v 2.041022 1.734768 -13.379978
v 2.041022 1.837875 -14.012117
v 2.041022 1.837875 -13.379978
v 2.024052 1.939575 -14.012117
v 2.024052 1.939575 -13.379978
v 1.990573 2.037095 -14.012117
v 1.990573 2.037095 -13.379978
v 1.941499 2.127775 -14.012117
v 1.941499 2.127775 -13.379978
v 1.878170 2.209141 -14.012117
v 1.878170 2.209141 -13.379978
v 1.802312 2.278973 -14.012117
v 1.802312 2.278973 -13.379978
v 1.715994 2.335367 -14.012117
v 1.715994 2.335367 -13.379978
v 1.621572 2.376785 -14.012117
v 1.621572 2.376785 -13.379978
v 1.521620 2.402096 -14.012117
v 1.521620 2.402096 -13.379978
v 1.418865 2.410610 -14.012117
v 1.418865 2.410610 -13.379978
v 1.346159 2.222032 -14.010875
v 1.418866 2.228056 -14.010875
v 1.448256 1.693819 -13.705051
v 1.491573 2.222031 -14.010875
v 1.440013 1.913051 -13.962622
v 1.460584 1.907842 -13.962622
v 1.480016 1.899318 -13.962622
v 1.497781 1.887712 -13.962622
v 1.513393 1.873340 -13.962622
v 1.526426 1.856594 -13.962622
v 1.536526 1.837932 -13.962622
v 1.543416 1.817862 -13.962622
v 1.546909 1.796932 -13.962622
v 1.546909 1.775712 -13.962622
v 1.543416 1.754781 -13.962622
v 1.536526 1.734711 -13.962622
v 1.526426 1.716049 -13.962622
v 1.513393 1.699303 -13.962622
v 1.497781 1.684932 -13.962622
v 1.480016 1.673325 -13.962622
v 1.460584 1.664801 -13.962622
v 1.440013 1.659592 -13.962622
v 1.418866 1.657840 -13.962622
v 1.397718 1.659592 -13.962622
v 1.377148 1.664802 -13.962622
v 1.357715 1.673326 -13.962622
v 1.339951 1.684932 -13.962622
v 1.324339 1.699304 -13.962622
v 1.311305 1.716049 -13.962622
v 1.301206 1.734711 -13.962622
v 1.294316 1.754781 -13.962622
v 1.290823 1.775712 -13.962622
v 1.290823 1.796932 -13.962622
v 1.294316 1.817862 -13.962622
v 1.301206 1.837932 -13.962622
v 1.311306 1.856595 -13.962622
v 1.324339 1.873340 -13.962622
v 1.339951 1.887712 -13.962622
v 1.357716 1.899318 -13.962622
v 1.377148 1.907842 -13.962622
v 1.397719 1.913051 -13.962622
v 1.418866 1.914803 -13.962622
v 1.418866 2.228056 -13.967701
v 1.346159 2.222032 -13.967701
v 1.275436 2.204122 -13.967701
v 1.208624 2.174816 -13.967701
v 1.147548 2.134913 -13.967701
v 1.093872 2.085501 -13.967701
v 1.049061 2.027928 -13.967701
v 1.014337 1.963765 -13.967701
v 0.990648 1.894762 -13.967701
v 0.978640 1.822800 -13.967701
v 0.978640 1.749844 -13.967701
v 0.990648 1.677883 -13.967701
v 1.014337 1.608879 -13.967701
v 1.049060 1.544716 -13.967701
v 1.093870 1.487143 -13.967701
v 1.147546 1.437731 -13.967701
v 1.208622 1.397828 -13.967701
v 1.275434 1.368521 -13.967701
v 1.346158 1.350612 -13.967701
v 1.418865 1.344587 -13.967701
v 1.491572 1.350611 -13.967701
v 1.562296 1.368521 -13.967701
v 1.629108 1.397827 -13.967701
v 1.690185 1.437731 -13.967701
v 1.743860 1.487143 -13.967701
v 1.788671 1.544715 -13.967701
v 1.823394 1.608879 -13.967701
v 1.847083 1.677882 -13.967701
v 1.859091 1.749843 -13.967701
v 1.859091 1.822799 -13.967701
v 1.847083 1.894761 -13.967701
v 1.823394 1.963764 -13.967701
v 1.788671 2.027927 -13.967701
v 1.743860 2.085500 -13.967701
v 1.690185 2.134912 -13.967701
v 1.629108 2.174815 -13.967701
v 1.562296 2.204122 -13.967701
v 1.491573 2.222031 -13.967701
v 1.418866 2.016027 -13.993635
v 1.381058 2.012894 -13.993635
v 1.344281 2.003581 -13.993635
v 1.309538 1.988342 -13.993635
v 1.277778 1.967592 -13.993635
v 1.249866 1.941897 -13.993635
v 1.226564 1.911959 -13.993635
v 1.208508 1.878594 -13.993635
v 1.196189 1.842711 -13.993635
v 1.189945 1.805291 -13.993635
v 1.189945 1.767353 -13.993635
v 1.196189 1.729933 -13.993635
v 1.208508 1.694050 -13.993635
v 1.226563 1.660685 -13.993635
v 1.249866 1.630746 -13.993635
v 1.277777 1.605052 -13.993635
v 1.309538 1.584302 -13.993635
v 1.344280 1.569062 -13.993635
v 1.381057 1.559749 -13.993635
v 1.418866 1.556616 -13.993635
v 1.456674 1.559749 -13.993635
v 1.493451 1.569062 -13.993635
v 1.528193 1.584302 -13.993635
v 1.559954 1.605052 -13.993635
v 1.587865 1.630746 -13.993635
v 1.611167 1.660684 -13.993635
v 1.629224 1.694050 -13.993635
v 1.641542 1.729932 -13.993635
v 1.647787 1.767353 -13.993635
v 1.647787 1.805290 -13.993635
v 1.641542 1.842711 -13.993635
v 1.629224 1.878593 -13.993635
v 1.611167 1.911958 -13.993635
v 1.587865 1.941897 -13.993635
v 1.559954 1.967592 -13.993635
v 1.528193 1.988342 -13.993635
v 1.493451 2.003581 -13.993635
v 1.456674 2.012894 -13.993635
v 1.418866 2.253485 -13.993635
v 1.341974 2.247114 -13.993635
v 1.267179 2.228173 -13.993635
v 1.196521 2.197181 -13.993635
v 1.131928 2.154980 -13.993635
v 1.075163 2.102724 -13.993635
v 1.027772 2.041837 -13.993635
v 0.991050 1.973980 -13.993635
v 0.965997 1.901004 -13.993635
v 0.953297 1.824900 -13.993635
v 0.953297 1.747744 -13.993635
v 0.965997 1.671640 -13.993635
v 0.991049 1.598664 -13.993635
v 1.027771 1.530807 -13.993635
v 1.075161 1.469920 -13.993635
v 1.131927 1.417664 -13.993635
v 1.196520 1.375463 -13.993635
v 1.267177 1.344470 -13.993635
v 1.341972 1.325529 -13.993635
v 1.418865 1.319157 -13.993635
v 1.495758 1.325529 -13.993635
v 1.570553 1.344469 -13.993635
v 1.641211 1.375463 -13.993635
v 1.705803 1.417663 -13.993635
v 1.762569 1.469920 -13.993635
v 1.809959 1.530807 -13.993635
v 1.846682 1.598664 -13.993635
v 1.871735 1.671639 -13.993635
v 1.884434 1.747743 -13.993635
v 1.884434 1.824899 -13.993635
v 1.871735 1.901003 -13.993635
v 1.846682 1.973979 -13.993635
v 1.809959 2.041836 -13.993635
v 1.762569 2.102723 -13.993635
v 1.705804 2.154979 -13.993635
v 1.641211 2.197180 -13.993635
v 1.570553 2.228173 -13.993635
v 1.495758 2.247114 -13.993635
v 1.418866 2.016027 -13.993635
v 1.381058 2.012894 -13.993635
v 1.344281 2.003581 -13.993635
v 1.309538 1.988342 -13.993635
v 1.277778 1.967592 -13.993635
v 1.249866 1.941897 -13.993635
v 1.226564 1.911959 -13.993635
v 1.208508 1.878594 -13.993635
v 1.196189 1.842711 -13.993635
v 1.189945 1.805291 -13.993635
v 1.189945 1.767353 -13.993635
v 1.196189 1.729933 -13.993635
v 1.208508 1.694050 -13.993635
v 1.226563 1.660685 -13.993635
v 1.249866 1.630746 -13.993635
v 1.277777 1.605052 -13.993635
v 1.309538 1.584302 -13.993635
v 1.344280 1.569062 -13.993635
v 1.381057 1.559749 -13.993635
v 1.418866 1.556616 -13.993635
v 1.456674 1.559749 -13.993635
v 1.493451 1.569062 -13.993635
v 1.528193 1.584302 -13.993635
v 1.559954 1.605052 -13.993635
v 1.587865 1.630746 -13.993635
v 1.611167 1.660684 -13.993635
v 1.629224 1.694050 -13.993635
v 1.641542 1.729932 -13.993635
v 1.647787 1.767353 -13.993635
v 1.647787 1.805290 -13.993635
v 1.641542 1.842711 -13.993635
v 1.629224 1.878593 -13.993635
v 1.611167 1.911958 -13.993635
v 1.587865 1.941897 -13.993635
v 1.559954 1.967592 -13.993635
v 1.528193 1.988342 -13.993635
v 1.493451 2.003581 -13.993635
v 1.456674 2.012894 -13.993635
v 0.466026 2.748386 -13.924867
v 2.562415 2.878361 -13.817450
v 1.278598 2.732453 -14.046152
v 1.038969 2.732453 -14.046152
v 2.511609 2.732968 -13.988235
v 2.237112 2.732453 -14.005079
v 1.997483 2.732453 -14.019009
v 1.757854 2.732453 -14.046152
v 1.518225 2.732453 -14.046152
v 0.479787 2.850853 -14.046152
v 2.489266 2.874860 -13.954193
v 2.219629 2.855414 -14.005079
v 2.511739 2.355555 -13.988235
v 2.694822 2.358745 -13.988235
v 2.664948 2.733482 -13.959394
v 1.198783 2.849364 -14.046152
v 0.959155 2.849364 -14.046152
v 2.157298 2.849364 -14.005079
v 1.917669 2.849364 -14.019009
v 1.678041 2.849364 -14.046152
v 1.438412 2.849364 -14.046152
v 0.563747 3.519075 -13.513384
v 0.570619 3.395264 -13.634624
v 0.694934 2.853939 -14.046152
v 0.447796 3.392229 -13.634624
v 0.439617 3.550252 -13.513384
v 0.440925 3.485997 -13.634624
v 2.517918 1.755692 -13.990106
v 2.738840 1.810480 -13.990106
v 2.508937 2.017275 -14.046152
v 2.692020 2.020466 -14.046152
v 2.446123 1.739307 -12.220960
v 2.667045 1.794095 -12.220960
v 2.667045 1.794095 -13.677690
v 2.446123 1.739307 -13.677690
v 0.439617 3.550252 -13.325001
v 0.563747 3.519075 -13.325001
v 0.477387 2.749167 -14.046152
v 2.573776 2.879142 -13.909894
v 2.477209 2.925075 -13.800024
v 2.207572 2.905629 -13.883794
v 1.186726 2.899579 -13.924867
v 0.947098 2.899579 -13.924867
v 2.145241 2.899579 -13.883794
v 1.905612 2.899579 -13.897723
v 1.665983 2.899579 -13.924867
v 1.426354 2.899579 -13.924867
v 0.682877 2.904154 -13.924867
v 0.827994 2.909661 -13.924867
v 0.467730 2.901068 -13.924867
v 0.682877 2.904154 -12.219821
v 0.827994 2.909661 -12.219821
v 0.467730 2.901068 -12.219821
v 1.426354 2.899579 -13.676551
v 0.827994 2.909661 -13.676551
v 0.947098 2.899579 -13.676551
v 2.207572 2.905629 -13.676551
v 2.477209 2.925075 -13.676551
v 1.186726 2.899579 -13.676551
v 2.145241 2.899579 -13.676551
v 1.905612 2.899579 -13.676551
v 1.665983 2.899579 -13.676551
v 0.564541 3.522234 -12.223124
v 0.561210 3.516373 -12.219862
v 0.440411 3.553411 -12.223124
v 0.438558 3.547377 -12.219867
v 0.564541 3.522234 -12.579572
v 0.563234 3.517681 -12.586117
v 0.561384 3.523027 -12.582712
v 0.440411 3.553411 -12.574975
v 0.443568 3.552618 -12.578349
v 0.440387 3.550059 -12.581520
v 0.573460 3.571115 -12.219867
v 0.576619 3.570322 -12.223124
v 0.574254 3.574274 -12.223124
v 0.455647 3.600706 -12.219867
v 0.456441 3.603865 -12.223124
v 0.452489 3.601500 -12.223124
v 0.452489 3.601500 -12.574975
v 0.456441 3.603865 -12.575090
v 0.455646 3.600707 -12.578349
v 0.576619 3.570322 -12.579572
v 0.573462 3.571115 -12.582712
v 0.574254 3.574274 -12.579453
v -5.266774 2.222395 -13.955746
v -4.747095 2.232274 -13.987593
v -5.298339 2.015453 -13.987593
v -4.781763 1.938667 -13.987593
v -4.297349 1.909669 -13.987593
v -4.234190 2.145329 -13.987593
v -5.266774 2.222395 -12.221964
v -5.298339 2.015453 -12.221964
v -5.266774 2.222395 -13.651484
v -5.298339 2.015453 -13.678694
v -4.036288 2.173332 -13.988134
v -3.887165 2.334493 -13.988134
v -3.572084 2.420520 -13.988134
v -3.064540 2.252470 -13.990936
v -3.259821 2.387961 -13.988134
v -3.009329 2.194984 -13.986576
v -2.886887 1.802145 -13.977644
v -4.101278 2.094762 -13.988134
v -4.164593 1.779607 -13.988134
v -4.159737 1.608019 -13.988134
v -2.890357 1.541555 -13.989207
v -2.927884 2.015308 -13.981848
v -2.879662 2.031960 -13.924867
v -5.053658 2.485103 -13.826743
v -5.177304 2.226710 -13.893020
v -5.053658 2.485103 -12.219821
v -5.177304 2.272486 -12.219821
v -5.177304 2.272486 -13.649342
v -5.053658 2.485103 -13.592718
v 0.958126 2.241040 -13.986130
v 0.925769 2.197940 -13.986130
v 0.786356 1.823376 -13.984235
v 1.922524 2.246216 -13.947054
v 1.129788 2.373158 -13.979504
v 1.382033 2.417664 -13.979504
v 1.559078 2.411525 -13.979504
v 1.766815 2.348602 -13.958058
v 0.790178 1.768825 -13.983828
v 2.076370 1.776744 -13.955336
v 2.058683 2.007956 -13.957308
v 0.833353 2.026096 -13.982644
v 0.731378 2.045035 -13.928484
v -2.264394 2.381586 -13.924867
v -2.358756 2.734557 -13.924867
v 0.120932 2.381586 -13.924867
v 0.339283 2.734557 -13.924867
v -2.027003 1.739663 -13.924867
v -0.316430 1.805650 -13.924867
v -0.361763 1.739663 -13.924867
v -0.361621 1.744521 -13.924867
v -2.303409 2.372278 -13.924867
v -2.400477 2.751097 -13.924867
v 0.150312 2.388005 -13.924867
v 0.374924 2.751097 -13.924867
v -0.299590 1.795554 -13.924867
v -2.059212 1.727676 -13.924867
v -0.346223 1.727676 -13.924867
v -0.346077 1.732673 -13.924867
v -2.264394 2.381586 -13.924867
v -2.358756 2.734557 -13.924867
v 0.120932 2.381586 -13.924867
v 0.339283 2.734557 -13.924867
v -0.316430 1.805650 -13.924867
v -2.027003 1.739663 -13.924867
v -0.361763 1.739663 -13.924867
v -0.361621 1.744521 -13.924867
v -2.303409 2.372278 -13.931711
v -2.400477 2.751097 -13.931711
v 0.150312 2.388005 -13.931711
v 0.374924 2.751097 -13.931711
v -0.299590 1.795554 -13.931711
v -2.059212 1.727676 -13.931711
v -0.346223 1.727676 -13.931711
v -0.346077 1.732673 -13.931711
v -2.264394 2.381586 -13.931711
v -2.358756 2.734557 -13.931711
v 0.120932 2.381586 -13.931711
v 0.339283 2.734557 -13.931711
v -0.316430 1.805650 -13.931711
v -2.027003 1.739663 -13.931711
v -0.361763 1.739663 -13.931711
v -0.361621 1.744521 -13.931711
v -2.418901 2.373761 -13.924867
v -2.303409 2.372278 -13.928601
v -2.122068 2.659006 -14.235481
v -2.183580 2.670985 -14.026947
v -2.121361 2.880296 -14.237880
v -2.213485 2.892242 -13.925566
v -2.236447 2.880296 -14.271828
v -2.237154 2.659006 -14.269429
v -2.298666 2.670985 -14.060894
v -2.328571 2.892242 -13.959513
v -2.121715 2.769651 -14.236681
v -2.198533 2.781614 -13.976256
v -2.259476 2.769651 -14.277317
v -2.336294 2.781614 -14.016891
v -2.269800 2.771208 -13.884027
v -2.274700 2.807467 -13.867413
v -2.314952 2.771208 -13.897346
v -2.312421 2.807467 -13.878539
v -2.302619 2.734948 -13.911768
v -2.264899 2.734948 -13.900641
v -2.125535 2.770246 -14.223727
v -2.125854 2.670609 -14.222647
v -2.181247 2.681396 -14.034858
v -2.194711 2.781019 -13.989210
v -2.208176 2.880642 -13.943563
v -2.125217 2.869883 -14.224807
v -2.150847 2.770246 -14.231194
v -2.151165 2.670609 -14.230114
v -2.206558 2.681396 -14.042324
v -2.220023 2.781019 -13.996676
v -2.233488 2.880642 -13.951029
v -2.150529 2.869883 -14.232273
v -3.172056 2.369440 -13.925716
v 1.058753 2.373045 -13.925716
v -3.171812 2.368946 -13.922889
v 1.058753 2.372502 -13.922888
v -3.171085 2.367477 -13.920137
v 1.058753 2.370887 -13.920137
v -3.169895 2.365072 -13.917539
v 1.058753 2.368243 -13.917539
v -3.168276 2.361799 -13.915163
v 1.058753 2.364644 -13.915163
v -3.166271 2.357745 -13.913074
v 1.058753 2.360187 -13.913074
v -3.163934 2.353022 -13.911332
v 1.058753 2.354994 -13.911332
v -3.161330 2.347758 -13.909981
v 1.058753 2.349206 -13.909981
v -3.158530 2.342097 -13.909060
v 1.058753 2.342982 -13.909060
v -3.155609 2.336194 -13.908592
v 1.058753 2.336491 -13.908592
v -3.152648 2.330208 -13.908592
v 1.058753 2.329910 -13.908592
v -3.149728 2.324305 -13.909060
v 1.058753 2.323419 -13.909060
v -3.146927 2.318644 -13.909981
v 1.058753 2.317194 -13.909981
v -3.144323 2.313380 -13.911332
v 1.058753 2.311407 -13.911332
v -3.141986 2.308657 -13.913074
v 1.058753 2.306214 -13.913074
v -3.139981 2.304603 -13.915163
v 1.058753 2.301757 -13.915163
v -3.138361 2.301330 -13.917539
v 1.058753 2.298157 -13.917539
v -3.137172 2.298925 -13.920137
v 1.058753 2.295514 -13.920137
v -3.136445 2.297456 -13.922889
v 1.058753 2.293898 -13.922888
v -3.136201 2.296962 -13.925716
v 1.058753 2.293355 -13.925716
v -3.136445 2.297456 -13.928545
v 1.058753 2.293898 -13.928545
v -3.137172 2.298925 -13.931295
v 1.058753 2.295514 -13.931295
v -3.138361 2.301330 -13.933894
v 1.058753 2.298157 -13.933894
v -3.139981 2.304603 -13.936270
v 1.058753 2.301757 -13.936270
v -3.141986 2.308657 -13.938358
v 1.058753 2.306214 -13.938358
v -3.144323 2.313380 -13.940102
v 1.058753 2.311407 -13.940101
v -3.146927 2.318644 -13.941452
v 1.058753 2.317195 -13.941452
v -3.149728 2.324305 -13.942373
v 1.058753 2.323419 -13.942373
v -3.152648 2.330209 -13.942841
v 1.058753 2.329910 -13.942841
v -3.155609 2.336194 -13.942841
v 1.058753 2.336491 -13.942841
v -3.158530 2.342097 -13.942373
v 1.058753 2.342982 -13.942373
v -3.161330 2.347758 -13.941452
v 1.058753 2.349206 -13.941452
v -3.163934 2.353022 -13.940101
v 1.058753 2.354994 -13.940101
v -3.166271 2.357745 -13.938358
v 1.058753 2.360187 -13.938358
v -3.168276 2.361799 -13.936270
v 1.058753 2.364644 -13.936270
v -3.169895 2.365072 -13.933894
v 1.058753 2.368243 -13.933894
v -3.171085 2.367477 -13.931295
v 1.058753 2.370887 -13.931295
v -3.171812 2.368946 -13.928545
v 1.058753 2.372502 -13.928544
v -4.789587 2.567576 -13.896204
v -4.636553 2.306329 -13.924916
v -4.789587 2.567576 -12.219821
v -4.637831 2.308274 -12.219821
v -4.789587 2.567576 -13.652063
v -4.789587 2.567576 -12.219821
v -4.830443 2.560250 -12.219821
v -4.830443 2.560251 -13.652927
v -4.789587 2.567576 -13.652063
v -4.789587 2.567576 -12.219821
v -4.830443 2.560250 -12.219821
v -4.830443 2.560251 -13.652927
v -4.789587 2.567576 -13.652063
v -4.789587 2.567576 -13.612692
v -4.316545 2.652399 -13.614534
v -4.789587 2.567576 -13.612692
v -3.099266 2.783059 -13.619272
v -3.292394 2.768095 -13.618521
v -2.697045 2.819324 -13.620838
v -3.529510 2.749723 -13.617598
v -3.887421 2.710688 -13.616204
v -4.789587 2.567576 -13.612692
v 1.246532 2.904873 -13.864804
v 1.300642 2.904873 -13.525516
v 0.609149 2.904873 -13.763154
v 0.663260 2.904873 -13.423865
v 0.666003 2.949038 -13.719162
v 1.203692 2.949038 -13.800418
v 1.239900 2.949038 -13.573381
v 0.703609 2.949038 -13.483359
v 0.927841 2.904873 -13.813979
v 0.981951 2.904873 -13.474690
v 0.887491 2.949038 -13.754485
v 0.925097 2.949038 -13.518682
v 0.933450 2.904873 -13.814874
v 0.994193 2.949038 -13.767007
v 0.987560 2.904873 -13.475585
v 1.030400 2.949038 -13.539970
v 0.814400 2.947687 -13.547790
v 0.814400 3.091631 -13.547790
v 0.828102 2.947687 -13.551155
v 0.828102 3.091631 -13.551155
v 0.840884 2.947687 -13.557129
v 0.840884 3.091631 -13.557129
v 0.852255 2.947687 -13.565481
v 0.852255 3.091631 -13.565481
v 0.861778 2.947687 -13.575891
v 0.861778 3.091631 -13.575891
v 0.869087 2.947687 -13.587959
v 0.869087 3.091631 -13.587959
v 0.873902 2.947687 -13.601221
v 0.873902 3.091631 -13.601221
v 0.876036 2.947687 -13.615169
v 0.876036 3.091631 -13.615169
v 0.875409 2.947687 -13.629263
v 0.875409 3.091631 -13.629263
v 0.872044 2.947687 -13.642965
v 0.872044 3.091631 -13.642965
v 0.866070 2.947687 -13.655747
v 0.866070 3.091631 -13.655747
v 0.857718 2.947687 -13.667118
v 0.857718 3.091631 -13.667118
v 0.847308 2.947687 -13.676641
v 0.847308 3.091631 -13.676641
v 0.835239 2.947687 -13.683950
v 0.835239 3.091631 -13.683950
v 0.821977 2.947687 -13.688765
v 0.821977 3.091631 -13.688765
v 0.808031 2.947687 -13.690899
v 0.808031 3.091631 -13.690899
v 0.793935 2.947687 -13.690271
v 0.793935 3.091631 -13.690271
v 0.780234 2.947687 -13.686907
v 0.780234 3.091631 -13.686907
v 0.767452 2.947687 -13.680933
v 0.767452 3.091631 -13.680933
v 0.756081 2.947687 -13.672581
v 0.756081 3.091631 -13.672581
v 0.746558 2.947687 -13.662170
v 0.746558 3.091631 -13.662170
v 0.739248 2.947687 -13.650103
v 0.739248 3.091631 -13.650103
v 0.734434 2.947687 -13.636840
v 0.734434 3.091631 -13.636840
v 0.732300 2.947687 -13.622893
v 0.732300 3.091631 -13.622893
v 0.732927 2.947687 -13.608798
v 0.732927 3.091631 -13.608798
v 0.736292 2.947687 -13.595097
v 0.736292 3.091631 -13.595097
v 0.742266 2.947687 -13.582314
v 0.742266 3.091631 -13.582314
v 0.750618 2.947687 -13.570944
v 0.750618 3.091631 -13.570944
v 0.761028 2.947687 -13.561420
v 0.761028 3.091631 -13.561420
v 0.773097 2.947687 -13.554111
v 0.773097 3.091631 -13.554111
v 0.786359 2.947687 -13.549297
v 0.786359 3.091631 -13.549297
v 0.800305 2.947687 -13.547163
v 0.800305 3.091631 -13.547163
v 0.824974 3.206826 -13.560025
v 0.813063 3.206826 -13.557100
v 0.836086 3.206826 -13.565218
v 0.845971 3.206826 -13.572479
v 0.854249 3.206826 -13.581529
v 0.860603 3.206826 -13.592020
v 0.864789 3.206826 -13.603549
v 0.866644 3.206826 -13.615673
v 0.866098 3.206826 -13.627926
v 0.863173 3.206826 -13.639837
v 0.857980 3.206826 -13.650949
v 0.850719 3.206826 -13.660833
v 0.841670 3.206826 -13.669112
v 0.831179 3.206826 -13.675466
v 0.819650 3.206826 -13.679651
v 0.807526 3.206826 -13.681506
v 0.795273 3.206826 -13.680962
v 0.783361 3.206826 -13.678036
v 0.772250 3.206826 -13.672843
v 0.762365 3.206826 -13.665582
v 0.754086 3.206826 -13.656532
v 0.747733 3.206826 -13.646041
v 0.743547 3.206826 -13.634512
v 0.741692 3.206826 -13.622389
v 0.742238 3.206826 -13.610135
v 0.745163 3.206826 -13.598225
v 0.750356 3.206826 -13.587112
v 0.757617 3.206826 -13.577228
v 0.766666 3.206826 -13.568949
v 0.777157 3.206826 -13.562595
v 0.788686 3.206826 -13.558411
v 0.800810 3.206826 -13.556555
v 0.864789 3.107908 -13.603549
v 0.866644 3.107908 -13.615673
v 0.807526 3.107908 -13.681506
v 0.795273 3.107908 -13.680962
v 0.742238 3.107908 -13.610135
v 0.745163 3.107908 -13.598225
v 0.836086 3.107908 -13.565218
v 0.845971 3.107908 -13.572479
v 0.850719 3.107908 -13.660833
v 0.841670 3.107908 -13.669112
v 0.754086 3.107908 -13.656532
v 0.747733 3.107908 -13.646041
v 0.777157 3.107908 -13.562595
v 0.788686 3.107908 -13.558411
v 0.866098 3.107908 -13.627926
v 0.783361 3.107908 -13.678036
v 0.750356 3.107908 -13.587112
v 0.854249 3.107908 -13.581529
v 0.831179 3.107908 -13.675466
v 0.743547 3.107908 -13.634512
v 0.800810 3.107908 -13.556555
v 0.863173 3.107908 -13.639837
v 0.772250 3.107908 -13.672843
v 0.757617 3.107908 -13.577228
v 0.860603 3.107908 -13.592020
v 0.819650 3.107908 -13.679651
v 0.741692 3.107908 -13.622389
v 0.813063 3.107908 -13.557100
v 0.824974 3.107908 -13.560025
v 0.857980 3.107908 -13.650949
v 0.762365 3.107908 -13.665582
v 0.766666 3.107908 -13.568949
v 0.823802 3.092425 -13.563349
v 0.812562 3.092425 -13.560589
v 0.834288 3.092425 -13.568250
v 0.843616 3.092425 -13.575102
v 0.851428 3.092425 -13.583641
v 0.857424 3.092425 -13.593541
v 0.861373 3.092425 -13.604421
v 0.863124 3.092425 -13.615862
v 0.862610 3.092425 -13.627424
v 0.859849 3.092425 -13.638665
v 0.854949 3.092425 -13.649151
v 0.848097 3.092425 -13.658479
v 0.839557 3.092425 -13.666291
v 0.829657 3.092425 -13.672287
v 0.818778 3.092425 -13.676236
v 0.807337 3.092425 -13.677987
v 0.795774 3.092425 -13.677473
v 0.784534 3.092425 -13.674712
v 0.774048 3.092425 -13.669811
v 0.764720 3.092425 -13.662960
v 0.756908 3.092425 -13.654420
v 0.750912 3.092425 -13.644520
v 0.746963 3.092425 -13.633640
v 0.745212 3.092425 -13.622199
v 0.745726 3.092425 -13.610637
v 0.748487 3.092425 -13.599397
v 0.753387 3.092425 -13.588911
v 0.760239 3.092425 -13.579582
v 0.768779 3.092425 -13.571771
v 0.778679 3.092425 -13.565775
v 0.789558 3.092425 -13.561825
v 0.800999 3.092425 -13.560074
v 0.863124 3.099678 -13.615862
v 0.795774 3.099678 -13.677473
v 0.748487 3.099678 -13.599397
v 0.843616 3.099678 -13.575102
v 0.839557 3.099678 -13.666291
v 0.750912 3.099678 -13.644520
v 0.789558 3.099678 -13.561825
v 0.862610 3.099678 -13.627424
v 0.784534 3.099678 -13.674712
v 0.753387 3.099678 -13.588911
v 0.851428 3.099678 -13.583641
v 0.829657 3.099678 -13.672287
v 0.746963 3.099678 -13.633640
v 0.800999 3.099678 -13.560074
v 0.859849 3.099678 -13.638665
v 0.774048 3.099678 -13.669811
v 0.760239 3.099678 -13.579582
v 0.857424 3.099678 -13.593541
v 0.818778 3.099678 -13.676236
v 0.745212 3.099678 -13.622199
v 0.823802 3.099678 -13.563349
v 0.854949 3.099678 -13.649151
v 0.764720 3.099678 -13.662960
v 0.768779 3.099678 -13.571771
v 0.861373 3.099678 -13.604421
v 0.807337 3.099678 -13.677987
v 0.745726 3.099678 -13.610637
v 0.834288 3.099678 -13.568250
v 0.848097 3.099678 -13.658479
v 0.756908 3.099678 -13.654420
v 0.778679 3.099678 -13.565775
v 0.812562 3.099678 -13.560589
v 1.125134 2.947687 -13.592421
v 1.125134 3.091631 -13.592421
v 1.138835 2.947687 -13.595786
v 1.138835 3.091631 -13.595786
v 1.151618 2.947687 -13.601760
v 1.151618 3.091631 -13.601760
v 1.162989 2.947687 -13.610112
v 1.162989 3.091631 -13.610112
v 1.172512 2.947687 -13.620522
v 1.172512 3.091631 -13.620522
v 1.179821 2.947687 -13.632590
v 1.179821 3.091631 -13.632590
v 1.184635 2.947687 -13.645853
v 1.184635 3.091631 -13.645853
v 1.186769 2.947687 -13.659800
v 1.186769 3.091631 -13.659800
v 1.186142 2.947687 -13.673895
v 1.186142 3.091631 -13.673895
v 1.182777 2.947687 -13.687596
v 1.182777 3.091631 -13.687596
v 1.176804 2.947687 -13.700378
v 1.176804 3.091631 -13.700378
v 1.168451 2.947687 -13.711749
v 1.168451 3.091631 -13.711749
v 1.158041 2.947687 -13.721272
v 1.158041 3.091631 -13.721272
v 1.145973 2.947687 -13.728581
v 1.145973 3.091631 -13.728581
v 1.132710 2.947687 -13.733396
v 1.132710 3.091631 -13.733396
v 1.118764 2.947687 -13.735530
v 1.118764 3.091631 -13.735530
v 1.104669 2.947687 -13.734903
v 1.104669 3.091631 -13.734903
v 1.090967 2.947687 -13.731538
v 1.090967 3.091631 -13.731538
v 1.078185 2.947687 -13.725564
v 1.078185 3.091631 -13.725564
v 1.066814 2.947687 -13.717212
v 1.066814 3.091631 -13.717212
v 1.057291 2.947687 -13.706801
v 1.057291 3.091631 -13.706801
v 1.049982 2.947687 -13.694734
v 1.049982 3.091631 -13.694734
v 1.045167 2.947687 -13.681471
v 1.045167 3.091631 -13.681471
v 1.043033 2.947687 -13.667524
v 1.043033 3.091631 -13.667524
v 1.043661 2.947687 -13.653429
v 1.043661 3.091631 -13.653429
v 1.047026 2.947687 -13.639728
v 1.047026 3.091631 -13.639728
v 1.052999 2.947687 -13.626945
v 1.052999 3.091631 -13.626945
v 1.061352 2.947687 -13.615575
v 1.061352 3.091631 -13.615575
v 1.071762 2.947687 -13.606051
v 1.071762 3.091631 -13.606051
v 1.083830 2.947687 -13.598742
v 1.083830 3.091631 -13.598742
v 1.097092 2.947687 -13.593928
v 1.097092 3.091631 -13.593928
v 1.111039 2.947687 -13.591794
v 1.111039 3.091631 -13.591794
v 1.135708 3.206826 -13.604656
v 1.123796 3.206826 -13.601731
v 1.146819 3.206826 -13.609850
v 1.156704 3.206826 -13.617110
v 1.164983 3.206826 -13.626160
v 1.171337 3.206826 -13.636651
v 1.175522 3.206826 -13.648180
v 1.177377 3.206826 -13.660304
v 1.176832 3.206826 -13.672557
v 1.173906 3.206826 -13.684468
v 1.168714 3.206826 -13.695580
v 1.161453 3.206826 -13.705464
v 1.152403 3.206826 -13.713743
v 1.141912 3.206826 -13.720097
v 1.130383 3.206826 -13.724282
v 1.118259 3.206826 -13.726137
v 1.106006 3.206826 -13.725593
v 1.094095 3.206826 -13.722667
v 1.082983 3.206826 -13.717474
v 1.073099 3.206826 -13.710213
v 1.064820 3.206826 -13.701163
v 1.058466 3.206826 -13.690672
v 1.054281 3.206826 -13.679144
v 1.052425 3.206826 -13.667020
v 1.052971 3.206826 -13.654766
v 1.055896 3.206826 -13.642856
v 1.061089 3.206826 -13.631744
v 1.068350 3.206826 -13.621859
v 1.077400 3.206826 -13.613581
v 1.087891 3.206826 -13.607226
v 1.099420 3.206826 -13.603042
v 1.111544 3.206826 -13.601186
v 1.175522 3.107908 -13.648180
v 1.177377 3.107908 -13.660304
v 1.118259 3.107908 -13.726137
v 1.106006 3.107908 -13.725593
v 1.052971 3.107908 -13.654766
v 1.055896 3.107908 -13.642856
v 1.146819 3.107908 -13.609850
v 1.156704 3.107908 -13.617110
v 1.161453 3.107908 -13.705464
v 1.152403 3.107908 -13.713743
v 1.064820 3.107908 -13.701163
v 1.058466 3.107908 -13.690672
v 1.087891 3.107908 -13.607226
v 1.099420 3.107908 -13.603042
v 1.176832 3.107908 -13.672557
v 1.094095 3.107908 -13.722667
v 1.061089 3.107908 -13.631744
v 1.164983 3.107908 -13.626160
v 1.141912 3.107908 -13.720097
v 1.054281 3.107908 -13.679144
v 1.111544 3.107908 -13.601186
v 1.173906 3.107908 -13.684468
v 1.082983 3.107908 -13.717474
v 1.068350 3.107908 -13.621859
v 1.171337 3.107908 -13.636651
v 1.130383 3.107908 -13.724282
v 1.052425 3.107908 -13.667020
v 1.123796 3.107908 -13.601731
v 1.135708 3.107908 -13.604656
v 1.168714 3.107908 -13.695580
v 1.073099 3.107908 -13.710213
v 1.077400 3.107908 -13.613581
v 1.134536 3.092425 -13.607981
v 1.123295 3.092425 -13.605220
v 1.145021 3.092425 -13.612881
v 1.154349 3.092425 -13.619733
v 1.162162 3.092425 -13.628273
v 1.168158 3.092425 -13.638172
v 1.172107 3.092425 -13.649052
v 1.173858 3.092425 -13.660493
v 1.173343 3.092425 -13.672056
v 1.170583 3.092425 -13.683296
v 1.165682 3.092425 -13.693782
v 1.158831 3.092425 -13.703110
v 1.150290 3.092425 -13.710922
v 1.140390 3.092425 -13.716918
v 1.129511 3.092425 -13.720867
v 1.118070 3.092425 -13.722618
v 1.106507 3.092425 -13.722104
v 1.095267 3.092425 -13.719343
v 1.084782 3.092425 -13.714443
v 1.075453 3.092425 -13.707591
v 1.067641 3.092425 -13.699051
v 1.061645 3.092425 -13.689151
v 1.057696 3.092425 -13.678271
v 1.055945 3.092425 -13.666830
v 1.056459 3.092425 -13.655268
v 1.059220 3.092425 -13.644028
v 1.064120 3.092425 -13.633542
v 1.070972 3.092425 -13.624214
v 1.079512 3.092425 -13.616402
v 1.089412 3.092425 -13.610406
v 1.100292 3.092425 -13.606457
v 1.111733 3.092425 -13.604705
v 1.173858 3.099678 -13.660493
v 1.106507 3.099678 -13.722104
v 1.059220 3.099678 -13.644028
v 1.154349 3.099678 -13.619733
v 1.150290 3.099678 -13.710922
v 1.061645 3.099678 -13.689151
v 1.100292 3.099678 -13.606457
v 1.173343 3.099678 -13.672056
v 1.095267 3.099678 -13.719343
v 1.064120 3.099678 -13.633542
v 1.162162 3.099678 -13.628273
v 1.140390 3.099678 -13.716918
v 1.057696 3.099678 -13.678271
v 1.111733 3.099678 -13.604705
v 1.170583 3.099678 -13.683296
v 1.084782 3.099678 -13.714443
v 1.070972 3.099678 -13.624214
v 1.168158 3.099678 -13.638172
v 1.129511 3.099678 -13.720867
v 1.055945 3.099678 -13.666830
v 1.134536 3.099678 -13.607981
v 1.165682 3.099678 -13.693782
v 1.075453 3.099678 -13.707591
v 1.079512 3.099678 -13.616402
v 1.172107 3.099678 -13.649052
v 1.118070 3.099678 -13.722618
v 1.056459 3.099678 -13.655268
v 1.145021 3.099678 -13.612881
v 1.158831 3.099678 -13.703110
v 1.067641 3.099678 -13.699051
v 1.089412 3.099678 -13.610406
v 1.123295 3.099678 -13.605220
v 1.244526 2.904873 -13.864485
v 1.298636 2.904873 -13.525195
v 1.301380 2.949038 -13.820492
v 1.338986 2.949038 -13.584690
v 1.563218 2.904873 -13.915310
v 1.617328 2.904873 -13.576020
v 1.522868 2.949038 -13.855815
v 1.560473 2.949038 -13.620012
v 1.449777 2.947687 -13.649120
v 1.449777 3.091631 -13.649120
v 1.463479 2.947687 -13.652485
v 1.463479 3.091631 -13.652485
v 1.476261 2.947687 -13.658459
v 1.476261 3.091631 -13.658459
v 1.487632 2.947687 -13.666811
v 1.487632 3.091631 -13.666811
v 1.497155 2.947687 -13.677221
v 1.497155 3.091631 -13.677221
v 1.504464 2.947687 -13.689290
v 1.504464 3.091631 -13.689290
v 1.509278 2.947687 -13.702552
v 1.509278 3.091631 -13.702552
v 1.511413 2.947687 -13.716498
v 1.511413 3.091631 -13.716498
v 1.510786 2.947687 -13.730594
v 1.510786 3.091631 -13.730594
v 1.507421 2.947687 -13.744295
v 1.507421 3.091631 -13.744295
v 1.501447 2.947687 -13.757077
v 1.501447 3.091631 -13.757077
v 1.493094 2.947687 -13.768448
v 1.493094 3.091631 -13.768448
v 1.482684 2.947687 -13.777971
v 1.482684 3.091631 -13.777971
v 1.470616 2.947687 -13.785280
v 1.470616 3.091631 -13.785280
v 1.457354 2.947687 -13.790094
v 1.457354 3.091631 -13.790094
v 1.443407 2.947687 -13.792230
v 1.443407 3.091631 -13.792230
v 1.429312 2.947687 -13.791602
v 1.429312 3.091631 -13.791602
v 1.415610 2.947687 -13.788237
v 1.415610 3.091631 -13.788237
v 1.402828 2.947687 -13.782263
v 1.402828 3.091631 -13.782263
v 1.391457 2.947687 -13.773911
v 1.391457 3.091631 -13.773911
v 1.381934 2.947687 -13.763500
v 1.381934 3.091631 -13.763500
v 1.374625 2.947687 -13.751432
v 1.374625 3.091631 -13.751432
v 1.369811 2.947687 -13.738171
v 1.369811 3.091631 -13.738171
v 1.367676 2.947687 -13.724224
v 1.367676 3.091631 -13.724224
v 1.368304 2.947687 -13.710129
v 1.368304 3.091631 -13.710129
v 1.371669 2.947687 -13.696426
v 1.371669 3.091631 -13.696426
v 1.377642 2.947687 -13.683645
v 1.377642 3.091631 -13.683645
v 1.385995 2.947687 -13.672274
v 1.385995 3.091631 -13.672274
v 1.396405 2.947687 -13.662750
v 1.396405 3.091631 -13.662750
v 1.408473 2.947687 -13.655441
v 1.408473 3.091631 -13.655441
v 1.421735 2.947687 -13.650627
v 1.421735 3.091631 -13.650627
v 1.435682 2.947687 -13.648493
v 1.435682 3.091631 -13.648493
v 1.460351 3.206826 -13.661356
v 1.448440 3.206826 -13.658430
v 1.471462 3.206826 -13.666549
v 1.481347 3.206826 -13.673809
v 1.489626 3.206826 -13.682859
v 1.495980 3.206826 -13.693350
v 1.500165 3.206826 -13.704879
v 1.502020 3.206826 -13.717003
v 1.501475 3.206826 -13.729256
v 1.498550 3.206826 -13.741167
v 1.493357 3.206826 -13.752278
v 1.486096 3.206826 -13.762163
v 1.477046 3.206826 -13.770442
v 1.466555 3.206826 -13.776796
v 1.455026 3.206826 -13.780981
v 1.442903 3.206826 -13.782837
v 1.430649 3.206826 -13.782291
v 1.418738 3.206826 -13.779366
v 1.407627 3.206826 -13.774173
v 1.397742 3.206826 -13.766912
v 1.389463 3.206826 -13.757862
v 1.383110 3.206826 -13.747372
v 1.378924 3.206826 -13.735843
v 1.377069 3.206826 -13.723719
v 1.377614 3.206826 -13.711466
v 1.380539 3.206826 -13.699554
v 1.385732 3.206826 -13.688443
v 1.392993 3.206826 -13.678558
v 1.402043 3.206826 -13.670280
v 1.412534 3.206826 -13.663925
v 1.424063 3.206826 -13.659740
v 1.436187 3.206826 -13.657885
v 1.500165 3.107908 -13.704879
v 1.502020 3.107908 -13.717003
v 1.442903 3.107908 -13.782837
v 1.430649 3.107908 -13.782291
v 1.377614 3.107908 -13.711466
v 1.380539 3.107908 -13.699554
v 1.471462 3.107908 -13.666549
v 1.481347 3.107908 -13.673809
v 1.486096 3.107908 -13.762163
v 1.477046 3.107908 -13.770442
v 1.389463 3.107908 -13.757862
v 1.383110 3.107908 -13.747372
v 1.412534 3.107908 -13.663925
v 1.424063 3.107908 -13.659740
v 1.501475 3.107908 -13.729256
v 1.418738 3.107908 -13.779366
v 1.385732 3.107908 -13.688443
v 1.489626 3.107908 -13.682859
v 1.466555 3.107908 -13.776796
v 1.378924 3.107908 -13.735843
v 1.436187 3.107908 -13.657885
v 1.498550 3.107908 -13.741167
v 1.407627 3.107908 -13.774173
v 1.392993 3.107908 -13.678558
v 1.495980 3.107908 -13.693350
v 1.455026 3.107908 -13.780981
v 1.377069 3.107908 -13.723719
v 1.448440 3.107908 -13.658430
v 1.460351 3.107908 -13.661356
v 1.493357 3.107908 -13.752278
v 1.397742 3.107908 -13.766912
v 1.402043 3.107908 -13.670280
v 1.459179 3.092425 -13.664680
v 1.447939 3.092425 -13.661919
v 1.469665 3.092425 -13.669580
v 1.478992 3.092425 -13.676432
v 1.486805 3.092425 -13.684972
v 1.492801 3.092425 -13.694872
v 1.496750 3.092425 -13.705751
v 1.498501 3.092425 -13.717193
v 1.497987 3.092425 -13.728755
v 1.495226 3.092425 -13.739995
v 1.490325 3.092425 -13.750481
v 1.483474 3.092425 -13.759809
v 1.474934 3.092425 -13.767621
v 1.465034 3.092425 -13.773617
v 1.454154 3.092425 -13.777567
v 1.442713 3.092425 -13.779318
v 1.431150 3.092425 -13.778803
v 1.419910 3.092425 -13.776042
v 1.409425 3.092425 -13.771142
v 1.400096 3.092425 -13.764290
v 1.392284 3.092425 -13.755750
v 1.386289 3.092425 -13.745850
v 1.382339 3.092425 -13.734970
v 1.380588 3.092425 -13.723530
v 1.381103 3.092425 -13.711967
v 1.383863 3.092425 -13.700727
v 1.388763 3.092425 -13.690241
v 1.395616 3.092425 -13.680913
v 1.404156 3.092425 -13.673100
v 1.414055 3.092425 -13.667105
v 1.424935 3.092425 -13.663156
v 1.436376 3.092425 -13.661405
v 1.498501 3.099678 -13.717193
v 1.431150 3.099678 -13.778803
v 1.383863 3.099678 -13.700727
v 1.478992 3.099678 -13.676432
v 1.474934 3.099678 -13.767621
v 1.386289 3.099678 -13.745850
v 1.424935 3.099678 -13.663156
v 1.497987 3.099678 -13.728755
v 1.419910 3.099678 -13.776042
v 1.388763 3.099678 -13.690241
v 1.486805 3.099678 -13.684972
v 1.465034 3.099678 -13.773617
v 1.382339 3.099678 -13.734970
v 1.436376 3.099678 -13.661405
v 1.495226 3.099678 -13.739995
v 1.409425 3.099678 -13.771142
v 1.395616 3.099678 -13.680913
v 1.492801 3.099678 -13.694872
v 1.454154 3.099678 -13.777567
v 1.380588 3.099678 -13.723530
v 1.459179 3.099678 -13.664680
v 1.490325 3.099678 -13.750481
v 1.400096 3.099678 -13.764290
v 1.404156 3.099678 -13.673100
v 1.496750 3.099678 -13.705751
v 1.442713 3.099678 -13.779318
v 1.381103 3.099678 -13.711967
v 1.469665 3.099678 -13.669580
v 1.483474 3.099678 -13.759809
v 1.392284 3.099678 -13.755750
v 1.414055 3.099678 -13.667105
v 1.447939 3.099678 -13.661919
v 3.139570 2.417696 -12.648575
v 3.139570 2.417696 -12.221884
v 3.080773 2.714328 -12.648575
v 3.080773 2.714328 -12.221884
v 3.088964 2.715952 -12.648575
v 3.147761 2.419319 -12.648575
v 3.147761 2.419319 -12.221884
v 3.088964 2.715952 -12.221884
vt 1.000000 1.000000
vt 1.000000 1.000000
vt 1.000000 0.000000
vt 1.000000 0.000000
vt 1.000000 1.000000
vt 1.000000 0.000000
vt 1.000000 1.000000
vt 1.000000 0.000000
vt 1.000000 1.000000
vt 1.000000 1.000000
vt 1.000000 0.000000
vt 1.000000 0.000000
vt 1.000000 1.000000
vt 1.000000 0.000000
vt 1.000000 1.000000
vt 1.000000 0.000000
vt 1.000000 1.000000
vt 1.000000 0.000000
vt 1.000000 1.000000
vt 1.000000 0.000000
vt 1.000000 1.000000
vt 1.000000 1.000000
vt 1.000000 0.000000
vt 1.000000 0.000000
vt 1.000000 0.000000
vt 1.000000 0.000000
vt 1.000000 0.000000
vt 1.000000 0.000000
vt 1.000000 0.000000
vt 1.000000 0.000000
vt 0.000000 0.000000
vt 0.000000 0.000000
vt 0.000000 0.000000
vt 0.000000 0.000000
vt 1.000000 0.000000
vt 1.000000 0.000000
vt 1.000000 0.000000
vt 1.000000 0.000000
vt 1.000000 0.000000
vt 1.000000 0.000000
vt 1.000000 0.000000
vt 1.000000 0.000000
vt 1.000000 0.000000
vt 1.000000 0.000000
vt 0.000000 0.000000
vt 1.000000 0.000000
vt 1.000000 0.000000
vt 1.000000 0.000000
vt 1.000000 0.000000
vt 1.000000 0.000000
vt 1.000000 0.000000
vt 1.000000 0.000000
vt 1.000000 0.000000
vt 1.000000 0.000000
vt 1.000000 0.000000
vt 1.000000 0.000000
vt 1.000000 1.000000
vt 1.000000 1.000000
vt 1.000000 0.000000
vt 1.000000 0.000000
vt 1.000000 0.000000
vt 1.000000 0.000000
vt 1.000000 0.000000
vt 1.000000 1.000000
vt 1.000000 1.000000
vt 1.000000 0.000000
vt 1.000000 0.000000
vt 1.000000 1.000000
vt 1.000000 0.000000
vt 1.000000 1.000000
vt 1.000000 0.000000
vt 1.000000 1.000000
vt 1.000000 0.000000
vt 1.000000 1.000000
vt 1.000000 1.000000
vt 1.000000 1.000000
vt 1.000000 1.000000
vt 1.000000 1.000000
vt 1.000000 1.000000
vt 1.000000 1.000000
vt 1.000000 1.000000
vt 1.000000 1.000000
vt 1.000000 0.000000
vt 1.000000 0.000000
vt 1.000000 0.000000
vt 1.000000 0.000000
vt 1.000000 1.000000
vt 1.000000 1.000000
vt 1.000000 1.000000
vt 1.000000 1.000000
vt 1.000000 1.000000
vt 1.000000 1.000000
vt 1.000000 0.000000
vt 1.000000 0.000000
vt 1.000000 0.000000
vt 1.000000 0.000000
vt 1.000000 0.000000
vt 1.000000 0.000000
vt 1.000000 1.000000
vt 1.000000 1.000000
vt 1.000000 1.000000
vt 1.000000 1.000000
vt 1.000000 1.000000
vt 1.000000 1.000000
vt 1.000000 1.000000
vt 1.000000 1.000000
vt 1.000000 1.000000
vt 1.000000 1.000000
vt 1.000000 1.000000
vt 1.000000 1.000000
vt 1.000000 1.000000
vt 1.000000 1.000000
vt 1.000000 0.000000
vt 1.000000 0.000000
vt 1.000000 0.000000
vt 1.000000 0.000000
vt 1.000000 0.000000
vt 1.000000 1.000000
vt 1.000000 1.000000
vt 1.000000 1.000000
vt 1.000000 1.000000
vt 1.000000 1.000000
vt 1.000000 1.000000
vt 1.000000 1.000000
vt 1.000000 1.000000
vt 1.000000 1.000000
vt 1.000000 1.000000
vt 1.000000 1.000000
vt 1.000000 1.000000
vt 1.000000 1.000000
vt 1.000000 1.000000
vt 1.000000 1.000000
vt 1.000000 1.000000
vt 1.000000 1.000000
vt 1.000000 1.000000
vt 1.000000 1.000000
vt 1.000000 1.000000
vt 1.000000 1.000000
vt 1.000000 1.000000
vt 1.000000 1.000000
vt 1.000000 1.000000
vt 1.000000 1.000000
vt 1.000000 1.000000
vt 1.000000 1.000000
vt 1.000000 1.000000
vt 1.000000 1.000000
vt 1.000000 1.000000
vt 1.000000 0.000000
vt 1.000000 0.000000
vt 1.000000 1.000000
vt 1.000000 1.000000
vt 1.000000 1.000000
vt 1.000000 1.000000
vt 1.000000 0.000000
vt 1.000000 0.000000
vt 1.000000 0.000000
vt 1.000000 1.000000
vt 1.000000 0.000000
vt 1.000000 0.000000
vt 1.000000 1.000000
vt 1.000000 0.000000
vt 1.000000 1.000000
vt 1.000000 0.000000
vt 1.000000 1.000000
vt 1.000000 1.000000
vt 1.000000 0.000000
vt 1.000000 0.000000
vt 1.000000 1.000000
vt 1.000000 0.000000
vt 1.000000 1.000000
vt 1.000000 0.000000
vt 1.000000 1.000000
vt 1.000000 0.000000
vt 1.000000 1.000000
vt 1.000000 0.000000
vt 1.000000 1.000000
vt 1.000000 1.000000
vt 1.000000 0.000000
vt 1.000000 0.000000
vt 1.000000 1.000000
vt 1.000000 0.000000
vt 1.000000 0.000000
vt 1.000000 0.000000
vt 1.000000 0.000000
vt 1.000000 0.000000
vt 1.000000 0.000000
vt 1.000000 0.000000
vt 1.000000 0.000000
vt 1.000000 0.000000
vt 1.000000 0.000000
vt 1.000000 0.000000
vt 1.000000 0.000000
vt 1.000000 0.000000
vt 1.000000 0.000000
vt 1.000000 0.000000
vt 1.000000 0.000000
vt 1.000000 0.000000
vt 1.000000 0.000000
vt 1.000000 0.000000
vt 1.000000 0.000000
vt 1.000000 0.000000
vt 1.000000 0.000000
vt 1.000000 0.000000
vt 1.000000 0.000000
vt 1.000000 0.000000
vt 1.000000 1.000000
vt 1.000000 0.000000
vt 1.000000 0.000000
vt 1.000000 0.000000
vt 1.000000 1.000000
vt 1.000000 0.000000
vt 1.000000 0.000000
vt 1.000000 1.000000
vt 1.000000 1.000000
vt 1.000000 0.000000
vt 1.000000 0.000000
vt 1.000000 1.000000
vt 1.000000 0.000000
vt 1.000000 1.000000
vt 1.000000 0.000000
vt 1.000000 1.000000
vt 1.000000 0.000000
vt 1.000000 1.000000
vt 1.000000 1.000000
vt 1.000000 1.000000
vt 1.000000 1.000000
vt 1.000000 1.000000
vt 1.000000 1.000000
vt 1.000000 1.000000
vt 1.000000 1.000000
vt 1.000000 1.000000
vt 1.000000 1.000000
vt 1.000000 1.000000
vt 1.000000 1.000000
vt 1.000000 1.000000
vt 1.000000 1.000000
vt 1.000000 1.000000
vt 1.000000 1.000000
vt 1.000000 0.000000
vt 1.000000 0.000000
vt 1.000000 1.000000
vt 1.000000 1.000000
vt 1.000000 1.000000
vt 1.000000 1.000000
vt 1.000000 1.000000
vt 1.000000 1.000000
vt 1.000000 1.000000
vt 1.000000 1.000000
vt 1.000000 1.000000
vt 1.000000 1.000000
vt 1.000000 1.000000
vt 1.000000 1.000000
vt 1.000000 1.000000
vt 1.000000 1.000000
vt 1.000000 1.000000
vt 1.000000 1.000000
vt 1.000000 1.000000
vt 1.000000 1.000000
vt 1.000000 1.000000
vt 1.000000 1.000000
vt 1.000000 1.000000
vt 1.000000 1.000000
vt 1.000000 1.000000
vt 1.000000 1.000000
vt 1.000000 1.000000
vt 1.000000 1.000000
vt 1.000000 1.000000
vt 1.000000 1.000000
vt 1.000000 1.000000
vt 1.000000 1.000000
vt 1.000000 1.000000
vt 1.000000 1.000000
vt 1.000000 1.000000
vt 1.000000 1.000000
vt 1.000000 1.000000
vt 1.000000 1.000000
vt 1.000000 1.000000
vt 1.000000 1.000000
vt 1.000000 1.000000
vt 1.000000 1.000000
vt 1.000000 0.000000
vt 1.000000 0.000000
vt 1.000000 0.000000
vt 1.000000 0.000000
vt 1.000000 0.000000
vt 1.000000 0.000000
vt 1.000000 0.000000
vt 1.000000 0.000000
vt 1.000000 0.000000
vt 1.000000 1.000000
vt 1.000000 1.000000
vt 1.000000 1.000000
vt 1.000000 1.000000
vt 1.000000 1.000000
vt 1.000000 1.000000
vt 1.000000 0.000000
vt 1.000000 0.000000
vt 0.000000 0.000000
vt 0.000000 0.000000
vt 0.000000 0.000000
vt 0.000000 0.000000
vt 1.000000 0.000000
vt 1.000000 0.000000
vt 1.000000 0.000000
vt 1.000000 0.000000
vt 1.000000 0.000000
vt 1.000000 1.000000
vt 1.000000 1.000000
vt 1.000000 1.000000
vt 1.000000 0.000000
vt 1.000000 0.000000
vt 1.000000 1.000000
vt 1.000000 1.000000
vt 1.000000 1.000000
vt 1.000000 1.000000
vt 1.000000 1.000000
vt 1.000000 0.000000
vt 0.000000 0.000000
vt 1.000000 0.000000
vt 1.000000 0.000000
vt 1.000000 0.000000
vt 1.000000 0.000000
vt 1.000000 1.000000
vt 1.000000 1.000000
vt 1.000000 0.000000
vt 1.000000 0.000000
vt 1.000000 1.000000
vt 1.000000 1.000000
vt 1.000000 1.000000
vt 1.000000 1.000000
vt 1.000000 1.000000
vt 1.000000 1.000000
vt 1.000000 1.000000
vt 1.000000 0.000000
vt 1.000000 0.000000
vt 1.000000 1.000000
vt 1.000000 1.000000
vt 1.000000 1.000000
vt 1.000000 1.000000
vt 1.000000 1.000000
vt 1.000000 0.000000
vt 1.000000 0.000000
vt 1.000000 0.000000
vt 1.000000 0.000000
vt 1.000000 0.000000
vt 1.000000 1.000000
vt 1.000000 0.000000
vt 1.000000 0.000000
vt 1.000000 0.000000
vt 1.000000 0.000000
vt 1.000000 0.000000
vt 1.000000 0.000000
vt 1.000000 1.000000
vt 1.000000 1.000000
vt 1.000000 1.000000
vt 1.000000 1.000000
vt 1.000000 1.000000
vt 1.000000 0.000000
vt 1.000000 1.000000
vt 1.000000 1.000000
vt 1.000000 0.000000
vt 0.000000 0.000000
vt 1.000000 1.000000
vt 1.000000 1.000000
vt 1.000000 1.000000
vt 1.000000 1.000000
vt 1.000000 1.000000
vt 1.000000 1.000000
vt 1.000000 1.000000
vt 1.000000 1.000000
vt 1.000000 0.000000
vt 1.000000 0.000000
vt 1.000000 0.000000
vt 1.000000 1.000000
vt 1.000000 1.000000
vt 1.000000 1.000000
vt 1.000000 1.000000
vt 1.000000 1.000000
vt 1.000000 1.000000
vt 1.000000 1.000000
vt 1.000000 1.000000
vt 1.000000 1.000000
vt 1.000000 1.000000
vt 1.000000 1.000000
vt 1.000000 1.000000
vt 1.000000 1.000000
vt 0.000000 0.000000
vt 1.000000 1.000000
vt 1.000000 1.000000
vt 1.000000 1.000000
vt 1.000000 1.000000
vt 1.000000 1.000000
vt 1.000000 1.000000
vt 1.000000 1.000000
vt 1.000000 1.000000
vt 1.000000 1.000000
vt 1.000000 1.000000
vt 1.000000 0.000000
vt 1.000000 0.000000
vt 0.000000 1.000000
vt 0.000000 1.000000
vt 0.000000 1.000000
vt 0.000000 1.000000
vt 1.000000 1.000000
vt 1.000000 1.000000
vt 1.000000 1.000000
vt 1.000000 0.000000
vt 1.000000 1.000000
vt 1.000000 1.000000
vt 1.000000 1.000000
vt 1.000000 0.000000
vt 1.000000 0.000000
vt 1.000000 1.000000
vt 1.000000 1.000000
vt 1.000000 1.000000
vt 1.000000 1.000000
vt 0.570751 0.125000
vt 0.625000 0.125000
vt 0.625000 0.250000
vt 0.570751 0.250000
vt 0.125000 0.625000
vt 0.375000 0.625000
vt 0.375000 0.750000
vt 0.125000 0.750000
vt 0.498309 0.125000
vt 0.498309 0.250000
vt 0.436654 0.125000
vt 0.436654 0.250000
vt 0.498309 0.500000
vt 0.436654 0.500000
vt 0.436654 0.750000
vt 0.498309 0.750000
vt 0.498309 1.000000
vt 0.436654 1.000000
vt 0.375000 1.000000
vt 0.375000 0.250000
vt 0.375000 0.500000
vt 0.375000 0.125000
vt 0.375000 0.000000
vt 0.436654 0.000000
vt 0.498309 0.000000
vt 0.570751 0.000000
vt 0.125000 0.500000
vt 0.625000 0.000000
vt 0.000000 0.000000
vt 0.000000 0.000000
vt 0.000000 0.000000
vt 0.000000 0.000000
vt 0.000000 0.000000
vt 0.000000 0.000000
vt 0.000000 0.000000
vt 0.000000 0.000000
vt 0.000000 0.000000
vt 0.000000 0.000000
vt 0.000000 0.000000
vt 0.000000 0.000000
vt 0.000000 0.000000
vt 0.625000 0.250000
vt 0.500000 0.250000
vt 0.500000 0.250000
vt 0.625000 0.250000
vt 0.625000 0.250000
vt 0.500000 0.250000
vt 0.750000 0.250000
vt 0.750000 0.250000
vt 0.625000 0.250000
vt 0.000000 0.000000
vt 0.000000 0.000000
vt 0.000000 0.000000
vt 0.000000 0.000000
vt 0.000000 0.000000
vt 0.000000 0.000000
vt 0.000000 0.000000
vt 0.000000 0.000000
vt 0.000000 0.000000
vt 0.375000 0.125000
vt 0.250000 0.125000
vt 0.250000 0.125000
vt 0.375000 0.125000
vt 0.125000 0.375000
vt 0.125000 0.250000
vt 0.125000 0.250000
vt 0.125000 0.375000
vt 0.375000 0.250000
vt 0.500000 0.250000
vt 0.375000 0.250000
vt 0.500000 0.375000
vt 0.500000 0.375000
vt 0.125000 0.250000
vt 0.000000 0.250000
vt 0.000000 0.250000
vt 0.125000 0.250000
vt 0.000000 0.000000
vt 0.000000 0.000000
vt 0.000000 0.000000
vt 0.000000 0.000000
vt 0.625000 0.375000
vt 0.625000 0.375000
vt 0.500000 0.375000
vt 0.375000 0.000000
vt 0.375000 0.000000
vt 0.000000 0.000000
vt 0.000000 0.000000
vt 0.000000 0.000000
vt 0.000000 0.000000
vt 0.000000 0.000000
vt 0.625000 0.375000
vt 0.250000 0.250000
vt 0.250000 0.250000
vt 0.625000 0.250000
vt 0.750000 0.250000
vt 0.000000 0.000000
vt 0.000000 0.000000
vt 0.250000 0.000000
vt 0.250000 0.000000
vt 0.375000 0.250000
vt 0.500000 0.250000
vt 0.250000 0.375000
vt 0.250000 0.375000
vt 0.750000 0.125000
vt 0.625000 0.125000
vt 0.625000 0.125000
vt 0.750000 0.125000
vt 0.625000 0.375000
vt 0.625000 0.250000
vt 0.000000 0.000000
vt 0.000000 0.000000
vt 0.000000 0.000000
vt 0.000000 0.000000
vt 0.625000 0.000000
vt 0.625000 0.000000
vt 0.500000 0.250000
vt 0.500000 0.375000
vt 0.500000 0.125000
vt 0.625000 0.125000
vt 0.625000 0.125000
vt 0.500000 0.125000
vt 0.000000 0.000000
vt 0.000000 0.000000
vt 0.000000 0.000000
vt 0.000000 0.000000
vt 0.625000 0.250000
vt 0.750000 0.250000
vt 0.750000 0.375000
vt 0.625000 0.375000
vt 0.125000 0.125000
vt 0.125000 0.125000
vt 0.500000 0.125000
vt 0.500000 0.250000
vt 0.500000 0.125000
vt 0.000000 0.125000
vt 0.000000 0.125000
vt 0.375000 0.250000
vt 0.375000 0.125000
vt 0.375000 0.125000
vt 0.000000 0.000000
vt 0.000000 0.000000
vt 0.000000 0.000000
vt 0.000000 0.000000
vt 0.000000 0.000000
vt 0.000000 0.000000
vt 0.250000 0.250000
vt 0.375000 0.250000
vt 0.375000 0.250000
vt 0.250000 0.250000
vt 0.500000 0.000000
vt 0.500000 0.125000
vt 0.500000 0.125000
vt 0.500000 0.000000
vt 0.000000 0.000000
vt 0.250000 0.375000
vt 0.250000 0.375000
vt 0.375000 0.125000
vt 0.375000 0.000000
vt 0.375000 0.000000
vt 0.375000 0.125000
vt 0.000000 0.000000
vt 0.000000 0.000000
vt 0.375000 0.375000
vt 0.375000 0.375000
vt 0.000000 0.000000
vt 0.000000 0.000000
vt 0.000000 0.000000
vt 0.000000 0.000000
vt 0.000000 0.000000
vt 0.000000 0.000000
vt 0.125000 0.000000
vt 0.125000 0.125000
vt 0.125000 0.125000
vt 0.125000 0.000000
vt 0.250000 0.250000
vt 0.250000 0.125000
vt 0.250000 0.125000
vt 0.250000 0.250000
vt 0.000000 0.125000
vt 0.000000 0.125000
vt 0.375000 0.250000
vt 0.375000 0.250000
vt 0.375000 0.125000
vt 0.375000 0.125000
vt 0.000000 0.000000
vt 0.000000 0.000000
vt 0.000000 0.000000
vt 0.000000 0.000000
vt 0.625000 0.250000
vt 0.750000 0.250000
vt 0.000000 0.000000
vt 0.000000 0.000000
vt 0.000000 0.000000
vt 0.000000 0.000000
vt 0.625000 0.125000
vt 0.625000 0.125000
vt 0.500000 0.375000
vt 0.500000 0.250000
vt 0.500000 0.125000
vt 0.500000 0.000000
vt 0.500000 0.000000
vt 0.500000 0.125000
vt 0.750000 0.125000
vt 0.750000 0.125000
vt 0.375000 0.250000
vt 0.625000 0.000000
vt 0.625000 0.125000
vt 0.625000 0.125000
vt 0.625000 0.000000
vt 0.000000 0.000000
vt 0.000000 0.000000
vt 0.000000 0.000000
vt 0.000000 0.000000
vt 0.375000 0.375000
vt 0.375000 0.375000
vt 0.000000 0.000000
vt 0.000000 0.000000
vt 0.250000 0.000000
vt 0.250000 0.125000
vt 0.250000 0.125000
vt 0.250000 0.000000
vt 0.000000 0.000000
vt 0.000000 0.000000
vt 0.000000 0.000000
vt 0.000000 0.000000
vt 0.000000 0.250000
vt 0.125000 0.250000
vt 0.125000 0.250000
vt 0.000000 0.250000
vt 0.125000 0.125000
vt 0.125000 0.000000
vt 0.125000 0.000000
vt 0.125000 0.125000
vt 0.250000 0.125000
vt 0.250000 0.250000
vt 0.250000 0.250000
vt 0.250000 0.125000
vt 0.125000 0.375000
vt 0.125000 0.375000
vt 0.125000 0.250000
vt 0.125000 0.250000
vt 0.000000 0.000000
vt 0.000000 0.000000
vt 0.125000 0.125000
vt 0.125000 0.125000
vt 0.500000 0.250000
vt 0.625000 0.250000
vt 0.000000 0.000000
vt 0.000000 0.000000
vt 1.000000 0.000000
vt 1.000000 0.000000
vt 1.000000 1.000000
vt 1.000000 1.000000
vt 1.000000 1.000000
vt 1.000000 1.000000
vt 1.000000 1.000000
vt 1.000000 1.000000
vt 0.000000 0.000000
vt 0.000000 0.000000
vt 0.000000 0.000000
vt 0.000000 0.000000
vt 1.000000 1.000000
vt 1.000000 1.000000
vt 1.000000 1.000000
vt 1.000000 1.000000
vt 1.000000 1.000000
vt 1.000000 1.000000
vt 0.000000 0.000000
vt 0.000000 0.000000
vt 0.000000 0.000000
vt 0.000000 0.000000
vt 1.000000 1.000000
vt 1.000000 1.000000
vt 1.000000 1.000000
vt 1.000000 1.000000
vt 1.000000 1.000000
vt 1.000000 1.000000
vt 1.000000 1.000000
vt 1.000000 1.000000
vt 1.000000 1.000000
vt 1.000000 1.000000
vt 1.000000 1.000000
vt 1.000000 1.000000
vt 1.000000 1.000000
vt 1.000000 1.000000
vt 1.000000 1.000000
vt 1.000000 1.000000
vt 1.000000 1.000000
vt 1.000000 1.000000
vt 1.000000 1.000000
vt 1.000000 1.000000
vt 1.000000 1.000000
vt 1.000000 1.000000
vt 1.000000 1.000000
vt 1.000000 1.000000
vt 1.000000 1.000000
vt 1.000000 1.000000
vt 1.000000 1.000000
vt 0.000000 0.000000
vt 0.000000 0.000000
vt 1.000000 0.000000
vt 1.000000 0.000000
vt 1.000000 0.000000
vt 1.000000 0.000000
vt 1.000000 0.000000
vt 1.000000 0.000000
vt 1.000000 0.000000
vt 1.000000 0.000000
vt 1.000000 0.000000
vt 1.000000 0.000000
vt 1.000000 0.000000
vt 1.000000 0.000000
vt 1.000000 0.000000
vt 1.000000 0.000000
vt 0.000000 0.000000
vt 0.000000 1.000000
vt 0.000000 1.000000
vt 1.000000 0.000000
vt 1.000000 0.000000
vt 1.000000 0.000000
vt 1.000000 0.000000
vt 1.000000 0.000000
vt 1.000000 0.000000
vt 1.000000 0.000000
vt 1.000000 0.000000
vt 1.000000 0.000000
vt 1.000000 0.000000
vt 1.000000 0.000000
vt 1.000000 0.000000
vt 0.000000 0.000000
vt 0.000000 0.000000
vt 0.000000 0.000000
vt 0.000000 0.000000
vt 0.000000 0.000000
vt 0.000000 0.000000
vt 0.000000 0.000000
vt 0.000000 0.000000
vt 0.000000 0.000000
vt 0.000000 0.000000
vt 0.000000 0.000000
vt 0.000000 0.000000
vt 1.000000 0.000000
vt 1.000000 0.000000
vt 1.000000 0.000000
vt 1.000000 0.000000
vt 1.000000 0.000000
vt 0.000000 0.000000
vt 0.000000 0.000000
vt 0.000000 0.000000
vt 0.000000 0.000000
vt 1.000000 1.000000
vt 1.000000 0.000000
vt 1.000000 1.000000
vt 0.000000 0.000000
vt 0.000000 0.000000
vt 0.000000 0.000000
vt 0.000000 0.000000
vt 0.000000 0.000000
vt 0.000000 0.000000
vt 0.000000 0.000000
vt 1.000000 1.000000
vt 1.000000 0.000000
vt 1.000000 1.000000
vt 0.000000 0.000000
vt 0.000000 0.000000
vt 0.000000 0.000000
vt 0.000000 0.000000
vt 0.000000 0.000000
vt 0.000000 0.000000
vt 0.000000 0.000000
vt 1.000000 0.000000
vt 0.000000 0.000000
vt 0.000000 0.000000
vt 0.000000 0.000000
vt 0.000000 0.000000
vt 1.000000 0.000000
vt 1.000000 0.000000
vt 1.000000 0.000000
vt 1.000000 1.000000
vt 1.000000 0.000000
vt 1.000000 1.000000
vt 1.000000 0.000000
vt 1.000000 0.000000
vt 1.000000 0.000000
vt 1.000000 0.000000
vt 1.000000 0.000000
vt 1.000000 0.000000
vt 0.000000 0.000000
vt 0.000000 0.000000
vt 0.000000 0.000000
vt 0.000000 0.000000
vt 0.000000 0.000000
vt 0.000000 0.000000
vt 1.000000 0.000000
vt 1.000000 0.000000
vt 1.000000 0.000000
vt 1.000000 0.000000
vt 1.000000 0.500000
vt 1.000000 1.000000
vt 1.000000 1.000000
vt 1.000000 0.500000
vt 0.289503 0.486727
vt 0.250000 0.490000
vt 0.210498 0.486727
vt 0.172073 0.476996
vt 0.135773 0.461074
vt 0.102589 0.439394
vt 0.073427 0.412548
vt 0.049080 0.381268
vt 0.030215 0.346407
vt 0.017344 0.308917
vt 0.010820 0.269820
vt 0.010820 0.230181
vt 0.017344 0.191084
vt 0.030214 0.153593
vt 0.049080 0.118733
vt 0.073426 0.087453
vt 0.102589 0.060606
vt 0.135772 0.038926
vt 0.172072 0.023004
vt 0.210497 0.013273
vt 0.250000 0.010000
vt 0.289503 0.013273
vt 0.327928 0.023004
vt 0.364227 0.038926
vt 0.397411 0.060606
vt 0.426574 0.087452
vt 0.450920 0.118732
vt 0.469786 0.153593
vt 0.482656 0.191083
vt 0.489180 0.230181
vt 0.489180 0.269819
vt 0.482656 0.308917
vt 0.469786 0.346407
vt 0.450920 0.381268
vt 0.426574 0.412548
vt 0.397411 0.439394
vt 0.364227 0.461074
vt 0.327928 0.476996
vt 0.750000 0.490000
vt 0.789503 0.486727
vt 0.827928 0.476996
vt 0.864227 0.461074
vt 0.897411 0.439394
vt 0.926574 0.412548
vt 0.950920 0.381268
vt 0.969786 0.346407
vt 0.982656 0.308917
vt 0.989180 0.269819
vt 0.989180 0.230181
vt 0.982656 0.191083
vt 0.969786 0.153593
vt 0.950920 0.118732
vt 0.926574 0.087452
vt 0.897411 0.060606
vt 0.864227 0.038926
vt 0.827928 0.023004
vt 0.789503 0.013273
vt 0.750000 0.010000
vt 0.710497 0.013273
vt 0.672072 0.023004
vt 0.635772 0.038926
vt 0.602589 0.060606
vt 0.573426 0.087453
vt 0.549080 0.118733
vt 0.530214 0.153593
vt 0.517344 0.191084
vt 0.510820 0.230181
vt 0.510820 0.269820
vt 0.517344 0.308917
vt 0.530215 0.346407
vt 0.549080 0.381268
vt 0.573427 0.412548
vt 0.602589 0.439394
vt 0.635773 0.461074
vt 0.672073 0.476996
vt 0.710498 0.486727
vt 1.000000 1.000000
vt 1.000000 1.000000
vt 1.000000 1.000000
vt 1.000000 1.000000
vt 1.000000 1.000000
vt 1.000000 1.000000
vt 1.000000 1.000000
vt 1.000000 1.000000
vt 1.000000 1.000000
vt 0.000000 0.500000
vt 0.000000 1.000000
vt 1.000000 1.000000
vt 1.000000 0.500000
vt 0.000000 0.491199
vt 1.000000 0.491199
vt 0.000000 0.000000
vt 1.000000 0.000000
vt 0.750000 0.490000
vt 0.796822 0.485388
vt 0.841844 0.471731
vt 0.883337 0.449553
vt 0.919706 0.419706
vt 0.949553 0.383337
vt 0.971731 0.341844
vt 0.985388 0.296822
vt 0.990000 0.250000
vt 0.985388 0.203178
vt 0.971731 0.158156
vt 0.949553 0.116663
vt 0.919706 0.080294
vt 0.883337 0.050447
vt 0.841844 0.028269
vt 0.796822 0.014612
vt 0.750000 0.010000
vt 0.703178 0.014612
vt 0.658156 0.028269
vt 0.616663 0.050447
vt 0.580294 0.080294
vt 0.550447 0.116663
vt 0.528269 0.158156
vt 0.514611 0.203179
vt 0.510000 0.250000
vt 0.514612 0.296822
vt 0.528269 0.341844
vt 0.550447 0.383337
vt 0.580295 0.419706
vt 0.616663 0.449553
vt 0.658156 0.471731
vt 0.703179 0.485389
vt 0.750000 0.490000
vt 0.796822 0.485388
vt 0.841844 0.471731
vt 0.883337 0.449553
vt 0.919706 0.419706
vt 0.949553 0.383337
vt 0.971731 0.341844
vt 0.985388 0.296822
vt 0.990000 0.250000
vt 0.985388 0.203178
vt 0.971731 0.158156
vt 0.949553 0.116663
vt 0.919706 0.080294
vt 0.883337 0.050447
vt 0.841844 0.028269
vt 0.796822 0.014612
vt 0.750000 0.010000
vt 0.703178 0.014612
vt 0.658156 0.028269
vt 0.616663 0.050447
vt 0.580294 0.080294
vt 0.550447 0.116663
vt 0.528269 0.158156
vt 0.514611 0.203179
vt 0.510000 0.250000
vt 0.514612 0.296822
vt 0.528269 0.341844
vt 0.550447 0.383337
vt 0.580295 0.419706
vt 0.616663 0.449553
vt 0.658156 0.471731
vt 0.703179 0.485389
vt 0.000000 0.500000
vt 0.000000 1.000000
vt 1.000000 1.000000
vt 1.000000 0.500000
vt 0.750000 0.490000
vt 0.796822 0.485388
vt 0.841844 0.471731
vt 0.883337 0.449553
vt 0.919706 0.419706
vt 0.949553 0.383337
vt 0.971731 0.341844
vt 0.985388 0.296822
vt 0.990000 0.250000
vt 0.985388 0.203178
vt 0.971731 0.158156
vt 0.949553 0.116663
vt 0.919706 0.080294
vt 0.883337 0.050447
vt 0.841844 0.028269
vt 0.796822 0.014612
vt 0.750000 0.010000
vt 0.703178 0.014612
vt 0.658156 0.028269
vt 0.616663 0.050447
vt 0.580294 0.080294
vt 0.550447 0.116663
vt 0.528269 0.158156
vt 0.514611 0.203179
vt 0.510000 0.250000
vt 0.514612 0.296822
vt 0.528269 0.341844
vt 0.550447 0.383337
vt 0.580295 0.419706
vt 0.616663 0.449553
vt 0.658156 0.471731
vt 0.703179 0.485389
vt 0.000000 0.000000
vt 0.000000 1.000000
vt 1.000000 1.000000
vt 1.000000 0.000000
vt 0.000000 0.000000
vt 0.000000 1.000000
vt 1.000000 1.000000
vt 1.000000 0.000000
vt 1.000000 1.000000
vt 1.000000 0.000000
vt 1.000000 0.000000
vt 1.000000 1.000000
vt 1.000000 0.000000
vt 1.000000 1.000000
vt 1.000000 0.000000
vt 1.000000 1.000000
vt 1.000000 1.000000
vt 1.000000 0.000000
vt 1.000000 0.000000
vt 1.000000 1.000000
vt 1.000000 0.000000
vt 1.000000 1.000000
vt 1.000000 0.000000
vt 1.000000 1.000000
vt 1.000000 0.000000
vt 1.000000 1.000000
vt 1.000000 0.000000
vt 1.000000 1.000000
vt 1.000000 1.000000
vt 1.000000 0.000000
vt 1.000000 0.000000
vt 1.000000 1.000000
vt 1.000000 0.000000
vt 1.000000 0.000000
vt 1.000000 0.000000
vt 1.000000 0.000000
vt 1.000000 0.000000
vt 1.000000 0.000000
vt 0.000000 0.000000
vt 0.000000 0.000000
vt 0.000000 0.000000
vt 0.000000 0.000000
vt 1.000000 0.000000
vt 1.000000 0.000000
vt 1.000000 0.000000
vt 1.000000 0.000000
vt 1.000000 0.000000
vt 1.000000 0.000000
vt 1.000000 0.000000
vt 1.000000 0.000000
vt 1.000000 0.000000
vt 1.000000 0.000000
vt 0.000000 0.000000
vt 1.000000 0.000000
vt 1.000000 0.000000
vt 1.000000 0.000000
vt 1.000000 0.000000
vt 1.000000 0.000000
vt 1.000000 0.000000
vt 1.000000 0.000000
vt 1.000000 0.000000
vt 1.000000 0.000000
vt 1.000000 0.000000
vt 1.000000 0.000000
vt 1.000000 0.000000
vt 1.000000 1.000000
vt 1.000000 1.000000
vt 1.000000 0.000000
vt 1.000000 0.000000
vt 1.000000 0.000000
vt 1.000000 0.000000
vt 1.000000 1.000000
vt 1.000000 0.000000
vt 1.000000 0.000000
vt 1.000000 1.000000
vt 1.000000 0.000000
vt 1.000000 1.000000
vt 1.000000 0.000000
vt 1.000000 1.000000
vt 1.000000 0.000000
vt 1.000000 1.000000
vt 1.000000 1.000000
vt 1.000000 1.000000
vt 1.000000 1.000000
vt 1.000000 1.000000
vt 1.000000 1.000000
vt 1.000000 1.000000
vt 1.000000 1.000000
vt 1.000000 1.000000
vt 1.000000 1.000000
vt 1.000000 0.000000
vt 1.000000 0.000000
vt 1.000000 0.000000
vt 1.000000 0.000000
vt 1.000000 1.000000
vt 1.000000 1.000000
vt 1.000000 1.000000
vt 1.000000 1.000000
vt 1.000000 1.000000
vt 1.000000 1.000000
vt 1.000000 0.000000
vt 1.000000 0.000000
vt 1.000000 0.000000
vt 1.000000 0.000000
vt 1.000000 0.000000
vt 1.000000 0.000000
vt 1.000000 1.000000
vt 1.000000 1.000000
vt 1.000000 1.000000
vt 1.000000 1.000000
vt 1.000000 1.000000
vt 1.000000 1.000000
vt 1.000000 1.000000
vt 1.000000 1.000000
vt 1.000000 1.000000
vt 1.000000 1.000000
vt 1.000000 1.000000
vt 1.000000 1.000000
vt 1.000000 1.000000
vt 1.000000 0.000000
vt 1.000000 1.000000
vt 1.000000 0.000000
vt 1.000000 0.000000
vt 1.000000 0.000000
vt 1.000000 0.000000
vt 1.000000 1.000000
vt 1.000000 1.000000
vt 1.000000 1.000000
vt 1.000000 1.000000
vt 1.000000 1.000000
vt 1.000000 1.000000
vt 1.000000 1.000000
vt 1.000000 1.000000
vt 1.000000 1.000000
vt 1.000000 1.000000
vt 1.000000 1.000000
vt 1.000000 1.000000
vt 1.000000 1.000000
vt 1.000000 1.000000
vt 1.000000 1.000000
vt 1.000000 1.000000
vt 1.000000 1.000000
vt 1.000000 1.000000
vt 1.000000 1.000000
vt 1.000000 1.000000
vt 1.000000 1.000000
vt 1.000000 1.000000
vt 1.000000 1.000000
vt 1.000000 1.000000
vt 1.000000 1.000000
vt 1.000000 1.000000
vt 1.000000 1.000000
vt 1.000000 1.000000
vt 1.000000 1.000000
vt 1.000000 1.000000
vt 1.000000 0.000000
vt 1.000000 0.000000
vt 1.000000 1.000000
vt 1.000000 1.000000
vt 1.000000 1.000000
vt 1.000000 1.000000
vt 1.000000 0.000000
vt 1.000000 0.000000
vt 1.000000 0.000000
vt 1.000000 1.000000
vt 1.000000 1.000000
vt 1.000000 0.000000
vt 1.000000 0.000000
vt 1.000000 1.000000
vt 1.000000 0.000000
vt 1.000000 1.000000
vt 1.000000 0.000000
vt 1.000000 1.000000
vt 1.000000 1.000000
vt 1.000000 0.000000
vt 1.000000 0.000000
vt 1.000000 1.000000
vt 1.000000 0.000000
vt 1.000000 1.000000
vt 1.000000 0.000000
vt 1.000000 1.000000
vt 1.000000 0.000000
vt 1.000000 1.000000
vt 1.000000 0.000000
vt 1.000000 1.000000
vt 1.000000 1.000000
vt 1.000000 0.000000
vt 1.000000 0.000000
vt 1.000000 0.000000
vt 1.000000 0.000000
vt 1.000000 0.000000
vt 1.000000 0.000000
vt 1.000000 0.000000
vt 1.000000 0.000000
vt 1.000000 0.000000
vt 1.000000 0.000000
vt 1.000000 0.000000
vt 1.000000 0.000000
vt 1.000000 0.000000
vt 1.000000 0.000000
vt 1.000000 0.000000
vt 1.000000 0.000000
vt 1.000000 0.000000
vt 1.000000 0.000000
vt 1.000000 0.000000
vt 1.000000 0.000000
vt 1.000000 0.000000
vt 1.000000 0.000000
vt 1.000000 0.000000
vt 1.000000 0.000000
vt 1.000000 0.000000
vt 1.000000 0.000000
vt 1.000000 1.000000
vt 1.000000 0.000000
vt 1.000000 0.000000
vt 1.000000 0.000000
vt 1.000000 0.000000
vt 1.000000 1.000000
vt 1.000000 1.000000
vt 1.000000 0.000000
vt 1.000000 0.000000
vt 1.000000 1.000000
vt 1.000000 1.000000
vt 1.000000 0.000000
vt 1.000000 0.000000
vt 1.000000 1.000000
vt 1.000000 0.000000
vt 1.000000 1.000000
vt 1.000000 0.000000
vt 1.000000 1.000000
vt 1.000000 0.000000
vt 1.000000 1.000000
vt 1.000000 1.000000
vt 1.000000 1.000000
vt 1.000000 1.000000
vt 1.000000 1.000000
vt 1.000000 1.000000
vt 1.000000 1.000000
vt 1.000000 1.000000
vt 1.000000 1.000000
vt 1.000000 1.000000
vt 1.000000 1.000000
vt 1.000000 1.000000
vt 1.000000 1.000000
vt 1.000000 1.000000
vt 1.000000 1.000000
vt 1.000000 0.000000
vt 1.000000 0.000000
vt 1.000000 1.000000
vt 1.000000 1.000000
vt 1.000000 1.000000
vt 1.000000 1.000000
vt 1.000000 1.000000
vt 1.000000 1.000000
vt 1.000000 1.000000
vt 1.000000 1.000000
vt 1.000000 1.000000
vt 1.000000 1.000000
vt 1.000000 1.000000
vt 1.000000 1.000000
vt 1.000000 1.000000
vt 1.000000 1.000000
vt 1.000000 1.000000
vt 1.000000 1.000000
vt 1.000000 1.000000
vt 1.000000 1.000000
vt 1.000000 1.000000
vt 1.000000 1.000000
vt 1.000000 1.000000
vt 1.000000 1.000000
vt 1.000000 1.000000
vt 1.000000 1.000000
vt 1.000000 1.000000
vt 1.000000 1.000000
vt 1.000000 1.000000
vt 1.000000 1.000000
vt 1.000000 1.000000
vt 1.000000 1.000000
vt 1.000000 1.000000
vt 1.000000 1.000000
vt 1.000000 1.000000
vt 1.000000 1.000000
vt 1.000000 1.000000
vt 1.000000 1.000000
vt 1.000000 1.000000
vt 1.000000 1.000000
vt 1.000000 1.000000
vt 1.000000 1.000000
vt 1.000000 0.000000
vt 1.000000 0.000000
vt 1.000000 0.000000
vt 1.000000 0.000000
vt 1.000000 0.000000
vt 1.000000 0.000000
vt 1.000000 0.000000
vt 1.000000 0.000000
vt 1.000000 0.000000
vt 1.000000 1.000000
vt 1.000000 1.000000
vt 1.000000 1.000000
vt 1.000000 1.000000
vt 1.000000 1.000000
vt 1.000000 1.000000
vt 1.000000 0.000000
vt 1.000000 0.000000
vt 0.000000 0.000000
vt 0.000000 0.000000
vt 0.000000 0.000000
vt 0.000000 0.000000
vt 1.000000 0.000000
vt 1.000000 0.000000
vt 1.000000 0.000000
vt 1.000000 0.000000
vt 1.000000 0.000000
vt 1.000000 1.000000
vt 1.000000 1.000000
vt 1.000000 0.000000
vt 1.000000 1.000000
vt 1.000000 0.000000
vt 1.000000 1.000000
vt 1.000000 1.000000
vt 1.000000 1.000000
vt 1.000000 1.000000
vt 1.000000 1.000000
vt 1.000000 0.000000
vt 0.000000 0.000000
vt 1.000000 0.000000
vt 1.000000 0.000000
vt 1.000000 0.000000
vt 1.000000 0.000000
vt 1.000000 1.000000
vt 1.000000 1.000000
vt 1.000000 0.000000
vt 1.000000 0.000000
vt 1.000000 1.000000
vt 1.000000 1.000000
vt 1.000000 1.000000
vt 1.000000 1.000000
vt 1.000000 1.000000
vt 1.000000 1.000000
vt 1.000000 1.000000
vt 1.000000 0.000000
vt 1.000000 0.000000
vt 1.000000 1.000000
vt 1.000000 1.000000
vt 1.000000 1.000000
vt 1.000000 1.000000
vt 1.000000 1.000000
vt 1.000000 0.000000
vt 1.000000 0.000000
vt 1.000000 0.000000
vt 1.000000 0.000000
vt 1.000000 0.000000
vt 1.000000 1.000000
vt 1.000000 0.000000
vt 1.000000 0.000000
vt 1.000000 0.000000
vt 1.000000 0.000000
vt 1.000000 0.000000
vt 1.000000 0.000000
vt 1.000000 1.000000
vt 1.000000 1.000000
vt 1.000000 1.000000
vt 1.000000 1.000000
vt 1.000000 1.000000
vt 1.000000 0.000000
vt 1.000000 1.000000
vt 1.000000 1.000000
vt 1.000000 0.000000
vt 0.000000 0.000000
vt 1.000000 1.000000
vt 1.000000 1.000000
vt 1.000000 1.000000
vt 1.000000 1.000000
vt 1.000000 1.000000
vt 1.000000 1.000000
vt 1.000000 1.000000
vt 1.000000 1.000000
vt 1.000000 0.000000
vt 1.000000 0.000000
vt 1.000000 0.000000
vt 1.000000 1.000000
vt 1.000000 1.000000
vt 1.000000 1.000000
vt 1.000000 1.000000
vt 1.000000 1.000000
vt 1.000000 1.000000
vt 1.000000 1.000000
vt 1.000000 1.000000
vt 1.000000 1.000000
vt 1.000000 1.000000
vt 1.000000 1.000000
vt 1.000000 1.000000
vt 1.000000 1.000000
vt 0.000000 0.000000
vt 1.000000 1.000000
vt 1.000000 1.000000
vt 1.000000 1.000000
vt 1.000000 1.000000
vt 1.000000 1.000000
vt 1.000000 1.000000
vt 1.000000 1.000000
vt 1.000000 1.000000
vt 1.000000 0.000000
vt 1.000000 1.000000
vt 1.000000 1.000000
vt 1.000000 1.000000
vt 1.000000 0.000000
vt 1.000000 0.000000
vt 0.000000 1.000000
vt 0.000000 1.000000
vt 0.000000 1.000000
vt 0.000000 1.000000
vt 1.000000 1.000000
vt 1.000000 1.000000
vt 1.000000 1.000000
vt 1.000000 0.000000
vt 1.000000 1.000000
vt 1.000000 1.000000
vt 1.000000 1.000000
vt 1.000000 0.000000
vt 1.000000 0.000000
vt 1.000000 1.000000
vt 1.000000 1.000000
vt 1.000000 1.000000
vt 1.000000 1.000000
vt 1.000000 1.000000
vt 0.570751 0.125000
vt 0.570751 0.250000
vt 0.625000 0.250000
vt 0.625000 0.125000
vt 0.125000 0.625000
vt 0.125000 0.750000
vt 0.375000 0.750000
vt 0.375000 0.625000
vt 0.498309 0.125000
vt 0.498309 0.250000
vt 0.436654 0.125000
vt 0.436654 0.250000
vt 0.436654 0.500000
vt 0.498309 0.500000
vt 0.436654 0.750000
vt 0.436654 1.000000
vt 0.498309 1.000000
vt 0.498309 0.750000
vt 0.375000 1.000000
vt 0.375000 0.250000
vt 0.375000 0.500000
vt 0.375000 0.125000
vt 0.375000 0.000000
vt 0.436654 0.000000
vt 0.498309 0.000000
vt 0.570751 0.000000
vt 0.125000 0.500000
vt 0.625000 0.000000
vt 0.000000 0.000000
vt 0.000000 0.000000
vt 0.000000 0.000000
vt 0.000000 0.000000
vt 0.000000 0.000000
vt 0.000000 0.000000
vt 0.000000 0.000000
vt 0.000000 0.000000
vt 0.000000 0.000000
vt 0.000000 0.000000
vt 0.000000 0.000000
vt 0.000000 0.000000
vt 0.000000 0.000000
vt 0.625000 0.250000
vt 0.625000 0.250000
vt 0.500000 0.250000
vt 0.500000 0.250000
vt 0.500000 0.250000
vt 0.625000 0.250000
vt 0.625000 0.250000
vt 0.750000 0.250000
vt 0.750000 0.250000
vt 0.000000 0.000000
vt 0.000000 0.000000
vt 0.000000 0.000000
vt 0.000000 0.000000
vt 0.000000 0.000000
vt 0.000000 0.000000
vt 0.000000 0.000000
vt 0.000000 0.000000
vt 0.000000 0.000000
vt 0.375000 0.125000
vt 0.375000 0.125000
vt 0.250000 0.125000
vt 0.250000 0.125000
vt 0.125000 0.375000
vt 0.125000 0.375000
vt 0.125000 0.250000
vt 0.125000 0.250000
vt 0.375000 0.250000
vt 0.375000 0.250000
vt 0.500000 0.250000
vt 0.500000 0.375000
vt 0.500000 0.375000
vt 0.125000 0.250000
vt 0.125000 0.250000
vt 0.000000 0.250000
vt 0.000000 0.250000
vt 0.000000 0.000000
vt 0.000000 0.000000
vt 0.000000 0.000000
vt 0.000000 0.000000
vt 0.625000 0.375000
vt 0.625000 0.375000
vt 0.500000 0.375000
vt 0.375000 0.000000
vt 0.375000 0.000000
vt 0.000000 0.000000
vt 0.000000 0.000000
vt 0.000000 0.000000
vt 0.000000 0.000000
vt 0.000000 0.000000
vt 0.625000 0.375000
vt 0.250000 0.250000
vt 0.250000 0.250000
vt 0.750000 0.250000
vt 0.625000 0.250000
vt 0.000000 0.000000
vt 0.000000 0.000000
vt 0.250000 0.000000
vt 0.250000 0.000000
vt 0.500000 0.250000
vt 0.375000 0.250000
vt 0.250000 0.375000
vt 0.250000 0.375000
vt 0.750000 0.125000
vt 0.750000 0.125000
vt 0.625000 0.125000
vt 0.625000 0.125000
vt 0.625000 0.250000
vt 0.625000 0.375000
vt 0.000000 0.000000
vt 0.000000 0.000000
vt 0.000000 0.000000
vt 0.000000 0.000000
vt 0.625000 0.000000
vt 0.625000 0.000000
vt 0.500000 0.375000
vt 0.500000 0.250000
vt 0.500000 0.125000
vt 0.500000 0.125000
vt 0.625000 0.125000
vt 0.625000 0.125000
vt 0.000000 0.000000
vt 0.000000 0.000000
vt 0.000000 0.000000
vt 0.000000 0.000000
vt 0.625000 0.250000
vt 0.625000 0.375000
vt 0.750000 0.375000
vt 0.750000 0.250000
vt 0.125000 0.125000
vt 0.125000 0.125000
vt 0.500000 0.125000
vt 0.500000 0.125000
vt 0.500000 0.250000
vt 0.000000 0.125000
vt 0.000000 0.125000
vt 0.375000 0.250000
vt 0.375000 0.125000
vt 0.375000 0.125000
vt 0.000000 0.000000
vt 0.000000 0.000000
vt 0.000000 0.000000
vt 0.000000 0.000000
vt 0.000000 0.000000
vt 0.000000 0.000000
vt 0.250000 0.250000
vt 0.250000 0.250000
vt 0.375000 0.250000
vt 0.375000 0.250000
vt 0.500000 0.000000
vt 0.500000 0.000000
vt 0.500000 0.125000
vt 0.500000 0.125000
vt 0.000000 0.000000
vt 0.250000 0.375000
vt 0.250000 0.375000
vt 0.375000 0.125000
vt 0.375000 0.125000
vt 0.375000 0.000000
vt 0.375000 0.000000
vt 0.000000 0.000000
vt 0.000000 0.000000
vt 0.375000 0.375000
vt 0.375000 0.375000
vt 0.000000 0.000000
vt 0.000000 0.000000
vt 0.000000 0.000000
vt 0.000000 0.000000
vt 0.000000 0.000000
vt 0.000000 0.000000
vt 0.125000 0.000000
vt 0.125000 0.000000
vt 0.125000 0.125000
vt 0.125000 0.125000
vt 0.250000 0.250000
vt 0.250000 0.250000
vt 0.250000 0.125000
vt 0.250000 0.125000
vt 0.000000 0.125000
vt 0.000000 0.125000
vt 0.375000 0.250000
vt 0.375000 0.250000
vt 0.375000 0.125000
vt 0.375000 0.125000
vt 0.000000 0.000000
vt 0.000000 0.000000
vt 0.000000 0.000000
vt 0.000000 0.000000
vt 0.750000 0.250000
vt 0.625000 0.250000
vt 0.000000 0.000000
vt 0.000000 0.000000
vt 0.000000 0.000000
vt 0.000000 0.000000
vt 0.625000 0.125000
vt 0.625000 0.125000
vt 0.500000 0.250000
vt 0.500000 0.375000
vt 0.500000 0.125000
vt 0.500000 0.125000
vt 0.500000 0.000000
vt 0.500000 0.000000
vt 0.750000 0.125000
vt 0.750000 0.125000
vt 0.375000 0.250000
vt 0.625000 0.000000
vt 0.625000 0.000000
vt 0.625000 0.125000
vt 0.625000 0.125000
vt 0.000000 0.000000
vt 0.000000 0.000000
vt 0.000000 0.000000
vt 0.000000 0.000000
vt 0.375000 0.375000
vt 0.375000 0.375000
vt 0.000000 0.000000
vt 0.000000 0.000000
vt 0.250000 0.000000
vt 0.250000 0.000000
vt 0.250000 0.125000
vt 0.250000 0.125000
vt 0.000000 0.000000
vt 0.000000 0.000000
vt 0.000000 0.000000
vt 0.000000 0.000000
vt 0.000000 0.250000
vt 0.000000 0.250000
vt 0.125000 0.250000
vt 0.125000 0.250000
vt 0.125000 0.125000
vt 0.125000 0.125000
vt 0.125000 0.000000
vt 0.125000 0.000000
vt 0.250000 0.125000
vt 0.250000 0.125000
vt 0.250000 0.250000
vt 0.250000 0.250000
vt 0.125000 0.375000
vt 0.125000 0.375000
vt 0.125000 0.250000
vt 0.125000 0.250000
vt 0.000000 0.000000
vt 0.000000 0.000000
vt 0.125000 0.125000
vt 0.125000 0.125000
vt 0.500000 0.250000
vt 0.625000 0.250000
vt 0.000000 0.000000
vt 0.000000 0.000000
vt 1.000000 0.000000
vt 1.000000 0.000000
vt 1.000000 1.000000
vt 1.000000 1.000000
vt 1.000000 1.000000
vt 1.000000 1.000000
vt 1.000000 1.000000
vt 1.000000 1.000000
vt 0.000000 0.000000
vt 0.000000 0.000000
vt 0.000000 0.000000
vt 0.000000 0.000000
vt 1.000000 1.000000
vt 1.000000 1.000000
vt 1.000000 1.000000
vt 1.000000 1.000000
vt 1.000000 1.000000
vt 1.000000 1.000000
vt 0.000000 0.000000
vt 0.000000 0.000000
vt 0.000000 0.000000
vt 0.000000 0.000000
vt 1.000000 1.000000
vt 1.000000 1.000000
vt 1.000000 1.000000
vt 1.000000 1.000000
vt 1.000000 1.000000
vt 1.000000 1.000000
vt 1.000000 1.000000
vt 1.000000 1.000000
vt 1.000000 1.000000
vt 1.000000 1.000000
vt 1.000000 1.000000
vt 1.000000 1.000000
vt 1.000000 1.000000
vt 1.000000 1.000000
vt 1.000000 1.000000
vt 1.000000 1.000000
vt 1.000000 1.000000
vt 1.000000 1.000000
vt 1.000000 1.000000
vt 1.000000 1.000000
vt 1.000000 1.000000
vt 1.000000 1.000000
vt 1.000000 1.000000
vt 1.000000 1.000000
vt 1.000000 1.000000
vt 1.000000 1.000000
vt 1.000000 1.000000
vt 0.000000 0.000000
vt 0.000000 0.000000
vt 1.000000 0.000000
vt 1.000000 0.000000
vt 1.000000 0.000000
vt 1.000000 0.000000
vt 1.000000 0.000000
vt 1.000000 0.000000
vt 1.000000 0.000000
vt 1.000000 0.000000
vt 1.000000 0.000000
vt 1.000000 0.000000
vt 1.000000 0.000000
vt 1.000000 0.000000
vt 1.000000 0.000000
vt 1.000000 0.000000
vt 0.000000 1.000000
vt 0.000000 0.000000
vt 0.000000 1.000000
vt 1.000000 0.000000
vt 1.000000 0.000000
vt 1.000000 0.000000
vt 1.000000 0.000000
vt 1.000000 0.000000
vt 1.000000 0.000000
vt 1.000000 0.000000
vt 1.000000 0.000000
vt 1.000000 0.000000
vt 1.000000 0.000000
vt 1.000000 0.000000
vt 1.000000 0.000000
vt 0.000000 0.000000
vt 0.000000 0.000000
vt 0.000000 0.000000
vt 0.000000 0.000000
vt 0.000000 0.000000
vt 0.000000 0.000000
vt 0.000000 0.000000
vt 0.000000 0.000000
vt 0.000000 0.000000
vt 0.000000 0.000000
vt 0.000000 0.000000
vt 0.000000 0.000000
vt 1.000000 0.000000
vt 1.000000 0.000000
vt 1.000000 0.000000
vt 1.000000 0.000000
vt 1.000000 0.000000
vt 0.000000 0.000000
vt 0.000000 0.000000
vt 0.000000 0.000000
vt 0.000000 0.000000
vt 1.000000 1.000000
vt 1.000000 1.000000
vt 1.000000 0.000000
vt 0.000000 0.000000
vt 0.000000 0.000000
vt 0.000000 0.000000
vt 0.000000 0.000000
vt 0.000000 0.000000
vt 0.000000 0.000000
vt 0.000000 0.000000
vt 1.000000 1.000000
vt 1.000000 1.000000
vt 1.000000 0.000000
vt 0.000000 0.000000
vt 0.000000 0.000000
vt 0.000000 0.000000
vt 0.000000 0.000000
vt 0.000000 0.000000
vt 0.000000 0.000000
vt 0.000000 0.000000
vt 1.000000 0.000000
vt 0.000000 0.000000
vt 0.000000 0.000000
vt 0.000000 0.000000
vt 0.000000 0.000000
vt 1.000000 0.000000
vt 1.000000 0.000000
vt 1.000000 0.000000
vt 1.000000 1.000000
vt 1.000000 1.000000
vt 1.000000 0.000000
vt 1.000000 0.000000
vt 1.000000 0.000000
vt 1.000000 0.000000
vt 1.000000 0.000000
vt 1.000000 0.000000
vt 1.000000 0.000000
vt 0.000000 0.000000
vt 0.000000 0.000000
vt 0.000000 0.000000
vt 0.000000 0.000000
vt 0.000000 0.000000
vt 0.000000 0.000000
vt 1.000000 0.500000
vt 1.000000 0.500000
vt 1.000000 1.000000
vt 1.000000 1.000000
vt 1.000000 0.000000
vt 1.000000 0.000000
vt 0.000000 1.000000
vt 0.000000 1.000000
vt 1.000000 1.000000
vt 1.000000 1.000000
vt 0.000000 0.500000
vt 0.000000 0.500000
vt 0.000000 0.000000
vt 0.000000 0.000000
vt 0.289503 0.486727
vt 0.327928 0.476996
vt 0.364227 0.461074
vt 0.397411 0.439394
vt 0.426574 0.412548
vt 0.450920 0.381268
vt 0.469786 0.346407
vt 0.482656 0.308917
vt 0.489180 0.269819
vt 0.489180 0.230181
vt 0.482656 0.191083
vt 0.469786 0.153593
vt 0.450920 0.118732
vt 0.426574 0.087452
vt 0.397411 0.060606
vt 0.364227 0.038926
vt 0.327928 0.023004
vt 0.289503 0.013273
vt 0.250000 0.010000
vt 0.210497 0.013273
vt 0.172072 0.023004
vt 0.135772 0.038926
vt 0.102589 0.060606
vt 0.073426 0.087453
vt 0.049080 0.118733
vt 0.030214 0.153593
vt 0.017344 0.191084
vt 0.010820 0.230181
vt 0.010820 0.269820
vt 0.017344 0.308917
vt 0.030215 0.346407
vt 0.049080 0.381268
vt 0.073427 0.412548
vt 0.102589 0.439394
vt 0.135773 0.461074
vt 0.172073 0.476996
vt 0.210498 0.486727
vt 0.250000 0.490000
vt 0.750000 0.490000
vt 0.710498 0.486727
vt 0.672073 0.476996
vt 0.635773 0.461074
vt 0.602589 0.439394
vt 0.573427 0.412548
vt 0.549080 0.381268
vt 0.530215 0.346407
vt 0.517344 0.308917
vt 0.510820 0.269820
vt 0.510820 0.230181
vt 0.517344 0.191084
vt 0.530214 0.153593
vt 0.549080 0.118733
vt 0.573426 0.087453
vt 0.602589 0.060606
vt 0.635772 0.038926
vt 0.672072 0.023004
vt 0.710497 0.013273
vt 0.750000 0.010000
vt 0.789503 0.013273
vt 0.827928 0.023004
vt 0.864227 0.038926
vt 0.897411 0.060606
vt 0.926574 0.087452
vt 0.950920 0.118732
vt 0.969786 0.153593
vt 0.982656 0.191083
vt 0.989180 0.230181
vt 0.989180 0.269819
vt 0.982656 0.308917
vt 0.969786 0.346407
vt 0.950920 0.381268
vt 0.926574 0.412548
vt 0.897411 0.439394
vt 0.864227 0.461074
vt 0.827928 0.476996
vt 0.789503 0.486727
vt 1.000000 1.000000
vt 1.000000 1.000000
vt 1.000000 1.000000
vt 1.000000 1.000000
vt 1.000000 1.000000
vt 1.000000 1.000000
vt 1.000000 1.000000
vt 1.000000 1.000000
vt 1.000000 1.000000
vt 0.000000 0.500000
vt 1.000000 0.500000
vt 1.000000 1.000000
vt 0.000000 1.000000
vt 0.000000 0.000000
vt 1.000000 0.000000
vt 1.000000 0.491199
vt 0.000000 0.491199
vt 0.750000 0.490000
vt 0.703179 0.485389
vt 0.658156 0.471731
vt 0.616663 0.449553
vt 0.580295 0.419706
vt 0.550447 0.383337
vt 0.528269 0.341844
vt 0.514612 0.296822
vt 0.510000 0.250000
vt 0.514611 0.203179
vt 0.528269 0.158156
vt 0.550447 0.116663
vt 0.580294 0.080294
vt 0.616663 0.050447
vt 0.658156 0.028269
vt 0.703178 0.014612
vt 0.750000 0.010000
vt 0.796822 0.014612
vt 0.841844 0.028269
vt 0.883337 0.050447
vt 0.919706 0.080294
vt 0.949553 0.116663
vt 0.971731 0.158156
vt 0.985388 0.203178
vt 0.990000 0.250000
vt 0.985388 0.296822
vt 0.971731 0.341844
vt 0.949553 0.383337
vt 0.919706 0.419706
vt 0.883337 0.449553
vt 0.841844 0.471731
vt 0.796822 0.485388
vt 0.750000 0.490000
vt 0.703179 0.485389
vt 0.658156 0.471731
vt 0.616663 0.449553
vt 0.580295 0.419706
vt 0.550447 0.383337
vt 0.528269 0.341844
vt 0.514612 0.296822
vt 0.510000 0.250000
vt 0.514611 0.203179
vt 0.528269 0.158156
vt 0.550447 0.116663
vt 0.580294 0.080294
vt 0.616663 0.050447
vt 0.658156 0.028269
vt 0.703178 0.014612
vt 0.750000 0.010000
vt 0.796822 0.014612
vt 0.841844 0.028269
vt 0.883337 0.050447
vt 0.919706 0.080294
vt 0.949553 0.116663
vt 0.971731 0.158156
vt 0.985388 0.203178
vt 0.990000 0.250000
vt 0.985388 0.296822
vt 0.971731 0.341844
vt 0.949553 0.383337
vt 0.919706 0.419706
vt 0.883337 0.449553
vt 0.841844 0.471731
vt 0.796822 0.485388
vt 0.000000 0.500000
vt 1.000000 0.500000
vt 1.000000 1.000000
vt 0.000000 1.000000
vt 0.750000 0.490000
vt 0.703179 0.485389
vt 0.658156 0.471731
vt 0.616663 0.449553
vt 0.580295 0.419706
vt 0.550447 0.383337
vt 0.528269 0.341844
vt 0.514612 0.296822
vt 0.510000 0.250000
vt 0.514611 0.203179
vt 0.528269 0.158156
vt 0.550447 0.116663
vt 0.580294 0.080294
vt 0.616663 0.050447
vt 0.658156 0.028269
vt 0.703178 0.014612
vt 0.750000 0.010000
vt 0.796822 0.014612
vt 0.841844 0.028269
vt 0.883337 0.050447
vt 0.919706 0.080294
vt 0.949553 0.116663
vt 0.971731 0.158156
vt 0.985388 0.203178
vt 0.990000 0.250000
vt 0.985388 0.296822
vt 0.971731 0.341844
vt 0.949553 0.383337
vt 0.919706 0.419706
vt 0.883337 0.449553
vt 0.841844 0.471731
vt 0.796822 0.485388
vt 0.000000 0.000000
vt 1.000000 0.000000
vt 1.000000 1.000000
vt 0.000000 1.000000
vt 0.000000 1.000000
vt 0.000000 0.000000
vt 1.000000 1.000000
vt 1.000000 0.000000
vt 0.030214 0.153593
vt 0.049080 0.118733
vt 0.073426 0.087453
vt 0.102589 0.060606
vt 0.135772 0.038926
vt 0.172072 0.023004
vt 0.210497 0.013273
vt 0.250000 0.010000
vt 0.289503 0.013273
vt 0.327928 0.023004
vt 0.364227 0.038926
vt 0.397411 0.060606
vt 0.426574 0.087452
vt 0.450920 0.118732
vt 0.469786 0.153593
vt 0.482656 0.191083
vt 0.489180 0.230181
vt 0.489180 0.269819
vt 0.482656 0.308917
vt 0.469786 0.346407
vt 0.450920 0.381268
vt 0.426574 0.412548
vt 0.397411 0.439394
vt 0.364227 0.461074
vt 0.327928 0.476996
vt 0.289503 0.486727
vt 0.250000 0.490000
vt 0.210498 0.486727
vt 0.172073 0.476996
vt 0.135773 0.461074
vt 0.102589 0.439394
vt 0.073427 0.412548
vt 0.049080 0.381268
vt 0.030215 0.346407
vt 0.017344 0.308917
vt 0.010820 0.269820
vt 0.010820 0.230181
vt 0.017344 0.191084
vt 0.684210 1.000000
vt 0.710526 1.000000
vt 0.710526 1.000000
vt 0.684210 1.000000
vt 0.342105 1.000000
vt 0.368421 1.000000
vt 0.368421 1.000000
vt 0.342105 1.000000
vt 0.473684 1.000000
vt 0.500000 1.000000
vt 0.500000 1.000000
vt 0.473684 1.000000
vt 0.105263 1.000000
vt 0.131579 1.000000
vt 0.131579 1.000000
vt 0.105263 1.000000
vt 0.973684 1.000000
vt 1.000000 1.000000
vt 1.000000 1.000000
vt 0.973684 1.000000
vt 0.763158 1.000000
vt 0.789474 1.000000
vt 0.789474 1.000000
vt 0.763158 1.000000
vt 0.552631 1.000000
vt 0.578947 1.000000
vt 0.578947 1.000000
vt 0.552631 1.000000
vt 0.026316 1.000000
vt 0.052631 1.000000
vt 0.052631 1.000000
vt 0.026316 1.000000
vt 0.236842 1.000000
vt 0.263158 1.000000
vt 0.263158 1.000000
vt 0.236842 1.000000
vt 0.842105 1.000000
vt 0.868421 1.000000
vt 0.868421 1.000000
vt 0.842105 1.000000
vt 0.631579 1.000000
vt 0.657894 1.000000
vt 0.657894 1.000000
vt 0.631579 1.000000
vt 0.421052 1.000000
vt 0.447368 1.000000
vt 0.447368 1.000000
vt 0.421052 1.000000
vt 0.157894 1.000000
vt 0.184210 1.000000
vt 0.184210 1.000000
vt 0.157894 1.000000
vt 0.921053 1.000000
vt 0.947368 1.000000
vt 0.947368 1.000000
vt 0.921053 1.000000
vt 0.710526 1.000000
vt 0.736842 1.000000
vt 0.736842 1.000000
vt 0.710526 1.000000
vt 0.500000 1.000000
vt 0.526315 1.000000
vt 0.526315 1.000000
vt 0.500000 1.000000
vt 0.078947 1.000000
vt 0.078947 1.000000
vt 0.289473 1.000000
vt 0.315789 1.000000
vt 0.315789 1.000000
vt 0.289473 1.000000
vt 0.789474 1.000000
vt 0.815789 1.000000
vt 0.815789 1.000000
vt 0.789474 1.000000
vt 0.578947 1.000000
vt 0.605263 1.000000
vt 0.605263 1.000000
vt 0.578947 1.000000
vt 0.368421 1.000000
vt 0.394737 1.000000
vt 0.394737 1.000000
vt 0.368421 1.000000
vt -0.000000 1.000000
vt -0.000000 1.000000
vt 0.210526 1.000000
vt 0.210526 1.000000
vt 0.868421 1.000000
vt 0.894737 1.000000
vt 0.894737 1.000000
vt 0.868421 1.000000
vt 0.657894 1.000000
vt 0.684210 1.000000
vt 0.684210 1.000000
vt 0.657894 1.000000
vt 0.447368 1.000000
vt 0.473684 1.000000
vt 0.473684 1.000000
vt 0.447368 1.000000
vt 0.947368 1.000000
vt 0.973684 1.000000
vt 0.973684 1.000000
vt 0.947368 1.000000
vt 0.736842 1.000000
vt 0.763158 1.000000
vt 0.763158 1.000000
vt 0.736842 1.000000
vt 0.526315 1.000000
vt 0.552631 1.000000
vt 0.552631 1.000000
vt 0.526315 1.000000
vt 0.815789 1.000000
vt 0.842105 1.000000
vt 0.842105 1.000000
vt 0.815789 1.000000
vt 0.605263 1.000000
vt 0.631579 1.000000
vt 0.631579 1.000000
vt 0.605263 1.000000
vt 0.394737 1.000000
vt 0.421052 1.000000
vt 0.421052 1.000000
vt 0.394737 1.000000
vt 0.315789 1.000000
vt 0.342105 1.000000
vt 0.342105 1.000000
vt 0.315789 1.000000
vt 0.894737 1.000000
vt 0.921053 1.000000
vt 0.921053 1.000000
vt 0.894737 1.000000
vt 0.684210 1.000000
vt 0.657894 1.000000
vt 0.657894 1.000000
vt 0.684210 1.000000
vt 0.263158 1.000000
vt 0.236842 1.000000
vt 0.394737 1.000000
vt 0.368421 1.000000
vt 0.710526 1.000000
vt 0.684210 1.000000
vt 0.684210 1.000000
vt 0.710526 1.000000
vt 0.210526 1.000000
vt 0.421052 1.000000
vt 0.394737 1.000000
vt 0.736842 1.000000
vt 0.710526 1.000000
vt 0.710526 1.000000
vt 0.736842 1.000000
vt 0.184210 1.000000
vt 0.447368 1.000000
vt 0.421052 1.000000
vt 0.763158 1.000000
vt 0.736842 1.000000
vt 0.736842 1.000000
vt 0.763158 1.000000
vt 0.157894 1.000000
vt 0.473684 1.000000
vt 0.447368 1.000000
vt 0.789474 1.000000
vt 0.763158 1.000000
vt 0.763158 1.000000
vt 0.789474 1.000000
vt 0.131579 1.000000
vt 0.500000 1.000000
vt 0.473684 1.000000
vt 0.815789 1.000000
vt 0.789474 1.000000
vt 0.789474 1.000000
vt 0.815789 1.000000
vt 0.105263 1.000000
vt 0.526315 1.000000
vt 0.500000 1.000000
vt 0.842105 1.000000
vt 0.815789 1.000000
vt 0.815789 1.000000
vt 0.842105 1.000000
vt 0.078947 1.000000
vt 0.552631 1.000000
vt 0.526315 1.000000
vt 0.868421 1.000000
vt 0.842105 1.000000
vt 0.842105 1.000000
vt 0.868421 1.000000
vt 0.052631 1.000000
vt 0.578947 1.000000
vt 0.552631 1.000000
vt 0.894737 1.000000
vt 0.868421 1.000000
vt 0.868421 1.000000
vt 0.894737 1.000000
vt 0.026316 1.000000
vt 0.605263 1.000000
vt 0.578947 1.000000
vt 0.921053 1.000000
vt 0.894737 1.000000
vt 0.894737 1.000000
vt 0.921053 1.000000
vt -0.000000 1.000000
vt 0.631579 1.000000
vt 0.605263 1.000000
vt 0.947368 1.000000
vt 0.921053 1.000000
vt 0.921053 1.000000
vt 0.947368 1.000000
vt 0.657894 1.000000
vt 0.631579 1.000000
vt 0.973684 1.000000
vt 0.947368 1.000000
vt 0.947368 1.000000
vt 0.973684 1.000000
vt 0.684210 1.000000
vt 0.657894 1.000000
vt 1.000000 1.000000
vt 0.973684 1.000000
vt 0.973684 1.000000
vt 1.000000 1.000000
vt 0.131579 1.000000
vt 0.157894 1.000000
vt 0.157894 1.000000
vt 0.131579 1.000000
vt 0.710526 1.000000
vt 0.684210 1.000000
vt 0.315789 1.000000
vt 0.289473 1.000000
vt 0.289473 1.000000
vt 0.315789 1.000000
vt 0.342105 1.000000
vt 0.315789 1.000000
vt 0.315789 1.000000
vt 0.342105 1.000000
vt 0.447368 1.000000
vt 0.473684 1.000000
vt 0.473684 1.000000
vt 0.447368 1.000000
vt 0.815789 1.000000
vt 0.789474 1.000000
vt 0.184210 1.000000
vt 0.184210 1.000000
vt 0.421052 1.000000
vt 0.447368 1.000000
vt 0.447368 1.000000
vt 0.421052 1.000000
vt 0.789474 1.000000
vt 0.763158 1.000000
vt 0.210526 1.000000
vt 0.210526 1.000000
vt 0.394737 1.000000
vt 0.421052 1.000000
vt 0.421052 1.000000
vt 0.394737 1.000000
vt 0.763158 1.000000
vt 0.736842 1.000000
vt 0.236842 1.000000
vt 0.236842 1.000000
vt 0.368421 1.000000
vt 0.394737 1.000000
vt 0.394737 1.000000
vt 0.368421 1.000000
vt 0.736842 1.000000
vt 0.710526 1.000000
vt 0.263158 1.000000
vt 0.263158 1.000000
vt 0.342105 1.000000
vt 0.368421 1.000000
vt 0.368421 1.000000
vt 0.342105 1.000000
vt 0.710526 1.000000
vt 0.684210 1.000000
vt 0.289473 1.000000
vt 0.342105 1.000000
vt 0.315789 1.000000
vt 0.684210 1.000000
vt 0.657894 1.000000
vt 0.315789 1.000000
vt 0.631579 1.000000
vt 0.657894 1.000000
vt 0.657894 1.000000
vt 0.631579 1.000000
vt 1.000000 1.000000
vt 0.973684 1.000000
vt 0.605263 1.000000
vt 0.631579 1.000000
vt 0.631579 1.000000
vt 0.605263 1.000000
vt 0.973684 1.000000
vt 0.947368 1.000000
vt -0.000000 1.000000
vt 0.026316 1.000000
vt 0.026316 1.000000
vt -0.000000 1.000000
vt 0.578947 1.000000
vt 0.605263 1.000000
vt 0.605263 1.000000
vt 0.578947 1.000000
vt 0.947368 1.000000
vt 0.921053 1.000000
vt 0.052631 1.000000
vt 0.052631 1.000000
vt 0.552631 1.000000
vt 0.578947 1.000000
vt 0.578947 1.000000
vt 0.552631 1.000000
vt 0.921053 1.000000
vt 0.894737 1.000000
vt 0.078947 1.000000
vt 0.078947 1.000000
vt 0.526315 1.000000
vt 0.552631 1.000000
vt 0.552631 1.000000
vt 0.526315 1.000000
vt 0.894737 1.000000
vt 0.868421 1.000000
vt 0.105263 1.000000
vt 0.105263 1.000000
vt 0.500000 1.000000
vt 0.526315 1.000000
vt 0.526315 1.000000
vt 0.500000 1.000000
vt 0.868421 1.000000
vt 0.842105 1.000000
vt 0.473684 1.000000
vt 0.500000 1.000000
vt 0.500000 1.000000
vt 0.473684 1.000000
vt 0.842105 1.000000
vt 0.815789 1.000000
vt 0.368421 1.000000
vt 0.342105 1.000000
vt 0.289473 1.000000
vt 0.631579 1.000000
vt 0.657894 1.000000
vt 0.342105 1.000000
vt 0.315789 1.000000
vt 0.315789 1.000000
vt 0.605263 1.000000
vt 0.631579 1.000000
vt -0.000000 1.000000
vt 0.026316 1.000000
vt 1.000000 1.000000
vt 0.973684 1.000000
vt 0.578947 1.000000
vt 0.605263 1.000000
vt 0.052631 1.000000
vt 0.973684 1.000000
vt 0.947368 1.000000
vt 0.552631 1.000000
vt 0.578947 1.000000
vt 0.078947 1.000000
vt 0.947368 1.000000
vt 0.921053 1.000000
vt 0.526315 1.000000
vt 0.552631 1.000000
vt 0.105263 1.000000
vt 0.921053 1.000000
vt 0.894737 1.000000
vt 0.500000 1.000000
vt 0.526315 1.000000
vt 0.131579 1.000000
vt 0.894737 1.000000
vt 0.868421 1.000000
vt 0.473684 1.000000
vt 0.500000 1.000000
vt 0.157894 1.000000
vt 0.868421 1.000000
vt 0.842105 1.000000
vt 0.447368 1.000000
vt 0.473684 1.000000
vt 0.184210 1.000000
vt 0.842105 1.000000
vt 0.815789 1.000000
vt 0.421052 1.000000
vt 0.447368 1.000000
vt 0.210526 1.000000
vt 0.815789 1.000000
vt 0.789474 1.000000
vt 0.394737 1.000000
vt 0.421052 1.000000
vt 0.236842 1.000000
vt 0.789474 1.000000
vt 0.763158 1.000000
vt 0.368421 1.000000
vt 0.394737 1.000000
vt 0.263158 1.000000
vt 0.763158 1.000000
vt 0.736842 1.000000
vt 0.342105 1.000000
vt 0.368421 1.000000
vt 0.736842 1.000000
vt 0.710526 1.000000
vt 0.030214 0.153593
vt 0.049080 0.118733
vt 0.073426 0.087453
vt 0.102589 0.060606
vt 0.135772 0.038926
vt 0.172072 0.023004
vt 0.210497 0.013273
vt 0.250000 0.010000
vt 0.289503 0.013273
vt 0.327928 0.023004
vt 0.364227 0.038926
vt 0.397411 0.060606
vt 0.426574 0.087452
vt 0.450920 0.118732
vt 0.469786 0.153593
vt 0.482656 0.191083
vt 0.489180 0.230181
vt 0.489180 0.269819
vt 0.482656 0.308917
vt 0.469786 0.346407
vt 0.450920 0.381268
vt 0.426574 0.412548
vt 0.397411 0.439394
vt 0.364227 0.461074
vt 0.327928 0.476996
vt 0.289503 0.486727
vt 0.250000 0.490000
vt 0.210498 0.486727
vt 0.172073 0.476996
vt 0.135773 0.461074
vt 0.102589 0.439394
vt 0.073427 0.412548
vt 0.049080 0.381268
vt 0.030215 0.346407
vt 0.017344 0.308917
vt 0.010820 0.269820
vt 0.010820 0.230181
vt 0.017344 0.191084
vt 0.684210 1.000000
vt 0.710526 1.000000
vt 0.710526 1.000000
vt 0.684210 1.000000
vt 0.342105 1.000000
vt 0.368421 1.000000
vt 0.368421 1.000000
vt 0.342105 1.000000
vt 0.473684 1.000000
vt 0.500000 1.000000
vt 0.500000 1.000000
vt 0.473684 1.000000
vt 0.105263 1.000000
vt 0.131579 1.000000
vt 0.131579 1.000000
vt 0.105263 1.000000
vt 0.973684 1.000000
vt 1.000000 1.000000
vt 1.000000 1.000000
vt 0.973684 1.000000
vt 0.763158 1.000000
vt 0.789474 1.000000
vt 0.789474 1.000000
vt 0.763158 1.000000
vt 0.552631 1.000000
vt 0.578947 1.000000
vt 0.578947 1.000000
vt 0.552631 1.000000
vt 0.026316 1.000000
vt 0.052631 1.000000
vt 0.052631 1.000000
vt 0.026316 1.000000
vt 0.236842 1.000000
vt 0.263158 1.000000
vt 0.263158 1.000000
vt 0.236842 1.000000
vt 0.842105 1.000000
vt 0.868421 1.000000
vt 0.868421 1.000000
vt 0.842105 1.000000
vt 0.631579 1.000000
vt 0.657894 1.000000
vt 0.657894 1.000000
vt 0.631579 1.000000
vt 0.421052 1.000000
vt 0.447368 1.000000
vt 0.447368 1.000000
vt 0.421052 1.000000
vt 0.157894 1.000000
vt 0.184210 1.000000
vt 0.184210 1.000000
vt 0.157894 1.000000
vt 0.921053 1.000000
vt 0.947368 1.000000
vt 0.947368 1.000000
vt 0.921053 1.000000
vt 0.710526 1.000000
vt 0.736842 1.000000
vt 0.736842 1.000000
vt 0.710526 1.000000
vt 0.500000 1.000000
vt 0.526315 1.000000
vt 0.526315 1.000000
vt 0.500000 1.000000
vt 0.078947 1.000000
vt 0.078947 1.000000
vt 0.289473 1.000000
vt 0.315789 1.000000
vt 0.315789 1.000000
vt 0.289473 1.000000
vt 0.789474 1.000000
vt 0.815789 1.000000
vt 0.815789 1.000000
vt 0.789474 1.000000
vt 0.578947 1.000000
vt 0.605263 1.000000
vt 0.605263 1.000000
vt 0.578947 1.000000
vt 0.368421 1.000000
vt 0.394737 1.000000
vt 0.394737 1.000000
vt 0.368421 1.000000
vt -0.000000 1.000000
vt -0.000000 1.000000
vt 0.210526 1.000000
vt 0.210526 1.000000
vt 0.868421 1.000000
vt 0.894737 1.000000
vt 0.894737 1.000000
vt 0.868421 1.000000
vt 0.657894 1.000000
vt 0.684210 1.000000
vt 0.684210 1.000000
vt 0.657894 1.000000
vt 0.447368 1.000000
vt 0.473684 1.000000
vt 0.473684 1.000000
vt 0.447368 1.000000
vt 0.947368 1.000000
vt 0.973684 1.000000
vt 0.973684 1.000000
vt 0.947368 1.000000
vt 0.736842 1.000000
vt 0.763158 1.000000
vt 0.763158 1.000000
vt 0.736842 1.000000
vt 0.526315 1.000000
vt 0.552631 1.000000
vt 0.552631 1.000000
vt 0.526315 1.000000
vt 0.815789 1.000000
vt 0.842105 1.000000
vt 0.842105 1.000000
vt 0.815789 1.000000
vt 0.605263 1.000000
vt 0.631579 1.000000
vt 0.631579 1.000000
vt 0.605263 1.000000
vt 0.394737 1.000000
vt 0.421052 1.000000
vt 0.421052 1.000000
vt 0.394737 1.000000
vt 0.315789 1.000000
vt 0.342105 1.000000
vt 0.342105 1.000000
vt 0.315789 1.000000
vt 0.894737 1.000000
vt 0.921053 1.000000
vt 0.921053 1.000000
vt 0.894737 1.000000
vt 0.684210 1.000000
vt 0.657894 1.000000
vt 0.657894 1.000000
vt 0.684210 1.000000
vt 0.263158 1.000000
vt 0.236842 1.000000
vt 0.394737 1.000000
vt 0.368421 1.000000
vt 0.710526 1.000000
vt 0.684210 1.000000
vt 0.684210 1.000000
vt 0.710526 1.000000
vt 0.210526 1.000000
vt 0.421052 1.000000
vt 0.394737 1.000000
vt 0.736842 1.000000
vt 0.710526 1.000000
vt 0.710526 1.000000
vt 0.736842 1.000000
vt 0.184210 1.000000
vt 0.447368 1.000000
vt 0.421052 1.000000
vt 0.763158 1.000000
vt 0.736842 1.000000
vt 0.736842 1.000000
vt 0.763158 1.000000
vt 0.157894 1.000000
vt 0.473684 1.000000
vt 0.447368 1.000000
vt 0.789474 1.000000
vt 0.763158 1.000000
vt 0.763158 1.000000
vt 0.789474 1.000000
vt 0.131579 1.000000
vt 0.500000 1.000000
vt 0.473684 1.000000
vt 0.815789 1.000000
vt 0.789474 1.000000
vt 0.789474 1.000000
vt 0.815789 1.000000
vt 0.105263 1.000000
vt 0.526315 1.000000
vt 0.500000 1.000000
vt 0.842105 1.000000
vt 0.815789 1.000000
vt 0.815789 1.000000
vt 0.842105 1.000000
vt 0.078947 1.000000
vt 0.552631 1.000000
vt 0.526315 1.000000
vt 0.868421 1.000000
vt 0.842105 1.000000
vt 0.842105 1.000000
vt 0.868421 1.000000
vt 0.052631 1.000000
vt 0.578947 1.000000
vt 0.552631 1.000000
vt 0.894737 1.000000
vt 0.868421 1.000000
vt 0.868421 1.000000
vt 0.894737 1.000000
vt 0.026316 1.000000
vt 0.605263 1.000000
vt 0.578947 1.000000
vt 0.921053 1.000000
vt 0.894737 1.000000
vt 0.894737 1.000000
vt 0.921053 1.000000
vt -0.000000 1.000000
vt 0.631579 1.000000
vt 0.605263 1.000000
vt 0.947368 1.000000
vt 0.921053 1.000000
vt 0.921053 1.000000
vt 0.947368 1.000000
vt 0.657894 1.000000
vt 0.631579 1.000000
vt 0.973684 1.000000
vt 0.947368 1.000000
vt 0.947368 1.000000
vt 0.973684 1.000000
vt 0.684210 1.000000
vt 0.657894 1.000000
vt 1.000000 1.000000
vt 0.973684 1.000000
vt 0.973684 1.000000
vt 1.000000 1.000000
vt 0.131579 1.000000
vt 0.157894 1.000000
vt 0.157894 1.000000
vt 0.131579 1.000000
vt 0.710526 1.000000
vt 0.684210 1.000000
vt 0.315789 1.000000
vt 0.289473 1.000000
vt 0.289473 1.000000
vt 0.315789 1.000000
vt 0.342105 1.000000
vt 0.315789 1.000000
vt 0.315789 1.000000
vt 0.342105 1.000000
vt 0.447368 1.000000
vt 0.473684 1.000000
vt 0.473684 1.000000
vt 0.447368 1.000000
vt 0.815789 1.000000
vt 0.789474 1.000000
vt 0.184210 1.000000
vt 0.184210 1.000000
vt 0.421052 1.000000
vt 0.447368 1.000000
vt 0.447368 1.000000
vt 0.421052 1.000000
vt 0.789474 1.000000
vt 0.763158 1.000000
vt 0.210526 1.000000
vt 0.210526 1.000000
vt 0.394737 1.000000
vt 0.421052 1.000000
vt 0.421052 1.000000
vt 0.394737 1.000000
vt 0.763158 1.000000
vt 0.736842 1.000000
vt 0.236842 1.000000
vt 0.236842 1.000000
vt 0.368421 1.000000
vt 0.394737 1.000000
vt 0.394737 1.000000
vt 0.368421 1.000000
vt 0.736842 1.000000
vt 0.710526 1.000000
vt 0.263158 1.000000
vt 0.263158 1.000000
vt 0.342105 1.000000
vt 0.368421 1.000000
vt 0.368421 1.000000
vt 0.342105 1.000000
vt 0.710526 1.000000
vt 0.684210 1.000000
vt 0.289473 1.000000
vt 0.342105 1.000000
vt 0.315789 1.000000
vt 0.684210 1.000000
vt 0.657894 1.000000
vt 0.315789 1.000000
vt 0.631579 1.000000
vt 0.657894 1.000000
vt 0.657894 1.000000
vt 0.631579 1.000000
vt 1.000000 1.000000
vt 0.973684 1.000000
vt 0.605263 1.000000
vt 0.631579 1.000000
vt 0.631579 1.000000
vt 0.605263 1.000000
vt 0.973684 1.000000
vt 0.947368 1.000000
vt -0.000000 1.000000
vt 0.026316 1.000000
vt 0.026316 1.000000
vt -0.000000 1.000000
vt 0.578947 1.000000
vt 0.605263 1.000000
vt 0.605263 1.000000
vt 0.578947 1.000000
vt 0.947368 1.000000
vt 0.921053 1.000000
vt 0.052631 1.000000
vt 0.052631 1.000000
vt 0.552631 1.000000
vt 0.578947 1.000000
vt 0.578947 1.000000
vt 0.552631 1.000000
vt 0.921053 1.000000
vt 0.894737 1.000000
vt 0.078947 1.000000
vt 0.078947 1.000000
vt 0.526315 1.000000
vt 0.552631 1.000000
vt 0.552631 1.000000
vt 0.526315 1.000000
vt 0.894737 1.000000
vt 0.868421 1.000000
vt 0.105263 1.000000
vt 0.105263 1.000000
vt 0.500000 1.000000
vt 0.526315 1.000000
vt 0.526315 1.000000
vt 0.500000 1.000000
vt 0.868421 1.000000
vt 0.842105 1.000000
vt 0.473684 1.000000
vt 0.500000 1.000000
vt 0.500000 1.000000
vt 0.473684 1.000000
vt 0.842105 1.000000
vt 0.815789 1.000000
vt 0.368421 1.000000
vt 0.342105 1.000000
vt 0.289473 1.000000
vt 0.631579 1.000000
vt 0.657894 1.000000
vt 0.342105 1.000000
vt 0.315789 1.000000
vt 0.315789 1.000000
vt 0.605263 1.000000
vt 0.631579 1.000000
vt -0.000000 1.000000
vt 0.026316 1.000000
vt 1.000000 1.000000
vt 0.973684 1.000000
vt 0.578947 1.000000
vt 0.605263 1.000000
vt 0.052631 1.000000
vt 0.973684 1.000000
vt 0.947368 1.000000
vt 0.552631 1.000000
vt 0.578947 1.000000
vt 0.078947 1.000000
vt 0.947368 1.000000
vt 0.921053 1.000000
vt 0.526315 1.000000
vt 0.552631 1.000000
vt 0.105263 1.000000
vt 0.921053 1.000000
vt 0.894737 1.000000
vt 0.500000 1.000000
vt 0.526315 1.000000
vt 0.131579 1.000000
vt 0.894737 1.000000
vt 0.868421 1.000000
vt 0.473684 1.000000
vt 0.500000 1.000000
vt 0.157894 1.000000
vt 0.868421 1.000000
vt 0.842105 1.000000
vt 0.447368 1.000000
vt 0.473684 1.000000
vt 0.184210 1.000000
vt 0.842105 1.000000
vt 0.815789 1.000000
vt 0.421052 1.000000
vt 0.447368 1.000000
vt 0.210526 1.000000
vt 0.815789 1.000000
vt 0.789474 1.000000
vt 0.394737 1.000000
vt 0.421052 1.000000
vt 0.236842 1.000000
vt 0.789474 1.000000
vt 0.763158 1.000000
vt 0.368421 1.000000
vt 0.394737 1.000000
vt 0.263158 1.000000
vt 0.763158 1.000000
vt 0.736842 1.000000
vt 0.342105 1.000000
vt 0.368421 1.000000
vt 0.736842 1.000000
vt 0.710526 1.000000
vt 0.030214 0.153593
vt 0.017344 0.191084
vt 0.010820 0.230181
vt 0.010820 0.269820
vt 0.017344 0.308917
vt 0.030215 0.346407
vt 0.049080 0.381268
vt 0.073427 0.412548
vt 0.102589 0.439394
vt 0.135773 0.461074
vt 0.172073 0.476996
vt 0.210498 0.486727
vt 0.250000 0.490000
vt 0.289503 0.486727
vt 0.327928 0.476996
vt 0.364227 0.461074
vt 0.397411 0.439394
vt 0.426574 0.412548
vt 0.450920 0.381268
vt 0.469786 0.346407
vt 0.482656 0.308917
vt 0.489180 0.269819
vt 0.489180 0.230181
vt 0.482656 0.191083
vt 0.469786 0.153593
vt 0.450920 0.118732
vt 0.426574 0.087452
vt 0.397411 0.060606
vt 0.364227 0.038926
vt 0.327928 0.023004
vt 0.289503 0.013273
vt 0.250000 0.010000
vt 0.210497 0.013273
vt 0.172072 0.023004
vt 0.135772 0.038926
vt 0.102589 0.060606
vt 0.073426 0.087453
vt 0.049080 0.118733
vt 0.684210 1.000000
vt 0.684210 1.000000
vt 0.710526 1.000000
vt 0.710526 1.000000
vt 0.342105 1.000000
vt 0.342105 1.000000
vt 0.368421 1.000000
vt 0.368421 1.000000
vt 0.473684 1.000000
vt 0.473684 1.000000
vt 0.500000 1.000000
vt 0.500000 1.000000
vt 0.105263 1.000000
vt 0.105263 1.000000
vt 0.131579 1.000000
vt 0.131579 1.000000
vt 0.973684 1.000000
vt 0.973684 1.000000
vt 1.000000 1.000000
vt 1.000000 1.000000
vt 0.763158 1.000000
vt 0.763158 1.000000
vt 0.789474 1.000000
vt 0.789474 1.000000
vt 0.552631 1.000000
vt 0.552631 1.000000
vt 0.578947 1.000000
vt 0.578947 1.000000
vt 0.026316 1.000000
vt 0.026316 1.000000
vt 0.052631 1.000000
vt 0.052631 1.000000
vt 0.236842 1.000000
vt 0.236842 1.000000
vt 0.263158 1.000000
vt 0.263158 1.000000
vt 0.842105 1.000000
vt 0.842105 1.000000
vt 0.868421 1.000000
vt 0.868421 1.000000
vt 0.631579 1.000000
vt 0.631579 1.000000
vt 0.657894 1.000000
vt 0.657894 1.000000
vt 0.421052 1.000000
vt 0.421052 1.000000
vt 0.447368 1.000000
vt 0.447368 1.000000
vt 0.157894 1.000000
vt 0.157894 1.000000
vt 0.184210 1.000000
vt 0.184210 1.000000
vt 0.921053 1.000000
vt 0.921053 1.000000
vt 0.947368 1.000000
vt 0.947368 1.000000
vt 0.710526 1.000000
vt 0.710526 1.000000
vt 0.736842 1.000000
vt 0.736842 1.000000
vt 0.500000 1.000000
vt 0.500000 1.000000
vt 0.526315 1.000000
vt 0.526315 1.000000
vt 0.078947 1.000000
vt 0.078947 1.000000
vt 0.289473 1.000000
vt 0.289473 1.000000
vt 0.315789 1.000000
vt 0.315789 1.000000
vt 0.789474 1.000000
vt 0.789474 1.000000
vt 0.815789 1.000000
vt 0.815789 1.000000
vt 0.578947 1.000000
vt 0.578947 1.000000
vt 0.605263 1.000000
vt 0.605263 1.000000
vt 0.368421 1.000000
vt 0.368421 1.000000
vt 0.394737 1.000000
vt 0.394737 1.000000
vt -0.000000 1.000000
vt -0.000000 1.000000
vt 0.210526 1.000000
vt 0.210526 1.000000
vt 0.868421 1.000000
vt 0.868421 1.000000
vt 0.894737 1.000000
vt 0.894737 1.000000
vt 0.657894 1.000000
vt 0.657894 1.000000
vt 0.684210 1.000000
vt 0.684210 1.000000
vt 0.447368 1.000000
vt 0.447368 1.000000
vt 0.473684 1.000000
vt 0.473684 1.000000
vt 0.947368 1.000000
vt 0.947368 1.000000
vt 0.973684 1.000000
vt 0.973684 1.000000
vt 0.736842 1.000000
vt 0.736842 1.000000
vt 0.763158 1.000000
vt 0.763158 1.000000
vt 0.526315 1.000000
vt 0.526315 1.000000
vt 0.552631 1.000000
vt 0.552631 1.000000
vt 0.815789 1.000000
vt 0.815789 1.000000
vt 0.842105 1.000000
vt 0.842105 1.000000
vt 0.605263 1.000000
vt 0.605263 1.000000
vt 0.631579 1.000000
vt 0.631579 1.000000
vt 0.394737 1.000000
vt 0.394737 1.000000
vt 0.421052 1.000000
vt 0.421052 1.000000
vt 0.315789 1.000000
vt 0.315789 1.000000
vt 0.342105 1.000000
vt 0.342105 1.000000
vt 0.894737 1.000000
vt 0.894737 1.000000
vt 0.921053 1.000000
vt 0.921053 1.000000
vt 0.684210 1.000000
vt 0.684210 1.000000
vt 0.657894 1.000000
vt 0.657894 1.000000
vt 0.236842 1.000000
vt 0.263158 1.000000
vt 0.368421 1.000000
vt 0.394737 1.000000
vt 0.710526 1.000000
vt 0.710526 1.000000
vt 0.684210 1.000000
vt 0.684210 1.000000
vt 0.210526 1.000000
vt 0.394737 1.000000
vt 0.421052 1.000000
vt 0.736842 1.000000
vt 0.736842 1.000000
vt 0.710526 1.000000
vt 0.710526 1.000000
vt 0.184210 1.000000
vt 0.421052 1.000000
vt 0.447368 1.000000
vt 0.763158 1.000000
vt 0.763158 1.000000
vt 0.736842 1.000000
vt 0.736842 1.000000
vt 0.157894 1.000000
vt 0.447368 1.000000
vt 0.473684 1.000000
vt 0.789474 1.000000
vt 0.789474 1.000000
vt 0.763158 1.000000
vt 0.763158 1.000000
vt 0.131579 1.000000
vt 0.473684 1.000000
vt 0.500000 1.000000
vt 0.815789 1.000000
vt 0.815789 1.000000
vt 0.789474 1.000000
vt 0.789474 1.000000
vt 0.105263 1.000000
vt 0.500000 1.000000
vt 0.526315 1.000000
vt 0.842105 1.000000
vt 0.842105 1.000000
vt 0.815789 1.000000
vt 0.815789 1.000000
vt 0.078947 1.000000
vt 0.526315 1.000000
vt 0.552631 1.000000
vt 0.868421 1.000000
vt 0.868421 1.000000
vt 0.842105 1.000000
vt 0.842105 1.000000
vt 0.052631 1.000000
vt 0.552631 1.000000
vt 0.578947 1.000000
vt 0.894737 1.000000
vt 0.894737 1.000000
vt 0.868421 1.000000
vt 0.868421 1.000000
vt 0.026316 1.000000
vt 0.578947 1.000000
vt 0.605263 1.000000
vt 0.921053 1.000000
vt 0.921053 1.000000
vt 0.894737 1.000000
vt 0.894737 1.000000
vt -0.000000 1.000000
vt 0.605263 1.000000
vt 0.631579 1.000000
vt 0.947368 1.000000
vt 0.947368 1.000000
vt 0.921053 1.000000
vt 0.921053 1.000000
vt 0.631579 1.000000
vt 0.657894 1.000000
vt 0.973684 1.000000
vt 0.973684 1.000000
vt 0.947368 1.000000
vt 0.947368 1.000000
vt 0.657894 1.000000
vt 0.684210 1.000000
vt 1.000000 1.000000
vt 1.000000 1.000000
vt 0.973684 1.000000
vt 0.973684 1.000000
vt 0.131579 1.000000
vt 0.131579 1.000000
vt 0.157894 1.000000
vt 0.157894 1.000000
vt 0.684210 1.000000
vt 0.710526 1.000000
vt 0.315789 1.000000
vt 0.315789 1.000000
vt 0.289473 1.000000
vt 0.289473 1.000000
vt 0.342105 1.000000
vt 0.342105 1.000000
vt 0.315789 1.000000
vt 0.315789 1.000000
vt 0.447368 1.000000
vt 0.447368 1.000000
vt 0.473684 1.000000
vt 0.473684 1.000000
vt 0.789474 1.000000
vt 0.815789 1.000000
vt 0.184210 1.000000
vt 0.184210 1.000000
vt 0.421052 1.000000
vt 0.421052 1.000000
vt 0.447368 1.000000
vt 0.447368 1.000000
vt 0.763158 1.000000
vt 0.789474 1.000000
vt 0.210526 1.000000
vt 0.210526 1.000000
vt 0.394737 1.000000
vt 0.394737 1.000000
vt 0.421052 1.000000
vt 0.421052 1.000000
vt 0.736842 1.000000
vt 0.763158 1.000000
vt 0.236842 1.000000
vt 0.236842 1.000000
vt 0.368421 1.000000
vt 0.368421 1.000000
vt 0.394737 1.000000
vt 0.394737 1.000000
vt 0.710526 1.000000
vt 0.736842 1.000000
vt 0.263158 1.000000
vt 0.263158 1.000000
vt 0.342105 1.000000
vt 0.342105 1.000000
vt 0.368421 1.000000
vt 0.368421 1.000000
vt 0.684210 1.000000
vt 0.710526 1.000000
vt 0.289473 1.000000
vt 0.315789 1.000000
vt 0.342105 1.000000
vt 0.657894 1.000000
vt 0.684210 1.000000
vt 0.315789 1.000000
vt 0.631579 1.000000
vt 0.631579 1.000000
vt 0.657894 1.000000
vt 0.657894 1.000000
vt 0.973684 1.000000
vt 1.000000 1.000000
vt 0.605263 1.000000
vt 0.605263 1.000000
vt 0.631579 1.000000
vt 0.631579 1.000000
vt 0.947368 1.000000
vt 0.973684 1.000000
vt -0.000000 1.000000
vt -0.000000 1.000000
vt 0.026316 1.000000
vt 0.026316 1.000000
vt 0.578947 1.000000
vt 0.578947 1.000000
vt 0.605263 1.000000
vt 0.605263 1.000000
vt 0.921053 1.000000
vt 0.947368 1.000000
vt 0.052631 1.000000
vt 0.052631 1.000000
vt 0.552631 1.000000
vt 0.552631 1.000000
vt 0.578947 1.000000
vt 0.578947 1.000000
vt 0.894737 1.000000
vt 0.921053 1.000000
vt 0.078947 1.000000
vt 0.078947 1.000000
vt 0.526315 1.000000
vt 0.526315 1.000000
vt 0.552631 1.000000
vt 0.552631 1.000000
vt 0.868421 1.000000
vt 0.894737 1.000000
vt 0.105263 1.000000
vt 0.105263 1.000000
vt 0.500000 1.000000
vt 0.500000 1.000000
vt 0.526315 1.000000
vt 0.526315 1.000000
vt 0.842105 1.000000
vt 0.868421 1.000000
vt 0.473684 1.000000
vt 0.473684 1.000000
vt 0.500000 1.000000
vt 0.500000 1.000000
vt 0.815789 1.000000
vt 0.842105 1.000000
vt 0.342105 1.000000
vt 0.368421 1.000000
vt 0.289473 1.000000
vt 0.657894 1.000000
vt 0.631579 1.000000
vt 0.315789 1.000000
vt 0.342105 1.000000
vt 0.315789 1.000000
vt 0.631579 1.000000
vt 0.605263 1.000000
vt 0.026316 1.000000
vt -0.000000 1.000000
vt 0.973684 1.000000
vt 1.000000 1.000000
vt 0.605263 1.000000
vt 0.578947 1.000000
vt 0.052631 1.000000
vt 0.947368 1.000000
vt 0.973684 1.000000
vt 0.578947 1.000000
vt 0.552631 1.000000
vt 0.078947 1.000000
vt 0.921053 1.000000
vt 0.947368 1.000000
vt 0.552631 1.000000
vt 0.526315 1.000000
vt 0.105263 1.000000
vt 0.894737 1.000000
vt 0.921053 1.000000
vt 0.526315 1.000000
vt 0.500000 1.000000
vt 0.131579 1.000000
vt 0.868421 1.000000
vt 0.894737 1.000000
vt 0.500000 1.000000
vt 0.473684 1.000000
vt 0.157894 1.000000
vt 0.842105 1.000000
vt 0.868421 1.000000
vt 0.473684 1.000000
vt 0.447368 1.000000
vt 0.184210 1.000000
vt 0.815789 1.000000
vt 0.842105 1.000000
vt 0.447368 1.000000
vt 0.421052 1.000000
vt 0.210526 1.000000
vt 0.789474 1.000000
vt 0.815789 1.000000
vt 0.421052 1.000000
vt 0.394737 1.000000
vt 0.236842 1.000000
vt 0.763158 1.000000
vt 0.789474 1.000000
vt 0.394737 1.000000
vt 0.368421 1.000000
vt 0.263158 1.000000
vt 0.736842 1.000000
vt 0.763158 1.000000
vt 0.368421 1.000000
vt 0.342105 1.000000
vt 0.710526 1.000000
vt 0.736842 1.000000
vt 0.030214 0.153593
vt 0.017344 0.191084
vt 0.010820 0.230181
vt 0.010820 0.269820
vt 0.017344 0.308917
vt 0.030215 0.346407
vt 0.049080 0.381268
vt 0.073427 0.412548
vt 0.102589 0.439394
vt 0.135773 0.461074
vt 0.172073 0.476996
vt 0.210498 0.486727
vt 0.250000 0.490000
vt 0.289503 0.486727
vt 0.327928 0.476996
vt 0.364227 0.461074
vt 0.397411 0.439394
vt 0.426574 0.412548
vt 0.450920 0.381268
vt 0.469786 0.346407
vt 0.482656 0.308917
vt 0.489180 0.269819
vt 0.489180 0.230181
vt 0.482656 0.191083
vt 0.469786 0.153593
vt 0.450920 0.118732
vt 0.426574 0.087452
vt 0.397411 0.060606
vt 0.364227 0.038926
vt 0.327928 0.023004
vt 0.289503 0.013273
vt 0.250000 0.010000
vt 0.210497 0.013273
vt 0.172072 0.023004
vt 0.135772 0.038926
vt 0.102589 0.060606
vt 0.073426 0.087453
vt 0.049080 0.118733
vt 0.684210 1.000000
vt 0.684210 1.000000
vt 0.710526 1.000000
vt 0.710526 1.000000
vt 0.342105 1.000000
vt 0.342105 1.000000
vt 0.368421 1.000000
vt 0.368421 1.000000
vt 0.473684 1.000000
vt 0.473684 1.000000
vt 0.500000 1.000000
vt 0.500000 1.000000
vt 0.105263 1.000000
vt 0.105263 1.000000
vt 0.131579 1.000000
vt 0.131579 1.000000
vt 0.973684 1.000000
vt 0.973684 1.000000
vt 1.000000 1.000000
vt 1.000000 1.000000
vt 0.763158 1.000000
vt 0.763158 1.000000
vt 0.789474 1.000000
vt 0.789474 1.000000
vt 0.552631 1.000000
vt 0.552631 1.000000
vt 0.578947 1.000000
vt 0.578947 1.000000
vt 0.026316 1.000000
vt 0.026316 1.000000
vt 0.052631 1.000000
vt 0.052631 1.000000
vt 0.236842 1.000000
vt 0.236842 1.000000
vt 0.263158 1.000000
vt 0.263158 1.000000
vt 0.842105 1.000000
vt 0.842105 1.000000
vt 0.868421 1.000000
vt 0.868421 1.000000
vt 0.631579 1.000000
vt 0.631579 1.000000
vt 0.657894 1.000000
vt 0.657894 1.000000
vt 0.421052 1.000000
vt 0.421052 1.000000
vt 0.447368 1.000000
vt 0.447368 1.000000
vt 0.157894 1.000000
vt 0.157894 1.000000
vt 0.184210 1.000000
vt 0.184210 1.000000
vt 0.921053 1.000000
vt 0.921053 1.000000
vt 0.947368 1.000000
vt 0.947368 1.000000
vt 0.710526 1.000000
vt 0.710526 1.000000
vt 0.736842 1.000000
vt 0.736842 1.000000
vt 0.500000 1.000000
vt 0.500000 1.000000
vt 0.526315 1.000000
vt 0.526315 1.000000
vt 0.078947 1.000000
vt 0.078947 1.000000
vt 0.289473 1.000000
vt 0.289473 1.000000
vt 0.315789 1.000000
vt 0.315789 1.000000
vt 0.789474 1.000000
vt 0.789474 1.000000
vt 0.815789 1.000000
vt 0.815789 1.000000
vt 0.578947 1.000000
vt 0.578947 1.000000
vt 0.605263 1.000000
vt 0.605263 1.000000
vt 0.368421 1.000000
vt 0.368421 1.000000
vt 0.394737 1.000000
vt 0.394737 1.000000
vt -0.000000 1.000000
vt -0.000000 1.000000
vt 0.210526 1.000000
vt 0.210526 1.000000
vt 0.868421 1.000000
vt 0.868421 1.000000
vt 0.894737 1.000000
vt 0.894737 1.000000
vt 0.657894 1.000000
vt 0.657894 1.000000
vt 0.684210 1.000000
vt 0.684210 1.000000
vt 0.447368 1.000000
vt 0.447368 1.000000
vt 0.473684 1.000000
vt 0.473684 1.000000
vt 0.947368 1.000000
vt 0.947368 1.000000
vt 0.973684 1.000000
vt 0.973684 1.000000
vt 0.736842 1.000000
vt 0.736842 1.000000
vt 0.763158 1.000000
vt 0.763158 1.000000
vt 0.526315 1.000000
vt 0.526315 1.000000
vt 0.552631 1.000000
vt 0.552631 1.000000
vt 0.815789 1.000000
vt 0.815789 1.000000
vt 0.842105 1.000000
vt 0.842105 1.000000
vt 0.605263 1.000000
vt 0.605263 1.000000
vt 0.631579 1.000000
vt 0.631579 1.000000
vt 0.394737 1.000000
vt 0.394737 1.000000
vt 0.421052 1.000000
vt 0.421052 1.000000
vt 0.315789 1.000000
vt 0.315789 1.000000
vt 0.342105 1.000000
vt 0.342105 1.000000
vt 0.894737 1.000000
vt 0.894737 1.000000
vt 0.921053 1.000000
vt 0.921053 1.000000
vt 0.684210 1.000000
vt 0.684210 1.000000
vt 0.657894 1.000000
vt 0.657894 1.000000
vt 0.236842 1.000000
vt 0.263158 1.000000
vt 0.368421 1.000000
vt 0.394737 1.000000
vt 0.710526 1.000000
vt 0.710526 1.000000
vt 0.684210 1.000000
vt 0.684210 1.000000
vt 0.210526 1.000000
vt 0.394737 1.000000
vt 0.421052 1.000000
vt 0.736842 1.000000
vt 0.736842 1.000000
vt 0.710526 1.000000
vt 0.710526 1.000000
vt 0.184210 1.000000
vt 0.421052 1.000000
vt 0.447368 1.000000
vt 0.763158 1.000000
vt 0.763158 1.000000
vt 0.736842 1.000000
vt 0.736842 1.000000
vt 0.157894 1.000000
vt 0.447368 1.000000
vt 0.473684 1.000000
vt 0.789474 1.000000
vt 0.789474 1.000000
vt 0.763158 1.000000
vt 0.763158 1.000000
vt 0.131579 1.000000
vt 0.473684 1.000000
vt 0.500000 1.000000
vt 0.815789 1.000000
vt 0.815789 1.000000
vt 0.789474 1.000000
vt 0.789474 1.000000
vt 0.105263 1.000000
vt 0.500000 1.000000
vt 0.526315 1.000000
vt 0.842105 1.000000
vt 0.842105 1.000000
vt 0.815789 1.000000
vt 0.815789 1.000000
vt 0.078947 1.000000
vt 0.526315 1.000000
vt 0.552631 1.000000
vt 0.868421 1.000000
vt 0.868421 1.000000
vt 0.842105 1.000000
vt 0.842105 1.000000
vt 0.052631 1.000000
vt 0.552631 1.000000
vt 0.578947 1.000000
vt 0.894737 1.000000
vt 0.894737 1.000000
vt 0.868421 1.000000
vt 0.868421 1.000000
vt 0.026316 1.000000
vt 0.578947 1.000000
vt 0.605263 1.000000
vt 0.921053 1.000000
vt 0.921053 1.000000
vt 0.894737 1.000000
vt 0.894737 1.000000
vt -0.000000 1.000000
vt 0.605263 1.000000
vt 0.631579 1.000000
vt 0.947368 1.000000
vt 0.947368 1.000000
vt 0.921053 1.000000
vt 0.921053 1.000000
vt 0.631579 1.000000
vt 0.657894 1.000000
vt 0.973684 1.000000
vt 0.973684 1.000000
vt 0.947368 1.000000
vt 0.947368 1.000000
vt 0.657894 1.000000
vt 0.684210 1.000000
vt 1.000000 1.000000
vt 1.000000 1.000000
vt 0.973684 1.000000
vt 0.973684 1.000000
vt 0.131579 1.000000
vt 0.131579 1.000000
vt 0.157894 1.000000
vt 0.157894 1.000000
vt 0.684210 1.000000
vt 0.710526 1.000000
vt 0.315789 1.000000
vt 0.315789 1.000000
vt 0.289473 1.000000
vt 0.289473 1.000000
vt 0.342105 1.000000
vt 0.342105 1.000000
vt 0.315789 1.000000
vt 0.315789 1.000000
vt 0.447368 1.000000
vt 0.447368 1.000000
vt 0.473684 1.000000
vt 0.473684 1.000000
vt 0.789474 1.000000
vt 0.815789 1.000000
vt 0.184210 1.000000
vt 0.184210 1.000000
vt 0.421052 1.000000
vt 0.421052 1.000000
vt 0.447368 1.000000
vt 0.447368 1.000000
vt 0.763158 1.000000
vt 0.789474 1.000000
vt 0.210526 1.000000
vt 0.210526 1.000000
vt 0.394737 1.000000
vt 0.394737 1.000000
vt 0.421052 1.000000
vt 0.421052 1.000000
vt 0.736842 1.000000
vt 0.763158 1.000000
vt 0.236842 1.000000
vt 0.236842 1.000000
vt 0.368421 1.000000
vt 0.368421 1.000000
vt 0.394737 1.000000
vt 0.394737 1.000000
vt 0.710526 1.000000
vt 0.736842 1.000000
vt 0.263158 1.000000
vt 0.263158 1.000000
vt 0.342105 1.000000
vt 0.342105 1.000000
vt 0.368421 1.000000
vt 0.368421 1.000000
vt 0.684210 1.000000
vt 0.710526 1.000000
vt 0.289473 1.000000
vt 0.315789 1.000000
vt 0.342105 1.000000
vt 0.657894 1.000000
vt 0.684210 1.000000
vt 0.315789 1.000000
vt 0.631579 1.000000
vt 0.631579 1.000000
vt 0.657894 1.000000
vt 0.657894 1.000000
vt 0.973684 1.000000
vt 1.000000 1.000000
vt 0.605263 1.000000
vt 0.605263 1.000000
vt 0.631579 1.000000
vt 0.631579 1.000000
vt 0.947368 1.000000
vt 0.973684 1.000000
vt -0.000000 1.000000
vt -0.000000 1.000000
vt 0.026316 1.000000
vt 0.026316 1.000000
vt 0.578947 1.000000
vt 0.578947 1.000000
vt 0.605263 1.000000
vt 0.605263 1.000000
vt 0.921053 1.000000
vt 0.947368 1.000000
vt 0.052631 1.000000
vt 0.052631 1.000000
vt 0.552631 1.000000
vt 0.552631 1.000000
vt 0.578947 1.000000
vt 0.578947 1.000000
vt 0.894737 1.000000
vt 0.921053 1.000000
vt 0.078947 1.000000
vt 0.078947 1.000000
vt 0.526315 1.000000
vt 0.526315 1.000000
vt 0.552631 1.000000
vt 0.552631 1.000000
vt 0.868421 1.000000
vt 0.894737 1.000000
vt 0.105263 1.000000
vt 0.105263 1.000000
vt 0.500000 1.000000
vt 0.500000 1.000000
vt 0.526315 1.000000
vt 0.526315 1.000000
vt 0.842105 1.000000
vt 0.868421 1.000000
vt 0.473684 1.000000
vt 0.473684 1.000000
vt 0.500000 1.000000
vt 0.500000 1.000000
vt 0.815789 1.000000
vt 0.842105 1.000000
vt 0.342105 1.000000
vt 0.368421 1.000000
vt 0.289473 1.000000
vt 0.657894 1.000000
vt 0.631579 1.000000
vt 0.315789 1.000000
vt 0.342105 1.000000
vt 0.315789 1.000000
vt 0.631579 1.000000
vt 0.605263 1.000000
vt 0.026316 1.000000
vt -0.000000 1.000000
vt 0.973684 1.000000
vt 1.000000 1.000000
vt 0.605263 1.000000
vt 0.578947 1.000000
vt 0.052631 1.000000
vt 0.947368 1.000000
vt 0.973684 1.000000
vt 0.578947 1.000000
vt 0.552631 1.000000
vt 0.078947 1.000000
vt 0.921053 1.000000
vt 0.947368 1.000000
vt 0.552631 1.000000
vt 0.526315 1.000000
vt 0.105263 1.000000
vt 0.894737 1.000000
vt 0.921053 1.000000
vt 0.526315 1.000000
vt 0.500000 1.000000
vt 0.131579 1.000000
vt 0.868421 1.000000
vt 0.894737 1.000000
vt 0.500000 1.000000
vt 0.473684 1.000000
vt 0.157894 1.000000
vt 0.842105 1.000000
vt 0.868421 1.000000
vt 0.473684 1.000000
vt 0.447368 1.000000
vt 0.184210 1.000000
vt 0.815789 1.000000
vt 0.842105 1.000000
vt 0.447368 1.000000
vt 0.421052 1.000000
vt 0.210526 1.000000
vt 0.789474 1.000000
vt 0.815789 1.000000
vt 0.421052 1.000000
vt 0.394737 1.000000
vt 0.236842 1.000000
vt 0.763158 1.000000
vt 0.789474 1.000000
vt 0.394737 1.000000
vt 0.368421 1.000000
vt 0.263158 1.000000
vt 0.736842 1.000000
vt 0.763158 1.000000
vt 0.368421 1.000000
vt 0.342105 1.000000
vt 0.710526 1.000000
vt 0.736842 1.000000
vt 1.000000 1.000000
vt 0.000000 0.000000
vt 0.000000 0.000000
vt 0.000000 0.000000
vt 0.000000 0.000000
vt 0.000000 0.000000
vt 0.000000 0.000000
vt 0.000000 0.000000
vt 0.000000 0.000000
vt 0.000000 0.500000
vt 0.000000 1.000000
vt 1.000000 1.000000
vt 1.000000 0.500000
vt 0.000000 0.000000
vt 1.000000 0.000000
vt 1.000000 1.000000
vt 0.000000 0.000000
vt 0.000000 0.000000
vt 0.000000 0.000000
vt 0.000000 0.000000
vt 0.000000 0.000000
vt 0.000000 0.000000
vt 0.000000 0.000000
vt 0.000000 0.000000
vt 1.000000 0.500000
vt 1.000000 0.000000
vt 1.000000 1.000000
vt 1.000000 0.500000
vt 1.000000 0.500000
vt 1.000000 1.000000
vt 0.000000 0.500000
vt 1.000000 0.500000
vt 1.000000 1.000000
vt 0.000000 1.000000
vt 0.000000 0.500000
vt 0.000000 0.000000
vt 0.000000 0.000000
vt 0.000000 1.000000
vt 1.000000 0.000000
vt 0.000000 0.000000
vt 0.000000 1.000000
vt 0.000000 0.500000
vt 1.000000 1.000000
vt 1.000000 0.500000
vt 1.000000 0.500000
vt 0.000000 0.500000
vt 0.000000 1.000000
vt 1.000000 1.000000
vt 1.000000 0.500000
vt 0.000000 0.500000
vt 0.000000 0.000000
vt 0.000000 0.000000
vt 0.000000 1.000000
vt 1.000000 0.000000
vt 1.000000 0.000000
vt 1.000000 0.000000
vt 1.000000 0.500000
vt 1.000000 1.000000
vt 0.973684 1.000000
vt 0.973684 0.500000
vt 0.947368 1.000000
vt 0.947368 0.500000
vt 0.921053 1.000000
vt 0.921053 0.500000
vt 0.894737 1.000000
vt 0.894737 0.500000
vt 0.868421 1.000000
vt 0.868421 0.500000
vt 0.842105 1.000000
vt 0.842105 0.500000
vt 0.815789 1.000000
vt 0.815789 0.500000
vt 0.789474 1.000000
vt 0.789474 0.500000
vt 0.763158 1.000000
vt 0.763158 0.500000
vt 0.736842 1.000000
vt 0.736842 0.500000
vt 0.710526 1.000000
vt 0.710526 0.500000
vt 0.684210 1.000000
vt 0.684210 0.500000
vt 0.657894 1.000000
vt 0.657894 0.500000
vt 0.631579 1.000000
vt 0.631579 0.500000
vt 0.605263 1.000000
vt 0.605263 0.500000
vt 0.578947 1.000000
vt 0.578947 0.500000
vt 0.552631 1.000000
vt 0.552631 0.500000
vt 0.526315 1.000000
vt 0.526315 0.500000
vt 0.500000 1.000000
vt 0.500000 0.500000
vt 0.473684 1.000000
vt 0.473684 0.500000
vt 0.447368 1.000000
vt 0.447368 0.500000
vt 0.421052 1.000000
vt 0.421052 0.500000
vt 0.394737 1.000000
vt 0.394737 0.500000
vt 0.368421 1.000000
vt 0.368421 0.500000
vt 0.342105 1.000000
vt 0.342105 0.500000
vt 0.315789 1.000000
vt 0.315789 0.500000
vt 0.289473 1.000000
vt 0.289473 0.500000
vt 0.263158 1.000000
vt 0.263158 0.500000
vt 0.236842 1.000000
vt 0.236842 0.500000
vt 0.210526 1.000000
vt 0.210526 0.500000
vt 0.184210 1.000000
vt 0.184210 0.500000
vt 0.157894 1.000000
vt 0.157894 0.500000
vt 0.131579 1.000000
vt 0.131579 0.500000
vt 0.105263 1.000000
vt 0.105263 0.500000
vt 0.078947 1.000000
vt 0.078947 0.500000
vt 0.052631 1.000000
vt 0.052631 0.500000
vt 0.026316 1.000000
vt 0.026316 0.500000
vt -0.000000 1.000000
vt -0.000000 0.500000
vt 1.000000 0.500000
vt 0.973684 0.500000
vt 0.973684 1.000000
vt 1.000000 1.000000
vt 0.947368 0.500000
vt 0.947368 1.000000
vt 0.921053 0.500000
vt 0.921053 1.000000
vt 0.894737 0.500000
vt 0.894737 1.000000
vt 0.868421 0.500000
vt 0.868421 1.000000
vt 0.842105 0.500000
vt 0.842105 1.000000
vt 0.815789 0.500000
vt 0.815789 1.000000
vt 0.789474 0.500000
vt 0.789474 1.000000
vt 0.763158 0.500000
vt 0.763158 1.000000
vt 0.736842 0.500000
vt 0.736842 1.000000
vt 0.710526 0.500000
vt 0.710526 1.000000
vt 0.684210 0.500000
vt 0.684210 1.000000
vt 0.657894 0.500000
vt 0.657894 1.000000
vt 0.631579 0.500000
vt 0.631579 1.000000
vt 0.605263 0.500000
vt 0.605263 1.000000
vt 0.578947 0.500000
vt 0.578947 1.000000
vt 0.552631 0.500000
vt 0.552631 1.000000
vt 0.526315 0.500000
vt 0.526315 1.000000
vt 0.500000 0.500000
vt 0.500000 1.000000
vt 0.473684 0.500000
vt 0.473684 1.000000
vt 0.447368 0.500000
vt 0.447368 1.000000
vt 0.421052 0.500000
vt 0.421052 1.000000
vt 0.394737 0.500000
vt 0.394737 1.000000
vt 0.368421 0.500000
vt 0.368421 1.000000
vt 0.342105 0.500000
vt 0.342105 1.000000
vt 0.315789 0.500000
vt 0.315789 1.000000
vt 0.289473 0.500000
vt 0.289473 1.000000
vt 0.263158 0.500000
vt 0.263158 1.000000
vt 0.236842 0.500000
vt 0.236842 1.000000
vt 0.210526 0.500000
vt 0.210526 1.000000
vt 0.184210 0.500000
vt 0.184210 1.000000
vt 0.157894 0.500000
vt 0.157894 1.000000
vt 0.131579 0.500000
vt 0.131579 1.000000
vt 0.105263 0.500000
vt 0.105263 1.000000
vt 0.078947 0.500000
vt 0.078947 1.000000
vt 0.052631 0.500000
vt 0.052631 1.000000
vt 0.026316 0.500000
vt 0.026316 1.000000
vt -0.000000 0.500000
vt -0.000000 1.000000
vt 0.625000 0.125000
vt 0.750000 0.125000
vt 0.250000 0.250000
vt 0.125000 0.250000
vt 0.500000 0.125000
vt 0.375000 0.000000
vt 0.375000 0.125000
vt 0.500000 0.000000
vt 0.250000 0.125000
vt 0.125000 0.125000
vt 0.000000 0.000000
vt 0.000000 0.000000
vt 0.000000 0.000000
vt 0.250000 0.375000
vt 0.000000 0.000000
vt 0.000000 0.250000
vt 0.125000 0.375000
vt 0.000000 0.000000
vt 0.375000 0.375000
vt 0.000000 0.125000
vt 0.125000 0.000000
vt 0.000000 0.000000
vt 0.250000 0.000000
vt 0.000000 0.000000
vt 0.000000 0.000000
vt 0.000000 0.000000
vt 0.000000 0.000000
vt 0.625000 0.000000
vt 0.625000 0.125000
vt 0.750000 0.125000
vt 0.250000 0.250000
vt 0.125000 0.250000
vt 0.500000 0.125000
vt 0.375000 0.000000
vt 0.375000 0.125000
vt 0.500000 0.000000
vt 0.250000 0.125000
vt 0.125000 0.125000
vt 0.000000 0.000000
vt 0.000000 0.000000
vt 0.000000 0.000000
vt 0.250000 0.375000
vt 0.000000 0.000000
vt 0.000000 0.250000
vt 0.125000 0.375000
vt 0.000000 0.000000
vt 0.375000 0.375000
vt 0.000000 0.125000
vt 0.125000 0.000000
vt 0.000000 0.000000
vt 0.250000 0.000000
vt 0.000000 0.000000
vt 0.000000 0.000000
vt 0.000000 0.000000
vt 0.000000 0.000000
vt 0.625000 0.000000
vt 1.000000 0.500000
vt 1.000000 1.000000
vt 0.973684 1.000000
vt 0.973684 0.500000
vt 0.763158 1.000000
vt 0.789474 1.000000
vt 0.973684 0.500000
vt 0.973684 1.000000
vt 0.947368 1.000000
vt 0.947368 0.500000
vt 0.947368 0.500000
vt 0.947368 1.000000
vt 0.921053 1.000000
vt 0.921053 0.500000
vt 0.105263 1.000000
vt 0.131579 1.000000
vt 0.921053 0.500000
vt 0.921053 1.000000
vt 0.894737 1.000000
vt 0.894737 0.500000
vt 0.473684 1.000000
vt 0.500000 1.000000
vt 0.894737 0.500000
vt 0.894737 1.000000
vt 0.868421 1.000000
vt 0.868421 0.500000
vt 0.684210 1.000000
vt 0.710526 1.000000
vt 0.868421 0.500000
vt 0.868421 1.000000
vt 0.842105 1.000000
vt 0.842105 0.500000
vt 0.842105 0.500000
vt 0.842105 1.000000
vt 0.815789 1.000000
vt 0.815789 0.500000
vt 0.184210 1.000000
vt 0.210526 1.000000
vt 0.815789 0.500000
vt 0.815789 1.000000
vt 0.789474 1.000000
vt 0.789474 0.500000
vt 0.394737 1.000000
vt 0.421052 1.000000
vt 0.789474 0.500000
vt 0.763158 0.500000
vt 0.605263 1.000000
vt 0.631579 1.000000
vt 0.763158 0.500000
vt 0.763158 1.000000
vt 0.736842 1.000000
vt 0.736842 0.500000
vt 0.736842 0.500000
vt 0.736842 1.000000
vt 0.710526 1.000000
vt 0.710526 0.500000
vt 0.263158 1.000000
vt 0.289473 1.000000
vt 0.710526 0.500000
vt 0.684210 0.500000
vt 0.052631 1.000000
vt 0.078947 1.000000
vt 0.684210 0.500000
vt 0.684210 1.000000
vt 0.657894 1.000000
vt 0.657894 0.500000
vt 0.526315 1.000000
vt 0.552631 1.000000
vt 0.657894 0.500000
vt 0.657894 1.000000
vt 0.631579 1.000000
vt 0.631579 0.500000
vt 0.631579 0.500000
vt 0.605263 0.500000
vt 0.605263 0.500000
vt 0.605263 1.000000
vt 0.578947 1.000000
vt 0.578947 0.500000
vt 0.157894 1.000000
vt 0.578947 0.500000
vt 0.578947 1.000000
vt 0.552631 1.000000
vt 0.552631 0.500000
vt 0.315789 1.000000
vt 0.342105 1.000000
vt 0.552631 0.500000
vt 0.526315 0.500000
vt 0.447368 1.000000
vt 0.473684 1.000000
vt 0.526315 0.500000
vt 0.526315 1.000000
vt 0.500000 1.000000
vt 0.500000 0.500000
vt 0.500000 0.500000
vt 0.473684 0.500000
vt 0.473684 0.500000
vt 0.447368 0.500000
vt 0.236842 1.000000
vt 0.447368 0.500000
vt 0.447368 1.000000
vt 0.421052 1.000000
vt 0.421052 0.500000
vt 0.368421 1.000000
vt 0.394737 1.000000
vt 0.421052 0.500000
vt 0.394737 0.500000
vt 0.394737 0.500000
vt 0.368421 0.500000
vt 0.368421 0.500000
vt 0.368421 1.000000
vt 0.342105 1.000000
vt 0.342105 0.500000
vt -0.000000 1.000000
vt 0.026316 1.000000
vt 0.342105 0.500000
vt 0.315789 0.500000
vt 0.315789 0.500000
vt 0.315789 1.000000
vt 0.289473 0.500000
vt 0.263158 0.500000
vt 0.236842 0.500000
vt 0.210526 0.500000
vt 0.184210 0.500000
vt 0.157894 0.500000
vt 0.131579 0.500000
vt 0.105263 0.500000
vt 0.078947 0.500000
vt 0.052631 0.500000
vt 0.549080 0.118733
vt 0.530214 0.153593
vt 0.517344 0.191084
vt 0.510820 0.230181
vt 0.510820 0.269820
vt 0.517344 0.308917
vt 0.530215 0.346407
vt 0.549080 0.381268
vt 0.573427 0.412548
vt 0.602589 0.439394
vt 0.635773 0.461074
vt 0.672073 0.476996
vt 0.710498 0.486727
vt 0.750000 0.490000
vt 0.789503 0.486727
vt 0.827928 0.476996
vt 0.864227 0.461074
vt 0.897411 0.439394
vt 0.926574 0.412548
vt 0.950920 0.381268
vt 0.969786 0.346407
vt 0.982656 0.308917
vt 0.989180 0.269819
vt 0.989180 0.230181
vt 0.982656 0.191083
vt 0.969786 0.153593
vt 0.950920 0.118732
vt 0.926574 0.087452
vt 0.897411 0.060606
vt 0.864227 0.038926
vt 0.827928 0.023004
vt 0.789503 0.013273
vt 0.750000 0.010000
vt 0.710497 0.013273
vt 0.672072 0.023004
vt 0.635772 0.038926
vt 0.602589 0.060606
vt 0.573426 0.087453
vt 0.026316 0.500000
vt -0.000000 0.500000
vt 1.000000 0.500000
vt 1.000000 1.000000
vt 0.973684 1.000000
vt 0.973684 0.500000
vt 0.763158 1.000000
vt 0.789474 1.000000
vt 0.973684 0.500000
vt 0.973684 1.000000
vt 0.947368 1.000000
vt 0.947368 0.500000
vt 0.947368 0.500000
vt 0.947368 1.000000
vt 0.921053 1.000000
vt 0.921053 0.500000
vt 0.105263 1.000000
vt 0.131579 1.000000
vt 0.921053 0.500000
vt 0.921053 1.000000
vt 0.894737 1.000000
vt 0.894737 0.500000
vt 0.473684 1.000000
vt 0.500000 1.000000
vt 0.894737 0.500000
vt 0.894737 1.000000
vt 0.868421 1.000000
vt 0.868421 0.500000
vt 0.684210 1.000000
vt 0.710526 1.000000
vt 0.868421 0.500000
vt 0.868421 1.000000
vt 0.842105 1.000000
vt 0.842105 0.500000
vt 0.842105 0.500000
vt 0.842105 1.000000
vt 0.815789 1.000000
vt 0.815789 0.500000
vt 0.184210 1.000000
vt 0.210526 1.000000
vt 0.815789 0.500000
vt 0.815789 1.000000
vt 0.789474 1.000000
vt 0.789474 0.500000
vt 0.394737 1.000000
vt 0.421052 1.000000
vt 0.789474 0.500000
vt 0.763158 0.500000
vt 0.605263 1.000000
vt 0.631579 1.000000
vt 0.763158 0.500000
vt 0.763158 1.000000
vt 0.736842 1.000000
vt 0.736842 0.500000
vt 0.736842 0.500000
vt 0.736842 1.000000
vt 0.710526 1.000000
vt 0.710526 0.500000
vt 0.263158 1.000000
vt 0.289473 1.000000
vt 0.710526 0.500000
vt 0.684210 0.500000
vt 0.052631 1.000000
vt 0.078947 1.000000
vt 0.684210 0.500000
vt 0.684210 1.000000
vt 0.657894 1.000000
vt 0.657894 0.500000
vt 0.526315 1.000000
vt 0.552631 1.000000
vt 0.657894 0.500000
vt 0.657894 1.000000
vt 0.631579 1.000000
vt 0.631579 0.500000
vt 0.631579 0.500000
vt 0.605263 0.500000
vt 0.605263 0.500000
vt 0.605263 1.000000
vt 0.578947 1.000000
vt 0.578947 0.500000
vt 0.157894 1.000000
vt 0.578947 0.500000
vt 0.578947 1.000000
vt 0.552631 1.000000
vt 0.552631 0.500000
vt 0.315789 1.000000
vt 0.342105 1.000000
vt 0.552631 0.500000
vt 0.526315 0.500000
vt 0.447368 1.000000
vt 0.473684 1.000000
vt 0.526315 0.500000
vt 0.526315 1.000000
vt 0.500000 1.000000
vt 0.500000 0.500000
vt 0.500000 0.500000
vt 0.473684 0.500000
vt 0.473684 0.500000
vt 0.447368 0.500000
vt 0.236842 1.000000
vt 0.447368 0.500000
vt 0.447368 1.000000
vt 0.421052 1.000000
vt 0.421052 0.500000
vt 0.368421 1.000000
vt 0.394737 1.000000
vt 0.421052 0.500000
vt 0.394737 0.500000
vt 0.394737 0.500000
vt 0.368421 0.500000
vt 0.368421 0.500000
vt 0.368421 1.000000
vt 0.342105 1.000000
vt 0.342105 0.500000
vt -0.000000 1.000000
vt 0.026316 1.000000
vt 0.342105 0.500000
vt 0.315789 0.500000
vt 0.315789 0.500000
vt 0.315789 1.000000
vt 0.289473 0.500000
vt 0.263158 0.500000
vt 0.236842 0.500000
vt 0.210526 0.500000
vt 0.184210 0.500000
vt 0.157894 0.500000
vt 0.131579 0.500000
vt 0.105263 0.500000
vt 0.078947 0.500000
vt 0.052631 0.500000
vt 0.549080 0.118733
vt 0.530214 0.153593
vt 0.517344 0.191084
vt 0.510820 0.230181
vt 0.510820 0.269820
vt 0.517344 0.308917
vt 0.530215 0.346407
vt 0.549080 0.381268
vt 0.573427 0.412548
vt 0.602589 0.439394
vt 0.635773 0.461074
vt 0.672073 0.476996
vt 0.710498 0.486727
vt 0.750000 0.490000
vt 0.789503 0.486727
vt 0.827928 0.476996
vt 0.864227 0.461074
vt 0.897411 0.439394
vt 0.926574 0.412548
vt 0.950920 0.381268
vt 0.969786 0.346407
vt 0.982656 0.308917
vt 0.989180 0.269819
vt 0.989180 0.230181
vt 0.982656 0.191083
vt 0.969786 0.153593
vt 0.950920 0.118732
vt 0.926574 0.087452
vt 0.897411 0.060606
vt 0.864227 0.038926
vt 0.827928 0.023004
vt 0.789503 0.013273
vt 0.750000 0.010000
vt 0.710497 0.013273
vt 0.672072 0.023004
vt 0.635772 0.038926
vt 0.602589 0.060606
vt 0.573426 0.087453
vt 0.026316 0.500000
vt -0.000000 0.500000
vt 1.000000 0.500000
vt 0.973684 0.500000
vt 0.973684 1.000000
vt 1.000000 1.000000
vt 0.763158 1.000000
vt 0.789474 1.000000
vt 0.973684 0.500000
vt 0.947368 0.500000
vt 0.947368 1.000000
vt 0.973684 1.000000
vt 0.947368 0.500000
vt 0.921053 0.500000
vt 0.921053 1.000000
vt 0.947368 1.000000
vt 0.105263 1.000000
vt 0.131579 1.000000
vt 0.921053 0.500000
vt 0.894737 0.500000
vt 0.894737 1.000000
vt 0.921053 1.000000
vt 0.473684 1.000000
vt 0.500000 1.000000
vt 0.894737 0.500000
vt 0.868421 0.500000
vt 0.868421 1.000000
vt 0.894737 1.000000
vt 0.684210 1.000000
vt 0.710526 1.000000
vt 0.868421 0.500000
vt 0.842105 0.500000
vt 0.842105 1.000000
vt 0.868421 1.000000
vt 0.842105 0.500000
vt 0.815789 0.500000
vt 0.815789 1.000000
vt 0.842105 1.000000
vt 0.184210 1.000000
vt 0.210526 1.000000
vt 0.815789 0.500000
vt 0.789474 0.500000
vt 0.789474 1.000000
vt 0.815789 1.000000
vt 0.394737 1.000000
vt 0.421052 1.000000
vt 0.789474 0.500000
vt 0.763158 0.500000
vt 0.605263 1.000000
vt 0.631579 1.000000
vt 0.763158 0.500000
vt 0.736842 0.500000
vt 0.736842 1.000000
vt 0.763158 1.000000
vt 0.736842 0.500000
vt 0.710526 0.500000
vt 0.710526 1.000000
vt 0.736842 1.000000
vt 0.263158 1.000000
vt 0.289473 1.000000
vt 0.710526 0.500000
vt 0.684210 0.500000
vt 0.052631 1.000000
vt 0.078947 1.000000
vt 0.684210 0.500000
vt 0.657894 0.500000
vt 0.657894 1.000000
vt 0.684210 1.000000
vt 0.526315 1.000000
vt 0.552631 1.000000
vt 0.657894 0.500000
vt 0.631579 0.500000
vt 0.631579 1.000000
vt 0.657894 1.000000
vt 0.631579 0.500000
vt 0.605263 0.500000
vt 0.605263 0.500000
vt 0.578947 0.500000
vt 0.578947 1.000000
vt 0.605263 1.000000
vt 0.157894 1.000000
vt 0.578947 0.500000
vt 0.552631 0.500000
vt 0.552631 1.000000
vt 0.578947 1.000000
vt 0.315789 1.000000
vt 0.342105 1.000000
vt 0.552631 0.500000
vt 0.526315 0.500000
vt 0.447368 1.000000
vt 0.473684 1.000000
vt 0.526315 0.500000
vt 0.500000 0.500000
vt 0.500000 1.000000
vt 0.526315 1.000000
vt 0.500000 0.500000
vt 0.473684 0.500000
vt 0.473684 0.500000
vt 0.447368 0.500000
vt 0.236842 1.000000
vt 0.447368 0.500000
vt 0.421052 0.500000
vt 0.421052 1.000000
vt 0.447368 1.000000
vt 0.368421 1.000000
vt 0.394737 1.000000
vt 0.421052 0.500000
vt 0.394737 0.500000
vt 0.394737 0.500000
vt 0.368421 0.500000
vt 0.368421 0.500000
vt 0.342105 0.500000
vt 0.342105 1.000000
vt 0.368421 1.000000
vt -0.000000 1.000000
vt 0.026316 1.000000
vt 0.342105 0.500000
vt 0.315789 0.500000
vt 0.315789 0.500000
vt 0.289473 0.500000
vt 0.315789 1.000000
vt 0.263158 0.500000
vt 0.236842 0.500000
vt 0.210526 0.500000
vt 0.184210 0.500000
vt 0.157894 0.500000
vt 0.131579 0.500000
vt 0.105263 0.500000
vt 0.078947 0.500000
vt 0.052631 0.500000
vt 0.549080 0.118733
vt 0.573426 0.087453
vt 0.602589 0.060606
vt 0.635772 0.038926
vt 0.672072 0.023004
vt 0.710497 0.013273
vt 0.750000 0.010000
vt 0.789503 0.013273
vt 0.827928 0.023004
vt 0.864227 0.038926
vt 0.897411 0.060606
vt 0.926574 0.087452
vt 0.950920 0.118732
vt 0.969786 0.153593
vt 0.982656 0.191083
vt 0.989180 0.230181
vt 0.989180 0.269819
vt 0.982656 0.308917
vt 0.969786 0.346407
vt 0.950920 0.381268
vt 0.926574 0.412548
vt 0.897411 0.439394
vt 0.864227 0.461074
vt 0.827928 0.476996
vt 0.789503 0.486727
vt 0.750000 0.490000
vt 0.710498 0.486727
vt 0.672073 0.476996
vt 0.635773 0.461074
vt 0.602589 0.439394
vt 0.573427 0.412548
vt 0.549080 0.381268
vt 0.530215 0.346407
vt 0.517344 0.308917
vt 0.510820 0.269820
vt 0.510820 0.230181
vt 0.517344 0.191084
vt 0.530214 0.153593
vt 0.026316 0.500000
vt -0.000000 0.500000
vt 1.000000 0.500000
vt 0.973684 0.500000
vt 0.973684 1.000000
vt 1.000000 1.000000
vt 0.763158 1.000000
vt 0.789474 1.000000
vt 0.973684 0.500000
vt 0.947368 0.500000
vt 0.947368 1.000000
vt 0.973684 1.000000
vt 0.947368 0.500000
vt 0.921053 0.500000
vt 0.921053 1.000000
vt 0.947368 1.000000
vt 0.105263 1.000000
vt 0.131579 1.000000
vt 0.921053 0.500000
vt 0.894737 0.500000
vt 0.894737 1.000000
vt 0.921053 1.000000
vt 0.473684 1.000000
vt 0.500000 1.000000
vt 0.894737 0.500000
vt 0.868421 0.500000
vt 0.868421 1.000000
vt 0.894737 1.000000
vt 0.684210 1.000000
vt 0.710526 1.000000
vt 0.868421 0.500000
vt 0.842105 0.500000
vt 0.842105 1.000000
vt 0.868421 1.000000
vt 0.842105 0.500000
vt 0.815789 0.500000
vt 0.815789 1.000000
vt 0.842105 1.000000
vt 0.184210 1.000000
vt 0.210526 1.000000
vt 0.815789 0.500000
vt 0.789474 0.500000
vt 0.789474 1.000000
vt 0.815789 1.000000
vt 0.394737 1.000000
vt 0.421052 1.000000
vt 0.789474 0.500000
vt 0.763158 0.500000
vt 0.605263 1.000000
vt 0.631579 1.000000
vt 0.763158 0.500000
vt 0.736842 0.500000
vt 0.736842 1.000000
vt 0.763158 1.000000
vt 0.736842 0.500000
vt 0.710526 0.500000
vt 0.710526 1.000000
vt 0.736842 1.000000
vt 0.263158 1.000000
vt 0.289473 1.000000
vt 0.710526 0.500000
vt 0.684210 0.500000
vt 0.052631 1.000000
vt 0.078947 1.000000
vt 0.684210 0.500000
vt 0.657894 0.500000
vt 0.657894 1.000000
vt 0.684210 1.000000
vt 0.526315 1.000000
vt 0.552631 1.000000
vt 0.657894 0.500000
vt 0.631579 0.500000
vt 0.631579 1.000000
vt 0.657894 1.000000
vt 0.631579 0.500000
vt 0.605263 0.500000
vt 0.605263 0.500000
vt 0.578947 0.500000
vt 0.578947 1.000000
vt 0.605263 1.000000
vt 0.157894 1.000000
vt 0.578947 0.500000
vt 0.552631 0.500000
vt 0.552631 1.000000
vt 0.578947 1.000000
vt 0.315789 1.000000
vt 0.342105 1.000000
vt 0.552631 0.500000
vt 0.526315 0.500000
vt 0.447368 1.000000
vt 0.473684 1.000000
vt 0.526315 0.500000
vt 0.500000 0.500000
vt 0.500000 1.000000
vt 0.526315 1.000000
vt 0.500000 0.500000
vt 0.473684 0.500000
vt 0.473684 0.500000
vt 0.447368 0.500000
vt 0.236842 1.000000
vt 0.447368 0.500000
vt 0.421052 0.500000
vt 0.421052 1.000000
vt 0.447368 1.000000
vt 0.368421 1.000000
vt 0.394737 1.000000
vt 0.421052 0.500000
vt 0.394737 0.500000
vt 0.394737 0.500000
vt 0.368421 0.500000
vt 0.368421 0.500000
vt 0.342105 0.500000
vt 0.342105 1.000000
vt 0.368421 1.000000
vt -0.000000 1.000000
vt 0.026316 1.000000
vt 0.342105 0.500000
vt 0.315789 0.500000
vt 0.315789 0.500000
vt 0.289473 0.500000
vt 0.315789 1.000000
vt 0.263158 0.500000
vt 0.236842 0.500000
vt 0.210526 0.500000
vt 0.184210 0.500000
vt 0.157894 0.500000
vt 0.131579 0.500000
vt 0.105263 0.500000
vt 0.078947 0.500000
vt 0.052631 0.500000
vt 0.549080 0.118733
vt 0.573426 0.087453
vt 0.602589 0.060606
vt 0.635772 0.038926
vt 0.672072 0.023004
vt 0.710497 0.013273
vt 0.750000 0.010000
vt 0.789503 0.013273
vt 0.827928 0.023004
vt 0.864227 0.038926
vt 0.897411 0.060606
vt 0.926574 0.087452
vt 0.950920 0.118732
vt 0.969786 0.153593
vt 0.982656 0.191083
vt 0.989180 0.230181
vt 0.989180 0.269819
vt 0.982656 0.308917
vt 0.969786 0.346407
vt 0.950920 0.381268
vt 0.926574 0.412548
vt 0.897411 0.439394
vt 0.864227 0.461074
vt 0.827928 0.476996
vt 0.789503 0.486727
vt 0.750000 0.490000
vt 0.710498 0.486727
vt 0.672073 0.476996
vt 0.635773 0.461074
vt 0.602589 0.439394
vt 0.573427 0.412548
vt 0.549080 0.381268
vt 0.530215 0.346407
vt 0.517344 0.308917
vt 0.510820 0.269820
vt 0.510820 0.230181
vt 0.517344 0.191084
vt 0.530214 0.153593
vt 0.026316 0.500000
vt -0.000000 0.500000
vt 0.000000 0.000000
vt 1.000000 0.000000
vt 1.000000 1.000000
vt 0.000000 1.000000
vt 0.625000 0.500000
vt 0.570751 0.500000
vt 0.570751 0.750000
vt 0.625000 0.750000
vt 0.625000 1.000000
vt 0.570751 1.000000
vt 0.625000 0.625000
vt 0.875000 0.625000
vt 0.875000 0.750000
vt 0.625000 0.750000
vt 0.625000 0.625000
vt 0.375000 0.500000
vt 0.375000 0.625000
vt 0.570751 0.750000
vt 0.625000 0.500000
vt 0.570751 0.500000
vt 0.498309 0.500000
vt 0.498309 0.750000
vt 0.436654 0.750000
vt 0.436654 0.500000
vt 0.375000 0.750000
vt 0.875000 0.500000
vt 0.436654 0.750000
vt 0.436654 0.500000
vt 0.498309 0.750000
vt 0.498309 0.500000
vt 0.570751 0.750000
vt 0.570751 0.500000
vt 0.875000 0.750000
vt 0.875000 0.625000
vt 0.625000 0.250000
vt 0.625000 0.125000
vt 0.000000 0.000000
vt 0.000000 1.000000
vt 1.000000 1.000000
vt 1.000000 0.000000
vt 0.570751 0.500000
vt 0.625000 0.500000
vt 0.570751 0.750000
vt 0.570751 1.000000
vt 0.625000 1.000000
vt 0.625000 0.750000
vt 0.625000 0.625000
vt 0.875000 0.750000
vt 0.875000 0.625000
vt 0.625000 0.625000
vt 0.625000 0.750000
vt 0.375000 0.625000
vt 0.375000 0.500000
vt 0.570751 0.750000
vt 0.570751 0.500000
vt 0.625000 0.500000
vt 0.498309 0.500000
vt 0.498309 0.750000
vt 0.436654 0.750000
vt 0.436654 0.500000
vt 0.375000 0.750000
vt 0.875000 0.500000
vt 0.436654 0.500000
vt 0.436654 0.750000
vt 0.498309 0.500000
vt 0.498309 0.750000
vt 0.570751 0.500000
vt 0.570751 0.750000
vt 0.875000 0.625000
vt 0.875000 0.750000
vt 0.625000 0.125000
vt 0.625000 0.250000
vt 1.000000 1.000000
vt 1.000000 1.000000
vt 1.000000 1.000000
vt 1.000000 1.000000
vt 1.000000 1.000000
vt 1.000000 0.000000
vt 1.000000 0.000000
vt 1.000000 0.000000
vt 1.000000 0.000000
vt 1.000000 0.000000
vt 1.000000 1.000000
vt 1.000000 0.000000
vt 1.000000 0.000000
vt 1.000000 0.000000
vt 1.000000 1.000000
vt 1.000000 0.000000
vt 1.000000 1.000000
vt 1.000000 1.000000
vt 1.000000 1.000000
vt 1.000000 1.000000
vt 1.000000 1.000000
vt 1.000000 0.000000
vt 1.000000 0.000000
vt 1.000000 0.000000
vt 1.000000 0.000000
vt 1.000000 1.000000
vt 1.000000 0.000000
vt 1.000000 0.000000
vt 1.000000 0.000000
vt 1.000000 0.000000
vt 1.000000 1.000000
vt 0.750000 0.000000
vt 0.750000 0.000000
vt 0.000000 0.375000
vt 0.000000 0.375000
vt 0.000000 0.500000
vt 1.000000 0.500000
vt 1.000000 1.000000
vt 0.000000 1.000000
vt 0.000000 0.000000
vt 0.000000 0.491199
vt 1.000000 0.000000
vt 1.000000 0.491199
vt 0.000000 0.500000
vt 1.000000 0.500000
vt 1.000000 1.000000
vt 0.000000 1.000000
vt 0.000000 0.500000
vt 0.000000 1.000000
vt 1.000000 1.000000
vt 1.000000 0.500000
vt 0.000000 0.491199
vt 0.000000 0.000000
vt 1.000000 0.000000
vt 1.000000 0.491199
vt 0.000000 0.500000
vt 0.000000 1.000000
vt 1.000000 1.000000
vt 1.000000 0.500000
vt 1.000000 0.500000
vt 1.000000 1.000000
vt 0.968750 1.000000
vt 0.968750 0.500000
vt 0.937500 1.000000
vt 0.937500 0.500000
vt 0.906250 1.000000
vt 0.906250 0.500000
vt 0.875000 1.000000
vt 0.875000 0.500000
vt 0.843750 1.000000
vt 0.843750 0.500000
vt 0.812500 1.000000
vt 0.812500 0.500000
vt 0.781250 1.000000
vt 0.781250 0.500000
vt 0.750000 1.000000
vt 0.750000 0.500000
vt 0.718750 1.000000
vt 0.718750 0.500000
vt 0.687500 1.000000
vt 0.687500 0.500000
vt 0.656250 1.000000
vt 0.656250 0.500000
vt 0.625000 1.000000
vt 0.625000 0.500000
vt 0.593750 1.000000
vt 0.593750 0.500000
vt 0.562500 1.000000
vt 0.562500 0.500000
vt 0.531250 1.000000
vt 0.531250 0.500000
vt 0.500000 1.000000
vt 0.500000 0.500000
vt 0.468750 1.000000
vt 0.468750 0.500000
vt 0.437500 1.000000
vt 0.437500 0.500000
vt 0.406250 1.000000
vt 0.406250 0.500000
vt 0.375000 1.000000
vt 0.375000 0.500000
vt 0.343750 1.000000
vt 0.343750 0.500000
vt 0.312500 1.000000
vt 0.312500 0.500000
vt 0.281250 1.000000
vt 0.281250 0.500000
vt 0.250000 1.000000
vt 0.250000 0.500000
vt 0.218750 1.000000
vt 0.218750 0.500000
vt 0.187500 1.000000
vt 0.187500 0.500000
vt 0.156250 1.000000
vt 0.156250 0.500000
vt 0.125000 1.000000
vt 0.125000 0.500000
vt 0.093750 1.000000
vt 0.093750 0.500000
vt 0.062500 1.000000
vt 0.062500 0.500000
vt 0.781250 1.000000
vt 0.812500 1.000000
vt 0.812500 1.000000
vt 0.781250 1.000000
vt 0.031250 1.000000
vt 0.031250 0.500000
vt 0.000000 1.000000
vt 0.000000 0.500000
vt 0.296822 0.485388
vt 0.250000 0.490000
vt 0.203179 0.485389
vt 0.158156 0.471731
vt 0.116663 0.449553
vt 0.080295 0.419706
vt 0.050447 0.383337
vt 0.028269 0.341844
vt 0.014612 0.296822
vt 0.010000 0.250000
vt 0.014611 0.203179
vt 0.028269 0.158156
vt 0.050447 0.116663
vt 0.080294 0.080294
vt 0.116663 0.050447
vt 0.158156 0.028269
vt 0.203178 0.014612
vt 0.250000 0.010000
vt 0.296822 0.014612
vt 0.341844 0.028269
vt 0.383337 0.050447
vt 0.419706 0.080294
vt 0.449553 0.116663
vt 0.471731 0.158156
vt 0.485388 0.203178
vt 0.490000 0.250000
vt 0.485388 0.296822
vt 0.471731 0.341844
vt 0.449553 0.383337
vt 0.419706 0.419706
vt 0.383337 0.449553
vt 0.341844 0.471731
vt 0.500000 1.000000
vt 0.531250 1.000000
vt 0.531250 1.000000
vt 0.500000 1.000000
vt 0.218750 1.000000
vt 0.250000 1.000000
vt 0.250000 1.000000
vt 0.218750 1.000000
vt 0.906250 1.000000
vt 0.937500 1.000000
vt 0.937500 1.000000
vt 0.906250 1.000000
vt 0.625000 1.000000
vt 0.656250 1.000000
vt 0.656250 1.000000
vt 0.625000 1.000000
vt 0.343750 1.000000
vt 0.375000 1.000000
vt 0.375000 1.000000
vt 0.343750 1.000000
vt 0.062500 1.000000
vt 0.093750 1.000000
vt 0.093750 1.000000
vt 0.062500 1.000000
vt 0.750000 1.000000
vt 0.750000 1.000000
vt 0.468750 1.000000
vt 0.468750 1.000000
vt 0.187500 1.000000
vt 0.187500 1.000000
vt 0.875000 1.000000
vt 0.875000 1.000000
vt 0.593750 1.000000
vt 0.593750 1.000000
vt 0.312500 1.000000
vt 0.312500 1.000000
vt 0.031250 1.000000
vt 0.031250 1.000000
vt 0.718750 1.000000
vt 0.718750 1.000000
vt 0.437500 1.000000
vt 0.437500 1.000000
vt 0.156250 1.000000
vt 0.156250 1.000000
vt 0.843750 1.000000
vt 0.843750 1.000000
vt 0.562500 1.000000
vt 0.562500 1.000000
vt 0.281250 1.000000
vt 0.281250 1.000000
vt 0.968750 1.000000
vt 1.000000 1.000000
vt 1.000000 1.000000
vt 0.968750 1.000000
vt 0.000000 1.000000
vt 0.000000 1.000000
vt 0.687500 1.000000
vt 0.687500 1.000000
vt 0.406250 1.000000
vt 0.406250 1.000000
vt 0.125000 1.000000
vt 0.125000 1.000000
vt 0.875000 1.000000
vt 0.843750 1.000000
vt 0.531250 1.000000
vt 0.562500 1.000000
vt 0.062500 1.000000
vt 0.031250 1.000000
vt 0.781250 1.000000
vt 0.812500 1.000000
vt 0.250000 1.000000
vt 0.281250 1.000000
vt 0.343750 1.000000
vt 0.312500 1.000000
vt 0.500000 1.000000
vt 0.625000 1.000000
vt 0.593750 1.000000
vt 0.937500 1.000000
vt 0.968750 1.000000
vt 0.218750 1.000000
vt 0.906250 1.000000
vt 0.656250 1.000000
vt 0.687500 1.000000
vt 0.093750 1.000000
vt 0.906250 1.000000
vt 0.375000 1.000000
vt 0.375000 1.000000
vt 0.406250 1.000000
vt 0.625000 1.000000
vt 0.656250 1.000000
vt 0.093750 1.000000
vt 0.125000 1.000000
vt 0.343750 1.000000
vt 0.937500 1.000000
vt 0.125000 1.000000
vt 0.062500 1.000000
vt 0.406250 1.000000
vt 0.750000 1.000000
vt 0.687500 1.000000
vt 0.468750 1.000000
vt 0.968750 1.000000
vt 0.156250 1.000000
vt 0.187500 1.000000
vt 0.437500 1.000000
vt 0.875000 1.000000
vt 0.250000 1.000000
vt 0.281250 1.000000
vt 0.531250 1.000000
vt 0.562500 1.000000
vt 0.812500 1.000000
vt 0.843750 1.000000
vt 0.156250 1.000000
vt 0.437500 1.000000
vt 0.718750 1.000000
vt 0.718750 1.000000
vt 0.000000 1.000000
vt 0.031250 1.000000
vt 0.000000 1.000000
vt 1.000000 1.000000
vt 1.000000 1.000000
vt 0.312500 1.000000
vt 0.593750 1.000000
vt 0.187500 1.000000
vt 0.468750 1.000000
vt 0.750000 1.000000
vt 0.218750 1.000000
vt 0.500000 1.000000
vt 0.781250 1.000000
vt 1.000000 0.500000
vt 1.000000 1.000000
vt 0.968750 1.000000
vt 0.968750 0.500000
vt 0.937500 1.000000
vt 0.937500 0.500000
vt 0.906250 1.000000
vt 0.906250 0.500000
vt 0.875000 1.000000
vt 0.875000 0.500000
vt 0.843750 1.000000
vt 0.843750 0.500000
vt 0.812500 1.000000
vt 0.812500 0.500000
vt 0.781250 1.000000
vt 0.781250 0.500000
vt 0.750000 1.000000
vt 0.750000 0.500000
vt 0.718750 1.000000
vt 0.718750 0.500000
vt 0.687500 1.000000
vt 0.687500 0.500000
vt 0.656250 1.000000
vt 0.656250 0.500000
vt 0.625000 1.000000
vt 0.625000 0.500000
vt 0.593750 1.000000
vt 0.593750 0.500000
vt 0.562500 1.000000
vt 0.562500 0.500000
vt 0.531250 1.000000
vt 0.531250 0.500000
vt 0.500000 1.000000
vt 0.500000 0.500000
vt 0.468750 1.000000
vt 0.468750 0.500000
vt 0.437500 1.000000
vt 0.437500 0.500000
vt 0.406250 1.000000
vt 0.406250 0.500000
vt 0.375000 1.000000
vt 0.375000 0.500000
vt 0.343750 1.000000
vt 0.343750 0.500000
vt 0.312500 1.000000
vt 0.312500 0.500000
vt 0.281250 1.000000
vt 0.281250 0.500000
vt 0.250000 1.000000
vt 0.250000 0.500000
vt 0.218750 1.000000
vt 0.218750 0.500000
vt 0.187500 1.000000
vt 0.187500 0.500000
vt 0.156250 1.000000
vt 0.156250 0.500000
vt 0.125000 1.000000
vt 0.125000 0.500000
vt 0.093750 1.000000
vt 0.093750 0.500000
vt 0.062500 1.000000
vt 0.062500 0.500000
vt 0.781250 1.000000
vt 0.812500 1.000000
vt 0.812500 1.000000
vt 0.781250 1.000000
vt 0.031250 1.000000
vt 0.031250 0.500000
vt 0.000000 1.000000
vt 0.000000 0.500000
vt 0.296822 0.485388
vt 0.250000 0.490000
vt 0.203179 0.485389
vt 0.158156 0.471731
vt 0.116663 0.449553
vt 0.080295 0.419706
vt 0.050447 0.383337
vt 0.028269 0.341844
vt 0.014612 0.296822
vt 0.010000 0.250000
vt 0.014611 0.203179
vt 0.028269 0.158156
vt 0.050447 0.116663
vt 0.080294 0.080294
vt 0.116663 0.050447
vt 0.158156 0.028269
vt 0.203178 0.014612
vt 0.250000 0.010000
vt 0.296822 0.014612
vt 0.341844 0.028269
vt 0.383337 0.050447
vt 0.419706 0.080294
vt 0.449553 0.116663
vt 0.471731 0.158156
vt 0.485388 0.203178
vt 0.490000 0.250000
vt 0.485388 0.296822
vt 0.471731 0.341844
vt 0.449553 0.383337
vt 0.419706 0.419706
vt 0.383337 0.449553
vt 0.341844 0.471731
vt 0.500000 1.000000
vt 0.531250 1.000000
vt 0.531250 1.000000
vt 0.500000 1.000000
vt 0.218750 1.000000
vt 0.250000 1.000000
vt 0.250000 1.000000
vt 0.218750 1.000000
vt 0.906250 1.000000
vt 0.937500 1.000000
vt 0.937500 1.000000
vt 0.906250 1.000000
vt 0.625000 1.000000
vt 0.656250 1.000000
vt 0.656250 1.000000
vt 0.625000 1.000000
vt 0.343750 1.000000
vt 0.375000 1.000000
vt 0.375000 1.000000
vt 0.343750 1.000000
vt 0.062500 1.000000
vt 0.093750 1.000000
vt 0.093750 1.000000
vt 0.062500 1.000000
vt 0.750000 1.000000
vt 0.750000 1.000000
vt 0.468750 1.000000
vt 0.468750 1.000000
vt 0.187500 1.000000
vt 0.187500 1.000000
vt 0.875000 1.000000
vt 0.875000 1.000000
vt 0.593750 1.000000
vt 0.593750 1.000000
vt 0.312500 1.000000
vt 0.312500 1.000000
vt 0.031250 1.000000
vt 0.031250 1.000000
vt 0.718750 1.000000
vt 0.718750 1.000000
vt 0.437500 1.000000
vt 0.437500 1.000000
vt 0.156250 1.000000
vt 0.156250 1.000000
vt 0.843750 1.000000
vt 0.843750 1.000000
vt 0.562500 1.000000
vt 0.562500 1.000000
vt 0.281250 1.000000
vt 0.281250 1.000000
vt 0.968750 1.000000
vt 1.000000 1.000000
vt 1.000000 1.000000
vt 0.968750 1.000000
vt 0.000000 1.000000
vt 0.000000 1.000000
vt 0.687500 1.000000
vt 0.687500 1.000000
vt 0.406250 1.000000
vt 0.406250 1.000000
vt 0.125000 1.000000
vt 0.125000 1.000000
vt 0.875000 1.000000
vt 0.843750 1.000000
vt 0.531250 1.000000
vt 0.562500 1.000000
vt 0.062500 1.000000
vt 0.031250 1.000000
vt 0.781250 1.000000
vt 0.812500 1.000000
vt 0.250000 1.000000
vt 0.281250 1.000000
vt 0.343750 1.000000
vt 0.312500 1.000000
vt 0.500000 1.000000
vt 0.625000 1.000000
vt 0.593750 1.000000
vt 0.937500 1.000000
vt 0.968750 1.000000
vt 0.218750 1.000000
vt 0.906250 1.000000
vt 0.656250 1.000000
vt 0.687500 1.000000
vt 0.093750 1.000000
vt 0.906250 1.000000
vt 0.375000 1.000000
vt 0.375000 1.000000
vt 0.406250 1.000000
vt 0.625000 1.000000
vt 0.656250 1.000000
vt 0.093750 1.000000
vt 0.125000 1.000000
vt 0.343750 1.000000
vt 0.937500 1.000000
vt 0.125000 1.000000
vt 0.062500 1.000000
vt 0.406250 1.000000
vt 0.750000 1.000000
vt 0.687500 1.000000
vt 0.468750 1.000000
vt 0.968750 1.000000
vt 0.156250 1.000000
vt 0.187500 1.000000
vt 0.437500 1.000000
vt 0.875000 1.000000
vt 0.250000 1.000000
vt 0.281250 1.000000
vt 0.531250 1.000000
vt 0.562500 1.000000
vt 0.812500 1.000000
vt 0.843750 1.000000
vt 0.156250 1.000000
vt 0.437500 1.000000
vt 0.718750 1.000000
vt 0.718750 1.000000
vt 0.000000 1.000000
vt 0.031250 1.000000
vt 0.000000 1.000000
vt 1.000000 1.000000
vt 1.000000 1.000000
vt 0.312500 1.000000
vt 0.593750 1.000000
vt 0.187500 1.000000
vt 0.468750 1.000000
vt 0.750000 1.000000
vt 0.218750 1.000000
vt 0.500000 1.000000
vt 0.781250 1.000000
vt 1.000000 0.500000
vt 1.000000 1.000000
vt 0.968750 1.000000
vt 0.968750 0.500000
vt 0.937500 1.000000
vt 0.937500 0.500000
vt 0.906250 1.000000
vt 0.906250 0.500000
vt 0.875000 1.000000
vt 0.875000 0.500000
vt 0.843750 1.000000
vt 0.843750 0.500000
vt 0.812500 1.000000
vt 0.812500 0.500000
vt 0.781250 1.000000
vt 0.781250 0.500000
vt 0.750000 1.000000
vt 0.750000 0.500000
vt 0.718750 1.000000
vt 0.718750 0.500000
vt 0.687500 1.000000
vt 0.687500 0.500000
vt 0.656250 1.000000
vt 0.656250 0.500000
vt 0.625000 1.000000
vt 0.625000 0.500000
vt 0.593750 1.000000
vt 0.593750 0.500000
vt 0.562500 1.000000
vt 0.562500 0.500000
vt 0.531250 1.000000
vt 0.531250 0.500000
vt 0.500000 1.000000
vt 0.500000 0.500000
vt 0.468750 1.000000
vt 0.468750 0.500000
vt 0.437500 1.000000
vt 0.437500 0.500000
vt 0.406250 1.000000
vt 0.406250 0.500000
vt 0.375000 1.000000
vt 0.375000 0.500000
vt 0.343750 1.000000
vt 0.343750 0.500000
vt 0.312500 1.000000
vt 0.312500 0.500000
vt 0.281250 1.000000
vt 0.281250 0.500000
vt 0.250000 1.000000
vt 0.250000 0.500000
vt 0.218750 1.000000
vt 0.218750 0.500000
vt 0.187500 1.000000
vt 0.187500 0.500000
vt 0.156250 1.000000
vt 0.156250 0.500000
vt 0.125000 1.000000
vt 0.125000 0.500000
vt 0.093750 1.000000
vt 0.093750 0.500000
vt 0.062500 1.000000
vt 0.062500 0.500000
vt 0.781250 1.000000
vt 0.812500 1.000000
vt 0.812500 1.000000
vt 0.781250 1.000000
vt 0.031250 1.000000
vt 0.031250 0.500000
vt 0.000000 1.000000
vt 0.000000 0.500000
vt 0.296822 0.485388
vt 0.250000 0.490000
vt 0.203179 0.485389
vt 0.158156 0.471731
vt 0.116663 0.449553
vt 0.080295 0.419706
vt 0.050447 0.383337
vt 0.028269 0.341844
vt 0.014612 0.296822
vt 0.010000 0.250000
vt 0.014611 0.203179
vt 0.028269 0.158156
vt 0.050447 0.116663
vt 0.080294 0.080294
vt 0.116663 0.050447
vt 0.158156 0.028269
vt 0.203178 0.014612
vt 0.250000 0.010000
vt 0.296822 0.014612
vt 0.341844 0.028269
vt 0.383337 0.050447
vt 0.419706 0.080294
vt 0.449553 0.116663
vt 0.471731 0.158156
vt 0.485388 0.203178
vt 0.490000 0.250000
vt 0.485388 0.296822
vt 0.471731 0.341844
vt 0.449553 0.383337
vt 0.419706 0.419706
vt 0.383337 0.449553
vt 0.341844 0.471731
vt 0.500000 1.000000
vt 0.531250 1.000000
vt 0.531250 1.000000
vt 0.500000 1.000000
vt 0.218750 1.000000
vt 0.250000 1.000000
vt 0.250000 1.000000
vt 0.218750 1.000000
vt 0.906250 1.000000
vt 0.937500 1.000000
vt 0.937500 1.000000
vt 0.906250 1.000000
vt 0.625000 1.000000
vt 0.656250 1.000000
vt 0.656250 1.000000
vt 0.625000 1.000000
vt 0.343750 1.000000
vt 0.375000 1.000000
vt 0.375000 1.000000
vt 0.343750 1.000000
vt 0.062500 1.000000
vt 0.093750 1.000000
vt 0.093750 1.000000
vt 0.062500 1.000000
vt 0.750000 1.000000
vt 0.750000 1.000000
vt 0.468750 1.000000
vt 0.468750 1.000000
vt 0.187500 1.000000
vt 0.187500 1.000000
vt 0.875000 1.000000
vt 0.875000 1.000000
vt 0.593750 1.000000
vt 0.593750 1.000000
vt 0.312500 1.000000
vt 0.312500 1.000000
vt 0.031250 1.000000
vt 0.031250 1.000000
vt 0.718750 1.000000
vt 0.718750 1.000000
vt 0.437500 1.000000
vt 0.437500 1.000000
vt 0.156250 1.000000
vt 0.156250 1.000000
vt 0.843750 1.000000
vt 0.843750 1.000000
vt 0.562500 1.000000
vt 0.562500 1.000000
vt 0.281250 1.000000
vt 0.281250 1.000000
vt 0.968750 1.000000
vt 1.000000 1.000000
vt 1.000000 1.000000
vt 0.968750 1.000000
vt 0.000000 1.000000
vt 0.000000 1.000000
vt 0.687500 1.000000
vt 0.687500 1.000000
vt 0.406250 1.000000
vt 0.406250 1.000000
vt 0.125000 1.000000
vt 0.125000 1.000000
vt 0.875000 1.000000
vt 0.843750 1.000000
vt 0.531250 1.000000
vt 0.562500 1.000000
vt 0.062500 1.000000
vt 0.031250 1.000000
vt 0.781250 1.000000
vt 0.812500 1.000000
vt 0.250000 1.000000
vt 0.281250 1.000000
vt 0.343750 1.000000
vt 0.312500 1.000000
vt 0.500000 1.000000
vt 0.625000 1.000000
vt 0.593750 1.000000
vt 0.937500 1.000000
vt 0.968750 1.000000
vt 0.218750 1.000000
vt 0.906250 1.000000
vt 0.656250 1.000000
vt 0.687500 1.000000
vt 0.093750 1.000000
vt 0.906250 1.000000
vt 0.375000 1.000000
vt 0.375000 1.000000
vt 0.406250 1.000000
vt 0.625000 1.000000
vt 0.656250 1.000000
vt 0.093750 1.000000
vt 0.125000 1.000000
vt 0.343750 1.000000
vt 0.937500 1.000000
vt 0.125000 1.000000
vt 0.062500 1.000000
vt 0.406250 1.000000
vt 0.750000 1.000000
vt 0.687500 1.000000
vt 0.468750 1.000000
vt 0.968750 1.000000
vt 0.156250 1.000000
vt 0.187500 1.000000
vt 0.437500 1.000000
vt 0.875000 1.000000
vt 0.250000 1.000000
vt 0.281250 1.000000
vt 0.531250 1.000000
vt 0.562500 1.000000
vt 0.812500 1.000000
vt 0.843750 1.000000
vt 0.156250 1.000000
vt 0.437500 1.000000
vt 0.718750 1.000000
vt 0.718750 1.000000
vt 0.000000 1.000000
vt 0.031250 1.000000
vt 0.000000 1.000000
vt 1.000000 1.000000
vt 1.000000 1.000000
vt 0.312500 1.000000
vt 0.593750 1.000000
vt 0.187500 1.000000
vt 0.468750 1.000000
vt 0.750000 1.000000
vt 0.218750 1.000000
vt 0.500000 1.000000
vt 0.781250 1.000000
vt 1.000000 0.500000
vt 0.968750 0.500000
vt 0.968750 1.000000
vt 1.000000 1.000000
vt 0.937500 0.500000
vt 0.937500 1.000000
vt 0.906250 0.500000
vt 0.906250 1.000000
vt 0.875000 0.500000
vt 0.875000 1.000000
vt 0.843750 0.500000
vt 0.843750 1.000000
vt 0.812500 0.500000
vt 0.812500 1.000000
vt 0.781250 0.500000
vt 0.781250 1.000000
vt 0.750000 0.500000
vt 0.750000 1.000000
vt 0.718750 0.500000
vt 0.718750 1.000000
vt 0.687500 0.500000
vt 0.687500 1.000000
vt 0.656250 0.500000
vt 0.656250 1.000000
vt 0.625000 0.500000
vt 0.625000 1.000000
vt 0.593750 0.500000
vt 0.593750 1.000000
vt 0.562500 0.500000
vt 0.562500 1.000000
vt 0.531250 0.500000
vt 0.531250 1.000000
vt 0.500000 0.500000
vt 0.500000 1.000000
vt 0.468750 0.500000
vt 0.468750 1.000000
vt 0.437500 0.500000
vt 0.437500 1.000000
vt 0.406250 0.500000
vt 0.406250 1.000000
vt 0.375000 0.500000
vt 0.375000 1.000000
vt 0.343750 0.500000
vt 0.343750 1.000000
vt 0.312500 0.500000
vt 0.312500 1.000000
vt 0.281250 0.500000
vt 0.281250 1.000000
vt 0.250000 0.500000
vt 0.250000 1.000000
vt 0.218750 0.500000
vt 0.218750 1.000000
vt 0.187500 0.500000
vt 0.187500 1.000000
vt 0.156250 0.500000
vt 0.156250 1.000000
vt 0.125000 0.500000
vt 0.125000 1.000000
vt 0.093750 0.500000
vt 0.093750 1.000000
vt 0.062500 0.500000
vt 0.062500 1.000000
vt 0.781250 1.000000
vt 0.781250 1.000000
vt 0.812500 1.000000
vt 0.812500 1.000000
vt 0.031250 0.500000
vt 0.031250 1.000000
vt 0.000000 0.500000
vt 0.000000 1.000000
vt 0.296822 0.485388
vt 0.341844 0.471731
vt 0.383337 0.449553
vt 0.419706 0.419706
vt 0.449553 0.383337
vt 0.471731 0.341844
vt 0.485388 0.296822
vt 0.490000 0.250000
vt 0.485388 0.203178
vt 0.471731 0.158156
vt 0.449553 0.116663
vt 0.419706 0.080294
vt 0.383337 0.050447
vt 0.341844 0.028269
vt 0.296822 0.014612
vt 0.250000 0.010000
vt 0.203178 0.014612
vt 0.158156 0.028269
vt 0.116663 0.050447
vt 0.080294 0.080294
vt 0.050447 0.116663
vt 0.028269 0.158156
vt 0.014611 0.203179
vt 0.010000 0.250000
vt 0.014612 0.296822
vt 0.028269 0.341844
vt 0.050447 0.383337
vt 0.080295 0.419706
vt 0.116663 0.449553
vt 0.158156 0.471731
vt 0.203179 0.485389
vt 0.250000 0.490000
vt 0.500000 1.000000
vt 0.500000 1.000000
vt 0.531250 1.000000
vt 0.531250 1.000000
vt 0.218750 1.000000
vt 0.218750 1.000000
vt 0.250000 1.000000
vt 0.250000 1.000000
vt 0.906250 1.000000
vt 0.906250 1.000000
vt 0.937500 1.000000
vt 0.937500 1.000000
vt 0.625000 1.000000
vt 0.625000 1.000000
vt 0.656250 1.000000
vt 0.656250 1.000000
vt 0.343750 1.000000
vt 0.343750 1.000000
vt 0.375000 1.000000
vt 0.375000 1.000000
vt 0.062500 1.000000
vt 0.062500 1.000000
vt 0.093750 1.000000
vt 0.093750 1.000000
vt 0.750000 1.000000
vt 0.750000 1.000000
vt 0.468750 1.000000
vt 0.468750 1.000000
vt 0.187500 1.000000
vt 0.187500 1.000000
vt 0.875000 1.000000
vt 0.875000 1.000000
vt 0.593750 1.000000
vt 0.593750 1.000000
vt 0.312500 1.000000
vt 0.312500 1.000000
vt 0.031250 1.000000
vt 0.031250 1.000000
vt 0.718750 1.000000
vt 0.718750 1.000000
vt 0.437500 1.000000
vt 0.437500 1.000000
vt 0.156250 1.000000
vt 0.156250 1.000000
vt 0.843750 1.000000
vt 0.843750 1.000000
vt 0.562500 1.000000
vt 0.562500 1.000000
vt 0.281250 1.000000
vt 0.281250 1.000000
vt 0.968750 1.000000
vt 0.968750 1.000000
vt 1.000000 1.000000
vt 1.000000 1.000000
vt 0.000000 1.000000
vt 0.000000 1.000000
vt 0.687500 1.000000
vt 0.687500 1.000000
vt 0.406250 1.000000
vt 0.406250 1.000000
vt 0.125000 1.000000
vt 0.125000 1.000000
vt 0.843750 1.000000
vt 0.875000 1.000000
vt 0.562500 1.000000
vt 0.531250 1.000000
vt 0.031250 1.000000
vt 0.062500 1.000000
vt 0.812500 1.000000
vt 0.781250 1.000000
vt 0.281250 1.000000
vt 0.250000 1.000000
vt 0.312500 1.000000
vt 0.343750 1.000000
vt 0.500000 1.000000
vt 0.593750 1.000000
vt 0.625000 1.000000
vt 0.968750 1.000000
vt 0.937500 1.000000
vt 0.218750 1.000000
vt 0.906250 1.000000
vt 0.687500 1.000000
vt 0.656250 1.000000
vt 0.093750 1.000000
vt 0.906250 1.000000
vt 0.375000 1.000000
vt 0.406250 1.000000
vt 0.375000 1.000000
vt 0.625000 1.000000
vt 0.656250 1.000000
vt 0.125000 1.000000
vt 0.093750 1.000000
vt 0.343750 1.000000
vt 0.937500 1.000000
vt 0.125000 1.000000
vt 0.062500 1.000000
vt 0.406250 1.000000
vt 0.750000 1.000000
vt 0.687500 1.000000
vt 0.468750 1.000000
vt 0.968750 1.000000
vt 0.156250 1.000000
vt 0.187500 1.000000
vt 0.437500 1.000000
vt 0.875000 1.000000
vt 0.250000 1.000000
vt 0.281250 1.000000
vt 0.531250 1.000000
vt 0.562500 1.000000
vt 0.812500 1.000000
vt 0.843750 1.000000
vt 0.156250 1.000000
vt 0.437500 1.000000
vt 0.718750 1.000000
vt 0.718750 1.000000
vt 0.000000 1.000000
vt 0.000000 1.000000
vt 0.031250 1.000000
vt 1.000000 1.000000
vt 1.000000 1.000000
vt 0.312500 1.000000
vt 0.593750 1.000000
vt 0.187500 1.000000
vt 0.468750 1.000000
vt 0.750000 1.000000
vt 0.218750 1.000000
vt 0.500000 1.000000
vt 0.781250 1.000000
vt 1.000000 0.500000
vt 0.968750 0.500000
vt 0.968750 1.000000
vt 1.000000 1.000000
vt 0.937500 0.500000
vt 0.937500 1.000000
vt 0.906250 0.500000
vt 0.906250 1.000000
vt 0.875000 0.500000
vt 0.875000 1.000000
vt 0.843750 0.500000
vt 0.843750 1.000000
vt 0.812500 0.500000
vt 0.812500 1.000000
vt 0.781250 0.500000
vt 0.781250 1.000000
vt 0.750000 0.500000
vt 0.750000 1.000000
vt 0.718750 0.500000
vt 0.718750 1.000000
vt 0.687500 0.500000
vt 0.687500 1.000000
vt 0.656250 0.500000
vt 0.656250 1.000000
vt 0.625000 0.500000
vt 0.625000 1.000000
vt 0.593750 0.500000
vt 0.593750 1.000000
vt 0.562500 0.500000
vt 0.562500 1.000000
vt 0.531250 0.500000
vt 0.531250 1.000000
vt 0.500000 0.500000
vt 0.500000 1.000000
vt 0.468750 0.500000
vt 0.468750 1.000000
vt 0.437500 0.500000
vt 0.437500 1.000000
vt 0.406250 0.500000
vt 0.406250 1.000000
vt 0.375000 0.500000
vt 0.375000 1.000000
vt 0.343750 0.500000
vt 0.343750 1.000000
vt 0.312500 0.500000
vt 0.312500 1.000000
vt 0.281250 0.500000
vt 0.281250 1.000000
vt 0.250000 0.500000
vt 0.250000 1.000000
vt 0.218750 0.500000
vt 0.218750 1.000000
vt 0.187500 0.500000
vt 0.187500 1.000000
vt 0.156250 0.500000
vt 0.156250 1.000000
vt 0.125000 0.500000
vt 0.125000 1.000000
vt 0.093750 0.500000
vt 0.093750 1.000000
vt 0.062500 0.500000
vt 0.062500 1.000000
vt 0.781250 1.000000
vt 0.781250 1.000000
vt 0.812500 1.000000
vt 0.812500 1.000000
vt 0.031250 0.500000
vt 0.031250 1.000000
vt 0.000000 0.500000
vt 0.000000 1.000000
vt 0.296822 0.485388
vt 0.341844 0.471731
vt 0.383337 0.449553
vt 0.419706 0.419706
vt 0.449553 0.383337
vt 0.471731 0.341844
vt 0.485388 0.296822
vt 0.490000 0.250000
vt 0.485388 0.203178
vt 0.471731 0.158156
vt 0.449553 0.116663
vt 0.419706 0.080294
vt 0.383337 0.050447
vt 0.341844 0.028269
vt 0.296822 0.014612
vt 0.250000 0.010000
vt 0.203178 0.014612
vt 0.158156 0.028269
vt 0.116663 0.050447
vt 0.080294 0.080294
vt 0.050447 0.116663
vt 0.028269 0.158156
vt 0.014611 0.203179
vt 0.010000 0.250000
vt 0.014612 0.296822
vt 0.028269 0.341844
vt 0.050447 0.383337
vt 0.080295 0.419706
vt 0.116663 0.449553
vt 0.158156 0.471731
vt 0.203179 0.485389
vt 0.250000 0.490000
vt 0.500000 1.000000
vt 0.500000 1.000000
vt 0.531250 1.000000
vt 0.531250 1.000000
vt 0.218750 1.000000
vt 0.218750 1.000000
vt 0.250000 1.000000
vt 0.250000 1.000000
vt 0.906250 1.000000
vt 0.906250 1.000000
vt 0.937500 1.000000
vt 0.937500 1.000000
vt 0.625000 1.000000
vt 0.625000 1.000000
vt 0.656250 1.000000
vt 0.656250 1.000000
vt 0.343750 1.000000
vt 0.343750 1.000000
vt 0.375000 1.000000
vt 0.375000 1.000000
vt 0.062500 1.000000
vt 0.062500 1.000000
vt 0.093750 1.000000
vt 0.093750 1.000000
vt 0.750000 1.000000
vt 0.750000 1.000000
vt 0.468750 1.000000
vt 0.468750 1.000000
vt 0.187500 1.000000
vt 0.187500 1.000000
vt 0.875000 1.000000
vt 0.875000 1.000000
vt 0.593750 1.000000
vt 0.593750 1.000000
vt 0.312500 1.000000
vt 0.312500 1.000000
vt 0.031250 1.000000
vt 0.031250 1.000000
vt 0.718750 1.000000
vt 0.718750 1.000000
vt 0.437500 1.000000
vt 0.437500 1.000000
vt 0.156250 1.000000
vt 0.156250 1.000000
vt 0.843750 1.000000
vt 0.843750 1.000000
vt 0.562500 1.000000
vt 0.562500 1.000000
vt 0.281250 1.000000
vt 0.281250 1.000000
vt 0.968750 1.000000
vt 0.968750 1.000000
vt 1.000000 1.000000
vt 1.000000 1.000000
vt 0.000000 1.000000
vt 0.000000 1.000000
vt 0.687500 1.000000
vt 0.687500 1.000000
vt 0.406250 1.000000
vt 0.406250 1.000000
vt 0.125000 1.000000
vt 0.125000 1.000000
vt 0.843750 1.000000
vt 0.875000 1.000000
vt 0.562500 1.000000
vt 0.531250 1.000000
vt 0.031250 1.000000
vt 0.062500 1.000000
vt 0.812500 1.000000
vt 0.781250 1.000000
vt 0.281250 1.000000
vt 0.250000 1.000000
vt 0.312500 1.000000
vt 0.343750 1.000000
vt 0.500000 1.000000
vt 0.593750 1.000000
vt 0.625000 1.000000
vt 0.968750 1.000000
vt 0.937500 1.000000
vt 0.218750 1.000000
vt 0.906250 1.000000
vt 0.687500 1.000000
vt 0.656250 1.000000
vt 0.093750 1.000000
vt 0.906250 1.000000
vt 0.375000 1.000000
vt 0.406250 1.000000
vt 0.375000 1.000000
vt 0.625000 1.000000
vt 0.656250 1.000000
vt 0.125000 1.000000
vt 0.093750 1.000000
vt 0.343750 1.000000
vt 0.937500 1.000000
vt 0.125000 1.000000
vt 0.062500 1.000000
vt 0.406250 1.000000
vt 0.750000 1.000000
vt 0.687500 1.000000
vt 0.468750 1.000000
vt 0.968750 1.000000
vt 0.156250 1.000000
vt 0.187500 1.000000
vt 0.437500 1.000000
vt 0.875000 1.000000
vt 0.250000 1.000000
vt 0.281250 1.000000
vt 0.531250 1.000000
vt 0.562500 1.000000
vt 0.812500 1.000000
vt 0.843750 1.000000
vt 0.156250 1.000000
vt 0.437500 1.000000
vt 0.718750 1.000000
vt 0.718750 1.000000
vt 0.000000 1.000000
vt 0.000000 1.000000
vt 0.031250 1.000000
vt 1.000000 1.000000
vt 1.000000 1.000000
vt 0.312500 1.000000
vt 0.593750 1.000000
vt 0.187500 1.000000
vt 0.468750 1.000000
vt 0.750000 1.000000
vt 0.218750 1.000000
vt 0.500000 1.000000
vt 0.781250 1.000000
vt 1.000000 0.500000
vt 0.968750 0.500000
vt 0.968750 1.000000
vt 1.000000 1.000000
vt 0.937500 0.500000
vt 0.937500 1.000000
vt 0.906250 0.500000
vt 0.906250 1.000000
vt 0.875000 0.500000
vt 0.875000 1.000000
vt 0.843750 0.500000
vt 0.843750 1.000000
vt 0.812500 0.500000
vt 0.812500 1.000000
vt 0.781250 0.500000
vt 0.781250 1.000000
vt 0.750000 0.500000
vt 0.750000 1.000000
vt 0.718750 0.500000
vt 0.718750 1.000000
vt 0.687500 0.500000
vt 0.687500 1.000000
vt 0.656250 0.500000
vt 0.656250 1.000000
vt 0.625000 0.500000
vt 0.625000 1.000000
vt 0.593750 0.500000
vt 0.593750 1.000000
vt 0.562500 0.500000
vt 0.562500 1.000000
vt 0.531250 0.500000
vt 0.531250 1.000000
vt 0.500000 0.500000
vt 0.500000 1.000000
vt 0.468750 0.500000
vt 0.468750 1.000000
vt 0.437500 0.500000
vt 0.437500 1.000000
vt 0.406250 0.500000
vt 0.406250 1.000000
vt 0.375000 0.500000
vt 0.375000 1.000000
vt 0.343750 0.500000
vt 0.343750 1.000000
vt 0.312500 0.500000
vt 0.312500 1.000000
vt 0.281250 0.500000
vt 0.281250 1.000000
vt 0.250000 0.500000
vt 0.250000 1.000000
vt 0.218750 0.500000
vt 0.218750 1.000000
vt 0.187500 0.500000
vt 0.187500 1.000000
vt 0.156250 0.500000
vt 0.156250 1.000000
vt 0.125000 0.500000
vt 0.125000 1.000000
vt 0.093750 0.500000
vt 0.093750 1.000000
vt 0.062500 0.500000
vt 0.062500 1.000000
vt 0.781250 1.000000
vt 0.781250 1.000000
vt 0.812500 1.000000
vt 0.812500 1.000000
vt 0.031250 0.500000
vt 0.031250 1.000000
vt 0.000000 0.500000
vt 0.000000 1.000000
vt 0.296822 0.485388
vt 0.341844 0.471731
vt 0.383337 0.449553
vt 0.419706 0.419706
vt 0.449553 0.383337
vt 0.471731 0.341844
vt 0.485388 0.296822
vt 0.490000 0.250000
vt 0.485388 0.203178
vt 0.471731 0.158156
vt 0.449553 0.116663
vt 0.419706 0.080294
vt 0.383337 0.050447
vt 0.341844 0.028269
vt 0.296822 0.014612
vt 0.250000 0.010000
vt 0.203178 0.014612
vt 0.158156 0.028269
vt 0.116663 0.050447
vt 0.080294 0.080294
vt 0.050447 0.116663
vt 0.028269 0.158156
vt 0.014611 0.203179
vt 0.010000 0.250000
vt 0.014612 0.296822
vt 0.028269 0.341844
vt 0.050447 0.383337
vt 0.080295 0.419706
vt 0.116663 0.449553
vt 0.158156 0.471731
vt 0.203179 0.485389
vt 0.250000 0.490000
vt 0.500000 1.000000
vt 0.500000 1.000000
vt 0.531250 1.000000
vt 0.531250 1.000000
vt 0.218750 1.000000
vt 0.218750 1.000000
vt 0.250000 1.000000
vt 0.250000 1.000000
vt 0.906250 1.000000
vt 0.906250 1.000000
vt 0.937500 1.000000
vt 0.937500 1.000000
vt 0.625000 1.000000
vt 0.625000 1.000000
vt 0.656250 1.000000
vt 0.656250 1.000000
vt 0.343750 1.000000
vt 0.343750 1.000000
vt 0.375000 1.000000
vt 0.375000 1.000000
vt 0.062500 1.000000
vt 0.062500 1.000000
vt 0.093750 1.000000
vt 0.093750 1.000000
vt 0.750000 1.000000
vt 0.750000 1.000000
vt 0.468750 1.000000
vt 0.468750 1.000000
vt 0.187500 1.000000
vt 0.187500 1.000000
vt 0.875000 1.000000
vt 0.875000 1.000000
vt 0.593750 1.000000
vt 0.593750 1.000000
vt 0.312500 1.000000
vt 0.312500 1.000000
vt 0.031250 1.000000
vt 0.031250 1.000000
vt 0.718750 1.000000
vt 0.718750 1.000000
vt 0.437500 1.000000
vt 0.437500 1.000000
vt 0.156250 1.000000
vt 0.156250 1.000000
vt 0.843750 1.000000
vt 0.843750 1.000000
vt 0.562500 1.000000
vt 0.562500 1.000000
vt 0.281250 1.000000
vt 0.281250 1.000000
vt 0.968750 1.000000
vt 0.968750 1.000000
vt 1.000000 1.000000
vt 1.000000 1.000000
vt 0.000000 1.000000
vt 0.000000 1.000000
vt 0.687500 1.000000
vt 0.687500 1.000000
vt 0.406250 1.000000
vt 0.406250 1.000000
vt 0.125000 1.000000
vt 0.125000 1.000000
vt 0.843750 1.000000
vt 0.875000 1.000000
vt 0.562500 1.000000
vt 0.531250 1.000000
vt 0.031250 1.000000
vt 0.062500 1.000000
vt 0.812500 1.000000
vt 0.781250 1.000000
vt 0.281250 1.000000
vt 0.250000 1.000000
vt 0.312500 1.000000
vt 0.343750 1.000000
vt 0.500000 1.000000
vt 0.593750 1.000000
vt 0.625000 1.000000
vt 0.968750 1.000000
vt 0.937500 1.000000
vt 0.218750 1.000000
vt 0.906250 1.000000
vt 0.687500 1.000000
vt 0.656250 1.000000
vt 0.093750 1.000000
vt 0.906250 1.000000
vt 0.375000 1.000000
vt 0.406250 1.000000
vt 0.375000 1.000000
vt 0.625000 1.000000
vt 0.656250 1.000000
vt 0.125000 1.000000
vt 0.093750 1.000000
vt 0.343750 1.000000
vt 0.937500 1.000000
vt 0.125000 1.000000
vt 0.062500 1.000000
vt 0.406250 1.000000
vt 0.750000 1.000000
vt 0.687500 1.000000
vt 0.468750 1.000000
vt 0.968750 1.000000
vt 0.156250 1.000000
vt 0.187500 1.000000
vt 0.437500 1.000000
vt 0.875000 1.000000
vt 0.250000 1.000000
vt 0.281250 1.000000
vt 0.531250 1.000000
vt 0.562500 1.000000
vt 0.812500 1.000000
vt 0.843750 1.000000
vt 0.156250 1.000000
vt 0.437500 1.000000
vt 0.718750 1.000000
vt 0.718750 1.000000
vt 0.000000 1.000000
vt 0.000000 1.000000
vt 0.031250 1.000000
vt 1.000000 1.000000
vt 1.000000 1.000000
vt 0.312500 1.000000
vt 0.593750 1.000000
vt 0.187500 1.000000
vt 0.468750 1.000000
vt 0.750000 1.000000
vt 0.218750 1.000000
vt 0.500000 1.000000
vt 0.781250 1.000000
vn -0.0105 -0.1065 -0.9943
vn 0.0461 -0.0803 -0.9957
vn 0.0186 -0.1000 -0.9948
vn -0.0078 -0.0824 -0.9966
vn 0.0005 -0.0707 -0.9975
vn 0.1215 -0.0282 -0.9922
vn -0.0000 0.0000 -1.0000
vn 0.0235 -0.0011 -0.9997
vn -0.0025 -0.0975 -0.9952
vn -0.0276 0.0026 -0.9996
vn 0.0039 0.0148 -0.9999
vn -0.0021 -0.0057 -1.0000
vn -0.0018 -0.0089 -1.0000
vn 0.0377 -0.0036 0.9993
vn -0.1746 -0.7186 -0.6732
vn 0.0009 -0.0008 -1.0000
vn 0.0001 0.0003 -1.0000
vn -0.0085 0.0156 -0.9998
vn 0.0027 0.0119 -0.9999
vn 0.0025 0.0051 -1.0000
vn 0.0002 -0.0004 -1.0000
vn 0.0042 -0.0100 -0.9999
vn 0.0003 -0.0002 -1.0000
vn 0.0067 0.0132 -0.9999
vn -0.0593 0.0226 -0.9980
vn 0.0029 -0.0033 -1.0000
vn 0.0005 -0.0051 -1.0000
vn 0.0012 -0.0075 -1.0000
vn -0.1123 0.0389 -0.9929
vn -0.0299 0.0309 -0.9991
vn 0.0017 -0.0289 -0.9996
vn -0.0563 -0.6518 -0.7563
vn -0.1533 -0.4467 -0.8814
vn -0.0638 -0.6238 -0.7790
vn -0.0162 -0.5494 -0.8354
vn 0.8955 -0.1945 -0.4004
vn -0.9664 -0.0589 0.2502
vn 0.9383 -0.3458 0.0000
vn 0.0000 1.0000 -0.0064
vn 0.9741 0.2262 0.0000
vn -0.9662 -0.2520 0.0536
vn -0.9383 0.3458 0.0000
vn -0.9839 0.0354 0.1750
vn 0.9930 0.0728 -0.0935
vn -0.9409 0.3387 0.0007
vn -0.0477 0.0099 -0.9988
vn 0.9921 0.0485 -0.1154
vn -0.4711 -0.5415 -0.6964
vn 0.0719 -0.9974 -0.0003
vn 0.0098 -0.8954 -0.4452
vn 0.0049 -0.6009 -0.7993
vn 0.0054 -0.0222 -0.9997
vn 0.0057 0.0002 -1.0000
vn 0.0012 -0.4240 -0.9057
vn 0.0011 0.0189 -0.9998
vn -0.0129 0.0373 -0.9992
vn -0.0024 0.0022 -1.0000
vn 0.0000 -1.0000 0.0064
vn -0.0573 -0.1455 -0.9877
vn 0.9664 0.0589 -0.2502
vn -0.0138 -0.1539 -0.9880
vn 0.0000 0.0000 1.0000
vn 0.0079 0.0059 1.0000
vn 0.0113 -0.0104 0.9999
vn -0.9989 -0.0477 0.0000
vn -0.9744 -0.2249 0.0000
vn -0.9996 -0.0283 0.0000
vn -0.0006 1.0000 0.0092
vn 0.0000 -1.0000 0.0000
vn 0.9894 0.1453 0.0000
vn -0.0844 -0.9964 0.0000
vn 0.9999 -0.0114 0.0000
vn -0.1180 -0.9896 -0.0820
vn -0.3502 0.9367 -0.0036
vn 0.5494 0.8356 0.0000
vn 0.0247 -0.9997 0.0000
vn -0.0247 0.9997 0.0000
vn 0.0127 0.9999 0.0092
vn -0.9999 -0.0135 0.0000
vn 0.9956 0.0003 -0.0933
vn -0.9629 -0.2690 -0.0210
vn 0.0772 -0.9970 0.0000
vn -0.1363 0.9907 0.0000
vn 0.3179 0.9481 -0.0000
vn 0.1037 0.9946 0.0000
vn 0.9959 0.0905 0.0000
vn 0.2974 -0.9548 0.0000
vn 0.9993 0.0386 0.0000
vn -0.0421 0.9991 0.0000
vn -0.9924 -0.1228 0.0000
vn 0.0797 -0.9968 0.0000
vn 0.0966 -0.9953 0.0000
vn -0.4026 0.9154 0.0000
vn 0.0016 1.0000 0.0000
vn 0.0716 -0.9974 0.0000
vn -0.0211 -0.9998 0.0000
vn 0.1346 -0.9909 0.0000
vn 0.8751 0.4840 0.0000
vn -0.4563 0.8898 0.0000
vn 0.0394 -0.9992 0.0000
vn 0.9971 -0.0755 0.0000
vn -0.0064 1.0000 0.0000
vn -0.6135 0.7897 0.0000
vn 0.0719 -0.9974 0.0000
vn -0.1738 0.9848 0.0000
vn -0.9796 -0.2009 0.0000
vn 0.0347 0.9994 0.0000
vn -0.9951 -0.0992 0.0000
vn 0.9077 0.4195 0.0000
vn 0.1084 -0.9941 0.0000
vn 1.0000 0.0000 0.0000
vn 0.2899 0.9571 0.0000
vn -0.0058 1.0000 0.0000
vn -0.2634 0.9647 0.0000
vn 0.0000 1.0000 0.0000
vn 0.7699 0.6382 0.0000
vn -0.0057 -0.9999 -0.0092
vn 0.4412 0.8974 0.0000
vn 0.6700 0.7424 0.0000
vn 0.0898 -0.9960 0.0000
vn -0.2792 -0.9602 0.0000
vn -0.8564 -0.5163 0.0000
vn 0.9336 0.3584 0.0000
vn -0.9869 0.1615 0.0000
vn -0.0331 0.9995 0.0000
vn -0.9348 0.3552 0.0000
vn -0.2959 -0.9552 0.0000
vn 0.3260 -0.9454 0.0000
vn 0.0065 0.9999 0.0092
vn -0.7706 0.6374 0.0000
vn 0.9962 -0.0869 0.0000
vn -0.7997 0.6004 0.0000
vn 0.8008 -0.5990 0.0000
vn 0.2021 0.9794 -0.0000
vn -0.4856 -0.8742 0.0000
vn 0.9938 -0.1089 -0.0246
vn 0.0835 0.8209 0.5650
vn 0.9961 -0.0877 0.0020
vn -0.9492 0.0858 0.3028
vn -0.7444 0.5588 0.3655
vn -0.7657 0.6334 0.1117
vn -0.2103 -0.3026 -0.9296
vn -0.8892 0.3467 0.2985
vn -0.9837 0.1613 0.0790
vn 0.0782 -0.7314 -0.6774
vn 0.4616 0.8805 0.1075
vn 0.6761 0.7324 0.0801
vn -0.2621 0.9600 0.0988
vn 0.3097 0.9325 0.1859
vn 0.9190 0.3914 0.0481
vn -0.9639 -0.0961 0.2484
vn 0.0637 0.9840 0.1662
vn -0.9893 -0.1236 0.0779
vn -0.1716 0.9724 0.1584
vn -0.6222 0.7764 0.1006
vn 0.9909 -0.1049 0.0847
vn -0.5018 0.8276 0.2515
vn 0.8700 0.4494 0.2027
vn 0.0200 0.9995 -0.0226
vn 0.1765 -0.9843 0.0000
vn 0.9921 0.1014 0.0737
vn 0.1032 0.9899 0.0976
vn -0.1581 0.9873 -0.0148
vn 0.0512 -0.9987 0.0018
vn 0.5378 0.8203 0.1948
vn -0.4573 0.8865 -0.0711
vn 0.2543 0.9671 0.0045
vn -0.9997 0.0059 0.0236
vn 0.1282 -0.1983 -0.9717
vn 0.1959 0.9806 0.0000
vn -0.2769 -0.8899 0.3625
vn -0.3322 0.9432 0.0022
vn -0.3307 0.9437 0.0000
vn -0.2296 -0.7497 -0.6206
vn -0.2064 -0.4676 -0.8595
vn -0.1094 -0.0528 -0.9926
vn 0.0009 0.0002 1.0000
vn 0.8291 0.0985 0.5504
vn 0.4296 0.8703 0.2409
vn -0.9990 0.0450 0.0000
vn 0.0196 -0.0232 0.9995
vn -1.0000 0.0000 0.0000
vn 0.1041 0.9946 0.0000
vn 0.9804 0.1972 -0.0000
vn -0.1972 0.9804 0.0000
vn 0.9804 0.1971 0.0000
vn 0.1972 -0.9804 0.0000
vn 0.0001 0.0000 1.0000
vn -0.0001 0.0000 -1.0000
vn 0.1599 -0.9871 0.0000
vn 0.0812 0.9967 0.0000
vn -0.9954 0.0242 0.0931
vn -0.9741 -0.2262 0.0000
vn -0.1454 -0.3987 -0.9055
vn 0.0348 -0.0087 -0.9994
vn 0.0143 -0.9999 0.0051
vn -0.9956 0.0120 0.0932
vn -0.9699 0.2436 0.0000
vn -0.9915 -0.0750 0.1060
vn -0.0031 -1.0000 0.0067
vn 0.9835 0.1551 -0.0931
vn -0.0023 1.0000 -0.0062
vn 0.0966 -0.9953 -0.0026
vn 0.9780 -0.1511 -0.1438
vn 0.0297 0.9995 -0.0092
vn -0.0055 0.0220 0.9997
vn -0.0004 1.0000 -0.0064
vn 0.9954 -0.0242 -0.0931
vn 0.9954 -0.0235 -0.0931
vn 0.0004 -1.0000 0.0064
vn -0.0007 1.0000 -0.0064
vn -0.8589 -0.5003 0.1098
vn 0.0007 -1.0000 0.0064
vn 0.0379 -0.9993 0.0000
vn 0.0143 -0.9999 0.0000
vn -0.9999 -0.0137 0.0000
vn -0.0580 -0.0008 -0.9983
vn 0.9999 0.0137 0.0000
vn -0.1126 -0.0015 -0.9936
vn -0.2436 -0.9699 0.0000
vn 0.9699 -0.2436 0.0000
vn 0.9340 -0.3572 0.0000
vn -0.0003 -0.0014 1.0000
vn -0.6531 -0.5544 -0.5159
vn 0.2544 -0.8612 -0.4401
vn -0.7006 -0.4193 0.5773
vn 0.4194 -0.7007 0.5772
vn 0.4337 -0.6978 -0.5701
vn -0.6888 -0.4298 -0.5838
vn 0.9805 -0.1967 -0.0018
vn -0.9133 0.4073 0.0018
vn -0.1311 -0.6208 -0.7729
vn -0.1722 -0.6859 0.7070
vn 0.5135 -0.8581 0.0000
vn -0.8581 -0.5136 0.0000
vn -0.1476 -0.6920 -0.7066
vn 0.6981 -0.1753 -0.6942
vn -0.6733 0.1692 -0.7197
vn -0.7637 0.1806 0.6197
vn 0.8657 -0.2489 0.4343
vn 0.5258 -0.8506 0.0000
vn 0.0388 0.4944 -0.8684
vn 0.1305 0.6658 -0.7346
vn 0.5380 -0.8429 0.0026
vn -0.5491 0.1134 -0.8280
vn -0.4988 0.5320 0.6842
vn -0.7267 0.0210 0.6866
vn 0.4866 0.5181 0.7034
vn 0.6236 0.1563 0.7660
vn 0.6086 -0.0091 0.7935
vn -0.4970 0.4111 0.7642
vn 0.7362 -0.1330 -0.6636
vn 0.4020 0.6604 0.6343
vn -0.2031 0.7437 0.6369
vn 0.0809 0.7761 0.6254
vn 0.7134 0.3342 0.6160
vn 0.8645 -0.5027 0.0000
vn 0.8796 -0.4736 -0.0454
vn 0.3502 0.9367 0.0032
vn 0.3100 0.1158 0.9437
vn 0.4424 -0.8968 0.0000
vn -0.2803 0.3937 0.8755
vn -0.0755 0.4280 0.9006
vn -0.4102 0.3080 0.8584
vn -0.4440 0.2389 0.8636
vn 0.0266 0.4118 0.9109
vn 0.2516 0.2846 0.9251
vn 0.1962 0.0392 0.9798
vn -0.3969 0.0361 0.9171
vn 0.2505 0.2120 0.9446
vn 0.2070 0.3096 0.9281
vn -0.4344 0.1169 0.8931
vn -0.3690 0.0015 0.9294
vn -0.9351 -0.3543 0.0000
vn -0.8504 0.5261 0.0000
vn -0.7964 0.6048 0.0000
vn 0.3685 0.9296 0.0000
vn -0.9687 -0.2482 0.0000
vn 0.8504 -0.5261 0.0000
vn 0.4209 -0.9071 0.0000
vn 0.9687 0.2483 0.0000
vn -0.9379 -0.3468 0.0000
vn 0.7964 -0.6048 0.0000
vn 0.9351 0.3543 0.0000
vn 0.6062 0.7953 0.0000
vn 0.8041 -0.5945 0.0000
vn 0.6108 0.7918 0.0000
vn -0.8041 0.5945 0.0000
vn 0.9661 0.2583 0.0000
vn 0.1147 0.9141 0.3890
vn 0.2553 0.4311 0.8655
vn 0.2553 0.4310 0.8655
vn -0.8963 -0.4434 0.0000
vn -0.0104 -0.1163 -0.9932
vn -0.9809 -0.1944 0.0000
vn -0.1944 0.9809 0.0000
vn 0.1944 -0.9809 0.0000
vn -0.0105 -0.1065 0.9943
vn 0.0461 -0.0803 0.9957
vn 0.0186 -0.1000 0.9948
vn -0.0078 -0.0824 0.9966
vn 0.0005 -0.0707 0.9975
vn 0.1215 -0.0282 0.9922
vn 0.0235 -0.0011 0.9997
vn -0.0025 -0.0975 0.9952
vn -0.0276 0.0026 0.9996
vn 0.0039 0.0148 0.9999
vn -0.0021 -0.0057 1.0000
vn -0.0018 -0.0089 1.0000
vn 0.0377 -0.0036 -0.9993
vn -0.1746 -0.7186 0.6732
vn 0.0009 -0.0008 1.0000
vn 0.0001 0.0003 1.0000
vn -0.0085 0.0156 0.9998
vn 0.0027 0.0119 0.9999
vn 0.0025 0.0051 1.0000
vn 0.0002 -0.0004 1.0000
vn 0.0042 -0.0100 0.9999
vn 0.0003 -0.0002 1.0000
vn 0.0067 0.0132 0.9999
vn -0.0593 0.0226 0.9980
vn 0.0029 -0.0033 1.0000
vn 0.0005 -0.0051 1.0000
vn 0.0012 -0.0075 1.0000
vn -0.1123 0.0389 0.9929
vn -0.0299 0.0309 0.9991
vn 0.0017 -0.0289 0.9996
vn -0.0563 -0.6518 0.7563
vn -0.1533 -0.4467 0.8814
vn -0.0638 -0.6238 0.7790
vn -0.0162 -0.5494 0.8354
vn 0.8955 -0.1944 0.4003
vn -0.9664 -0.0589 -0.2502
vn 0.0000 1.0000 0.0064
vn -0.9662 -0.2520 -0.0536
vn -0.9839 0.0354 -0.1750
vn 0.9930 0.0728 0.0935
vn -0.9409 0.3387 -0.0007
vn -0.0477 0.0099 0.9988
vn 0.9921 0.0485 0.1154
vn -0.4711 -0.5415 0.6964
vn 0.0719 -0.9974 0.0003
vn 0.0098 -0.8954 0.4452
vn 0.0049 -0.6009 0.7993
vn 0.0054 -0.0222 0.9997
vn 0.0057 0.0002 1.0000
vn 0.0012 -0.4240 0.9057
vn 0.0011 0.0189 0.9998
vn -0.0129 0.0373 0.9992
vn -0.0024 0.0022 1.0000
vn 0.0000 -1.0000 -0.0064
vn -0.0573 -0.1455 0.9877
vn 0.9664 0.0589 0.2502
vn -0.0138 -0.1539 0.9880
vn 0.0079 0.0059 -1.0000
vn 0.0113 -0.0104 -0.9999
vn -0.0006 1.0000 -0.0092
vn -0.1180 -0.9896 0.0820
vn -0.3502 0.9367 0.0036
vn 0.0127 0.9999 -0.0092
vn 0.9956 0.0003 0.0933
vn -0.9629 -0.2690 0.0210
vn 0.0773 -0.9970 0.0000
vn -0.0057 -0.9999 0.0092
vn 0.0065 0.9999 -0.0092
vn 0.8007 -0.5990 -0.0000
vn 0.9938 -0.1089 0.0246
vn 0.0835 0.8209 -0.5650
vn 0.9961 -0.0877 -0.0020
vn -0.9492 0.0858 -0.3028
vn -0.7444 0.5588 -0.3655
vn -0.7657 0.6334 -0.1117
vn -0.2103 -0.3026 0.9296
vn -0.8892 0.3467 -0.2985
vn -0.9837 0.1613 -0.0790
vn 0.0782 -0.7314 0.6774
vn 0.4616 0.8805 -0.1075
vn 0.6761 0.7324 -0.0801
vn -0.2621 0.9600 -0.0988
vn 0.3097 0.9325 -0.1859
vn 0.9190 0.3914 -0.0481
vn -0.9639 -0.0961 -0.2484
vn 0.0637 0.9840 -0.1662
vn -0.9893 -0.1236 -0.0779
vn -0.1716 0.9724 -0.1584
vn -0.6222 0.7764 -0.1006
vn 0.9909 -0.1049 -0.0847
vn -0.5018 0.8276 -0.2515
vn 0.8700 0.4494 -0.2027
vn 0.0200 0.9995 0.0226
vn 0.9921 0.1014 -0.0737
vn 0.1032 0.9899 -0.0976
vn -0.1581 0.9873 0.0148
vn -0.8839 -0.2528 -0.3934
vn 0.0513 -0.9987 -0.0019
vn 0.5378 0.8203 -0.1948
vn -0.4573 0.8865 0.0711
vn 0.2543 0.9671 -0.0045
vn -0.9997 0.0059 -0.0236
vn 0.1282 -0.1983 0.9717
vn -0.2769 -0.8899 -0.3625
vn -0.3322 0.9432 -0.0022
vn -0.2296 -0.7497 0.6206
vn -0.2064 -0.4676 0.8595
vn -0.1094 -0.0528 0.9926
vn 0.0009 0.0002 -1.0000
vn 0.8291 0.0985 -0.5504
vn 0.8382 0.0000 0.5454
vn 0.4296 0.8703 -0.2409
vn 0.0196 -0.0232 -0.9995
vn 0.0001 0.0000 -1.0000
vn -0.9954 0.0242 -0.0931
vn -0.1454 -0.3987 0.9055
vn 0.0348 -0.0087 0.9994
vn 0.0143 -0.9999 -0.0051
vn -0.9956 0.0120 -0.0932
vn -0.9915 -0.0750 -0.1060
vn -0.0031 -1.0000 -0.0067
vn 0.9835 0.1551 0.0931
vn -0.0023 1.0000 0.0062
vn 0.0966 -0.9953 0.0026
vn 0.9780 -0.1511 0.1438
vn 0.0297 0.9995 0.0092
vn -0.0055 0.0220 -0.9997
vn -0.0004 1.0000 0.0064
vn 0.9954 -0.0242 0.0931
vn 0.9954 -0.0235 0.0931
vn 0.0004 -1.0000 -0.0064
vn -0.0007 1.0000 0.0064
vn -0.8589 -0.5003 -0.1098
vn 0.0007 -1.0000 -0.0064
vn -0.0580 -0.0008 0.9983
vn -0.1126 -0.0015 0.9936
vn -0.0003 -0.0014 -1.0000
vn -0.6528 -0.5545 0.5161
vn 0.2546 -0.8611 0.4401
vn -0.7007 -0.4192 -0.5773
vn 0.4195 -0.7006 -0.5772
vn 0.4340 -0.6976 0.5701
vn -0.6888 -0.4298 0.5838
vn 0.9805 -0.1967 0.0018
vn -0.9133 0.4073 -0.0018
vn -0.1311 -0.6208 0.7729
vn -0.1722 -0.6858 -0.7071
vn -0.1476 -0.6920 0.7066
vn 0.6980 -0.1753 0.6943
vn -0.6734 0.1691 0.7197
vn -0.7637 0.1806 -0.6197
vn 0.8656 -0.2490 -0.4345
vn 0.0388 0.4944 0.8684
vn 0.1305 0.6658 0.7346
vn 0.5380 -0.8429 -0.0026
vn -0.5491 0.1134 0.8280
vn -0.4988 0.5320 -0.6842
vn -0.7267 0.0210 -0.6866
vn 0.4866 0.5181 -0.7034
vn 0.6236 0.1563 -0.7660
vn 0.6086 -0.0091 -0.7935
vn -0.4970 0.4111 -0.7642
vn 0.7362 -0.1330 0.6636
vn 0.4020 0.6604 -0.6343
vn -0.2031 0.7437 -0.6369
vn 0.0809 0.7761 -0.6254
vn 0.7134 0.3342 -0.6160
vn 0.8796 -0.4736 0.0454
vn 0.3502 0.9367 -0.0032
vn 0.3100 0.1158 -0.9437
vn -0.2803 0.3937 -0.8755
vn -0.0755 0.4280 -0.9006
vn -0.4102 0.3080 -0.8584
vn -0.4440 0.2389 -0.8636
vn 0.0266 0.4118 -0.9109
vn 0.2516 0.2846 -0.9251
vn 0.1962 0.0392 -0.9798
vn -0.3969 0.0361 -0.9171
vn 0.2505 0.2120 -0.9446
vn 0.2070 0.3096 -0.9281
vn -0.4344 0.1169 -0.8931
vn -0.3690 0.0015 -0.9294
vn 0.3686 0.9296 0.0000
vn 0.4210 -0.9071 0.0000
vn -0.9379 -0.3469 0.0000
vn 0.8041 -0.5944 0.0000
vn 0.2553 0.4311 -0.8655
vn 0.2553 0.4310 -0.8655
vn 0.0104 0.9993 -0.0352
vn 0.2829 -0.0113 -0.9591
vn 0.2830 -0.0113 -0.9591
vn -0.0104 -0.1163 0.9932
vn 0.1426 0.0625 0.9878
vn 0.1304 0.0852 0.9878
vn 0.1146 0.1055 0.9878
vn 0.0956 0.1229 0.9878
vn 0.0741 0.1369 0.9878
vn 0.0506 0.1473 0.9878
vn 0.0256 0.1536 0.9878
vn -0.0000 0.1557 0.9878
vn -0.0256 0.1536 0.9878
vn -0.0506 0.1473 0.9878
vn -0.0741 0.1369 0.9878
vn -0.0956 0.1229 0.9878
vn -0.1146 0.1055 0.9878
vn -0.1304 0.0852 0.9878
vn -0.1426 0.0625 0.9878
vn -0.1509 0.0382 0.9878
vn -0.1552 0.0129 0.9878
vn -0.1552 -0.0129 0.9878
vn -0.1509 -0.0382 0.9878
vn -0.1426 -0.0625 0.9878
vn -0.1304 -0.0852 0.9878
vn -0.1146 -0.1055 0.9878
vn -0.0956 -0.1229 0.9878
vn -0.0741 -0.1369 0.9878
vn -0.0506 -0.1473 0.9878
vn -0.0256 -0.1536 0.9878
vn 0.0000 -0.1557 0.9878
vn 0.0256 -0.1536 0.9878
vn 0.0506 -0.1473 0.9878
vn 0.0741 -0.1369 0.9878
vn 0.0956 -0.1229 0.9878
vn 0.1146 -0.1055 0.9878
vn 0.1304 -0.0852 0.9878
vn 0.1426 -0.0625 0.9878
vn 0.1509 -0.0382 0.9878
vn 0.1552 -0.0129 0.9878
vn 0.1552 0.0129 0.9878
vn 0.1509 0.0382 0.9878
vn -0.4239 0.5446 0.7237
vn -0.5077 0.4674 0.7237
vn -0.2464 0.2268 -0.9423
vn -0.2057 0.2643 -0.9423
vn -0.2241 -0.6527 0.7237
vn -0.1136 -0.6807 0.7237
vn -0.0551 -0.3303 -0.9423
vn -0.1087 -0.3168 -0.9423
vn -0.6320 -0.2772 0.7237
vn -0.5777 -0.3775 0.7237
vn -0.2804 -0.1832 -0.9423
vn -0.3067 -0.1345 -0.9423
vn 0.4239 -0.5446 0.7237
vn 0.5077 -0.4674 0.7237
vn 0.2464 -0.2268 -0.9423
vn 0.2057 -0.2643 -0.9423
vn 0.6320 0.2772 0.7237
vn 0.5777 0.3775 0.7237
vn 0.2804 0.1832 -0.9423
vn 0.3067 0.1345 -0.9423
vn -0.1136 0.6807 0.7237
vn -0.2241 0.6527 0.7237
vn -0.1087 0.3168 -0.9423
vn -0.0551 0.3303 -0.9423
vn -0.6878 0.0570 0.7237
vn -0.6878 -0.0570 0.7237
vn -0.3338 -0.0277 -0.9423
vn -0.3338 0.0277 -0.9423
vn 0.1136 -0.6807 0.7237
vn 0.2241 -0.6527 0.7237
vn 0.1087 -0.3168 -0.9423
vn 0.0551 -0.3303 -0.9423
vn 0.6878 -0.0570 0.7237
vn 0.6878 0.0570 0.7237
vn 0.3338 0.0277 -0.9423
vn 0.3338 -0.0277 -0.9423
vn 0.2241 0.6527 0.7237
vn 0.1136 0.6807 0.7237
vn 0.0551 0.3303 -0.9423
vn 0.1087 0.3168 -0.9423
vn -0.5777 0.3775 0.7237
vn -0.6320 0.2772 0.7237
vn -0.3067 0.1345 -0.9423
vn -0.2804 0.1832 -0.9423
vn -0.5077 -0.4674 0.7237
vn -0.4239 -0.5446 0.7237
vn -0.2057 -0.2643 -0.9423
vn -0.2464 -0.2268 -0.9423
vn 0.5777 -0.3775 0.7237
vn 0.6320 -0.2772 0.7237
vn 0.3067 -0.1345 -0.9423
vn 0.2804 -0.1832 -0.9423
vn 0.5077 0.4674 0.7237
vn 0.4239 0.5446 0.7237
vn 0.2057 0.2643 -0.9423
vn 0.2464 0.2268 -0.9423
vn -0.3285 0.6069 0.7237
vn -0.1594 0.2945 -0.9423
vn -0.6690 -0.1694 0.7237
vn -0.3247 -0.0822 -0.9423
vn 0.3285 -0.6069 0.7237
vn 0.1594 -0.2945 -0.9423
vn 0.6690 0.1694 0.7237
vn 0.3247 0.0822 -0.9423
vn -0.0000 0.6901 0.7237
vn -0.0000 0.3349 -0.9423
vn -0.6690 0.1694 0.7237
vn -0.3247 0.0822 -0.9423
vn -0.3285 -0.6069 0.7237
vn -0.1594 -0.2945 -0.9423
vn 0.0000 -0.6901 0.7237
vn -0.0000 -0.3349 -0.9423
vn 0.6690 -0.1694 0.7237
vn 0.3247 -0.0822 -0.9423
vn 0.3285 0.6069 0.7237
vn 0.1594 0.2945 -0.9423
vn -0.1208 0.0789 0.9895
vn -0.1061 0.0977 0.9895
vn -0.9255 -0.0767 0.3709
vn -0.9255 0.0767 0.3709
vn 0.3015 0.8783 0.3709
vn 0.4420 0.8167 0.3709
vn -0.0886 0.1138 0.9895
vn -0.9002 0.2280 0.3709
vn 0.5704 0.7329 0.3709
vn -0.0687 0.1269 0.9895
vn -0.8504 0.3730 0.3709
vn 0.6832 0.6290 0.3709
vn -0.0468 0.1364 0.9895
vn -0.7774 0.5079 0.3709
vn 0.7774 0.5079 0.3709
vn -0.0237 0.1423 0.9895
vn -0.6832 0.6290 0.3709
vn 0.8504 0.3730 0.3709
vn -0.0000 0.1443 0.9895
vn -0.5704 0.7329 0.3709
vn 0.9002 0.2280 0.3709
vn 0.0237 0.1423 0.9895
vn -0.4420 0.8167 0.3709
vn 0.9255 0.0767 0.3709
vn 0.0469 0.1364 0.9895
vn -0.3015 0.8783 0.3709
vn 0.9255 -0.0767 0.3709
vn 0.0687 0.1269 0.9895
vn -0.1528 0.9160 0.3709
vn 0.9002 -0.2280 0.3709
vn 0.0886 0.1138 0.9895
vn -0.0000 0.9287 0.3709
vn 0.8504 -0.3730 0.3709
vn 0.1061 0.0977 0.9895
vn 0.7774 -0.5079 0.3709
vn 0.1208 0.0789 0.9895
vn 0.6832 -0.6290 0.3709
vn 0.1321 0.0579 0.9895
vn 0.1061 -0.0977 0.9895
vn 0.1208 -0.0789 0.9895
vn 0.5704 -0.7328 0.3709
vn 0.1398 0.0354 0.9895
vn 0.0000 -0.1443 0.9895
vn -0.0237 -0.1423 0.9895
vn -0.1208 -0.0789 0.9895
vn -0.1061 -0.0977 0.9895
vn 0.1321 -0.0579 0.9895
vn -0.0886 -0.1138 0.9895
vn 0.1398 -0.0354 0.9895
vn -0.0687 -0.1269 0.9895
vn 0.1438 -0.0119 0.9895
vn -0.0468 -0.1364 0.9895
vn 0.1438 0.0119 0.9895
vn -0.1321 0.0579 0.9895
vn -0.1398 0.0354 0.9895
vn 0.0237 -0.1423 0.9895
vn -0.1438 0.0119 0.9895
vn 0.0468 -0.1364 0.9895
vn -0.1438 -0.0119 0.9895
vn 0.0687 -0.1269 0.9895
vn -0.1398 -0.0354 0.9895
vn 0.0886 -0.1138 0.9895
vn -0.1321 -0.0579 0.9895
vn 0.1529 0.9160 0.3709
vn -0.9002 -0.2280 0.3709
vn -0.8504 -0.3730 0.3709
vn -0.7774 -0.5079 0.3709
vn -0.6832 -0.6290 0.3709
vn -0.5704 -0.7328 0.3709
vn -0.4420 -0.8167 0.3709
vn -0.3015 -0.8783 0.3709
vn -0.1529 -0.9160 0.3709
vn 0.0000 -0.9287 0.3709
vn 0.1529 -0.9160 0.3709
vn 0.3015 -0.8784 0.3709
vn 0.4420 -0.8167 0.3709
vn 0.1426 0.0625 -0.9878
vn 0.1509 0.0382 -0.9878
vn 0.1552 0.0129 -0.9878
vn 0.1552 -0.0129 -0.9878
vn 0.1509 -0.0382 -0.9878
vn 0.1426 -0.0625 -0.9878
vn 0.1304 -0.0852 -0.9878
vn 0.1146 -0.1055 -0.9878
vn 0.0956 -0.1229 -0.9878
vn 0.0741 -0.1369 -0.9878
vn 0.0506 -0.1473 -0.9878
vn 0.0256 -0.1536 -0.9878
vn -0.0000 -0.1557 -0.9878
vn -0.0256 -0.1536 -0.9878
vn -0.0506 -0.1473 -0.9878
vn -0.0741 -0.1369 -0.9878
vn -0.0956 -0.1229 -0.9878
vn -0.1146 -0.1055 -0.9878
vn -0.1304 -0.0852 -0.9878
vn -0.1426 -0.0625 -0.9878
vn -0.1509 -0.0382 -0.9878
vn -0.1552 -0.0129 -0.9878
vn -0.1552 0.0129 -0.9878
vn -0.1509 0.0382 -0.9878
vn -0.1426 0.0625 -0.9878
vn -0.1304 0.0852 -0.9878
vn -0.1146 0.1055 -0.9878
vn -0.0956 0.1229 -0.9878
vn -0.0741 0.1369 -0.9878
vn -0.0506 0.1473 -0.9878
vn -0.0256 0.1536 -0.9878
vn -0.0000 0.1557 -0.9878
vn 0.0256 0.1536 -0.9878
vn 0.0506 0.1473 -0.9878
vn 0.0741 0.1369 -0.9878
vn 0.0956 0.1229 -0.9878
vn 0.1146 0.1055 -0.9878
vn 0.1304 0.0852 -0.9878
vn -0.4239 0.5446 -0.7237
vn -0.2057 0.2643 0.9423
vn -0.2464 0.2268 0.9423
vn -0.5077 0.4674 -0.7237
vn -0.2241 -0.6527 -0.7237
vn -0.1087 -0.3168 0.9423
vn -0.0551 -0.3303 0.9423
vn -0.1136 -0.6807 -0.7237
vn -0.6320 -0.2772 -0.7237
vn -0.3067 -0.1345 0.9423
vn -0.2804 -0.1832 0.9423
vn -0.5777 -0.3775 -0.7237
vn 0.4239 -0.5446 -0.7237
vn 0.2057 -0.2643 0.9423
vn 0.2464 -0.2268 0.9423
vn 0.5077 -0.4674 -0.7237
vn 0.6320 0.2772 -0.7237
vn 0.3067 0.1345 0.9423
vn 0.2804 0.1832 0.9423
vn 0.5777 0.3775 -0.7237
vn -0.1136 0.6807 -0.7237
vn -0.0551 0.3303 0.9423
vn -0.1087 0.3168 0.9423
vn -0.2241 0.6527 -0.7237
vn -0.6878 0.0570 -0.7237
vn -0.3338 0.0277 0.9422
vn -0.3338 -0.0277 0.9423
vn -0.6878 -0.0570 -0.7237
vn 0.1136 -0.6807 -0.7237
vn 0.0551 -0.3303 0.9423
vn 0.1087 -0.3168 0.9423
vn 0.2241 -0.6527 -0.7237
vn 0.6878 -0.0570 -0.7237
vn 0.3338 -0.0277 0.9422
vn 0.3338 0.0277 0.9423
vn 0.6878 0.0570 -0.7237
vn 0.2241 0.6527 -0.7237
vn 0.1087 0.3168 0.9423
vn 0.0551 0.3303 0.9423
vn 0.1136 0.6807 -0.7237
vn -0.5777 0.3775 -0.7237
vn -0.2804 0.1832 0.9423
vn -0.3067 0.1345 0.9423
vn -0.6320 0.2772 -0.7237
vn -0.5077 -0.4674 -0.7237
vn -0.2464 -0.2268 0.9423
vn -0.2057 -0.2643 0.9423
vn -0.4239 -0.5446 -0.7237
vn 0.5777 -0.3775 -0.7237
vn 0.2804 -0.1832 0.9423
vn 0.3067 -0.1345 0.9423
vn 0.6320 -0.2772 -0.7237
vn 0.5077 0.4674 -0.7237
vn 0.2464 0.2268 0.9423
vn 0.2057 0.2643 0.9423
vn 0.4239 0.5446 -0.7237
vn -0.3285 0.6069 -0.7237
vn -0.1594 0.2945 0.9423
vn -0.6690 -0.1694 -0.7237
vn -0.3247 -0.0822 0.9423
vn 0.3285 -0.6069 -0.7237
vn 0.1594 -0.2945 0.9423
vn 0.6690 0.1694 -0.7237
vn 0.3246 0.0822 0.9423
vn 0.0000 0.6901 -0.7237
vn -0.0000 0.3349 0.9423
vn -0.6690 0.1694 -0.7237
vn -0.3247 0.0822 0.9422
vn -0.3285 -0.6069 -0.7237
vn -0.1594 -0.2945 0.9423
vn -0.0000 -0.6901 -0.7237
vn -0.0000 -0.3349 0.9423
vn 0.6690 -0.1694 -0.7237
vn 0.3247 -0.0822 0.9422
vn 0.3285 0.6069 -0.7237
vn 0.1594 0.2945 0.9423
vn -0.7946 0.5191 0.3148
vn -0.0002 0.0000 -1.0000
vn -0.6983 0.6428 0.3148
vn -0.9255 0.0767 -0.3709
vn -0.9255 -0.0767 -0.3709
vn 0.4420 0.8167 -0.3709
vn 0.3015 0.8783 -0.3709
vn -0.5829 0.7490 0.3148
vn -0.9002 0.2280 -0.3709
vn 0.5704 0.7328 -0.3709
vn -0.4517 0.8348 0.3148
vn -0.8504 0.3730 -0.3709
vn 0.6832 0.6290 -0.3709
vn -0.3082 0.8977 0.3148
vn -0.7774 0.5079 -0.3709
vn 0.7774 0.5079 -0.3709
vn -0.1563 0.9362 0.3148
vn -0.6832 0.6290 -0.3709
vn 0.8504 0.3730 -0.3709
vn 0.0000 0.9492 0.3148
vn -0.5704 0.7329 -0.3709
vn 0.9002 0.2280 -0.3709
vn 0.1563 0.9362 0.3148
vn -0.4420 0.8167 -0.3709
vn 0.9255 0.0767 -0.3709
vn 0.0002 0.0000 -1.0000
vn 0.3082 0.8977 0.3148
vn -0.3015 0.8783 -0.3709
vn 0.9255 -0.0767 -0.3709
vn 0.4517 0.8348 0.3148
vn -0.1528 0.9160 -0.3709
vn 0.9002 -0.2280 -0.3709
vn 0.5830 0.7490 0.3148
vn -0.0000 0.9287 -0.3709
vn 0.8504 -0.3730 -0.3709
vn 0.6983 0.6428 0.3148
vn 0.7774 -0.5079 -0.3709
vn 0.7946 0.5191 0.3148
vn 0.6832 -0.6290 -0.3709
vn 0.8692 0.3813 0.3148
vn 0.6983 -0.6429 0.3148
vn 0.7946 -0.5191 0.3148
vn 0.5704 -0.7329 -0.3709
vn 0.9201 0.2330 0.3148
vn 0.0000 -0.9492 0.3148
vn -0.1563 -0.9362 0.3148
vn -0.7946 -0.5191 0.3148
vn -0.6983 -0.6428 0.3148
vn 0.8692 -0.3813 0.3148
vn -0.5830 -0.7490 0.3148
vn 0.9201 -0.2330 0.3148
vn -0.4517 -0.8348 0.3148
vn 0.9459 -0.0784 0.3148
vn -0.3082 -0.8977 0.3148
vn 0.9459 0.0784 0.3148
vn -0.8692 0.3813 0.3148
vn -0.9201 0.2330 0.3148
vn 0.1563 -0.9362 0.3148
vn -0.9459 0.0784 0.3148
vn 0.3082 -0.8977 0.3148
vn -0.9459 -0.0784 0.3148
vn 0.4517 -0.8348 0.3148
vn -0.9201 -0.2330 0.3148
vn 0.5829 -0.7491 0.3148
vn -0.8692 -0.3813 0.3148
vn 0.1529 0.9160 -0.3709
vn -0.9002 -0.2280 -0.3709
vn -0.8504 -0.3730 -0.3709
vn -0.7775 -0.5079 -0.3709
vn -0.6832 -0.6290 -0.3709
vn -0.5704 -0.7328 -0.3709
vn -0.4420 -0.8167 -0.3709
vn -0.3015 -0.8784 -0.3709
vn -0.1529 -0.9160 -0.3709
vn -0.0000 -0.9287 -0.3709
vn 0.1528 -0.9160 -0.3709
vn 0.3015 -0.8783 -0.3709
vn 0.4420 -0.8167 -0.3709
vn -0.3338 0.0277 0.9423
vn 0.3338 -0.0277 0.9423
vn -0.5830 0.7490 0.3148
vn 0.4237 -0.9058 0.0000
vn -0.0222 0.5845 0.8111
vn -0.9591 -0.0000 0.2829
vn -0.0222 0.5845 -0.8111
vn -0.9591 -0.0000 -0.2829
vn 0.9352 -0.2108 -0.2846
vn 0.2143 -0.6530 0.7264
vn -0.2829 0.0113 -0.9591
vn -0.0104 -0.9993 -0.0352
vn 0.0156 0.9985 0.0528
vn 0.9404 0.2113 -0.2666
vn 0.9845 0.0215 0.1739
vn 0.9211 0.3660 0.1326
vn -0.7894 0.1643 0.5915
vn -0.0156 -0.9985 -0.0528
vn 0.0104 0.9993 0.0352
vn 0.2829 -0.0113 0.9591
vn -0.2553 -0.4311 -0.8655
vn 0.9352 -0.2108 0.2846
vn 0.2143 -0.6530 -0.7264
vn -0.2829 0.0113 0.9591
vn -0.0104 -0.9993 0.0352
vn 0.0156 0.9985 -0.0528
vn 0.1147 0.9141 -0.3890
vn 0.9404 0.2113 0.2666
vn -0.9591 -0.0000 -0.2830
vn 0.9845 0.0215 -0.1739
vn 0.9211 0.3660 -0.1326
vn -0.7894 0.1643 -0.5915
vn -0.0156 -0.9985 0.0528
vn -0.9592 -0.0000 -0.2829
vn -0.2552 -0.4311 0.8655
vn -0.2553 -0.4311 0.8654
vn -0.0008 0.9836 -0.1804
vn -0.0007 0.8722 -0.4891
vn -0.0006 0.7173 -0.6968
vn -0.0004 0.5686 -0.8226
vn -0.0003 0.4406 -0.8977
vn -0.0002 0.3315 -0.9435
vn -0.0001 0.2375 -0.9714
vn -0.0000 0.1532 -0.9882
vn -0.0000 0.0752 -0.9972
vn -0.0000 -0.0752 -0.9972
vn -0.0000 -0.1532 -0.9882
vn -0.0001 -0.2376 -0.9714
vn -0.0002 -0.3316 -0.9434
vn -0.0003 -0.4407 -0.8977
vn -0.0004 -0.5687 -0.8226
vn -0.0006 -0.7174 -0.6966
vn -0.0007 -0.8723 -0.4890
vn -0.0008 -0.9836 -0.1803
vn -0.0008 -0.9836 0.1803
vn -0.0007 -0.8723 0.4890
vn -0.0006 -0.7174 0.6967
vn -0.0004 -0.5687 0.8226
vn -0.0003 -0.4407 0.8977
vn -0.0002 -0.3316 0.9434
vn -0.0001 -0.2375 0.9714
vn -0.0000 -0.1532 0.9882
vn -0.0000 -0.0752 0.9972
vn -0.0000 0.0752 0.9972
vn -0.0000 0.1532 0.9882
vn -0.0001 0.2375 0.9714
vn -0.0002 0.3315 0.9435
vn -0.0003 0.4406 0.8977
vn -0.0004 0.5686 0.8226
vn -0.0006 0.7173 0.6968
vn -0.0007 0.8722 0.4891
vn -0.0008 0.9836 0.1804
vn -0.0008 0.9836 0.1805
vn -0.0001 0.2376 0.9714
vn -0.0001 -0.2376 0.9714
vn -0.0003 -0.4406 0.8977
vn -0.0004 -0.5687 0.8225
vn -0.0007 -0.8722 -0.4891
vn -0.0006 -0.7174 -0.6967
vn -0.0004 -0.5687 -0.8225
vn -0.0003 -0.4406 -0.8977
vn -0.0002 -0.3317 -0.9434
vn -0.0001 -0.2375 -0.9714
vn -0.0001 0.2376 -0.9714
vn -0.0008 0.9836 -0.1805
vn -0.6068 -0.3964 -0.6890
vn -0.6049 -0.3952 0.6913
vn -0.6617 -0.2902 0.6913
vn -0.6637 -0.2911 -0.6890
vn 0.1189 -0.7127 0.6913
vn 0.2346 -0.6834 0.6913
vn -0.5332 -0.4909 -0.6890
vn -0.5316 -0.4894 0.6913
vn -0.4452 -0.5720 -0.6890
vn -0.4438 -0.5702 0.6913
vn -0.4438 0.5702 0.6913
vn -0.5316 0.4894 0.6913
vn -0.3450 -0.6374 -0.6890
vn -0.3439 -0.6355 0.6913
vn 0.6617 0.2902 0.6913
vn 0.6049 0.3952 0.6913
vn -0.2353 -0.6855 -0.6890
vn -0.2346 -0.6834 0.6913
vn 0.4438 -0.5702 0.6913
vn 0.5316 -0.4894 0.6913
vn -0.1193 -0.7149 -0.6890
vn -0.1189 -0.7127 0.6913
vn -0.0000 -0.7248 -0.6890
vn -0.0000 -0.7225 0.6913
vn -0.6617 0.2902 0.6913
vn -0.7004 0.1774 0.6913
vn 0.1193 -0.7149 -0.6890
vn 0.4438 0.5702 0.6913
vn 0.3439 0.6355 0.6913
vn 0.2353 -0.6855 -0.6890
vn 0.6617 -0.2902 0.6913
vn 0.7004 -0.1774 0.6913
vn 0.3450 -0.6374 -0.6890
vn 0.3439 -0.6355 0.6913
vn 0.4452 -0.5720 -0.6890
vn -0.7201 -0.0597 0.6913
vn -0.7004 -0.1774 0.6913
vn 0.5332 -0.4909 -0.6890
vn -0.2346 0.6834 0.6913
vn -0.3439 0.6355 0.6913
vn 0.6068 -0.3964 -0.6890
vn 0.6049 -0.3952 0.6913
vn 0.7201 0.0597 0.6913
vn 0.7004 0.1774 0.6913
vn 0.6637 -0.2911 -0.6890
vn 0.7026 -0.1779 -0.6890
vn 0.7223 -0.0599 -0.6890
vn 0.7201 -0.0597 0.6913
vn -0.6049 0.3952 0.6913
vn 0.7223 0.0599 -0.6890
vn 0.1189 0.7127 0.6913
vn 0.0000 0.7225 0.6913
vn 0.7026 0.1779 -0.6890
vn 0.5316 0.4894 0.6913
vn 0.6637 0.2911 -0.6890
vn 0.6068 0.3964 -0.6890
vn 0.5332 0.4909 -0.6890
vn -0.7201 0.0597 0.6913
vn 0.4452 0.5720 -0.6890
vn 0.2346 0.6834 0.6913
vn 0.3450 0.6374 -0.6890
vn 0.2353 0.6855 -0.6890
vn 0.1193 0.7149 -0.6890
vn -0.1189 0.7127 0.6913
vn 0.0000 0.7248 -0.6890
vn -0.7026 -0.1779 -0.6890
vn -0.7223 -0.0599 -0.6890
vn -0.7223 0.0599 -0.6890
vn -0.7026 0.1779 -0.6890
vn -0.6637 0.2911 -0.6890
vn -0.6068 0.3964 -0.6890
vn -0.5332 0.4909 -0.6890
vn -0.4452 0.5720 -0.6890
vn -0.3450 0.6374 -0.6890
vn -0.2353 0.6855 -0.6890
vn -0.1193 0.7149 -0.6890
vn -0.6068 -0.3964 0.6890
vn -0.6637 -0.2911 0.6890
vn -0.6617 -0.2902 -0.6913
vn -0.6049 -0.3952 -0.6913
vn 0.1189 -0.7127 -0.6913
vn 0.2346 -0.6834 -0.6913
vn -0.5332 -0.4909 0.6890
vn -0.5316 -0.4894 -0.6913
vn -0.4452 -0.5720 0.6890
vn -0.4438 -0.5702 -0.6913
vn -0.4438 0.5702 -0.6913
vn -0.5316 0.4894 -0.6913
vn -0.3450 -0.6374 0.6890
vn -0.3439 -0.6355 -0.6913
vn 0.6617 0.2902 -0.6913
vn 0.6049 0.3952 -0.6913
vn -0.2353 -0.6855 0.6890
vn -0.2346 -0.6834 -0.6913
vn 0.4438 -0.5702 -0.6913
vn 0.5316 -0.4894 -0.6913
vn -0.1193 -0.7149 0.6890
vn -0.1189 -0.7127 -0.6913
vn -0.0000 -0.7248 0.6890
vn -0.0000 -0.7225 -0.6913
vn -0.6617 0.2902 -0.6913
vn -0.7004 0.1774 -0.6913
vn 0.1193 -0.7149 0.6890
vn 0.4438 0.5702 -0.6913
vn 0.3439 0.6355 -0.6913
vn 0.2353 -0.6855 0.6890
vn 0.6617 -0.2902 -0.6913
vn 0.7004 -0.1774 -0.6913
vn 0.3450 -0.6374 0.6890
vn 0.3439 -0.6355 -0.6913
vn 0.4452 -0.5720 0.6890
vn -0.7201 -0.0597 -0.6913
vn -0.7004 -0.1774 -0.6913
vn 0.5332 -0.4909 0.6890
vn -0.2346 0.6834 -0.6913
vn -0.3439 0.6355 -0.6913
vn 0.6068 -0.3964 0.6890
vn 0.6049 -0.3952 -0.6913
vn 0.7201 0.0597 -0.6913
vn 0.7004 0.1774 -0.6913
vn 0.6637 -0.2911 0.6890
vn 0.7026 -0.1779 0.6890
vn 0.7223 -0.0599 0.6890
vn 0.7201 -0.0597 -0.6913
vn -0.6049 0.3952 -0.6913
vn 0.7223 0.0599 0.6890
vn 0.1189 0.7127 -0.6913
vn 0.0000 0.7225 -0.6913
vn 0.7026 0.1779 0.6890
vn 0.5316 0.4894 -0.6913
vn 0.6637 0.2911 0.6890
vn 0.6068 0.3964 0.6890
vn 0.5332 0.4909 0.6890
vn -0.7201 0.0597 -0.6913
vn 0.4452 0.5720 0.6890
vn 0.2346 0.6834 -0.6913
vn 0.3450 0.6374 0.6890
vn 0.2353 0.6855 0.6890
vn 0.1193 0.7149 0.6890
vn -0.1189 0.7127 -0.6913
vn 0.0000 0.7248 0.6890
vn -0.7026 -0.1779 0.6890
vn -0.7223 -0.0599 0.6890
vn -0.7223 0.0599 0.6890
vn -0.7026 0.1779 0.6890
vn -0.6637 0.2911 0.6890
vn -0.6068 0.3964 0.6890
vn -0.5332 0.4909 0.6890
vn -0.4452 0.5720 0.6890
vn -0.3450 0.6374 0.6890
vn -0.2353 0.6855 0.6890
vn -0.1193 0.7149 0.6890
vn 0.9778 -0.2095 0.0000
vn -0.4714 -0.8819 0.0000
vn -0.5957 0.8032 0.0000
vn -0.0777 -0.9970 0.0000
vn -0.4163 0.9092 0.0000
vn -0.2421 0.9703 0.0000
vn 0.0728 0.9973 0.0000
vn -0.5956 0.8032 0.0000
vn 0.3939 0.9191 0.0000
vn 0.5823 -0.8130 0.0000
vn -0.5823 0.8130 0.0000
vn 0.1227 -0.1904 -0.9740
vn 0.9479 0.2532 0.1935
vn 0.1961 -0.9806 -0.0038
vn -0.9233 -0.2299 0.3077
vn 0.9351 0.3330 0.1210
vn 0.2201 -0.9755 -0.0056
vn -0.8839 -0.2528 0.3934
vn 0.7684 0.5683 0.2944
vn 0.9069 0.4213 0.0000
vn 0.9133 0.2004 0.3545
vn -0.1583 -0.9874 0.0000
vn 0.8382 0.0000 -0.5454
vn -0.5110 -0.0805 -0.8558
vn -0.9917 0.1289 0.0000
vn -0.9167 0.0671 -0.3939
vn -0.4904 -0.1709 -0.8546
vn -0.4424 -0.8968 0.0000
vn -0.4194 -0.5027 -0.7559
vn -0.4899 -0.6516 -0.5791
vn -0.5163 -0.6760 -0.5257
vn 0.9606 -0.0213 0.2771
vn 0.8922 0.4517 0.0000
vn 0.1238 0.7550 0.6440
vn -0.2575 -0.9645 -0.0587
vn -0.9534 -0.1372 0.2689
vn -0.8467 -0.5321 -0.0037
vn -0.8557 -0.5092 -0.0922
vn -0.3823 0.9239 -0.0160
vn -0.4732 0.7595 0.4464
vn 0.1227 -0.1904 0.9740
vn 0.9479 0.2532 -0.1935
vn 0.1961 -0.9806 0.0038
vn -0.9233 -0.2299 -0.3077
vn 0.9351 0.3330 -0.1210
vn 0.2201 -0.9755 0.0056
vn 0.7684 0.5683 -0.2944
vn 0.9133 0.2004 -0.3545
vn -0.5110 -0.0805 0.8558
vn -0.9167 0.0671 0.3939
vn -0.4904 -0.1709 0.8546
vn -0.4194 -0.5027 0.7559
vn -0.4899 -0.6516 0.5791
vn -0.5163 -0.6760 0.5257
vn 0.9606 -0.0213 -0.2771
vn 0.1238 0.7550 -0.6440
vn -0.2575 -0.9645 0.0587
vn -0.9534 -0.1372 -0.2689
vn -0.8467 -0.5321 0.0037
vn -0.8557 -0.5092 0.0922
vn -0.3823 0.9239 0.0160
vn -0.4732 0.7595 -0.4464
vn 0.9809 0.1944 0.0000
vn 0.1015 0.7646 -0.6364
vn -0.0966 0.7896 0.6059
vn -0.6595 0.7443 -0.1052
vn 0.6361 0.7649 0.1014
vn -0.1015 0.7646 0.6364
vn 0.0966 0.7896 -0.6059
vn 0.6595 0.7443 0.1052
vn -0.6361 0.7649 -0.1014
vn 0.1015 0.7646 0.6364
vn -0.0966 0.7896 -0.6059
vn -0.6595 0.7443 0.1052
vn 0.6361 0.7649 -0.1014
vn -0.1015 0.7646 -0.6364
vn 0.0966 0.7896 0.6059
vn 0.6595 0.7443 -0.1052
vn -0.6361 0.7649 0.1014
vn 0.2385 0.0000 -0.9711
vn 0.4234 0.0000 -0.9059
vn 0.5920 0.0000 -0.8060
vn 0.7378 0.0000 -0.6750
vn 0.8554 0.0000 -0.5180
vn 0.9400 0.0000 -0.3412
vn 0.9885 0.0000 -0.1513
vn 0.9990 0.0000 0.0444
vn 0.9711 0.0000 0.2385
vn 0.9060 0.0000 0.4234
vn 0.8059 0.0000 0.5920
vn 0.6750 0.0000 0.7378
vn 0.5181 0.0000 0.8553
vn 0.3412 0.0000 0.9400
vn 0.1513 0.0000 0.9885
vn -0.0445 0.0000 0.9990
vn -0.2385 0.0000 0.9711
vn -0.4234 0.0000 0.9060
vn -0.5920 0.0000 0.8060
vn -0.7379 0.0000 0.6749
vn -0.8553 0.0000 0.5181
vn -0.9400 0.0000 0.3412
vn -0.9885 0.0000 0.1513
vn -0.9990 0.0000 -0.0444
vn -0.9711 0.0000 -0.2385
vn -0.9060 0.0000 -0.4234
vn -0.8059 0.0000 -0.5920
vn -0.6750 0.0000 -0.7378
vn -0.5181 0.0000 -0.8553
vn -0.3412 0.0000 -0.9400
vn -0.1513 0.0000 -0.9885
vn 0.0444 0.0000 -0.9990
vn -0.0444 0.0000 0.9990
vn 0.5921 0.0000 -0.8059
vn 0.6749 0.0000 0.7379
vn -0.8554 0.0000 0.5180
vn 0.9990 0.0000 0.0445
vn -0.2386 0.0000 0.9711
vn -0.9060 0.0000 -0.4233
vn 0.5180 0.0000 0.8554
vn -0.4234 0.0000 0.9059
vn 0.8553 0.0000 -0.5181
vn 0.3413 0.0000 0.9399
vn 0.9059 0.0000 0.4234
vn -0.5920 0.0000 0.8059
vn 0.1512 0.0000 0.9885
vn -0.9990 0.0000 -0.0445
vn 0.4234 0.0000 -0.9060
vn 0.8060 0.0000 0.5920
vn -0.7378 0.0000 0.6750
vn -0.5180 0.0000 -0.8554
vn 0.0527 0.9981 -0.0319
vn 0.1391 -0.3921 0.9094
vn -0.0093 0.9981 -0.0609
vn 0.9093 -0.3921 -0.1392
vn -0.9190 -0.3921 -0.0409
vn -0.0579 0.9981 0.0210
vn -0.0409 -0.3920 0.9190
vn 0.0319 0.9981 0.0527
vn 0.3895 -0.3921 -0.8334
vn -0.8934 -0.3920 -0.2194
vn 0.0454 0.9981 -0.0416
vn 0.7414 -0.3920 0.5446
vn -0.0210 0.9981 -0.0579
vn 0.5446 -0.3921 -0.7414
vn -0.0527 0.9981 0.0319
vn -0.6788 -0.3920 0.6209
vn 0.6209 -0.3920 0.6788
vn 0.0416 0.9981 0.0454
vn -0.4766 -0.3921 -0.7869
vn -0.7868 -0.3921 0.4766
vn 0.0365 0.9981 -0.0496
vn -0.0319 0.9981 -0.0527
vn -0.3139 -0.3921 -0.8647
vn -0.0454 0.9981 0.0415
vn 0.9190 -0.3921 0.0409
vn 0.0496 0.9981 0.0365
vn -0.2194 -0.3920 0.8934
vn 0.0261 0.9981 -0.0558
vn -0.0416 0.9981 -0.0454
vn -0.8334 -0.3921 -0.3895
vn -0.0365 0.9981 0.0496
vn 0.6787 -0.3921 -0.6210
vn -0.6750 0.0000 -0.7379
vn -0.5919 0.0000 0.8060
vn 0.0445 0.0000 -0.9990
vn 0.3413 0.0000 0.9400
vn -0.8060 0.0000 -0.5920
vn -0.1512 0.0000 -0.9885
vn -0.9059 0.0000 -0.4234
vn -0.3413 0.0000 -0.9399
vn 0.6750 0.0000 0.7379
vn 0.5920 0.0000 -0.8059
vn 0.8647 -0.3921 -0.3139
vn 0.0210 0.9981 0.0579
vn -0.0609 0.9981 0.0093
vn -0.6209 -0.3921 -0.6788
vn 0.0027 0.9981 -0.0615
vn -0.5446 -0.3920 0.7414
vn 0.0579 0.9981 -0.0210
vn 0.8334 -0.3921 0.3895
vn 0.0093 0.9981 0.0609
vn -0.0615 0.9981 -0.0027
vn 0.0409 -0.3920 -0.9190
vn 0.2194 -0.3920 -0.8934
vn 0.0609 0.9981 -0.0093
vn -0.9093 -0.3921 0.1392
vn -0.0027 0.9981 0.0615
vn 0.3140 -0.3920 0.8647
vn -0.0598 0.9981 -0.0147
vn 0.7869 -0.3920 -0.4765
vn 0.0615 0.9981 0.0027
vn -0.7414 -0.3921 -0.5446
vn -0.0147 0.9981 0.0598
vn -0.0558 0.9981 -0.0261
vn -0.3895 -0.3920 0.8334
vn 0.8934 -0.3920 0.2194
vn 0.0598 0.9981 0.0147
vn -0.1392 -0.3920 -0.9094
vn -0.0261 0.9981 0.0558
vn 0.0147 0.9981 -0.0598
vn -0.8647 -0.3920 0.3139
vn -0.0496 0.9981 -0.0365
vn 0.4765 -0.3920 0.7869
vn 0.0558 0.9981 0.0261
vn 0.2386 0.0000 -0.9711
vn -0.9400 0.0000 0.3413
vn 0.2385 0.0000 -0.9712
vn -0.6749 0.0000 -0.7379
vn 0.1392 -0.3921 0.9093
vn -0.9190 -0.3920 -0.0409
vn 0.3895 -0.3920 -0.8334
vn -0.8934 -0.3921 -0.2194
vn 0.7414 -0.3921 0.5446
vn 0.5446 -0.3920 -0.7414
vn 0.6210 -0.3920 0.6788
vn -0.7869 -0.3920 0.4765
vn -0.2195 -0.3920 0.8934
vn -0.8334 -0.3920 -0.3895
vn 0.6788 -0.3921 -0.6209
vn 0.7379 0.0000 -0.6750
vn -0.3413 0.0000 -0.9400
vn 0.8647 -0.3920 -0.3139
vn 0.8334 -0.3920 0.3895
vn 0.2194 -0.3921 -0.8934
vn 0.3139 -0.3921 0.8647
vn 0.7869 -0.3921 -0.4766
vn -0.1392 -0.3921 -0.9093
vn 0.4766 -0.3920 0.7869
vn 0.2384 0.0000 -0.9712
vn 0.1514 0.0000 0.9885
vn 0.1392 -0.3920 0.9094
vn 0.9094 -0.3920 -0.1392
vn 0.0454 0.9981 -0.0415
vn 0.7415 -0.3920 0.5446
vn 0.9190 -0.3920 0.0409
vn 0.6788 -0.3920 -0.6209
vn 0.8060 0.0000 0.5919
vn -0.0446 0.0000 0.9990
vn -0.5446 -0.3921 0.7414
vn 0.0408 -0.3921 -0.9190
vn 0.2195 -0.3920 -0.8934
vn -0.9094 -0.3921 0.1392
vn 0.3139 -0.3920 0.8647
vn -0.7415 -0.3920 -0.5446
vn 0.8934 -0.3921 0.2194
vn -0.1391 -0.3921 -0.9093
vn -0.8647 -0.3921 0.3139
vn 0.4766 -0.3921 0.7869
vn 0.2385 0.0000 0.9711
vn 0.4234 0.0000 0.9059
vn 0.5920 0.0000 0.8060
vn 0.7378 0.0000 0.6750
vn 0.8554 0.0000 0.5180
vn 0.9400 0.0000 0.3413
vn 0.9885 0.0000 0.1513
vn 0.9990 0.0000 -0.0444
vn 0.9711 0.0000 -0.2385
vn 0.9060 0.0000 -0.4234
vn 0.8059 0.0000 -0.5920
vn 0.6750 0.0000 -0.7378
vn 0.5180 0.0000 -0.8554
vn 0.3412 0.0000 -0.9400
vn 0.1513 0.0000 -0.9885
vn -0.0445 0.0000 -0.9990
vn -0.2385 0.0000 -0.9711
vn -0.4234 0.0000 -0.9060
vn -0.5920 0.0000 -0.8059
vn -0.7378 0.0000 -0.6750
vn -0.8553 0.0000 -0.5181
vn -0.9400 0.0000 -0.3412
vn -0.9885 0.0000 -0.1513
vn -0.9990 0.0000 0.0444
vn -0.9711 0.0000 0.2385
vn -0.9060 0.0000 0.4234
vn -0.8059 0.0000 0.5920
vn -0.6750 0.0000 0.7379
vn -0.5181 0.0000 0.8553
vn -0.3412 0.0000 0.9400
vn -0.1513 0.0000 0.9885
vn 0.0444 0.0000 0.9990
vn -0.0444 0.0000 -0.9990
vn 0.5920 0.0000 0.8059
vn 0.6749 0.0000 -0.7379
vn -0.8554 0.0000 -0.5180
vn 0.9990 0.0000 -0.0445
vn -0.2386 0.0000 -0.9711
vn -0.9060 0.0000 0.4233
vn 0.7379 0.0000 0.6750
vn -0.4234 0.0000 -0.9059
vn 0.8553 0.0000 0.5181
vn 0.0445 0.0000 0.9990
vn 0.9059 0.0000 -0.4234
vn -0.6750 0.0000 0.7378
vn 0.9400 0.0000 0.3412
vn -0.9990 0.0000 0.0445
vn 0.4234 0.0000 0.9060
vn 0.8060 0.0000 -0.5920
vn -0.5180 0.0000 0.8554
vn 0.0527 0.9981 0.0319
vn 0.1391 -0.3921 -0.9094
vn -0.0093 0.9981 0.0609
vn 0.9093 -0.3921 0.1392
vn -0.9190 -0.3921 0.0409
vn -0.0579 0.9981 -0.0210
vn -0.0409 -0.3921 -0.9190
vn 0.0319 0.9981 -0.0527
vn 0.3895 -0.3921 0.8334
vn -0.8934 -0.3920 0.2194
vn 0.0454 0.9981 0.0416
vn 0.7414 -0.3920 -0.5446
vn -0.0210 0.9981 0.0579
vn 0.5446 -0.3921 0.7414
vn -0.0527 0.9981 -0.0319
vn -0.6788 -0.3921 -0.6210
vn 0.6209 -0.3921 -0.6788
vn 0.0416 0.9981 -0.0455
vn -0.4766 -0.3921 0.7868
vn -0.7868 -0.3921 -0.4766
vn 0.0365 0.9981 0.0496
vn -0.0319 0.9981 0.0527
vn -0.3139 -0.3921 0.8647
vn -0.0454 0.9981 -0.0416
vn 0.9190 -0.3921 -0.0409
vn 0.0496 0.9981 -0.0365
vn -0.2194 -0.3921 -0.8934
vn 0.0261 0.9981 0.0558
vn -0.0416 0.9981 0.0455
vn -0.8334 -0.3921 0.3895
vn -0.0365 0.9981 -0.0496
vn 0.6787 -0.3921 0.6210
vn -0.7379 0.0000 -0.6749
vn 0.1512 0.0000 -0.9885
vn -0.6749 0.0000 0.7379
vn -0.5919 0.0000 -0.8060
vn 0.0446 0.0000 0.9990
vn 0.2384 0.0000 0.9712
vn -0.8060 0.0000 0.5920
vn -0.3413 0.0000 0.9400
vn 0.6750 0.0000 -0.7379
vn 0.8647 -0.3921 0.3139
vn 0.0210 0.9981 -0.0579
vn -0.0609 0.9981 -0.0093
vn -0.6209 -0.3921 0.6788
vn 0.0027 0.9981 0.0615
vn -0.5446 -0.3920 -0.7414
vn 0.0579 0.9981 0.0210
vn 0.8334 -0.3921 -0.3895
vn 0.0093 0.9981 -0.0609
vn -0.0615 0.9981 0.0027
vn 0.0409 -0.3921 0.9190
vn 0.2194 -0.3920 0.8934
vn 0.0609 0.9981 0.0093
vn -0.9093 -0.3921 -0.1392
vn -0.0027 0.9981 -0.0615
vn 0.3140 -0.3921 -0.8647
vn -0.0598 0.9981 0.0147
vn 0.7869 -0.3920 0.4765
vn 0.0615 0.9981 -0.0027
vn -0.7414 -0.3921 0.5446
vn -0.0147 0.9981 -0.0598
vn -0.0558 0.9981 0.0261
vn -0.3895 -0.3921 -0.8334
vn 0.8934 -0.3921 -0.2194
vn 0.0598 0.9981 -0.0147
vn -0.1392 -0.3920 0.9094
vn -0.0261 0.9981 -0.0558
vn 0.0147 0.9981 0.0598
vn -0.8647 -0.3920 -0.3139
vn -0.0496 0.9981 0.0365
vn 0.4765 -0.3921 -0.7869
vn 0.0558 0.9981 -0.0261
vn 0.2386 0.0000 0.9711
vn 0.7379 0.0000 0.6749
vn 0.5181 0.0000 -0.8553
vn -0.5920 0.0000 -0.8060
vn -0.9059 0.0000 0.4234
vn 0.2385 0.0000 0.9712
vn 0.4235 0.0000 0.9059
vn 0.1392 -0.3921 -0.9093
vn -0.0408 -0.3920 -0.9190
vn -0.8934 -0.3921 0.2194
vn 0.7414 -0.3921 -0.5446
vn 0.5446 -0.3920 0.7414
vn -0.6788 -0.3920 -0.6209
vn 0.6210 -0.3920 -0.6787
vn -0.4766 -0.3921 0.7869
vn -0.7869 -0.3920 -0.4765
vn -0.2195 -0.3920 -0.8934
vn -0.0416 0.9981 0.0454
vn -0.8334 -0.3920 0.3895
vn 0.6787 -0.3921 0.6209
vn -0.1514 0.0000 0.9885
vn 0.5921 0.0000 0.8059
vn -0.5446 -0.3920 -0.7415
vn 0.8334 -0.3920 -0.3895
vn 0.0409 -0.3920 0.9190
vn 0.2194 -0.3921 0.8934
vn 0.3139 -0.3921 -0.8647
vn 0.7869 -0.3921 0.4766
vn -0.3894 -0.3920 -0.8335
vn -0.1392 -0.3921 0.9093
vn -0.8647 -0.3921 -0.3139
vn -0.9400 0.0000 -0.3413
vn 0.1392 -0.3920 -0.9094
vn 0.9094 -0.3920 0.1392
vn 0.3895 -0.3920 0.8334
vn 0.7415 -0.3920 -0.5446
vn 0.6210 -0.3920 -0.6788
vn -0.7869 -0.3921 -0.4766
vn 0.6788 -0.3921 0.6209
vn 0.3413 0.0000 -0.9399
vn 0.9711 0.0000 -0.2386
vn -0.1512 0.0000 0.9885
vn -0.9711 0.0000 0.2386
vn -0.5446 -0.3921 -0.7414
vn -0.7414 -0.3920 0.5446
vn -0.3895 -0.3920 -0.8334
vn -0.1391 -0.3921 0.9093
vn 0.4766 -0.3921 -0.7869
vn -0.2492 -0.9684 0.0010
vn -0.2670 -0.3646 -0.8921
vn -0.0849 -0.0416 -0.9955
vn -0.0580 -0.0396 -0.9975
vn -0.1122 -0.0766 -0.9907
vn -0.1170 -0.1439 -0.9826
vn -0.3323 -0.4750 -0.8148
vn -0.0326 0.2275 -0.9732
vn 0.0029 -0.1688 -0.9856
vn -0.2407 0.9706 0.0000
vn -0.2407 0.9706 0.0044
vn -0.0109 0.6041 0.7968
vn -0.2169 -0.8635 -0.4553
vn 0.0263 -0.0669 -0.9974
vn 0.9886 -0.1508 0.0000
vn -0.2492 -0.9684 -0.0010
vn -0.2670 -0.3646 0.8921
vn -0.0849 -0.0416 0.9955
vn -0.0580 -0.0396 0.9975
vn -0.1122 -0.0766 0.9907
vn -0.1170 -0.1439 0.9826
vn -0.3323 -0.4750 0.8148
vn -0.0327 0.2275 0.9732
vn 0.0029 -0.1688 0.9856
vn -0.2407 0.9706 -0.0044
vn -0.0109 0.6041 -0.7968
vn -0.2169 -0.8635 0.4553
vn 0.0263 -0.0669 0.9974
vn -0.2146 0.0337 -0.9761
vn -0.9517 0.3068 -0.0101
vn -0.8997 0.3021 -0.3151
vn -0.6056 0.0851 -0.7912
vn -0.2146 0.0337 0.9761
vn -0.9517 0.3068 0.0101
vn -0.8997 0.3021 0.3151
vn -0.6056 0.0851 0.7912
usemtl delorean
s off
f 1476/1/1 6/2/1 5/3/1 1477/4/1
f 6/2/2 8/5/2 7/6/2 5/3/2
f 8/5/3 10/7/3 9/8/3 7/6/3
f 21/9/4 12/10/4 11/11/4 22/12/4
f 12/10/5 14/13/5 13/14/5 11/11/5
f 14/13/6 16/15/6 15/16/6 13/14/6
f 16/15/7 18/17/7 17/18/7 15/16/7
f 18/17/8 20/19/8 19/20/8 17/18/8
f 10/7/9 21/9/9 22/12/9 9/8/9
f 61/21/10 24/22/10 23/23/10 62/24/10
f 115/25/11 116/26/11 25/27/11 19/20/11
f 25/27/12 28/28/12 1308/29/12 27/30/12 19/20/12
f 11/11/13 13/14/13 19/20/13 27/30/13
f 160/31/14 130/32/14 1292/33/14 1293/34/14
f 2/35/15 31/36/15 1291/37/15 1287/38/15
f 2/35/16 1477/4/16 5/3/16 31/36/16
f 32/39/17 34/40/17 33/41/17 29/42/17
f 33/41/7 36/43/7 35/44/7 29/42/7
f 29/42/7 35/44/7 30/45/7
f 33/41/7 37/46/7 38/47/7 36/43/7
f 25/27/18 39/48/18 40/49/18 28/28/18
f 43/50/19 41/51/19 42/52/19 44/53/19
f 25/27/7 43/50/7 44/53/7 39/48/7
f 116/26/20 63/54/20 26/55/20 113/56/20
f 24/22/21 1202/57/21 46/58/21 45/59/21 23/23/21
f 23/23/22 47/60/22 1327/61/22 48/62/22 26/55/22
f 23/23/23 45/59/23 47/60/23
f 114/63/24 113/56/24 26/55/24 48/62/24
f 53/64/25 50/65/25 49/66/25 60/67/25
f 46/58/26 56/68/26 57/69/26 45/59/26
f 56/68/27 55/70/27 58/71/27 57/69/27
f 55/70/28 54/72/28 59/73/28 58/71/28
f 54/72/29 53/64/29 60/67/29 59/73/29
f 23/23/30 26/55/30 63/54/30 62/24/30
f 112/74/31 61/21/31 62/24/31 115/25/31
f 66/75/32 65/76/32 64/77/32 67/78/32
f 61/21/33 66/75/33 67/78/33 24/22/33
f 64/77/34 68/79/34 69/80/34 67/78/34
f 69/80/35 71/81/35 70/82/35 67/78/35
f 67/78/36 70/82/36 24/22/36
f 123/83/37 273/84/37 1235/85/37 1230/86/37
f 94/87/38 293/88/38 1237/89/38 1227/90/38
f 56/68/39 46/58/39 1205/91/39 1204/92/39
f 252/93/40 278/94/40 1236/95/40 1233/96/40
f 127/97/41 123/83/41 1230/86/41 1232/98/41
f 294/99/42 89/100/42 1223/101/42 1238/102/42
f 89/100/43 88/103/43 1224/104/43 1223/101/43
f 102/105/44 103/106/44 1228/107/44 1226/108/44
f 222/109/45 294/99/45 1238/102/45 1269/110/45 1265/111/45
f 50/65/46 85/112/46 87/113/46 49/66/46
f 124/114/47 125/115/47 1231/116/47 1229/117/47
f 83/118/48 88/103/48 89/100/48 84/119/48
f 77/120/7 71/81/7 91/121/7 90/122/7
f 109/123/7 92/124/7 93/125/7 106/126/7
f 103/106/7 104/127/7 94/87/7
f 104/127/7 105/128/7 96/129/7 94/87/7
f 119/130/7 120/131/7 101/132/7 100/133/7
f 118/134/7 119/130/7 100/133/7 99/135/7
f 102/105/7 98/136/7 99/135/7 103/106/7
f 72/137/49 86/138/49 1212/139/49 1213/140/49
f 100/133/7 101/132/7 105/128/7 104/127/7
f 99/135/7 100/133/7 104/127/7 103/106/7
f 64/77/50 65/76/50 98/136/50 102/105/50 68/79/50
f 93/125/7 95/141/7 107/142/7 106/126/7
f 95/141/7 97/143/7 108/144/7 107/142/7
f 117/145/7 109/123/7 106/126/7 118/134/7
f 109/123/51 111/146/51 110/147/51 92/124/51
f 20/19/52 112/74/52 115/25/52 19/20/52
f 41/51/53 43/50/53 113/56/53 114/63/53
f 25/27/54 116/26/54 113/56/54 43/50/54
f 62/24/55 63/54/55 116/26/55 115/25/55
f 112/74/56 20/19/56 110/147/56 111/146/56
f 98/136/7 117/145/7 118/134/7 99/135/7
f 106/126/7 107/142/7 119/130/7 118/134/7
f 107/142/7 108/144/7 120/131/7 119/130/7
f 125/115/57 124/114/57 121/148/57 126/149/57
f 82/150/58 81/151/58 1222/152/58 1217/153/58
f 333/154/59 338/155/59 127/97/59 74/156/59
f 278/94/60 124/114/60 1229/117/60 1236/95/60
f 87/113/61 125/115/61 126/149/61 49/66/61
f 1478/157/62 1479/158/62 133/159/62 134/160/62
f 134/160/62 133/159/62 135/161/62 136/162/62
f 136/162/62 135/161/62 137/163/62 138/164/62
f 141/165/62 142/166/62 139/167/62 140/168/62
f 140/168/62 139/167/62 143/169/62 144/170/62
f 144/170/62 143/169/62 145/171/62 146/172/62
f 146/172/62 145/171/62 147/173/62 148/174/62
f 148/174/62 147/173/62 149/175/62 150/176/62
f 138/164/62 137/163/62 142/166/62 141/165/62
f 196/177/62 154/178/62 151/179/62 152/180/62
f 197/181/62 149/175/62 157/182/62 198/183/62
f 157/182/62 149/175/62 158/184/62 159/185/62
f 139/167/62 158/184/62 149/175/62 143/169/62
f 131/186/62 130/32/62 160/31/62 161/187/62
f 131/186/62 161/187/62 162/188/62 163/189/62
f 131/186/62 163/189/62 133/159/62 1479/158/62
f 162/188/62 161/187/62 164/190/62 165/191/62
f 164/190/62 161/187/62 166/192/62 167/193/62
f 161/187/62 160/31/62 166/192/62
f 164/190/62 167/193/62 168/194/62 169/195/62
f 157/182/62 159/185/62 170/196/62 171/197/62
f 174/198/62 175/199/62 172/200/62 173/201/62
f 157/182/62 171/197/62 175/199/62 174/198/62
f 198/183/62 176/202/62 156/203/62 155/204/62
f 152/180/62 151/179/62 177/205/62 178/206/62
f 151/179/62 156/203/62 179/207/62 180/208/62
f 151/179/62 180/208/62 177/205/62
f 181/209/62 179/207/62 156/203/62 176/202/62
f 190/210/62 185/211/62 182/212/62 183/213/62
f 340/214/63 339/215/63 186/216/63 187/217/63
f 178/206/62 177/205/62 193/218/62 184/219/62
f 184/219/62 193/218/62 194/220/62 192/221/62
f 192/221/62 194/220/62 195/222/62 191/223/62
f 191/223/62 195/222/62 185/211/62 190/210/62
f 151/179/62 154/178/62 155/204/62 156/203/62
f 153/224/62 197/181/62 154/178/62 196/177/62
f 201/225/62 202/226/62 199/227/62 200/228/62
f 196/177/62 152/180/62 202/226/62 201/225/62
f 199/227/62 202/226/62 203/229/62 204/230/62
f 203/229/62 202/226/62 205/231/62 206/232/62
f 202/226/62 152/180/62 205/231/62
f 178/206/62 206/232/62 205/231/62 152/180/62
f 340/214/64 187/217/64 209/233/64 341/234/64
f 188/235/62 210/236/62 212/237/62 207/238/62
f 188/235/62 211/239/62 189/240/62 210/236/62
f 178/206/62 184/219/62 214/241/62 215/242/62
f 192/221/62 191/223/62 218/243/62 219/244/62
f 190/210/62 183/213/62 216/245/62 217/246/62
f 184/219/62 192/221/62 219/244/62 214/241/62
f 191/223/62 190/210/62 217/246/62 218/243/62
f 178/206/62 215/242/62 206/232/62
f 183/213/62 208/247/62 216/245/62
f 324/248/65 308/249/65 220/250/65 221/251/65
f 183/213/62 182/212/62 211/239/62 188/235/62
f 183/213/62 188/235/62 207/238/62 208/247/62
f 221/251/62 220/250/62 222/109/62 223/252/62
f 82/150/7 77/120/7 1244/253/7 1243/254/7
f 215/242/62 225/255/62 224/256/62 206/232/62
f 247/257/62 229/258/62 226/259/62 227/260/62
f 238/261/62 222/109/62 232/262/62 240/263/62
f 240/263/62 232/262/62 235/264/62 242/265/62
f 245/266/62 241/267/62 243/268/62 246/269/62
f 244/270/62 239/271/62 241/267/62 245/266/62
f 228/272/62 238/261/62 239/271/62 237/273/62
f 223/252/62 222/109/62 238/261/62 228/272/62
f 241/267/62 240/263/62 242/265/62 243/268/62
f 239/271/62 238/261/62 240/263/62 241/267/62
f 199/227/62 204/230/62 228/272/62 237/273/62 200/228/62
f 226/259/62 229/258/62 230/274/62 231/275/62
f 231/275/62 230/274/62 233/276/62 234/277/62
f 236/278/62 244/270/62 229/258/62 247/257/62
f 247/257/62 227/260/62 248/279/62 249/280/62
f 150/176/62 149/175/62 197/181/62 153/224/62
f 173/201/62 181/209/62 176/202/62 174/198/62
f 157/182/62 174/198/62 176/202/62 198/183/62
f 154/178/62 197/181/62 198/183/62 155/204/62
f 153/224/62 249/280/62 248/279/62 150/176/62
f 237/273/62 239/271/62 244/270/62 236/278/62
f 229/258/62 244/270/62 245/266/62 230/274/62
f 230/274/62 245/266/62 246/269/62 233/276/62
f 254/281/62 255/282/62 253/283/62 252/93/62
f 256/284/62 254/281/62 252/93/62 250/285/62
f 344/286/62 256/284/62 250/285/62 343/287/62
f 339/215/62 189/240/62 256/284/62 344/286/62
f 189/240/62 211/239/62 254/281/62 256/284/62
f 211/239/62 182/212/62 255/282/62 254/281/62
f 68/79/66 102/105/66 228/272/66 204/230/66
f 259/288/67 258/289/67 162/188/67 165/191/67
f 90/122/7 91/121/7 1249/290/7 1250/291/7
f 15/16/68 17/18/68 147/173/68 145/171/68
f 261/292/69 260/293/69 214/241/69 219/244/69
f 65/76/70 66/75/70 201/225/70 200/228/70
f 263/294/71 262/295/71 225/255/71 215/242/71
f 265/296/72 264/297/72 167/193/72 166/192/72
f 1/298/73 270/299/73 1313/300/73 1310/301/73
f 346/302/74 272/303/74 251/304/74 343/287/74
f 275/305/75 274/306/75 182/212/75 185/211/75
f 277/307/76 276/308/76 233/276/76 246/269/76
f 102/105/77 88/103/77 223/252/77 228/272/77
f 17/18/78 19/20/78 149/175/78 147/173/78
f 69/80/79 68/79/79 204/230/79 203/229/79
f 87/113/80 85/112/80 1206/309/80 1214/310/80
f 280/311/81 279/312/81 187/217/81 186/216/81
f 282/313/82 281/314/82 1493/315/82 1492/316/82
f 283/317/83 278/94/83 252/93/83 253/283/83
f 284/318/84 265/296/84 166/192/84 160/31/84
f 286/319/85 285/320/85 142/166/85 137/163/85
f 289/321/86 288/322/86 169/195/86 168/194/86
f 290/323/87 267/324/87 226/259/87 231/275/87
f 291/325/88 283/317/88 253/283/88 255/282/88
f 288/322/89 292/326/89 164/190/89 169/195/89
f 55/70/39 56/68/39 1204/92/39 1210/327/39
f 132/328/62 1478/157/62 1481/329/62 1482/330/62
f 71/81/90 69/80/90 203/229/90 206/232/90
f 264/297/91 289/321/91 168/194/91 167/193/91
f 276/308/76 296/331/76 234/277/76 233/276/76
f 298/332/92 297/333/92 216/245/92 208/247/92
f 111/146/93 109/123/93 247/257/93 249/280/93
f 301/334/94 300/335/94 171/197/94 170/196/94
f 296/331/95 290/323/95 231/275/95 234/277/95
f 293/88/96 303/336/96 235/264/96 232/262/96
f 304/337/97 295/338/97 1490/339/97 1496/340/97
f 274/306/98 291/325/98 255/282/98 182/212/98
f 306/341/99 305/342/99 193/218/99 177/205/99
f 61/21/100 112/74/100 153/224/100 196/177/100
f 307/343/101 301/334/101 170/196/101 159/185/101
f 117/145/102 98/136/102 237/273/102 236/278/102
f 310/344/103 309/345/103 135/161/103 133/159/103
f 311/346/104 298/332/104 208/247/104 207/238/104
f 305/342/105 312/347/105 194/220/105 193/218/105
f 314/348/106 313/349/106 173/201/106 172/200/106
f 312/347/107 315/350/107 195/222/107 194/220/107
f 313/349/108 316/351/108 181/209/108 173/201/108
f 317/352/109 307/343/109 159/185/109 158/184/109
f 318/353/110 304/337/110 1496/340/110 1495/354/110
f 319/355/111 209/233/111 364/356/111 366/357/111
f 315/350/112 275/305/112 185/211/112 195/222/112
f 320/358/113 314/348/113 172/200/113 175/199/113
f 322/359/76 321/360/76 243/268/76 242/265/76
f 309/345/114 286/319/114 137/163/114 135/161/114
f 300/335/115 320/358/115 175/199/115 171/197/115
f 323/361/116 317/352/116 158/184/116 139/167/116
f 281/314/82 318/353/82 1495/354/82 1493/315/82
f 19/20/117 13/14/117 143/169/117 149/175/117
f 285/320/118 323/361/118 139/167/118 142/166/118
f 284/318/119 160/31/119 1293/34/119 1295/362/119
f 326/363/120 282/313/120 1492/316/120 1494/364/120
f 345/365/121 325/366/121 213/367/121 342/368/121
f 112/74/122 111/146/122 249/280/122 153/224/122
f 302/369/123 269/370/123 150/176/123 248/279/123
f 303/336/76 322/359/76 242/265/76 235/264/76
f 258/289/124 327/371/124 163/189/124 162/188/124
f 109/123/125 117/145/125 236/278/125 247/257/125
f 329/372/126 328/373/126 180/208/126 179/207/126
f 308/249/127 294/99/127 222/109/127 220/250/127
f 330/374/128 326/363/128 1494/364/128 144/170/128 146/172/128
f 260/293/69 263/294/69 215/242/69 214/241/69
f 13/14/129 15/16/129 145/171/129 143/169/129
f 297/333/69 331/375/69 217/246/69 216/245/69
f 327/371/130 310/344/130 133/159/130 163/189/130
f 331/375/69 332/376/69 218/243/69 217/246/69
f 66/75/131 61/21/131 196/177/131 201/225/131
f 321/360/76 277/307/76 246/269/76 243/268/76
f 328/373/132 306/341/132 177/205/132 180/208/132
f 98/136/133 65/76/133 200/228/133 237/273/133
f 292/326/134 259/288/134 165/191/134 164/190/134
f 268/377/135 330/374/135 146/172/135 148/174/135
f 332/376/69 261/292/69 219/244/69 218/243/69
f 316/351/108 329/372/108 179/207/108 181/209/108
f 311/346/136 325/366/136 76/378/136 75/379/136 86/138/136
f 84/119/137 83/118/137 75/379/137 76/378/137
f 212/237/138 213/367/138 325/366/138 311/346/138 207/238/138
f 114/63/139 48/62/139 329/372/139 316/351/139
f 260/293/62 261/292/62 1255/380/62 1260/381/62
f 18/17/135 16/15/135 330/374/135 268/377/135
f 33/41/134 34/40/134 259/288/134 292/326/134
f 47/60/140 45/59/140 306/341/140 328/373/140
f 101/132/76 120/131/76 277/307/76 321/360/76
f 263/294/62 260/293/62 1260/381/62 1257/382/62
f 31/36/141 5/3/141 310/344/141 327/371/141
f 86/138/142 72/137/142 1242/383/142 1241/384/142
f 262/295/62 263/294/62 1257/382/62 1256/385/62
f 16/15/128 14/13/128 326/363/128 330/374/128
f 84/119/127 89/100/127 294/99/127 308/249/127
f 48/62/143 1327/61/143 47/60/143 328/373/143 329/372/143
f 32/39/144 31/36/144 327/371/144 258/289/144
f 96/129/76 105/128/76 322/359/76 303/336/76
f 110/147/123 20/19/123 269/370/123 302/369/123
f 336/386/121 76/378/121 325/366/121 345/365/121
f 14/13/120 12/10/120 282/313/120 326/363/120
f 1/298/145 2/35/145 1287/38/145 1286/387/145
f 22/12/146 11/11/146 323/361/146 285/320/146
f 21/9/82 10/7/82 318/353/82 281/314/82
f 11/11/147 27/30/147 317/352/147 323/361/147
f 39/48/115 44/53/115 320/358/115 300/335/115
f 7/6/148 9/8/148 286/319/148 309/345/148
f 105/128/76 101/132/76 321/360/76 322/359/76
f 44/53/113 42/52/113 314/348/113 320/358/113
f 59/73/149 60/67/149 275/305/149 315/350/149
f 10/7/110 8/5/110 304/337/110 318/353/110
f 27/30/150 1308/29/150 28/28/150 307/343/150 317/352/150
f 41/51/151 114/63/151 316/351/151 313/349/151
f 58/71/152 59/73/152 315/350/152 312/347/152
f 42/52/153 41/51/153 313/349/153 314/348/153
f 57/69/154 58/71/154 312/347/154 305/342/154
f 261/292/62 332/376/62 1263/388/62 1255/380/62
f 5/3/155 7/6/155 309/345/155 310/344/155
f 28/28/156 40/49/156 301/334/156 307/343/156
f 45/59/157 57/69/157 305/342/157 306/341/157
f 49/66/158 126/149/158 291/325/158 274/306/158
f 8/5/97 6/2/97 295/338/97 304/337/97
f 94/87/96 96/129/96 303/336/96 293/88/96
f 97/143/95 95/141/95 290/323/95 296/331/95
f 40/49/159 39/48/159 300/335/159 301/334/159
f 331/375/62 297/333/62 1261/389/62 1262/390/62
f 108/144/76 97/143/76 296/331/76 276/308/76
f 36/43/91 38/47/91 289/321/91 264/297/91
f 1476/1/160 4/391/160 287/392/160 1480/393/160
f 81/151/58 80/394/58 1221/395/58 1222/152/58
f 37/46/89 33/41/89 292/326/89 288/322/89
f 126/149/161 121/148/161 283/317/161 291/325/161
f 95/141/87 93/125/87 267/324/87 290/323/87
f 38/47/86 37/46/86 288/322/86 289/321/86
f 9/8/162 22/12/162 285/320/162 286/319/162
f 30/45/84 35/44/84 265/296/84 284/318/84
f 121/148/163 124/114/163 278/94/163 283/317/163
f 12/10/82 21/9/82 281/314/82 282/313/82
f 86/138/164 1203/396/164 1240/397/164 1212/139/164
f 120/131/76 108/144/76 276/308/76 277/307/76
f 60/67/165 49/66/165 274/306/165 275/305/165
f 337/398/166 122/399/166 272/303/166 346/302/166
f 271/400/167 3/401/167 1309/402/167 1314/403/167
f 35/44/72 36/43/72 264/297/72 265/296/72
f 297/333/62 298/332/62 1258/404/62 1261/389/62
f 72/137/7 78/405/7 1245/406/7 1242/383/7
f 34/40/168 32/39/168 258/289/168 259/288/168
f 83/118/65 84/119/65 308/249/65 324/248/65
f 325/366/169 311/346/169 324/248/169 308/249/169
f 76/378/170 325/366/170 308/249/170 84/119/170
f 311/346/171 75/379/171 83/118/171 324/248/171
f 123/83/172 337/398/172 346/302/172 273/84/172
f 273/84/173 346/302/173 343/287/173 250/285/173
f 186/216/62 339/215/62 344/286/62 257/407/62
f 257/407/62 344/286/62 343/287/62 251/304/62
f 212/237/62 341/234/62 342/368/62 213/367/62
f 210/236/62 340/214/62 341/234/62 212/237/62
f 210/236/62 189/240/62 339/215/62 340/214/62
f 75/379/174 76/378/174 336/386/174 335/408/174
f 73/409/175 1203/396/175 75/379/175 335/408/175 334/410/175
f 73/409/176 334/410/176 333/154/176 74/156/176
f 341/234/177 209/233/177 342/368/177
f 186/216/178 257/407/178 352/411/178 353/412/178
f 342/368/179 209/233/179 357/413/179 361/414/179
f 209/233/180 319/355/180 356/415/180 357/413/180
f 209/233/181 187/217/181 363/416/181 364/356/181
f 408/417/182 403/418/182 375/419/182 385/420/182
f 402/421/69 404/422/69 376/423/69 372/424/69
f 409/425/182 408/417/182 385/420/182 390/426/182
f 410/427/182 409/425/182 390/426/182 396/428/182
f 396/428/7 390/426/7 391/429/7 397/430/7
f 398/431/62 392/432/62 395/433/62 401/434/62
f 376/423/62 398/431/62 401/434/62 372/435/62
f 374/436/7 396/428/7 397/430/7 378/437/7
f 402/438/182 410/427/182 396/428/182 374/436/182
f 372/439/182 401/440/182 410/427/182 402/438/182
f 401/440/182 395/441/182 409/425/182 410/427/182
f 395/441/182 384/442/182 408/417/182 409/425/182
f 374/443/69 378/437/69 404/422/69 402/421/69
f 384/442/182 373/444/182 403/418/182 408/417/182
f 401/445/183 410/446/183 396/447/183 418/448/183 419/449/183 417/450/183
f 423/451/184 428/452/184 494/453/184 493/454/184
f 428/452/184 420/455/184 497/456/184 496/457/184
f 437/458/184 425/459/184 477/460/184 478/461/184
f 425/459/184 437/458/184 464/462/184 465/463/184
f 437/458/184 426/464/184 468/465/184 470/466/184
f 453/467/185 455/468/185 527/469/185 525/470/185
f 432/471/184 423/451/184 449/472/184 448/473/184
f 493/454/62 494/453/62 566/474/62 565/475/62
f 507/476/185 506/477/185 578/478/185 579/479/185
f 455/480/62 454/481/62 526/482/62 527/483/62
f 441/484/186 425/459/186 460/485/186 462/486/186
f 425/459/184 430/487/184 461/488/184 460/485/184
f 492/489/185 493/490/185 565/491/185 564/492/185
f 446/493/184 430/494/184 466/495/184 467/496/184
f 437/458/184 446/497/184 467/498/184 464/462/184
f 430/487/184 425/459/184 465/463/184 466/499/184
f 505/500/7 507/476/7 579/479/7 577/501/7
f 435/502/186 446/493/186 471/503/186 469/504/186
f 426/505/184 435/502/184 469/504/184 468/506/184
f 446/497/184 437/458/184 470/466/184 471/507/184
f 454/481/187 452/508/187 524/509/187 526/482/187
f 426/464/184 437/458/184 474/510/184 473/511/184
f 467/496/185 466/495/185 538/512/185 539/513/185
f 506/477/62 504/514/62 576/515/62 578/478/62
f 425/459/184 441/484/184 482/516/184 481/517/184
f 452/508/7 453/518/7 525/519/7 524/509/7
f 518/520/185 519/521/185 591/522/185 590/523/185
f 464/462/7 467/498/7 539/524/7 536/525/7
f 504/526/187 505/527/187 577/528/187 576/529/187
f 519/521/62 516/530/62 588/531/62 591/522/62
f 466/499/188 465/463/188 537/532/188 538/533/188
f 476/534/187 479/535/187 551/536/187 548/537/187
f 517/538/7 518/539/7 590/540/7 589/541/7
f 465/463/187 464/462/187 536/525/187 537/532/187
f 537/532/184 536/525/184 539/524/184 538/533/184
f 542/542/184 540/543/184 541/544/184 543/545/184
f 495/546/7 492/489/7 564/492/7 567/547/7
f 480/548/7 481/517/7 553/549/7 552/550/7
f 494/551/187 495/546/187 567/547/187 566/552/187
f 481/517/185 482/516/185 554/553/185 553/549/185
f 482/516/62 483/554/62 555/555/62 554/553/62
f 468/506/189 469/504/189 541/556/189 540/557/189
f 483/554/187 480/548/187 552/550/187 555/555/187
f 470/466/187 468/465/187 540/543/187 542/542/187
f 508/558/187 509/559/187 581/560/187 580/561/187
f 471/507/62 470/466/62 542/542/62 543/545/62
f 457/562/187 456/563/187 528/564/187 529/565/187
f 509/566/7 510/567/7 582/568/7 581/569/7
f 469/504/185 471/503/185 543/570/185 541/556/185
f 458/571/62 457/562/62 529/565/62 530/572/62
f 511/573/62 508/574/62 580/575/62 583/576/62
f 496/457/62 497/456/62 569/577/62 568/578/62
f 456/563/189 459/579/189 531/580/189 528/564/189
f 510/567/185 511/573/185 583/576/185 582/568/185
f 497/456/187 498/581/187 570/582/187 569/577/187
f 459/583/185 458/584/185 530/585/185 531/586/185
f 498/587/7 499/588/7 571/589/7 570/590/7
f 485/591/62 484/592/62 556/593/62 557/594/62
f 499/588/185 496/595/185 568/596/185 571/589/185
f 486/597/185 485/591/185 557/594/185 558/598/185
f 487/599/189 486/597/189 558/598/189 559/600/189
f 472/601/7 473/602/7 545/603/7 544/604/7
f 484/592/187 487/599/187 559/600/187 556/593/187
f 473/511/185 474/510/185 546/605/185 545/606/185
f 512/607/187 513/608/187 585/609/187 584/610/187
f 474/510/62 475/611/62 547/612/62 546/605/62
f 460/485/7 461/488/7 533/613/7 532/614/7
f 514/615/62 512/616/62 584/617/62 586/618/62
f 475/611/187 472/619/187 544/620/187 547/612/187
f 462/486/187 460/485/187 532/614/187 534/621/187
f 513/622/189 515/623/189 587/624/189 585/625/189
f 500/626/187 501/627/187 573/628/187 572/629/187
f 463/630/62 462/486/62 534/621/62 535/631/62
f 515/623/185 514/615/185 586/618/185 587/624/185
f 448/473/62 449/472/62 521/632/62 520/633/62
f 501/634/7 502/635/7 574/636/7 573/637/7
f 461/638/185 463/639/185 535/640/185 533/641/185
f 449/642/187 450/643/187 522/644/187 521/645/187
f 503/646/62 500/647/62 572/648/62 575/649/62
f 488/650/7 489/651/7 561/652/7 560/653/7
f 450/643/7 451/654/7 523/655/7 522/644/7
f 502/635/185 503/646/185 575/649/185 574/636/185
f 489/651/185 490/656/185 562/657/185 561/652/185
f 451/658/185 448/473/185 520/633/185 523/659/185
f 490/656/62 491/660/62 563/661/62 562/657/62
f 477/460/62 476/534/62 548/537/62 549/662/62
f 491/660/187 488/650/187 560/653/187 563/661/187
f 478/461/185 477/460/185 549/662/185 550/663/185
f 516/664/187 517/538/187 589/541/187 588/665/187
f 479/535/7 478/461/7 550/663/7 551/536/7
f 172/200/190 253/283/190 283/317/190 314/348/190
f 259/288/191 301/334/191 170/196/191 165/191/191
f 74/156/192 127/97/192 1232/98/192 1215/666/192
f 273/84/193 250/285/193 1234/667/193 1235/85/193
f 71/81/7 1202/57/7 24/22/7 70/82/7
f 1203/396/194 86/138/194 75/379/194
f 1270/668/195 1272/669/195 1282/670/195 1284/671/195
f 71/81/196 91/121/196 1225/672/196 1211/673/196
f 102/674/197 71/675/197 1211/676/197 1226/677/197
f 1264/678/198 1268/679/198 1283/680/198 1275/681/198
f 73/409/199 74/156/199 1215/666/199 1216/682/199
f 71/81/200 77/120/200 1218/683/200 1211/673/200
f 91/684/201 88/685/201 1224/686/201 1225/687/201
f 85/112/202 50/65/202 1207/688/202 1206/309/202
f 78/405/203 72/137/203 1213/140/203 1219/689/203
f 103/106/204 94/87/204 1227/90/204 1228/107/204
f 46/58/205 1202/57/205 1239/690/205 1205/91/205
f 77/120/58 82/150/58 1217/153/58 1218/683/58
f 250/285/206 252/93/206 1233/96/206 1234/667/206
f 50/65/207 53/64/207 1208/691/207 1207/688/207
f 125/115/208 87/113/208 1214/310/208 1231/116/208
f 1202/57/209 71/81/209 1211/673/209 1239/690/209
f 79/692/210 78/405/210 1219/689/210 1220/693/210
f 53/64/211 54/72/211 1209/694/211 1208/691/211
f 1203/396/212 73/409/212 1216/682/212 1240/397/212
f 80/394/213 79/692/213 1220/693/213 1221/395/213
f 54/72/39 55/70/39 1210/327/39 1209/694/39
f 1249/290/214 1252/695/214 1253/696/214 1256/385/214 1250/291/214
f 1249/290/215 1251/697/215 1254/698/215 1252/695/215
f 1247/699/69 1248/700/69 1255/380/69 1263/388/69
f 1246/701/69 1247/699/69 1263/388/69 1262/390/69
f 1245/406/69 1246/701/69 1262/390/69 1261/389/69
f 1243/254/69 1244/253/69 1257/382/69 1260/381/69
f 1241/384/104 1242/383/104 1258/404/104 1259/702/104
f 1242/383/92 1245/406/92 1261/389/92 1258/404/92
f 1244/253/71 1250/291/71 1256/385/71 1257/382/71
f 1248/700/69 1243/254/69 1260/381/69 1255/380/69
f 311/346/216 86/138/216 1241/384/216 1259/702/216
f 91/121/7 71/81/7 1251/697/7 1249/290/7
f 78/405/217 79/692/217 1246/701/217 1245/406/217
f 224/256/62 225/255/62 1253/696/62 1252/695/62
f 71/81/218 206/232/218 1254/698/218 1251/697/218
f 298/332/62 311/346/62 1259/702/62 1258/404/62
f 225/255/216 262/295/216 1256/385/216 1253/696/216
f 77/120/7 90/122/7 1250/291/7 1244/253/7
f 79/692/219 80/394/219 1247/699/219 1246/701/219
f 206/232/62 224/256/62 1252/695/62 1254/698/62
f 332/376/62 331/375/62 1262/390/62 1263/388/62
f 80/394/7 81/151/7 1248/700/7 1247/699/7
f 81/151/7 82/150/7 1243/254/7 1248/700/7
f 1285/703/220 1281/704/220 1278/705/220 1276/706/220
f 1271/707/221 1266/708/221 1279/709/221 1280/710/221
f 293/88/222 232/262/222 1267/711/222 1273/712/222 1237/89/222
f 232/262/223 222/109/223 1265/111/223 1267/711/223
f 1268/679/224 1269/110/224 1270/668/224
f 1271/707/225 1272/669/225 1273/712/225
f 1274/713/226 1275/681/226 1276/706/226
f 1277/714/227 1278/705/227 1279/709/227
f 1280/710/228 1281/704/228 1282/670/228
f 1283/680/229 1284/671/229 1285/703/229
f 1273/712/230 1267/711/230 1266/708/230 1271/707/230
f 1265/111/231 1269/110/231 1268/679/231 1264/678/231
f 1272/669/232 1270/668/232 1269/110/232 1273/712/232
f 1276/706/233 1278/705/233 1277/714/233 1274/713/233
f 1280/710/234 1279/709/234 1278/705/234 1281/704/234
f 1275/681/235 1283/680/235 1285/703/235 1276/706/235
f 1281/704/236 1285/703/236 1284/671/236 1282/670/236
f 1271/707/237 1280/710/237 1282/670/237 1272/669/237
f 1283/680/238 1268/679/238 1270/668/238 1284/671/238
f 1274/713/239 1265/111/239 1264/678/239 1275/681/239
f 1267/711/240 1277/714/240 1279/709/240 1266/708/240
f 1267/711/62 1265/111/62 1274/713/62 1277/714/62
f 130/32/241 270/299/241 1294/715/241 1292/33/241
f 30/45/119 284/318/119 1295/362/119 1288/716/119
f 32/39/242 29/42/242 1289/717/242 1290/718/242
f 29/42/243 30/45/243 1288/716/243 1289/717/243
f 270/299/244 1/298/244 1286/387/244 1294/715/244
f 31/36/245 32/39/245 1290/718/245 1291/37/245
f 7/6/246 5/3/246 1296/719/246 1297/720/246
f 32/39/247 34/40/247 1305/721/247 1304/722/247
f 27/30/248 11/11/248 1299/723/248 1301/724/248
f 28/28/249 1308/29/249 1307/725/249 1302/726/249
f 40/49/250 28/28/250 1302/726/250 1306/727/250
f 5/3/251 31/36/251 1303/728/251 1296/719/251
f 32/39/252 31/36/252 1303/728/252 1304/722/252
f 11/11/253 22/12/253 1300/729/253 1299/723/253
f 9/8/254 7/6/254 1297/720/254 1298/730/254
f 22/12/255 9/8/255 1298/730/255 1300/729/255
f 1307/725/256 1308/29/256 27/30/256 1301/724/256
f 1314/403/257 1313/300/257 1312/731/257 1311/732/257
f 1309/402/258 1310/301/258 1313/300/258 1314/403/258
f 129/733/259 271/400/259 1314/403/259 1311/732/259
f 3/401/260 1/298/260 1310/301/260 1309/402/260
f 270/299/261 130/32/261 1312/731/261 1313/300/261
f 57/69/262 45/59/262 1315/734/262 1319/735/262
f 58/71/263 57/69/263 1319/735/263 1320/736/263
f 45/59/264 47/60/264 1316/737/264 1315/734/264
f 47/60/265 1327/61/265 1326/738/265 1316/737/265
f 59/73/266 58/71/266 1320/736/266 1321/739/266
f 49/66/267 60/67/267 1322/740/267 1318/741/267
f 121/148/268 126/149/268 1325/742/268 1324/743/268
f 48/62/269 114/63/269 1323/744/269 1317/745/269
f 126/149/270 49/66/270 1318/741/270 1325/742/270
f 60/67/271 59/73/271 1321/739/271 1322/740/271
f 1326/738/272 1327/61/272 48/62/272 1317/745/272
f 42/746/273 1323/747/273 114/748/273 41/749/273
f 1331/750/62 24/751/62 1339/752/62 1347/753/62
f 1328/754/62 1329/755/62 1345/756/62 1344/757/62
f 26/55/62 113/56/62 1343/758/62 1340/759/62
f 25/27/274 19/20/274 1336/760/274 1341/761/274
f 26/55/62 23/23/62 1338/762/62 1340/759/62
f 43/763/62 1334/764/62 1350/765/62 1342/766/62
f 1339/767/275 1338/762/275 1354/768/275 1355/769/275
f 1346/770/276 1348/771/276 1364/772/276 1362/773/276
f 1345/756/277 1337/774/277 1353/775/277 1361/776/277
f 1337/777/278 1336/760/278 1352/778/278 1353/779/278
f 1346/770/279 1347/753/279 1363/780/279 1362/773/279
f 1347/753/280 1339/752/280 1355/781/280 1363/780/280
f 1330/782/62 1331/750/62 1347/753/62 1346/770/62
f 1329/755/62 20/783/62 1337/774/62 1345/756/62
f 24/22/62 23/23/62 1338/762/62 1339/767/62
f 1330/782/62 1333/784/62 1348/771/62 1346/770/62
f 1328/754/62 1332/785/62 1349/786/62 1344/757/62
f 20/19/281 19/20/281 1336/760/281 1337/777/281
f 1334/764/62 1332/785/62 1349/786/62 1350/765/62
f 25/27/62 43/50/62 1342/787/62 1341/761/62
f 113/788/62 1335/789/62 1351/790/62 1343/791/62
f 1335/789/62 1333/784/62 1348/771/62 1351/790/62
f 1356/792/62 1354/768/62 1362/793/62 1364/794/62
f 1355/769/7 1354/768/7 1362/793/7 1363/795/7
f 1353/779/62 1352/778/62 1360/796/62 1361/797/62
f 1357/798/7 1352/778/7 1360/796/7 1365/799/7
f 1356/792/7 1359/800/7 1367/801/7 1364/794/7
f 1357/798/62 1358/802/62 1366/803/62 1365/799/62
f 1344/757/282 1349/786/282 1365/804/282 1360/805/282
f 1340/759/283 1338/762/283 1354/768/283 1356/792/283
f 1350/765/115 1349/786/115 1365/804/115 1366/806/115
f 1341/761/284 1336/760/284 1352/778/284 1357/798/284
f 1343/791/285 1351/790/285 1367/807/285 1359/808/285
f 1351/790/286 1348/771/286 1364/772/286 1367/807/286
f 1341/761/69 1342/787/69 1358/802/69 1357/798/69
f 1342/766/287 1350/765/287 1366/806/287 1358/809/287
f 1340/759/288 1343/758/288 1359/800/288 1356/792/288
f 1344/757/289 1345/756/289 1361/776/289 1360/805/289
f 1376/810/290 1371/811/290 1387/812/290 1386/813/290
f 1382/814/291 1383/815/291 1385/816/291 1384/817/291
f 1387/812/292 1382/814/292 1384/817/292 1386/813/292
f 1403/818/111 1401/819/111 1475/820/111 1473/821/111 1471/822/111 1469/823/111 1467/824/111 1465/825/111 1463/826/111 1461/827/111 1459/828/111 1457/829/111 1455/830/111 1453/831/111 1451/832/111 1449/833/111 1447/834/111 1445/835/111 1443/836/111 1441/837/111 1439/838/111 1437/839/111 1435/840/111 1433/841/111 1431/842/111 1429/843/111 1427/844/111 1425/845/111 1423/846/111 1421/847/111 1419/848/111 1417/849/111 1415/850/111 1413/851/111 1411/852/111 1409/853/111 1407/854/111 1405/855/111
f 1400/856/293 1402/857/293 1404/858/293 1406/859/293 1408/860/293 1410/861/293 1412/862/293 1414/863/293 1416/864/293 1418/865/293 1420/866/293 1422/867/293 1424/868/293 1426/869/293 1428/870/293 1430/871/293 1432/872/293 1434/873/293 1436/874/293 1438/875/293 1440/876/293 1442/877/293 1444/878/293 1446/879/293 1448/880/293 1450/881/293 1452/882/293 1454/883/293 1456/884/293 1458/885/293 1460/886/293 1462/887/293 1464/888/293 1466/889/293 1468/890/293 1470/891/293 1472/892/293 1474/893/293
f 6/2/160 1476/1/160 1480/393/160 295/338/160
f 295/338/160 1480/393/160 1489/894/160 1490/339/160
f 132/328/62 131/186/62 1479/158/62 1478/157/62
f 4/391/294 1476/1/294 1477/4/294 2/35/294
f 1481/329/62 1491/895/62 1484/896/62 1488/897/62 1497/898/62 1485/899/62
f 287/392/62 132/328/62 1482/330/62 1483/900/62
f 1478/157/62 1489/894/62 1480/393/62 1484/896/62 1491/895/62 1481/329/62
f 1480/393/62 287/392/62 1483/900/62 1484/896/62
f 1488/897/160 1487/901/160 1486/902/160 1485/899/160 1497/898/160
f 1483/900/62 1482/330/62 1486/902/62 1487/901/62
f 1484/896/62 1483/900/62 1487/901/62 1488/897/62
f 1482/330/62 1481/329/62 1485/899/62 1486/902/62
f 1493/315/82 1495/354/82 138/164/82 141/165/82
f 1494/364/120 1492/316/120 140/168/120 144/170/120
f 1490/339/160 1489/894/160 1478/157/160 134/160/160
f 1492/316/82 1493/315/82 141/165/82 140/168/82
f 1495/354/110 1496/340/110 136/162/110 138/164/110
f 1496/340/97 1490/339/97 134/160/97 136/162/97
f 1506/903/69 1500/904/69 1501/905/69 1507/906/69
f 1510/907/69 1506/903/69 1507/906/69 1512/908/69
f 1498/909/69 1510/907/69 1512/908/69 1499/910/69
f 1514/911/69 1516/912/69 1518/913/69 1520/914/69 1522/915/69 1524/916/69 1526/917/69 1528/918/69 1530/919/69 1532/920/69 1534/921/69 1536/922/69 1538/923/69 1540/924/69 1542/925/69 1544/926/69 1546/927/69 1548/928/69 1550/929/69 1552/930/69 1554/931/69 1556/932/69 1558/933/69 1560/934/69 1562/935/69 1564/936/69 1566/937/69 1568/938/69 1570/939/69 1572/940/69 1574/941/69 1576/942/69
f 1706/943/69 1708/944/69 1710/945/69 1712/946/69 1714/947/69 1716/948/69 1718/949/69 1720/950/69 1722/951/69 1724/952/69 1726/953/69 1728/954/69 1730/955/69 1732/956/69 1734/957/69 1736/958/69 1738/959/69 1740/960/69 1742/961/69 1744/962/69 1746/963/69 1748/964/69 1750/965/69 1752/966/69 1754/967/69 1756/968/69 1758/969/69 1760/970/69 1762/971/69 1764/972/69 1766/973/69 1768/974/69
f 1902/975/69 1898/976/69 1899/977/69 1903/978/69
f 1906/979/69 1908/980/69 1910/981/69 1912/982/69 1914/983/69 1916/984/69 1918/985/69 1920/986/69 1922/987/69 1924/988/69 1926/989/69 1928/990/69 1930/991/69 1932/992/69 1934/993/69 1936/994/69 1938/995/69 1940/996/69 1942/997/69 1944/998/69 1946/999/69 1948/1000/69 1950/1001/69 1952/1002/69 1954/1003/69 1956/1004/69 1958/1005/69 1960/1006/69 1962/1007/69 1964/1008/69 1966/1009/69 1968/1010/69
f 2098/1011/295 2100/1012/295 2101/1013/295 2099/1014/295
f 2100/1012/62 2098/1011/62 2103/1015/62 2102/1016/62
f 2101/1013/296 2100/1012/296 2102/1016/296 2105/1017/296
f 2098/1011/297 2099/1014/297 2104/1018/297 2103/1015/297
f 2099/1014/7 2101/1013/7 2105/1017/7 2104/1018/7
f 3581/1019/298 3582/1020/298 2110/1021/298 2111/1022/298
f 2111/1022/299 2110/1021/299 2112/1023/299 2113/1024/299
f 2113/1024/300 2112/1023/300 2114/1025/300 2115/1026/300
f 2126/1027/301 2127/1028/301 2116/1029/301 2117/1030/301
f 2117/1030/302 2116/1029/302 2118/1031/302 2119/1032/302
f 2119/1032/303 2118/1031/303 2120/1033/303 2121/1034/303
f 2121/1034/62 2120/1033/62 2122/1035/62 2123/1036/62
f 2123/1036/304 2122/1035/304 2124/1037/304 2125/1038/304
f 2115/1026/305 2114/1025/305 2127/1028/305 2126/1027/305
f 2166/1039/306 2167/1040/306 2128/1041/306 2129/1042/306
f 2220/1043/307 2124/1037/307 2130/1044/307 2221/1045/307
f 2130/1044/308 2124/1037/308 2132/1046/308 3413/1047/308 2133/1048/308
f 2116/1029/309 2132/1046/309 2124/1037/309 2118/1031/309
f 2265/1049/310 3398/1050/310 3397/1051/310 2235/1052/310
f 2107/1053/311 3392/1054/311 3396/1055/311 2136/1056/311
f 2107/1053/312 2136/1056/312 2110/1021/312 3582/1020/312
f 2137/1057/313 2134/1058/313 2138/1059/313 2139/1060/313
f 2138/1059/62 2134/1058/62 2140/1061/62 2141/1062/62
f 2134/1058/62 2135/1063/62 2140/1061/62
f 2138/1059/62 2141/1062/62 2143/1064/62 2142/1065/62
f 2130/1044/314 2133/1048/314 2145/1066/314 2144/1067/314
f 2148/1068/315 2149/1069/315 2147/1070/315 2146/1071/315
f 2130/1044/62 2144/1067/62 2149/1069/62 2148/1068/62
f 2221/1045/316 2218/1072/316 2131/1073/316 2168/1074/316
f 2129/1042/317 2128/1041/317 2150/1075/317 2151/1076/317 3307/1077/317
f 2128/1041/318 2131/1073/318 2153/1078/318 3432/1079/318 2152/1080/318
f 2128/1041/319 2152/1080/319 2150/1075/319
f 2219/1081/320 2153/1078/320 2131/1073/320 2218/1072/320
f 2158/1082/321 2165/1083/321 2154/1084/321 2155/1085/321
f 2151/1076/322 2150/1075/322 2162/1086/322 2161/1087/322
f 2161/1087/323 2162/1086/323 2163/1088/323 2160/1089/323
f 2160/1089/324 2163/1088/324 2164/1090/324 2159/1091/324
f 2159/1091/325 2164/1090/325 2165/1083/325 2158/1082/325
f 2128/1041/326 2167/1040/326 2168/1074/326 2131/1073/326
f 2217/1092/327 2220/1043/327 2167/1040/327 2166/1039/327
f 2171/1093/328 2172/1094/328 2169/1095/328 2170/1096/328
f 2166/1039/329 2129/1042/329 2172/1094/329 2171/1093/329
f 2169/1095/330 2172/1094/330 2174/1097/330 2173/1098/330
f 2174/1097/331 2172/1094/331 2175/1099/331 2176/1100/331
f 2172/1094/332 2129/1042/332 2175/1099/332
f 2228/1101/333 3335/1102/333 3340/1103/333 2378/1104/333
f 2199/1105/38 3332/1106/38 3342/1107/38 2398/1108/38
f 2161/1087/334 3309/1109/334 3310/1110/334 2151/1076/334
f 2357/1111/40 3338/1112/40 3341/1113/40 2383/1114/40
f 2232/1115/335 3337/1116/335 3335/1102/335 2228/1101/335
f 2399/1117/42 3343/1118/42 3328/1119/42 2194/1120/42
f 2194/1120/336 3328/1119/336 3329/1121/336 2193/1122/336
f 2207/1123/337 3331/1124/337 3333/1125/337 2208/1126/337
f 2327/1127/338 3370/1128/338 3374/1129/338 3343/1118/338 2399/1117/338
f 2155/1085/339 2154/1084/339 2192/1130/339 2190/1131/339
f 2229/1132/340 3334/1133/340 3336/1134/340 2230/1135/340
f 2188/1136/341 2189/1137/341 2194/1120/341 2193/1122/341
f 2182/1138/62 2195/1139/62 2196/1140/62 2176/1100/62
f 2214/1141/62 2211/1142/62 2198/1143/62 2197/1144/62
f 2208/1126/62 2199/1105/62 2209/1145/62
f 2209/1145/62 2199/1105/62 2201/1146/62 2210/1147/62
f 2224/1148/62 2205/1149/62 2206/1150/62 2225/1151/62
f 2223/1152/62 2204/1153/62 2205/1149/62 2224/1148/62
f 2207/1123/62 2208/1126/62 2204/1153/62 2203/1154/62
f 2177/1155/342 3318/1156/342 3317/1157/342 2191/1158/342
f 2205/1149/62 2209/1145/62 2210/1147/62 2206/1150/62
f 2204/1153/62 2208/1126/62 2209/1145/62 2205/1149/62
f 2169/1095/343 2173/1098/343 2207/1123/343 2203/1154/343 2170/1096/343
f 2198/1143/62 2211/1142/62 2212/1159/62 2200/1160/62
f 2200/1160/62 2212/1159/62 2213/1161/62 2202/1162/62
f 2222/1163/62 2223/1152/62 2211/1142/62 2214/1141/62
f 2214/1141/344 2197/1144/344 2215/1164/344 2216/1165/344
f 2125/1038/345 2124/1037/345 2220/1043/345 2217/1092/345
f 2146/1071/346 2219/1081/346 2218/1072/346 2148/1068/346
f 2130/1044/347 2148/1068/347 2218/1072/347 2221/1045/347
f 2167/1040/348 2220/1043/348 2221/1045/348 2168/1074/348
f 2217/1092/349 2216/1165/349 2215/1164/349 2125/1038/349
f 2203/1154/62 2204/1153/62 2223/1152/62 2222/1163/62
f 2211/1142/62 2223/1152/62 2224/1148/62 2212/1159/62
f 2212/1159/62 2224/1148/62 2225/1151/62 2213/1161/62
f 2230/1135/350 2231/1166/350 2226/1167/350 2229/1132/350
f 2187/1168/351 3322/1169/351 3327/1170/351 2186/1171/351
f 2438/1172/352 2179/1173/352 2232/1115/352 2443/1174/352
f 2383/1114/353 3341/1113/353 3334/1133/353 2229/1132/353
f 2192/1130/354 2154/1084/354 2231/1166/354 2230/1135/354
f 3583/1175/7 2239/1176/7 2238/1177/7 3584/1178/7
f 2239/1176/7 2241/1179/7 2240/1180/7 2238/1177/7
f 2241/1179/7 2243/1181/7 2242/1182/7 2240/1180/7
f 2246/1183/7 2245/1184/7 2244/1185/7 2247/1186/7
f 2245/1184/7 2249/1187/7 2248/1188/7 2244/1185/7
f 2249/1187/7 2251/1189/7 2250/1190/7 2248/1188/7
f 2251/1189/7 2253/1191/7 2252/1192/7 2250/1190/7
f 2253/1191/7 2255/1193/7 2254/1194/7 2252/1192/7
f 2243/1181/7 2246/1183/7 2247/1186/7 2242/1182/7
f 2301/1195/7 2257/1196/7 2256/1197/7 2259/1198/7
f 2302/1199/7 2303/1200/7 2262/1201/7 2254/1194/7
f 2262/1201/7 2264/1202/7 2263/1203/7 2254/1194/7
f 2244/1185/7 2248/1188/7 2254/1194/7 2263/1203/7
f 2236/1204/7 2266/1205/7 2265/1049/7 2235/1052/7
f 2236/1204/7 2268/1206/7 2267/1207/7 2266/1205/7
f 2236/1204/7 3584/1178/7 2238/1177/7 2268/1206/7
f 2267/1207/7 2270/1208/7 2269/1209/7 2266/1205/7
f 2269/1209/7 2272/1210/7 2271/1211/7 2266/1205/7
f 2266/1205/7 2271/1211/7 2265/1049/7
f 2269/1209/7 2274/1212/7 2273/1213/7 2272/1210/7
f 2262/1201/7 2276/1214/7 2275/1215/7 2264/1202/7
f 2279/1216/7 2278/1217/7 2277/1218/7 2280/1219/7
f 2262/1201/7 2279/1216/7 2280/1219/7 2276/1214/7
f 2303/1200/7 2260/1220/7 2261/1221/7 2281/1222/7
f 2257/1196/7 2283/1223/7 2282/1224/7 2256/1197/7
f 2256/1197/7 2285/1225/7 2284/1226/7 2261/1221/7
f 2256/1197/7 2282/1224/7 2285/1225/7
f 2286/1227/7 2281/1222/7 2261/1221/7 2284/1226/7
f 2295/1228/7 2288/1229/7 2287/1230/7 2290/1231/7
f 2445/1232/355 2292/1233/355 2291/1234/355 2444/1235/355
f 2283/1223/7 2289/1236/7 2298/1237/7 2282/1224/7
f 2289/1236/7 2297/1238/7 2299/1239/7 2298/1237/7
f 2297/1238/7 2296/1240/7 2300/1241/7 2299/1239/7
f 2296/1240/7 2295/1228/7 2290/1231/7 2300/1241/7
f 2256/1197/7 2261/1221/7 2260/1220/7 2259/1198/7
f 2258/1242/7 2301/1195/7 2259/1198/7 2302/1199/7
f 2306/1243/7 2305/1244/7 2304/1245/7 2307/1246/7
f 2301/1195/7 2306/1243/7 2307/1246/7 2257/1196/7
f 2304/1245/7 2309/1247/7 2308/1248/7 2307/1246/7
f 2308/1248/7 2311/1249/7 2310/1250/7 2307/1246/7
f 2307/1246/189 2310/1250/189 2257/1196/189
f 2283/1223/7 2257/1196/7 2310/1250/7 2311/1249/7
f 2445/1232/356 2446/1251/356 2314/1252/356 2292/1233/356
f 2293/1253/7 2312/1254/7 2317/1255/7 2315/1256/7
f 2293/1253/7 2315/1256/7 2294/1257/7 2316/1258/7
f 2283/1223/7 2320/1259/7 2319/1260/7 2289/1236/7
f 2297/1238/7 2324/1261/7 2323/1262/7 2296/1240/7
f 2295/1228/7 2322/1263/7 2321/1264/7 2288/1229/7
f 2289/1236/7 2319/1260/7 2324/1261/7 2297/1238/7
f 2296/1240/7 2323/1262/7 2322/1263/7 2295/1228/7
f 2283/1223/7 2311/1249/7 2320/1259/7
f 2288/1229/7 2321/1264/7 2313/1265/7
f 2429/1266/65 2326/1267/65 2325/1268/65 2413/1269/65
f 2288/1229/7 2293/1253/7 2316/1258/7 2287/1230/7
f 2288/1229/7 2313/1265/7 2312/1254/7 2293/1253/7
f 2326/1267/7 2328/1270/7 2327/1127/7 2325/1268/7
f 2187/1168/62 3348/1271/62 3349/1272/62 2182/1138/62
f 2320/1259/7 2311/1249/7 2329/1273/7 2330/1274/7
f 2352/1275/7 2332/1276/7 2331/1277/7 2334/1278/7
f 2343/1279/7 2345/1280/7 2337/1281/7 2327/1127/7
f 2345/1280/7 2347/1282/7 2340/1283/7 2337/1281/7
f 2350/1284/7 2351/1285/7 2348/1286/7 2346/1287/7
f 2349/1288/7 2350/1284/7 2346/1287/7 2344/1289/7
f 2333/1290/7 2342/1291/7 2344/1289/7 2343/1279/7
f 2328/1270/7 2333/1290/7 2343/1279/7 2327/1127/7
f 2346/1287/7 2348/1286/7 2347/1282/7 2345/1280/7
f 2344/1289/7 2346/1287/7 2345/1280/7 2343/1279/7
f 2304/1245/7 2305/1244/7 2342/1291/7 2333/1290/7 2309/1247/7
f 2331/1277/7 2336/1292/7 2335/1293/7 2334/1278/7
f 2336/1292/7 2339/1294/7 2338/1295/7 2335/1293/7
f 2341/1296/7 2352/1275/7 2334/1278/7 2349/1288/7
f 2352/1275/7 2354/1297/7 2353/1298/7 2332/1276/7
f 2255/1193/7 2258/1242/7 2302/1199/7 2254/1194/7
f 2278/1217/7 2279/1216/7 2281/1222/7 2286/1227/7
f 2262/1201/7 2303/1200/7 2281/1222/7 2279/1216/7
f 2259/1198/7 2260/1220/7 2303/1200/7 2302/1199/7
f 2258/1242/7 2255/1193/7 2353/1298/7 2354/1297/7
f 2342/1291/7 2341/1296/7 2349/1288/7 2344/1289/7
f 2334/1278/7 2335/1293/7 2350/1284/7 2349/1288/7
f 2335/1293/7 2338/1295/7 2351/1285/7 2350/1284/7
f 2359/1299/7 2357/1111/7 2358/1300/7 2360/1301/7
f 2361/1302/7 2355/1303/7 2357/1111/7 2359/1299/7
f 2449/1304/7 2448/1305/7 2355/1303/7 2361/1302/7
f 2444/1235/7 2449/1304/7 2361/1302/7 2294/1257/7
f 2294/1257/7 2361/1302/7 2359/1299/7 2316/1258/7
f 2316/1258/7 2359/1299/7 2360/1301/7 2287/1230/7
f 2173/1098/66 2309/1247/66 2333/1290/66 2207/1123/66
f 2364/1306/67 2270/1208/67 2267/1207/67 2363/1307/67
f 2195/1139/62 3355/1308/62 3354/1309/62 2196/1140/62
f 2120/1033/357 2250/1190/357 2252/1192/357 2122/1035/357
f 2366/1310/69 2324/1261/69 2319/1260/69 2365/1311/69
f 2170/1096/70 2305/1244/70 2306/1243/70 2171/1093/70
f 2368/1312/71 2320/1259/71 2330/1274/71 2367/1313/71
f 2370/1314/72 2271/1211/72 2272/1210/72 2369/1315/72
f 2106/1316/358 3415/1317/358 3418/1318/358 2375/1319/358
f 2451/1320/359 2448/1305/359 2356/1321/359 2377/1322/359
f 2380/1323/75 2290/1231/75 2287/1230/75 2379/1324/75
f 2382/1325/76 2351/1285/76 2338/1295/76 2381/1326/76
f 2207/1123/77 2333/1290/77 2328/1270/77 2193/1122/77
f 2122/1035/360 2252/1192/360 2254/1194/360 2124/1037/360
f 2174/1097/79 2308/1248/79 2309/1247/79 2173/1098/79
f 2192/1130/361 3319/1327/361 3311/1328/361 2190/1131/361
f 2385/1329/362 2291/1234/362 2292/1233/362 2384/1330/362
f 2387/1331/82 3597/1332/82 3598/1333/82 2386/1334/82
f 2388/1335/83 2358/1300/83 2357/1111/83 2383/1114/83
f 2389/1336/84 2265/1049/84 2271/1211/84 2370/1314/84
f 2391/1337/85 2242/1182/85 2247/1186/85 2390/1338/85
f 2394/1339/86 2273/1213/86 2274/1212/86 2393/1340/86
f 2395/1341/87 2336/1292/87 2331/1277/87 2372/1342/87
f 2396/1343/88 2360/1301/88 2358/1300/88 2388/1335/88
f 2393/1340/89 2274/1212/89 2269/1209/89 2397/1344/89
f 2160/1089/334 3315/1345/334 3309/1109/334 2161/1087/334
f 2237/1346/62 3587/1347/62 3586/1348/62 3583/1175/62
f 2176/1100/90 2311/1249/90 2308/1248/90 2174/1097/90
f 2369/1315/91 2272/1210/91 2273/1213/91 2394/1339/91
f 2381/1326/76 2338/1295/76 2339/1294/76 2401/1349/76
f 2403/1350/92 2313/1265/92 2321/1264/92 2402/1351/92
f 2216/1165/93 2354/1297/93 2352/1275/93 2214/1141/93
f 2406/1352/94 2275/1215/94 2276/1214/94 2405/1353/94
f 2401/1349/95 2339/1294/95 2336/1292/95 2395/1341/95
f 2398/1108/96 2337/1281/96 2340/1283/96 2408/1354/96
f 2409/1355/97 3601/1356/97 3595/1357/97 2400/1358/97
f 2379/1324/98 2287/1230/98 2360/1301/98 2396/1343/98
f 2411/1359/99 2282/1224/99 2298/1237/99 2410/1360/99
f 2166/1039/100 2301/1195/100 2258/1242/100 2217/1092/100
f 2412/1361/101 2264/1202/101 2275/1215/101 2406/1352/101
f 2222/1163/102 2341/1296/102 2342/1291/102 2203/1154/102
f 2415/1362/103 2238/1177/103 2240/1180/103 2414/1363/103
f 2416/1364/104 2312/1254/104 2313/1265/104 2403/1350/104
f 2410/1360/105 2298/1237/105 2299/1239/105 2417/1365/105
f 2419/1366/106 2277/1218/106 2278/1217/106 2418/1367/106
f 2417/1365/107 2299/1239/107 2300/1241/107 2420/1368/107
f 2418/1367/108 2278/1217/108 2286/1227/108 2421/1369/108
f 2422/1370/109 2263/1203/109 2264/1202/109 2412/1361/109
f 2423/1371/110 3600/1372/110 3601/1356/110 2409/1355/110
f 2424/1373/111 2471/1374/111 2469/1375/111 2314/1252/111
f 2420/1368/112 2300/1241/112 2290/1231/112 2380/1323/112
f 2425/1376/113 2280/1219/113 2277/1218/113 2419/1366/113
f 2427/1377/76 2347/1282/76 2348/1286/76 2426/1378/76
f 2414/1363/114 2240/1180/114 2242/1182/114 2391/1337/114
f 2405/1353/115 2276/1214/115 2280/1219/115 2425/1376/115
f 2428/1379/116 2244/1185/116 2263/1203/116 2422/1370/116
f 2386/1334/363 3598/1333/363 3600/1372/363 2423/1371/363
f 2124/1037/364 2254/1194/364 2248/1188/364 2118/1031/364
f 2390/1338/118 2247/1186/118 2244/1185/118 2428/1379/118
f 2389/1336/119 3400/1380/119 3398/1050/119 2265/1049/119
f 2431/1381/120 3599/1382/120 3597/1332/120 2387/1331/120
f 2450/1383/121 2447/1384/121 2318/1385/121 2430/1386/121
f 2217/1092/122 2258/1242/122 2354/1297/122 2216/1165/122
f 2407/1387/123 2353/1298/123 2255/1193/123 2374/1388/123
f 2408/1354/76 2340/1283/76 2347/1282/76 2427/1377/76
f 2363/1307/124 2267/1207/124 2268/1206/124 2432/1389/124
f 2214/1141/125 2352/1275/125 2341/1296/125 2222/1163/125
f 2434/1390/126 2284/1226/126 2285/1225/126 2433/1391/126
f 2413/1269/127 2325/1268/127 2327/1127/127 2399/1117/127
f 2435/1392/128 2251/1189/128 2249/1187/128 3599/1382/128 2431/1381/128
f 2365/1311/69 2319/1260/69 2320/1259/69 2368/1312/69
f 2118/1031/365 2248/1188/365 2250/1190/365 2120/1033/365
f 2402/1351/69 2321/1264/69 2322/1263/69 2436/1393/69
f 2432/1389/130 2268/1206/130 2238/1177/130 2415/1362/130
f 2436/1393/69 2322/1263/69 2323/1262/69 2437/1394/69
f 2171/1093/131 2306/1243/131 2301/1195/131 2166/1039/131
f 2426/1378/76 2348/1286/76 2351/1285/76 2382/1325/76
f 2433/1391/132 2285/1225/132 2282/1224/132 2411/1359/132
f 2203/1154/366 2342/1291/366 2305/1244/366 2170/1096/366
f 2397/1344/134 2269/1209/134 2270/1208/134 2364/1306/134
f 2373/1395/135 2253/1191/135 2251/1189/135 2435/1392/135
f 2437/1394/69 2323/1262/69 2324/1261/69 2366/1310/69
f 2421/1369/108 2286/1227/108 2284/1226/108 2434/1390/108
f 2416/1364/367 2191/1158/367 2180/1396/367 2181/1397/367 2430/1386/367
f 2189/1137/368 2181/1397/368 2180/1396/368 2188/1136/368
f 2317/1255/369 2312/1254/369 2416/1364/369 2430/1386/369 2318/1385/369
f 2219/1081/370 2421/1369/370 2434/1390/370 2153/1078/370
f 2365/1311/7 3365/1398/7 3360/1399/7 2366/1310/7
f 2123/1036/135 2373/1395/135 2435/1392/135 2121/1034/135
f 2138/1059/134 2397/1344/134 2364/1306/134 2139/1060/134
f 2152/1080/371 2433/1391/371 2411/1359/371 2150/1075/371
f 2206/1150/76 2426/1378/76 2382/1325/76 2225/1151/76
f 2368/1312/7 3362/1400/7 3365/1398/7 2365/1311/7
f 2136/1056/372 2432/1389/372 2415/1362/372 2110/1021/372
f 2191/1158/373 3346/1401/373 3347/1402/373 2177/1155/373
f 2367/1313/7 3361/1403/7 3362/1400/7 2368/1312/7
f 2121/1034/128 2435/1392/128 2431/1381/128 2119/1032/128
f 2189/1137/127 2413/1269/127 2399/1117/127 2194/1120/127
f 2153/1078/374 2434/1390/374 2433/1391/374 2152/1080/374 3432/1079/374
f 2137/1057/375 2363/1307/375 2432/1389/375 2136/1056/375
f 2201/1146/76 2408/1354/76 2427/1377/76 2210/1147/76
f 2215/1164/123 2407/1387/123 2374/1388/123 2125/1038/123
f 2441/1404/121 2450/1383/121 2430/1386/121 2181/1397/121
f 2119/1032/120 2431/1381/120 2387/1331/120 2117/1030/120
f 2106/1316/376 3391/1405/376 3392/1054/376 2107/1053/376
f 2127/1028/377 2390/1338/377 2428/1379/377 2116/1029/377
f 2126/1027/82 2386/1334/82 2423/1371/82 2115/1026/82
f 2116/1029/378 2428/1379/378 2422/1370/378 2132/1046/378
f 2144/1067/115 2405/1353/115 2425/1376/115 2149/1069/115
f 2112/1023/379 2414/1363/379 2391/1337/379 2114/1025/379
f 2210/1147/76 2427/1377/76 2426/1378/76 2206/1150/76
f 2149/1069/113 2425/1376/113 2419/1366/113 2147/1070/113
f 2164/1090/380 2420/1368/380 2380/1323/380 2165/1083/380
f 2115/1026/110 2423/1371/110 2409/1355/110 2113/1024/110
f 2132/1046/381 2422/1370/381 2412/1361/381 2133/1048/381 3413/1047/381
f 2146/1071/382 2418/1367/382 2421/1369/382 2219/1081/382
f 2163/1088/383 2417/1365/383 2420/1368/383 2164/1090/383
f 2147/1070/384 2419/1366/384 2418/1367/384 2146/1071/384
f 2162/1086/385 2410/1360/385 2417/1365/385 2163/1088/385
f 2366/1310/7 3360/1399/7 3368/1406/7 2437/1394/7
f 2110/1021/386 2415/1362/386 2414/1363/386 2112/1023/386
f 2133/1048/387 2412/1361/387 2406/1352/387 2145/1066/387
f 2150/1075/388 2411/1359/388 2410/1360/388 2162/1086/388
f 2154/1084/389 2379/1324/389 2396/1343/389 2231/1166/389
f 2113/1024/97 2409/1355/97 2400/1358/97 2111/1022/97
f 2199/1105/96 2398/1108/96 2408/1354/96 2201/1146/96
f 2202/1162/95 2401/1349/95 2395/1341/95 2200/1160/95
f 2145/1066/390 2406/1352/390 2405/1353/390 2144/1067/390
f 2436/1393/7 3367/1407/7 3366/1408/7 2402/1351/7
f 2213/1161/76 2381/1326/76 2401/1349/76 2202/1162/76
f 2141/1062/91 2369/1315/91 2394/1339/91 2143/1064/91
f 3581/1019/160 3585/1409/160 2392/1410/160 2109/1411/160
f 2186/1171/351 3327/1170/351 3326/1412/351 2185/1413/351
f 2142/1065/89 2393/1340/89 2397/1344/89 2138/1059/89
f 2231/1166/391 2396/1343/391 2388/1335/391 2226/1167/391
f 2200/1160/87 2395/1341/87 2372/1342/87 2198/1143/87
f 2143/1064/86 2394/1339/86 2393/1340/86 2142/1065/86
f 2114/1025/392 2391/1337/392 2390/1338/392 2127/1028/392
f 2135/1063/84 2389/1336/84 2370/1314/84 2140/1061/84
f 2226/1167/393 2388/1335/393 2383/1114/393 2229/1132/393
f 2117/1030/82 2387/1331/82 2386/1334/82 2126/1027/82
f 2156/1414/394 2385/1329/394 2384/1330/394 2157/1415/394
f 2191/1158/395 3317/1157/395 3345/1416/395 3308/1417/395
f 2225/1151/76 2382/1325/76 2381/1326/76 2213/1161/76
f 2165/1083/396 2380/1323/396 2379/1324/396 2154/1084/396
f 2442/1418/397 2451/1320/397 2377/1322/397 2227/1419/397
f 2376/1420/398 3419/1421/398 3414/1422/398 2108/1423/398
f 2140/1061/72 2370/1314/72 2369/1315/72 2141/1062/72
f 2402/1351/7 3366/1408/7 3363/1424/7 2403/1350/7
f 2177/1155/62 3347/1402/62 3350/1425/62 2183/1426/62
f 2139/1060/399 2364/1306/399 2363/1307/399 2137/1057/399
f 2188/1136/65 2429/1266/65 2413/1269/65 2189/1137/65
f 2430/1386/400 2413/1269/400 2429/1266/400 2416/1364/400
f 2181/1397/170 2189/1137/170 2413/1269/170 2430/1386/170
f 2416/1364/401 2429/1266/401 2188/1136/401 2180/1396/401
f 2228/1101/402 2378/1104/402 2451/1320/402 2442/1418/402
f 2378/1104/173 2355/1303/173 2448/1305/173 2451/1320/173
f 2291/1234/7 2362/1427/7 2449/1304/7 2444/1235/7
f 2362/1427/7 2356/1321/7 2448/1305/7 2449/1304/7
f 2317/1255/7 2318/1385/7 2447/1384/7 2446/1251/7
f 2315/1256/7 2317/1255/7 2446/1251/7 2445/1232/7
f 2315/1256/7 2445/1232/7 2444/1235/7 2294/1257/7
f 2180/1396/403 2440/1428/403 2441/1404/403 2181/1397/403
f 2178/1429/404 2439/1430/404 2440/1428/404 2180/1396/404 3308/1417/404
f 2178/1429/405 2179/1173/405 2438/1172/405 2439/1430/405
f 2446/1251/406 2447/1384/406 2314/1252/406
f 2291/1234/407 2458/1431/407 2457/1432/407 2362/1427/407
f 2157/1415/408 2472/1433/408 2471/1374/408 2424/1373/408
f 2447/1384/409 2466/1434/409 2462/1435/409 2314/1252/409
f 2314/1252/180 2462/1435/180 2461/1436/180 2424/1373/180
f 2314/1252/410 2469/1375/410 2468/1437/410 2292/1233/410
f 2513/1438/182 2490/1439/182 2480/1440/182 2508/1441/182
f 2507/1442/69 2477/1443/69 2481/1444/69 2509/1445/69
f 2514/1446/182 2495/1447/182 2490/1439/182 2513/1438/182
f 2515/1448/182 2501/1449/182 2495/1447/182 2514/1446/182
f 2501/1449/62 2502/1450/62 2496/1451/62 2495/1447/62
f 2503/1452/7 2506/1453/7 2500/1454/7 2497/1455/7
f 2481/1444/7 2477/1456/7 2506/1453/7 2503/1452/7
f 2479/1457/62 2483/1458/62 2502/1450/62 2501/1449/62
f 2507/1459/182 2479/1457/182 2501/1449/182 2515/1448/182
f 2477/1460/182 2507/1459/182 2515/1448/182 2506/1461/182
f 2506/1461/182 2515/1448/182 2514/1446/182 2500/1462/182
f 2500/1462/182 2514/1446/182 2513/1438/182 2489/1463/182
f 2479/1464/69 2507/1442/69 2509/1445/69 2483/1458/69
f 2489/1463/182 2513/1438/182 2508/1441/182 2478/1465/182
f 2506/1466/183 2522/1467/183 2524/1468/183 2523/1469/183 2501/1470/183 2515/1471/183
f 2528/1472/184 2598/1473/184 2599/1474/184 2533/1475/184
f 2533/1475/184 2601/1476/184 2602/1477/184 2525/1478/184
f 2542/1479/184 2583/1480/184 2582/1481/184 2530/1482/184
f 2530/1482/184 2570/1483/184 2569/1484/184 2542/1479/184
f 2542/1479/184 2575/1485/184 2573/1486/184 2531/1487/184
f 2558/1488/185 2630/1489/185 2632/1490/185 2560/1491/185
f 2537/1492/184 2553/1493/184 2554/1494/184 2528/1472/184
f 2598/1473/7 2670/1495/7 2671/1496/7 2599/1474/7
f 2612/1497/185 2684/1498/185 2683/1499/185 2611/1500/185
f 2560/1501/7 2632/1502/7 2631/1503/7 2559/1504/7
f 2546/1505/186 2567/1506/186 2565/1507/186 2530/1482/186
f 2530/1482/184 2565/1507/184 2566/1508/184 2535/1509/184
f 2597/1510/185 2669/1511/185 2670/1512/185 2598/1513/185
f 2551/1514/184 2572/1515/184 2571/1516/184 2535/1517/184
f 2542/1479/184 2569/1484/184 2572/1518/184 2551/1519/184
f 2535/1509/184 2571/1520/184 2570/1483/184 2530/1482/184
f 2610/1521/62 2682/1522/62 2684/1498/62 2612/1497/62
f 2540/1523/184 2574/1524/184 2576/1525/184 2551/1514/184
f 2531/1526/184 2573/1527/184 2574/1524/184 2540/1523/184
f 2551/1519/184 2576/1528/184 2575/1485/184 2542/1479/184
f 2559/1504/187 2631/1503/187 2629/1529/187 2557/1530/187
f 2531/1487/184 2578/1531/184 2579/1532/184 2542/1479/184
f 2572/1515/185 2644/1533/185 2643/1534/185 2571/1516/185
f 2611/1500/7 2683/1499/7 2681/1535/7 2609/1536/7
f 2530/1482/184 2586/1537/184 2587/1538/184 2546/1505/184
f 2557/1530/62 2629/1529/62 2630/1539/62 2558/1540/62
f 2623/1541/185 2695/1542/185 2696/1543/185 2624/1544/185
f 2569/1484/62 2641/1545/62 2644/1546/62 2572/1518/62
f 2609/1547/187 2681/1548/187 2682/1549/187 2610/1550/187
f 2624/1544/7 2696/1543/7 2693/1551/7 2621/1552/7
f 2571/1520/411 2643/1553/411 2642/1554/411 2570/1483/411
f 2581/1555/187 2653/1556/187 2656/1557/187 2584/1558/187
f 2622/1559/188 2694/1560/188 2695/1561/188 2623/1562/188
f 2570/1483/187 2642/1554/187 2641/1545/187 2569/1484/187
f 2642/1554/184 2643/1553/184 2644/1546/184 2641/1545/184
f 2647/1563/184 2648/1564/184 2646/1565/184 2645/1566/184
f 2600/1567/188 2672/1568/188 2669/1511/188 2597/1510/188
f 2585/1569/62 2657/1570/62 2658/1571/62 2586/1537/62
f 2599/1572/187 2671/1573/187 2672/1568/187 2600/1567/187
f 2586/1537/185 2658/1571/185 2659/1574/185 2587/1538/185
f 2587/1538/7 2659/1574/7 2660/1575/7 2588/1576/7
f 2573/1527/188 2645/1577/188 2646/1578/188 2574/1524/188
f 2588/1576/187 2660/1575/187 2657/1570/187 2585/1569/187
f 2575/1485/187 2647/1563/187 2645/1566/187 2573/1486/187
f 2613/1579/187 2685/1580/187 2686/1581/187 2614/1582/187
f 2576/1528/7 2648/1564/7 2647/1563/7 2575/1485/7
f 2562/1583/187 2634/1584/187 2633/1585/187 2561/1586/187
f 2614/1587/62 2686/1588/62 2687/1589/62 2615/1590/62
f 2574/1524/185 2646/1578/185 2648/1591/185 2576/1525/185
f 2563/1592/7 2635/1593/7 2634/1584/7 2562/1583/7
f 2616/1594/7 2688/1595/7 2685/1596/7 2613/1597/7
f 2601/1476/7 2673/1598/7 2674/1599/7 2602/1477/7
f 2561/1586/62 2633/1585/62 2636/1600/62 2564/1601/62
f 2615/1590/185 2687/1589/185 2688/1595/185 2616/1594/185
f 2602/1477/187 2674/1599/187 2675/1602/187 2603/1603/187
f 2564/1604/185 2636/1605/185 2635/1606/185 2563/1607/185
f 2603/1608/62 2675/1609/62 2676/1610/62 2604/1611/62
f 2590/1612/7 2662/1613/7 2661/1614/7 2589/1615/7
f 2604/1611/185 2676/1610/185 2673/1616/185 2601/1617/185
f 2591/1618/185 2663/1619/185 2662/1613/185 2590/1612/185
f 2592/1620/62 2664/1621/62 2663/1619/62 2591/1618/62
f 2577/1622/62 2649/1623/62 2650/1624/62 2578/1625/62
f 2589/1615/187 2661/1614/187 2664/1621/187 2592/1620/187
f 2578/1531/185 2650/1626/185 2651/1627/185 2579/1532/185
f 2617/1628/187 2689/1629/187 2690/1630/187 2618/1631/187
f 2579/1532/7 2651/1627/7 2652/1632/7 2580/1633/7
f 2565/1507/62 2637/1634/62 2638/1635/62 2566/1508/62
f 2619/1636/7 2691/1637/7 2689/1638/7 2617/1639/7
f 2580/1633/187 2652/1632/187 2649/1640/187 2577/1641/187
f 2567/1506/187 2639/1642/187 2637/1634/187 2565/1507/187
f 2618/1643/62 2690/1644/62 2692/1645/62 2620/1646/62
f 2605/1647/187 2677/1648/187 2678/1649/187 2606/1650/187
f 2568/1651/411 2640/1652/411 2639/1642/411 2567/1506/411
f 2620/1646/185 2692/1645/185 2691/1637/185 2619/1636/185
f 2553/1493/7 2625/1653/7 2626/1654/7 2554/1494/7
f 2606/1655/62 2678/1656/62 2679/1657/62 2607/1658/62
f 2566/1659/185 2638/1660/185 2640/1661/185 2568/1662/185
f 2554/1663/187 2626/1664/187 2627/1665/187 2555/1666/187
f 2608/1667/7 2680/1668/7 2677/1669/7 2605/1670/7
f 2593/1671/62 2665/1672/62 2666/1673/62 2594/1674/62
f 2555/1666/62 2627/1665/62 2628/1675/62 2556/1676/62
f 2607/1658/185 2679/1657/185 2680/1668/185 2608/1667/185
f 2594/1674/185 2666/1673/185 2667/1677/185 2595/1678/185
f 2556/1679/185 2628/1680/185 2625/1653/185 2553/1493/185
f 2595/1678/7 2667/1677/7 2668/1681/7 2596/1682/7
f 2582/1481/7 2654/1683/7 2653/1556/7 2581/1555/7
f 2596/1682/187 2668/1681/187 2665/1672/187 2593/1671/187
f 2583/1480/185 2655/1684/185 2654/1683/185 2582/1481/185
f 2621/1685/187 2693/1686/187 2694/1560/187 2622/1559/187
f 2584/1558/62 2656/1557/62 2655/1684/62 2583/1480/62
f 2277/1218/190 2419/1366/190 2388/1335/190 2358/1300/190
f 2364/1306/191 2270/1208/191 2275/1215/191 2406/1352/191
f 2179/1173/412 3320/1687/412 3337/1116/412 2232/1115/412
f 2378/1104/193 3340/1103/193 3339/1688/193 2355/1303/193
f 2176/1100/62 2175/1099/62 2129/1042/62 3307/1077/62
f 3308/1417/413 2180/1396/413 2191/1158/413
f 3375/1689/414 3389/1690/414 3387/1691/414 3377/1692/414
f 2176/1100/415 3316/1693/415 3330/1694/415 2196/1140/415
f 2207/1695/416 3331/1696/416 3316/1697/416 2176/1698/416
f 3369/1699/198 3380/1700/198 3388/1701/198 3373/1702/198
f 2178/1429/417 3321/1703/417 3320/1687/417 2179/1173/417
f 2176/1100/418 3316/1693/418 3323/1704/418 2182/1138/418
f 2196/1705/419 3330/1706/419 3329/1707/419 2193/1708/419
f 2190/1131/420 3311/1328/420 3312/1709/420 2155/1085/420
f 2183/1426/421 3324/1710/421 3318/1156/421 2177/1155/421
f 2208/1126/422 3333/1125/422 3332/1106/422 2199/1105/422
f 2151/1076/423 3310/1110/423 3344/1711/423 3307/1077/423
f 2182/1138/351 3323/1704/351 3322/1169/351 2187/1168/351
f 2355/1303/424 3339/1688/424 3338/1112/424 2357/1111/424
f 2155/1085/425 3312/1709/425 3313/1712/425 2158/1082/425
f 2230/1135/426 3336/1134/426 3319/1327/426 2192/1130/426
f 3307/1077/427 3344/1711/427 3316/1693/427 2176/1100/427
f 2184/1713/428 3325/1714/428 3324/1710/428 2183/1426/428
f 2158/1082/429 3313/1712/429 3314/1715/429 2159/1091/429
f 3308/1417/430 3345/1416/430 3321/1703/430 2178/1429/430
f 2185/1413/431 3326/1412/431 3325/1714/431 2184/1713/431
f 2159/1091/334 3314/1715/334 3315/1345/334 2160/1089/334
f 3354/1309/214 3355/1308/214 3361/1403/214 3358/1716/214 3357/1717/214
f 3354/1309/215 3357/1717/215 3359/1718/215 3356/1719/215
f 3352/1720/69 3368/1406/69 3360/1399/69 3353/1721/69
f 3351/1722/69 3367/1407/69 3368/1406/69 3352/1720/69
f 3350/1425/69 3366/1408/69 3367/1407/69 3351/1722/69
f 3348/1271/69 3365/1398/69 3362/1400/69 3349/1272/69
f 3346/1401/104 3364/1723/104 3363/1424/104 3347/1402/104
f 3347/1402/92 3363/1424/92 3366/1408/92 3350/1425/92
f 3349/1272/71 3362/1400/71 3361/1403/71 3355/1308/71
f 3353/1721/69 3360/1399/69 3365/1398/69 3348/1271/69
f 2416/1364/216 3364/1723/216 3346/1401/216 2191/1158/216
f 2196/1140/62 3354/1309/62 3356/1719/62 2176/1100/62
f 2183/1426/432 3350/1425/432 3351/1722/432 2184/1713/432
f 2329/1273/7 3357/1717/7 3358/1716/7 2330/1274/7
f 2176/1100/218 3356/1719/218 3359/1718/218 2311/1249/218
f 2403/1350/7 3363/1424/7 3364/1723/7 2416/1364/7
f 2330/1274/216 3358/1716/216 3361/1403/216 2367/1313/216
f 2182/1138/62 3349/1272/62 3355/1308/62 2195/1139/62
f 2184/1713/433 3351/1722/433 3352/1720/433 2185/1413/433
f 2311/1249/7 3359/1718/7 3357/1717/7 2329/1273/7
f 2437/1394/7 3368/1406/7 3367/1407/7 2436/1393/7
f 2185/1413/62 3352/1720/62 3353/1721/62 2186/1171/62
f 2186/1171/62 3353/1721/62 3348/1271/62 2187/1168/62
f 3390/1724/220 3381/1725/220 3383/1726/220 3386/1727/220
f 3376/1728/221 3385/1729/221 3384/1730/221 3371/1731/221
f 2398/1108/222 3342/1107/222 3378/1732/222 3372/1733/222 2337/1281/222
f 2337/1281/434 3372/1733/434 3370/1128/434 2327/1127/434
f 3373/1702/435 3375/1689/435 3374/1129/435
f 3376/1728/436 3378/1732/436 3377/1692/436
f 3379/1734/437 3381/1725/437 3380/1700/437
f 3382/1735/438 3384/1730/438 3383/1726/438
f 3385/1729/439 3387/1691/439 3386/1727/439
f 3388/1701/440 3390/1724/440 3389/1690/440
f 3378/1732/441 3376/1728/441 3371/1731/441 3372/1733/441
f 3370/1128/442 3369/1699/442 3373/1702/442 3374/1129/442
f 3377/1692/443 3378/1732/443 3374/1129/443 3375/1689/443
f 3381/1725/444 3379/1734/444 3382/1735/444 3383/1726/444
f 3385/1729/234 3386/1727/234 3383/1726/234 3384/1730/234
f 3380/1700/235 3381/1725/235 3390/1724/235 3388/1701/235
f 3386/1727/445 3387/1691/445 3389/1690/445 3390/1724/445
f 3376/1728/446 3377/1692/446 3387/1691/446 3385/1729/446
f 3388/1701/447 3389/1690/447 3375/1689/447 3373/1702/447
f 3379/1734/448 3380/1700/448 3369/1699/448 3370/1128/448
f 3372/1733/449 3371/1731/449 3384/1730/449 3382/1735/449
f 3372/1733/7 3382/1735/7 3379/1734/7 3370/1128/7
f 2235/1052/241 3397/1051/241 3399/1736/241 2375/1319/241
f 2135/1063/119 3393/1737/119 3400/1380/119 2389/1336/119
f 2137/1057/450 3395/1738/450 3394/1739/450 2134/1058/450
f 2134/1058/451 3394/1739/451 3393/1737/451 2135/1063/451
f 2375/1319/452 3399/1736/452 3391/1405/452 2106/1316/452
f 2136/1056/453 3396/1055/453 3395/1738/453 2137/1057/453
f 2112/1023/454 3402/1740/454 3401/1741/454 2110/1021/454
f 2137/1057/455 3409/1742/455 3410/1743/455 2139/1060/455
f 2132/1046/456 3406/1744/456 3404/1745/456 2116/1029/456
f 2133/1048/457 3407/1746/457 3412/1747/457 3413/1047/457
f 2145/1066/458 3411/1748/458 3407/1746/458 2133/1048/458
f 2110/1021/459 3401/1741/459 3408/1749/459 2136/1056/459
f 2137/1057/460 3409/1742/460 3408/1749/460 2136/1056/460
f 2116/1029/461 3404/1745/461 3405/1750/461 2127/1028/461
f 2114/1025/462 3403/1751/462 3402/1740/462 2112/1023/462
f 2127/1028/463 3405/1750/463 3403/1751/463 2114/1025/463
f 3412/1747/464 3406/1744/464 2132/1046/464 3413/1047/464
f 3419/1421/257 3416/1752/257 3417/1753/257 3418/1318/257
f 3414/1422/465 3419/1421/465 3418/1318/465 3415/1317/465
f 2234/1754/466 3416/1752/466 3419/1421/466 2376/1420/466
f 2108/1423/467 3414/1422/467 3415/1317/467 2106/1316/467
f 2375/1319/261 3418/1318/261 3417/1753/261 2235/1052/261
f 2162/1086/468 3424/1755/468 3420/1756/468 2150/1075/468
f 2163/1088/469 3425/1757/469 3424/1755/469 2162/1086/469
f 2150/1075/470 3420/1756/470 3421/1758/470 2152/1080/470
f 2152/1080/471 3421/1758/471 3431/1759/471 3432/1079/471
f 2164/1090/472 3426/1760/472 3425/1757/472 2163/1088/472
f 2154/1084/473 3423/1761/473 3427/1762/473 2165/1083/473
f 2226/1167/474 3429/1763/474 3430/1764/474 2231/1166/474
f 2153/1078/475 3422/1765/475 3428/1766/475 2219/1081/475
f 2231/1166/476 3430/1764/476 3423/1761/476 2154/1084/476
f 2165/1083/477 3427/1762/477 3426/1760/477 2164/1090/477
f 3431/1759/478 3422/1765/478 2153/1078/478 3432/1079/478
f 2147/1767/479 2146/1768/479 2219/1769/479 3428/1770/479
f 3436/1771/62 3452/1772/62 3444/1773/62 2129/1774/62
f 3433/1775/62 3449/1776/62 3450/1777/62 3434/1778/62
f 2131/1073/62 3445/1779/62 3448/1780/62 2218/1072/62
f 2130/1044/274 3446/1781/274 3441/1782/274 2124/1037/274
f 2131/1073/62 3445/1779/62 3443/1783/62 2128/1041/62
f 2148/1784/62 3447/1785/62 3455/1786/62 3439/1787/62
f 3444/1788/275 3460/1789/275 3459/1790/275 3443/1783/275
f 3451/1791/276 3467/1792/276 3469/1793/276 3453/1794/276
f 3450/1777/480 3466/1795/480 3458/1796/480 3442/1797/480
f 3442/1798/278 3458/1799/278 3457/1800/278 3441/1782/278
f 3451/1791/279 3467/1792/279 3468/1801/279 3452/1772/279
f 3452/1772/481 3468/1801/481 3460/1802/481 3444/1773/481
f 3435/1803/62 3451/1791/62 3452/1772/62 3436/1771/62
f 3434/1778/62 3450/1777/62 3442/1797/62 2125/1804/62
f 2129/1042/62 3444/1788/62 3443/1783/62 2128/1041/62
f 3435/1803/62 3451/1791/62 3453/1794/62 3438/1805/62
f 3433/1775/62 3449/1776/62 3454/1806/62 3437/1807/62
f 2125/1038/281 3442/1798/281 3441/1782/281 2124/1037/281
f 3439/1787/62 3455/1786/62 3454/1806/62 3437/1807/62
f 2130/1044/62 3446/1781/62 3447/1808/62 2148/1068/62
f 2218/1809/62 3448/1810/62 3456/1811/62 3440/1812/62
f 3440/1812/62 3456/1811/62 3453/1794/62 3438/1805/62
f 3461/1813/7 3469/1814/7 3467/1815/7 3459/1790/7
f 3460/1789/62 3468/1816/62 3467/1815/62 3459/1790/62
f 3458/1799/7 3466/1817/7 3465/1818/7 3457/1800/7
f 3462/1819/62 3470/1820/62 3465/1818/62 3457/1800/62
f 3461/1813/62 3469/1814/62 3472/1821/62 3464/1822/62
f 3462/1819/7 3470/1820/7 3471/1823/7 3463/1824/7
f 3449/1776/482 3465/1825/482 3470/1826/482 3454/1806/482
f 3445/1779/283 3461/1813/283 3459/1790/283 3443/1783/283
f 3455/1786/115 3471/1827/115 3470/1826/115 3454/1806/115
f 3446/1781/284 3462/1819/284 3457/1800/284 3441/1782/284
f 3448/1810/285 3464/1828/285 3472/1829/285 3456/1811/285
f 3456/1811/483 3472/1829/483 3469/1793/483 3453/1794/483
f 3446/1781/69 3462/1819/69 3463/1824/69 3447/1808/69
f 3447/1785/287 3463/1830/287 3471/1827/287 3455/1786/287
f 3445/1779/288 3461/1813/288 3464/1822/288 3448/1780/288
f 3449/1776/289 3465/1825/289 3466/1795/289 3450/1777/289
f 3487/1831/484 3489/1832/484 3490/1833/484 3488/1834/484
f 3492/1835/485 3491/1836/485 3489/1832/485 3487/1831/485
f 3498/1837/486 3504/1838/486 3503/1839/486 3497/1840/486
f 3493/1841/487 3499/1842/487 3504/1838/487 3498/1837/487
f 3494/1843/488 3500/1844/488 3499/1842/488 3493/1841/488
f 3508/1845/111 3510/1846/111 3512/1847/111 3514/1848/111 3516/1849/111 3518/1850/111 3520/1851/111 3522/1852/111 3524/1853/111 3526/1854/111 3528/1855/111 3530/1856/111 3532/1857/111 3534/1858/111 3536/1859/111 3538/1860/111 3540/1861/111 3542/1862/111 3544/1863/111 3546/1864/111 3548/1865/111 3550/1866/111 3552/1867/111 3554/1868/111 3556/1869/111 3558/1870/111 3560/1871/111 3562/1872/111 3564/1873/111 3566/1874/111 3568/1875/111 3570/1876/111 3572/1877/111 3574/1878/111 3576/1879/111 3578/1880/111 3580/1881/111 3506/1882/111
f 3505/1883/293 3579/1884/293 3577/1885/293 3575/1886/293 3573/1887/293 3571/1888/293 3569/1889/293 3567/1890/293 3565/1891/293 3563/1892/293 3561/1893/293 3559/1894/293 3557/1895/293 3555/1896/293 3553/1897/293 3551/1898/293 3549/1899/293 3547/1900/293 3545/1901/293 3543/1902/293 3541/1903/293 3539/1904/293 3537/1905/293 3535/1906/293 3533/1907/293 3531/1908/293 3529/1909/293 3527/1910/293 3525/1911/293 3523/1912/293 3521/1913/293 3519/1914/293 3517/1915/293 3515/1916/293 3513/1917/293 3511/1918/293 3509/1919/293 3507/1920/293
f 2111/1022/160 2400/1358/160 3585/1409/160 3581/1019/160
f 2400/1358/160 3595/1357/160 3594/1921/160 3585/1409/160
f 2237/1346/7 3583/1175/7 3584/1178/7 2236/1204/7
f 2109/1411/489 2107/1053/489 3582/1020/489 3581/1019/489
f 3586/1348/62 3590/1922/62 3602/1923/62 3593/1924/62 3589/1925/62 3596/1926/62
f 2392/1410/62 3588/1927/62 3587/1347/62 2237/1346/62
f 3583/1175/62 3586/1348/62 3596/1926/62 3589/1925/62 3585/1409/62 3594/1921/62
f 3585/1409/62 3589/1925/62 3588/1927/62 2392/1410/62
f 3593/1924/160 3602/1923/160 3590/1922/160 3591/1928/160 3592/1929/160
f 3588/1927/62 3592/1929/62 3591/1928/62 3587/1347/62
f 3589/1925/62 3593/1924/62 3592/1929/62 3588/1927/62
f 3587/1347/62 3591/1928/62 3590/1922/62 3586/1348/62
f 3598/1333/82 2246/1183/82 2243/1181/82 3600/1372/82
f 3599/1382/120 2249/1187/120 2245/1184/120 3597/1332/120
f 3595/1357/160 2239/1176/160 3583/1175/160 3594/1921/160
f 3597/1332/82 2245/1184/82 2246/1183/82 3598/1333/82
f 3600/1372/110 2243/1181/110 2241/1179/110 3601/1356/110
f 3601/1356/97 2241/1179/97 2239/1176/97 3595/1357/97
f 3611/1930/69 3612/1931/69 3606/1932/69 3605/1933/69
f 3603/1934/69 3604/1935/69 3617/1936/69 3615/1937/69
f 3619/1938/69 3681/1939/69 3679/1940/69 3677/1941/69 3675/1942/69 3673/1943/69 3671/1944/69 3669/1945/69 3667/1946/69 3665/1947/69 3663/1948/69 3661/1949/69 3659/1950/69 3657/1951/69 3655/1952/69 3653/1953/69 3651/1954/69 3649/1955/69 3647/1956/69 3645/1957/69 3643/1958/69 3641/1959/69 3639/1960/69 3637/1961/69 3635/1962/69 3633/1963/69 3631/1964/69 3629/1965/69 3627/1966/69 3625/1967/69 3623/1968/69 3621/1969/69
f 3811/1970/69 3873/1971/69 3871/1972/69 3869/1973/69 3867/1974/69 3865/1975/69 3863/1976/69 3861/1977/69 3859/1978/69 3857/1979/69 3855/1980/69 3853/1981/69 3851/1982/69 3849/1983/69 3847/1984/69 3845/1985/69 3843/1986/69 3841/1987/69 3839/1988/69 3837/1989/69 3835/1990/69 3833/1991/69 3831/1992/69 3829/1993/69 3827/1994/69 3825/1995/69 3823/1996/69 3821/1997/69 3819/1998/69 3817/1999/69 3815/2000/69 3813/2001/69
f 4007/2002/69 4008/2003/69 4004/2004/69 4003/2005/69
f 4011/2006/69 4073/2007/69 4071/2008/69 4069/2009/69 4067/2010/69 4065/2011/69 4063/2012/69 4061/2013/69 4059/2014/69 4057/2015/69 4055/2016/69 4053/2017/69 4051/2018/69 4049/2019/69 4047/2020/69 4045/2021/69 4043/2022/69 4041/2023/69 4039/2024/69 4037/2025/69 4035/2026/69 4033/2027/69 4031/2028/69 4029/2029/69 4027/2030/69 4025/2031/69 4023/2032/69 4021/2033/69 4019/2034/69 4017/2035/69 4015/2036/69 4013/2037/69
f 4203/2038/295 4204/2039/295 4206/2040/295 4205/2041/295
f 4205/2041/7 4207/2042/7 4208/2043/7 4203/2038/7
f 4206/2040/296 4210/2044/296 4207/2042/296 4205/2041/296
f 4203/2038/297 4208/2043/297 4209/2045/297 4204/2039/297
f 4204/2039/62 4209/2045/62 4210/2044/62 4206/2040/62
s 1
f 732/2046/490 731/2047/491 730/2048/492 729/2049/493 728/2050/494 727/2051/495 726/2052/496 725/2053/497 724/2054/498 723/2055/499 722/2056/500 721/2057/501 720/2058/502 719/2059/503 718/2060/504 717/2061/505 716/2062/506 715/2063/507 714/2064/508 713/2065/509 712/2066/510 711/2067/511 710/2068/512 709/2069/513 708/2070/514 707/2071/515 744/2072/516 743/2073/517 742/2074/518 741/2075/519 740/2076/520 739/2077/521 738/2078/522 737/2079/523 736/2080/524 735/2081/525 734/2082/526 733/2083/527
f 605/2084/528 604/2085/529 769/2086/530 768/2087/531
f 592/2088/532 706/2089/533 782/2090/534 781/2091/535
f 597/2092/536 596/2093/537 777/2094/538 776/2095/539
f 624/2096/540 623/2097/541 750/2098/542 749/2099/543
f 616/2100/544 615/2101/545 758/2102/546 757/2103/547
f 608/2104/548 607/2105/549 766/2106/550 765/2107/551
f 600/2108/552 599/2109/553 774/2110/554 773/2111/555
f 703/2112/556 626/2113/557 747/2114/558 746/2115/559
f 619/2116/560 618/2117/561 755/2118/562 754/2119/563
f 611/2120/564 610/2121/565 763/2122/566 762/2123/567
f 603/2124/568 602/2125/569 771/2126/570 770/2127/571
f 595/2128/572 594/2129/573 779/2130/574 778/2131/575
f 622/2132/576 621/2133/577 752/2134/578 751/2135/579
f 614/2136/580 613/2137/581 760/2138/582 759/2139/583
f 606/2140/584 605/2141/528 768/2142/531 767/2143/585
f 598/2144/586 597/2145/536 776/2146/539 775/2147/587
f 625/2148/588 624/2096/540 749/2099/543 748/2149/589
f 617/2150/590 616/2151/544 757/2152/547 756/2153/591
f 609/2154/592 608/2155/548 765/2156/551 764/2157/593
f 601/2158/594 600/2159/552 773/2160/555 772/2161/595
f 593/2162/596 592/2163/532 781/2164/535 780/2165/597
f 704/2166/598 703/2112/556 746/2115/559 745/2167/599
f 620/2168/600 619/2116/560 754/2119/563 753/2169/601
f 612/2170/602 611/2171/564 762/2172/567 761/2173/603
f 604/2174/529 603/2175/568 770/2176/571 769/2177/530
f 596/2178/537 595/2179/572 778/2180/575 777/2181/538
f 623/2097/541 622/2132/576 751/2135/579 750/2098/542
f 615/2182/545 614/2183/580 759/2184/583 758/2185/546
f 607/2186/549 606/2187/584 767/2188/585 766/2189/550
f 599/2190/553 598/2191/586 775/2192/587 774/2193/554
f 626/2113/557 625/2148/588 748/2149/589 747/2114/558
f 618/2117/561 617/2150/590 756/2153/591 755/2118/562
f 610/2194/565 609/2195/592 764/2196/593 763/2197/566
f 602/2198/569 601/2199/594 772/2200/595 771/2201/570
f 594/2202/573 593/2203/596 780/2204/597 779/2205/574
f 706/2206/533 704/2207/598 745/2208/599 782/2209/534
f 621/2133/577 620/2168/600 753/2169/601 752/2134/578
f 613/2210/581 612/2211/602 761/2212/603 760/2213/582
f 808/2214/604 807/2215/605 883/2216/62 884/2217/62
f 754/2119/563 755/2118/562 831/2218/606 830/2219/607
f 780/2165/597 781/2164/535 857/2220/608 856/2221/609
f 807/2222/605 806/2223/610 882/2224/62 883/2225/62
f 753/2169/601 754/2119/563 830/2219/607 829/2226/611
f 779/2205/574 780/2204/597 856/2227/609 855/2228/612
f 806/2229/610 805/2230/613 881/2231/62 882/2232/62
f 752/2134/578 753/2169/601 829/2226/611 828/2233/614
f 778/2131/575 779/2130/574 855/2234/612 854/2235/615
f 805/2236/613 804/2237/616 880/2238/62 881/2239/62
f 751/2135/579 752/2134/578 828/2233/614 827/2240/617
f 777/2181/538 778/2180/575 854/2241/615 853/2242/618
f 804/2243/616 803/2244/619 879/2245/62 880/2246/62
f 750/2098/542 751/2135/579 827/2240/617 826/2247/620
f 776/2095/539 777/2094/538 853/2248/618 852/2249/621
f 803/2250/619 802/2251/622 878/2252/62 879/2253/62
f 749/2099/543 750/2098/542 826/2247/620 825/2254/623
f 775/2147/587 776/2146/539 852/2255/621 851/2256/624
f 802/2257/622 801/2258/625 877/2259/62 878/2260/62
f 748/2149/589 749/2099/543 825/2254/623 824/2261/626
f 774/2193/554 775/2192/587 851/2262/624 850/2263/627
f 801/2264/625 800/2265/628 876/2266/62 877/2267/62
f 747/2114/558 748/2149/589 824/2261/626 823/2268/629
f 773/2111/555 774/2110/554 850/2269/627 849/2270/630
f 800/2271/628 799/2272/631 875/2273/62 876/2274/62
f 746/2115/559 747/2114/558 823/2268/629 822/2275/632
f 772/2161/595 773/2160/555 849/2276/630 848/2277/633
f 799/2278/631 798/2279/634 874/2280/62 875/2281/62
f 745/2167/599 746/2115/559 822/2275/632 821/2282/635
f 771/2201/570 772/2200/595 848/2283/633 847/2284/636
f 798/2285/634 797/2286/637 873/2287/62 874/2288/62
f 770/2127/571 771/2126/570 847/2289/636 846/2290/638
f 797/2291/637 796/2292/639 872/2293/62 873/2294/62
f 769/2177/530 770/2176/571 846/2295/638 845/2296/640
f 796/2297/639 795/2298/641 871/2299/62 872/2300/62
f 788/2301/642 789/2302/643 738/2303/522 739/2304/521
f 768/2087/531 769/2086/530 845/2305/640 844/2306/644
f 795/2307/641 794/2308/645 870/2309/62 871/2310/62
f 783/2311/646 820/2312/647 896/2313/62 859/2314/62
f 815/2315/648 816/2316/649 711/2317/511 712/2318/510
f 802/2251/622 803/2250/619 724/2319/498 725/2320/497
f 789/2302/643 790/2321/650 737/2322/523 738/2303/522
f 816/2323/649 817/2324/651 710/2325/512 711/2326/511
f 803/2244/619 804/2243/616 723/2327/499 724/2328/498
f 790/2321/650 791/2329/652 736/2330/524 737/2322/523
f 817/2331/651 818/2332/653 709/2333/513 710/2334/512
f 804/2237/616 805/2236/613 722/2335/500 723/2336/499
f 791/2329/652 792/2337/654 735/2338/525 736/2330/524
f 818/2339/653 819/2340/655 708/2341/514 709/2342/513
f 805/2230/613 806/2229/610 721/2343/501 722/2344/500
f 792/2337/654 793/2345/656 734/2346/526 735/2338/525
f 819/2347/655 820/2348/647 707/2349/515 708/2350/514
f 806/2223/610 807/2222/605 720/2351/502 721/2352/501
f 793/2345/656 794/2308/645 733/2353/527 734/2346/526
f 820/2312/647 783/2311/646 744/2354/516 707/2355/515
f 807/2215/605 808/2214/604 719/2356/503 720/2357/502
f 794/2308/645 795/2307/641 732/2358/490 733/2353/527
f 808/2359/604 809/2360/657 718/2361/504 719/2362/503
f 795/2298/641 796/2297/639 731/2363/491 732/2364/490
f 809/2365/657 810/2366/658 717/2367/505 718/2368/504
f 796/2292/639 797/2291/637 730/2369/492 731/2370/491
f 783/2371/646 784/2372/659 743/2373/517 744/2374/516
f 810/2375/658 811/2376/660 716/2377/506 717/2378/505
f 797/2286/637 798/2285/634 729/2379/493 730/2380/492
f 784/2372/659 785/2381/661 742/2382/518 743/2373/517
f 811/2383/660 812/2384/662 715/2385/507 716/2386/506
f 798/2279/634 799/2278/631 728/2387/494 729/2388/493
f 785/2381/661 786/2389/663 741/2390/519 742/2382/518
f 812/2391/662 813/2392/664 714/2393/508 715/2394/507
f 799/2272/631 800/2271/628 727/2395/495 728/2396/494
f 786/2389/663 787/2397/665 740/2398/520 741/2390/519
f 813/2399/664 814/2400/666 713/2401/509 714/2402/508
f 800/2265/628 801/2264/625 726/2403/496 727/2404/495
f 787/2397/665 788/2301/642 739/2304/521 740/2398/520
f 814/2405/666 815/2406/648 712/2407/510 713/2408/509
f 801/2258/625 802/2257/622 725/2409/497 726/2410/496
f 781/2091/535 782/2090/534 858/2411/667 857/2412/608
f 755/2118/562 756/2153/591 832/2413/668 831/2218/606
f 809/2360/657 808/2359/604 884/2414/62 885/2415/62
f 782/2209/534 745/2208/599 821/2416/635 858/2417/667
f 756/2153/591 757/2152/547 833/2418/669 832/2413/668
f 810/2366/658 809/2365/657 885/2419/62 886/2420/62
f 784/2372/659 783/2371/646 859/2421/62 860/2422/62
f 757/2103/547 758/2102/546 834/2423/670 833/2424/669
f 811/2376/660 810/2375/658 886/2425/62 887/2426/62
f 785/2381/661 784/2372/659 860/2422/62 861/2427/62
f 758/2185/546 759/2184/583 835/2428/671 834/2429/670
f 812/2384/662 811/2383/660 887/2430/62 888/2431/62
f 786/2389/663 785/2381/661 861/2427/62 862/2432/62
f 759/2139/583 760/2138/582 836/2433/672 835/2434/671
f 813/2392/664 812/2391/662 888/2435/62 889/2436/62
f 787/2397/665 786/2389/663 862/2432/62 863/2437/62
f 760/2213/582 761/2212/603 837/2438/673 836/2439/672
f 814/2400/666 813/2399/664 889/2440/62 890/2441/62
f 788/2301/642 787/2397/665 863/2437/62 864/2442/62
f 761/2173/603 762/2172/567 838/2443/674 837/2444/673
f 815/2406/648 814/2405/666 890/2445/62 891/2446/62
f 789/2302/643 788/2301/642 864/2442/62 865/2447/62
f 762/2123/567 763/2122/566 839/2448/675 838/2449/674
f 816/2316/649 815/2315/648 891/2450/62 892/2451/62
f 790/2321/650 789/2302/643 865/2447/62 866/2452/62
f 763/2197/566 764/2196/593 840/2453/676 839/2454/675
f 817/2324/651 816/2323/649 892/2455/62 893/2456/62
f 791/2329/652 790/2321/650 866/2452/62 867/2457/62
f 764/2157/593 765/2156/551 841/2458/677 840/2459/676
f 818/2332/653 817/2331/651 893/2460/62 894/2461/62
f 792/2337/654 791/2329/652 867/2457/62 868/2462/62
f 765/2107/551 766/2106/550 842/2463/678 841/2464/677
f 819/2340/655 818/2339/653 894/2465/62 895/2466/62
f 793/2345/656 792/2337/654 868/2462/62 869/2467/62
f 766/2189/550 767/2188/585 843/2468/679 842/2469/678
f 820/2348/647 819/2347/655 895/2470/62 896/2471/62
f 794/2308/645 793/2345/656 869/2467/62 870/2309/62
f 767/2143/585 768/2142/531 844/2472/644 843/2473/679
f 1037/2474/490 1036/2475/491 1035/2476/492 1034/2477/493 1033/2478/494 1032/2479/495 1031/2480/496 1030/2481/497 1029/2482/498 1028/2483/499 1027/2484/500 1026/2485/501 1025/2486/502 1024/2487/503 1023/2488/504 1022/2489/505 1021/2490/506 1020/2491/507 1019/2492/508 1018/2493/509 1017/2494/510 1016/2495/511 1015/2496/512 1014/2497/513 1013/2498/514 1012/2499/515 1049/2500/516 1048/2501/517 1047/2502/518 1046/2503/519 1045/2504/520 1044/2505/521 1043/2506/522 1042/2507/523 1041/2508/524 1040/2509/525 1039/2510/526 1038/2511/527
f 910/2512/528 909/2513/529 1074/2514/530 1073/2515/531
f 897/2516/532 1011/2517/533 1087/2518/534 1086/2519/535
f 902/2520/536 901/2521/537 1082/2522/538 1081/2523/539
f 929/2524/540 928/2525/541 1055/2526/542 1054/2527/543
f 921/2528/544 920/2529/545 1063/2530/546 1062/2531/547
f 913/2532/548 912/2533/549 1071/2534/550 1070/2535/551
f 905/2536/552 904/2537/553 1079/2538/554 1078/2539/555
f 1008/2540/556 931/2541/557 1052/2542/558 1051/2543/559
f 924/2544/560 923/2545/561 1060/2546/562 1059/2547/563
f 916/2548/564 915/2549/565 1068/2550/566 1067/2551/567
f 908/2552/568 907/2553/569 1076/2554/570 1075/2555/571
f 900/2556/572 899/2557/573 1084/2558/574 1083/2559/575
f 927/2560/576 926/2561/577 1057/2562/578 1056/2563/579
f 919/2564/580 918/2565/581 1065/2566/582 1064/2567/583
f 911/2568/584 910/2569/528 1073/2570/531 1072/2571/585
f 903/2572/586 902/2573/536 1081/2574/539 1080/2575/587
f 930/2576/588 929/2524/540 1054/2527/543 1053/2577/589
f 922/2578/590 921/2579/544 1062/2580/547 1061/2581/591
f 914/2582/592 913/2583/548 1070/2584/551 1069/2585/593
f 906/2586/594 905/2587/552 1078/2588/555 1077/2589/595
f 898/2590/596 897/2591/532 1086/2592/535 1085/2593/597
f 1009/2594/598 1008/2540/556 1051/2543/559 1050/2595/599
f 925/2596/600 924/2544/560 1059/2547/563 1058/2597/601
f 917/2598/602 916/2599/564 1067/2600/567 1066/2601/603
f 909/2602/529 908/2603/568 1075/2604/571 1074/2605/530
f 901/2606/537 900/2607/572 1083/2608/575 1082/2609/538
f 928/2525/541 927/2560/576 1056/2563/579 1055/2526/542
f 920/2610/545 919/2611/580 1064/2612/583 1063/2613/546
f 912/2614/549 911/2615/584 1072/2616/585 1071/2617/550
f 904/2618/553 903/2619/586 1080/2620/587 1079/2621/554
f 931/2541/557 930/2576/588 1053/2577/589 1052/2542/558
f 923/2545/561 922/2578/590 1061/2581/591 1060/2546/562
f 915/2622/565 914/2623/592 1069/2624/593 1068/2625/566
f 907/2626/569 906/2627/594 1077/2628/595 1076/2629/570
f 899/2630/573 898/2631/596 1085/2632/597 1084/2633/574
f 1011/2634/533 1009/2635/598 1050/2636/599 1087/2637/534
f 926/2561/577 925/2596/600 1058/2597/601 1057/2562/578
f 918/2638/581 917/2639/602 1066/2640/603 1065/2641/582
f 1113/2642/604 1112/2643/605 1188/2644/62 1189/2645/62
f 1059/2547/563 1060/2546/562 1136/2646/606 1135/2647/607
f 1085/2593/597 1086/2592/535 1162/2648/608 1161/2649/609
f 1112/2650/605 1111/2651/610 1187/2652/62 1188/2653/62
f 1058/2597/601 1059/2547/563 1135/2647/607 1134/2654/611
f 1084/2633/574 1085/2632/597 1161/2655/609 1160/2656/612
f 1111/2657/610 1110/2658/613 1186/2659/62 1187/2660/62
f 1057/2562/578 1058/2597/601 1134/2654/611 1133/2661/614
f 1083/2559/575 1084/2558/574 1160/2662/612 1159/2663/615
f 1110/2664/613 1109/2665/616 1185/2666/62 1186/2667/62
f 1056/2563/579 1057/2562/578 1133/2661/614 1132/2668/617
f 1082/2609/538 1083/2608/575 1159/2669/615 1158/2670/618
f 1109/2671/616 1108/2672/619 1184/2673/62 1185/2674/62
f 1055/2526/542 1056/2563/579 1132/2668/617 1131/2675/620
f 1081/2523/539 1082/2522/538 1158/2676/618 1157/2677/621
f 1108/2678/619 1107/2679/622 1183/2680/62 1184/2681/62
f 1054/2527/543 1055/2526/542 1131/2675/620 1130/2682/623
f 1080/2575/587 1081/2574/539 1157/2683/621 1156/2684/624
f 1107/2685/622 1106/2686/625 1182/2687/62 1183/2688/62
f 1053/2577/589 1054/2527/543 1130/2682/623 1129/2689/626
f 1079/2621/554 1080/2620/587 1156/2690/624 1155/2691/627
f 1106/2692/625 1105/2693/628 1181/2694/62 1182/2695/62
f 1052/2542/558 1053/2577/589 1129/2689/626 1128/2696/629
f 1078/2539/555 1079/2538/554 1155/2697/627 1154/2698/630
f 1105/2699/628 1104/2700/631 1180/2701/62 1181/2702/62
f 1051/2543/559 1052/2542/558 1128/2696/629 1127/2703/632
f 1077/2589/595 1078/2588/555 1154/2704/630 1153/2705/633
f 1104/2706/631 1103/2707/634 1179/2708/62 1180/2709/62
f 1050/2595/599 1051/2543/559 1127/2703/632 1126/2710/635
f 1076/2629/570 1077/2628/595 1153/2711/633 1152/2712/636
f 1103/2713/634 1102/2714/637 1178/2715/62 1179/2716/62
f 1075/2555/571 1076/2554/570 1152/2717/636 1151/2718/638
f 1102/2719/637 1101/2720/639 1177/2721/62 1178/2722/62
f 1074/2605/530 1075/2604/571 1151/2723/638 1150/2724/640
f 1101/2725/639 1100/2726/641 1176/2727/62 1177/2728/62
f 1093/2729/642 1094/2730/643 1043/2731/522 1044/2732/521
f 1073/2515/531 1074/2514/530 1150/2733/640 1149/2734/644
f 1100/2735/641 1099/2736/645 1175/2737/62 1176/2738/62
f 1088/2739/646 1125/2740/647 1201/2741/62 1164/2742/62
f 1120/2743/648 1121/2744/649 1016/2745/511 1017/2746/510
f 1107/2679/622 1108/2678/619 1029/2747/498 1030/2748/497
f 1094/2730/643 1095/2749/650 1042/2750/523 1043/2731/522
f 1121/2751/649 1122/2752/651 1015/2753/512 1016/2754/511
f 1108/2672/619 1109/2671/616 1028/2755/499 1029/2756/498
f 1095/2749/650 1096/2757/652 1041/2758/524 1042/2750/523
f 1122/2759/651 1123/2760/653 1014/2761/513 1015/2762/512
f 1109/2665/616 1110/2664/613 1027/2763/500 1028/2764/499
f 1096/2757/652 1097/2765/654 1040/2766/525 1041/2758/524
f 1123/2767/653 1124/2768/655 1013/2769/514 1014/2770/513
f 1110/2658/613 1111/2657/610 1026/2771/501 1027/2772/500
f 1097/2765/654 1098/2773/656 1039/2774/526 1040/2766/525
f 1124/2775/655 1125/2776/647 1012/2777/515 1013/2778/514
f 1111/2651/610 1112/2650/605 1025/2779/502 1026/2780/501
f 1098/2773/656 1099/2736/645 1038/2781/527 1039/2774/526
f 1125/2740/647 1088/2739/646 1049/2782/516 1012/2783/515
f 1112/2643/605 1113/2642/604 1024/2784/503 1025/2785/502
f 1099/2736/645 1100/2735/641 1037/2786/490 1038/2781/527
f 1113/2787/604 1114/2788/657 1023/2789/504 1024/2790/503
f 1100/2726/641 1101/2725/639 1036/2791/491 1037/2792/490
f 1114/2793/657 1115/2794/658 1022/2795/505 1023/2796/504
f 1101/2720/639 1102/2719/637 1035/2797/492 1036/2798/491
f 1088/2799/646 1089/2800/659 1048/2801/517 1049/2802/516
f 1115/2803/658 1116/2804/660 1021/2805/506 1022/2806/505
f 1102/2714/637 1103/2713/634 1034/2807/493 1035/2808/492
f 1089/2800/659 1090/2809/661 1047/2810/518 1048/2801/517
f 1116/2811/660 1117/2812/662 1020/2813/507 1021/2814/506
f 1103/2707/634 1104/2706/631 1033/2815/494 1034/2816/493
f 1090/2809/661 1091/2817/663 1046/2818/519 1047/2810/518
f 1117/2819/662 1118/2820/664 1019/2821/508 1020/2822/507
f 1104/2700/631 1105/2699/628 1032/2823/495 1033/2824/494
f 1091/2817/663 1092/2825/665 1045/2826/520 1046/2818/519
f 1118/2827/664 1119/2828/666 1018/2829/509 1019/2830/508
f 1105/2693/628 1106/2692/625 1031/2831/496 1032/2832/495
f 1092/2825/665 1093/2729/642 1044/2732/521 1045/2826/520
f 1119/2833/666 1120/2834/648 1017/2835/510 1018/2836/509
f 1106/2686/625 1107/2685/622 1030/2837/497 1031/2838/496
f 1086/2519/535 1087/2518/534 1163/2839/667 1162/2840/608
f 1060/2546/562 1061/2581/591 1137/2841/668 1136/2646/606
f 1114/2788/657 1113/2787/604 1189/2842/62 1190/2843/62
f 1087/2637/534 1050/2636/599 1126/2844/635 1163/2845/667
f 1061/2581/591 1062/2580/547 1138/2846/669 1137/2841/668
f 1115/2794/658 1114/2793/657 1190/2847/62 1191/2848/62
f 1089/2800/659 1088/2799/646 1164/2849/62 1165/2850/62
f 1062/2531/547 1063/2530/546 1139/2851/670 1138/2852/669
f 1116/2804/660 1115/2803/658 1191/2853/62 1192/2854/62
f 1090/2809/661 1089/2800/659 1165/2850/62 1166/2855/62
f 1063/2613/546 1064/2612/583 1140/2856/671 1139/2857/670
f 1117/2812/662 1116/2811/660 1192/2858/62 1193/2859/62
f 1091/2817/663 1090/2809/661 1166/2855/62 1167/2860/62
f 1064/2567/583 1065/2566/582 1141/2861/672 1140/2862/671
f 1118/2820/664 1117/2819/662 1193/2863/62 1194/2864/62
f 1092/2825/665 1091/2817/663 1167/2860/62 1168/2865/62
f 1065/2641/582 1066/2640/603 1142/2866/673 1141/2867/672
f 1119/2828/666 1118/2827/664 1194/2868/62 1195/2869/62
f 1093/2729/642 1092/2825/665 1168/2865/62 1169/2870/62
f 1066/2601/603 1067/2600/567 1143/2871/674 1142/2872/673
f 1120/2834/648 1119/2833/666 1195/2873/62 1196/2874/62
f 1094/2730/643 1093/2729/642 1169/2870/62 1170/2875/62
f 1067/2551/567 1068/2550/566 1144/2876/675 1143/2877/674
f 1121/2744/649 1120/2743/648 1196/2878/62 1197/2879/62
f 1095/2749/650 1094/2730/643 1170/2875/62 1171/2880/62
f 1068/2625/566 1069/2624/593 1145/2881/676 1144/2882/675
f 1122/2752/651 1121/2751/649 1197/2883/62 1198/2884/62
f 1096/2757/652 1095/2749/650 1171/2880/62 1172/2885/62
f 1069/2585/593 1070/2584/551 1146/2886/677 1145/2887/676
f 1123/2760/653 1122/2759/651 1198/2888/62 1199/2889/62
f 1097/2765/654 1096/2757/652 1172/2885/62 1173/2890/62
f 1070/2535/551 1071/2534/550 1147/2891/678 1146/2892/677
f 1124/2768/655 1123/2767/653 1199/2893/62 1200/2894/62
f 1098/2773/656 1097/2765/654 1173/2890/62 1174/2895/62
f 1071/2617/550 1072/2616/585 1148/2896/679 1147/2897/678
f 1125/2776/647 1124/2775/655 1200/2898/62 1201/2899/62
f 1099/2736/645 1098/2773/656 1174/2895/62 1175/2737/62
f 1072/2571/585 1073/2570/531 1149/2900/644 1148/2901/679
f 2837/2902/680 2838/2903/681 2839/2904/682 2840/2905/683 2841/2906/684 2842/2907/685 2843/2908/686 2844/2909/687 2845/2910/688 2846/2911/689 2847/2912/690 2848/2913/691 2849/2914/692 2812/2915/693 2813/2916/694 2814/2917/695 2815/2918/696 2816/2919/697 2817/2920/698 2818/2921/699 2819/2922/700 2820/2923/701 2821/2924/702 2822/2925/703 2823/2926/704 2824/2927/705 2825/2928/706 2826/2929/707 2827/2930/708 2828/2931/709 2829/2932/710 2830/2933/711 2831/2934/712 2832/2935/713 2833/2936/714 2834/2937/715 2835/2938/716 2836/2939/717
f 2710/2940/718 2873/2941/719 2874/2942/720 2709/2943/721
f 2697/2944/722 2886/2945/723 2887/2946/724 2811/2947/725
f 2702/2948/726 2881/2949/727 2882/2950/728 2701/2951/729
f 2729/2952/730 2854/2953/731 2855/2954/732 2728/2955/733
f 2721/2956/734 2862/2957/735 2863/2958/736 2720/2959/737
f 2713/2960/738 2870/2961/739 2871/2962/740 2712/2963/741
f 2705/2964/742 2878/2965/743 2879/2966/744 2704/2967/745
f 2808/2968/746 2851/2969/747 2852/2970/748 2731/2971/749
f 2724/2972/750 2859/2973/751 2860/2974/752 2723/2975/753
f 2716/2976/754 2867/2977/755 2868/2978/756 2715/2979/757
f 2708/2980/758 2875/2981/759 2876/2982/760 2707/2983/761
f 2700/2984/762 2883/2985/763 2884/2986/764 2699/2987/765
f 2727/2988/766 2856/2989/767 2857/2990/768 2726/2991/769
f 2719/2992/770 2864/2993/771 2865/2994/772 2718/2995/773
f 2711/2996/774 2872/2997/775 2873/2998/719 2710/2999/718
f 2703/3000/776 2880/3001/777 2881/3002/727 2702/3003/726
f 2730/3004/778 2853/3005/779 2854/2953/731 2729/2952/730
f 2722/3006/780 2861/3007/781 2862/3008/735 2721/3009/734
f 2714/3010/782 2869/3011/783 2870/3012/739 2713/3013/738
f 2706/3014/784 2877/3015/785 2878/3016/743 2705/3017/742
f 2698/3018/786 2885/3019/787 2886/3020/723 2697/3021/722
f 2809/3022/788 2850/3023/789 2851/2969/747 2808/2968/746
f 2725/3024/790 2858/3025/791 2859/2973/751 2724/2972/750
f 2717/3026/792 2866/3027/793 2867/3028/755 2716/3029/754
f 2709/3030/721 2874/3031/720 2875/3032/759 2708/3033/758
f 2701/3034/729 2882/3035/728 2883/3036/763 2700/3037/762
f 2728/2955/733 2855/2954/732 2856/2989/767 2727/2988/766
f 2720/3038/737 2863/3039/736 2864/3040/771 2719/3041/770
f 2712/3042/741 2871/3043/740 2872/3044/775 2711/3045/774
f 2704/3046/745 2879/3047/744 2880/3048/777 2703/3049/776
f 2731/2971/749 2852/2970/748 2853/3005/779 2730/3004/778
f 2723/2975/753 2860/2974/752 2861/3007/781 2722/3006/780
f 2715/3050/757 2868/3051/756 2869/3052/783 2714/3053/782
f 2707/3054/761 2876/3055/760 2877/3056/785 2706/3057/784
f 2699/3058/765 2884/3059/764 2885/3060/787 2698/3061/786
f 2811/3062/725 2887/3063/724 2850/3064/789 2809/3065/788
f 2726/2991/769 2857/2990/768 2858/3025/791 2725/3024/790
f 2718/3066/773 2865/3067/772 2866/3068/793 2717/3069/792
f 2913/3070/794 2989/3071/411 2988/3072/795 2912/3073/796
f 2859/2973/751 2935/3074/797 2936/3075/798 2860/2974/752
f 2885/3019/787 2961/3076/799 2962/3077/800 2886/3020/723
f 2912/3078/796 2988/3079/795 2987/3080/7 2911/3081/801
f 2858/3025/791 2934/3082/802 2935/3074/797 2859/2973/751
f 2884/3059/764 2960/3083/803 2961/3084/799 2885/3060/787
f 2911/3085/801 2987/3086/7 2986/3087/7 2910/3088/804
f 2857/2990/768 2933/3089/805 2934/3082/802 2858/3025/791
f 2883/2985/763 2959/3090/806 2960/3091/803 2884/2986/764
f 2910/3092/804 2986/3093/7 2985/3094/795 2909/3095/807
f 2856/2989/767 2932/3096/808 2933/3089/805 2857/2990/768
f 2882/3035/728 2958/3097/809 2959/3098/806 2883/3036/763
f 2909/3099/807 2985/3100/795 2984/3101/7 2908/3102/810
f 2855/2954/732 2931/3103/811 2932/3096/808 2856/2989/767
f 2881/2949/727 2957/3104/812 2958/3105/809 2882/2950/728
f 2908/3106/810 2984/3107/7 2983/3108/7 2907/3109/813
f 2854/2953/731 2930/3110/814 2931/3103/811 2855/2954/732
f 2880/3001/777 2956/3111/815 2957/3112/812 2881/3002/727
f 2907/3113/813 2983/3114/7 2982/3115/7 2906/3116/816
f 2853/3005/779 2929/3117/817 2930/3110/814 2854/2953/731
f 2879/3047/744 2955/3118/818 2956/3119/815 2880/3048/777
f 2906/3120/816 2982/3121/7 2981/3122/819 2905/3123/820
f 2852/2970/748 2928/3124/821 2929/3117/817 2853/3005/779
f 2878/2965/743 2954/3125/822 2955/3126/818 2879/2966/744
f 2905/3127/820 2981/3128/819 2980/3129/819 2904/3130/823
f 2851/2969/747 2927/3131/824 2928/3124/821 2852/2970/748
f 2877/3015/785 2953/3132/825 2954/3133/822 2878/3016/743
f 2904/3134/823 2980/3135/819 2979/3136/819 2903/3137/826
f 2850/3023/789 2926/3138/827 2927/3131/824 2851/2969/747
f 2876/3055/760 2952/3139/828 2953/3140/825 2877/3056/785
f 2903/3141/826 2979/3142/819 2978/3143/7 2902/3144/829
f 2875/2981/759 2951/3145/830 2952/3146/828 2876/2982/760
f 2902/3147/829 2978/3148/7 2977/3149/795 2901/3150/831
f 2874/3031/720 2950/3151/832 2951/3152/830 2875/3032/759
f 2901/3153/831 2977/3154/795 2976/3155/411 2900/3156/833
f 2893/3157/834 2844/3158/687 2843/3159/686 2894/3160/835
f 2873/2941/719 2949/3161/836 2950/3162/832 2874/2942/720
f 2900/3163/833 2976/3164/411 2975/3165/411 2899/3166/837
f 2888/3167/838 2964/3168/7 3001/3169/7 2925/3170/839
f 2920/3171/840 2817/3172/698 2816/3173/697 2921/3174/841
f 2907/3109/813 2830/3175/711 2829/3176/710 2908/3106/810
f 2894/3160/835 2843/3159/686 2842/3177/685 2895/3178/842
f 2921/3179/841 2816/3180/697 2815/3181/696 2922/3182/843
f 2908/3102/810 2829/3183/710 2828/3184/709 2909/3099/807
f 2895/3178/842 2842/3177/685 2841/3185/684 2896/3186/844
f 2922/3187/843 2815/3188/696 2814/3189/695 2923/3190/845
f 2909/3095/807 2828/3191/709 2827/3192/708 2910/3092/804
f 2896/3186/844 2841/3185/684 2840/3193/683 2897/3194/846
f 2923/3195/845 2814/3196/695 2813/3197/694 2924/3198/847
f 2910/3088/804 2827/3199/708 2826/3200/707 2911/3085/801
f 2897/3194/846 2840/3193/683 2839/3201/682 2898/3202/848
f 2924/3203/847 2813/3204/694 2812/3205/693 2925/3206/839
f 2911/3081/801 2826/3207/707 2825/3208/706 2912/3078/796
f 2898/3202/848 2839/3201/682 2838/3209/681 2899/3166/837
f 2925/3170/839 2812/3210/693 2849/3211/692 2888/3167/838
f 2912/3073/796 2825/3212/706 2824/3213/705 2913/3070/794
f 2899/3166/837 2838/3209/681 2837/3214/680 2900/3163/833
f 2913/3215/794 2824/3216/705 2823/3217/704 2914/3218/849
f 2900/3156/833 2837/3219/680 2836/3220/717 2901/3153/831
f 2914/3221/849 2823/3222/704 2822/3223/703 2915/3224/850
f 2901/3150/831 2836/3225/717 2835/3226/716 2902/3147/829
f 2888/3227/838 2849/3228/692 2848/3229/691 2889/3230/851
f 2915/3231/850 2822/3232/703 2821/3233/702 2916/3234/852
f 2902/3144/829 2835/3235/716 2834/3236/715 2903/3141/826
f 2889/3230/851 2848/3229/691 2847/3237/690 2890/3238/853
f 2916/3239/852 2821/3240/702 2820/3241/701 2917/3242/854
f 2903/3137/826 2834/3243/715 2833/3244/714 2904/3134/823
f 2890/3238/853 2847/3237/690 2846/3245/689 2891/3246/855
f 2917/3247/854 2820/3248/701 2819/3249/700 2918/3250/856
f 2904/3130/823 2833/3251/714 2832/3252/713 2905/3127/820
f 2891/3246/855 2846/3245/689 2845/3253/688 2892/3254/857
f 2918/3255/856 2819/3256/700 2818/3257/699 2919/3258/858
f 2905/3123/820 2832/3259/713 2831/3260/712 2906/3120/816
f 2892/3254/857 2845/3253/688 2844/3158/687 2893/3157/834
f 2919/3261/858 2818/3262/699 2817/3263/698 2920/3264/840
f 2906/3116/816 2831/3265/712 2830/3266/711 2907/3113/813
f 2886/2945/723 2962/3267/800 2963/3268/859 2887/2946/724
f 2860/2974/752 2936/3075/798 2937/3269/860 2861/3007/781
f 2914/3218/849 2990/3270/7 2989/3271/411 2913/3215/794
f 2887/3063/724 2963/3272/859 2926/3273/827 2850/3064/789
f 2861/3007/781 2937/3269/860 2938/3274/861 2862/3008/735
f 2915/3224/850 2991/3275/189 2990/3276/7 2914/3221/849
f 2889/3230/851 2965/3277/7 2964/3278/7 2888/3227/838
f 2862/2957/735 2938/3279/861 2939/3280/862 2863/2958/736
f 2916/3234/852 2992/3281/7 2991/3282/189 2915/3231/850
f 2890/3238/853 2966/3283/819 2965/3277/7 2889/3230/851
f 2863/3039/736 2939/3284/862 2940/3285/863 2864/3040/771
f 2917/3242/854 2993/3286/7 2992/3287/7 2916/3239/852
f 2891/3246/855 2967/3288/7 2966/3283/819 2890/3238/853
f 2864/2993/771 2940/3289/863 2941/3290/864 2865/2994/772
f 2918/3250/856 2994/3291/189 2993/3292/7 2917/3247/854
f 2892/3254/857 2968/3293/7 2967/3288/7 2891/3246/855
f 2865/3067/772 2941/3294/864 2942/3295/865 2866/3068/793
f 2919/3258/858 2995/3296/189 2994/3297/189 2918/3255/856
f 2893/3157/834 2969/3298/819 2968/3293/7 2892/3254/857
f 2866/3027/793 2942/3299/865 2943/3300/866 2867/3028/755
f 2920/3264/840 2996/3301/7 2995/3302/189 2919/3261/858
f 2894/3160/835 2970/3303/189 2969/3298/819 2893/3157/834
f 2867/2977/755 2943/3304/866 2944/3305/867 2868/2978/756
f 2921/3174/841 2997/3306/795 2996/3307/7 2920/3171/840
f 2895/3178/842 2971/3308/7 2970/3303/189 2894/3160/835
f 2868/3051/756 2944/3309/867 2945/3310/868 2869/3052/783
f 2922/3182/843 2998/3311/7 2997/3312/795 2921/3179/841
f 2896/3186/844 2972/3313/411 2971/3308/7 2895/3178/842
f 2869/3011/783 2945/3314/868 2946/3315/869 2870/3012/739
f 2923/3190/845 2999/3316/7 2998/3317/7 2922/3187/843
f 2897/3194/846 2973/3318/7 2972/3313/411 2896/3186/844
f 2870/2961/739 2946/3319/869 2947/3320/870 2871/2962/740
f 2924/3198/847 3000/3321/795 2999/3322/7 2923/3195/845
f 2898/3202/848 2974/3323/7 2973/3318/7 2897/3194/846
f 2871/3043/740 2947/3324/870 2948/3325/871 2872/3044/775
f 2925/3206/839 3001/3326/7 3000/3327/795 2924/3203/847
f 2899/3166/837 2975/3165/411 2974/3323/7 2898/3202/848
f 2872/2997/775 2948/3328/871 2949/3329/836 2873/2998/719
f 3142/3330/680 3143/3331/681 3144/3332/682 3145/3333/683 3146/3334/684 3147/3335/685 3148/3336/686 3149/3337/687 3150/3338/688 3151/3339/689 3152/3340/690 3153/3341/691 3154/3342/692 3117/3343/693 3118/3344/694 3119/3345/695 3120/3346/696 3121/3347/697 3122/3348/698 3123/3349/699 3124/3350/700 3125/3351/701 3126/3352/702 3127/3353/703 3128/3354/704 3129/3355/705 3130/3356/706 3131/3357/707 3132/3358/708 3133/3359/709 3134/3360/710 3135/3361/711 3136/3362/712 3137/3363/713 3138/3364/714 3139/3365/715 3140/3366/716 3141/3367/717
f 3015/3368/718 3178/3369/719 3179/3370/720 3014/3371/721
f 3002/3372/722 3191/3373/723 3192/3374/724 3116/3375/725
f 3007/3376/726 3186/3377/727 3187/3378/728 3006/3379/729
f 3034/3380/730 3159/3381/731 3160/3382/732 3033/3383/733
f 3026/3384/734 3167/3385/735 3168/3386/736 3025/3387/737
f 3018/3388/738 3175/3389/739 3176/3390/740 3017/3391/741
f 3010/3392/742 3183/3393/872 3184/3394/744 3009/3395/745
f 3113/3396/746 3156/3397/747 3157/3398/748 3036/3399/749
f 3029/3400/750 3164/3401/873 3165/3402/752 3028/3403/753
f 3021/3404/754 3172/3405/755 3173/3406/756 3020/3407/757
f 3013/3408/758 3180/3409/759 3181/3410/760 3012/3411/761
f 3005/3412/762 3188/3413/763 3189/3414/764 3004/3415/765
f 3032/3416/766 3161/3417/767 3162/3418/768 3031/3419/769
f 3024/3420/770 3169/3421/771 3170/3422/772 3023/3423/773
f 3016/3424/774 3177/3425/775 3178/3426/719 3015/3427/718
f 3008/3428/776 3185/3429/777 3186/3430/727 3007/3431/726
f 3035/3432/778 3158/3433/779 3159/3381/731 3034/3380/730
f 3027/3434/780 3166/3435/781 3167/3436/735 3026/3437/734
f 3019/3438/782 3174/3439/783 3175/3440/739 3018/3441/738
f 3011/3442/784 3182/3443/785 3183/3444/872 3010/3445/742
f 3003/3446/786 3190/3447/787 3191/3448/723 3002/3449/722
f 3114/3450/788 3155/3451/789 3156/3397/747 3113/3396/746
f 3030/3452/790 3163/3453/791 3164/3401/873 3029/3400/750
f 3022/3454/792 3171/3455/793 3172/3456/755 3021/3457/754
f 3014/3458/721 3179/3459/720 3180/3460/759 3013/3461/758
f 3006/3462/729 3187/3463/728 3188/3464/763 3005/3465/762
f 3033/3383/733 3160/3382/732 3161/3417/767 3032/3416/766
f 3025/3466/737 3168/3467/736 3169/3468/771 3024/3469/770
f 3017/3470/741 3176/3471/740 3177/3472/775 3016/3473/774
f 3009/3474/745 3184/3475/744 3185/3476/777 3008/3477/776
f 3036/3399/749 3157/3398/748 3158/3433/779 3035/3432/778
f 3028/3403/753 3165/3402/752 3166/3435/781 3027/3434/780
f 3020/3478/757 3173/3479/756 3174/3480/783 3019/3481/782
f 3012/3482/761 3181/3483/760 3182/3484/785 3011/3485/784
f 3004/3486/765 3189/3487/764 3190/3488/787 3003/3489/786
f 3116/3490/725 3192/3491/724 3155/3492/789 3114/3493/788
f 3031/3419/769 3162/3418/768 3163/3453/791 3030/3452/790
f 3023/3494/773 3170/3495/772 3171/3496/793 3022/3497/792
f 3218/3498/794 3294/3499/411 3293/3500/795 3217/3501/796
f 3164/3401/873 3240/3502/797 3241/3503/798 3165/3402/752
f 3190/3447/787 3266/3504/799 3267/3505/800 3191/3448/723
f 3217/3506/796 3293/3507/795 3292/3508/7 3216/3509/874
f 3163/3453/791 3239/3510/802 3240/3502/797 3164/3401/873
f 3189/3487/764 3265/3511/803 3266/3512/799 3190/3488/787
f 3216/3513/874 3292/3514/7 3291/3515/7 3215/3516/804
f 3162/3418/768 3238/3517/805 3239/3510/802 3163/3453/791
f 3188/3413/763 3264/3518/806 3265/3519/803 3189/3414/764
f 3215/3520/804 3291/3521/7 3290/3522/795 3214/3523/807
f 3161/3417/767 3237/3524/808 3238/3517/805 3162/3418/768
f 3187/3463/728 3263/3525/809 3264/3526/806 3188/3464/763
f 3214/3527/807 3290/3528/795 3289/3529/7 3213/3530/810
f 3160/3382/732 3236/3531/811 3237/3524/808 3161/3417/767
f 3186/3377/727 3262/3532/812 3263/3533/809 3187/3378/728
f 3213/3534/810 3289/3535/7 3288/3536/7 3212/3537/813
f 3159/3381/731 3235/3538/814 3236/3531/811 3160/3382/732
f 3185/3429/777 3261/3539/815 3262/3540/812 3186/3430/727
f 3212/3541/813 3288/3542/7 3287/3543/7 3211/3544/816
f 3158/3433/779 3234/3545/817 3235/3538/814 3159/3381/731
f 3184/3475/744 3260/3546/818 3261/3547/815 3185/3476/777
f 3211/3548/816 3287/3549/7 3286/3550/819 3210/3551/820
f 3157/3398/748 3233/3552/821 3234/3545/817 3158/3433/779
f 3183/3393/872 3259/3553/822 3260/3554/818 3184/3394/744
f 3210/3555/820 3286/3556/819 3285/3557/819 3209/3558/823
f 3156/3397/747 3232/3559/824 3233/3552/821 3157/3398/748
f 3182/3443/785 3258/3560/825 3259/3561/822 3183/3444/872
f 3209/3562/823 3285/3563/819 3284/3564/819 3208/3565/826
f 3155/3451/789 3231/3566/827 3232/3559/824 3156/3397/747
f 3181/3483/760 3257/3567/828 3258/3568/825 3182/3484/785
f 3208/3569/826 3284/3570/819 3283/3571/7 3207/3572/829
f 3180/3409/759 3256/3573/830 3257/3574/828 3181/3410/760
f 3207/3575/829 3283/3576/7 3282/3577/795 3206/3578/831
f 3179/3459/720 3255/3579/832 3256/3580/830 3180/3460/759
f 3206/3581/831 3282/3582/795 3281/3583/411 3205/3584/833
f 3198/3585/834 3149/3586/687 3148/3587/686 3199/3588/835
f 3178/3369/719 3254/3589/836 3255/3590/832 3179/3370/720
f 3205/3591/833 3281/3592/411 3280/3593/411 3204/3594/837
f 3193/3595/838 3269/3596/7 3306/3597/7 3230/3598/839
f 3225/3599/840 3122/3600/698 3121/3601/697 3226/3602/841
f 3212/3537/813 3135/3603/711 3134/3604/710 3213/3534/810
f 3199/3588/835 3148/3587/686 3147/3605/685 3200/3606/842
f 3226/3607/841 3121/3608/697 3120/3609/696 3227/3610/843
f 3213/3530/810 3134/3611/710 3133/3612/709 3214/3527/807
f 3200/3606/842 3147/3605/685 3146/3613/684 3201/3614/844
f 3227/3615/843 3120/3616/696 3119/3617/695 3228/3618/845
f 3214/3523/807 3133/3619/709 3132/3620/708 3215/3520/804
f 3201/3614/844 3146/3613/684 3145/3621/683 3202/3622/846
f 3228/3623/845 3119/3624/695 3118/3625/694 3229/3626/847
f 3215/3516/804 3132/3627/708 3131/3628/707 3216/3513/874
f 3202/3622/846 3145/3621/683 3144/3629/682 3203/3630/848
f 3229/3631/847 3118/3632/694 3117/3633/693 3230/3634/839
f 3216/3509/874 3131/3635/707 3130/3636/706 3217/3506/796
f 3203/3630/848 3144/3629/682 3143/3637/681 3204/3594/837
f 3230/3598/839 3117/3638/693 3154/3639/692 3193/3595/838
f 3217/3501/796 3130/3640/706 3129/3641/705 3218/3498/794
f 3204/3594/837 3143/3637/681 3142/3642/680 3205/3591/833
f 3218/3643/794 3129/3644/705 3128/3645/704 3219/3646/849
f 3205/3584/833 3142/3647/680 3141/3648/717 3206/3581/831
f 3219/3649/849 3128/3650/704 3127/3651/703 3220/3652/850
f 3206/3578/831 3141/3653/717 3140/3654/716 3207/3575/829
f 3193/3655/838 3154/3656/692 3153/3657/691 3194/3658/851
f 3220/3659/850 3127/3660/703 3126/3661/702 3221/3662/852
f 3207/3572/829 3140/3663/716 3139/3664/715 3208/3569/826
f 3194/3658/851 3153/3657/691 3152/3665/690 3195/3666/853
f 3221/3667/852 3126/3668/702 3125/3669/701 3222/3670/854
f 3208/3565/826 3139/3671/715 3138/3672/714 3209/3562/823
f 3195/3666/853 3152/3665/690 3151/3673/689 3196/3674/855
f 3222/3675/854 3125/3676/701 3124/3677/700 3223/3678/856
f 3209/3558/823 3138/3679/714 3137/3680/713 3210/3555/820
f 3196/3674/855 3151/3673/689 3150/3681/688 3197/3682/857
f 3223/3683/856 3124/3684/700 3123/3685/699 3224/3686/858
f 3210/3551/820 3137/3687/713 3136/3688/712 3211/3548/816
f 3197/3682/857 3150/3681/688 3149/3586/687 3198/3585/834
f 3224/3689/858 3123/3690/699 3122/3691/698 3225/3692/840
f 3211/3544/816 3136/3693/712 3135/3694/711 3212/3541/813
f 3191/3373/723 3267/3695/800 3268/3696/859 3192/3374/724
f 3165/3402/752 3241/3503/798 3242/3697/860 3166/3435/781
f 3219/3646/849 3295/3698/7 3294/3699/411 3218/3643/794
f 3192/3491/724 3268/3700/859 3231/3701/827 3155/3492/789
f 3166/3435/781 3242/3697/860 3243/3702/861 3167/3436/735
f 3220/3652/850 3296/3703/189 3295/3704/7 3219/3649/849
f 3194/3658/851 3270/3705/7 3269/3706/7 3193/3655/838
f 3167/3385/735 3243/3707/861 3244/3708/862 3168/3386/736
f 3221/3662/852 3297/3709/7 3296/3710/189 3220/3659/850
f 3195/3666/853 3271/3711/819 3270/3705/7 3194/3658/851
f 3168/3467/736 3244/3712/862 3245/3713/863 3169/3468/771
f 3222/3670/854 3298/3714/7 3297/3715/7 3221/3667/852
f 3196/3674/855 3272/3716/7 3271/3711/819 3195/3666/853
f 3169/3421/771 3245/3717/863 3246/3718/864 3170/3422/772
f 3223/3678/856 3299/3719/189 3298/3720/7 3222/3675/854
f 3197/3682/857 3273/3721/7 3272/3716/7 3196/3674/855
f 3170/3495/772 3246/3722/864 3247/3723/865 3171/3496/793
f 3224/3686/858 3300/3724/189 3299/3725/189 3223/3683/856
f 3198/3585/834 3274/3726/819 3273/3721/7 3197/3682/857
f 3171/3455/793 3247/3727/865 3248/3728/866 3172/3456/755
f 3225/3692/840 3301/3729/7 3300/3730/189 3224/3689/858
f 3199/3588/835 3275/3731/189 3274/3726/819 3198/3585/834
f 3172/3405/755 3248/3732/866 3249/3733/867 3173/3406/756
f 3226/3602/841 3302/3734/795 3301/3735/7 3225/3599/840
f 3200/3606/842 3276/3736/7 3275/3731/189 3199/3588/835
f 3173/3479/756 3249/3737/867 3250/3738/868 3174/3480/783
f 3227/3610/843 3303/3739/7 3302/3740/795 3226/3607/841
f 3201/3614/844 3277/3741/411 3276/3736/7 3200/3606/842
f 3174/3439/783 3250/3742/868 3251/3743/869 3175/3440/739
f 3228/3618/845 3304/3744/7 3303/3745/7 3227/3615/843
f 3202/3622/846 3278/3746/7 3277/3741/411 3201/3614/844
f 3175/3389/739 3251/3747/869 3252/3748/870 3176/3390/740
f 3229/3626/847 3305/3749/795 3304/3750/7 3228/3623/845
f 3203/3630/848 3279/3751/7 3278/3746/7 3202/3622/846
f 3176/3471/740 3252/3752/870 3253/3753/871 3177/3472/775
f 3230/3634/839 3306/3754/7 3305/3755/795 3229/3631/847
f 3204/3594/837 3280/3593/411 3279/3751/7 3203/3630/848
f 3177/3425/775 3253/3756/871 3254/3757/836 3178/3426/719
usemtl window
s off
f 266/3758/875 302/369/875 248/279/875 227/260/875
f 66/3759/876 65/3760/876 98/3761/876 117/3762/876 109/3763/876 111/3764/876 112/3765/876 61/3766/876
f 1394/3767/877 1399/3768/877 1398/3769/877 1397/3770/877
f 1395/3771/877 1394/3767/877 1397/3770/877 1396/3772/877
f 2371/3773/875 2332/1276/875 2353/1298/875 2407/1387/875
f 2171/3774/878 2166/3775/878 2217/3776/878 2216/3777/878 2214/3778/878 2222/3779/878 2203/3780/878 2170/3781/878
f 3499/1842/879 3502/3782/879 3503/1839/879 3504/1838/879
f 3500/1844/879 3501/3783/879 3502/3782/879 3499/1842/879
usemtl windshield
f 1373/3784/877 1379/3785/877 1391/3786/877 1392/3787/877
f 1380/3788/880 1381/3789/880 1377/3790/880 1374/3791/880
f 1373/3784/881 1377/3790/881 1385/816/881 1383/815/881
f 1378/3792/882 1370/3793/882 1375/3794/882 1380/3788/882
f 1373/3784/883 1372/3795/883 1374/3791/883 1377/3790/883
f 1370/3793/884 1371/811/884 1376/810/884 1375/3794/884
f 1372/3795/882 1378/3792/882 1380/3788/882 1374/3791/882
f 1375/3794/885 1376/810/885 1381/3789/885 1380/3788/885
f 1379/3785/877 1371/811/877 1390/3796/877 1391/3786/877
f 1377/3790/886 1381/3789/886 1384/817/886 1385/816/886
f 1381/3789/887 1376/810/887 1386/813/887 1384/817/887
f 1371/811/888 1379/3785/888 1382/814/888 1387/812/888
f 1379/3785/888 1373/3784/888 1383/815/888 1382/814/888
f 1390/3796/889 1389/3797/889 1395/3771/889 1396/3772/889
f 1393/3798/890 1392/3787/890 1398/3769/890 1399/3768/890
f 1370/3793/877 1378/3792/877 1388/3799/877 1389/3797/877
f 1372/3795/877 1373/3784/877 1392/3787/877 1393/3798/877
f 1378/3792/877 1372/3795/877 1393/3798/877 1388/3799/877
f 1371/811/877 1370/3793/877 1389/3797/877 1390/3796/877
f 1388/3799/891 1393/3798/891 1399/3768/891 1394/3767/891
f 1392/3787/892 1391/3786/892 1397/3770/892 1398/3769/892
f 1389/3797/891 1388/3799/891 1394/3767/891 1395/3771/891
f 1391/3786/892 1390/3796/892 1396/3772/892 1397/3770/892
f 3478/3800/879 3497/1840/879 3496/3801/879 3484/3802/879
f 3485/3803/893 3479/3804/893 3482/3805/893 3486/3806/893
f 3478/3800/894 3488/1834/894 3490/1833/894 3482/3805/894
f 3483/3807/895 3485/3803/895 3480/3808/895 3475/3809/895
f 3478/3800/896 3482/3805/896 3479/3804/896 3477/3810/896
f 3475/3809/897 3480/3808/897 3481/3811/897 3476/3812/897
f 3477/3810/895 3479/3804/895 3485/3803/895 3483/3807/895
f 3481/3811/898 3491/1836/898 3492/1835/898 3476/3812/898
f 3480/3808/899 3485/3803/899 3486/3806/899 3481/3811/899
f 3484/3802/900 3496/3801/900 3495/3813/900 3476/3812/900
f 3482/3805/901 3490/1833/901 3489/1832/901 3486/3806/901
f 3486/3806/902 3489/1832/902 3491/1836/902 3481/3811/902
f 3476/3812/903 3492/1835/903 3487/1831/903 3484/3802/903
f 3484/3802/903 3487/1831/903 3488/1834/903 3478/3800/903
f 3495/3813/904 3501/3783/904 3500/1844/904 3494/1843/904
f 3475/3809/905 3494/1843/905 3493/1841/905 3483/3807/905
f 3477/3810/879 3498/1837/879 3497/1840/879 3478/3800/879
f 3483/3807/879 3493/1841/879 3498/1837/879 3477/3810/879
f 3476/3812/879 3495/3813/879 3494/1843/879 3475/3809/879
f 3497/1840/906 3503/1839/906 3502/3782/906 3496/3801/906
f 3496/3801/907 3502/3782/907 3501/3783/907 3495/3813/907
usemtl sides
f 1400/3814/908 1401/3815/908 1403/3816/908 1402/3817/908
f 1402/3817/909 1403/3816/909 1405/3818/909 1404/3819/909
f 1404/3819/910 1405/3818/910 1407/3820/910 1406/3821/910
f 1406/3821/911 1407/3820/911 1409/3822/911 1408/3823/911
f 1408/3823/912 1409/3822/912 1411/3824/912 1410/3825/912
f 1410/3825/913 1411/3824/913 1413/3826/913 1412/3827/913
f 1412/3827/914 1413/3826/914 1415/3828/914 1414/3829/914
f 1414/3829/915 1415/3828/915 1417/3830/915 1416/3831/915
f 1416/3831/916 1417/3830/916 1419/3832/916 1418/3833/916
f 1418/3833/7 1419/3832/7 1421/3834/7 1420/3835/7
f 1420/3835/917 1421/3834/917 1423/3836/917 1422/3837/917
f 1422/3837/918 1423/3836/918 1425/3838/918 1424/3839/918
f 1424/3839/919 1425/3838/919 1427/3840/919 1426/3841/919
f 1426/3841/920 1427/3840/920 1429/3842/920 1428/3843/920
f 1428/3843/921 1429/3842/921 1431/3844/921 1430/3845/921
f 1430/3845/922 1431/3844/922 1433/3846/922 1432/3847/922
f 1432/3847/923 1433/3846/923 1435/3848/923 1434/3849/923
f 1434/3849/924 1435/3848/924 1437/3850/924 1436/3851/924
f 1436/3851/925 1437/3850/925 1439/3852/925 1438/3853/925
f 1438/3853/926 1439/3852/926 1441/3854/926 1440/3855/926
f 1440/3855/927 1441/3854/927 1443/3856/927 1442/3857/927
f 1442/3857/928 1443/3856/928 1445/3858/928 1444/3859/928
f 1444/3859/929 1445/3858/929 1447/3860/929 1446/3861/929
f 1446/3861/930 1447/3860/930 1449/3862/930 1448/3863/930
f 1448/3863/931 1449/3862/931 1451/3864/931 1450/3865/931
f 1450/3865/932 1451/3864/932 1453/3866/932 1452/3867/932
f 1452/3867/933 1453/3866/933 1455/3868/933 1454/3869/933
f 1454/3869/934 1455/3868/934 1457/3870/934 1456/3871/934
f 1456/3871/62 1457/3870/62 1459/3872/62 1458/3873/62
f 1458/3873/935 1459/3872/935 1461/3874/935 1460/3875/935
f 1460/3875/936 1461/3874/936 1463/3876/936 1462/3877/936
f 1462/3877/937 1463/3876/937 1465/3878/937 1464/3879/937
f 1464/3879/938 1465/3878/938 1467/3880/938 1466/3881/938
f 1466/3881/939 1467/3880/939 1469/3882/939 1468/3883/939
f 1468/3883/940 1469/3882/940 1471/3884/940 1470/3885/940
f 1470/3885/941 1471/3884/941 1473/3886/941 1472/3887/941
f 1472/3887/942 1473/3886/942 1475/3888/942 1474/3889/942
f 1474/3889/943 1475/3888/943 1401/3890/943 1400/3891/943
f 3505/3892/944 3507/3893/944 3508/3894/944 3506/3895/944
f 3507/3893/942 3509/3896/942 3510/3897/942 3508/3894/942
f 3509/3896/941 3511/3898/941 3512/3899/941 3510/3897/941
f 3511/3898/940 3513/3900/940 3514/3901/940 3512/3899/940
f 3513/3900/939 3515/3902/939 3516/3903/939 3514/3901/939
f 3515/3902/938 3517/3904/938 3518/3905/938 3516/3903/938
f 3517/3904/945 3519/3906/945 3520/3907/945 3518/3905/945
f 3519/3906/936 3521/3908/936 3522/3909/936 3520/3907/936
f 3521/3908/935 3523/3910/935 3524/3911/935 3522/3909/935
f 3523/3910/62 3525/3912/62 3526/3913/62 3524/3911/62
f 3525/3912/934 3527/3914/934 3528/3915/934 3526/3913/934
f 3527/3914/933 3529/3916/933 3530/3917/933 3528/3915/933
f 3529/3916/946 3531/3918/946 3532/3919/946 3530/3917/946
f 3531/3918/931 3533/3920/931 3534/3921/931 3532/3919/931
f 3533/3920/947 3535/3922/947 3536/3923/947 3534/3921/947
f 3535/3922/948 3537/3924/948 3538/3925/948 3536/3923/948
f 3537/3924/928 3539/3926/928 3540/3927/928 3538/3925/928
f 3539/3926/927 3541/3928/927 3542/3929/927 3540/3927/927
f 3541/3928/926 3543/3930/926 3544/3931/926 3542/3929/926
f 3543/3930/925 3545/3932/925 3546/3933/925 3544/3931/925
f 3545/3932/949 3547/3934/949 3548/3935/949 3546/3933/949
f 3547/3934/950 3549/3936/950 3550/3937/950 3548/3935/950
f 3549/3936/951 3551/3938/951 3552/3939/951 3550/3937/951
f 3551/3938/952 3553/3940/952 3554/3941/952 3552/3939/952
f 3553/3940/953 3555/3942/953 3556/3943/953 3554/3941/953
f 3555/3942/954 3557/3944/954 3558/3945/954 3556/3943/954
f 3557/3944/918 3559/3946/918 3560/3947/918 3558/3945/918
f 3559/3946/917 3561/3948/917 3562/3949/917 3560/3947/917
f 3561/3948/7 3563/3950/7 3564/3951/7 3562/3949/7
f 3563/3950/916 3565/3952/916 3566/3953/916 3564/3951/916
f 3565/3952/915 3567/3954/915 3568/3955/915 3566/3953/915
f 3567/3954/955 3569/3956/955 3570/3957/955 3568/3955/955
f 3569/3956/913 3571/3958/913 3572/3959/913 3570/3957/913
f 3571/3958/912 3573/3960/912 3574/3961/912 3572/3959/912
f 3573/3960/911 3575/3962/911 3576/3963/911 3574/3961/911
f 3575/3962/910 3577/3964/910 3578/3965/910 3576/3963/910
f 3577/3964/909 3579/3966/909 3580/3967/909 3578/3965/909
f 3579/3966/956 3505/3968/956 3506/3969/956 3580/3967/956
usemtl wheels
f 445/3970/184 436/3971/184 472/619/184 475/611/184
f 427/3972/184 440/3973/184 490/656/184 489/651/184
f 434/3974/184 425/459/184 481/517/184 480/548/184
f 441/484/184 427/3972/184 485/591/184 486/597/184
f 429/3975/184 442/3976/184 507/476/184 505/500/184
f 421/3977/184 434/3974/184 510/567/184 509/566/184
f 439/3978/184 443/3979/184 503/646/184 502/635/184
f 444/3980/184 432/471/184 448/473/184 451/658/184
f 440/3973/184 427/3972/184 452/508/184 454/481/184
f 434/3974/184 421/3977/184 512/616/184 514/615/184
f 422/3981/184 436/3982/184 518/539/184 517/538/184
f 438/3983/184 427/3972/184 457/562/184 458/571/184
f 430/494/184 447/3984/184 463/639/184 461/638/184
f 423/3985/184 440/3973/184 450/643/184 449/642/184
f 440/3973/184 444/3986/184 451/654/184 450/643/184
f 427/3972/184 438/3983/184 453/518/184 452/508/184
f 438/3987/184 444/3980/184 455/468/184 453/467/184
f 444/3986/184 440/3973/184 454/481/184 455/480/184
f 441/484/184 447/3988/184 459/579/184 456/563/184
f 427/3972/184 441/484/184 456/563/184 457/562/184
f 447/3984/184 438/3987/184 458/584/184 459/583/184
f 447/3988/184 441/484/184 462/486/184 463/630/184
f 436/3982/184 426/505/184 473/602/184 472/601/184
f 437/458/184 445/3970/184 475/611/184 474/510/184
f 425/459/184 434/3974/184 476/534/184 477/460/184
f 434/3974/184 445/3970/184 479/535/184 476/534/184
f 445/3970/184 437/458/184 478/461/184 479/535/184
f 442/3976/184 434/3974/184 480/548/184 483/554/184
f 441/484/184 442/3976/184 483/554/184 482/516/184
f 427/3972/184 439/3978/184 484/592/184 485/591/184
f 439/3978/184 442/3976/184 487/599/184 484/592/184
f 442/3976/184 441/484/184 486/597/184 487/599/184
f 443/3979/184 439/3978/184 488/650/184 491/660/184
f 439/3978/184 427/3972/184 489/651/184 488/650/184
f 440/3973/184 443/3979/184 491/660/184 490/656/184
f 440/3973/186 423/3985/186 493/490/186 492/489/186
f 428/3989/184 443/3979/184 495/546/184 494/551/184
f 443/3979/184 440/3973/184 492/489/184 495/546/184
f 433/3990/184 443/3979/184 499/588/184 498/587/184
f 443/3979/184 428/3989/184 496/595/184 499/588/184
f 420/455/184 433/3991/184 498/581/184 497/456/184
f 443/3979/184 433/3990/184 500/647/184 503/646/184
f 424/3992/184 439/3978/184 502/635/184 501/634/184
f 433/3991/184 424/3993/184 501/627/184 500/626/184
f 424/3993/184 429/3994/184 505/527/184 504/526/184
f 439/3978/184 424/3992/184 504/514/184 506/477/184
f 442/3976/184 439/3978/184 506/477/184 507/476/184
f 434/3974/186 442/3976/186 511/573/186 510/567/186
f 442/3976/184 429/3975/184 508/574/184 511/573/184
f 429/3994/184 421/3995/184 509/559/184 508/558/184
f 421/3995/184 431/3996/184 513/608/184 512/607/184
f 431/3997/184 445/3970/184 515/623/184 513/622/184
f 445/3970/184 434/3974/184 514/615/184 515/623/184
f 436/3971/184 445/3970/184 519/521/184 518/520/184
f 445/3970/186 431/3997/186 516/530/186 519/521/186
f 431/3996/184 422/3981/184 517/538/184 516/664/184
f 2550/3998/184 2580/1633/184 2577/1641/184 2541/3999/184
f 2532/4000/184 2594/1674/184 2595/1678/184 2545/4001/184
f 2539/4002/184 2585/1569/184 2586/1537/184 2530/1482/184
f 2546/1505/184 2591/1618/184 2590/1612/184 2532/4000/184
f 2534/4003/184 2610/1521/184 2612/1497/184 2547/4004/184
f 2526/4005/184 2614/1587/184 2615/1590/184 2539/4002/184
f 2544/4006/184 2607/1658/184 2608/1667/184 2548/4007/184
f 2549/4008/184 2556/1679/184 2553/1493/184 2537/1492/184
f 2545/4001/186 2559/1504/186 2557/1530/186 2532/4000/186
f 2539/4002/184 2619/1636/184 2617/1639/184 2526/4005/184
f 2527/4009/184 2622/1559/184 2623/1562/184 2541/4010/184
f 2543/4011/184 2563/1592/184 2562/1583/184 2532/4000/184
f 2535/1517/184 2566/1659/184 2568/1662/184 2552/4012/184
f 2528/4013/184 2554/1663/184 2555/1666/184 2545/4001/184
f 2545/4001/184 2555/1666/184 2556/1676/184 2549/4014/184
f 2532/4000/184 2557/1530/184 2558/1540/184 2543/4011/184
f 2543/4015/184 2558/1488/184 2560/1491/184 2549/4008/184
f 2549/4014/184 2560/1501/184 2559/1504/184 2545/4001/184
f 2546/1505/184 2561/1586/184 2564/1601/184 2552/4016/184
f 2532/4000/184 2562/1583/184 2561/1586/184 2546/1505/184
f 2552/4012/184 2564/1604/184 2563/1607/184 2543/4015/184
f 2552/4016/184 2568/1651/184 2567/1506/184 2546/1505/184
f 2541/4010/184 2577/1622/184 2578/1625/184 2531/1526/184
f 2542/1479/184 2579/1532/184 2580/1633/184 2550/3998/184
f 2530/1482/184 2582/1481/184 2581/1555/184 2539/4002/184
f 2539/4002/184 2581/1555/184 2584/1558/184 2550/3998/184
f 2550/3998/184 2584/1558/184 2583/1480/184 2542/1479/184
f 2547/4004/184 2588/1576/184 2585/1569/184 2539/4002/184
f 2546/1505/184 2587/1538/184 2588/1576/184 2547/4004/184
f 2532/4000/184 2590/1612/184 2589/1615/184 2544/4006/184
f 2544/4006/184 2589/1615/184 2592/1620/184 2547/4004/184
f 2547/4004/184 2592/1620/184 2591/1618/184 2546/1505/184
f 2548/4007/184 2596/1682/184 2593/1671/184 2544/4006/184
f 2544/4006/184 2593/1671/184 2594/1674/184 2532/4000/184
f 2545/4001/184 2595/1678/184 2596/1682/184 2548/4007/184
f 2545/4001/186 2597/1510/186 2598/1513/186 2528/4013/186
f 2533/4017/184 2599/1572/184 2600/1567/184 2548/4007/184
f 2548/4007/184 2600/1567/184 2597/1510/184 2545/4001/184
f 2538/4018/184 2603/1608/184 2604/1611/184 2548/4007/184
f 2548/4007/184 2604/1611/184 2601/1617/184 2533/4017/184
f 2525/1478/184 2602/1477/184 2603/1603/184 2538/4019/184
f 2548/4007/184 2608/1667/184 2605/1670/184 2538/4018/184
f 2529/4020/184 2606/1655/184 2607/1658/184 2544/4006/184
f 2538/4019/184 2605/1647/184 2606/1650/184 2529/4021/184
f 2529/4021/184 2609/1547/184 2610/1550/184 2534/4022/184
f 2544/4006/184 2611/1500/184 2609/1536/184 2529/4020/184
f 2547/4004/184 2612/1497/184 2611/1500/184 2544/4006/184
f 2539/4002/186 2615/1590/186 2616/1594/186 2547/4004/186
f 2547/4004/184 2616/1594/184 2613/1597/184 2534/4003/184
f 2534/4022/184 2613/1579/184 2614/1582/184 2526/4023/184
f 2526/4023/184 2617/1628/184 2618/1631/184 2536/4024/184
f 2536/4025/184 2618/1643/184 2620/1646/184 2550/3998/184
f 2550/3998/184 2620/1646/184 2619/1636/184 2539/4002/184
f 2541/3999/184 2623/1541/184 2624/1544/184 2550/3998/184
f 2550/3998/184 2624/1544/184 2621/1552/184 2536/4025/184
f 2536/4024/184 2621/1685/184 2622/1559/184 2527/4009/184
s 1
f 652/4026/957 651/4027/958 649/4028/959 650/4029/960
f 665/4030/961 667/4031/962 607/2105/549 608/2104/548
f 654/4032/963 653/4033/964 651/4034/958 652/4035/957
f 649/4028/959 651/4027/958 615/2101/545 616/2100/544
f 656/4036/965 655/4037/966 653/4038/964 654/4039/963
f 633/4040/967 635/4041/968 623/2097/541 624/2096/540
f 658/4042/969 657/4043/970 655/4044/966 656/4045/965
f 687/4046/971 689/4047/972 596/2093/537 597/2092/536
f 660/4048/973 659/4049/974 657/4050/970 658/4051/969
f 671/4052/975 673/4053/976 604/2085/529 605/2084/528
f 662/4054/977 661/4055/978 659/4056/974 660/4057/973
f 655/4044/966 657/4043/970 612/2211/602 613/2210/581
f 664/4058/979 663/4059/980 661/4060/978 662/4061/977
f 639/4062/981 641/4063/982 620/2168/600 621/2133/577
f 666/4064/983 665/4065/961 663/4066/980 664/4067/979
f 693/4068/984 695/4069/985 593/2203/596 594/2202/573
f 668/4070/986 667/4031/962 665/4030/961 666/4071/983
f 677/4072/987 679/4073/988 601/2199/594 602/2198/569
f 670/4074/989 669/4075/990 667/4076/962 668/4077/986
f 661/4060/978 663/4059/980 609/2195/592 610/2194/565
f 672/4078/991 671/4079/975 669/4080/990 670/4081/989
f 645/4082/992 647/4083/993 617/2150/590 618/2117/561
f 674/4084/994 673/4053/976 671/4052/975 672/4085/991
f 629/4086/995 631/4087/996 625/2148/588 626/2113/557
f 676/4088/997 675/4089/998 673/4090/976 674/4091/994
f 683/4092/999 685/4093/1000 598/2191/586 599/2190/553
f 678/4094/1001 677/4095/987 675/4096/998 676/4097/997
f 667/4076/962 669/4075/990 606/2187/584 607/2186/549
f 680/4098/1002 679/4073/988 677/4072/987 678/4099/1001
f 651/4034/958 653/4033/964 614/2183/580 615/2182/545
f 682/4100/1003 681/4101/1004 679/4102/988 680/4103/1002
f 635/4041/968 637/4104/1005 622/2132/576 623/2097/541
f 684/4105/1006 683/4106/999 681/4107/1004 682/4108/1003
f 699/4109/1007 701/4110/1008 704/2207/598 706/2206/533
f 686/4111/1009 685/4093/1000 683/4092/999 684/4112/1006
f 689/4113/972 691/4114/1010 595/2179/572 596/2178/537
f 688/4115/1011 687/4116/971 685/4117/1000 686/4118/1009
f 673/4090/976 675/4089/998 603/2175/568 604/2174/529
f 690/4119/1012 689/4047/972 687/4046/971 688/4120/1011
f 657/4050/970 659/4049/974 611/2171/564 612/2170/602
f 692/4121/1013 691/4114/1010 689/4113/972 690/4122/1012
f 641/4063/982 643/4123/1014 619/2116/560 620/2168/600
f 694/4124/1015 693/4125/984 691/4126/1010 692/4127/1013
f 695/4128/985 697/4129/1016 592/2163/532 593/2162/596
f 696/4130/1017 695/4069/985 693/4068/984 694/4131/1015
f 679/4102/988 681/4101/1004 600/2159/552 601/2158/594
f 698/4132/1018 697/4129/1016 695/4128/985 696/4133/1017
f 663/4066/980 665/4065/961 608/2155/548 609/2154/592
f 700/4134/1019 699/4135/1007 697/4136/1016 698/4137/1018
f 701/4138/1008 627/4139/1020 703/2112/556 704/2166/598
f 702/4140/1021 701/4110/1008 699/4109/1007 700/4141/1019
f 631/4087/996 633/4040/967 624/2096/540 625/2148/588
f 681/4107/1004 683/4106/999 599/2109/553 600/2108/552
f 650/4142/960 649/4143/959 647/4083/993 648/4144/1022
f 697/4136/1016 699/4135/1007 706/2089/533 592/2088/532
f 648/4144/1022 647/4083/993 645/4082/992 646/4145/1023
f 627/4139/1020 629/4086/995 626/2113/557 703/2112/556
f 646/4145/1023 645/4082/992 643/4123/1014 644/4146/1024
f 643/4123/1014 645/4082/992 618/2117/561 619/2116/560
f 644/4146/1024 643/4123/1014 641/4063/982 642/4147/1025
f 659/4056/974 661/4055/978 610/2121/565 611/2120/564
f 642/4147/1025 641/4063/982 639/4062/981 640/4148/1026
f 675/4096/998 677/4095/987 602/2125/569 603/2124/568
f 640/4148/1026 639/4062/981 637/4104/1005 638/4149/1027
f 691/4126/1010 693/4125/984 594/2129/573 595/2128/572
f 638/4149/1027 637/4104/1005 635/4041/968 636/4150/1028
f 637/4104/1005 639/4062/981 621/2133/577 622/2132/576
f 636/4150/1028 635/4041/968 633/4040/967 634/4151/1029
f 653/4038/964 655/4037/966 613/2137/581 614/2136/580
f 634/4151/1029 633/4040/967 631/4087/996 632/4152/1030
f 669/4080/990 671/4079/975 605/2141/528 606/2140/584
f 632/4152/1030 631/4087/996 629/4086/995 630/4153/1031
f 652/4154/957 650/4155/960 648/4156/1022 646/4157/1023 644/4158/1024 642/4159/1025 640/4160/1026 638/4161/1027 636/4162/1028 634/4163/1029 632/4164/1030 630/4165/1031 628/4166/1032 702/4167/1021 700/4168/1019 698/4169/1018 696/4170/1017 694/4171/1015 692/4172/1013 690/4173/1012 688/4174/1011 686/4175/1009 684/4176/1006 682/4177/1003 680/4178/1002 678/4179/1001 676/4180/997 674/4181/994 672/4182/991 670/4183/989 668/4184/986 666/4185/983 664/4186/979 662/4187/977 660/4188/973 658/4189/969 656/4190/965 654/4191/963
f 630/4153/1031 629/4086/995 627/4139/1020 628/4192/1032
f 647/4083/993 649/4143/959 616/2151/544 617/2150/590
f 628/4192/1032 627/4139/1020 701/4138/1008 702/4193/1021
f 685/4117/1000 687/4116/971 597/2145/536 598/2144/586
f 957/4194/957 956/4195/958 954/4196/959 955/4197/960
f 970/4198/961 972/4199/962 912/2533/549 913/2532/548
f 959/4200/963 958/4201/964 956/4202/958 957/4203/957
f 954/4196/959 956/4195/958 920/2529/545 921/2528/544
f 961/4204/965 960/4205/966 958/4206/964 959/4207/963
f 938/4208/967 940/4209/968 928/2525/541 929/2524/540
f 963/4210/969 962/4211/970 960/4212/966 961/4213/965
f 992/4214/971 994/4215/972 901/2521/537 902/2520/536
f 965/4216/973 964/4217/974 962/4218/970 963/4219/969
f 976/4220/975 978/4221/976 909/2513/529 910/2512/528
f 967/4222/977 966/4223/978 964/4224/974 965/4225/973
f 960/4212/966 962/4211/970 917/2639/602 918/2638/581
f 969/4226/979 968/4227/980 966/4228/978 967/4229/977
f 944/4230/981 946/4231/982 925/2596/600 926/2561/577
f 971/4232/983 970/4233/961 968/4234/980 969/4235/979
f 998/4236/984 1000/4237/985 898/2631/596 899/2630/573
f 973/4238/986 972/4199/962 970/4198/961 971/4239/983
f 982/4240/987 984/4241/988 906/2627/594 907/2626/569
f 975/4242/989 974/4243/990 972/4244/962 973/4245/986
f 966/4228/978 968/4227/980 914/2623/592 915/2622/565
f 977/4246/991 976/4247/975 974/4248/990 975/4249/989
f 950/4250/992 952/4251/993 922/2578/590 923/2545/561
f 979/4252/994 978/4221/976 976/4220/975 977/4253/991
f 934/4254/995 936/4255/996 930/2576/588 931/2541/557
f 981/4256/997 980/4257/998 978/4258/976 979/4259/994
f 988/4260/999 990/4261/1000 903/2619/586 904/2618/553
f 983/4262/1001 982/4263/987 980/4264/998 981/4265/997
f 972/4244/962 974/4243/990 911/2615/584 912/2614/549
f 985/4266/1002 984/4241/988 982/4240/987 983/4267/1001
f 956/4202/958 958/4201/964 919/2611/580 920/2610/545
f 987/4268/1003 986/4269/1004 984/4270/988 985/4271/1002
f 940/4209/968 942/4272/1005 927/2560/576 928/2525/541
f 989/4273/1006 988/4274/999 986/4275/1004 987/4276/1003
f 1004/4277/1007 1006/4278/1008 1009/2635/598 1011/2634/533
f 991/4279/1009 990/4261/1000 988/4260/999 989/4280/1006
f 994/4281/972 996/4282/1010 900/2607/572 901/2606/537
f 993/4283/1011 992/4284/971 990/4285/1000 991/4286/1009
f 978/4258/976 980/4257/998 908/2603/568 909/2602/529
f 995/4287/1012 994/4215/972 992/4214/971 993/4288/1011
f 962/4218/970 964/4217/974 916/2599/564 917/2598/602
f 997/4289/1013 996/4282/1010 994/4281/972 995/4290/1012
f 946/4231/982 948/4291/1014 924/2544/560 925/2596/600
f 999/4292/1015 998/4293/984 996/4294/1010 997/4295/1013
f 1000/4296/985 1002/4297/1016 897/2591/532 898/2590/596
f 1001/4298/1017 1000/4237/985 998/4236/984 999/4299/1015
f 984/4270/988 986/4269/1004 905/2587/552 906/2586/594
f 1003/4300/1018 1002/4297/1016 1000/4296/985 1001/4301/1017
f 968/4234/980 970/4233/961 913/2583/548 914/2582/592
f 1005/4302/1019 1004/4303/1007 1002/4304/1016 1003/4305/1018
f 1006/4306/1008 932/4307/1020 1008/2540/556 1009/2594/598
f 1007/4308/1021 1006/4278/1008 1004/4277/1007 1005/4309/1019
f 936/4255/996 938/4208/967 929/2524/540 930/2576/588
f 986/4275/1004 988/4274/999 904/2537/553 905/2536/552
f 955/4310/960 954/4311/959 952/4251/993 953/4312/1022
f 1002/4304/1016 1004/4303/1007 1011/2517/533 897/2516/532
f 953/4312/1022 952/4251/993 950/4250/992 951/4313/1023
f 932/4307/1020 934/4254/995 931/2541/557 1008/2540/556
f 951/4313/1023 950/4250/992 948/4291/1014 949/4314/1024
f 948/4291/1014 950/4250/992 923/2545/561 924/2544/560
f 949/4314/1024 948/4291/1014 946/4231/982 947/4315/1025
f 964/4224/974 966/4223/978 915/2549/565 916/2548/564
f 947/4315/1025 946/4231/982 944/4230/981 945/4316/1026
f 980/4264/998 982/4263/987 907/2553/569 908/2552/568
f 945/4316/1026 944/4230/981 942/4272/1005 943/4317/1027
f 996/4294/1010 998/4293/984 899/2557/573 900/2556/572
f 943/4317/1027 942/4272/1005 940/4209/968 941/4318/1028
f 942/4272/1005 944/4230/981 926/2561/577 927/2560/576
f 941/4318/1028 940/4209/968 938/4208/967 939/4319/1029
f 958/4206/964 960/4205/966 918/2565/581 919/2564/580
f 939/4319/1029 938/4208/967 936/4255/996 937/4320/1030
f 974/4248/990 976/4247/975 910/2569/528 911/2568/584
f 937/4320/1030 936/4255/996 934/4254/995 935/4321/1031
f 957/4322/957 955/4323/960 953/4324/1022 951/4325/1023 949/4326/1024 947/4327/1025 945/4328/1026 943/4329/1027 941/4330/1028 939/4331/1029 937/4332/1030 935/4333/1031 933/4334/1032 1007/4335/1021 1005/4336/1019 1003/4337/1018 1001/4338/1017 999/4339/1015 997/4340/1013 995/4341/1012 993/4342/1011 991/4343/1009 989/4344/1006 987/4345/1003 985/4346/1002 983/4347/1001 981/4348/997 979/4349/994 977/4350/991 975/4351/989 973/4352/986 971/4353/983 969/4354/979 967/4355/977 965/4356/973 963/4357/969 961/4358/965 959/4359/963
f 935/4321/1031 934/4254/995 932/4307/1020 933/4360/1032
f 952/4251/993 954/4311/959 921/2579/544 922/2578/590
f 933/4360/1032 932/4307/1020 1006/4306/1008 1007/4361/1021
f 990/4285/1000 992/4284/971 902/2573/536 903/2572/586
f 2757/4362/1033 2755/4363/1034 2754/4364/1035 2756/4365/1036
f 2770/4366/1037 2713/2960/738 2712/2963/741 2772/4367/1038
f 2759/4368/1039 2757/4369/1033 2756/4370/1036 2758/4371/1040
f 2754/4364/1035 2721/2956/734 2720/2959/737 2756/4365/1036
f 2761/4372/1041 2759/4373/1039 2758/4374/1040 2760/4375/1042
f 2738/4376/1043 2729/2952/730 2728/2955/733 2740/4377/1044
f 2763/4378/1045 2761/4379/1041 2760/4380/1042 2762/4381/1046
f 2792/4382/1047 2702/2948/726 2701/2951/729 2794/4383/1048
f 2765/4384/1049 2763/4385/1045 2762/4386/1046 2764/4387/1050
f 2776/4388/1051 2710/2940/718 2709/2943/721 2778/4389/1052
f 2767/4390/1053 2765/4391/1049 2764/4392/1050 2766/4393/1054
f 2760/4380/1042 2718/3066/773 2717/3069/792 2762/4381/1046
f 2769/4394/1055 2767/4395/1053 2766/4396/1054 2768/4397/1056
f 2744/4398/1057 2726/2991/769 2725/3024/790 2746/4399/1058
f 2771/4400/1059 2769/4401/1055 2768/4402/1056 2770/4403/1037
f 2798/4404/1060 2699/3058/765 2698/3061/786 2800/4405/1061
f 2773/4406/1062 2771/4407/1059 2770/4366/1037 2772/4367/1038
f 2782/4408/1063 2707/3054/761 2706/3057/784 2784/4409/1064
f 2775/4410/1065 2773/4411/1062 2772/4412/1038 2774/4413/1066
f 2766/4396/1054 2715/3050/757 2714/3053/782 2768/4397/1056
f 2777/4414/1067 2775/4415/1065 2774/4416/1066 2776/4417/1051
f 2750/4418/1068 2723/2975/753 2722/3006/780 2752/4419/1069
f 2779/4420/1070 2777/4421/1067 2776/4388/1051 2778/4389/1052
f 2734/4422/1071 2731/2971/749 2730/3004/778 2736/4423/1072
f 2781/4424/1073 2779/4425/1070 2778/4426/1052 2780/4427/1074
f 2788/4428/1075 2704/3046/745 2703/3049/776 2790/4429/1076
f 2783/4430/1077 2781/4431/1073 2780/4432/1074 2782/4433/1063
f 2772/4412/1038 2712/3042/741 2711/3045/774 2774/4413/1066
f 2785/4434/1078 2783/4435/1077 2782/4408/1063 2784/4409/1064
f 2756/4370/1036 2720/3038/737 2719/3041/770 2758/4371/1040
f 2787/4436/1079 2785/4437/1078 2784/4438/1064 2786/4439/1080
f 2740/4377/1044 2728/2955/733 2727/2988/766 2742/4440/1081
f 2789/4441/1082 2787/4442/1079 2786/4443/1080 2788/4444/1075
f 2804/4445/1083 2811/3062/725 2809/3065/788 2806/4446/1084
f 2791/4447/1085 2789/4448/1082 2788/4428/1075 2790/4429/1076
f 2794/4449/1048 2701/3034/729 2700/3037/762 2796/4450/1086
f 2793/4451/1087 2791/4452/1085 2790/4453/1076 2792/4454/1047
f 2778/4426/1052 2709/3030/721 2708/3033/758 2780/4427/1074
f 2795/4455/1088 2793/4456/1087 2792/4382/1047 2794/4383/1048
f 2762/4386/1046 2717/3026/792 2716/3029/754 2764/4387/1050
f 2797/4457/1089 2795/4458/1088 2794/4449/1048 2796/4450/1086
f 2746/4399/1058 2725/3024/790 2724/2972/750 2748/4459/1090
f 2799/4460/1091 2797/4461/1089 2796/4462/1086 2798/4463/1060
f 2800/4464/1061 2698/3018/786 2697/3021/722 2802/4465/1092
f 2801/4466/1093 2799/4467/1091 2798/4404/1060 2800/4405/1061
f 2784/4438/1064 2706/3014/784 2705/3017/742 2786/4439/1080
f 2803/4468/1094 2801/4469/1093 2800/4464/1061 2802/4465/1092
f 2768/4402/1056 2714/3010/782 2713/3013/738 2770/4403/1037
f 2805/4470/1095 2803/4471/1094 2802/4472/1092 2804/4473/1083
f 2806/4474/1084 2809/3022/788 2808/2968/746 2732/4475/1096
f 2807/4476/1097 2805/4477/1095 2804/4445/1083 2806/4446/1084
f 2736/4423/1072 2730/3004/778 2729/2952/730 2738/4376/1043
f 2786/4443/1080 2705/2964/742 2704/2967/745 2788/4444/1075
f 2755/4478/1034 2753/4479/1098 2752/4419/1069 2754/4480/1035
f 2802/4472/1092 2697/2944/722 2811/2947/725 2804/4473/1083
f 2753/4479/1098 2751/4481/1099 2750/4418/1068 2752/4419/1069
f 2732/4475/1096 2808/2968/746 2731/2971/749 2734/4422/1071
f 2751/4481/1099 2749/4482/1100 2748/4459/1090 2750/4418/1068
f 2748/4459/1090 2724/2972/750 2723/2975/753 2750/4418/1068
f 2749/4482/1100 2747/4483/1101 2746/4399/1058 2748/4459/1090
f 2764/4392/1050 2716/2976/754 2715/2979/757 2766/4393/1054
f 2747/4483/1101 2745/4484/1102 2744/4398/1057 2746/4399/1058
f 2780/4432/1074 2708/2980/758 2707/2983/761 2782/4433/1063
f 2745/4484/1102 2743/4485/1103 2742/4440/1081 2744/4398/1057
f 2796/4462/1086 2700/2984/762 2699/2987/765 2798/4463/1060
f 2743/4485/1103 2741/4486/1104 2740/4377/1044 2742/4440/1081
f 2742/4440/1081 2727/2988/766 2726/2991/769 2744/4398/1057
f 2741/4486/1104 2739/4487/1105 2738/4376/1043 2740/4377/1044
f 2758/4374/1040 2719/2992/770 2718/2995/773 2760/4375/1042
f 2739/4487/1105 2737/4488/1106 2736/4423/1072 2738/4376/1043
f 2774/4416/1066 2711/2996/774 2710/2999/718 2776/4417/1051
f 2737/4488/1106 2735/4489/1107 2734/4422/1071 2736/4423/1072
f 2757/4490/1033 2759/4491/1039 2761/4492/1041 2763/4493/1045 2765/4494/1049 2767/4495/1053 2769/4496/1055 2771/4497/1059 2773/4498/1062 2775/4499/1065 2777/4500/1067 2779/4501/1070 2781/4502/1073 2783/4503/1077 2785/4504/1078 2787/4505/1079 2789/4506/1082 2791/4507/1085 2793/4508/1087 2795/4509/1088 2797/4510/1089 2799/4511/1091 2801/4512/1093 2803/4513/1094 2805/4514/1095 2807/4515/1097 2733/4516/1108 2735/4517/1107 2737/4518/1106 2739/4519/1105 2741/4520/1104 2743/4521/1103 2745/4522/1102 2747/4523/1101 2749/4524/1100 2751/4525/1099 2753/4526/1098 2755/4527/1034
f 2735/4489/1107 2733/4528/1108 2732/4475/1096 2734/4422/1071
f 2752/4419/1069 2722/3006/780 2721/3009/734 2754/4480/1035
f 2733/4528/1108 2807/4529/1097 2806/4474/1084 2732/4475/1096
f 2790/4453/1076 2703/3000/776 2702/3003/726 2792/4454/1047
f 3062/4530/1033 3060/4531/1034 3059/4532/1035 3061/4533/1036
f 3075/4534/1037 3018/3388/738 3017/3391/741 3077/4535/1038
f 3064/4536/1039 3062/4537/1033 3061/4538/1036 3063/4539/1040
f 3059/4532/1035 3026/3384/734 3025/3387/737 3061/4533/1036
f 3066/4540/1041 3064/4541/1039 3063/4542/1040 3065/4543/1042
f 3043/4544/1043 3034/3380/730 3033/3383/733 3045/4545/1044
f 3068/4546/1045 3066/4547/1041 3065/4548/1042 3067/4549/1046
f 3097/4550/1047 3007/3376/726 3006/3379/729 3099/4551/1048
f 3070/4552/1049 3068/4553/1045 3067/4554/1046 3069/4555/1050
f 3081/4556/1051 3015/3368/718 3014/3371/721 3083/4557/1052
f 3072/4558/1053 3070/4559/1049 3069/4560/1050 3071/4561/1054
f 3065/4548/1042 3023/3494/773 3022/3497/792 3067/4549/1046
f 3074/4562/1055 3072/4563/1053 3071/4564/1054 3073/4565/1056
f 3049/4566/1057 3031/3419/769 3030/3452/790 3051/4567/1058
f 3076/4568/1059 3074/4569/1055 3073/4570/1056 3075/4571/1037
f 3103/4572/1060 3004/3486/765 3003/3489/786 3105/4573/1061
f 3078/4574/1062 3076/4575/1059 3075/4534/1037 3077/4535/1038
f 3087/4576/1063 3012/3482/761 3011/3485/784 3089/4577/1064
f 3080/4578/1065 3078/4579/1062 3077/4580/1038 3079/4581/1066
f 3071/4564/1054 3020/3478/757 3019/3481/782 3073/4565/1056
f 3082/4582/1067 3080/4583/1065 3079/4584/1066 3081/4585/1051
f 3055/4586/1068 3028/3403/753 3027/3434/780 3057/4587/1069
f 3084/4588/1070 3082/4589/1067 3081/4556/1051 3083/4557/1052
f 3039/4590/1071 3036/3399/749 3035/3432/778 3041/4591/1072
f 3086/4592/1073 3084/4593/1070 3083/4594/1052 3085/4595/1074
f 3093/4596/1075 3009/3474/745 3008/3477/776 3095/4597/1076
f 3088/4598/1077 3086/4599/1073 3085/4600/1074 3087/4601/1063
f 3077/4580/1038 3017/3470/741 3016/3473/774 3079/4581/1066
f 3090/4602/1078 3088/4603/1077 3087/4576/1063 3089/4577/1064
f 3061/4538/1036 3025/3466/737 3024/3469/770 3063/4539/1040
f 3092/4604/1079 3090/4605/1078 3089/4606/1064 3091/4607/1080
f 3045/4545/1044 3033/3383/733 3032/3416/766 3047/4608/1081
f 3094/4609/1082 3092/4610/1079 3091/4611/1080 3093/4612/1075
f 3109/4613/1083 3116/3490/725 3114/3493/788 3111/4614/1084
f 3096/4615/1085 3094/4616/1082 3093/4596/1075 3095/4597/1076
f 3099/4617/1048 3006/3462/729 3005/3465/762 3101/4618/1086
f 3098/4619/1087 3096/4620/1085 3095/4621/1076 3097/4622/1047
f 3083/4594/1052 3014/3458/721 3013/3461/758 3085/4595/1074
f 3100/4623/1088 3098/4624/1087 3097/4550/1047 3099/4551/1048
f 3067/4554/1046 3022/3454/792 3021/3457/754 3069/4555/1050
f 3102/4625/1089 3100/4626/1088 3099/4617/1048 3101/4618/1086
f 3051/4567/1058 3030/3452/790 3029/3400/750 3053/4627/1090
f 3104/4628/1091 3102/4629/1089 3101/4630/1086 3103/4631/1060
f 3105/4632/1061 3003/3446/786 3002/3449/722 3107/4633/1092
f 3106/4634/1093 3104/4635/1091 3103/4572/1060 3105/4573/1061
f 3089/4606/1064 3011/3442/784 3010/3445/742 3091/4607/1080
f 3108/4636/1094 3106/4637/1093 3105/4632/1061 3107/4633/1092
f 3073/4570/1056 3019/3438/782 3018/3441/738 3075/4571/1037
f 3110/4638/1095 3108/4639/1094 3107/4640/1092 3109/4641/1083
f 3111/4642/1084 3114/3450/788 3113/3396/746 3037/4643/1096
f 3112/4644/1097 3110/4645/1095 3109/4613/1083 3111/4614/1084
f 3041/4591/1072 3035/3432/778 3034/3380/730 3043/4544/1043
f 3091/4611/1080 3010/3392/742 3009/3395/745 3093/4612/1075
f 3060/4646/1034 3058/4647/1098 3057/4587/1069 3059/4648/1035
f 3107/4640/1092 3002/3372/722 3116/3375/725 3109/4641/1083
f 3058/4647/1098 3056/4649/1099 3055/4586/1068 3057/4587/1069
f 3037/4643/1096 3113/3396/746 3036/3399/749 3039/4590/1071
f 3056/4649/1099 3054/4650/1100 3053/4627/1090 3055/4586/1068
f 3053/4627/1090 3029/3400/750 3028/3403/753 3055/4586/1068
f 3054/4650/1100 3052/4651/1101 3051/4567/1058 3053/4627/1090
f 3069/4560/1050 3021/3404/754 3020/3407/757 3071/4561/1054
f 3052/4651/1101 3050/4652/1102 3049/4566/1057 3051/4567/1058
f 3085/4600/1074 3013/3408/758 3012/3411/761 3087/4601/1063
f 3050/4652/1102 3048/4653/1103 3047/4608/1081 3049/4566/1057
f 3101/4630/1086 3005/3412/762 3004/3415/765 3103/4631/1060
f 3048/4653/1103 3046/4654/1104 3045/4545/1044 3047/4608/1081
f 3047/4608/1081 3032/3416/766 3031/3419/769 3049/4566/1057
f 3046/4654/1104 3044/4655/1105 3043/4544/1043 3045/4545/1044
f 3063/4542/1040 3024/3420/770 3023/3423/773 3065/4543/1042
f 3044/4655/1105 3042/4656/1106 3041/4591/1072 3043/4544/1043
f 3079/4584/1066 3016/3424/774 3015/3427/718 3081/4585/1051
f 3042/4656/1106 3040/4657/1107 3039/4590/1071 3041/4591/1072
f 3062/4658/1033 3064/4659/1039 3066/4660/1041 3068/4661/1045 3070/4662/1049 3072/4663/1053 3074/4664/1055 3076/4665/1059 3078/4666/1062 3080/4667/1065 3082/4668/1067 3084/4669/1070 3086/4670/1073 3088/4671/1077 3090/4672/1078 3092/4673/1079 3094/4674/1082 3096/4675/1085 3098/4676/1087 3100/4677/1088 3102/4678/1089 3104/4679/1091 3106/4680/1093 3108/4681/1094 3110/4682/1095 3112/4683/1097 3038/4684/1108 3040/4685/1107 3042/4686/1106 3044/4687/1105 3046/4688/1104 3048/4689/1103 3050/4690/1102 3052/4691/1101 3054/4692/1100 3056/4693/1099 3058/4694/1098 3060/4695/1034
f 3040/4657/1107 3038/4696/1108 3037/4643/1096 3039/4590/1071
f 3057/4587/1069 3027/3434/780 3026/3437/734 3059/4648/1035
f 3038/4696/1108 3112/4697/1097 3111/4642/1084 3037/4643/1096
f 3095/4621/1076 3008/3428/776 3007/3431/726 3097/4622/1047
usemtl wheels_2
f 834/2429/670 835/2428/671 873/2294/62 872/2293/62
f 826/2247/620 827/2240/617 865/2447/62 864/2442/62
f 853/2242/618 854/2241/615 892/2451/62 891/2450/62
f 845/2296/640 846/2295/638 884/2217/62 883/2216/62
f 837/2444/673 838/2443/674 876/2274/62 875/2273/62
f 829/2226/611 830/2219/607 868/2462/62 867/2457/62
f 821/2282/635 822/2275/632 860/2422/62 859/2421/62
f 856/2221/609 857/2220/608 895/2466/62 894/2465/62
f 848/2277/633 849/2276/630 887/2426/62 886/2425/62
f 840/2459/676 841/2458/677 879/2253/62 878/2252/62
f 832/2413/668 833/2418/669 871/2310/62 870/2309/62
f 824/2261/626 825/2254/623 863/2437/62 862/2432/62
f 851/2256/624 852/2255/621 890/2441/62 889/2440/62
f 843/2473/679 844/2472/644 882/2232/62 881/2231/62
f 835/2434/671 836/2433/672 874/2288/62 873/2287/62
f 827/2240/617 828/2233/614 866/2452/62 865/2447/62
f 854/2235/615 855/2234/612 893/2456/62 892/2455/62
f 846/2290/638 847/2289/636 885/2415/62 884/2414/62
f 838/2449/674 839/2448/675 877/2267/62 876/2266/62
f 830/2219/607 831/2218/606 869/2467/62 868/2462/62
f 822/2275/632 823/2268/629 861/2427/62 860/2422/62
f 849/2270/630 850/2269/627 888/2431/62 887/2430/62
f 841/2464/677 842/2463/678 880/2246/62 879/2245/62
f 833/2424/669 834/2423/670 872/2300/62 871/2299/62
f 825/2254/623 826/2247/620 864/2442/62 863/2437/62
f 852/2249/621 853/2248/618 891/2446/62 890/2445/62
f 842/2469/678 843/2468/679 881/2239/62 880/2238/62
f 850/2263/627 851/2262/624 889/2436/62 888/2435/62
f 823/2268/629 824/2261/626 862/2432/62 861/2427/62
f 831/2218/606 832/2413/668 870/2309/62 869/2467/62
f 839/2454/675 840/2453/676 878/2260/62 877/2259/62
f 847/2284/636 848/2283/633 886/2420/62 885/2419/62
f 855/2228/612 856/2227/609 894/2461/62 893/2460/62
f 858/2417/667 821/2416/635 859/2314/62 896/2313/62
f 828/2233/614 829/2226/611 867/2457/62 866/2452/62
f 836/2439/672 837/2438/673 875/2281/62 874/2280/62
f 857/2412/608 858/2411/667 896/2471/62 895/2470/62
f 844/2306/644 845/2305/640 883/2225/62 882/2224/62
f 1139/2857/670 1140/2856/671 1178/2722/62 1177/2721/62
f 1131/2675/620 1132/2668/617 1170/2875/62 1169/2870/62
f 1158/2670/618 1159/2669/615 1197/2879/62 1196/2878/62
f 1150/2724/640 1151/2723/638 1189/2645/62 1188/2644/62
f 1142/2872/673 1143/2871/674 1181/2702/62 1180/2701/62
f 1134/2654/611 1135/2647/607 1173/2890/62 1172/2885/62
f 1126/2710/635 1127/2703/632 1165/2850/62 1164/2849/62
f 1161/2649/609 1162/2648/608 1200/2894/62 1199/2893/62
f 1153/2705/633 1154/2704/630 1192/2854/62 1191/2853/62
f 1145/2887/676 1146/2886/677 1184/2681/62 1183/2680/62
f 1137/2841/668 1138/2846/669 1176/2738/62 1175/2737/62
f 1129/2689/626 1130/2682/623 1168/2865/62 1167/2860/62
f 1156/2684/624 1157/2683/621 1195/2869/62 1194/2868/62
f 1148/2901/679 1149/2900/644 1187/2660/62 1186/2659/62
f 1140/2862/671 1141/2861/672 1179/2716/62 1178/2715/62
f 1132/2668/617 1133/2661/614 1171/2880/62 1170/2875/62
f 1159/2663/615 1160/2662/612 1198/2884/62 1197/2883/62
f 1151/2718/638 1152/2717/636 1190/2843/62 1189/2842/62
f 1143/2877/674 1144/2876/675 1182/2695/62 1181/2694/62
f 1135/2647/607 1136/2646/606 1174/2895/62 1173/2890/62
f 1127/2703/632 1128/2696/629 1166/2855/62 1165/2850/62
f 1154/2698/630 1155/2697/627 1193/2859/62 1192/2858/62
f 1146/2892/677 1147/2891/678 1185/2674/62 1184/2673/62
f 1138/2852/669 1139/2851/670 1177/2728/62 1176/2727/62
f 1130/2682/623 1131/2675/620 1169/2870/62 1168/2865/62
f 1157/2677/621 1158/2676/618 1196/2874/62 1195/2873/62
f 1147/2897/678 1148/2896/679 1186/2667/62 1185/2666/62
f 1155/2691/627 1156/2690/624 1194/2864/62 1193/2863/62
f 1128/2696/629 1129/2689/626 1167/2860/62 1166/2855/62
f 1136/2646/606 1137/2841/668 1175/2737/62 1174/2895/62
f 1144/2882/675 1145/2881/676 1183/2688/62 1182/2687/62
f 1152/2712/636 1153/2711/633 1191/2848/62 1190/2847/62
f 1160/2656/612 1161/2655/609 1199/2889/62 1198/2888/62
f 1163/2845/667 1126/2844/635 1164/2742/62 1201/2741/62
f 1133/2661/614 1134/2654/611 1172/2885/62 1171/2880/62
f 1141/2867/672 1142/2866/673 1180/2709/62 1179/2708/62
f 1162/2840/608 1163/2839/667 1201/2899/62 1200/2898/62
f 1149/2734/644 1150/2733/640 1188/2653/62 1187/2652/62
f 2939/3284/862 2977/3149/795 2978/3148/7 2940/3285/863
f 2931/3103/811 2969/3298/819 2970/3303/189 2932/3096/808
f 2958/3097/809 2996/3307/7 2997/3306/795 2959/3098/806
f 2950/3151/832 2988/3072/795 2989/3071/411 2951/3152/830
f 2942/3299/865 2980/3129/819 2981/3128/819 2943/3300/866
f 2934/3082/802 2972/3313/411 2973/3318/7 2935/3074/797
f 2926/3138/827 2964/3278/7 2965/3277/7 2927/3131/824
f 2961/3076/799 2999/3322/7 3000/3321/795 2962/3077/800
f 2953/3132/825 2991/3282/189 2992/3281/7 2954/3133/822
f 2945/3314/868 2983/3108/7 2984/3107/7 2946/3315/869
f 2937/3269/860 2975/3165/411 2976/3164/411 2938/3274/861
f 2929/3117/817 2967/3288/7 2968/3293/7 2930/3110/814
f 2956/3111/815 2994/3297/189 2995/3296/189 2957/3112/812
f 2948/3328/871 2986/3087/7 2987/3086/7 2949/3329/836
f 2940/3289/863 2978/3143/7 2979/3142/819 2941/3290/864
f 2932/3096/808 2970/3303/189 2971/3308/7 2933/3089/805
f 2959/3090/806 2997/3312/795 2998/3311/7 2960/3091/803
f 2951/3145/830 2989/3271/411 2990/3270/7 2952/3146/828
f 2943/3304/866 2981/3122/819 2982/3121/7 2944/3305/867
f 2935/3074/797 2973/3318/7 2974/3323/7 2936/3075/798
f 2927/3131/824 2965/3277/7 2966/3283/819 2928/3124/821
f 2954/3125/822 2992/3287/7 2993/3286/7 2955/3126/818
f 2946/3319/869 2984/3101/7 2985/3100/795 2947/3320/870
f 2938/3279/861 2976/3155/411 2977/3154/795 2939/3280/862
f 2930/3110/814 2968/3293/7 2969/3298/819 2931/3103/811
f 2957/3104/812 2995/3302/189 2996/3301/7 2958/3105/809
f 2947/3324/870 2985/3094/795 2986/3093/7 2948/3325/871
f 2955/3118/818 2993/3292/7 2994/3291/189 2956/3119/815
f 2928/3124/821 2966/3283/819 2967/3288/7 2929/3117/817
f 2936/3075/798 2974/3323/7 2975/3165/411 2937/3269/860
f 2944/3309/867 2982/3115/7 2983/3114/7 2945/3310/868
f 2952/3139/828 2990/3276/7 2991/3275/189 2953/3140/825
f 2960/3083/803 2998/3317/7 2999/3316/7 2961/3084/799
f 2963/3272/859 3001/3169/7 2964/3168/7 2926/3273/827
f 2933/3089/805 2971/3308/7 2972/3313/411 2934/3082/802
f 2941/3294/864 2979/3136/819 2980/3135/819 2942/3295/865
f 2962/3267/800 3000/3327/795 3001/3326/7 2963/3268/859
f 2949/3161/836 2987/3080/7 2988/3079/795 2950/3162/832
f 3244/3712/862 3282/3577/795 3283/3576/7 3245/3713/863
f 3236/3531/811 3274/3726/819 3275/3731/189 3237/3524/808
f 3263/3525/809 3301/3735/7 3302/3734/795 3264/3526/806
f 3255/3579/832 3293/3500/795 3294/3499/411 3256/3580/830
f 3247/3727/865 3285/3557/819 3286/3556/819 3248/3728/866
f 3239/3510/802 3277/3741/411 3278/3746/7 3240/3502/797
f 3231/3566/827 3269/3706/7 3270/3705/7 3232/3559/824
f 3266/3504/799 3304/3750/7 3305/3749/795 3267/3505/800
f 3258/3560/825 3296/3710/189 3297/3709/7 3259/3561/822
f 3250/3742/868 3288/3536/7 3289/3535/7 3251/3743/869
f 3242/3697/860 3280/3593/411 3281/3592/411 3243/3702/861
f 3234/3545/817 3272/3716/7 3273/3721/7 3235/3538/814
f 3261/3539/815 3299/3725/189 3300/3724/189 3262/3540/812
f 3253/3756/871 3291/3515/7 3292/3514/7 3254/3757/836
f 3245/3717/863 3283/3571/7 3284/3570/819 3246/3718/864
f 3237/3524/808 3275/3731/189 3276/3736/7 3238/3517/805
f 3264/3518/806 3302/3740/795 3303/3739/7 3265/3519/803
f 3256/3573/830 3294/3699/411 3295/3698/7 3257/3574/828
f 3248/3732/866 3286/3550/819 3287/3549/7 3249/3733/867
f 3240/3502/797 3278/3746/7 3279/3751/7 3241/3503/798
f 3232/3559/824 3270/3705/7 3271/3711/819 3233/3552/821
f 3259/3553/822 3297/3715/7 3298/3714/7 3260/3554/818
f 3251/3747/869 3289/3529/7 3290/3528/795 3252/3748/870
f 3243/3707/861 3281/3583/411 3282/3582/795 3244/3708/862
f 3235/3538/814 3273/3721/7 3274/3726/819 3236/3531/811
f 3262/3532/812 3300/3730/189 3301/3729/7 3263/3533/809
f 3252/3752/870 3290/3522/795 3291/3521/7 3253/3753/871
f 3260/3546/818 3298/3720/7 3299/3719/189 3261/3547/815
f 3233/3552/821 3271/3711/819 3272/3716/7 3234/3545/817
f 3241/3503/798 3279/3751/7 3280/3593/411 3242/3697/860
f 3249/3737/867 3287/3543/7 3288/3542/7 3250/3738/868
f 3257/3567/828 3295/3704/7 3296/3703/189 3258/3568/825
f 3265/3511/803 3303/3745/7 3304/3744/7 3266/3512/799
f 3268/3700/859 3306/3597/7 3269/3596/7 3231/3701/827
f 3238/3517/805 3276/3736/7 3277/3741/411 3239/3510/802
f 3246/3722/864 3284/3564/819 3285/3563/819 3247/3723/865
f 3267/3695/800 3305/3755/795 3306/3754/7 3268/3696/859
f 3254/3589/836 3292/3508/7 3293/3507/795 3255/3590/832
usemtl cooler
s off
f 267/324/1109 266/3758/1109 227/260/1109 226/259/1109
f 269/370/1110 268/377/1110 148/174/1110 150/176/1110
f 92/124/875 110/147/875 302/369/875 266/3758/875
f 20/19/1110 18/17/1110 268/377/1110 269/370/1110
f 93/125/1109 92/124/1109 266/3758/1109 267/324/1109
f 368/4698/111 369/4699/111 371/4700/111 370/4701/111
f 385/420/7 375/419/7 379/4702/7 386/4703/7
f 387/4704/62 377/4705/62 373/4706/62 384/4707/62
f 405/4708/115 403/4709/115 373/4710/115 377/4705/115
f 405/4708/1111 377/4705/1111 381/4711/1111 407/4712/1111
f 404/422/1112 378/437/1112 382/4713/1112 406/4714/1112
f 387/4704/62 388/4715/62 381/4711/62 377/4705/62
f 386/4703/7 379/4702/7 383/4716/7 389/4717/7
f 391/429/7 386/4703/7 389/4717/7 394/4718/7
f 392/432/62 393/4719/62 388/4715/62 387/4704/62
f 392/432/62 387/4704/62 384/4707/62 395/433/62
f 390/426/7 385/420/7 386/4703/7 391/429/7
f 398/431/62 399/4720/62 393/4719/62 392/432/62
f 397/430/7 391/429/7 394/4718/7 400/4721/7
f 378/437/7 397/430/7 400/4721/7 382/4713/7
f 376/423/62 380/4722/62 399/4720/62 398/431/62
f 386/4703/1113 387/4704/1113 388/4715/1113 389/4717/1113
f 391/429/1114 392/432/1114 393/4719/1114 394/4718/1114
f 397/430/1115 398/431/1115 399/4720/1115 400/4721/1115
f 376/423/1112 404/422/1112 406/4714/1112 380/4722/1112
f 379/4702/1116 405/4708/1116 407/4712/1116 383/4716/1116
f 379/4702/115 375/4723/115 403/4709/115 405/4708/115
f 404/422/62 406/4714/62 407/4712/62 405/4708/62
f 400/4721/1117 399/4720/1117 415/4724/1117 416/4725/1117
f 394/4718/1117 393/4719/1117 413/4726/1117 414/4727/1117
f 389/4717/1117 388/4715/1117 411/4728/1117 412/4729/1117
f 403/4709/1118 373/4710/1118 417/4730/1118 419/4731/1118
f 403/418/1119 375/419/1119 418/4732/1119 419/4733/1119
f 417/450/7 373/4710/7 401/445/7
f 418/448/7 375/419/7 396/447/7
f 2372/1342/1109 2331/1277/1109 2332/1276/1109 2371/3773/1109
f 2374/1388/1110 2255/1193/1110 2253/1191/1110 2373/1395/1110
f 2197/1144/875 2371/3773/875 2407/1387/875 2215/1164/875
f 2125/1038/1110 2374/1388/1110 2373/1395/1110 2123/1036/1110
f 2198/1143/1109 2372/1342/1109 2371/3773/1109 2197/1144/1109
f 2473/4734/111 2475/4735/111 2476/4736/111 2474/4737/111
f 2490/1439/62 2491/4738/62 2484/4739/62 2480/1440/62
f 2492/4740/7 2489/4741/7 2478/4742/7 2482/4743/7
f 2510/4744/115 2482/4743/115 2478/4745/115 2508/4746/115
f 2510/4744/1111 2512/4747/1111 2486/4748/1111 2482/4743/1111
f 2509/1445/1112 2511/4749/1112 2487/4750/1112 2483/1458/1112
f 2492/4740/7 2482/4743/7 2486/4748/7 2493/4751/7
f 2491/4738/62 2494/4752/62 2488/4753/62 2484/4739/62
f 2496/1451/62 2499/4754/62 2494/4752/62 2491/4738/62
f 2497/1455/7 2492/4740/7 2493/4751/7 2498/4755/7
f 2497/1455/7 2500/1454/7 2489/4741/7 2492/4740/7
f 2495/1447/62 2496/1451/62 2491/4738/62 2490/1439/62
f 2503/1452/7 2497/1455/7 2498/4755/7 2504/4756/7
f 2502/1450/62 2505/4757/62 2499/4754/62 2496/1451/62
f 2483/1458/62 2487/4750/62 2505/4757/62 2502/1450/62
f 2481/1444/7 2503/1452/7 2504/4756/7 2485/4758/7
f 2491/4738/1113 2494/4752/1113 2493/4751/1113 2492/4740/1113
f 2496/1451/1114 2499/4754/1114 2498/4755/1114 2497/1455/1114
f 2502/1450/1115 2505/4757/1115 2504/4756/1115 2503/1452/1115
f 2481/1444/1112 2485/4758/1112 2511/4749/1112 2509/1445/1112
f 2484/4739/1116 2488/4753/1116 2512/4747/1116 2510/4744/1116
f 2484/4739/115 2510/4744/115 2508/4746/115 2480/4759/115
f 2509/1445/7 2510/4744/7 2512/4747/7 2511/4749/7
f 2505/4757/1117 2521/4760/1117 2520/4761/1117 2504/4756/1117
f 2499/4754/1117 2519/4762/1117 2518/4763/1117 2498/4755/1117
f 2494/4752/1117 2517/4764/1117 2516/4765/1117 2493/4751/1117
f 2508/4746/1118 2524/4766/1118 2522/4767/1118 2478/4745/1118
f 2508/1441/1119 2524/4768/1119 2523/4769/1119 2480/1440/1119
f 2522/1467/62 2506/1466/62 2478/4745/62
f 2523/1469/62 2501/1470/62 2480/1440/62
usemtl metal_parts
f 1/298/1120 3/401/1120 4/391/1120 2/35/1120
f 334/410/1121 335/408/1121 362/4770/1121 358/4771/1121
f 287/392/1122 271/400/1122 129/733/1122 132/328/1122
f 319/355/1123 52/4772/1123 348/4773/1123 356/415/1123
f 335/408/1124 336/386/1124 359/4774/1124 362/4770/1124
f 4/391/1125 3/401/1125 271/400/1125 287/392/1125
f 51/4775/1126 52/4772/1126 279/312/1126 280/311/1126
f 299/4776/1127 128/4777/1127 350/4778/1127 355/4779/1127
f 345/365/1128 342/368/1128 361/414/1128 360/4780/1128
f 338/155/1129 333/154/1129 349/4781/1129 351/4782/1129
f 280/311/1130 186/216/1130 353/412/1130 354/4783/1130
f 52/4772/1131 319/355/1131 366/357/1131 367/4784/1131
f 336/386/1128 345/365/1128 360/4780/1128 359/4774/1128
f 358/4771/1132 348/4773/1132 347/4785/1132 349/4781/1132
f 355/4779/1133 354/4783/1133 353/412/1133 352/411/1133
f 350/4778/1134 347/4785/1134 354/4783/1134 355/4779/1134
f 347/4785/1135 350/4778/1135 351/4782/1135 349/4781/1135
f 357/413/1136 356/415/1136 360/4780/1136 361/414/1136
f 358/4771/1137 362/4770/1137 348/4773/1137
f 362/4770/1138 359/4774/1138 348/4773/1138
f 360/4780/1136 356/415/1136 359/4774/1136
f 356/415/1139 348/4773/1139 359/4774/1139
f 333/154/1140 334/410/1140 358/4771/1140 349/4781/1140
f 257/407/1141 299/4776/1141 355/4779/1141 352/411/1141
f 128/4777/1142 338/155/1142 351/4782/1142 350/4778/1142
f 51/4775/1143 280/311/1143 354/4783/1143 347/4785/1143
f 52/4772/1144 51/4775/1144 347/4785/1144 348/4773/1144
f 365/4786/1145 366/357/1145 364/356/1145 363/416/1145
f 365/4786/1146 367/4784/1146 366/357/1146
f 187/217/1147 279/312/1147 365/4786/1147 363/416/1147
f 279/312/1148 52/4772/1148 367/4784/1148 365/4786/1148
f 2106/1316/1149 2107/1053/1149 2109/1411/1149 2108/1423/1149
f 2439/1430/1150 2463/4787/1150 2467/4788/1150 2440/1428/1150
f 2392/1410/1151 2237/1346/1151 2234/1754/1151 2376/1420/1151
f 2424/1373/1152 2461/1436/1152 2453/4789/1152 2157/1415/1152
f 2440/1428/1153 2467/4788/1153 2464/4790/1153 2441/1404/1153
f 2109/1411/1154 2392/1410/1154 2376/1420/1154 2108/1423/1154
f 2404/4791/1155 2460/4792/1155 2455/4793/1155 2233/4794/1155
f 2450/1383/1128 2465/4795/1128 2466/1434/1128 2447/1384/1128
f 2443/1174/1156 2456/4796/1156 2454/4797/1156 2438/1172/1156
f 2385/1329/1130 2459/4798/1130 2458/1431/1130 2291/1234/1130
f 2441/1404/1128 2464/4790/1128 2465/4795/1128 2450/1383/1128
f 2463/4787/1157 2454/4797/1157 2452/4799/1157 2453/4789/1157
f 2460/4792/1133 2457/1432/1133 2458/1431/1133 2459/4798/1133
f 2455/4793/1158 2460/4792/1158 2459/4798/1158 2452/4799/1158
f 2452/4799/1159 2454/4797/1159 2456/4796/1159 2455/4793/1159
f 2462/1435/1136 2466/1434/1136 2465/4795/1136 2461/1436/1136
f 2463/4787/1160 2453/4789/1160 2467/4788/1160
f 2467/4788/1161 2453/4789/1161 2464/4790/1161
f 2465/4795/1136 2464/4790/1136 2461/1436/1136
f 2461/1436/1162 2464/4790/1162 2453/4789/1162
f 2438/1172/1163 2454/4797/1163 2463/4787/1163 2439/1430/1163
f 2362/1427/1141 2457/1432/1141 2460/4792/1141 2404/4791/1141
f 2233/4794/1164 2455/4793/1164 2456/4796/1164 2443/1174/1164
f 2156/1414/1165 2452/4799/1165 2459/4798/1165 2385/1329/1165
f 2157/1415/1166 2453/4789/1166 2452/4799/1166 2156/1414/1166
f 2470/4800/1167 2468/1437/1167 2469/1375/1167 2471/1374/1167
f 2470/4800/1168 2471/1374/1168 2472/1433/1168
f 2292/1233/1169 2468/1437/1169 2470/4800/1169 2384/1330/1169
f 2384/1330/1170 2470/4800/1170 2472/1433/1170 2157/1415/1170
usemtl buttons
f 526/482/184 524/509/184 525/519/184 527/483/184
f 529/565/184 528/564/184 531/580/184 530/572/184
f 534/621/184 532/614/184 533/613/184 535/631/184
f 547/612/184 544/620/184 545/606/184 546/605/184
f 548/537/184 551/536/184 550/663/184 549/662/184
f 555/555/184 552/550/184 553/549/184 554/553/184
f 556/593/184 559/600/184 558/598/184 557/594/184
f 563/661/184 560/653/184 561/652/184 562/657/184
f 569/577/184 570/590/184 571/589/184 568/596/184
f 572/648/184 573/637/184 574/636/184 575/649/184
f 576/515/184 577/501/184 579/479/184 578/478/184
f 580/575/184 581/569/184 582/568/184 583/576/184
f 584/617/184 585/625/184 587/624/184 586/618/184
f 588/531/184 589/4801/184 590/523/184 591/522/184
f 2631/1503/184 2632/1502/184 2630/1539/184 2629/1529/184
f 2634/1584/184 2635/1593/184 2636/1600/184 2633/1585/184
f 2639/1642/184 2640/1652/184 2638/1635/184 2637/1634/184
f 2652/1632/184 2651/1627/184 2650/1626/184 2649/1640/184
f 2653/1556/184 2654/1683/184 2655/1684/184 2656/1557/184
f 2660/1575/184 2659/1574/184 2658/1571/184 2657/1570/184
f 2661/1614/184 2662/1613/184 2663/1619/184 2664/1621/184
f 2668/1681/184 2667/1677/184 2666/1673/184 2665/1672/184
f 2674/1599/184 2673/1616/184 2676/1610/184 2675/1609/184
f 2677/1669/184 2680/1668/184 2679/1657/184 2678/1656/184
f 2681/1535/184 2683/1499/184 2684/1498/184 2682/1522/184
f 2685/1596/184 2688/1595/184 2687/1589/184 2686/1588/184
f 2689/1638/184 2691/1637/184 2692/1645/184 2690/1644/184
f 2693/1551/184 2696/1543/184 2695/1542/184 2694/4802/184
usemtl buttons_2
f 521/645/184 522/644/184 523/655/184 520/4803/184
f 566/552/184 567/547/184 564/492/184 565/491/184
f 2626/1664/184 2625/4804/184 2628/1675/184 2627/1665/184
f 2671/1573/184 2670/1512/184 2669/1511/184 2672/1568/184
usemtl board
f 2103/1015/1171 2104/1018/1171 2105/1017/1171 2102/1016/1171
f 4208/2043/1171 4207/2042/1171 4210/2044/1171 4209/2045/1171
usemtl circuits
f 1508/4805/115 1509/4806/115 1505/4807/115 1502/4808/115
f 1507/906/1172 1501/905/1172 1505/4807/1172 1509/4806/1172
f 1510/907/1173 1498/909/1173 1503/4809/1173 1511/4810/1173
f 1501/905/1174 1500/904/1174 1502/4808/1174 1505/4807/1174
f 1498/909/1175 1499/910/1175 1504/4811/1175 1503/4809/1175
f 1500/904/1176 1506/903/1176 1508/4805/1176 1502/4808/1176
f 1503/4809/115 1504/4811/115 1513/4812/115 1511/4810/115
f 1499/910/1177 1512/908/1177 1513/4812/1177 1504/4811/1177
f 1508/4805/1178 1506/903/1178 1507/906/1178 1509/4806/1178
f 1510/907/1179 1511/4810/1179 1513/4812/1179 1512/908/1179
f 1904/4813/115 1905/4814/115 1901/4815/115 1900/4816/115
f 1903/978/1172 1899/977/1172 1901/4815/1172 1905/4814/1172
f 1899/977/1174 1898/976/1174 1900/4816/1174 1901/4815/1174
f 1898/976/1176 1902/975/1176 1904/4813/1176 1900/4816/1176
f 1904/4813/1178 1902/975/1178 1903/978/1178 1905/4814/1178
f 3613/4817/115 3607/4818/115 3610/4819/115 3614/4820/115
f 3612/1931/1180 3614/4820/1180 3610/4819/1180 3606/1932/1180
f 3615/1937/1181 3616/4821/1181 3608/4822/1181 3603/1934/1181
f 3606/1932/1182 3610/4819/1182 3607/4818/1182 3605/1933/1182
f 3603/1934/1183 3608/4822/1183 3609/4823/1183 3604/1935/1183
f 3605/1933/1184 3607/4818/1184 3613/4817/1184 3611/1930/1184
f 3615/1937/69 3617/1936/69 3612/1931/69 3611/1930/69
f 3608/4822/115 3616/4821/115 3618/4824/115 3609/4823/115
f 3604/1935/1185 3609/4823/1185 3618/4824/1185 3617/1936/1185
f 3613/4817/1186 3614/4820/1186 3612/1931/1186 3611/1930/1186
f 3615/1937/1187 3617/1936/1187 3618/4824/1187 3616/4821/1187
f 4009/4825/115 4005/4826/115 4006/4827/115 4010/4828/115
f 4008/2003/1180 4010/4828/1180 4006/4827/1180 4004/2004/1180
f 4004/2004/1182 4006/4827/1182 4005/4826/1182 4003/2005/1182
f 4003/2005/1184 4005/4826/1184 4009/4825/1184 4007/2002/1184
f 4009/4825/1186 4010/4828/1186 4008/2003/1186 4007/2002/1186
usemtl circuits_2
f 1514/4829/1188 1515/4830/1188 1517/4831/1188 1516/4832/1188
f 1516/4832/1189 1517/4831/1189 1519/4833/1189 1518/4834/1189
f 1518/4834/1190 1519/4833/1190 1521/4835/1190 1520/4836/1190
f 1520/4836/1191 1521/4835/1191 1523/4837/1191 1522/4838/1191
f 1522/4838/1192 1523/4837/1192 1525/4839/1192 1524/4840/1192
f 1524/4840/1193 1525/4839/1193 1527/4841/1193 1526/4842/1193
f 1526/4842/1194 1527/4841/1194 1529/4843/1194 1528/4844/1194
f 1528/4844/1195 1529/4843/1195 1531/4845/1195 1530/4846/1195
f 1530/4846/1196 1531/4845/1196 1533/4847/1196 1532/4848/1196
f 1532/4848/1197 1533/4847/1197 1535/4849/1197 1534/4850/1197
f 1534/4850/1198 1535/4849/1198 1537/4851/1198 1536/4852/1198
f 1536/4852/1199 1537/4851/1199 1539/4853/1199 1538/4854/1199
f 1538/4854/1200 1539/4853/1200 1541/4855/1200 1540/4856/1200
f 1540/4856/1201 1541/4855/1201 1543/4857/1201 1542/4858/1201
f 1542/4858/1202 1543/4857/1202 1545/4859/1202 1544/4860/1202
f 1544/4860/1203 1545/4859/1203 1547/4861/1203 1546/4862/1203
f 1546/4862/1204 1547/4861/1204 1549/4863/1204 1548/4864/1204
f 1548/4864/1205 1549/4863/1205 1551/4865/1205 1550/4866/1205
f 1550/4866/1206 1551/4865/1206 1553/4867/1206 1552/4868/1206
f 1552/4868/1207 1553/4867/1207 1555/4869/1207 1554/4870/1207
f 1554/4870/1208 1555/4869/1208 1557/4871/1208 1556/4872/1208
f 1556/4872/1209 1557/4871/1209 1559/4873/1209 1558/4874/1209
f 1558/4874/1210 1559/4873/1210 1561/4875/1210 1560/4876/1210
f 1560/4876/1211 1561/4875/1211 1563/4877/1211 1562/4878/1211
f 1562/4878/1212 1563/4877/1212 1565/4879/1212 1564/4880/1212
f 1564/4880/1213 1565/4879/1213 1567/4881/1213 1566/4882/1213
f 1566/4882/1214 1567/4881/1214 1569/4883/1214 1568/4884/1214
f 1568/4884/1215 1569/4883/1215 1571/4885/1215 1570/4886/1215
f 1570/4886/1216 1571/4885/1216 1573/4887/1216 1572/4888/1216
f 1572/4888/1217 1573/4887/1217 1575/4889/1217 1574/4890/1217
f 1611/4891/1194 1610/4892/1194 1584/4893/1194 1585/4894/1194
f 1574/4890/1218 1575/4889/1218 1577/4895/1218 1576/4896/1218
f 1576/4896/1219 1577/4895/1219 1515/4897/1219 1514/4898/1219
f 1578/4899/115 1579/4900/115 1609/4901/115 1608/4902/115 1607/4903/115 1606/4904/115 1605/4905/115 1604/4906/115 1603/4907/115 1602/4908/115 1601/4909/115 1600/4910/115 1599/4911/115 1598/4912/115 1597/4913/115 1596/4914/115 1595/4915/115 1594/4916/115 1593/4917/115 1592/4918/115 1591/4919/115 1590/4920/115 1589/4921/115 1588/4922/115 1587/4923/115 1586/4924/115 1585/4925/115 1584/4926/115 1583/4927/115 1582/4928/115 1581/4929/115 1580/4930/115
f 1613/4931/1220 1612/4932/1220 1593/4933/1220 1594/4934/1220
f 1615/4935/1212 1614/4936/1212 1602/4937/1212 1603/4938/1212
f 1617/4939/1221 1616/4940/1221 1580/4941/1221 1581/4942/1221
f 1619/4943/1222 1618/4944/1222 1589/4945/1222 1590/4946/1222
f 1621/4947/1223 1620/4948/1223 1598/4949/1223 1599/4950/1223
f 1623/4951/1217 1622/4952/1217 1607/4953/1217 1608/4954/1217
f 1624/4955/1224 1611/4891/1224 1585/4894/1224 1586/4956/1224
f 1625/4957/1225 1613/4931/1225 1594/4934/1225 1595/4958/1225
f 1626/4959/1226 1615/4935/1226 1603/4938/1226 1604/4960/1226
f 1627/4961/1191 1617/4939/1191 1581/4942/1191 1582/4962/1191
f 1628/4963/1227 1619/4943/1227 1590/4946/1227 1591/4964/1227
f 1629/4965/1209 1621/4947/1209 1599/4950/1209 1600/4966/1209
f 1630/4967/1218 1623/4951/1218 1608/4954/1218 1609/4968/1218
f 1631/4969/1196 1624/4955/1196 1586/4956/1196 1587/4970/1196
f 1632/4971/1228 1625/4957/1228 1595/4958/1228 1596/4972/1228
f 1633/4973/1214 1626/4959/1214 1604/4960/1214 1605/4974/1214
f 1634/4975/1229 1627/4961/1229 1582/4962/1229 1583/4976/1229
f 1635/4977/1230 1628/4963/1230 1591/4964/1230 1592/4978/1230
f 1636/4979/1210 1629/4965/1210 1600/4966/1210 1601/4980/1210
f 1638/4981/1188 1637/4982/1188 1579/4983/1188 1578/4984/1188
f 1637/4985/1219 1630/4967/1219 1609/4968/1219 1579/4986/1219
f 1639/4987/1231 1631/4969/1231 1587/4970/1231 1588/4988/1231
f 1640/4989/1232 1632/4971/1232 1596/4972/1232 1597/4990/1232
f 1641/4991/1215 1633/4973/1215 1605/4974/1215 1606/4992/1215
f 1610/4892/1193 1634/4975/1193 1583/4976/1193 1584/4893/1193
f 1612/4932/1233 1635/4977/1233 1592/4978/1233 1593/4933/1233
f 1614/4936/1234 1636/4979/1234 1601/4980/1234 1602/4937/1234
f 1616/4940/1235 1638/4981/1235 1578/4984/1235 1580/4941/1235
f 1618/4944/1236 1639/4987/1236 1588/4988/1236 1589/4945/1236
f 1620/4948/1237 1640/4989/1237 1597/4990/1237 1598/4949/1237
f 1622/4952/1238 1641/4991/1238 1606/4992/1238 1607/4953/1238
f 1525/4839/1239 1523/4837/1239 1646/4993/1239 1647/4994/1239
f 1635/4977/1240 1612/4932/1240 1699/4995/1240 1692/4996/1240
f 1577/4895/1241 1575/4889/1241 1672/4997/1241 1673/4998/1241
f 1610/4892/1242 1611/4891/1242 1674/4999/1242 1698/5000/1242
f 1636/4979/1243 1614/4936/1243 1700/5001/1243 1693/5002/1243
f 1559/4873/1244 1557/4871/1244 1663/5003/1244 1664/5004/1244
f 1612/4932/1245 1613/4931/1245 1675/5005/1245 1699/4995/1245
f 1541/4855/1246 1539/4853/1246 1654/5006/1246 1655/5007/1246
f 1638/4981/1247 1616/4940/1247 1701/5008/1247 1694/5009/1247
f 1614/4936/1248 1615/4935/1248 1676/5010/1248 1700/5001/1248
f 1523/4837/1249 1521/4835/1249 1645/5011/1249 1646/4993/1249
f 1639/4987/1250 1618/4944/1250 1702/5012/1250 1695/5013/1250
f 1575/4889/1251 1573/4887/1251 1671/5014/1251 1672/4997/1251
f 1616/4940/1252 1617/4939/1252 1677/5015/1252 1701/5008/1252
f 1557/4871/1253 1555/4869/1253 1662/5016/1253 1663/5003/1253
f 1640/4989/1254 1620/4948/1254 1703/5017/1254 1696/5018/1254
f 1618/4944/1255 1619/4943/1255 1678/5019/1255 1702/5012/1255
f 1539/4853/1256 1537/4851/1256 1653/5020/1256 1654/5006/1256
f 1641/4991/1257 1622/4952/1257 1704/5021/1257 1697/5022/1257
f 1620/4948/1258 1621/4947/1258 1679/5023/1258 1703/5017/1258
f 1521/4835/1259 1519/4833/1259 1644/5024/1259 1645/5011/1259
f 1573/4887/1260 1571/4885/1260 1670/5025/1260 1671/5014/1260
f 1622/4952/1261 1623/4951/1261 1680/5026/1261 1704/5021/1261
f 1555/4869/1262 1553/4867/1262 1661/5027/1262 1662/5016/1262
f 1611/4891/1263 1624/4955/1263 1681/5028/1263 1674/4999/1263
f 1537/4851/1264 1535/4849/1264 1652/5029/1264 1653/5020/1264
f 1613/4931/1265 1625/4957/1265 1682/5030/1265 1675/5005/1265
f 1519/4833/1266 1517/4831/1266 1642/5031/1266 1644/5024/1266
f 1571/4885/1267 1569/4883/1267 1669/5032/1267 1670/5025/1267
f 1615/4935/1268 1626/4959/1268 1683/5033/1268 1676/5010/1268
f 1553/4867/1269 1551/4865/1269 1660/5034/1269 1661/5027/1269
f 1617/4939/1270 1627/4961/1270 1684/5035/1270 1677/5015/1270
f 1671/5014/1238 1670/5025/1238 1697/5022/1238 1704/5021/1238
f 1662/5016/1207 1661/5027/1207 1696/5018/1207 1703/5017/1207
f 1653/5020/1198 1652/5029/1198 1695/5013/1198 1702/5012/1198
f 1644/5024/1189 1642/5031/1189 1694/5009/1189 1701/5008/1189
f 1666/5036/1234 1665/5037/1234 1693/5002/1234 1700/5001/1234
f 1657/5038/1233 1656/5039/1233 1692/4996/1233 1699/4995/1233
f 1648/5040/1193 1647/4994/1193 1691/5041/1193 1698/5000/1193
f 1670/5025/1271 1669/5032/1271 1690/5042/1271 1697/5022/1271
f 1661/5027/1272 1660/5034/1272 1689/5043/1272 1696/5018/1272
f 1652/5029/1197 1651/5044/1197 1688/5045/1197 1695/5013/1197
f 1643/5046/1273 1673/4998/1273 1687/5047/1273 1705/5048/1273
f 1642/5031/1188 1643/5049/1188 1705/5050/1188 1694/5009/1188
f 1665/5037/1210 1664/5004/1210 1686/5051/1210 1693/5002/1210
f 1656/5039/1274 1655/5007/1274 1685/5052/1274 1692/4996/1274
f 1647/4994/1229 1646/4993/1229 1684/5035/1229 1691/5041/1229
f 1669/5032/1275 1668/5053/1275 1683/5033/1275 1690/5042/1275
f 1660/5034/1228 1659/5054/1228 1682/5030/1228 1689/5043/1228
f 1651/5044/1196 1650/5055/1196 1681/5028/1196 1688/5045/1196
f 1673/4998/1276 1672/4997/1276 1680/5026/1276 1687/5047/1276
f 1664/5004/1209 1663/5003/1209 1679/5023/1209 1686/5051/1209
f 1655/5007/1227 1654/5006/1227 1678/5019/1227 1685/5052/1227
f 1646/4993/1191 1645/5011/1191 1677/5015/1191 1684/5035/1191
f 1668/5053/1277 1667/5056/1277 1676/5010/1277 1683/5033/1277
f 1659/5054/1225 1658/5057/1225 1675/5005/1225 1682/5030/1225
f 1650/5055/1224 1649/5058/1224 1674/4999/1224 1681/5028/1224
f 1672/4997/1278 1671/5014/1278 1704/5021/1278 1680/5026/1278
f 1663/5003/1208 1662/5016/1208 1703/5017/1208 1679/5023/1208
f 1654/5006/1279 1653/5020/1279 1702/5012/1279 1678/5019/1279
f 1645/5011/1280 1644/5024/1280 1701/5008/1280 1677/5015/1280
f 1667/5056/1212 1666/5036/1212 1700/5001/1212 1676/5010/1212
f 1658/5057/1220 1657/5038/1220 1699/4995/1220 1675/5005/1220
f 1649/5058/1194 1648/5040/1194 1698/5000/1194 1674/4999/1194
f 1634/4975/1281 1610/4892/1281 1698/5000/1281 1691/5041/1281
f 1543/4857/1282 1541/4855/1282 1655/5007/1282 1656/5039/1282
f 1561/4875/1283 1559/4873/1283 1664/5004/1283 1665/5037/1283
f 1633/4973/1284 1641/4991/1284 1697/5022/1284 1690/5042/1284
f 1515/4897/1285 1577/4895/1285 1673/4998/1285 1643/5046/1285
f 1632/4971/1286 1640/4989/1286 1696/5018/1286 1689/5043/1286
f 1527/4841/1287 1525/4839/1287 1647/4994/1287 1648/5040/1287
f 1631/4969/1288 1639/4987/1288 1695/5013/1288 1688/5045/1288
f 1545/4859/1289 1543/4857/1289 1656/5039/1289 1657/5038/1289
f 1563/4877/1290 1561/4875/1290 1665/5037/1290 1666/5036/1290
f 1630/4967/1291 1637/4985/1291 1705/5048/1291 1687/5047/1291
f 1637/4982/1292 1638/4981/1292 1694/5009/1292 1705/5050/1292
f 1529/4843/1293 1527/4841/1293 1648/5040/1293 1649/5058/1293
f 1629/4965/1294 1636/4979/1294 1693/5002/1294 1686/5051/1294
f 1547/4861/1295 1545/4859/1295 1657/5038/1295 1658/5057/1295
f 1628/4963/1296 1635/4977/1296 1692/4996/1296 1685/5052/1296
f 1565/4879/1297 1563/4877/1297 1666/5036/1297 1667/5056/1297
f 1627/4961/1298 1634/4975/1298 1691/5041/1298 1684/5035/1298
f 1531/4845/1299 1529/4843/1299 1649/5058/1299 1650/5055/1299
f 1626/4959/1300 1633/4973/1300 1690/5042/1300 1683/5033/1300
f 1549/4863/1301 1547/4861/1301 1658/5057/1301 1659/5054/1301
f 1567/4881/1302 1565/4879/1302 1667/5056/1302 1668/5053/1302
f 1625/4957/1303 1632/4971/1303 1689/5043/1303 1682/5030/1303
f 1624/4955/1304 1631/4969/1304 1688/5045/1304 1681/5028/1304
f 1533/4847/1305 1531/4845/1305 1650/5055/1305 1651/5044/1305
f 1623/4951/1306 1630/4967/1306 1687/5047/1306 1680/5026/1306
f 1551/4865/1307 1549/4863/1307 1659/5054/1307 1660/5034/1307
f 1517/4831/1308 1515/4830/1308 1643/5049/1308 1642/5031/1308
f 1621/4947/1309 1629/4965/1309 1686/5051/1309 1679/5023/1309
f 1569/4883/1310 1567/4881/1310 1668/5053/1310 1669/5032/1310
f 1619/4943/1311 1628/4963/1311 1685/5052/1311 1678/5019/1311
f 1535/4849/1312 1533/4847/1312 1651/5044/1312 1652/5029/1312
f 1706/5059/1313 1707/5060/1313 1709/5061/1313 1708/5062/1313
f 1708/5062/1235 1709/5061/1235 1711/5063/1235 1710/5064/1235
f 1710/5064/1280 1711/5063/1280 1713/5065/1280 1712/5066/1280
f 1712/5066/1191 1713/5065/1191 1715/5067/1191 1714/5068/1191
f 1714/5068/1229 1715/5067/1229 1717/5069/1229 1716/5070/1229
f 1716/5070/1193 1717/5069/1193 1719/5071/1193 1718/5072/1193
f 1718/5072/1194 1719/5071/1194 1721/5073/1194 1720/5074/1194
f 1720/5074/1195 1721/5073/1195 1723/5075/1195 1722/5076/1195
f 1722/5076/1196 1723/5075/1196 1725/5077/1196 1724/5078/1196
f 1724/5078/1231 1725/5077/1231 1727/5079/1231 1726/5080/1231
f 1726/5080/1198 1727/5079/1198 1729/5081/1198 1728/5082/1198
f 1728/5082/1199 1729/5081/1199 1731/5083/1199 1730/5084/1199
f 1730/5084/1227 1731/5083/1227 1733/5085/1227 1732/5086/1227
f 1732/5086/1201 1733/5085/1201 1735/5087/1201 1734/5088/1201
f 1734/5088/1202 1735/5087/1202 1737/5089/1202 1736/5090/1202
f 1736/5090/1220 1737/5089/1220 1739/5091/1220 1738/5092/1220
f 1738/5092/1204 1739/5091/1204 1741/5093/1204 1740/5094/1204
f 1740/5094/1205 1741/5093/1205 1743/5095/1205 1742/5096/1205
f 1742/5096/1232 1743/5095/1232 1745/5097/1232 1744/5098/1232
f 1744/5098/1237 1745/5097/1237 1747/5099/1237 1746/5100/1237
f 1746/5100/1223 1747/5099/1223 1749/5101/1223 1748/5102/1223
f 1748/5102/1209 1749/5101/1209 1751/5103/1209 1750/5104/1209
f 1750/5104/1210 1751/5103/1210 1753/5105/1210 1752/5106/1210
f 1752/5106/1234 1753/5105/1234 1755/5107/1234 1754/5108/1234
f 1754/5108/1212 1755/5107/1212 1757/5109/1212 1756/5110/1212
f 1756/5110/1213 1757/5109/1213 1759/5111/1213 1758/5112/1213
f 1758/5112/1214 1759/5111/1214 1761/5113/1214 1760/5114/1214
f 1760/5114/1215 1761/5113/1215 1763/5115/1215 1762/5116/1215
f 1762/5116/1238 1763/5115/1238 1765/5117/1238 1764/5118/1238
f 1764/5118/1217 1765/5117/1217 1767/5119/1217 1766/5120/1217
f 1803/5121/1194 1802/5122/1194 1776/5123/1194 1777/5124/1194
f 1766/5120/1218 1767/5119/1218 1769/5125/1218 1768/5126/1218
f 1768/5126/1219 1769/5125/1219 1707/5127/1219 1706/5128/1219
f 1770/5129/115 1771/5130/115 1801/5131/115 1800/5132/115 1799/5133/115 1798/5134/115 1797/5135/115 1796/5136/115 1795/5137/115 1794/5138/115 1793/5139/115 1792/5140/115 1791/5141/115 1790/5142/115 1789/5143/115 1788/5144/115 1787/5145/115 1786/5146/115 1785/5147/115 1784/5148/115 1783/5149/115 1782/5150/115 1781/5151/115 1780/5152/115 1779/5153/115 1778/5154/115 1777/5155/115 1776/5156/115 1775/5157/115 1774/5158/115 1773/5159/115 1772/5160/115
f 1805/5161/1220 1804/5162/1220 1785/5163/1220 1786/5164/1220
f 1807/5165/1212 1806/5166/1212 1794/5167/1212 1795/5168/1212
f 1809/5169/1280 1808/5170/1280 1772/5171/1280 1773/5172/1280
f 1811/5173/1199 1810/5174/1199 1781/5175/1199 1782/5176/1199
f 1813/5177/1223 1812/5178/1223 1790/5179/1223 1791/5180/1223
f 1815/5181/1217 1814/5182/1217 1799/5183/1217 1800/5184/1217
f 1816/5185/1224 1803/5121/1224 1777/5124/1224 1778/5186/1224
f 1817/5187/1225 1805/5161/1225 1786/5164/1225 1787/5188/1225
f 1818/5189/1277 1807/5165/1277 1795/5168/1277 1796/5190/1277
f 1819/5191/1191 1809/5169/1191 1773/5172/1191 1774/5192/1191
f 1820/5193/1227 1811/5173/1227 1782/5176/1227 1783/5194/1227
f 1821/5195/1314 1813/5177/1314 1791/5180/1314 1792/5196/1314
f 1822/5197/1218 1815/5181/1218 1800/5184/1218 1801/5198/1218
f 1823/5199/1196 1816/5185/1196 1778/5186/1196 1779/5200/1196
f 1824/5201/1205 1817/5187/1205 1787/5188/1205 1788/5202/1205
f 1825/5203/1275 1818/5189/1275 1796/5190/1275 1797/5204/1275
f 1826/5205/1192 1819/5191/1192 1774/5192/1192 1775/5206/1192
f 1827/5207/1201 1820/5193/1201 1783/5194/1201 1784/5208/1201
f 1828/5209/1210 1821/5195/1210 1792/5196/1210 1793/5210/1210
f 1830/5211/1315 1829/5212/1315 1771/5213/1315 1770/5214/1315
f 1829/5215/1273 1822/5197/1273 1801/5198/1273 1771/5216/1273
f 1831/5217/1231 1823/5199/1231 1779/5200/1231 1780/5218/1231
f 1832/5219/1232 1824/5201/1232 1788/5202/1232 1789/5220/1232
f 1833/5221/1316 1825/5203/1316 1797/5204/1316 1798/5222/1316
f 1802/5122/1193 1826/5205/1193 1775/5206/1193 1776/5123/1193
f 1804/5162/1233 1827/5207/1233 1784/5208/1233 1785/5163/1233
f 1806/5166/1234 1828/5209/1234 1793/5210/1234 1794/5167/1234
f 1808/5170/1189 1830/5211/1189 1770/5214/1189 1772/5171/1189
f 1810/5174/1198 1831/5217/1198 1780/5218/1198 1781/5175/1198
f 1812/5178/1237 1832/5219/1237 1789/5220/1237 1790/5179/1237
f 1814/5182/1216 1833/5221/1216 1798/5222/1216 1799/5183/1216
f 1717/5069/1239 1715/5067/1239 1838/5223/1239 1839/5224/1239
f 1827/5207/1317 1804/5162/1317 1891/5225/1317 1884/5226/1317
f 1769/5125/1241 1767/5119/1241 1864/5227/1241 1865/5228/1241
f 1802/5122/1242 1803/5121/1242 1866/5229/1242 1890/5230/1242
f 1828/5209/1318 1806/5166/1318 1892/5231/1318 1885/5232/1318
f 1751/5103/1244 1749/5101/1244 1855/5233/1244 1856/5234/1244
f 1804/5162/1245 1805/5161/1245 1867/5235/1245 1891/5225/1245
f 1733/5085/1246 1731/5083/1246 1846/5236/1246 1847/5237/1246
f 1830/5211/1319 1808/5170/1319 1893/5238/1319 1886/5239/1319
f 1806/5166/1320 1807/5165/1320 1868/5240/1320 1892/5231/1320
f 1715/5067/1249 1713/5065/1249 1837/5241/1249 1838/5223/1249
f 1831/5217/1321 1810/5174/1321 1894/5242/1321 1887/5243/1321
f 1767/5119/1251 1765/5117/1251 1863/5244/1251 1864/5227/1251
f 1808/5170/1322 1809/5169/1322 1869/5245/1322 1893/5238/1322
f 1749/5101/1253 1747/5099/1253 1854/5246/1253 1855/5233/1253
f 1832/5219/1254 1812/5178/1254 1895/5247/1254 1888/5248/1254
f 1810/5174/1323 1811/5173/1323 1870/5249/1323 1894/5242/1323
f 1731/5083/1256 1729/5081/1256 1845/5250/1256 1846/5236/1256
f 1833/5221/1257 1814/5182/1257 1896/5251/1257 1889/5252/1257
f 1812/5178/1324 1813/5177/1324 1871/5253/1324 1895/5247/1324
f 1713/5065/1259 1711/5063/1259 1836/5254/1259 1837/5241/1259
f 1765/5117/1260 1763/5115/1260 1862/5255/1260 1863/5244/1260
f 1814/5182/1261 1815/5181/1261 1872/5256/1261 1896/5251/1261
f 1747/5099/1262 1745/5097/1262 1853/5257/1262 1854/5246/1262
f 1803/5121/1263 1816/5185/1263 1873/5258/1263 1866/5229/1263
f 1729/5081/1264 1727/5079/1264 1844/5259/1264 1845/5250/1264
f 1805/5161/1325 1817/5187/1325 1874/5260/1325 1867/5235/1325
f 1711/5063/1266 1709/5061/1266 1834/5261/1266 1836/5254/1266
f 1763/5115/1267 1761/5113/1267 1861/5262/1267 1862/5255/1267
f 1807/5165/1326 1818/5189/1326 1875/5263/1326 1868/5240/1326
f 1745/5097/1269 1743/5095/1269 1852/5264/1269 1853/5257/1269
f 1809/5169/1327 1819/5191/1327 1876/5265/1327 1869/5245/1327
f 1863/5244/1238 1862/5255/1238 1889/5252/1238 1896/5251/1238
f 1854/5246/1207 1853/5257/1207 1888/5248/1207 1895/5247/1207
f 1845/5250/1198 1844/5259/1198 1887/5243/1198 1894/5242/1198
f 1836/5254/1235 1834/5261/1235 1886/5239/1235 1893/5238/1235
f 1858/5266/1234 1857/5267/1234 1885/5232/1234 1892/5231/1234
f 1849/5268/1233 1848/5269/1233 1884/5226/1233 1891/5225/1233
f 1840/5270/1193 1839/5224/1193 1883/5271/1193 1890/5230/1193
f 1862/5255/1215 1861/5262/1215 1882/5272/1215 1889/5252/1215
f 1853/5257/1232 1852/5264/1232 1881/5273/1232 1888/5248/1232
f 1844/5259/1197 1843/5274/1197 1880/5275/1197 1887/5243/1197
f 1835/5276/1273 1865/5228/1273 1879/5277/1273 1897/5278/1273
f 1834/5261/1313 1835/5279/1313 1897/5280/1313 1886/5239/1313
f 1857/5267/1210 1856/5234/1210 1878/5281/1210 1885/5232/1210
f 1848/5269/1274 1847/5237/1274 1877/5282/1274 1884/5226/1274
f 1839/5224/1229 1838/5223/1229 1876/5265/1229 1883/5271/1229
f 1861/5262/1214 1860/5283/1214 1875/5263/1214 1882/5272/1214
f 1852/5264/1205 1851/5284/1205 1874/5260/1205 1881/5273/1205
f 1843/5274/1196 1842/5285/1196 1873/5258/1196 1880/5275/1196
f 1865/5228/1218 1864/5227/1218 1872/5256/1218 1879/5277/1218
f 1856/5234/1209 1855/5233/1209 1871/5253/1209 1878/5281/1209
f 1847/5237/1227 1846/5236/1227 1870/5249/1227 1877/5282/1227
f 1838/5223/1328 1837/5241/1328 1869/5245/1328 1876/5265/1328
f 1860/5283/1277 1859/5286/1277 1868/5240/1277 1875/5263/1277
f 1851/5284/1225 1850/5287/1225 1867/5235/1225 1874/5260/1225
f 1842/5285/1224 1841/5288/1224 1866/5229/1224 1873/5258/1224
f 1864/5227/1329 1863/5244/1329 1896/5251/1329 1872/5256/1329
f 1855/5233/1208 1854/5246/1208 1895/5247/1208 1871/5253/1208
f 1846/5236/1279 1845/5250/1279 1894/5242/1279 1870/5249/1279
f 1837/5241/1280 1836/5254/1280 1893/5238/1280 1869/5245/1280
f 1859/5286/1212 1858/5266/1212 1892/5231/1212 1868/5240/1212
f 1850/5287/1220 1849/5268/1220 1891/5225/1220 1867/5235/1220
f 1841/5288/1194 1840/5270/1194 1890/5230/1194 1866/5229/1194
f 1826/5205/1330 1802/5122/1330 1890/5230/1330 1883/5271/1330
f 1735/5087/1282 1733/5085/1282 1847/5237/1282 1848/5269/1282
f 1753/5105/1283 1751/5103/1283 1856/5234/1283 1857/5267/1283
f 1825/5203/1284 1833/5221/1284 1889/5252/1284 1882/5272/1284
f 1707/5127/1285 1769/5125/1285 1865/5228/1285 1835/5276/1285
f 1824/5201/1286 1832/5219/1286 1888/5248/1286 1881/5273/1286
f 1719/5071/1287 1717/5069/1287 1839/5224/1287 1840/5270/1287
f 1823/5199/1331 1831/5217/1331 1887/5243/1331 1880/5275/1331
f 1737/5089/1289 1735/5087/1289 1848/5269/1289 1849/5268/1289
f 1755/5107/1290 1753/5105/1290 1857/5267/1290 1858/5266/1290
f 1822/5197/1291 1829/5215/1291 1897/5278/1291 1879/5277/1291
f 1829/5212/1332 1830/5211/1332 1886/5239/1332 1897/5280/1332
f 1721/5073/1293 1719/5071/1293 1840/5270/1293 1841/5288/1293
f 1821/5195/1294 1828/5209/1294 1885/5232/1294 1878/5281/1294
f 1739/5091/1295 1737/5089/1295 1849/5268/1295 1850/5287/1295
f 1820/5193/1333 1827/5207/1333 1884/5226/1333 1877/5282/1333
f 1757/5109/1297 1755/5107/1297 1858/5266/1297 1859/5286/1297
f 1819/5191/1334 1826/5205/1334 1883/5271/1334 1876/5265/1334
f 1723/5075/1299 1721/5073/1299 1841/5288/1299 1842/5285/1299
f 1818/5189/1300 1825/5203/1300 1882/5272/1300 1875/5263/1300
f 1741/5093/1301 1739/5091/1301 1850/5287/1301 1851/5284/1301
f 1759/5111/1302 1757/5109/1302 1859/5286/1302 1860/5283/1302
f 1817/5187/1303 1824/5201/1303 1881/5273/1303 1874/5260/1303
f 1816/5185/1304 1823/5199/1304 1880/5275/1304 1873/5258/1304
f 1725/5077/1305 1723/5075/1305 1842/5285/1305 1843/5274/1305
f 1815/5181/1335 1822/5197/1335 1879/5277/1335 1872/5256/1335
f 1743/5095/1307 1741/5093/1307 1851/5284/1307 1852/5264/1307
f 1709/5061/1308 1707/5060/1308 1835/5279/1308 1834/5261/1308
f 1813/5177/1309 1821/5195/1309 1878/5281/1309 1871/5253/1309
f 1761/5113/1310 1759/5111/1310 1860/5283/1310 1861/5262/1310
f 1811/5173/1336 1820/5193/1336 1877/5282/1336 1870/5249/1336
f 1727/5079/1312 1725/5077/1312 1843/5274/1312 1844/5259/1312
f 1906/5289/1337 1907/5290/1337 1909/5291/1337 1908/5292/1337
f 1908/5292/1189 1909/5291/1189 1911/5293/1189 1910/5294/1189
f 1910/5294/1190 1911/5293/1190 1913/5295/1190 1912/5296/1190
f 1912/5296/1191 1913/5295/1191 1915/5297/1191 1914/5298/1191
f 1914/5298/1192 1915/5297/1192 1917/5299/1192 1916/5300/1192
f 1916/5300/1193 1917/5299/1193 1919/5301/1193 1918/5302/1193
f 1918/5302/1194 1919/5301/1194 1921/5303/1194 1920/5304/1194
f 1920/5304/1224 1921/5303/1224 1923/5305/1224 1922/5306/1224
f 1922/5306/1196 1923/5305/1196 1925/5307/1196 1924/5308/1196
f 1924/5308/1231 1925/5307/1231 1927/5309/1231 1926/5310/1231
f 1926/5310/1198 1927/5309/1198 1929/5311/1198 1928/5312/1198
f 1928/5312/1199 1929/5311/1199 1931/5313/1199 1930/5314/1199
f 1930/5314/1227 1931/5313/1227 1933/5315/1227 1932/5316/1227
f 1932/5316/1201 1933/5315/1201 1935/5317/1201 1934/5318/1201
f 1934/5318/1338 1935/5317/1338 1937/5319/1338 1936/5320/1338
f 1936/5320/1203 1937/5319/1203 1939/5321/1203 1938/5322/1203
f 1938/5322/1204 1939/5321/1204 1941/5323/1204 1940/5324/1204
f 1940/5324/1205 1941/5323/1205 1943/5325/1205 1942/5326/1205
f 1942/5326/1232 1943/5325/1232 1945/5327/1232 1944/5328/1232
f 1944/5328/1237 1945/5327/1237 1947/5329/1237 1946/5330/1237
f 1946/5330/1223 1947/5329/1223 1949/5331/1223 1948/5332/1223
f 1948/5332/1314 1949/5331/1314 1951/5333/1314 1950/5334/1314
f 1950/5334/1210 1951/5333/1210 1953/5335/1210 1952/5336/1210
f 1952/5336/1234 1953/5335/1234 1955/5337/1234 1954/5338/1234
f 1954/5338/1212 1955/5337/1212 1957/5339/1212 1956/5340/1212
f 1956/5340/1277 1957/5339/1277 1959/5341/1277 1958/5342/1277
f 1958/5342/1214 1959/5341/1214 1961/5343/1214 1960/5344/1214
f 1960/5344/1215 1961/5343/1215 1963/5345/1215 1962/5346/1215
f 1962/5346/1216 1963/5345/1216 1965/5347/1216 1964/5348/1216
f 1964/5348/1217 1965/5347/1217 1967/5349/1217 1966/5350/1217
f 2003/5351/1194 2002/5352/1194 1976/5353/1194 1977/5354/1194
f 1966/5350/1218 1967/5349/1218 1969/5355/1218 1968/5356/1218
f 1968/5356/1273 1969/5355/1273 1907/5357/1273 1906/5358/1273
f 1970/5359/115 1971/5360/115 2001/5361/115 2000/5362/115 1999/5363/115 1998/5364/115 1997/5365/115 1996/5366/115 1995/5367/115 1994/5368/115 1993/5369/115 1992/5370/115 1991/5371/115 1990/5372/115 1989/5373/115 1988/5374/115 1987/5375/115 1986/5376/115 1985/5377/115 1984/5378/115 1983/5379/115 1982/5380/115 1981/5381/115 1980/5382/115 1979/5383/115 1978/5384/115 1977/5385/115 1976/5386/115 1975/5387/115 1974/5388/115 1973/5389/115 1972/5390/115
f 2005/5391/1203 2004/5392/1203 1985/5393/1203 1986/5394/1203
f 2007/5395/1212 2006/5396/1212 1994/5397/1212 1995/5398/1212
f 2009/5399/1280 2008/5400/1280 1972/5401/1280 1973/5402/1280
f 2011/5403/1199 2010/5404/1199 1981/5405/1199 1982/5406/1199
f 2013/5407/1208 2012/5408/1208 1990/5409/1208 1991/5410/1208
f 2015/5411/1217 2014/5412/1217 1999/5413/1217 2000/5414/1217
f 2016/5415/1195 2003/5351/1195 1977/5354/1195 1978/5416/1195
f 2017/5417/1225 2005/5391/1225 1986/5394/1225 1987/5418/1225
f 2018/5419/1277 2007/5395/1277 1995/5398/1277 1996/5420/1277
f 2019/5421/1328 2009/5399/1328 1973/5402/1328 1974/5422/1328
f 2020/5423/1227 2011/5403/1227 1982/5406/1227 1983/5424/1227
f 2021/5425/1209 2013/5407/1209 1991/5410/1209 1992/5426/1209
f 2022/5427/1218 2015/5411/1218 2000/5414/1218 2001/5428/1218
f 2023/5429/1196 2016/5415/1196 1978/5416/1196 1979/5430/1196
f 2024/5431/1205 2017/5417/1205 1987/5418/1205 1988/5432/1205
f 2025/5433/1214 2018/5419/1214 1996/5420/1214 1997/5434/1214
f 2026/5435/1229 2019/5421/1229 1974/5422/1229 1975/5436/1229
f 2027/5437/1201 2020/5423/1201 1983/5424/1201 1984/5438/1201
f 2028/5439/1210 2021/5425/1210 1992/5426/1210 1993/5440/1210
f 2030/5441/1315 2029/5442/1315 1971/5443/1315 1970/5444/1315
f 2029/5445/1273 2022/5427/1273 2001/5428/1273 1971/5446/1273
f 2031/5447/1231 2023/5429/1231 1979/5430/1231 1980/5448/1231
f 2032/5449/1272 2024/5431/1272 1988/5432/1272 1989/5450/1272
f 2033/5451/1215 2025/5433/1215 1997/5434/1215 1998/5452/1215
f 2002/5352/1193 2026/5435/1193 1975/5436/1193 1976/5353/1193
f 2004/5392/1202 2027/5437/1202 1984/5438/1202 1985/5393/1202
f 2006/5396/1234 2028/5439/1234 1993/5440/1234 1994/5397/1234
f 2008/5400/1189 2030/5441/1189 1970/5444/1189 1972/5401/1189
f 2010/5404/1198 2031/5447/1198 1980/5448/1198 1981/5405/1198
f 2012/5408/1207 2032/5449/1207 1989/5450/1207 1990/5409/1207
f 2014/5412/1216 2033/5451/1216 1998/5452/1216 1999/5413/1216
f 1917/5299/1239 1915/5297/1239 2038/5453/1239 2039/5454/1239
f 2027/5437/1339 2004/5392/1339 2091/5455/1339 2084/5456/1339
f 1969/5355/1241 1967/5349/1241 2064/5457/1241 2065/5458/1241
f 2002/5352/1340 2003/5351/1340 2066/5459/1340 2090/5460/1340
f 2028/5439/1318 2006/5396/1318 2092/5461/1318 2085/5462/1318
f 1951/5333/1244 1949/5331/1244 2055/5463/1244 2056/5464/1244
f 2004/5392/1245 2005/5391/1245 2067/5465/1245 2091/5455/1245
f 1933/5315/1246 1931/5313/1246 2046/5466/1246 2047/5467/1246
f 2030/5441/1319 2008/5400/1319 2093/5468/1319 2086/5469/1319
f 2006/5396/1320 2007/5395/1320 2068/5470/1320 2092/5461/1320
f 1915/5297/1341 1913/5295/1341 2037/5471/1341 2038/5453/1341
f 2031/5447/1342 2010/5404/1342 2094/5472/1342 2087/5473/1342
f 1967/5349/1251 1965/5347/1251 2063/5474/1251 2064/5457/1251
f 2008/5400/1322 2009/5399/1322 2069/5475/1322 2093/5468/1322
f 1949/5331/1253 1947/5329/1253 2054/5476/1253 2055/5463/1253
f 2032/5449/1254 2012/5408/1254 2095/5477/1254 2088/5478/1254
f 2010/5404/1255 2011/5403/1255 2070/5479/1255 2094/5472/1255
f 1931/5313/1256 1929/5311/1256 2045/5480/1256 2046/5466/1256
f 2033/5451/1257 2014/5412/1257 2096/5481/1257 2089/5482/1257
f 2012/5408/1258 2013/5407/1258 2071/5483/1258 2095/5477/1258
f 1913/5295/1259 1911/5293/1259 2036/5484/1259 2037/5471/1259
f 1965/5347/1260 1963/5345/1260 2062/5485/1260 2063/5474/1260
f 2014/5412/1261 2015/5411/1261 2072/5486/1261 2096/5481/1261
f 1947/5329/1262 1945/5327/1262 2053/5487/1262 2054/5476/1262
f 2003/5351/1343 2016/5415/1343 2073/5488/1343 2066/5459/1343
f 1929/5311/1264 1927/5309/1264 2044/5489/1264 2045/5480/1264
f 2005/5391/1265 2017/5417/1265 2074/5490/1265 2067/5465/1265
f 1911/5293/1266 1909/5291/1266 2034/5491/1266 2036/5484/1266
f 1963/5345/1267 1961/5343/1267 2061/5492/1267 2062/5485/1267
f 2007/5395/1268 2018/5419/1268 2075/5493/1268 2068/5470/1268
f 1945/5327/1269 1943/5325/1269 2052/5494/1269 2053/5487/1269
f 2009/5399/1344 2019/5421/1344 2076/5495/1344 2069/5475/1344
f 2063/5474/1216 2062/5485/1216 2089/5482/1216 2096/5481/1216
f 2054/5476/1237 2053/5487/1237 2088/5478/1237 2095/5477/1237
f 2045/5480/1345 2044/5489/1345 2087/5473/1345 2094/5472/1345
f 2036/5484/1235 2034/5491/1235 2086/5469/1235 2093/5468/1235
f 2058/5496/1211 2057/5497/1211 2085/5462/1211 2092/5461/1211
f 2049/5498/1202 2048/5499/1202 2084/5456/1202 2091/5455/1202
f 2040/5500/1193 2039/5454/1193 2083/5501/1193 2090/5460/1193
f 2062/5485/1271 2061/5492/1271 2082/5502/1271 2089/5482/1271
f 2053/5487/1232 2052/5494/1232 2081/5503/1232 2088/5478/1232
f 2044/5489/1231 2043/5504/1231 2080/5505/1231 2087/5473/1231
f 2035/5506/1273 2065/5458/1273 2079/5507/1273 2097/5508/1273
f 2034/5491/1188 2035/5509/1188 2097/5510/1188 2086/5469/1188
f 2057/5497/1210 2056/5464/1210 2078/5511/1210 2085/5462/1210
f 2048/5499/1201 2047/5467/1201 2077/5512/1201 2084/5456/1201
f 2039/5454/1192 2038/5453/1192 2076/5495/1192 2083/5501/1192
f 2061/5492/1214 2060/5513/1214 2075/5493/1214 2082/5502/1214
f 2052/5494/1205 2051/5514/1205 2074/5490/1205 2081/5503/1205
f 2043/5504/1196 2042/5515/1196 2073/5488/1196 2080/5505/1196
f 2065/5458/1218 2064/5457/1218 2072/5486/1218 2079/5507/1218
f 2056/5464/1209 2055/5463/1209 2071/5483/1209 2078/5511/1209
f 2047/5467/1200 2046/5466/1200 2070/5479/1200 2077/5512/1200
f 2038/5453/1191 2037/5471/1191 2069/5475/1191 2076/5495/1191
f 2060/5513/1213 2059/5516/1213 2068/5470/1213 2075/5493/1213
f 2051/5514/1204 2050/5517/1204 2067/5465/1204 2074/5490/1204
f 2042/5515/1224 2041/5518/1224 2066/5459/1224 2073/5488/1224
f 2064/5457/1217 2063/5474/1217 2096/5481/1217 2072/5486/1217
f 2055/5463/1223 2054/5476/1223 2095/5477/1223 2071/5483/1223
f 2046/5466/1222 2045/5480/1222 2094/5472/1222 2070/5479/1222
f 2037/5471/1221 2036/5484/1221 2093/5468/1221 2069/5475/1221
f 2059/5516/1212 2058/5496/1212 2092/5461/1212 2068/5470/1212
f 2050/5517/1346 2049/5498/1346 2091/5455/1346 2067/5465/1346
f 2041/5518/1194 2040/5500/1194 2090/5460/1194 2066/5459/1194
f 2026/5435/1281 2002/5352/1281 2090/5460/1281 2083/5501/1281
f 1935/5317/1282 1933/5315/1282 2047/5467/1282 2048/5499/1282
f 1953/5335/1283 1951/5333/1283 2056/5464/1283 2057/5497/1283
f 2025/5433/1284 2033/5451/1284 2089/5482/1284 2082/5502/1284
f 1907/5357/1285 1969/5355/1285 2065/5458/1285 2035/5506/1285
f 2024/5431/1347 2032/5449/1347 2088/5478/1347 2081/5503/1347
f 1919/5301/1287 1917/5299/1287 2039/5454/1287 2040/5500/1287
f 2023/5429/1288 2031/5447/1288 2087/5473/1288 2080/5505/1288
f 1937/5319/1289 1935/5317/1289 2048/5499/1289 2049/5498/1289
f 1955/5337/1290 1953/5335/1290 2057/5497/1290 2058/5496/1290
f 2022/5427/1348 2029/5445/1348 2097/5508/1348 2079/5507/1348
f 2029/5442/1349 2030/5441/1349 2086/5469/1349 2097/5510/1349
f 1921/5303/1293 1919/5301/1293 2040/5500/1293 2041/5518/1293
f 2021/5425/1350 2028/5439/1350 2085/5462/1350 2078/5511/1350
f 1939/5321/1295 1937/5319/1295 2049/5498/1295 2050/5517/1295
f 2020/5423/1351 2027/5437/1351 2084/5456/1351 2077/5512/1351
f 1957/5339/1297 1955/5337/1297 2058/5496/1297 2059/5516/1297
f 2019/5421/1334 2026/5435/1334 2083/5501/1334 2076/5495/1334
f 1923/5305/1299 1921/5303/1299 2041/5518/1299 2042/5515/1299
f 2018/5419/1352 2025/5433/1352 2082/5502/1352 2075/5493/1352
f 1941/5323/1301 1939/5321/1301 2050/5517/1301 2051/5514/1301
f 1959/5341/1302 1957/5339/1302 2059/5516/1302 2060/5513/1302
f 2017/5417/1303 2024/5431/1303 2081/5503/1303 2074/5490/1303
f 2016/5415/1353 2023/5429/1353 2080/5505/1353 2073/5488/1353
f 1925/5307/1305 1923/5305/1305 2042/5515/1305 2043/5504/1305
f 2015/5411/1354 2022/5427/1354 2079/5507/1354 2072/5486/1354
f 1943/5325/1307 1941/5323/1307 2051/5514/1307 2052/5494/1307
f 1909/5291/1308 1907/5290/1308 2035/5509/1308 2034/5491/1308
f 2013/5407/1355 2021/5425/1355 2078/5511/1355 2071/5483/1355
f 1961/5343/1310 1959/5341/1310 2060/5513/1310 2061/5492/1310
f 2011/5403/1356 2020/5423/1356 2077/5512/1356 2070/5479/1356
f 1927/5309/1312 1925/5307/1312 2043/5504/1312 2044/5489/1312
f 3619/5519/1357 3621/5520/1357 3622/5521/1357 3620/5522/1357
f 3621/5520/1358 3623/5523/1358 3624/5524/1358 3622/5521/1358
f 3623/5523/1359 3625/5525/1359 3626/5526/1359 3624/5524/1359
f 3625/5525/1360 3627/5527/1360 3628/5528/1360 3626/5526/1360
f 3627/5527/1361 3629/5529/1361 3630/5530/1361 3628/5528/1361
f 3629/5529/1362 3631/5531/1362 3632/5532/1362 3630/5530/1362
f 3631/5531/1363 3633/5533/1363 3634/5534/1363 3632/5532/1363
f 3633/5533/1364 3635/5535/1364 3636/5536/1364 3634/5534/1364
f 3635/5535/1365 3637/5537/1365 3638/5538/1365 3636/5536/1365
f 3637/5537/1366 3639/5539/1366 3640/5540/1366 3638/5538/1366
f 3639/5539/1367 3641/5541/1367 3642/5542/1367 3640/5540/1367
f 3641/5541/1368 3643/5543/1368 3644/5544/1368 3642/5542/1368
f 3643/5543/1369 3645/5545/1369 3646/5546/1369 3644/5544/1369
f 3645/5545/1370 3647/5547/1370 3648/5548/1370 3646/5546/1370
f 3647/5547/1371 3649/5549/1371 3650/5550/1371 3648/5548/1371
f 3649/5549/1372 3651/5551/1372 3652/5552/1372 3650/5550/1372
f 3651/5551/1373 3653/5553/1373 3654/5554/1373 3652/5552/1373
f 3653/5553/1374 3655/5555/1374 3656/5556/1374 3654/5554/1374
f 3655/5555/1375 3657/5557/1375 3658/5558/1375 3656/5556/1375
f 3657/5557/1376 3659/5559/1376 3660/5560/1376 3658/5558/1376
f 3659/5559/1377 3661/5561/1377 3662/5562/1377 3660/5560/1377
f 3661/5561/1378 3663/5563/1378 3664/5564/1378 3662/5562/1378
f 3663/5563/1379 3665/5565/1379 3666/5566/1379 3664/5564/1379
f 3665/5565/1380 3667/5567/1380 3668/5568/1380 3666/5566/1380
f 3667/5567/1381 3669/5569/1381 3670/5570/1381 3668/5568/1381
f 3669/5569/1382 3671/5571/1382 3672/5572/1382 3670/5570/1382
f 3671/5571/1383 3673/5573/1383 3674/5574/1383 3672/5572/1383
f 3673/5573/1384 3675/5575/1384 3676/5576/1384 3674/5574/1384
f 3675/5575/1385 3677/5577/1385 3678/5578/1385 3676/5576/1385
f 3677/5577/1386 3679/5579/1386 3680/5580/1386 3678/5578/1386
f 3716/5581/1363 3690/5582/1363 3689/5583/1363 3715/5584/1363
f 3679/5579/1387 3681/5585/1387 3682/5586/1387 3680/5580/1387
f 3681/5585/1388 3619/5587/1388 3620/5588/1388 3682/5586/1388
f 3683/5589/115 3685/5590/115 3686/5591/115 3687/5592/115 3688/5593/115 3689/5594/115 3690/5595/115 3691/5596/115 3692/5597/115 3693/5598/115 3694/5599/115 3695/5600/115 3696/5601/115 3697/5602/115 3698/5603/115 3699/5604/115 3700/5605/115 3701/5606/115 3702/5607/115 3703/5608/115 3704/5609/115 3705/5610/115 3706/5611/115 3707/5612/115 3708/5613/115 3709/5614/115 3710/5615/115 3711/5616/115 3712/5617/115 3713/5618/115 3714/5619/115 3684/5620/115
f 3718/5621/1389 3699/5622/1389 3698/5623/1389 3717/5624/1389
f 3720/5625/1381 3708/5626/1381 3707/5627/1381 3719/5628/1381
f 3722/5629/1390 3686/5630/1390 3685/5631/1390 3721/5632/1390
f 3724/5633/1391 3695/5634/1391 3694/5635/1391 3723/5636/1391
f 3726/5637/1392 3704/5638/1392 3703/5639/1392 3725/5640/1392
f 3728/5641/1386 3713/5642/1386 3712/5643/1386 3727/5644/1386
f 3729/5645/1393 3691/5646/1393 3690/5582/1393 3716/5581/1393
f 3730/5647/1394 3700/5648/1394 3699/5622/1394 3718/5621/1394
f 3731/5649/1395 3709/5650/1395 3708/5626/1395 3720/5625/1395
f 3732/5651/1396 3687/5652/1396 3686/5630/1396 3722/5629/1396
f 3733/5653/1369 3696/5654/1369 3695/5634/1369 3724/5633/1369
f 3734/5655/1378 3705/5656/1378 3704/5638/1378 3726/5637/1378
f 3735/5657/1387 3714/5658/1387 3713/5642/1387 3728/5641/1387
f 3736/5659/1365 3692/5660/1365 3691/5646/1365 3729/5645/1365
f 3737/5661/1397 3701/5662/1397 3700/5648/1397 3730/5647/1397
f 3738/5663/1383 3710/5664/1383 3709/5650/1383 3731/5649/1383
f 3739/5665/1398 3688/5666/1398 3687/5652/1398 3732/5651/1398
f 3740/5667/1370 3697/5668/1370 3696/5654/1370 3733/5653/1370
f 3741/5669/1379 3706/5670/1379 3705/5656/1379 3734/5655/1379
f 3743/5671/1357 3683/5672/1357 3684/5673/1357 3742/5674/1357
f 3742/5675/1399 3684/5676/1399 3714/5658/1399 3735/5657/1399
f 3744/5677/1400 3693/5678/1400 3692/5660/1400 3736/5659/1400
f 3745/5679/1375 3702/5680/1375 3701/5662/1375 3737/5661/1375
f 3746/5681/1401 3711/5682/1401 3710/5664/1401 3738/5663/1401
f 3715/5584/1402 3689/5583/1402 3688/5666/1402 3739/5665/1402
f 3717/5624/1371 3698/5623/1371 3697/5668/1371 3740/5667/1371
f 3719/5628/1403 3707/5627/1403 3706/5670/1403 3741/5669/1403
f 3721/5632/1404 3685/5631/1404 3683/5672/1404 3743/5671/1404
f 3723/5636/1405 3694/5635/1405 3693/5678/1405 3744/5677/1405
f 3725/5640/1376 3703/5639/1376 3702/5680/1376 3745/5679/1376
f 3727/5644/1406 3712/5643/1406 3711/5682/1406 3746/5681/1406
f 3630/5530/1407 3752/5683/1407 3751/5684/1407 3628/5528/1407
f 3740/5667/1408 3797/5685/1408 3804/5686/1408 3717/5624/1408
f 3682/5586/1409 3778/5687/1409 3777/5688/1409 3680/5580/1409
f 3715/5584/1410 3803/5689/1410 3779/5690/1410 3716/5581/1410
f 3741/5669/1411 3798/5691/1411 3805/5692/1411 3719/5628/1411
f 3664/5564/1412 3769/5693/1412 3768/5694/1412 3662/5562/1412
f 3717/5624/1413 3804/5686/1413 3780/5695/1413 3718/5621/1413
f 3646/5546/1414 3760/5696/1414 3759/5697/1414 3644/5544/1414
f 3743/5671/1415 3799/5698/1415 3806/5699/1415 3721/5632/1415
f 3719/5628/1416 3805/5692/1416 3781/5700/1416 3720/5625/1416
f 3628/5528/1417 3751/5684/1417 3750/5701/1417 3626/5526/1417
f 3744/5677/1418 3800/5702/1418 3807/5703/1418 3723/5636/1418
f 3680/5580/1419 3777/5688/1419 3776/5704/1419 3678/5578/1419
f 3721/5632/1420 3806/5699/1420 3782/5705/1420 3722/5629/1420
f 3662/5562/1421 3768/5694/1421 3767/5706/1421 3660/5560/1421
f 3745/5679/1422 3801/5707/1422 3808/5708/1422 3725/5640/1422
f 3723/5636/1423 3807/5703/1423 3783/5709/1423 3724/5633/1423
f 3644/5544/1424 3759/5697/1424 3758/5710/1424 3642/5542/1424
f 3746/5681/1425 3802/5711/1425 3809/5712/1425 3727/5644/1425
f 3725/5640/1426 3808/5708/1426 3784/5713/1426 3726/5637/1426
f 3626/5526/1427 3750/5701/1427 3749/5714/1427 3624/5524/1427
f 3678/5578/1428 3776/5704/1428 3775/5715/1428 3676/5576/1428
f 3727/5644/1429 3809/5712/1429 3785/5716/1429 3728/5641/1429
f 3660/5560/1430 3767/5706/1430 3766/5717/1430 3658/5558/1430
f 3716/5581/1431 3779/5690/1431 3786/5718/1431 3729/5645/1431
f 3642/5542/1432 3758/5710/1432 3757/5719/1432 3640/5540/1432
f 3718/5621/1433 3780/5695/1433 3787/5720/1433 3730/5647/1433
f 3624/5524/1434 3749/5714/1434 3747/5721/1434 3622/5521/1434
f 3676/5576/1435 3775/5715/1435 3774/5722/1435 3674/5574/1435
f 3720/5625/1436 3781/5700/1436 3788/5723/1436 3731/5649/1436
f 3658/5558/1437 3766/5717/1437 3765/5724/1437 3656/5556/1437
f 3722/5629/1438 3782/5705/1438 3789/5725/1438 3732/5651/1438
f 3776/5704/1406 3809/5712/1406 3802/5711/1406 3775/5715/1406
f 3767/5706/1439 3808/5708/1439 3801/5707/1439 3766/5717/1439
f 3758/5710/1405 3807/5703/1405 3800/5702/1405 3757/5719/1405
f 3749/5714/1358 3806/5699/1358 3799/5698/1358 3747/5721/1358
f 3771/5726/1403 3805/5692/1403 3798/5691/1403 3770/5727/1403
f 3762/5728/1440 3804/5686/1440 3797/5685/1440 3761/5729/1440
f 3753/5730/1402 3803/5689/1402 3796/5731/1402 3752/5683/1402
f 3775/5715/1441 3802/5711/1441 3795/5732/1441 3774/5722/1441
f 3766/5717/1442 3801/5707/1442 3794/5733/1442 3765/5724/1442
f 3757/5719/1400 3800/5702/1400 3793/5734/1400 3756/5735/1400
f 3748/5736/1443 3810/5737/1443 3792/5738/1443 3778/5687/1443
f 3747/5721/1444 3799/5698/1444 3810/5739/1444 3748/5740/1444
f 3770/5727/1379 3798/5691/1379 3791/5741/1379 3769/5693/1379
f 3761/5729/1370 3797/5685/1370 3790/5742/1370 3760/5696/1370
f 3752/5683/1361 3796/5731/1361 3789/5725/1361 3751/5684/1361
f 3774/5722/1445 3795/5732/1445 3788/5723/1445 3773/5743/1445
f 3765/5724/1397 3794/5733/1397 3787/5720/1397 3764/5744/1397
f 3756/5735/1365 3793/5734/1365 3786/5718/1365 3755/5745/1365
f 3778/5687/1387 3792/5738/1387 3785/5716/1387 3777/5688/1387
f 3769/5693/1378 3791/5741/1378 3784/5713/1378 3768/5694/1378
f 3760/5696/1369 3790/5742/1369 3783/5709/1369 3759/5697/1369
f 3751/5684/1360 3789/5725/1360 3782/5705/1360 3750/5701/1360
f 3773/5743/1382 3788/5723/1382 3781/5700/1382 3772/5746/1382
f 3764/5744/1394 3787/5720/1394 3780/5695/1394 3763/5747/1394
f 3755/5745/1393 3786/5718/1393 3779/5690/1393 3754/5748/1393
f 3777/5688/1446 3785/5716/1446 3809/5712/1446 3776/5704/1446
f 3768/5694/1377 3784/5713/1377 3808/5708/1377 3767/5706/1377
f 3759/5697/1447 3783/5709/1447 3807/5703/1447 3758/5710/1447
f 3750/5701/1390 3782/5705/1390 3806/5699/1390 3749/5714/1390
f 3772/5746/1381 3781/5700/1381 3805/5692/1381 3771/5726/1381
f 3763/5747/1389 3780/5695/1389 3804/5686/1389 3762/5728/1389
f 3754/5748/1363 3779/5690/1363 3803/5689/1363 3753/5730/1363
f 3739/5665/1448 3796/5731/1448 3803/5689/1448 3715/5584/1448
f 3648/5548/1449 3761/5729/1449 3760/5696/1449 3646/5546/1449
f 3666/5566/1450 3770/5727/1450 3769/5693/1450 3664/5564/1450
f 3738/5663/1451 3795/5732/1451 3802/5711/1451 3746/5681/1451
f 3620/5588/1452 3748/5736/1452 3778/5687/1452 3682/5586/1452
f 3737/5661/1453 3794/5733/1453 3801/5707/1453 3745/5679/1453
f 3632/5532/1454 3753/5730/1454 3752/5683/1454 3630/5530/1454
f 3736/5659/1455 3793/5734/1455 3800/5702/1455 3744/5677/1455
f 3650/5550/1456 3762/5728/1456 3761/5729/1456 3648/5548/1456
f 3668/5568/1457 3771/5726/1457 3770/5727/1457 3666/5566/1457
f 3735/5657/1458 3792/5738/1458 3810/5737/1458 3742/5675/1458
f 3742/5674/1459 3810/5739/1459 3799/5698/1459 3743/5671/1459
f 3634/5534/1460 3754/5748/1460 3753/5730/1460 3632/5532/1460
f 3734/5655/1461 3791/5741/1461 3798/5691/1461 3741/5669/1461
f 3652/5552/1462 3763/5747/1462 3762/5728/1462 3650/5550/1462
f 3733/5653/1463 3790/5742/1463 3797/5685/1463 3740/5667/1463
f 3670/5570/1464 3772/5746/1464 3771/5726/1464 3668/5568/1464
f 3732/5651/1465 3789/5725/1465 3796/5731/1465 3739/5665/1465
f 3636/5536/1466 3755/5745/1466 3754/5748/1466 3634/5534/1466
f 3731/5649/1467 3788/5723/1467 3795/5732/1467 3738/5663/1467
f 3654/5554/1468 3764/5744/1468 3763/5747/1468 3652/5552/1468
f 3672/5572/1469 3773/5743/1469 3772/5746/1469 3670/5570/1469
f 3730/5647/1470 3787/5720/1470 3794/5733/1470 3737/5661/1470
f 3729/5645/1471 3786/5718/1471 3793/5734/1471 3736/5659/1471
f 3638/5538/1472 3756/5735/1472 3755/5745/1472 3636/5536/1472
f 3728/5641/1473 3785/5716/1473 3792/5738/1473 3735/5657/1473
f 3656/5556/1474 3765/5724/1474 3764/5744/1474 3654/5554/1474
f 3622/5521/1475 3747/5721/1475 3748/5740/1475 3620/5522/1475
f 3726/5637/1476 3784/5713/1476 3791/5741/1476 3734/5655/1476
f 3674/5574/1477 3774/5722/1477 3773/5743/1477 3672/5572/1477
f 3724/5633/1478 3783/5709/1478 3790/5742/1478 3733/5653/1478
f 3640/5540/1479 3757/5719/1479 3756/5735/1479 3638/5538/1479
f 3811/5749/1480 3813/5750/1480 3814/5751/1480 3812/5752/1480
f 3813/5750/1404 3815/5753/1404 3816/5754/1404 3814/5751/1404
f 3815/5753/1359 3817/5755/1359 3818/5756/1359 3816/5754/1359
f 3817/5755/1481 3819/5757/1481 3820/5758/1481 3818/5756/1481
f 3819/5757/1398 3821/5759/1398 3822/5760/1398 3820/5758/1398
f 3821/5759/1402 3823/5761/1402 3824/5762/1402 3822/5760/1402
f 3823/5761/1363 3825/5763/1363 3826/5764/1363 3824/5762/1363
f 3825/5763/1364 3827/5765/1364 3828/5766/1364 3826/5764/1364
f 3827/5765/1365 3829/5767/1365 3830/5768/1365 3828/5766/1365
f 3829/5767/1400 3831/5769/1400 3832/5770/1400 3830/5768/1400
f 3831/5769/1367 3833/5771/1367 3834/5772/1367 3832/5770/1367
f 3833/5771/1447 3835/5773/1447 3836/5774/1447 3834/5772/1447
f 3835/5773/1482 3837/5775/1482 3838/5776/1482 3836/5774/1482
f 3837/5775/1370 3839/5777/1370 3840/5778/1370 3838/5776/1370
f 3839/5777/1371 3841/5779/1371 3842/5780/1371 3840/5778/1371
f 3841/5779/1389 3843/5781/1389 3844/5782/1389 3842/5780/1389
f 3843/5781/1373 3845/5783/1373 3846/5784/1373 3844/5782/1373
f 3845/5783/1397 3847/5785/1397 3848/5786/1397 3846/5784/1397
f 3847/5785/1483 3849/5787/1483 3850/5788/1483 3848/5786/1483
f 3849/5787/1376 3851/5789/1376 3852/5790/1376 3850/5788/1376
f 3851/5789/1392 3853/5791/1392 3854/5792/1392 3852/5790/1392
f 3853/5791/1378 3855/5793/1378 3856/5794/1378 3854/5792/1378
f 3855/5793/1379 3857/5795/1379 3858/5796/1379 3856/5794/1379
f 3857/5795/1403 3859/5797/1403 3860/5798/1403 3858/5796/1403
f 3859/5797/1381 3861/5799/1381 3862/5800/1381 3860/5798/1381
f 3861/5799/1382 3863/5801/1382 3864/5802/1382 3862/5800/1382
f 3863/5801/1383 3865/5803/1383 3866/5804/1383 3864/5802/1383
f 3865/5803/1384 3867/5805/1384 3868/5806/1384 3866/5804/1384
f 3867/5805/1406 3869/5807/1406 3870/5808/1406 3868/5806/1406
f 3869/5807/1386 3871/5809/1386 3872/5810/1386 3870/5808/1386
f 3908/5811/1363 3882/5812/1363 3881/5813/1363 3907/5814/1363
f 3871/5809/1387 3873/5815/1387 3874/5816/1387 3872/5810/1387
f 3873/5815/1388 3811/5817/1388 3812/5818/1388 3874/5816/1388
f 3875/5819/115 3877/5820/115 3878/5821/115 3879/5822/115 3880/5823/115 3881/5824/115 3882/5825/115 3883/5826/115 3884/5827/115 3885/5828/115 3886/5829/115 3887/5830/115 3888/5831/115 3889/5832/115 3890/5833/115 3891/5834/115 3892/5835/115 3893/5836/115 3894/5837/115 3895/5838/115 3896/5839/115 3897/5840/115 3898/5841/115 3899/5842/115 3900/5843/115 3901/5844/115 3902/5845/115 3903/5846/115 3904/5847/115 3905/5848/115 3906/5849/115 3876/5850/115
f 3910/5851/1389 3891/5852/1389 3890/5853/1389 3909/5854/1389
f 3912/5855/1381 3900/5856/1381 3899/5857/1381 3911/5858/1381
f 3914/5859/1390 3878/5860/1390 3877/5861/1390 3913/5862/1390
f 3916/5863/1368 3887/5864/1368 3886/5865/1368 3915/5866/1368
f 3918/5867/1392 3896/5868/1392 3895/5869/1392 3917/5870/1392
f 3920/5871/1386 3905/5872/1386 3904/5873/1386 3919/5874/1386
f 3921/5875/1393 3883/5876/1393 3882/5812/1393 3908/5811/1393
f 3922/5877/1394 3892/5878/1394 3891/5852/1394 3910/5851/1394
f 3923/5879/1484 3901/5880/1484 3900/5856/1484 3912/5855/1484
f 3924/5881/1360 3879/5882/1360 3878/5860/1360 3914/5859/1360
f 3925/5883/1369 3888/5884/1369 3887/5864/1369 3916/5863/1369
f 3926/5885/1378 3897/5886/1378 3896/5868/1378 3918/5867/1378
f 3927/5887/1387 3906/5888/1387 3905/5872/1387 3920/5871/1387
f 3928/5889/1365 3884/5890/1365 3883/5876/1365 3921/5875/1365
f 3929/5891/1374 3893/5892/1374 3892/5878/1374 3922/5877/1374
f 3930/5893/1445 3902/5894/1445 3901/5880/1445 3923/5879/1445
f 3931/5895/1398 3880/5896/1398 3879/5882/1398 3924/5881/1398
f 3932/5897/1370 3889/5898/1370 3888/5884/1370 3925/5883/1370
f 3933/5899/1379 3898/5900/1379 3897/5886/1379 3926/5885/1379
f 3935/5901/1485 3875/5902/1485 3876/5903/1485 3934/5904/1485
f 3934/5905/1388 3876/5906/1388 3906/5888/1388 3927/5887/1388
f 3936/5907/1400 3885/5908/1400 3884/5890/1400 3928/5889/1400
f 3937/5909/1375 3894/5910/1375 3893/5892/1375 3929/5891/1375
f 3938/5911/1441 3903/5912/1441 3902/5894/1441 3930/5893/1441
f 3907/5814/1402 3881/5813/1402 3880/5896/1402 3931/5895/1402
f 3909/5854/1440 3890/5853/1440 3889/5898/1440 3932/5897/1440
f 3911/5858/1403 3899/5857/1403 3898/5900/1403 3933/5899/1403
f 3913/5862/1486 3877/5861/1486 3875/5902/1486 3935/5901/1486
f 3915/5866/1367 3886/5865/1367 3885/5908/1367 3936/5907/1367
f 3917/5870/1376 3895/5869/1376 3894/5910/1376 3937/5909/1376
f 3919/5874/1385 3904/5873/1385 3903/5912/1385 3938/5911/1385
f 3822/5760/1407 3944/5913/1407 3943/5914/1407 3820/5758/1407
f 3932/5897/1487 3989/5915/1487 3996/5916/1487 3909/5854/1487
f 3874/5816/1409 3970/5917/1409 3969/5918/1409 3872/5810/1409
f 3907/5814/1410 3995/5919/1410 3971/5920/1410 3908/5811/1410
f 3933/5899/1411 3990/5921/1411 3997/5922/1411 3911/5858/1411
f 3856/5794/1412 3961/5923/1412 3960/5924/1412 3854/5792/1412
f 3909/5854/1488 3996/5916/1488 3972/5925/1488 3910/5851/1488
f 3838/5776/1414 3952/5926/1414 3951/5927/1414 3836/5774/1414
f 3935/5901/1415 3991/5928/1415 3998/5929/1415 3913/5862/1415
f 3911/5858/1489 3997/5922/1489 3973/5930/1489 3912/5855/1489
f 3820/5758/1417 3943/5914/1417 3942/5931/1417 3818/5756/1417
f 3936/5907/1490 3992/5932/1490 3999/5933/1490 3915/5866/1490
f 3872/5810/1419 3969/5918/1419 3968/5934/1419 3870/5808/1419
f 3913/5862/1491 3998/5929/1491 3974/5935/1491 3914/5859/1491
f 3854/5792/1421 3960/5924/1421 3959/5936/1421 3852/5790/1421
f 3937/5909/1492 3993/5937/1492 4000/5938/1492 3917/5870/1492
f 3915/5866/1493 3999/5933/1493 3975/5939/1493 3916/5863/1493
f 3836/5774/1424 3951/5927/1424 3950/5940/1424 3834/5772/1424
f 3938/5911/1494 3994/5941/1494 4001/5942/1494 3919/5874/1494
f 3917/5870/1495 4000/5938/1495 3976/5943/1495 3918/5867/1495
f 3818/5756/1427 3942/5931/1427 3941/5944/1427 3816/5754/1427
f 3870/5808/1428 3968/5934/1428 3967/5945/1428 3868/5806/1428
f 3919/5874/1429 4001/5942/1429 3977/5946/1429 3920/5871/1429
f 3852/5790/1430 3959/5936/1430 3958/5947/1430 3850/5788/1430
f 3908/5811/1431 3971/5920/1431 3978/5948/1431 3921/5875/1431
f 3834/5772/1432 3950/5940/1432 3949/5949/1432 3832/5770/1432
f 3910/5851/1496 3972/5925/1496 3979/5950/1496 3922/5877/1496
f 3816/5754/1434 3941/5944/1434 3939/5951/1434 3814/5751/1434
f 3868/5806/1497 3967/5945/1497 3966/5952/1497 3866/5804/1497
f 3912/5855/1498 3973/5930/1498 3980/5953/1498 3923/5879/1498
f 3850/5788/1437 3958/5947/1437 3957/5954/1437 3848/5786/1437
f 3914/5859/1499 3974/5935/1499 3981/5955/1499 3924/5881/1499
f 3968/5934/1406 4001/5942/1406 3994/5941/1406 3967/5945/1406
f 3959/5936/1439 4000/5938/1439 3993/5937/1439 3958/5947/1439
f 3950/5940/1405 3999/5933/1405 3992/5932/1405 3949/5949/1405
f 3941/5944/1404 3998/5929/1404 3991/5928/1404 3939/5951/1404
f 3963/5956/1403 3997/5922/1403 3990/5921/1403 3962/5957/1403
f 3954/5958/1440 3996/5916/1440 3989/5915/1440 3953/5959/1440
f 3945/5960/1402 3995/5919/1402 3988/5961/1402 3944/5913/1402
f 3967/5945/1401 3994/5941/1401 3987/5962/1401 3966/5952/1401
f 3958/5947/1375 3993/5937/1375 3986/5963/1375 3957/5954/1375
f 3949/5949/1400 3992/5932/1400 3985/5964/1400 3948/5965/1400
f 3940/5966/1443 4002/5967/1443 3984/5968/1443 3970/5917/1443
f 3939/5951/1357 3991/5928/1357 4002/5969/1357 3940/5970/1357
f 3962/5957/1379 3990/5921/1379 3983/5971/1379 3961/5923/1379
f 3953/5959/1370 3989/5915/1370 3982/5972/1370 3952/5926/1370
f 3944/5913/1398 3988/5961/1398 3981/5955/1398 3943/5914/1398
f 3966/5952/1383 3987/5962/1383 3980/5953/1383 3965/5973/1383
f 3957/5954/1374 3986/5963/1374 3979/5950/1374 3956/5974/1374
f 3948/5965/1365 3985/5964/1365 3978/5948/1365 3947/5975/1365
f 3970/5917/1500 3984/5968/1500 3977/5946/1500 3969/5918/1500
f 3961/5923/1378 3983/5971/1378 3976/5943/1378 3960/5924/1378
f 3952/5926/1369 3982/5972/1369 3975/5939/1369 3951/5927/1369
f 3943/5914/1360 3981/5955/1360 3974/5935/1360 3942/5931/1360
f 3965/5973/1382 3980/5953/1382 3973/5930/1382 3964/5976/1382
f 3956/5974/1394 3979/5950/1394 3972/5925/1394 3955/5977/1394
f 3947/5975/1393 3978/5948/1393 3971/5920/1393 3946/5978/1393
f 3969/5918/1386 3977/5946/1386 4001/5942/1386 3968/5934/1386
f 3960/5924/1377 3976/5943/1377 4000/5938/1377 3959/5936/1377
f 3951/5927/1447 3975/5939/1447 3999/5933/1447 3950/5940/1447
f 3942/5931/1501 3974/5935/1501 3998/5929/1501 3941/5944/1501
f 3964/5976/1381 3973/5930/1381 3997/5922/1381 3963/5956/1381
f 3955/5977/1389 3972/5925/1389 3996/5916/1389 3954/5958/1389
f 3946/5978/1363 3971/5920/1363 3995/5919/1363 3945/5960/1363
f 3931/5895/1448 3988/5961/1448 3995/5919/1448 3907/5814/1448
f 3840/5778/1449 3953/5959/1449 3952/5926/1449 3838/5776/1449
f 3858/5796/1450 3962/5957/1450 3961/5923/1450 3856/5794/1450
f 3930/5893/1451 3987/5962/1451 3994/5941/1451 3938/5911/1451
f 3812/5818/1452 3940/5966/1452 3970/5917/1452 3874/5816/1452
f 3929/5891/1502 3986/5963/1502 3993/5937/1502 3937/5909/1502
f 3824/5762/1454 3945/5960/1454 3944/5913/1454 3822/5760/1454
f 3928/5889/1503 3985/5964/1503 3992/5932/1503 3936/5907/1503
f 3842/5780/1456 3954/5958/1456 3953/5959/1456 3840/5778/1456
f 3860/5798/1457 3963/5956/1457 3962/5957/1457 3858/5796/1457
f 3927/5887/1504 3984/5968/1504 4002/5967/1504 3934/5905/1504
f 3934/5904/1505 4002/5969/1505 3991/5928/1505 3935/5901/1505
f 3826/5764/1460 3946/5978/1460 3945/5960/1460 3824/5762/1460
f 3926/5885/1461 3983/5971/1461 3990/5921/1461 3933/5899/1461
f 3844/5782/1462 3955/5977/1462 3954/5958/1462 3842/5780/1462
f 3925/5883/1506 3982/5972/1506 3989/5915/1506 3932/5897/1506
f 3862/5800/1464 3964/5976/1464 3963/5956/1464 3860/5798/1464
f 3924/5881/1507 3981/5955/1507 3988/5961/1507 3931/5895/1507
f 3828/5766/1466 3947/5975/1466 3946/5978/1466 3826/5764/1466
f 3923/5879/1467 3980/5953/1467 3987/5962/1467 3930/5893/1467
f 3846/5784/1468 3956/5974/1468 3955/5977/1468 3844/5782/1468
f 3864/5802/1469 3965/5973/1469 3964/5976/1469 3862/5800/1469
f 3922/5877/1508 3979/5950/1508 3986/5963/1508 3929/5891/1508
f 3921/5875/1471 3978/5948/1471 3985/5964/1471 3928/5889/1471
f 3830/5768/1472 3948/5965/1472 3947/5975/1472 3828/5766/1472
f 3920/5871/1509 3977/5946/1509 3984/5968/1509 3927/5887/1509
f 3848/5786/1474 3957/5954/1474 3956/5974/1474 3846/5784/1474
f 3814/5751/1475 3939/5951/1475 3940/5970/1475 3812/5752/1475
f 3918/5867/1510 3976/5943/1510 3983/5971/1510 3926/5885/1510
f 3866/5804/1477 3966/5952/1477 3965/5973/1477 3864/5802/1477
f 3916/5863/1478 3975/5939/1478 3982/5972/1478 3925/5883/1478
f 3832/5770/1479 3949/5949/1479 3948/5965/1479 3830/5768/1479
f 4011/5979/1357 4013/5980/1357 4014/5981/1357 4012/5982/1357
f 4013/5980/1358 4015/5983/1358 4016/5984/1358 4014/5981/1358
f 4015/5983/1390 4017/5985/1390 4018/5986/1390 4016/5984/1390
f 4017/5985/1360 4019/5987/1360 4020/5988/1360 4018/5986/1360
f 4019/5987/1361 4021/5989/1361 4022/5990/1361 4020/5988/1361
f 4021/5989/1402 4023/5991/1402 4024/5992/1402 4022/5990/1402
f 4023/5991/1363 4025/5993/1363 4026/5994/1363 4024/5992/1363
f 4025/5993/1393 4027/5995/1393 4028/5996/1393 4026/5994/1393
f 4027/5995/1365 4029/5997/1365 4030/5998/1365 4028/5996/1365
f 4029/5997/1400 4031/5999/1400 4032/6000/1400 4030/5998/1400
f 4031/5999/1367 4033/6001/1367 4034/6002/1367 4032/6000/1367
f 4033/6001/1368 4035/6003/1368 4036/6004/1368 4034/6002/1368
f 4035/6003/1369 4037/6005/1369 4038/6006/1369 4036/6004/1369
f 4037/6005/1370 4039/6007/1370 4040/6008/1370 4038/6006/1370
f 4039/6007/1371 4041/6009/1371 4042/6010/1371 4040/6008/1371
f 4041/6009/1389 4043/6011/1389 4044/6012/1389 4042/6010/1389
f 4043/6011/1373 4045/6013/1373 4046/6014/1373 4044/6012/1373
f 4045/6013/1374 4047/6015/1374 4048/6016/1374 4046/6014/1374
f 4047/6015/1375 4049/6017/1375 4050/6018/1375 4048/6016/1375
f 4049/6017/1376 4051/6019/1376 4052/6020/1376 4050/6018/1376
f 4051/6019/1392 4053/6021/1392 4054/6022/1392 4052/6020/1392
f 4053/6021/1511 4055/6023/1511 4056/6024/1511 4054/6022/1511
f 4055/6023/1379 4057/6025/1379 4058/6026/1379 4056/6024/1379
f 4057/6025/1403 4059/6027/1403 4060/6028/1403 4058/6026/1403
f 4059/6027/1381 4061/6029/1381 4062/6030/1381 4060/6028/1381
f 4061/6029/1484 4063/6031/1484 4064/6032/1484 4062/6030/1484
f 4063/6031/1383 4065/6033/1383 4066/6034/1383 4064/6032/1383
f 4065/6033/1401 4067/6035/1401 4068/6036/1401 4066/6034/1401
f 4067/6035/1406 4069/6037/1406 4070/6038/1406 4068/6036/1406
f 4069/6037/1386 4071/6039/1386 4072/6040/1386 4070/6038/1386
f 4108/6041/1363 4082/6042/1363 4081/6043/1363 4107/6044/1363
f 4071/6039/1387 4073/6045/1387 4074/6046/1387 4072/6040/1387
f 4073/6045/1388 4011/6047/1388 4012/6048/1388 4074/6046/1388
f 4075/6049/115 4077/6050/115 4078/6051/115 4079/6052/115 4080/6053/115 4081/6054/115 4082/6055/115 4083/6056/115 4084/6057/115 4085/6058/115 4086/6059/115 4087/6060/115 4088/6061/115 4089/6062/115 4090/6063/115 4091/6064/115 4092/6065/115 4093/6066/115 4094/6067/115 4095/6068/115 4096/6069/115 4097/6070/115 4098/6071/115 4099/6072/115 4100/6073/115 4101/6074/115 4102/6075/115 4103/6076/115 4104/6077/115 4105/6078/115 4106/6079/115 4076/6080/115
f 4110/6081/1372 4091/6082/1372 4090/6083/1372 4109/6084/1372
f 4112/6085/1381 4100/6086/1381 4099/6087/1381 4111/6088/1381
f 4114/6089/1390 4078/6090/1390 4077/6091/1390 4113/6092/1390
f 4116/6093/1368 4087/6094/1368 4086/6095/1368 4115/6096/1368
f 4118/6097/1377 4096/6098/1377 4095/6099/1377 4117/6100/1377
f 4120/6101/1386 4105/6102/1386 4104/6103/1386 4119/6104/1386
f 4121/6105/1364 4083/6106/1364 4082/6042/1364 4108/6041/1364
f 4122/6107/1394 4092/6108/1394 4091/6082/1394 4110/6081/1394
f 4123/6109/1484 4101/6110/1484 4100/6086/1484 4112/6085/1484
f 4124/6111/1396 4079/6112/1396 4078/6090/1396 4114/6089/1396
f 4125/6113/1369 4088/6114/1369 4087/6094/1369 4116/6093/1369
f 4126/6115/1378 4097/6116/1378 4096/6098/1378 4118/6097/1378
f 4127/6117/1387 4106/6118/1387 4105/6102/1387 4120/6101/1387
f 4128/6119/1365 4084/6120/1365 4083/6106/1365 4121/6105/1365
f 4129/6121/1374 4093/6122/1374 4092/6108/1374 4122/6107/1374
f 4130/6123/1383 4102/6124/1383 4101/6110/1383 4123/6109/1383
f 4131/6125/1398 4080/6126/1398 4079/6112/1398 4124/6111/1398
f 4132/6127/1370 4089/6128/1370 4088/6114/1370 4125/6113/1370
f 4133/6129/1379 4098/6130/1379 4097/6116/1379 4126/6115/1379
f 4135/6131/1480 4075/6132/1480 4076/6133/1480 4134/6134/1480
f 4134/6135/1388 4076/6136/1388 4106/6118/1388 4127/6117/1388
f 4136/6137/1400 4085/6138/1400 4084/6120/1400 4128/6119/1400
f 4137/6139/1442 4094/6140/1442 4093/6122/1442 4129/6121/1442
f 4138/6141/1401 4103/6142/1401 4102/6124/1401 4130/6123/1401
f 4107/6044/1402 4081/6043/1402 4080/6126/1402 4131/6125/1402
f 4109/6084/1371 4090/6083/1371 4089/6128/1371 4132/6127/1371
f 4111/6088/1403 4099/6087/1403 4098/6130/1403 4133/6129/1403
f 4113/6092/1358 4077/6091/1358 4075/6132/1358 4135/6131/1358
f 4115/6096/1367 4086/6095/1367 4085/6138/1367 4136/6137/1367
f 4117/6100/1439 4095/6099/1439 4094/6140/1439 4137/6139/1439
f 4119/6104/1385 4104/6103/1385 4103/6142/1385 4138/6141/1385
f 4022/5990/1407 4144/6143/1407 4143/6144/1407 4020/5988/1407
f 4132/6127/1512 4189/6145/1512 4196/6146/1512 4109/6084/1512
f 4074/6046/1409 4170/6147/1409 4169/6148/1409 4072/6040/1409
f 4107/6044/1513 4195/6149/1513 4171/6150/1513 4108/6041/1513
f 4133/6129/1411 4190/6151/1411 4197/6152/1411 4111/6088/1411
f 4056/6024/1412 4161/6153/1412 4160/6154/1412 4054/6022/1412
f 4109/6084/1413 4196/6146/1413 4172/6155/1413 4110/6081/1413
f 4038/6006/1414 4152/6156/1414 4151/6157/1414 4036/6004/1414
f 4135/6131/1514 4191/6158/1514 4198/6159/1514 4113/6092/1514
f 4111/6088/1489 4197/6152/1489 4173/6160/1489 4112/6085/1489
f 4020/5988/1417 4143/6144/1417 4142/6161/1417 4018/5986/1417
f 4136/6137/1515 4192/6162/1515 4199/6163/1515 4115/6096/1515
f 4072/6040/1419 4169/6148/1419 4168/6164/1419 4070/6038/1419
f 4113/6092/1491 4198/6159/1491 4174/6165/1491 4114/6089/1491
f 4054/6022/1421 4160/6154/1421 4159/6166/1421 4052/6020/1421
f 4137/6139/1492 4193/6167/1492 4200/6168/1492 4117/6100/1492
f 4115/6096/1516 4199/6163/1516 4175/6169/1516 4116/6093/1516
f 4036/6004/1424 4151/6157/1424 4150/6170/1424 4034/6002/1424
f 4138/6141/1425 4194/6171/1425 4201/6172/1425 4119/6104/1425
f 4117/6100/1517 4200/6168/1517 4176/6173/1517 4118/6097/1517
f 4018/5986/1427 4142/6161/1427 4141/6174/1427 4016/5984/1427
f 4070/6038/1428 4168/6164/1428 4167/6175/1428 4068/6036/1428
f 4119/6104/1429 4201/6172/1429 4177/6176/1429 4120/6101/1429
f 4052/6020/1430 4159/6166/1430 4158/6177/1430 4050/6018/1430
f 4108/6041/1431 4171/6150/1431 4178/6178/1431 4121/6105/1431
f 4034/6002/1432 4150/6170/1432 4149/6179/1432 4032/6000/1432
f 4110/6081/1496 4172/6155/1496 4179/6180/1496 4122/6107/1496
f 4016/5984/1434 4141/6174/1434 4139/6181/1434 4014/5981/1434
f 4068/6036/1435 4167/6175/1435 4166/6182/1435 4066/6034/1435
f 4112/6085/1436 4173/6160/1436 4180/6183/1436 4123/6109/1436
f 4050/6018/1437 4158/6177/1437 4157/6184/1437 4048/6016/1437
f 4114/6089/1518 4174/6165/1518 4181/6185/1518 4124/6111/1518
f 4168/6164/1406 4201/6172/1406 4194/6171/1406 4167/6175/1406
f 4159/6166/1439 4200/6168/1439 4193/6167/1439 4158/6177/1439
f 4150/6170/1405 4199/6163/1405 4192/6162/1405 4149/6179/1405
f 4141/6174/1404 4198/6159/1404 4191/6158/1404 4139/6181/1404
f 4163/6186/1380 4197/6152/1380 4190/6151/1380 4162/6187/1380
f 4154/6188/1440 4196/6146/1440 4189/6145/1440 4153/6189/1440
f 4145/6190/1402 4195/6149/1402 4188/6191/1402 4144/6143/1402
f 4167/6175/1401 4194/6171/1401 4187/6192/1401 4166/6182/1401
f 4158/6177/1375 4193/6167/1375 4186/6193/1375 4157/6184/1375
f 4149/6179/1366 4192/6162/1366 4185/6194/1366 4148/6195/1366
f 4140/6196/1388 4202/6197/1388 4184/6198/1388 4170/6147/1388
f 4139/6181/1480 4191/6158/1480 4202/6199/1480 4140/6200/1480
f 4162/6187/1379 4190/6151/1379 4183/6201/1379 4161/6153/1379
f 4153/6189/1519 4189/6145/1519 4182/6202/1519 4152/6156/1519
f 4144/6143/1398 4188/6191/1398 4181/6185/1398 4143/6144/1398
f 4166/6182/1383 4187/6192/1383 4180/6183/1383 4165/6203/1383
f 4157/6184/1374 4186/6193/1374 4179/6180/1374 4156/6204/1374
f 4148/6195/1520 4185/6194/1520 4178/6178/1520 4147/6205/1520
f 4170/6147/1521 4184/6198/1521 4177/6176/1521 4169/6148/1521
f 4161/6153/1378 4183/6201/1378 4176/6173/1378 4160/6154/1378
f 4152/6156/1369 4182/6202/1369 4175/6169/1369 4151/6157/1369
f 4143/6144/1396 4181/6185/1396 4174/6165/1396 4142/6161/1396
f 4165/6203/1395 4180/6183/1395 4173/6160/1395 4164/6206/1395
f 4156/6204/1394 4179/6180/1394 4172/6155/1394 4155/6207/1394
f 4147/6205/1393 4178/6178/1393 4171/6150/1393 4146/6208/1393
f 4169/6148/1446 4177/6176/1446 4201/6172/1446 4168/6164/1446
f 4160/6154/1377 4176/6173/1377 4200/6168/1377 4159/6166/1377
f 4151/6157/1447 4175/6169/1447 4199/6163/1447 4150/6170/1447
f 4142/6161/1390 4174/6165/1390 4198/6159/1390 4141/6174/1390
f 4164/6206/1522 4173/6160/1522 4197/6152/1522 4163/6186/1522
f 4155/6207/1372 4172/6155/1372 4196/6146/1372 4154/6188/1372
f 4146/6208/1363 4171/6150/1363 4195/6149/1363 4145/6190/1363
f 4131/6125/1448 4188/6191/1448 4195/6149/1448 4107/6044/1448
f 4040/6008/1449 4153/6189/1449 4152/6156/1449 4038/6006/1449
f 4058/6026/1450 4162/6187/1450 4161/6153/1450 4056/6024/1450
f 4130/6123/1451 4187/6192/1451 4194/6171/1451 4138/6141/1451
f 4012/6048/1452 4140/6196/1452 4170/6147/1452 4074/6046/1452
f 4129/6121/1523 4186/6193/1523 4193/6167/1523 4137/6139/1523
f 4024/5992/1454 4145/6190/1454 4144/6143/1454 4022/5990/1454
f 4128/6119/1455 4185/6194/1455 4192/6162/1455 4136/6137/1455
f 4042/6010/1456 4154/6188/1456 4153/6189/1456 4040/6008/1456
f 4060/6028/1457 4163/6186/1457 4162/6187/1457 4058/6026/1457
f 4127/6117/1458 4184/6198/1458 4202/6197/1458 4134/6135/1458
f 4134/6134/1459 4202/6199/1459 4191/6158/1459 4135/6131/1459
f 4026/5994/1460 4146/6208/1460 4145/6190/1460 4024/5992/1460
f 4126/6115/1461 4183/6201/1461 4190/6151/1461 4133/6129/1461
f 4044/6012/1462 4155/6207/1462 4154/6188/1462 4042/6010/1462
f 4125/6113/1506 4182/6202/1506 4189/6145/1506 4132/6127/1506
f 4062/6030/1464 4164/6206/1464 4163/6186/1464 4060/6028/1464
f 4124/6111/1507 4181/6185/1507 4188/6191/1507 4131/6125/1507
f 4028/5996/1466 4147/6205/1466 4146/6208/1466 4026/5994/1466
f 4123/6109/1524 4180/6183/1524 4187/6192/1524 4130/6123/1524
f 4046/6014/1468 4156/6204/1468 4155/6207/1468 4044/6012/1468
f 4064/6032/1469 4165/6203/1469 4164/6206/1469 4062/6030/1469
f 4122/6107/1525 4179/6180/1525 4186/6193/1525 4129/6121/1525
f 4121/6105/1471 4178/6178/1471 4185/6194/1471 4128/6119/1471
f 4030/5998/1472 4148/6195/1472 4147/6205/1472 4028/5996/1472
f 4120/6101/1526 4177/6176/1526 4184/6198/1526 4127/6117/1526
f 4048/6016/1474 4157/6184/1474 4156/6204/1474 4046/6014/1474
f 4014/5981/1475 4139/6181/1475 4140/6200/1475 4012/5982/1475
f 4118/6097/1510 4176/6173/1510 4183/6201/1510 4126/6115/1510
f 4066/6034/1477 4166/6182/1477 4165/6203/1477 4064/6032/1477
f 4116/6093/1527 4175/6169/1527 4182/6202/1527 4125/6113/1527
f 4032/6000/1479 4149/6179/1479 4148/6195/1479 4030/5998/1479
usemtl time_circuits
f 1238/102/1528 1237/89/1528 1273/712/1528 1269/110/1528
f 1205/91/7 1239/690/7 1211/673/7
f 1206/309/1529 1212/139/1529 1240/397/1529 1216/682/1529
f 1206/309/1530 1216/682/1530 1215/666/1530 1214/310/1530
f 1205/91/7 1218/683/7 1217/153/7 1204/92/7
f 1210/327/7 1222/152/7 1221/395/7 1209/694/7
f 1208/691/1531 1220/693/1531 1219/689/1531 1207/688/1531
f 1204/92/7 1217/153/7 1222/152/7 1210/327/7
f 1209/694/1532 1221/395/1532 1220/693/1532 1208/691/1532
f 1205/91/7 1211/673/7 1218/683/7
f 1207/688/7 1219/689/7 1213/140/7
f 1207/688/1533 1213/140/1533 1212/139/1533 1206/309/1533
f 1224/104/1534 1226/108/1534 1228/107/1534 1223/101/1534
f 1232/98/1535 1230/86/1535 1229/117/1535 1231/116/1535
f 1215/666/1536 1232/98/1536 1231/116/1536 1214/310/1536
f 1236/95/1537 1235/85/1537 1234/667/1537 1233/96/1537
f 1223/101/220 1227/90/220 1237/89/220 1238/102/220
f 1229/117/1538 1230/86/1538 1235/85/1538 1236/95/1538
f 1211/673/1539 1225/672/1539 1224/104/1539 1226/108/1539
f 1227/90/1540 1223/101/1540 1228/107/1540
f 1287/38/1541 1289/717/1541 1288/716/1541 1286/387/1541
f 1287/38/7 1291/37/7 1290/718/7 1289/717/7
f 1294/715/1542 1295/362/1542 1293/34/1542 1292/33/1542
f 1286/387/1542 1288/716/1542 1295/362/1542 1294/715/1542
f 3343/1118/1543 3374/1129/1543 3378/1732/1543 3342/1107/1543
f 3310/1110/62 3316/1693/62 3344/1711/62
f 3311/1328/1544 3321/1703/1544 3345/1416/1544 3317/1157/1544
f 3311/1328/1545 3319/1327/1545 3320/1687/1545 3321/1703/1545
f 3310/1110/62 3309/1109/62 3322/1169/62 3323/1704/62
f 3315/1345/62 3314/1715/62 3326/1412/62 3327/1170/62
f 3313/1712/1546 3312/1709/1546 3324/1710/1546 3325/1714/1546
f 3309/1109/62 3315/1345/62 3327/1170/62 3322/1169/62
f 3314/1715/1547 3313/1712/1547 3325/1714/1547 3326/1412/1547
f 3310/1110/62 3323/1704/62 3316/1693/62
f 3312/1709/62 3318/1156/62 3324/1710/62
f 3312/1709/1548 3311/1328/1548 3317/1157/1548 3318/1156/1548
f 3329/1121/1549 3328/1119/1549 3333/1125/1549 3331/1124/1549
f 3337/1116/1550 3336/1134/1550 3334/1133/1550 3335/1102/1550
f 3320/1687/1551 3319/1327/1551 3336/1134/1551 3337/1116/1551
f 3341/1113/1537 3338/1112/1537 3339/1688/1537 3340/1103/1537
f 3328/1119/220 3343/1118/220 3342/1107/220 3332/1106/220
f 3334/1133/1552 3341/1113/1552 3340/1103/1552 3335/1102/1552
f 3316/1693/1553 3331/1124/1553 3329/1121/1553 3330/1694/1553
f 3332/1106/1554 3333/1125/1554 3328/1119/1554
f 3392/1054/1555 3391/1405/1555 3393/1737/1555 3394/1739/1555
f 3392/1054/62 3394/1739/62 3395/1738/62 3396/1055/62
f 3399/1736/1542 3397/1051/1542 3398/1050/1542 3400/1380/1542
f 3391/1405/1542 3399/1736/1542 3400/1380/1542 3393/1737/1542
usemtl back_part
f 338/155/1556 337/398/1556 123/83/1556 127/97/1556
f 272/303/1557 299/4776/1557 257/407/1557 251/304/1557
f 122/399/1558 128/4777/1558 299/4776/1558 272/303/1558
f 128/4777/1559 122/399/1559 337/398/1559 338/155/1559
f 2443/1174/1560 2232/1115/1560 2228/1101/1560 2442/1418/1560
f 2377/1322/1561 2356/1321/1561 2362/1427/1561 2404/4791/1561
f 2227/1419/1562 2377/1322/1562 2404/4791/1562 2233/4794/1562
f 2233/4794/1563 2443/1174/1563 2442/1418/1563 2227/1419/1563
l 1368 1369
l 3473 3474
o Cylinder
v 1.537612 2.906583 -12.680328
v 1.537612 3.078732 -12.680328
v 1.610272 2.906583 -12.674308
v 1.610272 3.078732 -12.674308
v 1.680949 2.906583 -12.656409
v 1.680949 3.078732 -12.656409
v 1.747717 2.906583 -12.627123
v 1.747717 3.078732 -12.627123
v 1.808753 2.906583 -12.587246
v 1.808753 3.078732 -12.587246
v 1.862393 2.906583 -12.537866
v 1.862393 3.078732 -12.537866
v 1.907175 2.906583 -12.480331
v 1.907175 3.078732 -12.480331
v 1.941875 2.906583 -12.416210
v 1.941875 3.078732 -12.416210
v 1.965549 2.906583 -12.347252
v 1.965549 3.078732 -12.347252
v 1.977549 2.906583 -12.275338
v 1.977549 3.078732 -12.275338
v 1.977549 2.906583 -12.202430
v 1.977549 3.078732 -12.202430
v 1.965549 2.906583 -12.130516
v 1.965549 3.078732 -12.130516
v 1.941875 2.906583 -12.061558
v 1.941875 3.078732 -12.061558
v 1.907175 2.906583 -11.997437
v 1.907175 3.078732 -11.997437
v 1.862393 2.906583 -11.939901
v 1.862393 3.078732 -11.939901
v 1.808753 2.906583 -11.890522
v 1.808753 3.078732 -11.890522
v 1.747716 2.906583 -11.850645
v 1.747716 3.078732 -11.850645
v 1.680949 2.906583 -11.821358
v 1.680949 3.078732 -11.821358
v 1.610271 2.906583 -11.803460
v 1.610271 3.078732 -11.803460
v 1.537612 2.906583 -11.797440
v 1.537612 3.078732 -11.797440
v 1.464953 2.906583 -11.803460
v 1.464953 3.078732 -11.803460
v 1.394275 2.906583 -11.821359
v 1.394275 3.078732 -11.821359
v 1.327508 2.906583 -11.850645
v 1.327508 3.078732 -11.850645
v 1.266471 2.906583 -11.890523
v 1.266471 3.078732 -11.890523
v 1.212831 2.906583 -11.939902
v 1.212831 3.078732 -11.939902
v 1.168050 2.906583 -11.997437
v 1.168050 3.078732 -11.997437
v 1.133349 2.906583 -12.061559
v 1.133349 3.078732 -12.061559
v 1.109676 2.906583 -12.130517
v 1.109676 3.078732 -12.130517
v 1.097676 2.906583 -12.202431
v 1.097676 3.078732 -12.202431
v 1.097676 2.906583 -12.275339
v 1.097676 3.078732 -12.275339
v 1.109676 2.906583 -12.347253
v 1.109676 3.078732 -12.347253
v 1.133350 2.906583 -12.416211
v 1.133350 3.078732 -12.416211
v 1.168051 2.906583 -12.480332
v 1.168051 3.078732 -12.480332
v 1.212832 2.906583 -12.537867
v 1.212832 3.078732 -12.537867
v 1.266472 2.906583 -12.587246
v 1.266472 3.078732 -12.587246
v 1.327509 2.906583 -12.627123
v 1.327509 3.078732 -12.627123
v 1.394277 2.906583 -12.656410
v 1.394277 3.078732 -12.656410
v 1.464954 2.906583 -12.674308
v 1.464954 3.078732 -12.674308
v 1.537612 2.915282 -12.635715
v 1.537612 3.070032 -12.635715
v 1.602928 3.070032 -12.630301
v 1.602928 2.915282 -12.630301
v 1.666463 2.915282 -12.614213
v 1.666463 3.070032 -12.614213
v 1.726483 3.070032 -12.587886
v 1.726483 2.915282 -12.587886
v 1.781350 2.915282 -12.552039
v 1.781350 3.070032 -12.552039
v 1.829570 3.070032 -12.507649
v 1.829570 2.915282 -12.507649
v 1.869825 2.915282 -12.455930
v 1.869825 3.070032 -12.455930
v 1.901019 3.070032 -12.398289
v 1.901019 2.915282 -12.398289
v 1.922299 2.915282 -12.336300
v 1.922299 3.070032 -12.336300
v 1.933087 3.070032 -12.271654
v 1.933087 2.915282 -12.271654
v 1.933087 2.915282 -12.206115
v 1.933087 3.070032 -12.206115
v 1.922299 3.070032 -12.141468
v 1.922299 2.915282 -12.141468
v 1.901019 2.915282 -12.079479
v 1.901019 3.070032 -12.079479
v 1.869825 3.070032 -12.021839
v 1.869825 2.915282 -12.021839
v 1.829570 2.915282 -11.970119
v 1.829570 3.070032 -11.970119
v 1.781350 3.070032 -11.925730
v 1.781350 2.915282 -11.925730
v 1.726482 2.915282 -11.889883
v 1.726482 3.070032 -11.889883
v 1.666463 3.070032 -11.863556
v 1.666463 2.915282 -11.863556
v 1.602928 2.915282 -11.847466
v 1.602928 3.070032 -11.847466
v 1.537612 3.070032 -11.842054
v 1.537612 2.915282 -11.842054
v 1.472296 2.915282 -11.847466
v 1.472296 3.070032 -11.847466
v 1.408762 3.070032 -11.863556
v 1.408762 2.915282 -11.863556
v 1.348742 2.915282 -11.889883
v 1.348742 3.070032 -11.889883
v 1.293874 3.070032 -11.925730
v 1.293874 2.915282 -11.925730
v 1.245655 2.915282 -11.970119
v 1.245655 3.070032 -11.970119
v 1.205399 3.070032 -12.021839
v 1.205399 2.915282 -12.021839
v 1.174206 2.915282 -12.079480
v 1.174206 3.070032 -12.079480
v 1.152925 3.070032 -12.141469
v 1.152925 2.915282 -12.141469
v 1.142138 2.915282 -12.206115
v 1.142138 3.070032 -12.206115
v 1.142138 3.070032 -12.271655
v 1.142138 2.915282 -12.271655
v 1.152926 2.915282 -12.336301
v 1.152926 3.070032 -12.336301
v 1.174206 3.070032 -12.398290
v 1.174206 2.915282 -12.398290
v 1.205400 2.915282 -12.455931
v 1.205400 3.070032 -12.455931
v 1.245656 3.070032 -12.507650
v 1.245656 2.915282 -12.507650
v 1.293875 2.915282 -12.552039
v 1.293875 3.070032 -12.552039
v 1.348743 3.070032 -12.587886
v 1.348743 2.915282 -12.587886
v 1.408763 2.915282 -12.614213
v 1.408763 3.070032 -12.614213
v 1.472297 3.070032 -12.630302
v 1.472297 2.915282 -12.630302
v 1.604371 3.078731 -12.638947
v 1.537612 3.078731 -12.644479
v 1.669309 3.078731 -12.622502
v 1.730654 3.078731 -12.595593
v 1.786734 3.078731 -12.558955
v 1.836018 3.078731 -12.513586
v 1.877163 3.078731 -12.460723
v 1.909045 3.078731 -12.401810
v 1.930796 3.078731 -12.338451
v 1.941822 3.078731 -12.272378
v 1.941822 3.078731 -12.205390
v 1.930796 3.078731 -12.139317
v 1.909045 3.078731 -12.075958
v 1.877163 3.078731 -12.017044
v 1.836018 3.078731 -11.964182
v 1.786734 3.078731 -11.918813
v 1.730654 3.078731 -11.882174
v 1.669309 3.078731 -11.855266
v 1.604371 3.078731 -11.838820
v 1.537612 3.078731 -11.833289
v 1.470853 3.078731 -11.838820
v 1.405915 3.078731 -11.855266
v 1.344570 3.078731 -11.882174
v 1.288490 3.078731 -11.918813
v 1.239206 3.078731 -11.964183
v 1.198062 3.078731 -12.017045
v 1.166179 3.078731 -12.075959
v 1.144428 3.078731 -12.139317
v 1.133403 3.078731 -12.205391
v 1.133403 3.078731 -12.272378
v 1.144429 3.078731 -12.338452
v 1.166180 3.078731 -12.401811
v 1.198063 3.078731 -12.460724
v 1.239207 3.078731 -12.513586
v 1.288492 3.078731 -12.558956
v 1.344571 3.078731 -12.595594
v 1.405917 3.078731 -12.622502
v 1.470855 3.078731 -12.638947
v 1.597850 3.126501 -12.599868
v 1.537612 3.126501 -12.604859
v 1.656444 3.126501 -12.585030
v 1.711797 3.126501 -12.560749
v 1.762399 3.126501 -12.527690
v 1.806869 3.126501 -12.486753
v 1.843995 3.126501 -12.439054
v 1.872763 3.126501 -12.385895
v 1.892389 3.126501 -12.328725
v 1.902338 3.126501 -12.269106
v 1.902338 3.126501 -12.208662
v 1.892389 3.126501 -12.149042
v 1.872763 3.126501 -12.091873
v 1.843995 3.126501 -12.038714
v 1.806869 3.126501 -11.991015
v 1.762399 3.126501 -11.950078
v 1.711797 3.126501 -11.917018
v 1.656444 3.126501 -11.892737
v 1.597850 3.126501 -11.877900
v 1.537612 3.126501 -11.872909
v 1.477374 3.126501 -11.877900
v 1.418780 3.126501 -11.892738
v 1.363427 3.126501 -11.917018
v 1.312825 3.126501 -11.950078
v 1.268355 3.126501 -11.991015
v 1.231230 3.126501 -12.038714
v 1.202462 3.126501 -12.091873
v 1.182836 3.126501 -12.149043
v 1.172887 3.126501 -12.208662
v 1.172887 3.126501 -12.269107
v 1.182836 3.126501 -12.328726
v 1.202462 3.126501 -12.385895
v 1.231230 3.126501 -12.439054
v 1.268356 3.126501 -12.486753
v 1.312826 3.126501 -12.527690
v 1.363428 3.126501 -12.560750
v 1.418781 3.126501 -12.585030
v 1.477376 3.126501 -12.599868
v 1.588354 3.165535 -12.542961
v 1.537612 3.165535 -12.547165
v 1.637711 3.165535 -12.530462
v 1.684338 3.165535 -12.510010
v 1.726963 3.165535 -12.482162
v 1.764422 3.165535 -12.447678
v 1.795695 3.165535 -12.407498
v 1.819928 3.165535 -12.362720
v 1.836460 3.165535 -12.314563
v 1.844841 3.165535 -12.264341
v 1.844841 3.165535 -12.213427
v 1.836460 3.165535 -12.163205
v 1.819928 3.165535 -12.115048
v 1.795695 3.165535 -12.070271
v 1.764422 3.165535 -12.030090
v 1.726963 3.165535 -11.995606
v 1.684338 3.165535 -11.967758
v 1.637711 3.165535 -11.947306
v 1.588354 3.165535 -11.934807
v 1.537612 3.165535 -11.930603
v 1.486871 3.165535 -11.934807
v 1.437513 3.165535 -11.947307
v 1.390886 3.165535 -11.967759
v 1.348262 3.165535 -11.995607
v 1.310802 3.165535 -12.030091
v 1.279529 3.165535 -12.070271
v 1.255296 3.165535 -12.115049
v 1.238764 3.165535 -12.163206
v 1.230384 3.165535 -12.213427
v 1.230384 3.165535 -12.264342
v 1.238764 3.165535 -12.314563
v 1.255297 3.165535 -12.362720
v 1.279530 3.165535 -12.407498
v 1.310803 3.165535 -12.447678
v 1.348263 3.165535 -12.482162
v 1.390887 3.165535 -12.510010
v 1.437514 3.165535 -12.530462
v 1.486872 3.165535 -12.542961
v 1.580758 3.202259 -12.497445
v 1.537612 3.202259 -12.501020
v 1.622728 3.202259 -12.486817
v 1.662375 3.202259 -12.469426
v 1.698620 3.202259 -12.445746
v 1.730472 3.202259 -12.416425
v 1.757064 3.202259 -12.382259
v 1.777670 3.202259 -12.344183
v 1.791727 3.202259 -12.303235
v 1.798853 3.202259 -12.260531
v 1.798853 3.202259 -12.217237
v 1.791727 3.202259 -12.174534
v 1.777670 3.202259 -12.133586
v 1.757064 3.202259 -12.095510
v 1.730472 3.202259 -12.061344
v 1.698620 3.202259 -12.032022
v 1.662375 3.202259 -12.008343
v 1.622728 3.202259 -11.990952
v 1.580758 3.202259 -11.980324
v 1.537612 3.202259 -11.976748
v 1.494466 3.202259 -11.980324
v 1.452497 3.202259 -11.990952
v 1.412849 3.202259 -12.008343
v 1.376605 3.202259 -12.032022
v 1.344752 3.202259 -12.061345
v 1.318161 3.202259 -12.095510
v 1.297555 3.202259 -12.133586
v 1.283497 3.202259 -12.174535
v 1.276371 3.202259 -12.217238
v 1.276371 3.202259 -12.260532
v 1.283498 3.202259 -12.303236
v 1.297555 3.202259 -12.344184
v 1.318161 3.202259 -12.382260
v 1.344753 3.202259 -12.416425
v 1.376606 3.202259 -12.445747
v 1.412850 3.202259 -12.469427
v 1.452497 3.202259 -12.486817
v 1.494467 3.202259 -12.497445
v 1.565233 3.235336 -12.349865
v 1.537612 3.235336 -12.351399
v 1.592100 3.235336 -12.345304
v 1.617481 3.235336 -12.337838
v 1.640683 3.235336 -12.327675
v 1.661074 3.235336 -12.315088
v 1.678097 3.235336 -12.300424
v 1.691288 3.235336 -12.284081
v 1.700287 3.235336 -12.266504
v 1.704849 3.235336 -12.248175
v 1.704849 3.235336 -12.229592
v 1.700287 3.235336 -12.211263
v 1.691288 3.235336 -12.193686
v 1.678097 3.235336 -12.177342
v 1.661074 3.235336 -12.162678
v 1.640683 3.235336 -12.150092
v 1.617481 3.235336 -12.139928
v 1.592100 3.235336 -12.132463
v 1.565233 3.235336 -12.127902
v 1.537612 3.235336 -12.126368
v 1.509992 3.235336 -12.127902
v 1.483124 3.235336 -12.132463
v 1.457743 3.235336 -12.139929
v 1.434541 3.235336 -12.150092
v 1.414150 3.235336 -12.162679
v 1.397127 3.235336 -12.177343
v 1.383936 3.235336 -12.193686
v 1.374937 3.235336 -12.211263
v 1.370375 3.235336 -12.229592
v 1.370375 3.235336 -12.248176
v 1.374937 3.235336 -12.266505
v 1.383937 3.235336 -12.284081
v 1.397128 3.235336 -12.300425
v 1.414151 3.235336 -12.315089
v 1.434542 3.235336 -12.327675
v 1.457744 3.235336 -12.337839
v 1.483125 3.235336 -12.345304
v 1.509992 3.235336 -12.349865
v 1.537612 2.844975 -12.652816
v 1.605743 2.844975 -12.647171
v 1.672016 2.844975 -12.630388
v 1.734622 2.844975 -12.602926
v 1.791855 2.844975 -12.565535
v 1.842152 2.844975 -12.519233
v 1.884143 2.844975 -12.465283
v 1.916680 2.844975 -12.405159
v 1.938878 2.844975 -12.340498
v 1.950131 2.844975 -12.273067
v 1.950131 2.844975 -12.204701
v 1.938878 2.844975 -12.137270
v 1.916680 2.844975 -12.072609
v 1.884143 2.844975 -12.012485
v 1.842152 2.844975 -11.958535
v 1.791855 2.844975 -11.912233
v 1.734622 2.844975 -11.874842
v 1.672016 2.844975 -11.847380
v 1.605743 2.844975 -11.830597
v 1.537612 2.844975 -11.824951
v 1.469481 2.844975 -11.830597
v 1.403208 2.844975 -11.847380
v 1.340602 2.844975 -11.874842
v 1.283370 2.844975 -11.912233
v 1.233072 2.844975 -11.958535
v 1.191082 2.844975 -12.012485
v 1.158544 2.844975 -12.072610
v 1.136346 2.844975 -12.137270
v 1.125094 2.844975 -12.204702
v 1.125094 2.844975 -12.273067
v 1.136347 2.844975 -12.340499
v 1.158545 2.844975 -12.405159
v 1.191083 2.844975 -12.465284
v 1.233073 2.844975 -12.519234
v 1.283371 2.844975 -12.565536
v 1.340603 2.844975 -12.602927
v 1.403210 2.844975 -12.630388
v 1.469483 2.844975 -12.647171
v 1.537612 2.844975 -12.625033
v 1.601170 2.844975 -12.619767
v 1.662995 2.844975 -12.604111
v 1.721399 2.844975 -12.578492
v 1.774790 2.844975 -12.543611
v 1.821712 2.844975 -12.500416
v 1.860884 2.844975 -12.450088
v 1.891238 2.844975 -12.393998
v 1.911946 2.844975 -12.333678
v 1.922443 2.844975 -12.270772
v 1.922443 2.844975 -12.206996
v 1.911946 2.844975 -12.144090
v 1.891238 2.844975 -12.083770
v 1.860884 2.844975 -12.027680
v 1.821712 2.844975 -11.977352
v 1.774790 2.844975 -11.934157
v 1.721399 2.844975 -11.899276
v 1.662995 2.844975 -11.873657
v 1.601170 2.844975 -11.858001
v 1.537612 2.844975 -11.852735
v 1.474054 2.844975 -11.858001
v 1.412229 2.844975 -11.873657
v 1.353825 2.844975 -11.899276
v 1.300434 2.844975 -11.934158
v 1.253512 2.844975 -11.977352
v 1.214340 2.844975 -12.027680
v 1.183986 2.844975 -12.083770
v 1.163279 2.844975 -12.144091
v 1.152781 2.844975 -12.206997
v 1.152781 2.844975 -12.270773
v 1.163279 2.844975 -12.333679
v 1.183987 2.844975 -12.393999
v 1.214341 2.844975 -12.450089
v 1.253513 2.844975 -12.500417
v 1.300435 2.844975 -12.543611
v 1.353826 2.844975 -12.578493
v 1.412231 2.844975 -12.604112
v 1.474055 2.844975 -12.619767
v 1.562234 3.227503 -12.337814
v 1.537612 3.227503 -12.339183
v 1.586184 3.227503 -12.333748
v 1.608809 3.227503 -12.327094
v 1.629492 3.227503 -12.318033
v 1.647668 3.227503 -12.306814
v 1.662843 3.227503 -12.293742
v 1.674602 3.227503 -12.279173
v 1.682624 3.227503 -12.263505
v 1.686690 3.227503 -12.247166
v 1.686690 3.227503 -12.230600
v 1.682624 3.227503 -12.214261
v 1.674602 3.227503 -12.198594
v 1.662843 3.227503 -12.184025
v 1.647668 3.227503 -12.170953
v 1.629492 3.227503 -12.159734
v 1.608809 3.227503 -12.150673
v 1.586184 3.227503 -12.144019
v 1.562234 3.227503 -12.139953
v 1.537612 3.227503 -12.138584
v 1.512991 3.227503 -12.139953
v 1.489041 3.227503 -12.144019
v 1.466416 3.227503 -12.150673
v 1.445733 3.227503 -12.159734
v 1.427556 3.227503 -12.170953
v 1.412382 3.227503 -12.184025
v 1.400623 3.227503 -12.198594
v 1.392601 3.227503 -12.214262
v 1.388534 3.227503 -12.230601
v 1.388534 3.227503 -12.247167
v 1.392601 3.227503 -12.263506
v 1.400623 3.227503 -12.279173
v 1.412382 3.227503 -12.293742
v 1.427557 3.227503 -12.306814
v 1.445733 3.227503 -12.318033
v 1.466416 3.227503 -12.327094
v 1.489041 3.227503 -12.333748
v 1.512991 3.227503 -12.337814
v 1.565233 3.880804 -12.349865
v 1.537612 3.880804 -12.351399
v 1.592100 3.880804 -12.345304
v 1.617481 3.880804 -12.337838
v 1.640683 3.880804 -12.327675
v 1.661074 3.880804 -12.315088
v 1.678097 3.880804 -12.300424
v 1.691288 3.880804 -12.284081
v 1.700287 3.880804 -12.266504
v 1.704849 3.880804 -12.248175
v 1.704849 3.880804 -12.229592
v 1.700287 3.880804 -12.211263
v 1.691288 3.880804 -12.193686
v 1.678097 3.880804 -12.177342
v 1.661074 3.880804 -12.162678
v 1.640683 3.880804 -12.150092
v 1.617481 3.880804 -12.139928
v 1.592100 3.880804 -12.132463
v 1.565233 3.880804 -12.127902
v 1.537612 3.880804 -12.126368
v 1.509992 3.880804 -12.127902
v 1.483124 3.880804 -12.132463
v 1.457743 3.880804 -12.139929
v 1.434541 3.880804 -12.150092
v 1.414150 3.880804 -12.162679
v 1.397127 3.880804 -12.177343
v 1.383936 3.880804 -12.193686
v 1.374937 3.880804 -12.211263
v 1.370375 3.880804 -12.229592
v 1.370375 3.880804 -12.248176
v 1.374937 3.880804 -12.266505
v 1.383937 3.880804 -12.284081
v 1.397128 3.880804 -12.300425
v 1.414151 3.880804 -12.315089
v 1.434542 3.880804 -12.327675
v 1.457744 3.880804 -12.337839
v 1.483125 3.880804 -12.345304
v 1.509992 3.880804 -12.349865
v 1.562617 3.880804 -12.339353
v 1.537612 3.880804 -12.340741
v 1.586939 3.880804 -12.335222
v 1.609915 3.880804 -12.328465
v 1.630920 3.880804 -12.319263
v 1.649379 3.880804 -12.307870
v 1.664790 3.880804 -12.294595
v 1.676731 3.880804 -12.279799
v 1.684878 3.880804 -12.263888
v 1.689008 3.880804 -12.247294
v 1.689008 3.880804 -12.230472
v 1.684878 3.880804 -12.213879
v 1.676731 3.880804 -12.197968
v 1.664790 3.880804 -12.183172
v 1.649379 3.880804 -12.169897
v 1.630920 3.880804 -12.158503
v 1.609915 3.880804 -12.149302
v 1.586939 3.880804 -12.142544
v 1.562617 3.880804 -12.138414
v 1.537612 3.880804 -12.137025
v 1.512608 3.880804 -12.138414
v 1.488286 3.880804 -12.142545
v 1.465309 3.880804 -12.149302
v 1.444305 3.880804 -12.158504
v 1.425845 3.880804 -12.169897
v 1.410435 3.880804 -12.183172
v 1.398493 3.880804 -12.197968
v 1.390347 3.880804 -12.213879
v 1.386217 3.880804 -12.230473
v 1.386217 3.880804 -12.247295
v 1.390347 3.880804 -12.263888
v 1.398494 3.880804 -12.279799
v 1.410435 3.880804 -12.294595
v 1.425846 3.880804 -12.307870
v 1.444305 3.880804 -12.319264
v 1.465310 3.880804 -12.328465
v 1.488286 3.880804 -12.335222
v 1.512609 3.880804 -12.339353
v 1.558871 3.902998 -12.324302
v 1.537612 3.902998 -12.325482
v 1.579549 3.902998 -12.320790
v 1.599084 3.902998 -12.315045
v 1.616942 3.902998 -12.307222
v 1.632636 3.902998 -12.297536
v 1.645738 3.902998 -12.286249
v 1.655890 3.902998 -12.273670
v 1.662817 3.902998 -12.260142
v 1.666328 3.902998 -12.246035
v 1.666328 3.902998 -12.231732
v 1.662817 3.902998 -12.217625
v 1.655890 3.902998 -12.204097
v 1.645738 3.902998 -12.191519
v 1.632636 3.902998 -12.180232
v 1.616942 3.902998 -12.170545
v 1.599084 3.902998 -12.162722
v 1.579549 3.902998 -12.156977
v 1.558871 3.902998 -12.153465
v 1.537612 3.902998 -12.152285
v 1.516354 3.902998 -12.153465
v 1.495675 3.902998 -12.156977
v 1.476140 3.902998 -12.162722
v 1.458283 3.902998 -12.170545
v 1.442589 3.902998 -12.180232
v 1.429487 3.902998 -12.191519
v 1.419334 3.902998 -12.204098
v 1.412408 3.902998 -12.217625
v 1.408897 3.902998 -12.231732
v 1.408897 3.902998 -12.246035
v 1.412408 3.902998 -12.260142
v 1.419334 3.902998 -12.273670
v 1.429487 3.902998 -12.286249
v 1.442589 3.902998 -12.297536
v 1.458283 3.902998 -12.307222
v 1.476141 3.902998 -12.315045
v 1.495676 3.902998 -12.320790
v 1.516354 3.902998 -12.324302
v 1.661074 3.315196 -12.162678
v 1.640683 3.315196 -12.150092
v 1.565233 3.315196 -12.349865
v 1.592100 3.315196 -12.345304
v 1.370375 3.315196 -12.229592
v 1.370375 3.315196 -12.248176
v 1.617481 3.315196 -12.139928
v 1.617481 3.315196 -12.337838
v 1.374937 3.315196 -12.266505
v 1.592100 3.315196 -12.132463
v 1.640683 3.315196 -12.327675
v 1.383937 3.315196 -12.284081
v 1.565233 3.315196 -12.127902
v 1.661074 3.315196 -12.315088
v 1.397128 3.315196 -12.300425
v 1.537612 3.315196 -12.126368
v 1.678097 3.315196 -12.300424
v 1.414151 3.315196 -12.315089
v 1.509992 3.315196 -12.127902
v 1.691288 3.315196 -12.284081
v 1.434542 3.315196 -12.327675
v 1.483124 3.315196 -12.132463
v 1.700287 3.315196 -12.266504
v 1.457744 3.315196 -12.337839
v 1.457743 3.315196 -12.139929
v 1.704849 3.315196 -12.248175
v 1.483125 3.315196 -12.345304
v 1.434541 3.315196 -12.150092
v 1.704849 3.315196 -12.229592
v 1.509992 3.315196 -12.349865
v 1.414150 3.315196 -12.162679
v 1.700287 3.315196 -12.211263
v 1.537612 3.315196 -12.351399
v 1.397127 3.315196 -12.177343
v 1.691288 3.315196 -12.193686
v 1.383936 3.315196 -12.193686
v 1.678097 3.315196 -12.177342
v 1.374937 3.315196 -12.211263
v 1.640683 3.607069 -12.150092
v 1.592100 3.607069 -12.345304
v 1.370375 3.607069 -12.248176
v 1.617481 3.607069 -12.139928
v 1.617481 3.607069 -12.337838
v 1.374937 3.607069 -12.266505
v 1.592100 3.607069 -12.132463
v 1.640683 3.607069 -12.327675
v 1.383937 3.607069 -12.284081
v 1.565233 3.607069 -12.127902
v 1.661074 3.607069 -12.315088
v 1.397128 3.607069 -12.300425
v 1.678097 3.607069 -12.300424
v 1.414151 3.607069 -12.315089
v 1.509992 3.607069 -12.127902
v 1.691288 3.607069 -12.284081
v 1.434542 3.607069 -12.327675
v 1.483124 3.607069 -12.132463
v 1.700287 3.607069 -12.266504
v 1.457744 3.607069 -12.337839
v 1.457743 3.607069 -12.139929
v 1.704849 3.607069 -12.248175
v 1.483125 3.607069 -12.345304
v 1.434541 3.607069 -12.150092
v 1.704849 3.607069 -12.229592
v 1.509992 3.607069 -12.349865
v 1.414150 3.607069 -12.162679
v 1.700287 3.607069 -12.211263
v 1.537612 3.607069 -12.351399
v 1.397127 3.607069 -12.177343
v 1.691288 3.607069 -12.193686
v 1.383936 3.607069 -12.193686
v 1.678097 3.607069 -12.177342
v 1.374937 3.607069 -12.211263
v 1.661074 3.607069 -12.162678
v 1.565233 3.607069 -12.349865
v 1.370375 3.607069 -12.229592
v 1.537612 3.607069 -12.126368
v 1.383936 3.578720 -12.193686
v 1.483124 3.371362 -12.132463
v 1.457743 3.424423 -12.139929
v 1.434541 3.472928 -12.150092
v 1.374937 3.597533 -12.211263
v 1.414150 3.515556 -12.162679
v 1.397127 3.551143 -12.177343
v 1.483125 3.368980 -12.345304
v 1.397128 3.545015 -12.300425
v 1.414151 3.509429 -12.315089
v 1.434542 3.467439 -12.327675
v 1.370375 3.604686 -12.248176
v 1.374937 3.593303 -12.266505
v 1.457744 3.420194 -12.337839
v 1.383937 3.573230 -12.284081
v 1.362144 3.607069 -12.229592
v 1.362144 3.315196 -12.229592
v 1.366706 3.315196 -12.211263
v 1.375705 3.315196 -12.193686
v 1.388896 3.315196 -12.177343
v 1.405919 3.315196 -12.162679
v 1.426310 3.315196 -12.150092
v 1.501761 3.315196 -12.349865
v 1.474894 3.315196 -12.345304
v 1.449512 3.315196 -12.139929
v 1.449513 3.315196 -12.337839
v 1.474893 3.315196 -12.132463
v 1.426310 3.315196 -12.327675
v 1.501760 3.315196 -12.127902
v 1.405919 3.315196 -12.315089
v 1.388896 3.315196 -12.300425
v 1.375705 3.315196 -12.284081
v 1.366706 3.315196 -12.266505
v 1.362144 3.315196 -12.248176
v 1.375705 3.578720 -12.193686
v 1.474893 3.371362 -12.132463
v 1.449512 3.424423 -12.139929
v 1.426310 3.472928 -12.150092
v 1.366706 3.597533 -12.211263
v 1.405919 3.515556 -12.162679
v 1.388896 3.551143 -12.177343
v 1.474894 3.368980 -12.345304
v 1.388896 3.545015 -12.300425
v 1.405919 3.509429 -12.315089
v 1.426310 3.467439 -12.327675
v 1.362144 3.604686 -12.248176
v 1.366706 3.593303 -12.266505
v 1.449513 3.420194 -12.337839
v 1.375705 3.573230 -12.284081
v 1.640683 3.782549 -12.150092
v 1.592100 3.782549 -12.345304
v 1.370375 3.782549 -12.248176
v 1.617481 3.782549 -12.139928
v 1.617481 3.782549 -12.337838
v 1.374937 3.782549 -12.266505
v 1.592100 3.782549 -12.132463
v 1.640683 3.782549 -12.327675
v 1.383937 3.782549 -12.284081
v 1.565233 3.782549 -12.127902
v 1.661074 3.782549 -12.315088
v 1.397128 3.782549 -12.300425
v 1.678097 3.782549 -12.300424
v 1.414151 3.782549 -12.315089
v 1.509992 3.782549 -12.127902
v 1.691288 3.782549 -12.284081
v 1.434542 3.782549 -12.327675
v 1.483124 3.782549 -12.132463
v 1.700287 3.782549 -12.266504
v 1.457744 3.782549 -12.337839
v 1.457743 3.782549 -12.139929
v 1.704849 3.782549 -12.248175
v 1.483125 3.782549 -12.345304
v 1.434541 3.782549 -12.150092
v 1.704849 3.782549 -12.229592
v 1.509992 3.782549 -12.349865
v 1.414150 3.782549 -12.162679
v 1.700287 3.782549 -12.211263
v 1.537612 3.782549 -12.351399
v 1.397127 3.782549 -12.177343
v 1.691288 3.782549 -12.193686
v 1.383936 3.782549 -12.193686
v 1.678097 3.782549 -12.177342
v 1.374937 3.782549 -12.211263
v 1.661074 3.782549 -12.162678
v 1.565233 3.782549 -12.349865
v 1.370375 3.782549 -12.229592
v 1.537612 3.782549 -12.126368
v 1.661074 3.780322 -12.162678
v 1.565233 3.780322 -12.349865
v 1.370375 3.780322 -12.229592
v 1.537612 3.780322 -12.126368
v 1.640683 3.780322 -12.150092
v 1.592100 3.780322 -12.345304
v 1.370375 3.780322 -12.248176
v 1.617481 3.780322 -12.139928
v 1.617481 3.780322 -12.337838
v 1.374937 3.780322 -12.266505
v 1.592100 3.780322 -12.132463
v 1.640683 3.780322 -12.327675
v 1.383937 3.780322 -12.284081
v 1.565233 3.780322 -12.127902
v 1.661074 3.780322 -12.315088
v 1.397128 3.780322 -12.300425
v 1.678097 3.780322 -12.300424
v 1.414151 3.780322 -12.315089
v 1.509992 3.780322 -12.127902
v 1.691288 3.780322 -12.284081
v 1.434542 3.780322 -12.327675
v 1.483124 3.780322 -12.132463
v 1.700287 3.780322 -12.266504
v 1.457744 3.780322 -12.337839
v 1.457743 3.780322 -12.139929
v 1.704849 3.780322 -12.248175
v 1.483125 3.780322 -12.345304
v 1.434541 3.780322 -12.150092
v 1.704849 3.780322 -12.229592
v 1.509992 3.780322 -12.349865
v 1.414150 3.780322 -12.162679
v 1.700287 3.780322 -12.211263
v 1.537612 3.780322 -12.351399
v 1.397127 3.780322 -12.177343
v 1.691288 3.780322 -12.193686
v 1.383936 3.780322 -12.193686
v 1.678097 3.780322 -12.177342
v 1.374937 3.780322 -12.211263
v 1.636955 3.780363 -12.153304
v 1.636955 3.782509 -12.153304
v 1.590129 3.780363 -12.341454
v 1.590129 3.782509 -12.341454
v 1.376426 3.780363 -12.247839
v 1.376426 3.782509 -12.247839
v 1.614592 3.780363 -12.143508
v 1.614592 3.782509 -12.143508
v 1.614592 3.780363 -12.334259
v 1.614592 3.782509 -12.334259
v 1.380822 3.780363 -12.265506
v 1.380822 3.782509 -12.265506
v 1.590129 3.780363 -12.136313
v 1.590129 3.782509 -12.136313
v 1.636955 3.780363 -12.324463
v 1.636955 3.782509 -12.324463
v 1.389496 3.780363 -12.282446
v 1.389496 3.782509 -12.282446
v 1.564234 3.780363 -12.131917
v 1.564234 3.782509 -12.131917
v 1.656608 3.780363 -12.312332
v 1.656608 3.782509 -12.312332
v 1.402210 3.780363 -12.298198
v 1.402210 3.782509 -12.298198
v 1.673015 3.780363 -12.298198
v 1.673015 3.782509 -12.298198
v 1.418617 3.780363 -12.312332
v 1.418617 3.782509 -12.312332
v 1.510991 3.780363 -12.131917
v 1.510991 3.782509 -12.131917
v 1.685729 3.780363 -12.282446
v 1.685729 3.782509 -12.282446
v 1.438270 3.780363 -12.324463
v 1.438270 3.782509 -12.324463
v 1.485096 3.780363 -12.136313
v 1.485096 3.782509 -12.136313
v 1.694402 3.780363 -12.265506
v 1.694402 3.782509 -12.265506
v 1.460633 3.780363 -12.334259
v 1.460633 3.782509 -12.334259
v 1.460633 3.780363 -12.143508
v 1.460633 3.782509 -12.143508
v 1.698799 3.780363 -12.247839
v 1.698799 3.782509 -12.247839
v 1.485096 3.780363 -12.341454
v 1.485096 3.782509 -12.341454
v 1.438270 3.780363 -12.153305
v 1.438270 3.782509 -12.153305
v 1.698799 3.780363 -12.229928
v 1.698799 3.782509 -12.229928
v 1.510991 3.780363 -12.345850
v 1.510991 3.782509 -12.345850
v 1.418617 3.780363 -12.165435
v 1.418617 3.782509 -12.165435
v 1.694402 3.780363 -12.212261
v 1.694402 3.782509 -12.212261
v 1.537612 3.780363 -12.347329
v 1.537612 3.782509 -12.347329
v 1.402210 3.780363 -12.179569
v 1.402210 3.782509 -12.179569
v 1.685729 3.780363 -12.195321
v 1.685729 3.782509 -12.195321
v 1.389496 3.780363 -12.195321
v 1.389496 3.782509 -12.195321
v 1.673015 3.780363 -12.179569
v 1.673015 3.782509 -12.179569
v 1.380822 3.780363 -12.212262
v 1.380822 3.782509 -12.212262
v 1.376426 3.782509 -12.229928
v 1.564234 3.782509 -12.345850
v 1.656608 3.782509 -12.165435
v 1.537612 3.782509 -12.130438
v 1.656608 3.780363 -12.165435
v 1.564234 3.780363 -12.345850
v 1.376426 3.780363 -12.229928
v 1.537612 3.780363 -12.130438
vt 1.000000 0.500000
vt 1.000000 1.000000
vt 0.973684 1.000000
vt 0.973684 0.500000
vt 0.982656 0.308917
vt 0.969786 0.346407
vt 0.969786 0.346407
vt 0.982656 0.308917
vt 0.947368 0.500000
vt 0.947368 1.000000
vt 0.921053 1.000000
vt 0.921053 0.500000
vt 0.578947 1.000000
vt 0.578947 0.500000
vt 0.578947 0.500000
vt 0.578947 1.000000
vt 0.894737 0.500000
vt 0.894737 1.000000
vt 0.868421 1.000000
vt 0.868421 0.500000
vt 0.602589 0.439394
vt 0.573427 0.412548
vt 0.573427 0.412548
vt 0.602589 0.439394
vt 0.842105 0.500000
vt 0.842105 1.000000
vt 0.815789 1.000000
vt 0.815789 0.500000
vt 0.815789 1.000000
vt 0.815789 0.500000
vt 0.789474 0.500000
vt 0.789474 1.000000
vt 0.763158 1.000000
vt 0.763158 0.500000
vt 0.397411 0.060606
vt 0.364227 0.038926
vt 0.364227 0.038926
vt 0.397411 0.060606
vt 0.736842 0.500000
vt 0.736842 1.000000
vt 0.710526 1.000000
vt 0.710526 0.500000
vt 0.131579 0.500000
vt 0.131579 1.000000
vt 0.131579 1.000000
vt 0.131579 0.500000
vt 0.684210 0.500000
vt 0.684210 1.000000
vt 0.657894 1.000000
vt 0.657894 0.500000
vt 0.864227 0.038926
vt 0.897411 0.060606
vt 0.897411 0.060606
vt 0.864227 0.038926
vt 0.631579 0.500000
vt 0.631579 1.000000
vt 0.605263 1.000000
vt 0.605263 0.500000
vt 0.368421 1.000000
vt 0.368421 0.500000
vt 0.368421 0.500000
vt 0.368421 1.000000
vt 0.552631 1.000000
vt 0.552631 0.500000
vt 0.605263 1.000000
vt 0.605263 0.500000
vt 0.526315 0.500000
vt 0.526315 1.000000
vt 0.500000 1.000000
vt 0.500000 0.500000
vt 0.102589 0.060606
vt 0.073426 0.087453
vt 0.073426 0.087453
vt 0.102589 0.060606
vt 0.473684 0.500000
vt 0.473684 1.000000
vt 0.447368 1.000000
vt 0.447368 0.500000
vt 0.842105 0.500000
vt 0.842105 1.000000
vt 0.421052 0.500000
vt 0.421052 1.000000
vt 0.394737 1.000000
vt 0.394737 0.500000
vt 0.573426 0.087453
vt 0.602589 0.060606
vt 0.602589 0.060606
vt 0.573426 0.087453
vt 0.342105 1.000000
vt 0.342105 0.500000
vt 0.157894 1.000000
vt 0.157894 0.500000
vt 0.157894 0.500000
vt 0.157894 1.000000
vt 0.315789 0.500000
vt 0.315789 1.000000
vt 0.289473 1.000000
vt 0.289473 0.500000
vt 0.426574 0.412548
vt 0.450920 0.381268
vt 0.450920 0.381268
vt 0.426574 0.412548
vt 0.263158 0.500000
vt 0.263158 1.000000
vt 0.236842 1.000000
vt 0.236842 0.500000
vt 0.394737 1.000000
vt 0.394737 0.500000
vt 0.210526 0.500000
vt 0.210526 1.000000
vt 0.184210 1.000000
vt 0.184210 0.500000
vt 0.030215 0.346407
vt 0.049080 0.381268
vt 0.049080 0.381268
vt 0.030215 0.346407
vt 0.950920 0.381268
vt 0.926574 0.412548
vt 0.926574 0.412548
vt 0.950920 0.381268
vt 0.105263 0.500000
vt 0.105263 1.000000
vt 0.078947 1.000000
vt 0.078947 0.500000
vt 0.631579 0.500000
vt 0.631579 1.000000
vt 0.327928 0.476996
vt 0.289503 0.486727
vt 0.289503 0.486727
vt 0.327928 0.476996
vt 0.052631 0.500000
vt 0.052631 1.000000
vt 0.026316 1.000000
vt 0.026316 0.500000
vt 0.549080 0.381268
vt 0.530215 0.346407
vt 0.530215 0.346407
vt 0.549080 0.381268
vt 0.236842 0.500000
vt 0.263158 0.500000
vt 0.973684 0.500000
vt 0.973684 1.000000
vt 0.947368 1.000000
vt 0.947368 0.500000
vt 0.921053 0.500000
vt 0.921053 1.000000
vt 0.894737 1.000000
vt 0.894737 0.500000
vt 0.868421 0.500000
vt 0.868421 1.000000
vt 0.789474 1.000000
vt 0.789474 0.500000
vt 0.763158 0.500000
vt 0.763158 1.000000
vt 0.736842 1.000000
vt 0.736842 0.500000
vt 0.710526 0.500000
vt 0.710526 1.000000
vt 0.684210 1.000000
vt 0.684210 0.500000
vt 0.657894 0.500000
vt 0.657894 1.000000
vt 0.552631 0.500000
vt 0.552631 1.000000
vt 0.526315 1.000000
vt 0.526315 0.500000
vt 0.500000 0.500000
vt 0.500000 1.000000
vt 0.473684 1.000000
vt 0.473684 0.500000
vt 0.447368 0.500000
vt 0.447368 1.000000
vt 0.421052 1.000000
vt 0.421052 0.500000
vt 0.342105 0.500000
vt 0.342105 1.000000
vt 0.315789 1.000000
vt 0.315789 0.500000
vt 0.289473 0.500000
vt 0.289473 1.000000
vt 0.263158 1.000000
vt 0.263158 0.500000
vt 0.236842 0.500000
vt 0.236842 1.000000
vt 0.210526 1.000000
vt 0.210526 0.500000
vt 0.184210 0.500000
vt 0.184210 1.000000
vt 0.105263 1.000000
vt 0.105263 0.500000
vt 0.078947 0.500000
vt 0.078947 1.000000
vt 0.052631 1.000000
vt 0.052631 0.500000
vt 0.026316 0.500000
vt 0.026316 1.000000
vt -0.000000 1.000000
vt -0.000000 0.500000
vt 0.073427 0.412548
vt 0.102589 0.439394
vt 0.102589 0.439394
vt 0.073427 0.412548
vt 0.469786 0.346407
vt 0.482656 0.308917
vt 0.482656 0.308917
vt 0.469786 0.346407
vt 0.530214 0.153593
vt 0.549080 0.118733
vt 0.549080 0.118733
vt 0.530214 0.153593
vt 0.049080 0.118733
vt 0.030214 0.153593
vt 0.030214 0.153593
vt 0.049080 0.118733
vt 0.789503 0.013273
vt 0.827928 0.023004
vt 0.827928 0.023004
vt 0.789503 0.013273
vt 0.327928 0.023004
vt 0.289503 0.013273
vt 0.289503 0.013273
vt 0.327928 0.023004
vt 0.672073 0.476996
vt 0.635773 0.461074
vt 0.635773 0.461074
vt 0.672073 0.476996
vt 0.989180 0.230181
vt 0.989180 0.269819
vt 0.989180 0.269819
vt 0.989180 0.230181
vt 1.000000 0.500000
vt 1.000000 1.000000
vt 0.135773 0.461074
vt 0.172073 0.476996
vt 0.172073 0.476996
vt 0.135773 0.461074
vt 0.489180 0.269819
vt 0.489180 0.230181
vt 0.489180 0.230181
vt 0.489180 0.269819
vt 0.510820 0.230181
vt 0.517344 0.191084
vt 0.517344 0.191084
vt 0.510820 0.230181
vt 0.827928 0.476996
vt 0.789503 0.486727
vt 0.789503 0.486727
vt 0.827928 0.476996
vt 0.017344 0.191084
vt 0.010820 0.230181
vt 0.010820 0.230181
vt 0.017344 0.191084
vt 0.327928 0.476996
vt 0.289503 0.486727
vt 0.710497 0.013273
vt 0.750000 0.010000
vt 0.750000 0.010000
vt 0.710497 0.013273
vt 0.250000 0.010000
vt 0.210497 0.013273
vt 0.210497 0.013273
vt 0.250000 0.010000
vt 0.750000 0.490000
vt 0.710498 0.486727
vt 0.710498 0.486727
vt 0.750000 0.490000
vt 0.969786 0.153593
vt 0.982656 0.191083
vt 0.982656 0.191083
vt 0.969786 0.153593
vt 0.210498 0.486727
vt 0.250000 0.490000
vt 0.250000 0.490000
vt 0.210498 0.486727
vt 0.482656 0.191083
vt 0.469786 0.153593
vt 0.469786 0.153593
vt 0.482656 0.191083
vt 0.517344 0.308917
vt 0.510820 0.269820
vt 0.510820 0.269820
vt 0.517344 0.308917
vt 0.897411 0.439394
vt 0.864227 0.461074
vt 0.864227 0.461074
vt 0.897411 0.439394
vt 0.010820 0.269820
vt 0.017344 0.308917
vt 0.017344 0.308917
vt 0.010820 0.269820
vt 0.364227 0.461074
vt 0.397411 0.439394
vt 0.397411 0.439394
vt 0.364227 0.461074
vt 0.635772 0.038926
vt 0.672072 0.023004
vt 0.672072 0.023004
vt 0.635772 0.038926
vt 0.172072 0.023004
vt 0.135772 0.038926
vt 0.135772 0.038926
vt 0.172072 0.023004
vt 0.926574 0.087452
vt 0.950920 0.118732
vt 0.950920 0.118732
vt 0.926574 0.087452
vt 0.450920 0.118732
vt 0.426574 0.087452
vt 0.426574 0.087452
vt 0.450920 0.118732
vt 0.447368 1.000000
vt 0.473684 1.000000
vt 0.473684 1.000000
vt 0.447368 1.000000
vt 0.736842 1.000000
vt 0.710526 1.000000
vt 0.250000 0.010000
vt 0.210497 0.013273
vt 0.263158 1.000000
vt 0.236842 1.000000
vt 0.210498 0.486727
vt 0.250000 0.490000
vt 0.842105 1.000000
vt 0.815789 1.000000
vt 0.397411 0.060606
vt 0.364227 0.038926
vt 0.368421 1.000000
vt 0.342105 1.000000
vt 0.073427 0.412548
vt 0.102589 0.439394
vt 0.947368 1.000000
vt 0.921053 1.000000
vt 0.482656 0.191083
vt 0.469786 0.153593
vt 0.010820 0.269820
vt 0.017344 0.308917
vt 0.469786 0.346407
vt 0.482656 0.308917
vt 0.578947 1.000000
vt 0.552631 1.000000
vt 0.049080 0.118733
vt 0.030214 0.153593
vt 0.105263 1.000000
vt 0.078947 1.000000
vt 0.364227 0.461074
vt 0.397411 0.439394
vt 0.684210 1.000000
vt 0.657894 1.000000
vt 0.172072 0.023004
vt 0.135772 0.038926
vt 0.210526 1.000000
vt 0.184210 1.000000
vt 0.789474 1.000000
vt 0.763158 1.000000
vt 0.327928 0.023004
vt 0.289503 0.013273
vt 0.315789 1.000000
vt 0.289473 1.000000
vt 0.135773 0.461074
vt 0.172073 0.476996
vt 0.894737 1.000000
vt 0.868421 1.000000
vt 0.450920 0.118732
vt 0.426574 0.087452
vt 1.000000 1.000000
vt 0.973684 1.000000
vt 0.421052 1.000000
vt 0.394737 1.000000
vt 0.030215 0.346407
vt 0.049080 0.381268
vt 0.489180 0.269819
vt 0.489180 0.230181
vt 0.526315 1.000000
vt 0.500000 1.000000
vt 0.017344 0.191084
vt 0.010820 0.230181
vt 0.052631 1.000000
vt 0.026316 1.000000
vt 0.426574 0.412548
vt 0.450920 0.381268
vt 0.631579 1.000000
vt 0.605263 1.000000
vt 0.102589 0.060606
vt 0.073426 0.087453
vt 0.157894 1.000000
vt 0.131579 1.000000
vt 0.469786 0.153593
vt 0.482656 0.191083
vt 0.482656 0.191083
vt 0.469786 0.153593
vt 0.469786 0.346407
vt 0.482656 0.308917
vt 0.105263 1.000000
vt 0.078947 1.000000
vt 0.172072 0.023004
vt 0.135772 0.038926
vt 0.789474 1.000000
vt 0.763158 1.000000
vt 0.135773 0.461074
vt 0.172073 0.476996
vt 0.421052 1.000000
vt 0.394737 1.000000
vt 0.489180 0.269819
vt 0.489180 0.230181
vt 0.052631 1.000000
vt 0.026316 1.000000
vt 0.102589 0.060606
vt 0.073426 0.087453
vt 0.736842 1.000000
vt 0.710526 1.000000
vt 0.210498 0.486727
vt 0.250000 0.490000
vt 0.368421 1.000000
vt 0.342105 1.000000
vt 0.049080 0.118733
vt 0.030214 0.153593
vt 0.684210 1.000000
vt 0.657894 1.000000
vt 0.315789 1.000000
vt 0.289473 1.000000
vt 0.450920 0.118732
vt 0.426574 0.087452
vt 1.000000 1.000000
vt 0.973684 1.000000
vt 0.017344 0.191084
vt 0.010820 0.230181
vt 0.631579 1.000000
vt 0.605263 1.000000
vt 0.289503 0.486727
vt 0.327928 0.476996
vt 0.263158 1.000000
vt 0.236842 1.000000
vt 0.397411 0.060606
vt 0.364227 0.038926
vt 0.947368 1.000000
vt 0.921053 1.000000
vt 0.010820 0.269820
vt 0.017344 0.308917
vt 0.578947 1.000000
vt 0.552631 1.000000
vt 0.364227 0.461074
vt 0.397411 0.439394
vt 0.210526 1.000000
vt 0.184210 1.000000
vt 0.327928 0.023004
vt 0.289503 0.013273
vt 0.894737 1.000000
vt 0.868421 1.000000
vt 0.030215 0.346407
vt 0.049080 0.381268
vt 0.526315 1.000000
vt 0.500000 1.000000
vt 0.426574 0.412548
vt 0.450920 0.381268
vt 0.157894 1.000000
vt 0.131579 1.000000
vt 0.250000 0.010000
vt 0.210497 0.013273
vt 0.842105 1.000000
vt 0.815789 1.000000
vt 0.073427 0.412548
vt 0.102589 0.439394
vt 0.049080 0.118733
vt 0.030214 0.153593
vt 0.684210 1.000000
vt 0.657894 1.000000
vt 0.315789 1.000000
vt 0.289473 1.000000
vt 0.450920 0.118732
vt 0.426574 0.087452
vt 1.000000 1.000000
vt 0.973684 1.000000
vt 0.017344 0.191084
vt 0.010820 0.230181
vt 0.631579 1.000000
vt 0.605263 1.000000
vt 0.289503 0.486727
vt 0.327928 0.476996
vt 0.263158 1.000000
vt 0.236842 1.000000
vt 0.397411 0.060606
vt 0.364227 0.038926
vt 0.947368 1.000000
vt 0.921053 1.000000
vt 0.010820 0.269820
vt 0.017344 0.308917
vt 0.578947 1.000000
vt 0.552631 1.000000
vt 0.364227 0.461074
vt 0.397411 0.439394
vt 0.210526 1.000000
vt 0.184210 1.000000
vt 0.327928 0.023004
vt 0.289503 0.013273
vt 0.894737 1.000000
vt 0.868421 1.000000
vt 0.030215 0.346407
vt 0.049080 0.381268
vt 0.526315 1.000000
vt 0.500000 1.000000
vt 0.426574 0.412548
vt 0.450920 0.381268
vt 0.157894 1.000000
vt 0.131579 1.000000
vt 0.250000 0.010000
vt 0.210497 0.013273
vt 0.842105 1.000000
vt 0.815789 1.000000
vt 0.073427 0.412548
vt 0.102589 0.439394
vt 0.473684 1.000000
vt 0.447368 1.000000
vt 0.469786 0.346407
vt 0.482656 0.308917
vt 0.105263 1.000000
vt 0.078947 1.000000
vt 0.172072 0.023004
vt 0.135772 0.038926
vt 0.789474 1.000000
vt 0.763158 1.000000
vt 0.135773 0.461074
vt 0.172073 0.476996
vt 0.421052 1.000000
vt 0.394737 1.000000
vt 0.489180 0.269819
vt 0.489180 0.230181
vt 0.052631 1.000000
vt 0.026316 1.000000
vt 0.102589 0.060606
vt 0.073426 0.087453
vt 0.736842 1.000000
vt 0.710526 1.000000
vt 0.210498 0.486727
vt 0.250000 0.490000
vt 0.368421 1.000000
vt 0.342105 1.000000
vt 0.500000 1.000000
vt 0.526315 1.000000
vt 0.526315 1.000000
vt 0.500000 1.000000
vt 0.947368 0.500000
vt 0.921053 0.500000
vt 0.921053 0.500000
vt 0.947368 0.500000
vt 0.750000 0.490000
vt 0.710498 0.486727
vt 0.815789 0.500000
vt 0.842105 0.500000
vt 0.864227 0.038926
vt 0.897411 0.060606
vt 0.342105 0.500000
vt 0.368421 0.500000
vt 0.602589 0.439394
vt 0.573427 0.412548
vt 0.969786 0.153593
vt 0.982656 0.191083
vt 0.447368 0.500000
vt 0.473684 0.500000
vt 0.517344 0.308917
vt 0.510820 0.269820
vt 0.982656 0.308917
vt 0.969786 0.346407
vt 0.552631 0.500000
vt 0.578947 0.500000
vt 0.530214 0.153593
vt 0.549080 0.118733
vt 0.078947 0.500000
vt 0.105263 0.500000
vt 0.897411 0.439394
vt 0.864227 0.461074
vt 0.657894 0.500000
vt 0.684210 0.500000
vt 0.635772 0.038926
vt 0.672072 0.023004
vt 0.184210 0.500000
vt 0.210526 0.500000
vt 0.763158 0.500000
vt 0.789474 0.500000
vt 0.789503 0.013273
vt 0.827928 0.023004
vt 0.289473 0.500000
vt 0.315789 0.500000
vt 0.672073 0.476996
vt 0.635773 0.461074
vt 0.868421 0.500000
vt 0.894737 0.500000
vt 0.926574 0.087452
vt 0.950920 0.118732
vt 0.394737 0.500000
vt 0.421052 0.500000
vt 0.973684 0.500000
vt 1.000000 0.500000
vt 0.549080 0.381268
vt 0.530215 0.346407
vt 0.989180 0.230181
vt 0.989180 0.269819
vt 0.500000 0.500000
vt 0.526315 0.500000
vt 0.510820 0.230181
vt 0.517344 0.191084
vt 0.026316 0.500000
vt 0.052631 0.500000
vt 0.950920 0.381268
vt 0.926574 0.412548
vt 0.605263 0.500000
vt 0.631579 0.500000
vt 0.573426 0.087453
vt 0.602589 0.060606
vt 0.131579 0.500000
vt 0.157894 0.500000
vt 0.827928 0.476996
vt 0.789503 0.486727
vt 0.710526 0.500000
vt 0.736842 0.500000
vt 0.710497 0.013273
vt 0.750000 0.010000
vt 0.750000 0.490000
vt 0.789503 0.486727
vt 0.827928 0.476996
vt 0.864227 0.461074
vt 0.897411 0.439394
vt 0.926574 0.412548
vt 0.950920 0.381268
vt 0.969786 0.346407
vt 0.982656 0.308917
vt 0.989180 0.269819
vt 0.989180 0.230181
vt 0.982656 0.191083
vt 0.969786 0.153593
vt 0.950920 0.118732
vt 0.926574 0.087452
vt 0.897411 0.060606
vt 0.864227 0.038926
vt 0.827928 0.023004
vt 0.789503 0.013273
vt 0.750000 0.010000
vt 0.710497 0.013273
vt 0.672072 0.023004
vt 0.635772 0.038926
vt 0.602589 0.060606
vt 0.573426 0.087453
vt 0.549080 0.118733
vt 0.530214 0.153593
vt 0.517344 0.191084
vt 0.510820 0.230181
vt 0.510820 0.269820
vt 0.517344 0.308917
vt 0.530215 0.346407
vt 0.549080 0.381268
vt 0.573427 0.412548
vt 0.602589 0.439394
vt 0.635773 0.461074
vt 0.672073 0.476996
vt 0.710498 0.486727
vt 0.552631 0.500000
vt 0.578947 0.500000
vt 0.184210 0.500000
vt 0.210526 0.500000
vt 0.868421 0.500000
vt 0.894737 0.500000
vt 0.500000 0.500000
vt 0.526315 0.500000
vt 0.131579 0.500000
vt 0.157894 0.500000
vt 0.815789 0.500000
vt 0.842105 0.500000
vt 0.447368 0.500000
vt 0.473684 0.500000
vt 0.078947 0.500000
vt 0.105263 0.500000
vt 0.763158 0.500000
vt 0.789474 0.500000
vt 0.394737 0.500000
vt 0.421052 0.500000
vt 0.026316 0.500000
vt 0.052631 0.500000
vt 0.710526 0.500000
vt 0.736842 0.500000
vt 0.342105 0.500000
vt 0.368421 0.500000
vt 0.657894 0.500000
vt 0.684210 0.500000
vt 0.289473 0.500000
vt 0.315789 0.500000
vt 0.973684 0.500000
vt 1.000000 0.500000
vt 0.605263 0.500000
vt 0.631579 0.500000
vt 0.236842 0.500000
vt 0.263158 0.500000
vt 0.289503 0.486727
vt 0.250000 0.490000
vt 0.210498 0.486727
vt 0.172073 0.476996
vt 0.135773 0.461074
vt 0.102589 0.439394
vt 0.073427 0.412548
vt 0.049080 0.381268
vt 0.030215 0.346407
vt 0.017344 0.308917
vt 0.010820 0.269820
vt 0.010820 0.230181
vt 0.017344 0.191084
vt 0.030214 0.153593
vt 0.049080 0.118733
vt 0.073426 0.087453
vt 0.102589 0.060606
vt 0.135772 0.038926
vt 0.172072 0.023004
vt 0.210497 0.013273
vt 0.250000 0.010000
vt 0.289503 0.013273
vt 0.327928 0.023004
vt 0.364227 0.038926
vt 0.397411 0.060606
vt 0.426574 0.087452
vt 0.450920 0.118732
vt 0.469786 0.153593
vt 0.482656 0.191083
vt 0.489180 0.230181
vt 0.489180 0.269819
vt 0.482656 0.308917
vt 0.469786 0.346407
vt 0.450920 0.381268
vt 0.426574 0.412548
vt 0.397411 0.439394
vt 0.364227 0.461074
vt 0.327928 0.476996
vt 0.450920 0.381268
vt 0.426574 0.412548
vt 0.131579 1.000000
vt 0.157894 1.000000
vt 0.157894 1.000000
vt 0.131579 1.000000
vt 0.210497 0.013273
vt 0.250000 0.010000
vt 0.815789 1.000000
vt 0.842105 1.000000
vt 0.842105 1.000000
vt 0.815789 1.000000
vt 0.102589 0.439394
vt 0.073427 0.412548
vt 0.447368 1.000000
vt 0.473684 1.000000
vt 0.473684 1.000000
vt 0.447368 1.000000
vt 0.482656 0.308917
vt 0.469786 0.346407
vt 0.078947 1.000000
vt 0.105263 1.000000
vt 0.105263 1.000000
vt 0.078947 1.000000
vt 0.135772 0.038926
vt 0.172072 0.023004
vt 0.763158 1.000000
vt 0.789474 1.000000
vt 0.789474 1.000000
vt 0.763158 1.000000
vt 0.172073 0.476996
vt 0.135773 0.461074
vt 0.394737 1.000000
vt 0.421052 1.000000
vt 0.421052 1.000000
vt 0.394737 1.000000
vt 0.489180 0.230181
vt 0.489180 0.269819
vt 0.026316 1.000000
vt 0.052631 1.000000
vt 0.052631 1.000000
vt 0.026316 1.000000
vt 0.073426 0.087453
vt 0.102589 0.060606
vt 0.710526 1.000000
vt 0.736842 1.000000
vt 0.736842 1.000000
vt 0.710526 1.000000
vt 0.250000 0.490000
vt 0.210498 0.486727
vt 0.342105 1.000000
vt 0.368421 1.000000
vt 0.368421 1.000000
vt 0.342105 1.000000
vt 0.469786 0.153593
vt 0.482656 0.191083
vt 0.030214 0.153593
vt 0.049080 0.118733
vt 0.657894 1.000000
vt 0.684210 1.000000
vt 0.684210 1.000000
vt 0.657894 1.000000
vt 0.289473 1.000000
vt 0.315789 1.000000
vt 0.315789 1.000000
vt 0.289473 1.000000
vt 0.426574 0.087452
vt 0.450920 0.118732
vt 0.973684 1.000000
vt 1.000000 1.000000
vt 1.000000 1.000000
vt 0.973684 1.000000
vt 0.010820 0.230181
vt 0.017344 0.191084
vt 0.605263 1.000000
vt 0.631579 1.000000
vt 0.631579 1.000000
vt 0.605263 1.000000
vt 0.327928 0.476996
vt 0.289503 0.486727
vt 0.236842 1.000000
vt 0.263158 1.000000
vt 0.263158 1.000000
vt 0.236842 1.000000
vt 0.364227 0.038926
vt 0.397411 0.060606
vt 0.921053 1.000000
vt 0.947368 1.000000
vt 0.947368 1.000000
vt 0.921053 1.000000
vt 0.017344 0.308917
vt 0.010820 0.269820
vt 0.552631 1.000000
vt 0.578947 1.000000
vt 0.578947 1.000000
vt 0.552631 1.000000
vt 0.397411 0.439394
vt 0.364227 0.461074
vt 0.184210 1.000000
vt 0.210526 1.000000
vt 0.210526 1.000000
vt 0.184210 1.000000
vt 0.289503 0.013273
vt 0.327928 0.023004
vt 0.868421 1.000000
vt 0.894737 1.000000
vt 0.894737 1.000000
vt 0.868421 1.000000
vt 0.049080 0.381268
vt 0.030215 0.346407
vt 0.526315 1.000000
vt 0.500000 1.000000
vt 0.500000 1.000000
vt 0.526315 1.000000
vt 0.500000 1.000000
vt 0.526315 1.000000
vt 0.426574 0.412548
vt 0.450920 0.381268
vt 0.450920 0.381268
vt 0.426574 0.412548
vt 0.157894 1.000000
vt 0.131579 1.000000
vt 0.131579 1.000000
vt 0.157894 1.000000
vt 0.250000 0.010000
vt 0.210497 0.013273
vt 0.210497 0.013273
vt 0.250000 0.010000
vt 0.842105 1.000000
vt 0.815789 1.000000
vt 0.815789 1.000000
vt 0.842105 1.000000
vt 0.073427 0.412548
vt 0.102589 0.439394
vt 0.102589 0.439394
vt 0.073427 0.412548
vt 0.473684 1.000000
vt 0.447368 1.000000
vt 0.447368 1.000000
vt 0.473684 1.000000
vt 0.469786 0.346407
vt 0.482656 0.308917
vt 0.482656 0.308917
vt 0.469786 0.346407
vt 0.105263 1.000000
vt 0.078947 1.000000
vt 0.078947 1.000000
vt 0.105263 1.000000
vt 0.172072 0.023004
vt 0.135772 0.038926
vt 0.135772 0.038926
vt 0.172072 0.023004
vt 0.789474 1.000000
vt 0.763158 1.000000
vt 0.763158 1.000000
vt 0.789474 1.000000
vt 0.135773 0.461074
vt 0.172073 0.476996
vt 0.172073 0.476996
vt 0.135773 0.461074
vt 0.421052 1.000000
vt 0.394737 1.000000
vt 0.394737 1.000000
vt 0.421052 1.000000
vt 0.489180 0.269819
vt 0.489180 0.230181
vt 0.489180 0.230181
vt 0.489180 0.269819
vt 0.052631 1.000000
vt 0.026316 1.000000
vt 0.026316 1.000000
vt 0.052631 1.000000
vt 0.102589 0.060606
vt 0.073426 0.087453
vt 0.073426 0.087453
vt 0.102589 0.060606
vt 0.736842 1.000000
vt 0.710526 1.000000
vt 0.710526 1.000000
vt 0.736842 1.000000
vt 0.210498 0.486727
vt 0.250000 0.490000
vt 0.250000 0.490000
vt 0.210498 0.486727
vt 0.368421 1.000000
vt 0.342105 1.000000
vt 0.342105 1.000000
vt 0.368421 1.000000
vt 0.482656 0.191083
vt 0.469786 0.153593
vt 0.469786 0.153593
vt 0.482656 0.191083
vt 0.049080 0.118733
vt 0.030214 0.153593
vt 0.030214 0.153593
vt 0.049080 0.118733
vt 0.684210 1.000000
vt 0.657894 1.000000
vt 0.657894 1.000000
vt 0.684210 1.000000
vt 0.315789 1.000000
vt 0.289473 1.000000
vt 0.289473 1.000000
vt 0.315789 1.000000
vt 0.450920 0.118732
vt 0.426574 0.087452
vt 0.426574 0.087452
vt 0.450920 0.118732
vt 1.000000 1.000000
vt 0.973684 1.000000
vt 0.973684 1.000000
vt 1.000000 1.000000
vt 0.017344 0.191084
vt 0.010820 0.230181
vt 0.010820 0.230181
vt 0.017344 0.191084
vt 0.631579 1.000000
vt 0.605263 1.000000
vt 0.605263 1.000000
vt 0.631579 1.000000
vt 0.289503 0.486727
vt 0.327928 0.476996
vt 0.327928 0.476996
vt 0.289503 0.486727
vt 0.263158 1.000000
vt 0.236842 1.000000
vt 0.236842 1.000000
vt 0.263158 1.000000
vt 0.397411 0.060606
vt 0.364227 0.038926
vt 0.364227 0.038926
vt 0.397411 0.060606
vt 0.947368 1.000000
vt 0.921053 1.000000
vt 0.921053 1.000000
vt 0.947368 1.000000
vt 0.010820 0.269820
vt 0.017344 0.308917
vt 0.017344 0.308917
vt 0.010820 0.269820
vt 0.578947 1.000000
vt 0.552631 1.000000
vt 0.552631 1.000000
vt 0.578947 1.000000
vt 0.364227 0.461074
vt 0.397411 0.439394
vt 0.397411 0.439394
vt 0.364227 0.461074
vt 0.210526 1.000000
vt 0.184210 1.000000
vt 0.184210 1.000000
vt 0.210526 1.000000
vt 0.327928 0.023004
vt 0.289503 0.013273
vt 0.289503 0.013273
vt 0.327928 0.023004
vt 0.894737 1.000000
vt 0.868421 1.000000
vt 0.868421 1.000000
vt 0.894737 1.000000
vt 0.030215 0.346407
vt 0.049080 0.381268
vt 0.049080 0.381268
vt 0.030215 0.346407
vt 0.289503 0.486727
vt 0.327928 0.476996
vt 0.921053 1.000000
vt 0.397411 0.439394
vt 0.868421 1.000000
vt 0.450920 0.381268
vt 0.815789 1.000000
vt 0.482656 0.308917
vt 0.763158 1.000000
vt 0.489180 0.230181
vt 0.710526 1.000000
vt 0.469786 0.153593
vt 0.657894 1.000000
vt 0.426574 0.087452
vt 0.605263 1.000000
vt 0.364227 0.038926
vt 0.552631 1.000000
vt 0.289503 0.013273
vt 0.210497 0.013273
vt 0.447368 1.000000
vt 0.135772 0.038926
vt 0.394737 1.000000
vt 0.073426 0.087453
vt 0.342105 1.000000
vt 0.030214 0.153593
vt 0.289473 1.000000
vt 0.010820 0.230181
vt 0.236842 1.000000
vt 0.017344 0.308917
vt 0.184210 1.000000
vt 0.049080 0.381268
vt 0.131579 1.000000
vt 0.102589 0.439394
vt 0.078947 1.000000
vt 0.172073 0.476996
vt 0.026316 1.000000
vt 0.250000 0.490000
vt 0.426574 0.412548
vt 0.157894 1.000000
vt 0.250000 0.010000
vt 0.842105 1.000000
vt 0.073427 0.412548
vt 0.473684 1.000000
vt 0.469786 0.346407
vt 0.105263 1.000000
vt 0.172072 0.023004
vt 0.789474 1.000000
vt 0.135773 0.461074
vt 0.421052 1.000000
vt 0.489180 0.269819
vt 0.052631 1.000000
vt 0.102589 0.060606
vt 0.736842 1.000000
vt 0.210498 0.486727
vt 0.368421 1.000000
vt 0.482656 0.191083
vt 0.049080 0.118733
vt 0.684210 1.000000
vt 0.315789 1.000000
vt 0.450920 0.118732
vt 0.973684 1.000000
vt 1.000000 1.000000
vt 0.017344 0.191084
vt 0.631579 1.000000
vt 0.263158 1.000000
vt 0.397411 0.060606
vt 0.947368 1.000000
vt 0.010820 0.269820
vt 0.578947 1.000000
vt 0.364227 0.461074
vt 0.210526 1.000000
vt 0.327928 0.023004
vt 0.894737 1.000000
vt 0.030215 0.346407
vt 0.017344 0.191084
vt 0.010820 0.230181
vt 0.017344 0.191084
vt 0.263158 1.000000
vt 0.236842 1.000000
vt 0.236842 1.000000
vt 0.364227 0.461074
vt 0.397411 0.439394
vt 0.397411 0.439394
vt 0.364227 0.461074
vt 0.684210 1.000000
vt 0.657894 1.000000
vt 0.657894 1.000000
vt 0.684210 1.000000
vt 0.657894 1.000000
vt 0.684210 1.000000
vt 0.684210 1.000000
vt 0.657894 1.000000
vt 0.397411 0.439394
vt 0.364227 0.461074
vt 0.364227 0.461074
vt 0.397411 0.439394
vt 0.578947 1.000000
vt 0.552631 1.000000
vt 0.552631 1.000000
vt 0.578947 1.000000
vt 0.049080 0.118733
vt 0.030214 0.153593
vt 0.030214 0.153593
vt 0.049080 0.118733
vt 0.289473 1.000000
vt 0.315789 1.000000
vt 0.315789 1.000000
vt 0.289473 1.000000
vt 0.184210 1.000000
vt 0.210526 1.000000
vt 0.210526 1.000000
vt 0.184210 1.000000
vt 0.010820 0.269820
vt 0.017344 0.308917
vt 0.017344 0.308917
vt 0.010820 0.269820
vt 0.482656 0.191083
vt 0.469786 0.153593
vt 0.469786 0.153593
vt 0.482656 0.191083
vt 0.426574 0.087452
vt 0.450920 0.118732
vt 0.450920 0.118732
vt 0.426574 0.087452
vt 0.289503 0.013273
vt 0.327928 0.023004
vt 0.327928 0.023004
vt 0.289503 0.013273
vt 0.947368 1.000000
vt 0.921053 1.000000
vt 0.921053 1.000000
vt 0.947368 1.000000
vt 0.368421 1.000000
vt 0.342105 1.000000
vt 0.342105 1.000000
vt 0.368421 1.000000
vt 0.973684 1.000000
vt 1.000000 1.000000
vt 1.000000 1.000000
vt 0.973684 1.000000
vt 0.868421 1.000000
vt 0.894737 1.000000
vt 0.894737 1.000000
vt 0.868421 1.000000
vt 0.397411 0.060606
vt 0.364227 0.038926
vt 0.364227 0.038926
vt 0.397411 0.060606
vt 0.210498 0.486727
vt 0.250000 0.490000
vt 0.250000 0.490000
vt 0.210498 0.486727
vt 0.010820 0.230181
vt 0.017344 0.191084
vt 0.017344 0.191084
vt 0.010820 0.230181
vt 0.049080 0.381268
vt 0.030215 0.346407
vt 0.030215 0.346407
vt 0.049080 0.381268
vt 0.263158 1.000000
vt 0.236842 1.000000
vt 0.236842 1.000000
vt 0.263158 1.000000
vt 0.736842 1.000000
vt 0.710526 1.000000
vt 0.710526 1.000000
vt 0.736842 1.000000
vt 0.526315 1.000000
vt 0.500000 1.000000
vt 0.500000 1.000000
vt 0.526315 1.000000
vt 0.289503 0.486727
vt 0.327928 0.476996
vt 0.327928 0.476996
vt 0.289503 0.486727
vt 0.102589 0.060606
vt 0.073426 0.087453
vt 0.073426 0.087453
vt 0.102589 0.060606
vt 0.450920 0.381268
vt 0.426574 0.412548
vt 0.426574 0.412548
vt 0.450920 0.381268
vt 0.631579 1.000000
vt 0.605263 1.000000
vt 0.605263 1.000000
vt 0.631579 1.000000
vt 0.052631 1.000000
vt 0.026316 1.000000
vt 0.026316 1.000000
vt 0.052631 1.000000
vt 0.131579 1.000000
vt 0.157894 1.000000
vt 0.157894 1.000000
vt 0.131579 1.000000
vt 0.489180 0.269819
vt 0.489180 0.230181
vt 0.489180 0.230181
vt 0.489180 0.269819
vt 0.210497 0.013273
vt 0.249999 0.010000
vt 0.249999 0.010000
vt 0.210497 0.013273
vt 0.421052 1.000000
vt 0.394737 1.000000
vt 0.394737 1.000000
vt 0.421052 1.000000
vt 0.815789 1.000000
vt 0.842105 1.000000
vt 0.842105 1.000000
vt 0.815789 1.000000
vt 0.135773 0.461074
vt 0.172073 0.476996
vt 0.172073 0.476996
vt 0.135773 0.461074
vt 0.102589 0.439394
vt 0.073427 0.412548
vt 0.073427 0.412548
vt 0.102589 0.439394
vt 0.789474 1.000000
vt 0.763158 1.000000
vt 0.763158 1.000000
vt 0.789474 1.000000
vt 0.447368 1.000000
vt 0.473684 1.000000
vt 0.473684 1.000000
vt 0.447368 1.000000
vt 0.172072 0.023004
vt 0.135772 0.038926
vt 0.135772 0.038926
vt 0.172072 0.023004
vt 0.017344 0.191084
vt 0.010820 0.230181
vt 1.000000 1.000000
vt 0.973684 1.000000
vt 0.450920 0.118732
vt 0.426574 0.087452
vt 0.315789 1.000000
vt 0.289473 1.000000
vt 0.030214 0.153593
vt 0.049080 0.118733
vt 0.469786 0.153593
vt 0.482656 0.191083
vt 0.342105 1.000000
vt 0.368421 1.000000
vt 0.250000 0.490000
vt 0.210498 0.486727
vt 0.710526 1.000000
vt 0.736842 1.000000
vt 0.073426 0.087453
vt 0.102589 0.060606
vt 0.026316 1.000000
vt 0.052631 1.000000
vt 0.489180 0.230181
vt 0.489180 0.269819
vt 0.394737 1.000000
vt 0.421052 1.000000
vt 0.172073 0.476996
vt 0.135773 0.461074
vt 0.763158 1.000000
vt 0.789474 1.000000
vt 0.135772 0.038926
vt 0.172072 0.023004
vt 0.105263 1.000000
vt 0.078947 1.000000
vt 0.078947 1.000000
vt 0.105263 1.000000
vt 0.469786 0.346407
vt 0.482656 0.308917
vt 0.482656 0.308917
vt 0.469786 0.346407
vt 0.473684 1.000000
vt 0.447368 1.000000
vt 0.073427 0.412548
vt 0.102589 0.439394
vt 0.842105 1.000000
vt 0.815789 1.000000
vt 0.249999 0.010000
vt 0.210497 0.013273
vt 0.157894 1.000000
vt 0.131579 1.000000
vt 0.426574 0.412548
vt 0.450920 0.381268
vt 0.500000 1.000000
vt 0.526315 1.000000
vt 0.030215 0.346407
vt 0.049080 0.381268
vt 0.894737 1.000000
vt 0.868421 1.000000
vt 0.327928 0.023004
vt 0.289503 0.013273
vt 0.210526 1.000000
vt 0.184210 1.000000
vt 0.552631 1.000000
vt 0.578947 1.000000
vt 0.017344 0.308917
vt 0.010820 0.269820
vt 0.921053 1.000000
vt 0.947368 1.000000
vt 0.364227 0.038926
vt 0.397411 0.060606
vt 0.236842 1.000000
vt 0.263158 1.000000
vt 0.327928 0.476996
vt 0.289503 0.486727
vt 0.605263 1.000000
vt 0.631579 1.000000
vt 0.552631 1.000000
vt 0.578947 1.000000
vt 0.030214 0.153593
vt 0.049080 0.118733
vt 0.315789 1.000000
vt 0.289473 1.000000
vt 0.210526 1.000000
vt 0.184210 1.000000
vt 0.017344 0.308917
vt 0.010820 0.269820
vt 0.469786 0.153593
vt 0.482656 0.191083
vt 0.450920 0.118732
vt 0.426574 0.087452
vt 0.327928 0.023004
vt 0.289503 0.013273
vt 0.921053 1.000000
vt 0.947368 1.000000
vt 0.342105 1.000000
vt 0.368421 1.000000
vt 1.000000 1.000000
vt 0.973684 1.000000
vt 0.894737 1.000000
vt 0.868421 1.000000
vt 0.364227 0.038926
vt 0.397411 0.060606
vt 0.250000 0.490000
vt 0.210498 0.486727
vt 0.017344 0.191084
vt 0.010820 0.230181
vt 0.030215 0.346407
vt 0.049080 0.381268
vt 0.236842 1.000000
vt 0.263158 1.000000
vt 0.710526 1.000000
vt 0.736842 1.000000
vt 0.500000 1.000000
vt 0.526315 1.000000
vt 0.327928 0.476996
vt 0.289503 0.486727
vt 0.073426 0.087453
vt 0.102589 0.060606
vt 0.426574 0.412548
vt 0.450920 0.381268
vt 0.605263 1.000000
vt 0.631579 1.000000
vt 0.026316 1.000000
vt 0.052631 1.000000
vt 0.157894 1.000000
vt 0.131579 1.000000
vt 0.489180 0.230181
vt 0.489180 0.269819
vt 0.249999 0.010000
vt 0.210497 0.013273
vt 0.394737 1.000000
vt 0.421052 1.000000
vt 0.842105 1.000000
vt 0.815789 1.000000
vt 0.172073 0.476996
vt 0.135773 0.461074
vt 0.073427 0.412548
vt 0.102589 0.439394
vt 0.763158 1.000000
vt 0.789474 1.000000
vt 0.473684 1.000000
vt 0.447368 1.000000
vt 0.135772 0.038926
vt 0.172072 0.023004
vt 0.469786 0.346407
vt 0.482656 0.308917
vt 0.078947 1.000000
vt 0.105263 1.000000
vt 0.105263 1.000000
vt 0.078947 1.000000
vt 0.482656 0.308917
vt 0.469786 0.346407
vt 0.947368 1.000000
vt 0.921053 1.000000
vt 0.447368 1.000000
vt 0.473684 1.000000
vt 0.010820 0.269820
vt 0.017344 0.308917
vt 0.578947 1.000000
vt 0.552631 1.000000
vt 0.364227 0.461074
vt 0.397411 0.439394
vt 0.210526 1.000000
vt 0.184210 1.000000
vt 0.327928 0.023004
vt 0.289503 0.013273
vt 0.894737 1.000000
vt 0.868421 1.000000
vt 0.030215 0.346407
vt 0.049080 0.381268
vt 0.526315 1.000000
vt 0.500000 1.000000
vt 0.426574 0.412548
vt 0.450920 0.381268
vt 0.157894 1.000000
vt 0.131579 1.000000
vt 0.250000 0.010000
vt 0.210497 0.013273
vt 0.842105 1.000000
vt 0.815789 1.000000
vt 0.073427 0.412548
vt 0.102589 0.439394
vt 0.469786 0.346407
vt 0.482656 0.308917
vt 0.105263 1.000000
vt 0.078947 1.000000
vt 0.172072 0.023004
vt 0.135772 0.038926
vt 0.789474 1.000000
vt 0.763158 1.000000
vt 0.135773 0.461074
vt 0.172073 0.476996
vt 0.421052 1.000000
vt 0.394737 1.000000
vt 0.489180 0.269819
vt 0.489180 0.230181
vt 0.052631 1.000000
vt 0.026316 1.000000
vt 0.102589 0.060606
vt 0.073426 0.087453
vt 0.736842 1.000000
vt 0.710526 1.000000
vt 0.210498 0.486727
vt 0.250000 0.490000
vt 0.368421 1.000000
vt 0.342105 1.000000
vt 0.482656 0.191083
vt 0.469786 0.153593
vt 0.049080 0.118733
vt 0.030214 0.153593
vt 0.684210 1.000000
vt 0.657894 1.000000
vt 0.315789 1.000000
vt 0.289473 1.000000
vt 0.450920 0.118732
vt 0.426574 0.087452
vt 1.000000 1.000000
vt 0.973684 1.000000
vt 0.017344 0.191084
vt 0.010820 0.230181
vt 0.631579 1.000000
vt 0.605263 1.000000
vt 0.289503 0.486727
vt 0.327928 0.476996
vt 0.263158 1.000000
vt 0.236842 1.000000
vt 0.397411 0.060606
vt 0.364227 0.038926
vt 0.010820 0.230181
vt 0.017344 0.191084
vt 0.973684 1.000000
vt 1.000000 1.000000
vt 0.426574 0.087452
vt 0.450920 0.118732
vt 0.289473 1.000000
vt 0.315789 1.000000
vt 0.657894 1.000000
vt 0.684210 1.000000
vt 0.030214 0.153593
vt 0.049080 0.118733
vt 0.469786 0.153593
vt 0.482656 0.191083
vt 0.342105 1.000000
vt 0.368421 1.000000
vt 0.250000 0.490000
vt 0.210498 0.486727
vt 0.710526 1.000000
vt 0.736842 1.000000
vt 0.073426 0.087453
vt 0.102589 0.060606
vt 0.026316 1.000000
vt 0.052631 1.000000
vt 0.489180 0.230181
vt 0.489180 0.269819
vt 0.394737 1.000000
vt 0.421052 1.000000
vt 0.172073 0.476996
vt 0.135773 0.461074
vt 0.763158 1.000000
vt 0.789474 1.000000
vt 0.135772 0.038926
vt 0.172072 0.023004
vt 0.078947 1.000000
vt 0.105263 1.000000
vt 0.482656 0.308917
vt 0.469786 0.346407
vt 0.447368 1.000000
vt 0.473684 1.000000
vt 0.102589 0.439394
vt 0.073427 0.412548
vt 0.815789 1.000000
vt 0.842105 1.000000
vt 0.210497 0.013273
vt 0.249998 0.010000
vt 0.131579 1.000000
vt 0.157894 1.000000
vt 0.450920 0.381268
vt 0.426574 0.412548
vt 0.526315 1.000000
vt 0.500000 1.000000
vt 0.049080 0.381268
vt 0.030215 0.346407
vt 0.868421 1.000000
vt 0.894737 1.000000
vt 0.289503 0.013273
vt 0.327928 0.023004
vt 0.184210 1.000000
vt 0.210526 1.000000
vt 0.397411 0.439394
vt 0.364227 0.461074
vt 0.552631 1.000000
vt 0.578947 1.000000
vt 0.017344 0.308917
vt 0.010820 0.269820
vt 0.921053 1.000000
vt 0.947368 1.000000
vt 0.364227 0.038926
vt 0.397411 0.060606
vt 0.236842 1.000000
vt 0.263158 1.000000
vt 0.327928 0.476996
vt 0.289503 0.486727
vt 0.605263 1.000000
vt 0.631579 1.000000
vt 0.973684 1.000000
vt 1.000000 1.000000
vt 0.426574 0.087452
vt 0.450920 0.118732
vt 0.657894 1.000000
vt 0.684210 1.000000
vt 0.469786 0.153593
vt 0.482656 0.191083
vt 0.250000 0.490000
vt 0.210498 0.486727
vt 0.710526 1.000000
vt 0.736842 1.000000
vt 0.489180 0.230181
vt 0.489180 0.269819
vt 0.763158 1.000000
vt 0.789474 1.000000
vt 0.482656 0.308917
vt 0.469786 0.346407
vt 0.447368 1.000000
vt 0.447368 1.000000
vt 0.473684 1.000000
vt 0.815789 1.000000
vt 0.842105 1.000000
vt 0.210497 0.013273
vt 0.249999 0.010000
vt 0.450920 0.381268
vt 0.426574 0.412548
vt 0.526315 1.000000
vt 0.500000 1.000000
vt 0.868421 1.000000
vt 0.894737 1.000000
vt 0.289503 0.013273
vt 0.327928 0.023004
vt 0.397411 0.439394
vt 0.364227 0.461074
vt 0.552631 1.000000
vt 0.578947 1.000000
vt 0.921053 1.000000
vt 0.947368 1.000000
vt 0.364227 0.038926
vt 0.397411 0.060606
vt 0.327928 0.476996
vt 0.289503 0.486727
vt 0.605263 1.000000
vt 0.631579 1.000000
vt 0.049080 0.118733
vt 0.030214 0.153593
vt 0.030214 0.153593
vt 0.049080 0.118733
vt 0.421052 1.000000
vt 0.394737 1.000000
vt 0.394737 1.000000
vt 0.421052 1.000000
vt 0.172072 0.023004
vt 0.135772 0.038926
vt 0.135772 0.038926
vt 0.172072 0.023004
vt 0.315789 1.000000
vt 0.289473 1.000000
vt 0.289473 1.000000
vt 0.315789 1.000000
vt 0.102589 0.060606
vt 0.073426 0.087453
vt 0.073426 0.087453
vt 0.102589 0.060606
vt 0.368421 1.000000
vt 0.342105 1.000000
vt 0.342105 1.000000
vt 0.368421 1.000000
vt 0.210526 1.000000
vt 0.184210 1.000000
vt 0.184210 1.000000
vt 0.210526 1.000000
vt 0.030215 0.346407
vt 0.049080 0.381268
vt 0.049080 0.381268
vt 0.030215 0.346407
vt 0.157894 1.000000
vt 0.131579 1.000000
vt 0.131579 1.000000
vt 0.157894 1.000000
vt 0.073427 0.412548
vt 0.102589 0.439394
vt 0.102589 0.439394
vt 0.073427 0.412548
vt 0.105263 1.000000
vt 0.078947 1.000000
vt 0.078947 1.000000
vt 0.105263 1.000000
vt 0.135773 0.461074
vt 0.172073 0.476996
vt 0.172073 0.476996
vt 0.135773 0.461074
vt 0.052631 1.000000
vt 0.026316 1.000000
vt 0.052631 1.000000
vt 0.010820 0.269820
vt 0.017344 0.308917
vt 0.017344 0.308917
vt 0.010820 0.269820
vt 0.102589 0.439394
vt 0.073427 0.412548
vt 0.017344 0.191084
vt 0.010820 0.230181
vt 0.073427 0.412548
vt 0.102589 0.439394
vt 0.447368 1.000000
vt 0.473684 1.000000
vt 0.102589 0.060606
vt 0.073426 0.087453
vt 0.017344 0.308917
vt 0.010820 0.269820
vt 0.030214 0.153593
vt 0.049080 0.118733
vt 0.157894 1.000000
vt 0.131579 1.000000
vt 0.315789 1.000000
vt 0.289473 1.000000
vt 0.030215 0.346407
vt 0.049080 0.381268
vt 0.078947 1.000000
vt 0.105263 1.000000
vt 0.172072 0.023004
vt 0.135772 0.038926
vt 0.289473 1.000000
vt 0.315789 1.000000
vt 0.210526 1.000000
vt 0.184210 1.000000
vt 0.135772 0.038926
vt 0.172072 0.023004
vt 0.421052 1.000000
vt 0.394737 1.000000
vt 0.184210 1.000000
vt 0.210526 1.000000
vt 0.017344 0.191084
vt 0.010820 0.230181
vt 0.030214 0.153593
vt 0.049080 0.118733
vt 0.368421 1.000000
vt 0.342105 1.000000
vt 0.342105 1.000000
vt 0.368421 1.000000
vt 0.102589 0.060606
vt 0.073426 0.087453
vt 0.052631 1.000000
vt 0.026316 1.000000
vt 0.052631 1.000000
vt 0.421052 1.000000
vt 0.394737 1.000000
vt 0.135773 0.461074
vt 0.172073 0.476996
vt 0.172073 0.476996
vt 0.135773 0.461074
vt 0.078947 1.000000
vt 0.105263 1.000000
vt 0.157894 1.000000
vt 0.131579 1.000000
vt 0.030215 0.346407
vt 0.049080 0.381268
vt 0.017344 0.308917
vt 0.010820 0.269820
vt 0.263158 1.000000
vt 0.236842 1.000000
vt 0.236842 1.000000
vt 0.263158 1.000000
vt 0.447368 1.000000
vn 0.0826 0.0000 -0.9966
vn 0.1816 0.9814 -0.0623
vn 0.4017 0.0000 -0.9158
vn 0.8795 0.0000 -0.4759
vn 0.6773 0.0000 -0.7357
vn -0.1300 0.9814 -0.1413
vn 0.4017 0.0000 0.9158
vn 0.9864 0.0000 -0.1646
vn 0.1050 -0.9814 0.1608
vn 0.9864 0.0000 0.1646
vn 0.8795 0.0000 0.4759
vn 0.1050 0.9814 0.1607
vn 0.6773 0.0000 0.7357
vn -0.7891 0.0000 0.6142
vn 0.0826 0.0000 0.9966
vn -0.1301 -0.9814 0.1413
vn -0.2455 0.0000 0.9694
vn -0.5469 0.0000 -0.8372
vn -0.5470 0.0000 0.8372
vn -0.1300 0.9814 0.1413
vn -0.9458 0.0000 0.3247
vn 0.1515 -0.9814 -0.1179
vn -1.0000 0.0000 -0.0000
vn -0.7891 0.0000 -0.6142
vn -0.9458 0.0000 -0.3247
vn -0.1689 -0.9814 -0.0914
vn 0.1515 0.9814 -0.1179
vn -0.0000 1.0000 0.0000
vn -0.2455 0.0000 -0.9694
vn -0.1689 0.9814 -0.0914
vn -0.9136 -0.4066 -0.0000
vn 0.2455 0.0000 -0.9694
vn 0.5469 0.0000 -0.8372
vn 0.7891 0.0000 -0.6142
vn 0.9458 0.0000 -0.3247
vn 1.0000 0.0000 0.0000
vn 0.9458 0.0000 0.3247
vn 0.7891 0.0000 0.6142
vn 0.5469 0.0000 0.8372
vn 0.2455 0.0000 0.9694
vn -0.0826 0.0000 0.9966
vn -0.4017 0.0000 0.9158
vn -0.6773 0.0000 0.7357
vn -0.8795 0.0000 0.4759
vn -0.9864 0.0000 0.1646
vn -0.9864 0.0000 -0.1646
vn -0.8795 0.0000 -0.4759
vn -0.6773 0.0000 -0.7357
vn -0.4017 0.0000 -0.9158
vn -0.0826 0.0000 -0.9966
vn -0.1301 -0.9814 -0.1413
vn 0.1816 -0.9814 -0.0624
vn -0.1689 0.9814 0.0914
vn -0.1689 -0.9814 0.0914
vn 0.0471 0.9814 0.1861
vn 0.0471 -0.9814 0.1861
vn -0.0771 0.9814 -0.1758
vn 0.1920 0.9814 0.0000
vn -0.0771 -0.9814 -0.1759
vn 0.1920 -0.9814 0.0000
vn -0.1894 0.9814 0.0316
vn 0.0471 0.9814 -0.1861
vn -0.1894 -0.9814 0.0316
vn 0.0471 -0.9814 -0.1861
vn -0.0159 0.9814 0.1914
vn -0.0159 -0.9814 0.1914
vn -0.0159 0.9814 -0.1914
vn 0.1816 0.9814 0.0623
vn -0.0159 -0.9814 -0.1914
vn 0.1816 -0.9814 0.0623
vn -0.1894 0.9814 -0.0316
vn 0.1050 0.9814 -0.1607
vn -0.1894 -0.9814 -0.0316
vn 0.1050 -0.9814 -0.1607
vn -0.0771 0.9814 0.1758
vn -0.0771 -0.9814 0.1758
vn 0.1515 0.9814 0.1179
vn 0.1515 -0.9814 0.1179
vn -0.1892 0.6371 0.7472
vn 0.5313 0.8273 0.1824
vn 0.7290 0.6371 -0.2503
vn -0.4216 0.6371 -0.6453
vn -0.3096 0.6371 0.7059
vn 0.7603 0.6371 -0.1269
vn -0.3096 0.6371 -0.7059
vn -0.4216 0.6371 0.6453
vn 0.7708 0.6371 0.0000
vn -0.1892 0.6371 -0.7472
vn -0.5220 0.6371 0.5671
vn 0.7603 0.6371 0.1269
vn -0.0636 0.6371 -0.7682
vn -0.6083 0.6371 0.4734
vn 0.7290 0.6371 0.2503
vn -0.6779 0.6371 0.3669
vn 0.6779 0.6371 0.3669
vn -0.7290 0.6371 0.2503
vn 0.6083 0.6371 0.4734
vn 0.0636 0.6371 -0.7682
vn -0.7603 0.6371 0.1269
vn 0.5220 0.6371 0.5671
vn 0.1892 0.6371 -0.7472
vn -0.7708 0.6371 -0.0000
vn 0.4216 0.6371 0.6453
vn 0.3096 0.6371 -0.7059
vn -0.7603 0.6371 -0.1269
vn 0.3096 0.6371 0.7059
vn 0.4216 0.6371 -0.6453
vn -0.7290 0.6371 -0.2503
vn 0.1892 0.6371 0.7472
vn 0.5220 0.6371 -0.5671
vn -0.6779 0.6371 -0.3669
vn 0.0637 0.6371 0.7681
vn 0.6083 0.6371 -0.4734
vn -0.6083 0.6371 -0.4734
vn -0.0637 0.6371 0.7681
vn 0.6779 0.6371 -0.3669
vn -0.5220 0.6371 -0.5671
vn -0.4940 0.8274 0.2673
vn 0.4940 0.8274 0.2673
vn -0.5313 0.8274 0.1824
vn 0.4432 0.8274 0.3450
vn 0.0464 0.8274 -0.5598
vn -0.5540 0.8274 0.0924
vn 0.3804 0.8273 0.4132
vn 0.1379 0.8273 -0.5445
vn -0.5617 0.8274 0.0000
vn 0.3072 0.8274 0.4702
vn 0.2256 0.8273 -0.5144
vn -0.5540 0.8274 -0.0925
vn 0.2256 0.8274 0.5144
vn 0.3072 0.8274 -0.4702
vn -0.5313 0.8273 -0.1824
vn 0.1379 0.8274 0.5445
vn 0.3804 0.8273 -0.4132
vn -0.4940 0.8274 -0.2673
vn 0.0464 0.8274 0.5598
vn 0.4432 0.8274 -0.3450
vn -0.4432 0.8274 -0.3450
vn -0.0464 0.8274 0.5598
vn 0.4940 0.8274 -0.2673
vn -0.3804 0.8273 -0.4132
vn -0.1379 0.8274 0.5445
vn 0.5313 0.8273 -0.1824
vn -0.3072 0.8274 -0.4702
vn -0.2256 0.8274 0.5144
vn 0.5540 0.8274 -0.0924
vn -0.2256 0.8273 -0.5144
vn -0.3072 0.8274 0.4702
vn 0.5617 0.8274 0.0000
vn -0.1379 0.8273 -0.5445
vn -0.3804 0.8274 0.4132
vn 0.5540 0.8274 0.0924
vn -0.0464 0.8274 -0.5598
vn -0.4432 0.8274 0.3450
vn -0.0300 0.8415 -0.5395
vn -0.0000 -1.0000 0.0000
vn -0.0754 -0.4066 -0.9105
vn 0.8035 -0.4066 -0.4348
vn 0.4997 -0.4066 0.7648
vn -0.7210 -0.4066 0.5611
vn -0.6188 -0.4066 -0.6722
vn 0.3670 -0.4066 -0.8367
vn 0.8641 -0.4066 0.2967
vn -0.2243 -0.4066 0.8857
vn -0.9012 -0.4066 -0.1504
vn 0.8641 -0.4066 -0.2966
vn 0.3670 -0.4066 0.8367
vn -0.8035 -0.4066 0.4348
vn -0.4997 -0.4066 -0.7648
vn 0.4997 -0.4066 -0.7648
vn 0.8035 -0.4066 0.4348
vn -0.3670 -0.4066 0.8367
vn -0.8641 -0.4066 -0.2967
vn 0.9012 -0.4066 -0.1504
vn 0.2243 -0.4066 0.8857
vn -0.8641 -0.4066 0.2966
vn -0.3670 -0.4066 -0.8367
vn 0.6188 -0.4066 -0.6722
vn 0.7210 -0.4066 0.5611
vn -0.4997 -0.4066 0.7648
vn 0.0754 -0.4066 -0.9105
vn -0.8035 -0.4066 -0.4348
vn 0.9136 -0.4066 0.0000
vn 0.0754 -0.4066 0.9105
vn -0.9012 -0.4066 0.1504
vn -0.2243 -0.4066 -0.8857
vn 0.7210 -0.4066 -0.5612
vn 0.6188 -0.4066 0.6722
vn -0.6188 -0.4066 0.6722
vn -0.7210 -0.4066 -0.5612
vn 0.2243 -0.4066 -0.8857
vn 0.9011 -0.4066 0.1504
vn -0.0754 -0.4066 0.9105
vn -0.3018 0.8867 0.3504
vn 0.3018 0.8867 0.3503
vn 0.0300 0.8415 -0.5395
vn -0.3410 0.8989 0.2752
vn 0.2553 0.8739 0.4136
vn 0.0895 0.8451 -0.5270
vn -0.3709 0.9091 0.1899
vn 0.2034 0.8621 0.4642
vn 0.1477 0.8522 -0.5020
vn -0.3896 0.9158 0.0970
vn 0.1476 0.8522 0.5020
vn 0.2034 0.8620 -0.4643
vn -0.3960 0.9182 0.0000
vn 0.0895 0.8451 0.5270
vn 0.2553 0.8739 -0.4136
vn -0.3897 0.9158 -0.0970
vn 0.0300 0.8415 0.5395
vn 0.3018 0.8867 -0.3504
vn -0.3709 0.9091 -0.1899
vn 0.3410 0.8989 -0.2752
vn -0.3410 0.8989 -0.2752
vn 0.3709 0.9091 -0.1899
vn -0.3018 0.8867 -0.3503
vn -0.0300 0.8415 0.5395
vn 0.3896 0.9158 -0.0970
vn -0.2553 0.8739 -0.4136
vn -0.0895 0.8451 0.5270
vn 0.3961 0.9182 0.0000
vn -0.2034 0.8620 -0.4642
vn -0.1476 0.8522 0.5020
vn 0.3896 0.9159 0.0970
vn -0.1476 0.8522 -0.5020
vn -0.2034 0.8620 0.4643
vn 0.3709 0.9091 0.1899
vn -0.0895 0.8451 -0.5270
vn -0.2553 0.8739 0.4136
vn 0.3410 0.8989 0.2752
vn -0.0000 -1.0000 -0.0001
vn -0.0457 -0.5660 -0.8232
vn 0.0000 -1.0000 0.0001
vn -0.4985 -0.6455 0.5787
vn 0.4985 -0.6455 0.5787
vn 0.0457 -0.5660 -0.8232
vn -0.5772 -0.6707 0.4659
vn 0.4117 -0.6211 0.6669
vn 0.1374 -0.5717 -0.8089
vn -0.6416 -0.6932 0.3285
vn 0.3210 -0.5998 0.7329
vn 0.2292 -0.5831 -0.7794
vn -0.6843 -0.7090 0.1703
vn 0.2292 -0.5831 0.7794
vn 0.3211 -0.5998 -0.7329
vn -0.6994 -0.7147 0.0000
vn 0.1373 -0.5717 0.8089
vn 0.4117 -0.6211 -0.6669
vn -0.6843 -0.7090 -0.1703
vn 0.0457 -0.5659 0.8232
vn 0.4985 -0.6455 -0.5787
vn -0.6416 -0.6932 -0.3285
vn 0.5772 -0.6707 -0.4659
vn -0.5772 -0.6707 -0.4659
vn 0.6416 -0.6932 -0.3285
vn -0.4985 -0.6455 -0.5786
vn -0.0457 -0.5659 0.8232
vn 0.6843 -0.7090 -0.1703
vn -0.4117 -0.6211 -0.6669
vn -0.1373 -0.5717 0.8089
vn 0.6994 -0.7147 0.0000
vn -0.3210 -0.5998 -0.7329
vn -0.2292 -0.5831 0.7794
vn 0.6844 -0.7090 0.1703
vn -0.2292 -0.5831 -0.7794
vn -0.3211 -0.5998 0.7329
vn 0.6416 -0.6932 0.3285
vn -0.1373 -0.5717 -0.8089
vn -0.4116 -0.6211 0.6669
vn 0.5772 -0.6707 0.4659
vn 0.9704 0.0000 -0.2415
vn -0.0036 -1.0000 0.0082
vn -0.0059 -1.0000 -0.0047
vn -0.0058 1.0000 -0.0047
vn -0.0036 1.0000 0.0083
vn -0.0027 -1.0000 -0.0091
vn 0.0059 -1.0000 -0.0047
vn 0.0063 1.0000 -0.0032
vn 0.0063 1.0000 0.0032
vn 0.0066 -1.0000 0.0016
vn -0.0063 -1.0000 -0.0032
vn -0.0052 1.0000 -0.0061
vn -0.0016 1.0000 -0.0096
vn -0.0027 -1.0000 0.0090
vn 0.0053 -1.0000 -0.0061
vn -0.0005 1.0000 0.0099
vn -0.0045 1.0000 0.0073
vn -0.0036 -1.0000 -0.0082
vn 0.0005 -1.0000 0.0099
vn 0.0065 1.0000 -0.0016
vn 0.0058 1.0000 0.0048
vn 0.0067 -1.0000 0.0000
vn -0.0066 -1.0000 -0.0016
vn -0.0016 -1.0000 0.0097
vn 0.0045 -1.0000 -0.0073
vn -0.0052 1.0000 0.0060
vn -0.0045 -1.0000 -0.0073
vn 0.0016 -1.0000 0.0097
vn 0.0052 1.0000 0.0060
vn -0.0067 -1.0000 0.0000
vn 0.0005 1.0000 -0.0099
vn 0.0036 -1.0000 -0.0082
vn -0.0058 1.0000 0.0047
vn 0.0027 -1.0000 0.0091
vn 0.0045 1.0000 0.0073
vn -0.0066 -1.0000 0.0017
vn 0.0016 1.0000 -0.0096
vn 0.0027 -1.0000 -0.0091
vn -0.0555 0.0000 0.9985
vn -0.6527 0.0000 -0.7576
vn 0.8901 0.0000 -0.4557
vn -0.7782 0.0000 -0.6281
vn 0.7782 0.0000 -0.6281
vn -0.8901 0.0000 -0.4557
vn 0.6527 0.0000 -0.7576
vn 0.0555 0.0000 0.9985
vn -0.9704 0.0000 -0.2415
vn 0.5252 0.0000 -0.8510
vn 0.1674 0.0000 0.9859
vn 0.4012 0.0000 -0.9160
vn 0.2822 0.0000 0.9594
vn -0.9704 0.0000 0.2415
vn 0.2822 0.0000 -0.9594
vn 0.4012 0.0000 0.9160
vn -0.8901 0.0000 0.4557
vn 0.1674 0.0000 -0.9859
vn 0.5253 0.0000 0.8509
vn -0.7782 0.0000 0.6281
vn 0.0555 0.0000 -0.9985
vn 0.6527 0.0000 0.7576
vn -0.6527 0.0000 0.7576
vn 0.7782 0.0000 0.6281
vn -0.5253 0.0000 0.8509
vn -0.1674 0.0000 -0.9859
vn 0.8901 0.0000 0.4557
vn -0.4012 0.0000 0.9160
vn -0.2822 0.0000 -0.9594
vn 0.9704 0.0000 0.2415
vn -0.2822 0.0000 0.9594
vn -0.4012 0.0000 -0.9160
vn -0.1674 0.0000 0.9859
vn -0.5252 0.0000 -0.8510
vn -0.0027 1.0000 -0.0090
vn 0.0058 1.0000 -0.0047
vn 0.0063 -1.0000 -0.0032
vn 0.0063 -1.0000 0.0032
vn 0.0065 1.0000 0.0016
vn -0.0063 1.0000 -0.0032
vn -0.0053 -1.0000 -0.0061
vn -0.0016 -1.0000 -0.0097
vn -0.0027 1.0000 0.0090
vn 0.0052 1.0000 -0.0060
vn -0.0005 -1.0000 0.0099
vn -0.0045 -1.0000 0.0074
vn -0.0036 1.0000 -0.0083
vn 0.0005 1.0000 0.0099
vn 0.0066 -1.0000 -0.0017
vn 0.0059 -1.0000 0.0047
vn 0.0066 1.0000 0.0000
vn -0.0065 1.0000 -0.0016
vn -0.0016 1.0000 0.0096
vn 0.0045 1.0000 -0.0072
vn -0.0053 -1.0000 0.0061
vn -0.0045 1.0000 -0.0072
vn 0.0016 1.0000 0.0096
vn 0.0053 -1.0000 0.0061
vn -0.0066 1.0000 0.0000
vn 0.0005 -1.0000 -0.0099
vn 0.0036 1.0000 -0.0083
vn -0.0059 -1.0000 0.0047
vn 0.0027 1.0000 0.0091
vn 0.0045 -1.0000 0.0073
vn -0.0065 1.0000 0.0016
vn 0.0016 -1.0000 -0.0096
vn 0.0027 1.0000 -0.0091
vn -0.0063 -1.0000 0.0032
vn 0.0036 1.0000 0.0083
vn 0.0036 -1.0000 0.0083
vn -0.0063 1.0000 0.0032
vn 0.2507 0.7814 -0.5715
vn -0.0476 0.9753 0.2156
vn -0.6155 0.7814 -0.1027
vn 0.2507 0.7814 0.5714
vn 0.3413 0.7814 -0.5224
vn -0.5902 0.7814 -0.2026
vn 0.1532 0.7814 0.6049
vn 0.4226 0.7814 -0.4591
vn -0.5488 0.7814 -0.2970
vn 0.0515 0.7814 0.6219
vn 0.4924 0.7814 -0.3833
vn -0.4924 0.7814 -0.3833
vn -0.0515 0.7814 0.6219
vn 0.5488 0.7814 -0.2970
vn -0.4226 0.7814 -0.4591
vn -0.1532 0.7814 0.6049
vn 0.5902 0.7814 -0.2026
vn -0.3413 0.7814 -0.5224
vn -0.2507 0.7814 0.5715
vn 0.6155 0.7814 -0.1027
vn -0.2507 0.7814 -0.5715
vn -0.3413 0.7814 0.5224
vn 0.6240 0.7814 0.0000
vn -0.1532 0.7814 -0.6049
vn -0.4226 0.7814 0.4591
vn 0.6155 0.7814 0.1027
vn -0.0515 0.7814 -0.6219
vn -0.4924 0.7814 0.3833
vn 0.5902 0.7814 0.2026
vn -0.5488 0.7814 0.2970
vn 0.5488 0.7814 0.2970
vn -0.5902 0.7814 0.2026
vn 0.4924 0.7814 0.3833
vn 0.0515 0.7814 -0.6219
vn -0.6155 0.7814 0.1027
vn 0.4226 0.7814 0.4591
vn 0.1532 0.7814 -0.6049
vn -0.6240 0.7814 0.0000
vn 0.3413 0.7814 0.5224
vn 0.2909 0.9499 -0.1146
vn -0.1186 0.9708 -0.2084
vn -0.0815 0.9736 0.2133
vn 0.3209 0.9451 -0.0615
vn -0.0815 0.9736 -0.2133
vn -0.1186 0.9708 0.2084
vn 0.3319 0.9433 0.0000
vn -0.0476 0.9753 -0.2156
vn -0.1596 0.9669 0.1989
vn 0.3209 0.9451 0.0615
vn -0.0156 0.9762 -0.2165
vn -0.2040 0.9619 0.1822
vn 0.2909 0.9499 0.1146
vn -0.2495 0.9559 0.1549
vn 0.2495 0.9559 0.1549
vn -0.2909 0.9498 0.1146
vn 0.2040 0.9619 0.1822
vn 0.0156 0.9762 -0.2165
vn -0.3209 0.9451 0.0614
vn 0.1596 0.9669 0.1989
vn 0.0476 0.9753 -0.2156
vn -0.3319 0.9433 0.0000
vn 0.1186 0.9708 0.2084
vn 0.0815 0.9736 -0.2133
vn -0.3209 0.9451 -0.0614
vn 0.0815 0.9736 0.2133
vn 0.1186 0.9708 -0.2084
vn -0.2909 0.9498 -0.1146
vn 0.0476 0.9753 0.2156
vn 0.1596 0.9669 -0.1989
vn -0.2495 0.9559 -0.1549
vn 0.0156 0.9762 0.2165
vn 0.2040 0.9619 -0.1822
vn -0.2040 0.9619 -0.1822
vn -0.0156 0.9762 0.2165
vn 0.2494 0.9559 -0.1549
vn -0.1596 0.9669 -0.1989
vn -0.5253 0.0000 -0.8509
vn 0.8901 0.0000 0.4558
vn 0.7782 0.0000 0.6280
vn 0.6526 0.0000 0.7577
vn -0.8901 0.0000 0.4558
vn 0.5253 0.0000 -0.8509
vn -0.8901 0.0000 -0.4558
vn 0.8901 0.0000 -0.4558
vn 0.2821 0.0000 0.9594
vn 0.4013 0.0000 0.9160
vn 0.5252 0.0000 0.8510
vn -0.2821 0.0000 -0.9594
vn -0.4013 0.0000 -0.9160
vn 0.7781 0.0000 -0.6281
vn 0.6527 0.0000 0.7577
vn -0.1673 0.0000 0.9859
vn -0.4013 0.0000 0.9160
vn -0.5252 0.0000 0.8510
vn -0.6527 0.0000 0.7577
vn -0.7782 0.0000 0.6280
vn 0.4013 0.0000 0.9159
vn 0.1673 0.0000 0.9859
vn 0.6527 0.0000 -0.7577
vn -0.7782 0.0000 -0.6280
vn -0.6527 0.0000 -0.7577
vn 0.0000 -0.8871 -0.4616
vn 0.0000 -0.2871 0.9579
vn 0.0000 -0.2832 -0.9591
vn 0.0000 -0.3810 0.9246
vn 0.0000 -0.6827 -0.7307
vn 0.0000 -0.5012 0.8653
vn 0.0000 -0.1393 -0.9902
vn 0.0000 -0.6588 0.7524
vn 0.0000 -0.2051 -0.9787
vn 0.0000 -0.2103 0.9776
vn 0.0000 -0.3810 -0.9246
vn 0.0000 -0.1442 0.9895
vn 0.0000 -0.0845 0.9964
vn 0.0000 -0.9919 0.1272
vn 0.0000 -0.8495 0.5276
vn 0.0000 -0.0809 -0.9967
vn 0.0000 -0.5098 -0.8603
usemtl mr_fusion
s off
f 4211/6209/1564 4212/6210/1564 4214/6211/1564 4213/6212/1564
f 4227/6213/1565 4225/6214/1565 4302/6215/1565 4303/6216/1565
f 4215/6217/1566 4216/6218/1566 4218/6219/1566 4217/6220/1566
f 4244/6221/1567 4243/6222/1567 4319/6223/1567 4320/6224/1567
f 4219/6225/1568 4220/6226/1568 4222/6227/1568 4221/6228/1568
f 4279/6229/1569 4277/6230/1569 4354/6231/1569 4355/6232/1569
f 4223/6233/1567 4224/6234/1567 4226/6235/1567 4225/6236/1567
f 4225/6236/1570 4226/6235/1570 4301/6237/1570 4302/6238/1570
f 4227/6239/1571 4228/6240/1571 4230/6241/1571 4229/6242/1571
f 4242/6243/1572 4244/6244/1572 4320/6245/1572 4317/6246/1572
f 4231/6247/1573 4232/6248/1573 4234/6249/1573 4233/6250/1573
f 4277/6251/1568 4278/6252/1568 4353/6253/1568 4354/6254/1568
f 4235/6255/1574 4236/6256/1574 4238/6257/1574 4237/6258/1574
f 4243/6259/1575 4241/6260/1575 4318/6261/1575 4319/6262/1575
f 4239/6263/1576 4240/6264/1576 4242/6265/1576 4241/6266/1576
f 4260/6267/1576 4259/6268/1576 4335/6269/1576 4336/6270/1576
f 4243/6222/1570 4244/6221/1570 4246/6271/1570 4245/6272/1570
f 4241/6266/1577 4242/6265/1577 4317/6273/1577 4318/6274/1577
f 4247/6275/1578 4248/6276/1578 4250/6277/1578 4249/6278/1578
f 4258/6279/1579 4260/6280/1579 4336/6281/1579 4333/6282/1579
f 4251/6283/1580 4252/6284/1580 4254/6285/1580 4253/6286/1580
f 4224/6234/1581 4223/6233/1581 4299/6287/1581 4300/6288/1581
f 4255/6289/1582 4256/6290/1582 4258/6291/1582 4257/6292/1582
f 4259/6293/1583 4257/6294/1583 4334/6295/1583 4335/6296/1583
f 4259/6268/1577 4260/6267/1577 4262/6297/1577 4261/6298/1577
f 4276/6299/1582 4275/6300/1582 4351/6301/1582 4352/6302/1582
f 4263/6303/1584 4264/6304/1584 4266/6305/1584 4265/6306/1584
f 4222/6307/1585 4224/6308/1585 4300/6309/1585 4297/6310/1585
f 4267/6311/1586 4268/6312/1586 4270/6313/1586 4269/6314/1586
f 4257/6292/1587 4258/6291/1587 4333/6315/1587 4334/6316/1587
f 4271/6317/1588 4272/6318/1588 4274/6319/1588 4273/6320/1588
f 4274/6321/1589 4276/6322/1589 4352/6323/1589 4349/6324/1589
f 4275/6300/1587 4276/6299/1587 4278/6252/1587 4277/6251/1587
f 4223/6325/1590 4221/6326/1590 4298/6327/1590 4299/6328/1590
f 4279/6329/1581 4280/6330/1581 4282/6331/1581 4281/6332/1581
f 4240/6264/1568 4239/6263/1568 4315/6333/1568 4316/6334/1568
f 4216/6335/1591 4214/6336/1591 4363/6337/1591 4365/6338/1591
f 4283/6339/1592 4284/6340/1592 4286/6341/1592 4285/6342/1592
f 4275/6343/1593 4273/6344/1593 4350/6345/1593 4351/6346/1593
f 4267/6311/1594 4269/6314/1594 4582/6347/1594 4581/6348/1594
f 4290/6349/1595 4289/6350/1595 4292/6351/1595 4291/6352/1595
f 4294/6353/1596 4293/6354/1596 4296/6355/1596 4295/6356/1596
f 4298/6357/1597 4297/6358/1597 4300/6288/1597 4299/6287/1597
f 4302/6238/1598 4301/6237/1598 4304/6359/1598 4303/6360/1598
f 4306/6361/1599 4305/6362/1599 4308/6363/1599 4307/6364/1599
f 4310/6365/1600 4309/6366/1600 4312/6367/1600 4311/6368/1600
f 4314/6369/1601 4313/6370/1601 4316/6334/1601 4315/6333/1601
f 4318/6274/1602 4317/6273/1602 4320/6224/1602 4319/6223/1602
f 4322/6371/1603 4321/6372/1603 4324/6373/1603 4323/6374/1603
f 4326/6375/1604 4325/6376/1604 4328/6377/1604 4327/6378/1604
f 4330/6379/1605 4329/6380/1605 4332/6381/1605 4331/6382/1605
f 4334/6316/1606 4333/6315/1606 4336/6270/1606 4335/6269/1606
f 4338/6383/1607 4337/6384/1607 4340/6385/1607 4339/6386/1607
f 4342/6387/1608 4341/6388/1608 4344/6389/1608 4343/6390/1608
f 4346/6391/1609 4345/6392/1609 4348/6393/1609 4347/6394/1609
f 4350/6395/1610 4349/6396/1610 4352/6302/1610 4351/6301/1610
f 4354/6254/1611 4353/6253/1611 4356/6397/1611 4355/6398/1611
f 4358/6399/1612 4357/6400/1612 4360/6401/1612 4359/6402/1612
f 4362/6403/1613 4361/6404/1613 4288/6405/1613 4287/6406/1613
f 4278/6407/1614 4280/6408/1614 4356/6409/1614 4353/6410/1614
f 4261/6298/1581 4262/6297/1581 4337/6384/1581 4338/6383/1581
f 4226/6411/1615 4228/6412/1615 4304/6413/1615 4301/6414/1615
f 4280/6330/1577 4279/6329/1577 4355/6398/1577 4356/6397/1577
f 4263/6415/1616 4261/6416/1616 4338/6417/1616 4339/6418/1616
f 4228/6240/1592 4227/6239/1592 4303/6360/1592 4304/6359/1592
f 4262/6419/1617 4264/6420/1617 4340/6421/1617 4337/6422/1617
f 4245/6272/1584 4246/6271/1584 4321/6372/1584 4322/6371/1584
f 4264/6304/1570 4263/6303/1570 4339/6386/1570 4340/6385/1570
f 4247/6423/1618 4245/6424/1618 4322/6425/1618 4323/6426/1618
f 4281/6332/1567 4282/6331/1567 4357/6400/1567 4358/6399/1567
f 4246/6427/1619 4248/6428/1619 4324/6429/1619 4321/6430/1619
f 4229/6242/1578 4230/6241/1578 4305/6362/1578 4306/6361/1578
f 4283/6431/1620 4281/6432/1620 4358/6433/1620 4359/6434/1620
f 4248/6276/1571 4247/6275/1571 4323/6374/1571 4324/6373/1571
f 4231/6435/1621 4229/6436/1621 4306/6437/1621 4307/6438/1621
f 4212/6210/1586 4211/6209/1586 4287/6439/1586 4288/6440/1586
f 4282/6441/1622 4284/6442/1622 4360/6443/1622 4357/6444/1622
f 4265/6306/1592 4266/6305/1592 4341/6388/1592 4342/6387/1592
f 4230/6445/1623 4232/6446/1623 4308/6447/1623 4305/6448/1623
f 4213/6212/1573 4214/6211/1573 4289/6350/1573 4290/6349/1573
f 4284/6340/1584 4283/6339/1584 4359/6402/1584 4360/6401/1584
f 4267/6449/1624 4265/6450/1624 4342/6451/1624 4343/6452/1624
f 4232/6248/1564 4231/6247/1564 4307/6364/1564 4308/6363/1564
f 4215/6453/1625 4213/6454/1625 4290/6455/1625 4291/6456/1625
f 4266/6457/1626 4268/6458/1626 4344/6459/1626 4341/6460/1626
f 4249/6278/1586 4250/6277/1586 4325/6376/1586 4326/6375/1586
f 4214/6336/1627 4216/6335/1627 4292/6461/1627 4289/6462/1627
f 4268/6312/1578 4267/6311/1578 4343/6390/1578 4344/6389/1578
f 4251/6463/1628 4249/6464/1628 4326/6465/1628 4327/6466/1628
f 4216/6218/1588 4215/6217/1588 4291/6352/1588 4292/6351/1588
f 4285/6342/1571 4286/6341/1571 4361/6404/1571 4362/6403/1571
f 4250/6467/1629 4252/6468/1629 4328/6469/1629 4325/6470/1629
f 4233/6250/1580 4234/6249/1580 4309/6366/1580 4310/6365/1580
f 4211/6471/1630 4285/6472/1630 4362/6473/1630 4287/6474/1630
f 4252/6284/1573 4251/6283/1573 4327/6378/1573 4328/6377/1573
f 4235/6475/1631 4233/6476/1631 4310/6477/1631 4311/6478/1631
f 4286/6479/1632 4212/6480/1632 4288/6481/1632 4361/6482/1632
f 4269/6314/1564 4270/6313/1564 4345/6392/1564 4346/6391/1564
f 4234/6483/1633 4236/6484/1633 4312/6485/1633 4309/6486/1633
f 4217/6220/1574 4218/6219/1574 4293/6354/1574 4294/6353/1574
f 4271/6487/1634 4269/6488/1634 4346/6489/1634 4347/6490/1634
f 4236/6256/1566 4235/6255/1566 4311/6368/1566 4312/6367/1566
f 4219/6491/1635 4217/6492/1635 4294/6493/1635 4295/6494/1635
f 4270/6495/1636 4272/6496/1636 4348/6497/1636 4345/6498/1636
f 4253/6286/1588 4254/6285/1588 4329/6380/1588 4330/6379/1588
f 4218/6499/1637 4220/6500/1637 4296/6501/1637 4293/6502/1637
f 4272/6318/1580 4271/6317/1580 4347/6394/1580 4348/6393/1580
f 4255/6503/1638 4253/6504/1638 4330/6505/1638 4331/6506/1638
f 4220/6226/1587 4219/6225/1587 4295/6356/1587 4296/6355/1587
f 4254/6507/1639 4256/6508/1639 4332/6509/1639 4329/6510/1639
f 4237/6258/1582 4238/6257/1582 4313/6370/1582 4314/6369/1582
f 4256/6290/1574 4255/6289/1574 4331/6382/1574 4332/6381/1574
f 4239/6511/1640 4237/6512/1640 4314/6513/1640 4315/6514/1640
f 4273/6320/1566 4274/6319/1566 4349/6396/1566 4350/6395/1566
f 4238/6515/1641 4240/6516/1641 4316/6517/1641 4313/6518/1641
f 4221/6228/1576 4222/6227/1576 4297/6358/1576 4298/6357/1576
f 4384/6519/1642 4383/6520/1642 4421/6521/1642 4422/6522/1642
f 4234/6249/1591 4232/6248/1591 4373/6523/1591 4374/6524/1591
f 4252/6468/1591 4250/6467/1591 4382/6525/1591 4383/6526/1591
f 4270/6313/1591 4268/6312/1591 4391/6527/1591 4392/6528/1591
f 4212/6480/1591 4286/6479/1591 4400/6529/1591 4364/6530/1591
f 4226/6235/1591 4224/6234/1591 4369/6531/1591 4370/6532/1591
f 4244/6244/1591 4242/6243/1591 4378/6533/1591 4379/6534/1591
f 4262/6297/1591 4260/6267/1591 4387/6535/1591 4388/6536/1591
f 4280/6408/1591 4278/6407/1591 4396/6537/1591 4397/6538/1591
f 4218/6219/1591 4216/6218/1591 4365/6539/1591 4366/6540/1591
f 4236/6484/1591 4234/6483/1591 4374/6541/1591 4375/6542/1591
f 4254/6285/1591 4252/6284/1591 4383/6520/1591 4384/6519/1591
f 4272/6496/1591 4270/6495/1591 4392/6543/1591 4393/6544/1591
f 4228/6412/1591 4226/6411/1591 4370/6545/1591 4371/6546/1591
f 4246/6271/1591 4244/6221/1591 4379/6547/1591 4380/6548/1591
f 4264/6420/1591 4262/6419/1591 4388/6549/1591 4389/6550/1591
f 4282/6331/1591 4280/6330/1591 4397/6551/1591 4398/6552/1591
f 4220/6500/1591 4218/6499/1591 4366/6553/1591 4367/6554/1591
f 4238/6257/1591 4236/6256/1591 4375/6555/1591 4376/6556/1591
f 4256/6508/1591 4254/6507/1591 4384/6557/1591 4385/6558/1591
f 4274/6319/1591 4272/6318/1591 4393/6559/1591 4394/6560/1591
f 4230/6241/1591 4228/6240/1591 4371/6561/1591 4372/6562/1591
f 4248/6428/1591 4246/6427/1591 4380/6563/1591 4381/6564/1591
f 4266/6305/1591 4264/6304/1591 4389/6565/1591 4390/6566/1591
f 4284/6442/1591 4282/6441/1591 4398/6567/1591 4399/6568/1591
f 4222/6227/1591 4220/6226/1591 4367/6569/1591 4368/6570/1591
f 4240/6516/1591 4238/6515/1591 4376/6571/1591 4377/6572/1591
f 4214/6211/1591 4212/6210/1591 4364/6573/1591 4363/6574/1591
f 4258/6291/1591 4256/6290/1591 4385/6575/1591 4386/6576/1591
f 4276/6322/1591 4274/6321/1591 4394/6577/1591 4395/6578/1591
f 4232/6446/1591 4230/6445/1591 4372/6579/1591 4373/6580/1591
f 4250/6277/1591 4248/6276/1591 4381/6581/1591 4382/6582/1591
f 4268/6458/1591 4266/6457/1591 4390/6583/1591 4391/6584/1591
f 4286/6341/1591 4284/6340/1591 4399/6585/1591 4400/6586/1591
f 4224/6308/1591 4222/6307/1591 4368/6587/1591 4369/6588/1591
f 4242/6265/1591 4240/6264/1591 4377/6589/1591 4378/6590/1591
f 4260/6280/1591 4258/6279/1591 4386/6591/1591 4387/6592/1591
f 4278/6252/1591 4276/6299/1591 4395/6593/1591 4396/6594/1591
f 4413/6595/1643 4412/6596/1643 4450/6597/1643 4451/6598/1643
f 4371/6546/1644 4370/6545/1644 4408/6599/1644 4409/6600/1644
f 4398/6552/1645 4397/6551/1645 4435/6601/1645 4436/6602/1645
f 4385/6558/1646 4384/6557/1646 4422/6603/1646 4423/6604/1646
f 4372/6562/1647 4371/6561/1647 4409/6605/1647 4410/6606/1647
f 4399/6568/1648 4398/6567/1648 4436/6607/1648 4437/6608/1648
f 4386/6576/1649 4385/6575/1649 4423/6609/1649 4424/6610/1649
f 4373/6580/1650 4372/6579/1650 4410/6611/1650 4411/6612/1650
f 4400/6586/1651 4399/6585/1651 4437/6613/1651 4438/6614/1651
f 4387/6592/1652 4386/6591/1652 4424/6615/1652 4425/6616/1652
f 4374/6524/1653 4373/6523/1653 4411/6617/1653 4412/6618/1653
f 4364/6530/1654 4400/6529/1654 4438/6619/1654 4402/6620/1654
f 4388/6536/1655 4387/6535/1655 4425/6621/1655 4426/6622/1655
f 4375/6542/1656 4374/6541/1656 4412/6596/1656 4413/6595/1656
f 4389/6550/1657 4388/6549/1657 4426/6623/1657 4427/6624/1657
f 4376/6556/1658 4375/6555/1658 4413/6625/1658 4414/6626/1658
f 4390/6566/1659 4389/6565/1659 4427/6627/1659 4428/6628/1659
f 4377/6572/1660 4376/6571/1660 4414/6629/1660 4415/6630/1660
f 4363/6574/1661 4364/6573/1661 4402/6631/1661 4401/6632/1661
f 4391/6584/1662 4390/6583/1662 4428/6633/1662 4429/6634/1662
f 4378/6590/1663 4377/6589/1663 4415/6635/1663 4416/6636/1663
f 4365/6338/1664 4363/6337/1664 4401/6637/1664 4403/6638/1664
f 4392/6528/1665 4391/6527/1665 4429/6639/1665 4430/6640/1665
f 4379/6534/1666 4378/6533/1666 4416/6641/1666 4417/6642/1666
f 4366/6540/1667 4365/6539/1667 4403/6643/1667 4404/6644/1667
f 4393/6544/1668 4392/6543/1668 4430/6645/1668 4431/6646/1668
f 4380/6548/1669 4379/6547/1669 4417/6647/1669 4418/6648/1669
f 4367/6554/1670 4366/6553/1670 4404/6649/1670 4405/6650/1670
f 4394/6560/1671 4393/6559/1671 4431/6651/1671 4432/6652/1671
f 4381/6564/1672 4380/6563/1672 4418/6653/1672 4419/6654/1672
f 4368/6570/1673 4367/6569/1673 4405/6655/1673 4406/6656/1673
f 4395/6578/1674 4394/6577/1674 4432/6657/1674 4433/6658/1674
f 4382/6582/1675 4381/6581/1675 4419/6659/1675 4420/6660/1675
f 4369/6588/1676 4368/6587/1676 4406/6661/1676 4407/6662/1676
f 4396/6594/1677 4395/6593/1677 4433/6663/1677 4434/6664/1677
f 4383/6526/1678 4382/6525/1678 4420/6665/1678 4421/6666/1678
f 4370/6532/1679 4369/6531/1679 4407/6667/1679 4408/6668/1679
f 4397/6538/1680 4396/6537/1680 4434/6669/1680 4435/6670/1680
f 4427/6624/1681 4426/6623/1681 4464/6671/1681 4465/6672/1681
f 4414/6626/1682 4413/6625/1682 4451/6673/1682 4452/6674/1682
f 4428/6628/1683 4427/6627/1683 4465/6675/1683 4466/6676/1683
f 4415/6630/1684 4414/6629/1684 4452/6677/1684 4453/6678/1684
f 4401/6632/1685 4402/6631/1685 4440/6679/1685 4439/6680/1685
f 4429/6634/1686 4428/6633/1686 4466/6681/1686 4467/6682/1686
f 4416/6636/1687 4415/6635/1687 4453/6683/1687 4454/6684/1687
f 4403/6638/1688 4401/6637/1688 4439/6685/1688 4441/6686/1688
f 4430/6640/1689 4429/6639/1689 4467/6687/1689 4468/6688/1689
f 4417/6642/1690 4416/6641/1690 4454/6689/1690 4455/6690/1690
f 4404/6644/1691 4403/6643/1691 4441/6691/1691 4442/6692/1691
f 4431/6646/1692 4430/6645/1692 4468/6693/1692 4469/6694/1692
f 4418/6648/1693 4417/6647/1693 4455/6695/1693 4456/6696/1693
f 4405/6650/1694 4404/6649/1694 4442/6697/1694 4443/6698/1694
f 4432/6652/1695 4431/6651/1695 4469/6699/1695 4470/6700/1695
f 4419/6654/1696 4418/6653/1696 4456/6701/1696 4457/6702/1696
f 4406/6656/1697 4405/6655/1697 4443/6703/1697 4444/6704/1697
f 4433/6658/1698 4432/6657/1698 4470/6705/1698 4471/6706/1698
f 4420/6660/1699 4419/6659/1699 4457/6707/1699 4458/6708/1699
f 4407/6662/1700 4406/6661/1700 4444/6709/1700 4445/6710/1700
f 4434/6664/1701 4433/6663/1701 4471/6711/1701 4472/6712/1701
f 4421/6666/1702 4420/6665/1702 4458/6713/1702 4459/6714/1702
f 4408/6668/1703 4407/6667/1703 4445/6715/1703 4446/6716/1703
f 4435/6670/1704 4434/6669/1704 4472/6717/1704 4473/6718/1704
f 4422/6522/1705 4421/6521/1705 4459/6719/1705 4460/6720/1705
f 4409/6600/1706 4408/6599/1706 4446/6721/1706 4447/6722/1706
f 4436/6602/1707 4435/6601/1707 4473/6723/1707 4474/6724/1707
f 4423/6604/1708 4422/6603/1708 4460/6725/1708 4461/6726/1708
f 4410/6606/1709 4409/6605/1709 4447/6727/1709 4448/6728/1709
f 4437/6608/1710 4436/6607/1710 4474/6729/1710 4475/6730/1710
f 4424/6610/1711 4423/6609/1711 4461/6731/1711 4462/6732/1711
f 4411/6612/1712 4410/6611/1712 4448/6733/1712 4449/6734/1712
f 4438/6614/1713 4437/6613/1713 4475/6735/1713 4476/6736/1713
f 4425/6616/1714 4424/6615/1714 4462/6737/1714 4463/6738/1714
f 4412/6618/1715 4411/6617/1715 4449/6739/1715 4450/6740/1715
f 4402/6620/1716 4438/6619/1716 4476/6741/1716 4440/6742/1716
f 4426/6622/1717 4425/6621/1717 4463/6743/1717 4464/6744/1717
f 4534/6745/1718 4533/6746/1718 4647/6747/1718 4648/6748/1718
f 4555/6749/1719 4556/6750/1719 4594/6751/1719 4593/6752/1719
f 4285/6472/1720 4211/6471/1720 4553/6753/1720 4590/6754/1720
f 4223/6233/1721 4225/6236/1721 4560/6755/1721 4559/6756/1721
f 4241/6260/1722 4243/6259/1722 4569/6757/1722 4568/6758/1722
f 4259/6268/1723 4261/6298/1723 4578/6759/1723 4577/6760/1723
f 4277/6230/1724 4279/6229/1724 4587/6761/1724 4586/6762/1724
f 4215/6217/1725 4217/6220/1725 4556/6750/1725 4555/6749/1725
f 4233/6476/1726 4235/6475/1726 4565/6763/1726 4564/6764/1726
f 4251/6283/1727 4253/6286/1727 4574/6765/1727 4573/6766/1727
f 4269/6488/1728 4271/6487/1728 4583/6767/1728 4582/6768/1728
f 4225/6214/1729 4227/6213/1729 4561/6769/1729 4560/6770/1729
f 4243/6222/1730 4245/6272/1730 4570/6771/1730 4569/6772/1730
f 4261/6416/1731 4263/6415/1731 4579/6773/1731 4578/6774/1731
f 4279/6329/1732 4281/6332/1732 4588/6775/1732 4587/6776/1732
f 4217/6492/1733 4219/6491/1733 4557/6777/1733 4556/6778/1733
f 4235/6255/1734 4237/6258/1734 4566/6779/1734 4565/6780/1734
f 4253/6504/1735 4255/6503/1735 4575/6781/1735 4574/6782/1735
f 4271/6317/1736 4273/6320/1736 4584/6783/1736 4583/6784/1736
f 4227/6239/1737 4229/6242/1737 4562/6785/1737 4561/6786/1737
f 4245/6424/1738 4247/6423/1738 4571/6787/1738 4570/6788/1738
f 4263/6303/1739 4265/6306/1739 4580/6789/1739 4579/6790/1739
f 4281/6432/1740 4283/6431/1740 4589/6791/1740 4588/6792/1740
f 4219/6225/1741 4221/6228/1741 4558/6793/1741 4557/6794/1741
f 4237/6512/1742 4239/6511/1742 4567/6795/1742 4566/6796/1742
f 4255/6289/1743 4257/6292/1743 4576/6797/1743 4575/6798/1743
f 4211/6209/1744 4213/6212/1744 4554/6799/1744 4553/6800/1744
f 4273/6344/1745 4275/6343/1745 4585/6801/1745 4584/6802/1745
f 4229/6436/1746 4231/6435/1746 4563/6803/1746 4562/6804/1746
f 4247/6275/1747 4249/6278/1747 4572/6805/1747 4571/6806/1747
f 4265/6450/1748 4267/6449/1748 4581/6807/1748 4580/6808/1748
f 4283/6339/1749 4285/6342/1749 4590/6809/1749 4589/6810/1749
f 4221/6326/1750 4223/6325/1750 4559/6811/1750 4558/6812/1750
f 4239/6263/1751 4241/6266/1751 4568/6813/1751 4567/6814/1751
f 4257/6294/1752 4259/6293/1752 4577/6815/1752 4576/6816/1752
f 4275/6300/1753 4277/6251/1753 4586/6817/1753 4585/6818/1753
f 4213/6454/1754 4215/6453/1754 4555/6819/1754 4554/6820/1754
f 4231/6247/1755 4233/6250/1755 4564/6821/1755 4563/6822/1755
f 4249/6464/1756 4251/6463/1756 4573/6823/1756 4572/6824/1756
f 4591/6825/1719 4592/6826/1719 4593/6827/1719 4594/6828/1719 4595/6829/1719 4596/6830/1719 4597/6831/1719 4598/6832/1719 4599/6833/1719 4600/6834/1719 4601/6835/1719 4602/6836/1719 4603/6837/1719 4604/6838/1719 4605/6839/1719 4606/6840/1719 4607/6841/1719 4608/6842/1719 4609/6843/1719 4610/6844/1719 4611/6845/1719 4612/6846/1719 4613/6847/1719 4614/6848/1719 4615/6849/1719 4616/6850/1719 4617/6851/1719 4618/6852/1719 4619/6853/1719 4620/6854/1719 4621/6855/1719 4622/6856/1719 4623/6857/1719 4624/6858/1719 4625/6859/1719 4626/6860/1719 4627/6861/1719 4628/6862/1719
f 4582/6768/1719 4583/6767/1719 4621/6855/1719 4620/6854/1719
f 4569/6772/1719 4570/6771/1719 4608/6863/1719 4607/6864/1719
f 4556/6778/1719 4557/6777/1719 4595/6829/1719 4594/6828/1719
f 4583/6784/1719 4584/6783/1719 4622/6865/1719 4621/6866/1719
f 4570/6788/1719 4571/6787/1719 4609/6843/1719 4608/6842/1719
f 4557/6794/1719 4558/6793/1719 4596/6867/1719 4595/6868/1719
f 4584/6802/1719 4585/6801/1719 4623/6857/1719 4622/6856/1719
f 4571/6806/1719 4572/6805/1719 4610/6869/1719 4609/6870/1719
f 4558/6812/1719 4559/6811/1719 4597/6831/1719 4596/6830/1719
f 4585/6818/1719 4586/6817/1719 4624/6871/1719 4623/6872/1719
f 4572/6824/1719 4573/6823/1719 4611/6845/1719 4610/6844/1719
f 4559/6756/1719 4560/6755/1719 4598/6873/1719 4597/6874/1719
f 4586/6762/1719 4587/6761/1719 4625/6859/1719 4624/6858/1719
f 4573/6766/1719 4574/6765/1719 4612/6875/1719 4611/6876/1719
f 4560/6770/1719 4561/6769/1719 4599/6833/1719 4598/6832/1719
f 4587/6776/1719 4588/6775/1719 4626/6877/1719 4625/6878/1719
f 4574/6782/1719 4575/6781/1719 4613/6847/1719 4612/6846/1719
f 4561/6786/1719 4562/6785/1719 4600/6879/1719 4599/6880/1719
f 4588/6792/1719 4589/6791/1719 4627/6861/1719 4626/6860/1719
f 4575/6798/1719 4576/6797/1719 4614/6881/1719 4613/6882/1719
f 4562/6804/1719 4563/6803/1719 4601/6835/1719 4600/6834/1719
f 4589/6810/1719 4590/6809/1719 4628/6883/1719 4627/6884/1719
f 4576/6816/1719 4577/6815/1719 4615/6849/1719 4614/6848/1719
f 4563/6822/1719 4564/6821/1719 4602/6885/1719 4601/6886/1719
f 4590/6754/1719 4553/6753/1719 4591/6825/1719 4628/6862/1719
f 4577/6760/1719 4578/6759/1719 4616/6887/1719 4615/6888/1719
f 4564/6764/1719 4565/6763/1719 4603/6837/1719 4602/6836/1719
f 4578/6774/1719 4579/6773/1719 4617/6851/1719 4616/6850/1719
f 4565/6780/1719 4566/6779/1719 4604/6889/1719 4603/6890/1719
f 4579/6790/1719 4580/6789/1719 4618/6891/1719 4617/6892/1719
f 4566/6796/1719 4567/6795/1719 4605/6839/1719 4604/6838/1719
f 4553/6800/1719 4554/6799/1719 4592/6893/1719 4591/6894/1719
f 4580/6808/1719 4581/6807/1719 4619/6853/1719 4618/6852/1719
f 4567/6814/1719 4568/6813/1719 4606/6895/1719 4605/6896/1719
f 4554/6820/1719 4555/6819/1719 4593/6827/1719 4592/6826/1719
f 4581/6348/1719 4582/6347/1719 4620/6897/1719 4619/6898/1719
f 4568/6758/1719 4569/6757/1719 4607/6841/1719 4606/6840/1719
f 4629/6899/1591 4630/6900/1591 4666/6901/1591 4665/6902/1591 4664/6903/1591 4663/6904/1591 4662/6905/1591 4661/6906/1591 4660/6907/1591 4659/6908/1591 4658/6909/1591 4657/6910/1591 4656/6911/1591 4655/6912/1591 4654/6913/1591 4653/6914/1591 4652/6915/1591 4651/6916/1591 4650/6917/1591 4649/6918/1591 4648/6919/1591 4647/6920/1591 4646/6921/1591 4645/6922/1591 4644/6923/1591 4643/6924/1591 4642/6925/1591 4641/6926/1591 4640/6927/1591 4639/6928/1591 4638/6929/1591 4637/6930/1591 4636/6931/1591 4635/6932/1591 4634/6933/1591 4633/6934/1591 4632/6935/1591 4631/6936/1591
f 4521/6937/1757 4520/6938/1757 4634/6933/1757 4635/6932/1757
f 4548/6939/1758 4547/6940/1758 4661/6941/1758 4662/6942/1758
f 4535/6943/1759 4534/6944/1759 4648/6919/1759 4649/6918/1759
f 4522/6945/1760 4521/6946/1760 4635/6947/1760 4636/6948/1760
f 4549/6949/1761 4548/6950/1761 4662/6905/1761 4663/6904/1761
f 4536/6951/1762 4535/6952/1762 4649/6953/1762 4650/6954/1762
f 4523/6955/1763 4522/6956/1763 4636/6931/1763 4637/6930/1763
f 4550/6957/1764 4549/6958/1764 4663/6959/1764 4664/6960/1764
f 4537/6961/1765 4536/6962/1765 4650/6917/1765 4651/6916/1765
f 4524/6963/1766 4523/6964/1766 4637/6965/1766 4638/6966/1766
f 4551/6967/1767 4550/6968/1767 4664/6903/1767 4665/6902/1767
f 4538/6969/1768 4537/6970/1768 4651/6971/1768 4652/6972/1768
f 4525/6973/1769 4524/6974/1769 4638/6929/1769 4639/6928/1769
f 4552/6975/1770 4551/6976/1770 4665/6977/1770 4666/6978/1770
f 4539/6979/1771 4538/6980/1771 4652/6915/1771 4653/6914/1771
f 4526/6981/1772 4525/6982/1772 4639/6983/1772 4640/6984/1772
f 4516/6985/1773 4552/6986/1773 4666/6901/1773 4630/6900/1773
f 4540/6987/1774 4539/6988/1774 4653/6989/1774 4654/6990/1774
f 4527/6991/1775 4526/6992/1775 4640/6927/1775 4641/6926/1775
f 4541/6993/1776 4540/6994/1776 4654/6913/1776 4655/6912/1776
f 4528/6995/1777 4527/6996/1777 4641/6997/1777 4642/6998/1777
f 4542/6999/1778 4541/7000/1778 4655/7001/1778 4656/7002/1778
f 4529/7003/1779 4528/7004/1779 4642/6925/1779 4643/6924/1779
f 4515/7005/1780 4516/7006/1780 4630/7007/1780 4629/7008/1780
f 4543/7009/1781 4542/7010/1781 4656/6911/1781 4657/6910/1781
f 4530/7011/1782 4529/7012/1782 4643/7013/1782 4644/7014/1782
f 4517/7015/1783 4515/7016/1783 4629/6899/1783 4631/6936/1783
f 4544/7017/1784 4543/7018/1784 4657/7019/1784 4658/7020/1784
f 4531/7021/1785 4530/7022/1785 4644/6923/1785 4645/6922/1785
f 4518/7023/1786 4517/7024/1786 4631/7025/1786 4632/7026/1786
f 4545/7027/1787 4544/7028/1787 4658/6909/1787 4659/6908/1787
f 4532/7029/1788 4531/7030/1788 4645/7031/1788 4646/7032/1788
f 4519/7033/1789 4518/7034/1789 4632/6935/1789 4633/6934/1789
f 4546/7035/1790 4545/7036/1790 4659/7037/1790 4660/7038/1790
f 4533/7039/1791 4532/7040/1791 4646/6921/1791 4647/6920/1791
f 4520/7041/1792 4519/7042/1792 4633/7043/1792 4634/7044/1792
f 4547/7045/1793 4546/7046/1793 4660/6907/1793 4661/6906/1793
f 4685/7047/1794 4686/7048/1794 4724/7049/1794 4723/7050/1794
f 4723/7050/1795 4724/7049/1795 4762/7051/1795 4761/7052/1795
f 4672/7053/1719 4673/7054/1719 4711/7055/1719 4710/7056/1719
f 4699/7057/1719 4700/7058/1719 4738/7059/1719 4737/7060/1719
f 4686/7061/1794 4687/7062/1794 4725/7063/1794 4724/7064/1794
f 4673/7065/1719 4674/7066/1719 4712/7067/1719 4711/7068/1719
f 4700/7069/1796 4701/7070/1796 4739/7071/1796 4738/7072/1796
f 4687/7073/1719 4688/7074/1719 4726/7075/1719 4725/7076/1719
f 4674/7077/1719 4675/7078/1719 4713/7079/1719 4712/7080/1719
f 4701/7081/1796 4702/7082/1796 4740/7083/1796 4739/7084/1796
f 4688/7085/1794 4689/7086/1794 4727/7087/1794 4726/7088/1794
f 4675/7089/1719 4676/7090/1719 4714/7091/1719 4713/7092/1719
f 4702/7093/1796 4703/7094/1796 4741/7095/1796 4740/7096/1796
f 4689/7097/1794 4690/7098/1794 4728/7099/1794 4727/7100/1794
f 4676/7101/1719 4677/7102/1719 4715/7103/1719 4714/7104/1719
f 4703/7105/1719 4704/7106/1719 4742/7107/1719 4741/7108/1719
f 4690/7109/1794 4691/7110/1794 4729/7111/1794 4728/7112/1794
f 4677/7113/1719 4678/7114/1719 4716/7115/1719 4715/7116/1719
f 4704/7117/1796 4668/7118/1796 4706/7119/1796 4742/7120/1796
f 4691/7121/1719 4692/7122/1719 4730/7123/1719 4729/7124/1719
f 4678/7125/1719 4679/7126/1719 4717/7127/1719 4716/7128/1719
f 4692/7129/1719 4693/7130/1719 4731/7131/1719 4730/7132/1719
f 4679/7133/1719 4680/7134/1719 4718/7135/1719 4717/7136/1719
f 4693/7137/1719 4694/7138/1719 4732/7139/1719 4731/7140/1719
f 4680/7141/1719 4681/7142/1719 4719/7143/1719 4718/7144/1719
f 4668/7145/1719 4667/7146/1719 4705/7147/1719 4706/7148/1719
f 4694/7149/1719 4695/7150/1719 4733/7151/1719 4732/7152/1719
f 4681/7153/1794 4682/7154/1794 4720/7155/1794 4719/7156/1794
f 4667/7157/1719 4669/7158/1719 4707/7159/1719 4705/7160/1719
f 4695/7161/1719 4696/7162/1719 4734/7163/1719 4733/7164/1719
f 4682/7165/1794 4683/7166/1794 4721/7167/1794 4720/7168/1794
f 4669/7169/1796 4670/7170/1796 4708/7171/1796 4707/7172/1796
f 4696/7173/1719 4697/7174/1719 4735/7175/1719 4734/7176/1719
f 4683/7177/1794 4684/7178/1794 4722/7179/1794 4721/7180/1794
f 4670/7181/1796 4671/7182/1796 4709/7183/1796 4708/7184/1796
f 4697/7185/1719 4698/7186/1719 4736/7187/1719 4735/7188/1719
f 4684/7189/1719 4685/7190/1719 4723/7191/1719 4722/7192/1719
f 4671/7193/1796 4672/7194/1796 4710/7195/1796 4709/7196/1796
f 4698/7197/1719 4699/7198/1719 4737/7199/1719 4736/7200/1719
f 4743/7201/1719 4745/7202/1719 4746/7203/1719 4747/7204/1719 4748/7205/1719 4749/7206/1719 4750/7207/1719 4751/7208/1719 4752/7209/1719 4753/7210/1719 4754/7211/1719 4755/7212/1719 4756/7213/1719 4757/7214/1719 4758/7215/1719 4759/7216/1719 4760/7217/1719 4761/7218/1719 4762/7051/1719 4763/7219/1719 4764/7220/1719 4765/7221/1719 4766/7222/1719 4767/7223/1719 4768/7224/1719 4769/7225/1719 4770/7226/1719 4771/7227/1719 4772/7228/1719 4773/7229/1719 4774/7230/1719 4775/7231/1719 4776/7232/1719 4777/7233/1719 4778/7234/1719 4779/7235/1719 4780/7236/1719 4744/7237/1719
f 4710/7056/1797 4711/7055/1797 4749/7206/1797 4748/7238/1797
f 4737/7060/1798 4738/7059/1798 4776/7232/1798 4775/7239/1798
f 4724/7064/1799 4725/7063/1799 4763/7219/1799 4762/7240/1799
f 4711/7068/1800 4712/7067/1800 4750/7207/1800 4749/7241/1800
f 4738/7072/1801 4739/7071/1801 4777/7233/1801 4776/7242/1801
f 4725/7076/1802 4726/7075/1802 4764/7220/1802 4763/7243/1802
f 4712/7080/1803 4713/7079/1803 4751/7208/1803 4750/7244/1803
f 4739/7084/1804 4740/7083/1804 4778/7234/1804 4777/7245/1804
f 4726/7088/1805 4727/7087/1805 4765/7221/1805 4764/7246/1805
f 4713/7092/1806 4714/7091/1806 4752/7209/1806 4751/7247/1806
f 4740/7096/1807 4741/7095/1807 4779/7235/1807 4778/7248/1807
f 4727/7100/1808 4728/7099/1808 4766/7222/1808 4765/7249/1808
f 4714/7104/1809 4715/7103/1809 4753/7210/1809 4752/7250/1809
f 4741/7108/1810 4742/7107/1810 4780/7236/1810 4779/7251/1810
f 4728/7112/1811 4729/7111/1811 4767/7223/1811 4766/7252/1811
f 4715/7116/1812 4716/7115/1812 4754/7211/1812 4753/7253/1812
f 4742/7120/1813 4706/7119/1813 4744/7237/1813 4780/7254/1813
f 4729/7124/1814 4730/7123/1814 4768/7224/1814 4767/7255/1814
f 4716/7128/1815 4717/7127/1815 4755/7212/1815 4754/7256/1815
f 4730/7132/1816 4731/7131/1816 4769/7225/1816 4768/7257/1816
f 4717/7136/1817 4718/7135/1817 4756/7213/1817 4755/7258/1817
f 4731/7140/1818 4732/7139/1818 4770/7226/1818 4769/7259/1818
f 4718/7144/1819 4719/7143/1819 4757/7214/1819 4756/7260/1819
f 4706/7148/1820 4705/7147/1820 4743/7261/1820 4744/7262/1820
f 4732/7152/1821 4733/7151/1821 4771/7227/1821 4770/7263/1821
f 4719/7156/1822 4720/7155/1822 4758/7215/1822 4757/7264/1822
f 4705/7160/1823 4707/7159/1823 4745/7202/1823 4743/7201/1823
f 4733/7164/1824 4734/7163/1824 4772/7228/1824 4771/7265/1824
f 4720/7168/1825 4721/7167/1825 4759/7216/1825 4758/7266/1825
f 4707/7172/1826 4708/7171/1826 4746/7203/1826 4745/7267/1826
f 4734/7176/1827 4735/7175/1827 4773/7229/1827 4772/7268/1827
f 4721/7180/1828 4722/7179/1828 4760/7217/1828 4759/7269/1828
f 4708/7184/1829 4709/7183/1829 4747/7204/1829 4746/7270/1829
f 4735/7188/1830 4736/7187/1830 4774/7230/1830 4773/7271/1830
f 4722/7192/1831 4723/7191/1831 4761/7218/1831 4760/7272/1831
f 4709/7196/1832 4710/7195/1832 4748/7205/1832 4747/7273/1832
f 4736/7200/1833 4737/7199/1833 4775/7231/1833 4774/7274/1833
f 4861/7275/1834 4855/7276/1834 4852/7277/1834
f 4855/7278/1599 4868/7279/1599 4821/7280/1599
f 4952/7281/1835 4955/7282/1835 4996/7283/1835 4990/7284/1835
f 4978/7285/1836 4980/7286/1836 5046/7287/1836 5042/7288/1836
f 4938/7289/1837 4936/7290/1837 5043/7291/1837 5047/7292/1837
f 4913/7293/1838 4910/7294/1838 4991/7295/1838 4997/7296/1838
f 4951/7297/1839 4954/7298/1839 4994/7299/1839 4988/7300/1839
f 4977/7301/1840 4979/7302/1840 5044/7303/1840 5040/7304/1840
f 4939/7305/1841 4937/7306/1841 5045/7307/1841 5049/7308/1841
f 4914/7309/1842 4911/7310/1842 4993/7311/1842 4999/7312/1842
f 4950/7313/1843 4953/7314/1843 4992/7315/1843 4986/7316/1843
f 4975/7317/1844 4978/7318/1844 5042/7319/1844 5036/7320/1844
f 4940/7321/1845 4938/7322/1845 5047/7323/1845 5052/7324/1845
f 4915/7325/1846 4912/7326/1846 4995/7327/1846 5001/7328/1846
f 4949/7329/1847 4952/7330/1847 4990/7331/1847 4984/7332/1847
f 4974/7333/1848 4977/7334/1848 5040/7335/1848 5034/7336/1848
f 4941/7337/1849 4934/7338/1849 5039/7339/1849 5051/7340/1849
f 4916/7341/1850 4913/7342/1850 4997/7343/1850 5003/7344/1850
f 4948/7345/1851 4951/7346/1851 4988/7347/1851 4982/7348/1851
f 4973/7349/1852 4976/7350/1852 5038/7351/1852 5032/7352/1852
f 4942/7353/1853 4939/7354/1853 5049/7355/1853 5050/7356/1853
f 4917/7357/1854 4914/7358/1854 4999/7359/1854 5005/7360/1854
f 4946/7361/1855 4950/7362/1855 4986/7363/1855 5056/7364/1855
f 4972/7365/1856 4975/7366/1856 5036/7367/1856 5030/7368/1856
f 4915/7369/1852 4943/7370/1852 5053/7371/1852 5001/7372/1852
f 4945/7373/1857 4949/7374/1857 4984/7375/1857 5055/7376/1857
f 4971/7377/1858 4974/7378/1858 5034/7379/1858 5028/7380/1858
f 4918/7381/1859 4916/7382/1859 5003/7383/1859 5007/7384/1859
f 4944/7385/1860 4948/7386/1860 4982/7387/1860 5054/7388/1860
f 4970/7389/1861 4973/7390/1861 5032/7391/1861 5026/7392/1861
f 4919/7393/1862 4917/7394/1862 5005/7395/1862 5009/7396/1862
f 4969/7397/1863 4972/7398/1863 5030/7399/1863 5024/7400/1863
f 4920/7401/1864 4943/7402/1864 5053/7403/1864 5011/7404/1864
f 4968/7405/1865 4971/7406/1865 5028/7407/1865 5022/7408/1865
f 4921/7409/1866 4918/7410/1866 5007/7411/1866 5013/7412/1866
f 4967/7413/1867 4970/7414/1867 5026/7415/1867 5020/7416/1867
f 4922/7417/1868 4919/7418/1868 5009/7419/1868 5015/7420/1868
f 4966/7421/1869 4969/7422/1869 5024/7423/1869 5018/7424/1869
f 4923/7425/1870 4920/7426/1870 5011/7427/1870 5017/7428/1870
f 4965/7429/1871 4968/7430/1871 5022/7431/1871 5016/7432/1871
f 5048/7433/1834 5056/7434/1834 5050/7356/1834 5049/7355/1834
f 5038/7435/1872 5055/7436/1872 5051/7340/1872 5039/7339/1872
f 5046/7437/1873 5054/7438/1873 5052/7324/1873 5047/7323/1873
f 5044/7439/1874 5048/7440/1874 5049/7308/1874 5045/7307/1874
f 5042/7288/1875 5046/7287/1875 5047/7292/1875 5043/7291/1875
f 5040/7304/1876 5044/7303/1876 5045/7441/1876 5041/7442/1876
f 5036/7320/1877 5042/7319/1877 5043/7443/1877 5037/7444/1877
f 5034/7336/1878 5040/7335/1878 5041/7445/1878 5035/7446/1878
f 5032/7352/1879 5038/7351/1879 5039/7447/1879 5033/7448/1879
f 5030/7368/1880 5036/7367/1880 5037/7449/1880 5031/7450/1880
f 5028/7380/1881 5034/7379/1881 5035/7451/1881 5029/7452/1881
f 5026/7392/1882 5032/7391/1882 5033/7453/1882 5027/7454/1882
f 5024/7400/1586 5030/7399/1586 5031/7455/1586 5025/7456/1586
f 5022/7408/1883 5028/7407/1883 5029/7457/1883 5023/7458/1883
f 5020/7416/1884 5026/7415/1884 5027/7459/1884 5021/7460/1884
f 5018/7424/1885 5024/7423/1885 5025/7461/1885 5019/7462/1885
f 5016/7432/1886 5022/7431/1886 5023/7463/1886 5017/7464/1886
f 5014/7465/1887 5020/7466/1887 5021/7467/1887 5015/7468/1887
f 5012/7469/1888 5018/7470/1888 5019/7471/1888 5013/7472/1888
f 5010/7473/1889 5016/7474/1889 5017/7428/1889 5011/7427/1889
f 5008/7475/1890 5014/7476/1890 5015/7420/1890 5009/7419/1890
f 5006/7477/1891 5012/7478/1891 5013/7412/1891 5007/7411/1891
f 5057/7479/1892 5010/7480/1892 5011/7404/1892 5053/7403/1892
f 5004/7481/1893 5008/7482/1893 5009/7396/1893 5005/7395/1893
f 5002/7483/1894 5006/7484/1894 5007/7384/1894 5003/7383/1894
f 5057/7485/1879 5000/7486/1879 5001/7372/1879 5053/7371/1879
f 4998/7487/1895 5004/7488/1895 5005/7360/1895 4999/7359/1895
f 4996/7489/1896 5002/7490/1896 5003/7344/1896 4997/7343/1896
f 4994/7491/1897 5000/7492/1897 5001/7328/1897 4995/7327/1897
f 4992/7493/1898 4998/7494/1898 4999/7312/1898 4993/7311/1898
f 4990/7284/1899 4996/7283/1899 4997/7296/1899 4991/7295/1899
f 4988/7300/1900 4994/7299/1900 4995/7495/1900 4989/7496/1900
f 4986/7316/1901 4992/7315/1901 4993/7497/1901 4987/7498/1901
f 4984/7332/1902 4990/7331/1902 4991/7499/1902 4985/7500/1902
f 4982/7348/1903 4988/7347/1903 4989/7501/1903 4983/7502/1903
f 5056/7364/1599 4986/7363/1599 4987/7503/1599 5050/7504/1599
f 5055/7376/1904 4984/7375/1904 4985/7505/1904 5051/7506/1904
f 5054/7388/1905 4982/7387/1905 4983/7507/1905 5052/7508/1905
f 4912/7509/1906 4909/7510/1906 4989/7496/1906 4995/7495/1906
f 4937/7511/1907 4935/7512/1907 5041/7442/1907 5045/7441/1907
f 4979/7513/1908 4981/7514/1908 5048/7440/1908 5044/7439/1908
f 4953/7515/1909 4956/7516/1909 4998/7494/1909 4992/7493/1909
f 4911/7517/1910 4908/7518/1910 4987/7498/1910 4993/7497/1910
f 4936/7519/1911 4933/7520/1911 5037/7444/1911 5043/7443/1911
f 4980/7521/1912 4944/7522/1912 5054/7438/1912 5046/7437/1912
f 4954/7523/1913 4957/7524/1913 5000/7492/1913 4994/7491/1913
f 4910/7525/1914 4907/7526/1914 4985/7500/1914 4991/7499/1914
f 4935/7527/1915 4932/7528/1915 5035/7446/1915 5041/7445/1915
f 4976/7529/1916 4945/7530/1916 5055/7436/1916 5038/7435/1916
f 4955/7531/1917 4958/7532/1917 5002/7490/1917 4996/7489/1917
f 4909/7533/1918 4906/7534/1918 4983/7502/1918 4989/7501/1918
f 4934/7535/1919 4931/7536/1919 5033/7448/1919 5039/7447/1919
f 4981/7537/1920 4946/7538/1920 5056/7434/1920 5048/7433/1920
f 4956/7539/1921 4959/7540/1921 5004/7488/1921 4998/7487/1921
f 4908/7541/1922 4942/7542/1922 5050/7504/1922 4987/7503/1922
f 4933/7543/1923 4930/7544/1923 5031/7450/1923 5037/7449/1923
f 4947/7545/1919 4957/7546/1919 5000/7486/1919 5057/7485/1919
f 4907/7547/1924 4941/7548/1924 5051/7506/1924 4985/7505/1924
f 4932/7549/1925 4929/7550/1925 5029/7452/1925 5035/7451/1925
f 4958/7551/1926 4960/7552/1926 5006/7484/1926 5002/7483/1926
f 4906/7553/1927 4940/7554/1927 5052/7508/1927 4983/7507/1927
f 4931/7555/1928 4928/7556/1928 5027/7454/1928 5033/7453/1928
f 4959/7557/1929 4961/7558/1929 5008/7482/1929 5004/7481/1929
f 4930/7559/1930 4927/7560/1930 5025/7456/1930 5031/7455/1930
f 4947/7561/1931 4962/7562/1931 5010/7480/1931 5057/7479/1931
f 4929/7563/1932 4926/7564/1932 5023/7458/1932 5029/7457/1932
f 4960/7565/1933 4963/7566/1933 5012/7478/1933 5006/7477/1933
f 4928/7567/1934 4925/7568/1934 5021/7460/1934 5027/7459/1934
f 4961/7569/1935 4964/7570/1935 5014/7476/1935 5008/7475/1935
f 4927/7571/1936 4924/7572/1936 5019/7462/1936 5025/7461/1936
f 4962/7573/1937 4965/7574/1937 5016/7474/1937 5010/7473/1937
f 4926/7575/1938 4923/7576/1938 5017/7464/1938 5023/7463/1938
f 4963/7577/1939 4966/7578/1939 5018/7470/1939 5012/7469/1939
f 4925/7579/1940 4922/7580/1940 5015/7468/1940 5021/7467/1940
f 4964/7581/1941 4967/7582/1941 5020/7466/1941 5014/7465/1941
f 4924/7583/1942 4921/7584/1942 5013/7472/1942 5019/7471/1942
usemtl mr_fusion_2
f 4442/6692/1943 4441/6691/1943 4479/7585/1943 4480/7586/1943
f 4498/7587/1944 4497/7588/1944 4535/6952/1944 4536/6951/1944
f 4469/6694/1945 4468/6693/1945 4506/7589/1945 4507/7590/1945
f 4456/6696/1946 4455/6695/1946 4493/7591/1946 4494/7592/1946
f 4443/6698/1947 4442/6697/1947 4480/7593/1947 4481/7594/1947
f 4470/6700/1948 4469/6699/1948 4507/7595/1948 4508/7596/1948
f 4457/6702/1949 4456/6701/1949 4494/7597/1949 4495/7598/1949
f 4444/6704/1950 4443/6703/1950 4481/7599/1950 4482/7600/1950
f 4471/6706/1951 4470/6705/1951 4508/7601/1951 4509/7602/1951
f 4458/6708/1952 4457/6707/1952 4495/7603/1952 4496/7604/1952
f 4445/6710/1953 4444/6709/1953 4482/7605/1953 4483/7606/1953
f 4472/6712/1954 4471/6711/1954 4509/7607/1954 4510/7608/1954
f 4459/6714/1955 4458/6713/1955 4496/7609/1955 4497/7610/1955
f 4446/6716/1956 4445/6715/1956 4483/7611/1956 4484/7612/1956
f 4473/6718/1957 4472/6717/1957 4510/7613/1957 4511/7614/1957
f 4460/6720/1958 4459/6719/1958 4497/7588/1958 4498/7587/1958
f 4447/6722/1959 4446/6721/1959 4484/7615/1959 4485/7616/1959
f 4474/6724/1960 4473/6723/1960 4511/7617/1960 4512/7618/1960
f 4461/6726/1961 4460/6725/1961 4498/7619/1961 4499/7620/1961
f 4448/6728/1962 4447/6727/1962 4485/7621/1962 4486/7622/1962
f 4475/6730/1963 4474/6729/1963 4512/7623/1963 4513/7624/1963
f 4462/6732/1964 4461/6731/1964 4499/7625/1964 4500/7626/1964
f 4449/6734/1965 4448/6733/1965 4486/7627/1965 4487/7628/1965
f 4476/6736/1966 4475/6735/1966 4513/7629/1966 4514/7630/1966
f 4463/6738/1967 4462/6737/1967 4500/7631/1967 4501/7632/1967
f 4450/6740/1968 4449/6739/1968 4487/7633/1968 4488/7634/1968
f 4440/6742/1969 4476/6741/1969 4514/7635/1969 4478/7636/1969
f 4464/6744/1970 4463/6743/1970 4501/7637/1970 4502/7638/1970
f 4451/6598/1971 4450/6597/1971 4488/7639/1971 4489/7640/1971
f 4465/6672/1972 4464/6671/1972 4502/7641/1972 4503/7642/1972
f 4452/6674/1973 4451/6673/1973 4489/7643/1973 4490/7644/1973
f 4466/6676/1974 4465/6675/1974 4503/7645/1974 4504/7646/1974
f 4453/6678/1975 4452/6677/1975 4490/7647/1975 4491/7648/1975
f 4439/6680/1976 4440/6679/1976 4478/7649/1976 4477/7650/1976
f 4467/6682/1977 4466/6681/1977 4504/7651/1977 4505/7652/1977
f 4454/6684/1978 4453/6683/1978 4491/7653/1978 4492/7654/1978
f 4441/6686/1979 4439/6685/1979 4477/7655/1979 4479/7656/1979
f 4468/6688/1980 4467/6687/1980 4505/7657/1980 4506/7658/1980
f 4455/6690/1981 4454/6689/1981 4492/7659/1981 4493/7660/1981
f 4485/7616/1982 4484/7615/1982 4522/6956/1982 4523/6955/1982
f 4512/7618/1983 4511/7617/1983 4549/6958/1983 4550/6957/1983
f 4499/7620/1984 4498/7619/1984 4536/6962/1984 4537/6961/1984
f 4486/7622/1985 4485/7621/1985 4523/6964/1985 4524/6963/1985
f 4513/7624/1986 4512/7623/1986 4550/6968/1986 4551/6967/1986
f 4500/7626/1987 4499/7625/1987 4537/6970/1987 4538/6969/1987
f 4487/7628/1988 4486/7627/1988 4524/6974/1988 4525/6973/1988
f 4514/7630/1989 4513/7629/1989 4551/6976/1989 4552/6975/1989
f 4501/7632/1990 4500/7631/1990 4538/6980/1990 4539/6979/1990
f 4488/7634/1991 4487/7633/1991 4525/6982/1991 4526/6981/1991
f 4478/7636/1992 4514/7635/1992 4552/6986/1992 4516/6985/1992
f 4502/7638/1993 4501/7637/1993 4539/6988/1993 4540/6987/1993
f 4489/7640/1994 4488/7639/1994 4526/6992/1994 4527/6991/1994
f 4503/7642/1995 4502/7641/1995 4540/6994/1995 4541/6993/1995
f 4490/7644/1996 4489/7643/1996 4527/6996/1996 4528/6995/1996
f 4504/7646/1997 4503/7645/1997 4541/7000/1997 4542/6999/1997
f 4491/7648/1998 4490/7647/1998 4528/7004/1998 4529/7003/1998
f 4477/7650/1999 4478/7649/1999 4516/7006/1999 4515/7005/1999
f 4505/7652/2000 4504/7651/2000 4542/7010/2000 4543/7009/2000
f 4492/7654/2001 4491/7653/2001 4529/7012/2001 4530/7011/2001
f 4479/7656/2002 4477/7655/2002 4515/7016/2002 4517/7015/2002
f 4506/7658/2003 4505/7657/2003 4543/7018/2003 4544/7017/2003
f 4493/7660/2004 4492/7659/2004 4530/7022/2004 4531/7021/2004
f 4480/7586/2005 4479/7585/2005 4517/7024/2005 4518/7023/2005
f 4507/7590/2006 4506/7589/2006 4544/7028/2006 4545/7027/2006
f 4494/7592/2007 4493/7591/2007 4531/7030/2007 4532/7029/2007
f 4481/7594/2008 4480/7593/2008 4518/7034/2008 4519/7033/2008
f 4508/7596/2009 4507/7595/2009 4545/7036/2009 4546/7035/2009
f 4495/7598/2010 4494/7597/2010 4532/7040/2010 4533/7039/2010
f 4482/7600/2011 4481/7599/2011 4519/7042/2011 4520/7041/2011
f 4509/7602/2012 4508/7601/2012 4546/7046/2012 4547/7045/2012
f 4496/7604/2013 4495/7603/2013 4533/6746/2013 4534/6745/2013
f 4483/7606/2014 4482/7605/2014 4520/6938/2014 4521/6937/2014
f 4510/7608/2015 4509/7607/2015 4547/6940/2015 4548/6939/2015
f 4497/7610/2016 4496/7609/2016 4534/6944/2016 4535/6943/2016
f 4484/7612/2017 4483/7611/2017 4521/6946/2017 4522/6945/2017
f 4511/7614/2018 4510/7613/2018 4548/6950/2018 4549/6949/2018
f 4940/7554/2019 4906/7553/2019 4682/7154/2019 4681/7153/2019
f 4941/7548/1904 4907/7547/1904 4669/7158/1904 4667/7157/1904
f 4942/7542/1599 4908/7541/1599 4696/7162/1599 4695/7161/1599
f 4906/7534/1903 4909/7533/1903 4683/7166/1903 4682/7165/1903
f 4907/7526/1902 4910/7525/1902 4670/7170/1902 4669/7169/1902
f 4908/7518/1901 4911/7517/1901 4697/7174/1901 4696/7173/1901
f 4909/7510/1900 4912/7509/1900 4684/7178/1900 4683/7177/1900
f 4910/7294/1899 4913/7293/1899 4671/7182/1899 4670/7181/1899
f 4911/7310/2020 4914/7309/2020 4698/7186/2020 4697/7185/2020
f 4912/7326/1897 4915/7325/1897 4685/7190/1897 4684/7189/1897
f 4913/7342/1896 4916/7341/1896 4672/7194/1896 4671/7193/1896
f 4914/7358/2021 4917/7357/2021 4699/7198/2021 4698/7197/2021
f 4943/7370/1879 4915/7369/1879 4685/7047/1879 4686/7048/1879
f 4916/7382/1894 4918/7381/1894 4673/7054/1894 4672/7053/1894
f 4917/7394/2022 4919/7393/2022 4700/7058/2022 4699/7057/2022
f 4943/7402/1892 4920/7401/1892 4687/7062/1892 4686/7061/1892
f 4918/7410/1891 4921/7409/1891 4674/7066/1891 4673/7065/1891
f 4919/7418/1890 4922/7417/1890 4701/7070/1890 4700/7069/1890
f 4920/7426/1889 4923/7425/1889 4688/7074/1889 4687/7073/1889
f 4921/7584/2023 4924/7583/2023 4675/7078/2023 4674/7077/2023
f 4922/7580/1887 4925/7579/1887 4702/7082/1887 4701/7081/1887
f 4923/7576/1886 4926/7575/1886 4689/7086/1886 4688/7085/1886
f 4924/7572/1885 4927/7571/1885 4676/7090/1885 4675/7089/1885
f 4925/7568/1884 4928/7567/1884 4703/7094/1884 4702/7093/1884
f 4926/7564/1883 4929/7563/1883 4690/7098/1883 4689/7097/1883
f 4927/7560/1586 4930/7559/1586 4677/7102/1586 4676/7101/1586
f 4928/7556/1882 4931/7555/1882 4704/7106/1882 4703/7105/1882
f 4929/7550/2024 4932/7549/2024 4691/7110/2024 4690/7109/2024
f 4930/7544/1880 4933/7543/1880 4678/7114/1880 4677/7113/1880
f 4931/7536/1879 4934/7535/1879 4668/7118/1879 4704/7117/1879
f 4932/7528/1878 4935/7527/1878 4692/7122/1878 4691/7121/1878
f 4933/7520/2025 4936/7519/2025 4679/7126/2025 4678/7125/2025
f 4935/7512/1876 4937/7511/1876 4693/7130/1876 4692/7129/1876
f 4936/7290/1875 4938/7289/1875 4680/7134/1875 4679/7133/1875
f 4937/7306/2026 4939/7305/2026 4694/7138/2026 4693/7137/2026
f 4938/7322/1873 4940/7321/1873 4681/7142/1873 4680/7141/1873
f 4934/7338/1872 4941/7337/1872 4667/7146/1872 4668/7145/1872
f 4939/7354/1834 4942/7353/1834 4695/7150/1834 4694/7149/1834
f 4542/7010/1834 4543/7009/1834 4785/7661/1834 4818/7662/1834
f 4516/7006/1872 4515/7005/1872 4783/7663/1872 4813/7664/1872
f 4528/7004/1873 4529/7003/1873 4781/7665/1873 4817/7666/1873
f 4541/7000/1874 4542/6999/1874 4818/7667/1874 4816/7668/1874
f 4527/6996/1875 4528/6995/1875 4817/7669/1875 4815/7670/1875
f 4540/6994/1876 4541/6993/1876 4816/7671/1876 4814/7672/1876
f 4526/6992/1877 4527/6991/1877 4815/7673/1877 4812/7674/1877
f 4539/6988/1878 4540/6987/1878 4814/7675/1878 4811/7676/1878
f 4552/6986/1879 4516/6985/1879 4813/7677/1879 4810/7678/1879
f 4525/6982/1880 4526/6981/1880 4812/7679/1880 4809/7680/1880
f 4538/6980/2024 4539/6979/2024 4811/7681/2024 4808/7682/2024
f 4551/6976/1882 4552/6975/1882 4810/7683/1882 4807/7684/1882
f 4524/6974/1586 4525/6973/1586 4809/7685/1586 4806/7686/1586
f 4537/6970/1883 4538/6969/1883 4808/7687/1883 4805/7688/1883
f 4550/6968/2027 4551/6967/2027 4807/7689/2027 4804/7690/2027
f 4523/6964/1885 4524/6963/1885 4806/7691/1885 4803/7692/1885
f 4536/6962/1886 4537/6961/1886 4805/7693/1886 4802/7694/1886
f 4549/6958/2028 4550/6957/2028 4804/7695/2028 4801/7696/2028
f 4522/6956/1888 4523/6955/1888 4803/7697/1888 4800/7698/1888
f 4535/6952/1889 4536/6951/1889 4802/7699/1889 4799/7700/1889
f 4548/6950/2029 4549/6949/2029 4801/7701/2029 4798/7702/2029
f 4521/6946/1891 4522/6945/1891 4800/7703/1891 4797/7704/1891
f 4534/6944/1892 4535/6943/1892 4799/7705/1892 4796/7706/1892
f 4547/6940/1893 4548/6939/1893 4798/7707/1893 4795/7708/1893
f 4520/6938/1894 4521/6937/1894 4797/7709/1894 4794/7710/1894
f 4534/6745/1879 4533/6746/1879 4793/7711/1879 4796/7712/1879
f 4546/7046/1895 4547/7045/1895 4795/7713/1895 4792/7714/1895
f 4519/7042/1896 4520/7041/1896 4794/7715/1896 4791/7716/1896
f 4532/7040/1897 4533/7039/1897 4793/7717/1897 4790/7718/1897
f 4545/7036/2020 4546/7035/2020 4792/7719/2020 4789/7720/2020
f 4518/7034/1899 4519/7033/1899 4791/7721/1899 4788/7722/1899
f 4531/7030/2030 4532/7029/2030 4790/7723/2030 4787/7724/2030
f 4544/7028/1901 4545/7027/1901 4789/7725/1901 4786/7726/1901
f 4517/7024/1902 4518/7023/1902 4788/7727/1902 4784/7728/1902
f 4530/7022/1903 4531/7021/1903 4787/7729/1903 4782/7730/1903
f 4543/7018/1599 4544/7017/1599 4786/7731/1599 4785/7732/1599
f 4515/7016/1904 4517/7015/1904 4784/7733/1904 4783/7734/1904
f 4529/7012/1905 4530/7011/1905 4782/7735/1905 4781/7736/1905
f 4813/7664/1872 4783/7663/1872 4854/7737/1872 4847/7738/1872
f 4817/7666/1873 4781/7665/1873 4853/7739/1873 4851/7740/1873
f 4815/7670/1875 4817/7669/1875 4851/7741/1875 4849/7742/1875
f 4812/7674/1877 4815/7673/1877 4849/7743/1877 4846/7744/1877
f 4810/7678/1879 4813/7677/1879 4847/7745/1879 4844/7746/1879
f 4809/7680/1880 4812/7679/1880 4846/7747/1880 4843/7748/1880
f 4806/7686/1586 4809/7685/1586 4843/7749/1586 4840/7750/1586
f 4803/7692/1885 4806/7691/1885 4840/7751/1885 4837/7752/1885
f 4800/7698/1888 4803/7697/1888 4837/7753/1888 4834/7754/1888
f 4799/7700/1889 4858/7755/1889 4836/7756/1889 4833/7757/1889
f 4797/7704/1891 4800/7703/1891 4834/7758/1891 4831/7759/1891
f 4796/7706/1892 4799/7705/1892 4833/7760/1892 4856/7761/1892
f 4794/7710/1894 4797/7709/1894 4831/7762/1894 4829/7763/1894
f 4796/7712/1879 4793/7711/1879 4828/7764/1879 4856/7765/1879
f 4791/7716/1896 4794/7715/1896 4829/7766/1896 4826/7767/1896
f 4790/7718/1897 4793/7717/1897 4828/7768/1897 4825/7769/1897
f 4788/7722/1899 4791/7721/1899 4826/7770/1899 4823/7771/1899
f 4787/7724/2030 4790/7723/2030 4825/7772/2030 4822/7773/2030
f 4784/7728/1902 4788/7727/1902 4823/7774/1902 4820/7775/1902
f 4782/7730/2031 4787/7729/2031 4822/7776/2031 4819/7777/2031
f 4783/7734/1904 4784/7733/1904 4820/7778/1904 4854/7779/1904
f 4781/7736/1905 4782/7735/1905 4819/7780/1905 4853/7781/1905
f 4863/7782/2032 4857/7783/2032 4850/7784/2032 4848/7785/2032
f 4859/7786/1883 4860/7787/1883 4842/7788/1883 4839/7789/1883
f 4858/7790/1886 4859/7791/1886 4839/7792/1886 4836/7793/1886
f 4857/7794/1874 4861/7795/1874 4852/7796/1874 4850/7797/1874
f 4860/7798/1881 4862/7799/1881 4845/7800/1881 4842/7801/1881
f 4862/7802/1878 4863/7803/1878 4848/7804/1878 4845/7805/1878
f 4869/7806/2020 4871/7807/2020 4827/7808/2020 4824/7809/2020
f 4871/7810/1895 4865/7811/1895 4830/7812/1895 4827/7813/1895
f 4865/7814/2033 4866/7815/2033 4832/7816/2033 4830/7817/2033
f 4866/7818/2029 4867/7819/2029 4835/7820/2029 4832/7821/2029
f 4867/7822/2028 4870/7823/2028 4838/7824/2028 4835/7825/2028
f 4870/7826/2027 4864/7827/2027 4841/7828/2027 4838/7829/2027
f 4864/7830/1882 4810/7683/1882 4844/7831/1882 4841/7832/1882
f 4868/7833/1901 4869/7834/1901 4824/7835/1901 4821/7836/1901
f 4853/7781/1905 4819/7780/1905 4948/7386/1905 4944/7385/1905
f 4854/7779/2034 4820/7778/2034 4949/7374/2034 4945/7373/2034
f 4855/7278/1599 4821/7280/1599 4950/7362/1599 4946/7361/1599
f 4819/7777/2031 4822/7776/2031 4951/7346/2031 4948/7345/2031
f 4820/7775/1902 4823/7774/1902 4952/7330/1902 4949/7329/1902
f 4821/7836/1901 4824/7835/1901 4953/7314/1901 4950/7313/1901
f 4822/7773/2030 4825/7772/2030 4954/7298/2030 4951/7297/2030
f 4823/7771/2035 4826/7770/2035 4955/7282/2035 4952/7281/2035
f 4824/7809/2020 4827/7808/2020 4956/7516/2020 4953/7515/2020
f 4825/7769/1897 4828/7768/1897 4957/7524/1897 4954/7523/1897
f 4826/7767/2036 4829/7766/2036 4958/7532/2036 4955/7531/2036
f 4827/7813/2021 4830/7812/2021 4959/7540/2021 4956/7539/2021
f 4856/7765/1879 4828/7764/1879 4957/7546/1879 4947/7545/1879
f 4829/7763/2037 4831/7762/2037 4960/7552/2037 4958/7551/2037
f 4830/7817/1893 4832/7816/1893 4961/7558/1893 4959/7557/1893
f 4856/7761/1892 4833/7760/1892 4962/7562/1892 4947/7561/1892
f 4831/7759/2038 4834/7758/2038 4963/7566/2038 4960/7565/2038
f 4832/7821/2029 4835/7820/2029 4964/7570/2029 4961/7569/2029
f 4833/7757/1889 4836/7756/1889 4965/7574/1889 4962/7573/1889
f 4834/7754/1888 4837/7753/1888 4966/7578/1888 4963/7577/1888
f 4835/7825/2039 4838/7824/2039 4967/7582/2039 4964/7581/2039
f 4836/7793/1886 4839/7792/1886 4968/7430/1886 4965/7429/1886
f 4837/7752/1885 4840/7751/1885 4969/7422/1885 4966/7421/1885
f 4838/7829/2027 4841/7828/2027 4970/7414/2027 4967/7413/2027
f 4839/7789/1883 4842/7788/1883 4971/7406/1883 4968/7405/1883
f 4840/7750/1586 4843/7749/1586 4972/7398/1586 4969/7397/1586
f 4841/7832/2040 4844/7831/2040 4973/7390/2040 4970/7389/2040
f 4842/7801/2024 4845/7800/2024 4974/7378/2024 4971/7377/2024
f 4843/7748/1880 4846/7747/1880 4975/7366/1880 4972/7365/1880
f 4844/7746/1879 4847/7745/1879 4976/7350/1879 4973/7349/1879
f 4845/7805/2041 4848/7804/2041 4977/7334/2041 4974/7333/2041
f 4846/7744/1877 4849/7743/1877 4978/7318/1877 4975/7317/1877
f 4848/7785/1876 4850/7784/1876 4979/7302/1876 4977/7301/1876
f 4849/7742/2042 4851/7741/2042 4980/7286/2042 4978/7285/2042
f 4850/7797/1874 4852/7796/1874 4981/7514/1874 4979/7513/1874
f 4851/7740/2043 4853/7739/2043 4944/7522/2043 4980/7521/2043
f 4847/7738/1872 4854/7737/1872 4945/7530/1872 4976/7529/1872
f 4852/7277/1834 4855/7276/1834 4946/7538/1834 4981/7537/1834
usemtl mr_fusion_3
f 4798/7702/1591 4801/7701/1591 4884/7837/1591 4886/7838/1591
f 4855/7276/2044 4861/7275/2044 4895/7839/2044 4872/7840/2044
f 4867/7819/2045 4866/7818/2045 4900/7841/2045 4901/7842/2045
f 4799/7700/1591 4802/7699/1591 4883/7843/1591 4885/7844/1591
f 4862/7799/2046 4860/7798/2046 4894/7845/2046 4896/7846/2046
f 4786/7726/1591 4789/7725/1591 4889/7847/1591 4890/7848/1591
f 4814/7672/1591 4816/7671/1591 4875/7849/1591 4876/7850/1591
f 4866/7815/2047 4865/7814/2047 4899/7851/2047 4900/7852/2047
f 4861/7795/2048 4857/7794/2048 4891/7853/2048 4895/7854/2048
f 4865/7811/2049 4871/7810/2049 4905/7855/2049 4899/7856/2049
f 4801/7696/1591 4804/7695/1591 4882/7857/1591 4884/7858/1591
f 4859/7791/2050 4858/7790/2050 4892/7859/2050 4893/7860/2050
f 4816/7668/1591 4818/7667/1591 4874/7861/1591 4875/7862/1591
f 4871/7807/2051 4869/7806/2051 4903/7863/2051 4905/7864/2051
f 4802/7694/1591 4805/7693/1591 4881/7865/1591 4883/7866/1591
f 4860/7787/2052 4859/7786/2052 4893/7867/2052 4894/7868/2052
f 4789/7720/1591 4792/7719/1591 4888/7869/1591 4889/7870/1591
f 4874/7871/1834 4873/7872/1834 4872/7840/1834 4895/7839/1834
f 4875/7862/1874 4874/7861/1874 4895/7854/1874 4891/7853/1874
f 4876/7850/2032 4875/7849/2032 4891/7873/2032 4897/7874/2032
f 4877/7875/1878 4876/7876/1878 4897/7877/1878 4896/7878/1878
f 4878/7879/1881 4877/7880/1881 4896/7846/1881 4894/7845/1881
f 4880/7881/1882 4879/7882/1882 4898/7883/1882
f 4881/7884/1883 4878/7885/1883 4894/7868/1883 4893/7867/1883
f 4882/7886/1884 4880/7887/1884 4898/7888/1884 4904/7889/1884
f 4883/7866/1886 4881/7865/1886 4893/7860/1886 4892/7859/1886
f 4884/7858/2028 4882/7857/2028 4904/7890/2028 4901/7891/2028
f 4886/7838/2029 4884/7837/2029 4901/7842/2029 4900/7841/2029
f 4887/7892/1893 4886/7893/1893 4900/7852/1893 4899/7851/1893
f 4888/7894/2021 4887/7895/2021 4899/7856/2021 4905/7855/2021
f 4889/7870/2020 4888/7869/2020 4905/7864/2020 4903/7863/2020
f 4890/7848/1901 4889/7847/1901 4903/7896/1901 4902/7897/1901
f 4873/7898/1599 4890/7899/1599 4902/7900/1599 4872/7901/1599
f 4892/7902/1889 4885/7844/1889 4883/7843/1889
f 4870/7823/2053 4867/7822/2053 4901/7891/2053 4904/7890/2053
f 4811/7676/1591 4814/7675/1591 4876/7876/1591 4877/7875/1591
f 4863/7803/2054 4862/7802/2054 4896/7878/2054 4897/7877/2054
f 4864/7827/2055 4870/7826/2055 4904/7889/2055 4898/7888/2055
f 4785/7732/1591 4786/7731/1591 4890/7899/1591 4873/7898/1591
f 4810/7683/2056 4864/7830/2056 4898/7883/2056 4879/7882/2056
f 4795/7708/1591 4798/7707/1591 4886/7893/1591 4887/7892/1591
f 4868/7279/2057 4855/7278/2057 4872/7901/2057 4902/7900/2057
f 4808/7682/1591 4811/7681/1591 4877/7880/1591 4878/7879/1591
f 4869/7834/2058 4868/7833/2058 4902/7897/2058 4903/7896/2058
f 4807/7684/1591 4810/7683/1591 4879/7882/1591 4880/7881/1591
f 4792/7714/1591 4795/7713/1591 4887/7895/1591 4888/7894/1591
f 4805/7688/1591 4808/7687/1591 4878/7885/1591 4881/7884/1591
f 4818/7662/1591 4785/7661/1591 4873/7872/1591 4874/7871/1591
f 4858/7755/2059 4799/7700/2059 4885/7844/2059 4892/7902/2059
f 4804/7690/1591 4807/7689/1591 4880/7887/1591 4882/7886/1591
f 4857/7783/2060 4863/7782/2060 4897/7874/2060 4891/7873/2060
o Plane.001_Plane.004
v -5.065314 2.482551 -10.639921
v -5.058743 2.471326 -10.635887
v -5.067797 2.474555 -10.628870
v -5.136085 2.254705 -10.555664
v -5.126900 2.251894 -10.562866
v -5.138675 2.246366 -10.561152
v -5.066426 2.478987 -13.813238
v -5.068315 2.472906 -13.823647
v -5.059858 2.467754 -13.816550
v -5.135755 2.255784 -13.880734
v -5.123983 2.261302 -13.878910
v -5.133308 2.263662 -13.887237
v -5.099589 2.372203 -10.577491
v -5.090416 2.369354 -10.584691
v -5.099708 2.371835 -13.879835
v -5.090536 2.368988 -13.871510
v -5.101473 2.489873 -13.813238
v -5.113250 2.484338 -13.816550
v -5.103362 2.483792 -13.823647
v -5.100361 2.493437 -10.639921
v -5.102845 2.485441 -10.628870
v -5.112135 2.487910 -10.635887
v -5.143809 2.385938 -10.584691
v -5.134636 2.383089 -10.577491
v -5.171132 2.265592 -10.555664
v -5.173722 2.257252 -10.561152
v -5.180293 2.268478 -10.562866
v -5.170802 2.266670 -13.880734
v -5.168355 2.274548 -13.887237
v -5.177376 2.277886 -13.878910
v -5.143928 2.385571 -13.871510
v -5.134756 2.382721 -13.859193
v -5.125843 2.489222 -11.451050
v -5.188580 2.287241 -11.482024
v -5.124564 2.493346 -13.000066
v -5.188052 2.288948 -12.949434
v -5.159618 2.380481 -11.484556
v -5.156308 2.391147 -12.961348
v -5.096855 2.484740 -13.000066
v -5.098134 2.480616 -11.451050
v -5.131909 2.371875 -11.484556
v -5.160871 2.278635 -11.482025
v -5.160343 2.280341 -12.949434
v -5.128599 2.382540 -12.961348
v -5.179049 2.425036 -12.968958
v -5.140436 2.442247 -12.980706
v -5.161345 2.474392 -12.988609
v -5.163131 2.468633 -11.457650
v -5.142730 2.434852 -11.467803
v -5.181852 2.416006 -11.474111
v -5.120663 2.408090 -12.971027
v -5.112727 2.433640 -12.980706
v -5.104791 2.459190 -12.990386
v -5.106578 2.453430 -11.459427
v -5.115022 2.426245 -11.467803
v -5.123466 2.399060 -11.476180
v -5.202001 2.372877 -11.480718
v -5.174099 2.333861 -11.483291
v -5.219948 2.324828 -11.481749
v -5.218725 2.328775 -12.951504
v -5.172180 2.340048 -12.955391
v -5.199386 2.381303 -12.955164
v -5.139150 2.348565 -11.483923
v -5.146390 2.325255 -11.483291
v -5.153630 2.301945 -11.482657
v -5.152407 2.305891 -12.952413
v -5.144471 2.331441 -12.955391
v -5.136535 2.356991 -12.958369
v -5.106464 2.464243 -13.439680
v -5.086934 2.448949 -13.439632
v -5.109053 2.455909 -13.420744
v -5.159746 2.292703 -13.419799
v -5.137649 2.285673 -13.438686
v -5.162407 2.284135 -13.438636
v -5.106945 2.462700 -13.795833
v -5.109583 2.454205 -13.814321
v -5.087414 2.447408 -13.795431
v -5.163285 2.281312 -13.787198
v -5.138527 2.282847 -13.787599
v -5.160719 2.289573 -13.806484
v -5.125822 2.470255 -13.439680
v -5.128410 2.461922 -13.420744
v -5.179103 2.298716 -13.419798
v -5.181765 2.290147 -13.438635
v -5.126301 2.468712 -13.795833
v -5.128940 2.460217 -13.814321
v -5.182642 2.287324 -13.787198
v -5.180076 2.295585 -13.806484
v -5.106464 2.464243 -13.046678
v -5.086934 2.448949 -13.046629
v -5.109053 2.455909 -13.027740
v -5.159746 2.292703 -13.026795
v -5.137649 2.285673 -13.045684
v -5.162407 2.284135 -13.045632
v -5.106944 2.462700 -13.402830
v -5.109582 2.454205 -13.421318
v -5.087413 2.447408 -13.402429
v -5.163284 2.281312 -13.394195
v -5.138527 2.282847 -13.394595
v -5.160718 2.289572 -13.413482
v -5.125821 2.470255 -13.046678
v -5.128409 2.461922 -13.027740
v -5.179102 2.298716 -13.026795
v -5.181764 2.290147 -13.045632
v -5.126301 2.468712 -13.402830
v -5.128940 2.460217 -13.421318
v -5.182642 2.287324 -13.394195
v -5.180076 2.295585 -13.413482
v -5.106461 2.464243 -11.069850
v -5.086931 2.448949 -11.069801
v -5.109049 2.455909 -11.050913
v -5.159742 2.292703 -11.049968
v -5.137646 2.285673 -11.068856
v -5.162404 2.284135 -11.068806
v -5.106941 2.462700 -11.426003
v -5.109580 2.454205 -11.444490
v -5.087410 2.447408 -11.425601
v -5.163281 2.281312 -11.417368
v -5.138524 2.282848 -11.417768
v -5.160716 2.289573 -11.436654
v -5.125818 2.470255 -11.069850
v -5.128407 2.461922 -11.050913
v -5.179100 2.298716 -11.049968
v -5.181761 2.290148 -11.068805
v -5.126298 2.468713 -11.426003
v -5.128936 2.460217 -11.444489
v -5.182638 2.287325 -11.417367
v -5.180072 2.295585 -11.436653
v -5.106461 2.464243 -10.676847
v -5.086930 2.448949 -10.676799
v -5.109049 2.455909 -10.657910
v -5.159742 2.292703 -10.656965
v -5.137645 2.285673 -10.675854
v -5.162403 2.284135 -10.675802
v -5.106940 2.462700 -11.033000
v -5.109579 2.454205 -11.051487
v -5.087409 2.447408 -11.032598
v -5.163280 2.281312 -11.024364
v -5.138523 2.282848 -11.024765
v -5.160715 2.289573 -11.043651
v -5.125817 2.470256 -10.676847
v -5.128406 2.461922 -10.657910
v -5.179099 2.298716 -10.656965
v -5.181760 2.290148 -10.675802
v -5.126297 2.468713 -11.032999
v -5.128936 2.460217 -11.051487
v -5.182638 2.287325 -11.024364
v -5.180072 2.295585 -11.043651
v -5.172519 2.475460 -13.439613
v -5.147761 2.476997 -13.439662
v -5.150350 2.468664 -13.420725
v -5.223234 2.312184 -13.438668
v -5.201043 2.305458 -13.419781
v -5.203704 2.296890 -13.438618
v -5.150880 2.466959 -13.814302
v -5.148241 2.475455 -13.795815
v -5.172999 2.473919 -13.795413
v -5.224113 2.309358 -13.787580
v -5.204582 2.294067 -13.787180
v -5.202016 2.302327 -13.806466
v -5.172519 2.475460 -13.046611
v -5.147760 2.476997 -13.046659
v -5.150349 2.468664 -13.027722
v -5.223234 2.312184 -13.045666
v -5.201042 2.305458 -13.026777
v -5.203703 2.296889 -13.045614
v -5.150879 2.466959 -13.421299
v -5.148241 2.475454 -13.402812
v -5.172998 2.473918 -13.402411
v -5.224112 2.309358 -13.394577
v -5.204581 2.294067 -13.394176
v -5.202015 2.302327 -13.413464
v -5.172516 2.475460 -11.069783
v -5.147758 2.476998 -11.069832
v -5.150346 2.468664 -11.050895
v -5.223231 2.312184 -11.068838
v -5.201039 2.305458 -11.049950
v -5.203701 2.296890 -11.068787
v -5.150876 2.466959 -11.444471
v -5.148237 2.475455 -11.425984
v -5.172995 2.473919 -11.425583
v -5.224109 2.309359 -11.417749
v -5.204578 2.294067 -11.417349
v -5.202012 2.302327 -11.436635
v -5.172515 2.475460 -10.676781
v -5.147757 2.476998 -10.676828
v -5.150345 2.468664 -10.657892
v -5.223230 2.312184 -10.675836
v -5.201038 2.305458 -10.656947
v -5.203700 2.296890 -10.675784
v -5.150876 2.466959 -11.051469
v -5.148237 2.475455 -11.032982
v -5.172995 2.473919 -11.032579
v -5.224108 2.309359 -11.024747
v -5.204577 2.294067 -11.024346
v -5.202012 2.302327 -11.043633
vt 1.000000 0.002112
vt 1.000000 0.997888
vt 1.000000 0.997888
vt 1.000000 0.002112
vt 0.036263 0.000000
vt 0.500000 0.000000
vt 0.500000 0.000000
vt 0.036263 0.000000
vt 0.500000 0.002180
vt 0.966693 0.002166
vt 0.963947 0.997508
vt 0.500000 0.997479
vt 0.966790 0.000000
vt 0.966790 0.000000
vt 0.500000 1.000000
vt 0.028342 1.000000
vt 0.028342 1.000000
vt 0.500000 1.000000
vt 0.037964 0.002227
vt 0.039107 0.997431
vt 0.500000 0.997479
vt 0.500000 0.002181
vt 0.037964 0.002227
vt 0.039107 0.997431
vt 0.966137 1.000000
vt 0.966137 1.000000
vt 0.963947 0.997508
vt 0.966693 0.002166
vt 0.000000 0.002207
vt 0.000000 0.997793
vt 0.000000 0.997793
vt 0.000000 0.002207
vt 0.875000 0.000000
vt 0.875000 1.000000
vt 1.000000 1.000000
vt 1.000000 0.000000
vt 0.375000 0.000000
vt 0.375000 1.000000
vt 0.500000 1.000000
vt 0.500000 0.000000
vt 0.875000 0.000000
vt 1.000000 0.000000
vt 1.000000 1.000000
vt 0.875000 1.000000
vt 0.375000 0.000000
vt 0.500000 0.000000
vt 0.500000 1.000000
vt 0.375000 1.000000
vt 0.625000 1.000000
vt 0.625000 1.000000
vt 0.125000 1.000000
vt 0.000000 1.000000
vt 0.000000 1.000000
vt 0.125000 1.000000
vt 0.000000 0.000000
vt 0.000000 0.000000
vt 0.125000 0.000000
vt 0.125000 0.000000
vt 0.250000 0.000000
vt 0.250000 0.000000
vt 0.250000 1.000000
vt 0.250000 1.000000
vt 0.625000 0.000000
vt 0.625000 0.000000
vt 0.750000 0.000000
vt 0.750000 0.000000
vt 0.750000 1.000000
vt 0.750000 1.000000
vt 0.046742 0.000000
vt 0.953258 0.000000
vt 0.953258 0.000000
vt 0.046742 0.000000
vt 1.000000 0.048885
vt 1.000000 0.951115
vt 1.000000 0.951115
vt 1.000000 0.048885
vt 0.953634 1.000000
vt 0.046366 1.000000
vt 0.046366 1.000000
vt 0.953634 1.000000
vt 0.046672 0.048120
vt 0.046440 0.951879
vt 0.953561 0.951290
vt 0.953327 0.048712
vt 0.000000 0.047948
vt 0.000000 0.952052
vt 0.953634 1.000000
vt 0.046366 1.000000
vt 0.046366 1.000000
vt 0.953634 1.000000
vt 0.000000 0.047948
vt 0.000000 0.952052
vt 0.046742 0.000000
vt 0.953258 0.000000
vt 0.953258 0.000000
vt 0.046742 0.000000
vt 1.000000 0.048885
vt 1.000000 0.951115
vt 1.000000 0.951115
vt 1.000000 0.048885
vt 0.953634 1.000000
vt 0.046366 1.000000
vt 0.046672 0.048120
vt 0.046440 0.951879
vt 0.953561 0.951290
vt 0.953327 0.048712
vt 0.000000 0.047948
vt 0.000000 0.952052
vt 0.046366 1.000000
vt 0.000000 0.952052
vt 0.000000 0.952052
vt 0.046366 1.000000
vt 0.000000 0.047948
vt 0.000000 0.952052
vt 0.046742 0.000000
vt 0.953258 0.000000
vt 0.953258 0.000000
vt 0.046742 0.000000
vt 1.000000 0.048885
vt 1.000000 0.951115
vt 1.000000 0.951115
vt 1.000000 0.048885
vt 0.953634 1.000000
vt 0.046366 1.000000
vt 0.046366 1.000000
vt 0.953634 1.000000
vt 0.046672 0.048120
vt 0.046440 0.951879
vt 0.953561 0.951290
vt 0.953327 0.048712
vt 0.000000 0.047948
vt 0.000000 0.952052
vt 1.000000 0.048885
vt 0.953258 0.000000
vt 0.000000 0.047948
vt 0.000000 0.952052
vt 0.046742 0.000000
vt 0.953258 0.000000
vt 0.953258 0.000000
vt 0.046742 0.000000
vt 1.000000 0.048885
vt 1.000000 0.951115
vt 1.000000 0.951115
vt 1.000000 0.048885
vt 0.953634 1.000000
vt 0.046366 1.000000
vt 0.953634 1.000000
vt 0.046672 0.048120
vt 0.046440 0.951879
vt 0.953561 0.951290
vt 0.953327 0.048712
vt 0.000000 0.047948
vt 0.000000 0.952052
vt 0.953258 0.000000
vt 0.046742 0.000000
vt 0.953258 0.000000
vt 0.046742 0.000000
vt 0.000000 0.952052
vt 0.046366 1.000000
vt 0.000000 0.047948
vt 1.000000 0.951115
vt 1.000000 0.048885
vt 0.000000 0.047948
vt 0.000000 0.952052
vt 0.953634 1.000000
vt 1.000000 0.048885
vt 0.046366 1.000000
vt 0.953258 0.000000
vt 0.046742 0.000000
vt 1.000000 0.951115
vt 1.000000 0.048885
vt 0.000000 0.047948
vt 0.000000 0.047948
vt 0.046742 0.000000
vt 0.953634 1.000000
vt 0.000000 0.047948
vt 0.000000 0.952052
vt 1.000000 0.951115
vt 0.953634 1.000000
vt 1.000000 0.951115
vt 0.046672 0.048120
vt 0.953327 0.048712
vt 0.953561 0.951290
vt 0.046440 0.951879
vt 0.046672 0.048120
vt 0.953327 0.048712
vt 0.953561 0.951290
vt 0.046440 0.951879
vt 0.046672 0.048120
vt 0.953327 0.048712
vt 0.953561 0.951290
vt 0.046440 0.951879
vt 0.046672 0.048120
vt 0.953327 0.048712
vt 0.953561 0.951290
vt 0.046440 0.951879
vn 0.2966 0.9550 0.0030
vn -0.1282 -0.4128 -0.9017
vn 0.9550 -0.2966 -0.0000
vn -0.0518 -0.1668 -0.9846
vn 0.1244 -0.4418 0.8884
vn -0.9550 0.2966 0.0000
vn 0.2115 -0.2216 0.9519
vn -0.6228 -0.5607 -0.5456
vn -0.3800 0.5879 -0.7141
vn -0.7082 -0.5460 0.4475
vn -0.4054 0.6534 0.6393
vn 0.2743 -0.8511 0.4475
vn 0.1956 -0.8149 -0.5457
vn 0.6462 0.2691 -0.7141
vn 0.7044 0.3088 0.6391
vn -0.8632 -0.5049 0.0009
vn -0.6087 0.0419 -0.7923
vn -0.4247 0.9053 0.0022
vn -0.6920 -0.1747 0.7004
vn -0.6412 -0.1758 -0.7469
vn -0.6387 0.1466 0.7554
vn 0.4252 -0.9051 0.0009
vn 0.5252 -0.3104 -0.7923
vn 0.8629 0.5053 0.0022
vn -0.3024 -0.3137 0.9001
vn 0.4288 -0.5082 -0.7469
vn -0.2407 -0.0840 0.9669
vn -0.2365 -0.7612 -0.6039
vn 0.1837 0.5912 0.7854
vn 0.1578 0.5081 -0.8467
vn -0.2530 -0.8146 0.5219
vn -0.2966 -0.9550 0.0012
vn -0.7803 -0.6254 -0.0017
vn -0.8393 -0.5436 -0.0053
vn -0.0839 -0.1347 -0.9873
vn -0.1133 -0.3311 -0.9368
vn 0.0134 0.0112 0.9998
vn -0.0662 -0.3002 0.9516
vn -0.2966 -0.9550 -0.0012
vn 0.2966 0.9550 0.0028
vn -0.0513 -0.2537 0.9659
vn -0.0652 -0.3019 0.9511
vn -0.0522 -0.2541 0.9658
vn -0.1128 -0.3033 -0.9462
vn -0.1220 -0.3353 -0.9342
vn -0.1081 -0.3120 -0.9439
vn -0.4708 0.8822 0.0024
vn -0.8474 -0.5309 -0.0034
vn -0.4205 0.9073 0.0042
vn 0.0554 0.0553 0.9969
vn 0.0274 -0.0221 0.9994
vn 0.0208 0.0331 0.9992
vn -0.0400 -0.0907 -0.9951
vn -0.0478 -0.1142 -0.9923
vn -0.0561 -0.0572 -0.9968
vn -0.1994 0.9799 0.0059
vn -0.8245 -0.5659 -0.0041
vn -0.2145 0.9767 0.0031
vn -0.0017 -0.0053 -1.0000
vn 0.2966 0.9550 -0.0085
vn 0.0135 0.0434 0.9990
vn -0.5656 -0.7235 -0.3957
vn -0.0575 0.9118 -0.4066
vn -0.5677 -0.7143 0.4092
vn -0.0508 0.9205 0.3875
vn -0.6165 -0.7873 0.0042
vn -0.6044 0.1832 -0.7753
vn -0.0620 0.9980 -0.0079
vn -0.5924 0.2209 0.7748
vn 0.0141 0.0432 0.9990
vn 0.2678 0.8622 -0.4300
vn -0.2694 -0.8673 -0.4185
vn 0.2707 0.8714 0.4092
vn -0.2673 -0.8606 0.4336
vn -0.2966 -0.9550 0.0045
vn -0.5656 -0.7236 -0.3957
vn -0.5676 -0.7143 0.4093
vn -0.6044 0.1833 -0.7753
vn -0.5924 0.2209 0.7747
vn -0.2644 -0.8615 0.4336
vn 0.0136 0.0434 0.9990
vn -0.5677 -0.7143 0.4093
vn 0.2649 0.8631 -0.4300
vn -0.0016 -0.0053 -1.0000
vn -0.5655 -0.7236 -0.3958
vn -0.0023 -0.0051 -1.0000
vn -0.0024 -0.0051 -1.0000
vn -0.2644 -0.8614 0.4336
vn 0.2706 0.8714 0.4092
vn -0.2673 -0.8605 0.4336
vn 0.2937 0.9559 -0.0085
vn -0.2937 -0.9559 0.0045
vn 0.2684 0.8721 0.4092
vn 0.2683 0.8721 0.4092
vn -0.2671 -0.8681 -0.4185
vn 0.0140 0.0432 0.9990
vn -0.2671 -0.8680 -0.4185
vn 0.2937 0.9558 -0.0085
vn 0.0562 -0.9167 -0.3957
vn 0.5639 0.7188 -0.4066
vn 0.0631 -0.9102 0.4093
vn 0.5634 0.7297 0.3875
vn 0.0620 -0.9981 0.0042
vn 0.6019 -0.1914 -0.7753
vn 0.6166 0.7873 -0.0079
vn 0.6133 -0.1536 0.7747
vn 0.0561 -0.9167 -0.3957
vn 0.6165 0.7873 -0.0079
vn 0.6133 -0.1536 0.7748
vn 0.0562 -0.9166 -0.3957
vn 0.5640 0.7188 -0.4066
usemtl front_part
s off
f 5063/7903/2061 5067/7904/2061 5085/7905/2061 5083/7906/2061
f 5060/7907/2062 5070/7908/2062 5081/7909/2062 5078/7910/2062
f 5080/7911/2063 5084/7912/2063 5087/7913/2063 5088/7914/2063
f 5070/7908/2064 5061/7915/2064 5082/7916/2064 5081/7909/2064
f 5072/7917/2065 5065/7918/2065 5076/7919/2065 5089/7920/2065
f 5059/7921/2066 5066/7922/2066 5073/7923/2066 5071/7924/2066
f 5079/7925/2063 5080/7911/2063 5088/7914/2063 5075/7926/2063
f 5069/7927/2067 5072/7917/2067 5089/7920/2067 5086/7928/2067
f 5071/7924/2066 5073/7923/2066 5068/7929/2066 5062/7930/2066
f 5058/7931/2068 5059/7921/2068 5060/7907/2068
f 5061/7915/2069 5062/7930/2069 5063/7903/2069
f 5064/7932/2070 5065/7918/2070 5066/7922/2070
f 5067/7904/2071 5068/7929/2071 5069/7927/2071
f 5074/7933/2072 5075/7926/2072 5076/7919/2072
f 5077/7934/2073 5078/7910/2073 5079/7925/2073
f 5082/7916/2074 5083/7906/2074 5084/7912/2074
f 5085/7905/2075 5086/7928/2075 5087/7913/2075
f 5066/7922/2076 5059/7921/2076 5058/7931/2076 5064/7932/2076
f 5071/7924/2077 5062/7930/2077 5061/7915/2077 5070/7908/2077
f 5062/7930/2078 5068/7929/2078 5067/7904/2078 5063/7903/2078
f 5073/7923/2079 5066/7922/2079 5065/7918/2079 5072/7917/2079
f 5059/7921/2080 5071/7924/2080 5070/7908/2080 5060/7907/2080
f 5068/7929/2081 5073/7923/2081 5072/7917/2081 5069/7927/2081
f 5074/7933/2082 5077/7934/2082 5079/7925/2082 5075/7926/2082
f 5081/7909/2083 5082/7916/2083 5084/7912/2083 5080/7911/2083
f 5083/7906/2084 5085/7905/2084 5087/7913/2084 5084/7912/2084
f 5089/7920/2085 5076/7919/2085 5075/7926/2085 5088/7914/2085
f 5078/7910/2086 5081/7909/2086 5080/7911/2086 5079/7925/2086
f 5086/7928/2087 5089/7920/2087 5088/7914/2087 5087/7913/2087
f 5077/7934/2088 5058/7931/2088 5060/7907/2088 5078/7910/2088
f 5069/7927/2089 5086/7928/2089 5085/7905/2089 5067/7904/2089
f 5082/7916/2090 5061/7915/2090 5063/7903/2090 5083/7906/2090
f 5076/7919/2091 5065/7918/2091 5064/7932/2091 5074/7933/2091
f 5064/7932/2092 5058/7931/2092 5077/7934/2092 5074/7933/2092
f 5116/7935/2093 5117/7936/2093 5093/7937/2093 5091/7938/2093
f 5107/7939/2094 5102/7940/2094 5095/7941/2094 5094/7942/2094
f 5122/7943/2063 5099/7944/2063 5100/7945/2063 5123/7946/2063
f 5113/7947/2063 5098/7948/2063 5101/7949/2063 5108/7950/2063
f 5119/7951/2095 5095/7941/2095 5101/7949/2095 5125/7952/2095
f 5104/7953/2096 5092/7954/2096 5096/7955/2096 5110/7956/2096
f 5116/7935/2097 5091/7938/2097 5099/7944/2097 5122/7943/2097
f 5107/7939/2098 5094/7942/2098 5098/7948/2098 5113/7947/2098
f 5091/7938/2099 5093/7937/2099 5100/7945/2099 5099/7944/2099
f 5092/7954/2100 5090/7957/2100 5097/7958/2100 5096/7955/2100
f 5090/7957/2101 5105/7959/2101 5111/7960/2101 5097/7958/2101
f 5105/7959/2102 5106/7961/2102 5112/7962/2102 5111/7960/2102
f 5106/7961/2103 5107/7939/2103 5113/7947/2103 5112/7962/2103
f 5095/7941/2104 5102/7940/2104 5108/7950/2104 5101/7949/2104
f 5102/7940/2105 5103/7963/2105 5109/7964/2105 5108/7950/2105
f 5103/7963/2106 5104/7953/2106 5110/7956/2106 5109/7964/2106
f 5097/7958/2063 5111/7960/2063 5110/7956/2063 5096/7955/2063
f 5111/7960/2063 5112/7962/2063 5109/7964/2063 5110/7956/2063
f 5112/7962/2063 5113/7947/2063 5108/7950/2063 5109/7964/2063
f 5090/7957/2107 5092/7954/2107 5104/7953/2107 5105/7959/2107
f 5105/7959/2108 5104/7953/2108 5103/7963/2108 5106/7961/2108
f 5106/7961/2109 5103/7963/2109 5102/7940/2109 5107/7939/2109
f 5094/7942/2110 5114/7965/2110 5120/7966/2110 5098/7948/2110
f 5114/7965/2111 5115/7967/2111 5121/7968/2111 5120/7966/2111
f 5115/7967/2112 5116/7935/2112 5122/7943/2112 5121/7968/2112
f 5093/7937/2113 5117/7936/2113 5123/7946/2113 5100/7945/2113
f 5117/7936/2114 5118/7969/2114 5124/7970/2114 5123/7946/2114
f 5118/7969/2115 5119/7951/2115 5125/7952/2115 5124/7970/2115
f 5098/7948/2063 5120/7966/2063 5125/7952/2063 5101/7949/2063
f 5120/7966/2063 5121/7968/2063 5124/7970/2063 5125/7952/2063
f 5121/7968/2063 5122/7943/2063 5123/7946/2063 5124/7970/2063
f 5094/7942/2116 5095/7941/2116 5119/7951/2116 5114/7965/2116
f 5114/7965/2117 5119/7951/2117 5118/7969/2117 5115/7967/2117
f 5115/7967/2118 5118/7969/2118 5117/7936/2118 5116/7935/2118
f 5128/7971/2119 5129/7972/2119 5140/7973/2119 5139/7974/2119
f 5131/7975/2120 5135/7976/2120 5144/7977/2120 5141/7978/2120
f 5137/7979/2121 5133/7980/2121 5143/7981/2121 5145/7982/2121
f 5127/7983/2066 5134/7984/2066 5136/7985/2066 5130/7986/2066
f 5126/7987/2122 5127/7983/2122 5128/7971/2122
f 5129/7972/2123 5130/7986/2123 5131/7975/2123
f 5132/7988/2124 5133/7980/2124 5134/7984/2124
f 5135/7976/2125 5136/7985/2125 5137/7979/2125
f 5134/7984/2126 5127/7983/2126 5126/7987/2126 5132/7988/2126
f 5127/7983/2127 5130/7986/2127 5129/7972/2127 5128/7971/2127
f 5130/7986/2128 5136/7985/2128 5135/7976/2128 5131/7975/2128
f 5136/7985/2129 5134/7984/2129 5133/7980/2129 5137/7979/2129
f 5165/7989/2130 5163/7990/2130 5224/7991/2130 5229/7992/2130
f 5131/7975/2131 5141/7978/2131 5140/7973/2131 5129/7972/2131
f 5138/7993/2132 5126/7987/2132 5128/7971/2132 5139/7974/2132
f 5137/7979/2133 5145/7982/2133 5144/7977/2133 5135/7976/2133
f 5143/7981/2134 5133/7980/2134 5132/7988/2134 5142/7994/2134
f 5132/7988/2135 5126/7987/2135 5138/7993/2135 5142/7994/2135
f 5148/7995/2119 5149/7996/2119 5160/7997/2119 5159/7998/2119
f 5151/7999/2120 5155/8000/2120 5164/8001/2120 5161/8002/2120
f 5157/8003/2121 5153/8004/2121 5163/7990/2121 5165/7989/2121
f 5147/8005/2066 5154/8006/2066 5156/8007/2066 5150/8008/2066
f 5146/8009/2136 5147/8005/2136 5148/7995/2136
f 5149/7996/2123 5150/8008/2123 5151/7999/2123
f 5152/8010/2137 5153/8004/2137 5154/8006/2137
f 5155/8000/2125 5156/8007/2125 5157/8003/2125
f 5154/8006/2126 5147/8005/2126 5146/8009/2126 5152/8010/2126
f 5147/8005/2138 5150/8008/2138 5149/7996/2138 5148/7995/2138
f 5150/8008/2128 5156/8007/2128 5155/8000/2128 5151/7999/2128
f 5156/8007/2139 5154/8006/2139 5153/8004/2139 5157/8003/2139
f 5203/8011/2140 5202/8012/2140 5249/8013/2140 5248/8014/2140
f 5151/7999/2131 5161/8002/2131 5160/7997/2131 5149/7996/2131
f 5158/8015/2132 5146/8009/2132 5148/7995/2132 5159/7998/2132
f 5157/8003/2133 5165/7989/2133 5164/8001/2133 5155/8000/2133
f 5163/7990/2134 5153/8004/2134 5152/8010/2134 5162/8016/2134
f 5152/8010/2135 5146/8009/2135 5158/8015/2135 5162/8016/2135
f 5168/8017/2119 5169/8018/2119 5180/8019/2119 5179/8020/2119
f 5171/8021/2120 5175/8022/2120 5184/8023/2120 5181/8024/2120
f 5177/8025/2141 5173/8026/2141 5183/8027/2141 5185/8028/2141
f 5167/8029/2066 5174/8030/2066 5176/8031/2066 5170/8032/2066
f 5166/8033/2122 5167/8029/2122 5168/8017/2122
f 5169/8018/2123 5170/8032/2123 5171/8021/2123
f 5172/8034/2142 5173/8026/2142 5174/8030/2142
f 5175/8022/2125 5176/8031/2125 5177/8025/2125
f 5174/8030/2126 5167/8029/2126 5166/8033/2126 5172/8034/2126
f 5167/8029/2138 5170/8032/2138 5169/8018/2138 5168/8017/2138
f 5170/8032/2128 5176/8031/2128 5175/8022/2128 5171/8021/2128
f 5176/8031/2139 5174/8030/2139 5173/8026/2139 5177/8025/2139
f 5160/7997/2143 5161/8002/2143 5223/8035/2143 5222/8036/2143
f 5171/8021/2131 5181/8024/2131 5180/8019/2131 5169/8018/2131
f 5178/8037/2132 5166/8033/2132 5168/8017/2132 5179/8020/2132
f 5177/8025/2133 5185/8028/2133 5184/8023/2133 5175/8022/2133
f 5183/8027/2134 5173/8026/2134 5172/8034/2134 5182/8038/2134
f 5172/8034/2135 5166/8033/2135 5178/8037/2135 5182/8038/2135
f 5188/8039/2144 5189/8040/2144 5200/8041/2144 5199/8042/2144
f 5191/8043/2120 5195/8044/2120 5204/8045/2120 5201/8046/2120
f 5197/8047/2121 5193/8048/2121 5203/8011/2121 5205/8049/2121
f 5187/8050/2066 5194/8051/2066 5196/8052/2066 5190/8053/2066
f 5186/8054/2145 5187/8050/2145 5188/8039/2145
f 5189/8040/2123 5190/8053/2123 5191/8043/2123
f 5192/8055/2142 5193/8048/2142 5194/8051/2142
f 5195/8044/2125 5196/8052/2125 5197/8047/2125
f 5179/8020/2146 5180/8019/2146 5234/8056/2146 5232/8057/2146
f 5194/8051/2126 5187/8050/2126 5186/8054/2126 5192/8055/2126
f 5187/8050/2127 5190/8053/2127 5189/8040/2127 5188/8039/2127
f 5190/8053/2128 5196/8052/2128 5195/8044/2128 5191/8043/2128
f 5196/8052/2139 5194/8051/2139 5193/8048/2139 5197/8047/2139
f 5139/7974/2147 5140/7973/2147 5210/8058/2147 5208/8059/2147
f 5183/8027/2148 5182/8038/2148 5237/8060/2148 5236/8061/2148
f 5191/8043/2131 5201/8046/2131 5200/8041/2131 5189/8040/2131
f 5198/8062/2132 5186/8054/2132 5188/8039/2132 5199/8042/2132
f 5197/8047/2149 5205/8049/2149 5204/8045/2149 5195/8044/2149
f 5203/8011/2150 5193/8048/2150 5192/8055/2150 5202/8012/2150
f 5192/8055/2135 5186/8054/2135 5198/8062/2135 5202/8012/2135
usemtl front_part_2
f 5201/8046/2151 5204/8045/2151 5252/8063/2151 5247/8064/2151
f 5142/7994/2152 5138/7993/2152 5207/8065/2152 5213/8066/2152
f 5204/8045/2153 5205/8049/2153 5253/8067/2153 5252/8063/2153
f 5180/8019/2143 5181/8024/2143 5235/8068/2143 5234/8056/2143
f 5143/7981/2140 5142/7994/2140 5213/8066/2140 5212/8069/2140
f 5199/8042/2147 5200/8041/2147 5246/8070/2147 5244/8071/2147
f 5161/8002/2151 5164/8001/2151 5228/8072/2151 5223/8035/2151
f 5164/8001/2154 5165/7989/2154 5229/7992/2154 5228/8072/2154
f 5140/7973/2143 5141/7978/2143 5211/8073/2143 5210/8058/2143
f 5178/8037/2155 5179/8020/2155 5232/8057/2155 5231/8074/2155
f 5202/8012/2152 5198/8062/2152 5243/8075/2152 5249/8013/2152
f 5159/7998/2147 5160/7997/2147 5222/8036/2147 5220/8076/2147
f 5185/8028/2156 5183/8027/2156 5236/8061/2156 5241/8077/2156
f 5138/7993/2157 5139/7974/2157 5208/8059/2157 5207/8065/2157
f 5162/8016/2152 5158/8015/2152 5219/8078/2152 5225/8079/2152
f 5200/8041/2143 5201/8046/2143 5247/8064/2143 5246/8070/2143
f 5163/7990/2140 5162/8016/2140 5225/8079/2140 5224/7991/2140
f 5181/8024/2158 5184/8023/2158 5240/8080/2158 5235/8068/2158
f 5145/7982/2130 5143/7981/2130 5212/8069/2130 5217/8081/2130
f 5184/8023/2154 5185/8028/2154 5241/8077/2154 5240/8080/2154
f 5198/8062/2157 5199/8042/2157 5244/8071/2157 5243/8075/2157
f 5141/7978/2158 5144/7977/2158 5216/8082/2158 5211/8073/2158
f 5144/7977/2154 5145/7982/2154 5217/8081/2154 5216/8082/2154
f 5205/8049/2130 5203/8011/2130 5248/8014/2130 5253/8067/2130
f 5158/8015/2155 5159/7998/2155 5220/8076/2155 5219/8078/2155
f 5182/8038/2152 5178/8037/2152 5231/8074/2152 5237/8060/2152
f 5206/8083/2063 5209/8084/2063 5215/8085/2063 5214/8086/2063
f 5207/8065/2159 5208/8059/2159 5206/8083/2159
f 5210/8058/2160 5211/8073/2160 5209/8084/2160
f 5213/8066/2161 5214/8086/2161 5212/8069/2161
f 5216/8082/2162 5217/8081/2162 5215/8085/2162
f 5213/8066/2163 5207/8065/2163 5206/8083/2163 5214/8086/2163
f 5208/8059/2164 5210/8058/2164 5209/8084/2164 5206/8083/2164
f 5211/8073/2165 5216/8082/2165 5215/8085/2165 5209/8084/2165
f 5217/8081/2166 5212/8069/2166 5214/8086/2166 5215/8085/2166
f 5218/8087/2063 5221/8088/2063 5227/8089/2063 5226/8090/2063
f 5219/8078/2167 5220/8076/2167 5218/8087/2167
f 5222/8036/2160 5223/8035/2160 5221/8088/2160
f 5225/8079/2161 5226/8090/2161 5224/7991/2161
f 5228/8072/2162 5229/7992/2162 5227/8089/2162
f 5225/8079/2163 5219/8078/2163 5218/8087/2163 5226/8090/2163
f 5220/8076/2164 5222/8036/2164 5221/8088/2164 5218/8087/2164
f 5223/8035/2168 5228/8072/2168 5227/8089/2168 5221/8088/2168
f 5229/7992/2169 5224/7991/2169 5226/8090/2169 5227/8089/2169
f 5230/8091/2063 5233/8092/2063 5239/8093/2063 5238/8094/2063
f 5231/8074/2167 5232/8057/2167 5230/8091/2167
f 5234/8056/2160 5235/8068/2160 5233/8092/2160
f 5237/8060/2161 5238/8094/2161 5236/8061/2161
f 5240/8080/2162 5241/8077/2162 5239/8093/2162
f 5237/8060/2163 5231/8074/2163 5230/8091/2163 5238/8094/2163
f 5232/8057/2164 5234/8056/2164 5233/8092/2164 5230/8091/2164
f 5235/8068/2168 5240/8080/2168 5239/8093/2168 5233/8092/2168
f 5241/8077/2169 5236/8061/2169 5238/8094/2169 5239/8093/2169
f 5242/8095/2063 5245/8096/2063 5251/8097/2063 5250/8098/2063
f 5243/8075/2170 5244/8071/2170 5242/8095/2170
f 5246/8070/2171 5247/8064/2171 5245/8096/2171
f 5249/8013/2161 5250/8098/2161 5248/8014/2161
f 5252/8063/2162 5253/8067/2162 5251/8097/2162
f 5249/8013/2163 5243/8075/2163 5242/8095/2163 5250/8098/2163
f 5244/8071/2164 5246/8070/2164 5245/8096/2164 5242/8095/2164
f 5247/8064/2165 5252/8063/2165 5251/8097/2165 5245/8096/2165
f 5253/8067/2169 5248/8014/2169 5250/8098/2169 5251/8097/2169
o BezierCurve.001_BezierCurve.002
v 0.393141 2.947718 -11.520941
v 0.399731 2.958699 -11.512158
v 0.408734 2.962718 -11.500160
v 0.417737 2.958699 -11.488162
v 0.424327 2.947718 -11.479380
v 0.426739 2.932718 -11.476164
v 0.424327 2.917718 -11.479379
v 0.417737 2.906738 -11.488162
v 0.408734 2.902718 -11.500160
v 0.399731 2.906738 -11.512158
v 0.393141 2.917718 -11.520941
v 0.390728 2.932718 -11.524156
v 0.546416 2.947070 -11.605721
v 0.550128 2.958064 -11.595400
v 0.555120 2.962101 -11.581260
v 0.560054 2.958101 -11.567089
v 0.563608 2.947134 -11.556685
v 0.564830 2.932140 -11.552835
v 0.563393 2.917135 -11.556570
v 0.559681 2.906141 -11.566891
v 0.554690 2.902103 -11.581030
v 0.549755 2.906104 -11.595201
v 0.546201 2.917071 -11.605605
v 0.544979 2.932065 -11.609455
v 0.693200 2.945260 -11.630683
v 0.693374 2.956297 -11.619761
v 0.693437 2.960395 -11.604782
v 0.693374 2.956456 -11.589761
v 0.693200 2.945535 -11.578722
v 0.692963 2.930559 -11.574623
v 0.692725 2.915540 -11.578563
v 0.692551 2.904502 -11.589485
v 0.692488 2.900404 -11.604464
v 0.692551 2.904343 -11.619485
v 0.692725 2.915264 -11.630524
v 0.692962 2.930240 -11.634623
v 0.833886 2.942546 -11.606914
v 0.830998 2.953641 -11.596439
v 0.826800 2.957819 -11.582084
v 0.822417 2.953961 -11.567695
v 0.819022 2.943100 -11.557127
v 0.817526 2.928148 -11.553212
v 0.818329 2.913109 -11.556999
v 0.821217 2.902014 -11.567474
v 0.825415 2.897835 -11.581829
v 0.829798 2.901694 -11.596219
v 0.833193 2.912554 -11.606787
v 0.834689 2.927507 -11.610702
v 0.969921 2.939212 -11.547601
v 0.965161 2.950351 -11.537885
v 0.958358 2.954592 -11.524585
v 0.951336 2.950796 -11.511264
v 0.945976 2.939983 -11.501492
v 0.943715 2.925048 -11.497888
v 0.945158 2.909994 -11.501416
v 0.949918 2.898854 -11.511132
v 0.956721 2.894614 -11.524432
v 0.963743 2.898409 -11.537753
v 0.969102 2.909223 -11.547525
v 0.971364 2.924158 -11.551129
v 1.104907 2.935497 -11.465538
v 1.099300 2.946659 -11.456311
v 1.091325 2.950931 -11.443690
v 1.083117 2.947168 -11.431056
v 1.076877 2.936378 -11.421794
v 1.074275 2.921452 -11.418386
v 1.076010 2.906390 -11.421745
v 1.081617 2.895228 -11.430972
v 1.089592 2.890956 -11.443593
v 1.097800 2.894719 -11.456227
v 1.104040 2.905509 -11.465489
v 1.106642 2.920435 -11.468898
v 1.242783 2.931613 -11.372439
v 1.237057 2.942779 -11.363291
v 1.228922 2.947055 -11.350773
v 1.220558 2.943296 -11.338241
v 1.214204 2.932509 -11.329052
v 1.211565 2.917584 -11.325669
v 1.213347 2.902521 -11.328998
v 1.219072 2.891356 -11.338147
v 1.227207 2.887079 -11.350664
v 1.235572 2.890838 -11.363196
v 1.241925 2.901625 -11.372385
v 1.244565 2.916550 -11.375769
v 1.387071 2.927768 -11.279572
v 1.381823 2.938921 -11.270127
v 1.374359 2.943180 -11.257193
v 1.366682 2.939403 -11.244233
v 1.360847 2.928602 -11.234722
v 1.358418 2.913672 -11.231209
v 1.360046 2.898613 -11.234632
v 1.365294 2.887460 -11.244078
v 1.372757 2.883201 -11.257013
v 1.380435 2.886978 -11.269973
v 1.386270 2.897779 -11.279484
v 1.388699 2.912709 -11.282997
v 1.540950 2.924171 -11.198007
v 1.536782 2.935299 -11.188009
v 1.530834 2.939523 -11.174300
v 1.524700 2.935710 -11.160553
v 1.520024 2.924883 -11.150451
v 1.518058 2.909943 -11.146700
v 1.519329 2.894892 -11.150307
v 1.523497 2.883764 -11.160304
v 1.529445 2.879539 -11.174012
v 1.535579 2.883352 -11.187760
v 1.540255 2.894179 -11.197863
v 1.542221 2.909120 -11.201613
v 1.707542 2.921026 -11.138554
v 1.705089 2.932122 -11.127971
v 1.701543 2.936301 -11.113441
v 1.697854 2.932444 -11.098858
v 1.695010 2.921582 -11.088129
v 1.693773 2.906628 -11.084129
v 1.694475 2.891588 -11.087931
v 1.696927 2.880491 -11.098515
v 1.700473 2.876312 -11.113044
v 1.704162 2.880170 -11.127627
v 1.707006 2.891031 -11.138355
v 1.708243 2.905985 -11.142355
v 1.890344 2.918528 -11.111804
v 1.890123 2.929595 -11.100911
v 1.889698 2.933732 -11.085950
v 1.889184 2.929831 -11.070928
v 1.888718 2.918938 -11.059870
v 1.888425 2.903971 -11.055739
v 1.888384 2.888941 -11.059643
v 1.888605 2.877874 -11.070536
v 1.889030 2.873737 -11.085498
v 1.889544 2.877638 -11.100520
v 1.890010 2.888531 -11.111578
v 1.890303 2.903498 -11.115708
v 2.093467 2.916874 -11.128561
v 2.095626 2.927921 -11.117863
v 2.098531 2.932031 -11.103171
v 2.101402 2.928102 -11.088425
v 2.103471 2.917188 -11.077573
v 2.104183 2.902213 -11.073524
v 2.103348 2.887189 -11.077364
v 2.101189 2.876143 -11.088062
v 2.098285 2.872033 -11.102754
v 2.095414 2.875961 -11.117501
v 2.093345 2.886875 -11.128352
v 2.092632 2.901850 -11.132401
v 2.321089 2.916273 -11.200285
v 2.325384 2.927314 -11.190245
v 2.331275 2.931415 -11.176474
v 2.337183 2.927478 -11.162663
v 2.341525 2.916558 -11.152512
v 2.343138 2.901580 -11.148741
v 2.341590 2.886559 -11.152360
v 2.337295 2.875518 -11.162400
v 2.331404 2.871416 -11.176171
v 2.325496 2.875353 -11.189982
v 2.321154 2.886273 -11.200133
v 2.319541 2.901251 -11.203904
vt 0.000000 1.000000
vt 0.083333 1.000000
vt 0.083333 0.916667
vt 0.000000 0.916667
vt 0.000000 0.083333
vt 0.083333 0.083333
vt 0.083333 0.000000
vt 0.000000 0.000000
vt 0.000000 0.166667
vt 0.083333 0.166667
vt 0.000000 0.250000
vt 0.083333 0.250000
vt 0.000000 0.333333
vt 0.083333 0.333333
vt 0.000000 0.416667
vt 0.083333 0.416667
vt 0.000000 0.500000
vt 0.083333 0.500000
vt 0.000000 0.583333
vt 0.083333 0.583333
vt 0.000000 0.666667
vt 0.083333 0.666667
vt 0.000000 0.750000
vt 0.083333 0.750000
vt 0.000000 0.833333
vt 0.083333 0.833333
vt 0.166667 1.000000
vt 0.166667 0.916667
vt 0.166667 0.083333
vt 0.166667 0.000000
vt 0.166667 0.166667
vt 0.166667 0.250000
vt 0.166667 0.333333
vt 0.166667 0.416667
vt 0.166667 0.500000
vt 0.166667 0.583333
vt 0.166667 0.666667
vt 0.166667 0.750000
vt 0.166667 0.833333
vt 0.250000 1.000000
vt 0.250000 0.916667
vt 0.250000 0.083333
vt 0.250000 0.000000
vt 0.250000 0.166667
vt 0.250000 0.250000
vt 0.250000 0.333333
vt 0.250000 0.416667
vt 0.250000 0.500000
vt 0.250000 0.583333
vt 0.250000 0.666667
vt 0.250000 0.750000
vt 0.250000 0.833333
vt 0.333333 1.000000
vt 0.333333 0.916667
vt 0.333333 0.083333
vt 0.333333 0.000000
vt 0.333333 0.166667
vt 0.333333 0.250000
vt 0.333333 0.333333
vt 0.333333 0.416667
vt 0.333333 0.500000
vt 0.333333 0.583333
vt 0.333333 0.666667
vt 0.333333 0.750000
vt 0.333333 0.833333
vt 0.416667 1.000000
vt 0.416667 0.916667
vt 0.416667 0.083333
vt 0.416667 0.000000
vt 0.416667 0.166667
vt 0.416667 0.250000
vt 0.416667 0.333333
vt 0.416667 0.416667
vt 0.416667 0.500000
vt 0.416667 0.583333
vt 0.416667 0.666667
vt 0.416667 0.750000
vt 0.416667 0.833333
vt 0.500000 1.000000
vt 0.500000 0.916667
vt 0.500000 0.083333
vt 0.500000 0.000000
vt 0.500000 0.166667
vt 0.500000 0.250000
vt 0.500000 0.333333
vt 0.500000 0.416667
vt 0.500000 0.500000
vt 0.500000 0.583333
vt 0.500000 0.666667
vt 0.500000 0.750000
vt 0.500000 0.833333
vt 0.583333 1.000000
vt 0.583333 0.916667
vt 0.583333 0.083333
vt 0.583333 0.000000
vt 0.583333 0.166667
vt 0.583333 0.250000
vt 0.583333 0.333333
vt 0.583333 0.416667
vt 0.583333 0.500000
vt 0.583333 0.583333
vt 0.583333 0.666667
vt 0.583333 0.750000
vt 0.583333 0.833333
vt 0.666667 1.000000
vt 0.666667 0.916667
vt 0.666667 0.083333
vt 0.666667 0.000000
vt 0.666667 0.166667
vt 0.666667 0.250000
vt 0.666667 0.333333
vt 0.666667 0.416667
vt 0.666667 0.500000
vt 0.666667 0.583333
vt 0.666667 0.666667
vt 0.666667 0.750000
vt 0.666667 0.833333
vt 0.750000 1.000000
vt 0.750000 0.916667
vt 0.750000 0.083333
vt 0.750000 0.000000
vt 0.750000 0.166667
vt 0.750000 0.250000
vt 0.750000 0.333333
vt 0.750000 0.416667
vt 0.750000 0.500000
vt 0.750000 0.583333
vt 0.750000 0.666667
vt 0.750000 0.750000
vt 0.750000 0.833333
vt 0.833333 1.000000
vt 0.833333 0.916667
vt 0.833333 0.083333
vt 0.833333 0.000000
vt 0.833333 0.166667
vt 0.833333 0.250000
vt 0.833333 0.333333
vt 0.833333 0.416667
vt 0.833333 0.500000
vt 0.833333 0.583333
vt 0.833333 0.666667
vt 0.833333 0.750000
vt 0.833333 0.833333
vt 0.916667 1.000000
vt 0.916667 0.916667
vt 0.916667 0.083333
vt 0.916667 0.000000
vt 0.916667 0.166667
vt 0.916667 0.250000
vt 0.916667 0.333333
vt 0.916667 0.416667
vt 0.916667 0.500000
vt 0.916667 0.583333
vt 0.916667 0.666667
vt 0.916667 0.750000
vt 0.916667 0.833333
vt 1.000000 1.000000
vt 1.000000 0.916667
vt 1.000000 0.083333
vt 1.000000 0.000000
vt 1.000000 0.166667
vt 1.000000 0.250000
vt 1.000000 0.333333
vt 1.000000 0.416667
vt 1.000000 0.500000
vt 1.000000 0.583333
vt 1.000000 0.666667
vt 1.000000 0.750000
vt 1.000000 0.833333
vn -0.4213 0.4864 -0.7654
vn -0.2847 0.4882 -0.8250
vn -0.3305 -0.0006 -0.9438
vn -0.4840 0.0006 -0.8751
vn -0.2496 0.8535 -0.4575
vn -0.1656 0.8538 -0.4936
vn -0.0081 0.9997 -0.0224
vn -0.0020 0.9995 -0.0300
vn 0.2387 0.8738 0.4237
vn 0.1645 0.8790 0.4476
vn 0.4201 0.5062 0.7532
vn 0.2879 0.5144 0.8078
vn 0.4854 0.0006 0.8743
vn 0.3312 0.0020 0.9435
vn 0.4172 -0.5051 0.7555
vn 0.2807 -0.5112 0.8123
vn 0.2337 -0.8731 0.4279
vn 0.1521 -0.8775 0.4549
vn -0.0140 -0.9997 -0.0178
vn -0.0163 -0.9996 -0.0224
vn -0.2550 -0.8535 -0.4543
vn -0.1781 -0.8547 -0.4877
vn -0.4247 -0.4857 -0.7640
vn -0.2919 -0.4893 -0.8218
vn 0.0072 0.4848 -0.8746
vn -0.0007 -0.0046 -1.0000
vn 0.0132 0.8517 -0.5238
vn 0.0157 0.9993 -0.0329
vn 0.0138 0.8809 0.4731
vn 0.0077 0.5180 0.8553
vn -0.0007 0.0061 1.0000
vn -0.0086 -0.5078 0.8614
vn -0.0140 -0.8755 0.4829
vn -0.0159 -0.9996 -0.0225
vn -0.0138 -0.8568 -0.5154
vn -0.0083 -0.4930 -0.8700
vn 0.2595 0.4824 -0.8367
vn 0.2850 -0.0101 -0.9585
vn 0.1665 0.8517 -0.4969
vn 0.0287 0.9993 -0.0235
vn -0.1186 0.8797 0.4606
vn -0.2353 0.5181 0.8223
vn -0.2873 0.0112 0.9578
vn -0.2590 -0.4990 0.8270
vn -0.1592 -0.8691 0.4684
vn -0.0174 -0.9997 -0.0150
vn 0.1271 -0.8624 -0.4900
vn 0.2370 -0.5002 -0.8329
vn 0.4134 0.4821 -0.7724
vn 0.4602 -0.0145 -0.8877
vn 0.2575 0.8533 -0.4534
vn 0.0324 0.9994 -0.0124
vn -0.2030 0.8777 0.4341
vn -0.3845 0.5174 0.7645
vn -0.4614 0.0151 0.8870
vn -0.4121 -0.4914 0.7673
vn -0.2506 -0.8630 0.4387
vn -0.0222 -0.9997 -0.0073
vn 0.2107 -0.8682 -0.4492
vn 0.3865 -0.5075 -0.7701
vn 0.4820 0.4833 -0.7308
vn 0.5393 -0.0169 -0.8420
vn 0.2963 0.8554 -0.4249
vn 0.0310 0.9995 -0.0049
vn -0.2432 0.8757 0.4171
vn -0.4523 0.5160 0.7274
vn -0.5396 0.0170 0.8418
vn -0.4813 -0.4866 0.7291
vn -0.2933 -0.8588 0.4200
vn -0.0268 -0.9996 -0.0017
vn 0.2464 -0.8724 -0.4222
vn 0.4532 -0.5126 -0.7292
vn 0.4904 0.4855 -0.7237
vn 0.5500 -0.0173 -0.8350
vn 0.2991 0.8578 -0.4180
vn 0.0276 0.9996 -0.0003
vn -0.2511 0.8734 0.4172
vn -0.4623 0.5138 0.7227
vn -0.5500 0.0171 0.8350
vn -0.4908 -0.4841 0.7244
vn -0.3005 -0.8562 0.4203
vn -0.0296 -0.9996 0.0033
vn 0.2495 -0.8750 -0.4148
vn 0.4618 -0.5155 -0.7218
vn 0.4498 0.4887 -0.7475
vn 0.5049 -0.0163 -0.8630
vn 0.2730 0.8607 -0.4298
vn 0.0232 0.9997 0.0030
vn -0.2320 0.8707 0.4337
vn -0.4246 0.5105 0.7477
vn -0.5045 0.0158 0.8632
vn -0.4510 -0.4830 0.7505
vn -0.2779 -0.8546 0.4386
vn -0.0302 -0.9995 0.0090
vn 0.2265 -0.8767 -0.4244
vn 0.4228 -0.5168 -0.7444
vn 0.3595 0.4929 -0.7923
vn 0.4030 -0.0141 -0.9151
vn 0.2180 0.8641 -0.4537
vn 0.0184 0.9998 0.0061
vn -0.1850 0.8675 0.4618
vn -0.3384 0.5064 0.7932
vn -0.4025 0.0133 0.9153
vn -0.3611 -0.4831 0.7976
vn -0.2247 -0.8537 0.4697
vn -0.0279 -0.9995 0.0157
vn 0.1776 -0.8777 -0.4450
vn 0.3360 -0.5172 -0.7872
vn 0.2172 0.4975 -0.8399
vn 0.2415 -0.0113 -0.9703
vn 0.1333 0.8676 -0.4791
vn 0.0139 0.9999 0.0092
vn -0.1081 0.8642 0.4914
vn -0.2008 0.5020 0.8412
vn -0.2409 0.0102 0.9705
vn -0.2183 -0.4841 0.8473
vn -0.1386 -0.8535 0.5023
vn -0.0217 -0.9995 0.0224
vn 0.1020 -0.8783 -0.4671
vn 0.1989 -0.5168 -0.8327
vn 0.0327 0.5012 -0.8647
vn 0.0314 -0.0085 -0.9995
vn 0.0250 0.8702 -0.4921
vn 0.0105 0.9999 0.0112
vn -0.0065 0.8618 0.5072
vn -0.0217 0.4986 0.8665
vn -0.0312 0.0073 0.9995
vn -0.0326 -0.4858 0.8735
vn -0.0256 -0.8541 0.5195
vn -0.0117 -0.9996 0.0262
vn 0.0055 -0.8781 -0.4785
vn 0.0213 -0.5156 -0.8565
vn -0.1638 0.5025 -0.8489
vn -0.1926 -0.0066 -0.9813
vn -0.0900 0.8709 -0.4831
vn 0.0076 0.9999 0.0111
vn 0.1024 0.8611 0.4981
vn 0.1696 0.4971 0.8509
vn 0.1924 0.0055 0.9813
vn 0.1654 -0.4874 0.8573
vn 0.0952 -0.8552 0.5095
vn -0.0006 -0.9997 0.0249
vn -0.0971 -0.8770 -0.4705
vn -0.1679 -0.5138 -0.8413
vn -0.2591 0.5000 -0.8264
vn -0.3005 -0.0060 -0.9537
vn -0.1466 0.8690 -0.4726
vn 0.0056 0.9999 0.0094
vn 0.1551 0.8605 0.4853
vn 0.2620 0.4954 0.8282
vn 0.3003 0.0050 0.9538
vn 0.2612 -0.4866 0.8337
vn 0.1537 -0.8549 0.4955
vn 0.0042 -0.9998 0.0219
vn -0.1477 -0.8748 -0.4614
vn -0.2597 -0.5102 -0.8199
usemtl cables
s 1
f 5254/8099/2172 5266/8100/2173 5277/8101/2174 5265/8102/2175
f 5255/8103/2176 5267/8104/2177 5266/8105/2173 5254/8106/2172
f 5256/8107/2178 5268/8108/2179 5267/8104/2177 5255/8103/2176
f 5257/8109/2180 5269/8110/2181 5268/8108/2179 5256/8107/2178
f 5258/8111/2182 5270/8112/2183 5269/8110/2181 5257/8109/2180
f 5259/8113/2184 5271/8114/2185 5270/8112/2183 5258/8111/2182
f 5260/8115/2186 5272/8116/2187 5271/8114/2185 5259/8113/2184
f 5261/8117/2188 5273/8118/2189 5272/8116/2187 5260/8115/2186
f 5262/8119/2190 5274/8120/2191 5273/8118/2189 5261/8117/2188
f 5263/8121/2192 5275/8122/2193 5274/8120/2191 5262/8119/2190
f 5264/8123/2194 5276/8124/2195 5275/8122/2193 5263/8121/2192
f 5265/8102/2175 5277/8101/2174 5276/8124/2195 5264/8123/2194
f 5266/8100/2173 5278/8125/2196 5289/8126/2197 5277/8101/2174
f 5267/8104/2177 5279/8127/2198 5278/8128/2196 5266/8105/2173
f 5268/8108/2179 5280/8129/2199 5279/8127/2198 5267/8104/2177
f 5269/8110/2181 5281/8130/2200 5280/8129/2199 5268/8108/2179
f 5270/8112/2183 5282/8131/2201 5281/8130/2200 5269/8110/2181
f 5271/8114/2185 5283/8132/2202 5282/8131/2201 5270/8112/2183
f 5272/8116/2187 5284/8133/2203 5283/8132/2202 5271/8114/2185
f 5273/8118/2189 5285/8134/2204 5284/8133/2203 5272/8116/2187
f 5274/8120/2191 5286/8135/2205 5285/8134/2204 5273/8118/2189
f 5275/8122/2193 5287/8136/2206 5286/8135/2205 5274/8120/2191
f 5276/8124/2195 5288/8137/2207 5287/8136/2206 5275/8122/2193
f 5277/8101/2174 5289/8126/2197 5288/8137/2207 5276/8124/2195
f 5278/8125/2196 5290/8138/2208 5301/8139/2209 5289/8126/2197
f 5279/8127/2198 5291/8140/2210 5290/8141/2208 5278/8128/2196
f 5280/8129/2199 5292/8142/2211 5291/8140/2210 5279/8127/2198
f 5281/8130/2200 5293/8143/2212 5292/8142/2211 5280/8129/2199
f 5282/8131/2201 5294/8144/2213 5293/8143/2212 5281/8130/2200
f 5283/8132/2202 5295/8145/2214 5294/8144/2213 5282/8131/2201
f 5284/8133/2203 5296/8146/2215 5295/8145/2214 5283/8132/2202
f 5285/8134/2204 5297/8147/2216 5296/8146/2215 5284/8133/2203
f 5286/8135/2205 5298/8148/2217 5297/8147/2216 5285/8134/2204
f 5287/8136/2206 5299/8149/2218 5298/8148/2217 5286/8135/2205
f 5288/8137/2207 5300/8150/2219 5299/8149/2218 5287/8136/2206
f 5289/8126/2197 5301/8139/2209 5300/8150/2219 5288/8137/2207
f 5290/8138/2208 5302/8151/2220 5313/8152/2221 5301/8139/2209
f 5291/8140/2210 5303/8153/2222 5302/8154/2220 5290/8141/2208
f 5292/8142/2211 5304/8155/2223 5303/8153/2222 5291/8140/2210
f 5293/8143/2212 5305/8156/2224 5304/8155/2223 5292/8142/2211
f 5294/8144/2213 5306/8157/2225 5305/8156/2224 5293/8143/2212
f 5295/8145/2214 5307/8158/2226 5306/8157/2225 5294/8144/2213
f 5296/8146/2215 5308/8159/2227 5307/8158/2226 5295/8145/2214
f 5297/8147/2216 5309/8160/2228 5308/8159/2227 5296/8146/2215
f 5298/8148/2217 5310/8161/2229 5309/8160/2228 5297/8147/2216
f 5299/8149/2218 5311/8162/2230 5310/8161/2229 5298/8148/2217
f 5300/8150/2219 5312/8163/2231 5311/8162/2230 5299/8149/2218
f 5301/8139/2209 5313/8152/2221 5312/8163/2231 5300/8150/2219
f 5302/8151/2220 5314/8164/2232 5325/8165/2233 5313/8152/2221
f 5303/8153/2222 5315/8166/2234 5314/8167/2232 5302/8154/2220
f 5304/8155/2223 5316/8168/2235 5315/8166/2234 5303/8153/2222
f 5305/8156/2224 5317/8169/2236 5316/8168/2235 5304/8155/2223
f 5306/8157/2225 5318/8170/2237 5317/8169/2236 5305/8156/2224
f 5307/8158/2226 5319/8171/2238 5318/8170/2237 5306/8157/2225
f 5308/8159/2227 5320/8172/2239 5319/8171/2238 5307/8158/2226
f 5309/8160/2228 5321/8173/2240 5320/8172/2239 5308/8159/2227
f 5310/8161/2229 5322/8174/2241 5321/8173/2240 5309/8160/2228
f 5311/8162/2230 5323/8175/2242 5322/8174/2241 5310/8161/2229
f 5312/8163/2231 5324/8176/2243 5323/8175/2242 5311/8162/2230
f 5313/8152/2221 5325/8165/2233 5324/8176/2243 5312/8163/2231
f 5314/8164/2232 5326/8177/2244 5337/8178/2245 5325/8165/2233
f 5315/8166/2234 5327/8179/2246 5326/8180/2244 5314/8167/2232
f 5316/8168/2235 5328/8181/2247 5327/8179/2246 5315/8166/2234
f 5317/8169/2236 5329/8182/2248 5328/8181/2247 5316/8168/2235
f 5318/8170/2237 5330/8183/2249 5329/8182/2248 5317/8169/2236
f 5319/8171/2238 5331/8184/2250 5330/8183/2249 5318/8170/2237
f 5320/8172/2239 5332/8185/2251 5331/8184/2250 5319/8171/2238
f 5321/8173/2240 5333/8186/2252 5332/8185/2251 5320/8172/2239
f 5322/8174/2241 5334/8187/2253 5333/8186/2252 5321/8173/2240
f 5323/8175/2242 5335/8188/2254 5334/8187/2253 5322/8174/2241
f 5324/8176/2243 5336/8189/2255 5335/8188/2254 5323/8175/2242
f 5325/8165/2233 5337/8178/2245 5336/8189/2255 5324/8176/2243
f 5326/8177/2244 5338/8190/2256 5349/8191/2257 5337/8178/2245
f 5327/8179/2246 5339/8192/2258 5338/8193/2256 5326/8180/2244
f 5328/8181/2247 5340/8194/2259 5339/8192/2258 5327/8179/2246
f 5329/8182/2248 5341/8195/2260 5340/8194/2259 5328/8181/2247
f 5330/8183/2249 5342/8196/2261 5341/8195/2260 5329/8182/2248
f 5331/8184/2250 5343/8197/2262 5342/8196/2261 5330/8183/2249
f 5332/8185/2251 5344/8198/2263 5343/8197/2262 5331/8184/2250
f 5333/8186/2252 5345/8199/2264 5344/8198/2263 5332/8185/2251
f 5334/8187/2253 5346/8200/2265 5345/8199/2264 5333/8186/2252
f 5335/8188/2254 5347/8201/2266 5346/8200/2265 5334/8187/2253
f 5336/8189/2255 5348/8202/2267 5347/8201/2266 5335/8188/2254
f 5337/8178/2245 5349/8191/2257 5348/8202/2267 5336/8189/2255
f 5338/8190/2256 5350/8203/2268 5361/8204/2269 5349/8191/2257
f 5339/8192/2258 5351/8205/2270 5350/8206/2268 5338/8193/2256
f 5340/8194/2259 5352/8207/2271 5351/8205/2270 5339/8192/2258
f 5341/8195/2260 5353/8208/2272 5352/8207/2271 5340/8194/2259
f 5342/8196/2261 5354/8209/2273 5353/8208/2272 5341/8195/2260
f 5343/8197/2262 5355/8210/2274 5354/8209/2273 5342/8196/2261
f 5344/8198/2263 5356/8211/2275 5355/8210/2274 5343/8197/2262
f 5345/8199/2264 5357/8212/2276 5356/8211/2275 5344/8198/2263
f 5346/8200/2265 5358/8213/2277 5357/8212/2276 5345/8199/2264
f 5347/8201/2266 5359/8214/2278 5358/8213/2277 5346/8200/2265
f 5348/8202/2267 5360/8215/2279 5359/8214/2278 5347/8201/2266
f 5349/8191/2257 5361/8204/2269 5360/8215/2279 5348/8202/2267
f 5350/8203/2268 5362/8216/2280 5373/8217/2281 5361/8204/2269
f 5351/8205/2270 5363/8218/2282 5362/8219/2280 5350/8206/2268
f 5352/8207/2271 5364/8220/2283 5363/8218/2282 5351/8205/2270
f 5353/8208/2272 5365/8221/2284 5364/8220/2283 5352/8207/2271
f 5354/8209/2273 5366/8222/2285 5365/8221/2284 5353/8208/2272
f 5355/8210/2274 5367/8223/2286 5366/8222/2285 5354/8209/2273
f 5356/8211/2275 5368/8224/2287 5367/8223/2286 5355/8210/2274
f 5357/8212/2276 5369/8225/2288 5368/8224/2287 5356/8211/2275
f 5358/8213/2277 5370/8226/2289 5369/8225/2288 5357/8212/2276
f 5359/8214/2278 5371/8227/2290 5370/8226/2289 5358/8213/2277
f 5360/8215/2279 5372/8228/2291 5371/8227/2290 5359/8214/2278
f 5361/8204/2269 5373/8217/2281 5372/8228/2291 5360/8215/2279
f 5362/8216/2280 5374/8229/2292 5385/8230/2293 5373/8217/2281
f 5363/8218/2282 5375/8231/2294 5374/8232/2292 5362/8219/2280
f 5364/8220/2283 5376/8233/2295 5375/8231/2294 5363/8218/2282
f 5365/8221/2284 5377/8234/2296 5376/8233/2295 5364/8220/2283
f 5366/8222/2285 5378/8235/2297 5377/8234/2296 5365/8221/2284
f 5367/8223/2286 5379/8236/2298 5378/8235/2297 5366/8222/2285
f 5368/8224/2287 5380/8237/2299 5379/8236/2298 5367/8223/2286
f 5369/8225/2288 5381/8238/2300 5380/8237/2299 5368/8224/2287
f 5370/8226/2289 5382/8239/2301 5381/8238/2300 5369/8225/2288
f 5371/8227/2290 5383/8240/2302 5382/8239/2301 5370/8226/2289
f 5372/8228/2291 5384/8241/2303 5383/8240/2302 5371/8227/2290
f 5373/8217/2281 5385/8230/2293 5384/8241/2303 5372/8228/2291
f 5374/8229/2292 5386/8242/2304 5397/8243/2305 5385/8230/2293
f 5375/8231/2294 5387/8244/2306 5386/8245/2304 5374/8232/2292
f 5376/8233/2295 5388/8246/2307 5387/8244/2306 5375/8231/2294
f 5377/8234/2296 5389/8247/2308 5388/8246/2307 5376/8233/2295
f 5378/8235/2297 5390/8248/2309 5389/8247/2308 5377/8234/2296
f 5379/8236/2298 5391/8249/2310 5390/8248/2309 5378/8235/2297
f 5380/8237/2299 5392/8250/2311 5391/8249/2310 5379/8236/2298
f 5381/8238/2300 5393/8251/2312 5392/8250/2311 5380/8237/2299
f 5382/8239/2301 5394/8252/2313 5393/8251/2312 5381/8238/2300
f 5383/8240/2302 5395/8253/2314 5394/8252/2313 5382/8239/2301
f 5384/8241/2303 5396/8254/2315 5395/8253/2314 5383/8240/2302
f 5385/8230/2293 5397/8243/2305 5396/8254/2315 5384/8241/2303
f 5386/8242/2304 5398/8255/2316 5409/8256/2317 5397/8243/2305
f 5387/8244/2306 5399/8257/2318 5398/8258/2316 5386/8245/2304
f 5388/8246/2307 5400/8259/2319 5399/8257/2318 5387/8244/2306
f 5389/8247/2308 5401/8260/2320 5400/8259/2319 5388/8246/2307
f 5390/8248/2309 5402/8261/2321 5401/8260/2320 5389/8247/2308
f 5391/8249/2310 5403/8262/2322 5402/8261/2321 5390/8248/2309
f 5392/8250/2311 5404/8263/2323 5403/8262/2322 5391/8249/2310
f 5393/8251/2312 5405/8264/2324 5404/8263/2323 5392/8250/2311
f 5394/8252/2313 5406/8265/2325 5405/8264/2324 5393/8251/2312
f 5395/8253/2314 5407/8266/2326 5406/8265/2325 5394/8252/2313
f 5396/8254/2315 5408/8267/2327 5407/8266/2326 5395/8253/2314
f 5397/8243/2305 5409/8256/2317 5408/8267/2327 5396/8254/2315
o BezierCurve.003_BezierCurve.004
v -4.370028 2.209263 -10.494761
v -4.355288 2.199913 -10.480554
v -4.341140 2.183198 -10.475353
v -4.331378 2.163597 -10.480554
v -4.328616 2.146360 -10.494761
v -4.333595 2.136108 -10.514170
v -4.344980 2.135587 -10.533578
v -4.359721 2.144937 -10.547786
v -4.373868 2.161652 -10.552986
v -4.383630 2.181254 -10.547786
v -4.386392 2.198490 -10.533578
v -4.381413 2.208742 -10.514170
v -4.329980 2.237466 -10.504325
v -4.319290 2.225369 -10.488640
v -4.306301 2.207870 -10.483018
v -4.294491 2.189656 -10.488964
v -4.287026 2.175607 -10.504886
v -4.285906 2.169490 -10.526517
v -4.291431 2.172941 -10.548060
v -4.302120 2.185037 -10.563745
v -4.315110 2.202537 -10.569367
v -4.326919 2.220751 -10.563421
v -4.334384 2.234799 -10.547500
v -4.335505 2.240917 -10.525868
v -4.252016 2.291362 -10.507069
v -4.243160 2.278018 -10.491255
v -4.231092 2.259890 -10.485567
v -4.219047 2.241837 -10.491530
v -4.210250 2.228696 -10.507545
v -4.207060 2.223987 -10.529323
v -4.210332 2.228973 -10.551025
v -4.219188 2.242317 -10.566839
v -4.231255 2.260445 -10.572527
v -4.243300 2.278498 -10.566564
v -4.252097 2.291639 -10.550548
v -4.255287 2.296348 -10.528771
v -4.144711 2.360288 -10.502803
v -4.137038 2.346190 -10.487024
v -4.125964 2.327430 -10.481366
v -4.114458 2.309034 -10.487346
v -4.105600 2.295931 -10.503359
v -4.101767 2.291632 -10.525117
v -4.103983 2.297289 -10.546788
v -4.111656 2.311387 -10.562567
v -4.122729 2.330147 -10.568225
v -4.134236 2.348543 -10.562246
v -4.143093 2.361646 -10.546232
v -4.146927 2.365945 -10.524474
v -4.014493 2.434906 -10.493406
v -4.007943 2.420171 -10.477703
v -3.998103 2.400712 -10.472129
v -3.987609 2.381741 -10.478176
v -3.979272 2.368343 -10.494226
v -3.975327 2.364107 -10.515975
v -3.976831 2.370168 -10.537599
v -3.983381 2.384903 -10.553302
v -3.993221 2.404362 -10.558876
v -4.003716 2.423333 -10.552829
v -4.012052 2.436731 -10.536779
v -4.015996 2.440967 -10.515030
v -3.866832 2.506472 -10.480926
v -3.861574 2.491121 -10.465328
v -3.853364 2.470883 -10.459887
v -3.844401 2.451182 -10.466059
v -3.837089 2.437295 -10.482191
v -3.833384 2.432945 -10.503962
v -3.834281 2.439296 -10.525536
v -3.839540 2.454646 -10.541133
v -3.847750 2.474884 -10.546575
v -3.856712 2.494585 -10.540401
v -3.864025 2.508472 -10.524269
v -3.867730 2.512823 -10.502500
v -3.706876 2.566298 -10.467421
v -3.703267 2.550346 -10.451959
v -3.697301 2.529290 -10.446701
v -3.690577 2.508773 -10.453056
v -3.684895 2.494292 -10.469322
v -3.681778 2.489726 -10.491140
v -3.682063 2.496301 -10.512665
v -3.685671 2.512253 -10.528127
v -3.691638 2.533308 -10.533384
v -3.698362 2.553826 -10.527029
v -3.704044 2.568307 -10.510762
v -3.707160 2.572872 -10.488945
v -3.539540 2.605520 -10.454971
v -3.538158 2.589073 -10.439669
v -3.535350 2.567316 -10.434638
v -3.531869 2.546078 -10.441226
v -3.528647 2.531050 -10.457669
v -3.526547 2.526259 -10.479560
v -3.526133 2.532989 -10.501034
v -3.527515 2.549436 -10.516335
v -3.530323 2.571193 -10.521367
v -3.533804 2.592431 -10.514778
v -3.537026 2.607459 -10.498336
v -3.539125 2.612249 -10.476445
v -3.369709 2.614810 -10.445725
v -3.371336 2.598242 -10.430577
v -3.372899 2.576310 -10.425772
v -3.373978 2.554889 -10.432595
v -3.374286 2.539720 -10.449220
v -3.373738 2.534866 -10.471190
v -3.372483 2.541630 -10.492620
v -3.370856 2.558197 -10.507769
v -3.369294 2.580130 -10.512574
v -3.368214 2.601551 -10.505751
v -3.367907 2.616720 -10.489126
v -3.368454 2.621573 -10.467155
v -3.202959 2.584216 -10.441966
v -3.208322 2.568385 -10.426892
v -3.215389 2.547539 -10.422194
v -3.222269 2.527263 -10.429132
v -3.227116 2.512990 -10.445847
v -3.228633 2.508544 -10.467857
v -3.226412 2.515117 -10.489269
v -3.221049 2.530947 -10.504343
v -3.213982 2.551793 -10.509040
v -3.207102 2.572069 -10.502103
v -3.202255 2.586342 -10.485389
v -3.200738 2.590788 -10.463377
v -3.046574 2.504052 -10.446044
v -3.055747 2.490195 -10.430865
v -3.068482 2.472283 -10.426011
v -3.081367 2.455117 -10.432783
v -3.090950 2.443295 -10.449367
v -3.094663 2.439986 -10.471317
v -3.091511 2.446077 -10.492754
v -3.082338 2.459934 -10.507934
v -3.069603 2.477846 -10.512787
v -3.056718 2.495012 -10.506016
v -3.047135 2.506834 -10.489432
v -3.043422 2.510143 -10.467482
v -2.908754 2.366663 -10.460062
v -2.920860 2.355678 -10.444591
v -2.937989 2.342070 -10.439299
v -2.955550 2.329484 -10.445604
v -2.968839 2.321293 -10.461818
v -2.974294 2.319691 -10.483596
v -2.970455 2.325108 -10.505101
v -2.958349 2.336092 -10.520573
v -2.941220 2.349700 -10.525865
v -2.923659 2.362286 -10.519558
v -2.910370 2.370478 -10.503345
v -2.904914 2.372080 -10.481567
v -2.796401 2.166658 -10.485634
v -2.810222 2.158578 -10.469813
v -2.829827 2.149164 -10.464019
v -2.849963 2.140938 -10.469802
v -2.865235 2.136104 -10.485613
v -2.871550 2.135958 -10.507215
v -2.867217 2.140539 -10.528821
v -2.853395 2.148619 -10.544641
v -2.833790 2.158034 -10.550435
v -2.813654 2.166260 -10.544653
v -2.798383 2.171093 -10.528842
v -2.792067 2.171239 -10.507239
v -2.758699 2.054782 -10.498818
v -2.773454 2.049380 -10.482704
v -2.794252 2.043386 -10.476532
v -2.815520 2.038407 -10.481957
v -2.831561 2.035778 -10.497525
v -2.838075 2.036201 -10.519065
v -2.833317 2.039565 -10.540805
v -2.818562 2.044968 -10.556920
v -2.797764 2.050961 -10.563091
v -2.776495 2.055940 -10.557667
v -2.760455 2.058570 -10.542098
v -2.753941 2.058146 -10.520558
v -2.740566 1.956841 -10.506513
v -2.755804 1.953946 -10.490204
v -2.777158 1.950837 -10.483809
v -2.798907 1.948347 -10.489040
v -2.815222 1.947142 -10.504498
v -2.821732 1.947547 -10.526039
v -2.816693 1.949451 -10.547893
v -2.801455 1.952346 -10.564201
v -2.780100 1.955455 -10.570597
v -2.758352 1.957945 -10.565365
v -2.742037 1.959149 -10.549907
v -2.735526 1.958745 -10.528366
v -2.734394 1.872509 -10.509619
v -2.749801 1.871531 -10.493240
v -2.771330 1.870408 -10.486773
v -2.793212 1.869441 -10.491951
v -2.809584 1.868888 -10.507385
v -2.816060 1.868899 -10.528940
v -2.810903 1.869470 -10.550841
v -2.795496 1.870447 -10.567220
v -2.773968 1.871570 -10.573687
v -2.752085 1.872537 -10.568510
v -2.735713 1.873090 -10.553076
v -2.729238 1.873079 -10.531520
v -2.732829 1.802588 -10.509120
v -2.748271 1.802361 -10.492747
v -2.769815 1.801549 -10.486283
v -2.791687 1.800369 -10.491459
v -2.808027 1.799138 -10.506887
v -2.814457 1.798185 -10.528436
v -2.809254 1.797766 -10.550329
v -2.793812 1.797993 -10.566702
v -2.772268 1.798805 -10.573166
v -2.750396 1.799985 -10.567990
v -2.734056 1.801216 -10.552562
v -2.727626 1.802169 -10.531013
v -2.729195 1.748281 -10.506217
v -2.744510 1.746893 -10.489782
v -2.765793 1.743708 -10.483191
v -2.787342 1.739578 -10.488208
v -2.803382 1.735611 -10.503490
v -2.809616 1.732869 -10.524942
v -2.804373 1.732087 -10.546816
v -2.789058 1.733474 -10.563251
v -2.767775 1.736659 -10.569843
v -2.746226 1.740789 -10.564825
v -2.730186 1.744756 -10.549543
v -2.723952 1.747499 -10.528091
v -2.718958 1.709827 -10.502263
v -2.733098 1.704863 -10.485470
v -2.752530 1.696044 -10.478314
v -2.772048 1.685736 -10.482713
v -2.786423 1.676700 -10.497488
v -2.791802 1.671356 -10.518680
v -2.786744 1.671138 -10.540610
v -2.772604 1.676103 -10.557403
v -2.753172 1.684921 -10.564559
v -2.733654 1.695229 -10.560160
v -2.719280 1.704265 -10.545385
v -2.713901 1.709609 -10.524194
v -2.697631 1.681890 -10.497890
v -2.708373 1.672544 -10.480458
v -2.722826 1.657305 -10.472366
v -2.737116 1.640256 -10.475783
v -2.747414 1.625963 -10.489792
v -2.750962 1.618258 -10.510640
v -2.746808 1.619205 -10.532740
v -2.736065 1.628551 -10.550171
v -2.721613 1.643790 -10.558263
v -2.707323 1.660839 -10.554846
v -2.697024 1.675132 -10.540837
v -2.693477 1.682837 -10.519990
v -2.654037 1.657776 -10.492821
v -2.660486 1.645805 -10.474885
v -2.668911 1.626880 -10.466085
v -2.677057 1.606072 -10.468780
v -2.682738 1.588957 -10.482246
v -2.684434 1.580119 -10.502876
v -2.681690 1.581929 -10.525143
v -2.675241 1.593899 -10.543078
v -2.666816 1.612824 -10.551878
v -2.658670 1.633632 -10.549183
v -2.652989 1.650748 -10.535717
v -2.651293 1.659585 -10.515086
v -2.576178 1.637898 -10.487614
v -2.579473 1.625011 -10.469457
v -2.583649 1.604853 -10.460361
v -2.587586 1.582823 -10.462760
v -2.590231 1.564825 -10.476014
v -2.590874 1.555682 -10.496571
v -2.589342 1.557843 -10.518922
v -2.586047 1.570730 -10.537078
v -2.581871 1.590889 -10.546175
v -2.577933 1.612919 -10.543775
v -2.575289 1.630916 -10.530520
v -2.574646 1.640059 -10.509964
v -2.457233 1.624611 -10.483494
v -2.458632 1.611480 -10.465267
v -2.460366 1.591006 -10.456080
v -2.461972 1.568676 -10.458395
v -2.463018 1.550472 -10.471590
v -2.463224 1.541273 -10.492130
v -2.462536 1.543543 -10.514512
v -2.461136 1.556674 -10.532738
v -2.459402 1.577147 -10.541925
v -2.457796 1.599478 -10.539611
v -2.456750 1.617681 -10.526416
v -2.456544 1.626880 -10.505876
v -2.291614 1.618570 -10.481536
v -2.291886 1.605388 -10.463295
v -2.292245 1.584853 -10.454090
v -2.292595 1.562466 -10.456388
v -2.292843 1.544226 -10.469572
v -2.292922 1.535021 -10.490110
v -2.292810 1.537317 -10.512500
v -2.292538 1.550499 -10.530741
v -2.292178 1.571034 -10.539947
v -2.291828 1.593421 -10.537649
v -2.291580 1.611661 -10.524465
v -2.291502 1.620866 -10.503926
v -2.072959 1.619575 -10.482660
v -2.072694 1.606391 -10.464420
v -2.072435 1.585853 -10.455216
v -2.072253 1.563465 -10.457515
v -2.072195 1.545224 -10.470700
v -2.072277 1.536019 -10.491239
v -2.072478 1.538316 -10.513628
v -2.072743 1.551500 -10.531868
v -2.073002 1.572037 -10.541071
v -2.073184 1.594426 -10.538773
v -2.073242 1.612667 -10.525587
v -2.073160 1.621872 -10.505049
v -1.853977 1.622513 -10.485059
v -1.853673 1.609330 -10.466820
v -1.853388 1.588792 -10.457616
v -1.853200 1.566404 -10.459915
v -1.853159 1.548163 -10.473100
v -1.853275 1.538957 -10.493638
v -1.853518 1.541254 -10.516026
v -1.853823 1.554437 -10.534266
v -1.854107 1.574975 -10.543469
v -1.854295 1.597364 -10.541171
v -1.854336 1.615605 -10.527986
v -1.854220 1.624810 -10.507447
v -1.645736 1.623640 -10.486896
v -1.645569 1.610456 -10.468655
v -1.645455 1.589917 -10.459450
v -1.645425 1.567528 -10.461747
v -1.645487 1.549286 -10.474932
v -1.645625 1.540081 -10.495469
v -1.645801 1.542378 -10.517859
v -1.645969 1.555562 -10.536099
v -1.646083 1.576100 -10.545304
v -1.646113 1.598490 -10.543007
v -1.646050 1.616732 -10.529822
v -1.645913 1.625937 -10.509285
v -1.445987 1.623406 -10.488193
v -1.445938 1.610222 -10.469951
v -1.445962 1.589684 -10.460745
v -1.446053 1.567294 -10.463041
v -1.446187 1.549052 -10.476225
v -1.446327 1.539847 -10.496763
v -1.446437 1.542144 -10.519153
v -1.446487 1.555328 -10.537395
v -1.446463 1.575866 -10.546600
v -1.446372 1.598256 -10.544304
v -1.446238 1.616497 -10.531120
v -1.446097 1.625703 -10.510582
v -1.252176 1.622266 -10.488976
v -1.252218 1.609083 -10.470734
v -1.252339 1.588545 -10.461527
v -1.252505 1.566156 -10.463823
v -1.252671 1.547914 -10.477007
v -1.252794 1.538709 -10.497545
v -1.252841 1.541005 -10.519935
v -1.252798 1.554189 -10.538177
v -1.252677 1.574727 -10.547383
v -1.252512 1.597116 -10.545087
v -1.252345 1.615357 -10.531903
v -1.252222 1.624563 -10.511365
v -1.061742 1.620675 -10.489271
v -1.061846 1.607492 -10.471029
v -1.062014 1.586955 -10.461823
v -1.062202 1.564566 -10.464119
v -1.062359 1.546324 -10.477303
v -1.062443 1.537119 -10.497841
v -1.062432 1.539415 -10.520230
v -1.062328 1.552598 -10.538472
v -1.062159 1.573135 -10.547679
v -1.061971 1.595524 -10.545382
v -1.061814 1.613766 -10.532199
v -1.061730 1.622972 -10.511661
v -0.872119 1.619088 -10.489105
v -0.872250 1.605905 -10.470863
v -0.872415 1.585367 -10.461658
v -0.872570 1.562978 -10.463954
v -0.872674 1.544737 -10.477137
v -0.872698 1.535530 -10.497675
v -0.872637 1.537826 -10.520065
v -0.872506 1.551009 -10.538307
v -0.872341 1.571546 -10.547513
v -0.872186 1.593936 -10.545217
v -0.872082 1.612177 -10.532034
v -0.872058 1.621384 -10.511496
v -0.680734 1.617957 -10.488505
v -0.680856 1.604774 -10.470263
v -0.680966 1.584237 -10.461058
v -0.681035 1.561847 -10.463353
v -0.681045 1.543605 -10.476537
v -0.680992 1.534398 -10.497074
v -0.680891 1.536693 -10.519464
v -0.680769 1.549876 -10.537705
v -0.680659 1.570414 -10.546912
v -0.680590 1.592804 -10.544617
v -0.680580 1.611046 -10.531433
v -0.680633 1.620253 -10.510896
v -0.485004 1.617736 -10.487497
v -0.485084 1.604553 -10.469255
v -0.485093 1.584015 -10.460049
v -0.485029 1.561625 -10.462343
v -0.484909 1.543383 -10.475526
v -0.484765 1.534176 -10.496063
v -0.484635 1.536472 -10.518453
v -0.484556 1.549655 -10.536695
v -0.484546 1.570193 -10.545902
v -0.484611 1.592582 -10.543607
v -0.484731 1.610825 -10.530424
v -0.484875 1.620032 -10.509887
v -0.282345 1.618877 -10.486107
v -0.282354 1.605695 -10.467864
v -0.282222 1.585158 -10.458656
v -0.281986 1.562769 -10.460951
v -0.281708 1.544528 -10.474132
v -0.281463 1.535321 -10.494669
v -0.281316 1.537617 -10.517058
v -0.281308 1.550799 -10.535300
v -0.281439 1.571337 -10.544509
v -0.281675 1.593725 -10.542214
v -0.281953 1.611967 -10.529033
v -0.282198 1.621173 -10.508496
v -0.070166 1.621833 -10.484360
v -0.070081 1.608652 -10.466117
v -0.069779 1.588117 -10.456907
v -0.069342 1.565732 -10.459200
v -0.068888 1.547493 -10.472380
v -0.068537 1.538288 -10.492915
v -0.068384 1.540584 -10.515305
v -0.068469 1.553765 -10.533548
v -0.068771 1.574299 -10.542758
v -0.069208 1.596685 -10.540465
v -0.069662 1.614924 -10.527286
v -0.070013 1.624129 -10.506749
v 0.154120 1.627057 -10.482283
v 0.154317 1.613878 -10.464038
v 0.154809 1.593348 -10.454827
v 0.155464 1.570967 -10.457117
v 0.156106 1.552733 -10.470296
v 0.156564 1.543531 -10.490830
v 0.156714 1.545826 -10.513220
v 0.156517 1.559005 -10.531465
v 0.156025 1.579535 -10.540675
v 0.155370 1.601916 -10.538385
v 0.154728 1.620150 -10.525207
v 0.154271 1.629353 -10.504672
v 0.390638 1.634832 -10.479921
v 0.391798 1.621715 -10.461669
v 0.393768 1.601279 -10.452444
v 0.396017 1.579001 -10.454720
v 0.397945 1.560849 -10.467887
v 0.399034 1.551687 -10.488417
v 0.398993 1.553971 -10.510807
v 0.397832 1.567087 -10.529060
v 0.395863 1.587523 -10.538284
v 0.393614 1.609801 -10.536009
v 0.391686 1.627954 -10.522842
v 0.390597 1.637115 -10.502313
v 0.495963 1.651953 -10.479198
v 0.500377 1.639573 -10.460927
v 0.507308 1.620261 -10.451676
v 0.514897 1.599191 -10.453923
v 0.521112 1.582010 -10.467067
v 0.524287 1.573320 -10.487584
v 0.523572 1.575451 -10.509979
v 0.519158 1.587831 -10.528250
v 0.512227 1.607143 -10.537501
v 0.504638 1.628213 -10.535254
v 0.498423 1.645394 -10.522111
v 0.495248 1.654084 -10.501593
v 0.560736 1.689068 -10.479378
v 0.569741 1.679471 -10.461119
v 0.583693 1.664415 -10.451886
v 0.598852 1.647934 -10.454154
v 0.611158 1.634445 -10.467314
v 0.617312 1.627561 -10.487840
v 0.615667 1.629128 -10.510232
v 0.606661 1.638725 -10.528490
v 0.592710 1.653781 -10.537723
v 0.577550 1.670262 -10.535456
v 0.565244 1.683752 -10.522296
v 0.559090 1.690635 -10.501770
v 0.598656 1.744231 -10.480104
v 0.610803 1.738982 -10.461898
v 0.629585 1.730612 -10.452744
v 0.649968 1.721362 -10.455098
v 0.666491 1.713711 -10.468328
v 0.674727 1.709709 -10.488888
v 0.672469 1.710429 -10.511271
v 0.660322 1.715677 -10.529477
v 0.641541 1.724047 -10.538630
v 0.621158 1.733297 -10.536276
v 0.604635 1.740948 -10.523046
v 0.596398 1.744950 -10.502486
v 0.617126 1.820542 -10.481176
v 0.630345 1.819064 -10.463019
v 0.650785 1.816534 -10.453943
v 0.672970 1.813629 -10.456381
v 0.690956 1.811128 -10.469678
v 0.699924 1.809701 -10.490272
v 0.697470 1.809730 -10.512645
v 0.684252 1.811208 -10.530802
v 0.663812 1.813738 -10.539878
v 0.641626 1.816643 -10.537440
v 0.623640 1.819144 -10.524143
v 0.614672 1.820571 -10.503550
v 0.618393 1.917449 -10.482333
v 0.631703 1.918276 -10.464202
v 0.652289 1.919365 -10.455168
v 0.674634 1.920426 -10.457650
v 0.692750 1.921173 -10.470984
v 0.701784 1.921407 -10.491598
v 0.699315 1.921065 -10.513967
v 0.686005 1.920239 -10.532097
v 0.665419 1.919150 -10.541132
v 0.643075 1.918089 -10.538650
v 0.624958 1.917341 -10.525315
v 0.615924 1.917107 -10.504702
v 0.605591 2.030720 -10.483233
v 0.618788 2.032721 -10.465112
v 0.639190 2.035717 -10.456091
v 0.661330 2.038904 -10.458590
v 0.679276 2.041429 -10.471937
v 0.688218 2.042616 -10.492558
v 0.685761 2.042146 -10.514926
v 0.672564 2.040145 -10.533048
v 0.652162 2.037150 -10.542068
v 0.630022 2.033962 -10.539569
v 0.612077 2.031437 -10.526221
v 0.603134 2.030250 -10.505601
v 0.583416 2.155942 -10.483524
v 0.596542 2.158372 -10.465404
v 0.616814 2.162150 -10.456385
v 0.638801 2.166264 -10.458885
v 0.656610 2.169612 -10.472235
v 0.665470 2.171296 -10.492856
v 0.663007 2.170865 -10.515224
v 0.649881 2.168435 -10.533345
v 0.629608 2.164656 -10.542363
v 0.607622 2.160542 -10.539863
v 0.589813 2.157195 -10.526514
v 0.580953 2.155511 -10.505893
v 0.557147 2.289248 -10.482861
v 0.570297 2.291557 -10.464740
v 0.590575 2.295298 -10.455722
v 0.612551 2.299471 -10.458221
v 0.630334 2.302958 -10.471570
v 0.639160 2.304822 -10.492190
v 0.636664 2.304567 -10.514557
v 0.623515 2.302258 -10.532678
v 0.603236 2.298517 -10.541696
v 0.581260 2.294344 -10.539196
v 0.563477 2.290858 -10.525847
v 0.554651 2.288993 -10.505227
v 0.532248 2.427184 -10.480892
v 0.545505 2.428870 -10.462781
v 0.565915 2.431846 -10.453773
v 0.588011 2.435315 -10.456285
v 0.605872 2.438347 -10.469640
v 0.614712 2.440131 -10.490261
v 0.612163 2.440187 -10.512624
v 0.598906 2.438502 -10.530734
v 0.578496 2.435526 -10.539742
v 0.556400 2.432057 -10.537231
v 0.538539 2.429024 -10.523876
v 0.529699 2.427241 -10.503254
v 0.514291 2.566574 -10.477260
v 0.527686 2.567086 -10.459181
v 0.548282 2.568507 -10.450215
v 0.570559 2.570457 -10.452767
v 0.588548 2.572411 -10.466151
v 0.597430 2.573848 -10.486782
v 0.594823 2.574381 -10.509131
v 0.581428 2.573869 -10.527211
v 0.560832 2.572448 -10.536176
v 0.538555 2.570499 -10.533625
v 0.520565 2.568544 -10.520241
v 0.511684 2.567108 -10.499609
v 0.509026 2.704447 -10.471579
v 0.522470 2.703112 -10.453577
v 0.543132 2.702021 -10.444718
v 0.565475 2.701467 -10.447376
v 0.583512 2.701597 -10.460837
v 0.592411 2.702378 -10.481497
v 0.589786 2.703600 -10.503817
v 0.576342 2.704935 -10.521818
v 0.555680 2.706026 -10.530677
v 0.533338 2.706580 -10.528019
v 0.515300 2.706449 -10.514558
v 0.506402 2.705668 -10.493898
v 0.522484 2.837485 -10.463446
v 0.535651 2.833646 -10.445601
v 0.555932 2.829114 -10.436955
v 0.577892 2.825104 -10.439828
v 0.595647 2.822691 -10.453447
v 0.604441 2.822520 -10.474165
v 0.601916 2.824638 -10.496429
v 0.588748 2.828478 -10.514276
v 0.568468 2.833009 -10.522921
v 0.546508 2.837019 -10.520048
v 0.528752 2.839433 -10.506429
v 0.519959 2.839603 -10.485711
vt 0.000000 1.000000
vt 0.020833 1.000000
vt 0.020833 0.916667
vt 0.000000 0.916667
vt 0.000000 0.083333
vt 0.020833 0.083333
vt 0.020833 0.000000
vt 0.000000 0.000000
vt 0.000000 0.166667
vt 0.020833 0.166667
vt 0.000000 0.250000
vt 0.020833 0.250000
vt 0.000000 0.333333
vt 0.020833 0.333333
vt 0.000000 0.416667
vt 0.020833 0.416667
vt 0.000000 0.500000
vt 0.020833 0.500000
vt 0.000000 0.583333
vt 0.020833 0.583333
vt 0.000000 0.666667
vt 0.020833 0.666667
vt 0.000000 0.750000
vt 0.020833 0.750000
vt 0.000000 0.833333
vt 0.020833 0.833333
vt 0.041667 1.000000
vt 0.041667 0.916667
vt 0.041667 0.083333
vt 0.041667 0.000000
vt 0.041667 0.166667
vt 0.041667 0.250000
vt 0.041667 0.333333
vt 0.041667 0.416667
vt 0.041667 0.500000
vt 0.041667 0.583333
vt 0.041667 0.666667
vt 0.041667 0.750000
vt 0.041667 0.833333
vt 0.062500 1.000000
vt 0.062500 0.916667
vt 0.062500 0.083333
vt 0.062500 0.000000
vt 0.062500 0.166667
vt 0.062500 0.250000
vt 0.062500 0.333333
vt 0.062500 0.416667
vt 0.062500 0.500000
vt 0.062500 0.583333
vt 0.062500 0.666667
vt 0.062500 0.750000
vt 0.062500 0.833333
vt 0.083333 1.000000
vt 0.083333 0.916667
vt 0.083333 0.083333
vt 0.083333 0.000000
vt 0.083333 0.166667
vt 0.083333 0.250000
vt 0.083333 0.333333
vt 0.083333 0.416667
vt 0.083333 0.500000
vt 0.083333 0.583333
vt 0.083333 0.666667
vt 0.083333 0.750000
vt 0.083333 0.833333
vt 0.104167 1.000000
vt 0.104167 0.916667
vt 0.104167 0.083333
vt 0.104167 0.000000
vt 0.104167 0.166667
vt 0.104167 0.250000
vt 0.104167 0.333333
vt 0.104167 0.416667
vt 0.104167 0.500000
vt 0.104167 0.583333
vt 0.104167 0.666667
vt 0.104167 0.750000
vt 0.104167 0.833333
vt 0.125000 1.000000
vt 0.125000 0.916667
vt 0.125000 0.083333
vt 0.125000 0.000000
vt 0.125000 0.166667
vt 0.125000 0.250000
vt 0.125000 0.333333
vt 0.125000 0.416667
vt 0.125000 0.500000
vt 0.125000 0.583333
vt 0.125000 0.666667
vt 0.125000 0.750000
vt 0.125000 0.833333
vt 0.145833 1.000000
vt 0.145833 0.916667
vt 0.145833 0.083333
vt 0.145833 0.000000
vt 0.145833 0.166667
vt 0.145833 0.250000
vt 0.145833 0.333333
vt 0.145833 0.416667
vt 0.145833 0.500000
vt 0.145833 0.583333
vt 0.145833 0.666667
vt 0.145833 0.750000
vt 0.145833 0.833333
vt 0.166667 1.000000
vt 0.166667 0.916667
vt 0.166667 0.083333
vt 0.166667 0.000000
vt 0.166667 0.166667
vt 0.166667 0.250000
vt 0.166667 0.333333
vt 0.166667 0.416667
vt 0.166667 0.500000
vt 0.166667 0.583333
vt 0.166667 0.666667
vt 0.166667 0.750000
vt 0.166667 0.833333
vt 0.187500 1.000000
vt 0.187500 0.916667
vt 0.187500 0.083333
vt 0.187500 0.000000
vt 0.187500 0.166667
vt 0.187500 0.250000
vt 0.187500 0.333333
vt 0.187500 0.416667
vt 0.187500 0.500000
vt 0.187500 0.583333
vt 0.187500 0.666667
vt 0.187500 0.750000
vt 0.187500 0.833333
vt 0.208333 1.000000
vt 0.208333 0.916667
vt 0.208333 0.083333
vt 0.208333 0.000000
vt 0.208333 0.166667
vt 0.208333 0.250000
vt 0.208333 0.333333
vt 0.208333 0.416667
vt 0.208333 0.500000
vt 0.208333 0.583333
vt 0.208333 0.666667
vt 0.208333 0.750000
vt 0.208333 0.833333
vt 0.229167 1.000000
vt 0.229167 0.916667
vt 0.229167 0.083333
vt 0.229167 0.000000
vt 0.229167 0.166667
vt 0.229167 0.250000
vt 0.229167 0.333333
vt 0.229167 0.416667
vt 0.229167 0.500000
vt 0.229167 0.583333
vt 0.229167 0.666667
vt 0.229167 0.750000
vt 0.229167 0.833333
vt 0.250000 1.000000
vt 0.250000 0.916667
vt 0.250000 0.083333
vt 0.250000 0.000000
vt 0.250000 0.166667
vt 0.250000 0.250000
vt 0.250000 0.333333
vt 0.250000 0.416667
vt 0.250000 0.500000
vt 0.250000 0.583333
vt 0.250000 0.666667
vt 0.250000 0.750000
vt 0.250000 0.833333
vt 0.270833 1.000000
vt 0.270833 0.916667
vt 0.270833 0.083333
vt 0.270833 0.000000
vt 0.270833 0.166667
vt 0.270833 0.250000
vt 0.270833 0.333333
vt 0.270833 0.416667
vt 0.270833 0.500000
vt 0.270833 0.583333
vt 0.270833 0.666667
vt 0.270833 0.750000
vt 0.270833 0.833333
vt 0.291667 1.000000
vt 0.291667 0.916667
vt 0.291667 0.083333
vt 0.291667 0.000000
vt 0.291667 0.166667
vt 0.291667 0.250000
vt 0.291667 0.333333
vt 0.291667 0.416667
vt 0.291667 0.500000
vt 0.291667 0.583333
vt 0.291667 0.666667
vt 0.291667 0.750000
vt 0.291667 0.833333
vt 0.312500 1.000000
vt 0.312500 0.916667
vt 0.312500 0.083333
vt 0.312500 0.000000
vt 0.312500 0.166667
vt 0.312500 0.250000
vt 0.312500 0.333333
vt 0.312500 0.416667
vt 0.312500 0.500000
vt 0.312500 0.583333
vt 0.312500 0.666667
vt 0.312500 0.750000
vt 0.312500 0.833333
vt 0.333333 1.000000
vt 0.333333 0.916667
vt 0.333333 0.083333
vt 0.333333 0.000000
vt 0.333333 0.166667
vt 0.333333 0.250000
vt 0.333333 0.333333
vt 0.333333 0.416667
vt 0.333333 0.500000
vt 0.333333 0.583333
vt 0.333333 0.666667
vt 0.333333 0.750000
vt 0.333333 0.833333
vt 0.354167 1.000000
vt 0.354167 0.916667
vt 0.354167 0.083333
vt 0.354167 0.000000
vt 0.354167 0.166667
vt 0.354167 0.250000
vt 0.354167 0.333333
vt 0.354167 0.416667
vt 0.354167 0.500000
vt 0.354167 0.583333
vt 0.354167 0.666667
vt 0.354167 0.750000
vt 0.354167 0.833333
vt 0.375000 1.000000
vt 0.375000 0.916667
vt 0.375000 0.083333
vt 0.375000 0.000000
vt 0.375000 0.166667
vt 0.375000 0.250000
vt 0.375000 0.333333
vt 0.375000 0.416667
vt 0.375000 0.500000
vt 0.375000 0.583333
vt 0.375000 0.666667
vt 0.375000 0.750000
vt 0.375000 0.833333
vt 0.395833 1.000000
vt 0.395833 0.916667
vt 0.395833 0.083333
vt 0.395833 0.000000
vt 0.395833 0.166667
vt 0.395833 0.250000
vt 0.395833 0.333333
vt 0.395833 0.416667
vt 0.395833 0.500000
vt 0.395833 0.583333
vt 0.395833 0.666667
vt 0.395833 0.750000
vt 0.395833 0.833333
vt 0.416667 1.000000
vt 0.416667 0.916667
vt 0.416667 0.083333
vt 0.416667 0.000000
vt 0.416667 0.166667
vt 0.416667 0.250000
vt 0.416667 0.333333
vt 0.416667 0.416667
vt 0.416667 0.500000
vt 0.416667 0.583333
vt 0.416667 0.666667
vt 0.416667 0.750000
vt 0.416667 0.833333
vt 0.437500 1.000000
vt 0.437500 0.916667
vt 0.437500 0.083333
vt 0.437500 0.000000
vt 0.437500 0.166667
vt 0.437500 0.250000
vt 0.437500 0.333333
vt 0.437500 0.416667
vt 0.437500 0.500000
vt 0.437500 0.583333
vt 0.437500 0.666667
vt 0.437500 0.750000
vt 0.437500 0.833333
vt 0.458333 1.000000
vt 0.458333 0.916667
vt 0.458333 0.083333
vt 0.458333 0.000000
vt 0.458333 0.166667
vt 0.458333 0.250000
vt 0.458333 0.333333
vt 0.458333 0.416667
vt 0.458333 0.500000
vt 0.458333 0.583333
vt 0.458333 0.666667
vt 0.458333 0.750000
vt 0.458333 0.833333
vt 0.479167 1.000000
vt 0.479167 0.916667
vt 0.479167 0.083333
vt 0.479167 0.000000
vt 0.479167 0.166667
vt 0.479167 0.250000
vt 0.479167 0.333333
vt 0.479167 0.416667
vt 0.479167 0.500000
vt 0.479167 0.583333
vt 0.479167 0.666667
vt 0.479167 0.750000
vt 0.479167 0.833333
vt 0.500000 1.000000
vt 0.500000 0.916667
vt 0.500000 0.083333
vt 0.500000 0.000000
vt 0.500000 0.166667
vt 0.500000 0.250000
vt 0.500000 0.333333
vt 0.500000 0.416667
vt 0.500000 0.500000
vt 0.500000 0.583333
vt 0.500000 0.666667
vt 0.500000 0.750000
vt 0.500000 0.833333
vt 0.520833 1.000000
vt 0.520833 0.916667
vt 0.520833 0.083333
vt 0.520833 0.000000
vt 0.520833 0.166667
vt 0.520833 0.250000
vt 0.520833 0.333333
vt 0.520833 0.416667
vt 0.520833 0.500000
vt 0.520833 0.583333
vt 0.520833 0.666667
vt 0.520833 0.750000
vt 0.520833 0.833333
vt 0.541667 1.000000
vt 0.541667 0.916667
vt 0.541667 0.083333
vt 0.541667 0.000000
vt 0.541667 0.166667
vt 0.541667 0.250000
vt 0.541667 0.333333
vt 0.541667 0.416667
vt 0.541667 0.500000
vt 0.541667 0.583333
vt 0.541667 0.666667
vt 0.541667 0.750000
vt 0.541667 0.833333
vt 0.562500 1.000000
vt 0.562500 0.916667
vt 0.562500 0.083333
vt 0.562500 0.000000
vt 0.562500 0.166667
vt 0.562500 0.250000
vt 0.562500 0.333333
vt 0.562500 0.416667
vt 0.562500 0.500000
vt 0.562500 0.583333
vt 0.562500 0.666667
vt 0.562500 0.750000
vt 0.562500 0.833333
vt 0.583333 1.000000
vt 0.583333 0.916667
vt 0.583333 0.083333
vt 0.583333 0.000000
vt 0.583333 0.166667
vt 0.583333 0.250000
vt 0.583333 0.333333
vt 0.583333 0.416667
vt 0.583333 0.500000
vt 0.583333 0.583333
vt 0.583333 0.666667
vt 0.583333 0.750000
vt 0.583333 0.833333
vt 0.604167 1.000000
vt 0.604167 0.916667
vt 0.604167 0.083333
vt 0.604167 0.000000
vt 0.604167 0.166667
vt 0.604167 0.250000
vt 0.604167 0.333333
vt 0.604167 0.416667
vt 0.604167 0.500000
vt 0.604167 0.583333
vt 0.604167 0.666667
vt 0.604167 0.750000
vt 0.604167 0.833333
vt 0.625000 1.000000
vt 0.625000 0.916667
vt 0.625000 0.083333
vt 0.625000 0.000000
vt 0.625000 0.166667
vt 0.625000 0.250000
vt 0.625000 0.333333
vt 0.625000 0.416667
vt 0.625000 0.500000
vt 0.625000 0.583333
vt 0.625000 0.666667
vt 0.625000 0.750000
vt 0.625000 0.833333
vt 0.645833 1.000000
vt 0.645833 0.916667
vt 0.645833 0.083333
vt 0.645833 0.000000
vt 0.645833 0.166667
vt 0.645833 0.250000
vt 0.645833 0.333333
vt 0.645833 0.416667
vt 0.645833 0.500000
vt 0.645833 0.583333
vt 0.645833 0.666667
vt 0.645833 0.750000
vt 0.645833 0.833333
vt 0.666667 1.000000
vt 0.666667 0.916667
vt 0.666667 0.083333
vt 0.666667 0.000000
vt 0.666667 0.166667
vt 0.666667 0.250000
vt 0.666667 0.333333
vt 0.666667 0.416667
vt 0.666667 0.500000
vt 0.666667 0.583333
vt 0.666667 0.666667
vt 0.666667 0.750000
vt 0.666667 0.833333
vt 0.687500 1.000000
vt 0.687500 0.916667
vt 0.687500 0.083333
vt 0.687500 0.000000
vt 0.687500 0.166667
vt 0.687500 0.250000
vt 0.687500 0.333333
vt 0.687500 0.416667
vt 0.687500 0.500000
vt 0.687500 0.583333
vt 0.687500 0.666667
vt 0.687500 0.750000
vt 0.687500 0.833333
vt 0.708333 1.000000
vt 0.708333 0.916667
vt 0.708333 0.083333
vt 0.708333 0.000000
vt 0.708333 0.166667
vt 0.708333 0.250000
vt 0.708333 0.333333
vt 0.708333 0.416667
vt 0.708333 0.500000
vt 0.708333 0.583333
vt 0.708333 0.666667
vt 0.708333 0.750000
vt 0.708333 0.833333
vt 0.729167 1.000000
vt 0.729167 0.916667
vt 0.729167 0.083333
vt 0.729167 0.000000
vt 0.729167 0.166667
vt 0.729167 0.250000
vt 0.729167 0.333333
vt 0.729167 0.416667
vt 0.729167 0.500000
vt 0.729167 0.583333
vt 0.729167 0.666667
vt 0.729167 0.750000
vt 0.729167 0.833333
vt 0.750000 1.000000
vt 0.750000 0.916667
vt 0.750000 0.083333
vt 0.750000 0.000000
vt 0.750000 0.166667
vt 0.750000 0.250000
vt 0.750000 0.333333
vt 0.750000 0.416667
vt 0.750000 0.500000
vt 0.750000 0.583333
vt 0.750000 0.666667
vt 0.750000 0.750000
vt 0.750000 0.833333
vt 0.770833 1.000000
vt 0.770833 0.916667
vt 0.770833 0.083333
vt 0.770833 0.000000
vt 0.770833 0.166667
vt 0.770833 0.250000
vt 0.770833 0.333333
vt 0.770833 0.416667
vt 0.770833 0.500000
vt 0.770833 0.583333
vt 0.770833 0.666667
vt 0.770833 0.750000
vt 0.770833 0.833333
vt 0.791667 1.000000
vt 0.791667 0.916667
vt 0.791667 0.083333
vt 0.791667 0.000000
vt 0.791667 0.166667
vt 0.791667 0.250000
vt 0.791667 0.333333
vt 0.791667 0.416667
vt 0.791667 0.500000
vt 0.791667 0.583333
vt 0.791667 0.666667
vt 0.791667 0.750000
vt 0.791667 0.833333
vt 0.812500 1.000000
vt 0.812500 0.916667
vt 0.812500 0.083333
vt 0.812500 0.000000
vt 0.812500 0.166667
vt 0.812500 0.250000
vt 0.812500 0.333333
vt 0.812500 0.416667
vt 0.812500 0.500000
vt 0.812500 0.583333
vt 0.812500 0.666667
vt 0.812500 0.750000
vt 0.812500 0.833333
vt 0.833333 1.000000
vt 0.833333 0.916667
vt 0.833333 0.083333
vt 0.833333 0.000000
vt 0.833333 0.166667
vt 0.833333 0.250000
vt 0.833333 0.333333
vt 0.833333 0.416667
vt 0.833333 0.500000
vt 0.833333 0.583333
vt 0.833333 0.666667
vt 0.833333 0.750000
vt 0.833333 0.833333
vt 0.854167 1.000000
vt 0.854167 0.916667
vt 0.854167 0.083333
vt 0.854167 0.000000
vt 0.854167 0.166667
vt 0.854167 0.250000
vt 0.854167 0.333333
vt 0.854167 0.416667
vt 0.854167 0.500000
vt 0.854167 0.583333
vt 0.854167 0.666667
vt 0.854167 0.750000
vt 0.854167 0.833333
vt 0.875000 1.000000
vt 0.875000 0.916667
vt 0.875000 0.083333
vt 0.875000 0.000000
vt 0.875000 0.166667
vt 0.875000 0.250000
vt 0.875000 0.333333
vt 0.875000 0.416667
vt 0.875000 0.500000
vt 0.875000 0.583333
vt 0.875000 0.666667
vt 0.875000 0.750000
vt 0.875000 0.833333
vt 0.895833 1.000000
vt 0.895833 0.916667
vt 0.895833 0.083333
vt 0.895833 0.000000
vt 0.895833 0.166667
vt 0.895833 0.250000
vt 0.895833 0.333333
vt 0.895833 0.416667
vt 0.895833 0.500000
vt 0.895833 0.583333
vt 0.895833 0.666667
vt 0.895833 0.750000
vt 0.895833 0.833333
vt 0.916667 1.000000
vt 0.916667 0.916667
vt 0.916667 0.083333
vt 0.916667 0.000000
vt 0.916667 0.166667
vt 0.916667 0.250000
vt 0.916667 0.333333
vt 0.916667 0.416667
vt 0.916667 0.500000
vt 0.916667 0.583333
vt 0.916667 0.666667
vt 0.916667 0.750000
vt 0.916667 0.833333
vt 0.937500 1.000000
vt 0.937500 0.916667
vt 0.937500 0.083333
vt 0.937500 0.000000
vt 0.937500 0.166667
vt 0.937500 0.250000
vt 0.937500 0.333333
vt 0.937500 0.416667
vt 0.937500 0.500000
vt 0.937500 0.583333
vt 0.937500 0.666667
vt 0.937500 0.750000
vt 0.937500 0.833333
vt 0.958333 1.000000
vt 0.958333 0.916667
vt 0.958333 0.083333
vt 0.958333 0.000000
vt 0.958333 0.166667
vt 0.958333 0.250000
vt 0.958333 0.333333
vt 0.958333 0.416667
vt 0.958333 0.500000
vt 0.958333 0.583333
vt 0.958333 0.666667
vt 0.958333 0.750000
vt 0.958333 0.833333
vt 0.979167 1.000000
vt 0.979167 0.916667
vt 0.979167 0.083333
vt 0.979167 0.000000
vt 0.979167 0.166667
vt 0.979167 0.250000
vt 0.979167 0.333333
vt 0.979167 0.416667
vt 0.979167 0.500000
vt 0.979167 0.583333
vt 0.979167 0.666667
vt 0.979167 0.750000
vt 0.979167 0.833333
vt 1.000000 1.000000
vt 1.000000 0.916667
vt 1.000000 0.083333
vt 1.000000 0.000000
vt 1.000000 0.166667
vt 1.000000 0.250000
vt 1.000000 0.333333
vt 1.000000 0.416667
vt 1.000000 0.500000
vt 1.000000 0.583333
vt 1.000000 0.666667
vt 1.000000 0.750000
vt 1.000000 0.833333
vn -0.4281 0.7686 0.4754
vn -0.4504 0.7422 0.4962
vn -0.5723 0.8200 -0.0058
vn -0.5803 0.8138 -0.0321
vn -0.1603 0.5003 0.8509
vn -0.2095 0.4597 0.8630
vn 0.1538 0.0930 0.9837
vn 0.0886 0.0544 0.9946
vn 0.4302 -0.3372 0.8374
vn 0.3665 -0.3647 0.8559
vn 0.5831 -0.6742 0.4533
vn 0.5444 -0.6866 0.4819
vn 0.5623 -0.8253 -0.0522
vn 0.5678 -0.8228 -0.0230
vn 0.3837 -0.7564 -0.5298
vn 0.4337 -0.7386 -0.5161
vn 0.1104 -0.4995 -0.8593
vn 0.1856 -0.4617 -0.8674
vn -0.1838 -0.1248 -0.9750
vn -0.1084 -0.0666 -0.9919
vn -0.4328 0.2830 -0.8559
vn -0.3738 0.3468 -0.8603
vn -0.5791 0.6289 -0.5188
vn -0.5436 0.6725 -0.5023
vn -0.4810 0.7196 0.5008
vn -0.5546 0.8321 0.0013
vn -0.2784 0.4135 0.8669
vn -0.0003 -0.0046 1.0000
vn 0.2784 -0.4219 0.8629
vn 0.4819 -0.7251 0.4920
vn 0.5545 -0.8321 -0.0117
vn 0.4774 -0.7149 -0.5109
vn 0.2726 -0.4070 -0.8718
vn -0.0040 0.0082 -1.0000
vn -0.2791 0.4209 -0.8631
vn -0.4805 0.7223 -0.4974
vn -0.4692 0.7263 0.5023
vn -0.5192 0.8547 0.0050
vn -0.2939 0.4038 0.8663
vn -0.0394 -0.0278 0.9988
vn 0.2263 -0.4526 0.8625
vn 0.4311 -0.7557 0.4930
vn 0.5194 -0.8544 -0.0098
vn 0.4674 -0.7225 -0.5094
vn 0.2898 -0.3966 -0.8711
vn 0.0350 0.0348 -0.9988
vn -0.2286 0.4560 -0.8601
vn -0.4311 0.7557 -0.4930
vn -0.4337 0.7463 0.5049
vn -0.4675 0.8839 0.0097
vn -0.2845 0.4099 0.8666
vn -0.0588 -0.0370 0.9976
vn 0.1834 -0.4751 0.8606
vn 0.3765 -0.7857 0.4909
vn 0.4678 -0.8837 -0.0120
vn 0.4324 -0.7426 -0.5115
vn 0.2804 -0.4012 -0.8720
vn 0.0535 0.0470 -0.9975
vn -0.1871 0.4815 -0.8563
vn -0.3774 0.7872 -0.4877
vn -0.3748 0.7746 0.5094
vn -0.3948 0.9186 0.0165
vn -0.2554 0.4250 0.8684
vn -0.0676 -0.0389 0.9970
vn 0.1392 -0.4941 0.8582
vn 0.3090 -0.8170 0.4869
vn 0.3951 -0.9185 -0.0172
vn 0.3739 -0.7703 -0.5165
vn 0.2513 -0.4138 -0.8750
vn 0.0615 0.0530 -0.9967
vn -0.1440 0.5041 -0.8516
vn -0.3105 0.8200 -0.4808
vn -0.2855 0.8076 0.5160
vn -0.2916 0.9562 0.0256
vn -0.2042 0.4457 0.8716
vn -0.0682 -0.0362 0.9970
vn 0.0870 -0.5106 0.8554
vn 0.2193 -0.8487 0.4813
vn 0.2922 -0.9560 -0.0250
vn 0.2852 -0.8022 -0.5245
vn 0.2005 -0.4304 -0.8801
vn 0.0621 0.0562 -0.9965
vn -0.0921 0.5255 -0.8458
vn -0.2211 0.8536 -0.4717
vn -0.1538 0.8375 0.5243
vn -0.1441 0.9889 0.0368
vn -0.1233 0.4664 0.8759
vn -0.0598 -0.0303 0.9977
vn 0.0203 -0.5221 0.8526
vn 0.0958 -0.8749 0.4747
vn 0.1452 -0.9888 -0.0348
vn 0.1546 -0.8306 -0.5350
vn 0.1214 -0.4452 -0.8872
vn 0.0558 0.0589 -0.9967
vn -0.0241 0.5438 -0.8388
vn -0.0969 0.8824 -0.4605
vn 0.0332 0.8458 0.5325
vn 0.0615 0.9969 0.0482
vn -0.0039 0.4744 0.8803
vn -0.0402 -0.0245 0.9989
vn -0.0656 -0.5214 0.8508
vn -0.0728 -0.8802 0.4690
vn -0.0599 -0.9972 -0.0446
vn -0.0306 -0.8370 -0.5463
vn 0.0070 -0.4461 -0.8950
vn 0.0427 0.0634 -0.9971
vn 0.0671 0.5513 -0.8316
vn 0.0739 0.8905 -0.4490
vn 0.2719 0.7992 0.5360
vn 0.3213 0.9454 0.0539
vn 0.1521 0.4464 0.8818
vn -0.0084 -0.0261 0.9996
vn -0.1681 -0.4970 0.8513
vn -0.2833 -0.8371 0.4680
vn -0.3201 -0.9461 -0.0489
vn -0.2673 -0.7893 -0.5528
vn -0.1403 -0.4132 -0.8998
vn 0.0240 0.0720 -0.9971
vn 0.1804 0.5323 -0.8271
vn 0.2883 0.8491 -0.4425
vn 0.5194 0.6711 0.5290
vn 0.5892 0.8067 0.0468
vn 0.3157 0.3625 0.8769
vn 0.0279 -0.0434 0.9987
vn -0.2708 -0.4423 0.8550
vn -0.4989 -0.7248 0.4751
vn -0.5893 -0.8069 -0.0410
vn -0.5137 -0.6615 -0.5464
vn -0.2948 -0.3320 -0.8961
vn 0.0024 0.0849 -0.9964
vn 0.2952 0.4740 -0.8295
vn 0.5081 0.7357 -0.4479
vn 0.7121 0.4816 0.5108
vn 0.7975 0.6028 0.0260
vn 0.4424 0.2354 0.8654
vn 0.0547 -0.0743 0.9957
vn -0.3517 -0.3669 0.8612
vn -0.6665 -0.5620 0.4899
vn -0.7982 -0.6020 -0.0204
vn -0.7064 -0.4737 -0.5260
vn -0.4183 -0.2142 -0.8827
vn -0.0187 0.1017 -0.9946
vn 0.3813 0.3872 -0.8395
vn 0.6777 0.5689 -0.4659
vn 0.8172 0.3033 0.4901
vn 0.9137 0.4064 -0.0001
vn 0.5066 0.1204 0.8538
vn 0.0596 -0.0956 0.9936
vn -0.4068 -0.2872 0.8672
vn -0.7652 -0.4011 0.5035
vn -0.9143 -0.4049 0.0003
vn -0.8115 -0.2975 -0.5030
vn -0.4866 -0.1090 -0.8668
vn -0.0317 0.1081 -0.9936
vn 0.4283 0.2952 -0.8540
vn 0.7725 0.4036 -0.4903
vn 0.8616 0.1771 0.4758
vn 0.9673 0.2530 -0.0197
vn 0.5281 0.0540 0.8474
vn 0.0520 -0.0841 0.9951
vn -0.4410 -0.2000 0.8749
vn -0.8159 -0.2616 0.5156
vn -0.9677 -0.2516 0.0145
vn -0.8545 -0.1729 -0.4898
vn -0.5096 -0.0476 -0.8591
vn -0.0294 0.0900 -0.9955
vn 0.4561 0.2032 -0.8664
vn 0.8194 0.2626 -0.5095
vn 0.8787 0.0861 0.4696
vn 0.9911 0.1294 -0.0297
vn 0.5328 0.0198 0.8460
vn 0.0430 -0.0519 0.9977
vn -0.4607 -0.1096 0.8808
vn -0.8406 -0.1376 0.5238
vn -0.9915 -0.1281 0.0236
vn -0.8720 -0.0838 -0.4823
vn -0.5169 -0.0170 -0.8559
vn -0.0249 0.0543 -0.9982
vn 0.4718 0.1111 -0.8747
vn 0.8425 0.1385 -0.5205
vn 0.8822 0.0352 0.4695
vn 0.9983 0.0484 -0.0330
vn 0.5302 0.0126 0.8478
vn 0.0346 -0.0132 0.9993
vn -0.4714 -0.0353 0.8812
vn -0.8501 -0.0479 0.5245
vn -0.9985 -0.0477 0.0260
vn -0.8774 -0.0347 -0.4785
vn -0.5210 -0.0123 -0.8535
vn -0.0262 0.0136 -0.9996
vn 0.4747 0.0359 -0.8794
vn 0.8491 0.0487 -0.5260
vn 0.8798 0.0537 0.4722
vn 0.9985 0.0440 -0.0333
vn 0.5231 0.0492 0.8509
vn 0.0244 0.0312 0.9992
vn -0.4799 0.0040 0.8773
vn -0.8537 -0.0250 0.5202
vn -0.9985 -0.0474 0.0256
vn -0.8783 -0.0570 -0.4747
vn -0.5253 -0.0511 -0.8494
vn -0.0321 -0.0319 -0.9990
vn 0.4707 -0.0048 -0.8823
vn 0.8483 0.0228 -0.5291
vn 0.8641 0.1794 0.4703
vn 0.9863 0.1598 -0.0398
vn 0.5033 0.1504 0.8509
vn 0.0065 0.0778 0.9970
vn -0.4874 -0.0187 0.8730
vn -0.8474 -0.1111 0.5192
vn -0.9842 -0.1739 0.0325
vn -0.8661 -0.1909 -0.4619
vn -0.5225 -0.1580 -0.8379
vn -0.0387 -0.0842 -0.9957
vn 0.4598 0.0098 -0.8880
vn 0.8370 0.0985 -0.5382
vn 0.7758 0.4383 0.4539
vn 0.8992 0.4322 -0.0673
vn 0.4337 0.3204 0.8422
vn -0.0208 0.1135 0.9933
vn -0.4617 -0.1231 0.8784
vn -0.7779 -0.3260 0.5372
vn -0.8938 -0.4444 0.0607
vn -0.7826 -0.4493 -0.4309
vn -0.4711 -0.3394 -0.8142
vn -0.0344 -0.1414 -0.9894
vn 0.4183 0.0943 -0.9034
vn 0.7646 0.3050 -0.5678
vn 0.5570 0.7187 0.4162
vn 0.6585 0.7445 -0.1100
vn 0.2999 0.4896 0.8187
vn -0.0357 0.1310 0.9907
vn -0.3582 -0.2560 0.8979
vn -0.5855 -0.5725 0.5740
vn -0.6627 -0.7414 0.1055
vn -0.5717 -0.7222 -0.3893
vn -0.3343 -0.5190 -0.7867
vn -0.0081 -0.1794 -0.9837
vn 0.3242 0.2137 -0.9216
vn 0.5714 0.5557 -0.6039
vn 0.3113 0.8708 0.3807
vn 0.3753 0.9162 -0.1408
vn 0.1619 0.5847 0.7949
vn -0.0325 0.1423 0.9893
vn -0.2186 -0.3328 0.9173
vn -0.3469 -0.7160 0.6059
vn -0.3850 -0.9123 0.1398
vn -0.3237 -0.8742 -0.3619
vn -0.1780 -0.6096 -0.7724
vn 0.0153 -0.1815 -0.9833
vn 0.2045 0.3011 -0.9314
vn 0.3366 0.7060 -0.6232
vn 0.1493 0.9187 0.3656
vn 0.1848 0.9707 -0.1534
vn 0.0734 0.6166 0.7839
vn -0.0227 0.1492 0.9885
vn -0.1131 -0.3554 0.9279
vn -0.1734 -0.7633 0.6223
vn -0.1881 -0.9699 0.1546
vn -0.1534 -0.9227 -0.3537
vn -0.0781 -0.6324 -0.7707
vn 0.0181 -0.1721 -0.9849
vn 0.1091 0.3374 -0.9350
vn 0.1701 0.7572 -0.6306
vn 0.0605 0.9309 0.3602
vn 0.0764 0.9846 -0.1572
vn 0.0283 0.6257 0.7795
vn -0.0116 0.1531 0.9881
vn -0.0485 -0.3591 0.9321
vn -0.0724 -0.7745 0.6285
vn -0.0772 -0.9843 0.1589
vn -0.0614 -0.9336 -0.3529
vn -0.0293 -0.6349 -0.7720
vn 0.0106 -0.1657 -0.9861
vn 0.0476 0.3495 -0.9357
vn 0.0717 0.7714 -0.6323
vn 0.0137 0.9335 0.3584
vn 0.0162 0.9873 -0.1580
vn 0.0074 0.6285 0.7778
vn -0.0008 0.1554 0.9879
vn -0.0089 -0.3585 0.9335
vn -0.0146 -0.7761 0.6304
vn -0.0164 -0.9870 0.1597
vn -0.0138 -0.9353 -0.3537
vn -0.0076 -0.6339 -0.7733
vn 0.0007 -0.1624 -0.9867
vn 0.0088 0.3535 -0.9354
vn 0.0144 0.7748 -0.6320
vn -0.0055 0.9342 0.3567
vn -0.0102 0.9873 -0.1585
vn 0.0006 0.6306 0.7761
vn 0.0065 0.1581 0.9874
vn 0.0107 -0.3565 0.9342
vn 0.0120 -0.7756 0.6311
vn 0.0101 -0.9872 0.1592
vn 0.0055 -0.9347 -0.3554
vn -0.0006 -0.6319 -0.7750
vn -0.0065 -0.1597 -0.9872
vn -0.0107 0.3556 -0.9346
vn -0.0121 0.7755 -0.6312
vn -0.0053 0.9346 0.3557
vn -0.0109 0.9872 -0.1589
vn 0.0017 0.6317 0.7752
vn 0.0083 0.1596 0.9872
vn 0.0126 -0.3555 0.9346
vn 0.0135 -0.7754 0.6314
vn 0.0109 -0.9873 0.1587
vn 0.0053 -0.9343 -0.3565
vn -0.0017 -0.6307 -0.7760
vn -0.0083 -0.1582 -0.9874
vn -0.0126 0.3565 -0.9342
vn -0.0135 0.7757 -0.6309
vn 0.0007 0.9346 0.3557
vn -0.0033 0.9873 -0.1590
vn 0.0046 0.6317 0.7752
vn 0.0072 0.1594 0.9872
vn 0.0079 -0.3556 0.9346
vn 0.0065 -0.7755 0.6314
vn 0.0033 -0.9873 0.1588
vn -0.0007 -0.9343 -0.3564
vn -0.0046 -0.6308 -0.7759
vn -0.0072 -0.1583 -0.9874
vn -0.0079 0.3565 -0.9343
vn -0.0065 0.7757 -0.6311
vn 0.0052 0.9346 0.3557
vn 0.0026 0.9873 -0.1590
vn 0.0063 0.6316 0.7753
vn 0.0058 0.1593 0.9872
vn 0.0037 -0.3558 0.9346
vn 0.0006 -0.7755 0.6313
vn -0.0026 -0.9873 0.1588
vn -0.0052 -0.9343 -0.3563
vn -0.0063 -0.6309 -0.7758
vn -0.0058 -0.1585 -0.9873
vn -0.0037 0.3563 -0.9344
vn -0.0006 0.7756 -0.6312
vn 0.0076 0.9345 0.3558
vn 0.0066 0.9872 -0.1591
vn 0.0067 0.6315 0.7754
vn 0.0039 0.1591 0.9872
vn 0.0001 -0.3559 0.9345
vn -0.0038 -0.7756 0.6312
vn -0.0066 -0.9873 0.1588
vn -0.0076 -0.9344 -0.3563
vn -0.0067 -0.6310 -0.7757
vn -0.0039 -0.1587 -0.9873
vn -0.0001 0.3561 -0.9344
vn 0.0038 0.7755 -0.6313
vn 0.0079 0.9345 0.3558
vn 0.0082 0.9872 -0.1591
vn 0.0055 0.6314 0.7755
vn 0.0017 0.1589 0.9873
vn -0.0027 -0.3561 0.9345
vn -0.0063 -0.7756 0.6312
vn -0.0082 -0.9873 0.1587
vn -0.0079 -0.9344 -0.3562
vn -0.0055 -0.6312 -0.7756
vn -0.0017 -0.1589 -0.9873
vn 0.0027 0.3559 -0.9345
vn 0.0063 0.7754 -0.6314
vn 0.0060 0.9345 0.3559
vn 0.0074 0.9872 -0.1591
vn 0.0030 0.6312 0.7756
vn -0.0008 0.1588 0.9873
vn -0.0044 -0.3562 0.9344
vn -0.0068 -0.7757 0.6311
vn -0.0074 -0.9873 0.1587
vn -0.0060 -0.9344 -0.3561
vn -0.0030 -0.6313 -0.7755
vn 0.0008 -0.1591 -0.9873
vn 0.0044 0.3557 -0.9346
vn 0.0068 0.7754 -0.6315
vn 0.0018 0.9345 0.3560
vn 0.0041 0.9872 -0.1592
vn -0.0010 0.6311 0.7757
vn -0.0035 0.1586 0.9873
vn -0.0051 -0.3564 0.9343
vn -0.0053 -0.7758 0.6310
vn -0.0041 -0.9873 0.1587
vn -0.0018 -0.9345 -0.3560
vn 0.0010 -0.6314 -0.7754
vn 0.0035 -0.1593 -0.9872
vn 0.0051 0.3556 -0.9346
vn 0.0053 0.7753 -0.6316
vn -0.0042 0.9345 0.3560
vn -0.0013 0.9872 -0.1592
vn -0.0061 0.6310 0.7757
vn -0.0063 0.1584 0.9874
vn -0.0048 -0.3565 0.9343
vn -0.0020 -0.7758 0.6309
vn 0.0013 -0.9873 0.1587
vn 0.0042 -0.9345 -0.3559
vn 0.0061 -0.6316 -0.7753
vn 0.0063 -0.1595 -0.9872
vn 0.0048 0.3555 -0.9347
vn 0.0021 0.7752 -0.6317
vn -0.0118 0.9344 0.3560
vn -0.0085 0.9872 -0.1592
vn -0.0120 0.6309 0.7758
vn -0.0090 0.1583 0.9874
vn -0.0036 -0.3566 0.9342
vn 0.0028 -0.7758 0.6309
vn 0.0085 -0.9873 0.1588
vn 0.0118 -0.9345 -0.3558
vn 0.0120 -0.6316 -0.7752
vn 0.0090 -0.1596 -0.9871
vn 0.0036 0.3554 -0.9347
vn -0.0028 0.7752 -0.6317
vn -0.0205 0.9342 0.3560
vn -0.0170 0.9871 -0.1593
vn -0.0185 0.6307 0.7758
vn -0.0116 0.1582 0.9873
vn -0.0015 -0.3566 0.9342
vn 0.0089 -0.7758 0.6310
vn 0.0170 -0.9872 0.1589
vn 0.0205 -0.9344 -0.3557
vn 0.0185 -0.6316 -0.7751
vn 0.0116 -0.1596 -0.9871
vn 0.0016 0.3553 -0.9348
vn -0.0089 0.7751 -0.6318
vn -0.0297 0.9341 0.3558
vn -0.0262 0.9869 -0.1593
vn -0.0252 0.6307 0.7756
vn -0.0139 0.1581 0.9873
vn 0.0011 -0.3568 0.9342
vn 0.0160 -0.7758 0.6308
vn 0.0266 -0.9869 0.1589
vn 0.0300 -0.9342 -0.3554
vn 0.0254 -0.6317 -0.7748
vn 0.0140 -0.1597 -0.9871
vn -0.0010 0.3553 -0.9347
vn -0.0157 0.7751 -0.6317
vn -0.0936 0.9290 0.3581
vn -0.0942 0.9825 -0.1608
vn -0.0678 0.6227 0.7795
vn -0.0229 0.1479 0.9887
vn 0.0293 -0.3644 0.9308
vn 0.0742 -0.7764 0.6258
vn 0.0994 -0.9824 0.1580
vn 0.0983 -0.9314 -0.3505
vn 0.0712 -0.6357 -0.7687
vn 0.0255 -0.1692 -0.9853
vn -0.0263 0.3457 -0.9380
vn -0.0699 0.7685 -0.6360
vn -0.3122 0.8770 0.3652
vn -0.3292 0.9297 -0.1653
vn -0.2081 0.5775 0.7894
vn -0.0465 0.1235 0.9913
vn 0.1274 -0.3564 0.9256
vn 0.2671 -0.7378 0.6199
vn 0.3376 -0.9280 0.1575
vn 0.3218 -0.8819 -0.3444
vn 0.2236 -0.6102 -0.7600
vn 0.0667 -0.1774 -0.9819
vn -0.1084 0.3089 -0.9449
vn -0.2541 0.7182 -0.6478
vn -0.6277 0.6851 0.3696
vn -0.6690 0.7245 -0.1662
vn -0.4077 0.4504 0.7943
vn -0.0792 0.0957 0.9923
vn 0.2647 -0.2784 0.9233
vn 0.5362 -0.5761 0.6169
vn 0.6700 -0.7259 0.1559
vn 0.6345 -0.6922 -0.3439
vn 0.4380 -0.4829 -0.7582
vn 0.1270 -0.1475 -0.9809
vn -0.2223 0.2320 -0.9470
vn -0.5170 0.5547 -0.6519
vn -0.8466 0.3833 0.3692
vn -0.9021 0.4005 -0.1610
vn -0.5526 0.2589 0.7922
vn -0.1106 0.0631 0.9919
vn 0.3538 -0.1488 0.9234
vn 0.7202 -0.3203 0.6154
vn 0.8999 -0.4087 0.1523
vn 0.8509 -0.3929 -0.3487
vn 0.5845 -0.2767 -0.7628
vn 0.1636 -0.0878 -0.9826
vn -0.3072 0.1256 -0.9433
vn -0.7012 0.3054 -0.6443
vn -0.9220 0.1211 0.3677
vn -0.9804 0.1215 -0.1554
vn -0.6092 0.0878 0.7881
vn -0.1318 0.0296 0.9908
vn 0.3768 -0.0376 0.9255
vn 0.7813 -0.0952 0.6168
vn 0.9804 -0.1278 0.1497
vn 0.9260 -0.1270 -0.3554
vn 0.6312 -0.0931 -0.7700
vn 0.1680 -0.0348 -0.9852
vn -0.3446 0.0320 -0.9382
vn -0.7673 0.0891 -0.6350
vn -0.9293 -0.0425 0.3668
vn -0.9870 -0.0506 -0.1525
vn -0.6184 -0.0227 0.7855
vn -0.1409 0.0029 0.9900
vn 0.3723 0.0270 0.9277
vn 0.7840 0.0435 0.6193
vn 0.9877 0.0484 0.1487
vn 0.9319 0.0407 -0.3603
vn 0.6309 0.0224 -0.7756
vn 0.1612 -0.0021 -0.9869
vn -0.3539 -0.0267 -0.9349
vn -0.7755 -0.0446 -0.6298
vn -0.9214 -0.1316 0.3657
vn -0.9782 -0.1425 -0.1512
vn -0.6155 -0.0851 0.7835
vn -0.1442 -0.0158 0.9894
vn 0.3647 0.0574 0.9293
vn 0.7751 0.1150 0.6213
vn 0.9786 0.1419 0.1487
vn 0.9225 0.1312 -0.3630
vn 0.6214 0.0857 -0.7788
vn 0.1542 0.0172 -0.9879
vn -0.3555 -0.0562 -0.9330
vn -0.7705 -0.1148 -0.6270
vn -0.9152 -0.1717 0.3645
vn -0.9718 -0.1816 -0.1507
vn -0.6127 -0.1156 0.7818
vn -0.1457 -0.0286 0.9889
vn 0.3601 0.0661 0.9306
vn 0.7691 0.1429 0.6230
vn 0.9720 0.1815 0.1491
vn 0.9153 0.1715 -0.3645
vn 0.6141 0.1158 -0.7807
vn 0.1486 0.0291 -0.9885
vn -0.3570 -0.0655 -0.9318
vn -0.7673 -0.1427 -0.6253
vn -0.9148 -0.1762 0.3634
vn -0.9717 -0.1820 -0.1504
vn -0.6131 -0.1233 0.7803
vn -0.1469 -0.0373 0.9884
vn 0.3590 0.0588 0.9315
vn 0.7687 0.1392 0.6243
vn 0.9719 0.1821 0.1494
vn 0.9140 0.1761 -0.3656
vn 0.6108 0.1229 -0.7822
vn 0.1442 0.0368 -0.9889
vn -0.3607 -0.0591 -0.9308
vn -0.7690 -0.1391 -0.6239
vn -0.9199 -0.1495 0.3626
vn -0.9776 -0.1481 -0.1497
vn -0.6171 -0.1111 0.7790
vn -0.1488 -0.0429 0.9879
vn 0.3603 0.0370 0.9321
vn 0.7732 0.1071 0.6251
vn 0.9776 0.1484 0.1491
vn 0.9181 0.1496 -0.3671
vn 0.6111 0.1104 -0.7838
vn 0.1405 0.0417 -0.9892
vn -0.3667 -0.0379 -0.9296
vn -0.7754 -0.1073 -0.6222
vn -0.9275 -0.0895 0.3629
vn -0.9860 -0.0772 -0.1476
vn -0.6232 -0.0782 0.7782
vn -0.1517 -0.0459 0.9874
vn 0.3621 -0.0010 0.9321
vn 0.7795 0.0444 0.6248
vn 0.9860 0.0778 0.1474
vn 0.9246 0.0900 -0.3701
vn 0.6129 0.0778 -0.7864
vn 0.1369 0.0448 -0.9896
vn -0.3740 0.0000 -0.9274
vn -0.7840 -0.0445 -0.6191
vn -0.9308 0.0104 0.3655
vn -0.9890 0.0383 -0.1426
vn -0.6272 -0.0202 0.7786
vn -0.1557 -0.0456 0.9868
vn 0.3602 -0.0586 0.9310
vn 0.7808 -0.0556 0.6224
vn 0.9891 -0.0373 0.1427
vn 0.9265 -0.0090 -0.3761
vn 0.6116 0.0217 -0.7909
vn 0.1329 0.0465 -0.9900
vn -0.3788 0.0590 -0.9236
vn -0.7879 0.0560 -0.6132
vn -0.9278 0.0714 0.3662
vn -0.9844 0.1081 -0.1385
vn -0.6281 0.0159 0.7780
vn -0.1589 -0.0442 0.9863
vn 0.3565 -0.0925 0.9297
vn 0.7766 -0.1156 0.6193
vn 0.9845 -0.1071 0.1389
vn 0.9226 -0.0693 -0.3796
vn 0.6082 -0.0126 -0.7937
vn 0.1296 0.0475 -0.9904
vn -0.3804 0.0946 -0.9200
vn -0.7858 0.1166 -0.6074
usemtl cables
s 1
f 5410/8268/2328 5422/8269/2329 5433/8270/2330 5421/8271/2331
f 5411/8272/2332 5423/8273/2333 5422/8274/2329 5410/8275/2328
f 5412/8276/2334 5424/8277/2335 5423/8273/2333 5411/8272/2332
f 5413/8278/2336 5425/8279/2337 5424/8277/2335 5412/8276/2334
f 5414/8280/2338 5426/8281/2339 5425/8279/2337 5413/8278/2336
f 5415/8282/2340 5427/8283/2341 5426/8281/2339 5414/8280/2338
f 5416/8284/2342 5428/8285/2343 5427/8283/2341 5415/8282/2340
f 5417/8286/2344 5429/8287/2345 5428/8285/2343 5416/8284/2342
f 5418/8288/2346 5430/8289/2347 5429/8287/2345 5417/8286/2344
f 5419/8290/2348 5431/8291/2349 5430/8289/2347 5418/8288/2346
f 5420/8292/2350 5432/8293/2351 5431/8291/2349 5419/8290/2348
f 5421/8271/2331 5433/8270/2330 5432/8293/2351 5420/8292/2350
f 5422/8269/2329 5434/8294/2352 5445/8295/2353 5433/8270/2330
f 5423/8273/2333 5435/8296/2354 5434/8297/2352 5422/8274/2329
f 5424/8277/2335 5436/8298/2355 5435/8296/2354 5423/8273/2333
f 5425/8279/2337 5437/8299/2356 5436/8298/2355 5424/8277/2335
f 5426/8281/2339 5438/8300/2357 5437/8299/2356 5425/8279/2337
f 5427/8283/2341 5439/8301/2358 5438/8300/2357 5426/8281/2339
f 5428/8285/2343 5440/8302/2359 5439/8301/2358 5427/8283/2341
f 5429/8287/2345 5441/8303/2360 5440/8302/2359 5428/8285/2343
f 5430/8289/2347 5442/8304/2361 5441/8303/2360 5429/8287/2345
f 5431/8291/2349 5443/8305/2362 5442/8304/2361 5430/8289/2347
f 5432/8293/2351 5444/8306/2363 5443/8305/2362 5431/8291/2349
f 5433/8270/2330 5445/8295/2353 5444/8306/2363 5432/8293/2351
f 5434/8294/2352 5446/8307/2364 5457/8308/2365 5445/8295/2353
f 5435/8296/2354 5447/8309/2366 5446/8310/2364 5434/8297/2352
f 5436/8298/2355 5448/8311/2367 5447/8309/2366 5435/8296/2354
f 5437/8299/2356 5449/8312/2368 5448/8311/2367 5436/8298/2355
f 5438/8300/2357 5450/8313/2369 5449/8312/2368 5437/8299/2356
f 5439/8301/2358 5451/8314/2370 5450/8313/2369 5438/8300/2357
f 5440/8302/2359 5452/8315/2371 5451/8314/2370 5439/8301/2358
f 5441/8303/2360 5453/8316/2372 5452/8315/2371 5440/8302/2359
f 5442/8304/2361 5454/8317/2373 5453/8316/2372 5441/8303/2360
f 5443/8305/2362 5455/8318/2374 5454/8317/2373 5442/8304/2361
f 5444/8306/2363 5456/8319/2375 5455/8318/2374 5443/8305/2362
f 5445/8295/2353 5457/8308/2365 5456/8319/2375 5444/8306/2363
f 5446/8307/2364 5458/8320/2376 5469/8321/2377 5457/8308/2365
f 5447/8309/2366 5459/8322/2378 5458/8323/2376 5446/8310/2364
f 5448/8311/2367 5460/8324/2379 5459/8322/2378 5447/8309/2366
f 5449/8312/2368 5461/8325/2380 5460/8324/2379 5448/8311/2367
f 5450/8313/2369 5462/8326/2381 5461/8325/2380 5449/8312/2368
f 5451/8314/2370 5463/8327/2382 5462/8326/2381 5450/8313/2369
f 5452/8315/2371 5464/8328/2383 5463/8327/2382 5451/8314/2370
f 5453/8316/2372 5465/8329/2384 5464/8328/2383 5452/8315/2371
f 5454/8317/2373 5466/8330/2385 5465/8329/2384 5453/8316/2372
f 5455/8318/2374 5467/8331/2386 5466/8330/2385 5454/8317/2373
f 5456/8319/2375 5468/8332/2387 5467/8331/2386 5455/8318/2374
f 5457/8308/2365 5469/8321/2377 5468/8332/2387 5456/8319/2375
f 5458/8320/2376 5470/8333/2388 5481/8334/2389 5469/8321/2377
f 5459/8322/2378 5471/8335/2390 5470/8336/2388 5458/8323/2376
f 5460/8324/2379 5472/8337/2391 5471/8335/2390 5459/8322/2378
f 5461/8325/2380 5473/8338/2392 5472/8337/2391 5460/8324/2379
f 5462/8326/2381 5474/8339/2393 5473/8338/2392 5461/8325/2380
f 5463/8327/2382 5475/8340/2394 5474/8339/2393 5462/8326/2381
f 5464/8328/2383 5476/8341/2395 5475/8340/2394 5463/8327/2382
f 5465/8329/2384 5477/8342/2396 5476/8341/2395 5464/8328/2383
f 5466/8330/2385 5478/8343/2397 5477/8342/2396 5465/8329/2384
f 5467/8331/2386 5479/8344/2398 5478/8343/2397 5466/8330/2385
f 5468/8332/2387 5480/8345/2399 5479/8344/2398 5467/8331/2386
f 5469/8321/2377 5481/8334/2389 5480/8345/2399 5468/8332/2387
f 5470/8333/2388 5482/8346/2400 5493/8347/2401 5481/8334/2389
f 5471/8335/2390 5483/8348/2402 5482/8349/2400 5470/8336/2388
f 5472/8337/2391 5484/8350/2403 5483/8348/2402 5471/8335/2390
f 5473/8338/2392 5485/8351/2404 5484/8350/2403 5472/8337/2391
f 5474/8339/2393 5486/8352/2405 5485/8351/2404 5473/8338/2392
f 5475/8340/2394 5487/8353/2406 5486/8352/2405 5474/8339/2393
f 5476/8341/2395 5488/8354/2407 5487/8353/2406 5475/8340/2394
f 5477/8342/2396 5489/8355/2408 5488/8354/2407 5476/8341/2395
f 5478/8343/2397 5490/8356/2409 5489/8355/2408 5477/8342/2396
f 5479/8344/2398 5491/8357/2410 5490/8356/2409 5478/8343/2397
f 5480/8345/2399 5492/8358/2411 5491/8357/2410 5479/8344/2398
f 5481/8334/2389 5493/8347/2401 5492/8358/2411 5480/8345/2399
f 5482/8346/2400 5494/8359/2412 5505/8360/2413 5493/8347/2401
f 5483/8348/2402 5495/8361/2414 5494/8362/2412 5482/8349/2400
f 5484/8350/2403 5496/8363/2415 5495/8361/2414 5483/8348/2402
f 5485/8351/2404 5497/8364/2416 5496/8363/2415 5484/8350/2403
f 5486/8352/2405 5498/8365/2417 5497/8364/2416 5485/8351/2404
f 5487/8353/2406 5499/8366/2418 5498/8365/2417 5486/8352/2405
f 5488/8354/2407 5500/8367/2419 5499/8366/2418 5487/8353/2406
f 5489/8355/2408 5501/8368/2420 5500/8367/2419 5488/8354/2407
f 5490/8356/2409 5502/8369/2421 5501/8368/2420 5489/8355/2408
f 5491/8357/2410 5503/8370/2422 5502/8369/2421 5490/8356/2409
f 5492/8358/2411 5504/8371/2423 5503/8370/2422 5491/8357/2410
f 5493/8347/2401 5505/8360/2413 5504/8371/2423 5492/8358/2411
f 5494/8359/2412 5506/8372/2424 5517/8373/2425 5505/8360/2413
f 5495/8361/2414 5507/8374/2426 5506/8375/2424 5494/8362/2412
f 5496/8363/2415 5508/8376/2427 5507/8374/2426 5495/8361/2414
f 5497/8364/2416 5509/8377/2428 5508/8376/2427 5496/8363/2415
f 5498/8365/2417 5510/8378/2429 5509/8377/2428 5497/8364/2416
f 5499/8366/2418 5511/8379/2430 5510/8378/2429 5498/8365/2417
f 5500/8367/2419 5512/8380/2431 5511/8379/2430 5499/8366/2418
f 5501/8368/2420 5513/8381/2432 5512/8380/2431 5500/8367/2419
f 5502/8369/2421 5514/8382/2433 5513/8381/2432 5501/8368/2420
f 5503/8370/2422 5515/8383/2434 5514/8382/2433 5502/8369/2421
f 5504/8371/2423 5516/8384/2435 5515/8383/2434 5503/8370/2422
f 5505/8360/2413 5517/8373/2425 5516/8384/2435 5504/8371/2423
f 5506/8372/2424 5518/8385/2436 5529/8386/2437 5517/8373/2425
f 5507/8374/2426 5519/8387/2438 5518/8388/2436 5506/8375/2424
f 5508/8376/2427 5520/8389/2439 5519/8387/2438 5507/8374/2426
f 5509/8377/2428 5521/8390/2440 5520/8389/2439 5508/8376/2427
f 5510/8378/2429 5522/8391/2441 5521/8390/2440 5509/8377/2428
f 5511/8379/2430 5523/8392/2442 5522/8391/2441 5510/8378/2429
f 5512/8380/2431 5524/8393/2443 5523/8392/2442 5511/8379/2430
f 5513/8381/2432 5525/8394/2444 5524/8393/2443 5512/8380/2431
f 5514/8382/2433 5526/8395/2445 5525/8394/2444 5513/8381/2432
f 5515/8383/2434 5527/8396/2446 5526/8395/2445 5514/8382/2433
f 5516/8384/2435 5528/8397/2447 5527/8396/2446 5515/8383/2434
f 5517/8373/2425 5529/8386/2437 5528/8397/2447 5516/8384/2435
f 5518/8385/2436 5530/8398/2448 5541/8399/2449 5529/8386/2437
f 5519/8387/2438 5531/8400/2450 5530/8401/2448 5518/8388/2436
f 5520/8389/2439 5532/8402/2451 5531/8400/2450 5519/8387/2438
f 5521/8390/2440 5533/8403/2452 5532/8402/2451 5520/8389/2439
f 5522/8391/2441 5534/8404/2453 5533/8403/2452 5521/8390/2440
f 5523/8392/2442 5535/8405/2454 5534/8404/2453 5522/8391/2441
f 5524/8393/2443 5536/8406/2455 5535/8405/2454 5523/8392/2442
f 5525/8394/2444 5537/8407/2456 5536/8406/2455 5524/8393/2443
f 5526/8395/2445 5538/8408/2457 5537/8407/2456 5525/8394/2444
f 5527/8396/2446 5539/8409/2458 5538/8408/2457 5526/8395/2445
f 5528/8397/2447 5540/8410/2459 5539/8409/2458 5527/8396/2446
f 5529/8386/2437 5541/8399/2449 5540/8410/2459 5528/8397/2447
f 5530/8398/2448 5542/8411/2460 5553/8412/2461 5541/8399/2449
f 5531/8400/2450 5543/8413/2462 5542/8414/2460 5530/8401/2448
f 5532/8402/2451 5544/8415/2463 5543/8413/2462 5531/8400/2450
f 5533/8403/2452 5545/8416/2464 5544/8415/2463 5532/8402/2451
f 5534/8404/2453 5546/8417/2465 5545/8416/2464 5533/8403/2452
f 5535/8405/2454 5547/8418/2466 5546/8417/2465 5534/8404/2453
f 5536/8406/2455 5548/8419/2467 5547/8418/2466 5535/8405/2454
f 5537/8407/2456 5549/8420/2468 5548/8419/2467 5536/8406/2455
f 5538/8408/2457 5550/8421/2469 5549/8420/2468 5537/8407/2456
f 5539/8409/2458 5551/8422/2470 5550/8421/2469 5538/8408/2457
f 5540/8410/2459 5552/8423/2471 5551/8422/2470 5539/8409/2458
f 5541/8399/2449 5553/8412/2461 5552/8423/2471 5540/8410/2459
f 5542/8411/2460 5554/8424/2472 5565/8425/2473 5553/8412/2461
f 5543/8413/2462 5555/8426/2474 5554/8427/2472 5542/8414/2460
f 5544/8415/2463 5556/8428/2475 5555/8426/2474 5543/8413/2462
f 5545/8416/2464 5557/8429/2476 5556/8428/2475 5544/8415/2463
f 5546/8417/2465 5558/8430/2477 5557/8429/2476 5545/8416/2464
f 5547/8418/2466 5559/8431/2478 5558/8430/2477 5546/8417/2465
f 5548/8419/2467 5560/8432/2479 5559/8431/2478 5547/8418/2466
f 5549/8420/2468 5561/8433/2480 5560/8432/2479 5548/8419/2467
f 5550/8421/2469 5562/8434/2481 5561/8433/2480 5549/8420/2468
f 5551/8422/2470 5563/8435/2482 5562/8434/2481 5550/8421/2469
f 5552/8423/2471 5564/8436/2483 5563/8435/2482 5551/8422/2470
f 5553/8412/2461 5565/8425/2473 5564/8436/2483 5552/8423/2471
f 5554/8424/2472 5566/8437/2484 5577/8438/2485 5565/8425/2473
f 5555/8426/2474 5567/8439/2486 5566/8440/2484 5554/8427/2472
f 5556/8428/2475 5568/8441/2487 5567/8439/2486 5555/8426/2474
f 5557/8429/2476 5569/8442/2488 5568/8441/2487 5556/8428/2475
f 5558/8430/2477 5570/8443/2489 5569/8442/2488 5557/8429/2476
f 5559/8431/2478 5571/8444/2490 5570/8443/2489 5558/8430/2477
f 5560/8432/2479 5572/8445/2491 5571/8444/2490 5559/8431/2478
f 5561/8433/2480 5573/8446/2492 5572/8445/2491 5560/8432/2479
f 5562/8434/2481 5574/8447/2493 5573/8446/2492 5561/8433/2480
f 5563/8435/2482 5575/8448/2494 5574/8447/2493 5562/8434/2481
f 5564/8436/2483 5576/8449/2495 5575/8448/2494 5563/8435/2482
f 5565/8425/2473 5577/8438/2485 5576/8449/2495 5564/8436/2483
f 5566/8437/2484 5578/8450/2496 5589/8451/2497 5577/8438/2485
f 5567/8439/2486 5579/8452/2498 5578/8453/2496 5566/8440/2484
f 5568/8441/2487 5580/8454/2499 5579/8452/2498 5567/8439/2486
f 5569/8442/2488 5581/8455/2500 5580/8454/2499 5568/8441/2487
f 5570/8443/2489 5582/8456/2501 5581/8455/2500 5569/8442/2488
f 5571/8444/2490 5583/8457/2502 5582/8456/2501 5570/8443/2489
f 5572/8445/2491 5584/8458/2503 5583/8457/2502 5571/8444/2490
f 5573/8446/2492 5585/8459/2504 5584/8458/2503 5572/8445/2491
f 5574/8447/2493 5586/8460/2505 5585/8459/2504 5573/8446/2492
f 5575/8448/2494 5587/8461/2506 5586/8460/2505 5574/8447/2493
f 5576/8449/2495 5588/8462/2507 5587/8461/2506 5575/8448/2494
f 5577/8438/2485 5589/8451/2497 5588/8462/2507 5576/8449/2495
f 5578/8450/2496 5590/8463/2508 5601/8464/2509 5589/8451/2497
f 5579/8452/2498 5591/8465/2510 5590/8466/2508 5578/8453/2496
f 5580/8454/2499 5592/8467/2511 5591/8465/2510 5579/8452/2498
f 5581/8455/2500 5593/8468/2512 5592/8467/2511 5580/8454/2499
f 5582/8456/2501 5594/8469/2513 5593/8468/2512 5581/8455/2500
f 5583/8457/2502 5595/8470/2514 5594/8469/2513 5582/8456/2501
f 5584/8458/2503 5596/8471/2515 5595/8470/2514 5583/8457/2502
f 5585/8459/2504 5597/8472/2516 5596/8471/2515 5584/8458/2503
f 5586/8460/2505 5598/8473/2517 5597/8472/2516 5585/8459/2504
f 5587/8461/2506 5599/8474/2518 5598/8473/2517 5586/8460/2505
f 5588/8462/2507 5600/8475/2519 5599/8474/2518 5587/8461/2506
f 5589/8451/2497 5601/8464/2509 5600/8475/2519 5588/8462/2507
f 5590/8463/2508 5602/8476/2520 5613/8477/2521 5601/8464/2509
f 5591/8465/2510 5603/8478/2522 5602/8479/2520 5590/8466/2508
f 5592/8467/2511 5604/8480/2523 5603/8478/2522 5591/8465/2510
f 5593/8468/2512 5605/8481/2524 5604/8480/2523 5592/8467/2511
f 5594/8469/2513 5606/8482/2525 5605/8481/2524 5593/8468/2512
f 5595/8470/2514 5607/8483/2526 5606/8482/2525 5594/8469/2513
f 5596/8471/2515 5608/8484/2527 5607/8483/2526 5595/8470/2514
f 5597/8472/2516 5609/8485/2528 5608/8484/2527 5596/8471/2515
f 5598/8473/2517 5610/8486/2529 5609/8485/2528 5597/8472/2516
f 5599/8474/2518 5611/8487/2530 5610/8486/2529 5598/8473/2517
f 5600/8475/2519 5612/8488/2531 5611/8487/2530 5599/8474/2518
f 5601/8464/2509 5613/8477/2521 5612/8488/2531 5600/8475/2519
f 5602/8476/2520 5614/8489/2532 5625/8490/2533 5613/8477/2521
f 5603/8478/2522 5615/8491/2534 5614/8492/2532 5602/8479/2520
f 5604/8480/2523 5616/8493/2535 5615/8491/2534 5603/8478/2522
f 5605/8481/2524 5617/8494/2536 5616/8493/2535 5604/8480/2523
f 5606/8482/2525 5618/8495/2537 5617/8494/2536 5605/8481/2524
f 5607/8483/2526 5619/8496/2538 5618/8495/2537 5606/8482/2525
f 5608/8484/2527 5620/8497/2539 5619/8496/2538 5607/8483/2526
f 5609/8485/2528 5621/8498/2540 5620/8497/2539 5608/8484/2527
f 5610/8486/2529 5622/8499/2541 5621/8498/2540 5609/8485/2528
f 5611/8487/2530 5623/8500/2542 5622/8499/2541 5610/8486/2529
f 5612/8488/2531 5624/8501/2543 5623/8500/2542 5611/8487/2530
f 5613/8477/2521 5625/8490/2533 5624/8501/2543 5612/8488/2531
f 5614/8489/2532 5626/8502/2544 5637/8503/2545 5625/8490/2533
f 5615/8491/2534 5627/8504/2546 5626/8505/2544 5614/8492/2532
f 5616/8493/2535 5628/8506/2547 5627/8504/2546 5615/8491/2534
f 5617/8494/2536 5629/8507/2548 5628/8506/2547 5616/8493/2535
f 5618/8495/2537 5630/8508/2549 5629/8507/2548 5617/8494/2536
f 5619/8496/2538 5631/8509/2550 5630/8508/2549 5618/8495/2537
f 5620/8497/2539 5632/8510/2551 5631/8509/2550 5619/8496/2538
f 5621/8498/2540 5633/8511/2552 5632/8510/2551 5620/8497/2539
f 5622/8499/2541 5634/8512/2553 5633/8511/2552 5621/8498/2540
f 5623/8500/2542 5635/8513/2554 5634/8512/2553 5622/8499/2541
f 5624/8501/2543 5636/8514/2555 5635/8513/2554 5623/8500/2542
f 5625/8490/2533 5637/8503/2545 5636/8514/2555 5624/8501/2543
f 5626/8502/2544 5638/8515/2556 5649/8516/2557 5637/8503/2545
f 5627/8504/2546 5639/8517/2558 5638/8518/2556 5626/8505/2544
f 5628/8506/2547 5640/8519/2559 5639/8517/2558 5627/8504/2546
f 5629/8507/2548 5641/8520/2560 5640/8519/2559 5628/8506/2547
f 5630/8508/2549 5642/8521/2561 5641/8520/2560 5629/8507/2548
f 5631/8509/2550 5643/8522/2562 5642/8521/2561 5630/8508/2549
f 5632/8510/2551 5644/8523/2563 5643/8522/2562 5631/8509/2550
f 5633/8511/2552 5645/8524/2564 5644/8523/2563 5632/8510/2551
f 5634/8512/2553 5646/8525/2565 5645/8524/2564 5633/8511/2552
f 5635/8513/2554 5647/8526/2566 5646/8525/2565 5634/8512/2553
f 5636/8514/2555 5648/8527/2567 5647/8526/2566 5635/8513/2554
f 5637/8503/2545 5649/8516/2557 5648/8527/2567 5636/8514/2555
f 5638/8515/2556 5650/8528/2568 5661/8529/2569 5649/8516/2557
f 5639/8517/2558 5651/8530/2570 5650/8531/2568 5638/8518/2556
f 5640/8519/2559 5652/8532/2571 5651/8530/2570 5639/8517/2558
f 5641/8520/2560 5653/8533/2572 5652/8532/2571 5640/8519/2559
f 5642/8521/2561 5654/8534/2573 5653/8533/2572 5641/8520/2560
f 5643/8522/2562 5655/8535/2574 5654/8534/2573 5642/8521/2561
f 5644/8523/2563 5656/8536/2575 5655/8535/2574 5643/8522/2562
f 5645/8524/2564 5657/8537/2576 5656/8536/2575 5644/8523/2563
f 5646/8525/2565 5658/8538/2577 5657/8537/2576 5645/8524/2564
f 5647/8526/2566 5659/8539/2578 5658/8538/2577 5646/8525/2565
f 5648/8527/2567 5660/8540/2579 5659/8539/2578 5647/8526/2566
f 5649/8516/2557 5661/8529/2569 5660/8540/2579 5648/8527/2567
f 5650/8528/2568 5662/8541/2580 5673/8542/2581 5661/8529/2569
f 5651/8530/2570 5663/8543/2582 5662/8544/2580 5650/8531/2568
f 5652/8532/2571 5664/8545/2583 5663/8543/2582 5651/8530/2570
f 5653/8533/2572 5665/8546/2584 5664/8545/2583 5652/8532/2571
f 5654/8534/2573 5666/8547/2585 5665/8546/2584 5653/8533/2572
f 5655/8535/2574 5667/8548/2586 5666/8547/2585 5654/8534/2573
f 5656/8536/2575 5668/8549/2587 5667/8548/2586 5655/8535/2574
f 5657/8537/2576 5669/8550/2588 5668/8549/2587 5656/8536/2575
f 5658/8538/2577 5670/8551/2589 5669/8550/2588 5657/8537/2576
f 5659/8539/2578 5671/8552/2590 5670/8551/2589 5658/8538/2577
f 5660/8540/2579 5672/8553/2591 5671/8552/2590 5659/8539/2578
f 5661/8529/2569 5673/8542/2581 5672/8553/2591 5660/8540/2579
f 5662/8541/2580 5674/8554/2592 5685/8555/2593 5673/8542/2581
f 5663/8543/2582 5675/8556/2594 5674/8557/2592 5662/8544/2580
f 5664/8545/2583 5676/8558/2595 5675/8556/2594 5663/8543/2582
f 5665/8546/2584 5677/8559/2596 5676/8558/2595 5664/8545/2583
f 5666/8547/2585 5678/8560/2597 5677/8559/2596 5665/8546/2584
f 5667/8548/2586 5679/8561/2598 5678/8560/2597 5666/8547/2585
f 5668/8549/2587 5680/8562/2599 5679/8561/2598 5667/8548/2586
f 5669/8550/2588 5681/8563/2600 5680/8562/2599 5668/8549/2587
f 5670/8551/2589 5682/8564/2601 5681/8563/2600 5669/8550/2588
f 5671/8552/2590 5683/8565/2602 5682/8564/2601 5670/8551/2589
f 5672/8553/2591 5684/8566/2603 5683/8565/2602 5671/8552/2590
f 5673/8542/2581 5685/8555/2593 5684/8566/2603 5672/8553/2591
f 5674/8554/2592 5686/8567/2604 5697/8568/2605 5685/8555/2593
f 5675/8556/2594 5687/8569/2606 5686/8570/2604 5674/8557/2592
f 5676/8558/2595 5688/8571/2607 5687/8569/2606 5675/8556/2594
f 5677/8559/2596 5689/8572/2608 5688/8571/2607 5676/8558/2595
f 5678/8560/2597 5690/8573/2609 5689/8572/2608 5677/8559/2596
f 5679/8561/2598 5691/8574/2610 5690/8573/2609 5678/8560/2597
f 5680/8562/2599 5692/8575/2611 5691/8574/2610 5679/8561/2598
f 5681/8563/2600 5693/8576/2612 5692/8575/2611 5680/8562/2599
f 5682/8564/2601 5694/8577/2613 5693/8576/2612 5681/8563/2600
f 5683/8565/2602 5695/8578/2614 5694/8577/2613 5682/8564/2601
f 5684/8566/2603 5696/8579/2615 5695/8578/2614 5683/8565/2602
f 5685/8555/2593 5697/8568/2605 5696/8579/2615 5684/8566/2603
f 5686/8567/2604 5698/8580/2616 5709/8581/2617 5697/8568/2605
f 5687/8569/2606 5699/8582/2618 5698/8583/2616 5686/8570/2604
f 5688/8571/2607 5700/8584/2619 5699/8582/2618 5687/8569/2606
f 5689/8572/2608 5701/8585/2620 5700/8584/2619 5688/8571/2607
f 5690/8573/2609 5702/8586/2621 5701/8585/2620 5689/8572/2608
f 5691/8574/2610 5703/8587/2622 5702/8586/2621 5690/8573/2609
f 5692/8575/2611 5704/8588/2623 5703/8587/2622 5691/8574/2610
f 5693/8576/2612 5705/8589/2624 5704/8588/2623 5692/8575/2611
f 5694/8577/2613 5706/8590/2625 5705/8589/2624 5693/8576/2612
f 5695/8578/2614 5707/8591/2626 5706/8590/2625 5694/8577/2613
f 5696/8579/2615 5708/8592/2627 5707/8591/2626 5695/8578/2614
f 5697/8568/2605 5709/8581/2617 5708/8592/2627 5696/8579/2615
f 5698/8580/2616 5710/8593/2628 5721/8594/2629 5709/8581/2617
f 5699/8582/2618 5711/8595/2630 5710/8596/2628 5698/8583/2616
f 5700/8584/2619 5712/8597/2631 5711/8595/2630 5699/8582/2618
f 5701/8585/2620 5713/8598/2632 5712/8597/2631 5700/8584/2619
f 5702/8586/2621 5714/8599/2633 5713/8598/2632 5701/8585/2620
f 5703/8587/2622 5715/8600/2634 5714/8599/2633 5702/8586/2621
f 5704/8588/2623 5716/8601/2635 5715/8600/2634 5703/8587/2622
f 5705/8589/2624 5717/8602/2636 5716/8601/2635 5704/8588/2623
f 5706/8590/2625 5718/8603/2637 5717/8602/2636 5705/8589/2624
f 5707/8591/2626 5719/8604/2638 5718/8603/2637 5706/8590/2625
f 5708/8592/2627 5720/8605/2639 5719/8604/2638 5707/8591/2626
f 5709/8581/2617 5721/8594/2629 5720/8605/2639 5708/8592/2627
f 5710/8593/2628 5722/8606/2640 5733/8607/2641 5721/8594/2629
f 5711/8595/2630 5723/8608/2642 5722/8609/2640 5710/8596/2628
f 5712/8597/2631 5724/8610/2643 5723/8608/2642 5711/8595/2630
f 5713/8598/2632 5725/8611/2644 5724/8610/2643 5712/8597/2631
f 5714/8599/2633 5726/8612/2645 5725/8611/2644 5713/8598/2632
f 5715/8600/2634 5727/8613/2646 5726/8612/2645 5714/8599/2633
f 5716/8601/2635 5728/8614/2647 5727/8613/2646 5715/8600/2634
f 5717/8602/2636 5729/8615/2648 5728/8614/2647 5716/8601/2635
f 5718/8603/2637 5730/8616/2649 5729/8615/2648 5717/8602/2636
f 5719/8604/2638 5731/8617/2650 5730/8616/2649 5718/8603/2637
f 5720/8605/2639 5732/8618/2651 5731/8617/2650 5719/8604/2638
f 5721/8594/2629 5733/8607/2641 5732/8618/2651 5720/8605/2639
f 5722/8606/2640 5734/8619/2652 5745/8620/2653 5733/8607/2641
f 5723/8608/2642 5735/8621/2654 5734/8622/2652 5722/8609/2640
f 5724/8610/2643 5736/8623/2655 5735/8621/2654 5723/8608/2642
f 5725/8611/2644 5737/8624/2656 5736/8623/2655 5724/8610/2643
f 5726/8612/2645 5738/8625/2657 5737/8624/2656 5725/8611/2644
f 5727/8613/2646 5739/8626/2658 5738/8625/2657 5726/8612/2645
f 5728/8614/2647 5740/8627/2659 5739/8626/2658 5727/8613/2646
f 5729/8615/2648 5741/8628/2660 5740/8627/2659 5728/8614/2647
f 5730/8616/2649 5742/8629/2661 5741/8628/2660 5729/8615/2648
f 5731/8617/2650 5743/8630/2662 5742/8629/2661 5730/8616/2649
f 5732/8618/2651 5744/8631/2663 5743/8630/2662 5731/8617/2650
f 5733/8607/2641 5745/8620/2653 5744/8631/2663 5732/8618/2651
f 5734/8619/2652 5746/8632/2664 5757/8633/2665 5745/8620/2653
f 5735/8621/2654 5747/8634/2666 5746/8635/2664 5734/8622/2652
f 5736/8623/2655 5748/8636/2667 5747/8634/2666 5735/8621/2654
f 5737/8624/2656 5749/8637/2668 5748/8636/2667 5736/8623/2655
f 5738/8625/2657 5750/8638/2669 5749/8637/2668 5737/8624/2656
f 5739/8626/2658 5751/8639/2670 5750/8638/2669 5738/8625/2657
f 5740/8627/2659 5752/8640/2671 5751/8639/2670 5739/8626/2658
f 5741/8628/2660 5753/8641/2672 5752/8640/2671 5740/8627/2659
f 5742/8629/2661 5754/8642/2673 5753/8641/2672 5741/8628/2660
f 5743/8630/2662 5755/8643/2674 5754/8642/2673 5742/8629/2661
f 5744/8631/2663 5756/8644/2675 5755/8643/2674 5743/8630/2662
f 5745/8620/2653 5757/8633/2665 5756/8644/2675 5744/8631/2663
f 5746/8632/2664 5758/8645/2676 5769/8646/2677 5757/8633/2665
f 5747/8634/2666 5759/8647/2678 5758/8648/2676 5746/8635/2664
f 5748/8636/2667 5760/8649/2679 5759/8647/2678 5747/8634/2666
f 5749/8637/2668 5761/8650/2680 5760/8649/2679 5748/8636/2667
f 5750/8638/2669 5762/8651/2681 5761/8650/2680 5749/8637/2668
f 5751/8639/2670 5763/8652/2682 5762/8651/2681 5750/8638/2669
f 5752/8640/2671 5764/8653/2683 5763/8652/2682 5751/8639/2670
f 5753/8641/2672 5765/8654/2684 5764/8653/2683 5752/8640/2671
f 5754/8642/2673 5766/8655/2685 5765/8654/2684 5753/8641/2672
f 5755/8643/2674 5767/8656/2686 5766/8655/2685 5754/8642/2673
f 5756/8644/2675 5768/8657/2687 5767/8656/2686 5755/8643/2674
f 5757/8633/2665 5769/8646/2677 5768/8657/2687 5756/8644/2675
f 5758/8645/2676 5770/8658/2688 5781/8659/2689 5769/8646/2677
f 5759/8647/2678 5771/8660/2690 5770/8661/2688 5758/8648/2676
f 5760/8649/2679 5772/8662/2691 5771/8660/2690 5759/8647/2678
f 5761/8650/2680 5773/8663/2692 5772/8662/2691 5760/8649/2679
f 5762/8651/2681 5774/8664/2693 5773/8663/2692 5761/8650/2680
f 5763/8652/2682 5775/8665/2694 5774/8664/2693 5762/8651/2681
f 5764/8653/2683 5776/8666/2695 5775/8665/2694 5763/8652/2682
f 5765/8654/2684 5777/8667/2696 5776/8666/2695 5764/8653/2683
f 5766/8655/2685 5778/8668/2697 5777/8667/2696 5765/8654/2684
f 5767/8656/2686 5779/8669/2698 5778/8668/2697 5766/8655/2685
f 5768/8657/2687 5780/8670/2699 5779/8669/2698 5767/8656/2686
f 5769/8646/2677 5781/8659/2689 5780/8670/2699 5768/8657/2687
f 5770/8658/2688 5782/8671/2700 5793/8672/2701 5781/8659/2689
f 5771/8660/2690 5783/8673/2702 5782/8674/2700 5770/8661/2688
f 5772/8662/2691 5784/8675/2703 5783/8673/2702 5771/8660/2690
f 5773/8663/2692 5785/8676/2704 5784/8675/2703 5772/8662/2691
f 5774/8664/2693 5786/8677/2705 5785/8676/2704 5773/8663/2692
f 5775/8665/2694 5787/8678/2706 5786/8677/2705 5774/8664/2693
f 5776/8666/2695 5788/8679/2707 5787/8678/2706 5775/8665/2694
f 5777/8667/2696 5789/8680/2708 5788/8679/2707 5776/8666/2695
f 5778/8668/2697 5790/8681/2709 5789/8680/2708 5777/8667/2696
f 5779/8669/2698 5791/8682/2710 5790/8681/2709 5778/8668/2697
f 5780/8670/2699 5792/8683/2711 5791/8682/2710 5779/8669/2698
f 5781/8659/2689 5793/8672/2701 5792/8683/2711 5780/8670/2699
f 5782/8671/2700 5794/8684/2712 5805/8685/2713 5793/8672/2701
f 5783/8673/2702 5795/8686/2714 5794/8687/2712 5782/8674/2700
f 5784/8675/2703 5796/8688/2715 5795/8686/2714 5783/8673/2702
f 5785/8676/2704 5797/8689/2716 5796/8688/2715 5784/8675/2703
f 5786/8677/2705 5798/8690/2717 5797/8689/2716 5785/8676/2704
f 5787/8678/2706 5799/8691/2718 5798/8690/2717 5786/8677/2705
f 5788/8679/2707 5800/8692/2719 5799/8691/2718 5787/8678/2706
f 5789/8680/2708 5801/8693/2720 5800/8692/2719 5788/8679/2707
f 5790/8681/2709 5802/8694/2721 5801/8693/2720 5789/8680/2708
f 5791/8682/2710 5803/8695/2722 5802/8694/2721 5790/8681/2709
f 5792/8683/2711 5804/8696/2723 5803/8695/2722 5791/8682/2710
f 5793/8672/2701 5805/8685/2713 5804/8696/2723 5792/8683/2711
f 5794/8684/2712 5806/8697/2724 5817/8698/2725 5805/8685/2713
f 5795/8686/2714 5807/8699/2726 5806/8700/2724 5794/8687/2712
f 5796/8688/2715 5808/8701/2727 5807/8699/2726 5795/8686/2714
f 5797/8689/2716 5809/8702/2728 5808/8701/2727 5796/8688/2715
f 5798/8690/2717 5810/8703/2729 5809/8702/2728 5797/8689/2716
f 5799/8691/2718 5811/8704/2730 5810/8703/2729 5798/8690/2717
f 5800/8692/2719 5812/8705/2731 5811/8704/2730 5799/8691/2718
f 5801/8693/2720 5813/8706/2732 5812/8705/2731 5800/8692/2719
f 5802/8694/2721 5814/8707/2733 5813/8706/2732 5801/8693/2720
f 5803/8695/2722 5815/8708/2734 5814/8707/2733 5802/8694/2721
f 5804/8696/2723 5816/8709/2735 5815/8708/2734 5803/8695/2722
f 5805/8685/2713 5817/8698/2725 5816/8709/2735 5804/8696/2723
f 5806/8697/2724 5818/8710/2736 5829/8711/2737 5817/8698/2725
f 5807/8699/2726 5819/8712/2738 5818/8713/2736 5806/8700/2724
f 5808/8701/2727 5820/8714/2739 5819/8712/2738 5807/8699/2726
f 5809/8702/2728 5821/8715/2740 5820/8714/2739 5808/8701/2727
f 5810/8703/2729 5822/8716/2741 5821/8715/2740 5809/8702/2728
f 5811/8704/2730 5823/8717/2742 5822/8716/2741 5810/8703/2729
f 5812/8705/2731 5824/8718/2743 5823/8717/2742 5811/8704/2730
f 5813/8706/2732 5825/8719/2744 5824/8718/2743 5812/8705/2731
f 5814/8707/2733 5826/8720/2745 5825/8719/2744 5813/8706/2732
f 5815/8708/2734 5827/8721/2746 5826/8720/2745 5814/8707/2733
f 5816/8709/2735 5828/8722/2747 5827/8721/2746 5815/8708/2734
f 5817/8698/2725 5829/8711/2737 5828/8722/2747 5816/8709/2735
f 5818/8710/2736 5830/8723/2748 5841/8724/2749 5829/8711/2737
f 5819/8712/2738 5831/8725/2750 5830/8726/2748 5818/8713/2736
f 5820/8714/2739 5832/8727/2751 5831/8725/2750 5819/8712/2738
f 5821/8715/2740 5833/8728/2752 5832/8727/2751 5820/8714/2739
f 5822/8716/2741 5834/8729/2753 5833/8728/2752 5821/8715/2740
f 5823/8717/2742 5835/8730/2754 5834/8729/2753 5822/8716/2741
f 5824/8718/2743 5836/8731/2755 5835/8730/2754 5823/8717/2742
f 5825/8719/2744 5837/8732/2756 5836/8731/2755 5824/8718/2743
f 5826/8720/2745 5838/8733/2757 5837/8732/2756 5825/8719/2744
f 5827/8721/2746 5839/8734/2758 5838/8733/2757 5826/8720/2745
f 5828/8722/2747 5840/8735/2759 5839/8734/2758 5827/8721/2746
f 5829/8711/2737 5841/8724/2749 5840/8735/2759 5828/8722/2747
f 5830/8723/2748 5842/8736/2760 5853/8737/2761 5841/8724/2749
f 5831/8725/2750 5843/8738/2762 5842/8739/2760 5830/8726/2748
f 5832/8727/2751 5844/8740/2763 5843/8738/2762 5831/8725/2750
f 5833/8728/2752 5845/8741/2764 5844/8740/2763 5832/8727/2751
f 5834/8729/2753 5846/8742/2765 5845/8741/2764 5833/8728/2752
f 5835/8730/2754 5847/8743/2766 5846/8742/2765 5834/8729/2753
f 5836/8731/2755 5848/8744/2767 5847/8743/2766 5835/8730/2754
f 5837/8732/2756 5849/8745/2768 5848/8744/2767 5836/8731/2755
f 5838/8733/2757 5850/8746/2769 5849/8745/2768 5837/8732/2756
f 5839/8734/2758 5851/8747/2770 5850/8746/2769 5838/8733/2757
f 5840/8735/2759 5852/8748/2771 5851/8747/2770 5839/8734/2758
f 5841/8724/2749 5853/8737/2761 5852/8748/2771 5840/8735/2759
f 5842/8736/2760 5854/8749/2772 5865/8750/2773 5853/8737/2761
f 5843/8738/2762 5855/8751/2774 5854/8752/2772 5842/8739/2760
f 5844/8740/2763 5856/8753/2775 5855/8751/2774 5843/8738/2762
f 5845/8741/2764 5857/8754/2776 5856/8753/2775 5844/8740/2763
f 5846/8742/2765 5858/8755/2777 5857/8754/2776 5845/8741/2764
f 5847/8743/2766 5859/8756/2778 5858/8755/2777 5846/8742/2765
f 5848/8744/2767 5860/8757/2779 5859/8756/2778 5847/8743/2766
f 5849/8745/2768 5861/8758/2780 5860/8757/2779 5848/8744/2767
f 5850/8746/2769 5862/8759/2781 5861/8758/2780 5849/8745/2768
f 5851/8747/2770 5863/8760/2782 5862/8759/2781 5850/8746/2769
f 5852/8748/2771 5864/8761/2783 5863/8760/2782 5851/8747/2770
f 5853/8737/2761 5865/8750/2773 5864/8761/2783 5852/8748/2771
f 5854/8749/2772 5866/8762/2784 5877/8763/2785 5865/8750/2773
f 5855/8751/2774 5867/8764/2786 5866/8765/2784 5854/8752/2772
f 5856/8753/2775 5868/8766/2787 5867/8764/2786 5855/8751/2774
f 5857/8754/2776 5869/8767/2788 5868/8766/2787 5856/8753/2775
f 5858/8755/2777 5870/8768/2789 5869/8767/2788 5857/8754/2776
f 5859/8756/2778 5871/8769/2790 5870/8768/2789 5858/8755/2777
f 5860/8757/2779 5872/8770/2791 5871/8769/2790 5859/8756/2778
f 5861/8758/2780 5873/8771/2792 5872/8770/2791 5860/8757/2779
f 5862/8759/2781 5874/8772/2793 5873/8771/2792 5861/8758/2780
f 5863/8760/2782 5875/8773/2794 5874/8772/2793 5862/8759/2781
f 5864/8761/2783 5876/8774/2795 5875/8773/2794 5863/8760/2782
f 5865/8750/2773 5877/8763/2785 5876/8774/2795 5864/8761/2783
f 5866/8762/2784 5878/8775/2796 5889/8776/2797 5877/8763/2785
f 5867/8764/2786 5879/8777/2798 5878/8778/2796 5866/8765/2784
f 5868/8766/2787 5880/8779/2799 5879/8777/2798 5867/8764/2786
f 5869/8767/2788 5881/8780/2800 5880/8779/2799 5868/8766/2787
f 5870/8768/2789 5882/8781/2801 5881/8780/2800 5869/8767/2788
f 5871/8769/2790 5883/8782/2802 5882/8781/2801 5870/8768/2789
f 5872/8770/2791 5884/8783/2803 5883/8782/2802 5871/8769/2790
f 5873/8771/2792 5885/8784/2804 5884/8783/2803 5872/8770/2791
f 5874/8772/2793 5886/8785/2805 5885/8784/2804 5873/8771/2792
f 5875/8773/2794 5887/8786/2806 5886/8785/2805 5874/8772/2793
f 5876/8774/2795 5888/8787/2807 5887/8786/2806 5875/8773/2794
f 5877/8763/2785 5889/8776/2797 5888/8787/2807 5876/8774/2795
f 5878/8775/2796 5890/8788/2808 5901/8789/2809 5889/8776/2797
f 5879/8777/2798 5891/8790/2810 5890/8791/2808 5878/8778/2796
f 5880/8779/2799 5892/8792/2811 5891/8790/2810 5879/8777/2798
f 5881/8780/2800 5893/8793/2812 5892/8792/2811 5880/8779/2799
f 5882/8781/2801 5894/8794/2813 5893/8793/2812 5881/8780/2800
f 5883/8782/2802 5895/8795/2814 5894/8794/2813 5882/8781/2801
f 5884/8783/2803 5896/8796/2815 5895/8795/2814 5883/8782/2802
f 5885/8784/2804 5897/8797/2816 5896/8796/2815 5884/8783/2803
f 5886/8785/2805 5898/8798/2817 5897/8797/2816 5885/8784/2804
f 5887/8786/2806 5899/8799/2818 5898/8798/2817 5886/8785/2805
f 5888/8787/2807 5900/8800/2819 5899/8799/2818 5887/8786/2806
f 5889/8776/2797 5901/8789/2809 5900/8800/2819 5888/8787/2807
f 5890/8788/2808 5902/8801/2820 5913/8802/2821 5901/8789/2809
f 5891/8790/2810 5903/8803/2822 5902/8804/2820 5890/8791/2808
f 5892/8792/2811 5904/8805/2823 5903/8803/2822 5891/8790/2810
f 5893/8793/2812 5905/8806/2824 5904/8805/2823 5892/8792/2811
f 5894/8794/2813 5906/8807/2825 5905/8806/2824 5893/8793/2812
f 5895/8795/2814 5907/8808/2826 5906/8807/2825 5894/8794/2813
f 5896/8796/2815 5908/8809/2827 5907/8808/2826 5895/8795/2814
f 5897/8797/2816 5909/8810/2828 5908/8809/2827 5896/8796/2815
f 5898/8798/2817 5910/8811/2829 5909/8810/2828 5897/8797/2816
f 5899/8799/2818 5911/8812/2830 5910/8811/2829 5898/8798/2817
f 5900/8800/2819 5912/8813/2831 5911/8812/2830 5899/8799/2818
f 5901/8789/2809 5913/8802/2821 5912/8813/2831 5900/8800/2819
f 5902/8801/2820 5914/8814/2832 5925/8815/2833 5913/8802/2821
f 5903/8803/2822 5915/8816/2834 5914/8817/2832 5902/8804/2820
f 5904/8805/2823 5916/8818/2835 5915/8816/2834 5903/8803/2822
f 5905/8806/2824 5917/8819/2836 5916/8818/2835 5904/8805/2823
f 5906/8807/2825 5918/8820/2837 5917/8819/2836 5905/8806/2824
f 5907/8808/2826 5919/8821/2838 5918/8820/2837 5906/8807/2825
f 5908/8809/2827 5920/8822/2839 5919/8821/2838 5907/8808/2826
f 5909/8810/2828 5921/8823/2840 5920/8822/2839 5908/8809/2827
f 5910/8811/2829 5922/8824/2841 5921/8823/2840 5909/8810/2828
f 5911/8812/2830 5923/8825/2842 5922/8824/2841 5910/8811/2829
f 5912/8813/2831 5924/8826/2843 5923/8825/2842 5911/8812/2830
f 5913/8802/2821 5925/8815/2833 5924/8826/2843 5912/8813/2831
f 5914/8814/2832 5926/8827/2844 5937/8828/2845 5925/8815/2833
f 5915/8816/2834 5927/8829/2846 5926/8830/2844 5914/8817/2832
f 5916/8818/2835 5928/8831/2847 5927/8829/2846 5915/8816/2834
f 5917/8819/2836 5929/8832/2848 5928/8831/2847 5916/8818/2835
f 5918/8820/2837 5930/8833/2849 5929/8832/2848 5917/8819/2836
f 5919/8821/2838 5931/8834/2850 5930/8833/2849 5918/8820/2837
f 5920/8822/2839 5932/8835/2851 5931/8834/2850 5919/8821/2838
f 5921/8823/2840 5933/8836/2852 5932/8835/2851 5920/8822/2839
f 5922/8824/2841 5934/8837/2853 5933/8836/2852 5921/8823/2840
f 5923/8825/2842 5935/8838/2854 5934/8837/2853 5922/8824/2841
f 5924/8826/2843 5936/8839/2855 5935/8838/2854 5923/8825/2842
f 5925/8815/2833 5937/8828/2845 5936/8839/2855 5924/8826/2843
f 5926/8827/2844 5938/8840/2856 5949/8841/2857 5937/8828/2845
f 5927/8829/2846 5939/8842/2858 5938/8843/2856 5926/8830/2844
f 5928/8831/2847 5940/8844/2859 5939/8842/2858 5927/8829/2846
f 5929/8832/2848 5941/8845/2860 5940/8844/2859 5928/8831/2847
f 5930/8833/2849 5942/8846/2861 5941/8845/2860 5929/8832/2848
f 5931/8834/2850 5943/8847/2862 5942/8846/2861 5930/8833/2849
f 5932/8835/2851 5944/8848/2863 5943/8847/2862 5931/8834/2850
f 5933/8836/2852 5945/8849/2864 5944/8848/2863 5932/8835/2851
f 5934/8837/2853 5946/8850/2865 5945/8849/2864 5933/8836/2852
f 5935/8838/2854 5947/8851/2866 5946/8850/2865 5934/8837/2853
f 5936/8839/2855 5948/8852/2867 5947/8851/2866 5935/8838/2854
f 5937/8828/2845 5949/8841/2857 5948/8852/2867 5936/8839/2855
f 5938/8840/2856 5950/8853/2868 5961/8854/2869 5949/8841/2857
f 5939/8842/2858 5951/8855/2870 5950/8856/2868 5938/8843/2856
f 5940/8844/2859 5952/8857/2871 5951/8855/2870 5939/8842/2858
f 5941/8845/2860 5953/8858/2872 5952/8857/2871 5940/8844/2859
f 5942/8846/2861 5954/8859/2873 5953/8858/2872 5941/8845/2860
f 5943/8847/2862 5955/8860/2874 5954/8859/2873 5942/8846/2861
f 5944/8848/2863 5956/8861/2875 5955/8860/2874 5943/8847/2862
f 5945/8849/2864 5957/8862/2876 5956/8861/2875 5944/8848/2863
f 5946/8850/2865 5958/8863/2877 5957/8862/2876 5945/8849/2864
f 5947/8851/2866 5959/8864/2878 5958/8863/2877 5946/8850/2865
f 5948/8852/2867 5960/8865/2879 5959/8864/2878 5947/8851/2866
f 5949/8841/2857 5961/8854/2869 5960/8865/2879 5948/8852/2867
f 5950/8853/2868 5962/8866/2880 5973/8867/2881 5961/8854/2869
f 5951/8855/2870 5963/8868/2882 5962/8869/2880 5950/8856/2868
f 5952/8857/2871 5964/8870/2883 5963/8868/2882 5951/8855/2870
f 5953/8858/2872 5965/8871/2884 5964/8870/2883 5952/8857/2871
f 5954/8859/2873 5966/8872/2885 5965/8871/2884 5953/8858/2872
f 5955/8860/2874 5967/8873/2886 5966/8872/2885 5954/8859/2873
f 5956/8861/2875 5968/8874/2887 5967/8873/2886 5955/8860/2874
f 5957/8862/2876 5969/8875/2888 5968/8874/2887 5956/8861/2875
f 5958/8863/2877 5970/8876/2889 5969/8875/2888 5957/8862/2876
f 5959/8864/2878 5971/8877/2890 5970/8876/2889 5958/8863/2877
f 5960/8865/2879 5972/8878/2891 5971/8877/2890 5959/8864/2878
f 5961/8854/2869 5973/8867/2881 5972/8878/2891 5960/8865/2879
f 5962/8866/2880 5974/8879/2892 5985/8880/2893 5973/8867/2881
f 5963/8868/2882 5975/8881/2894 5974/8882/2892 5962/8869/2880
f 5964/8870/2883 5976/8883/2895 5975/8881/2894 5963/8868/2882
f 5965/8871/2884 5977/8884/2896 5976/8883/2895 5964/8870/2883
f 5966/8872/2885 5978/8885/2897 5977/8884/2896 5965/8871/2884
f 5967/8873/2886 5979/8886/2898 5978/8885/2897 5966/8872/2885
f 5968/8874/2887 5980/8887/2899 5979/8886/2898 5967/8873/2886
f 5969/8875/2888 5981/8888/2900 5980/8887/2899 5968/8874/2887
f 5970/8876/2889 5982/8889/2901 5981/8888/2900 5969/8875/2888
f 5971/8877/2890 5983/8890/2902 5982/8889/2901 5970/8876/2889
f 5972/8878/2891 5984/8891/2903 5983/8890/2902 5971/8877/2890
f 5973/8867/2881 5985/8880/2893 5984/8891/2903 5972/8878/2891
f 5974/8879/2892 5986/8892/2904 5997/8893/2905 5985/8880/2893
f 5975/8881/2894 5987/8894/2906 5986/8895/2904 5974/8882/2892
f 5976/8883/2895 5988/8896/2907 5987/8894/2906 5975/8881/2894
f 5977/8884/2896 5989/8897/2908 5988/8896/2907 5976/8883/2895
f 5978/8885/2897 5990/8898/2909 5989/8897/2908 5977/8884/2896
f 5979/8886/2898 5991/8899/2910 5990/8898/2909 5978/8885/2897
f 5980/8887/2899 5992/8900/2911 5991/8899/2910 5979/8886/2898
f 5981/8888/2900 5993/8901/2912 5992/8900/2911 5980/8887/2899
f 5982/8889/2901 5994/8902/2913 5993/8901/2912 5981/8888/2900
f 5983/8890/2902 5995/8903/2914 5994/8902/2913 5982/8889/2901
f 5984/8891/2903 5996/8904/2915 5995/8903/2914 5983/8890/2902
f 5985/8880/2893 5997/8893/2905 5996/8904/2915 5984/8891/2903
o BezierCurve.005_BezierCurve.006
v 2.415112 2.940606 -11.711232
v 2.419403 2.951573 -11.721354
v 2.425757 2.955587 -11.734943
v 2.432472 2.951573 -11.748358
v 2.437748 2.940606 -11.758003
v 2.440173 2.925624 -11.761295
v 2.439095 2.910643 -11.757352
v 2.434804 2.899676 -11.747230
v 2.428451 2.895662 -11.733640
v 2.421736 2.899676 -11.720225
v 2.416459 2.910643 -11.710580
v 2.414035 2.925624 -11.707288
v 2.291448 2.933885 -11.758560
v 2.294014 2.944759 -11.769345
v 2.298021 2.948647 -11.783835
v 2.302398 2.944507 -11.798148
v 2.305969 2.933448 -11.808449
v 2.307780 2.918434 -11.811976
v 2.307344 2.903487 -11.807786
v 2.304779 2.892613 -11.797001
v 2.300771 2.888725 -11.782511
v 2.296394 2.892865 -11.768198
v 2.292822 2.903924 -11.757897
v 2.291012 2.918938 -11.754370
v 2.166836 2.927605 -11.783807
v 2.167793 2.938399 -11.794930
v 2.169586 2.942177 -11.809885
v 2.171736 2.937926 -11.824665
v 2.173666 2.926786 -11.835311
v 2.174859 2.911741 -11.838968
v 2.174994 2.896822 -11.834658
v 2.174038 2.886028 -11.823535
v 2.172244 2.882250 -11.808579
v 2.170094 2.886501 -11.793798
v 2.168165 2.897642 -11.783154
v 2.166972 2.912687 -11.779496
v 2.038753 2.921950 -11.791740
v 2.038472 2.932690 -11.802954
v 2.038524 2.936392 -11.818034
v 2.038897 2.932064 -11.832944
v 2.039489 2.920865 -11.843685
v 2.040142 2.905796 -11.847382
v 2.040681 2.890896 -11.843042
v 2.040962 2.880155 -11.831830
v 2.040909 2.876453 -11.816749
v 2.040537 2.880782 -11.801840
v 2.039945 2.891981 -11.791098
v 2.039292 2.907049 -11.787401
v 1.904978 2.917131 -11.786975
v 1.903939 2.927844 -11.798168
v 1.902878 2.931506 -11.813222
v 1.902079 2.927136 -11.828102
v 1.901757 2.915905 -11.838821
v 1.901997 2.900821 -11.842507
v 1.902736 2.885927 -11.838173
v 1.903775 2.875214 -11.826980
v 1.904835 2.871552 -11.811926
v 1.905634 2.875922 -11.797046
v 1.905957 2.887154 -11.786326
v 1.905716 2.902237 -11.782640
v 1.763561 2.913377 -11.774186
v 1.762235 2.924083 -11.785357
v 1.760683 2.927732 -11.800371
v 1.759321 2.923347 -11.815207
v 1.758513 2.912102 -11.825887
v 1.758476 2.897012 -11.829551
v 1.759220 2.882118 -11.825216
v 1.760546 2.871413 -11.814046
v 1.762098 2.867764 -11.799031
v 1.763460 2.872149 -11.784197
v 1.764268 2.883393 -11.773517
v 1.764305 2.898484 -11.769853
v 1.612676 2.910925 -11.758195
v 1.611475 2.921633 -11.769378
v 1.609978 2.925283 -11.784397
v 1.608588 2.920897 -11.799230
v 1.607676 2.909652 -11.809899
v 1.607487 2.894558 -11.813548
v 1.608072 2.879662 -11.809198
v 1.609273 2.868955 -11.798016
v 1.610770 2.865305 -11.782996
v 1.612161 2.869690 -11.768164
v 1.613072 2.880936 -11.757494
v 1.613261 2.896029 -11.753845
v 1.450532 2.910011 -11.743929
v 1.449792 2.920721 -11.755149
v 1.448804 2.924374 -11.770210
v 1.447831 2.919991 -11.785076
v 1.447135 2.908746 -11.795764
v 1.446902 2.893653 -11.799409
v 1.447194 2.878755 -11.795035
v 1.447933 2.868045 -11.783815
v 1.448922 2.864392 -11.768754
v 1.449894 2.868775 -11.753888
v 1.450591 2.880020 -11.743200
v 1.450824 2.895113 -11.739555
v 1.275339 2.910865 -11.736380
v 1.275326 2.921572 -11.747627
v 1.275203 2.925220 -11.762721
v 1.275002 2.920834 -11.777617
v 1.274777 2.909587 -11.788322
v 1.274588 2.894493 -11.791969
v 1.274487 2.879597 -11.787581
v 1.274499 2.868891 -11.776333
v 1.274623 2.865242 -11.761239
v 1.274824 2.869628 -11.746344
v 1.275049 2.880876 -11.735639
v 1.275238 2.895969 -11.731991
v 1.085319 2.913712 -11.740556
v 1.086219 2.924405 -11.751781
v 1.087216 2.928037 -11.766846
v 1.088042 2.923635 -11.781715
v 1.088477 2.912378 -11.792404
v 1.088403 2.897283 -11.796048
v 1.087841 2.882394 -11.791672
v 1.086940 2.871701 -11.780447
v 1.085943 2.868068 -11.765381
v 1.085117 2.872471 -11.750512
v 1.084682 2.883727 -11.739823
v 1.084756 2.898823 -11.736179
v 0.878699 2.918770 -11.761448
v 0.880618 2.929439 -11.772569
v 0.882885 2.933040 -11.787503
v 0.884893 2.928609 -11.802251
v 0.886105 2.917334 -11.812860
v 0.886195 2.902234 -11.816486
v 0.885139 2.887357 -11.812160
v 0.883220 2.876689 -11.801041
v 0.880953 2.873087 -11.786106
v 0.878945 2.877518 -11.771358
v 0.877733 2.888794 -11.760750
v 0.877643 2.903893 -11.757122
v 0.653704 2.926254 -11.804010
v 0.656668 2.936888 -11.814932
v 0.660253 2.940446 -11.829617
v 0.663498 2.935974 -11.844130
v 0.665535 2.924671 -11.854582
v 0.665817 2.909566 -11.858173
v 0.664269 2.894705 -11.853941
v 0.661305 2.884071 -11.843019
v 0.657720 2.880513 -11.828334
v 0.654474 2.884985 -11.813821
v 0.652438 2.896287 -11.803369
v 0.652156 2.911393 -11.799778
v 0.408536 2.936373 -11.873152
v 0.412507 2.946965 -11.883790
v 0.417371 2.950471 -11.898115
v 0.421824 2.945950 -11.912289
v 0.424673 2.934613 -11.922512
v 0.425155 2.919499 -11.926047
v 0.423140 2.904658 -11.921947
v 0.419169 2.894065 -11.911307
v 0.414305 2.890560 -11.896982
v 0.409852 2.895081 -11.882809
v 0.407003 2.906417 -11.872585
v 0.406521 2.921531 -11.869050
vt 0.000000 1.000000
vt 0.083333 1.000000
vt 0.083333 0.916667
vt 0.000000 0.916667
vt 0.000000 0.083333
vt 0.083333 0.083333
vt 0.083333 0.000000
vt 0.000000 0.000000
vt 0.000000 0.166667
vt 0.083333 0.166667
vt 0.000000 0.250000
vt 0.083333 0.250000
vt 0.000000 0.333333
vt 0.083333 0.333333
vt 0.000000 0.416667
vt 0.083333 0.416667
vt 0.000000 0.500000
vt 0.083333 0.500000
vt 0.000000 0.583333
vt 0.083333 0.583333
vt 0.000000 0.666667
vt 0.083333 0.666667
vt 0.000000 0.750000
vt 0.083333 0.750000
vt 0.000000 0.833333
vt 0.083333 0.833333
vt 0.166667 1.000000
vt 0.166667 0.916667
vt 0.166667 0.083333
vt 0.166667 0.000000
vt 0.166667 0.166667
vt 0.166667 0.250000
vt 0.166667 0.333333
vt 0.166667 0.416667
vt 0.166667 0.500000
vt 0.166667 0.583333
vt 0.166667 0.666667
vt 0.166667 0.750000
vt 0.166667 0.833333
vt 0.250000 1.000000
vt 0.250000 0.916667
vt 0.250000 0.083333
vt 0.250000 0.000000
vt 0.250000 0.166667
vt 0.250000 0.250000
vt 0.250000 0.333333
vt 0.250000 0.416667
vt 0.250000 0.500000
vt 0.250000 0.583333
vt 0.250000 0.666667
vt 0.250000 0.750000
vt 0.250000 0.833333
vt 0.333333 1.000000
vt 0.333333 0.916667
vt 0.333333 0.083333
vt 0.333333 0.000000
vt 0.333333 0.166667
vt 0.333333 0.250000
vt 0.333333 0.333333
vt 0.333333 0.416667
vt 0.333333 0.500000
vt 0.333333 0.583333
vt 0.333333 0.666667
vt 0.333333 0.750000
vt 0.333333 0.833333
vt 0.416667 1.000000
vt 0.416667 0.916667
vt 0.416667 0.083333
vt 0.416667 0.000000
vt 0.416667 0.166667
vt 0.416667 0.250000
vt 0.416667 0.333333
vt 0.416667 0.416667
vt 0.416667 0.500000
vt 0.416667 0.583333
vt 0.416667 0.666667
vt 0.416667 0.750000
vt 0.416667 0.833333
vt 0.500000 1.000000
vt 0.500000 0.916667
vt 0.500000 0.083333
vt 0.500000 0.000000
vt 0.500000 0.166667
vt 0.500000 0.250000
vt 0.500000 0.333333
vt 0.500000 0.416667
vt 0.500000 0.500000
vt 0.500000 0.583333
vt 0.500000 0.666667
vt 0.500000 0.750000
vt 0.500000 0.833333
vt 0.583333 1.000000
vt 0.583333 0.916667
vt 0.583333 0.083333
vt 0.583333 0.000000
vt 0.583333 0.166667
vt 0.583333 0.250000
vt 0.583333 0.333333
vt 0.583333 0.416667
vt 0.583333 0.500000
vt 0.583333 0.583333
vt 0.583333 0.666667
vt 0.583333 0.750000
vt 0.583333 0.833333
vt 0.666667 1.000000
vt 0.666667 0.916667
vt 0.666667 0.083333
vt 0.666667 0.000000
vt 0.666667 0.166667
vt 0.666667 0.250000
vt 0.666667 0.333333
vt 0.666667 0.416667
vt 0.666667 0.500000
vt 0.666667 0.583333
vt 0.666667 0.666667
vt 0.666667 0.750000
vt 0.666667 0.833333
vt 0.750000 1.000000
vt 0.750000 0.916667
vt 0.750000 0.083333
vt 0.750000 0.000000
vt 0.750000 0.166667
vt 0.750000 0.250000
vt 0.750000 0.333333
vt 0.750000 0.416667
vt 0.750000 0.500000
vt 0.750000 0.583333
vt 0.750000 0.666667
vt 0.750000 0.750000
vt 0.750000 0.833333
vt 0.833333 1.000000
vt 0.833333 0.916667
vt 0.833333 0.083333
vt 0.833333 0.000000
vt 0.833333 0.166667
vt 0.833333 0.250000
vt 0.833333 0.333333
vt 0.833333 0.416667
vt 0.833333 0.500000
vt 0.833333 0.583333
vt 0.833333 0.666667
vt 0.833333 0.750000
vt 0.833333 0.833333
vt 0.916667 1.000000
vt 0.916667 0.916667
vt 0.916667 0.083333
vt 0.916667 0.000000
vt 0.916667 0.166667
vt 0.916667 0.250000
vt 0.916667 0.333333
vt 0.916667 0.416667
vt 0.916667 0.500000
vt 0.916667 0.583333
vt 0.916667 0.666667
vt 0.916667 0.750000
vt 0.916667 0.833333
vt 1.000000 1.000000
vt 1.000000 0.916667
vt 1.000000 0.083333
vt 1.000000 0.000000
vt 1.000000 0.166667
vt 1.000000 0.250000
vt 1.000000 0.333333
vt 1.000000 0.416667
vt 1.000000 0.500000
vt 1.000000 0.583333
vt 1.000000 0.666667
vt 1.000000 0.750000
vt 1.000000 0.833333
vn -0.3318 0.5080 0.7949
vn -0.2641 0.5127 0.8170
vn -0.2793 0.0084 0.9602
vn -0.3576 0.0044 0.9339
vn -0.2154 0.8724 0.4389
vn -0.1768 0.8749 0.4508
vn -0.0408 0.9985 -0.0353
vn -0.0420 0.9985 -0.0351
vn 0.1437 0.8559 -0.4968
vn 0.1032 0.8548 -0.5086
vn 0.2887 0.4885 -0.8234
vn 0.2204 0.4863 -0.8455
vn 0.3577 -0.0041 -0.9338
vn 0.2796 -0.0084 -0.9601
vn 0.3338 -0.4956 -0.8018
vn 0.2657 -0.5009 -0.8237
vn 0.2224 -0.8602 -0.4589
vn 0.1820 -0.8633 -0.4707
vn 0.0508 -0.9987 0.0090
vn 0.0496 -0.9987 0.0090
vn -0.1356 -0.8681 0.4775
vn -0.0968 -0.8667 0.4893
vn -0.2856 -0.5004 0.8173
vn -0.2178 -0.4981 0.8393
vn -0.1357 0.5178 0.8447
vn -0.1312 0.0155 0.9912
vn -0.1031 0.8776 0.4682
vn -0.0428 0.9985 -0.0330
vn 0.0288 0.8520 -0.5228
vn 0.0925 0.4807 -0.8720
vn 0.1317 -0.0160 -0.9912
vn 0.1363 -0.5084 -0.8502
vn 0.1050 -0.8681 -0.4851
vn 0.0458 -0.9989 0.0105
vn -0.0259 -0.8622 0.5059
vn -0.0909 -0.4910 0.8664
vn -0.0321 0.5207 0.8532
vn -0.0139 0.0204 0.9997
vn -0.0415 0.8788 0.4754
vn -0.0396 0.9988 -0.0295
vn -0.0270 0.8509 -0.5246
vn -0.0073 0.4775 -0.8786
vn 0.0144 -0.0214 -0.9997
vn 0.0322 -0.5145 -0.8569
vn 0.0415 -0.8723 -0.4872
vn 0.0399 -0.9991 0.0134
vn 0.0276 -0.8584 0.5122
vn 0.0080 -0.4853 0.8743
vn 0.0374 0.5215 0.8525
vn 0.0621 0.0229 0.9978
vn 0.0025 0.8789 0.4771
vn -0.0329 0.9991 -0.0261
vn -0.0594 0.8513 -0.5213
vn -0.0699 0.4766 -0.8763
vn -0.0619 -0.0243 -0.9978
vn -0.0374 -0.5186 -0.8542
vn -0.0030 -0.8754 -0.4833
vn 0.0324 -0.9993 0.0171
vn 0.0591 -0.8557 0.5140
vn 0.0701 -0.4817 0.8736
vn 0.0724 0.5209 0.8505
vn 0.0972 0.0237 0.9950
vn 0.0281 0.8782 0.4775
vn -0.0237 0.9994 -0.0236
vn -0.0691 0.8525 -0.5182
vn -0.0959 0.4773 -0.8735
vn -0.0971 -0.0254 -0.9950
vn -0.0723 -0.5210 -0.8505
vn -0.0282 -0.8775 -0.4788
vn 0.0235 -0.9995 0.0211
vn 0.0689 -0.8541 0.5156
vn 0.0959 -0.4796 0.8722
vn 0.0768 0.5197 0.8509
vn 0.0962 0.0236 0.9951
vn 0.0368 0.8771 0.4788
vn -0.0131 0.9997 -0.0219
vn -0.0595 0.8539 -0.5171
vn -0.0900 0.4785 -0.8735
vn -0.0962 -0.0254 -0.9950
vn -0.0767 -0.5223 -0.8493
vn -0.0365 -0.8788 -0.4758
vn 0.0133 -0.9996 0.0248
vn 0.0596 -0.8530 0.5184
vn 0.0899 -0.4786 0.8734
vn 0.0557 0.5187 0.8532
vn 0.0653 0.0234 0.9976
vn 0.0312 0.8762 0.4810
vn -0.0017 0.9998 -0.0206
vn -0.0343 0.8550 -0.5175
vn -0.0576 0.4796 -0.8756
vn -0.0654 -0.0253 -0.9975
vn -0.0556 -0.5232 -0.8504
vn -0.0308 -0.8797 -0.4746
vn 0.0022 -0.9996 0.0279
vn 0.0345 -0.8522 0.5221
vn 0.0576 -0.4779 0.8765
vn 0.0142 0.5182 0.8552
vn 0.0108 0.0237 0.9997
vn 0.0138 0.8756 0.4829
vn 0.0097 0.9998 -0.0194
vn 0.0030 0.8556 -0.5177
vn -0.0045 0.4801 -0.8772
vn -0.0109 -0.0256 -0.9996
vn -0.0142 -0.5241 -0.8515
vn -0.0138 -0.8805 -0.4739
vn -0.0096 -0.9995 0.0300
vn -0.0029 -0.8513 0.5247
vn 0.0045 -0.4769 0.8789
vn -0.0423 0.5185 0.8540
vn -0.0608 0.0247 0.9978
vn -0.0124 0.8755 0.4831
vn 0.0208 0.9996 -0.0179
vn 0.0485 0.8554 -0.5156
vn 0.0632 0.4797 -0.8752
vn 0.0607 -0.0266 -0.9978
vn 0.0418 -0.5254 -0.8498
vn 0.0116 -0.8813 -0.4724
vn -0.0216 -0.9993 0.0309
vn -0.0490 -0.8501 0.5244
vn -0.0633 -0.4754 0.8775
vn -0.1078 0.5199 0.8474
vn -0.1426 0.0268 0.9894
vn -0.0443 0.8760 0.4802
vn 0.0312 0.9994 -0.0163
vn 0.0985 0.8545 -0.5100
vn 0.1394 0.4781 -0.8672
vn 0.1425 -0.0285 -0.9894
vn 0.1069 -0.5272 -0.8430
vn 0.0425 -0.8823 -0.4688
vn -0.0332 -0.9990 0.0303
vn -0.0997 -0.8486 0.5196
vn -0.1396 -0.4733 0.8698
vn -0.1767 0.5222 0.8343
vn -0.2277 0.0297 0.9733
vn -0.0787 0.8771 0.4737
vn 0.0406 0.9991 -0.0143
vn 0.1494 0.8529 -0.5002
vn 0.2181 0.4757 -0.8522
vn 0.2277 -0.0313 -0.9732
vn 0.1754 -0.5295 -0.8300
vn 0.0758 -0.8834 -0.4624
vn -0.0439 -0.9986 0.0284
vn -0.1514 -0.8468 0.5100
vn -0.2185 -0.4705 0.8549
vn -0.2112 0.5233 0.8255
vn -0.2701 0.0313 0.9623
vn -0.0961 0.8778 0.4694
vn 0.0450 0.9989 -0.0135
vn 0.1745 0.8516 -0.4943
vn 0.2571 0.4738 -0.8423
vn 0.2700 -0.0327 -0.9623
vn 0.2098 -0.5303 -0.8214
vn 0.0928 -0.8838 -0.4585
vn -0.0488 -0.9984 0.0270
vn -0.1769 -0.8456 0.5036
vn -0.2576 -0.4687 0.8449
usemtl cables
s 1
f 5998/8905/2916 6010/8906/2917 6021/8907/2918 6009/8908/2919
f 5999/8909/2920 6011/8910/2921 6010/8911/2917 5998/8912/2916
f 6000/8913/2922 6012/8914/2923 6011/8910/2921 5999/8909/2920
f 6001/8915/2924 6013/8916/2925 6012/8914/2923 6000/8913/2922
f 6002/8917/2926 6014/8918/2927 6013/8916/2925 6001/8915/2924
f 6003/8919/2928 6015/8920/2929 6014/8918/2927 6002/8917/2926
f 6004/8921/2930 6016/8922/2931 6015/8920/2929 6003/8919/2928
f 6005/8923/2932 6017/8924/2933 6016/8922/2931 6004/8921/2930
f 6006/8925/2934 6018/8926/2935 6017/8924/2933 6005/8923/2932
f 6007/8927/2936 6019/8928/2937 6018/8926/2935 6006/8925/2934
f 6008/8929/2938 6020/8930/2939 6019/8928/2937 6007/8927/2936
f 6009/8908/2919 6021/8907/2918 6020/8930/2939 6008/8929/2938
f 6010/8906/2917 6022/8931/2940 6033/8932/2941 6021/8907/2918
f 6011/8910/2921 6023/8933/2942 6022/8934/2940 6010/8911/2917
f 6012/8914/2923 6024/8935/2943 6023/8933/2942 6011/8910/2921
f 6013/8916/2925 6025/8936/2944 6024/8935/2943 6012/8914/2923
f 6014/8918/2927 6026/8937/2945 6025/8936/2944 6013/8916/2925
f 6015/8920/2929 6027/8938/2946 6026/8937/2945 6014/8918/2927
f 6016/8922/2931 6028/8939/2947 6027/8938/2946 6015/8920/2929
f 6017/8924/2933 6029/8940/2948 6028/8939/2947 6016/8922/2931
f 6018/8926/2935 6030/8941/2949 6029/8940/2948 6017/8924/2933
f 6019/8928/2937 6031/8942/2950 6030/8941/2949 6018/8926/2935
f 6020/8930/2939 6032/8943/2951 6031/8942/2950 6019/8928/2937
f 6021/8907/2918 6033/8932/2941 6032/8943/2951 6020/8930/2939
f 6022/8931/2940 6034/8944/2952 6045/8945/2953 6033/8932/2941
f 6023/8933/2942 6035/8946/2954 6034/8947/2952 6022/8934/2940
f 6024/8935/2943 6036/8948/2955 6035/8946/2954 6023/8933/2942
f 6025/8936/2944 6037/8949/2956 6036/8948/2955 6024/8935/2943
f 6026/8937/2945 6038/8950/2957 6037/8949/2956 6025/8936/2944
f 6027/8938/2946 6039/8951/2958 6038/8950/2957 6026/8937/2945
f 6028/8939/2947 6040/8952/2959 6039/8951/2958 6027/8938/2946
f 6029/8940/2948 6041/8953/2960 6040/8952/2959 6028/8939/2947
f 6030/8941/2949 6042/8954/2961 6041/8953/2960 6029/8940/2948
f 6031/8942/2950 6043/8955/2962 6042/8954/2961 6030/8941/2949
f 6032/8943/2951 6044/8956/2963 6043/8955/2962 6031/8942/2950
f 6033/8932/2941 6045/8945/2953 6044/8956/2963 6032/8943/2951
f 6034/8944/2952 6046/8957/2964 6057/8958/2965 6045/8945/2953
f 6035/8946/2954 6047/8959/2966 6046/8960/2964 6034/8947/2952
f 6036/8948/2955 6048/8961/2967 6047/8959/2966 6035/8946/2954
f 6037/8949/2956 6049/8962/2968 6048/8961/2967 6036/8948/2955
f 6038/8950/2957 6050/8963/2969 6049/8962/2968 6037/8949/2956
f 6039/8951/2958 6051/8964/2970 6050/8963/2969 6038/8950/2957
f 6040/8952/2959 6052/8965/2971 6051/8964/2970 6039/8951/2958
f 6041/8953/2960 6053/8966/2972 6052/8965/2971 6040/8952/2959
f 6042/8954/2961 6054/8967/2973 6053/8966/2972 6041/8953/2960
f 6043/8955/2962 6055/8968/2974 6054/8967/2973 6042/8954/2961
f 6044/8956/2963 6056/8969/2975 6055/8968/2974 6043/8955/2962
f 6045/8945/2953 6057/8958/2965 6056/8969/2975 6044/8956/2963
f 6046/8957/2964 6058/8970/2976 6069/8971/2977 6057/8958/2965
f 6047/8959/2966 6059/8972/2978 6058/8973/2976 6046/8960/2964
f 6048/8961/2967 6060/8974/2979 6059/8972/2978 6047/8959/2966
f 6049/8962/2968 6061/8975/2980 6060/8974/2979 6048/8961/2967
f 6050/8963/2969 6062/8976/2981 6061/8975/2980 6049/8962/2968
f 6051/8964/2970 6063/8977/2982 6062/8976/2981 6050/8963/2969
f 6052/8965/2971 6064/8978/2983 6063/8977/2982 6051/8964/2970
f 6053/8966/2972 6065/8979/2984 6064/8978/2983 6052/8965/2971
f 6054/8967/2973 6066/8980/2985 6065/8979/2984 6053/8966/2972
f 6055/8968/2974 6067/8981/2986 6066/8980/2985 6054/8967/2973
f 6056/8969/2975 6068/8982/2987 6067/8981/2986 6055/8968/2974
f 6057/8958/2965 6069/8971/2977 6068/8982/2987 6056/8969/2975
f 6058/8970/2976 6070/8983/2988 6081/8984/2989 6069/8971/2977
f 6059/8972/2978 6071/8985/2990 6070/8986/2988 6058/8973/2976
f 6060/8974/2979 6072/8987/2991 6071/8985/2990 6059/8972/2978
f 6061/8975/2980 6073/8988/2992 6072/8987/2991 6060/8974/2979
f 6062/8976/2981 6074/8989/2993 6073/8988/2992 6061/8975/2980
f 6063/8977/2982 6075/8990/2994 6074/8989/2993 6062/8976/2981
f 6064/8978/2983 6076/8991/2995 6075/8990/2994 6063/8977/2982
f 6065/8979/2984 6077/8992/2996 6076/8991/2995 6064/8978/2983
f 6066/8980/2985 6078/8993/2997 6077/8992/2996 6065/8979/2984
f 6067/8981/2986 6079/8994/2998 6078/8993/2997 6066/8980/2985
f 6068/8982/2987 6080/8995/2999 6079/8994/2998 6067/8981/2986
f 6069/8971/2977 6081/8984/2989 6080/8995/2999 6068/8982/2987
f 6070/8983/2988 6082/8996/3000 6093/8997/3001 6081/8984/2989
f 6071/8985/2990 6083/8998/3002 6082/8999/3000 6070/8986/2988
f 6072/8987/2991 6084/9000/3003 6083/8998/3002 6071/8985/2990
f 6073/8988/2992 6085/9001/3004 6084/9000/3003 6072/8987/2991
f 6074/8989/2993 6086/9002/3005 6085/9001/3004 6073/8988/2992
f 6075/8990/2994 6087/9003/3006 6086/9002/3005 6074/8989/2993
f 6076/8991/2995 6088/9004/3007 6087/9003/3006 6075/8990/2994
f 6077/8992/2996 6089/9005/3008 6088/9004/3007 6076/8991/2995
f 6078/8993/2997 6090/9006/3009 6089/9005/3008 6077/8992/2996
f 6079/8994/2998 6091/9007/3010 6090/9006/3009 6078/8993/2997
f 6080/8995/2999 6092/9008/3011 6091/9007/3010 6079/8994/2998
f 6081/8984/2989 6093/8997/3001 6092/9008/3011 6080/8995/2999
f 6082/8996/3000 6094/9009/3012 6105/9010/3013 6093/8997/3001
f 6083/8998/3002 6095/9011/3014 6094/9012/3012 6082/8999/3000
f 6084/9000/3003 6096/9013/3015 6095/9011/3014 6083/8998/3002
f 6085/9001/3004 6097/9014/3016 6096/9013/3015 6084/9000/3003
f 6086/9002/3005 6098/9015/3017 6097/9014/3016 6085/9001/3004
f 6087/9003/3006 6099/9016/3018 6098/9015/3017 6086/9002/3005
f 6088/9004/3007 6100/9017/3019 6099/9016/3018 6087/9003/3006
f 6089/9005/3008 6101/9018/3020 6100/9017/3019 6088/9004/3007
f 6090/9006/3009 6102/9019/3021 6101/9018/3020 6089/9005/3008
f 6091/9007/3010 6103/9020/3022 6102/9019/3021 6090/9006/3009
f 6092/9008/3011 6104/9021/3023 6103/9020/3022 6091/9007/3010
f 6093/8997/3001 6105/9010/3013 6104/9021/3023 6092/9008/3011
f 6094/9009/3012 6106/9022/3024 6117/9023/3025 6105/9010/3013
f 6095/9011/3014 6107/9024/3026 6106/9025/3024 6094/9012/3012
f 6096/9013/3015 6108/9026/3027 6107/9024/3026 6095/9011/3014
f 6097/9014/3016 6109/9027/3028 6108/9026/3027 6096/9013/3015
f 6098/9015/3017 6110/9028/3029 6109/9027/3028 6097/9014/3016
f 6099/9016/3018 6111/9029/3030 6110/9028/3029 6098/9015/3017
f 6100/9017/3019 6112/9030/3031 6111/9029/3030 6099/9016/3018
f 6101/9018/3020 6113/9031/3032 6112/9030/3031 6100/9017/3019
f 6102/9019/3021 6114/9032/3033 6113/9031/3032 6101/9018/3020
f 6103/9020/3022 6115/9033/3034 6114/9032/3033 6102/9019/3021
f 6104/9021/3023 6116/9034/3035 6115/9033/3034 6103/9020/3022
f 6105/9010/3013 6117/9023/3025 6116/9034/3035 6104/9021/3023
f 6106/9022/3024 6118/9035/3036 6129/9036/3037 6117/9023/3025
f 6107/9024/3026 6119/9037/3038 6118/9038/3036 6106/9025/3024
f 6108/9026/3027 6120/9039/3039 6119/9037/3038 6107/9024/3026
f 6109/9027/3028 6121/9040/3040 6120/9039/3039 6108/9026/3027
f 6110/9028/3029 6122/9041/3041 6121/9040/3040 6109/9027/3028
f 6111/9029/3030 6123/9042/3042 6122/9041/3041 6110/9028/3029
f 6112/9030/3031 6124/9043/3043 6123/9042/3042 6111/9029/3030
f 6113/9031/3032 6125/9044/3044 6124/9043/3043 6112/9030/3031
f 6114/9032/3033 6126/9045/3045 6125/9044/3044 6113/9031/3032
f 6115/9033/3034 6127/9046/3046 6126/9045/3045 6114/9032/3033
f 6116/9034/3035 6128/9047/3047 6127/9046/3046 6115/9033/3034
f 6117/9023/3025 6129/9036/3037 6128/9047/3047 6116/9034/3035
f 6118/9035/3036 6130/9048/3048 6141/9049/3049 6129/9036/3037
f 6119/9037/3038 6131/9050/3050 6130/9051/3048 6118/9038/3036
f 6120/9039/3039 6132/9052/3051 6131/9050/3050 6119/9037/3038
f 6121/9040/3040 6133/9053/3052 6132/9052/3051 6120/9039/3039
f 6122/9041/3041 6134/9054/3053 6133/9053/3052 6121/9040/3040
f 6123/9042/3042 6135/9055/3054 6134/9054/3053 6122/9041/3041
f 6124/9043/3043 6136/9056/3055 6135/9055/3054 6123/9042/3042
f 6125/9044/3044 6137/9057/3056 6136/9056/3055 6124/9043/3043
f 6126/9045/3045 6138/9058/3057 6137/9057/3056 6125/9044/3044
f 6127/9046/3046 6139/9059/3058 6138/9058/3057 6126/9045/3045
f 6128/9047/3047 6140/9060/3059 6139/9059/3058 6127/9046/3046
f 6129/9036/3037 6141/9049/3049 6140/9060/3059 6128/9047/3047
f 6130/9048/3048 6142/9061/3060 6153/9062/3061 6141/9049/3049
f 6131/9050/3050 6143/9063/3062 6142/9064/3060 6130/9051/3048
f 6132/9052/3051 6144/9065/3063 6143/9063/3062 6131/9050/3050
f 6133/9053/3052 6145/9066/3064 6144/9065/3063 6132/9052/3051
f 6134/9054/3053 6146/9067/3065 6145/9066/3064 6133/9053/3052
f 6135/9055/3054 6147/9068/3066 6146/9067/3065 6134/9054/3053
f 6136/9056/3055 6148/9069/3067 6147/9068/3066 6135/9055/3054
f 6137/9057/3056 6149/9070/3068 6148/9069/3067 6136/9056/3055
f 6138/9058/3057 6150/9071/3069 6149/9070/3068 6137/9057/3056
f 6139/9059/3058 6151/9072/3070 6150/9071/3069 6138/9058/3057
f 6140/9060/3059 6152/9073/3071 6151/9072/3070 6139/9059/3058
f 6141/9049/3049 6153/9062/3061 6152/9073/3071 6140/9060/3059
o BezierCurve.006_BezierCurve.007
v -4.370028 2.209263 -13.925801
v -4.355288 2.199913 -13.911593
v -4.341140 2.183198 -13.906393
v -4.331378 2.163597 -13.911593
v -4.328616 2.146360 -13.925801
v -4.333595 2.136108 -13.945210
v -4.344980 2.135587 -13.964618
v -4.359721 2.144937 -13.978826
v -4.373868 2.161652 -13.984026
v -4.383630 2.181254 -13.978826
v -4.386392 2.198490 -13.964618
v -4.381413 2.208742 -13.945210
v -4.329980 2.237466 -13.935365
v -4.319290 2.225369 -13.919680
v -4.306301 2.207870 -13.914058
v -4.294491 2.189656 -13.920004
v -4.287026 2.175607 -13.935925
v -4.285906 2.169490 -13.957557
v -4.291431 2.172941 -13.979100
v -4.302120 2.185037 -13.994785
v -4.315110 2.202537 -14.000407
v -4.326919 2.220751 -13.994461
v -4.334384 2.234799 -13.978539
v -4.335505 2.240917 -13.956908
v -4.252016 2.291362 -13.938108
v -4.243160 2.278018 -13.922295
v -4.231092 2.259890 -13.916607
v -4.219047 2.241837 -13.922570
v -4.210250 2.228696 -13.938585
v -4.207060 2.223987 -13.960362
v -4.210332 2.228973 -13.982065
v -4.219188 2.242317 -13.997879
v -4.231255 2.260445 -14.003567
v -4.243300 2.278498 -13.997603
v -4.252097 2.291639 -13.981587
v -4.255287 2.296348 -13.959811
v -4.144711 2.360288 -13.933843
v -4.137038 2.346190 -13.918064
v -4.125964 2.327430 -13.912406
v -4.114458 2.309034 -13.918386
v -4.105600 2.295931 -13.934399
v -4.101767 2.291632 -13.956157
v -4.103983 2.297289 -13.977828
v -4.111656 2.311387 -13.993607
v -4.122729 2.330147 -13.999265
v -4.134236 2.348543 -13.993286
v -4.143093 2.361646 -13.977272
v -4.146927 2.365945 -13.955514
v -4.014493 2.434906 -13.924446
v -4.007943 2.420171 -13.908743
v -3.998103 2.400712 -13.903169
v -3.987609 2.381741 -13.909216
v -3.979272 2.368343 -13.925265
v -3.975327 2.364107 -13.947015
v -3.976831 2.370168 -13.968638
v -3.983381 2.384903 -13.984342
v -3.993221 2.404362 -13.989916
v -4.003716 2.423333 -13.983869
v -4.012052 2.436731 -13.967819
v -4.015996 2.440967 -13.946070
v -3.866832 2.506472 -13.911965
v -3.861574 2.491121 -13.896368
v -3.853364 2.470883 -13.890926
v -3.844401 2.451182 -13.897099
v -3.837089 2.437295 -13.913231
v -3.833384 2.432945 -13.935001
v -3.834281 2.439296 -13.956575
v -3.839540 2.454646 -13.972173
v -3.847750 2.474884 -13.977614
v -3.856712 2.494585 -13.971441
v -3.864025 2.508472 -13.955309
v -3.867730 2.512823 -13.933539
v -3.706876 2.566298 -13.898460
v -3.703267 2.550346 -13.882998
v -3.697301 2.529290 -13.877741
v -3.690577 2.508773 -13.884096
v -3.684895 2.494292 -13.900362
v -3.681778 2.489726 -13.922180
v -3.682063 2.496301 -13.943705
v -3.685671 2.512253 -13.959167
v -3.691638 2.533308 -13.964424
v -3.698362 2.553826 -13.958069
v -3.704044 2.568307 -13.941802
v -3.707160 2.572872 -13.919985
v -3.539540 2.605520 -13.886011
v -3.538158 2.589073 -13.870708
v -3.535350 2.567316 -13.865678
v -3.531869 2.546078 -13.872266
v -3.528647 2.531050 -13.888709
v -3.526547 2.526259 -13.910600
v -3.526133 2.532989 -13.932074
v -3.527515 2.549436 -13.947375
v -3.530323 2.571193 -13.952407
v -3.533804 2.592431 -13.945818
v -3.537026 2.607459 -13.929376
v -3.539125 2.612249 -13.907485
v -3.369709 2.614810 -13.876765
v -3.371336 2.598242 -13.861617
v -3.372899 2.576310 -13.856812
v -3.373978 2.554889 -13.863635
v -3.374286 2.539720 -13.880260
v -3.373738 2.534866 -13.902230
v -3.372483 2.541630 -13.923660
v -3.370856 2.558197 -13.938808
v -3.369294 2.580130 -13.943614
v -3.368214 2.601551 -13.936790
v -3.367907 2.616720 -13.920166
v -3.368454 2.621573 -13.898195
v -3.202959 2.584216 -13.873006
v -3.208322 2.568385 -13.857932
v -3.215389 2.547539 -13.853234
v -3.222269 2.527263 -13.860172
v -3.227116 2.512990 -13.876886
v -3.228633 2.508544 -13.898897
v -3.226412 2.515117 -13.920309
v -3.221049 2.530947 -13.935383
v -3.213982 2.551793 -13.940080
v -3.207102 2.572069 -13.933143
v -3.202255 2.586342 -13.916429
v -3.200738 2.590788 -13.894417
v -3.046574 2.504052 -13.877084
v -3.055747 2.490195 -13.861905
v -3.068482 2.472283 -13.857051
v -3.081367 2.455117 -13.863823
v -3.090950 2.443295 -13.880406
v -3.094663 2.439986 -13.902357
v -3.091511 2.446077 -13.923794
v -3.082338 2.459934 -13.938973
v -3.069603 2.477846 -13.943827
v -3.056718 2.495012 -13.937056
v -3.047135 2.506834 -13.920472
v -3.043422 2.510143 -13.898521
v -2.908754 2.366663 -13.891102
v -2.920860 2.355678 -13.875630
v -2.937989 2.342070 -13.870338
v -2.955550 2.329484 -13.876644
v -2.968839 2.321293 -13.892858
v -2.974294 2.319691 -13.914636
v -2.970455 2.325108 -13.936141
v -2.958349 2.336092 -13.951612
v -2.941220 2.349700 -13.956904
v -2.923659 2.362286 -13.950598
v -2.910370 2.370478 -13.934384
v -2.904914 2.372080 -13.912607
v -2.796401 2.166658 -13.916674
v -2.810222 2.158578 -13.900853
v -2.829827 2.149164 -13.895059
v -2.849963 2.140938 -13.900842
v -2.865235 2.136104 -13.916653
v -2.871550 2.135958 -13.938255
v -2.867217 2.140539 -13.959861
v -2.853395 2.148619 -13.975680
v -2.833790 2.158034 -13.981475
v -2.813654 2.166260 -13.975693
v -2.798383 2.171093 -13.959882
v -2.792067 2.171239 -13.938279
v -2.758699 2.054782 -13.929858
v -2.773454 2.049380 -13.913744
v -2.794252 2.043386 -13.907572
v -2.815520 2.038407 -13.912997
v -2.831561 2.035778 -13.928565
v -2.838075 2.036201 -13.950105
v -2.833317 2.039565 -13.971845
v -2.818562 2.044968 -13.987960
v -2.797764 2.050961 -13.994131
v -2.776495 2.055940 -13.988707
v -2.760455 2.058570 -13.973138
v -2.753941 2.058146 -13.951598
v -2.740566 1.956841 -13.937552
v -2.755804 1.953946 -13.921244
v -2.777158 1.950837 -13.914848
v -2.798907 1.948347 -13.920080
v -2.815222 1.947142 -13.935538
v -2.821732 1.947547 -13.957079
v -2.816693 1.949451 -13.978932
v -2.801455 1.952346 -13.995241
v -2.780100 1.955455 -14.001637
v -2.758352 1.957945 -13.996405
v -2.742037 1.959149 -13.980947
v -2.735526 1.958745 -13.959406
v -2.734394 1.872509 -13.940659
v -2.749801 1.871531 -13.924280
v -2.771330 1.870408 -13.917813
v -2.793212 1.869441 -13.922991
v -2.809584 1.868888 -13.938425
v -2.816060 1.868899 -13.959980
v -2.810903 1.869470 -13.981881
v -2.795496 1.870447 -13.998260
v -2.773968 1.871570 -14.004726
v -2.752085 1.872537 -13.999550
v -2.735713 1.873090 -13.984116
v -2.729238 1.873079 -13.962560
v -2.732829 1.802588 -13.940160
v -2.748271 1.802361 -13.923787
v -2.769815 1.801549 -13.917323
v -2.791687 1.800369 -13.922499
v -2.808027 1.799138 -13.937927
v -2.814457 1.798185 -13.959476
v -2.809254 1.797766 -13.981369
v -2.793812 1.797993 -13.997742
v -2.772268 1.798805 -14.004206
v -2.750396 1.799985 -13.999030
v -2.734056 1.801216 -13.983602
v -2.727626 1.802169 -13.962053
v -2.729195 1.748281 -13.937257
v -2.744510 1.746893 -13.920822
v -2.765793 1.743708 -13.914230
v -2.787342 1.739578 -13.919248
v -2.803382 1.735611 -13.934530
v -2.809616 1.732869 -13.955982
v -2.804373 1.732087 -13.977856
v -2.789058 1.733474 -13.994291
v -2.767775 1.736659 -14.000883
v -2.746226 1.740789 -13.995865
v -2.730186 1.744756 -13.980583
v -2.723952 1.747499 -13.959131
v -2.718958 1.709827 -13.933303
v -2.733098 1.704863 -13.916510
v -2.752530 1.696044 -13.909354
v -2.772048 1.685736 -13.913753
v -2.786423 1.676700 -13.928528
v -2.791802 1.671356 -13.949719
v -2.786744 1.671138 -13.971650
v -2.772604 1.676103 -13.988442
v -2.753172 1.684921 -13.995599
v -2.733654 1.695229 -13.991199
v -2.719280 1.704265 -13.976425
v -2.713901 1.709609 -13.955234
v -2.697631 1.681890 -13.928929
v -2.708373 1.672544 -13.911498
v -2.722826 1.657305 -13.903406
v -2.737116 1.640256 -13.906823
v -2.747414 1.625963 -13.920832
v -2.750962 1.618258 -13.941680
v -2.746808 1.619205 -13.963779
v -2.736065 1.628551 -13.981211
v -2.721613 1.643790 -13.989303
v -2.707323 1.660839 -13.985886
v -2.697024 1.675132 -13.971877
v -2.693477 1.682837 -13.951030
v -2.654037 1.657776 -13.923861
v -2.660486 1.645805 -13.905925
v -2.668911 1.626880 -13.897125
v -2.677057 1.606072 -13.899819
v -2.682738 1.588957 -13.913286
v -2.684434 1.580119 -13.933916
v -2.681690 1.581929 -13.956182
v -2.675241 1.593899 -13.974118
v -2.666816 1.612824 -13.982918
v -2.658670 1.633632 -13.980223
v -2.652989 1.650748 -13.966757
v -2.651293 1.659585 -13.946126
v -2.576178 1.637898 -13.918653
v -2.579473 1.625011 -13.900496
v -2.583649 1.604853 -13.891400
v -2.587586 1.582823 -13.893800
v -2.590231 1.564825 -13.907054
v -2.590874 1.555682 -13.927610
v -2.589342 1.557843 -13.949962
v -2.586047 1.570730 -13.968118
v -2.581871 1.590889 -13.977215
v -2.577933 1.612919 -13.974814
v -2.575289 1.630916 -13.961560
v -2.574646 1.640059 -13.941004
v -2.457233 1.624611 -13.914534
v -2.458632 1.611480 -13.896307
v -2.460366 1.591006 -13.887120
v -2.461972 1.568676 -13.889435
v -2.463018 1.550472 -13.902630
v -2.463224 1.541273 -13.923170
v -2.462536 1.543543 -13.945552
v -2.461136 1.556674 -13.963778
v -2.459402 1.577147 -13.972965
v -2.457796 1.599478 -13.970651
v -2.456750 1.617681 -13.957456
v -2.456544 1.626880 -13.936915
v -2.291614 1.618570 -13.912576
v -2.291886 1.605388 -13.894335
v -2.292245 1.584853 -13.885130
v -2.292595 1.562466 -13.887427
v -2.292843 1.544226 -13.900612
v -2.292922 1.535021 -13.921150
v -2.292810 1.537317 -13.943540
v -2.292538 1.550499 -13.961781
v -2.292178 1.571034 -13.970986
v -2.291828 1.593421 -13.968689
v -2.291580 1.611661 -13.955504
v -2.291502 1.620866 -13.934966
v -2.072959 1.619575 -13.913700
v -2.072694 1.606391 -13.895460
v -2.072435 1.585853 -13.886256
v -2.072253 1.563465 -13.888555
v -2.072195 1.545224 -13.901740
v -2.072277 1.536019 -13.922278
v -2.072478 1.538316 -13.944668
v -2.072743 1.551500 -13.962908
v -2.073002 1.572037 -13.972111
v -2.073184 1.594426 -13.969812
v -2.073242 1.612667 -13.956627
v -2.073160 1.621872 -13.936089
v -1.853977 1.622513 -13.916099
v -1.853673 1.609330 -13.897860
v -1.853388 1.588792 -13.888656
v -1.853200 1.566404 -13.890955
v -1.853159 1.548163 -13.904140
v -1.853275 1.538957 -13.924678
v -1.853518 1.541254 -13.947066
v -1.853823 1.554437 -13.965306
v -1.854107 1.574975 -13.974509
v -1.854295 1.597364 -13.972211
v -1.854336 1.615605 -13.959025
v -1.854220 1.624810 -13.938487
v -1.645736 1.623640 -13.917935
v -1.645569 1.610456 -13.899694
v -1.645455 1.589917 -13.890490
v -1.645425 1.567528 -13.892787
v -1.645487 1.549286 -13.905972
v -1.645625 1.540081 -13.926509
v -1.645801 1.542378 -13.948898
v -1.645969 1.555562 -13.967139
v -1.646083 1.576100 -13.976344
v -1.646113 1.598490 -13.974047
v -1.646050 1.616732 -13.960862
v -1.645913 1.625937 -13.940325
v -1.445987 1.623406 -13.919232
v -1.445938 1.610222 -13.900990
v -1.445962 1.589684 -13.891785
v -1.446053 1.567294 -13.894081
v -1.446187 1.549052 -13.907265
v -1.446327 1.539847 -13.927803
v -1.446437 1.542144 -13.950192
v -1.446487 1.555328 -13.968434
v -1.446463 1.575866 -13.977640
v -1.446372 1.598256 -13.975344
v -1.446238 1.616497 -13.962160
v -1.446097 1.625703 -13.941622
v -1.252176 1.622266 -13.920015
v -1.252218 1.609083 -13.901773
v -1.252339 1.588545 -13.892567
v -1.252505 1.566156 -13.894863
v -1.252671 1.547914 -13.908047
v -1.252794 1.538709 -13.928585
v -1.252841 1.541005 -13.950974
v -1.252798 1.554189 -13.969216
v -1.252677 1.574727 -13.978423
v -1.252512 1.597116 -13.976127
v -1.252345 1.615357 -13.962943
v -1.252222 1.624563 -13.942405
v -1.061742 1.620675 -13.920311
v -1.061846 1.607492 -13.902069
v -1.062014 1.586955 -13.892862
v -1.062202 1.564566 -13.895159
v -1.062359 1.546324 -13.908342
v -1.062443 1.537119 -13.928881
v -1.062432 1.539415 -13.951270
v -1.062328 1.552598 -13.969512
v -1.062159 1.573135 -13.978719
v -1.061971 1.595524 -13.976422
v -1.061814 1.613766 -13.963239
v -1.061730 1.622972 -13.942700
v -0.872119 1.619088 -13.920145
v -0.872250 1.605905 -13.901903
v -0.872415 1.585367 -13.892697
v -0.872570 1.562978 -13.894994
v -0.872674 1.544737 -13.908176
v -0.872698 1.535530 -13.928715
v -0.872637 1.537826 -13.951105
v -0.872506 1.551009 -13.969347
v -0.872341 1.571546 -13.978553
v -0.872186 1.593936 -13.976256
v -0.872082 1.612177 -13.963074
v -0.872058 1.621384 -13.942535
v -0.680734 1.617957 -13.919545
v -0.680856 1.604774 -13.901303
v -0.680966 1.584237 -13.892097
v -0.681035 1.561847 -13.894393
v -0.681045 1.543605 -13.907577
v -0.680992 1.534398 -13.928114
v -0.680891 1.536693 -13.950503
v -0.680769 1.549876 -13.968745
v -0.680659 1.570414 -13.977952
v -0.680590 1.592804 -13.975657
v -0.680580 1.611046 -13.962473
v -0.680633 1.620253 -13.941936
v -0.485004 1.617736 -13.918537
v -0.485084 1.604553 -13.900295
v -0.485093 1.584015 -13.891088
v -0.485029 1.561625 -13.893383
v -0.484909 1.543383 -13.906566
v -0.484765 1.534176 -13.927103
v -0.484635 1.536472 -13.949492
v -0.484556 1.549655 -13.967735
v -0.484546 1.570193 -13.976942
v -0.484611 1.592582 -13.974647
v -0.484731 1.610825 -13.961464
v -0.484875 1.620032 -13.940927
v -0.282345 1.618877 -13.917147
v -0.282354 1.605695 -13.898904
v -0.282222 1.585158 -13.889696
v -0.281986 1.562769 -13.891991
v -0.281708 1.544528 -13.905171
v -0.281463 1.535321 -13.925709
v -0.281316 1.537617 -13.948098
v -0.281308 1.550799 -13.966340
v -0.281439 1.571337 -13.975549
v -0.281675 1.593725 -13.973254
v -0.281953 1.611967 -13.960073
v -0.282198 1.621173 -13.939536
v -0.070166 1.621833 -13.915400
v -0.070081 1.608652 -13.897157
v -0.069779 1.588117 -13.887947
v -0.069342 1.565732 -13.890240
v -0.068888 1.547493 -13.903419
v -0.068537 1.538288 -13.923955
v -0.068384 1.540584 -13.946344
v -0.068469 1.553765 -13.964588
v -0.068771 1.574299 -13.973798
v -0.069208 1.596685 -13.971505
v -0.069662 1.614924 -13.958325
v -0.070013 1.624129 -13.937789
v 0.154120 1.627057 -13.913322
v 0.154317 1.613878 -13.895078
v 0.154809 1.593348 -13.885867
v 0.155464 1.570967 -13.888157
v 0.156106 1.552733 -13.901336
v 0.156564 1.543531 -13.921870
v 0.156714 1.545826 -13.944260
v 0.156517 1.559005 -13.962504
v 0.156025 1.579535 -13.971715
v 0.155370 1.601916 -13.969425
v 0.154728 1.620150 -13.956246
v 0.154271 1.629353 -13.935712
v 0.390638 1.634832 -13.910961
v 0.391798 1.621715 -13.892709
v 0.393768 1.601279 -13.883484
v 0.396017 1.579001 -13.885760
v 0.397945 1.560849 -13.898927
v 0.399034 1.551687 -13.919456
v 0.398993 1.553971 -13.941847
v 0.397832 1.567087 -13.960100
v 0.395863 1.587523 -13.969324
v 0.393614 1.609801 -13.967049
v 0.391686 1.627954 -13.953882
v 0.390597 1.637115 -13.933352
v 0.495963 1.651953 -13.910238
v 0.500377 1.639573 -13.891967
v 0.507308 1.620261 -13.882716
v 0.514897 1.599191 -13.884963
v 0.521112 1.582010 -13.898107
v 0.524287 1.573320 -13.918624
v 0.523572 1.575451 -13.941019
v 0.519158 1.587831 -13.959290
v 0.512227 1.607143 -13.968541
v 0.504638 1.628213 -13.966294
v 0.498423 1.645394 -13.953151
v 0.495248 1.654084 -13.932632
v 0.560736 1.689068 -13.910418
v 0.569741 1.679471 -13.892159
v 0.583693 1.664415 -13.882926
v 0.598852 1.647934 -13.885194
v 0.611158 1.634445 -13.898354
v 0.617312 1.627561 -13.918880
v 0.615667 1.629128 -13.941272
v 0.606661 1.638725 -13.959530
v 0.592710 1.653781 -13.968762
v 0.577550 1.670262 -13.966496
v 0.565244 1.683752 -13.953336
v 0.559090 1.690635 -13.932810
v 0.598656 1.744231 -13.911144
v 0.610803 1.738982 -13.892938
v 0.629585 1.730612 -13.883784
v 0.649968 1.721362 -13.886138
v 0.666491 1.713711 -13.899367
v 0.674727 1.709709 -13.919928
v 0.672469 1.710429 -13.942310
v 0.660322 1.715677 -13.960517
v 0.641541 1.724047 -13.969669
v 0.621158 1.733297 -13.967316
v 0.604635 1.740948 -13.954086
v 0.596398 1.744950 -13.933526
v 0.617126 1.820542 -13.912216
v 0.630345 1.819064 -13.894059
v 0.650785 1.816534 -13.884983
v 0.672970 1.813629 -13.887421
v 0.690956 1.811128 -13.900718
v 0.699924 1.809701 -13.921311
v 0.697470 1.809730 -13.943685
v 0.684252 1.811208 -13.961842
v 0.663812 1.813738 -13.970918
v 0.641626 1.816643 -13.968480
v 0.623640 1.819144 -13.955183
v 0.614672 1.820571 -13.934589
v 0.618393 1.917449 -13.913373
v 0.631703 1.918276 -13.895242
v 0.652289 1.919365 -13.886208
v 0.674634 1.920426 -13.888690
v 0.692750 1.921173 -13.902024
v 0.701784 1.921407 -13.922638
v 0.699315 1.921065 -13.945006
v 0.686005 1.920239 -13.963137
v 0.665419 1.919150 -13.972172
v 0.643075 1.918089 -13.969689
v 0.624958 1.917341 -13.956355
v 0.615924 1.917107 -13.935741
v 0.605591 2.030720 -13.914273
v 0.618788 2.032721 -13.896152
v 0.639190 2.035717 -13.887131
v 0.661330 2.038904 -13.889629
v 0.679276 2.041429 -13.902977
v 0.688218 2.042616 -13.923597
v 0.685761 2.042146 -13.945966
v 0.672564 2.040145 -13.964087
v 0.652162 2.037150 -13.973107
v 0.630022 2.033962 -13.970609
v 0.612077 2.031437 -13.957261
v 0.603134 2.030250 -13.936641
v 0.583416 2.155942 -13.914564
v 0.596542 2.158372 -13.896443
v 0.616814 2.162150 -13.887424
v 0.638801 2.166264 -13.889925
v 0.656610 2.169612 -13.903275
v 0.665470 2.171296 -13.923896
v 0.663007 2.170865 -13.946263
v 0.649881 2.168435 -13.964385
v 0.629608 2.164656 -13.973403
v 0.607622 2.160542 -13.970902
v 0.589813 2.157195 -13.957554
v 0.580953 2.155511 -13.936933
v 0.557147 2.289248 -13.913900
v 0.570297 2.291557 -13.895780
v 0.590575 2.295298 -13.886762
v 0.612551 2.299471 -13.889261
v 0.630334 2.302958 -13.902610
v 0.639160 2.304822 -13.923230
v 0.636664 2.304567 -13.945597
v 0.623515 2.302258 -13.963717
v 0.603236 2.298517 -13.972735
v 0.581260 2.294344 -13.970236
v 0.563477 2.290858 -13.956887
v 0.554651 2.288993 -13.936267
v 0.532248 2.427184 -13.911932
v 0.545505 2.428870 -13.893821
v 0.565915 2.431846 -13.884813
v 0.588011 2.435315 -13.887324
v 0.605872 2.438347 -13.900680
v 0.614712 2.440131 -13.921301
v 0.612163 2.440187 -13.943664
v 0.598906 2.438502 -13.961774
v 0.578496 2.435526 -13.970781
v 0.556400 2.432057 -13.968271
v 0.538539 2.429024 -13.954916
v 0.529699 2.427241 -13.934294
v 0.514291 2.566574 -13.908299
v 0.527686 2.567086 -13.890221
v 0.548282 2.568507 -13.881255
v 0.570559 2.570457 -13.883807
v 0.588548 2.572411 -13.897191
v 0.597430 2.573848 -13.917822
v 0.594823 2.574381 -13.940171
v 0.581428 2.573869 -13.958251
v 0.560832 2.572448 -13.967216
v 0.538555 2.570499 -13.964664
v 0.520565 2.568544 -13.951281
v 0.511684 2.567108 -13.930649
v 0.509026 2.704447 -13.902618
v 0.522470 2.703112 -13.884617
v 0.543132 2.702021 -13.875758
v 0.565475 2.701467 -13.878416
v 0.583512 2.701597 -13.891877
v 0.592411 2.702378 -13.912537
v 0.589786 2.703600 -13.934856
v 0.576342 2.704935 -13.952858
v 0.555680 2.706026 -13.961717
v 0.533338 2.706580 -13.959059
v 0.515300 2.706449 -13.945598
v 0.506402 2.705668 -13.924938
v 0.522484 2.837485 -13.894485
v 0.535651 2.833646 -13.876640
v 0.555932 2.829114 -13.867995
v 0.577892 2.825104 -13.870868
v 0.595647 2.822691 -13.884487
v 0.604441 2.822520 -13.905205
v 0.601916 2.824638 -13.927469
v 0.588748 2.828478 -13.945315
v 0.568468 2.833009 -13.953960
v 0.546508 2.837019 -13.951088
v 0.528752 2.839433 -13.937469
v 0.519959 2.839603 -13.916751
vt 0.000000 1.000000
vt 0.020833 1.000000
vt 0.020833 0.916667
vt 0.000000 0.916667
vt 0.000000 0.083333
vt 0.020833 0.083333
vt 0.020833 0.000000
vt 0.000000 0.000000
vt 0.000000 0.166667
vt 0.020833 0.166667
vt 0.000000 0.250000
vt 0.020833 0.250000
vt 0.000000 0.333333
vt 0.020833 0.333333
vt 0.000000 0.416667
vt 0.020833 0.416667
vt 0.000000 0.500000
vt 0.020833 0.500000
vt 0.000000 0.583333
vt 0.020833 0.583333
vt 0.000000 0.666667
vt 0.020833 0.666667
vt 0.000000 0.750000
vt 0.020833 0.750000
vt 0.000000 0.833333
vt 0.020833 0.833333
vt 0.041667 1.000000
vt 0.041667 0.916667
vt 0.041667 0.083333
vt 0.041667 0.000000
vt 0.041667 0.166667
vt 0.041667 0.250000
vt 0.041667 0.333333
vt 0.041667 0.416667
vt 0.041667 0.500000
vt 0.041667 0.583333
vt 0.041667 0.666667
vt 0.041667 0.750000
vt 0.041667 0.833333
vt 0.062500 1.000000
vt 0.062500 0.916667
vt 0.062500 0.083333
vt 0.062500 0.000000
vt 0.062500 0.166667
vt 0.062500 0.250000
vt 0.062500 0.333333
vt 0.062500 0.416667
vt 0.062500 0.500000
vt 0.062500 0.583333
vt 0.062500 0.666667
vt 0.062500 0.750000
vt 0.062500 0.833333
vt 0.083333 1.000000
vt 0.083333 0.916667
vt 0.083333 0.083333
vt 0.083333 0.000000
vt 0.083333 0.166667
vt 0.083333 0.250000
vt 0.083333 0.333333
vt 0.083333 0.416667
vt 0.083333 0.500000
vt 0.083333 0.583333
vt 0.083333 0.666667
vt 0.083333 0.750000
vt 0.083333 0.833333
vt 0.104167 1.000000
vt 0.104167 0.916667
vt 0.104167 0.083333
vt 0.104167 0.000000
vt 0.104167 0.166667
vt 0.104167 0.250000
vt 0.104167 0.333333
vt 0.104167 0.416667
vt 0.104167 0.500000
vt 0.104167 0.583333
vt 0.104167 0.666667
vt 0.104167 0.750000
vt 0.104167 0.833333
vt 0.125000 1.000000
vt 0.125000 0.916667
vt 0.125000 0.083333
vt 0.125000 0.000000
vt 0.125000 0.166667
vt 0.125000 0.250000
vt 0.125000 0.333333
vt 0.125000 0.416667
vt 0.125000 0.500000
vt 0.125000 0.583333
vt 0.125000 0.666667
vt 0.125000 0.750000
vt 0.125000 0.833333
vt 0.145833 1.000000
vt 0.145833 0.916667
vt 0.145833 0.083333
vt 0.145833 0.000000
vt 0.145833 0.166667
vt 0.145833 0.250000
vt 0.145833 0.333333
vt 0.145833 0.416667
vt 0.145833 0.500000
vt 0.145833 0.583333
vt 0.145833 0.666667
vt 0.145833 0.750000
vt 0.145833 0.833333
vt 0.166667 1.000000
vt 0.166667 0.916667
vt 0.166667 0.083333
vt 0.166667 0.000000
vt 0.166667 0.166667
vt 0.166667 0.250000
vt 0.166667 0.333333
vt 0.166667 0.416667
vt 0.166667 0.500000
vt 0.166667 0.583333
vt 0.166667 0.666667
vt 0.166667 0.750000
vt 0.166667 0.833333
vt 0.187500 1.000000
vt 0.187500 0.916667
vt 0.187500 0.083333
vt 0.187500 0.000000
vt 0.187500 0.166667
vt 0.187500 0.250000
vt 0.187500 0.333333
vt 0.187500 0.416667
vt 0.187500 0.500000
vt 0.187500 0.583333
vt 0.187500 0.666667
vt 0.187500 0.750000
vt 0.187500 0.833333
vt 0.208333 1.000000
vt 0.208333 0.916667
vt 0.208333 0.083333
vt 0.208333 0.000000
vt 0.208333 0.166667
vt 0.208333 0.250000
vt 0.208333 0.333333
vt 0.208333 0.416667
vt 0.208333 0.500000
vt 0.208333 0.583333
vt 0.208333 0.666667
vt 0.208333 0.750000
vt 0.208333 0.833333
vt 0.229167 1.000000
vt 0.229167 0.916667
vt 0.229167 0.083333
vt 0.229167 0.000000
vt 0.229167 0.166667
vt 0.229167 0.250000
vt 0.229167 0.333333
vt 0.229167 0.416667
vt 0.229167 0.500000
vt 0.229167 0.583333
vt 0.229167 0.666667
vt 0.229167 0.750000
vt 0.229167 0.833333
vt 0.250000 1.000000
vt 0.250000 0.916667
vt 0.250000 0.083333
vt 0.250000 0.000000
vt 0.250000 0.166667
vt 0.250000 0.250000
vt 0.250000 0.333333
vt 0.250000 0.416667
vt 0.250000 0.500000
vt 0.250000 0.583333
vt 0.250000 0.666667
vt 0.250000 0.750000
vt 0.250000 0.833333
vt 0.270833 1.000000
vt 0.270833 0.916667
vt 0.270833 0.083333
vt 0.270833 0.000000
vt 0.270833 0.166667
vt 0.270833 0.250000
vt 0.270833 0.333333
vt 0.270833 0.416667
vt 0.270833 0.500000
vt 0.270833 0.583333
vt 0.270833 0.666667
vt 0.270833 0.750000
vt 0.270833 0.833333
vt 0.291667 1.000000
vt 0.291667 0.916667
vt 0.291667 0.083333
vt 0.291667 0.000000
vt 0.291667 0.166667
vt 0.291667 0.250000
vt 0.291667 0.333333
vt 0.291667 0.416667
vt 0.291667 0.500000
vt 0.291667 0.583333
vt 0.291667 0.666667
vt 0.291667 0.750000
vt 0.291667 0.833333
vt 0.312500 1.000000
vt 0.312500 0.916667
vt 0.312500 0.083333
vt 0.312500 0.000000
vt 0.312500 0.166667
vt 0.312500 0.250000
vt 0.312500 0.333333
vt 0.312500 0.416667
vt 0.312500 0.500000
vt 0.312500 0.583333
vt 0.312500 0.666667
vt 0.312500 0.750000
vt 0.312500 0.833333
vt 0.333333 1.000000
vt 0.333333 0.916667
vt 0.333333 0.083333
vt 0.333333 0.000000
vt 0.333333 0.166667
vt 0.333333 0.250000
vt 0.333333 0.333333
vt 0.333333 0.416667
vt 0.333333 0.500000
vt 0.333333 0.583333
vt 0.333333 0.666667
vt 0.333333 0.750000
vt 0.333333 0.833333
vt 0.354167 1.000000
vt 0.354167 0.916667
vt 0.354167 0.083333
vt 0.354167 0.000000
vt 0.354167 0.166667
vt 0.354167 0.250000
vt 0.354167 0.333333
vt 0.354167 0.416667
vt 0.354167 0.500000
vt 0.354167 0.583333
vt 0.354167 0.666667
vt 0.354167 0.750000
vt 0.354167 0.833333
vt 0.375000 1.000000
vt 0.375000 0.916667
vt 0.375000 0.083333
vt 0.375000 0.000000
vt 0.375000 0.166667
vt 0.375000 0.250000
vt 0.375000 0.333333
vt 0.375000 0.416667
vt 0.375000 0.500000
vt 0.375000 0.583333
vt 0.375000 0.666667
vt 0.375000 0.750000
vt 0.375000 0.833333
vt 0.395833 1.000000
vt 0.395833 0.916667
vt 0.395833 0.083333
vt 0.395833 0.000000
vt 0.395833 0.166667
vt 0.395833 0.250000
vt 0.395833 0.333333
vt 0.395833 0.416667
vt 0.395833 0.500000
vt 0.395833 0.583333
vt 0.395833 0.666667
vt 0.395833 0.750000
vt 0.395833 0.833333
vt 0.416667 1.000000
vt 0.416667 0.916667
vt 0.416667 0.083333
vt 0.416667 0.000000
vt 0.416667 0.166667
vt 0.416667 0.250000
vt 0.416667 0.333333
vt 0.416667 0.416667
vt 0.416667 0.500000
vt 0.416667 0.583333
vt 0.416667 0.666667
vt 0.416667 0.750000
vt 0.416667 0.833333
vt 0.437500 1.000000
vt 0.437500 0.916667
vt 0.437500 0.083333
vt 0.437500 0.000000
vt 0.437500 0.166667
vt 0.437500 0.250000
vt 0.437500 0.333333
vt 0.437500 0.416667
vt 0.437500 0.500000
vt 0.437500 0.583333
vt 0.437500 0.666667
vt 0.437500 0.750000
vt 0.437500 0.833333
vt 0.458333 1.000000
vt 0.458333 0.916667
vt 0.458333 0.083333
vt 0.458333 0.000000
vt 0.458333 0.166667
vt 0.458333 0.250000
vt 0.458333 0.333333
vt 0.458333 0.416667
vt 0.458333 0.500000
vt 0.458333 0.583333
vt 0.458333 0.666667
vt 0.458333 0.750000
vt 0.458333 0.833333
vt 0.479167 1.000000
vt 0.479167 0.916667
vt 0.479167 0.083333
vt 0.479167 0.000000
vt 0.479167 0.166667
vt 0.479167 0.250000
vt 0.479167 0.333333
vt 0.479167 0.416667
vt 0.479167 0.500000
vt 0.479167 0.583333
vt 0.479167 0.666667
vt 0.479167 0.750000
vt 0.479167 0.833333
vt 0.500000 1.000000
vt 0.500000 0.916667
vt 0.500000 0.083333
vt 0.500000 0.000000
vt 0.500000 0.166667
vt 0.500000 0.250000
vt 0.500000 0.333333
vt 0.500000 0.416667
vt 0.500000 0.500000
vt 0.500000 0.583333
vt 0.500000 0.666667
vt 0.500000 0.750000
vt 0.500000 0.833333
vt 0.520833 1.000000
vt 0.520833 0.916667
vt 0.520833 0.083333
vt 0.520833 0.000000
vt 0.520833 0.166667
vt 0.520833 0.250000
vt 0.520833 0.333333
vt 0.520833 0.416667
vt 0.520833 0.500000
vt 0.520833 0.583333
vt 0.520833 0.666667
vt 0.520833 0.750000
vt 0.520833 0.833333
vt 0.541667 1.000000
vt 0.541667 0.916667
vt 0.541667 0.083333
vt 0.541667 0.000000
vt 0.541667 0.166667
vt 0.541667 0.250000
vt 0.541667 0.333333
vt 0.541667 0.416667
vt 0.541667 0.500000
vt 0.541667 0.583333
vt 0.541667 0.666667
vt 0.541667 0.750000
vt 0.541667 0.833333
vt 0.562500 1.000000
vt 0.562500 0.916667
vt 0.562500 0.083333
vt 0.562500 0.000000
vt 0.562500 0.166667
vt 0.562500 0.250000
vt 0.562500 0.333333
vt 0.562500 0.416667
vt 0.562500 0.500000
vt 0.562500 0.583333
vt 0.562500 0.666667
vt 0.562500 0.750000
vt 0.562500 0.833333
vt 0.583333 1.000000
vt 0.583333 0.916667
vt 0.583333 0.083333
vt 0.583333 0.000000
vt 0.583333 0.166667
vt 0.583333 0.250000
vt 0.583333 0.333333
vt 0.583333 0.416667
vt 0.583333 0.500000
vt 0.583333 0.583333
vt 0.583333 0.666667
vt 0.583333 0.750000
vt 0.583333 0.833333
vt 0.604167 1.000000
vt 0.604167 0.916667
vt 0.604167 0.083333
vt 0.604167 0.000000
vt 0.604167 0.166667
vt 0.604167 0.250000
vt 0.604167 0.333333
vt 0.604167 0.416667
vt 0.604167 0.500000
vt 0.604167 0.583333
vt 0.604167 0.666667
vt 0.604167 0.750000
vt 0.604167 0.833333
vt 0.625000 1.000000
vt 0.625000 0.916667
vt 0.625000 0.083333
vt 0.625000 0.000000
vt 0.625000 0.166667
vt 0.625000 0.250000
vt 0.625000 0.333333
vt 0.625000 0.416667
vt 0.625000 0.500000
vt 0.625000 0.583333
vt 0.625000 0.666667
vt 0.625000 0.750000
vt 0.625000 0.833333
vt 0.645833 1.000000
vt 0.645833 0.916667
vt 0.645833 0.083333
vt 0.645833 0.000000
vt 0.645833 0.166667
vt 0.645833 0.250000
vt 0.645833 0.333333
vt 0.645833 0.416667
vt 0.645833 0.500000
vt 0.645833 0.583333
vt 0.645833 0.666667
vt 0.645833 0.750000
vt 0.645833 0.833333
vt 0.666667 1.000000
vt 0.666667 0.916667
vt 0.666667 0.083333
vt 0.666667 0.000000
vt 0.666667 0.166667
vt 0.666667 0.250000
vt 0.666667 0.333333
vt 0.666667 0.416667
vt 0.666667 0.500000
vt 0.666667 0.583333
vt 0.666667 0.666667
vt 0.666667 0.750000
vt 0.666667 0.833333
vt 0.687500 1.000000
vt 0.687500 0.916667
vt 0.687500 0.083333
vt 0.687500 0.000000
vt 0.687500 0.166667
vt 0.687500 0.250000
vt 0.687500 0.333333
vt 0.687500 0.416667
vt 0.687500 0.500000
vt 0.687500 0.583333
vt 0.687500 0.666667
vt 0.687500 0.750000
vt 0.687500 0.833333
vt 0.708333 1.000000
vt 0.708333 0.916667
vt 0.708333 0.083333
vt 0.708333 0.000000
vt 0.708333 0.166667
vt 0.708333 0.250000
vt 0.708333 0.333333
vt 0.708333 0.416667
vt 0.708333 0.500000
vt 0.708333 0.583333
vt 0.708333 0.666667
vt 0.708333 0.750000
vt 0.708333 0.833333
vt 0.729167 1.000000
vt 0.729167 0.916667
vt 0.729167 0.083333
vt 0.729167 0.000000
vt 0.729167 0.166667
vt 0.729167 0.250000
vt 0.729167 0.333333
vt 0.729167 0.416667
vt 0.729167 0.500000
vt 0.729167 0.583333
vt 0.729167 0.666667
vt 0.729167 0.750000
vt 0.729167 0.833333
vt 0.750000 1.000000
vt 0.750000 0.916667
vt 0.750000 0.083333
vt 0.750000 0.000000
vt 0.750000 0.166667
vt 0.750000 0.250000
vt 0.750000 0.333333
vt 0.750000 0.416667
vt 0.750000 0.500000
vt 0.750000 0.583333
vt 0.750000 0.666667
vt 0.750000 0.750000
vt 0.750000 0.833333
vt 0.770833 1.000000
vt 0.770833 0.916667
vt 0.770833 0.083333
vt 0.770833 0.000000
vt 0.770833 0.166667
vt 0.770833 0.250000
vt 0.770833 0.333333
vt 0.770833 0.416667
vt 0.770833 0.500000
vt 0.770833 0.583333
vt 0.770833 0.666667
vt 0.770833 0.750000
vt 0.770833 0.833333
vt 0.791667 1.000000
vt 0.791667 0.916667
vt 0.791667 0.083333
vt 0.791667 0.000000
vt 0.791667 0.166667
vt 0.791667 0.250000
vt 0.791667 0.333333
vt 0.791667 0.416667
vt 0.791667 0.500000
vt 0.791667 0.583333
vt 0.791667 0.666667
vt 0.791667 0.750000
vt 0.791667 0.833333
vt 0.812500 1.000000
vt 0.812500 0.916667
vt 0.812500 0.083333
vt 0.812500 0.000000
vt 0.812500 0.166667
vt 0.812500 0.250000
vt 0.812500 0.333333
vt 0.812500 0.416667
vt 0.812500 0.500000
vt 0.812500 0.583333
vt 0.812500 0.666667
vt 0.812500 0.750000
vt 0.812500 0.833333
vt 0.833333 1.000000
vt 0.833333 0.916667
vt 0.833333 0.083333
vt 0.833333 0.000000
vt 0.833333 0.166667
vt 0.833333 0.250000
vt 0.833333 0.333333
vt 0.833333 0.416667
vt 0.833333 0.500000
vt 0.833333 0.583333
vt 0.833333 0.666667
vt 0.833333 0.750000
vt 0.833333 0.833333
vt 0.854167 1.000000
vt 0.854167 0.916667
vt 0.854167 0.083333
vt 0.854167 0.000000
vt 0.854167 0.166667
vt 0.854167 0.250000
vt 0.854167 0.333333
vt 0.854167 0.416667
vt 0.854167 0.500000
vt 0.854167 0.583333
vt 0.854167 0.666667
vt 0.854167 0.750000
vt 0.854167 0.833333
vt 0.875000 1.000000
vt 0.875000 0.916667
vt 0.875000 0.083333
vt 0.875000 0.000000
vt 0.875000 0.166667
vt 0.875000 0.250000
vt 0.875000 0.333333
vt 0.875000 0.416667
vt 0.875000 0.500000
vt 0.875000 0.583333
vt 0.875000 0.666667
vt 0.875000 0.750000
vt 0.875000 0.833333
vt 0.895833 1.000000
vt 0.895833 0.916667
vt 0.895833 0.083333
vt 0.895833 0.000000
vt 0.895833 0.166667
vt 0.895833 0.250000
vt 0.895833 0.333333
vt 0.895833 0.416667
vt 0.895833 0.500000
vt 0.895833 0.583333
vt 0.895833 0.666667
vt 0.895833 0.750000
vt 0.895833 0.833333
vt 0.916667 1.000000
vt 0.916667 0.916667
vt 0.916667 0.083333
vt 0.916667 0.000000
vt 0.916667 0.166667
vt 0.916667 0.250000
vt 0.916667 0.333333
vt 0.916667 0.416667
vt 0.916667 0.500000
vt 0.916667 0.583333
vt 0.916667 0.666667
vt 0.916667 0.750000
vt 0.916667 0.833333
vt 0.937500 1.000000
vt 0.937500 0.916667
vt 0.937500 0.083333
vt 0.937500 0.000000
vt 0.937500 0.166667
vt 0.937500 0.250000
vt 0.937500 0.333333
vt 0.937500 0.416667
vt 0.937500 0.500000
vt 0.937500 0.583333
vt 0.937500 0.666667
vt 0.937500 0.750000
vt 0.937500 0.833333
vt 0.958333 1.000000
vt 0.958333 0.916667
vt 0.958333 0.083333
vt 0.958333 0.000000
vt 0.958333 0.166667
vt 0.958333 0.250000
vt 0.958333 0.333333
vt 0.958333 0.416667
vt 0.958333 0.500000
vt 0.958333 0.583333
vt 0.958333 0.666667
vt 0.958333 0.750000
vt 0.958333 0.833333
vt 0.979167 1.000000
vt 0.979167 0.916667
vt 0.979167 0.083333
vt 0.979167 0.000000
vt 0.979167 0.166667
vt 0.979167 0.250000
vt 0.979167 0.333333
vt 0.979167 0.416667
vt 0.979167 0.500000
vt 0.979167 0.583333
vt 0.979167 0.666667
vt 0.979167 0.750000
vt 0.979167 0.833333
vt 1.000000 1.000000
vt 1.000000 0.916667
vt 1.000000 0.083333
vt 1.000000 0.000000
vt 1.000000 0.166667
vt 1.000000 0.250000
vt 1.000000 0.333333
vt 1.000000 0.416667
vt 1.000000 0.500000
vt 1.000000 0.583333
vt 1.000000 0.666667
vt 1.000000 0.750000
vt 1.000000 0.833333
vn -0.4281 0.7686 0.4754
vn -0.4504 0.7422 0.4962
vn -0.5723 0.8200 -0.0058
vn -0.5803 0.8138 -0.0321
vn -0.1603 0.5002 0.8509
vn -0.2095 0.4597 0.8630
vn 0.1538 0.0930 0.9837
vn 0.0886 0.0544 0.9946
vn 0.4302 -0.3372 0.8374
vn 0.3665 -0.3647 0.8559
vn 0.5831 -0.6742 0.4533
vn 0.5445 -0.6866 0.4819
vn 0.5623 -0.8253 -0.0522
vn 0.5678 -0.8228 -0.0230
vn 0.3837 -0.7564 -0.5298
vn 0.4337 -0.7386 -0.5161
vn 0.1105 -0.4995 -0.8593
vn 0.1856 -0.4617 -0.8674
vn -0.1838 -0.1248 -0.9750
vn -0.1084 -0.0666 -0.9919
vn -0.4328 0.2830 -0.8559
vn -0.3738 0.3468 -0.8603
vn -0.5791 0.6289 -0.5188
vn -0.5436 0.6725 -0.5023
vn -0.4810 0.7196 0.5008
vn -0.5546 0.8321 0.0013
vn -0.2784 0.4135 0.8669
vn -0.0003 -0.0046 1.0000
vn 0.2784 -0.4219 0.8629
vn 0.4819 -0.7251 0.4920
vn 0.5545 -0.8321 -0.0117
vn 0.4774 -0.7149 -0.5109
vn 0.2726 -0.4070 -0.8718
vn -0.0040 0.0082 -1.0000
vn -0.2791 0.4209 -0.8631
vn -0.4804 0.7223 -0.4974
vn -0.4692 0.7263 0.5023
vn -0.5192 0.8547 0.0050
vn -0.2939 0.4038 0.8663
vn -0.0394 -0.0278 0.9988
vn 0.2263 -0.4526 0.8625
vn 0.4312 -0.7557 0.4930
vn 0.5194 -0.8544 -0.0098
vn 0.4674 -0.7225 -0.5094
vn 0.2898 -0.3966 -0.8711
vn 0.0350 0.0348 -0.9988
vn -0.2286 0.4560 -0.8601
vn -0.4311 0.7557 -0.4930
vn -0.4337 0.7463 0.5049
vn -0.4675 0.8839 0.0097
vn -0.2845 0.4099 0.8666
vn -0.0588 -0.0370 0.9976
vn 0.1834 -0.4751 0.8606
vn 0.3765 -0.7857 0.4909
vn 0.4678 -0.8837 -0.0120
vn 0.4324 -0.7425 -0.5115
vn 0.2804 -0.4012 -0.8720
vn 0.0535 0.0470 -0.9975
vn -0.1871 0.4815 -0.8563
vn -0.3774 0.7872 -0.4877
vn -0.3748 0.7746 0.5094
vn -0.3948 0.9186 0.0165
vn -0.2554 0.4250 0.8684
vn -0.0676 -0.0389 0.9970
vn 0.1392 -0.4941 0.8582
vn 0.3090 -0.8170 0.4869
vn 0.3951 -0.9185 -0.0172
vn 0.3739 -0.7703 -0.5165
vn 0.2513 -0.4138 -0.8750
vn 0.0615 0.0530 -0.9967
vn -0.1439 0.5041 -0.8516
vn -0.3105 0.8200 -0.4808
vn -0.2855 0.8076 0.5160
vn -0.2916 0.9562 0.0256
vn -0.2042 0.4457 0.8716
vn -0.0682 -0.0362 0.9970
vn 0.0870 -0.5106 0.8554
vn 0.2193 -0.8487 0.4813
vn 0.2922 -0.9560 -0.0250
vn 0.2852 -0.8022 -0.5245
vn 0.2005 -0.4304 -0.8801
vn 0.0621 0.0562 -0.9965
vn -0.0921 0.5255 -0.8458
vn -0.2211 0.8536 -0.4717
vn -0.1538 0.8375 0.5243
vn -0.1441 0.9889 0.0368
vn -0.1233 0.4664 0.8759
vn -0.0598 -0.0303 0.9977
vn 0.0203 -0.5221 0.8526
vn 0.0958 -0.8749 0.4747
vn 0.1452 -0.9888 -0.0348
vn 0.1546 -0.8306 -0.5350
vn 0.1214 -0.4452 -0.8872
vn 0.0558 0.0589 -0.9967
vn -0.0241 0.5438 -0.8388
vn -0.0969 0.8824 -0.4605
vn 0.0332 0.8458 0.5325
vn 0.0615 0.9969 0.0482
vn -0.0039 0.4744 0.8803
vn -0.0401 -0.0245 0.9989
vn -0.0656 -0.5214 0.8508
vn -0.0728 -0.8802 0.4690
vn -0.0599 -0.9972 -0.0446
vn -0.0306 -0.8370 -0.5463
vn 0.0070 -0.4461 -0.8950
vn 0.0427 0.0634 -0.9971
vn 0.0671 0.5513 -0.8316
vn 0.0739 0.8905 -0.4490
vn 0.2719 0.7992 0.5360
vn 0.3213 0.9454 0.0539
vn 0.1521 0.4464 0.8818
vn -0.0084 -0.0261 0.9996
vn -0.1681 -0.4970 0.8513
vn -0.2833 -0.8371 0.4680
vn -0.3201 -0.9461 -0.0489
vn -0.2673 -0.7893 -0.5528
vn -0.1403 -0.4132 -0.8998
vn 0.0240 0.0720 -0.9971
vn 0.1804 0.5323 -0.8271
vn 0.2883 0.8491 -0.4425
vn 0.5194 0.6711 0.5290
vn 0.5892 0.8066 0.0468
vn 0.3157 0.3625 0.8769
vn 0.0279 -0.0434 0.9987
vn -0.2708 -0.4423 0.8550
vn -0.4989 -0.7248 0.4751
vn -0.5893 -0.8069 -0.0410
vn -0.5136 -0.6615 -0.5464
vn -0.2947 -0.3320 -0.8961
vn 0.0024 0.0849 -0.9964
vn 0.2952 0.4740 -0.8295
vn 0.5081 0.7357 -0.4479
vn 0.7121 0.4816 0.5109
vn 0.7975 0.6028 0.0260
vn 0.4424 0.2354 0.8654
vn 0.0548 -0.0743 0.9957
vn -0.3517 -0.3669 0.8612
vn -0.6664 -0.5620 0.4899
vn -0.7982 -0.6020 -0.0204
vn -0.7064 -0.4737 -0.5260
vn -0.4183 -0.2142 -0.8827
vn -0.0187 0.1017 -0.9946
vn 0.3812 0.3872 -0.8395
vn 0.6776 0.5689 -0.4659
vn 0.8172 0.3033 0.4901
vn 0.9137 0.4064 -0.0001
vn 0.5066 0.1204 0.8538
vn 0.0596 -0.0956 0.9936
vn -0.4068 -0.2872 0.8672
vn -0.7652 -0.4011 0.5036
vn -0.9143 -0.4049 0.0003
vn -0.8115 -0.2975 -0.5030
vn -0.4866 -0.1090 -0.8668
vn -0.0317 0.1081 -0.9936
vn 0.4283 0.2952 -0.8541
vn 0.7724 0.4037 -0.4903
vn 0.8616 0.1771 0.4758
vn 0.9673 0.2530 -0.0197
vn 0.5281 0.0540 0.8474
vn 0.0520 -0.0841 0.9951
vn -0.4410 -0.2000 0.8749
vn -0.8159 -0.2616 0.5156
vn -0.9677 -0.2516 0.0145
vn -0.8545 -0.1729 -0.4898
vn -0.5096 -0.0476 -0.8591
vn -0.0294 0.0900 -0.9955
vn 0.4561 0.2032 -0.8664
vn 0.8194 0.2626 -0.5095
vn 0.8787 0.0861 0.4696
vn 0.9911 0.1294 -0.0297
vn 0.5328 0.0198 0.8460
vn 0.0430 -0.0519 0.9977
vn -0.4607 -0.1096 0.8808
vn -0.8407 -0.1376 0.5238
vn -0.9915 -0.1281 0.0236
vn -0.8720 -0.0838 -0.4823
vn -0.5170 -0.0170 -0.8558
vn -0.0248 0.0543 -0.9982
vn 0.4718 0.1111 -0.8747
vn 0.8425 0.1385 -0.5205
vn 0.8822 0.0352 0.4695
vn 0.9983 0.0484 -0.0330
vn 0.5302 0.0126 0.8478
vn 0.0346 -0.0132 0.9993
vn -0.4714 -0.0353 0.8812
vn -0.8501 -0.0479 0.5245
vn -0.9985 -0.0477 0.0260
vn -0.8774 -0.0347 -0.4785
vn -0.5210 -0.0123 -0.8535
vn -0.0262 0.0136 -0.9996
vn 0.4747 0.0359 -0.8794
vn 0.8491 0.0487 -0.5260
vn 0.8798 0.0537 0.4722
vn 0.9985 0.0440 -0.0333
vn 0.5231 0.0492 0.8509
vn 0.0244 0.0312 0.9992
vn -0.4799 0.0040 0.8773
vn -0.8537 -0.0250 0.5202
vn -0.9985 -0.0474 0.0256
vn -0.8783 -0.0570 -0.4747
vn -0.5253 -0.0511 -0.8494
vn -0.0321 -0.0319 -0.9990
vn 0.4707 -0.0048 -0.8823
vn 0.8483 0.0228 -0.5291
vn 0.8641 0.1794 0.4703
vn 0.9863 0.1598 -0.0398
vn 0.5033 0.1504 0.8509
vn 0.0065 0.0778 0.9970
vn -0.4874 -0.0187 0.8730
vn -0.8474 -0.1111 0.5192
vn -0.9842 -0.1739 0.0325
vn -0.8661 -0.1909 -0.4619
vn -0.5225 -0.1580 -0.8379
vn -0.0387 -0.0842 -0.9957
vn 0.4598 0.0098 -0.8880
vn 0.8370 0.0985 -0.5382
vn 0.7758 0.4383 0.4539
vn 0.8992 0.4323 -0.0673
vn 0.4337 0.3204 0.8422
vn -0.0208 0.1135 0.9933
vn -0.4617 -0.1231 0.8784
vn -0.7779 -0.3260 0.5372
vn -0.8938 -0.4444 0.0607
vn -0.7826 -0.4493 -0.4309
vn -0.4711 -0.3394 -0.8142
vn -0.0343 -0.1414 -0.9894
vn 0.4184 0.0943 -0.9034
vn 0.7646 0.3051 -0.5678
vn 0.5570 0.7187 0.4162
vn 0.6585 0.7445 -0.1100
vn 0.2998 0.4896 0.8188
vn -0.0357 0.1310 0.9907
vn -0.3582 -0.2560 0.8979
vn -0.5855 -0.5725 0.5740
vn -0.6627 -0.7414 0.1055
vn -0.5717 -0.7222 -0.3893
vn -0.3343 -0.5190 -0.7867
vn -0.0081 -0.1794 -0.9837
vn 0.3242 0.2137 -0.9216
vn 0.5714 0.5557 -0.6039
vn 0.3113 0.8708 0.3807
vn 0.3753 0.9162 -0.1408
vn 0.1619 0.5847 0.7949
vn -0.0325 0.1423 0.9893
vn -0.2186 -0.3328 0.9173
vn -0.3469 -0.7160 0.6059
vn -0.3850 -0.9123 0.1398
vn -0.3237 -0.8742 -0.3619
vn -0.1780 -0.6096 -0.7724
vn 0.0153 -0.1815 -0.9833
vn 0.2045 0.3011 -0.9314
vn 0.3365 0.7060 -0.6232
vn 0.1493 0.9187 0.3656
vn 0.1848 0.9707 -0.1534
vn 0.0734 0.6166 0.7839
vn -0.0227 0.1492 0.9885
vn -0.1131 -0.3554 0.9279
vn -0.1734 -0.7633 0.6223
vn -0.1881 -0.9699 0.1546
vn -0.1534 -0.9227 -0.3537
vn -0.0781 -0.6324 -0.7707
vn 0.0181 -0.1721 -0.9849
vn 0.1091 0.3374 -0.9350
vn 0.1701 0.7572 -0.6306
vn 0.0605 0.9309 0.3602
vn 0.0764 0.9846 -0.1572
vn 0.0283 0.6257 0.7795
vn -0.0116 0.1531 0.9881
vn -0.0485 -0.3591 0.9321
vn -0.0724 -0.7745 0.6285
vn -0.0772 -0.9843 0.1589
vn -0.0614 -0.9336 -0.3529
vn -0.0293 -0.6349 -0.7720
vn 0.0106 -0.1657 -0.9861
vn 0.0476 0.3495 -0.9357
vn 0.0717 0.7714 -0.6323
vn 0.0137 0.9335 0.3584
vn 0.0162 0.9873 -0.1580
vn 0.0074 0.6285 0.7778
vn -0.0008 0.1554 0.9879
vn -0.0089 -0.3585 0.9335
vn -0.0146 -0.7761 0.6304
vn -0.0164 -0.9870 0.1597
vn -0.0138 -0.9353 -0.3537
vn -0.0076 -0.6339 -0.7733
vn 0.0007 -0.1624 -0.9867
vn 0.0088 0.3535 -0.9354
vn 0.0144 0.7748 -0.6320
vn -0.0055 0.9342 0.3567
vn -0.0102 0.9873 -0.1585
vn 0.0006 0.6306 0.7761
vn 0.0065 0.1581 0.9874
vn 0.0107 -0.3565 0.9342
vn 0.0120 -0.7756 0.6311
vn 0.0101 -0.9872 0.1592
vn 0.0055 -0.9347 -0.3554
vn -0.0006 -0.6319 -0.7750
vn -0.0065 -0.1597 -0.9872
vn -0.0107 0.3556 -0.9346
vn -0.0121 0.7755 -0.6312
vn -0.0053 0.9346 0.3557
vn -0.0109 0.9872 -0.1589
vn 0.0017 0.6317 0.7752
vn 0.0083 0.1596 0.9872
vn 0.0126 -0.3555 0.9346
vn 0.0135 -0.7754 0.6314
vn 0.0109 -0.9873 0.1587
vn 0.0053 -0.9343 -0.3565
vn -0.0017 -0.6307 -0.7760
vn -0.0083 -0.1582 -0.9874
vn -0.0126 0.3565 -0.9342
vn -0.0135 0.7757 -0.6309
vn 0.0007 0.9346 0.3557
vn -0.0033 0.9873 -0.1590
vn 0.0046 0.6317 0.7752
vn 0.0072 0.1594 0.9872
vn 0.0079 -0.3556 0.9346
vn 0.0065 -0.7755 0.6314
vn 0.0033 -0.9873 0.1588
vn -0.0007 -0.9343 -0.3564
vn -0.0046 -0.6308 -0.7759
vn -0.0072 -0.1583 -0.9874
vn -0.0079 0.3565 -0.9343
vn -0.0065 0.7757 -0.6311
vn 0.0052 0.9346 0.3557
vn 0.0026 0.9873 -0.1590
vn 0.0063 0.6316 0.7753
vn 0.0058 0.1593 0.9872
vn 0.0037 -0.3558 0.9346
vn 0.0006 -0.7755 0.6313
vn -0.0026 -0.9873 0.1588
vn -0.0052 -0.9343 -0.3563
vn -0.0063 -0.6309 -0.7758
vn -0.0058 -0.1585 -0.9873
vn -0.0037 0.3563 -0.9344
vn -0.0006 0.7756 -0.6312
vn 0.0076 0.9345 0.3558
vn 0.0066 0.9872 -0.1591
vn 0.0067 0.6315 0.7754
vn 0.0039 0.1591 0.9872
vn 0.0001 -0.3559 0.9345
vn -0.0038 -0.7756 0.6312
vn -0.0066 -0.9873 0.1588
vn -0.0076 -0.9344 -0.3563
vn -0.0067 -0.6310 -0.7757
vn -0.0039 -0.1587 -0.9873
vn -0.0001 0.3561 -0.9344
vn 0.0038 0.7755 -0.6313
vn 0.0079 0.9345 0.3558
vn 0.0082 0.9872 -0.1591
vn 0.0055 0.6314 0.7755
vn 0.0017 0.1589 0.9873
vn -0.0027 -0.3561 0.9345
vn -0.0063 -0.7756 0.6312
vn -0.0082 -0.9873 0.1587
vn -0.0079 -0.9344 -0.3562
vn -0.0055 -0.6312 -0.7756
vn -0.0017 -0.1589 -0.9873
vn 0.0027 0.3559 -0.9345
vn 0.0063 0.7754 -0.6314
vn 0.0060 0.9345 0.3559
vn 0.0074 0.9872 -0.1591
vn 0.0030 0.6312 0.7756
vn -0.0008 0.1588 0.9873
vn -0.0044 -0.3562 0.9344
vn -0.0068 -0.7757 0.6311
vn -0.0074 -0.9873 0.1587
vn -0.0060 -0.9344 -0.3561
vn -0.0030 -0.6313 -0.7755
vn 0.0008 -0.1591 -0.9873
vn 0.0044 0.3557 -0.9346
vn 0.0068 0.7754 -0.6315
vn 0.0018 0.9345 0.3560
vn 0.0041 0.9872 -0.1592
vn -0.0010 0.6311 0.7757
vn -0.0035 0.1586 0.9873
vn -0.0051 -0.3564 0.9343
vn -0.0053 -0.7758 0.6310
vn -0.0041 -0.9873 0.1587
vn -0.0018 -0.9345 -0.3560
vn 0.0010 -0.6314 -0.7754
vn 0.0035 -0.1593 -0.9872
vn 0.0051 0.3556 -0.9346
vn 0.0053 0.7753 -0.6316
vn -0.0042 0.9345 0.3560
vn -0.0013 0.9872 -0.1592
vn -0.0061 0.6310 0.7757
vn -0.0063 0.1584 0.9874
vn -0.0048 -0.3565 0.9343
vn -0.0020 -0.7758 0.6309
vn 0.0013 -0.9873 0.1587
vn 0.0042 -0.9345 -0.3559
vn 0.0061 -0.6316 -0.7753
vn 0.0063 -0.1595 -0.9872
vn 0.0048 0.3555 -0.9347
vn 0.0020 0.7752 -0.6317
vn -0.0118 0.9344 0.3560
vn -0.0085 0.9872 -0.1592
vn -0.0120 0.6309 0.7758
vn -0.0090 0.1583 0.9874
vn -0.0036 -0.3566 0.9342
vn 0.0028 -0.7758 0.6309
vn 0.0085 -0.9873 0.1588
vn 0.0118 -0.9345 -0.3558
vn 0.0120 -0.6316 -0.7752
vn 0.0090 -0.1596 -0.9871
vn 0.0036 0.3554 -0.9347
vn -0.0028 0.7752 -0.6317
vn -0.0205 0.9342 0.3560
vn -0.0170 0.9871 -0.1593
vn -0.0185 0.6307 0.7758
vn -0.0116 0.1582 0.9873
vn -0.0015 -0.3566 0.9342
vn 0.0089 -0.7758 0.6310
vn 0.0170 -0.9872 0.1589
vn 0.0205 -0.9344 -0.3557
vn 0.0185 -0.6316 -0.7751
vn 0.0116 -0.1596 -0.9871
vn 0.0016 0.3553 -0.9348
vn -0.0089 0.7751 -0.6318
vn -0.0297 0.9341 0.3558
vn -0.0262 0.9869 -0.1593
vn -0.0252 0.6307 0.7756
vn -0.0139 0.1581 0.9873
vn 0.0011 -0.3568 0.9342
vn 0.0160 -0.7758 0.6308
vn 0.0266 -0.9869 0.1589
vn 0.0300 -0.9342 -0.3554
vn 0.0254 -0.6317 -0.7748
vn 0.0140 -0.1597 -0.9871
vn -0.0010 0.3553 -0.9347
vn -0.0157 0.7751 -0.6317
vn -0.0936 0.9290 0.3581
vn -0.0942 0.9825 -0.1608
vn -0.0678 0.6227 0.7795
vn -0.0229 0.1479 0.9887
vn 0.0293 -0.3644 0.9308
vn 0.0742 -0.7765 0.6258
vn 0.0994 -0.9824 0.1580
vn 0.0983 -0.9314 -0.3505
vn 0.0712 -0.6357 -0.7687
vn 0.0255 -0.1692 -0.9853
vn -0.0263 0.3457 -0.9380
vn -0.0699 0.7685 -0.6360
vn -0.3122 0.8770 0.3652
vn -0.3292 0.9297 -0.1653
vn -0.2081 0.5775 0.7894
vn -0.0465 0.1235 0.9913
vn 0.1274 -0.3564 0.9256
vn 0.2671 -0.7378 0.6199
vn 0.3375 -0.9280 0.1575
vn 0.3218 -0.8819 -0.3444
vn 0.2236 -0.6102 -0.7600
vn 0.0667 -0.1774 -0.9819
vn -0.1084 0.3089 -0.9449
vn -0.2541 0.7182 -0.6478
vn -0.6277 0.6851 0.3696
vn -0.6690 0.7245 -0.1662
vn -0.4077 0.4504 0.7943
vn -0.0792 0.0957 0.9923
vn 0.2647 -0.2784 0.9233
vn 0.5362 -0.5761 0.6169
vn 0.6700 -0.7258 0.1559
vn 0.6345 -0.6922 -0.3439
vn 0.4380 -0.4829 -0.7582
vn 0.1270 -0.1475 -0.9809
vn -0.2223 0.2320 -0.9470
vn -0.5170 0.5548 -0.6519
vn -0.8466 0.3833 0.3692
vn -0.9021 0.4005 -0.1610
vn -0.5526 0.2589 0.7922
vn -0.1106 0.0631 0.9919
vn 0.3538 -0.1488 0.9234
vn 0.7202 -0.3203 0.6154
vn 0.8999 -0.4087 0.1523
vn 0.8509 -0.3929 -0.3487
vn 0.5845 -0.2767 -0.7628
vn 0.1636 -0.0878 -0.9826
vn -0.3072 0.1256 -0.9433
vn -0.7012 0.3054 -0.6443
vn -0.9220 0.1211 0.3677
vn -0.9804 0.1215 -0.1554
vn -0.6092 0.0878 0.7882
vn -0.1318 0.0296 0.9908
vn 0.3767 -0.0376 0.9256
vn 0.7813 -0.0952 0.6168
vn 0.9804 -0.1278 0.1497
vn 0.9260 -0.1270 -0.3554
vn 0.6312 -0.0931 -0.7700
vn 0.1680 -0.0348 -0.9852
vn -0.3446 0.0320 -0.9382
vn -0.7673 0.0891 -0.6350
vn -0.9293 -0.0425 0.3668
vn -0.9870 -0.0506 -0.1525
vn -0.6184 -0.0227 0.7855
vn -0.1409 0.0029 0.9900
vn 0.3723 0.0270 0.9277
vn 0.7840 0.0435 0.6193
vn 0.9877 0.0484 0.1487
vn 0.9319 0.0407 -0.3603
vn 0.6308 0.0224 -0.7756
vn 0.1612 -0.0021 -0.9869
vn -0.3539 -0.0267 -0.9349
vn -0.7755 -0.0446 -0.6298
vn -0.9214 -0.1316 0.3657
vn -0.9782 -0.1425 -0.1512
vn -0.6155 -0.0851 0.7835
vn -0.1442 -0.0158 0.9894
vn 0.3647 0.0574 0.9293
vn 0.7751 0.1150 0.6213
vn 0.9786 0.1419 0.1487
vn 0.9225 0.1312 -0.3630
vn 0.6214 0.0857 -0.7788
vn 0.1542 0.0172 -0.9879
vn -0.3555 -0.0562 -0.9330
vn -0.7705 -0.1148 -0.6270
vn -0.9152 -0.1717 0.3645
vn -0.9718 -0.1816 -0.1507
vn -0.6127 -0.1156 0.7818
vn -0.1457 -0.0286 0.9889
vn 0.3601 0.0661 0.9306
vn 0.7691 0.1429 0.6230
vn 0.9720 0.1815 0.1491
vn 0.9153 0.1715 -0.3645
vn 0.6141 0.1158 -0.7807
vn 0.1486 0.0291 -0.9885
vn -0.3570 -0.0655 -0.9318
vn -0.7673 -0.1427 -0.6253
vn -0.9148 -0.1762 0.3634
vn -0.9717 -0.1820 -0.1504
vn -0.6131 -0.1233 0.7803
vn -0.1470 -0.0373 0.9884
vn 0.3590 0.0588 0.9315
vn 0.7687 0.1392 0.6243
vn 0.9719 0.1821 0.1494
vn 0.9140 0.1761 -0.3656
vn 0.6108 0.1229 -0.7822
vn 0.1442 0.0368 -0.9889
vn -0.3607 -0.0591 -0.9308
vn -0.7690 -0.1391 -0.6239
vn -0.9199 -0.1495 0.3626
vn -0.9776 -0.1481 -0.1497
vn -0.6171 -0.1111 0.7790
vn -0.1488 -0.0429 0.9879
vn 0.3603 0.0370 0.9321
vn 0.7732 0.1071 0.6251
vn 0.9776 0.1484 0.1491
vn 0.9181 0.1495 -0.3671
vn 0.6111 0.1104 -0.7838
vn 0.1405 0.0417 -0.9892
vn -0.3667 -0.0379 -0.9295
vn -0.7755 -0.1073 -0.6222
vn -0.9275 -0.0895 0.3629
vn -0.9860 -0.0772 -0.1476
vn -0.6232 -0.0782 0.7782
vn -0.1517 -0.0459 0.9874
vn 0.3621 -0.0010 0.9321
vn 0.7795 0.0444 0.6248
vn 0.9860 0.0778 0.1474
vn 0.9246 0.0900 -0.3701
vn 0.6129 0.0778 -0.7863
vn 0.1369 0.0448 -0.9896
vn -0.3740 0.0000 -0.9274
vn -0.7840 -0.0445 -0.6191
vn -0.9308 0.0104 0.3655
vn -0.9890 0.0383 -0.1426
vn -0.6272 -0.0202 0.7786
vn -0.1557 -0.0456 0.9868
vn 0.3602 -0.0586 0.9310
vn 0.7808 -0.0556 0.6224
vn 0.9891 -0.0373 0.1427
vn 0.9265 -0.0090 -0.3761
vn 0.6116 0.0217 -0.7909
vn 0.1329 0.0465 -0.9900
vn -0.3788 0.0590 -0.9236
vn -0.7879 0.0560 -0.6132
vn -0.9278 0.0714 0.3662
vn -0.9844 0.1081 -0.1385
vn -0.6281 0.0159 0.7780
vn -0.1589 -0.0442 0.9863
vn 0.3564 -0.0925 0.9297
vn 0.7766 -0.1156 0.6193
vn 0.9845 -0.1071 0.1389
vn 0.9226 -0.0693 -0.3796
vn 0.6082 -0.0126 -0.7937
vn 0.1297 0.0475 -0.9904
vn -0.3804 0.0946 -0.9200
vn -0.7858 0.1166 -0.6074
usemtl cables
s 1
f 6154/9074/3072 6166/9075/3073 6177/9076/3074 6165/9077/3075
f 6155/9078/3076 6167/9079/3077 6166/9080/3073 6154/9081/3072
f 6156/9082/3078 6168/9083/3079 6167/9079/3077 6155/9078/3076
f 6157/9084/3080 6169/9085/3081 6168/9083/3079 6156/9082/3078
f 6158/9086/3082 6170/9087/3083 6169/9085/3081 6157/9084/3080
f 6159/9088/3084 6171/9089/3085 6170/9087/3083 6158/9086/3082
f 6160/9090/3086 6172/9091/3087 6171/9089/3085 6159/9088/3084
f 6161/9092/3088 6173/9093/3089 6172/9091/3087 6160/9090/3086
f 6162/9094/3090 6174/9095/3091 6173/9093/3089 6161/9092/3088
f 6163/9096/3092 6175/9097/3093 6174/9095/3091 6162/9094/3090
f 6164/9098/3094 6176/9099/3095 6175/9097/3093 6163/9096/3092
f 6165/9077/3075 6177/9076/3074 6176/9099/3095 6164/9098/3094
f 6166/9075/3073 6178/9100/3096 6189/9101/3097 6177/9076/3074
f 6167/9079/3077 6179/9102/3098 6178/9103/3096 6166/9080/3073
f 6168/9083/3079 6180/9104/3099 6179/9102/3098 6167/9079/3077
f 6169/9085/3081 6181/9105/3100 6180/9104/3099 6168/9083/3079
f 6170/9087/3083 6182/9106/3101 6181/9105/3100 6169/9085/3081
f 6171/9089/3085 6183/9107/3102 6182/9106/3101 6170/9087/3083
f 6172/9091/3087 6184/9108/3103 6183/9107/3102 6171/9089/3085
f 6173/9093/3089 6185/9109/3104 6184/9108/3103 6172/9091/3087
f 6174/9095/3091 6186/9110/3105 6185/9109/3104 6173/9093/3089
f 6175/9097/3093 6187/9111/3106 6186/9110/3105 6174/9095/3091
f 6176/9099/3095 6188/9112/3107 6187/9111/3106 6175/9097/3093
f 6177/9076/3074 6189/9101/3097 6188/9112/3107 6176/9099/3095
f 6178/9100/3096 6190/9113/3108 6201/9114/3109 6189/9101/3097
f 6179/9102/3098 6191/9115/3110 6190/9116/3108 6178/9103/3096
f 6180/9104/3099 6192/9117/3111 6191/9115/3110 6179/9102/3098
f 6181/9105/3100 6193/9118/3112 6192/9117/3111 6180/9104/3099
f 6182/9106/3101 6194/9119/3113 6193/9118/3112 6181/9105/3100
f 6183/9107/3102 6195/9120/3114 6194/9119/3113 6182/9106/3101
f 6184/9108/3103 6196/9121/3115 6195/9120/3114 6183/9107/3102
f 6185/9109/3104 6197/9122/3116 6196/9121/3115 6184/9108/3103
f 6186/9110/3105 6198/9123/3117 6197/9122/3116 6185/9109/3104
f 6187/9111/3106 6199/9124/3118 6198/9123/3117 6186/9110/3105
f 6188/9112/3107 6200/9125/3119 6199/9124/3118 6187/9111/3106
f 6189/9101/3097 6201/9114/3109 6200/9125/3119 6188/9112/3107
f 6190/9113/3108 6202/9126/3120 6213/9127/3121 6201/9114/3109
f 6191/9115/3110 6203/9128/3122 6202/9129/3120 6190/9116/3108
f 6192/9117/3111 6204/9130/3123 6203/9128/3122 6191/9115/3110
f 6193/9118/3112 6205/9131/3124 6204/9130/3123 6192/9117/3111
f 6194/9119/3113 6206/9132/3125 6205/9131/3124 6193/9118/3112
f 6195/9120/3114 6207/9133/3126 6206/9132/3125 6194/9119/3113
f 6196/9121/3115 6208/9134/3127 6207/9133/3126 6195/9120/3114
f 6197/9122/3116 6209/9135/3128 6208/9134/3127 6196/9121/3115
f 6198/9123/3117 6210/9136/3129 6209/9135/3128 6197/9122/3116
f 6199/9124/3118 6211/9137/3130 6210/9136/3129 6198/9123/3117
f 6200/9125/3119 6212/9138/3131 6211/9137/3130 6199/9124/3118
f 6201/9114/3109 6213/9127/3121 6212/9138/3131 6200/9125/3119
f 6202/9126/3120 6214/9139/3132 6225/9140/3133 6213/9127/3121
f 6203/9128/3122 6215/9141/3134 6214/9142/3132 6202/9129/3120
f 6204/9130/3123 6216/9143/3135 6215/9141/3134 6203/9128/3122
f 6205/9131/3124 6217/9144/3136 6216/9143/3135 6204/9130/3123
f 6206/9132/3125 6218/9145/3137 6217/9144/3136 6205/9131/3124
f 6207/9133/3126 6219/9146/3138 6218/9145/3137 6206/9132/3125
f 6208/9134/3127 6220/9147/3139 6219/9146/3138 6207/9133/3126
f 6209/9135/3128 6221/9148/3140 6220/9147/3139 6208/9134/3127
f 6210/9136/3129 6222/9149/3141 6221/9148/3140 6209/9135/3128
f 6211/9137/3130 6223/9150/3142 6222/9149/3141 6210/9136/3129
f 6212/9138/3131 6224/9151/3143 6223/9150/3142 6211/9137/3130
f 6213/9127/3121 6225/9140/3133 6224/9151/3143 6212/9138/3131
f 6214/9139/3132 6226/9152/3144 6237/9153/3145 6225/9140/3133
f 6215/9141/3134 6227/9154/3146 6226/9155/3144 6214/9142/3132
f 6216/9143/3135 6228/9156/3147 6227/9154/3146 6215/9141/3134
f 6217/9144/3136 6229/9157/3148 6228/9156/3147 6216/9143/3135
f 6218/9145/3137 6230/9158/3149 6229/9157/3148 6217/9144/3136
f 6219/9146/3138 6231/9159/3150 6230/9158/3149 6218/9145/3137
f 6220/9147/3139 6232/9160/3151 6231/9159/3150 6219/9146/3138
f 6221/9148/3140 6233/9161/3152 6232/9160/3151 6220/9147/3139
f 6222/9149/3141 6234/9162/3153 6233/9161/3152 6221/9148/3140
f 6223/9150/3142 6235/9163/3154 6234/9162/3153 6222/9149/3141
f 6224/9151/3143 6236/9164/3155 6235/9163/3154 6223/9150/3142
f 6225/9140/3133 6237/9153/3145 6236/9164/3155 6224/9151/3143
f 6226/9152/3144 6238/9165/3156 6249/9166/3157 6237/9153/3145
f 6227/9154/3146 6239/9167/3158 6238/9168/3156 6226/9155/3144
f 6228/9156/3147 6240/9169/3159 6239/9167/3158 6227/9154/3146
f 6229/9157/3148 6241/9170/3160 6240/9169/3159 6228/9156/3147
f 6230/9158/3149 6242/9171/3161 6241/9170/3160 6229/9157/3148
f 6231/9159/3150 6243/9172/3162 6242/9171/3161 6230/9158/3149
f 6232/9160/3151 6244/9173/3163 6243/9172/3162 6231/9159/3150
f 6233/9161/3152 6245/9174/3164 6244/9173/3163 6232/9160/3151
f 6234/9162/3153 6246/9175/3165 6245/9174/3164 6233/9161/3152
f 6235/9163/3154 6247/9176/3166 6246/9175/3165 6234/9162/3153
f 6236/9164/3155 6248/9177/3167 6247/9176/3166 6235/9163/3154
f 6237/9153/3145 6249/9166/3157 6248/9177/3167 6236/9164/3155
f 6238/9165/3156 6250/9178/3168 6261/9179/3169 6249/9166/3157
f 6239/9167/3158 6251/9180/3170 6250/9181/3168 6238/9168/3156
f 6240/9169/3159 6252/9182/3171 6251/9180/3170 6239/9167/3158
f 6241/9170/3160 6253/9183/3172 6252/9182/3171 6240/9169/3159
f 6242/9171/3161 6254/9184/3173 6253/9183/3172 6241/9170/3160
f 6243/9172/3162 6255/9185/3174 6254/9184/3173 6242/9171/3161
f 6244/9173/3163 6256/9186/3175 6255/9185/3174 6243/9172/3162
f 6245/9174/3164 6257/9187/3176 6256/9186/3175 6244/9173/3163
f 6246/9175/3165 6258/9188/3177 6257/9187/3176 6245/9174/3164
f 6247/9176/3166 6259/9189/3178 6258/9188/3177 6246/9175/3165
f 6248/9177/3167 6260/9190/3179 6259/9189/3178 6247/9176/3166
f 6249/9166/3157 6261/9179/3169 6260/9190/3179 6248/9177/3167
f 6250/9178/3168 6262/9191/3180 6273/9192/3181 6261/9179/3169
f 6251/9180/3170 6263/9193/3182 6262/9194/3180 6250/9181/3168
f 6252/9182/3171 6264/9195/3183 6263/9193/3182 6251/9180/3170
f 6253/9183/3172 6265/9196/3184 6264/9195/3183 6252/9182/3171
f 6254/9184/3173 6266/9197/3185 6265/9196/3184 6253/9183/3172
f 6255/9185/3174 6267/9198/3186 6266/9197/3185 6254/9184/3173
f 6256/9186/3175 6268/9199/3187 6267/9198/3186 6255/9185/3174
f 6257/9187/3176 6269/9200/3188 6268/9199/3187 6256/9186/3175
f 6258/9188/3177 6270/9201/3189 6269/9200/3188 6257/9187/3176
f 6259/9189/3178 6271/9202/3190 6270/9201/3189 6258/9188/3177
f 6260/9190/3179 6272/9203/3191 6271/9202/3190 6259/9189/3178
f 6261/9179/3169 6273/9192/3181 6272/9203/3191 6260/9190/3179
f 6262/9191/3180 6274/9204/3192 6285/9205/3193 6273/9192/3181
f 6263/9193/3182 6275/9206/3194 6274/9207/3192 6262/9194/3180
f 6264/9195/3183 6276/9208/3195 6275/9206/3194 6263/9193/3182
f 6265/9196/3184 6277/9209/3196 6276/9208/3195 6264/9195/3183
f 6266/9197/3185 6278/9210/3197 6277/9209/3196 6265/9196/3184
f 6267/9198/3186 6279/9211/3198 6278/9210/3197 6266/9197/3185
f 6268/9199/3187 6280/9212/3199 6279/9211/3198 6267/9198/3186
f 6269/9200/3188 6281/9213/3200 6280/9212/3199 6268/9199/3187
f 6270/9201/3189 6282/9214/3201 6281/9213/3200 6269/9200/3188
f 6271/9202/3190 6283/9215/3202 6282/9214/3201 6270/9201/3189
f 6272/9203/3191 6284/9216/3203 6283/9215/3202 6271/9202/3190
f 6273/9192/3181 6285/9205/3193 6284/9216/3203 6272/9203/3191
f 6274/9204/3192 6286/9217/3204 6297/9218/3205 6285/9205/3193
f 6275/9206/3194 6287/9219/3206 6286/9220/3204 6274/9207/3192
f 6276/9208/3195 6288/9221/3207 6287/9219/3206 6275/9206/3194
f 6277/9209/3196 6289/9222/3208 6288/9221/3207 6276/9208/3195
f 6278/9210/3197 6290/9223/3209 6289/9222/3208 6277/9209/3196
f 6279/9211/3198 6291/9224/3210 6290/9223/3209 6278/9210/3197
f 6280/9212/3199 6292/9225/3211 6291/9224/3210 6279/9211/3198
f 6281/9213/3200 6293/9226/3212 6292/9225/3211 6280/9212/3199
f 6282/9214/3201 6294/9227/3213 6293/9226/3212 6281/9213/3200
f 6283/9215/3202 6295/9228/3214 6294/9227/3213 6282/9214/3201
f 6284/9216/3203 6296/9229/3215 6295/9228/3214 6283/9215/3202
f 6285/9205/3193 6297/9218/3205 6296/9229/3215 6284/9216/3203
f 6286/9217/3204 6298/9230/3216 6309/9231/3217 6297/9218/3205
f 6287/9219/3206 6299/9232/3218 6298/9233/3216 6286/9220/3204
f 6288/9221/3207 6300/9234/3219 6299/9232/3218 6287/9219/3206
f 6289/9222/3208 6301/9235/3220 6300/9234/3219 6288/9221/3207
f 6290/9223/3209 6302/9236/3221 6301/9235/3220 6289/9222/3208
f 6291/9224/3210 6303/9237/3222 6302/9236/3221 6290/9223/3209
f 6292/9225/3211 6304/9238/3223 6303/9237/3222 6291/9224/3210
f 6293/9226/3212 6305/9239/3224 6304/9238/3223 6292/9225/3211
f 6294/9227/3213 6306/9240/3225 6305/9239/3224 6293/9226/3212
f 6295/9228/3214 6307/9241/3226 6306/9240/3225 6294/9227/3213
f 6296/9229/3215 6308/9242/3227 6307/9241/3226 6295/9228/3214
f 6297/9218/3205 6309/9231/3217 6308/9242/3227 6296/9229/3215
f 6298/9230/3216 6310/9243/3228 6321/9244/3229 6309/9231/3217
f 6299/9232/3218 6311/9245/3230 6310/9246/3228 6298/9233/3216
f 6300/9234/3219 6312/9247/3231 6311/9245/3230 6299/9232/3218
f 6301/9235/3220 6313/9248/3232 6312/9247/3231 6300/9234/3219
f 6302/9236/3221 6314/9249/3233 6313/9248/3232 6301/9235/3220
f 6303/9237/3222 6315/9250/3234 6314/9249/3233 6302/9236/3221
f 6304/9238/3223 6316/9251/3235 6315/9250/3234 6303/9237/3222
f 6305/9239/3224 6317/9252/3236 6316/9251/3235 6304/9238/3223
f 6306/9240/3225 6318/9253/3237 6317/9252/3236 6305/9239/3224
f 6307/9241/3226 6319/9254/3238 6318/9253/3237 6306/9240/3225
f 6308/9242/3227 6320/9255/3239 6319/9254/3238 6307/9241/3226
f 6309/9231/3217 6321/9244/3229 6320/9255/3239 6308/9242/3227
f 6310/9243/3228 6322/9256/3240 6333/9257/3241 6321/9244/3229
f 6311/9245/3230 6323/9258/3242 6322/9259/3240 6310/9246/3228
f 6312/9247/3231 6324/9260/3243 6323/9258/3242 6311/9245/3230
f 6313/9248/3232 6325/9261/3244 6324/9260/3243 6312/9247/3231
f 6314/9249/3233 6326/9262/3245 6325/9261/3244 6313/9248/3232
f 6315/9250/3234 6327/9263/3246 6326/9262/3245 6314/9249/3233
f 6316/9251/3235 6328/9264/3247 6327/9263/3246 6315/9250/3234
f 6317/9252/3236 6329/9265/3248 6328/9264/3247 6316/9251/3235
f 6318/9253/3237 6330/9266/3249 6329/9265/3248 6317/9252/3236
f 6319/9254/3238 6331/9267/3250 6330/9266/3249 6318/9253/3237
f 6320/9255/3239 6332/9268/3251 6331/9267/3250 6319/9254/3238
f 6321/9244/3229 6333/9257/3241 6332/9268/3251 6320/9255/3239
f 6322/9256/3240 6334/9269/3252 6345/9270/3253 6333/9257/3241
f 6323/9258/3242 6335/9271/3254 6334/9272/3252 6322/9259/3240
f 6324/9260/3243 6336/9273/3255 6335/9271/3254 6323/9258/3242
f 6325/9261/3244 6337/9274/3256 6336/9273/3255 6324/9260/3243
f 6326/9262/3245 6338/9275/3257 6337/9274/3256 6325/9261/3244
f 6327/9263/3246 6339/9276/3258 6338/9275/3257 6326/9262/3245
f 6328/9264/3247 6340/9277/3259 6339/9276/3258 6327/9263/3246
f 6329/9265/3248 6341/9278/3260 6340/9277/3259 6328/9264/3247
f 6330/9266/3249 6342/9279/3261 6341/9278/3260 6329/9265/3248
f 6331/9267/3250 6343/9280/3262 6342/9279/3261 6330/9266/3249
f 6332/9268/3251 6344/9281/3263 6343/9280/3262 6331/9267/3250
f 6333/9257/3241 6345/9270/3253 6344/9281/3263 6332/9268/3251
f 6334/9269/3252 6346/9282/3264 6357/9283/3265 6345/9270/3253
f 6335/9271/3254 6347/9284/3266 6346/9285/3264 6334/9272/3252
f 6336/9273/3255 6348/9286/3267 6347/9284/3266 6335/9271/3254
f 6337/9274/3256 6349/9287/3268 6348/9286/3267 6336/9273/3255
f 6338/9275/3257 6350/9288/3269 6349/9287/3268 6337/9274/3256
f 6339/9276/3258 6351/9289/3270 6350/9288/3269 6338/9275/3257
f 6340/9277/3259 6352/9290/3271 6351/9289/3270 6339/9276/3258
f 6341/9278/3260 6353/9291/3272 6352/9290/3271 6340/9277/3259
f 6342/9279/3261 6354/9292/3273 6353/9291/3272 6341/9278/3260
f 6343/9280/3262 6355/9293/3274 6354/9292/3273 6342/9279/3261
f 6344/9281/3263 6356/9294/3275 6355/9293/3274 6343/9280/3262
f 6345/9270/3253 6357/9283/3265 6356/9294/3275 6344/9281/3263
f 6346/9282/3264 6358/9295/3276 6369/9296/3277 6357/9283/3265
f 6347/9284/3266 6359/9297/3278 6358/9298/3276 6346/9285/3264
f 6348/9286/3267 6360/9299/3279 6359/9297/3278 6347/9284/3266
f 6349/9287/3268 6361/9300/3280 6360/9299/3279 6348/9286/3267
f 6350/9288/3269 6362/9301/3281 6361/9300/3280 6349/9287/3268
f 6351/9289/3270 6363/9302/3282 6362/9301/3281 6350/9288/3269
f 6352/9290/3271 6364/9303/3283 6363/9302/3282 6351/9289/3270
f 6353/9291/3272 6365/9304/3284 6364/9303/3283 6352/9290/3271
f 6354/9292/3273 6366/9305/3285 6365/9304/3284 6353/9291/3272
f 6355/9293/3274 6367/9306/3286 6366/9305/3285 6354/9292/3273
f 6356/9294/3275 6368/9307/3287 6367/9306/3286 6355/9293/3274
f 6357/9283/3265 6369/9296/3277 6368/9307/3287 6356/9294/3275
f 6358/9295/3276 6370/9308/3288 6381/9309/3289 6369/9296/3277
f 6359/9297/3278 6371/9310/3290 6370/9311/3288 6358/9298/3276
f 6360/9299/3279 6372/9312/3291 6371/9310/3290 6359/9297/3278
f 6361/9300/3280 6373/9313/3292 6372/9312/3291 6360/9299/3279
f 6362/9301/3281 6374/9314/3293 6373/9313/3292 6361/9300/3280
f 6363/9302/3282 6375/9315/3294 6374/9314/3293 6362/9301/3281
f 6364/9303/3283 6376/9316/3295 6375/9315/3294 6363/9302/3282
f 6365/9304/3284 6377/9317/3296 6376/9316/3295 6364/9303/3283
f 6366/9305/3285 6378/9318/3297 6377/9317/3296 6365/9304/3284
f 6367/9306/3286 6379/9319/3298 6378/9318/3297 6366/9305/3285
f 6368/9307/3287 6380/9320/3299 6379/9319/3298 6367/9306/3286
f 6369/9296/3277 6381/9309/3289 6380/9320/3299 6368/9307/3287
f 6370/9308/3288 6382/9321/3300 6393/9322/3301 6381/9309/3289
f 6371/9310/3290 6383/9323/3302 6382/9324/3300 6370/9311/3288
f 6372/9312/3291 6384/9325/3303 6383/9323/3302 6371/9310/3290
f 6373/9313/3292 6385/9326/3304 6384/9325/3303 6372/9312/3291
f 6374/9314/3293 6386/9327/3305 6385/9326/3304 6373/9313/3292
f 6375/9315/3294 6387/9328/3306 6386/9327/3305 6374/9314/3293
f 6376/9316/3295 6388/9329/3307 6387/9328/3306 6375/9315/3294
f 6377/9317/3296 6389/9330/3308 6388/9329/3307 6376/9316/3295
f 6378/9318/3297 6390/9331/3309 6389/9330/3308 6377/9317/3296
f 6379/9319/3298 6391/9332/3310 6390/9331/3309 6378/9318/3297
f 6380/9320/3299 6392/9333/3311 6391/9332/3310 6379/9319/3298
f 6381/9309/3289 6393/9322/3301 6392/9333/3311 6380/9320/3299
f 6382/9321/3300 6394/9334/3312 6405/9335/3313 6393/9322/3301
f 6383/9323/3302 6395/9336/3314 6394/9337/3312 6382/9324/3300
f 6384/9325/3303 6396/9338/3315 6395/9336/3314 6383/9323/3302
f 6385/9326/3304 6397/9339/3316 6396/9338/3315 6384/9325/3303
f 6386/9327/3305 6398/9340/3317 6397/9339/3316 6385/9326/3304
f 6387/9328/3306 6399/9341/3318 6398/9340/3317 6386/9327/3305
f 6388/9329/3307 6400/9342/3319 6399/9341/3318 6387/9328/3306
f 6389/9330/3308 6401/9343/3320 6400/9342/3319 6388/9329/3307
f 6390/9331/3309 6402/9344/3321 6401/9343/3320 6389/9330/3308
f 6391/9332/3310 6403/9345/3322 6402/9344/3321 6390/9331/3309
f 6392/9333/3311 6404/9346/3323 6403/9345/3322 6391/9332/3310
f 6393/9322/3301 6405/9335/3313 6404/9346/3323 6392/9333/3311
f 6394/9334/3312 6406/9347/3324 6417/9348/3325 6405/9335/3313
f 6395/9336/3314 6407/9349/3326 6406/9350/3324 6394/9337/3312
f 6396/9338/3315 6408/9351/3327 6407/9349/3326 6395/9336/3314
f 6397/9339/3316 6409/9352/3328 6408/9351/3327 6396/9338/3315
f 6398/9340/3317 6410/9353/3329 6409/9352/3328 6397/9339/3316
f 6399/9341/3318 6411/9354/3330 6410/9353/3329 6398/9340/3317
f 6400/9342/3319 6412/9355/3331 6411/9354/3330 6399/9341/3318
f 6401/9343/3320 6413/9356/3332 6412/9355/3331 6400/9342/3319
f 6402/9344/3321 6414/9357/3333 6413/9356/3332 6401/9343/3320
f 6403/9345/3322 6415/9358/3334 6414/9357/3333 6402/9344/3321
f 6404/9346/3323 6416/9359/3335 6415/9358/3334 6403/9345/3322
f 6405/9335/3313 6417/9348/3325 6416/9359/3335 6404/9346/3323
f 6406/9347/3324 6418/9360/3336 6429/9361/3337 6417/9348/3325
f 6407/9349/3326 6419/9362/3338 6418/9363/3336 6406/9350/3324
f 6408/9351/3327 6420/9364/3339 6419/9362/3338 6407/9349/3326
f 6409/9352/3328 6421/9365/3340 6420/9364/3339 6408/9351/3327
f 6410/9353/3329 6422/9366/3341 6421/9365/3340 6409/9352/3328
f 6411/9354/3330 6423/9367/3342 6422/9366/3341 6410/9353/3329
f 6412/9355/3331 6424/9368/3343 6423/9367/3342 6411/9354/3330
f 6413/9356/3332 6425/9369/3344 6424/9368/3343 6412/9355/3331
f 6414/9357/3333 6426/9370/3345 6425/9369/3344 6413/9356/3332
f 6415/9358/3334 6427/9371/3346 6426/9370/3345 6414/9357/3333
f 6416/9359/3335 6428/9372/3347 6427/9371/3346 6415/9358/3334
f 6417/9348/3325 6429/9361/3337 6428/9372/3347 6416/9359/3335
f 6418/9360/3336 6430/9373/3348 6441/9374/3349 6429/9361/3337
f 6419/9362/3338 6431/9375/3350 6430/9376/3348 6418/9363/3336
f 6420/9364/3339 6432/9377/3351 6431/9375/3350 6419/9362/3338
f 6421/9365/3340 6433/9378/3352 6432/9377/3351 6420/9364/3339
f 6422/9366/3341 6434/9379/3353 6433/9378/3352 6421/9365/3340
f 6423/9367/3342 6435/9380/3354 6434/9379/3353 6422/9366/3341
f 6424/9368/3343 6436/9381/3355 6435/9380/3354 6423/9367/3342
f 6425/9369/3344 6437/9382/3356 6436/9381/3355 6424/9368/3343
f 6426/9370/3345 6438/9383/3357 6437/9382/3356 6425/9369/3344
f 6427/9371/3346 6439/9384/3358 6438/9383/3357 6426/9370/3345
f 6428/9372/3347 6440/9385/3359 6439/9384/3358 6427/9371/3346
f 6429/9361/3337 6441/9374/3349 6440/9385/3359 6428/9372/3347
f 6430/9373/3348 6442/9386/3360 6453/9387/3361 6441/9374/3349
f 6431/9375/3350 6443/9388/3362 6442/9389/3360 6430/9376/3348
f 6432/9377/3351 6444/9390/3363 6443/9388/3362 6431/9375/3350
f 6433/9378/3352 6445/9391/3364 6444/9390/3363 6432/9377/3351
f 6434/9379/3353 6446/9392/3365 6445/9391/3364 6433/9378/3352
f 6435/9380/3354 6447/9393/3366 6446/9392/3365 6434/9379/3353
f 6436/9381/3355 6448/9394/3367 6447/9393/3366 6435/9380/3354
f 6437/9382/3356 6449/9395/3368 6448/9394/3367 6436/9381/3355
f 6438/9383/3357 6450/9396/3369 6449/9395/3368 6437/9382/3356
f 6439/9384/3358 6451/9397/3370 6450/9396/3369 6438/9383/3357
f 6440/9385/3359 6452/9398/3371 6451/9397/3370 6439/9384/3358
f 6441/9374/3349 6453/9387/3361 6452/9398/3371 6440/9385/3359
f 6442/9386/3360 6454/9399/3372 6465/9400/3373 6453/9387/3361
f 6443/9388/3362 6455/9401/3374 6454/9402/3372 6442/9389/3360
f 6444/9390/3363 6456/9403/3375 6455/9401/3374 6443/9388/3362
f 6445/9391/3364 6457/9404/3376 6456/9403/3375 6444/9390/3363
f 6446/9392/3365 6458/9405/3377 6457/9404/3376 6445/9391/3364
f 6447/9393/3366 6459/9406/3378 6458/9405/3377 6446/9392/3365
f 6448/9394/3367 6460/9407/3379 6459/9406/3378 6447/9393/3366
f 6449/9395/3368 6461/9408/3380 6460/9407/3379 6448/9394/3367
f 6450/9396/3369 6462/9409/3381 6461/9408/3380 6449/9395/3368
f 6451/9397/3370 6463/9410/3382 6462/9409/3381 6450/9396/3369
f 6452/9398/3371 6464/9411/3383 6463/9410/3382 6451/9397/3370
f 6453/9387/3361 6465/9400/3373 6464/9411/3383 6452/9398/3371
f 6454/9399/3372 6466/9412/3384 6477/9413/3385 6465/9400/3373
f 6455/9401/3374 6467/9414/3386 6466/9415/3384 6454/9402/3372
f 6456/9403/3375 6468/9416/3387 6467/9414/3386 6455/9401/3374
f 6457/9404/3376 6469/9417/3388 6468/9416/3387 6456/9403/3375
f 6458/9405/3377 6470/9418/3389 6469/9417/3388 6457/9404/3376
f 6459/9406/3378 6471/9419/3390 6470/9418/3389 6458/9405/3377
f 6460/9407/3379 6472/9420/3391 6471/9419/3390 6459/9406/3378
f 6461/9408/3380 6473/9421/3392 6472/9420/3391 6460/9407/3379
f 6462/9409/3381 6474/9422/3393 6473/9421/3392 6461/9408/3380
f 6463/9410/3382 6475/9423/3394 6474/9422/3393 6462/9409/3381
f 6464/9411/3383 6476/9424/3395 6475/9423/3394 6463/9410/3382
f 6465/9400/3373 6477/9413/3385 6476/9424/3395 6464/9411/3383
f 6466/9412/3384 6478/9425/3396 6489/9426/3397 6477/9413/3385
f 6467/9414/3386 6479/9427/3398 6478/9428/3396 6466/9415/3384
f 6468/9416/3387 6480/9429/3399 6479/9427/3398 6467/9414/3386
f 6469/9417/3388 6481/9430/3400 6480/9429/3399 6468/9416/3387
f 6470/9418/3389 6482/9431/3401 6481/9430/3400 6469/9417/3388
f 6471/9419/3390 6483/9432/3402 6482/9431/3401 6470/9418/3389
f 6472/9420/3391 6484/9433/3403 6483/9432/3402 6471/9419/3390
f 6473/9421/3392 6485/9434/3404 6484/9433/3403 6472/9420/3391
f 6474/9422/3393 6486/9435/3405 6485/9434/3404 6473/9421/3392
f 6475/9423/3394 6487/9436/3406 6486/9435/3405 6474/9422/3393
f 6476/9424/3395 6488/9437/3407 6487/9436/3406 6475/9423/3394
f 6477/9413/3385 6489/9426/3397 6488/9437/3407 6476/9424/3395
f 6478/9425/3396 6490/9438/3408 6501/9439/3409 6489/9426/3397
f 6479/9427/3398 6491/9440/3410 6490/9441/3408 6478/9428/3396
f 6480/9429/3399 6492/9442/3411 6491/9440/3410 6479/9427/3398
f 6481/9430/3400 6493/9443/3412 6492/9442/3411 6480/9429/3399
f 6482/9431/3401 6494/9444/3413 6493/9443/3412 6481/9430/3400
f 6483/9432/3402 6495/9445/3414 6494/9444/3413 6482/9431/3401
f 6484/9433/3403 6496/9446/3415 6495/9445/3414 6483/9432/3402
f 6485/9434/3404 6497/9447/3416 6496/9446/3415 6484/9433/3403
f 6486/9435/3405 6498/9448/3417 6497/9447/3416 6485/9434/3404
f 6487/9436/3406 6499/9449/3418 6498/9448/3417 6486/9435/3405
f 6488/9437/3407 6500/9450/3419 6499/9449/3418 6487/9436/3406
f 6489/9426/3397 6501/9439/3409 6500/9450/3419 6488/9437/3407
f 6490/9438/3408 6502/9451/3420 6513/9452/3421 6501/9439/3409
f 6491/9440/3410 6503/9453/3422 6502/9454/3420 6490/9441/3408
f 6492/9442/3411 6504/9455/3423 6503/9453/3422 6491/9440/3410
f 6493/9443/3412 6505/9456/3424 6504/9455/3423 6492/9442/3411
f 6494/9444/3413 6506/9457/3425 6505/9456/3424 6493/9443/3412
f 6495/9445/3414 6507/9458/3426 6506/9457/3425 6494/9444/3413
f 6496/9446/3415 6508/9459/3427 6507/9458/3426 6495/9445/3414
f 6497/9447/3416 6509/9460/3428 6508/9459/3427 6496/9446/3415
f 6498/9448/3417 6510/9461/3429 6509/9460/3428 6497/9447/3416
f 6499/9449/3418 6511/9462/3430 6510/9461/3429 6498/9448/3417
f 6500/9450/3419 6512/9463/3431 6511/9462/3430 6499/9449/3418
f 6501/9439/3409 6513/9452/3421 6512/9463/3431 6500/9450/3419
f 6502/9451/3420 6514/9464/3432 6525/9465/3433 6513/9452/3421
f 6503/9453/3422 6515/9466/3434 6514/9467/3432 6502/9454/3420
f 6504/9455/3423 6516/9468/3435 6515/9466/3434 6503/9453/3422
f 6505/9456/3424 6517/9469/3436 6516/9468/3435 6504/9455/3423
f 6506/9457/3425 6518/9470/3437 6517/9469/3436 6505/9456/3424
f 6507/9458/3426 6519/9471/3438 6518/9470/3437 6506/9457/3425
f 6508/9459/3427 6520/9472/3439 6519/9471/3438 6507/9458/3426
f 6509/9460/3428 6521/9473/3440 6520/9472/3439 6508/9459/3427
f 6510/9461/3429 6522/9474/3441 6521/9473/3440 6509/9460/3428
f 6511/9462/3430 6523/9475/3442 6522/9474/3441 6510/9461/3429
f 6512/9463/3431 6524/9476/3443 6523/9475/3442 6511/9462/3430
f 6513/9452/3421 6525/9465/3433 6524/9476/3443 6512/9463/3431
f 6514/9464/3432 6526/9477/3444 6537/9478/3445 6525/9465/3433
f 6515/9466/3434 6527/9479/3446 6526/9480/3444 6514/9467/3432
f 6516/9468/3435 6528/9481/3447 6527/9479/3446 6515/9466/3434
f 6517/9469/3436 6529/9482/3448 6528/9481/3447 6516/9468/3435
f 6518/9470/3437 6530/9483/3449 6529/9482/3448 6517/9469/3436
f 6519/9471/3438 6531/9484/3450 6530/9483/3449 6518/9470/3437
f 6520/9472/3439 6532/9485/3451 6531/9484/3450 6519/9471/3438
f 6521/9473/3440 6533/9486/3452 6532/9485/3451 6520/9472/3439
f 6522/9474/3441 6534/9487/3453 6533/9486/3452 6521/9473/3440
f 6523/9475/3442 6535/9488/3454 6534/9487/3453 6522/9474/3441
f 6524/9476/3443 6536/9489/3455 6535/9488/3454 6523/9475/3442
f 6525/9465/3433 6537/9478/3445 6536/9489/3455 6524/9476/3443
f 6526/9477/3444 6538/9490/3456 6549/9491/3457 6537/9478/3445
f 6527/9479/3446 6539/9492/3458 6538/9493/3456 6526/9480/3444
f 6528/9481/3447 6540/9494/3459 6539/9492/3458 6527/9479/3446
f 6529/9482/3448 6541/9495/3460 6540/9494/3459 6528/9481/3447
f 6530/9483/3449 6542/9496/3461 6541/9495/3460 6529/9482/3448
f 6531/9484/3450 6543/9497/3462 6542/9496/3461 6530/9483/3449
f 6532/9485/3451 6544/9498/3463 6543/9497/3462 6531/9484/3450
f 6533/9486/3452 6545/9499/3464 6544/9498/3463 6532/9485/3451
f 6534/9487/3453 6546/9500/3465 6545/9499/3464 6533/9486/3452
f 6535/9488/3454 6547/9501/3466 6546/9500/3465 6534/9487/3453
f 6536/9489/3455 6548/9502/3467 6547/9501/3466 6535/9488/3454
f 6537/9478/3445 6549/9491/3457 6548/9502/3467 6536/9489/3455
f 6538/9490/3456 6550/9503/3468 6561/9504/3469 6549/9491/3457
f 6539/9492/3458 6551/9505/3470 6550/9506/3468 6538/9493/3456
f 6540/9494/3459 6552/9507/3471 6551/9505/3470 6539/9492/3458
f 6541/9495/3460 6553/9508/3472 6552/9507/3471 6540/9494/3459
f 6542/9496/3461 6554/9509/3473 6553/9508/3472 6541/9495/3460
f 6543/9497/3462 6555/9510/3474 6554/9509/3473 6542/9496/3461
f 6544/9498/3463 6556/9511/3475 6555/9510/3474 6543/9497/3462
f 6545/9499/3464 6557/9512/3476 6556/9511/3475 6544/9498/3463
f 6546/9500/3465 6558/9513/3477 6557/9512/3476 6545/9499/3464
f 6547/9501/3466 6559/9514/3478 6558/9513/3477 6546/9500/3465
f 6548/9502/3467 6560/9515/3479 6559/9514/3478 6547/9501/3466
f 6549/9491/3457 6561/9504/3469 6560/9515/3479 6548/9502/3467
f 6550/9503/3468 6562/9516/3480 6573/9517/3481 6561/9504/3469
f 6551/9505/3470 6563/9518/3482 6562/9519/3480 6550/9506/3468
f 6552/9507/3471 6564/9520/3483 6563/9518/3482 6551/9505/3470
f 6553/9508/3472 6565/9521/3484 6564/9520/3483 6552/9507/3471
f 6554/9509/3473 6566/9522/3485 6565/9521/3484 6553/9508/3472
f 6555/9510/3474 6567/9523/3486 6566/9522/3485 6554/9509/3473
f 6556/9511/3475 6568/9524/3487 6567/9523/3486 6555/9510/3474
f 6557/9512/3476 6569/9525/3488 6568/9524/3487 6556/9511/3475
f 6558/9513/3477 6570/9526/3489 6569/9525/3488 6557/9512/3476
f 6559/9514/3478 6571/9527/3490 6570/9526/3489 6558/9513/3477
f 6560/9515/3479 6572/9528/3491 6571/9527/3490 6559/9514/3478
f 6561/9504/3469 6573/9517/3481 6572/9528/3491 6560/9515/3479
f 6562/9516/3480 6574/9529/3492 6585/9530/3493 6573/9517/3481
f 6563/9518/3482 6575/9531/3494 6574/9532/3492 6562/9519/3480
f 6564/9520/3483 6576/9533/3495 6575/9531/3494 6563/9518/3482
f 6565/9521/3484 6577/9534/3496 6576/9533/3495 6564/9520/3483
f 6566/9522/3485 6578/9535/3497 6577/9534/3496 6565/9521/3484
f 6567/9523/3486 6579/9536/3498 6578/9535/3497 6566/9522/3485
f 6568/9524/3487 6580/9537/3499 6579/9536/3498 6567/9523/3486
f 6569/9525/3488 6581/9538/3500 6580/9537/3499 6568/9524/3487
f 6570/9526/3489 6582/9539/3501 6581/9538/3500 6569/9525/3488
f 6571/9527/3490 6583/9540/3502 6582/9539/3501 6570/9526/3489
f 6572/9528/3491 6584/9541/3503 6583/9540/3502 6571/9527/3490
f 6573/9517/3481 6585/9530/3493 6584/9541/3503 6572/9528/3491
f 6574/9529/3492 6586/9542/3504 6597/9543/3505 6585/9530/3493
f 6575/9531/3494 6587/9544/3506 6586/9545/3504 6574/9532/3492
f 6576/9533/3495 6588/9546/3507 6587/9544/3506 6575/9531/3494
f 6577/9534/3496 6589/9547/3508 6588/9546/3507 6576/9533/3495
f 6578/9535/3497 6590/9548/3509 6589/9547/3508 6577/9534/3496
f 6579/9536/3498 6591/9549/3510 6590/9548/3509 6578/9535/3497
f 6580/9537/3499 6592/9550/3511 6591/9549/3510 6579/9536/3498
f 6581/9538/3500 6593/9551/3512 6592/9550/3511 6580/9537/3499
f 6582/9539/3501 6594/9552/3513 6593/9551/3512 6581/9538/3500
f 6583/9540/3502 6595/9553/3514 6594/9552/3513 6582/9539/3501
f 6584/9541/3503 6596/9554/3515 6595/9553/3514 6583/9540/3502
f 6585/9530/3493 6597/9543/3505 6596/9554/3515 6584/9541/3503
f 6586/9542/3504 6598/9555/3516 6609/9556/3517 6597/9543/3505
f 6587/9544/3506 6599/9557/3518 6598/9558/3516 6586/9545/3504
f 6588/9546/3507 6600/9559/3519 6599/9557/3518 6587/9544/3506
f 6589/9547/3508 6601/9560/3520 6600/9559/3519 6588/9546/3507
f 6590/9548/3509 6602/9561/3521 6601/9560/3520 6589/9547/3508
f 6591/9549/3510 6603/9562/3522 6602/9561/3521 6590/9548/3509
f 6592/9550/3511 6604/9563/3523 6603/9562/3522 6591/9549/3510
f 6593/9551/3512 6605/9564/3524 6604/9563/3523 6592/9550/3511
f 6594/9552/3513 6606/9565/3525 6605/9564/3524 6593/9551/3512
f 6595/9553/3514 6607/9566/3526 6606/9565/3525 6594/9552/3513
f 6596/9554/3515 6608/9567/3527 6607/9566/3526 6595/9553/3514
f 6597/9543/3505 6609/9556/3517 6608/9567/3527 6596/9554/3515
f 6598/9555/3516 6610/9568/3528 6621/9569/3529 6609/9556/3517
f 6599/9557/3518 6611/9570/3530 6610/9571/3528 6598/9558/3516
f 6600/9559/3519 6612/9572/3531 6611/9570/3530 6599/9557/3518
f 6601/9560/3520 6613/9573/3532 6612/9572/3531 6600/9559/3519
f 6602/9561/3521 6614/9574/3533 6613/9573/3532 6601/9560/3520
f 6603/9562/3522 6615/9575/3534 6614/9574/3533 6602/9561/3521
f 6604/9563/3523 6616/9576/3535 6615/9575/3534 6603/9562/3522
f 6605/9564/3524 6617/9577/3536 6616/9576/3535 6604/9563/3523
f 6606/9565/3525 6618/9578/3537 6617/9577/3536 6605/9564/3524
f 6607/9566/3526 6619/9579/3538 6618/9578/3537 6606/9565/3525
f 6608/9567/3527 6620/9580/3539 6619/9579/3538 6607/9566/3526
f 6609/9556/3517 6621/9569/3529 6620/9580/3539 6608/9567/3527
f 6610/9568/3528 6622/9581/3540 6633/9582/3541 6621/9569/3529
f 6611/9570/3530 6623/9583/3542 6622/9584/3540 6610/9571/3528
f 6612/9572/3531 6624/9585/3543 6623/9583/3542 6611/9570/3530
f 6613/9573/3532 6625/9586/3544 6624/9585/3543 6612/9572/3531
f 6614/9574/3533 6626/9587/3545 6625/9586/3544 6613/9573/3532
f 6615/9575/3534 6627/9588/3546 6626/9587/3545 6614/9574/3533
f 6616/9576/3535 6628/9589/3547 6627/9588/3546 6615/9575/3534
f 6617/9577/3536 6629/9590/3548 6628/9589/3547 6616/9576/3535
f 6618/9578/3537 6630/9591/3549 6629/9590/3548 6617/9577/3536
f 6619/9579/3538 6631/9592/3550 6630/9591/3549 6618/9578/3537
f 6620/9580/3539 6632/9593/3551 6631/9592/3550 6619/9579/3538
f 6621/9569/3529 6633/9582/3541 6632/9593/3551 6620/9580/3539
f 6622/9581/3540 6634/9594/3552 6645/9595/3553 6633/9582/3541
f 6623/9583/3542 6635/9596/3554 6634/9597/3552 6622/9584/3540
f 6624/9585/3543 6636/9598/3555 6635/9596/3554 6623/9583/3542
f 6625/9586/3544 6637/9599/3556 6636/9598/3555 6624/9585/3543
f 6626/9587/3545 6638/9600/3557 6637/9599/3556 6625/9586/3544
f 6627/9588/3546 6639/9601/3558 6638/9600/3557 6626/9587/3545
f 6628/9589/3547 6640/9602/3559 6639/9601/3558 6627/9588/3546
f 6629/9590/3548 6641/9603/3560 6640/9602/3559 6628/9589/3547
f 6630/9591/3549 6642/9604/3561 6641/9603/3560 6629/9590/3548
f 6631/9592/3550 6643/9605/3562 6642/9604/3561 6630/9591/3549
f 6632/9593/3551 6644/9606/3563 6643/9605/3562 6631/9592/3550
f 6633/9582/3541 6645/9595/3553 6644/9606/3563 6632/9593/3551
f 6634/9594/3552 6646/9607/3564 6657/9608/3565 6645/9595/3553
f 6635/9596/3554 6647/9609/3566 6646/9610/3564 6634/9597/3552
f 6636/9598/3555 6648/9611/3567 6647/9609/3566 6635/9596/3554
f 6637/9599/3556 6649/9612/3568 6648/9611/3567 6636/9598/3555
f 6638/9600/3557 6650/9613/3569 6649/9612/3568 6637/9599/3556
f 6639/9601/3558 6651/9614/3570 6650/9613/3569 6638/9600/3557
f 6640/9602/3559 6652/9615/3571 6651/9614/3570 6639/9601/3558
f 6641/9603/3560 6653/9616/3572 6652/9615/3571 6640/9602/3559
f 6642/9604/3561 6654/9617/3573 6653/9616/3572 6641/9603/3560
f 6643/9605/3562 6655/9618/3574 6654/9617/3573 6642/9604/3561
f 6644/9606/3563 6656/9619/3575 6655/9618/3574 6643/9605/3562
f 6645/9595/3553 6657/9608/3565 6656/9619/3575 6644/9606/3563
f 6646/9607/3564 6658/9620/3576 6669/9621/3577 6657/9608/3565
f 6647/9609/3566 6659/9622/3578 6658/9623/3576 6646/9610/3564
f 6648/9611/3567 6660/9624/3579 6659/9622/3578 6647/9609/3566
f 6649/9612/3568 6661/9625/3580 6660/9624/3579 6648/9611/3567
f 6650/9613/3569 6662/9626/3581 6661/9625/3580 6649/9612/3568
f 6651/9614/3570 6663/9627/3582 6662/9626/3581 6650/9613/3569
f 6652/9615/3571 6664/9628/3583 6663/9627/3582 6651/9614/3570
f 6653/9616/3572 6665/9629/3584 6664/9628/3583 6652/9615/3571
f 6654/9617/3573 6666/9630/3585 6665/9629/3584 6653/9616/3572
f 6655/9618/3574 6667/9631/3586 6666/9630/3585 6654/9617/3573
f 6656/9619/3575 6668/9632/3587 6667/9631/3586 6655/9618/3574
f 6657/9608/3565 6669/9621/3577 6668/9632/3587 6656/9619/3575
f 6658/9620/3576 6670/9633/3588 6681/9634/3589 6669/9621/3577
f 6659/9622/3578 6671/9635/3590 6670/9636/3588 6658/9623/3576
f 6660/9624/3579 6672/9637/3591 6671/9635/3590 6659/9622/3578
f 6661/9625/3580 6673/9638/3592 6672/9637/3591 6660/9624/3579
f 6662/9626/3581 6674/9639/3593 6673/9638/3592 6661/9625/3580
f 6663/9627/3582 6675/9640/3594 6674/9639/3593 6662/9626/3581
f 6664/9628/3583 6676/9641/3595 6675/9640/3594 6663/9627/3582
f 6665/9629/3584 6677/9642/3596 6676/9641/3595 6664/9628/3583
f 6666/9630/3585 6678/9643/3597 6677/9642/3596 6665/9629/3584
f 6667/9631/3586 6679/9644/3598 6678/9643/3597 6666/9630/3585
f 6668/9632/3587 6680/9645/3599 6679/9644/3598 6667/9631/3586
f 6669/9621/3577 6681/9634/3589 6680/9645/3599 6668/9632/3587
f 6670/9633/3588 6682/9646/3600 6693/9647/3601 6681/9634/3589
f 6671/9635/3590 6683/9648/3602 6682/9649/3600 6670/9636/3588
f 6672/9637/3591 6684/9650/3603 6683/9648/3602 6671/9635/3590
f 6673/9638/3592 6685/9651/3604 6684/9650/3603 6672/9637/3591
f 6674/9639/3593 6686/9652/3605 6685/9651/3604 6673/9638/3592
f 6675/9640/3594 6687/9653/3606 6686/9652/3605 6674/9639/3593
f 6676/9641/3595 6688/9654/3607 6687/9653/3606 6675/9640/3594
f 6677/9642/3596 6689/9655/3608 6688/9654/3607 6676/9641/3595
f 6678/9643/3597 6690/9656/3609 6689/9655/3608 6677/9642/3596
f 6679/9644/3598 6691/9657/3610 6690/9656/3609 6678/9643/3597
f 6680/9645/3599 6692/9658/3611 6691/9657/3610 6679/9644/3598
f 6681/9634/3589 6693/9647/3601 6692/9658/3611 6680/9645/3599
f 6682/9646/3600 6694/9659/3612 6705/9660/3613 6693/9647/3601
f 6683/9648/3602 6695/9661/3614 6694/9662/3612 6682/9649/3600
f 6684/9650/3603 6696/9663/3615 6695/9661/3614 6683/9648/3602
f 6685/9651/3604 6697/9664/3616 6696/9663/3615 6684/9650/3603
f 6686/9652/3605 6698/9665/3617 6697/9664/3616 6685/9651/3604
f 6687/9653/3606 6699/9666/3618 6698/9665/3617 6686/9652/3605
f 6688/9654/3607 6700/9667/3619 6699/9666/3618 6687/9653/3606
f 6689/9655/3608 6701/9668/3620 6700/9667/3619 6688/9654/3607
f 6690/9656/3609 6702/9669/3621 6701/9668/3620 6689/9655/3608
f 6691/9657/3610 6703/9670/3622 6702/9669/3621 6690/9656/3609
f 6692/9658/3611 6704/9671/3623 6703/9670/3622 6691/9657/3610
f 6693/9647/3601 6705/9660/3613 6704/9671/3623 6692/9658/3611
f 6694/9659/3612 6706/9672/3624 6717/9673/3625 6705/9660/3613
f 6695/9661/3614 6707/9674/3626 6706/9675/3624 6694/9662/3612
f 6696/9663/3615 6708/9676/3627 6707/9674/3626 6695/9661/3614
f 6697/9664/3616 6709/9677/3628 6708/9676/3627 6696/9663/3615
f 6698/9665/3617 6710/9678/3629 6709/9677/3628 6697/9664/3616
f 6699/9666/3618 6711/9679/3630 6710/9678/3629 6698/9665/3617
f 6700/9667/3619 6712/9680/3631 6711/9679/3630 6699/9666/3618
f 6701/9668/3620 6713/9681/3632 6712/9680/3631 6700/9667/3619
f 6702/9669/3621 6714/9682/3633 6713/9681/3632 6701/9668/3620
f 6703/9670/3622 6715/9683/3634 6714/9682/3633 6702/9669/3621
f 6704/9671/3623 6716/9684/3635 6715/9683/3634 6703/9670/3622
f 6705/9660/3613 6717/9673/3625 6716/9684/3635 6704/9671/3623
f 6706/9672/3624 6718/9685/3636 6729/9686/3637 6717/9673/3625
f 6707/9674/3626 6719/9687/3638 6718/9688/3636 6706/9675/3624
f 6708/9676/3627 6720/9689/3639 6719/9687/3638 6707/9674/3626
f 6709/9677/3628 6721/9690/3640 6720/9689/3639 6708/9676/3627
f 6710/9678/3629 6722/9691/3641 6721/9690/3640 6709/9677/3628
f 6711/9679/3630 6723/9692/3642 6722/9691/3641 6710/9678/3629
f 6712/9680/3631 6724/9693/3643 6723/9692/3642 6711/9679/3630
f 6713/9681/3632 6725/9694/3644 6724/9693/3643 6712/9680/3631
f 6714/9682/3633 6726/9695/3645 6725/9694/3644 6713/9681/3632
f 6715/9683/3634 6727/9696/3646 6726/9695/3645 6714/9682/3633
f 6716/9684/3635 6728/9697/3647 6727/9696/3646 6715/9683/3634
f 6717/9673/3625 6729/9686/3637 6728/9697/3647 6716/9684/3635
f 6718/9685/3636 6730/9698/3648 6741/9699/3649 6729/9686/3637
f 6719/9687/3638 6731/9700/3650 6730/9701/3648 6718/9688/3636
f 6720/9689/3639 6732/9702/3651 6731/9700/3650 6719/9687/3638
f 6721/9690/3640 6733/9703/3652 6732/9702/3651 6720/9689/3639
f 6722/9691/3641 6734/9704/3653 6733/9703/3652 6721/9690/3640
f 6723/9692/3642 6735/9705/3654 6734/9704/3653 6722/9691/3641
f 6724/9693/3643 6736/9706/3655 6735/9705/3654 6723/9692/3642
f 6725/9694/3644 6737/9707/3656 6736/9706/3655 6724/9693/3643
f 6726/9695/3645 6738/9708/3657 6737/9707/3656 6725/9694/3644
f 6727/9696/3646 6739/9709/3658 6738/9708/3657 6726/9695/3645
f 6728/9697/3647 6740/9710/3659 6739/9709/3658 6727/9696/3646
f 6729/9686/3637 6741/9699/3649 6740/9710/3659 6728/9697/3647
o BezierCurve.007_BezierCurve.008
v 2.298786 2.927101 -12.682468
v 2.292261 2.938082 -12.691299
v 2.283348 2.942101 -12.703364
v 2.274435 2.938082 -12.715429
v 2.267910 2.927101 -12.724261
v 2.265522 2.912101 -12.727494
v 2.267910 2.897101 -12.724261
v 2.274435 2.886120 -12.715429
v 2.283348 2.882101 -12.703364
v 2.292261 2.886120 -12.691299
v 2.298786 2.897101 -12.682468
v 2.301174 2.912101 -12.679235
v 2.145608 2.926878 -12.600749
v 2.142258 2.937864 -12.611200
v 2.137710 2.941890 -12.625492
v 2.133182 2.937878 -12.639794
v 2.129888 2.926903 -12.650275
v 2.128710 2.911905 -12.654125
v 2.129964 2.896903 -12.650314
v 2.133314 2.885917 -12.639862
v 2.137863 2.881891 -12.625570
v 2.142391 2.885903 -12.611268
v 2.145685 2.896878 -12.600788
v 2.146863 2.911876 -12.596937
v 2.001225 2.926256 -12.582805
v 2.001837 2.937259 -12.593746
v 2.002735 2.941309 -12.608711
v 2.003679 2.937320 -12.623690
v 2.004416 2.926362 -12.634668
v 2.004748 2.911370 -12.638705
v 2.004586 2.896362 -12.634719
v 2.003974 2.885360 -12.623777
v 2.003076 2.881310 -12.608812
v 2.002132 2.885298 -12.593834
v 2.001395 2.896257 -12.582855
v 2.001063 2.911248 -12.578818
v 1.865334 2.925325 -12.616783
v 1.869280 2.936350 -12.626983
v 1.874760 2.940430 -12.640928
v 1.880306 2.936472 -12.654883
v 1.884432 2.925536 -12.665108
v 1.886033 2.910553 -12.668862
v 1.884679 2.895537 -12.665141
v 1.880734 2.884512 -12.654942
v 1.875254 2.880432 -12.640996
v 1.869708 2.884390 -12.627041
v 1.865581 2.895326 -12.616817
v 1.863981 2.910309 -12.613062
v 1.736116 2.924185 -12.688231
v 1.741982 2.935226 -12.697442
v 1.750101 2.939329 -12.710029
v 1.758297 2.935394 -12.722618
v 1.764375 2.924475 -12.731836
v 1.766705 2.909498 -12.735215
v 1.764664 2.894476 -12.731849
v 1.758798 2.883435 -12.722638
v 1.750679 2.879332 -12.710052
v 1.742483 2.883267 -12.697463
v 1.736405 2.894186 -12.688244
v 1.734075 2.909163 -12.684865
v 1.609135 2.922917 -12.783487
v 1.615815 2.933966 -12.792115
v 1.625051 2.938080 -12.803902
v 1.634369 2.934155 -12.815689
v 1.641272 2.923244 -12.824318
v 1.643910 2.908271 -12.827477
v 1.641577 2.893246 -12.824319
v 1.634896 2.882197 -12.815691
v 1.625660 2.878083 -12.803905
v 1.616342 2.882008 -12.792117
v 1.609439 2.892919 -12.783489
v 1.606801 2.907892 -12.780330
v 1.479782 2.921592 -12.890203
v 1.486548 2.932642 -12.898762
v 1.495902 2.936757 -12.910455
v 1.505337 2.932833 -12.922149
v 1.512324 2.921923 -12.930710
v 1.514992 2.906950 -12.933845
v 1.512626 2.891925 -12.930714
v 1.505859 2.880874 -12.922154
v 1.496505 2.876760 -12.910461
v 1.487070 2.880683 -12.898767
v 1.480083 2.891593 -12.890205
v 1.477415 2.906567 -12.887071
v 1.344039 2.920280 -12.996428
v 1.350298 2.931325 -13.005371
v 1.358952 2.935434 -13.017594
v 1.367681 2.931504 -13.029821
v 1.374147 2.920588 -13.038777
v 1.376618 2.905613 -13.042062
v 1.374430 2.890590 -13.038795
v 1.368171 2.879544 -13.029852
v 1.359517 2.875436 -13.017629
v 1.350788 2.879366 -13.005402
v 1.344322 2.890281 -12.996446
v 1.341852 2.905257 -12.993161
v 1.198318 2.919054 -13.090371
v 1.203429 2.930090 -13.100027
v 1.210501 2.934185 -13.113232
v 1.217640 2.930242 -13.126448
v 1.222932 2.919317 -13.136132
v 1.224959 2.904338 -13.139691
v 1.223179 2.889318 -13.136171
v 1.218068 2.878282 -13.126515
v 1.210996 2.874187 -13.113311
v 1.203857 2.878130 -13.100096
v 1.198565 2.889055 -13.090410
v 1.196538 2.904034 -13.086851
v 1.039131 2.917983 -13.160537
v 1.042366 2.929007 -13.170985
v 1.046854 2.933084 -13.185282
v 1.051394 2.929124 -13.199594
v 1.054769 2.918187 -13.210089
v 1.056075 2.903203 -13.213953
v 1.054961 2.888188 -13.210152
v 1.051727 2.877164 -13.199703
v 1.047238 2.873086 -13.185408
v 1.042698 2.877046 -13.171095
v 1.039323 2.887984 -13.160600
v 1.038017 2.902967 -13.156735
v 0.862533 2.917134 -13.195784
v 0.863265 2.928145 -13.206709
v 0.864307 2.932207 -13.221662
v 0.865382 2.928230 -13.236634
v 0.866201 2.917281 -13.247616
v 0.866545 2.902292 -13.251663
v 0.866321 2.887281 -13.247692
v 0.865590 2.876269 -13.236767
v 0.864547 2.872208 -13.221814
v 0.863472 2.876184 -13.206841
v 0.862653 2.887134 -13.195861
v 0.862309 2.902122 -13.191813
v 0.663743 2.916571 -13.184748
v 0.661795 2.927575 -13.195530
v 0.659148 2.931626 -13.210286
v 0.656514 2.927639 -13.225061
v 0.654597 2.916681 -13.235898
v 0.653912 2.901690 -13.239890
v 0.654641 2.886681 -13.235970
v 0.656590 2.875677 -13.225187
v 0.659236 2.871626 -13.210431
v 0.661870 2.875613 -13.195656
v 0.663787 2.886571 -13.184820
v 0.664473 2.901562 -13.180827
v 0.437871 2.916366 -13.115201
v 0.433560 2.927368 -13.125278
v 0.427664 2.931416 -13.139062
v 0.421761 2.927425 -13.152860
v 0.417434 2.916466 -13.162975
v 0.415842 2.901473 -13.166697
v 0.417412 2.886466 -13.163028
v 0.421722 2.875464 -13.152951
v 0.427619 2.871416 -13.139168
v 0.433521 2.875406 -13.125369
v 0.437848 2.886366 -13.115254
v 0.439440 2.901358 -13.111532
vt 0.000000 1.000000
vt 0.083333 1.000000
vt 0.083333 0.916667
vt 0.000000 0.916667
vt 0.000000 0.083333
vt 0.083333 0.083333
vt 0.083333 0.000000
vt 0.000000 0.000000
vt 0.000000 0.166667
vt 0.083333 0.166667
vt 0.000000 0.250000
vt 0.083333 0.250000
vt 0.000000 0.333333
vt 0.083333 0.333333
vt 0.000000 0.416667
vt 0.083333 0.416667
vt 0.000000 0.500000
vt 0.083333 0.500000
vt 0.000000 0.583333
vt 0.083333 0.583333
vt 0.000000 0.666667
vt 0.083333 0.666667
vt 0.000000 0.750000
vt 0.083333 0.750000
vt 0.000000 0.833333
vt 0.083333 0.833333
vt 0.166667 1.000000
vt 0.166667 0.916667
vt 0.166667 0.083333
vt 0.166667 0.000000
vt 0.166667 0.166667
vt 0.166667 0.250000
vt 0.166667 0.333333
vt 0.166667 0.416667
vt 0.166667 0.500000
vt 0.166667 0.583333
vt 0.166667 0.666667
vt 0.166667 0.750000
vt 0.166667 0.833333
vt 0.250000 1.000000
vt 0.250000 0.916667
vt 0.250000 0.083333
vt 0.250000 0.000000
vt 0.250000 0.166667
vt 0.250000 0.250000
vt 0.250000 0.333333
vt 0.250000 0.416667
vt 0.250000 0.500000
vt 0.250000 0.583333
vt 0.250000 0.666667
vt 0.250000 0.750000
vt 0.250000 0.833333
vt 0.333333 1.000000
vt 0.333333 0.916667
vt 0.333333 0.083333
vt 0.333333 0.000000
vt 0.333333 0.166667
vt 0.333333 0.250000
vt 0.333333 0.333333
vt 0.333333 0.416667
vt 0.333333 0.500000
vt 0.333333 0.583333
vt 0.333333 0.666667
vt 0.333333 0.750000
vt 0.333333 0.833333
vt 0.416667 1.000000
vt 0.416667 0.916667
vt 0.416667 0.083333
vt 0.416667 0.000000
vt 0.416667 0.166667
vt 0.416667 0.250000
vt 0.416667 0.333333
vt 0.416667 0.416667
vt 0.416667 0.500000
vt 0.416667 0.583333
vt 0.416667 0.666667
vt 0.416667 0.750000
vt 0.416667 0.833333
vt 0.500000 1.000000
vt 0.500000 0.916667
vt 0.500000 0.083333
vt 0.500000 0.000000
vt 0.500000 0.166667
vt 0.500000 0.250000
vt 0.500000 0.333333
vt 0.500000 0.416667
vt 0.500000 0.500000
vt 0.500000 0.583333
vt 0.500000 0.666667
vt 0.500000 0.750000
vt 0.500000 0.833333
vt 0.583333 1.000000
vt 0.583333 0.916667
vt 0.583333 0.083333
vt 0.583333 0.000000
vt 0.583333 0.166667
vt 0.583333 0.250000
vt 0.583333 0.333333
vt 0.583333 0.416667
vt 0.583333 0.500000
vt 0.583333 0.583333
vt 0.583333 0.666667
vt 0.583333 0.750000
vt 0.583333 0.833333
vt 0.666667 1.000000
vt 0.666667 0.916667
vt 0.666667 0.083333
vt 0.666667 0.000000
vt 0.666667 0.166667
vt 0.666667 0.250000
vt 0.666667 0.333333
vt 0.666667 0.416667
vt 0.666667 0.500000
vt 0.666667 0.583333
vt 0.666667 0.666667
vt 0.666667 0.750000
vt 0.666667 0.833333
vt 0.750000 1.000000
vt 0.750000 0.916667
vt 0.750000 0.083333
vt 0.750000 0.000000
vt 0.750000 0.166667
vt 0.750000 0.250000
vt 0.750000 0.333333
vt 0.750000 0.416667
vt 0.750000 0.500000
vt 0.750000 0.583333
vt 0.750000 0.666667
vt 0.750000 0.750000
vt 0.750000 0.833333
vt 0.833333 1.000000
vt 0.833333 0.916667
vt 0.833333 0.083333
vt 0.833333 0.000000
vt 0.833333 0.166667
vt 0.833333 0.250000
vt 0.833333 0.333333
vt 0.833333 0.416667
vt 0.833333 0.500000
vt 0.833333 0.583333
vt 0.833333 0.666667
vt 0.833333 0.750000
vt 0.833333 0.833333
vt 0.916667 1.000000
vt 0.916667 0.916667
vt 0.916667 0.083333
vt 0.916667 0.000000
vt 0.916667 0.166667
vt 0.916667 0.250000
vt 0.916667 0.333333
vt 0.916667 0.416667
vt 0.916667 0.500000
vt 0.916667 0.583333
vt 0.916667 0.666667
vt 0.916667 0.750000
vt 0.916667 0.833333
vt 1.000000 1.000000
vt 1.000000 0.916667
vt 1.000000 0.083333
vt 1.000000 0.000000
vt 1.000000 0.166667
vt 1.000000 0.250000
vt 1.000000 0.333333
vt 1.000000 0.416667
vt 1.000000 0.500000
vt 1.000000 0.583333
vt 1.000000 0.666667
vt 1.000000 0.750000
vt 1.000000 0.833333
vn 0.4111 0.4850 0.7718
vn 0.2624 0.4877 0.8327
vn 0.3020 -0.0002 0.9533
vn 0.4706 0.0002 0.8823
vn 0.2452 0.8525 0.4616
vn 0.1553 0.8531 0.4981
vn 0.0103 0.9997 0.0222
vn 0.0065 0.9995 0.0301
vn -0.2306 0.8737 -0.4283
vn -0.1463 0.8797 -0.4525
vn -0.4081 0.5057 -0.7601
vn -0.2611 0.5147 -0.8166
vn -0.4725 0.0002 -0.8813
vn -0.3031 0.0008 -0.9530
vn -0.4071 -0.5053 -0.7609
vn -0.2586 -0.5135 -0.8182
vn -0.2289 -0.8735 -0.4297
vn -0.1419 -0.8791 -0.4550
vn 0.0124 -0.9997 0.0206
vn 0.0116 -0.9996 0.0275
vn 0.2471 -0.8526 0.4605
vn 0.1597 -0.8534 0.4961
vn 0.4123 -0.4848 0.7714
vn 0.2649 -0.4881 0.8316
vn -0.0556 0.4864 0.8719
vn -0.0606 -0.0018 0.9982
vn -0.0364 0.8523 0.5218
vn -0.0075 0.9995 0.0320
vn 0.0243 0.8807 -0.4731
vn 0.0504 0.5164 -0.8548
vn 0.0624 0.0023 -0.9980
vn 0.0562 -0.5125 -0.8568
vn 0.0344 -0.8786 -0.4763
vn 0.0039 -0.9996 0.0287
vn -0.0268 -0.8543 0.5191
vn -0.0501 -0.4896 0.8705
vn -0.3231 0.4873 0.8112
vn -0.3662 -0.0039 0.9305
vn -0.1961 0.8546 0.4809
vn -0.0160 0.9997 0.0210
vn 0.1709 0.8771 -0.4489
vn 0.3131 0.5128 -0.7994
vn 0.3690 0.0043 -0.9294
vn 0.3216 -0.5055 -0.8006
vn 0.1854 -0.8731 -0.4510
vn 0.0005 -0.9998 0.0188
vn -0.1820 -0.8587 0.4791
vn -0.3151 -0.4942 0.8103
vn -0.4768 0.4900 0.7297
vn -0.5432 -0.0055 0.8396
vn -0.2847 0.8581 0.4274
vn -0.0158 0.9998 0.0100
vn 0.2592 0.8735 -0.4122
vn 0.4651 0.5095 -0.7240
vn 0.5445 0.0057 -0.8387
vn 0.4749 -0.4997 -0.7244
vn 0.2760 -0.8679 -0.4129
vn 0.0035 -1.0000 0.0092
vn -0.2682 -0.8637 0.4268
vn -0.4673 -0.4996 0.7294
vn -0.5412 0.4927 0.6814
vn -0.6183 -0.0063 0.7859
vn -0.3198 0.8611 0.3953
vn -0.0125 0.9999 0.0030
vn 0.2988 0.8707 -0.3907
vn 0.5301 0.5069 -0.6797
vn 0.6186 0.0063 -0.7856
vn 0.5403 -0.4960 -0.6798
vn 0.3164 -0.8644 -0.3908
vn 0.0078 -1.0000 0.0029
vn -0.3023 -0.8674 0.3952
vn -0.5311 -0.5036 0.6814
vn -0.5472 0.4953 0.6748
vn -0.6263 -0.0064 0.7795
vn -0.3209 0.8637 0.3887
vn -0.0087 1.0000 -0.0015
vn 0.3055 0.8682 -0.3910
vn 0.5377 0.5044 -0.6756
vn 0.6262 0.0063 -0.7796
vn 0.5477 -0.4934 -0.6757
vn 0.3229 -0.8618 -0.3912
vn 0.0114 -0.9999 -0.0018
vn -0.3035 -0.8700 0.3885
vn -0.5371 -0.5064 0.6747
vn -0.5056 0.4980 0.7045
vn -0.5796 -0.0060 0.8149
vn -0.2947 0.8662 0.4034
vn -0.0051 1.0000 -0.0056
vn 0.2848 0.8656 -0.4117
vn 0.4981 0.5017 -0.7072
vn 0.5792 0.0058 -0.8151
vn 0.5074 -0.4916 -0.7077
vn 0.3011 -0.8597 -0.4127
vn 0.0138 -0.9999 -0.0067
vn -0.2783 -0.8722 0.4024
vn -0.4961 -0.5084 0.7039
vn -0.4131 0.5011 0.7604
vn -0.4740 -0.0052 0.8805
vn -0.2395 0.8691 0.4329
vn -0.0021 0.9999 -0.0101
vn 0.2342 0.8629 -0.4478
vn 0.4074 0.4987 -0.7651
vn 0.4734 0.0049 -0.8809
vn 0.4155 -0.4901 -0.7663
vn 0.2484 -0.8578 -0.4500
vn 0.0144 -0.9998 -0.0128
vn -0.2251 -0.8741 0.4305
vn -0.4047 -0.5101 0.7589
vn -0.2628 0.5045 0.8225
vn -0.3013 -0.0041 0.9535
vn -0.1520 0.8719 0.4656
vn -0.0010 0.9999 -0.0150
vn 0.1488 0.8602 -0.4877
vn 0.2585 0.4957 -0.8291
vn 0.3006 0.0037 -0.9537
vn 0.2648 -0.4892 -0.8310
vn 0.1597 -0.8563 -0.4911
vn 0.0118 -0.9997 -0.0192
vn -0.1408 -0.8758 0.4617
vn -0.2562 -0.5115 0.8202
vn -0.0629 0.5068 0.8598
vn -0.0707 -0.0031 0.9975
vn -0.0377 0.8737 0.4850
vn -0.0025 0.9998 -0.0182
vn 0.0329 0.8586 -0.5117
vn 0.0594 0.4937 -0.8676
vn 0.0705 0.0026 -0.9975
vn 0.0633 -0.4891 -0.8699
vn 0.0397 -0.8558 -0.5158
vn 0.0054 -0.9997 -0.0232
vn -0.0307 -0.8765 0.4804
vn -0.0588 -0.5120 0.8570
vn 0.1509 0.5070 0.8486
vn 0.1762 -0.0023 0.9844
vn 0.0841 0.8737 0.4792
vn -0.0050 0.9998 -0.0173
vn -0.0918 0.8585 -0.5046
vn -0.1539 0.4933 -0.8561
vn -0.1759 0.0019 -0.9844
vn -0.1524 -0.4899 -0.8583
vn -0.0892 -0.8564 -0.5086
vn -0.0021 -0.9998 -0.0221
vn 0.0866 -0.8758 0.4748
vn 0.1523 -0.5110 0.8460
vn 0.2538 0.5035 0.8259
vn 0.2943 -0.0021 0.9557
vn 0.1437 0.8712 0.4694
vn -0.0054 0.9999 -0.0146
vn -0.1517 0.8580 -0.4907
vn -0.2563 0.4918 -0.8321
vn -0.2939 0.0017 -0.9558
vn -0.2560 -0.4887 -0.8341
vn -0.1512 -0.8561 -0.4943
vn -0.0049 -0.9998 -0.0189
vn 0.1441 -0.8732 0.4655
vn 0.2540 -0.5071 0.8236
usemtl cables
s 1
f 6742/9711/3660 6754/9712/3661 6765/9713/3662 6753/9714/3663
f 6743/9715/3664 6755/9716/3665 6754/9717/3661 6742/9718/3660
f 6744/9719/3666 6756/9720/3667 6755/9716/3665 6743/9715/3664
f 6745/9721/3668 6757/9722/3669 6756/9720/3667 6744/9719/3666
f 6746/9723/3670 6758/9724/3671 6757/9722/3669 6745/9721/3668
f 6747/9725/3672 6759/9726/3673 6758/9724/3671 6746/9723/3670
f 6748/9727/3674 6760/9728/3675 6759/9726/3673 6747/9725/3672
f 6749/9729/3676 6761/9730/3677 6760/9728/3675 6748/9727/3674
f 6750/9731/3678 6762/9732/3679 6761/9730/3677 6749/9729/3676
f 6751/9733/3680 6763/9734/3681 6762/9732/3679 6750/9731/3678
f 6752/9735/3682 6764/9736/3683 6763/9734/3681 6751/9733/3680
f 6753/9714/3663 6765/9713/3662 6764/9736/3683 6752/9735/3682
f 6754/9712/3661 6766/9737/3684 6777/9738/3685 6765/9713/3662
f 6755/9716/3665 6767/9739/3686 6766/9740/3684 6754/9717/3661
f 6756/9720/3667 6768/9741/3687 6767/9739/3686 6755/9716/3665
f 6757/9722/3669 6769/9742/3688 6768/9741/3687 6756/9720/3667
f 6758/9724/3671 6770/9743/3689 6769/9742/3688 6757/9722/3669
f 6759/9726/3673 6771/9744/3690 6770/9743/3689 6758/9724/3671
f 6760/9728/3675 6772/9745/3691 6771/9744/3690 6759/9726/3673
f 6761/9730/3677 6773/9746/3692 6772/9745/3691 6760/9728/3675
f 6762/9732/3679 6774/9747/3693 6773/9746/3692 6761/9730/3677
f 6763/9734/3681 6775/9748/3694 6774/9747/3693 6762/9732/3679
f 6764/9736/3683 6776/9749/3695 6775/9748/3694 6763/9734/3681
f 6765/9713/3662 6777/9738/3685 6776/9749/3695 6764/9736/3683
f 6766/9737/3684 6778/9750/3696 6789/9751/3697 6777/9738/3685
f 6767/9739/3686 6779/9752/3698 6778/9753/3696 6766/9740/3684
f 6768/9741/3687 6780/9754/3699 6779/9752/3698 6767/9739/3686
f 6769/9742/3688 6781/9755/3700 6780/9754/3699 6768/9741/3687
f 6770/9743/3689 6782/9756/3701 6781/9755/3700 6769/9742/3688
f 6771/9744/3690 6783/9757/3702 6782/9756/3701 6770/9743/3689
f 6772/9745/3691 6784/9758/3703 6783/9757/3702 6771/9744/3690
f 6773/9746/3692 6785/9759/3704 6784/9758/3703 6772/9745/3691
f 6774/9747/3693 6786/9760/3705 6785/9759/3704 6773/9746/3692
f 6775/9748/3694 6787/9761/3706 6786/9760/3705 6774/9747/3693
f 6776/9749/3695 6788/9762/3707 6787/9761/3706 6775/9748/3694
f 6777/9738/3685 6789/9751/3697 6788/9762/3707 6776/9749/3695
f 6778/9750/3696 6790/9763/3708 6801/9764/3709 6789/9751/3697
f 6779/9752/3698 6791/9765/3710 6790/9766/3708 6778/9753/3696
f 6780/9754/3699 6792/9767/3711 6791/9765/3710 6779/9752/3698
f 6781/9755/3700 6793/9768/3712 6792/9767/3711 6780/9754/3699
f 6782/9756/3701 6794/9769/3713 6793/9768/3712 6781/9755/3700
f 6783/9757/3702 6795/9770/3714 6794/9769/3713 6782/9756/3701
f 6784/9758/3703 6796/9771/3715 6795/9770/3714 6783/9757/3702
f 6785/9759/3704 6797/9772/3716 6796/9771/3715 6784/9758/3703
f 6786/9760/3705 6798/9773/3717 6797/9772/3716 6785/9759/3704
f 6787/9761/3706 6799/9774/3718 6798/9773/3717 6786/9760/3705
f 6788/9762/3707 6800/9775/3719 6799/9774/3718 6787/9761/3706
f 6789/9751/3697 6801/9764/3709 6800/9775/3719 6788/9762/3707
f 6790/9763/3708 6802/9776/3720 6813/9777/3721 6801/9764/3709
f 6791/9765/3710 6803/9778/3722 6802/9779/3720 6790/9766/3708
f 6792/9767/3711 6804/9780/3723 6803/9778/3722 6791/9765/3710
f 6793/9768/3712 6805/9781/3724 6804/9780/3723 6792/9767/3711
f 6794/9769/3713 6806/9782/3725 6805/9781/3724 6793/9768/3712
f 6795/9770/3714 6807/9783/3726 6806/9782/3725 6794/9769/3713
f 6796/9771/3715 6808/9784/3727 6807/9783/3726 6795/9770/3714
f 6797/9772/3716 6809/9785/3728 6808/9784/3727 6796/9771/3715
f 6798/9773/3717 6810/9786/3729 6809/9785/3728 6797/9772/3716
f 6799/9774/3718 6811/9787/3730 6810/9786/3729 6798/9773/3717
f 6800/9775/3719 6812/9788/3731 6811/9787/3730 6799/9774/3718
f 6801/9764/3709 6813/9777/3721 6812/9788/3731 6800/9775/3719
f 6802/9776/3720 6814/9789/3732 6825/9790/3733 6813/9777/3721
f 6803/9778/3722 6815/9791/3734 6814/9792/3732 6802/9779/3720
f 6804/9780/3723 6816/9793/3735 6815/9791/3734 6803/9778/3722
f 6805/9781/3724 6817/9794/3736 6816/9793/3735 6804/9780/3723
f 6806/9782/3725 6818/9795/3737 6817/9794/3736 6805/9781/3724
f 6807/9783/3726 6819/9796/3738 6818/9795/3737 6806/9782/3725
f 6808/9784/3727 6820/9797/3739 6819/9796/3738 6807/9783/3726
f 6809/9785/3728 6821/9798/3740 6820/9797/3739 6808/9784/3727
f 6810/9786/3729 6822/9799/3741 6821/9798/3740 6809/9785/3728
f 6811/9787/3730 6823/9800/3742 6822/9799/3741 6810/9786/3729
f 6812/9788/3731 6824/9801/3743 6823/9800/3742 6811/9787/3730
f 6813/9777/3721 6825/9790/3733 6824/9801/3743 6812/9788/3731
f 6814/9789/3732 6826/9802/3744 6837/9803/3745 6825/9790/3733
f 6815/9791/3734 6827/9804/3746 6826/9805/3744 6814/9792/3732
f 6816/9793/3735 6828/9806/3747 6827/9804/3746 6815/9791/3734
f 6817/9794/3736 6829/9807/3748 6828/9806/3747 6816/9793/3735
f 6818/9795/3737 6830/9808/3749 6829/9807/3748 6817/9794/3736
f 6819/9796/3738 6831/9809/3750 6830/9808/3749 6818/9795/3737
f 6820/9797/3739 6832/9810/3751 6831/9809/3750 6819/9796/3738
f 6821/9798/3740 6833/9811/3752 6832/9810/3751 6820/9797/3739
f 6822/9799/3741 6834/9812/3753 6833/9811/3752 6821/9798/3740
f 6823/9800/3742 6835/9813/3754 6834/9812/3753 6822/9799/3741
f 6824/9801/3743 6836/9814/3755 6835/9813/3754 6823/9800/3742
f 6825/9790/3733 6837/9803/3745 6836/9814/3755 6824/9801/3743
f 6826/9802/3744 6838/9815/3756 6849/9816/3757 6837/9803/3745
f 6827/9804/3746 6839/9817/3758 6838/9818/3756 6826/9805/3744
f 6828/9806/3747 6840/9819/3759 6839/9817/3758 6827/9804/3746
f 6829/9807/3748 6841/9820/3760 6840/9819/3759 6828/9806/3747
f 6830/9808/3749 6842/9821/3761 6841/9820/3760 6829/9807/3748
f 6831/9809/3750 6843/9822/3762 6842/9821/3761 6830/9808/3749
f 6832/9810/3751 6844/9823/3763 6843/9822/3762 6831/9809/3750
f 6833/9811/3752 6845/9824/3764 6844/9823/3763 6832/9810/3751
f 6834/9812/3753 6846/9825/3765 6845/9824/3764 6833/9811/3752
f 6835/9813/3754 6847/9826/3766 6846/9825/3765 6834/9812/3753
f 6836/9814/3755 6848/9827/3767 6847/9826/3766 6835/9813/3754
f 6837/9803/3745 6849/9816/3757 6848/9827/3767 6836/9814/3755
f 6838/9815/3756 6850/9828/3768 6861/9829/3769 6849/9816/3757
f 6839/9817/3758 6851/9830/3770 6850/9831/3768 6838/9818/3756
f 6840/9819/3759 6852/9832/3771 6851/9830/3770 6839/9817/3758
f 6841/9820/3760 6853/9833/3772 6852/9832/3771 6840/9819/3759
f 6842/9821/3761 6854/9834/3773 6853/9833/3772 6841/9820/3760
f 6843/9822/3762 6855/9835/3774 6854/9834/3773 6842/9821/3761
f 6844/9823/3763 6856/9836/3775 6855/9835/3774 6843/9822/3762
f 6845/9824/3764 6857/9837/3776 6856/9836/3775 6844/9823/3763
f 6846/9825/3765 6858/9838/3777 6857/9837/3776 6845/9824/3764
f 6847/9826/3766 6859/9839/3778 6858/9838/3777 6846/9825/3765
f 6848/9827/3767 6860/9840/3779 6859/9839/3778 6847/9826/3766
f 6849/9816/3757 6861/9829/3769 6860/9840/3779 6848/9827/3767
f 6850/9828/3768 6862/9841/3780 6873/9842/3781 6861/9829/3769
f 6851/9830/3770 6863/9843/3782 6862/9844/3780 6850/9831/3768
f 6852/9832/3771 6864/9845/3783 6863/9843/3782 6851/9830/3770
f 6853/9833/3772 6865/9846/3784 6864/9845/3783 6852/9832/3771
f 6854/9834/3773 6866/9847/3785 6865/9846/3784 6853/9833/3772
f 6855/9835/3774 6867/9848/3786 6866/9847/3785 6854/9834/3773
f 6856/9836/3775 6868/9849/3787 6867/9848/3786 6855/9835/3774
f 6857/9837/3776 6869/9850/3788 6868/9849/3787 6856/9836/3775
f 6858/9838/3777 6870/9851/3789 6869/9850/3788 6857/9837/3776
f 6859/9839/3778 6871/9852/3790 6870/9851/3789 6858/9838/3777
f 6860/9840/3779 6872/9853/3791 6871/9852/3790 6859/9839/3778
f 6861/9829/3769 6873/9842/3781 6872/9853/3791 6860/9840/3779
f 6862/9841/3780 6874/9854/3792 6885/9855/3793 6873/9842/3781
f 6863/9843/3782 6875/9856/3794 6874/9857/3792 6862/9844/3780
f 6864/9845/3783 6876/9858/3795 6875/9856/3794 6863/9843/3782
f 6865/9846/3784 6877/9859/3796 6876/9858/3795 6864/9845/3783
f 6866/9847/3785 6878/9860/3797 6877/9859/3796 6865/9846/3784
f 6867/9848/3786 6879/9861/3798 6878/9860/3797 6866/9847/3785
f 6868/9849/3787 6880/9862/3799 6879/9861/3798 6867/9848/3786
f 6869/9850/3788 6881/9863/3800 6880/9862/3799 6868/9849/3787
f 6870/9851/3789 6882/9864/3801 6881/9863/3800 6869/9850/3788
f 6871/9852/3790 6883/9865/3802 6882/9864/3801 6870/9851/3789
f 6872/9853/3791 6884/9866/3803 6883/9865/3802 6871/9852/3790
f 6873/9842/3781 6885/9855/3793 6884/9866/3803 6872/9853/3791
f 6874/9854/3792 6886/9867/3804 6897/9868/3805 6885/9855/3793
f 6875/9856/3794 6887/9869/3806 6886/9870/3804 6874/9857/3792
f 6876/9858/3795 6888/9871/3807 6887/9869/3806 6875/9856/3794
f 6877/9859/3796 6889/9872/3808 6888/9871/3807 6876/9858/3795
f 6878/9860/3797 6890/9873/3809 6889/9872/3808 6877/9859/3796
f 6879/9861/3798 6891/9874/3810 6890/9873/3809 6878/9860/3797
f 6880/9862/3799 6892/9875/3811 6891/9874/3810 6879/9861/3798
f 6881/9863/3800 6893/9876/3812 6892/9875/3811 6880/9862/3799
f 6882/9864/3801 6894/9877/3813 6893/9876/3812 6881/9863/3800
f 6883/9865/3802 6895/9878/3814 6894/9877/3813 6882/9864/3801
f 6884/9866/3803 6896/9879/3815 6895/9878/3814 6883/9865/3802
f 6885/9855/3793 6897/9868/3805 6896/9879/3815 6884/9866/3803
o BezierCurve.008_BezierCurve.009
v 0.224058 2.943118 -13.237424
v 0.230649 2.954099 -13.228641
v 0.239651 2.958118 -13.216642
v 0.248654 2.954099 -13.204645
v 0.255245 2.943118 -13.195862
v 0.257657 2.928118 -13.192647
v 0.255245 2.913118 -13.195862
v 0.248654 2.902138 -13.204645
v 0.239651 2.898118 -13.216642
v 0.230649 2.902138 -13.228641
v 0.224058 2.913118 -13.237424
v 0.221646 2.928118 -13.240639
v 0.385142 2.942582 -13.339299
v 0.390338 2.953567 -13.329631
v 0.397387 2.957592 -13.316391
v 0.404398 2.953579 -13.303129
v 0.409495 2.942604 -13.293397
v 0.411310 2.927605 -13.289804
v 0.409358 2.912604 -13.293311
v 0.404162 2.901619 -13.302979
v 0.397114 2.897593 -13.316218
v 0.390102 2.901606 -13.329480
v 0.385006 2.912582 -13.339212
v 0.383190 2.927580 -13.342806
v 0.557261 2.941100 -13.414465
v 0.561057 2.952097 -13.404179
v 0.566147 2.956139 -13.390076
v 0.571165 2.952142 -13.375933
v 0.574767 2.941179 -13.365541
v 0.575989 2.926186 -13.361686
v 0.574502 2.911181 -13.365398
v 0.570706 2.900184 -13.375685
v 0.565617 2.896142 -13.389789
v 0.560599 2.900138 -13.403931
v 0.556996 2.911101 -13.414322
v 0.555774 2.926095 -13.418178
v 0.737781 2.938866 -13.465526
v 0.740277 2.949879 -13.454865
v 0.743551 2.953943 -13.440239
v 0.746726 2.949969 -13.425567
v 0.748950 2.939023 -13.414779
v 0.749627 2.924036 -13.410767
v 0.748577 2.909025 -13.414604
v 0.746081 2.898013 -13.425264
v 0.742807 2.893949 -13.439891
v 0.739632 2.897923 -13.454563
v 0.737408 2.908869 -13.465351
v 0.736731 2.923856 -13.469363
v 0.924214 2.936074 -13.495169
v 0.925559 2.947104 -13.484321
v 0.927230 2.951191 -13.469432
v 0.928780 2.947242 -13.454494
v 0.929792 2.936313 -13.443508
v 0.929996 2.921333 -13.439418
v 0.929338 2.906317 -13.443320
v 0.927993 2.895287 -13.454169
v 0.926322 2.891199 -13.469057
v 0.924772 2.895149 -13.483995
v 0.923760 2.906078 -13.494981
v 0.923556 2.921057 -13.499071
v 1.114164 2.932913 -13.506084
v 1.114518 2.943959 -13.495175
v 1.114815 2.948069 -13.480203
v 1.114976 2.944142 -13.465179
v 1.114958 2.933230 -13.454130
v 1.114765 2.918257 -13.450016
v 1.114449 2.903235 -13.453939
v 1.114095 2.892189 -13.464849
v 1.113797 2.888079 -13.479820
v 1.113636 2.892006 -13.494844
v 1.113655 2.902918 -13.505894
v 1.113848 2.917891 -13.510008
v 1.305286 2.929571 -13.500933
v 1.304801 2.940631 -13.490043
v 1.303941 2.944762 -13.475098
v 1.302937 2.940855 -13.460101
v 1.302058 2.929958 -13.449073
v 1.301540 2.914990 -13.444966
v 1.301521 2.899963 -13.448882
v 1.302006 2.888903 -13.459772
v 1.302866 2.884772 -13.474717
v 1.303870 2.888679 -13.489713
v 1.304749 2.899576 -13.500742
v 1.305267 2.914544 -13.504848
v 1.495260 2.926235 -13.482338
v 1.494068 2.937308 -13.471516
v 1.492242 2.941455 -13.456662
v 1.490270 2.937565 -13.441758
v 1.488683 2.926680 -13.430797
v 1.487903 2.911717 -13.426715
v 1.488142 2.896685 -13.430606
v 1.489334 2.885612 -13.441428
v 1.491161 2.881465 -13.456282
v 1.493132 2.885355 -13.471186
v 1.494720 2.896240 -13.482148
v 1.495499 2.911203 -13.486230
v 1.681769 2.923090 -13.452899
v 1.679982 2.934173 -13.442168
v 1.677351 2.938334 -13.427441
v 1.674582 2.934457 -13.412660
v 1.672416 2.923582 -13.401788
v 1.671433 2.908622 -13.397738
v 1.671898 2.893587 -13.401594
v 1.673685 2.882504 -13.412325
v 1.676315 2.878344 -13.427053
v 1.679084 2.882221 -13.441833
v 1.681250 2.893095 -13.452705
v 1.682233 2.908055 -13.456756
v 1.862486 2.920323 -13.415194
v 1.860198 2.931413 -13.404567
v 1.856901 2.935584 -13.389976
v 1.853479 2.931717 -13.375331
v 1.850848 2.920849 -13.364554
v 1.849714 2.905892 -13.360536
v 1.850380 2.890853 -13.364351
v 1.852668 2.879763 -13.374977
v 1.855965 2.875592 -13.389568
v 1.859387 2.879459 -13.404214
v 1.862018 2.890327 -13.414989
v 1.863153 2.905284 -13.419008
v 2.035079 2.918118 -13.371788
v 2.032367 2.929213 -13.361267
v 2.028522 2.933390 -13.346813
v 2.024572 2.929530 -13.332299
v 2.021577 2.918667 -13.321614
v 2.020339 2.903711 -13.317621
v 2.021190 2.888670 -13.321390
v 2.023901 2.877574 -13.331911
v 2.027747 2.873397 -13.346365
v 2.031697 2.877257 -13.360879
v 2.034692 2.888121 -13.371564
v 2.035930 2.903077 -13.375557
v 2.197198 2.916659 -13.325243
v 2.194128 2.927758 -13.314824
v 2.189837 2.931939 -13.300497
v 2.185475 2.928082 -13.286101
v 2.182210 2.917221 -13.275494
v 2.180917 2.902266 -13.271516
v 2.181944 2.887223 -13.275234
v 2.185014 2.876125 -13.285653
v 2.189305 2.871943 -13.299980
v 2.193667 2.875800 -13.314376
v 2.196932 2.886661 -13.324985
v 2.198225 2.901617 -13.328961
v 2.346519 2.916132 -13.278104
v 2.343136 2.927232 -13.267783
v 2.338478 2.931414 -13.253572
v 2.333793 2.927558 -13.239277
v 2.330336 2.916698 -13.228729
v 2.329033 2.901742 -13.224755
v 2.330234 2.886699 -13.228419
v 2.333617 2.875600 -13.238740
v 2.338275 2.871418 -13.252952
v 2.342960 2.875273 -13.267246
v 2.346417 2.886134 -13.277794
v 2.347719 2.901089 -13.281768
vt 0.000000 1.000000
vt 0.083333 1.000000
vt 0.083333 0.916667
vt 0.000000 0.916667
vt 0.000000 0.083333
vt 0.083333 0.083333
vt 0.083333 0.000000
vt 0.000000 0.000000
vt 0.000000 0.166667
vt 0.083333 0.166667
vt 0.000000 0.250000
vt 0.083333 0.250000
vt 0.000000 0.333333
vt 0.083333 0.333333
vt 0.000000 0.416667
vt 0.083333 0.416667
vt 0.000000 0.500000
vt 0.083333 0.500000
vt 0.000000 0.583333
vt 0.083333 0.583333
vt 0.000000 0.666667
vt 0.083333 0.666667
vt 0.000000 0.750000
vt 0.083333 0.750000
vt 0.000000 0.833333
vt 0.083333 0.833333
vt 0.166667 1.000000
vt 0.166667 0.916667
vt 0.166667 0.083333
vt 0.166667 0.000000
vt 0.166667 0.166667
vt 0.166667 0.250000
vt 0.166667 0.333333
vt 0.166667 0.416667
vt 0.166667 0.500000
vt 0.166667 0.583333
vt 0.166667 0.666667
vt 0.166667 0.750000
vt 0.166667 0.833333
vt 0.250000 1.000000
vt 0.250000 0.916667
vt 0.250000 0.083333
vt 0.250000 0.000000
vt 0.250000 0.166667
vt 0.250000 0.250000
vt 0.250000 0.333333
vt 0.250000 0.416667
vt 0.250000 0.500000
vt 0.250000 0.583333
vt 0.250000 0.666667
vt 0.250000 0.750000
vt 0.250000 0.833333
vt 0.333333 1.000000
vt 0.333333 0.916667
vt 0.333333 0.083333
vt 0.333333 0.000000
vt 0.333333 0.166667
vt 0.333333 0.250000
vt 0.333333 0.333333
vt 0.333333 0.416667
vt 0.333333 0.500000
vt 0.333333 0.583333
vt 0.333333 0.666667
vt 0.333333 0.750000
vt 0.333333 0.833333
vt 0.416667 1.000000
vt 0.416667 0.916667
vt 0.416667 0.083333
vt 0.416667 0.000000
vt 0.416667 0.166667
vt 0.416667 0.250000
vt 0.416667 0.333333
vt 0.416667 0.416667
vt 0.416667 0.500000
vt 0.416667 0.583333
vt 0.416667 0.666667
vt 0.416667 0.750000
vt 0.416667 0.833333
vt 0.500000 1.000000
vt 0.500000 0.916667
vt 0.500000 0.083333
vt 0.500000 0.000000
vt 0.500000 0.166667
vt 0.500000 0.250000
vt 0.500000 0.333333
vt 0.500000 0.416667
vt 0.500000 0.500000
vt 0.500000 0.583333
vt 0.500000 0.666667
vt 0.500000 0.750000
vt 0.500000 0.833333
vt 0.583333 1.000000
vt 0.583333 0.916667
vt 0.583333 0.083333
vt 0.583333 0.000000
vt 0.583333 0.166667
vt 0.583333 0.250000
vt 0.583333 0.333333
vt 0.583333 0.416667
vt 0.583333 0.500000
vt 0.583333 0.583333
vt 0.583333 0.666667
vt 0.583333 0.750000
vt 0.583333 0.833333
vt 0.666667 1.000000
vt 0.666667 0.916667
vt 0.666667 0.083333
vt 0.666667 0.000000
vt 0.666667 0.166667
vt 0.666667 0.250000
vt 0.666667 0.333333
vt 0.666667 0.416667
vt 0.666667 0.500000
vt 0.666667 0.583333
vt 0.666667 0.666667
vt 0.666667 0.750000
vt 0.666667 0.833333
vt 0.750000 1.000000
vt 0.750000 0.916667
vt 0.750000 0.083333
vt 0.750000 0.000000
vt 0.750000 0.166667
vt 0.750000 0.250000
vt 0.750000 0.333333
vt 0.750000 0.416667
vt 0.750000 0.500000
vt 0.750000 0.583333
vt 0.750000 0.666667
vt 0.750000 0.750000
vt 0.750000 0.833333
vt 0.833333 1.000000
vt 0.833333 0.916667
vt 0.833333 0.083333
vt 0.833333 0.000000
vt 0.833333 0.166667
vt 0.833333 0.250000
vt 0.833333 0.333333
vt 0.833333 0.416667
vt 0.833333 0.500000
vt 0.833333 0.583333
vt 0.833333 0.666667
vt 0.833333 0.750000
vt 0.833333 0.833333
vt 0.916667 1.000000
vt 0.916667 0.916667
vt 0.916667 0.083333
vt 0.916667 0.000000
vt 0.916667 0.166667
vt 0.916667 0.250000
vt 0.916667 0.333333
vt 0.916667 0.416667
vt 0.916667 0.500000
vt 0.916667 0.583333
vt 0.916667 0.666667
vt 0.916667 0.750000
vt 0.916667 0.833333
vt 1.000000 1.000000
vt 1.000000 0.916667
vt 1.000000 0.083333
vt 1.000000 0.000000
vt 1.000000 0.166667
vt 1.000000 0.250000
vt 1.000000 0.333333
vt 1.000000 0.416667
vt 1.000000 0.500000
vt 1.000000 0.583333
vt 1.000000 0.666667
vt 1.000000 0.750000
vt 1.000000 0.833333
vn -0.4637 0.4935 -0.7358
vn -0.4050 0.4946 -0.7690
vn -0.4687 -0.0000 -0.8833
vn -0.5345 0.0004 -0.8452
vn -0.2710 0.8597 -0.4330
vn -0.2347 0.8605 -0.4522
vn -0.0048 0.9999 -0.0128
vn -0.0013 0.9999 -0.0139
vn 0.2644 0.8713 0.4135
vn 0.2337 0.8718 0.4306
vn 0.4625 0.5050 0.7287
vn 0.4065 0.5062 0.7606
vn 0.5344 0.0005 0.8452
vn 0.4686 0.0008 0.8834
vn 0.4603 -0.5042 0.7306
vn 0.4021 -0.5048 0.7638
vn 0.2606 -0.8709 0.4167
vn 0.2260 -0.8711 0.4359
vn -0.0093 -0.9999 -0.0095
vn -0.0104 -0.9999 -0.0082
vn -0.2751 -0.8596 -0.4305
vn -0.2427 -0.8607 -0.4475
vn -0.4662 -0.4930 -0.7346
vn -0.4097 -0.4947 -0.7664
vn -0.2883 0.4941 -0.8202
vn -0.3370 -0.0012 -0.9415
vn -0.1636 0.8604 -0.4826
vn 0.0050 0.9999 -0.0153
vn 0.1732 0.8717 0.4585
vn 0.2952 0.5065 0.8102
vn 0.3368 0.0019 0.9416
vn 0.2863 -0.5033 0.8153
vn 0.1579 -0.8700 0.4671
vn -0.0126 -0.9999 -0.0058
vn -0.1789 -0.8618 -0.4746
vn -0.2972 -0.4962 -0.8157
vn -0.1805 0.4934 -0.8509
vn -0.2150 -0.0027 -0.9766
vn -0.0983 0.8603 -0.5003
vn 0.0103 0.9998 -0.0153
vn 0.1167 0.8717 0.4760
vn 0.1918 0.5070 0.8403
vn 0.2149 0.0033 0.9766
vn 0.1793 -0.5014 0.8464
vn 0.0951 -0.8686 0.4863
vn -0.0145 -0.9999 -0.0037
vn -0.1198 -0.8632 -0.4905
vn -0.1929 -0.4982 -0.8453
vn -0.0857 0.4925 -0.8661
vn -0.1074 -0.0044 -0.9942
vn -0.0413 0.8600 -0.5085
vn 0.0142 0.9998 -0.0145
vn 0.0662 0.8718 0.4854
vn 0.1003 0.5076 0.8557
vn 0.1073 0.0048 0.9942
vn 0.0851 -0.4994 0.8622
vn 0.0398 -0.8672 0.4964
vn -0.0160 -0.9999 -0.0020
vn -0.0674 -0.8646 -0.4979
vn -0.1008 -0.5002 -0.8600
vn -0.0049 0.4917 -0.8707
vn -0.0153 -0.0060 -0.9999
vn 0.0069 0.8598 -0.5106
vn 0.0169 0.9998 -0.0133
vn 0.0223 0.8719 0.4891
vn 0.0217 0.5083 0.8609
vn 0.0152 0.0062 0.9999
vn 0.0046 -0.4976 0.8674
vn -0.0072 -0.8658 0.5003
vn -0.0171 -0.9999 -0.0006
vn -0.0224 -0.8659 -0.4997
vn -0.0217 -0.5021 -0.8645
vn 0.0628 0.4910 -0.8689
vn 0.0621 -0.0074 -0.9980
vn 0.0468 0.8596 -0.5088
vn 0.0183 0.9998 -0.0121
vn -0.0152 0.8721 0.4891
vn -0.0447 0.5089 0.8597
vn -0.0621 0.0075 0.9980
vn -0.0627 -0.4960 0.8661
vn -0.0464 -0.8647 0.5002
vn -0.0176 -0.9998 0.0005
vn 0.0158 -0.8671 -0.4979
vn 0.0449 -0.5038 -0.8626
vn 0.1187 0.4904 -0.8634
vn 0.1266 -0.0086 -0.9919
vn 0.0793 0.8594 -0.5050
vn 0.0186 0.9998 -0.0112
vn -0.0472 0.8722 0.4868
vn -0.1004 0.5094 0.8547
vn -0.1266 0.0086 0.9919
vn -0.1185 -0.4946 0.8610
vn -0.0785 -0.8637 0.4978
vn -0.0174 -0.9998 0.0015
vn 0.0482 -0.8681 -0.4941
vn 0.1008 -0.5053 -0.8571
vn 0.1647 0.4899 -0.8561
vn 0.1800 -0.0096 -0.9836
vn 0.1055 0.8593 -0.5004
vn 0.0180 0.9998 -0.0104
vn -0.0745 0.8723 0.4833
vn -0.1471 0.5098 0.8477
vn -0.1800 0.0094 0.9836
vn -0.1644 -0.4936 0.8540
vn -0.1044 -0.8630 0.4944
vn -0.0165 -0.9999 0.0025
vn 0.0756 -0.8689 -0.4892
vn 0.1474 -0.5064 -0.8496
vn 0.2020 0.4896 -0.8483
vn 0.2240 -0.0103 -0.9745
vn 0.1261 0.8593 -0.4957
vn 0.0164 0.9998 -0.0101
vn -0.0979 0.8723 0.4790
vn -0.1860 0.5100 0.8398
vn -0.2240 0.0099 0.9745
vn -0.2016 -0.4928 0.8465
vn -0.1250 -0.8624 0.4906
vn -0.0149 -0.9999 0.0035
vn 0.0990 -0.8696 -0.4838
vn 0.1863 -0.5074 -0.8413
vn 0.2317 0.4894 -0.8407
vn 0.2598 -0.0108 -0.9656
vn 0.1416 0.8594 -0.4914
vn 0.0136 0.9999 -0.0101
vn -0.1182 0.8723 0.4745
vn -0.2184 0.5101 0.8319
vn -0.2599 0.0103 0.9656
vn -0.2313 -0.4922 0.8392
vn -0.1406 -0.8619 0.4872
vn -0.0122 -0.9999 0.0048
vn 0.1193 -0.8701 -0.4782
vn 0.2187 -0.5081 -0.8330
vn 0.2544 0.4893 -0.8341
vn 0.2884 -0.0112 -0.9574
vn 0.1524 0.8595 -0.4879
vn 0.0095 0.9999 -0.0107
vn -0.1361 0.8722 0.4699
vn -0.2453 0.5100 0.8245
vn -0.2885 0.0104 0.9574
vn -0.2541 -0.4918 0.8328
vn -0.1514 -0.8616 0.4845
vn -0.0082 -0.9999 0.0066
vn 0.1370 -0.8706 -0.4726
vn 0.2455 -0.5087 -0.8252
vn 0.2641 0.4893 -0.8311
vn 0.3010 -0.0114 -0.9536
vn 0.1566 0.8596 -0.4864
vn 0.0070 0.9999 -0.0111
vn -0.1446 0.8720 0.4676
vn -0.2574 0.5097 0.8209
vn -0.3010 0.0104 0.9536
vn -0.2637 -0.4917 0.8299
vn -0.1556 -0.8615 0.4834
vn -0.0059 -1.0000 0.0076
vn 0.1452 -0.8708 -0.4698
vn 0.2575 -0.5090 -0.8214
usemtl cables
s 1
f 6898/9880/3816 6910/9881/3817 6921/9882/3818 6909/9883/3819
f 6899/9884/3820 6911/9885/3821 6910/9886/3817 6898/9887/3816
f 6900/9888/3822 6912/9889/3823 6911/9885/3821 6899/9884/3820
f 6901/9890/3824 6913/9891/3825 6912/9889/3823 6900/9888/3822
f 6902/9892/3826 6914/9893/3827 6913/9891/3825 6901/9890/3824
f 6903/9894/3828 6915/9895/3829 6914/9893/3827 6902/9892/3826
f 6904/9896/3830 6916/9897/3831 6915/9895/3829 6903/9894/3828
f 6905/9898/3832 6917/9899/3833 6916/9897/3831 6904/9896/3830
f 6906/9900/3834 6918/9901/3835 6917/9899/3833 6905/9898/3832
f 6907/9902/3836 6919/9903/3837 6918/9901/3835 6906/9900/3834
f 6908/9904/3838 6920/9905/3839 6919/9903/3837 6907/9902/3836
f 6909/9883/3819 6921/9882/3818 6920/9905/3839 6908/9904/3838
f 6910/9881/3817 6922/9906/3840 6933/9907/3841 6921/9882/3818
f 6911/9885/3821 6923/9908/3842 6922/9909/3840 6910/9886/3817
f 6912/9889/3823 6924/9910/3843 6923/9908/3842 6911/9885/3821
f 6913/9891/3825 6925/9911/3844 6924/9910/3843 6912/9889/3823
f 6914/9893/3827 6926/9912/3845 6925/9911/3844 6913/9891/3825
f 6915/9895/3829 6927/9913/3846 6926/9912/3845 6914/9893/3827
f 6916/9897/3831 6928/9914/3847 6927/9913/3846 6915/9895/3829
f 6917/9899/3833 6929/9915/3848 6928/9914/3847 6916/9897/3831
f 6918/9901/3835 6930/9916/3849 6929/9915/3848 6917/9899/3833
f 6919/9903/3837 6931/9917/3850 6930/9916/3849 6918/9901/3835
f 6920/9905/3839 6932/9918/3851 6931/9917/3850 6919/9903/3837
f 6921/9882/3818 6933/9907/3841 6932/9918/3851 6920/9905/3839
f 6922/9906/3840 6934/9919/3852 6945/9920/3853 6933/9907/3841
f 6923/9908/3842 6935/9921/3854 6934/9922/3852 6922/9909/3840
f 6924/9910/3843 6936/9923/3855 6935/9921/3854 6923/9908/3842
f 6925/9911/3844 6937/9924/3856 6936/9923/3855 6924/9910/3843
f 6926/9912/3845 6938/9925/3857 6937/9924/3856 6925/9911/3844
f 6927/9913/3846 6939/9926/3858 6938/9925/3857 6926/9912/3845
f 6928/9914/3847 6940/9927/3859 6939/9926/3858 6927/9913/3846
f 6929/9915/3848 6941/9928/3860 6940/9927/3859 6928/9914/3847
f 6930/9916/3849 6942/9929/3861 6941/9928/3860 6929/9915/3848
f 6931/9917/3850 6943/9930/3862 6942/9929/3861 6930/9916/3849
f 6932/9918/3851 6944/9931/3863 6943/9930/3862 6931/9917/3850
f 6933/9907/3841 6945/9920/3853 6944/9931/3863 6932/9918/3851
f 6934/9919/3852 6946/9932/3864 6957/9933/3865 6945/9920/3853
f 6935/9921/3854 6947/9934/3866 6946/9935/3864 6934/9922/3852
f 6936/9923/3855 6948/9936/3867 6947/9934/3866 6935/9921/3854
f 6937/9924/3856 6949/9937/3868 6948/9936/3867 6936/9923/3855
f 6938/9925/3857 6950/9938/3869 6949/9937/3868 6937/9924/3856
f 6939/9926/3858 6951/9939/3870 6950/9938/3869 6938/9925/3857
f 6940/9927/3859 6952/9940/3871 6951/9939/3870 6939/9926/3858
f 6941/9928/3860 6953/9941/3872 6952/9940/3871 6940/9927/3859
f 6942/9929/3861 6954/9942/3873 6953/9941/3872 6941/9928/3860
f 6943/9930/3862 6955/9943/3874 6954/9942/3873 6942/9929/3861
f 6944/9931/3863 6956/9944/3875 6955/9943/3874 6943/9930/3862
f 6945/9920/3853 6957/9933/3865 6956/9944/3875 6944/9931/3863
f 6946/9932/3864 6958/9945/3876 6969/9946/3877 6957/9933/3865
f 6947/9934/3866 6959/9947/3878 6958/9948/3876 6946/9935/3864
f 6948/9936/3867 6960/9949/3879 6959/9947/3878 6947/9934/3866
f 6949/9937/3868 6961/9950/3880 6960/9949/3879 6948/9936/3867
f 6950/9938/3869 6962/9951/3881 6961/9950/3880 6949/9937/3868
f 6951/9939/3870 6963/9952/3882 6962/9951/3881 6950/9938/3869
f 6952/9940/3871 6964/9953/3883 6963/9952/3882 6951/9939/3870
f 6953/9941/3872 6965/9954/3884 6964/9953/3883 6952/9940/3871
f 6954/9942/3873 6966/9955/3885 6965/9954/3884 6953/9941/3872
f 6955/9943/3874 6967/9956/3886 6966/9955/3885 6954/9942/3873
f 6956/9944/3875 6968/9957/3887 6967/9956/3886 6955/9943/3874
f 6957/9933/3865 6969/9946/3877 6968/9957/3887 6956/9944/3875
f 6958/9945/3876 6970/9958/3888 6981/9959/3889 6969/9946/3877
f 6959/9947/3878 6971/9960/3890 6970/9961/3888 6958/9948/3876
f 6960/9949/3879 6972/9962/3891 6971/9960/3890 6959/9947/3878
f 6961/9950/3880 6973/9963/3892 6972/9962/3891 6960/9949/3879
f 6962/9951/3881 6974/9964/3893 6973/9963/3892 6961/9950/3880
f 6963/9952/3882 6975/9965/3894 6974/9964/3893 6962/9951/3881
f 6964/9953/3883 6976/9966/3895 6975/9965/3894 6963/9952/3882
f 6965/9954/3884 6977/9967/3896 6976/9966/3895 6964/9953/3883
f 6966/9955/3885 6978/9968/3897 6977/9967/3896 6965/9954/3884
f 6967/9956/3886 6979/9969/3898 6978/9968/3897 6966/9955/3885
f 6968/9957/3887 6980/9970/3899 6979/9969/3898 6967/9956/3886
f 6969/9946/3877 6981/9959/3889 6980/9970/3899 6968/9957/3887
f 6970/9958/3888 6982/9971/3900 6993/9972/3901 6981/9959/3889
f 6971/9960/3890 6983/9973/3902 6982/9974/3900 6970/9961/3888
f 6972/9962/3891 6984/9975/3903 6983/9973/3902 6971/9960/3890
f 6973/9963/3892 6985/9976/3904 6984/9975/3903 6972/9962/3891
f 6974/9964/3893 6986/9977/3905 6985/9976/3904 6973/9963/3892
f 6975/9965/3894 6987/9978/3906 6986/9977/3905 6974/9964/3893
f 6976/9966/3895 6988/9979/3907 6987/9978/3906 6975/9965/3894
f 6977/9967/3896 6989/9980/3908 6988/9979/3907 6976/9966/3895
f 6978/9968/3897 6990/9981/3909 6989/9980/3908 6977/9967/3896
f 6979/9969/3898 6991/9982/3910 6990/9981/3909 6978/9968/3897
f 6980/9970/3899 6992/9983/3911 6991/9982/3910 6979/9969/3898
f 6981/9959/3889 6993/9972/3901 6992/9983/3911 6980/9970/3899
f 6982/9971/3900 6994/9984/3912 7005/9985/3913 6993/9972/3901
f 6983/9973/3902 6995/9986/3914 6994/9987/3912 6982/9974/3900
f 6984/9975/3903 6996/9988/3915 6995/9986/3914 6983/9973/3902
f 6985/9976/3904 6997/9989/3916 6996/9988/3915 6984/9975/3903
f 6986/9977/3905 6998/9990/3917 6997/9989/3916 6985/9976/3904
f 6987/9978/3906 6999/9991/3918 6998/9990/3917 6986/9977/3905
f 6988/9979/3907 7000/9992/3919 6999/9991/3918 6987/9978/3906
f 6989/9980/3908 7001/9993/3920 7000/9992/3919 6988/9979/3907
f 6990/9981/3909 7002/9994/3921 7001/9993/3920 6989/9980/3908
f 6991/9982/3910 7003/9995/3922 7002/9994/3921 6990/9981/3909
f 6992/9983/3911 7004/9996/3923 7003/9995/3922 6991/9982/3910
f 6993/9972/3901 7005/9985/3913 7004/9996/3923 6992/9983/3911
f 6994/9984/3912 7006/9997/3924 7017/9998/3925 7005/9985/3913
f 6995/9986/3914 7007/9999/3926 7006/10000/3924 6994/9987/3912
f 6996/9988/3915 7008/10001/3927 7007/9999/3926 6995/9986/3914
f 6997/9989/3916 7009/10002/3928 7008/10001/3927 6996/9988/3915
f 6998/9990/3917 7010/10003/3929 7009/10002/3928 6997/9989/3916
f 6999/9991/3918 7011/10004/3930 7010/10003/3929 6998/9990/3917
f 7000/9992/3919 7012/10005/3931 7011/10004/3930 6999/9991/3918
f 7001/9993/3920 7013/10006/3932 7012/10005/3931 7000/9992/3919
f 7002/9994/3921 7014/10007/3933 7013/10006/3932 7001/9993/3920
f 7003/9995/3922 7015/10008/3934 7014/10007/3933 7002/9994/3921
f 7004/9996/3923 7016/10009/3935 7015/10008/3934 7003/9995/3922
f 7005/9985/3913 7017/9998/3925 7016/10009/3935 7004/9996/3923
f 7006/9997/3924 7018/10010/3936 7029/10011/3937 7017/9998/3925
f 7007/9999/3926 7019/10012/3938 7018/10013/3936 7006/10000/3924
f 7008/10001/3927 7020/10014/3939 7019/10012/3938 7007/9999/3926
f 7009/10002/3928 7021/10015/3940 7020/10014/3939 7008/10001/3927
f 7010/10003/3929 7022/10016/3941 7021/10015/3940 7009/10002/3928
f 7011/10004/3930 7023/10017/3942 7022/10016/3941 7010/10003/3929
f 7012/10005/3931 7024/10018/3943 7023/10017/3942 7011/10004/3930
f 7013/10006/3932 7025/10019/3944 7024/10018/3943 7012/10005/3931
f 7014/10007/3933 7026/10020/3945 7025/10019/3944 7013/10006/3932
f 7015/10008/3934 7027/10021/3946 7026/10020/3945 7014/10007/3933
f 7016/10009/3935 7028/10022/3947 7027/10021/3946 7015/10008/3934
f 7017/9998/3925 7029/10011/3937 7028/10022/3947 7016/10009/3935
f 7018/10010/3936 7030/10023/3948 7041/10024/3949 7029/10011/3937
f 7019/10012/3938 7031/10025/3950 7030/10026/3948 7018/10013/3936
f 7020/10014/3939 7032/10027/3951 7031/10025/3950 7019/10012/3938
f 7021/10015/3940 7033/10028/3952 7032/10027/3951 7020/10014/3939
f 7022/10016/3941 7034/10029/3953 7033/10028/3952 7021/10015/3940
f 7023/10017/3942 7035/10030/3954 7034/10029/3953 7022/10016/3941
f 7024/10018/3943 7036/10031/3955 7035/10030/3954 7023/10017/3942
f 7025/10019/3944 7037/10032/3956 7036/10031/3955 7024/10018/3943
f 7026/10020/3945 7038/10033/3957 7037/10032/3956 7025/10019/3944
f 7027/10021/3946 7039/10034/3958 7038/10033/3957 7026/10020/3945
f 7028/10022/3947 7040/10035/3959 7039/10034/3958 7027/10021/3946
f 7029/10011/3937 7041/10024/3949 7040/10035/3959 7028/10022/3947
f 7030/10023/3948 7042/10036/3960 7053/10037/3961 7041/10024/3949
f 7031/10025/3950 7043/10038/3962 7042/10039/3960 7030/10026/3948
f 7032/10027/3951 7044/10040/3963 7043/10038/3962 7031/10025/3950
f 7033/10028/3952 7045/10041/3964 7044/10040/3963 7032/10027/3951
f 7034/10029/3953 7046/10042/3965 7045/10041/3964 7033/10028/3952
f 7035/10030/3954 7047/10043/3966 7046/10042/3965 7034/10029/3953
f 7036/10031/3955 7048/10044/3967 7047/10043/3966 7035/10030/3954
f 7037/10032/3956 7049/10045/3968 7048/10044/3967 7036/10031/3955
f 7038/10033/3957 7050/10046/3969 7049/10045/3968 7037/10032/3956
f 7039/10034/3958 7051/10047/3970 7050/10046/3969 7038/10033/3957
f 7040/10035/3959 7052/10048/3971 7051/10047/3970 7039/10034/3958
f 7041/10024/3949 7053/10037/3961 7052/10048/3971 7040/10035/3959
