0|400.000000|0.000000
1|399.000000|10.000000
2|399.000000|20.000000
3|398.000000|30.000000
4|397.000000|40.000000
5|396.000000|50.000000
6|395.000000|60.000000
7|393.000000|70.000000
8|391.000000|79.000000
9|389.000000|89.000000
10|387.000000|99.000000
11|384.000000|109.000000
12|381.000000|118.000000
13|378.000000|128.000000
14|375.000000|137.000000
15|371.000000|147.000000
16|368.000000|156.000000
17|364.000000|165.000000
18|359.000000|174.000000
19|355.000000|183.000000
20|350.000000|192.000000
21|345.000000|201.000000
22|340.000000|210.000000
23|335.000000|218.000000
24|329.000000|226.000000
25|323.000000|235.000000
26|317.000000|243.000000
27|311.000000|251.000000
28|304.000000|258.000000
29|298.000000|266.000000
30|291.000000|273.000000
31|284.000000|281.000000
32|277.000000|288.000000
33|270.000000|295.000000
34|262.000000|301.000000
35|254.000000|308.000000
36|247.000000|314.000000
37|239.000000|320.000000
38|231.000000|326.000000
39|222.000000|332.000000
40|214.000000|337.000000
41|205.000000|343.000000
42|197.000000|348.000000
43|188.000000|352.000000
44|179.000000|357.000000
45|170.000000|361.000000
46|161.000000|366.000000
47|151.000000|370.000000
48|142.000000|373.000000
49|133.000000|377.000000
50|123.000000|380.000000
51|114.000000|383.000000
52|104.000000|386.000000
53|94.000000|388.000000
54|84.000000|390.000000
55|74.000000|392.000000
56|65.000000|394.000000
57|55.000000|396.000000
58|45.000000|397.000000
59|35.000000|398.000000
60|25.000000|399.000000
61|15.000000|399.000000
62|5.000000|399.000000
63|-5.000000|399.000000
64|-15.000000|399.000000
65|-25.000000|399.000000
66|-35.000000|398.000000
67|-45.000000|397.000000
68|-55.000000|396.000000
69|-65.000000|394.000000
70|-74.000000|392.000000
71|-84.000000|390.000000
72|-94.000000|388.000000
73|-104.000000|386.000000
74|-114.000000|383.000000
75|-123.000000|380.000000
76|-133.000000|377.000000
77|-142.000000|373.000000
78|-151.000000|370.000000
79|-161.000000|366.000000
80|-170.000000|361.000000
81|-179.000000|357.000000
82|-188.000000|352.000000
83|-197.000000|348.000000
84|-205.000000|343.000000
85|-214.000000|337.000000
86|-222.000000|332.000000
87|-231.000000|326.000000
88|-239.000000|320.000000
89|-247.000000|314.000000
90|-254.000000|308.000000
91|-262.000000|301.000000
92|-270.000000|295.000000
93|-277.000000|288.000000
94|-284.000000|281.000000
95|-291.000000|273.000000
96|-298.000000|266.000000
97|-304.000000|258.000000
98|-311.000000|251.000000
99|-317.000000|243.000000
100|-323.000000|235.000000
101|-329.000000|226.000000
102|-335.000000|218.000000
103|-340.000000|210.000000
104|-345.000000|201.000000
105|-350.000000|192.000000
106|-355.000000|183.000000
107|-359.000000|174.000000
108|-364.000000|165.000000
109|-368.000000|156.000000
110|-371.000000|147.000000
111|-375.000000|137.000000
112|-378.000000|128.000000
113|-381.000000|118.000000
114|-384.000000|109.000000
115|-387.000000|99.000000
116|-389.000000|89.000000
117|-391.000000|79.000000
118|-393.000000|70.000000
119|-395.000000|60.000000
120|-396.000000|50.000000
121|-397.000000|40.000000
122|-398.000000|30.000000
123|-399.000000|20.000000
124|-399.000000|10.000000
125|-400.000000|0.000000
126|-399.000000|-10.000000
127|-399.000000|-20.000000
128|-398.000000|-30.000000
129|-397.000000|-40.000000
130|-396.000000|-50.000000
131|-395.000000|-60.000000
132|-393.000000|-70.000000
133|-391.000000|-79.000000
134|-389.000000|-89.000000
135|-387.000000|-99.000000
136|-384.000000|-109.000000
137|-381.000000|-118.000000
138|-378.000000|-128.000000
139|-375.000000|-137.000000
140|-371.000000|-147.000000
141|-368.000000|-156.000000
142|-364.000000|-165.000000
143|-359.000000|-174.000000
144|-355.000000|-183.000000
145|-350.000000|-192.000000
146|-345.000000|-201.000000
147|-340.000000|-210.000000
148|-335.000000|-218.000000
149|-329.000000|-226.000000
150|-323.000000|-235.000000
151|-317.000000|-243.000000
152|-311.000000|-251.000000
153|-304.000000|-258.000000
154|-298.000000|-266.000000
155|-291.000000|-273.000000
156|-284.000000|-281.000000
157|-277.000000|-288.000000
158|-270.000000|-295.000000
159|-262.000000|-301.000000
160|-254.000000|-308.000000
161|-247.000000|-314.000000
162|-239.000000|-320.000000
163|-231.000000|-326.000000
164|-222.000000|-332.000000
165|-214.000000|-337.000000
166|-205.000000|-343.000000
167|-197.000000|-348.000000
168|-188.000000|-352.000000
169|-179.000000|-357.000000
170|-170.000000|-361.000000
171|-161.000000|-366.000000
172|-151.000000|-370.000000
173|-142.000000|-373.000000
174|-133.000000|-377.000000
175|-123.000000|-380.000000
176|-114.000000|-383.000000
177|-104.000000|-386.000000
178|-94.000000|-388.000000
179|-84.000000|-390.000000
180|-74.000000|-392.000000
181|-65.000000|-394.000000
182|-55.000000|-396.000000
183|-45.000000|-397.000000
184|-35.000000|-398.000000
185|-25.000000|-399.000000
186|-15.000000|-399.000000
187|-5.000000|-399.000000
188|5.000000|-399.000000
189|15.000000|-399.000000
190|25.000000|-399.000000
191|35.000000|-398.000000
192|45.000000|-397.000000
193|55.000000|-396.000000
194|65.000000|-394.000000
195|74.000000|-392.000000
196|84.000000|-390.000000
197|94.000000|-388.000000
198|104.000000|-386.000000
199|114.000000|-383.000000
200|123.000000|-380.000000
201|133.000000|-377.000000
202|142.000000|-373.000000
203|151.000000|-370.000000
204|161.000000|-366.000000
205|170.000000|-361.000000
206|179.000000|-357.000000
207|188.000000|-352.000000
208|197.000000|-348.000000
209|205.000000|-343.000000
210|214.000000|-337.000000
211|222.000000|-332.000000
212|231.000000|-326.000000
213|239.000000|-320.000000
214|247.000000|-314.000000
215|254.000000|-308.000000
216|262.000000|-301.000000
217|270.000000|-295.000000
218|277.000000|-288.000000
219|284.000000|-281.000000
220|291.000000|-273.000000
221|298.000000|-266.000000
222|304.000000|-258.000000
223|311.000000|-251.000000
224|317.000000|-243.000000
225|323.000000|-235.000000
226|329.000000|-226.000000
227|335.000000|-218.000000
228|340.000000|-210.000000
229|345.000000|-201.000000
230|350.000000|-192.000000
231|355.000000|-183.000000
232|359.000000|-174.000000
233|364.000000|-165.000000
234|368.000000|-156.000000
235|371.000000|-147.000000
236|375.000000|-137.000000
237|378.000000|-128.000000
238|381.000000|-118.000000
239|384.000000|-109.000000
240|387.000000|-99.000000
241|389.000000|-89.000000
242|391.000000|-79.000000
243|393.000000|-70.000000
244|395.000000|-60.000000
245|396.000000|-50.000000
246|397.000000|-40.000000
247|398.000000|-30.000000
248|399.000000|-20.000000
249|399.000000|-10.000000

0|3|20.929273578511573
0|6|69.82513861114036
0|7|134.8699637204245
0|8|1.050719826661183
0|10|6.930606346461437
0|11|7.8129725278194435
0|12|1.2631234642780227
0|13|4.768720206500979
0|14|0.6172212115810854
0|16|1.3497113622329369
0|24|0.38525441934704713
0|28|0.1430810375463248
0|29|0.13347251779396058
0|30|0.5413887846905762
0|32|0.4467660020530707
0|37|0.49560131885935305
0|38|0.36443977111617515
0|39|0.6057574909981488
0|40|0.5460937230457444
0|41|0.3709452457222195
0|43|0.3020852601914773
0|45|0.19868811120526586
0|58|0.1878965169175054
0|60|0.09066779498040707
0|62|0.07805456136507326
0|92|3.302107838845177
0|93|1.687476457755006
0|95|0.9901143186941345
0|97|0.8842133804528329
0|99|4.287417536112365
0|100|6.590057102383314
0|101|1.9590309975344085
0|102|2.1446100741782343
0|103|5.810045788996862
0|104|6.772817557717621
0|105|6.813396765323592
0|106|5.48754496988593
0|107|4.25719278071382
0|108|1.4887358705717169
0|110|0.5868106620064547
0|111|2.610875480394729
0|112|2.0760047912375867
0|113|2.6292269636775556
0|114|2.1216252762195813
0|115|2.190064462805305
0|116|1.7844185635507608
0|117|2.390433314140244
0|118|4.0236692878955
0|119|4.228923095923654
0|120|1.5584798008883605
0|121|0.9642959604532343
0|123|1.9088608344368325
0|124|0.7376784940170422
0|125|1.050836143174394
0|128|3.915872827604521
0|129|1.8067964233593896
0|130|2.909765077720586
0|131|3.6861692256308545
0|132|3.522590821344447
0|133|2.7797807195585693
0|134|2.2907196499854736
0|135|2.7675264180214145
0|136|4.57699131575234
0|137|4.172975841596567
0|138|3.489025245279458
0|139|4.436454000637296
0|140|4.83555406025319
0|141|6.403692860048996
0|142|6.250305830591565
0|143|6.320823018768522
0|144|4.570458946527009
0|145|3.3607867637996733
0|146|2.827194666082765
0|147|2.7036492227459656
0|148|3.4433506663654967
0|149|3.056453315213371
0|150|4.078336489880118
0|151|5.764489562610426
0|152|6.045223825587672
0|153|6.488018216626611
0|154|6.272183640105184
0|155|6.313030485957349
0|156|5.7148849329689595
0|157|5.37459359857275
0|158|6.235989067014803
0|159|7.174074965264237
0|160|6.874180553987297
0|161|5.083696702433952
0|162|3.5180158663479264
0|163|2.2973356353028707
0|164|1.9781108454027714
0|167|2.5557756444447257
0|168|5.65208665404515
0|203|0.3691863867938253
0|211|0.5544969414449397
0|216|0.378522021529367
0|222|0.658226717745992
0|225|0.6278759388095463
0|227|1.0233751636811022
0|228|0.327669265960648
0|229|0.4725915686500409
0|230|1.3691774676250614
0|233|0.7144815568245088
0|235|0.27177248827480927
0|240|3.1601711503585013
0|242|0.16522840927962448
0|243|86.56113931314546
0|246|34.96981869076604
0|247|4.903462340104113
1|3|130.56443720978552
1|4|24.092675970919156
1|8|0.4847220283051636
1|9|16.723117193586617
1|12|9.43328409562495
1|15|5.678268469661272
1|17|3.8662331121418334
1|18|3.1842022058250854
1|19|2.51593188939961
1|20|1.3341943037996251
1|21|1.8070748897921824
1|22|2.596442240160282
1|23|1.628983665643212
1|24|1.7202675370998772
1|25|0.34527982752696346
1|26|0.185156746629307
1|27|0.5812726437256942
1|28|1.5644762658623652
1|29|0.12677606184104018
1|30|0.8908761368190223
1|31|1.318195888383555
1|32|0.43488305427741764
1|34|0.09875809871219736
1|35|0.5039952827131984
1|36|0.05310491333315739
1|37|0.8926967239391551
1|38|0.828681406635154
1|39|0.731389664085371
1|40|0.4589742975116953
1|41|0.8233973842745455
1|42|0.6113150330387538
1|43|0.26936381046499985
1|44|0.2628831616184843
1|45|0.17690390532394812
1|47|0.11596358708554756
1|48|0.08674920608724443
1|49|0.30704591315736096
1|50|0.20367129713795448
1|51|0.43405449355262343
1|52|0.22533306010503815
1|55|0.48975400955575266
1|56|0.3775967923504121
1|58|0.1408335854481692
1|61|0.14709600298732523
1|63|0.03268062795185922
1|93|5.385479956450209
1|94|0.7794472605559458
1|96|0.7596866816523306
1|100|7.901598427480331
1|101|5.122629049932005
1|102|1.770877644272649
1|103|4.212715456302189
1|104|6.545611972101492
1|105|7.709487967186758
1|106|6.296234800137473
1|107|4.532202797701346
1|108|2.11984634184911
1|109|0.33716469290056916
1|111|3.099211766246518
1|112|3.245769456297148
1|113|2.6757752792749128
1|114|3.2550618957906363
1|115|1.2877335269785595
1|116|2.601704449297187
1|117|2.3616963447831294
1|118|3.0141285295706592
1|119|5.075804874901299
1|120|5.5871418738575045
1|121|1.3675259513180302
1|122|1.937324888604184
1|123|0.25955136177071586
1|124|2.258633760823659
1|125|1.1068144251298426
1|126|0.688681168556075
1|129|2.722412563025165
1|130|3.003474608501738
1|131|3.5293260953502648
1|132|3.348629771556896
1|133|2.9699985434947886
1|134|2.620332089416713
1|135|2.539672504875645
1|136|2.883032397010766
1|137|3.3055320593048765
1|138|3.6171947237644706
1|139|3.4917628363436166
1|140|4.05553400773433
1|141|5.785039948722154
1|142|6.57758698284123
1|143|6.178250731782173
1|144|6.707748570004673
1|145|5.775137259819218
1|146|3.884786462358732
1|147|3.2955022267322978
1|148|2.9748750980838117
1|149|3.4995229547713
1|150|2.9788221884733908
1|151|4.27053156576879
1|152|6.580979408256148
1|153|7.33014147134842
1|154|6.777930072072737
1|155|6.97309323803123
1|156|6.564885781504073
1|157|6.785515647581778
1|158|6.057127516772323
1|159|5.209426692614867
1|160|7.016893041961324
1|161|6.4028160616728025
1|162|4.213204920008504
1|163|3.0002816288989087
1|164|2.4340328350165406
1|165|2.788371887853255
1|166|1.3719379246627916
1|169|3.2008016222105207
1|170|3.869753725938177
1|196|0.05892750008721986
1|205|0.5672944656350207
1|220|0.9463265323858309
1|223|0.43884774878718263
1|224|0.20861489035821637
1|241|0.13791346600462173
1|242|1.8237782791259542
1|244|41.302348936679905
1|247|114.57467577697278
2|4|55.832869882457885
2|5|55.03838560966667
2|6|114.49072387053303
2|8|3.229227959063907
2|10|0.08876688729445208
2|11|4.192496165786183
2|12|5.329819868126714
2|13|0.8052125397689112
2|28|0.03191400450487646
2|54|0.2471726028422878
2|94|5.582213236419509
2|95|0.11353412069654094
2|97|0.5692465990695075
2|100|0.7186765539174355
2|101|9.99518051892566
2|102|3.8208969118659186
2|103|1.8291382121106687
2|104|5.3716821775325645
2|105|7.4453618129181685
2|106|6.8436334706540025
2|107|4.592451616402142
2|108|4.037564389831513
2|109|0.29081511814107297
2|111|2.0209824536318726
2|112|3.293172162455124
2|113|1.908335366726761
2|114|2.137207576707115
2|115|2.225745197554226
2|116|1.0761551935205247
2|117|1.9399170554746632
2|118|2.391899300866683
2|119|4.49847228450917
2|120|5.615118938472687
2|121|2.779998308218089
2|122|1.2460490485517568
2|123|1.9649401319588988
2|124|0.9119541830129827
2|125|1.2838202542133708
2|126|0.4808858349029384
2|130|2.7724004564037807
2|131|2.0558700395277256
2|132|1.996446584556926
2|133|3.2776161792009337
2|134|3.7881734746468134
2|135|3.1826305506725916
2|136|3.1024076766629025
2|137|1.6835153336752535
2|138|2.7499344321931276
2|139|4.291290627505542
2|140|2.399381586536879
2|141|3.317903452614152
2|142|6.509667214465014
2|143|6.513652603324964
2|144|6.467041278007409
2|145|6.551348224771894
2|146|4.416798647863479
2|147|4.136431873122974
2|148|3.353145084256018
2|149|3.626547705741119
2|150|3.1843513300240254
2|151|4.151400754529843
2|152|5.934778639517526
2|153|6.019177319826747
2|154|6.838581779059921
2|155|7.791825209548548
2|156|6.541154887043374
2|157|6.296775658273626
2|158|5.881342768290754
2|159|5.768196199272271
2|160|4.903284422267166
2|161|5.526743998860463
2|162|2.9662891476630517
2|163|4.393136598366775
2|164|2.143886522143075
2|165|4.1720488693854865
2|166|2.2644848791516865
2|167|1.7155578599405614
2|168|0.400362870283057
2|170|0.4547371993578647
2|171|4.582576541253837
2|207|0.17487233888229692
2|210|0.08733347663045693
2|213|0.4220732608918224
2|215|0.27135023147807574
2|216|0.03807009353452848
2|219|0.6445209859793576
2|220|0.5292570153129162
2|222|0.08946113807984585
2|225|0.5328001382849645
2|226|0.030182433955827415
2|228|0.7315889794620493
2|229|0.8508553699646609
2|230|1.1090832663305923
2|232|1.3112232709533689
2|233|2.573257981031864
2|234|0.4234202284577639
2|235|1.9257126281828676
2|236|2.4223347563660735
2|237|1.8414270530561903
2|238|2.937544834875982
2|239|2.9796540797403326
2|240|0.03101179308467691
2|243|7.438355936168247
2|246|11.582861203040867
2|248|123.92605325306783
2|249|22.33849383692801
3|7|10.690454886435605
3|8|13.683504567890411
3|9|16.808630164969145
3|11|5.178567072592847
3|12|12.357920762310295
3|14|4.110609641326334
3|15|4.188411521287493
3|16|1.2541372359177079
3|17|1.1846268155805826
3|18|2.7927859522149205
3|20|0.30546302548873844
3|21|0.9265093781230173
3|22|1.8919258415018048
3|24|0.3326038110873288
3|27|0.34390997962778863
3|28|1.9956336102895813
3|29|0.06679481594405878
3|34|0.8643053054671398
3|37|1.2386972733770418
3|39|0.18668426629388934
3|40|0.04895697448179805
3|42|0.412077551601117
3|44|0.5270479548444891
3|46|0.04233734125694551
3|47|0.3734728169503999
3|48|0.32101654604749813
3|49|0.09699355457238001
3|50|0.29841953653896736
3|53|0.30901709953011247
3|54|0.20074422919358428
3|95|4.297970769036346
3|101|1.0222227491398337
3|102|9.517899732483102
3|103|3.7356825537705296
3|104|2.6417342560913957
3|105|6.624716700187419
3|106|6.741854477127814
3|107|6.273283584395246
3|108|4.199262520315362
3|109|2.849971238775674
3|110|0.031789767649518144
3|111|0.28970175647707136
3|112|2.5799410453431
3|113|2.17939084777584
3|114|1.4195266731909515
3|115|3.4659531410830042
3|116|2.5381752793018397
3|117|1.3125522166578243
3|118|1.426894456799954
3|119|2.4398630570008235
3|120|6.214114193776578
3|121|6.7600292968647056
3|122|2.486850471201389
3|123|1.911078169775029
3|124|1.5779596371542934
3|125|2.5978921268193713
3|126|1.600725898263466
3|130|2.126597703904253
3|131|3.127339667673481
3|132|2.9264950187458423
3|133|1.7414939511542071
3|134|3.663972086676268
3|135|3.6842901052973334
3|136|3.545751149638064
3|137|2.470669907467393
3|138|1.6818887187272122
3|139|2.636548179650821
3|140|2.6337250229014706
3|141|2.4236168836255203
3|142|3.6512667357417676
3|143|6.633544091605915
3|144|6.742285007605948
3|145|6.8017595085757945
3|146|7.22823034091154
3|147|4.495118303445738
3|148|3.196006120835425
3|149|4.083425967535847
3|150|4.236764399018328
3|151|3.619825894588643
3|152|4.444488287866946
3|153|5.571614211270453
3|154|5.7157846340364875
3|155|7.252322316725405
3|156|7.143272190253186
3|157|6.577136654238536
3|158|7.627645861602803
3|159|6.711331173824715
3|160|5.584966504445542
3|161|4.565832614007127
3|162|4.820689027415474
3|163|3.0430377849489996
3|164|2.0500861806446022
3|165|2.1192543866567983
3|166|3.143165359076737
3|167|3.3262262685514363
3|168|2.0290209786071407
3|169|1.7064739899878791
3|172|1.4419773981503015
3|173|5.108786301521489
3|194|0.8199248733091711
3|210|0.540572186992337
3|211|0.0263506693541227
3|219|0.29103372956850865
3|222|1.0507592381921806
3|227|1.4323469013406918
3|229|0.8240493542725309
3|231|0.6235210340494773
3|233|0.7836515502920112
3|242|4.4911568405660915
3|243|9.747695569624643
3|244|9.034980384040331
3|245|50.25411719232056
3|246|15.368938094336226
4|6|11.654294453023015
4|7|12.996263514426921
4|11|0.2808543346107383
4|13|4.028210283648123
4|14|6.678754847271566
4|15|2.9179653253920925
4|17|0.2767105826767775
4|21|0.34350453341442505
4|24|0.04874500419774785
4|25|0.36818412934709505
4|28|0.3018749673857773
4|34|0.0005039647026371139
4|35|0.0031662021773653966
4|36|0.6014929712666377
4|37|0.5896874908343686
4|40|0.01446919253777598
4|42|0.2390116047348132
4|43|0.24299903398107772
4|45|0.24496793234607453
4|54|0.3684978542121559
4|56|0.11465358983472193
4|96|2.5572480486848765
4|102|4.310815285720713
4|103|7.338381403107636
4|104|3.0954720501287656
4|105|4.20584085280378
4|106|7.674028455076242
4|107|6.5473269215662935
4|108|5.738277876329942
4|109|3.6181943385650475
4|110|1.3532673615964235
4|112|2.3745221164388726
4|113|2.436150726151013
4|114|1.89540206016702
4|115|1.824178090431779
4|116|1.4613425520960936
4|117|1.849441343344206
4|118|1.4075334062838527
4|119|1.3360978692863414
4|120|3.1481916941356425
4|121|8.118120311619538
4|122|3.4173649722693336
4|123|2.535516290427813
4|124|2.1555156175597134
4|125|1.9408212853392794
4|126|2.40727711732702
4|127|1.5352849163913342
4|128|0.6729080418408853
4|131|2.797907564594413
4|132|2.822678971424734
4|133|2.9067885134818927
4|134|2.7912086036187733
4|135|3.046514404077187
4|136|3.584877814179916
4|137|4.212179564577881
4|138|1.5820740767533177
4|139|2.1929776340922307
4|140|1.8884099415496363
4|141|1.9509657955623234
4|142|2.449073737163288
4|143|3.193306273297575
4|144|7.20699124519005
4|145|6.472931165271981
4|146|6.283241332416438
4|147|6.664190407750814
4|148|4.627346961879689
4|149|3.612305252348064
4|150|4.05455765526671
4|151|4.29969288993137
4|152|3.753239942573366
4|153|4.513809135720755
4|154|6.495266343574679
4|155|6.7048841334851
4|156|7.221782607819409
4|157|6.977583610834957
4|158|6.071500922486965
4|159|6.466131946307143
4|160|6.318555732851463
4|161|5.654038289876232
4|162|4.504439771223135
4|163|6.058497776673718
4|164|2.9646835331900814
4|165|2.054009912852544
4|166|2.2551335977015534
4|167|4.001273805680579
4|168|3.271507717662883
4|169|2.7090305699372856
4|170|2.5169054944054543
4|171|0.7511909450877435
4|174|3.2297676488503217
4|218|0.7226593856606268
4|225|0.5193034876634091
4|227|0.2935493998431355
4|229|0.04246276625645097
4|236|0.09380047383846177
4|238|0.458686479062043
4|239|2.587282727603709
4|240|0.5374108609254579
4|241|2.6793070628934164
4|242|7.3418424894233745
4|243|1.2002581071571503
4|245|15.084865029558088
4|248|10.722419361570907
4|249|3.5908243098020325
5|7|7.248414280109631
5|8|23.52376711972436
5|10|3.5145188679819848
5|12|8.217545523305565
5|13|11.118834721327008
5|14|4.9427564640983395
5|16|1.5014605911296126
5|17|3.5473453823720007
5|18|1.7588501274182335
5|19|0.43955779248622784
5|20|1.7446043904252124
5|21|1.5805851166656844
5|22|1.2655161235351895
5|23|2.2777949612848296
5|24|0.07365336310047772
5|26|0.015105266183232444
5|27|0.5530958094590533
5|28|0.6924695778087037
5|31|0.10561849054045973
5|32|0.6924806332329523
5|33|0.8303827019647674
5|34|0.6149061445356206
5|35|0.1569785534934846
5|36|0.021776834470912852
5|37|0.15971200235752453
5|39|0.2962436674443766
5|40|0.27462570322568186
5|43|0.18187226258799646
5|46|0.6567874229521183
5|47|0.2768462436219057
5|49|0.010517275108858585
5|50|0.3012617732983356
5|52|0.09211584312951586
5|54|0.44171954856031354
5|56|0.13742180518436842
5|61|0.23042226321772097
5|97|1.0197923637879662
5|103|6.407572815986989
5|104|6.216852739692045
5|105|2.6173861701551453
5|106|4.401676600420772
5|107|7.445203355139126
5|108|6.454350653481737
5|109|4.959080763075936
5|110|2.839719073939012
5|111|1.4284992470464777
5|112|0.6884086605813119
5|113|1.650077883709744
5|114|1.127023935994219
5|115|0.9574064581244606
5|116|2.240528516029366
5|117|1.3827815150458505
5|118|1.1905325834592395
5|119|1.516370028898713
5|120|2.740401672375316
5|121|4.611523089184145
5|122|5.154452507335726
5|123|2.744554227600967
5|124|2.07852945872137
5|125|1.843757255417679
5|126|3.345452070534934
5|127|1.5952317726488965
5|128|2.110536470840071
5|129|0.2950688833962486
5|132|1.9497913420942776
5|133|3.5041661726219755
5|134|4.341073726045529
5|135|3.123269213239723
5|136|2.9278981765324983
5|137|2.9860351100653277
5|138|5.158168470635621
5|139|2.9897048554923926
5|140|2.0748851823182233
5|141|1.255081983265225
5|142|1.390820890686092
5|143|2.000109172303464
5|144|2.595366795915592
5|145|5.991866628135446
5|146|6.778364984255447
5|147|6.672957264134058
5|148|6.952091191465657
5|149|4.662444091707092
5|150|4.534552217299124
5|151|4.228204407066508
5|152|4.004743296902458
5|153|4.064380750203961
5|154|4.940859837749002
5|155|7.320301846364145
5|156|7.5719225698153725
5|157|7.745498631179541
5|158|7.165996307722105
5|159|6.072217934661823
5|160|6.888924082598024
5|161|6.161868947465503
5|162|6.885402177646095
5|163|5.653050745982708
5|164|5.439161470265205
5|165|3.0768993984346364
5|167|1.798980282168997
5|168|2.8483978774470295
5|169|3.2061523881920024
5|170|4.163008834124528
5|171|2.703676167248806
5|172|1.4621431495229835
5|175|1.7956684654533088
5|176|2.724947928356785
5|222|0.1319440683202559
5|238|0.019950021610492967
5|249|61.10363921450992
6|9|137.48711796027652
6|10|14.019388984396524
6|12|6.323516587306944
6|14|6.7433427582201055
6|15|10.357245801624483
6|17|2.9285656849126602
6|18|2.5168982178089627
6|20|1.7360496136116956
6|22|0.5286979743884382
6|23|2.7473369663552765
6|25|0.21690752311244427
6|27|1.074567795065893
6|28|0.801468488300577
6|30|0.08345446695029367
6|31|0.608587137196146
6|32|0.5641185173143599
6|34|1.1539202253797627
6|35|0.23977753272450186
6|40|0.020533421717200937
6|41|0.3155829101079381
6|42|0.3303098702754703
6|43|0.5106903883638522
6|45|0.6833478211947273
6|98|0.47519397713867095
6|104|8.031273396438017
6|105|4.192322719243881
6|106|3.869822726565262
6|107|4.945498895855903
6|108|6.439096202685908
6|109|5.8783477727361175
6|110|3.482101074064712
6|111|1.3499848361077222
6|112|1.1578287190641094
6|113|3.454519559427025
6|114|0.9859633952181259
6|116|1.318775006492259
6|117|0.9747812216537994
6|118|1.6234367233403626
6|119|0.8010802744400054
6|120|1.2988331228408687
6|121|1.8635430485198579
6|122|7.3599772014969345
6|123|2.5458922078892816
6|124|3.69706324644421
6|125|3.0173637225443546
6|126|2.5452182075113385
6|127|3.9712163487856964
6|128|1.8279036913837294
6|129|1.050277426122542
6|130|0.4529664076148174
6|133|2.023865588046155
6|134|4.372089827936389
6|135|3.52517126770775
6|136|2.8245156565617324
6|137|3.2572315192177785
6|138|3.2128575458766484
6|139|3.890690523587612
6|140|3.013917694761876
6|141|0.8723039993828985
6|142|1.0220649855626962
6|143|0.6188688848840621
6|144|1.5948226332662208
6|145|2.4320771624385773
6|146|5.231219980524234
6|147|6.680538160906684
6|148|6.812546565529736
6|149|6.656321081178337
6|150|4.86794677438688
6|151|4.515998234546774
6|152|4.6378138080516305
6|153|4.354381968812241
6|154|4.748794172931101
6|155|6.288847635111119
6|156|6.723261708973419
6|157|7.820770982328503
6|158|7.123010617923238
6|159|6.203172552110915
6|160|6.485411204002078
6|161|5.235533468427242
6|162|6.209169832269913
6|163|5.720488631232606
6|164|6.3389231409940106
6|165|3.9031983673790616
6|166|2.0842381373870023
6|168|0.43570309607805047
6|169|1.6759651155258186
6|170|3.852689037149984
6|171|3.719116508937797
6|172|3.3216482516794237
6|173|1.9130308183879858
6|176|0.4768471966155368
6|177|1.6367931751009956
6|216|0.014941064676245685
6|242|0.3027742393384721
6|244|7.240988308786496
6|246|6.224447728177112
6|248|74.15605860478537
7|10|6.092620624524434
7|11|34.40280516081587
7|13|8.126707580490404
7|14|12.490989918598107
7|15|8.401180677956045
7|16|2.502407824448693
7|17|15.580327370124627
7|19|2.916285497706169
7|21|3.9437685667313667
7|22|2.813353911358802
7|24|0.6319198198475909
7|25|1.0096234366427301
7|27|1.1446147986947546
7|29|0.46554956744943204
7|30|0.5937934648569333
7|31|0.4026309841866109
7|32|1.0967172238187952
7|33|0.23818666840704206
7|34|0.5934871190316952
7|36|1.031250656672748
7|37|0.13887818496128573
7|38|0.2652735747286443
7|41|0.07146036708513444
7|42|0.38298416290985166
7|44|0.10714907307145614
7|48|0.25368458748481154
7|53|0.07589877680215198
7|105|9.243982264055123
7|106|3.0105710105246666
7|107|4.655665215480976
7|108|6.141330808778522
7|109|6.541889444044236
7|110|4.9697062791383635
7|111|2.0434649169708847
7|112|1.408234693926645
7|113|3.4319835887086865
7|114|1.8168617150639927
7|115|0.5258036606202839
7|116|0.13657987233646401
7|117|1.2977635629525461
7|118|1.043499889645998
7|119|0.16867480165076518
7|120|0.9773112359768739
7|121|1.8304441972544985
7|122|4.718549994418466
7|123|4.435243685597132
7|124|2.053955631495623
7|125|2.3036060871955604
7|126|2.5395459175873123
7|127|2.184274353146757
7|128|3.0848261157418615
7|129|2.461160153793639
7|130|1.956735388378014
7|131|0.41711623717294705
7|134|2.5275247297076824
7|135|3.876869965202199
7|136|3.658251357925922
7|137|2.738969170366618
7|138|3.2660931237814386
7|139|3.7091941567016082
7|140|4.680982646831464
7|141|2.7970965864145327
7|142|2.655627426324089
7|143|1.0197977848347595
7|145|1.051821396707935
7|146|3.2483240723593
7|147|5.931656750955061
7|148|5.952079960386648
7|149|6.560556705533853
7|150|6.598302148881739
7|151|5.7155514187694925
7|152|4.7821844718238165
7|153|4.659936838368056
7|154|4.869789570753923
7|155|4.587657145823293
7|156|6.374815229731513
7|157|7.897440195129944
7|158|7.920308806321075
7|159|8.18735322757838
7|160|6.008906999085385
7|161|6.538159774943039
7|162|6.484836753311597
7|163|5.460604821342019
7|164|5.698049117596364
7|165|6.230389123637862
7|166|4.087756744536354
7|167|3.8695793583121567
7|169|1.16835087228447
7|170|0.5483840490845787
7|171|1.8902676177766053
7|172|4.2467146821439385
7|173|4.046161586360422
7|174|2.62975931867714
7|175|0.3683501086471494
7|178|1.1361136621541044
7|206|0.2439509787691564
7|222|0.18138333277886085
7|231|0.7363631395463652
7|232|0.3362708569341768
7|233|0.07729428379488167
7|238|0.2880777644348107
7|241|2.1932671796598355
7|244|3.4492135726829667
7|247|11.786200287762545
7|249|15.768610464489118
8|10|50.07961161210294
8|12|26.97006185610933
8|14|28.041272275942383
8|16|13.645405008367543
8|18|10.44512536166017
8|20|1.1026536582577675
8|21|2.3079999342301565
8|28|0.3211854520169102
8|30|0.8992438425935861
8|31|1.4879173665558973
8|32|0.2048864900757529
8|35|0.34242293300775956
8|38|0.20727045451490742
8|40|0.26111071227881527
8|42|0.40821422293239296
8|44|0.5284314569923315
8|45|0.25876010817034933
8|47|0.23217774996062787
8|48|0.19348682791849206
8|49|0.0546239439773227
8|52|0.028658415501832034
8|54|0.02315606401096092
8|61|0.12685917271019143
8|65|0.4463454125161709
8|67|0.03150598262179082
8|99|0.6163733198878336
8|105|2.092256599429378
8|106|7.38365226214096
8|107|3.575339135450265
8|108|4.75364374281734
8|109|6.223012175912591
8|110|6.504997001534371
8|111|4.050563935500172
8|112|1.4974228488643415
8|113|1.277456657638103
8|114|2.7408927728432246
8|115|1.5250838828488855
8|116|0.7320312668247374
8|117|1.4641603653559343
8|118|0.5324379969755036
8|119|0.9118413848897065
8|120|0.19432998562520787
8|121|1.2509275591850677
8|122|2.4029479986339983
8|123|5.255183241939328
8|124|2.420758727497196
8|125|1.599642775770916
8|126|2.9050089694923873
8|127|2.276411160068156
8|128|4.606059388613638
8|129|3.5715949529097775
8|130|1.992067879496802
8|131|2.0812831226127777
8|132|1.012270093144942
8|134|1.6415805014038318
8|135|2.3806000044475883
8|136|3.196697736606093
8|137|2.9028293004376353
8|138|3.49897267948456
8|139|3.717932758725422
8|140|4.528817368481288
8|141|5.363753345834871
8|142|3.0807213106261715
8|143|1.4549301683376208
8|144|0.8780937304281341
8|147|4.817431437553757
8|148|4.590240172036038
8|149|4.99418789617002
8|150|6.771622891668971
8|151|6.0731691696799786
8|152|5.682999537069719
8|153|5.320641796950394
8|154|5.338034858455797
8|155|5.085993972122215
8|156|4.377671523957629
8|157|7.649712940639601
8|158|7.693784006057779
8|159|7.73995951703081
8|160|7.6452658116416154
8|161|6.574215710835121
8|162|6.2680757808267655
8|163|5.189100900232231
8|164|5.476157890068263
8|165|6.006582468170506
8|166|7.25185656853237
8|167|3.498809945682298
8|168|2.989055617860151
8|169|0.4155002385003958
8|170|1.0470105344178613
8|171|1.4380529066060892
8|172|0.40351609172665254
8|173|3.1722532895730806
8|174|3.8583108646943534
8|175|3.733564960688434
8|176|1.4490228007232362
8|179|0.2449130522871643
8|180|0.8108416819443375
8|217|0.307099722099478
8|221|0.24730518703562177
8|222|0.20480083814093122
8|225|0.10427184262957742
8|228|0.012210421184016471
8|233|0.32371168464953853
8|238|0.64910483071807
8|242|1.5202955567449206
8|243|2.287661064853212
8|244|4.477612826108808
8|245|1.3492429927781697
8|246|2.0533848790789855
8|247|4.534854184680671
8|248|13.692656018530414
9|11|30.49455360084628
9|12|22.754200343030924
9|17|10.749167318304192
9|19|8.955654710074976
9|20|0.512558186603908
9|24|1.7597402370273938
9|28|1.8965568082005186
9|30|1.6226700199302186
9|35|0.23302109990286382
9|41|0.32307715926958513
9|45|0.3956526957704978
9|48|0.2953305756483103
9|49|0.1795348581868339
9|61|0.3475074488214536
9|100|0.4395737093266954
9|106|4.494052953515543
9|107|5.713177976209655
9|108|3.910701663157392
9|109|6.061000229072285
9|110|7.275529326725411
9|111|6.1986893419080795
9|112|3.4218104689432267
9|113|1.5855088222439266
9|114|3.140892094468954
9|115|1.0335295160485614
9|116|0.6266838129112566
9|117|1.3228838895675714
9|118|1.2402655011384494
9|119|0.9432028578379189
9|122|1.0436514220119024
9|123|6.015705989951629
9|124|3.764533939367386
9|125|2.1348489555145735
9|126|2.0059907572978966
9|127|2.8159715471335955
9|128|1.3988595849322307
9|129|4.318982999807493
9|130|3.128944140762003
9|131|1.5644515219841992
9|132|2.321102565306321
9|133|1.0834241544212138
9|135|0.9090986535185624
9|136|2.840127230338837
9|137|2.3934475967193225
9|138|3.1748411515692125
9|139|2.3215211285477233
9|140|4.176334819153282
9|141|4.740444968420122
9|142|4.258248112657176
9|143|4.115842938967204
9|144|1.969907702078364
9|146|0.45075650326932315
9|147|1.4772814077776495
9|148|3.7921099726256555
9|149|3.5441432979728913
9|150|6.508524585395199
9|151|7.724415642935335
9|152|5.833832553432208
9|153|6.036730429139938
9|154|5.530240244828804
9|155|5.931585402035659
9|156|4.874278450253652
9|157|5.754212819482647
9|158|6.735145582525025
9|159|7.623964644114664
9|160|8.404159072206628
9|161|8.239412926721768
9|162|6.174137007761632
9|163|6.560158802151345
9|164|5.8082122138161205
9|165|4.573725097538681
9|166|6.289472639027171
9|167|5.392766393864055
9|168|3.9109639446882043
9|169|2.315328466619374
9|170|0.9869101875727705
9|171|1.0081072813646055
9|172|1.2834505314328613
9|173|1.9581662433180975
9|174|0.5326263902261876
9|175|4.558364323889512
9|176|4.619041940391033
9|177|1.4586246708799588
9|181|0.5161423413084105
9|216|0.028146506054959844
9|220|0.4124348681599083
9|226|0.017209125592319307
9|231|0.49003281654235337
9|237|0.06430961764543996
9|238|0.1618922587197401
9|241|0.9559055221832904
9|242|2.29052375856528
9|243|2.286760377409938
9|244|1.625639611243154
9|247|3.1461594941970743
9|248|4.958947431361565
10|14|26.84494952554149
10|16|50.12230889371815
10|18|9.50455667387564
10|20|0.3695487061477181
10|23|2.5419148158579956
10|24|0.39125982680079846
10|27|0.8733676726431969
10|28|1.2986686931163633
10|30|1.9936655606270022
10|32|0.927878133508946
10|34|0.4195687648651269
10|37|0.24581731789111852
10|39|0.026753094426093152
10|41|0.08911507664424091
10|43|0.03452264123737664
10|48|0.8447159596695965
10|52|0.09874371022027022
10|53|0.07701523979650131
10|55|0.015105333088664314
10|64|0.13304073195017596
10|101|2.2117223198905074
10|107|5.252304799016189
10|108|5.021610799426347
10|109|4.460473889212623
10|110|4.876951130836653
10|111|5.573423774738012
10|112|5.456888716705551
10|113|1.9243296506714362
10|114|3.585590518110894
10|115|2.5887983419561613
10|116|0.6417870282740512
10|118|1.8014861857292004
10|119|0.8944765881404763
10|120|0.9517675142917755
10|122|0.8905630642982432
10|123|1.0593354075848844
10|124|3.9859219785877715
10|125|2.1403761980783753
10|126|2.003229895974001
10|127|1.6304370397352286
10|128|3.0002164371386675
10|129|1.9629865464411889
10|130|3.849810955528301
10|131|3.2737013263097996
10|132|1.754028494739925
10|133|1.3592781391752446
10|134|1.0461242361052367
10|136|1.9619396928866009
10|137|3.370427823512846
10|138|3.3813192311855236
10|139|2.51754964514169
10|140|3.182764536002953
10|141|2.895060909853518
10|142|4.474153202668436
10|143|4.63152414410406
10|144|3.5629332942260112
10|145|2.463981648462568
10|148|1.1749172336449878
10|149|3.7954679639251703
10|150|4.113995659628912
10|151|5.549150368855237
10|152|7.7865939474779875
10|153|6.113178326277166
10|154|5.810187865237316
10|155|5.7629406499565246
10|156|5.486480453632358
10|157|5.506110002232547
10|158|5.8878643420386005
10|159|6.919244792740697
10|160|7.044794863030764
10|161|8.212504323832004
10|162|7.598073157745298
10|163|6.806776798020876
10|164|5.970653783268281
10|165|5.455581665839939
10|166|4.609805048628958
10|167|5.554923269005061
10|168|5.321282817908244
10|169|4.25224158416212
10|170|1.594808433318691
10|171|1.5237697636754328
10|172|1.1719432990944698
10|173|0.5254935981045755
10|174|1.889974239861903
10|175|1.5776459827630653
10|176|2.5828819253770243
10|177|4.231262551160711
10|178|3.6114280103693837
10|179|0.9169734121003755
10|182|0.3025988143340633
10|241|0.9112765070231528
10|242|0.7945294326846216
10|244|1.5694697100154138
11|13|9.978399056936448
11|15|50.699393694379744
11|16|28.24275425379929
11|17|42.087147070317734
11|18|16.438800417721527
11|22|14.64884479652524
11|24|1.277456522604996
11|26|0.8548774055698033
11|27|0.43459156677860455
11|28|0.3184865163220509
11|30|0.8976299393152548
11|31|0.726274198886292
11|32|1.7538906704624482
11|36|0.7809408759931642
11|37|0.31922863178864685
11|39|0.4141672667950259
11|40|1.1265031183992376
11|42|0.6970202808865966
11|44|0.10551127875098491
11|46|0.15441252021691035
11|47|0.6266800673579837
11|51|0.21557392541302176
11|55|0.20766418224057906
11|58|0.28385558682349177
11|67|0.29500931025596466
11|102|1.8107773866771173
11|108|6.67165846090707
11|109|2.8969220197347387
11|110|4.177138806634484
11|111|6.283161447343955
11|112|5.265591396552155
11|113|2.8750187857827734
11|114|2.006826508038799
11|115|3.5652153876553014
11|116|1.2149661586349285
11|117|0.030664342849304912
11|118|0.40760676149303715
11|119|1.248837769577994
11|120|0.6931184780316991
11|121|0.6946357835474652
11|122|0.45929129378749606
11|123|0.3419675642705137
11|124|7.063901293516769
11|125|2.7674829853687637
11|126|2.141677060086998
11|127|0.7994201962930992
11|128|1.2893194838829651
11|129|2.4297826509737916
11|130|4.416377890189672
11|131|3.1591454716445315
11|132|1.8133776379775741
11|133|1.3842320532948247
11|134|0.8835876057080249
11|135|0.46912689405667196
11|136|0.8014661767427843
11|137|2.8394739214128246
11|138|4.10676038777215
11|139|3.5056964885817514
11|140|2.0387465662893045
11|141|2.208487861444185
11|142|3.4398965531603114
11|143|2.6704321834639884
11|144|3.731149643906547
11|145|4.518745963978536
11|146|1.7056914544013937
11|149|1.1356994286672473
11|150|3.5054987896576533
11|151|5.449841384843411
11|152|5.051642266562195
11|153|6.316944623703041
11|154|6.164279639065728
11|155|7.449124262168972
11|156|6.462668293018133
11|157|5.318321890490838
11|158|5.28334127952459
11|159|5.245781706743654
11|160|6.891063209414943
11|161|7.523311581916196
11|162|8.1934878713848
11|163|7.64991487474992
11|164|6.841616381032597
11|165|6.728528490011585
11|166|6.29479400879825
11|167|5.240835906300583
11|168|5.981840061419033
11|169|4.035130833938554
11|170|3.5280464340144655
11|171|1.1955040363855611
11|172|2.08856827108987
11|173|2.1123035982583596
11|174|2.1060286708861744
11|175|0.959299749049016
11|176|1.1083592863130536
11|177|0.9017450981271201
11|178|3.467149173005606
11|179|4.970854376946768
11|180|0.8315914482389762
11|181|0.059075930345081074
11|220|0.007525795888299638
11|223|0.010468713740449272
12|19|1.144541876938003
12|21|17.10213907230666
12|23|3.6821441789154825
12|24|2.2843541552376516
12|27|1.8301710758469045
12|29|2.866492028447418
12|30|1.5879291779953826
12|32|0.5091971555539705
12|33|0.00672821240778985
12|34|0.3412165023269139
12|35|1.5355641271530802
12|36|1.4696606965820938
12|37|0.09263951164756284
12|41|0.9253921460428587
12|43|0.1599026823282084
12|46|0.5472411301212776
12|47|0.3382639601730012
12|48|0.015287817093195053
12|49|0.6351719469978757
12|50|0.1443392653195249
12|55|0.2972003950078582
12|67|0.05282203417868749
12|103|2.1409244175284665
12|109|8.45383663238917
12|110|3.92338597582861
12|111|3.7929985109757616
12|112|4.649980262497678
12|113|4.54985868051267
12|114|2.71560179218137
12|115|4.196553448229617
12|116|1.6124050966272774
12|117|0.686614168502628
12|118|0.6197654425434512
12|119|0.5016652261599802
12|120|1.3194185494443207
12|121|1.7078845924815407
12|122|1.391100151806882
12|123|0.37548788123516474
12|124|3.348456534046714
12|125|3.9274363586457066
12|126|2.178087681507327
12|127|0.5949526603689832
12|128|1.4734135846987972
12|129|1.7844589609499304
12|130|1.9558800977558644
12|131|3.5625342297777034
12|132|3.200422588828332
12|133|1.0239901008373384
12|134|1.542626477670041
12|135|1.0733823879008815
12|136|0.02986114103798156
12|137|1.2848613630758499
12|138|4.312088420028357
12|139|4.102032737773011
12|140|3.637209108831523
12|141|2.5558131083668827
12|142|2.8189881985126672
12|143|3.6610176800458203
12|144|3.8025297165389556
12|145|3.749243967659341
12|146|3.375222137224478
12|147|1.4587193511497418
12|149|0.6634612277387933
12|150|2.956509406429652
12|151|4.345987248118309
12|152|6.138070736823127
12|153|5.893247254834291
12|154|8.143476780255236
12|155|6.378442432627476
12|156|6.185758966818201
12|157|5.403680080659304
12|158|4.768473935434749
12|159|5.776778305760609
12|160|5.68844599481556
12|161|6.7003007957721135
12|162|7.964077923931011
12|163|7.065903631627849
12|164|7.687084445301932
12|165|7.052508721615616
12|166|7.031016085655241
12|167|5.350989387620541
12|168|4.611145305156227
12|169|5.001535279332252
12|170|3.1446181274397027
12|171|1.671111882161048
12|172|1.6969873607184485
12|173|2.403285503191968
12|174|2.5556029610114175
12|175|2.0883099719456966
12|176|2.009398246065383
12|177|1.1826002821413961
12|178|1.4339515687702964
12|179|0.5452312930014356
12|180|6.630055167013489
12|181|2.361138109114766
12|241|0.36621737311600916
12|242|0.06545577119498816
12|243|0.9007061696540392
12|245|0.800903768291359
12|247|1.1045599905484473
12|248|1.5399052803032058
12|249|1.296235300173428
13|15|22.145909305562384
13|16|9.595351604104156
13|18|20.284688228603564
13|20|4.606426772030387
13|22|0.9998362800515878
13|23|4.61470041267664
13|24|2.733463728221785
13|27|1.531146773272447
13|28|2.4092394817822194
13|30|1.1478443660091002
13|32|1.5867214603545874
13|35|0.38192379225120004
13|37|0.05425098675710839
13|40|0.7355547352992307
13|41|0.3565007935827683
13|43|0.2751392184393962
13|45|0.17525150231396877
13|47|0.19637206008313932
13|49|0.5480152861133544
13|54|0.2885635873338085
13|55|0.8933659185714725
13|104|1.3782404022890014
13|109|1.2878769078918824
13|110|8.532312619005175
13|111|2.965050051157551
13|112|4.003841556182179
13|113|3.1454231289405588
13|114|4.417085028730892
13|115|2.84890003381104
13|116|2.332409696788127
13|117|0.3394754694974832
13|118|1.5463582893608807
13|120|1.100908762844004
13|121|0.6229162912806614
13|122|1.4972420252979195
13|123|0.7405191683991029
13|124|1.1216933401980727
13|125|4.3656061556204575
13|126|3.5555303781975205
13|127|2.2627022711979903
13|128|0.9789019789503395
13|129|1.4092764495798915
13|130|2.300658625296074
13|131|2.198322796969744
13|132|1.974235936257139
13|133|2.471495630183023
13|134|0.9984961670536499
13|135|1.1117560210685282
13|138|1.0281900865967604
13|139|4.399045795568007
13|140|4.477329846538334
13|141|3.680819872517891
13|142|4.088866614357288
13|143|2.0659369264334773
13|144|3.138115132326788
13|145|3.532495204076254
13|146|3.4603579509569937
13|147|2.945040098090049
13|148|2.2109815987225163
13|150|0.17076070539476523
13|151|4.1301530846335615
13|152|4.237957106773155
13|153|4.553805020060737
13|154|5.657147958690601
13|155|6.53658141476459
13|156|6.878836206822759
13|157|6.811151624970707
13|158|5.830587622801682
13|159|5.734043566721668
13|160|5.81684724629435
13|161|6.221867732335029
13|162|6.8540246364252075
13|163|8.204114187862533
13|164|7.721303366887272
13|165|7.470257732966364
13|166|7.410570476858984
13|167|7.451651427359013
13|168|5.543123573259584
13|169|5.752024165401946
13|170|5.134592656598972
13|171|3.6178694031109337
13|172|1.4310782943436153
13|173|2.429014038273886
13|174|2.461451085794603
13|175|2.3782948238842563
13|176|3.2520090483591355
13|177|2.0896515275780785
13|178|1.8620960788272556
13|179|1.3157671162310893
13|180|0.4994504245348491
13|181|6.1192894747026605
13|182|3.1587053422054994
13|183|0.6240681925191578
13|240|0.3054129704152163
13|242|1.2564191301043768
13|243|0.6655894099725
13|245|0.144771747801112
13|249|0.41893825541255564
14|18|3.648655363060753
14|20|19.771418454643406
14|22|20.5428242765746
14|27|0.04044188294386064
14|28|1.8010548165346134
14|30|0.9893485468284506
14|33|0.0018573208296667493
14|39|0.927104282254141
14|41|0.3054904155265993
14|43|0.37012532467290865
14|44|0.08656063082306867
14|45|0.42955783288505783
14|47|0.36273674791655847
14|52|0.11687157384927721
14|56|0.07089128890417312
14|105|1.3243601155697475
14|110|2.6498203227907426
14|111|4.704112892717936
14|112|2.674967668869474
14|113|3.9670017134166726
14|114|3.3232267357227583
14|115|1.8213162595971673
14|116|5.462419992406281
14|117|0.6020208711715329
14|118|0.3752038430425186
14|119|0.010345341047560694
14|120|0.8682876911133051
14|121|0.5600785030243339
14|122|1.272346137613909
14|123|0.3649460927954527
14|124|0.5754715085403932
14|125|3.1712582138557774
14|126|2.582021991833813
14|127|2.3293861816029695
14|128|2.2858974440144055
14|129|1.772813961340929
14|130|1.7374981320244807
14|131|1.58107170071581
14|132|2.5730908672252286
14|133|2.628771650849829
14|134|2.7799129532031452
14|135|1.017741551063827
14|136|0.48816093997548693
14|138|0.6421511476158899
14|139|1.48558894809595
14|140|4.698340918401308
14|141|3.5961773425169454
14|142|3.8689997937484035
14|143|3.825221162668719
14|144|3.167281780922556
14|145|3.448658126674283
14|146|3.0466032516758306
14|147|4.03392684230444
14|148|2.8698622472436695
14|149|0.4755819844198638
14|152|3.4200441410026854
14|153|4.143458235491189
14|154|5.6319391570814705
14|155|6.367033372884577
14|156|8.31812245872204
14|157|8.101899809460221
14|158|6.901126892267868
14|159|6.133492444916595
14|160|5.427075903641843
14|161|5.176921342101763
14|162|6.9554260069972615
14|163|6.907072672982375
14|164|7.359068278360334
14|165|8.168853456371826
14|166|6.9421222521339265
14|167|7.131629548676912
14|168|6.742764774293418
14|169|5.604107279213032
14|170|6.548291926976704
14|171|3.3820063745731193
14|173|1.1847434280588514
14|174|2.613849948579115
14|175|3.3411268894370174
14|176|1.7438173973467082
14|177|1.9475832393897168
14|178|2.5733565770371194
14|179|2.0180214086877495
14|180|1.4991690613137003
14|182|5.062883712885059
14|183|4.822444985300431
14|249|0.9983764628838887
15|17|56.74899130076064
15|18|13.971432449636161
15|20|18.061539632419045
15|23|9.804587096890947
15|26|3.444652783582937
15|29|5.2744909490894285
15|32|3.162296617666667
15|37|0.6610398561713223
15|38|0.12789498180086695
15|40|0.0842072722494056
15|43|0.4532285659994609
15|44|0.5940747582689979
15|46|0.22467064730513134
15|47|0.8030791755740571
15|53|0.06624544448256636
15|58|0.07768375110259883
15|106|0.34899281253580083
15|111|5.752880585295703
15|112|5.398724970671427
15|113|4.104423819185683
15|114|2.791538103595378
15|115|3.5661743278507574
15|116|3.80701979795631
15|117|1.4274633805921275
15|121|1.4588774209769713
15|122|0.6052866083826428
15|123|0.9917890396727916
15|124|0.6145143370567026
15|125|1.9415233593463195
15|126|2.765647460405638
15|127|2.9926692705081184
15|128|1.849106116025665
15|129|2.0855207409184264
15|130|0.7935510231530193
15|131|1.190038719425438
15|132|1.5907568027265555
15|133|2.4197928971065816
15|134|2.107631955000315
15|135|1.8862914630245255
15|136|0.970849244636806
15|140|1.8648819887252346
15|141|3.8979098878506595
15|142|3.692294008217261
15|143|4.4565314585982385
15|144|4.87758748398919
15|145|3.770986840652928
15|146|2.612857962825318
15|147|3.1322587158040553
15|148|3.133029080074636
15|149|1.767571832780143
15|150|0.8582043197585575
15|152|0.27785818381017335
15|153|2.5030205860849817
15|154|4.751340423496031
15|155|5.668340718785628
15|156|7.158350656888029
15|157|8.19702375974277
15|158|9.741681179391962
15|159|8.099687314008529
15|160|6.197611361575814
15|161|5.072167089966727
15|162|5.162299879193809
15|163|6.799982029395267
15|164|6.303592422900774
15|165|7.452963760140818
15|166|6.244297578073886
15|167|5.978981764681362
15|168|6.8937696522515575
15|169|6.781743673738807
15|170|5.806686589751097
15|171|5.162090093387984
15|172|3.9483788112680127
15|173|0.7716406668776514
15|174|0.9918404935248051
15|175|1.9301126489871256
15|176|2.3858561649111656
15|177|3.077921516889978
15|178|2.5894674649782745
15|179|2.3301909180532396
15|180|3.2853491952913307
15|181|2.022666735473424
15|182|0.09678453885541352
15|184|7.09629984534803
15|185|0.5723953499115004
15|241|0.6533067014697689
15|243|0.6056211127958037
15|245|1.1224077869121334
15|247|1.2808030902947605
15|249|0.4648507524702764
16|19|146.33832807598247
16|22|97.08295671367391
16|23|4.949426556593971
16|24|20.181949152858255
16|27|3.6934979472814944
16|29|4.774550540865512
16|30|2.2378430834594596
16|31|1.5118129741577913
16|32|1.6460610216733949
16|34|2.924602046603139
16|35|0.37149178903408203
16|36|1.7807631906758763
16|39|0.6355388897814986
16|40|0.3585271572743932
16|41|0.45334025601809286
16|42|0.27603519244903324
16|43|0.7276586649151507
16|46|0.17133716319259398
16|50|0.18406829300017832
16|55|0.1327182460563271
16|63|0.026573092064935702
16|64|0.13017291315101917
16|111|0.007738567162800641
16|112|7.557709330980578
16|113|4.619960137267631
16|114|2.0897028689572155
16|115|3.1068113150226666
16|116|3.9245373942540995
16|117|3.4650552969119777
16|118|0.8788674020852688
16|123|1.0317797832476219
16|124|0.7553580000429646
16|126|3.6691646798118036
16|127|3.3148031282053143
16|128|2.9062461646560416
16|129|1.741809394996331
16|130|0.931603174506916
16|131|1.3640653810700554
16|132|0.9031964680834262
16|133|2.5524318014630576
16|134|3.3962475502541887
16|135|2.0012707251448574
16|136|1.988574298165593
16|137|0.20725577069657847
16|140|0.601394058679782
16|141|2.717379021535736
16|142|5.0993795801977555
16|143|3.6232372449271173
16|144|4.611806251569656
16|145|4.454093611976248
16|146|4.066998181573996
16|147|2.775109560742763
16|148|2.260097941279329
16|149|2.719744981626483
16|150|1.123809117593862
16|153|1.8642622115186838
16|154|3.1330209144788954
16|155|4.891925040211451
16|156|6.832109394407097
16|157|6.983895013975746
16|158|8.356264312472213
16|159|8.345477170791954
16|160|8.62722020187549
16|161|7.000982241559355
16|162|5.694180288976049
16|163|4.452487064930584
16|164|5.771619389364586
16|165|7.407366427765792
16|166|6.000697562683872
16|167|6.952443602831114
16|168|5.792912484357317
16|169|6.297491145233281
16|170|7.02408267187476
16|171|5.623531311461551
16|172|5.186227758800004
16|173|4.961883537854835
16|176|1.911294052174065
16|177|1.982564100757882
16|178|3.8181480358744264
16|179|3.4068961809197233
16|180|1.86805507516659
16|181|2.8552842006917336
16|182|1.7689996805548298
16|183|0.07540519153358884
16|185|6.732966729618159
16|186|0.919262745257942
16|238|0.00498993749431868
16|240|0.12476880585059939
16|241|0.17078526537682995
16|242|0.786069931283015
16|245|0.2662883534023232
16|247|0.5149331307239449
17|20|90.74735265962293
17|22|16.10788373594919
17|24|0.06507283939377494
17|26|5.01627811254308
17|27|13.592644600366459
17|28|2.941620816867898
17|29|7.41469355375065
17|33|0.3108351176767998
17|34|0.5518837450618094
17|35|2.166095255238286
17|36|0.015119945800373012
17|39|2.153348597297895
17|40|1.1476403079639559
17|41|0.9710092138895473
17|44|0.028529222028334512
17|49|0.6612853190525046
17|51|0.2997759573396567
17|52|0.22242751996157417
17|53|0.5851889149309186
17|54|0.042256009345049
17|55|0.041053121985194826
17|56|0.7506119173397648
17|57|0.16076332164884455
17|58|0.25848353044838074
17|61|0.04541796664505433
17|112|2.754567822223809
17|113|8.686417954847252
17|114|4.818113978577902
17|115|2.0978004119399345
17|116|3.5788281242918516
17|117|5.102264393540193
17|118|2.2428738807206883
17|122|0.48085045412284355
17|124|0.72331219865417
17|125|0.7646766988548275
17|126|1.1580593281313214
17|127|1.90446100513252
17|128|2.971805118094867
17|129|2.1082230180072594
17|130|2.1121908755562546
17|131|1.2584397747921026
17|132|0.4098151728693806
17|133|1.262094273054433
17|134|2.238719472519248
17|135|2.1719296286481824
17|136|1.9484885119743847
17|137|1.4224165111616844
17|138|0.7774418242126885
17|141|0.27455728363710336
17|142|2.7921463897400853
17|143|3.938922583595732
17|144|3.289611926133565
17|145|4.440741165591505
17|146|3.2858422730742882
17|147|3.1905515187049915
17|148|2.6656669423313515
17|149|1.9716345434062477
17|150|3.3101358139444788
17|151|0.6081970790863422
17|153|0.24991402488435627
17|154|1.7337832271472826
17|155|2.66381607816165
17|156|6.27217820937361
17|157|5.894364616519365
17|158|6.548299989115078
17|159|9.12303983224919
17|160|9.878724466319216
17|161|7.549825635875653
17|162|7.80152086826169
17|163|7.07142653238924
17|164|5.515817393269314
17|165|6.302036642016513
17|166|8.213854896855834
17|167|5.367710522762211
17|168|5.911528819952372
17|169|5.95744961889671
17|170|6.041077238712805
17|171|6.779671250639385
17|172|7.746425253251649
17|173|5.196122259814997
17|174|2.2023257288231632
17|175|1.9859367887255108
17|176|0.31740579943110614
17|177|0.8670543534219973
17|178|2.5019071893829676
17|179|3.896053857480184
17|180|3.891208253472498
17|181|3.8696077167959513
17|182|3.07726753275288
17|183|3.264366707399765
17|184|0.204154722548624
17|186|8.363028160622274
17|187|1.776824069220595
17|241|0.4449666220511822
17|243|0.9160416074909294
17|244|0.12945063474953056
17|245|1.7978505505038782
17|247|0.02182837694876468
17|249|0.9271282461627164
18|21|65.01664525398505
18|23|4.936173759218137
18|28|5.7734209269604015
18|30|3.611741075895193
18|33|4.121181083616627
18|34|2.056020107746448
18|38|0.8021785572573649
18|39|0.010513447261317607
18|43|0.13233706002427575
18|44|0.16893193287238692
18|48|0.6006829449472867
18|51|0.36462125263191153
18|56|0.04969860295504134
18|57|0.08772318109866797
18|59|0.17964927917169665
18|64|0.17484031082160023
18|113|6.124354405407961
18|114|7.232540188342301
18|115|4.017148418798735
18|116|3.042077884159319
18|117|3.7215900428251056
18|118|5.227000473820405
18|119|0.947776442687592
18|124|0.06448852488138533
18|127|3.7567461132080413
18|128|2.448537010207013
18|129|4.1312190383111025
18|130|2.4163647087536275
18|131|2.0088592271890833
18|132|1.0848849322328211
18|133|1.077431741215514
18|134|0.48802444957966307
18|135|1.9666464364883254
18|136|1.6216664874702644
18|137|1.3903347904974777
18|138|1.1334893047496797
18|139|0.9088806546402702
18|142|1.1059026710010464
18|143|4.634072253066256
18|144|3.309875062918974
18|145|3.3364805299094993
18|146|3.8908846189984834
18|147|3.600856845439729
18|148|3.0521177787285856
18|149|2.794411951520721
18|150|1.6320875676780902
18|151|2.8469558064978293
18|152|0.4907726731232987
18|154|0.37035487396470546
18|155|1.356702733883081
18|156|3.2465976119830886
18|157|6.663738233446558
18|158|6.892607935696768
18|159|7.757171393820685
18|160|10.988516002907193
18|161|9.16835988861515
18|162|8.027967024933451
18|163|7.581248886773382
18|164|5.444990505510591
18|165|6.790076371302527
18|166|7.2076037747381685
18|167|7.727778522146996
18|168|5.091041663794942
18|169|6.057463935791118
18|170|6.142877470495055
18|171|6.986955661005994
18|172|7.136466381010718
18|173|5.980979111273318
18|174|4.87582168927137
18|175|1.0079682356445063
18|176|3.4537947827540116
18|177|1.4582370264247486
18|178|0.20160814497458032
18|179|3.039339303140051
18|180|3.8817622202762565
18|181|4.46026561776482
18|182|3.6286974121962596
18|183|3.8285328978085786
18|184|2.7964492796543303
18|187|5.501803865040857
18|188|2.1547823178244414
18|220|0.08891516869795182
18|222|0.10315586168270745
18|238|0.07417602898571032
18|241|0.36411084015927736
18|242|0.8878604928722055
18|243|0.5122683039226553
18|244|0.14777288064424157
18|245|0.9051647640499476
18|249|0.06533742470829998
19|22|72.38271966658606
19|25|13.713117673736338
19|27|13.606216315866822
19|28|2.1249342188231175
19|29|7.501493715152276
19|31|3.6097390575256956
19|32|1.1038218292304243
19|33|0.7970165739120285
19|37|0.023906090088794723
19|39|0.5250421560048352
19|40|0.05244192657762259
19|43|0.10588925991107902
19|47|0.0027554507029749096
19|51|0.09501859477164469
19|55|0.7170928040658273
19|61|0.03534229992058698
19|63|0.07749330178272874
19|70|0.05964329958144128
19|114|7.424296173217619
19|115|6.996240078803807
19|116|3.975460928581943
19|117|3.533700930708358
19|118|5.509680348485948
19|119|3.4815548444876194
19|120|0.48346662590379175
19|127|1.3407688582935202
19|128|1.215518026307391
19|129|2.4907268883710096
19|130|2.980666626610649
19|131|2.0094260479589217
19|132|2.658536051743169
19|133|1.0346906960001039
19|134|0.2372246727293503
19|135|1.9155253087250041
19|136|2.1679812146385373
19|137|1.840226282421282
19|138|2.2927044991551835
19|139|1.3145298946673059
19|140|0.8944406603218156
19|143|1.8719103210816264
19|144|4.592577450270064
19|145|2.6446161289928853
19|146|3.596197028716568
19|147|4.085088490735002
19|148|2.8534732947855983
19|149|3.5376933461321345
19|150|2.7249246222527255
19|151|1.9987035245589875
19|152|2.074776700806787
19|153|0.45017207042898705
19|154|0.5013541827850391
19|155|1.217868792465597
19|156|1.2009679919102245
19|157|4.926623185898688
19|158|7.220832892922357
19|159|7.224937698457653
19|160|9.179420438140038
19|161|10.95582212937768
19|162|9.730113802549141
19|163|8.119767849622022
19|164|8.147699719577856
19|165|4.73833338743167
19|166|7.503239919636638
19|167|8.505614241465674
19|168|6.250161641710052
19|169|5.585135232820845
19|170|6.951113345027666
19|171|6.2338357873028105
19|172|6.347949959154591
19|173|8.717971825134311
19|174|4.684244247131259
19|175|2.9991716591406314
19|177|2.333606383210061
19|178|2.6188708785994574
19|179|1.0890469925689326
19|180|2.966760259498417
19|181|3.0713632699279656
19|182|3.5645556846513906
19|183|3.739156072281434
19|184|3.6018158608934923
19|185|2.7565363902501945
19|186|0.3419887381634266
19|188|4.129779026580612
19|189|3.1761417633740665
19|242|0.5100764271077669
19|249|1.2327691506539842
20|22|9.299577750932125
20|23|10.881208593372842
20|24|3.41748862794168
20|26|26.773957111507276
20|29|10.205699355199524
20|31|9.297296573517084
20|37|1.8175095675293569
20|39|1.385150959509009
20|41|0.16443702576742167
20|42|0.45790934701598807
20|43|0.14240834252460421
20|46|0.8301937453532421
20|47|0.8052257039353995
20|48|0.5951534491003377
20|51|0.011401206896012903
20|54|0.282820948194548
20|57|0.19734766344975546
20|61|0.4176267364173854
20|64|0.5026656500004109
20|65|0.16092126595928086
20|115|8.557811736681709
20|116|6.1150405758676785
20|117|4.119016618122605
20|118|5.018911929735808
20|119|3.859044318769045
20|120|1.7661225902565179
20|128|2.183482049337907
20|129|1.367455004408502
20|130|3.7372353722399807
20|131|1.3548443050358037
20|132|3.3025897485126046
20|133|2.078327936893809
20|134|1.0616330221780859
20|135|1.0772711032040598
20|136|1.712307035144902
20|137|2.095993122675542
20|138|1.360752564901794
20|139|0.6098702988153278
20|140|0.7025907875688652
20|141|1.1935369520986754
20|144|1.5964700448000246
20|145|3.824884609920331
20|146|3.443163398355333
20|147|3.0679786140367096
20|148|2.8569015623806475
20|149|3.8550576013580065
20|150|3.1025224145188095
20|151|3.0757847901865953
20|152|1.441725500893492
20|153|1.1612908055838562
20|154|0.07800421768633466
20|155|1.1427519946328124
20|156|3.1219855129679663
20|158|2.6889835395682367
20|159|8.024754934359722
20|160|6.631906201229834
20|161|7.325667780368816
20|162|10.439500521282943
20|163|10.020936469875092
20|164|7.493723461292866
20|165|7.059488241289204
20|166|5.7566552159998485
20|167|7.998752518151263
20|168|7.3209302205380125
20|169|6.649828691385512
20|170|6.820154167859934
20|171|5.373646814488801
20|172|6.099362230003286
20|173|5.776191678325479
20|174|7.049151608324634
20|175|4.1426400886838515
20|176|0.39392669943650493
20|177|1.6359787704927589
20|178|2.4845777443387873
20|179|3.3249071856506807
20|180|1.3000410156593643
20|181|2.496330903912894
20|182|2.8377812835508456
20|183|4.21026759070554
20|184|4.093593667558941
20|185|3.377217863290951
20|186|2.8654068947979248
20|187|0.26792548837294305
20|189|3.0051735903103785
20|190|2.7809272021544493
20|241|0.19544293822792738
20|242|0.03335136654028535
20|249|0.261898100727297
21|23|1.1577813400248436
21|24|11.424090561208544
21|25|23.33661275769156
21|27|16.38571005364733
21|29|8.078158387951799
21|30|16.16969968546708
21|35|0.5027139360768786
21|36|5.860860479756215
21|37|1.1851187028127876
21|38|0.9756408936448547
21|40|0.28813721802178854
21|41|0.8610738884888925
21|43|0.9199039967618222
21|44|0.035413977897197475
21|45|0.1863015199424222
21|46|0.09944637655989856
21|47|0.28101233868208014
21|48|0.6372745012442353
21|52|0.0367070147156281
21|53|0.613681709664776
21|54|0.2396450724943888
21|58|0.30392767582360647
21|60|0.288698992614091
21|115|1.8925015661952362
21|116|8.102519558631155
21|117|5.36096302959247
21|118|4.873935907593022
21|119|7.645844981936258
21|120|3.681669042068692
21|121|1.3057692911211427
21|126|0.3247992711840587
21|128|1.7626423711092478
21|130|1.0256381071618366
21|131|2.2881506487836516
21|132|1.4557476805818064
21|133|1.2672884926198817
21|134|2.4268747134600805
21|135|0.8433229395224932
21|136|1.8078008312370417
21|137|0.7914892497996512
21|138|1.1257628165871616
21|139|1.6630112683576646
21|140|1.173384429859749
21|141|0.6008461233662484
21|142|0.4473540273336286
21|145|2.709371765206324
21|146|3.49220888499644
21|147|2.776918042538248
21|148|3.2372003738569104
21|149|4.2783242492451246
21|150|3.1356520985858225
21|151|1.250459334987784
21|152|2.0254291446168198
21|153|1.4730630796806792
21|154|1.7398078645146011
21|156|0.6938642803243925
21|157|2.589214392208054
21|158|0.3957945129068728
21|159|4.004683505591534
21|160|8.803133250863599
21|161|6.915519109708352
21|162|8.830520005127845
21|163|10.355324244830566
21|164|10.003871153534899
21|165|7.908702852030129
21|166|5.394651507135287
21|167|5.868554751717313
21|168|9.634484021765465
21|169|7.804827234932707
21|170|7.51311915289496
21|171|5.591297685712639
21|172|5.12571471719044
21|173|7.432485846709438
21|174|6.488317497018207
21|175|5.322310946429678
21|176|4.788073563431405
21|177|0.9916762297582767
21|178|2.1784152053439954
21|179|1.0331966716890484
21|180|2.4333882741675925
21|181|1.7234680868266894
21|182|1.9416126642819331
21|183|2.83137360355503
21|184|4.210669932842925
21|185|4.752542139911097
21|186|5.852998138876855
21|187|4.357611969266517
21|188|0.40042969411291135
21|190|2.844751953556164
21|191|4.978855989936946
21|232|0.07998204095542581
21|239|0.26626333389497486
21|245|0.34957843938629
21|249|0.5174011300500337
22|26|53.73710371385565
22|27|16.317136626889706
22|28|16.625699094319753
22|29|4.569714092204281
22|30|4.311940325689547
22|35|2.583707846144014
22|38|0.9658602669667883
22|39|0.7226262970157386
22|40|0.34179583307534217
22|41|0.6270499184677255
22|49|0.4662519194525793
22|51|0.14584649334807692
22|56|0.021609081039611473
22|116|5.217821148890254
22|117|6.770098487816744
22|118|5.15067836293935
22|119|7.68375933950718
22|120|5.676527760407422
22|121|1.683066890714483
22|122|1.0765151303909346
22|129|0.315787278277269
22|131|1.3692762833449645
22|132|1.0213195626831555
22|133|2.149947503936867
22|134|1.5986728948185691
22|135|1.5339436329569096
22|136|0.7392130035872144
22|137|2.040479507469641
22|138|1.6820249972846588
22|139|2.0090789571553933
22|140|0.09050325683405977
22|141|0.23099228371559427
22|145|0.7866870803342866
22|146|4.148620828938292
22|147|3.915890793919262
22|148|3.033752960156043
22|149|2.2673263937266745
22|150|3.2094454627771327
22|151|2.7056512093912777
22|152|0.765458250568537
22|153|0.8518895915825541
22|154|1.50920144094008
22|155|1.7953601978875184
22|157|0.706109829461604
22|158|3.235025969586414
22|159|1.6793470835097386
22|160|4.817108187058296
22|161|7.060080732209189
22|162|8.135109743464099
22|163|9.325123569103287
22|164|11.015709753080362
22|165|9.47323309112134
22|166|7.249105716999806
22|167|5.7887178483730395
22|168|5.74517328467736
22|169|10.036198593624809
22|170|7.499792732859153
22|171|7.516281683479313
22|172|6.479482742198234
22|173|6.700389256171889
22|174|5.368736822150717
22|175|7.182055201460617
22|176|5.788215296745321
22|177|0.15534267782209887
22|178|1.7360843279449578
22|179|2.1029167351833125
22|180|2.269406279484803
22|181|2.0827776139646828
22|182|3.0846505491228102
22|183|2.371958927817345
22|184|3.9392234883009136
22|185|4.206624963300655
22|186|4.287285454942452
22|187|5.3305669520188115
22|188|4.085588683154151
22|189|0.6969870412959344
22|191|2.67051936974787
22|192|4.583735829735469
22|238|0.25944380097954367
22|245|0.21746779682533768
22|249|0.4806076958053502
23|24|9.880239205806548
23|27|35.23737429839589
23|28|28.55721874906667
23|32|9.055317529119028
23|33|4.014536714234109
23|34|2.9713815081128474
23|35|9.325726703003589
23|38|0.32973997851866615
23|44|0.11011029232056617
23|45|0.5876768530724968
23|47|0.35784748682015033
23|48|0.1501687298568277
23|50|0.10212621369729923
23|51|0.47711861535068495
23|53|0.4302925735548623
23|54|0.04602823319818262
23|55|0.34127878369022646
23|56|0.25707533789491555
23|57|0.03836193914115138
23|63|0.14459922621176324
23|117|7.296310756891986
23|118|6.179297752308019
23|119|5.179885160624331
23|120|8.120688986159895
23|121|4.619586017279699
23|122|2.3806711487722967
23|123|1.449157494273376
23|129|0.5786628241914483
23|131|0.6503529033346998
23|132|1.8197084524205012
23|133|0.5049630399113735
23|134|0.8889347660506448
23|135|2.1754796201596447
23|136|0.1540592076017669
23|137|0.8131181347284635
23|138|1.8618652773020536
23|139|1.9923350957669053
23|140|0.9578254521183532
23|141|0.24081355051065267
23|142|0.28907042618100376
23|146|1.8314754564179472
23|147|4.056724012715051
23|148|3.624482738272441
23|149|2.785971282904005
23|150|2.4130221006739974
23|151|2.984483303408556
23|152|1.4423478848616096
23|153|0.8947601113512896
23|154|1.3992647116004215
23|155|0.11947250159191912
23|156|0.279807934488113
23|158|3.542987930357908
23|159|3.0833434727263516
23|160|0.6320099064681394
23|161|5.432712886029231
23|162|5.547522495289922
23|163|9.613300717409865
23|164|10.362079946394092
23|165|9.526030824772956
23|166|9.759575102193233
23|167|6.712492830464504
23|168|5.664082544378614
23|169|7.572494571509688
23|170|9.642353446688382
23|171|7.4466843669521685
23|172|7.118507227205737
23|173|5.061811074250291
23|174|7.234133220760481
23|175|8.016894689311851
23|176|6.963474746455304
23|177|6.262384726313223
23|178|0.7159798675453918
23|179|1.5324023432514156
23|180|2.2475570318120575
23|181|1.8743854149197468
23|182|2.188754660891031
23|183|2.31080027897649
23|184|2.3290442363700334
23|185|3.6320997248799554
23|186|3.489923562621355
23|187|3.466989125946091
23|188|4.7058661539081275
23|189|5.45426747878291
23|190|1.2492537223303273
23|192|2.807741364755567
23|193|2.143871092240238
23|245|0.05711639195991104
23|249|0.479137140735839
24|26|14.612037783016424
24|29|57.33048784779172
24|31|25.263209186377214
24|33|3.1449615162636295
24|34|1.4080551268689336
24|38|0.24650010140107828
24|39|0.5820205905772825
24|43|0.7770013908331626
24|44|1.1233912285201268
24|47|1.105491849717962
24|48|0.8875397115513061
24|56|0.5967425032724559
24|118|7.680103278257605
24|119|5.550123437366133
24|120|8.072770711863903
24|121|6.341630909927875
24|122|3.6573476496967676
24|123|1.439346679425046
24|124|0.37111936045352606
24|132|1.3192568147061186
24|133|0.8483392492695223
24|134|0.3397670331236401
24|135|0.8945355827695523
24|136|0.6972163413707566
24|137|0.4684730720971929
24|138|0.275427910151734
24|139|1.8479164963314292
24|140|1.3668076572204622
24|141|0.9244643330609195
24|142|0.01719706622767941
24|147|1.8530405870727698
24|148|3.923496768673207
24|149|1.967606429013923
24|150|1.8358459604027333
24|151|2.130873542948789
24|152|2.4607565360131396
24|153|0.641187050820592
24|154|0.03158510323961603
24|155|1.6167594484489067
24|159|3.2623359723722625
24|160|3.47083151263852
24|161|0.9311032105407626
24|162|6.554056364195195
24|163|6.067728055880929
24|164|9.35597609682515
24|165|11.08224680264221
24|166|10.511932235310693
24|167|10.306351690286625
24|168|7.9666962352302315
24|169|6.842024981146843
24|170|8.321111859718247
24|171|8.924130172329603
24|172|8.003088151869331
24|173|8.008246916836496
24|174|6.742229322628219
24|175|5.822878538064002
24|176|7.91759270853064
24|177|6.23207362273436
24|178|3.7221878121926344
24|179|1.325846967951805
24|180|2.5891050965373137
24|181|2.108658327702523
24|182|1.7966428157183354
24|183|3.038657930142885
24|184|2.0738617129633665
24|185|1.96264710420794
24|186|5.0702083188058396
24|187|4.057760915826971
24|188|4.852502007003525
24|189|6.408444090877065
24|190|5.861763742802885
24|191|0.7531939072034829
24|193|1.706546247414004
24|194|2.3063414018274426
24|247|0.5913178998312164
24|249|0.583156542928951
25|28|71.06879718817282
25|31|10.678276791510816
25|33|0.3836831439302454
25|34|9.072196572093748
25|38|1.4589222926658854
25|41|2.2379877499209617
25|42|0.7645069301788678
25|43|0.11189157531317362
25|46|0.06163334521676918
25|48|0.21059765880284595
25|53|0.7589194390355432
25|56|0.7491538307279364
25|58|0.5772946616308622
25|61|0.4454448167328848
25|119|7.966988521157416
25|120|6.064728092177518
25|121|7.973409494058923
25|122|5.721823103955761
25|123|3.420726232923646
25|124|0.9495973941910444
25|125|1.101524083776645
25|130|0.6494690812807739
25|133|0.16495855702858242
25|134|0.9488708771009465
25|135|0.5428274326091062
25|136|0.3024657360244575
25|138|0.08731489552083188
25|139|1.9628304696589614
25|140|0.6610922923163218
25|141|1.152246320270898
25|142|1.1385438184519392
25|143|0.07806415664117265
25|148|3.197801270986667
25|149|2.714862316508437
25|150|2.799279461048487
25|151|0.8398467092410092
25|152|2.7940973151663715
25|153|0.5427281549649264
25|154|0.14507566480128437
25|155|0.08773334682794627
25|156|0.46358567421496927
25|160|5.01356451299351
25|161|3.706478916903908
25|162|0.9246870971621051
25|163|6.058846506959732
25|164|8.347717136738831
25|165|9.729515231532245
25|166|11.39351028023468
25|167|10.300682695309328
25|168|9.84173383390477
25|169|6.293124315241198
25|170|7.072859986269301
25|171|9.383929941533127
25|172|8.533038154618364
25|173|8.158410352163614
25|174|7.518488783901373
25|175|6.974095708755889
25|176|8.279213015081623
25|177|6.5247685496040155
25|178|7.47558497400329
25|179|2.336865825415594
25|180|1.108593976137011
25|181|2.718137133463388
25|182|2.612456200606639
25|183|1.4315911996815487
25|184|3.292276683370271
25|185|2.92209503275796
25|186|2.8497624128407324
25|187|5.354082883077164
25|188|5.3179035812989355
25|189|4.366427232073732
25|190|5.9007936154234
25|191|6.090072319819963
25|194|1.6135882383171705
25|195|2.3043269642391655
25|247|0.20768348632346842
25|249|0.13518360945182015
26|27|1.3759810367041903
26|29|24.231739393644943
26|30|28.27068855093124
26|33|4.941218046093834
26|35|3.686335325510948
26|37|10.587467112789808
26|39|0.44177998896097787
26|41|2.0344383682572493
26|43|0.29851824853435155
26|46|0.03378602792914166
26|47|2.034631688040062
26|48|0.4095704418079762
26|51|0.038572612590531546
26|52|0.3569265761396252
26|54|0.7024857555435368
26|55|0.8601918423197897
26|57|0.15930725224987746
26|61|0.14400538100086413
26|70|0.2141853530798286
26|119|1.180222912683265
26|120|5.726738245825086
26|121|8.800779962022741
26|122|7.609856315145538
26|123|3.7337099591564837
26|124|2.697236824593547
26|125|1.0668166001472394
26|126|0.28385860557714665
26|134|1.076352860923283
26|135|0.3763173291352258
26|136|0.4823451362339712
26|138|0.7121323369197806
26|139|0.16823211760898968
26|140|1.5054761685105207
26|141|0.9638817501776558
26|142|1.0366365798532422
26|143|0.3629658613803675
26|144|0.6594641925908374
26|146|0.04737773605008836
26|149|4.534088729388437
26|150|3.9563940020174297
26|151|1.9939696724321354
26|152|3.1345724749857777
26|153|2.5144118435681633
26|154|0.8370560285436978
26|156|0.5187310666030495
26|157|1.7780199449270229
26|158|0.2825320436007068
26|160|0.5247603718214349
26|161|4.965797890655547
26|162|3.4534197529913477
26|163|3.9533206156579244
26|164|5.10891359540411
26|165|7.251006835057673
26|166|10.139889269762465
26|167|10.905757088370672
26|168|10.434396810339416
26|169|7.376948925427801
26|170|6.503660870576593
26|171|8.836979069718595
26|172|8.819103824149382
26|173|9.659137216601662
26|174|7.970085611140775
26|175|7.957341935938978
26|176|7.396831417052323
26|177|9.505614765397741
26|178|7.023805373122658
26|179|6.31068816702995
26|180|2.0704886993561122
26|181|3.272649625701966
26|182|2.8506849230562663
26|183|2.8136968081923706
26|184|1.285975890368243
26|185|3.286306146265038
26|186|2.876414371570491
26|187|1.7800306708397615
26|188|5.907115243624301
26|189|4.639464592589335
26|190|4.318470367704881
26|191|3.5579030599383423
26|192|6.705617985465072
26|193|0.19714915679029724
26|195|1.97579866466009
26|245|0.26683948360716137
26|247|0.40628739795665747
27|31|13.703805534948849
27|32|8.775286974435906
27|34|35.957055314687075
27|36|42.79253842273109
27|38|23.11289450028679
27|39|10.27022303317129
27|40|11.72305342281062
27|41|4.087694310738242
27|42|2.888172527097556
27|43|1.6272549012948243
27|44|1.0336773578769676
27|45|1.1304820561704616
27|46|2.4786405704686785
27|47|1.1810513130529894
27|48|0.17771108769991842
27|50|0.0842006226612703
27|51|0.35010475131791297
27|53|0.3426943449146323
27|54|0.32078940006307866
27|59|0.2034412683698213
27|61|0.11374213112964203
27|120|4.214277569177652
27|121|5.395302664665992
27|122|8.730463654593924
27|123|5.691922847193752
27|124|3.8759061783206303
27|125|1.8696367742529405
27|126|1.2933604286385145
27|131|0.9010214674054979
27|134|0.6286328664250266
27|136|0.5136842972917259
27|137|0.8029594196551147
27|138|0.7515615069507794
27|140|0.8727778022317856
27|141|0.9544170739837831
27|142|0.4234171009130411
27|143|1.0858714077062073
27|144|0.4001378206173596
27|147|0.12240172320151038
27|149|0.7098760953014971
27|150|3.3627962418635313
27|151|2.7546145165288807
27|152|2.920474978226957
27|153|2.180448752283705
27|154|0.5896996559982605
27|155|1.0034159295856724
27|156|0.010175046456389442
27|158|0.34111811790589963
27|161|1.467691048385332
27|162|4.633354271542138
27|163|2.778745652261632
27|164|3.6982484129047526
27|165|4.652442929686348
27|166|8.960867372652684
27|167|11.740468775330225
27|168|11.101857367366001
27|169|10.426268039450962
27|170|7.247156747882557
27|171|7.179134111903837
27|172|10.14716540493449
27|173|8.580656416358774
27|174|7.511101945699581
27|175|7.2064547159866
27|176|6.42828250077858
27|177|6.98655326557513
27|178|8.599502513149199
27|179|7.865143907834441
27|180|2.204612642658203
27|181|3.0408173190548555
27|182|2.9861831538694052
27|183|2.4473408975537168
27|184|2.5915044674140133
27|185|1.8164775640636242
27|186|3.412180234916735
27|187|3.7930597416477627
27|188|1.6400201531792524
27|189|6.506890203065174
27|190|4.4368074121875685
27|191|4.17114745138285
27|192|4.44821158000661
27|193|5.551571220786198
27|196|1.7636826973529267
27|244|0.10541155960403753
27|249|0.15184054761637603
28|30|22.32630638146754
28|32|45.74671567280858
28|33|40.882114178786644
28|35|34.50339035476036
28|37|16.432226327229564
28|57|0.35588876567873723
28|58|0.11689492261081214
28|66|0.11872501634925717
28|83|0.1110693927121965
28|121|4.3506532659921815
28|122|8.079370299226568
28|123|6.774019660860644
28|124|5.501523022549522
28|125|3.1275095251423246
28|126|1.9588943204234501
28|127|0.057748140599436754
28|135|0.6164414423855962
28|136|0.0934867382839191
28|137|0.5896600578798836
28|138|0.27549752506332476
28|140|0.29352172856543873
28|141|1.906277545928442
28|142|1.125885156785164
28|143|0.8150203512997475
28|144|0.4672210540936146
28|150|2.8074703381269197
28|151|4.190506175579791
28|152|2.2234752672538924
28|153|2.6470032086147124
28|154|1.455435994971784
28|155|1.4465578120154443
28|158|0.06764416035714414
28|159|0.2719549929864404
28|160|0.447196763395808
28|162|2.5761057425128255
28|163|4.0674352026162275
28|164|3.658082852591081
28|165|3.5843470331463934
28|166|5.264879832800501
28|167|9.668851041553323
28|168|10.478415100973676
28|169|10.69128806104569
28|170|8.595262978543328
28|171|5.499969423822714
28|172|8.01676063609272
28|173|9.520630602641225
28|174|8.07312175306617
28|175|8.612722235737538
28|176|8.639832921095255
28|177|6.5393701962859465
28|178|8.403532216943047
28|179|6.7771164398829615
28|180|4.964564102634919
28|181|4.1605636395127314
28|182|4.242412073207768
28|183|4.097271105075966
28|184|3.607307348574126
28|185|3.311566869900953
28|186|2.2398003835775673
28|187|4.113305267361586
28|188|3.3791685039814126
28|189|1.048366338033641
28|190|6.14153855579843
28|191|6.5630596312638305
28|192|4.729735741288944
28|193|2.886624784829415
28|194|7.308179621140624
28|195|0.6279198548017924
28|197|1.9806726702123023
28|241|0.09906718252488851
28|242|0.48502756928569846
28|245|0.14183932588027268
28|247|0.24473905779514546
28|249|0.9155652864481932
29|32|57.17399525911576
29|33|7.477425133954567
29|34|41.55756932860355
29|40|1.9167844283426234
29|41|3.789664261346543
29|45|1.083362540619949
29|55|0.24691397254959355
29|56|0.6297989416787801
29|57|0.25080722517503695
29|58|0.23402013709553904
29|67|0.046468897392945734
29|122|5.907877929116291
29|123|6.546034952569882
29|124|6.859186389845609
29|125|4.908494251609579
29|126|3.5192332598236793
29|127|1.2251364673788974
29|132|1.640836162817145
29|138|0.895207162288957
29|139|0.5408555705239831
29|142|0.634068687472317
29|143|0.3793089624133861
29|144|1.2845574791080319
29|145|0.30474213549666146
29|146|0.032597077005743165
29|151|4.802959929383223
29|152|2.9874679172930705
29|153|2.7701555819908266
29|154|2.5272394795873763
29|156|1.188959534446098
29|158|0.2704494385691612
29|159|0.3675331191416374
29|161|0.10329182171072522
29|163|3.1579841101745005
29|164|5.132817961101974
29|165|4.0311639908368475
29|166|2.505292635111655
29|167|2.9765965798189558
29|168|9.479572205662906
29|169|9.971467521271075
29|170|12.504626183168574
29|171|7.181561640402838
29|172|5.978496156854446
29|173|9.758691959498467
29|174|10.61157760041718
29|175|8.828158908027948
29|176|9.563206177354953
29|177|8.061092648290902
29|178|7.076609048006377
29|179|7.81063056415393
29|180|8.065322608860178
29|181|2.706017076345547
29|182|3.5724709002645665
29|183|4.376502194906502
29|184|4.665611502404584
29|185|3.9916430171160466
29|186|3.8042523185358585
29|187|1.5207909467547207
29|188|4.7098729207178085
29|189|2.1691900968121374
29|190|1.026303205687546
29|191|6.293057285037385
29|192|5.959270809252282
29|193|4.182976202681722
29|194|2.957173977721004
29|195|8.744848063798553
29|198|0.33872030460398406
29|243|0.015935918610974053
30|35|15.002325708694219
30|38|14.508593838541827
30|39|11.255238287590961
30|40|1.8522593492235906
30|44|1.6016304694925596
30|47|1.352434102636145
30|48|2.540088399957523
30|49|0.5277481043374124
30|50|1.128275476647303
30|51|1.8470910702454149
30|53|0.41599972312851574
30|54|0.2974213480018604
30|55|0.18172799616238242
30|56|1.037251502228007
30|61|0.11653675817059864
30|63|0.24995123983927142
30|71|0.10777704820530992
30|72|0.3105934257103606
30|122|1.4737038078261244
30|123|7.192673020092196
30|124|5.358567866490998
30|125|5.233427803180897
30|126|4.4061360291850695
30|127|3.0540683173608043
30|128|1.4023743887150908
30|136|1.0069057991035257
30|138|0.2751842989114864
30|143|1.0873038356899873
30|144|0.8652207365310459
30|145|1.030976362437065
30|146|0.08335790648276611
30|151|0.4992408632207622
30|152|4.078315896545634
30|153|3.1968949328281258
30|154|4.3652788747160125
30|157|1.469148663996183
30|158|0.24132041874437996
30|163|0.10598504061390017
30|164|2.0841850564118887
30|165|3.7947236069834274
30|166|3.3377684753352286
30|167|2.3108732660772136
30|168|3.1315255821581363
30|169|11.863982634879662
30|170|9.472456049877339
30|171|9.774764746560534
30|172|6.437677042496711
30|173|7.397006049484575
30|174|9.469133743019523
30|175|10.395289368472904
30|176|9.095647568501656
30|177|7.919295498383652
30|178|7.815928893592564
30|179|8.17293395697328
30|180|6.630762148706675
30|181|7.008202110596018
30|182|1.5130501188497643
30|183|3.944361465432109
30|184|4.813448054097833
30|185|5.2490499536781385
30|186|4.556316737676145
30|187|4.642390656857495
30|188|1.9409295653673766
30|189|4.4359403632593315
30|190|2.3452271929769717
30|191|1.9547520782371617
30|192|4.349310164940144
30|193|6.963793502848867
30|194|5.617639236704513
30|195|2.383126482882971
30|196|8.35787606933429
30|198|1.1190425778246282
30|233|0.06553987033341986
30|242|0.15493676581681054
30|244|0.20708459823698128
30|247|0.17305531193262136
30|249|0.8540757180524883
31|33|51.924904739775414
31|34|22.2633785141825
31|36|14.809012910930312
31|37|7.715273461231175
31|38|17.96355511053661
31|43|1.5858916575764086
31|44|1.9767516448054303
31|45|0.08963577853721562
31|47|1.4679909470307024
31|54|0.04050944816744067
31|55|0.16993484356062083
31|56|0.9177715715706648
31|68|0.0004917063490944667
31|123|3.0367397058967716
31|124|6.0373998995317875
31|125|3.9631107828465093
31|126|4.565473171726427
31|127|5.093015599291228
31|128|2.7061456454469406
31|129|0.20125645907684067
31|133|1.3029507774644384
31|137|1.4325941111667129
31|145|0.6938777063713228
31|146|0.5649386924971981
31|148|0.308984075927697
31|152|1.3286452240470115
31|153|4.138544012618519
31|154|3.1445190592168255
31|155|0.4333834838975953
31|157|0.46110672055963403
31|158|0.4237323906398291
31|159|0.16378314800389993
31|160|0.8785744564180153
31|161|0.5039910380442962
31|162|0.2432002588030408
31|164|1.5974140788133808
31|165|2.104568472874055
31|166|3.5248095460099123
31|167|5.931651128695271
31|168|3.5909065575109436
31|169|3.713613119753413
31|170|10.277458169464733
31|171|13.029107402722731
31|172|8.494786658308556
31|173|5.528040060291357
31|174|8.64163710863034
31|175|11.093353613515301
31|176|10.14197567791743
31|177|9.787658445080508
31|178|8.356429838659206
31|179|8.008813810436433
31|180|9.066198637420278
31|181|6.955960648197815
31|182|2.605723397032455
31|183|2.9033217261824382
31|184|3.7077170501158645
31|185|4.120347627287986
31|186|5.742282021634344
31|187|3.946759308970992
31|188|5.122863063813863
31|189|2.7679512470900858
31|190|4.7949904712806575
31|191|3.4203821226289683
31|192|1.1609850149777516
31|193|4.494124985881395
31|194|8.162492069332133
31|195|6.5534978082891895
31|196|3.7160949753779473
31|197|7.424536292855412
31|247|0.069247015946863
31|249|0.3855321143498391
32|36|75.71838341479517
32|37|7.449506466151628
32|39|0.06885916755396906
32|41|5.8140018373906095
32|42|5.900617478612599
32|43|2.73062339282609
32|46|1.554021888652652
32|47|0.6552167600484561
32|48|1.1510651228140814
32|53|0.1125578459257643
32|55|1.1906921447527785
32|56|0.6485495940701398
32|71|0.07524055145957155
32|124|6.344760293352026
32|125|3.782397789602975
32|126|3.7539222424183643
32|127|5.324697755791916
32|128|4.1288159803812325
32|129|2.4967745711547535
32|130|0.506197337622787
32|133|0.9918558040427609
32|137|0.36589726461440997
32|138|0.11281699083682646
32|139|0.024926915107123603
32|145|0.047654020774776984
32|147|0.3743590867109642
32|148|0.5670939538797507
32|149|0.2313056658502515
32|153|3.2928142075725444
32|154|3.288677349624239
32|155|2.6907755565909914
32|157|0.1529643736344987
32|158|0.09949265748911887
32|159|0.6073573044419472
32|162|0.05225688668719587
32|163|0.06471371829228355
32|165|2.914953805318916
32|166|0.5555257232738083
32|167|2.2400249852042555
32|168|4.423473235931974
32|169|4.696097906239078
32|170|4.274644458959999
32|171|8.856434840781118
32|172|9.755095534651659
32|173|8.416056030600753
32|174|5.289748863927079
32|175|7.175382931174363
32|176|12.101979227460177
32|177|9.359097889816953
32|178|8.98736569997412
32|179|9.251927801087792
32|180|11.29573475832101
32|181|7.915692367309754
32|182|6.6088682109501695
32|183|2.9967791687319947
32|184|2.6456584871936437
32|185|4.646394601293071
32|186|4.911732612970675
32|187|5.477226199151193
32|188|3.9003188614211735
32|189|4.591481425108611
32|190|4.232244010122235
32|191|4.983155950493341
32|192|3.688206313426382
32|193|2.50701448054535
32|194|5.004430247508853
32|195|8.104174073986444
32|196|7.632453647021317
32|197|5.336617266094743
32|198|5.58565011436537
32|242|0.1511851594185604
32|247|0.01769903123534835
32|248|0.07468662041888091
32|249|0.31699807142024494
33|35|11.516530808356112
33|36|2.5392299636406634
33|40|44.39897555377547
33|41|26.911474704288565
33|43|3.4318804113407877
33|46|1.880317155770082
33|55|0.5866998411241339
33|61|0.25841645650738204
33|64|0.1650949599486916
33|65|0.13534581101519705
33|125|5.558267331118813
33|126|2.9339460905020185
33|127|3.9362640201606447
33|128|4.794217194571776
33|129|4.1568441501106355
33|130|1.8699261691163969
33|134|2.782999570844419
33|138|1.1189926587183647
33|141|0.5211012413978277
33|147|0.43731177068770255
33|153|0.2851808720301257
33|154|3.758018043091655
33|155|2.205612617552125
33|156|0.4622186075053622
33|159|0.2812757966862693
33|160|0.4509801177056341
33|162|0.04942072695622201
33|165|0.15285549979690757
33|166|0.4570568473959389
33|167|0.5554718482945353
33|168|1.8927854260605819
33|169|2.9278156080934097
33|170|4.620017127594574
33|171|6.084035861150773
33|172|11.078856354613787
33|173|9.677281827580726
33|174|6.356202729166831
33|175|7.80389592371161
33|176|12.73541342396088
33|177|11.121731477669119
33|178|10.703124372791859
33|179|9.635513165607952
33|180|7.601543293590502
33|181|9.451632433048163
33|182|8.417635388377857
33|183|2.834254626040104
33|184|3.6034433880916237
33|185|2.9406996497821467
33|186|5.531436265833628
33|187|5.581002486482156
33|188|3.8829080961379487
33|189|6.689065910267237
33|190|4.20054482683534
33|191|4.711717459523731
33|192|6.682699608564015
33|193|3.53976394086361
33|194|2.3135014377060097
33|195|3.4024296010748447
33|196|9.830264281304782
33|197|7.706342937149107
33|198|5.175863031896204
33|199|2.177285246696088
33|247|0.19040926493832905
33|249|0.11781584810437168
34|36|7.675694180806384
34|37|43.579004025692505
34|38|9.597364674198944
34|42|21.271395012894878
34|45|7.528315822059629
34|47|0.04575161499255789
34|50|1.0511074235942877
34|51|1.7551313081099902
34|52|1.0888246446107697
34|53|0.048861300962337983
34|54|0.53412976469504
34|55|1.9168255251510231
34|57|0.64720151137143
34|62|0.0021334535553115905
34|63|0.3123394860149599
34|64|0.6170312271329725
34|72|0.12979970744701821
34|125|1.9166461337229441
34|126|4.268525494755188
34|127|2.4736140843904444
34|128|4.127693627832284
34|129|3.745827061386735
34|130|3.7976034348727694
34|131|0.6871810018868184
34|132|2.138807488054593
34|133|0.13852635180433753
34|138|0.03887804846153733
34|139|1.2288274877799479
34|140|0.37673776672368015
34|142|0.6941048245711336
34|145|0.01847271364024061
34|146|0.12567590887984711
34|147|0.4214096218174307
34|154|0.35505372029248633
34|155|5.239700164730365
34|156|1.676053251261755
34|160|0.24518573424322712
34|166|1.9110422782372745
34|167|1.1732845117595598
34|168|0.12944560133692537
34|169|4.426066210540064
34|170|3.371887197965674
34|171|5.607316337601492
34|172|7.052055065610983
34|173|9.777290192290934
34|174|7.9955373507835255
34|175|5.79010690973059
34|176|6.323152626752201
34|177|11.06047108828187
34|178|10.507544217414232
34|179|10.556227366446574
34|180|10.469959745840368
34|181|9.905651847745345
34|182|7.742633759987318
34|183|6.255997165452408
34|184|3.9668939016451525
34|185|4.05298782803496
34|186|3.554582615433428
34|187|5.047362882925759
34|188|5.865205213531794
34|189|5.217957093668871
34|190|6.087832751451002
34|191|6.945923774718551
34|192|5.675246119213075
34|193|6.399131723367368
34|194|2.6251269744012635
34|195|3.6159652872779158
34|196|3.8809840262403017
34|197|11.543919704399618
34|198|6.728502050476787
34|199|2.82404856804815
34|244|0.02569078759509859
35|37|44.22201348878151
35|39|1.3191142584302238
35|40|1.60877415585568
35|41|5.581935047284166
35|44|3.791944739530782
35|45|0.16158495222176897
35|47|2.1319838781150753
35|52|0.39827349409638263
35|54|0.48205741292489024
35|55|1.6645268109106852
35|56|0.7488638126553713
35|62|0.371429500899042
35|126|3.0331994469961012
35|127|3.0299398533389033
35|128|2.495013660719714
35|129|3.6553313146921442
35|130|3.8605466612354298
35|131|3.0438137432832333
35|132|2.2012492935357906
35|133|0.5011334822878202
35|134|0.8618156558722209
35|135|0.5410059107627722
35|142|1.1372143432589341
35|144|0.053325472884680404
35|148|0.5369997703628733
35|149|0.688970185908641
35|154|0.5743341102514585
35|155|1.0896390697539196
35|156|7.112742471295423
35|157|0.5862920395683766
35|161|0.007228209811172261
35|163|0.3269196844381118
35|167|4.3013452144398086
35|168|0.8324374426268051
35|169|0.609876482019985
35|170|2.295247043241721
35|171|2.911358764897815
35|172|6.873595165803449
35|173|8.21911565839091
35|174|6.98151975603263
35|175|7.527322509997125
35|176|6.385271883620257
35|177|6.886752618289549
35|178|10.461691011801943
35|179|11.372166223678793
35|180|10.667126879623547
35|181|9.01679564253332
35|182|10.504522135658277
35|183|8.965637406022916
35|184|4.402270991003047
35|185|3.2166615217362824
35|186|5.07492948919445
35|187|4.291847143011962
35|188|5.649522784229499
35|189|7.239465376436734
35|190|4.014141583679855
35|191|6.255466423056677
35|192|4.148248228678702
35|193|8.157028156028465
35|194|8.218843279120065
35|195|3.0815081430822437
35|196|5.591422956411844
35|197|2.399218127379472
35|198|10.022900946361517
35|199|6.469949476932514
35|200|2.204522677356345
35|242|0.12692190184595653
35|249|0.2994594595188637
36|38|122.54757983909397
36|40|27.1008540744767
36|41|0.9783128449050104
36|43|19.62846945188865
36|46|5.51235715794836
36|48|1.5961766265949098
36|51|1.86102781231351
36|52|1.1327681822286542
36|53|1.6345141290048926
36|54|0.9329712540858867
36|55|0.3005289819550735
36|61|0.3966553059385242
36|69|0.20877713560567726
36|127|1.64712931177549
36|128|2.389431648328188
36|129|3.9822799610756223
36|130|3.0901964647873226
36|131|3.4137479880354262
36|132|2.2020804339178404
36|133|1.6756335313768853
36|134|0.7578052856164349
36|135|0.9880915459780852
36|143|0.29490625654413904
36|149|0.3268513572174717
36|154|0.23644345581151915
36|155|1.4023082356466265
36|156|5.827364025102893
36|157|1.5977146768326347
36|158|0.9107289943960782
36|164|0.030123849611629356
36|165|0.053480953678913666
36|168|3.843134915865353
36|171|4.082634314870493
36|172|3.4619506929758197
36|173|8.097379006768064
36|174|8.34711790612555
36|175|7.18621790547445
36|176|4.411300879318929
36|177|6.21954893858254
36|178|10.503128901455534
36|179|11.310993348559636
36|180|11.433005200363166
36|181|10.37310935589864
36|182|10.168155728034492
36|183|6.998166744804728
36|184|8.590792800705612
36|185|2.756200679411658
36|186|5.447798847833253
36|187|4.068816217531632
36|188|5.165195109034658
36|189|4.976607607802995
36|190|7.119940090184768
36|191|5.693892522339526
36|192|6.885850228859837
36|193|4.272019426589538
36|194|7.3776293850830745
36|195|8.687501739643542
36|196|3.6104856339786275
36|197|5.018296428082825
36|198|5.598205475221369
36|199|9.638406548154526
36|200|6.588586512009452
36|201|4.7064255956035375
36|244|0.009335437012953796
37|39|39.913622335099
37|40|64.9421463291115
37|42|17.837144138885115
37|46|1.2973865627873864
37|49|1.6939508187995749
37|51|2.2950247054849733
37|54|1.0207186599596776
37|55|1.1828938468976953
37|59|0.45147400735553006
37|61|0.23736079128834028
37|63|0.1413750080793204
37|65|0.1348163554369988
37|66|0.28597090396419605
37|67|0.7219348139500201
37|68|0.17106779194031632
37|69|0.008712553488735461
37|70|0.1015466384154407
37|71|0.1552288339346216
37|76|0.001278804739559734
37|128|2.603463065548851
37|129|1.624685168267044
37|130|3.7514489697406375
37|131|3.5931967032077483
37|132|3.350532186022555
37|133|2.4161253441078743
37|134|1.8156938214769867
37|135|1.3088939158607897
37|136|2.0496755891552403
37|140|0.36803710971731907
37|145|0.877637180702165
37|146|0.5270143426474616
37|147|0.37481860055717575
37|148|0.09587979567165447
37|151|0.47002733781671474
37|155|0.7429516190980836
37|156|3.215176476868543
37|157|2.1274061413436125
37|158|1.3866591552572882
37|163|0.5950480592034055
37|164|0.4247473381682617
37|165|0.3901663091351053
37|169|1.47677925916953
37|170|0.6558859991145521
37|171|0.9287605399704829
37|172|3.920853075437177
37|173|4.10454892128289
37|174|7.531418056629592
37|175|7.99399271180996
37|176|7.657101793442145
37|177|7.273558702810303
37|178|5.558337248497535
37|179|11.482657460116535
37|180|11.068266357876936
37|181|10.976529523466851
37|182|10.658275862415568
37|183|11.37706512511405
37|184|9.212210550383181
37|185|4.579254276705665
37|186|3.759558831702233
37|187|5.040425936541683
37|188|4.5165472638493185
37|189|5.689771635176259
37|190|6.106538341927803
37|191|5.864550762314787
37|192|6.089450376524628
37|193|6.891347269344838
37|194|6.053117022908218
37|195|7.6787237966342055
37|196|6.7680709773116865
37|197|4.738166681820631
37|198|4.375865681263038
37|199|3.5482906863824972
37|200|9.547648859800761
37|201|5.0585777400396505
37|202|3.7560430711083046
37|249|0.35023639301127735
38|41|114.3458569175104
38|42|59.43520299666921
38|44|0.4726816140260668
38|46|0.6518302940294289
38|47|1.8257614425358182
38|48|3.060497149031121
38|49|2.2979462095570926
38|50|1.5913105838584094
38|51|5.26371653161531
38|52|0.2825496032977757
38|54|1.750039155606509
38|55|0.6756406890996953
38|56|0.5170258116561356
38|61|0.43050767272659524
38|66|0.6541130167206284
38|67|0.7447571806807158
38|127|0.6458530806686924
38|129|2.3563422635381333
38|130|2.542024772094074
38|131|3.1327737730247978
38|132|3.3404674127955882
38|133|3.6057798850170357
38|134|0.6241241079618414
38|135|1.4882930779034642
38|136|2.5514553049037425
38|137|0.23503237714567904
38|146|0.2960778447989121
38|149|0.20654859926290658
38|152|0.33980131515931283
38|156|0.7703854997258847
38|164|0.6198955527879375
38|165|0.10055285364326479
38|169|0.5450167484245613
38|170|0.7703731137469322
38|171|1.3760755329497454
38|173|2.719914673068629
38|174|5.616862905649532
38|175|8.637746895095871
38|176|9.101656180433874
38|177|4.741497769009058
38|178|5.824990508038417
38|179|7.653340907630784
38|180|10.702321035441338
38|181|9.431924649125694
38|182|10.63701623656505
38|183|11.053545252898497
38|184|10.183574837245557
38|185|5.725595663587946
38|186|2.4513820546211074
38|187|4.299092392729407
38|188|4.839600519355617
38|189|5.879639185146197
38|190|6.235099130197541
38|191|6.819784224837615
38|192|5.051963002496157
38|193|7.298411699439435
38|194|5.0797481957493344
38|195|6.047396107535488
38|196|7.882827356106049
38|197|6.786088028030434
38|198|4.970901781827753
38|199|4.191793926949227
38|200|5.0830118404579405
38|201|10.671479791307792
38|202|6.366935491104495
38|203|2.653327832031939
38|249|0.03613403115239974
39|42|21.522645866154168
39|43|28.371088568657548
39|46|11.266544521873332
39|47|11.07328400408186
39|50|1.2929891519544487
39|51|1.0787505954707146
39|53|2.735102915492842
39|54|1.4838912573278662
39|55|1.2309410823976632
39|56|0.4047213052303302
39|65|0.45265024270935467
39|67|0.31960234593270137
39|72|0.2514108104497322
39|128|1.3258375553328094
39|130|1.977757433507846
39|131|2.639626551767789
39|132|2.68367052276144
39|133|2.7080873053069867
39|134|3.4037828820643004
39|135|1.8614606506179103
39|136|1.70971198588976
39|137|2.9324853689304073
39|138|0.45648448450212536
39|151|0.3784235885295176
39|157|3.2941271934363834
39|158|2.2844840011333103
39|164|0.7498033193775595
39|165|1.732363584812907
39|166|0.3571437358809102
39|167|0.7039516737978168
39|170|3.2246867542631854
39|173|1.3300830101844603
39|174|1.4595681554811235
39|175|8.623222651471835
39|176|5.937273330834058
39|177|7.091505635884926
39|178|4.828704063268772
39|179|4.262268556943989
39|180|9.478009517904862
39|181|10.962486171243778
39|182|10.006762632487609
39|183|10.232643796209466
39|184|9.798023013161878
39|185|9.639357166096106
39|186|5.260227560566258
39|187|2.912219907746167
39|188|4.762740429239076
39|189|6.0567077629749795
39|190|4.661051589900229
39|191|4.897665398657906
39|192|8.133849505825898
39|193|6.161119785190317
39|194|7.685445856008002
39|195|4.854441142174768
39|196|8.242152421816677
39|197|8.203242432039646
39|198|6.121358703209906
39|199|7.949178206439354
39|200|7.39554014145115
39|201|4.705955216764553
39|202|10.403011175105053
39|203|7.171392016507885
39|249|0.3067128845074877
40|45|7.174403295640043
40|46|3.144251907693954
40|49|6.062446004549036
40|50|0.5231281819724022
40|51|0.275483734815558
40|55|1.365255573669807
40|56|0.24854831481790582
40|61|0.6382513164492969
40|66|0.4133882146763084
40|67|0.17585781997115438
40|71|0.17751874434181245
40|131|1.5549205748411554
40|132|2.6578788252887655
40|133|3.6365939318128535
40|134|2.9832482913112286
40|135|2.6835951740494024
40|136|2.457710613471802
40|137|2.5178312398487526
40|138|2.5234282684981686
40|139|0.12261689577191803
40|148|0.30488919475114273
40|150|0.2313570606486284
40|153|0.045209183450396984
40|154|0.037661363200544126
40|155|0.7123474346404798
40|157|2.431268843976874
40|159|1.4036835482668062
40|160|0.5369337216596485
40|165|0.9146964352016383
40|166|1.9384729023781502
40|167|1.3036688401609995
40|168|0.15074965782095787
40|171|0.7067795954026476
40|173|0.149085125462835
40|175|3.562381670351098
40|176|9.91464576534932
40|177|5.263669200204773
40|178|6.684866291028698
40|179|6.4118532767808984
40|180|4.525205379641339
40|181|12.429153221941036
40|182|11.32520387121665
40|183|9.9359135127736
40|184|11.284455508635329
40|185|8.71390230471699
40|186|7.949574510585197
40|187|2.976902643699525
40|188|4.133944090600381
40|189|5.35928119519183
40|190|6.5108093253530335
40|191|5.93213457098853
40|192|5.781559284460733
40|193|6.112604169135347
40|194|8.05872458822765
40|195|9.929822882945965
40|196|6.34416916604977
40|197|8.731812352439913
40|198|8.337213643810498
40|199|7.278387743973808
40|200|8.117944574498482
40|201|9.439742747490902
40|202|4.949017832624578
40|203|12.139390880726676
40|247|0.1397989698642386
41|45|20.773173148388913
41|46|29.3218497029078
41|49|20.08715014735268
41|51|0.9380810698414815
41|52|0.7258882655101411
41|53|1.0909505760038387
41|54|0.3413783486051151
41|56|1.4418235926107117
41|65|0.29376974696898606
41|66|0.02523467455989621
41|70|0.12135606538681015
41|75|0.14703799694262742
41|129|1.722628199521646
41|132|2.227515543083041
41|133|2.8925266957323386
41|134|2.748535806168275
41|135|2.95883258873053
41|136|2.3935776918995293
41|137|3.3907153102021197
41|138|3.598463759995793
41|139|1.527146475559857
41|140|0.450227990137205
41|144|0.08603224850769897
41|154|0.02680895132392631
41|158|2.938144699553126
41|161|0.28213750575727736
41|166|0.958810982686803
41|167|1.8672752283295333
41|168|1.6911519130051178
41|169|0.19823833905740726
41|172|0.5596514005181077
41|176|2.5723996528635817
41|177|9.56663520877584
41|178|5.099983090281755
41|179|3.8723418350393723
41|180|4.345131713994362
41|181|5.618089296790028
41|182|12.064149884050206
41|183|10.156632437041047
41|184|10.144976047324754
41|185|10.89667466512476
41|186|9.422079707914046
41|187|4.994185731291374
41|188|3.3712631296447455
41|189|3.3978992988134658
41|190|6.132242589778469
41|191|6.0403095691619555
41|192|5.374046798203903
41|193|6.786851637042727
41|194|6.434171743247895
41|195|9.103657450861622
41|196|8.297422884162385
41|197|8.090836040563142
41|198|7.096984255092017
41|199|6.728781563554834
41|200|8.593880992232982
41|201|9.232036030529924
41|202|12.46406724414016
41|203|3.94685269121973
41|204|12.16824292741222
42|45|7.300545795517588
42|46|34.94059452350277
42|47|28.03857956622939
42|50|8.576146572461694
42|51|7.801551275672289
42|52|3.782851607873906
42|56|2.3483778226098964
42|62|0.5546928223467431
42|65|0.5496796766141868
42|67|0.6822211896027406
42|71|0.1442825019368254
42|72|0.4966983154459822
42|130|1.5371673570309272
42|133|1.2571187164508677
42|134|2.68307560464488
42|135|2.990922786034075
42|136|2.35165036262315
42|137|1.0859031641725276
42|138|3.7864150581789016
42|139|5.139563318368275
42|140|0.9548898913876321
42|141|0.5659701289371316
42|158|2.128772419573876
42|159|2.634583134239883
42|167|1.7448263848520986
42|168|2.4225254152507967
42|169|2.156497907297474
42|170|0.3875360029317804
42|172|2.7202801629847144
42|177|4.745516665633125
42|178|9.275622923935046
42|179|4.805273320062741
42|180|6.016135682162803
42|181|3.10894863595696
42|182|10.530507844409113
42|183|11.363360193785319
42|184|10.954463098351646
42|185|9.108801952904633
42|186|9.85762192021734
42|187|8.527061433658092
42|188|2.9036094191407957
42|189|3.281460450551634
42|190|4.516899639749347
42|191|6.661727033993354
42|192|5.22594100719258
42|193|7.371219440711008
42|194|5.750759142830453
42|195|7.226609395794282
42|196|9.75494520918782
42|197|8.519202669906784
42|198|6.876845815459392
42|199|8.007030799160773
42|200|5.657428393190939
42|201|7.660997208424038
42|202|10.092145127796096
42|203|11.641851954914648
42|204|2.8135037285967606
42|205|8.972924640519794
42|249|0.7518828359512516
43|47|13.419228779170256
43|48|7.116601889983282
43|49|11.532100857262611
43|54|2.8105918683935824
43|55|9.051391052212516
43|58|0.06895868028118636
43|59|1.1581194471490133
43|61|0.6637083351666164
43|62|0.021186744495373253
43|65|0.8560516161505956
43|67|0.3368865772619963
43|70|0.35512681272331353
43|75|0.14949657853282342
43|94|0.06270983007125547
43|96|0.19458173132775328
43|130|1.940727309538059
43|134|0.9031122879840563
43|135|1.7442635458919078
43|136|2.949546463283495
43|137|2.006415839391855
43|138|2.0923087485866176
43|139|3.7978819701944637
43|140|2.9598404521881547
43|141|0.7419429516286014
43|142|0.9653260836538454
43|153|0.007905801251027508
43|158|0.536262658118808
43|159|1.8231213790375165
43|160|0.8912419835122766
43|162|0.32049528479047606
43|167|0.8455768170783504
43|168|1.097329299260639
43|169|1.7759547537443745
43|170|2.3332373707773386
43|172|0.01682350750234775
43|173|1.2037433604933854
43|178|2.2875421516162997
43|179|11.056452987801537
43|180|4.264703865012469
43|181|0.5451609966330182
43|182|4.648938485447042
43|183|9.448601861917096
43|184|11.466054827471119
43|185|11.147748567023745
43|186|9.774833873748854
43|187|9.933731111247129
43|188|4.019658985140409
43|189|4.754016637921289
43|190|5.200282655886081
43|191|4.54671017293058
43|192|7.337607793916298
43|193|7.2668027290219674
43|194|7.462565117634189
43|195|6.834724240412071
43|196|8.668275375601525
43|197|11.107007535465907
43|198|8.358576663140964
43|199|9.230426241410465
43|200|9.73162212912221
43|201|5.084112476516541
43|202|7.409823152217513
43|203|10.856453632767458
43|204|11.829401722434111
43|205|0.6643438611124758
43|206|8.553747876404312
43|247|0.21858544397609925
43|248|0.39990402854021295
44|48|2.6963626423061444
44|49|8.880118447546907
44|54|2.8014920522690265
44|55|6.8350670685849435
44|58|0.07185018312411014
44|61|0.7550878977765689
44|64|0.4508789057459206
44|65|0.19581329174733964
44|66|0.19892289668245244
44|67|0.9234143495931331
44|71|0.2872148747025207
44|72|0.14426408523974577
44|73|0.3772929401523626
44|74|0.09841558199154524
44|90|0.15648843312932656
44|105|0.11875366016773745
44|108|0.15429933762747558
44|131|2.083902627291751
44|135|1.6505573395527617
44|136|2.3574744708301676
44|137|1.9865069296809132
44|138|2.6307316646350647
44|139|2.865365482478749
44|140|4.9566460364299365
44|141|1.491522702119578
44|142|1.6543276719243099
44|144|0.8728723520454941
44|151|0.3565637005982498
44|153|0.24468295154021324
44|159|1.8353395255784624
44|160|2.212074564971553
44|161|0.7569034849527185
44|168|0.22019714447177943
44|169|1.726215423330576
44|170|2.3640205870349447
44|171|0.8870436555221798
44|173|0.7164758707515788
44|174|0.5447384070708063
44|178|0.8572264796360622
44|179|3.9806467881910925
44|180|11.038841607443402
44|181|7.919723655820251
44|182|1.1999331549923191
44|183|8.165444544189388
44|184|9.951494981992582
44|185|11.94605870899738
44|186|11.179988708893385
44|187|9.29124121026927
44|188|7.7126456421333875
44|189|3.5565321199214663
44|190|4.368555666235033
44|191|4.840362271991526
44|192|6.023133519866696
44|193|7.110609188753708
44|194|5.991027010153097
44|195|6.155317214348688
44|196|4.8383219634163455
44|197|7.793641394657652
44|198|10.926826302121292
44|199|9.55499823627741
44|200|10.118040887652974
44|201|9.920984400205853
44|202|5.598761954654125
44|203|10.218552960991053
44|204|12.499063198042098
44|205|11.891378310981308
44|206|1.7763414349414115
44|207|5.94902148348601
45|48|2.55191785743818
45|52|11.854515420038044
45|53|8.221400748059343
45|54|8.897258420856897
45|57|0.30797782059421597
45|58|0.13188088444050466
45|59|0.08584842242595377
45|61|1.5457377614200316
45|65|2.8893093268622048
45|67|0.7435847697636456
45|69|0.8977844659521629
45|70|0.9996266394001361
45|71|0.3612597479418582
45|72|0.07589079002419075
45|73|0.11349566947011429
45|74|0.07064431404984764
45|93|0.024325039719368165
45|101|0.04910118553124653
45|132|0.29711295897898166
45|136|2.201161224920985
45|137|2.2389096985175065
45|138|2.218481774244227
45|139|2.1103065651037007
45|140|2.7944972326951154
45|141|2.7590412507914257
45|142|1.8785454049647825
45|143|2.4259891439297316
45|144|1.624294007684792
45|145|1.4699035034473589
45|146|0.3830876974199112
45|159|1.163669847934496
45|160|1.0092748713030644
45|161|2.481849299500941
45|169|0.7477576131193095
45|170|1.269500517981748
45|171|1.4003878120888493
45|172|0.20592594002426357
45|174|1.096876598750738
45|175|1.2185103513684505
45|178|0.03870503183183762
45|180|1.9722586928709502
45|181|8.878796114305567
45|182|3.4226447565956613
45|183|1.3545365654424486
45|184|11.294274848540747
45|185|11.04397245377785
45|186|12.258449198218502
45|187|8.886652671374616
45|188|7.879088965843515
45|189|2.7224824659181683
45|190|3.8799400467104803
45|191|3.4588639971655657
45|192|7.830505079358989
45|193|5.695496734690849
45|194|8.55730287521462
45|195|6.747552281283704
45|196|7.619237708071681
45|197|7.57944350999034
45|198|9.93535288689838
45|199|7.723897671242441
45|200|11.504049112990643
45|201|10.652780076007474
45|202|10.297711891157132
45|203|8.786115252893515
45|204|7.82813479894638
45|205|13.571193492185689
45|206|12.395158463072034
45|247|0.4194391692707938
45|249|0.14582047422083722
46|49|91.68917717750043
46|50|15.032886527413103
46|51|18.655513066682904
46|54|5.3700797549984784
46|55|0.4977811952692692
46|57|7.364109706085721
46|60|0.10454422286613112
46|61|1.119323464155662
46|64|0.5521820450501668
46|65|0.3630778347482979
46|67|1.112785004155458
46|71|0.7394636215058771
46|93|0.15782426516671724
46|95|0.13412819980281807
46|97|0.3001348073860719
46|132|1.9645071717448865
46|137|0.44687655108644814
46|138|1.710541268677994
46|139|2.5188702243988597
46|140|1.1832098475059618
46|141|3.0945112074772942
46|142|0.9258541607355705
46|143|1.437497879092473
46|144|1.7493579275974058
46|145|1.0388132115062532
46|146|0.39581594181271584
46|147|1.4806206129877955
46|159|0.20258069508394658
46|160|0.8176633054307997
46|162|2.449633429798462
46|170|1.2427245684581343
46|171|1.1921018574751827
46|172|0.021373114326264743
46|175|1.3442692734347899
46|176|0.11263663215754771
46|179|1.1621587215721711
46|180|0.2048227180659821
46|181|1.8031180325885283
46|182|7.360259375833899
46|183|4.5529575436297
46|184|4.3986500892811256
46|185|10.559002411081375
46|186|10.587937953192652
46|187|11.78589380282485
46|188|9.454441974527297
46|189|5.467414802727157
46|190|2.8540136139025365
46|191|5.760275501328914
46|192|3.2932319502228338
46|193|6.573368838780271
46|194|4.891656874320212
46|195|9.560767439814544
46|196|7.818922626001749
46|197|5.855143478116205
46|198|7.987924197781451
46|199|9.227632630172758
46|200|7.84453105635446
46|201|10.01848611069215
46|202|12.405751148472724
46|203|7.417266880228566
46|204|9.439223357684838
46|205|10.449470724874672
46|206|10.377412924414324
46|207|8.411005946741847
46|208|1.7143051476145514
46|246|0.007624134027732623
47|51|20.207812452300992
47|52|56.15227826250693
47|53|39.26651126742219
47|55|0.29389318641777906
47|56|12.903598093035253
47|59|3.373195530166671
47|61|2.0156565283687433
47|63|1.016271155446392
47|65|0.08263922993305035
47|66|0.42123233106411223
47|67|0.9075033995027318
47|69|0.15649544962679116
47|70|1.1025031139349157
47|71|0.41070950251869254
47|72|0.7089611166110089
47|81|0.006286665748152398
47|91|0.10212717386141394
47|94|0.1496950657742085
47|133|1.858541403845632
47|134|0.03645049515007241
47|138|1.5603437024690987
47|139|0.7033396415460995
47|140|2.460071199037873
47|141|0.9539187937405601
47|142|3.5342870038482443
47|143|1.842389726189011
47|144|2.0883411926793105
47|145|1.946884786783445
47|146|1.5615253017844783
47|147|0.8233180945225186
47|148|1.6443392114558348
47|149|0.3265235859011966
47|160|0.49073685068836376
47|162|2.4359863048635706
47|163|0.028219230217318834
47|171|1.2797819025573351
47|172|0.7579826747157435
47|175|0.40581467008908406
47|176|0.9306387100742959
47|177|1.1176237466923367
47|182|2.848105127406187
47|183|5.050785463368399
47|184|5.243541681773157
47|185|6.715816856747009
47|186|11.025217538066737
47|187|11.808154454678148
47|188|9.516616609429622
47|189|8.769174631573238
47|190|1.863595098640298
47|191|3.836924537214579
47|192|4.872089409033363
47|193|5.305697053221512
47|194|5.8339562367084765
47|195|6.356987980213839
47|196|7.852462649179493
47|197|8.434568140850995
47|198|7.983216596776038
47|199|6.134469917425635
47|200|10.809414674330114
47|201|7.867686122303786
47|202|9.360537581598336
47|203|13.572930390421128
47|204|10.229972249653205
47|205|13.287029810301672
47|206|13.157479815126921
47|207|9.79519163118351
47|208|10.873177051193572
47|209|1.4801733652829336
47|247|0.10658118099494228
47|249|0.1384099078264838
48|54|15.05843322464599
48|56|3.9817730224202195
48|58|4.606265299191781
48|60|0.12087149814877421
48|61|0.5372455649684789
48|63|0.5893144006147438
48|65|2.050762273983152
48|67|0.8296213428530196
48|69|0.41390531917229567
48|70|0.5988730200897388
48|71|0.1506380170589591
48|72|0.027834619420818926
48|85|0.025130360710617517
48|86|0.01857609683102441
48|99|0.025989233611167346
48|107|0.11881752178377962
48|134|1.0216710396617108
48|139|1.4196578309776458
48|140|1.4166895875570997
48|141|2.4366381129080947
48|142|1.9080414013597597
48|143|2.2686463183990777
48|144|1.757206863622791
48|145|2.588309588552879
48|146|1.5513272357464802
48|147|1.3224731917534631
48|148|1.2877438949270774
48|149|1.2016308320737916
48|150|0.5619145698086369
48|160|2.3745200903784505
48|161|0.5891632603895604
48|163|1.6595249632653786
48|164|0.9111952677923036
48|170|0.4392139706210412
48|171|0.6873428206349811
48|172|1.4326688218399188
48|173|1.741580945619161
48|176|1.9509086346625504
48|177|0.6189729743408001
48|178|0.7472765158255296
48|179|0.158041433866104
48|180|1.6089525072652981
48|182|0.26606651400299
48|183|2.763154453052309
48|184|1.2338438915707977
48|185|8.114513405902448
48|186|9.159834157447607
48|187|9.995248288760802
48|188|10.344364440949226
48|189|9.58608969501494
48|190|5.982667724943559
48|191|2.5984652533622303
48|192|4.860440994668594
48|193|4.481735727885084
48|194|6.255079993198743
48|195|5.891588785708011
48|196|8.267610769451172
48|197|8.211432874937474
48|198|6.256461505315852
48|199|6.100866092583327
48|200|9.637649602779858
48|201|7.538916714490863
48|202|10.021306513964669
48|203|10.752523468030812
48|204|10.565135640856775
48|205|13.041830619223267
48|206|12.917799326475581
48|207|13.239217062531699
48|208|6.153884453212616
48|209|12.247822834099754
48|247|0.20754223155234922
49|51|0.6896928365647635
49|52|31.57449051493411
49|53|20.02180565944682
49|54|13.887498121414739
49|56|24.64116818122553
49|60|5.086996657460034
49|63|1.3519172544223435
49|65|1.8411150515666206
49|67|0.3101355884843412
49|70|0.7973339467020439
49|71|0.4646205908624085
49|72|0.0012823299863751407
49|75|0.03982033042000349
49|85|0.21268291372904272
49|93|0.12633185824102264
49|134|1.0679231777270282
49|140|1.640333662398592
49|141|0.9792516959750994
49|142|2.4347258746130787
49|143|2.7523079545838964
49|144|1.4620625843907291
49|145|2.2406559630779763
49|146|1.3832699923018459
49|147|1.3638631474885645
49|148|1.548143024796365
49|149|2.002088954425763
49|150|1.8585830365572695
49|151|0.9091650466081725
49|152|0.161494833093516
49|156|0.29269203010275546
49|160|0.8413925263562679
49|161|0.15312590515216085
49|162|0.48548888113190525
49|163|0.8849071417781845
49|164|0.7967148637067282
49|165|0.03457378244211369
49|172|2.2946751013204905
49|173|0.620131808147547
49|174|0.7305601635144228
49|177|2.1594410742221144
49|183|1.168835549974906
49|184|3.010155236853643
49|186|11.825581894163363
49|187|9.76750726293711
49|188|11.459415782491481
49|189|8.735633577920614
49|190|6.87070045953065
49|191|2.2415389915182873
49|192|2.058171283179531
49|193|4.53990149194477
49|194|4.381383758264921
49|195|7.291937052799783
49|196|5.256137596281668
49|197|9.261288537774277
49|198|5.919595443043548
49|199|9.328177824281358
49|200|6.21968073371459
49|201|10.928651687026708
49|202|8.298084067843579
49|203|9.074987440648512
49|204|10.898465705279623
49|205|10.036302809841818
49|206|13.07592718161014
49|207|16.129811557225505
49|208|12.054261091881598
49|210|9.70988625328736
49|246|0.20576433345360726
49|249|0.05986500575684595
50|52|7.202218128584917
50|55|14.622113941062056
50|58|8.299066494396069
50|59|7.584713809097488
50|65|6.9984961177690055
50|67|2.4140669692399417
50|69|1.627903564977674
50|70|1.0975214940109455
50|72|0.07546312086594942
50|86|0.0646085115715805
50|90|0.04845767276238552
50|94|0.46063776038007986
50|99|0.6061317216736174
50|104|0.08532829616220515
50|112|0.03784087415564854
50|135|1.3801919262117326
50|141|0.11074554958911005
50|142|0.9397868740721773
50|143|1.8724333712735448
50|144|2.048579520488995
50|145|0.7974019335808622
50|146|1.5331374353831901
50|147|1.634876688264974
50|148|1.9387979988649202
50|149|1.365737591793079
50|150|2.674203421069322
50|151|2.0594505383813164
50|152|0.769717564274313
50|153|0.7291088528092621
50|157|0.0028586169931360964
50|161|0.03884567715614414
50|162|1.152720426868571
50|163|0.011138867975397588
50|164|1.0628871442009726
50|165|0.5422395612527376
50|173|1.9082794675288843
50|174|2.2690931618045105
50|175|0.1330756306165131
50|178|1.3406198992639125
50|179|0.7152573361848584
50|181|2.0915510676893247
50|184|0.8785075386239547
50|186|1.5472073591368
50|187|16.690352760873353
50|188|11.204174505560454
50|189|9.452467493086205
50|190|7.334647175718823
50|191|3.919237786945623
50|192|3.2246743468871513
50|193|4.709149956553649
50|194|5.123010617428338
50|195|6.01938119479584
50|196|7.460717191289805
50|197|6.348634343625727
50|198|9.20607930024359
50|199|6.649867084232582
50|200|8.830779094442294
50|201|7.405325061836961
50|202|9.627485343239563
50|203|9.53161465231913
50|204|9.001823807093153
50|205|12.463405436435629
50|206|10.979694175101756
50|207|13.414791811416912
50|208|19.31138138656404
50|209|13.497645983302753
50|210|1.8848616699228224
50|211|8.81047442844233
51|54|35.399803221045886
51|56|50.779304540319934
51|57|49.747109050304125
51|58|7.285478792851081
51|59|6.115167564548266
51|65|4.58121647176959
51|67|1.9864421186528425
51|69|0.8561731699061585
51|72|0.0334573541398077
51|86|0.10364949125593044
51|93|0.2800666748466968
51|98|0.13662066994718844
51|112|0.014776114828615605
51|136|0.552301967038629
51|142|1.2828105369664982
51|143|1.8047721269553676
51|144|2.2632276236272935
51|145|0.6959909815098558
51|146|1.0471764331903153
51|147|1.366349400248896
51|148|2.103917614519627
51|149|1.176362224338668
51|150|1.8237306455195406
51|151|2.0684981710711257
51|152|2.7271904151716955
51|153|1.32601094025666
51|154|1.3190588283361278
51|161|0.023034323341773928
51|163|0.7693739619746145
51|164|0.49991437487367785
51|166|0.1623232498790143
51|172|0.13983670183861216
51|174|1.6239796637552761
51|175|1.7427284092607598
51|176|1.201827868705061
51|178|0.9496819500036492
51|179|0.8719943786136072
51|181|0.027186249067877342
51|184|0.19122108257842746
51|185|0.9964972294820155
51|187|4.210627401493671
51|188|16.260185605706457
51|189|12.298775021497706
51|190|8.20878074135651
51|191|4.508147740035064
51|192|0.3835450857842122
51|193|3.0101442655703274
51|194|4.855401645944334
51|195|4.823575183117256
51|196|6.180313401325226
51|197|8.322308411961934
51|198|7.225180996218566
51|199|6.497354750701887
51|200|7.883287852860482
51|201|7.8172587969402025
51|202|8.357886127684338
51|203|8.060597657767628
51|204|10.263555170764558
51|205|9.916997878665342
51|206|11.026855668748846
51|207|10.633031317125692
51|208|16.45151205873903
51|209|18.507254473997868
51|210|9.911350526401995
51|211|4.5265121668493835
51|212|5.254963384615594
51|244|0.1934828658035693
51|246|0.1976538486168862
52|55|84.33912897562949
52|57|42.014323527975456
52|58|1.074980170786523
52|62|6.997266115172272
52|65|3.383993494366502
52|67|3.2506033512950907
52|68|0.055430952687048465
52|69|0.128268125375153
52|71|0.0074303900458004574
52|83|0.042029335775181816
52|85|0.20527254708104814
52|86|0.3151464436335735
52|87|0.0660532542821928
52|108|0.0919200541234327
52|136|0.5984159121223288
52|143|0.8036349941706417
52|144|2.092004501272171
52|145|1.5144911038921332
52|146|0.9678655220721023
52|147|0.8461468350485298
52|148|1.208838958216373
52|149|0.9153863506582784
52|150|1.9841364064298688
52|151|1.9000834480507147
52|152|2.659527656991096
52|153|2.1519896150413724
52|154|1.6848188122601147
52|155|1.5455262502075502
52|161|0.5196654389180119
52|165|0.32540624662827516
52|170|0.04372177123794111
52|174|0.17965549630794359
52|175|2.9851401241411133
52|176|2.8884687748495335
52|177|1.0309323792309504
52|179|0.9159193192847725
52|182|2.925796000755014
52|184|0.46763775459023
52|185|1.0147369138268854
52|188|4.820761917201921
52|189|13.970357023508251
52|190|12.261115314599152
52|191|4.953760400138696
52|192|1.0883315469051587
52|194|1.5096941243755169
52|195|5.395877763227633
52|196|6.192834799005865
52|197|7.525622271632399
52|198|8.310872594838125
52|199|8.904238504557117
52|200|6.922556750672045
52|201|7.092718240161226
52|202|8.136899203683958
52|203|6.9521902549369266
52|204|10.75267672672897
52|205|12.147078263351649
52|206|13.103160196698354
52|207|10.718538247941023
52|208|10.292488283975729
52|209|15.455903335360647
52|210|19.75109900844881
52|211|11.242204728470307
52|212|1.8193962454451313
52|213|3.831706846143548
52|249|0.22272943060024028
53|55|2.8669628193246846
53|57|33.05947013680031
53|58|41.72358868351105
53|64|5.144580893283023
53|66|1.8696040278103616
53|67|3.2877703334388153
53|68|3.3882341225637416
53|71|2.096527488417638
53|72|0.40130858135623
53|76|0.1592970919888153
53|77|0.23929985422813477
53|81|0.5692388024912372
53|82|0.1349997466121356
53|83|0.13666117390049343
53|84|0.17758495721610237
53|85|0.4346663989078761
53|86|0.5747362544136239
53|87|0.19519232025388103
53|89|0.025226357882053043
53|91|0.4539137114491317
53|99|0.39164657605318637
53|108|0.08636464935296047
53|117|0.10876433863207069
53|121|0.14930087194529976
53|137|1.0715235938048535
53|144|0.9262691311534776
53|145|1.312176954204208
53|146|1.2659521691872562
53|147|0.47343940687484937
53|148|1.4715119215662202
53|149|1.1608490627134982
53|150|0.9257313610796811
53|151|1.2505920967257518
53|152|1.8134945778710256
53|153|2.4021295179418414
53|154|1.6907374733511429
53|155|1.8995030138398594
53|156|1.459941514382436
53|157|0.3453978409464383
53|162|0.5917767391798034
53|163|0.2353289272800235
53|166|0.36820155495336754
53|171|0.6877519197252323
53|172|0.8636158887318067
53|175|0.7291523662518711
53|176|2.0574634463766235
53|177|1.7881823522483615
53|182|0.3863480997511855
53|186|1.5715802221341886
53|188|0.8835674965845456
53|189|9.520937486816827
53|190|12.077288352653078
53|191|14.392177420002364
53|194|0.24916621328994734
53|195|4.0313813189743914
53|196|5.309201607308994
53|197|7.249740966138632
53|198|8.894374482072177
53|199|8.932266850350388
53|200|10.22201419078464
53|201|7.755413785621882
53|202|9.725366378611323
53|203|9.134041976117993
53|204|11.182856744330985
53|205|10.915398992166441
53|206|9.936843286895966
53|207|12.62514074271741
53|208|12.102081869185335
53|209|7.647851146878973
53|210|15.51177615709128
53|211|19.792391736808597
53|212|9.982204820071193
53|213|3.1639123363204282
53|214|1.6162580294028475
54|57|83.16424313913585
54|59|4.520085513337773
54|60|0.5466909005052695
54|63|7.770583653383537
54|65|0.8885230578361849
54|66|4.456901433241704
54|67|11.920552998402856
54|70|0.5407541812862082
54|71|0.5179743594977242
54|74|0.1492682872852521
54|75|1.3832881154065142
54|80|0.17110618030695404
54|81|0.3476233571115784
54|82|0.010165953348904353
54|84|0.2576448136301839
54|95|0.20195781018260414
54|97|0.5505728410644842
54|109|0.1581007513691577
54|113|0.25820310693681364
54|124|0.13734873366754585
54|138|1.3775065202979928
54|145|1.3810972126285677
54|146|1.6320526485424645
54|149|0.6825854236015647
54|150|1.35327763039489
54|151|0.6387134090845378
54|152|1.1948122443522953
54|153|2.81220437537773
54|154|2.0692621688089745
54|155|1.7252997244450161
54|156|1.3798288081800087
54|157|1.9296373759925363
54|158|1.3195927620615182
54|162|1.1584974950692513
54|164|0.6940383409152658
54|166|0.7403732714468693
54|172|0.6957938004281179
54|173|1.4151669242955502
54|174|0.16148627300917753
54|176|0.7714398760229851
54|177|0.3371112982318177
54|178|2.892726795789837
54|180|2.8377874043998705
54|183|0.5276552561952571
54|189|4.7045615885218695
54|190|9.239964939694621
54|191|10.678306495245662
54|192|12.231063684419523
54|195|0.7486931394460676
54|196|5.038017756943894
54|197|5.296557739862424
54|198|6.205246263894727
54|199|8.384584551154765
54|200|8.478402387710991
54|201|9.897278028425395
54|202|9.540177248024573
54|203|9.5237913716009
54|204|10.49563383803543
54|205|11.496303264277877
54|206|13.090851568270486
54|207|11.63098330916633
54|208|11.423892397991589
54|209|12.548925011791288
54|210|8.919012200455319
54|211|14.897719778113697
54|212|18.36365785449857
54|213|10.458231354035448
54|214|0.18751964997281131
54|215|2.260578203464167
54|242|0.24590931414925865
54|248|0.1657359686709097
55|58|46.240371691023014
55|60|2.527256153509654
55|61|0.7379940958134198
55|62|16.724996843389825
55|64|6.608045007017492
55|65|8.703933845973925
55|66|2.934877784529206
55|67|12.369203051395328
55|71|0.17767829474005725
55|72|1.7298037088563538
55|74|0.5529815943610543
55|75|0.8306050124164297
55|80|0.09869592907823845
55|83|0.1410107051448916
55|91|0.07209576761004717
55|99|0.0738574480055191
55|108|0.2668845295678919
55|109|0.21502200143256098
55|116|0.14410010734008347
55|119|0.21009183856725255
55|120|0.1617396360336989
55|147|1.4031337772766728
55|150|0.7056810073109432
55|151|1.2138091799053012
55|152|1.1826984654957564
55|153|0.7879562848560976
55|154|0.8077672046897767
55|155|1.639121180372634
55|156|1.4188152748946032
55|157|2.0425582734473076
55|158|1.9656736730886175
55|159|1.8533537856935505
55|160|0.11738934932757572
55|161|0.22766631399519546
55|162|0.8941143140808113
55|163|0.5018792970912354
55|164|0.9235326709780346
55|165|0.22809936291282443
55|173|3.086026073041609
55|174|0.15044434607146942
55|175|0.34681991922639366
55|178|0.9293839931202673
55|179|1.0809345223378386
55|181|2.2993107406460522
55|187|0.9086987283940381
55|190|6.870752925771576
55|191|9.397086418919425
55|192|10.110073607454828
55|193|9.88143276873706
55|196|0.15486526158836258
55|197|4.491777807525776
55|198|5.236236135317302
55|199|6.970588495759654
55|200|10.533821534070182
55|201|8.495852181909958
55|202|9.834040293124305
55|203|10.736720787480577
55|204|8.46518213803911
55|205|8.145080250657296
55|206|12.027007209665836
55|207|12.867073900731322
55|208|12.745598104763639
55|209|14.684610443283574
55|210|11.260553974510866
55|211|12.454437848864792
55|212|10.931370988259848
55|213|15.726068888619894
55|214|10.233600641122017
55|215|1.6127353445118993
55|246|0.4596517823968453
56|58|2.718077004286681
56|61|20.248524870133284
56|64|5.068427388613618
56|65|5.546054677672615
56|66|6.178358527339576
56|67|5.9453981352597856
56|70|0.8878449412575165
56|71|2.464810623719168
56|73|0.1806572339216985
56|87|0.1256575800830979
56|92|0.3983342154900229
56|100|0.04210665827723696
56|103|0.37890313192767977
56|109|0.02932749709020491
56|112|1.055934012463762
56|114|0.016328099117711166
56|116|0.5867818806387485
56|118|0.09818099036950588
56|124|0.5572943681229878
56|148|0.9708607867126003
56|150|0.19342850036926668
56|151|0.8448219019470224
56|152|1.0051943075531224
56|153|0.2998140164459002
56|154|0.708498865895478
56|155|1.4544297289649823
56|156|2.0021931038941596
56|157|1.3742671712579706
56|158|1.250922133069904
56|159|2.0669687775166907
56|160|1.8187943687291153
56|161|0.3122669628097295
56|163|1.4950717155223903
56|164|1.0490011246568431
56|165|0.800113942062153
56|166|0.31064385481509343
56|168|0.3961832754800928
56|174|1.5787287171268467
56|175|0.9313848907768496
56|178|0.021568540948651505
56|179|0.957231435048231
56|182|3.019874671820186
56|183|0.8073049411548537
56|184|0.3956229192078144
56|190|2.605986760689085
56|191|11.465235166558255
56|192|10.004808215591812
56|193|7.508076831379307
56|194|7.500577294150531
56|198|3.701482905332737
56|199|8.40092941350737
56|200|9.57857651409469
56|201|12.258650858886973
56|202|9.672459536479959
56|203|8.519186926626707
56|204|11.898486694196079
56|205|10.569259859258336
56|206|8.601912976243485
56|207|15.91115252300238
56|208|11.131925804957241
56|209|13.231055006881892
56|210|15.395591456372296
56|211|6.690387186636498
56|212|13.359348183989757
56|213|8.984342359812084
56|214|15.306685004528783
56|215|10.743846569011454
56|247|1.0944240072257918
57|59|32.96044743506381
57|60|141.40534431661152
57|62|6.896065060547668
57|63|52.5279879177942
57|66|8.068771538175213
57|67|32.48536823484826
57|70|3.1645807125301744
57|86|0.6087500483984531
57|93|0.0063029079834190805
57|102|0.021743727054477045
57|106|0.05535889669996412
57|107|0.007977509795264216
57|118|0.08210726913874254
57|120|0.19776643782512265
57|125|0.34264808868322333
57|129|0.16668130099583897
57|140|1.8427537351819554
57|149|0.021256907852608916
57|152|0.6792931674388224
57|153|1.040081975831977
57|154|1.690174713703241
57|155|0.5792108806041096
57|156|2.0706870356837617
57|157|1.7140756762896814
57|158|1.3340604300747956
57|159|2.180142060974422
57|160|1.792986170074339
57|161|1.9208977713117714
57|162|1.555868784583867
57|163|1.9089453966098784
57|164|1.0971657707558349
57|165|1.4023648861106508
57|169|0.0827709214085808
57|175|1.772610194488552
57|176|0.3512228335668015
57|178|0.3305314278106169
57|179|0.5510771435488923
57|180|0.8267067835838512
57|182|1.0802467699959308
57|183|2.583808560625025
57|184|1.2064972640488814
57|188|0.8684376665440242
57|191|5.764606231150452
57|192|9.492825000137213
57|193|9.72747604969613
57|194|0.6751766658659933
57|195|4.036090336199054
57|199|5.184748799880758
57|200|8.871074746955738
57|201|9.904763808478673
57|202|12.003145205632716
57|203|12.208124186239795
57|204|10.178644916215177
57|205|10.955571048392294
57|206|11.505248707100948
57|207|11.344075253652246
57|208|16.956328251006614
57|209|11.159371865545966
57|210|11.327320214989525
57|211|15.132903339759483
57|212|8.419942668336065
57|213|13.128828052837216
57|214|7.028635762333891
57|215|9.5118678999961
57|216|8.404603764689881
58|61|4.228634162202596
58|62|118.6493206528353
58|65|6.275251605662347
58|66|27.855711830320377
58|72|2.337828276178365
58|73|1.2048564995158788
58|74|0.4540598081930762
58|85|0.4228085260629406
58|91|0.050979986500150634
58|97|0.5596520205268514
58|100|0.05648409056541468
58|101|0.025971708490302028
58|105|0.08118685642164962
58|110|0.07448008400295508
58|122|0.04492219741448177
58|141|1.489872162213967
58|142|0.5432684329492856
58|153|0.43898219508509606
58|154|0.47706545754394963
58|155|0.6851219090644242
58|156|0.4927482738920608
58|157|1.4372741450187025
58|158|1.8534053876461947
58|159|1.389168227858282
58|160|1.47658323806577
58|161|1.6196193568588702
58|162|2.234532476852973
58|163|2.609544910090409
58|164|1.4924135902106193
58|165|1.3406802500964168
58|166|1.4670925817035787
58|167|1.0868601794865862
58|168|0.5051771192431895
58|169|0.5233051265058603
58|175|0.41795462731531496
58|176|1.8814877558386802
58|177|0.7975778697688313
58|179|0.19490930107850646
58|181|1.9835261765772856
58|183|0.5973268807741138
58|184|0.32627495824574876
58|185|4.2540129600175804
58|189|0.07136199962423488
58|192|9.310759578616628
58|193|9.8706747924373
58|194|6.146866592304276
58|196|0.06884710272258147
58|200|4.028580915784954
58|201|6.608008321176564
58|202|9.010371472491482
58|203|13.730431954445374
58|204|12.338837846440834
58|205|7.809173058483779
58|206|11.550153556423357
58|207|11.008501354150155
58|208|12.866553645999653
58|209|16.5266264553581
58|210|14.870146345179666
58|211|12.470311079494795
58|212|12.37448478802276
58|213|10.823053083296267
58|214|12.087097962595069
58|215|4.752874257016781
58|216|6.211247699807482
58|217|12.140694619310745
59|61|93.16803031958452
59|62|20.947727760865067
59|64|8.643629536833089
59|65|50.12960054368615
59|66|12.801941009512484
59|70|4.3751178817859495
59|71|3.7068612461994888
59|72|2.304352446563133
59|73|0.9981360397691931
59|84|0.14747207342816435
59|86|0.28724807222587745
59|93|0.37538242152907225
59|94|0.2550663106224099
59|99|0.06897244453770635
59|105|0.3084121737026642
59|106|0.057193516479318036
59|110|0.2877980913090973
59|111|0.04940282482491136
59|117|0.12426092711800088
59|118|0.22810814902766352
59|142|2.1200320147142477
59|143|0.03691841936500533
59|155|0.841449155883274
59|156|0.8521116980168265
59|157|0.45464907200164245
59|158|0.9637098599872626
59|159|1.2796286757927584
59|160|0.7642855421586301
59|161|1.1430204494350342
59|162|1.7285227771100722
59|163|2.673754801088954
59|164|2.823618683640619
59|165|1.9501470491532438
59|166|3.237078373041269
59|167|1.5901947817907987
59|168|1.1440060820119236
59|169|1.1214624666762456
59|177|0.5261383645637518
59|180|1.732312120852447
59|181|0.8891770432911676
59|185|1.210110154447401
59|186|2.346281479034949
59|189|1.5683413265362294
59|192|4.8568937657941165
59|193|8.451454317315333
59|194|8.060427046620543
59|195|2.5195235885827447
59|198|1.0659945334306813
59|201|4.313673109689963
59|202|8.131473368021659
59|203|8.908467461687154
59|204|12.15836883929908
59|205|13.470530970340304
59|206|9.592030485353032
59|207|14.372572137583578
59|208|7.53233503008556
59|209|14.377566087977176
59|210|15.996043695705314
59|211|13.58276177561958
59|212|16.367042734239924
59|213|12.073406691005355
59|214|11.308841765970406
59|215|14.251793833765639
59|216|5.005973704372273
59|217|1.237967281460224
59|218|11.152389554726597
60|63|143.18199523058746
60|64|67.77801683668936
60|65|155.9426260566574
60|68|21.740444262978844
60|71|6.518576271490913
60|72|7.514208364360285
60|74|1.794632803291874
60|83|1.1445524728777716
60|86|0.34567225953393144
60|87|0.0004141605381896192
60|90|0.4353160674821043
60|92|0.05802231469475761
60|93|0.6088365631446871
60|94|0.8995030182828074
60|99|0.6327436414118808
60|100|0.0057089325183961055
60|102|0.3701155896624176
60|103|0.09649316078235186
60|104|0.46613338876475174
60|105|0.24008500232786362
60|107|0.011748240206606602
60|108|0.15158006955909917
60|111|0.1511091289896074
60|113|0.08042538979931864
60|117|0.14447635297992278
60|118|0.08894738508307697
60|119|0.19616668357178557
60|128|0.2816065807924923
60|132|0.10164828035110013
60|143|0.3453750310776147
60|144|0.14913912583745212
60|155|0.03239658373317214
60|156|0.12914318592126867
60|157|0.2621097933809005
60|159|1.1646541858541815
60|160|0.857390101104001
60|161|0.46209577845205196
60|162|1.5413676437264203
60|163|0.900307179227515
60|164|3.5128787272373425
60|165|2.015291834693869
60|166|2.458857479412268
60|167|2.994694006723833
60|168|1.9695856560092528
60|169|1.2530286081612072
60|181|3.17542720017301
60|182|0.10692083744950986
60|184|0.995848863648472
60|185|0.1207078174388421
60|186|3.107226850282851
60|187|0.3893633477038272
60|189|0.6113489585183901
60|193|7.521870267385455
60|194|7.688436024282301
60|195|5.617113029377976
60|199|3.8526437785438934
60|202|5.10871353027101
60|203|7.7508194975529
60|204|11.353534247837539
60|205|14.367934425035424
60|206|13.122227166316675
60|207|11.188527014019915
60|208|15.27025610562749
60|209|8.330323082250466
60|210|15.115010584866896
60|211|14.704958797198914
60|212|13.480937455797266
60|213|16.385085488191013
60|214|10.88806084434275
60|215|10.061124147760612
60|216|10.905417509100875
60|217|3.767382240569579
60|218|0.9129932422185245
60|219|11.485287365166505
61|63|27.832718353145893
61|65|40.593349179234586
61|67|6.717240624036831
61|69|12.615619074604309
61|70|16.80266331363246
61|71|13.756218047157242
61|73|1.7809742398354684
61|83|0.8836531716632635
61|85|0.39743826929585707
61|89|0.5117251491713737
61|92|0.43886836458593076
61|102|0.22477523832401677
61|104|0.22089259814226958
61|107|0.2884704358057237
61|108|0.19738711405349568
61|144|0.7486461715167954
61|157|0.27525441447741744
61|158|0.2358100228480339
61|160|0.7219618218591624
61|161|0.9265350605138537
61|162|1.1124091318839053
61|163|1.328247281759973
61|164|2.402118039959722
61|165|1.6764993453435202
61|166|2.959684746859658
61|167|2.7274975782860764
61|168|3.5745367742790233
61|169|2.606822315755992
61|170|2.3774821952431
61|171|1.0276055688472274
61|178|1.0708068107466944
61|179|0.44751212325355105
61|180|0.3845223121696613
61|182|3.9511175216295062
61|183|1.7597606801298338
61|187|0.0509857387285901
61|190|3.0585563536399505
61|193|0.7838956868768453
61|194|11.524885157921293
61|195|6.987850678156125
61|200|6.391340934471103
61|203|4.818241769265665
61|204|7.982174512459358
61|205|8.426840353609713
61|206|13.010955367515836
61|207|11.647849472087914
61|208|10.491888859266133
61|209|15.82104935813295
61|210|12.792374673077179
61|211|16.489288863356922
61|212|12.210062994534805
61|213|15.721002805538793
61|214|13.942606004332491
61|215|14.159076262146302
61|216|9.044692563616373
61|217|7.999181229797618
61|218|2.6224791924008564
61|219|0.43380304831941535
61|220|9.953094090648161
62|66|166.76664190378958
62|67|36.63701841937589
62|68|29.408845508857652
62|69|8.23521746723074
62|70|3.2288552246701383
62|72|2.4317097544136366
62|75|1.650020794202946
62|76|2.1124053911304372
62|78|2.0316347900238365
62|79|0.12689907363801625
62|81|1.945330384975647
62|82|0.9111680947117449
62|83|2.8485044413653786
62|84|0.8041184381183445
62|85|0.28355655207741687
62|86|0.19292033010685353
62|88|0.9521934258313546
62|89|0.24752181620783215
62|91|0.8966697580135407
62|92|0.7641570504428964
62|94|1.1974185498926613
62|96|0.37206730913095887
62|98|0.818304756977886
62|99|0.5166506165498858
62|101|0.7573906943125519
62|103|0.23400339743776852
62|104|0.3162889272843239
62|105|0.5146486336026118
62|106|0.11318581351469444
62|110|0.5860691335526675
62|113|0.4322969137708458
62|114|0.17955659103900626
62|116|0.36099316378809515
62|120|0.3377564898315365
62|121|0.2756464940731951
62|123|0.07103762931099514
62|144|0.05286913607972817
62|145|1.2049565966036055
62|146|0.018850662449618524
62|159|0.13128505192054363
62|160|0.8087198098034749
62|161|0.867145922290592
62|162|0.7673216430385815
62|163|0.20038226343555052
62|164|1.078542211131414
62|165|2.365368093762847
62|166|1.9904296699667565
62|167|2.6080676474464384
62|168|3.3381538400409765
62|169|3.5766452597074316
62|170|3.617054200037282
62|171|2.7967203908658718
62|172|0.6825396624037793
62|175|0.643130552132194
62|178|0.5249475130224189
62|179|0.734746223694663
62|180|0.35499117101687383
62|183|1.2508459455800869
62|184|4.592067056288343
62|190|0.18302366663469927
62|191|2.167699059279474
62|194|7.19163503022234
62|195|9.579224748952823
62|196|4.912359240694842
62|201|8.34229633106499
62|202|3.1136975778626836
62|204|2.240050713258141
62|205|7.7802728449021155
62|206|7.4938370378771175
62|207|12.098807239088899
62|208|13.329211700055437
62|209|11.143707403442557
62|210|15.099925853647457
62|211|16.253123931097562
62|212|14.433670367057365
62|213|10.963487240353327
62|214|19.698155061390548
62|215|12.723637434482661
62|216|14.074707737212963
62|217|10.715761821260502
62|218|7.224932989570361
62|219|4.807259571115718
62|221|5.5300350608981335
62|222|1.5707456141021694
63|65|55.5717900291624
63|69|15.885817680303274
63|71|8.470010236370449
63|72|4.478787582391807
63|74|0.6351092197190112
63|75|3.8217402633418245
63|76|3.123635046524656
63|77|2.7906047612568794
63|81|0.4891676026292118
63|82|2.2220293268116524
63|83|0.639481643107121
63|85|1.7845293012102537
63|87|0.9329050900458287
63|88|0.14338412363297645
63|89|0.3846445917963576
63|90|0.6566097744389879
63|91|0.3240951854651335
63|92|0.4212918731374231
63|93|0.8621580516257992
63|97|0.44065820062536615
63|100|0.5850381739481807
63|101|1.3748905498136146
63|102|0.6161493116497607
63|103|0.13752062041637375
63|104|0.4864877937525502
63|107|0.016506731303186598
63|108|0.0429604314414327
63|109|0.8653919792042701
63|111|0.16840119620667499
63|112|0.12485371831223845
63|118|0.32456355297455836
63|119|0.17635736226040707
63|125|0.5763654927502044
63|126|0.07223987378159125
63|128|0.6669647524080059
63|130|0.13678936295765676
63|145|0.2687793460018573
63|146|0.6045732890017832
63|147|0.05167442488985141
63|159|0.21660942843001457
63|161|0.16140630071307066
63|162|0.4163729925043541
63|163|0.3984914901823326
63|164|0.5198846736318529
63|165|1.663388532079088
63|166|1.7849806990576016
63|167|2.9973329132924005
63|168|2.774416649143972
63|169|3.405445205201453
63|170|3.7257682660872105
63|171|3.4572697024176477
63|172|2.8081204140428446
63|173|1.8080883352607784
63|174|0.5846715278493881
63|176|1.1661215677546695
63|180|0.11398707053622952
63|181|2.219079186017256
63|184|1.232083123613951
63|186|0.3520827584117932
63|187|1.1766389282729568
63|188|3.7527286562869593
63|191|0.7910863430587027
63|194|0.15939473930423656
63|195|10.497162759366596
63|196|7.476863015157733
63|197|1.4475810236239748
63|202|4.6744964020362305
63|203|7.524076089139988
63|204|0.16995777908350676
63|205|3.6153639346860933
63|206|7.250878768127558
63|207|3.705007971715611
63|208|12.487996673201337
63|209|11.848418918215568
63|210|14.473451398554023
63|211|14.188085805884775
63|212|16.598174650014304
63|213|16.12145534558186
63|214|9.29703956800459
63|215|18.494491940902353
63|216|11.982801199920727
63|217|12.926437897870997
63|218|8.721958535718846
63|219|9.758397934839603
63|220|3.6128973722675446
63|222|1.2517838021198255
63|223|2.727539589242296
64|67|26.572875081823025
64|68|53.275991193301174
64|70|12.775787395388136
64|71|13.546892513412757
64|73|2.3169786050735044
64|74|1.5630570302997429
64|75|1.6903568958722597
64|78|0.8538668933490254
64|80|2.0846815802815852
64|82|2.395745116467502
64|85|1.0181690590326165
64|86|0.22540057886312573
64|88|0.5083679235756149
64|90|0.2252036126565639
64|91|0.507003702471701
64|93|0.39564411750612866
64|98|0.18651421848611677
64|99|0.8053554004025136
64|100|0.14001060124107814
64|101|0.39281996296711946
64|102|0.5930658902540099
64|103|0.15000317790111245
64|104|0.1305095130487042
64|108|0.20798039825178807
64|112|0.013504560036774471
64|117|0.13741394516845495
64|123|0.07894897218728986
64|125|0.014274409567548689
64|126|1.084025031082097
64|146|0.02904808392859618
64|147|0.18374723845843538
64|161|0.05856072332107373
64|164|0.24817874764246467
64|165|1.608345651727597
64|166|1.2391587527805235
64|167|1.875326495331244
64|168|2.1318741786171094
64|169|3.7291388360975883
64|170|3.0415953040522927
64|171|3.6877213806617575
64|172|3.4687019376433077
64|173|3.902412441116494
64|174|2.4455362312731816
64|175|1.3850151250690128
64|177|0.9250674746565517
64|179|0.12806472476278424
64|182|1.5951942664896908
64|183|0.17300649963334722
64|184|0.4389163741997573
64|185|3.0306191835216607
64|188|0.5898896334945247
64|192|1.274651982828881
64|195|3.2630257614231204
64|196|11.6200652050113
64|197|3.6169366789269377
64|203|3.164023103871646
64|204|10.389438803158232
64|205|0.48721098494987236
64|206|2.5603306188205592
64|207|8.994031410184578
64|208|5.041057959152286
64|209|11.233567187846738
64|210|15.004648928290282
64|211|14.491396246712814
64|212|15.274935572394229
64|213|14.697620286576578
64|214|16.206831248514145
64|215|7.956947671125746
64|216|14.153145292953603
64|217|13.68303197761127
64|218|14.75727072850902
64|219|5.67524740658364
64|220|9.687395056984057
64|221|4.027414534729111
64|224|4.927291260484775
65|67|71.8828961297983
65|68|86.1429740294916
65|69|13.183249481963074
65|70|26.168273869523066
65|71|20.005857209233554
65|74|9.012466080096866
65|75|0.463480699905878
65|81|0.841359237738794
65|85|0.7456852970519924
65|87|0.7524731708235234
65|92|0.2897199053123049
65|95|0.5871422712635379
65|97|0.13018290700710394
65|98|0.4194004339320154
65|100|0.04649028361517496
65|107|0.35469794373376173
65|111|0.14379562151468755
65|112|0.3594563397653356
65|116|0.13625163037960358
65|117|0.614978337982043
65|120|0.024720064530585353
65|147|0.5357306503510999
65|148|1.1955628304800965
65|163|0.4145769084750922
65|164|0.06438427724535387
65|166|0.8267442790361504
65|167|0.4776316547911046
65|168|1.3112110812826654
65|169|1.8634960530255409
65|170|3.5832305316794666
65|171|3.404734698084166
65|172|3.6131615050269885
65|173|4.151424820870075
65|174|3.4717359371136536
65|175|2.6100328477733696
65|176|1.8383435001380979
65|177|0.6847827776796764
65|178|0.9451972859275781
65|183|2.2514876954490814
65|184|0.9375540468909008
65|185|4.335383837084118
65|186|1.7864692549633254
65|188|0.363683319319822
65|189|5.437437350745534
65|192|0.463201968246808
65|193|0.05525090741219425
65|196|7.732276141419243
65|197|10.001006634685922
65|198|2.1140935100702323
65|204|2.603972317672235
65|205|11.694824289869079
65|206|5.402989533567281
65|207|3.5457644790286706
65|208|5.38996318041906
65|209|7.251899147434555
65|210|7.7424817717310965
65|211|13.821872223889313
65|212|15.661002228312949
65|213|15.746581764524654
65|214|15.236218754948482
65|215|18.08593504863928
65|216|10.043242687176248
65|217|11.82341485555983
65|218|13.668778342531684
65|219|15.057732217962032
65|220|7.563827076309208
65|221|9.679789552152547
65|222|4.286645681460183
65|225|5.304258844747396
66|69|18.442509715390266
66|73|8.059399198923636
66|76|8.397102853822783
66|79|1.2900407265850662
66|81|2.0638674382930344
66|83|2.1513422661767923
66|84|0.5731027954642313
66|85|0.9295846993531329
66|86|0.8051333792069215
66|87|0.9028253201793452
66|91|1.4717426099864461
66|92|0.3093893209896826
66|93|0.07407066658511952
66|95|0.09651865010031976
66|96|0.3851640355290424
66|97|1.2759723594330605
66|98|0.3072393036917698
66|99|1.083499743061774
66|100|0.1706856374832919
66|101|0.4201837951296942
66|102|0.05577649357991794
66|103|1.0872833297155888
66|105|0.011212530362791477
66|106|0.4603542195507374
66|107|0.7959654883915229
66|108|0.004856180478518427
66|109|0.33231906495815733
66|112|0.5436374248235484
66|113|0.13628936396739794
66|114|0.3301170355854782
66|116|0.3328718514500572
66|117|0.10666198495357919
66|118|0.08667633077909502
66|124|0.17424566510544381
66|127|0.7223629949967701
66|149|0.8902643253300753
66|166|1.0405430205926158
66|167|0.2248659658892973
66|168|1.3609142315973022
66|169|1.3993511298416397
66|170|2.4713584461246074
66|171|3.2627150651542367
66|172|3.813522566577264
66|173|2.9293898367964664
66|174|3.5326950972752993
66|175|3.507829549342351
66|176|2.416779521470187
66|177|2.243473302569508
66|178|2.1109478744606935
66|179|2.4050297693432836
66|184|1.4988309765646988
66|185|1.4072337822182355
66|186|2.488557619628512
66|187|2.0428342517748455
66|189|0.08100852465754371
66|193|0.17266580252570018
66|194|1.0414967930708434
66|196|0.24954031482465466
66|197|8.207905653059301
66|198|4.9014925958707956
66|205|6.267357254064381
66|206|14.272390517177968
66|207|7.582239686903079
66|208|2.3680959484326345
66|209|4.61211040404883
66|210|8.763639951050726
66|211|8.356107923744183
66|212|12.242937333458439
66|213|15.545986525576216
66|214|18.562569083233345
66|215|14.326342999870642
66|216|19.395269368540124
66|217|10.373261357712245
66|218|13.730065089428805
66|219|11.062358208469545
66|220|12.019834744781098
66|221|8.726222027936346
66|222|10.005557227815437
66|223|3.7460615260740386
66|226|4.866228836276059
67|70|9.295923199611003
67|72|37.45032785590348
67|75|9.011818850781511
67|76|8.219047512662804
67|78|13.815174321997478
67|82|5.07552829711712
67|85|2.0954831007435306
67|90|0.28707665069355653
67|95|0.12842075057100172
67|96|0.22412265707117676
67|97|0.36219147809155205
67|98|1.1536294138977337
67|99|0.1006714022420854
67|102|0.16662461568011167
67|104|0.6713644188900488
67|105|1.0967396699720886
67|106|0.6758007476157061
67|108|0.6660250479852446
67|110|0.28516444980500033
67|111|0.26072935254779606
67|114|0.05695639883497416
67|116|0.004073783926562548
67|117|0.25869251954416866
67|122|0.5628219232616464
67|124|0.1320641116947817
67|125|0.19008015358883265
67|128|0.01702401521845394
67|131|0.17138881853419435
67|132|0.2193294242073507
67|150|0.5516470121397529
67|151|0.11636989988015062
67|167|0.045184317264568175
67|168|0.07472580639903965
67|169|0.9124520371735211
67|170|2.554839849601544
67|171|2.8465701180011056
67|172|2.836080753409412
67|173|2.8437878849787044
67|174|3.184092877700579
67|175|3.2666232509757474
67|176|4.104759097219723
67|177|3.0544299199430194
67|178|2.4915141848407454
67|179|3.480695927608218
67|180|2.9381893578821607
67|181|0.7816843638491651
67|185|0.4252604641506956
67|186|3.071514992598433
67|187|4.127000563758419
67|190|2.078773917068006
67|193|0.4846137566793609
67|194|0.3063445272316725
67|195|0.06437561853165978
67|197|4.246424516418417
67|198|6.805921215398465
67|199|2.82411471733536
67|205|0.394235830621381
67|206|3.9939353111140834
67|207|12.415652505538876
67|208|12.391285507469734
67|209|1.6184202679525306
67|210|2.7012975981568066
67|211|9.174484832199983
67|212|9.432966990482722
67|213|14.770474093352979
67|214|11.490363286401545
67|215|18.897726038344818
67|216|11.097643022045625
67|217|15.023239689440775
67|218|8.862900187615015
67|219|15.569100740221485
67|220|12.546089814103528
67|221|11.01220026395979
67|222|8.747388254179622
67|223|9.690620788687117
67|224|4.174565260620647
67|227|4.385854561100955
68|70|4.94251728633673
68|71|63.53530562480863
68|72|2.092993430330064
68|74|30.462356465766007
68|77|13.190038964038802
68|81|11.984478020976756
68|82|3.880238311527777
68|84|2.294944477999668
68|85|0.6160961331698522
68|86|0.4465997010487561
68|89|0.18885619093461958
68|92|1.049757324290663
68|94|0.6147299777250221
68|95|0.8376543034405917
68|96|0.014530876100507007
68|97|0.6718324986061588
68|100|0.667379695426779
68|101|1.1908154553373351
68|103|1.517494015494976
68|104|0.7001115376038556
68|107|0.2514631484130358
68|109|0.5852637819545214
68|112|0.40092543019709675
68|116|0.36249828486586416
68|118|0.009671545613389008
68|121|0.5155776623306986
68|122|0.15433538952879616
68|126|0.01641087828515612
68|130|0.01770698450882762
68|151|0.44251556651665125
68|169|0.2410677205081374
68|170|1.2995624710664877
68|171|1.597254764365253
68|172|2.3844671628732566
68|173|2.9180908696213566
68|174|2.4989149580956744
68|175|2.5841129225001063
68|176|3.7759992005882794
68|177|3.9220462061757164
68|178|3.807164039636673
68|179|2.7619961360278684
68|180|3.6404734426225698
68|181|2.909923794402364
68|182|1.2648839352362573
68|185|0.11082457922645393
68|186|0.8159555091411884
68|187|0.800883180497977
68|188|4.98121177176871
68|189|1.8681441093466942
68|191|2.1652619496760277
68|194|1.9089280006920852
68|195|0.577538461450952
68|196|0.3309880426325488
68|197|2.8088832699002726
68|198|6.670068906871149
68|199|3.0340981696370397
68|206|2.0252498243863446
68|207|5.0001640398840514
68|208|10.374000290367139
68|209|13.599227163946175
68|210|6.683352856301203
68|211|3.8074941558323245
68|212|7.543676110365093
68|213|9.425886005566424
68|214|15.649427234687531
68|215|11.154495659507395
68|216|14.834556331650242
68|217|12.09684096137282
68|218|14.961116712287284
68|219|6.655542503767961
68|220|14.680499901698752
68|221|9.151775104203873
68|222|13.764005532472432
68|223|9.06709201116627
68|224|12.021576885551394
68|225|3.3982705684852474
68|228|2.5241996976445185
69|71|2.933599353067804
69|72|2.0807060818077505
69|73|2.5756201278280217
69|76|154.12432067798463
69|78|7.8287801942063995
69|80|14.376881781583752
69|82|2.577497984834136
69|84|1.826984927195506
69|93|0.04610622302359682
69|94|2.614391466365624
69|97|0.8290812575324333
69|98|1.1957764283162138
69|99|1.428831404402152
69|100|0.5681966005783432
69|102|0.23834327627878185
69|104|0.005064834240347406
69|105|0.24790519564643917
69|108|0.018064735495583826
69|109|0.7045324805955633
69|110|0.49342124264734516
69|124|0.08207200659560111
69|125|0.1635423713715673
69|129|0.059599808568175365
69|130|0.022763004313843656
69|152|0.8009215872029753
69|154|0.23488418306393855
69|170|0.07014674523635639
69|171|1.2918659780823034
69|172|2.4966038053732547
69|173|1.3519812209376938
69|174|3.103233500205542
69|175|2.657262631920075
69|176|2.6400674993033557
69|177|3.3550056316898287
69|178|4.233327514491909
69|179|4.125351528355347
69|180|2.8772848831522926
69|181|3.611040979252719
69|182|2.839250414960783
69|183|1.7477146561894399
69|184|0.9238259658382966
69|187|0.2895417726994856
69|188|2.055431027658351
69|189|6.526536553041987
69|191|0.5684641886301494
69|195|0.03672941158028695
69|196|3.9116380762740937
69|198|2.898556910694685
69|199|4.495166792074136
69|200|2.3691596976659106
69|207|1.014830760106848
69|208|3.180458121123996
69|209|7.693418264229399
69|210|17.922494884345742
69|211|10.140648262978983
69|212|5.318563256505551
69|213|7.786056475622448
69|214|7.4166122596953175
69|215|17.526112724199432
69|216|11.61060002821546
69|217|14.795606788233657
69|218|8.602789831600685
69|219|15.98977921863642
69|220|6.774503533689509
69|221|14.336265576978992
69|222|6.4693528820817185
69|223|14.052656106781576
69|224|9.309492735102388
69|225|12.03498932824176
69|226|3.301823436712356
70|73|96.13831064813311
70|74|27.763570987535466
70|75|11.645117326527405
70|77|7.704286564333549
70|79|12.498295632950432
70|81|6.750843365344866
70|82|4.069147020814043
70|84|0.14016980798706175
70|86|1.5055281437382475
70|89|0.6348962875174049
70|90|0.09135954868026787
70|91|2.406484697092046
70|92|2.6435399877080363
70|93|1.6724042843210483
70|94|0.901727416870188
70|95|2.4738882228669645
70|96|2.521110503092594
70|97|0.03844739571293623
70|98|0.7272797644295121
70|99|0.9558238576163667
70|101|0.8653353113188237
70|102|0.8690798847030562
70|103|1.3121634675542728
70|105|0.6845720525743104
70|112|0.42236821529186896
70|113|1.0262651242102918
70|114|0.15558694933795972
70|115|0.13587486740348417
70|116|0.10722091885980811
70|118|0.02270780304661474
70|120|0.2560565193843312
70|124|0.41369290677297477
70|126|0.3975761485042008
70|128|0.35116357269105697
70|133|0.04000573836922197
70|153|0.686780424742101
70|172|0.9594865396703774
70|173|2.0373662666649435
70|174|2.146863807617
70|175|2.6700061682008798
70|176|2.9401664091017414
70|177|2.8101745484407745
70|178|2.9273928419135986
70|179|5.152358892848965
70|180|4.338307545140531
70|181|3.0618683069200756
70|182|3.8858900722553886
70|183|3.0041127395167817
70|184|1.7986882382999767
70|185|1.568588843443375
70|186|0.831021837669536
70|187|1.1732168081672705
70|189|2.321686915871926
70|190|5.268331175353008
70|192|4.577643298991689
70|195|1.5750448707619518
70|197|2.6940633657512927
70|198|2.0704121800540554
70|199|6.198764213166372
70|200|0.8354853578223276
70|207|1.4247497381558814
70|208|4.645496611958145
70|209|5.0542671572337845
70|210|8.169767433291735
70|211|12.840849464355555
70|212|12.65934548998039
70|213|3.8033289878124252
70|214|8.04657037410263
70|215|5.6253679976912485
70|216|16.49516841063914
70|217|9.321703947826771
70|218|13.522420755710126
70|219|5.651095822208423
70|220|11.534551537111184
70|221|8.960348711213353
70|222|16.069530889901262
70|223|6.51681123582867
70|224|13.360360596241348
70|225|10.038227519262408
70|226|10.799960654977012
70|227|1.2987186343719437
71|74|37.343641532912606
71|75|15.056468181682884
71|78|13.902868708970255
71|80|6.577355464290971
71|81|4.039217941893498
71|82|1.244937886795389
71|84|3.735867132570745
71|87|0.10163287549305207
71|88|0.10975258835537884
71|91|2.8257760690417384
71|92|1.0780574062224477
71|93|1.2894546481218618
71|94|0.8438055291192864
71|95|0.2992012199990923
71|97|0.8200336575365171
71|100|0.46757513801579687
71|101|0.6151127851194228
71|104|0.6863758644079755
71|107|0.06508359849114458
71|108|0.43946240253925756
71|111|0.2689212801246717
71|112|0.3819509075616905
71|113|0.18718873664186764
71|115|0.00752794665706717
71|118|0.3416750904935715
71|119|0.30690866968547875
71|120|0.39363042285533395
71|121|0.3737217577978732
71|122|0.30440194220089334
71|127|0.21177774640954458
71|128|0.1488267742153952
71|132|0.33924347226437
71|154|0.714971217976735
71|155|0.15554049386106544
71|173|0.46563094823897894
71|174|1.8068858073837983
71|175|1.7645950352936033
71|176|2.2530164132891235
71|177|2.996399311154926
71|178|2.9595110250843453
71|179|3.742479699283296
71|180|3.7565665003015107
71|181|5.746859708036171
71|182|4.202028711438311
71|183|4.169420014546753
71|184|2.8981946450917446
71|185|1.2362371207377492
71|186|1.5847355927027424
71|187|0.956383348427642
71|188|2.665307670580333
71|189|1.3345978088288875
71|190|2.60933068900786
71|191|5.714603876289278
71|193|2.9647642918241766
71|196|0.312774691737982
71|197|3.315758014099711
71|199|3.4274762879143545
71|200|4.874738104771834
71|201|0.7420731256577578
71|208|1.0687339902435307
71|209|2.097970281742561
71|210|3.4388966390678877
71|211|6.929522107564205
71|212|11.322937994234302
71|213|14.947448140474599
71|214|7.980217928852704
71|215|4.590865172341684
71|216|5.936779643516931
71|217|12.734367353923071
71|218|7.233124011780711
71|219|14.50666250751369
71|220|6.096209688722802
71|221|9.84692402228773
71|222|6.670869610997605
71|223|14.667513098582516
71|224|8.454484766722555
71|225|14.498193929429318
71|226|11.094175308082868
71|227|9.84801144978153
71|228|3.4006523001475837
72|74|14.020726726528018
72|79|13.9855023242189
72|81|3.5962302458616295
72|82|0.20493502918500722
72|83|0.07576185697483498
72|84|2.631060388509537
72|86|2.4655657270985705
72|88|2.7743643117800696
72|89|3.914719440946104
72|90|1.9514175586598386
72|91|2.0805499401510485
72|93|2.6445967114203572
72|95|0.28664897644651216
72|96|1.2858785641425323
72|98|0.09504345052263069
72|99|0.7161966720905635
72|100|0.4571463301232713
72|102|0.04785421213755703
72|104|0.9562781880949923
72|105|0.2155074861210027
72|106|0.48035985043759044
72|110|1.5906606777011447
72|111|0.34250752857501937
72|116|0.4131177012784015
72|117|0.4307808555632805
72|119|0.38623375386778563
72|121|0.4822805965561608
72|122|0.3263063075128346
72|126|0.7411178178719209
72|129|0.2930755475551618
72|155|1.3826882034521177
72|159|0.048420334292229174
72|160|0.08503001268825282
72|174|0.03197599633532269
72|175|0.8097254481030356
72|176|1.3965614568357578
72|177|2.3353356245818877
72|178|2.965076448375923
72|179|3.0600840278946446
72|180|3.4584008391576497
72|181|4.008716136550906
72|182|3.9831853125665053
72|183|4.75940300142278
72|184|3.969012677062719
72|185|3.1694943538893376
72|186|1.8625695779698028
72|187|1.8636588634993547
72|188|1.8055023494553444
72|189|4.158938330552287
72|190|2.3989897138293887
72|191|3.2461724438115076
72|192|0.7289119809609234
72|194|1.7660802183523154
72|196|1.7137393385308979
72|197|0.471585457707578
72|198|5.569719944507709
72|200|5.445280594159736
72|209|1.630045090048198
72|210|2.2235229239591443
72|211|4.366486173699105
72|212|4.405152194492092
72|213|10.036784172925913
72|214|14.034538921640607
72|215|11.593987535171712
72|216|6.218450769501208
72|217|6.735513293630709
72|218|13.61296187994577
72|219|4.230213722139469
72|220|13.318262532220766
72|221|6.511270408645631
72|222|11.688764941652297
72|223|7.566272715913704
72|224|14.503007905214506
72|225|7.4942385066346935
72|226|13.64893738621344
72|227|11.351726737138653
72|228|11.542348403624302
72|229|2.709705187762679
73|76|8.51366446187398
73|77|20.604730579353923
73|79|10.517332381119127
73|81|9.44029324038293
73|83|7.05554036126429
73|84|3.82376366460805
73|85|0.5370725046280802
73|87|0.6618098009784583
73|88|2.5686034501358868
73|91|3.1225564145530935
73|94|1.218761541417066
73|95|0.4334805593301425
73|98|1.7831843655880586
73|99|1.7048170446370872
73|104|0.696290568380887
73|111|0.42832590281638977
73|113|0.09961343066335823
73|116|0.06420601489942081
73|118|0.10964484849448146
73|119|0.13446785835041292
73|120|0.4424715214646056
73|126|0.0900307182651153
73|133|0.042284396177212816
73|156|0.8083805817742067
73|160|0.21414915770127538
73|176|0.2693223768916008
73|177|0.7790631517615202
73|178|1.5750669095188272
73|179|2.224778591948668
73|180|3.7152808585930326
73|181|3.7976522396053443
73|182|3.618521761553766
73|183|4.304410822790565
73|184|3.6948278235229424
73|185|4.656829897618834
73|186|3.54588115685918
73|187|2.1135804667823237
73|188|1.8400565582164516
73|189|1.9990169074820772
73|190|4.231986096865824
73|191|4.52360426767377
73|192|4.970785349589243
73|194|1.1293072918463116
73|196|0.02803543546696938
73|198|5.9655897443231085
73|199|3.6386946256365116
73|200|2.755875945388415
73|201|2.4319537288205306
73|208|0.026848021761794853
73|209|2.3946953524459254
73|210|4.531223424420539
73|211|3.7461082636654095
73|212|5.1302546213596845
73|213|6.0711632731933625
73|214|9.5784594967423
73|215|10.035633756412778
73|216|14.905763737878544
73|217|9.446762682600978
73|218|5.859290524388471
73|219|11.94170426497655
73|220|4.781273442818393
73|221|10.10514816833217
73|222|3.6102308506544176
73|223|10.431185449282527
73|224|6.065976483627985
73|225|15.50106854357866
73|226|5.724565694770486
73|227|14.544385845161885
73|228|11.454461235644933
73|229|11.174484793025714
73|230|1.5527991154135938
74|76|4.059383981104762
74|77|9.596317201487764
74|78|10.225471198990423
74|81|14.263428657850994
74|83|12.142347407037844
74|87|2.2576560792560514
74|88|0.9561760267778502
74|90|0.16249703250841863
74|91|1.5345141041533639
74|93|2.5114557298539877
74|98|1.2001253054547205
74|101|1.522976745438434
74|103|0.5979965690503121
74|105|0.24337250510398725
74|113|0.13080765335365113
74|116|0.14656257218483906
74|123|0.19392979887021736
74|124|0.2669021655655224
74|125|0.10668957506054046
74|126|0.1641753254800356
74|157|0.5715766404796635
74|162|0.05978119315748611
74|178|0.4956300359077458
74|179|0.8834761212167151
74|180|2.6800408046187623
74|181|3.486694597986804
74|182|3.2874094114214496
74|183|4.14065894640202
74|184|4.187319007584349
74|185|4.109428736727897
74|186|3.601603432757357
74|187|4.28773709783288
74|188|3.333903544254474
74|189|2.3996541634265793
74|190|1.7540308126047899
74|191|4.132645147263819
74|192|6.516496539004444
74|193|4.15824116928902
74|195|0.15536313103219895
74|197|1.0057060093670311
74|198|3.2436120798251045
74|199|7.665984444652484
74|200|0.059927157584772094
74|201|2.5466895987424607
74|202|3.35837961105428
74|209|0.6836401501532129
74|210|1.4758886666366096
74|211|2.4900332212206284
74|212|2.214609466571596
74|213|6.0542469924249565
74|214|5.470178932772267
74|215|9.068499920611186
74|216|11.16718479793811
74|217|19.535835671990515
74|218|9.439654056558288
74|219|4.1982359921324575
74|220|11.846584960034253
74|221|6.232195297831564
74|222|8.958798635242001
74|223|2.256050393658039
74|224|11.23879665696486
74|225|3.663912400875657
74|226|15.534673485174814
74|227|6.849507988058475
74|228|14.808212321155988
74|229|11.295101475832867
74|230|11.406247501029906
74|231|1.7416545969821255
75|79|66.05235729404357
75|81|14.165368077579394
75|86|1.3997481372585148
75|87|1.7217352935604395
75|90|2.628522183930453
75|91|1.5737148871197406
75|94|1.3299847364967086
75|95|1.2990978986400388
75|96|0.30602044821563285
75|97|0.10220869679062519
75|98|1.325036590073662
75|102|1.740910817658911
75|107|0.5658631417419232
75|111|0.04715763700013574
75|112|0.27805044865420936
75|116|0.16761898913227471
75|124|0.27378173279528323
75|129|0.3500734223937974
75|134|0.038733587651203924
75|138|0.07050668252468267
75|173|0.10121117244225107
75|179|0.2747571651843472
75|180|0.9088179808531789
75|181|2.526648485365166
75|182|3.1501832447167453
75|183|3.981210670266204
75|184|4.34392847875252
75|185|4.253092271760653
75|186|3.7383754381709093
75|187|3.811178236179641
75|188|4.122953966394501
75|189|4.09814242382911
75|190|2.757826098651541
75|191|2.777884467101402
75|192|3.8934190507594533
75|193|7.196183570692001
75|194|2.3299578861803196
75|196|1.3675697437508831
75|198|2.4273013185956875
75|199|7.010164355167775
75|200|7.656174377514642
75|201|2.0541053464465713
75|202|3.517439605594412
75|203|1.3727381632780888
75|209|1.8685495062001878
75|210|3.4531846879928536
75|211|0.8083449541443243
75|212|2.730065678588594
75|213|2.63960287905378
75|214|5.537314171163979
75|215|6.859645451890471
75|216|9.864770683061186
75|217|12.900113261842167
75|218|18.46260987688787
75|219|8.718682719516522
75|220|0.867162559878753
75|221|9.114627648054496
75|222|4.728698077187268
75|223|6.644249101251287
75|224|4.424797033847577
75|225|9.56240660833457
75|226|4.115504980703568
75|227|14.66813802745939
75|228|5.066621221769487
75|229|14.974127382483397
75|230|11.676294618116371
75|231|11.38785265880635
75|232|1.6629623136569056
76|79|7.8661146333266325
76|81|1.2671601960097785
76|82|3.864160050737289
76|84|13.41808664046371
76|86|0.7402893063456742
76|87|5.959928869118262
76|90|1.5762770309912597
76|91|3.582623952991731
76|94|1.015191106015516
76|96|1.4201207183487305
76|97|2.337468374114005
76|101|1.1919086304301776
76|112|0.1166102893497215
76|115|0.10548188134204584
76|116|0.09976007369106878
76|118|0.20989719209200677
76|122|0.0974715203912861
76|123|0.2762727089880727
76|126|0.34320409904039817
76|128|0.1258941073155613
76|182|2.1079017558137414
76|183|2.7458198777113982
76|184|3.706210261339003
76|185|4.517222881994834
76|186|3.4621341607304523
76|187|4.730175971695086
76|188|4.349876703382645
76|189|2.9690064258684905
76|190|5.211317684844156
76|191|4.484669871109445
76|192|3.305723627067785
76|193|5.738981743626806
76|194|4.845935885383355
76|195|0.6672730015734843
76|197|0.6983295333835138
76|199|5.573889896198922
76|200|11.23970118477635
76|201|3.51320990631461
76|202|2.7737785602168974
76|203|1.6952649683009617
76|210|2.023483006214776
76|211|2.8753619438084583
76|212|2.4319814884511444
76|213|1.3798111763278025
76|214|3.6399610544447496
76|215|4.598941415584103
76|216|5.1051184975629615
76|217|8.787366367477963
76|218|12.772455294859096
76|219|15.359434253376994
76|220|9.572924268629654
76|221|3.445739200094085
76|222|7.851612184068221
76|223|5.627068589394909
76|224|4.651976623546716
76|225|4.656446794187678
76|226|8.608253594119049
76|227|1.0937081543864955
76|228|14.083768248974168
76|229|6.485275070097121
76|230|14.82075075992482
76|231|12.59652950021137
76|232|12.834006874937588
76|233|0.9897047062576017
77|80|5.455041838296163
77|81|5.5354831839037955
77|82|13.100815784348942
77|85|10.756440487870506
77|86|4.358002209481445
77|89|0.2879872239935124
77|93|3.392233666680816
77|94|1.1309312384646066
77|95|1.0227317206033921
77|101|0.5094830563262156
77|103|0.2885547115682685
77|108|0.12841815883197222
77|109|0.7325689365845313
77|115|0.022134269762396422
77|116|0.5761853083149042
77|118|0.13739742566040097
77|119|0.546358624443055
77|126|0.4604904511467327
77|164|0.10896357879432456
77|165|0.1379538036702131
77|166|0.33014241650294945
77|167|0.21551394555668052
77|183|1.2338374766996019
77|184|2.4519374268091134
77|185|3.279810904959273
77|186|4.4137200689693366
77|187|3.480475617321621
77|188|3.65288987922699
77|189|5.579941088236363
77|190|3.5221896990846338
77|191|3.393296879737008
77|192|6.2185219320773975
77|193|4.2467947027207655
77|194|7.340613922345969
77|195|6.398130011253854
77|196|3.7442986086641374
77|199|1.8124201774523772
77|200|8.471180701264307
77|201|11.735021204731257
77|202|1.1082140785881367
77|204|2.5662346504416513
77|210|3.3184318528838745
77|211|3.600655938882387
77|212|2.3996380461878917
77|213|1.5184957491355648
77|214|3.2483275342154614
77|215|5.1684348438914025
77|216|3.830729479063975
77|217|4.481414519091474
77|218|6.905787528661817
77|219|12.319203985394058
77|220|12.719651851791243
77|221|13.929962864415486
77|222|6.1708153108272805
77|223|5.130116425936337
77|224|5.789774267324337
77|225|3.8812076856185684
77|226|4.658572458603096
77|227|7.738352312341263
77|229|14.07845901040175
77|230|7.213348199638762
77|231|14.670960720908097
77|232|13.42323161261216
77|233|12.726641475647181
77|234|1.9976256336736289
78|80|10.362690025839902
78|81|13.064625009083743
78|84|75.23141225764836
78|86|3.9109267619595265
78|90|1.6306165985651162
78|92|0.7139898605222209
78|93|4.604483337941238
78|94|0.1812421828801758
78|95|0.1773840863030818
78|98|0.16084969740682817
78|101|0.08267103312054917
78|102|0.1954848194202793
78|108|0.8314787230049404
78|110|0.3898587653706505
78|112|0.43688981007042305
78|114|0.41643123760520145
78|115|0.33914065485393163
78|117|0.25513368720378327
78|119|0.14978349606757874
78|122|0.2457364865645585
78|123|0.1269321961876628
78|125|0.06366505723114164
78|126|0.36179277681411004
78|128|0.09595622081262839
78|132|0.13600478293047322
78|137|0.09556880620247499
78|166|0.39184164524422666
78|167|0.32506622725254314
78|168|0.28528055929013196
78|184|0.8337536341738261
78|185|2.109934677489805
78|186|3.4803099658678764
78|187|4.189129856352221
78|188|2.7053220911832345
78|189|3.7038352576305846
78|190|5.397334089393006
78|191|4.216023281149614
78|192|3.5737711632956515
78|193|5.808895021114334
78|194|6.1073341091463
78|195|7.7605117683309635
78|196|2.4764601539977407
78|200|4.088763178391756
78|201|10.893994223149411
78|202|8.804822323827697
78|203|1.8458967269837845
78|210|0.7971519971741798
78|211|4.674346694093697
78|212|1.8146750031514454
78|213|3.350559987934393
78|214|2.87840132501949
78|215|3.8381664064827823
78|216|6.370698323769373
78|217|3.754736991330366
78|218|5.250375330389504
78|219|6.2637964203202685
78|220|11.279716697565627
78|221|9.491416826134895
78|222|13.35877249817508
78|223|6.215151189312715
78|224|6.724900943085487
78|225|1.6734849686358237
78|226|3.43328391156506
78|227|2.3359319036966033
78|228|9.062030683082726
78|230|12.084409283229249
78|231|6.6369586187963
78|232|13.588098943852412
78|233|13.484967205603196
78|234|11.387990437896702
78|235|0.4970509556352318
79|82|58.226373105656165
79|83|58.25375780244002
79|86|13.493693592283872
79|87|18.464533601947025
79|88|7.754181788487875
79|89|0.7395718315943771
79|92|10.989124192080327
79|93|4.73022516565215
79|97|1.8897889210846905
79|99|1.1135341189394763
79|103|0.5349740064725478
79|112|0.0395827009636612
79|113|0.21833589074331558
79|114|0.44911201395521394
79|118|1.0899709245903708
79|124|0.14985785766279294
79|126|0.0068109547225077595
79|136|0.07623445677891515
79|169|0.17718430512392377
79|186|2.0012997538430874
79|187|2.9817943170144487
79|188|2.5268670751763977
79|189|2.272149168115417
79|190|3.4122378197919874
79|191|5.180542109113839
79|192|5.133741283043708
79|193|4.363441468042835
79|194|4.34939500648564
79|195|9.117720885707199
79|196|9.457777672793387
79|197|1.8448396303234917
79|199|2.2505498405147013
79|200|0.5844064581695754
79|201|8.405484252982292
79|202|11.106938506567106
79|203|6.9033940320931455
79|204|0.9819566030943272
79|211|2.6742086716466895
79|212|4.443188247897062
79|213|6.691721852787159
79|214|2.84052314596394
79|215|3.6530778819483705
79|216|5.970777555554536
79|217|4.14006063090244
79|218|3.9689755563681817
79|219|5.704509147440699
79|220|5.238025766254108
79|221|9.18511222256216
79|222|8.534119897163427
79|223|11.521744715904328
79|224|10.956990136512031
79|225|6.764458779548757
79|226|2.7516239759859
79|227|2.317395308435436
79|228|4.869186521923967
79|229|8.022032212157967
79|231|13.150560914695859
79|232|4.965578690953266
79|233|13.312495672128593
79|234|11.670386392794997
79|235|11.7575160428271
79|236|1.472939540082525
80|82|0.6844356146093423
80|83|70.66199809557179
80|85|3.6213857750796246
80|90|8.505471416322994
80|91|14.208875993211867
80|93|0.8466051103589856
80|95|1.7778197986654323
80|96|0.08428557501230213
80|98|2.524812109082642
80|100|0.3707953761616783
80|102|0.6828803413212101
80|105|1.0596053038473319
80|107|0.30979872175404505
80|108|0.8378793598506673
80|109|0.9203528294441711
80|110|0.8250291364480603
80|111|0.3988762317793727
80|112|0.7830447339473067
80|113|0.12215506281304947
80|114|0.2677586474893912
80|117|1.1519900672539742
80|120|0.19862205069332167
80|121|0.41367273720052433
80|124|0.7999332879355332
80|126|0.5599345376056903
80|128|0.457938937872381
80|130|0.09049635732864082
80|168|0.16798369347805264
80|169|0.0947716988140987
80|170|0.12788147189316096
80|186|0.05083307244646839
80|187|0.08896646183673862
80|188|1.5987217858822527
80|189|2.5914443868113994
80|190|2.0841243872740147
80|191|2.9777428704583033
80|192|5.129468026939189
80|193|5.390162877992255
80|194|5.203643775823326
80|195|5.711437477391432
80|196|6.186515537304431
80|197|10.01865128922851
80|200|3.3924135902037045
80|201|5.51737444188723
80|202|8.85085466591933
80|203|10.634581755715224
80|204|1.535002486728412
80|206|0.7767167701326863
80|211|1.3864602446190029
80|212|3.680383977630072
80|213|4.6723529698901025
80|214|4.473253523264036
80|215|1.816182662064275
80|216|3.660188121606225
80|217|3.211961814339401
80|218|3.6330428332827487
80|219|7.705316952874802
80|220|4.871427798415496
80|221|5.001755547606634
80|222|5.672217140901927
80|223|8.670512611238541
80|224|11.157780477046037
80|225|11.319456061640551
80|226|4.068248093660908
80|227|2.8168785401133585
80|228|1.158144634326078
80|229|5.88270522910375
80|230|9.964822682007188
80|231|0.15353154146972298
80|232|7.5374449921654945
80|233|5.45204956364989
80|234|11.496781399242154
80|235|12.775767475973215
80|236|14.54310749220497
80|237|4.783590041069161
81|84|11.77289534968608
81|85|22.40252071742245
81|87|17.535468334469357
81|88|8.93255830650254
81|89|19.19842253158762
81|91|0.7293731663016224
81|92|6.781987122548375
81|93|1.1550279499588096
81|94|3.977779301785668
81|95|4.700038208819765
81|97|3.2333808535219486
81|99|1.5527966544329308
81|101|2.280250311813741
81|102|0.7872718799810888
81|103|1.6177341586646528
81|108|0.6641540856886513
81|110|0.3917124713354947
81|111|0.5225252721334762
81|112|0.603003502133349
81|113|0.07538105719972224
81|114|0.01753011501888118
81|116|0.5677179104261935
81|117|0.16251132544780827
81|121|0.12374504447675068
81|123|0.5435530173120617
81|124|0.38163428303751706
81|126|0.1940019909396741
81|127|0.16300512460952632
81|129|0.21044018894414757
81|166|0.23060332573042847
81|170|0.3113727793069309
81|172|0.35446269092382576
81|181|0.3688691480522573
81|188|0.480250486422297
81|189|1.8658369502247683
81|190|2.216080258136661
81|191|2.8258713141087406
81|192|3.396621388067596
81|193|5.398473311080626
81|194|5.812759981088907
81|195|6.270546724864451
81|196|7.24815234375388
81|197|6.869347637176537
81|198|9.609650267112066
81|201|2.0784463008642593
81|202|7.4063528028147925
81|203|11.310692757371413
81|204|8.700840337457787
81|205|0.036293499767770986
81|212|7.746407274733242
81|213|4.019213488815894
81|214|4.908012129165012
81|215|3.8432757432388938
81|216|3.48291510325199
81|217|3.653350252442083
81|218|4.04646129261877
81|219|4.774962604178224
81|220|7.510571891313519
81|221|4.313890254505243
81|222|4.919879592470898
81|223|2.9498088749854503
81|224|7.114793051715704
81|225|9.402694304036528
81|226|12.83671643292648
81|227|8.052894262316558
81|228|3.5579944811331368
81|229|2.552244166683021
81|230|3.762971410707053
81|231|7.350295458769347
81|232|0.3056762506608505
81|233|6.913568619101062
81|234|6.664855702184757
81|235|7.820509206613714
81|236|10.823826017070717
81|237|12.687389120274588
81|238|4.387271667988978
82|84|17.278500152884817
82|86|13.925341593299748
82|90|4.6577627004685995
82|91|7.189874249259048
82|93|0.9976913600986466
82|98|2.069197162760424
82|100|1.1589115813870539
82|105|0.43917208459369
82|106|0.19579531299226047
82|108|0.7841313642106641
82|109|0.6349166311062623
82|110|0.45657665339081377
82|113|0.06874046201153039
82|116|0.5730635378104574
82|120|0.5117710657344285
82|124|0.4155434530358183
82|129|0.13855428812600024
82|136|0.09299581623494643
82|140|0.10901230785074481
82|172|0.27014077686900956
82|173|0.31478769451516864
82|190|0.23311200862338974
82|191|1.4358955462508505
82|192|2.0710408509413725
82|193|3.4973330971996384
82|194|4.2017257150331675
82|195|5.421725433768725
82|196|7.682392179246445
82|197|8.215960078771193
82|198|8.478233915681495
82|199|2.0673096552098684
82|202|5.657244187801189
82|203|7.204396727908291
82|204|10.315351657450924
82|205|6.0083917490156855
82|212|5.79782984910864
82|213|4.692506584649036
82|214|5.491935298827013
82|215|3.3629061199663575
82|216|4.16873221136238
82|217|4.817006589299058
82|218|3.2119147489019246
82|219|4.39593630151889
82|220|4.613705147385864
82|221|3.7580332831652923
82|222|4.027897495440221
82|223|3.9939600475150114
82|224|2.893593938705154
82|225|6.641047444444031
82|226|8.095627929717367
82|227|9.513538494394222
82|228|13.078390446948852
82|229|1.4246489309628068
82|230|4.201974450060495
82|231|3.9367944797552794
82|232|4.79048671632304
82|233|0.5208135298486881
82|234|6.2426665331006586
82|235|8.509744635994812
82|236|5.246720098231694
82|237|11.316338343353257
82|238|11.20443932359704
82|239|7.6728618778485975
83|85|52.38355871032692
83|88|1.7846624642357989
83|89|20.624498444314398
83|91|13.3044784953757
83|92|0.6385731956436965
83|93|0.040963555585107156
83|95|6.446730043953266
83|98|1.6835013968199444
83|101|0.15314214758418604
83|102|1.4078321802756988
83|105|1.1620872208092388
83|106|1.1812247225837782
83|108|0.8162670523930718
83|110|0.18358131882957227
83|112|0.009959117341360325
83|115|0.7120435473298776
83|124|0.10690024503719106
83|127|0.06523689633821753
83|128|0.2778404179855211
83|129|0.17415533474471287
83|135|0.06073250662449375
83|138|0.0663109276308951
83|173|0.623643642663985
83|184|1.2718226272409519
83|191|0.21212015223648464
83|192|1.735515507626027
83|193|2.016918404130977
83|194|4.485553686587571
83|195|4.248860156169799
83|196|6.09678986997417
83|197|9.659490136892106
83|198|10.104066375430119
83|199|7.198492935299507
83|201|1.6428496089326716
83|203|4.604887126115176
83|204|7.67461836029391
83|205|9.347398482699743
83|206|1.528742423652899
83|213|8.425133285686606
83|214|4.021926917375195
83|215|1.5461645907348867
83|216|7.065680608212609
83|217|4.848233569699461
83|218|4.935649034454722
83|219|2.487245131117868
83|220|4.376416279243117
83|221|3.519683573122955
83|222|3.94880990662283
83|223|2.849107660070507
83|224|3.381285600161702
83|225|4.3050289946133615
83|226|6.750765634228775
83|227|5.681676340453431
83|228|8.8672206247335
83|229|12.894973709045509
83|230|2.9462487347926722
83|231|3.390637287150248
83|232|4.695723712846062
83|233|3.451290871502906
83|234|2.486982111049986
83|235|4.20721277216765
83|236|7.553342309297601
83|237|4.1020277311911455
83|238|10.261148895359822
83|239|10.448122993127582
83|240|7.867418672090244
84|86|8.33729785892592
84|87|115.34808371608734
84|88|24.70898308523717
84|89|17.14596304208302
84|91|1.5787201294812974
84|94|1.6665645532731277
84|105|0.2819812636186546
84|106|0.1228028927459281
84|109|1.1143570881533862
84|114|0.3166433936084593
84|120|0.38346786888352385
84|124|0.267466157310631
84|125|0.06729153064469694
84|126|0.4728253902822429
84|132|0.1521260044242055
84|193|0.8883914980865923
84|194|2.5661133203355346
84|195|3.968612705934557
84|196|4.875460080716002
84|197|6.275891715917513
84|198|8.793133351848818
84|199|12.493444074381907
84|200|6.145101438681641
84|203|7.305582099206329
84|204|3.8482772266360468
84|205|7.73959760276524
84|206|8.01751140444885
84|213|8.98260865771729
84|214|7.896540411005024
84|215|6.300140367573678
84|216|4.918594975305664
84|217|5.618999703000065
84|218|4.237078101499665
84|219|6.161880924429825
84|220|3.3090559682877387
84|221|3.592610531692406
84|222|5.890765546857712
84|223|4.634414829689692
84|224|2.109196317713279
84|225|3.9480440881496808
84|226|3.448591434826491
84|227|4.313876065787936
84|228|4.378409632454038
84|229|8.726507997031666
84|230|13.458895820971962
84|231|5.3866979961864105
84|232|3.6761935323314443
84|233|2.9090534753081
84|234|3.4571558433774046
84|235|0.896686998800156
84|236|3.447683647512693
84|237|8.25538467329302
84|238|3.0147791463312057
84|239|10.085850615900457
84|240|9.244015328093791
84|241|8.344152946929576
85|87|92.009912590743
85|90|0.03283537968533571
85|91|16.125507113336887
85|93|0.1021091159332669
85|94|6.80519213608447
85|96|0.7653556089516561
85|98|0.5518445592396085
85|100|4.472617437979847
85|102|4.388233989557542
85|104|2.611200701493247
85|108|2.23036988476442
85|112|1.2296750975754882
85|113|1.3939696794028626
85|114|1.1404111862022066
85|119|1.0503761431154495
85|121|0.6287399963911134
85|122|0.689582037587691
85|124|0.6584638864623054
85|125|0.34303695672316553
85|126|0.03901678852655767
85|128|0.3205871167316497
85|133|0.26019352356978187
85|152|0.03148038166803103
85|187|0.3165408070072297
85|194|0.9653389219976407
85|195|2.8206175914254614
85|196|3.223296822519377
85|197|4.321720752505167
85|198|5.922521961868252
85|199|9.545655876227924
85|200|14.643398792295597
85|201|6.9005369782052846
85|204|11.764081371629915
85|205|6.479454125948827
85|206|7.6023841724195504
85|207|4.255201144412258
85|213|1.2418730450303435
85|214|12.01222527869937
85|215|8.254674587867697
85|216|5.801899025590036
85|217|5.961491073118995
85|218|5.466463612301892
85|219|6.202300459706397
85|220|7.82304113422127
85|221|3.9134148372817537
85|222|3.182430570770569
85|223|3.90579481894978
85|224|3.393750816842505
85|225|2.8221153083774304
85|226|3.4636407796583986
85|227|3.517612558503957
85|228|1.6083024544128126
85|229|2.237491366064558
85|230|7.597209190901519
85|231|12.843714821445328
85|232|11.095547827553654
85|233|3.3299314326369984
85|234|4.487843533458599
85|235|3.14513213083219
85|236|0.9618778300235232
85|237|3.409459371685022
85|238|6.374596291072212
85|239|1.948650724893018
85|240|8.343311475444786
85|241|6.619193606182448
85|242|10.65008136781247
86|90|34.747419963099986
86|92|69.00807994734008
86|94|6.3016046365150595
86|95|11.665357726275628
86|98|10.953376513585917
86|101|3.3051458864224466
86|104|0.38631345637769776
86|106|0.40318943743565644
86|107|1.98228823070706
86|113|1.123024112935152
86|116|0.12596131121125603
86|117|0.4611101201632578
86|118|0.552855343591433
86|119|1.5442623330963419
86|120|0.7872255766908928
86|121|0.2765320755088468
86|122|0.6675224335067333
86|124|0.9129404295404172
86|125|0.1414928611318001
86|126|0.46376045995078075
86|128|0.037773088109354605
86|129|0.2246127081094486
86|132|0.21570869568521314
86|134|0.09403384698480187
86|142|0.0167321657001907
86|189|0.8371738572829531
86|195|0.1635690179034211
86|196|2.931755283330049
86|197|4.665126599485646
86|198|5.704112476261148
86|199|8.109264619101673
86|200|12.174250837681232
86|201|16.639906725132608
86|202|5.098654235163342
86|204|3.264242076289889
86|205|7.615413745656726
86|206|7.474744831175456
86|207|3.9977996763900343
86|214|12.753479315421805
86|215|9.221125722038224
86|216|5.698945524922367
86|217|5.450438948676506
86|218|10.26870085288435
86|219|5.595332837333852
86|220|6.566401456723384
86|221|6.9907744623029995
86|222|5.432932596515974
86|223|3.009570784041973
86|224|3.3092511021568813
86|225|1.357520513994152
86|226|4.107735155066643
86|227|2.863908458668376
86|228|3.823962042307244
86|229|3.0847562904146573
86|230|3.7953924633631337
86|231|6.536508400870069
86|232|11.367528380187892
86|233|12.833598628620532
86|234|2.6236801843249937
86|235|3.0483525583265534
86|236|1.7424418213270325
86|237|0.6692582995524315
86|238|3.4844275091368457
86|239|5.692706008473392
86|240|1.4746647029861306
86|241|8.487226632881287
86|242|5.583875583750135
86|243|10.38721039663397
87|88|28.15135559382653
87|90|4.570194619555748
87|93|25.604652294477606
87|94|7.792832143533289
87|95|1.6882238741528082
87|98|17.125423608439995
87|104|0.3696708475567675
87|107|1.347726624214969
87|108|0.5821763359950072
87|109|0.3520682492309474
87|111|0.5906194348795384
87|112|0.961161847300481
87|113|0.16677118947518546
87|114|0.04249229047155006
87|115|0.07719564575062068
87|116|1.4170539550095744
87|117|0.18267493504125015
87|118|0.3365539608285001
87|119|0.21713346146389817
87|120|0.0518776852635673
87|121|0.1611024921272192
87|125|0.4362040734789421
87|126|0.7677643383791558
87|132|0.08892856541034452
87|144|0.05506128819193794
87|187|1.0038693827267748
87|191|0.004668713282267124
87|197|1.592630066129489
87|198|5.458265903623778
87|199|6.533729645597971
87|200|8.308620265288987
87|201|11.65319736644651
87|202|17.22847267154597
87|203|6.239928554129952
87|204|2.1586020934998427
87|205|2.8766225517256605
87|206|1.721810225268663
87|207|7.490732775377977
87|208|2.442283595848607
87|214|1.9603289225454277
87|215|14.558051940732213
87|216|9.086989859605264
87|217|6.4952455701782
87|218|8.397184322347245
87|219|7.293653879268462
87|220|6.897098429774142
87|221|6.81215984225739
87|222|4.896981305309327
87|223|4.7518964503198
87|224|4.676514829642352
87|225|0.9267087646530952
87|226|0.8565323054571402
87|227|4.111629207791747
87|228|3.04317049683671
87|229|0.5441800472293691
87|230|1.4954527654615208
87|231|1.4970756272820431
87|232|6.222582201335366
87|233|12.361028738621801
87|234|13.494949464351148
87|235|5.356945375482799
87|236|3.142246135344904
87|237|2.3556214386665015
87|239|2.6073312850348307
87|240|4.8724918357204645
87|241|0.061797922940599465
87|242|7.321800771880528
87|243|2.4221111881257076
87|244|11.491499239600936
88|89|12.5879069459917
88|92|42.65599373047162
88|93|15.686743914224094
88|97|3.558967431877439
88|99|9.794165729092027
88|102|2.9669940219864994
88|103|0.7061027720962506
88|104|1.1045518871453963
88|105|3.3064432328548263
88|106|2.2502351022146447
88|107|0.891341967783199
88|109|1.5778982213686312
88|110|0.5434563062332362
88|112|2.0855063904818256
88|113|0.8810303884695275
88|114|0.40876309422422674
88|115|0.18121901534902174
88|117|0.21826478129249158
88|119|0.1897601944641392
88|123|0.24648620659570902
88|124|0.8894571836261858
88|125|0.22448545587495322
88|128|0.23354282848493868
88|132|0.20758769810156874
88|142|0.0826870749256505
88|143|0.023787188479103143
88|146|0.1390101028773684
88|150|0.0992612589110698
88|188|0.2572708244369625
88|189|1.0219774869708336
88|190|0.30713619113229135
88|192|0.89417406772154
88|198|0.19218477933192546
88|199|5.450424195994951
88|200|6.690394957596601
88|201|8.020965281767761
88|202|17.015326733162887
88|203|15.84508145168789
88|204|8.954925195867219
88|205|10.885583535089115
88|206|0.04897286983393058
88|207|0.3290164069924647
88|208|5.1056851184434064
88|209|2.6631995149032144
88|215|9.638488488563521
88|216|12.384873920179206
88|217|6.749391237903061
88|218|7.539841929394513
88|219|6.591995835432315
88|220|8.331070333250041
88|221|8.675153988121439
88|222|6.691798526661758
88|223|4.6581259847949585
88|224|5.940116055510916
88|225|4.2495280413124625
88|226|2.518814766650633
88|227|2.2801224545230188
88|228|4.706027613785473
88|229|1.8294400466528422
88|230|0.657173029540946
88|231|2.20010832179247
88|232|2.010127429801
88|233|7.216230412314788
88|234|9.666647293549241
88|235|11.664434680985988
88|236|8.17091653963407
88|237|3.855006014748245
88|238|1.964806533213868
88|239|1.3336588838158037
88|240|2.413367696922335
88|241|4.507123380323998
88|242|0.6676247935172361
88|243|4.931224134246303
88|244|2.4149449156716467
88|245|11.900279654705155
89|90|27.088431994083308
89|93|5.302641101881466
89|98|34.62877119747052
89|100|14.459421018209467
89|101|5.010077935125644
89|103|3.701903273825207
89|104|6.0351711453222485
89|105|2.1351948938118013
89|109|0.9171030798959713
89|110|1.5000439436130524
89|111|0.8908653751262091
89|112|0.0837144488754044
89|113|0.9849363366690664
89|117|0.4801709487185846
89|118|0.539217642461514
89|119|0.7278216971991317
89|122|0.7817338313700042
89|123|0.33792783419829686
89|126|0.7134943561742758
89|127|0.03144029139300082
89|128|0.06711734904240074
89|130|0.1753150045382267
89|132|0.016202760248284615
89|136|0.11806927290916829
89|139|0.10118348478432909
89|191|0.027855852072189057
89|194|0.2644408129906969
89|200|2.904506970835987
89|201|7.148891556290234
89|202|8.952456113800148
89|203|17.162149397320928
89|204|11.109256406359622
89|205|13.584039171843024
89|206|10.857927364492957
89|207|0.4467536090929145
89|209|0.033279516645940276
89|215|1.3140322092070171
89|216|12.420070886681918
89|217|8.124367330700201
89|218|5.825639182562324
89|219|7.452637127185063
89|220|7.637440349453256
89|221|10.460357349430689
89|222|4.8616373753343565
89|223|8.080402877296391
89|224|6.645116057993187
89|225|5.733884135748286
89|226|6.414798050946981
89|227|1.0728300351560718
89|228|2.8147687560540464
89|229|1.8749528021514064
89|230|0.7201801996582453
89|231|1.1671636048651515
89|233|4.302898506919703
89|234|7.174219874546331
89|235|8.589775594880203
89|236|9.94414406128065
89|237|9.621039913200159
89|238|4.554147040574262
89|239|1.3773802290411348
89|240|0.26927221261685125
89|241|2.2399838393361464
89|242|2.889053316534563
89|243|1.2001100965307419
89|244|3.2530985439169373
89|245|0.6167033942360198
89|246|9.306804664210388
89|247|0.9046135554662671
90|93|4.353917441723661
90|94|24.232982674943912
90|95|18.186809070809133
90|97|12.986086259197943
90|99|20.11857225694274
90|102|3.825803845132433
90|103|3.0443557221803164
90|111|1.0250857434422669
90|112|0.5667439763667687
90|113|0.9499510505195403
90|116|0.4328748695902808
90|118|0.6629738313063269
90|119|0.028983626213666087
90|122|0.6036573372419155
90|124|0.6188825569451529
90|132|0.2295160964703231
90|140|0.10644453993133815
90|201|1.900599145846107
90|202|7.766290357510237
90|203|13.262383316730338
90|204|14.865245783823244
90|205|10.654612350512402
90|206|17.585398425559767
90|207|8.783557323517462
90|208|5.262948071412108
90|216|13.201529089231832
90|217|10.814541450307386
90|218|5.991384644973099
90|219|9.658246222054409
90|220|5.4022036741220765
90|221|7.320976425699181
90|222|8.723753873180565
90|223|4.484134484043494
90|224|9.00269097720225
90|225|8.096057472332138
90|226|5.952411161957791
90|227|3.1489132855071236
90|228|2.456236960371984
90|229|4.815596160737717
90|230|1.8319946108163983
90|232|0.02769051616681805
90|234|4.774110302533301
90|235|6.208121981140588
90|236|7.9122648478205475
90|237|9.690135178279531
90|238|10.282575576425183
90|239|4.817195290091803
90|240|0.46263805942996306
90|241|0.2859011046865258
90|242|0.6607808015631536
90|243|1.6925594657628429
90|244|0.9424389809455407
90|245|4.251189298659738
90|247|8.14117530720832
90|248|1.3174361188179846
91|96|11.678170960861257
91|98|14.78047041372908
91|99|14.873473261762369
91|100|17.911177006459802
91|101|7.432344044062899
91|106|1.7902906459704668
91|107|1.2643488439464368
91|108|4.576278893592678
91|109|2.2773041635547293
91|111|2.565476095486505
91|112|1.4324019103724732
91|113|1.0684427243244947
91|116|0.05517887267880341
91|117|0.163031083602312
91|118|0.2573866298179808
91|119|1.4763777747130116
91|120|0.42058935140101933
91|121|0.05653806491107458
91|122|0.20289300291428017
91|124|0.661837213183192
91|125|0.5405692260314017
91|126|0.4661997647812053
91|130|0.5357663134282288
91|134|0.1367123831187638
91|135|0.04799745147459635
91|138|0.47824831549066
91|142|0.12323384148159212
91|191|0.4354956687496361
91|197|0.5514802040563506
91|202|0.08185999694334511
91|203|2.6193031532892648
91|204|15.608146321767284
91|205|17.832509920659852
91|206|17.936492879985387
91|207|16.904287291227728
91|208|12.19244487947618
91|209|10.837436904093126
91|216|1.2393308465140105
91|217|16.11748003444159
91|218|8.145434928243597
91|219|6.794702030097585
91|220|4.6852682113386575
91|221|7.288645019824676
91|222|8.49863615058022
91|223|5.583412027253708
91|224|4.204502924333227
91|225|7.692599790747687
91|226|6.134277995863759
91|227|6.924413212378997
91|228|6.152977497315826
91|229|5.7933786762276025
91|230|5.94353708517732
91|231|1.9598539120058402
91|232|0.8226441895711103
91|234|0.27817471494040485
91|235|4.742752734969006
91|236|5.96122820523743
91|237|7.6999938907455805
91|238|7.5306377405581895
91|239|11.323678644433855
91|240|6.002233354097457
91|241|2.096234022824915
91|242|0.5124139556258238
91|243|1.6053596281329088
91|244|1.644177030559813
91|245|1.3062677213502085
91|246|1.9361946950562887
91|248|4.570123985138336
91|249|5.505798857711545
92|94|17.853919417972186
92|95|1.7475179201049302
92|97|51.170354819046466
92|99|30.565106121534225
92|100|2.285238050520849
92|101|7.380029903692109
92|102|4.75607629619964
92|103|7.068112155499925
92|104|0.9418580846018825
92|106|4.282454639874024
92|110|0.4497721508479094
92|111|1.1034745689329686
92|112|1.117213245014567
92|115|0.6875737228871075
92|116|1.2059012991288278
92|117|0.7360355889572834
92|118|1.1271578610838227
92|119|0.3720065924376995
92|124|0.5978655225326449
92|126|1.1043932188076537
92|132|0.44555999597396834
92|140|0.07089743582089114
92|199|0.9817848682234638
92|204|0.15638224669044778
92|205|15.384586262363207
92|206|20.743061745924578
92|207|17.42537214985685
92|208|19.148410267258956
92|209|12.691667073046068
92|210|8.36685111387194
92|211|2.207521015024589
92|217|10.168789713055595
92|218|9.953768139895818
92|219|7.867572215809289
92|220|2.310715910046185
92|221|5.707178270476072
92|222|7.053372853825438
92|223|4.323470901242247
92|224|4.223188796357882
92|225|4.762834830642384
92|226|7.410019504481931
92|227|7.976601096655003
92|228|7.097458015019359
92|229|6.416283992945441
92|230|7.2105519919068195
92|231|1.6461526370937354
92|234|0.2103272979893909
92|235|2.1271259697948524
92|236|4.60779238441664
92|237|5.24484914565572
92|238|8.002550150055786
92|239|6.144251034986227
92|240|11.948359765987512
92|241|7.132647918980661
92|242|2.085858325477668
92|244|0.9996691353030701
92|245|1.9426021140836565
92|246|0.09163831431757137
92|247|1.181931784337375
92|249|3.65673816878508
93|95|16.83122253762524
93|96|57.65851106888541
93|97|41.80608633364955
93|98|17.146666854983337
93|105|0.6745760773440874
93|106|1.0372144590633998
93|108|3.2582470409328823
93|110|2.2990771897282785
93|111|1.6205055811211615
93|112|1.2112865455445145
93|113|0.8734205162205367
93|117|0.7597942222174108
93|118|0.6191289615761151
93|120|0.4032137067757635
93|122|0.8856457485471524
93|123|0.4418657712284535
93|125|0.14422450706003834
93|127|0.23555144532265285
93|128|0.07780725345578321
93|131|0.05600390513961003
93|134|0.46120158744166584
93|136|0.20948663267038306
93|141|0.03708094855988165
93|205|1.6858997731699432
93|206|13.194062213756606
93|207|23.04662310912944
93|208|17.64917302248977
93|209|15.053453829028197
93|210|10.628968488464158
93|211|5.673738416283781
93|212|3.914137794255288
93|217|1.2038621349770364
93|218|12.437065314796675
93|219|6.136368294493742
93|220|4.139349038723402
93|221|2.888055448860603
93|222|7.391727293852156
93|223|3.476259280749561
93|224|4.964090932025989
93|225|3.3513916212841317
93|226|5.711632159357918
93|227|7.039943580558714
93|228|8.514763860061974
93|229|5.827780233469993
93|230|6.343656623883627
93|231|8.213765970431256
93|232|3.862287806337401
93|233|0.018229237145162853
93|234|0.9471638920019202
93|235|1.4401139223892456
93|236|3.3256052294458973
93|237|4.015439868680056
93|238|4.836671149911282
93|239|6.493872825198927
93|240|5.937412725446169
93|241|10.056749989188765
93|242|8.013305332748532
93|243|3.0991635268929536
93|245|1.04277431455529
93|246|1.8884558379995324
93|247|0.06366994603408088
93|248|1.3643982190680506
94|98|8.93608461524412
94|99|2.494985083311162
94|100|13.122520803930119
94|104|8.317292486887304
94|105|3.1188584345505697
94|106|0.8395831469668853
94|107|1.047713367013871
94|112|1.4976977779971294
94|115|1.165906350196372
94|121|0.4235895899506069
94|122|0.296744631263959
94|124|0.10734658215708896
94|126|0.57809836479233
94|130|0.11850231746914369
94|135|0.10210769364024169
94|142|0.035207788405174245
94|206|3.389086800417474
94|207|12.771090926652793
94|208|24.032062679550066
94|209|21.522944932157476
94|210|15.825760499255757
94|211|13.47597029621101
94|212|4.127909672310306
94|213|2.1563067783295113
94|218|11.648453036949874
94|219|10.630390348695906
94|220|9.024117164263075
94|221|2.4486868182484454
94|222|3.7287780888308992
94|223|3.077893587977456
94|224|3.8085753535812
94|225|2.0539893740559867
94|226|2.3075469261346604
94|227|4.6133519838843755
94|228|6.299347946099141
94|229|9.293371597938185
94|230|7.118268441613832
94|231|6.312042956628834
94|232|7.803634597180958
94|233|4.120212177052496
94|234|1.4621649108272035
94|235|1.100832884497406
94|236|1.671544822923319
94|237|3.4012813674833415
94|238|4.446891931439479
94|239|6.6447290460383925
94|240|5.342543971759818
94|241|6.014117022287578
94|242|7.1520877577579185
94|243|8.793790818138191
94|244|3.577534261853559
94|247|1.6819917226923775
94|249|1.5560181214277145
95|97|43.033064222479666
95|99|18.865737785395247
95|101|11.979467870805802
95|109|1.254852437136585
95|110|2.8619380470165727
95|111|1.4570411099427447
95|112|1.1507419545554585
95|113|1.664195068335876
95|115|1.2588080530483665
95|118|0.9094118138299895
95|119|1.6640729497051088
95|120|0.5229490141936923
95|122|0.17812695561913827
95|123|0.07663088661178734
95|124|0.4957487283889343
95|126|0.5780808581243151
95|132|0.0762909736895966
95|133|0.09643852759002318
95|190|0.07482034235281602
95|207|6.484784631851578
95|208|11.99840548842091
95|209|25.30456557245377
95|210|24.163298070649077
95|211|13.094859767592304
95|212|9.311852360761659
95|213|4.967855772558512
95|214|3.4867113036903254
95|219|9.09103545041329
95|220|9.646905760048679
95|221|0.37188163216896764
95|222|1.8841661676909283
95|223|5.5197339537549945
95|224|2.536444246298389
95|225|1.3125150813822462
95|226|0.8156165326440455
95|227|1.3975320404645921
95|228|3.851226147514947
95|229|5.494421529011023
95|230|9.255916877668852
95|231|6.688286765319403
95|232|6.442342401880151
95|233|4.826615686034294
95|234|3.226596621647165
95|235|3.069910659205957
95|236|3.3909154367571834
95|237|2.790289539425947
95|238|3.4662422932738237
95|239|5.467537507991373
95|240|4.9181978585001005
95|241|4.375626926854173
95|242|5.930225857708951
95|243|7.088358266271626
95|244|10.518137483418775
95|245|4.0907709705818665
95|246|0.6075776741351423
95|248|2.0612830818491683
96|99|16.114920774223
96|100|0.061630395915416906
96|101|35.72590060291764
96|104|5.589337100980224
96|105|10.359469424768921
96|108|1.60902840904421
96|109|4.907073344740543
96|110|1.5692275312627968
96|111|1.9255060429540174
96|112|0.8604321061358564
96|114|2.2507364458626804
96|115|0.7233711290745991
96|117|0.26584371384756994
96|118|0.7654596773383109
96|119|1.0738813289992297
96|120|0.04760551809355947
96|125|0.4720852978827702
96|126|0.39500656850479904
96|128|0.15459244524736399
96|129|0.06530631224338
96|194|0.12440843290443862
96|208|6.325082628030473
96|209|15.513739569039869
96|210|25.142472533316344
96|211|22.173015328331807
96|212|14.082740648045949
96|213|13.128447015007797
96|214|1.385079222304117
96|215|2.598827373207918
96|217|2.8699091563430255
96|219|2.946119354110181
96|220|9.487564826633244
96|221|4.081790597354533
96|222|2.542181373368496
96|223|2.7225350674326783
96|224|0.1928088341633573
96|225|1.6244943718467761
96|227|0.4043048664067944
96|228|2.290307105483739
96|229|3.032054675253163
96|230|5.728731695009311
96|231|7.513729333327784
96|232|8.74927825900491
96|233|7.409546112827558
96|234|2.9551578391275752
96|235|3.1323647780493213
96|236|4.345367822368092
96|237|5.2503703185973825
96|238|4.527856988535232
96|239|3.513192878440403
96|240|4.888355353567216
96|241|4.340690978005179
96|242|4.34834710824315
96|243|5.676535839602709
96|244|5.545521588769105
96|245|8.483128992545218
96|246|5.522227401452273
96|247|0.21229522559781794
96|248|0.00246120463455437
96|249|2.1671676783152223
97|100|46.17898359625503
97|102|15.01773718131098
97|103|7.502709403009974
97|106|10.849438763149719
97|108|12.136533308076705
97|110|1.3494514486480822
97|111|2.3615299434886436
97|113|1.8475172471170733
97|114|1.8446619926820353
97|115|0.5628818537176434
97|117|1.1516140723417694
97|118|0.7212537666649702
97|119|0.8228285290638963
97|121|0.23325143291786984
97|124|0.6257878575135845
97|126|0.19219584746157822
97|130|0.13237007791137798
97|133|0.1828891540813638
97|135|0.2883888143183229
97|136|0.19421118530502865
97|144|0.06081776636017199
97|196|0.04507943128115804
97|209|3.3802942417951067
97|210|12.089008870911004
97|211|22.400312541761938
97|212|25.18897935877391
97|213|21.49475862599655
97|214|7.6597567101022745
97|215|4.705039627055676
97|216|2.1730199011206475
97|218|1.9595439995822361
97|219|7.455947272635399
97|220|10.139964233376087
97|221|8.708332929708527
97|222|2.054421117272986
97|223|4.583252774473149
97|225|0.10289710452216205
97|228|0.08232191782463032
97|229|1.5049552418786922
97|230|3.5336526930813905
97|231|5.19047055117591
97|232|6.543658217543673
97|233|5.232884113638268
97|234|7.0019025427515045
97|235|2.079495557523769
97|236|3.0547918113033106
97|237|5.479450462961458
97|238|5.789381469116711
97|239|5.351487815191607
97|240|5.125186702156213
97|241|5.516713146492115
97|242|4.521425104913594
97|243|4.4584297055078395
97|244|4.813152895870162
97|245|5.233836624731896
97|246|5.055186127267452
97|247|7.191775305581565
97|248|2.1031044412477877
97|249|0.19775324471803504
98|100|25.14895533747409
98|102|11.855936213784636
98|103|4.925767538242498
98|106|6.257093507223816
98|108|13.0528733777218
98|110|2.817148903366533
98|112|1.148419113810221
98|113|2.179224133631561
98|114|2.8852861855430256
98|117|1.2747438353055753
98|118|0.6536468087627125
98|123|0.014266358893119627
98|124|0.5324019397245235
98|126|0.6304608352607541
98|132|0.0785112255975321
98|134|0.01100585512256788
98|135|0.04430094348791296
98|196|0.808023961357474
98|197|0.030444315852079906
98|209|0.923666765863232
98|210|2.6849081522133527
98|211|9.487454697651838
98|212|15.647973531920142
98|213|18.47836201557928
98|214|14.337171379129474
98|215|17.571422072194782
98|216|5.1769051602706915
98|219|7.06711055486825
98|220|12.081991231771001
98|221|16.680937438984532
98|222|3.086150254248988
98|223|2.6739069320570445
98|224|0.145211485074426
98|230|0.5527400582461277
98|231|2.268009878318509
98|232|4.712525963604926
98|233|5.914640322720421
98|234|5.278143127952683
98|235|2.842018067451782
98|236|2.2857870801619278
98|237|3.8163522789259416
98|238|5.9735054025143155
98|239|7.036337945665618
98|240|6.293054782563934
98|241|7.307725127853898
98|242|5.954621365977052
98|243|5.279475662755244
98|244|3.332692960254325
98|245|4.385484955977274
98|246|4.443509893173017
98|247|4.215524521640534
98|248|8.514489494324845
98|249|2.7599474187179727
99|102|11.238926367650622
99|103|15.813192240689045
99|105|27.13380928191762
99|108|2.7015345349153415
99|109|7.046881181316539
99|110|1.3970404214652035
99|111|3.2189855640879297
99|112|1.0841480087713902
99|113|0.14328967624537184
99|118|2.038223380455458
99|122|0.226726105034456
99|124|0.12844747660734993
99|125|0.13918424053187747
99|198|0.8939715396282426
99|210|2.181021692463079
99|211|0.9812526422498488
99|212|8.251849944288919
99|213|11.926180440751443
99|214|10.655785427927116
99|215|14.983787143907419
99|216|9.079184049007235
99|217|16.59914637143411
99|218|6.567021959460013
99|219|7.680555386182862
99|220|5.655754826031271
99|221|18.292858768102867
99|222|11.627552848112813
99|223|8.12259193225481
99|224|0.9575889447432913
99|231|0.7945265054477412
99|232|3.1092557395267595
99|233|4.447649531124464
99|234|3.7089731257635803
99|235|4.840313711299296
99|236|0.584086979914937
99|237|1.6638621714359387
99|238|4.65396150628739
99|239|6.291298186519259
99|240|6.30807589631667
99|241|7.4851868283353875
99|242|7.9461513934699575
99|243|7.266544159340508
99|244|5.96579670969904
99|245|3.8124304106976514
99|246|4.425427149732344
99|247|3.685276875672788
99|248|3.0124110803879938
99|249|8.815892406215426
100|103|26.071628548873996
100|104|22.253394791773083
100|106|15.924346121069727
100|107|12.606808557283468
100|110|3.1161594431133657
100|113|2.4934350759787405
100|117|1.9072564659072966
100|124|0.6841988603359647
100|126|0.45576166164194104
100|200|0.2931240016301635
100|211|2.3923992087866974
100|213|9.838339378473345
100|214|8.509576849890475
100|215|10.43174522365597
100|216|7.332598154123165
100|217|5.590575244502874
100|218|6.121896289259369
100|219|16.076676916255128
100|220|24.171707691510374
100|221|15.34472143848426
100|222|12.368111128578688
100|223|13.291245054378413
100|224|14.811521332411306
100|225|2.0128557644970146
100|232|1.7343320058727074
100|233|3.241449929945985
100|234|3.017200358849909
100|235|3.4727983465085956
100|236|1.173376010748961
100|238|2.2560643570605152
100|239|4.419657142692981
100|240|5.205869764732818
100|241|6.971449037163209
100|242|7.929643668373156
100|243|8.17304036121785
100|244|7.574105425433687
100|245|6.228741520481869
100|246|4.898201239669733
100|247|3.146627007999999
100|248|3.3182811871036177
100|249|2.268496796015175
101|102|1.7427650355762025
101|104|14.48223843712858
101|105|3.406653873639482
101|108|6.86308619038849
101|111|6.317806034011111
101|112|3.042002591656302
101|118|1.8477967891363865
101|119|0.14435253439471188
101|122|0.5111522489505856
101|125|0.1208420120018492
101|130|0.37684002305114644
101|131|0.3266517888485521
101|203|0.01404052724973271
101|211|0.9251509426898263
101|212|2.5310124487717744
101|214|4.503810194611641
101|215|8.204850696454505
101|216|4.929051514923052
101|217|2.228251823089978
101|218|3.466959881355245
101|219|5.333847661331964
101|220|11.210077424356053
101|221|28.62131687465969
101|222|26.493360050194653
101|223|13.97051243297779
101|224|16.272047410293077
101|225|7.40464999752077
101|226|6.012855936707244
101|233|0.9262314082193094
101|234|1.6481119994269147
101|235|2.467125073947372
101|236|1.7231291879138453
101|239|2.0047128517600354
101|240|3.6142015497395925
101|241|3.982313062017948
101|242|6.438129366104994
101|243|8.287354964053954
101|244|8.05360569804582
101|245|8.437160036692935
101|246|6.7087562490530175
101|247|6.24717352670993
101|248|3.3256397128406228
101|249|3.3759434466219744
102|105|8.61675415875543
102|108|14.100302237436793
102|110|8.397315905524028
102|112|3.446822408358388
102|113|0.9515482759282586
102|114|0.6784488374620796
102|116|1.9727379245109602
102|117|1.875903043735163
102|124|0.14709654004334125
102|131|0.21722948020269078
102|205|0.2857532371265186
102|212|3.0690318640815595
102|215|3.149159356227323
102|216|3.110128996434036
102|217|4.292574149843381
102|218|1.607496556117996
102|220|9.131968721000268
102|221|9.651596415692968
102|222|26.002763628288452
102|223|26.636479512372183
102|224|14.56070928363936
102|225|10.429318329428767
102|226|13.407410797621068
102|227|9.499052502723277
102|228|7.556301825146857
102|234|1.1933225812001724
102|235|0.8321562088029689
102|236|2.157724901945887
102|237|0.6478114651627662
102|240|1.8232519617315652
102|241|2.6005498588895772
102|242|3.3558604686854814
102|243|6.66470781739535
102|244|7.039388070110049
102|245|8.101589392002461
102|246|9.462595050095517
102|247|7.838554851694444
102|248|6.110088247843643
102|249|5.155019965171187
103|105|12.453936265625527
103|106|26.669577476011888
103|107|2.0626275709691426
103|108|20.721027819949352
103|109|21.164807460011446
103|110|9.996644645448248
103|112|9.070121668915208
103|113|7.623747545101837
103|118|1.3303401178705319
103|120|0.07950213971539152
103|121|0.09816191360314108
103|123|0.22167224252171486
103|124|0.3474505313310266
103|125|0.07848703165404251
103|126|0.7139392413022049
103|128|0.4159178023506766
103|129|0.028602286967622233
103|213|4.031167317597959
103|216|2.6262128855909315
103|217|1.6144041622886982
103|219|3.3809571837598154
103|221|10.17536012631327
103|222|19.8795798479416
103|223|19.75936549959042
103|224|20.992226295058202
103|225|16.34225326228198
103|226|5.348576225181286
103|227|7.910209818643578
103|228|14.853764136668321
103|229|10.741220483309453
103|230|3.3413690048856264
103|235|0.1935804380269763
103|236|0.23593595849600443
103|241|1.1683448136482273
103|242|2.567900802588991
103|243|2.6573702885980293
103|244|5.287891543910703
103|245|6.84689753597764
103|246|8.025648416616214
103|247|8.45198095114657
103|248|7.571740457612208
103|249|6.3423312882947
104|107|29.066493687134688
104|109|2.496730525869092
104|111|5.9118979621582035
104|112|10.935021786614916
104|116|0.21928224499514587
104|117|2.746932254889165
104|118|0.47979170748426353
104|124|0.9084068419980329
104|126|0.15518284118335354
104|128|0.619556767665082
104|130|0.0973844189043268
104|213|1.3311349758980373
104|214|3.6986908086797223
104|217|0.7416488931325995
104|218|0.13482956282124994
104|221|3.9398449557779447
104|222|8.58645676448652
104|223|21.22005306837883
104|224|23.918862759895685
104|225|21.122251159399568
104|226|11.460734326352092
104|227|9.893730673439043
104|228|3.203402869537089
104|229|3.8546756421733988
104|230|12.137504147179383
104|231|10.908400319968349
104|232|6.1363923656098756
104|241|0.25401860673314025
104|243|2.523870311091288
104|244|2.551305995315963
104|245|3.8381525754869954
104|246|5.666821801075197
104|247|7.502531555289214
104|248|7.857248521044246
104|249|7.672844247513625
105|108|57.68525028960461
105|111|13.682635127174564
105|114|11.330313257161398
105|115|4.846475988036857
105|116|3.0700421143179146
105|117|2.478884257639942
105|119|0.5982501730104361
105|122|0.5425037478364783
105|124|1.1440488478451407
105|125|0.22205965811741393
105|126|0.9314877753101976
105|127|0.16790401528013985
105|128|0.09636781058107449
105|134|0.3614459707127491
105|214|3.915798363813507
105|215|2.0840537908002976
105|222|7.952642998961365
105|223|15.819621040848714
105|224|16.843580098558725
105|225|31.430163247881435
105|226|13.883765946116096
105|227|8.58590737415466
105|228|6.158584471326067
105|229|4.862345270526129
105|230|4.343413731022352
105|232|5.446607652481542
105|233|9.843758319087677
105|234|12.60393452937123
105|235|3.0218334281004537
105|237|0.2824368512920504
105|243|0.4233057076230772
105|244|0.2736446249065559
105|245|1.4704572100060358
105|246|2.1752451747148527
105|247|4.461186604687741
105|248|6.313984501656521
105|249|7.305604398391669
106|109|82.91642120261449
106|112|2.7172140954644455
106|113|17.22935444300513
106|116|2.806237423621963
106|117|1.1395945129511433
106|118|3.256275397551395
106|119|0.9265299543293725
106|122|0.4881993929102777
106|124|2.014721737700036
106|126|0.47916035172330745
106|127|0.13469521490407732
106|131|0.021960039427952882
106|133|0.2244509890357004
106|215|4.932325407325031
106|216|1.8364437810072403
106|223|13.550717709675048
106|224|12.439209531801977
106|225|21.242415287601453
106|226|18.927261584406867
106|227|18.003041070211726
106|228|9.06478161076264
106|229|5.501502594260645
106|230|4.611361253155813
106|231|3.170849694522865
106|234|3.139037622051891
106|235|12.231602153566843
106|236|13.761358834299573
106|237|6.416669938188715
106|238|1.324449615826209
106|244|0.1543497618100575
106|245|0.5942462715107889
106|246|1.0995095819218828
106|247|1.4059384358832947
106|248|3.125366075074907
106|249|5.220188062237435
107|109|23.201784527829332
107|110|22.038508991022063
107|111|1.8685408512048
107|112|4.496435799905256
107|114|16.531966281523246
107|117|1.1062750032213735
107|124|0.8229452357318505
107|126|0.4347447401263567
107|134|0.19256771545420104
107|216|2.1674925138725554
107|217|1.5844030189056943
107|223|2.621251798384624
107|224|9.759003658890407
107|225|18.000594358264607
107|226|14.04764846946283
107|227|17.549709458447744
107|228|14.974156654802622
107|229|11.523048559192782
107|230|3.8523462029240703
107|231|4.483561816191026
107|232|1.3807990748335481
107|235|0.3431624523598022
107|236|3.7787673354361266
107|237|10.943329252055088
107|238|15.08387417307013
107|239|3.604733078701821
107|240|0.5927385471907364
107|247|1.3653720597635903
107|248|0.3971236655446875
107|249|2.64037874375805
108|110|0.10806486989374914
108|111|11.245210594193443
108|112|8.643274540654756
108|116|5.4633091676174
108|117|1.8143125105699265
108|118|0.12085089270960142
108|119|1.3695709770777964
108|120|1.4117724816743131
108|121|0.0024132542040120547
108|122|3.150542719722686
108|124|2.5404689884386644
108|126|0.004413151528974862
108|127|0.09431136579237254
108|130|0.7934208716521537
108|131|0.4914251205213877
108|216|0.3917642463006969
108|217|0.7149852932755835
108|222|0.046346359951389866
108|224|7.765791687954006
108|225|7.369583692261512
108|226|21.713777362576508
108|227|11.875396097067638
108|228|15.137906288724256
108|229|12.862407497347085
108|230|8.399902362817386
108|231|7.92803799571563
108|232|5.179274943475988
108|233|0.9452953284844255
108|234|0.32941179943309207
108|235|0.4676586105933773
108|236|1.5360135389527168
108|237|2.896614702128083
108|238|3.4021268489947527
108|239|9.373746032420078
108|240|10.270693407652788
108|241|0.9550766374183739
108|242|2.0232962759483404
108|243|3.0599771761323002
108|244|1.5541987525905951
108|249|0.4929357063255105
109|111|0.04426278423292797
109|114|62.406257372098466
109|115|0.21884711691925876
109|116|5.8459711875038005
109|117|13.633142896120344
109|122|2.5950016199579045
109|123|0.28813547884130314
109|124|1.9474521713946105
109|126|0.5296416007156521
109|128|0.25785767792196623
109|137|0.05426909489692599
109|142|0.029900955466484642
109|217|0.4776717379048455
109|218|1.8098813416833928
109|223|3.536140392528216
109|224|10.393563875821695
109|225|5.076182979161441
109|226|15.91560396268589
109|227|18.70700724053446
109|228|13.418447814438371
109|229|12.670456230234537
109|230|10.970787731388777
109|231|7.343085221197877
109|232|6.612193048597077
109|233|6.478928568418438
109|234|0.42943163406046214
109|235|0.5627633293987337
109|236|0.7455667512133792
109|237|1.756382965154921
109|238|2.622068809534616
109|239|2.1315479938723247
109|240|2.6417522952622936
109|241|3.29708362132457
109|242|5.336224935872968
109|243|4.033646001996746
109|244|3.3179378452374144
109|245|2.8239052938958085
109|246|2.7758960164634106
109|247|0.1341995364876456
109|249|0.18779224121548765
110|112|31.150077857442806
110|115|21.934078233096024
110|116|7.48023997183243
110|118|13.450986176035917
110|119|4.556670898482599
110|120|2.4101890298329334
110|121|3.0509601403194093
110|122|4.624088907469148
110|125|1.6549130369249692
110|126|0.09172732453779085
110|127|0.16425437969757659
110|131|0.01147926591542872
110|133|0.19695952219824636
110|134|0.5895816469212831
110|135|0.2950392509346385
110|146|0.14124409817775166
110|218|1.0577225872845062
110|224|8.303368001002637
110|225|5.535266651147602
110|226|14.138027219459001
110|227|9.413504044934461
110|228|13.645550367794735
110|229|13.801964371772014
110|230|11.034958006860005
110|231|7.460086929668802
110|232|6.326521706604075
110|233|5.756015217743466
110|234|4.329414165978478
110|235|2.4688080774945163
110|236|1.7275102725426073
110|237|3.24824446083536
110|238|1.079174160366964
110|239|2.2625145948590197
110|240|2.364960645787491
110|243|3.2229595373544857
110|244|5.676813374678707
110|245|5.6717068158636135
110|246|2.8728592721481236
110|247|3.4861507238123086
110|248|2.7447025896215687
110|249|1.8981468397059331
111|113|13.692737524208916
111|115|87.89490083410554
111|116|14.19678122663386
111|119|14.437289229179207
111|121|8.804670084138591
111|124|0.7417611325376942
111|125|1.517936756082408
111|126|0.896273616868082
111|127|1.4189754239916599
111|153|0.00033287091673700323
111|216|0.27625802685161654
111|224|0.38421890361871885
111|225|5.908444565092256
111|226|7.057880759373227
111|227|9.709438750127669
111|228|13.909665348556455
111|229|11.747513068699185
111|230|11.181195214110794
111|231|12.523020234734567
111|232|6.984513974123539
111|233|5.00853560244184
111|234|4.145725171606497
111|235|3.5591317964775677
111|236|5.161000826579011
111|237|3.4602398296487444
111|238|3.311434905648882
111|239|2.9655801463454528
111|240|2.2862437371595163
111|241|2.405640817959339
111|244|1.9468350746560303
111|245|4.340220733146024
111|246|4.206841086431056
111|247|5.249534876376769
111|248|3.175466621063104
111|249|2.24642874685707
112|115|11.374883475738919
112|118|18.921709135462446
112|120|8.309761755692003
112|173|0.0343973219954103
112|220|1.0438336708753124
112|224|0.5041749386117441
112|225|8.731237515190045
112|226|4.73821142339221
112|227|8.230094545812713
112|228|9.223068342229283
112|229|14.210268649129603
112|230|11.746040776378113
112|231|10.348216019168479
112|232|13.363328014943836
112|233|6.95589105543559
112|234|2.369422300269919
112|235|1.9089561377599726
112|236|4.648864834925112
112|237|4.371927925622672
112|238|6.195794605946125
112|239|3.838898330315756
112|240|3.8251671648385615
112|241|3.4919931511640554
112|242|0.7535454589530667
112|245|0.5065825825418293
112|246|4.392599341757034
112|247|4.043558229547461
112|248|3.392163893590546
112|249|3.858691639582778
113|118|13.175987100501423
113|120|1.393182231285177
113|123|2.5357701183824837
113|125|4.867122627620181
113|127|2.0915318498369495
113|131|0.5441841039210713
113|132|0.4706770231609333
113|133|0.8532122938670752
113|134|0.4507482416964909
113|136|0.2381857646619755
113|142|0.060637402024618335
113|144|0.04475265227736505
113|157|0.0471064803968846
113|159|0.16235738162408167
113|221|0.9533519265032383
113|225|6.798812686763899
113|226|3.8372791675468463
113|227|13.119414467809024
113|228|5.434300100591967
113|229|12.1822130443954
113|230|14.239706718965362
113|231|8.815323401810199
113|232|9.648495026752915
113|233|12.795405259120878
113|234|10.127013428022813
113|235|1.9677835092901863
113|236|0.17729854999552055
113|237|1.6061000102842256
113|238|6.240169663659669
113|239|5.475841990379581
113|240|5.361397990237649
113|241|4.424333960504375
113|242|3.4181535138787487
113|243|0.04635187657948739
113|246|1.0630934287627145
113|247|2.6863795467905796
113|248|3.525734406483673
113|249|4.340196061711907
114|118|62.85484968946813
114|125|7.734532957088628
114|126|0.06802651396716555
114|127|0.4886146251146378
114|131|0.02364276398560082
114|132|0.23071218506599392
114|133|0.1884865707950917
114|222|0.6797213363062239
114|225|0.4387273928410734
114|226|4.58778716189435
114|227|9.879653488906772
114|228|2.480531189684636
114|229|8.59736188714876
114|230|12.558269963179143
114|231|16.834716589935585
114|232|6.4773683228471
114|233|5.97265538375593
114|234|8.94710504460637
114|235|11.292541653653435
114|236|1.2755031202884892
114|237|0.10807122240792384
114|238|2.519418755229847
114|239|3.8506915979492766
114|240|5.341365844916438
114|241|5.584194347888288
114|242|4.787417417846383
114|243|2.647401919473773
114|247|1.4835650931135391
114|248|1.8031716163648963
114|249|2.803737217388323
115|118|3.259389269394671
115|119|97.66359072694303
115|120|9.669030911475899
115|125|10.559264016545342
115|131|0.9933656269837519
115|133|0.0886360689007475
115|134|0.45795283734811304
115|136|0.015473708457987857
115|139|0.0012268915230333988
115|155|0.13478954444580354
115|222|0.07613931017007206
115|226|6.088540069309975
115|227|6.301088224906291
115|228|4.519717111062515
115|229|3.950208242158008
115|230|9.528536252160956
115|231|11.85143683461318
115|232|12.928655774539923
115|233|8.128411402982271
115|234|5.122189859742867
115|235|5.7659311121777606
115|236|5.888596776510636
115|237|2.715245691095332
115|238|2.9439999900376144
115|239|4.268714520149615
115|240|3.7552478238607683
115|241|2.4553087378341347
115|242|4.85689066951252
115|243|5.241301467884945
115|244|2.515094373327746
115|246|0.22990025331638483
115|247|0.1300418010668303
115|248|1.514636597952896
115|249|2.2642736292972474
116|117|19.799535835548404
116|119|43.84315250721913
116|122|2.6752852610324163
116|123|2.1230587859916223
116|124|16.64734443263442
116|126|0.029682873307705866
116|128|1.1796027842937096
116|129|0.590218491977271
116|131|1.7142121762419265
116|132|1.9123903789807637
116|133|0.2713516790830368
116|134|0.7745793341135276
116|135|0.001531598197737738
116|136|0.06327881160900427
116|137|0.3274878258445869
116|138|0.016519349539185373
116|140|0.11203109566023983
116|142|0.3804611154296821
116|144|0.40099102509103174
116|145|0.13545703369117165
116|146|0.03870569294690049
116|149|0.08390704782369883
116|150|0.036380428554605757
116|155|0.07735350448206715
116|159|0.17038430413618813
116|163|0.05143302246405138
116|164|0.10369343950598858
116|170|0.16794461076961809
116|181|0.06305315287377902
116|218|0.28761598399571076
116|223|0.37669978102558127
116|226|7.134843193528864
116|227|2.147104761230398
116|228|9.985909809848213
116|229|4.074976839903587
116|230|5.124550656642885
116|231|11.109189944126971
116|232|11.58118856065977
116|233|9.43863318927503
116|234|9.046831000746813
116|235|4.966322159322675
116|236|5.635940302469711
116|237|5.259363394835967
116|238|1.8158767443805137
116|239|3.0536597638123406
116|240|5.031450398202729
116|241|5.6387434354001975
116|242|3.867517619736501
116|243|3.504436952664655
116|244|4.845444094389997
116|245|2.0718061453147953
116|246|1.3852654639211759
116|247|0.9390509958795696
116|248|1.1208432207861754
116|249|1.2759953889058098
117|120|35.25622572213823
117|122|23.934947550592263
117|123|9.322683565222142
117|124|8.992130360218548
117|126|1.4866569115513102
117|127|1.42896941946346
117|128|0.006853883548044722
117|129|4.405674114766205
117|131|2.844158801400135
117|133|0.3351575823438942
117|134|0.821746515361115
117|135|0.1584583893720512
117|141|0.15375718123089896
117|144|0.1405388289625766
117|145|0.313240328398274
117|147|0.013028832789620347
117|153|0.46935771070045956
117|155|0.1340002820400431
117|212|0.1278421510170903
117|224|0.5055231675195869
117|226|0.3232990900730309
117|227|2.613867104828864
117|228|11.51618616994254
117|229|2.2301072753350466
117|230|5.242635331530327
117|231|6.051266754356207
117|232|10.780971348221348
117|233|11.131736829434098
117|234|7.447705742058741
117|235|9.441587985425087
117|236|3.6140211436291882
117|237|3.7640336953975955
117|238|3.814011950295121
117|240|3.8745665137746994
117|241|2.4116303551135396
117|242|3.9598310665411263
117|243|5.319566563485034
117|244|3.92859843298344
117|245|0.9485518876252149
117|246|1.454661433240222
117|247|1.8304398837050744
117|248|3.5154772731977517
117|249|2.557664073268108
118|121|36.526147408086395
118|125|106.12942805634579
118|126|12.092682031071462
118|128|4.322164959467356
118|129|2.4431031156958296
118|131|2.983187940597261
118|133|0.7226495590116131
118|134|1.3658403641966606
118|136|0.5583462931971865
118|137|0.2501076224184365
118|138|0.3024838554232044
118|139|0.025477178430436027
118|140|0.4027577687378276
118|141|0.14049271937638164
118|142|0.2491918319676887
118|143|0.08242966555864643
118|144|0.5206959868622437
118|145|0.006951067027905291
118|150|0.009442441546683465
118|151|0.09949578811667047
118|153|0.29916908380842777
118|164|0.026309943482740062
118|219|0.542820831120642
118|220|0.3000412796374402
118|225|1.0009256204034866
118|226|1.3670686514765558
118|227|5.130005725774855
118|228|8.101725271308675
118|229|3.409567355924976
118|230|3.3988102131619566
118|231|5.790050922866125
118|232|8.299861782099887
118|233|10.126580039817368
118|234|12.71443203309352
118|235|6.619779168261415
118|236|8.055672694111738
118|237|2.5855209663232372
118|238|2.392401260714031
118|239|3.4218918537024505
118|240|0.4828088444033997
118|241|3.8319438868452775
118|242|3.900958785042926
118|243|3.0438224672982144
118|244|2.5200952365894667
118|245|3.582591610404896
118|246|3.167961635684283
118|247|1.541272896224781
118|248|2.65957497626257
118|249|3.9421508779004246
119|123|68.6387476787289
119|124|8.272825565466723
119|125|41.51516475502176
119|127|60.970378761144346
119|159|0.0751033371682117
119|226|1.2696742736052895
119|227|8.838318756567565
119|228|3.5576621012270375
119|229|5.400703328077009
119|230|2.9363308552653105
119|231|3.471158790992324
119|232|6.323263796007486
119|233|7.681283426582777
119|234|8.839398230619663
119|235|12.685720654018727
119|236|6.377747588130691
119|237|7.1271279660400975
119|238|4.211827676007115
119|239|0.7556199506525151
119|240|3.7028772020477896
119|241|0.5464332140263404
119|242|1.9554047864237643
119|243|4.640750274311669
119|244|2.274814670330813
119|245|2.5073015969487
119|248|2.204159187042953
119|249|3.186316801585236
120|123|47.386440457272194
120|126|23.34960256091837
120|131|8.995383616752308
120|133|0.2080559044938323
120|134|0.7175800777057283
120|138|0.053979030308955386
120|140|0.18389572402500473
120|142|0.26394599918937584
120|143|0.05387559425282944
120|145|0.14065578658665132
120|146|0.013729050875782911
120|151|0.09709440875717294
120|177|0.016353639771085705
120|187|0.015696686729414246
120|226|0.5743251151724527
120|227|5.316821887755616
120|228|5.077744529273861
120|229|10.132857247956679
120|230|4.4569126848998515
120|231|2.860059504269416
120|232|3.7763101207933816
120|233|6.811215981935941
120|234|8.31736136223906
120|235|7.967360514068495
120|236|11.773629775564443
120|237|7.790988419162351
120|238|6.390509299974233
120|239|3.8944906075598986
120|240|1.147116460364368
120|241|4.232202563841026
120|243|0.3629467864156152
120|244|3.2961805108129267
120|245|4.905128263017035
120|246|1.3931734063084042
120|247|0.15703154606384737
120|249|1.4049080804898038
121|123|33.39879971420497
121|124|20.3028989880167
121|126|8.484014540165436
121|130|8.022902772123755
121|131|1.0667823066001152
121|132|0.1426354560636227
121|133|4.76289475930667
121|134|1.349095101433862
121|135|0.2736482359816215
121|136|0.7376091184257231
121|137|0.5323649945054395
121|138|0.46013298778802164
121|139|0.5359973390474021
121|142|0.038451402986095624
121|144|0.007601498349797225
121|145|0.02081233359476627
121|146|0.49657779941729585
121|149|0.10182055027497824
121|150|0.2115607509386379
121|157|0.34151964918975053
121|161|0.13033476520218737
121|163|0.09376347755386734
121|164|0.10936520454715472
121|166|0.42366942660764845
121|167|0.028419428008288835
121|168|0.24738092182564914
121|173|0.01791015240216755
121|175|0.09174843165278784
121|177|0.12470456211271365
121|179|0.16066765596571295
121|215|0.3550956193506652
121|227|1.567709744162651
121|228|7.953342070944628
121|229|12.666020043800716
121|230|4.0054558810742185
121|231|3.9024179106670243
121|232|2.755239583801664
121|233|4.4816486023466835
121|234|5.850140017894126
121|235|7.996495202554306
121|236|8.603178530419504
121|237|10.599751386178394
121|238|6.582178009787233
121|239|5.34771601497838
121|240|3.2537498211607034
121|241|0.5422534621456715
121|242|4.098053015222141
121|243|0.03935554149103407
121|244|0.02983868803140433
121|245|2.4373348066936047
121|246|5.4126106537689695
121|247|1.3154748251966035
122|124|78.88302570547953
122|125|14.923025963951028
122|127|19.747214973476
122|129|9.771862267062996
122|130|75.39006284465555
122|131|7.506273086888418
122|132|6.789566478760685
122|133|2.0850857017117006
122|137|0.05042886034978364
122|138|0.34008091794964507
122|141|0.2226190187546247
122|142|0.27486813927027504
122|144|0.24174529907362366
122|145|0.5662602116637009
122|146|0.2753706094582423
122|148|0.16756743686514627
122|149|0.19677774404474255
122|150|0.06865644140722714
122|156|0.01558924705571426
122|159|0.2599112730872845
122|163|0.044736793986967165
122|164|0.00577589203987025
122|165|0.46894923686068624
122|170|0.28883054678577746
122|174|0.10008221582684554
122|217|0.24122528390558257
122|228|8.033831640978127
122|229|9.275282278659969
122|230|5.761903007833419
122|231|3.8835200895837176
122|232|3.6881221197724168
122|233|3.109910781585372
122|234|3.309134626548123
122|235|7.350040507952229
122|236|8.452683388090266
122|237|8.698539048645973
122|238|9.733121103048665
122|239|6.3761817265828284
122|240|4.59481752600435
122|241|2.9117589542986613
122|242|1.7808134720566542
122|243|3.3818139413491815
122|244|0.17269787222922459
122|246|2.340719611136553
122|247|2.777951161293736
122|248|3.108810911850008
123|126|45.58345444856144
123|127|87.74669388682291
123|129|11.457591210249808
123|133|1.4037010868676618
123|134|4.767679172087922
123|135|0.5466812477495738
123|136|1.846149722197776
123|137|1.4335409419218876
123|138|0.7699590440139931
123|139|1.167126816186458
123|140|0.9090000303861999
123|141|1.0418288483292297
123|142|0.9236957270175209
123|143|0.2105207523550598
123|144|0.8601887679792263
123|145|0.7683215220413621
123|146|0.4293452904074151
123|147|0.08667305762201437
123|148|0.08788382104673696
123|149|0.23965052944759105
123|151|0.07241810473856676
123|153|0.17280174027317388
123|155|0.3537964127945311
123|157|0.3511028558011263
123|161|0.21791368442346992
123|164|0.05462272418126649
123|184|0.3833750925435481
123|186|0.12639977084934237
123|214|0.024358289458323718
123|223|0.04060564759782435
123|228|1.597521966824549
123|229|5.905526473632519
123|230|9.615235608122363
123|231|6.933379719255626
123|232|4.331996515445133
123|233|1.9339650862938165
123|234|1.6826560251215885
123|235|4.531337918881639
123|236|7.304130319951811
123|237|8.54654556331976
123|238|6.548519274054425
123|239|7.291939266870448
123|240|6.62191087933315
123|241|4.836206637613122
123|242|2.79553147637379
123|243|1.60893977685182
123|244|2.800094708601892
123|245|1.6791024628314835
123|247|1.4948129004580653
123|248|1.8017992297094994
123|249|1.819182526833501
124|128|114.89914082281186
124|131|25.39936394647599
124|132|4.777921356041206
124|133|3.61710872356655
124|136|0.6596824645682815
124|138|0.03196149224201158
124|164|0.016896609920033844
124|183|0.05837220943424598
124|215|0.290089395341341
124|229|4.761537733354729
124|230|13.93273020468483
124|231|6.589514394978007
124|232|7.003991045364308
124|233|4.582385577638073
124|234|3.181160933095794
124|235|2.338840946933244
124|236|5.594287469368037
124|237|7.909663054185938
124|238|8.974423265379954
124|239|7.2472404230219425
124|240|6.660197733735559
124|241|6.187703553704688
124|242|3.9092811533411855
124|243|3.0785492545299618
124|244|1.5572196904553606
124|245|3.7447157491384346
124|246|2.467251397036941
124|248|0.35965996499337965
124|249|1.8147810995840155
125|128|3.0302872381847132
125|129|20.23005363650976
125|132|44.86255155473797
125|136|0.009367275432887661
125|139|0.1050531671918936
125|142|0.5072098497900226
125|143|0.028951100756322016
125|144|0.18863411595414944
125|145|0.9959686796918571
125|146|0.48623845835852314
125|147|0.31469362376155885
125|148|0.49752577008174276
125|149|0.49627857633183886
125|152|0.18475186832381513
125|153|0.08425566237507098
125|154|0.16076290185627226
125|157|0.07935178860465061
125|162|0.0813240968178087
125|163|0.03359700441630355
125|173|0.08635071615278343
125|184|0.09310355023553828
125|218|0.05479083887305461
125|229|2.1856639189501967
125|230|8.817122898310961
125|231|7.148509100136988
125|232|5.761269005652574
125|233|6.8649706717817836
125|234|4.454636594825303
125|235|1.1409177090435834
125|236|3.868981437202518
125|237|5.837308833862752
125|238|7.957112522072398
125|239|6.708348809478657
125|240|7.255870760224297
125|241|5.739096393698782
125|242|3.941827859661625
125|243|4.614073497323858
125|244|2.9953448342188946
125|245|1.7573917391268392
125|246|2.6798918740139355
125|247|2.3074202447640406
126|129|5.5099373158147635
126|130|63.354235455453235
126|133|1.183918228762335
126|134|5.2225789224111026
126|136|0.21861634740050498
126|137|0.26064758083084244
126|138|0.6334782416314837
126|144|0.22953745421660351
126|159|0.07109466767861944
126|165|0.2345335646399998
126|170|0.07633530268338329
126|172|0.005200659270109819
126|174|0.07857715916332715
126|181|0.18554648168930352
126|183|0.6400267413043434
126|184|0.02771285298353647
126|218|0.18336699367417805
126|219|0.5437566688428347
126|230|5.360717753753565
126|231|8.108552355860464
126|232|8.97887470623194
126|233|5.503934489295918
126|234|5.834381020615978
126|235|3.617603237860786
126|236|2.701708492167639
126|237|3.881159167210846
126|238|7.029854902819297
126|239|7.343618549124461
126|240|5.3457311617238545
126|241|6.007764110130129
126|242|5.360732690417948
126|243|4.646406453671094
126|244|4.324555838130273
126|245|2.800268981343408
126|246|1.7559164917567056
126|247|3.3091845959058435
126|248|3.2171396885883348
127|129|2.6681556913171343
127|131|82.35415462640314
127|132|8.43584604239513
127|133|11.106312010964983
127|134|1.6529781056595694
127|136|1.0735726422909397
127|137|0.718652119819093
127|143|0.19609824939858825
127|144|0.22532174057741336
127|146|0.285832337642394
127|153|0.06765775778037351
127|162|0.02908463424869032
127|163|0.3564193527649953
127|167|0.0462656478001334
127|168|0.16634717014597045
127|174|0.10006365606853575
127|180|0.2761422703405324
127|189|0.27389051512778395
127|216|0.24109712623930057
127|219|0.8999135698149231
127|220|0.8833162109608469
127|230|3.129688584861235
127|231|9.59344402833435
127|232|5.73487942839138
127|233|9.120013309134704
127|234|4.792569626427366
127|235|6.374403333398881
127|236|2.318779896673376
127|237|2.056699877729214
127|238|4.474118463206602
127|239|6.065276980601747
127|240|6.197608597069674
127|241|4.417044332156067
127|242|7.148419922443235
127|243|4.469762276102566
127|244|4.750053589304582
127|245|3.9063652911449656
127|246|2.988991349972706
127|247|2.4836199771761507
127|248|3.032628181509784
127|249|3.9901978084926983
128|131|38.667233127252
128|132|20.372115020135766
128|133|8.47749969770096
128|142|0.2902215814643124
128|159|0.08575376661636845
128|161|0.046556125895317726
128|164|0.06444232147675945
128|165|0.03481904920491075
128|172|0.19426333554883596
128|173|0.356977684325556
128|179|0.38470042169640056
128|185|0.1538352137648155
128|191|0.44213640380022257
128|218|0.2815940667308984
128|219|0.375114957595575
128|220|0.5546848356212238
128|221|0.8019662768072509
128|222|0.05313454798191287
128|230|1.6515711187537976
128|231|7.832595136261754
128|232|3.6963559342410424
128|233|6.706058765502505
128|234|7.5334304407616095
128|235|4.677889734716868
128|236|4.886346545277134
128|237|3.200554667887288
128|238|3.268275410243533
128|239|4.155347399314326
128|240|5.910198912853943
128|241|6.937817740092679
128|242|6.308595115217331
128|243|7.302420060918671
128|244|3.261852422927847
128|245|4.36539135894456
128|246|3.398452495603388
128|247|3.068069579090724
128|248|2.336844622161044
128|249|2.6053417107317864
129|131|50.22685687584962
129|134|1.4847837219166986
129|135|0.2814026926633616
129|136|0.3646624866198219
129|138|0.6613471827192997
129|139|3.1080853244114026
129|140|1.564634213193181
129|142|1.4315677584428155
129|143|0.5265649162455445
129|144|1.0528219919057165
129|145|0.42982499961897963
129|146|0.1902241740964224
129|147|0.4559670670640617
129|148|0.7167036269865481
129|149|0.543280630399682
129|150|0.29382479670149025
129|151|0.13842098926999621
129|152|0.10088548618922528
129|153|0.19385749887119122
129|159|0.2515431682024887
129|162|0.5352696031553208
129|164|0.27075087945724235
129|165|0.5190547533160357
129|170|0.1728866393034456
129|173|0.3906867239925553
129|174|0.3059497607745948
129|175|0.014379367102994856
129|178|0.21535191673341034
129|181|0.010585869389343876
129|184|0.059426682769297565
129|188|0.456451689941243
129|197|0.1649905944386837
129|219|0.3703366159356799
129|220|0.6185372975836916
129|221|0.6676354967741835
129|230|0.5273843148382897
129|231|3.7774115279444143
129|232|4.834098177910691
129|233|5.047946901848553
129|234|6.720534163044548
129|235|7.8428247618370985
129|236|3.0670219807704635
129|237|5.015124334914462
129|238|3.242181543726198
129|239|2.938536018605377
129|240|5.32351351843075
129|241|5.225583241121899
129|242|5.471628783263913
129|243|4.765456652016119
129|244|8.241588787370436
129|245|2.7651723421210654
129|246|4.268115479311013
129|247|3.245900684221884
129|248|3.5510990201785244
129|249|2.9465273228940325
130|132|44.538249417929144
130|133|17.717585243826232
130|135|11.494187782095379
130|137|4.396239590855843
130|138|0.09874665853444886
130|139|2.153049304511824
130|140|1.2567024272170884
130|141|1.1021013535930027
130|142|3.062015319067313
130|143|1.783248194147087
130|144|0.4818801023424483
130|145|0.4747977841944775
130|146|0.874252211056465
130|147|0.37165812489137473
130|148|0.2618675973083671
130|149|0.1805437596229792
130|151|0.6734386159069422
130|152|0.361765547731323
130|153|0.08447335353601684
130|155|0.5240530788070002
130|157|0.18788844842515715
130|158|0.5092168835464086
130|159|0.7398787807223297
130|160|0.17986573883189733
130|161|0.715107037247144
130|162|0.3922898904716651
130|163|0.4253874743192885
130|164|0.6353530917574585
130|165|0.053807633141187555
130|166|0.18586386550112308
130|167|0.18979656256878022
130|168|0.46048574065087944
130|169|0.2380278662280081
130|171|0.19400897923231722
130|172|0.18606055966220542
130|184|0.006506320894323993
130|187|0.3206857885149862
130|195|0.12784003317212708
130|219|0.3859992255756825
130|220|0.8988924645346765
130|221|0.9034475468818078
130|222|1.2749864014695658
130|223|0.6361828805310173
130|231|4.20666560256202
130|232|6.89767358977964
130|233|4.125985876068435
130|234|5.78830611779788
130|235|6.384181311361583
130|236|5.850803957434496
130|237|3.9295161536297947
130|238|5.677298395084147
130|239|3.5961628528608416
130|240|3.305141605643534
130|241|5.349648499858315
130|242|6.056156146750438
130|243|4.412352961263169
130|244|5.098525601506707
130|245|7.947065824582985
130|246|1.4972975331098723
130|247|4.231597036388252
130|248|2.740323903910597
130|249|2.968112153797836
131|134|33.61734798945892
131|135|49.819664799861776
131|140|3.8074546852361886
131|151|0.008691970360202672
131|152|0.2460842324911011
131|153|0.5391897925993022
131|155|0.01656739008707043
131|157|0.29928641119791893
131|158|0.06647121260954897
131|159|0.04845496314427338
131|161|0.255395439870618
131|170|0.06504861441959232
131|190|0.06860985205142706
131|220|0.1554823027278028
131|221|0.20333455310797313
131|222|1.1124648581725205
131|223|0.4464925394987207
131|224|0.40256533194599625
131|231|2.419032494014695
131|232|8.76533372945293
131|233|2.90552321463274
131|234|4.87588829128283
131|235|4.926227087548468
131|236|6.319478434624686
131|237|4.828036328949104
131|238|3.539658124415706
131|239|4.888042242095701
131|240|4.440639211869725
131|241|4.223820149544434
131|242|5.226418013326802
131|243|5.415049844769091
131|244|5.4597747773166825
131|245|5.967654297520729
131|246|6.036439591380947
131|247|0.9036479943254503
131|248|3.144465185416627
131|249|2.640093239321599
132|135|0.35950459170653914
132|136|22.005339880774542
132|137|30.521672493092677
132|138|16.97362486543129
132|140|1.3156312477432155
132|142|2.8180329284101644
132|144|2.6526939080548932
132|145|1.4384894524457064
132|146|2.2344068791541605
132|147|1.7560053761867473
132|149|0.0818942295242466
132|151|0.5307296624939124
132|155|0.5635451838568788
132|157|0.4083216187785862
132|159|0.2952582577311727
132|161|0.051665941556979476
132|162|0.06255596936458854
132|163|0.5956330932483118
132|164|0.20192141993688492
132|165|0.15140689467691237
132|167|0.011167517044282788
132|169|0.6848257311038732
132|172|0.4298280950193787
132|180|0.41018362882310283
132|182|0.0964708788018865
132|187|0.04953620747845652
132|191|0.006111706374032576
132|221|0.8304314198293019
132|222|1.0089397526276933
132|223|1.5626891513942776
132|224|1.005358335964827
132|225|0.8274162425255044
132|226|0.9548427688456738
132|231|0.5883981475618539
132|232|3.2980697022190255
132|233|4.237058482719638
132|234|3.397888715542663
132|235|4.5243743007598916
132|236|4.673993958759442
132|237|4.837936373993089
132|238|4.881636692004176
132|239|2.4767970659566165
132|240|5.040408036734257
132|241|4.777585065935009
132|242|3.7136828733898066
132|243|5.121853048412574
132|244|4.003993950695333
132|245|4.0281486192866645
132|246|6.254312030768403
132|247|4.191575087343119
132|248|1.3575627338962024
132|249|3.8252795639853403
133|135|33.79794892739084
133|138|0.0846458803440665
133|141|6.534387178970795
133|142|2.3438221806201365
133|143|3.8830950863593627
133|144|1.9329210945562068
133|145|1.9517565575023617
133|146|1.2491920779699164
133|151|0.6320310150649373
133|154|0.15238320986672077
133|155|0.18977206419516718
133|157|0.3289481290590672
133|158|0.209192344402728
133|159|0.304520502295718
133|161|0.28823635528197417
133|162|0.19223601219176892
133|164|0.6602371240827948
133|167|0.2931465244077815
133|170|0.48793656429825594
133|178|0.046517024654145395
133|180|0.06417849609513901
133|181|0.06795518687313702
133|182|0.1469692000240506
133|197|0.11682934642962466
133|221|0.19255587696408397
133|222|0.747371963128362
133|223|2.1627698786502774
133|224|2.3081280813699268
133|225|0.5938183999843354
133|232|2.7908961319642778
133|233|6.960639032911563
133|234|4.438943317056214
133|235|4.648961649982883
133|236|5.257582174562037
133|237|2.002322950177092
133|238|4.887848065656409
133|239|4.116042403605134
133|240|3.8756287709851
133|241|5.144688256468709
133|242|4.698984239826519
133|243|4.037469872478027
133|244|4.641005377150759
133|245|4.91839867413583
133|246|5.079762229099321
133|247|7.091084228603158
133|248|3.6030479483415196
133|249|1.5975923895809643
134|136|27.204973288103982
134|139|7.709934137113281
134|141|15.809538556237527
134|142|3.290439150932009
134|143|1.89488893109744
134|145|0.3387411586089021
134|146|0.023543887421308165
134|152|0.600480102386415
134|153|0.6592875169198964
134|155|0.5218562046257096
134|157|0.23364820420427074
134|160|0.6767666481961927
134|161|0.7990738915714481
134|163|0.5976301228627032
134|164|0.7943257302439442
134|166|0.031470001104319655
134|167|0.3836408094384381
134|169|0.32974075952020615
134|180|0.055796994024553806
134|188|0.11585370175372268
134|190|0.13579241448761195
134|191|0.2031278178825293
134|195|0.16148672365707592
134|222|0.7360545557567691
134|223|1.7102397829121383
134|224|2.1071574165208604
134|225|1.4816859571102743
134|226|1.1026794900246715
134|227|0.10996246242214358
134|232|2.1984320600939085
134|233|8.400664361527548
134|234|3.4706130070628127
134|235|3.980450547954145
134|236|5.220271424790015
134|237|3.563119344049984
134|238|2.8167962162136613
134|239|4.789284510631491
134|240|3.9645954312395255
134|241|4.199841737754115
134|242|5.883054078863228
134|243|4.84470317764841
134|244|4.242569859040062
134|245|4.399561082827552
134|246|4.956446508271452
134|247|5.233781659083021
134|248|5.0802959763852495
134|249|3.2469295075993214
135|138|18.881654484205683
135|139|40.242130858738356
135|140|21.040233605925344
135|142|0.030396937309968827
135|144|0.08722903021220628
135|145|1.3852011508128002
135|146|0.9172214737589085
135|152|0.38138171550092426
135|154|0.6260798686957878
135|155|0.2794935433240661
135|157|0.04558691084368578
135|159|0.2834748174953617
135|162|0.2910921406074672
135|163|0.3942170704514976
135|170|0.09669991834801164
135|173|0.07611794566060384
135|179|0.00979306544973005
135|184|0.071071310026613
135|187|0.18149020500151308
135|188|0.06800224548886782
135|190|0.03162382002776193
135|196|0.042965452804396786
135|223|0.8038182167562195
135|224|2.2069504971671994
135|225|3.045622452453205
135|226|1.902422681892315
135|227|0.2609175173293635
135|228|0.5997653249029857
135|232|0.4473961615477449
135|233|3.709340502432332
135|234|5.318571619196786
135|235|4.989738673759673
135|236|4.512521919171651
135|237|4.6173513405016005
135|238|2.015838981406329
135|239|2.539908577403119
135|240|4.146053159696961
135|241|4.076089791258803
135|242|3.507807347688228
135|243|6.691605827580158
135|244|5.60602378602744
135|245|4.019003101788713
135|246|3.7975019649419823
135|247|6.025079527410636
135|248|4.929919801335714
135|249|5.856086357592202
136|137|3.813347982776234
136|141|13.893056918796354
136|143|8.084394472975552
136|145|3.4562842323694953
136|152|0.9261999786739474
136|153|0.043861137259747
136|154|0.018303570269089322
136|155|0.18987943107798919
136|158|0.32036102016750195
136|160|0.2462171141719703
136|167|0.056024582291316925
136|170|0.12458926899414997
136|180|0.26850402438649906
136|181|0.20122762410402975
136|183|0.04510277101092317
136|186|0.12883304448863347
136|188|0.6808489955651649
136|193|0.02783590994645262
136|194|0.23770315753230037
136|198|0.0908891649158634
136|224|1.1167277264556548
136|225|2.2102220414766443
136|226|2.3688423636602893
136|227|1.3529793793412788
136|228|0.29976675837978395
136|229|0.27237724271601554
136|232|0.3775657972318539
136|233|2.772737705822572
136|234|7.525592607146192
136|235|5.129311282066321
136|236|5.469361300138948
136|237|3.9088671007383917
136|238|1.949003215271043
136|239|2.429022455799009
136|240|2.986415321116289
136|241|4.299009380771012
136|242|3.904473962761143
136|243|3.500301659462382
136|244|6.277303952214901
136|245|5.452788557036295
136|246|4.392827738669549
136|247|3.912855893508886
136|248|4.888151596065089
136|249|4.605422846296397
137|141|42.71006519071241
137|142|9.345397319587093
137|144|10.24684174691834
137|150|0.27690238383760357
137|151|1.330219021069341
137|152|0.5885422717694448
137|153|0.5557401534970589
137|154|0.8794277074533765
137|158|0.005077887613319687
137|160|0.8574870724103676
137|162|0.4745284213548379
137|163|0.8192927852409991
137|164|0.4786441901422456
137|166|0.032105273216129354
137|168|0.3594658565947555
137|175|0.10219203415379811
137|178|0.032567674616270456
137|180|0.17054819408444177
137|186|0.40662470059542827
137|197|0.010032683230088225
137|224|0.5790198026189451
137|225|1.7426998497593125
137|226|3.167926486053085
137|227|2.478428866361236
137|228|0.5048870252989617
137|229|0.2871075870937491
137|233|3.0001279837912285
137|234|6.367833683025977
137|235|5.08570287435218
137|236|6.628883309864656
137|237|5.59453658926891
137|238|2.0837991704066696
137|239|2.6930648438537332
137|240|2.5586499969136374
137|241|2.1879884185458343
137|242|3.6492091521592465
137|243|4.753394128060935
137|244|4.011304820911123
137|245|6.822174019446827
137|246|5.391399605820634
137|247|4.095367328113586
137|248|4.351812298691913
137|249|4.526541241772524
138|140|7.0825152027699945
138|141|11.495103380314296
138|144|4.810386966766819
138|145|6.420896389315192
138|146|3.5499137138802146
138|148|1.860052309787296
138|149|0.7645861187628412
138|150|0.20274897793809402
138|151|2.4341805345301677
138|152|2.0613675545250585
138|153|1.8927040996109443
138|159|0.4737838611388006
138|160|0.11673909144321859
138|161|0.23566780598785797
138|162|0.7884615592055956
138|163|0.34728763277383745
138|165|0.26611614987891263
138|166|0.07133455609560983
138|169|0.13781286533617212
138|171|0.029446700565637054
138|179|0.6720304477164842
138|181|0.005368545784519932
138|184|0.10812798024232327
138|185|0.0786462612821271
138|187|0.050521838140968556
138|192|0.18323740835337887
138|194|0.3929759055781675
138|225|0.27011444523247835
138|226|3.1012269220123785
138|227|3.722365872971395
138|228|2.075831564531566
138|229|0.8718498449848299
138|230|1.0765430123336959
138|233|0.5792987081454083
138|234|1.4160801460783723
138|235|5.315821307573012
138|236|5.660874647972768
138|237|6.757890345728521
138|238|6.094540324319787
138|239|2.524862480405764
138|240|2.2593050873186837
138|241|2.2255946192141187
138|242|2.0296679599625014
138|243|3.7053063222241027
138|244|4.398626082511178
138|245|4.137650484742497
138|246|5.537819505886426
138|247|5.475060736440871
138|248|4.441844752013923
138|249|4.833836840367395
139|142|26.840362596404407
139|143|20.545697135985773
139|145|6.482383470303538
139|151|1.3352151833981794
139|153|0.26506105998275165
139|159|0.11626529117763534
139|162|0.17239189307214425
139|178|0.05115424087453161
139|179|0.12431314843519785
139|184|0.07516806719429747
139|190|0.12297179882903188
139|191|0.1601626704389871
139|195|0.10061005479025428
139|226|1.6341705278001404
139|227|4.363875757219052
139|228|4.207035277175834
139|229|1.6496911666759317
139|230|0.5947671859712214
139|231|0.08456123442105125
139|233|0.6633303389033829
139|234|3.437363554400964
139|235|6.573019848569335
139|236|5.230558178014765
139|237|6.398615109377643
139|238|6.522842551127071
139|239|2.6339337375135545
139|240|2.5911461133728286
139|241|2.8623891846736194
139|242|2.599120676601942
139|243|1.8592225568185514
139|244|3.692725396566252
139|245|4.399213472129526
139|246|3.989274579818175
139|247|6.935316455263079
139|248|5.361285439882536
139|249|4.917889009581624
140|142|9.735761053703095
140|143|0.9676692744897063
140|147|10.216154501700084
140|148|5.727302741415102
140|150|2.8124275175181555
140|151|1.4480891936772813
140|157|0.5063368261366359
140|158|0.627890336192769
140|159|0.23351123393972092
140|160|0.8277963077317929
140|162|0.6004388690013216
140|163|0.2372358635079143
140|165|0.666925543627675
140|168|0.36133237101862703
140|170|0.09886228653069452
140|171|0.0836290515448764
140|172|0.42529250405687097
140|178|0.43660911484447856
140|180|0.4318314425788773
140|181|0.35629703888535524
140|182|0.3226935561428254
140|184|0.3692312350572644
140|188|0.0014150846130251253
140|190|0.20696761759523577
140|191|0.21551309833947857
140|196|0.07670852000716777
140|227|1.3280188600336627
140|228|5.246023003328994
140|229|2.720142626677643
140|230|1.24050328560837
140|231|0.34443706829015247
140|232|0.3895453051349205
140|234|2.1234138275321803
140|235|3.659328575310169
140|236|4.455425722906031
140|237|6.081511390064755
140|238|8.155518383667037
140|239|4.67727166078375
140|240|3.457981740681588
140|241|3.013136003512571
140|242|2.548349774638568
140|243|1.6142637795507213
140|244|2.345427344099998
140|245|3.0419323818916912
140|246|3.994109568657416
140|247|4.658921188906666
140|248|6.026083284359359
140|249|6.789608658368495
141|143|8.156642768125002
141|145|79.41887435977931
141|147|15.61314683323937
141|150|2.493538244936463
141|151|1.7784907197336666
141|154|0.5930476050950826
141|156|0.36104797473783146
141|159|0.762963221896827
141|160|0.8757146522285743
141|161|0.17962918874787157
141|162|0.13390158068902722
141|163|0.08218698053295424
141|168|0.06668195648423826
141|169|0.27370905743425894
141|170|0.47157116485914313
141|172|0.15595217122614477
141|178|0.480018174177857
141|181|0.2125309880344261
141|182|0.28850809898632523
141|183|0.21100055465099468
141|188|0.08911044304107514
141|190|0.041133994524606234
141|191|0.47251543181305683
141|196|0.32015563381284684
141|228|3.7354948754613067
141|229|5.303558484728494
141|230|2.353870454217529
141|231|0.9560066455754714
141|232|0.30683810507781983
141|234|1.1018949174045314
141|235|1.934538167323058
141|236|4.863255301119975
141|237|5.224429265578332
141|238|7.2151459074353
141|239|9.235778162607795
141|240|3.692481019145935
141|241|3.943228722361885
141|242|2.1846725348599274
141|243|3.0243731390909
141|244|1.7291313680185845
141|245|3.0994737983231397
141|246|3.0199272646984907
141|247|4.044854911335922
141|248|4.955121227147936
141|249|5.5297907178511085
142|146|26.465253663179237
142|149|8.761801763054999
142|150|7.61883822101879
142|151|2.6435787742977404
142|152|2.6734323404826346
142|153|1.3214672618674876
142|155|0.1704259614714007
142|159|0.24346412785329843
142|160|1.266306801810436
142|161|1.3558200337821331
142|162|0.3948351142832814
142|164|0.3513727752322082
142|165|0.49503580846511414
142|168|0.8248315924271649
142|170|0.08092957916538757
142|173|0.2468084744117233
142|174|0.24115772372595404
142|175|0.3436272919094974
142|176|0.32315221631131813
142|178|0.1250484506428567
142|179|0.40816856304163857
142|180|0.7808083528435621
142|181|0.06768928095010947
142|183|0.06059296244581588
142|184|0.007942682970296096
142|185|0.180381500359304
142|186|0.1106061145813213
142|187|0.517900457039061
142|188|0.5896111822599587
142|189|0.04121456224884808
142|190|0.09131304206378926
142|191|0.06157536229676796
142|229|7.684881818607446
142|230|5.039858490271865
142|231|2.1642322205399283
142|232|0.6271886179971791
142|233|1.3802716499389345
142|234|0.9359161831151519
142|235|2.866647634143743
142|236|4.577684095665993
142|237|4.511285569266515
142|238|6.645008339481785
142|239|7.676757217818592
142|240|4.829987422778549
142|241|4.301882128556562
142|242|2.8117711527911653
142|243|2.72247947522649
142|244|1.730987147754327
142|245|2.81725426715923
142|246|3.0887492748374776
142|247|2.670299339841173
142|248|4.590259904879407
142|249|4.690843206915588
143|145|14.558895740163047
143|147|32.308063032965435
143|151|0.3337076287556551
143|154|0.40710298547289253
143|158|1.3195634972452313
143|159|2.298407856007664
143|160|0.9599733367404109
143|162|0.4022728547571318
143|163|0.527867013266384
143|167|0.7171677018612814
143|168|0.7097818449358972
143|169|0.17772617879145491
143|170|0.047624676772899915
143|175|0.18070846085478268
143|176|0.18537611082011626
143|178|0.11303239336744333
143|179|0.37130929723875833
143|180|0.05812767029175286
143|181|0.3132937821792182
143|182|0.13269252962220435
143|183|0.03851711042748326
143|184|0.22525309169865104
143|187|0.42457296225978025
143|188|0.33764436688859245
143|189|0.11985523008905978
143|191|0.2728174040223675
143|203|0.019073262962344163
143|230|8.277525254642889
143|231|4.59663993690602
143|232|2.24253741880281
143|233|1.3876812199048034
143|234|2.07193868923575
143|235|2.079033236004379
143|236|3.9838245512880626
143|237|4.144716169857652
143|238|6.522477387456947
143|239|6.976831019800018
143|240|5.105537815087659
143|241|5.09861639991032
143|242|4.819247581030579
143|243|2.7559131819965916
143|244|2.672642849723242
143|245|2.0501476106324024
143|246|2.8885157501280747
143|247|2.886442217889928
143|248|2.075006566079508
143|249|6.327677496914531
144|146|32.46887411160918
144|147|46.091474443625
144|148|2.5764609506445946
144|150|10.347552735892952
144|152|5.310534774992056
144|154|0.3499237258300486
144|156|2.891452931136858
144|158|3.763247798253418
144|159|0.8634994148985393
144|160|1.1781022374338017
144|161|0.13477185837627806
144|162|0.7660021914441836
144|163|0.12677380215132264
144|165|1.0462993945019572
144|167|0.2203653269190049
144|168|0.1677551820712596
144|173|0.3919234086042241
144|181|0.1220737802158422
144|182|0.16100005421876928
144|185|0.2325859571854486
144|186|0.2548936834143135
144|187|0.012868826780516995
144|188|0.1254730176872026
144|192|0.17508068411083572
144|231|8.119834617704845
144|232|5.267324434026019
144|233|2.1196865730668812
144|234|2.6115485056411365
144|235|2.699185183770462
144|236|2.992424980851567
144|237|6.231223579521302
144|238|5.376789742100872
144|239|7.217124812551335
144|240|8.847499405523372
144|241|5.567922771017124
144|242|5.252787964419187
144|243|4.7908013496243536
144|244|2.496971081920593
144|245|1.6800787442421217
144|246|2.905729105816805
144|247|3.2555938628711854
144|248|3.469177081203262
144|249|4.107106760542398
145|148|6.238109578288896
145|149|11.049268785058846
145|151|22.741179710787634
145|153|5.656114350938813
145|156|1.6531578027614553
145|158|0.28622306688154864
145|159|0.4933891189393178
145|161|0.7037809235623141
145|162|2.7767781829937106
145|164|0.1970128442018242
145|167|0.43478812069610795
145|171|0.32308856266516567
145|172|0.5162522955784146
145|174|0.26504733540802894
145|179|0.2332047112706361
145|181|0.7262507413468866
145|182|0.25895617252125613
145|183|0.2709629185784259
145|184|0.23063138095778768
145|186|0.056838888335179284
145|187|0.08966544819830058
145|188|0.1126874151752799
145|190|0.3802359569682014
145|192|0.27293980429602743
145|194|0.21344585936330732
145|232|7.534026788575931
145|233|4.232514003870831
145|234|1.9421109279099102
145|235|3.3315038176703755
145|236|4.700078749608341
145|237|5.400144566339971
145|238|5.291541264780405
145|239|7.071423611113995
145|240|7.3132504597461265
145|241|4.180282261424006
145|242|5.817644870610528
145|243|5.087049969716555
145|244|4.2885087782987705
145|245|2.8355258601737954
145|246|2.135945675223545
145|247|2.3211165667601157
145|248|2.8569552511994867
145|249|3.1923626017337483
146|148|2.8605224909026847
146|149|5.763750059174642
146|150|22.363462591417612
146|153|2.3438294954487673
146|155|1.3221878674329706
146|158|2.0295594166436093
146|161|2.3119731744327354
146|162|1.219546263878658
146|164|0.19887607431688395
146|167|0.2861193725686905
146|170|0.5519631337795442
146|172|0.28657310516706447
146|176|0.412089594328322
146|177|0.16454794649040388
146|178|0.06286020371705812
146|181|0.43950738189028055
146|182|0.259829913550755
146|184|0.3241035681113574
146|185|0.024369525314684098
146|187|0.563862163074593
146|188|0.14658320068546912
146|190|0.4378786122741154
146|191|0.0310670670873854
146|197|0.0056093045551261385
146|233|6.938779721568715
146|234|4.050549770364645
146|235|2.031987799334225
146|236|5.26255897854355
146|237|4.363887077981688
146|238|5.614353651025226
146|239|6.415595620262812
146|240|7.52153010497795
146|241|5.221683682372434
146|242|4.855637182965432
146|243|5.975846205176221
146|244|5.827604345768042
146|245|4.609693554944712
146|246|2.3626325632093192
146|247|2.5503643834542786
146|248|2.722124000037632
146|249|3.328803989295973
147|150|34.528589387525564
147|154|34.46969128859615
147|156|5.473250880772916
147|160|2.9272295777751896
147|169|0.4068551731986605
147|170|0.02503616219462215
147|171|0.25206289127586706
147|172|0.051070668036295584
147|176|0.5369826165555828
147|179|0.3390224941275621
147|180|0.08725669242398652
147|181|0.648352837124487
147|183|0.6407838515672223
147|184|0.06871041988897257
147|186|0.20325388376942297
147|187|0.25458103787907155
147|188|0.2549309326898972
147|190|0.12634772395589253
147|234|1.6961760981743665
147|235|3.516509632893577
147|236|5.372912853205347
147|237|4.676067326910559
147|238|6.563673496033081
147|239|5.54050137423705
147|240|7.8357302027197955
147|241|10.281805280302272
147|242|5.326690030082616
147|243|5.616787891028873
147|244|6.453853500127875
147|245|6.0475466895717
147|246|3.2750532168514748
147|247|2.930858522554599
147|248|2.165956469189811
147|249|3.9015504746265584
148|151|30.780344427103696
148|156|10.246956895118707
148|157|3.126344025698554
148|160|5.074444138727987
148|161|0.6206318110076895
148|162|1.3364852472887343
148|165|1.4695182647763352
148|166|1.2760169462916282
148|167|1.5358266040804058
148|169|0.0646054954669181
148|171|0.07793722428948575
148|172|0.2850984967989823
148|175|1.1880936372248032
148|176|0.05087521042056897
148|178|0.3898179819085913
148|179|0.30421494927075104
148|180|0.21840494295212945
148|181|0.3561232766760807
148|182|0.6820873797842539
148|184|0.4480835085958412
148|185|0.10049242916777801
148|186|0.019091005813375573
148|187|0.1639076840986065
148|188|0.278530826141592
148|194|0.08530232987898421
148|235|0.8796702354031993
148|236|3.46992462616235
148|237|4.982973984179067
148|238|7.460364481411913
148|239|4.974587692073745
148|240|8.200142734095358
148|241|8.941629708619185
148|242|5.073851817152978
148|243|6.745333402099058
148|244|5.5425026350840625
148|245|5.510166333596531
148|246|5.597933022371427
148|247|3.672388976299472
148|248|3.8064867077730304
148|249|2.3442642534387566
149|152|12.515800984461857
149|153|57.12042940957612
149|155|9.424738950341375
149|158|6.937375187795516
149|159|6.348331181492786
149|160|3.349943289281537
149|161|0.9681591298243537
149|162|3.23742566371604
149|164|3.360990016154169
149|165|1.1285011992324534
149|169|2.8021859348216513
149|171|0.11990240501810383
149|177|0.05481754200304609
149|178|0.5619332882681595
149|180|0.13813020271123738
149|181|1.248819040778017
149|182|0.4492544446684646
149|183|0.4026760367228634
149|184|0.8053047140986195
149|186|0.5452100979651535
149|187|0.4039060973481977
149|188|0.39154917822940954
149|189|0.0014748645750546493
149|190|0.034794468566871115
149|196|0.030055510214920218
149|237|2.415444134779755
149|238|5.266698525171015
149|239|8.58381999257568
149|240|8.169084558302027
149|241|10.953902935492865
149|242|6.456890412277514
149|243|7.057425438153173
149|244|5.6821510748002435
149|245|6.030666115808582
149|246|6.046502408176424
149|247|4.985180815262527
149|248|4.376602052035664
149|249|4.372397365699598
150|152|85.12187559909822
150|154|8.444868771381755
150|155|2.1365182578175963
150|156|0.25332277323317975
150|159|4.8183311104951825
150|160|1.7581218431658685
150|161|8.627870782255176
150|163|1.4186822097145126
150|164|1.8775009425372264
150|171|0.8946923285054892
150|178|0.3351499157665045
150|179|0.4550234797434064
150|180|0.21826398561710172
150|181|0.555757082731414
150|184|0.9738841619921075
150|187|0.38737351775690915
150|190|0.190520833024274
150|238|1.2131487833698136
150|239|4.814083563171094
150|240|7.128754576332601
150|241|8.867936410956665
150|242|12.744633158899601
150|243|6.889347893818885
150|244|7.020564488497101
150|245|6.3587737869803105
150|246|5.661278346307743
150|247|5.340752630459551
150|248|5.184711186547185
150|249|4.758894100259684
151|154|4.36472712082272
151|155|25.07688021519315
151|156|21.66946951977481
151|158|16.465012665063902
151|159|13.057856368778758
151|160|16.618832794423447
151|162|5.835587286696379
151|171|0.5730248443369036
151|172|0.627900963626345
151|176|0.5339413204037281
151|178|0.6265431002144142
151|180|0.6046690439870501
151|181|0.6881212092308737
151|182|0.4341953789133565
151|183|0.7172123674508026
151|184|1.0024696485632616
151|187|0.14826149078868667
151|190|0.1527400161316948
151|239|0.9979133482511908
151|240|4.249383153541992
151|241|8.622848396374602
151|242|10.630070097975173
151|243|7.345369952769739
151|244|7.332442543306871
151|245|7.278762576134972
151|246|7.0959223837227405
151|247|6.366380492243148
151|248|5.122063853596328
151|249|5.859551634858989
152|156|2.254450857736303
152|158|5.463689200329237
152|159|15.823956854217615
152|160|16.02681496828814
152|163|3.8072649847254296
152|164|1.1032081140683903
152|165|0.42146435462960935
152|166|1.4645890720634998
152|168|0.13217730628955635
152|169|0.3901181609353148
152|171|2.8543319682485757
152|175|0.9748116187167365
152|177|1.0387281087935518
152|178|0.11568866964972532
152|180|0.41951088840912937
152|181|1.0511935096241845
152|182|0.12337700709986495
152|183|0.5155231229272627
152|184|0.41935469940933334
152|186|0.40656780130489756
152|187|0.037856971605571894
152|188|0.0012538014000810544
152|200|0.20226257949353052
152|240|2.3883733888342786
152|241|3.2935663866655216
152|242|10.713231029992336
152|243|12.224405514737512
152|244|7.47957639251166
152|245|8.90960904985712
152|246|8.225993917210483
152|247|6.666221518405427
152|248|5.9875737430740354
152|249|5.610397354447972
153|157|14.692500996895753
153|158|29.584775314798787
153|159|21.185862350622777
153|161|2.989701763269514
153|162|6.465313461690555
153|168|0.29586601066980794
153|170|1.840354145579654
153|171|0.5427586325314735
153|174|0.05137520841397756
153|176|0.21026327540256542
153|178|0.5880862435682678
153|179|1.1878397930600388
153|180|0.35458182944742817
153|181|0.1636627271021051
153|182|0.06415244838409848
153|183|0.4607345199455348
153|190|0.2989026450095423
153|241|1.6208559910645346
153|242|6.452476465608153
153|243|10.955334511261155
153|244|5.914537895190169
153|245|8.222013401157387
153|246|7.9961430541066045
153|247|8.612519190657908
153|248|7.04895885025534
153|249|6.420841794393586
154|157|68.95289151295317
154|161|14.721914545038546
154|162|9.646178770774418
154|166|1.39038895695495
154|169|0.9374645967190249
154|170|2.2876291871144874
154|171|0.25490285541309043
154|174|0.21985731596154956
154|178|0.878624334700727
154|179|0.0901879728660394
154|180|1.0874775516720774
154|182|0.46107755985863896
154|183|0.11127234455152121
154|184|0.23047635111549536
154|242|1.2562719773540354
154|243|7.511472268686599
154|244|8.117198081994566
154|245|6.312651843924038
154|246|7.371842938496534
154|247|7.523762516511367
154|248|7.553478626043664
154|249|7.26064360658241
155|157|60.5071016124853
155|158|37.79152163504211
155|164|2.9772799728576174
155|165|0.878220888008927
155|167|2.3722958781470775
155|168|1.4288400164485928
155|169|0.45778040832892875
155|173|0.9252219200011222
155|175|1.5979323853143992
155|177|0.8439547891327236
155|180|1.6752898341692872
155|182|0.4611690934627773
155|188|0.12061291353128746
155|190|0.7947008925012493
155|242|0.34313506416699535
155|243|2.9867272920604813
155|244|10.566010853280481
155|245|6.615497108878779
155|246|7.0653873545618096
155|247|8.095719358665356
155|248|7.96674474519502
155|249|7.061630607097666
156|160|17.351802523035655
156|162|2.187997285265573
156|163|5.898461795198278
156|164|5.296596139751975
156|165|2.285970207176251
156|167|5.071603489825745
156|168|1.239572710408755
156|169|1.907047958362436
156|172|2.829886360946313
156|174|0.747977618458037
156|177|1.365813051571888
156|178|1.2252723950788564
156|179|1.4179278126379111
156|180|1.4476522889821815
156|181|1.0144349113556939
156|182|0.3982004459105139
156|183|0.1449952846971939
156|187|0.4122779959406442
156|188|0.3079794931220638
156|189|0.18992657612882666
156|190|1.419246431619862
156|191|0.5080513721624729
156|206|0.09999666912058612
156|244|4.859793516006698
156|245|3.3272175697237323
156|246|7.86750739755224
156|247|6.568460753928727
156|248|7.433150019655085
156|249|7.5698161358890825
157|160|10.924772808375126
157|161|16.06694568120571
157|162|1.0477300893072072
157|163|15.393922035720708
157|166|4.694362241292708
157|171|8.054149449616846
157|172|2.65190908716185
157|173|2.0613717239609075
157|176|0.849227705022079
157|177|1.2764058764388668
157|178|1.5386854948349107
157|179|1.4097063906294744
157|180|1.3615826392793224
157|181|0.010580388595431612
157|186|0.42730417992588754
157|187|0.5213722049784465
157|188|0.25578209947487185
157|189|0.44318172029756847
157|190|0.6792104749510279
157|205|0.14763107719069843
157|244|0.9707882510986507
157|245|8.0213506884895
157|246|2.644083773190888
157|247|6.472382801112608
157|248|6.667113112813785
157|249|7.143903390334521
158|161|0.1306248665682636
158|162|49.03806062049615
158|164|58.16354888097332
158|171|24.94131399824473
158|172|3.431340255412261
158|173|3.189098878703141
158|178|0.7964619137664763
158|179|0.8788433999222065
158|180|0.3279097322715877
158|183|0.7863258568065412
158|185|0.15196828689921069
158|186|0.3728415421188454
158|187|0.6910052052446074
158|188|0.3132226852044653
158|195|0.24231704729161418
158|196|0.4381751794622419
158|197|0.314568373106222
158|202|0.17254424098240514
158|245|3.689825972032559
158|246|1.6375706995474522
158|247|4.696869151714897
158|248|6.595930178320341
158|249|6.19621631319181
159|165|6.1498554512131305
159|166|1.5542083844942585
159|167|11.640787294469666
159|168|3.872712225583591
159|169|9.475853254312891
159|170|26.50926969334305
159|175|1.3561675025333113
159|176|0.7963960641881227
159|177|2.125323653732249
159|178|3.2839488278581173
159|179|0.2619173520564964
159|180|0.2783040540575597
159|182|0.6321501484119855
159|184|0.12647260069288
159|186|0.3645795180506996
159|187|0.5567960959481659
159|188|0.5785562186992701
159|190|0.22702767543458818
159|194|0.35822956306189074
159|245|3.412101722339735
159|246|3.9731024979135072
159|247|2.6732386874252643
159|248|4.883928576364635
159|249|6.863450800408893
160|161|4.613795792138132
160|163|3.1937634546449765
160|164|37.6119456890554
160|166|1.0416318154708906
160|167|8.35546522537209
160|168|3.151420190601626
160|169|4.215539151549448
160|170|8.11125035746674
160|172|1.0757164750657802
160|175|1.3694764457250608
160|176|0.07044287044664754
160|177|0.3008052529597706
160|178|0.7753189458343368
160|180|1.042626854660976
160|183|0.33884298954119974
160|186|0.11328928486107981
160|188|0.35418735937211043
160|191|0.295110437074116
160|200|0.1373568542163817
160|246|6.252523150523396
160|247|0.4427706865980452
160|248|2.3396187223702016
160|249|4.049305064725562
161|162|2.509118257951533
161|166|29.33421675610485
161|167|16.327080717950903
161|169|30.065064659661434
161|171|7.226967736976939
161|177|0.04434441914178827
161|178|1.3523266724324767
161|179|0.221595212985656
161|182|0.04931485453504871
161|183|1.1089365337937493
161|190|0.4126225192929313
161|191|0.24361918461213672
161|194|0.298636557802145
161|246|2.2918177180175126
161|247|3.024606595431616
161|249|3.8685285216285625
162|163|22.966030548596297
162|166|16.746059393821977
162|169|1.6176507497339767
162|171|4.413709932890327
162|175|0.2072357049571269
162|176|1.4320222191282823
162|177|5.45558630947462
162|178|2.0922889574010326
162|179|1.0157477780251902
162|181|0.15356013696926224
162|187|0.27031762468689846
162|188|0.14825328438097318
162|189|0.3565328429220646
162|190|0.7186579826959029
162|191|0.06600223104987621
162|197|0.46383318487264585
162|247|6.855800855883112
162|248|0.37852103270167214
162|249|1.7224333633017843
163|165|72.1076529002948
163|166|102.6085419427884
163|169|9.399492712887534
163|171|27.816452203561795
163|172|0.6302542772027392
163|174|14.140911352157982
163|175|6.081188140670406
163|176|5.164230902672066
163|177|0.08016882569282793
163|179|0.8512452507583697
163|180|0.7876805489836463
163|181|1.1358525623776423
163|184|0.6117667383489707
163|188|0.9989800643987758
163|189|0.4522871637694692
163|190|0.86762934200842
163|196|0.10149526507809922
163|197|0.12110341116738634
163|198|0.022711516647819948
163|205|0.001509418779988504
163|247|1.8793393567702497
163|248|2.0530992045241585
163|249|1.5007015734366411
164|166|0.6813459724303551
164|168|15.463095615927141
164|171|72.13599726404932
164|173|1.4897305837650336
164|174|11.672061621031865
164|175|10.45892432297953
164|178|0.8308456175838522
164|179|0.5062153316035335
164|181|0.025523341744366042
164|183|0.1722957131368863
164|184|0.3885154586314895
164|187|1.1145201676757555
164|188|0.5641382111142438
164|190|0.749084792498276
164|192|0.22496724634932438
164|248|6.436725467049404
165|167|43.3212190019637
165|169|30.243124842907385
165|170|20.928637815039924
165|173|10.101980943029782
165|174|4.105015615743736
165|177|0.16037603136606995
165|178|0.8846252416086395
165|180|1.2546265945777595
165|182|0.822139070333269
165|183|0.7723960966857535
165|186|1.5150523247370034
165|187|2.6219276158786915
165|188|0.9824165245595677
165|189|0.553497930002025
165|190|0.8074339492553064
165|191|0.32041540506373156
165|195|0.11106725952231403
165|197|0.42096230796284356
165|200|0.07322510174824512
165|202|0.3480342877859586
165|203|0.06498217990761747
165|248|0.6914684590837674
165|249|3.181712860621427
166|168|11.110823974995546
166|169|5.658995987132943
166|170|3.6504150635878863
166|172|59.570075028168404
166|174|14.57315879327854
166|178|4.238363858165636
166|179|1.3761269822542683
166|180|2.942026010171664
166|181|1.8752027610990893
166|182|0.38654204468833697
166|188|1.3126810291457471
166|189|0.2780984443757324
166|190|0.9049909657583568
166|199|0.133978642612751
166|249|6.373759719682807
167|170|75.18974916900528
167|171|53.03104010116806
167|177|8.549560037027783
167|178|0.1970774167037895
167|179|2.5814431841792747
167|180|4.3652585987944
167|184|1.1637708394551747
167|185|0.03072134327318493
167|187|2.2420422137242273
167|188|3.10511027002768
167|189|1.4874903355912574
167|190|1.276249712867989
167|196|0.49553248621003415
167|197|0.08684200141999142
168|170|16.694343604050736
168|171|11.334954921251432
168|173|10.909777895310565
168|174|1.0339825942703935
168|176|2.460613008904835
168|178|5.351886688384611
168|182|4.082433964186408
168|183|5.531752487415976
168|184|0.34792460385371227
168|186|1.1984975704742586
168|187|2.6125257580568744
168|188|1.4469259635961012
168|190|0.36559216836680175
168|196|0.17680160138453277
168|197|0.37682050597009586
169|172|55.61745643678038
169|173|10.815332497206219
169|175|5.734914427776199
169|176|2.309332071400999
169|177|22.0400048388068
169|179|2.558862502016734
169|180|5.281034420540778
169|182|10.636328079397437
169|183|0.9702447524315241
169|185|0.13749750756846973
169|186|0.603264948802024
169|187|2.9269983152803203
169|188|1.2607637771944538
169|196|0.5692235562142635
169|198|0.2522890695771269
169|203|0.1051385782869093
170|173|25.19728936012483
170|176|5.852932731955449
170|178|0.481240651775924
170|179|6.180939323901422
170|181|14.937315519260489
170|184|1.8200604970633287
170|186|2.798213067134645
170|187|2.2786021872062605
170|195|0.7046534722349952
170|197|0.3354531446498595
170|202|0.05649795891842837
171|174|9.160836149559433
171|175|103.59562508181705
171|177|14.588857766078284
171|178|25.008478407022395
171|180|4.521454538987204
171|181|11.73950100814251
171|183|3.0497922104874573
171|184|2.707316012391859
171|186|0.23339331816848008
171|187|0.7317940132302665
171|191|0.4261126044678046
172|174|1.3800059152019806
172|176|31.74549083180619
172|179|8.668723722860845
172|180|12.089463653289538
172|183|8.646535629812202
172|190|0.036309577650345426
172|197|0.33351110082330404
173|177|34.68283526223269
173|180|1.4070962056898935
173|182|8.465503886577409
173|187|1.3359151565235274
173|189|1.9819914990525744
173|190|0.10102860970590485
173|193|0.3764818632645367
173|196|0.6420347763063855
173|197|0.4528697149388936
174|176|9.379363694792346
174|177|9.773004126047649
174|178|4.800084716427424
174|181|120.85327540971585
174|182|5.585242174553056
174|183|11.876045993776257
174|184|5.37745475866426
174|187|1.3808371121592877
174|188|1.7320398515032174
174|189|0.1303181856958416
175|179|23.182561838389603
175|180|8.44013660511485
175|183|8.174923182627612
175|185|7.073251058961117
175|186|0.6659730017519817
175|187|7.448594303096682
175|188|2.7792156853443664
175|190|0.18040206657597582
175|196|1.6058828731982953
175|218|0.23485987571303804
176|178|12.089040316401782
176|179|43.88087467883671
176|182|21.706366927011658
176|184|2.229792127931684
176|185|10.285860445196121
176|186|0.851435822454184
176|187|5.509319014253518
176|190|0.4916779651619373
176|195|0.591837328112547
177|180|85.70694799458282
177|181|3.3550585316811685
177|182|16.866438936556964
177|184|4.945584381391408
177|186|1.9892922764660739
177|188|4.492861173414618
177|189|5.769808688706384
177|191|0.8151647787267766
177|192|1.6403749120505868
177|197|0.41581966883707067
177|209|0.08654571179477662
177|213|0.17561448967012588
178|182|19.13973336228996
178|183|37.35886757217606
178|187|15.650258027907475
178|188|5.046522618219498
178|190|6.718328208137623
178|191|4.641530706048261
178|194|0.2993483018665968
178|195|1.5134240666959087
178|196|1.1268194788589763
178|197|0.7714654111187498
178|199|0.24734120999296494
178|200|0.3452217881921834
178|202|0.1494067563151001
178|203|0.17421164232389813
178|204|0.13338843995477376
178|205|0.13682233980105582
178|208|0.5083720383644803
178|211|0.028218898632428584
178|214|0.04810785062069566
178|220|0.07847853804590399
178|227|0.017231060321970283
179|182|62.39148349041189
179|185|29.268202705348006
179|186|17.693358499120396
179|187|5.972477040944735
179|189|12.534818852117791
179|190|3.4046932678285273
179|191|6.266478663848729
179|194|2.5386013492665467
179|196|0.533579519236193
179|197|0.27728406902001546
179|198|0.4071059933157996
179|201|0.1857429463732886
179|202|0.18180886580573422
179|203|0.3216504701928791
179|208|0.002259392723935637
179|216|0.047246296955575126
179|225|0.04193287598015152
180|182|0.30563230376257966
180|183|7.819470714229276
180|184|3.4279769655358643
180|185|16.037313323546012
180|186|11.340441791358078
180|188|19.789453961310414
180|189|5.6830416552588705
180|191|10.400296794623223
180|193|0.4636167587486328
180|194|0.8033751664782017
180|196|0.9352065102107926
180|197|0.32398757566850994
180|200|0.8507920389247524
180|202|0.7507873166761398
180|205|0.02091554694170974
180|208|0.03635652910426772
180|211|0.01850633570020165
181|184|9.888372853352417
181|185|16.8092303636114
181|187|18.677551050905752
181|188|10.313361155723735
181|189|2.617963122977932
181|197|0.37538992506679436
181|198|0.1854924988152258
181|199|1.9816688850855046
181|200|0.8145624699700716
181|203|0.012427539729567573
181|207|0.29439954279889863
182|185|77.17750520497131
182|186|42.03938203861477
182|188|23.19819947742537
182|190|8.71629260791369
182|191|6.516605459201676
182|192|5.313828017478343
182|196|2.670613742179315
182|198|1.4957588877020391
183|185|46.11652139324473
183|186|23.227022785730718
183|188|25.458322920729866
183|189|14.577742853725844
183|193|23.038941854900052
183|194|8.361706689066127
183|195|13.536582561437532
183|196|2.67487314080252
183|197|4.304114654372961
183|198|3.4743992625021125
183|202|0.7817050772255221
183|203|1.2691713359972994
183|204|0.4445658270398109
183|206|0.4030268237275932
183|211|0.31117892221651977
183|239|0.14268255723731163
184|188|143.46320214941187
184|193|22.839791484643225
184|194|1.0044781290439317
184|196|5.771380282542943
184|197|2.150752064616449
184|201|0.2770544582447955
184|202|0.2738506532687837
184|203|0.8804432616752823
184|229|0.272285835350762
185|187|46.35317338130663
185|189|46.36939381948812
185|190|184.8109322052984
185|192|8.29670242168806
185|194|2.339220075911136
185|195|14.846022803994058
185|196|3.0488273085229127
185|198|6.227665368223664
185|199|1.1281883739981462
185|200|4.139818911576059
185|201|2.962642008046099
185|202|0.21215656701056462
185|205|0.7540561489277254
185|206|0.8946445358043614
185|207|0.1455569617314528
185|213|0.16893653827485922
185|226|0.21042397663762485
186|190|71.29025632838801
186|192|1.7618599806357975
186|193|0.2918478376037629
186|194|12.608748017481147
186|195|5.898156834244535
186|197|9.374274492642538
186|203|1.0593209798406202
186|204|1.2522746037473858
186|205|2.1703700282733536
186|206|0.6506759688796874
186|207|0.7802506675389393
186|209|0.46091028047897137
186|211|0.6588239052893009
186|216|0.3068466754445153
186|224|0.37075069292356927
186|227|0.09782493489955925
186|234|0.12982562384702645
187|190|136.7768325881405
187|193|68.14221877484073
187|194|4.911713551716617
187|196|18.000051816073412
187|198|2.1271620335709605
187|199|0.5495877717080417
187|200|0.8050588063705674
187|201|2.778069492283151
187|202|1.1992448468675148
187|203|2.5934964492513966
187|220|0.1439704001345421
187|223|0.0009997953513715978
187|227|0.05319740342769688
188|191|15.541937073118115
188|192|143.30306087987535
188|195|21.36664323397767
188|197|2.4613692220858736
188|202|0.15009676824449525
188|208|0.5330611080281311
188|233|0.619749113282201
188|245|0.21590395979329044
189|191|107.41633302147409
189|192|29.318234429048502
189|194|29.74787989227956
189|196|1.5862142009361524
189|200|0.4106474994814557
189|203|3.04002662162331
189|205|1.9879502443957167
189|207|1.548293422419226
189|210|0.3107039830737834
189|213|0.08944726515637558
189|214|0.25740631156520577
189|215|0.198613153052391
189|218|0.1539364745040578
189|223|0.2598337156158934
189|224|0.3293480752582629
189|232|0.04460075059318938
189|233|0.21925863591107875
190|193|176.7623563757792
190|195|9.085380026326257
190|196|14.59847995400334
190|198|3.0159925641975125
190|201|6.023504675766802
190|202|1.3690532569095857
190|205|0.7463839329367786
191|193|61.3942411018797
191|196|4.864591694678661
191|200|13.837756706787735
191|203|0.33898055524270027
191|211|0.3110597458270855
191|212|1.0846412287825478
191|218|1.3786782632225365
191|232|0.782818063830027
192|195|66.97527502274828
192|197|42.72511699949005
192|198|14.394649208568648
192|199|21.17253469870443
192|200|5.436920884258091
192|201|0.2708900530502086
192|202|2.983731948265315
192|205|0.8357687898382388
192|206|0.5186268869929774
192|211|0.2012537032213534
192|212|0.24228651048207148
192|217|0.09866090166087127
192|225|0.1470723882650794
192|231|0.15325517465967983
192|233|0.0074197327551983544
192|234|0.33049726711082494
192|238|0.2975591473202507
193|196|120.08051125713563
193|197|41.18293542185337
193|198|25.299146493300814
193|199|67.6414814647241
193|200|7.072919281776986
193|204|1.8742192341866166
193|205|0.5166462033226539
193|211|0.8013796893621676
193|214|0.1426892271750721
193|216|0.19302033122493856
193|220|0.7947827767442187
193|222|1.0745479821666746
193|224|0.16207081707039916
193|226|0.38905344565661876
193|230|0.5314350682205378
193|232|0.407394601299049
193|235|0.10389366873729383
194|198|3.1418315166996957
194|199|106.73917958739008
194|201|28.60840765426832
194|203|9.563658508493187
194|207|0.2277476271944616
194|208|3.7542731120895114
194|209|1.6310562752152455
194|211|0.5652341539771549
194|212|0.6781928534631346
194|215|0.9602938997454844
194|217|0.5518838874007088
194|218|2.5402960946468376
194|220|0.615565420498529
194|221|0.3619386882747491
194|225|0.20337601310177755
194|227|0.5910480826981385
194|228|0.38984005572096314
194|229|0.1819365352942545
194|232|0.19711232945526797
194|236|1.1211747680674302
194|239|0.21520446529469053
194|240|0.4267165162215518
194|246|0.6841570867792526
194|249|0.13373649430475254
195|197|14.986553527744332
195|198|119.79305634768293
195|200|32.60104077788674
195|204|4.673643028525552
195|205|5.82265862484639
195|206|6.740731791864748
195|207|7.2720528302097325
195|209|0.7968549394526108
195|210|1.0892462741883153
195|211|2.642427962736637
195|212|1.6476045173785419
195|213|0.9770761850945993
195|214|1.1858350201453
195|215|2.3858530524322026
195|216|0.9637694170150529
195|217|0.824084139747809
195|218|0.9537856190472943
195|222|0.30819903528028425
195|223|0.5788644563290172
195|227|0.38171617623545945
195|229|0.7643674741803663
195|231|0.1470109533465658
195|232|0.2078774791783661
195|233|0.6337729049037827
195|235|0.2650275592847607
195|237|0.09157076702687188
195|243|0.22945575901222204
196|199|44.80141328467956
196|201|16.22145203505501
196|202|18.19587186223155
196|203|3.01850590797647
196|205|5.7752313272129365
196|206|1.0323474872913507
196|207|2.381648184875031
196|209|0.5061446666573576
196|211|2.3497135729402245
196|212|0.7346341803226218
196|214|1.1362811401893385
196|215|0.020090184679860887
196|216|0.20453058621791992
196|217|0.4903491417838553
196|218|1.3619827326534921
196|220|0.09006725179101796
196|223|0.7801206853337989
196|226|0.900387400572272
196|227|0.2586338228291414
196|229|0.49263586102886325
196|230|0.041058888218651834
196|231|0.37996014150891144
196|232|0.6156476560727038
196|233|0.8856170064030972
196|237|0.6123892205920782
196|239|0.1678464574681368
196|240|0.17119691245822807
196|243|0.374019471046961
196|245|0.6814194622130751
196|246|0.12432005447564264
196|249|0.5040110061182618
197|201|33.293674686859546
197|203|26.583697901802736
197|205|4.6406695818183765
197|207|3.1110562451010453
197|214|0.9092573484411308
197|216|0.7003822305703601
197|217|0.3390154879859233
197|220|1.499907712449297
197|222|0.12084437270023762
197|224|0.1804885160198037
197|230|0.09882510003124279
197|231|0.2583634746778012
197|233|0.4213284276678724
197|235|0.765575407023813
197|236|0.3206485697097973
197|239|0.027123285435046635
197|241|0.04419248258240999
197|243|0.0814264036607347
198|201|47.50700913253343
198|203|83.37789695226118
198|205|6.990404214133982
198|207|5.026205828985422
198|212|2.727045360450363
198|213|1.6209627147014352
198|214|2.928719072366482
198|215|0.15996836507868278
198|226|0.5234630669563105
198|227|0.43433071224510417
198|229|0.4016340636133646
198|234|0.49698736185598663
198|242|0.34335174090455484
198|243|0.2009153271390553
198|245|0.5790390062415229
198|247|0.0032701860781214277
198|249|0.024390670489983925
199|201|6.361005777848504
199|203|37.301960597111346
199|204|9.247481361972959
199|206|8.411348305130232
199|210|1.475776279879332
199|211|0.28232665681781455
199|212|3.130842961313862
199|213|0.415692645240574
199|214|1.3250859477349728
199|216|1.423100656512723
199|220|1.215875865327643
199|227|2.0838435933186257
199|228|0.11706748279774416
199|231|0.3438371974425671
199|233|2.0013135062998306
199|238|0.9021734671491023
199|245|0.05686218963863064
199|249|0.042800764663385345
200|204|14.844284921185377
200|208|9.633923841826169
200|210|4.0910077256385335
200|212|0.6588755653656061
200|216|2.0584862886207276
200|218|0.22395284392934933
200|220|1.0653100249903946
200|223|1.9484172225140255
200|225|1.7170306080394409
200|227|2.285229867081975
200|231|1.2076150247424262
200|233|1.4695830348584218
200|236|0.49893931835234034
200|238|0.9429305958481755
200|245|0.009927776496612799
201|204|126.45819213069014
201|206|6.531997915121085
201|207|11.732893927144028
201|209|28.289275155758947
201|211|2.739863977795523
201|213|1.4024978011813822
201|216|2.1380659646121134
201|217|0.7668504710192308
201|218|1.700542118985895
201|219|0.34657186965695885
201|220|0.676481523332614
201|225|1.2387052423871414
201|230|0.4587086612028613
201|231|0.4453554073100157
201|233|1.4753644813554423
201|237|0.20821650936960945
201|238|0.005019486619098837
201|240|0.15509929985601098
201|241|0.2946206170442686
201|245|0.24180504116332244
201|247|0.19171817618379078
201|249|0.5169352898430053
202|204|0.9192307317359333
202|206|16.210146444666623
202|207|6.107328025270445
202|210|4.8622426985880765
202|212|9.805113240295896
202|214|1.8998637141973551
202|224|3.5181277698821583
202|225|1.155146343154087
202|226|0.5864696524529137
202|228|1.0042051353049983
202|230|1.0769929020530122
202|232|0.9056239291510003
202|237|0.19878352355053588
202|240|0.8392730090614022
202|241|0.04523103946043403
202|243|0.4926546276912023
202|249|0.16059167941885802
203|206|6.680162924839409
203|207|4.72995368297172
203|208|22.13560997878264
203|209|1.852433645029721
203|211|12.729921329267604
203|212|3.2078257288828156
203|214|0.35134959726775034
203|216|5.991225553442632
203|218|2.9667630673321157
203|220|0.2708064035416702
203|223|3.401286686789022
203|224|3.986381598040698
203|226|2.0402644162499555
203|227|1.2765525689137376
203|229|0.4173637256385876
203|231|0.026709627737579324
203|232|0.5844218985265287
203|233|0.40572551504946935
203|234|1.2216339498201225
203|236|0.04768308062334401
203|237|0.9905146591272955
203|238|0.13814475278944519
203|239|0.8601458120789128
203|245|1.50265385151813
203|246|0.10387923678255617
203|248|0.7501226488694538
203|249|0.7633323900083182
204|208|34.848566223222086
204|209|30.548051108823117
204|210|18.00464550581837
204|211|8.06591567368493
204|212|11.032643336022769
204|213|0.49230170166917203
204|214|6.572082101931059
204|216|10.102898535745396
204|218|1.2461710474636563
204|220|1.9183393338183357
204|223|1.48792262636692
204|226|0.07705002608025047
204|229|0.5089308419384906
204|230|0.23902200489922537
204|233|1.7681328094057327
204|234|1.1380605058822055
204|235|0.7671818291048451
205|208|20.55434298020404
205|209|20.483921408175778
205|213|0.8812812345564563
205|221|0.3663613923938299
205|223|0.5142894737719148
205|226|0.8296837065223686
205|229|2.179858639690772
205|231|0.2892747878151635
205|233|0.2272653491814924
205|234|0.1475129118392768
205|238|0.20082645004335783
205|240|0.16406842622992013
205|243|0.6524028968293949
205|244|0.29219908600556516
205|245|1.4034700714489994
205|246|0.6475458557175952
206|211|3.0587743200758966
206|212|0.11458897848045299
206|215|3.0009198942347424
206|216|1.2822052527974621
206|218|1.4211479976023744
206|220|2.8610156955833874
206|223|1.6836297857160247
206|225|0.8956466548672524
206|226|1.0942013443426906
206|227|1.9837695125682633
206|228|0.5284252751131101
206|229|1.9195202045566795
206|232|1.4010387355440888
206|233|1.5496847890221548
206|236|0.41708597840661893
206|237|1.3082003039588908
206|241|0.5340866107025797
206|243|1.4076739277580321
206|244|0.5487506137438225
206|245|1.2241878179305816
206|246|0.8209277646115783
206|247|0.8730803261942838
207|211|32.80577508591557
207|214|23.13534426011582
207|215|4.943916446961056
207|217|1.8330672229754197
207|218|3.7369868353170186
207|219|0.5456302946083503
207|221|0.9536112737981091
207|223|3.551172321836347
207|224|2.680703259716207
207|225|2.7107506902253085
207|226|0.25665387579188464
207|231|0.7674439908738568
207|232|1.3251793732555122
207|234|1.6775744595261382
207|235|0.46435740271712
207|236|0.9383736367941685
207|237|0.5752432261255938
207|238|0.2195455520397595
207|243|0.06259800675431343
207|248|0.13061288548881386
208|210|31.589625781117476
208|211|29.081643704714843
208|212|23.401067510479304
208|213|11.798588210230323
208|216|36.38526061227451
208|218|10.337249174482134
208|223|0.43780284850282836
208|224|0.908684470759641
208|226|3.2601977574003596
208|229|0.1138422044243064
208|232|0.39789663654327245
208|233|0.1304504256773206
208|234|0.04198873647011888
208|235|1.397164092883318
208|239|1.043027962870068
208|240|0.02454927921805785
208|242|1.2911528086856257
208|243|0.25596374851392917
208|245|0.0470840881384179
208|246|1.167646258086162
208|247|0.4303320200234152
209|212|140.8032442922178
209|214|4.504016845711868
209|215|8.098558531290248
209|217|43.607262654845044
209|218|10.039378249232195
209|221|4.841407132824535
209|223|5.804274258670966
209|224|5.340307226906241
209|225|0.0892326860761133
209|226|1.2466411718977781
209|228|0.35023292782447457
209|229|3.0245721741036493
209|232|2.286539054898443
209|233|0.882237649396124
209|238|1.222067467698933
209|240|0.7277483884285583
209|245|0.9051014801410641
209|249|0.5350389462235073
210|213|75.46704079683765
210|214|26.98925681208479
210|215|6.311498499692726
210|217|57.653979420246905
210|220|0.018863212836631144
210|221|3.011258467860724
210|222|0.9892164750236293
210|223|5.421808044177635
210|224|1.9184593553778089
210|226|1.9613220254787453
210|229|0.8685463766186942
210|230|1.3314932611157553
210|231|1.2568370738274008
210|233|0.8438845294339038
210|234|0.9230410825612269
210|237|2.0739760084454044
210|241|0.5328232658776115
210|242|0.5984932753121446
210|244|0.3779561057347734
210|245|0.3565515558800014
210|249|0.46829347765765267
211|213|44.074528119924764
211|215|5.363797290824528
211|218|8.414065320861761
211|220|8.952969956700676
211|223|9.347439982141731
211|228|4.137964569840498
211|231|1.1361576926325847
211|233|4.196690674889753
211|234|0.0489568796633224
211|236|0.5867683346322836
211|237|0.012609416562239293
211|239|0.6570664797138375
211|242|0.5793088041534764
211|247|0.32229482373990154
211|248|0.4100435051585856
212|214|127.21215091380488
212|216|21.50778153719078
212|218|6.294962582659868
212|219|20.204212282631374
212|220|16.10430033064196
212|223|34.58974190709279
212|225|5.795450310711248
212|227|4.982549329546293
212|228|2.0338763029183125
212|229|1.5435306907979176
212|231|2.806623982697754
212|234|1.414827754120195
212|241|0.07696347356344739
212|243|0.8995669544914839
212|244|1.071674614609376
212|245|0.18373833640467935
212|247|0.06266490268485056
212|248|1.1193882870457825
213|215|66.19998368173688
213|216|44.95067943050239
213|217|0.017258770040770713
213|218|31.16675769609218
213|222|14.235973499063528
213|224|17.34368256819462
213|226|4.865087871360032
213|227|2.8428904466030898
213|230|3.374503963650029
213|231|0.35437102789959907
213|233|2.0010303551841537
213|235|2.9011771868314007
213|239|1.498266383707411
213|240|2.0334542403386053
213|241|0.2172295455036575
213|242|0.9544660240772092
213|243|0.8521105910499062
213|244|1.242375890961352
213|245|0.12156298302433638
213|246|1.4355468060901597
213|247|0.6298580748419641
214|216|21.581355621924466
214|217|4.30103445363471
214|218|120.02051308515519
214|223|66.68575636437953
214|225|14.657987626667472
214|229|4.608680384480109
214|230|1.723148714270583
214|231|3.1986715018463396
214|234|2.7917710796594655
214|238|0.7696963798823478
214|239|1.3151755907885083
214|242|0.5674946298881963
214|243|1.0782832520904484
214|244|0.22371764784958104
214|245|1.4110897577819126
214|246|0.7216875405357582
214|247|0.8570352353513282
215|217|24.451308992966943
215|220|31.73721308563583
215|221|16.372989201021163
215|222|56.43985422567817
215|224|12.277579811828039
215|227|13.09734202829326
215|228|4.96888381327318
215|233|3.7654983068970282
215|238|0.9039029865990581
215|239|0.9985010242541378
215|241|0.3588378225188936
215|242|1.173257045556454
215|243|0.6551357398386733
215|244|0.27808619562175835
215|245|0.6360503202037271
215|246|0.8725389471204614
216|221|63.21952959111646
216|223|51.87880171343918
216|225|21.6944793760884
216|226|8.005994295383427
216|227|5.486669381974735
216|230|5.1156304394838
216|231|0.14053209951770299
216|232|3.4583758735700876
216|233|1.0753704598156255
216|234|3.1244626860985547
216|237|4.890311947879655
216|238|2.221374338759379
216|241|0.7954088990908642
216|242|0.25149616616005915
216|244|0.12843301955939895
216|245|0.9733144997338643
216|246|0.6772245706122361
216|247|0.41930511822513483
217|220|18.21929913969386
217|222|97.60409434059439
217|223|11.73042524734376
217|224|29.6655778193375
217|225|20.662501940904882
217|226|14.515849223947614
217|227|23.26999339613947
217|228|10.362905897662133
217|229|7.883539934986157
217|231|1.9693574699400265
217|233|3.0001325626716926
217|234|1.824980563645187
217|235|0.39076660087240106
217|236|0.23936344009327598
217|240|0.21691030519752885
217|241|0.11278073443162037
217|245|1.0943700054454493
217|246|0.31982086563689066
218|219|104.7288294620587
218|221|112.39235048685762
218|232|1.0364723081499398
218|233|1.58578524983708
218|235|3.313431870158122
218|241|0.38380223632329397
218|243|0.36065144978201125
218|244|0.40794187695920797
219|223|7.251686460943058
219|225|31.14780468617927
219|226|13.547496037274414
219|229|1.8248498941870694
219|230|11.583719384388344
219|231|10.970752996140549
219|234|0.7830040337692741
219|238|0.15151583584443637
219|239|0.07328972403767645
219|240|0.7513043386790732
219|243|0.5477085104917511
220|222|22.801343663052084
220|224|52.0630013299505
220|227|5.938572963418551
220|232|2.2594643921955138
220|233|3.2005914849559716
220|238|0.9746891099645216
220|239|2.216116864426947
220|241|0.4626561012475253
220|246|2.15749588403439
221|224|38.20072865165766
221|227|38.58688571353448
221|230|16.741523379427086
221|231|1.4224056234517208
221|234|1.9736231775178898
221|235|0.5770389438565291
221|238|1.1287472830179293
221|240|0.16317599400133553
221|243|0.09544172712507216
221|244|1.6924225043725771
221|245|3.1055944952780616
221|248|0.28366793748599267
222|225|69.09387137711771
222|226|87.28297692579775
222|231|10.259584940780933
222|232|7.846094022173033
222|233|10.042554411120147
222|234|6.122358256448355
222|236|2.632239228364414
222|237|5.579867806556573
222|238|3.6252100177433535
222|239|3.3854943031668316
222|241|1.3627607527356516
222|242|3.0269606182263558
222|243|1.3758530594898772
222|244|1.6824951076959522
222|246|0.850819473059314
222|247|2.0396924166835135
222|248|0.2936841212620684
222|249|1.364352793404305
223|225|58.478453096499045
223|227|5.831306628434654
223|228|10.943643403019717
223|231|18.362952188212866
223|232|2.025671954531344
223|233|15.0838222511534
223|234|5.451018009194849
223|236|3.1113664391364444
223|237|7.531472365473301
223|239|0.03939470416772525
223|241|3.0287849264574733
223|243|2.0124175871327
223|244|0.10967465192174289
223|245|0.8483239387558273
223|246|0.6972682676717504
224|227|25.609102742462746
224|228|19.023202501297256
224|229|12.560745889534704
224|230|72.90649403293179
224|235|6.355928091009182
224|240|0.9733811384523492
225|228|67.98283464989146
225|229|32.19812681798926
225|231|1.9027374417651837
225|233|12.457367361718628
225|234|4.460738020340595
225|235|0.43751603352182383
225|239|3.6584505769367506
225|240|2.3713475853849797
225|243|1.4269339658123277
225|244|0.8632893273848874
225|245|0.2821740537817258
225|246|0.9363124466649783
225|249|0.8245819648568065
226|229|34.18261149904141
226|230|50.49915868325727
226|233|20.851812655036703
226|234|4.259777871517388
226|238|4.64171788256522
226|239|3.304366726394197
226|243|0.21480294292824087
226|245|2.0391068433104405
226|246|0.32716964723612374
226|247|0.5590547155223989
226|248|0.009977660150782415
227|228|9.371692436897249
227|229|16.852949983536952
227|233|6.503535611171111
227|235|19.48731725295301
227|237|7.485214146965667
227|238|6.382272944425265
227|243|2.132075910507158
227|244|0.9464451020871392
227|246|1.1193404036237549
228|231|100.4223417203436
228|232|35.756161174931215
228|234|53.5445436088824
228|239|2.4383096380730516
228|243|5.519838677740079
228|244|1.931358354519651
228|245|0.7604401322317295
228|246|1.798044271092725
228|247|0.9844430901305758
229|231|37.16200682123234
229|232|8.645019223314433
229|233|19.800239381438807
229|237|11.981836262938076
229|238|6.177788890832923
229|242|5.698333177177461
229|243|9.102973553383986
229|244|0.8616741012267208
229|245|2.0019593152144632
229|246|2.540202906664051
230|232|32.98761984194579
230|234|161.3683491342644
230|236|19.847667809897985
230|237|4.062994388702506
230|239|7.9893136790067665
230|240|7.394390131990483
230|241|2.1189387835674705
230|242|1.8251152720102832
230|243|4.947884153475099
230|244|0.31800558168212684
230|249|0.12454885152448164
231|234|5.126775935672765
231|237|6.8170371836426185
231|238|18.873430940979766
231|242|0.047625390600140524
231|243|10.687148139373269
231|246|3.365675864683955
231|248|0.9940002585587253
231|249|1.0937083412340776
232|234|40.67703474281105
232|235|6.664923814230821
232|236|27.462108820203973
232|239|24.571517786320687
232|241|0.7547675934006045
232|242|14.048867362185693
232|245|1.7810481744814375
232|246|3.384864697045095
232|247|0.061936370673568546
233|235|45.003884221418076
233|236|25.27854713531962
233|240|1.139498235397847
233|241|8.71266331080581
233|243|12.488866638850498
233|245|4.536100319924197
233|246|8.497156267187968
233|247|0.336447736392233
233|249|1.055314075750873
234|237|21.20222588542779
234|238|82.83009705479324
234|241|29.797273790084795
234|242|12.056500529050258
234|245|5.008931393255364
234|246|3.1719908354329758
234|249|0.16230268761501626
235|237|2.566042826560294
235|239|16.51614017886823
235|240|41.11229442126439
235|243|11.833061127221363
235|248|0.6623533202716422
236|240|78.17364635648313
236|242|5.233473889821461
236|245|7.726632620999837
236|246|7.427591159050672
237|240|31.55643197731526
237|241|9.997584232997104
237|242|8.287079345116267
237|243|31.630073767533606
237|245|0.048777479336675415
237|249|0.3786347464360504
238|248|11.599224701239995
238|249|1.4317790968811526
239|241|50.564829222080576
239|243|44.137566565703466
239|247|1.3458565435604533
239|249|1.5667243942628666
240|244|122.32561273712085
240|245|10.057159708106868
240|248|4.1455178782874595
241|244|130.9927803208343
241|246|2.23080736298292
241|248|2.380347626284231
241|249|21.01631158758763
242|245|54.39720078309124
242|247|30.7915242329744
242|248|6.282520473185153
243|245|88.62185073822829
243|247|36.229421929907765
243|248|0.21319315168462558
244|246|75.32619633159155
244|247|57.81496746214259
244|248|153.77978004261973
245|249|109.62363646576176
246|248|3.1015874138153112
246|249|20.57138684063023