x0,y0,z0,x1,y1,z1,x2,y2,z2,x3,y3,z3,x4,y4,z4,x5,y5,z5,x6,y6,z6,x7,y7,z7,x8,y8,z8,x9,y9,z9,x10,y10,z10,x11,y11,z11,x12,y12,z12,x13,y13,z13,x14,y14,z14,x15,y15,z15,x16,y16,z16
-3.6963687,208.61746,10.633021,-0.45261666,212.23512,8.861909,-7.060763,211.29282,7.6559796,5.7757764,211.29694,-0.25914,-10.656862,210.5702,-1.8209933,16.866234,195.11713,-1.0812736,-15.877534,193.52127,-11.473313,15.099373,170.98256,12.144996,-22.293407,168.14282,-3.9088595,2.4730926,154.35425,25.414963,-23.141937,147.42705,10.135045,17.507877,144.93355,-14.004247,-5.1356225,144.9021,-17.582424,23.425495,109.10844,-2.6422086,-15.145803,114.27164,1.3069254,36.345066,74.11208,-8.268678,-14.032002,82.02783,-15.1117
-3.9538462,209.42134,11.006161,-0.6573803,212.88376,9.050016,-7.3384075,212.18416,8.124247,5.3918867,212.14522,-0.0003312358,-11.069593,211.51619,-1.3805867,16.307518,196.0767,-1.7663213,-16.447609,194.14769,-10.987818,16.606358,172.19676,11.894177,-22.884504,168.53043,-4.468145,7.2061405,154.75797,26.563208,-25.320358,146.78719,7.2075706,16.58963,145.5817,-14.468497,-5.8373346,145.34174,-17.230083,22.855066,109.80221,-3.2002347,-14.089014,114.56572,2.3407493,34.45186,74.4876,-9.307263,-11.810412,82.23262,-13.376848
-4.5508084,210.79083,11.712861,-1.1788504,214.17043,9.728589,-7.909803,213.73633,8.989729,4.882382,213.31354,0.6948587,-11.620921,212.91362,-0.5980479,16.153429,197.34055,-2.1646914,-17.912271,195.12831,-9.586994,19.710472,173.49736,10.944646,-25.038288,168.78534,-5.7013655,15.397002,155.23523,26.84134,-28.923098,145.31897,1.8013927,15.795498,146.50372,-14.625877,-7.01931,146.09232,-16.31655,21.980984,110.66377,-4.2435503,-12.775942,115.26996,3.7894177,31.509806,75.184204,-10.961155,-8.500278,82.468796,-10.304602
-5.031097,211.94739,12.636057,-1.62782,215.3201,10.708102,-8.351076,214.90121,9.866236,4.2240653,214.54971,1.484788,-12.289893,214.01372,0.38679665,15.738098,198.58514,-2.5846758,-19.415493,196.26915,-8.176584,23.117584,175.21236,9.387289,-27.270807,170.02986,-6.2511263,23.905544,157.35762,26.204184,-32.468716,145.92882,-2.1924822,14.871178,147.62062,-14.740923,-8.104021,146.94128,-15.365711,20.63402,111.411644,-5.466193,-11.038382,115.579865,5.0589385,28.016663,75.969444,-13.391364,-4.9098496,82.30225,-7.56333
-5.6245685,213.17744,13.619294,-2.207708,216.3263,11.369069,-8.956422,216.0,10.735201,3.622326,215.27315,2.3834245,-12.898449,214.95628,1.276856,15.041156,199.57321,-2.884763,-20.67415,196.96237,-6.67081,26.732906,177.4845,7.756523,-29.698065,171.13405,-7.3411326,31.892622,161.00284,25.075527,-36.119843,147.17387,-5.875316,14.333775,148.51117,-14.436977,-9.054704,147.52812,-13.963461,19.136705,112.046585,-6.056875,-8.7488165,115.50828,6.2877173,24.486412,77.105316,-16.15538,-1.2631767,81.863464,-5.118897
-6.212929,213.64407,14.612234,-2.7012563,216.75092,12.440742,-9.449241,216.61075,11.758048,2.979575,215.68759,3.310778,-13.551008,215.48442,2.332553,14.576131,200.21759,-2.9122238,-21.746353,197.37053,-5.4166183,29.967169,179.61728,5.8156757,-32.17174,172.32047,-8.51853,39.3169,164.82599,22.923235,-39.73614,148.649,-9.5423155,13.320652,149.1574,-14.168176,-9.809324,147.60432,-12.102807,17.860428,112.61173,-6.209268,-5.9179163,115.20558,7.7634773,20.7403,78.58733,-20.095873,2.534757,81.255325,-1.9909306
-6.5558357,213.88617,15.58309,-3.0674121,217.03198,13.423244,-9.836471,217.02782,12.975638,2.648453,215.79767,4.2643347,-13.84211,215.83327,3.3158028,14.218747,200.88011,-3.1736796,-22.464403,197.71391,-3.7964635,32.843132,182.26442,3.3915396,-34.48065,173.87564,-9.045925,45.62914,169.52945,19.777735,-43.183765,150.87097,-12.608168,12.183788,149.22069,-13.834869,-10.431942,147.55635,-10.202679,17.100773,112.55187,-6.0524755,-3.5712714,114.77247,8.914574,16.756302,80.229256,-24.033854,6.053525,80.49213,1.1021523
-6.8713593,213.8791,16.568691,-3.289713,216.98601,14.510896,-10.046626,217.1563,13.9909935,2.373668,215.60846,5.235351,-14.130152,215.60983,4.2868795,13.975371,201.12424,-2.9427855,-23.00234,197.76534,-2.5454652,35.248383,184.76102,0.8430319,-36.528095,175.24683,-9.506257,50.99514,174.56546,16.09981,-46.80386,153.3963,-15.313472,11.374336,148.89986,-13.431214,-10.492334,147.26811,-8.3075485,16.602552,112.21038,-5.8600945,-1.2938144,114.146965,9.861358,12.665131,82.29099,-27.69983,9.223715,79.67136,4.209655
-6.982359,213.65265,17.55265,-3.3345735,216.6306,15.425289,-10.088695,216.83546,14.785711,2.2121603,215.27713,6.211644,-14.303193,215.17087,5.252763,13.57263,201.2266,-3.0744832,-23.576107,197.53256,-1.2278675,37.032497,187.5817,-1.6237644,-38.396717,176.4105,-9.843506,54.946285,179.67908,12.453599,-50.114437,155.85248,-17.45989,11.002894,148.49498,-12.910772,-10.370848,146.5127,-6.531646,16.286774,111.56895,-6.1246758,0.9902367,113.246765,11.009185,8.746307,84.150986,-30.87303,12.377142,78.6615,6.9787908
-7.048832,212.84578,18.470657,-3.4647324,215.89458,16.33031,-10.224544,216.0655,15.828858,2.0431628,214.42227,7.043982,-14.47753,214.50577,6.252679,13.120129,200.72093,-2.993552,-23.984722,197.09671,0.18708909,38.24722,190.88791,-3.8250232,-40.217876,177.90602,-10.261363,58.66057,185.69385,7.936798,-53.019978,158.38623,-19.14058,10.6352625,147.57076,-12.096141,-10.302276,145.64891,-4.2207546,15.942333,110.373085,-7.001695,3.6193507,112.20725,12.287654,4.67786,85.91798,-33.815464,15.794601,77.258675,9.0165415
-6.873857,211.86835,19.37698,-3.3791437,214.83167,16.980043,-10.144944,215.10083,16.871582,1.9587485,213.07124,7.6578827,-14.523313,213.5785,7.297204,12.57258,200.08514,-2.491436,-23.988127,196.3576,0.88695866,38.48299,194.28116,-6.395673,-41.447296,179.00746,-10.526778,60.420815,191.77892,2.8237011,-55.63133,161.18283,-20.3063,10.635256,146.68132,-10.620171,-9.819283,144.5743,-1.8452384,15.719581,109.01731,-8.250461,6.0390635,111.337585,13.795877,1.5208099,87.222534,-36.054134,18.457449,76.041145,10.79996
-6.5653763,210.75966,20.092682,-3.0581841,213.63655,17.624968,-9.830078,213.94836,17.519283,2.0492103,211.99947,8.219768,-14.454054,212.33383,8.182292,12.052986,198.72855,-2.1932135,-23.79384,195.57703,1.4757248,38.00466,197.03928,-8.588906,-42.56513,180.3276,-10.529355,60.63736,197.80759,-1.036226,-57.838287,164.02983,-21.106094,10.894675,145.60043,-9.082469,-8.843015,143.49707,0.46655765,15.3684225,107.80067,-9.8791485,8.170653,110.18573,15.144529,-0.6942571,87.13527,-38.00079,20.464254,75.01319,11.690401
-6.152158,209.31055,20.764648,-2.7071505,212.26556,18.286455,-9.468273,212.62054,18.422106,2.202839,210.63197,8.701667,-14.259089,210.98152,9.02895,11.6810875,197.8609,-2.2348318,-23.45727,194.52675,2.586167,36.99646,199.63803,-10.648094,-43.19768,181.8448,-10.583935,60.02326,203.07542,-5.832594,-59.55916,166.79326,-21.111067,11.150152,144.27785,-7.921974,-7.8637958,142.18204,2.5299652,15.040101,106.69712,-11.559815,9.848859,108.948685,16.634602,-2.4292393,86.1921,-39.031467,22.15106,73.78426,11.969218
-5.4961257,207.80316,21.37401,-2.1201844,210.82285,18.885159,-8.886441,211.10927,19.139275,2.4761138,209.3743,9.073155,-13.975502,209.58212,9.849579,10.970293,196.65619,-2.7945962,-23.222744,193.46489,4.2596946,35.151962,201.38498,-13.118685,-43.45304,181.85728,-8.865539,58.18887,206.33694,-10.802757,-60.596924,169.01369,-20.666878,11.302021,143.08855,-7.1866693,-6.947051,140.86032,4.662752,14.742731,105.73678,-13.569312,11.546482,107.66481,17.73947,-3.3275967,84.10054,-39.844234,23.647139,72.91913,11.865579
-4.8802595,206.54417,21.723646,-1.5493102,209.51051,19.112532,-8.286445,209.9564,19.679184,2.9412215,208.2616,9.297376,-13.459739,208.48152,10.336591,10.189891,195.9115,-3.1164837,-22.773914,192.5615,5.606261,33.126965,201.73366,-15.189988,-43.53957,181.75261,-7.1547933,56.050762,207.4154,-15.304906,-61.139233,170.4745,-19.767647,11.057765,141.79175,-7.0030837,-6.2571077,139.47102,6.7466903,14.561669,104.97873,-15.190176,12.792962,106.606415,18.371578,-4.020317,81.688705,-39.829975,25.184658,72.55542,11.683194
-4.229962,205.81238,22.145826,-0.9334534,208.7662,19.479696,-7.6476455,209.2735,20.203674,3.3977625,207.71767,9.5965395,-12.909598,207.97095,10.854036,9.322267,194.93948,-3.2910464,-22.1723,191.9681,6.5446014,31.585762,200.94257,-16.05635,-43.279114,181.43288,-5.455792,53.87351,206.2267,-20.264107,-61.374187,171.18582,-18.358047,10.694049,141.17207,-6.995199,-5.9975524,138.77705,7.77507,14.222074,104.68041,-16.516289,13.626823,106.2412,18.348894,-4.0868526,80.05618,-40.006996,25.90842,72.38922,11.995489
-3.682496,205.50984,22.70343,-0.09623635,208.40192,20.359282,-6.8132353,209.21767,20.723492,4.087349,207.57156,10.309864,-12.290255,207.94199,11.428243,8.541026,194.49307,-3.629569,-21.483675,191.69896,7.413874,30.555416,199.69106,-17.028906,-42.94443,180.86516,-3.6552174,52.175255,204.05453,-24.417498,-61.1193,170.71179,-16.653425,9.940016,140.81274,-7.590568,-6.454148,138.52655,7.6039834,13.748734,104.56318,-17.053698,13.9181,106.45351,17.35015,-4.2180805,79.731705,-40.002716,26.135962,72.42518,12.13928
-2.858895,206.04451,23.604109,0.8342431,208.83873,21.300337,-5.9039226,209.63155,21.297333,5.257403,207.83762,11.48769,-11.211233,208.41966,12.102068,8.404445,194.46303,-3.3057454,-20.929556,191.95755,8.8557,28.041943,197.48782,-20.27341,-42.080746,180.10681,-1.790578,49.669716,200.06587,-28.885916,-60.23172,169.36581,-14.50622,8.880749,141.05063,-8.50255,-6.8766637,138.64113,6.8745503,13.090051,104.65544,-16.776402,13.5536375,106.59978,15.8912525,-3.8667383,79.71541,-40.03181,26.227287,72.49823,12.659591
-1.697358,206.67757,24.568916,1.9428568,209.49281,22.215874,-4.8055663,210.19006,22.237326,6.3413367,208.06018,12.309125,-10.141188,209.02591,13.160285,8.908526,194.79878,-2.9752622,-20.14629,192.5343,10.631941,24.487059,194.51501,-24.17824,-40.436295,179.16083,-0.4245597,45.17496,193.3136,-34.960682,-58.642345,167.07124,-11.936079,7.9803023,141.74606,-9.258745,-7.272973,139.20462,6.5308247,12.849351,104.97435,-15.848906,12.905119,106.605225,14.167655,-3.5421774,80.05826,-39.42924,26.09468,72.639915,13.18977
-0.37642944,206.9678,25.36501,3.1128204,209.71515,22.721722,-3.623506,210.42764,23.153076,7.366062,208.08806,12.857157,-9.052737,209.22789,14.076296,8.85467,195.0994,-4.2398543,-19.81118,192.94942,11.964188,21.016188,190.8126,-27.753593,-39.142193,178.10384,1.123993,42.16305,188.34244,-38.300762,-56.751053,163.95767,-8.7564,6.9590354,142.05553,-9.988402,-7.7818594,139.6589,6.13164,12.61068,105.4922,-15.183235,12.106045,106.84243,12.33788,-3.1073322,80.27011,-38.861015,25.45774,72.90765,13.352302
0.7511914,206.81871,25.516487,4.146419,209.71281,22.904007,-2.5707161,210.3895,23.624714,8.192739,208.08006,12.862882,-8.170324,209.13863,14.436271,9.240953,195.52411,-4.798206,-19.484419,192.9685,12.834348,18.964674,188.09845,-28.877674,-38.029606,176.41116,2.9637635,39.971283,182.8048,-39.365673,-54.794067,160.34735,-5.1465564,5.906939,142.33928,-10.921464,-8.845209,140.05165,4.8270307,12.647372,105.942116,-15.328892,11.162333,107.28816,10.751844,-2.9109097,80.37783,-38.597683,23.821354,73.217285,12.314799
1.7398418,206.51196,25.515339,5.2358565,209.2897,22.90835,-1.4765277,210.0949,23.464663,9.096024,207.92607,12.825695,-7.28064,208.95363,14.583098,9.450189,195.53523,-5.293535,-18.696852,192.67525,13.895139,17.258013,185.4622,-29.26314,-36.75686,174.75761,5.1967096,36.62317,176.47037,-40.307877,-52.63857,156.94148,-1.420825,5.037691,142.65573,-12.060508,-9.725447,140.31894,3.7863412,12.709827,106.286476,-15.563545,10.30007,107.76191,10.278666,-2.4490416,79.89325,-38.365803,21.573256,73.41014,9.821233
2.7685018,205.96628,25.355724,6.262154,208.70323,22.70653,-0.45793602,209.48605,23.220762,9.850726,207.5446,12.550036,-6.4904156,208.43098,14.583744,9.51078,195.09184,-6.4355793,-17.685186,191.76915,15.641976,15.408141,182.13644,-29.815763,-35.460594,172.85724,7.6662836,33.222313,169.71968,-40.45609,-50.133133,153.40166,2.8824453,4.346023,142.9239,-13.351818,-10.504359,140.50438,3.080305,12.667812,106.4073,-15.936,9.733552,108.292274,10.656604,-1.7149732,79.02771,-38.008167,18.676598,73.77955,5.659006
3.8869271,204.94875,25.01905,7.133127,207.83046,22.22084,0.4818599,208.56104,23.36046,10.6649685,206.82402,12.0637,-5.6326303,207.38474,14.524106,9.826515,193.89354,-7.3793073,-16.96168,190.57042,15.951767,13.752119,178.55025,-29.946175,-34.349552,170.2972,10.166914,29.510366,163.26414,-39.994873,-47.297344,149.27866,7.6918645,3.858051,142.51025,-14.024653,-11.263365,140.33583,2.2451396,13.026743,106.33302,-16.140896,9.444538,109.23619,11.498503,-0.79861534,78.07057,-37.525005,14.717972,75.170784,0.26856196
5.1452427,204.05339,24.504326,8.147582,207.0527,21.560064,1.598888,207.6748,23.197588,11.394755,205.66864,11.324635,-4.8185716,206.44882,14.391268,10.142875,192.38116,-8.385468,-16.247892,189.20114,16.011608,12.017417,175.28444,-29.93418,-32.789536,167.64676,12.791839,25.48038,157.41406,-38.91076,-44.02361,145.48799,13.113027,3.1865523,142.10912,-14.591608,-12.137019,140.1253,1.7754924,13.444826,106.039505,-16.532902,9.187466,109.92493,12.270511,0.13244472,76.83071,-37.52268,10.138201,77.75176,-5.0627637
5.9313183,202.87016,23.844208,8.947327,205.92865,20.978788,2.4002566,206.53786,22.644217,12.013726,204.49724,10.55432,-4.145305,205.39476,13.893108,10.389501,190.31523,-9.396362,-15.573575,187.79646,15.836596,10.418379,171.74336,-29.826677,-31.1851,165.4685,15.102918,21.968824,152.09946,-37.262264,-40.11895,142.41653,18.750132,3.0419888,141.20537,-14.827442,-12.493933,139.26976,1.7956401,13.684096,105.38584,-17.254019,8.749641,109.95448,12.933475,1.3175093,75.86114,-37.94368,4.6542983,82.078415,-9.822954
6.500816,201.9331,23.106888,9.406199,205.10365,20.249283,2.86036,205.5197,21.983412,12.292513,203.5287,9.703844,-3.7582574,204.64812,13.372529,10.581067,188.32404,-10.313535,-14.828858,186.47363,15.338271,9.196605,168.24744,-29.238558,-29.313448,163.45062,17.652878,19.549788,147.24704,-34.729736,-35.41064,140.41707,24.792345,2.751844,140.00826,-15.283123,-12.8253975,138.60074,1.4354966,13.731546,104.36644,-18.41589,8.026922,109.519844,12.898662,1.5056745,74.97502,-38.704666,-0.26673487,86.32398,-13.848103
6.78196,200.7617,22.074018,9.653105,203.98181,19.230328,3.1413696,204.38704,21.094198,12.45528,202.50185,8.626041,-3.5557256,203.60524,12.484591,10.320545,186.64635,-11.355494,-13.941212,185.409,15.051929,8.378111,165.19536,-28.699526,-26.823765,161.83023,20.507416,18.317263,143.63394,-31.516632,-30.197935,139.63567,31.318884,2.0693984,138.91597,-16.123755,-13.460381,137.8102,0.59641165,14.119163,103.32312,-19.823189,7.350501,108.96208,12.673153,1.6781826,73.59629,-39.065533,-6.28586,92.21036,-17.072844
6.825466,199.95415,21.04619,9.811915,203.12785,18.269188,3.257541,203.6158,19.93717,12.310328,201.84996,7.571496,-3.6694794,203.00595,11.659309,9.863895,185.43085,-12.20924,-13.640671,184.7091,14.470049,7.872842,163.08107,-28.174269,-24.547869,160.92119,22.843428,18.229845,141.78795,-27.376596,-25.272215,139.8183,36.623962,1.7364603,137.92636,-16.722132,-13.6039915,137.26637,-0.060463913,14.355158,102.630295,-21.355965,6.037782,107.77687,11.893228,2.0494783,72.39872,-39.77531,-11.616486,97.33984,-18.640047
6.589038,199.46117,19.80819,9.747042,202.50154,17.0723,3.2124984,203.30252,18.736797,12.17789,201.52202,6.4138737,-3.8491201,202.71935,10.428182,9.403617,184.91017,-13.091922,-13.6361685,184.45476,13.800419,7.8212485,161.58531,-27.460733,-22.281244,160.85431,24.751791,19.024235,141.18732,-23.029797,-19.86909,142.1553,41.389828,1.2657441,137.12657,-17.249462,-14.143081,136.89479,-0.77976704,14.4444275,102.38517,-22.265116,4.4344525,106.72997,10.724686,2.515715,72.20303,-40.353767,-16.857203,102.08523,-18.8955
6.462369,199.57198,18.819733,9.579933,202.65874,16.094324,2.9831846,203.27457,17.573366,11.784986,201.74815,5.310024,-4.1226745,203.00908,9.651998,8.882797,185.00261,-14.009047,-13.465095,184.64488,13.551141,7.1886506,161.2119,-27.50335,-19.413998,161.07037,26.158031,19.472155,142.7466,-19.256905,-13.642693,145.3308,45.008324,0.52316177,136.95663,-17.879509,-14.964764,136.88802,-1.0848472,14.315729,102.77,-23.337643,2.3978357,106.27016,10.035059,3.519775,72.32172,-40.887875,-21.501354,106.39447,-18.242826
6.39756,200.26697,17.890345,9.436076,203.33595,15.064369,2.8536787,203.9022,16.642479,11.734941,202.596,4.367617,-4.1423535,203.84927,8.710354,8.257398,185.91464,-14.759431,-13.2396345,185.4326,13.578732,7.3819346,161.3828,-26.946934,-16.906069,162.19879,27.524462,20.09207,144.73994,-15.988976,-7.920241,149.10042,47.253113,-0.70052654,137.20433,-18.775946,-15.950323,137.35242,-1.3314142,13.884307,103.13963,-24.115927,-0.12376553,105.86117,9.4563675,4.5896273,72.31314,-41.404034,-25.644678,109.95255,-17.165178
6.4283414,201.32738,17.078188,9.65025,204.41765,14.473034,3.0055542,205.01584,15.646446,11.525171,203.6951,3.5316153,-4.2760477,204.98157,8.125344,7.5334964,187.19238,-15.355654,-13.278106,186.67293,13.407563,7.93932,162.3223,-26.76048,-14.788434,163.9532,28.60163,20.815891,148.40277,-12.229246,-2.2551744,153.36974,47.998764,-1.4655567,138.2547,-19.35219,-16.61625,138.43362,-1.4201866,12.757568,103.84287,-24.86017,-2.9403372,105.32996,8.8314495,5.474168,72.33944,-42.087177,-29.50986,112.544556,-15.628926
6.3816743,202.95708,16.617476,9.607283,205.93428,13.8945,2.9550312,206.57855,15.0476675,11.267628,205.1336,2.971763,-4.4647717,206.49849,7.7471533,6.818138,189.15717,-15.727198,-13.390668,188.16623,13.440559,8.494814,164.38953,-26.442257,-12.598246,166.02763,29.469007,21.199968,153.37135,-9.449249,3.326218,157.91687,47.513004,-2.0730515,139.69434,-19.569286,-17.119328,140.04529,-1.409147,11.400924,104.87788,-25.432508,-5.959134,105.90547,8.836271,6.456824,72.8561,-42.455887,-32.303303,114.19415,-15.0518675
6.1726556,204.55989,16.351812,9.351921,207.56685,13.603409,2.7309823,208.24338,14.965304,11.147962,206.67607,2.7216878,-4.61657,208.25977,7.474795,6.465235,191.02495,-16.10122,-13.442276,189.87752,13.282424,9.060353,166.18695,-26.027674,-10.333007,168.41226,29.736845,22.196661,158.85526,-7.6104865,8.563114,162.59467,45.405827,-2.7737799,141.23819,-19.547253,-17.92108,141.69992,-1.1994916,9.930168,106.214066,-25.852057,-8.714306,107.0224,9.623504,7.2401237,73.66695,-42.248997,-35.05816,114.248985,-14.578429
6.1160674,206.11148,16.150383,9.259263,209.096,13.334581,2.6286042,209.6986,14.635475,10.864448,208.49812,2.4882908,-4.8526683,209.86212,7.5245805,6.364709,192.71014,-16.172407,-13.258054,191.54941,13.319221,10.33505,167.68706,-25.336449,-8.299177,170.4313,29.977654,22.796713,163.5217,-5.4200644,13.250328,166.62907,42.212093,-3.5692008,142.92911,-19.533627,-18.630516,143.37186,-1.1851437,8.561203,107.718056,-26.009367,-11.420336,108.40805,10.161732,7.889188,74.64234,-41.684925,-38.03562,113.85138,-14.4620285
6.189256,207.77542,15.925724,9.361803,210.664,13.045935,2.751983,211.40302,14.402059,10.866927,210.14313,2.2451327,-4.8704796,211.29599,7.3256545,6.2318277,194.3856,-16.341505,-12.924543,193.40923,13.230504,11.698759,169.35736,-24.46326,-6.891873,172.45126,29.695612,23.331886,168.86479,-3.4979439,16.168015,170.06573,39.19693,-4.358769,144.76794,-19.379372,-19.506737,145.37833,-0.99972993,7.880675,109.252716,-25.965406,-13.431399,110.306564,10.490564,8.100623,75.72609,-40.993717,-40.597954,113.09579,-13.917179
6.128988,208.96815,15.611791,9.254326,212.00818,12.836185,2.727307,212.79366,14.5255165,11.019197,211.52322,2.0594082,-4.774683,212.62505,6.90016,6.080025,196.0177,-16.670948,-12.522865,195.16968,13.182998,13.271243,170.8315,-22.99328,-5.3750043,174.3827,29.286804,24.218046,173.75243,-1.7174863,18.503975,173.12704,36.284527,-5.223744,146.03749,-19.364906,-20.349062,147.03572,-0.8503398,7.432029,110.64641,-25.863874,-15.123654,111.92208,10.527828,7.5061436,76.758415,-40.1373,-42.772266,111.53549,-13.61708
6.163294,210.04683,15.530529,9.322415,213.15839,12.882113,2.756684,213.8707,14.45936,11.054681,212.4741,1.9026631,-4.699208,213.7953,6.7970786,5.98408,197.18932,-16.982252,-12.105616,196.30785,13.254348,14.915529,172.21013,-21.75917,-3.9165223,175.34227,29.061703,24.559278,177.44086,-0.10414025,20.67903,175.87167,32.035,-5.729477,147.38445,-19.49453,-20.752586,148.36241,-0.9320971,7.1646132,112.0185,-25.407904,-16.664715,113.28964,10.940673,5.9487033,77.87893,-39.47093,-44.680183,109.68619,-12.712445
6.2269444,210.98184,15.546773,9.403152,214.04155,12.852696,2.8495433,214.82199,14.445014,11.178274,213.11345,1.913885,-4.5827384,214.52113,6.647305,5.911495,198.17809,-17.069826,-11.760604,197.39192,13.283448,16.358564,173.54663,-20.210472,-2.457599,176.0548,27.849821,25.39216,179.93314,1.1456004,22.084984,177.5625,27.294067,-6.122928,148.40192,-19.806837,-20.77883,149.1505,-0.9029008,7.237816,113.09463,-24.79273,-17.971972,113.94162,11.323314,3.4242125,79.0005,-38.52632,-46.392475,106.5486,-10.992836
6.236577,211.66286,15.443434,9.415595,214.55399,12.58145,2.914257,215.53632,14.298673,11.200677,213.58772,1.7512028,-4.5728383,215.05296,6.4427247,5.8997974,198.87837,-16.842419,-11.723858,198.11684,13.290703,18.293417,175.01245,-18.6129,-1.420111,176.3937,26.195576,26.109272,182.02481,2.7149305,22.77493,178.11984,23.014847,-6.1795893,148.93677,-19.833166,-20.863081,149.65173,-0.98822504,7.6989574,113.90641,-24.16174,-18.835894,114.42866,11.398053,0.558744,80.128845,-37.602562,-47.50685,102.73429,-9.090583
6.521016,212.1477,15.320494,9.645544,215.04776,12.400243,3.139234,215.9515,14.103582,11.347721,214.02866,1.5890871,-4.390561,215.36592,6.4166203,6.05558,199.51804,-16.679241,-11.329364,198.57185,13.027079,19.073057,176.15393,-16.909796,-0.6187797,176.50452,24.577644,26.578724,183.10262,4.3589063,23.048515,177.96336,18.87258,-6.139446,149.2142,-19.72786,-20.839834,149.87932,-1.1870688,8.187605,114.45592,-23.473984,-19.82206,114.68807,11.094399,-2.159661,81.388695,-36.447277,-48.297295,99.16712,-7.335408
6.8006926,212.44511,15.124141,10.072722,215.32893,12.34672,3.4850607,216.21999,13.662288,11.566285,214.25183,1.3971343,-4.1721044,215.51974,6.2635694,6.347371,199.8606,-16.741596,-10.86725,198.76248,12.795493,19.15621,176.56204,-15.264631,0.67897856,176.33,22.626629,26.063797,184.09221,5.970007,23.866346,177.76918,15.032885,-6.07117,149.55997,-19.752117,-20.675217,149.94301,-1.2825397,8.236133,114.75626,-22.713928,-20.846315,114.553116,11.020745,-4.9404902,82.394196,-35.254677,-48.70105,95.413956,-5.23012
7.0463166,212.45105,14.966789,10.252877,215.417,12.204154,3.6783385,216.25107,13.700595,11.973394,214.22992,1.2787498,-3.8862424,215.36972,6.051568,6.9084935,199.86089,-16.839537,-10.36952,198.60785,12.449346,19.4505,176.76384,-13.752822,2.020874,176.06812,20.71533,24.932379,185.53171,7.5823984,24.924887,177.32846,11.910838,-5.915566,149.54218,-19.89806,-20.41307,149.81567,-1.4186476,7.876508,114.616356,-22.10547,-21.957447,114.17773,10.622049,-7.7576904,82.87111,-34.329998,-48.765034,91.53744,-3.1372833
7.4922867,212.27208,14.87713,10.560134,215.2771,12.003458,4.016471,215.99402,13.6699295,12.436348,213.9822,1.1679987,-3.3784022,215.10675,5.8384805,7.5699754,199.41107,-16.897303,-9.920385,198.23967,12.166561,19.447731,176.05453,-12.657603,2.9020576,175.42383,18.615368,23.929043,185.31265,8.759779,25.362864,176.7801,8.878284,-6.106463,149.10968,-20.049128,-20.10938,149.28345,-1.2993104,7.2211432,113.913795,-21.394703,-22.758135,113.63608,10.154308,-10.638791,83.1072,-33.28398,-48.026497,88.035995,-0.5492689
8.022821,211.81563,14.784123,11.155674,214.75327,11.907645,4.572854,215.48022,13.36288,12.825992,213.21906,1.0060164,-2.9689007,214.26201,5.7783422,8.153548,198.932,-16.603676,-9.528825,197.33298,12.126701,19.049986,175.10902,-11.631495,3.6106668,173.95901,16.284815,22.819983,184.02907,10.046581,25.6912,175.14268,5.213825,-6.0488696,148.4752,-19.698433,-20.10522,148.55869,-1.2047899,6.5282807,113.00969,-20.574316,-23.41047,112.80396,9.735937,-13.048222,82.7188,-32.326813,-47.3205,84.80865,1.7926563
8.372669,211.06113,14.638011,11.603411,213.9805,11.849476,5.0091124,214.79472,13.168208,13.192496,212.32715,0.8458604,-2.6212523,213.36957,5.6250973,8.55305,198.12527,-16.55488,-9.030654,196.52582,12.012324,18.114801,173.83255,-11.249911,4.6414356,173.17578,15.168066,22.004915,181.06146,10.776816,25.913662,173.7344,2.3213398,-5.8696938,147.80447,-19.507807,-19.752539,147.74387,-1.0425899,5.5292296,111.45367,-19.887678,-23.8846,111.74849,9.555624,-15.321199,81.70792,-31.534977,-46.454845,82.132996,3.8170178
8.910749,210.14197,14.53303,12.090323,212.97925,11.604547,5.496355,213.7765,12.947549,13.495402,211.01064,0.6286599,-2.239548,212.03781,5.6096525,9.37856,197.0178,-16.433327,-8.734437,195.28893,11.910711,17.693102,172.61633,-10.2896185,5.260136,172.02994,13.640825,19.98661,178.77539,12.060315,26.166231,171.77812,0.14004368,-5.5228715,146.70601,-19.419521,-19.338634,146.66833,-0.9701672,3.9303274,109.721565,-19.447739,-24.139584,110.550385,9.519446,-17.125727,79.85634,-31.534386,-45.307,79.76851,5.499979
9.683989,208.89949,14.182408,12.691669,211.7914,11.122655,6.112449,212.3939,12.607382,14.135369,209.84628,0.25716805,-1.5887941,210.61343,5.431645,10.355321,195.60216,-16.555271,-8.370493,194.0288,11.54049,16.82949,171.05984,-9.003063,5.290301,170.55235,12.564052,16.951511,176.65585,13.647877,26.536144,169.56729,-0.7389413,-5.14781,145.2479,-19.323116,-18.91818,145.41678,-1.0614297,2.4220724,107.60109,-19.376598,-23.925964,109.225174,9.805572,-18.733343,77.75119,-32.05217,-44.32373,77.417755,6.9513426
10.484944,207.57588,13.800749,13.572731,210.52264,10.881807,6.9805064,211.17117,12.295855,14.745559,208.52525,-0.18324457,-0.9046352,209.25446,5.1737757,11.288639,193.88475,-16.709837,-8.02595,192.97192,10.934836,16.724592,169.60193,-7.1163063,4.56028,169.31557,12.230481,13.239287,174.02133,15.673184,24.86608,165.9774,-2.2715244,-4.869175,143.34735,-19.347485,-18.144968,143.6628,-1.2105626,1.310208,105.61961,-19.040462,-23.357359,107.724365,10.073617,-19.015402,76.218346,-32.4153,-43.455338,76.08382,7.2304153
11.157832,206.18237,13.428786,14.179186,209.1044,10.417245,7.586874,209.68114,11.863786,15.480204,207.14877,-0.530004,-0.18423814,207.89812,4.743396,12.49849,192.38737,-16.647205,-7.9812326,191.9052,10.490584,17.101234,168.36682,-5.9390035,2.593936,167.78465,11.503397,9.122997,171.46054,16.255894,23.987751,163.68997,-1.5596896,-4.295543,141.73248,-19.140121,-17.853146,142.1152,-1.1823173,1.1910801,103.897804,-18.309956,-23.082146,106.15429,10.50308,-18.605913,74.864,-32.36202,-42.897366,74.899475,6.464149
11.531588,205.1245,13.111012,14.628739,208.10107,10.230141,7.989953,208.61545,11.473902,15.894965,206.05653,-0.8087456,0.19601351,206.7086,4.3285556,13.67015,190.96532,-16.49368,-7.895061,190.65187,9.690641,17.160137,167.05067,-5.078463,-0.0032914227,165.48557,10.936551,6.202636,168.63316,16.106926,21.97234,160.3464,-0.7697623,-3.6793616,140.49075,-18.90465,-17.767271,140.87537,-1.3102298,2.1447532,103.16755,-16.461334,-23.118889,105.1088,10.583248,-16.782026,74.923996,-32.084026,-42.145374,73.85231,5.449917
11.323328,204.27054,12.817388,14.49376,207.19049,9.957362,7.8412433,207.79399,11.12338,16.092918,205.31122,-0.9745787,0.26015356,205.96858,3.748747,14.650648,189.92763,-16.033852,-8.222694,189.79465,8.774228,16.521978,165.61983,-4.791084,-1.5801991,163.82768,10.562143,4.892547,165.14525,16.198177,20.259003,156.23029,-0.0233275,-3.2353995,139.66203,-18.455341,-18.499897,140.06238,-1.7666303,4.03125,103.04997,-13.633694,-23.73192,104.36148,9.9915085,-14.293625,75.997826,-31.70661,-40.803093,72.79891,4.2121835
11.203807,204.13411,12.713859,14.348193,207.08344,9.8567705,7.6892543,207.61507,10.988877,16.229898,205.25699,-0.9999706,0.32359877,205.97606,3.4783328,15.844509,189.5236,-15.583525,-8.481587,189.43318,7.7476115,16.109787,164.52377,-5.0554,-3.7143157,162.49199,10.005247,4.525445,161.54073,15.884805,17.664938,153.11261,1.0460126,-2.6684706,139.8142,-18.020386,-19.607533,140.47704,-2.9316196,5.7646017,103.83011,-10.18137,-24.349247,104.63678,8.911515,-11.309007,78.01095,-30.668226,-39.57387,72.61061,2.8074663
11.386903,204.5543,12.843366,14.511282,207.53796,9.999158,7.8154836,207.9034,10.980786,16.585499,205.67947,-0.8145023,0.5980047,206.36716,3.4859483,16.936563,189.54723,-14.951141,-8.998328,189.8529,6.605043,16.368282,164.04019,-5.626001,-6.8933473,162.52853,8.85057,5.485184,156.74162,14.8972225,12.096821,148.16176,1.6236361,-1.7851454,140.66582,-17.525364,-20.426737,141.42958,-4.0938835,7.2785754,105.56155,-6.940438,-24.417492,105.70857,7.855991,-8.312171,80.291405,-28.548443,-38.229378,72.97882,1.3580545
11.590061,205.3724,12.994008,14.784966,208.31218,10.187425,8.048445,208.61618,10.913883,17.187916,206.80635,-0.49214262,1.0716339,207.21336,3.3562894,17.98847,190.19112,-14.657155,-9.5718355,191.1676,5.42065,16.573862,164.3191,-6.195902,-10.398487,164.13487,8.085984,8.196363,151.84608,12.992529,5.037098,145.42915,4.459613,-0.62764347,142.09898,-17.17955,-20.308832,142.93535,-5.66286,8.100293,107.9619,-4.006602,-24.791477,107.04869,5.7519135,-6.2645407,82.830414,-25.960999,-36.61629,73.1827,-0.0070846914
11.762198,206.54352,13.067241,14.96057,209.5343,10.32406,8.220023,209.7927,10.991012,17.456526,208.30052,-0.34541202,1.3056782,208.57448,3.434674,19.007835,191.17636,-14.246571,-9.795337,192.71834,4.3028474,17.38408,165.12947,-6.6359873,-13.177826,166.04271,7.4801865,12.062563,148.37924,10.399672,-1.5674659,144.62277,8.346708,0.36567485,143.75427,-16.978561,-20.26685,144.74394,-7.278461,7.9194603,110.2208,-1.4695631,-25.073515,108.58226,3.1037939,-5.58096,84.55428,-23.49848,-34.98266,73.740295,-0.99715835
11.867554,207.92538,13.188355,15.090025,210.891,10.446523,8.343032,211.15852,11.059711,17.609318,209.89014,-0.15619986,1.439279,210.0955,3.5342734,20.014246,192.47578,-13.614552,-10.214068,194.34698,3.335478,19.238895,166.12627,-7.424094,-15.673702,168.26411,7.4502654,16.359056,146.6934,7.469818,-8.825942,144.8625,10.9878,1.5181223,144.68283,-16.603868,-19.96841,146.02539,-8.589801,7.259703,111.91299,1.036418,-25.022955,109.95113,0.8599477,-5.8639,85.53642,-20.4524,-33.170254,74.38109,-2.5276752
11.911628,209.31787,13.510711,15.112461,212.35452,10.823017,8.352391,212.49039,11.352682,17.824831,211.20242,0.20027296,1.6231391,211.54385,3.7015853,21.006634,193.69786,-12.82491,-10.399161,195.7035,2.283622,21.400337,166.84137,-8.238754,-18.35849,170.11354,7.1973505,20.95962,145.21819,3.6673083,-16.819979,146.13689,13.46529,2.6587973,145.46423,-15.985902,-19.060719,146.9702,-9.813884,6.387505,113.0491,3.6354918,-24.633215,110.815674,-1.5832297,-6.538527,85.92023,-17.048437,-31.427252,74.799225,-4.342214
11.986738,210.3174,13.736907,14.943681,213.59189,11.050745,8.221713,213.51546,12.000188,17.957972,212.38942,0.48133272,1.7606738,212.68538,3.9112573,22.167168,194.53354,-11.845594,-10.3114805,197.03113,1.1217666,23.588266,167.38133,-9.230846,-21.460688,172.96048,7.125652,25.707937,144.56061,-0.52559215,-24.023558,150.00256,15.972605,3.9157727,145.9325,-14.558968,-18.430367,147.76471,-10.843198,5.229315,113.827324,5.573212,-23.72183,111.20745,-3.654436,-7.6452184,85.28307,-13.049723,-29.886097,75.019356,-7.265309
11.969816,211.09593,13.857023,14.907391,214.46967,11.270498,8.180616,214.28185,12.164704,17.912342,213.36638,0.62431705,1.7570193,213.49788,3.948343,23.21438,195.2815,-10.728947,-10.441238,198.11867,0.32230604,25.968626,168.06253,-10.001417,-24.553394,175.71115,7.178318,29.98711,144.58583,-4.6380286,-30.73151,154.20012,18.115166,5.239326,146.24556,-13.283626,-17.512344,148.32819,-11.505059,3.530541,114.11363,6.8439074,-22.308838,111.821884,-5.060297,-9.41714,83.84026,-8.32588,-27.702702,76.12633,-10.781327
11.722177,211.62445,14.080113,14.587301,215.1322,11.594242,7.898286,214.94212,12.764827,17.657946,214.03697,0.85821414,1.4499909,213.94601,4.244696,24.008944,195.89879,-9.839614,-10.552826,198.9807,-0.45498675,28.618523,169.09328,-10.886599,-27.259296,178.95958,6.6864986,34.473152,145.6144,-8.805276,-36.382584,160.15736,19.65151,6.49759,146.50775,-11.938253,-16.230457,148.57233,-11.732865,1.5357063,114.23796,8.172012,-21.144663,112.06894,-5.6587076,-11.634951,82.05375,-3.778913,-25.244837,77.13093,-14.9569
11.284216,212.07602,14.351012,14.300354,215.26625,11.63132,7.592173,215.35464,12.617871,17.268791,214.40941,1.127201,1.0507457,214.07108,4.4102125,24.703045,196.2109,-8.543956,-10.4409075,199.65216,-1.4735352,31.186424,170.10266,-11.836539,-29.948225,182.36287,5.6391296,39.053406,147.28822,-12.772539,-41.71546,166.77072,20.713884,7.4622655,146.34554,-10.30039,-14.789138,148.61899,-11.906144,-0.77560717,114.35682,9.72144,-20.182693,112.17462,-5.341327,-13.815444,81.1229,1.0333077,-22.233944,78.41919,-19.07095
10.986534,212.16417,14.632322,14.030268,215.44913,12.0548,7.301312,215.44417,12.891723,17.07273,214.23676,1.428357,0.80452347,213.7818,4.590641,25.047262,196.31746,-7.3664336,-10.644056,199.86441,-2.414473,33.51975,171.32626,-12.666892,-32.52193,185.16469,4.0048623,43.282158,149.47867,-16.224455,-46.102924,173.54153,20.678776,8.437351,146.05,-8.673716,-13.658944,148.6112,-12.04835,-2.7789416,114.07461,11.024106,-19.657372,111.963135,-4.8027353,-15.909525,80.22432,5.6166096,-19.208193,80.13642,-22.72514
10.641461,211.77231,15.054765,13.623102,215.11499,12.475973,6.9095407,215.04326,13.3895645,16.825293,214.09534,1.9016502,0.577708,213.70575,4.944052,25.101318,196.05923,-6.12302,-10.843789,199.7453,-3.3582127,35.912594,172.46288,-13.522301,-34.796055,188.68935,2.0204206,47.367134,151.84401,-19.087233,-49.952374,180.22711,19.449507,8.971268,145.49934,-6.896207,-12.559067,148.05873,-11.8650055,-4.4767723,113.40594,12.079676,-19.18574,111.42036,-4.389904,-18.20892,79.515755,9.52245,-15.906706,81.36924,-25.596172
10.194462,211.11754,15.431305,12.9435005,214.6119,12.805783,6.251242,214.15767,13.820605,16.454628,213.20866,2.264687,0.19775482,212.85257,5.164781,25.328074,195.53343,-4.7789855,-10.68971,199.12706,-4.073916,37.9836,173.71536,-14.2782545,-36.12847,191.66986,0.15193807,51.493412,154.78783,-21.369017,-52.786697,186.53085,17.363626,9.401092,144.80594,-4.750239,-11.568171,147.25557,-11.371322,-5.79856,112.34757,13.162845,-19.348747,110.76441,-4.320787,-21.016657,78.53924,12.3965645,-12.910752,82.251175,-27.619616
9.501511,210.29419,15.842838,12.331577,213.722,13.21351,5.6225967,213.38757,14.178907,16.14824,212.30836,2.8401842,-0.15500894,211.91321,5.3093934,25.196524,194.7426,-3.5316093,-10.672756,198.44098,-4.638601,40.178886,175.11186,-14.55921,-36.99918,194.08998,-2.3337274,55.044357,158.07181,-23.276884,-55.057327,192.30206,14.095095,9.351146,143.78552,-2.708627,-11.04644,146.10585,-10.234844,-7.059226,111.11768,14.6757555,-19.196669,109.52895,-4.438776,-23.28479,77.282646,14.52016,-9.903441,82.554985,-28.953566
9.073526,209.12195,16.13239,11.929995,212.54578,13.516744,5.2296686,212.30971,14.537024,15.876138,211.18208,3.2737436,-0.5084955,210.61766,5.525982,25.102392,193.83244,-2.4572325,-10.50519,197.10368,-4.6897163,41.948456,176.58707,-14.463042,-37.075844,195.72125,-4.470469,58.00513,161.57736,-24.411488,-56.951504,197.19193,9.498047,9.195231,142.22252,-0.541999,-10.877098,144.57494,-9.1249075,-8.353563,109.61159,16.255909,-19.617392,108.073906,-4.4487348,-24.820093,75.67164,15.381252,-7.651357,82.579384,-29.513502
8.600266,207.57585,16.590845,11.527416,211.02853,14.111327,4.792011,210.75943,14.934943,15.564051,209.55954,3.7663236,-0.8060999,208.98506,5.8019695,24.853392,192.96875,-1.3694695,-10.172966,195.7744,-4.1332784,43.34381,178.18782,-14.031313,-36.274895,196.86671,-7.530569,60.306267,164.91776,-24.62936,-58.007683,200.02249,2.2321103,8.978764,140.63171,1.5287485,-10.75929,142.9908,-7.7086225,-9.487602,108.20379,18.088755,-20.405733,106.50184,-4.4974246,-26.0348,74.28073,16.098486,-6.01691,81.672325,-29.25347
8.094323,206.13779,16.915071,10.891759,209.68814,14.411109,4.174231,209.15018,15.194637,15.369723,208.13449,4.2893353,-1.0665625,207.43333,5.835281,24.716827,192.11781,-0.5285766,-9.970986,194.17169,-4.350448,44.324924,179.34602,-13.416893,-35.52231,197.5038,-10.398026,62.255737,168.1732,-24.563334,-57.29018,203.42334,-1.7558365,8.44173,138.98389,3.1550596,-10.796976,141.50461,-6.932405,-10.803489,106.91723,19.502575,-21.1009,104.8864,-4.592071,-26.978048,73.124954,15.833062,-4.7398005,80.52665,-28.59854
7.397673,204.94608,17.381222,10.135717,208.4374,14.744144,3.4263675,207.8377,15.578548,14.7972765,206.98018,4.816777,-1.5672396,205.80348,6.1445117,24.423006,191.22557,0.53972256,-9.408875,192.63152,-4.446403,45.01567,180.37975,-12.540194,-34.168354,197.03952,-13.069584,63.79892,171.04877,-24.095375,-56.19066,205.02016,-7.3364635,8.114815,137.91472,4.6469083,-10.503106,140.09222,-6.3066573,-12.019589,106.192535,20.619562,-21.555143,103.83285,-4.531959,-27.719881,72.558174,15.606567,-3.976598,79.31835,-27.751328
6.917354,203.96548,17.754938,9.6759815,207.47871,15.153131,2.9602847,206.84251,15.897331,14.325109,206.01918,5.2555003,-2.0265956,204.5707,6.4769845,24.14932,190.48225,1.6902729,-9.13495,191.61806,-4.9083934,45.3959,181.18501,-11.491295,-32.93418,195.75278,-15.654409,64.78363,173.2433,-23.048227,-55.175896,205.11673,-12.778995,7.7606106,137.11931,6.005415,-10.437672,139.32753,-5.7174654,-13.267936,105.78258,21.275846,-21.735394,103.19132,-4.17353,-27.806221,72.36667,15.378403,-3.449342,78.74382,-27.115507
6.4196362,203.7423,18.225729,9.218694,207.06981,15.436183,2.492701,206.44283,16.0745,13.892331,205.83983,5.743495,-2.465511,204.41296,6.9048157,23.77562,190.26617,2.8787878,-8.611953,190.99805,-5.9144087,45.30308,182.00943,-10.41503,-31.758167,194.1165,-18.319952,65.26646,174.5174,-21.249496,-54.22976,203.84998,-17.648684,7.1222606,136.40448,7.5535374,-10.138457,138.2824,-5.6328692,-13.815658,105.21589,21.7233,-21.511177,102.51022,-4.0120997,-27.89289,72.09062,15.481679,-3.0672064,78.51319,-26.829489
5.6745095,204.13539,18.86805,8.370346,207.45985,15.974862,1.6622325,206.62886,16.635931,13.265219,206.20949,6.4555483,-3.1217713,204.52419,7.4605966,23.593409,190.49841,4.178679,-7.9716206,190.76607,-6.953123,45.10843,181.78604,-8.484607,-30.592867,191.78058,-20.68242,65.14949,174.3283,-19.077675,-53.285465,201.39752,-22.539371,7.0976224,136.23543,8.115831,-9.417857,137.95157,-6.0366235,-13.991153,105.29352,21.424625,-20.852215,102.562164,-3.9974627,-27.6617,72.127655,15.582638,-3.0266113,78.45872,-26.925478
4.8065085,204.61928,19.256277,7.487852,208.01207,16.433283,0.77852744,207.14883,17.083174,12.578894,206.82025,7.027303,-3.8592856,205.12444,7.7369146,23.196093,191.15295,5.504834,-7.6123586,190.8805,-7.555659,44.811726,181.37044,-6.453148,-30.034685,189.85155,-21.592438,64.95017,173.36118,-16.570065,-52.368805,198.11046,-26.373804,7.5208025,136.3188,8.1683035,-8.211853,137.93631,-6.8442492,-13.595716,105.39427,20.273865,-20.342121,103.295555,-4.289424,-26.958447,72.05679,15.467872,-3.1473026,78.85566,-27.27304
3.7691407,205.42119,19.9848,6.3837094,208.83676,17.12257,-0.28376994,207.58646,17.492733,11.575533,207.57104,7.7465024,-4.7977304,205.6572,8.411942,22.780886,191.90234,6.8646507,-7.7448444,191.07861,-8.147153,44.371403,180.72404,-4.0709853,-27.75632,185.94519,-25.026512,64.61003,171.38712,-13.251469,-51.375786,193.45988,-29.029844,8.3291025,137.00822,7.29347,-7.1353254,138.60005,-7.5502195,-12.706721,105.49873,18.498327,-19.732786,104.062675,-4.3481402,-26.50512,72.228935,15.719989,-3.7814,79.24029,-27.710659
2.2018065,205.56969,20.392193,4.9729156,209.16846,17.927475,-1.7070063,208.00473,17.909359,10.335963,208.29398,8.47214,-6.007871,206.32465,8.600726,22.094744,192.63757,8.034209,-7.776771,191.62685,-8.370022,43.54961,179.96152,-1.7229863,-25.229506,182.47661,-26.686653,63.823734,169.18681,-9.546978,-49.275078,187.79086,-32.681458,9.546515,137.85173,6.2332244,-6.0024753,139.47435,-8.313478,-11.299451,105.9372,16.457312,-19.022522,105.2012,-4.6158414,-25.908396,72.45922,15.922628,-4.29621,79.65492,-28.01185
0.82409847,206.11327,20.641626,3.5896652,209.8013,18.309574,-3.0553079,208.46255,18.03696,9.009001,209.10419,8.810533,-7.3680425,206.77562,8.816005,21.422382,193.49205,9.183474,-8.118988,191.85202,-8.470208,42.48495,179.10529,0.8490415,-22.849232,179.2086,-27.283466,62.465744,166.59494,-5.509591,-46.66819,180.8561,-35.638733,10.888389,138.8335,4.800497,-4.9325285,140.45668,-9.366927,-9.546323,106.45295,14.990518,-18.229733,106.261734,-5.287895,-24.818098,73.10558,15.59781,-5.097791,79.70299,-28.479216
-0.47022983,206.0647,20.688818,2.1330202,209.95541,18.481804,-4.4442415,208.34859,18.160812,7.931851,209.17407,9.015472,-8.41787,206.77267,8.705932,20.829243,193.93896,10.000414,-8.378868,191.62897,-9.063101,41.304188,177.95602,3.4660006,-21.170069,175.71878,-27.093132,60.802757,164.0887,-1.1528177,-43.765255,172.45786,-37.713787,12.270393,139.3506,3.5032115,-3.852399,141.00073,-10.412654,-8.136153,107.13768,14.12372,-17.561075,107.16216,-6.013328,-22.986198,73.56365,14.086785,-6.089094,79.61844,-28.784151
-1.7823313,205.58875,20.62616,0.7658061,209.5563,18.506138,-5.794631,207.87299,18.157965,6.722556,208.62543,8.987792,-9.620453,206.18462,8.545,20.09442,194.01942,10.668096,-8.800368,191.10464,-9.569489,40.13385,176.63312,6.3674045,-19.148464,173.47452,-27.707672,58.697315,161.31781,4.006347,-40.06388,165.36884,-39.111206,13.483328,139.85547,2.3989027,-2.7916315,141.27528,-11.385798,-7.301113,108.231255,14.266016,-16.960196,107.59506,-6.7297063,-20.316027,74.2516,11.077775,-7.3181763,79.166626,-29.103724
-2.944776,204.72287,20.268995,-0.289834,208.6986,18.281918,-6.8536205,207.10635,17.731565,5.482577,208.14319,8.728218,-10.75657,205.30293,8.209617,19.339672,193.65045,11.219163,-9.362844,190.07556,-10.003477,38.64574,175.04475,9.423505,-17.342705,171.1389,-27.92357,56.31875,158.37433,9.377681,-36.330868,159.11179,-39.208134,14.406406,139.99385,1.5258845,-1.7350342,141.18745,-12.595117,-6.5811334,109.54042,15.157346,-16.606739,107.752464,-7.4187064,-16.966322,75.46933,6.6871076,-8.422703,78.551285,-29.461996
-4.0758395,204.00055,19.803762,-1.5163598,207.92334,17.607733,-8.074886,206.25243,17.280577,4.59356,207.19751,8.35273,-11.671983,204.17117,7.6170344,18.61646,192.79259,11.492319,-9.734462,188.48708,-10.826281,37.434826,173.9152,12.787859,-16.15303,167.88678,-27.77999,53.763374,156.3011,15.287862,-32.749786,152.97292,-39.15089,14.951423,139.88815,1.1089947,-0.8485143,140.63843,-13.555345,-5.7522774,110.783165,16.362576,-16.469898,107.61936,-8.064922,-12.495493,78.21641,1.6654603,-9.817108,77.94732,-29.989481
-5.1978226,202.7807,19.115446,-2.684257,206.75296,16.94953,-9.204283,204.94305,16.533651,3.501005,206.08693,7.7212887,-12.690698,202.8673,6.878344,17.681227,191.42163,11.661436,-9.894817,186.5901,-11.528242,35.81306,172.30017,15.879893,-15.063138,164.78311,-27.223711,50.93849,154.34009,21.911243,-28.821833,147.40376,-38.84885,15.225061,139.59026,0.9381555,-0.0079324385,140.08957,-14.596282,-4.7769,111.27817,17.460495,-16.392975,107.125946,-9.134827,-7.8069916,81.33875,-3.0222833,-10.617201,77.14076,-30.69529
-6.0704956,201.36357,18.31373,-3.4804728,205.33481,16.234142,-9.983038,203.53838,15.59341,2.659616,204.97615,7.058656,-13.372152,201.20378,5.949094,17.136536,190.00589,11.287978,-10.0961,184.67284,-12.24045,33.528255,170.74953,19.358152,-14.044782,161.62738,-26.774532,47.03175,152.57559,28.258667,-25.515526,142.18813,-37.591366,15.467673,138.91205,0.6894593,0.08390063,139.07814,-15.036347,-3.9022677,111.33996,18.093765,-16.46008,106.154465,-10.366562,-2.704641,84.80078,-7.1436667,-10.278177,76.19087,-31.68413
-6.7539206,200.14859,17.440668,-4.2717257,204.22412,15.438156,-10.695929,202.18172,14.665405,2.3550518,203.96642,6.549248,-13.549993,199.70879,4.84868,16.651018,188.67514,10.839907,-9.93958,182.64615,-12.88711,30.775667,169.13702,22.51389,-13.227659,158.55765,-26.129515,42.14424,151.31319,34.567947,-22.974379,137.67363,-35.78535,15.872092,138.1479,-0.319594,0.24559982,137.91167,-15.522368,-2.7770104,111.07088,18.402351,-16.878187,104.975685,-11.5831785,3.6519353,89.816986,-10.780526,-10.627221,74.86044,-32.25861
-6.962252,198.9543,16.44962,-4.5647397,203.10048,14.486867,-10.922841,200.90306,13.641794,2.321595,202.88936,5.7563634,-13.562233,198.60703,3.7372513,16.114769,187.71902,10.208555,-9.751366,181.19948,-13.490445,27.646336,168.12752,24.89654,-12.448433,156.08124,-25.292364,37.024574,151.26314,39.765324,-21.022223,133.82439,-33.053852,16.379103,137.24843,-1.3744702,0.17056052,136.615,-16.086256,-1.0560794,110.195175,18.652775,-17.435583,103.74335,-12.524381,9.093456,94.428406,-13.040972,-11.024642,73.640335,-32.73235
-6.7865834,198.2589,15.5222225,-4.4147,202.43098,13.5826025,-10.741009,200.17355,12.674866,2.4432626,202.16075,4.7771435,-13.456204,197.89767,2.8082898,15.524391,187.35754,9.379765,-9.185367,180.25725,-14.272966,24.05703,168.75374,26.862865,-11.531864,154.38553,-24.464573,29.2882,152.9067,44.364235,-19.976137,131.3536,-29.841703,16.904373,136.84425,-2.3895786,0.45534196,135.77397,-16.666378,1.6624571,109.16725,18.65631,-17.94755,103.174614,-13.302505,14.977251,99.677376,-14.413276,-11.272893,73.016235,-33.27732
-6.447236,197.92975,14.688088,-4.157833,202.11618,12.688053,-10.521765,199.87268,12.025166,2.7933035,202.05823,4.016347,-13.07624,197.73953,1.9943407,15.096053,187.15701,9.337421,-8.754809,179.71094,-15.158543,19.742092,168.83441,28.5441,-10.717607,153.2824,-23.418322,20.512661,154.41745,48.05286,-18.769793,129.69495,-26.69929,17.767773,136.42775,-3.2493427,1.1896586,135.27869,-17.56593,4.985032,108.19168,18.12144,-17.812128,103.19459,-14.136187,20.17676,103.8359,-15.294317,-12.005923,72.40107,-33.945885
-5.844667,198.24478,13.743879,-3.641024,202.43634,11.658341,-9.959335,200.0391,11.04804,3.4808974,202.27681,3.0803933,-12.438243,198.07465,1.0289302,14.619055,186.99579,9.5531645,-7.941635,179.85878,-16.068773,14.914825,168.97029,29.725458,-9.728388,152.86882,-22.942331,11.305842,156.592,50.259434,-17.975542,129.15402,-22.946877,18.770046,136.49525,-3.9447746,2.1128418,135.16586,-18.096615,8.818114,108.005875,18.525187,-17.454092,103.454956,-15.115104,23.9006,105.97541,-14.902113,-12.939295,72.38563,-34.60624
-5.4338126,198.67383,12.995917,-3.1383731,202.90025,11.078948,-9.447479,200.57245,10.223347,3.9800816,203.14037,2.6073773,-11.846039,198.68024,0.2180145,15.018808,187.55168,9.6677475,-7.2725887,180.45862,-16.714,11.03082,169.66298,29.806057,-8.87084,153.23824,-22.377655,2.2664678,159.65524,50.14566,-17.552382,129.89726,-19.267096,19.723015,136.9187,-3.9423609,2.7608838,135.50305,-18.390877,12.152935,108.385796,19.323217,-16.821066,103.82958,-15.823863,27.508753,108.94236,-14.336297,-14.059185,72.627846,-35.214138
-5.088724,199.5766,12.727804,-2.7805698,203.78761,10.807592,-9.091027,201.45813,9.927959,4.394907,204.20572,2.4450083,-11.364238,199.75677,-0.11431464,15.245217,188.69464,9.495285,-6.6844172,181.82259,-17.086214,8.106643,171.3766,29.20959,-8.311796,154.50105,-21.19517,-6.107747,163.94566,47.695927,-17.226511,131.6963,-15.799006,20.372684,138.05333,-3.8157334,3.4579256,136.49048,-18.252987,16.00795,108.824776,19.5957,-16.12955,104.749245,-15.987063,30.46161,110.030266,-14.196475,-15.262355,73.11718,-35.4579
-4.9313564,200.62471,12.612871,-2.659247,204.9175,10.82353,-8.960586,202.56586,9.898138,4.612106,205.4928,2.4855108,-11.201358,201.28177,-0.18786465,15.195733,189.99763,9.389257,-6.379814,183.36923,-17.262115,5.4801474,172.9139,28.213467,-7.791828,156.08347,-20.18253,-12.640369,168.13419,44.02402,-17.085443,134.27512,-12.003601,20.94516,139.49286,-3.5119061,4.3864694,137.80408,-18.049341,19.48562,109.946594,20.007599,-14.83218,105.82231,-16.54325,32.827465,110.09103,-14.21025,-16.450518,73.73958,-35.50354
-4.8442097,202.16156,12.83408,-2.527492,206.40028,10.966525,-8.821073,204.05191,10.006428,4.7712326,206.91016,2.735112,-11.039616,202.78632,-0.026815206,14.872633,191.42595,9.616238,-5.9210196,185.3435,-17.321953,2.814572,174.47667,27.074385,-7.3822374,158.22308,-19.42154,-18.1124,171.36781,39.722244,-17.238256,138.0613,-8.713329,21.806608,140.93742,-3.2313826,5.14337,139.21074,-17.76715,22.42626,111.366196,20.110928,-13.282828,106.713684,-16.751295,34.92415,109.67619,-14.623372,-17.589695,74.5031,-35.209103
-4.8190994,203.83237,13.346836,-2.409563,207.87453,11.2013,-8.72715,205.55945,10.314687,4.9423995,208.07921,3.1573234,-10.936152,204.18144,0.41438898,14.59714,192.89621,10.0374775,-5.796833,187.19733,-16.891706,0.370827,175.45537,25.281412,-7.3201942,160.16936,-18.82098,-22.927216,174.67383,33.66612,-17.619543,141.96606,-5.063565,22.953636,142.51808,-2.9402077,6.1510863,140.66104,-17.290953,24.979683,112.84251,20.119799,-11.807114,107.89604,-17.127245,36.897602,108.19768,-14.76695,-18.52951,75.49804,-34.637737
-5.091966,204.9921,13.579301,-2.6606889,209.12056,11.62219,-8.991888,206.87929,10.642181,4.909659,209.24864,3.6945195,-10.96764,205.47668,0.5975572,14.423339,194.33257,10.334445,-5.944871,188.63031,-16.372166,-1.6754305,176.63608,23.142265,-7.561285,161.58693,-17.3231,-26.088085,177.63057,25.636398,-18.06387,145.38153,-1.3146236,24.06899,144.01122,-2.6930022,7.1724596,142.14899,-17.159529,27.349466,114.12898,19.969275,-10.770493,109.45677,-17.065926,38.854637,106.21474,-14.035548,-18.962336,76.72928,-33.25424
-5.448043,206.10202,14.115851,-2.9573677,210.19684,12.168153,-9.281668,207.96094,11.077655,4.637753,210.23247,4.238882,-11.265185,206.53162,1.1002501,14.119075,195.60599,10.862115,-6.1126423,189.83035,-15.732987,-3.4403167,177.6693,21.008244,-7.4548573,162.78818,-16.306122,-27.685751,180.24092,18.21469,-18.912956,148.79456,0.9367044,24.818752,145.3205,-2.5238929,8.061176,143.47739,-16.971703,28.723251,114.923004,19.63117,-10.144838,110.922264,-16.960865,41.117043,103.361755,-12.885833,-18.773422,77.70035,-31.97231
-5.7319183,207.10098,14.694979,-3.2536674,211.12021,12.592995,-9.544941,208.79948,11.527047,4.4809947,210.88383,4.7798214,-11.417596,207.33125,1.5760646,13.605344,196.56783,11.141431,-6.1973166,190.6791,-15.438229,-5.2092357,178.73798,18.743628,-7.942633,163.88667,-15.35428,-28.467646,181.9747,12.061192,-19.42221,152.42023,3.5168555,25.43433,146.62856,-2.4384148,8.595153,144.58116,-16.917526,29.697798,115.713005,19.020966,-9.8116455,112.291,-16.49884,43.02295,100.66346,-11.9369545,-17.837757,78.78993,-31.070728
-6.1626625,207.51785,14.950833,-3.661459,211.63972,13.063251,-9.955945,209.39674,11.870564,4.119368,211.49307,5.2134438,-11.673962,207.70016,1.7934759,13.1776085,197.3364,11.36748,-6.750325,191.28966,-14.7788315,-6.5597873,179.66472,16.484285,-8.534985,164.37996,-14.079498,-28.10826,183.02617,5.8143435,-19.688839,155.84698,6.174615,25.834085,147.54951,-2.4955504,8.914779,145.36926,-17.114178,30.399273,116.18483,18.307348,-9.822193,113.42804,-15.952853,44.791115,97.58806,-10.284956,-16.317812,79.74782,-30.33377
-6.5989914,207.71034,15.341888,-3.9789765,211.7832,13.5226755,-10.382943,209.81068,12.397541,3.803629,211.55022,5.681289,-12.027595,207.92085,2.1238563,12.715426,197.73988,11.805444,-6.885109,191.684,-14.392528,-7.451536,180.17867,13.986956,-9.621136,164.65752,-12.636543,-26.8071,183.41364,-0.23038396,-21.060406,159.11823,8.620353,25.964565,148.08226,-2.6640193,9.152124,145.99458,-17.65903,30.833118,116.14913,17.299463,-10.19668,114.46646,-15.2715845,46.798717,94.51407,-8.534642,-14.25711,80.53158,-29.390736
-7.185801,207.68341,15.713839,-4.548302,211.81001,14.0436125,-10.875225,209.7735,12.650393,3.271297,211.41267,6.061628,-12.482001,207.8131,2.423995,12.20608,197.64862,12.11115,-7.0694065,191.94432,-13.99106,-8.0610695,180.17593,11.823292,-10.138477,165.04118,-11.439574,-25.641266,183.2342,-4.536409,-22.457045,163.2399,9.753725,26.031734,148.25401,-2.8259904,9.442558,146.34796,-18.138233,31.261621,115.72571,16.097948,-10.357546,115.16027,-15.01604,48.45298,91.56069,-6.532785,-11.850132,80.61519,-28.199488
-7.668025,207.37189,15.899329,-4.9782186,211.4932,14.301642,-11.359027,209.60204,12.937043,2.888639,211.2134,6.365402,-12.855016,207.61478,2.5605612,11.427431,197.22372,12.728995,-7.242349,191.57436,-14.060107,-8.252981,179.39839,9.72294,-10.839631,164.92326,-10.434209,-25.344135,182.06119,-7.163715,-22.977114,166.02,10.872344,26.027554,148.38898,-3.038592,9.560717,146.64758,-18.910244,31.562319,115.16095,14.717532,-10.509166,115.51965,-14.96068,49.909092,88.601166,-4.462575,-9.350091,80.57515,-27.075668
-8.219617,206.8596,16.019197,-5.3900666,210.8551,14.341674,-11.807393,209.12129,12.957023,2.508852,210.43933,6.6127677,-13.201465,207.0579,2.6066623,10.497563,196.65019,12.923976,-7.462528,191.4238,-14.16893,-8.239757,178.17601,8.005192,-11.818329,165.03294,-9.873709,-25.509325,180.1084,-8.334262,-22.757254,167.97548,11.753281,26.02947,148.00395,-3.4997299,9.590057,146.65425,-19.574944,31.979876,114.26108,13.261264,-10.442636,115.75618,-15.03981,51.1634,85.93668,-2.1806495,-6.920847,80.56449,-25.809002
-8.921438,206.11761,15.882913,-6.0219903,210.05115,14.175331,-12.492977,208.47418,12.86823,2.0885744,209.4443,6.7281876,-13.634776,206.51437,2.3943675,9.153697,195.5097,13.23483,-7.4972105,191.1196,-14.333376,-8.152964,175.62004,7.4166346,-12.107568,164.82521,-9.345283,-24.91165,177.80377,-9.480452,-22.401558,169.40715,12.494866,25.728651,147.48848,-3.8031635,9.791621,146.27371,-20.35788,32.209084,113.15497,11.827479,-10.237246,115.24142,-15.208832,52.05962,83.315475,0.14524272,-4.65187,80.12778,-24.639095
-9.685251,205.18567,15.639865,-6.697035,208.95038,13.721591,-13.217956,207.51274,12.551999,1.516829,208.37302,6.6816254,-14.143574,205.39981,2.074075,7.8506713,193.95049,13.240095,-7.509771,190.55582,-14.7592,-7.870115,172.28638,6.8606052,-12.15644,164.32817,-8.864938,-24.639057,175.37753,-9.71009,-21.65855,169.47984,13.269535,25.383005,146.51265,-3.950714,9.9305935,145.62636,-21.172737,32.56891,111.93903,10.958841,-10.0631275,114.4354,-15.276871,52.71793,80.840744,2.5123794,-2.3270628,79.41181,-23.776062
-10.467158,204.21489,15.296096,-7.383588,207.81468,13.219909,-13.898557,206.39893,11.99704,0.9708924,207.29854,6.5718536,-14.546592,204.19225,1.6115226,6.8186955,192.5487,13.205255,-7.5871253,189.95477,-15.431211,-6.881756,169.18962,6.950268,-12.021196,164.17522,-8.462704,-24.915466,172.363,-7.9791417,-21.296303,168.55573,13.83299,24.977703,145.49094,-4.418948,9.884253,144.66327,-21.758064,32.784733,110.54547,9.830752,-9.611815,113.25661,-15.443281,53.407204,78.78169,4.5183315,-0.23392479,78.24705,-23.540665
-11.026777,202.78078,14.884383,-7.937761,206.47412,12.992522,-14.406527,205.04898,11.5852585,0.66692966,205.72525,6.462514,-14.766249,202.76077,1.110851,6.281216,191.1776,12.957286,-7.358201,189.13875,-15.916766,-6.561491,167.32289,7.358957,-11.853779,163.73929,-8.731003,-25.475456,169.6434,-6.6834946,-20.937147,166.35165,13.957772,24.487526,144.16772,-4.515555,9.846868,143.38866,-22.04613,32.846104,109.13772,9.293271,-9.32593,111.734436,-15.4639845,53.987713,77.21733,6.381165,1.5329632,77.14314,-23.627048
-11.423173,201.38884,14.415392,-8.382106,205.14728,12.576688,-14.831031,203.63475,11.133773,0.523239,204.28116,6.280674,-14.711149,201.36037,0.4982782,6.231435,189.59258,12.77165,-7.323431,187.46176,-16.047089,-6.831275,165.75371,8.500583,-11.889693,161.80132,-9.135853,-25.992523,166.87128,-5.3517313,-21.014565,163.5838,13.827315,24.257223,142.40427,-4.4006176,9.897014,141.69919,-21.922802,33.05547,107.411446,9.18058,-9.005229,109.97822,-15.324224,54.74892,75.859825,7.2849126,2.6908717,75.73549,-24.287529
-11.486865,200.14914,13.950869,-8.398186,203.88846,12.15583,-14.85669,202.46225,10.679313,0.4665464,203.06564,5.8642254,-14.749196,200.19398,0.030458914,6.314657,188.40489,12.463039,-7.506273,185.57228,-16.297272,-6.927778,164.2482,9.521268,-11.4909935,159.72888,-9.176209,-26.885395,163.41595,-4.0039077,-21.183775,159.92076,13.424873,24.27484,140.82327,-4.2017655,10.0212555,140.05132,-21.749685,33.26574,106.07538,9.379515,-8.786538,108.5721,-14.822692,55.27989,74.70475,7.655411,2.6487641,74.664185,-24.87327
-11.218882,198.80402,13.479958,-8.201189,202.707,11.917666,-14.624391,201.2479,10.337024,0.45332074,202.04999,5.1234183,-14.872831,199.07619,-0.34002197,6.7638636,187.17476,12.214835,-7.7927327,184.21512,-16.964865,-6.4192996,163.07242,10.692687,-10.711335,158.27063,-9.963674,-26.706478,158.79326,-1.329011,-20.932667,155.23291,12.317821,24.156334,139.48216,-3.8105,10.006405,138.65227,-21.731298,33.088764,104.78681,9.661842,-9.192079,107.830124,-13.809119,54.860085,73.76659,7.189264,1.3431078,74.60025,-24.986027
-11.123166,197.88965,12.761856,-8.112082,201.84982,11.34541,-14.514008,200.39305,9.657434,0.39545584,201.3709,4.3343472,-15.012176,198.4154,-1.0084927,7.083437,186.99408,11.283062,-8.536932,183.0714,-17.335917,-5.2653065,162.7534,11.07651,-9.931947,157.00925,-10.109654,-25.083523,153.61198,1.9376595,-18.507496,151.22522,12.408091,23.831614,138.86473,-3.8702776,9.201141,137.86414,-21.800543,32.61203,104.09317,9.674095,-10.156676,107.72275,-12.006732,53.67991,73.082306,6.2828484,-0.56027484,74.96092,-24.629698
-10.929715,197.55478,11.983582,-7.8683257,201.408,10.401367,-14.326927,200.02327,8.858905,0.2882036,201.45818,3.3062863,-15.197744,198.19455,-1.6635811,7.53899,187.41211,10.250406,-9.54671,182.44846,-17.96065,-3.7215757,162.86316,12.002825,-10.415963,156.46118,-10.118578,-22.575829,149.6161,6.275486,-15.967907,147.37596,12.331588,23.56229,138.96283,-4.5319877,7.8354483,137.94229,-21.743082,31.801414,103.9304,9.172805,-10.666363,108.0012,-9.563568,52.263844,72.62941,5.371696,-2.0731294,75.89379,-24.373499
-10.635796,197.88725,11.308372,-7.624496,201.64632,9.434608,-14.140501,200.22745,8.203631,0.26045948,201.8165,2.220855,-15.35044,198.56274,-2.186636,8.194297,188.35257,8.867429,-10.493984,182.34972,-18.037674,-2.4803803,164.19524,13.31931,-11.299719,156.3187,-9.907789,-19.236668,147.06969,9.9667845,-14.861306,143.26357,11.030055,23.195875,139.59612,-5.346268,6.6567936,138.49124,-21.47119,30.824738,104.36537,8.459526,-10.587854,108.67051,-7.0255566,50.673763,72.55055,4.523775,-3.0947804,77.30677,-23.35923
-10.487732,198.74307,10.786583,-7.6012073,202.50485,8.723914,-14.117706,200.94345,7.7236843,0.06750773,203.0042,1.4261006,-15.609821,199.68709,-2.5732894,8.712071,189.72595,7.528927,-11.787487,182.8395,-18.084223,-0.669611,165.63458,15.032361,-12.13384,156.85545,-10.012195,-16.027803,146.98111,14.955296,-14.772006,140.22493,8.280552,23.11522,140.40578,-6.6895447,5.4047184,139.17828,-21.265347,30.138773,105.121925,7.532578,-10.093249,109.43711,-4.610913,48.855656,72.72659,3.4701858,-2.993484,78.72281,-22.22467
-10.727874,200.00359,10.268702,-7.967264,203.90993,8.308571,-14.504882,202.33734,7.496623,-0.51382893,204.49089,0.64901626,-16.342083,201.25804,-2.8553164,8.792343,191.55226,5.767505,-13.440013,183.70929,-17.543827,1.9460235,168.25426,17.35492,-12.886719,157.30084,-10.3930235,-12.26199,149.40619,21.656416,-14.921708,137.29376,4.690926,23.274942,141.84593,-9.388861,3.8063016,140.22382,-20.874825,29.769974,106.58645,5.754432,-9.142389,110.25577,-2.3251927,47.078594,73.00667,2.6084087,-1.9594272,80.12501,-21.174475
-11.279518,201.4017,9.848398,-8.6902075,205.65933,8.446653,-15.114675,203.8307,7.247846,-1.3773681,206.30682,0.128251,-17.283009,203.0722,-3.060194,9.231062,193.84174,3.59104,-15.191882,184.29271,-17.012468,4.8674927,172.40567,19.314161,-14.562716,157.37852,-10.707713,-6.7469006,154.09636,29.31643,-15.644736,134.77495,0.837822,22.635008,143.31001,-11.6281595,2.004566,141.19754,-20.896458,29.816357,108.02815,3.3152344,-7.8985085,111.47032,-0.4134186,45.07499,73.34609,1.3713602,0.16004513,81.94956,-19.698784
-12.062648,202.9347,9.802757,-9.271014,206.94536,8.097012,-15.803565,205.44347,7.1324024,-2.1964734,208.0763,0.217801,-18.088236,204.83983,-3.0752609,9.138312,195.77243,2.1561654,-17.01611,185.29073,-15.770305,7.766488,176.6813,21.486473,-16.2481,157.75839,-11.644628,-0.57964057,159.61595,36.42709,-17.21177,133.70107,-3.5104065,21.698236,144.76831,-13.369016,0.5956154,142.35446,-20.90235,29.880472,109.450264,0.49755347,-6.322635,112.53753,0.8311183,42.78349,73.80218,-0.21557151,2.9375756,83.08436,-18.160835
-12.679208,204.7615,10.244479,-9.8986435,208.63254,8.238586,-16.434637,207.06332,7.4139724,-2.8494127,209.44193,0.37625295,-18.875029,206.45389,-2.5834866,8.855475,197.49055,0.82984626,-18.846203,186.44083,-14.172337,10.605725,181.43759,22.850212,-17.971691,158.58678,-12.353341,4.9834833,166.84198,41.29075,-18.854681,133.63785,-7.9581103,20.908304,146.1187,-14.840761,-0.69781965,143.58487,-20.363111,29.80399,110.518456,-2.1157606,-4.59724,113.482025,2.0700855,40.764496,74.273445,-2.6308038,5.7830906,83.601295,-16.296473
-13.476166,206.18333,10.7275305,-10.625475,210.17682,9.094893,-17.145905,208.65074,7.9368863,-3.6831577,210.62062,0.7114658,-19.793016,207.87157,-2.075159,8.034124,199.20529,-0.53782916,-20.840006,187.30511,-12.816498,14.374694,188.85022,23.44816,-19.789383,159.56264,-13.202859,12.413577,178.38419,45.240402,-20.618378,134.32912,-11.824668,19.785124,146.92693,-16.064339,-2.1265063,144.31917,-18.85054,29.332947,111.02739,-4.436828,-3.2179663,113.92871,3.0194101,38.928673,74.699326,-6.288414,8.4468155,83.90556,-14.081614
-14.280991,207.26212,11.694036,-11.426167,211.04901,9.626714,-18.056108,209.75214,9.067465,-4.7286983,211.4577,1.383237,-20.860025,208.72716,-1.0132834,7.391014,200.94173,-0.8252179,-22.642342,187.63388,-11.202752,19.320349,195.68826,23.035463,-21.804754,160.42331,-13.716746,19.239283,189.52737,46.644596,-22.627262,135.48125,-14.977865,18.50571,148.1668,-16.476099,-3.3263946,144.97844,-17.91295,28.481707,111.59591,-6.8853,-1.4460062,113.880775,3.6331878,37.1258,75.49716,-11.284882,11.134882,82.95656,-10.789602
-14.78798,207.75691,12.698107,-11.83563,211.5942,10.873112,-18.49674,210.47592,10.202525,-5.4317746,212.21944,2.3334482,-21.551847,209.18001,0.12142432,6.557774,202.12302,-1.4657592,-24.020264,188.12004,-9.032858,19.937315,202.50824,22.187368,-23.868551,161.1608,-14.187104,27.72097,202.28398,45.287853,-24.497574,136.41658,-17.722523,17.215904,149.36064,-16.52462,-4.4308352,145.46994,-16.332722,27.44789,112.38915,-8.38327,0.7509536,113.9439,4.2859454,35.68437,77.063835,-16.655367,13.606022,81.80834,-7.685561
-14.9470825,208.21432,14.073192,-11.884355,211.927,12.171571,-18.592216,211.06248,11.635305,-5.80193,212.62762,3.50585,-21.926054,209.68547,1.6156732,5.957881,203.03506,-1.7727356,-25.020496,188.18901,-7.299837,20.672495,209.20422,20.22155,-25.176266,162.15392,-14.416145,32.723362,214.47296,41.07532,-26.613096,138.05028,-19.626362,16.004454,149.9703,-16.055637,-5.2401624,145.5223,-14.3827915,26.47309,112.80907,-9.237714,2.9284186,113.4659,5.555614,34.520042,78.857994,-22.716618,15.921915,80.55174,-4.346234
-14.779539,207.88573,15.257676,-11.844782,211.62906,13.213902,-18.580107,210.88554,13.268743,-5.8284683,212.40999,4.5828032,-22.136936,209.98727,3.1365604,5.553911,203.59372,-1.8390633,-25.510284,188.44917,-5.1318645,21.272642,214.29948,17.755804,-26.66094,162.90121,-14.374563,34.55604,223.91002,36.36733,-28.057564,139.35432,-21.171278,15.092261,150.17982,-14.98016,-5.9153657,145.33517,-12.327373,26.256033,113.08465,-9.989049,5.0868506,112.884026,6.337902,33.70435,81.52417,-29.054785,17.791897,79.09757,-1.0525855
-14.472184,207.92384,16.679733,-11.503353,211.64148,14.646782,-18.250038,210.96928,14.717952,-5.7698956,212.14845,5.6108923,-22.082567,209.77045,4.676298,5.0916276,203.84665,-1.5160372,-25.708426,188.25774,-3.0659866,21.305069,219.21593,14.123189,-27.789646,163.56122,-14.079475,34.98994,232.53761,29.81533,-29.125042,140.63684,-22.193918,14.429859,149.84041,-13.468616,-5.953595,144.5088,-10.010863,26.273567,113.02812,-10.906798,6.7817445,112.08166,7.572318,32.608704,84.6128,-34.987057,19.174234,77.674675,2.3862567
-13.948114,208.00029,18.510027,-11.04209,211.67282,16.310526,-17.770803,210.87228,16.383305,-5.647961,211.72575,6.925096,-21.902786,209.12221,6.603129,4.8987694,203.5183,-1.2475594,-25.769613,187.96085,-0.68870366,20.66063,222.6014,9.484811,-28.741611,164.23923,-13.128974,33.8726,239.59407,21.289803,-30.042942,141.90685,-22.704142,14.068953,149.18669,-12.243791,-5.8866925,143.60931,-7.2326965,27.068573,112.857414,-12.080313,8.17543,110.91929,9.182968,31.781372,88.110725,-40.53124,20.226292,76.17746,5.1677513
-12.991674,207.91705,20.086653,-10.457038,211.73079,17.701834,-17.115492,210.54416,18.218447,-5.4070735,211.15332,7.8731947,-21.654926,208.5767,8.677921,4.4418764,202.9245,-0.46550876,-25.560919,187.47568,2.026496,19.46603,224.55132,4.712499,-29.4764,164.74355,-12.142007,31.903006,244.55804,11.968272,-30.850054,142.84537,-22.895962,13.876813,148.50194,-10.603139,-5.0209155,142.81688,-4.404391,27.895115,112.504616,-13.461657,9.477848,109.76141,11.242642,30.580446,91.88927,-45.53745,20.893356,74.68321,7.002156
-12.01911,207.426,21.582232,-9.818806,211.32909,18.994009,-16.357723,209.95575,20.093224,-5.0227213,210.05054,8.890453,-21.14735,207.54909,10.551847,4.1323853,202.04745,-0.015911272,-24.958488,186.86334,4.6671124,17.714052,225.11525,-0.021421619,-30.158735,165.27626,-10.748667,28.915558,246.9202,2.1449971,-31.41281,144.05574,-22.754585,14.050923,147.53175,-8.969379,-4.3468146,141.83617,-1.3842286,28.378572,111.90415,-15.454518,10.968053,108.711334,13.7674055,29.418665,95.658005,-49.748005,21.664352,73.63696,8.4054365
-11.240487,206.37643,23.012962,-8.513089,210.09421,20.715279,-15.232517,209.31691,21.375,-4.2054796,209.27432,10.367507,-20.293682,206.57114,11.982082,4.1551867,200.92848,0.16995603,-23.819292,186.46875,7.220069,15.24036,224.44922,-5.0951605,-30.798895,166.03714,-8.539685,24.422081,246.52013,-7.817425,-32.83833,145.99585,-21.847784,14.417212,146.4126,-7.6904197,-2.7604735,140.99431,1.994972,28.9082,111.448494,-17.51297,11.987837,107.560165,16.15675,28.283539,99.1256,-53.538937,22.287828,72.91366,9.047802
-10.407101,205.35522,24.60331,-7.467264,208.79279,22.107544,-14.2303915,208.19092,22.422932,-2.903389,208.24754,12.229702,-19.06698,205.62114,13.436901,3.5977237,199.16182,-0.64540464,-22.330685,186.61374,10.181331,12.133135,222.36525,-10.56804,-30.180061,167.25134,-5.754845,20.201859,244.50447,-17.117975,-32.64745,147.95325,-20.216862,14.522853,145.4182,-6.641823,-2.292701,139.91196,4.1980495,29.184305,111.89233,-19.573135,12.351364,106.65242,18.392794,26.772995,102.42139,-56.452946,22.761787,72.50652,9.398467
-8.869962,204.22607,25.92515,-6.2142115,207.84103,23.35541,-12.904677,206.9067,23.928102,-1.4833264,207.14955,13.572906,-17.77338,205.38219,14.9113865,4.019439,198.48341,-0.30850905,-21.33042,186.66235,11.941381,9.796871,219.41058,-15.498829,-30.234034,167.57208,-3.6264873,16.128132,240.76863,-25.28703,-34.078846,150.07867,-19.536913,14.714087,144.18587,-6.134523,-1.9190797,138.80101,5.613221,29.349653,111.93241,-21.185305,12.962523,106.20973,20.215286,24.923624,105.252266,-58.266876,22.913609,72.36846,10.381627
-7.172866,203.61285,27.30012,-4.209438,207.11508,24.921623,-10.962648,206.51163,25.140854,-0.49391276,206.79768,14.637279,-16.732853,204.83905,16.630102,4.122533,197.31226,-0.23745161,-20.653856,187.02107,13.063869,8.218919,216.18631,-18.977207,-30.196941,168.71936,-2.8093028,12.655897,235.64514,-32.82665,-35.14002,152.56717,-19.77292,14.162554,143.55856,-5.955765,-1.807994,138.34933,6.9600363,29.265057,112.33713,-22.521606,13.299921,106.098854,22.042448,22.619783,107.151825,-59.371128,23.025862,72.38247,11.775702
-5.5647845,203.75302,28.18366,-2.6762593,207.28435,25.750906,-9.406648,206.73514,26.23075,0.6967635,206.76619,15.225725,-15.444648,205.26485,17.859951,3.9113483,197.08383,-0.40420818,-20.044998,187.26857,14.913794,7.1551023,212.83687,-21.924437,-29.650461,168.90738,-1.232779,10.325586,229.28107,-39.424744,-35.88638,153.23283,-18.310715,13.591736,143.71457,-6.1438904,-1.9560074,138.34473,7.4814434,28.77593,112.709,-23.446209,13.41211,106.08581,22.571627,19.792341,107.90741,-59.955048,22.969267,72.205605,12.624176
-4.1559505,204.313,28.899618,-1.1594818,207.77739,26.501453,-7.907797,207.29941,26.794977,1.9444339,207.26389,15.888947,-14.214345,206.09541,18.767092,3.20192,197.52565,-0.94522166,-19.477697,187.39091,16.73936,6.7049575,208.9381,-24.618305,-28.899452,168.51633,0.46644524,9.450187,222.03015,-44.66205,-36.607193,152.57817,-15.928972,12.784256,144.30992,-6.8423157,-2.4938877,138.95937,7.399353,28.175005,113.1017,-23.783587,12.947995,106.85456,21.743101,17.067606,108.10322,-59.869267,22.639446,72.60871,13.4493685
-2.9098728,205.22305,29.247293,0.1605865,208.62714,26.865555,-6.6027966,208.34007,27.234705,3.1296504,208.26492,16.239378,-13.005141,207.37703,19.207455,2.8194451,197.95949,-1.2087623,-19.180607,188.10997,17.833336,5.8431363,204.48093,-26.858883,-28.857258,167.26262,3.6289532,9.257381,214.45268,-48.54668,-36.5601,150.0619,-11.996455,11.609715,145.18436,-8.049747,-3.2281277,139.96642,6.4369855,27.6183,113.68817,-23.814825,12.601183,107.54835,19.372005,14.885665,107.13371,-59.109688,22.418842,72.6396,13.519373
-1.4217923,206.18501,29.274021,1.6864488,209.51714,26.841694,-5.0657115,209.41667,27.341173,4.537278,209.47223,16.265753,-11.608755,208.60368,19.403477,2.5465043,198.83623,-2.0987742,-18.296066,189.0559,19.46989,3.947624,199.60065,-28.661953,-27.99013,166.82108,7.2453847,8.396275,206.1313,-51.582386,-36.315304,149.03871,-7.479238,10.47614,146.5018,-9.713834,-4.099754,141.30447,5.051734,26.555185,114.25888,-23.549583,11.964871,108.28544,16.231436,12.732568,105.39817,-57.90609,21.954618,73.18259,13.867293
0.2198139,207.16124,29.133585,3.2495766,210.45032,26.553465,-3.4878263,210.36333,27.287668,5.857397,210.21117,15.930926,-10.193311,209.5096,19.472113,2.7734706,199.75229,-3.371036,-17.128624,190.08003,20.92363,2.176182,195.73135,-29.983261,-27.450672,167.00237,10.835452,5.993798,196.00073,-54.259735,-36.141342,147.81885,-1.6145324,9.393749,148.13116,-11.669741,-4.571971,142.8788,3.5873325,25.276701,115.12791,-23.003521,11.24058,109.03575,12.808767,11.399159,102.61547,-56.22322,21.39332,73.48675,13.59211
1.7805663,207.64621,28.456581,4.731503,211.09952,25.99437,-1.9474806,211.07143,27.13679,6.7952666,210.98367,15.065693,-9.030197,210.4413,19.329952,2.9530962,200.22153,-4.871925,-15.801589,191.19281,21.566326,0.3865563,191.94876,-30.623022,-27.091412,167.7399,13.756733,4.2092214,186.53648,-54.286068,-35.243855,146.20409,6.034967,8.009442,149.17497,-13.731746,-5.3191075,144.10823,2.2029543,23.932835,115.64444,-22.930128,10.645612,109.86433,9.853394,10.74837,99.092316,-54.661087,20.24117,74.188416,11.706219
3.2095494,207.9928,27.358688,5.919275,211.53505,24.753117,-0.62296134,211.45093,26.515865,7.633649,211.26965,13.754115,-8.002845,210.83525,18.773758,2.9909732,200.43504,-6.2596755,-14.363489,192.14552,21.744778,-0.3701793,187.99428,-30.266615,-26.49606,168.63652,16.820896,2.6753874,178.20274,-52.609295,-34.56723,146.13782,13.930884,6.4691877,149.79758,-15.881548,-5.9780807,144.83716,1.1834972,22.486227,115.746414,-22.979847,10.171724,110.59479,7.984589,9.977961,95.353546,-52.670715,18.866909,74.99336,7.84751
4.3912306,208.03625,26.329895,7.07481,211.48224,23.571627,0.567976,211.49878,25.470684,8.727452,211.35568,12.743083,-6.9030395,210.92896,17.840649,3.0284355,200.06274,-7.3254743,-13.228171,192.35774,21.655977,-0.7153742,184.41403,-29.39035,-25.819012,168.719,20.127369,1.4013441,170.9233,-49.749588,-34.09142,146.0303,21.018173,4.5761833,149.82928,-18.255985,-6.822011,145.27943,0.116309114,21.27502,115.09667,-23.068653,10.2355995,111.49897,6.998035,9.315947,91.424934,-50.30632,16.98503,75.82728,2.2245715
5.2929416,207.85077,25.224316,8.062217,211.29651,22.539791,1.5974901,211.49138,24.521797,9.568499,211.21562,11.6272335,-6.001985,210.90254,16.86123,3.0118558,199.3552,-8.848684,-12.249299,192.23442,21.317888,-0.9127662,180.65514,-28.379597,-24.895199,168.61948,23.447508,0.46630508,164.39236,-46.597706,-33.256634,146.31944,27.819942,2.9797294,149.30977,-20.129698,-7.775414,145.33324,-0.8872452,20.131905,114.71109,-23.128979,10.581294,112.44082,6.589693,9.369683,87.654305,-47.610474,14.029379,77.71617,-4.3670187
6.257759,207.43907,24.039064,8.9076605,210.86337,21.2135,2.521746,211.05325,23.446102,10.345513,210.80904,10.379517,-5.1298227,210.7459,15.93511,2.9324384,198.09874,-10.368087,-11.350235,191.66182,21.08006,-0.8839713,177.06108,-27.410896,-23.785788,168.51524,26.547203,0.17648244,158.50575,-43.36721,-31.79365,147.06465,34.27594,1.5878077,148.79901,-21.092432,-8.927282,145.23285,-1.3983567,18.783463,114.03367,-23.438643,10.9397545,113.301186,6.3342166,9.449629,83.92538,-45.07551,9.968493,81.31583,-11.099581
6.957309,206.70477,22.713482,9.591042,210.16467,19.925903,3.1839547,210.28261,22.092638,10.643277,209.83548,8.860964,-4.633742,210.05046,14.932387,3.09142,196.40965,-11.992216,-10.425823,191.39143,20.278934,-0.60340255,173.57095,-26.474676,-22.493307,169.07634,29.46504,0.05415161,153.3272,-40.22876,-29.844788,148.98549,41.21276,0.6867697,147.63445,-21.341131,-9.486655,144.44827,-1.31733,17.320509,112.61539,-23.74717,11.31916,112.96881,5.747575,8.983624,80.78533,-42.94833,5.6565,85.30114,-17.180073
7.559367,205.78572,21.324568,10.127485,209.14442,18.351727,3.7667952,209.3329,20.660973,10.902367,208.5616,7.3082223,-4.201311,209.09518,13.798891,3.1814396,194.53194,-13.535607,-9.675148,191.00148,19.525753,-0.3329003,170.42094,-25.869373,-20.85739,170.04152,32.5121,0.641208,148.65993,-37.264713,-27.128777,151.8562,48.03637,0.16332828,146.12418,-20.977222,-10.216195,143.68243,-1.1291441,16.125484,110.8127,-23.802938,11.18088,112.56401,4.62933,8.2212715,78.10758,-41.341454,0.54209256,90.1853,-22.227478
7.818207,204.68306,19.93501,10.360991,208.00339,16.903229,4.034435,208.24281,19.312475,10.928093,206.92336,5.7407675,-4.070701,207.76105,12.473698,3.2222354,192.32358,-14.813712,-9.1529255,190.18053,18.688717,-0.3289838,167.29897,-25.6295,-18.09744,171.63663,35.90457,1.7642924,144.51707,-34.819157,-23.571575,156.08313,54.531616,-0.5791409,144.28517,-20.836473,-10.623069,142.4733,-0.9652675,15.058937,108.77652,-23.771173,10.980489,111.27846,3.3871627,7.1224093,75.75858,-40.50737,-4.8662524,95.45806,-25.534595
8.1586275,203.25343,18.486015,10.592278,206.5474,15.334061,4.402741,206.8762,18.066227,10.877776,205.23347,4.1695104,-3.9298778,206.26378,11.255067,3.0209188,190.18675,-15.899789,-9.154118,188.69437,18.15785,-0.26417613,164.59874,-25.3951,-15.637464,173.0338,39.14506,3.7934124,141.36902,-32.770348,-19.48245,161.00153,60.43343,-1.35486,142.35802,-20.774395,-11.23478,140.53282,-1.0186102,14.696354,106.8839,-23.335371,10.260375,109.174805,1.4365023,6.1054068,74.01563,-40.037342,-10.850163,100.89911,-27.252773
8.148761,201.73587,17.277786,10.638039,204.86322,14.002079,4.4345965,205.37225,16.670986,10.828148,203.53978,2.9349096,-3.934252,204.66965,10.006056,2.7938848,187.9397,-16.637001,-9.265251,186.96745,18.02984,-0.1919359,162.20868,-25.489235,-12.928366,174.04112,41.77728,6.3052716,139.30754,-31.242716,-15.116097,166.39522,65.20863,-2.2877717,140.4636,-20.609081,-12.0418005,138.19897,-0.78572744,14.833467,105.81281,-23.412766,8.733316,106.24402,-0.67237216,5.5428257,72.8354,-39.357994,-16.492834,105.83699,-27.700674
8.153379,200.39984,16.252325,10.670618,203.61292,13.085609,4.4027734,203.99167,15.627535,10.617883,202.0732,1.8340812,-4.0353565,203.24692,9.139432,2.5573804,185.87056,-17.100735,-9.398935,185.89612,17.680582,0.51057875,160.06027,-25.599998,-11.371817,176.18669,42.919376,8.733049,137.55275,-30.204626,-10.796748,172.47728,67.39587,-3.1176329,138.706,-20.590853,-12.4694395,135.93977,-0.5465003,15.305514,104.93768,-23.078625,6.116201,102.619354,-2.5115266,5.792218,72.1925,-38.32839,-21.669666,109.86414,-25.973555
7.9043117,199.29541,15.353336,10.468174,202.4719,12.189225,4.1746807,202.89937,14.668126,10.244701,200.96292,0.9513921,-4.3650813,202.25418,8.395368,1.8099418,184.31436,-17.693089,-9.541682,185.30693,17.72009,0.84674424,158.22212,-26.168375,-9.563095,179.09636,44.09692,11.346833,136.47353,-29.414663,-5.81557,178.63068,68.67479,-3.836108,137.41515,-20.73796,-13.109225,134.41272,-0.20179561,16.120985,104.60595,-22.908825,2.9352708,100.196236,-3.604952,6.289804,72.061516,-37.57684,-25.910686,111.97919,-23.742746
7.5562983,198.93716,14.915276,10.003747,201.95506,11.505562,3.7906616,202.48111,14.150234,9.697044,200.38503,0.50525934,-4.8388214,201.816,8.09522,0.7251423,183.23909,-18.000818,-10.275659,184.98297,17.807917,1.0456975,157.18771,-26.722937,-7.076262,181.67493,44.40344,14.279901,136.80571,-29.013168,-0.033924606,184.22638,67.93042,-4.3941836,136.85681,-20.435558,-13.770435,134.06062,0.35364744,16.613457,104.56899,-22.674307,-0.7268046,98.55427,-4.2322736,6.702663,72.09329,-36.97723,-29.298523,111.41327,-21.610676
7.356912,198.64664,14.530188,9.712242,201.74112,11.124903,3.4398565,201.99873,13.666914,9.046419,200.16626,0.061419103,-5.1836805,201.56546,8.097824,-0.54853517,183.39464,-17.980852,-10.424769,185.05557,17.976122,1.0687238,157.67282,-27.002737,-4.337164,184.22849,44.280426,17.129581,139.48705,-29.024338,5.7238126,189.59552,66.30929,-4.8033886,136.75972,-19.923159,-14.4541855,134.24991,0.7655224,16.667303,104.96636,-22.845737,-5.0080504,97.56612,-4.0992537,7.4636564,72.10917,-36.514782,-32.848732,113.07002,-19.421745
7.1842427,199.15314,14.479112,9.454774,202.1757,10.954677,3.2248898,202.44856,13.591318,8.667391,200.79256,-0.025376089,-5.4687176,202.22491,8.243125,-1.5019146,184.38083,-17.760235,-10.205367,186.05583,18.187063,1.1800158,159.02731,-27.116043,-2.3474321,185.98868,43.868736,20.074335,143.43701,-28.500511,10.799964,193.43442,63.53616,-5.1888394,136.64731,-19.27939,-15.017347,134.6415,1.0963553,16.381062,105.253555,-22.592733,-8.912921,97.58736,-3.4208045,8.329746,72.25863,-36.19178,-36.65388,114.22291,-19.06967
7.1005077,200.10834,14.68368,9.340712,203.19658,11.196289,3.0963597,203.3596,13.814216,8.490334,201.90862,0.20398735,-5.624368,202.84967,8.490732,-2.2869608,186.13278,-17.451223,-10.076919,187.2271,18.008003,1.4111015,161.13483,-27.074945,0.40679148,187.14783,42.708954,22.468239,148.6255,-27.79154,15.830482,196.63635,59.68915,-5.729184,137.92256,-18.647823,-15.8512945,135.8468,1.3741542,15.40015,106.16543,-22.571749,-12.416968,98.26883,-2.5201724,9.293971,72.55936,-36.167072,-40.85295,114.74151,-17.94464
6.9212623,201.10855,14.951775,9.419974,204.12431,11.584253,3.0949204,204.53773,13.986681,8.274134,203.37772,0.53573,-5.8492274,203.9128,8.8989525,-2.8254735,188.08603,-17.052874,-9.8322735,188.64742,17.619602,1.9148965,163.52794,-26.518332,3.083421,188.4099,41.10522,24.792515,154.64725,-26.765762,20.65479,198.97316,54.992348,-6.6001883,139.06079,-17.990265,-16.94102,137.33737,1.5722896,13.737552,106.670265,-22.458303,-15.543299,99.56402,-0.9960999,10.212204,72.718185,-35.944023,-44.51419,114.630585,-17.521194
6.9507113,202.28885,15.244891,9.409349,205.39471,11.928257,3.083318,205.6929,14.338422,8.223941,204.89384,0.8504369,-5.816377,205.33032,9.295523,-3.2302835,190.08192,-16.768349,-9.6532755,190.2616,17.47214,3.0520463,165.77808,-25.929394,5.6583056,189.44943,39.30354,27.049505,161.38194,-25.36573,25.064358,200.5964,49.51054,-7.914426,140.53664,-17.68653,-18.252214,138.90535,1.9250375,11.562894,107.66766,-22.085678,-18.34278,101.36115,0.8144133,11.060766,73.32094,-35.479485,-47.905838,113.47988,-17.368034
7.029725,203.79271,15.459795,9.5068245,207.03401,12.282883,3.1498823,207.18732,14.608848,8.375726,206.35208,1.0859795,-5.6921268,207.02875,9.47452,-3.273475,192.12186,-16.624142,-9.466698,191.8751,17.341908,4.3918586,168.13782,-25.6035,8.058153,189.37212,37.694633,28.673038,167.88669,-23.631556,28.831993,200.77158,43.898663,-9.130322,141.91621,-17.44549,-19.616749,140.68517,2.111693,9.557083,108.47303,-21.745577,-20.814745,103.26001,2.5795875,11.771467,74.1237,-34.96213,-51.35164,111.77387,-16.526114
7.350309,205.05502,15.40274,9.968801,208.0607,12.10936,3.6756153,208.6737,14.523847,8.468256,207.90321,1.1232085,-5.459478,208.48137,9.63186,-3.1242056,193.84293,-16.374025,-9.5357,193.40044,17.273724,6.3380146,170.2428,-25.14514,9.974321,189.28044,35.55294,29.779625,175.01494,-20.890411,31.876707,200.11536,37.53479,-10.248971,143.50426,-17.338327,-20.977852,142.31837,2.2227225,7.716499,109.516205,-21.831734,-22.98602,105.043785,4.6262937,11.749404,74.97208,-34.02753,-54.565327,109.37001,-14.394318
7.112648,205.87822,15.814296,9.931248,208.9261,12.736929,3.6068923,209.68198,15.070084,8.780098,208.6507,1.5143025,-5.418829,209.75856,9.699355,-2.5584142,195.4595,-16.30856,-9.206753,194.75233,16.866295,8.460863,172.34224,-24.260403,12.008135,188.97276,32.776432,30.488546,180.49802,-18.7417,34.249958,199.21959,30.620985,-11.064704,145.17201,-17.394047,-22.057535,144.1267,2.272197,6.395074,110.73073,-21.650686,-24.840982,107.01428,6.6078386,10.93009,75.984795,-33.28515,-56.816334,106.542816,-12.338172
7.3478827,206.63588,16.086903,10.126172,209.75354,13.046141,3.875533,210.51224,15.544907,9.0717325,209.1422,1.6810845,-5.056388,210.51164,9.848597,-2.0394998,196.76842,-16.139294,-8.960741,195.58923,16.43065,10.725029,174.33029,-23.291576,13.623753,188.39499,29.140884,30.888859,185.34329,-16.146894,35.78939,197.21416,23.342241,-12.125018,146.79079,-17.421858,-23.175653,145.71352,2.587311,5.8320184,112.40615,-21.157938,-26.588821,108.75334,8.666704,8.970253,77.361404,-32.09113,-58.3045,103.43724,-10.126735
7.5804815,206.96562,16.207628,10.577085,210.11249,13.41315,4.2128572,210.91833,15.607357,9.478298,209.69986,1.8901111,-4.7759547,211.23347,9.90915,-1.4387361,197.56256,-15.777862,-8.754168,196.2813,16.455864,12.850192,175.96245,-22.47316,14.98366,187.09651,25.65332,30.968643,189.03569,-13.403986,36.737076,194.49991,17.207876,-13.04943,147.79184,-17.46182,-24.085466,147.07935,2.5272017,5.7086864,114.0151,-20.442545,-28.218365,110.628845,10.125153,6.345136,78.81778,-31.33431,-59.119995,99.97478,-8.103128
8.129912,207.00726,16.335098,11.156649,210.1241,13.53803,4.778911,210.97598,15.665778,10.136685,209.86092,2.049602,-4.051963,211.55467,9.993151,-0.92654437,198.26631,-15.538837,-8.195127,196.7964,16.4804,14.384402,177.19258,-21.702625,15.88217,185.69748,22.351131,29.913992,191.55676,-10.351715,36.45944,191.75925,11.020251,-13.424697,148.77716,-17.388962,-24.822582,148.28127,2.461583,5.935337,115.21146,-19.790356,-29.370832,112.00458,11.154941,3.0974185,79.90347,-30.610851,-59.083168,96.34136,-5.666619
8.555494,207.0719,16.473225,11.631891,210.04338,13.576577,5.277216,211.07387,15.698927,10.771529,209.80989,2.2238846,-3.538442,211.63351,9.951563,-0.77794254,198.84662,-15.367756,-7.2443066,196.60793,16.261158,15.598927,178.16792,-20.695599,16.96594,184.05655,18.76695,29.006922,192.70676,-7.517361,36.764603,189.56639,5.392539,-13.952376,149.67836,-17.448061,-25.359613,149.21059,2.3071394,5.716196,116.24285,-19.0584,-30.560022,113.3002,11.918888,-0.086747564,80.95256,-29.719193,-58.769268,93.251465,-2.7644823
9.190653,206.72873,16.464844,12.280359,209.70601,13.580809,5.9765496,210.80577,15.8220825,11.698246,209.58215,2.3002906,-2.721307,211.59515,9.904213,-0.31275254,199.29807,-14.959852,-6.66696,196.15752,16.163212,16.91628,179.19675,-19.239946,16.818445,182.03122,15.114723,28.301613,194.15831,-4.408609,35.24376,185.99765,-0.5112637,-14.180431,150.12473,-17.48216,-25.72207,149.65152,2.1594121,5.262166,116.550156,-18.540386,-31.00378,113.93206,12.562214,-3.194678,81.72368,-28.91318,-57.88609,90.51246,-0.0164015
10.047452,206.40045,16.387081,13.032553,209.45013,13.464821,6.780135,210.45549,15.862952,12.355152,209.12447,2.1727169,-1.925617,211.23225,9.9424305,0.41819093,199.16359,-14.861138,-6.1371737,195.5678,15.95311,17.903902,179.27238,-17.90435,15.985468,179.93298,12.076633,28.592388,193.29704,-1.9061232,33.005276,182.28143,-5.077862,-14.353031,150.12698,-17.760576,-25.898762,149.52399,2.1639986,4.495654,116.22328,-18.210634,-31.159132,113.99863,13.304443,-6.506102,81.8062,-28.342947,-56.636353,87.89042,2.7354445
11.1297035,205.82466,16.143045,13.98997,209.05243,13.2927,7.786114,209.83849,15.902364,13.182941,208.67882,1.9054434,-0.9901309,210.63281,9.954467,1.1980579,198.5702,-14.887601,-5.700634,194.94626,15.570776,18.518072,178.52812,-15.596332,14.477634,177.48537,9.243206,29.132961,191.97122,0.8252891,30.065943,178.44429,-9.47477,-14.693796,149.88692,-18.320536,-26.039335,149.24632,2.0378053,3.2697845,115.5755,-18.148039,-30.950245,113.732,13.816628,-9.668597,81.56348,-28.139952,-54.708443,85.28239,5.8755026
12.127285,205.37585,15.835856,14.95072,208.53847,12.873263,8.723786,209.32492,15.416779,13.876837,207.70622,1.463599,-0.2421276,209.73405,9.6417265,1.9830728,197.79457,-15.23013,-5.2335844,193.98238,14.976914,18.661633,177.5277,-12.62169,13.395925,175.5302,7.353172,29.806932,190.14714,3.919717,27.323471,175.79729,-12.657733,-14.871404,149.4503,-18.744398,-25.984137,148.85382,1.6829815,1.791089,114.50981,-18.057062,-30.674736,113.21845,13.86212,-12.406591,80.911354,-28.069132,-53.22817,83.31509,8.354015
13.147474,204.37929,15.221116,16.05881,207.43007,12.232528,9.857819,208.42352,14.775605,14.884021,206.59169,0.82233024,0.8751066,208.81831,9.028119,3.180869,196.7649,-16.241882,-4.695515,193.06833,14.099956,18.622585,176.14613,-10.534079,12.563854,173.56464,6.4925385,27.97325,187.30836,7.9297943,26.324549,172.73083,-13.500388,-14.996897,148.55037,-19.169767,-25.751518,147.969,1.4020585,-0.25270316,112.71664,-18.677906,-30.09558,112.18841,14.073267,-15.684379,79.31925,-28.547693,-52.011745,81.53965,10.594403
13.997514,203.00757,14.536457,17.020079,206.04251,11.645397,10.8069935,207.13191,14.136924,15.880783,205.20299,0.19738309,1.7614925,207.51405,8.335114,4.5140314,195.188,-16.818363,-3.9539568,191.87674,13.274258,18.74461,174.1893,-9.346382,11.296194,170.77763,5.6030927,24.709888,184.32228,10.867577,25.418447,166.8665,-13.985541,-14.763542,147.44662,-19.103992,-25.32139,146.99031,1.4281642,-2.0860672,110.632164,-18.878368,-29.218597,111.163864,14.501104,-18.45666,77.54425,-28.928724,-50.34982,79.742905,12.535902
14.90547,201.65776,13.625614,17.839096,204.75229,10.706954,11.697203,205.7799,13.374128,16.686857,203.74149,-0.78161293,2.634651,206.12192,7.374851,6.324846,193.25919,-17.511757,-3.4505384,190.86305,12.549058,17.827093,171.69662,-6.8303947,10.013351,168.48677,4.705215,22.796282,182.30396,13.65862,23.916323,161.09575,-14.074588,-14.723324,145.782,-19.103752,-24.811003,145.75731,1.5283041,-3.6453598,108.61548,-19.357286,-28.702726,109.895294,14.919002,-20.288261,76.01249,-29.143555,-49.01996,77.88791,14.3612
15.57342,200.23134,12.7495575,18.500591,203.1598,9.654154,12.450707,204.41695,12.4397335,17.431452,202.26881,-1.6588962,3.3738081,204.78403,6.5181603,7.5297465,191.44484,-18.145046,-3.2534013,190.12074,12.108712,17.494081,169.77847,-5.9028406,8.784591,167.1802,4.86624,20.945293,178.79965,15.506129,21.672312,155.65007,-13.337787,-14.650645,144.18234,-19.097902,-24.316498,144.27747,1.8175137,-4.1725554,107.064835,-19.282534,-28.286135,108.33224,15.410242,-20.694656,74.469795,-29.121561,-48.38211,76.17576,15.476124
16.100573,199.185,11.636029,19.08827,202.05403,8.541587,12.934844,203.30916,11.096425,17.976643,200.96591,-2.8100107,3.937056,203.67825,5.3063293,8.223511,189.88643,-18.849234,-3.0500712,189.57898,11.4842825,17.270107,168.6295,-5.6387258,6.7477794,165.54713,6.40553,18.461168,175.5937,17.58128,19.933006,152.0219,-10.134502,-14.575207,142.81367,-19.39584,-23.891312,142.96173,1.8337799,-3.0276108,106.04968,-18.90543,-28.128649,107.03823,15.466244,-19.44179,73.76492,-29.126822,-48.558323,75.163055,15.509078
16.315723,198.47758,10.767513,19.30696,201.36087,7.6910424,13.012445,202.44965,9.959954,18.556019,199.98961,-3.6345844,4.3124084,202.88255,4.1096773,9.131184,188.77386,-19.356234,-2.7407734,189.05783,10.747533,16.400822,166.9693,-5.975714,4.126031,163.61441,8.134866,16.52528,170.53662,17.941837,17.339558,148.08765,-6.774396,-14.237011,141.72531,-19.385506,-23.919985,141.92116,1.7565536,-0.44089967,105.79546,-17.556168,-28.368393,105.88514,15.245298,-16.64935,74.23421,-29.08216,-48.670017,74.305916,15.410488
16.186808,198.22728,10.204788,19.19092,200.96478,7.007169,12.822459,202.06252,9.046543,19.050163,199.53499,-4.0988355,4.439754,202.32013,2.9636621,10.186811,188.01823,-19.48815,-2.8772275,188.32278,10.049008,15.554537,165.55417,-6.4935393,2.3164246,161.94919,9.513385,15.0451975,161.9972,17.305058,13.276192,143.39134,-3.6070836,-13.456195,141.33011,-19.26433,-24.50542,141.43936,1.1932682,2.858858,106.883514,-15.4665,-28.63384,105.66268,14.595649,-13.383771,76.18458,-28.352217,-48.07167,73.61915,14.892124
15.979032,198.25096,9.565432,19.004755,200.97739,6.379124,12.619085,202.08466,8.377945,19.028582,199.60759,-4.6901083,4.2504272,202.26004,2.2184296,11.209041,187.62259,-19.615953,-3.6355362,188.2697,9.168711,15.128734,164.60405,-6.9057837,0.3745562,161.18097,10.624427,14.059638,159.25954,16.579731,10.486393,140.3449,0.64066696,-12.058867,141.43869,-19.252718,-25.107998,141.55008,0.32253706,5.6373496,108.53355,-13.118784,-29.330278,105.844025,13.213054,-10.306829,78.07127,-26.89689,-47.33808,72.98343,13.39018
16.105415,198.66391,9.263548,19.14773,201.37065,6.077962,12.737641,202.46054,7.996162,19.257841,200.05896,-4.960487,4.459247,202.82573,1.8820175,12.542572,187.4027,-19.676382,-4.1092243,189.13219,8.327274,14.789983,163.27219,-8.500582,-2.3875997,162.2532,12.355107,13.599895,153.36163,13.578424,6.9515157,139.82034,7.2697315,-10.959536,142.05006,-19.530405,-25.372728,142.39685,-0.72904235,7.402931,110.29862,-10.993454,-30.04768,106.62065,10.965926,-7.950817,80.07545,-24.93575,-46.167183,73.03349,11.609948
16.267221,199.54552,8.920223,19.324429,202.30812,5.7971945,12.813305,203.19388,7.4563046,19.904482,201.13869,-5.158589,4.843335,203.73587,1.2050301,13.7607355,187.8199,-19.814907,-4.683586,190.62233,7.2150636,14.643402,163.36003,-9.074013,-5.2719164,164.68233,14.0296955,14.991932,148.66476,10.279748,2.6861444,141.64111,15.2797365,-10.117838,143.35777,-20.228601,-25.150919,143.79465,-2.6273699,7.7213454,112.151886,-8.764473,-30.318916,107.87187,8.364431,-6.8463135,82.023895,-23.262367,-44.56684,73.5593,10.382892
16.510292,200.46721,8.722653,19.591974,203.32,5.708179,13.046125,204.11705,7.298878,20.477903,202.35873,-5.248188,5.2704973,204.87807,0.8731457,15.004276,188.18129,-19.825932,-4.8125296,191.9787,6.402341,15.268708,162.9169,-9.994773,-7.713198,166.83205,15.804398,17.048418,145.35408,6.950282,-2.8990097,143.27675,21.657143,-9.195069,144.46022,-20.991743,-24.916397,145.03418,-4.6680803,7.2944484,113.58048,-6.6434584,-30.289806,108.860275,6.1307163,-6.992316,83.41028,-21.179617,-42.694317,73.77398,9.004055
16.555574,201.61897,8.8856125,19.658504,204.47052,5.891061,13.154482,205.36736,7.5711184,20.768866,203.64911,-5.004389,5.494206,205.98457,0.7756183,16.398954,188.92892,-19.69673,-5.0261,193.73613,5.413069,16.183979,162.92468,-12.332354,-10.419373,170.39851,17.640934,19.540586,143.81744,2.3760946,-7.7635374,148.1932,28.07367,-7.7808113,145.36086,-21.630568,-24.585352,146.29424,-6.5908275,6.122551,114.52824,-4.2549214,-29.567015,109.968094,3.8669198,-8.085122,84.136406,-18.239372,-40.650394,74.41887,7.255064
16.519505,202.4531,9.102929,19.807726,205.37218,6.37884,13.268473,206.35957,7.8554335,21.193645,204.83867,-4.566759,5.7409678,207.13441,0.7632921,17.799343,189.4348,-19.442581,-5.1813684,195.1343,4.419148,18.136942,162.54575,-14.966898,-13.1622925,174.17761,19.407852,21.760324,141.66328,-2.5235684,-13.501192,153.54868,33.18302,-6.2331486,145.80042,-21.937275,-24.029854,147.21057,-8.116509,4.8299823,114.9302,-2.0676045,-28.61593,111.07249,2.6014347,-9.794426,84.24161,-14.802598,-38.538696,75.27711,4.7118435
16.423464,203.25414,9.518914,19.844654,206.10928,6.8935447,13.280083,207.2064,8.159651,21.380363,205.70787,-4.0639677,5.812679,207.89711,0.92689794,19.243027,189.58368,-18.825243,-5.3537464,196.10567,3.6185732,20.516363,162.23495,-16.63169,-16.516153,178.37547,20.788996,24.018057,139.75078,-7.8311133,-18.913548,160.60805,37.65438,-4.327973,145.7513,-21.82762,-23.261368,147.62222,-10.117929,3.3170457,114.868645,0.010005715,-27.018843,111.766174,1.8837695,-11.650688,83.67872,-10.98551,-36.793415,75.96431,0.8283381
16.52089,203.88394,10.15,19.892689,206.82976,7.557586,13.320969,207.82678,8.89372,21.5394,206.39835,-3.4031131,5.929688,208.42691,1.4739462,20.58794,189.70135,-18.064423,-5.7950115,196.99214,2.7888775,22.58639,162.384,-18.697826,-19.468904,183.02942,21.470432,26.57155,138.95027,-13.808827,-25.492474,169.36491,40.60829,-2.2741346,145.3598,-21.16396,-22.054707,147.6897,-11.29094,1.9881594,114.607605,2.0701098,-25.155401,112.07122,1.7971094,-13.646968,82.95203,-6.497962,-35.050076,76.87496,-3.8830187
16.205107,204.30156,10.714077,19.451653,207.20755,7.9282417,12.93305,208.20457,9.501205,21.510584,206.81445,-2.7381523,5.731888,208.64359,1.8633496,21.74102,189.88525,-17.357513,-6.0798206,197.59601,2.107383,24.49181,162.9842,-20.901766,-21.722095,188.48799,21.975315,28.942404,139.13008,-19.786179,-30.30723,178.47148,42.520702,-0.101262905,145.07071,-19.498571,-20.447062,147.60672,-11.93944,0.21415436,113.88387,4.1161966,-23.59157,112.33056,2.383575,-15.973706,81.70427,-2.6539996,-32.998924,78.35254,-8.2344265
15.8141365,204.64107,11.583013,19.147263,207.51472,8.865379,12.559928,208.47293,10.120109,21.211512,207.23633,-1.8170323,5.376479,208.70813,2.5122375,22.727549,189.68954,-16.226198,-6.332192,198.03143,1.5368316,26.072184,163.66266,-22.95966,-23.920588,194.43254,21.41682,30.995224,140.13475,-25.372623,-33.92748,187.72017,42.98316,1.9614755,144.51611,-17.223038,-18.747774,147.38708,-12.174351,-1.2479584,113.13967,6.2932386,-22.584105,112.58681,2.8877268,-18.664991,80.87265,1.1986169,-30.440662,80.75579,-13.62423
15.320919,204.80235,12.495133,18.654802,207.72101,9.845857,12.058358,208.67958,11.162288,20.866114,207.0788,-0.94145375,4.9728937,208.5573,3.2660537,23.496017,189.13138,-14.648563,-6.4482365,198.12637,1.0807655,27.555809,164.23294,-24.624622,-25.515213,199.68909,19.686123,33.06189,141.47253,-30.642614,-37.29317,197.10368,41.33882,3.7805424,143.45644,-14.934939,-17.216097,146.59332,-11.679123,-2.6675463,111.91292,8.320429,-22.222694,112.15211,4.10129,-20.97533,80.27321,4.423626,-27.42906,83.40194,-18.249071
15.023869,204.61023,13.388521,18.371792,207.50201,10.731707,11.771166,208.48672,12.022691,20.75491,206.76683,-0.004913944,4.801944,208.10982,3.9447117,24.161821,188.48714,-12.89324,-6.6009526,198.10503,1.095864,28.93668,165.26118,-25.814756,-26.862915,204.15277,17.005745,35.24963,144.00336,-35.19568,-40.43283,205.86864,37.527042,5.3500576,142.39339,-11.864572,-15.952879,145.41441,-10.740456,-4.59652,110.2939,10.329133,-22.399862,110.984085,5.268131,-23.24211,78.73636,7.4306574,-24.333796,86.33737,-22.230585
14.659935,203.65582,14.216094,18.060122,206.84726,11.983019,11.362245,207.46957,12.800608,20.586441,206.12935,1.0135535,4.481471,207.08241,4.5562673,24.645245,187.4544,-10.807175,-7.08357,197.62723,0.4550357,30.300503,166.1949,-26.637579,-27.757776,207.81747,13.781477,36.983803,146.84221,-39.34373,-42.32262,212.71396,32.965527,6.4392214,140.96597,-8.683464,-14.782502,144.09584,-9.467843,-6.1577697,108.9988,12.72549,-22.981907,109.43963,6.0266757,-24.687387,77.178825,9.93905,-21.745451,90.14345,-25.523003
14.158174,202.6227,15.412532,17.297882,205.89633,12.941545,10.67554,206.38504,14.335247,20.163965,204.91713,2.208848,4.0424,205.67088,5.6261,24.827509,186.44766,-9.144653,-7.4952326,196.53143,-0.0479307,31.906246,167.2809,-27.030193,-27.8132,209.77324,10.230701,38.97789,149.82277,-42.360916,-43.290375,219.17043,26.777426,7.2312865,139.33624,-5.987305,-13.751421,142.45749,-7.8965287,-7.3721952,107.22178,14.777924,-23.800104,107.511566,6.0205092,-26.127485,75.505356,11.97637,-19.63088,93.05658,-27.839676
13.604249,201.18414,16.500736,16.568905,204.59796,13.993876,9.944335,204.76448,15.401859,19.641695,203.46019,3.2719338,3.5696812,204.49437,6.798504,24.986448,185.4736,-7.048444,-7.693466,195.51334,-0.40702796,33.404984,168.27783,-26.529982,-27.428286,211.69254,6.277662,40.676346,153.51161,-44.54834,-43.252666,224.44824,20.085073,7.647118,137.55994,-3.488554,-13.170064,140.96272,-6.2166257,-8.026994,105.249664,16.352467,-24.89056,105.88955,5.6488705,-27.588762,73.93291,13.02787,-17.992962,95.85206,-29.11988
12.926521,199.83939,17.388662,15.898204,203.3163,14.970955,9.250327,203.38544,16.231934,19.2248,202.24466,4.279787,3.1009357,203.26894,7.466023,25.131443,184.69115,-4.917921,-7.57782,194.58334,-0.94599754,34.55858,170.00513,-25.595228,-26.642862,212.38396,2.431243,42.00044,157.50072,-45.190193,-42.755432,227.9849,12.81041,7.8646693,135.91103,-1.286788,-12.653818,139.58595,-4.527159,-8.723508,103.43528,17.583021,-26.079643,104.41088,5.055152,-29.230778,72.59942,13.70485,-16.292055,97.63086,-29.45875
11.971414,198.75443,18.151133,14.903227,202.28499,15.773418,8.2120495,202.13837,16.790865,18.865572,200.95349,5.3324113,2.596864,201.63708,7.600992,24.812546,184.0893,-3.144021,-7.197553,192.9829,-1.185013,35.738293,172.03204,-24.111792,-25.418545,212.00455,-2.0072167,43.459946,161.83,-44.35371,-41.699375,229.60341,4.3985915,7.6032944,134.60205,0.587414,-12.6481905,138.31483,-2.9677942,-9.555683,103.08592,19.255262,-27.033638,103.492546,4.833513,-29.861382,72.6099,14.037923,-14.7488365,97.898964,-28.991976
10.819888,197.95016,19.014042,13.871861,201.4284,16.716986,7.130579,201.30037,17.41393,18.149508,200.62236,6.567734,1.8271358,200.65256,8.06976,24.695728,183.92114,-2.05575,-6.832621,191.89954,-1.5825129,36.973763,173.47949,-22.803242,-24.408442,211.08397,-6.0453343,44.32847,165.15929,-43.990936,-40.737576,229.85384,-4.0314155,7.323528,133.71344,2.8744168,-12.473028,137.34277,-2.0491216,-10.129216,103.22885,22.376461,-27.876852,102.7278,3.1117337,-29.65367,72.36354,16.444426,-13.009056,98.882706,-30.03118
9.752935,197.83691,20.055187,12.657396,201.46565,17.803404,5.9166555,200.93613,18.320763,17.53201,200.4844,7.8325043,1.2334974,200.20749,8.620488,24.668432,184.06561,-0.7667759,-6.486919,190.98398,-1.661252,37.787403,174.59315,-21.47883,-23.704544,209.48332,-9.581669,44.49274,167.2933,-42.968124,-39.948822,227.9144,-13.478179,7.2145405,133.67694,4.4814553,-11.988095,136.95941,-1.51924,-10.384697,103.34618,24.147615,-28.098682,102.60448,2.3673003,-29.311775,72.27688,17.87176,-11.332074,98.83239,-30.046406
8.835787,198.22897,21.176632,11.820776,201.84142,19.004742,5.076632,201.16635,19.038475,16.708733,201.17873,9.101327,0.44589007,200.31323,9.562032,24.778406,184.60019,0.71828467,-6.351032,190.65167,-1.9000684,38.0451,175.20644,-20.274168,-23.349066,207.62926,-12.949199,44.62956,167.81342,-41.72374,-39.471992,224.88428,-20.604095,7.1361923,133.79723,5.6638775,-11.384162,136.9219,-2.2453115,-10.483095,103.31471,24.538752,-27.7796,102.669624,1.7191579,-29.092978,72.184906,19.001694,-9.565158,98.25366,-29.82839
7.770013,198.99329,22.105167,10.933844,202.47713,19.976242,4.2654333,201.61275,19.232195,15.812848,202.27068,10.2586155,-0.39732322,200.31519,10.250416,24.340815,185.82875,2.3336625,-6.0947704,190.40576,-2.1270657,37.24915,175.8654,-18.741337,-23.158018,205.46179,-16.059397,44.31429,167.85217,-40.059113,-39.3342,220.9018,-26.430025,6.7157836,134.43883,6.933284,-10.441674,137.29066,-3.3372712,-10.288059,103.41383,24.085833,-26.142391,103.13315,1.2973651,-28.655739,72.32766,19.9635,-6.8899984,96.992165,-29.682072
6.7197275,199.39922,23.13982,9.583789,203.14304,21.019564,2.940868,201.95284,20.56974,14.62709,203.36613,11.394877,-1.5005436,200.82289,11.35253,24.112116,187.3264,4.001993,-6.042119,190.78363,-2.1756392,36.504642,176.5075,-17.050283,-22.598682,202.89195,-19.026604,44.25505,167.15942,-37.789753,-39.201496,215.20457,-32.050797,7.29262,135.28357,6.8199525,-9.202529,138.06279,-4.783672,-9.827921,103.66163,22.287323,-24.085974,103.986824,1.0045103,-28.651814,72.45734,20.998764,-4.9248257,95.51343,-29.712328
5.383944,200.1642,24.48353,8.005275,204.0068,22.229294,1.3717043,202.58658,22.166817,13.163993,204.27817,12.600777,-2.9064572,201.47769,12.748925,23.159637,187.85997,6.749115,-6.3046923,191.35468,-2.635327,35.867775,177.81651,-14.837591,-20.709919,198.85468,-23.37258,44.079453,166.84723,-34.16295,-37.83985,205.4537,-39.090702,8.086535,136.45432,6.3513484,-8.183817,139.23631,-5.9914603,-9.32828,104.09166,19.67135,-22.201366,104.796524,0.8978061,-28.074581,72.43277,21.743116,-3.5693514,93.5189,-29.551472
4.1879272,200.57301,25.488092,6.6197257,204.5717,23.28396,0.038688682,202.96873,23.37826,11.708488,205.33148,13.690288,-4.346974,202.0043,13.969005,22.846504,188.42627,8.769693,-6.712871,192.21822,-3.2718449,35.528633,177.51865,-13.083104,-20.19747,195.70367,-25.982372,44.956924,163.82114,-30.764616,-37.16916,197.05026,-43.532978,8.645356,137.59404,5.4731474,-7.157427,139.99292,-7.281984,-9.037955,104.56009,16.961882,-20.258274,105.285446,0.41023088,-27.200674,72.569336,22.107561,-2.4514444,91.456345,-29.615217
2.7059941,201.02724,25.906668,5.1109986,205.09895,23.818953,-1.4631144,203.41197,23.845322,10.459857,205.84967,14.242916,-5.6231256,202.60962,14.265294,22.286024,189.26668,9.959924,-6.8610396,192.76045,-4.0957465,35.22654,176.39917,-10.297922,-19.9259,192.23753,-27.59938,45.44485,160.81523,-26.017935,-36.05745,189.59952,-46.173336,9.446177,138.54033,4.4091244,-6.267617,140.77547,-8.541926,-8.36137,104.91804,15.105002,-18.410488,105.543205,-0.33210558,-26.084263,72.836136,21.185053,-1.6260742,88.90741,-29.6799
1.572996,201.16818,25.907433,3.7953856,205.38759,23.89999,-2.6916902,203.41321,23.872944,9.210595,206.12497,14.290892,-6.8816133,202.79544,14.388495,22.432814,190.02045,10.609328,-7.60099,193.32011,-4.709431,35.459827,173.94475,-6.385193,-20.91307,189.3519,-27.888567,45.42265,156.49173,-20.07377,-35.028206,184.3933,-48.137455,10.564108,139.05405,2.8561738,-5.4551406,141.3194,-9.994596,-7.6173763,105.62734,13.891934,-16.576723,106.01065,-1.4983244,-24.243439,73.1935,18.8454,-1.4501296,86.39695,-29.875252
0.31064972,200.92001,25.630087,2.5532598,205.18008,23.742819,-3.9332721,203.19937,23.59163,7.943718,205.87532,14.01173,-8.193975,202.7382,14.181618,21.789179,190.01811,11.298792,-8.78754,193.15572,-5.043035,35.972046,172.27335,-3.3307087,-20.10403,185.60997,-28.217352,45.64672,153.33717,-14.913989,-34.974792,179.2418,-46.956757,11.804734,139.60382,1.4067425,-4.5504565,141.79506,-11.488321,-6.8582516,106.99952,13.175443,-15.099044,106.27906,-2.7171443,-22.077723,73.91808,15.526898,-1.4412189,83.829315,-29.898453
-1.2907131,200.59746,25.388464,1.0523338,204.73854,23.370295,-5.488559,202.95122,23.330887,6.5785584,205.3467,13.841206,-9.651369,202.39095,13.830082,20.739262,189.39139,11.859298,-9.723259,192.44464,-5.749677,36.04392,170.74344,-0.10673202,-18.746733,181.18707,-28.541227,45.679424,150.53017,-9.153513,-32.64654,171.44714,-46.36938,12.516365,139.74417,0.4874179,-3.7895973,141.83542,-13.0603,-6.7144084,108.58217,13.68138,-13.459959,106.38282,-4.001293,-19.361162,74.655556,11.12971,-1.7375624,80.96441,-29.936617
-2.7479255,199.82054,25.239761,-0.38597476,203.96094,23.237251,-6.925652,202.17152,23.144339,5.05011,204.5163,13.644478,-11.12413,201.3834,13.602994,19.79066,188.71344,12.197226,-10.783363,190.9526,-6.667014,35.52536,169.28665,2.1890357,-16.71394,176.37057,-28.85493,45.127163,147.72935,-3.3566215,-29.553522,162.99483,-45.109726,13.118203,139.67577,-0.24525154,-3.166266,141.58018,-13.953382,-6.8323812,109.95975,14.609981,-12.184559,106.03317,-5.677687,-15.976636,75.77847,6.2031646,-2.2171462,78.48416,-30.203619
-4.1945763,198.8456,24.862814,-1.8445106,202.995,22.856268,-8.357701,201.13455,22.663698,3.7612934,203.58076,13.41582,-12.298784,199.92586,13.048353,18.75779,187.48372,12.671619,-11.752295,189.1077,-7.5424385,35.30117,167.44261,4.723094,-16.170683,171.64546,-28.208456,44.585953,145.08868,2.3200119,-26.220434,154.73611,-43.4263,13.862512,139.22226,-0.8615926,-2.7343156,140.95267,-14.493091,-7.0071297,110.507454,15.3917265,-11.555894,105.22207,-7.392981,-11.644457,77.1095,1.0329661,-2.4879348,76.75817,-31.061514
-5.4148936,197.78351,24.184217,-3.0077748,201.93837,22.258614,-9.542349,200.16609,22.018242,2.6318917,202.5418,12.796906,-13.423583,198.83482,12.27535,17.882147,186.05106,12.805548,-12.533507,186.91803,-8.719401,34.129288,164.66428,7.9392323,-15.649912,166.94907,-27.281649,43.74266,142.07564,7.728404,-23.358229,147.44934,-41.098396,14.17698,138.92218,-0.8915388,-1.903356,140.11389,-15.374648,-6.818414,111.15833,15.806993,-11.514391,104.37262,-9.48223,-6.47165,80.1133,-3.106576,-2.9249082,75.31825,-31.859068
-6.586249,196.607,23.077976,-4.20549,200.92415,21.51239,-10.685488,199.02983,20.914215,1.6795127,201.65599,11.993563,-14.33424,197.93443,11.012807,16.567492,184.96837,13.150039,-12.905047,184.61462,-9.831929,32.593338,162.72144,10.8130865,-14.52087,162.37083,-26.30935,42.323364,140.261,12.995551,-20.79629,140.90666,-37.99467,14.813082,138.64464,-0.8482183,-0.8505117,139.3751,-16.314896,-6.4672217,111.78347,15.952381,-11.644295,103.96938,-11.388179,-2.2314537,83.474754,-6.7255564,-2.7496326,74.06166,-32.009212
-7.458966,195.89035,22.009186,-5.154571,200.21811,20.348183,-11.558059,198.132,19.651222,1.0153885,200.97115,11.079311,-14.953883,197.09724,9.786557,15.576133,184.49234,12.449059,-12.913397,182.49333,-10.734829,30.750198,161.51286,13.457693,-13.415338,158.61801,-24.818588,40.04948,139.26619,18.249292,-18.683317,135.71936,-34.186207,15.56809,138.35512,-1.1181773,-0.09724299,138.45204,-17.110828,-6.245846,112.479774,15.796526,-12.1931,103.5331,-13.047112,2.3086402,88.13808,-9.945932,-2.594212,73.15476,-31.865356
-7.9795814,195.44644,20.824589,-5.645799,199.71483,19.061918,-12.052553,197.62373,18.359888,0.5030509,200.42087,9.859682,-15.398459,196.28358,8.557691,14.673223,184.5191,11.579946,-12.702317,181.1867,-11.308145,29.185259,161.53442,15.414623,-12.585936,156.1388,-23.218613,36.743526,139.65709,23.082935,-17.067532,132.08546,-30.125322,16.37412,138.44383,-1.7431617,0.89257,138.13168,-17.949966,-6.051092,113.09902,15.357286,-13.164674,103.52519,-13.908057,7.6966968,94.5143,-12.7179985,-3.4205039,72.367546,-31.127295
-8.395706,195.59586,19.482967,-6.0160656,199.80022,17.633888,-12.467642,197.79668,17.03369,0.32409024,200.7247,8.751735,-15.524639,196.55313,7.034015,14.285726,184.90283,11.34502,-12.009159,180.7741,-12.263468,28.481785,162.13293,16.936249,-11.55146,154.81372,-22.232433,32.61852,140.66545,27.186913,-16.491755,130.28015,-25.001623,17.163063,138.58873,-2.4066958,1.7116965,137.95604,-18.647253,-6.194551,113.68681,14.785327,-14.074892,103.57725,-14.42849,11.938422,100.27113,-14.395149,-3.7974331,72.168434,-30.814692
-8.223082,196.19255,18.102749,-5.957467,200.4474,16.230494,-12.299414,198.1554,15.478578,0.4156611,201.53424,7.4226775,-15.3697,197.1855,5.6487656,13.832528,185.74593,11.025982,-11.39319,181.33594,-13.190613,28.257406,163.53389,18.084284,-10.673854,154.9481,-21.713606,27.216751,143.12335,30.189232,-16.301321,130.94186,-19.17575,17.527494,138.67924,-2.7739997,2.357663,137.96158,-19.261126,-6.1804166,113.63381,14.140866,-14.53725,104.35552,-15.079254,15.784045,105.949814,-14.549697,-4.455857,72.10479,-30.579582
-8.257217,197.2853,17.146677,-5.902602,201.4518,15.19062,-12.28319,199.26695,14.454574,0.68135154,202.60468,6.709357,-15.132563,198.39748,4.5540857,13.773533,187.23033,10.825924,-10.8234625,182.42957,-13.954633,28.799479,165.85692,18.753548,-10.284915,155.79546,-21.608973,22.135492,146.98656,31.799732,-16.175812,132.91777,-14.024864,17.884521,139.32489,-2.9629328,2.9013367,138.8438,-19.772518,-5.801809,113.46101,14.111282,-14.302132,105.34391,-15.870619,18.007496,109.47971,-14.671846,-5.2195077,72.12923,-30.679415
-8.407033,198.7153,16.407444,-6.0129924,202.90262,14.540585,-12.437934,200.85608,13.846848,0.62040025,204.23383,6.176586,-15.217842,200.17151,3.8420718,13.449499,189.00325,10.267543,-11.1742115,183.93974,-14.280426,29.468721,168.98524,19.136799,-10.630635,157.34227,-21.45161,18.05521,151.89491,31.776968,-16.0518,136.4764,-9.270058,18.71702,141.13132,-3.205484,3.1220622,140.37508,-19.830748,-3.3210175,114.72831,14.111312,-13.502754,106.2402,-16.925161,19.653828,112.27123,-14.597275,-6.3305206,72.401505,-30.545397
-8.509974,200.28796,15.694266,-6.13155,204.6199,14.15817,-12.553389,202.60579,13.320807,0.744265,205.98991,5.7456255,-15.139495,202.24074,3.1290863,13.452007,191.06046,9.796828,-11.3700695,186.03563,-14.847607,29.508396,171.67947,20.005663,-11.938081,159.44905,-21.052446,13.858325,157.72719,31.29433,-15.513126,141.53679,-4.640788,19.454258,143.08188,-3.5494795,3.5365593,142.21394,-20.072237,-2.0935664,116.823105,14.337976,-11.839251,107.258965,-17.846016,21.768843,117.220726,-14.696964,-7.2341537,72.52768,-30.777216
-8.351301,202.18561,15.332379,-6.014994,206.54742,13.809658,-12.452642,204.53183,13.085223,1.0973105,207.88037,5.5439186,-14.792986,204.28535,2.717869,13.260272,193.21904,9.4026375,-11.617823,188.32794,-15.137505,29.583832,174.94421,20.551353,-13.38716,161.91505,-20.956215,9.999728,163.78506,29.433735,-15.039825,147.34993,-1.2520813,19.988062,145.39171,-4.0066323,4.1680045,144.06468,-20.11413,-1.2812244,119.14915,14.979187,-9.555226,108.33183,-18.280233,22.382574,119.50584,-14.500157,-7.9865994,72.866646,-30.609007
-8.188731,204.0345,14.874658,-5.837394,208.45009,13.553372,-12.264266,206.46364,12.666093,1.437282,209.94469,5.4127493,-14.4527855,206.47142,2.2266612,13.415153,195.71574,8.839717,-11.790857,190.94554,-15.452051,28.772251,177.81062,21.593191,-14.743955,164.59317,-20.508608,6.583519,169.5749,27.02974,-15.192635,154.1771,1.679916,20.762598,147.8735,-4.364411,4.6507926,145.81963,-20.164112,-0.07117689,121.9181,15.786626,-7.2305565,109.2126,-18.81472,22.152792,120.25096,-14.245986,-8.002032,73.27918,-30.112837
-8.10563,205.99117,14.587851,-5.6233277,210.37173,13.397809,-12.083766,208.56085,12.367948,1.590352,211.81837,5.152203,-14.314225,208.50217,1.9360905,13.623452,197.8827,8.169638,-11.915592,193.17734,-15.89599,27.821585,180.09834,22.306461,-16.538727,167.00943,-20.036903,3.973825,175.53766,25.36515,-16.587294,160.43236,3.6193166,21.569323,149.95593,-4.9415927,5.022373,147.25867,-20.551573,1.8514174,125.5078,17.108044,-4.683657,109.86929,-19.55328,21.156982,118.523865,-13.597077,-6.757095,73.76341,-29.434092
-7.842493,207.64363,14.231675,-5.4594703,212.11845,13.211108,-11.823508,210.14314,11.935564,1.9674693,213.58054,4.9232264,-13.903159,210.37825,1.5605211,13.579459,200.0006,7.416746,-12.243733,195.22803,-16.222204,26.316679,182.60712,23.4274,-19.121136,169.25868,-18.847572,2.190191,180.34103,23.637037,-17.973375,166.32683,5.6375437,22.08877,151.86105,-5.974355,5.4962463,148.89236,-20.918947,4.296815,128.32114,17.900242,-3.2871757,111.197914,-19.684452,20.535637,116.536026,-13.280751,-4.8172164,74.97733,-28.952784
-7.3226743,208.9519,13.778143,-4.949426,213.44623,12.79878,-11.292333,211.44527,11.462049,2.3153355,214.99768,4.4631743,-13.587673,211.73401,1.1716874,13.76448,202.1586,6.5739007,-12.53735,196.87018,-16.48808,24.548388,185.16135,24.371025,-22.173391,171.7201,-16.968048,0.38211808,184.66241,22.489199,-19.579613,172.57037,7.483524,22.51429,153.44998,-6.6710925,5.7608337,150.06673,-21.43286,5.9105854,130.09772,18.185265,-2.3153474,112.329185,-19.780796,20.368418,114.28555,-12.1832,-1.8066406,76.17737,-29.252668
-6.909715,210.2893,13.451456,-4.493246,214.71388,12.292484,-10.874209,212.74937,11.077452,2.6998932,216.09892,3.923726,-13.310945,213.1254,0.9673535,13.920748,203.89864,5.3248224,-12.575287,198.46034,-16.620628,22.682598,187.77388,24.923044,-24.391846,174.19057,-15.1454735,-1.3119329,188.36241,21.361397,-20.863098,178.39804,8.983025,22.62656,154.60602,-7.129664,5.8114386,151.19453,-21.93794,7.2859964,130.60818,18.229137,-1.9065411,113.283455,-19.540947,19.82222,110.43519,-10.2025175,1.787365,77.44221,-29.956726
-6.2972684,211.63281,13.138322,-3.8993905,215.88472,11.453318,-10.320158,213.84364,10.619741,3.036468,217.0754,3.0786846,-12.909188,213.59286,0.5557067,14.123814,205.15422,4.1045976,-12.592378,199.8295,-16.913671,20.420364,189.89503,25.434118,-26.638126,177.08095,-12.804357,-3.3786638,191.29088,20.999702,-22.381252,183.47185,10.557271,22.754335,155.11325,-7.534799,5.851567,152.063,-22.546162,8.71667,130.08264,17.718733,-1.1861787,114.08509,-19.31991,19.25395,105.59724,-7.85658,5.445437,78.6217,-30.684717
-5.8175,212.5549,12.464195,-3.461206,216.7894,10.67347,-9.830511,214.61061,9.8101425,3.5136027,217.87404,2.3575356,-12.373106,214.2756,-0.2294833,14.319468,206.04895,3.1087449,-12.030472,201.02895,-17.19316,18.025932,191.87155,25.822838,-28.42294,180.38757,-11.029829,-5.858972,194.014,21.609737,-23.493536,187.79706,11.704623,22.30529,155.67734,-7.9078045,5.8449717,152.98758,-23.23609,10.227812,128.96971,16.945879,-0.3144771,115.100624,-19.073126,18.763525,99.975525,-4.478776,8.602118,80.38734,-31.348898
-5.484377,213.2825,11.73486,-3.1919131,217.58923,10.023597,-9.56521,215.40839,9.238991,3.7818618,218.47797,1.4969546,-12.094685,214.84093,-0.95675164,14.662927,206.6811,2.2639074,-11.640528,201.87097,-17.736202,15.570902,193.49814,25.840067,-29.68208,183.52614,-9.166289,-8.156939,196.00664,22.222242,-24.349424,192.1114,13.165491,21.968224,155.67917,-8.323264,5.828513,153.42743,-23.783361,11.523097,127.39744,15.675513,0.58049434,115.64273,-19.145834,18.330597,94.52027,-0.5182621,11.91854,81.96648,-32.03166
-5.149364,213.69484,10.782711,-2.8773625,218.00467,9.060508,-9.283163,215.84874,8.412575,4.0340133,218.82242,0.39248723,-11.975185,215.56752,-1.7212365,15.039467,206.87816,1.2135713,-11.353891,202.47298,-18.414522,13.314953,194.87839,25.344778,-30.125793,186.66728,-7.0636134,-10.521146,198.62656,24.214392,-26.108128,195.84772,15.339092,21.687447,155.61531,-8.79484,5.812395,153.55428,-24.53184,13.168261,125.49873,14.011247,1.6247332,115.647606,-19.520592,18.23084,89.76576,4.0423427,14.481922,82.50188,-32.767063
-4.959198,214.08652,9.863673,-2.4919226,218.26065,8.079987,-8.980096,216.39508,7.432326,4.512084,218.74297,-0.48043463,-11.565285,215.85847,-2.745266,14.758808,206.6653,0.51015735,-10.983735,202.85869,-19.081425,10.547454,195.64201,24.81373,-29.745687,189.22484,-5.660254,-13.003579,200.41919,26.507824,-27.81091,197.94833,17.298212,21.345602,155.34016,-9.203681,5.702685,153.42406,-25.12772,14.694554,123.19442,11.925792,2.8075411,115.08218,-19.86828,18.45376,86.46426,9.14597,16.717926,82.419235,-33.41061
-4.869606,214.01395,9.040776,-2.1864824,218.03438,7.204535,-8.728339,216.42732,6.447738,4.876269,218.4218,-1.1407741,-11.248659,215.94942,-3.6698885,14.736754,206.20772,-0.3641511,-10.810435,203.1492,-19.394314,7.9282703,196.22736,23.914007,-29.427416,191.81676,-3.674477,-15.150108,202.10278,27.716614,-29.595306,200.54672,19.469217,21.068521,154.89719,-9.508077,5.8115835,153.17633,-25.603167,16.12101,120.995346,9.670254,4.000123,114.55409,-20.502157,18.720095,84.43053,14.239855,18.753725,81.70783,-33.845993
-4.734981,213.52708,8.288802,-2.0064797,217.547,6.534931,-8.535456,215.96141,5.6254687,5.120624,217.89839,-1.862672,-11.046001,215.67264,-4.3509946,14.855769,205.48705,-1.3978558,-10.76915,203.16312,-19.153074,5.6537004,197.30667,22.77813,-29.001339,193.72137,-1.9902918,-17.04783,203.88824,28.667881,-31.05348,201.95232,21.267105,20.902885,154.07646,-9.643048,5.843739,152.69948,-26.054228,17.550234,118.61377,7.5893383,5.178818,113.60699,-21.31335,18.91498,83.68053,18.927647,20.173967,80.313675,-33.913788
-4.769625,213.09943,7.747496,-1.9003834,216.96878,5.874682,-8.463016,215.54134,4.9441853,5.1790285,217.08502,-2.4793205,-10.92704,214.81013,-5.0746555,14.769694,204.40683,-2.5441723,-11.157545,202.50002,-18.903631,3.6086624,197.8453,21.536041,-29.026232,195.6045,-0.12775289,-18.382963,204.88539,29.609968,-31.718077,203.22368,23.306509,20.845676,152.96913,-9.791859,5.8500247,151.6693,-26.232264,19.106754,116.76183,6.501895,6.4877257,112.37566,-22.350653,19.519491,82.75219,21.9303,20.977825,78.49371,-33.94677
-4.6114955,212.29425,7.2883434,-1.7382483,216.17293,5.446183,-8.261634,214.67897,4.3852415,5.3825884,215.9329,-2.9693973,-10.727932,213.82721,-5.5810013,14.317347,203.33936,-3.0267572,-11.308102,201.7379,-18.45363,2.1437995,198.14081,21.074926,-29.220346,196.75562,1.0887442,-19.334782,205.74661,30.287064,-32.092045,203.86136,24.790236,20.623041,151.83902,-10.359986,5.643568,150.61566,-26.232302,20.463514,115.824936,6.293464,7.473846,111.35786,-23.44918,20.319847,82.42574,23.581156,20.927036,76.88665,-34.1631
-4.7760406,211.24594,7.0579476,-1.7892479,215.05212,5.2402153,-8.351416,213.74323,4.149642,5.2639403,214.79453,-3.16678,-10.797558,212.4794,-5.891245,13.954379,201.9709,-2.9944863,-11.434731,200.6571,-18.342121,1.3682969,197.51764,20.907606,-29.70789,197.08932,1.529122,-19.566662,205.334,30.567371,-31.827406,203.88078,25.289356,20.48563,150.4595,-10.396506,5.771568,149.15758,-26.292631,21.333021,115.18539,7.1440034,8.048085,110.12403,-24.411108,21.64885,81.86292,24.290771,20.37718,75.412346,-34.681156
-4.8303547,210.73305,7.1511836,-1.7620544,214.3696,5.1283064,-8.37763,213.2152,4.1998825,5.1867733,213.89423,-3.1984086,-10.940623,211.7715,-5.779431,13.826059,200.72864,-2.8319376,-11.573071,199.81764,-18.318796,1.3991346,196.69337,21.229874,-30.111444,196.53673,1.1814433,-19.659407,204.99512,30.200567,-31.85345,203.31969,24.866058,20.542818,148.96936,-10.149569,5.910632,147.70572,-26.032904,21.630165,114.57429,8.567015,8.165404,108.99586,-25.187468,23.150438,80.96155,24.048845,19.296608,74.2038,-35.07466
-4.817841,210.09023,7.5612044,-1.7885923,213.74738,5.531678,-8.380855,212.47087,4.542294,5.079668,213.18657,-2.963784,-11.175453,211.38458,-5.235775,13.883984,199.92342,-2.4441903,-11.607069,198.79349,-18.514282,2.2224174,195.12346,21.743809,-30.899654,194.97238,0.06804025,-19.063854,203.84216,29.590202,-31.42213,202.39749,23.637873,20.588713,148.05766,-9.68008,5.8415914,146.8343,-25.986513,21.616312,114.00212,9.78663,7.521572,108.37217,-25.407192,24.534678,79.801605,22.791441,17.866512,73.66515,-35.021355
-4.952692,209.80038,8.096921,-1.9687656,213.55458,6.166333,-8.540867,212.21187,5.131965,4.888662,212.6986,-2.474811,-11.409147,211.04198,-4.649364,14.197015,199.27608,-1.4398851,-11.49035,198.44612,-18.76544,3.5006845,192.84698,22.665369,-31.486599,193.17256,-1.6230524,-17.935406,202.36127,28.757172,-30.55073,201.04016,21.857714,20.89005,147.81433,-9.072616,5.892179,146.96936,-25.497158,21.274603,114.26215,10.575892,5.707153,108.55532,-25.085604,25.848293,79.2875,20.344282,16.135916,74.02038,-34.987717
-5.222487,209.62415,8.969452,-2.2549005,213.34485,6.950787,-8.839773,212.00438,6.0149083,4.664529,212.84662,-1.5156392,-11.573174,211.1181,-3.7941794,14.364004,199.28563,-0.7441886,-11.392371,198.57768,-18.652777,5.697691,190.0918,23.207806,-32.06834,190.59802,-3.1308804,-16.039822,199.78804,27.185001,-29.952387,199.31369,19.977074,21.185442,147.86412,-8.620131,6.2150326,147.00665,-25.197224,21.081512,114.362785,11.082178,2.7972703,109.24206,-24.173542,27.29801,78.75847,16.94344,14.039766,75.0415,-34.502083
-5.3906074,209.41054,9.9195385,-2.50447,213.26547,8.039667,-9.061647,211.83069,7.067983,4.3572555,213.13605,-0.48864576,-11.923765,211.11717,-2.7216349,15.031897,199.50093,0.28514636,-11.330386,198.55002,-18.45016,7.929031,186.99124,23.423018,-31.749159,187.00067,-5.152333,-14.088079,196.76883,25.592234,-28.925705,196.36372,17.581036,21.798458,148.19078,-8.220937,6.5661497,147.5443,-24.747437,20.429699,114.647606,11.26056,-0.9227875,110.395966,-22.861164,28.390207,78.78715,13.077952,11.393909,76.6204,-33.60482
-5.6253295,209.14088,10.823046,-2.9220376,213.18016,9.064394,-9.398762,211.44856,8.019432,4.143718,213.0466,0.47295943,-12.051674,211.0199,-1.8731015,15.302774,199.688,1.8694519,-11.141306,198.72456,-18.13439,9.858922,184.12859,23.615791,-30.649694,183.75752,-7.7653847,-12.482275,193.47116,24.235596,-27.175629,192.78616,14.973802,22.62632,148.7438,-7.9369946,6.6682043,148.01427,-24.405842,20.287342,114.84584,10.965572,-4.8767066,112.114006,-20.90169,29.149174,78.95069,9.154381,8.286959,79.18935,-32.177025
-5.962307,208.37401,11.518458,-3.1417131,212.49026,10.144509,-9.685176,211.09406,9.040073,4.1579103,212.72234,1.702643,-12.029215,210.92453,-1.1789026,15.644772,199.33292,3.6264207,-11.087064,198.59488,-17.478384,11.568808,181.17532,23.584778,-29.301197,180.32112,-10.325527,-11.106566,189.59918,22.978119,-25.63381,189.06221,12.563533,23.37837,148.98782,-8.294902,6.4925146,148.4378,-24.19872,20.356783,114.8579,10.24088,-8.759042,114.17618,-18.580906,29.862139,78.981964,5.391665,5.244796,82.17335,-30.733736
-6.1644206,207.62897,12.4480915,-3.3254073,211.80254,11.312069,-9.825234,210.40303,9.943488,4.2146745,212.00893,2.9577317,-11.911228,210.1906,-0.38467145,15.670702,198.63907,5.1028934,-11.145957,197.93643,-16.958267,13.027144,178.17813,23.244783,-27.564676,177.06058,-12.918488,-10.088716,185.43506,21.533209,-23.99704,184.0309,10.49625,23.846075,149.05046,-8.681561,5.9009557,148.58768,-23.856112,21.071867,114.58441,9.01273,-12.543767,116.44089,-15.969617,30.349844,78.72808,2.022156,2.4851837,85.61627,-29.304686
-6.5055027,206.80072,13.429334,-3.6092327,210.94847,12.343064,-10.096102,209.62059,10.860307,4.1263,211.05841,4.1984,-11.909633,209.24449,0.4371193,15.397616,197.5447,6.942573,-10.787966,196.99841,-16.297537,14.510875,174.99512,22.283913,-25.00407,174.34619,-16.101402,-9.215802,179.21437,20.47901,-22.773228,177.96608,7.9688234,23.701088,148.75638,-8.614783,5.52893,148.74033,-23.767435,21.441957,114.08259,8.282217,-15.539654,118.98549,-13.660189,30.571466,78.83251,-1.2035599,0.16295442,88.97241,-27.579853
-7.0222583,205.8571,14.697203,-4.015883,209.8635,13.413064,-10.5540285,208.6645,12.0428095,3.8648968,209.73523,5.5482917,-12.107485,207.88287,1.4967269,15.183809,195.76765,8.456697,-10.336243,195.68639,-15.733655,16.122078,171.9762,21.109276,-22.110142,172.01154,-18.96333,-7.9414363,173.87424,18.172478,-21.206562,172.10176,5.384644,23.604946,148.22171,-8.544171,5.154503,148.77426,-23.641068,21.378464,113.06588,7.7845726,-18.122757,121.73012,-11.479356,29.916914,78.29682,-3.542014,-1.8088151,92.667595,-26.202171
-7.3735,204.76419,15.85113,-4.4173326,208.64362,14.129989,-10.980903,207.3663,13.081565,3.680685,208.18336,6.803539,-12.287664,206.49327,2.5648434,15.013615,193.45593,9.905047,-10.208789,194.19862,-15.329432,17.5866,168.43416,19.48401,-19.38247,169.88615,-21.814205,-6.5404186,168.50455,16.852901,-19.15337,166.30045,2.2482586,23.029654,147.41426,-8.166505,4.76044,148.48116,-23.688215,20.999754,111.80385,7.4642353,-20.34333,124.36027,-9.215172,28.536362,77.440025,-5.1653666,-2.9193308,96.589516,-25.006624
-7.7616634,203.32922,16.982529,-4.6431036,207.00475,15.092296,-11.260603,205.98112,14.120577,3.5563457,206.43916,8.14052,-12.345309,205.09113,3.6002316,14.978939,190.929,10.990956,-10.099601,192.20802,-15.034923,18.959236,165.1038,17.880964,-17.304941,167.82492,-23.900312,-4.992502,161.86664,15.571712,-18.16362,160.169,-0.686389,22.622564,145.8664,-8.203643,4.374577,147.70573,-23.93188,20.13928,109.90273,7.1352057,-21.889317,126.39894,-7.0739546,27.295088,75.805664,-6.319561,-3.465369,100.357475,-24.364328
-7.917719,201.4078,17.905275,-4.6757827,205.01865,16.105806,-11.306202,204.20203,15.043473,3.5224862,204.51936,9.234537,-12.343379,203.2373,4.470828,15.055177,188.17186,11.411292,-10.204442,189.9948,-14.82018,19.822777,161.94229,16.286457,-15.966114,165.80156,-25.051567,-3.0201714,154.42468,15.083676,-17.647932,153.3296,-3.8734522,21.902573,144.59288,-8.155472,3.8173373,146.75438,-23.989481,19.120098,108.353355,6.861476,-23.019947,127.46114,-5.4871664,26.153198,74.52971,-7.0618534,-3.2919545,103.44513,-23.963652
-7.9496527,199.48259,18.708677,-4.5329723,203.06952,17.223265,-11.162681,202.49896,15.881418,3.4708323,202.57634,9.943533,-12.416305,201.53644,5.323159,15.149338,185.56563,11.628394,-10.209909,187.96513,-14.622392,20.554089,159.27,14.49952,-15.089682,164.00899,-25.885563,-0.5676733,147.9173,15.469659,-17.585798,148.8836,-6.3702617,20.982357,143.17535,-8.329824,3.1302114,145.71152,-24.27687,17.462133,107.09274,6.89068,-23.886692,127.86036,-4.5394635,24.691935,73.531555,-7.739302,-2.0395327,106.23795,-23.80463
-7.997224,197.60922,19.488054,-4.714963,201.3522,18.095057,-11.351862,200.63036,16.84028,3.4078715,200.72253,10.702399,-12.505963,199.82347,6.1320906,14.960227,183.64128,11.624899,-10.151618,186.14252,-14.137877,21.257332,157.29538,12.332705,-14.973518,162.64049,-26.455868,2.841386,142.28696,15.881834,-17.868452,145.97688,-8.1840925,20.253937,141.99126,-8.801899,2.5447896,144.70874,-24.566628,15.813124,106.4045,7.13326,-24.007927,126.94675,-3.97896,22.74378,72.88312,-8.221348,-0.2509204,108.047325,-23.883907
-8.092324,196.27144,20.280218,-4.95066,200.04457,18.6438,-11.608434,199.19684,17.725092,3.2965999,199.38724,11.467505,-12.624357,198.72398,6.974449,14.518462,181.97034,11.480733,-10.674558,185.06061,-13.354673,21.680557,155.7572,10.364725,-15.321567,162.44633,-27.334042,6.6535497,138.21481,16.60987,-18.120083,145.64185,-9.395538,19.690866,140.53914,-9.597027,1.9098178,143.51968,-24.567062,14.218233,105.832466,7.2381444,-23.819912,125.01892,-3.6253862,20.72327,72.48923,-8.670502,2.5205364,109.68758,-24.240307
-8.081188,195.19467,21.158571,-4.857949,198.76663,19.257998,-11.567597,198.1481,18.594837,3.1370895,198.40384,12.121326,-12.89197,197.93431,7.9915047,14.411525,180.89038,11.006046,-11.851049,184.28041,-12.105801,23.212627,154.93135,7.886772,-16.479515,162.57272,-27.771162,10.911646,135.63315,16.014702,-18.757036,146.00577,-9.695121,18.692198,139.71243,-10.306099,0.66924185,142.72484,-24.453485,12.765336,105.35801,7.463388,-23.166971,121.63303,-3.6882777,18.545235,72.25294,-9.134034,5.3083787,110.14026,-24.341167
-7.797574,194.40366,21.81775,-4.420483,198.06578,20.43653,-11.098343,197.58171,19.290998,3.0771885,197.7866,12.437426,-13.058882,197.57515,8.892347,14.068377,180.36719,10.314738,-13.343107,184.25409,-11.4002905,24.725986,155.41849,5.0999875,-18.56077,163.3385,-28.059855,15.53666,135.95854,15.596256,-20.077782,147.81079,-9.217042,17.317957,139.11534,-10.485376,-0.59155416,141.70068,-24.152012,11.379538,105.33991,7.609253,-21.689907,117.435005,-4.087005,16.559984,72.34784,-9.250813,7.972712,109.73209,-24.842894
-7.451054,194.09598,22.316729,-3.997379,197.76219,21.16274,-10.65196,197.45197,19.883316,3.2036724,197.45003,12.687604,-13.024151,197.60901,9.618628,13.958651,180.60031,9.502487,-14.706133,184.61803,-10.329815,26.015057,157.00285,2.806291,-20.982857,165.04276,-28.058287,18.93697,138.16167,15.557387,-22.301157,150.62505,-8.349195,16.244669,138.53656,-10.958233,-1.983473,140.80597,-23.758936,10.634587,104.68129,7.5147448,-19.720633,113.05066,-4.942076,14.66658,72.16334,-9.609324,11.158612,108.45761,-25.044058
-7.256854,194.23756,22.754652,-3.709684,197.82709,21.64165,-10.362869,197.65944,20.29977,3.2198932,197.54712,12.9070425,-13.046684,198.15092,10.252715,13.975333,181.12215,8.636269,-16.005365,185.02994,-9.608209,27.380112,158.89026,0.38129166,-24.1872,166.47215,-27.843584,21.954758,141.2195,15.114916,-25.225798,153.97755,-6.9328427,15.353484,138.18845,-10.998634,-3.296973,139.86171,-23.36878,9.80848,104.42591,7.2769747,-16.715012,109.07604,-5.784989,12.986637,72.17317,-9.783514,15.127744,106.68268,-24.944727
-6.828528,194.4586,23.017023,-3.2839952,198.05833,21.912655,-9.9746685,197.98137,20.765465,3.4246242,197.83847,13.009821,-12.91193,198.6141,10.693773,14.146342,181.86696,7.401018,-17.281963,185.66306,-8.830421,28.624578,160.66023,-2.1458516,-27.6829,168.3037,-27.234587,24.012274,144.80672,14.7898655,-28.589533,158.18483,-5.0883236,14.238122,138.50545,-11.289467,-4.32197,139.44585,-23.059502,9.266057,104.982285,7.155886,-13.280432,106.15875,-6.4599032,11.205819,72.79032,-10.107328,19.238104,104.139275,-24.530123
-6.2687483,194.98117,23.424026,-2.7195215,198.466,22.04706,-9.440649,198.45088,21.115665,3.646771,198.46321,13.089756,-12.743417,199.24046,11.240949,14.420294,182.62875,6.1806374,-18.309975,186.6633,-7.911437,29.998064,162.93652,-5.127604,-31.146917,170.66464,-26.005527,26.4664,149.20726,14.058588,-32.656715,162.4468,-3.0200527,13.284748,139.04243,-11.488478,-5.6017914,139.26697,-23.097202,8.75065,106.05,7.486878,-9.909465,104.38077,-7.468762,9.389614,73.980286,-9.789567,22.840658,101.77539,-24.734928
-5.8811417,195.41763,23.392197,-2.4034002,198.96725,21.98069,-9.148396,198.90158,21.24338,3.9276948,199.10626,13.019979,-12.489971,199.80455,11.358541,14.689301,183.64783,4.6937146,-19.399004,187.56905,-7.243395,30.723038,164.78355,-7.1105328,-34.384804,173.16536,-24.62234,29.544004,153.91934,13.979135,-37.129364,166.92313,-1.1045617,12.33872,139.58626,-11.857209,-6.7071033,139.02562,-22.923353,8.097854,107.2973,8.500842,-6.1916537,103.234604,-8.86984,7.651847,75.12979,-8.919834,26.762377,99.13533,-25.51741
-5.4799757,195.83038,23.20243,-1.9689076,199.28893,21.646824,-8.734821,199.3992,21.186087,4.086668,199.57396,12.664328,-12.353902,200.25937,11.298905,14.851232,184.55797,2.835335,-20.026848,188.19695,-6.510684,31.233696,165.94073,-8.875656,-37.45876,175.68605,-22.773441,32.25456,158.90729,13.720104,-41.653008,170.38504,0.7610363,11.512021,139.87292,-11.934171,-7.621731,138.89224,-23.012646,7.3681846,108.30739,9.907193,-2.6504748,102.66595,-10.304866,6.4592414,76.356926,-7.3229747,30.182829,95.38502,-26.487804
-5.1025476,196.04736,22.711048,-1.6098529,199.55647,21.224577,-8.381788,199.69724,20.877338,4.2595725,199.59935,11.943612,-12.178264,200.2755,10.890882,14.526809,185.43288,1.4681288,-20.679165,188.5154,-5.5051,31.228485,167.2165,-9.731698,-40.261158,177.91664,-20.347227,35.398243,163.19398,13.151199,-46.50562,173.38214,3.1886935,11.047824,140.09427,-12.105939,-8.169661,138.7915,-23.079906,6.8803453,109.424355,10.808673,0.8998216,102.744125,-11.811915,5.4859066,77.18813,-5.975186,33.16105,91.967674,-27.707178
-4.8795953,196.27057,21.9614,-1.3370761,199.66724,20.344282,-8.106734,199.96768,20.132786,4.3616977,199.71004,11.054219,-12.088553,200.44183,10.213339,13.965114,186.04012,0.20818275,-20.907106,188.6961,-4.943082,31.200796,167.98679,-9.547194,-42.75938,180.05571,-17.409384,38.41678,166.45226,13.215441,-51.2149,176.17395,5.7172203,10.640474,140.40071,-12.659756,-8.503789,138.7544,-22.961147,6.52712,110.36335,11.405899,3.8866615,102.98947,-13.200458,5.3081813,77.811,-5.1174154,35.49031,88.01433,-28.414333
-4.7553563,196.18004,21.103725,-1.0707705,199.50049,19.643576,-7.816593,200.05417,19.34643,4.487776,199.59763,10.160455,-11.953452,200.50809,9.403108,13.624543,186.15141,-0.8692785,-21.48559,188.58012,-4.212127,31.605127,168.38052,-9.798849,-45.418125,181.91884,-13.852209,41.05954,169.08614,12.211904,-55.69086,179.15027,8.718411,10.528104,140.38173,-12.857188,-8.524087,138.32776,-22.696138,6.039658,111.290634,11.983296,6.65726,102.78538,-14.57333,5.6824527,78.40278,-4.332544,37.03037,84.03078,-29.37924
-4.6286325,195.98616,20.357883,-0.9206901,199.17038,18.685242,-7.6667786,199.7764,18.403404,4.362929,199.13397,9.14091,-12.044659,200.16034,8.734686,13.017953,185.8199,-2.0209095,-22.243858,188.358,-3.740643,32.202866,168.65866,-9.415218,-47.676807,183.6085,-10.082726,44.36445,171.16107,11.041134,-60.050064,181.946,11.472221,10.542335,140.38486,-12.9672365,-8.176829,138.07137,-22.30239,5.9114,111.95236,12.667892,8.82859,102.71004,-15.961952,6.7172313,78.6976,-3.28171,37.460567,80.54416,-30.730589
-4.5498037,195.68396,19.661411,-0.8722804,198.79941,17.793184,-7.6224985,199.39946,17.618864,4.2302513,198.57054,8.205993,-12.198032,199.75943,8.165844,12.525606,185.23416,-3.2818391,-23.172855,187.95534,-3.3127322,33.010674,168.85896,-9.241303,-49.5811,185.0018,-5.8984885,47.128643,172.31142,9.82263,-64.171455,184.04752,14.164298,11.165469,139.88167,-13.386783,-7.9063478,137.44067,-21.596346,5.711044,112.43327,13.58826,10.410004,102.38773,-17.507961,8.362378,79.06397,-2.1765902,37.530304,78.44704,-32.618443
-4.725397,195.34348,18.706842,-0.9707193,198.28749,16.72282,-7.682186,199.19745,16.742735,3.8410275,197.9161,6.999102,-12.559082,199.25066,7.2929926,11.862626,184.53226,-4.4310555,-24.254496,187.1027,-3.3197775,33.687305,169.46706,-9.124004,-50.75919,185.7714,-1.4920814,48.828518,172.93744,9.000205,-67.43674,185.80316,16.73501,11.6060505,139.17511,-13.285808,-7.7842093,136.46129,-20.915804,5.797109,112.72424,14.634019,11.723817,101.746796,-19.10654,10.496997,79.364494,-0.968692,38.328568,77.48371,-34.189964
-5.0664997,194.8193,17.919613,-1.3289266,197.67087,15.771357,-8.034658,198.62909,15.898291,3.393111,197.06238,6.0715227,-12.997829,198.65602,6.552549,11.116429,183.56494,-5.37553,-24.98003,186.34987,-3.4252844,33.79985,169.84103,-9.633714,-51.216488,186.3522,1.6382731,49.141747,173.07803,8.546811,-68.634705,186.88022,19.168407,11.403484,138.19708,-12.935165,-7.5866294,135.39595,-20.53264,6.2236834,112.3748,15.804064,12.824972,101.208305,-20.337547,12.789204,79.01145,0.4035056,39.153286,76.86195,-35.53451
-5.692039,194.24876,17.066004,-1.859703,196.84839,14.779028,-8.507043,198.15608,15.002529,2.9299586,196.2429,5.2883596,-13.477668,197.86569,5.500691,10.678238,182.7326,-6.001394,-25.669027,185.45459,-3.1037157,33.92957,170.51587,-10.875129,-51.206757,187.28102,4.6938753,48.302044,173.11133,7.9033294,-68.71789,187.55008,21.894068,11.292696,137.29485,-12.312146,-7.637797,134.49472,-20.169222,7.2078915,111.53464,16.759338,13.5222435,100.708046,-21.292276,14.925469,78.757774,1.3127717,39.979813,76.16731,-36.44611
-5.940645,193.99008,16.659792,-2.0783286,196.50679,14.322304,-8.714733,197.86653,14.495907,2.5763485,195.84602,4.8105974,-13.842695,197.44818,5.113366,10.129163,182.51707,-6.513716,-25.743774,185.0038,-2.481476,33.156807,171.28418,-13.128275,-51.044163,187.89494,5.7399483,45.93716,172.97484,6.859645,-67.405525,187.379,24.04351,11.121835,136.65349,-11.599477,-7.6646867,133.78418,-19.698725,8.22883,111.24491,17.749834,14.359142,100.55261,-21.5068,16.685278,78.39916,2.1391997,40.239986,75.91872,-37.005634
-5.993892,194.05623,16.814394,-2.261955,196.61086,14.309822,-8.932817,197.79109,14.624289,2.433884,195.91673,4.8999715,-14.059127,197.29611,5.3210773,9.844055,182.48558,-6.694418,-25.82087,185.03581,-1.2370152,32.03218,171.38925,-15.913125,-51.565105,187.68146,5.460248,43.236988,171.85744,5.12013,-65.4684,185.27649,25.173574,11.146103,136.35846,-11.218222,-8.116455,133.45496,-18.49908,10.195562,110.14072,17.85443,14.637598,100.68641,-21.106668,18.551977,77.56747,2.282122,40.14027,75.75249,-37.191525
-5.931772,194.59265,17.188768,-2.265891,197.12535,14.568184,-8.948552,198.22224,14.91901,2.4675248,196.18513,5.2092824,-14.021585,197.43704,5.664992,9.624998,182.74324,-7.2084002,-25.796362,185.29512,-0.27524114,30.295012,171.29799,-19.031433,-52.13056,187.52249,4.9067574,39.617455,170.18047,3.041404,-61.994827,181.93811,26.226906,10.91961,136.50066,-10.380001,-8.216056,133.46832,-17.726246,11.956132,109.54697,17.920937,14.475591,100.871605,-20.401037,20.11921,76.89532,2.486758,39.83008,76.028786,-37.11064
-5.4472055,195.12967,17.676605,-1.7895498,197.73026,15.103913,-8.490453,198.69084,15.339144,2.701116,196.70819,5.5757346,-13.757772,198.07297,6.294366,9.235862,183.20218,-7.9159265,-25.706324,185.66132,0.663074,28.102911,170.47667,-21.64035,-52.37185,185.89041,3.6882834,35.031906,167.16507,1.0183915,-57.506172,177.87868,25.962671,10.794768,136.77069,-9.615607,-8.554531,133.69785,-16.278711,13.977409,108.94767,17.44517,13.763297,101.114265,-18.96305,21.482073,76.006874,2.2337897,38.534515,76.71948,-36.587494
-5.053387,195.53818,18.035828,-1.3514056,198.20633,15.596468,-8.05277,199.22139,15.835851,3.0365865,197.56099,5.961932,-13.431626,198.92955,6.809367,8.992154,183.89688,-8.333848,-25.389,186.26271,1.227458,25.371023,169.46594,-23.840166,-52.09581,183.86023,3.3859415,30.771646,163.79259,-1.3209895,-53.275333,173.19717,25.157295,10.769483,137.16403,-9.595617,-9.020494,134.02112,-14.31436,16.001532,108.30942,16.13057,13.0435295,101.086266,-16.388567,22.751106,75.03831,1.5976783,36.932766,77.79067,-35.944843
-4.370644,195.99373,18.286285,-0.6486104,198.73868,15.981325,-7.338159,199.81656,16.285267,3.4860575,198.3242,6.0722933,-12.949765,199.7933,7.369459,8.908335,184.36952,-9.07723,-25.1787,186.66626,2.1019695,22.538296,167.9255,-25.475925,-51.322044,180.7198,3.106235,27.054409,160.59457,-3.2542021,-48.82226,167.39716,23.12089,10.498453,137.74219,-9.908313,-9.820924,134.45683,-12.065665,17.860155,107.91392,14.3551855,11.859884,101.32713,-13.072694,23.715248,74.1873,0.6059801,34.530273,79.06966,-34.43086
-3.8857794,196.34093,18.508863,-0.1449791,199.16536,16.332245,-6.8346677,200.25473,16.66402,4.01554,199.0967,6.375382,-12.400636,200.55501,7.681592,8.804338,184.6546,-9.596439,-24.964859,187.07635,2.6026714,20.049255,166.09464,-26.072468,-49.98585,177.3442,2.4173446,24.31621,156.57762,-4.7374234,-44.26305,161.46991,19.818459,10.281626,138.15009,-10.174154,-10.548331,134.89745,-10.64345,19.52649,107.66886,12.572591,10.36283,101.19172,-8.965791,24.18187,73.68093,-0.39068344,31.489994,80.20563,-32.392757
-3.0975816,196.81503,18.616562,0.6354607,199.53946,16.299953,-6.0262847,200.74599,16.78253,4.608302,199.54047,6.399828,-11.7579155,201.29955,7.9872355,8.655558,185.0989,-10.08292,-24.591978,187.29526,3.5092437,17.116222,164.93626,-26.157448,-47.766388,173.87448,1.6251023,22.32301,153.13527,-6.1221437,-40.76374,156.52824,16.95678,9.880522,138.49866,-10.839905,-11.49484,135.46161,-9.209168,21.590076,107.52114,10.091067,8.38745,101.508804,-4.438751,24.224888,73.19396,-1.537446,28.077236,81.7758,-29.88052
-2.4401512,197.38568,18.730776,1.1532564,200.163,16.267258,-5.555992,201.08275,16.719652,5.183718,199.82738,6.457319,-11.194945,201.47041,8.049681,8.564896,185.08269,-10.409446,-24.032211,186.91505,4.2344747,14.756839,163.5625,-25.915165,-44.945606,170.41072,0.7379978,21.14546,150.21088,-7.380324,-37.301838,151.70969,14.16395,9.353733,138.54712,-11.915795,-12.001128,135.72693,-8.335366,22.658562,107.68202,8.180025,6.27717,102.099815,0.11173658,24.220348,73.02302,-2.3568199,24.157887,84.49439,-27.339952
-1.9839967,197.65143,18.579927,1.5574336,200.58246,16.227272,-5.1629596,201.35455,16.675745,5.63483,200.15889,6.2891874,-10.789793,201.43028,7.8690286,8.602659,184.92372,-10.962575,-23.26003,186.15298,4.318624,13.295378,162.27325,-25.276432,-41.872417,167.1064,-0.04249394,19.841242,147.95093,-7.261896,-33.669323,147.38008,11.555465,8.851922,138.07562,-13.347473,-12.2382555,135.87091,-7.7323003,23.25653,107.07898,6.2661314,4.0993304,103.09894,4.9982347,24.745,72.12867,-3.25123,19.092453,87.63438,-24.905214
-1.5530828,197.98721,18.135878,2.031005,200.9977,15.942526,-4.7070537,201.70212,16.21337,5.813551,200.58446,5.714368,-10.587052,201.55429,7.514648,8.736574,184.65341,-11.414321,-22.622978,185.34447,4.307597,12.747033,161.43549,-24.8929,-39.010876,164.283,-0.84084195,18.537119,147.44048,-6.420629,-29.20002,144.61572,9.89609,8.434287,137.82623,-14.655522,-12.189966,136.09929,-7.6165113,23.698875,107.06322,4.3872824,1.7037984,104.89014,10.149712,25.583006,71.85777,-4.2902083,12.585783,91.63376,-22.130535
-1.3790244,198.41096,17.739702,2.2030547,201.46823,15.618133,-4.556274,202.03104,15.686337,6.082497,200.83423,5.3624444,-10.37075,201.68423,6.971716,9.122182,184.80972,-11.725839,-21.9319,184.85716,3.9702883,12.928159,161.00058,-24.548315,-36.573734,162.73381,-2.026746,16.477173,148.94351,-4.3264394,-24.571093,144.39355,8.69962,8.399353,137.84587,-15.604992,-12.397759,136.21268,-7.618196,24.15902,107.2491,2.7024264,-0.9767665,106.945946,14.05008,26.364405,71.865715,-5.004584,7.0214615,95.70745,-19.945635
-1.2657932,198.98347,17.341425,2.2759387,202.04337,15.140704,-4.4847674,202.53976,15.246982,6.262918,201.31683,4.923226,-10.190777,201.9088,6.420471,9.736019,185.32373,-12.227065,-21.584965,184.91689,3.5093324,13.76559,161.25342,-23.897728,-34.955482,162.15608,-2.6858077,15.171273,151.38992,-2.178646,-20.283817,145.80281,7.841785,8.302148,138.16853,-16.357546,-12.941774,137.01958,-8.147326,24.587662,107.708336,1.6502584,-3.483022,109.70334,16.95526,27.59732,72.13933,-5.93433,1.4915279,99.4421,-17.600994
-0.99263424,199.69795,16.84558,2.4560704,202.79729,14.557786,-4.311224,203.16493,14.74499,6.288582,201.98068,4.2936273,-10.112308,202.5123,6.056232,10.26898,186.31198,-12.437079,-21.285618,185.45526,2.8474073,15.0404415,162.02211,-22.937922,-33.8464,162.10611,-3.107392,13.764522,155.26573,-0.15211989,-16.19766,148.9608,7.143296,7.9702725,138.83965,-16.88038,-13.523354,137.8403,-8.364833,24.691494,108.12076,0.27159727,-5.8837357,112.648544,19.497438,28.811573,72.31175,-6.703064,-3.1390018,103.20884,-15.675164
-0.7501759,200.77841,16.262152,2.559705,203.81813,13.710353,-4.2004237,204.09271,14.154368,6.188938,203.2524,3.50779,-10.16804,203.64789,5.7500124,10.87558,187.77403,-12.740551,-21.227396,186.43835,2.1919367,16.90268,163.02803,-21.718554,-33.00695,162.37665,-3.1248062,12.355961,160.21725,1.5156926,-12.506841,153.76488,7.0999684,7.498509,139.89273,-17.185316,-14.094934,139.26846,-8.414608,24.602257,108.77065,-1.3061006,-7.722852,116.415565,21.475977,29.747595,72.72338,-7.4469767,-7.053608,106.52401,-13.731338
-0.5564926,201.96965,15.436756,2.6389208,205.09636,12.849525,-4.1078143,205.27812,13.485894,6.241696,204.78458,2.7410624,-10.08943,205.17934,5.1769013,11.383555,189.45969,-13.051437,-21.069326,188.03809,1.2013528,18.921515,164.36165,-20.001858,-31.958727,163.21873,-2.117421,11.61145,165.20612,2.8625226,-9.975348,159.26181,8.42147,6.9157557,141.44981,-17.700712,-14.610831,140.99623,-8.647871,23.637833,109.56659,-3.6948187,-9.307211,119.870865,23.11137,29.927803,73.621605,-9.37151,-9.60335,107.3037,-10.701226
-0.6180799,203.32558,14.842056,2.6505504,206.38118,12.252086,-4.0796323,206.7691,12.967023,6.290768,206.42216,2.2393408,-10.032179,206.88245,4.5594144,11.803783,191.34885,-13.108955,-20.694365,189.95305,-0.07011415,20.742308,166.30205,-18.245539,-30.703619,164.51125,-0.70385444,11.367359,169.78275,3.7925248,-8.273617,164.54527,9.502741,6.6061473,143.28769,-17.935677,-15.002857,143.36256,-9.206174,22.184616,110.48544,-5.234719,-10.648164,123.38439,23.617786,30.044195,74.69721,-9.968629,-11.637215,109.23047,-9.299312
-0.5370918,204.7984,14.181076,2.7401347,207.86145,11.615262,-3.9976406,208.24507,12.316972,6.4173236,208.3132,1.6916602,-9.934894,208.60983,3.9631202,12.563459,193.46252,-13.029074,-20.380692,191.85579,-0.9662437,22.472164,168.51695,-15.944714,-29.658564,166.05946,0.8405326,11.888402,173.59729,5.157645,-7.239526,169.06119,10.43232,6.378548,144.79025,-18.153822,-15.276851,145.55298,-10.303456,20.684242,111.357376,-5.7327666,-11.985306,126.840096,23.27358,29.256477,75.62528,-10.082566,-13.390188,111.50949,-9.259526
-0.45075524,206.46548,13.511116,2.759688,209.59795,10.94232,-3.9530613,209.93748,11.771668,6.5985413,209.99785,1.1144986,-9.757709,210.38286,3.2456439,13.072892,195.44064,-13.096762,-20.072655,193.90489,-1.9386898,24.165438,170.82808,-13.801363,-28.663656,168.12608,2.7392726,12.7555065,176.82498,6.4384837,-6.609197,173.4683,11.902238,6.016114,146.46704,-18.832638,-15.473761,147.82625,-11.410413,19.018883,111.882095,-6.352437,-12.573808,129.84396,22.709381,27.893087,75.620445,-9.471163,-14.725548,114.167854,-9.471155
-0.4960026,208.3798,12.8476,2.7324142,211.50742,10.304037,-4.0148664,211.7579,10.96827,6.7408576,211.6618,0.4327869,-9.641551,212.06396,2.3629491,13.404466,197.38153,-13.291877,-19.78761,195.95721,-2.928151,25.60323,173.40338,-11.813656,-27.403204,170.6355,4.8767986,13.009872,180.18784,7.512171,-5.7341356,177.17632,13.711207,5.889681,147.75568,-19.200142,-15.418305,149.70724,-12.573652,17.53276,112.4918,-7.1272216,-12.371651,132.62465,21.96296,24.940937,75.91896,-9.5772,-14.986894,114.21286,-8.466879
-0.53515244,209.662,11.960694,2.841465,212.6629,9.44909,-3.9212716,213.04208,9.853901,6.757677,213.00282,-0.36728576,-9.610885,213.59476,1.4737089,13.758765,199.05956,-13.510112,-19.574514,197.64828,-3.9496245,26.504751,175.62717,-9.951111,-25.91457,173.04866,6.512424,13.72099,182.95045,9.035649,-5.1974874,179.95377,16.753338,6.023762,149.23474,-19.701433,-15.2835455,151.70616,-13.5849285,16.159811,113.165436,-7.396082,-11.73524,134.5453,20.883352,20.921644,76.42201,-10.30495,-14.9162,112.41371,-7.156632
-0.41857424,210.98642,10.895066,2.9981346,214.06386,8.5378,-3.756425,214.52403,8.9772415,6.7356296,214.41203,-1.4941944,-9.602879,214.86531,0.48385128,13.894672,200.5336,-14.012811,-19.281294,199.19493,-4.8846703,27.199389,178.07036,-7.4146514,-24.415009,175.56055,8.003217,14.463461,185.7156,11.293932,-4.3617764,183.05516,19.081518,5.8702474,150.60387,-20.466562,-14.923755,153.18668,-14.280243,14.904575,114.00387,-7.2423806,-11.045689,135.53326,19.556707,16.420946,77.10125,-11.459406,-14.681654,109.70197,-5.5744147
-0.43547708,212.09184,9.928263,2.9859061,215.131,7.5284295,-3.749724,215.68803,8.064564,6.7188106,215.51257,-2.4954996,-9.629552,215.9343,-0.4746405,13.808945,201.82277,-14.928102,-19.086538,200.31209,-5.700165,27.456274,180.75763,-5.1606455,-22.64471,177.8241,9.654425,15.581678,187.80064,14.313012,-2.757328,186.23627,20.877531,5.8833003,151.58723,-21.52524,-14.336952,154.1389,-14.661276,13.587151,114.84898,-7.2314463,-10.487179,134.92445,18.15607,11.503229,78.08854,-12.943635,-14.397832,105.72162,-3.4016473
-0.18261138,212.93916,8.83574,3.135137,216.08586,6.4234767,-3.5843618,216.5467,7.157618,6.8085976,216.31528,-3.6972342,-9.497449,216.62747,-1.5200889,13.646193,202.82748,-16.209457,-18.813837,201.34305,-6.6505585,27.513124,183.82787,-3.424572,-20.915596,180.59666,11.035729,16.889523,189.70992,17.2651,-1.9242176,188.15317,24.335508,5.8575387,152.57545,-22.691542,-13.785744,154.97926,-15.331098,11.949086,115.8536,-7.366785,-10.055048,133.84563,16.635984,6.6531615,79.23913,-14.063425,-13.693498,101.76959,-0.7343977
-0.025980705,213.95595,7.8745894,3.2859933,217.0595,5.3986135,-3.4538498,217.44453,6.035606,6.989998,217.06625,-4.6577168,-9.326034,217.30269,-2.6415808,13.512537,203.33932,-17.055788,-18.211853,202.24507,-7.9846725,27.325525,186.75708,-1.4314486,-18.9831,183.77286,11.849853,17.92152,191.52736,20.133085,-1.4112012,189.29895,27.996273,6.1037836,153.24281,-23.72689,-13.380966,155.61353,-16.189648,9.996827,116.89578,-7.6686354,-9.805856,132.21034,14.622026,2.137533,81.23158,-15.14905,-12.674878,97.47172,2.5953841
0.18848577,214.34875,6.8792844,3.5045958,217.54709,4.5373693,-3.241165,217.89412,5.155556,7.281828,217.26439,-5.738714,-9.040611,217.68906,-3.6721501,13.609454,203.83102,-18.097128,-17.584852,202.89236,-8.921946,26.516386,189.09418,-0.10933836,-16.942081,186.9103,12.88211,18.641153,192.9016,22.405245,-0.23673768,190.6023,30.89251,6.2568555,153.41324,-24.383154,-13.011413,155.49652,-16.720797,8.47721,117.41817,-7.7768226,-9.472853,130.1355,12.571794,-2.099823,82.18411,-15.80384,-12.846432,93.795425,5.900022
0.4950289,214.41261,5.973095,3.8774657,217.54112,3.6381128,-2.8734932,217.9761,4.150708,7.5415545,217.45961,-6.645507,-8.761754,217.57959,-4.5858493,14.049109,203.90465,-18.763567,-16.995525,203.06375,-9.642847,25.564383,191.21315,1.6423327,-15.461621,189.36726,13.717778,19.419113,193.77542,24.982298,1.0162435,191.85603,32.303917,6.466713,153.35242,-24.691404,-12.911248,155.2278,-17.023329,6.7398624,117.33145,-7.9196577,-9.70648,127.493576,10.565969,-5.3805113,82.5383,-16.575247,-13.07884,90.586716,8.873198
0.9619907,214.33229,5.2708693,4.24093,217.54117,2.8969982,-2.509334,217.8045,3.458868,7.880634,217.23567,-7.4782286,-8.407544,217.19846,-5.26015,14.4905405,203.59085,-19.257702,-16.33613,202.83797,-10.010354,24.917187,193.04024,2.9767075,-14.682443,191.4697,14.862544,19.67499,194.38188,26.644318,2.0195158,193.1172,33.36013,6.530233,152.99854,-24.881517,-12.735277,154.66719,-17.093832,5.043615,116.62656,-8.340991,-9.924448,124.833954,8.642241,-8.244509,81.85521,-17.623201,-12.919951,88.09717,11.8333
1.2105446,214.17982,4.678311,4.5936627,217.20798,2.2099066,-2.1635478,217.63014,2.6648016,8.4888935,216.7256,-7.91584,-7.878918,216.9291,-6.1722455,14.9806795,202.88948,-19.396254,-15.7493305,202.55922,-10.042947,24.956987,194.1965,3.9762385,-14.147932,192.52625,15.755095,19.645046,194.86044,27.732582,2.3602476,193.86568,34.479797,6.391266,152.29604,-24.878023,-12.791612,153.96486,-17.030403,3.5674589,115.675606,-8.7870035,-10.191696,122.67947,7.1269336,-9.670061,80.693436,-18.20292,-13.601689,86.504814,13.801972
1.7086549,213.6279,4.452363,5.095428,216.61942,1.9334196,-1.6508616,217.06221,2.3809884,9.061247,215.8037,-8.112707,-7.288574,216.15096,-6.519275,15.484379,202.11952,-19.135984,-14.989955,202.05167,-10.34623,24.982817,194.39403,4.6945596,-13.734358,193.00691,15.968818,19.883717,195.27779,28.334063,2.5664546,194.51674,34.87927,6.023802,151.39279,-24.561905,-13.002167,153.15959,-16.725529,2.0133507,114.325066,-9.56568,-10.700077,121.06685,6.467603,-10.675242,78.697876,-18.561914,-14.778614,85.216446,14.418143
2.1448379,212.92456,4.5193253,5.491866,215.91331,1.951697,-1.2744133,216.21155,2.3158405,9.495185,214.88235,-8.105446,-6.870752,214.99776,-6.5415554,16.002867,201.18443,-18.329596,-14.536646,201.25777,-10.608004,26.713072,193.9795,5.4092207,-13.62553,192.52342,15.705458,19.9048,195.09169,28.607946,2.548287,194.94041,34.537678,5.7288184,150.30252,-24.044313,-13.308548,152.13875,-16.423946,0.6543736,112.84136,-10.2774315,-11.713479,119.82319,6.536069,-11.079936,76.753426,-19.243525,-16.274801,84.04904,13.9905815
2.4761257,212.18253,4.656921,5.7466393,215.16896,1.989052,-1.0121975,215.43869,2.509071,9.88102,214.02345,-7.937599,-6.495513,213.95352,-6.4546914,16.484863,200.17816,-17.642168,-14.40598,200.19595,-10.658781,28.451515,192.9963,5.702469,-14.115618,191.51184,15.442161,20.529758,194.4008,28.624454,2.5704677,194.71423,33.593063,5.1753163,148.98763,-23.373062,-13.97111,150.91516,-15.954122,-0.15171093,110.96702,-10.806112,-12.670624,118.911194,7.1765304,-10.529379,74.920784,-19.81658,-17.963573,82.93643,12.949392
2.6893597,211.45328,5.023674,5.990847,214.53706,2.50268,-0.76363677,214.80695,2.964108,10.136706,213.50647,-7.5369306,-6.293704,213.36488,-6.042281,16.609621,199.00075,-17.540422,-14.251753,199.24905,-10.249586,29.830233,191.88283,5.1810327,-15.10564,190.09328,15.600657,21.251253,193.46402,27.928343,2.8076487,194.0716,32.21074,4.739134,147.97069,-23.029417,-14.540903,149.96552,-15.029369,-0.13043992,109.899574,-10.694516,-13.781067,117.82631,7.8523545,-9.127776,73.97649,-20.016838,-20.059883,81.87176,10.875773
3.0362635,211.10925,5.6631074,6.233021,214.15848,2.9845371,-0.53409845,214.23384,3.446101,10.2366295,213.075,-7.0068593,-6.186231,213.01807,-5.208691,16.454103,198.08797,-17.274767,-14.406625,198.77231,-9.315846,31.278961,189.82303,4.1042695,-16.579313,188.17163,15.806391,21.426693,192.32957,26.06346,2.721904,192.64993,30.34844,4.5586014,147.06471,-22.698881,-15.082628,149.13167,-14.048971,0.95738345,109.40918,-9.861818,-14.774742,116.705154,8.147795,-7.1105003,74.10807,-19.197708,-22.229424,80.75737,8.049443
3.0559163,210.6819,6.7698665,6.313752,213.68263,4.100573,-0.4489105,213.87639,4.551851,10.308646,212.88396,-5.8653803,-6.1002364,212.83409,-4.135927,16.47381,197.7478,-16.961845,-14.772972,198.3568,-8.40198,32.209312,186.89874,2.3290737,-17.922989,185.66217,15.359694,20.907393,190.39346,23.387804,2.299399,191.18683,28.079666,4.4126244,146.82614,-22.344006,-15.827362,148.71068,-13.824921,3.0356772,109.75816,-8.070408,-15.594609,115.687225,7.938149,-4.8959627,74.49195,-18.24439,-23.453487,79.9904,5.3321815
2.8698912,210.27551,7.902153,6.1737337,213.38318,5.414671,-0.5948529,213.5874,5.7981606,10.305319,212.6286,-4.5762415,-6.161787,212.64871,-3.0585468,16.137428,197.62973,-16.842567,-15.023978,198.08531,-6.5578,32.060055,183.15445,-0.73836124,-19.023981,182.70903,15.322729,20.576448,187.69827,20.14445,2.1938243,189.15099,25.844986,4.336739,146.81032,-21.95511,-16.57768,148.53893,-13.850971,6.0499406,110.74873,-5.956864,-16.626492,115.44924,7.1479163,-2.3098986,76.06025,-16.562635,-24.384708,79.82844,2.5240314
2.8341858,209.82903,9.040419,6.2160454,212.93613,6.6659136,-0.5514591,213.26619,7.016209,10.266564,212.31102,-3.4236538,-6.1688976,212.40913,-1.940585,16.069376,197.58705,-16.491316,-15.541365,197.54274,-5.062905,30.764866,179.34935,-3.3350298,-19.716932,179.42986,14.7088,19.126265,183.92084,17.414404,1.978211,186.08073,24.077406,4.495045,146.68684,-21.818027,-17.126787,148.25298,-14.515098,9.200688,112.24991,-3.5851946,-17.086197,115.21342,6.1616316,0.36737078,77.96331,-14.746669,-25.126978,80.08725,-0.16630237
2.7708633,209.15334,10.115531,6.1911745,212.29665,7.8459635,-0.5794667,212.6571,8.145657,10.321037,211.56218,-2.302168,-6.110573,211.68602,-0.96226,15.915364,197.0004,-16.046675,-16.028002,196.68153,-3.5002053,29.233341,176.08461,-6.095224,-20.634321,176.18396,13.654952,18.084896,179.82535,15.173418,1.3327333,182.21349,22.63647,4.771471,146.36183,-21.796532,-17.525465,147.75252,-15.275316,12.480551,114.24163,-1.1705971,-17.302567,114.961655,5.3293962,3.0976205,80.42674,-12.778028,-26.018656,80.206314,-2.974384
2.6060176,208.19646,11.241515,6.093777,211.20152,8.883538,-0.65945256,211.73456,9.192985,10.111603,210.66641,-1.1802317,-6.327907,210.88039,0.25333002,15.701106,196.2501,-15.081442,-16.358625,195.69536,-1.7358245,27.347492,172.94893,-9.175394,-21.166946,173.04745,12.168235,17.082138,175.42505,12.807282,1.3222173,177.66208,20.957346,5.214927,146.0632,-21.595163,-17.853722,147.02362,-15.735895,15.328102,116.58113,1.0596296,-17.530027,114.27499,4.6163526,5.796758,83.25587,-11.31578,-26.707458,79.7378,-5.3604836
2.6805391,207.04004,12.360345,6.1131287,210.13805,10.051221,-0.6348566,210.6578,10.544619,9.744297,209.68288,-0.30669004,-6.643438,209.77374,1.7000911,15.499537,195.07465,-14.227341,-16.597857,194.30214,-0.2523101,24.912708,170.13065,-12.114135,-21.416622,169.98003,10.877826,15.913158,170.05133,10.623227,1.6798754,172.66043,19.448462,5.724744,145.85439,-21.255981,-17.8474,146.36395,-16.097378,17.934057,119.083,3.0734913,-17.638742,113.30492,3.7497685,7.797486,86.37605,-10.495335,-27.220615,79.132744,-7.67988
2.7829614,205.73781,13.483726,5.9845533,209.06586,11.16689,-0.75441587,209.2627,11.90915,9.458847,208.13849,0.6149281,-6.8778286,208.13959,3.073903,15.037402,193.45073,-13.836906,-16.557108,192.3592,1.1237047,22.392986,167.56761,-15.288244,-21.318205,167.027,10.060728,15.627386,164.19487,7.801711,2.269059,166.49245,18.132528,5.9219103,145.7738,-20.91324,-17.723396,145.45482,-16.113659,19.850119,121.94488,4.883654,-17.68108,111.875435,2.8397584,9.179608,89.49666,-9.772542,-27.5928,78.07689,-9.166087
2.68604,204.62477,14.671789,5.79286,207.93784,12.208037,-0.9309489,208.06697,13.0945635,9.298688,206.86447,1.7380351,-7.0244966,206.73744,4.2703557,14.817836,191.53621,-12.969744,-16.682272,190.13994,2.1432457,20.67739,165.39352,-17.370298,-21.313877,164.11566,9.153696,15.72702,157.9934,5.2390113,1.9285965,159.65045,17.154436,5.908817,145.33612,-20.740788,-17.528095,144.4504,-16.148775,21.508377,124.16406,5.8195305,-17.659864,110.56204,2.0258913,10.051043,92.532394,-10.3363695,-27.257109,76.68822,-9.952618
2.5040476,203.49767,15.897629,5.6843243,206.6318,13.29434,-1.0477833,206.86395,14.032127,9.100538,205.58852,2.94375,-7.237538,205.24287,5.4556146,14.533129,189.75041,-12.415005,-16.725843,187.98764,2.8944676,19.56531,164.01903,-18.69837,-21.535965,161.37012,8.022448,17.098734,152.81694,2.6829696,0.5769348,152.85611,15.922399,5.801889,144.69244,-20.654654,-17.286196,143.35936,-15.870491,22.609255,125.144936,6.4845486,-17.5507,109.17153,1.9013366,9.909176,95.47752,-12.011284,-25.99931,75.10176,-9.881827
2.3664887,202.15295,16.945131,5.3262515,205.53343,14.393181,-1.3969933,205.38223,15.270699,8.911754,204.41318,3.9956515,-7.401857,203.75444,6.5313287,14.125115,188.45375,-11.639525,-16.918701,186.29448,3.3914003,18.795908,163.02573,-19.831863,-21.585878,159.2841,6.576385,18.713158,149.11761,-0.09177912,-1.7457683,146.87837,15.126107,6.006477,144.38327,-20.601107,-17.030172,142.82683,-15.562327,23.29184,125.20891,6.6477365,-16.895893,108.29766,2.0349011,9.283712,97.6629,-13.660803,-23.845438,73.74082,-9.525116
2.3111267,201.15176,18.013515,5.189292,204.6093,15.475769,-1.5318673,204.29602,16.354826,8.754148,203.6409,5.068853,-7.5465574,202.83064,7.7025366,14.241243,187.81438,-10.334417,-17.015944,185.16618,3.730841,18.604845,163.36316,-21.006586,-22.584929,158.07764,4.7444334,20.778318,147.96448,-2.628764,-5.2558546,142.77127,14.183464,6.285608,143.7528,-19.902258,-16.395506,142.00449,-14.955683,23.465912,123.71785,6.6915274,-15.691197,107.29001,2.1549053,7.7149515,98.96791,-15.921994,-21.323593,72.73761,-9.370969
2.408441,200.5753,19.128323,5.247533,204.0963,16.634901,-1.4854717,203.57874,17.335022,9.011296,203.18182,6.2696037,-7.334602,202.05061,8.673924,15.033054,187.57079,-9.212013,-16.748566,184.42963,4.091221,18.897232,164.40286,-22.39183,-24.256357,157.93951,2.6020095,22.370926,148.71638,-4.6345553,-9.4746275,141.07906,13.044893,6.7637563,143.22447,-19.157492,-15.762103,141.73763,-14.332195,22.908691,121.07841,6.398906,-14.127567,107.245544,2.51533,5.550639,99.67653,-18.270435,-19.002274,72.54359,-8.695611
2.7385643,200.40404,20.350363,5.6933956,203.88524,17.927387,-1.0553808,203.34346,18.247898,9.34206,203.20807,7.524651,-6.982933,201.74915,9.854444,15.854385,187.91829,-7.85973,-16.761652,184.44162,4.1680393,19.815908,166.32803,-23.66972,-26.308517,158.91046,0.3361914,24.223534,150.51082,-6.2971487,-13.156523,141.44287,11.563881,7.1986175,142.98094,-18.327738,-14.981857,141.81996,-13.925358,21.126623,117.96889,5.824218,-12.557723,107.52679,2.9179194,2.6307323,99.57305,-20.704983,-16.819233,72.65946,-7.9303164
3.0776622,200.54164,21.494255,6.0528736,204.05571,19.150864,-0.6999844,203.51312,19.422012,9.6898,203.41695,8.7223835,-6.6340714,201.83702,10.908637,16.798103,188.57373,-6.335732,-16.458895,185.11993,3.7974439,21.110035,168.68904,-24.404062,-28.15797,161.13838,-2.1988676,26.699322,153.58302,-6.863736,-16.894367,143.04984,9.546796,7.7350836,143.14287,-17.568886,-14.31824,142.26979,-13.373561,18.83409,114.94226,4.7030096,-11.420169,107.82726,3.3433795,-0.768928,99.53631,-23.151001,-14.644344,72.81987,-7.192939
3.4918785,200.86731,22.440458,6.229881,204.61256,20.166422,-0.4828044,203.77895,20.674927,10.198074,204.11806,9.763876,-6.097852,202.49615,11.829212,17.770657,189.48288,-5.1778708,-15.986052,186.38661,3.25081,22.715118,171.41965,-24.916082,-29.671665,164.3208,-5.1427803,29.193306,157.3761,-6.7951202,-20.782099,145.57582,7.871916,8.390524,143.07759,-16.687845,-13.572366,142.89688,-12.5881405,16.342646,112.15471,3.218148,-10.761714,108.23883,3.617531,-4.3231683,98.90303,-25.24614,-12.654364,73.01206,-6.279318
3.867518,201.34299,23.214773,6.7393737,205.0947,21.12007,0.007377744,204.42513,21.486506,10.499858,204.95837,10.588471,-5.790136,203.20863,12.713475,18.595715,190.75444,-4.4382153,-15.438397,187.51804,3.0230951,24.677856,173.93394,-24.78499,-30.750816,167.56363,-7.492621,32.191227,160.9489,-6.1894236,-24.835062,148.48167,6.4710326,8.87035,143.47678,-16.304705,-12.991346,143.60861,-11.7857685,13.249561,110.021515,0.8970843,-10.063053,108.6737,4.1546206,-8.182502,97.52858,-27.215485,-10.647524,73.52512,-5.45792
4.2747006,201.68091,23.760801,6.922569,205.61507,21.716137,0.22835109,204.65326,22.269201,10.877891,205.87816,11.2791,-5.3920407,203.93451,13.404239,19.380833,192.2957,-4.063612,-14.971684,188.99867,2.6550333,27.255327,176.53975,-24.467827,-31.116898,170.72253,-9.312338,35.329124,164.69525,-5.2376556,-28.91869,151.64357,5.159103,9.325152,143.90723,-16.359154,-12.212606,144.50002,-11.317847,9.868955,108.71861,-1.4627225,-9.340524,109.47753,5.144605,-12.366476,95.65823,-28.91771,-9.143984,74.36038,-4.2493544
4.7350316,202.07584,24.036945,7.3786077,206.09555,22.151014,0.69033074,205.12166,22.73085,11.302963,206.5663,11.663896,-4.9815173,204.70438,13.756826,19.998331,193.34683,-3.3337107,-14.731621,190.2395,2.492206,29.772747,178.84796,-23.728695,-31.316519,173.57686,-10.709643,38.866497,168.0245,-4.189406,-32.750507,154.68922,4.037119,9.573988,144.51785,-16.950253,-11.596197,145.36546,-11.062379,6.4143505,108.3499,-4.047933,-8.7933855,110.602455,6.236711,-16.383795,92.85766,-30.219166,-8.179302,75.23828,-2.864382
4.995451,202.48743,24.302973,7.538901,206.4915,22.272203,0.87834215,205.48036,23.105131,11.501858,206.99113,11.849365,-4.73288,205.0921,14.003823,20.479153,194.25085,-2.697301,-14.356825,191.32704,2.1008937,32.3286,181.08748,-22.904484,-31.493845,175.36076,-11.325633,43.06301,171.35666,-3.5725,-36.75179,157.04544,3.5041301,9.663783,144.76248,-17.623291,-11.065439,145.94398,-11.019586,3.1430874,107.87749,-6.7120194,-8.15794,111.88719,7.617197,-19.577461,89.99592,-31.512812,-7.456006,76.34446,-1.3880919
5.1644883,202.72511,24.451015,7.7910614,206.74773,22.566568,1.1028534,205.73209,23.103182,11.711864,207.35004,12.075471,-4.555036,205.47562,14.208751,20.876383,195.07245,-2.2961075,-13.6528845,192.25061,1.760565,35.017635,182.95584,-21.594673,-31.547184,177.2908,-11.962371,47.310444,174.12135,-2.6533334,-41.013977,159.86935,1.9749603,9.835592,144.87004,-18.099773,-10.185912,146.50772,-10.939588,-0.04151439,107.89185,-9.290027,-7.8488846,113.03459,8.815678,-22.888754,87.17456,-31.90377,-7.076173,77.329865,-0.21654457
5.2753596,202.65552,24.611797,7.9371023,206.70607,22.83142,1.2428917,205.6981,23.264698,11.849177,207.4361,12.306466,-4.4297805,205.50594,14.393879,21.315691,195.30702,-1.9240032,-13.12515,192.70662,1.7084516,37.94707,184.51323,-19.919758,-31.579021,178.94508,-12.317791,51.89078,176.55258,-1.7735612,-45.23426,162.89528,-0.26959422,9.996186,144.8877,-18.367256,-9.663857,146.77164,-10.926853,-2.933934,108.207565,-11.867524,-7.7441196,114.24474,10.024517,-25.57093,84.63727,-32.2722,-7.173209,78.44781,0.4973131
5.40693,202.41182,24.687674,8.055432,206.46858,22.908659,1.361983,205.41998,23.297424,11.969752,207.05013,12.291522,-4.27258,205.02193,14.385796,21.821968,195.36433,-1.3887727,-12.5972805,193.01962,1.3174915,40.804764,185.9746,-17.993542,-32.023876,180.19765,-12.414451,56.698,178.88397,-1.1429255,-49.106182,165.8437,-2.2899323,10.070492,144.53535,-18.388525,-9.210551,146.51703,-10.844977,-5.5518365,108.42633,-14.157462,-7.710046,114.974,11.191822,-27.891262,82.15513,-32.507107,-7.8257055,79.4924,1.0473064
5.3343005,201.84183,24.777708,8.149265,205.69804,22.786654,1.4271442,204.93195,23.190351,12.006044,206.59746,12.494564,-4.179171,204.56485,14.317986,22.485582,194.71846,-0.941608,-11.925989,192.7641,0.78987217,43.457306,187.09451,-16.078241,-32.581524,181.00647,-12.054875,61.38287,181.13727,-0.97214603,-52.160473,168.44551,-3.832062,10.063631,143.85825,-18.314714,-9.087907,146.31836,-10.945551,-7.907558,108.45558,-16.271912,-7.8048854,115.54095,12.152828,-30.252039,80.04234,-32.48595,-8.406598,80.22875,1.3870986
5.811659,201.29625,24.551332,8.416499,205.20262,22.411888,1.7518361,204.34494,23.297731,12.276172,205.60509,11.983099,-3.9568975,203.77908,14.297876,22.877466,193.92711,-0.6493192,-11.644334,192.26845,0.688393,45.82067,188.04372,-13.66284,-33.05302,181.53722,-11.813847,65.37244,182.92511,-0.47437456,-54.620697,171.03796,-5.3557954,9.691819,143.09448,-18.24599,-8.990107,145.68733,-10.612453,-9.694211,108.050735,-18.403341,-8.184827,115.63978,13.208594,-32.45637,78.36208,-32.743332,-9.418095,80.6847,1.5223762
6.0403605,200.4475,24.331656,8.605012,204.33139,22.092197,1.9480702,203.4019,22.981691,12.326766,204.6238,11.700979,-3.8372445,202.7042,14.133059,23.679857,192.55925,-0.2701338,-11.52564,191.30347,0.45565584,48.44366,188.53337,-11.134485,-33.669556,182.22629,-12.068174,69.34876,184.24165,0.04101584,-55.97468,172.96408,-6.450256,8.859443,141.91382,-17.971024,-9.572465,144.62758,-10.458187,-11.026839,107.05638,-20.088066,-8.471501,115.54216,14.416966,-34.23778,77.21026,-33.36554,-10.936223,81.06186,1.6526468
6.2143383,199.34918,24.029514,8.656762,203.2498,21.683912,2.0407076,202.19762,22.687983,12.625958,203.30476,11.446424,-3.5302942,201.58064,13.705592,24.365046,190.95787,0.58845603,-11.374702,190.31668,0.20483221,49.98933,189.2604,-8.652692,-33.731663,182.99619,-12.762072,71.947075,185.43134,0.6786824,-56.17549,174.5584,-7.261701,8.358583,140.66238,-17.650158,-10.323912,143.67543,-10.439793,-11.975031,106.05521,-21.323616,-9.243784,115.036644,15.614088,-35.25426,76.097694,-34.02599,-12.588666,81.23575,1.4765416
6.0941463,198.11008,23.728676,8.658812,201.99063,21.455671,2.0101569,201.09091,22.381895,12.719667,202.13599,11.232803,-3.514767,200.33588,13.277312,25.233292,189.70476,0.90595716,-10.993146,189.0591,0.09205307,51.106937,189.69885,-7.2877707,-33.567837,183.74226,-13.501215,73.19858,185.9858,1.4187887,-55.456482,174.98991,-7.0022764,7.873076,139.28264,-17.421637,-11.014787,142.65135,-10.687503,-12.5049925,104.37173,-22.014526,-10.107673,114.62931,16.27306,-35.724564,74.796555,-34.22391,-14.010413,81.164856,1.3726197
6.310972,197.07718,23.422031,8.824268,201.02016,21.215786,2.174601,199.92813,21.973167,12.800386,201.4244,11.0378475,-3.4338531,199.26039,13.0394745,25.381382,188.85376,0.86838347,-11.043682,188.10616,0.3333634,51.164165,189.90088,-6.780368,-33.21585,184.30334,-14.276208,72.82903,185.65804,2.4584348,-54.011524,174.52812,-6.781446,7.674256,138.31808,-17.515009,-11.456648,141.95874,-10.551598,-12.537799,103.43805,-22.065437,-10.840079,114.26706,16.635134,-35.290123,74.16899,-34.37384,-15.329508,81.12767,1.3602827
6.198533,196.63132,23.511696,8.699034,200.4679,21.117887,2.0512133,199.2208,21.664583,12.985852,200.87859,11.244448,-3.2913203,198.62222,12.84322,24.938534,188.33542,0.9731182,-11.1124935,187.70222,0.23959626,50.535816,189.21704,-6.72044,-32.591766,184.17213,-15.461272,71.45719,183.78123,3.2278955,-51.676285,173.01807,-6.34094,7.650633,137.88022,-17.937225,-11.322184,141.47527,-10.317634,-12.125993,103.416756,-21.598381,-11.527953,113.95214,16.627752,-34.558502,74.07567,-34.177444,-16.310312,80.9525,1.1031382
5.9978094,196.66289,23.86653,8.5947895,200.3781,21.387115,1.9266975,199.23912,21.841894,12.863487,200.9295,11.608912,-3.4269824,198.71637,13.188965,24.166222,188.64464,1.5827258,-10.758917,187.71426,-0.28753388,49.412857,188.31859,-6.8698397,-31.272686,183.52199,-17.060497,68.86976,180.09161,3.9709325,-48.479412,170.81766,-6.365498,7.9447255,137.64346,-18.078907,-11.198991,141.40045,-10.623179,-11.570098,103.23851,-20.75135,-12.304656,113.74994,15.941203,-33.67137,74.26324,-34.124786,-17.09323,80.646965,0.7733157
5.581869,197.02306,24.13403,8.1005535,200.87468,21.788124,1.4477977,199.67471,22.33928,12.439391,201.49564,11.968876,-3.8733363,199.19029,13.525324,23.551691,189.41531,2.3788896,-10.637876,187.92068,-0.40504307,48.110405,187.03677,-7.538061,-29.969133,182.56754,-18.486992,65.58286,175.87479,3.9753273,-45.099327,167.981,-6.5718164,8.720958,138.16139,-18.029255,-10.716098,141.69379,-10.866623,-10.169833,103.38281,-19.587997,-12.939895,113.79988,14.871478,-32.430233,75.05118,-33.819996,-17.699795,80.31547,0.32445624
5.0401006,197.63051,24.551855,7.4292717,201.59264,22.24889,0.81370246,200.2747,22.975515,11.866359,202.29716,12.424474,-4.4390745,199.81944,13.9460335,23.329369,190.34311,3.0563967,-10.945211,188.8234,-0.43060565,46.87729,185.60774,-8.278973,-28.593739,180.78131,-19.19757,61.614452,171.0035,3.2963858,-41.48547,164.48027,-6.879066,9.6253,139.32635,-18.153444,-10.403479,142.50603,-11.667265,-8.394864,104.38272,-17.860876,-13.602588,113.84493,13.272116,-30.491869,76.26549,-33.062145,-18.239552,79.72343,-0.24172291
4.5196557,198.20914,24.984245,6.812446,202.28136,22.779465,0.22856688,200.78572,23.479116,11.411636,202.9112,12.86573,-4.93042,200.64693,14.420774,23.102661,191.35765,3.6086352,-11.526061,189.56422,-0.37286294,44.9381,182.91122,-9.159179,-26.84812,178.8321,-19.776978,57.092632,165.89137,1.8166595,-37.681225,160.79927,-7.8065877,10.296049,140.15448,-18.00567,-10.090858,143.36623,-12.360302,-6.588411,104.95206,-15.516308,-13.848486,113.813,11.471411,-28.138449,77.49514,-31.75987,-18.749716,79.08691,-0.6682806
3.8763351,198.86478,25.322227,6.100468,202.94275,23.079414,-0.4644067,201.39685,23.883898,10.741224,203.84889,13.267495,-5.595387,201.4546,14.853485,22.951077,191.8974,4.215355,-12.101704,190.06902,-0.6308858,42.679398,180.40868,-9.671977,-25.214293,176.52805,-19.942327,52.368298,161.14346,-0.040442582,-34.22017,156.87091,-8.927998,11.280771,141.0417,-17.761082,-9.68518,144.07146,-12.866141,-4.031076,105.66845,-12.49773,-14.468545,113.28357,9.289072,-24.944662,79.07223,-30.045462,-19.27215,78.17367,-1.5269033
3.1117928,199.46196,25.423836,5.2854223,203.56326,23.166256,-1.2579256,201.96582,24.019005,10.099351,204.50233,13.450405,-6.2309585,201.95435,14.786545,22.932182,192.15244,4.641301,-12.377091,190.30876,-0.97171706,40.302612,177.59712,-9.747427,-23.678364,174.21248,-19.511864,47.558674,156.40732,-1.6264378,-31.081446,153.0236,-10.134725,12.114067,141.79373,-16.80226,-9.452231,144.4247,-13.438764,-1.1268202,106.024956,-8.958461,-14.75722,112.44579,6.9350715,-21.964725,81.20733,-28.614729,-19.477318,77.36426,-2.616032
2.4564452,199.57784,25.176702,4.6696844,203.7669,23.120815,-1.87645,202.31862,24.152449,9.589407,204.77962,13.375801,-6.7665167,202.33488,14.502355,22.709866,191.99797,4.70272,-12.908754,190.2186,-1.6737472,37.61651,174.51483,-9.263345,-22.132156,171.44933,-18.78739,42.848602,152.10783,-2.8317,-28.30713,149.43533,-10.701457,12.918919,142.23584,-15.815786,-9.059893,144.52402,-14.270147,1.6320174,106.68062,-5.2484207,-14.901191,111.84124,5.1384225,-18.874361,83.97617,-27.49534,-19.614998,76.45612,-4.081931
1.8922644,199.67674,24.941143,4.224146,203.8195,22.925098,-2.3653994,202.53047,23.904993,9.023163,204.76309,13.093761,-7.355315,202.39279,14.268059,22.571203,191.33342,4.6237893,-13.296983,189.51418,-2.300254,34.70227,171.22412,-8.731385,-20.705828,168.22618,-17.56317,38.28375,148.10933,-3.6672492,-25.87629,145.49188,-10.660267,13.567388,142.3898,-15.1661215,-9.009119,144.31093,-14.904915,3.9980772,107.554794,-1.4691066,-15.168768,111.091866,3.6888335,-15.076221,87.79192,-26.928535,-19.408337,75.533676,-6.0546727
1.3693534,199.86455,24.712467,3.7596836,203.86038,22.472656,-2.8548074,202.56523,23.216541,8.605848,204.65683,12.88427,-7.7559905,202.33362,13.885081,22.408657,190.2826,4.2793603,-13.457886,188.48967,-2.644485,31.802292,168.1477,-8.349617,-19.436308,165.3927,-15.965662,33.88628,144.85829,-3.7426643,-24.028341,141.92427,-10.691424,13.944677,142.07066,-14.6072,-8.639858,143.3776,-15.425405,6.059671,108.02716,2.123248,-15.912041,109.94898,2.610653,-10.513997,91.671776,-26.783054,-19.237234,74.6086,-7.9747653
0.79423624,200.04327,24.154158,3.0895956,204.0611,21.848858,-3.4837918,202.5394,22.465841,8.221602,204.52356,12.266869,-8.122096,201.99106,13.075635,21.951408,188.87659,3.456289,-13.715218,187.30475,-2.5643096,29.651733,165.33342,-8.013658,-18.695662,162.92818,-14.670425,29.88975,141.95407,-2.8527768,-22.400003,138.61734,-10.134722,14.1406555,141.55879,-13.989163,-8.246799,142.59242,-15.851339,8.1850195,108.60297,5.3819237,-16.506775,108.82669,1.5502567,-5.6354537,95.86261,-26.737135,-19.118202,73.753296,-9.3863
0.38289344,200.20549,23.18872,2.6841478,204.21242,20.883587,-3.9052038,202.7802,21.640568,7.9502606,204.29466,11.196425,-8.398982,201.88956,11.973832,21.151716,188.39458,2.5329652,-13.860631,186.28859,-2.7224317,27.995253,163.98457,-7.431507,-18.595112,161.23741,-13.59414,25.913404,140.98071,-1.4102633,-21.52142,137.02045,-8.470781,14.428175,141.04428,-13.449868,-8.195876,141.79112,-15.915731,10.417649,109.10417,7.9486613,-17.241344,107.86974,0.7147771,0.32603073,100.143974,-26.505594,-19.53096,72.92902,-10.57922
0.12750722,200.20724,22.016129,2.4796164,204.23566,19.797604,-4.1224833,202.81778,20.435938,7.62034,204.0828,9.940135,-8.764413,201.96877,10.881892,20.37615,188.13684,1.7308698,-14.487441,185.48233,-3.3540936,27.44628,163.55981,-7.4379787,-19.33201,160.11911,-13.512432,22.686653,141.80533,0.86536396,-21.64852,136.74725,-5.947491,14.356135,140.5424,-12.958926,-8.33904,140.91353,-15.845076,12.430256,109.508286,10.044647,-17.785204,107.17569,0.44430622,6.676929,104.810974,-25.92743,-19.720753,72.45243,-11.173458
-0.09434637,200.52563,20.862747,2.2686458,204.43024,18.445919,-4.341904,203.1874,19.363626,7.3374867,204.08353,8.682207,-9.075823,202.31165,9.795333,19.50969,188.20921,0.900984,-15.35229,185.16968,-3.9722438,27.927355,164.04062,-7.6373534,-20.862942,160.0318,-14.069335,20.80044,144.27461,3.52985,-21.953773,137.95673,-3.0414155,14.469311,140.20175,-12.698629,-8.56951,140.18163,-15.603496,14.641647,110.17411,11.664684,-18.348467,106.60844,-0.015568356,12.032623,108.24078,-24.798124,-20.388142,71.89892,-11.409187
-0.28397024,201.30817,19.75156,2.1791847,205.0724,17.214777,-4.4578013,204.06592,18.22183,6.965129,204.52658,7.346159,-9.441445,203.05392,8.826525,18.673058,188.69238,0.23985977,-15.972561,185.65695,-4.7894597,29.00691,165.07971,-7.631177,-22.736116,161.10631,-14.957914,19.409382,147.99608,5.8946953,-23.016996,141.6776,0.19041078,14.681548,140.20924,-12.424846,-8.487551,140.10654,-15.237811,17.285566,110.84803,12.530828,-19.109848,106.62388,-0.11811935,16.711052,110.1857,-23.417097,-21.405539,71.95419,-11.640224
-0.5125343,202.45914,18.87713,1.9930531,206.1355,16.252327,-4.6523595,205.20938,17.237745,6.932127,205.59602,6.5541797,-9.446613,204.12456,7.7904954,17.87946,189.6901,-0.09227329,-16.462753,186.90578,-5.505339,30.103674,166.90764,-7.401526,-25.079033,163.04251,-15.538024,18.671741,152.84538,8.14244,-24.25445,146.9126,2.9193354,14.946906,141.01465,-12.051189,-8.569679,140.64592,-14.678167,20.125309,111.71861,12.794039,-19.611708,106.57051,-0.24336784,20.479021,112.561134,-23.256464,-22.54216,72.06737,-11.801342
-0.74902225,203.96782,18.107164,1.8012124,207.44478,15.27106,-4.8602037,206.60313,16.233027,6.8730874,206.88521,5.868824,-9.557837,205.76237,6.9270597,17.498224,191.07387,-0.22537123,-16.56519,188.6574,-5.9985557,31.345337,168.8266,-6.4328766,-27.80729,165.66847,-15.340279,17.91758,157.35132,9.748537,-26.096554,153.81364,5.7672753,15.140391,142.22209,-11.880116,-8.586862,141.5005,-14.54721,22.60061,113.447845,12.778933,-19.677938,107.04834,-1.0422076,24.07527,115.56345,-23.509132,-23.350819,72.27405,-11.7261305
-1.1933798,205.7756,17.432976,1.4991032,209.16006,14.597334,-5.1940994,208.51602,15.469682,6.69132,209.04941,5.4115763,-9.700967,207.74982,6.0406127,17.380638,192.80315,-0.18023153,-16.798145,190.93736,-6.6415863,32.659435,171.03679,-5.4324083,-30.09872,168.87952,-15.083963,18.152155,162.74762,11.552867,-28.655724,161.19261,7.8243823,15.488472,144.09282,-11.775252,-8.363491,142.85318,-14.592542,24.368166,115.81878,12.875252,-19.452269,107.670586,-2.356076,27.357025,117.7181,-23.357916,-24.139519,72.54736,-11.784706
-1.3539064,207.76418,16.782541,1.3210639,211.27374,14.084126,-5.375645,210.4137,14.735843,6.543537,211.19038,4.7955976,-9.878885,209.98648,5.463119,17.109356,195.15044,-0.25420728,-17.019955,193.38156,-7.1217017,33.523064,174.03745,-4.2024016,-32.27687,172.51736,-15.0126095,18.566837,168.34058,13.451348,-31.629263,168.79745,9.093738,15.750722,145.9651,-11.697692,-7.93894,144.36548,-14.661438,25.672634,118.28447,13.013694,-18.670574,108.4846,-3.7609403,30.369804,118.95624,-23.035341,-24.712978,73.04805,-11.673676
-1.35374,210.01634,16.348036,1.2199366,213.59853,13.659829,-5.456038,212.60608,14.391256,6.524197,213.19893,4.361123,-9.995095,212.36908,5.167909,16.975529,197.58083,-0.17631386,-17.399446,196.07158,-7.298032,34.2632,177.11708,-2.9781806,-34.515324,176.6851,-14.47062,18.70996,173.50626,14.962848,-34.395763,175.7348,9.978445,16.14332,148.07683,-11.702617,-7.461212,146.03148,-14.341943,27.075798,120.451775,12.517504,-17.740202,109.47045,-5.3761306,32.123978,118.92151,-23.649652,-24.719093,73.87395,-11.393459
-1.5455976,212.1447,15.932147,1.0810606,215.65868,13.208134,-5.607779,214.84833,14.043804,6.351797,215.35005,3.9838617,-10.194663,214.59082,4.764899,16.615187,200.05768,-0.16946372,-17.928581,198.84871,-7.606865,34.995804,180.4166,-1.1343004,-36.82652,181.08798,-13.947648,19.59548,178.83809,17.267555,-36.899536,182.03217,10.70471,16.580816,150.19516,-11.862928,-7.010745,147.76239,-14.394761,27.784527,122.28221,11.809242,-16.424469,110.75868,-7.1510887,33.791363,118.05256,-24.32925,-24.358149,74.906654,-11.118046
-1.7721808,213.88074,15.494525,0.9451432,217.45285,12.931128,-5.7521834,216.83803,13.813191,6.032832,217.41132,3.5746975,-10.479871,216.67429,4.4133635,15.965323,202.35371,-0.4236919,-18.536938,201.28313,-7.651745,35.495125,183.79741,0.7152361,-39.263664,185.25476,-13.242397,20.927284,183.82564,19.805655,-39.34103,188.47285,11.148487,16.767431,152.42397,-12.004081,-6.714366,149.62605,-14.985048,28.441614,124.09596,10.94837,-15.195327,111.953285,-8.754068,35.535107,116.256615,-24.632317,-23.054295,75.63965,-11.151306
-2.273845,215.6105,15.360747,0.64001673,219.08035,12.873399,-6.1062293,218.6369,13.471361,5.7113056,219.11078,3.4499023,-10.763288,218.4023,4.1265635,15.750344,204.47266,-0.6816874,-19.081007,203.22899,-7.8980455,35.70232,186.42537,2.3175454,-41.51906,189.62885,-12.7615185,22.941486,187.80782,22.399918,-42.46375,195.00508,11.114115,17.027794,154.07117,-12.111552,-6.6622777,151.22154,-15.347097,29.312075,124.69554,9.753677,-14.369092,113.36673,-9.869337,37.332935,113.45417,-24.537659,-21.17973,76.46902,-11.66033
-2.3105037,217.18494,14.991773,0.56474864,220.74298,12.602048,-6.1723275,220.03494,12.901868,5.559352,220.56706,3.0173645,-10.918667,219.96025,3.844446,15.677043,206.2577,-1.0479391,-19.501547,205.14075,-8.131691,36.05322,189.31094,4.656262,-43.557217,194.28133,-12.055316,23.296963,191.69109,24.903967,-45.813797,201.19333,11.128003,17.115498,155.70854,-12.378639,-6.7123785,152.8054,-15.5915365,30.013998,125.82952,8.369301,-13.549132,114.60048,-10.386328,39.03192,109.722206,-23.894999,-18.77718,77.72747,-12.928583
-2.5574784,218.51326,14.527068,0.39780998,222.0492,12.197593,-6.3551016,221.5145,12.530539,5.433204,221.84552,2.6146216,-11.075696,221.43799,3.351485,15.4243765,207.59106,-1.321748,-19.927198,207.0262,-8.834842,35.69581,191.66608,6.789977,-45.19337,198.87816,-11.102059,24.167147,194.84071,27.639807,-48.117584,207.10196,11.83654,16.86408,157.12534,-12.583289,-6.959026,154.08316,-15.808702,30.608902,126.154724,6.4948416,-12.871923,115.76455,-10.51903,40.57264,105.52709,-22.973314,-16.10659,78.6095,-14.839486
-2.7448785,219.71779,14.129296,0.2062274,223.07936,11.555041,-6.5434937,222.72693,12.147984,5.037683,223.1148,2.0961776,-11.440962,222.59976,3.0581625,14.887856,208.6997,-1.5448834,-20.476242,208.78563,-9.633649,35.132763,193.93317,8.726527,-46.33307,203.17236,-9.940903,25.536373,197.87776,30.355297,-50.425133,212.82253,12.1545105,16.54966,158.03215,-12.650452,-7.047408,155.4819,-16.520369,30.959066,126.01187,4.346592,-12.219205,116.94132,-10.318841,42.38933,100.70674,-20.926447,-13.468569,79.716,-17.034044
-3.125621,220.47527,13.626236,-0.20661324,223.87697,11.064472,-6.95331,223.4496,11.647197,4.871272,223.87314,1.7179304,-11.622608,223.26361,2.371786,14.434952,209.40022,-1.9467525,-20.437319,210.0469,-10.632617,34.284428,196.22087,10.703348,-46.552525,207.49779,-8.76348,26.730726,200.61942,33.158367,-53.09432,217.45068,12.506038,16.159746,158.7311,-12.665993,-7.20689,156.38922,-16.766575,30.906147,125.75918,2.2373598,-11.349224,117.53817,-10.47471,44.032085,96.597145,-18.17433,-10.870922,80.76688,-19.608278
-3.3388422,220.89128,12.916739,-0.50699943,224.42386,10.430412,-7.246444,223.81078,11.016746,4.4718175,224.40315,0.9957919,-12.021715,223.7244,1.7840979,13.765823,209.85043,-2.1797082,-20.58284,210.93257,-11.16092,33.26787,198.29915,12.462953,-46.453117,211.52809,-6.9977345,27.92582,202.94455,35.484234,-55.904472,221.41246,13.176279,15.909758,159.18279,-12.85954,-7.419918,157.01895,-16.960146,30.847326,125.22389,-0.1712017,-10.303197,117.89637,-10.390723,46.093533,93.30502,-15.504319,-8.5044,81.52957,-22.042961
-3.797258,221.26295,12.699893,-0.8095921,224.42334,9.911294,-7.56861,224.09354,10.443907,4.2573476,224.37445,0.7132032,-12.201496,223.60413,1.293085,13.213624,209.9815,-2.6095288,-20.662214,211.37839,-11.693102,32.084835,200.3875,14.038593,-45.994576,215.13441,-5.1915917,28.60549,205.0753,37.525234,-58.196526,225.80777,13.605685,15.7614765,158.88751,-13.096204,-7.3733764,156.92615,-17.467216,31.082556,124.31054,-2.4985569,-9.504689,117.70583,-10.909675,47.53456,90.99396,-12.61453,-6.4315534,81.99149,-24.150492
-4.01962,221.21179,12.277896,-0.9453742,224.30362,9.505822,-7.7009087,224.28574,10.201618,4.063945,224.13066,0.26206648,-12.40604,223.92017,0.9029379,13.079423,209.98546,-3.1127582,-20.670856,211.60542,-12.356913,30.896698,202.29547,15.621596,-45.284348,217.8686,-3.8770015,29.613306,206.63321,39.408268,-60.490486,228.55751,12.825062,15.606657,158.28012,-13.0751705,-7.3924565,156.53589,-17.497128,31.057411,123.03127,-4.548334,-8.716652,117.32333,-11.595975,48.44405,89.43178,-9.082035,-5.1347466,82.213196,-25.859955
-4.278966,221.00998,11.779417,-1.175577,224.15588,9.10185,-7.931364,224.15118,9.741846,3.8182635,223.67656,-0.30577734,-12.655245,223.58472,0.37984413,12.819462,209.67142,-3.2360082,-20.906227,211.72432,-12.293819,29.555841,203.71545,17.120447,-45.044846,219.81126,-2.8943713,30.70615,207.74507,41.01828,-62.13998,230.68698,12.28002,15.640783,157.68542,-13.027424,-7.3468533,155.93518,-17.243898,31.591963,121.94996,-6.610406,-7.938326,116.406555,-12.225959,49.08481,88.455154,-6.100987,-3.7998867,81.725105,-27.483055
-4.547184,220.44818,11.477551,-1.4033629,223.53712,8.77566,-8.1624,223.57596,9.354603,3.83859,222.85097,-0.43007538,-12.658435,223.10017,-0.04295788,12.728924,209.06943,-3.1175473,-20.846634,211.09888,-12.364624,27.6514,204.89961,18.693586,-44.441113,220.66158,-2.7360797,31.051756,208.3661,42.311974,-62.343655,231.81905,11.189155,15.621068,156.74649,-12.966397,-7.2840943,154.93607,-17.127033,32.0786,121.1627,-7.5560603,-7.290161,115.23115,-13.060569,49.074577,87.83694,-4.1573896,-3.067881,80.23458,-28.243795
-4.7165003,219.80774,11.13088,-1.508207,222.80737,8.406732,-8.262039,223.01654,8.998569,3.7166376,221.82169,-0.783452,-12.795542,222.22067,-0.46132907,12.809672,208.14146,-3.0771067,-20.577877,210.46843,-12.239392,25.495657,206.62706,20.544416,-43.337234,221.35645,-2.3703198,30.23402,209.59348,44.036747,-61.944355,232.91013,10.218972,15.661117,155.74228,-13.083449,-7.0208154,153.86607,-16.88716,32.47837,120.59429,-7.619841,-6.6039934,113.94996,-14.339818,49.019497,87.36348,-3.603298,-2.6484044,78.33803,-28.87115
-4.9643703,218.82747,11.092932,-1.8380696,221.81995,8.266323,-8.579991,221.95076,8.953308,3.4359775,220.61873,-0.9060581,-13.006785,221.31184,-0.51227885,12.274575,206.98625,-2.734309,-20.534191,209.43051,-11.9700165,24.937277,206.65942,20.912935,-42.97703,220.73624,-2.130389,29.643993,209.51065,44.36817,-61.04347,233.51006,9.880052,15.938582,154.40721,-13.130258,-6.617643,152.34103,-17.342339,32.79695,119.956055,-6.501214,-6.037622,112.546776,-15.113331,49.176582,86.7168,-3.4412415,-2.604765,76.76791,-29.69229
-5.2385936,217.74585,11.318839,-2.2448444,220.69379,8.304678,-8.934696,220.89597,9.359915,3.1864111,219.51346,-0.69267124,-13.298578,219.92854,-0.29641768,12.012057,205.79915,-2.6078043,-20.810644,208.24467,-11.269781,26.219872,205.89758,19.878525,-43.07278,220.35493,-2.1196942,28.816442,208.51212,43.790455,-60.44602,233.49713,10.154194,16.228424,152.83145,-13.026709,-6.241456,150.81955,-17.622509,32.922928,118.84302,-5.140292,-5.718656,111.2231,-16.26058,49.48503,85.669365,-3.2857182,-2.8649004,75.64546,-30.48443
-5.626362,216.82268,11.708128,-2.3743548,219.53589,8.758789,-9.123656,219.9174,9.346532,2.7308736,218.0781,-0.45318094,-13.742516,218.66055,0.023996234,11.587663,204.62112,-2.0515041,-20.892588,206.79994,-10.552757,27.886986,204.95879,18.823782,-43.50281,219.22816,-2.9472623,28.917582,205.65115,42.585903,-59.645557,232.45901,10.614123,16.434435,151.56976,-12.693231,-5.877657,149.56728,-17.859522,33.333992,117.90812,-3.4788074,-5.836252,110.274055,-17.390545,49.378494,84.693596,-3.3756435,-3.6482675,74.78304,-31.058802
-5.5785985,216.12933,12.037634,-2.448472,218.88373,8.981902,-9.198823,219.01645,9.596883,2.70309,216.92332,-0.11884961,-13.821396,217.39584,0.3917894,11.341486,203.65552,-0.8754743,-20.974003,205.0721,-10.385284,29.690025,204.35034,18.147074,-44.12291,217.38068,-4.5454717,28.305895,203.52226,41.884796,-58.33303,230.30121,11.173231,16.814821,150.6081,-12.256969,-5.475566,148.65968,-18.071196,33.338684,117.08777,-2.2982771,-6.125379,109.55351,-18.315752,48.863605,83.72731,-4.12224,-4.979426,73.91312,-31.223797
-5.8997345,215.28345,12.504256,-2.745228,218.08789,9.518087,-9.517173,218.03128,9.906452,2.3330762,215.96729,0.39205885,-14.208486,216.10657,0.8149499,11.682325,202.80998,0.24080609,-20.972948,203.72624,-10.356368,31.68684,203.24234,17.863565,-45.147247,215.04138,-6.365909,28.433723,199.68396,41.275284,-56.840202,226.82768,12.00663,17.204388,149.78122,-11.931595,-5.165283,148.15326,-18.726564,33.69537,116.12464,-1.3736464,-6.7028127,109.22666,-18.912617,48.385582,82.57341,-5.542183,-6.222187,73.70307,-31.313206
-6.4356017,214.5712,13.51424,-3.0861855,217.29376,10.663673,-9.864042,217.3675,10.715259,2.0152,215.0656,1.4724851,-14.565276,215.0206,1.6632105,12.326249,202.14589,1.1000714,-20.632435,202.59277,-9.963361,33.370213,202.21826,17.130888,-45.829727,211.75684,-8.542572,27.188976,194.71675,38.842503,-54.727413,222.39343,11.996494,17.990286,149.5675,-11.720255,-4.3629704,148.21019,-19.61482,33.58981,115.65097,-0.44467455,-7.404269,109.3857,-18.986609,47.59343,82.04408,-7.030603,-7.1662445,73.79473,-30.79593
-6.932838,213.58138,14.577603,-3.551255,216.48396,11.952789,-10.329987,216.41702,11.773205,1.7858181,214.23727,2.77822,-14.761294,214.06998,2.5085614,12.816313,201.59792,2.120845,-20.278452,201.2728,-9.670111,35.343037,200.3769,16.108965,-46.209614,207.40688,-11.023148,26.695587,190.46654,36.075756,-52.336075,217.02989,10.801504,18.535835,149.2935,-11.825313,-3.7183278,148.40254,-20.193932,33.28923,115.32038,0.121458784,-8.572815,110.261734,-17.977798,46.562447,81.76541,-8.438605,-8.337607,74.69667,-29.689999
-7.431096,212.56128,15.903873,-3.9475179,215.35341,13.303306,-10.727027,215.6252,13.223677,1.4164785,213.35098,4.148919,-15.12831,213.2464,3.77649,13.3741045,201.2082,2.7364802,-19.819313,200.37431,-8.73448,36.889225,197.82274,14.989282,-45.886436,202.6687,-13.839137,25.699917,185.56282,32.514137,-50.377266,210.51709,8.517035,19.456839,149.5125,-12.330864,-2.594915,148.73125,-20.732702,32.544197,115.12731,0.25000614,-9.873743,111.46964,-16.042395,45.375774,81.3516,-9.289848,-8.970914,76.203,-28.39378
-7.941566,210.8196,17.049904,-4.6453915,213.97397,14.611566,-11.419392,213.7069,14.404523,1.0263857,212.34094,5.515595,-15.495514,211.70409,4.8804445,13.57391,200.38034,3.9479976,-19.329916,199.00676,-8.802123,37.849884,194.91287,13.614721,-45.00577,197.34511,-16.123426,25.630383,180.96832,28.56253,-46.654015,202.96974,7.1424108,20.071049,149.56973,-12.734091,-1.6747175,149.00406,-21.48637,31.51588,114.55999,0.13819925,-11.568061,112.953674,-14.193179,43.68319,80.52318,-9.923057,-9.616334,77.829315,-26.605644
-8.742514,208.7239,18.370277,-5.577203,212.12747,16.097668,-12.310775,211.48482,15.70792,0.4329414,211.16217,7.1763754,-16.02064,209.70956,6.027122,13.427846,199.0738,5.1224647,-18.463861,197.74237,-8.819963,38.163593,191.80254,12.2112055,-42.28266,191.08467,-18.504353,25.314348,175.52563,24.284266,-42.910233,195.80273,5.634747,20.697763,149.64624,-13.26244,-0.77702886,149.17268,-22.341908,30.366997,113.98263,-0.28438142,-13.275523,114.534424,-12.144388,41.72811,79.3302,-10.259679,-9.771168,79.93428,-25.014935
-9.635958,205.86751,19.35624,-6.5748415,209.65332,17.600733,-13.237401,208.67383,16.796062,-0.058159504,209.41124,8.876554,-16.470083,207.76357,6.9471335,13.562406,197.38036,6.1875362,-17.832361,196.24219,-9.169171,38.10817,187.93929,10.689127,-39.54248,185.59062,-20.276554,25.355986,170.0584,20.52557,-40.04843,188.44229,4.2676387,21.038202,149.04819,-13.735037,-0.2334722,148.79759,-22.942398,29.414392,113.10037,-0.8841897,-14.736881,115.7993,-9.872772,39.943577,78.01311,-10.543063,-9.05267,82.37809,-23.823406
-10.767382,202.55222,20.390905,-7.814854,206.55095,18.947702,-14.402806,205.36409,17.881313,-0.6971165,207.15489,10.743055,-16.916231,205.08951,7.772447,13.400032,195.0757,7.420989,-17.736935,194.25629,-8.907924,37.697296,183.83281,9.078157,-36.67147,180.23584,-21.503807,25.245123,164.82104,16.706787,-35.60451,180.72046,2.9312618,21.347883,148.18874,-14.410351,0.11255772,148.22784,-23.737339,28.416794,112.10856,-1.1961356,-15.912523,117.39699,-7.707101,38.42241,76.81294,-11.238326,-8.118261,85.3067,-23.171635
-11.599906,199.20067,21.439674,-8.874336,203.30154,19.850304,-15.456478,201.89912,19.136662,-1.1651542,204.22643,12.4110155,-17.212196,202.17316,8.68475,12.943872,192.53137,8.467836,-18.004639,191.70522,-8.380087,36.87371,180.09521,6.698758,-33.799145,174.90044,-21.91313,25.158318,160.22174,13.112621,-32.81332,173.47954,2.4653406,21.802183,147.3996,-15.150305,0.4249237,147.52313,-24.350603,27.600538,111.12654,-1.6967597,-16.620949,118.687126,-5.8435054,37.382607,75.74209,-12.064399,-6.640029,88.18127,-22.868172
-12.207401,195.30756,22.491758,-9.475693,199.50279,21.175089,-16.061651,198.16545,20.394697,-1.7004653,200.97578,13.943167,-17.582079,198.93304,9.810227,12.509153,189.72221,9.004907,-18.147497,188.78635,-8.08125,35.72777,176.69478,4.1006722,-31.169914,169.7766,-21.804626,24.775003,156.25703,9.670793,-30.466713,166.97162,2.5092673,21.793592,146.22893,-16.060669,0.4866944,146.60277,-24.669674,26.708124,110.089645,-2.2477887,-17.020689,119.59753,-4.173017,36.613373,74.97403,-12.941661,-4.7816157,90.883224,-23.121893
-12.58656,191.09302,23.45344,-10.012236,195.40677,22.22288,-16.588358,193.95476,21.651758,-1.9194824,197.6291,15.682824,-17.639172,195.72527,11.009545,12.412707,186.59433,9.305935,-18.19509,185.87718,-7.4368052,34.558067,173.2679,1.3015692,-29.221489,165.45767,-21.056993,24.173775,152.6891,7.0086784,-29.043188,160.86243,2.9950242,21.599213,145.32704,-17.05374,0.27083212,145.74983,-25.228909,25.952404,109.41231,-2.9033988,-17.042343,119.84365,-3.3499184,35.581196,74.20043,-13.797819,-2.3002815,93.487465,-23.804071
-12.447543,186.88358,24.558493,-10.065858,191.32437,23.378756,-16.61868,189.69188,23.106735,-1.9149281,194.08319,17.256556,-17.58857,192.51665,12.53874,12.511373,183.99065,8.86999,-18.470795,182.74997,-6.4136,33.003235,169.85266,-1.2153252,-27.87619,161.62045,-20.349207,23.0163,149.10086,4.9459047,-27.084797,154.7176,3.1147604,20.97916,144.51215,-18.230415,-0.33578125,145.08609,-25.926594,24.970985,108.91029,-3.3283184,-16.556253,119.202805,-3.2775226,33.719902,73.651054,-14.304372,0.75843877,95.238106,-24.72458
-12.299027,182.4754,25.259953,-9.953607,187.00584,24.392153,-16.489082,185.30801,23.893648,-1.9201839,190.47125,18.50566,-17.710686,189.19519,13.958427,12.388186,181.41415,8.7236395,-18.768652,179.82368,-5.0577826,31.397135,166.55936,-3.3348994,-27.36654,158.36516,-19.002134,21.91516,145.7657,3.0863118,-25.341541,148.95697,3.51085,20.370192,143.97299,-19.18828,-0.78155583,144.39093,-26.790468,23.97558,108.5399,-3.437761,-15.473627,117.5591,-3.8802233,31.783518,73.36312,-14.484996,4.2747326,96.567444,-26.154097
-12.0976305,178.14798,25.940306,-9.638234,182.64682,25.308725,-16.218147,181.15161,24.738703,-1.8710648,186.74712,19.61021,-17.751049,185.65558,15.314117,11.915412,178.76956,8.856345,-19.290173,176.81769,-3.6997585,29.464193,163.69795,-5.2920103,-27.116657,154.29382,-16.702753,20.776344,142.48726,1.1129156,-23.769447,142.92712,4.592601,19.717571,143.78102,-20.307997,-1.3324583,143.9412,-27.785027,22.954054,108.397026,-3.363659,-13.69823,115.18556,-5.5158367,29.600105,73.1755,-14.656786,8.355411,97.24203,-28.150099
-11.255772,173.64102,26.521645,-8.457355,177.9756,26.790852,-15.085731,177.10182,25.64952,-1.7175723,183.07213,20.428919,-17.81436,181.50363,16.657024,11.4845,176.6444,8.501093,-20.358114,173.30351,-2.0133195,27.361557,161.11449,-7.1210675,-26.997934,149.79068,-14.617686,18.901754,139.69362,-0.4567306,-22.263533,137.04091,5.62565,18.939981,143.47255,-21.62642,-2.1305356,143.02011,-28.417938,21.59687,108.418945,-3.6192737,-11.717413,112.293594,-7.2214417,27.43791,73.24094,-14.54775,12.075748,97.67449,-30.533075
-10.249909,169.39415,27.176918,-7.676152,173.84984,27.577242,-14.265919,172.70186,26.548288,-1.338017,179.54262,21.385735,-17.546362,177.63283,18.179424,11.364286,174.62097,8.195374,-21.37125,169.65378,-0.13086706,25.399893,159.33827,-9.268196,-27.169006,145.6548,-12.065858,17.777603,138.0103,-2.221519,-21.168892,131.23416,6.780428,18.06404,142.9272,-22.83588,-3.2030792,141.74127,-28.674791,20.121325,108.48853,-3.9584048,-9.296224,109.319145,-9.194002,25.259394,73.12386,-14.498396,15.298266,97.63786,-32.995495
-9.471043,165.01797,27.57536,-6.9257135,169.42673,28.437996,-13.417157,168.39272,26.87381,-1.0427729,175.9225,22.454044,-17.316929,173.93779,19.829758,10.8959255,172.58545,7.9200015,-22.138107,166.18791,1.8587927,23.414888,157.61447,-10.990832,-27.296394,141.57146,-9.459722,16.060629,136.16945,-3.7633305,-20.874321,125.34646,7.806841,17.168478,142.28424,-23.883408,-4.162584,140.24435,-28.988459,18.767435,108.17033,-4.384998,-6.1610017,106.38714,-11.298603,23.053793,72.68087,-14.667748,19.444876,97.01403,-35.3195
-8.322009,160.61392,27.946022,-5.6940727,164.7159,29.658556,-12.158176,164.15865,27.67405,-0.65840876,172.19736,23.070227,-16.928038,170.16618,21.621202,9.753302,170.58362,7.634847,-23.015287,162.70831,3.4755027,21.314436,156.74966,-12.719038,-27.538477,137.5338,-6.9053946,14.476161,135.34308,-4.821829,-20.677856,119.74581,8.669737,15.698079,141.27661,-24.58064,-5.151986,138.62589,-29.816402,17.168827,107.59005,-4.770041,-3.0057888,103.66282,-13.850568,20.713705,72.210846,-14.683169,24.02559,95.42847,-37.603058
-7.111979,156.835,28.602535,-4.364574,160.7411,30.565292,-10.923209,160.40569,28.916105,-0.3655526,168.73096,23.169098,-16.604223,166.29355,23.492285,8.399908,168.12897,7.1005,-24.048388,158.50067,4.4371943,19.830935,155.15892,-13.887337,-27.730743,132.94861,-4.1599116,13.135456,133.97617,-5.370039,-20.505695,113.88716,9.894162,14.550059,140.4863,-25.043062,-5.9138136,137.2545,-30.899382,16.19834,106.944824,-5.1758447,-0.17221841,101.48302,-16.601091,18.498104,71.88053,-14.689837,27.127592,94.33566,-40.350666
-6.0368037,153.08902,29.245234,-3.0863295,157.0085,30.871624,-9.777923,156.68283,29.929516,-0.0800323,165.03116,23.2227,-16.26023,162.25143,25.00861,7.2589393,166.20778,6.6582246,-24.39702,154.59244,5.904099,18.203802,153.84914,-15.01442,-27.801426,128.61676,-1.3592322,11.717638,133.09308,-5.489628,-20.428066,108.117775,10.743524,13.268366,139.63597,-25.346903,-6.871546,135.87967,-31.534966,15.338541,106.42283,-5.3535147,2.6044807,99.88635,-19.602468,16.364594,71.69109,-14.570932,29.983013,92.656654,-43.311466
-4.917157,149.48837,29.201828,-1.815001,153.29912,30.78573,-8.573009,152.96288,30.57146,0.39968702,161.94452,23.540462,-15.5784645,158.57655,25.889359,6.329184,164.15263,6.5374746,-24.27707,150.74321,7.490752,16.439766,152.15369,-15.855316,-27.548843,124.19298,1.4884925,10.13501,131.59726,-4.9678254,-20.434244,102.24513,11.474254,11.820415,138.63185,-26.099628,-7.679509,134.70201,-32.185047,13.811926,106.055984,-4.7982764,4.8754516,98.880394,-22.571638,14.0815325,71.514114,-14.308837,32.930325,90.471924,-46.193245
-4.005573,146.0565,29.411665,-0.71357983,149.80164,30.74749,-7.45955,149.49625,31.351053,1.0075431,158.59648,23.631182,-14.822241,154.96332,26.325901,5.6561832,161.8041,6.925795,-23.669546,146.92294,8.92832,14.822673,150.68423,-16.145252,-27.209455,119.80949,4.0981126,7.685374,129.93857,-4.912491,-20.713446,96.661255,12.0794115,10.381034,137.21439,-26.509079,-8.328053,133.35057,-33.243404,12.350464,106.27066,-3.7160838,7.3010054,98.11443,-25.949,12.171851,71.58004,-13.90688,35.545315,87.9455,-49.11674
-3.2231336,142.78802,29.608095,0.03716412,146.67465,30.569384,-6.608364,146.12883,31.801546,1.5060813,155.38248,23.691393,-14.194917,151.63678,26.75937,5.0374455,159.85785,6.9802823,-23.198391,142.89345,10.60055,13.538643,149.3475,-16.637688,-26.585175,115.346535,6.401553,5.6289806,128.99051,-4.847202,-21.26902,91.347466,12.778889,9.025041,135.96477,-27.217852,-8.71455,131.41302,-34.041042,10.864369,106.417305,-2.4863944,9.817453,97.257126,-29.21824,10.364549,71.676735,-13.227832,37.973824,84.76087,-51.514812
-2.7695227,139.69333,29.792671,0.45405886,143.68976,30.29485,-5.995055,142.96765,32.280075,1.7155219,152.35179,23.72236,-13.843682,148.41951,27.131426,4.1854253,157.9285,7.116681,-22.811462,138.66754,11.962635,12.696642,148.50009,-16.92703,-25.822895,110.96179,8.452069,5.746905,128.12038,-4.833687,-22.02277,86.15397,13.646418,7.838594,134.79709,-28.049667,-9.2107525,129.93826,-34.447685,9.878809,106.63927,-1.3870975,11.7742605,96.8847,-32.227818,8.596477,71.98363,-12.410829,39.589447,82.104324,-54.11537
-1.8707597,136.68443,29.604841,1.008132,140.9551,29.974813,-5.1415415,139.61783,32.46201,2.0329132,149.45413,23.434095,-13.280776,145.16806,27.521862,3.0554461,155.9526,7.257549,-22.530128,135.27347,12.660084,11.77615,147.77052,-17.164158,-25.032242,107.20503,10.156854,5.856868,127.195206,-4.5644326,-22.655977,82.01634,14.398524,6.1044188,133.07451,-27.726835,-9.467512,128.78633,-34.79972,8.952359,106.440125,0.14044048,13.5116005,96.63109,-35.264977,6.976531,72.066734,-11.6971,40.70452,79.089874,-56.393852
-1.7252719,133.81792,29.558508,1.1844897,138.0766,29.80966,-4.975117,136.82365,32.342815,2.2274494,146.62187,23.323406,-13.056595,142.37477,27.428,2.1306598,153.78325,7.2460375,-21.967564,132.03352,12.75477,11.26878,147.08868,-17.448359,-24.454357,103.73347,11.47964,6.8497267,127.10289,-3.8355997,-23.155312,77.9014,14.845733,4.7075896,130.98535,-27.067684,-9.335125,127.58375,-34.944065,8.172963,106.59524,1.8124377,14.822848,96.06283,-37.611584,5.7505803,72.19622,-11.350794,41.554256,77.616875,-58.342926
-1.4534786,130.93474,29.633198,1.613359,135.07726,29.928623,-4.601131,134.0387,32.420414,2.5129507,143.71751,23.447151,-12.74184,139.59602,27.655006,1.4903578,151.6566,7.410998,-21.33886,128.35327,13.0155115,10.490629,146.10545,-17.61714,-23.426714,100.14858,12.491806,7.0045037,126.408424,-3.4502537,-23.583637,74.08722,14.995897,3.3613484,130.01096,-27.582182,-9.522909,125.99016,-35.17582,7.9986963,106.79302,2.8969145,15.350795,95.18333,-39.270744,4.9453855,72.39682,-10.726742,41.900543,76.67095,-60.072636
-1.1758878,128.54887,29.871832,1.9991202,132.58943,30.344688,-4.4016566,131.76224,32.43878,2.648115,141.35568,23.633827,-12.52462,137.15138,28.006445,1.1438221,149.89908,7.514227,-20.662424,125.46156,13.312125,10.11251,145.37292,-17.748653,-22.308418,97.33174,13.091944,7.4126096,126.12023,-3.335634,-23.742443,71.57048,14.539781,2.3653135,129.49225,-27.550755,-10.2121105,124.33829,-35.520695,8.088205,106.78223,3.5726173,15.269282,94.70709,-40.802937,4.0987086,72.47206,-10.1953535,41.889877,76.07366,-61.172245
-0.7546256,126.66544,29.551624,2.1089861,130.89491,30.306345,-4.199943,129.43085,32.34489,2.588903,139.81882,23.735643,-12.443774,134.80469,27.856129,0.9447212,149.1444,7.803334,-20.159912,123.69235,13.775345,9.890607,144.911,-17.44812,-21.574385,95.685814,12.944272,7.7388577,125.33342,-3.1783998,-23.92212,70.187645,14.1110935,2.052318,129.45741,-27.51391,-11.120307,123.52598,-35.75173,8.481907,106.83124,3.9098332,15.0822735,94.15799,-41.203472,3.4361215,72.6453,-9.792704,41.850372,76.056595,-61.450176
-0.412433,125.304695,28.947798,2.3950164,129.60788,29.513613,-3.6823769,127.97458,32.02744,2.4949253,138.8251,23.81763,-12.352982,133.16809,27.891325,0.8662214,148.20445,8.053744,-20.406536,123.33003,13.978651,9.935784,144.52577,-17.278845,-21.558226,95.30996,13.171664,7.8687515,124.84555,-3.1412625,-24.212744,69.82984,14.20947,1.6968136,129.45456,-27.535349,-11.607003,122.77016,-35.7261,9.028632,106.51321,3.6438498,14.869901,93.86477,-40.86002,3.2263322,72.56924,-9.651446,41.849922,76.15122,-61.06216
-0.18595044,124.86511,28.48741,2.487579,129.23485,29.167906,-3.4892073,127.3008,31.716454,2.529348,138.569,23.892622,-12.243478,132.53404,27.79637,1.2349987,148.0662,8.057288,-20.234966,122.90268,13.937153,10.239835,144.48375,-17.150097,-21.707079,95.12655,13.229952,7.894121,124.612206,-3.2801557,-24.198097,69.81473,14.226198,1.3511415,129.58382,-27.593462,-12.2114105,122.60282,-34.704975,9.172351,105.94459,2.6519384,14.366389,93.78559,-39.767525,3.401381,72.28835,-10.17754,41.593044,76.62626,-60.489536
-0.13116792,125.43673,28.127428,2.4709015,129.77452,29.178337,-3.5378518,127.57497,31.462263,2.643507,139.23691,23.838303,-12.127549,133.20863,27.855175,1.9684366,148.71408,8.01686,-20.876337,124.315834,14.19468,10.842273,144.46664,-17.247585,-22.078773,96.21084,13.446831,7.85429,124.49279,-3.7690134,-23.880816,70.49801,14.373904,1.0877768,129.92802,-27.73242,-12.033309,122.9296,-34.358517,9.65531,105.98864,1.9694571,13.625917,93.512726,-38.25215,3.7073545,72.562195,-11.508135,40.81004,77.48774,-59.595417
0.24552706,126.83584,28.534521,2.428756,131.43224,29.410147,-3.5145707,128.90698,31.511852,2.9764228,140.48917,23.760265,-11.788849,134.42894,27.539545,2.4232657,149.6588,7.6060514,-20.997986,125.84257,14.162669,11.273764,144.8307,-17.402954,-22.466482,97.73611,13.49617,6.849128,124.41174,-4.587698,-23.484337,72.04931,14.585304,1.8746521,129.42343,-28.332277,-12.067899,123.46687,-34.68074,10.131534,105.95471,1.4059404,12.386121,93.178795,-36.367165,4.282913,72.61574,-11.974476,39.44804,78.77992,-58.667156
0.24493375,129.00726,28.625643,2.550691,133.55978,29.377333,-3.3791,131.18106,31.689537,3.1313453,142.419,23.230888,-11.670256,136.93094,27.61836,3.011058,150.75256,6.7631826,-21.283325,128.0453,13.823196,12.306995,145.32346,-18.316587,-22.642223,99.78931,13.1030035,6.8332496,125.13377,-5.61249,-22.975058,74.152374,14.862282,3.253672,130.3799,-28.770811,-12.698103,125.29138,-34.598732,10.551886,106.57001,1.1810435,10.359438,93.40442,-33.982914,5.107762,72.5782,-11.520423,37.297035,80.27982,-57.472507
-0.12962672,131.8895,28.75747,2.39034,136.35858,29.344034,-3.650354,134.36865,31.716223,3.161828,145.05215,22.9575,-11.838778,140.08582,27.456049,3.7244663,152.40807,5.6883774,-21.233297,130.68015,13.343794,13.127027,145.7311,-18.999542,-22.690397,102.4573,12.934607,7.527801,125.90727,-5.908448,-22.303453,76.90661,15.370918,4.6542797,130.63077,-29.12431,-12.478288,126.46917,-34.734333,10.60238,106.57096,0.6765055,8.45062,93.370255,-30.96626,6.0705214,72.690125,-12.708906,34.61493,81.959145,-55.803677
-0.46298558,135.61777,28.410612,1.9678255,140.10905,29.190907,-4.010206,137.85188,31.515821,3.0176299,148.583,22.277624,-12.022989,143.96344,26.920145,4.0019255,154.51204,4.497371,-21.13345,133.71785,12.7295885,13.971613,146.29716,-19.733694,-23.096376,105.512535,12.653917,9.547455,127.35338,-5.451238,-21.708288,80.25145,16.0313,5.6921363,131.11508,-29.55059,-11.756333,127.45999,-34.6014,10.816976,106.12614,-0.24409676,6.8589954,93.97369,-27.68425,6.952008,72.09322,-12.707833,31.364065,84.30719,-54.254185
-0.43275714,140.34586,28.045952,1.962158,144.7259,29.343252,-3.9444256,142.14134,31.475906,2.2994182,153.483,21.812122,-12.375213,148.47766,27.042484,4.538293,156.89238,3.2872694,-21.038433,137.23308,12.00993,14.686985,147.06297,-20.220514,-23.566055,109.2107,12.122433,10.841418,127.9632,-5.71281,-21.333971,84.295616,16.437809,6.5965405,131.79541,-29.675138,-11.286498,127.44528,-34.566498,11.042532,105.98629,-0.9009651,5.7592535,94.56306,-24.393724,7.9864125,71.97357,-13.415755,28.264341,87.020485,-52.69175
-0.55794847,145.22867,28.102186,1.48961,149.76146,29.496841,-4.436938,146.91203,31.161291,1.7661312,158.10954,21.239235,-12.734983,152.93805,26.77537,5.4255977,159.42735,2.3185325,-21.076317,140.44673,11.758258,15.941739,148.24223,-20.285053,-24.214489,112.90076,11.527679,11.990291,129.13142,-6.5132003,-20.887997,88.474464,16.477459,7.401295,132.61876,-29.912392,-10.876334,127.84014,-34.00818,11.421066,106.023636,-1.7424911,4.956078,95.4002,-21.109518,9.080623,71.9879,-13.935102,25.312574,90.41259,-51.350914
-1.1345938,150.26749,28.200325,0.7761361,154.98857,29.020107,-5.1484346,152.28984,30.85542,1.2146902,162.6973,20.57028,-13.38766,157.55063,25.817076,6.1565466,162.04134,1.6008717,-21.272903,144.7109,11.127653,17.590378,149.76587,-19.885061,-25.039845,117.26672,10.443785,13.545988,130.05931,-7.0207906,-20.183867,93.42248,16.103315,8.299444,133.45474,-30.208715,-10.844639,128.76765,-32.976032,12.121921,106.138336,-2.770567,4.77675,97.51837,-17.224884,10.235607,71.94506,-14.581922,22.29448,93.52583,-49.07086
-2.044319,155.28874,28.268347,-0.17807078,160.06667,28.821611,-6.294728,157.55858,30.290236,0.9568152,166.93236,19.676846,-14.021308,162.43127,24.738111,6.7701707,164.58978,0.874728,-21.390535,149.33392,10.540054,19.667912,151.35687,-19.176702,-25.726236,121.780525,8.919353,15.579835,131.04187,-7.144438,-19.251883,98.586136,15.7058325,9.0143795,134.48453,-30.520218,-10.734645,129.61226,-31.423607,13.236861,106.25855,-3.6444101,4.377323,99.58542,-13.656739,11.791283,71.78885,-14.876914,18.247147,97.692795,-47.39209
-2.336493,160.49258,28.072723,-0.5349895,165.33096,28.19317,-6.6740427,162.90358,29.69632,0.90791905,171.4529,18.768778,-14.228614,167.218,23.512766,7.3923507,167.37375,0.4212206,-21.727743,153.43298,9.934626,21.851002,153.8093,-18.084446,-26.986752,126.21263,6.8680396,17.592516,133.17421,-6.7651925,-18.516531,104.393875,15.285448,9.450327,135.3943,-30.987633,-10.77869,130.82274,-29.935621,14.509862,106.5086,-4.3071136,3.7105677,101.758286,-10.289658,13.168292,71.94164,-14.940562,13.201017,102.3223,-45.442867
-2.507021,165.51636,27.787193,-0.73503864,170.34102,27.30412,-6.954824,168.08029,28.724829,1.2032151,175.4794,17.572557,-14.16572,171.72415,22.061687,8.001666,170.24925,0.29744074,-21.987232,157.6367,9.247103,23.91577,156.77753,-16.723604,-28.270885,131.03926,4.5514073,19.56703,136.11298,-5.453357,-18.179764,111.2567,15.214388,9.949334,136.94229,-30.890024,-10.545796,132.56952,-28.860037,15.1566105,107.29433,-4.8105764,2.9741027,104.19034,-7.706637,14.362699,72.03856,-14.911351,8.215855,106.17073,-43.405136
-2.9724746,170.3061,27.490232,-1.1102846,174.97684,26.30462,-7.435389,172.99992,27.733969,1.2673349,179.15326,16.55931,-14.389865,175.84477,20.6955,9.018533,172.7956,0.23418936,-22.419859,161.72603,8.476616,26.426786,160.28433,-15.903118,-29.740637,136.05219,2.3708305,21.486116,140.23766,-3.6912277,-18.076498,118.759796,15.1655855,10.426269,138.87648,-30.631247,-10.428891,134.64423,-27.963984,15.57216,108.30742,-5.7253027,2.191596,106.98727,-4.9016104,15.532841,72.33778,-14.780984,4.6522627,109.37167,-41.433384
-3.331835,174.65295,26.99812,-1.2525623,179.1167,25.446846,-7.6882815,177.52328,26.849058,1.2906965,182.87962,15.757756,-14.50124,179.89677,19.567322,9.950659,175.68571,0.17152187,-22.47055,165.56137,7.6137047,28.775122,164.28674,-15.219448,-31.174355,140.78598,0.5822041,22.631578,145.48149,-1.7609938,-18.111378,126.72244,15.672809,10.973947,140.7434,-30.435993,-10.186324,137.14555,-27.28611,16.06972,109.10727,-7.1192083,0.24893622,109.88451,-2.5669122,16.566658,72.55669,-14.714693,2.20921,111.16341,-39.55598
-3.6251986,178.7576,26.54465,-1.3849413,183.02893,24.706358,-7.9123464,181.6768,25.921728,1.6072388,186.50461,15.192527,-14.359038,183.53717,18.223036,11.067684,178.85391,0.16184077,-22.289593,169.24469,6.533257,31.456942,168.70712,-14.023893,-32.552826,145.12769,-0.8869014,23.717003,151.25084,0.5760137,-18.738325,134.32463,16.158669,11.533755,142.80652,-29.961916,-9.715077,139.76224,-26.972776,15.933437,109.66279,-8.542419,-1.8076996,112.86266,-1.0135778,17.224607,73.0019,-15.021518,-0.15562202,110.89147,-37.595078
-3.5539036,182.62474,26.003586,-1.431421,186.88818,24.020197,-7.922988,185.40599,25.319147,2.0456476,190.11253,14.622871,-13.979838,187.06299,17.191128,11.981759,182.10193,0.1325371,-22.028894,172.68146,5.592851,33.996346,173.31894,-12.32212,-34.12156,149.22961,-2.211482,25.155514,157.28342,3.6125336,-20.47058,142.02113,16.588314,11.906188,144.71025,-29.358742,-9.772397,142.41328,-26.85367,15.666723,110.38977,-9.482021,-3.9760368,115.75609,-0.5291263,17.51491,73.42845,-15.367169,-1.009469,112.237076,-36.95883
-3.2998118,185.81119,25.184513,-0.9021502,189.97382,23.28616,-7.48889,188.8316,24.359413,2.5022793,193.21028,13.85001,-13.561859,190.341,16.182985,13.076725,185.46361,-0.06302187,-21.808826,176.525,4.4900765,36.647038,177.88486,-10.533408,-35.628117,153.70541,-2.3782141,27.013868,164.44151,6.5114207,-22.37816,150.0643,17.717941,12.152583,146.43535,-28.661034,-9.835569,145.11313,-27.056545,15.40379,110.99624,-10.888732,-6.1099706,118.60486,-0.39510578,17.31832,73.97516,-15.807852,-3.101247,111.5398,-35.798607
-3.0203285,188.77882,24.371452,-0.38832086,192.92123,22.767416,-7.0565643,191.98286,23.453028,3.006098,196.32904,13.233736,-13.084199,193.48915,15.280169,13.797911,188.71364,-0.2668866,-21.183722,179.9722,3.7137632,38.632786,183.09029,-9.092663,-37.09197,158.34706,-2.451969,29.26065,171.57275,9.576182,-26.009676,158.08214,19.292265,12.392974,147.88707,-28.301453,-9.501008,147.41454,-27.176159,14.956963,111.64448,-12.049512,-7.4534726,120.37055,-0.71403325,17.161032,74.62841,-16.740257,-4.4191513,109.15215,-34.89508
-2.6749854,191.72394,23.557375,0.019852605,195.82803,21.971508,-6.6676064,195.01698,22.811678,3.5869963,199.30263,12.610746,-12.561504,196.46672,14.295881,14.366993,191.5757,-0.85745734,-20.649815,183.23143,3.0048866,40.38455,187.58224,-7.2254205,-38.428776,162.60616,-1.9659337,31.840502,178.02226,12.813407,-29.800266,165.37729,20.456753,12.588204,149.16338,-28.122746,-9.23342,149.06226,-27.124556,14.502149,112.69624,-12.736573,-8.818319,121.30912,-1.2345046,17.109762,75.447815,-18.133112,-5.5643144,105.87785,-34.121933
-2.2920804,194.46141,22.801746,0.4168508,198.42755,20.895864,-6.250762,197.76465,21.939217,4.107989,201.76021,11.676227,-12.054677,199.2181,13.372786,14.972978,194.2209,-1.6165018,-20.420786,186.28883,1.8696607,41.908672,191.7852,-4.8975573,-39.79156,166.92657,-1.2624992,34.517742,183.28735,16.107086,-32.2407,171.52786,21.42494,13.020702,150.04831,-27.981783,-8.816269,150.14186,-26.648567,14.236227,113.30401,-13.144561,-10.213244,121.2015,-2.0049589,17.226519,76.330284,-20.094734,-8.3276,101.01504,-32.436363
-2.0918934,196.94412,21.918716,0.50620043,200.9721,19.987732,-6.137438,200.14456,21.073273,4.6442914,204.20708,10.963016,-11.613794,201.81155,12.332087,15.494121,196.70958,-2.3943074,-19.745127,189.2771,0.6587325,42.459576,195.76685,-3.412227,-40.606396,171.5551,-0.30914947,37.668873,188.93343,19.165236,-34.95075,176.70819,22.757538,13.656609,150.881,-27.686735,-8.211092,150.95154,-26.152893,14.027994,113.864944,-13.433839,-11.813621,120.87342,-3.1253672,17.605164,77.377144,-22.045872,-10.892716,96.544205,-30.295942
-1.6345994,199.1155,20.600029,1.0062428,203.19958,18.859755,-5.6567993,202.3569,19.814486,5.126109,206.53983,9.759966,-11.092303,203.8899,10.870423,16.274273,198.7273,-3.7778623,-18.995174,192.07146,-0.802221,43.073215,199.12157,-0.5738991,-41.070084,176.36392,1.2599072,40.227486,194.5254,22.894175,-38.10216,182.06966,24.948189,14.28217,151.70148,-27.30804,-7.693142,151.48317,-25.664663,13.57665,114.75916,-13.856163,-13.454824,120.00334,-4.703725,17.760645,78.52946,-24.527456,-13.627705,91.711494,-27.792896
-1.0070928,201.1658,19.378689,1.7587955,205.25746,17.852865,-4.9494877,204.49329,18.531,5.896099,208.63692,8.683432,-10.376697,206.04112,9.607524,17.11318,200.47496,-5.2247343,-18.327896,194.27844,-2.36783,43.03724,202.91411,1.6603893,-41.063084,180.6904,3.2302427,42.142628,199.8688,25.664291,-41.421047,186.36949,27.083628,14.799661,151.98299,-26.458818,-7.3219295,151.88533,-25.341908,13.062285,114.715385,-14.129692,-15.056134,118.971855,-6.562821,18.081219,78.92644,-26.374323,-16.367735,87.15508,-25.231932
-0.40013874,202.81905,18.01371,2.3826494,206.9314,16.572918,-4.3254485,206.14752,17.088167,6.4478936,210.30063,7.305854,-9.773461,207.80598,8.331638,17.746336,201.87051,-6.073257,-17.641705,196.23514,-3.9615262,42.55135,205.50635,3.9152288,-40.39271,185.20818,5.377304,44.8695,204.30115,28.013258,-44.65022,190.32773,29.05252,15.166977,152.22868,-25.542921,-7.1423635,151.84225,-25.02741,12.761537,114.57406,-13.913251,-16.343052,117.919136,-8.418587,18.398964,79.110054,-27.616446,-19.656109,84.018715,-23.117205
0.20514253,204.35352,16.652988,3.0289066,208.43549,15.228381,-3.6936584,207.63264,15.450345,7.181686,211.58537,5.9352856,-9.132675,209.32475,6.9119463,17.980572,202.90697,-6.4608617,-17.03299,197.74461,-4.844511,40.892853,206.79541,6.7656856,-39.740234,189.64195,7.155323,47.37373,208.76616,29.798914,-47.650547,193.97385,30.141762,15.486324,152.22984,-24.557493,-7.038475,151.94926,-24.722818,12.677779,114.11942,-13.801905,-17.270979,117.11661,-10.103523,19.121645,78.78848,-28.296667,-22.389078,81.90488,-21.252853
0.79109216,205.91133,15.493047,3.6167626,209.94989,13.943339,-3.1113508,209.19327,14.315975,7.881466,212.76498,4.5668,-8.42904,210.53133,5.608845,18.457428,203.84538,-6.592903,-16.231447,199.21135,-5.327775,39.090122,208.04329,9.39319,-38.63118,193.49907,8.258648,49.228817,213.30647,30.69529,-49.806194,196.70107,30.327171,15.487411,151.98149,-23.583397,-7.1750073,151.70847,-24.162745,12.7090645,113.6045,-13.550933,-18.210682,116.1034,-11.318795,19.485184,78.24181,-28.23818,-25.152447,80.281715,-19.82758
1.1693556,206.95381,14.7769575,4.026936,210.89296,13.061596,-2.7038455,210.0335,13.080926,8.503285,213.18118,3.641748,-7.8866887,211.08272,4.421756,18.786968,203.96808,-6.7619734,-15.726448,200.32262,-5.6117725,37.960167,209.02899,11.131282,-37.68605,196.88339,9.358506,49.758514,216.80872,30.75121,-51.043144,199.02798,30.263891,15.450047,151.75331,-22.55792,-7.1566834,151.41484,-23.43805,12.982148,112.956825,-13.45228,-18.98729,115.27513,-12.019053,20.227224,77.4044,-27.660795,-27.674494,79.35908,-18.986027
1.3686167,207.8856,14.520511,4.422035,211.3667,12.2248745,-2.346332,210.86984,12.362811,9.084512,212.96704,3.0886083,-7.3392925,211.51187,3.6885562,18.523565,203.42793,-6.6088123,-15.110606,201.0113,-5.972666,37.590763,208.19954,11.232315,-36.636738,199.79202,9.9039755,49.04382,218.5151,29.771606,-50.312675,201.24442,30.525774,15.193013,150.94792,-21.41445,-7.5715613,150.6724,-22.681536,13.062126,112.06365,-13.103285,-20.017895,114.56788,-12.116202,20.748487,76.394646,-27.14263,-29.701838,78.77039,-18.27945
1.8357784,208.1066,14.192709,4.9068046,211.59453,11.92983,-1.8651794,211.12955,12.058574,9.499167,212.71858,2.6354027,-7.0034,211.85757,3.5268524,18.277514,202.34517,-6.4204607,-14.406129,201.30237,-6.2952437,37.429863,207.36523,11.160459,-35.64156,201.40227,9.581032,47.3946,219.2727,29.580158,-49.131317,202.36192,30.095276,14.810606,149.83675,-20.311459,-7.870813,149.97633,-21.693186,13.23567,111.01269,-12.736552,-21.293697,113.82005,-12.051641,21.433338,75.55992,-27.095463,-31.611246,78.40295,-18.156286
2.1350145,208.70096,14.4820175,5.2155504,211.91989,11.870228,-1.555501,211.51494,12.06717,9.794107,212.49191,2.5733151,-6.658637,211.77657,3.5542266,17.95842,201.29337,-5.964388,-13.963196,201.0978,-6.660696,38.042522,206.20293,10.528983,-35.57765,202.25935,8.334515,45.63648,218.68295,29.620306,-47.691418,202.10063,29.518942,14.451034,148.88396,-19.42492,-8.251104,149.08725,-21.049208,13.741238,110.1216,-12.49532,-22.420437,113.25268,-11.677704,22.270018,75.02152,-27.123602,-33.126442,77.97942,-18.153866
2.5554059,208.2849,14.656466,5.886419,211.51562,12.3784485,-0.8916446,211.61696,12.53907,10.054186,211.77386,2.6230147,-6.4343686,211.10442,3.8093286,18.010214,200.18509,-5.58012,-14.138131,200.42937,-6.2833533,39.305153,204.93384,9.637304,-37.071556,203.04173,6.082752,43.85464,217.06796,29.88467,-46.507233,201.43414,28.373161,13.978809,147.90073,-18.717348,-8.924496,148.1223,-20.159525,14.540097,109.146484,-12.349224,-23.488487,112.51091,-11.137789,23.485428,74.355255,-27.061228,-34.214436,77.39156,-18.695631
2.7173111,207.84563,15.39797,6.1029267,211.02144,13.131458,-0.67101216,211.28894,13.3721,10.317197,210.98973,3.3531082,-6.2235827,210.53647,4.482055,18.643272,199.2216,-5.277584,-14.421641,199.68837,-5.5764,41.08179,203.39116,8.619005,-39.314526,202.84949,2.772208,41.81871,214.26764,29.977219,-45.444317,199.64034,26.420105,13.669179,146.94226,-18.220768,-9.463429,147.08983,-19.457294,15.4023485,108.435234,-12.398012,-24.209894,111.95311,-10.482921,24.921045,73.856735,-26.847807,-34.925377,77.05258,-19.264442
2.8892655,206.82466,16.502008,6.1692476,210.03159,14.117563,-0.5816891,210.27888,14.632249,10.26013,210.04312,4.2602043,-6.2132144,209.5912,5.7573786,19.110727,198.02458,-4.7506857,-14.856104,199.04732,-4.60727,42.947624,200.76755,7.0218167,-40.99427,201.4842,0.28440383,40.237476,209.76283,29.174963,-43.902676,197.2442,24.303144,13.166795,146.16226,-18.152882,-10.046266,146.40831,-19.03795,16.171982,108.03965,-12.466456,-24.93025,111.27227,-10.063848,26.048765,73.722916,-26.878376,-35.477543,76.637,-20.096264
2.6267424,205.67601,17.97608,6.010888,208.80124,15.633293,-0.75976217,209.06674,15.8739,10.206405,208.89293,5.7906737,-6.2946453,208.56322,7.0536275,19.27689,196.61954,-3.6796846,-15.199443,198.54031,-3.498093,44.52945,197.1222,4.803622,-41.883373,199.73405,-1.7460809,39.158085,204.57835,26.623896,-42.69272,193.57054,21.849762,12.442944,145.50278,-18.269506,-10.619019,145.77765,-19.023071,16.80092,107.85987,-12.598053,-25.263456,110.79559,-9.625251,27.100641,73.88432,-26.55652,-35.440548,76.399956,-20.608593
2.4136684,203.89397,19.104895,5.8817015,207.15672,17.098217,-0.8939115,207.45644,17.154327,10.178651,207.82314,7.2831388,-6.3428464,207.4972,8.27375,19.413322,195.3991,-2.5769048,-15.375975,197.7489,-2.6709728,45.358162,192.4407,3.1296105,-41.99691,196.31296,-3.8983266,37.544113,198.90875,24.723639,-41.245243,189.8693,19.804184,11.859059,145.37187,-18.796679,-11.445984,145.65984,-19.339247,17.168198,108.17996,-12.558651,-25.465342,110.59629,-9.572407,27.966625,74.29384,-26.161516,-35.01729,76.16439,-20.997059
2.3944697,202.33089,20.660997,5.8616176,205.46301,18.45077,-0.90009147,205.90508,18.719906,10.303516,206.44269,8.979405,-6.1985364,206.17046,9.746605,19.563046,194.66554,-1.446023,-15.334813,196.51434,-2.3097837,45.359985,187.34833,1.6528198,-41.75465,192.7618,-5.4128757,33.779163,191.48384,22.005465,-40.10327,185.50456,18.042885,11.5699835,145.62401,-19.68776,-11.923482,145.65771,-19.813293,17.518082,108.70381,-12.382999,-25.039434,110.41135,-9.717031,28.563177,74.918755,-26.206804,-33.65876,75.79653,-21.282282
2.5299346,199.98657,21.920713,5.915172,203.42155,20.063875,-0.84989876,203.69794,20.409605,10.432009,204.99942,10.660582,-6.1326776,204.62604,11.462124,19.53624,193.47508,-0.5312915,-15.391144,195.33383,-1.4691924,43.93476,182.06367,-0.79354095,-40.9211,189.14682,-7.1296854,31.625462,184.29411,19.67746,-38.709686,180.63564,15.751707,10.954806,145.9512,-20.653189,-12.473205,145.65782,-20.383408,17.803524,109.302376,-11.676028,-24.649372,110.161606,-10.044981,28.761747,75.81232,-26.222342,-32.366573,75.175934,-21.04241
2.2202325,197.35791,23.267323,5.707787,200.81924,21.66545,-1.0657891,201.14473,21.770092,10.523623,203.35483,12.700506,-5.9863653,202.94724,12.824739,19.766993,191.76013,-0.20944794,-15.541303,193.84578,-0.7248512,42.10386,176.81111,-2.9128244,-40.125156,185.26752,-8.409903,29.416494,177.57082,17.399096,-36.946583,175.1517,13.310021,10.671945,145.9331,-21.594723,-12.703096,145.79944,-21.085096,18.079294,109.901405,-10.572642,-23.651617,109.97235,-10.454077,28.303673,76.91872,-26.201937,-30.773987,74.75112,-20.771725
2.1541762,194.22311,24.34597,5.6150465,197.90176,23.232796,-1.1607271,198.04549,22.993767,10.564879,201.14935,14.491292,-5.9549356,200.8391,14.529116,20.089836,189.84784,0.3534791,-15.149221,192.21495,0.05412027,39.509438,171.92891,-4.857949,-38.273727,182.0493,-9.700581,26.782183,170.20242,15.468491,-35.508408,168.84268,10.600537,10.597921,145.70511,-22.348215,-12.937109,145.79059,-21.704218,18.285757,110.50016,-9.1665535,-22.678478,109.604324,-11.227551,26.979652,78.05971,-26.278734,-28.91628,74.00442,-20.785765
2.0980027,190.80626,25.338175,5.5825405,194.56657,24.672743,-1.1850101,194.72969,24.231472,10.593141,198.38565,16.029673,-5.937128,198.205,15.9710455,20.509861,187.28345,0.48499873,-15.03084,190.2562,0.7108312,37.18827,167.0267,-5.8523846,-36.561634,178.63298,-10.692446,24.448172,162.67053,14.285108,-34.329803,162.75006,7.7612247,10.623904,145.24821,-23.028526,-13.101471,145.65004,-22.485964,18.395647,111.13437,-7.7369375,-21.510479,109.074936,-11.882654,25.115942,79.66726,-26.909437,-26.899115,73.355736,-20.896921
1.7741436,187.14961,26.034779,5.412758,190.80423,25.669523,-1.3315942,191.28813,25.281279,10.633843,195.24307,17.494146,-5.8266206,195.60263,17.158264,20.641357,184.63704,0.9959444,-14.971757,188.24373,1.1742973,34.843857,162.84431,-6.2281218,-34.757366,174.47739,-11.2279625,23.24508,155.37125,13.74042,-33.33227,156.54816,4.935435,10.750805,144.64302,-23.531652,-12.887384,145.19812,-23.145088,18.224342,111.27434,-6.762626,-20.414728,108.75738,-12.437495,22.802137,81.23588,-28.177958,-24.806604,73.02125,-20.973185
1.4980153,183.23468,26.705881,5.062771,186.97823,26.766302,-1.6956753,187.37111,26.437769,10.492611,191.9174,18.902983,-5.9588046,192.48938,18.538006,20.645454,181.72874,2.1360853,-14.610114,186.15508,1.8100551,32.496563,158.85059,-6.0347624,-32.56045,171.58737,-12.113344,22.542654,148.44438,13.468111,-32.05485,151.33241,1.3799354,10.913882,143.89355,-24.291399,-12.44064,144.71301,-24.085176,17.769169,111.291374,-5.9839873,-19.35811,108.46183,-12.855578,20.173079,83.00259,-30.008001,-22.915548,72.62621,-20.77288
1.1865987,179.58855,27.28579,4.737556,183.31831,27.667862,-2.015981,183.73239,27.317963,10.40545,188.39345,20.053553,-6.052921,189.46927,19.811598,20.856169,178.67734,3.3826563,-14.1708555,183.91,2.3076203,30.301937,154.64798,-5.1434016,-30.321842,168.20024,-12.599765,21.737034,141.77707,13.53168,-31.228115,146.05005,-1.8466876,11.345182,143.58315,-24.91538,-11.784344,144.38889,-25.013134,17.06819,111.14891,-5.9343586,-18.418505,108.29306,-13.180933,17.391788,84.928894,-32.26193,-21.037344,72.638115,-20.463135
1.1779952,175.68903,27.600243,4.6883426,179.39536,28.361135,-2.0769184,179.73979,28.27822,10.456222,185.11546,21.20364,-5.923451,186.43393,21.19647,20.550083,175.69835,4.655556,-13.881707,181.6635,2.9213214,28.220066,150.622,-3.2507913,-28.015162,165.11125,-13.177631,20.815361,135.42204,14.422185,-30.258718,141.88078,-5.6970625,11.721036,143.11426,-26.04719,-11.123886,144.10037,-26.008804,16.093359,111.06705,-6.4093466,-17.530457,108.366234,-13.264428,14.299164,86.6384,-34.667507,-19.21133,72.78646,-20.116013
0.95963997,172.05725,28.28995,4.5058775,175.6845,29.234486,-2.275982,176.03769,29.281902,10.406525,181.83258,22.628325,-5.990117,183.08824,22.159174,20.555756,172.50893,6.0107026,-13.099163,179.3959,3.5155523,26.76232,146.67397,-1.0781618,-26.045275,163.3721,-13.96697,20.22094,129.52625,14.987379,-29.375633,139.13748,-10.401687,12.133903,142.8129,-26.917997,-10.559983,144.09685,-26.644361,14.733813,110.599236,-7.0936666,-16.64414,108.19894,-13.094448,11.019919,88.58841,-37.25228,-17.3084,72.56436,-19.657898
0.5868152,168.44696,28.614557,4.23502,171.8438,29.94506,-2.534248,172.3581,30.11452,10.448621,178.29887,23.95262,-5.920755,179.87975,22.887238,20.509745,169.55067,7.752622,-12.34437,177.44427,3.82024,25.382872,142.9266,1.872982,-24.293648,161.47629,-14.599689,19.613035,123.52222,15.774835,-28.329966,136.8315,-15.447339,12.620276,142.34619,-27.422985,-9.672923,144.08818,-27.124044,12.913709,109.76531,-8.152386,-15.483807,108.020424,-13.068189,7.6046724,90.22196,-39.848618,-15.335049,72.19064,-19.071426
0.29719102,164.39606,29.003265,3.7537527,168.04965,30.164341,-3.010303,168.115,30.598503,10.234405,174.4149,25.020676,-6.1407323,176.05162,23.712564,20.748575,166.53732,9.45126,-11.375099,175.58302,4.24284,24.416187,139.15831,5.080818,-22.701603,160.32208,-15.245181,19.119839,118.10556,16.716326,-27.255188,136.21245,-19.489553,13.256102,141.93617,-27.829617,-8.813071,144.15057,-27.391653,10.957276,108.683365,-9.729602,-13.945944,107.86576,-13.011563,3.940141,91.58295,-42.64035,-13.481529,71.82976,-18.653076
-0.056439634,160.21658,29.086134,3.123626,164.00357,30.577639,-3.617929,163.53346,30.990374,9.884542,170.64777,26.283987,-6.4469156,172.23158,24.550158,20.724745,163.35939,11.025856,-10.445316,173.6483,4.555806,23.814482,135.5092,8.109966,-21.206343,159.77182,-16.300793,18.902517,113.34655,18.046623,-26.092916,136.26608,-23.03043,13.981845,141.19832,-27.878155,-7.6250105,143.86467,-27.826456,8.891786,107.55338,-11.759041,-12.338326,107.68372,-12.959155,0.12991622,92.521164,-45.50251,-11.624262,71.87841,-17.970007
-0.38805884,156.6629,29.406878,2.726398,160.42528,31.083685,-4.020783,159.94414,31.245773,9.581137,167.27805,27.390821,-6.620985,168.7159,24.79498,20.592989,159.4304,12.5820875,-9.833215,171.43658,4.8789825,23.230915,131.49275,10.777871,-19.736324,159.0281,-17.2061,18.963755,108.78742,19.71972,-25.18884,136.5618,-25.901274,14.744447,140.65228,-28.129274,-6.2905912,143.34404,-27.57874,6.455866,105.981224,-14.59936,-10.938905,107.437546,-12.718704,-3.597109,92.822464,-48.445972,-9.680693,72.05998,-17.301376
-0.53191316,153.21082,29.623165,2.490027,157.03078,31.33426,-4.2553787,156.45178,31.351156,9.245642,164.05359,28.084908,-6.9337215,165.27414,25.21498,20.392954,155.84917,13.949577,-9.080971,169.37178,5.139794,22.597599,127.57179,13.038861,-18.657246,159.14124,-18.245274,18.942316,104.1823,21.02269,-24.30158,136.98318,-27.656067,15.467961,139.73332,-28.538969,-4.95491,142.60902,-27.579885,4.4230213,104.370575,-17.049648,-9.69842,107.135925,-12.15661,-7.298313,92.56021,-50.797546,-7.8470664,72.01295,-16.735394
-0.79658955,149.77701,29.723282,1.9771603,153.70122,31.601778,-4.734961,152.7792,31.399607,9.000436,160.72096,28.670542,-7.0911264,161.86687,25.331646,20.42782,152.30203,15.355937,-8.16998,167.34084,5.182325,22.032852,123.94687,15.048588,-17.326159,159.23201,-19.248041,19.16586,100.031654,22.380735,-23.310646,137.9323,-30.134115,16.355482,138.59514,-28.048958,-3.8435616,142.11783,-27.738834,2.490137,103.57836,-19.424515,-8.565521,107.14359,-11.635363,-11.45544,91.62352,-52.547382,-6.1557617,72.070816,-15.917232
-0.9650684,146.43513,30.206009,1.62772,150.59746,31.814634,-5.0423512,149.3309,31.725025,8.676134,157.50288,29.064024,-7.4124346,158.35878,25.571081,20.477179,148.97798,16.147,-7.4311104,165.43526,5.896018,21.464602,120.50384,16.988409,-16.137428,159.51457,-19.395596,19.622587,96.1398,23.565294,-22.194387,139.43535,-32.475338,16.839354,137.66302,-28.63076,-3.049618,141.51596,-28.129627,0.77983004,103.0689,-21.956198,-7.6638217,107.18981,-11.012509,-14.951439,90.11284,-54.070904,-4.6397467,71.94635,-15.306558
-1.2221285,142.97105,30.139374,1.3586868,146.97166,32.131977,-5.315613,145.89243,31.591255,8.43962,154.07936,29.65721,-7.596512,155.07085,25.927948,20.016268,145.52065,17.267973,-6.929121,163.63542,6.420182,20.601753,117.06747,18.750652,-14.941691,159.59511,-19.409048,19.901873,92.251724,24.880518,-21.283072,140.88304,-34.23516,17.4322,137.30482,-29.794079,-1.974484,141.2568,-28.762432,-0.79749566,103.04959,-24.474401,-6.8589377,107.27194,-10.226617,-17.68925,88.48295,-55.365913,-3.1420956,71.86262,-14.499439
-1.4040222,139.67805,29.810848,1.1350677,143.28159,32.519016,-5.4904227,142.63315,31.183462,8.146905,150.84337,29.92771,-7.8977222,151.90633,26.158861,19.06095,141.98466,18.323828,-6.4724135,161.55853,7.2280707,20.060863,113.483955,20.022007,-14.17302,159.53221,-18.911974,20.556355,88.48143,25.574684,-20.592958,142.19685,-35.450237,17.72455,136.95447,-30.997253,-1.1114272,140.61414,-28.539782,-1.6530923,102.80073,-27.313795,-6.5258627,107.115074,-9.181069,-19.426008,85.65458,-56.303226,-1.937742,71.89333,-14.051145
-1.7221993,136.56908,29.596546,0.78813636,140.08298,32.451496,-5.7641315,139.67577,30.767338,7.917671,147.66264,30.17211,-8.12575,148.93335,26.424212,18.785412,139.23454,18.286312,-6.178492,159.77101,7.8537,19.727674,110.84757,20.894997,-13.272029,159.55606,-18.490112,21.340996,85.72227,26.287996,-20.566334,143.38228,-36.002983,17.954252,136.70886,-31.58936,-0.419479,140.45732,-28.353895,-2.177556,102.537605,-30.076471,-5.9270864,106.877045,-8.601387,-21.33253,82.22279,-56.354256,-1.0285562,71.81879,-13.266241
-2.0863137,133.26859,29.47747,0.1945129,136.80772,32.4963,-6.3032928,136.11963,30.66569,7.506985,144.32454,30.790539,-8.377557,145.79909,26.510698,17.924175,136.1931,18.652628,-6.4096665,157.56241,8.153729,19.182545,107.626465,21.45317,-12.589408,159.18495,-18.524366,21.472975,82.45098,26.762472,-20.054358,145.77614,-38.196144,18.37324,136.49556,-31.860819,0.35665295,139.93289,-28.288729,-1.5825865,102.43383,-32.3692,-5.6346993,107.26768,-7.380538,-21.118624,79.07984,-56.091564,-0.85458076,71.81397,-12.25134
-2.437972,130.24886,29.404898,-0.3402716,133.787,32.53604,-6.7194853,133.09895,30.352097,7.2950416,141.10873,31.108147,-8.396547,142.9561,26.54524,17.163105,133.36314,19.153584,-6.0961204,155.54712,8.635234,18.75496,104.69369,21.41298,-11.6281,158.11932,-18.008333,21.34961,79.57828,26.760754,-19.073608,147.72147,-39.444935,18.786861,136.04152,-31.922176,1.3483651,139.43205,-27.855507,-1.2473166,101.77566,-34.186024,-4.909781,107.155334,-7.0491953,-21.65235,76.90597,-56.31423,-2.196387,72.33031,-11.128572
-2.9009295,127.25775,28.903944,-0.635471,130.60597,32.14527,-7.078645,130.16751,30.114363,6.8500767,138.01514,31.37587,-8.761229,140.13742,26.774738,16.258806,130.55734,19.79865,-6.8103747,153.6054,9.183507,18.61891,102.53839,21.438711,-10.622209,157.08253,-17.431345,20.167433,78.16789,25.955183,-18.508255,148.6563,-39.499084,19.017244,135.00836,-31.583141,2.1650047,139.0438,-28.240274,0.70375943,100.76719,-35.662132,-4.4684386,107.02916,-6.089281,-21.73262,75.97718,-56.615623,-2.263062,72.484215,-10.569358
-3.2406178,124.80011,28.512566,-1.0428164,128.12082,31.83434,-7.470569,127.63622,29.697546,6.5444255,135.3435,31.676302,-8.885713,137.81714,26.620981,16.37493,128.745,19.987215,-7.71498,151.7821,9.32827,18.430641,100.56602,21.409037,-10.53468,157.70482,-16.772396,19.989576,76.11988,25.624105,-18.269648,149.6798,-39.041473,18.988983,134.43974,-31.752865,3.814816,137.81097,-27.797401,0.64146906,99.7562,-36.830677,-3.8880925,107.16217,-4.436302,-21.999426,75.106575,-57.339794,-1.7383002,73.060074,-10.71945
-3.5867033,122.447525,27.398907,-1.1602259,125.32631,30.925928,-7.6894164,125.2193,29.094826,6.154969,132.80658,31.692493,-9.133853,135.68016,26.356964,16.692333,127.26758,20.330704,-7.8063397,149.60703,9.805863,18.333235,98.61502,21.31796,-10.466017,157.98958,-16.033756,21.348461,73.71462,26.154766,-17.883821,150.173,-38.60888,19.150345,133.28676,-31.453037,4.8092384,137.13821,-27.337503,-0.3650597,98.77271,-37.047783,-3.7320995,106.9673,-3.600774,-22.274017,74.56476,-58.158745,-2.3910277,73.2421,-10.837933
-3.1324747,120.25587,27.35365,-0.9875003,123.27708,30.955248,-7.4347935,122.80267,28.889114,6.335522,130.88347,31.6207,-8.995816,133.27591,26.15365,16.702997,126.26088,20.813095,-8.088787,147.58014,9.768883,18.66492,97.94065,21.173527,-10.030523,157.48866,-15.380343,21.417793,73.576,25.721365,-17.526455,150.35004,-38.051178,19.42163,132.15968,-30.95637,6.1659584,136.44002,-27.22228,-1.2368218,97.455315,-37.011105,-2.9636059,106.66883,-3.8790183,-22.527687,74.15162,-58.793793,-5.7843566,72.85182,-11.155148
-3.0890212,118.204544,26.818752,-0.9000415,121.21707,30.40705,-7.3111043,120.97194,28.198568,6.1908455,128.88675,31.015553,-9.200595,131.22795,25.750906,16.837582,125.35385,20.981337,-7.8882856,146.0228,9.664347,19.403385,97.20308,21.36473,-10.240763,156.87784,-14.936108,23.06173,72.49038,26.48944,-17.764849,150.12083,-37.784435,20.023657,131.45775,-30.648916,6.3167095,135.92404,-27.798462,-2.141796,97.35107,-36.37424,-2.8559072,106.857,-3.1023545,-23.360802,74.56429,-58.599518,-7.0807433,73.00994,-11.446648
-3.2587168,116.65287,26.4761,-0.91771907,119.56159,30.049881,-7.4222927,119.35567,28.120504,5.953481,127.34248,30.83568,-9.447678,129.6986,25.704086,16.679632,124.77832,21.088781,-8.418443,144.46518,9.739085,20.246439,96.88471,22.044525,-10.544216,156.20335,-14.76736,23.755795,72.14568,26.722452,-17.533808,149.29689,-37.76298,20.420795,130.52301,-30.060575,6.790865,135.61908,-27.915339,-2.5494404,96.86337,-36.004276,-2.762117,106.39015,-3.6802626,-23.768143,74.90737,-58.711014,-7.2244334,73.03003,-11.879285
-3.5401897,115.67416,25.617327,-0.92144245,118.18098,29.285591,-7.5569596,118.1928,27.829062,5.512994,126.27743,30.657328,-9.835688,128.70816,25.471857,16.784266,124.75656,21.51547,-8.60462,143.46437,9.47579,20.914137,96.95015,22.589945,-11.193996,155.54019,-14.797749,23.935938,72.25925,26.95111,-18.96793,149.21382,-37.63138,20.945675,130.18544,-29.26671,7.13784,135.15784,-27.594818,-2.0221577,96.9052,-35.257755,-3.4395301,106.483604,-3.5541747,-22.696657,74.436424,-58.144432,-6.4516807,73.3699,-13.146464
-3.402614,115.010635,25.365187,-0.9030959,117.67359,29.017145,-7.4974556,117.55538,27.396418,5.273738,125.7847,30.599363,-10.047035,127.896515,25.1511,17.020674,124.82412,21.9911,-8.88481,142.65996,9.083521,21.306732,97.30562,22.715176,-12.655475,154.7359,-15.039752,23.26898,72.8545,26.071917,-19.738007,148.28441,-38.141884,21.617039,130.31314,-29.301268,7.7107086,134.33621,-26.7904,-1.1692681,96.63155,-35.152153,-4.8894916,106.36005,-2.91724,-22.572203,74.97494,-58.190994,-4.438414,72.90476,-11.857237
-3.9936337,114.748764,24.753403,-1.4445398,117.20946,28.494343,-7.975348,117.50784,26.716066,4.4003386,125.47373,30.657034,-10.685054,127.60777,24.659115,16.38056,124.6839,22.5972,-10.2635975,141.4795,8.997219,21.001812,97.12212,22.890394,-14.569323,153.35939,-15.280981,23.70153,72.3598,26.968895,-20.630524,146.32137,-38.5746,22.276234,130.37724,-28.854412,8.032353,134.67934,-26.841509,0.97822124,96.28787,-35.261078,-5.2360272,106.64228,-2.6256962,-21.090542,74.79819,-57.77512,-0.88246053,72.63219,-11.52027
-4.349762,114.444664,25.085262,-1.9476548,117.18598,28.73466,-8.510572,116.954254,27.034592,3.8306339,125.46568,30.632198,-11.2545,127.09353,24.353926,15.972372,124.678856,22.568216,-10.699145,140.95673,8.721799,20.643686,97.009056,22.799562,-16.12143,151.96979,-15.531805,23.606415,72.21662,26.784685,-22.612663,145.45468,-38.72554,23.281599,130.6024,-28.576982,8.311441,135.60733,-27.37805,2.4658804,96.4867,-34.76887,-5.0842857,106.70949,-2.99932,-19.658897,74.87978,-56.775604,2.1268861,72.877045,-11.958731
-4.464519,114.409966,25.295542,-2.0747623,117.130554,28.978882,-8.630683,116.91395,27.229145,3.572945,125.71964,30.521801,-11.595781,126.91189,24.426167,16.0001,125.024895,22.6927,-11.738035,139.98474,9.341391,20.437284,97.195755,22.814863,-17.013243,150.01707,-15.378459,23.589304,72.31243,26.65462,-24.139656,143.93263,-38.60763,23.966084,131.38564,-28.420849,8.713914,136.19205,-27.258316,4.4377174,96.41843,-33.362965,-3.1401281,106.29133,-4.2765284,-17.676598,74.62749,-54.801083,-0.24394023,73.07325,-15.849274
-4.9541216,114.72245,24.861248,-2.7546546,117.32705,28.73787,-9.226486,117.08196,26.741592,3.1174471,126.00398,30.16468,-12.11449,127.25752,24.2619,15.254626,125.41734,22.439001,-12.1018,139.5654,8.991329,19.644293,97.46018,22.754793,-18.560349,149.51065,-15.200286,22.77488,72.5378,26.070992,-25.597006,142.34691,-38.064144,24.41819,132.349,-28.522964,8.458768,136.75565,-27.529951,6.6930885,96.5009,-31.03018,-1.6962471,106.071815,-5.6548333,-15.0232115,74.96059,-53.459362,1.6670737,72.5054,-15.5616865
-5.062117,114.75521,24.72264,-2.9573982,117.629295,28.457102,-9.430886,116.97388,26.546762,2.8894444,126.25973,29.722477,-12.385114,127.17974,23.783691,14.700718,125.80385,21.662271,-12.572534,140.03815,9.049865,18.809774,97.85447,22.210634,-20.81675,150.24365,-14.687125,21.009485,73.29952,24.669666,-27.108253,140.71722,-37.179123,24.712212,133.28336,-28.762222,7.5646925,137.14473,-27.689037,8.761149,96.96371,-28.579533,-1.5149808,105.78531,-5.9849963,-10.954157,75.385826,-52.682194,4.354713,72.39832,-15.260879
-4.6773715,114.99945,24.174244,-2.5191884,117.764305,27.964474,-9.029047,117.13574,26.135862,2.8789861,126.62174,29.239826,-12.437013,127.18772,23.346186,14.366653,125.814926,20.96297,-13.414372,140.21858,8.818151,18.16114,97.67105,21.591213,-22.267109,150.89272,-14.530115,21.30609,72.64873,24.803743,-28.143764,139.18416,-36.09328,24.823986,134.25967,-29.017391,6.081357,137.42413,-27.892345,10.220875,97.459366,-26.047575,-1.9608196,105.91932,-5.636561,-7.8056474,78.04034,-52.55611,4.415244,72.416084,-15.263292
-4.4825373,115.29667,23.591866,-2.105005,118.06695,27.239391,-8.715524,117.36273,25.86977,3.0894642,126.91803,28.691774,-12.364992,127.427315,23.131252,14.366216,126.137054,20.08237,-13.966635,140.16112,8.717311,17.753859,98.04299,20.74256,-23.102135,151.95268,-13.733436,20.903265,72.98184,24.256357,-29.410185,138.75412,-34.096157,24.331118,134.33115,-29.301342,4.4701843,137.602,-27.531422,11.211144,96.96332,-23.850105,-2.431092,105.811295,-5.211931,-2.0606556,79.57593,-53.973206,2.5135117,72.17766,-14.625053
-4.466192,115.646576,23.150532,-1.926861,118.41808,26.684195,-8.590244,117.793816,25.553392,3.2220094,127.18421,28.21225,-12.328377,127.80099,22.993692,14.34103,126.021904,19.02476,-13.662183,140.6758,9.106589,17.218853,97.91823,19.86568,-23.473381,152.64609,-13.03155,20.41715,73.11905,23.519625,-30.473658,137.9276,-31.808409,23.33914,134.65457,-29.954754,2.8508198,137.83282,-27.743452,12.990073,96.84945,-21.79833,-2.6171153,105.678375,-5.758937,1.927992,81.38796,-54.092854,1.2309439,71.33808,-13.922433
-4.3413982,115.94693,22.841688,-1.8079592,118.89492,26.238962,-8.476711,118.08405,25.238667,3.2026207,127.6601,27.705706,-12.407669,127.954765,22.63451,13.947787,125.98438,17.897242,-13.988608,141.47705,9.822811,16.68211,97.798546,18.627533,-23.814566,154.48753,-11.653755,19.53817,72.90155,22.790674,-31.111908,137.92146,-28.489513,22.132202,135.09009,-30.426682,1.6570363,138.24089,-28.702076,14.49378,96.96557,-20.173523,-3.5004098,105.905876,-6.199282,7.606878,83.5948,-54.045013,0.18864529,71.5163,-14.10795
-4.512748,116.00188,23.047333,-1.8155028,119.01247,26.265495,-8.523353,118.40258,25.396952,3.4946322,127.61429,27.452515,-12.210137,128.23718,22.71721,13.703983,125.8479,16.760477,-13.446481,142.40773,10.672301,16.160748,97.70355,17.502844,-24.336058,156.14838,-9.972315,18.58839,73.00128,22.176537,-31.545322,138.66269,-26.085829,20.863987,135.13501,-31.219965,0.8752045,138.93314,-30.309608,15.982214,97.23344,-18.82448,-4.6309166,106.59162,-7.394735,12.068102,85.45781,-53.663357,-0.7167437,71.66959,-14.521374
-4.2987375,116.485634,23.209084,-1.6435202,119.351845,26.610067,-8.3347225,118.852394,25.543495,3.8782146,127.99584,27.563381,-11.878457,128.7941,22.846365,13.151495,125.63775,15.523895,-12.841121,142.96835,10.969278,15.639067,97.68922,16.365986,-24.364233,157.67854,-8.033328,17.617666,72.923164,21.331793,-32.61737,140.93985,-23.74405,19.674368,135.44594,-31.830957,-0.026527714,139.4165,-31.214733,17.667198,97.774124,-18.121902,-6.2974787,106.869576,-8.483077,16.456915,86.78369,-53.50395,-1.7827556,71.66984,-15.031349
-4.531525,116.7985,23.417648,-1.6747267,119.687225,26.619251,-8.411829,119.376465,25.808903,4.111968,128.2008,27.19086,-11.885231,129.17818,23.49453,12.449552,125.1185,14.761658,-13.239759,143.8611,10.715105,14.819795,97.441,15.754148,-24.06272,160.2618,-7.5617175,16.735191,72.927925,20.948944,-32.895992,142.3759,-21.71082,18.984129,135.81084,-31.896988,-1.0633081,139.99709,-32.101425,19.536507,98.47144,-17.66942,-8.10402,107.34685,-9.546172,21.898256,87.58647,-53.1164,-2.6662874,71.89295,-15.1081
-4.7470727,116.87548,24.095507,-1.8297192,119.90447,27.09604,-8.587122,119.664185,26.295013,3.788372,128.62553,26.73277,-12.340192,129.18977,23.640566,11.40233,125.239174,14.2018795,-13.788581,144.63321,10.516992,12.990718,97.25956,15.200786,-24.018555,162.19762,-7.0033193,15.326958,72.80102,20.532188,-33.16566,143.25832,-19.825344,17.864717,136.35487,-32.00667,-2.367033,139.9297,-33.334095,22.18074,99.15035,-17.968111,-10.22535,107.42396,-10.347593,31.271553,88.720955,-52.547962,-3.7561018,71.82882,-15.278647
-5.1596065,117.01882,23.929619,-2.1037939,119.78078,27.068056,-8.872419,119.70615,26.46027,3.5806851,128.70097,26.387527,-12.6029,129.39021,23.67336,10.359662,124.94989,14.022705,-14.451418,144.85126,10.595807,11.26126,97.14284,14.994715,-24.024002,163.37961,-6.465987,13.80158,72.721985,20.342987,-33.039135,143.32431,-18.253847,17.239208,136.77744,-32.098976,-3.504919,139.66345,-34.046055,24.550749,99.62148,-18.824076,-11.580074,107.46899,-10.633495,38.725346,88.292725,-51.427322,-4.1802216,71.61169,-15.72529
-5.324208,117.08683,23.974886,-2.0194745,119.68136,26.998287,-8.806539,119.425934,27.101582,3.6531947,128.67424,25.876192,-12.617735,129.54193,23.732811,9.632723,125.13858,13.416787,-14.543632,145.04878,10.523144,8.727635,97.65053,14.974117,-23.730627,164.8031,-5.75871,11.955798,73.12934,20.18393,-33.556774,144.9977,-16.85745,16.40591,137.11778,-32.197475,-4.4658303,139.22006,-34.451927,26.632088,99.88114,-20.2938,-12.637989,107.47986,-10.528587,45.47653,86.58291,-50.143616,-4.7810674,72.27856,-16.550163
-4.999757,116.88534,24.346115,-1.8135414,119.88123,27.103453,-8.579981,119.22889,27.350784,3.7763653,128.72472,25.37301,-12.5809145,129.19821,24.08563,8.2635355,125.20526,12.762175,-14.794977,145.05771,10.488668,6.8836765,97.8844,14.674801,-23.679705,165.5919,-5.111894,9.108652,73.65896,19.916473,-33.4825,145.6608,-15.826102,15.508028,136.99657,-32.30004,-5.2552648,138.94333,-34.644825,28.705727,100.06045,-22.46954,-13.038032,107.486275,-10.295404,51.491295,82.847565,-48.21243,-5.5126085,72.27642,-17.24088
-4.843097,116.8094,24.740946,-1.5388538,119.96247,27.154871,-8.311572,119.500824,27.585165,3.8601723,128.71674,24.994469,-12.578966,129.06262,24.352049,7.3865595,125.400795,12.414131,-15.077846,145.34862,10.612231,5.3324466,98.10607,14.448385,-23.797033,166.06735,-4.64217,7.227218,73.90168,19.829351,-33.512394,145.85008,-14.911847,14.692484,136.85971,-32.42427,-5.27279,138.23526,-34.982044,30.250336,100.279045,-24.724115,-12.582893,107.149605,-10.165888,54.820534,79.670204,-46.69804,-6.0543027,72.23457,-17.58322
-4.610769,116.743004,24.834316,-1.147338,119.76374,27.189322,-7.928217,119.60561,27.690773,4.1220717,128.65651,24.794891,-12.265421,129.07074,24.457891,7.114674,125.62646,12.368409,-14.92977,145.16978,10.758143,3.660304,98.48507,14.575656,-24.403349,165.89879,-3.6619375,5.8501334,74.22908,19.749184,-33.52557,145.64575,-14.118225,13.599552,136.22363,-32.795677,-5.34643,137.4337,-34.920837,31.13181,100.47456,-26.969929,-12.520994,106.57972,-9.949648,57.48311,78.1923,-46.224644,-6.2837954,72.13437,-17.777693
-4.48406,116.75698,24.761847,-0.9285018,119.65897,27.130411,-7.699191,119.63287,27.725391,4.2169094,128.61583,24.822296,-12.226751,129.0226,25.022778,7.186855,125.699455,12.471016,-15.24282,145.23528,11.067157,0.85686684,99.384636,15.297372,-24.822153,165.84883,-3.4035392,4.4787855,74.79882,19.899553,-33.655212,145.24559,-13.607022,13.161462,135.56715,-32.899376,-4.4884915,137.14645,-34.95789,32.556465,100.46695,-29.03775,-12.531821,106.547134,-9.68004,59.35035,78.14594,-46.77376,-5.728695,72.15665,-17.838442
-4.667631,116.50499,24.920317,-1.1663014,119.4323,27.341652,-7.9397125,119.28353,27.90983,4.1851873,128.31157,24.88747,-12.2104,128.92741,25.269169,7.3556213,125.499596,12.604281,-14.750783,145.0013,10.692227,-0.6526469,99.655014,15.767105,-25.571514,165.49289,-3.2531705,3.2772906,75.104645,20.119175,-33.8186,144.73474,-13.317231,12.753793,135.06181,-32.8585,-4.3729305,136.7128,-34.912323,33.51465,100.523636,-29.530293,-11.371687,105.92608,-9.740745,59.797733,78.02935,-47.694836,-4.3620677,72.18497,-18.20413
-4.6084886,116.6363,24.882938,-1.0458095,119.409485,27.404238,-7.790163,119.10451,28.222403,4.569631,128.21002,24.974686,-11.837626,129.16563,25.338537,8.032326,125.58884,12.810575,-14.281781,145.06696,10.614472,-1.015129,100.05224,16.016777,-25.826021,164.96695,-3.4450762,2.2908893,75.42555,20.369469,-33.45142,143.73451,-13.042841,13.022219,134.88052,-32.83314,-4.3264794,136.70193,-35.095516,33.768295,100.51405,-29.82398,-11.957207,106.18882,-9.7433195,59.300617,77.96316,-48.67279,-4.8438525,71.85392,-17.977428
-4.1411953,116.45609,25.182419,-0.70271116,119.479294,27.569193,-7.485868,119.23763,28.091238,4.837048,128.20981,25.126328,-11.579954,128.91515,25.43811,8.717535,125.79783,13.019678,-14.135956,145.42285,11.006335,-1.0559007,100.627975,16.12374,-26.281212,164.3529,-3.790207,0.52892345,76.44138,20.951328,-32.94545,142.86429,-13.248707,13.01665,135.5125,-33.010586,-4.6804113,137.13455,-34.900047,32.675594,101.02015,-29.67246,-10.05226,105.89936,-10.104388,57.214314,78.32662,-49.62481,-3.929145,71.364525,-18.15716
-3.8555615,116.32179,24.98798,-0.57871443,119.308235,27.646435,-7.383481,119.158394,27.620613,4.975277,128.21544,25.488434,-11.436437,128.64685,25.516169,9.487943,126.00769,13.25783,-13.908985,144.58997,10.926645,0.031288214,100.68303,16.2743,-26.28055,163.20357,-4.2598753,0.90668523,76.49725,21.165031,-32.813713,141.63431,-13.656762,13.575852,136.66644,-32.868446,-4.073082,138.12354,-34.52241,30.62536,101.098526,-28.799767,-10.179907,106.1933,-10.165678,54.071655,79.23737,-50.35266,-3.1636276,71.489716,-18.25784
-3.793739,116.20374,24.987764,-0.62127244,119.38659,27.52823,-7.4244356,118.98897,27.526228,4.998168,128.10403,25.462675,-11.47673,128.4413,25.408533,10.346207,125.960205,13.286998,-14.265432,144.23071,10.968307,2.2814817,100.08518,15.951108,-26.995897,161.96503,-4.859693,2.789156,75.933876,20.86523,-32.992596,140.04413,-14.036175,14.18821,137.20316,-32.419308,-4.0463653,139.17613,-33.954063,28.661602,100.70161,-26.805319,-9.368552,106.3281,-10.420285,50.179592,80.325424,-51.200615,-2.4593933,72.12132,-18.289614
-4.0062504,116.23981,24.624691,-0.8380558,119.385445,27.232231,-7.6344304,118.97777,27.226109,4.9338574,128.0443,25.478092,-11.47809,128.5503,25.250566,11.267616,125.50036,13.512508,-15.1355,143.52844,10.995536,6.4865723,98.46404,15.320306,-27.527569,160.86287,-5.7396474,6.9319925,74.19462,20.306017,-32.956787,138.68297,-14.838529,15.651028,137.54079,-31.686804,-4.702229,139.98038,-33.173615,26.930696,99.99837,-24.844545,-11.352451,106.91519,-10.295268,47.08297,82.003204,-51.85761,-3.6533701,71.770676,-17.510044
-4.032366,116.206184,24.048876,-0.8011102,119.05491,26.915607,-7.5933228,118.69298,26.970222,4.9192085,127.86982,25.72038,-11.55827,128.43268,25.43267,12.621581,125.234406,13.743677,-15.2685375,142.89436,10.985505,10.251824,97.375534,14.947439,-27.962366,159.2803,-6.583919,10.82187,72.81801,19.957422,-32.6863,136.9492,-15.778156,16.893377,137.86763,-31.146078,-4.6555643,141.03537,-31.81633,24.07564,99.3239,-23.360132,-11.313513,107.24238,-10.4223795,42.132736,83.52549,-52.90683,-5.8448853,71.653786,-16.707977
-3.860474,116.0394,23.988941,-0.6161297,118.87712,26.855694,-7.404051,118.49358,26.966488,5.1675134,127.58229,26.101068,-11.302242,128.26897,25.52068,13.065789,125.4065,14.286863,-14.94508,142.63596,11.1957,11.7420225,97.70697,14.934205,-28.192558,157.2263,-7.6316156,12.78415,72.88543,19.72743,-31.879845,134.15952,-17.142637,18.204247,137.83087,-30.617485,-3.1561375,141.3585,-30.931868,20.800398,98.76847,-22.089853,-10.597582,107.34051,-10.548304,35.448315,85.5268,-54.160847,-5.258334,71.31896,-16.454462
-3.6329944,115.53599,23.872648,-0.37428203,118.6099,26.439121,-7.1224537,117.99651,26.902788,5.5461392,126.857346,26.662933,-10.836956,127.93069,25.214262,13.839475,125.170715,14.784231,-14.70828,142.25914,11.376221,13.912449,97.282074,14.942348,-28.518913,154.90648,-8.565545,13.970455,72.35383,19.805267,-31.37894,131.89935,-18.410862,19.627045,137.58751,-29.91044,-1.7043842,141.62842,-30.346102,17.485752,98.62084,-20.976324,-9.527314,107.25526,-10.3493,28.4689,86.88112,-55.00519,-5.0457,71.5276,-16.436056
-3.543786,115.11972,23.605265,-0.1933003,117.990524,26.286707,-6.965691,117.63382,26.668007,5.6929736,126.19943,27.11686,-10.522185,127.66161,24.625103,14.547947,125.35956,15.281758,-13.9857645,142.3619,11.293092,15.022341,97.37016,15.239783,-28.917961,152.62779,-8.805264,15.049543,72.34123,19.752172,-31.09246,130.01631,-19.600897,21.314316,137.77776,-29.495777,-0.22943585,141.357,-29.614182,15.143328,99.03039,-20.618587,-8.105343,106.88662,-10.237984,21.207401,85.44392,-54.981598,-4.4219227,71.60697,-16.514458
-3.527736,114.78599,23.666306,-0.258847,117.78731,26.308853,-6.988074,117.05784,26.863071,5.490684,126.068504,26.88895,-10.639956,127.30356,24.211823,15.024138,125.61034,15.715417,-13.570598,141.91885,11.07666,15.843765,97.449425,15.742117,-29.029135,150.59506,-9.456077,15.790157,72.16102,19.941263,-31.062834,128.2129,-20.764576,23.168867,137.85185,-28.782597,1.2185078,141.07089,-28.837902,13.520657,98.97803,-20.668747,-7.0760894,106.54911,-9.900258,15.881677,85.29575,-55.37226,-3.7851832,71.303734,-16.632042
-3.4016619,114.71229,23.472353,-0.14888237,117.631836,26.228971,-6.8851547,116.90623,26.69937,5.5363407,125.86563,27.118788,-10.498524,127.27263,24.06427,15.520959,125.682915,16.40963,-13.087774,141.86815,10.480896,16.589788,97.53599,16.573376,-28.945047,148.44475,-10.434008,16.720919,72.15601,20.359684,-31.385216,125.99893,-21.481197,24.093477,136.6367,-28.438465,2.7158248,140.93187,-28.052261,11.508063,98.77622,-20.864662,-5.931794,106.44189,-9.522516,10.468018,86.25708,-56.23113,-2.8693335,71.64267,-16.383099
-3.3598547,114.70275,23.593338,-0.28174213,117.46843,26.68286,-7.0529,117.00231,26.502775,5.32736,125.84173,27.835892,-10.48153,127.28275,23.94499,15.436342,125.57905,17.303795,-13.196566,141.80049,9.454978,17.183493,97.34561,17.342049,-28.796995,146.61948,-11.868711,17.566574,72.12231,20.773937,-31.884418,124.195694,-22.403008,25.335573,136.17932,-28.036804,4.4897957,140.26855,-27.70579,10.67172,98.82445,-21.277308,-4.8982267,106.135445,-9.535222,6.290361,85.90761,-56.174778,-2.3489838,71.42361,-16.432993
-3.4688385,114.72729,23.74997,-0.579706,117.519196,26.996923,-7.3280873,117.05907,26.393557,4.903862,125.962944,28.351982,-10.684541,127.32066,23.495274,15.173798,125.069176,17.93577,-12.7559,141.64262,8.703167,17.802408,97.140274,17.96343,-28.120338,145.55836,-13.364013,18.151602,72.000656,21.138607,-32.729794,123.245964,-23.071085,26.564293,135.5494,-27.987982,6.5359674,139.62239,-26.944757,10.770678,99.49357,-22.039698,-4.0848,105.87319,-9.136863,1.8698375,84.74062,-55.48113,-2.020442,71.461555,-16.703152
-3.3374386,115.04971,23.807762,-0.7778581,117.846565,27.314445,-7.4446397,117.24412,26.188776,4.648098,126.38263,28.757116,-10.736545,127.54166,23.294226,15.626716,124.83656,18.54898,-11.82249,140.85944,8.313812,18.492256,97.00685,18.403519,-27.583296,144.00336,-13.654687,18.800426,71.804276,21.357822,-33.054066,122.14472,-23.902603,27.565008,135.32689,-27.452776,8.60821,139.4738,-26.381777,10.645742,99.59401,-23.780502,-2.6999757,105.969604,-8.284254,-4.745489,81.62222,-54.6527,-2.1846583,72.00282,-17.877163
-3.6364067,115.540375,23.72803,-1.2159296,117.993385,27.575615,-7.801039,117.81125,25.941261,4.3108582,126.7205,29.155424,-10.910089,128.08472,23.253054,15.88017,125.0033,19.5883,-10.998277,140.7027,7.9341354,18.939434,97.04222,19.157211,-27.137459,142.63649,-13.793729,19.46599,71.771866,21.848291,-33.462124,121.240944,-24.590885,28.49053,134.36461,-26.502634,10.81997,138.3612,-26.476366,10.43521,99.42889,-25.116114,-1.2901994,104.85839,-8.325455,-5.3215556,79.0885,-53.183765,-6.569085,72.47924,-20.192375
-4.0498905,116.32476,23.819338,-1.6474184,118.33135,27.916069,-8.112093,118.928795,25.857014,4.115782,127.153595,29.67946,-11.013583,128.88812,23.484892,16.337444,125.3299,20.827507,-10.02663,140.41081,8.502354,19.427847,97.21627,20.042625,-26.2934,141.47067,-13.5200815,20.308304,71.914345,22.51017,-33.545677,121.032104,-25.530577,29.193518,133.67917,-24.787308,11.945617,137.9152,-26.634699,10.3298435,99.13122,-26.18178,0.24651161,103.85109,-9.0833235,-6.117837,76.060074,-51.602226,-11.09834,74.63045,-25.299435
-3.9785292,116.37359,24.16581,-1.93706,118.791565,28.242027,-8.3054905,118.83386,25.833458,3.8525062,127.550224,29.829866,-11.087466,128.88591,23.16603,16.318384,125.43492,21.2292,-9.53817,140.38307,8.304984,19.479588,97.36124,20.468355,-26.069496,140.4482,-13.508313,20.589958,72.08327,22.747972,-34.345932,119.963104,-24.90681,29.46574,133.14963,-24.379807,12.204918,137.54214,-26.803753,10.553773,98.64956,-26.417902,0.46032438,103.54264,-9.001171,-5.0968904,76.44602,-51.826946,-12.566155,75.94156,-27.143
-4.218581,116.4715,24.205893,-2.2819374,119.086876,28.200752,-8.6101465,118.914276,25.728102,3.402117,127.85432,29.852812,-11.371262,128.89828,22.784027,15.957431,125.61329,21.81104,-9.4873495,140.46144,8.055918,19.225346,97.482086,20.75268,-26.110004,140.33003,-13.626244,20.484049,72.25304,22.840897,-35.23794,120.6733,-25.744968,29.387716,132.51277,-24.673578,11.844066,136.94624,-26.834896,10.701663,98.058044,-26.116583,0.4031085,103.557594,-8.027504,-6.225503,77.71702,-52.912758,-7.8627715,75.13018,-26.29559
-4.143059,116.77485,23.748749,-2.2685468,119.227516,27.869019,-8.580817,119.01292,25.401995,3.1722555,128.24492,29.703068,-11.455907,129.17697,22.361595,15.657852,125.83445,22.055023,-9.557449,140.75589,7.880142,18.779127,97.63193,20.716455,-26.103443,140.43799,-14.042076,20.204361,72.379585,22.803774,-36.12583,121.07945,-25.83805,28.53821,132.42554,-24.64461,11.040848,136.87694,-26.88566,9.734336,97.2835,-25.462824,0.10772158,103.66966,-7.368368,-5.7505574,80.39313,-54.560238,-3.2490983,73.40665,-23.737997
-3.9926198,116.84674,23.882975,-2.2749348,119.71174,27.826565,-8.575665,118.8132,25.45191,3.0974762,128.49571,29.632416,-11.4552965,129.10794,22.116299,15.609025,125.862404,21.661718,-10.128027,141.17471,7.68735,18.397394,97.59302,20.427391,-26.588266,141.51654,-14.179328,19.872528,72.28509,22.643066,-36.7849,121.51602,-25.52674,27.26622,132.41997,-25.559277,9.955879,137.25407,-27.217888,9.219856,97.11737,-24.897331,0.11512939,104.56716,-6.5830584,-3.6823227,83.68291,-56.465355,-0.05147405,72.845375,-20.900715
-3.7472994,117.16864,23.737843,-2.201723,119.745605,27.943085,-8.396248,119.02209,25.25437,3.3198624,128.67392,29.575842,-11.2316065,129.45111,22.033558,15.310931,125.97034,21.044495,-10.809436,141.03946,7.7543592,17.859642,97.751434,19.857302,-26.751547,142.75403,-14.352401,19.486906,72.409195,22.124252,-37.914948,122.28923,-23.893047,26.571152,132.99313,-26.82768,8.747667,137.30905,-27.393934,11.114168,97.21336,-23.784807,-1.5255264,105.35803,-5.8984413,0.19551559,88.09885,-58.3434,-0.02750792,72.50655,-18.831394
-3.8589935,116.86269,24.421196,-2.3185887,119.705795,28.44756,-8.54965,118.54307,26.015448,3.535899,128.5258,29.601377,-11.270254,129.17038,22.553352,14.906188,126.28613,20.534822,-11.55298,141.74356,8.439736,17.390482,98.00494,19.670914,-27.095459,144.57764,-13.663078,19.01628,72.6665,22.258226,-38.604984,124.45529,-23.298864,25.857435,133.7666,-27.506184,7.400708,138.08842,-28.351667,12.581476,96.974976,-22.658144,-1.5224499,105.55759,-7.0555515,5.8117814,90.57088,-58.69529,-1.7268889,72.96862,-20.713856
-3.7875307,116.69889,24.346487,-2.0533555,119.65283,28.201366,-8.393823,118.412636,26.142542,3.7436817,128.32991,29.427622,-11.255083,129.02644,22.895737,14.882262,126.11157,20.193325,-12.2176895,141.84444,9.133165,17.534267,97.93203,19.401327,-27.403376,146.36183,-12.929637,18.644073,72.55994,22.277578,-39.056583,125.88353,-21.486917,25.268068,134.57515,-28.620655,5.947763,138.38608,-28.69599,14.069043,97.146225,-22.01156,-1.6695937,105.69904,-7.4235206,9.382921,92.62026,-58.72527,-3.6350465,73.918724,-22.125599
-3.5783663,116.61681,24.231764,-1.6655262,119.79104,27.825523,-8.103816,118.40961,26.161274,4.0141315,128.37405,28.901777,-11.403824,128.72195,23.22472,14.836451,126.07283,19.678968,-13.145474,141.46173,9.738653,17.384146,97.897156,18.586283,-27.715609,148.91582,-12.009745,18.090958,72.61263,21.934132,-39.503174,128.89673,-21.170017,24.172644,135.78131,-29.445599,4.2266207,139.65501,-28.939863,15.468685,97.42595,-22.340902,-1.9408993,106.40679,-7.735109,11.432222,94.382195,-58.863052,-2.5691688,73.09418,-19.778805
-3.4134285,116.513855,23.959694,-1.3686553,119.58716,27.567722,-7.863089,118.2843,26.074104,4.073795,128.3769,28.516205,-11.502116,128.47688,23.264688,14.637121,125.96351,18.885887,-13.7687025,141.66986,9.995526,16.918982,97.56887,18.192808,-28.094353,151.68686,-10.845506,17.10037,72.272095,21.898376,-39.673973,131.53772,-19.737967,23.202753,136.89499,-30.158821,2.96042,140.19627,-29.127546,16.771557,97.81098,-22.597898,-2.2245343,106.08363,-8.709921,14.165744,95.26286,-59.33746,-1.92189,72.093864,-17.839893
-3.6481998,116.25471,24.001623,-1.3219196,119.249306,27.504519,-7.9219074,118.102394,26.386112,4.144539,127.88509,28.676014,-11.344777,128.50858,23.344278,14.4216795,125.726166,18.45249,-13.742443,141.62709,9.854182,16.210964,97.28863,17.807423,-27.978685,154.79187,-9.283573,16.054522,72.18077,22.188133,-39.161816,136.28778,-20.722574,22.19129,138.06471,-29.770407,1.8640512,141.24031,-29.841703,18.354929,98.48918,-22.640543,-2.963292,106.7058,-9.634597,17.599913,95.29946,-59.521103,-2.758851,71.94341,-16.800272
-4.0512104,115.811554,24.205843,-1.1229972,118.77488,27.243408,-7.869386,118.46272,26.61407,4.4047365,127.19738,28.60529,-11.04441,128.41107,23.41464,14.104039,125.628395,17.839592,-13.62824,142.65585,10.019458,15.454973,97.236855,17.505163,-27.714987,157.26471,-8.081641,14.960707,72.372375,22.492254,-38.913017,139.13988,-20.31492,21.020918,139.29504,-30.106606,0.54248357,142.2702,-29.884317,20.631485,99.76548,-22.852854,-3.902763,107.108604,-10.467895,20.65284,95.6023,-59.72049,-3.5251698,72.14237,-16.510998
-4.0881343,115.59389,24.51433,-1.2215506,119.15016,26.917765,-7.916217,118.03729,27.116425,4.5347548,126.96508,28.597473,-10.866452,128.22342,23.089348,13.296801,125.64998,17.017677,-13.739729,142.53096,9.522864,14.424623,97.52205,17.10023,-27.781511,158.72752,-7.498304,13.697758,73.364075,23.386557,-39.188103,140.34714,-19.127073,19.893446,140.63792,-29.922972,-0.7783346,143.23997,-29.802067,23.703754,101.251495,-23.30258,-5.243159,107.43181,-11.31062,25.547695,94.26513,-59.87309,-4.2756433,72.27305,-16.425964
-4.0915427,115.509605,24.622107,-1.2740598,119.161674,26.938524,-7.933219,117.87294,27.27662,4.5638533,126.94302,28.44641,-10.905163,128.10757,23.069658,12.813601,125.51643,16.627523,-13.88101,142.59802,9.693144,13.95797,97.46986,16.95174,-27.985249,159.10503,-7.0306044,13.348456,73.413216,23.458712,-39.494507,141.15652,-19.11405,19.262915,141.02934,-29.807135,-1.4810643,143.56976,-30.101269,24.952091,101.793594,-23.408201,-5.9631047,107.59601,-11.820681,29.014177,93.73833,-59.584927,-4.904145,72.305176,-16.217575
-4.546216,115.42556,24.54003,-1.7920544,118.79572,27.31588,-8.487562,117.70752,27.11783,4.104032,126.965576,28.162819,-11.555756,127.99598,23.410143,11.977144,124.624565,16.175726,-14.07789,142.96475,10.647521,13.294419,97.00986,16.860432,-27.865046,160.03961,-5.901637,13.9129715,72.87211,22.892284,-39.581463,143.84154,-19.789165,18.377272,141.54231,-29.533773,-2.4068441,144.04446,-30.985119,27.333643,102.697716,-23.81972,-7.0743675,108.06396,-12.438775,34.39379,92.215744,-59.11441,-6.006077,72.34624,-15.540061
-5.2908893,115.2904,24.39313,-2.400137,118.224754,27.505247,-9.146055,117.853775,26.82696,3.4978929,126.69039,27.991,-12.199491,127.979614,23.341867,10.966324,124.610306,15.646069,-13.932157,143.22377,10.680797,12.423707,97.28134,16.689417,-27.392931,161.19012,-5.300314,15.411552,74.30164,23.567375,-39.815266,146.37027,-19.859354,17.820133,142.73352,-29.538578,-3.627806,144.54013,-31.299515,29.67789,104.09536,-24.816393,-8.095783,108.38055,-12.844338,39.01822,88.93322,-58.02744,-6.915208,72.643105,-14.955931
-6.050447,115.28684,24.572117,-3.099132,117.99963,27.842623,-9.818947,118.11042,26.845592,2.8955224,126.66362,27.71158,-12.8454485,128.01212,23.284801,10.201002,124.76253,15.392439,-14.465916,143.42842,10.685738,11.751002,97.26101,16.687273,-26.634962,162.28545,-5.5580363,16.581114,74.03508,22.475239,-40.025494,147.36371,-19.207731,16.999739,143.27234,-29.87969,-5.004664,143.9701,-31.523987,31.80399,105.52312,-26.189157,-9.267218,108.3392,-12.5516205,45.163486,86.47298,-56.440235,-8.183625,72.27628,-14.146945
-6.6271358,115.60238,24.853743,-3.587431,118.25936,28.09059,-10.332721,118.38255,27.284056,2.590543,126.884254,27.557756,-13.256611,128.42793,23.753548,9.499812,124.5181,14.991365,-14.847744,143.80101,10.636741,11.284651,96.84219,16.676575,-25.57493,163.1462,-5.9811897,14.393031,73.20857,22.667126,-39.455868,148.92732,-20.040018,16.355108,143.46112,-30.285986,-5.6849966,144.05385,-31.633572,33.998642,106.56884,-27.64086,-10.31562,108.812836,-11.480076,50.2482,83.85941,-54.322914,-8.686932,72.455505,-15.126885
-7.04608,116.261566,24.869963,-3.9452689,119.07333,27.919933,-10.727779,118.76034,27.620106,2.1853762,127.59877,27.346989,-13.715965,128.99988,23.819197,8.637533,124.87056,14.847718,-14.995057,144.4314,10.51944,10.505874,96.99584,16.51209,-24.808748,163.16144,-7.1242204,11.859956,72.8223,22.949125,-39.5232,148.33113,-19.518002,15.825425,143.18167,-30.75444,-5.9302564,143.73566,-31.406876,35.53056,107.25465,-29.506279,-10.055622,108.593346,-11.00903,55.05573,81.52267,-51.784687,-8.852475,72.589294,-15.301026
-7.570023,117.12801,25.086731,-4.3326707,119.889984,28.035093,-11.128129,119.78389,27.85758,1.6459973,128.47388,27.222322,-14.449338,129.72166,24.193449,7.383807,125.143295,14.846518,-15.0804825,145.68979,10.094539,9.976053,97.49341,16.59952,-23.943916,163.3214,-8.92413,11.221217,73.285255,23.210865,-38.70538,147.07156,-20.203302,15.897472,142.33572,-31.135729,-6.0271363,143.14427,-31.020174,36.7189,107.227165,-31.522135,-10.764874,108.72607,-9.803399,58.11024,79.0856,-49.33678,-8.951739,72.400444,-15.200966
-7.9954376,117.9277,25.719585,-4.8176727,120.95045,28.456448,-11.6198845,120.67503,28.300806,0.9232047,129.59612,27.416069,-15.309199,130.38028,25.027653,6.415212,126.47535,15.423713,-14.871059,146.5502,9.459004,9.348114,98.499275,16.761505,-23.568617,162.93391,-10.670919,11.899501,74.63999,23.794142,-38.175785,146.15749,-21.625622,15.979025,141.10213,-31.15945,-5.6548796,142.06296,-31.436596,37.709503,106.98424,-33.362774,-10.724378,108.53878,-9.68491,59.66154,76.98287,-47.55606,-9.199191,72.1785,-14.862591
-8.559944,119.18659,26.122698,-5.402554,122.20093,28.914356,-12.188105,122.12962,28.495184,0.4284433,130.72948,27.839773,-15.829928,131.68512,25.637823,6.005445,126.616844,15.762681,-14.871283,147.56978,8.656754,9.1828165,99.04854,17.48714,-23.20523,162.30537,-12.741583,10.789569,74.39705,23.966034,-37.576183,145.05472,-23.020643,16.285698,139.3985,-30.702314,-4.6099663,140.75511,-31.228308,38.755,106.12174,-34.385414,-10.904249,108.13084,-8.793441,60.88851,75.948296,-47.5349,-9.188043,71.991554,-14.475841
-8.903388,120.96138,26.651134,-5.819187,124.08115,29.418318,-12.572174,123.98299,28.847717,0.0023576582,132.54196,28.210627,-16.261774,133.48055,26.188564,6.0057216,127.543106,16.559338,-14.998634,148.71104,8.126089,8.87009,99.809906,18.156908,-23.141674,161.38031,-14.647122,11.222104,75.29988,24.14297,-37.171597,143.41687,-24.285673,16.690853,137.70891,-30.878225,-3.7831664,139.62592,-31.249157,39.284824,105.31241,-34.80774,-11.335,107.88259,-7.897543,61.331963,75.406006,-48.455956,-9.42132,71.8548,-14.080251
-9.52356,123.3809,27.34999,-6.362466,126.58608,29.916948,-13.143468,126.33689,29.717138,-0.39738545,134.87834,28.29612,-16.745934,135.87755,26.600246,6.389473,128.68878,17.262524,-15.456066,150.28137,7.0225205,9.712346,101.18825,18.642988,-23.252222,160.55128,-16.993568,12.029545,76.61882,24.315712,-36.479614,141.24828,-25.52126,16.947962,136.50247,-30.642817,-3.7100277,138.1288,-30.809307,39.748962,104.48755,-35.17397,-11.752393,107.49842,-6.7360077,61.600925,75.04918,-49.335007,-9.606079,71.81381,-13.912251
-10.132778,125.888405,27.76763,-6.808264,129.13185,30.001839,-13.557912,128.69649,30.568993,-0.7363047,137.25171,28.403955,-16.985851,138.5199,26.398512,7.8043537,131.73811,17.577778,-17.008497,151.48164,6.018696,10.701766,103.59099,18.859982,-23.517302,159.05606,-19.114944,13.89147,79.074234,23.81058,-35.577442,138.26872,-26.358387,16.764448,135.44814,-30.037771,-4.05446,136.74931,-30.07388,39.977016,104.15453,-35.00913,-12.599606,107.58349,-5.3557506,61.550102,74.968956,-49.751923,-9.710738,72.150925,-13.70618
-10.65745,128.9378,28.852226,-7.191101,132.17242,30.86941,-13.952523,132.05214,31.464237,-1.1557049,140.2659,28.456905,-17.40378,141.42062,26.345184,8.292131,134.51833,17.820261,-17.422915,153.08034,4.906877,12.101583,106.473076,18.786612,-24.170483,157.74896,-20.825838,16.22216,82.040794,23.09204,-35.056263,136.4294,-27.40017,16.62741,135.14745,-29.785582,-4.3411646,136.29442,-30.220207,39.91739,104.017075,-34.49893,-12.862868,107.44989,-5.0289145,61.28743,75.23917,-49.737835,-10.233851,72.068016,-13.096274
-10.676631,132.09258,29.666267,-7.4694996,135.57794,31.709194,-14.234414,135.26176,31.825453,-1.5853033,143.66199,28.30774,-17.834463,144.10468,26.04561,8.38852,137.34564,17.641054,-17.992336,154.45512,4.18551,13.518907,109.65661,18.31937,-25.43614,156.12584,-21.787018,18.569757,85.526924,21.812172,-34.73846,133.72014,-26.53116,16.418669,135.18015,-29.830538,-4.763285,135.88773,-29.587849,39.604824,103.95446,-33.309006,-13.019644,106.9263,-5.574925,61.05176,75.64572,-49.19774,-9.802261,71.93087,-13.694135
-10.65431,135.50395,29.975138,-7.685602,139.20659,32.0238,-14.432258,138.7034,31.661184,-1.8578125,147.19716,27.847557,-18.155771,147.03323,25.66102,8.555584,140.67099,17.319275,-18.38,155.55687,3.6140976,15.386108,113.394035,17.360546,-26.46909,154.02441,-22.51022,21.023144,89.25538,19.593891,-34.089737,130.67172,-24.19669,16.35463,135.59093,-29.68466,-5.300406,136.27815,-29.72077,39.21841,104.33657,-31.10517,-13.699454,107.36128,-5.7630706,60.22808,77.05075,-48.4832,-10.041515,72.12074,-13.592728
-10.723255,139.22128,29.93418,-7.775687,142.94714,31.945679,-14.513127,142.4675,31.511183,-2.0014246,150.91246,27.513924,-18.26132,150.43896,25.06222,8.948926,144.19966,16.79604,-19.038506,156.78285,3.010071,17.604137,117.68901,15.744689,-27.203207,151.9095,-22.613977,22.922924,93.09684,16.945337,-33.821915,128.30376,-19.294094,16.123508,137.05795,-30.247307,-5.929401,136.78293,-30.390198,38.335938,105.46478,-28.315445,-13.952879,107.69371,-6.5305634,59.130127,78.805626,-47.023113,-9.844835,72.20886,-14.048622
-10.637146,143.21875,29.739153,-7.7352586,146.86365,31.949015,-14.4712305,146.27863,31.541895,-2.162276,155.14178,27.087427,-18.301558,154.4003,24.644623,9.097992,147.77295,15.952179,-19.634514,158.21844,2.810922,19.278833,121.90449,13.4871435,-28.012226,149.81827,-21.959051,25.468449,97.650635,13.814461,-33.284637,126.87912,-14.714299,16.133585,137.74075,-30.59936,-6.59345,137.29723,-31.50908,37.10943,106.28962,-24.682762,-14.247409,107.75819,-7.582107,57.518764,80.82866,-45.018,-9.527347,72.20059,-14.962153
-10.47559,146.9314,29.773205,-7.523536,150.71922,31.6385,-14.270482,150.10298,31.471184,-2.0662935,158.76491,26.279253,-18.245506,157.66278,24.059723,9.410107,151.41794,14.738947,-20.512499,159.63847,2.5468516,20.828617,126.35212,10.998056,-28.866383,148.00012,-20.94401,28.449263,102.51161,10.291891,-32.162354,126.15812,-9.960827,15.7537,138.56142,-30.298847,-7.0111766,137.92456,-32.105236,35.59024,107.45886,-21.154793,-14.508964,108.07434,-8.844757,55.19179,82.89471,-42.87923,-9.580935,72.34243,-15.609913
-10.171878,150.79309,29.711233,-7.308204,154.79498,31.286942,-14.040346,154.0183,31.137745,-1.8092191,162.33253,25.477877,-17.972883,160.99165,23.183563,10.069477,155.654,13.268052,-21.354527,161.24619,2.211285,22.545752,131.07057,8.39378,-29.855078,146.45482,-19.201164,31.623123,107.847786,6.611692,-30.939785,126.69426,-4.865697,15.195498,139.96661,-30.45289,-7.7996616,138.91188,-32.2799,33.95051,109.237206,-17.815426,-14.755176,108.011284,-10.113547,52.239437,84.80506,-40.383797,-9.617041,72.29846,-16.169746
-9.73451,154.38042,29.234226,-6.9719095,158.468,30.776266,-13.679604,157.64923,30.283289,-1.4450505,165.82228,24.656044,-17.58251,164.22562,22.231258,10.306911,158.93015,12.348216,-21.53673,163.03433,1.7013193,23.709469,135.4732,5.8218455,-30.228638,145.17786,-17.09239,34.24736,113.2172,2.872491,-29.708857,128.81671,0.78209037,14.560492,141.19316,-30.85773,-8.42059,140.26457,-32.471504,31.981749,111.422,-14.687287,-14.953767,108.35983,-11.703636,48.90175,86.32299,-37.2626,-9.445565,72.358055,-16.631897
-9.326489,157.85085,28.696619,-6.4585176,161.92024,30.086946,-13.184455,161.26094,29.583973,-1.1409597,169.07372,23.54049,-17.29013,167.36676,21.342094,10.410612,161.8671,11.490968,-21.816961,165.12904,1.6244781,24.92198,139.7121,2.9426537,-30.293726,144.70499,-14.205174,36.861748,118.37355,-0.8430169,-28.898342,131.4718,5.8581505,14.119953,142.60536,-31.08904,-9.031928,141.74036,-32.723988,29.685951,113.34163,-12.35379,-14.816556,108.52277,-13.180954,45.56975,87.23603,-33.580574,-9.3119335,72.51891,-17.189835
-8.983439,161.0726,27.915306,-6.1204743,165.2014,29.105696,-12.837016,164.55124,28.482555,-0.7492172,172.117,22.489552,-16.958862,170.37338,20.363739,10.659249,164.95534,10.110979,-21.851543,167.06033,1.5998544,26.000862,144.13446,0.055657215,-30.143646,144.36258,-10.669022,38.871727,123.473045,-4.4123015,-26.935978,134.83835,11.439973,13.6051035,144.12183,-31.430708,-9.75179,142.87921,-32.85405,27.139135,115.588264,-10.4041605,-14.5983305,108.58998,-14.907412,41.8794,87.34763,-29.1671,-9.22518,72.681206,-17.71856
-8.643188,163.9482,27.144735,-5.9958024,168.25514,28.225855,-12.665844,167.24994,27.632952,-0.62550133,175.09317,21.553442,-16.804766,173.06386,19.534353,11.175594,168.12747,8.872516,-21.943228,168.98401,1.4374121,27.214884,149.02966,-2.7401378,-29.704292,144.31543,-6.874333,41.02085,129.31126,-8.977672,-25.29887,139.16092,16.539341,13.263285,145.68231,-31.680708,-10.189161,144.2278,-33.196995,24.615877,117.84808,-8.454155,-13.928339,109.18657,-16.561575,37.90258,87.07012,-23.994696,-9.394078,72.94573,-18.460335
-8.397449,166.73697,26.625736,-5.880741,171.1772,27.428846,-12.531122,169.91533,26.99004,-0.5172358,177.82951,20.753094,-16.696274,175.44478,18.768,11.90296,171.25166,7.333347,-21.64925,170.57997,1.6447676,28.705116,153.60909,-5.233719,-29.214554,144.89798,-3.0299072,43.0249,134.92946,-13.030487,-23.65419,144.64673,20.675394,13.125354,147.5105,-31.980412,-10.375926,145.74129,-33.783997,21.981009,120.14437,-7.1121707,-13.236645,110.05064,-18.373695,32.98482,86.901184,-18.096394,-9.570775,73.50396,-19.578445
-8.177288,169.0894,26.03577,-5.6902695,173.5957,26.425869,-12.338606,172.23755,26.315508,-0.35030416,180.21646,20.093449,-16.468103,177.58136,17.897516,12.443662,174.11356,6.378716,-21.423006,171.95505,1.8393637,29.630257,158.18259,-7.9224358,-28.28546,145.64636,1.1075386,44.496983,140.32353,-16.81792,-21.682507,150.20966,24.153088,12.995097,148.98093,-32.171883,-10.256785,147.12366,-34.36144,19.424698,122.39348,-6.0731215,-12.153638,110.70212,-20.411797,27.442139,87.13788,-12.681324,-9.606869,74.02816,-19.806896
-7.7352204,171.43738,25.306849,-5.3392572,175.9913,25.668526,-11.953413,174.48453,25.836054,-0.037002254,182.59346,19.396599,-16.160406,179.701,17.14632,12.864742,176.833,5.1624246,-21.225952,173.47414,1.9868163,30.656937,162.97958,-10.326811,-26.928326,147.0029,5.2141705,45.602085,145.9246,-19.95511,-19.880985,155.70343,26.731472,12.94317,150.48048,-32.11791,-10.10193,148.3462,-35.15194,16.92691,124.34549,-5.1274495,-11.145519,111.24607,-21.541876,21.18417,88.078255,-8.060884,-9.670005,74.52731,-20.167248
-7.5908556,173.49419,24.64808,-5.163606,178.0407,24.81584,-11.787067,176.56758,25.182493,0.40338466,184.54272,18.927326,-15.724403,181.88104,16.313974,13.215454,179.51575,4.2362695,-20.491966,174.94461,1.8239509,31.396715,167.29688,-12.014561,-25.345028,149.13809,9.452206,46.638874,151.6281,-23.215286,-17.821993,162.51659,28.359922,12.823771,151.3468,-31.72483,-9.655526,149.19107,-35.546417,14.542177,125.918785,-3.6512403,-10.283026,111.99536,-22.364033,14.382192,89.57771,-4.8089094,-9.539093,74.94233,-20.434782
-7.1004896,175.47714,24.177126,-4.5523195,179.9526,24.421719,-11.20513,178.66971,24.772053,0.7859902,186.58344,18.44754,-15.257595,183.72687,15.687685,13.510238,182.14081,3.3010123,-19.803122,176.32727,2.2058852,32.125557,171.4195,-13.753846,-23.830334,151.56444,13.207726,47.890335,157.48546,-26.175467,-16.240076,168.44829,29.148176,12.694965,151.81757,-31.293821,-9.4855995,149.58328,-35.628124,12.092634,127.90398,-1.7267367,-9.768346,112.41478,-22.895365,7.6181154,92.17056,-3.0540228,-9.474825,75.23852,-20.841537
-6.5369387,177.41516,23.763008,-3.9661815,181.85617,24.323936,-10.629066,180.6099,24.390362,0.9905423,188.61833,17.961384,-14.952374,185.44516,15.219974,13.58842,184.69185,1.9809256,-18.804462,177.61913,2.5715115,32.512768,175.81403,-15.546096,-22.219707,154.12997,16.178568,49.160202,163.2493,-28.358286,-14.949501,173.36469,29.430779,12.621854,151.9203,-30.581467,-9.196906,149.45024,-35.128914,9.403914,129.7666,0.5114737,-9.410585,112.13834,-22.718605,1.746049,94.07944,-2.8866742,-9.358029,75.05963,-21.111877
-5.448969,179.68729,23.5356,-3.0891638,184.24721,24.08656,-9.690494,182.70892,24.064236,1.5792525,190.92252,17.276358,-14.261594,186.9843,14.827558,13.0988245,187.14587,0.06997252,-18.026121,178.7297,2.59058,32.489433,179.56581,-17.094137,-20.4983,156.81084,18.677309,50.48578,168.90602,-29.287474,-13.867343,177.40704,29.42313,12.721032,151.52245,-29.64879,-8.8719,149.20682,-34.37541,6.391056,130.5637,2.5257924,-9.287443,112.147026,-22.035128,-4.8646827,96.11611,-3.3986757,-8.859368,74.555,-21.23748
-4.734959,182.06763,23.415318,-2.619628,186.71268,24.28263,-9.120025,184.9155,23.67038,1.8754869,193.15471,16.507662,-13.798203,188.70029,14.45582,12.978776,189.57253,-1.1016718,-17.179903,179.33987,2.486156,32.787678,183.37117,-18.284191,-18.15784,159.32152,21.110899,50.689423,173.91498,-31.596188,-12.782326,181.16753,28.947412,12.874005,150.87315,-28.67801,-8.730921,148.33044,-33.21225,5.0245333,131.90211,4.470131,-9.230644,111.28987,-21.088097,-11.572623,99.94171,-4.298558,-8.302831,73.73484,-21.087444
-4.2651086,183.9352,23.278084,-2.3431566,188.66966,24.1104,-8.755382,186.61682,23.280602,2.352801,194.6899,15.872164,-13.398158,190.29585,14.105267,13.375611,191.28278,-1.9986211,-16.353619,180.45802,2.799856,33.212936,186.77492,-19.707378,-16.016083,161.29472,22.72737,51.71597,178.65251,-32.951775,-11.7484255,183.87962,28.256142,12.733352,150.21382,-27.256393,-8.817252,147.80424,-32.306686,2.9671066,132.14018,5.9560237,-9.20183,110.88165,-19.942242,-17.614828,103.84733,-5.4098983,-7.843933,73.36161,-20.812908
-4.2368937,186.63335,23.423145,-2.317318,191.43565,23.60355,-8.725923,189.30347,23.117573,2.6679993,196.80089,15.569923,-13.045914,192.52681,13.729983,13.781847,192.63728,-2.7849038,-15.753715,181.78961,3.0092206,33.50029,189.94531,-21.016567,-14.006237,163.21832,23.461687,52.560505,182.84207,-34.108067,-10.643654,186.02232,28.072758,12.876213,149.7325,-26.046982,-8.762129,147.38324,-31.191757,1.381846,131.95493,6.693269,-9.016159,110.84821,-18.72187,-23.21953,107.74463,-6.3211813,-7.0412292,73.274086,-20.48978
-3.7146654,188.079,23.354498,-1.7688279,192.8748,23.235601,-8.199119,190.77666,23.299877,3.11758,198.20183,15.318984,-12.696354,194.17953,14.016065,13.606106,193.72447,-3.9967792,-15.033786,182.88478,3.124625,33.28326,192.21227,-22.193745,-12.494878,164.7618,23.849693,52.37725,185.93176,-35.60503,-9.785519,187.6031,28.313387,12.518621,148.7687,-25.304253,-8.225424,146.89273,-29.814787,-0.35304734,131.60489,7.2238145,-8.748586,110.60099,-17.371315,-27.151379,110.19206,-7.1768446,-6.731233,73.14676,-20.27379
-2.9656036,189.1226,23.136711,-0.89431065,193.86504,23.120855,-7.3798814,191.93102,23.260742,3.5715594,199.28305,14.9206505,-12.250841,195.2209,14.088521,13.823468,194.82146,-4.8743176,-14.309686,183.54077,3.0444715,33.05743,195.12767,-23.510532,-11.605917,165.56485,23.80275,52.65044,189.11578,-36.25446,-9.234199,188.46732,28.429861,12.32591,148.03807,-24.103153,-7.9483247,146.6896,-29.11272,-2.8045263,130.70381,7.2457523,-8.644883,110.532364,-16.531082,-30.74853,110.264206,-6.655261,-6.642106,73.10895,-20.00879
-2.3795156,189.8785,22.841738,-0.2863377,194.58669,22.432156,-6.763034,192.7433,23.010174,4.093202,200.2031,14.688458,-11.634824,196.06648,13.826472,14.438823,195.78415,-5.0213456,-13.651781,184.38274,2.8994884,32.498085,197.81717,-24.693178,-11.118289,165.87378,23.303032,52.71952,191.87505,-36.20909,-8.3973675,188.72444,28.25943,12.166019,147.3455,-22.878216,-7.3447356,146.32257,-28.547457,-5.5775437,129.56305,6.6625824,-8.67344,110.48408,-15.999055,-33.665745,107.9478,-4.702346,-6.423035,73.05853,-19.872843
-1.8467823,191.23796,22.839693,-0.06772778,196.01045,21.947025,-6.3912387,193.83052,22.914513,4.5621614,201.18048,14.227684,-11.080765,196.71863,13.363423,14.934679,196.26523,-5.0434732,-12.9862385,185.00005,2.4458268,32.013096,199.8978,-25.497248,-11.161476,165.88376,22.363914,52.519337,193.84048,-36.171,-7.826735,188.50279,28.213013,12.469129,146.78171,-21.214132,-5.789846,146.23369,-28.475723,-8.849896,128.63506,5.0857825,-8.897598,110.60913,-15.665097,-35.550095,104.35102,-1.4649378,-6.0500035,73.33617,-19.869265
-1.4122981,192.13794,22.562038,0.20402525,196.95085,21.538366,-6.0414786,194.57819,22.541292,4.879482,201.76689,13.626542,-10.7587385,196.93463,12.863999,15.004447,196.49168,-4.6399245,-12.864218,185.36607,1.8441807,32.07047,199.92796,-24.777275,-11.984831,165.77141,21.109276,52.353436,194.53307,-35.986507,-7.2331066,187.93948,27.853317,13.095046,146.6288,-19.989271,-4.91896,146.18825,-28.448212,-11.538517,127.328766,2.6085513,-9.14037,110.85117,-15.560114,-35.855038,99.98512,2.7461152,-5.8593493,73.51862,-19.892372
-1.335264,191.60556,21.824293,0.32101834,196.4259,20.933916,-5.9365077,194.08803,22.02983,4.829861,201.41428,12.951908,-10.661126,196.2552,11.927739,15.020264,196.57983,-4.511204,-12.907259,185.53932,0.7307217,31.766167,200.00742,-24.872744,-12.785002,165.12357,19.416916,52.518368,193.5594,-34.79567,-7.372475,187.07985,27.572079,12.875594,146.7951,-18.607931,-4.3771477,146.36086,-28.789192,-12.522005,126.99244,1.9914293,-9.469905,110.90312,-15.815408,-34.367138,97.85763,7.7627254,-5.597441,73.52248,-19.749409
-2.0631647,191.02158,21.514727,-0.30651206,195.77582,20.502346,-6.565542,193.6497,21.938496,4.3143544,200.69733,12.525118,-11.162544,195.56778,11.365951,14.963921,196.71513,-4.73078,-12.87918,185.17169,0.31323025,31.548796,199.47514,-25.341734,-12.857109,163.53383,17.614244,52.161987,191.73125,-34.798332,-7.1489544,185.09586,27.108868,12.780582,146.79103,-17.738022,-3.8640556,146.16956,-28.609993,-12.177264,125.00839,1.4862818,-9.427223,110.680046,-15.5990925,-32.2629,95.9142,12.035183,-5.055191,73.415405,-19.586485
-2.1095848,190.45493,21.228924,-0.44849563,195.25641,20.292528,-6.668184,192.97075,21.716824,3.9485807,200.11784,11.971319,-11.540677,194.82402,11.294469,14.736659,196.601,-4.7111998,-13.3424425,184.40498,-0.17136087,30.96393,199.05527,-25.943428,-13.383827,161.55186,15.55587,50.879482,190.07193,-35.829433,-7.077998,181.92087,26.973192,12.682593,146.71829,-17.244324,-3.4477737,146.0179,-28.232294,-11.141353,123.36526,2.329616,-9.397231,110.46957,-15.093423,-29.896372,94.00089,15.080941,-4.7573085,73.40973,-19.21822
-2.468386,190.07603,20.727638,-0.92299217,194.90703,19.762066,-7.15415,192.3941,20.788101,3.5606778,199.62773,11.3432665,-12.102344,194.47563,11.0084095,14.024608,195.94908,-4.9332576,-14.415349,183.33989,-0.65681463,31.690546,196.7619,-25.144749,-14.238777,159.55952,13.304935,50.3356,186.50732,-35.7662,-7.5302105,178.74738,26.658852,13.052885,146.5616,-16.737585,-3.028705,145.42604,-28.115456,-9.299559,122.92228,4.240986,-9.469166,110.45453,-14.253347,-27.331959,92.8365,16.81696,-4.7027187,73.57644,-19.043804
-3.2302082,189.91588,20.493113,-1.4720191,194.66736,19.52377,-7.8362136,192.34244,20.02824,2.7085338,199.43478,10.916332,-12.960282,194.21788,10.779096,14.114448,195.15929,-4.523745,-15.409445,182.27954,-1.3413522,31.870659,194.08438,-24.895796,-15.0777235,157.49634,10.55703,49.71763,182.12607,-35.15648,-8.034031,175.0031,26.174118,13.914373,146.32251,-16.699152,-2.7024972,144.8484,-27.974543,-7.045629,123.43348,6.5097227,-9.617051,110.2497,-13.096372,-24.205526,91.66261,17.179846,-4.735014,73.46967,-18.47383
-4.084864,189.83656,20.272106,-2.3525681,194.56291,19.155235,-8.703314,192.15855,19.480377,1.8970808,198.92126,10.334136,-13.7726965,193.62007,10.400644,14.212464,194.09537,-4.335251,-16.599316,181.01494,-1.9419495,32.191753,191.09299,-24.34185,-16.228947,155.16792,7.0529666,49.24936,177.40523,-33.430035,-9.284462,169.78682,25.326674,15.057753,145.7319,-16.510862,-2.4806828,144.00987,-27.662098,-4.890455,124.21936,8.926448,-9.603941,110.165245,-11.59489,-19.811209,90.68225,16.884895,-4.7959557,73.495125,-18.01655
-4.9224663,189.75008,20.079678,-2.9566276,194.4207,19.099266,-9.398942,192.2784,19.106113,0.9877357,198.54346,9.782272,-14.721452,193.24329,10.181885,14.237385,192.79227,-3.563675,-17.391165,180.03032,-3.0284703,31.895191,188.05966,-23.728945,-17.97262,153.05386,2.6558244,48.308643,171.96535,-30.345959,-11.710138,163.88387,23.757675,16.029167,145.7371,-16.291098,-2.1878388,143.408,-27.167858,-2.2018526,125.27035,11.218153,-9.41672,109.88183,-10.119265,-13.569109,89.77996,15.94793,-5.009193,73.38966,-17.583527
-5.992577,189.62679,20.000467,-4.013042,194.23735,18.777979,-10.4471655,192.10373,18.811644,-0.091053806,198.31825,9.722537,-15.726326,192.80515,10.014228,14.072079,191.58572,-2.8630633,-18.029226,179.69402,-3.9751608,31.653587,184.56386,-22.69963,-19.127886,152.07686,-1.4058317,47.10808,166.58798,-26.473137,-13.400914,157.47562,21.706373,16.809177,145.72769,-16.368935,-1.6998804,142.89197,-26.94374,0.3567381,126.200745,13.331575,-9.287135,109.69621,-8.935201,-6.703811,89.25968,14.451883,-5.4806466,73.71264,-17.151987
-6.9747553,189.47025,19.986141,-5.0028396,194.05418,18.65048,-11.431099,191.91077,18.719225,-0.8830673,198.11784,9.812556,-16.512623,192.54805,9.787767,13.93045,190.56587,-2.579387,-18.659773,179.06862,-4.927123,31.368994,180.9612,-21.516075,-20.454752,151.51855,-4.8952565,45.573917,161.65457,-21.855932,-15.337966,152.60284,19.081259,17.521914,145.8657,-16.502064,-1.6420738,142.71907,-26.3109,3.4987545,126.93491,14.838139,-8.772524,109.43128,-7.828813,-1.0870432,90.167435,12.235816,-5.135516,73.45925,-16.695833
-7.8421106,189.41606,20.00988,-6.144423,194.1298,18.761202,-12.436472,191.57715,18.771397,-1.8615261,198.24753,9.904125,-17.302681,192.23337,9.556815,13.726424,190.10356,-2.051558,-18.998283,179.01817,-5.8896885,30.797596,177.66414,-19.591955,-21.606697,151.86284,-8.537812,43.407658,157.33186,-16.526936,-16.352068,148.24728,15.362557,17.9828,146.0396,-16.396461,-1.5908043,142.76802,-25.737091,6.8167253,126.939674,15.995793,-8.318426,109.26014,-7.1655736,4.7247653,90.41231,9.666163,-5.002477,73.45755,-16.130857
-8.900588,189.61679,20.127687,-7.078632,194.28793,18.869196,-13.410679,191.88927,18.747751,-2.6224108,198.4013,10.143219,-18.033707,192.42381,9.465809,13.7109375,190.0772,-1.5536513,-19.152332,179.38501,-6.662403,30.021889,174.53674,-16.90897,-22.627089,152.8972,-12.257043,40.106224,153.73453,-10.222044,-17.727047,143.81035,10.17225,18.81465,146.12483,-16.374777,-1.813038,142.80125,-24.567945,10.789881,126.495384,16.592056,-8.008025,108.86303,-6.571353,10.795752,90.93179,6.672031,-4.8657885,73.182846,-15.671815
-9.440239,190.21797,20.378738,-8.073319,195.00108,18.998537,-14.130218,191.93805,18.84232,-3.2483552,198.89174,10.206703,-18.617094,192.75056,9.677957,13.332839,190.0989,-0.9789112,-19.381865,179.93689,-7.5452104,29.261545,171.77403,-13.279696,-23.603456,154.53513,-16.351702,35.90509,150.9496,-3.051981,-19.508312,141.144,4.2529936,19.717045,146.2515,-16.28796,-1.5166719,142.90205,-23.584402,15.01715,125.748856,16.614336,-7.5927997,108.969635,-5.846647,16.683838,91.12214,3.294956,-4.805176,73.46089,-15.34003
-9.919203,190.7113,20.555187,-8.602612,195.561,19.369417,-14.656872,192.49068,19.23249,-3.870886,199.5476,10.458181,-19.208406,193.31102,9.96348,12.725608,190.45468,0.22474666,-19.416317,180.73277,-8.648073,28.02429,170.25912,-9.619157,-24.201612,156.37325,-20.03417,30.643627,150.71579,4.06635,-21.272661,139.69247,-2.0048358,20.502697,146.43086,-15.633121,-0.7458525,143.289,-23.160254,19.277004,124.16082,15.720674,-7.044997,109.262245,-5.365806,22.425476,91.15104,-0.016663527,-4.659284,73.56506,-15.108449
-10.397719,191.21712,20.744862,-9.112877,196.12746,19.806091,-15.126796,193.00392,19.40606,-4.370911,200.21558,10.767877,-19.766727,194.17049,10.261887,12.113071,191.01979,1.6903601,-20.020853,181.68523,-9.259,26.913074,169.7791,-5.8818555,-24.643148,158.3847,-22.744131,24.96923,151.95583,10.061668,-22.672354,138.9394,-7.696015,21.667353,146.8205,-15.361309,0.020466797,143.40237,-22.641155,22.982891,122.927124,14.393124,-6.0123715,109.33568,-5.306747,27.942236,91.395195,-3.7641897,-4.4845686,73.49176,-14.477524
-10.914159,191.95807,21.034971,-9.651424,196.8589,20.03881,-15.67215,193.7297,19.784067,-4.8777304,200.91559,11.006573,-20.282293,194.8791,10.559147,11.19127,191.84193,2.9963748,-20.24644,182.4641,-9.473101,25.826355,169.84355,-1.6164705,-25.370533,160.62271,-25.209269,19.904978,153.38637,15.199043,-23.554998,139.17908,-13.307047,22.738907,147.98325,-14.807549,1.0697896,144.17351,-22.066013,26.127083,122.0847,12.724354,-4.726358,109.460266,-5.923584,32.690643,91.42935,-6.921293,-4.2529373,73.33035,-14.0190115
-11.405083,192.74207,21.463366,-10.030528,197.6084,20.418362,-16.079649,194.55809,19.97671,-5.213286,201.51375,11.366235,-20.641193,195.611,10.887969,10.484354,192.48909,4.290176,-20.490877,183.38596,-9.642856,24.500973,169.92369,3.0009794,-25.516653,163.09143,-27.376081,13.897812,155.92426,20.038048,-24.219559,140.28085,-18.278555,23.639969,148.57043,-14.611077,2.10751,144.71846,-21.841513,29.07102,121.27143,10.612225,-3.1731365,109.63591,-6.264955,37.055374,91.556854,-10.466403,-3.9870472,73.36393,-13.57263
-11.848429,193.5966,22.001638,-10.43518,198.43582,20.911299,-16.494085,195.40518,20.418636,-5.5430675,202.08098,11.781957,-21.039867,196.17526,11.278349,9.975564,192.94258,5.8866434,-20.98935,184.64015,-9.376982,23.020699,169.81621,7.730215,-25.526161,165.95403,-29.059555,8.124685,159.58511,23.909748,-24.97991,142.2451,-23.174238,24.961445,149.16946,-14.432681,3.287751,145.47523,-21.70989,31.822853,119.7795,8.088724,-1.6718588,109.97951,-6.836847,40.970516,90.98359,-14.228403,-3.6356025,73.296104,-13.188613
-12.414495,194.34453,22.657587,-10.927442,199.10648,21.325369,-17.035667,196.16498,21.016085,-5.8211164,202.31577,12.2072935,-21.417961,196.6415,11.726134,9.316091,193.00464,7.7489324,-21.00683,185.3809,-9.058163,20.828556,169.53992,12.835547,-25.518677,168.66348,-30.42142,2.3768346,163.26665,27.14097,-25.313362,144.19583,-28.214584,26.425993,149.90355,-14.296778,4.6727977,146.2099,-21.799656,34.627274,118.49885,5.0801454,-0.18416765,110.21387,-7.201818,44.62891,90.49498,-18.094225,-3.2367365,73.292534,-12.651419
-12.830997,194.58029,23.068377,-11.073257,199.27043,21.784973,-17.322443,196.66872,21.386147,-5.9796057,202.52727,12.672552,-21.556797,196.98119,11.896222,8.931308,192.90979,9.742574,-20.934736,186.06906,-9.295931,17.827156,169.02818,18.333935,-25.098774,171.12766,-31.920801,-3.4206972,166.472,30.241163,-25.905457,146.44186,-32.598896,27.950926,150.39029,-14.074011,6.2177944,146.6089,-21.677265,37.06334,117.19223,1.6827241,0.935838,110.37278,-7.2723136,47.79675,89.71761,-21.93,-2.6003458,73.30925,-12.039451
-13.236042,194.91885,23.42729,-11.52546,199.60497,22.07334,-17.732758,196.90091,21.63302,-6.2098265,202.43631,12.921167,-21.850595,196.86499,12.200958,8.433317,192.61569,11.335006,-20.675287,186.42905,-9.143143,14.876619,169.1336,23.045355,-24.410694,173.25804,-32.819134,-7.559925,170.04817,32.596302,-26.620966,148.89755,-36.594486,29.167728,150.55005,-13.965799,7.5404334,146.74411,-21.365967,39.076008,116.0396,-1.5132979,1.9936345,110.43723,-7.3133774,50.728973,88.2658,-24.88409,-1.9951608,73.51446,-11.633141
-13.41748,194.9108,23.876713,-11.697958,199.46684,22.166101,-17.846506,196.62051,21.683613,-6.4715343,202.1492,13.110837,-21.996017,196.4482,12.458113,7.8837757,192.26746,12.739159,-20.295082,186.89462,-9.067841,12.384684,169.77927,27.317915,-23.752098,174.99928,-33.397346,-10.726538,172.94705,34.37338,-27.711277,151.57942,-39.976807,30.220089,150.34383,-13.642358,8.649182,146.56938,-21.09116,40.702705,115.017944,-4.645132,2.6387515,110.2553,-7.0756884,53.102413,86.654724,-27.646229,-1.6671066,73.28115,-11.183268
-13.936263,194.49574,24.130817,-12.12041,199.04713,22.502985,-18.23727,196.20975,21.694096,-6.6415973,201.43747,13.432264,-22.209152,195.72267,12.454986,7.77403,191.22795,14.061882,-19.50569,187.15056,-8.931422,9.872685,170.5764,31.552721,-22.855433,176.34995,-33.826496,-13.529048,175.47267,35.29568,-28.523561,154.08427,-42.887657,31.254707,149.94276,-13.573204,9.799846,146.31474,-20.84532,42.06141,114.005356,-8.181874,3.0236554,110.32256,-6.3600388,55.160564,84.833374,-29.862675,-1.3884726,73.28838,-10.656745
-14.093538,193.42523,24.148716,-12.358043,198.0891,22.744375,-18.389877,195.16322,21.710386,-6.567871,200.35216,13.608263,-22.156427,194.88599,12.354252,7.12585,189.8175,15.2363615,-18.766531,187.18199,-8.84722,7.3574247,171.37094,35.17786,-21.944191,177.17131,-33.907555,-15.897907,177.17624,36.266644,-29.101728,156.49638,-45.493664,31.992294,149.09566,-13.118286,10.774655,145.94382,-20.417156,43.03003,112.73403,-11.946274,3.034856,110.24064,-5.774907,57.07292,82.68676,-31.689371,-1.111918,73.29565,-10.052422
-14.579545,192.45604,24.533142,-12.66597,196.98819,22.935326,-18.779753,194.23454,21.959648,-6.514817,199.01486,14.086132,-21.998909,193.4394,12.311936,6.379422,188.31236,16.695679,-17.579027,186.30101,-9.00375,4.9944816,172.2043,38.26156,-20.637526,177.46823,-34.50819,-18.279799,178.63844,37.04373,-29.341864,158.67514,-48.166153,32.71331,148.25531,-12.93623,11.428507,145.30878,-20.204433,44.126938,111.77155,-15.2865,3.0307834,110.150475,-4.9151793,58.637505,80.57954,-33.26753,-0.9337376,73.19029,-9.539192
-14.822288,191.04034,24.53509,-12.830357,195.57149,23.022955,-18.931456,192.83974,21.840517,-6.098465,197.36607,14.5228195,-21.707561,192.49957,11.984435,5.9720917,186.94594,17.86414,-16.683643,185.22131,-8.926977,2.8038518,172.67242,40.70958,-19.392675,177.26767,-34.698536,-20.237215,179.3538,38.137985,-29.494127,160.64255,-50.397602,33.305603,147.31543,-12.908138,11.7690325,144.38037,-19.96638,45.08272,111.121704,-18.32642,2.5138113,109.900604,-4.068306,59.907894,78.45942,-34.202908,-1.1572157,73.14566,-9.122252
-15.029049,189.20157,24.464598,-13.009182,193.79404,23.179146,-19.101688,191.14162,21.816273,-5.847929,195.57025,14.92281,-21.352856,190.72382,11.658608,5.5799804,185.3808,18.455547,-15.444582,183.9091,-9.0089855,1.4511948,173.21317,42.28171,-18.254189,176.8411,-34.951336,-21.498262,179.42987,39.007286,-29.584572,162.38652,-52.064434,33.485626,145.87454,-12.862963,11.941811,143.2992,-19.695572,45.63386,110.08822,-20.43522,1.9138708,109.491974,-3.0941787,60.57658,76.454185,-35.07906,-1.4606146,72.860245,-8.594226
-14.987257,187.32916,24.366894,-12.849974,191.90334,23.249866,-18.879578,189.34402,21.500614,-5.634892,193.90796,15.147693,-20.731026,188.425,11.27966,5.451985,183.91096,18.972181,-14.474968,182.63506,-8.923367,0.37681407,173.31525,43.34056,-17.080605,175.98271,-35.018295,-22.693445,178.88173,39.640556,-29.455765,163.85315,-53.020634,33.22627,144.18817,-12.721393,11.722429,142.01027,-19.174044,46.238583,108.81987,-22.029083,0.78260016,109.03404,-2.37178,60.975178,75.307526,-36.032024,-1.9863486,72.76086,-8.207403
-15.036395,185.5335,24.487753,-12.899904,190.10492,23.386053,-18.843042,187.47197,21.456522,-5.5139146,192.44824,15.656962,-20.296087,186.679,11.216347,5.557449,182.63727,19.274458,-13.367812,181.30504,-8.952926,-0.29585296,173.00905,43.895157,-15.954371,175.29285,-35.023136,-23.514793,177.58449,39.87256,-28.87077,164.30135,-53.19065,33.09363,142.61304,-12.739043,11.585112,140.90053,-19.195032,46.4656,107.88858,-23.077131,-0.55812806,108.876015,-2.0248666,60.841717,74.520836,-36.9257,-2.3924346,72.62403,-8.117326
-15.158951,184.40822,24.838799,-12.840216,188.83124,23.521292,-18.872185,186.3256,21.68574,-5.506495,191.37349,16.17184,-20.260424,185.57898,11.488556,5.8683467,181.69283,19.199368,-12.830061,180.27591,-8.944418,-0.21879935,171.83128,43.69496,-14.8232155,174.24419,-35.04339,-23.792582,175.4507,39.90972,-28.184416,163.88046,-53.340073,32.81664,141.81932,-12.79548,11.045132,140.31404,-19.443762,46.403595,107.30677,-23.189262,-1.6237082,108.677605,-2.028493,60.74127,74.011154,-37.38563,-2.7639282,72.66152,-8.339767
-14.931998,183.45032,24.92026,-12.996207,188.11972,23.81824,-18.848772,185.2465,21.941153,-5.6433783,190.91841,16.321056,-20.442278,185.10898,11.781732,5.991533,181.35793,19.057354,-12.397807,179.39336,-9.32914,0.7774388,170.41675,43.09561,-13.573331,172.58385,-35.26816,-23.070623,172.36128,40.255646,-28.076492,163.27283,-53.181213,32.181583,141.51422,-12.974104,10.367757,140.13268,-19.714527,45.780502,106.93843,-22.695982,-2.2977731,108.515015,-2.2117307,60.308563,74.05954,-37.401432,-3.128714,72.4984,-8.414757
-14.977547,182.64445,24.861605,-13.06142,187.40764,24.217936,-18.975378,184.74184,22.218988,-5.9476714,190.93216,16.674322,-20.957258,185.60689,12.183842,6.055661,181.25958,18.701977,-12.850559,178.81747,-9.401141,2.5312002,168.65913,41.94911,-12.636572,170.88046,-35.14054,-21.400517,168.57399,40.456463,-26.989393,161.16113,-52.9565,31.491653,141.8626,-13.144782,9.488599,140.53592,-20.007954,44.954796,106.95838,-21.714167,-2.7881536,108.64735,-2.7562099,59.67159,74.61932,-37.329487,-3.6090283,72.43373,-8.813458
-14.986637,182.99022,25.010603,-13.253123,187.81348,24.239464,-19.208199,184.98705,22.648872,-6.2752104,191.31805,16.560675,-21.392988,185.90135,12.546263,6.0639887,181.12999,18.56127,-13.328031,178.95746,-9.447403,4.1409917,166.70226,40.943363,-12.022595,169.63351,-34.756603,-19.553303,163.19606,40.8202,-25.32991,158.3152,-52.397232,30.616127,142.33067,-13.648301,8.670733,141.11897,-20.78426,43.909973,107.07533,-20.437395,-3.1531518,108.77673,-3.653746,58.970398,75.46015,-37.01764,-3.8690603,72.55361,-9.188133
-15.239593,184.09998,25.38879,-13.406719,188.77621,24.153427,-19.438328,185.93518,22.862026,-6.785823,192.0183,16.271109,-21.958801,186.27808,12.869524,6.170643,181.38983,18.050161,-13.993041,179.33664,-9.785671,6.356385,164.71446,39.161957,-11.300888,168.11975,-34.301735,-16.624058,158.52873,41.305733,-23.780575,154.67078,-51.11271,29.718065,142.84671,-14.469055,7.8448453,141.63753,-21.691273,42.562035,107.07471,-18.09932,-3.7065525,109.06965,-4.507295,57.94041,76.98683,-36.386753,-4.358006,72.63006,-9.708912
-15.367712,185.27318,25.186018,-13.491901,189.88399,23.803686,-19.581905,187.09737,22.679672,-7.191868,193.33698,15.879539,-22.445272,187.64062,12.897829,6.505383,181.9592,17.284914,-14.772035,179.97014,-10.319735,8.559502,163.23633,36.993855,-11.118552,166.68456,-33.836525,-12.272469,153.17317,42.725555,-22.46591,150.7295,-49.220863,28.524336,143.57129,-14.792713,6.7390485,142.23116,-22.495739,40.84501,107.689445,-15.137657,-4.3464956,109.31776,-5.596427,56.729588,79.48488,-35.394344,-4.8487434,72.74921,-10.657063
-15.316125,186.3826,24.724504,-13.586959,191.0473,23.309992,-19.630222,188.12811,22.324396,-7.231655,194.25336,15.151486,-22.485891,188.52315,12.505268,6.1331162,182.11285,16.741518,-16.147121,180.81995,-10.636032,11.074836,162.17358,34.366302,-11.521365,165.78627,-33.08936,-6.739723,148.42732,42.914265,-20.490974,147.14262,-46.677853,27.195288,144.35419,-14.930181,5.828139,142.69313,-23.157354,38.903824,108.52985,-11.447888,-5.2886,109.513245,-6.187197,54.82446,82.85276,-34.410324,-5.521029,72.88915,-11.501545
-15.3401165,187.8591,24.16153,-13.60037,192.558,22.868557,-19.655489,189.67175,21.820305,-7.348876,195.50569,14.405896,-22.704992,189.7405,11.99162,6.1409206,182.61221,15.750578,-17.156137,181.56721,-11.016729,13.697399,161.98082,31.727776,-12.0561285,165.60152,-32.611973,0.40610236,145.10901,42.238396,-18.821407,144.335,-43.1453,25.476013,144.73857,-14.470293,4.6099744,142.85805,-23.759026,36.850636,109.56426,-7.325217,-6.51681,109.68916,-6.513231,52.219902,87.35803,-33.72501,-6.200624,72.86761,-12.397877
-15.58311,189.44997,23.616354,-13.606716,194.00424,22.168129,-19.8358,191.45018,21.317337,-7.3563805,196.7465,13.717211,-22.850128,191.54333,11.430266,6.1372967,183.43156,14.866321,-17.902163,182.36496,-11.397933,16.826788,162.57838,29.076193,-12.832442,165.66542,-32.112587,8.033586,143.23242,40.499,-17.618906,142.42632,-38.786232,22.82442,144.97444,-12.764167,3.614459,142.94365,-24.280224,35.09873,110.35789,-4.12554,-7.9219303,109.42091,-6.9435015,49.94038,92.06288,-33.306583,-6.968077,72.6795,-12.974041
-15.608518,191.09541,23.057697,-13.537492,195.56816,21.5038,-19.833584,193.15215,20.749788,-7.212089,198.08987,13.074207,-22.947437,193.39351,10.927547,6.4803014,184.52171,13.625268,-19.093397,183.27142,-11.410061,20.130878,164.1369,25.879793,-14.187871,165.83278,-31.569117,16.25389,143.67981,37.826027,-16.964499,141.41045,-33.53714,21.13661,145.1519,-11.812638,2.0733066,142.67598,-24.051682,33.425404,111.329346,-1.0371797,-9.500404,108.87117,-7.2028303,47.26536,97.02148,-32.705242,-7.880459,72.39627,-13.318238
-15.31416,192.90387,22.496962,-13.337258,197.41177,20.942617,-19.670296,195.01588,20.502626,-7.0223265,199.6912,12.342516,-22.898031,195.36053,10.63001,6.7299185,185.7457,12.584896,-19.809633,184.23059,-11.601917,23.354183,166.299,22.423376,-15.589021,165.81279,-31.018873,22.807184,145.77783,34.77563,-16.684198,141.59781,-27.866684,20.303047,145.45407,-11.992416,0.5548813,142.68506,-23.391058,31.719032,112.72633,1.94921,-10.793361,108.7805,-7.3408346,44.3666,102.5156,-31.657885,-8.716562,72.32946,-13.778177
-15.192881,194.72354,22.116892,-13.0496855,199.12573,20.48617,-19.498905,197.04196,20.236958,-6.902456,201.27124,11.812901,-22.89803,197.26468,10.331364,7.5869317,187.51056,10.880432,-20.496187,185.76425,-11.386706,26.650558,169.541,18.639776,-17.081196,166.3489,-29.974773,29.099272,148.75288,30.584074,-16.614336,143.10867,-21.958084,19.717388,145.98611,-13.010825,-0.9419218,143.11288,-22.620207,29.876583,114.72229,4.989164,-11.907334,108.84022,-7.252243,41.082024,107.94699,-30.022331,-9.429829,72.47258,-13.852558
-14.963097,196.6833,21.768955,-12.623456,200.9656,20.094873,-19.162117,199.17445,19.868277,-6.3587017,202.97118,11.5521145,-22.469,199.5273,9.925131,8.096257,189.43404,10.037728,-20.924038,187.27992,-11.027107,29.266394,172.91025,15.083782,-18.532757,166.95328,-28.614138,34.41765,151.95222,25.882027,-17.223564,145.5123,-16.681036,19.042868,146.92772,-13.241037,-1.8666756,143.9635,-22.217787,27.729282,116.85919,7.603726,-12.094264,109.18354,-7.6187506,37.66929,112.54177,-28.243093,-10.004072,72.564964,-14.173664
-14.477929,198.59508,21.679125,-11.954289,202.75769,19.94086,-18.531065,201.1431,19.55431,-5.701701,204.94775,11.63337,-21.838833,201.71944,9.781252,8.282113,191.47174,9.035,-21.391233,188.98633,-10.690491,31.059412,176.55582,11.32338,-20.388933,167.22696,-26.320036,38.889473,156.0043,21.26449,-17.620348,147.67284,-11.740857,18.414442,148.22276,-13.270866,-2.4547892,145.1278,-22.048754,25.643587,119.20093,9.459073,-11.923725,109.614265,-8.443201,34.465107,116.43104,-26.614584,-10.471284,72.78645,-14.542071
-13.832513,200.55406,21.626501,-11.325048,204.77538,20.009499,-17.899048,203.15897,19.597082,-4.951193,207.00124,11.721833,-21.060682,203.83058,9.692478,8.673585,193.91345,7.5526137,-21.914194,190.5537,-9.904409,32.04281,180.20277,7.5447583,-21.991753,167.92358,-24.246025,42.490803,160.70279,16.318058,-18.131262,150.71474,-7.0918713,17.892899,149.67258,-13.503687,-3.4008048,146.32864,-21.374355,23.971292,121.50184,11.017658,-11.382953,110.01308,-9.134199,31.651197,118.65824,-25.180359,-10.833138,73.00241,-14.645576
-12.873188,202.63815,21.508465,-10.328682,206.88393,20.022047,-16.868757,205.254,19.368216,-4.21199,209.07751,11.4482565,-20.303396,205.85423,9.639014,9.462388,196.35378,5.794508,-22.715654,191.99779,-8.344328,32.888702,183.16232,3.8575325,-23.426321,168.61424,-21.616428,45.616974,164.37872,11.253406,-18.7751,153.63106,-2.5497727,17.482172,151.0815,-13.837556,-4.4011016,147.39003,-20.501238,21.871372,123.695496,12.401091,-10.737408,110.260895,-9.759373,28.469,118.859245,-23.849066,-11.149008,73.23941,-14.834772
-12.039106,204.69339,21.3453,-9.46128,208.87361,19.736387,-16.071857,207.40837,19.392881,-3.407745,211.09337,11.217137,-19.558056,208.1002,9.591007,10.014875,198.66862,4.3407516,-22.963116,193.36925,-6.8233957,33.22556,185.6906,-0.10895581,-24.531376,169.3057,-18.434467,47.774178,167.75427,5.851499,-19.402266,156.57124,2.170107,17.137177,152.51204,-14.237522,-5.052633,148.34196,-19.526905,19.385492,125.73167,13.371326,-9.70006,110.68752,-10.429948,25.3949,117.940216,-22.49037,-10.744687,73.63486,-14.964835
-11.277527,206.61223,21.169619,-8.604821,210.80328,19.757496,-15.21102,209.40501,19.13195,-2.6126301,212.98335,11.084302,-18.761593,210.10928,9.401588,10.656952,200.66216,2.9447289,-22.999832,194.86674,-5.3103437,33.67137,188.36313,-4.0410085,-25.806257,170.12856,-14.559628,49.43036,170.8647,0.5125027,-20.134237,159.32814,7.0653915,16.50539,153.56987,-14.173117,-5.6923504,149.36536,-19.399506,17.041843,126.75686,14.069607,-8.967393,111.27069,-11.387462,22.595327,115.04325,-20.839703,-9.833579,74.1259,-15.426419
-10.3464365,208.25722,20.944834,-7.5765114,212.32417,19.367182,-14.240102,211.14047,18.959707,-1.6394246,214.32346,10.636314,-17.914322,211.85849,9.260028,11.179437,202.46184,1.4354558,-23.231947,195.99782,-4.177529,33.420265,190.41147,-7.907895,-27.136982,170.25253,-10.234009,50.473606,173.8969,-4.7986994,-21.28494,161.33714,12.172296,15.960891,154.39572,-13.940364,-6.30548,150.20836,-19.372448,15.542134,127.32769,14.221155,-8.499012,111.80249,-11.843236,19.848635,110.74125,-18.402613,-8.249807,74.97011,-16.320179
-9.071066,209.85442,20.48329,-6.506908,214.08574,19.01593,-13.144288,212.7113,18.849934,-0.7855654,215.64142,9.699798,-17.15256,213.2053,9.0774145,11.439326,204.19774,-0.26506272,-23.279509,196.81848,-3.1523416,32.812305,191.84377,-10.830894,-27.677366,170.72684,-6.142488,50.522804,175.90762,-10.294168,-22.454811,163.1517,16.944168,15.34342,155.05176,-13.498798,-7.112684,151.07741,-18.912045,14.406587,127.49611,14.04025,-8.171614,112.645355,-11.963149,17.466457,105.58038,-15.394879,-6.634527,75.896614,-17.656958
-8.225624,210.98029,19.97795,-5.649014,215.12422,18.306726,-12.312003,213.83202,18.365505,-0.14238234,216.62349,8.983852,-16.57049,214.2984,8.81507,11.433385,205.42072,-1.6313094,-23.245668,197.42578,-2.2916532,31.916677,193.4004,-13.843965,-27.273884,170.9749,-1.4757738,49.80293,177.62372,-15.275376,-21.367798,164.93594,22.070745,14.314934,155.33694,-13.19821,-7.80362,151.71275,-18.691193,13.131117,126.8521,13.295157,-7.982107,113.629524,-11.888538,14.77929,99.97763,-11.637879,-4.8057394,77.23094,-19.88111
-7.4274397,211.83803,19.565744,-4.711921,215.87787,17.830261,-11.395142,214.72128,17.741787,0.5316581,217.25331,8.327768,-15.854718,215.32356,8.408805,11.332382,206.31006,-3.1963344,-22.880945,198.01042,-1.0923132,30.81589,194.5605,-17.3284,-27.100306,171.75084,3.075165,48.793617,178.97493,-20.510904,-20.605885,166.94165,26.675386,13.459981,155.45155,-13.0727625,-8.407464,152.37227,-18.078714,11.92795,125.694336,12.388237,-8.049237,114.35087,-11.824419,12.432205,94.17109,-7.005229,-2.8606234,78.76035,-21.90408
-6.824015,212.53873,18.897871,-3.948391,216.4387,17.114075,-10.689977,215.67508,17.276049,1.0993181,217.76463,7.5276403,-15.3097105,216.04382,7.836021,10.913161,206.40715,-5.086389,-22.842478,198.02286,-0.28541255,29.691784,194.7599,-20.351566,-26.44545,172.09653,7.748236,48.043453,179.96289,-25.086023,-19.318256,170.06651,31.672865,12.828123,155.04553,-13.234455,-9.02885,152.43535,-17.849848,10.686998,124.07411,10.904656,-7.694403,114.712166,-12.118505,10.228222,88.73973,-1.0258368,-1.3895303,79.51585,-23.939375
-5.7637014,213.0496,18.233425,-3.0217013,216.9346,16.227814,-9.743279,216.11153,16.766466,1.7155021,217.93608,6.4983,-14.706034,216.42197,7.496448,10.599857,206.2541,-6.548161,-22.561256,198.20717,0.64215803,28.199314,194.73064,-23.028704,-25.805712,173.38704,12.235194,45.772717,180.72707,-30.804773,-17.247799,173.20096,35.88424,12.243564,154.03365,-12.723724,-9.673731,152.0566,-17.171112,9.283511,121.74339,9.587789,-7.360295,114.466644,-12.695867,8.492808,84.58627,4.8363037,-0.42376572,79.21875,-25.435793
-5.218118,212.99849,17.559246,-2.3586342,216.79651,15.556451,-9.080032,216.3273,16.355568,2.1530373,217.65659,5.701277,-14.273884,216.45135,6.968793,10.113151,205.9704,-8.162802,-21.82203,198.24101,1.7530706,26.29948,194.48732,-26.123161,-24.619041,174.86887,16.100533,43.939053,181.13582,-35.079914,-15.199858,176.54175,39.23608,11.701997,153.26443,-12.112434,-10.308134,151.72852,-15.967825,8.321124,119.186424,7.61254,-6.8906345,113.84131,-13.694407,6.87983,82.080894,10.969485,0.36269227,78.40809,-26.6725
-4.7242904,212.82301,17.144335,-1.6856416,216.44284,15.063535,-8.422632,216.31245,15.865986,2.7016814,217.17686,5.1704855,-13.730589,216.33871,6.5423436,9.646024,205.44548,-9.227027,-21.112368,198.153,2.703557,24.272644,193.9065,-28.500034,-23.089987,176.20895,19.602146,42.004642,181.37581,-38.738644,-11.95967,179.99118,41.43218,10.974648,152.09541,-11.632705,-11.09538,151.00807,-14.900548,7.1896605,116.85018,5.8685274,-6.651009,112.941185,-14.739574,5.441158,80.95538,16.063562,0.24111061,77.10176,-27.718124
-4.2954574,212.46838,16.986092,-1.0611031,215.81622,14.74839,-7.821614,215.96693,15.3244295,3.3280175,216.25294,4.8669415,-13.074953,215.72772,6.1134596,9.218931,204.66658,-10.090123,-20.127851,197.65051,4.324546,22.171583,193.44917,-30.466427,-21.364794,177.12036,22.805183,39.30452,181.5646,-42.225323,-8.202958,183.64941,42.819557,10.160502,151.319,-11.417476,-11.684429,150.33974,-13.559617,6.4267564,115.50815,5.0100436,-6.877589,112.09402,-15.766655,4.176202,80.62227,19.243715,-0.2757629,76.06755,-28.716736
-3.7128565,212.11472,16.900757,-0.56473875,215.4764,14.557382,-7.3260927,215.47806,15.154672,3.9720132,215.32217,4.707387,-12.462211,215.06581,5.87652,8.894216,203.46494,-10.857504,-19.54803,197.03888,5.882466,19.504671,192.70158,-32.96785,-19.769516,178.08081,25.831553,36.847584,180.8849,-44.847557,-4.9251323,187.28221,43.534058,9.71748,150.26021,-10.9877615,-12.13569,149.15805,-12.352553,5.8315296,114.16313,5.4063716,-6.7777896,110.740395,-16.89201,2.9955883,79.81053,20.798016,-0.54102117,75.000656,-29.743942
-3.104075,211.50229,16.61913,0.025821997,214.85886,14.2560425,-6.7320147,214.85907,14.879747,4.445621,214.6496,4.388031,-12.045692,214.3584,5.7842836,8.433667,202.15752,-11.55745,-18.8274,196.6234,7.1141768,17.097187,191.39311,-34.693943,-18.223635,179.24036,28.195993,34.916573,180.47527,-46.551712,-2.0219514,190.41846,43.2099,9.2166395,148.88165,-10.338371,-12.592814,147.74724,-11.477531,5.066568,113.290245,7.068927,-7.1892986,109.37541,-17.499016,2.193049,78.53224,21.02937,-0.65824634,74.17513,-30.427572
-2.3789275,211.09402,16.575356,0.6865754,214.4799,14.1610565,-6.071692,214.3337,14.752399,5.1745515,213.95683,4.2669277,-11.32601,214.02347,5.7351313,8.222754,201.02614,-12.049665,-18.166084,196.37466,8.091391,15.266575,190.08331,-35.762356,-17.115522,180.12465,29.868572,33.100014,179.40378,-47.97963,0.58391,192.47336,41.89882,8.658578,147.79247,-9.629582,-13.249117,146.79369,-10.896331,4.306081,112.91164,8.805397,-7.9540296,108.74346,-17.487705,1.649575,77.43625,20.290981,-1.3872292,73.864944,-30.640764
-1.5965912,211.07964,16.643288,1.3656238,214.42459,14.049592,-5.371056,214.2351,14.844403,5.9307613,213.69937,4.2878113,-10.563176,213.84221,5.7752323,7.910514,200.53816,-12.588616,-17.323673,196.70099,8.796069,13.615354,188.93024,-36.329594,-16.155758,180.68576,30.766987,31.343504,178.4502,-48.879425,2.7876296,193.58887,39.920044,7.9247103,147.30974,-9.008378,-13.677765,146.27527,-10.1821375,3.784293,112.88801,10.412048,-8.613723,108.19743,-17.018547,1.0741707,76.93851,18.93443,-2.4348185,73.98108,-30.423204
-0.99861616,211.23213,16.675903,2.0834355,214.43501,14.053567,-4.6617036,214.49017,14.838218,6.617971,213.85071,4.3326297,-9.843585,214.17715,5.735413,7.8949122,200.38864,-13.134914,-16.818098,197.00565,9.290483,12.189792,187.63469,-36.77097,-14.664552,181.19284,31.312048,30.03745,176.83368,-49.06151,5.2686014,194.2227,38.12058,7.0388446,147.07239,-8.539768,-14.114006,146.2345,-9.374427,3.3264644,113.040474,11.456939,-9.7436905,108.445496,-15.425926,0.49985734,76.2721,16.624899,-4.113078,74.72274,-30.133165
-0.4323499,211.45564,16.560934,2.680894,214.69696,14.018641,-4.0558887,214.82187,14.836073,7.289439,214.13577,4.3185186,-9.202863,214.5706,5.6131244,7.870406,200.47478,-13.650031,-16.149889,197.35077,9.749754,11.133926,186.5266,-36.66665,-13.391074,181.47755,31.724236,28.653986,175.05904,-48.92702,7.6521673,194.2507,36.505924,6.544388,147.24208,-8.354622,-14.23383,146.64847,-8.383404,2.8303628,113.25457,11.875302,-11.236567,108.697784,-12.935777,0.03475506,76.114494,13.444412,-5.9878645,75.890114,-29.729414
0.37330395,211.73859,16.343124,3.5714746,214.99313,13.923961,-3.1395326,215.34099,14.88607,8.20198,214.32896,4.1448245,-8.267575,214.99194,5.3536487,8.234291,200.60284,-14.1143265,-15.550492,197.77104,10.074369,10.465907,185.3439,-36.38141,-12.468054,181.38606,31.503485,27.475021,173.23799,-48.528893,9.239098,192.87872,34.92919,6.18209,147.82573,-8.2058,-14.569817,147.32454,-7.6953278,2.881776,113.361015,11.473862,-13.427728,109.46182,-9.082807,-0.6900703,76.28296,9.959049,-8.511672,77.86683,-28.583023
1.0369169,212.02396,16.036299,4.287512,215.27745,13.685105,-2.4389987,215.64389,14.524412,8.9245405,214.56363,3.850748,-7.538365,215.36243,5.0091147,8.834497,200.82748,-14.614607,-15.001054,198.36172,10.038594,10.275464,184.06413,-35.88597,-11.77866,180.95045,30.506083,27.078175,171.17966,-47.60183,10.925899,190.70769,33.751602,6.147018,147.89014,-8.485513,-14.718155,147.71004,-6.888608,3.3283713,112.95212,10.785915,-16.193037,110.06372,-4.4922633,-1.0895178,76.06633,6.291211,-12.0806055,80.16131,-26.510294
1.6900858,212.01033,15.652913,5.012399,215.30077,13.457292,-1.7319229,215.67108,14.120122,9.59841,214.73581,3.533267,-6.8763466,215.51865,4.66455,9.311162,200.96774,-15.420206,-14.400314,198.77954,9.628649,10.398449,182.82745,-35.586197,-11.040889,180.33585,29.271706,26.976326,169.07416,-46.365993,12.517504,187.85492,33.25145,6.036409,147.53813,-9.219365,-14.660632,147.79807,-6.1193395,3.961531,112.374725,9.816207,-18.8445,110.95978,0.45239505,-1.3642865,76.19987,2.513124,-16.583382,83.08566,-23.650576
2.3978639,211.85417,15.252643,5.71639,215.16072,13.088835,-1.0375265,215.47772,13.672672,10.342703,214.57878,3.1377504,-6.1061926,215.36137,4.233444,9.711571,200.81036,-16.152233,-13.619598,198.85945,9.16966,10.864886,181.49161,-34.995033,-10.753899,179.53534,28.03765,27.44601,167.18655,-44.89965,13.143438,184.84175,33.08745,6.054105,147.13348,-10.782468,-14.500583,147.5947,-5.159904,4.732532,112.110794,8.938949,-20.954304,111.875374,4.8843284,-1.8108075,76.36097,-0.95705265,-21.626589,85.68999,-20.557037
3.1790295,211.47249,14.836665,6.4753942,214.87347,12.774417,-0.27163517,215.14885,13.403697,10.987617,214.29163,2.6733499,-5.4845843,214.97252,3.911824,9.980317,200.31676,-16.724295,-13.192632,198.46078,8.793169,11.28161,180.16457,-34.600418,-10.247772,178.6738,27.025812,28.023079,165.51738,-43.422092,13.9458885,181.36284,32.96851,5.9790473,146.94951,-11.990054,-14.110997,147.44455,-4.1064997,5.3740172,111.456566,7.6000013,-22.474579,112.84307,8.45922,-2.8084402,76.31186,-4.1184077,-26.63536,87.38722,-17.484894
3.9226966,210.90242,14.401342,7.2320585,214.21889,12.23214,0.4820698,214.54333,12.871357,11.487723,213.48073,2.059618,-4.9684763,214.35248,3.6348243,10.163912,199.34619,-17.385172,-12.465445,197.86414,8.279613,11.97574,178.54414,-34.587307,-10.136434,177.62096,25.900858,29.560339,163.80444,-41.87505,13.790696,177.1941,33.259453,5.662987,146.42136,-12.824324,-13.674337,147.31235,-3.0780702,6.05301,110.644424,5.524986,-23.48327,114.19645,11.864015,-3.44513,76.227806,-7.571794,-32.15814,88.800186,-12.706487
4.4813766,209.98386,13.754996,7.8888116,213.15768,11.52178,1.1621146,213.73856,12.223556,11.945903,212.31213,1.2765961,-4.4521093,213.31972,3.0366921,10.616344,197.94405,-17.727299,-12.115813,196.84999,8.146437,13.260315,176.76527,-34.352577,-9.9934025,176.1956,25.311554,31.325235,162.21341,-40.223568,13.463142,172.71347,33.750145,5.3208747,145.51004,-13.769235,-13.588361,146.87888,-2.8662062,6.5812063,109.27495,3.513856,-24.31752,115.19341,14.298826,-4.3004127,75.55683,-10.349909,-37.27771,89.36504,-7.545641
5.026238,209.06166,13.148893,8.527478,212.0531,10.804778,1.8064119,212.75822,11.283337,12.471431,211.24551,0.6464759,-3.9630108,212.1774,2.4449234,10.950222,196.44603,-18.236834,-11.805585,195.59512,7.7333293,14.678102,175.00119,-34.31211,-10.192105,174.64249,24.628767,33.918987,161.02286,-38.499718,11.678302,167.3169,34.713493,4.9702435,144.41347,-14.738112,-13.518787,146.14943,-3.1148307,7.249845,107.70491,1.0287379,-24.757511,116.233665,16.527496,-4.988455,74.52115,-12.246945,-42.051804,90.0097,-1.8116779
5.641364,208.04396,12.35139,9.186036,210.96132,9.979303,2.4633229,211.73741,10.417859,12.969518,210.11089,-0.21517542,-3.4564667,210.99174,1.6404727,11.52217,194.80566,-19.017885,-11.293493,194.23276,7.5456743,16.396423,173.30945,-34.50988,-10.978439,172.98634,24.253819,36.54106,159.89357,-36.77877,8.492404,162.6621,36.146175,4.5188355,143.02518,-15.75257,-13.496044,145.03224,-3.5794744,7.8681574,106.16215,-1.1300349,-24.669786,116.969,18.084433,-5.7786574,73.458305,-14.27218,-45.926407,90.63694,4.836842
6.1764197,207.11745,11.6244755,9.562871,210.07782,9.082839,2.8401325,210.69077,9.742522,13.580005,208.94614,-0.9390871,-2.804842,209.77336,0.7235807,11.917575,193.38548,-20.171572,-10.667013,192.79927,7.084995,18.195288,171.35089,-34.422276,-11.827926,171.21092,23.416155,38.76682,158.71075,-35.181534,4.848834,157.94131,36.456516,4.02198,141.7743,-16.783659,-13.7853155,144.06923,-4.062893,8.011894,104.98011,-2.7718508,-24.093027,117.76321,19.737072,-6.648299,72.88114,-15.775447,-48.095398,91.60888,12.240156
6.673965,206.30325,10.847855,9.871297,209.34691,8.166874,3.1584392,209.76498,9.096165,14.202898,207.95288,-1.6563517,-2.2608018,208.89627,-0.0781649,12.280279,191.95795,-21.005695,-10.129949,191.67801,6.576411,20.202599,169.65826,-34.148617,-12.922848,169.60115,22.379984,41.484417,158.19885,-32.363888,0.04411836,153.33739,36.222904,3.3152194,140.90056,-17.615925,-13.934997,143.58533,-4.3721704,7.496621,104.22494,-4.0405602,-23.157284,117.59446,20.293213,-7.678377,72.89959,-17.323288,-48.645596,92.08057,19.021257
7.058985,205.74974,10.087873,10.194194,208.82225,7.3696055,3.4870071,209.15646,8.336943,14.699898,207.28781,-2.3837745,-1.7320265,208.307,-0.9737247,12.633251,191.28467,-21.59822,-9.789093,191.01288,5.9415402,22.008533,168.97421,-33.422043,-14.387179,168.54378,20.888203,43.882305,159.081,-29.412737,-5.633548,150.12785,35.10418,2.4014804,140.83472,-18.470037,-14.418392,143.42035,-4.731266,6.896446,104.42107,-5.0813475,-21.995348,118.01,21.068142,-8.416368,73.163055,-18.649185,-46.890144,92.0812,25.925848
7.543937,205.38602,9.381676,10.9646635,208.42833,6.983285,4.2100616,208.87526,7.3273754,15.261903,206.93094,-3.019527,-1.2221466,207.99501,-1.6711156,13.023496,190.92271,-22.065845,-9.638385,190.75806,5.212224,24.01686,168.29182,-31.989956,-16.439344,168.05621,18.93968,45.729324,159.68437,-25.713974,-12.041711,148.25238,33.114353,1.3634964,140.84506,-19.306196,-14.789177,143.37627,-4.9480577,5.6937494,104.75317,-5.6281023,-21.009838,118.27211,21.431826,-8.877705,73.57191,-19.416069,-43.789185,91.58275,31.368423
8.144969,205.13666,8.962581,11.653197,208.06851,6.5643697,4.890183,208.61664,6.7858152,15.972967,206.80652,-3.3972933,-0.47559962,207.92278,-2.1749384,13.545954,191.0646,-22.353506,-9.493606,190.82741,4.220473,25.665173,168.2649,-30.578894,-19.075993,168.15596,16.679352,46.840405,160.86656,-21.225716,-18.92935,147.18044,30.3503,0.2754276,141.03098,-19.962141,-15.4297495,143.7829,-4.786317,4.285148,105.23373,-5.92132,-19.360771,118.24529,21.924276,-9.203159,73.86041,-19.845121,-39.3052,90.67222,34.758083
8.733344,204.95229,8.48019,12.087723,208.09917,6.1405954,5.3553886,208.60577,6.836861,16.525024,206.91171,-3.9060485,0.12070431,208.14377,-2.561983,14.240297,191.22052,-22.561905,-9.664072,191.48402,3.0857852,26.967274,168.06459,-28.768614,-20.943016,169.18681,14.79347,47.10945,162.52396,-16.522326,-25.189173,147.56453,27.01568,-0.7657649,141.54729,-20.269716,-16.689629,144.72823,-4.566267,3.541237,105.88638,-5.5936522,-17.509155,118.67351,22.213102,-10.132797,74.75365,-20.227755,-33.786835,89.3942,36.412582
9.27208,204.80246,8.034351,12.613557,208.0257,5.764063,5.877729,208.48195,6.495435,17.123924,207.05763,-4.2041183,0.6782392,208.26389,-2.9291775,15.036048,191.49258,-22.78374,-9.820405,192.00087,2.0171278,28.28977,168.23982,-26.009296,-23.312212,170.09717,12.271744,46.595257,164.45079,-10.854129,-30.952168,148.67441,23.262552,-2.0236049,142.64372,-20.586401,-17.589638,145.89471,-4.058081,2.7780657,107.08534,-5.5414634,-15.449747,118.888405,22.277292,-11.443721,75.86433,-20.390568,-27.67318,88.13632,37.23441
9.558269,204.88377,7.7209764,12.9807,208.0522,5.509568,6.244062,208.6243,6.151556,17.446276,207.27008,-4.463096,0.9945788,208.37682,-3.2763398,15.916785,191.95428,-23.069014,-9.721297,192.62833,1.3975178,29.125458,168.67574,-22.986078,-25.293001,171.34706,9.673247,44.797523,167.21664,-4.8202095,-36.20178,150.6281,19.028765,-2.9115405,143.72523,-20.751637,-17.874275,147.07906,-3.5548058,2.6136725,108.42733,-4.94574,-12.923198,118.90719,21.687088,-12.759115,77.51763,-19.71831,-21.993116,86.907684,36.41651
9.806672,204.94264,7.3706164,13.286289,208.13379,5.2877026,6.529481,208.66873,5.701831,17.760954,207.18713,-4.796001,1.3277674,208.56374,-3.6768942,16.301899,191.97874,-22.971148,-9.895877,193.19032,0.61755097,29.958803,169.06439,-19.60685,-27.505371,172.82718,7.08194,42.217766,170.01413,1.1671357,-41.158382,152.90736,14.445805,-3.8146236,144.61957,-20.580603,-17.909834,147.8004,-2.689555,3.153928,109.41891,-4.5140233,-10.158001,118.60442,20.93183,-14.237827,79.05818,-18.49642,-15.663642,85.27799,34.72708
10.128797,204.90512,7.133047,13.680035,207.99896,5.017416,6.9384856,208.70236,5.444781,18.025837,207.30412,-5.028718,1.5945327,208.6656,-3.8040197,16.723713,191.72078,-22.582182,-10.354681,193.56804,-0.033673685,30.347696,168.9461,-16.178886,-29.445023,174.21191,4.78566,39.155964,172.3379,6.049237,-45.49616,155.46045,9.530864,-4.118895,145.1234,-20.042784,-17.686,147.99992,-1.8456383,3.5797086,110.09456,-4.033941,-6.9793224,117.76896,19.960258,-15.593583,80.35981,-16.803883,-10.501108,83.70895,32.43246
10.353268,204.73772,7.097914,13.977768,207.65446,4.857847,7.2539043,208.50467,5.185589,18.214802,206.99998,-5.092248,1.8149225,208.51942,-3.8122127,17.13938,191.31924,-22.030308,-10.628059,193.85434,-0.5623594,30.378407,169.2384,-12.761644,-31.011541,175.84677,2.5004485,36.33917,174.72014,10.0369,-49.197113,158.81279,4.616987,-4.351949,145.0055,-19.432894,-17.261852,147.87112,-0.95919406,4.183074,110.277596,-3.5105393,-3.9582076,117.20346,18.944145,-17.535004,81.75015,-14.60251,-5.710969,82.11642,29.52408
10.60357,204.46542,6.9775434,14.265838,207.34293,4.74525,7.5541906,208.28383,5.0937457,18.479465,206.39645,-5.265882,2.0924008,208.16855,-3.9746487,17.49234,190.7371,-21.34978,-11.181761,194.17514,-1.3804662,30.522345,169.97772,-9.593376,-32.527832,177.25266,0.6155883,31.66762,177.46146,13.25026,-52.033356,161.90836,0.35316977,-4.0353456,144.3109,-18.386595,-16.317814,147.39366,0.22330739,4.7438874,109.59823,-3.4886668,-0.75016636,116.03086,17.884005,-19.72853,82.590744,-11.984332,-0.8468518,80.09563,26.280876
11.086555,204.02888,6.89793,14.653322,206.95412,4.581117,7.9622636,207.89857,5.2598076,18.770344,206.00645,-5.4376273,2.4198585,208.03613,-3.8661587,17.85067,190.16388,-20.815414,-11.11752,194.46465,-1.6604679,30.084227,170.73393,-6.463726,-33.661915,179.46858,-1.1335382,26.37168,179.89537,15.446198,-53.864536,165.38884,-3.636076,-4.2192035,143.46667,-17.664322,-14.570527,146.35123,1.3326614,4.225459,108.489876,-3.661267,2.6585965,114.70555,17.0005,-21.798834,82.933914,-9.139358,3.1495583,78.19055,22.95974
11.327906,203.69208,6.9746246,14.874635,206.64862,4.652917,8.2016945,207.60193,5.429,18.999117,205.54948,-5.405559,2.661352,207.61479,-3.784348,17.864822,189.55377,-19.882256,-11.055402,194.53232,-1.9739268,28.574493,171.17674,-3.2665842,-34.480362,180.91559,-2.7852056,22.033875,182.55388,16.731464,-55.348595,168.4405,-7.478902,-4.2317305,142.83595,-17.088171,-12.255546,145.58244,2.104423,4.326515,107.348564,-4.125526,5.5948496,113.597885,15.94337,-23.238058,82.46484,-5.6859837,6.150433,76.21911,19.64066
11.38186,203.35172,7.3179526,14.954622,206.13503,4.83626,8.307033,207.24347,5.621752,19.19663,204.65292,-5.0093246,2.8152788,206.90175,-3.6427333,17.797941,188.65985,-18.951838,-10.744439,194.37216,-2.203411,27.23102,171.98332,-0.22159259,-34.90103,182.90152,-4.95265,17.621756,185.19461,17.061888,-56.004467,171.85225,-11.328024,-3.8932967,141.96118,-16.339193,-10.190908,144.47006,2.9076257,4.1626873,105.81453,-4.594605,8.190191,112.042435,14.802026,-24.386818,81.538376,-1.7924676,8.461944,74.66467,16.488337
11.3539095,202.84476,7.5352726,14.956498,205.73225,5.214618,8.25849,206.67957,5.745258,19.143272,204.05685,-4.843258,2.8135724,206.24648,-3.5064964,18.092236,188.26385,-18.036806,-10.209707,194.23447,-2.6750739,26.155554,172.71474,2.3515432,-34.784157,184.64015,-6.963916,13.63467,187.38678,16.518627,-56.003155,174.88844,-15.147426,-3.224682,140.67455,-15.410938,-8.415001,143.10812,3.8388195,3.4285586,103.61634,-4.8440456,10.8084135,109.99817,13.573781,-25.567865,80.16014,2.5704522,9.559391,73.16683,14.079588
11.580002,202.33235,7.6989965,15.067858,205.24344,5.2406125,8.350146,206.00865,5.823146,19.306469,203.43713,-4.730424,2.9866734,205.58202,-3.3641205,18.305233,187.76921,-17.271275,-9.907544,193.8275,-2.8553157,24.62728,173.31487,4.3596888,-34.68082,185.38124,-7.7854853,10.307162,188.77888,15.761172,-55.518635,177.34839,-18.101124,-2.610693,139.69977,-14.80696,-6.9730306,141.73955,4.171974,2.7570643,102.2353,-4.8767657,12.776145,108.70439,12.421795,-26.10458,79.63648,5.5406404,9.731271,72.49749,12.773444
11.725626,202.09811,7.956659,15.257043,204.81047,5.340303,8.544397,205.69191,5.8534646,19.443512,202.9103,-4.508988,3.106609,204.99918,-3.1528096,18.934015,187.48567,-16.730486,-9.596372,193.28554,-2.805885,22.9547,173.83249,5.8006964,-34.351418,185.80449,-8.451345,7.4836335,189.7851,14.876462,-54.848785,179.63571,-20.30695,-1.7258387,138.98781,-14.543856,-6.2836485,140.88695,4.349201,2.2012167,101.44539,-4.296453,13.9463,108.14967,11.508041,-26.40167,79.379234,7.4281273,9.610681,72.479225,11.683818
12.046606,201.93463,7.9991918,15.524373,204.92181,5.618195,8.771463,205.51338,6.029064,19.922918,202.81665,-4.3800125,3.588762,204.96587,-3.199334,19.68851,187.51352,-16.445013,-9.060477,192.94147,-3.2280896,21.394096,174.22136,6.7273545,-34.328636,185.47643,-7.471868,5.266098,190.4814,14.000924,-54.033394,181.01128,-21.631762,-1.0473777,139.40614,-14.550529,-6.861842,141.27571,4.136877,2.3929436,102.065056,-3.6224306,13.43717,108.62167,10.937885,-26.099588,79.737526,7.970362,9.398373,72.47326,11.109181
12.416624,202.17076,8.149054,15.952596,205.1045,5.784642,9.197644,205.70496,6.0056424,20.509495,203.25955,-4.0270905,4.068209,205.16124,-3.1503763,20.615229,187.70985,-16.146004,-8.615128,192.98447,-3.7702804,19.988659,174.40938,7.1410785,-33.741688,185.30089,-7.522699,3.5901067,190.69331,13.3087845,-53.231144,181.44817,-22.39959,-0.39499673,140.03587,-14.73308,-8.245456,142.12996,3.623624,3.0853438,103.09109,-2.457874,11.394843,108.94372,11.1929035,-25.723385,80.46549,7.608429,9.133051,72.84107,11.392836
12.661497,202.57642,8.521343,16.2681,205.32385,6.030351,9.513729,205.9322,6.017458,21.053232,203.90794,-3.4632027,4.593122,205.67793,-2.9632936,21.775034,188.33693,-15.439548,-8.23722,193.54816,-4.5595064,19.147799,174.31416,7.396682,-33.073723,185.0478,-8.250753,2.4583504,190.67937,13.029044,-52.703342,181.1189,-22.731506,0.18260153,140.81865,-14.875857,-9.681041,143.23154,2.6227162,3.945984,104.62454,-1.1566268,8.39453,109.706795,11.6953945,-24.860294,80.99117,6.2255383,8.561642,73.39388,11.901768
13.14178,202.85332,8.80117,16.716902,205.57542,6.2419376,9.981336,206.30443,6.441834,21.509394,204.41298,-3.2514992,5.0910892,206.13237,-2.6383824,22.789066,188.8846,-14.904511,-8.0072,194.2559,-5.3340054,19.310148,174.3773,7.3327913,-32.41756,184.96686,-9.481263,2.119638,190.3226,12.960717,-52.65939,179.46867,-22.419823,1.0984635,141.65547,-14.484498,-11.334783,144.128,1.2458068,4.3270397,105.98905,0.089871086,5.1367726,110.121056,12.028698,-24.299992,81.74118,4.1688104,7.4972954,73.85534,13.202346
13.670353,203.06255,8.800256,17.282,205.81349,6.334998,10.560394,206.70741,6.6809225,22.14443,204.88667,-3.1568217,5.739685,206.74113,-2.6302848,23.62771,189.13345,-15.059205,-7.602207,195.3072,-5.9819055,19.760729,174.36751,7.1293106,-31.51669,184.51219,-9.686803,1.9269373,189.53008,13.3470125,-52.19935,178.43765,-21.181389,1.4349519,142.44466,-14.481845,-13.042806,145.01665,-0.55987084,4.464587,107.30617,1.3514615,1.2962394,110.547066,12.0871725,-23.116528,82.37266,1.217809,5.56956,74.88916,15.789182
14.292409,203.26047,8.804039,17.928604,206.19194,6.585282,11.190874,206.97002,6.787142,22.719,205.46568,-3.0910811,6.312112,207.20955,-2.489743,24.300034,189.57594,-14.553197,-7.1681423,196.20761,-6.401129,20.615387,174.21959,7.24319,-30.465927,184.2761,-10.929818,2.719551,188.57266,15.267655,-51.500175,176.14594,-20.308434,1.3738282,143.28365,-14.943489,-15.03646,146.09544,-3.0492525,4.8200264,108.77645,2.147745,-2.828941,111.46872,11.618029,-21.348871,82.41108,-1.5115849,2.0766919,76.25183,18.824648
14.7633505,203.40616,8.677818,18.412367,206.35892,6.5090055,11.703497,207.2884,6.9509516,23.039082,205.68721,-3.3266137,6.663412,207.45682,-2.49105,24.837954,189.62476,-14.060894,-6.8488283,196.59084,-6.9425926,22.213987,174.02063,7.747736,-29.729342,183.94096,-12.20049,4.1681004,186.84218,17.767582,-50.46473,173.5557,-19.585733,1.4242636,144.09996,-15.661706,-15.998283,146.86841,-4.7123904,4.4723663,110.1032,2.4203403,-6.407733,112.11502,11.538267,-19.481855,81.92922,-3.229515,-2.7676072,77.084206,20.599285
15.129614,203.53519,8.637858,18.820618,206.36975,6.3955994,12.155306,207.51228,6.9709125,23.299343,205.86536,-3.4164925,6.886883,207.54597,-2.4118335,25.248348,189.79396,-13.797966,-6.7207637,196.5158,-7.5128264,24.026884,174.13995,8.127391,-29.118092,183.26666,-13.358432,5.9462943,184.33336,20.837519,-48.97745,170.45164,-19.099764,1.7947664,144.12657,-16.416643,-16.538597,147.16614,-6.090322,4.078291,110.36818,2.3804426,-9.814939,112.57374,11.763193,-17.44475,81.08448,-4.7907567,-8.771752,77.55044,21.782122
15.32316,203.50182,8.50108,19.00041,206.29602,6.173054,12.339546,207.44955,6.790263,23.353594,205.79434,-3.6085942,6.9626007,207.4067,-2.5765564,25.741432,189.6915,-13.72253,-6.727253,196.21985,-8.232813,25.961454,174.24623,8.399262,-28.779905,182.23251,-14.18817,9.055788,181.35121,24.398647,-47.87522,167.51479,-17.38781,2.0033894,143.60262,-17.423033,-17.113102,147.0617,-7.5611215,3.8263748,110.23423,2.2859287,-12.5006,113.320076,11.996943,-15.270925,79.03618,-6.053417,-15.300744,78.70518,22.208866
15.328282,203.40425,8.2929735,18.990168,206.17372,5.918749,12.327087,207.29948,6.4960604,23.253626,205.37248,-3.9525144,6.9311314,207.24236,-2.7646317,26.31675,189.30145,-13.568691,-6.844634,195.42465,-9.120885,27.383652,174.47789,8.933536,-28.76017,180.90047,-14.504884,12.930634,178.38846,28.25338,-46.77306,164.41637,-15.290176,2.756766,143.09865,-18.0661,-17.000252,146.71121,-8.803332,3.770782,109.51423,1.6546018,-14.671589,113.94326,12.696805,-13.179001,76.95815,-7.538439,-22.760172,79.90637,21.363546
15.19055,203.03586,8.09478,18.760263,205.90765,5.6938777,12.097211,206.9169,6.430226,23.06274,205.11218,-4.1798205,6.731746,206.81183,-2.9181876,26.650639,188.68614,-13.77624,-6.819906,194.60385,-9.727637,28.493631,174.68484,9.308596,-28.360262,179.16844,-14.645005,17.153694,175.21204,31.069715,-45.196663,161.67554,-12.776707,3.4843106,142.22137,-18.50327,-16.518776,146.11137,-9.484615,3.9031887,108.503784,0.8852444,-16.513594,114.83827,13.620142,-12.186395,75.53179,-8.312177,-29.932377,81.67356,19.221079
14.925876,202.92213,7.7676196,18.462889,205.9577,5.517353,11.75303,206.72113,6.05708,22.796652,205.06381,-4.473857,6.449882,206.46045,-3.2981043,27.193598,188.48341,-13.158367,-6.5728188,193.73068,-10.638205,29.656172,174.53711,9.972522,-27.955347,177.88014,-14.880705,21.205763,171.85876,32.771893,-43.401608,159.66817,-9.863683,4.5194607,141.40686,-18.281443,-16.041088,145.63615,-10.069877,4.1141205,106.90513,0.15581916,-18.364374,116.36332,14.734209,-12.201994,74.00936,-9.024046,-36.54021,84.79031,16.711788
14.433177,202.81422,7.4280624,17.86061,206.02037,5.2467318,11.110844,206.43718,5.6328235,22.243269,205.28491,-4.7997837,5.826178,206.35219,-3.5267987,27.646652,188.22359,-12.141184,-6.449888,193.28773,-11.407073,31.364298,174.01366,10.745859,-27.165949,176.41994,-15.03186,25.215546,168.92241,33.97439,-41.161125,157.98782,-6.9527845,5.2343936,140.55798,-17.95399,-15.558124,145.56026,-10.697963,4.2666473,105.35414,-0.61513054,-20.047092,117.95442,15.715445,-12.82735,73.25188,-9.151869,-41.992085,88.87131,13.535128
13.589066,202.99919,7.2870765,16.990833,206.2508,5.145579,10.221664,206.54085,5.409907,21.200768,205.58676,-5.084952,4.794697,206.33682,-3.5746121,27.504095,188.14851,-10.725693,-6.7565665,192.90495,-12.587891,32.902897,173.75008,11.871069,-26.718018,174.90558,-15.430677,31.024563,165.3913,34.82545,-38.721275,156.9047,-3.7049212,6.073961,139.58344,-17.51003,-15.39241,145.1827,-11.740092,4.483904,104.2577,-0.7571741,-21.765186,119.567444,15.767447,-12.965926,72.76754,-8.98329,-46.467068,93.437614,9.792802
12.566656,203.6945,7.200031,15.892498,206.95343,4.9505205,9.119649,207.13132,5.2841387,20.176538,206.28448,-5.116205,3.7523825,206.85593,-3.7439427,27.143848,188.29446,-8.923614,-7.0708284,192.84491,-13.557295,34.21419,173.13739,12.784758,-26.213564,173.69366,-15.743835,35.443687,162.58351,34.94954,-36.479412,156.84543,-1.0585852,6.866454,139.33772,-16.514889,-14.825099,144.90897,-12.749326,4.7070055,104.02147,-0.6488608,-23.248999,121.632256,15.819812,-12.931025,72.61507,-8.674858,-49.113987,98.19535,5.742611
11.462192,204.69487,7.346539,14.799705,207.89584,5.0305285,8.025597,208.05023,5.264999,19.174948,207.15823,-4.935784,2.7692685,207.53818,-3.8036675,26.87686,188.69102,-7.3227096,-7.643786,193.13739,-14.264767,35.248055,172.47858,13.4375725,-25.730394,173.0343,-15.534335,39.377842,159.82443,34.199665,-34.473927,157.24017,1.1802055,7.4024405,139.63411,-15.248523,-14.2594185,145.26003,-13.743015,4.681808,103.989365,-0.32159927,-24.590574,123.90756,15.541709,-13.07499,72.467674,-8.185002,-50.04562,102.352486,1.358183
10.362826,205.98366,7.4779215,13.62441,209.17288,5.0395246,6.848846,209.2397,5.378104,18.010553,208.24835,-4.8763814,1.5609581,208.50505,-3.6417835,26.26233,189.7038,-5.975341,-7.9516544,193.77832,-14.756803,35.747894,172.4904,13.526073,-25.24837,172.97115,-14.824893,42.61723,157.93872,32.304893,-31.77607,157.97093,3.6895926,7.9805303,140.06003,-13.751986,-13.869231,145.57425,-14.183171,4.1391544,104.33746,0.5374547,-25.965048,125.75498,15.541641,-13.01291,72.55477,-7.8249893,-49.331448,105.76834,-3.6598594
9.166692,207.27646,7.9156837,12.421812,210.4898,5.5012984,5.6509876,210.47525,5.7272577,16.906914,209.50626,-4.400431,0.45367855,209.78798,-3.2252169,25.533516,191.05104,-4.6506395,-8.195476,194.64763,-15.058316,36.339508,172.7108,12.975964,-24.651045,173.1424,-14.106991,45.300842,156.90764,29.735786,-29.218933,159.1173,5.8520727,8.20216,141.07343,-12.551953,-13.402994,146.54796,-14.663414,3.3658307,105.098305,1.1978313,-27.300056,128.06236,15.091683,-12.996466,72.99292,-7.2937927,-47.576973,109.83404,-8.0468235
8.029253,208.65323,8.463094,11.220452,211.92393,6.0427265,4.4511704,211.79565,6.295017,15.914764,211.17577,-3.7350583,-0.5509372,211.0645,-2.8292954,24.839655,192.666,-3.4178333,-8.529215,195.72688,-15.16434,36.68098,173.14851,12.06038,-23.919804,173.44695,-13.282474,47.260597,156.1245,26.464642,-26.715322,160.7153,8.124898,8.591858,142.31702,-11.205301,-13.1547,147.9538,-14.962081,2.2319353,106.26898,1.6077355,-28.850098,130.16362,14.347359,-12.773748,73.5513,-6.6671047,-44.72684,112.30737,-12.142363
6.86636,210.27562,9.316622,10.0746,213.44046,6.7763457,3.2920024,213.25322,6.919575,14.820233,212.75554,-2.8048759,-1.6454716,212.46255,-2.0857575,23.98177,194.3964,-2.0015476,-8.717049,196.9819,-15.385046,36.858685,173.91133,10.828919,-23.053303,174.28441,-12.606624,48.529102,156.11678,23.026726,-24.584892,162.70299,9.623626,8.706687,143.85226,-9.862403,-12.6562,149.59247,-15.421442,1.0807441,107.36113,1.8507555,-29.924332,132.35759,13.346065,-12.638146,73.99801,-5.947034,-40.990795,113.96292,-15.573907
5.7345366,211.66095,10.076423,8.966594,214.94933,7.7329135,2.1906064,214.7317,7.7485895,13.831716,214.16214,-1.9646988,-2.673723,213.93759,-1.3787777,23.309036,196.26979,-0.539189,-9.028147,198.09581,-15.141847,36.822857,174.86232,9.4918165,-22.354845,174.89827,-12.0047035,49.116318,156.24437,19.0385,-22.166868,165.28958,11.056507,8.791317,145.46063,-8.857008,-12.410598,151.23662,-16.039856,0.0037004494,108.787125,2.221541,-31.053474,133.70175,11.918953,-12.687097,74.519875,-5.0815077,-36.391926,114.59352,-18.277657
4.6067834,213.0082,10.968175,7.7979445,216.31573,8.591209,1.0241585,216.00172,8.604226,12.937293,215.64345,-0.8574379,-3.6161883,215.22987,-0.67840236,22.856833,197.83673,0.5642795,-9.4692745,199.16412,-14.55016,36.803963,175.60306,8.076637,-21.937532,175.29802,-11.628051,49.18758,155.83621,15.048908,-19.738636,167.77219,11.941999,8.847872,146.85999,-7.745658,-12.120317,152.28406,-16.388231,-0.5824796,110.3188,2.4645889,-32.184006,134.41167,10.096422,-12.538957,75.37245,-4.2539134,-31.875036,114.53612,-20.254591
3.494326,214.29759,11.921401,6.710569,217.60965,9.5888405,-0.061471995,217.2002,9.414224,11.936055,216.6969,0.15508595,-4.5562644,216.35849,0.13743164,22.267754,199.31017,1.4494537,-9.731082,200.28473,-14.057322,36.76686,176.65776,6.496813,-21.264042,176.06458,-11.245898,48.618904,155.81366,11.108611,-18.062977,170.41672,12.648037,8.9035845,148.16716,-6.7645836,-11.34383,153.42271,-16.447393,-1.3020744,111.360435,2.6507754,-32.965126,134.46954,7.95976,-12.421078,75.97985,-3.4208179,-26.990107,114.5998,-21.594418
2.514069,215.06303,12.6569605,5.732571,218.48041,10.490701,-1.0399784,218.0936,10.286914,11.0486355,217.76265,0.9538346,-5.3841977,216.96681,0.7758731,21.7273,200.4743,2.2752838,-10.214355,201.28465,-13.635036,36.55881,177.70581,5.1531053,-20.928478,176.73598,-10.552794,47.70935,156.20218,7.5708117,-16.606636,172.29216,13.506757,8.913244,148.97826,-6.117416,-10.822653,153.96178,-16.571297,-2.0679958,112.340225,3.3417258,-33.357147,133.70169,5.6696205,-12.065573,76.62192,-3.0796983,-21.716967,113.877525,-22.725344
1.6505716,215.89546,13.422017,4.7745085,219.39745,11.247889,-1.9826944,218.84377,11.070164,10.156976,218.61598,1.701559,-6.286738,217.72952,1.5441844,21.081549,201.45612,2.9413984,-10.582393,202.03786,-13.294336,36.23055,178.95396,3.4571,-20.304134,177.15977,-9.495114,46.627857,157.24399,4.349789,-15.231798,174.4144,14.76616,9.130639,149.60162,-5.5116625,-10.44769,154.28857,-16.300194,-2.6606352,113.13887,3.8028898,-33.57117,131.96632,3.0768697,-11.74266,77.259865,-3.2022965,-16.842735,112.50993,-23.576416
0.8184607,216.17783,14.234721,4.022861,219.65218,12.145051,-2.7308698,219.09102,11.727771,9.470607,219.26875,2.7268167,-6.978877,218.3108,2.2668548,20.46957,202.3458,3.4376447,-10.738618,202.46677,-12.804738,35.57532,179.9787,1.781012,-19.723984,177.34938,-8.32086,44.964622,158.02495,0.40082407,-13.82529,176.75304,15.900534,9.071721,150.1354,-4.748787,-10.089833,154.4944,-15.768216,-3.2912045,113.66066,4.431556,-33.374393,130.05365,0.20903322,-11.262984,77.614586,-3.8166902,-12.3771105,111.532394,-23.802528
0.088324405,216.36533,15.043822,3.2404976,219.91388,12.982534,-3.4867055,219.19696,12.474822,8.888453,219.4813,3.7018938,-7.5848494,218.34709,3.0055714,19.89863,202.8971,4.1097155,-11.125787,202.87811,-12.126156,34.97088,180.74582,0.15768278,-19.164442,177.51813,-6.994291,42.901825,158.37927,-4.1838865,-12.211168,178.86244,16.86351,8.97772,150.56944,-4.010455,-9.73228,154.3282,-15.500679,-4.029807,113.955154,5.173344,-32.557156,127.64459,-2.8676288,-11.167882,77.97087,-4.2700334,-7.9062514,109.73775,-23.559769
-0.7125029,216.17964,15.652703,2.426573,219.82916,13.75842,-4.267909,219.02222,13.069922,8.158542,219.52269,4.440019,-8.268057,218.16681,3.5349357,19.496672,203.05045,4.5342965,-11.420202,203.07053,-11.486013,34.198353,181.30891,-1.3970923,-18.867268,177.85394,-5.732966,40.94065,158.99771,-7.8486986,-10.761616,180.32161,17.677729,9.013161,150.64859,-3.463872,-9.359455,153.90205,-14.979705,-4.8714633,114.285126,5.7492013,-31.037981,125.13537,-5.3223624,-10.901198,78.49804,-5.0286584,-3.7662978,107.205986,-23.15786
-1.3142846,215.94206,16.26023,1.7105999,219.68929,14.373047,-4.987573,218.76166,13.8228655,7.5834327,219.31293,5.037981,-8.833733,217.88734,4.1090603,18.958616,202.9816,4.4866667,-11.731815,202.55354,-10.990916,33.51586,181.28104,-2.593731,-18.864548,177.40657,-4.011018,38.9244,159.3014,-11.278311,-9.692175,181.9412,18.703777,8.778758,150.21365,-2.962409,-9.122538,152.97298,-14.446298,-5.601965,114.01592,5.7850018,-28.885183,122.351524,-7.707747,-11.064217,78.3117,-6.130065,0.6263658,104.418945,-22.458132
-1.7592325,215.5795,16.845686,1.2130687,219.32295,14.87638,-5.4920645,218.37665,14.470381,7.110938,218.81743,5.564293,-9.2473345,216.9486,4.651307,18.47905,202.71907,4.7809916,-11.97982,202.22166,-10.411303,32.57311,181.29633,-3.72732,-18.71799,177.28516,-2.4360166,37.17025,159.77853,-14.133556,-9.009381,183.41664,19.610737,8.381618,149.96484,-2.4642236,-8.660169,152.0847,-14.442549,-6.736127,113.93322,5.869749,-26.628971,119.478615,-10.100296,-10.976819,78.158165,-6.812483,4.279876,102.052086,-22.141777
-2.317121,214.74379,17.33241,0.53224534,218.5846,15.370452,-6.142818,217.4248,14.97201,6.6637096,217.7931,6.0600514,-9.741279,216.26965,5.102087,17.880964,202.33414,4.918672,-12.10154,201.5889,-10.177588,31.726505,181.30673,-4.632234,-18.829027,177.03047,-0.73742557,35.92408,160.4899,-16.590544,-8.295974,184.84094,20.277086,7.527555,149.41246,-1.4522692,-8.051823,151.14603,-14.65354,-7.9754696,113.19171,5.518533,-24.022285,116.79832,-12.057658,-11.00007,77.09592,-7.2964697,8.222345,99.541466,-21.953573
-2.9451144,214.01817,17.810343,-0.07965734,217.79962,15.752573,-6.7252183,216.55872,15.225483,6.1447515,216.89311,6.632971,-10.185245,214.96053,5.4162726,17.249065,201.5706,5.1414585,-12.315408,200.62325,-9.960283,31.070782,181.32994,-5.764468,-19.03025,176.65294,1.0872813,35.276974,160.83284,-18.273722,-7.9503465,186.01414,21.005875,6.90489,148.32597,-0.6293115,-7.713657,149.76457,-14.944213,-8.956206,111.98569,5.0456266,-21.35303,114.16847,-14.072491,-10.901066,75.81248,-7.5039167,11.508735,96.8451,-21.969479
-3.4803765,212.84955,18.017942,-0.4374115,216.53511,16.043463,-7.10074,215.52559,15.33264,5.646066,215.8418,6.865793,-10.65936,213.82289,5.6285605,16.604801,200.61092,5.302653,-12.723603,199.80133,-9.412439,30.275696,180.70886,-6.0261016,-19.556871,176.54799,2.4835823,35.533684,161.28696,-19.434982,-8.195778,186.89877,21.716978,6.745286,147.23753,-0.049944412,-7.302234,148.62909,-15.112767,-9.621698,110.82542,4.51304,-18.708368,112.0567,-15.985554,-11.090763,74.52111,-7.76687,14.0716715,94.152794,-22.115992
-3.957677,211.85596,18.161089,-0.89819086,215.55519,16.23942,-7.5806584,214.61328,15.578502,5.201334,214.87212,7.056309,-11.144442,213.10342,5.7549467,16.092503,199.56883,5.2770643,-13.164272,198.78789,-9.026878,29.69171,179.89807,-6.267075,-20.391573,176.43524,4.0204725,35.90815,161.10754,-20.185738,-8.124315,187.5443,22.345036,6.7190704,146.06477,0.18977775,-6.803101,147.1212,-15.264964,-10.687271,109.58851,3.4510036,-15.85455,109.86993,-17.4246,-11.887757,73.531624,-7.8186316,16.881042,91.25956,-22.085733
-4.3393364,211.0011,18.190248,-1.2464043,214.68492,16.292938,-7.9326525,213.79527,15.595549,4.638114,214.11366,6.9714165,-11.691345,212.10165,5.8730035,15.392656,198.47807,5.214006,-14.065405,197.87189,-8.893019,29.288506,178.88585,-6.3944936,-21.424473,176.34178,5.3396397,36.59308,160.5905,-20.439974,-8.377599,187.49236,23.25714,6.4220977,145.1643,0.22225286,-6.443495,146.22902,-15.5739765,-11.378375,109.07073,2.6724286,-12.249724,108.52877,-18.326267,-12.646658,73.16221,-7.555764,19.461012,88.39948,-22.445126
-4.93028,210.43427,18.050364,-1.8836993,214.10803,16.053225,-8.555479,213.11273,15.380333,4.1696687,213.37326,6.885273,-12.183499,211.61386,5.665079,14.782837,197.49638,4.915564,-15.175262,197.14995,-8.7356415,29.200085,177.96613,-6.368743,-22.407955,176.30794,6.4298496,37.573597,159.72949,-20.139751,-9.018913,187.1931,24.355484,6.594392,144.55196,-0.19798529,-6.035933,145.43214,-16.309496,-11.57818,108.97502,2.4750366,-8.711854,107.5057,-18.575706,-13.480756,73.01249,-7.1377044,21.64123,85.34623,-22.74518
-5.7260375,209.88042,17.810085,-2.6569476,213.5134,15.775009,-9.311235,212.46037,14.997366,3.4389114,212.86029,6.684061,-12.908155,211.08255,5.41763,14.339845,197.0157,4.069521,-16.135935,196.79831,-8.6929,29.122128,177.01622,-6.075101,-23.438848,176.54958,7.3290386,38.85424,159.03468,-19.313543,-9.919746,186.54411,25.704378,7.121974,144.46394,-0.9145887,-5.650257,144.98499,-16.97259,-11.110717,109.30045,2.841418,-5.131744,106.991646,-18.434887,-14.112743,73.35959,-6.512266,23.225271,82.79586,-23.712635
-6.45641,209.06706,17.24687,-3.201673,212.69853,15.512914,-9.870274,211.96306,14.524602,2.7128346,212.21681,6.22604,-13.696586,210.65192,4.8768024,13.762266,196.6008,3.152114,-17.212126,196.12878,-8.938096,28.746939,176.46022,-6.618401,-24.65916,176.76903,8.436064,40.22259,158.21384,-17.68393,-10.847307,185.44525,27.283052,7.60941,144.36629,-1.9024304,-5.098642,144.7594,-17.877548,-10.190431,109.4861,3.8119094,-1.765008,106.650406,-17.961475,-14.841537,73.97671,-5.9153457,24.785116,80.43515,-24.173141
-7.04748,208.63605,16.759874,-3.9009948,212.29924,14.907661,-10.57046,211.4087,14.0550785,1.9346182,211.5495,5.4803367,-14.434589,209.9154,4.4829006,13.167465,196.1423,2.1770627,-18.235062,195.62704,-8.956924,28.886229,176.04848,-6.805712,-25.910936,176.93793,9.060766,41.48265,157.1518,-15.89631,-12.486088,184.16844,28.843119,8.623882,144.49748,-2.5479202,-4.263438,144.52087,-18.83622,-9.119274,109.89195,5.0180807,1.0438553,106.476265,-17.662708,-15.264198,74.91262,-5.105587,26.093822,78.54467,-24.9735
-7.7866845,207.9914,16.116835,-4.6843505,211.63477,14.16893,-11.382248,210.78365,13.526871,1.1675739,210.62209,4.7640176,-15.21159,209.09338,3.8118532,12.556137,195.97949,1.1578271,-19.128784,195.11682,-9.114668,29.388294,176.2901,-6.6166444,-26.958908,177.2462,9.660551,42.590317,157.0582,-13.749194,-14.230212,182.67012,30.506422,9.485142,144.26459,-3.6507962,-3.4636147,144.18578,-19.721014,-7.8627853,110.417,6.5212274,3.4959726,106.21558,-17.75716,-15.262008,75.81033,-4.04366,27.287748,77.4791,-25.581398
-8.418188,206.93242,15.371318,-5.3252854,210.55237,13.353601,-12.027162,209.73962,12.813014,0.24300946,209.885,3.8408659,-16.123182,208.34473,3.305472,12.199751,195.62737,0.013710187,-20.10907,194.33855,-9.508427,30.121897,176.27681,-6.368655,-28.501484,177.26678,9.987149,43.830696,156.72112,-10.957113,-16.190092,180.39032,31.585379,10.793598,144.08046,-4.774394,-2.9280016,143.61102,-20.493332,-6.246447,111.26636,8.317983,5.3933315,105.93675,-18.255634,-14.855151,77.226,-2.686874,28.141785,76.51613,-25.54406
-8.963061,206.08414,14.533047,-5.901228,209.7603,12.573623,-12.596014,208.88661,12.009552,-0.48077372,209.31819,2.9430647,-16.830713,207.59505,2.5943966,11.755879,195.47433,-1.442731,-20.99289,193.43417,-9.644387,30.99901,176.8327,-5.908054,-30.277851,177.13383,10.224902,44.814613,157.00618,-7.484043,-18.73696,177.79926,32.444244,12.329088,144.29608,-6.253515,-2.6420956,143.38824,-21.341225,-4.3156357,112.83309,10.345601,7.0036426,105.81235,-18.917023,-13.8494425,79.321335,-1.4424587,28.68443,75.35951,-25.234993
-9.368859,205.43758,13.5570545,-6.2454658,209.15082,11.770827,-12.949433,208.37944,11.120916,-0.9574191,208.65993,1.9507546,-17.348763,206.99869,1.6769238,11.299341,195.34242,-2.9023738,-21.91636,192.44206,-9.500213,31.748884,177.76036,-5.8274684,-31.803415,176.91154,10.584755,45.490467,158.079,-3.724466,-21.759016,174.81291,33.345825,13.225959,144.21162,-7.193934,-2.2685258,142.74121,-22.201359,-2.0860372,114.32603,12.395647,8.327141,105.57877,-19.681808,-12.232191,81.608246,-0.26639146,28.843695,74.28983,-25.10469
-9.596641,205.13794,12.758929,-6.50094,208.72722,10.698374,-13.213196,207.94139,10.217867,-1.2986255,208.40244,1.0455337,-17.68315,206.54012,0.9063232,11.093326,195.32642,-4.3301253,-22.603312,191.75406,-8.79878,32.569794,178.75351,-5.911275,-33.194454,176.59207,10.824998,45.342556,159.37523,0.3997002,-24.932629,171.69543,33.81763,13.86698,144.63515,-8.256436,-2.1102223,142.53831,-22.698402,0.27288723,116.16695,14.304279,9.19768,105.41926,-19.97089,-9.9561405,84.26072,0.056942355,28.74608,73.54244,-25.064665
-9.404991,205.06279,12.033672,-6.44831,208.6755,9.810799,-13.168394,207.79698,9.635522,-1.3378438,208.42873,0.22602196,-17.741585,206.50066,0.38156858,10.774294,195.76126,-5.249186,-23.398495,191.05284,-8.470918,32.90745,179.77321,-5.794552,-34.810165,175.6637,10.767665,44.493298,161.41464,4.488275,-27.814064,168.55103,33.72355,14.559312,145.33725,-9.370294,-2.2801661,142.4941,-23.035738,3.1512756,118.16559,15.7685175,9.600021,106.06177,-19.7626,-7.467976,87.12223,-0.32432464,28.386337,73.5199,-24.827978
-8.987665,205.37616,11.460661,-6.214691,209.06975,9.157858,-12.925203,208.07314,9.313446,-1.2199461,208.85399,-0.50635356,-17.613811,206.88109,0.040302955,10.427549,196.46672,-6.464798,-23.696453,190.94363,-7.9293003,32.864426,181.04556,-5.443993,-35.881485,175.08595,10.290552,42.89368,164.39284,8.684939,-31.007006,165.96626,32.965393,15.180474,146.04521,-10.330705,-2.1882074,142.71895,-22.996437,5.6175704,120.097,16.93895,9.813702,106.15012,-19.384718,-4.995847,90.39075,-1.0910568,27.932917,73.32523,-24.70474
-8.573929,206.09085,11.053345,-5.7917,209.7117,8.653088,-12.514731,208.87729,9.02893,-1.0692551,209.51714,-1.1095846,-17.452726,207.64311,-0.15374409,10.145643,197.21284,-7.4388723,-23.935404,191.02371,-7.842562,32.931335,182.80113,-4.027273,-37.005062,174.38742,9.03269,41.11549,168.41931,13.340419,-33.63549,163.88844,31.320507,15.76825,146.92128,-11.51801,-2.3698652,143.0488,-22.68868,8.311513,122.397316,17.598602,9.7364235,106.55902,-18.651842,-2.7098722,93.82501,-1.9211535,27.049377,73.2831,-24.675856
-8.099145,207.15154,10.831228,-5.355192,210.7668,8.379785,-12.074443,209.91563,8.847677,-0.77618873,210.676,-1.4327451,-17.159626,208.89136,-0.22267877,10.25426,198.39442,-7.944515,-23.9185,191.55376,-8.006458,32.44237,184.28162,-1.7812138,-37.87354,173.90631,7.2168355,38.125153,171.76343,18.179934,-36.369396,161.84996,28.915398,16.890762,148.14854,-12.88768,-2.5276687,143.62112,-22.42303,11.052166,124.97408,17.953558,9.851818,107.16022,-18.165718,-0.8696578,97.3635,-2.5563512,26.406826,73.62629,-24.904024
-7.6771135,208.19838,10.930885,-4.8876233,211.74547,8.410681,-11.609365,211.00514,8.9199095,-0.2912783,211.67444,-1.3395613,-16.726624,209.96893,-0.13207366,10.011061,199.73409,-8.3840065,-23.774002,192.20796,-8.034422,31.573503,185.71059,-0.43988574,-38.33457,173.54362,5.730511,34.48134,175.311,20.950396,-38.693985,159.6275,26.344204,17.813444,148.33652,-13.91454,-2.4741657,143.74744,-21.643318,14.24995,127.140915,18.382893,9.820686,107.11576,-17.588036,1.0686373,101.14201,-2.9145691,25.450111,73.83091,-25.279064
-7.039115,209.07034,11.104975,-4.4146037,212.70897,8.562931,-11.108809,211.7778,9.245974,0.1164477,212.73993,-1.2120068,-16.257996,210.86034,0.2074082,9.688436,201.22499,-8.671537,-23.67149,192.8023,-7.1483836,30.930954,187.52402,-0.3145786,-38.811714,172.97385,3.822482,31.142872,180.46054,22.484999,-40.794956,157.58469,23.357046,18.16168,148.67937,-14.492512,-2.5244455,144.06079,-20.423021,18.324411,129.53867,18.567379,9.357873,107.43629,-16.86778,2.7180314,104.559906,-2.6379206,24.182423,73.98168,-25.585453
-6.5319185,210.13089,11.501153,-3.9947026,213.80408,8.913691,-10.665934,212.7154,9.604495,0.47244668,213.63567,-0.92373693,-15.908624,211.94075,0.74329144,9.644489,202.1941,-8.7128315,-23.459734,193.549,-6.056175,30.43536,188.3173,0.5765573,-39.44936,172.55336,0.8843631,27.840517,184.73755,24.090588,-42.601032,155.84305,19.095818,18.574732,149.62514,-15.101288,-2.5575197,144.71455,-18.423609,22.821796,131.44354,18.265358,9.095995,108.183174,-16.04842,4.0609193,107.57586,-2.1104925,22.222569,74.29922,-26.29876
-6.080346,210.82364,11.971428,-3.4935784,214.53387,9.47002,-10.16839,213.47485,10.060536,0.894111,214.37048,-0.5133208,-15.453684,212.56955,1.2008846,9.814164,202.94687,-8.425612,-23.3026,193.73172,-5.7604294,30.125816,189.16408,2.2940369,-39.274517,171.97844,-1.6605512,23.542809,189.48094,25.261269,-44.209232,154.4006,15.039824,19.398563,150.24937,-15.850837,-2.4075305,145.10931,-16.450815,26.243866,132.70915,17.54849,9.166095,109.03145,-14.976415,5.328143,109.87333,-1.9585146,19.876308,74.74924,-27.249994
-5.3106728,211.43427,12.424763,-2.6811764,215.06985,9.86877,-9.362729,214.32277,10.807914,1.5167491,214.82207,-0.114536114,-14.869797,213.13715,1.7937039,10.016499,203.43967,-8.070896,-23.344673,194.04845,-5.1590633,29.216679,189.6273,4.3860064,-38.767464,171.52397,-4.1200423,18.908903,194.35558,25.307648,-45.568497,152.86674,10.581599,19.672314,150.85928,-16.176428,-2.2680779,145.60582,-14.60559,29.958689,133.36443,16.394175,9.449874,109.54773,-13.418937,5.985785,111.39097,-2.0973513,17.447594,75.14438,-27.801737
-4.7993007,211.6651,12.90081,-2.1465986,215.30649,10.372556,-8.833535,214.60347,11.330689,2.0234911,215.11522,0.29479885,-14.345438,213.5717,2.2498393,10.206931,203.56465,-7.890326,-23.140812,194.05124,-5.2199345,27.808207,190.16455,7.039823,-38.32309,171.32623,-6.6861525,14.983896,198.76768,25.398975,-46.29684,151.59627,5.9784656,19.376598,150.95798,-16.637821,-2.2382488,145.576,-13.239989,33.401157,133.90024,14.759688,10.132332,110.1984,-11.483439,6.8447623,113.05689,-1.4041378,15.34649,75.12443,-27.763845
-4.33205,211.72243,13.260746,-1.6153787,215.4059,10.86753,-8.318894,214.74011,11.708974,2.549749,215.118,0.7223765,-13.871854,213.69545,2.671281,10.113137,203.46025,-7.6564856,-22.694027,193.78471,-5.3916206,26.102148,190.58295,9.3561125,-37.75562,170.94708,-8.663315,12.114129,202.72482,24.506094,-46.985825,150.41873,1.7105399,19.378866,150.8463,-15.834223,-2.125921,145.22299,-11.964661,36.363308,133.95184,13.321238,10.175329,109.8449,-10.812638,7.464162,114.44569,-0.3971747,13.438745,75.01948,-27.404772
-3.9875684,211.71729,13.651912,-1.2409194,215.29353,11.145409,-7.93487,214.84077,12.211953,2.7726827,214.92686,1.0243565,-13.634493,213.64137,3.1291618,9.908468,202.93341,-7.670152,-22.328989,193.6083,-5.7612147,23.603891,190.94994,11.771521,-36.835052,170.64734,-10.654446,9.079829,206.24768,23.473703,-47.391983,149.5106,-2.8757708,19.303009,150.3289,-15.269441,-1.6765219,144.58974,-10.798755,39.73543,133.93228,11.21767,10.630679,109.081,-10.006961,8.230954,115.94021,2.2238064,11.765454,74.880295,-26.812754
-4.0713377,211.27864,14.092247,-1.0204738,214.74535,11.791348,-7.7724423,214.64703,12.536445,2.7213042,214.2877,1.3724271,-13.686533,213.18857,3.58008,9.857023,202.04593,-7.411526,-22.06707,193.48105,-5.9077015,21.542742,191.30067,14.077854,-35.955273,170.40923,-12.328201,7.2312913,208.3391,22.255726,-47.523933,148.94223,-7.115695,18.983337,149.85945,-14.471792,-1.5132357,144.34268,-8.977903,41.886562,133.17247,9.254438,11.047543,108.56446,-9.077881,9.394323,115.31305,2.0434866,10.946171,74.19673,-25.713352
-4.3440466,210.7291,14.787339,-1.1428936,214.10626,12.536214,-7.9137993,214.06444,12.910388,2.6657934,213.58841,2.0891676,-13.669181,212.95193,4.048199,9.834202,200.96477,-7.0027547,-21.817614,193.17412,-6.0545506,19.43452,191.50232,16.042356,-34.68101,170.27043,-14.304036,6.252907,210.2318,20.821552,-47.359333,148.98271,-11.532402,18.751102,148.95584,-13.56652,-1.4707847,143.49635,-7.603228,43.356888,131.72627,7.835005,11.683174,107.914314,-8.119348,9.894772,113.750786,2.0206237,10.525308,73.538376,-24.908009
-4.1737914,210.16606,14.947371,-1.0625157,213.60121,12.671148,-7.824019,213.47612,13.1798935,2.738033,212.74939,2.206495,-13.659713,212.14131,4.333487,9.78563,199.89651,-6.442716,-21.761288,192.60774,-5.6988564,18.130695,191.56557,17.675741,-33.765892,170.20317,-15.8134775,5.303696,211.20674,19.968222,-47.347195,149.25388,-15.261473,18.264242,148.27983,-12.715142,-1.6523074,142.99358,-6.304037,44.277935,130.06926,6.290464,11.930272,107.461655,-7.232502,10.453666,113.56664,2.1882339,10.362551,73.23226,-23.99285
-3.9330192,209.29358,14.986107,-0.87783605,212.70107,12.591848,-7.6303325,212.55696,13.227613,2.8018172,211.6579,2.1245923,-13.553451,211.3744,4.50309,9.6944065,198.6105,-5.981836,-21.681805,191.84196,-5.0697794,16.89181,192.43304,19.040506,-32.836147,170.05403,-16.953833,4.368127,212.00027,19.219254,-46.971916,149.63258,-18.364853,17.888071,147.10251,-12.647985,-1.7440892,141.89034,-5.288549,44.96642,129.0769,4.8702497,12.33521,106.67639,-6.2448034,10.13014,112.80784,3.5684097,10.152593,72.978065,-23.58003
-3.9270167,209.01567,15.046863,-0.9321199,212.35931,12.49198,-7.6663322,212.22322,13.278442,2.5787687,210.8773,1.9747808,-13.770112,210.60522,4.681397,9.4049425,197.6913,-5.571484,-21.516663,191.29256,-4.5397644,16.989103,193.29788,19.825476,-32.366573,169.85094,-17.550423,3.9836018,212.66394,19.244778,-46.67423,149.70607,-21.105211,17.416351,146.33348,-12.577348,-2.1510792,141.30788,-4.7432065,45.275208,128.18576,3.6296291,12.700129,106.255516,-5.6112833,10.266916,113.09644,4.792182,10.389106,72.85368,-23.266808
-3.927729,208.60895,15.148179,-0.9046331,211.83214,12.48259,-7.6512933,211.73045,13.198518,2.3145456,210.19537,1.9225057,-13.981024,209.82477,4.9330845,9.3492775,197.00095,-5.264133,-21.716496,190.54955,-4.095683,17.85986,194.42323,20.15107,-32.47932,169.34625,-17.71437,3.9292495,213.07419,19.682222,-46.63107,149.40193,-22.892653,17.181526,145.76802,-12.807553,-2.524636,140.94736,-4.875724,45.379498,127.3644,2.9293284,13.053085,106.08651,-4.773925,10.302066,112.861916,4.7592974,10.447096,72.8858,-22.782753
-4.1229796,208.28595,15.061817,-1.1165061,211.49512,12.357773,-7.8556676,211.41824,13.148954,2.0013406,209.67778,1.7496988,-14.224021,209.17177,4.8548794,9.464699,196.64484,-5.257311,-21.864971,189.98524,-3.8993473,19.837292,195.84853,19.632755,-32.861115,169.25024,-17.54542,4.1347866,213.37628,20.280054,-46.83039,149.33752,-23.746763,16.868814,145.08165,-13.075751,-2.7246299,140.40848,-5.1721406,45.22187,126.71376,2.4990878,12.89283,105.80023,-4.1286445,10.836233,111.60897,5.983518,10.342411,72.997025,-22.743162
-4.35618,207.80714,15.012923,-1.4893517,211.09242,12.256381,-8.218673,210.77098,13.088849,1.7249238,209.5285,1.72284,-14.497818,208.87906,4.8779483,9.732398,196.62532,-5.2819443,-22.27116,189.50085,-4.1655197,22.170416,197.43634,18.633102,-32.858692,168.6814,-18.396824,4.5075808,213.09148,21.34566,-47.070152,148.92062,-23.746536,16.670315,144.71037,-13.292219,-3.14258,140.2158,-5.392631,44.958145,126.40334,2.4981794,12.637729,105.9012,-3.8879516,11.218906,110.68782,7.3197465,10.284192,73.06125,-22.592001
-4.5465193,207.0588,15.031738,-1.6382422,210.46878,12.468014,-8.3739,210.1386,13.226251,1.724517,209.6161,1.9767318,-14.572845,208.42719,4.792864,9.842343,197.00317,-5.347544,-22.661345,189.23912,-4.4068274,24.467657,199.58568,17.217585,-33.328224,168.48402,-18.806028,4.859517,212.21515,21.653425,-47.420948,148.4292,-22.616955,16.578896,144.52818,-13.635281,-3.3385534,140.10904,-5.882074,44.401794,126.143845,2.8398032,12.116848,105.84202,-3.9808838,11.564746,109.182724,7.8902736,10.324262,72.939384,-22.421091
-4.745249,207.10716,14.974009,-1.6153299,210.52992,12.688407,-8.376761,210.20534,12.810218,1.3738604,210.08977,2.040483,-14.877455,208.4287,4.792176,10.010398,197.92038,-5.588027,-22.854267,189.28535,-4.807993,26.733036,201.96696,15.299743,-33.951965,168.51582,-18.66737,5.861257,211.00967,22.950357,-47.64624,148.01888,-20.485762,16.585169,144.53333,-13.827145,-3.5708504,140.3955,-6.14873,43.58225,125.7603,3.2133894,11.339575,105.96101,-4.3103857,11.788766,107.41716,7.9516034,10.363805,73.12462,-22.884974
-4.7612643,207.23662,14.55614,-2.028437,210.7517,11.932225,-8.724075,210.15823,12.777479,1.0045156,210.74954,1.5559598,-15.121095,208.57423,4.636853,9.982393,198.66176,-5.9873614,-22.873655,189.72957,-5.2576337,28.85568,203.3696,12.654897,-34.69058,168.8756,-18.434181,8.936746,209.73492,24.47551,-47.3307,147.6951,-16.766155,16.484098,145.00832,-13.877631,-3.8787491,140.91731,-6.3830967,41.864143,124.97267,4.3084364,10.77402,106.20862,-4.9786177,11.32375,105.06856,7.9974284,10.1832075,73.209435,-23.210253
-5.0337152,207.47305,14.332251,-2.579851,210.90732,11.352734,-9.155051,210.3731,12.933256,0.76311606,211.32823,1.471935,-15.407232,209.22472,4.471459,9.799764,199.82417,-6.6222196,-23.252445,190.61446,-5.675346,30.476465,205.00858,9.784006,-35.617313,169.53249,-17.871359,13.717849,207.72708,26.567665,-46.73814,148.49258,-11.707554,16.148314,145.62581,-14.109249,-4.322345,141.4138,-7.2218423,40.37385,124.857956,4.8128796,9.836169,106.297035,-6.033948,10.812247,103.880516,7.443829,10.178314,73.11906,-23.928495
-5.4467,208.1456,14.296933,-2.938124,211.66689,11.456844,-9.507594,211.21617,13.09299,0.44441268,212.29575,1.6300004,-15.751458,209.79103,4.4470677,9.602986,201.20654,-6.7601895,-23.621527,191.36308,-5.6299543,31.741875,206.7209,7.369161,-36.73878,170.14128,-16.826412,17.923298,205.05,26.611217,-45.2271,148.97105,-7.4228673,16.058092,146.80263,-14.122025,-4.6291747,142.49797,-7.908523,38.677303,124.81337,5.195575,8.995385,107.08767,-7.3405695,10.243894,102.37079,6.5038667,10.173213,73.254326,-24.593115
-5.761674,208.49364,14.552331,-3.1819825,212.15123,11.967997,-9.820877,211.51535,13.22779,0.3193775,213.21773,2.1905694,-15.943633,210.74721,4.7051067,9.517688,202.3671,-6.7480154,-23.83796,192.05264,-5.7580776,32.76845,208.12907,5.592134,-37.841465,170.47745,-15.234632,21.463615,202.10135,25.383926,-43.014256,148.95874,-4.291729,16.059095,148.05605,-14.305295,-5.0766873,143.51431,-9.292497,36.49691,124.821045,5.9640903,8.034195,107.7227,-8.430854,9.753406,100.31846,5.4577274,10.065798,73.67199,-24.980574
-5.952187,209.07497,14.705987,-3.4257631,212.96062,12.413869,-10.06816,212.06512,13.479572,0.075708054,214.0076,2.3527238,-16.147598,211.46315,4.870207,9.657281,203.42767,-6.35633,-23.98419,192.87047,-5.537512,33.882847,209.05664,4.0842457,-38.745224,171.34006,-13.441917,24.033035,198.78052,22.950144,-40.13265,150.40437,-0.6851202,16.199793,148.97731,-14.66126,-5.6955376,144.49654,-10.88372,34.096565,124.56484,6.941986,7.083886,108.175705,-9.507323,9.020207,98.405876,4.668477,10.101992,74.04885,-25.394028
-6.129071,209.79817,14.959727,-3.6871898,213.7229,12.646823,-10.292066,212.78317,13.907365,-0.014912019,214.55597,2.5697963,-16.305134,212.2599,5.1176033,9.420442,204.2779,-5.744906,-24.0047,193.29411,-4.837583,34.630867,209.0689,1.8917497,-39.21998,171.7995,-11.194401,26.061346,195.69379,19.442566,-36.96923,152.18933,3.2881649,16.087376,149.68689,-15.083532,-6.160832,144.99876,-11.922291,31.396313,124.0196,7.694227,6.311377,108.86829,-10.564311,8.282651,96.147415,3.902417,10.592742,74.451904,-26.073416
-6.42187,210.2892,15.318161,-3.8338413,214.19206,13.139078,-10.4904995,213.38553,14.234564,-0.2314993,215.18956,3.0173044,-16.515871,212.77992,5.405176,9.355523,205.07938,-4.913023,-24.045557,194.15266,-4.497812,35.46209,208.45453,-0.088518046,-39.387676,172.2996,-9.011097,27.758232,192.43814,15.352211,-34.029003,154.17471,6.7711735,16.094482,150.37064,-15.065157,-6.425221,145.99675,-12.844981,28.702353,123.12888,8.099601,5.449661,109.77956,-11.584918,7.628594,93.69602,3.1533723,10.930102,75.46242,-26.485136
-6.647536,210.98169,15.821205,-4.3172235,214.90305,13.383261,-10.882181,213.8521,14.733475,-0.34713906,215.59276,3.4526126,-16.663427,213.26779,5.783576,9.747404,205.79906,-4.526001,-23.990534,194.4848,-3.7428756,36.134747,207.55568,-2.4446077,-39.464428,172.74464,-6.5671372,29.304932,189.5211,11.091927,-31.401443,155.95433,9.670451,16.296896,150.96863,-15.141161,-6.596996,146.84048,-13.603171,25.656374,122.293686,8.427258,4.5653334,110.31643,-12.54094,7.041438,91.2944,2.9620862,11.563783,76.27092,-26.759956
-6.87062,211.35965,16.358711,-4.374988,215.07698,13.769184,-10.977242,214.35774,15.128528,-0.2822412,215.42688,3.9723654,-16.663494,213.38884,6.074747,9.987101,206.29936,-3.9561543,-24.154917,194.67203,-3.3076677,36.327644,205.64761,-4.9479594,-39.012722,172.53183,-3.966476,30.232954,186.34926,7.358682,-27.997105,157.7524,12.631371,16.218296,151.2346,-15.107625,-6.781679,147.29538,-14.705179,22.451597,121.01493,8.249394,3.5462656,110.579926,-13.314235,6.125963,88.72927,2.774337,12.225188,76.690094,-27.012024
-7.0173216,211.50378,16.73392,-4.289966,215.17365,14.32657,-10.988312,214.52016,15.165804,-0.20451236,215.49101,4.4205327,-16.583246,213.3952,6.141946,10.091414,206.21906,-4.3576546,-23.969208,194.64114,-2.4112968,35.974022,202.55754,-7.5645456,-38.41201,172.07597,-0.7076523,30.390802,182.88773,4.531533,-24.70406,159.52988,15.5007925,15.855192,151.32588,-15.080021,-7.1323023,147.43472,-15.487584,19.344526,120.05895,7.7569137,3.0992446,110.83358,-14.367193,5.2694287,86.350365,3.01102,13.276308,76.95436,-27.613081
-7.169157,211.12302,17.26504,-4.245282,214.67958,14.926496,-10.996674,214.18286,15.4391365,-0.15116815,214.9033,4.941222,-16.533642,212.64305,6.489172,10.277282,205.8277,-4.8242135,-23.85938,194.58548,-1.6254799,35.092125,199.51802,-10.633411,-37.31078,171.67223,1.8405873,30.342543,179.9216,1.8385675,-21.81145,160.8473,17.848341,15.296545,151.13959,-14.858946,-7.404097,147.4283,-16.295317,16.290281,118.68643,7.5314665,2.842246,110.613,-15.109506,4.4050493,84.05157,3.2344048,14.93556,76.90272,-28.007559
-7.0730314,210.59619,17.779947,-4.3552847,214.21187,15.289077,-11.062525,213.41116,15.908584,-0.13518983,214.26076,5.3546944,-16.458973,211.79733,6.9145756,10.722993,205.00131,-5.084988,-23.686554,193.95506,-0.8874448,33.99776,195.75484,-13.442056,-35.953773,170.61806,4.337451,30.183867,175.96307,-0.78330463,-19.226885,161.56038,20.202034,14.648431,150.90802,-14.629783,-7.77178,147.37752,-16.935455,13.573723,117.32903,6.868474,2.8003912,110.22238,-15.578151,3.5418231,82.11864,3.411373,16.25501,76.99653,-28.725027
-7.041654,209.63446,18.059568,-4.3137264,213.30705,15.661369,-11.023936,212.52351,16.26944,-0.077878706,213.38167,5.700456,-16.40172,211.0162,7.2045264,11.118611,203.68,-5.135553,-23.636936,193.26309,-0.52987343,32.29608,191.88147,-15.995755,-33.8195,169.56519,6.260919,29.851833,171.6082,-3.220517,-16.65331,161.89676,22.384338,13.99712,150.00092,-14.167945,-8.037968,147.08076,-17.346943,11.274401,115.6494,6.3725038,2.5427513,109.77757,-16.140696,2.3806405,79.92965,3.650588,17.545193,76.854546,-29.026426
-6.996178,208.7759,18.42077,-4.1747293,212.36603,15.988977,-10.896306,211.52914,16.278246,-0.12638864,212.2185,5.900247,-16.419434,209.99089,7.587729,11.552834,201.91493,-5.002693,-23.51035,192.27567,-0.0865155,30.184025,187.51482,-17.971321,-31.529203,167.81355,7.672492,29.408102,167.40315,-4.9579644,-14.135434,162.01213,24.321545,13.634984,149.08678,-13.748783,-7.9579606,146.66154,-17.980606,9.156658,114.03929,5.7865324,2.4920309,109.164566,-16.422844,1.0681462,77.90746,3.6004877,18.249203,76.37277,-29.3863
-6.715013,207.68382,18.594252,-4.0211515,211.3299,16.126001,-10.723428,210.40475,16.61075,0.12303199,210.92386,5.982776,-16.200819,208.81102,7.84632,11.732916,199.8707,-5.2043757,-23.110878,191.13782,0.48845962,27.905485,183.43825,-19.348068,-29.36732,166.0427,8.306242,28.65558,163.41074,-5.9626403,-12.439928,161.48602,25.77241,13.334615,147.97592,-13.41249,-8.03556,145.74794,-18.42008,7.6975036,112.656525,5.6528764,2.4131696,108.371,-16.728626,-0.2372439,76.23134,3.356017,18.989037,75.78177,-29.659822
-6.4831085,206.63063,18.685438,-3.7517738,210.26703,16.241928,-10.461534,209.36577,16.666695,0.4384826,209.52025,6.039982,-15.891912,207.74753,7.858614,11.619682,197.6159,-5.4798155,-22.988022,189.98415,1.1777512,25.586134,179.45137,-20.26263,-27.131159,164.18532,9.02917,27.697948,159.34274,-7.2791753,-10.652275,161.27504,27.128971,12.897204,146.2465,-13.24228,-8.092204,144.4376,-18.257366,6.5424614,111.243546,5.7188897,2.5517156,107.09666,-16.976217,-1.5277938,74.82826,2.9638166,19.646154,74.74783,-30.01377
-6.2022705,205.72748,18.869238,-3.3899782,209.31877,16.443743,-10.116084,208.46384,16.716461,0.9286104,208.07971,6.257653,-15.472412,206.70108,7.9301963,11.545766,194.95422,-5.9499207,-22.662626,188.61948,1.8300312,23.17121,175.32632,-20.951872,-25.0812,162.29668,9.234495,26.618448,155.39743,-8.153897,-9.317024,160.12459,27.988348,12.352469,144.46529,-13.106443,-8.501196,142.89517,-17.526653,5.3215475,109.63535,5.7667127,2.9144754,105.74369,-17.325068,-2.5706856,73.56949,2.265325,20.46095,73.90832,-30.288347
-5.73578,204.74515,18.978271,-2.9611375,208.30568,16.47367,-9.685908,207.41037,16.817514,1.4780746,207.14127,6.3893466,-14.944419,205.79268,7.9933505,11.728556,192.85367,-6.4685383,-22.304504,187.47264,2.403371,20.963058,171.4021,-20.649475,-23.344814,160.94066,9.145519,24.620008,150.79004,-8.997271,-8.022003,158.47061,27.984238,11.912722,142.83916,-13.080421,-9.138713,141.39568,-16.896437,4.6261454,108.645744,5.9855914,3.1342487,104.83779,-17.508032,-3.3283875,72.97113,1.8739169,21.002851,73.56519,-30.444614
-5.173535,204.08719,19.116344,-2.402276,207.62689,16.574974,-9.119066,206.783,16.973577,2.0129685,206.42104,6.539051,-14.408889,205.08626,8.131458,11.635756,191.30078,-6.9344587,-21.911179,186.27608,2.818596,18.91963,168.36641,-19.825642,-22.37868,159.28766,8.217495,23.02142,147.2632,-9.284501,-6.875196,155.5,26.75324,11.196389,141.82211,-13.226139,-9.555682,140.17868,-16.315514,3.8436255,108.51151,6.54708,3.113043,104.19132,-17.249468,-3.2687624,72.8992,1.7553238,21.350433,73.833786,-30.591417
-4.6038194,203.48201,19.135538,-1.7965931,206.98886,16.593527,-8.5259495,206.17737,16.960554,2.6466837,205.84999,6.586558,-13.80028,204.58926,8.114503,11.704032,190.02797,-6.9333506,-21.578064,185.73286,3.1862557,17.282812,165.80345,-18.111073,-21.652475,158.55,7.3562827,21.348755,143.6287,-9.882518,-5.962571,153.2833,25.561344,10.306395,140.9691,-13.586341,-10.287179,139.55005,-15.935513,3.4325113,108.662994,7.0440564,2.7696614,104.01669,-16.89946,-2.6376977,73.12988,1.4140223,21.353779,74.142555,-30.604385
-4.062553,203.0909,19.27518,-1.1044344,206.52182,16.77403,-7.8497214,205.85051,16.934383,3.3730116,205.42368,6.786887,-13.049936,204.2054,8.083669,11.636507,189.56395,-7.209861,-21.121702,185.58853,3.8500926,16.201012,164.3677,-16.278519,-20.747618,158.16664,6.421926,19.808672,141.3614,-9.9355,-5.5805435,149.03981,23.53197,9.3210745,140.707,-13.975824,-11.197084,139.58734,-15.9233,3.4562716,108.517334,7.2132797,1.911629,104.01086,-16.017551,-2.2040668,73.03628,1.0709523,21.209484,75.04071,-30.601812
-3.292972,202.97295,19.18501,-0.38378656,206.35995,16.593866,-7.136799,205.72655,16.93724,4.0706587,205.2121,6.6728024,-12.378666,204.04155,8.100617,11.463326,189.04291,-7.4252486,-20.730711,185.59853,4.2197156,15.623824,163.3301,-14.964797,-19.81581,158.28194,5.624499,18.905777,140.0194,-9.590407,-6.3769145,144.28271,21.20721,8.579277,140.53108,-14.13144,-11.922823,139.70839,-15.31464,3.8971226,108.0987,7.0060067,0.51114345,103.95833,-14.178956,-1.6012882,72.71639,0.37402496,20.588638,76.41685,-30.315504
-2.560721,202.9941,19.250853,0.3725238,206.2681,16.538532,-6.381271,205.80518,17.03566,4.7327747,204.88026,6.6655903,-11.763015,204.3004,8.297681,11.594992,188.90417,-7.644351,-20.751947,185.91606,4.1935096,15.721361,162.93195,-14.452491,-19.070427,158.6723,5.227017,18.982594,139.79788,-9.107006,-7.190187,140.90244,18.415165,7.7998877,140.50632,-14.2161875,-12.764917,139.77827,-14.852604,4.403216,107.59664,6.452511,-1.53033,103.85928,-11.825372,-0.8436836,72.39928,-0.37584558,19.249151,77.86886,-29.602661
-1.9222575,202.76447,19.194456,1.1300678,206.05353,16.634083,-5.63904,205.76018,17.041996,5.319556,204.87566,6.6456065,-11.177634,204.36519,8.2738285,11.988574,188.64784,-7.5211105,-20.682657,186.08138,3.991947,16.92556,162.65773,-14.338636,-19.121363,158.52214,5.3111844,19.320807,139.4801,-8.86721,-8.910101,137.69888,15.500796,7.2930164,140.25381,-14.372287,-13.670178,139.6868,-14.743295,5.1064234,107.071304,5.6870117,-3.6476314,103.8571,-8.912544,0.21473964,72.258675,-0.9559195,17.472116,79.66555,-28.569906
-1.2369708,202.48193,19.17174,1.7828133,205.85411,16.66035,-4.9725757,205.48302,17.069384,6.094822,204.59114,6.6157594,-10.374973,204.32767,8.183366,12.521288,188.69109,-7.425163,-20.177498,186.23994,4.200088,18.754566,162.99112,-14.474722,-20.02476,158.66507,5.2186036,20.206226,139.92506,-8.075297,-12.142524,135.90594,12.23385,6.8936505,140.34502,-14.685386,-14.20308,139.55557,-14.607832,6.2887006,106.94291,4.965976,-5.8206306,103.9386,-5.9546924,1.4148825,72.219635,-1.7110236,14.99606,81.79379,-27.385
-0.50644714,202.26065,18.966751,2.6249163,205.51094,16.455505,-4.140155,205.45152,16.963978,6.7439423,204.43866,6.3800406,-9.735845,204.27432,8.108842,12.919413,188.6882,-7.450485,-19.744616,186.5057,4.2705903,21.157122,163.51752,-14.350598,-21.724947,158.8694,4.4811435,21.283224,140.67186,-7.0345964,-15.027196,135.50375,9.873801,6.5787487,140.36873,-15.117362,-14.609234,139.62022,-14.2769,7.349908,107.15577,4.474519,-7.9954863,104.39172,-3.268633,2.391301,72.23907,-2.1906009,12.43535,83.653114,-26.285995
0.13885188,202.16284,19.005074,3.252523,205.43626,16.496119,-3.5066476,205.37064,17.043072,7.4223785,204.27005,6.4327435,-9.052478,204.24306,8.126483,13.492648,188.6691,-7.573943,-19.550741,186.63837,4.199332,24.176552,164.353,-14.251837,-24.322744,159.41988,3.5513394,22.912981,142.13899,-5.8085423,-17.56278,135.86736,7.59551,6.5814295,140.56837,-15.705076,-15.012521,139.85759,-14.022614,8.394158,107.403404,4.10554,-10.246413,104.956345,-0.76803493,3.4933202,72.40876,-2.790653,9.3894825,85.77854,-25.634516
0.6531824,201.84752,19.106241,3.8806086,205.09975,16.699871,-2.8874903,205.14505,17.10656,8.188627,204.0578,6.647218,-8.281621,203.8748,7.97275,14.185603,188.64961,-7.24084,-19.09187,186.70409,4.2004075,27.304613,165.67485,-14.333875,-27.325417,160.36815,2.5622716,24.833662,143.907,-5.0273037,-19.96782,136.82967,5.5279675,6.61366,140.83469,-16.07466,-15.225151,140.15947,-13.8973,9.311868,107.40695,3.6851995,-12.360457,105.99831,1.6360705,4.786238,72.42554,-3.3319736,5.3817635,88.06308,-25.238605
1.3294256,201.76312,19.056408,4.5250473,205.02988,16.62734,-2.245139,205.00813,17.031149,8.876193,204.0696,6.6328835,-7.6059036,203.7549,7.917945,15.0510235,188.7328,-7.1679144,-18.97319,186.93887,3.7780683,30.473997,167.40971,-14.743168,-30.81116,162.00166,1.707927,26.614042,146.42874,-3.9735012,-22.392242,138.77798,3.785945,6.988001,140.62637,-16.13279,-15.270562,140.2272,-13.712891,10.459001,107.23192,3.5444057,-14.297608,107.01335,4.0630794,5.823919,72.18803,-3.7045066,1.4551553,89.984474,-24.71038
2.007374,201.72716,18.829927,5.0761924,205.15398,16.480194,-1.6889225,204.90631,16.927563,9.498845,204.23184,6.472553,-7.0059958,203.9475,7.8306146,15.895537,189.02603,-6.8579288,-18.880348,187.60509,3.193203,33.41127,169.53671,-14.7100725,-33.951847,164.71101,0.64674217,28.212587,149.20413,-2.8108773,-24.95527,141.89267,2.7040222,7.3146267,140.77051,-15.946164,-15.126117,140.53682,-13.465823,11.468268,107.18865,3.025704,-16.174486,108.06656,5.892895,6.964851,72.09953,-4.100641,-2.0665681,91.35491,-24.111912
2.5011573,201.90887,18.619238,5.5943303,205.41289,16.413591,-1.1786172,205.16045,16.807835,10.023346,204.40793,6.2810016,-6.465898,204.46541,7.6634984,16.676987,189.55101,-6.452435,-18.64526,188.27403,2.7005847,35.870586,171.98401,-14.490075,-36.966297,168.16771,-0.5161695,29.96192,152.4478,-1.4608955,-27.404139,145.74895,1.6886263,7.959406,141.1882,-15.494348,-14.842694,141.10196,-13.143723,12.560235,107.10485,2.5767255,-17.86957,109.00597,7.191026,8.2508335,72.12425,-4.621493,-6.026328,92.573326,-23.762989
2.8652692,202.24536,18.506603,5.9750605,205.62492,16.137413,-0.7889002,205.47368,16.606688,10.415976,204.88681,6.190291,-6.05247,204.87115,7.5037246,17.51315,190.15077,-6.1736836,-18.464115,189.15935,2.032955,38.207,174.33687,-14.21088,-39.48763,172.21735,-1.651748,31.818197,155.9376,-0.38445428,-29.83429,150.04654,0.9636805,8.411663,141.41652,-14.953109,-14.743327,141.6393,-12.635197,13.6267395,106.9023,2.1930845,-19.440598,110.06667,8.18051,9.722929,71.81995,-4.788922,-9.7446575,93.28087,-23.516956
3.049962,202.7245,18.409534,6.3162575,206.06357,16.196005,-0.46665254,206.02962,16.394537,10.656405,205.39543,6.0744414,-5.8020067,205.44943,7.3693933,18.408138,190.94743,-5.5085397,-18.064474,190.25943,1.511468,40.056786,177.08931,-14.43641,-41.105064,176.70107,-2.722497,33.457695,159.35693,0.37748086,-32.451912,154.5797,1.351399,8.9921875,141.67001,-14.671547,-14.730398,142.22638,-12.520401,14.631771,107.07344,1.9432318,-20.863924,111.00222,8.606011,11.381348,71.869255,-5.2057533,-13.46612,93.62757,-23.168354
3.1795912,203.30397,18.232965,6.462799,206.54102,15.888791,-0.3162108,206.61647,16.185163,10.873819,206.30022,6.053698,-5.5743256,206.28667,7.208002,19.233294,191.93097,-4.3995204,-17.724289,191.46385,0.59136844,41.27016,179.90494,-14.597303,-42.182,180.7469,-3.2849677,35.61534,162.8065,1.2089353,-34.80297,158.22446,1.525892,9.566755,142.21167,-14.324306,-14.576385,142.87909,-12.540635,15.404862,107.37962,1.6209444,-22.131908,112.05882,8.857385,12.72838,72.01826,-5.6211624,-17.02691,93.48813,-22.60525
3.422943,203.86345,18.024736,6.6551666,207.27353,15.85666,-0.115461536,207.27629,16.232437,10.976231,207.29636,5.8631845,-5.5053506,206.91551,7.160408,19.746288,193.1642,-3.9987428,-17.333641,192.93791,-0.010402286,41.898533,182.12006,-14.989013,-42.452785,184.58336,-4.115177,37.728184,166.42883,2.5052965,-37.20484,161.54243,1.1097786,9.887339,142.6301,-14.104558,-14.163903,143.54105,-12.556432,16.172213,107.60819,1.378984,-23.292404,113.323074,9.018008,14.371607,72.07516,-5.688892,-20.790115,92.94012,-21.686277
3.7088692,204.34889,17.751953,6.8761687,207.82307,15.609973,0.10529164,207.74902,16.067389,11.167218,207.92706,5.626852,-5.284955,207.5798,6.9682403,20.150375,194.19078,-3.904047,-17.10696,194.1919,-0.5980089,42.48228,183.58926,-14.899341,-42.65844,187.66884,-4.935426,39.5095,169.62166,4.1407456,-39.967957,164.41324,0.5641656,10.330108,142.9386,-13.724782,-13.719246,143.8003,-12.479215,16.856918,107.90727,1.3113474,-24.397371,114.081345,8.929403,16.248123,72.33049,-5.8507214,-24.29992,92.19208,-20.578527
3.9708877,205.23605,17.597633,7.09597,208.74908,15.45691,0.3358486,208.63976,15.983276,11.379664,208.82394,5.4397798,-5.0552735,208.45564,6.84747,20.508886,195.06065,-4.0421767,-16.688086,195.41061,-0.73038596,42.83424,184.52585,-14.967108,-42.334286,190.36302,-6.109078,40.667297,172.36751,5.4894166,-42.78566,167.31944,0.28511515,10.703817,143.00227,-13.438554,-13.246164,144.08386,-12.337722,17.726368,108.03666,1.2902256,-25.38941,114.82925,8.6088085,17.929026,72.57824,-5.971928,-27.653126,91.019394,-19.401684
4.0359654,206.00032,17.564615,7.2300916,209.40163,15.354714,0.45560864,209.32666,15.700831,11.4498415,209.3789,5.3100147,-4.9773254,209.03246,6.7251434,20.998749,196.02922,-4.228286,-16.371206,196.54932,-0.8938493,43.32733,184.91602,-14.932303,-41.97955,192.33838,-6.955181,42.494965,174.86311,6.767869,-45.499752,169.82469,0.340285,11.056209,143.0885,-13.215663,-12.973233,144.09459,-12.212298,18.573776,108.367,1.1773634,-26.446016,115.251656,8.000174,19.354801,72.693756,-6.001946,-30.730255,89.84694,-18.501482
4.028808,206.42566,17.523703,7.144279,209.87726,15.271306,0.379317,209.69785,15.698097,11.475949,210.03543,5.381336,-4.9811015,209.52332,6.7028894,21.38887,196.67989,-4.5420513,-15.960903,197.5701,-1.5689803,43.871147,185.25905,-14.925549,-41.476105,193.46022,-7.699624,44.34923,177.22368,7.4987984,-48.347015,172.1214,0.38674408,11.418595,143.24837,-12.972839,-12.6286545,144.42538,-11.912284,19.327564,108.630684,1.3378228,-27.330145,115.31882,7.378163,20.819328,72.793434,-6.435804,-33.479168,88.21007,-17.121729
3.861323,206.6504,17.443993,6.9547586,210.17682,15.28738,0.1846601,209.95955,15.74129,11.466963,210.47752,5.434806,-5.018194,209.73257,6.5309544,21.518776,197.26102,-4.6849914,-15.322388,198.18361,-2.1571712,43.734905,185.00647,-14.805277,-40.573048,194.08966,-8.993715,46.73042,179.17447,8.025388,-51.32168,174.97192,0.40270817,11.876976,143.4053,-12.709403,-12.236203,144.40874,-11.621146,20.19178,108.87931,1.6695323,-27.897303,115.35846,6.5553794,22.26519,72.937416,-6.49765,-36.41694,86.34368,-15.622078
3.5328164,206.73238,17.370874,6.7672286,210.21657,15.347803,-0.012064491,210.03409,15.38596,11.452383,210.76193,5.6832643,-5.0023923,209.7708,6.1678944,21.41623,197.6462,-4.8933983,-14.935162,198.22636,-2.5356126,43.04134,184.60867,-14.563408,-39.940025,193.61713,-9.864489,49.28438,180.70946,8.221718,-54.18034,177.38779,0.2807907,12.5274725,143.30238,-12.29525,-11.535529,144.23029,-11.382072,21.049923,108.993385,2.3615732,-28.461126,115.15707,5.514723,23.961456,73.028015,-6.7274942,-38.966595,84.83479,-14.072877
3.0956147,206.57318,17.204142,6.454511,210.00214,15.278222,-0.31129265,209.82571,14.9243145,11.425286,210.59248,5.7612534,-5.0143003,209.61218,5.6979804,21.269798,197.44774,-4.887135,-14.400766,198.27776,-3.3270454,42.3623,183.89789,-13.679299,-39.444668,192.76181,-10.366912,52.009903,181.73161,8.178998,-56.797924,179.58105,-0.3448018,13.031826,142.79094,-11.744925,-11.0519285,143.79425,-11.248152,22.054237,108.6743,3.2668784,-28.981262,114.62855,4.5146813,25.617998,73.055115,-6.7728143,-41.319336,83.050316,-12.455384
2.6936631,206.16362,16.89531,6.118746,209.60672,15.111438,-0.6277657,209.41129,14.491023,11.275863,210.4076,5.7161813,-5.1534657,209.14644,5.184745,21.214727,196.88704,-4.6119595,-14.074453,197.68135,-3.795981,42.200153,182.65654,-12.727857,-39.126976,191.69318,-10.689626,54.31817,182.22523,8.072928,-58.80345,181.67006,-1.1632124,13.323005,142.21886,-11.048946,-10.726027,143.22372,-11.082645,22.996496,108.539856,4.3461494,-29.387291,113.69337,3.1748137,27.072737,73.348915,-7.1323752,-43.314133,81.32041,-10.739985
2.2241113,205.52567,16.721155,5.64495,208.99113,14.99113,-1.098129,208.74173,14.269169,11.006036,209.77562,5.6975427,-5.3717237,208.41608,4.8059115,21.39265,196.00229,-4.464051,-13.868878,196.91298,-4.247071,42.390133,181.46205,-12.062925,-38.883575,190.4168,-10.865222,57.271133,182.43546,6.948847,-60.280598,183.28503,-2.0201643,13.384941,141.55109,-10.405641,-10.863605,142.49724,-10.719471,23.885212,108.25647,5.361981,-29.95034,112.52495,2.115452,28.400507,73.33599,-7.0977283,-45.282825,79.579185,-9.028915
1.7062439,204.52702,16.321825,5.0634236,208.18674,14.860916,-1.6615525,207.82207,14.045835,10.694607,208.8819,5.512978,-5.685364,207.34218,4.2656484,21.65431,194.52107,-4.5165462,-13.628117,195.56973,-5.1469984,42.974308,179.98592,-10.88641,-38.62683,189.0538,-11.271723,59.615406,182.06226,6.501834,-61.15407,184.7201,-2.641518,13.306872,140.40248,-9.59888,-11.106847,141.32007,-10.64592,24.796082,107.92496,6.7223487,-30.605219,111.04634,1.2750492,29.712137,73.56362,-6.9998775,-47.05539,78.03498,-7.7985616
1.4313759,203.39578,15.956222,4.662462,207.16835,14.493456,-2.004598,206.46892,13.481086,10.50023,207.78503,5.313989,-5.799291,205.78868,3.7087996,21.742922,192.88145,-4.6550746,-13.667141,194.17484,-5.86481,43.80281,178.27725,-9.255883,-38.955643,187.22159,-11.143185,61.79153,181.56558,6.585547,-62.150394,185.15085,-3.3736072,13.2228985,138.99347,-9.000973,-11.309908,139.94815,-10.456627,25.526365,107.209274,7.67061,-31.217602,109.63735,0.4831679,31.06998,73.44599,-6.8504047,-48.646004,76.59871,-7.092314
0.5302559,201.82607,15.668507,3.9053724,205.49045,14.282955,-2.7201166,204.89761,12.959333,9.97873,206.41644,5.410385,-6.1188426,204.07765,3.0679955,21.99102,190.88568,-4.61065,-13.642277,192.22668,-6.307545,44.43793,176.27261,-7.760075,-39.08827,185.62207,-10.620013,64.01545,180.19551,5.807528,-62.82826,185.3748,-4.0278544,13.1555195,137.58414,-8.353017,-11.39309,138.32144,-9.930216,26.490643,106.3342,8.790302,-31.835655,108.09527,0.16871743,32.604187,73.38354,-6.821494,-49.482605,75.59834,-7.7248588
-0.59231645,200.09871,15.302909,2.7448597,203.93436,14.345263,-3.7247953,203.18489,12.464067,9.389041,204.92729,5.6866536,-6.500826,201.97874,2.2818651,22.138788,188.6574,-4.458668,-13.664387,190.10123,-6.2749825,45.115974,174.51567,-6.655762,-39.140526,184.05061,-9.982132,65.41182,178.6142,5.956095,-63.388832,185.46912,-5.8119216,13.281595,135.7896,-7.574385,-11.27758,136.67615,-9.574707,27.345053,105.08046,9.97911,-32.075306,106.84587,0.23490791,34.20103,72.89318,-6.736743,-49.263596,74.383125,-9.181569
-1.7663761,198.30183,14.744685,1.6124692,202.17137,14.144443,-4.6403837,201.38687,11.645689,8.852158,203.2037,5.906275,-6.799541,200.402,1.436612,22.211645,186.52325,-4.4143643,-13.565104,187.86446,-6.1036983,45.541653,172.69536,-5.837301,-39.365543,182.42192,-9.456572,66.22739,177.06602,5.99798,-63.65358,184.75638,-6.985931,13.623876,134.00662,-6.8911395,-11.297839,134.78224,-9.287718,27.948763,103.93954,11.261411,-32.483418,105.467964,0.6138188,35.88309,72.65024,-6.561227,-48.329258,73.298325,-10.212964
-2.8448749,196.68787,14.357669,0.4217627,200.6755,13.889203,-5.605369,199.59882,10.996945,8.273609,201.78474,6.2618036,-6.947911,198.63771,0.71828413,22.597944,184.75331,-4.2094207,-13.563362,185.9638,-5.9911494,46.018696,170.92685,-5.815597,-39.54166,180.72426,-9.066367,66.59636,175.22241,5.9730587,-63.8418,184.0645,-7.643431,13.872099,132.2168,-6.634123,-11.185821,133.16699,-9.05432,28.577574,102.879036,12.30205,-32.76836,104.52055,1.4367112,37.102924,72.63632,-6.5531144,-47.161804,72.179344,-10.968203
-4.024168,194.99878,13.911846,-0.8367112,199.05275,13.457141,-6.7681746,197.77158,10.432029,7.68822,200.04436,6.6955495,-7.1138124,197.00436,0.021414384,22.569536,183.47711,-3.7993586,-13.525319,184.14667,-5.9204125,45.944126,169.72809,-5.574428,-39.33716,179.23903,-9.241995,66.5788,173.61523,6.2968063,-63.535088,183.06331,-8.116756,14.199304,131.05,-6.473079,-10.601002,131.9644,-8.932278,28.805376,102.07023,12.801958,-32.558167,103.91856,2.2223039,38.44458,72.51494,-6.5071363,-45.93034,71.76649,-11.273605
-5.003761,193.2868,13.5837755,-1.9015697,197.40529,13.178459,-7.766776,196.0039,10.074501,7.0213723,198.67606,7.123075,-7.3059688,195.56824,-0.3969389,22.762775,182.64337,-3.778099,-13.666,182.86926,-5.8571568,45.852123,168.61983,-5.579,-39.477394,177.97546,-9.069126,66.50579,171.82088,6.313206,-63.526554,181.73688,-8.504566,14.854583,130.38858,-6.334067,-9.743986,131.09505,-8.972612,29.01822,101.615326,13.024503,-32.299458,104.02239,3.1711264,39.4049,72.48603,-6.748542,-44.728294,71.95988,-11.228538
-5.717204,191.55537,13.437486,-2.8013732,195.82346,13.278961,-8.504834,194.2813,9.954301,6.354252,197.52794,7.6782928,-7.5808673,194.53453,-0.49480262,22.691038,182.1832,-3.992939,-13.758358,181.68834,-5.7981415,45.5458,167.72397,-5.659516,-39.43453,176.8303,-9.044501,66.30104,170.2429,6.4137354,-63.42273,180.5281,-8.614509,15.499859,129.80823,-6.6019545,-9.222341,130.29227,-8.977297,29.471016,101.19289,13.203503,-31.892794,103.940346,3.7130616,40.08799,72.46114,-7.192983,-43.61597,71.89899,-11.302698
-6.5834618,189.69992,13.029,-3.8359318,194.07433,13.255566,-9.396062,192.57626,9.687169,5.591756,196.54823,8.471693,-7.7502713,193.58571,-0.7418231,22.583836,181.54198,-3.9995399,-13.730101,180.65381,-6.083999,45.523846,167.23643,-5.9417787,-39.295208,175.65355,-9.425404,66.21241,168.94807,6.719216,-63.259987,179.28178,-8.662495,16.133856,129.41489,-6.5553503,-8.5542965,129.88914,-8.9652405,29.895964,100.78859,13.614572,-31.341501,103.475464,4.1434717,40.811726,72.49329,-7.3330264,-43.006577,71.850975,-11.212031
-7.2177005,187.77635,12.742189,-4.5958014,192.19543,13.262554,-9.869472,190.66536,9.279071,4.8359275,195.56721,9.3490095,-7.8362775,192.65773,-0.73906165,22.54917,181.2956,-3.6006732,-13.619476,180.08665,-6.839057,45.42975,166.97304,-5.9470625,-39.238033,174.84958,-9.873948,66.00588,168.06761,6.853532,-63.188274,178.34189,-8.669881,16.605495,129.12083,-6.4544945,-8.165421,129.54466,-9.585631,30.22312,100.44076,13.948308,-30.565903,103.165794,4.6701546,41.261833,72.324104,-7.2457023,-42.614815,71.88224,-11.149307
-7.6077547,186.56506,12.551972,-4.921487,190.93497,13.178716,-10.1798725,189.56145,9.122686,4.1846185,194.95303,9.884294,-8.142485,192.04529,-0.6766738,22.362904,181.22823,-3.3996866,-13.695677,179.53,-6.8003774,45.244053,166.70438,-5.8605022,-39.136837,173.94719,-10.139835,65.787834,167.49867,6.8963313,-63.093853,177.51646,-8.726275,16.929014,128.8933,-6.5410347,-7.633972,129.22737,-9.683134,30.638819,100.23765,13.968313,-30.03293,102.90542,4.7018523,41.67901,72.51547,-7.251982,-42.381382,71.64937,-11.224664
-7.855543,185.6943,12.495491,-5.2867937,190.08563,13.365096,-10.649456,188.85591,9.401021,3.8268228,194.3974,10.247581,-8.379825,191.75992,-0.5082349,22.170301,181.43109,-3.1391199,-13.948125,179.18059,-6.8154583,44.952274,166.75883,-5.8575583,-39.21411,173.12363,-10.280971,65.619194,167.36237,6.801918,-63.19778,176.6525,-8.854343,17.234518,128.79762,-6.7450747,-7.138786,129.10075,-9.77993,31.062279,100.153015,13.958141,-29.31573,102.679535,4.4941053,42.35373,72.44393,-7.4018393,-42.23297,71.57948,-11.380823
-8.152794,185.15666,12.560667,-5.6366434,189.54657,13.592993,-10.793265,188.33527,9.355476,3.4145072,194.04135,10.564936,-8.631613,191.43729,-0.33711216,22.060282,181.19472,-2.8213456,-14.029594,178.8955,-6.83917,45.207455,167.03078,-6.0173674,-39.279648,172.7015,-10.339112,65.58141,167.39905,6.719134,-63.24005,176.22144,-8.8024,17.48708,128.76073,-6.7579694,-6.8120155,129.0734,-10.094462,31.248678,100.2116,13.88514,-29.001926,102.725334,4.36149,42.83848,72.30643,-7.5392733,-42.260345,71.51955,-11.491624
-8.3113165,184.58427,12.392541,-5.9575195,189.01367,13.623293,-10.994369,187.79245,9.254035,3.220624,193.67654,10.937538,-8.568076,191.23602,-0.31716767,21.991251,181.42845,-2.637654,-14.103068,178.69427,-6.868112,45.213207,167.40666,-5.987435,-39.268993,172.4362,-10.262691,65.662155,167.44855,6.647662,-63.260635,175.86072,-8.708201,17.61786,128.75586,-6.609148,-6.680238,128.88718,-10.319911,31.510738,100.2365,13.699059,-28.74339,102.70566,4.197923,43.01882,72.22729,-7.603065,-42.347054,71.6681,-11.438665
-8.612426,184.42867,12.521472,-6.352304,188.85307,13.913697,-11.018181,187.61821,9.148519,3.0646818,193.3628,11.189515,-8.658114,191.15648,-0.1868235,21.85916,181.52383,-2.666294,-14.105946,178.47296,-6.532149,45.415516,168.05754,-6.144337,-39.266006,172.3461,-10.213687,65.752396,167.60756,6.7395887,-63.28193,175.6461,-8.70953,17.84471,128.88004,-6.614787,-6.3638163,128.96252,-10.673939,31.938091,100.31692,13.688426,-28.503883,102.72716,3.8539014,42.952564,72.29513,-7.7780166,-42.66451,71.710365,-11.535557
-8.671842,184.10626,12.4777975,-6.5179586,188.56471,13.948422,-11.160176,187.29733,9.164366,2.8083255,193.30191,11.337547,-8.750711,191.03384,-0.14397252,21.622732,181.69504,-2.6803646,-14.102699,178.31416,-6.040779,45.53668,169.25237,-6.542719,-39.168777,172.53299,-10.521217,65.72024,167.8718,6.7542257,-63.22747,175.59273,-8.503546,18.18458,128.98819,-6.812751,-6.085279,128.99243,-10.374509,32.218273,100.449165,13.624266,-28.201422,102.6941,3.6398513,42.700844,72.400276,-7.7961884,-42.90533,71.500046,-11.53043
-8.781248,183.79414,12.385833,-6.7355957,188.22383,14.068422,-11.326881,187.07745,9.211458,2.5279355,193.25006,11.606571,-8.784403,190.90157,-0.100592,21.598429,181.69987,-2.7818434,-13.942087,178.36292,-5.8904967,45.883987,170.4108,-6.741752,-39.08194,172.97264,-10.870216,66.18958,168.28055,6.302074,-63.057987,175.69327,-8.003227,18.352629,129.03711,-6.8855314,-5.862896,129.13765,-10.223909,32.479,100.53416,13.765624,-28.078402,102.65753,3.2546551,42.08097,72.27511,-7.8093085,-43.461098,71.66875,-11.28776
-8.758277,183.70308,12.438896,-6.638733,188.12558,14.062265,-11.4307785,187.01674,9.398862,2.4530346,193.27367,11.771485,-8.692296,190.81238,-0.058843505,21.728094,182.24138,-2.9995077,-13.828893,178.71115,-5.907543,46.492527,171.5948,-6.885686,-39.049873,173.48846,-10.967688,66.29772,168.70868,6.6392174,-62.96638,175.5461,-7.3947997,18.479692,129.20071,-7.1381364,-5.8169217,129.33055,-10.167182,32.46412,100.71084,13.795682,-28.05131,102.379814,2.6697454,41.361656,72.542366,-7.8256617,-44.04338,71.45285,-11.431106
-8.935901,183.8704,12.454793,-6.690124,188.2171,14.083057,-11.716346,187.29082,9.637438,2.5431578,193.25574,11.975989,-8.490307,191.0358,0.017272376,21.907787,182.73817,-3.1994286,-13.828501,179.06178,-5.98833,47.212646,173.49063,-7.4412465,-38.75547,173.89502,-12.229651,65.856476,169.34471,7.4151783,-62.38022,175.50172,-6.579104,18.563646,129.5424,-7.2757034,-5.7458487,129.6742,-9.967832,32.292233,100.93496,13.7729435,-27.815138,102.46857,2.1886446,40.744423,72.458954,-7.852369,-44.762512,71.79611,-11.011651
-8.778875,184.04268,12.358917,-6.5730042,188.47026,13.808892,-11.717323,187.30908,9.533845,2.7188802,193.37328,11.780188,-8.532072,191.41467,-0.00074750045,22.152298,183.1752,-3.4012434,-13.838485,179.55229,-5.7770686,48.018784,175.72165,-7.2966337,-38.677147,175.0065,-12.682631,65.55291,170.05923,8.19308,-61.683315,175.21379,-4.9343247,18.646927,129.90047,-7.577546,-5.827224,130.06517,-9.835313,32.011642,101.166626,13.433216,-27.767742,102.63048,1.4980832,39.722923,72.57757,-8.024598,-45.42918,72.05678,-11.076117
-8.505226,184.56975,12.498237,-6.132501,188.9175,13.924845,-11.438266,187.96082,9.8094425,3.0159285,193.89383,11.762907,-8.521728,192.09872,0.24130523,22.14783,184.11769,-3.6246307,-13.685671,180.31807,-5.91213,48.40102,177.85126,-7.2269263,-38.663925,176.01869,-12.870472,64.9518,171.47296,8.827212,-61.109573,173.95044,-3.8448792,18.627193,130.2164,-7.829243,-5.7526045,130.36449,-9.793793,31.746597,101.3655,13.089038,-27.670986,102.61534,0.50902665,38.711273,72.579384,-8.212135,-46.12116,72.07056,-11.347802
-8.124361,185.0879,12.546653,-5.8545,189.46985,14.013098,-11.208999,188.42448,9.969649,3.3787305,194.51439,11.828149,-8.329547,192.97998,0.48580295,22.560804,185.43022,-3.563214,-13.448183,181.59624,-6.4564962,48.980083,180.34547,-7.1338696,-38.554455,177.17595,-13.491388,63.61801,172.60219,9.902187,-59.85402,172.40948,-2.932292,18.325605,130.79488,-8.164801,-6.0425315,130.97163,-9.69613,31.44605,101.716965,12.537024,-27.473372,102.58336,-0.42844814,37.489933,72.359924,-8.442202,-46.909252,72.14857,-10.973722
-7.376196,185.80118,12.649574,-5.0598974,190.1084,14.275479,-10.6419115,189.2778,10.507889,4.0686407,195.22975,11.515002,-8.585735,194.33368,1.1386179,22.730965,186.8494,-3.5783212,-13.747558,182.94049,-7.230963,49.416718,183.0879,-7.003555,-38.898037,177.88635,-14.0819025,61.737946,174.07309,11.123953,-58.634357,170.83711,-1.9916635,18.100512,131.43333,-8.29739,-6.2827115,131.6943,-9.9644785,31.081724,102.06644,11.911642,-27.11138,102.76608,-1.5010899,36.367176,72.24698,-8.751016,-47.1659,72.577736,-10.721779
-6.5882845,186.86043,13.017473,-4.217167,191.12733,14.68052,-10.061979,190.3871,11.324005,4.745263,196.36151,11.2281685,-8.526613,195.43916,1.6763319,22.969204,188.30138,-4.00911,-13.671363,184.05202,-7.614542,49.86086,185.525,-7.2203703,-38.862408,178.7255,-14.257898,59.309563,175.4185,11.972032,-56.99548,169.26888,-1.3355948,17.732517,132.41875,-8.594101,-6.7557745,132.68962,-10.080445,30.284645,102.62627,11.131923,-26.8961,103.23464,-2.4746833,34.932693,72.38053,-8.890002,-47.259575,72.75625,-10.553705
-5.551321,188.01416,13.650001,-2.9430497,192.23932,15.045599,-9.093881,191.60695,12.256487,5.4306006,197.67006,10.827083,-8.322163,196.15329,2.131722,22.739658,189.47072,-4.2160554,-14.066642,185.20757,-7.2882204,49.78308,187.80316,-7.3258877,-38.937695,179.36629,-14.796544,56.64939,177.19308,12.535938,-55.324608,167.7586,-1.2131705,17.542055,133.53645,-9.043905,-7.101161,133.84859,-10.303574,29.428156,103.06024,10.438752,-26.61143,103.76579,-3.3649945,33.29334,72.426895,-9.06101,-46.914333,73.01473,-10.27222
-4.3878245,189.18321,14.456532,-1.7531171,193.50179,15.475863,-8.107476,192.654,13.245134,6.278415,198.74144,10.440128,-8.320039,196.89,3.012217,22.537409,190.69174,-4.512558,-14.343032,186.17867,-7.034358,49.47478,189.56094,-7.1709175,-38.956955,179.5985,-14.92066,53.620327,178.49762,13.30899,-53.77932,166.01215,-1.4804103,17.23935,134.75957,-9.403347,-7.362074,135.10551,-11.138309,28.494719,103.4917,9.7970495,-26.39151,104.278404,-4.15567,31.932796,72.38203,-9.177613,-46.176445,72.66613,-10.742071
-2.633674,190.76047,15.38651,-0.24493934,195.29422,16.099083,-6.6508546,193.92856,14.304589,7.2608614,200.27936,9.824589,-8.053834,197.8081,4.1226363,21.897617,191.69017,-4.7694397,-14.62397,187.03682,-7.2366285,48.86131,191.38284,-6.8665643,-39.285965,179.67026,-14.787976,50.150185,179.93396,13.805674,-52.205452,163.99007,-2.0252078,16.942295,135.9334,-9.67092,-7.6531672,136.11252,-11.697435,27.548086,104.14902,8.936408,-26.36687,104.82553,-4.916508,30.333853,72.49558,-9.324264,-45.275482,72.59769,-11.1845455
-1.3435485,192.1379,15.934982,1.0670226,196.71146,16.158997,-5.457934,195.24118,15.027131,8.007166,201.48932,9.274828,-7.830848,198.93925,5.158231,21.34183,192.60762,-5.3282337,-14.787851,187.89992,-7.441122,48.225986,193.09328,-6.522759,-39.43156,179.5424,-14.25905,47.377213,182.4421,14.6957035,-50.760643,161.99763,-2.3673081,16.605192,136.99498,-9.967147,-7.9638057,137.01767,-11.979313,26.722147,104.66039,8.28846,-26.187414,105.19048,-5.590173,28.64335,72.68035,-9.3666935,-44.2263,72.426254,-11.716533
-0.19627084,193.49268,16.33939,2.3766825,197.96996,16.067059,-4.2690516,196.67964,15.558357,8.622429,202.55309,8.661229,-7.523797,200.3301,6.0966325,20.680773,193.61014,-5.8706703,-15.11349,188.66197,-7.3103642,47.41689,194.68082,-5.9518714,-39.55534,179.42683,-13.87452,44.90885,183.9914,15.341436,-49.219353,160.36115,-2.8796768,16.13564,137.74078,-10.101722,-8.215234,137.8944,-12.185724,25.919594,105.00679,7.6470013,-25.84926,105.62311,-5.8594403,27.135141,72.65671,-9.437206,-43.254204,72.54734,-12.239907
1.1000134,195.00172,16.596603,3.7604282,199.39476,16.000416,-2.9256,198.27928,15.950704,9.386158,203.58208,7.897091,-6.9508734,201.4303,6.644218,20.109621,194.5477,-6.146604,-15.516582,189.49762,-7.2281914,46.72936,195.98679,-5.1438556,-39.549698,179.17784,-13.702039,42.505943,185.61198,16.075642,-47.895462,158.84473,-3.4700942,15.5589485,138.64445,-10.283,-8.7068,138.66336,-12.361133,24.871252,105.43653,6.958771,-25.541563,105.92273,-5.981656,25.473019,72.68292,-9.377946,-42.408165,72.70954,-12.428925
2.1007345,196.44902,16.625626,4.6859956,200.86829,15.8986845,-1.9853657,199.67618,16.172932,9.998865,204.35728,6.9658403,-6.4040956,202.5522,6.8137665,19.524694,195.30676,-6.4544096,-15.855256,190.38658,-6.850132,46.033215,197.0784,-4.148193,-39.40742,179.05539,-13.827086,40.561283,187.06366,16.983631,-46.57978,158.16917,-3.7513697,15.1370945,139.49995,-10.491078,-9.03432,139.48723,-12.433814,23.838566,106.09293,6.462581,-25.20852,106.34337,-6.221017,24.183786,72.73046,-9.232166,-41.589478,72.84306,-12.513796
3.1838248,197.80458,16.531376,5.639572,202.25183,15.592819,-0.97550327,200.97816,16.376146,10.527447,205.11482,6.0775075,-5.9270973,203.47514,7.042386,19.027775,195.80042,-6.765045,-16.36982,191.1903,-6.3982644,45.36705,197.77036,-3.0970778,-39.219307,178.93546,-13.842726,38.65449,188.32527,17.908344,-44.924316,157.4222,-4.370727,14.957028,140.29959,-10.62086,-9.418875,140.17279,-12.566709,22.651396,106.33818,5.887079,-24.95487,106.8091,-6.1533427,22.749092,72.78226,-9.296079,-40.967884,73.00514,-12.304827
3.8824024,199.02226,16.55299,6.387269,203.34639,15.265332,-0.1903815,202.30345,16.573565,10.887009,205.80844,5.5363874,-5.520333,204.58487,7.300614,18.56577,196.33247,-7.145073,-16.7086,191.8469,-6.1821284,44.564377,198.30887,-2.251447,-39.042606,178.7577,-13.684005,37.26888,189.95058,18.919239,-43.502834,156.61993,-4.9025545,14.793337,140.99634,-10.815109,-9.490263,140.75342,-12.747328,21.980011,106.7609,5.276904,-24.73918,107.22298,-6.1189156,21.24298,72.80491,-9.367792,-40.37784,73.18542,-12.210679
4.3339086,200.15305,16.408388,7.009585,204.35844,15.080889,0.379042,203.56503,16.319374,11.131713,206.62978,5.0826235,-5.271709,205.78915,7.3478723,18.244034,196.82831,-7.291344,-16.884174,192.39171,-6.058186,44.075844,198.73729,-1.186622,-38.86059,178.41113,-13.333863,35.9065,191.25752,19.797445,-42.037994,155.7729,-5.315354,14.342635,141.46564,-11.03341,-9.812124,141.30063,-12.595058,21.291252,107.020874,4.699158,-24.43716,107.52038,-6.1211243,20.076777,72.93034,-9.240713,-39.487537,73.1905,-12.560073
4.7869453,201.2555,16.416073,7.4006486,205.36765,14.71477,0.8015304,204.6294,16.117804,11.311172,207.50372,4.820952,-5.027577,206.68845,7.410765,17.91365,197.33107,-7.818105,-17.070095,193.0117,-5.934853,43.56282,198.93463,-0.61936814,-38.560413,178.35779,-13.130255,34.32719,192.77065,20.23639,-40.47111,155.42917,-5.590542,14.246446,141.9704,-11.219936,-9.957691,141.77249,-12.348824,20.502396,107.27538,4.218097,-23.9726,107.644196,-5.9177732,18.877068,72.83143,-9.04734,-38.67038,73.24273,-12.3078575
5.0235724,202.40683,16.26894,7.642136,206.40005,14.306871,1.064636,205.80965,15.860229,11.482693,208.22475,4.3886595,-4.8052936,207.66022,7.207249,17.544344,197.85555,-7.947142,-17.14377,193.5586,-5.549558,43.05413,199.23633,-0.47286445,-38.35981,178.39934,-12.676224,32.796696,194.2213,20.309378,-39.09279,155.55315,-5.004888,14.030789,142.54495,-11.3910675,-10.14793,142.1197,-11.869678,20.040968,107.71488,3.597917,-23.559288,107.82684,-5.5171294,17.977379,72.989845,-8.875976,-37.548462,73.33655,-12.634716
5.0939593,203.47508,15.9293165,7.7019634,207.44402,13.905142,1.1305599,206.8579,15.506968,11.397532,208.9657,3.8544383,-4.8286815,208.6117,6.8607774,17.470936,198.29001,-7.923405,-17.027721,194.14685,-5.343179,42.747578,199.47784,0.2828737,-38.147297,178.71342,-12.307441,31.973324,195.18059,20.931679,-37.663227,155.71974,-5.225758,13.71098,142.97026,-11.5000105,-10.213337,142.6285,-11.534091,19.411097,107.81223,2.936093,-23.07073,107.96123,-5.1654477,16.759932,72.825836,-8.755989,-36.446865,73.40489,-12.451965
5.403564,204.50032,15.771,8.156206,208.31227,13.634393,1.5436772,207.9621,15.075581,11.399365,209.37791,3.2558992,-4.733815,209.46686,6.837556,17.199911,198.44562,-7.945118,-17.303625,194.67569,-5.1090093,42.403133,199.82738,1.0260627,-38.13354,178.66733,-11.67919,30.910507,196.26999,21.518356,-36.370537,155.20242,-6.0906854,13.57177,143.4402,-11.454425,-10.440687,143.12434,-11.364758,18.609972,107.98286,2.4708345,-22.709888,108.19304,-4.8590236,15.861969,72.822624,-8.746222,-35.36798,73.50305,-12.341251
5.3884997,205.5148,15.5164795,8.171891,209.29276,13.360139,1.5784767,209.05606,14.924456,11.422094,210.12177,2.928111,-4.7234592,210.27853,6.479709,17.106213,198.9258,-8.107282,-17.49683,195.244,-5.146324,42.096672,199.68399,1.7003125,-37.94032,178.56503,-11.282654,29.824749,197.15399,21.850185,-34.918087,155.27739,-5.6457973,13.351108,144.08942,-11.326884,-10.498822,143.68085,-11.225826,18.160202,108.08473,1.7062733,-22.165285,108.53203,-4.5755887,15.047726,72.8542,-8.837888,-34.40483,73.811226,-12.317421
5.293264,206.48143,15.61769,8.089479,210.03874,13.134776,1.5331844,210.04735,14.884023,11.362925,210.6302,2.8646004,-4.7703576,210.94363,6.3871226,16.884418,199.59393,-8.484003,-17.451551,195.68735,-4.9497724,41.656796,199.38867,2.1228607,-37.62005,178.45589,-10.906358,28.961874,198.24391,22.058962,-33.020306,154.85202,-6.568827,13.139323,144.62143,-11.143547,-10.619396,144.1761,-11.008722,17.509207,108.202095,1.2462372,-21.74392,108.69095,-4.2552977,14.196442,72.96115,-8.936475,-33.40133,73.842026,-12.06327
5.3076477,207.26561,15.414544,8.25512,210.69998,12.920108,1.6663895,210.92186,14.506348,11.253282,211.18877,2.5696096,-4.884929,211.58316,6.2219777,16.661938,199.86536,-8.589353,-17.474651,196.17302,-4.7710133,41.061966,198.80301,2.7437646,-37.45243,178.73065,-10.830877,28.155771,199.01227,22.469282,-31.6729,155.34198,-6.3331594,13.009073,144.91153,-11.199674,-10.725305,144.61111,-10.822238,16.886711,108.47042,0.77086437,-21.334337,108.900665,-4.0673456,13.477056,72.94792,-8.741718,-32.190403,74.02234,-12.26112
5.3361387,208.04239,15.195686,8.3707485,211.48515,12.820162,1.7010591,211.61687,14.008842,11.222082,211.81055,2.2746608,-4.8868766,212.25342,5.996605,16.287561,199.98262,-8.803236,-17.536413,196.64313,-4.557069,40.2627,198.14023,2.6338854,-37.249115,178.89838,-10.402503,27.397678,199.83778,22.397629,-30.458168,155.96687,-5.5809445,12.895179,145.27928,-11.034428,-10.883897,145.08014,-10.377269,16.437506,108.493004,0.28756854,-20.59966,108.946945,-3.8508608,12.691182,73.04818,-8.724947,-30.987703,73.94987,-12.28378
5.4054847,208.87509,15.039161,8.356854,212.2673,12.482065,1.7192994,212.38742,13.8328085,11.224668,212.41394,2.0208402,-4.9009566,212.81874,5.836285,15.885563,200.27275,-8.98056,-17.658659,197.01906,-4.096219,39.717087,197.3607,2.4482746,-37.15114,179.17609,-10.369975,26.789976,200.19194,22.157366,-29.29245,156.68797,-4.830699,12.825174,145.82695,-11.035913,-10.879841,145.40025,-9.761969,15.862164,108.79955,-0.15076296,-19.97131,109.07735,-3.382923,12.000034,73.17096,-8.798238,-29.93195,74.18885,-12.409541
5.335799,209.58293,14.887383,8.340421,212.92612,12.324501,1.6904192,213.11426,13.597665,11.058152,213.01631,1.8126807,-5.0174146,213.49849,5.675163,15.798828,200.47032,-9.109473,-17.70775,197.472,-4.154015,39.231094,196.74707,2.6373544,-37.18302,179.56207,-10.329823,26.174263,200.61746,22.1331,-28.437046,157.67023,-3.974674,12.7900715,146.08688,-11.030474,-10.824018,145.69107,-9.455328,15.452684,108.87958,-0.8736332,-19.370089,109.28707,-2.9580114,11.354377,73.03482,-8.613141,-28.68677,74.2701,-12.569276
5.2014003,210.00435,14.61031,7.9860735,213.58183,12.137095,1.3892001,213.47713,13.727282,11.099668,213.38174,1.5617672,-5.0174127,214.00867,5.3509045,15.682588,200.50426,-9.396502,-17.711433,197.92253,-4.0896316,38.54497,195.76035,2.7014682,-37.15337,179.89908,-10.202349,25.544802,200.72995,22.031454,-27.527735,158.53763,-3.185814,12.806898,146.40079,-10.95091,-10.748977,146.1351,-8.946786,15.05091,109.03358,-1.4344859,-18.684986,109.527596,-2.578825,10.801605,73.10356,-8.574978,-27.264202,74.4697,-12.76
4.87008,210.56421,14.366225,7.762916,214.09068,11.942484,1.177278,214.19194,13.597189,11.028537,213.92738,1.4390025,-5.131012,214.59126,4.879782,15.591619,200.71501,-9.651123,-17.688232,198.56067,-4.0574083,37.896126,194.91344,2.8601184,-36.848488,180.32016,-10.132846,25.078686,201.07211,22.048172,-27.05071,159.53117,-2.0401077,12.822535,146.8535,-10.899533,-10.482492,146.44556,-8.861986,14.67844,109.295204,-1.8126588,-18.0398,109.83459,-2.102967,10.256911,73.35239,-8.4416,-25.92239,74.84463,-13.132744
4.6160436,211.2117,14.291065,7.629952,214.56952,11.7769575,0.98524785,214.80055,13.138569,11.1128235,214.2314,1.452132,-5.113677,215.03993,4.4333262,15.636572,200.98883,-9.824643,-17.50187,198.99918,-4.1417756,37.141476,193.62198,3.2802174,-36.728725,180.68378,-9.894217,24.622505,201.22565,22.063292,-26.456085,160.59685,-1.072909,12.700419,147.2049,-10.900229,-10.491278,146.80539,-8.588512,14.189859,109.46499,-2.3109903,-17.362322,110.05507,-1.6788371,9.726887,73.457466,-8.431302,-24.70783,75.15709,-13.592144
4.3521886,211.84947,14.161474,7.400247,215.20226,11.686611,0.74414974,215.45894,13.0059595,11.089455,214.46396,1.3302006,-5.195142,215.46077,4.112135,15.753011,201.30829,-9.848441,-17.634386,199.11433,-4.103349,36.445198,192.38522,3.4871478,-36.785908,180.745,-9.74866,24.081305,201.2683,21.802006,-25.56325,161.52856,-0.49989623,12.71771,147.30669,-10.661924,-10.378646,146.97447,-8.325325,13.720408,109.45042,-2.6094754,-16.704666,110.04873,-1.3274217,9.171214,73.38259,-8.290092,-23.212889,75.45061,-14.170949
4.096829,212.44788,14.0630045,7.222161,215.66562,11.507589,0.54555225,216.03424,12.67296,11.060556,215.05136,1.3792443,-5.335734,215.75983,3.7857354,15.86202,201.56258,-10.033311,-17.586132,199.56453,-4.1638675,35.580475,190.95995,3.5237622,-36.421593,180.81393,-9.867575,23.773758,201.18575,21.453936,-24.929296,162.54391,0.69323057,12.647743,147.3121,-10.471254,-10.353058,147.08086,-8.108076,13.169108,109.482056,-2.6359546,-16.117363,110.136185,-1.0955759,8.672697,73.42525,-8.048611,-21.887726,75.676476,-14.655237
3.864456,212.97281,13.967438,6.9964685,216.14093,11.353585,0.28072333,216.41289,12.315949,10.964528,215.56273,1.3489605,-5.483071,216.05217,3.523406,16.011375,201.64224,-10.010193,-17.83484,199.8974,-4.3003983,34.668262,189.46298,3.709156,-35.965366,180.44867,-9.935363,23.372252,201.0037,21.097898,-24.329369,163.2676,1.9599905,12.462477,147.44044,-10.310867,-10.434498,147.34142,-7.873885,12.669811,109.5236,-2.8480346,-15.356646,110.28437,-0.70843184,8.326227,73.433075,-8.134059,-20.212795,76.23272,-15.155153
3.719145,213.38278,13.75853,6.757721,216.68007,11.186961,0.048792534,216.77327,12.193696,10.919713,215.80377,1.1736038,-5.546785,216.41867,3.2503414,16.115845,201.9023,-10.013725,-17.961277,199.9454,-4.3476872,33.667583,187.9453,3.5825262,-35.630936,179.91197,-9.455248,23.152264,200.72342,20.593662,-23.78877,163.7884,3.670956,12.161185,147.48714,-10.242191,-10.707754,147.49986,-7.426894,12.092077,109.46416,-3.1666877,-14.454419,110.31944,-0.5103793,7.671285,73.19962,-8.357952,-18.21567,76.66553,-15.889511
3.511665,213.66174,13.706092,6.6032963,216.97452,11.211275,-0.13304713,217.0127,12.000664,10.800025,216.15259,1.1734285,-5.665494,216.7079,3.100435,16.350393,202.05638,-10.094709,-18.088852,199.84834,-4.3580465,32.393307,186.1163,3.3285959,-35.359478,179.1553,-8.752104,22.88961,200.10083,19.946331,-22.941156,164.36418,5.176305,11.942043,147.63196,-10.349648,-11.011411,147.46088,-7.312089,11.438942,109.480125,-3.6047773,-13.500626,110.205894,-0.22528005,7.1169224,73.189606,-8.373291,-16.346144,76.87998,-16.57318
3.292708,214.13264,13.552636,6.4254365,217.37215,11.0265665,-0.31548467,217.49168,11.793592,10.680473,216.46776,1.0442834,-5.7866244,217.07295,2.8236585,16.313198,201.82286,-10.160353,-18.129492,199.84306,-4.4643364,31.074863,184.59996,3.2926493,-34.813614,178.34373,-7.9478264,22.356773,199.7287,19.316072,-21.958773,164.45627,6.510331,11.576663,147.69287,-10.330322,-11.152102,147.63678,-7.034383,10.888875,109.617065,-3.8702679,-12.523317,110.265274,-0.14900619,6.552652,73.217964,-8.351352,-14.482233,77.03895,-17.051945
2.9293442,214.3773,13.500462,6.2195888,217.54578,11.0792885,-0.5325446,217.85178,11.665635,10.422132,216.6915,1.0132927,-6.0617414,217.30147,2.6876264,16.29253,201.54916,-10.207998,-18.28071,199.80861,-4.374869,29.905321,183.06952,2.9252434,-34.164013,177.5669,-7.464302,21.910479,199.0474,18.508163,-20.807646,165.08371,7.847855,11.211446,147.79497,-10.499647,-11.501198,147.74338,-6.7719665,10.448452,109.66129,-3.9493854,-11.402349,110.391884,-0.16601701,5.890481,73.43343,-8.329815,-12.479571,77.43324,-17.463566
2.645821,214.63425,13.488079,5.993422,217.81363,11.169146,-0.77773243,218.09398,11.569497,10.356943,216.69644,1.0862696,-6.129016,217.25023,2.410423,16.228586,201.26204,-10.137398,-18.338022,199.90485,-4.230384,28.705477,181.33414,2.2429285,-33.267624,177.04724,-7.270366,21.587797,197.92781,17.721392,-20.256498,166.35223,9.697303,10.867818,147.81677,-10.39237,-11.887822,147.6843,-6.701333,10.037318,109.85955,-4.0652595,-10.51194,110.38932,-0.4055401,5.405128,73.77369,-8.345735,-10.659657,77.67412,-17.836653
2.4475636,214.76375,13.516165,5.7829213,217.89444,11.115978,-0.98769253,218.18105,11.539553,10.14773,216.79604,1.1129392,-6.3405666,217.45784,2.4503298,16.160862,200.97583,-10.154644,-18.48917,200.04214,-4.065419,27.583063,179.81941,1.4149185,-31.941095,176.49896,-6.965417,21.005587,196.76353,16.844843,-20.090876,167.18808,11.83939,10.357107,147.81453,-10.291397,-11.956047,147.74109,-6.72423,9.585174,109.946556,-4.1571016,-9.527796,110.295845,-0.70979154,4.991204,73.889435,-8.509737,-8.727966,77.562164,-18.256378
2.1744723,214.85849,13.5791025,5.5787544,217.94504,11.211046,-1.1855166,218.31836,11.532195,10.050391,216.77188,1.2566441,-6.456502,217.46191,2.3882978,16.182838,200.60318,-10.051953,-18.66896,199.91508,-3.9472528,26.590473,178.26236,0.2998144,-30.837519,175.83987,-6.573336,19.938683,195.23729,15.737866,-19.991901,168.65399,13.701697,10.167139,147.88773,-10.258469,-12.177373,147.64682,-6.866433,9.309265,110.01068,-4.0567265,-8.492195,110.19399,-1.3587999,4.603208,73.92244,-8.369327,-6.785259,77.14611,-18.224367
2.2003841,214.88548,13.746963,5.526181,218.05693,11.380807,-1.2517377,218.20294,11.631263,10.037378,216.827,1.3829952,-6.4283676,217.47757,2.514038,16.362192,200.28221,-9.418367,-18.589901,199.86761,-3.6245668,25.621393,176.40207,-1.107965,-30.112547,175.5638,-6.119045,19.13353,193.39183,14.472316,-20.208323,169.73871,15.077715,10.108017,147.70886,-10.160949,-12.579248,147.35307,-6.8175173,9.041023,109.89811,-4.0445285,-7.6383157,109.750946,-2.433637,4.099618,73.927986,-8.232754,-5.3212767,76.00772,-18.246767
2.1857855,214.92453,13.971162,5.636853,217.97968,11.634874,-1.1378427,218.3297,11.78675,9.970029,216.87238,1.6023556,-6.5413275,217.36093,2.8012125,16.406643,199.72223,-8.882384,-18.58342,199.71306,-2.9479828,24.318527,174.51591,-2.6598017,-29.281929,175.0092,-5.55795,18.39852,191.29796,13.373046,-19.670856,171.48006,16.270187,10.137343,147.56734,-10.330773,-12.377963,147.03429,-6.6672907,8.733631,109.79701,-4.273101,-7.044383,109.49316,-3.6729872,3.8595815,73.69919,-7.812361,-5.009191,75.24979,-18.634956
2.2121449,214.95552,14.382362,5.7651935,217.96602,12.139844,-1.0099218,218.37009,12.079569,10.068892,216.66518,2.0118694,-6.4465466,217.3204,3.146005,16.428827,199.23042,-8.34808,-18.430635,199.56598,-2.1313696,22.91581,173.12418,-4.453021,-28.824808,174.52722,-4.7158604,17.445803,189.24715,12.182772,-18.566694,172.87764,17.191973,10.199562,147.37878,-10.439388,-12.114797,147.07088,-6.6738043,8.725722,109.62692,-4.590345,-6.6613674,109.342094,-5.183864,3.591721,73.54548,-7.419778,-5.298905,74.843346,-19.178885
2.1577165,215.13222,14.866857,5.7710166,217.9858,12.51646,-0.9889455,218.59657,12.521318,10.085408,216.78893,2.5600898,-6.4403615,217.42256,3.573971,16.545813,198.82661,-8.102768,-18.321953,199.39706,-1.3511002,21.988745,172.20581,-6.4487233,-28.326328,174.184,-3.4191701,16.321129,186.9239,11.262943,-16.960627,174.05595,18.131079,10.250206,147.25237,-10.632651,-11.713494,146.98065,-6.784424,8.948237,109.48891,-4.828461,-6.8280525,109.1724,-7.051688,3.4346676,73.4897,-7.2520165,-5.923178,74.2252,-19.561716
2.3169856,215.17064,15.3118725,5.792317,218.11655,12.862815,-0.97697675,218.53305,13.015182,10.285679,216.79666,3.052749,-6.261506,217.5733,4.084624,16.586203,198.61806,-7.5313783,-17.99196,199.46428,-0.30214885,21.076132,171.67467,-8.552436,-27.874474,174.17194,-2.197233,15.236918,184.0823,10.681458,-15.377296,175.26472,18.906536,10.174072,147.12926,-11.200641,-11.607056,146.7381,-7.116499,9.038265,109.38394,-4.9809146,-7.287839,108.97846,-8.826357,3.4533794,73.376144,-7.256965,-6.5828447,73.73043,-19.950665
2.588731,215.16115,15.750028,5.909402,218.2051,13.223103,-0.84748083,218.56563,13.734568,10.526378,216.7909,3.518543,-6.037237,217.6558,4.582338,16.664457,198.51671,-7.6128354,-17.675589,199.45663,0.80482084,20.658743,171.67607,-10.585375,-28.000423,174.38953,-0.8936739,14.101241,181.20847,10.250085,-14.314422,175.8738,19.352058,10.139475,146.99551,-11.832983,-11.619541,146.65358,-7.7404947,9.122416,109.33067,-4.723965,-7.8020816,108.890305,-10.096679,3.5485833,73.45454,-7.415763,-6.9626503,73.42827,-20.313774
3.0376952,215.21384,16.307873,6.3804674,218.16841,13.7060375,-0.39410475,218.4336,14.009395,10.850124,216.68085,3.970931,-5.6961117,217.47522,5.1336474,16.756132,198.45363,-7.770967,-17.446888,199.51825,1.9347609,19.710917,171.77324,-12.430789,-28.612137,174.71161,0.07816576,13.008315,178.29475,9.798163,-13.789934,175.52213,19.416597,10.10591,146.77032,-12.564284,-11.629326,146.5967,-8.443818,9.296397,109.3934,-4.26976,-8.300716,108.77257,-10.588352,3.9020736,73.62149,-7.6434674,-7.1788144,73.50636,-20.644133
3.2742784,215.06989,16.882631,6.7555246,217.8914,14.307437,-0.010453159,218.3718,14.476715,11.271418,216.36475,4.600602,-5.2949934,216.96,5.5322013,16.756453,198.31049,-7.8081226,-17.172039,199.62666,3.0513818,18.901003,171.96982,-14.362166,-28.994457,175.2887,0.69585323,12.213879,174.58781,8.761021,-13.807691,173.98845,19.663462,9.718956,146.6785,-13.010868,-11.948954,146.46385,-9.204374,9.727561,109.43922,-3.718013,-8.470275,108.65704,-10.629367,4.617397,73.68984,-8.318634,-7.537606,73.4274,-20.919758
3.5529,214.76308,17.20278,6.968554,217.71358,14.68697,0.19093274,217.99251,14.814621,11.609564,215.84967,4.9826527,-4.9508047,216.30473,5.765545,16.84065,198.08006,-7.9889007,-16.795563,199.29604,4.0614157,18.14997,171.99205,-15.684788,-29.30792,175.35732,1.2417592,11.547411,170.71434,7.5546746,-13.90712,170.7936,19.681664,9.341128,146.57799,-13.415666,-12.306813,146.50525,-9.598658,10.061288,109.57843,-3.0608244,-8.288911,108.805435,-10.130973,5.251606,73.6411,-9.28573,-7.9568706,73.73692,-20.82654
3.9167933,214.17659,17.538553,7.1774197,217.28915,15.009015,0.39320943,217.23694,15.153888,11.882102,215.3898,5.2848225,-4.668644,215.4506,6.0940824,16.810133,197.92365,-8.218286,-16.368969,198.80936,5.120174,17.716599,172.35657,-16.653618,-29.84461,175.42079,1.6264849,11.71884,166.21121,5.919117,-14.552837,167.33969,18.778517,8.858047,146.70453,-14.125321,-12.663414,146.64067,-9.730803,10.379037,109.75308,-2.602284,-7.9773316,108.78317,-8.007414,5.9050317,74.03763,-10.632048,-8.681404,74.39814,-20.554882
4.210638,213.31105,17.834435,7.4044447,216.39572,15.200573,0.6183753,216.25755,15.417519,12.174763,214.33643,5.5622287,-4.3550344,214.39648,6.352085,16.967995,197.07883,-8.392257,-16.034014,198.06517,5.66494,17.423006,171.69987,-17.037807,-30.126837,175.40253,1.80743,11.996039,161.13496,4.167075,-14.993433,163.26411,16.654581,8.429723,146.53806,-14.959135,-13.185724,146.39908,-9.772894,10.356143,109.97889,-2.0127888,-7.8436365,109.20314,-4.5218897,6.466678,74.49767,-11.918864,-9.509126,76.181816,-20.045229
4.2581005,212.03261,18.033455,7.575427,215.13684,15.5641365,0.7970433,215.05272,15.509071,12.374135,213.03575,5.821995,-4.099851,213.23311,6.402236,17.309938,195.95483,-8.3479595,-15.649302,197.18561,5.862013,17.427334,170.64415,-17.247622,-30.169865,175.06082,1.5026326,12.148864,157.5541,2.462688,-16.269,159.1515,13.990193,8.13959,145.52522,-15.338227,-13.349297,145.64594,-9.713349,10.510358,109.46071,-1.7050866,-7.8336844,109.40835,0.038705837,7.0457554,74.30986,-12.927975,-10.215548,79.125114,-19.90691
4.474065,210.74306,18.082226,7.7889037,213.83113,15.592254,1.0047448,213.87604,15.706576,12.710967,211.8553,5.94798,-3.8178396,211.9754,6.422354,17.81575,194.57724,-8.570677,-15.599868,195.93307,5.8109913,17.915056,169.09657,-17.312605,-30.275827,173.87039,1.0699195,12.611789,154.72908,1.2062013,-18.653648,155.25717,12.059494,8.054794,144.58517,-15.41548,-13.332258,144.62103,-9.272745,10.857714,108.721756,-1.6589471,-7.61814,109.69805,4.0616064,6.9176435,73.93593,-13.595085,-10.8538475,83.130806,-20.134066
4.9371686,209.43523,17.90433,8.157077,212.60315,15.401105,1.3742131,212.51463,15.60725,13.028101,210.58536,5.720491,-3.488523,210.86195,6.389941,18.315247,192.80276,-8.682129,-15.479932,194.65318,5.6315346,18.452204,167.21771,-17.485764,-30.168316,172.67749,0.3798492,12.064651,154.38678,1.9803134,-21.138151,151.88374,9.519016,7.95855,143.76027,-15.453015,-13.4686575,144.05013,-8.350888,11.484885,107.810684,-1.8259114,-7.451785,110.055176,7.5103116,6.5208197,73.30646,-13.436007,-11.097552,88.17923,-20.810427
5.373341,208.3181,17.66091,8.557621,211.53572,15.176632,1.7724466,211.35297,15.366252,13.432276,209.48465,5.436553,-3.0839236,209.8161,6.161885,18.26939,191.32738,-8.497559,-15.329917,193.6497,5.3208876,19.245604,165.60739,-17.158737,-30.254267,171.85066,-0.51895064,12.312646,154.99121,3.431549,-23.800222,149.21567,6.23796,7.938855,142.97906,-15.206421,-13.527566,143.34584,-7.630487,12.030232,106.92181,-1.8449582,-7.442631,110.39007,10.284294,6.0489745,72.65666,-13.242809,-11.542859,93.277405,-20.977001
5.7148027,207.57411,17.50789,8.901813,210.77325,14.998144,2.12552,210.66438,15.272385,13.783707,208.87016,5.3509884,-2.70231,209.20384,5.95615,18.390034,190.42094,-8.049929,-15.279304,193.04181,4.4562416,20.58257,164.5599,-16.422163,-30.702822,171.51816,-1.8533568,12.093114,157.11118,4.8076706,-26.243649,148.14363,3.1366444,8.079364,142.3357,-14.420696,-13.6633835,143.00386,-7.1649294,12.178198,106.52822,-1.6927587,-7.1249537,111.21221,12.284497,5.96863,72.558334,-13.204048,-12.101328,98.39262,-20.962732
5.991228,207.16975,17.404188,9.254062,210.35606,14.962139,2.4730895,210.34808,15.179709,14.034279,208.69427,5.199732,-2.4690855,208.82199,5.865909,18.516037,189.98605,-7.8381667,-15.141144,192.92596,3.45696,21.315096,163.88828,-15.565758,-31.541002,172.32683,-3.6178377,11.685326,159.69347,5.997141,-28.321379,148.48584,0.08186171,8.249031,142.11827,-13.489026,-13.930411,143.11104,-6.9686866,12.546077,106.452866,-1.5181055,-6.6639686,112.81153,14.502166,6.0735993,72.508255,-13.514395,-12.070834,103.33641,-20.13783
6.052423,207.29198,17.279556,9.3133545,210.41019,14.757949,2.530528,210.40675,14.975479,14.036938,208.92007,5.0147104,-2.44067,209.12065,5.801415,18.673883,190.37825,-7.853007,-15.077456,193.46007,2.777826,22.408728,163.90125,-14.373075,-32.448654,174.29286,-5.4059467,11.668188,162.27678,6.6643066,-29.473867,150.36717,-2.6808398,8.266857,142.31328,-12.713138,-14.0013275,144.03233,-6.439438,12.489644,106.17538,-1.8060364,-6.2439065,115.12452,16.445412,5.8602777,72.507706,-13.616018,-11.614936,107.9866,-18.829157
6.140368,207.7066,17.001616,9.390551,210.89319,14.548914,2.6078475,210.83952,14.738361,13.979813,209.6832,4.685053,-2.5101223,209.83217,5.703278,18.743618,191.16048,-7.8251143,-15.075492,194.39944,2.3319147,23.412828,164.46997,-12.416034,-33.03235,176.38353,-6.7925053,10.872924,165.97897,7.5445247,-30.19525,152.28145,-5.355383,8.193612,142.84126,-12.425179,-14.03933,145.0392,-6.349121,11.870888,106.32321,-2.2860405,-6.057681,117.099686,17.819052,5.909064,72.48063,-13.911147,-10.211286,109.42395,-17.01219
6.1311026,208.59073,16.695684,9.413284,211.75749,14.268366,2.6276224,211.73276,14.416502,13.826217,210.69223,4.3191724,-2.6370645,210.997,5.5299067,19.021997,192.36766,-7.6818056,-15.088548,195.69324,1.5860225,23.831123,165.61414,-10.78102,-33.84765,178.98015,-8.177141,10.256154,169.47456,8.089682,-30.58602,154.98854,-7.1590962,8.138036,143.82562,-12.775566,-13.876617,146.12782,-6.606698,11.024697,107.09215,-2.8143587,-5.343635,119.465416,19.172098,5.787162,72.795906,-14.314593,-8.677865,107.46697,-13.767155
6.0677133,209.57169,16.54386,9.338824,212.7452,14.109224,2.5615892,212.76837,14.322737,13.747778,211.91751,4.182061,-2.6746318,212.26979,5.4217763,19.463223,193.71535,-7.4046836,-14.969463,197.17152,1.0763252,23.848047,166.78786,-8.779172,-34.404846,181.52809,-9.089642,9.711305,173.27148,9.415984,-30.472828,157.7845,-8.375089,8.251674,145.51907,-13.067771,-13.669359,147.96153,-7.00792,10.435106,108.4494,-3.8481,-4.729579,122.14731,19.905787,5.425292,73.865005,-14.99128,-7.929846,107.78181,-12.414097
5.9614744,210.83476,16.483881,9.215166,214.06175,14.091443,2.4328737,213.9343,14.176476,13.717376,213.33862,4.250509,-2.779654,213.55441,5.3514066,19.860666,195.063,-6.798798,-15.162273,198.90611,0.45272812,24.178116,168.11644,-6.9813657,-34.85063,183.86594,-10.038362,9.35551,175.68724,10.113649,-30.27313,160.19691,-9.058678,8.509902,147.03195,-13.195115,-13.323384,149.60849,-7.400457,9.940046,109.69714,-4.9787617,-4.576389,124.68666,20.044285,5.4325185,74.40394,-15.082028,-7.6381826,108.11844,-11.43081
5.6975822,212.05624,16.46983,8.912111,215.41383,14.210726,2.1343453,215.19765,14.270439,13.507805,214.87265,4.281094,-2.9402065,214.9094,5.316469,20.167587,196.59346,-6.1907425,-14.868827,200.53952,-0.47458798,24.4572,169.52457,-5.0742145,-35.258358,186.46843,-11.123092,9.116894,177.82332,11.246242,-29.81558,163.02635,-9.770198,8.765185,148.39752,-13.066952,-12.883692,151.42183,-7.6902857,9.657685,110.68045,-6.057142,-4.6568365,126.931725,20.136555,5.721028,74.22401,-14.439969,-7.713925,110.84406,-12.04417
5.487409,213.30704,16.494293,8.8205385,216.5901,14.291552,2.0409586,216.48349,14.177762,13.292535,216.27806,4.3789496,-3.1578593,216.3572,5.407155,20.49174,197.9753,-5.3744116,-14.592229,202.13521,-1.3853484,24.598118,170.9555,-3.3616672,-35.376083,188.839,-12.211502,9.106926,179.08694,12.914525,-29.34894,165.80034,-9.830505,9.186816,149.52184,-13.044597,-12.307746,152.89088,-7.9228716,9.541168,111.32988,-6.896457,-4.4995875,128.47218,20.177162,5.5569935,74.521614,-14.546314,-8.840759,115.118965,-13.267725
5.266329,214.41121,16.37392,8.53529,217.74203,14.14818,1.7589054,217.58418,14.131378,13.074403,217.50166,4.2962728,-3.402101,217.69931,5.3646793,20.50073,199.32928,-4.8460264,-14.692552,203.54291,-2.158221,24.752981,172.40633,-1.50463,-35.409435,190.72285,-13.705213,8.551211,180.3751,14.365632,-28.65074,168.15604,-10.090823,9.588006,150.62067,-13.4194,-11.62599,154.20016,-8.055582,9.458056,111.950615,-7.6843534,-4.397663,129.99918,20.364744,5.222516,74.87302,-14.556588,-8.529949,116.06986,-13.023971
5.004585,215.36868,16.212696,8.373114,218.66373,14.081753,1.5936773,218.71346,14.072181,12.98256,218.70488,4.305683,-3.4600194,218.63928,5.0364585,20.844347,200.62126,-4.3089285,-14.617626,204.71078,-3.0952315,24.958208,173.8966,0.19332254,-35.227596,192.2277,-15.150124,8.178668,181.23045,16.047209,-28.439459,170.11678,-9.628999,10.040542,151.6492,-13.555526,-11.153573,155.13951,-8.768905,9.386238,112.56053,-8.620512,-4.639974,130.9207,20.17233,4.5804,75.55884,-15.12032,-8.404094,113.85157,-11.873085
4.7908144,216.15,15.922528,8.120572,219.47136,13.778437,1.3449721,219.41577,13.719367,12.922251,219.447,4.1070213,-3.526828,219.44562,4.643288,21.074205,201.60492,-3.916729,-14.741514,205.51408,-4.3959103,25.234123,175.22127,1.8484561,-35.205406,192.997,-16.535513,8.09451,181.26517,18.05526,-27.888464,171.87773,-8.874663,10.678061,152.27803,-13.739225,-10.599145,155.76482,-9.265615,9.129111,112.96901,-9.409732,-4.86927,131.05988,19.60892,3.7653923,76.038765,-15.726134,-8.323381,109.99474,-9.819755
4.7168965,216.51714,15.5053005,8.007011,219.92052,13.432068,1.2264243,219.77881,13.367115,12.725744,219.84651,3.6136265,-3.740969,219.7904,4.305933,21.186333,202.19444,-3.6699026,-14.766887,205.97092,-5.6109858,25.51648,176.22643,4.0552793,-35.13237,193.30034,-18.059189,8.107158,180.80424,20.204254,-27.53447,173.77945,-7.3409605,11.080601,152.94835,-14.596775,-10.194514,156.05458,-9.991,8.760141,113.74815,-10.411003,-5.181998,131.67717,18.984425,3.109186,76.728836,-16.889317,-7.8847647,106.04512,-6.8988676
4.5981693,216.72743,14.947998,7.9296937,220.22041,13.090078,1.1492699,220.16139,13.018665,12.654534,220.15808,3.1066227,-3.8681755,219.82256,3.7059262,21.293715,202.60983,-3.813611,-14.531748,206.20744,-6.9838824,25.872387,177.5008,5.733943,-34.993294,193.2126,-19.09043,8.32198,179.93298,21.959856,-27.85351,175.30788,-5.382284,11.533831,153.66528,-15.163315,-9.739239,156.16846,-10.488992,8.485305,114.80738,-11.102695,-5.602047,130.91357,17.9455,2.5657144,77.526,-17.908966,-7.8165855,101.53349,-3.5744128
4.4995275,216.75487,14.460507,7.9310837,220.18852,12.68314,1.159958,220.1859,12.336274,12.64699,220.0618,2.638212,-3.831608,219.76848,3.0869057,21.301012,202.88661,-3.5042179,-14.487655,206.25995,-8.230101,26.157383,178.50087,7.518097,-34.726746,192.71156,-20.046795,8.567975,178.12633,23.727707,-27.760956,176.13284,-4.395512,11.893587,153.74942,-15.253843,-9.385629,156.05713,-11.084067,8.350384,115.20555,-11.308591,-6.5018597,129.66782,16.734116,2.3310683,78.04236,-18.76696,-8.144516,97.45784,-0.5948707
4.3814025,216.76521,14.051449,7.77201,220.18092,12.156677,1.0090792,220.12315,11.865035,12.528485,219.81247,2.1542299,-3.958037,219.63248,2.6753519,21.190228,202.92293,-3.271521,-14.19525,206.10338,-9.552392,26.471186,179.63814,9.599434,-33.956734,191.6125,-21.030401,8.701895,176.2022,25.299107,-27.208357,176.47943,-3.6297023,12.167415,153.57141,-15.347175,-9.335297,155.38751,-11.741534,8.352925,115.14294,-11.558834,-7.171207,127.794876,15.218493,2.4169648,77.90253,-19.513258,-9.166705,93.23557,2.6250398
4.18276,216.38324,13.565956,7.5391154,219.82993,11.666428,0.7774634,219.60277,11.218043,12.306968,219.26248,1.606388,-4.180152,219.08582,2.1717036,21.25464,202.22835,-3.0061393,-13.981903,205.60223,-10.648686,27.006683,180.21066,11.862894,-33.150005,190.49788,-21.93794,8.64742,175.07535,26.634302,-26.46852,177.03917,-2.8527894,12.262948,152.80849,-15.3660555,-9.274518,154.37944,-12.371407,8.476289,114.35526,-11.5462475,-8.016187,125.064,13.292239,2.8795059,77.18171,-20.247946,-10.26251,89.048904,5.9592576
4.029137,215.7796,13.133814,7.2551804,219.31459,11.178497,0.50670105,218.85489,10.772515,12.132754,218.5835,1.131679,-4.3158813,218.32083,1.6771662,21.336031,201.36588,-2.5706272,-13.596858,204.70818,-11.642701,27.777517,180.39757,13.590836,-32.37986,189.23787,-22.831171,8.85714,174.14856,27.172525,-25.53213,177.84496,-2.465597,12.3489065,151.70337,-14.785813,-9.302125,153.00967,-12.752948,8.319718,113.21696,-11.598342,-9.027178,122.28473,11.454783,3.0527568,76.132256,-21.025782,-11.461811,85.50715,9.561166
3.772879,214.93762,12.760552,7.0405493,218.32225,10.62445,0.270195,218.03328,10.401388,11.944585,217.85454,0.85635906,-4.5113683,217.2374,1.1806067,21.182085,200.57541,-1.7777411,-13.257575,203.83246,-12.660704,28.802618,180.53555,15.209306,-31.772488,187.69707,-23.072577,9.07733,173.43527,26.666481,-24.447277,178.57538,-1.7140561,12.544935,150.58353,-14.004006,-9.540514,151.70789,-13.098875,8.354161,112.10275,-12.023664,-9.981791,119.57749,9.340236,3.070654,75.133026,-21.762047,-12.548976,83.00101,13.074292
3.4650185,214.07748,12.422527,6.719103,217.51447,10.33908,-0.047808632,217.22087,10.147332,11.587841,216.7957,0.4428799,-4.8728185,216.43756,0.91427326,20.947443,199.81912,-1.1193917,-12.921728,202.70801,-13.539819,29.94949,180.52815,16.330486,-31.16999,185.58264,-22.523699,9.427021,172.6991,25.919884,-23.550444,178.73228,-0.573435,12.503704,149.31256,-13.304387,-9.803413,150.2918,-13.310028,8.423415,111.002304,-12.467644,-10.505713,116.97625,7.326497,3.0713575,74.487656,-22.558552,-13.222478,81.38088,15.553994
2.9716256,213.25511,12.326795,6.1913943,216.78561,10.349689,-0.56389934,216.36284,10.035838,11.289236,216.14737,0.5368097,-5.207392,215.5359,0.7184058,20.794163,198.91986,-0.10918551,-12.536906,201.69498,-14.465366,30.995451,180.12888,17.231585,-30.09024,183.59909,-22.535234,9.941219,171.42284,24.723934,-22.95286,179.77583,0.6348978,12.563131,147.95963,-12.408243,-9.828831,148.9255,-13.84938,8.145946,109.80904,-12.649229,-10.869279,115.06719,5.817938,2.9144764,73.92408,-22.939878,-13.757235,80.18987,16.580626
2.4582264,212.63315,12.449307,5.7003875,216.21167,10.591762,-1.0497357,215.7629,10.1447525,10.8839035,215.78717,0.80453867,-5.571001,215.0093,0.74163824,20.637613,198.34062,0.43548614,-12.254762,200.77864,-14.964011,31.997652,179.64505,17.170553,-28.784985,181.38075,-22.048178,10.799735,169.681,22.745144,-23.452034,180.88396,1.9004667,12.629868,147.2338,-11.58766,-9.412701,148.09952,-14.283408,8.0301895,109.04421,-12.403062,-11.201277,113.907585,4.7506666,2.9814138,73.7009,-22.706337,-14.392494,79.39686,16.25834
1.8354264,212.52069,12.723289,5.0956817,216.08163,10.866373,-1.6284258,215.56903,10.249466,10.415252,215.74292,1.2159116,-6.0332155,214.91182,0.8803244,20.416424,198.4108,0.6763892,-12.443394,200.24931,-14.5381975,32.74587,179.34462,16.055489,-26.988312,179.04747,-21.28428,11.816416,168.42694,20.426506,-22.96142,181.77684,2.8425398,12.7206,146.82181,-10.901636,-9.425514,147.62347,-14.379747,7.8581095,108.92676,-11.336101,-11.599456,113.33827,3.9604225,3.0282962,73.77491,-22.216812,-14.852341,78.57355,14.760063
1.0963207,212.61497,13.035204,4.3813524,216.20847,11.291094,-2.3436306,215.71953,10.603702,9.7577915,215.85284,1.666569,-6.7336793,215.01813,1.1427505,19.940735,198.83607,0.94413066,-12.817698,199.89612,-14.192828,33.555145,179.08717,14.049656,-25.136408,176.945,-20.454292,12.980255,167.5652,18.062733,-21.941193,182.12772,3.4154956,12.675283,146.82623,-10.031994,-9.559525,147.5032,-14.405221,7.607102,109.13837,-9.398146,-12.164572,113.17547,3.2360697,3.357466,74.45355,-21.614584,-14.654747,78.11908,12.649662
0.31213048,212.79503,13.469918,3.5933132,216.38832,11.722367,-3.114892,215.8255,10.925299,9.028125,216.03874,2.1335075,-7.477848,215.22311,1.5479449,19.496912,199.21,0.97834194,-13.333688,199.77318,-13.971712,34.1048,178.57462,11.307552,-23.196161,175.34514,-19.448763,14.406433,166.03845,15.90329,-20.554361,182.11781,4.011734,12.3708,147.4911,-9.630647,-9.61968,147.93275,-14.393509,7.5937867,110.15923,-6.39999,-12.729164,113.49912,2.4634254,3.4996789,75.817406,-20.283583,-14.380185,77.80573,9.664823
-0.44746473,212.8158,13.758395,2.809366,216.4035,11.948916,-3.918719,215.84132,11.276732,8.283892,216.0884,2.413146,-8.218993,215.19434,1.8210044,19.214752,199.44559,1.0465093,-13.9670515,199.58464,-13.6191435,34.30214,177.93239,8.7853365,-21.747871,174.1998,-18.084799,15.634508,164.04108,13.564969,-19.701704,181.80638,5.237077,12.335767,147.96373,-9.580928,-9.760965,148.21469,-14.843481,7.5468516,111.14864,-2.9126346,-12.684755,113.69457,1.7237707,4.1231227,77.63574,-18.394665,-13.802875,77.46633,5.8597946
-1.0502435,212.55736,14.023182,2.3341606,216.04771,12.260905,-4.4009647,215.72961,11.549611,7.63705,216.03474,2.7237875,-8.857215,214.97917,2.1519444,18.693188,199.68634,1.221356,-14.3596525,199.35533,-13.329219,34.14963,177.50987,5.324148,-20.752192,173.47784,-16.522142,16.934183,161.92677,10.7697315,-19.085245,181.03569,6.692371,12.13625,148.55298,-9.325604,-9.68823,148.60233,-15.963466,7.2542586,112.42082,1.17731,-12.719163,113.863396,0.93959653,4.979801,79.97798,-15.996646,-13.205621,77.32165,2.303134
-1.6341366,212.11438,14.267269,1.6841784,215.6732,12.518169,-5.061583,215.28955,11.903994,7.0673585,215.55995,2.9359863,-9.41297,214.67415,2.4191532,18.397314,199.29857,1.1937859,-14.455161,198.95467,-13.078064,33.721878,176.6639,2.0326223,-19.937582,172.69548,-15.253808,18.297443,159.1797,7.9782224,-18.855581,179.61148,8.180982,12.21576,148.18198,-9.441458,-9.384668,148.34584,-16.924623,6.9743176,113.66848,5.7603617,-12.778137,113.84318,-0.097152345,5.8713818,82.77457,-13.640837,-12.70981,77.34472,-0.75460315
-2.1591353,211.37521,14.66136,1.1253875,214.91782,12.80907,-5.5992565,214.42464,12.151111,6.5340896,214.55032,3.2226675,-9.936938,213.7313,2.788147,18.221094,198.79358,0.9023138,-14.658805,198.03069,-12.725401,32.89914,175.7166,-0.72897226,-19.300055,171.55962,-14.1222105,19.892502,156.66443,5.917522,-18.775743,177.48785,9.579386,12.666364,147.98997,-9.48659,-8.995287,147.95421,-17.616865,6.5362377,115.0886,9.561087,-12.806823,113.46336,-1.2223063,6.54668,85.764595,-11.742207,-12.189453,76.881256,-3.9481106
-2.5485432,210.40326,14.845166,0.7336965,213.96143,13.027364,-6.011462,213.55228,12.496344,6.1607375,213.4131,3.4008555,-10.320956,212.51607,2.9077744,18.032595,197.91699,0.78329664,-15.10212,196.77504,-12.5371475,31.708368,174.7336,-3.2491019,-19.199932,170.08722,-12.921377,21.39523,154.37596,4.138866,-18.34847,174.66719,11.127777,13.368675,147.42725,-9.5392885,-8.175644,147.23608,-18.209673,6.158305,116.771034,12.482948,-12.909235,113.13689,-1.7797558,7.201347,88.953606,-10.522681,-12.142589,76.53283,-6.451365
-2.9366257,209.25157,15.051581,0.35612568,212.74854,13.122694,-6.395033,212.39113,12.680592,5.822253,212.12723,3.6090782,-10.676674,211.2251,3.1149817,17.989658,196.41345,0.53539515,-15.326936,195.0238,-12.018741,30.875366,173.29898,-5.776386,-19.204008,168.3754,-11.509549,22.736765,151.96988,2.1497023,-18.184288,171.44684,12.867428,13.857792,146.52083,-10.149951,-7.430358,146.1929,-18.638184,5.691325,118.76503,14.9452305,-12.965972,112.178345,-2.4276783,7.9841814,92.11214,-9.400934,-12.193573,75.56709,-8.155261
-3.3038983,207.73358,15.085416,-0.08854995,211.20297,12.9969225,-6.847734,210.77327,12.71074,5.4571023,210.5589,3.6269248,-11.032875,209.54312,3.0903165,17.84462,194.68196,-0.020545455,-15.363298,192.92989,-11.517343,30.020493,171.7771,-8.102743,-19.522297,166.32208,-9.62714,23.573479,150.12056,0.45545954,-17.806255,168.1723,14.894023,14.529407,145.3911,-10.805481,-6.6548696,144.88934,-19.090431,5.3490443,120.99532,17.264446,-12.88204,111.03729,-3.2838671,8.717829,95.17882,-8.270922,-11.990155,74.30029,-9.405774
-3.8053365,206.1298,14.940606,-0.5287417,209.64888,13.018766,-7.265678,209.18942,12.4685955,4.9863734,208.95358,3.5363135,-11.440839,207.76442,2.8392918,17.646837,192.79239,-0.6769171,-15.617274,190.699,-11.387421,29.246086,170.07547,-9.956358,-20.057814,164.05183,-8.028655,23.97351,148.57562,-0.5945953,-16.707996,163.92908,16.536983,14.94572,144.56432,-10.699724,-5.904817,143.79298,-19.528267,5.28423,122.761116,19.318977,-12.876033,109.72048,-4.148171,9.478853,98.066376,-7.5137978,-11.357082,73.281265,-10.125628
-4.304485,204.6042,14.865377,-1.0633541,208.11569,12.87897,-7.8032885,207.61757,12.392022,4.4743743,207.42003,3.4409769,-11.944033,206.20677,2.7366004,17.541527,191.09056,-1.379497,-15.957817,188.39804,-11.05131,28.773209,168.42241,-11.505256,-20.382036,161.80655,-6.5040402,23.9918,147.41586,-1.2472023,-16.673264,158.90723,17.982391,15.365366,143.85059,-10.72101,-4.9534974,142.69977,-19.91235,6.0537477,123.80128,20.592453,-12.725383,108.93698,-4.6219764,10.308294,100.40023,-7.3095474,-10.7011595,72.79246,-10.636601
-4.766665,203.24724,14.704872,-1.5878757,206.75569,12.617802,-8.326311,206.15535,12.193189,4.011581,205.82729,3.218802,-12.412501,204.65645,2.6117506,17.204136,189.76588,-1.5627147,-15.998447,186.39214,-10.845835,28.374462,167.52693,-12.533744,-20.60639,160.06468,-5.031216,24.265789,146.98457,-1.2374927,-17.343899,153.26305,18.657236,15.9848175,143.21887,-11.114022,-4.145258,141.56468,-20.36585,6.9434586,124.61241,21.383196,-12.497994,108.19294,-4.265627,11.4340515,102.38195,-7.414133,-10.532953,72.55688,-11.016209
-5.239983,201.78416,14.542046,-2.1152275,205.26776,12.336685,-8.84974,204.60002,12.000633,3.472399,204.35628,2.9893005,-12.976934,203.11096,2.4626613,16.849482,188.74246,-1.7549918,-16.349695,184.79703,-10.474052,28.359192,166.74463,-12.824458,-21.020454,158.49023,-4.25958,24.097412,146.90118,-0.43985355,-17.474514,148.24643,18.258438,16.830132,142.51988,-11.811995,-3.5913134,140.60275,-20.667418,8.143111,125.07419,21.723885,-12.538808,108.01277,-3.336271,13.055106,103.784645,-7.6955276,-10.650165,72.43801,-11.049502
-5.7297597,200.50554,14.422453,-2.638223,204.00749,12.196587,-9.356564,203.2219,11.798773,2.8344104,203.24649,2.7982614,-13.598068,201.73183,2.452227,16.311817,188.10504,-1.6499861,-16.714428,183.76144,-10.324989,28.570278,166.47238,-12.416224,-21.329884,157.63936,-3.8661065,23.87223,147.25424,0.949549,-18.45429,144.2113,17.03198,17.67193,142.15201,-12.343883,-3.0254083,140.2134,-20.84827,9.826517,124.905266,21.591393,-12.480263,107.95885,-2.8085773,15.057724,104.18467,-8.107745,-10.818021,72.53975,-10.875442
-6.0660806,199.76091,14.317054,-3.0370693,203.34436,12.13587,-9.75454,202.50258,11.804325,2.226769,202.58386,2.4779246,-14.204445,201.12476,2.5534887,15.826449,187.94965,-1.5905576,-17.305069,183.1758,-10.342502,29.257679,166.61758,-11.582393,-21.99183,156.97029,-4.348975,23.68363,148.6053,3.0570269,-19.824373,140.64265,14.709993,18.322332,142.16649,-12.614381,-2.9731297,139.77434,-20.458706,11.941621,124.679504,21.325901,-12.413461,107.765465,-2.0126681,17.39654,104.18871,-8.743511,-11.085022,72.484825,-10.68789
-6.5197406,199.1597,14.428434,-3.4996495,202.73387,12.223856,-10.238305,202.00137,12.0777855,1.5604045,202.37642,2.562691,-14.835708,200.61745,2.7947812,15.038382,188.0413,-1.2237439,-17.74859,182.90373,-10.959233,30.098516,167.46382,-10.118247,-22.444296,156.51024,-5.639936,23.040817,150.77533,5.4677753,-20.95304,137.823,11.205088,18.90138,142.26917,-12.318729,-2.8750677,139.66194,-20.271221,14.5599,123.45385,21.035933,-12.375502,107.78516,-1.5321671,19.892712,103.60133,-9.288641,-11.602216,72.613525,-10.444426
-6.959066,199.00847,14.6083765,-4.0713286,202.66142,12.360186,-10.798529,201.85434,12.46057,0.9781907,202.51126,2.7225044,-15.414461,200.72952,3.0968356,14.403725,188.5015,-0.6880399,-18.093052,183.04523,-11.160554,30.767178,168.25864,-8.379807,-22.986027,156.53387,-7.1403913,22.082476,153.23573,8.193317,-22.107513,136.03824,7.589317,19.353888,142.56856,-12.156334,-2.7854953,139.6914,-20.095291,17.100822,122.730225,20.757504,-12.0674515,107.69832,-1.593804,22.67931,102.959854,-9.969316,-12.082662,72.508286,-10.605072
-7.4038157,199.24437,14.959107,-4.4688797,202.83684,12.6771755,-11.204385,202.06139,12.715144,0.5021468,203.1327,3.1366696,-15.872044,201.10475,3.5021892,13.729218,189.25699,0.051744163,-18.765789,183.4395,-11.205897,31.300293,169.42784,-6.353784,-23.551792,156.64835,-8.955044,20.79714,156.67091,11.094842,-23.564653,134.63538,3.2155242,19.824938,143.0432,-11.838232,-2.28673,139.98062,-19.896988,19.71008,121.9722,20.059336,-11.835173,107.73524,-2.1393902,25.773743,101.83749,-10.419762,-12.684297,72.539185,-10.602635
-7.457878,199.777,15.426182,-4.6104918,203.42397,13.136033,-11.342609,202.54121,13.2649,-0.025787251,203.76482,3.424778,-16.409569,201.59502,4.3215723,13.039603,189.87344,0.65337884,-19.47111,183.98409,-11.343944,31.271254,170.23372,-3.9224694,-24.072695,157.1738,-11.250175,19.222588,160.3345,14.191264,-24.91637,134.28569,-1.8615327,20.11784,143.59691,-11.956815,-2.133146,140.47435,-19.519321,22.83525,121.183365,18.888945,-11.744616,107.960304,-2.2315624,29.217257,100.17574,-10.955314,-13.519526,72.709076,-10.26592
-7.6526217,199.82098,16.00424,-4.9154787,203.61577,13.812652,-11.626963,202.7342,14.232069,-0.3464259,204.29512,4.0294156,-16.7154,202.17441,5.077757,12.53699,191.01027,1.3361685,-20.16908,184.66109,-11.35586,31.098192,171.27211,-1.2570235,-24.732523,157.82434,-13.415215,16.94044,164.56113,16.865435,-26.194107,133.90273,-6.8034506,20.395393,144.27602,-12.036713,-1.9175613,141.07086,-19.197025,25.964987,120.28843,17.04706,-11.261926,108.05544,-2.392218,32.841705,98.11098,-11.805409,-14.245619,72.58281,-10.141884
-7.664096,199.76888,16.340508,-4.952049,203.6537,14.271776,-11.650539,202.91257,15.052863,-0.6004831,204.88165,4.47441,-16.94203,202.96996,5.8213363,11.952064,191.8768,1.836147,-20.780895,185.39032,-10.98928,30.59012,171.98108,2.0564017,-25.463818,158.82245,-15.6733265,14.500804,168.95168,19.581997,-27.539946,134.42154,-11.446349,20.617336,144.92964,-11.929017,-1.8763651,141.46628,-18.550932,28.95605,119.593834,15.018015,-11.033794,108.0305,-2.867381,36.661785,96.12283,-12.871057,-14.774145,72.69185,-10.126111
-7.4505906,199.87871,16.701128,-4.8627033,203.92845,14.8266,-11.536822,202.97156,15.63841,-0.7943492,205.57828,4.9426084,-17.105486,203.30573,6.588209,11.285451,192.90587,2.1808085,-21.289392,186.08923,-10.992273,29.456999,172.92296,5.404872,-26.298264,160.06532,-17.855242,12.230311,172.79266,22.45555,-28.97314,135.47287,-16.475477,20.883896,145.1547,-11.768744,-1.9039866,141.65013,-17.883768,31.99264,118.6686,12.782502,-10.757847,108.21904,-2.910717,40.5335,93.61698,-13.54447,-15.410218,72.840485,-10.089997
-7.3390074,199.57773,17.264582,-4.860997,203.73753,15.479198,-11.492938,202.6679,16.492096,-1.051474,205.7394,5.5379963,-17.321703,203.40436,7.5683303,10.8596,193.5095,2.4501493,-21.779371,186.81248,-10.808145,28.31812,173.67839,9.105187,-26.871565,161.71204,-20.214489,10.408184,176.13307,24.760345,-30.193672,137.22113,-21.391064,21.290665,145.22086,-11.616081,-1.855572,141.85909,-17.694557,34.6184,117.41626,10.184209,-10.778086,108.4605,-2.765211,44.328903,90.99984,-14.436319,-16.279484,72.92693,-9.916226
-7.293232,199.21565,17.581932,-4.7558885,203.39403,15.930258,-11.390579,202.4242,17.033558,-1.1456892,205.97816,6.0750046,-17.36647,203.44441,8.187909,10.535706,194.016,2.9066606,-22.24783,187.11221,-10.515668,26.884783,174.56325,12.723743,-27.499119,162.97437,-22.102966,8.493185,179.77504,27.407566,-31.510765,138.85039,-26.29876,21.673063,145.21216,-11.543433,-1.6323973,141.99756,-17.470362,36.856384,116.091385,7.278074,-10.839148,108.582275,-2.5073807,48.154823,88.45319,-15.16317,-16.916828,73.13242,-9.522967
-7.290493,198.83325,17.988033,-4.4633865,202.88469,16.48255,-11.189658,202.20912,17.103643,-1.045654,205.8609,6.739157,-17.33151,203.4371,8.833159,10.5610285,194.10732,3.4786482,-22.699938,187.56892,-10.044706,25.500093,175.33023,16.223307,-28.058945,164.55927,-23.771675,6.015851,183.62753,27.437817,-32.615246,141.15926,-30.387453,22.032104,144.92723,-11.2163,-1.2611347,141.92145,-17.098389,38.72151,114.95098,4.3627343,-10.977753,108.61148,-1.8480955,51.865208,85.84131,-15.05403,-17.762077,73.05556,-9.2284
-7.100441,198.2087,18.316269,-4.25633,202.3243,17.042307,-10.984572,201.6356,17.58955,-0.98077756,205.41542,7.13065,-17.258749,203.17389,9.47429,10.102625,193.44652,3.828372,-22.762093,187.75009,-10.337344,24.026619,176.16876,19.45386,-28.645939,166.00485,-25.683212,4.7117896,186.74841,28.663082,-33.770283,143.36841,-34.37433,22.304205,144.28479,-10.987095,-0.997059,141.3512,-16.595121,40.01063,113.74424,1.4660313,-11.100705,108.44194,-1.0515885,55.057823,83.72241,-15.046047,-18.356743,72.96209,-8.88967
-6.954695,197.15239,18.617521,-4.132311,201.37326,17.67451,-10.851897,200.61981,18.204418,-0.8185688,204.51514,7.511187,-17.09709,202.5379,10.024703,10.040153,192.79973,4.3456025,-22.779705,187.8836,-10.416813,22.197426,176.57927,22.445675,-28.79307,167.54286,-27.551104,3.4706914,189.40404,29.320124,-34.670578,145.92186,-38.174103,22.634808,143.70387,-10.806383,-0.90486175,140.92049,-16.06008,40.877228,112.121956,-1.6885542,-11.186126,108.228455,0.072404064,57.696957,81.28055,-14.872226,-18.728363,73.00962,-8.646884
-7.010434,195.91034,19.476652,-4.2193327,200.1488,18.48292,-10.935185,199.33046,19.036047,-0.5139392,203.19594,8.445571,-16.831463,201.58769,10.692052,10.007921,192.00203,4.6261897,-22.56506,187.7748,-10.579568,20.23595,177.33926,25.171186,-28.876326,168.79013,-29.058912,2.2532585,192.56412,28.484327,-35.2011,148.49422,-41.730564,23.037533,142.75835,-10.666554,-0.5962066,140.43535,-14.995406,41.788494,110.452095,-5.085357,-11.159412,107.9057,1.0104965,59.904934,78.928055,-14.844586,-19.319635,73.00923,-8.464494
-7.126176,194.87453,19.977575,-4.51664,199.21782,18.961643,-11.196256,198.12352,19.451841,-0.37454727,202.02332,8.96684,-16.735815,200.41202,10.969026,10.394208,190.7586,5.1331973,-21.992405,187.41788,-10.673289,18.766329,177.69214,27.529669,-28.973206,169.87195,-30.216787,1.7671009,194.38838,28.680664,-35.838577,150.99135,-44.728672,23.603823,141.54964,-10.549901,-0.16331871,139.52853,-13.894428,42.29052,108.81952,-7.957458,-11.3053,107.44522,1.8440499,61.2617,77.02619,-15.24856,-19.86144,72.84694,-8.24541
-7.0979896,193.8154,20.784544,-4.573751,198.14061,19.569267,-11.238423,196.92712,20.021976,-0.17421508,200.44249,9.518951,-16.490532,199.04749,11.319836,10.733492,189.57744,5.495963,-21.06222,186.64943,-10.655837,17.444052,177.77744,29.093094,-28.93952,170.91536,-31.261229,1.1569645,194.98148,28.90507,-36.504894,153.63815,-47.16098,24.11915,140.53123,-10.50009,0.33513707,138.70381,-13.316739,42.769527,107.481865,-10.031574,-11.526795,106.982216,2.7871842,61.622597,75.1166,-16.46854,-20.572582,72.73903,-8.100901
-6.846364,192.68658,21.230059,-4.573555,197.20253,20.232887,-11.155904,195.58408,20.588266,0.22657171,199.08287,9.936576,-16.136915,197.7354,11.580902,10.738007,188.31612,6.0192466,-20.233227,185.95836,-10.671462,16.325922,177.44466,30.383228,-28.903831,171.69724,-31.902695,0.6493512,195.01541,29.360088,-37.044144,156.09224,-49.32456,24.568722,139.32812,-10.659506,0.771891,137.60979,-13.162784,43.050373,106.14086,-11.539173,-11.619578,106.38407,3.5476258,61.394814,73.53589,-17.774836,-21.212132,72.81084,-7.843868
-6.4446626,191.33107,21.57465,-4.318674,195.92384,20.598312,-10.84199,194.13097,21.107136,0.36423537,197.91998,10.226411,-15.926884,196.40948,12.114371,10.742505,187.04012,6.5589557,-19.22386,184.98848,-10.999368,15.643785,176.93636,31.41698,-29.093164,172.34314,-32.644127,0.6124034,194.77823,29.953833,-37.687534,158.5804,-51.249577,24.81538,138.2977,-10.425985,1.1596034,136.72249,-13.206685,43.117184,105.17114,-12.589702,-11.935392,105.97765,4.0540595,60.814438,72.06564,-18.942356,-21.797375,72.64699,-7.546908
-6.547548,190.00311,21.663979,-4.252259,194.57967,21.034704,-10.847107,192.95786,21.295084,0.62398934,196.73824,10.712033,-15.799482,195.19815,12.087207,10.965541,186.14862,7.2055187,-18.071655,184.23488,-11.38099,15.185131,175.84831,32.160583,-28.737087,172.62297,-33.36403,0.4589461,193.93094,30.744423,-37.89887,160.66612,-52.96597,24.871378,137.40921,-10.073518,1.284901,135.95543,-13.320722,42.91799,104.66899,-13.531744,-12.370412,105.825714,4.540983,60.51028,71.721436,-19.409657,-22.293741,72.56694,-7.3978853
-6.583278,189.01543,22.004456,-4.348056,193.5826,21.176464,-10.922562,191.90398,21.569859,0.6251904,195.94566,11.123257,-15.77386,194.34395,12.35164,11.308074,185.44621,7.6356835,-17.272121,183.91866,-11.705564,14.696652,174.53635,32.534973,-28.143705,172.9993,-33.847065,0.15444165,192.83888,31.206278,-37.860233,162.76083,-54.210377,24.756409,137.00996,-9.99967,1.2112976,135.57716,-13.366978,42.94148,104.61828,-14.048098,-12.620585,105.60784,4.6676893,60.38505,71.76206,-19.476297,-22.554197,72.57754,-7.616251
-6.51307,188.30695,22.208862,-4.277408,192.89017,21.499151,-10.848114,191.21973,21.923716,0.52623343,195.55368,11.424203,-15.781903,193.96724,12.792616,11.157237,185.23772,8.269639,-16.744778,184.31804,-11.73304,14.638944,173.12482,32.690266,-27.01244,173.46223,-34.420826,-0.039763715,191.36618,31.08653,-37.442112,164.37857,-55.165604,24.45514,137.35117,-10.117749,0.9207815,135.82521,-13.6919565,42.699512,104.99212,-14.319093,-12.987983,105.701775,4.3993125,60.085903,71.89731,-19.303091,-22.83618,72.536156,-7.542937
-6.8458176,187.99458,22.018713,-4.718291,192.63533,21.333824,-11.19634,190.88432,22.386024,0.18620308,195.7777,11.564148,-16.109745,194.30553,13.147495,11.295808,185.27602,8.767414,-16.3426,185.0118,-11.631275,15.146666,171.96735,32.599007,-25.759863,174.29929,-34.64413,-0.10078686,189.43724,31.892082,-36.55208,165.48178,-55.539417,24.185755,137.85803,-10.445892,0.93569416,136.25014,-14.087941,42.285065,105.449295,-14.1307745,-13.174751,105.95129,3.745114,59.868786,72.29156,-19.359032,-23.103704,72.51628,-7.615358
-7.180455,187.59909,21.673754,-4.7202067,192.12184,21.391743,-11.261762,190.74785,22.573956,-0.026455421,195.94981,11.780338,-16.270151,194.73332,13.368701,11.222684,185.46898,9.168227,-16.345537,185.61531,-11.385949,15.64476,171.047,32.291866,-25.019047,175.22336,-34.697464,0.102835946,188.32474,32.228043,-35.827545,166.0278,-55.461777,24.129519,138.39369,-10.787443,0.8943609,136.92493,-14.444756,41.891167,105.76306,-13.558025,-13.330019,106.42423,2.9656048,59.304516,72.41046,-19.442032,-23.20866,72.60513,-7.6647854
-7.1617146,187.78798,22.138838,-4.8777733,192.37921,21.627789,-11.408181,190.81285,22.608074,0.17890276,195.88536,12.197496,-16.12325,194.94267,13.616387,11.642774,185.87291,9.214156,-16.393845,186.21245,-11.238375,15.993009,170.6166,31.770613,-24.662846,175.70444,-34.660507,-0.023035329,187.35109,32.500313,-34.970184,166.3723,-55.52498,23.868069,138.63605,-11.156639,0.7649342,137.2763,-14.686951,41.492622,105.76771,-13.037251,-13.622528,106.673546,2.0330105,58.640114,72.51939,-19.344713,-23.337065,72.65457,-8.057261
-7.0371366,187.65291,22.312553,-4.7831016,192.25685,21.801413,-11.327343,190.64581,22.60199,0.36215812,195.95468,12.575434,-15.914293,195.03217,13.867026,11.875366,186.12956,9.317454,-16.379332,186.8975,-10.958858,16.139553,170.1942,31.457067,-24.572996,176.20241,-34.356777,-0.0013772934,186.77228,32.546936,-34.73602,166.52332,-55.25998,23.786434,138.8582,-11.285512,0.6322386,137.82277,-15.065443,41.262115,105.80408,-12.969595,-14.033639,107.05905,1.0912677,58.234562,72.72787,-19.3328,-23.507193,72.73243,-8.3421755
-6.872477,187.35756,22.421108,-4.443818,191.88683,22.071712,-11.056079,190.49826,22.648174,0.6339685,195.91246,13.008256,-15.659883,195.06288,14.164273,12.053193,186.27776,9.388305,-16.479715,187.26828,-10.772215,16.348896,170.08972,31.327593,-24.819057,176.66554,-34.14231,0.07600622,186.53629,32.76498,-34.71148,166.71983,-55.0121,23.4674,139.14137,-11.341846,0.4570487,138.19928,-15.645534,40.946407,105.965996,-13.278825,-14.29514,107.31119,0.22495642,57.818546,72.6665,-19.42564,-23.46382,72.71602,-8.400887
-6.799877,187.45203,22.673769,-4.2500315,191.92206,22.404392,-10.905477,190.69247,22.79531,0.82311994,195.93987,13.284664,-15.446017,195.17192,14.2579775,12.120628,186.38896,9.596942,-16.340225,187.43175,-10.727701,16.383974,170.05391,31.376534,-25.030691,176.76717,-33.931004,0.24038303,186.5955,32.811073,-34.8732,166.74374,-54.78056,23.339785,139.28854,-11.3427305,0.3424025,138.37883,-16.1495,40.850677,106.13243,-13.563165,-14.554474,107.54162,-0.4424592,57.626118,72.733215,-19.619436,-23.527096,72.77651,-8.644105
-6.608255,187.45084,22.498629,-4.0854783,191.9433,22.623613,-10.7328,190.65474,22.8706,0.87724334,196.13036,13.182894,-15.406165,195.1968,14.267136,12.03226,186.44926,9.691798,-16.301252,187.6193,-10.655202,16.594187,170.31586,31.523182,-25.119907,176.73163,-33.818516,0.36522973,186.75626,32.99404,-35.459526,166.44395,-54.3158,23.328793,139.28984,-11.363304,0.314045,138.31592,-16.661392,40.85535,106.09644,-13.790188,-14.878777,107.58816,-0.61697954,57.68775,72.697525,-19.535503,-23.4627,72.76125,-8.895004
-6.5886726,187.37794,22.237495,-3.9518397,191.77373,22.864815,-10.6294775,190.6388,22.886196,0.9413043,196.07368,12.972259,-15.39414,195.24928,14.176224,12.057583,186.30206,9.837228,-16.209644,187.59306,-10.811504,17.073795,170.71236,32.074753,-25.264261,176.6742,-33.952217,0.50805146,187.02086,33.09628,-36.033466,165.91681,-53.950897,23.304272,139.01991,-11.491332,0.06438589,138.14143,-16.867617,40.874,105.957375,-13.5779705,-15.176148,107.72147,-0.5539854,57.829456,72.71012,-19.683794,-23.405197,72.72841,-9.255928
-6.7532926,187.17001,22.085539,-4.065205,191.53186,22.681957,-10.76184,190.4612,22.74582,1.1180282,195.77559,13.023949,-15.239742,195.235,13.8499975,12.177436,186.15097,9.85723,-15.993737,187.26393,-11.058599,17.56839,171.36798,32.431137,-25.491142,176.69086,-34.031235,0.5624095,187.27383,33.423744,-37.05782,165.51874,-53.298714,23.172564,138.59175,-11.528622,0.029476725,137.82196,-17.088669,40.950775,105.65055,-13.701138,-15.340244,107.759735,-0.18063118,58.15383,72.59886,-19.966482,-23.029892,72.70332,-9.245287
-6.657499,186.86574,21.953451,-4.04625,191.30919,22.317522,-10.715576,190.14116,22.378237,1.3299191,195.5842,13.113461,-15.039067,194.7979,13.535869,12.052225,185.945,9.689197,-16.03039,187.1296,-11.256711,18.567766,172.20598,32.545486,-25.947205,176.60802,-34.20886,0.9097326,187.4107,33.851334,-38.316498,164.74236,-52.525864,22.841877,138.45157,-11.634398,-0.16190307,137.56003,-17.170397,40.903133,105.65202,-13.482395,-15.592274,107.72168,0.22128445,58.41776,72.688385,-20.07707,-22.515749,72.63548,-9.250147
-6.393644,186.50864,21.587425,-3.6056745,190.86176,21.628916,-10.313701,189.96202,21.855513,1.5006561,195.5372,12.876553,-14.890523,194.73697,13.505055,11.733101,185.79984,9.630359,-16.055931,186.98528,-11.4335785,19.365232,173.17598,32.616848,-26.480509,176.70258,-34.387566,1.1798835,187.45749,34.843906,-39.674862,164.05788,-51.40183,22.5063,138.21967,-11.620485,-0.40493652,137.38297,-17.395891,40.90249,105.60842,-13.505842,-15.802409,107.64446,0.4760627,58.725964,72.60664,-20.088034,-22.291435,72.661095,-9.1874075
-5.9727373,186.57246,21.390532,-3.2489293,190.96774,21.394182,-9.949464,189.95018,21.743263,1.5939347,195.39847,12.269275,-14.783754,194.56093,13.395718,11.117082,185.4987,9.738582,-16.252344,186.97911,-11.688312,20.391758,173.96457,32.64226,-27.148798,177.07085,-34.548744,1.558791,187.12744,35.922863,-40.721733,163.23523,-50.17911,22.22021,138.13165,-11.697987,-0.655452,137.33633,-17.734285,40.730164,105.48943,-13.441423,-16.013153,107.6728,0.51324975,59.030106,72.599365,-20.42346,-21.895678,72.548195,-9.296601
-5.7141275,186.84863,20.910852,-2.9839165,191.23048,21.077442,-9.687772,190.24365,21.065872,1.9255841,195.56018,11.827553,-14.475287,194.7948,12.811393,10.735865,185.60976,9.793346,-16.550795,187.00221,-12.16711,21.650438,175.42874,32.52865,-27.77624,177.5528,-35.106907,2.09096,187.04527,37.557873,-41.55427,162.03293,-48.620533,21.814848,137.98352,-11.932371,-1.1847922,137.26419,-17.357807,40.51759,105.5274,-13.354385,-16.040138,107.522835,0.7428127,58.900032,72.779724,-20.353476,-21.66798,72.54935,-9.423203
-5.2923365,187.21661,20.702911,-2.7057757,191.66992,20.477795,-9.380214,190.48122,20.711962,1.7817562,195.8922,11.121183,-14.537403,194.67926,12.649737,10.4161215,185.91512,9.108071,-16.947163,187.29475,-12.390531,23.044832,177.49733,31.473314,-28.323984,178.48329,-35.421345,3.1116633,186.7419,39.79478,-42.018692,161.47198,-46.69366,21.312506,137.91599,-12.269912,-1.6576357,137.17311,-17.241692,40.200886,105.57783,-13.231611,-16.207962,107.327385,1.0181655,58.593994,73.01584,-20.083004,-21.390594,72.48909,-9.726164
-5.0288825,187.58391,19.889103,-2.428833,192.0229,19.493477,-9.087302,190.86806,20.128832,1.8295838,196.4735,10.381292,-14.484808,195.17476,12.1952,10.4056,186.54822,8.535569,-17.429564,187.82286,-12.535821,24.177515,179.22382,30.542196,-29.3112,179.56085,-35.491177,5.0110073,185.26782,43.1329,-41.867287,160.70103,-44.843563,20.47424,138.06241,-12.438277,-2.4336865,137.109,-17.582853,39.382244,105.87762,-12.920425,-16.394306,107.11508,1.2684982,58.05713,73.49426,-19.745346,-20.87145,72.52237,-10.009604
-5.222614,188.19801,19.418407,-2.4435081,192.54321,19.15131,-9.151847,191.64522,19.534092,1.7451108,197.03717,9.9515505,-14.56658,195.89198,11.70869,10.966246,187.30646,7.642715,-17.835106,188.38278,-12.575628,24.941452,180.64009,29.605715,-29.855648,180.68155,-35.566387,6.896434,184.0037,44.842342,-41.79986,160.61595,-42.542545,19.902592,138.23782,-12.669245,-3.11029,137.43402,-17.449677,38.793274,106.16979,-12.511953,-16.443565,107.1422,1.189941,57.673813,74.15915,-19.537212,-20.4899,72.39288,-10.192113
-5.153403,189.34393,19.177963,-2.271659,193.62628,18.897467,-9.003213,192.87256,18.920229,1.7984195,197.82477,9.493327,-14.574571,196.85074,11.315521,11.476043,188.19853,6.9225974,-18.364944,189.20717,-12.715528,26.035225,181.81354,28.706772,-30.33098,181.35956,-35.738583,8.731169,183.07898,45.50904,-41.841858,160.59106,-39.7776,19.26604,138.58156,-12.708408,-3.8421066,137.80965,-17.380693,38.107903,106.499794,-11.976761,-16.847942,107.20901,0.9913932,56.9299,74.59215,-19.21333,-20.114023,72.60068,-10.423411
-5.1992264,190.38484,19.019632,-2.245693,194.58376,18.468937,-8.998126,193.95561,18.640633,1.6645619,198.68852,9.066849,-14.7386,197.65082,11.04865,11.799181,189.02644,6.242294,-18.740911,189.84496,-12.650483,27.347073,183.46124,27.43271,-31.042665,182.4851,-35.542877,10.951792,182.5822,45.424004,-41.659393,160.95035,-36.859234,18.518673,138.95169,-12.813507,-4.4912786,138.14455,-17.260105,37.23843,106.830986,-11.57483,-16.778145,107.086334,0.97646606,55.975693,74.88195,-18.996735,-19.601362,72.54876,-10.622405
-5.1038113,191.5521,18.824745,-2.120019,195.7015,18.048681,-8.861641,195.1827,18.599932,1.6971643,199.56102,8.610372,-14.677788,198.66606,10.812767,11.863001,190.01846,5.914762,-19.167547,190.40839,-12.698502,28.335323,184.7215,26.76764,-32.05998,183.22452,-35.38547,12.963716,181.79291,45.343758,-41.205185,161.21776,-34.203785,17.926981,139.61884,-12.828973,-5.209404,138.81398,-17.309097,36.41647,107.219315,-11.221698,-16.513706,107.147514,0.7383199,54.767914,75.08706,-18.848278,-19.051493,72.47383,-11.165173
-5.167586,192.86703,18.58056,-2.2627976,197.0454,17.686714,-8.963845,196.45827,18.561544,1.5084358,200.58713,8.0398445,-14.810885,199.82089,10.470175,11.843822,190.91887,5.577668,-19.57356,191.14282,-12.493099,29.733475,186.0662,25.402838,-33.046543,184.37997,-34.79186,15.387595,181.00867,44.640987,-40.570324,161.9105,-31.213524,17.457876,140.22884,-12.898838,-5.685445,139.24384,-17.320616,35.565624,107.54246,-10.733562,-16.303041,107.20712,0.5259674,53.32548,75.218254,-18.70863,-18.438278,72.573326,-11.32617
-5.4462657,194.30736,18.746817,-2.398232,198.3163,17.604624,-9.144319,197.97342,18.293633,1.6110725,201.27597,7.858439,-14.759671,200.90814,9.994123,12.003696,191.48732,5.080139,-20.011465,191.8732,-12.292661,30.996023,186.85126,23.963076,-33.85102,185.06291,-34.245724,17.919582,180.62744,43.59713,-40.01167,162.61009,-28.50674,17.017023,140.73253,-12.896584,-6.1801467,139.75119,-17.31278,34.632816,107.803276,-10.14182,-16.321814,107.350136,0.19996865,51.89764,75.33503,-18.650465,-17.953257,72.601204,-11.291172
-5.3519917,195.80713,18.943014,-2.3608239,199.73164,17.441631,-9.114933,199.33391,18.067268,1.5744821,202.33989,7.7455482,-14.839285,201.84178,9.971544,11.955064,192.12575,4.7589426,-20.229445,192.4701,-12.119198,32.2533,187.68849,22.382246,-34.78265,185.50264,-33.52847,20.224909,180.05898,42.045166,-39.431892,163.25845,-26.05905,16.541834,141.23814,-12.739956,-6.5658545,140.33466,-17.196632,33.604298,108.05505,-9.388251,-16.187622,107.39226,0.03131378,50.11495,75.385086,-18.854599,-17.404331,72.63889,-11.500517
-5.427165,197.20697,19.298744,-2.4274163,200.94243,17.367476,-9.183875,200.55351,17.8832,1.6472512,203.3207,7.9311004,-14.795878,202.71912,9.836682,12.00422,192.65213,4.4525414,-20.636189,193.08395,-11.703345,33.354923,188.28569,20.664341,-35.70723,185.6269,-32.632282,22.290106,179.85455,40.51335,-38.591442,163.83453,-23.732437,16.009436,141.86873,-12.493569,-6.980905,140.95482,-17.079132,32.59069,108.2668,-9.09373,-15.729342,107.494965,-0.2804408,48.521458,75.35174,-19.12,-16.93864,72.63802,-11.812503
-5.553617,198.6124,19.34612,-2.6193054,202.33939,17.304659,-9.369795,201.86667,17.867346,1.6525277,204.31937,7.7934976,-14.753526,203.79205,9.539885,11.975729,193.28563,4.1329455,-20.768978,193.66069,-11.485419,34.33987,188.5845,18.633429,-36.162487,185.69029,-32.06389,24.780249,179.5305,38.71377,-38.015526,164.64644,-21.254993,15.574871,142.23576,-12.135772,-7.266381,141.29468,-16.860504,31.379213,108.46111,-8.411569,-15.397509,107.51045,-0.40906167,46.816917,75.66033,-18.984402,-16.612253,72.62115,-11.726043
-5.7316647,199.72394,19.280903,-2.8086567,203.50624,17.325083,-9.558513,202.90396,17.67252,1.7940717,205.13371,7.7754345,-14.619047,204.49559,8.991937,12.244726,193.82257,3.8808553,-20.68651,194.27739,-11.342259,35.281494,188.66948,17.166584,-36.73406,186.01025,-31.295225,26.799408,179.27507,37.32975,-37.53886,165.65228,-19.131296,15.320509,142.80273,-12.06069,-7.756393,141.86618,-16.817522,30.220295,108.66322,-7.7840533,-15.178334,107.63411,-0.57586926,45.260025,75.71349,-18.844547,-16.308489,72.6683,-11.571601
-5.9217334,200.80289,19.255812,-2.8963645,204.60057,17.488552,-9.650632,204.03142,17.508661,1.9085197,205.89964,7.8156443,-14.507737,205.41422,8.65693,12.358003,194.28125,3.6908112,-20.771313,194.82951,-10.956006,35.97488,188.77058,15.26939,-37.00602,186.26352,-30.537994,28.305494,178.71294,35.399284,-36.789787,166.09602,-17.546417,14.974375,143.41977,-11.826434,-8.229597,142.43837,-16.435701,29.177053,108.959755,-6.8976326,-14.844496,107.74426,-0.8382815,43.68062,75.9966,-18.5467,-15.761263,72.76111,-11.499916
-6.0250907,202.1139,19.348461,-2.8988674,205.81425,17.553946,-9.658478,205.34756,17.417341,2.0079577,206.89226,7.9628625,-14.463186,206.25148,8.419558,12.74178,194.96376,3.408113,-20.853292,195.07014,-10.409652,36.855618,188.56982,12.857298,-37.737465,186.08492,-29.293648,29.82502,177.99399,33.17952,-36.19419,166.33578,-15.889968,14.437216,143.98283,-11.558154,-8.452627,142.78532,-16.064964,28.129498,109.22793,-6.048898,-14.721737,107.9311,-0.84826124,42.19149,76.281876,-18.59105,-15.183643,72.7843,-11.442504
-5.979746,203.27127,19.40007,-2.8326962,206.88594,17.470833,-9.599705,206.45107,17.36203,2.1256142,207.80904,7.9242463,-14.312587,207.11304,8.321979,13.15509,195.27461,2.8059406,-21.182737,195.6816,-9.893924,37.68011,188.14348,10.947862,-38.666634,186.33449,-28.089901,31.122494,177.12872,31.167305,-35.815014,166.88318,-14.271231,14.077437,144.12248,-11.536907,-8.913472,143.03123,-15.28462,27.115477,109.37924,-5.397783,-14.402615,107.849144,-0.91785717,41.133846,76.70992,-18.482445,-14.704862,72.821396,-11.525599
-5.8225646,204.10135,19.264437,-2.6991024,207.80597,17.46671,-9.449994,207.2863,17.241285,2.4105606,208.59862,7.864814,-14.06378,207.73943,8.047198,13.4337435,195.79039,1.9603053,-21.34676,196.2066,-9.1197405,37.995453,187.53255,9.283459,-39.326206,186.58316,-26.483921,32.226852,175.90228,29.467665,-35.883633,166.98691,-12.598941,13.849379,144.67755,-11.760989,-9.106799,143.57645,-14.715779,26.153803,109.728874,-4.890415,-14.117682,107.91391,-1.0760943,40.021084,77.10746,-18.473276,-14.274353,72.72485,-11.476716
-5.709118,204.90872,19.198757,-2.5825992,208.66995,17.516129,-9.330346,208.15193,17.25397,2.584791,209.38364,7.90395,-13.899296,208.42644,7.9302773,13.834088,196.3343,1.2335013,-21.459517,196.65974,-8.422718,38.270725,186.81644,7.2887816,-39.967278,186.80875,-24.955948,33.19102,175.08472,27.437468,-36.05897,167.33766,-11.14129,13.670643,145.00667,-11.595074,-9.324512,143.91255,-14.4151125,25.32272,109.93267,-4.047358,-13.649441,108.0481,-1.2634583,38.937828,77.555954,-18.49104,-13.830737,72.78516,-11.430838
-5.72768,205.71451,19.123627,-2.4598384,209.36302,17.474173,-9.225508,209.08197,17.17392,2.8302495,210.0833,7.9723635,-13.630655,209.32147,7.652887,13.926981,196.72227,0.7689813,-21.56501,196.86581,-7.592392,38.417767,186.36711,5.123075,-40.658485,186.72678,-23.472527,34.259735,174.35754,25.463255,-35.915707,167.16469,-9.905748,13.548713,145.23288,-11.548553,-9.593545,144.03134,-13.963708,24.481144,110.13694,-3.2238853,-13.280027,108.130104,-1.295453,37.967392,78.02833,-18.541193,-13.375522,72.93936,-11.208821
-5.4035788,206.4646,19.114258,-2.1538632,210.04378,17.278254,-8.907853,209.64774,16.88207,3.1153634,210.48055,7.8341713,-13.352742,209.86998,7.5953054,14.148424,196.87276,-0.14206417,-21.54068,196.92526,-6.3336716,38.26974,185.53432,3.4655373,-40.98472,187.01039,-22.035805,35.01645,173.0725,23.606625,-36.03339,167.28433,-8.630161,13.164593,145.38922,-11.496627,-9.663068,144.26396,-13.576617,23.450245,110.327614,-2.6110773,-13.161441,108.193306,-1.4325863,36.999577,78.30877,-18.239178,-12.963056,72.87274,-11.278434
-5.3729925,207.15807,19.01462,-2.0462878,210.68677,17.223658,-8.796392,210.35023,16.671148,3.3734047,210.99745,7.8195877,-13.098934,210.11574,7.224092,14.4562845,196.9838,-0.47490588,-21.34882,197.12178,-5.606405,38.163662,184.35509,1.9947511,-41.40484,187.26479,-20.51577,35.696056,171.573,21.907104,-36.279972,167.03969,-7.8637724,13.1204195,145.54193,-11.417269,-9.962554,144.41563,-13.267618,22.703775,110.49312,-1.8023285,-12.62205,108.15767,-1.7111224,36.1176,78.755745,-18.053919,-12.69836,72.83702,-11.141851
-5.2244983,207.85886,18.844494,-1.803635,211.31874,17.10556,-8.55606,211.16336,16.526237,3.8056898,211.57094,7.782569,-12.6275215,210.74664,6.8413825,14.424188,197.11665,-0.8354468,-21.296701,197.53035,-5.067514,37.78432,183.509,0.62941295,-41.842113,187.66205,-19.135267,36.33956,170.51515,20.542643,-36.713882,167.00206,-7.0669627,13.081551,145.69269,-11.1793585,-10.0953865,144.573,-12.908008,21.785845,110.65005,-1.097203,-12.245679,108.22017,-1.9617237,35.324764,79.077835,-17.834099,-12.14044,72.769,-11.186714
-4.928014,208.33864,18.739426,-1.4875299,211.8195,17.080511,-8.212843,211.58253,16.27437,4.169675,212.14363,7.8133383,-12.27963,211.21066,6.7009573,14.648905,197.33388,-1.3811872,-21.117704,197.83519,-4.6519794,37.274246,182.57101,-1.1335119,-42.373093,187.70906,-17.67348,36.69255,169.35835,18.69155,-37.29379,166.87825,-6.156362,13.140886,145.91808,-10.989813,-10.241386,144.79929,-12.39593,21.277012,110.80839,-0.32497185,-12.012664,108.22427,-1.9332755,34.528378,79.50888,-17.546312,-11.785003,72.80059,-11.113329
-4.6621842,208.6146,18.599072,-1.1525098,212.01764,16.92763,-7.881688,211.90393,16.09955,4.4370747,212.2959,7.60341,-12.038126,211.57738,6.6107974,14.953772,197.41684,-1.7434611,-20.944391,197.98341,-4.2857504,36.931515,181.53218,-2.4375303,-42.834507,187.90376,-16.20214,37.208477,167.96216,17.219744,-37.910873,166.94804,-5.2233205,12.984005,145.95697,-10.992246,-10.28534,144.9729,-12.009364,20.706417,110.9849,0.29218686,-11.625506,108.24439,-1.9687972,33.702374,79.88868,-17.328293,-11.5885105,72.777275,-11.161485
-4.2414455,209.21881,18.476332,-0.78424025,212.68123,16.802938,-7.4867067,212.38434,15.851,4.728998,212.77306,7.3806133,-11.71872,212.0087,6.5193257,15.285195,197.444,-2.0862093,-20.859064,198.3872,-3.8981507,36.549343,180.67323,-3.6407838,-43.17979,188.65477,-15.106583,37.592487,166.52446,15.577836,-38.860893,167.4983,-3.816234,12.7644615,146.31839,-10.794312,-10.309394,145.29701,-11.878091,20.058924,111.22344,0.932874,-11.429381,108.53013,-2.254391,33.172817,80.44346,-17.065903,-11.282591,72.854,-11.000261
-3.7656271,209.55542,18.403551,-0.44333974,213.1361,16.716284,-7.155198,212.65495,15.891543,5.1304803,213.12872,7.2539153,-11.334899,212.21786,6.4833803,15.499127,197.52533,-2.3144562,-20.740923,198.6911,-3.4449909,35.98374,179.8191,-4.6356087,-43.661892,189.333,-13.976825,37.7995,165.13176,14.104551,-39.442604,167.96407,-3.4633002,12.656137,146.5391,-10.684841,-10.340689,145.53098,-11.62469,19.40224,111.32921,1.28385,-11.063458,108.52185,-2.449853,32.372677,80.63402,-16.599487,-10.895271,72.82961,-10.943024
-3.3658943,209.96501,18.317665,-0.1448658,213.5916,16.535572,-6.8744297,213.05428,15.956617,5.5746365,213.48984,7.165357,-10.873745,212.52275,6.323069,15.800123,197.73868,-2.6062694,-20.504383,198.85753,-3.1692286,35.515686,178.98074,-5.807902,-43.97432,189.87622,-12.561478,38.204304,163.6992,12.429532,-40.512302,167.96931,-2.481671,12.616123,146.54988,-10.540458,-10.429166,145.66464,-11.35688,18.9018,111.73017,2.0252059,-10.842681,108.633606,-2.685682,31.5171,81.23427,-16.426512,-10.607981,72.79475,-11.116939
-3.055025,210.30115,18.282127,0.17517172,213.96115,16.5848,-6.5563107,213.43213,15.9591465,5.963962,213.54613,7.0758915,-10.561897,213.06094,6.3609858,16.089935,197.78664,-2.831277,-20.350521,199.18718,-2.9747427,35.087685,178.3982,-6.530925,-44.175392,190.65402,-11.605724,38.519234,162.82983,11.199998,-41.407333,168.74161,-2.0877855,12.666527,146.66757,-10.3417635,-10.36162,145.73709,-11.22191,18.420918,111.722275,2.5592277,-10.766293,108.709526,-2.8918958,30.51852,81.512955,-16.329666,-10.207563,72.9681,-11.206488
-2.7652743,210.7697,18.341131,0.45552477,214.43478,16.626995,-6.2470427,213.78409,15.850006,6.2762184,213.91614,7.105606,-10.27552,213.41028,6.390404,16.272314,197.82225,-2.8961184,-19.878523,199.46326,-2.807485,34.64233,178.15395,-7.307865,-44.068924,191.43497,-10.900015,38.608807,161.82222,9.76667,-42.319416,169.43314,-1.4455475,12.669839,146.85478,-10.048019,-10.43156,145.9489,-11.147872,17.730251,111.991745,3.1289473,-10.467565,108.736,-3.3721778,29.549068,81.940544,-16.139498,-9.750526,72.89896,-11.1451645
-2.3631587,211.10646,18.332975,0.85599405,214.77104,16.615389,-5.8466983,214.14282,15.862593,6.6137476,214.2995,7.0800004,-9.95531,213.63788,6.4026837,16.461493,197.965,-3.056134,-19.576986,199.88571,-2.6416793,34.20002,177.90163,-8.002903,-44.023853,191.83546,-10.009977,38.933773,160.97464,8.318975,-43.190968,169.83893,-0.56446105,12.605639,146.89142,-9.785404,-10.575473,146.08658,-11.186203,17.30251,111.983925,3.5880868,-10.263584,108.94688,-3.7230725,28.304811,82.03593,-16.109734,-9.481951,73.07746,-11.121137
-2.0747433,211.4622,18.391453,1.1925716,214.98718,16.489067,-5.5355706,214.461,15.84889,7.102581,214.44104,7.233219,-9.415458,213.85732,6.2594333,16.767105,198.1949,-3.247948,-19.264488,200.01393,-2.3148465,34.04154,177.78833,-8.489653,-43.92857,192.3183,-9.125876,39.02025,160.14833,7.0168023,-44.04587,170.25946,0.1898359,12.666032,147.06184,-9.575644,-10.657694,146.31549,-11.117602,16.517273,112.08376,3.993735,-10.022606,109.23931,-4.1466603,26.873293,82.23707,-16.22241,-9.2356415,73.19256,-11.181797
-1.5474788,211.65968,18.40612,1.725921,215.20705,16.548265,-5.0165253,214.74654,15.987107,7.5330896,214.75734,7.263747,-8.928078,214.018,6.2792444,17.06116,198.15146,-3.3330846,-19.09896,200.18973,-1.9457877,34.013397,177.79973,-9.2040825,-44.005196,192.93416,-8.418,38.626015,159.42688,5.577124,-44.540154,170.87555,0.97162366,12.616636,147.28987,-9.492542,-10.640979,146.5249,-10.941656,15.762894,112.30906,4.458013,-9.951196,109.36535,-4.599669,25.309063,82.32787,-16.20014,-8.919609,73.28267,-11.356282
-1.0511605,211.84282,18.530184,2.1231964,215.50266,16.73129,-4.6146746,214.92026,16.242765,7.881651,214.79799,7.1812453,-8.609543,214.43988,6.570898,17.295809,198.17297,-3.422239,-18.731447,200.53719,-1.6996106,34.09981,177.74403,-9.75334,-43.763943,193.37363,-8.132246,38.20089,158.80135,4.291128,-44.82948,171.41357,1.7747916,12.51267,147.40245,-9.470057,-10.577543,146.71683,-11.092681,14.962891,112.34887,4.711508,-9.6967125,109.544075,-4.6648583,23.522446,82.156845,-16.216455,-8.72486,73.371704,-11.582324
-0.61555254,212.03714,18.599432,2.5970695,215.68636,16.83899,-4.1273065,215.07616,16.191502,8.304845,214.92432,7.238272,-8.221613,214.55501,6.632773,17.77386,198.23604,-3.2347074,-18.658796,200.58911,-1.5762191,34.339714,177.77371,-10.271226,-43.766495,193.53534,-7.592944,37.262627,158.01286,3.1729329,-44.498474,171.67264,2.5027401,12.48312,147.55669,-9.424915,-10.714387,147.24205,-11.047219,14.320236,112.38177,4.7291102,-9.54509,109.759605,-5.0443335,21.58605,81.94348,-16.205545,-8.519808,73.418175,-11.508641
-0.14947635,212.15642,18.839586,3.1102307,215.7409,17.016333,-3.6239924,215.2619,16.447802,8.938448,214.92136,7.617498,-7.604048,214.73695,6.806336,18.248812,198.41776,-3.2234726,-18.43766,200.77975,-1.4487389,34.565426,178.1509,-11.214699,-43.543633,193.23717,-7.226709,35.92172,157.82516,1.9405944,-43.95764,172.0138,3.565627,12.380464,147.71037,-9.625405,-10.843857,147.46935,-10.822073,13.511846,112.34084,4.616023,-9.418797,109.97716,-5.5072455,19.339626,81.54796,-16.101618,-8.437464,73.500084,-11.679837
0.32973108,212.42567,18.94921,3.6121042,215.96837,17.107958,-3.1515925,215.62172,16.698782,9.4721155,215.20296,7.7473283,-7.0840507,214.93883,6.876658,18.5675,198.48221,-3.0164206,-18.012268,200.8862,-1.4841088,34.856968,178.4064,-11.778556,-43.09281,193.17557,-7.5184093,34.320618,157.6731,0.8311342,-43.245052,172.99547,4.9775386,12.339909,147.75522,-9.616895,-10.976175,147.58804,-10.764311,12.707956,112.34398,4.357986,-9.315928,109.96519,-5.686214,17.03509,80.8009,-15.806753,-8.364113,73.567665,-11.8749275
0.7324287,212.69777,19.196196,4.05381,216.1867,17.326792,-2.6996114,215.87973,16.85238,9.689456,215.41515,7.820065,-6.8235097,214.96391,7.1731086,18.92401,198.65425,-2.7792609,-17.260023,201.21379,-1.6827108,34.867416,178.69974,-12.495426,-42.17189,192.8669,-7.773096,32.928875,158.08371,-0.09581679,-41.973927,174.09686,6.489668,12.1651535,147.78943,-9.616517,-11.033297,147.62238,-11.062106,11.752303,112.1835,3.9761891,-9.468363,110.06099,-5.870834,14.575297,80.16357,-15.456537,-8.25813,73.67281,-12.002092
1.3843262,212.7246,19.496492,4.5745783,216.32056,17.615515,-2.1785424,215.7904,17.196068,10.130434,215.35396,7.939134,-6.422973,214.83698,7.6508036,19.30913,198.59134,-2.530475,-16.898056,201.34087,-1.7487152,34.57007,178.67043,-13.209444,-41.245792,191.96436,-8.353337,31.337872,157.6693,-1.3889776,-40.68465,174.96706,7.874313,11.899892,147.7471,-9.690474,-11.110771,147.78589,-11.287247,10.792281,112.03359,3.545528,-9.471125,110.26904,-5.931469,12.1660595,79.4621,-15.005725,-8.152727,73.78343,-12.171991
1.6997952,212.60492,19.932821,4.936658,216.04668,17.836391,-1.8223263,215.59969,17.470926,10.5818405,215.30849,8.506055,-5.9136395,214.7196,7.9161468,19.642519,198.46541,-2.077164,-16.310114,201.30019,-1.8630375,34.17262,178.59195,-13.565643,-40.03455,190.77754,-9.240144,29.906647,157.22646,-2.74913,-39.123024,175.72783,8.807339,11.609322,147.68475,-9.93146,-11.3433,147.92574,-11.689783,9.812439,111.746605,3.2590432,-9.713542,110.350426,-5.785245,10.1444845,78.682594,-14.518381,-8.245829,73.92831,-12.308736
1.9983642,212.33827,20.29019,5.315899,215.72386,18.223679,-1.4507014,215.42747,17.841322,10.903932,214.96426,8.899946,-5.652733,214.60378,8.32932,20.35341,198.41573,-1.4034458,-15.577421,201.08354,-2.0504854,33.277195,178.12257,-13.850393,-38.206398,189.49547,-10.49648,28.338057,156.52733,-3.8322709,-37.451946,176.29343,9.452878,11.294413,147.24481,-10.141395,-11.310514,147.79932,-12.231643,8.408566,111.44857,2.9551866,-9.837182,110.41269,-5.506473,8.127491,77.85887,-14.133401,-8.530431,74.25135,-12.346537
2.3562922,211.84671,20.479828,5.725042,215.21362,18.464508,-1.0472085,215.02873,18.081963,11.366881,214.41417,9.166083,-5.183702,214.0654,8.436757,20.613306,197.99536,-1.0404277,-14.836944,200.63167,-2.3531537,32.352695,177.24757,-14.012533,-36.251713,187.24898,-11.134488,27.159836,155.61487,-4.63548,-35.508892,176.25159,10.220079,11.035124,146.7234,-10.482762,-11.4877,147.47264,-13.02552,7.017418,110.90088,2.7012928,-10.264887,110.40001,-4.975762,6.0670447,77.304146,-13.731558,-9.11259,74.51125,-12.158825
2.5294638,211.12677,20.661022,5.980091,214.4603,18.726683,-0.78517646,214.40477,18.275623,11.659431,213.52176,9.4089365,-4.8805594,213.28891,8.522242,20.847567,197.28679,-0.46548656,-14.234385,199.93651,-2.2654777,31.343092,176.2326,-13.829014,-33.944756,184.79361,-11.871079,25.963568,154.25453,-5.473531,-33.5079,175.94493,10.605022,10.674681,146.16612,-10.79773,-11.510215,147.03621,-13.651383,5.474257,110.27687,2.3116999,-10.622582,110.13385,-4.0567656,4.4600344,76.73912,-13.827506,-9.446611,74.691635,-12.273253
2.7196238,210.20726,20.814539,6.1410823,213.54112,18.824015,-0.61992395,213.42146,18.37218,11.784098,212.50656,9.516399,-4.7664156,212.26762,8.722848,21.403318,196.44392,0.038446557,-13.428537,198.62619,-2.287549,30.421978,174.74121,-13.349521,-31.529287,181.78711,-12.17166,24.834616,152.29724,-6.5644555,-31.70733,175.25616,11.06482,10.211833,145.12857,-11.412949,-11.513386,146.1896,-14.218866,4.11915,109.64895,2.1441958,-11.151246,109.88032,-2.8401034,2.994015,76.29593,-14.160235,-9.913589,75.034454,-12.492105
3.089492,209.12914,20.97711,6.418941,212.41444,18.771849,-0.34214786,212.17043,18.444742,11.953313,211.36975,9.482086,-4.5003853,210.85739,8.854722,21.834978,195.10837,0.34264696,-12.89054,196.93303,-2.6537752,29.45249,172.85657,-12.814759,-29.531748,178.167,-12.14916,24.004265,150.0294,-7.4415436,-30.031727,174.95085,11.635273,10.144508,144.13939,-12.092016,-11.630953,145.41014,-14.764344,2.8102996,109.020164,2.099587,-11.666118,109.67015,-1.6398804,1.6934978,75.765144,-14.418644,-10.8081665,75.05255,-12.633894
3.1370778,207.62321,20.951685,6.581662,210.84496,18.831396,-0.18590148,210.7948,18.433533,12.125822,209.75388,9.565256,-4.3882933,209.26346,8.819421,22.391922,193.43259,1.0361192,-12.411788,194.6487,-3.3457785,28.460516,170.38579,-11.887286,-27.44449,174.0546,-11.997448,23.028875,147.10811,-8.412452,-28.314705,174.197,12.077548,9.919711,142.791,-12.587056,-11.384415,144.24922,-15.41961,1.8663408,108.25258,2.339952,-12.211552,109.20053,-0.74869967,0.7958533,75.266594,-14.935914,-11.966636,74.834435,-12.720665
3.1725984,206.00096,20.739986,6.5852327,209.3366,18.736929,-0.15460505,209.06618,18.094646,12.161588,208.25381,9.381736,-4.321785,207.41783,8.567249,23.067463,191.19331,1.0126392,-12.192869,191.90857,-3.6312795,28.163898,167.48949,-11.057817,-25.268562,169.488,-11.415041,22.240864,144.2557,-9.017997,-27.226068,172.98523,12.465637,9.692589,140.9456,-13.131433,-11.239934,142.6597,-15.510256,0.9999414,106.9589,2.513049,-12.819216,108.28449,0.4515309,-0.042295177,74.59793,-15.53021,-12.818839,74.47346,-12.669371
3.0011902,204.39137,20.367357,6.4118176,207.70438,18.328386,-0.343686,207.5035,17.806545,11.978158,206.48317,8.942834,-4.544402,205.82458,8.188005,23.515816,188.89645,1.059341,-11.991398,189.27547,-3.8432229,28.349222,164.68404,-10.023705,-23.470669,165.71118,-10.48499,21.989588,141.61134,-9.67612,-26.66453,171.8703,12.765604,9.721606,139.10367,-12.929901,-11.11991,140.94879,-15.820303,0.38726866,105.63705,2.9987054,-13.385495,107.148224,1.0923645,-0.6771798,73.85694,-15.793813,-13.157395,73.79006,-12.977086
2.6326952,203.00394,19.923616,6.0550795,206.18411,17.699114,-0.7177177,206.09245,17.343803,11.732399,205.00638,8.588158,-4.7300725,204.28276,7.5983157,23.677458,186.63824,1.0062423,-11.682122,186.80702,-4.4931817,29.26547,162.19035,-9.27225,-22.461033,162.45876,-9.231987,22.452932,139.24997,-9.698933,-26.493477,170.41075,13.435301,9.649922,137.30316,-12.75838,-11.352892,139.22911,-16.168764,-0.09440358,104.283104,3.7549248,-13.825526,106.01637,1.5414037,-0.9052981,73.12339,-15.903234,-13.203414,73.05392,-13.364148
2.562027,201.70035,19.119621,5.8474526,204.99492,16.854488,-0.90963006,204.67212,16.557226,11.366754,203.73703,7.548879,-5.1036677,202.89545,6.9970894,23.568275,185.32393,0.95055044,-11.599777,185.12666,-5.075491,29.955795,160.73213,-8.369313,-22.014194,160.01039,-7.568893,23.461569,137.68889,-9.087459,-26.43988,168.98512,14.460677,9.600034,135.88019,-12.263114,-11.3850765,137.8492,-16.17369,-0.5729596,103.04212,4.2555556,-14.395088,104.956314,1.949837,-1.1309223,72.652504,-16.306055,-12.810711,72.41291,-13.849912
2.318891,200.58539,18.159342,5.5851803,203.91396,15.917406,-1.1699166,203.57462,15.641857,11.046707,202.85445,6.581107,-5.4160438,201.77959,6.043611,23.26883,184.67163,0.5507509,-11.989532,183.98741,-5.4974566,31.205536,160.04527,-7.4813075,-22.00984,158.4931,-6.204752,24.699125,136.99124,-7.5808983,-26.34336,168.08127,15.599681,9.799148,135.26773,-11.965947,-11.462258,137.14813,-16.16882,-0.72798836,102.613594,4.870131,-14.6122,104.43134,2.0245373,-1.3306085,72.637146,-16.201645,-12.861667,72.25432,-14.2876
2.2009802,200.33124,17.439613,5.402353,203.73056,15.212218,-1.3445233,203.24223,14.911316,10.672462,202.71576,5.665649,-5.7964253,201.52515,5.556939,22.87382,184.93854,0.35367197,-12.260486,183.52347,-5.713164,32.59694,160.67883,-6.94765,-22.415936,157.85396,-5.021573,26.39933,137.51044,-6.165004,-26.33853,168.16916,16.523407,10.073255,135.21829,-11.719085,-11.2165985,136.84915,-16.26841,-0.8685401,102.68896,4.8603024,-14.902075,104.2401,2.032043,-1.8081075,72.75972,-16.26189,-13.267916,72.27561,-14.458384
1.9935415,200.71182,16.908302,5.0953536,204.04306,14.460404,-1.664367,203.46709,14.371898,10.236096,203.2288,4.983171,-6.2198577,202.0416,5.197211,22.45492,185.63911,-0.038901713,-12.883197,183.83112,-5.5273757,34.36965,162.22679,-6.509101,-23.123016,158.159,-4.249918,28.464638,139.0149,-4.534676,-25.934324,168.83618,17.357311,10.466124,135.59898,-11.646031,-11.173669,137.23834,-16.096567,-0.4792041,102.85122,4.668192,-15.2862,104.35388,1.6757905,-2.3768475,72.84543,-16.330206,-13.93964,72.39324,-14.689506
1.5908633,201.65057,16.484491,4.648551,205.02078,14.025777,-2.1067607,204.40776,14.000842,9.771238,204.19362,4.548287,-6.724725,203.14369,4.881917,21.82983,187.17084,-0.27956712,-13.463919,184.78136,-5.5167933,36.270542,165.04398,-5.967254,-24.32373,159.58694,-3.6022515,31.106718,142.03827,-2.942129,-25.691174,169.72076,18.334002,10.790109,136.7437,-11.789326,-10.984434,138.1202,-15.873807,0.14186388,103.4824,4.1029863,-15.4098215,104.95128,1.1351428,-2.734856,72.9718,-16.503141,-14.710296,72.81999,-15.039177
1.0756329,202.93224,16.299921,4.036329,206.27559,13.691547,-2.7130845,205.66815,13.943337,9.121153,205.67198,4.2678866,-7.331875,204.53232,4.752546,21.164072,189.34985,-0.39780277,-14.153738,186.27159,-5.4269996,38.047062,169.06395,-5.4614415,-25.953325,161.59152,-3.115842,34.046494,145.93552,-1.6477427,-25.255955,171.26907,19.118742,11.132762,138.74184,-12.037274,-10.681442,139.83109,-15.96251,1.2387912,104.6639,3.2489398,-15.543266,106.01475,0.14428832,-2.904026,73.636406,-16.424047,-15.325584,73.31935,-14.993549
0.52294904,204.70633,16.248491,3.4350533,208.02977,13.563496,-3.3100574,207.42691,13.942767,8.458959,207.46324,4.1369348,-8.012098,206.39183,4.8239255,20.51703,191.77858,-0.55990344,-14.963984,188.36177,-5.4716797,39.74199,173.29663,-4.7120066,-27.42788,163.99615,-2.8864024,36.51943,150.15948,-0.3089798,-24.495,172.86848,19.560316,11.498512,140.72469,-12.287626,-10.347934,141.4096,-16.213182,2.3290708,106.08653,2.2710834,-15.306521,107.13554,-1.0143377,-3.1841395,74.555954,-16.4239,-15.975376,73.98686,-14.668996
0.056085944,206.55359,16.337212,3.0206306,209.76106,13.582158,-3.732481,209.43582,14.159661,7.845215,209.50912,4.2292876,-8.620619,208.48282,5.0648046,19.812307,194.25795,-0.7272038,-16.05902,190.71529,-5.3805604,40.872967,177.7456,-3.969802,-29.262087,166.81946,-3.0822341,38.556362,154.46925,0.7141324,-23.624994,173.96371,19.566689,11.910977,142.7119,-13.054348,-10.139596,143.24332,-16.423214,3.7061884,107.68809,1.2873844,-14.535128,108.53297,-1.9769932,-3.312026,75.72967,-16.16604,-16.494785,74.825356,-14.160934
-0.6160502,208.48747,16.526806,2.460647,211.78653,13.996219,-4.302141,211.52716,14.382594,7.2749968,211.46814,4.5040913,-9.246406,210.81354,5.286654,19.24756,196.82542,-1.077093,-16.90959,193.0342,-5.3431973,41.665997,181.93031,-3.7570603,-30.80994,169.645,-3.1433427,40.30015,158.76817,1.7095563,-22.693089,174.04488,19.570974,12.342648,144.99565,-13.894258,-9.876653,145.47038,-16.875235,4.988695,109.44183,0.23083192,-13.584342,110.192986,-3.0764444,-3.239286,76.92691,-15.691186,-17.003202,75.8909,-13.349912
-1.2197521,210.00708,16.562975,1.8512627,213.32166,14.058778,-4.904275,213.1101,14.508923,6.706684,213.26761,4.5658183,-9.799498,212.81754,5.3721414,18.806856,199.31592,-1.5441092,-17.753178,195.4125,-5.132601,42.3403,186.15402,-3.3604815,-32.304604,172.693,-3.0894506,42.125732,163.32837,3.2095706,-21.804852,173.88713,19.050941,12.74808,147.50139,-14.933775,-9.5751,147.73415,-17.32069,6.1999235,111.723785,-0.58838177,-12.926074,112.08294,-3.858948,-2.8036044,78.792694,-15.063787,-17.687908,77.47421,-12.436922
-1.7852079,211.69696,16.583347,1.3409235,215.01764,14.153058,-5.4311748,214.80066,14.477375,6.2183285,214.92334,4.649209,-10.2901325,214.34174,5.292503,18.181644,201.70607,-2.0210297,-18.53381,197.63248,-4.7846913,42.614662,190.32025,-2.6482491,-33.50172,175.40416,-2.969272,43.772556,167.89435,5.033933,-21.364943,172.38438,18.357584,12.83563,150.17876,-16.106714,-9.629503,150.07018,-17.888025,7.4512334,114.32836,-0.9911329,-11.951741,114.37576,-4.44075,-2.0850039,81.39884,-14.768674,-17.841743,79.55261,-11.92847
-2.2902014,212.91623,16.47253,0.84891057,216.29012,14.129723,-5.925842,216.05225,14.391896,5.81806,216.1433,4.607493,-10.682875,215.75478,5.134324,17.488834,203.73743,-2.483266,-19.015535,199.31122,-4.6337137,42.53681,193.9185,-1.5986348,-34.20143,177.4161,-3.0477948,45.59481,172.41626,7.5995703,-21.931416,170.03313,17.207214,12.847168,152.30602,-17.195272,-9.609017,151.79782,-18.388905,8.319939,116.66589,-1.2636161,-10.989922,116.459694,-3.9882114,-1.225424,83.90985,-15.015986,-17.582867,82.03064,-11.927352
-2.7310002,213.97626,16.425905,0.40047127,217.38837,14.132368,-6.3701715,217.22704,14.551238,5.3871064,217.32315,4.62563,-11.100534,216.83142,5.104108,16.816336,205.48619,-2.8033295,-19.636515,200.50635,-4.505921,42.135094,197.01915,-0.13875835,-34.67215,178.5514,-3.3936658,46.971394,176.22816,10.799279,-22.659822,167.65285,15.508415,12.771475,154.35349,-18.295362,-9.575307,153.63203,-19.0621,9.011409,119.024956,-1.4098294,-9.71404,118.76024,-3.0859315,-0.30930156,86.166885,-15.488276,-16.724445,84.78581,-12.963769
-2.885882,214.54526,16.323345,0.16914617,218.01003,14.002366,-6.58296,217.86147,14.705979,5.207809,218.094,4.565536,-11.314194,217.5713,5.0877585,16.057764,206.88733,-3.1864283,-20.336735,200.88661,-4.124779,41.778786,200.41963,0.35075128,-35.290874,178.51628,-2.255596,48.34801,180.63196,12.256806,-24.080101,164.09694,14.568903,12.774311,155.89967,-19.291965,-9.848002,154.92078,-19.358854,9.596211,121.12715,-1.0875008,-8.706319,120.7794,-1.7877003,0.6768507,89.04377,-16.84306,-15.563822,87.45336,-13.925562
-2.8707194,215.27171,16.205824,0.16628969,218.7358,13.890154,-6.589098,218.58246,14.604259,4.9101686,218.91853,4.2694073,-11.606467,218.33472,5.2455645,15.357964,207.90575,-3.8616033,-21.115522,200.89915,-3.7581286,40.687817,201.41756,1.8703715,-35.459766,178.11919,-1.420944,49.558773,183.19438,14.18423,-25.639818,160.43474,12.953352,12.401438,157.26573,-20.11199,-10.090445,156.12311,-19.547573,9.87294,123.222694,-0.7754274,-7.8862796,122.60964,-0.5364151,2.0892303,91.87673,-18.221436,-13.786505,89.913536,-14.989645
-2.8905363,215.87747,16.364075,-0.025217501,219.40872,13.92611,-6.7479334,219.0491,14.791267,4.693412,219.39925,4.2413063,-11.774231,218.7393,5.434206,14.769855,208.65901,-4.642635,-21.711678,200.6014,-2.8637395,40.05938,202.88113,1.9231455,-34.95731,177.0978,-1.1741935,50.096764,186.53333,16.130016,-27.408194,156.79742,10.873109,12.049877,158.22595,-20.689648,-10.445992,156.6536,-19.574574,9.921756,124.7683,-0.24459669,-7.359631,123.92927,0.74726844,3.280387,94.11309,-19.531702,-11.550705,91.799736,-15.709417
-2.8679564,216.27045,16.54986,-0.17583208,219.85844,13.9945,-6.8656826,219.27805,15.01902,4.6118684,219.6731,4.32938,-11.843373,218.97276,5.5985518,14.121486,209.0014,-5.6647916,-22.127237,200.58081,-1.7966443,39.242207,203.07056,2.1987631,-34.232162,176.43674,-1.2947364,49.935078,189.5178,18.630213,-29.485003,154.0143,7.9555216,11.378826,159.09769,-21.541735,-10.502312,157.20424,-19.100792,10.0896,125.82654,-0.24816345,-6.765224,124.83605,1.8277957,4.537948,95.463455,-20.53395,-9.052227,93.0516,-15.9227915
-2.8862307,216.59773,16.73904,-0.1422924,220.09923,14.126491,-6.8229065,219.73932,15.323378,4.395596,219.68065,4.350426,-12.080562,219.01248,5.9264307,13.283026,209.0374,-6.202308,-22.639023,199.93513,-0.96605235,38.17344,203.16373,2.2068493,-33.44797,175.0217,-1.2593987,48.728203,192.69211,20.873035,-31.408463,151.24918,4.8524404,10.935465,159.37321,-22.414988,-10.255746,157.3323,-18.414299,10.300368,126.18991,-0.39372775,-5.9396005,125.05032,2.369811,6.197669,96.052124,-21.377806,-6.39097,93.358444,-15.73932
-2.8612688,216.78432,16.936337,-0.15686715,220.36899,14.385983,-6.812157,219.98788,15.70632,4.1854978,219.90067,4.3976507,-12.232482,219.14256,6.2824955,12.320945,208.98572,-6.670572,-23.117754,199.10332,0.36339822,37.347687,203.11305,1.8711295,-32.506447,173.61392,-1.5270318,47.247643,195.64769,22.565298,-33.579334,149.01947,1.2738811,10.46392,159.35936,-22.921438,-10.145953,156.90971,-17.78238,10.689586,126.04231,-0.7982683,-5.0436406,124.58836,2.831088,7.8424873,95.4855,-21.905754,-3.6418605,92.69595,-15.008138
-2.910696,216.78374,17.254004,-0.22380465,220.33815,14.656231,-6.850199,220.03387,16.098171,4.1752925,219.52089,4.6582804,-12.24218,218.97737,6.5158014,11.596266,208.47081,-7.4027314,-23.353872,198.31302,1.370805,36.394146,202.39984,1.4853904,-31.649782,172.48259,-2.0347447,44.584625,198.34036,23.884874,-35.07197,147.78249,-1.620382,10.058749,158.93259,-23.26261,-10.278845,156.27301,-17.066864,10.969858,125.269844,-1.7437297,-3.9970758,123.886925,3.2827003,9.661215,93.95983,-22.008646,-0.8617245,91.694595,-14.066549
-3.0814996,216.4598,17.368422,-0.24757183,219.9483,14.821525,-6.88744,219.86494,16.213852,3.8838012,219.28424,4.739117,-12.52532,218.67017,6.7704897,11.000866,208.24883,-8.019447,-23.111599,198.1109,2.3504863,35.040897,201.21252,1.4882517,-30.62077,172.22934,-2.505775,40.982956,201.02942,24.996168,-35.925858,147.8935,-4.3383756,9.6824045,158.26971,-23.399305,-10.486856,155.49425,-16.355762,11.512016,124.06517,-3.028682,-2.740488,122.73677,3.086274,11.485843,91.596054,-21.737335,2.0386195,89.7874,-12.449902
-3.3046048,216.1344,17.554987,-0.5419578,219.57698,14.879058,-7.1734543,219.44466,16.336884,3.5497005,218.74239,4.797724,-12.847748,218.26636,7.016364,10.440062,207.609,-8.1258335,-22.97641,197.79735,2.7576373,33.75589,199.40639,2.243316,-29.920954,171.86337,-3.2347054,37.77694,202.91537,25.832354,-36.344868,148.0465,-6.774876,9.351234,157.42868,-23.45725,-10.41146,154.23499,-15.662963,11.850264,122.52183,-4.713195,-1.2497314,121.27728,2.9054687,13.158037,89.39269,-21.612917,4.889064,87.84444,-10.742053
-3.577369,215.447,17.760351,-0.6827623,218.69742,14.981587,-7.343741,218.76112,16.24767,3.3192866,217.96423,5.0007358,-13.06456,217.39107,7.1305614,9.99527,206.76363,-8.064764,-23.196743,197.2798,3.4473102,32.594303,197.00787,2.6583412,-29.642405,171.60951,-3.7963684,35.218914,204.2311,25.571423,-36.380653,148.22475,-8.697776,8.979424,156.45187,-23.31122,-10.5496235,153.03197,-14.755185,12.18579,121.00308,-6.312447,0.22708741,119.8354,2.5961652,14.65575,86.74087,-21.442316,7.262033,85.647705,-9.014067
-3.9046218,214.62512,17.991316,-0.81541884,217.63803,15.149703,-7.509295,217.95386,16.137419,3.3013673,216.61513,5.331951,-13.170976,216.32729,7.1804204,9.645731,205.31985,-7.7610426,-23.460453,196.46992,3.95804,31.394972,194.43811,3.3391979,-29.707203,171.02821,-4.344148,32.403454,205.19565,24.930126,-36.119198,147.78117,-10.633634,8.879026,155.13933,-22.847122,-10.92154,151.3842,-13.988711,12.825574,119.2306,-7.777251,1.5729789,118.17165,2.1948438,16.236547,84.16386,-21.25711,9.349055,83.45763,-7.6039987
-3.8934038,213.37921,18.0934,-1.0175248,216.48682,15.129438,-7.6848583,216.55643,16.361633,3.1645467,215.18951,5.3490806,-13.250536,214.92209,7.3174205,9.151948,203.55827,-7.5791564,-23.768316,195.5241,4.322916,30.153786,191.94154,4.1994896,-30.11808,170.51169,-4.510425,29.277252,205.87407,23.848946,-35.692326,147.47858,-12.4214,8.757647,153.58492,-22.41738,-11.078653,149.72755,-12.991134,14.060656,117.20042,-9.089036,3.0732095,116.47053,2.299273,17.727268,81.62563,-21.323421,11.137386,81.1534,-6.589647
-3.871147,211.9702,18.2982,-1.1285983,215.15579,15.297924,-7.7812395,215.01776,16.602215,3.0856953,213.39256,5.4678726,-13.33735,213.28743,7.576461,8.978527,201.64508,-7.031664,-24.461126,194.38927,4.5900292,29.27535,189.17236,5.1933846,-30.73813,169.71039,-5.1492653,26.191498,205.73062,22.500322,-35.45592,146.80771,-14.090894,8.761762,151.65582,-21.826998,-11.215788,147.6046,-12.205912,15.442088,115.07174,-9.998762,4.680983,114.48659,2.579902,19.119349,79.32896,-21.666613,12.454049,78.92014,-6.1362033
-3.8029792,210.11209,18.295237,-0.94984865,213.25975,15.354392,-7.6373634,213.18962,16.481627,3.0048585,211.3743,5.4091063,-13.396883,211.30202,7.68896,8.544651,199.0901,-6.8470397,-24.737581,193.04607,4.8399725,27.354637,186.25157,7.048315,-31.418936,168.74767,-5.571355,23.453686,205.0412,21.408518,-35.013805,145.89615,-14.912647,8.902679,149.42027,-21.288815,-11.049774,145.5233,-11.419044,17.047195,112.79617,-10.765326,6.071845,112.58431,3.0120695,20.320717,76.94593,-22.797117,13.306904,76.64838,-5.9368544
-3.7546277,208.36852,18.377802,-0.79640204,211.3612,15.381116,-7.5163765,211.35841,16.291145,2.9606335,209.06453,5.3936114,-13.393859,209.21417,7.8026705,8.042381,196.5095,-6.548289,-24.90911,191.21812,5.14578,25.985983,183.72392,8.7132845,-32.787354,167.59193,-6.076257,20.839298,203.9995,20.35192,-34.331768,144.60472,-15.272262,9.140643,147.14511,-20.548481,-10.811587,143.3392,-10.604531,18.750614,110.647896,-11.151161,7.348828,110.553246,3.7155643,21.634907,75.04009,-24.146248,13.597798,74.85624,-6.825663
-3.6502175,206.56528,18.295988,-0.59174025,209.50896,15.3564205,-7.3510113,209.35742,15.860462,3.002547,206.95207,5.2526684,-13.366905,207.17464,7.7262344,7.586372,193.74626,-6.390289,-24.962223,189.44312,4.737679,24.681013,181.27756,10.127727,-34.421917,166.61858,-6.5403895,18.824888,202.50563,19.439114,-33.875423,143.5259,-15.223952,9.576528,144.75998,-19.577332,-10.204653,140.91371,-9.65451,20.270922,108.59806,-11.323176,8.47599,108.64112,4.7469068,22.293617,73.773735,-25.391674,13.712212,73.735756,-7.441877
-3.478004,204.83954,17.86554,-0.25964564,207.76566,15.072965,-7.028931,207.6384,15.214743,3.2871046,205.15065,4.883666,-13.069113,205.21793,7.176457,7.5295954,191.16632,-6.4839406,-24.938488,188.00119,4.150438,23.75818,179.11044,11.320639,-36.318565,166.03725,-6.809031,17.166037,200.85376,18.667267,-33.36573,142.78467,-14.52769,9.54008,142.70647,-19.066616,-9.894379,138.91641,-8.614197,21.257978,107.04851,-11.413672,9.628636,107.204056,5.9221554,22.39487,73.07213,-25.948807,13.790373,72.974815,-7.4099154
-3.1525483,203.44281,17.289124,-0.124857634,206.42079,14.350462,-6.897664,206.05965,14.732934,3.570988,203.9267,4.2796874,-12.772244,204.08588,6.6135464,7.5185833,189.51425,-6.6277676,-24.657808,187.11096,3.2239497,23.203367,177.7784,12.158556,-38.034378,166.04475,-7.1192875,16.318808,199.51761,18.267242,-32.76499,142.84259,-13.227704,9.778964,141.28125,-18.649942,-9.655201,137.68494,-8.123803,21.857471,106.079285,-10.972466,9.965099,106.65585,7.008578,21.962858,72.695854,-25.943964,13.883556,72.98155,-7.2591443
-2.8063667,202.9655,16.638773,0.14390433,206.03886,13.711038,-6.6071005,205.57603,14.16001,3.9101186,203.78752,3.6972337,-12.46012,203.92427,6.0051155,7.8245454,188.8404,-6.699516,-24.560673,187.25864,2.0497253,23.25029,176.95088,12.492813,-39.574417,166.97151,-7.3436055,16.166773,198.66298,18.384226,-32.82846,143.74367,-11.039048,9.659369,140.45659,-18.461939,-9.79855,137.06082,-7.9592404,22.1682,105.970924,-10.561253,10.10178,106.603485,7.5472803,21.594395,72.74664,-25.75299,13.816315,73.13858,-6.8686247
-2.7847638,203.18298,16.355059,0.298885,206.1597,13.473246,-6.475406,205.7785,13.713359,4.3094974,204.3882,3.6360583,-12.131757,204.45837,5.4479394,8.537718,189.07281,-6.2298484,-24.350069,188.40892,0.7623722,23.955177,176.7206,12.374263,-40.816463,168.9112,-8.007281,16.4534,198.11137,18.899277,-32.983334,145.6045,-8.784241,9.515022,140.62439,-17.985167,-10.140565,137.61525,-8.545108,22.137775,106.32406,-10.287048,9.294969,107.23662,7.4604826,21.562716,73.03754,-25.507658,13.617196,73.813965,-6.775703
-2.9780142,203.9242,16.112814,0.26946697,206.9545,13.459252,-6.511751,206.81578,13.552126,4.4246073,205.63231,3.5678976,-12.030787,206.11015,5.153214,9.433252,190.32838,-5.6828647,-24.075087,190.3175,-0.2733413,25.403637,177.00478,11.586132,-41.552383,171.56728,-8.587185,17.163,197.67143,19.977747,-32.84509,148.75688,-6.268142,9.329465,141.48721,-17.561098,-10.608503,138.94939,-9.090999,21.448,106.86041,-10.630601,8.117664,108.21894,6.8170023,21.538607,73.24886,-25.434961,13.473917,74.46601,-6.6969934
-2.9182215,205.39607,16.03899,0.33986816,208.36827,13.337399,-6.433896,208.39148,13.574344,4.6077714,207.6977,3.6391315,-11.838486,208.07758,5.1097074,10.319997,192.24529,-5.4900293,-23.880312,192.55089,-1.3386126,26.582605,178.48648,10.900531,-42.414383,174.77016,-9.059169,18.263565,197.91055,21.65638,-32.74312,152.85365,-3.8365035,9.269182,143.04752,-17.603905,-11.190272,141.13084,-9.817538,20.568594,108.02537,-11.351826,6.340117,109.577484,5.865077,21.847187,73.792595,-25.257132,13.279805,75.29518,-6.366843
-2.9920475,207.25502,16.04357,0.2595365,210.26965,13.381834,-6.5110507,210.33151,13.696124,4.671773,210.09322,3.8524861,-11.787675,210.28473,5.045915,11.220291,194.57104,-5.511177,-23.448328,194.94347,-1.9775014,28.622972,180.51204,9.441048,-43.082634,178.34273,-9.568042,20.25738,197.64482,23.32937,-32.80829,157.64162,-1.6638948,9.170857,144.81015,-17.514357,-11.799624,143.20255,-10.502599,19.268171,109.174095,-12.436747,4.389633,111.04205,5.2065845,21.892809,74.50423,-25.163265,12.676229,76.37384,-5.659349
-3.119279,209.40062,16.211353,0.13626942,212.48547,13.640475,-6.6440825,212.42357,13.8025465,4.794721,212.45415,4.2269473,-11.694071,212.69559,5.1393914,12.267772,197.267,-5.3325686,-23.061787,197.46977,-2.7005496,30.926123,182.8636,7.7068753,-43.619022,181.89543,-9.907417,22.51807,197.34782,24.812527,-32.501015,162.44476,0.02250397,8.936775,146.83522,-17.69092,-12.38383,145.44275,-11.227485,17.97229,110.81836,-13.425769,1.9754486,112.45406,4.3769956,22.144922,75.76924,-24.63484,11.350694,77.79957,-5.0200653
-3.0973225,211.31316,16.276752,0.16487625,214.5119,13.851041,-6.60698,214.41876,13.952686,4.991876,214.75232,4.491909,-11.473292,214.81213,5.0953183,12.929676,199.75871,-5.3027687,-22.598623,199.72696,-3.3999758,32.711163,186.21571,6.4311705,-44.03383,185.19812,-10.660363,24.695032,196.90837,26.261425,-32.48041,167.51678,1.4823437,8.881146,149.29326,-17.567497,-12.744336,148.08772,-12.005375,17.1053,112.77682,-13.889069,-0.14864956,114.54358,3.7089524,22.019228,77.386566,-23.792751,9.685143,79.83413,-4.933796
-3.0424702,212.99474,16.317726,0.31639352,216.28458,14.162256,-6.457796,216.35054,14.209606,5.049572,216.66437,4.584493,-11.418608,216.51328,5.1527486,13.703268,202.05763,-5.180728,-22.15562,201.94014,-3.9666502,34.79343,189.51273,5.4455914,-44.35908,188.59787,-11.000416,26.938858,195.82811,27.298996,-32.71541,172.62727,2.9828293,8.815487,151.49562,-17.86007,-13.052284,150.62352,-12.872998,16.397669,114.7081,-13.824259,-2.090132,116.87188,3.4192994,21.735313,79.20593,-23.336735,7.541409,82.38111,-5.5316906
-2.8200088,214.64742,16.470652,0.51351464,217.93962,14.296094,-6.263449,217.89047,14.230498,5.2697372,218.33463,4.733374,-11.16249,218.05702,5.211752,14.452212,204.28856,-5.0901566,-21.73258,204.06369,-4.1980233,36.354446,192.35768,4.587344,-44.810112,191.74832,-10.703918,28.653595,194.17917,27.701513,-33.168823,177.64511,4.7532663,9.293767,153.1376,-18.123812,-13.0258045,152.43355,-13.766911,16.13768,116.24557,-13.091242,-3.6051822,118.68663,3.3128011,20.768497,81.16704,-23.101437,5.145003,84.64721,-7.2217937
-2.7749164,215.90509,16.395714,0.5987422,219.17223,14.243178,-6.166225,219.00969,13.893913,5.44189,219.58733,4.747341,-11.025208,219.21707,5.064744,14.833571,205.91675,-4.5398293,-21.6012,205.4967,-4.681037,37.54625,195.39877,4.4477,-45.449787,194.3712,-10.401645,32.46161,192.60226,27.986868,-33.51697,181.93428,6.375821,9.507963,154.63797,-18.432087,-13.114697,154.10951,-14.658193,16.042511,117.73504,-11.846451,-4.845134,120.76382,3.6147318,19.579145,82.85153,-23.195341,2.4824593,87.44192,-9.01543
-2.7885523,216.8695,16.24902,0.63348883,220.15247,14.192337,-6.140523,220.11441,13.882668,5.560089,220.32523,4.6827717,-10.999242,220.16313,4.8980265,15.646306,206.94301,-4.0467386,-21.24562,206.8795,-5.1740756,39.176098,198.03267,4.8559113,-45.595512,196.24713,-9.868949,35.528637,191.0984,27.73995,-33.791836,185.30243,8.250921,9.759269,156.08441,-18.832527,-12.878603,155.66571,-15.772306,15.842213,119.26606,-10.513153,-6.19467,122.63022,3.781326,17.753252,84.83503,-23.316212,-0.26479217,90.07945,-11.008968
-2.5144863,217.64694,16.219313,0.85863143,220.93279,14.093576,-5.918808,220.8894,13.920184,5.716919,221.04173,4.5188403,-10.756878,220.67563,4.795272,16.297121,207.74977,-3.4786322,-20.806778,207.69629,-5.613897,40.39429,199.90509,4.752289,-45.74956,198.17662,-9.161714,38.051743,189.45387,26.368307,-34.65879,188.85796,10.4732485,10.133461,157.01418,-19.06554,-12.530415,156.85205,-16.50459,15.661053,120.46986,-8.769971,-7.331526,124.05303,3.778165,15.816563,86.737724,-23.444084,-2.66254,92.06491,-12.88077
-2.221719,218.04852,16.229927,1.1370661,221.4412,14.235593,-5.635243,221.33061,13.993188,5.9715858,221.46709,4.5827317,-10.508503,221.13963,4.858656,16.977228,208.30124,-3.3173866,-20.493876,208.1718,-6.124563,41.31301,200.83612,4.979815,-45.886753,199.14145,-8.537677,40.154743,187.37665,24.904213,-35.167942,191.90897,12.26205,10.68161,157.83565,-18.973671,-12.109385,157.8756,-17.007301,15.274893,121.30982,-7.392664,-8.243279,124.939896,3.4317784,14.227775,88.129105,-23.50107,-5.471213,93.33483,-14.623617
-1.9704264,218.4821,16.220991,1.3046466,221.85327,14.068265,-5.4687796,221.61563,13.916044,6.336472,221.87398,4.625715,-10.184438,221.47072,4.754183,17.561588,208.57568,-3.368962,-19.86103,208.49347,-6.323777,41.810535,201.3661,5.3957896,-45.614582,200.01578,-7.3801165,42.048397,185.12747,23.029047,-35.52687,194.22043,14.054371,11.27163,158.34468,-18.705,-11.61017,158.37442,-17.321198,14.661499,121.88737,-6.205952,-9.093436,125.08929,2.767711,12.346361,89.04381,-23.02,-8.011395,93.984856,-16.507109
-1.7689513,218.56761,16.260294,1.5564537,222.0042,14.290703,-5.211538,221.7743,13.965925,6.5888696,222.15591,4.71343,-9.909976,221.66772,4.7817273,18.200705,209.0621,-3.1395245,-19.136967,208.92113,-6.64046,42.36694,201.17967,5.5746846,-44.898396,200.4029,-6.539218,43.946186,182.78856,20.68882,-36.299816,196.17567,15.827695,11.807197,158.5453,-18.639404,-11.183673,158.79443,-17.59331,14.018646,122.15767,-4.849572,-10.060713,125.1062,1.8905003,10.67363,89.4696,-22.08901,-10.688596,94.31953,-18.50328
-1.5965159,218.546,16.496864,1.7867877,221.99957,14.661634,-4.9715643,221.85812,14.247866,7.0070033,222.22441,5.154967,-9.466619,221.55937,4.8109574,18.587677,209.12253,-2.8428,-18.284971,209.06596,-6.9221735,42.873478,200.88017,5.087643,-44.008686,200.53247,-6.241894,45.411015,181.17345,18.198051,-36.9766,198.11916,16.69354,12.268412,158.67126,-18.226788,-10.927632,159.06865,-17.628256,13.335294,122.38149,-3.7947233,-11.090337,124.78838,1.0315492,9.441418,89.525116,-20.877232,-13.388158,93.994255,-19.849207
-1.2217921,218.60893,16.760864,2.1276095,222.03218,14.812719,-4.646009,221.85658,14.493115,7.3322506,222.13869,5.303805,-9.144388,221.40695,5.037396,18.920673,209.04567,-2.339203,-17.373075,209.30519,-7.412663,43.40334,200.37971,4.182956,-42.804195,200.70888,-5.3664217,46.500153,179.2159,15.454637,-37.982567,199.82501,18.27335,12.498255,158.3608,-17.829382,-10.57219,158.89151,-17.715378,12.759936,122.00088,-3.000697,-12.2140255,124.15673,-0.15468457,8.313964,88.89216,-19.626654,-15.897942,93.28896,-20.87376
-0.990942,218.48404,16.91207,2.478389,221.72902,14.869307,-4.2875814,221.78679,14.53868,7.5222125,221.95715,5.4436793,-8.9837475,221.2669,5.2677727,19.296364,208.4677,-1.6690817,-16.427889,209.13098,-7.8111053,43.83334,198.74043,3.4000902,-41.538948,200.10313,-4.878371,47.202335,176.96474,13.143787,-38.08881,200.61864,19.327013,12.753231,157.63985,-17.135382,-10.162062,158.27336,-18.146343,11.975016,121.352,-1.8843577,-13.329201,123.28069,-1.5088568,7.3378,87.8541,-18.023762,-18.589504,92.40672,-21.845139
-0.57987326,217.90962,17.058575,2.81457,221.31192,15.148422,-3.9570956,221.27106,14.889625,7.9045873,221.3195,5.566937,-8.65376,220.93343,5.529876,19.956593,207.8446,-1.2006319,-15.669763,208.71268,-8.30599,44.138298,196.82271,2.3859313,-40.18992,198.9551,-4.1906734,47.642467,174.83249,11.106319,-38.049732,200.95155,20.131992,13.02667,156.57564,-16.182922,-9.91272,157.37648,-18.636806,10.93634,120.32041,-0.79080194,-14.746314,121.98866,-3.7499943,6.483567,86.42134,-15.814412,-21.143917,90.87564,-22.945446
-0.48468098,217.2586,17.19192,3.0424678,220.52539,15.287616,-3.72171,220.73448,15.009756,8.415897,220.48746,5.9857287,-8.13341,220.13051,5.285156,20.577642,207.22005,-0.8997464,-15.186365,207.82962,-8.437251,44.45723,194.89307,1.2645336,-39.37131,197.96004,-3.1629977,48.11845,172.70227,9.291708,-38.5765,200.99608,21.127966,13.70792,155.36473,-15.507372,-9.486273,156.4297,-18.945217,10.135171,119.08665,-0.07365253,-16.001177,120.72535,-5.807025,6.031238,84.54986,-13.776189,-23.52459,88.99188,-23.834934
-0.24210964,216.61642,17.285133,3.439469,219.72171,15.41025,-3.30034,220.05275,14.803451,8.677266,219.49709,5.9884953,-7.8844423,219.17354,5.339317,21.361843,206.09267,-0.5951341,-14.412846,206.88979,-8.412845,44.71031,192.5938,0.14542103,-37.965187,196.15088,-1.9345865,48.293293,170.29826,7.935717,-39.298138,200.65646,22.263805,13.775061,154.05441,-14.785331,-9.312428,155.30685,-19.207241,9.447413,117.65601,0.46331036,-17.192097,119.20404,-7.8965416,5.668437,82.59055,-12.002739,-25.765507,87.276726,-24.800482
0.33815917,215.3742,17.249619,3.8322244,218.76369,15.491811,-2.9131706,218.74336,14.909941,9.149794,218.4122,5.9008117,-7.388192,217.96094,5.341277,21.999752,204.60915,-0.31658196,-13.6909485,205.52129,-8.439041,44.60867,189.92781,-0.7796846,-36.58514,194.33936,-0.5300712,48.531757,167.41537,6.4135733,-39.89601,199.31058,23.359077,13.532548,152.3376,-13.835976,-9.282503,153.78629,-19.154978,8.395702,115.737785,0.82846636,-18.334063,117.36179,-10.033853,5.2518687,80.06901,-10.358826,-27.550447,85.14828,-26.045565
0.9968813,214.14467,17.466402,4.451272,217.41577,15.4341755,-2.315966,217.41547,15.067418,9.695688,216.93828,6.002876,-6.83744,216.42061,5.5581594,22.817194,202.83116,-0.26555425,-12.9699545,203.67497,-8.142684,44.609432,187.02733,-1.8893967,-35.398033,192.09067,0.5354694,48.694145,164.42696,4.743016,-40.51777,198.02928,23.929895,13.313229,150.273,-13.255879,-9.691312,151.95483,-18.83355,7.3421063,113.75778,1.3350707,-19.652964,115.409035,-12.205152,4.9238305,77.7946,-8.6923895,-29.460339,82.81043,-26.787878
1.6677203,212.60498,17.564196,5.0665174,215.87677,15.440002,-1.6886576,215.69228,14.9879465,10.154081,215.23886,5.8824515,-6.2958994,214.27275,5.7243595,23.473135,200.56569,-0.032658305,-12.181839,201.66617,-7.623202,44.235565,183.77351,-3.441675,-34.115513,189.82356,1.8077643,48.685753,161.38495,3.5882351,-41.06926,196.32773,24.693918,12.940619,147.83017,-12.752104,-9.774768,149.90541,-18.608316,6.4300427,111.71901,2.2119548,-21.009937,113.449814,-14.05739,4.708075,75.756874,-7.8681364,-31.225634,80.55103,-27.517345
2.2292829,210.69324,17.490797,5.549181,214.02985,15.343432,-1.1993344,213.76761,14.986657,10.606022,213.20375,5.708728,-5.8646946,212.2455,5.717296,24.269354,198.20708,0.09247402,-11.280008,199.29582,-7.144818,43.60365,180.14188,-4.413245,-32.84925,187.17342,3.0721037,48.62082,157.84172,2.115415,-41.424767,194.17949,25.43042,12.593426,145.53955,-12.1041975,-10.041052,147.76794,-18.361647,5.6769423,109.618904,3.5747237,-22.082134,111.42941,-15.682827,4.5420976,73.99985,-7.559395,-32.949535,78.22429,-28.265919
2.4453974,208.54482,17.427292,5.7716703,211.98006,15.449387,-0.9728181,211.65396,14.955937,11.067198,210.85286,5.7913637,-5.367842,209.98859,5.4537044,24.803417,195.3262,-0.0010435706,-10.840408,196.72499,-6.817898,42.85613,176.335,-5.323914,-32.12167,184.589,3.8792152,48.860924,154.1615,1.1011454,-41.74933,191.38564,25.861544,12.412388,143.10698,-11.478325,-10.137474,145.25723,-18.091911,5.1280494,108.001854,5.230181,-22.766834,109.330284,-16.765997,4.8208337,73.02159,-7.5901484,-34.209633,75.84549,-29.080534
2.747445,206.38928,17.475758,6.0179496,209.83684,15.428223,-0.72145337,209.44016,15.0014515,11.437453,208.57835,5.7967224,-5.004808,207.74925,5.4497395,25.16804,192.54008,0.0015023039,-10.37595,194.18651,-6.7779427,41.715034,172.44049,-6.2175775,-31.513805,181.9715,4.2603264,48.593056,150.27724,-0.030463671,-41.644264,188.38449,26.22166,12.123037,140.77112,-10.970559,-10.286224,142.91182,-18.190643,4.7196293,106.46918,6.977323,-23.60222,107.36121,-17.277363,5.3762865,72.37633,-7.406013,-34.74921,74.08141,-29.742144
2.8937044,204.48697,17.34725,6.172799,207.94806,15.343277,-0.55523574,207.4673,14.76358,11.772636,206.68314,5.827354,-4.716253,205.83997,5.1871653,25.35488,189.881,-0.025443763,-10.07849,191.68417,-6.6319966,40.197575,168.4041,-6.7693934,-31.0811,179.08878,4.45284,47.70135,146.00714,-1.3166234,-41.759586,184.96281,26.26096,12.092221,138.58073,-10.513312,-10.263658,141.03319,-18.195354,4.696752,105.56849,8.9635935,-24.037172,106.191826,-17.203606,5.8514476,72.392586,-7.0217843,-34.24187,73.369514,-30.468504
3.253469,203.28969,17.247618,6.4865665,206.80424,15.26061,-0.2258901,206.16946,14.591539,12.183908,205.49338,5.7982984,-4.2942553,204.67014,5.0702734,25.350779,187.73254,0.13269936,-10.127608,189.82527,-6.929553,38.165485,164.78413,-6.935134,-31.194548,176.32607,3.5121033,46.08801,142.22803,-2.3156826,-41.870373,180.91475,25.872322,12.012562,137.04745,-9.944171,-9.960473,139.70505,-17.84467,5.0373907,104.86869,10.415281,-23.775225,105.368866,-16.560976,6.432676,72.22676,-6.7701693,-33.56247,73.151794,-30.60039
3.5749998,203.00333,17.222467,6.8263345,206.47675,15.195577,0.12561572,205.78775,14.433108,12.602412,205.29683,5.8826957,-3.8873904,204.40074,4.978668,24.890644,186.90778,0.39595255,-10.423491,188.54207,-7.3621902,36.21589,162.95244,-6.4794335,-31.230577,174.10843,2.5800025,43.941174,139.7966,-3.2838333,-41.521084,176.64482,25.280542,12.255154,137.05208,-9.487635,-9.707576,139.34335,-17.683659,5.510973,104.62022,10.548047,-23.296717,105.258575,-15.187018,6.9948587,72.2166,-6.8460445,-32.871216,73.60577,-30.187248
3.8037608,203.29588,17.216997,7.1080785,206.75851,15.262418,0.41073424,206.13234,14.413818,12.803694,205.88423,5.8982573,-3.6700957,204.79706,5.0041647,24.729006,187.27124,0.55805284,-10.886141,188.5421,-7.409326,34.17675,162.41505,-6.0308337,-31.274534,172.67383,0.9122104,41.34468,138.88332,-3.672449,-41.0771,172.2641,23.901228,12.588499,137.37265,-9.381,-9.401281,139.75139,-17.278177,6.0829706,104.73814,9.903393,-22.46763,106.04905,-13.072137,7.217735,72.321434,-7.1200113,-31.489126,74.85912,-29.106607
4.04192,203.9876,17.258104,7.2645016,207.46855,15.194463,0.5726697,206.71098,14.438573,12.829687,206.77383,5.816333,-3.5994046,205.81673,5.187728,24.667889,188.186,0.58838785,-11.028085,189.48291,-7.7526484,32.390156,162.84041,-5.780342,-30.839113,172.11873,-1.3802599,38.084286,139.13132,-3.1206617,-39.867954,167.44087,21.340263,12.960415,138.5906,-9.675776,-9.002031,140.91728,-17.466393,6.462676,105.48495,8.847874,-22.108719,107.82596,-9.301708,7.121045,72.48387,-7.2092395,-29.949942,76.95011,-26.984695
4.1047645,204.88293,17.264124,7.280034,208.38048,15.155126,0.5605645,207.66237,14.587175,12.631695,207.88199,5.672144,-3.8461256,206.66937,5.4422846,24.292433,189.59323,0.45134515,-11.320507,190.44473,-7.9076967,31.249868,164.15083,-5.873896,-30.61862,171.8998,-3.580905,34.862453,140.39374,-2.119609,-38.712395,162.95883,18.130465,13.266708,139.85634,-10.151957,-8.704076,142.06512,-17.37522,7.537025,105.88169,7.522864,-21.598343,109.56947,-4.9961963,7.1758957,72.52999,-7.6195903,-28.161377,79.81953,-24.600456
3.9701283,205.7809,17.287115,7.1562376,209.2558,15.16401,0.41679698,208.6378,14.713296,12.211768,209.05827,5.569678,-4.2781115,208.03464,5.691026,23.611546,191.26154,0.4249803,-11.680709,191.87675,-8.053492,30.631512,166.10362,-6.2963643,-30.457079,172.32246,-5.850448,30.853241,143.00156,0.023913156,-36.756195,159.02803,14.057603,13.397011,141.26248,-10.67589,-8.822277,143.35957,-16.83753,9.000643,106.6356,6.216003,-20.88656,112.17207,-0.6725565,7.2693334,72.76695,-8.219778,-25.637285,83.93753,-22.541565
3.6852984,206.91135,17.30728,6.801666,210.3335,15.003257,0.06169321,209.68033,14.738492,11.993975,210.15215,5.5680313,-4.445478,209.30748,5.6647243,23.033455,192.78923,0.123404734,-12.268625,192.9715,-7.825297,30.500038,167.94852,-6.9154797,-30.58092,172.90495,-7.5552206,26.802767,146.20966,2.0489855,-35.046406,155.62866,9.257577,13.505683,142.56973,-10.936398,-8.894857,144.58824,-15.411174,10.707645,107.11332,4.586297,-19.942211,114.831375,3.6481996,7.109918,72.73481,-8.677566,-23.02364,88.565025,-20.625113
3.257993,207.9648,17.227507,6.3747435,211.4505,15.017082,-0.38118356,210.91719,14.891264,11.570547,211.42952,5.565144,-4.9153185,210.69879,5.679695,22.357689,194.51532,-0.5544462,-13.041438,194.11137,-7.40727,30.550343,169.80263,-7.3178873,-30.6541,173.49075,-9.16912,23.097929,150.49683,4.4177427,-33.27207,153.46967,4.6026616,13.791562,143.94144,-11.053936,-9.167824,145.85066,-14.078301,11.866358,107.628746,2.591475,-18.299732,117.64222,7.7817054,7.187338,72.80892,-9.065376,-20.322834,93.82319,-19.12794
2.6988988,209.12593,17.269318,5.916498,212.50966,15.044996,-0.8575837,212.1826,14.946015,10.915298,212.36163,5.519479,-5.6021276,211.87556,5.849731,21.770523,196.13348,-0.9687349,-13.909461,195.22136,-7.460675,30.62311,171.72337,-7.411204,-30.992945,174.19122,-10.554847,19.675747,155.675,6.45145,-31.738998,151.88962,-0.07180962,13.975625,145.26514,-10.87866,-9.030876,147.16725,-12.878912,12.879854,108.21515,1.1060048,-16.058764,120.23769,11.3016815,7.2770634,72.93515,-9.392276,-17.541864,99.27037,-17.871555
2.1796985,210.0245,17.2716,5.364408,213.38747,14.972715,-1.4054962,213.15974,15.093852,10.222219,213.39674,5.4501867,-6.2522416,212.86691,5.9296846,21.017416,197.43315,-1.4375342,-14.738728,196.07068,-7.2452393,30.837759,172.98431,-6.983155,-31.064093,174.70296,-12.034792,16.439955,161.7436,8.167879,-30.117334,151.28357,-4.7313585,13.877593,146.49358,-10.751211,-8.998978,148.29387,-11.512801,13.565714,108.82654,-0.31310952,-13.500329,122.32329,14.52629,7.2545757,73.43769,-9.397013,-14.6821375,104.668564,-17.005997
1.6318594,210.74716,17.303255,4.939696,214.02281,15.041844,-1.8312691,213.97647,15.069399,9.6883335,214.12996,5.4789333,-6.8139005,213.66403,6.0228577,20.03271,198.83412,-1.9765147,-15.709738,196.91798,-7.0953474,30.5644,174.46721,-6.1083755,-31.249155,175.43053,-13.432219,13.422659,167.93358,9.052649,-28.515015,151.66058,-8.849475,13.878502,147.82437,-10.723616,-8.741685,149.3295,-10.6166115,13.640764,109.7727,-1.3310604,-10.263595,124.59531,17.281382,7.274417,73.7572,-9.405112,-11.948983,109.79997,-15.711988
1.0371618,211.39098,17.302101,4.3518844,214.71576,15.134896,-2.427195,214.63422,15.085259,9.145359,214.68791,5.4916544,-7.3393884,214.36565,6.0096216,18.871958,199.87885,-2.4660702,-16.573963,197.61678,-6.7426686,29.836939,175.4308,-4.964069,-31.373238,176.15154,-14.741926,11.050631,173.11295,9.659539,-26.573513,152.33514,-13.069091,13.680976,148.69994,-11.210534,-8.428344,150.34654,-9.573048,13.777269,110.859695,-2.0619574,-6.8894124,126.853714,19.940096,7.4272203,74.43814,-9.546656,-9.574348,113.98334,-14.247149
0.5165165,211.85881,17.198784,3.9036665,215.22397,15.216754,-2.870633,215.22742,15.052647,8.479043,215.13043,5.278627,-8.001692,214.68152,5.9726443,18.072844,200.78455,-2.7839239,-17.482327,197.98671,-6.227238,29.16844,176.29773,-3.0843806,-31.298061,176.97252,-16.489826,9.274618,178.1308,10.255658,-25.108906,153.5079,-16.75249,13.391887,149.54909,-12.053662,-8.129876,151.1743,-9.135296,13.675982,111.62714,-2.6096497,-3.8731785,129.72821,21.862732,7.651011,74.99707,-9.474257,-7.369331,116.20023,-12.227121
0.012332749,212.01628,16.96066,3.4251144,215.38051,15.016352,-3.3516335,215.43999,14.871465,8.043411,215.22699,5.074692,-8.444171,214.97165,5.702485,17.166828,201.34418,-3.490793,-18.347534,198.11566,-5.804674,28.241138,176.88353,-0.75793207,-31.430328,177.62355,-18.054283,8.267919,182.76527,11.53912,-23.88416,154.77136,-20.273895,13.184645,149.87726,-12.673792,-7.8796945,151.6598,-8.504222,13.631055,111.95416,-3.061612,-0.9130523,132.53699,23.399588,7.6167836,75.26634,-10.149187,-5.3386536,117.961395,-9.793974
-0.4074266,212.1846,16.70327,2.9458587,215.57849,14.703842,-3.828022,215.6623,14.791729,7.5416713,215.3967,4.7472534,-8.927277,214.90651,5.4885755,16.306858,201.52202,-3.923572,-19.113714,198.1903,-5.436576,26.902729,177.42409,1.8449321,-31.388353,178.12532,-19.334204,7.367251,186.93613,12.553832,-23.04092,155.75897,-23.29776,12.754308,150.11214,-13.329595,-7.598347,152.26056,-7.781895,13.5178,111.995605,-3.2074883,2.4915414,135.31224,24.357449,7.82222,75.24176,-11.139496,-3.3461769,118.476776,-7.7402973
-0.4460636,212.23459,16.352406,2.669612,215.73376,14.168393,-4.0969133,215.55063,14.586874,7.048324,215.28795,4.0900083,-9.384823,214.68567,5.3612113,15.338476,201.47095,-4.2627935,-19.662445,198.17459,-5.2858877,25.558937,178.33496,4.669136,-31.440317,178.84402,-20.476553,6.428359,190.6176,13.441334,-22.43391,157.06714,-25.972008,12.016536,150.11943,-14.303614,-7.9663405,152.45216,-7.0984416,13.469369,112.256355,-3.328869,5.3462358,137.57051,25.178738,8.305425,75.47587,-12.000867,-0.75046015,118.48281,-5.1190653
-0.7509861,211.8575,15.8332405,2.3257244,215.39943,13.666599,-4.4345336,215.17609,14.144542,6.670747,214.91676,3.4937866,-9.743226,214.35513,4.900936,14.580957,201.14685,-4.938907,-20.150463,198.22183,-5.4075694,24.218544,179.38763,7.479643,-31.493748,179.42987,-21.44572,5.234517,192.72414,14.482741,-21.813189,158.22713,-28.194008,11.117514,150.04924,-15.067997,-8.317371,152.20583,-6.5459027,13.26298,112.46346,-3.866577,8.194105,139.35078,25.341578,8.794352,75.42896,-12.91251,2.304075,115.18266,-0.9638736
-1.1748071,211.5758,15.244882,1.9848325,214.93289,12.912085,-4.7789917,214.90503,13.4136915,6.3928084,214.32613,2.877038,-10.038975,214.0256,4.184236,13.902859,200.59071,-5.6706467,-20.236683,198.15121,-5.890448,22.71057,180.6919,10.211801,-31.79148,179.92227,-22.084877,4.239363,194.46056,16.217215,-21.659908,159.40733,-30.524635,10.386732,149.54591,-15.673166,-8.616516,151.73279,-6.087044,13.154886,111.92792,-4.5158772,10.3928795,140.08629,25.089443,9.281002,74.75091,-13.734829,5.8514295,111.52518,4.031133
-1.3101076,210.9887,14.682937,1.8383507,214.42937,12.456006,-4.925801,214.33812,12.916739,6.206155,213.63733,2.2620173,-10.227641,213.56985,3.7200553,13.359144,199.80392,-6.198809,-20.49641,197.98595,-6.104749,21.445152,181.55943,11.96952,-32.110847,179.96556,-22.36071,3.1682014,195.27202,16.75659,-21.371588,160.15031,-31.997522,9.71681,149.18675,-16.003862,-9.108085,150.85326,-5.844948,13.008094,111.54258,-5.6595864,11.609601,139.60997,24.011583,9.099099,74.21366,-14.714674,10.099872,106.663536,10.109414
-1.5530927,210.7203,14.1931305,1.5767652,214.15804,11.930176,-5.1831803,214.03574,12.3924,6.0195603,213.23254,1.7960886,-10.424032,213.14386,3.166953,12.965087,199.06111,-6.7272964,-20.565235,197.80865,-6.768622,19.94574,182.53249,13.139704,-32.011677,179.73148,-23.03354,1.3483306,195.60808,18.508902,-21.075682,160.3339,-33.187984,8.843492,148.85802,-16.534054,-9.35659,150.08972,-5.7626905,12.821189,111.422554,-7.077524,12.703882,136.96863,22.640144,8.503637,74.20638,-15.320245,15.441807,101.69613,16.64446
-1.6532744,210.17339,13.617862,1.5112828,213.55177,11.3193865,-5.2513695,213.5082,11.779251,6.0642653,212.72485,1.3419898,-10.441163,212.58029,2.5212355,12.879165,198.42134,-7.3981843,-20.856428,197.62317,-7.3083854,18.410322,183.52776,14.150662,-31.747717,179.6635,-23.94433,-0.57074887,195.52345,20.530823,-20.858887,160.08914,-33.828636,8.45728,148.40823,-17.170444,-9.090868,149.1313,-5.7083383,11.872542,111.33603,-8.499846,13.031042,132.84703,20.905811,8.01301,74.22436,-15.841158,20.231548,98.16477,23.532299
-1.4340928,209.95616,13.133398,1.7072675,213.27205,10.704157,-5.0469403,213.24773,11.252227,6.037351,212.77882,0.73722684,-10.3946495,212.50075,2.2002337,12.646837,198.25928,-8.073187,-20.82488,197.50505,-7.567444,16.847094,184.2188,14.316624,-31.40385,179.40501,-24.298498,-2.4920716,194.27588,22.821041,-21.147045,159.3634,-34.061287,8.383519,148.26477,-17.930319,-8.615961,148.71101,-5.761482,10.807088,111.25449,-9.9902935,12.563891,128.81207,18.79913,7.5037785,74.05394,-16.043869,24.862667,96.713974,29.762344
-1.1832293,209.825,12.812956,1.8971438,213.21037,10.401031,-4.84764,213.12315,11.049623,6.2258663,212.59064,0.35717914,-10.237099,212.48119,1.9677395,12.566027,198.07489,-8.334557,-20.928276,197.52283,-7.92095,15.538216,183.94029,14.074627,-31.053543,178.854,-24.022741,-3.763761,192.99141,24.856615,-21.737228,158.59132,-34.145386,8.28793,148.11923,-18.273468,-8.631184,148.07297,-5.796815,10.815359,110.99727,-11.278528,11.812758,124.355804,16.418398,7.1476936,73.80715,-16.186989,28.090965,97.37228,34.021267
-0.810858,210.02267,12.822824,2.332288,213.26953,10.309737,-4.4149947,213.34879,10.99893,6.445209,212.69215,0.31013128,-10.005004,212.62306,2.095795,12.609425,198.21387,-7.910853,-21.021109,197.73517,-7.7756248,14.389709,183.44571,14.488241,-30.566507,178.43948,-23.2953,-4.49233,191.437,26.222834,-22.75032,157.61275,-33.589165,8.580492,147.80475,-18.404135,-9.083242,147.39354,-7.0915933,11.056295,110.63952,-11.73119,10.955158,122.48169,14.349584,7.107554,73.80449,-16.317963,29.668234,98.51879,34.517746
-0.66250825,209.98387,12.77479,2.5118442,213.3166,10.426054,-4.2280855,213.46837,11.16842,6.5579123,212.80014,0.28940383,-9.872728,212.71272,2.08993,12.652948,198.10765,-7.444912,-21.31393,197.84145,-7.103643,14.332668,181.74182,13.844076,-30.024212,177.88972,-22.130064,-4.5776286,189.47568,25.800726,-24.219475,156.60808,-32.095547,8.486845,147.29088,-18.522448,-9.74228,147.12718,-7.773837,11.706663,110.465645,-11.473147,11.380588,122.823395,13.37487,7.2852664,73.75892,-16.096031,29.726114,98.646,32.871353
-0.572518,209.97444,12.985564,2.6126657,213.1252,10.415808,-4.106848,213.46513,11.335887,6.6306143,212.55936,0.44385496,-9.835593,212.73798,2.3456526,12.872988,198.03638,-7.042389,-21.276648,197.63992,-6.3713436,14.508532,179.75638,12.704748,-29.563997,177.12581,-20.842293,-4.8326135,186.96364,24.411694,-25.60942,155.1824,-30.421547,8.199127,147.03217,-18.739098,-10.030224,147.04182,-8.059826,12.450513,110.167175,-10.673038,12.548161,124.8788,13.601653,7.636484,73.74278,-15.878064,28.368776,97.23489,29.782738
-0.36814663,209.72429,13.281614,2.925901,212.79327,10.742609,-3.8064601,213.23264,11.470621,6.8833995,212.0516,0.6314619,-9.545913,212.3647,2.5651326,13.45426,197.54254,-6.625284,-21.184505,197.01102,-5.5671887,14.526369,177.50499,11.530516,-29.186235,175.81903,-19.395422,-5.4156938,185.46419,22.79691,-26.737549,153.39946,-28.565619,7.9819493,147.14243,-19.054178,-10.144002,147.3532,-8.308694,12.734761,110.50522,-9.343089,13.79528,127.51603,14.32677,7.9031243,73.97564,-15.695753,26.18346,95.51243,25.209595
-0.0049343244,209.2134,13.607864,3.2719936,212.3417,11.112147,-3.4460535,212.7808,11.924412,7.0827928,211.46758,0.94248974,-9.321968,211.82451,3.003591,13.822388,196.77695,-6.303142,-21.298313,196.20834,-4.676281,15.153361,175.10266,9.818068,-28.991812,174.30365,-17.88449,-5.359278,183.14938,20.150253,-28.014996,151.36641,-25.979185,7.9018197,147.14331,-19.316511,-9.983443,147.476,-8.19439,13.19503,110.87888,-7.8541083,15.049204,129.12566,15.215232,8.214809,74.37746,-15.380209,22.729399,94.1569,19.814259
0.44850984,208.56435,14.013515,3.6122687,211.7928,11.505925,-3.091763,212.11288,12.4921875,7.2688637,210.76317,1.2268637,-9.096912,211.08678,3.5791345,14.28922,196.00125,-6.180039,-21.233522,195.30249,-3.7603338,16.221148,172.83649,7.1655827,-29.17754,173.06323,-15.810827,-4.937418,180.32996,17.294334,-29.245625,149.70383,-23.454882,8.055621,146.96033,-18.864357,-9.861709,147.26622,-8.084323,13.791641,111.10875,-6.5533333,15.742695,129.6056,15.777359,8.388162,74.625854,-14.684418,18.826359,94.020996,14.337609
0.7061154,207.79822,14.441443,3.8992226,211.00534,11.945838,-2.8391607,211.22792,12.680788,7.785824,209.92897,1.7931473,-8.660471,210.20361,3.805483,14.932409,194.8179,-6.258788,-21.037745,193.98848,-2.9563408,17.081266,170.32811,4.705563,-29.363981,171.04613,-13.824135,-4.3760004,177.08357,14.712542,-30.601667,147.42699,-20.959862,8.205365,146.62077,-18.242527,-9.384134,146.97527,-7.1417007,14.648786,110.89228,-5.752107,16.595953,130.12677,16.37628,8.442981,74.57441,-14.393494,13.965236,94.91368,9.067869
1.187485,206.98256,14.952449,4.314559,210.1758,12.359997,-2.4161298,210.35413,13.207111,8.1698265,209.11304,2.2338758,-8.250907,209.08292,4.291396,15.362336,193.4747,-6.4609966,-20.374977,192.68752,-2.0794907,18.29856,168.1104,2.2593377,-29.049389,169.15056,-12.020164,-3.2792494,173.75647,12.571289,-31.653484,145.3045,-18.062489,8.679979,145.98462,-17.441896,-9.569261,146.51454,-7.067856,15.09971,110.34833,-5.5072737,15.872933,129.11877,16.713778,8.110753,73.95579,-13.987111,9.497256,96.07798,4.0380445
1.6508348,206.02443,15.206822,4.749169,209.33868,12.73833,-1.9946781,209.36072,13.476104,8.693554,208.29907,2.5532215,-7.739952,208.08353,4.522448,15.843933,192.22058,-6.779082,-19.779291,191.27971,-1.58626,19.60015,166.1841,-0.7088986,-28.900723,167.11769,-10.065499,-1.6950412,170.26103,10.899268,-32.487476,143.16049,-14.916335,9.143319,144.90732,-16.54423,-10.059334,145.40659,-6.791284,15.29537,108.81623,-5.4320326,14.750972,128.14629,17.392887,8.137933,73.417656,-13.557073,4.7912593,98.49646,-0.40838727
1.8867692,205.18063,15.347658,5.028923,208.45638,12.876372,-1.725659,208.48573,13.48524,9.022476,207.60107,2.7922323,-7.447853,207.37587,4.6393843,16.291752,190.96024,-6.7796783,-19.528162,190.22273,-1.4483523,21.300472,164.5402,-2.8204331,-28.997654,165.5482,-8.450443,0.19002973,166.93484,9.365594,-32.188725,141.25766,-11.628469,9.323604,143.97527,-15.729785,-10.527137,144.48718,-6.6426387,15.621986,107.52532,-5.3949594,13.0207,127.07628,18.253338,8.222628,72.57418,-13.53448,0.50585073,101.74798,-4.3305793
1.9609728,204.72061,15.348177,5.096786,207.99017,12.863897,-1.6580305,207.98901,13.429041,9.166805,206.90364,2.7609603,-7.309299,206.74503,4.5876284,16.646183,190.08546,-6.790196,-19.254015,189.86794,-1.4393647,23.383448,163.77446,-4.8200235,-29.425177,165.17479,-7.217555,3.1500316,164.36876,8.436703,-31.723362,140.5453,-7.4412794,9.656648,142.90627,-15.0897045,-10.7193775,143.6421,-6.359448,16.09914,106.49244,-5.372578,10.522886,125.60101,18.706171,8.114528,72.14228,-14.0134535,-3.7081697,104.503876,-7.588974
2.0081756,204.35042,15.45349,5.2006583,207.60585,13.018713,-1.5593222,207.68399,13.558554,9.370461,206.43828,2.9701102,-7.1652308,206.40532,4.594224,16.890404,189.77933,-6.594164,-19.156656,189.89941,-1.3056915,25.526058,163.84058,-6.830944,-30.351082,165.5112,-6.4155784,6.2454257,163.09181,7.36727,-30.806694,141.22531,-2.6822488,9.600999,142.16554,-15.138341,-11.342882,143.04228,-6.6290298,16.773205,106.05864,-4.7273197,8.022215,123.08085,18.370472,8.221871,72.02219,-14.16934,-7.477606,106.67777,-10.840177
2.1160722,204.15878,15.48311,5.253631,207.44357,13.020714,-1.4966593,207.48495,13.666968,9.510468,206.519,3.033352,-6.9977818,206.33366,4.6086984,17.12125,189.71342,-6.902683,-19.036095,190.22078,-1.1680373,27.726068,164.4644,-9.133297,-31.157894,166.25432,-5.5632195,9.276676,162.63133,5.9178486,-28.874674,143.2725,2.5300558,9.386003,141.78369,-15.61674,-11.917553,142.64195,-6.9607315,16.79084,105.88994,-5.0109344,4.6825776,121.61822,18.608828,8.473081,72.03448,-14.302256,-10.856011,108.87469,-12.211678
2.2354183,204.24136,15.622589,5.356868,207.57901,13.212706,-1.4044856,207.49922,13.732398,9.599182,206.80594,3.211514,-6.9084153,206.64842,4.7801423,17.109423,190.15002,-7.7584968,-19.09246,190.77368,-0.8321888,29.65502,165.94948,-11.731466,-31.87883,167.22296,-4.082381,12.47167,162.44539,4.4983373,-26.169226,146.34103,7.2861342,8.936493,142.15962,-16.137112,-12.571456,143.04039,-7.88616,16.235245,106.41718,-5.0796266,1.0746217,120.61839,18.58706,8.609798,72.2748,-14.5517,-13.258865,109.15161,-12.871749
2.1615365,204.6275,15.752949,5.335263,208.00824,13.467184,-1.4330456,207.94084,13.873239,9.593188,207.3152,3.409101,-6.9346447,207.31628,4.9527307,17.131578,191.29012,-8.113932,-18.979826,191.85931,-0.36078182,31.309874,168.88107,-14.272933,-32.242855,168.52701,-2.6550431,16.657795,162.18004,3.296689,-23.072777,151.03189,11.7409525,8.456797,142.95015,-16.413918,-13.440874,144.1978,-8.484569,15.605453,107.18473,-5.017568,-2.9804068,119.668274,17.911871,8.850272,72.665504,-14.588779,-16.017324,109.540726,-14.497192
2.0255277,205.09415,15.8941145,5.274478,208.44589,13.677611,-1.5056629,208.45135,13.981012,9.527144,208.00014,3.6450796,-6.9926896,208.0829,5.1113358,16.95316,192.51137,-8.460929,-18.57637,192.96144,0.0201365,32.65512,171.87521,-16.422663,-31.689718,169.7495,-0.36235592,20.756437,162.38435,2.0061545,-19.719463,155.93825,16.288671,7.82911,143.76123,-16.28631,-14.218298,144.96959,-9.276153,14.589406,108.214714,-4.0710077,-7.170857,118.82064,16.557226,9.230302,73.09237,-14.431488,-18.967627,111.70644,-17.870438
1.8365941,205.77553,16.027225,5.221703,209.00012,13.827962,-1.5570772,209.17368,13.944517,9.59193,208.85162,3.9472268,-6.9025354,209.03163,5.098836,17.014257,193.89629,-8.5887785,-18.12854,194.1488,0.034943793,33.841236,174.62769,-17.523289,-31.025625,171.0193,1.8858032,25.431559,162.63853,1.6901206,-17.153364,160.10255,19.024591,7.1158495,144.65222,-16.404825,-15.245371,145.99535,-9.874466,13.3571205,109.03127,-3.5020251,-11.205401,117.97664,14.50344,9.572967,73.75145,-14.19987,-21.765303,110.61388,-19.89141
1.6656183,206.54984,16.190155,5.118846,209.65465,13.9175415,-1.6518869,209.9695,14.031249,9.684361,209.7251,4.2816763,-6.818357,209.92982,5.0881734,17.162857,195.20189,-8.572585,-17.83494,195.06186,-0.45198202,34.813168,176.88562,-18.216717,-29.79679,171.6757,4.4008827,29.431036,163.07742,0.7352744,-14.317954,163.66107,21.779745,6.4354815,145.45778,-16.382833,-16.096262,147.06474,-10.843759,12.240695,109.801186,-2.6685133,-15.339268,117.89005,12.291866,9.99117,74.47807,-13.929954,-24.687773,108.24177,-21.650223
1.5661793,207.2467,16.132372,4.910642,210.42545,13.798361,-1.859961,210.61618,14.057811,9.626026,210.62035,4.240125,-6.891867,210.72289,5.042238,17.44605,196.34186,-8.680262,-17.648386,196.12927,-0.871423,35.562492,178.84294,-18.900806,-28.130295,172.99042,7.190714,33.50206,163.76085,-0.2344693,-11.251175,167.93398,24.541945,5.8148317,146.21425,-16.56571,-16.893366,147.76945,-12.029614,10.653793,110.64895,-1.9200988,-18.896544,117.78396,10.3569,10.182826,75.34511,-13.330591,-27.693306,105.42667,-22.82749
1.2951902,208.03055,16.181707,4.738854,211.13046,13.89488,-2.0360403,211.37975,13.936611,9.297451,211.13142,4.2165523,-7.1981726,211.30206,5.0551295,17.395193,197.32646,-8.842615,-17.637285,197.12886,-1.1773405,36.117214,180.59554,-19.37681,-25.995451,174.51921,9.684342,38.123863,164.54489,-1.6618388,-8.434427,172.62932,26.870993,5.221145,146.94691,-16.41567,-17.520893,148.42331,-12.972393,8.861138,111.36639,-0.86963147,-21.86153,117.49661,8.2480755,10.248426,76.10663,-12.863057,-30.614676,102.22014,-23.908936
1.1771579,208.32835,16.002804,4.6134233,211.56017,13.884397,-2.1657488,211.7238,13.835383,9.040594,211.5581,3.9684052,-7.4080315,211.81711,5.0166736,17.256273,198.01317,-9.258777,-17.536648,197.60023,-1.339184,36.514244,181.88232,-19.47126,-23.786814,175.67705,12.376443,42.625923,165.03468,-3.3783185,-5.590992,175.89091,29.125935,4.50342,147.53879,-16.485611,-18.242699,148.94081,-13.6863785,7.010125,112.23417,0.13152388,-24.628666,117.40294,6.047701,10.367589,77.02353,-12.446686,-33.74915,98.594376,-24.32305
0.99123955,208.54817,15.808076,4.527757,211.7285,13.774456,-2.2472682,212.10257,13.750222,8.919554,211.64415,3.7829597,-7.5185294,212.04448,4.7193165,17.050772,198.41455,-9.59498,-17.372585,197.72546,-1.2463347,37.168255,182.80962,-19.130867,-21.463717,176.52379,14.80086,46.745743,165.43102,-5.2717533,-3.0992942,177.99245,31.42821,3.614415,147.64201,-16.480522,-18.918993,149.15688,-14.201595,4.957188,112.39514,0.8935158,-27.073189,116.9653,3.6247194,10.399061,77.83293,-12.371827,-36.68041,94.65985,-24.284454
0.75552607,208.75552,15.6223135,4.263576,211.80327,13.34632,-2.4837427,212.32124,13.582894,8.702052,211.49142,3.5882597,-7.7478237,211.8451,4.362236,16.72297,198.47421,-9.7106695,-17.262262,197.41737,-1.2179354,37.740158,183.72496,-18.1635,-18.632885,177.83534,17.305136,50.735493,166.22366,-7.2715325,-0.45730132,179.69376,34.09937,2.996591,147.20914,-16.472174,-19.394646,148.88458,-15.206306,2.776836,112.32525,2.1632004,-29.27689,115.89659,0.5443111,10.040242,78.44646,-12.099613,-39.477894,90.59141,-24.47231
0.47117627,208.59724,15.354923,4.0267496,211.66333,13.186387,-2.7283454,212.20192,13.320685,8.338717,211.19531,3.2148223,-8.0970545,211.56227,4.170982,16.370092,198.18304,-9.700081,-17.01565,196.95305,-0.9679972,38.184895,184.24208,-17.310228,-15.573805,179.36174,19.75654,54.32844,167.78972,-9.249119,2.5498714,180.96999,36.702835,2.1244068,146.39282,-15.865475,-20.02085,148.24231,-16.438643,0.8525456,111.67455,2.9151146,-31.349579,114.75667,-2.425746,9.512603,78.71069,-12.334708,-41.974216,86.827385,-24.330292
0.27296275,208.20583,15.1261635,3.8582559,211.26912,12.998537,-2.9003224,211.80629,13.0383625,8.099218,210.67538,2.9112592,-8.339815,210.96637,3.9192674,16.301579,197.51672,-9.192665,-16.766125,196.18797,-0.83844686,38.507946,184.32843,-16.777,-12.739582,180.63574,21.087421,56.958683,169.0319,-11.583641,4.960254,182.1512,38.668633,1.7897092,145.59608,-14.825595,-20.452456,147.40771,-16.529749,-0.750837,110.84482,3.4908612,-32.963867,113.26049,-5.3332696,8.488906,78.2411,-12.260023,-44.324512,83.24799,-23.900114
0.09099874,207.41106,14.976631,3.6037273,210.4728,12.722762,-3.1471522,210.97972,12.929515,8.0736475,209.87996,2.837826,-8.419892,210.17941,3.7579858,16.1039,196.50352,-8.84969,-16.449272,195.58643,-0.8268482,38.914124,184.29623,-15.798542,-9.888302,181.80177,21.812706,59.110657,170.53723,-13.219259,7.019093,182.6976,40.200165,1.268298,144.3887,-14.278219,-20.821928,146.2985,-16.274166,-2.241137,109.78118,4.2071257,-34.159473,111.6177,-8.191725,7.23444,77.59574,-12.451981,-46.29173,80.11094,-23.554289
0.07855187,206.51022,14.994606,3.4909947,209.52716,12.549019,-3.2773514,209.90462,12.855849,7.945634,208.50403,2.744974,-8.499456,208.93623,3.695484,16.175346,195.24243,-8.371153,-16.287443,194.53674,-0.6723767,39.58036,183.90443,-15.077698,-7.828746,182.33704,22.393,60.895638,171.80557,-14.2281685,8.733965,183.41557,41.216476,0.5602445,142.87215,-13.858793,-21.288485,144.97916,-15.991338,-3.1329913,108.62678,4.899096,-34.967613,109.82086,-10.625269,5.9652905,76.92335,-12.643221,-48.143944,77.81226,-23.880487
-0.02635777,205.0851,14.920071,3.355646,208.20602,12.559877,-3.413029,208.4739,12.8174715,7.9417615,207.05307,2.6970558,-8.502931,207.49512,3.5393035,16.056454,193.41904,-7.958309,-16.11,193.10939,-0.41715854,40.10501,183.564,-14.830104,-6.208098,182.89459,23.109364,62.13123,172.71677,-14.531846,9.813348,183.75674,42.471874,0.053545922,141.26411,-13.567388,-21.610453,143.47289,-16.115622,-3.7214267,107.44023,5.5859275,-35.59297,108.43676,-12.447769,5.1845584,76.46195,-13.017486,-49.456287,76.04088,-24.815262
-0.13917848,203.92674,15.125369,3.207433,207.08612,12.762324,-3.5614958,207.29805,13.042294,7.873805,205.66673,2.9139605,-8.599791,205.95035,3.6870131,16.2086,191.6706,-7.91959,-16.14323,192.12773,0.12798136,40.77096,182.84483,-14.434357,-5.45267,183.1491,23.738314,62.887314,172.6329,-14.648326,10.839083,183.90439,42.778492,-0.2928844,139.97998,-13.563253,-22.027933,142.0259,-16.547789,-3.7521973,106.32921,5.9612064,-36.545155,107.031975,-13.733205,5.0741253,75.7768,-13.424664,-50.346786,74.46706,-25.86577
-0.1400747,202.7923,15.283828,3.1746993,205.94795,12.880576,-3.601728,206.05794,13.098505,8.021842,204.52219,3.126693,-8.433589,204.65672,3.6837509,16.452934,190.29399,-7.6580157,-16.101547,191.20126,0.24029547,41.20123,182.09258,-14.45429,-6.076191,182.57848,24.084337,63.130764,172.00735,-14.082664,10.953802,183.97012,42.467434,-0.7019893,138.98656,-13.557048,-22.333101,141.10223,-16.508266,-3.3781736,105.52744,6.311119,-37.186745,106.25955,-14.772092,5.528583,75.59393,-13.639571,-50.510715,73.67178,-26.504587
0.05418804,201.98782,15.505813,3.348904,205.15756,13.084773,-3.4268675,205.2031,13.274806,8.508135,203.95982,3.636695,-7.993817,204.08124,3.7935853,16.597618,189.69772,-7.5617046,-15.702026,190.52534,0.19473028,41.17791,181.62408,-15.008293,-7.684205,180.80426,24.445457,62.622654,170.9194,-13.273944,10.363494,182.91556,41.690273,-0.9376819,138.25511,-13.670333,-22.49781,140.44202,-16.731884,-2.743128,105.186745,6.4187236,-37.51323,106.02393,-15.321425,6.323306,75.24262,-13.612299,-50.49744,73.40388,-26.864973
0.59276235,201.64075,15.888204,3.9079976,204.75055,13.425186,-2.8742094,204.74117,13.485406,8.945601,203.53658,3.9167893,-7.5292373,203.84006,4.2336016,16.436893,189.37608,-7.185131,-15.717434,190.28363,0.65770197,40.827354,180.98106,-15.439815,-8.902353,179.13048,24.606287,61.275753,168.7615,-12.67136,9.67369,181.7191,40.925392,-1.0594736,138.29507,-14.511367,-22.730928,140.50302,-17.280996,-1.7157363,105.82405,6.132097,-37.462364,106.185844,-15.646838,6.695799,75.4637,-13.66896,-50.364113,73.45366,-26.866198
1.1126782,201.7849,16.480648,4.5489793,204.72244,13.975486,-2.224935,205.04611,14.102934,9.525545,203.73099,4.544468,-7.0012584,204.16103,4.8686934,16.6003,189.59985,-6.620896,-15.756538,190.13997,1.3617709,40.176212,180.2677,-16.10303,-10.7253275,176.93666,24.55022,59.210224,166.25496,-12.005187,8.974076,180.1866,39.543457,-0.5829776,139.02771,-15.175597,-22.684448,141.0272,-18.030834,-0.4999849,106.72996,5.443606,-37.28377,106.588806,-16.199663,6.910462,75.80788,-13.716238,-50.299236,73.783295,-27.019838
1.8633579,202.13602,17.310823,5.2660313,205.0598,14.739621,-1.5134863,205.33702,14.905311,10.392028,203.97177,5.4346704,-6.124279,204.52264,5.593246,17.093597,190.17157,-6.0559163,-15.727971,190.29591,2.350656,39.610836,179.10733,-16.4357,-13.372607,173.32411,23.459959,56.89911,163.35533,-10.949978,7.210004,178.00989,36.740543,0.010862129,139.92763,-15.905925,-22.36946,141.6738,-19.22278,0.88762355,107.64875,4.7904835,-36.933613,107.366776,-16.388603,7.1159053,76.17904,-13.846128,-50.30794,74.55159,-26.520285
2.629452,202.49397,18.111172,6.0192585,205.4935,15.609548,-0.7550596,205.77255,15.835398,11.068311,204.60437,6.2491713,-5.4164205,205.17694,6.462369,17.71414,190.59088,-5.8437448,-15.635339,190.67374,2.9097836,39.034748,177.37201,-16.432285,-16.046461,171.19128,21.707783,54.14548,160.04774,-9.553207,5.2582507,174.81717,33.854237,0.8298214,140.9943,-16.722532,-22.13045,142.68779,-19.275282,2.47924,108.48065,3.8337393,-36.379417,108.42662,-16.461592,7.305897,76.44726,-14.051477,-50.121456,75.669106,-26.233078
3.3292518,202.80043,18.782171,6.6672864,205.92432,16.373508,-0.110499814,206.1221,16.649166,11.808055,205.20555,6.998496,-4.70081,205.87282,7.246477,18.53539,191.17497,-5.52001,-15.514764,190.96149,3.6431022,38.155674,175.51439,-16.313517,-18.274393,169.17549,19.528595,50.91795,156.87886,-8.291981,3.0709372,170.76642,31.544865,1.7157034,142.24911,-17.460392,-21.636154,143.77335,-18.69402,4.022707,109.053085,2.1728456,-35.667377,109.31523,-15.881123,7.5076337,76.08888,-14.65896,-49.826595,76.798416,-26.119225
3.8583095,203.14398,19.467886,7.2335157,206.2664,17.097977,0.45828515,206.50555,17.33468,12.248947,205.52567,7.5876036,-4.252384,206.14557,7.9799833,19.149252,191.5504,-5.4102297,-15.383457,190.8803,4.1436906,36.5475,173.5627,-16.287758,-19.990429,167.26703,16.97235,47.26209,154.2101,-6.97527,1.1996962,166.91876,29.677067,2.6965902,143.17352,-17.98475,-21.008978,144.64888,-18.286339,5.7510495,109.4492,0.81014925,-34.254845,110.40785,-14.207422,7.3397813,75.72743,-15.433742,-48.854923,78.83881,-26.485876
4.418394,203.17374,20.0586,7.8162675,206.37177,17.831358,1.0342487,206.52126,17.880253,12.753746,205.70091,8.1847725,-3.8231463,206.21117,8.682054,19.892345,191.52728,-5.124823,-15.225852,190.71416,4.3466525,34.915768,171.53426,-15.986023,-21.639286,165.88228,13.744794,43.439926,151.7116,-5.560178,-1.5043845,162.06279,27.679718,3.3341167,143.58997,-18.228294,-20.0845,145.35352,-17.71385,7.3196015,109.253716,-0.642231,-32.601505,111.405464,-11.259775,7.1690073,75.063736,-16.156374,-47.21475,82.120125,-27.736654
4.983322,203.09671,20.604462,8.3519,206.34665,18.40958,1.5660115,206.40987,18.428848,13.187763,205.60872,8.604848,-3.3323877,205.91957,9.227227,20.402512,190.96967,-5.099095,-14.794128,190.538,4.427864,33.134026,169.02902,-15.415604,-22.988817,165.24834,10.647269,39.571754,149.51372,-3.3623936,-4.783115,156.35951,25.020529,4.081051,143.56549,-18.331942,-19.010351,145.8229,-16.908192,8.768136,108.71773,-1.7445354,-30.92409,112.355034,-7.787327,6.7599206,74.41038,-16.924414,-44.973507,86.58244,-29.797127
5.641407,202.7912,20.756813,8.957837,206.12949,18.610783,2.1816099,206.20152,18.797943,13.756393,205.50372,8.751115,-2.7414787,205.65527,9.439717,20.860907,190.43588,-5.265141,-14.139414,190.06226,4.448467,31.387897,167.09367,-14.681019,-23.98706,164.72687,7.622816,35.7212,148.03043,-1.137981,-9.222436,151.86136,22.86414,4.566686,143.25237,-18.260187,-18.34514,145.47597,-15.960836,10.0811,107.70974,-2.6869838,-29.014519,112.43575,-4.1587777,6.1934433,73.624794,-17.55041,-41.898434,92.01114,-31.590458
6.1763887,202.59662,20.809084,9.392872,205.98895,18.59478,2.6202495,205.97733,18.974821,14.232608,205.48216,8.842446,-2.268513,205.61615,9.56887,21.21526,189.39796,-5.330227,-13.595654,189.70155,4.228702,29.958632,164.91374,-13.889867,-24.496853,164.59465,5.094062,31.57355,147.25806,1.9725676,-14.309833,147.59885,19.983017,5.248337,142.83862,-18.027424,-17.466513,144.87036,-14.999863,11.050495,107.0429,-4.071989,-27.004097,112.19429,-0.9352521,5.647245,72.824326,-17.86746,-37.974174,98.51594,-32.94627
6.6311483,202.66344,20.901487,9.872492,205.89284,18.497925,3.104639,205.98161,18.913336,14.76308,205.31407,8.90075,-1.7283974,205.14471,9.469491,21.467382,188.7925,-5.1576433,-12.995668,189.3858,3.8818166,28.233006,163.51717,-13.091755,-25.081318,164.88887,2.8000996,27.00559,148.19138,4.935925,-18.889204,145.0187,16.278004,6.027091,142.4365,-17.540606,-16.166079,144.3649,-14.021065,11.2157755,106.51779,-4.7378273,-24.883509,111.68416,1.2313011,5.2109165,72.66652,-18.012081,-33.786945,104.7701,-33.249157
7.1312366,202.51418,20.68728,10.407256,205.76404,18.353281,3.6291919,205.85048,18.68434,15.2472925,205.27498,8.670824,-1.2305151,204.99089,9.218027,21.671421,188.35864,-5.342547,-12.36153,189.15057,3.7641733,26.813795,162.11613,-12.002109,-25.661514,165.38568,0.49274325,21.729904,149.44269,7.660116,-22.513252,144.10156,12.298913,6.5651217,142.13182,-17.32961,-15.344468,143.82822,-13.059224,11.55931,106.27317,-4.836409,-22.933172,110.99009,3.0204194,5.137166,72.516975,-18.055046,-29.847244,109.56036,-32.225174
7.455069,202.63731,20.591692,10.684964,205.99994,18.353853,3.9033391,205.8829,18.531147,15.540916,205.45448,8.609288,-0.93518513,205.18692,9.187136,21.581766,188.5367,-5.466115,-12.207016,189.30527,3.540671,25.49858,162.07086,-10.882567,-26.680626,166.5947,-1.7664908,17.727802,152.95338,9.855639,-25.797714,143.96219,7.607991,7.4047127,141.9628,-16.93078,-14.565786,143.68933,-12.5365305,11.594571,105.99712,-4.772102,-20.488485,110.93382,4.6719494,4.9485774,72.43336,-18.008425,-25.66549,112.75965,-30.586357
7.5275297,202.9759,20.570187,10.741169,206.36885,18.354033,3.9621985,206.2182,18.524126,15.507633,206.0516,8.602317,-1.0171783,205.78519,9.323474,21.514572,189.05524,-5.1455994,-12.646458,189.84502,3.107906,24.33155,162.45908,-9.454973,-28.14214,168.21071,-4.004294,14.643976,156.85173,11.793309,-28.155424,144.9569,3.2341487,8.13729,141.87868,-16.696856,-13.862368,143.82668,-12.397088,11.285253,105.82339,-4.8733764,-17.191141,111.590965,6.136425,4.6358666,72.4986,-18.017084,-21.272331,110.17246,-29.056654
7.6080976,203.7706,20.512146,10.832282,207.10905,18.234358,4.055153,207.01099,18.438211,15.349616,206.76898,8.360824,-1.1355382,206.40471,9.415899,21.412863,189.589,-4.902248,-12.929074,190.91145,2.5100396,23.28204,162.69684,-7.974391,-29.728989,170.99713,-6.1192737,11.736926,161.82283,13.130772,-30.129135,147.1855,-0.95966804,8.421984,142.30875,-16.468462,-13.526438,144.64337,-12.750612,10.667456,106.14236,-5.9223113,-14.196396,112.96469,6.831821,4.429493,72.41288,-18.126202,-16.15034,96.685135,-24.210901
7.6101913,204.76822,20.523083,10.787717,208.09354,18.153585,4.0131726,207.99986,18.524193,15.104949,207.83224,8.244765,-1.355559,207.56157,9.64318,21.248468,190.65332,-4.5266356,-13.193193,192.27515,1.8459237,22.43037,163.54704,-5.993081,-31.152298,174.03539,-7.7784014,9.51064,166.53156,14.1926775,-30.986275,150.00023,-5.0047526,8.874258,143.15472,-16.551802,-13.022291,145.60518,-12.849947,10.239069,106.6095,-7.2412677,-11.728314,114.138016,6.9514422,4.1959105,72.55098,-18.367783,-12.576816,89.58024,-19.765182
7.2382145,205.71535,20.412529,10.51227,208.99712,18.132368,3.729128,209.0419,18.411636,14.6660385,209.16534,8.213999,-1.8128196,208.98439,9.69184,20.97526,191.98705,-3.816554,-13.507556,193.9304,1.116105,21.451923,164.90375,-3.9236567,-32.219093,177.23627,-9.362972,7.8158126,170.64684,15.414227,-31.28439,152.89247,-8.868953,9.118415,144.55121,-16.79295,-12.281043,147.10645,-12.785937,9.587353,107.51631,-8.877729,-9.048235,115.83088,7.789811,3.8428926,72.98506,-18.765026,-8.784171,86.811516,-15.988736
6.8907623,206.98203,20.344452,10.11608,210.36694,18.14332,3.3408458,210.3535,18.490746,14.307812,210.43692,8.156961,-2.1725283,210.42299,9.7253475,21.191706,193.31589,-2.8810318,-13.877,195.57556,0.5583018,21.087437,166.24028,-1.39417,-33.14781,180.14769,-10.919348,7.1972823,174.03732,16.799911,-30.895658,156.03398,-12.240787,9.589648,146.52052,-17.177935,-11.39861,148.9788,-13.161298,9.189406,108.80226,-10.533122,-6.9434075,119.643166,9.885804,3.7233915,73.48757,-19.164236,-8.199353,92.12753,-14.632918
6.238026,208.30725,20.616024,9.459414,211.67032,18.37838,2.6837652,211.6344,18.687416,13.662946,211.78294,8.421637,-2.798252,211.73792,9.963741,21.183115,194.79156,-1.8750343,-14.206411,197.12476,0.08950489,20.821642,167.91348,1.7143589,-33.561565,183.00221,-12.648855,7.070623,177.94258,18.862144,-30.086508,159.2382,-15.187271,10.305129,148.3444,-17.489878,-10.547636,151.13211,-13.16331,9.407427,110.18266,-11.375349,-5.2546277,122.78465,11.493354,3.2949784,74.57544,-19.93142,-7.6720614,100.33299,-16.555443
5.33929,209.48131,20.782993,8.654488,212.84308,18.676634,1.871973,212.8738,18.82548,13.039528,213.09793,8.735617,-3.4270449,212.92563,9.893437,21.023478,196.00417,-1.0696154,-14.606749,198.42686,-0.33184052,20.922085,169.42924,5.5985837,-33.87645,186.0392,-14.559719,7.3518844,181.54907,21.324097,-29.93905,162.82181,-17.059322,11.100389,149.95546,-18.271637,-9.705137,152.69128,-13.509712,9.695201,111.79986,-12.094768,-2.8877442,125.032585,11.849707,3.7068877,74.944984,-19.520336,-8.263026,107.74516,-19.269598
4.4457836,210.38907,20.920788,7.8644276,213.63565,18.793184,1.0793506,213.72993,18.708437,12.370522,213.83542,8.992557,-4.0960827,213.68497,9.807756,20.906294,197.11089,-0.27841493,-14.716412,199.67053,-0.9566122,21.212313,171.54166,9.271525,-34.09264,188.98859,-16.251001,6.809465,184.52327,23.660275,-29.693163,166.01184,-18.606441,11.609423,150.72212,-19.115622,-8.888407,153.707,-13.734276,10.287443,112.210724,-12.857332,-1.312214,126.42116,11.788362,3.7038229,75.4093,-19.975193,-7.4899235,109.60011,-20.167988
3.6988914,211.13927,20.657185,7.0191927,214.42133,18.431597,0.2376476,214.36913,18.415865,11.838964,214.45453,8.838012,-4.643118,214.322,9.373728,20.623285,198.40102,0.31427678,-15.13296,200.65916,-1.8228925,21.93682,174.01682,12.381281,-34.479767,191.42018,-18.11929,6.488833,186.23842,26.420149,-29.416588,168.60951,-20.172585,12.431023,151.38158,-19.761524,-8.037238,154.03952,-13.994661,10.596227,112.60968,-13.911149,-0.3172224,127.044464,11.620509,3.4125319,75.90862,-21.355642,-6.2565203,105.69693,-17.314857
2.943768,211.68886,20.299292,6.1654005,215.1244,18.162779,-0.61001605,214.90549,18.191824,11.161949,214.87822,8.466219,-5.3030777,214.68382,8.918909,20.22432,199.25435,0.68833566,-15.157647,201.47554,-3.3404303,22.514421,176.51099,15.3418,-34.410294,193.17537,-20.130754,6.167374,187.06886,29.586994,-29.00859,170.33571,-21.264997,13.078036,152.13,-20.282759,-7.558056,154.30957,-14.475195,10.612704,113.78925,-14.711308,0.43569666,127.04829,10.880839,3.449373,77.46944,-23.37346,-4.7053585,99.63739,-12.958092
2.4345934,212.06853,19.726793,5.562056,215.60721,17.621462,-1.2017314,215.15092,17.567308,10.626291,215.36832,7.918594,-5.837257,214.73592,8.26173,20.282974,199.99391,0.9697282,-15.315084,202.06567,-4.903471,22.979204,178.98048,17.930477,-34.391163,195.53683,-22.577219,6.0679245,187.33424,32.985615,-30.568935,173.07645,-19.675257,13.912657,152.74377,-20.835926,-6.9830203,154.0657,-15.0585985,11.088157,114.652245,-14.991892,0.8273311,125.92729,9.420915,3.738472,79.01614,-25.830885,-3.222469,93.851265,-8.529372
1.8724974,211.98824,19.104342,4.967401,215.65503,17.174662,-1.7876935,215.1091,17.03822,9.942526,215.58777,7.3212256,-6.554184,214.85622,7.7961354,19.788157,200.44873,1.2249684,-15.114396,202.25935,-6.554291,22.774351,181.55206,20.43006,-34.031403,196.49014,-24.699497,6.1859565,186.9506,37.13314,-29.925667,173.86119,-21.17581,14.486269,152.75253,-20.710238,-6.3415356,153.39552,-15.663057,11.378814,114.75112,-14.850614,0.6899583,123.79341,7.7537155,3.8451047,79.80674,-27.839006,-2.176154,88.64841,-3.4839513
1.3122715,211.98636,18.57285,4.3325114,215.61717,16.470638,-2.4194822,215.06377,16.551579,9.3377,215.33446,6.650136,-7.0769134,214.47414,7.1682377,19.207172,200.50778,1.6760646,-14.990949,202.19054,-8.359428,22.38406,183.85358,22.559301,-33.614304,196.87697,-26.988947,7.108683,186.45148,41.369976,-29.196398,174.63649,-21.740097,14.895365,152.16269,-20.30509,-6.264804,152.44566,-16.092373,11.698977,113.95646,-15.28025,0.21817143,121.14296,5.8262634,4.001556,79.352585,-29.963335,-0.9336189,84.39517,1.8844743
0.8269397,211.59464,18.046053,3.8550422,215.18294,15.892327,-2.9082055,214.62494,15.989907,8.679714,214.91145,5.9932137,-7.7374396,214.03455,6.718691,18.312313,200.46046,2.0782986,-14.787787,201.65834,-9.928007,21.752092,185.8504,24.443314,-33.18454,196.82971,-28.80403,7.4833484,186.20753,44.371605,-27.903027,174.97276,-22.31453,15.225204,151.55676,-19.35225,-6.14673,151.61337,-16.460087,12.197757,112.938255,-16.01819,-0.5846029,118.403564,3.6084423,4.9993052,78.146774,-31.479399,-0.079384595,81.65533,7.2146416
0.042744,210.9467,17.741316,3.0797274,214.54095,15.605281,-3.6828516,214.04257,15.756856,7.9631453,214.37154,5.7479644,-8.439663,213.23141,6.3482056,17.495903,199.96292,2.4910533,-14.676018,201.3118,-11.189799,21.446281,187.9727,26.148565,-32.347404,195.91399,-30.395252,7.3769026,185.89586,45.923103,-25.4557,174.30219,-23.522585,15.435015,150.66762,-18.228386,-6.111504,150.57794,-16.48001,12.273691,111.805305,-16.907911,-1.1436,116.06232,2.262214,6.119645,76.90932,-32.679443,0.6236852,80.323074,11.378828
-0.5468358,210.2267,17.524609,2.3687608,213.84082,15.2526245,-4.3747945,213.15103,15.476311,7.384831,213.47343,5.50551,-9.02053,212.32301,6.0803213,16.754063,199.37642,3.2111924,-14.664261,200.4942,-12.1293745,21.895344,189.34518,27.477728,-31.089539,194.68317,-32.139206,8.000831,185.42747,46.85113,-24.319614,173.96457,-22.662186,15.336781,149.71123,-17.431622,-6.3398447,149.48077,-16.65354,12.238421,110.72989,-17.907322,-1.4282359,114.57156,1.46626,6.6015053,75.807556,-33.75079,1.2031193,79.55368,13.828349
-1.0759788,209.36699,17.295378,1.8508694,212.92932,14.958938,-4.892405,212.27519,15.198916,6.845334,212.53134,5.2806287,-9.531914,211.21312,5.7889533,16.091724,198.5312,4.1853085,-14.511297,199.6307,-12.912248,22.386349,190.16959,29.031376,-29.145626,192.95119,-34.0434,8.014862,184.63972,47.553192,-23.445314,173.2676,-21.773836,15.325711,148.68214,-16.407734,-6.3618236,148.37437,-17.043806,11.973188,109.79341,-18.869768,-1.4749006,113.63066,1.7319221,6.264879,75.17345,-34.902824,1.6863418,78.78371,14.929
-1.6943014,208.3318,17.144299,1.3030609,211.90173,14.9057255,-5.453979,211.33159,15.08067,6.1131787,211.75867,5.1259484,-10.262667,210.22195,5.7261133,15.515618,197.68727,5.1761427,-14.528312,198.42525,-13.295223,23.704058,190.39565,30.049654,-26.69149,190.62518,-35.613445,8.020425,183.13843,47.035942,-22.663754,172.11038,-21.056364,15.226878,147.39647,-15.638286,-6.2935996,147.09529,-16.94154,11.584078,108.63889,-19.23239,-1.2951323,112.94228,2.3846848,5.4667063,74.73328,-35.46705,1.9492319,77.82806,14.615117
-2.2796319,207.55635,17.169422,0.7276535,211.16878,15.014458,-6.0193715,210.54622,15.046914,5.6304994,211.18127,5.283207,-10.749952,209.52951,5.7263803,14.977734,196.9997,5.970997,-14.31401,196.98976,-13.697233,24.58033,189.80478,30.429596,-24.078985,187.81006,-36.699963,7.717678,181.71458,45.579987,-21.715153,170.28471,-20.625626,15.358491,146.14131,-15.086161,-6.1405325,146.10861,-16.462683,10.935138,107.54774,-18.803324,-1.2505375,112.44715,3.218465,4.567043,74.26711,-35.636494,2.0536087,76.80968,13.572054
-3.0933154,206.9216,17.246706,-0.07349972,210.6109,15.240464,-6.814025,209.9182,15.088865,4.8563704,210.5569,5.3841047,-11.559699,208.98244,5.8079386,14.626173,196.5165,6.560825,-14.050101,195.90721,-13.908773,25.546724,188.37717,30.117594,-21.326603,184.7291,-37.163757,7.214364,180.30257,43.29965,-20.872711,168.12369,-19.899801,15.780504,145.5098,-14.190824,-5.8275166,145.52676,-16.09858,10.366533,107.25556,-17.619326,-1.0537572,112.2878,3.8388486,4.1609287,74.53792,-35.467766,2.1196296,76.092705,11.763833
-3.7373905,206.67143,17.313044,-0.86856127,210.39235,15.154112,-7.566109,209.37914,14.978997,4.220856,210.15462,5.423433,-12.174264,208.47462,5.8024673,14.220357,196.24496,6.7461658,-13.980049,195.1443,-13.775099,26.14533,186.27107,29.045254,-19.05298,181.67308,-36.6785,6.7828193,177.94083,40.71684,-20.30361,165.356,-19.155535,16.10425,145.44147,-12.965258,-5.2388754,145.48135,-16.416965,10.159035,107.40871,-15.322426,-0.7589219,112.291466,4.0172467,3.8339314,75.50417,-34.370216,2.2141824,75.62685,9.486446
-4.4461226,206.2102,17.287165,-1.5818697,209.99315,15.233026,-8.2672825,208.88464,14.90581,3.5001054,209.89104,5.488705,-12.85914,207.85931,5.740503,14.091994,196.08237,6.778023,-14.01062,194.63858,-13.795074,26.580564,183.99356,27.73049,-16.617836,179.18575,-35.86095,6.460494,175.32385,37.901844,-19.777143,162.37605,-18.765541,16.260124,145.3865,-12.454827,-4.705856,145.27977,-16.59342,10.310163,107.57607,-11.69888,-0.8140888,111.780304,4.0093145,3.7343535,77.05253,-32.6019,2.1421635,75.1653,6.6957145
-5.2163906,205.5969,17.120548,-2.308905,209.41278,15.1893635,-8.983623,208.3221,14.713022,2.983549,209.58669,5.5565386,-13.354101,207.38658,5.402142,14.0191765,195.53622,6.7385244,-13.83373,193.879,-14.225316,26.672436,181.2218,26.121517,-14.735182,175.99661,-34.497013,6.1297483,172.22375,35.134422,-19.338255,158.72968,-18.304531,16.738775,144.95024,-12.351928,-4.097802,144.88885,-16.766325,10.938591,107.4552,-7.271294,-1.3378099,111.35813,3.933112,3.7609434,78.84052,-30.31966,1.9625788,74.73761,3.8268745
-5.9328823,204.8566,16.906368,-2.9705405,208.6886,15.1048,-9.638246,207.62796,14.454597,2.5141976,208.87274,5.5305166,-13.84185,206.81464,5.0202093,13.956768,194.84642,7.0973988,-13.837515,192.77126,-14.63393,26.419664,177.77608,24.205435,-13.0007715,172.98766,-33.01641,5.353352,168.33325,31.969162,-18.74107,154.92259,-17.862505,17.146145,144.4647,-11.914972,-3.4386506,144.3155,-17.75304,12.15067,107.7603,-2.436491,-1.6614826,110.923325,3.057051,3.9100118,81.12069,-27.141607,1.6121985,74.387856,1.413417
-6.5384936,203.88475,16.554771,-3.577441,207.73323,14.787158,-10.256391,206.72472,14.207774,2.1509337,207.98793,5.3573933,-14.191434,206.02342,4.538559,13.828872,194.00914,7.1126385,-13.971209,191.46211,-14.965363,25.929602,174.74316,22.053707,-11.527182,170.03789,-31.39822,4.9823112,164.40302,29.084736,-18.25129,151.03465,-17.503855,17.294758,143.66162,-11.280681,-2.8283281,143.41243,-18.480143,13.206171,108.27493,2.2919877,-2.0693703,110.07617,2.4435344,4.7441106,83.78721,-24.415844,1.0743783,73.45025,-0.38815367
-6.9938936,202.83282,16.17476,-3.9946969,206.65028,14.395405,-10.698951,205.73721,13.8862705,1.7794074,207.00331,5.0855126,-14.56847,204.78673,4.0842032,13.709999,192.85097,6.967478,-14.193079,190.10434,-14.98856,25.204931,171.72372,19.556787,-11.26074,167.3663,-29.607851,4.4477577,160.75986,26.116976,-17.65802,147.2667,-17.379616,17.643604,142.84853,-10.44621,-2.396183,142.27907,-19.080069,14.489687,109.00337,6.651063,-2.2734175,109.19053,1.8945059,6.139444,86.86837,-22.070084,0.6226203,72.7499,-1.2405701
-7.2624307,201.88747,15.942776,-4.3810444,205.68907,13.951989,-11.075337,204.67198,13.68039,1.4767073,206.16617,4.930871,-14.825374,203.67953,3.834748,13.805806,191.44312,6.939359,-14.483455,188.49812,-15.004573,24.517588,168.76192,17.143864,-11.445302,164.8108,-28.213768,3.8545253,157.32265,23.214914,-17.22902,143.20268,-17.676867,17.709675,142.0481,-9.75906,-2.0089285,141.20128,-19.252024,15.578408,109.94889,10.21267,-2.8547173,108.83951,1.7492547,8.066393,89.973595,-20.083765,0.556505,72.64326,-1.6107801
-7.496314,201.04942,15.893174,-4.6999865,204.97264,14.01875,-11.359776,203.75365,13.612424,1.2766609,205.23647,4.8407536,-15.02984,202.75134,3.764911,13.935681,190.25774,6.643033,-14.570702,187.18526,-14.792828,23.79775,166.51624,14.77515,-12.6678295,162.99089,-27.234055,2.99433,154.91064,20.193377,-16.84598,140.3282,-18.337019,17.775475,141.61841,-8.642918,-1.748703,140.57506,-19.254694,16.7573,111.19914,13.176087,-3.2129846,108.64617,1.7586101,10.664204,92.69847,-18.516293,0.43071356,72.53223,-1.8984634
-7.7412486,200.40529,15.970852,-4.9284005,204.33888,14.138325,-11.573174,203.06216,13.597893,1.2408589,204.39206,5.034102,-15.09477,202.05547,3.753914,13.916147,189.36531,6.4686294,-15.013987,186.31801,-14.085072,23.206074,164.92317,12.994923,-13.86475,162.05266,-26.56626,2.0304804,153.64732,17.230392,-16.973253,138.67854,-19.549788,18.01514,141.23502,-7.8918347,-1.2452929,139.96469,-18.90859,18.131134,111.867386,15.243247,-3.609141,108.044685,2.1106892,13.514605,94.872375,-17.349466,-0.010420351,72.191895,-2.191955
-7.7433176,200.1007,16.43663,-4.963571,204.03624,14.567678,-11.534159,202.55981,13.789185,1.2299129,203.8472,5.3913608,-15.064981,201.56216,4.129257,13.861639,188.66913,6.5685635,-15.3153715,185.92429,-13.273706,22.692434,163.56483,11.574639,-15.531879,161.90108,-26.097828,0.74131155,153.62784,14.216804,-17.513273,137.95679,-21.348906,18.588524,141.52576,-7.6705604,-0.94802284,139.97757,-18.508417,19.577255,112.89884,16.38113,-4.0651293,108.09764,2.6231346,16.472475,96.581474,-16.652752,-0.48384777,72.18972,-2.1262128
-8.027912,199.79509,16.96911,-5.048398,203.68489,15.310514,-11.65668,202.50899,14.350612,1.0571421,203.68704,6.105424,-15.264729,201.27269,4.665136,13.959653,188.39433,6.931563,-15.518439,185.91217,-12.667038,21.850576,162.71365,10.798126,-16.182318,162.58005,-26.594915,-0.94555503,154.6352,11.936697,-18.612843,138.54573,-23.567337,19.814692,141.8185,-8.192444,-0.5472403,140.23546,-17.929914,20.722202,113.74409,17.035345,-4.2602024,108.03103,3.0114977,19.729874,97.78442,-16.270445,-1.0698221,72.20428,-1.8919314
-8.070478,199.85068,17.792189,-5.1683893,203.71783,15.962514,-11.747351,202.34277,15.023858,0.909611,203.7614,6.832512,-15.357934,201.35495,5.448167,13.736282,188.3622,7.2558527,-15.599848,186.4144,-12.266319,20.787317,162.39731,10.949103,-16.829395,163.7569,-27.140627,-2.7636235,156.91953,10.61837,-20.492592,139.80237,-26.397058,20.615828,142.33913,-8.168807,-0.044543218,140.66045,-17.633055,22.284504,113.81558,16.78336,-3.9425054,108.26668,3.2055767,23.180122,97.87921,-16.57265,-1.4970056,72.30315,-1.6929848
-8.077038,200.24327,18.533993,-5.2160263,204.08893,16.59683,-11.8017435,202.66649,15.768425,0.79521185,204.05728,7.458655,-15.551972,201.81877,6.331186,13.472331,188.58409,8.037058,-15.66666,187.18625,-12.092905,19.529797,162.2158,11.383286,-17.526642,165.17581,-27.72237,-4.6186485,159.36606,9.890139,-22.37485,141.20966,-29.558922,21.217583,142.72272,-7.8864903,0.36978856,140.98047,-17.244518,23.916248,113.68749,16.016808,-3.464107,108.04503,3.1065896,26.855623,97.382195,-17.126623,-1.8588935,72.22497,-1.4911408
-8.454876,200.43513,19.095167,-5.4296217,204.20589,17.262468,-12.080396,203.15701,16.477764,0.5648757,204.51067,8.211073,-15.720788,202.33383,6.80682,12.84592,189.19003,9.2494335,-15.227301,188.07535,-11.96868,17.981058,162.5174,12.298227,-18.013872,166.89067,-28.480337,-6.3233867,161.97118,9.593077,-24.66518,143.58191,-32.09215,21.817934,143.38367,-7.698118,1.0366331,141.67958,-17.167082,25.728985,113.44371,14.650919,-2.526389,108.469666,2.9184,30.650703,96.479515,-17.775906,-2.1842992,72.29206,-1.3810713
-8.623855,200.58449,19.50974,-5.6924725,204.54874,17.948318,-12.339166,203.44254,17.187477,0.40145686,205.10394,8.828209,-15.890048,202.77808,7.311963,12.483949,189.92496,10.114769,-15.157737,189.1408,-11.938536,16.487833,163.2229,14.119599,-18.720057,168.88385,-29.37526,-7.703,164.77121,10.78771,-26.946743,146.31732,-34.612194,22.280315,144.19539,-7.9215403,1.712737,142.60294,-17.155674,27.605928,113.22957,12.911696,-1.6831563,108.90513,2.3516138,34.37773,95.12905,-18.720285,-2.5937147,72.55568,-1.3476111
-8.549786,200.96565,20.117914,-5.7809486,204.96623,18.37949,-12.391279,203.58008,17.714891,0.32239553,205.66028,9.362503,-15.928801,203.25081,7.912616,11.937396,190.47389,10.9370575,-15.029347,189.98477,-11.975283,14.550188,163.70566,16.474361,-19.472103,170.7324,-30.364393,-9.217827,167.42152,12.3740225,-29.359879,149.1579,-36.897152,22.832222,144.85567,-8.191781,2.4642713,143.17053,-17.21341,29.511158,112.98228,10.735415,-1.0413243,109.2031,1.5321602,38.09884,93.24776,-19.615847,-2.9451783,72.6883,-1.2825648
-8.869156,201.28252,20.190958,-6.088431,205.34724,18.61696,-12.696608,203.9886,17.873262,0.22095574,206.0909,9.633621,-16.040922,203.78241,7.9521008,11.318032,190.93259,11.975776,-14.78915,190.7735,-12.001603,12.905419,164.73418,19.42781,-20.332014,172.75139,-31.296377,-10.53644,169.99268,15.0453415,-31.866856,152.42952,-39.02988,23.653051,145.44594,-8.345497,3.139563,144.05792,-17.218983,31.710722,112.52601,8.27656,-0.30993012,109.58092,0.6668422,41.795685,90.91921,-20.566423,-3.2139213,72.951416,-1.2004713
-8.991772,201.77327,20.470428,-6.109838,205.75824,18.877983,-12.713432,204.47906,17.978207,0.055555563,206.54332,9.867587,-16.151934,204.04498,8.148619,10.94686,191.60272,12.746014,-14.8676,191.33951,-11.941879,11.50802,166.14882,22.379623,-21.356903,174.73529,-32.193523,-11.658317,171.97566,18.001684,-34.352455,155.7756,-41.000706,24.44059,145.81395,-8.49297,3.7393482,144.41786,-17.257233,33.869602,112.21249,5.570975,-0.07685777,109.49811,-0.14081213,45.43176,88.82087,-21.627031,-3.712625,72.92486,-1.386965
-9.147459,201.8211,20.47771,-6.113282,205.73833,18.994486,-12.72556,204.67703,17.938292,0.13262112,206.60416,10.1348295,-16.093664,204.16043,8.100665,10.553808,192.01782,13.469569,-14.602371,191.67743,-11.98079,10.128258,167.54724,25.367104,-22.227365,176.537,-32.978043,-12.808192,173.37885,20.347797,-36.8706,159.26122,-42.857536,25.040796,145.84378,-8.618514,4.5082917,144.46497,-17.129862,35.888042,111.664566,2.835069,-0.14495113,109.39546,-0.6123078,48.838516,86.4027,-22.097551,-4.3568873,72.94693,-1.3909217
-9.3007345,201.78137,20.53551,-6.319186,205.77968,19.183405,-12.909918,204.60957,18.02396,0.14601189,206.40535,10.215493,-16.088236,204.10016,8.071998,10.2048855,192.14098,14.184483,-14.3312435,191.67976,-11.996166,9.4620905,168.91684,28.01499,-23.102436,178.12843,-33.57849,-13.474315,174.63252,22.53624,-39.82194,163.18912,-44.006714,25.696104,145.70671,-8.777054,4.9042163,144.31003,-16.969488,37.942104,111.18047,-0.23138614,-0.35669607,109.38308,-0.7477369,52.183067,84.07011,-23.026062,-4.8337736,72.93392,-1.4329759
-9.117621,201.53217,20.506006,-6.199745,205.51848,18.991468,-12.799212,204.28348,17.996178,0.09830566,206.10768,9.954697,-16.17995,203.69055,8.101898,9.73658,192.3322,14.391664,-14.256277,191.50426,-12.161012,8.794141,170.3465,30.084972,-24.149069,179.27084,-34.011208,-14.461222,175.4544,26.430666,-41.921936,166.53271,-45.29342,26.420765,145.24228,-9.050452,5.3884525,143.84477,-16.93415,39.889256,110.68038,-3.4577894,-0.80794483,109.3947,-0.48357955,55.08848,81.955086,-23.682283,-5.5230036,72.91898,-1.3836563
-9.080353,201.16367,20.51033,-6.1562586,205.02715,18.727232,-12.75841,203.72829,17.813213,0.11014693,205.4824,9.835422,-16.0894,202.9949,8.007862,9.457245,191.96428,14.3941965,-13.856649,191.09042,-12.422893,8.333768,171.57689,32.089233,-25.474058,180.16437,-34.157383,-14.997526,175.7239,30.70556,-43.382397,169.1162,-46.87399,26.843395,144.64746,-9.273098,5.7264404,143.11423,-17.194605,41.19633,110.27666,-6.5312333,-1.261873,109.40567,-0.018752607,57.56346,80.25148,-24.193071,-6.173864,73.12814,-1.4180248
-8.934522,200.2784,20.238176,-6.0581098,204.22372,18.535927,-12.640204,202.87973,17.601574,0.3155726,204.4258,9.568413,-15.889838,201.98267,7.7280006,9.310518,191.23106,14.198454,-13.645687,190.57161,-12.427446,7.767651,172.8286,33.780006,-26.898716,181.01135,-33.763046,-15.688133,175.81218,34.050194,-44.972473,171.86102,-47.713562,27.368284,143.79643,-9.774686,6.061318,142.40161,-17.452011,42.38468,109.56626,-9.170004,-1.81542,109.58042,0.5103645,59.840435,78.522,-24.524187,-6.505355,72.990036,-1.3861691
-8.880944,199.12744,19.761774,-5.891921,203.0793,18.28494,-12.49102,201.92976,17.213863,0.51849824,203.0361,9.123709,-15.743222,200.73448,7.230672,9.405502,190.19429,13.878004,-13.23959,189.44345,-12.622006,6.8177814,173.8454,34.871475,-27.677778,181.41394,-33.674965,-16.53626,175.5545,37.497536,-46.351215,174.37357,-48.027454,27.864239,142.7155,-9.94513,6.505248,141.21082,-17.639286,43.399548,108.66018,-11.278109,-2.2839582,109.5078,1.5497062,61.709305,77.08347,-25.040792,-7.1242113,72.96872,-1.1839373
-8.750161,197.90729,19.595707,-5.711556,201.76167,18.003792,-12.287078,200.57474,16.810438,0.79281485,201.54068,9.003661,-15.392642,199.22299,6.8717527,9.573795,188.92628,13.397249,-12.613588,188.14159,-13.039708,5.887026,174.61028,35.682594,-28.71081,181.3888,-33.19898,-17.391294,175.37793,39.80454,-47.819847,176.24251,-47.746937,28.38275,141.52496,-10.485851,6.8158226,140.0959,-17.86535,44.315624,107.31591,-12.585158,-2.708241,109.46186,2.4563997,63.360687,75.603546,-25.522507,-7.7433033,73.02184,-1.1816416
-8.416872,196.24863,19.397142,-5.426334,200.09273,17.67723,-12.049518,198.94785,16.762594,1.014049,200.02751,8.768021,-15.185679,197.46777,6.737069,10.165519,187.75897,12.393409,-12.153081,186.69112,-13.390068,5.363393,175.33258,35.7693,-29.460592,180.76295,-32.77258,-17.37989,174.87903,41.87626,-49.57866,177.23634,-46.551746,28.747383,140.07614,-11.345552,6.8638105,138.65512,-17.952477,45.11126,106.19321,-13.27215,-3.3326592,109.206604,3.120667,64.064026,74.573654,-26.033709,-8.34615,72.795906,-1.1834083
-8.085571,194.3205,18.981113,-5.1976166,198.22858,17.228443,-11.791813,196.93683,16.35952,1.2405246,198.14992,8.275575,-14.997911,195.58804,6.438805,10.881029,185.95079,11.625401,-11.792264,185.15446,-13.681168,4.770757,175.5345,35.784748,-30.06023,180.11102,-32.362896,-17.45891,173.51816,43.702343,-51.215576,177.78142,-44.890926,29.00435,138.79228,-12.289811,6.9638567,137.24509,-18.025526,45.797073,105.168205,-13.238592,-3.9519782,108.84501,4.0207086,64.67882,73.77856,-26.560295,-8.784544,72.790565,-1.3674406
-7.6190734,192.76465,18.756899,-4.7831283,196.6885,16.953356,-11.360217,195.2999,16.105171,1.611384,196.47046,7.9245105,-14.5847645,193.79935,6.237559,11.665377,184.66531,10.36861,-11.687508,183.38739,-13.831033,4.5281253,175.33925,34.96915,-31.178999,179.1101,-31.312859,-17.00913,171.60936,45.004787,-53.295464,177.51773,-42.123264,29.356304,137.334,-13.446332,6.993511,135.93024,-18.426003,46.347404,103.96279,-13.004291,-4.6920795,108.522514,4.571259,65.10163,73.07785,-27.013212,-9.393378,72.77774,-1.7343087
-7.3969226,191.09053,18.139402,-4.516069,195.06093,16.510645,-11.063041,193.68718,15.4468975,2.039965,195.04402,7.56118,-14.102407,192.67369,5.5127463,12.300658,183.23235,9.512572,-11.468026,182.01067,-14.597224,5.0216894,174.2631,34.256073,-33.04708,177.60036,-29.438295,-14.61531,170.1093,47.48401,-56.311825,176.21066,-37.81757,29.391449,136.25531,-14.660709,6.8861914,134.916,-19.249075,46.7406,103.20741,-12.969607,-5.329504,108.254814,4.476256,65.260445,72.79545,-27.851875,-9.790813,72.556526,-2.3154233
-7.205463,189.96161,17.470942,-4.228964,193.89891,15.944854,-10.772362,192.63371,14.734898,2.2699225,193.88794,6.9100337,-13.944132,191.61185,4.902455,12.388881,181.81952,9.127179,-11.978148,180.87578,-14.993799,6.428222,172.09064,34.12754,-34.489304,176.13878,-28.041258,-11.278879,168.71788,50.061516,-58.289276,174.6007,-34.068485,29.131203,135.25165,-15.894725,6.238384,134.09108,-20.169468,46.694973,102.5726,-13.015866,-5.800751,107.981766,4.1246843,65.008446,72.659874,-28.397007,-10.172754,72.370605,-2.8234954
-6.874256,189.12761,17.138735,-4.1315837,193.20702,15.524529,-10.660001,191.66731,14.5553665,2.1655805,193.46622,6.4108224,-14.111892,191.1048,4.86359,12.466374,180.71828,8.719719,-12.122557,180.46812,-15.663127,8.144783,170.4905,34.20435,-35.42393,174.51808,-26.795326,-7.398217,166.82661,52.60973,-59.26566,172.36008,-30.917824,28.351185,134.92505,-17.329111,5.445948,133.9394,-21.138008,46.080173,102.38292,-13.432956,-6.4481807,108.01017,3.5562158,64.44858,72.596054,-28.76516,-10.666345,72.38341,-3.541547
-6.7350307,188.8875,17.065426,-3.9129903,192.80325,15.2189,-10.474019,191.33366,14.345858,1.9745804,193.4705,6.180649,-14.321596,191.1934,4.987855,12.462553,180.42331,8.274815,-12.839662,180.40405,-15.837435,10.043432,169.06418,33.54459,-36.550232,172.90332,-25.203012,-1.9457222,162.57466,53.87898,-60.731865,168.68697,-25.735817,27.013084,135.15634,-18.61301,4.3131466,134.3867,-22.254066,45.43209,102.81313,-14.796662,-6.930411,108.006485,2.524069,64.03292,72.70333,-29.350805,-10.830278,72.34855,-4.2303333
-7.1666923,189.02022,16.90615,-4.299036,193.06677,15.428274,-10.850659,191.68233,14.326403,1.6320933,193.73889,6.155178,-14.732019,191.7456,4.9299593,12.636482,180.29752,7.8822227,-13.948464,180.5929,-15.583569,14.007965,167.65723,32.668545,-37.61951,171.53986,-23.659882,5.3467426,159.4721,54.17118,-60.79827,164.67343,-20.671013,25.375256,135.46634,-19.693218,2.4831538,134.82767,-23.155418,44.11041,103.22427,-16.563374,-7.900652,107.904816,1.6154418,63.152367,72.732346,-29.96308,-11.429158,72.07174,-4.7938
-7.512293,189.61557,17.10616,-4.757956,193.78165,15.762043,-11.264146,192.2707,14.608562,1.1258434,194.52353,6.328135,-15.203589,192.58105,5.228256,12.530729,180.76463,7.3415065,-15.547216,181.44084,-14.879078,18.109728,167.37315,31.150965,-38.087612,170.11784,-22.63906,12.955952,157.23654,52.88572,-58.845253,160.05562,-14.729995,23.34117,136.51756,-20.7102,0.560802,135.84312,-23.55274,42.149197,104.12333,-18.901293,-9.135037,108.053696,0.6537363,61.605526,73.17957,-30.385138,-12.025838,71.983055,-5.2675853
-8.467188,190.55339,17.432205,-5.608712,194.61447,15.978808,-12.2357855,193.39587,15.1856985,0.47903478,195.39932,6.821791,-15.934827,193.92007,5.5845222,12.251771,181.43127,6.841926,-17.344704,182.58716,-13.609931,22.059721,167.64986,28.795017,-38.238987,168.31717,-20.605907,22.68388,155.05605,49.715637,-55.1139,155.73006,-8.867876,21.106106,137.42633,-21.56036,-1.9926941,136.74162,-23.958149,39.982212,105.03472,-20.96298,-10.435959,108.321754,-0.10551131,59.63438,73.54678,-31.049473,-12.824349,72.08965,-5.6354203
-8.940048,191.90807,17.988434,-6.054209,195.8334,16.270586,-12.70808,194.68803,15.657216,-0.0290469,196.52873,7.225901,-16.425322,195.38333,6.1548257,12.182787,182.57263,6.0862923,-19.082691,183.56523,-12.085154,25.161333,167.6746,25.56878,-38.532013,166.403,-17.426058,31.246405,153.70692,45.014606,-51.00692,152.19821,-2.3151488,18.869524,138.47429,-22.398895,-4.4855247,137.75629,-24.405163,37.772896,106.211945,-23.06258,-11.8634615,108.5133,-0.8364109,57.293552,74.448555,-31.510763,-13.399183,72.235634,-5.926471
-9.394035,193.083,18.480024,-6.374334,197.05786,17.127481,-13.01432,196.06664,16.167994,-0.21255213,197.98828,8.077089,-16.57437,196.50726,6.518306,11.863433,183.84854,5.4754014,-20.464376,184.45941,-10.306974,27.848202,168.35701,21.503124,-38.348885,165.04857,-13.540346,37.96646,153.87299,38.620026,-45.68308,148.93704,3.0631151,16.699621,139.68015,-22.892174,-6.971293,138.53714,-24.298073,35.397736,107.304794,-24.442154,-13.024581,108.62217,-1.3045524,54.32007,75.175026,-32.191883,-14.033697,72.33227,-6.0564046
-9.199955,194.77213,19.480698,-6.1941943,198.62167,17.78748,-12.829195,197.54593,16.923815,-0.3568277,199.30377,8.644185,-16.728926,197.7791,7.565548,11.362483,185.57039,4.6182156,-21.753347,185.23137,-8.136007,30.132906,169.60027,16.420156,-37.775497,163.87115,-9.42472,43.78654,155.08015,31.118504,-38.921124,146.44054,7.969093,14.032104,140.60623,-23.286957,-9.539715,138.9822,-23.639545,32.775543,108.38577,-25.4774,-14.53357,108.61392,-1.3774941,50.49065,75.60976,-33.128746,-14.747881,72.4525,-6.0568266
-9.033804,196.11517,20.257252,-6.0115128,199.93053,18.511269,-12.695983,198.9739,17.84942,-0.26218453,200.48883,9.291172,-16.729244,199.31511,8.479329,11.109808,187.094,3.4263227,-22.998627,186.11702,-5.3296666,32.02123,171.17938,10.732307,-36.115387,162.75098,-5.0052047,48.256516,156.59756,22.323263,-31.794401,145.31033,12.084498,11.617837,141.60168,-23.425135,-11.995752,139.76768,-22.410812,29.855307,109.08318,-25.841892,-16.04169,108.602516,-0.97447324,46.11012,75.6805,-34.074974,-15.292226,72.48883,-5.892673
-8.3567705,197.7663,21.126486,-5.349088,201.41736,19.042782,-12.077553,200.59724,18.78513,-0.080114044,201.94672,9.705922,-16.498312,200.55775,9.562357,10.825968,188.63033,1.8776462,-23.69685,186.76382,-2.466486,33.080986,172.78047,4.3681936,-33.713238,162.10506,0.3404014,51.459007,159.37648,13.51805,-24.770506,144.78119,15.866157,9.163778,142.64207,-23.70662,-14.191572,140.58386,-21.004,26.653833,109.698524,-25.791012,-17.30544,108.528305,-0.54752845,40.926407,75.78331,-35.044132,-16.070538,72.60699,-5.633345
-7.2335873,199.37453,21.908215,-4.4254265,203.03609,19.589163,-11.147394,202.1872,19.879461,0.25462523,203.4012,9.946214,-16.166443,202.2827,11.009081,10.289124,190.33125,-0.06423162,-23.86639,187.33781,0.9636867,33.263924,175.7992,-1.843253,-31.23978,162.46802,5.49505,53.527752,163.07193,2.072809,-17.315334,145.71785,18.09808,6.4720173,143.24248,-23.65061,-16.167698,141.06456,-18.498255,23.566328,109.86254,-25.220285,-18.391268,108.36603,0.8661785,35.230213,75.55156,-35.777935,-16.650665,72.69725,-4.7733645
-5.4777656,201.09518,22.40081,-2.9236636,204.88469,19.989912,-9.583996,203.92336,20.788929,0.9340812,205.06549,9.80514,-15.355104,204.04958,12.420785,9.419433,192.21858,-1.6572655,-23.705395,188.08192,4.5156536,31.84364,179.06462,-8.748699,-27.868467,162.209,10.314738,53.17312,167.76541,-7.994516,-9.631456,147.4517,19.187796,3.777672,143.91057,-23.157642,-17.91831,141.73125,-15.730036,20.101973,110.16903,-24.455149,-18.866936,108.39638,2.724172,28.92911,75.7276,-36.776546,-16.847933,72.716965,-3.628083
-3.1672041,203.24199,22.757294,-0.72187656,206.91469,20.076996,-7.3456736,205.93558,21.117418,1.6186012,206.66113,9.274691,-14.162887,205.69084,13.866451,8.385485,194.16226,-3.4163651,-22.59117,188.87663,8.241931,29.335215,181.50476,-14.690822,-24.211136,162.54573,14.258031,51.133686,171.61208,-16.783875,-2.6883452,150.12335,19.570301,1.2083025,144.4402,-22.158274,-19.483006,142.2431,-12.660799,16.826828,110.3625,-23.678185,-19.185732,108.36236,4.480514,22.326818,75.64725,-37.522068,-17.27791,72.733154,-2.7332432
-0.20331234,205.21007,22.374249,1.9076226,208.8738,19.397446,-4.537332,207.94096,21.308537,1.8730642,208.19838,8.187382,-12.72966,207.2762,15.6515,7.099459,195.5387,-5.490236,-21.273844,189.92278,11.816584,26.44171,183.79855,-20.137037,-20.021345,163.48979,17.528528,48.414227,174.17351,-24.902063,2.7463388,153.57706,19.962807,-1.4775566,145.39523,-20.99789,-20.214447,142.97803,-8.515788,13.387872,110.873665,-22.731497,-19.152029,108.52163,6.1120176,15.705091,76.17913,-37.657345,-17.965857,72.9111,-1.9071921
3.3353515,207.3405,21.349373,4.5096164,210.9831,17.881264,-1.1907786,209.9665,21.411354,1.946065,209.67418,6.950164,-10.522826,208.51224,17.536814,5.498247,196.54138,-7.1308947,-19.603312,190.97882,14.939458,22.62581,185.38377,-24.769691,-15.88756,165.04045,20.332926,44.45929,177.87704,-32.113228,7.6831408,157.08226,18.529018,-3.8460388,145.93666,-19.203432,-20.789019,143.71483,-4.5194807,9.795064,111.02681,-21.519936,-18.703394,108.82151,8.194644,8.670938,76.40942,-37.090748,-17.980595,73.09923,-0.7776025
6.953417,209.39513,19.485163,6.9150753,212.98549,15.775625,2.613114,211.93056,20.918142,2.1135075,210.97633,5.671652,-7.4681983,210.01915,18.971498,4.068458,197.86316,-7.918577,-17.110836,191.98105,18.266031,17.516325,189.25565,-29.357798,-11.491961,166.53227,23.664122,37.77973,182.62404,-40.4755,11.82665,159.99765,17.209654,-5.819004,146.59529,-17.07597,-20.756962,144.49641,-0.19629669,6.0541477,111.063484,-20.488483,-17.558596,108.95164,10.313701,2.0063622,76.64087,-35.664795,-17.641232,73.029655,0.9018263
9.902658,211.38078,16.720037,8.355282,214.39171,12.824599,6.086924,213.96436,19.199238,1.7028161,212.27223,4.4958057,-4.14649,211.55576,19.83041,2.5686235,198.95772,-8.4093275,-14.176768,192.8486,21.16723,12.617976,190.96274,-32.0648,-7.351775,167.35818,26.269234,31.527285,186.0646,-46.086193,15.223132,163.14023,15.854026,-7.8274584,147.29178,-15.178237,-20.240116,145.26366,3.80721,2.761207,111.18778,-19.315157,-15.83598,108.87263,11.755498,-4.023273,76.78058,-33.378143,-17.144043,73.012535,2.508573
12.238601,212.77275,12.984154,9.382368,215.41379,9.581035,9.184843,215.34627,16.359175,0.959801,213.20988,3.5235395,-0.39108023,212.87552,19.914827,0.3324534,200.09926,-9.120521,-10.737129,193.40471,23.854141,7.4671664,192.31432,-33.643623,-2.7888012,167.93321,28.134123,24.173466,188.96913,-50.419037,18.288044,166.74928,14.487255,-9.768354,147.89883,-12.984569,-18.632048,145.74672,7.678779,-0.24032928,111.574486,-17.60999,-13.748616,108.91267,13.526824,-9.219766,77.37561,-30.527187,-16.500622,72.92817,4.261074
13.51003,213.4284,8.912447,9.8559,216.12703,6.4374633,12.158892,216.64818,12.800645,0.056435887,214.37202,2.981745,3.2841659,213.94238,19.097216,-1.4687903,200.76793,-9.261204,-6.749169,194.94945,25.840124,1.6862826,191.89178,-34.563187,1.4983039,169.28345,29.421036,16.2109,190.05183,-53.721714,20.863028,168.69394,13.032746,-11.236832,148.2954,-10.4452715,-16.201244,145.9999,11.414572,-2.9850106,111.770905,-16.07676,-10.923503,108.887245,15.080372,-14.05375,77.76858,-26.906,-15.505638,73.30364,5.9557686
13.940775,214.03683,4.6713004,9.831337,216.84499,3.2710931,13.72178,217.20241,8.825988,-0.6043052,215.1473,3.0702004,7.4487863,215.02705,17.472103,-2.9930305,201.28723,-8.80835,-2.6079226,195.86678,27.0909,-3.8551664,193.10992,-34.41418,7.410165,171.17143,30.278212,7.557879,192.71513,-55.550766,22.76661,170.58737,10.7192545,-12.741557,148.64853,-7.5237427,-12.760693,146.38887,14.902234,-5.8070807,112.08543,-14.716711,-8.170149,108.98325,16.089975,-19.06471,78.05106,-22.623934,-14.072716,73.499504,7.246421
13.768482,214.73404,0.8801463,9.239236,217.23013,0.6884865,14.46534,217.89177,4.98293,-0.7280391,215.62282,3.1638641,10.808197,215.66528,14.984445,-4.2633176,201.49193,-8.105518,2.0442755,196.70287,27.660753,-9.834705,193.50111,-33.328377,13.227733,172.46152,30.844246,-0.24616934,194.30515,-55.490353,24.343893,171.75258,8.798236,-14.059503,149.17818,-4.9881043,-9.863137,146.92072,17.354084,-8.667688,112.46084,-13.222006,-5.2424073,109.26991,16.054945,-22.831476,77.97128,-18.27328,-12.160715,73.39885,7.9954967
12.777563,214.5034,-2.350523,8.359678,217.16408,-1.8826611,14.3520775,217.97667,1.2225245,-0.5815747,215.97888,3.4599972,13.507981,215.99535,12.023462,-5.8033395,201.88431,-7.1045547,7.0693326,197.37717,27.072807,-14.940302,193.31258,-31.186674,18.136784,173.16417,31.160625,-7.689491,195.34349,-54.077366,25.313066,172.2941,7.3452682,-14.922873,149.51215,-2.6948893,-6.772507,147.01366,18.92136,-10.643312,112.812965,-11.980663,-2.3088071,109.172455,15.461405,-25.501316,78.548134,-13.773558,-10.352961,73.36785,8.383437
11.043443,214.30016,-5.1847143,6.898927,216.99335,-3.6548948,13.450819,217.70213,-2.042624,-0.12209522,216.4943,3.9761407,15.633634,216.36836,8.398658,-6.602457,202.11621,-5.6411104,11.71798,197.59793,25.645338,-19.078442,192.88951,-27.860039,22.76739,173.6986,30.592339,-15.275866,195.50334,-51.54159,26.08881,172.38951,5.9312024,-14.791442,149.77782,-0.644581,-3.6813626,146.96906,19.822132,-12.228138,113.069885,-10.816769,0.3612413,109.24576,13.788434,-27.521059,78.76931,-9.357049,-8.661382,73.38995,8.589127
9.298297,214.13728,-7.2411256,5.6178823,217.04388,-5.0621915,12.384377,217.50087,-4.7150536,0.4025604,216.69145,4.098947,16.784786,216.52415,4.992289,-7.3526335,202.05273,-4.001889,16.076767,197.86356,23.63166,-22.70489,192.14244,-23.893425,26.778748,173.88487,28.74079,-22.739992,195.2408,-47.78727,26.400566,172.14725,3.937159,-14.1885395,149.73062,1.543903,-0.30281532,146.91432,19.690783,-13.587281,113.42781,-9.447265,2.8565285,109.43316,11.855758,-28.970936,79.516975,-4.6441107,-6.753426,73.5765,8.301038
7.5695825,214.19745,-8.686293,4.3998017,217.19485,-5.902565,11.115078,217.54489,-6.832951,0.8932031,216.6132,4.171126,17.17078,216.67441,1.9178982,-7.7952633,201.7238,-2.424268,20.263885,197.87392,20.643528,-26.262814,190.84854,-19.125584,30.88957,174.0211,25.86777,-29.572872,194.16106,-42.99784,26.266237,171.65111,1.5777047,-13.421925,149.60635,3.7277687,3.7678592,146.75388,18.082771,-15.2112,113.71547,-7.6707134,4.7732487,109.40675,9.654654,-29.815874,79.99177,0.36298215,-5.0292997,73.5897,7.6340137
5.6788754,214.08434,-9.485834,2.9743533,217.27191,-6.4288025,9.416533,217.5999,-8.534118,1.6890565,216.40797,4.441968,17.172716,216.62883,-0.95418197,-7.920911,201.57553,-0.72062993,23.201698,198.01614,17.42125,-28.311342,190.2724,-14.704791,34.309456,174.04509,21.819452,-34.857975,192.32011,-38.057255,25.677006,170.52466,-1.0563465,-12.192768,149.50769,5.783684,7.177448,146.51695,17.04855,-16.46004,113.92643,-6.0381527,6.2794657,109.319954,7.437401,-30.100304,80.47332,5.132655,-3.7332706,73.45599,6.8951545
3.448919,213.83711,-9.9446,1.5776042,217.17372,-6.4667606,7.3965135,217.24557,-9.942988,2.7513757,216.60008,4.4448614,16.54019,216.67857,-4.31661,-7.798036,201.58992,0.98411185,25.575327,197.93372,13.598217,-29.170095,189.02597,-9.824893,37.17846,174.12473,16.978132,-39.45469,191.20186,-31.631775,24.883425,169.07129,-4.091799,-11.012528,149.34157,7.4863377,10.216766,146.39717,15.943641,-17.50111,113.961266,-4.0058856,7.4354124,109.42151,5.363359,-29.682968,80.751465,9.3147135,-2.3845644,73.46374,6.1119366
1.4608319,213.68529,-10.180608,0.37975696,217.22,-6.5618415,5.4097195,216.96323,-11.109325,3.494209,216.62209,4.1063943,15.423803,216.12137,-7.045129,-7.204444,201.70744,3.019664,27.580774,197.84193,9.397588,-29.326527,187.94872,-4.090895,38.936996,173.76102,11.292564,-43.078136,189.72668,-23.831831,23.629965,167.87053,-7.6067405,-9.588199,149.01785,9.120708,12.658771,146.25206,14.132628,-18.154224,113.970085,-1.5475141,8.204356,109.45603,3.3587952,-28.44437,80.666954,12.45502,-1.3832821,73.41093,5.090521
-0.5034739,213.9749,-10.032417,-0.48503587,217.69476,-6.43543,3.284271,216.95708,-12.027013,4.131454,216.62788,3.6626983,13.851951,216.17671,-9.440939,-6.4052153,201.48204,4.505737,28.651627,197.99252,5.1264377,-29.069399,187.09254,1.9193821,39.806503,173.86873,6.432473,-45.505817,187.96461,-15.606952,23.022564,167.13724,-10.559477,-8.039448,149.11107,10.675098,14.596132,146.4257,11.261742,-18.351875,114.14208,0.6021421,8.455564,109.64704,0.7343825,-26.885706,80.833855,15.4121475,-0.55409515,73.64249,3.7699873
-2.5143685,214.1285,-9.436534,-1.2416735,217.61198,-5.844258,0.9257983,216.90123,-12.2284155,4.801124,216.58492,3.08939,11.599766,215.99457,-11.757271,-5.3917313,201.32008,5.7123966,29.06388,198.1431,0.57611096,-27.59981,186.52467,7.1969876,40.093906,173.80823,0.66671956,-47.324066,186.46349,-6.5993123,21.503313,165.91609,-13.136829,-6.056687,148.98737,11.589524,16.399311,146.49731,8.483117,-18.144598,114.51754,2.3971894,8.406547,110.14368,-1.5412854,-24.47221,81.20106,18.491682,-0.048501074,73.73886,2.3407876
-4.0118885,214.20891,-8.820287,-2.003726,217.60574,-5.482062,-1.0914285,216.97607,-12.158637,5.1397552,216.84856,2.4022803,9.491157,216.06485,-13.375686,-4.342459,201.01968,7.0675683,28.574305,198.23596,-3.7965832,-25.651436,185.46504,12.247499,39.43759,174.06714,-5.130434,-46.74265,185.26872,0.582486,19.132652,164.57289,-15.308177,-4.3222003,148.92154,12.454753,17.714493,146.44992,5.8055573,-17.83049,114.69539,4.4941235,7.817021,110.27861,-3.593851,-21.599733,81.24249,21.565302,0.28903922,73.78846,1.0461463
-5.4332986,214.16682,-7.8355327,-3.1229737,217.60715,-4.7533903,-3.102603,217.0389,-11.515406,5.605322,216.81906,1.5668793,7.1365013,215.8576,-14.695719,-2.7147255,201.19167,8.382917,27.55333,198.41339,-8.428062,-22.831146,185.25327,16.626562,38.35261,174.20618,-11.258858,-45.426662,184.20744,8.288388,16.64464,163.77383,-17.217972,-2.4243286,148.80147,12.747762,18.387892,146.36131,2.9852242,-17.198746,114.88594,6.553039,7.061231,110.11213,-5.0885634,-18.792467,81.14345,23.437885,0.30542526,73.610176,0.20484526
-6.6275554,214.20306,-6.852172,-4.0968595,217.80507,-4.1424656,-4.919554,217.1148,-10.839148,5.69273,216.75243,0.8758427,4.8271165,215.86673,-15.449092,-1.5589406,201.32602,9.449318,25.758408,198.85796,-12.560356,-19.877174,185.0528,20.950787,36.710716,174.92741,-16.813745,-43.27031,183.81299,15.542975,14.73377,163.66385,-19.195415,-0.3923749,148.90016,13.379782,18.49616,146.67589,0.13172434,-15.994683,114.94352,8.511489,6.2710814,110.66448,-6.6403675,-15.872186,80.93001,24.525978,0.1196569,74.013664,-0.8751332
-7.455643,214.35072,-5.500186,-4.560993,218.0132,-3.2932394,-6.602943,217.31116,-9.720484,5.7968993,216.82645,0.54158604,2.6659188,216.10643,-15.566131,-0.1776864,201.25044,10.195869,23.34884,199.22586,-16.297808,-16.39068,184.71147,24.22398,34.351154,175.72816,-22.041409,-40.307716,183.62387,21.389221,12.887727,163.35358,-21.151463,1.1741686,148.8947,13.586503,17.888983,146.97975,-2.512276,-14.888119,114.93956,10.21461,5.0013485,110.904076,-7.9374475,-12.63523,80.83077,25.58424,-0.09602631,74.09721,-1.7155694
-8.228634,214.27995,-4.0831685,-4.949393,217.89757,-2.3927486,-8.272612,217.40073,-8.278341,5.75992,216.99768,-0.20920902,0.08442036,216.11641,-15.603844,1.0558037,201.19669,10.639641,20.555668,199.289,-19.694014,-11.868706,183.94902,27.545424,31.420391,176.06406,-26.856081,-36.034054,183.64474,28.374966,10.884274,163.50189,-22.597588,2.6979458,149.08788,13.038827,16.96706,147.15407,-5.4889083,-13.420674,114.891426,11.865379,3.5027144,110.95947,-9.170077,-9.611451,80.19985,25.89649,-0.5426751,74.07188,-2.9867475
-8.667,214.42105,-2.598347,-5.0698495,217.94089,-1.4632387,-9.314888,217.55191,-6.738267,5.7775717,217.00528,-0.6641849,-2.019532,216.09137,-15.15494,2.475918,201.08586,10.512037,17.53428,199.53691,-22.265535,-7.9176593,184.32329,29.193474,28.1461,176.84804,-31.20423,-31.018904,182.98608,35.8601,8.4069605,164.03522,-24.101814,3.7477343,148.91463,12.286526,15.643644,147.31381,-8.323046,-12.174677,114.590706,13.059983,1.9081997,111.05735,-10.227768,-6.496583,79.471954,25.549156,-0.96131456,74.20172,-3.719908
-8.784717,214.62741,-0.87966377,-4.9040504,218.051,-0.68891305,-10.105595,217.56021,-5.005241,5.7727385,217.08966,-1.03659,-4.028548,216.13692,-14.302853,3.8005033,201.27623,10.372089,14.531343,199.78178,-24.214682,-3.9016936,184.56897,30.285303,23.483507,177.24918,-35.354633,-25.533928,183.05939,40.78664,5.665003,163.91913,-24.937815,4.976149,148.79137,11.317354,14.267787,147.28864,-10.590759,-10.54469,114.38123,14.2601,0.3342216,111.254944,-10.772013,-3.4342527,79.15369,25.087255,-1.5937786,74.34387,-4.3255806
-8.967333,214.46198,0.7881625,-5.0856266,217.87575,0.5722932,-10.740081,217.4181,-3.144722,5.4392843,217.05157,-1.2438673,-5.959966,216.20732,-13.135945,5.4430757,201.52557,10.356193,11.144337,200.07715,-25.717306,0.3692255,184.7203,31.116655,19.014317,178.25839,-38.988117,-19.635529,183.67195,44.61237,3.265571,164.40996,-26.363506,6.320484,148.79135,10.494714,12.569387,147.37653,-12.415374,-8.832255,114.307236,14.97751,-1.2887552,111.19298,-11.129479,-1.0046111,78.62213,23.82123,-2.0515232,74.30964,-4.6008086
-8.842826,214.3713,2.3139582,-4.966221,217.76666,1.8630614,-10.77899,217.29202,-1.5787933,5.2642007,216.97644,-1.2619673,-7.317714,216.28105,-11.801796,6.615073,201.45522,10.069967,7.7496805,199.85031,-26.701494,3.9503288,184.77876,31.30682,14.255919,178.99464,-41.960705,-13.780976,184.04683,47.584545,0.92467576,164.7718,-27.31113,8.084508,148.59422,9.225437,10.488353,147.40788,-13.9276,-7.0713577,114.16132,15.719082,-2.9129353,111.214294,-11.185418,1.1291491,78.05828,22.462784,-2.7908692,74.27928,-4.8167534
-8.3447895,214.44351,3.8083274,-4.556969,217.85358,2.9567277,-10.745732,217.41168,0.22522825,5.3019657,217.15372,-1.1918162,-8.310828,216.3251,-10.399554,7.8597727,201.2599,9.686631,3.9609036,200.1574,-27.225805,7.853439,185.02063,31.491657,9.726655,180.12384,-44.126923,-8.194778,184.49979,49.498516,-1.3724121,165.04747,-28.392218,9.2892885,148.53288,8.136993,7.825326,147.56638,-15.059002,-5.244334,113.98299,16.083927,-4.6734176,111.222946,-11.012783,3.2434354,77.3601,20.505108,-3.6175258,74.20053,-4.9850144
-7.975684,214.32649,5.1273465,-4.123931,217.6738,4.268314,-10.376261,217.46205,1.6846884,5.138384,216.96825,-1.0937732,-9.3128195,216.3364,-8.978497,9.009267,201.01294,9.205601,0.7587785,200.14868,-27.296741,11.527067,185.39302,31.195202,5.169057,181.21507,-45.707157,-2.1632476,185.25731,50.99363,-3.4927816,165.454,-29.21945,10.094147,148.2629,7.085262,5.1019073,147.52199,-16.039852,-3.818214,113.53341,16.20001,-6.297946,111.04618,-10.795714,4.9576535,76.75651,18.612375,-4.1953764,74.088905,-5.2412453
-7.5383396,214.20998,6.532175,-3.8041048,217.64185,5.533501,-10.160416,217.2765,3.1990244,5.0188136,216.96924,-0.72700393,-10.017578,216.21907,-7.4301167,10.03398,200.92026,8.5655575,-2.0348525,200.2971,-26.881886,15.796288,185.88673,30.36555,0.71209335,182.63377,-46.672577,3.7784932,186.49712,51.35167,-6.505035,166.0915,-30.166698,10.329612,148.0752,5.948214,3.0000522,147.37392,-16.918955,-2.4461827,113.37494,16.033688,-7.848179,111.06825,-10.259639,6.27452,76.38945,16.901169,-4.589165,74.079834,-5.373673
-6.987269,213.92673,7.7107906,-3.2612662,217.42345,6.937245,-9.650053,217.20747,4.632211,4.9618506,216.86273,-0.39521646,-10.534399,216.20221,-6.002156,10.95919,200.8155,7.8282676,-5.1328974,200.43776,-26.038918,19.848806,186.21053,28.78033,-4.1719723,183.75647,-46.98074,9.801478,187.56798,50.831512,-10.028325,166.6198,-30.387602,10.551769,147.82495,4.6936,1.2551584,147.06747,-17.56958,-0.8016962,112.97631,15.622424,-9.23694,110.790276,-9.379302,7.5685987,75.97975,15.04276,-5.142034,73.82106,-5.325624
-6.5235653,213.78856,8.8836775,-2.8726768,217.31815,7.911646,-9.362723,217.03435,5.920635,4.9785624,216.67154,0.14777179,-10.853758,216.192,-4.577514,11.824221,200.8815,7.1480427,-7.6854143,200.69328,-24.834064,23.981005,186.93123,26.954657,-9.242542,185.24458,-46.533318,15.086912,188.26997,49.595757,-13.301114,167.0939,-30.49611,10.758171,147.63403,3.5084732,-0.42631218,146.99725,-18.072842,0.70453733,112.769684,15.262462,-10.15004,110.65294,-8.55514,8.689162,75.84532,13.040686,-5.6044254,73.80527,-5.304821
-5.8702965,213.84949,10.238862,-2.3207784,217.3211,8.803834,-8.906666,216.85834,7.2170215,4.933931,216.50656,0.5667179,-11.184472,216.26302,-2.9445236,12.416482,200.8586,6.204762,-9.715433,201.1623,-23.54454,27.21884,187.84393,24.706102,-14.273861,186.77388,-45.583538,20.463276,188.91354,48.031197,-16.59188,167.86314,-30.42627,10.6235485,147.70224,2.3015063,-1.9864211,147.11507,-18.173445,2.111657,112.559235,14.763031,-10.507686,110.69149,-8.025482,9.642965,75.57862,10.989977,-6.053205,73.643265,-5.12521
-5.412312,213.81885,11.2597275,-1.9607422,217.28691,9.594017,-8.641098,216.8706,8.486121,4.8883414,216.39064,1.0191176,-11.376552,216.37268,-1.613226,12.984693,200.93164,5.293604,-11.707481,201.47722,-22.208965,30.0512,189.00194,22.657154,-18.491795,188.3324,-44.56193,25.330008,189.39929,46.587303,-19.907974,169.13226,-29.873219,10.690734,147.69922,1.051487,-3.5545905,147.12065,-18.003487,3.5835044,112.46655,14.065414,-11.00362,110.789345,-7.2295747,11.074358,75.83711,8.370888,-6.5466743,73.59987,-4.894433
-4.880663,213.7346,12.08426,-1.4062847,217.13095,10.328647,-8.138075,216.89755,9.472761,5.100478,216.45085,1.5694441,-11.229001,216.58052,-0.51056767,13.431258,201.22345,4.6403623,-13.884219,201.77925,-20.500902,32.085484,190.13483,20.731398,-22.1797,190.25005,-43.197536,29.185076,189.55344,44.770092,-23.229195,171.07884,-28.464193,10.888187,147.67451,-0.2587439,-5.207175,147.16846,-17.752949,5.0446844,112.38549,12.955632,-11.452053,110.76182,-6.640118,12.71973,76.18673,5.7127895,-6.8485303,73.61543,-4.9403763
-4.7085533,213.61732,13.106699,-1.1256672,216.92406,11.386341,-7.856097,216.94928,10.572933,5.0798855,216.35957,2.4814088,-11.310151,216.72449,0.68556327,13.403642,201.39288,3.941452,-15.427512,202.03189,-18.697771,34.257805,191.38358,17.271912,-25.414143,192.17635,-41.529774,34.420414,190.3202,41.48942,-25.808447,172.74733,-27.22986,10.676842,147.38574,-1.0839629,-6.809484,147.0342,-17.112612,6.1501784,111.95818,11.996276,-11.833422,110.53305,-6.0074673,13.834343,76.018074,3.490659,-7.5296326,73.354515,-4.7612166
-4.763121,213.78127,14.15019,-1.152759,217.00494,12.351166,-7.906186,217.12259,11.625946,4.9793186,216.2888,3.3674252,-11.43906,216.92131,1.7815325,13.302264,201.4206,3.7452323,-16.000587,202.32178,-17.548056,36.432835,192.86578,13.407831,-28.78356,193.71927,-39.249813,38.53782,191.17836,37.363483,-27.25021,173.81628,-25.789318,10.371823,147.32245,-1.5918477,-8.064387,147.00076,-16.506205,7.192122,111.83219,11.190969,-12.208433,110.31409,-5.4710407,14.9415045,76.252846,1.661516,-8.1893835,73.268326,-4.489009
-4.5474844,213.63791,15.163201,-1.0167564,217.00598,13.449757,-7.7653065,217.02222,12.788988,4.966002,216.28769,4.235718,-11.517073,216.83461,3.0005748,13.667354,201.55814,3.0256085,-16.85923,202.90494,-16.020208,38.201874,194.23056,9.767313,-31.44239,195.58334,-36.985035,41.027733,191.42546,33.530666,-28.71683,175.24692,-24.28473,10.230353,147.46501,-2.5097969,-9.127297,147.3082,-15.769824,8.168909,111.92129,10.183437,-12.562438,110.32005,-4.992867,15.860794,76.489426,-0.095842786,-8.568213,73.05946,-4.4869637
-4.379672,213.5773,16.137415,-0.8967811,217.00606,14.45554,-7.65066,216.97293,13.845789,5.1447635,216.22177,5.203721,-11.366844,216.94449,4.032659,14.227308,201.83212,2.3182223,-17.691605,203.15744,-14.035758,39.66512,195.33258,6.2277436,-33.601254,196.92076,-34.46136,42.543797,191.01176,29.732561,-30.297106,176.50116,-22.171854,10.497182,147.65915,-3.877199,-10.039442,147.5459,-15.056077,9.307124,111.882095,9.106765,-13.12799,110.40232,-4.5705705,16.661798,76.474884,-2.164047,-8.995738,73.12094,-4.7235484
-4.237893,213.20296,17.280838,-0.7129283,216.66534,15.758234,-7.4535055,216.6694,15.024522,5.252175,216.05191,6.371046,-11.238187,216.51485,5.1629176,14.525916,202.04582,1.7607236,-18.355494,203.26627,-12.157582,40.298843,195.59685,2.3521893,-34.78126,197.5105,-32.463943,43.295403,190.1891,25.567665,-30.811024,177.22766,-20.168741,10.542833,147.8554,-4.575363,-10.799279,147.63022,-14.373835,10.3911085,111.7804,7.882016,-13.713802,110.388336,-4.024985,17.510326,76.53641,-4.211074,-9.713231,73.103455,-5.1846266
-3.849651,212.90309,18.46752,-0.2880605,216.19725,16.691748,-7.041559,216.31273,16.102558,5.5181403,215.4908,7.390657,-10.942377,216.06099,6.3515024,14.756079,201.95546,0.9202557,-18.910097,203.12933,-9.979811,40.42019,195.49675,-1.590823,-36.616787,198.12495,-29.187563,43.688087,188.75423,21.125065,-31.62188,177.5892,-17.56123,10.87106,147.63397,-5.660229,-10.9559555,147.33833,-13.862602,11.229172,111.441635,6.2650895,-14.009228,110.25974,-3.3493593,18.127916,76.294235,-6.2010508,-10.375047,73.27376,-5.921728
-3.354533,212.13246,19.473879,0.26655054,215.38342,17.71412,-6.4845815,215.72493,17.288446,5.8057117,214.76054,8.249584,-10.66597,215.56995,7.5473633,14.817413,201.68965,0.25285518,-19.176683,202.61212,-7.6839147,39.928783,194.64876,-5.5353727,-37.399216,197.25755,-26.333426,43.365067,186.84755,16.88819,-31.69665,176.85449,-15.019448,10.98672,147.51395,-6.6704903,-10.928781,147.21872,-13.49797,12.034584,110.98339,4.9165688,-14.768792,110.09856,-2.5904233,18.576183,75.963,-8.068253,-11.305809,73.46847,-6.9317102
-2.8463204,211.16362,20.35279,0.8679553,214.37236,18.722408,-5.8733945,214.8781,18.234648,6.3107324,213.76367,9.165297,-10.198803,214.73369,8.524,14.858719,201.13426,-0.07118483,-19.21831,201.47891,-5.344283,38.79021,193.55823,-9.186105,-38.018974,195.75728,-23.592844,42.50498,184.08417,12.801375,-31.736282,175.57922,-12.194251,11.456751,147.09781,-8.157888,-11.00274,146.89795,-12.998684,12.891799,110.58696,3.506506,-15.219879,109.978004,-1.8126482,18.685963,75.6403,-10.121685,-12.252403,73.67268,-7.827451
-2.2580514,209.90771,21.178806,1.4075391,213.0602,19.34968,-5.343339,213.62367,19.144379,6.774833,212.59361,9.883264,-9.683534,213.4185,9.353052,15.064059,200.25063,-0.2823401,-19.201342,200.14499,-3.221549,37.368042,191.71153,-12.220897,-38.51505,193.76328,-20.524818,41.847977,180.72795,8.783231,-31.542435,173.22583,-10.100964,11.863111,146.67099,-9.369615,-11.025518,146.36276,-12.703429,13.5264,110.06221,2.1832764,-15.423358,109.90673,-0.92789245,18.436098,75.039856,-11.908416,-13.295433,73.77442,-8.61577
-1.5358083,208.54333,21.982613,1.9768312,211.83658,20.10238,-4.797562,212.03937,19.84647,7.425539,211.05054,10.616129,-9.034551,211.70433,10.115615,15.103529,198.88406,-0.40444386,-18.853754,198.70395,-1.5974491,35.38431,189.80815,-15.196655,-38.62335,190.93811,-17.912907,41.015186,177.11914,4.604979,-31.176752,170.20665,-7.98447,11.95516,146.21178,-10.934611,-11.172279,145.92326,-12.458902,14.411346,109.43949,1.0467832,-15.231009,109.77387,0.41285148,17.804092,74.437126,-13.298057,-14.650937,74.066376,-8.940327
-0.6810012,206.77252,22.727726,2.8033009,210.13083,20.895039,-3.966595,210.38039,20.814753,8.000532,209.31013,11.17285,-8.435289,210.07246,11.050605,15.209503,196.95859,-1.0053642,-18.886053,196.91006,0.1382182,33.421623,186.84174,-17.729609,-38.44098,187.4102,-15.537607,39.928665,172.57158,0.6449015,-30.696993,166.46095,-6.1143346,11.692038,145.20186,-12.545321,-11.30945,145.12997,-12.517131,14.822098,108.55604,-0.18943055,-15.006489,109.44293,1.8932782,17.03859,73.62913,-14.529719,-15.493496,74.18057,-9.168852
0.012057431,204.89127,23.432295,3.5257077,208.18663,21.541405,-3.2413962,208.4995,21.462753,8.665654,207.39369,11.83401,-7.816985,208.1457,11.823698,15.417192,195.03476,-1.4065762,-18.879496,194.60956,1.4300627,31.352097,183.49179,-19.708267,-38.123215,182.98775,-13.306071,38.87702,167.58658,-3.267928,-30.012478,161.87369,-4.350567,11.413357,143.82587,-14.300087,-11.479375,143.84737,-12.700322,15.052547,107.602325,-0.94432503,-14.588196,108.89607,3.2099595,16.274591,73.14897,-15.557428,-16.449085,74.224396,-9.192612
0.6754331,202.77292,23.873444,4.2521806,205.99294,21.977995,-2.513673,206.34642,21.747435,9.343519,205.34622,12.309793,-7.1441827,205.95178,12.21254,15.696332,192.64014,-1.800609,-18.654562,192.19606,2.447334,28.970917,179.63774,-21.431877,-37.88119,179.12865,-10.9669,37.240826,162.45299,-6.8400464,-29.661472,157.45328,-3.0692291,11.184518,142.4293,-15.662742,-11.695931,142.475,-12.938101,15.501249,106.79564,-1.3221002,-13.899381,108.06699,4.448551,15.594831,72.82252,-16.209616,-17.009415,73.9924,-8.775872
1.2219774,200.7517,24.090744,4.846335,203.87067,22.128515,-1.9108146,204.28552,21.815374,9.825953,203.15494,12.405119,-6.646695,203.78407,12.457553,16.127281,190.07863,-1.9145346,-18.592878,189.4564,3.223775,26.400515,175.63652,-22.485098,-37.245007,174.31606,-9.007184,35.64615,157.1796,-10.271551,-29.147387,152.57204,-1.8063241,10.858725,140.97188,-16.729784,-11.966589,140.91052,-13.242366,15.872957,106.11495,-1.2349217,-13.303049,107.21441,5.5709076,15.239023,72.686424,-16.372776,-17.226494,73.82315,-8.62745
1.8225619,198.65086,23.960175,5.394016,201.90228,22.10188,-1.3673697,202.24655,21.864006,10.209723,201.18394,12.138479,-6.2674236,201.39345,12.384575,16.348568,187.50423,-2.9580684,-18.506916,186.48413,3.8291352,24.165453,170.718,-22.874327,-36.31751,169.5248,-7.419305,33.72557,151.33443,-12.656161,-28.95466,147.67094,-0.21229193,10.456496,139.21873,-17.672274,-12.33429,139.092,-13.3089075,16.462612,105.19077,-0.55109847,-12.774913,106.21017,6.530466,14.982945,72.37639,-16.495356,-17.044865,73.38314,-8.66093
2.405779,196.82852,23.585825,5.793469,200.18341,21.589169,-0.9821682,200.36244,21.723072,10.538286,199.24364,11.534078,-5.9434423,199.46603,12.173523,16.720201,185.016,-4.1291275,-18.12675,183.86182,4.6104193,22.061954,166.13885,-23.199884,-34.985905,164.82468,-5.148215,31.742949,145.76622,-14.700342,-28.70818,141.99762,0.9058126,9.799537,137.32927,-18.388721,-12.743307,137.18071,-13.264222,16.811098,104.8128,0.34618032,-12.197084,105.06258,7.4138412,14.779617,72.38533,-16.219223,-16.966057,73.05345,-8.832184
2.9900656,195.3506,22.79154,6.2248497,198.82436,20.751984,-0.5532828,198.77692,21.022282,10.77649,197.85492,10.60249,-5.7070775,197.8982,11.648639,16.781073,182.60063,-5.133878,-17.64458,181.79463,4.7534895,20.13668,161.83557,-22.912895,-33.010094,160.51392,-2.6018105,28.95741,140.66632,-15.466362,-28.144094,137.19888,3.0411472,9.402533,135.87184,-18.505621,-13.0377655,135.5198,-13.525748,16.950068,104.21528,1.1156254,-11.958173,104.07631,7.800935,14.571598,72.38108,-16.320492,-16.735699,72.4858,-9.061324
3.3160684,194.37502,21.80846,6.4780684,197.80643,19.579115,-0.2828518,197.74185,20.039894,10.9980135,196.76349,9.482394,-5.4596567,196.81194,10.698283,16.629595,180.87979,-6.29855,-17.213978,180.25952,4.6474876,18.705818,158.39627,-22.18646,-30.888336,156.94736,-0.11376082,26.69307,137.01543,-14.48364,-26.9301,133.30392,5.4201717,8.705869,134.47583,-18.829283,-13.426603,134.08093,-13.725927,17.09843,103.75247,1.6265445,-12.24556,103.33404,8.350409,14.404293,72.34672,-16.605164,-16.58214,72.35272,-9.409974
3.5871441,193.89194,20.455656,6.727985,197.253,18.10049,-0.037034053,197.18571,18.609596,10.83106,196.05191,7.8744144,-5.5691304,196.05276,9.590422,16.470066,179.6961,-7.439666,-16.745855,179.22372,4.312465,17.481283,155.97275,-21.30058,-29.212864,154.8406,1.8780966,24.611036,135.3344,-11.1612015,-24.579697,131.64919,8.652708,8.202579,133.5827,-19.497204,-14.063522,133.40292,-14.0782585,16.926432,103.16167,1.9045622,-12.737274,102.955345,8.684017,14.47575,72.13962,-16.79195,-16.367956,72.34241,-9.7935705
3.7932427,193.83798,18.891088,6.763825,197.23701,16.382992,0.021348555,196.97748,17.073597,10.713822,195.75156,6.075244,-5.6296363,195.9218,8.240421,16.206589,179.34953,-8.393817,-16.751827,178.72505,3.664405,16.9556,154.87346,-20.389065,-28.577019,153.70618,3.549498,22.784246,135.9361,-6.7350464,-21.286423,131.78955,12.184781,8.05974,133.1339,-19.448828,-14.377766,132.96288,-14.519131,16.672218,102.72256,1.9889418,-13.361695,102.91703,8.887483,14.349604,72.17171,-17.304718,-16.335869,72.406044,-10.147846
3.6783307,194.28387,17.315601,6.589439,197.62863,14.660549,-0.1267453,197.43018,15.595457,10.478434,196.18073,4.448644,-5.8613005,196.35857,6.7308865,15.858834,179.62997,-9.366096,-16.920815,178.76762,2.9879897,17.56961,154.31981,-19.4656,-28.609413,153.7674,4.94953,21.157652,138.44492,-1.557642,-17.713741,134.51819,15.323713,8.102179,132.99843,-19.423697,-14.288264,132.75545,-14.478898,16.376385,102.39521,1.9363222,-14.17701,102.57441,8.775045,14.317142,72.11721,-17.747152,-16.430717,72.42303,-10.684656
3.4440455,195.43678,16.018267,6.389017,198.6401,13.237834,-0.3327857,198.52057,14.123091,10.117338,197.29092,3.0364022,-6.172483,197.38077,5.4869437,15.646297,180.76265,-9.614935,-17.210302,179.67574,2.2472377,18.364388,155.58383,-18.381292,-29.026138,155.14662,6.44147,20.183678,143.50578,2.21794,-14.325442,139.09003,17.534245,8.355869,133.3913,-19.079357,-14.448903,132.98476,-14.2990055,16.11352,102.497345,1.7079493,-14.954759,102.45286,8.347841,14.331425,72.18989,-17.959835,-16.474766,72.433426,-11.064794
3.244479,197.27524,14.696689,6.0439615,200.38374,11.661575,-0.66138035,200.11249,12.681457,9.528462,199.08347,1.5738072,-6.708892,199.1481,4.464545,15.648429,182.31747,-9.964775,-17.470049,181.5522,1.5961133,20.521093,156.75436,-16.977156,-29.712261,158.1629,8.227313,18.949163,149.79312,5.8610177,-11.7713995,145.88649,19.39486,8.579976,134.08047,-18.713696,-14.481844,133.71541,-14.150139,15.61821,102.811844,1.1988138,-15.4904785,102.80096,7.7328367,14.416596,72.18215,-18.164373,-16.254066,72.54083,-11.118887
2.7759955,199.40549,13.447712,5.548333,202.4791,10.359872,-1.1407177,202.24864,11.467933,9.022834,201.26126,0.27678546,-7.1928544,201.35704,3.2688756,15.464064,185.06349,-9.968555,-17.663008,184.26288,0.7606446,23.115,159.75974,-14.943343,-30.425837,162.46097,10.108565,18.826563,157.54724,8.522573,-10.322425,153.86176,21.226406,8.505056,135.70985,-18.303654,-14.397192,135.39133,-13.978892,15.403677,103.51657,0.4545777,-16.123463,103.60515,6.859341,14.567061,72.27385,-18.307127,-15.963086,72.65288,-11.251716
2.1118083,201.98775,12.485102,4.8761234,205.17967,9.510332,-1.8240327,204.80183,10.495882,8.652052,204.00195,-0.48618942,-7.6185484,204.26175,2.1362865,15.256841,188.34834,-10.127742,-17.69954,187.59009,0.44239616,26.103954,163.89417,-13.357702,-31.415472,167.733,12.31999,19.73222,165.79637,9.958849,-9.649447,162.25223,22.746061,8.439579,137.56694,-18.036633,-14.269114,137.25119,-13.569542,15.079957,104.39415,-0.5544076,-16.50006,104.388535,5.69559,14.548019,72.4644,-18.29322,-15.824344,72.64308,-11.365052
1.663447,205.03082,11.7917385,4.385575,208.35834,8.926906,-2.3021162,207.90746,9.958961,8.365806,207.54634,-0.9986926,-7.9618955,207.6785,1.4568973,14.922412,192.30453,-10.438854,-17.84965,191.31598,0.24546774,29.045921,169.4645,-12.238969,-32.458996,173.76256,14.049348,20.583857,173.51999,10.134614,-10.419219,171.37714,24.924728,8.634974,140.31064,-18.015045,-13.750605,139.88461,-13.031069,14.524625,105.913925,-1.8260244,-16.585062,105.751625,4.298984,14.706596,72.904015,-18.057182,-15.50567,72.888855,-11.1818075
1.3391452,208.45134,11.531364,4.171811,211.77629,8.777201,-2.5509117,211.3812,9.6279545,8.200287,211.36832,-1.1098224,-8.13321,211.28465,1.0760957,14.5967865,196.71355,-10.258898,-18.176546,195.68375,0.5314214,31.46453,175.84442,-11.502284,-33.94104,180.34499,16.12213,21.779745,180.78943,10.063384,-10.838718,177.93648,23.789028,8.582566,143.2571,-17.40466,-13.539204,142.74036,-12.434107,14.148328,107.52793,-3.3773296,-16.704687,107.45432,2.639698,14.852105,73.28419,-17.401176,-15.250986,73.49946,-10.670001
1.3072014,212.2431,11.539519,4.1826563,215.71927,9.021959,-2.5476286,215.2549,9.692188,8.243111,215.37437,-0.9828313,-8.129552,215.37195,1.1271274,14.656848,201.304,-9.8423395,-18.549734,200.17574,0.60400873,33.239525,182.26572,-11.19222,-35.281525,186.92264,17.131264,23.057072,187.30064,10.289281,-11.490542,184.33012,22.16933,8.604821,146.77112,-16.59128,-13.708899,146.35123,-11.946757,13.444945,109.75892,-5.2710776,-16.729261,109.811226,0.7545979,15.062299,74.43947,-16.40753,-15.361336,74.58896,-10.095242
1.1787308,216.30481,11.866047,3.9991927,219.65016,9.120962,-2.7159703,219.27612,10.037521,8.170131,219.48404,-0.640681,-8.21898,219.3718,1.4678171,14.812021,205.7684,-9.47495,-18.244133,204.74571,0.7794254,34.990993,188.73444,-11.049854,-36.88567,193.41615,16.512941,24.702948,193.12073,10.587256,-13.043367,190.69244,21.035963,8.653978,150.62585,-15.866362,-13.7800665,150.18306,-11.16608,12.912033,112.67863,-7.421141,-16.048292,112.67221,-1.5225791,14.951538,76.598015,-15.113612,-15.435087,76.29874,-9.152675
1.1848711,219.94067,12.148077,4.062244,223.23555,9.408469,-2.6656907,222.96611,10.307718,8.267374,223.47038,-0.22283179,-8.1641865,223.36586,1.8430877,14.933706,209.88058,-9.610779,-18.314314,208.90144,1.1669157,36.62303,194.6639,-11.373335,-38.40815,198.39919,15.38529,26.956583,197.55331,10.85031,-14.692214,196.04095,20.817043,8.368735,154.6958,-15.498494,-14.029716,154.14195,-10.698108,12.566189,116.28961,-9.0951395,-15.5366335,115.82781,-3.7932463,14.488753,79.90265,-13.679565,-15.640583,78.88216,-7.955413
1.283888,223.3106,12.592509,4.246046,226.72797,10.094485,-2.4762855,226.5884,10.999188,8.330282,226.69191,0.15941963,-8.05069,226.92674,2.354204,15.060867,213.70708,-9.373181,-18.486128,212.46597,0.8767445,37.165718,199.41714,-12.111285,-39.611362,202.45055,14.220668,29.823648,200.69724,11.0301485,-16.541834,200.54951,21.374517,8.234177,158.6533,-15.76914,-14.18784,158.26971,-10.758678,12.34028,120.27633,-9.78116,-15.0215025,119.55248,-5.6659904,13.687074,83.541176,-12.903327,-15.796338,82.64405,-7.3391232
1.28838,226.32631,13.228761,4.3664627,229.56612,10.645763,-2.3749306,229.593,11.407765,8.308267,229.72226,0.78165114,-8.118476,229.68993,2.8976214,15.205935,216.72833,-9.458242,-18.873838,215.47961,0.33501187,37.659645,203.08832,-12.640478,-40.47329,205.49794,12.923442,32.843006,203.22539,11.228698,-18.380972,204.34534,22.576338,8.158979,162.26717,-16.503687,-14.233853,161.89865,-11.670745,12.135975,124.26507,-9.122589,-14.448568,123.49662,-5.8600564,12.6936,87.60797,-12.991856,-15.756322,86.47614,-7.7774005
1.1900483,228.74861,13.541753,4.4041963,232.06104,11.220758,-2.3533885,232.2098,11.847428,8.3784275,232.27191,1.2421926,-8.083156,232.25119,3.0859077,15.245056,219.26054,-9.6499605,-19.104097,217.81836,-0.32736048,37.835354,205.51347,-12.594279,-40.90539,207.25285,11.440889,35.465485,204.90681,11.646833,-20.138624,206.75015,23.673721,8.038618,165.31209,-17.649498,-14.359859,165.01562,-12.977953,12.606495,128.10136,-7.551047,-14.009557,127.35623,-4.5353823,11.511437,91.877785,-13.37101,-15.721045,90.632996,-9.042994
1.0708555,230.68988,13.959959,4.3990116,233.9271,11.696772,-2.347587,234.30664,12.328954,8.33249,234.29427,1.6879655,-8.115589,234.43921,3.5656054,14.908824,221.39749,-9.723424,-19.377007,219.96886,-0.6943571,37.2931,207.2444,-12.369768,-40.953842,207.7569,9.523923,39.21131,205.30113,11.728534,-22.10215,209.13927,24.772474,7.8676186,168.52547,-18.905882,-14.538261,168.12955,-14.476647,12.706851,132.14108,-5.411661,-13.746548,131.31612,-2.3243546,10.583491,96.322,-14.366651,-15.19257,95.29191,-10.991441
0.925977,232.13678,14.25034,4.3491817,235.27388,11.992399,-2.3749933,235.8887,12.688449,8.120658,235.59799,1.9166781,-8.328938,235.86328,3.855586,14.58929,222.99617,-9.597653,-19.983206,221.6751,-0.8114651,36.52946,208.42867,-11.494914,-40.608025,207.18105,8.668775,42.90427,204.91603,11.817833,-23.372902,209.57854,25.702475,7.7273197,171.44841,-20.356995,-14.661527,171.1638,-16.172314,12.652525,136.4223,-3.6077724,-13.824666,135.83313,-0.017303681,9.786275,101.49231,-15.754919,-14.430703,101.0689,-13.0792
0.56170106,233.20914,14.566131,3.9668598,236.25606,12.148563,-2.7644172,236.83891,12.798866,7.7849846,236.52788,2.138117,-8.594442,236.6897,4.0115504,14.891935,224.17212,-9.976535,-20.43921,222.75462,-0.961756,36.72168,208.57776,-10.25092,-39.866116,206.34097,7.957143,45.99856,204.14423,12.03486,-25.226618,210.35423,26.904383,7.582241,174.01062,-21.791695,-14.688024,173.67883,-17.663803,12.694258,140.65181,-1.9696354,-13.46323,140.16393,2.0968504,8.89958,107.311356,-16.9195,-14.059742,107.30992,-15.12262
0.28273612,233.89268,14.741867,3.6767852,236.91087,12.275579,-3.0623946,237.43135,12.833243,7.6757174,237.07777,2.392955,-8.7383585,237.3558,4.0573635,15.041206,225.10507,-10.034444,-20.77267,223.53789,-1.3189168,36.704624,209.3642,-9.313097,-38.531166,205.29648,7.6885867,48.38224,203.1264,11.325331,-26.847532,209.52715,28.67982,7.309911,176.43814,-23.128233,-14.810636,176.10121,-19.2576,12.509028,144.91716,-0.17313965,-13.492393,144.94992,3.8678288,8.3942175,113.21279,-18.080837,-13.721317,114.41824,-16.556305
0.078449324,234.20395,14.594065,3.4391632,237.39085,12.295016,-3.3059537,237.81152,12.894269,7.501131,237.68274,2.3095136,-8.944089,237.82254,3.9887946,15.188617,225.46576,-10.380819,-20.676916,223.77347,-1.4278631,36.411186,209.08055,-8.344059,-36.89047,204.1804,8.071935,49.68348,201.7149,10.701326,-27.802843,208.04193,30.528933,6.981262,178.34125,-24.186888,-15.118832,178.04681,-20.775492,12.301827,148.97037,1.5669999,-13.409223,149.25493,5.2212386,7.873851,119.18346,-19.23554,-13.310645,120.96045,-17.82143
-0.096354336,234.80309,14.653553,3.3156488,237.92802,12.34849,-3.4219258,238.44493,12.903929,7.3628383,237.75195,2.2733471,-9.086124,237.96284,3.8834064,15.149032,225.4618,-10.389658,-20.812468,223.66663,-1.4453847,36.289734,208.9717,-7.937459,-35.309704,202.81233,8.499616,49.973843,200.44695,10.286494,-28.197851,206.86636,31.479912,6.789433,180.24757,-24.98625,-15.447733,179.91383,-22.032265,11.843846,153.03593,3.063126,-13.092784,153.50104,6.2996516,7.4641523,125.3035,-20.185541,-12.723584,127.244644,-18.714968
-0.18418631,235.07007,14.637255,3.2271779,238.21667,12.359429,-3.5159934,238.70149,12.876079,7.3079123,237.82648,2.2442749,-9.128658,238.03415,3.7637222,15.222912,225.06331,-10.07892,-20.579718,223.31767,-1.4649127,36.26289,208.40883,-7.5801616,-33.770096,201.45158,8.5403,49.34826,198.8455,10.18564,-29.405611,205.73975,32.223236,6.8232393,181.68411,-25.905882,-15.391167,181.22067,-23.131605,11.62872,156.58432,4.167185,-12.649937,157.26154,7.2238793,6.982643,130.43828,-20.750647,-12.178388,132.3762,-19.308872
-0.18383434,235.28412,14.685779,3.1262653,238.46991,12.333313,-3.6238565,238.81598,12.933601,7.3961997,238.02174,2.4152164,-9.092186,238.09036,3.7525353,15.269567,224.68216,-9.298597,-20.36777,222.94055,-1.3735963,36.814575,208.13585,-7.759409,-32.572437,200.07156,8.1322365,48.069927,196.69493,9.9577875,-30.517393,204.26474,32.283558,6.911684,182.78265,-26.233713,-15.325938,182.24388,-23.870775,11.231087,159.44771,5.266093,-12.328883,160.23206,7.8593173,6.936026,134.92471,-21.335499,-11.743035,136.87747,-19.747849
-0.28191617,235.42485,15.009288,3.0645206,238.68079,12.793246,-3.6953971,238.9763,13.234697,7.4442153,238.21475,2.7717307,-9.084444,238.2986,3.9964256,15.447827,224.54675,-8.763071,-20.060324,222.5007,-1.2064159,37.16133,207.83691,-8.138985,-31.198622,198.8215,7.7446938,45.930016,194.3336,9.620925,-30.582756,202.64644,31.990414,6.9943733,183.60371,-26.661983,-15.163576,182.8787,-24.423267,10.82982,161.4795,5.9405494,-12.236591,162.07532,8.133339,6.930763,138.43541,-21.912012,-11.499242,139.78091,-20.129572
-0.30739796,235.58566,15.4944,3.058119,238.87383,13.351264,-3.7157142,239.06998,13.587103,7.493217,238.39485,3.3206127,-9.018475,238.30989,4.3541365,15.654886,224.84863,-8.257812,-19.631227,221.9842,-1.04946,37.337402,207.75983,-8.911876,-30.206003,197.62674,6.733834,42.974037,192.87778,8.897481,-29.855516,201.59164,31.114044,7.296884,184.28143,-26.539036,-14.854302,183.41539,-24.467916,10.469018,162.7329,6.4632154,-12.13927,163.1377,8.449158,6.852994,140.37964,-22.103868,-11.408655,141.43217,-20.435278
-0.21046582,235.7753,16.032068,3.120555,239.09053,13.888897,-3.6596842,239.25298,14.194564,7.6731987,238.60703,3.948903,-8.880055,238.56914,4.897194,15.782604,225.27638,-7.669805,-19.168215,221.81564,-1.1397403,37.204174,207.97392,-9.875572,-29.281132,196.95297,5.492764,39.76849,192.12492,7.5953417,-28.414074,200.21191,29.787552,7.5115485,184.7515,-25.732162,-14.574485,183.88242,-24.207386,9.718456,162.65689,7.0637326,-12.083163,163.19955,8.522527,6.955983,140.93135,-22.202751,-11.463737,141.96301,-20.596127
-0.18487133,235.93648,16.749887,3.1979892,239.20284,14.594525,-3.562922,239.4962,14.91496,7.786614,239.00002,4.7135057,-8.719758,238.85345,5.5471244,15.991187,225.62592,-7.1635437,-18.75071,221.97078,-1.1789826,37.010853,208.21616,-10.788763,-28.356571,196.56152,3.7966704,36.379738,191.48825,5.980915,-27.816313,199.6562,28.046661,7.825264,184.91968,-24.71006,-14.189987,183.92447,-23.590199,9.267557,161.6483,7.3278394,-11.800312,161.99944,8.3589525,7.197404,139.76865,-21.973259,-11.27516,140.62065,-20.626234
-0.11969727,236.08101,17.289759,3.3244722,239.34875,15.244794,-3.4442332,239.67961,15.442799,7.9662747,239.34125,5.413398,-8.546891,239.29852,6.0965457,16.246454,225.97655,-6.389113,-18.544228,222.5377,-1.2807055,36.595947,208.2508,-11.785005,-27.698233,196.70485,2.0530922,32.99892,190.86743,4.0062304,-26.05817,198.72173,26.317276,8.144258,184.46065,-23.540041,-13.801288,183.78273,-22.682016,8.87585,159.65553,7.375866,-11.874035,160.24803,8.374212,7.550672,137.0533,-21.565828,-11.616075,138.10503,-20.371264
0.15686254,236.16408,18.075274,3.4726148,239.46272,15.879829,-3.3039768,239.58218,16.141026,8.115374,239.3776,6.060499,-8.364652,239.33359,6.9065843,16.615585,226.28195,-5.83472,-18.221582,222.98521,-1.3285862,35.936832,208.09763,-12.788322,-27.29354,196.88391,0.13676117,29.973495,190.34898,1.7894367,-24.372766,197.87183,24.370173,8.387304,183.8297,-22.06484,-13.585244,183.41125,-21.744034,8.541923,157.38264,7.366169,-12.3702965,158.34973,8.077433,8.156484,133.72517,-21.093042,-11.844419,135.06583,-19.94964
0.25389153,236.05658,18.703188,3.6586483,239.42131,16.75505,-3.1175318,239.58313,16.809483,8.278808,239.52031,6.829375,-8.247765,239.37738,7.5876718,16.797174,226.24231,-5.347674,-18.01843,223.31392,-1.5403333,35.113018,207.75652,-13.931241,-26.874882,197.2295,-1.4664618,27.623323,189.73251,-0.42218417,-22.802998,196.77777,22.659626,8.610797,182.98233,-20.761227,-13.454651,182.65677,-20.516653,8.557659,154.52937,6.8625937,-12.861486,155.86275,7.721152,8.895856,129.64833,-20.616032,-12.411428,131.51337,-19.326336
0.45410648,235.56317,19.316032,3.8329647,239.01485,17.477108,-2.95092,239.088,17.472012,8.381964,239.3043,7.4630847,-8.123878,239.02046,8.302662,16.921368,225.85979,-4.9303536,-17.910833,223.22327,-1.3953234,34.13337,207.1425,-14.875942,-26.446991,197.13118,-3.0456092,25.855326,188.84306,-2.173362,-21.338001,195.75694,20.893204,8.770932,181.8396,-19.60733,-13.4616585,181.62476,-19.230366,8.66575,151.5866,6.195162,-13.424554,153.01077,7.110377,9.816679,125.229126,-20.176975,-13.175623,127.2376,-18.79438
0.6422472,234.98239,19.902065,4.077121,238.36931,18.047808,-2.7011278,238.54474,18.031054,8.514579,238.7067,7.978826,-7.9729285,238.47598,8.90768,17.059752,225.3513,-4.5874815,-17.827223,222.71521,-1.3120986,33.05033,206.17862,-15.703558,-25.850973,196.78813,-4.687445,24.136114,187.73,-3.6695178,-19.959438,194.47768,18.978712,9.027069,180.12779,-18.531923,-13.246863,179.96492,-17.702085,8.755659,148.46234,5.1503763,-14.314965,149.87956,6.725477,10.619299,120.71969,-19.694128,-14.008651,122.509,-17.833761
0.6283643,234.10234,20.387594,4.1098566,237.46011,18.565874,-2.660622,237.78539,18.653639,8.6223,237.72919,8.539214,-7.853295,237.80817,9.392888,17.404022,224.39603,-4.085685,-17.71219,221.95944,-1.3774658,32.101494,204.7471,-16.190441,-25.511757,196.26671,-6.164256,23.000156,185.93634,-4.891071,-18.823359,193.35344,17.127323,9.10045,178.20686,-17.353317,-13.128982,178.25778,-16.453562,8.928338,145.01115,4.13435,-14.893134,146.40053,5.92367,11.408224,115.751015,-19.13867,-14.719867,117.4153,-17.070086
0.71193737,232.90018,20.936567,4.250079,236.21056,19.122526,-2.5076172,236.64908,19.189404,8.699257,236.47377,9.148499,-7.792509,236.48741,9.922193,17.477123,223.05327,-3.6485393,-17.609867,221.18365,-1.4583786,30.920702,203.22688,-16.964874,-25.094791,195.81248,-7.449983,22.124678,183.74449,-6.130396,-17.565372,192.18951,15.4421835,9.1211815,176.10617,-16.327456,-13.120752,176.10085,-15.330267,9.214875,141.8271,3.1079366,-15.485854,143.02002,4.8016872,12.239149,110.95242,-18.155788,-15.582221,112.36688,-16.205315
0.858267,231.42574,21.334747,4.412944,234.75969,19.59378,-2.3481922,235.11882,19.468147,8.70855,235.07457,9.5004,-7.798648,234.82808,10.365091,17.499622,221.52673,-3.403142,-17.708786,219.8923,-1.4033433,29.788351,201.54881,-17.473782,-24.817677,194.79,-8.480618,21.768526,181.6009,-6.9598966,-16.48788,190.7943,14.11818,9.156901,173.7486,-15.51701,-12.959074,173.90036,-14.6452675,9.58352,138.286,2.0584188,-16.244406,139.37021,3.5553935,13.009277,105.80062,-16.865631,-16.421297,107.0872,-15.245469
0.9645427,229.6061,21.540806,4.4458966,233.0295,19.841038,-2.3229225,233.23222,19.67865,8.769659,233.24911,9.714459,-7.734109,232.99492,10.597414,17.604929,219.43892,-2.7550623,-17.72156,218.11201,-1.4364036,28.914701,199.27728,-17.445627,-24.632856,193.18,-9.229015,21.525663,178.59427,-8.080635,-15.668839,188.90407,13.130119,9.497379,170.9481,-14.683875,-12.832351,171.09691,-14.199082,9.765599,134.5673,1.1292512,-16.783966,135.72394,2.0454648,13.401487,100.85571,-15.7898035,-17.193254,101.78706,-14.057699
1.0078135,227.3261,21.88697,4.4639616,230.71085,20.052982,-2.3050213,230.96367,20.085411,8.85438,230.94868,10.014785,-7.6531205,230.73381,10.926579,17.931562,216.97539,-2.4661145,-17.46707,215.90924,-1.1940445,27.556692,196.9081,-18.229849,-24.372673,191.20882,-9.6057,21.527967,175.50215,-9.307586,-15.252803,186.62904,12.777381,9.611022,167.83391,-14.031072,-12.655883,168.27002,-13.934642,9.923416,130.8328,0.30138853,-16.911827,132.04315,0.42553198,13.645333,96.26667,-14.852537,-17.903746,96.92612,-12.849487
1.2183731,224.84372,22.049313,4.605033,228.29031,20.217043,-2.1570175,228.53294,20.482351,8.880113,228.63768,10.130871,-7.619046,228.24919,11.308682,18.018633,214.09258,-2.430468,-17.337364,213.18903,-1.2293242,26.219604,193.88821,-18.816805,-24.235094,188.54015,-9.736589,21.555943,172.07689,-9.961643,-14.778223,184.43387,12.6044445,9.744382,164.58965,-13.669828,-12.675539,165.04958,-13.833409,10.155547,127.260124,-0.30735654,-16.938261,128.33714,-0.99198896,13.906463,92.089966,-14.139964,-18.563543,92.30421,-11.675328
1.1274804,222.29646,22.25732,4.588394,225.64136,20.354027,-2.1615503,226.03195,20.611593,8.937091,225.67471,10.329104,-7.5588303,225.4338,11.265775,17.96425,210.87451,-2.1118042,-17.439991,210.34972,-1.2620363,25.028482,190.59386,-18.997202,-23.89316,185.61743,-9.611267,21.845888,168.4254,-10.752956,-14.071953,182.2294,12.722593,9.837199,161.15062,-13.244544,-12.65785,161.56876,-13.82562,10.519564,123.36076,-0.7653437,-16.803745,124.33008,-2.5722094,14.171619,87.91505,-13.661592,-19.432888,87.82076,-10.73584
1.3973525,219.21495,22.27457,4.559783,222.6818,20.103573,-2.177606,222.73438,20.767393,8.82755,222.59702,10.122321,-7.619915,222.28355,11.537302,17.688065,207.2441,-1.7148297,-17.512894,206.8886,-1.0931575,24.019175,187.04482,-18.934717,-23.675665,182.02855,-9.326296,22.341227,164.32477,-11.6467705,-13.243588,179.54866,12.918062,9.90218,157.44063,-12.903454,-12.471194,157.88579,-14.021521,10.615072,119.37012,-1.1098081,-16.874655,120.37783,-3.6057005,14.368016,83.6827,-13.561695,-20.1429,83.606606,-9.805271
1.4442472,215.84087,22.242273,4.622099,219.24843,19.998756,-2.0986676,219.42676,20.807215,8.889429,219.0299,10.015164,-7.573478,218.64743,11.492886,17.516493,203.3803,-1.1506165,-17.64009,203.33885,-1.1594738,23.396227,183.05551,-18.588781,-23.403404,178.20453,-8.830331,22.821817,159.88118,-12.567071,-12.363388,176.74033,13.38689,9.971022,153.45914,-12.733822,-12.568741,154.09352,-14.171254,10.374963,115.3971,-1.3250163,-16.745235,116.4704,-4.3721666,13.943624,79.554245,-13.433686,-20.586914,79.756424,-9.610966
1.2463319,212.10478,22.262825,4.539812,215.45036,20.099377,-2.1994147,215.72072,20.688126,8.812083,214.84435,10.014211,-7.6750493,214.54364,11.338135,17.298252,199.02318,-0.5590868,-17.865225,199.25108,-1.2457896,22.979235,178.59846,-17.923653,-23.251894,173.7163,-8.122005,23.675049,155.00114,-13.509322,-11.825752,173.74953,13.769135,10.103674,149.45811,-12.616442,-12.213979,150.17758,-14.260209,10.404177,111.56935,-1.0638734,-16.912098,112.80048,-4.461906,13.680743,75.926605,-13.991895,-20.795946,76.29089,-10.417626
0.88074505,208.23512,22.333458,4.205585,211.45695,20.015757,-2.5294242,211.78465,20.541986,8.322777,210.40631,9.93593,-8.120345,210.56812,11.403174,16.939592,194.67007,-0.06487696,-18.192694,194.68498,-1.328437,23.03252,174.122,-17.208471,-22.830215,168.68265,-7.1079154,24.48727,150.20555,-14.454221,-10.549235,169.72816,14.287942,10.234625,145.78802,-12.670892,-12.1629925,146.35822,-14.427257,10.232945,108.15853,-0.44421095,-17.201729,109.38142,-3.852852,13.76241,73.6465,-14.940877,-20.511831,73.738365,-12.018237
0.5360999,204.41023,22.095762,3.8305197,207.64189,19.763672,-2.9167907,207.90363,20.280594,7.9164424,206.36226,9.611704,-8.563909,206.43799,11.152261,16.772951,190.21284,-0.23637286,-18.494167,190.08075,-1.4026556,23.216112,169.0035,-16.592363,-22.432457,163.7321,-5.8341575,25.462137,144.98314,-15.555333,-10.118934,166.50954,15.452126,10.113923,142.18443,-13.1443405,-11.966504,142.88661,-14.923806,9.994729,105.27141,0.49458537,-17.333641,106.77215,-2.8135836,13.866532,72.15261,-15.595931,-19.883045,72.24401,-12.752161
0.02505778,200.9585,21.756014,3.2830706,204.19711,19.381462,-3.4713492,204.35803,19.843473,7.5591288,202.98364,9.393347,-8.954736,202.93158,10.740451,16.730303,186.2891,-0.48170796,-18.646645,186.06195,-1.5606397,23.517653,164.66885,-16.200848,-22.056183,159.15918,-4.632071,26.235044,140.58722,-17.024218,-8.720427,162.8365,15.608384,10.116169,139.07755,-13.89315,-11.948838,139.69418,-15.742661,9.138439,103.72782,1.8376584,-17.39246,105.5219,-0.68020064,14.021617,71.79113,-15.39081,-19.435846,71.9379,-12.95448
-0.34416386,197.9498,21.350664,2.802928,201.34253,19.047295,-3.9556227,201.28357,19.532797,7.245076,200.03473,9.0041275,-9.24321,199.90617,10.235374,16.496866,183.36246,-0.8740501,-18.558481,182.84619,-1.6085004,23.7219,161.21321,-15.707638,-21.942604,155.65936,-3.4774764,27.363272,137.33138,-18.402506,-7.419048,160.64445,15.82648,10.150231,136.64119,-14.841022,-11.891209,137.28967,-16.855062,8.488566,102.8285,3.54315,-17.654743,104.81422,1.1616155,14.054473,71.808945,-15.176455,-19.314232,71.979774,-12.758794
-0.74101126,195.42303,20.961649,2.487293,198.71123,18.624714,-4.2796016,198.77736,19.04699,7.0612326,197.64996,8.703063,-9.442494,197.68245,9.7160225,16.18689,181.28304,-0.97370064,-18.850683,180.81099,-1.6559634,24.203491,159.05446,-14.935636,-21.670053,153.38692,-2.3231833,28.354769,135.32135,-19.143446,-6.468384,159.04445,16.385397,10.314697,134.77893,-15.679991,-11.883173,135.45364,-17.68202,8.121906,102.099785,4.5105166,-18.153885,104.271866,2.3923228,13.8973675,71.86701,-15.10921,-19.13836,71.92016,-12.837526
-1.1256104,193.49222,20.661127,2.135494,196.83418,18.44341,-4.6357117,196.88762,18.765123,6.731898,196.13905,8.539902,-9.796783,196.13588,9.502008,16.200718,180.05833,-0.9265007,-19.074875,179.61732,-1.5929846,24.78118,157.53072,-13.946422,-21.477955,152.11375,-1.5914868,29.463581,134.31056,-19.126116,-5.087755,156.96024,16.09107,10.181757,133.62222,-16.240211,-12.125672,134.28929,-18.290857,7.905613,101.83663,4.960803,-18.697163,104.17312,2.9244945,13.758444,71.93115,-15.253303,-19.137157,71.9469,-12.92006
-1.3130338,191.8608,20.42232,1.9570886,195.27129,18.318888,-4.8167977,195.24992,18.498632,6.7190948,195.39102,8.612885,-9.808438,195.29637,9.333271,16.140436,179.55798,-1.0386394,-19.092615,179.44485,-1.6528492,25.52487,156.87453,-12.848033,-21.862053,152.22664,-0.7870551,30.351336,133.90317,-18.646793,-4.512898,156.20506,16.173386,10.153192,133.23257,-16.78437,-12.368424,134.01111,-18.736374,7.983109,101.648705,4.98393,-19.23055,103.92074,2.9374807,13.486322,71.74385,-15.53783,-19.310637,71.91962,-13.248847
-1.3876059,190.70955,20.06747,1.892353,194.21034,18.135933,-4.8843927,194.17851,18.289528,6.8013687,194.96957,8.582209,-9.702875,195.0095,9.136013,16.28621,179.64725,-1.1364304,-19.183842,179.88344,-2.1928115,26.058287,156.80688,-12.238837,-22.336555,152.8238,-0.33503425,31.133198,133.77214,-17.430132,-4.3151593,155.84633,16.255718,9.871767,133.39334,-16.634947,-12.66449,134.28587,-19.109293,8.191317,101.7388,5.0301714,-19.428368,104.10842,2.5352952,13.21827,71.92982,-15.531908,-19.549482,71.914604,-13.422945
-1.1341082,190.06633,19.56448,2.0979083,193.79619,18.05407,-4.6828604,193.6451,18.157093,7.264236,195.34283,8.669346,-9.253142,195.21425,8.861961,16.693863,180.0517,-1.3788615,-18.943314,180.58304,-2.487562,26.944445,156.95651,-11.680625,-23.46371,153.86858,-0.3674103,31.65632,133.68057,-15.427949,-5.417082,155.2886,16.025623,9.586759,133.93936,-16.626207,-13.175532,134.81763,-19.182732,8.532677,102.1589,4.743547,-19.653337,104.39691,2.0791287,12.662086,72.20325,-15.65418,-19.715206,72.00004,-13.349724
-1.0794413,189.71547,19.18836,2.2511926,193.4755,17.984219,-4.534984,193.44145,17.931047,7.716363,195.95906,9.103802,-8.803063,195.953,8.788603,17.112738,181.08913,-1.8126429,-18.504242,181.74089,-2.7056112,27.738104,157.74461,-11.261853,-24.522377,155.40596,-0.70904666,32.16674,134.08705,-12.963153,-6.6460423,156.20058,15.9322195,9.258194,134.7809,-16.829884,-13.580591,135.57133,-19.425743,8.903345,103.11092,4.5010047,-19.640516,104.82792,1.302264,11.846595,72.60198,-15.488738,-19.682013,72.13367,-13.534846
-0.92653733,189.81613,18.878431,2.5384376,193.55699,18.037493,-4.2286153,193.65588,17.554327,8.34259,196.59602,9.653452,-8.152448,196.72705,8.542532,17.759321,182.2428,-2.1477292,-18.18321,183.11775,-2.7186534,28.543173,158.4352,-10.579244,-25.97317,157.25974,-1.0514756,32.46367,134.70497,-10.038481,-7.6299767,157.02785,15.057251,8.909404,135.79478,-17.256758,-14.062506,136.74098,-19.677977,9.112548,104.08713,3.9723084,-19.675316,105.43499,0.4162991,10.808393,73.07326,-15.249883,-19.645758,72.15418,-13.391894
-0.63505197,189.9906,18.282768,2.8250325,193.82036,18.07343,-3.9066014,193.92415,17.186861,9.035425,197.42447,10.0447645,-7.402891,197.77315,8.253339,18.658674,183.5201,-2.5812986,-17.282698,184.77531,-2.8521516,29.197708,159.10104,-10.159748,-27.23459,159.54808,-1.5589886,32.195637,135.43777,-6.7664685,-9.351201,157.72292,14.888767,8.605054,136.79774,-17.861324,-14.256179,137.97435,-19.753342,9.576008,105.05318,3.4446535,-19.866879,106.1008,-0.38910425,9.513481,73.33733,-15.266468,-19.670933,72.260284,-12.985689
-0.31593975,190.28531,17.494595,2.9958265,194.22325,17.99819,-3.6592007,194.21237,16.640106,9.803677,198.42471,10.530498,-6.5094237,198.8511,7.771026,19.708782,184.93976,-3.0272875,-16.336441,186.35638,-2.8097408,29.650045,160.03749,-9.542212,-28.312622,161.90918,-2.344376,31.31616,137.00504,-3.222701,-11.466154,159.04852,14.810087,8.611607,137.91318,-18.251162,-14.288107,139.38412,-19.561987,9.872414,105.79514,2.442604,-19.679579,106.90446,-1.1243255,8.269646,73.35439,-15.137522,-19.660686,72.529526,-12.665793
0.012959806,190.58826,16.84732,3.3190143,194.44876,17.796722,-3.2435613,194.60596,16.06718,10.589433,199.00035,10.876004,-5.5714107,199.93884,7.454625,20.786215,186.4024,-3.428731,-15.4543295,187.94571,-3.1185825,30.260235,161.05263,-8.74983,-29.17992,164.29683,-3.2417295,30.008665,139.14572,0.89224577,-13.40742,159.54143,14.490424,8.557785,139.0241,-18.522951,-14.288515,140.67535,-19.367504,10.013223,106.23627,0.9716132,-19.731937,107.77951,-1.6039963,7.271512,73.17911,-15.307079,-19.941946,73.17886,-12.055733
0.60690296,190.80865,16.227316,3.859405,194.59827,17.545563,-2.6490462,194.85323,15.623909,11.215115,199.68799,11.078517,-4.8208046,200.46896,7.0744677,21.805458,187.67677,-3.7058308,-14.383729,189.72353,-3.5798419,30.96732,162.29741,-7.526323,-29.791344,167.67244,-4.3536725,28.058744,142.34187,5.3368187,-15.741993,158.86058,13.596147,8.63604,140.27505,-19.070147,-14.459626,142.1219,-19.062042,10.3032,106.66872,-0.78572196,-19.79856,109.23569,-1.5377207,6.990484,72.86086,-15.525451,-20.797567,74.31946,-11.335988
1.1537372,190.91158,15.533693,4.36905,194.63304,17.123322,-2.1718845,194.93463,15.321136,12.009095,200.00404,11.365854,-3.7695272,201.2275,6.739971,22.744432,188.8346,-3.9522657,-13.33467,190.87265,-4.002387,31.391535,163.17421,-5.944265,-30.01866,169.90594,-6.0088964,25.49342,145.72795,9.363238,-18.275461,158.5149,12.592532,8.630196,141.30956,-19.484524,-14.4208555,143.43594,-18.849104,10.731904,106.98638,-2.7589426,-19.792873,110.98483,-0.42663565,7.376513,72.7409,-15.926513,-22.115952,76.1291,-10.686215
1.7107266,190.99902,14.816634,4.9333057,194.71367,16.38436,-1.6714671,194.98274,14.850202,12.6347475,200.40797,11.63981,-3.0005193,201.78236,6.509447,23.615955,189.98033,-4.1738577,-12.326216,191.75311,-4.294488,31.53256,164.1872,-4.5458493,-30.169783,171.79422,-7.8459435,22.832499,150.00679,12.756674,-21.119265,158.91634,11.480982,8.959944,142.4061,-19.541538,-14.027305,144.70564,-18.687878,11.669823,107.16929,-4.034987,-19.722101,112.9681,1.0075214,7.918007,72.67122,-15.919093,-23.77091,78.864,-10.401995
2.1307344,191.37895,14.259353,5.464872,194.9015,16.00559,-1.133596,195.45197,14.531996,13.2674675,200.82283,11.7022705,-2.133923,202.41637,6.0394716,24.563663,190.99046,-4.2480083,-11.410982,192.31816,-4.805793,31.450264,165.03178,-2.9536839,-29.999174,173.19876,-9.481312,20.325968,154.33865,15.533976,-23.83511,159.46869,10.316977,9.279666,143.3361,-19.530989,-13.56447,146.04091,-18.653364,12.608591,107.498825,-4.85153,-19.492289,115.40387,2.9572954,8.165223,72.870865,-15.917127,-25.686907,82.78277,-10.905122
2.6894097,191.71141,13.997802,5.932017,195.30446,15.780515,-0.642324,195.7311,14.160008,13.749221,201.31526,11.845549,-1.5290337,202.8156,5.8953166,25.275106,191.90083,-4.2867064,-10.410616,192.98079,-5.1923733,31.276268,165.71487,-1.4090792,-29.392685,174.89713,-11.613169,17.933256,159.78523,17.643044,-26.541582,160.61742,8.243801,9.723485,144.19597,-19.36347,-13.217768,147.40259,-18.00495,13.475707,107.92174,-5.9295278,-18.878714,118.26338,5.5471063,8.291503,73.02121,-15.544407,-27.733248,88.016914,-11.769458
3.0552163,192.24876,13.8116455,6.2736473,195.67162,15.933369,-0.2156111,196.31538,14.0596285,14.308111,201.76424,12.119363,-0.7629486,203.69539,5.9492373,25.874466,192.8476,-4.2961874,-9.571385,193.72295,-5.5953736,30.808897,166.63826,-0.26832208,-28.316675,175.59557,-13.051112,15.6113,164.49672,18.168,-28.819235,161.44,6.639399,9.846008,145.0419,-19.43533,-12.687354,148.63275,-17.354807,13.763029,108.501884,-6.795876,-18.15802,121.03693,7.774366,8.543241,73.243904,-14.798163,-29.552689,93.90085,-12.859836
3.402313,192.77141,13.777911,6.5474553,196.22781,15.963947,0.022689177,196.7399,14.190706,14.671785,202.28423,12.292754,-0.30243883,204.3257,5.9843416,26.436724,193.79768,-4.193483,-8.608476,194.83516,-6.076111,30.040558,167.51996,1.3076369,-26.987589,176.74802,-14.171046,13.588176,169.77698,18.73805,-30.467947,161.84653,4.7460666,10.070124,145.89052,-19.283699,-12.124133,149.95016,-16.742306,13.529155,108.92609,-7.7022038,-17.205578,123.75045,9.694399,8.597811,73.06834,-14.384403,-31.210627,100.457855,-14.142562
3.6251159,193.42584,13.842388,6.77776,196.93323,15.942914,0.24056333,197.39418,14.215239,15.02683,202.76312,12.547753,0.1317068,205.07895,6.0741405,26.77344,194.7007,-4.3426757,-7.628974,195.89171,-6.5094514,28.677896,168.82486,3.0731094,-25.431877,177.7187,-15.385845,11.935871,175.46477,19.186865,-31.44762,162.5271,2.4841537,9.944105,146.90654,-19.489079,-11.699203,151.61348,-16.103163,12.947682,109.58642,-8.662523,-15.999358,126.45936,11.51554,8.8198185,73.16731,-13.977805,-32.69376,107.31775,-14.411562
3.7276185,193.91794,13.727615,6.9630957,197.22588,16.013674,0.48054639,197.99022,14.193072,15.290955,203.10095,12.689258,0.5873926,205.65593,5.955736,27.049807,195.48372,-4.3009925,-7.0670743,196.91595,-6.8035946,27.563377,169.99635,4.637679,-24.17355,178.53752,-16.293964,11.231748,179.47078,19.58824,-32.684948,162.74081,0.1387884,9.808488,147.97829,-19.755167,-11.537127,153.14716,-15.75192,12.044096,110.15051,-9.778225,-14.614478,128.67249,12.977961,8.641466,73.02058,-13.869999,-33.311417,112.66238,-13.36816
3.924856,194.06065,13.709257,7.014729,197.31818,16.243532,0.5929455,198.05371,14.200936,15.407739,203.42451,12.766134,0.7883556,205.8895,5.966036,27.595898,196.06787,-4.684496,-6.4144683,197.83325,-6.8411164,26.43371,171.29771,5.8187118,-22.70312,179.07175,-17.441923,10.5743885,183.00542,19.66799,-33.23808,162.67708,-2.600001,9.559995,148.79774,-19.799128,-11.478015,154.15268,-15.146611,11.330881,110.48481,-10.664831,-13.2448435,130.28899,14.416324,8.535112,73.11102,-13.922458,-34.680084,118.58789,-11.6883545
4.050593,194.76552,14.398921,7.055419,198.33868,16.587679,0.5413997,198.62642,14.725488,15.66362,203.90341,12.871036,1.1151402,205.99109,5.7830195,27.972725,196.55942,-4.8483152,-5.8699503,198.48918,-6.973464,24.952774,172.31131,6.5558014,-21.398901,179.72627,-18.755472,10.061477,185.95836,19.616407,-33.511063,162.60364,-5.5185513,9.385622,148.91663,-19.414753,-11.29949,154.5252,-15.009509,10.981333,110.521255,-11.518367,-12.288201,131.44598,15.315883,8.292923,73.206856,-14.319379,-35.705418,121.11085,-9.496424
3.6615396,195.6789,15.195224,6.7989206,199.4242,16.840595,0.23522909,199.63364,15.1597805,15.732127,204.10983,13.112355,1.1925797,206.54549,6.158438,28.233242,196.78984,-5.040324,-5.472064,199.04929,-7.1942697,23.716446,173.04597,6.942593,-20.0141,180.17308,-19.86633,9.943286,188.4396,19.131239,-33.15545,162.5303,-8.465658,9.495101,149.21689,-18.558908,-10.924983,154.93045,-14.452065,10.913361,110.653046,-11.792788,-12.0157175,131.50235,15.960791,8.016349,73.45951,-14.968179,-36.35587,123.16313,-8.1624975
3.609125,196.47787,15.622031,6.9104676,200.12805,17.150957,0.45690337,200.61897,15.150179,16.097244,204.33679,13.717157,1.8597307,207.43498,6.4382935,28.584927,196.73854,-4.721028,-5.0858483,199.52547,-7.2345653,22.106174,173.40372,7.6045938,-18.981342,180.37685,-20.593187,10.019424,190.60667,18.997335,-32.653564,161.97983,-11.15663,9.617527,149.26578,-18.046062,-10.732243,154.65036,-13.460234,10.870582,110.67523,-11.977654,-13.417412,129.27052,15.816263,7.1484857,73.52237,-15.694474,-36.41018,119.67642,-7.6129756
3.6685667,197.048,15.621176,7.141357,200.58705,17.047632,0.7723608,201.36795,14.926295,16.20544,204.71501,14.032855,2.1868148,207.82191,6.2894177,28.75072,196.62027,-4.2801876,-4.9459567,199.77553,-7.592639,21.060211,173.78711,8.1327915,-18.702572,180.58014,-21.097704,9.726714,191.93524,18.6312,-31.991505,161.00172,-13.175303,9.484638,149.11061,-17.894768,-10.86969,154.74648,-13.376153,10.978309,110.50111,-11.932182,-14.692499,130.59651,16.594131,5.797867,73.43847,-16.454807,-34.570778,112.449036,-5.471756
3.6784983,197.55829,15.734537,6.9320545,201.15237,17.510012,0.8390984,201.8236,14.660765,16.436827,204.89235,14.34166,2.7630143,207.96957,5.960361,29.002943,196.23926,-4.0520997,-4.606396,199.65392,-7.607644,20.431067,173.85277,8.731787,-18.12996,180.7975,-21.770124,9.401815,192.50925,18.581322,-30.76143,160.80208,-14.68357,9.252556,148.43942,-18.160833,-10.997559,154.54639,-12.829114,11.105461,109.95987,-11.745983,-16.337992,130.98311,16.9783,4.939372,73.238464,-16.985165,-33.949368,109.308266,-4.664213
3.3949277,198.25098,15.540469,6.89303,201.63097,17.26779,0.8105598,202.70055,14.511134,16.506643,205.00244,14.240646,3.180763,208.26859,5.365928,29.164917,195.8479,-3.8914149,-4.062739,199.35353,-7.791158,20.220125,173.88672,9.424463,-17.422436,180.85567,-22.357492,8.887394,192.54597,19.159739,-29.936615,161.16348,-15.12705,9.282841,147.44156,-17.31059,-11.042832,153.76219,-12.337989,11.163063,109.318665,-11.422609,-17.684645,130.90144,17.47236,4.355804,73.120674,-17.20907,-33.7108,109.3073,-5.5351543
3.4387946,198.48087,15.241423,6.900778,201.86452,17.0347,0.83837986,202.91962,14.219495,16.673681,205.00682,13.878465,3.5255682,208.19829,4.7154,29.404184,195.07458,-3.9662323,-3.60796,199.02647,-8.082994,20.288788,173.75043,10.290414,-16.981825,181.05504,-23.064402,8.818974,192.10306,20.7171,-29.721905,161.89372,-14.538324,9.231394,146.89966,-16.933392,-11.264175,153.0262,-11.709953,10.986803,109.035446,-11.29034,-18.099913,130.56236,18.685581,4.175119,72.87525,-16.836546,-34.606686,116.0446,-8.360394
3.4111743,198.50877,14.858737,6.853635,202.00711,16.452095,0.7262741,202.84969,13.704096,16.603779,205.08302,13.441092,3.609296,207.93219,4.027104,29.320284,194.37834,-4.025143,-3.314776,198.81407,-8.580404,20.926031,173.13138,10.991653,-16.944813,181.43303,-23.94624,9.397051,190.72263,22.15311,-29.86255,163.05022,-14.432725,8.827617,146.6187,-16.448814,-11.63224,152.47736,-11.4226,11.135462,108.91391,-10.8603115,-18.737576,130.08012,19.333006,3.8605182,72.775345,-16.313286,-34.179165,117.75708,-8.93137
4.049451,198.22908,14.312814,7.5021796,201.71672,15.890487,1.3842546,202.5821,13.148417,17.096613,205.09479,12.845559,3.9411411,207.81909,3.6112125,29.240517,193.87708,-3.8977213,-3.2357805,198.64235,-8.864041,22.091917,173.08699,12.500627,-17.05175,181.72989,-24.405228,9.071259,190.4382,23.037867,-30.069626,163.91205,-14.115333,8.782291,146.65399,-15.209165,-12.092018,152.27126,-11.388545,11.257756,108.732185,-10.011669,-19.559225,129.81955,19.225027,3.557127,72.79064,-15.879126,-35.966106,124.29752,-10.801185
4.4533916,198.02542,13.888472,7.9838495,201.31984,15.696273,2.0272217,202.51141,12.690694,17.257135,205.31401,12.224465,3.8152788,207.79218,3.357391,29.0289,193.5794,-3.7093143,-3.2799566,198.54248,-9.18563,24.113834,173.1204,13.830798,-17.690687,182.51424,-24.94687,9.264265,189.41084,23.902004,-30.092278,165.04048,-13.439511,8.38928,146.02258,-14.834023,-12.704734,151.99176,-11.605221,11.412244,108.49404,-9.031162,-20.359335,129.32019,18.856035,3.0272782,72.67767,-15.5723,-36.645687,127.42901,-12.1221
4.7677746,198.0764,13.609763,8.060425,201.55905,15.518021,2.2028139,202.41824,12.220264,17.318352,205.65297,11.474961,3.2767603,207.9857,3.2934701,28.844648,193.3902,-3.3462431,-3.51246,198.44893,-9.100008,26.745396,172.93968,14.745755,-18.680027,183.36446,-25.185253,10.292565,187.30013,24.879726,-30.161846,166.15654,-12.548679,8.18217,145.88898,-14.603641,-13.300241,152.23976,-11.883532,11.293474,108.30083,-7.8043284,-21.561789,129.25447,18.051666,2.6807506,72.66055,-15.215101,-36.448765,128.95943,-14.106842
5.728748,198.45775,13.89859,8.937481,202.12193,15.602704,2.7703085,202.64024,12.852067,17.664547,206.70343,10.859071,2.9734912,208.21568,3.6628268,28.734783,193.2524,-3.0297568,-4.0032005,198.63507,-9.1749115,29.378813,172.94197,15.482566,-20.027315,184.4257,-25.17103,11.304939,185.2771,25.429842,-30.069792,167.17564,-11.337575,8.114945,145.7445,-14.213931,-13.804973,152.081,-12.349518,11.050118,108.17985,-6.815643,-23.547499,130.11452,16.622187,2.2521446,72.78161,-14.86168,-37.457542,129.60312,-17.455807
6.515802,199.70598,14.751923,9.699164,203.56851,16.053024,3.4066532,203.73045,13.526904,17.827793,207.8488,9.988603,2.4499319,208.62589,4.1844783,28.326614,193.59665,-2.8119514,-4.996005,198.69937,-9.154829,32.221508,173.36069,15.424079,-21.680956,185.22537,-25.283,12.476018,183.29918,24.857777,-29.896624,168.29002,-10.274612,7.8439307,145.83746,-14.106426,-14.034579,152.23341,-12.795534,10.243652,108.24634,-6.3284583,-24.773594,130.04347,15.45988,1.6974415,72.77426,-14.587843,-37.32675,125.99417,-18.90401
7.250688,201.2164,15.925677,10.384261,205.2911,16.38688,3.9138281,204.9407,14.377363,17.804075,208.9754,9.095614,1.8661189,209.02693,5.0758605,27.796572,194.12831,-2.6139538,-5.973039,199.51384,-9.142846,34.90335,174.18896,14.824446,-23.3569,186.7376,-25.144579,14.413932,181.56021,24.598806,-29.66313,169.60657,-9.472267,7.5618134,146.3888,-13.851133,-14.544405,152.64726,-13.281674,9.196853,108.39455,-6.155191,-25.776953,129.76617,13.900759,0.8924318,72.68628,-14.229587,-36.669502,121.544235,-20.294178
7.8788676,203.12206,16.923462,11.055633,207.17778,16.573027,4.426143,206.67891,15.256698,17.77606,210.21289,8.583498,1.5833589,209.97054,5.897926,27.054296,195.2642,-2.3828125,-6.804735,200.02122,-8.875203,36.960464,175.5509,13.626124,-24.793564,188.06932,-24.8522,16.163645,180.00848,24.435701,-29.581173,171.10997,-8.459044,7.237094,146.85915,-13.662608,-14.995367,152.93115,-13.558807,7.886589,108.60405,-6.2852364,-26.748907,128.64494,12.196893,0.2874083,72.814735,-13.983245,-35.385815,116.75774,-21.434172
8.292367,205.21051,17.642397,11.575673,209.08292,16.691507,4.844913,208.7612,15.941827,17.454983,211.73448,8.161458,1.0584368,211.46182,6.78713,26.561592,196.20099,-2.133107,-7.6146784,200.92934,-8.377738,38.391808,176.77406,12.686519,-25.647993,189.17438,-24.321184,17.5482,179.17458,24.078613,-29.67917,172.00885,-7.7580156,6.800002,147.49872,-13.632866,-15.388494,153.40094,-13.767608,6.9002814,108.847404,-6.490333,-27.260775,127.895905,10.648577,-0.11280545,72.789566,-13.694389,-33.72434,112.80535,-22.462786
8.501491,207.28346,18.293943,11.623608,211.14684,16.866684,4.8648252,210.66388,16.644642,17.144943,213.19173,7.914513,0.72857016,212.65909,7.4445205,25.883244,197.34482,-1.7427921,-8.43633,202.01308,-7.4187665,39.387264,178.15892,11.418764,-26.020138,190.20609,-23.826786,18.364662,177.51883,22.930267,-29.19118,172.7269,-7.491593,6.714689,148.24133,-13.3416605,-15.454393,153.85683,-13.727088,6.0887966,109.498634,-6.6667747,-27.419878,126.99477,9.011815,-0.66908264,72.88683,-13.321116,-32.11109,108.68912,-22.98857
8.491073,209.18213,18.937565,11.653174,212.98576,17.432377,4.8949804,212.58128,17.237288,16.734709,214.31772,7.864653,0.32560438,214.21368,8.155451,25.08286,198.63173,-1.6566322,-9.27357,203.1095,-6.311352,40.02467,179.34323,9.451879,-26.263498,191.02045,-23.137316,19.224072,176.22775,21.023533,-28.919895,173.03838,-7.09215,6.610494,148.87485,-13.058593,-15.550987,154.09537,-13.450028,5.292092,109.94095,-7.029848,-27.166216,125.99774,7.646565,-0.79687685,73.12162,-12.95952,-30.362684,105.06841,-23.05387
8.294882,210.94054,19.530884,11.54034,214.64445,17.967108,4.779174,214.30672,17.611006,16.399305,215.40353,8.08479,-0.052856993,215.44948,8.650369,24.414944,199.83067,-1.4719388,-9.867781,204.01796,-5.243435,39.978504,180.09077,7.143221,-26.45239,191.29076,-22.013384,20.23584,175.16843,19.799257,-28.667673,172.8495,-6.390559,6.6139035,149.44028,-12.821492,-15.713776,154.33096,-13.158217,4.792644,110.36803,-7.2747955,-27.108137,124.64258,5.940705,-0.68492144,73.37936,-12.899448,-28.502003,101.73612,-23.45407
8.035848,212.50458,20.02421,11.259036,216.0856,18.144863,4.4870105,215.8398,18.099535,16.115677,216.01581,8.223625,-0.35189536,216.41107,8.9924345,23.85839,200.87541,-1.4001756,-10.42904,204.47275,-4.297585,39.50029,180.4076,4.958813,-26.632229,190.88753,-20.726013,20.946367,173.8725,18.689838,-28.42023,172.13159,-5.810366,6.552986,150.056,-12.647454,-15.840346,154.33917,-12.914029,4.5293655,110.88857,-7.4526005,-26.846788,123.33592,4.437385,-0.268372,73.72507,-12.70076,-26.496069,99.023705,-23.62172
7.680987,213.5983,20.454737,10.97483,216.9994,18.384699,4.1955566,216.89062,18.355764,15.921691,216.6872,8.632078,-0.5548936,217.10948,9.154523,23.260681,201.45909,-1.1192746,-10.974842,205.04294,-3.516932,38.60948,180.29996,2.9434547,-26.52936,190.33263,-19.742262,21.10799,172.38733,17.529222,-28.273314,170.9772,-5.481705,6.6930013,150.4621,-12.312033,-16.115286,154.34807,-12.3139,4.5116367,111.471146,-7.509473,-26.49063,121.92334,3.2520812,0.41789454,74.144905,-12.845474,-24.435427,96.84919,-23.865505
7.2508755,214.12077,20.730728,10.6546545,217.43364,18.679811,3.8779268,217.5361,18.645763,15.666406,217.00351,8.987695,-0.8027154,217.57137,9.273895,22.653936,201.8544,-0.83616817,-11.528037,205.23982,-2.9117956,37.44356,179.96806,0.7981736,-26.490602,189.60054,-18.701422,21.708761,170.62111,16.103186,-28.313206,169.6663,-5.3803835,6.434913,150.36307,-12.030558,-16.297094,153.95453,-11.538007,4.6649647,111.53058,-6.800783,-25.90993,120.5741,2.3389184,1.5659536,74.20538,-13.238991,-22.58037,94.713684,-24.120062
7.029849,214.24442,20.987103,10.502723,217.4851,18.940434,3.7329166,217.80017,19.007864,15.535868,216.94463,9.272713,-0.93598455,217.61687,9.474665,22.28213,201.52809,-0.7233585,-12.03112,204.94984,-2.4007037,35.771976,178.8662,-0.912906,-26.762203,188.98686,-18.076511,21.697718,168.53523,15.239439,-28.362755,168.11462,-5.611006,6.341165,150.22139,-11.390553,-16.098738,153.47485,-11.11813,4.6446304,111.466866,-6.0540013,-25.422844,119.29965,1.4722497,2.7986236,74.43777,-13.713014,-20.723951,93.09617,-24.394285
6.790996,213.88464,20.999968,10.262709,217.17235,19.030691,3.4947145,217.44945,19.038694,15.24389,216.632,9.254192,-1.2107782,217.47705,9.58349,22.215874,200.93774,-0.8222359,-12.548071,204.43048,-2.0034099,34.232105,177.14142,-2.0557494,-27.095623,187.45354,-16.806252,21.41659,166.21783,14.730422,-28.277607,165.99011,-5.610406,6.2555184,149.69536,-10.741753,-16.086279,152.3483,-10.637885,4.9978604,111.12016,-5.3254313,-24.7631,117.48239,0.811884,4.09857,74.55584,-14.225877,-19.027367,91.69902,-25.220343
6.523485,213.24193,21.013285,10.025408,216.47125,19.00041,3.2599728,216.86891,19.110294,15.002347,215.99017,9.31024,-1.4681528,216.9068,9.608339,22.053959,199.81567,-1.0580833,-13.022943,203.4879,-1.6790619,32.597443,175.04532,-2.9292212,-27.086788,185.93506,-16.180897,20.751186,163.78094,14.739859,-28.472998,163.8669,-5.7986484,6.2758045,148.6613,-10.236709,-16.115162,151.06154,-10.206879,5.3648562,110.592674,-4.1561484,-23.861736,115.91936,0.23347458,5.6679883,74.74715,-14.856653,-17.494673,90.30875,-25.9136
6.360992,212.66609,21.16232,9.90596,215.80511,19.092552,3.134615,216.1998,19.037968,14.748884,215.15848,9.336034,-1.7440572,215.95328,9.719157,21.961433,198.3591,-1.4025943,-13.4783745,202.32181,-1.6254442,31.122534,172.72658,-3.4072664,-27.33456,183.6689,-15.1463175,20.223001,160.77666,14.455662,-28.486074,161.28525,-6.1606517,6.3824806,147.4506,-9.633312,-16.323519,149.50923,-9.858758,5.731177,109.79654,-3.2751813,-22.959276,114.11536,-0.25718236,6.945833,74.441635,-15.190222,-16.191048,88.88289,-26.846764
6.223999,211.57693,21.241827,9.689174,214.77325,19.111635,2.9200664,215.10123,19.220623,14.518256,213.97845,9.366054,-1.991915,214.76096,9.851514,21.695513,196.53502,-1.7905958,-13.77013,200.82271,-1.5851679,29.720203,170.57083,-4.1235394,-27.560892,181.40388,-14.271094,20.061684,157.79842,14.116287,-28.542793,158.55365,-6.1083817,6.31629,146.11418,-9.317743,-16.165901,147.85216,-9.665688,6.1905923,108.691246,-2.5093894,-22.620703,112.27417,-0.69908005,8.00073,73.935875,-15.239798,-14.684172,87.747665,-27.597462
6.008129,210.29686,21.34812,9.527124,213.46452,19.26672,2.7682364,213.88585,19.32402,14.243309,212.36995,9.342819,-2.2537973,213.4217,9.989166,21.530197,194.40475,-2.2827284,-14.278891,199.14058,-1.6181909,28.818518,167.97894,-4.564253,-27.779158,178.87361,-13.2623,19.951653,154.64189,13.732615,-28.696241,155.86249,-5.7102084,6.451756,144.75856,-9.020791,-16.102144,146.33731,-9.374718,6.54586,107.68903,-1.8250924,-21.928724,110.53668,-1.3935401,8.512172,73.289116,-15.246825,-13.317998,86.87994,-28.704815
5.833115,209.0042,21.538712,9.342523,212.19252,19.46524,2.5751753,212.5677,19.504148,14.002874,210.92767,9.528018,-2.5181618,211.98598,10.206531,21.085321,192.4426,-2.5868955,-14.767725,197.28395,-1.2372773,27.862759,165.90723,-4.9090014,-27.937565,176.8441,-12.969349,20.506187,151.43921,13.180918,-28.710403,153.73563,-5.411055,6.578835,143.16188,-8.649771,-16.000233,144.58908,-9.280314,6.5742188,106.58177,-1.2672284,-21.014591,108.8499,-2.2882552,8.395359,72.81227,-15.09676,-11.80769,86.04932,-29.72766
5.686853,207.48392,21.692501,9.1138525,210.76753,19.639322,2.3393173,210.97585,19.693256,13.742235,209.75331,9.643043,-2.730117,210.59732,10.43278,20.410475,190.70827,-2.8481438,-15.028217,195.70792,-0.99333453,26.919638,164.0296,-5.3174515,-28.183182,175.27911,-12.678245,21.116888,148.46643,12.334114,-28.859564,151.94115,-4.9655733,6.844797,141.80579,-8.652649,-15.768469,143.19739,-9.368739,6.517799,105.66075,-0.29215896,-19.994146,107.43944,-2.8816009,8.320196,72.495705,-14.694277,-10.448357,85.24795,-30.742846
5.410586,206.03503,21.816969,8.973155,209.23357,19.854021,2.2152932,209.71474,19.891228,13.509861,208.48979,9.837399,-3.0010018,209.25954,10.594328,19.856571,189.73584,-2.5692823,-15.24431,194.54265,-0.4184611,25.796219,162.84796,-5.766463,-28.391445,173.7959,-11.717929,21.658136,145.44307,10.693431,-29.122238,150.12376,-4.1244226,7.097868,141.03271,-9.005823,-15.378508,142.24782,-9.926565,6.236056,105.201195,0.6008161,-18.72366,106.35621,-3.485684,8.130777,72.492516,-14.33839,-9.023361,84.7486,-31.935171
5.304172,204.69824,22.30493,8.902809,207.80573,20.269634,2.164463,208.47879,20.490412,13.351738,207.26901,10.294907,-3.1334093,208.03082,11.112764,19.105017,189.06421,-2.0990806,-15.644791,193.42068,0.12776437,24.549644,162.04323,-6.2193184,-28.612226,172.58784,-11.089242,21.703629,142.58601,8.495718,-29.099648,149.04959,-3.879103,7.147759,140.60307,-9.7166195,-15.052633,141.69186,-10.528199,6.3331833,105.010704,1.1773303,-17.443102,105.524536,-4.062417,8.096229,72.110794,-13.861417,-7.6728334,84.5139,-32.818066
5.343813,203.1639,23.071396,8.914389,206.26236,20.97445,2.1715224,206.92691,21.279608,13.069472,206.3904,10.995825,-3.4283855,206.73387,12.222768,18.471308,188.66008,-1.7761638,-16.017227,192.55412,1.2651718,23.253824,161.76619,-7.3752265,-28.86381,171.38373,-9.932738,22.125141,140.91716,4.99996,-29.285748,147.76909,-2.688541,7.22161,140.28372,-10.878135,-14.941732,141.2534,-11.214547,6.3103766,104.76801,1.4114784,-15.991093,104.77877,-4.801678,7.8122168,71.854996,-13.599035,-6.165677,84.22096,-33.95459
5.3762884,201.64073,24.060839,8.898273,204.87068,22.098164,2.1363897,205.37666,22.336395,12.598266,205.15346,11.80957,-3.858782,205.61282,13.78423,17.893686,188.3653,-1.5222915,-16.483257,191.5375,2.616998,22.012571,161.69331,-8.512616,-29.134367,170.11327,-8.539032,21.612766,139.27144,1.1596148,-29.556622,146.2884,-1.7284561,7.588061,140.02386,-12.082621,-14.522833,140.85031,-11.996534,6.641404,104.77445,1.2906617,-14.347914,104.32071,-5.8408113,8.016112,71.80357,-13.762308,-4.8700457,83.52491,-35.171803
5.208455,199.51608,25.088245,8.841014,202.83157,23.49381,2.1030047,203.524,23.772165,12.232837,203.73865,12.948688,-4.1662087,204.28888,15.260656,17.41447,188.34612,-1.3003268,-17.133532,190.38687,4.1542335,20.94468,162.3227,-10.156019,-29.419167,168.45724,-6.4185853,20.71626,138.97435,-3.3027337,-29.51927,144.66106,0.0072348113,8.012064,140.17319,-13.566419,-13.8679495,140.71992,-12.880896,7.136777,105.03679,0.49956912,-12.810709,104.20533,-7.1328373,8.04034,71.792,-13.830543,-3.7330666,82.96262,-36.636242
4.8781433,197.1119,26.47059,8.565096,200.46176,25.09497,1.837871,201.24255,25.396784,11.687661,202.47656,14.683699,-4.6940584,202.58755,17.206688,16.847307,188.23482,-1.075002,-17.571646,189.36554,5.843977,20.016052,162.91122,-11.891523,-29.432974,166.96933,-4.556372,20.052513,138.78485,-8.380073,-29.478493,143.03575,1.6079267,8.288554,140.6555,-15.248961,-13.288498,140.94438,-13.737109,7.7849493,105.65079,-0.9551785,-11.290495,104.31634,-8.796423,8.459106,71.98279,-13.928003,-2.66109,82.03724,-37.73599
4.439958,194.38725,27.891878,8.090495,197.8309,26.676435,1.3733115,198.58704,27.268423,11.029029,200.92984,16.546745,-5.3083367,200.90794,19.55014,16.358227,188.09116,-0.62601835,-17.707918,187.86443,7.481405,18.933302,163.72952,-13.661734,-29.511093,165.21608,-2.3902347,19.604918,139.28322,-14.140487,-29.307907,141.12828,3.508064,8.644979,141.21906,-16.808556,-12.548322,141.13503,-14.978343,8.665485,106.20938,-2.7902002,-9.826397,104.615425,-10.42651,8.853305,72.047844,-14.2089405,-1.7830364,81.565956,-38.892067
3.9265873,191.15068,29.308968,7.488925,194.7384,28.23893,0.8290702,195.37625,29.330406,10.296908,199.08044,18.775616,-5.9745755,198.49295,21.880722,15.760782,187.932,-0.16048941,-18.148653,186.23941,9.017903,18.19714,165.33212,-15.80095,-29.297792,162.91022,0.018504452,19.175253,141.25873,-19.629768,-29.080498,138.52309,5.5424786,9.25457,141.79683,-18.374166,-11.760455,141.3858,-16.409079,9.767049,106.61695,-4.8626976,-8.343874,104.89026,-12.12851,9.204003,72.02922,-14.568496,-1.2944386,81.285736,-40.179375
3.1477253,187.43178,30.534578,6.8341813,191.0083,29.918602,0.13909796,191.72813,30.494896,9.497698,196.67198,21.092089,-6.734033,195.76953,24.249586,15.06435,187.5167,0.7535621,-18.500317,183.83664,10.705828,17.456839,167.1177,-17.57442,-29.06029,159.88889,2.5157738,19.054657,144.13757,-24.854277,-28.72081,135.26071,7.714194,9.78584,142.55919,-20.081554,-11.215385,141.70164,-17.926456,10.596388,107.09783,-7.338772,-6.8240085,105.08792,-14.196162,9.844383,72.02617,-14.546971,-0.36631712,80.12951,-41.460495
2.329281,183.19464,31.689898,6.130371,186.6984,31.614105,-0.5789249,187.55579,31.660894,8.721761,193.42683,23.355915,-7.50768,192.20229,26.389359,13.991839,187.06589,1.9292178,-18.882328,180.52455,12.300069,16.89232,169.49498,-18.839245,-28.597095,156.20166,4.567968,19.355112,147.82855,-29.556953,-28.256903,131.48946,10.10519,10.250325,143.54843,-22.226858,-10.650175,142.05008,-19.68492,11.29978,107.73535,-9.938752,-5.4034505,105.25326,-16.33537,10.6624775,72.18952,-14.418552,0.2432911,78.84257,-42.611965
1.7212822,178.40941,32.29922,5.569062,181.8363,32.74182,-1.1172174,182.80934,32.503407,7.991064,189.6512,25.426298,-8.222286,188.01419,28.337778,12.944188,186.01541,3.3732283,-19.412252,176.56845,13.701602,16.578344,171.54839,-19.505903,-28.319942,151.75592,6.5119886,19.893526,151.87405,-33.25864,-27.819784,127.01354,12.352127,10.57199,144.59831,-24.205618,-10.184869,142.1102,-21.504843,11.808036,108.31136,-12.527173,-4.298824,105.18039,-18.332186,11.572794,72.61091,-14.250603,0.72488964,77.806046,-43.662506
1.2759781,173.28392,32.67585,4.9782653,176.78099,33.56785,-1.7338618,177.53093,33.251076,7.881263,184.9921,26.99446,-8.427056,183.45764,29.783922,11.612405,184.4177,4.6926427,-19.827673,172.42801,14.983634,16.53806,173.11137,-19.801702,-27.865862,147.29059,8.591177,20.833553,155.63353,-35.75685,-27.942753,122.36269,13.857959,10.549128,145.77856,-25.538084,-10.175966,142.42459,-23.233786,12.328048,108.93531,-14.833805,-3.599484,105.330696,-20.199102,12.670748,73.15304,-14.563048,0.9052093,77.02934,-44.47219
0.8623562,167.71417,32.807087,4.5016556,171.14,34.132484,-2.2243083,171.80556,33.85689,7.393873,180.05632,28.61949,-8.83382,178.23512,31.403488,10.442469,182.78326,6.199368,-19.89261,167.9796,15.9783535,17.048506,174.73357,-19.156994,-27.32664,142.49068,10.771575,21.121944,161.5923,-38.997505,-27.89441,117.58042,15.781234,10.42102,146.85553,-27.207762,-10.161509,142.8571,-24.918968,12.7577095,109.53014,-16.615726,-3.2920785,105.41623,-21.907282,14.03101,73.7913,-15.378227,1.0448304,76.48676,-45.3675
0.5490454,162.50671,32.618572,4.145979,165.89679,34.139427,-2.6071486,166.27019,34.4131,6.6919785,175.4083,29.526777,-9.366819,172.90686,32.51626,8.80299,180.14319,7.710357,-19.745075,163.24564,16.692225,17.516296,177.03618,-17.898825,-26.841806,137.27715,12.584672,22.004622,168.16264,-39.95068,-28.08732,112.53372,17.1281,9.948576,147.01456,-28.397968,-10.296285,142.32703,-26.07139,13.463532,109.78113,-18.212904,-3.0615366,105.07046,-23.713797,15.69917,74.21672,-16.893774,1.1838022,75.625946,-46.19015
-0.12950347,157.78392,33.22451,3.4781332,161.3142,34.346115,-3.2266023,161.37346,35.43377,6.056871,170.80836,30.282747,-9.951012,168.14497,33.26146,7.130199,177.51794,8.946688,-19.008804,158.52106,17.517054,15.749549,179.95154,-16.561636,-26.344625,132.80348,13.91239,23.151852,175.77254,-39.32571,-28.03366,107.97942,18.02671,9.485184,147.33261,-29.47137,-10.115828,142.11293,-27.101748,14.711507,109.8643,-20.091343,-2.6424294,104.390045,-25.59512,17.968645,74.417595,-19.705341,1.7205275,74.31931,-47.09917
-0.7081035,153.32414,33.19982,2.8389025,156.9775,34.082554,-3.715796,156.71236,35.8217,5.307718,166.49248,30.837368,-10.663844,163.52849,33.734825,5.814657,174.79147,10.26295,-18.773647,154.5441,17.61641,15.220334,181.34082,-14.105038,-26.053167,128.57062,14.976434,24.4073,181.69685,-36.392475,-28.124565,103.74087,19.030678,8.988553,147.01913,-30.653994,-10.23367,141.41933,-27.642069,15.912587,109.61098,-22.518257,-2.360421,103.71678,-27.024355,20.274698,74.65582,-23.394474,1.8684655,73.48709,-47.83208
-1.2091141,149.00374,33.300938,2.0184538,152.94522,34.198776,-4.3280277,151.86594,36.38387,4.4396434,162.32112,31.211086,-11.473187,158.89746,33.591305,5.041807,172.92516,11.585987,-18.195961,150.62233,18.128504,16.24652,182.75665,-10.974911,-25.79152,124.53049,16.007425,25.602917,185.68292,-32.72019,-28.452639,99.440674,19.80124,8.147714,147.57826,-31.301926,-10.518698,141.15268,-27.867083,16.607433,109.63584,-25.902813,-2.440617,103.40308,-28.10059,22.456112,74.84328,-29.242935,1.8491651,72.726265,-48.09869
-1.5211574,145.12447,32.842815,1.735962,148.9355,34.11012,-4.409824,147.41183,36.553047,3.697406,158.83997,31.927185,-12.159256,154.63719,33.410675,4.2633643,171.05966,13.014899,-17.856606,146.8921,18.067392,15.640502,183.9499,-7.7439303,-25.601212,120.62524,16.953825,26.462645,192.04095,-27.423199,-28.801823,95.31869,20.501247,7.5413213,148.26752,-31.802927,-10.746566,141.29489,-27.754618,17.576336,110.40313,-30.209528,-2.4730194,103.629486,-28.295746,24.625916,76.20438,-36.735058,2.0260108,72.64195,-47.416203
-2.0582347,141.33731,32.521835,1.2917957,145.02835,33.88623,-4.7858315,143.45393,36.45306,3.0679674,155.12898,32.20032,-12.750799,150.79555,33.153297,2.787677,168.77289,14.640015,-17.755991,143.17175,17.950052,14.480806,184.56625,-3.644064,-25.188982,116.52069,17.240566,27.094913,196.33699,-20.407732,-28.952477,91.5032,20.809385,6.585115,149.20496,-32.584633,-10.44738,141.09631,-27.312035,18.96298,111.76011,-35.486782,-1.91099,103.61892,-27.959932,26.269417,77.98101,-44.827526,3.3100142,73.02584,-46.63206
-2.8082678,137.9128,32.44597,0.56319034,141.47055,34.099754,-5.5339565,139.72212,36.522762,2.4567108,151.67468,32.546444,-13.462652,147.53491,33.210926,1.6097842,166.45416,16.308199,-17.578203,139.9073,17.964737,13.668546,185.0622,1.0797771,-24.709034,113.12927,17.401802,27.71232,199.49324,-12.070897,-28.852549,87.97614,20.973013,6.230725,150.0411,-33.44191,-9.702981,140.59088,-26.97877,20.352345,113.875824,-41.509033,-1.1861902,103.811554,-27.404428,28.031834,80.93541,-54.288746,3.2083795,73.436356,-46.859604
-3.1987767,134.69757,32.03589,-0.19469193,138.44948,33.94293,-6.069147,135.9014,36.226543,1.6593909,148.63054,32.663597,-14.0665655,143.92563,33.34789,0.63089937,163.99042,17.888731,-16.998838,136.87279,17.81245,12.741812,185.04074,6.631274,-24.130983,110.19664,17.202957,28.492485,200.52975,-2.9692204,-28.37184,85.02512,21.148518,5.614327,151.01071,-33.63421,-9.105694,140.86992,-26.799711,20.773836,117.46893,-47.26976,-0.29421306,103.74951,-26.73388,29.324005,86.47738,-64.446396,3.1939936,73.59612,-47.0476
-3.486467,132.11017,32.712357,-0.4568305,135.94862,34.389614,-5.9772754,133.13925,37.181282,1.0095226,146.16563,32.56428,-14.657727,141.15843,33.262806,-0.13080554,161.88815,19.225605,-16.353264,133.72696,17.67103,11.215575,184.6849,11.900863,-23.341824,107.297424,17.090176,29.0796,199.62157,6.4349294,-27.957651,82.10188,20.793911,5.4480987,151.60559,-33.815525,-8.219039,141.18643,-27.163385,21.103722,121.60051,-52.481247,-0.061852712,103.40098,-26.933031,29.503405,94.07507,-75.198494,3.2828124,73.23421,-47.63517
-3.7108746,129.46396,32.91199,-0.43963027,133.08923,34.59719,-6.0821066,130.61406,37.42502,0.80425066,143.58449,32.634968,-14.8407545,138.63145,33.146694,-0.43676856,159.8009,20.348019,-15.967795,131.57011,17.616144,10.151094,184.23145,17.05539,-22.462946,104.76757,16.725714,29.528978,198.02583,16.034119,-26.968035,79.4296,20.076149,5.790819,151.89442,-33.679596,-6.9126415,141.56534,-27.315098,20.919977,125.96997,-57.184723,0.27192274,103.31191,-27.683485,26.993933,102.432976,-84.96136,3.3605797,72.69391,-47.747135
-2.959901,127.29351,33.47236,-0.07179329,131.32329,34.905937,-5.4808927,128.49461,37.885242,1.3711945,141.44226,32.560356,-14.202774,136.2394,32.724674,-0.57225394,157.80247,21.189709,-14.718172,129.6123,17.137533,10.013897,182.15305,21.591612,-20.893158,102.91739,16.182236,29.90924,194.50633,25.895573,-24.29023,77.72471,19.361681,6.1498117,152.79587,-33.04435,-5.153061,141.9143,-28.077923,20.102692,129.91763,-61.06013,0.015311423,103.23817,-28.718245,20.855364,108.63037,-92.970024,-0.075275026,73.43878,-49.036243
-1.7586131,124.851944,33.571617,0.87384355,129.04927,35.025772,-4.5062585,126.04226,37.85637,2.3997846,139.09637,32.54808,-13.007527,133.56192,32.016624,0.039424147,156.62042,22.545553,-13.005466,127.64112,16.458569,10.964935,180.26959,26.362404,-19.072786,100.61706,15.444916,30.467718,190.92868,35.2745,-23.069143,74.789894,17.63889,6.09411,152.82364,-34.153122,-2.393146,143.03043,-29.454853,16.747976,127.65768,-63.32494,-2.3870702,104.03341,-30.13797,17.32075,109.71901,-97.31712,-5.708529,73.132,-50.355293
-1.6666502,123.06962,32.94077,0.82465535,127.240204,34.773056,-4.4965806,123.80037,37.261,2.7748103,137.13303,32.5999,-12.7832365,132.14986,31.413372,0.7693433,155.12357,23.958754,-12.556768,126.55978,16.126726,12.141324,177.48114,30.864027,-17.704979,99.36981,14.652682,30.603739,185.52802,43.846237,-21.509571,73.38836,16.417791,7.0998416,153.12477,-33.58672,-0.43617055,144.13638,-29.543324,12.4917755,130.6862,-66.84136,-1.7241235,104.78185,-32.15646,14.450103,113.93536,-101.161995,-8.27751,73.82076,-51.564465
-2.441509,120.90027,32.275177,0.010215768,125.09318,34.05124,-5.387871,121.808266,36.495544,2.5974953,134.81392,32.098194,-12.995616,130.38089,30.259497,0.26748857,152.3124,24.720161,-12.800474,125.28663,14.633121,11.560249,174.26001,34.168182,-16.644468,97.89913,13.010625,28.81319,178.13347,50.72426,-19.728073,72.450134,15.484324,7.7473345,154.59818,-32.846592,0.6434529,145.32452,-29.76141,10.660717,131.59409,-66.9238,3.069305,106.387856,-35.14069,12.700229,115.15696,-101.22597,-8.071668,74.29652,-52.021862
-3.3561904,118.93027,31.273624,-0.31810278,122.518745,33.43992,-6.072385,119.726425,35.666824,2.3032892,132.62767,31.391937,-13.365667,128.93915,28.573338,0.68114245,149.65712,24.859728,-11.931791,124.085556,13.575515,11.627858,170.4773,37.312614,-15.97062,96.87281,11.349464,26.38737,168.89551,56.498844,-19.563274,71.17982,13.539285,9.028855,156.93272,-32.98353,1.3291712,145.69397,-30.492445,10.187107,134.41031,-67.010666,3.4489133,106.54751,-37.05194,10.699596,111.52629,-96.764145,-5.115269,73.893616,-53.178364
-4.429647,117.0261,29.205637,-0.79390883,120.072716,31.276651,-6.6427608,117.8778,33.870064,1.3064729,130.5919,30.087847,-14.263182,127.14163,26.320652,1.5421699,147.34303,25.677713,-11.95623,124.111115,11.848753,12.172351,167.20872,40.00967,-14.818879,97.496414,9.966587,23.13725,158.27068,59.654366,-17.86419,71.98744,12.270827,9.192264,157.56412,-32.462322,1.5193465,145.96484,-30.790869,9.260189,135.67819,-67.47598,5.789076,107.5611,-40.02489,5.129188,101.613464,-85.40096,1.7204888,73.28586,-54.033745
-4.3414288,115.27846,27.542225,-1.0969359,118.343605,30.167974,-7.254041,116.06498,31.807693,0.39980945,129.0798,29.240156,-14.66221,124.93161,24.385508,1.2544001,144.56905,26.476515,-12.584338,123.98139,9.756667,11.379638,164.37474,41.633923,-13.630774,97.47306,9.033001,20.147593,150.04913,59.513252,-17.496006,72.018585,10.966179,8.062344,157.14682,-32.744114,1.7106916,148.2085,-31.751345,10.918012,132.50406,-64.59471,6.388462,109.37162,-42.012646,5.108754,92.79747,-74.59719,5.6960325,74.24198,-54.823093
-3.883736,113.880714,26.172073,-0.78596413,116.42792,29.437853,-7.1839523,114.34195,30.19385,0.3195336,127.8738,28.927338,-14.259794,123.39728,22.881432,1.0236657,143.76085,27.606047,-12.282618,124.18622,7.9635353,10.755969,163.75706,42.320812,-11.21346,98.00838,11.06426,14.208702,145.11671,57.335728,-15.603877,72.91648,10.083634,6.664147,157.8977,-32.711765,2.3432996,150.23355,-32.28387,7.8222027,126.84224,-60.704758,8.448355,111.42749,-42.660698,3.4953911,87.57367,-70.13484,10.132136,76.53197,-55.490623
-4.1377487,112.41051,25.324024,-1.3331801,114.69696,29.00342,-8.01497,113.539635,28.625628,0.4612284,126.302505,27.771677,-14.288147,122.141235,21.921658,0.28144446,141.73453,28.118374,-12.091644,125.34425,6.6712,11.084654,160.21191,43.474392,-5.144532,101.52845,14.704738,10.28923,140.1802,56.177967,-11.1293745,78.82517,11.878076,4.859328,156.80838,-31.665062,2.4449992,152.53381,-33.14822,3.5155807,121.36959,-54.30577,9.298975,114.61526,-46.305428,0.93144655,85.686806,-69.2004,12.97271,79.82859,-59.046272
-4.6475525,111.24781,25.033897,-1.9366156,113.743065,28.660065,-8.557436,112.26108,28.35329,0.52164567,124.93598,27.29259,-14.625082,121.120705,22.095304,1.226899,139.46976,27.977236,-12.464143,123.67584,6.9702196,14.250307,154.75174,45.541042,-6.76731,99.221634,15.223817,10.697684,133.2215,56.332478,-11.573774,75.573044,12.918023,5.630135,157.07538,-29.590458,3.166139,154.14113,-32.763325,3.4235537,121.51546,-51.562958,10.021391,116.773544,-47.372932,-1.5331177,88.59173,-69.945816,13.167276,83.87437,-65.162476
-4.9299326,110.037346,25.675283,-1.6891742,112.183044,29.069586,-8.381836,111.11478,29.44322,0.7632386,123.643585,27.138071,-14.639565,120.22109,22.554926,2.2044542,137.92332,28.180864,-12.56222,122.540565,7.5346394,19.093796,146.63481,46.96808,-10.928872,96.620476,14.762976,11.8815,125.079796,54.792862,-14.157303,72.37537,12.1474285,5.9588885,158.35097,-26.161366,2.9793167,153.98143,-31.980736,6.585801,124.66611,-50.421738,10.65681,116.92872,-46.743553,-5.0971236,97.06512,-72.16433,12.262221,88.79642,-70.79621
-5.049817,108.816284,26.805128,-2.0906196,111.310646,30.218357,-8.84982,110.55892,29.93078,1.0223708,122.34223,27.041832,-14.652327,119.03572,23.415173,2.9830282,137.03728,28.385963,-13.126007,122.12481,8.047965,19.684881,142.99437,47.316628,-14.001492,95.82684,14.544266,14.266588,118.7844,51.00445,-16.555103,70.958664,15.808609,5.102877,159.19472,-24.79212,2.5596128,155.64604,-31.249903,11.168478,128.39462,-49.68978,12.463392,118.74082,-45.851376,-6.57851,109.056816,-75.20613,11.652466,98.002846,-75.72984
-5.4682217,107.83444,26.628132,-2.2374563,110.4045,29.714117,-9.041074,110.10926,29.67887,1.0755888,121.12617,26.806107,-14.811251,118.44458,23.704958,3.0988212,134.05927,29.002275,-13.438196,121.9519,7.878084,21.07879,137.47156,47.669018,-15.71289,96.543755,16.046072,15.475057,113.59727,47.134426,-16.634655,72.132195,18.491993,5.2838893,160.69995,-23.611628,2.1674576,155.99922,-30.710056,14.893624,132.04297,-49.329365,15.122277,120.69091,-45.16449,-8.445941,133.75606,-74.79536,7.5941787,112.83796,-79.14316
-6.1365633,107.00977,26.032806,-2.7725444,109.62986,28.923925,-9.583081,109.525444,29.037262,0.35716003,120.2731,27.101936,-15.522852,117.67072,23.684988,5.6445503,132.45465,29.106565,-13.772863,121.16778,8.065831,23.75801,127.01146,47.863804,-16.734648,95.35295,13.86681,18.401203,104.00431,46.556503,-18.430445,70.965065,15.473716,4.571735,162.15372,-21.82855,1.0900303,157.44186,-30.589502,15.216986,142.72064,-52.676857,17.831226,123.82753,-45.072685,-8.699496,167.04826,-67.52633,4.781592,130.37141,-78.020226
-5.6074424,106.10781,25.862944,-2.3572552,108.54834,29.057562,-9.15141,108.44395,28.911577,0.23823643,119.39201,28.412014,-15.058561,116.79024,23.181124,8.0247555,131.50743,28.578184,-13.6233015,120.075035,7.7094073,25.229797,121.064926,46.24777,-17.006882,94.05504,12.661187,19.046324,97.9925,45.589294,-19.948225,69.5087,15.225254,4.097476,162.66347,-20.66701,0.2141279,157.59135,-28.839657,14.825693,151.00606,-54.95017,17.879997,127.58607,-47.56633,-8.116443,181.49701,-64.65919,1.3131114,145.32312,-74.75397
-5.984621,105.59441,25.390919,-2.0398102,107.965904,27.816933,-8.59194,107.14784,29.673092,-0.472233,118.84047,28.600262,-15.681362,116.09265,23.014202,6.9502296,130.37279,28.021942,-14.949544,119.94542,8.3141775,25.6654,117.59269,42.575356,-17.723402,93.754234,12.190028,24.927778,94.06882,41.385185,-21.133343,69.34583,15.336789,2.0707195,162.87169,-19.991968,-1.7077132,157.82436,-27.851938,14.737459,157.83105,-56.06444,17.821909,130.45415,-49.24905,-7.037496,188.112,-62.364384,3.14797,158.03047,-66.797104
-5.582072,105.30823,24.11536,-1.3805889,107.83468,26.47123,-7.582523,105.21223,29.05166,-0.6498164,118.6148,27.658035,-15.913757,115.34944,22.534014,7.510356,129.22731,25.86296,-15.770068,120.11688,8.690415,25.553297,114.00763,38.78288,-17.623337,93.648415,11.723704,27.699053,90.67101,38.26921,-21.712742,69.74284,16.535654,2.5753365,162.98235,-20.824251,-3.8772714,158.09695,-27.092731,15.122005,170.10158,-56.54763,14.727019,138.0362,-54.641693,-8.616587,198.52544,-50.788776,5.521696,174.39293,-59.800037
-6.1373363,104.860115,23.701126,-1.7686993,106.97762,25.601574,-7.6313744,105.25977,28.722479,-0.5234189,118.03858,26.469273,-15.961899,115.26192,21.615046,8.884335,128.13516,23.07888,-15.422152,120.72732,9.392367,25.920305,110.73974,34.57028,-16.58925,93.96135,11.117666,28.909466,87.405304,33.78523,-21.914242,69.80993,15.576835,3.0048766,162.7011,-21.560095,-5.892957,157.89665,-26.822151,15.003657,176.48781,-56.53459,13.732986,149.66628,-56.99482,-6.397319,203.70197,-40.64115,2.7830215,187.96092,-51.077946
-5.527741,104.10692,23.733143,-1.5476447,105.701164,26.63841,-8.200383,105.595726,27.978691,0.06823173,117.0105,27.688932,-15.083911,114.783585,21.746355,10.307432,127.42345,21.559185,-15.960158,119.85936,8.8325615,26.385815,107.140015,29.922531,-18.561815,93.127304,9.858686,30.219679,83.77577,30.25948,-21.858805,69.005486,14.498744,3.509083,162.71182,-20.956528,-6.5905423,157.70183,-25.596197,15.578464,178.8901,-55.59638,11.322443,156.801,-58.746643,-4.204667,205.13712,-35.935017,0.14452286,195.46906,-45.88596
-4.596148,103.26861,23.882965,-1.202612,104.707375,27.503035,-7.9721036,105.28403,27.338585,1.0878818,115.88995,28.65229,-14.119639,114.00752,22.408134,9.978435,125.550934,22.156391,-16.137959,119.51474,9.648879,26.788668,104.239296,26.381033,-20.377129,93.12658,8.404129,30.818182,80.26677,27.55239,-22.547289,68.61675,12.257663,3.8444784,161.71817,-19.277222,-8.156945,158.23552,-24.948542,16.2836,178.95538,-54.043064,9.054299,160.8442,-59.202335,-1.8444301,206.4721,-33.947636,-0.90128744,198.09975,-44.766693
-4.0923862,102.35068,23.896656,-0.60728025,103.73501,27.435476,-7.393728,104.09224,27.564959,1.8792119,114.7158,29.19385,-13.372369,113.28925,23.01772,10.763771,124.456665,22.677101,-16.515009,119.03981,10.420579,27.250916,102.417946,22.303802,-20.989697,92.9024,8.360367,31.09816,78.277336,23.806204,-22.693619,68.34045,11.71818,4.7700305,161.72276,-18.489023,-9.392341,158.21619,-24.007313,14.647716,176.66661,-54.56572,4.109942,161.48521,-59.567688,0.6653108,208.17853,-33.229755,-0.12862927,200.86743,-40.53539
-3.6912644,101.42114,24.431923,-0.035089932,103.47441,27.456953,-6.6906457,102.6928,28.537945,2.6936429,113.640114,29.492313,-12.82395,112.57133,23.907623,11.351571,122.968254,21.60116,-17.044275,118.794395,10.656747,26.409828,99.91702,18.83683,-21.43765,92.52442,9.2057905,30.310446,75.87819,20.94675,-22.871592,68.04525,11.863286,4.691157,160.85205,-16.336935,-10.470254,159.42426,-22.76607,13.202216,173.46861,-54.08507,1.1245768,159.71661,-59.40333,4.442839,207.20415,-33.06654,0.8384432,197.75682,-41.279377
-3.6592886,100.8251,24.360922,-0.24749593,103.20521,27.4247,-6.5055766,100.92176,28.752405,3.037409,112.91851,29.20352,-12.761144,111.971436,24.187477,12.06977,121.861176,19.902754,-17.54485,118.16978,10.71702,24.877089,97.31289,16.70059,-22.49444,92.150536,9.124518,28.586021,73.044464,18.58941,-23.588467,67.79243,12.006819,4.5023537,161.45384,-16.01989,-11.791343,158.11952,-21.59659,11.837372,170.34889,-55.0437,-1.0560851,159.68965,-59.134357,11.609834,198.44012,-28.326359,3.1288424,195.3427,-40.84924
-3.330177,100.25281,23.296885,-0.55163616,102.60893,26.970602,-6.1073165,98.79186,27.495335,2.8046772,112.631546,28.272354,-12.952924,110.99923,23.526875,11.763829,120.55423,18.40107,-19.031067,118.220955,11.227897,22.966255,95.65866,15.055136,-23.106298,92.388336,8.122311,26.517471,71.1553,16.239008,-23.765928,68.17525,12.11716,4.8288097,160.66245,-15.798221,-12.159201,157.57076,-21.720251,9.2484455,169.32065,-55.88474,-2.0500188,161.53809,-58.488964,16.585783,184.55307,-22.82259,8.339295,189.28775,-36.00986
-3.273968,99.515205,22.481342,-1.806917,102.4304,26.506052,-2.9960082,95.78609,26.176105,3.1598525,111.68755,27.59126,-12.650158,110.41944,22.979527,12.226323,119.164986,16.771404,-19.320255,117.50338,11.336381,21.598618,93.83701,12.946392,-24.096886,91.811615,8.751286,25.228065,69.47677,14.281321,-25.976032,68.01047,10.699688,5.365886,160.00041,-14.799782,-11.249454,156.42036,-21.644516,7.1585574,171.09903,-54.497593,-4.40013,163.4734,-59.2872,21.719952,172.02501,-20.011753,9.312554,181.3735,-30.279917
-3.5322046,98.30497,22.204046,-3.8967106,100.78325,26.734715,0.2791367,95.84877,24.819372,3.2327652,110.403786,27.16792,-12.640441,109.407166,22.730179,12.436009,118.48007,16.192478,-19.426317,116.41717,11.756032,20.621164,92.81078,11.122824,-24.834236,91.159454,9.064201,24.536852,68.76932,13.481914,-25.606735,67.12479,11.777665,5.103553,159.65393,-14.215789,-10.627592,155.10063,-21.920488,6.3288107,174.98134,-52.32169,-5.8399925,167.4141,-58.90646,22.851347,171.41225,-18.884424,11.014591,182.3946,-30.802492
-3.636394,97.14248,22.125118,-4.3772426,98.891205,26.928125,1.2172197,96.5216,23.98052,3.4326403,109.27761,26.594337,-12.583426,108.406525,22.737267,12.595671,117.71127,15.788741,-19.354902,115.587616,11.882916,20.313017,91.92817,10.374462,-25.843914,90.666,9.577513,24.192156,68.06274,13.264999,-25.692389,66.73271,12.631734,5.9533033,159.32869,-14.229678,-10.681739,154.92497,-21.417532,5.480863,178.08795,-50.42543,-8.22627,171.57207,-56.823875,23.6663,175.9571,-17.574524,13.545105,188.24109,-35.4147
-4.1929994,95.70896,23.253271,-4.37261,96.416504,28.36913,0.6631695,97.498184,23.986727,3.4848425,107.711815,27.288826,-12.552337,107.36325,23.51462,13.198437,117.70658,16.50475,-18.607977,115.12002,13.009723,21.174898,91.82517,11.839858,-26.03953,90.69005,10.98127,24.08005,67.71721,14.447021,-25.658697,66.95566,14.306474,7.037393,158.64563,-12.429599,-9.771611,154.7622,-20.844,1.870987,178.75708,-47.249283,-10.632995,175.63593,-53.842346,24.543848,194.3766,-23.4992,15.77513,201.93298,-49.637238
-4.076108,94.018684,23.87837,-3.5578976,94.291595,29.016556,-1.5301187,98.54908,24.166204,3.9462624,106.01651,27.564234,-12.036853,106.07716,23.899008,13.529012,118.01472,16.253887,-18.638874,114.86293,13.434409,21.338293,91.67404,12.260369,-26.68892,90.94003,12.207127,23.188246,67.617256,14.922834,-25.22094,66.88296,14.986181,6.358332,159.96732,-9.592423,-9.366092,155.8965,-20.653313,-2.8605473,180.76347,-43.519405,-10.407885,180.11751,-51.62671,26.555521,199.73209,-29.22046,19.468569,203.94695,-57.976868
-3.0553038,93.01338,23.420652,-2.2524266,92.97923,28.54097,-4.6113467,97.9023,24.50332,4.598536,104.85296,27.89488,-11.308421,104.92941,23.831886,13.740835,117.23674,16.378277,-18.600485,115.049706,13.60967,22.89533,91.51823,11.950354,-27.038376,90.835205,11.918572,23.786844,67.50699,15.23359,-26.339975,66.93626,15.228518,5.860197,160.0763,-9.30001,-8.996474,156.75873,-21.531818,-6.782071,182.75945,-40.752098,-9.880843,183.0787,-50.535984,26.608929,197.8868,-27.415789,21.375053,202.50497,-62.97499
-2.2242286,92.68374,23.92121,-0.8141184,92.662796,28.899324,-5.772693,96.11327,25.744244,5.5239305,104.43986,28.239351,-10.433855,104.551994,24.184937,14.237747,116.844986,16.478487,-17.683142,114.472496,14.123989,23.975801,91.18795,12.080757,-26.980045,90.78829,12.480942,24.092798,67.302055,15.6768265,-26.063019,66.73634,15.546846,6.3260484,159.31392,-9.013979,-8.247722,156.63144,-21.127798,-8.498151,183.09914,-39.063305,-9.28558,184.40553,-49.39967,21.573177,201.98874,-29.998234,20.273052,202.3499,-68.773926
-1.8940798,92.73677,23.223352,-0.5608183,92.86976,28.218029,-6.301568,94.748604,25.177937,5.8187437,104.35575,27.8972,-10.176283,104.49979,23.94339,14.209448,117.0081,16.348177,-17.667162,114.78702,13.96717,23.872467,91.28544,11.557655,-26.654947,91.20313,12.185269,22.483215,67.36407,15.216668,-25.128448,66.82668,15.558451,5.453972,159.97978,-9.515581,-7.6789246,157.32292,-19.570534,-10.031667,184.60126,-38.172844,-8.466529,184.53021,-49.048122,21.09545,200.63643,-30.089188,21.627134,199.41391,-66.897026
-2.0390038,92.42795,22.302801,-0.38169375,92.52129,27.192585,-6.777618,92.36241,24.703117,5.709743,103.85335,27.462526,-10.357847,104.12192,23.863672,14.344425,117.27427,16.473745,-18.386906,114.321655,13.99847,22.962168,91.04274,11.743186,-27.57822,90.27691,11.020551,21.000643,67.3285,14.734961,-25.40078,66.57529,15.572762,3.3186288,160.17447,-7.811895,-7.9290442,158.76254,-19.147833,-11.361133,187.43129,-34.810833,-5.648072,183.04843,-49.812363,23.479717,198.0721,-28.759844,25.044992,195.03508,-68.72561
-2.4316568,92.41072,21.203457,-0.9611259,93.1891,26.114826,-8.009683,92.91019,23.430527,5.632636,103.685646,26.2925,-10.558057,104.11124,23.394121,14.335566,117.83955,15.640886,-18.7199,114.27529,13.256356,21.902489,91.34192,12.305168,-28.038395,90.30108,10.385745,22.882822,67.84978,11.667792,-26.654322,66.72875,15.360982,3.643248,159.68256,-7.941931,-7.449087,158.11159,-18.975378,-10.26235,189.19911,-33.037743,-5.8844066,180.72371,-51.409184,24.542425,198.19783,-21.648714,26.029797,192.6279,-66.03941
-2.5682378,92.99682,20.912039,-2.183415,94.31693,25.914476,-9.11309,92.70941,22.491,5.003848,104.146866,26.663498,-11.253201,104.05641,23.588514,14.19033,117.27895,14.208417,-19.12009,114.32651,13.657373,21.898296,91.55475,11.724211,-29.028921,90.69241,11.036169,22.68547,68.68995,8.337547,-25.927198,66.74403,14.7617,4.3956513,159.79546,-7.494541,-9.434536,156.45203,-17.566677,-8.253171,188.55338,-33.56715,-4.609031,176.06282,-51.116146,26.261202,196.10275,-18.68049,27.056093,189.14197,-64.869934
-3.0476675,91.882744,21.21532,-3.2756429,94.431244,25.951025,-7.8176293,95.18048,20.71685,4.258313,104.05741,25.61979,-11.957725,103.18924,23.380894,13.188723,117.4012,13.072452,-20.043262,114.875656,13.746042,20.754387,91.68202,11.827208,-29.970156,90.99399,11.010664,21.732874,69.0091,7.677184,-25.00198,67.65942,13.764983,3.907629,160.2972,-7.9076295,-10.744892,155.31116,-14.980532,-3.6167412,187.4935,-37.040474,-1.1248217,170.6498,-48.95916,24.381199,194.69305,-13.815617,28.377392,185.14262,-65.279
-4.4705663,92.13404,20.587324,-3.8286023,94.29129,25.301702,-7.117593,96.76977,19.819826,3.4707808,103.38933,25.837902,-12.8556385,103.41913,23.566261,12.099199,117.60889,13.466625,-20.864899,115.20518,14.450515,18.692842,91.70236,12.070092,-29.651402,90.7747,11.876723,20.402313,68.82759,9.79089,-27.078732,66.8108,15.057161,3.659977,160.33563,-7.0741487,-11.624124,155.55853,-14.166137,0.87714934,183.20595,-40.394226,0.985536,172.52771,-46.530365,27.305546,192.54163,-16.887306,29.998207,179.88405,-66.77284
-4.787553,92.24091,20.749199,-4.5052714,93.1617,25.833565,-7.763726,96.59631,20.944815,3.14526,103.710686,25.488565,-13.279161,103.36324,24.054678,11.701687,117.44044,14.570695,-21.155905,115.086845,15.192258,18.972149,91.579994,12.332742,-31.12188,91.19982,12.340714,18.890495,68.098465,14.531599,-26.668446,67.79687,14.62632,3.7046828,160.03117,-7.0814404,-12.558041,157.04088,-14.244212,3.7082512,177.30127,-43.352043,2.359187,172.69968,-46.508457,27.888256,193.12523,-20.213356,31.470015,172.6927,-69.26564
-4.702126,92.49744,21.337849,-3.8548312,93.5297,26.343826,-8.190508,96.37414,21.944279,2.9284778,103.94663,26.362911,-13.379766,103.59743,24.38421,11.660296,116.734,15.443198,-20.930807,114.515465,15.765325,18.575472,90.85827,12.862777,-31.703798,91.28992,13.171419,16.56538,67.43442,17.921972,-27.711842,67.93452,16.18486,4.393065,159.79225,-6.4839473,-12.144104,157.27678,-12.997017,1.6105417,173.08072,-44.119465,3.0394957,167.56842,-47.264107,31.606722,183.66151,-31.620039,32.238335,168.82329,-69.23805
-4.0584254,92.67802,22.155617,-2.703913,93.69115,27.025492,-7.567804,96.43738,23.155561,3.8181362,104.55786,25.967485,-12.649946,103.89285,24.989887,11.846844,116.87403,16.429708,-20.876482,114.39044,16.457712,18.210316,90.84574,13.733698,-31.167511,90.60512,14.066448,15.225197,67.45909,18.94479,-30.26721,66.7194,18.54549,5.199492,159.56267,-5.2349563,-11.039482,156.99638,-11.42065,-0.37754065,171.92932,-42.104713,2.2615137,165.4813,-46.72266,29.973015,167.9317,-52.277405,34.1738,169.761,-63.71151
-4.1348534,92.80329,22.840063,-1.6962364,94.0128,27.23335,-6.816522,97.13863,24.058788,4.2566447,104.47091,25.834255,-12.205638,104.40353,25.459576,11.585732,117.19308,16.935482,-20.363642,114.4486,16.788126,18.099398,91.12882,14.289865,-30.313227,90.51134,14.730401,17.325668,67.66598,19.24946,-31.772163,66.72691,19.301908,6.257517,159.865,-5.103564,-10.415431,156.85754,-10.493604,1.6424067,170.43373,-42.66697,3.156795,163.15552,-46.327984,18.56906,150.28757,-69.88973,36.82449,177.91748,-52.239414
-3.036847,93.17272,22.64006,-1.7390054,93.12813,27.638306,-5.675071,97.43354,24.16051,5.203046,105.01834,25.541494,-11.2130375,104.84444,24.960413,11.939812,117.86081,16.498688,-19.887098,114.81579,16.208874,18.269148,91.38489,13.513097,-28.763874,90.76669,15.266846,17.739393,67.726326,18.629524,-30.748968,66.850136,19.411112,7.633383,159.4567,-5.3654265,-9.181968,157.3526,-9.95399,0.632338,166.1065,-43.317974,1.6585944,164.03645,-46.422638,13.003271,142.61661,-74.569595,34.166885,183.29848,-44.83929
-2.0280638,94.02974,22.013845,-1.1970528,93.434494,27.086403,-5.0834866,97.9019,23.785751,6.2018375,106.01851,24.112371,-10.351835,105.54142,24.090025,13.018335,117.92167,14.561555,-20.28168,116.15633,15.26052,17.967598,91.31231,12.608082,-23.203506,91.213196,15.334535,15.989656,68.03986,17.88787,-25.500408,67.68611,19.412962,8.161965,160.2128,-6.279522,-8.691351,157.57314,-9.525992,-0.38298824,162.51263,-43.903187,-3.1190324,167.9008,-45.798313,10.079835,139.3959,-72.70861,28.42018,184.9837,-37.93829
-1.463033,94.25586,21.106018,-0.29593027,93.55517,26.093266,-4.3913236,98.092445,23.121336,6.967425,106.06168,23.382263,-9.591498,105.76878,23.697227,14.218775,119.32779,13.552378,-20.280773,116.28041,14.426236,17.009768,92.134605,12.048509,-18.131634,90.76951,14.725821,15.31368,68.66059,17.319645,-20.605738,67.427925,20.447052,8.640655,160.84444,-6.661548,-7.4968023,158.09703,-9.76084,-2.491749,161.95139,-43.443245,-8.963629,173.48547,-44.278023,7.4598536,133.00423,-69.27345,24.101955,182.18875,-36.502647
-1.1119556,94.1816,20.221052,0.91069674,93.59229,24.949686,-3.5181348,98.17534,22.600199,7.474435,105.79498,22.950722,-9.032084,105.78989,23.203482,14.294853,119.10777,12.869379,-19.362547,117.18278,13.8624525,18.394556,91.75559,11.222196,-18.633593,92.00083,15.786829,17.293512,68.16994,16.551085,-24.728277,69.412704,18.828316,8.795755,161.06053,-7.6905594,-6.928259,158.0503,-10.874303,-2.7663527,157.9663,-44.196465,-12.36595,183.769,-39.327854,9.604996,124.57408,-68.575005,21.678349,178.30278,-32.38121
-0.6490111,94.28646,19.85174,2.160681,93.71691,24.16083,-2.6559339,98.25129,22.619293,8.016543,105.686615,22.900917,-8.445021,105.89208,23.254261,15.244839,119.40565,13.4529,-18.082846,117.67509,13.963955,18.303316,92.21129,11.651644,-20.38729,92.660255,16.765581,17.326,68.73013,17.131754,-28.685837,70.58212,18.609678,9.215012,160.58218,-9.169085,-6.257102,157.26932,-11.074816,-2.1780696,152.04486,-44.8606,-11.456298,184.05801,-38.34408,8.960774,115.4621,-69.07476,19.57024,165.48058,-31.839207
-0.47027388,94.513985,19.618198,3.2118921,93.97666,23.214521,-1.9451245,98.37378,22.833052,8.751022,105.67391,22.03107,-7.648179,106.22185,23.859858,15.839742,119.28219,14.001075,-16.889034,118.225426,14.557464,19.77909,92.20755,11.091795,-24.795084,94.46645,17.117968,17.226025,68.94662,17.189863,-29.50522,71.355194,18.973501,9.766031,159.59421,-11.845483,-5.7664433,155.66699,-9.197601,-2.9119372,147.85414,-44.969326,-9.160916,179.53294,-38.722347,7.229287,110.40626,-67.578865,17.289124,154.41615,-32.17474
-0.3518127,95.08704,19.210665,3.8760967,94.421005,22.121935,-1.4811457,98.467316,23.052397,8.869641,106.343834,20.81506,-7.301033,106.61905,24.210049,16.592653,118.64851,12.705123,-16.430365,118.47633,14.979747,20.177362,91.8508,10.84056,-27.374445,95.75374,17.48972,16.122442,68.961105,17.1251,-29.682398,72.17052,19.942486,10.546751,158.7007,-13.4699,-4.77059,155.26027,-7.3605204,-4.818652,145.47516,-44.506016,-6.293227,171.74504,-39.97887,5.567055,107.940384,-66.03223,16.751665,144.11421,-31.145304
-0.5475056,95.39683,19.828775,4.316507,95.18338,21.541655,-1.0273736,98.66921,23.87733,8.515021,106.89599,20.352066,-7.4227576,107.01226,24.723663,17.639088,118.71398,10.8368025,-16.132738,118.04338,15.5343895,19.192198,91.816475,11.03473,-29.829523,96.801834,18.158157,12.696537,69.63499,16.800838,-29.744253,72.90073,22.2938,10.681924,158.37018,-14.772739,-3.787916,157.43602,-7.1677322,-3.3265533,136.43463,-42.132618,-1.9759793,154.92465,-40.753216,3.7917252,101.155785,-64.46566,16.9616,122.00663,-35.690243
-0.31656674,95.92934,20.28886,4.7561684,96.02206,21.280128,-0.39971992,98.88919,24.611269,8.796869,107.45283,20.323,-6.91607,107.572136,25.421003,18.85995,119.06977,9.679776,-15.796467,118.376274,16.884127,15.994495,92.82625,12.175323,-31.93417,98.0188,18.618958,10.843769,70.349724,16.105482,-29.542824,74.522804,24.190163,10.504709,157.97256,-17.448582,-3.465652,158.23871,-8.861039,-1.6674598,131.70813,-41.160534,-0.6771935,141.56479,-39.832214,4.6951838,96.77617,-61.88243,16.264978,107.59116,-40.393288
0.6245434,96.302216,20.783075,5.75912,96.81985,20.810225,1.0973457,99.15717,25.153322,9.754484,107.86051,20.491077,-5.6588745,107.93881,26.403036,20.21543,119.19883,9.90622,-14.133454,118.88845,18.292467,10.285505,94.55681,13.376357,-32.20363,100.08954,19.744558,7.062499,71.37962,16.4096,-28.985653,76.95551,25.876616,10.559905,157.62598,-20.231625,-0.30891076,157.81133,-13.1940775,-0.13846272,124.90395,-38.85248,-3.0396316,132.3757,-39.137886,5.2116327,91.925995,-59.806366,13.898151,100.461716,-46.024117
1.4420192,96.85049,21.013786,6.223938,98.28257,19.851189,2.3679893,99.782585,25.239304,10.76585,108.334946,20.618116,-4.5092583,108.565796,26.801558,20.203432,119.008934,10.535774,-12.876249,119.800735,18.102255,7.1371055,95.67404,15.0948305,-32.03796,102.059265,20.787128,3.674889,72.02882,15.368991,-28.320778,78.28693,27.240295,11.43297,156.38235,-22.052044,1.8969994,156.53674,-16.4697,1.2823244,120.00129,-35.97092,-4.069344,124.74346,-36.673653,4.295906,87.184814,-57.75822,11.090166,93.70629,-51.72869
4.408877,97.429306,22.835796,2.7620614,99.410965,18.403063,1.8896793,101.54371,24.817265,12.441517,109.57519,20.901653,-3.0503776,109.280174,26.331278,20.147747,119.8209,12.114157,-11.397606,119.920906,16.500425,6.4758654,97.00638,16.514143,-32.211597,104.97315,21.34141,1.132702,73.72989,15.194978,-28.706131,81.211716,27.597172,12.627976,154.31451,-23.925816,3.1496928,155.03563,-17.873936,2.225932,117.063484,-34.974045,-4.5793805,120.91974,-35.466644,3.7582152,83.82613,-56.20485,8.924826,90.443825,-54.106056
5.3818145,98.37552,22.601358,2.0571406,99.599724,18.85388,2.3797772,101.72973,25.278645,13.954972,110.1847,20.611254,-1.6909606,110.44048,25.682013,20.657444,120.941025,13.049565,-10.083359,121.41369,17.411346,1.3688438,102.517456,18.387867,-31.101418,105.96265,21.243673,-1.936706,78.37468,16.61378,-26.417494,83.46331,26.368929,12.968858,152.91228,-25.726498,4.061516,153.92845,-19.584661,3.2357135,114.731926,-34.224964,-5.716016,119.42517,-35.557007,3.4638352,81.193855,-54.688606,7.4160385,90.01602,-56.32057
5.5343256,99.070984,23.37402,2.9893405,100.912544,19.316393,2.1132944,102.17365,25.877062,14.5123625,110.56954,21.423214,-1.4119289,111.455696,25.366653,20.736788,122.20576,14.225086,-10.001545,123.44012,19.618793,1.6276875,103.953026,19.49284,-31.069767,107.5181,21.984293,-0.045847815,80.697685,15.378439,-26.052174,83.488205,24.000769,12.383675,151.72449,-25.904558,4.137101,153.54599,-20.722628,4.8156643,111.28897,-33.064423,-7.789713,120.14099,-36.66407,3.2139037,78.88227,-54.096775,4.306832,92.83912,-59.605106
4.205815,100.25247,22.66699,7.195254,103.54305,25.22245,0.47169346,103.18034,24.885124,14.272411,111.07394,22.674467,-1.7360271,112.93414,25.769068,18.292147,123.316605,15.681957,-9.251858,125.16645,20.618711,1.3215644,102.58293,20.73069,-32.316174,113.01993,22.621407,5.893259,78.36156,15.658212,-26.134779,89.08371,23.71618,12.257153,149.35661,-26.109695,4.139475,153.84103,-21.98021,5.470295,109.57701,-32.105747,-9.992009,123.106804,-40.10339,2.5257246,77.79747,-53.466965,3.386057,99.51067,-66.47925
3.0645907,101.609375,23.14057,6.182897,104.134735,26.391632,-0.53719366,104.40471,25.72909,13.141175,112.41292,24.00421,-2.8680499,113.99542,27.205858,17.281183,121.51754,17.381672,-10.071686,126.408585,19.654043,5.156233,97.52831,21.832365,-33.274506,115.56701,26.697872,11.616362,74.20956,16.875296,-26.935879,91.85167,24.095533,12.742138,147.52461,-25.516169,3.4653692,154.08217,-24.487652,6.835456,106.90068,-30.412807,-10.423663,123.845955,-43.925106,2.0978901,76.641365,-53.423824,2.5276823,107.59632,-75.242584
2.959304,103.28864,24.887365,6.287148,105.61335,28.066387,-0.48501033,105.95408,27.789677,12.205437,114.769875,25.957527,-3.811385,115.1548,29.591864,15.977811,121.70945,17.45099,-10.314002,127.4822,19.285627,7.3235736,95.98944,19.837126,-32.32497,116.59451,29.176891,12.945695,71.795265,19.70839,-29.13658,91.986115,25.628677,12.297771,146.40518,-25.687943,1.4223267,153.5043,-25.570309,7.425825,105.42093,-29.393608,-8.372291,126.13312,-49.614113,2.754624,74.9495,-52.432243,2.8447208,116.82754,-84.682304
2.398489,104.95174,26.715515,6.1201987,107.37155,29.335625,-0.6310353,107.6341,30.033466,11.275685,116.82927,27.862722,-4.678283,116.58543,31.508993,15.661298,122.22356,18.139,-10.25157,130.61479,20.741142,10.515989,95.62574,16.47793,-33.24806,120.46706,29.07065,13.285501,71.394394,21.078451,-31.294104,95.91164,29.39429,12.646234,147.1742,-25.91042,-0.1780089,152.86475,-25.906652,7.188617,105.10637,-28.77576,-4.1260915,131.8568,-56.445724,2.750702,73.74075,-51.452896,2.5644398,121.92549,-91.86633
2.1110628,107.17605,27.907925,5.9505863,109.8016,30.15417,-0.646388,109.501434,31.681862,11.166614,118.96601,28.835163,-4.604046,118.86424,33.122444,15.112288,122.67931,18.515759,-9.780973,133.30754,23.221504,11.730429,96.266785,15.798884,-34.517197,125.62356,29.414272,13.802587,72.0555,22.024147,-32.575325,100.59432,30.365568,12.239847,146.09395,-25.397923,-0.65757513,152.19522,-27.06864,7.283433,104.323296,-27.996445,-2.701374,136.34332,-62.1168,2.847536,73.405,-50.651665,3.2384934,125.10069,-97.81023
2.4905303,110.009315,29.114456,6.19025,112.685745,31.522038,-0.53439724,112.54733,32.54246,11.270999,121.95129,29.187614,-4.550815,121.76842,33.47216,13.994475,123.40421,17.317303,-9.52204,134.95197,23.289764,13.239251,96.19118,16.784489,-34.87016,130.02011,29.345299,14.1756525,72.23635,22.932661,-34.01826,104.59032,28.700375,12.94707,146.32399,-25.844301,-1.435374,151.58879,-27.970066,7.880145,103.89594,-27.60217,-3.173634,134.66853,-63.324806,3.2142322,73.86267,-50.61432,2.702075,123.857185,-98.85296
3.1908734,112.494644,29.433687,6.511227,115.44239,32.07983,-0.24634837,114.81149,32.60856,11.796274,124.4734,29.873594,-4.227611,124.24288,33.415997,14.562833,123.80463,16.601318,-8.85407,136.93558,23.927114,15.196802,96.07825,17.196661,-34.720165,135.52878,29.744602,17.128641,71.6817,23.279299,-35.663536,109.744385,28.738806,11.737016,144.18135,-24.75364,-1.7176752,151.36365,-29.670238,8.217771,103.33352,-27.111774,-5.3070264,130.76373,-63.80654,3.3814924,73.64425,-50.5125,-0.98649853,121.50158,-101.04477
4.0575213,115.30587,29.431665,7.0109434,118.47402,32.25181,0.36613387,117.119484,32.667625,12.402159,127.424164,29.914478,-3.594852,126.95318,33.41322,15.093646,125.32715,16.272554,-8.217259,140.5286,23.360556,15.910849,97.35872,17.76635,-34.328556,140.91403,28.66787,18.400158,72.84133,23.770504,-37.390285,116.06984,30.186174,11.990508,144.13702,-24.720127,-2.201629,152.36435,-32.66271,9.051492,103.79005,-27.485046,-7.7811084,126.784874,-63.29708,3.2912903,73.5518,-49.974075,-4.0610123,114.796234,-99.56377
4.0673347,118.49176,29.459743,6.825193,121.76006,32.3602,0.18284442,120.33977,32.44,12.545767,130.5085,29.772633,-3.4386322,130.17001,33.406834,15.57628,127.104935,15.998518,-8.135388,144.27031,22.158945,16.262012,99.33994,18.226665,-34.52967,144.35309,26.27437,19.154585,75.027565,24.94668,-37.98945,120.09369,29.973743,12.597916,144.4164,-25.61646,-2.5294335,152.53935,-34.0691,9.284254,104.39423,-27.82157,-9.251692,122.666534,-60.588146,4.01458,73.77785,-50.40258,-4.6365023,110.04652,-96.52047
4.166883,121.5342,29.571299,6.820809,124.98298,32.37765,0.17690161,123.62018,32.250095,12.767911,133.47777,29.634956,-3.3790526,133.49884,32.609474,15.66548,129.78995,16.09831,-8.3983,147.15979,20.789022,16.57181,102.26626,18.598938,-34.935997,148.9551,23.161596,19.013607,78.018135,25.854149,-37.96478,124.19046,28.331135,14.130059,145.38629,-27.557577,-2.3179681,152.31758,-34.90454,9.28322,104.634605,-28.326815,-11.129922,119.377426,-56.95307,3.7267504,73.11348,-49.850063,-4.197414,104.35366,-91.68456
4.069919,125.08822,29.525661,6.940482,128.05838,32.6335,0.20074403,127.353096,32.211334,12.978954,136.77252,29.223278,-3.29526,137.27219,31.676464,16.20635,132.79807,17.248781,-8.680916,151.12619,19.526245,18.061356,105.42346,19.538395,-35.446022,155.8178,20.71935,19.039606,81.31745,26.929735,-40.886707,132.03204,23.93733,15.020846,145.59758,-28.745728,-1.9303381,152.48996,-35.857044,9.755365,104.69948,-29.12898,-11.8255825,116.60604,-52.52631,4.1978908,72.953285,-50.187634,-4.406686,100.88041,-86.72438
4.021586,128.73073,29.501093,7.251504,131.69907,32.23478,0.45470604,131.38028,32.255424,12.711531,140.56252,29.113838,-3.6281981,140.83412,31.10764,16.772137,135.69142,17.630678,-9.174268,154.55368,17.584784,19.717829,108.00839,20.059563,-35.894333,159.38113,17.54541,19.64052,84.02705,27.540703,-41.92502,135.94518,20.315102,15.436597,145.80573,-29.238848,-2.2249396,152.79276,-36.2954,9.9567,105.17427,-30.043186,-11.788946,115.21745,-47.765778,4.368679,73.083336,-50.15585,-5.6960883,98.441086,-81.38995
3.978654,132.38017,29.625853,7.32064,135.26492,32.312626,0.5388214,135.43423,32.118305,12.512467,144.28549,28.803238,-3.9028268,144.45699,30.290897,17.37853,138.49947,17.959997,-9.515574,158.17082,15.5835705,20.992882,111.10027,20.565878,-36.42423,161.72224,14.5395565,19.034,87.5796,27.827345,-42.306107,138.1032,17.321339,15.782579,145.60707,-30.314335,-2.4113815,152.50418,-36.553505,10.188313,105.50843,-30.677135,-11.555322,114.21471,-43.26559,4.6141367,72.99497,-50.30995,-6.2255845,96.03502,-75.82809
3.8756664,136.00247,29.883404,7.181296,139.25238,32.147152,0.39092728,139.10893,32.24497,12.330632,147.96889,28.480824,-4.10231,148.04103,29.817162,17.74051,142.14076,18.115696,-9.783036,161.24866,13.59551,22.161852,114.812454,20.937635,-36.761055,163.81186,11.280788,17.750895,91.62325,27.237715,-42.208763,140.10886,14.345637,16.24914,146.16457,-31.350405,-2.7583604,153.08252,-36.03827,10.528123,106.357025,-31.683683,-11.264635,114.324005,-38.72711,5.0861816,73.29986,-50.4035,-6.4170666,94.23313,-69.88352
3.5570524,139.85895,30.000837,7.0000644,143.1351,32.01805,0.21492173,143.24057,32.184,12.254475,151.46391,28.179344,-4.253297,151.92041,29.24597,18.534084,145.94301,18.020214,-10.282326,164.32022,12.399674,23.37035,118.70473,20.571041,-37.085697,165.52708,8.301348,16.146639,96.60439,26.312574,-41.836666,141.56792,11.3452635,16.704775,147.06047,-32.26644,-2.9462605,153.21547,-35.54774,10.967364,107.305916,-32.671955,-11.171916,114.54379,-33.95882,5.568111,73.805595,-50.52558,-6.741675,93.05866,-63.607773
2.9379065,143.67458,29.79865,6.6876698,146.70808,31.631542,-0.042621147,147.33788,32.06396,12.010298,155.1248,27.97786,-4.4613953,155.95848,28.756514,19.38249,150.408,17.547506,-10.084576,167.27396,11.045062,24.425568,122.776245,20.400196,-36.747917,167.17834,5.310384,13.727005,101.57202,24.696053,-40.99957,143.18147,8.558322,16.96743,147.1619,-32.69679,-2.9245915,153.06009,-34.53543,11.286517,107.75268,-33.638702,-11.230408,115.2836,-28.96039,6.1275296,74.189285,-51.050552,-7.0613327,92.01758,-56.90419
3.0983415,147.77367,30.268917,6.697674,151.03273,32.063515,-0.052762963,151.53813,32.095196,11.840788,159.2828,27.8576,-4.624365,159.69597,28.11551,19.760075,154.50938,17.394638,-10.295824,169.97063,9.777065,25.110428,126.914604,20.062374,-36.468624,168.39436,2.432759,11.355526,107.32557,23.014227,-40.223396,144.36229,5.630747,17.131285,147.60652,-33.0158,-3.272132,152.89934,-33.059326,11.675662,108.31987,-34.87455,-11.348475,116.124794,-24.792854,6.7139926,73.88814,-52.12172,-7.0981936,91.361885,-50.8483
2.9755085,151.63031,30.194122,6.7048383,154.76208,31.906181,-0.027982526,155.40851,32.216473,11.770187,163.1388,27.736723,-4.7406735,163.49867,27.631714,20.110926,158.32855,17.437517,-10.680718,172.88101,9.20361,25.435452,130.9899,19.2205,-35.966248,169.68242,-0.485407,8.824059,113.41551,21.322403,-39.209362,145.48396,2.4680529,17.28236,148.14993,-32.880558,-3.422806,153.04668,-32.265118,12.153786,108.991776,-36.26254,-11.025196,117.57038,-20.365543,6.9657807,74.06132,-52.512104,-7.149912,90.844864,-44.56603
2.9023252,155.47186,30.049488,6.6685033,158.52258,31.821423,-0.05807659,159.29279,32.058823,11.813279,166.85265,27.360647,-4.721315,167.3672,27.29067,20.57516,161.68892,17.342867,-11.203789,175.42464,8.925075,25.48921,134.3401,18.227232,-34.95314,170.52211,-3.3675423,6.307411,119.99717,19.789062,-38.29024,146.40244,-0.2983052,17.461887,148.55133,-32.62856,-3.5861273,153.13425,-31.362026,12.092982,109.434204,-37.381416,-10.617466,118.79469,-16.04703,7.202721,74.08495,-52.887817,-7.0833273,90.03989,-38.89259
2.912348,159.31845,30.272161,6.659917,162.5471,31.729982,-0.07207198,163.0614,32.4035,11.693162,170.64163,26.84397,-4.8792048,171.01189,27.281017,21.179895,165.19157,16.879923,-11.325933,177.54066,7.9468007,25.076298,137.91978,17.004074,-33.808292,171.1315,-5.8746395,3.7903712,126.91883,18.40627,-37.15576,146.77933,-3.201196,17.570164,148.70337,-32.091103,-3.588208,152.87616,-30.313988,12.135652,109.61315,-38.041553,-10.01343,119.75668,-12.166619,7.1065803,74.212166,-53.47316,-7.2814856,89.73309,-33.605442
3.0196443,162.92375,30.44315,6.761756,166.22705,31.734228,0.03343279,166.7114,32.47568,11.701935,174.11584,26.332724,-4.8424654,174.37965,26.707367,21.421455,168.43507,16.042734,-11.415148,179.66888,6.936902,24.84536,141.2752,15.429257,-32.80757,171.49167,-7.5068636,2.0526664,133.90735,17.163641,-35.70754,146.79402,-6.0755916,17.468376,148.69304,-31.509441,-3.873986,152.85855,-29.176895,11.86337,109.6788,-38.147694,-9.7840185,120.411255,-9.035295,6.994086,74.385086,-53.576897,-7.7313533,88.985176,-28.237007
3.2791545,166.57794,30.21675,6.849439,170.02802,31.620502,0.0870496,170.23277,32.1488,11.916533,177.6325,25.655338,-4.561205,178.05673,26.05867,21.761436,171.41562,15.34979,-11.489102,181.71664,5.694526,24.04633,144.2103,14.168951,-31.559374,171.9503,-9.410755,0.45784277,140.0704,16.363297,-34.469227,147.37888,-8.349851,17.352343,148.74176,-30.59867,-4.3664308,152.53787,-28.035557,11.859574,109.90188,-37.80752,-9.741863,120.91748,-6.2234125,6.9216895,74.65065,-53.832497,-8.34419,87.85998,-23.01836
3.9647794,169.98834,29.862005,7.052078,173.77856,31.500092,0.27664238,173.2703,31.53286,11.949034,181.40088,24.856298,-4.5065427,180.88985,25.37426,21.925117,174.14566,14.241049,-11.714588,183.25107,4.325922,22.748672,146.83423,13.438074,-30.336523,172.06345,-11.540888,-1.2892166,147.08154,16.327282,-32.788383,147.35509,-10.908788,17.146084,148.17667,-29.382544,-4.6911745,151.96346,-27.06592,11.718475,109.46668,-37.01509,-9.453008,120.91528,-3.9098005,6.8288517,74.68757,-53.928707,-8.830298,86.51589,-17.706102
4.133164,172.97708,29.123713,7.2691555,176.68607,30.88086,0.49553493,176.31775,30.817045,12.19106,184.38712,24.196268,-4.272186,183.76073,24.330824,21.835678,176.86073,12.621351,-11.9341,184.56741,3.2039511,21.225168,148.985,12.91931,-29.04652,171.908,-13.397418,-2.3440194,152.95241,16.210098,-31.126972,147.2813,-13.475323,16.775951,147.4402,-28.22675,-4.9840794,151.12683,-25.56201,11.517045,108.99213,-35.905323,-9.398788,120.540245,-1.6839641,6.6537704,74.81915,-53.866776,-8.989863,85.173996,-12.185855
4.213661,175.69899,28.587376,7.192899,179.6644,30.021578,0.43827286,179.05159,29.91591,12.106592,186.94008,23.098925,-4.333406,186.201,23.38459,21.102964,179.25172,11.288652,-12.351215,185.67111,2.0509248,20.175291,151.64874,12.753696,-27.5857,171.76804,-15.176681,-2.6970303,158.63774,16.231562,-29.059069,147.04356,-15.290201,16.666267,146.94257,-27.032684,-5.2487445,150.16652,-24.194029,11.175056,108.53738,-35.271477,-9.189271,120.104706,0.30855677,6.031873,74.772255,-54.213284,-8.638442,83.87748,-6.463414
4.460748,178.24998,28.202477,7.2131405,182.49681,29.183308,0.4888878,181.51918,29.062136,12.204146,189.08543,21.675379,-4.205462,188.26778,22.256777,20.843561,181.01123,9.742136,-12.920057,186.69565,0.734657,18.635674,153.66806,13.26512,-26.41745,171.3712,-16.961895,-3.0485091,163.52762,16.940155,-26.941694,146.64131,-17.054638,16.274273,146.52914,-26.074722,-5.499499,149.12308,-22.912067,11.071884,108.05809,-34.249428,-9.006078,119.08905,1.671083,5.650382,74.49551,-54.26477,-8.803948,82.38885,-1.2157037
4.6659307,180.55482,27.62493,7.367882,184.93875,27.919472,0.67294246,183.8527,28.265028,12.288006,190.91316,20.264444,-4.1180477,190.07768,21.152384,20.685387,182.2823,8.6137905,-13.45331,187.26152,-0.2682917,16.93866,155.75392,14.7923355,-25.100174,171.0312,-18.61168,-4.450341,167.183,16.992855,-24.895798,146.32556,-18.220577,16.13047,145.82301,-25.203619,-5.8005834,147.88933,-21.793459,11.159283,107.391,-33.738396,-8.8939705,117.68626,2.9338956,5.7695756,74.352715,-54.63235,-8.965912,80.67246,3.9092352
4.6044044,182.78197,26.721807,7.5479364,187.0168,26.658857,0.7997551,186.33537,27.084444,12.307704,192.65092,18.853266,-4.1130834,191.90808,19.726604,20.20197,183.42084,7.665089,-14.135618,187.82106,-1.7219263,15.458136,157.9771,16.901443,-23.787256,170.26198,-20.224236,-5.660326,170.35909,18.122149,-22.654716,145.75456,-18.988348,15.78731,144.73602,-24.080954,-5.945273,146.30835,-20.671486,11.205207,106.47658,-33.557404,-8.5307665,115.97332,4.189991,6.075456,74.032936,-55.24452,-9.160839,79.09093,8.565217
4.630516,184.55653,25.533392,7.629878,188.75151,25.288385,0.8668069,188.17632,25.621246,12.333296,194.09265,17.285086,-4.0860214,193.351,18.155178,20.0254,184.04843,6.892339,-14.4141865,188.12134,-3.3925176,14.4981985,160.445,19.602327,-22.84399,169.78445,-21.745855,-6.7335896,172.60461,19.97387,-20.959934,145.4299,-19.540686,15.27006,143.79323,-23.353651,-6.294912,144.97073,-19.621609,11.258387,105.688484,-33.360012,-8.297951,114.53699,5.537215,6.3652287,73.87615,-55.71544,-9.247184,78.12189,12.84073
4.8273945,185.9758,24.4136,7.7251887,190.19637,23.743076,0.9797981,189.4942,24.108236,12.24123,195.02258,15.39749,-4.155256,194.28654,16.80001,19.73366,184.62292,6.265213,-14.463364,188.18315,-4.9913826,13.670992,163.09962,22.24209,-21.81507,169.5045,-23.238058,-7.9856625,174.48575,22.842216,-19.43742,145.31459,-19.7663,14.992363,142.68971,-22.608381,-6.40653,143.58548,-18.823135,11.109168,104.92752,-33.403305,-8.116313,113.318504,6.729879,6.25938,73.842865,-56.366238,-9.15956,77.27021,16.654985
4.902476,187.33713,23.35834,7.8443084,191.41208,22.174461,1.0906538,190.80884,22.510426,12.130727,195.6523,13.534259,-4.1769733,195.07849,15.265734,19.31437,185.10042,5.3350573,-14.614346,187.90842,-6.594475,13.277979,166.48167,24.65098,-20.845467,168.53241,-24.337582,-9.096839,176.06964,26.46741,-18.229637,144.74934,-19.147448,14.627023,141.55774,-22.088243,-6.625578,142.02432,-18.101877,11.080826,104.28119,-33.5376,-7.865454,112.33454,8.054611,6.130029,73.784775,-57.038486,-8.944096,76.782265,19.494436
4.582492,188.54134,22.294819,7.5894313,192.53616,20.989872,0.8389498,192.10432,21.50383,11.706698,196.42432,12.058788,-4.632337,195.9276,13.997475,18.822826,185.85901,4.5420914,-14.736515,187.43944,-8.346021,13.719066,170.1231,26.586641,-20.07991,167.20207,-25.485233,-9.133895,177.31467,30.592121,-17.52373,144.00935,-18.63427,14.51167,140.90913,-21.962303,-6.7482843,141.04057,-17.475832,11.06979,103.76233,-33.556934,-7.629065,111.86937,9.339945,6.3212423,73.53908,-57.745205,-8.67843,76.305,21.300217
4.33707,189.6872,21.40115,7.340601,193.54062,19.726944,0.61202663,193.25711,20.566923,11.308265,196.91464,10.539001,-4.976714,196.58931,12.747239,18.012444,186.5937,3.2970057,-14.833141,186.70271,-9.4067135,15.065591,173.89136,27.48405,-19.465681,166.07861,-26.047976,-7.350942,177.06798,35.24292,-18.367348,143.19954,-18.061436,14.114609,140.08345,-21.790867,-7.154226,140.03952,-16.96174,11.035844,103.236206,-33.387295,-7.5346775,111.62638,10.503397,6.3121786,73.7017,-58.100445,-8.455898,75.90227,22.247843
3.8062606,190.8526,20.68857,7.0185895,194.45712,18.843857,0.30675063,194.63544,19.813143,10.86848,197.3149,9.521028,-5.4641666,197.14502,11.549913,17.56911,187.35805,2.1706958,-14.936498,186.0228,-10.3624935,15.844381,178.33755,27.31064,-19.449398,164.7585,-26.244001,-5.059422,177.69862,39.013374,-19.316118,142.42398,-16.653952,13.742246,139.4667,-21.298777,-7.3922935,139.38417,-16.352383,10.938774,103.00066,-33.192036,-7.3660874,111.51695,11.574561,6.7249327,73.83327,-58.900036,-7.8355427,75.49916,22.517897
2.9863455,192.16675,19.99397,6.2347713,195.55734,17.835007,-0.4839226,195.87189,18.765005,10.314942,197.77028,8.579678,-6.119642,197.8365,10.278417,16.78848,188.00865,1.4253345,-15.217914,185.69365,-11.362483,16.998413,181.31421,27.413313,-19.760792,163.57689,-26.162737,-0.89045495,178.74611,43.56586,-20.837063,142.53629,-14.366888,13.729615,139.02867,-20.9853,-7.452242,138.87614,-16.070827,10.982116,102.84337,-33.456673,-7.0699925,111.36828,12.245723,7.06176,74.02574,-59.62257,-7.264419,74.93174,21.925169
2.424799,193.16493,18.983301,5.6612506,196.52328,16.750595,-1.0350122,196.87949,17.746017,9.715235,198.67885,7.501976,-6.69341,198.54807,9.196923,16.223738,188.80037,1.1969614,-15.5872555,185.00368,-11.325885,17.058825,184.23672,27.928251,-20.038496,162.56494,-25.70473,2.9555252,180.02571,47.259212,-21.609093,142.47508,-12.0522375,13.645257,138.73366,-20.593168,-7.625247,138.42488,-15.689154,10.92266,102.7705,-33.935772,-6.7515225,111.032715,12.697757,7.369538,74.483154,-60.868496,-6.6367893,74.25489,20.90845
1.8548962,194.3341,18.055983,5.2018905,197.65417,15.925883,-1.506901,198.12318,16.763025,9.070061,199.32423,6.314873,-7.327909,199.19966,8.036669,15.87492,189.10486,1.0189711,-15.828083,184.61775,-11.816084,17.045164,186.34006,28.387493,-20.395292,161.54895,-25.156307,6.5691457,181.01128,50.057236,-21.992882,142.887,-9.277847,13.390582,138.56358,-19.344463,-7.732513,138.32666,-15.491199,10.964091,102.96774,-34.220577,-6.6813045,110.77335,12.737553,7.577773,75.07419,-61.90664,-6.083638,73.9545,19.915434
1.0094838,195.36385,17.465204,4.5302544,198.55814,15.422719,-2.2110126,199.14986,15.858816,8.465408,200.14888,5.840162,-7.9818244,199.97345,7.123135,15.161693,190.19476,1.1920857,-16.050108,184.6461,-12.320937,17.368252,188.50305,28.535702,-20.88744,160.96136,-24.034985,9.52626,182.55453,51.55059,-20.853743,141.67445,-8.90153,13.311198,138.79468,-18.357458,-7.8671026,138.51543,-15.086392,11.044429,103.04227,-33.81844,-6.641166,110.65392,12.9376955,7.733478,76.11947,-62.292088,-5.658061,73.75995,18.885717
0.16858466,196.2997,16.836452,3.5335832,199.3749,14.393522,-3.175783,199.95583,15.159207,7.3721166,201.10628,5.001557,-8.982725,200.83437,6.626778,14.280242,191.12102,1.1794174,-16.332796,184.69356,-12.400141,18.32172,189.31384,28.385567,-21.303135,160.4067,-22.84612,13.795378,183.65338,52.176945,-20.757425,141.6387,-6.8039393,13.03377,138.98694,-18.144003,-7.9074974,138.93208,-14.981041,11.656337,103.143906,-32.72199,-6.428078,110.74423,12.714549,7.897529,77.63766,-62.283504,-5.1718183,73.56118,17.706743
-0.8225956,197.70204,16.159292,2.358838,200.87997,13.602885,-4.3869615,201.02266,14.264701,6.4506464,202.36887,4.3071012,-9.995085,201.89249,5.7938776,13.628738,192.2007,0.7256216,-16.722002,185.25822,-12.132217,20.242876,190.12076,27.263271,-21.883677,160.66264,-21.541004,18.097923,184.42316,51.137672,-21.006449,143.21033,-4.359184,12.939743,139.62302,-17.65287,-8.016519,139.31009,-14.761671,12.379259,103.00281,-30.487728,-6.423817,110.78084,12.550391,8.21532,79.62294,-61.33803,-5.0562396,73.664795,16.467897
-2.0706618,198.98781,15.192103,1.1762457,202.19238,12.7545395,-5.5729375,202.44034,13.416471,5.2408514,203.5257,3.3424492,-11.180478,202.91153,4.674601,12.926953,193.33546,0.09966115,-17.759405,185.66434,-12.400544,23.063774,191.38416,25.49179,-22.326588,160.25317,-19.47956,22.195953,184.2237,49.01216,-20.673965,144.63284,-0.61945134,13.063522,140.28128,-16.99019,-8.2551565,139.70686,-14.567039,13.322217,102.87543,-27.5196,-6.8285933,110.655334,12.043457,8.563513,81.910286,-59.55121,-4.885246,73.53676,15.100358
-3.1893456,200.16281,14.116487,0.010676552,203.40872,11.670285,-6.7501493,203.52061,12.282257,4.1939774,204.70105,2.307775,-12.218279,203.9875,3.5144885,12.188964,194.58272,-0.63136953,-18.923792,186.25491,-12.066474,25.166859,192.51051,23.412844,-23.023682,160.3372,-17.164574,25.57454,183.91435,46.398785,-19.50001,146.69339,3.5528524,13.171416,141.10466,-16.60168,-8.577161,140.18394,-14.552285,14.441599,103.06726,-23.682985,-7.2375784,110.3703,11.26299,9.310449,84.47383,-57.101665,-4.638484,73.19541,13.282273
-4.194712,201.67433,13.334139,-1.0870383,204.90321,10.749468,-7.849978,204.77939,11.255463,3.3253472,205.88887,1.4257263,-13.1145115,205.08672,2.5326762,11.671937,195.69756,-1.7312566,-20.11828,186.70714,-11.421163,27.185717,193.56242,20.655418,-23.88439,160.50902,-14.623854,28.94717,183.12714,42.562252,-18.533936,149.87906,7.3366613,13.028366,141.9407,-16.617712,-8.776013,140.83838,-14.525421,15.34622,103.58639,-19.500471,-7.30082,110.1112,10.384364,9.886756,87.24598,-53.538013,-4.5318356,73.12278,11.721723
-5.039738,202.8032,12.432616,-1.8438127,206.15587,10.126971,-8.620519,206.04076,10.430078,2.7127287,207.18384,0.77074605,-13.777072,206.18979,1.5237651,11.321758,197.15047,-2.9348886,-20.862675,187.70245,-11.262657,29.316818,193.99484,17.425991,-24.598282,161.2785,-11.846312,31.107594,182.34688,38.666813,-18.055677,153.49783,10.97728,12.776424,142.80333,-17.06724,-9.041001,141.5747,-14.511002,16.604845,104.51519,-14.863211,-7.6625085,109.87327,9.349972,10.251201,90.04052,-49.37902,-4.590082,73.04277,10.160097
-5.6660824,203.94688,11.577534,-2.4559996,207.32607,9.34842,-9.238382,207.24657,9.676074,2.318733,208.28418,0.001681479,-14.120566,207.40431,0.4366112,11.149809,198.45187,-4.15423,-21.681776,188.76372,-11.15915,30.957071,194.00774,14.117678,-25.459143,162.52528,-8.482789,32.511642,180.82018,34.349155,-17.553917,157.66856,14.650209,12.438512,143.71188,-17.3843,-9.427445,142.27797,-14.755291,18.011374,105.98846,-10.184125,-7.8575435,109.6052,8.101871,10.681515,93.16707,-44.7197,-4.6078005,72.98949,8.580353
-5.8516703,205.18642,11.022743,-2.6691031,208.55745,8.731632,-9.431193,208.53448,9.194362,2.1724074,209.32634,-0.5933708,-14.357664,208.70036,-0.039112523,10.875485,199.79805,-5.124701,-22.347118,190.10895,-10.590837,32.285473,193.29596,9.992315,-26.2558,164.07927,-5.9226837,33.114185,179.49141,29.67242,-17.23925,162.47008,17.347055,12.191884,144.94138,-17.599257,-9.928486,143.16412,-15.258544,19.38429,108.77493,-5.406044,-8.136091,109.8466,6.764067,10.650287,96.42202,-39.484947,-4.4576373,73.13965,7.2949014
-5.8802266,206.31384,10.433351,-2.63276,209.63487,8.162755,-9.400081,209.73679,8.642884,2.2139618,210.62976,-1.050407,-14.29116,209.94246,-0.66065043,10.771595,200.57845,-6.358474,-22.803553,191.70667,-9.789481,33.01277,192.26263,5.832474,-27.17572,166.0292,-3.0535016,33.096222,177.82193,24.899155,-17.06349,168.2166,19.50458,11.8838825,146.25572,-18.14946,-10.40929,144.00424,-15.833507,20.42129,112.84256,-0.4268817,-8.2642765,110.38255,5.6358194,10.915734,99.75935,-33.801678,-4.3948984,73.391975,6.013023
-5.861849,207.58078,10.223963,-2.5934186,210.72842,7.7449684,-9.360852,210.91652,8.235251,2.398817,211.53781,-1.2815964,-14.129848,211.20903,-0.94799095,10.544454,201.71802,-6.9811134,-23.133377,193.9497,-9.439561,33.092857,190.67056,1.6486193,-27.68449,168.85088,-0.49835864,32.76398,175.91269,20.585108,-16.221487,173.4012,20.85455,11.603241,147.85783,-18.597918,-11.026986,144.86201,-16.735924,21.626606,118.62999,4.509303,-8.746633,110.809235,3.924048,11.351952,103.67904,-27.959974,-4.6229653,73.604256,4.716626
-5.4789615,208.72345,10.010486,-2.1077838,211.79726,7.577537,-8.874038,212.15031,7.9801707,2.7312212,212.4353,-1.6009815,-13.795962,212.37802,-1.1654785,10.730176,202.46928,-7.831281,-23.447617,195.68248,-8.774799,32.639385,188.54788,-2.9921322,-28.438704,171.41226,2.2055447,32.046696,174.38957,16.3451,-15.656003,178.73363,21.803844,11.284917,149.66202,-18.372768,-11.562286,146.01726,-17.330013,21.933113,125.11946,8.790886,-9.013469,110.67962,2.0812027,11.826035,108.07995,-22.305422,-4.8167224,73.457726,3.578106
-5.16639,210.16129,9.943599,-1.7854375,213.15268,7.4253125,-8.547923,213.55739,7.840534,3.1301029,213.26561,-1.8189493,-13.37568,213.84433,-1.2913122,10.714733,203.07463,-9.198077,-23.300943,197.55573,-7.9206986,31.30988,186.58192,-7.856677,-28.848646,175.21445,6.0827355,31.085707,171.69243,11.087784,-14.250272,185.03984,23.30826,10.872788,151.5273,-18.55467,-12.139373,147.31165,-17.277813,21.871523,132.44246,12.2038,-9.232317,110.98092,0.55006707,12.824226,111.999626,-17.023176,-5.161977,73.66941,2.499284
-4.757475,210.90466,9.87228,-1.213715,213.81703,7.489542,-7.964665,214.47014,7.780645,3.7103665,213.98111,-1.7919971,-12.822295,214.75735,-1.408016,10.464441,203.43408,-10.35216,-23.295786,199.23328,-6.834348,28.962925,184.49866,-12.514723,-27.874228,178.24884,9.325887,29.490683,169.97932,6.6565685,-12.674614,191.31715,23.947428,10.057099,153.06943,-18.630762,-12.484531,148.1406,-17.129477,21.355959,139.92699,14.9329,-9.215819,111.21764,-0.63659334,13.812537,116.22269,-12.179796,-5.5508842,73.862526,1.4726224
-4.1594753,211.63368,9.973637,-0.6370858,214.52917,7.5449286,-7.3938,215.15414,7.8490667,4.167454,214.57805,-1.8384589,-12.286359,215.48637,-1.2890515,10.515821,203.45883,-11.652184,-22.730364,200.56001,-5.749352,26.446796,182.35475,-16.054434,-26.289701,181.09709,12.542493,27.714027,167.09486,2.6570995,-11.449004,197.295,23.821291,9.33658,154.35204,-18.87842,-12.3874035,149.05476,-17.085705,20.067694,147.67136,17.177036,-9.285051,111.843994,-1.7286454,14.333873,121.2991,-7.9846325,-5.964002,74.090225,0.69532937
-3.1469805,211.93929,10.070871,0.3423878,214.81398,7.5633492,-6.416996,215.37605,7.860774,5.0299835,214.69696,-1.8369527,-11.419988,215.80946,-1.0522981,10.290813,203.13786,-13.180631,-22.079332,201.44595,-4.727301,23.79112,180.55656,-19.206553,-24.61264,184.284,15.871984,25.765924,165.36896,-0.5281741,-10.363851,202.61505,23.19628,8.592751,155.765,-19.266567,-12.57264,150.48306,-16.306414,18.397451,153.79019,17.914381,-9.688841,113.03653,-2.0964265,14.605267,125.01573,-4.3633747,-6.5144305,74.768936,0.08705361
-2.0950963,211.92798,10.11388,1.4130983,214.97513,7.8499393,-5.347864,215.47714,8.054547,5.7074976,214.82214,-1.8803333,-10.711523,216.07922,-0.7049144,9.91703,202.58391,-14.395544,-21.232714,201.87958,-3.7188368,21.138792,179.50137,-22.113955,-22.321434,187.97456,19.357485,23.878387,164.75134,-3.2302275,-8.929613,207.74034,21.730688,7.7657604,156.45673,-19.667095,-12.77521,151.63046,-15.701646,16.62739,157.23166,17.217422,-10.318523,114.513374,-1.2101449,14.288845,125.578674,-1.0762415,-7.0048237,75.75343,-0.6250235
-1.3299019,212.43336,10.55486,2.2776127,215.46742,8.428306,-4.4795628,216.07762,8.50293,6.4308915,214.73102,-1.5618889,-9.944194,216.34325,-0.36663955,9.973837,201.75131,-15.414632,-20.178768,201.96408,-2.922884,18.831938,177.80223,-24.765139,-19.965328,191.12932,21.881685,22.40699,164.52068,-5.1280484,-7.7176127,211.68846,19.208614,7.2442374,156.66467,-19.864813,-12.466259,152.69092,-14.999104,13.906556,156.06715,16.982256,-10.451601,115.81863,-0.12283901,12.495114,121.09117,0.5371807,-7.033953,77.31819,-0.9498457
-0.87848413,212.14311,11.048529,2.9110875,215.19824,9.312796,-3.8359942,215.81245,8.774169,6.8843536,214.06152,-1.1444722,-9.460331,215.8702,0.016876878,9.800159,200.22008,-17.324327,-18.843353,201.47202,-1.9182996,17.019653,175.6633,-27.34236,-17.659502,193.71396,23.915257,21.244509,164.79323,-6.5269127,-6.673373,214.21945,17.38975,6.5825176,156.84772,-19.869425,-12.021391,153.41045,-13.982568,10.682902,149.68219,16.327105,-10.561417,116.79046,0.9744544,11.233934,114.57869,1.4191018,-6.4252725,77.75115,-1.0696731
-0.47147265,211.97455,11.302859,3.447284,214.91333,9.655966,-3.258142,215.7487,8.989533,7.6369677,213.40694,-0.7902507,-8.6944065,215.56276,-0.0036603455,9.916428,198.70671,-18.502432,-17.5753,201.1248,-0.9504749,16.0483,173.8579,-28.745787,-15.350471,195.64049,25.421354,20.907513,165.334,-6.84499,-5.4866934,215.4726,16.130781,6.336703,156.70602,-19.330963,-11.51414,153.61406,-12.967815,5.926624,138.5988,12.977262,-10.329641,117.223656,2.2623024,8.538574,102.54903,2.3111656,-6.0781264,78.044106,-0.9148498
0.49650353,211.89993,11.436352,4.4935517,214.72551,9.7942705,-2.167017,215.60765,8.862501,8.47943,213.15439,-0.8278909,-7.8903866,215.09943,0.17799303,10.160353,197.49847,-19.375656,-16.602995,200.692,-0.11337996,15.964834,172.86176,-29.491915,-13.596494,196.88918,26.309935,20.19794,168.4538,-6.6847525,-4.4522552,216.00243,15.069938,5.868987,155.50851,-18.189484,-10.709731,153.6046,-11.481404,1.972546,129.05957,9.411749,-9.5342,116.930046,3.0278773,3.2340834,89.60213,2.1064084,-5.915152,77.770485,-0.032540232
1.3164076,211.85027,11.144226,5.4505816,214.52205,9.592265,-1.1581941,215.69125,8.584405,9.205769,212.7043,-1.2425014,-7.1536922,214.66199,-0.14000972,10.234664,196.44276,-20.316132,-15.739124,200.37195,0.21145545,15.18263,171.26614,-29.842907,-11.947429,197.63115,26.624075,19.975473,170.3575,-6.67867,-3.3820364,216.53299,14.58309,5.389389,153.72089,-16.545197,-9.983147,153.30946,-9.6042595,-1.7927248,121.68876,6.2995644,-8.548486,116.13417,3.1572926,-0.88502884,81.97475,2.7694423,-6.165051,77.05243,1.403859
2.1997674,211.22585,10.501091,6.282517,214.00276,8.987195,-0.33558878,215.14868,8.125999,9.6781025,212.25008,-2.0754585,-6.6268187,214.37898,-0.41707703,9.759112,196.05397,-21.38462,-15.444789,199.97597,0.42171162,15.180583,170.647,-29.473373,-10.837181,197.38293,26.803398,20.228502,171.71371,-6.388948,-2.70399,216.38985,14.631688,5.4200425,152.34698,-15.550371,-9.299162,152.68263,-7.7022533,-4.357695,116.87612,2.9788795,-8.124514,115.324715,3.7161455,-4.3634152,77.42149,3.2871222,-6.6554728,76.91804,3.5388708
2.3326478,210.62175,9.665038,6.414172,213.25252,7.897182,-0.20681332,214.49768,7.2160454,9.602944,211.65636,-3.0361412,-6.626322,214.0476,-1.0641065,9.156589,195.55164,-22.129002,-16.001837,199.40236,0.44354233,15.381338,170.12854,-29.384003,-10.242916,196.7433,26.624075,20.90065,171.36751,-6.614414,-2.1578207,215.97906,14.395271,5.095307,151.48775,-14.433475,-9.526414,151.98718,-6.373625,-3.793398,115.94383,3.3678794,-7.9245944,114.636154,4.494258,-5.429452,76.301445,4.138135,-6.9740806,76.45289,4.79334
2.6297104,210.1942,8.850217,6.836444,212.68758,7.1843514,0.26167515,214.04868,6.2097273,9.536886,211.07518,-4.0432167,-6.606684,213.64589,-1.6333416,8.518192,195.24982,-22.42012,-16.108532,198.84706,0.48451507,15.74663,169.8934,-29.095907,-9.716362,196.17088,26.42036,21.502577,170.3137,-6.209989,-1.969769,215.38219,13.844996,4.902345,150.64015,-13.617218,-9.828939,151.4694,-5.1954575,-4.9285116,114.88923,3.8179667,-8.159377,114.20331,5.6880713,-5.646268,75.85436,4.5198517,-6.9700165,76.03647,5.195194
2.6478257,209.77428,8.058976,6.949046,212.13132,6.4358687,0.4307272,213.6854,5.3655915,9.144214,210.72592,-5.0099206,-6.937313,213.4195,-2.057315,8.06065,194.7156,-22.660725,-16.525349,198.61072,0.34967655,16.010376,169.37514,-28.5457,-9.686502,195.60504,26.05926,21.723827,170.73517,-5.4334483,-2.2170522,214.6301,13.119669,4.9825606,150.31001,-13.122213,-9.903988,151.07571,-4.54322,-4.3701177,115.651344,5.787565,-8.900896,113.86961,6.683797,-4.4884973,76.717575,4.723796,-6.9195113,75.88033,4.788342
2.7704332,209.84862,7.7972627,6.977038,212.41026,6.2279906,0.41798735,213.5799,4.9714913,9.1684,210.74767,-5.319692,-6.9355955,213.08282,-2.3588746,8.072804,194.20221,-22.641075,-16.563246,198.28996,0.20965125,16.10638,168.86621,-28.16713,-9.584391,195.1311,25.949183,21.143625,171.30283,-5.1463795,-2.643398,213.95984,12.596614,5.328023,150.59106,-12.770781,-9.85863,150.9726,-4.352966,-3.685396,116.24519,7.4292965,-9.401264,113.7801,7.1471424,-4.6467876,76.46723,4.549329,-6.665984,75.260994,3.8789358
2.4842858,209.80617,7.49733,6.6415243,212.35896,5.785342,0.055358797,213.49603,4.681557,8.7705765,210.4474,-5.6537914,-7.3138475,212.9164,-2.6338284,7.944774,194.03091,-22.942368,-16.864277,198.22958,-0.2747871,16.047571,168.5475,-27.729961,-9.803145,194.96776,25.47382,21.007969,169.63797,-4.414976,-3.1034558,213.69656,12.101921,5.3764315,150.46255,-13.010964,-9.919898,150.46567,-4.6529875,-2.39047,117.551025,9.197005,-10.346702,113.47061,7.268953,-1.8897014,78.901855,6.1127343,-6.6969957,75.128426,3.1949992
1.8603544,209.66016,7.058426,6.00201,212.19995,5.2911425,-0.60600746,213.32623,4.246441,8.339449,210.5159,-5.9722443,-7.831838,212.83415,-3.1558871,7.702278,193.77988,-23.180983,-17.58205,198.16333,-1.1195207,15.940065,168.28683,-27.694216,-10.374399,194.9328,24.679716,20.654747,169.12036,-4.325199,-3.434029,213.70932,11.49004,5.6053004,150.79463,-14.089851,-10.477821,150.33737,-5.174802,1.2939838,123.43975,13.835852,-11.467594,113.23284,6.5330505,1.3851494,84.821144,9.300711,-7.009598,75.048004,2.2773254
0.9676688,209.73405,6.871322,4.929987,212.2904,4.7494226,-1.7439628,213.20987,4.043191,7.8364463,210.7886,-5.979279,-8.431775,212.85524,-3.6020343,7.5217714,193.77219,-22.900948,-18.122347,198.11702,-1.7235891,16.245447,168.6339,-27.403645,-11.245775,195.0204,24.099806,19.853073,169.6269,-4.16644,-3.9663618,213.82455,11.096127,5.707813,151.31609,-15.578493,-10.898213,149.97873,-6.0120187,5.8841476,135.50575,18.34404,-12.334297,113.004265,5.99873,5.1841345,94.84233,10.841211,-7.3877573,74.93865,1.3225963
0.38546467,209.62955,6.8490734,4.4590244,212.16493,4.9261746,-2.1797159,213.24345,4.061148,7.7829313,210.41469,-5.7775393,-8.502042,212.87854,-4.0194345,7.8153334,193.68718,-22.855755,-18.386696,198.30745,-2.1698573,16.132318,168.1726,-27.05824,-11.784423,195.1034,23.768648,19.960737,168.90479,-3.5431423,-4.377784,214.02818,10.951627,5.6852784,151.45135,-16.292353,-11.165685,149.90889,-6.595468,7.1016746,142.44781,19.980968,-12.798059,112.82505,5.6585474,7.180516,102.05152,11.473208,-7.308872,74.75764,0.64239484
0.061925855,209.4651,7.1320963,4.0363874,212.04843,5.072326,-2.6363814,213.06969,4.4525437,7.616658,210.3546,-5.3675623,-8.7067175,212.7849,-3.7796206,8.257774,193.69255,-22.445816,-18.838718,198.37872,-2.9306269,16.799578,168.20866,-26.735516,-12.884534,195.22006,23.34878,19.792694,169.19487,-3.2862232,-4.765535,214.39188,11.209762,5.959014,151.56787,-16.690445,-11.321388,149.96971,-7.4294767,8.623282,150.02312,20.640053,-13.059914,112.96376,5.145747,8.524769,109.15939,11.477043,-7.458895,74.886925,0.18693377
-0.21780494,209.25148,7.3410273,3.8212368,211.91243,5.5217805,-2.8200533,212.91913,4.652508,7.4738054,210.12994,-5.101143,-8.815925,212.74023,-3.6796734,8.540144,193.75331,-22.118607,-18.953133,198.30914,-3.395771,17.810247,168.46785,-26.166912,-14.157053,195.38934,23.118952,20.309233,168.13472,-2.536526,-5.185022,214.39343,11.3502865,5.865411,151.41316,-16.811996,-11.558804,149.61853,-8.344313,8.7696495,156.77748,20.619104,-13.49927,112.92644,4.649914,10.499254,117.07735,10.696247,-7.8819146,75.33291,0.20512113
-0.17010726,209.1493,7.739608,4.055635,211.64409,6.1287727,-2.5150075,213.01822,5.105556,7.4175673,209.95619,-4.7873254,-8.873795,212.58278,-3.2170966,8.657511,193.85106,-21.745762,-19.188807,198.21611,-3.5369906,19.035105,168.90765,-25.573015,-15.322476,195.43413,23.106058,20.266148,167.60037,-1.8460915,-5.6235466,214.44989,11.871332,6.088921,151.4608,-16.811535,-11.718956,149.49054,-9.30852,8.502005,160.02791,20.139568,-13.660049,112.760185,3.8871012,10.798006,121.09107,9.820595,-7.7481537,74.78964,-0.97225606
-0.12111861,208.72374,8.130282,4.1150093,211.16841,6.4591656,-2.429567,212.83984,5.85925,7.536404,209.5719,-4.3554373,-8.66684,212.42714,-2.8681526,8.922063,193.98006,-21.364145,-19.391417,198.26727,-3.7941036,20.83299,169.63574,-25.148182,-16.390589,195.59346,23.020035,20.342836,167.17564,-1.5420226,-5.7456326,214.36919,12.095387,6.204659,151.59541,-17.024475,-12.001779,149.43515,-9.8504505,7.741647,161.55534,19.935387,-13.856818,112.69263,3.0907145,10.566815,124.39343,9.143895,-7.658664,74.68527,-1.7871479
0.03528743,208.15297,8.423935,4.111985,210.72234,6.558915,-2.4590096,212.41249,6.679699,7.731802,209.20941,-3.9995306,-8.487026,212.01256,-2.5576236,9.32081,194.00165,-20.828463,-19.276245,198.07286,-3.8663993,22.836483,170.57845,-24.704973,-17.20277,195.26228,23.078712,20.376932,166.68651,-1.3747419,-5.9756813,213.75543,12.521344,5.961405,151.47876,-17.337404,-12.329324,149.32513,-10.549386,6.974841,161.71497,19.6273,-14.116939,112.48744,2.5620494,10.004091,125.12235,8.205294,-7.5066442,74.4781,-2.438727
0.055638667,207.885,8.763898,4.15167,210.33298,6.8009415,-2.348171,212.27396,7.222156,7.8500404,208.72685,-3.68546,-8.313109,211.82603,-2.3208766,9.498587,193.94225,-20.06005,-19.175745,197.82758,-3.7928903,25.244251,172.18608,-24.021376,-18.053429,195.47733,23.226501,20.51862,166.3686,-1.394936,-6.3740315,213.57385,12.48132,5.7910466,151.33702,-17.353947,-12.785396,148.95717,-11.549582,6.366842,161.09921,19.60983,-14.303792,112.35247,2.197857,9.316448,125.414665,6.8514223,-7.439471,74.429825,-2.9748096
-0.055018745,207.20422,8.9443445,4.1143413,209.7203,7.2455873,-2.406575,211.62785,7.426859,7.8596764,208.05125,-3.4408772,-8.265997,211.33542,-2.145189,9.5857935,193.8504,-19.361088,-18.8806,197.71101,-3.6546524,27.761229,173.98059,-23.322021,-18.84237,195.6081,23.394854,20.78304,166.85155,-1.8256812,-6.1545563,213.35414,13.025637,5.8282456,151.43428,-17.112701,-13.097011,148.39699,-12.6527195,5.444882,161.71533,20.269403,-14.775782,111.84396,1.4816728,8.400274,127.33998,5.343309,-7.299575,74.24201,-3.6167386
-0.055156145,206.23987,9.203626,4.061927,208.7953,7.441486,-2.4994118,210.5909,7.625112,7.94379,207.37543,-3.1011727,-8.242364,210.37027,-1.8557177,10.200768,193.61444,-18.569748,-18.639952,197.44754,-3.590272,30.67445,175.7555,-22.237522,-20.119062,195.73134,23.341034,21.40644,167.55803,-2.0666034,-6.0208125,212.69115,13.476628,5.5772676,151.1128,-17.004932,-13.523538,147.7503,-13.57639,4.609609,161.16574,20.495356,-15.297501,110.898445,0.09350958,7.1431565,128.04645,4.852716,-7.2196116,73.904465,-4.5271096
0.35906535,205.06635,9.36824,4.3856354,207.78226,7.6303477,-2.2122433,209.399,7.935242,8.16546,206.49161,-3.062245,-7.9526863,209.50185,-1.5032171,11.345526,193.22406,-17.241837,-18.530874,197.29292,-3.6463377,33.39684,177.53899,-21.16342,-21.791128,195.86162,23.1436,22.035988,168.23619,-2.6965337,-6.01319,211.74696,13.990948,5.187622,150.74146,-17.12069,-14.299325,147.0587,-14.449147,3.868879,159.58525,20.541925,-16.351974,110.24239,-0.6190821,5.8784513,126.69328,4.2076626,-7.4720426,73.57067,-5.315459
0.8954587,204.12683,9.250523,4.811821,206.95667,7.4337687,-1.8175238,208.40634,7.921989,8.773547,205.80695,-3.1046665,-7.3744135,208.77225,-1.5498356,12.204871,193.13147,-15.867097,-18.501585,197.11697,-3.6418526,35.335556,179.52702,-20.083008,-23.72832,196.21315,22.85323,22.745275,168.24365,-3.6017785,-5.780576,210.57881,14.71132,4.9913807,150.20413,-16.841217,-15.112763,146.29028,-15.156622,3.374291,157.88525,20.809902,-17.64828,109.55027,-1.0100553,4.4323587,125.10947,3.8704925,-7.601098,73.37217,-5.995092
1.9642721,203.59067,9.037334,5.883327,206.28433,7.0215,-0.6789186,207.91486,7.713617,9.499151,204.86084,-3.4820075,-6.3334084,208.90646,-1.3914548,12.917718,193.38887,-14.734846,-18.211935,197.39479,-3.6140583,36.475327,181.27556,-20.096909,-26.364655,196.55807,22.128084,23.426556,168.17613,-5.3217487,-6.048607,208.67778,15.647844,4.5231385,149.30879,-16.078886,-15.908709,145.51602,-15.344113,2.7621694,156.02531,21.565218,-19.083027,108.94681,-0.7951481,2.8679712,123.23105,4.0278435,-7.6903715,73.32748,-6.2822704
2.9915223,203.30637,8.628901,6.7208853,205.75148,6.024114,0.25949475,207.51434,7.1303606,10.470265,204.59067,-3.9101624,-5.3892083,208.57939,-1.7547203,13.745799,193.1207,-14.318348,-17.858356,197.82906,-3.4175692,37.13615,182.01588,-21.031403,-28.692804,196.92436,21.465954,24.235983,168.0416,-6.8250737,-6.4213667,206.17822,16.919939,3.7282665,148.45296,-15.478023,-16.52538,145.00128,-14.787652,2.4824939,154.37227,22.515295,-20.299778,108.341644,-0.13111933,1.1330092,120.70397,5.2564244,-7.716977,73.23156,-6.286918
4.041575,203.78479,8.083107,7.713584,206.17422,5.34357,1.2909741,207.98543,6.5859804,11.405633,204.4167,-4.5953736,-4.5098257,208.24274,-2.5019226,14.747451,192.68248,-14.7195015,-17.366735,197.8699,-3.156848,37.399624,181.43217,-22.919212,-31.006678,196.93309,20.517462,25.005724,167.14099,-8.5156765,-7.7452264,202.3296,19.338812,3.3138192,147.65178,-14.683934,-17.06613,144.378,-14.105906,2.4920459,151.77415,23.703402,-21.290802,107.89396,0.69596416,-0.6551933,118.00997,7.0248337,-7.7698402,73.303276,-6.0947566
4.90233,203.34828,7.440492,8.692221,205.6125,4.7595944,2.2471821,207.52039,5.708707,12.398768,203.8793,-5.227733,-3.5074542,207.82025,-3.291042,15.683056,192.27295,-15.284176,-16.547245,197.79646,-3.7959466,36.981007,180.33377,-25.738708,-32.350063,196.44771,18.55021,25.736345,165.383,-11.034852,-9.242411,197.33345,24.419521,2.9037297,146.7955,-13.667898,-17.742458,144.07614,-13.262433,2.2669683,147.72444,25.085756,-21.84112,107.49989,1.7225804,-2.8202603,114.038895,9.605967,-7.760593,73.288574,-5.9900393
5.7790256,202.66603,6.7959213,9.694578,204.8151,4.2042794,3.3228958,206.98079,5.1309166,13.535547,203.16493,-5.666654,-2.354719,207.41344,-3.9995618,16.296234,191.25111,-16.143562,-15.5146675,197.69347,-4.7704124,36.434055,178.62689,-28.043928,-32.951725,195.56187,15.772671,26.323753,162.51054,-13.581303,-11.181314,192.4929,25.987467,2.5439308,145.45752,-12.033734,-18.063337,143.21516,-12.003399,1.0025537,144.17618,26.942926,-22.12759,107.040504,3.1135156,-4.8038025,109.72085,13.893783,-7.9354186,73.365845,-5.598925
6.7223744,201.52306,5.95214,10.789657,203.72948,3.6573493,4.4727144,206.0484,4.585077,14.909455,202.54648,-6.2045965,-0.98245066,206.84386,-4.9033933,17.251343,190.30481,-17.35825,-14.429902,197.6134,-5.6601515,35.123184,175.85284,-30.807878,-33.40095,194.1791,13.343143,26.621195,159.57838,-15.521984,-12.748767,187.3481,24.71705,2.0128484,144.28908,-9.724657,-18.400566,142.68437,-10.299118,-0.8805328,139.66754,29.071163,-22.344624,106.546,5.292247,-6.9160714,104.89451,18.94929,-7.7989044,73.50321,-5.087432
8.012958,200.4306,5.2627244,11.956522,202.64497,2.764429,5.7356925,205.00708,4.1147885,16.12945,201.73483,-6.9597692,0.29962105,206.21358,-5.327538,18.069393,188.88466,-18.605875,-12.9805975,197.11427,-6.446568,33.844513,173.00146,-33.149788,-34.292217,193.49597,9.165369,27.342329,156.1067,-17.342934,-15.926712,183.4354,21.780796,1.9001224,143.01147,-7.355105,-18.291035,141.84785,-8.37752,-2.4865363,135.35599,31.192936,-22.229998,105.80019,7.894108,-9.80006,100.98161,25.855812,-7.2834425,73.862656,-4.465869
8.906506,198.91618,4.3804107,12.874233,201.16219,1.9485532,6.695706,203.56741,3.3978977,17.062307,200.43701,-7.7894387,1.3933785,205.2273,-6.023971,18.563744,187.01851,-19.75524,-12.380311,196.16695,-7.8497667,32.002514,169.61522,-34.96158,-34.433067,191.40068,5.9327703,27.459946,152.07141,-19.219645,-18.574358,179.26082,20.034233,1.787363,141.70131,-5.3503485,-18.126352,141.51836,-6.6094985,-1.8768147,131.49239,32.81947,-21.835192,105.60669,10.086173,-12.4986925,96.4897,32.567066,-7.0209093,74.26297,-3.6070857
10.109526,197.20482,3.659294,13.9977045,199.46007,1.1123221,7.893784,201.88449,2.8309436,18.092909,199.04364,-8.562484,2.4126756,203.79848,-6.484536,19.239368,185.02505,-21.218815,-11.613812,195.06964,-9.322509,30.384453,165.61725,-36.383762,-34.207405,189.09727,2.8296661,28.015104,147.16069,-21.02606,-21.058569,175.14876,17.98894,1.2125989,140.67004,-3.1309094,-17.767942,141.07571,-4.713307,-2.8576198,126.4083,33.6799,-21.540651,105.736694,12.260607,-15.587457,92.75407,39.228485,-6.724664,74.80666,-2.7477741
11.349859,195.01976,2.6168802,15.300569,197.38394,0.26897287,9.120248,199.68817,1.8096644,19.002956,197.31657,-9.708045,3.5130439,202.23616,-7.00699,19.408627,182.86143,-22.223648,-10.893048,193.5242,-10.292918,28.14136,161.92136,-37.23607,-33.860428,185.96985,0.1435313,28.251219,142.66118,-22.55578,-23.598705,170.47253,16.110575,1.1430948,139.41177,-1.0283332,-17.292625,140.41624,-2.7811136,-4.970055,120.60559,33.63583,-20.858765,106.00031,15.008147,-17.92816,88.420074,44.18855,-5.8291893,75.45913,-0.94925135
12.083873,192.94655,1.7845657,16.190594,195.27708,-0.31405577,9.9988575,197.68674,0.9872979,19.836946,195.37889,-10.456583,4.4198923,200.4739,-7.701161,19.621344,180.40785,-23.29939,-10.398006,191.56503,-11.10935,25.975058,157.83833,-37.775467,-33.52461,182.1688,-1.8430564,28.255068,137.64368,-24.141508,-26.2242,165.37456,14.418041,1.5461602,137.67705,0.66750157,-16.36661,139.79178,-0.051090617,-7.3190794,115.25174,32.261818,-20.475899,105.49122,17.052795,-18.259825,85.093925,49.46581,-5.3595667,75.510765,0.053834014
12.789071,190.88846,1.1590474,16.914646,193.1346,-0.9981301,10.737602,195.61981,0.24725023,20.694479,193.44727,-10.957538,5.2808948,198.55148,-8.416511,19.727982,177.53738,-23.746243,-10.020435,189.35695,-11.761852,23.833672,153.81306,-37.627487,-33.273647,178.77286,-3.8536046,27.894932,132.83957,-25.500208,-28.506655,161.0768,12.348966,2.138985,136.01173,2.4954062,-16.3758,138.58623,1.1693342,-8.763033,111.45969,31.78495,-20.527084,104.511345,18.799728,-17.663984,83.58563,53.988,-4.8816237,75.58922,0.8688941
13.504139,188.72824,0.68587714,17.605722,190.98117,-1.5082614,11.420168,193.43982,-0.27196246,21.494476,191.3572,-11.359532,6.173168,196.6561,-8.736658,19.85863,174.56181,-24.358025,-9.405168,187.0122,-11.901685,22.154142,149.9582,-37.099625,-33.18587,175.8803,-6.6265106,27.435606,128.02357,-26.833914,-30.815983,157.46721,9.47919,2.3745775,134.34741,4.059558,-16.078562,137.3786,2.89415,-9.577509,108.722946,31.997929,-20.821438,103.47685,20.610645,-17.417864,82.83244,57.38931,-4.7182364,75.688866,1.5795169
14.199871,186.6991,0.16916884,18.23787,189.058,-2.0265706,12.123183,191.48264,-0.3939081,22.192163,189.14394,-11.954467,6.9938335,194.74013,-9.214864,20.223465,172.09949,-24.614803,-8.844463,184.59178,-11.998532,20.844927,146.59007,-35.88887,-32.842987,172.76317,-8.880316,26.916027,123.89087,-28.404568,-33.453228,154.19316,6.930242,2.5686522,132.81743,5.1458163,-16.010864,136.27945,4.192174,-9.661422,106.8881,32.430244,-21.488092,102.593506,22.374426,-17.255655,82.38595,59.75222,-4.743276,75.95869,2.382608
15.040964,184.70116,-0.3142717,19.122715,187.04437,-2.4575799,12.937521,189.43587,-1.1050286,22.807415,187.05475,-12.530609,7.524577,192.53989,-9.63373,20.200068,169.86751,-24.699879,-8.125117,182.39091,-12.267453,19.89367,143.6678,-34.414665,-31.858208,169.82463,-11.050208,26.121515,120.22681,-29.839582,-35.878647,151.43558,4.5378423,2.479893,131.26344,6.240138,-15.980492,135.09149,5.391173,-9.840678,105.655594,33.550316,-22.8059,101.63541,23.659939,-16.773506,81.636406,61.650974,-4.865787,76.61018,3.2826228
15.697528,182.9125,-0.90282226,19.777618,185.12137,-3.1792674,13.66226,187.67358,-1.7491758,23.50185,184.9703,-13.159936,8.149569,190.40422,-10.455711,20.16536,167.2023,-24.797142,-7.607083,180.01277,-13.092631,19.195839,140.46463,-32.86003,-31.221449,167.02376,-12.425258,25.211466,116.580925,-31.159658,-38.072315,148.635,2.0736964,2.2977571,129.41818,6.8660326,-15.927546,133.31636,6.400547,-9.554548,104.790405,35.112286,-23.326422,101.16003,26.320839,-16.33374,80.72756,62.967495,-5.6161437,77.29107,4.0407386
16.186665,180.96516,-1.6012977,20.313795,183.00035,-3.9547617,14.201865,185.6673,-2.7897174,23.750587,182.67537,-14.034441,8.560342,188.41098,-11.161737,20.101492,164.74564,-24.757038,-7.478546,177.81534,-13.450464,18.813705,137.68907,-31.685707,-30.8506,164.57382,-13.24832,24.960655,113.8654,-31.41712,-40.14651,145.71799,-0.7089885,2.5794148,128.20935,7.9000783,-16.224339,131.72229,7.007606,-8.4019165,104.91531,37.704445,-24.949373,100.23091,27.470184,-14.733886,79.57682,63.87062,-6.6833506,77.96259,4.856658
16.870955,179.29442,-2.246699,20.907255,181.30283,-4.7759743,14.900971,184.05463,-3.2312584,24.329397,180.6289,-14.769345,9.082947,186.3212,-12.012196,20.222704,161.75145,-24.61874,-7.150364,175.44734,-14.179327,18.701082,134.79694,-31.25896,-30.667831,162.26468,-13.946899,24.628626,110.901764,-31.75498,-41.611843,144.20502,-1.7358873,2.7503033,126.43997,8.487179,-16.242172,129.97997,7.3013697,-7.947546,103.9245,39.088104,-26.030388,99.5464,28.924406,-14.562935,78.45505,64.6676,-8.181164,78.83158,6.0616045
17.285633,177.31494,-2.8678732,21.290276,179.31866,-5.4507537,15.272355,182.0471,-3.9067771,24.817955,178.10153,-15.44321,9.589841,183.96257,-12.974581,20.672194,159.05081,-23.93641,-6.79335,173.0942,-14.72449,18.662012,132.14514,-31.15321,-30.494081,160.27992,-14.463182,24.585562,108.478004,-30.470905,-42.893333,142.11606,-3.8571937,2.8447866,124.12152,9.04065,-16.267626,128.11343,8.050886,-7.936559,102.92328,40.450523,-26.390224,98.395584,30.291878,-14.574034,77.432846,65.93166,-9.671403,78.36964,5.482987
17.684502,175.22453,-3.401619,21.75,177.22038,-5.9012356,15.686999,179.93857,-4.5483313,25.144508,175.7229,-16.011312,9.930575,181.57301,-13.667845,20.75109,155.99332,-24.68089,-6.4356217,170.8286,-15.106997,18.675505,129.21231,-31.068228,-30.30661,158.55215,-14.743214,24.291231,105.528534,-30.419315,-43.757816,140.73628,-4.7336307,2.7065582,122.00261,9.597317,-16.02238,126.14503,8.647345,-7.984705,101.53342,41.349922,-26.986666,97.23271,31.49985,-14.692597,77.09141,67.51608,-10.434572,78.41286,5.6720967
18.171505,172.97704,-4.0132556,22.229406,174.77943,-6.669266,16.182041,177.59132,-5.4933205,25.331806,173.10464,-16.748205,10.233311,179.2064,-14.19403,20.851736,153.11592,-24.588186,-6.0145774,168.56233,-15.299489,18.569386,126.46822,-30.79732,-30.208027,156.86444,-14.842631,23.884958,102.64323,-30.816795,-44.431595,139.66374,-4.88365,2.500443,120.070076,9.712502,-15.923848,123.993416,9.324129,-8.0860405,99.981415,41.79535,-27.560518,95.83273,32.519604,-14.714834,76.757164,69.00097,-11.015151,78.491066,5.993593
18.732407,170.61942,-4.71861,22.724699,172.35275,-7.511013,16.680157,175.16792,-6.3166113,25.657326,170.22125,-17.60133,10.696107,176.59877,-15.005202,21.141216,150.48422,-24.171278,-5.6316257,166.02419,-15.441318,18.608255,123.580925,-30.713017,-30.198902,154.71999,-15.585288,23.47442,99.81989,-31.172483,-44.748688,138.57393,-4.660074,2.4374914,117.75442,9.843337,-16.356297,122.26678,9.769796,-8.287762,98.334496,42.269333,-28.145031,94.657364,33.81536,-15.064212,76.19697,70.56829,-11.7195635,78.66351,6.630109
19.18297,168.10684,-5.311263,23.126991,169.88187,-8.139807,17.119444,172.70955,-6.749605,26.13334,167.41263,-18.204517,11.165122,173.81116,-15.711319,21.204931,147.02509,-25.002129,-5.092846,163.55139,-15.410813,18.500301,119.91026,-30.764711,-30.129955,153.65721,-15.25452,21.664736,95.73997,-33.740967,-44.07886,136.68991,-3.7562788,2.1850424,115.5517,9.584427,-16.576956,120.2782,10.189293,-8.088261,97.0978,42.85692,-29.032185,93.55024,35.230995,-15.221934,76.14456,71.8698,-12.06188,78.6203,8.314504
19.750605,165.46756,-6.0883555,23.678286,167.05446,-9.045045,17.741915,170.04674,-7.665558,26.55101,164.3536,-19.026672,11.596721,170.81104,-16.57672,21.424032,143.92648,-25.641876,-4.7779326,160.66322,-15.68402,18.176184,116.74743,-30.91596,-30.160934,151.42612,-16.143387,20.023653,92.52265,-34.946217,-43.770058,135.96443,-2.6199527,1.911957,113.3618,9.143666,-16.807354,118.26924,10.096587,-7.3297343,96.22994,42.865997,-30.71091,92.92936,36.21291,-15.571429,75.909935,72.58425,-11.72601,77.87578,13.450349
20.378021,162.69958,-7.2582974,24.32508,164.075,-10.299582,18.385635,167.14851,-9.177129,27.021624,161.01021,-20.169935,12.05448,167.51651,-17.915668,21.421898,140.59448,-25.917454,-4.148493,157.96638,-16.841309,17.911165,113.17215,-31.352211,-29.965195,149.78455,-16.910767,18.587147,88.73156,-36.177223,-43.38325,136.3502,-1.3109672,1.46367,111.14713,8.459422,-17.144884,116.005356,9.496155,-7.270258,94.50425,42.74279,-33.30279,92.23585,36.085827,-15.905496,75.512955,73.28013,-10.428353,77.07189,23.266214
20.953741,159.82278,-8.980532,24.853615,161.03288,-12.14518,19.056543,164.32393,-10.881624,27.429905,157.68008,-21.944363,12.573553,164.45023,-19.64069,21.34824,136.9228,-26.726654,-3.3697677,155.10378,-18.217447,17.07905,109.57748,-32.4043,-29.568308,148.24852,-16.929926,17.064962,85.14361,-36.57346,-42.280624,135.12148,-0.61656433,1.1124352,108.69052,7.793113,-17.06515,114.040215,8.006393,-7.6902137,92.78175,42.07252,-35.246807,90.61968,32.13473,-16.162392,74.827995,73.24919,-10.088781,77.12289,41.804787
21.646832,156.60796,-10.577169,25.439547,157.8557,-13.857328,19.723486,161.16446,-12.307285,28.183117,154.07883,-23.4322,13.413565,161.07072,-21.435146,21.384218,133.07237,-27.901876,-2.488813,152.12587,-19.418264,16.414,105.89986,-33.450092,-28.764593,146.76672,-17.860079,15.8284445,81.58613,-35.994186,-41.12359,135.97697,-0.21136071,0.8916545,105.89558,6.783481,-16.997423,111.72166,7.069593,-7.8185067,91.05731,41.476727,-33.828094,88.279465,31.11616,-15.692346,74.52741,73.45283,-16.211496,76.36809,56.546204
22.370428,153.21594,-11.816596,26.086782,154.14638,-15.286591,20.551493,157.74786,-13.730769,28.867558,150.26591,-24.52996,14.230273,157.66104,-22.751234,21.149113,128.713,-28.827177,-1.5172397,148.97607,-20.538643,15.415715,101.241005,-33.965004,-27.94555,145.4674,-17.897915,12.988517,76.21205,-36.928894,-38.890568,136.24123,1.577195,0.8770489,103.03792,6.353094,-17.03104,109.2653,6.955772,-7.8907022,89.15378,41.485043,-33.164024,86.425766,32.326424,-14.92826,74.13486,74.146416,-21.16954,75.50444,63.428837
22.97355,149.58006,-13.094167,26.831047,150.21573,-16.480707,21.29276,153.9657,-15.425902,29.018362,146.16632,-25.859236,14.632751,153.99968,-23.887686,20.965883,124.35997,-30.254183,-0.8343979,145.64433,-21.2216,14.085813,97.38004,-34.09957,-27.114958,143.65236,-16.95767,10.780464,72.32054,-36.198074,-35.762608,136.74196,4.8228855,0.6519399,101.05793,5.5996623,-17.043175,106.844444,6.979049,-8.363209,87.28436,41.189728,-33.548706,84.87607,33.329056,-14.9236355,73.19153,74.88154,-23.641886,74.94072,66.67688
23.51326,145.65558,-14.499159,27.438103,146.11841,-17.838076,21.892483,149.9251,-17.076843,29.257977,141.99481,-27.342573,15.0518,150.11397,-25.20723,21.034796,120.55194,-31.128157,-0.43210408,142.05157,-22.070751,12.373351,94.35474,-34.334053,-26.40619,141.62729,-16.255743,8.817123,69.87302,-35.067547,-32.809387,136.37547,6.734717,0.37926587,97.76478,5.5314493,-17.089333,104.04662,7.167947,-8.896438,84.76047,41.289864,-33.815723,83.42002,34.722313,-16.197943,72.41631,75.68123,-24.111038,74.13013,69.69261
23.953938,141.76382,-15.892314,27.999853,142.3835,-19.054386,22.234335,145.89687,-18.626194,29.341806,137.93945,-28.890896,15.324925,146.32065,-26.43284,20.941347,117.40112,-32.041065,0.15601602,138.8371,-22.519516,10.253389,92.399925,-34.860928,-25.534351,139.82928,-14.871396,7.2873707,68.294334,-33.938416,-29.6722,135.27045,8.883248,0.5003023,94.611946,6.006954,-16.339394,101.158165,8.074232,-9.155471,82.19749,42.14138,-34.864983,82.14984,35.235104,-17.624886,71.544586,77.29572,-24.802,73.58458,69.49131
24.844513,137.79391,-17.557268,28.746323,138.43187,-20.891848,22.998323,141.92552,-20.208204,29.296518,133.95184,-30.904457,15.827797,142.7098,-27.646051,20.792501,115.10141,-33.423084,0.6747594,135.68492,-22.955091,7.6491265,91.346504,-35.96971,-24.370857,137.14389,-13.7569275,6.9500394,67.635735,-33.202377,-25.718733,134.20395,10.661406,0.17590417,91.7279,6.985599,-16.46159,98.65245,8.781214,-9.273281,79.21481,42.828056,-35.944702,80.7467,36.530827,-18.755127,70.81873,78.4981,-27.431515,72.0089,72.22982
25.754168,134.93893,-18.943357,29.248377,135.13705,-22.750662,23.8729,139.07399,-21.55732,29.060549,130.70584,-32.437405,16.051664,139.89944,-28.338974,20.647493,113.67742,-34.659225,0.6160248,133.0427,-22.550823,6.1112933,91.25452,-37.015114,-23.909836,134.02588,-11.401644,5.9465895,67.62081,-33.370113,-20.994547,131.57018,13.087649,-0.64455795,89.39917,7.1742487,-16.652424,96.78598,9.596408,-10.135733,77.09997,42.741234,-37.07267,80.15692,37.74959,-19.265156,69.96295,79.10337,-28.634132,71.28896,73.572136
26.824015,132.36557,-20.366047,29.759708,132.228,-24.62078,24.659878,136.37337,-22.967886,28.474833,127.79704,-34.057236,16.008867,137.11125,-28.360046,19.696651,111.65936,-35.28882,1.2247686,131.15948,-21.511965,2.8784032,90.73279,-37.894196,-22.428976,130.1369,-9.027132,4.879067,67.564415,-33.65918,-16.470964,128.7428,15.004849,-1.7127,87.21441,6.8259544,-16.03385,95.38621,10.777383,-11.323697,75.21764,42.434315,-38.39382,80.228806,38.86909,-19.047483,69.935684,79.29542,-28.994698,71.28359,74.54627
27.433615,129.8873,-21.788858,29.817314,129.44588,-26.357315,25.360773,134.0671,-24.180243,27.968622,125.420975,-35.631783,16.24106,135.05626,-28.966667,18.546211,110.04281,-36.346085,1.7223432,129.5752,-20.167175,0.35626233,90.35931,-38.383068,-21.015745,126.830956,-6.1327753,3.9374597,67.62418,-33.69457,-9.9268875,125.95707,15.657818,-3.4131582,85.32543,6.6121154,-16.221046,94.09015,12.192461,-12.50014,73.448395,42.046402,-40.423813,80.81413,40.705547,-19.634195,69.020065,79.282585,-28.248676,71.378555,75.15161
27.721394,127.282364,-22.930696,29.87055,127.25768,-27.634037,25.958288,131.90782,-24.624546,27.059525,123.42628,-37.046207,16.548,133.57593,-29.33579,16.593723,107.99734,-37.107582,2.5573351,127.71668,-18.520334,-3.3850327,89.30538,-38.389114,-18.905304,123.30669,-2.9688237,2.6353536,67.22979,-33.63139,-3.7178957,121.795395,15.907139,-4.191272,83.74956,5.8819714,-16.279846,92.665054,13.016746,-13.925487,72.250374,41.457733,-40.874435,81.75305,41.586823,-19.680208,67.843414,78.60349,-27.98469,71.3612,75.73462
28.128214,124.44722,-24.17007,29.877909,124.73033,-29.024977,26.598898,129.33348,-25.269993,26.063593,121.13013,-38.337917,16.750446,131.39273,-29.424597,14.340257,105.79881,-38.512005,4.0410757,125.09874,-16.392467,-6.9044733,88.5902,-38.311825,-15.990287,119.53275,0.8614772,0.34791622,66.65222,-34.67856,3.0584772,116.89498,15.408757,-5.4701114,81.98696,4.5851583,-15.415081,91.873405,14.484452,-16.289913,71.78204,40.755466,-41.11816,82.50727,43.235428,-20.767593,67.40119,78.08051,-27.251165,71.53992,76.71116
29.176434,121.73951,-25.580465,30.505968,122.39642,-30.532444,27.242376,126.54064,-26.284832,25.545536,118.79983,-39.45913,17.284262,128.79129,-29.339802,12.824395,104.08743,-39.46688,5.7452283,123.52336,-15.321704,-9.577351,88.02055,-37.490726,-12.314355,116.97156,3.8234422,-2.7963102,65.67716,-34.990387,9.35166,111.64285,13.557143,-7.520817,80.53974,3.3697927,-14.645559,91.06507,14.983965,-21.053059,74.88852,40.50416,-39.916653,83.81388,45.53757,-22.30951,68.42411,77.92796,-27.542246,69.38961,78.76233
29.692125,119.622185,-26.43957,30.843285,120.5323,-31.398329,27.563564,124.37313,-26.88375,24.83529,117.09767,-40.05503,17.58268,126.89827,-28.954958,10.596134,102.63262,-39.94881,7.4194765,121.27831,-14.412883,-12.148663,87.42713,-36.14858,-7.313725,114.603806,7.39285,-4.861994,65.564964,-35.18328,15.258646,105.8397,11.837342,-9.392613,78.93829,2.5782058,-14.365377,90.40757,15.050379,-24.121552,76.43692,39.442505,-38.731163,85.31219,46.845505,-24.388807,67.96175,76.57192,-28.467308,68.421936,79.70648
30.148642,117.54143,-27.549213,30.926594,118.41175,-32.58705,27.864319,122.225464,-27.896881,24.047201,114.90875,-40.579174,17.786108,124.731804,-28.845907,8.8185625,100.66672,-39.65335,9.085241,119.34561,-14.002558,-14.399761,86.659706,-34.513832,-0.69920117,111.93814,10.083558,-5.7066064,65.460815,-35.422703,20.636854,100.35408,9.764854,-10.3343725,77.78941,2.6006017,-14.363084,89.44714,14.543503,-26.129694,78.00542,39.289818,-36.559,84.17419,47.73528,-30.218493,69.801865,74.99594,-30.90331,69.61187,82.03711
30.495396,114.91147,-28.84568,30.506529,115.58161,-33.966972,28.205042,119.61514,-29.022608,23.079508,112.55501,-41.22842,18.05903,122.20357,-28.88269,6.442032,98.563446,-39.802067,11.096506,116.515144,-13.678574,-16.99206,86.176025,-33.307148,6.575773,109.47965,11.834075,-6.5855784,65.57255,-35.726894,25.479895,94.873245,6.3577127,-10.72781,75.91006,3.3908553,-14.034853,89.030655,14.426747,-28.343971,81.73591,40.49905,-35.3962,84.8841,48.215473,-33.308727,69.80931,76.72963,-34.55051,70.737465,83.00751
30.805157,112.30847,-29.946177,30.440012,112.94635,-35.061825,28.464289,116.983444,-29.98795,22.397873,110.15439,-41.68532,18.394186,119.584595,-28.785616,4.6506395,96.89314,-39.478466,13.352419,113.91514,-13.187691,-19.081123,86.12292,-32.401157,13.478224,106.96172,12.846526,-7.4926596,66.0422,-35.688587,28.889502,89.84608,3.434932,-12.0734005,75.68976,5.262824,-14.056664,88.59666,14.581346,-30.87815,86.49693,41.845016,-34.724514,87.807144,48.264732,-34.506687,70.733696,78.01416,-38.0591,73.78189,81.97325
31.056393,109.82376,-30.940899,30.150564,110.260025,-36.005795,28.36526,114.30731,-30.864363,21.960718,107.29208,-42.130917,18.407827,116.507034,-28.988186,3.7250621,94.90706,-39.27642,15.785899,110.479256,-13.623339,-20.571661,85.82788,-31.98082,20.598135,103.810425,12.0167055,-8.643289,65.92774,-35.646385,32.04231,85.4835,0.45462102,-13.110074,76.81306,7.8249264,-13.189979,85.31697,15.494096,-32.010605,90.98577,42.674404,-32.567776,83.65903,49.30519,-41.269283,76.50662,78.10852,-40.729504,72.719955,83.57866
30.521835,107.03083,-31.715488,28.972351,107.21432,-36.63957,27.53966,111.3201,-31.430899,20.711475,104.21543,-42.17543,18.099699,113.837555,-29.048021,3.1515467,93.395294,-38.39845,17.355658,107.21323,-13.660483,-21.781435,85.97029,-30.760366,26.83769,100.349785,10.651205,-8.925998,66.6945,-35.254826,34.484543,81.06559,-2.6151466,-14.97656,76.79578,9.126227,-13.200139,84.74342,15.866823,-31.547703,92.94931,43.719997,-30.397335,81.40358,49.77109,-46.141186,81.075905,78.15729,-40.7041,70.2934,84.40605
30.25159,104.38239,-32.039665,27.760069,104.24021,-36.555004,27.36599,108.70979,-31.455967,19.582697,101.36948,-41.635624,18.068329,110.99455,-28.434301,2.5992436,92.43864,-37.623535,19.294186,104.05496,-13.772018,-22.53654,85.81083,-29.36498,32.495,96.4241,8.27087,-11.689945,65.903175,-35.126595,36.88517,76.55703,-5.541006,-16.555706,74.831566,9.149899,-11.898719,83.419495,16.593288,-30.436634,89.70582,44.7527,-28.231737,77.35189,50.72563,-50.31438,86.23817,77.197205,-42.63861,71.18507,84.8591
29.950535,100.33991,-32.98723,26.840252,99.95387,-37.08429,27.21946,104.74379,-32.269444,18.580122,97.65162,-41.820095,18.349924,107.447586,-28.57706,1.9486585,91.20058,-37.183804,20.51409,100.19013,-14.857122,-23.351679,85.645325,-28.147081,36.882305,92.90088,4.9089437,-13.582725,65.19786,-34.201195,38.515778,72.11996,-8.810792,-17.885424,74.78248,10.540829,-11.288273,82.3333,17.1712,-30.24832,88.533516,46.673954,-28.241243,75.18192,51.159283,-50.656998,86.927986,80.0178,-43.546463,70.47828,85.466095
29.307228,95.88504,-34.279877,25.957447,96.29718,-38.188007,27.371344,100.637054,-33.186142,16.893753,95.06272,-42.092003,19.007366,103.77967,-28.381176,1.6027198,90.18777,-35.953594,22.00911,95.811485,-16.257452,-24.310139,86.827965,-26.616682,40.02148,90.09419,2.6650064,-15.956897,65.90174,-33.68784,39.461887,69.00795,-10.152984,-18.933458,76.6312,10.754303,-10.32427,80.67079,17.590513,-28.748098,84.95617,48.78707,-27.009613,72.17357,52.474167,-50.675205,88.25769,80.779305,-45.674652,71.82195,85.74539
28.133717,91.91786,-35.80089,24.627295,92.58869,-39.528877,26.4722,96.701935,-34.46458,15.078325,93.38296,-42.564053,19.339748,100.45692,-28.433035,1.9180549,88.30735,-34.00421,22.27106,92.523705,-17.122776,-23.587198,87.68494,-25.075493,42.04308,88.61148,0.88904244,-17.608,66.4942,-32.722935,39.328022,67.36453,-10.620329,-19.365862,77.78174,10.783865,-10.590118,80.12942,17.51025,-27.16957,80.71208,49.93972,-25.254501,73.31875,54.271717,-48.755264,84.855125,81.350334,-46.88098,73.49148,85.592255
26.334599,87.56642,-37.738865,22.484138,88.88597,-40.91949,25.498972,92.43058,-35.984837,13.054014,91.46415,-42.782482,20.123537,97.142525,-29.146667,2.476546,86.77925,-32.982273,22.401806,91.122,-17.917036,-22.63824,87.4921,-24.0977,42.87885,88.56382,0.21764202,-15.076153,66.17514,-31.966043,38.384514,67.18717,-9.734181,-17.762728,78.42997,12.595257,-9.475478,80.20407,18.742258,-27.595694,77.92564,51.60623,-25.455078,72.044655,54.90357,-49.492203,92.57696,79.07815,-46.141396,76.87669,86.126465
24.364712,82.025,-39.71307,20.241436,84.08294,-42.03477,24.901937,86.955055,-38.017315,11.195225,87.979,-42.475018,21.223503,92.143845,-30.244286,3.2121067,83.583626,-30.828548,23.030424,88.423485,-17.40962,-23.2515,87.3049,-24.799173,43.355816,88.61391,0.6594181,-14.73308,66.12964,-30.366106,37.821114,67.359276,-9.121711,-15.3547125,77.6463,14.376604,-8.015542,79.80635,20.055185,-30.328033,74.73215,52.01118,-24.28113,72.98187,56.489807,-46.46044,100.52916,75.99036,-46.921837,82.420395,85.42706
21.321848,76.61483,-39.90215,18.083834,79.321884,-42.857613,23.273336,81.391205,-39.02099,9.137087,84.77412,-41.74824,21.093626,87.89923,-31.103035,4.5764923,80.02221,-27.373266,22.463955,84.76017,-17.28746,-22.477713,87.43141,-26.789543,42.389397,88.362404,0.76286733,-12.279103,64.89664,-30.065609,36.115906,67.47923,-9.270099,-14.859865,76.95105,15.931378,-7.7683363,79.68666,21.892796,-32.956776,76.263756,51.997486,-22.242107,77.03316,59.86718,-39.905228,111.74948,69.860916,-45.96635,89.38796,85.105385
19.184872,73.055466,-40.27403,15.669017,75.84943,-42.79684,21.623177,77.68582,-40.108067,7.2590265,81.94165,-41.10079,20.693449,84.87916,-32.37893,4.472378,75.26502,-23.968203,21.525663,81.638824,-17.546768,-18.21336,91.285515,-30.001312,40.60472,88.52388,0.19039252,-12.7420845,65.48849,-29.51845,34.20423,66.74101,-8.368136,-13.444865,77.18791,17.766691,-7.8788786,79.6165,23.329885,-33.29339,79.999115,52.322784,-21.772343,78.2537,61.650925,-34.77976,117.589615,66.37318,-43.11186,97.5149,84.42767
18.59592,70.59893,-40.995327,14.665854,73.16692,-43.10705,20.6569,75.405365,-40.841568,6.642187,79.299324,-40.907394,20.726782,82.65139,-33.53337,2.287377,74.80021,-25.663593,21.524046,80.175896,-18.380066,-22.296259,89.27187,-25.312752,39.787964,88.11488,-0.3209491,-14.074025,65.470825,-28.445625,32.59414,66.12732,-8.388133,-11.323264,76.69874,18.823044,-6.8791904,79.168144,24.26835,-34.167347,80.15834,51.49841,-20.929857,78.455246,62.572945,-32.944653,116.525665,65.17736,-34.86657,104.759125,83.55572
16.700872,69.33131,-41.494083,12.757921,72.273186,-43.026062,19.158598,73.94854,-41.516705,5.2704086,78.544395,-40.491085,20.136732,80.996605,-34.063118,0.6307213,77.75442,-28.564049,20.902111,79.23463,-18.851578,-24.361868,86.17708,-21.633596,38.7622,88.024635,-0.9650349,-14.347929,64.84663,-27.928936,31.256124,65.70164,-7.866245,-10.866191,76.36961,19.037302,-6.4148893,78.88774,25.456831,-34.440197,79.850914,51.467606,-20.94239,78.590805,63.629463,-31.930883,115.4772,65.78835,-22.271343,112.56072,81.020935
13.912539,68.589134,-42.261784,10.36974,72.17313,-43.38716,17.077875,72.73344,-42.56281,3.3128474,78.57368,-40.432438,18.839811,80.16691,-35.375656,-1.5028578,78.88112,-29.695776,20.347282,79.12466,-19.64558,-25.468763,84.330376,-18.622833,38.070957,88.37429,-1.7790956,-15.394735,64.41803,-27.888676,30.83148,65.65855,-6.7384477,-11.727458,76.061676,19.414217,-5.17473,79.58607,26.623621,-33.988724,78.519936,52.9674,-18.367046,79.71067,64.63717,-27.858862,114.526726,65.98387,-13.279352,114.9525,78.76398
12.012828,68.87092,-43.097206,8.766778,72.667404,-44.39354,15.47647,72.77607,-43.37816,1.8774478,79.18477,-40.326305,17.70316,80.02579,-36.02998,-3.8616064,80.22475,-29.53932,20.346607,79.30719,-19.956179,-27.623093,85.20429,-18.63421,38.022465,88.80772,-2.000093,-17.857334,65.05001,-27.547731,30.180525,66.34216,-6.3011355,-13.630355,76.82458,19.137339,-3.3760748,78.947845,27.180775,-32.17923,78.607864,55.235527,-16.042412,79.73,65.58802,-23.86613,114.6,67.698654,-5.950047,115.142334,76.36354
10.629319,69.74115,-43.916714,7.720563,73.818436,-45.15616,14.427775,73.308334,-44.207226,1.192638,80.350334,-40.109573,17.215963,80.205666,-36.56308,-6.869386,80.54129,-28.728998,20.632727,79.38765,-20.517958,-32.167652,85.150856,-19.414755,38.32685,88.761894,-2.3919382,-21.102318,65.01198,-26.90841,29.479067,66.56696,-6.118842,-13.663479,76.955246,19.46966,-1.4025311,78.69563,27.477085,-31.610231,77.21947,56.233753,-11.773169,79.45622,66.09873,-20.771324,112.79027,68.765465,-0.2648114,113.50567,75.98895
9.206466,70.64191,-44.177933,6.4282985,74.78001,-45.537838,13.10202,74.09714,-44.536846,0.63975126,81.640884,-39.611397,16.890713,80.72113,-37.37735,-8.239512,82.10289,-27.87538,20.351845,80.29285,-21.188696,-33.886856,85.781944,-18.51272,38.62817,88.64895,-3.2112467,-24.47546,65.23282,-26.166502,28.295279,67.237076,-6.335937,-13.898177,77.91718,18.989943,-0.2756805,78.97283,27.317774,-28.384672,76.1574,56.358803,-9.794965,78.56281,66.195145,-19.736658,111.02621,69.584175,5.149436,111.25593,76.08601
6.7586865,71.85901,-44.46194,4.3978124,76.257996,-45.79479,11.003185,74.78741,-45.37576,-0.50080794,83.518585,-39.360367,15.738566,81.31965,-38.348618,-10.1200695,83.73946,-27.264229,20.04785,80.65124,-21.989595,-35.255806,86.597595,-17.240837,38.33602,88.12878,-3.5228038,-26.625542,66.216965,-25.776472,27.81423,66.48904,-6.4248457,-13.09965,79.27481,19.896116,0.38191372,79.36497,26.818466,-24.03693,75.70635,58.02745,-10.279429,77.49685,65.83155,-14.420453,110.236855,69.41022,9.860423,108.093636,75.576454
4.2227902,73.2104,-43.730923,2.5102868,77.78266,-45.45491,8.835085,75.59797,-44.366142,-2.0498457,85.49857,-38.808033,14.105295,82.39116,-38.986584,-11.235118,84.92936,-26.858515,19.628536,81.66186,-23.556583,-36.12293,85.63804,-15.83054,36.946716,87.07615,-4.086857,-27.21306,65.65222,-25.564949,25.340212,66.70947,-6.6296086,-12.243684,80.398476,21.158428,0.55676377,79.610435,25.433865,-23.372538,75.800415,58.39655,-5.414722,77.36754,64.435684,-10.149304,109.579414,69.179184,15.655516,104.44544,75.269936
2.050068,75.089935,-43.2135,0.5003449,79.70753,-44.94326,6.744663,77.14845,-44.291134,-3.346918,88.050575,-38.57315,12.56202,83.64761,-38.950516,-11.421273,86.30213,-26.55342,19.13218,83.29301,-24.216873,-36.343315,85.155525,-15.437007,37.73886,86.99261,-5.2658653,-27.339092,65.86851,-25.94932,25.559216,66.97085,-5.8590193,-11.5507555,81.211845,21.788958,1.2661283,80.17662,24.897375,-22.592964,76.042145,58.920025,-2.5625362,77.01704,63.913055,-7.5056744,108.93563,68.13463,17.109053,103.72106,75.59902
0.36038437,76.34524,-42.50195,-1.3951557,80.938576,-44.078823,4.9371433,78.498825,-43.852528,-4.4292808,89.80206,-38.833744,11.303144,84.884476,-39.30464,-12.34759,87.917114,-26.62862,18.285986,84.304184,-25.624899,-36.611954,85.055664,-15.345747,37.050385,86.90853,-6.780747,-27.95621,65.9267,-26.731161,26.392803,65.53301,-7.182533,-11.31649,81.38188,22.40824,0.844531,80.314896,23.758337,-19.746397,75.49399,60.499104,-1.7059492,75.98411,62.99872,-2.7688615,107.39799,68.951065,19.103514,100.51373,78.24993
-1.4034956,78.55555,-42.374783,-3.007942,83.39268,-43.317436,3.211912,80.710045,-43.560493,-5.7550273,92.05142,-39.148422,9.987823,87.02027,-39.777317,-12.86685,90.337,-26.540253,17.631212,85.305855,-26.224741,-36.714836,85.07788,-15.090264,37.60006,86.154076,-8.072549,-28.46744,66.08113,-26.873053,25.377691,65.468544,-8.155646,-10.888468,82.950554,23.611969,0.46620476,80.248375,22.867756,-15.57245,73.33179,62.914574,-3.3376145,73.79576,62.22753,2.5833488,105.185646,69.60495,21.155874,94.52179,77.90817
-3.0883448,80.9129,-42.06113,-4.5479484,85.88098,-42.378162,1.287336,82.91125,-44.107304,-7.027017,94.44643,-38.607536,8.464922,89.32614,-40.641132,-12.511428,92.24452,-25.255665,16.649382,85.3005,-25.789837,-36.129913,84.99024,-14.472229,38.000416,85.679726,-9.187887,-28.58826,66.406265,-27.162119,23.759346,66.01372,-8.770095,-9.756532,83.090454,24.465233,2.0286727,79.079506,22.304676,-13.735603,72.72083,63.53459,-4.9010725,69.94461,60.828926,8.966061,101.58046,70.54739,21.129988,92.154945,76.75228
-4.9765096,83.80392,-41.304096,-6.17861,88.84608,-41.083782,-1.173271,85.71196,-44.359676,-7.5099277,97.13469,-36.89842,7.409553,90.62715,-40.263577,-12.698528,93.95895,-24.526527,16.358032,86.751656,-26.305235,-35.63132,84.783035,-14.260506,37.007816,84.58631,-9.5421715,-28.515156,66.415825,-27.694784,23.691357,65.15934,-10.145287,-7.778312,83.65622,24.534405,3.7290926,78.13443,21.314135,-12.390964,73.12994,63.53757,-5.8132772,68.900734,58.81772,12.9056635,99.34056,71.77504,21.564362,88.45447,76.40518
-8.486595,87.26056,-41.44371,-9.075865,92.29208,-40.33771,-4.1562486,89.099724,-43.737915,-7.772442,99.73884,-34.576824,5.062671,92.15272,-41.451534,-12.407479,96.56084,-23.30009,15.921389,86.98088,-26.49895,-34.53027,84.83163,-14.574199,38.119846,84.55115,-10.813114,-28.273958,66.33405,-28.569267,25.145159,65.16166,-10.471589,-5.5692534,84.69551,24.846703,5.1297626,77.288086,20.377995,-12.564082,75.109924,63.24386,-5.364539,68.906075,57.036472,17.047468,95.10141,72.55599,21.774439,83.31091,77.71388
-10.699708,90.61254,-40.604626,-11.049334,95.56334,-39.14534,-6.745527,92.54872,-43.420265,-7.7034245,102.24509,-32.660625,3.2225363,94.54851,-41.88107,-12.506027,98.93977,-22.271246,15.156522,88.975685,-27.687115,-33.33818,84.94347,-14.1161585,38.406857,85.38853,-13.792148,-28.39708,66.59396,-28.77254,26.01574,65.67794,-11.13274,-3.007829,85.55163,24.850473,6.7366223,76.274734,19.781616,-12.658865,79.15519,62.523476,-5.777517,68.78126,55.49297,20.745306,88.213684,75.20101,21.59991,80.83828,77.63433
-12.903498,94.34422,-39.237003,-12.681497,99.140594,-37.33511,-9.846893,96.50969,-42.877712,-7.74372,104.7532,-30.694645,0.95658726,97.44198,-42.173355,-12.27417,101.05346,-20.929556,14.167193,90.868614,-29.15553,-32.025063,85.070015,-13.803275,38.056164,85.79253,-16.90032,-28.380537,66.93531,-29.16599,26.33008,66.258865,-11.987119,-0.9239105,85.85024,24.708775,8.741352,75.53721,19.396326,-10.893573,82.82319,62.690464,-6.333134,68.74124,54.479046,23.495274,83.970795,76.29848,22.259342,78.631935,76.68652
-14.059561,97.21824,-36.971863,-14.337656,102.0841,-35.238544,-11.379703,99.562904,-40.790325,-8.284153,107.3598,-28.431202,-0.65827155,100.95894,-41.172714,-12.256349,103.96153,-18.792658,12.951627,92.48324,-30.214308,-30.430061,85.529366,-13.463299,37.382236,86.49535,-18.938452,-28.865751,67.342865,-29.451363,26.542978,66.8487,-13.174186,-0.4523406,85.09227,23.648668,9.347578,73.79453,17.873783,-10.031192,83.655655,62.428776,-5.7560554,68.99512,53.662296,25.745228,82.077835,74.96398,24.541447,79.24474,74.0614
-15.979617,100.63545,-34.55853,-15.276739,105.33934,-32.536243,-12.9649315,102.6837,-38.297146,-8.664661,110.21293,-26.46393,-2.879582,103.69121,-40.094193,-12.021886,106.2258,-17.009768,11.9943,94.4733,-30.559376,-28.813322,85.95061,-13.247442,36.39726,86.84612,-21.31604,-28.728409,68.12963,-29.690294,25.650587,66.71847,-15.77588,1.3436754,86.460335,23.24067,10.6796665,73.525604,17.18452,-9.240159,85.94371,61.83553,-4.9997926,69.35276,52.723366,26.902647,80.26927,72.92333,26.600965,78.58156,71.641426
-18.064089,105.29562,-31.496895,-15.375229,109.389946,-29.870058,-16.353636,107.012886,-36.125137,-7.7351832,113.01248,-24.7082,-5.8059196,106.11164,-39.219257,-10.827245,108.32941,-14.198884,10.744932,95.713715,-31.655062,-26.750065,86.92965,-13.035326,35.173157,86.50826,-24.086113,-27.845434,69.246895,-29.682486,22.658321,66.46647,-18.608795,4.4320855,86.73416,23.546926,11.1711645,72.74865,16.636648,-6.7858396,89.34102,61.67547,-6.0538483,69.74351,51.80634,29.08623,79.8764,69.83899,28.3306,77.53606,69.18184
-19.178902,109.35239,-28.711267,-15.630471,113.02163,-27.966278,-18.472702,110.81145,-33.68945,-6.8789167,115.48312,-23.60064,-8.424411,108.33248,-38.132904,-10.045237,110.40398,-12.159555,9.230053,97.252235,-32.688454,-24.84387,88.32464,-12.462066,33.325024,86.13519,-25.29468,-26.726885,70.83766,-29.322481,19.718529,66.442566,-20.669783,8.174781,86.24788,23.73932,11.05066,72.215996,15.202474,-3.9686215,92.26136,61.284008,-6.8689733,69.46967,50.210697,31.212845,79.95727,66.66988,28.327095,75.734764,67.59118
-19.653894,112.63855,-26.029835,-16.003954,116.255196,-25.60567,-19.53561,114.23188,-31.01502,-6.393226,117.90121,-22.499063,-10.377287,111.066826,-36.816406,-9.262785,112.40064,-10.46323,8.035457,98.374535,-33.222355,-23.029282,89.66058,-11.054225,31.780285,86.52186,-26.498886,-25.210613,72.91412,-28.569538,18.108166,66.89962,-22.406946,10.049216,86.40486,22.956163,10.779486,71.91536,13.318344,-2.9671369,91.51697,60.24861,-7.431631,69.760574,48.430233,32.81234,79.45261,64.014114,28.30047,75.08897,65.213715
-20.012463,115.633865,-23.348589,-16.05719,118.94731,-23.406609,-20.389177,117.25224,-28.317755,-6.0978928,120.14479,-21.75639,-12.612062,113.657906,-35.31661,-8.411455,114.13702,-8.923435,6.6445875,100.47002,-33.439682,-21.512129,90.925804,-9.476095,30.050833,87.74091,-28.652672,-23.82633,74.83933,-27.434696,17.179243,67.53627,-23.748648,12.284715,86.07576,21.099749,10.199338,72.35962,12.199611,-1.1264907,91.7396,58.052837,-8.278706,69.64708,46.829308,34.58705,78.87631,61.319748,27.37813,73.65262,64.31993
-20.0274,118.24951,-20.643353,-16.1142,121.57447,-21.19262,-20.85486,119.67413,-25.62188,-5.944498,122.429695,-21.07723,-14.615163,116.102554,-33.576572,-7.1880655,116.09177,-7.835596,5.40145,101.64167,-33.68929,-19.701385,92.63424,-7.445159,28.544806,88.37644,-30.988447,-22.623777,76.83054,-25.48056,16.275396,68.36629,-24.404848,13.952353,85.70414,19.340832,10.086393,71.80343,10.71507,0.5491288,91.71493,56.410492,-9.628856,69.665726,44.515293,36.38683,78.21478,58.301098,25.501848,72.513405,62.672768
-19.655859,120.52723,-18.350948,-15.8623495,123.895966,-19.357527,-21.14901,122.03952,-23.14103,-5.634216,124.42136,-20.452456,-15.773829,118.19101,-31.851566,-6.0601625,117.83328,-6.9278984,4.1927714,103.77843,-34.151333,-17.685225,94.04736,-4.8430066,26.693731,89.2735,-33.536186,-21.563538,78.76997,-22.814484,15.410216,68.93453,-25.096252,14.525814,85.374435,17.691544,10.697529,71.1629,8.695896,2.1295717,91.75202,55.48451,-10.930936,69.89524,41.53023,37.624916,77.744225,55.34019,23.040571,71.500694,61.780315
-18.734352,122.22407,-15.954191,-15.089321,125.64046,-17.283201,-20.717295,123.78834,-20.544262,-4.968293,126.2151,-19.266533,-16.090502,120.27899,-29.879747,-4.241438,119.00734,-5.8082747,2.8356318,104.919975,-34.30223,-15.17256,95.05449,-1.9795331,24.318285,89.4618,-35.897522,-20.8635,80.36805,-19.994978,12.900456,69.76476,-26.733303,15.696272,84.955284,16.368366,11.746693,70.810555,5.7022634,4.4080234,91.94533,53.878456,-12.484748,70.28291,37.80698,38.898407,76.84626,52.830795,17.558237,69.61238,61.056915
-17.965025,123.78812,-14.027833,-14.432856,127.17735,-15.679982,-20.360153,125.36045,-18.414349,-4.4172654,127.72019,-18.29941,-16.372221,122.1739,-28.15117,-2.6027737,120.25065,-5.0810747,1.6130053,106.083595,-34.434975,-13.196646,96.134056,0.49307004,22.251741,89.5045,-37.102962,-20.890835,81.45712,-17.173622,11.44187,70.10049,-26.57376,17.071165,84.08662,14.848629,12.154794,71.39771,2.4761357,5.8224173,92.03,53.012794,-12.878129,70.81668,33.677135,38.89216,75.77921,50.29356,13.868753,69.12541,60.13781
-17.16865,124.995285,-12.266777,-13.740776,128.48058,-13.944807,-19.728275,126.6393,-16.52779,-3.9456534,129.02747,-17.40246,-16.535532,123.509415,-26.502363,-1.061708,121.11018,-4.3629127,-0.015220565,107.273315,-34.4748,-11.084076,97.385574,3.4648855,19.603664,89.51582,-38.75942,-20.77103,82.80492,-13.323749,8.65808,71.06187,-26.723515,17.514223,83.375725,13.336571,13.586723,70.851,-0.47342658,7.7676754,92.505554,51.43161,-13.360731,72.25742,29.421152,40.292744,75.663055,48.222946,9.988539,69.31153,58.884857
-16.08648,126.205925,-10.327917,-12.790914,129.67496,-12.2858305,-18.786827,127.53445,-14.616428,-3.1445816,130.07146,-16.25032,-16.32408,124.55038,-24.506006,0.6454039,121.62774,-3.8399477,-1.8856112,108.530975,-34.599495,-8.600791,98.56418,6.5566196,16.822594,89.39745,-39.971012,-20.27014,83.93708,-8.881412,5.7399683,71.85194,-26.587662,18.555048,84.0485,11.647102,12.771847,71.79712,-3.3033314,8.849398,92.4702,49.631947,-14.234078,73.66762,25.917194,41.67064,75.75095,45.12369,7.0686,69.23168,56.29281
-15.231832,127.188545,-8.836444,-12.007361,130.65854,-10.912268,-18.0279,128.44267,-13.092355,-2.5301273,130.97719,-15.377536,-16.177721,125.72387,-23.002253,1.9551511,122.06228,-3.1893132,-3.1410341,109.13499,-34.205185,-7.053163,99.85672,9.189625,14.554207,89.10281,-40.58852,-20.359648,84.93435,-4.5684524,2.8733952,72.782074,-26.55778,19.449873,83.620834,10.068008,12.949141,72.04451,-6.046424,9.251745,91.84292,48.07459,-14.701161,75.296486,23.018276,42.014454,75.325066,42.34396,6.1819844,69.58244,53.682076
-14.710429,127.46396,-7.9688063,-11.545836,130.95947,-10.099974,-17.605236,128.73645,-12.149072,-2.2485847,131.23982,-14.888995,-16.17395,126.07736,-22.085775,2.5407867,122.13991,-2.8074155,-3.827794,109.32165,-34.08649,-6.139779,100.37351,10.611588,13.222779,88.97796,-40.94685,-20.56127,85.341995,-1.6236764,1.599512,72.947395,-26.505503,19.972586,83.351166,9.089876,12.881257,72.083755,-7.642564,9.8539295,91.86837,47.181015,-15.018813,76.11243,21.065546,42.23882,75.06036,40.89238,5.522023,69.61405,51.964714
-13.801389,128.05447,-6.6671367,-10.67528,131.59502,-8.778502,-16.805326,129.46281,-10.72257,-1.6116045,131.82957,-14.036224,-15.974182,126.906006,-20.702768,3.7012153,122.343475,-1.7863536,-5.108481,109.964485,-33.65677,-4.87448,101.56239,13.157641,10.738598,89.107735,-41.22633,-20.970676,86.54397,3.0508592,0.065299004,73.16745,-26.09764,20.867373,82.50377,7.1606855,12.178372,71.94522,-10.464605,11.659594,92.414474,45.500042,-16.037285,77.84411,17.815504,42.691402,74.18147,38.548943,3.956849,69.71523,48.905228
-12.917205,128.88309,-5.300504,-9.839635,132.4054,-7.503081,-15.97025,130.18684,-9.355783,-0.94877106,132.44904,-13.093763,-15.564143,127.683205,-19.276121,5.046721,122.46275,-1.0849198,-6.474157,110.66754,-33.18693,-3.4960353,102.56829,15.207675,7.4794464,88.708694,-40.839977,-21.045341,87.89818,7.4498453,-2.592086,72.839485,-24.957998,22.841114,81.80593,4.9695854,12.00329,72.31338,-13.37943,12.983782,92.700386,43.27908,-16.801437,79.51189,14.522057,42.626747,72.65948,36.638176,2.66796,69.93216,45.912094
-11.941045,129.2972,-4.1559696,-8.800646,132.81189,-6.28645,-15.053296,130.8903,-8.05823,-0.16964166,132.64603,-12.29242,-15.153557,128.22789,-18.018707,6.21957,122.48799,-0.8098962,-7.800708,111.41237,-32.383118,-1.8536552,103.77332,16.948135,4.200363,88.51798,-40.002995,-21.030891,89.49484,11.822431,-5.439988,72.79419,-24.036785,24.051243,81.537636,2.5113003,11.491191,72.626045,-15.636865,14.352506,92.45502,41.223225,-17.155523,81.3454,12.038439,42.711685,71.42403,33.61038,1.3723952,70.46378,43.527527
-10.980514,129.59166,-3.079236,-8.0101,133.24634,-5.2180753,-14.287755,131.2164,-6.7967625,0.484915,133.01028,-11.5827875,-14.716388,128.83113,-16.866982,7.436718,122.43293,-0.85279083,-8.717926,112.26881,-31.504198,-0.120747454,105.74458,18.959297,1.4056925,88.44687,-39.230072,-20.51959,92.8358,15.57297,-6.6396875,71.92318,-22.976542,24.567747,81.37023,0.2915942,10.739361,73.098076,-17.19816,14.828727,92.07391,39.29687,-17.91478,82.76171,9.83736,43.03398,70.32584,29.654963,-0.5896555,70.694466,41.692547
-10.28903,129.90024,-2.0801077,-7.336291,133.51753,-4.310679,-13.6195545,131.47144,-5.8045487,0.9542972,133.24454,-10.923377,-14.395672,129.16573,-15.721174,8.984797,122.41059,-1.340273,-9.60014,112.982574,-30.522306,1.7610897,107.184875,19.904589,-0.988771,88.59224,-38.422215,-20.1014,96.73371,18.739843,-6.9797173,70.80091,-22.580673,23.619967,81.343956,-1.0508027,10.02441,73.14556,-18.423588,15.733131,92.29438,37.4965,-18.513163,84.71005,8.615376,42.980114,69.92672,26.540272,-2.2340689,70.977875,39.883167
-9.759949,129.92198,-0.77504057,-6.760526,133.6751,-2.682227,-12.957466,131.6461,-4.547062,1.1396419,133.42545,-10.029174,-14.333549,129.281,-14.335256,10.204276,122.24547,-1.8822466,-11.013921,113.36813,-28.859678,3.316384,108.35336,20.518473,-3.1175346,89.01621,-37.354263,-19.726852,100.975334,20.871935,-6.1752834,69.349915,-22.646126,23.240278,80.374306,-4.124019,8.579954,72.793785,-18.838793,17.312796,92.49801,35.131943,-19.275032,86.300705,7.2405663,43.43658,69.86335,24.224493,-4.109799,70.99464,38.08647
-9.296955,130.02478,0.4643047,-6.2436137,133.88939,-1.1054198,-12.41947,132.01656,-3.233536,1.3713237,133.45273,-9.100599,-14.228407,129.57658,-13.000212,11.2734585,122.29346,-2.584957,-12.14862,114.04641,-27.548368,4.5702076,109.87516,20.652676,-4.7238355,89.631,-36.4535,-18.861774,104.32001,22.67191,-6.3033223,68.70752,-23.29374,23.640003,79.26273,-6.1852436,7.3644547,72.45652,-19.095129,17.744812,92.38687,33.53424,-19.945023,87.63266,5.950318,43.40196,69.921974,21.951344,-5.195197,71.25715,36.375904
-8.927884,129.9715,1.5594329,-5.940653,133.86615,-0.05735382,-12.24316,132.12202,-1.8725927,1.4971066,133.52003,-8.222647,-14.181343,129.67117,-11.763485,12.244746,122.23721,-2.8924596,-13.101148,114.54005,-26.01965,5.389785,111.12562,21.047993,-6.042299,90.31577,-35.653088,-18.224262,107.2764,24.022633,-6.9396553,68.39697,-24.322906,24.010843,78.71398,-8.237233,6.637424,72.45884,-19.72769,18.598389,92.70144,31.843073,-20.388428,88.42824,5.0009103,43.37067,69.58385,20.204117,-5.7601304,71.340706,35.090946
-8.630395,130.12386,2.5852916,-5.693353,133.88333,0.6036099,-12.059166,132.07423,-0.8570558,1.6397489,133.42088,-7.4248223,-14.115516,129.51837,-10.660074,12.538687,122.29751,-3.0145695,-13.503139,115.11267,-24.945137,6.342088,112.04904,21.433104,-6.9202,90.97416,-34.962975,-17.43024,109.67164,24.32939,-8.308264,68.7717,-24.68504,23.982103,79.10158,-9.39591,6.457979,72.67892,-20.281054,19.0977,92.41222,30.874443,-20.84099,88.79672,4.0339017,43.158554,69.38054,18.480707,-5.715598,71.519264,33.886192
-8.506345,130.10477,3.517292,-5.6251965,133.89844,1.5047766,-11.978267,132.01643,0.09762394,1.5813835,133.47037,-6.6069784,-14.218248,129.59421,-9.645323,12.698868,122.35437,-2.6188326,-13.514571,115.44312,-24.406694,7.1155963,112.6803,22.168737,-7.576771,91.01901,-34.097874,-16.82027,111.77141,24.138063,-7.588638,67.56701,-26.792215,23.821072,79.810555,-10.028452,6.13492,73.1792,-20.80092,19.054808,92.19041,30.371553,-21.340918,88.75925,3.2183144,42.62343,69.2008,17.144619,-5.8608503,71.58822,32.836304
-8.414999,130.00124,4.330467,-5.4746103,133.82596,2.4752722,-11.833827,132.0266,0.929278,1.4244094,133.61398,-6.0007496,-14.346959,129.63661,-8.7403,12.74848,122.67028,-2.3468933,-13.400125,115.56443,-23.896559,7.6712127,113.27596,22.687172,-8.165499,90.875015,-33.352192,-16.315609,113.65197,23.813974,-7.621395,66.90628,-28.219425,23.94265,80.184235,-10.406397,6.4559727,73.29034,-21.257168,18.925446,91.831924,30.149809,-21.619204,88.81469,2.3224478,42.067436,69.13828,15.768084,-6.0433817,71.4972,31.74318
-8.32054,129.85179,4.825557,-5.46861,133.88567,3.3236206,-11.712467,131.95746,1.4480668,1.2966831,133.63535,-5.6713347,-14.484896,129.49002,-8.146017,12.64482,122.96318,-2.0694065,-13.6539955,115.47179,-23.29291,7.851195,113.67429,23.026875,-8.295486,90.84733,-32.724174,-16.181494,114.601974,23.250769,-7.586999,66.62644,-29.56947,24.087967,80.4677,-10.439515,6.234089,73.65978,-21.506933,19.79514,91.57576,30.261837,-21.967754,88.811356,1.7686905,41.683777,68.88544,14.644079,-5.92143,71.58002,30.870266
-8.346837,129.71202,5.291317,-5.6199265,133.84099,3.795055,-11.820893,131.75662,1.9621931,1.0457608,133.583,-5.3622236,-14.681652,129.26157,-7.6382384,12.378145,123.484024,-1.759617,-13.590521,115.32749,-22.541473,8.053805,114.232704,23.410984,-8.445231,90.803314,-32.2889,-15.938164,115.03782,22.29843,-7.530083,66.585594,-30.875566,24.12214,80.76688,-10.1283245,6.3538327,73.84016,-21.515726,20.5402,91.21523,30.62401,-22.229454,88.91945,1.2442052,41.410225,68.98226,13.416155,-5.7013464,71.658,30.067719
-8.404675,129.6627,5.695452,-5.7639017,133.83014,4.1578,-11.903173,131.59178,2.31974,0.76997143,133.57217,-5.1315413,-14.8908205,128.94917,-7.1164656,12.313028,123.83696,-1.359019,-13.41373,115.48116,-21.921005,8.039319,114.41984,23.83787,-8.191055,91.26151,-32.091366,-15.823234,115.22512,20.78022,-7.485991,66.93926,-32.09783,24.166601,80.946175,-9.563703,6.4216275,74.23753,-21.251402,21.193264,90.829605,31.352913,-22.451113,89.75984,0.80931544,41.168224,69.0523,12.428291,-5.7443433,71.66059,29.150728
-8.606546,129.5547,6.049803,-6.098348,133.75177,4.3605556,-12.220542,131.3287,2.7065315,0.39298436,133.7502,-4.7878814,-15.153626,128.7294,-6.720332,11.910926,124.455864,-0.97173303,-12.913247,115.63741,-21.696453,7.746983,114.8031,24.204449,-7.496399,91.48583,-32.129345,-15.790251,115.102776,19.045315,-7.4086227,67.14234,-33.07514,24.290508,81.366585,-8.470908,6.618967,74.74793,-21.257332,21.781233,90.224266,32.51616,-22.181496,90.99891,0.44162238,41.041157,69.29007,11.624639,-5.913679,71.65447,28.160053
-8.961166,129.38365,6.2655425,-6.5075717,133.60942,4.5715756,-12.621932,131.13554,2.9693906,0.014279613,133.81424,-4.4887495,-15.43022,128.46565,-6.524584,11.5788145,124.712074,-0.4151479,-12.165612,115.84359,-21.781551,7.131037,115.33963,24.785587,-6.8350663,91.62794,-32.184444,-15.767344,114.99835,17.399551,-7.2791977,67.273926,-34.098602,24.507566,81.62857,-7.7546988,6.8202953,75.723564,-21.042326,22.12777,89.09485,33.50579,-21.792637,92.41072,0.47006768,41.04869,69.39581,10.892824,-5.867707,71.84829,27.429775
-9.187004,129.20668,6.487466,-6.855742,133.49947,4.8032236,-12.938411,130.9068,3.2637432,-0.38395625,133.9936,-4.2938247,-15.715249,128.27458,-6.279667,11.1426,125.32423,-0.252841,-11.956648,115.6223,-21.455261,6.3443847,115.95445,24.883526,-6.191894,91.71915,-32.390694,-15.843708,114.833534,15.575677,-7.056277,67.31329,-35.054226,24.592169,82.49302,-6.994147,7.087744,76.22637,-20.5053,23.295948,88.12602,34.64435,-21.555103,93.6333,0.6608439,41.214294,69.66946,10.095219,-5.9931474,72.0877,26.81191
-9.305206,128.86125,6.502472,-7.0867743,133.26694,4.9640903,-13.099633,130.56723,3.3342218,-0.76096153,134.1823,-4.240099,-15.959341,128.11058,-6.210955,10.692323,125.97983,-0.3216508,-11.696566,115.39841,-21.606806,5.4139714,116.71499,24.762857,-5.7673225,91.856606,-32.765472,-15.982331,114.82824,13.945854,-6.708559,67.36614,-35.980324,24.538073,83.78784,-5.548487,7.4152727,77.0981,-20.101793,23.951326,87.59988,35.961285,-21.248516,94.8965,1.101355,41.32013,70.37476,9.905087,-5.7158833,72.22497,26.298367
-9.596951,128.87137,6.42098,-7.414817,133.24374,4.7256594,-13.523672,130.58127,3.4237978,-1.0997773,134.38597,-4.2741084,-16.245152,128.11446,-6.2851734,10.315245,126.83914,-0.40857038,-11.240192,115.44937,-22.016607,4.2296095,117.984566,24.553888,-5.420944,91.648026,-33.03949,-16.209381,114.675,12.431623,-6.4725585,67.293365,-36.924698,25.0096,84.391655,-4.462045,7.710427,78.048775,-19.179598,24.732683,87.036674,37.21702,-20.857382,96.134224,1.8218133,41.351643,70.92446,10.068054,-5.2683787,72.24942,25.927456
-9.81188,128.92436,6.010461,-7.8305326,133.42621,4.415936,-13.853011,130.579,3.132657,-1.4943405,134.99367,-4.492713,-16.481035,128.34578,-6.675708,10.080852,127.730446,-0.09767264,-10.86884,115.47433,-22.179316,2.1999254,119.48924,25.027737,-5.206974,91.67329,-33.488003,-16.487879,114.85752,10.943619,-6.2188663,67.41802,-37.86421,26.243036,84.98179,-3.8451757,8.069671,79.46817,-18.273087,25.324696,86.38184,38.290874,-20.460413,97.50464,2.8187914,41.427933,71.21276,10.615695,-4.63234,72.32421,25.660109
-10.014698,129.18576,5.5806146,-8.068593,133.69313,3.962093,-13.979893,130.69125,2.524836,-1.8533375,135.6498,-4.8573704,-16.536867,128.5796,-7.197838,9.825472,128.83864,-0.23884796,-10.187846,115.54639,-22.664751,0.67886007,121.467545,24.791626,-4.9140387,91.68394,-33.799957,-17.60721,115.586975,10.633074,-6.2865973,67.67807,-38.822414,26.227968,86.72261,-2.4923756,8.8070545,80.08999,-16.819838,25.850044,85.50815,39.36636,-19.880583,98.47126,4.03003,41.989117,71.99717,10.448841,-4.0488553,72.30254,25.555914
-10.156772,129.39987,4.786736,-8.273947,133.89877,3.0641255,-14.169916,130.83449,1.7546082,-2.065742,136.51906,-5.2219396,-16.564917,129.18655,-8.038866,9.579659,130.29791,-0.5124179,-9.5483675,115.666695,-23.291523,-0.33249685,124.23193,24.484692,-4.277733,91.69054,-34.368828,-18.737556,116.64579,11.208393,-7.034535,68.167435,-39.741478,26.58988,88.1578,-1.2236018,9.06658,81.43072,-15.329946,26.595543,84.83992,40.522022,-19.176712,99.60099,5.365854,41.822723,72.23076,11.2140665,-3.315691,72.021484,25.328102
-10.623505,129.76439,3.955406,-8.684238,134.23477,2.2186966,-14.508455,131.12498,0.725256,-2.544722,137.45915,-5.616934,-16.641592,129.61133,-9.02701,9.076497,132.04694,-0.69404715,-8.603212,115.6493,-23.996103,-1.6980724,127.400375,24.28549,-4.041084,91.370895,-34.720387,-20.390253,118.08997,12.87945,-5.633094,67.74274,-41.476738,26.6868,89.21685,0.22355895,9.802152,82.67602,-13.88398,27.394556,84.24411,41.72932,-18.645353,100.37379,6.792027,41.76646,72.58804,11.455055,-2.712885,71.79357,25.150936
-11.42706,130.17542,3.118498,-9.191328,134.4998,1.3940836,-14.874531,131.45116,-0.6103488,-3.3981507,138.73991,-5.7593794,-16.703634,130.37106,-10.190682,8.480401,134.47864,-1.1775115,-7.3152294,115.95913,-24.642862,-2.6098998,131.26527,23.528097,-3.918628,91.19295,-34.887142,-21.559885,119.60256,14.888023,-5.268768,67.88945,-42.93626,27.639421,90.71251,1.6431856,10.94841,84.10583,-12.615693,27.759197,83.83105,43.032925,-17.955627,101.15602,8.507806,41.557224,72.97358,11.882588,-2.1619136,71.62493,24.824673
-11.905427,130.35739,2.1373076,-9.781235,134.85577,0.7368831,-14.687282,131.29561,-2.198029,-4.2170095,140.33023,-5.383525,-16.28915,131.33041,-11.503916,7.64229,136.63437,-1.9039334,-5.7395625,116.42447,-25.505394,-3.0407841,134.96239,23.026052,-3.5689762,91.29893,-35.117702,-23.196114,122.99105,18.341562,-6.0016723,68.886986,-44.510468,28.08855,92.4665,2.97648,11.717786,85.92373,-11.275482,28.440023,83.01147,43.70707,-17.660757,101.87137,9.911344,41.67564,73.092415,12.32143,-1.4763193,71.56977,24.24032
-12.608952,131.19012,0.9818113,-10.94359,136.04088,0.32573035,-14.649874,132.145,-3.7433903,-4.85378,141.6501,-5.6664076,-15.782729,132.2539,-13.025118,7.3078856,138.16634,-2.8105903,-4.5116143,117.34024,-26.513767,-4.0091352,139.9992,21.690536,-3.277995,91.38939,-34.92211,-24.507288,127.68076,22.567253,-4.7909617,68.868454,-45.016167,27.956526,94.475204,4.5680027,12.006893,87.69583,-9.708035,28.982723,82.41977,43.768127,-17.37887,101.85368,11.879881,41.977634,73.442566,12.018146,-0.91687286,71.411385,23.606094
-12.425318,132.004,-0.6124909,-11.563981,137.0814,-0.26208925,-14.42127,133.48346,-5.2162023,-5.0920706,143.09505,-6.6297584,-15.396896,133.432,-14.591945,7.0863256,140.11603,-3.5729773,-3.4727194,117.36881,-26.702793,-4.695678,144.34123,20.365559,-3.0889828,91.55462,-35.05976,-25.283934,134.37973,26.871113,-4.4562836,69.21757,-45.567345,28.099283,96.07879,6.010071,12.5472145,89.4755,-7.9459376,28.865274,81.054344,44.43958,-17.825045,102.12591,13.394096,42.059055,73.9582,12.140205,-0.93497336,71.44179,22.94068
-11.961181,133.16653,-2.150271,-11.226988,138.23016,-1.4609213,-14.214689,134.90929,-6.5441575,-4.952383,144.68555,-7.7387757,-15.012915,134.93317,-16.05998,6.863913,141.90422,-4.3484535,-2.815624,118.53155,-26.530722,-4.3208294,149.08452,18.926508,-2.9977367,92.460335,-35.091843,-23.962414,142.35211,30.695744,-4.7565804,70.05886,-45.81861,26.79289,97.90492,7.9958334,12.349743,91.49599,-5.889443,28.632807,80.15361,44.957882,-19.103,103.088165,14.670673,41.95168,74.48891,12.42742,-1.2666931,71.8931,21.959122
-12.482251,134.407,-4.101931,-11.780115,139.44785,-3.2076206,-14.549004,136.29164,-8.525787,-5.262411,146.20477,-8.631768,-14.589581,136.75145,-18.129639,6.165142,144.04004,-4.977651,-2.7167432,119.60215,-26.137665,-3.3519068,152.39302,18.414118,-3.0205445,93.62604,-35.098804,-20.880644,150.1458,34.773396,-5.501133,71.008675,-45.634903,26.600784,99.87555,9.753979,12.163682,93.9205,-3.9357445,28.571918,79.09834,45.22051,-19.942123,103.43284,16.161028,41.91521,74.83048,12.446636,-1.3402815,71.97167,21.611847
-12.36188,136.13998,-5.05509,-11.801444,141.2195,-4.331808,-14.874693,137.81438,-9.33618,-5.312105,147.99829,-9.6353035,-14.335673,138.32446,-19.146591,5.685619,146.45033,-5.491445,-2.8624816,121.05991,-26.04989,-2.4746711,155.99197,18.242382,-2.9874017,95.53886,-35.38834,-17.715242,157.83899,36.91967,-6.5377536,72.657814,-45.257584,26.513157,102.09511,10.866897,11.701225,96.115395,-2.97356,28.120842,78.89228,45.126404,-20.679613,103.376816,17.657127,41.471916,75.40328,12.348918,-1.5498008,72.19075,21.50439
-12.446811,137.94435,-5.979183,-12.071819,143.04858,-5.27483,-15.314854,139.51445,-10.062504,-5.7097445,149.98212,-10.46766,-13.90606,139.7379,-20.228828,5.136617,148.7848,-5.7185435,-2.7128665,122.45414,-25.658579,-2.3351326,160.00792,17.390924,-3.2376122,97.09394,-35.20384,-14.147061,167.19348,37.308014,-7.5879397,74.37846,-44.760094,26.413008,103.95602,12.263571,11.345525,98.248985,-1.6810427,27.980116,78.83359,45.200607,-21.163261,102.99382,19.29924,41.33996,75.98988,12.173979,-1.5820619,72.24148,21.398767
-13.1564,139.28065,-7.403398,-12.582645,144.38074,-6.8173046,-15.427949,140.84065,-11.865892,-6.303421,151.63126,-10.871409,-13.531116,141.45625,-21.54534,4.864253,151.14754,-5.8430185,-2.6339796,124.516335,-25.063515,-1.4178951,164.74918,16.373383,-3.6051707,99.09286,-34.868664,-9.930167,175.01543,36.53894,-8.733339,76.302414,-44.056034,26.2726,105.83841,14.109981,11.008846,100.51513,-0.18759154,27.517307,79.10814,45.703922,-21.702135,102.718185,21.079151,41.059242,75.980576,13.058346,-1.6980344,72.2668,21.658447
-13.8886795,140.89618,-8.084802,-13.174124,145.96886,-7.4677005,-15.804588,142.52232,-12.676053,-7.063526,153.2973,-11.219313,-13.407975,143.10483,-22.323423,4.2488008,153.6429,-6.2029214,-2.624182,126.65786,-24.581264,0.0834099,169.47858,14.917157,-3.7241585,101.51345,-34.859562,-5.103128,182.19916,34.70006,-9.60382,78.51661,-43.235855,25.785683,107.77498,15.562794,10.274718,102.54616,1.2619656,27.339619,79.41288,45.975018,-22.485636,102.30688,23.024315,41.079987,76.21277,13.347582,-1.9324007,72.56744,21.862
-14.927257,142.61719,-9.095898,-13.7482,147.60121,-8.533663,-16.467882,144.31033,-13.803419,-7.736467,155.04904,-11.566455,-13.803899,145.23024,-23.227968,3.81886,156.10638,-6.086997,-2.9997423,128.8594,-24.006678,2.4682477,173.38606,13.732714,-3.9958181,103.31042,-33.64315,0.38475618,188.51857,32.31534,-10.580329,80.457375,-41.556656,24.8506,109.12739,17.03285,8.988457,104.28596,2.9404244,27.890669,79.5528,45.505173,-23.533699,101.85444,24.885683,41.507084,76.67862,12.7300205,-2.1153796,72.61605,22.378675
-14.874523,144.70355,-9.289087,-14.799462,149.7881,-8.412744,-17.335793,146.28606,-13.627858,-8.388604,157.52594,-12.21285,-13.973051,147.06311,-23.47967,3.426763,158.47913,-6.602692,-3.39232,131.1623,-23.557175,5.499254,176.7993,11.748475,-4.2022276,105.49082,-32.95779,6.44231,193.83194,28.622957,-11.24703,82.73896,-40.429142,23.55797,110.809006,18.238827,7.761829,106.09823,4.385514,27.483145,81.05968,46.11376,-24.302057,101.671745,26.291252,40.985603,77.132835,12.786261,-2.6418064,72.864365,22.381956
-15.255116,147.30072,-8.89227,-15.451534,152.43832,-8.386761,-17.943726,148.41031,-13.241592,-8.590308,159.84836,-12.688957,-14.891333,149.02045,-23.178759,3.516271,160.56287,-7.198134,-4.6851993,133.69792,-22.57339,8.293357,179.93036,9.32947,-4.851394,107.56747,-31.909733,13.471806,197.5775,24.24964,-11.638967,84.76092,-39.20483,22.50552,112.553825,19.494532,6.2248015,107.767365,6.091052,27.703556,81.7326,45.676205,-25.60794,101.516205,27.464415,40.95573,76.95441,12.616706,-3.7555232,73.02056,22.352407
-15.659901,150.0717,-8.705239,-16.142136,155.18536,-8.15612,-18.403133,151.07237,-13.0441,-9.052958,162.51648,-12.858842,-15.321189,151.35924,-23.045576,3.7108366,162.69815,-7.2918735,-5.388987,135.8109,-21.858082,11.548581,182.95361,6.8740897,-4.8500347,109.61512,-30.87793,19.070608,201.13364,20.208784,-11.853261,86.73161,-37.89368,21.082397,114.003654,20.599953,4.6286526,109.20834,7.6883683,27.671694,82.826645,45.52361,-26.79639,101.31626,28.669783,40.35288,76.90032,12.142149,-4.597657,73.25567,22.024704
-16.352633,153.16582,-8.240325,-16.665169,158.30827,-7.8111706,-18.774433,154.20357,-12.766029,-9.1800785,165.06387,-12.9223795,-15.788597,153.69016,-22.6114,3.728401,164.50935,-7.4317393,-6.1883464,137.86552,-21.038286,15.184849,184.81418,4.131127,-5.203186,111.50456,-29.787487,25.35642,203.25385,15.608537,-11.949715,88.31247,-36.41543,19.541893,115.635414,21.745552,2.8423827,111.01574,9.336604,27.285707,83.8652,44.993046,-27.819376,101.15451,30.1205,39.27197,76.97415,11.021653,-5.290088,73.513145,22.067226
-17.494835,155.73172,-7.6289597,-17.299347,160.88629,-7.318811,-19.497475,156.90326,-12.323747,-9.677177,167.1284,-12.266028,-16.768795,156.29468,-21.96596,4.002646,166.58022,-7.470016,-6.9155273,139.93192,-20.514006,18.865416,185.90262,1.0919628,-5.513868,113.55097,-28.820248,31.667328,203.72028,10.744657,-11.767731,89.89366,-34.697746,18.28328,117.06962,22.354383,1.2870601,112.663284,10.806545,26.867924,85.603775,44.364433,-28.711483,101.18265,31.204096,38.58018,76.55067,10.372479,-5.9075975,74.03277,22.066961
-17.937239,158.74823,-6.8917284,-17.10897,163.85019,-6.860752,-20.539522,160.03491,-11.254525,-9.476173,169.55411,-11.921354,-18.417818,159.7125,-21.15411,4.338685,168.2109,-7.8324986,-7.9478,142.01439,-20.253952,22.079332,186.02568,-1.8282139,-6.397807,115.05483,-27.349869,37.28587,202.46016,6.15221,-11.479962,91.15462,-33.013813,17.260727,118.56546,22.634516,-0.0062761614,114.24208,11.564563,26.38606,87.1702,43.63529,-29.24697,101.288956,32.023087,37.58604,76.51817,9.818706,-6.3781786,74.636154,22.532446
-18.038847,162.31273,-6.0422583,-16.798904,167.31766,-6.411385,-21.298622,163.66432,-9.909681,-8.884017,172.27689,-11.893912,-19.66323,163.22491,-20.232775,5.097786,169.96262,-8.427044,-9.354511,144.5625,-19.633812,25.134844,186.05486,-4.4006963,-7.058569,117.52605,-25.93891,42.593853,201.41591,1.0556277,-11.479369,92.912994,-30.995972,16.04515,120.13419,22.869877,-1.4631824,115.90715,12.39005,25.965157,88.34658,42.690826,-29.990337,101.40669,32.895863,36.359512,76.3606,9.461818,-7.1667175,74.73743,22.522388
-17.967335,166.04327,-4.9212418,-16.426662,170.84442,-6.060636,-21.423357,167.13356,-8.7120075,-8.4934225,174.8916,-11.847309,-20.872692,166.73047,-18.83924,5.551518,171.47404,-8.855386,-10.740107,147.05727,-19.10437,27.772882,185.3953,-6.810898,-8.163599,119.727036,-24.038738,47.323208,198.93385,-3.7446966,-11.496195,94.99191,-28.759075,15.301622,121.54553,22.75963,-3.109975,117.54354,13.254399,25.585653,89.6146,41.3977,-30.459835,101.37577,33.54686,35.367622,76.21771,8.491857,-7.749328,74.75138,22.243149
-18.045208,169.73332,-4.1283526,-16.079512,174.19688,-5.849504,-21.639938,170.84782,-7.7676935,-8.010163,177.54857,-11.428887,-20.982422,169.91547,-18.162548,6.0856338,172.67754,-8.855101,-12.270405,149.4383,-18.617388,29.86909,184.27303,-8.875271,-9.640724,122.081245,-22.098688,51.201782,195.3849,-7.837701,-11.456501,97.24596,-26.308128,14.401588,123.40399,22.581345,-4.228199,119.3173,13.896803,25.42324,90.77292,40.27323,-30.63176,101.47819,34.148144,34.25444,75.98107,7.4212804,-8.250943,74.414215,21.608458
-17.605385,173.28362,-3.3721547,-15.529289,177.53613,-5.448849,-21.402832,174.44608,-6.78922,-7.4929266,179.76585,-11.897203,-21.676882,173.24913,-17.059748,6.405883,174.04558,-9.558747,-13.563128,152.23132,-18.151365,31.444088,182.87111,-10.836746,-11.070032,124.870026,-19.980337,54.27168,190.89746,-10.794408,-10.211213,100.62929,-24.702198,13.084281,124.80925,22.326342,-5.5779424,120.981316,14.226961,24.897598,92.35206,38.92973,-30.608242,101.49904,34.49442,32.10846,75.69734,6.442887,-7.4741135,74.216034,22.170637
-16.890232,177.3661,-2.5784295,-14.781234,181.16866,-5.3788,-20.828934,178.17412,-5.9307814,-6.523366,182.28601,-11.853823,-21.380531,176.58537,-16.073797,6.9476247,174.0916,-9.989262,-14.50324,155.27182,-17.065733,32.915325,179.31168,-13.6981325,-12.417763,127.713684,-17.937311,56.823395,182.90172,-15.133596,-10.278408,103.34749,-21.641575,11.848983,126.187965,22.252623,-6.449588,122.915726,14.450093,23.851158,93.73175,38.449997,-30.30558,101.4815,34.564953,30.502346,74.88071,6.7542915,-8.529951,73.987854,20.809286
-16.293673,180.24013,-1.8798268,-13.838471,183.94766,-4.5218706,-20.173752,181.62538,-5.1093736,-5.690646,184.55197,-11.126718,-20.93627,179.72151,-15.345448,7.5360427,175.04323,-10.439161,-15.933452,157.62085,-17.239948,34.004524,176.48213,-15.133115,-13.930981,130.08698,-16.22099,58.470276,176.57047,-16.594553,-12.082372,105.14466,-17.864864,11.166742,127.543396,21.741405,-7.371006,124.32011,14.3792925,23.503887,94.80105,36.95425,-29.918617,101.0498,33.835373,30.146797,73.96186,6.393247,-8.65903,74.250786,18.172298
-15.721366,183.24547,-1.167863,-12.870239,186.95175,-3.3755121,-19.333954,185.22041,-4.4063015,-4.95955,186.81448,-10.505537,-20.575354,183.21436,-14.617877,7.868895,175.97246,-10.633174,-17.49556,160.45734,-16.594908,34.30828,173.60982,-15.928017,-15.357685,133.38599,-14.642898,58.77858,170.41501,-16.970066,-11.276831,109.71549,-16.607157,10.704041,128.84888,20.546661,-8.292089,125.83871,14.207286,23.203863,95.736824,34.873703,-29.29871,101.15449,33.149033,29.470661,73.52898,5.454492,-9.15298,74.30439,17.218132
-14.52706,186.07703,-0.78222156,-11.429531,189.53479,-3.0583093,-17.987165,188.22314,-4.072402,-3.742613,188.94319,-10.391172,-19.629292,186.36633,-14.133323,8.76619,177.1114,-11.313044,-18.413784,162.99585,-16.715506,34.624146,170.9064,-17.002668,-16.552454,135.90935,-13.635649,58.52538,164.58604,-17.125347,-15.876562,111.8447,-10.327703,10.8886595,130.41875,18.208704,-9.182742,127.56828,13.949083,23.974045,96.76379,31.986698,-29.161413,102.00971,33.361618,29.855663,73.254715,3.5189247,-10.131469,74.311966,17.532314
-13.163766,188.56604,-0.30860758,-9.916354,191.87595,-2.5929244,-16.584661,191.01044,-3.4258044,-2.5423758,190.9038,-10.254445,-18.649738,189.14644,-13.544353,9.6472435,177.90773,-11.711609,-19.429714,165.80797,-16.477856,34.283348,167.83727,-17.470331,-18.195595,138.91672,-11.87646,57.6299,159.06464,-16.973335,-18.464943,114.682755,-8.107008,10.591115,131.30064,16.427595,-9.844286,129.04274,13.451614,23.901793,97.98156,29.897673,-28.568865,102.66428,33.207607,29.546629,73.18377,2.350611,-10.239732,74.34195,17.40763
-11.782438,191.21373,0.2306641,-8.456757,194.31505,-2.2163968,-15.180841,193.71382,-2.863628,-1.3646249,192.95152,-10.106177,-17.599707,191.8177,-12.886309,10.488323,178.42737,-12.236384,-20.011868,168.87743,-15.6017275,33.40166,164.61153,-17.794537,-19.59317,142.19868,-10.192937,55.919743,154.53883,-17.67597,-20.60565,118.306366,-5.315243,10.398465,132.40277,14.42593,-10.432141,130.44603,12.742802,23.950594,99.16735,27.871264,-27.915213,103.22994,32.846188,29.256159,73.19925,1.4396311,-10.472538,74.73262,17.33283
-10.063358,193.48317,0.69671446,-6.744952,196.52954,-1.8311486,-13.4942465,196.09418,-2.2669487,0.18841831,194.8295,-9.82559,-16.109812,194.231,-12.319299,10.908329,179.09138,-13.003434,-20.516665,171.89204,-14.670656,31.974897,162.4991,-18.562279,-21.038168,145.10426,-8.861692,53.266872,150.04253,-17.930573,-22.7655,121.55092,-2.2713764,9.959965,133.53925,12.562711,-11.081581,131.76135,12.34073,24.071884,100.27425,25.954805,-27.196014,103.58818,32.40414,29.266924,73.16181,0.6167043,-10.626994,74.60194,16.967188
-8.569205,195.47203,1.2127373,-5.2193217,198.55542,-1.2371261,-11.972756,198.25938,-1.6268998,1.6334343,196.46652,-9.358128,-14.682541,196.49443,-11.719657,11.561821,179.74884,-14.051952,-20.679546,174.71994,-13.415344,30.563309,160.90517,-18.917086,-22.713112,147.8881,-7.5274324,50.421806,146.04236,-19.237106,-25.198912,124.56689,0.7448109,9.669645,134.15096,10.276526,-11.651257,133.05225,11.670085,24.204184,101.24257,24.406528,-26.184679,104.11823,31.97395,29.169245,73.08268,0.019693926,-10.352117,74.36834,16.786402
-6.7797413,197.51476,1.593324,-3.306676,200.47475,-0.84200126,-10.080946,200.4795,-1.1858908,3.3682396,198.15831,-9.064868,-12.990463,198.55966,-11.307211,12.093746,180.22215,-14.744907,-20.657309,177.51595,-12.265095,28.619928,158.84314,-19.353241,-24.482347,150.91081,-6.635324,47.020813,142.33234,-19.218359,-27.790995,128.44452,4.005564,9.505109,135.11142,8.164254,-12.217624,134.25693,10.979682,24.190765,102.51601,22.653416,-25.304617,104.53006,31.460169,29.257357,73.05142,-0.4950065,-10.445237,74.29779,16.255493
-4.8533506,199.07106,1.9944266,-1.3258444,201.85893,-0.5562823,-8.095482,202.06586,-0.8201555,5.011616,199.47302,-8.909409,-11.343465,200.2404,-10.761305,12.614587,180.70488,-15.326272,-20.528803,180.18935,-11.171504,26.775648,157.56732,-18.877024,-26.441671,154.23334,-5.886283,43.101757,139.05063,-19.080345,-30.15353,132.70058,6.730119,9.1719,135.76517,6.0562253,-12.57521,135.23766,10.05176,24.367027,103.604546,21.08713,-24.521687,105.11779,30.641417,29.11925,73.210266,-0.9565373,-10.322741,74.15994,15.784039
-2.966126,200.46747,2.275611,0.6012417,203.18636,-0.2968976,-6.1705484,203.49843,-0.5394177,6.6566052,200.60045,-8.872446,-9.68558,201.8627,-10.327508,13.086266,180.848,-16.123331,-20.215288,182.65115,-10.112219,24.415543,156.10849,-18.658428,-28.78961,157.76964,-5.084473,39.299294,136.4812,-18.079891,-32.376144,137.48671,9.054801,9.032182,136.38336,4.10206,-12.733713,136.30373,9.220089,24.508253,104.59251,19.361603,-23.502789,105.80417,30.197897,29.25059,73.390656,-1.4386989,-10.410174,74.17528,15.321249
-1.1148436,201.73663,2.3689795,2.6218467,204.33606,-0.05929126,-4.1327353,204.86563,-0.53841966,8.404634,201.49797,-8.873465,-7.918477,203.23112,-10.157581,13.482146,181.19081,-17.014242,-19.69036,184.76352,-9.145537,22.059147,155.32913,-18.955889,-31.346443,161.258,-3.3833873,35.869762,135.2255,-17.085316,-35.005253,142.17865,12.045281,8.844595,137.01057,2.2596977,-12.952317,137.36105,8.523777,24.805574,105.60891,17.569677,-22.664068,106.39252,29.574928,29.338268,73.50954,-1.8833851,-10.601479,74.39668,14.754172
0.9133438,202.74724,2.5199528,4.6878195,205.32951,0.11663896,-2.0571427,206.05096,-0.2359817,10.123855,202.4299,-8.983655,-6.1939516,204.37715,-9.885133,13.739967,181.54361,-17.602322,-18.96797,186.81761,-8.447554,19.74293,155.03012,-19.175444,-33.6208,165.10767,-1.9004542,31.93748,134.2397,-15.900156,-37.317993,146.86322,14.558228,8.544435,137.83844,0.83478445,-13.355143,138.61847,7.8387117,24.961912,106.33304,15.90221,-21.773552,106.93146,28.72315,29.469063,73.66947,-2.4975634,-10.834252,74.40384,14.134587
2.9970737,203.6129,2.6325715,6.547448,206.14362,-0.13198145,-0.20291838,206.83235,0.026841259,11.737257,202.94417,-9.194944,-4.518885,205.31422,-9.542613,13.95372,181.70508,-18.279636,-17.806143,188.9395,-7.5432873,17.289982,154.44476,-19.454468,-35.896145,170.13225,-0.8643402,28.138851,133.4078,-14.579587,-39.427864,152.39708,16.382164,8.006643,138.76006,-0.28934082,-13.659872,139.78822,7.305476,25.12708,107.700714,14.345114,-20.84645,107.74628,28.064375,29.732323,74.33405,-2.6793597,-11.172101,74.46329,13.803016
4.700734,204.35988,2.5899372,8.31074,206.93141,-0.06372628,1.5549339,207.60712,-0.056536723,13.184193,203.43874,-9.357091,-3.0315077,206.14993,-9.420024,14.142846,181.76434,-18.959879,-16.718092,190.88208,-6.6136694,15.095664,154.38689,-19.793148,-37.138077,174.86775,0.50646734,24.655733,133.27939,-13.3510685,-41.510075,157.77016,18.063234,7.187466,139.5253,-1.3437785,-13.979793,140.79114,7.0448194,25.39792,108.609985,12.747766,-19.92406,108.45978,27.66098,30.048733,74.673256,-2.9052675,-11.977363,74.72243,13.250985
6.1442194,204.99422,2.6329026,9.80849,207.36615,-0.1324833,3.0868704,208.3171,-0.022522364,14.485634,203.8001,-9.428625,-1.7088836,206.73181,-9.333117,14.108429,181.8667,-19.30799,-15.829181,192.72653,-5.959713,13.387145,154.47237,-19.990417,-37.93065,179.3736,1.8052353,20.917383,133.12874,-12.124095,-43.206802,162.84885,19.427574,6.579314,140.39035,-2.4198744,-14.16142,142.01399,6.7829843,25.787033,109.8379,11.414889,-18.99837,109.10801,27.214233,30.440905,75.09158,-3.11918,-12.910117,75.00303,12.560196
7.8025036,205.377,2.5779507,11.557529,207.59883,-0.18308659,4.868048,208.7785,-0.10771451,15.738605,203.86485,-9.716814,-0.41438887,207.10352,-9.132398,14.07556,182.05003,-19.530512,-14.923778,194.27919,-5.3397536,11.6751585,154.78337,-20.087566,-38.184715,183.53316,2.9536536,16.761467,132.924,-11.372125,-45.071686,167.5694,20.318819,6.1474357,141.18188,-2.983096,-14.3741,142.66374,6.456927,26.301197,111.033615,10.391743,-18.497303,109.49732,26.821615,30.712093,75.78988,-3.182483,-14.173626,75.28243,12.1148405
9.174,205.74489,2.5545273,12.863056,207.89763,-0.34765315,6.1977096,209.17445,-0.049021274,16.78531,203.83235,-9.859997,0.8133455,207.6714,-9.0005865,14.187791,181.94807,-20.035957,-13.881593,195.56429,-4.488124,10.156107,155.04271,-20.400957,-38.183685,187.29324,3.9334135,13.902678,133.50671,-10.472955,-47.131325,171.91533,20.85717,5.6900816,141.66757,-3.2452004,-14.288526,143.051,6.618602,26.707542,111.93152,9.252408,-17.935013,109.70988,26.423002,30.849535,76.740265,-3.3688474,-15.907014,75.40013,11.630177
10.353343,206.03943,2.361483,14.107215,208.09122,-0.5343014,7.5177093,209.67986,-0.109462604,17.626339,203.77222,-10.169803,1.7268072,207.98361,-8.997613,14.358734,182.14667,-20.021065,-12.982546,196.53157,-3.9004683,8.5541725,155.6098,-20.55333,-37.60966,190.49431,5.3122144,11.805082,134.20554,-10.224019,-48.961037,175.93266,21.381573,5.3933086,142.01172,-3.2954857,-14.800306,143.56506,6.5938454,27.319609,112.77974,8.3971615,-17.623598,109.755196,26.028488,30.84705,77.33528,-3.5920982,-17.632221,75.309654,11.32288
11.338039,206.05482,2.3206856,15.19769,207.76909,-0.6570582,8.729671,209.7784,-0.28884238,18.559713,203.6031,-10.182544,2.6215622,207.92467,-9.004722,14.1696005,182.0103,-20.13483,-12.30572,197.38016,-3.2483108,6.901811,155.80621,-20.679619,-36.760624,193.07533,6.808616,10.898053,134.37358,-10.723807,-50.613174,179.74313,21.750269,5.0772777,142.49953,-3.4399033,-14.948113,144.13106,6.6737385,27.654085,113.48216,7.8799925,-17.547777,110.08819,25.768808,30.46885,77.82102,-4.091424,-19.440943,75.588524,11.248952
12.4084,205.97527,2.2941537,16.23301,207.7847,-0.6753205,9.713135,209.63257,-0.31452438,19.318644,203.18399,-10.321806,3.6314092,208.01686,-8.9587965,13.732493,181.62018,-20.424145,-11.411311,197.88321,-2.6642897,4.9688606,155.61157,-20.96449,-35.711273,194.92456,8.070001,10.2667,134.33829,-11.382868,-52.132946,183.31541,21.636702,4.511368,142.71632,-3.5558102,-14.633041,144.15973,7.343568,27.853815,113.979614,7.374168,-17.35892,109.99162,25.667833,29.660156,78.21804,-4.725462,-21.050495,75.558395,11.601088
13.22907,205.81212,2.2734463,17.07868,207.62503,-0.66506296,10.525131,209.37625,-0.44869924,20.033289,202.98405,-10.312461,4.381916,208.09409,-8.870247,13.31855,181.02478,-21.00099,-10.526869,198.09763,-1.9210849,3.7909193,155.25366,-21.35345,-34.869457,195.28284,8.887231,10.000599,134.05557,-11.867249,-53.58749,185.95001,21.15868,4.2911916,142.9496,-3.5653958,-14.481121,144.28697,7.8381767,27.801905,114.29422,7.169855,-17.454016,109.837166,25.807896,28.882467,78.59517,-5.4911823,-22.414766,75.37225,12.360537
13.915454,205.58817,2.2284613,17.81723,207.20517,-0.7515104,11.350271,209.21852,-0.5589819,20.53318,202.63376,-10.42741,5.0026097,208.07187,-8.772505,12.910108,180.7643,-21.168945,-9.754972,198.02715,-0.97242147,3.4600062,154.8698,-21.725073,-33.868572,195.47711,10.294564,10.061162,133.62587,-12.32797,-54.73717,188.77017,20.728163,4.018762,142.94499,-3.7489717,-14.75503,144.69334,8.106586,27.702667,114.437614,6.8263435,-17.587559,109.807335,25.758303,27.558983,79.03818,-6.5657496,-23.627127,75.05429,13.077115
14.406233,205.33018,2.0845847,18.292324,206.83359,-0.9706975,11.876582,208.99374,-0.6820524,20.87224,202.37285,-10.71211,5.3973546,207.83551,-8.828539,12.437834,180.31029,-21.69378,-9.123463,197.36508,-0.265244,3.4497802,154.2726,-22.06054,-32.6758,194.8622,12.648882,10.262079,133.05247,-12.952121,-55.65456,190.63718,20.00544,3.6655085,142.97206,-3.773643,-14.581231,144.69247,8.818757,27.144266,114.18463,6.603378,-17.33193,109.66092,25.858316,26.178968,79.21849,-7.797539,-24.616184,75.149,13.716906
14.782498,205.16501,2.103458,18.669495,206.60881,-0.9806174,12.252318,208.78789,-0.7224992,20.969427,201.84602,-10.725716,5.5555267,207.47656,-8.675595,12.257586,180.0575,-21.621656,-8.722182,197.02931,0.23391645,3.8382223,153.90532,-22.498522,-31.580894,194.53036,14.388995,10.661525,132.58014,-13.551299,-55.642597,192.1862,19.594648,3.3310506,142.90942,-3.5599103,-15.00867,144.62065,8.949984,26.479086,113.5777,5.903408,-17.54071,109.60892,25.933876,24.920406,79.084404,-9.386377,-25.222086,74.846245,14.613906
15.152956,204.78403,2.1578083,18.931313,206.13647,-1.0959387,12.607626,208.5173,-0.50368184,21.075666,201.27301,-10.750178,5.745658,207.02762,-8.443523,12.426542,179.73999,-21.070946,-8.590626,196.49855,0.6826021,4.673698,153.2914,-22.702099,-31.509548,193.81035,14.657775,11.429255,131.64334,-14.1257715,-55.580517,192.66092,18.875393,3.0228426,142.6974,-3.5377145,-15.306842,144.43013,9.315941,25.46651,112.569534,5.402436,-17.649483,109.37185,26.277466,23.57481,78.6408,-10.747218,-25.46986,74.56188,15.607649
15.3963585,204.50114,2.2961926,19.118162,205.77892,-1.0541275,12.8223715,208.21577,-0.3590278,21.164618,200.79688,-10.618148,5.829536,206.60904,-8.204436,12.436089,179.31377,-20.855509,-8.386513,195.94937,1.250509,5.640087,152.75984,-23.011013,-31.354471,192.75067,15.030782,12.781872,131.2454,-14.925371,-55.44765,192.3627,18.31102,2.513359,142.23991,-3.4978778,-15.389612,144.12607,10.081804,24.213263,111.42972,4.966307,-17.6319,109.00681,26.481544,22.264162,77.74514,-12.329961,-25.969732,74.11849,16.437311
15.614567,204.07843,2.544933,19.28259,205.28098,-0.89458543,13.069736,207.8553,-0.061986413,21.314795,200.12648,-10.31741,6.037444,205.9708,-7.9897,12.598293,178.58022,-20.530085,-8.204002,195.18483,1.7014558,6.875561,151.89256,-22.977097,-31.401033,191.56369,14.84779,14.330715,130.46132,-15.382871,-55.676697,191.54796,17.188898,1.8612828,141.51364,-3.35433,-15.584316,143.5723,10.292776,22.681372,109.9332,4.4951367,-17.742174,108.66275,26.98494,21.147305,76.41085,-13.786609,-26.20544,73.79788,17.238745
15.931275,203.30014,2.7838216,19.59786,204.638,-0.60754913,13.333869,207.08636,0.25164002,21.490486,199.43808,-10.1507,6.257131,205.43321,-7.611539,12.921503,177.94543,-20.144274,-8.206042,194.3898,2.0197923,8.582924,151.14204,-22.794796,-31.989693,190.08476,13.904746,16.322332,129.64825,-15.474207,-56.03376,189.5527,17.248379,1.2545424,140.80544,-3.785332,-16.210926,143.09743,10.052395,21.037626,108.42105,3.9543743,-17.811817,108.494,27.119715,20.034117,75.017555,-14.774077,-26.511425,73.5647,18.00761
16.176558,202.75096,2.973907,19.76636,203.92923,-0.55794436,13.562709,206.49908,0.40210462,21.528625,198.76782,-10.062976,6.4307766,204.94075,-7.32184,13.518017,177.92136,-19.878029,-8.147089,193.71585,2.255287,10.232199,151.14062,-22.370975,-32.002544,188.5022,13.610817,18.690674,129.73642,-15.201762,-56.014233,187.03535,17.037146,0.28419232,140.26707,-4.4468427,-17.153358,142.63022,9.268827,19.292706,107.41938,3.2634563,-17.985037,108.323975,27.265528,18.71571,74.00243,-15.137614,-26.896263,73.31674,18.900913
16.345236,201.99153,3.0730948,19.938093,203.2368,-0.43169856,13.738016,205.77647,0.5477017,21.701908,198.05116,-9.967656,6.610994,204.17459,-7.219413,13.957077,177.51936,-19.874327,-8.13969,193.12456,2.40209,12.1932955,150.63664,-21.72172,-31.84998,186.79684,13.612519,20.746157,129.27997,-14.49532,-55.747917,184.08055,16.940964,-0.69282484,139.66269,-5.5269046,-17.926985,142.06024,8.761544,17.725405,106.85856,2.1694782,-18.408707,108.08734,27.012121,17.421505,72.72915,-14.710648,-27.611584,73.13021,19.428173
16.569965,201.5939,3.1507747,20.104351,202.74957,-0.4434305,13.9276085,205.33847,0.6063625,21.854994,197.45581,-9.846248,6.7753997,203.68904,-7.1267605,14.325694,176.97559,-19.96013,-8.38863,192.56474,2.4052658,13.688057,149.88344,-21.092934,-31.618122,185.14561,14.320406,22.82385,128.96637,-13.454571,-55.50372,180.33376,16.588266,-1.3335658,139.70001,-6.3565207,-18.932436,141.94798,7.7109957,16.68435,106.84435,1.1880732,-19.100971,108.14827,26.49634,16.396929,72.315636,-14.003005,-28.273756,72.97995,19.817114
16.599344,201.1362,3.134766,20.279669,202.35234,-0.28767645,14.0787115,204.95895,0.5783273,21.89299,197.12822,-9.886567,6.819019,203.35542,-7.121705,14.501768,176.92436,-20.284248,-8.783236,192.05934,1.9439312,15.085858,149.64236,-20.455425,-31.354774,183.26663,14.236095,24.805029,129.2261,-11.692788,-54.592667,177.05687,17.51799,-1.9542868,139.8852,-7.341006,-20.139662,142.21419,6.1077714,16.039352,107.06882,0.86529833,-19.84763,108.48543,25.782034,15.588154,72.2584,-13.3788395,-29.017641,73.13991,20.282042
16.728662,200.74608,3.198361,20.400068,201.9967,-0.23142195,14.284359,204.72643,0.8289396,22.003952,197.16249,-9.943339,6.94139,203.43922,-6.985521,14.912262,177.28645,-20.434639,-9.558703,191.9349,1.1248366,16.328402,150.23686,-19.745426,-31.527727,181.54565,13.203046,26.538876,130.41408,-9.721237,-53.27052,173.23587,19.152473,-2.4371014,140.24368,-8.10145,-21.333784,142.51193,4.447889,15.90315,107.47046,0.23784208,-21.143301,109.18193,24.686026,15.005314,72.21323,-12.759262,-29.775297,73.384254,21.042883
16.704214,200.77336,3.2857044,20.388432,201.87323,-0.17093149,14.3085785,204.71262,0.7920763,21.910833,197.26831,-9.915368,6.981327,203.72276,-6.8498626,15.043423,177.9168,-20.39801,-9.871948,191.98856,0.4051187,17.500402,150.98012,-19.047785,-31.34678,180.61366,12.303032,27.78701,132.18597,-7.441026,-51.21465,169.57391,20.618645,-2.6669908,140.68958,-8.951154,-22.52382,143.19553,3.167288,15.652994,108.14079,-0.34749064,-22.69814,109.72373,23.448174,14.56391,72.35758,-12.327678,-30.518795,73.6859,21.429268
16.310946,200.64546,3.1872497,20.054993,201.66833,-0.23631272,14.117448,204.76393,0.7981762,21.717787,197.70671,-10.054344,6.833845,204.31984,-6.9506564,15.398817,178.61682,-20.44249,-10.439938,192.07407,-0.48582134,18.832264,151.68237,-17.580097,-31.109446,179.19861,11.219728,28.751303,134.08545,-3.9476545,-48.311867,166.13623,21.911148,-2.7035391,141.20537,-10.207708,-23.118818,143.56902,1.7027657,15.15371,108.41107,-0.90406644,-24.30767,110.37356,22.268589,14.372583,72.392265,-11.972629,-31.55242,73.9886,21.694126
15.684222,200.86519,3.1417482,19.575218,202.0181,-0.071813405,13.592368,205.07382,0.81278026,21.20395,198.30806,-10.142695,6.3022623,204.86691,-6.976876,15.992125,179.4386,-20.622276,-11.02373,192.41747,-1.5137513,20.360962,152.755,-15.832896,-30.887453,178.07881,10.336079,29.19008,136.50223,0.22278045,-45.054657,162.19452,22.40057,-2.628459,141.54416,-11.5196705,-23.316498,144.0136,0.016120259,14.872374,108.74993,-1.436604,-25.486471,111.30952,20.984179,14.289935,72.52833,-11.584412,-32.666225,74.96115,21.78674
14.625753,201.46492,3.1729033,18.640953,202.81439,0.20384438,12.500083,205.62086,0.787078,20.618067,199.44106,-10.023226,5.526819,205.65048,-7.1178617,16.626371,180.43422,-20.606733,-11.428623,192.72002,-2.6567209,21.190443,154.13725,-14.251147,-30.098425,176.89075,9.386194,28.97223,140.24786,4.189661,-40.193905,158.98201,22.798944,-2.2056205,141.92091,-12.649797,-23.415073,144.46844,-1.6886795,14.598507,109.023766,-1.8645924,-26.544516,112.40286,19.9813,14.371159,72.53257,-11.23795,-33.784225,76.18101,21.576782
13.4045515,202.36897,3.190089,17.432728,203.78961,0.27159843,11.213212,206.44,0.72546476,19.785856,200.83568,-9.907317,4.4448447,206.42587,-7.307089,16.928402,181.78699,-20.47983,-11.910647,193.15038,-3.7858837,22.00618,156.14314,-12.437672,-28.930313,175.66081,8.388072,28.148098,144.6874,7.9466662,-34.96089,156.59714,22.854069,-1.5367559,142.14127,-13.13214,-23.0747,144.76443,-3.199304,14.50852,109.12764,-2.0892663,-27.49508,113.58161,19.513699,14.568095,72.46344,-10.875014,-34.5321,77.50983,20.323858
12.215349,203.30644,3.3517416,16.163446,204.87805,0.40211278,9.861285,207.33234,0.9700255,19.036917,202.19618,-9.563816,3.4625123,207.25006,-7.359574,17.42592,183.43938,-20.227144,-12.264851,193.37369,-5.1036015,22.661629,158.55122,-10.410717,-27.851877,174.87506,7.4562826,26.345913,149.72758,11.776321,-29.648643,155.32698,22.351511,-0.69009036,142.52716,-14.053073,-22.384506,144.98347,-4.7278514,14.2638645,109.39943,-2.2224061,-28.228615,115.17364,19.335854,14.938714,72.59547,-10.408444,-35.30697,79.23949,18.43278
10.891576,204.43497,3.3865118,14.815457,206.23573,0.54481167,8.347977,208.25746,0.8809171,17.990036,203.6909,-9.406409,2.1217072,207.96576,-7.469714,17.862032,184.99709,-19.927149,-12.841906,193.78497,-5.925535,23.398624,161.14618,-8.567549,-26.715082,174.00304,6.655525,24.049223,154.27206,14.6572895,-24.016418,154.81921,21.968447,0.43312597,142.8639,-14.330266,-21.450197,145.25691,-5.69687,14.233761,109.50352,-2.015138,-29.091423,116.873825,19.349705,15.533662,72.56245,-9.878432,-35.562153,80.98682,15.773857
9.405858,205.84256,3.5265331,13.282611,207.82253,0.73655844,6.7214346,209.53528,0.9783605,16.948313,205.52449,-9.115699,0.84653616,208.72668,-7.6616573,18.278507,186.70682,-19.143713,-13.10982,193.98192,-6.877559,23.746912,163.58429,-6.6918993,-25.335676,173.21506,5.899138,20.43694,159.4043,16.672852,-18.446035,154.79306,20.777018,1.8639748,143.88214,-14.450376,-20.17433,145.99991,-6.339102,14.200315,109.79109,-1.787734,-29.54671,118.85954,19.631449,16.22698,72.76456,-8.953173,-35.345814,83.42889,12.799003
8.045882,206.81847,3.4063523,11.829215,208.97072,0.6132205,5.2273173,210.45616,0.9220867,15.760483,206.93192,-9.101644,-0.42829993,209.76016,-7.8298764,18.834282,188.43723,-18.07902,-13.591092,194.19283,-7.925844,24.340355,165.92741,-4.0478845,-23.95974,172.48286,5.1240387,16.563116,165.81096,18.68895,-13.215422,155.45166,19.539349,3.3702235,144.68379,-14.206825,-19.01171,146.66333,-7.0044684,14.443365,110.08951,-1.5173242,-30.112339,120.63429,19.505651,17.01126,72.8706,-7.701749,-35.106895,85.822556,9.614987
6.548986,207.84317,3.4854238,10.289294,210.33829,0.92878675,3.5838952,211.34953,0.9881517,14.453748,208.46182,-8.881212,-1.88725,210.58731,-7.8803205,19.34927,190.17224,-16.610523,-13.904569,194.60098,-8.622133,24.150324,168.42201,-1.1460105,-22.403017,171.92328,3.720186,13.094525,171.68143,19.955643,-8.074508,156.42163,16.580034,4.817466,145.30739,-13.637817,-17.786114,147.2648,-7.3298798,14.80564,110.20252,-1.1280705,-30.522835,122.28853,19.442245,17.957586,72.7519,-6.6602902,-34.472443,88.369194,6.795788
5.1424794,208.78993,3.598254,8.791752,211.53764,1.1711866,2.0387657,212.1803,1.1112809,13.224199,209.77083,-8.66097,-3.1858366,211.15361,-7.940737,19.554407,192.26247,-15.268415,-14.28767,195.05713,-9.404097,23.529684,171.06532,0.91924125,-20.569622,171.61534,2.634506,9.69971,176.73335,20.039303,-3.5204291,158.27864,14.636233,6.318265,145.62251,-12.8418665,-16.693003,147.57031,-7.4554124,15.58767,110.52435,-0.2134798,-30.590586,123.59182,19.309015,18.934996,72.96682,-5.2790766,-33.97478,90.78524,3.6450331
3.9734955,209.67392,3.7737007,7.529289,212.58765,1.4131056,0.76603645,213.05742,1.4009981,12.032346,210.97823,-8.454392,-4.44076,211.72179,-7.78311,19.886213,194.04245,-14.085537,-14.658381,195.45796,-10.312462,22.741013,174.0521,3.6533837,-18.56433,171.38657,1.7064538,5.3247013,180.6192,18.802095,0.81251556,160.1509,12.315693,7.6649246,146.1816,-11.810473,-15.458164,148.03156,-7.374516,16.389534,110.7081,0.8161784,-30.712284,124.603775,19.024334,20.107988,73.14531,-3.5834649,-33.394135,93.1971,0.49801445
2.7885187,210.2245,3.980163,6.208649,213.35585,1.6924895,-0.56575984,213.45811,1.5964266,10.93505,212.03192,-8.170365,-5.4944277,212.1685,-7.624345,19.614744,195.77686,-12.932574,-14.892054,195.39565,-10.942359,21.49009,177.3079,6.324912,-16.69023,170.93979,0.94994736,1.8511771,185.53809,17.600452,4.561967,162.40405,9.706012,9.097078,146.49542,-10.592163,-13.992685,148.21297,-7.258499,17.271763,110.656044,1.8376936,-30.423807,125.2603,18.65587,21.292278,73.23327,-2.191695,-33.05235,95.52916,-2.631966
1.4841827,211.21468,3.9977205,4.864401,214.43048,1.7638885,-1.902273,214.35411,1.5300826,9.724842,212.99486,-8.083965,-6.7421284,212.41689,-7.833904,19.291666,197.18922,-11.1596775,-14.652797,195.49706,-11.981061,20.434017,179.94148,9.282871,-15.01745,170.68748,-0.32675442,-0.6314206,189.0457,16.61642,7.8581986,165.04166,6.7185144,10.416182,146.93736,-8.999233,-12.663038,148.49124,-6.886157,18.212086,110.65385,2.9121761,-30.412428,125.434814,18.178501,22.382656,73.198235,-0.5339384,-32.646694,97.346115,-5.195485
0.43781817,211.68922,3.7835438,3.8311691,214.96849,1.6770077,-2.9190202,214.66132,1.087768,8.689595,213.68512,-8.237386,-7.729147,212.78795,-8.11362,18.980532,198.41637,-10.027186,-14.218617,195.0861,-12.57092,18.896116,182.24117,11.539318,-13.703917,170.61739,0.039119605,-3.0116656,191.767,14.348458,9.726625,168.01701,6.5221896,11.744842,147.29007,-7.6609883,-11.228495,148.68965,-6.464432,19.269241,110.52777,3.9600997,-30.32518,125.01209,17.240276,23.53367,72.932144,0.87078875,-31.973568,98.59326,-7.994038
-0.32114038,212.26425,3.7596316,2.959811,215.61687,1.5808225,-3.7792826,215.07236,1.0246867,7.878044,214.21442,-8.261477,-8.548796,212.60356,-8.096572,18.843466,199.63249,-8.996758,-13.656753,194.52962,-12.92794,16.07333,185.254,13.737805,-12.090192,170.30609,0.35599977,-6.254781,193.22818,11.129099,11.574749,171.41776,6.446262,12.940839,147.54648,-6.278774,-9.868497,148.75073,-5.8677497,20.452824,110.732635,4.945374,-29.85009,124.24496,15.961307,24.915062,72.8976,2.4389532,-31.268595,99.39407,-10.950669
-1.2181388,212.3002,3.814448,1.9623693,215.7874,1.687938,-4.75484,215.07382,1.1406738,6.978885,214.53473,-8.139028,-9.415338,212.40569,-8.052208,18.144032,200.5538,-8.170399,-13.117161,194.00595,-13.741939,13.914691,187.53363,15.106181,-10.7914295,170.30539,0.39408052,-8.307361,193.71954,8.634541,12.551164,174.33208,6.238536,14.217534,147.6559,-4.9585466,-8.356296,148.67528,-5.0483823,21.583452,111.12245,6.0458655,-29.164783,123.12013,14.651763,26.313667,73.05957,4.121929,-30.540447,99.83147,-13.725454
-2.1454263,212.20271,3.9551342,1.0336424,215.65245,1.7761933,-5.6499553,214.77763,1.0515077,6.179872,214.63794,-7.900339,-10.106477,212.16853,-8.077042,17.501867,200.9583,-7.4648805,-12.941661,193.61093,-14.364213,12.362185,187.83618,15.47024,-9.665228,170.25914,0.06613514,-9.212692,193.96402,6.7373977,12.83543,176.65608,6.016099,15.381546,147.74467,-3.5289328,-7.2419367,148.52437,-4.379326,22.586199,111.07567,7.5676103,-28.36815,121.84343,13.212504,27.624853,72.99577,6.0445657,-30.174067,99.79496,-16.182653
-3.0218203,211.87529,4.106307,0.1522774,215.2511,1.8188922,-6.538949,214.37366,1.1414237,5.4221973,214.37787,-7.652207,-10.819335,211.66193,-7.959278,16.717485,201.62546,-6.4548693,-12.587387,193.05515,-14.917284,10.064529,187.75374,15.708851,-8.298955,169.9128,-0.30559382,-10.539796,193.57832,4.554134,13.818371,178.16357,6.017676,16.261404,147.91615,-2.0434175,-6.155201,148.30708,-4.181999,23.781496,111.133385,9.268425,-27.431347,120.330605,11.482975,28.874123,73.02045,7.786796,-29.699093,98.81033,-18.37083
-3.7505765,211.26932,4.0736423,-0.712066,214.76755,1.7715408,-7.391379,213.76775,1.2599934,4.5889883,214.0448,-7.6991754,-11.585172,210.88083,-7.93747,16.087347,201.8729,-5.4854107,-12.403388,192.39708,-15.238772,8.228874,187.34207,16.050993,-7.5867076,169.68512,-0.3296292,-11.234749,192.86092,3.0273082,13.786875,179.7796,5.9082556,17.502264,147.76273,-0.7480267,-5.1368303,147.96162,-4.37466,24.966005,111.038345,10.805443,-26.269127,119.00703,9.793425,30.286077,72.993805,9.448904,-29.37644,97.54801,-20.32636
-4.2664976,210.67616,4.021439,-1.2368486,214.24104,1.8106554,-7.8936286,213.11655,1.153356,3.9488487,213.41927,-7.7776623,-12.143427,209.71954,-8.038778,15.585011,202.04695,-5.072919,-12.054516,191.67857,-15.644094,6.9477158,187.44249,16.140404,-7.478084,169.38197,-0.6662313,-12.477371,191.13487,2.4830897,13.05239,181.33842,6.0499554,18.346931,147.64104,0.41801578,-4.12483,147.49352,-4.0614347,26.118637,111.020134,12.347153,-24.9676,117.22143,7.970567,31.748653,73.12368,11.163817,-29.105383,95.596214,-22.297333
-5.0217524,209.88611,3.8094983,-1.9677626,213.38646,1.5300541,-8.646414,212.36478,0.973123,3.4545608,212.88876,-7.7458224,-12.521221,208.8352,-8.440261,15.444507,201.64395,-5.0331154,-11.656822,190.6443,-15.706808,5.715912,187.41135,15.753837,-7.4284935,168.50558,-0.2066864,-13.515627,189.8078,1.5491678,11.518045,181.63226,7.439608,19.258781,147.43887,1.5332516,-2.861054,146.7632,-3.8856583,27.39564,110.60602,13.585933,-23.40501,115.61725,6.00169,32.94932,72.861946,12.828112,-28.71261,93.33608,-23.985922
-5.3360887,209.1048,3.6289296,-2.4973755,212.84283,1.4485008,-9.076684,211.40083,0.7738181,3.0716224,212.47896,-7.868904,-12.70126,207.74524,-8.600354,14.827404,201.43298,-4.7647166,-11.209028,190.05527,-15.403732,4.857745,186.58638,15.246198,-8.163796,167.69937,-0.25030506,-14.344575,188.37296,0.89795506,10.145825,181.38124,8.174564,19.744215,147.1331,2.25141,-1.9788743,146.37045,-3.4646173,28.325758,110.567024,15.075639,-21.625195,114.060234,3.8120737,34.285122,72.96419,14.575156,-28.324816,90.620316,-25.531616
-5.7216625,208.31294,3.4814625,-3.030541,212.0415,1.1088033,-9.631163,210.53894,0.8125372,2.4588706,211.76616,-8.152773,-13.284397,206.92871,-8.639245,14.469145,200.89262,-4.604748,-10.979876,189.0753,-15.323979,4.516519,185.32945,14.669382,-8.40728,166.73123,0.23361725,-14.789523,186.73271,0.47505593,9.000095,180.837,9.240454,20.169157,146.4758,2.8619442,-1.415206,145.6944,-3.5576925,28.9958,110.28062,16.389574,-19.895401,112.576096,1.3331712,35.411453,72.78307,16.322565,-27.86599,87.8229,-26.650127
-6.1954513,207.54558,3.379579,-3.5408762,211.1976,0.84062755,-10.12765,209.61044,0.6173377,1.832082,210.97766,-8.323972,-13.924765,206.00258,-8.620809,14.04561,199.95515,-4.334955,-11.196909,187.87625,-15.547724,4.678431,183.00865,14.155856,-9.220343,166.01213,0.11946021,-14.628244,185.3645,0.06773633,7.722029,179.85213,11.061183,20.531254,145.7237,3.5197918,-0.9589586,144.67513,-4.089311,29.660528,109.86001,17.677193,-18.396551,110.81026,-0.94185144,36.57467,72.67176,17.98802,-26.854855,84.54168,-27.568161
-6.8480167,206.503,3.2546124,-4.166948,210.11992,0.697978,-10.761623,208.58543,0.47687358,1.161877,209.91174,-8.447885,-14.607277,205.01329,-8.73552,13.539497,199.04887,-3.870528,-11.427272,186.62497,-15.594137,5.3693104,181.20987,14.478319,-9.76619,164.91283,0.60183537,-13.807712,183.30078,-0.03829804,6.7627387,178.77634,11.947361,20.520493,144.69865,3.8712091,-0.8295988,143.4231,-4.6856146,30.006792,109.532135,18.808573,-17.167738,109.13,-3.3892205,37.5047,72.59176,19.269674,-25.483034,81.36937,-28.645233
-7.5350432,205.62138,3.1692972,-4.9351344,209.34515,0.6729404,-11.4721155,207.59416,0.34689066,0.39738184,208.93457,-8.638681,-15.357052,204.07799,-8.776409,12.747613,198.1018,-3.1062937,-11.611445,185.47261,-15.739644,6.1816783,179.38652,15.06284,-10.91923,163.77422,0.35274613,-12.153096,180.87552,-0.014013483,5.5321474,177.70018,12.044998,20.637169,143.85051,4.005103,-0.6410753,142.19243,-5.2644844,30.077686,109.00607,19.920254,-15.926686,107.6608,-5.3831406,38.474483,72.32089,20.915508,-23.49728,78.70036,-29.567911
-8.153645,204.74083,3.3269012,-5.5694656,208.40164,0.7213053,-12.11434,206.67737,0.5096325,-0.31044266,207.95728,-8.563709,-16.00052,202.84558,-8.580393,12.527691,197.36002,-2.1032898,-11.976861,183.96062,-16.129194,5.7741194,177.922,14.993983,-11.25419,162.39975,0.13121884,-12.311452,179.9924,-0.79596364,4.966193,176.49242,11.887312,20.701172,142.69783,3.9419076,-0.3901628,141.12212,-5.9698143,30.412766,108.37215,20.825844,-15.132393,106.34075,-6.3756065,39.839123,71.9848,22.352272,-21.007593,77.045715,-30.172407
-8.978773,203.82793,3.4670188,-6.4810705,207.53474,0.84035337,-12.98628,205.64845,0.63829523,-0.95198846,206.98999,-8.298211,-16.66218,201.82635,-8.502915,11.990952,196.51959,-1.6279062,-12.08831,182.86488,-16.288197,5.613004,176.31241,14.805585,-11.29669,161.29541,-0.06339217,-12.46478,178.55151,-0.9770821,4.83327,175.25111,11.966283,20.781315,141.87456,4.025345,-0.1056248,140.1984,-6.5960655,30.672607,107.879036,21.154814,-14.66192,105.450264,-7.5709543,41.370686,71.8447,23.637598,-18.584215,75.51579,-30.610569
-9.900748,202.87027,3.593102,-7.3350925,206.63083,1.1198732,-13.826482,204.73866,0.68135613,-1.6772801,206.33142,-7.9591455,-17.21547,200.66539,-8.57753,11.706415,195.67941,-0.78129125,-12.170455,182.06918,-16.452442,5.2291856,174.85963,14.898413,-11.045126,160.09451,-0.8511114,-12.677471,177.0456,-0.9577817,4.530784,173.8833,12.077722,21.280716,141.43773,3.9033132,0.20112583,139.55765,-7.417329,30.993614,107.43352,20.754725,-14.554999,105.14446,-8.407177,42.999294,71.79933,24.875721,-16.538013,74.38962,-30.500416
-11.080341,202.37329,3.8360276,-8.488328,206.15332,1.4227544,-14.84501,203.96463,0.56956697,-2.3832328,205.71362,-7.4401145,-17.711258,199.51353,-8.600734,11.456823,194.88011,0.21133074,-11.735256,181.4365,-16.739738,5.0350456,172.971,14.578937,-10.399002,159.08856,-1.8047258,-12.839663,175.97789,-1.0870259,3.6539333,173.37009,12.229394,21.698044,141.1572,3.363877,0.64685154,139.40031,-8.160693,31.702423,107.21879,20.233747,-14.573584,105.033554,-8.826288,44.733673,72.03243,25.97829,-14.8711195,73.50256,-29.764605
-12.320634,201.38287,3.9213748,-9.670492,205.23488,1.696853,-15.8893385,202.89937,0.40062425,-3.142238,205.17484,-6.7684016,-18.138998,198.54733,-8.876436,11.470738,194.25438,1.0770278,-11.301432,180.89679,-17.045496,5.1520505,171.5498,14.317948,-9.797193,157.99141,-2.7647188,-12.940936,175.04233,-0.99671304,2.5984795,172.5587,12.263684,21.993263,140.8333,2.7377994,1.2125734,139.12108,-8.968108,32.59555,107.08364,19.34618,-14.472783,105.097855,-8.946921,46.330784,72.55291,27.283508,-13.679393,73.17543,-28.678205
-13.852883,200.47913,4.0214653,-11.211173,204.39479,1.8854837,-17.340014,201.94896,0.40144488,-3.9883127,204.68889,-5.877385,-18.683365,197.64851,-9.139793,11.338511,193.85199,1.837692,-11.150735,180.54323,-16.958862,5.334759,170.4094,13.880396,-8.996334,157.04286,-3.5691407,-12.900405,174.45387,-1.1238955,3.6101243,171.31618,11.897188,22.297693,140.8773,2.1561534,1.8339719,139.078,-9.559816,33.517437,107.62481,18.460642,-14.330245,105.39247,-8.781803,47.364746,73.28413,28.057756,-12.843777,73.023506,-27.587526
-14.997564,199.90576,4.3015957,-12.5626955,204.00975,2.289964,-18.492401,201.2074,0.6200048,-4.7583756,204.59103,-5.000797,-19.241388,197.47823,-9.124539,11.411574,193.56464,2.5026019,-11.093104,180.29669,-17.295982,5.4827933,169.31067,13.234218,-8.675393,156.74187,-4.198553,-12.96634,173.92682,-1.2370403,4.388827,170.5941,11.391722,22.770111,141.08559,1.1698958,2.3481858,139.18323,-10.163068,34.395016,108.5173,17.87393,-14.168788,105.67338,-8.261014,48.09676,74.41553,28.083416,-11.937217,72.99851,-26.186356
-16.163921,199.76208,4.6171904,-13.850502,203.95432,2.6428616,-19.579836,200.85735,0.79389906,-5.5641623,204.70448,-4.186663,-19.73644,197.42035,-8.980225,11.602432,193.73184,2.566955,-11.227212,180.88766,-17.245054,6.0651903,169.45894,13.414232,-8.266154,156.86618,-4.7210207,-12.626932,173.7689,-1.038055,5.3725176,170.27312,10.768624,23.38237,141.45825,0.37240526,2.7198994,139.45009,-10.653267,35.09346,109.266815,17.491955,-14.017653,105.9602,-7.6821494,48.288464,74.905655,26.999731,-11.491514,73.02093,-25.16142
-16.851326,199.58733,5.199812,-14.681834,203.89197,3.3245432,-20.153913,200.49922,1.2329891,-5.994878,204.97119,-3.0204332,-19.82699,197.6204,-8.582471,11.662825,193.98589,2.6820922,-11.81583,181.21527,-17.047594,6.4310374,169.47324,12.824054,-7.8391285,157.2675,-4.9121675,-13.139587,174.18208,-0.44386566,6.9538574,170.33308,9.960383,23.687933,141.91632,-0.57827085,2.8623288,139.91432,-11.352796,35.339745,110.150696,17.21841,-13.55461,106.2624,-7.390617,47.8357,75.41779,25.127409,-10.915329,72.97362,-24.24148
-16.84012,199.7433,6.114935,-14.668417,204.03215,4.203966,-20.248358,200.72345,2.2579389,-5.9560075,205.32065,-1.965727,-19.882938,198.35345,-7.7430716,11.888133,194.288,2.3170793,-12.283451,182.04916,-16.506916,6.7262607,169.48605,12.274144,-8.000831,157.80302,-5.224598,-12.922937,174.71727,-0.36553058,6.071581,171.49371,9.284746,23.888855,142.50519,-1.5982828,2.934145,140.299,-11.971076,35.29574,111.21506,16.934885,-12.525566,106.52238,-7.108563,46.87638,76.02902,22.560734,-10.352466,72.9885,-23.464663
-16.670483,200.04703,7.1105485,-14.431403,204.38066,5.3835015,-20.110567,201.30177,3.3591528,-5.9945574,205.96114,-1.0174061,-20.0946,199.24513,-6.7088785,12.045179,194.93916,1.8564802,-13.160672,182.78346,-15.776964,7.3458614,170.32903,11.995971,-8.203497,158.21492,-5.404544,-12.797344,175.36679,-0.15811144,7.304596,171.97588,7.7102246,23.746239,143.3283,-2.7371664,2.7016277,140.9633,-12.476008,34.86859,112.4518,16.992071,-11.824277,106.66895,-6.7848573,45.370567,76.551025,19.381495,-10.09526,72.97345,-22.72551
-16.082787,200.54156,8.04555,-13.951167,205.00546,6.533616,-19.706858,202.0244,4.5659046,-5.634917,206.82042,-0.099638194,-19.957409,200.4805,-5.7096305,12.088965,195.86479,1.4914842,-13.943579,183.46939,-14.993807,7.598855,171.08203,11.5868635,-8.522323,158.71309,-5.5372334,-12.780502,176.4451,-0.06706291,7.9563813,172.84428,5.59731,23.415112,144.234,-3.572869,2.3004718,141.54262,-12.740018,34.522697,114.104126,17.114,-11.213563,107.138855,-6.4355345,43.73987,77.76004,15.996256,-9.829247,73.18415,-21.775192
-15.517731,201.10585,9.031053,-13.177889,205.52325,7.706546,-19.143032,202.9837,5.7465916,-5.097886,207.699,1.0247931,-19.596233,201.91074,-4.6345468,12.350593,196.93631,0.9475409,-14.751283,184.5981,-14.320883,7.9839463,172.15207,10.893249,-8.859713,159.58391,-5.778335,-12.73181,177.85461,0.08846812,8.136384,173.8331,4.2308125,23.081491,145.43239,-4.323623,1.7104602,142.42369,-13.058887,34.211304,115.6675,17.292202,-10.80059,107.5987,-6.275495,42.023224,79.31443,12.589781,-9.821237,73.269714,-21.159267
-14.7011385,202.03004,10.074567,-12.295742,206.42174,8.785669,-18.465944,204.16869,7.129481,-4.383397,208.65565,1.9092113,-19.192217,203.45058,-3.4161777,12.594063,197.86168,0.1978144,-15.421829,185.8775,-13.46193,8.7639475,173.10942,10.331323,-9.529258,160.62268,-5.7722983,-12.376528,179.01843,0.17409967,7.8297586,175.00345,3.461746,22.61952,146.38904,-5.0724454,0.9227396,143.4451,-13.325754,33.6902,116.89909,17.065735,-10.487862,108.13176,-6.375311,40.28454,80.97593,8.910192,-9.850852,73.40497,-20.61592
-13.785208,203.11159,11.040962,-11.402603,207.6438,10.28529,-17.597092,205.57784,8.437894,-3.646127,209.6913,2.5912185,-18.847765,205.25905,-2.1928964,12.794635,198.74812,-0.7988482,-16.039747,187.24237,-12.419257,9.579966,174.15942,9.7971735,-10.135081,161.71046,-5.354496,-11.716755,180.29285,0.15205815,7.4918404,176.40198,2.944943,22.1259,147.21857,-6.057328,-0.0058167614,144.43112,-13.49583,33.169926,118.07125,16.654198,-10.669875,108.77396,-6.5721035,38.882355,82.84721,5.0954585,-10.19855,73.67772,-20.108435
-12.957387,204.33734,11.8732605,-10.587892,208.90593,11.335866,-16.749031,206.88838,9.326954,-2.8390665,210.71605,3.2529655,-18.221914,206.69112,-1.2339938,12.804126,199.74196,-1.5535535,-16.38293,188.5553,-11.764663,10.639549,175.36456,9.216741,-10.813954,162.73796,-4.9065723,-11.249354,181.2654,0.6919048,7.1985836,177.44511,2.615785,21.482237,147.93869,-6.7210426,-0.8897067,145.20738,-13.47956,32.64819,118.89652,16.072338,-10.8900795,109.37603,-6.5833406,37.468643,84.77606,1.272801,-10.660013,73.935394,-19.41589
-12.055781,205.78131,12.597687,-9.438143,210.18576,11.896944,-15.69978,208.4414,9.947523,-1.9395381,211.60213,3.5803504,-17.539726,207.95721,-0.4746317,13.16819,200.71681,-2.3625925,-17.179873,189.58827,-10.864562,11.690718,176.30246,8.638354,-11.4474745,163.91792,-4.333481,-10.471406,182.1488,1.9822302,6.9063077,178.72585,2.2105298,20.481367,148.6041,-7.411751,-2.018997,145.95528,-13.49311,31.800604,119.765526,15.501039,-11.056353,109.88646,-6.6071606,35.96115,86.90923,-2.0306344,-11.161264,74.16651,-18.776737
-10.676527,207.03244,13.267207,-8.091858,211.38072,12.239293,-14.408775,209.5308,10.571979,-0.78788877,212.43326,3.713996,-16.651684,209.38991,0.4159295,13.4283,201.29459,-3.3375251,-17.6297,191.00478,-9.9992695,12.112901,177.23497,8.186755,-12.028301,165.1461,-3.6077325,-10.444698,183.14505,2.7743046,6.6675134,180.02144,1.8326552,19.358936,149.3192,-7.8096013,-3.1895134,146.6636,-13.284143,31.099724,120.38304,14.786702,-11.404088,110.32795,-6.518252,34.62231,89.01416,-5.317085,-11.976652,74.2099,-17.915215
-9.53015,208.20691,13.6607685,-6.7530594,212.43114,12.610928,-13.220603,210.96165,11.184484,0.38189417,213.14673,3.9073815,-15.6748495,210.7181,0.92955315,13.62958,201.63768,-4.2054605,-17.914381,192.22055,-9.142674,12.516101,177.7096,7.5651555,-12.738644,166.25864,-2.5431573,-10.080165,184.33344,3.1814702,6.4551897,180.95285,1.5947307,18.245153,149.68953,-8.129515,-4.354643,147.18085,-12.88913,30.518837,120.66592,13.878073,-11.970291,110.59038,-6.1946573,33.367104,90.85933,-8.252746,-12.877073,74.46852,-17.155203
-8.209727,209.40953,14.03106,-5.3128037,213.47694,12.720034,-11.890571,212.21597,11.591548,1.4657748,213.85628,3.8181295,-14.696645,211.88248,1.4211403,13.899176,201.90681,-5.35666,-18.28617,193.06659,-8.415194,13.039444,178.03508,6.5559783,-12.944792,167.18906,-0.7730912,-9.752469,184.77748,3.441049,6.2505603,181.99846,1.8058369,16.741558,149.9692,-8.496493,-5.6638355,147.58176,-12.165805,29.830208,120.747055,12.756093,-12.640851,110.76915,-5.6999264,32.113575,92.436386,-11.062486,-13.942433,74.73423,-16.171215
-7.080255,210.26646,14.183895,-4.0105352,214.2011,12.857704,-10.652202,213.2694,11.816675,2.6091247,214.59094,3.938852,-13.62807,212.95334,1.6578206,14.0988455,202.03067,-6.6971164,-18.397667,194.10072,-7.4383316,13.682067,178.06409,4.9707227,-13.432425,168.13824,0.36492547,-9.2359495,185.31148,3.856567,5.635456,183.09178,2.4177895,15.639392,150.20288,-8.808432,-7.096614,147.84218,-10.807647,29.292936,120.65767,11.568516,-13.3736725,110.810585,-5.0113926,30.983746,93.72271,-13.489358,-15.034179,74.859566,-15.381191
-5.712718,211.04095,14.476854,-2.4688973,214.78592,13.020093,-9.189127,214.25671,12.239298,3.7743132,214.95561,3.9204628,-12.519347,213.82,2.0942142,13.940293,202.01962,-7.771515,-18.667067,195.16948,-6.1529,13.817175,178.04964,3.771071,-14.15385,169.02905,1.3393766,-8.90716,186.08815,4.2394047,5.975703,182.68433,2.223006,14.263832,150.36717,-9.008638,-8.432107,148.13487,-10.380625,28.44563,120.14754,10.384106,-14.142236,110.83903,-3.9664872,29.858744,94.46192,-16.06348,-15.88318,74.90716,-14.364241
-4.5614643,211.63385,14.673477,-1.2634578,215.30258,13.1238,-8.006337,214.91098,12.486054,4.92014,214.85457,3.860401,-11.463181,214.42522,2.3518236,13.992195,201.90295,-8.74049,-18.920378,195.79001,-4.105804,13.814991,177.58902,2.133261,-14.55966,169.6969,2.9336338,-8.487432,186.29242,4.780708,7.275708,180.56526,0.8950201,12.937998,150.18541,-9.624261,-9.90711,148.16136,-8.598036,27.459667,119.3774,8.677765,-15.037982,110.77094,-2.6295352,28.659182,94.31272,-18.920403,-16.85288,74.72458,-13.297415
-3.3169398,212.27924,14.802266,-0.00084500486,215.78201,12.951441,-6.755689,215.48947,12.509874,6.158337,214.9448,3.8282955,-10.262072,214.95726,2.4959507,14.002741,201.47232,-9.646312,-18.840134,196.2558,-2.5632882,13.719404,177.17415,1.2682725,-15.125582,170.14107,4.284292,-8.148465,186.33672,5.416556,7.5122104,178.61607,-0.028991304,11.625218,150.08463,-10.134908,-11.207329,148.05627,-7.372556,26.739712,118.78955,6.8370485,-15.734888,110.79105,-1.1215202,27.637,93.782425,-21.139498,-18.002678,74.82006,-12.386924
-2.1538804,212.34724,14.62506,1.2017435,215.78534,12.741251,-5.5808697,215.69957,12.519189,7.218188,215.0007,3.4685407,-9.204489,215.21753,2.43865,13.996351,200.6253,-10.329883,-18.425013,196.72925,-1.3107979,13.5038185,176.271,0.77410793,-15.670915,170.51744,5.492066,-7.521246,186.55551,6.5205116,7.0540953,176.94444,-1.0573219,10.399251,149.83217,-10.768996,-12.226748,148.121,-6.3084097,26.026068,118.01828,4.945594,-16.507696,110.632256,0.46937013,27.00795,92.82398,-23.043226,-19.116606,74.78579,-11.175705
-0.8241497,212.49854,14.391953,2.567604,215.76657,12.277359,-4.216493,215.87282,12.263325,8.372813,214.49931,2.9999514,-8.092386,215.06638,2.258592,14.1236315,199.69264,-10.909486,-18.087599,196.92506,-0.27995798,13.159288,175.28908,0.79746217,-16.4867,170.43819,6.268246,-6.729769,186.93658,8.455351,6.1823707,175.94142,-1.0352609,9.140388,149.44911,-11.356802,-13.238868,147.78491,-5.4714975,25.404669,116.8718,2.6157224,-17.331493,110.467094,1.9412134,26.15106,91.005226,-24.998573,-20.094366,74.6631,-10.217597
0.35111037,212.25153,13.974689,3.8385627,215.43903,11.883532,-2.935915,215.83958,12.049472,9.547408,213.95496,2.5697405,-6.8874416,214.85985,1.8065054,14.153988,198.6254,-11.574323,-17.889416,197.03345,0.50335395,13.0269165,174.32626,0.39737856,-17.06661,170.57314,7.259686,-6.368115,186.21597,8.945009,6.3248296,174.57907,1.5420356,7.7763305,148.65079,-11.781749,-14.339596,147.49582,-4.967822,24.447966,115.52464,-0.11919467,-18.264835,110.1988,3.4436293,25.453016,88.69341,-26.840746,-21.168198,74.692894,-9.091198
1.3343633,211.83186,13.466357,4.9956756,214.83957,11.4184675,-1.7239211,215.70741,11.725007,10.533339,213.24368,1.9560477,-5.880872,214.4092,1.2957741,14.216253,197.3727,-12.12776,-17.52922,196.92413,1.1486828,12.665344,172.89267,-0.6217531,-17.642448,170.47931,7.99637,-5.739309,185.0857,9.733764,6.4887,174.15305,4.962539,6.7304964,147.73898,-11.898482,-15.369054,146.93471,-4.504478,23.371063,114.048164,-2.6552322,-19.063957,109.70361,4.611241,24.938044,86.210625,-28.324846,-22.324497,74.42389,-8.181697
2.3668811,211.44153,13.113616,6.059079,214.32051,10.934588,-0.6631459,215.22472,11.135912,11.483138,212.33986,1.4625763,-4.91105,213.9959,0.9909012,14.100657,196.17381,-12.637841,-17.019012,196.84401,1.7945955,13.034648,171.63402,-0.58001447,-18.47642,170.49872,9.134414,-4.774653,183.81047,10.949365,6.0094056,171.13945,6.2678404,5.6561637,146.87941,-11.950355,-16.210365,146.24835,-3.9999664,22.154781,112.77153,-5.162692,-19.928179,109.157036,5.5637403,24.53106,83.62772,-29.579914,-23.41299,74.246506,-7.436766
3.4930706,210.75998,12.792063,7.228955,213.43141,10.422596,0.56176245,214.60173,10.7657175,12.386614,211.23602,1.0060112,-3.945826,213.29079,0.763479,14.369547,194.89749,-12.808548,-16.762648,196.45346,2.2946336,13.68295,170.39008,-0.49189848,-19.503576,170.23972,10.091534,-3.805104,181.92027,12.159799,4.823243,167.58392,7.451315,4.8019,146.02167,-12.244977,-16.899942,145.44772,-3.536804,20.741621,111.44103,-7.766754,-20.624954,108.561806,6.601464,23.867226,80.86463,-30.815933,-24.414837,74.028275,-6.6836953
4.5124907,209.93117,12.353976,8.310421,212.51724,9.988741,1.6493772,213.75656,10.206842,13.370474,210.39716,0.53767204,-2.9564142,212.54611,0.38534504,14.603158,193.57327,-13.015242,-16.30363,196.02759,2.6987863,14.375277,168.99136,-0.41876927,-20.39575,170.29189,11.450846,-2.858462,179.58034,13.380852,2.9620774,163.88777,8.980364,4.058551,145.01065,-12.740941,-17.329573,144.86835,-3.153825,19.296434,110.10094,-10.39464,-21.151754,108.369354,7.5006695,23.07348,78.18352,-31.820332,-25.216158,73.77323,-5.9403467
5.5634103,209.20224,12.183038,9.345606,211.59734,9.6078825,2.7079945,212.98862,9.970462,14.249876,209.27286,0.19252373,-2.0290189,211.60756,0.20020376,14.891336,192.37405,-13.488492,-15.591953,195.56587,2.8060672,15.60623,168.22414,-0.66166997,-21.676888,170.86314,12.403957,-1.0782641,176.7718,15.097206,0.21590266,160.72873,10.075272,3.3822095,144.0336,-13.100424,-17.923227,144.0599,-2.8212972,17.91314,108.95153,-12.525007,-21.469856,107.792885,8.254107,21.797104,76.206116,-33.017914,-25.903599,73.611755,-5.175918
6.5817084,208.29924,11.947879,10.35684,210.72955,9.394675,3.7196176,212.09584,9.750261,15.204647,208.13081,-0.092813045,-1.080434,210.69617,0.038806703,15.105047,191.39503,-13.823968,-14.757116,195.05658,2.9899757,16.729088,167.26917,-1.3765442,-22.624538,171.29472,13.19845,1.3551346,174.03224,16.616661,-2.763006,157.44032,11.565693,2.4819348,143.30135,-13.518523,-18.421965,143.45601,-2.9787328,16.743935,108.26372,-14.257167,-21.955214,107.51924,8.748216,20.272278,74.93576,-33.72712,-26.947958,73.29546,-4.475749
7.3797717,207.37347,11.505349,11.149736,209.82112,8.954672,4.521398,211.22234,9.389427,15.982489,207.21083,-0.48373228,-0.2786216,209.85406,-0.4081093,15.39573,190.17981,-13.919309,-14.080865,194.58412,2.820977,18.261175,166.10493,-0.93483794,-23.926853,171.4256,13.068532,4.216363,171.55025,18.414064,-5.8788004,155.4736,14.309856,1.8336842,142.75526,-14.43275,-18.86654,142.95816,-3.6425812,15.795522,107.597115,-15.607465,-22.421785,107.33439,9.014741,18.569199,73.99087,-34.02852,-27.6516,73.25715,-4.0203156
8.334278,206.67659,10.948485,12.060904,209.15378,8.368942,5.4323483,210.51341,8.882054,16.761242,206.35707,-1.1003479,0.5053144,209.38397,-0.7867622,15.593367,189.18471,-14.279945,-13.544431,194.18217,2.4926205,19.894882,165.62424,-1.0487692,-25.335411,172.2919,13.144499,7.0268664,168.66975,19.473421,-9.12497,155.02623,18.030848,1.370534,142.6619,-15.272179,-19.394966,142.78683,-4.2386317,15.041766,107.42619,-16.738708,-23.18442,107.56996,9.273805,17.009808,73.20013,-33.654224,-28.44711,73.4936,-3.4951065
9.030021,206.1125,10.606576,12.75997,208.47993,7.93233,6.1442423,209.92395,8.467695,17.332294,205.82156,-1.5049231,1.1050225,208.86293,-1.069844,16.225122,188.48825,-14.57858,-13.1178,193.83875,2.201296,21.520159,165.26077,-1.2802033,-26.914577,173.21027,12.967328,10.198005,166.16988,20.163652,-12.65426,155.94154,21.879318,0.98776895,142.7064,-16.422806,-19.710627,142.85815,-5.486694,14.577815,107.47401,-17.412107,-24.133278,108.32332,9.328287,16.110155,72.8805,-33.246773,-29.460033,74.03198,-2.5445554
9.728303,205.64166,10.291488,13.508253,208.01639,7.687417,6.8949003,209.47955,8.128348,17.92407,205.43669,-1.9855559,1.6910478,208.36333,-1.3074754,16.85788,188.23926,-15.053199,-12.797313,193.8084,1.9612684,22.13215,165.23454,-1.6149842,-28.484339,174.3672,12.451009,13.335278,165.31425,21.135971,-16.036398,158.04062,25.412712,0.7519038,142.77284,-17.627806,-19.944391,143.10031,-6.8873878,14.492807,107.64973,-17.939964,-25.172329,109.24891,9.514282,15.747108,72.810814,-32.49953,-30.628933,74.6911,-1.6665902
10.798131,205.07227,10.042477,14.472777,207.54951,7.386116,7.8610363,208.92307,8.053185,18.641926,205.12015,-2.3967595,2.406472,208.13693,-1.1996038,17.120459,188.26363,-15.200622,-12.787165,193.74483,1.8041812,22.754906,165.42076,-1.8049859,-30.3052,175.26967,11.705842,16.06484,165.66527,22.011843,-18.942617,160.92702,27.527786,0.45635772,142.9807,-18.565845,-20.238213,143.51991,-7.8252344,14.567542,108.14286,-17.968155,-26.236076,110.176704,9.641705,15.3688755,72.94711,-31.950005,-32.004047,75.483864,-1.2619259
11.506535,204.88171,9.8132925,15.166349,207.28014,7.0670586,8.597008,208.7753,7.864306,18.900856,204.82207,-2.8472726,2.7815168,208.19136,-1.0922086,17.500921,187.88295,-15.15701,-12.910887,194.05194,1.2486215,24.487425,165.90192,-0.39105803,-31.612244,176.6363,10.551173,18.728256,167.30078,23.422411,-21.100546,164.53787,28.647663,0.26380965,143.37735,-19.228373,-20.647541,144.02115,-8.769768,14.478299,108.60847,-17.94151,-27.646181,111.30813,9.59699,15.080314,73.04069,-31.436815,-33.57389,76.59166,-1.3475009
11.782227,205.08936,9.985997,15.436505,207.42732,7.1765747,8.896193,209.0189,8.089528,19.211847,204.84096,-2.7116072,3.213756,208.59378,-1.0095583,17.871517,188.09561,-15.098205,-12.851189,194.5889,0.58989006,25.663578,166.63914,0.068116985,-32.533466,177.61928,9.29481,21.495028,169.67859,24.053352,-22.96867,168.88089,29.828152,0.39066136,143.74208,-19.539028,-20.762577,144.3916,-9.405995,14.1756315,108.80138,-17.831907,-28.835508,112.38225,9.619117,14.891669,73.07956,-30.852577,-35.0772,77.9225,-2.2566633
11.896796,205.30806,10.139026,15.652177,207.72302,7.538629,9.070592,209.25996,8.198001,19.307129,205.42564,-2.5358992,3.250108,209.04646,-0.74884206,18.088602,188.62073,-14.860176,-12.626843,195.16528,0.1726329,26.96686,167.64822,0.42422226,-32.77426,178.94283,7.7061415,24.246614,172.44354,24.136044,-25.978699,173.62091,30.406443,0.6905154,144.08655,-19.299162,-20.572607,145.24594,-9.707929,14.095248,108.814766,-17.304808,-29.620382,113.623314,9.724904,14.70737,72.948135,-30.485653,-36.39922,79.762276,-3.503574
11.749839,205.77478,10.258904,15.649836,208.03156,7.7219176,9.114943,209.78975,8.17364,19.444262,206.15927,-2.2822852,3.3463929,209.66135,-0.74248546,18.551626,189.33702,-14.661496,-12.488491,196.03671,-0.66689765,28.21644,168.93593,1.1320249,-32.76435,179.83528,6.761569,26.427061,176.38315,24.413506,-30.855026,178.72708,30.91519,1.4955251,144.46199,-19.000618,-19.978184,145.70189,-9.862857,14.117853,108.79167,-16.899433,-30.021843,114.619934,10.071773,14.992038,73.02831,-29.953827,-36.997917,81.93673,-5.378624
11.290607,206.41492,10.42677,15.207198,208.73096,7.963606,8.643572,210.39307,8.286469,19.084682,206.99738,-2.0414133,2.9874218,210.26024,-0.7061087,18.865236,190.25716,-14.1334915,-12.242268,196.93625,-1.3207828,28.878744,170.48816,2.077434,-32.87001,181.11682,5.4361057,28.90905,180.05742,24.660908,-33.136482,182.91438,29.68737,2.513891,145.13026,-18.124088,-19.311539,146.45764,-9.668815,13.860392,108.93371,-16.22678,-30.353455,115.87241,10.469818,15.089055,73.09536,-29.34093,-37.416096,84.60298,-7.4460726
10.871345,207.45358,10.557107,14.680216,209.77927,7.9486656,8.076085,211.27783,8.323694,18.701334,208.24965,-1.8906817,2.5464294,211.16408,-0.5970221,19.277487,191.2549,-13.722429,-12.206189,197.88371,-1.9795438,29.142889,172.17776,3.3434422,-33.075718,182.28575,4.563148,30.65677,182.82156,25.098042,-35.110474,186.86191,28.447895,3.4380531,145.66699,-17.392956,-18.52685,146.87503,-9.635167,13.851095,109.13514,-15.834198,-30.476477,117.02893,10.757397,15.711066,73.15208,-28.577206,-37.557064,87.07143,-9.41019
10.231043,208.48294,10.592745,14.073988,211.0093,8.232304,7.397859,212.21588,8.267307,18.348331,209.51198,-1.6549697,2.1758854,212.47438,-0.67571807,19.75547,192.26819,-13.037703,-12.378658,198.75175,-2.7776265,29.746683,173.76833,4.5173235,-33.294567,183.28899,3.940324,32.31636,185.31062,25.482878,-36.97707,190.02208,27.082191,4.3352566,146.10005,-16.564718,-17.714548,147.50305,-9.4058275,14.069597,109.53702,-15.372327,-30.770008,118.128365,10.898871,16.188091,73.52578,-27.865803,-37.503716,89.88145,-11.659252
9.494617,209.56572,10.609721,13.286842,212.1075,8.182651,6.625979,213.32965,8.36671,17.74211,210.76921,-1.5393221,1.5500348,213.53091,-0.777862,20.242903,193.3563,-12.3046465,-12.53858,199.52725,-3.5595264,30.333817,175.29556,5.550903,-33.474308,184.3433,3.5086877,33.804688,187.62006,25.889524,-39.11325,192.68355,25.739338,5.5520687,146.54474,-15.566659,-16.67942,147.99846,-9.022198,14.468539,109.772446,-14.786148,-30.750988,118.866875,10.804178,16.87038,73.67904,-27.257015,-37.415432,92.48989,-13.838336
8.568482,210.76418,10.505795,12.386701,213.40433,8.224107,5.7057586,214.53506,8.265845,16.931002,211.84492,-1.5839529,0.69743717,214.34276,-1.0519767,20.676687,194.4874,-11.687843,-12.5508375,200.09384,-4.2040215,31.092196,177.06732,6.4206705,-33.746006,185.53343,3.1685886,35.064617,190.0016,26.18444,-40.67434,195.40573,24.425365,6.7848053,146.91336,-14.395616,-15.710708,148.3639,-8.756986,15.082331,109.96401,-14.249997,-30.82336,119.73943,10.711983,17.654142,73.723755,-26.407866,-37.138905,94.85684,-15.568536
7.8376703,212.00633,10.410929,11.668605,214.73659,8.268919,4.9440627,215.57753,7.9170213,16.197456,213.23854,-1.6629653,-0.13470353,215.04352,-1.2412432,20.79625,195.6149,-11.097904,-12.618705,200.33415,-5.0384555,31.931583,178.95737,7.398556,-34.374718,186.64206,2.6094716,36.347908,191.88573,27.004276,-42.602577,197.45819,22.976768,8.042942,147.24875,-12.953251,-14.53138,148.7023,-8.412707,15.659312,110.14204,-13.699527,-30.864012,120.2001,10.44807,18.59203,73.82654,-25.739918,-36.891724,96.80083,-17.188042
6.958578,212.81036,10.092687,10.809998,215.55446,7.996505,4.0991206,216.41869,7.604577,15.454492,214.38391,-1.8433194,-0.9439024,215.67128,-1.6344767,21.03617,196.55568,-10.327683,-12.858306,200.61044,-5.801494,33.268345,180.73018,8.357128,-34.896008,187.51004,2.346575,37.545666,193.58296,28.118036,-44.5945,199.2242,21.638355,9.414309,147.4051,-11.598576,-13.628538,148.9676,-7.997163,16.468582,109.98767,-12.954924,-31.061312,120.48534,9.987831,19.50928,73.9007,-25.15044,-36.58197,98.26871,-18.83362
6.2300572,213.74825,9.944378,9.896905,216.5688,7.635338,3.144944,217.03351,7.2821937,14.735147,215.20558,-1.993572,-1.6844944,216.26067,-1.8636178,21.497355,197.22945,-9.482722,-13.395975,200.8006,-6.626362,34.4047,182.34607,9.150337,-35.695045,188.405,2.0443647,38.717426,194.7993,29.019655,-46.10249,200.5788,20.608204,10.592909,147.5068,-10.330572,-12.717374,148.98325,-7.8105392,17.122639,109.97715,-12.0793705,-31.007656,120.67713,9.25935,20.527151,73.906845,-24.433193,-36.266197,99.392654,-20.323874
5.277594,214.31857,9.635196,8.859703,217.28473,7.3783684,2.0949054,217.54462,7.0136714,13.922251,215.93402,-2.1549745,-2.5137687,216.65926,-2.2750418,21.696936,198.08163,-8.541494,-13.622486,200.7646,-7.560697,35.54619,184.13911,10.03814,-36.347824,189.2908,1.4940972,39.63775,195.91124,30.321625,-47.560646,201.33693,19.598846,11.786411,147.60178,-9.195124,-11.820424,149.04633,-7.439799,17.888836,110.04972,-11.336551,-30.733395,120.42264,8.492496,21.63559,73.863655,-23.655907,-35.74762,100.00551,-21.812853
4.439563,214.86812,9.405243,7.9455323,217.9636,7.19963,1.1927449,217.88132,6.6204195,13.085965,216.34233,-2.432931,-3.3530514,216.81163,-2.5865219,21.815645,198.89778,-7.399379,-14.095514,200.82675,-8.739384,36.53489,185.80983,11.001942,-37.21775,190.40549,0.28114516,40.705757,196.73904,31.745628,-48.715755,201.91747,18.522863,12.715822,147.62479,-7.99358,-10.916335,148.99751,-7.027083,19.018692,110.08862,-10.192125,-30.410847,119.80715,7.489098,22.942368,73.972565,-22.76153,-35.68773,99.66601,-23.133436
3.811669,215.05956,9.160979,7.144146,218.3138,6.9175363,0.37643957,218.10426,6.6435695,12.287135,216.79768,-2.7825558,-4.1497517,216.90408,-2.7199664,21.860853,199.51247,-6.677256,-14.269975,200.68535,-9.478393,37.353924,187.69281,11.848079,-37.829765,190.97017,-1.0499293,41.501713,197.18062,33.29996,-49.81933,202.15517,17.135244,13.669576,147.51125,-6.847759,-10.084265,148.5239,-6.694823,19.941404,110.12527,-8.929711,-30.295872,119.245346,6.3175955,24.18162,74.172676,-21.993273,-35.679523,98.70618,-24.1493
3.0923684,215.16972,8.969204,6.4249287,218.44704,6.7503624,-0.34326446,218.20876,6.4430747,11.488914,217.03426,-2.966288,-4.9759107,216.78897,-2.8727055,21.66699,200.0474,-5.8184557,-14.476514,200.4655,-10.262576,38.009735,189.27298,12.65828,-38.503857,191.5087,-2.3064091,42.089977,197.27933,34.69467,-50.54833,201.86203,16.227661,14.738632,147.51575,-5.8306847,-9.212339,148.4336,-6.3247824,20.902426,110.15433,-7.773582,-29.892641,118.62155,4.8742723,25.14521,74.31672,-21.594164,-35.60633,96.8883,-24.867878
2.2847483,215.2604,8.838075,5.7294683,218.32748,6.508345,-1.0340656,218.2602,6.1135993,10.661977,217.10544,-3.0966601,-5.8387303,216.66043,-2.9770403,21.504412,200.35928,-4.944159,-14.7612505,199.98154,-11.009467,38.919903,190.8566,13.240466,-39.15942,191.87143,-3.3792775,42.803123,196.88123,35.942204,-50.87444,201.57068,15.807891,15.442517,147.31638,-5.3058834,-8.609228,147.96356,-6.1740413,21.815197,109.93635,-6.591512,-29.380857,117.78281,3.3480973,26.311,74.37233,-20.966022,-35.814354,94.55392,-25.354614
1.4638898,215.14482,8.797704,4.780922,218.34834,6.449078,-1.9664454,217.9455,5.9990225,9.697605,216.94785,-3.2383366,-6.780333,216.3002,-2.9618254,21.409653,200.58548,-3.9805791,-14.917407,199.42046,-11.607158,40.07495,192.66393,14.000788,-39.52367,191.49304,-4.84105,43.1387,196.49007,37.490242,-50.933727,200.53156,14.781101,15.998266,147.00667,-4.724637,-7.9656367,147.39111,-6.3816338,22.582571,109.6026,-5.822385,-28.656971,116.83579,1.8914144,27.45994,74.16807,-20.419722,-35.862305,92.06021,-25.432024
0.64348996,215.07239,8.967338,3.9348085,218.23749,6.5377197,-2.804613,217.7662,6.0831833,9.019161,216.65045,-3.014142,-7.4702325,215.64272,-2.90112,21.0965,200.71228,-2.8147433,-15.215162,198.99573,-12.11363,41.147446,194.54321,14.2192135,-40.420906,191.49232,-7.0047975,43.308907,195.2632,38.207684,-49.991314,199.16408,14.006071,16.459137,146.67123,-4.245364,-7.615895,146.8535,-6.4260793,23.377699,109.4355,-4.729971,-27.923388,115.531204,0.5143664,28.364115,74.18972,-19.755526,-35.90975,89.339935,-25.530203
-0.14867271,214.67233,9.163897,3.1342933,217.87701,6.773949,-3.6185582,217.44086,6.3857203,8.217179,216.33748,-2.8043823,-8.260564,215.05267,-2.7422895,20.705528,200.80069,-1.5477018,-15.620428,198.23373,-12.408302,41.86441,195.86171,14.582493,-41.426678,191.38753,-9.400556,43.753056,194.18256,38.378307,-48.37098,197.59485,13.140167,16.690485,146.13617,-3.5414214,-7.338992,146.25891,-6.6408386,23.948496,109.06401,-3.763423,-26.955791,114.40539,-1.2165234,29.213623,74.08981,-19.2324,-35.786407,86.65538,-25.126694
-1.0893357,214.1522,9.582583,2.287059,217.31047,7.2545114,-4.4728336,217.02728,6.810531,7.530949,215.80865,-2.1576107,-9.013336,214.60266,-2.4841616,20.213198,200.81555,-0.44219035,-15.730368,197.47096,-12.454299,41.96665,196.80463,14.7591095,-41.943302,191.3229,-11.672207,43.076935,192.70035,38.26974,-46.712948,195.323,11.889205,17.059055,145.77138,-3.1068301,-6.9138246,145.68468,-6.7268147,24.601807,108.63605,-3.179946,-25.616503,113.10244,-2.986651,30.013784,73.79948,-18.804834,-35.25699,83.531265,-24.550137
-1.9574205,213.76233,10.37811,1.4359337,216.89003,8.046337,-5.3034687,216.46742,7.394422,6.7729754,215.22922,-1.3393239,-9.70273,213.84895,-1.7618245,19.65924,200.68231,0.4934774,-15.950006,196.93025,-12.274586,42.491055,197.52594,14.467479,-42.079556,190.88881,-13.552842,42.08388,190.66191,37.21566,-44.407837,192.22687,10.681146,17.052685,145.17078,-2.757629,-6.524793,145.08913,-7.5874844,24.925627,108.22963,-2.3676236,-24.424286,111.64769,-4.8636117,30.649645,73.70638,-18.222584,-34.720943,80.75709,-23.949123
-2.7663484,213.24359,11.097651,0.6099553,216.47466,8.8692875,-6.107769,215.99086,8.137706,6.004231,214.82982,-0.49832976,-10.46029,213.18692,-1.0719343,19.371836,200.42851,1.4423118,-16.111916,196.30785,-12.025858,43.09722,198.19783,14.2290745,-41.929543,190.09906,-15.43194,40.34443,188.01608,35.391293,-41.757458,188.30327,8.955815,16.910666,144.51593,-2.5066268,-6.4808536,144.32631,-8.282991,25.257324,107.9127,-1.3568939,-23.425436,110.421745,-6.2080708,31.370438,73.67052,-17.494877,-33.926487,78.10258,-23.245615
-3.4734466,212.69606,12.22013,-0.129347,215.94844,9.992605,-6.823511,215.2651,9.124343,5.3141785,214.13011,0.5685772,-11.151422,212.48167,-0.039143354,18.686852,200.10216,2.5328197,-16.074646,195.92068,-11.385339,43.258633,198.14612,13.670851,-41.205795,189.01517,-17.13136,38.530632,185.01422,32.625816,-38.985317,184.02762,6.821554,16.844357,143.93681,-2.331687,-6.73475,143.57433,-8.567188,25.504889,107.31345,-0.40204516,-22.45876,108.97888,-7.3235464,31.907974,73.65895,-16.950504,-33.010513,76.68178,-23.425884
-4.153447,211.86037,13.653841,-0.8423364,215.15895,11.433808,-7.5480504,214.51762,10.677865,4.469642,213.63351,1.972215,-12.020159,211.86256,1.5648453,17.920042,199.92258,3.1523414,-16.128084,195.854,-10.504376,43.10078,197.55142,12.465313,-39.6125,187.19553,-19.310955,36.571613,182.36716,29.260576,-36.24403,180.06456,4.0962152,16.639565,143.55719,-2.3194935,-7.031655,143.01074,-8.823667,25.837795,107.14174,0.7042265,-21.571972,108.02157,-8.059615,32.600758,73.79158,-16.115807,-31.987963,75.18543,-23.847332
-4.8563,211.07808,15.127647,-1.4993216,214.38016,12.984869,-8.191829,213.7523,12.101577,3.7918494,212.9195,3.4214795,-12.628294,211.01315,2.9904053,17.12635,199.73183,3.5268486,-16.543665,195.5618,-9.71644,42.779564,196.2859,11.057843,-38.437492,185.21808,-20.780636,34.910744,179.85083,25.844666,-33.372772,176.0026,1.1627429,16.563152,143.18182,-2.3654916,-7.0991077,142.6406,-8.932943,26.02069,107.047005,2.1512277,-20.834915,107.24537,-9.1133,33.399693,73.941734,-15.061844,-31.128347,74.141335,-24.398651
-5.5439997,210.1995,16.611235,-2.1314993,213.46112,14.49768,-8.852033,213.04695,13.712582,3.035047,212.4185,4.8963614,-13.426333,210.55997,4.5517173,16.170385,199.18507,4.258176,-17.023315,194.94205,-9.022636,42.34875,194.76135,8.918443,-36.908905,182.95798,-22.052378,33.823235,177.422,22.600126,-30.774813,171.88048,-1.3750162,16.424168,143.11433,-2.2695084,-7.0986495,142.67827,-9.477141,26.334543,107.01191,3.5096614,-20.141455,106.99974,-10.378477,34.034447,74.30623,-14.222354,-30.269571,73.527985,-24.75847
-6.238956,209.27858,17.92363,-2.8286462,212.61833,15.92634,-9.5678625,212.30464,15.243582,2.4253135,211.82964,6.386787,-14.054679,210.09467,5.813754,15.470961,198.69458,4.8058105,-17.869848,194.58212,-8.22249,41.547874,192.71579,7.175108,-34.505848,180.75227,-23.872519,32.70247,174.77942,19.631264,-28.415764,167.60956,-4.42728,16.429808,142.96886,-2.4492245,-7.335279,142.54073,-9.688413,26.778173,107.20305,4.801447,-19.738565,106.93098,-11.255183,34.872566,74.74939,-13.029045,-29.671715,72.96056,-24.76357
-6.842522,208.84157,19.337437,-3.4990306,212.20746,17.273268,-10.220239,211.71027,16.551054,1.7574476,211.16461,7.6752954,-14.720262,209.60107,7.238265,14.906721,197.98233,5.6184006,-18.549704,193.76512,-7.6546745,40.523014,189.9762,5.5376086,-31.85351,178.52078,-25.234793,31.777905,171.57921,16.950037,-26.61284,162.93028,-7.880438,16.402094,143.17412,-2.5591018,-7.121285,142.48259,-10.102353,27.175339,107.51379,5.8930407,-19.671377,106.96923,-11.688594,35.741,75.24483,-12.144549,-29.192753,72.97175,-24.809904
-7.440421,208.34431,20.553667,-4.2440314,211.81932,18.438066,-10.973447,211.19078,17.928196,1.0293941,210.67732,8.7783985,-15.386427,208.9401,8.5402355,14.337446,197.41542,6.2334023,-19.302803,192.9571,-7.0801415,39.011173,187.43513,3.7353735,-28.727535,176.33163,-25.872292,31.047607,168.20844,14.58971,-24.994974,158.25273,-10.64197,16.42886,143.17801,-2.9080033,-6.7814803,142.52867,-10.641444,27.282167,107.78917,6.467779,-19.452623,107.213615,-12.073288,36.847034,75.81766,-11.3212595,-28.679937,72.95545,-24.72643
-8.050768,207.69118,21.565998,-4.8503666,211.19864,19.505617,-11.569896,210.53008,18.917507,0.27806374,210.27142,9.760961,-16.135546,208.39804,9.665037,13.870683,196.78629,6.8857656,-19.612028,192.02782,-6.501488,37.21756,184.6536,1.9438059,-25.619778,173.8288,-25.619364,30.625755,164.53003,12.210358,-23.704708,153.65744,-12.843403,16.340153,143.2691,-3.380302,-6.4155974,142.66113,-11.211175,27.467844,108.16121,6.8074794,-19.039295,107.42264,-12.432543,37.73752,76.24938,-10.651683,-28.539598,72.95485,-24.622574
-8.75412,207.1439,22.55282,-5.5731263,210.67046,20.497606,-12.276341,209.91396,19.83729,-0.52521694,209.63808,10.66603,-16.924446,207.57388,10.674044,13.572891,195.82297,7.4259787,-19.697937,191.01115,-6.190226,35.208603,181.49841,0.44627377,-22.353113,171.42749,-24.808485,30.151052,160.50204,10.133879,-22.621399,149.38159,-14.953701,16.502888,143.34933,-3.8468637,-5.795562,142.45609,-12.078023,27.39812,108.455986,6.8984604,-18.915415,107.47076,-12.709207,38.870415,76.72825,-10.042054,-28.267294,72.96782,-24.50382
-9.437984,206.36284,23.28794,-6.389475,210.06683,21.338396,-13.048984,209.06816,20.623781,-1.1665612,208.91032,11.442351,-17.564936,206.81914,11.414427,13.41665,194.83601,7.855919,-19.60845,190.0716,-5.909625,32.8896,178.19153,-0.6560627,-19.488037,168.62117,-22.60561,29.723763,156.28607,8.120571,-21.46749,144.99344,-16.628487,16.754139,143.05315,-4.578957,-5.301131,142.02281,-13.120198,27.333628,108.59356,6.872527,-18.696444,107.15773,-13.209107,39.923885,77.13217,-9.774653,-27.872173,72.69026,-24.473211
-10.04926,205.5117,23.984522,-6.9925942,209.18379,21.995634,-13.696762,208.30945,21.470482,-1.6711819,208.12892,12.210749,-18.068924,205.90112,12.047882,12.966914,193.55995,8.306835,-19.682245,188.86719,-5.943145,30.208355,174.92677,-1.2695534,-17.041908,165.74454,-20.511124,29.486414,152.16524,6.0633698,-19.784157,141.3402,-18.191256,17.061277,142.88376,-5.4009576,-4.6708283,141.7417,-14.1127615,27.267204,108.58354,6.5832667,-18.832079,107.22073,-13.234794,40.988575,77.42059,-9.4793,-27.488802,72.65312,-24.519852
-10.716035,204.35774,24.524021,-7.607555,207.97946,22.529463,-14.319268,207.16881,21.971867,-2.1475887,207.0565,12.901975,-18.516499,204.86386,12.372707,12.750896,192.26143,8.9450865,-19.55981,187.66028,-5.7153473,27.59058,171.53917,-0.9977198,-15.661528,163.45673,-18.831314,29.16259,147.98886,4.1298876,-18.08713,138.75471,-19.448868,17.727777,142.6741,-6.1916738,-3.7738647,141.40103,-15.228311,27.125282,108.35564,6.402109,-19.015453,107.13706,-13.296471,42.112686,77.71592,-9.390014,-27.06508,72.49649,-24.677399
-11.202688,203.07837,24.907272,-8.040692,206.74982,23.099173,-14.70801,205.90486,22.237904,-2.4343023,205.7095,13.439367,-18.84865,203.54977,12.649669,12.690132,190.90178,9.449762,-19.609755,186.3935,-5.508646,25.277063,168.53104,-0.19180089,-14.770676,161.77072,-17.31913,28.751146,144.52173,2.1570477,-16.625614,137.2367,-20.037949,18.171919,142.185,-7.1739388,-2.9090548,141.01508,-16.05072,26.900713,107.80894,6.0389757,-19.17075,107.18038,-13.277115,43.096153,77.69188,-9.646336,-26.566936,72.52675,-24.773539
-11.547335,201.3031,25.211931,-8.4527855,205.06717,23.465433,-15.094424,204.09401,22.55152,-2.7185202,204.09514,13.824313,-19.07899,201.79341,12.909724,12.800855,189.28639,9.923724,-19.423502,185.26434,-5.3241763,23.581627,165.76738,0.6757269,-14.277353,160.469,-16.49056,28.191156,141.72153,0.34856844,-15.313302,135.93343,-20.236805,18.726576,141.487,-7.919489,-2.2926974,140.44765,-16.862755,26.596226,106.98368,5.944846,-19.425747,107.13483,-13.105638,44.019543,77.49637,-9.914829,-26.291327,72.48796,-25.001534
-11.64457,199.37405,25.409998,-8.635878,203.18146,23.61578,-15.270796,202.08516,22.777012,-2.8864527,202.29181,14.006957,-19.25675,199.9523,13.147258,12.636328,187.46324,10.440558,-19.509754,183.71968,-5.0835037,22.645775,163.29373,1.500172,-14.190828,159.0038,-15.98409,28.26795,139.40938,-0.589727,-14.879449,134.71864,-20.447983,19.0784,140.57797,-8.54784,-1.8087056,139.66734,-17.72952,26.599537,106.10328,5.7547684,-20.029736,106.881,-12.793749,44.87656,77.23403,-10.284833,-25.991632,72.3648,-25.191257
-11.792867,197.36589,25.52811,-8.76361,201.15651,23.73259,-15.407045,200.08588,22.885578,-2.95768,200.32423,14.172894,-19.345394,198.07762,13.247871,12.438308,185.39879,11.152209,-19.436226,182.00954,-4.913837,22.482153,161.1572,2.2382011,-14.344724,157.21817,-15.935978,28.938099,137.52199,-0.6349317,-14.770719,132.94482,-21.128963,19.38211,139.19464,-9.032648,-1.6818699,138.33525,-18.362658,26.39487,105.08262,5.497675,-20.875921,106.58298,-12.230036,45.39509,76.743935,-10.933388,-25.654572,72.27923,-25.282692
-11.890978,195.35582,25.645037,-8.869473,199.15665,23.86872,-15.503595,198.05225,22.98225,-3.0334973,198.36292,14.30233,-19.414867,196.05586,13.359746,12.345302,183.04504,12.0032425,-19.346584,180.22566,-5.128288,23.01477,159.04233,2.9539075,-15.0330925,155.48262,-16.375986,29.942951,135.63414,-0.29451033,-15.298695,131.29483,-21.91265,19.390835,137.5851,-9.204337,-1.667217,136.93588,-19.23891,26.387424,103.48624,5.426518,-21.587885,106.25417,-11.499644,45.930443,75.83998,-11.676845,-25.365843,72.22217,-25.21058
-11.908832,193.51503,25.70176,-8.890106,197.26889,23.819073,-15.557639,196.25363,23.127068,-2.8668866,196.44698,14.483228,-19.217754,194.24924,13.28876,12.333074,180.91414,12.495786,-19.087763,178.41093,-5.5582237,23.9056,157.26,3.913826,-16.14634,153.50308,-17.042458,31.137518,134.05121,0.5009178,-16.46341,129.44705,-22.444258,19.465534,135.88109,-9.20426,-1.579563,135.46782,-19.894205,26.458359,101.84261,5.2482595,-22.55974,106.017746,-10.858988,46.180763,74.60132,-12.403308,-25.202816,72.23049,-25.172976
-11.765883,191.88943,25.56628,-8.784408,195.63666,23.605675,-15.45769,194.59665,23.023266,-2.7169585,194.98055,14.368612,-19.05709,192.62196,13.14702,12.525215,179.05536,12.671601,-18.668476,176.93576,-5.657606,24.934858,155.56136,4.6643353,-17.024174,152.25116,-17.83758,32.507557,132.49712,1.9777268,-18.227188,128.21097,-22.863382,19.455492,134.39606,-9.065519,-1.7839656,134.35658,-20.059053,26.478899,100.31441,5.1170363,-23.586716,105.80501,-10.265382,46.368637,73.44527,-13.222152,-25.198107,72.30001,-25.170881
-11.633507,190.64816,25.3709,-8.673948,194.43864,23.456337,-15.299432,193.2554,22.690845,-2.3801565,193.73032,14.354352,-18.669046,191.45161,12.811371,12.76261,177.76875,12.471838,-18.168455,176.01207,-5.825094,25.804462,154.52728,5.166296,-17.587551,151.96114,-18.969925,33.812157,131.53256,4.2066064,-20.354322,127.916885,-22.888348,19.045368,132.91162,-8.986528,-2.119774,132.93228,-20.239803,26.940868,99.172775,5.0504746,-24.882483,105.35955,-9.691803,46.671898,72.757645,-13.597734,-25.268692,72.233765,-25.379782
-11.190289,189.84868,24.997465,-8.217303,193.61914,23.082874,-14.862561,192.47623,22.345516,-1.9057039,193.01352,13.998872,-18.234068,190.74666,12.487649,12.961386,177.33846,11.972208,-17.89649,175.66165,-6.0477276,26.925098,154.37628,5.727979,-18.800781,152.16165,-20.155876,34.851982,131.38948,6.9247203,-22.734781,128.09155,-22.704855,18.44933,132.15242,-9.080386,-2.8517144,132.19504,-20.111525,27.531406,98.63631,5.0099545,-25.818378,105.083435,-9.174495,46.990673,72.451645,-13.997989,-25.197802,72.272964,-25.274385
-10.641144,189.74518,24.507616,-7.6056757,193.54797,22.754705,-14.2237,192.42728,21.793398,-1.2936426,193.06694,13.642974,-17.655684,191.19348,12.055545,13.178332,177.56137,11.433052,-17.855495,175.90604,-6.0592117,28.036152,155.05826,5.9655147,-20.347883,153.06996,-20.900148,35.334427,132.30717,10.234116,-25.044762,129.08438,-22.789139,18.178562,131.85818,-9.141051,-3.5303078,132.10474,-19.732107,27.934141,98.50872,5.0311074,-26.607826,104.72404,-9.206527,47.15235,72.36778,-14.117976,-25.007845,72.21406,-25.471867
-9.908941,190.5211,24.200447,-6.9321246,194.32442,22.350748,-13.568684,193.172,21.555822,-0.75545,194.13899,13.278117,-17.135118,192.42111,11.868521,13.486979,178.4029,10.643082,-17.902536,176.81879,-6.0574493,29.064814,156.32587,6.1072974,-21.67894,154.60411,-21.753119,35.37979,134.33356,13.955882,-27.723251,130.77863,-23.256142,18.036993,132.41301,-9.384542,-4.1656294,132.63329,-19.336868,28.306854,99.17392,4.814027,-26.821972,104.748215,-9.207317,47.34059,72.58879,-14.198056,-25.023376,72.25074,-25.580446
-9.164371,192.0213,23.92443,-6.2001266,195.82034,22.050194,-12.8347025,194.64064,21.272516,-0.091166094,196.05264,13.070572,-16.425444,194.26074,11.669788,13.8540745,179.88948,10.052,-17.861626,178.52946,-6.2436256,30.161146,158.34459,6.3897223,-23.000256,157.02887,-22.240429,34.559704,137.61394,17.824001,-30.722963,133.76237,-23.698032,17.695595,133.7948,-9.49834,-4.7362547,133.91426,-18.73987,28.595482,100.28798,3.7335649,-26.554825,104.93939,-9.3627405,47.425232,72.86477,-14.428299,-24.699505,72.40636,-25.775454
-8.539013,193.9275,23.376022,-5.6257424,197.9639,21.96732,-12.203884,196.7044,20.885695,0.52984124,198.40103,12.690596,-15.807159,196.7406,11.27884,14.454218,182.09972,9.425641,-17.627806,180.73264,-6.250349,31.08475,160.72937,6.7858276,-24.285631,159.7743,-22.43023,33.389366,142.08374,21.707905,-33.44514,137.0724,-24.14377,17.55036,135.70381,-9.374753,-5.2471337,135.67828,-18.056637,28.692947,101.68141,2.3041837,-25.810324,105.485435,-9.4636965,47.21459,73.30195,-14.933985,-24.324238,72.80583,-25.768612
-7.5728574,196.55995,23.101917,-4.7709155,200.60739,21.525349,-11.304715,199.12677,20.483568,1.3934644,201.34172,12.445284,-14.95643,199.63814,11.081766,15.072204,184.89207,8.751264,-17.575691,183.44551,-6.3493214,31.727556,163.53954,7.6011434,-25.333511,163.2765,-22.925507,31.719833,147.40443,25.543442,-36.177116,141.3341,-24.379932,17.181093,137.71404,-9.266556,-5.8781934,137.62332,-17.141195,28.705814,103.287575,0.57239866,-24.880302,106.014336,-9.459173,46.72512,73.948395,-15.657893,-24.075356,73.29006,-25.926554
-6.7452607,199.46411,22.74174,-3.8896399,203.50253,21.232826,-10.432625,202.09833,20.126657,2.1762538,204.31313,12.075343,-14.176591,202.65816,10.77217,15.595497,188.11339,8.153113,-17.230404,186.54887,-6.3924804,31.898275,166.64778,9.283107,-25.918016,167.23581,-23.480982,29.609547,153.5069,29.177933,-38.749508,146.3213,-24.721903,16.930109,140.114,-9.041477,-6.0407724,139.81172,-16.484632,28.365046,105.06937,-1.4159776,-23.487112,106.95607,-9.402605,45.90302,74.67854,-16.697859,-23.807817,74.08509,-25.924978
-5.911932,202.30122,22.438955,-2.912329,206.26698,21.038847,-9.523954,205.16292,19.971407,3.172187,207.12236,11.913438,-13.166964,205.78592,10.430209,16.23967,191.48267,7.507848,-16.952063,189.75883,-6.8411984,32.151447,170.15529,10.991366,-26.748945,171.07336,-23.938847,27.30248,160.01213,32.296734,-41.22434,151.41216,-25.359173,16.873072,142.74985,-8.886232,-6.1427455,142.49196,-16.266958,27.817265,107.0702,-3.2600095,-21.724846,108.5543,-8.904624,44.35918,75.7932,-17.754152,-23.607185,75.75064,-25.377613
-5.152673,205.19571,22.155605,-2.0983698,209.11066,20.736603,-8.739593,208.15443,19.754074,3.9661424,210.08145,11.67706,-12.350073,208.43088,10.093079,16.672329,194.73448,7.10863,-16.620228,192.81042,-7.2325335,32.419086,173.78748,12.810827,-27.207884,174.6461,-24.483124,25.385448,165.9406,34.625843,-43.454067,156.52599,-25.903189,16.967897,145.2733,-9.101709,-5.885405,144.91861,-15.890127,27.106285,109.10561,-4.6476655,-20.057735,110.33646,-7.9624114,42.181877,77.15783,-19.203611,-23.133041,77.28747,-24.537348
-4.3499446,207.82074,21.798508,-1.3752993,211.81812,20.428154,-7.997345,210.74173,19.44108,4.686458,212.75964,11.26887,-11.601568,210.90305,9.728767,17.083214,197.58142,6.6983514,-16.394304,195.63065,-7.386279,33.02778,177.34517,14.100999,-27.750399,178.3242,-24.791227,23.693325,172.74365,36.068466,-45.702133,161.95425,-26.053768,17.39524,147.58513,-9.314827,-5.5617433,147.34995,-15.593797,26.268692,110.98689,-5.711334,-18.1862,112.63636,-6.5378222,39.443695,78.58254,-21.14752,-22.679466,79.723724,-22.996622
-3.6207962,210.1611,21.46398,-0.6755882,214.14592,20.003206,-7.2798433,212.97878,18.999207,5.499252,214.97246,10.951111,-10.818635,213.13792,9.362244,17.595213,200.18828,6.239197,-15.919135,198.29301,-7.7148476,33.079735,180.43124,15.77637,-28.490242,181.72697,-25.114666,22.2754,178.95332,37.544254,-47.64928,166.7717,-26.403046,17.490227,149.53374,-9.475477,-5.1024117,149.32196,-15.006265,25.233292,112.557655,-6.6655335,-16.314056,114.678246,-5.043704,36.244682,80.08436,-23.361168,-21.547815,81.85029,-21.554861
-2.941164,212.23755,21.284582,0.08168152,216.07617,19.60466,-6.5926847,215.10046,18.864023,6.011375,216.72961,10.453802,-10.352882,215.28508,9.285682,17.96669,202.3229,5.6690083,-15.398889,200.45915,-7.857241,33.135838,183.58101,17.514542,-29.016684,184.7405,-25.294052,20.351484,184.78804,38.06203,-49.291855,171.24432,-26.622036,18.021093,151.39575,-9.879124,-4.516968,151.17755,-14.624202,24.02088,113.93729,-7.206783,-14.358531,116.45009,-3.2409928,32.80106,81.93606,-25.716562,-19.920443,84.0998,-20.297337
-2.3248909,213.81458,21.036814,0.62865484,217.64998,19.232346,-6.0358586,216.57181,18.586843,6.6378007,218.35918,10.252549,-9.761311,216.8775,9.0867195,18.468573,204.12366,5.5495353,-14.834576,202.17026,-8.029816,33.014656,186.34793,19.46792,-29.638435,187.75179,-25.617619,18.811718,189.48213,38.710472,-50.616585,175.36412,-27.009277,18.576649,152.89738,-10.595421,-3.9814432,152.64636,-14.057336,22.527199,114.881165,-7.685896,-12.58227,118.03864,-1.5007114,28.861712,83.54451,-28.448938,-17.75159,86.097855,-18.978184
-1.8890648,215.16507,20.724308,1.0533301,219.04285,18.990759,-5.603421,217.95256,18.304016,7.229345,219.518,9.967421,-9.146572,218.1701,8.645412,18.789896,205.92917,5.8929577,-14.056893,203.34917,-8.457539,32.6605,188.94614,21.439423,-30.27075,190.287,-25.766857,16.562824,193.22331,38.744694,-52.040073,179.33218,-27.33364,19.41861,153.91025,-10.953852,-3.1603236,153.73355,-13.79171,20.953121,115.827446,-8.513406,-10.838769,119.56583,0.38475052,25.284113,85.033875,-30.581026,-14.945872,87.957115,-17.695713
-1.3054715,216.2511,20.388727,1.6557783,220.08597,18.607883,-5.031947,219.06691,18.023575,7.790414,220.51947,9.598344,-8.627892,219.1866,8.317302,19.24045,207.05885,5.928208,-13.40243,204.41939,-8.827355,31.840288,191.56415,23.79249,-30.52524,192.52074,-26.191116,14.295225,197.2226,39.184845,-53.201164,183.30191,-27.616531,20.037308,154.99754,-11.364968,-2.5601053,154.75659,-13.433378,19.359781,116.72656,-9.368736,-9.015689,120.752045,1.7883674,21.312386,86.43374,-32.37634,-11.861691,89.16799,-16.451317
-0.85388607,216.93607,20.073126,2.1130173,220.80841,18.371927,-4.5701284,219.83022,17.77818,8.293431,221.51039,9.460844,-8.085455,219.82878,7.9819136,19.58856,207.82799,5.939619,-12.649264,205.52034,-9.061406,31.242865,193.58472,25.475716,-30.782156,194.6704,-26.120115,12.559932,200.17725,39.10569,-54.200294,186.77493,-27.369923,20.528105,155.59172,-11.934888,-2.003158,155.38335,-13.281945,17.45999,117.53898,-10.494977,-6.8488417,121.40811,2.8978908,17.064241,87.201225,-33.64325,-8.856956,89.42239,-15.178403
-0.40987998,217.4923,19.723331,2.6616886,221.2941,18.042603,-4.0549607,220.53789,17.514719,8.67944,222.02861,9.087657,-7.689079,220.46504,7.656008,19.781036,208.70728,6.0059624,-12.125967,206.22926,-9.397645,30.68145,195.00774,26.475994,-31.143106,196.39044,-25.911829,11.387206,202.23206,39.144062,-55.175068,190.53229,-26.793037,20.605461,156.16835,-12.507638,-1.7903425,156.13524,-13.318168,15.717593,117.93741,-11.884249,-4.595458,122.33202,3.8861856,12.456405,87.082085,-34.76343,-4.9864154,89.72425,-12.960525
0.060159124,218.13496,19.405512,3.1904094,221.86142,17.674168,-3.5398872,221.16862,17.124653,9.176838,222.12894,8.543601,-7.2377567,220.95007,7.2907696,19.934315,208.98167,5.9455256,-11.430613,206.80759,-10.015,29.8737,196.58757,27.714834,-31.20864,197.79536,-26.035028,10.248352,204.3976,39.586452,-55.720642,193.91533,-26.37919,20.663912,156.54692,-13.012897,-1.5018407,156.45366,-13.342949,13.989676,118.71296,-13.148996,-2.6090732,122.91775,4.772661,8.13309,86.896774,-35.040245,-2.0219996,89.60913,-11.083869
0.083244145,218.2386,19.034012,3.277224,222.00471,17.509228,-3.4408,221.38638,16.789917,9.459187,222.10674,8.362285,-6.9026785,220.9243,6.796688,20.245483,209.19713,6.0080996,-10.837192,207.03854,-10.487812,29.443935,198.22108,28.861898,-31.151836,198.43872,-26.018559,9.252867,205.337,39.934826,-55.862087,196.00304,-26.091364,20.899853,156.70245,-13.647108,-1.2383602,156.63266,-13.31706,12.101545,118.983444,-15.072164,-0.214522,123.24875,5.407452,3.7188354,86.549446,-35.119423,1.1653001,88.89611,-8.950913
0.50490856,218.10905,18.68942,3.6342716,221.98108,17.296867,-3.0507493,221.20114,16.422632,9.903456,222.18929,8.116165,-6.462291,220.71709,6.4143896,20.497402,209.43515,6.096388,-10.44127,207.04889,-10.704942,28.73362,199.05324,29.715506,-30.868729,198.69482,-26.100288,8.323794,206.21324,40.49127,-55.749813,198.1599,-25.7285,21.0262,156.53899,-14.0900755,-1.0790881,156.70764,-13.406166,9.851189,118.88537,-16.683336,1.819209,123.21609,5.159686,-0.84445024,85.62071,-34.83723,4.202339,87.743935,-6.8517795
0.7668023,217.88373,18.28639,3.883708,221.7395,16.817017,-2.790227,220.92644,15.949568,10.144354,221.62396,7.6005607,-6.265911,220.41273,6.0251594,20.768728,209.19775,6.027506,-9.973894,206.64323,-10.874623,28.190393,200.18889,30.367294,-30.568695,198.82544,-26.231356,7.6329765,206.28358,41.580524,-55.521095,199.09172,-24.790106,21.100012,156.12598,-14.654529,-0.8528566,156.44661,-13.633937,8.209862,118.84228,-18.017021,3.364877,122.78036,4.60113,-4.861255,85.26611,-34.057076,6.7722244,86.492645,-4.996505
1.0377553,217.33127,17.904495,4.083863,221.1024,16.115398,-2.6161847,220.22652,15.520807,10.224246,220.9602,6.961811,-6.1969147,219.64851,5.7127485,20.999552,208.5829,6.0317664,-9.561827,205.9751,-10.831034,27.834305,200.99538,30.96909,-30.155777,198.51509,-26.222446,7.2745147,206.00806,42.67926,-54.915543,200.05457,-24.450363,20.868156,155.36371,-15.133058,-0.8809094,155.5699,-13.758913,6.5943494,118.442795,-18.9576,4.61505,121.7985,3.515992,-8.490002,84.665306,-32.638683,9.285364,84.95555,-3.4192677
1.1303159,216.53764,17.435295,4.3351345,220.20654,15.707015,-2.3880472,219.58064,15.040036,10.399179,219.95087,6.5261054,-6.062176,218.68286,5.2149377,21.072636,207.83736,5.8179903,-9.157362,205.09236,-11.039698,27.696674,201.39534,31.174728,-30.149315,197.90509,-25.86231,7.2809687,205.06665,43.342678,-54.68643,200.55008,-23.476515,20.875048,154.54015,-15.255717,-0.75457317,154.74911,-14.073966,5.040248,118.03382,-19.797556,5.489194,120.74534,2.3107815,-11.549443,83.76851,-31.014872,11.427951,83.68733,-2.0489342
1.3465912,215.58185,17.121447,4.580689,219.13231,15.213994,-2.1373076,218.51717,14.536111,10.601483,218.68175,6.084964,-5.8260016,217.43884,4.8184733,21.259209,206.74245,5.5904274,-8.808158,204.04375,-11.465948,27.483433,201.39525,31.246004,-29.917913,196.75899,-25.98929,7.7217345,203.93857,44.528625,-54.198483,200.47339,-22.408068,20.958092,153.46425,-15.206434,-1.0262368,153.71086,-14.260242,3.6043744,117.490906,-20.363398,6.0011244,119.49283,1.0892745,-14.262233,82.92478,-29.28635,12.619601,82.14516,-1.2495875
1.797968,214.28842,16.635197,4.960071,217.98013,14.875663,-1.7112361,217.16936,14.0229,10.901982,217.2785,5.485312,-5.5202575,215.7695,4.3221345,21.356339,205.34583,5.343307,-8.66375,202.53741,-12.125202,26.865187,201.0087,31.337103,-29.896757,195.5599,-26.542715,8.659582,202.11191,46.83066,-53.79705,199.8075,-21.484926,20.72317,151.97661,-15.244563,-1.2727953,152.35843,-14.249222,2.2726407,116.14584,-20.422083,6.3447566,117.5219,-0.043870613,-16.52035,81.75366,-27.645096,13.500498,80.01728,-1.0946016
1.9370943,212.69788,16.321728,5.0229526,216.40143,14.444055,-1.6387792,215.47069,13.676948,11.065122,215.60443,5.1695695,-5.349814,214.01854,4.028987,21.642817,203.29634,5.3389597,-8.669946,200.80122,-12.777093,26.84493,200.18407,31.773249,-29.757168,193.63977,-27.32338,10.541482,199.4166,49.53322,-53.381237,198.63899,-21.09021,20.243765,150.3271,-15.7620945,-1.7184612,150.73161,-14.306018,1.5555682,114.31887,-20.48589,6.1780705,115.37926,-0.9123926,-17.984598,80.0971,-26.112337,13.468204,77.70767,-1.5172955
1.9659292,211.08788,16.15059,5.1000943,214.7608,14.283306,-1.5502465,213.83833,13.406843,11.256312,213.88004,5.1147504,-5.0845356,212.41512,3.7055926,21.642574,201.40807,5.4478006,-8.6559305,198.88637,-12.988515,26.689922,198.75008,32.17232,-29.389366,191.46402,-27.988888,12.495324,196.52777,51.661263,-52.50935,196.75124,-20.823929,19.50663,148.36928,-16.676445,-2.3304982,148.74467,-14.161985,1.027392,111.896416,-20.313013,5.9524975,113.05015,-1.6156901,-19.114828,78.11476,-24.907307,12.998079,75.54942,-2.4666946
1.9501847,209.3598,16.05051,5.152286,212.92432,14.103141,-1.5335177,212.16437,13.318434,11.050967,211.94884,4.801555,-5.33123,210.51639,3.6956854,21.577251,199.03836,5.6177425,-8.622897,197.02864,-13.236516,26.979973,197.16121,32.45892,-29.19592,188.7187,-28.29769,15.504159,193.42084,53.500572,-52.018337,194.95798,-20.441416,18.774313,146.01094,-17.198116,-2.7155676,146.67366,-14.137329,0.5192558,109.67761,-20.072775,5.441576,111.16909,-1.8765018,-19.989237,76.26088,-24.695284,12.456741,73.95322,-3.5909314
1.9561694,207.42377,16.046724,5.047739,211.02434,13.989381,-1.6554023,210.19812,13.457359,10.771059,209.96693,4.5623765,-5.6409388,208.63947,3.91893,20.990229,197.16623,5.6317673,-8.851747,194.88458,-13.162756,27.244463,195.03596,32.06227,-29.072577,185.67719,-28.517344,19.382914,190.94104,54.704285,-51.4051,192.30997,-19.980715,18.077808,144.70595,-17.284222,-3.2908044,145.10403,-14.119212,0.2609825,108.17744,-19.683361,4.684687,109.61998,-1.6651003,-20.565815,75.10513,-25.439108,12.066337,72.81816,-4.5212765
1.5772512,205.83644,16.049501,4.669961,209.35623,13.859819,-2.0444973,208.56264,13.41915,10.366494,208.38918,4.5123935,-6.047709,206.97635,3.9352572,20.643774,195.37827,5.6184173,-9.638858,192.97183,-13.104817,28.54819,191.61215,31.59241,-29.27619,182.24892,-28.111843,25.313776,187.35027,55.370735,-51.46933,188.84631,-18.840368,17.168663,143.13815,-17.288195,-4.1841764,143.59644,-14.5572405,-0.23380874,106.8311,-19.429792,4.22968,108.977806,-1.3949741,-21.434542,74.40869,-26.490368,11.811321,72.606346,-5.1400833
1.089044,204.5125,15.97751,4.1709685,207.94495,13.630021,-2.5563538,207.21153,13.3516655,9.821652,207.00096,4.4255,-6.60662,205.6324,3.8957608,20.481365,193.6355,5.8058877,-10.121436,191.31111,-13.1167345,29.868061,188.52652,30.986439,-29.526424,178.75478,-27.117306,31.462309,183.68974,54.703453,-51.47515,185.3192,-17.534403,16.517242,141.6873,-17.180067,-4.900994,142.3649,-14.876087,-1.3418757,106.05417,-19.206806,3.6232295,108.357025,-1.0168939,-22.227318,74.471535,-27.168531,11.722301,72.50243,-5.5594068
0.46436173,203.61374,15.9918,3.61325,207.09128,13.805257,-3.117498,206.43166,13.406075,9.240902,206.14256,4.4822874,-7.2104526,204.79787,3.8886516,20.152124,192.238,6.155806,-10.456138,189.90123,-12.97488,31.46458,185.28432,30.072214,-29.435852,175.20021,-25.616142,37.02161,179.9002,53.232395,-51.402817,181.47903,-16.252195,15.620688,140.60796,-17.628338,-5.2969136,141.4037,-15.522413,-2.4824467,105.66019,-18.738405,3.2784731,107.98323,-0.6074235,-22.884434,74.64858,-27.862753,11.43056,72.44525,-5.8319335
-0.22682618,202.95108,16.257895,2.822976,206.54178,14.118958,-3.8981917,205.76437,13.802108,8.63052,205.54639,4.7947674,-7.805302,204.44232,4.088443,19.831722,191.27267,6.464605,-11.001952,188.98401,-12.531541,33.30635,182.29378,28.484129,-28.95707,171.96288,-23.88906,43.04294,175.04887,49.472584,-51.333412,176.51483,-14.342582,15.023562,140.27148,-18.02134,-5.8937817,140.98082,-15.957332,-3.304356,105.54321,-18.603342,2.421397,107.76582,-0.2479761,-23.738777,74.659775,-27.948944,11.080203,72.421104,-5.9413733
-1.2461216,202.535,16.863852,1.869522,206.15327,14.877391,-4.8598194,205.4603,14.454966,7.6972084,205.35822,5.5449862,-8.779597,204.245,4.720971,19.50258,190.43362,6.645112,-11.804193,188.55309,-11.516731,35.9279,179.8272,25.843287,-28.239021,169.38411,-21.702427,48.88401,168.91428,43.498055,-50.955593,171.95123,-12.197093,14.171382,140.54492,-18.165344,-6.756881,141.05145,-16.141096,-3.472346,105.485825,-18.867409,1.7040192,107.769005,-0.24235973,-24.630579,74.61502,-27.58109,10.987531,72.498344,-6.0350685
-2.1238518,202.37392,17.702345,1.1430829,205.9729,15.932724,-5.539779,205.28728,15.011519,7.0607524,205.16554,6.610978,-9.418973,204.0535,5.377088,19.230108,189.9661,7.0356584,-12.586537,188.31462,-10.605231,38.44444,177.93413,21.960281,-27.145744,166.67401,-18.315422,52.03753,163.77315,36.365738,-50.035183,166.61716,-9.289916,13.267978,140.31032,-17.736555,-7.461888,141.05556,-16.465355,-3.8782818,105.20433,-19.016668,1.3058938,107.72311,-0.82450145,-24.882751,74.45586,-27.55535,10.583207,72.461945,-6.187333
-3.1635816,202.41869,18.771177,0.26059166,205.8668,16.986479,-6.404759,205.31413,15.859785,6.4009824,205.00667,7.9304066,-10.054789,204.00812,6.2872066,18.886919,190.20653,7.3862057,-13.444152,188.31682,-9.292146,40.12299,176.39294,17.03736,-25.843018,164.96602,-14.909528,54.221832,159.5202,27.222277,-47.758396,160.9266,-4.635072,12.63763,140.70555,-17.510273,-8.139072,141.29968,-16.328337,-4.451661,105.29033,-19.240736,1.1510273,107.59929,-1.5146823,-24.995426,74.29986,-27.6997,10.572881,72.58614,-6.350425
-3.825281,202.43526,19.859804,-0.4812341,205.96637,18.091745,-7.1367373,205.27507,16.977097,5.9487705,205.06494,9.210568,-10.41849,203.83656,7.200105,18.68434,190.382,7.4743066,-14.18903,188.43916,-7.399571,40.97497,175.67409,11.956653,-24.80072,164.063,-11.841236,53.89981,156.33412,17.881367,-43.582157,155.03987,1.153649,12.312123,141.29802,-17.813848,-8.861587,141.74402,-16.204918,-4.728381,105.79177,-19.752832,0.9116678,107.80836,-2.2987733,-25.207361,74.46875,-27.828978,10.499295,72.68479,-6.6651387
-4.1324353,202.22926,21.092945,-0.76635754,205.80972,19.484304,-7.3980947,205.1262,18.2088,5.877691,205.10846,10.747233,-10.493625,203.82672,8.31811,19.009212,190.21361,6.9549456,-15.101197,188.43901,-4.9887414,40.88724,174.14954,5.997896,-23.984325,163.4142,-8.849486,51.819923,153.12642,7.869573,-37.693787,150.2718,6.6064706,11.723625,141.5998,-17.959675,-9.719373,141.84671,-15.927448,-5.1423554,106.05307,-20.179989,0.5674384,107.98674,-2.792122,-25.516949,74.63198,-27.90065,10.063365,72.697495,-6.682164
-3.9637985,201.80632,22.503628,-0.5805211,205.30338,20.769585,-7.2414937,204.67645,19.610306,6.066047,204.91498,12.233111,-10.284169,203.64496,9.762728,18.838945,190.1202,6.2923965,-15.832069,188.31389,-2.3306649,39.598278,173.93266,-0.110404134,-23.082424,162.83916,-5.8704042,48.72497,151.79767,-2.227419,-30.730532,147.31358,11.544811,10.902974,142.20146,-18.92204,-10.540407,142.14816,-15.385513,-5.8399396,106.50009,-20.677963,0.2257197,108.115616,-2.8593354,-25.82287,74.659805,-27.63573,9.561285,72.75301,-6.6970916
-2.936905,201.41681,24.072977,0.22059807,205.02933,22.148666,-6.459477,204.16278,21.331224,6.631978,204.77061,13.412962,-9.777191,203.4694,11.609907,18.874786,190.19574,5.0713654,-16.309027,187.7814,0.86361504,37.350807,174.08463,-6.438144,-22.488052,161.93187,-3.1292005,44.113525,151.4889,-12.049059,-23.742619,145.34723,15.265977,9.739192,142.60394,-19.46268,-11.475969,142.40091,-14.312914,-6.7665,106.90701,-21.292124,0.057835303,108.36774,-2.768857,-26.321072,74.67296,-27.696346,9.288087,72.93205,-6.627371
-1.3781983,200.66724,25.337769,1.7228035,204.3851,23.507303,-4.9955964,203.66956,23.01776,7.526816,204.59431,14.303189,-8.955226,203.17418,13.401435,18.719341,190.5057,3.3825297,-16.344671,187.19669,3.739607,34.0349,174.37637,-12.168126,-21.693398,160.85728,0.145122,38.055912,152.00793,-20.66726,-15.876809,144.58221,17.941376,8.345889,143.09467,-19.968699,-12.264179,142.65335,-13.074551,-7.95522,107.132545,-21.658972,-0.14216045,108.437164,-2.6857307,-27.49568,74.523254,-27.686043,8.695478,72.92501,-6.8667088
0.81337327,199.9682,26.136097,3.8014674,203.74538,24.27145,-2.950238,203.09132,24.25676,8.587119,204.30815,14.435402,-7.9075437,203.10316,15.182618,18.429539,190.72456,1.4624612,-15.773126,187.05252,6.462095,29.9663,175.10574,-17.70094,-20.732973,160.48222,4.022631,31.879755,153.04842,-27.653362,-8.335032,144.82341,19.418907,6.312742,143.48878,-20.880388,-13.056099,142.72417,-11.332638,-9.346379,107.51255,-21.692896,-0.8657785,108.4635,-2.4423928,-28.855858,74.76161,-27.191868,8.032735,72.98598,-6.7539377
3.686655,199.48997,26.628168,6.685645,203.2129,24.685486,-0.068386145,202.73332,24.932457,9.802407,204.16612,14.109309,-6.398576,203.15714,17.073742,17.307846,191.23015,-1.1428484,-15.03416,187.0017,9.244779,25.369432,176.32932,-22.615551,-19.359955,160.32971,8.068548,24.764383,154.86243,-33.487717,-1.7300056,146.36272,19.057856,4.247317,143.54176,-21.080126,-13.734413,142.44281,-9.443956,-10.816749,107.465004,-21.374977,-1.4176968,108.38921,-1.8679353,-30.338703,74.69907,-26.415974,7.0349555,73.06922,-6.3712573
7.0296044,198.8007,26.417707,9.872825,202.57497,24.331673,3.2072783,202.2648,25.52536,10.8596115,203.99109,13.2321615,-4.5031,203.06906,19.001825,15.604332,191.9951,-3.7723107,-13.474738,187.0041,12.44547,20.45169,177.76831,-26.55604,-17.866825,160.38557,11.4093685,17.665783,156.53583,-37.65908,3.1472976,148.9284,18.517633,1.8211497,143.86299,-21.30438,-14.515541,142.55432,-7.6004004,-12.148516,107.327034,-20.857025,-1.8282334,108.278915,-1.3216552,-31.861391,74.812614,-25.791662,6.538773,72.94015,-6.018643
10.733346,198.25702,25.31692,13.291018,202.04726,22.916231,6.92709,201.83522,25.285088,11.543743,203.9468,11.81832,-2.2164633,202.61028,20.708715,13.679033,192.58267,-6.0809627,-11.968022,186.87158,15.022123,15.10804,179.2049,-29.86718,-15.38465,160.13016,15.151644,10.693305,158.20302,-40.48454,7.7407165,151.73181,17.670414,-1.0532954,144.30408,-21.469225,-15.232777,142.70226,-5.454631,-13.696124,107.20031,-19.939163,-2.1522171,108.290855,-0.4052583,-33.654312,75.1531,-24.647394,5.6415706,72.90923,-5.5411053
14.524984,197.8198,23.355602,16.263025,201.81209,20.577703,10.79429,201.29483,24.548943,12.015308,204.03787,10.301622,0.83928126,202.32945,22.22696,11.301196,192.83803,-7.826238,-9.989191,186.39473,17.70116,8.749069,181.5364,-32.524525,-12.283694,159.52487,18.415754,3.194533,160.34749,-42.163853,11.916807,154.52542,15.244534,-4.1660385,144.31712,-21.164639,-15.47078,142.63164,-2.8371987,-14.891192,107.0172,-18.650385,-2.5483575,107.99913,0.6290438,-35.195564,75.26623,-23.261463,4.9463253,72.655495,-4.5730224
17.664707,197.62772,20.431292,18.470448,201.74982,17.43547,14.486453,200.97598,22.880081,12.4603615,204.39906,8.429491,4.274193,202.55643,22.567568,7.917309,193.20338,-9.433275,-7.7489214,186.81392,20.114897,3.4802246,182.66606,-33.995876,-8.57862,160.22711,21.802483,-2.9258285,161.64021,-42.84917,14.490976,156.43604,13.795921,-7.1292343,144.73146,-20.17412,-15.233166,142.68993,-0.21835548,-16.017147,107.244835,-17.429266,-3.00849,107.840996,1.964338,-36.74472,75.63519,-21.59845,4.141454,72.645386,-3.7230291
20.206709,197.50983,17.048124,19.788824,201.51367,13.823767,17.6303,200.77939,20.212778,12.787291,204.84128,6.6209407,7.700711,202.60677,22.093145,6.012617,194.38051,-10.406235,-5.4998345,187.65767,21.65992,-1.4527808,184.22467,-34.266857,-5.721325,161.17706,24.646957,-8.353214,163.10896,-42.39787,16.201181,158.39528,13.119888,-9.436334,145.3971,-18.886696,-15.324622,143.21371,1.9573095,-17.03661,107.4956,-15.977845,-3.1416378,108.007645,3.157343,-37.961617,75.79803,-19.757515,3.6003404,72.78026,-2.6471567
22.08975,197.50699,13.091052,20.840971,201.583,10.186863,20.402302,200.6622,16.901354,12.915078,205.38774,4.708479,11.210028,202.85176,20.895103,4.047289,195.30331,-10.919203,-3.023344,188.17563,22.679834,-7.1456556,186.18549,-33.607716,-2.7499537,161.88515,26.968704,-13.221378,164.5611,-41.350105,18.188177,160.10677,13.489121,-11.631249,146.11092,-17.375225,-15.104792,143.8202,4.0428014,-17.93693,108.008514,-14.652037,-3.1100097,108.32982,4.219596,-38.93754,76.18283,-17.758892,3.1672525,72.7213,-1.5197293
23.46784,197.89203,9.118426,21.417912,201.93085,6.6459937,23.262846,201.21913,13.142321,12.698439,205.71407,2.7872229,14.52195,203.38321,18.977509,2.1844778,195.94057,-11.25593,-0.6138762,188.6952,23.47532,-12.71628,187.44498,-32.126762,0.11098862,162.70142,28.692122,-17.368196,165.36725,-39.78611,19.809122,161.14142,13.600908,-13.629871,146.74258,-15.59775,-14.550542,144.34555,6.264006,-18.723104,108.564255,-13.499332,-2.9239123,108.713326,5.386382,-39.660633,76.6591,-15.595951,2.712842,72.80823,-0.22837771
23.844393,198.14618,4.8056183,21.279917,202.25955,3.0303788,24.75041,201.39655,8.796548,12.251566,206.47462,1.29201,17.591608,203.6526,16.570362,0.14859015,196.6976,-10.572421,2.0643759,189.04288,24.206982,-17.23938,188.31949,-29.627174,3.1331632,162.96997,29.446613,-20.804697,166.26453,-38.009964,21.393614,160.92026,12.72787,-15.832294,147.30081,-13.5378895,-13.482614,144.59631,8.588596,-19.431053,109.16746,-12.388298,-2.1560333,109.048874,6.773414,-39.837936,76.87519,-13.070464,2.3263717,72.98083,0.9678192
23.611534,198.40076,1.0139457,20.92103,202.62941,-0.23407517,25.513502,201.62692,4.6629004,12.005928,207.29294,-0.4980366,19.740728,203.9451,13.684005,-1.7279596,197.52264,-9.911382,5.105588,189.68634,24.59495,-21.113895,188.9725,-26.773445,6.2416797,163.42062,29.680042,-24.218832,167.21802,-35.468258,22.980234,160.4545,11.890606,-17.619873,147.8493,-11.203002,-12.190557,144.853,10.811516,-20.178877,109.74322,-11.359518,-1.0552698,109.469246,7.9081664,-39.98566,77.00896,-10.620523,1.9706979,73.29966,1.8221072
23.062479,198.8327,-2.4847703,20.24532,203.04965,-3.4771082,25.381252,202.10245,0.8628107,11.486504,207.90747,-2.0474062,21.52874,204.61996,10.611772,-2.664179,197.97939,-9.361091,7.9246173,190.37569,24.106882,-23.604929,188.99919,-24.12427,8.671649,164.16779,30.28215,-26.901188,167.29405,-32.84728,23.798542,159.73366,11.42594,-18.646729,148.33998,-9.07452,-10.695242,145.12271,12.804338,-20.957518,110.35361,-10.332632,0.09393643,109.716446,8.911042,-40.109516,77.20409,-8.040375,1.3862602,73.4035,2.7845163
22.241503,199.47787,-5.737555,19.242495,203.59334,-6.570051,25.014132,202.97583,-3.0251627,10.758387,208.4314,-3.3435342,22.829626,205.27454,7.445371,-3.8406472,198.37941,-8.501583,10.892002,191.19928,22.932087,-25.765186,188.7871,-21.317463,10.985049,165.49304,30.675522,-29.025734,167.08835,-30.111038,24.437084,158.73413,11.412707,-19.097977,148.88055,-6.713127,-8.847996,145.5341,14.108179,-21.700172,110.729225,-9.158855,1.1960363,109.550156,9.517994,-40.204018,77.15766,-5.455076,0.88541555,73.283264,3.8415866
20.518244,199.99016,-8.539455,17.719303,204.28659,-9.130101,23.950394,203.41525,-6.5614295,10.058238,209.5224,-4.4417973,23.52154,205.91344,4.2747684,-5.087227,198.30507,-7.6794944,13.761234,191.68237,21.333809,-27.86877,188.53297,-18.53091,13.654418,166.38605,30.403534,-30.647852,166.49457,-27.040268,25.633753,156.86531,11.269599,-19.566101,149.18657,-4.3043,-6.308846,145.97351,14.527494,-22.597517,111.18404,-7.795513,2.2493584,109.66146,9.810275,-39.95545,77.21636,-2.8046546,0.9652812,73.33365,5.2084427
19.164143,200.32996,-10.780145,16.474413,204.68147,-11.467174,22.865,203.74527,-9.344024,9.3972435,210.29839,-6.032391,23.601913,206.75055,1.4008048,-6.0438204,199.06401,-7.626192,16.265226,192.1304,19.699339,-29.84751,188.04898,-14.675109,15.818095,167.2233,30.207726,-32.219654,166.18591,-23.830597,26.290554,155.22668,11.3250675,-19.664438,148.98657,-2.2468605,-3.9703896,146.19124,14.853771,-23.350195,111.17942,-6.4905643,3.5237317,109.71474,9.644009,-39.458424,77.00405,-0.5188568,1.1541072,73.22745,5.881195
17.508408,200.41669,-12.904786,14.87611,204.84825,-13.214321,21.43134,203.69774,-11.851986,8.492379,210.71062,-7.536265,23.2642,206.95012,-1.3054335,-7.0103183,199.30598,-7.540185,18.036627,192.58292,17.947918,-31.019701,187.1563,-11.324126,18.604517,168.04672,29.054964,-33.231205,165.29138,-20.425299,27.080526,153.53143,11.123503,-19.48049,148.88087,-0.41587487,-2.173256,146.12296,15.482463,-23.997894,111.304756,-4.962475,4.698995,109.773544,9.494658,-38.48252,76.80844,1.6764525,1.402282,73.17995,6.7007923
16.11075,200.39186,-14.886064,13.403026,204.7733,-15.27053,20.034142,203.77716,-14.220241,7.3932195,210.74158,-8.9994,22.664059,207.23656,-3.9518852,-8.110242,199.57979,-6.8480425,19.572245,193.12273,16.329985,-31.702644,186.14362,-7.8742685,20.741182,168.55548,27.816261,-33.976944,164.18187,-16.717718,27.50417,151.61899,11.153547,-19.172945,148.59976,1.3828253,-0.22697741,145.94072,15.572706,-24.417952,111.22315,-3.652062,5.702826,109.64369,9.085399,-37.267803,76.34634,3.7136638,1.7498899,73.27707,7.365823
14.721279,200.76562,-16.740017,11.777126,204.99142,-17.0696,18.49183,204.35391,-16.270649,6.234428,210.92412,-10.205279,21.827892,207.65666,-6.2129827,-9.186491,199.85362,-6.474862,20.659426,193.54758,14.275011,-31.945995,185.2228,-4.3040104,23.101717,169.21228,26.246265,-34.55167,163.0286,-12.699757,27.83099,149.91934,11.323827,-18.779348,148.3688,3.0211573,1.722753,145.9218,15.433989,-24.53669,111.11029,-2.3111296,6.4837985,109.349525,8.360885,-35.963985,76.05095,5.440401,2.1129375,73.19552,8.186752
13.009404,200.74382,-18.089706,10.069344,204.97745,-18.33963,16.805054,204.31546,-17.753492,4.825705,210.93536,-11.251039,20.688297,207.91212,-8.122502,-10.016699,199.69717,-6.2077336,21.409828,193.84126,12.2959175,-31.601004,184.3152,-0.91934717,25.326235,169.85449,24.481846,-34.4476,161.8275,-8.930306,27.932222,148.50258,11.289245,-18.020746,148.20549,3.9496534,3.463902,145.6804,14.99356,-24.447851,110.82216,-0.87786824,7.1886735,109.06277,7.8134723,-34.68808,75.57121,6.5317364,2.503317,73.07676,9.136197
11.470666,200.72835,-19.263504,8.625811,205.0152,-19.729572,15.34449,204.23015,-19.116278,3.4835167,210.951,-12.220592,19.541662,208.24294,-9.849462,-10.748127,199.46175,-5.5230036,21.982609,193.84718,10.224916,-30.731022,182.85704,2.3182044,27.064299,169.90913,22.29064,-34.31458,160.29105,-4.8581457,27.882854,147.2464,11.189392,-17.469206,147.93822,4.8119044,5.047677,145.50572,14.543217,-24.452946,110.485855,0.62615603,7.722915,108.940735,7.1456256,-33.466026,74.8197,7.2178245,3.015406,73.09796,10.192676
9.819696,200.84651,-20.494055,6.841852,205.04877,-20.86789,13.608926,204.43404,-20.656742,2.0409338,210.9612,-13.091475,18.24028,208.47704,-11.493598,-11.486042,199.15196,-4.648967,22.277435,193.65494,8.122449,-29.619709,181.56052,5.2314773,28.762623,170.1414,20.072767,-33.878002,158.62814,-0.4914514,28.256346,146.4265,11.544956,-16.724613,147.62975,5.754673,6.4493957,145.2289,13.910693,-24.204237,110.14623,1.8037262,8.104162,108.72945,6.5559025,-32.40686,74.270584,7.5269694,3.9178164,73.038734,11.220561
8.278314,200.88205,-21.428343,5.232021,205.0449,-21.77403,12.004266,204.52104,-21.797085,0.6661981,210.81882,-13.629788,16.989546,208.65234,-12.819724,-12.223528,198.98677,-3.744879,22.522318,193.4378,5.9168196,-28.038214,180.29489,7.9776883,30.229269,169.79454,17.41667,-33.449577,157.34126,3.2126653,28.554096,145.48035,11.6182,-16.109806,147.31085,7.0510507,7.498195,145.08618,13.439803,-23.868832,110.03345,2.7836585,8.513475,108.6497,6.194575,-31.382977,74.02997,7.700441,4.5852346,73.02138,11.8822775
6.8793106,200.65227,-22.211082,3.7369492,204.72784,-22.649788,10.515176,204.33603,-22.884989,-0.5773848,210.64537,-14.299207,15.751836,208.62622,-13.968477,-12.896989,198.79056,-2.5948145,22.402538,193.33424,3.8146825,-26.6005,179.37096,10.483116,31.34923,169.98837,14.78657,-32.050846,155.91943,7.554804,28.698053,145.40533,11.231902,-15.637248,147.06226,8.195845,8.1330595,144.99377,12.950369,-23.513506,109.755165,3.3752887,8.89869,108.476074,5.5588803,-30.645025,73.737236,7.8877473,5.556656,73.28831,12.769155
5.388499,200.48862,-22.97097,2.3757222,204.6889,-23.098295,9.138891,204.08276,-23.474907,-1.9272408,210.31232,-14.796123,14.471308,208.40953,-14.957011,-13.236219,198.70811,-1.1159713,22.311945,193.1266,1.451761,-25.032776,178.70279,12.957337,32.431652,170.0338,11.984748,-30.573383,155.03395,12.051514,29.000834,145.42317,10.576416,-15.169554,147.13333,9.389161,8.790755,145.0835,12.0129,-23.182735,109.86268,3.7134085,9.195953,108.36806,5.415773,-30.314407,73.76359,7.846982,6.3307586,73.19376,13.013277
3.7858276,199.88315,-23.309814,0.76483387,204.06921,-23.56261,7.510384,203.45583,-24.111769,-2.9975467,210.19695,-15.197525,13.312353,207.80328,-15.854474,-13.455816,198.62653,0.52435154,21.935335,193.24828,-0.23135616,-23.425293,178.07608,15.356176,33.31807,170.30202,9.47643,-28.699245,154.4702,16.267822,29.483536,145.7174,9.383285,-14.552139,146.93372,10.300117,9.288513,144.93858,11.123123,-22.693949,109.79275,3.5419843,9.494893,108.17937,5.0789113,-30.15834,73.77314,7.869413,7.0885844,73.28324,13.345936
2.1021583,199.35124,-23.34364,-0.818484,203.59386,-23.791006,5.906716,202.8067,-24.312923,-4.283008,209.92871,-15.375221,11.96453,207.33101,-16.389036,-13.551247,198.56967,1.8327876,21.759829,193.05139,-1.6587877,-21.677477,177.88031,17.48768,34.173103,170.32722,7.133878,-26.704979,154.16017,20.218412,29.998623,146.01178,8.231628,-14.130282,146.48973,10.9439335,9.704713,144.54489,10.335665,-22.340563,109.80801,3.181687,9.962146,107.893524,4.3890977,-29.993645,73.81971,7.629325,7.9278674,73.2346,13.48652
0.702369,198.58702,-23.562181,-2.2313185,202.81099,-24.03539,4.520018,202.04317,-24.397774,-5.4915824,209.2881,-15.534901,10.68444,206.71758,-16.91734,-13.450327,198.29083,2.8123484,21.468111,192.64198,-2.643807,-20.0722,177.74805,19.374168,34.70511,170.0979,4.9052844,-24.468231,154.1524,24.054832,30.621904,145.83777,6.82265,-13.710142,146.16003,11.7186165,9.708013,144.14787,10.45254,-22.045675,109.8587,2.219578,10.236259,107.68413,3.7316666,-29.737038,74.13865,7.4658794,8.560297,73.342155,13.533827
-0.6976966,197.57536,-23.055717,-3.4145436,201.92363,-23.71334,3.2788506,200.80075,-24.070677,-6.468504,208.65921,-15.29515,9.655016,206.07216,-17.469154,-13.344585,198.01048,3.6059744,21.181734,192.14992,-3.7259507,-18.695477,177.72728,21.032516,35.02897,169.68883,2.7726572,-22.300499,154.35849,27.591816,31.159641,145.32275,4.839335,-13.464855,145.79565,12.41967,9.901158,143.87364,10.720053,-22.00647,110.197876,0.830613,10.604693,107.552956,3.111054,-29.634508,74.702934,6.9666476,9.217075,73.22825,13.439655
-1.9070792,196.4239,-22.584156,-4.55154,200.8075,-23.301525,2.1262562,199.5723,-23.586178,-7.2704954,207.68275,-14.807272,8.70452,205.10405,-17.780012,-13.160639,197.71822,4.5726767,20.90941,191.41785,-4.536965,-17.276943,178.10385,22.98751,35.25836,168.95863,0.6083487,-20.53438,155.26729,30.921251,31.785006,144.45331,1.7619056,-13.256358,145.69484,13.21578,10.034555,143.54979,11.028385,-22.162601,110.830475,-0.854545,10.947429,107.37303,2.7322917,-29.210964,75.338196,6.297538,9.565462,73.206,13.324965
-2.7528627,194.90573,-21.851473,-5.465803,199.16246,-22.955301,1.2029613,197.91534,-23.42857,-8.0976515,206.6192,-14.694046,7.83522,204.11096,-17.860018,-13.120758,197.22533,5.4107795,20.595484,190.59772,-5.148553,-16.190527,178.43764,24.76596,35.38096,168.25554,-1.4812106,-18.458456,156.02544,34.379627,32.475918,143.61542,-1.4117463,-13.015489,145.3346,14.132224,10.085652,143.40038,11.538083,-22.224188,111.54012,-2.5922194,10.892913,107.52682,2.2627246,-28.75055,76.13721,5.788625,9.607176,73.31542,13.145112
-3.6968627,193.64375,-21.203379,-6.4383397,197.80157,-22.564173,0.19748266,196.48718,-23.188337,-8.528136,205.89609,-14.459025,7.2018623,202.73714,-17.889492,-12.945434,196.64738,6.1787424,20.138403,189.3734,-5.847971,-14.944918,178.83722,26.359259,35.383564,167.28249,-3.385957,-16.551416,157.08763,37.230938,33.24585,142.65971,-4.0588503,-12.855525,145.21182,15.079691,9.820734,143.20985,11.937733,-22.47682,112.57833,-4.1775966,11.035102,107.29384,1.7930254,-28.082008,77.02562,5.130348,9.496464,73.22598,13.065043
-4.511441,192.27554,-20.846693,-7.222831,196.39595,-22.381334,-0.61697704,194.96008,-23.04539,-8.960588,204.78258,-14.315331,6.613746,201.12141,-17.756325,-12.856708,195.80779,6.727956,19.533869,187.91673,-6.37542,-13.954995,178.86812,27.675486,35.240547,166.08939,-5.151475,-14.751723,157.96495,40.062126,34.27196,141.67584,-7.22163,-12.947647,144.96077,16.040169,9.672153,142.84346,12.318758,-22.916595,113.46383,-5.3742924,11.20938,107.056366,1.4921296,-27.146114,78.09952,5.06473,9.343966,72.99418,13.086537
-4.9983187,190.70424,-20.428762,-7.6735945,194.78778,-22.110771,-1.0775095,193.28244,-22.710915,-9.53649,203.31479,-14.189934,6.069365,199.66917,-17.526876,-12.608865,195.22588,7.418593,18.83805,186.45291,-6.793919,-13.198316,178.9954,28.78834,34.758675,164.6806,-6.699986,-13.135751,158.80736,42.323353,35.225376,140.547,-10.389894,-13.046026,144.697,16.720354,9.310273,142.39702,12.691858,-23.086319,114.31546,-6.364207,11.301717,106.96833,1.3080157,-26.105547,79.15004,4.8300424,8.963279,72.89895,13.134708
-4.9382343,188.9604,-20.121096,-7.6938047,192.97868,-21.833149,-1.0861266,191.5248,-22.531668,-9.942475,201.58151,-14.11862,5.828282,198.33633,-17.263992,-12.753977,194.55489,7.863853,18.179468,184.9752,-7.043426,-12.928986,179.2279,29.784294,33.895622,163.08301,-8.1291275,-12.300874,159.66386,44.325947,36.020557,139.39641,-13.535118,-13.242617,144.42523,17.313915,9.241223,141.98787,13.260234,-23.334908,115.47466,-7.389335,11.404092,106.93425,0.97680473,-24.920523,80.40172,5.296108,8.573279,73.13462,13.144376
-4.777736,187.39449,-20.280334,-7.561652,191.53877,-21.602358,-0.97323847,190.16711,-22.557344,-10.314072,199.57487,-13.991796,5.6014395,197.01567,-17.12078,-12.573059,193.70467,8.280395,17.381142,183.60033,-7.22427,-13.034994,179.1821,30.689932,32.885166,161.54411,-9.133746,-11.774738,160.83484,46.616806,36.827023,138.68906,-16.676365,-13.212347,143.97379,17.905603,9.058445,141.26181,14.015951,-23.403507,116.21453,-8.219823,11.666072,106.81634,0.29105374,-24.007925,81.7481,6.2465672,8.213981,73.09862,12.760513
-4.800133,185.86984,-20.273523,-7.515621,190.06905,-21.561472,-0.91447896,188.66322,-22.350948,-10.437879,198.00131,-13.951884,5.48093,195.64848,-17.185259,-12.833264,192.77632,8.341262,16.892103,182.17342,-7.123528,-13.37664,178.84834,31.247602,31.99215,159.93698,-10.371068,-11.472597,162.08272,48.703648,37.504974,138.2355,-19.774939,-13.464435,143.34636,18.337349,8.973735,140.5589,14.691571,-23.281845,116.421135,-8.604716,12.193705,106.95327,-0.4733068,-22.940186,83.10501,8.032371,7.999484,73.17149,12.316845
-4.5110755,184.73535,-20.482635,-7.1953406,188.95546,-21.76749,-0.55605334,187.62672,-22.29002,-10.184809,196.82161,-14.034421,5.734169,194.44508,-17.223974,-13.031186,191.9359,8.310283,16.501207,180.58954,-6.947752,-13.721913,179.07518,31.827362,31.380735,158.51385,-11.519568,-11.900676,163.56822,50.54628,37.59897,138.03403,-22.794699,-13.740061,142.99908,18.870527,8.6669,140.1387,15.546478,-23.471315,116.63529,-8.626598,12.6568165,107.18472,-0.9848426,-22.163467,84.3695,9.903331,7.9371014,73.31218,11.667745
-3.9363747,183.62065,-20.540636,-6.7839,187.77312,-21.711166,-0.11820394,186.67708,-22.411144,-10.043605,195.53934,-14.2366085,5.9635234,193.69366,-17.348257,-12.95214,191.29134,8.202446,16.502907,179.6532,-6.6143727,-14.69291,179.35432,32.16733,30.666334,157.4448,-12.194234,-12.956298,165.50322,52.02361,37.60924,138.20187,-25.659143,-13.994608,142.40836,19.210955,8.622404,139.62799,15.590131,-23.68173,116.34977,-8.514038,13.186491,107.05573,-1.4462589,-21.245028,85.663506,12.235571,7.853898,73.255585,11.245816
-3.7445362,182.83568,-20.587984,-6.467847,187.04643,-21.828655,0.16692245,185.7282,-22.475428,-9.715542,194.85228,-14.45556,6.3300676,192.73215,-17.319614,-12.736285,190.98085,8.048578,16.571909,178.82823,-6.7012,-15.791789,179.66649,32.1836,30.481676,156.33386,-12.562053,-13.860884,168.09436,53.432896,37.256363,138.46187,-28.025341,-14.048591,142.0956,19.367588,8.432683,139.21411,15.46656,-23.877766,115.66738,-7.8657207,13.572708,107.00514,-1.7793689,-20.468441,86.64573,14.585236,7.899351,73.218445,10.516464
-3.1840658,182.15282,-20.750473,-5.9824567,186.31499,-21.999704,0.6778198,185.108,-22.672249,-9.382032,194.20145,-14.88675,6.7078166,192.18297,-17.477186,-12.462128,190.66075,7.533397,16.863443,178.43062,-6.6175895,-17.25697,180.48177,31.989927,30.672415,155.77298,-12.377107,-15.648071,170.93799,54.26762,36.714725,139.07135,-29.547712,-13.928698,141.70184,19.420357,8.423124,138.76906,15.26443,-24.251265,114.70516,-6.9025126,13.954231,106.92385,-2.1923892,-19.668459,87.711876,17.418957,7.7505717,73.08394,9.528985
-2.398048,181.78862,-21.148502,-5.2481565,185.86977,-22.504492,1.431904,184.74942,-23.13336,-8.608568,194.03217,-15.453555,7.447733,191.86353,-17.916908,-12.122708,190.52003,7.250532,17.26676,178.26094,-6.5685706,-19.518179,181.56316,31.803091,31.105381,155.61208,-11.743721,-18.643328,173.66162,54.85415,35.90434,139.84901,-30.15952,-13.691043,141.40535,19.528896,8.56301,138.79016,14.845622,-24.549358,113.83404,-5.834754,13.890022,106.975525,-2.9348247,-18.989561,88.89537,20.307692,8.159799,72.975586,8.808225
-2.0672438,181.65091,-21.469044,-4.916187,185.75989,-22.762787,1.7629772,184.6532,-23.383183,-8.101139,193.90318,-15.848805,7.973395,191.63495,-18.485363,-11.713379,191.01697,6.6681137,17.62292,178.23962,-6.731508,-22.049637,182.90775,30.6561,31.881872,155.75354,-10.966262,-20.611027,176.66722,53.993282,34.96791,140.3133,-29.828972,-13.249711,141.63615,19.616322,8.878164,139.03767,14.531764,-24.45098,112.9702,-4.3243685,13.819827,107.06836,-3.5817487,-18.258032,90.2445,23.720488,8.51027,72.86163,8.195972
-1.9033277,181.69553,-21.49117,-4.7340107,185.65785,-23.208698,1.9359714,184.45282,-23.699799,-7.2140865,194.64325,-16.581188,8.612305,191.4195,-19.023478,-11.291629,191.5978,5.6789436,18.152443,178.45525,-7.0694284,-23.448639,185.58575,29.147104,32.938835,156.09227,-9.643452,-24.179502,180.29324,52.658825,33.616642,140.22131,-28.698631,-12.84943,142.00377,19.91436,9.201992,139.3257,14.180655,-24.164537,112.3386,-2.582644,13.847215,107.01839,-3.9943576,-17.36131,91.44209,27.05813,8.84107,72.72993,7.354827
-1.2485883,181.9571,-22.09635,-4.1510577,185.90714,-23.722301,2.5421128,184.84982,-24.248934,-6.7992883,194.69128,-16.950895,9.075927,191.68358,-19.369059,-10.977872,192.23128,4.532635,18.559612,178.93849,-7.3119626,-24.456528,188.11073,27.528574,33.64559,156.49582,-7.9215364,-27.518496,183.6336,51.168045,32.47789,140.76825,-26.909435,-12.4842615,142.43512,19.855162,9.306874,139.72064,13.847718,-23.914152,111.75002,-0.78057015,13.62113,107.38547,-4.206166,-16.843033,92.261246,30.018085,9.164134,72.884865,6.566993
-0.73007816,181.99529,-22.797804,-3.7557228,185.82074,-24.481695,2.9745893,184.9355,-24.99277,-6.528175,194.72614,-17.829384,9.41105,191.9574,-20.028606,-10.943654,192.82748,3.268901,18.811798,179.83487,-7.7317605,-24.44463,190.48357,26.378906,34.10976,157.58646,-6.2852144,-30.794529,186.54851,49.441154,31.720673,141.43314,-24.559826,-12.319713,143.24187,20.125122,9.470634,140.37892,13.671649,-23.722485,111.555244,1.4553026,13.340403,107.79183,-4.2227306,-16.30966,92.760315,33.003433,9.709737,73.02206,5.5853257
-0.6257425,182.17342,-23.239592,-3.6074145,186.06166,-24.87883,3.0911345,185.06987,-25.503399,-6.3001676,194.9133,-18.42206,9.660721,192.16324,-20.913729,-10.560221,193.48288,2.2263103,19.283909,180.87303,-8.034842,-25.123064,192.79973,24.688492,34.57451,158.91766,-4.4822273,-34.47591,189.75798,46.749332,31.109026,142.16876,-21.849688,-11.865699,144.19417,20.088102,9.871396,141.22778,13.436747,-23.114155,111.44219,3.823801,13.146106,108.3334,-4.113503,-15.462428,93.478455,35.801987,10.398,73.227,4.623097
-0.10102571,182.14542,-24.205797,-3.2185934,185.9519,-25.770535,3.5227659,185.22997,-26.34581,-6.5726514,194.45058,-19.272022,9.686376,192.4887,-21.550222,-10.191569,194.02164,1.356755,19.885817,182.1468,-8.156515,-26.063644,195.13702,22.838978,34.742706,160.34459,-2.4311912,-37.367344,192.58614,44.114063,30.320553,142.77634,-18.641651,-11.350246,145.25287,20.08014,10.120861,142.29865,13.352604,-22.305992,111.50013,6.3267646,12.884297,108.92557,-3.6690145,-14.954805,93.7253,38.475307,10.962497,73.45513,3.49815
-0.17928693,181.92769,-24.702238,-3.154264,185.76044,-26.474012,3.554649,184.79129,-26.985773,-6.25182,194.55838,-20.090874,9.796777,192.24791,-22.701199,-9.5702305,194.40964,0.51399785,20.175562,183.29147,-8.441999,-27.14579,197.06708,20.589216,34.70327,162.05345,-0.30883634,-40.35979,195.25764,40.773613,29.799263,143.44289,-15.106307,-11.145145,146.38074,20.226997,10.3378725,143.40529,13.404031,-21.302471,111.81977,8.665837,13.06014,109.608635,-2.7901423,-14.069926,94.00716,40.958717,11.751192,73.92611,2.4689705
-0.09172459,181.61263,-25.522055,-3.0577865,185.48961,-27.210188,3.6445444,184.50409,-27.76949,-6.22138,194.16982,-20.768406,9.862828,191.97147,-23.761509,-9.499145,195.10184,-0.6325364,20.343039,184.12598,-8.656127,-28.044334,198.83733,18.423464,34.872223,164.00305,1.7981716,-43.23351,197.1695,37.28689,29.77439,144.48676,-11.151039,-10.929415,147.5989,20.584404,10.363776,144.52258,13.703339,-20.10908,112.34713,11.147239,13.082109,110.57116,-1.836803,-13.222683,94.037994,43.21917,12.466148,74.45001,1.145474
0.22360872,181.18939,-26.277088,-2.7949393,184.99646,-28.025692,3.898017,184.03404,-28.679558,-5.7748194,193.79974,-21.447552,10.231068,191.5616,-24.536684,-9.710243,195.32867,-1.8485918,20.344643,184.7877,-8.60251,-29.286411,200.16824,16.067818,34.702065,165.84625,3.9387398,-45.545345,198.76253,34.033535,29.386414,145.28226,-7.332979,-10.926181,148.67284,20.860317,10.259849,145.52419,14.109326,-18.754684,112.77764,13.360465,12.953273,111.124054,-0.6770044,-12.46629,93.840485,45.329803,13.259975,74.978584,-0.2723413
0.36289632,180.5318,-26.889788,-2.5645154,184.34421,-28.784399,4.100879,183.16881,-29.421196,-5.650052,193.24332,-22.439362,10.375939,191.00107,-25.467594,-9.784085,195.23517,-2.984016,20.355112,185.29169,-8.832004,-30.510616,200.27014,13.595223,34.177498,167.46567,5.615434,-47.50195,199.24915,31.024323,29.13382,145.75316,-3.2070453,-10.961313,149.598,21.302423,10.348031,146.40457,14.7480755,-17.592072,113.110825,15.545674,13.140854,111.8212,0.53156936,-11.817403,93.32247,46.93624,14.386979,75.74605,-1.2735581
0.7270665,179.41818,-27.823614,-2.3294585,183.1948,-29.562208,4.393112,182.29335,-30.168285,-5.8621173,191.95676,-23.72594,10.358603,190.0522,-26.268883,-9.726101,195.05959,-4.111795,20.155123,185.48714,-8.88886,-31.118282,200.72308,11.361261,33.254704,168.54402,7.2024403,-49.076862,199.25325,27.899063,28.709127,145.86426,0.5459612,-10.991062,150.40497,21.759157,10.272545,147.21391,15.550562,-16.287405,113.45741,17.552258,13.38333,112.34524,1.8923843,-11.267857,92.707466,48.589695,15.405534,76.58462,-1.8031932
0.9494342,178.1023,-28.51534,-2.1482728,181.88422,-30.185877,4.5369115,180.92615,-31.04004,-5.815226,190.64369,-24.960873,10.492384,188.83319,-27.13029,-9.70804,194.29053,-5.374942,20.138487,185.35837,-8.986354,-31.787535,199.8526,9.225248,32.312664,169.14336,8.51842,-50.426155,198.53171,25.120615,28.393433,145.81456,3.8685021,-10.889121,151.02354,22.286694,10.289147,147.88925,16.299976,-14.874071,113.69293,19.597088,13.299738,112.748405,2.8428085,-10.792371,91.81591,49.961838,16.028595,76.780846,-1.527477
1.0909475,176.543,-29.275564,-1.9418613,180.29333,-31.130669,4.7261024,179.21965,-31.9025,-5.5798535,189.23181,-26.076752,10.691135,187.2169,-28.05032,-9.922334,193.40726,-6.731552,20.119759,185.2994,-8.744833,-32.415546,198.60132,7.1911235,31.355722,169.706,10.018387,-51.594116,196.91728,22.360144,27.865158,145.72192,7.0378284,-10.834913,151.3469,22.545479,10.379884,148.19524,16.996134,-13.647529,113.746025,21.408445,13.463276,113.08172,3.590416,-10.196138,90.70659,51.151115,16.44031,77.18453,-0.38688004
1.2795446,174.76501,-30.08473,-1.7831173,178.4881,-31.934076,4.907635,177.49597,-32.65871,-5.200739,187.59085,-26.98458,10.994276,185.37505,-29.083656,-10.133158,192.04826,-7.96232,20.308313,184.16187,-9.177355,-33.0215,196.393,5.938415,30.40742,169.61295,11.096623,-52.680534,194.22905,20.423517,27.349987,145.44127,10.226908,-10.904163,151.24387,22.685286,10.475743,148.12071,17.52267,-12.558496,113.4338,22.91617,13.770258,112.94296,4.1029086,-9.677324,89.5258,51.881954,16.465857,77.17713,1.090976
1.48065,172.71109,-30.79064,-1.574494,176.39214,-32.741875,5.119841,175.39514,-33.401863,-5.016517,185.59836,-28.176033,11.230875,183.28966,-30.051596,-10.379349,190.44637,-9.133091,20.274097,183.04117,-9.727747,-33.30605,193.65718,5.0974464,29.003773,169.14175,11.574076,-53.464447,190.37726,18.698494,26.873108,144.88905,12.9786215,-10.691355,150.95831,22.890974,10.625369,148.24823,18.005629,-11.375631,113.05385,24.550848,13.862436,113.03822,4.6379747,-9.039655,87.96902,52.377167,16.377348,77.291664,3.2116196
1.4868709,170.27637,-31.742828,-1.3815371,174.00417,-33.89188,5.3074074,172.88185,-34.19248,-4.8081646,183.2748,-29.331915,11.406614,180.77475,-31.018677,-10.834227,188.3861,-9.874099,20.285025,181.98773,-9.909342,-33.418976,190.10355,4.9408493,28.30134,168.46964,11.90665,-54.42214,185.12508,16.480389,26.317972,144.11588,15.522428,-10.519712,150.42226,22.963638,11.088325,148.07144,18.164288,-10.188019,112.4661,26.027359,13.918919,112.84296,5.144914,-8.61856,85.92695,52.639214,16.07886,77.21899,6.171491
1.8130969,167.78265,-33.007294,-1.0594666,171.53235,-35.11165,5.6519904,170.4742,-35.29954,-4.8043056,180.61403,-30.777891,11.508006,178.38567,-31.748495,-11.302234,185.69525,-10.380798,19.999477,180.37454,-10.595509,-33.26994,185.90147,5.8319225,28.013338,167.60547,11.677577,-54.883144,179.42035,15.017236,26.349726,143.57765,17.57013,-10.6730385,149.52129,23.074373,11.287018,147.54695,18.812979,-9.5356245,111.546005,27.09152,13.746473,112.371315,5.64965,-8.409816,83.8322,52.587166,15.568441,77.09367,9.608624
2.239977,164.95457,-33.738194,-0.6223613,168.7258,-35.811134,6.0534854,167.49966,-36.246674,-4.665377,177.66895,-31.684889,11.714396,175.67572,-32.56337,-11.475834,183.00627,-11.090426,19.87828,178.08421,-10.927686,-33.507637,181.57028,5.0735073,27.295534,165.85953,11.835645,-54.892616,173.271,12.822061,26.188538,142.17749,19.495853,-10.733159,148.69673,23.594824,11.3954315,147.2008,19.383615,-9.168692,110.59475,27.905567,13.367979,111.89775,6.1284313,-8.116158,81.60093,52.10322,15.048214,77.08665,13.719649
2.496659,161.88408,-34.10091,-0.370326,165.64839,-36.183876,6.2766533,164.38304,-36.730354,-4.5250287,174.60106,-32.29367,11.864183,172.77742,-33.10397,-11.599926,179.39803,-12.018604,19.905481,175.91345,-11.358453,-34.393444,177.50655,2.7416449,26.772139,163.79764,11.699653,-54.215214,166.05887,11.323843,26.292427,140.69427,21.114887,-10.472282,147.68086,24.10175,11.60655,146.3701,19.893007,-9.09541,109.389885,28.409943,13.039635,111.02413,6.9271097,-7.8430886,79.4312,51.592922,14.260994,77.14682,17.98508
2.9738204,159.07907,-34.60954,-0.06826348,162.70605,-36.680637,6.605269,161.63478,-37.374874,-4.2679477,171.65417,-32.712715,12.161117,170.08148,-33.547775,-12.585041,175.90062,-13.163371,19.682222,173.32614,-11.768311,-35.51285,171.70255,1.2816186,26.658213,161.49947,11.579759,-53.738575,157.61008,10.24195,26.781733,139.12265,22.421093,-10.476906,146.65735,24.453903,11.783317,145.71281,20.46719,-9.163023,107.95033,28.359743,13.00995,110.16554,7.8468175,-7.593794,77.76505,51.015186,13.750761,77.31429,22.189968
3.5460153,156.40573,-35.047264,0.21939483,159.71031,-37.206238,6.925133,158.97539,-38.087593,-3.811351,168.8767,-33.093323,12.624597,167.66147,-34.10993,-13.483109,172.14337,-14.292075,19.297552,170.33519,-11.750811,-35.831875,165.08345,-0.22679557,26.625862,158.6033,11.530493,-53.109337,149.80797,8.497694,27.124195,136.96014,23.406624,-10.56719,145.30043,24.489902,11.717324,144.5983,20.99972,-9.462716,106.45926,28.211271,12.608027,108.94443,9.028525,-7.528619,76.512985,51.051083,13.106098,77.310486,26.598711
4.1978383,153.58571,-35.152237,0.7441304,156.66968,-37.439854,7.519796,156.44539,-38.012943,-3.473243,166.02257,-33.611263,12.958581,165.01306,-34.659748,-13.976901,168.51149,-15.277482,18.573322,167.48949,-11.76589,-35.758842,158.17346,-1.9481053,26.603842,156.03542,11.501228,-51.79249,141.51234,6.6039133,27.51475,134.22841,23.188665,-10.751759,143.64005,24.49801,11.141315,143.3504,21.553434,-10.104164,104.66956,27.848541,12.076115,107.420204,10.474279,-7.63892,75.33306,51.015232,12.166622,77.70953,31.184223
4.504659,150.24158,-35.18396,0.9209402,153.08112,-37.58652,7.700893,153.1174,-38.169376,-3.5140493,162.53593,-34.062435,12.9092045,161.96046,-35.206226,-14.665438,164.6444,-15.662304,18.151583,164.42802,-11.913861,-35.972237,151.8898,-3.270443,26.985228,152.80052,11.000681,-50.35291,133.22449,4.1138024,28.648369,131.43004,23.308697,-10.966338,141.99649,24.458363,10.90639,142.20439,22.237701,-10.646989,102.96522,27.191816,11.546328,106.00719,12.423082,-7.372069,74.30505,50.718903,11.216434,78.316475,35.60208
4.675763,147.09169,-34.884712,0.8339038,149.25186,-37.580334,7.5772657,149.67725,-38.383827,-3.4500678,159.46556,-34.668854,12.899128,159.02515,-35.611885,-15.334866,160.9623,-17.193726,17.414402,161.33728,-11.889724,-35.350525,145.61217,-4.730552,26.96018,148.79495,10.549609,-48.47982,125.536064,1.336362,30.160414,128.21234,23.643967,-11.383279,140.62845,23.979576,10.64862,141.21078,23.169914,-11.553077,101.53395,26.48273,11.087076,104.630005,15.042442,-7.009093,73.849815,50.254044,10.303977,78.72646,40.484966
4.462351,143.46288,-35.062866,0.49663228,145.66139,-37.526203,7.1949315,146.07687,-38.671005,-3.738214,155.81174,-34.697304,12.586962,155.46693,-35.846188,-16.423306,157.05212,-18.098942,16.601433,158.46002,-11.816694,-34.73201,139.15562,-6.6026464,27.931145,145.33832,9.645562,-46.277096,117.88661,-1.7345557,32.121326,124.49212,22.165913,-12.048244,139.76285,23.385735,10.317186,141.0552,24.714796,-12.26062,100.334175,25.28787,10.565329,103.68437,18.973545,-6.676372,73.441696,49.739395,9.878571,79.37746,46.143593
4.0067244,139.73453,-34.549988,0.007500178,141.94882,-36.94612,6.6926255,142.48991,-38.091484,-4.5397987,151.82324,-34.611767,11.805826,151.97092,-35.577263,-17.053627,153.08888,-18.784235,16.090027,155.957,-12.2613735,-33.53417,132.87265,-8.95051,28.97524,141.95772,7.730925,-43.968697,110.82779,-5.325055,34.4801,120.660225,19.137302,-12.755488,139.39107,23.429491,9.879838,141.09929,26.311712,-12.885419,100.076584,24.855038,10.081128,103.03315,23.086266,-6.8125596,73.3056,49.526363,9.530747,80.438705,51.0207
3.6537485,135.83415,-33.789566,-0.314789,138.18758,-36.11448,6.385566,138.8888,-37.045765,-5.5579243,147.33875,-34.336704,10.864479,148.25801,-35.103848,-17.6816,149.3506,-18.940401,15.304926,153.12541,-12.888018,-32.77895,127.22226,-10.940307,30.067234,138.4363,5.1834216,-41.488155,104.04253,-9.219379,36.779263,116.68739,14.659505,-13.122732,138.85422,24.156637,9.352779,141.1977,27.441479,-13.218426,99.538574,24.220324,9.700155,102.670456,27.179914,-6.817084,73.261475,49.247078,8.8715105,81.2893,56.29011
3.2577431,132.5984,-33.140026,-0.6812474,135.03264,-35.429752,6.033315,135.75801,-36.255363,-6.242678,143.84628,-33.679844,10.165945,145.06982,-34.758118,-18.467892,145.61139,-18.965317,14.593313,150.51083,-13.656612,-32.13919,122.32684,-12.9263735,30.687428,134.47903,1.9323646,-39.023884,98.63278,-13.518096,39.259514,112.55543,9.404651,-13.215225,138.72795,25.230679,8.363623,141.1937,28.858004,-13.68712,99.30101,23.891672,9.462131,102.87268,31.871668,-6.767899,73.54136,48.811314,8.402126,82.985916,62.32915
2.6289384,129.3322,-32.77107,-1.2965223,132.12587,-34.635822,5.3984346,132.62735,-35.734474,-6.877445,140.64334,-33.117,9.511524,141.88094,-34.142624,-18.950525,142.37085,-19.070415,14.042358,148.28703,-14.380894,-31.173243,118.03207,-14.847129,31.686663,131.45744,-1.3765777,-36.67904,94.021545,-18.226135,41.151325,108.79735,2.8649516,-13.702934,139.26917,26.432137,7.1808124,142.40494,30.486809,-13.650191,99.72509,23.513027,9.367177,104.18127,37.661926,-6.7033577,73.7808,48.301823,8.066024,85.054535,69.04147
1.637323,126.61949,-31.012037,-2.07602,128.9438,-33.754658,4.6718006,129.74178,-33.931984,-7.6708317,137.94965,-32.507088,8.7546,139.00197,-33.060787,-18.9102,140.066,-19.576883,14.145776,145.4816,-14.906435,-30.366367,114.64685,-17.209833,33.12082,128.20848,-5.452291,-34.37202,90.71208,-23.028252,42.518517,105.28597,-4.7238874,-14.136581,139.1688,26.477894,6.2784634,142.9394,31.680695,-13.728979,99.680336,23.33095,9.087006,106.02336,43.723106,-6.8022804,74.01978,48.537926,7.8489757,87.73623,75.41357
0.86644065,123.48996,-29.950693,-2.6403742,125.8483,-32.921814,4.0760493,126.76933,-32.46642,-8.489683,134.76997,-31.891685,7.8780684,136.02763,-31.463926,-18.95525,137.08151,-19.73324,13.740004,142.79683,-14.756036,-29.371243,111.85275,-19.966444,33.722424,125.15814,-9.184417,-31.760172,88.51577,-28.073668,42.981403,102.33852,-12.299522,-14.177077,139.26506,26.8582,4.6792474,143.69066,32.84218,-13.370054,99.87621,23.545948,9.871787,109.27042,48.9683,-6.8588924,74.224625,48.949795,7.8073215,91.58533,81.54344
0.19973907,121.083305,-28.980598,-3.3429747,123.63241,-31.719578,3.3291004,124.700714,-31.105131,-9.293558,132.2738,-31.25118,7.072011,133.6601,-30.341728,-18.546345,135.31673,-20.655518,13.341857,140.21848,-14.439345,-27.410353,109.624756,-23.695536,33.182667,121.84722,-12.364393,-28.359835,87.245415,-33.711014,41.486412,99.54628,-18.634737,-14.187001,139.09474,27.560774,3.7423208,144.26459,33.695488,-12.997977,99.77016,24.327425,10.507327,112.79565,53.635025,-6.578748,74.170815,50.18846,7.8553576,96.334435,87.491585
-0.7994472,118.97659,-28.473467,-4.1699247,121.89691,-31.052343,2.5832863,122.3238,-30.653011,-10.423296,130.08951,-30.715315,5.6934233,131.78429,-28.440508,-17.913288,134.77025,-20.129316,12.932534,138.19894,-14.872304,-23.508343,108.91667,-26.79932,32.594284,119.30294,-15.431308,-24.018305,87.50458,-37.80185,39.203136,97.15409,-24.202559,-13.976364,139.25418,28.458359,3.2439773,144.847,34.28724,-12.870412,99.86399,25.623558,10.645968,115.495125,56.9261,-6.595875,74.31641,51.72441,7.3786454,100.80727,91.551636
-1.2205936,117.1142,-28.257452,-4.266643,121.168655,-29.221325,2.083874,119.968,-31.1552,-10.922608,128.33475,-29.805891,5.0201907,129.89601,-26.549267,-16.297503,133.02376,-18.787905,13.504256,136.59218,-15.645057,-20.096903,107.694305,-28.696276,32.381443,117.67419,-18.655712,-19.788767,86.69937,-41.385826,35.461056,95.114006,-28.634583,-13.557152,140.04512,30.973446,3.3698375,145.79863,35.58724,-12.208287,100.58065,28.874355,8.73326,114.751076,56.078003,-6.7386246,74.79943,55.010265,4.543161,100.40879,90.27119
-2.7056193,115.87519,-28.525454,0.46856633,118.82748,-25.63129,-0.78301203,118.95138,-32.353607,-11.825223,127.50971,-29.167282,4.0695543,128.30869,-25.468004,-13.450432,131.88095,-18.242554,13.061102,135.28368,-15.878668,-15.715047,107.378136,-30.85639,29.38612,114.85887,-20.562544,-15.157617,86.743225,-44.16259,32.26561,93.16221,-31.94173,-12.523326,140.51372,32.468582,2.513634,146.27385,36.055767,-11.360003,100.808075,30.420773,7.3884654,114.51631,56.906345,-6.7848253,74.71967,56.729534,1.152053,97.098976,90.20911
-2.5218854,115.01688,-27.764029,1.1662886,117.69703,-25.29792,-1.3813308,118.43686,-31.576063,-12.215149,126.02082,-28.537653,3.6772087,127.71152,-24.977467,-13.676705,130.51744,-18.101408,12.560504,133.96773,-15.901166,-13.670625,106.80066,-32.131153,27.400719,112.73899,-22.065084,-13.311119,86.31334,-45.64242,31.713299,92.13156,-34.324905,-11.157593,141.22208,32.780415,0.74802727,146.78479,35.628345,-10.448734,100.387856,30.497509,6.415706,115.92058,57.86576,-6.7945294,73.99039,56.504803,1.4959208,101.27262,93.042435
-2.1849473,114.06363,-28.220331,1.2540561,116.92374,-25.628067,-1.0219125,117.51363,-31.984974,-12.044823,125.03886,-28.49043,3.823344,126.610306,-24.924595,-14.262028,128.75102,-18.11408,12.051346,132.60965,-15.602423,-12.7424555,105.45008,-32.051693,27.16576,111.663795,-23.270569,-12.627668,85.164604,-45.6403,29.62399,90.56338,-35.394142,-9.849929,141.65857,32.646935,-2.5919409,147.1893,35.365932,-8.956891,100.41798,31.586548,7.1272397,118.97988,58.85386,-6.7000585,73.90406,57.37448,1.9369181,104.24869,93.49385
-2.1772044,113.53036,-28.677073,0.34721813,116.425415,-25.26692,0.11483991,116.854294,-32.00564,-11.9640465,124.619125,-28.505924,4.018779,126.098595,-25.474403,-15.187385,127.95776,-16.838419,12.653786,131.73317,-16.54483,-12.611124,104.673805,-30.320686,25.928541,109.65782,-23.802101,-12.919538,84.42354,-43.295654,27.19075,88.599,-35.976917,-10.5927925,141.97984,33.053528,-2.6453335,148.70059,35.406555,-7.9011755,101.12218,33.39177,9.236162,117.86086,55.024883,-6.298866,74.443405,58.843204,2.80739,105.57299,90.98863
-0.46260673,112.96128,-27.736202,-3.3038757,116.69783,-25.695112,1.056459,116.86685,-30.870323,-11.279926,123.28711,-27.51169,4.7176704,126.19367,-25.9573,-15.629583,127.40817,-16.356298,12.766134,130.86867,-17.430872,-15.434445,102.97116,-28.67252,24.361206,107.720795,-23.118238,-12.22888,82.86773,-41.366096,25.699928,86.875656,-36.162807,-10.683258,143.72878,33.81034,-2.5889285,149.33246,35.097866,-6.735457,102.80431,35.56506,10.937962,115.55164,50.67734,-5.925366,74.928246,59.68023,4.732966,103.99982,86.04662
-0.017219547,113.13276,-26.474699,-4.571874,115.427956,-27.218664,1.4848765,116.653336,-30.048288,-11.099987,123.0347,-26.632072,4.845216,126.56828,-26.298817,-15.398325,127.30729,-15.950429,13.3276615,131.02237,-17.389769,-13.314247,102.72751,-27.38236,20.701254,106.25025,-21.22085,-10.036046,81.876595,-39.041645,21.06114,85.36251,-34.706978,-10.788412,146.27773,34.423897,-1.8415241,150.57619,33.430637,-5.387027,105.11403,38.15946,9.931404,115.56348,48.439476,-5.1311073,75.849655,60.92996,6.2342153,93.18739,76.98115
-1.1781123,111.653885,-26.336792,-5.441161,114.13879,-27.898901,1.009428,114.85495,-29.846241,-11.082824,122.66352,-26.630436,5.2813907,124.470726,-27.176018,-15.341271,127.24995,-15.863715,13.277949,130.90475,-17.488781,-5.940863,103.74918,-25.246353,14.680246,104.6722,-19.255388,-5.9033065,81.72594,-36.656494,17.575003,84.23453,-32.6446,-9.879979,148.8223,34.255154,-1.8117535,152.02106,31.803076,-3.4181175,108.949936,40.230843,9.4908495,117.63008,47.23735,-4.349579,78.10539,61.24986,3.0320988,89.67821,70.26743
-1.0952078,110.81819,-26.360735,-5.011654,113.39379,-28.536715,1.6377766,113.66869,-29.795725,-10.255511,122.366455,-27.116087,6.1551075,123.134674,-27.232111,-15.269456,126.3367,-15.43182,14.483901,130.45586,-17.385914,-6.1919737,102.72056,-24.711655,13.401119,104.04419,-15.771277,-5.6205444,80.22812,-34.96496,17.691673,84.15369,-30.3678,-9.687688,149.85965,32.57951,-0.96674454,153.86125,31.196243,-0.7915024,112.116684,42.354572,6.3474874,116.93082,46.23237,-3.9000387,79.770256,61.15685,-0.926745,84.39675,64.15525
-0.0522312,109.7231,-26.013338,-3.7870798,111.904564,-28.84197,2.9504726,112.183304,-29.521986,-8.536105,121.706635,-27.412827,7.9456086,121.58298,-27.877722,-14.36254,126.16172,-15.814156,15.846571,129.47661,-17.643978,-12.572708,100.538795,-24.359205,14.837635,103.8032,-10.48394,-9.684237,78.537025,-33.297295,19.013832,89.33688,-28.22887,-9.762063,151.37645,31.018457,1.6679884,154.62706,29.405087,-2.0139725,112.83157,42.269596,4.5049243,116.31301,44.56799,-4.3473134,81.21732,60.76979,-1.6487811,82.07279,61.46437
0.45663014,108.22572,-25.743395,-3.3411934,110.07198,-28.719576,3.372735,110.93001,-29.146835,-8.00005,120.19151,-27.377016,8.438923,120.063736,-28.166487,-13.429596,124.74583,-16.748741,16.347313,126.86629,-18.251202,-15.334955,98.12207,-22.932344,17.778288,103.99711,-5.241658,-11.543947,76.48505,-33.056934,19.783352,92.32109,-26.517836,-9.734938,153.47322,28.132994,1.7039278,155.58107,27.129662,-0.11628198,117.18656,44.004864,4.4723506,118.501434,44.32122,-9.153234,83.03746,57.689133,-1.699323,83.96185,60.624153
1.2893258,106.78336,-25.15411,-2.1438904,107.108154,-29.010353,4.297459,109.11371,-28.750044,-7.4665995,118.402405,-26.71769,9.007547,118.68257,-27.83008,-13.123075,122.74987,-17.220133,17.264528,124.02521,-17.252,-16.707142,96.175644,-21.762215,18.784983,101.164085,-2.965624,-14.714899,73.77188,-31.77866,15.514207,102.6524,-26.705368,-8.494413,155.68866,25.807123,1.2797627,156.78358,24.694319,3.9933112,122.55425,44.43833,4.5266175,121.07444,43.46118,-11.82066,87.54621,55.795826,-1.4870617,88.10213,60.9495
2.0626695,105.3438,-25.327389,-0.7918248,104.69995,-29.578814,5.0166564,108.05729,-28.696568,-6.780827,117.19882,-26.272839,9.688035,117.31036,-27.636148,-12.310602,122.57938,-16.580114,17.940111,121.35495,-16.36087,-18.003897,96.10693,-19.300144,16.65613,96.27907,-5.401208,-18.540907,74.39046,-28.397762,12.466129,108.34199,-25.114922,-8.406982,157.41487,23.653187,1.1580068,158.37373,21.550766,5.41312,125.88493,44.384975,7.0168447,125.964066,43.783897,-13.744575,91.87802,54.151955,1.1619138,93.04983,61.14199
2.5045118,103.71628,-24.989162,1.4545498,101.42713,-29.505379,4.323448,107.387276,-28.239866,-6.351533,115.4827,-26.286484,10.157782,115.681335,-27.262047,-12.15488,121.85703,-16.692226,18.241364,118.967026,-15.707919,-20.379562,96.20257,-16.829268,15.702854,93.65596,-6.0153794,-18.978436,74.24749,-25.382803,7.684783,107.31844,-23.845768,-8.250568,159.66832,20.684156,-0.5322676,159.58302,18.62106,6.567649,130.3146,43.678726,9.611444,133.07413,44.354614,-13.354753,96.11616,52.64713,3.7536135,99.40784,60.77061
3.6165552,101.64509,-24.13283,4.979526,99.3038,-28.54378,1.4829515,104.97742,-27.560581,-5.166409,113.25527,-26.447653,11.330525,113.65505,-25.668182,-11.987013,121.05929,-16.11079,19.241695,116.93433,-14.175189,-19.304245,95.39045,-15.565679,12.976548,91.62233,-4.722036,-19.049374,72.008316,-23.16023,1.0111486,98.54894,-24.12621,-8.905211,160.87524,17.323317,-2.2705705,160.42706,15.591251,8.854893,137.83931,43.709877,12.972661,147.15431,45.36084,-11.863241,102.63849,50.24235,2.0795603,111.369865,57.985527
4.1222577,99.65649,-22.517479,6.429958,98.47323,-26.993734,0.6515295,101.78166,-25.825066,-4.6662445,111.17472,-25.366072,11.76063,111.723366,-24.39477,-11.571773,118.9856,-15.692009,20.913069,115.77288,-11.990386,-20.21676,93.69235,-14.646668,10.815972,92.457756,-4.5019116,-20.585207,69.75527,-21.154264,0.59883326,83.03458,-24.108828,-11.5164585,160.81563,15.999694,-3.4610019,159.99982,14.397331,11.7854185,147.89456,42.446407,14.195711,161.60538,45.799244,-12.993793,115.42747,45.416935,3.7378592,122.2124,53.131577
4.4329033,97.61223,-20.365099,6.7500124,97.096504,-24.955145,0.5781501,99.42661,-23.417736,-4.3092003,108.94579,-23.791132,12.096905,109.643456,-22.437908,-11.715392,117.02722,-13.744758,21.727251,115.20489,-9.459128,-22.639957,92.09082,-13.414812,10.990933,91.57037,-5.9706,-21.562235,68.419205,-19.140749,6.858553,73.91961,-21.07668,-13.283142,160.24117,15.543798,-4.0631537,158.22464,14.954652,13.111077,157.87239,41.089832,14.582637,171.12358,43.805065,-12.9460125,127.79742,35.58796,-0.6093298,134.5172,46.79244
3.2719696,95.64571,-18.191261,5.263104,95.74609,-22.969843,-0.76995164,97.805984,-20.744726,-5.2196407,106.661934,-22.771156,11.10044,107.531815,-20.558199,-14.187413,116.34858,-12.06183,20.679682,116.33842,-5.321075,-24.79022,91.074814,-12.216073,16.983145,92.130165,-10.3003,-25.08294,67.88785,-18.071331,18.342415,69.15444,-16.32284,-14.544944,160.3431,15.347608,-4.0594773,157.05692,16.242752,12.559343,171.8199,39.06993,13.41581,177.11464,42.93183,-7.2511373,140.25859,25.983381,-5.710183,142.48433,39.953133
2.5051334,94.385445,-15.898265,4.355358,94.30977,-20.722055,-1.6614709,96.39395,-18.35926,-5.879141,105.106384,-21.388142,10.436581,105.90405,-18.9144,-15.686541,115.32543,-11.650038,17.237244,114.872955,-3.3850982,-27.792902,90.76531,-10.490996,23.124998,91.645096,-10.78214,-26.377295,67.3362,-17.087,24.972599,67.9153,-12.013604,-14.186408,161.28938,15.742737,-3.9226365,156.28265,16.75883,11.590634,180.76146,37.480007,12.569897,180.51744,41.834293,-6.039914,150.49608,21.276495,-5.2461348,151.4894,27.598635
2.0096614,93.47525,-13.654003,4.350983,93.79972,-18.256958,-2.0686593,95.12624,-16.523907,-5.9690156,103.91245,-20.200748,10.349927,104.39651,-17.620525,-16.677748,114.725296,-10.215907,15.352003,114.185555,-3.0954165,-29.305733,90.342735,-9.688753,23.827429,91.73124,-10.470183,-26.643534,66.87972,-16.328077,25.61413,68.213295,-10.707179,-13.0072365,162.40753,15.528607,-2.4224615,155.14684,16.310276,10.9589615,185.7867,35.547615,13.289844,178.29524,42.44389,-5.1706996,156.75586,17.01881,-4.4878507,158.64209,19.912462
1.6546336,92.89605,-11.238952,5.4736094,94.0933,-14.541169,-1.2403364,93.63832,-15.577522,-6.030313,102.94764,-18.643393,10.368481,102.77846,-16.903957,-16.978687,113.96043,-8.895016,15.31682,113.923325,-3.7523155,-30.06428,90.23476,-8.997313,27.59353,91.76955,-5.484426,-27.2379,67.16179,-15.003267,26.063204,67.994095,-9.718102,-11.626153,162.93652,12.954026,-1.0391914,155.7526,15.338427,9.515567,190.673,33.041393,12.644513,179.81435,41.592728,-6.8557377,165.47308,11.843036,-7.5577607,169.16263,13.985821
1.5584949,91.61493,-9.867654,5.160116,95.293884,-10.476593,1.2096037,92.25671,-15.082895,-6.047962,102.65406,-15.916828,10.3313875,100.85531,-16.448006,-17.415356,114.99498,-7.081305,17.345215,113.13228,-5.7090087,-30.048067,90.53947,-8.089042,29.67089,90.01609,-4.86027,-26.79517,67.33245,-13.94457,27.48034,66.78314,-10.441773,-9.614363,162.57353,11.139432,0.8743964,156.33948,14.222737,9.01141,192.10431,32.69425,11.848556,183.1906,40.29475,-10.663603,175.01808,7.314929,-13.905888,180.65619,12.251847
2.1742992,91.23309,-8.404102,3.9290245,96.10844,-8.578191,3.1467862,91.54947,-13.5527935,-5.8126426,102.4352,-13.545588,10.309755,99.99558,-16.132187,-16.577633,114.53183,-7.1832776,17.230959,112.7036,-6.9219694,-30.005575,90.526665,-7.3294077,29.220549,89.741844,-4.914257,-25.148367,67.64731,-12.883989,28.7041,66.85722,-9.7561,-9.608058,163.39386,10.074496,2.5018847,158.22763,12.795615,8.201479,192.79364,31.468866,11.481351,185.97057,38.78113,-12.882133,180.111,3.4589422,-16.86578,183.80186,12.622809
2.5008936,91.09663,-6.938595,2.622332,96.26661,-7.185764,3.5594687,91.60867,-12.04465,-5.7454205,102.601166,-11.051084,9.978595,100.08317,-15.253788,-16.828047,114.68589,-6.5289283,18.278606,112.936615,-5.544342,-29.809702,90.2018,-6.527072,29.346367,89.17175,-4.3663263,-23.944885,67.35806,-12.43484,27.324013,66.11584,-10.125717,-9.033594,163.7752,9.177917,3.1029847,160.0221,11.696569,7.31234,192.9519,30.333847,11.634161,188.81384,36.811615,-14.554733,186.84668,0.15630706,-15.743379,192.3788,9.82485
2.6820214,91.26704,-5.69281,1.5598387,96.28028,-6.3080697,4.061431,91.777214,-10.735705,-6.0008006,102.68986,-9.141424,9.338141,99.95531,-14.858267,-16.662855,115.21593,-5.7873583,18.429064,113.08307,-4.6762457,-28.672249,89.85231,-6.8240576,30.378927,89.79269,-2.7265096,-24.490625,66.52839,-12.4925785,28.212227,66.54326,-8.992886,-9.248546,163.71909,8.260721,3.543722,160.7624,9.365403,6.5938363,194.58073,28.524439,10.578146,189.15834,35.255608,-17.37544,186.23729,0.015715439,-12.926839,197.19821,6.814025
3.1813257,91.43017,-5.1570964,0.8497871,96.04062,-5.430209,4.1956143,92.535774,-10.189686,-6.2881594,102.049286,-8.604992,9.268204,100.24646,-14.519297,-16.292267,115.26966,-5.6631174,18.292307,113.22791,-4.687442,-28.13232,90.15081,-6.400703,30.349539,90.00943,-2.0295393,-23.476215,66.954254,-11.63338,28.397015,66.89066,-8.27259,-9.935973,165.09558,8.023016,3.2319355,159.99615,7.9762073,7.8295655,194.8381,28.192188,8.598232,187.0548,35.359035,-16.312923,190.53484,-1.6268444,-13.755665,198.20624,4.6644497
3.5774112,92.277054,-5.1204453,0.6464537,96.53712,-4.828321,4.165501,93.98792,-10.043703,-6.1529565,102.88017,-7.9915752,9.332502,101.939606,-13.901148,-16.392202,116.32826,-5.611732,18.020418,113.97676,-4.685988,-27.749674,90.701454,-6.1546206,29.986502,90.72251,-2.0832434,-23.383083,67.69152,-11.842182,28.408749,67.1318,-7.605495,-11.297148,166.22713,7.7954526,3.1352353,160.31978,7.70138,6.781136,194.06213,29.36395,7.6439447,188.59991,33.7039,-14.972298,197.97227,-1.9000841,-11.75049,204.59517,3.2038567
4.1792183,93.278145,-5.270531,0.9512441,97.23617,-4.4120526,4.1600266,95.35059,-10.0855055,-5.6582065,103.94961,-6.862709,9.744038,103.99208,-13.005841,-15.8599825,116.91457,-5.037559,17.65562,114.850555,-4.8989477,-27.133677,91.50546,-5.9205413,29.27542,91.09573,-2.3569443,-23.901615,67.71938,-10.77322,26.773909,67.94364,-7.667521,-11.2980795,167.63153,7.423403,3.1506782,160.72507,7.9130983,5.332494,195.65865,29.640959,5.838661,189.65982,33.716465,-14.021313,196.81091,-4.414476,-9.1884365,208.20758,2.011925
3.9358351,94.51125,-5.3388205,0.5568708,98.19831,-4.0691166,3.5019438,96.79691,-10.028957,-5.1146107,106.04938,-5.9543667,10.227931,105.5372,-12.0499,-16.081072,117.35413,-4.088873,16.630445,115.3523,-4.8940363,-27.110651,92.3801,-5.6426506,28.227863,92.050224,-2.3952653,-22.21986,69.60904,-8.481493,25.570278,68.9983,-7.897672,-12.214374,168.46605,7.1019216,2.0876849,162.43512,7.919175,4.8932385,197.8645,27.861273,5.941679,192.4833,32.792156,-15.956169,192.39307,-4.416332,-2.8770342,204.21161,-0.41704354
4.0043554,95.66735,-5.7219834,0.6154786,99.299225,-4.290275,3.2253299,97.88992,-10.397089,-4.3604956,107.74338,-5.473753,10.935749,106.81227,-11.595427,-16.639051,118.41645,-3.7846475,15.973163,116.7586,-4.9552865,-26.240541,92.64045,-6.1586742,27.895401,93.24745,-2.9296157,-23.313898,69.0353,-9.2768345,24.378357,70.19291,-8.719979,-13.288727,167.03326,6.203573,1.1089568,163.77498,7.7175417,3.061801,197.02295,26.399956,3.5004303,191.95453,35.91389,-18.511324,187.90585,-3.7760484,7.6550155,185.37476,0.8446508
4.4043446,96.830475,-5.5999923,0.87588865,100.255844,-4.0279493,3.1433296,98.82561,-10.269906,-3.4830053,109.190674,-4.4925494,11.761428,108.06374,-10.7085905,-16.697037,118.81466,-3.437533,15.624773,117.28484,-3.864702,-25.229548,92.384384,-6.4420614,28.522327,94.3866,-2.6060662,-24.798254,68.16087,-10.181712,24.20999,71.28764,-8.743499,-14.057581,166.68785,4.715756,-0.6165306,164.13338,7.5775003,0.46930912,198.65094,20.22929,2.3980675,190.99574,35.621273,-19.614254,176.8838,-4.1738515,13.086751,171.30437,6.4045935
4.362117,97.895645,-5.388848,0.89893395,101.14503,-3.3481343,3.058355,100.47824,-9.749937,-2.8685133,110.52299,-3.2080438,12.312215,109.154884,-9.507902,-16.700914,119.35915,-2.8764794,14.965574,117.843285,-2.478433,-25.044981,92.78402,-5.8231306,28.843159,96.02365,-3.1413574,-24.903763,68.39215,-10.25442,24.642399,72.688065,-8.390249,-13.06284,167.66486,3.2049546,-3.7466533,163.58029,9.036524,-0.31806988,199.24829,17.035418,1.9538262,192.00873,32.85642,-19.328825,170.7215,-4.202826,14.937978,160.76463,6.236445
4.520982,99.141495,-5.575566,1.3979023,102.24082,-2.8637307,3.366394,102.57012,-9.351844,-2.104349,111.838196,-2.2465503,13.030245,110.318665,-8.635898,-16.905025,119.852165,-2.7592807,14.690511,118.88777,-0.8854218,-25.087662,93.2411,-5.5565066,29.549152,98.59406,-4.2229533,-24.159557,68.976685,-10.183765,24.993242,74.816956,-7.914238,-10.774932,168.37077,2.0116642,-8.217199,164.1763,12.591949,3.1421645,201.49937,14.424436,-0.10952751,195.68921,32.145515,-19.08534,173.40791,-4.5766015,11.752997,167.96634,3.5987928
4.6493964,100.4485,-6.477274,2.1413076,102.8876,-2.6716201,3.775346,105.00665,-8.897311,-1.3071518,113.01333,-1.6485648,13.78374,111.46085,-8.099938,-17.326506,120.229996,-2.9941,14.042629,119.29178,0.03650571,-24.903967,93.652756,-5.665205,30.389627,99.82487,-4.410544,-22.701185,69.58558,-10.949867,25.865679,76.04472,-7.8256483,-9.785696,171.18463,2.3361177,-11.9271345,165.46439,15.083322,7.0224867,206.3274,14.665736,-3.351431,200.46161,32.37341,-19.019667,186.32065,-4.1744814,8.652525,181.42052,-0.6805358
5.4736786,102.18131,-7.9764514,3.2722387,103.09656,-3.3887804,4.6537595,107.32926,-8.492583,0.0086496165,114.244774,-1.4923574,15.113051,112.85556,-7.9495883,-16.404348,119.91333,-2.355333,13.10763,119.23617,2.2310882,-24.378408,94.0708,-6.290494,32.19742,102.60637,-4.7978883,-20.857626,70.42773,-12.307911,25.913467,79.367744,-8.442178,-8.638901,172.60785,1.5912935,-14.276949,167.76523,16.985222,8.780479,208.28127,13.458872,-5.569768,203.12578,34.179153,-22.24172,203.59515,-3.460911,3.8473473,197.72942,-1.4911541
5.9100785,104.67321,-9.3324795,4.6422925,103.67276,-4.429436,5.4774184,109.63922,-7.6446867,1.2806655,115.845406,-1.1673332,16.409672,114.30402,-7.6973414,-15.118359,120.43377,-1.5301234,13.12647,120.457535,3.664741,-22.813126,94.42004,-6.3775005,33.278435,105.14744,-3.6405292,-18.517855,71.10392,-12.941295,22.796192,83.0244,-6.9556127,-9.104847,173.38928,1.2487112,-16.650276,167.88646,16.628016,9.349255,208.00003,10.682235,-7.3731246,202.26202,33.255543,-22.114313,219.07138,-3.9005382,-0.57857925,214.60478,0.13763064
6.69901,105.338745,-9.189426,5.14002,104.099014,-4.4295316,6.1933427,110.20376,-7.323368,1.4660677,116.182945,-0.8722554,16.801064,115.32019,-6.9627976,-14.436475,121.10679,0.5151376,11.590706,120.81865,6.019537,-21.987898,95.99518,-5.1335363,34.217896,110.19136,-3.6984339,-16.950329,73.035255,-11.280774,22.703121,88.57697,-7.0382485,-10.631418,173.91466,1.6247795,-18.748539,168.61044,16.93543,9.067353,208.12195,9.13668,-7.0096097,203.0384,30.12992,-20.506336,223.30812,-7.6970305,-3.607973,222.21823,-0.7360828
9.208708,104.3419,-6.072095,4.689001,104.67636,-3.5435724,7.4396806,108.83662,-8.144851,1.5138683,115.708115,-0.9223962,17.202248,116.28759,-6.034392,-14.254845,120.60459,2.6166184,7.030696,121.22638,8.326427,-22.045862,96.4467,-6.909806,30.836586,114.15569,0.17926322,-16.468414,73.0883,-10.7494335,19.701256,91.99304,-4.024086,-11.800794,173.27821,2.2135038,-19.796858,168.29695,15.574601,8.932236,207.87325,8.198865,-6.286505,203.93135,25.794031,-13.073738,228.49496,-12.452289,-2.8272645,226.72166,-4.05039
10.804872,105.18585,-2.8614585,5.590071,105.15782,-2.9174058,10.009561,107.06617,-7.73498,2.1412923,116.96394,-1.345919,18.252617,117.20539,-5.0244336,-13.418503,120.07042,4.8254743,2.3110404,119.78644,8.848765,-20.050064,96.881805,-7.978512,25.98581,111.88047,1.4741024,-16.58027,73.08355,-11.665315,10.797495,89.965485,-1.5404065,-13.471666,172.6302,2.584085,-21.148298,169.06168,16.18209,8.454615,207.02426,7.3388276,-3.9913893,204.33853,21.400688,-9.403896,228.14755,-15.888519,3.7167158,229.25421,-5.6970844
9.519831,105.83921,-5.3105493,7.364655,105.590805,-0.5022276,13.450005,107.9927,-2.3965392,1.9895942,117.91691,-1.6978596,18.338316,117.24263,-3.7080052,-13.002873,120.204445,7.640959,-3.6745512,115.89549,5.581755,-16.909855,99.15969,-9.370159,21.073715,108.25574,-2.7457907,-15.712867,74.92153,-12.960524,4.285665,85.8213,-2.757478,-15.574191,171.6405,3.0111334,-21.548971,171.17676,16.812263,6.846515,206.17484,10.049529,-0.65523213,204.84729,17.906078,-10.4736,229.14531,-13.862572,14.683844,231.0707,-5.6900144
11.698596,106.47351,-4.292332,7.39566,107.39158,-1.3862463,13.671306,109.961655,-0.8723435,2.7521138,118.08976,-3.4930031,19.236382,118.56268,-3.0055766,-12.264499,121.0581,10.176721,-6.4335628,115.14244,3.8050165,-13.019717,102.58812,-9.803808,18.340672,108.752304,-5.888107,-14.897395,77.80772,-13.900956,1.8515587,86.95935,-4.6661463,-18.169825,171.41443,3.7220144,-22.677805,170.70738,16.477604,3.7029557,205.40854,15.758606,1.4547591,202.58006,14.705641,-11.469037,223.37547,-11.576468,18.827839,228.19614,-5.760614
11.618067,106.86978,-0.7579094,9.180517,109.73848,-4.237436,12.532056,111.51791,1.397982,3.5308282,118.23389,-5.396496,19.591976,118.791855,-2.2912467,-11.043124,122.20139,13.201661,-8.717515,115.65344,1.5267076,-10.213827,105.631714,-9.152454,15.502519,109.49372,-8.294732,-13.805815,80.90524,-13.814465,-1.5814899,87.00571,-7.4510903,-20.043865,170.56851,4.303443,-22.765276,168.42007,16.373655,-0.14516328,204.44096,19.87977,2.9385304,198.7983,9.995668,-11.297452,220.58307,-10.645077,24.719032,225.32549,-4.6379824
10.540172,108.974754,1.6891986,10.703666,110.84517,-3.108617,13.467676,113.17,2.656932,3.9430323,118.66067,-7.1092377,19.558681,119.419586,-1.8966235,-11.653063,123.231415,16.391165,-9.068325,117.18348,1.7216572,-7.9054418,109.77378,-6.8655944,12.567024,109.95687,-10.976511,-12.955201,85.58406,-13.4219055,-2.9029834,87.830734,-10.276815,-21.803837,169.1463,4.6616025,-21.56608,166.6701,15.106181,-5.1490574,203.22324,22.642956,4.425674,196.46378,6.702249,-9.965592,215.06662,-11.755595,27.763657,221.98808,-6.161042
9.55332,112.604355,4.4194784,11.083179,110.93483,-0.20888612,14.452637,114.37033,4.5443287,4.6970506,119.04837,-7.8782754,19.555529,121.13195,-1.2814968,-14.154434,122.30794,17.541037,-11.655323,115.81875,1.1527514,-5.8998995,113.28721,-6.360539,11.420879,114.96903,-12.074322,-9.730867,89.69584,-11.741925,-2.6116474,93.23363,-13.660712,-23.188185,166.52388,4.6541047,-21.863623,162.21317,14.923567,-7.2776685,200.39221,22.686005,3.3939526,192.23372,5.2257776,-4.5450106,211.42006,-12.722018,26.770111,216.89775,-9.218872
8.647051,113.9857,4.3848815,10.689026,109.212036,5.385197,13.700889,115.29718,5.0438337,4.3758025,119.52541,-8.415421,19.11791,121.83973,-1.1841407,-16.75818,121.48447,16.70807,-10.729203,115.19451,-0.19380169,-6.1550784,113.76933,-7.1532993,12.148185,119.6708,-13.651648,-8.41041,89.14474,-10.115359,-1.189269,96.63803,-14.881211,-25.435879,164.44435,4.0288196,-21.703218,159.20697,14.941453,-10.371862,196.71268,21.812183,2.2168183,190.7171,5.7530594,2.4015706,207.07816,-11.806669,27.455849,211.84747,-10.65595
8.742881,114.69538,5.2210226,10.834542,110.485146,7.3229027,13.807726,115.93437,4.6896477,4.1818075,118.73376,-8.133238,18.511345,122.927086,-1.0357434,-19.314157,120.77122,15.578184,-10.970156,113.086426,-0.7403519,-4.647615,117.5667,-6.741498,10.413582,119.57392,-12.020019,-7.9726667,93.58823,-10.682318,-3.5538197,95.795296,-12.610853,-28.328121,161.72623,1.9927752,-20.232334,157.3439,15.076503,-9.412166,192.032,18.700026,-0.027324528,191.05989,8.137331,9.717263,199.153,-13.379008,28.249212,205.20929,-11.375362
7.834272,115.612335,6.578064,9.850433,111.01677,7.849512,12.730765,116.41852,4.9159784,3.690832,117.55987,-7.4166055,17.200897,123.72151,-0.25393948,-19.936178,120.521416,14.910178,-8.241131,105.32901,-2.4859195,-4.597956,118.94958,-7.177238,5.1212826,120.32162,-12.510994,-7.9999557,94.0188,-10.333464,-8.49723,95.24514,-11.098306,-30.831009,160.24069,0.517318,-20.44195,155.95157,15.883792,-4.8407617,184.28584,14.953858,-0.46135962,188.47319,7.433728,17.346603,190.90543,-13.7255535,32.072445,197.46045,-8.040411
6.755911,116.05513,6.8004727,9.099359,112.50219,9.795106,11.684965,116.82323,5.223471,4.352261,117.052055,-7.6819606,16.287806,124.659706,0.7340241,-20.274858,120.243675,13.91157,7.5995107,102.02722,-9.087726,-5.086823,122.31005,-8.392057,-6.844085,119.38633,-9.156563,-8.890522,98.68375,-10.905916,-14.877627,91.78396,-9.106809,-32.653122,159.62567,0.09351913,-21.324669,156.2773,18.231737,-0.9181117,177.13657,12.95651,-0.9688217,187.30939,7.5565577,23.361883,186.61223,-13.456723,32.69694,190.27637,-7.5152135
5.589917,115.51652,6.60898,7.8432636,113.868385,10.950955,10.499148,116.96072,5.528798,5.1249533,116.61316,-8.016758,15.013473,125.076385,2.055592,-20.238544,120.18399,12.81036,13.806146,108.23725,-11.219787,-4.049979,126.49667,-7.82997,-10.065127,115.86728,-7.94748,-9.439791,102.86604,-10.845507,-17.025164,89.557594,-8.492029,-33.962418,159.41978,0.029562267,-22.295034,158.53322,22.315338,1.6667011,171.07112,8.696623,-1.8652782,187.86807,8.098562,28.752378,185.99332,-13.073343,30.645355,182.56577,-9.669898
4.653775,115.81126,7.0218477,6.3493905,115.12399,11.844799,9.520989,117.5932,6.377004,6.2444186,116.30292,-7.560486,13.881585,125.95243,3.1960711,-19.80983,120.28415,11.28632,15.6279955,114.118,-15.333441,-3.0108917,129.6422,-8.554257,-9.593439,114.48474,-7.37342,-9.626232,105.49705,-10.001984,-16.853086,89.235825,-8.287159,-34.519756,159.44937,0.40572345,-22.919605,159.35605,25.841791,2.4693718,169.74869,6.748514,-3.9585986,186.9839,6.986594,32.211403,183.39761,-11.536115,29.33251,179.91562,-11.061804
4.4517736,116.52388,7.05166,6.262025,115.6185,11.797908,9.326338,118.27694,6.3704376,7.151361,116.16949,-7.4145603,13.830304,126.60773,3.2107966,-19.64119,119.63865,10.935829,14.489959,121.163925,-17.50408,-2.638517,129.64598,-7.8637743,-8.778602,113.21902,-7.1714244,-8.608615,105.199394,-8.0910225,-17.020382,87.94422,-7.837535,-34.171654,159.44977,0.57574797,-22.73778,159.23502,28.805822,2.469448,170.70901,7.1508455,-6.2590346,183.47154,4.708956,33.181755,180.24455,-11.748823,28.692806,181.08119,-12.976784
5.191074,116.69144,6.5220876,7.0196376,115.979706,11.293073,9.8816805,118.87825,5.8811336,7.3338456,116.16816,-8.004322,14.547026,126.6192,2.3180928,-19.359875,118.79889,10.605812,12.290504,124.890465,-17.982689,-2.783474,128.42284,-7.8517957,-8.167436,109.9114,-7.823711,-7.370648,103.564964,-5.9659214,-18.24931,84.18497,-6.3169417,-33.469536,159.43576,0.5407601,-21.800379,158.6296,30.32286,2.2707002,171.27744,9.493744,-6.6946387,181.05331,3.5718262,31.311092,175.93153,-13.165794,28.04974,181.48996,-13.438214
5.8357177,116.76775,6.3985977,6.91013,116.22446,11.419477,10.289433,119.48674,6.522467,6.252185,116.29825,-8.319377,14.969933,126.423874,1.2522186,-17.327906,118.590004,9.66504,10.053637,126.17319,-17.518812,-0.79075515,129.4852,-9.295962,-8.203598,107.69389,-6.8707676,-5.6893,105.02839,-3.6860688,-19.186407,83.16985,-4.903995,-32.533108,159.52242,1.2769016,-20.840893,158.5536,31.391167,2.1238585,171.98106,11.502626,-4.5962105,179.31425,3.6919115,24.142859,171.15027,-17.581915,28.590425,184.93828,-14.943511
6.519223,116.74133,5.949,7.1177115,116.457466,11.067269,10.73441,119.79309,6.410797,5.4737277,116.81864,-8.751451,15.375416,126.33489,0.2678983,-16.339195,117.48262,9.298889,8.638291,127.15792,-18.478998,-0.3540546,128.76958,-9.908677,-7.478875,107.11657,-8.085849,-5.23256,104.453926,-3.5665724,-17.621279,81.312965,-4.0502124,-30.563381,160.02504,2.3538609,-20.09112,158.73161,31.582844,2.2373126,177.2769,14.143995,-3.2223878,180.88695,6.045415,18.47411,175.42122,-19.070332,26.33265,190.14757,-15.207876
7.5301504,116.90292,5.39884,8.27276,116.487495,10.494478,11.720687,119.98177,5.8225446,5.9238024,117.21314,-9.231407,16.79048,126.06613,-0.5548962,-15.955755,116.31317,9.794207,6.9365706,126.79885,-19.954212,-0.7150177,126.13818,-9.732769,-6.9656014,105.77794,-7.5300117,-5.2553535,101.607864,-5.106145,-16.59681,80.1017,-5.132768,-28.17206,160.52283,3.4544654,-19.670818,158.47238,31.533035,1.8283635,182.45415,16.822632,-2.7908716,183.50986,9.201067,11.8250265,186.10446,-19.588158,25.294445,190.07988,-15.690902
7.479397,117.82818,5.04227,8.29931,116.993866,10.069665,12.249349,119.92517,5.4170785,6.186089,117.662384,-9.641327,17.303013,126.226135,-1.0706067,-15.515855,116.294785,9.114722,7.135475,127.9476,-22.037943,-0.23689675,125.99477,-10.331186,-4.7383947,107.04546,-8.0517435,-4.971729,101.485695,-5.841558,-14.113694,81.51059,-5.374565,-27.09239,160.34431,4.420557,-19.948153,158.14436,31.134478,-1.0695606,185.8698,19.513647,-1.4655781,183.25497,10.604086,5.5868645,187.74841,-17.597542,24.912756,191.06068,-15.370033
7.3161936,118.05991,4.612917,8.34896,116.92628,9.5412445,12.202355,119.8948,4.8355484,6.00091,117.753845,-10.057061,16.948347,126.57698,-1.5844554,-14.874233,116.88673,6.8641295,10.207816,132.3836,-24.583405,0.62190163,127.984604,-11.518348,-0.36093116,111.49259,-10.6200285,-4.580565,104.08856,-6.1088185,-8.31163,86.990265,-4.7873073,-27.157623,160.72484,5.1926174,-20.835108,157.8114,30.185797,-8.11971,190.3869,22.57725,1.4848399,183.60774,14.113174,-2.9432693,191.09941,-14.502285,24.051746,192.86913,-14.16097
7.959092,118.4797,4.7092495,9.063016,116.91026,9.498115,12.870711,120.248184,4.9942546,6.4796615,117.71037,-9.91301,17.998608,126.27929,-1.821504,-13.101669,118.04312,5.642264,11.0571575,133.45271,-26.412363,2.6102264,130.77728,-12.850643,2.2645974,111.01286,-13.014658,-4.6301994,106.81328,-9.699266,-7.9297414,86.53424,-8.5075655,-26.825708,162.14345,6.2192483,-20.482145,158.62643,28.582722,-17.320284,194.88637,25.685944,4.664628,185.93512,19.487944,-7.3259006,196.82724,-10.129553,22.64795,188.33266,-12.471175
8.912981,118.662224,4.732243,10.040101,116.84302,9.430001,13.837161,120.37438,5.080235,7.279849,117.74428,-9.868118,18.890305,126.38569,-2.0406234,-12.495384,117.79533,5.015202,9.539151,132.96983,-28.803751,3.5668895,130.4608,-13.143195,5.1573496,111.3735,-14.575326,-3.9486132,105.984215,-9.931047,-6.886256,86.975655,-10.372132,-25.979563,164.82875,7.220237,-19.750427,159.87582,26.526009,-25.798878,198.17647,28.110542,6.834177,186.68068,21.430393,-11.845717,199.39839,-7.109937,22.646875,187.16125,-11.700732
9.852749,118.914795,4.615508,11.260728,116.9823,9.180474,14.664241,120.93504,4.8460307,8.053012,117.70724,-9.85343,19.61216,126.64136,-2.4581995,-12.391673,117.10321,4.9266887,10.494941,131.8708,-27.798252,3.9955218,129.57043,-12.363677,4.555171,109.1398,-13.8517475,-3.9548385,106.424736,-11.172102,-7.367078,85.56862,-11.040289,-25.1294,166.72966,7.6315084,-19.513826,160.94817,25.007498,-29.714054,199.25089,29.890917,8.216408,185.5318,19.952238,-16.512741,200.80112,-5.737007,23.878681,188.26251,-11.776159
10.795603,119.25341,4.577023,12.110115,117.16994,9.106545,15.722104,120.98284,4.8170877,7.574144,118.437965,-9.710227,20.895197,125.74692,-3.235266,-12.609728,116.37271,4.170211,9.730915,129.16081,-26.888609,3.5199223,129.07085,-12.003871,3.9792085,106.361496,-12.815759,-3.350557,105.32847,-10.511332,-8.019239,81.66237,-10.041591,-24.280476,167.32758,7.30573,-18.602516,162.50322,23.914495,-31.9067,199.0734,30.8687,10.437788,187.3007,19.07809,-22.076647,201.89284,-5.365277,26.080868,197.03555,-13.265952
11.365809,119.33026,5.215013,12.535786,117.290764,9.800567,16.394958,120.712875,5.392866,6.608592,119.089386,-8.629313,20.998486,125.443146,-3.4296992,-10.893027,117.30723,3.1480916,11.402967,129.40044,-25.402159,5.120736,132.44254,-13.459084,4.196122,106.11043,-11.846996,-3.1306717,108.94194,-11.7105,-8.293358,80.92897,-10.452383,-22.947224,167.34802,8.109958,-18.20719,164.05771,23.16706,-33.426483,198.52348,31.520628,11.291641,188.58508,18.15348,-29.903524,202.17314,-5.298322,26.886381,198.392,-14.279209
11.623985,119.36865,5.5099683,12.647476,117.53998,10.220109,16.634169,120.81179,5.825358,6.3068366,119.32329,-8.141137,21.062128,125.22688,-3.508798,-10.634926,117.15545,3.1844094,11.551749,129.79565,-24.889923,5.0922947,132.35132,-13.827025,4.6707397,106.791214,-10.866189,-3.3280725,108.88882,-11.61652,-7.224934,81.09468,-9.511993,-22.492735,167.18523,8.256102,-18.498629,165.02856,22.248373,-33.989346,198.25,31.696968,11.310235,189.4678,16.553345,-30.529932,202.6062,-5.0077195,25.798962,202.42216,-16.125326
12.001844,119.17409,5.6695943,12.906531,117.461876,10.44855,16.930138,120.841934,6.17102,6.617621,119.36086,-7.955264,21.538088,124.91686,-3.3412638,-11.481015,116.649414,4.7346797,10.13792,129.73325,-24.946953,3.9802365,129.34067,-13.691442,4.7017646,107.331436,-10.0466795,-3.6413162,106.585686,-9.771663,-7.1685624,81.56473,-9.187422,-22.504192,166.37589,7.5585027,-19.383532,165.95627,21.00918,-34.09801,197.56322,31.235498,10.858175,189.97514,15.296113,-24.070656,203.75748,-4.235438,22.674965,201.70583,-18.947014
12.187481,118.83087,5.270983,12.829958,117.4062,10.189477,16.885914,120.96414,6.0739403,7.1888695,118.926445,-8.54069,21.44554,125.42148,-3.4595797,-12.773319,116.065186,6.032412,9.561483,129.90236,-25.267904,4.5464244,127.28566,-10.76636,4.734999,108.01287,-10.2501335,-3.3765264,103.4131,-6.624483,-7.3540015,82.64217,-10.442157,-22.353096,165.9208,7.479898,-21.517157,167.00005,19.49716,-33.838676,196.82259,30.259243,9.330193,190.2919,13.974175,-20.157007,204.23303,-3.9560728,22.658924,201.14119,-19.469908
12.600977,118.31951,4.756191,13.2189455,117.34631,9.78176,16.88925,121.18389,5.567813,7.0811396,118.83102,-8.807937,21.16274,125.8679,-3.8413804,-15.195787,114.32125,5.3093505,11.443859,131.29387,-24.683043,5.129524,125.54511,-6.9480276,5.293595,108.38261,-11.183614,-3.9958146,102.4642,-4.0828295,-7.3844695,83.34983,-11.179947,-22.815556,165.43019,7.180822,-23.716263,167.96727,18.387617,-35.088,196.06145,28.48619,6.8562694,190.90096,11.934646,-17.68565,204.28888,-3.7007658,26.205242,199.98117,-16.976847
12.222905,118.44941,4.3758507,13.178106,116.70246,9.138156,16.902847,120.65329,5.0980706,7.3107376,118.80275,-9.468689,21.107975,125.98322,-3.945457,-18.467432,112.398964,2.9281604,14.812783,133.35445,-23.507761,4.3291283,123.94407,-2.4976544,6.6032844,108.658966,-12.697794,-5.045015,100.59907,-0.62847877,-8.044971,84.01424,-11.653942,-22.732956,166.73424,7.55097,-24.95314,167.92845,17.106468,-35.404285,197.53674,30.053896,5.9465957,189.121,8.390674,-16.258957,203.89009,-3.1002378,28.492395,200.1754,-17.142233
11.848551,118.02446,3.8322263,12.798661,116.101,8.523614,16.582249,120.10036,4.584461,7.2485294,118.70359,-10.097465,20.806654,125.90347,-4.1102104,-20.81477,111.75273,-0.5682122,16.890308,135.6053,-23.15572,2.721981,121.40503,4.066763,8.590873,110.562164,-15.532291,-7.7385936,96.47739,4.0548286,-7.7125893,86.43446,-11.842937,-21.445568,166.40697,6.216098,-25.507343,167.37943,15.583461,-34.310036,196.86694,28.613176,5.8028703,190.06989,9.727979,-14.579036,203.58351,-3.7714596,28.817259,201.2471,-16.12431
12.475044,117.41814,3.426718,13.6869,115.81348,8.178191,16.88362,120.144356,4.0819793,6.9708915,119.00108,-10.10975,20.777122,126.043495,-4.4202237,-22.634258,111.403725,-2.4415386,18.084267,136.16234,-21.972763,-0.22170009,116.555626,9.935795,8.94511,111.09639,-15.967477,-9.352872,92.67749,6.3053384,-7.8795295,87.58813,-12.134213,-20.229969,166.13802,5.039493,-26.118616,166.88249,14.518423,-32.792187,196.56735,26.721462,3.8982403,190.59518,7.957514,-11.957553,203.01541,-4.579873,29.46549,200.75548,-14.539077
12.701429,117.04063,3.5158737,14.108842,115.50457,8.235061,16.926252,120.05998,4.1035666,6.4866467,119.187675,-9.6297,20.5057,126.09423,-4.305764,-23.156157,111.85292,-1.2173052,17.334345,135.11984,-19.591047,0.58451194,116.90321,7.664407,7.2757196,109.44345,-13.568099,-9.9147835,94.28959,6.5176244,-8.3844385,85.45008,-11.327144,-20.456083,164.84242,4.3604383,-26.987562,166.62006,14.111128,-30.2766,196.24248,25.794788,2.3788025,189.40631,4.4954987,-9.011273,202.49503,-5.1164737,29.884647,203.75372,-14.042854
12.375523,116.67972,3.6034365,13.898791,115.06171,8.256752,16.507515,119.81884,4.1972594,5.47383,119.25697,-9.066339,19.870737,125.90315,-4.2964487,-23.954834,112.194954,2.7740417,17.027182,135.42781,-17.519808,1.1895283,118.36716,3.81782,6.424529,110.52707,-10.495592,-10.375785,96.83509,6.1876955,-8.34601,85.66828,-11.355964,-20.954563,162.95343,3.2294853,-27.685701,165.91312,13.586592,-26.128487,195.49875,24.80179,0.9857913,188.84123,2.5506477,-5.932998,201.40419,-6.0503697,29.624952,202.76741,-14.221001
11.286154,116.58803,3.910458,12.516742,114.819275,8.606017,15.603111,119.4179,4.7213063,4.379068,119.30545,-8.807941,18.894566,125.628395,-4.1289754,-22.85899,113.815544,7.046074,16.084133,135.6487,-15.296144,0.7193487,119.18153,-0.7411051,4.84723,110.421974,-7.935312,-11.273678,97.86275,5.00595,-10.853767,84.380424,-11.161301,-22.625538,161.14056,2.0939472,-28.853039,165.3785,12.974143,-18.298971,194.2142,23.380331,-0.38767207,188.2267,1.3858211,2.106749,201.77396,-7.0412803,28.714552,202.30138,-14.011991
9.503467,117.03187,4.3256674,10.021462,115.1587,9.111368,14.233886,118.962326,5.418247,2.7418833,119.3134,-8.496396,17.463043,125.43667,-4.0717235,-20.821096,114.854225,10.260216,15.304378,136.42104,-12.647336,-0.42250285,121.98163,-5.0207787,3.356321,111.36917,-5.9180613,-11.853797,100.52729,3.5993578,-11.611943,85.0383,-11.029441,-23.731327,160.32324,1.7512552,-30.368168,164.2412,12.547615,-10.798922,192.12003,20.275534,-1.6293423,186.98695,0.8160446,11.086765,201.77333,-7.734577,27.525894,202.05301,-13.186992
8.574706,117.06721,5.1378016,8.724385,115.49977,10.065255,13.163099,119.16742,6.5039253,1.0682448,119.01937,-7.3516083,15.617641,125.89773,-3.7206721,-17.931087,115.4626,11.233604,15.282862,138.00089,-9.374305,-0.79898924,124.51583,-7.365294,4.3407426,113.28477,-12.025297,-12.038362,102.765175,2.5595407,-10.36098,87.46434,-11.302979,-24.720047,160.09134,2.2974262,-31.710817,163.0905,12.592479,-9.211569,191.78256,18.644625,-1.5662075,183.91006,0.70811933,15.040512,200.8269,-7.0318832,26.525867,201.9284,-11.570738
8.182371,116.39067,5.4974546,7.860496,115.34133,10.546986,12.386089,119.02248,7.1215744,-0.2868011,118.69541,-6.2928963,14.247871,125.94893,-3.3215973,-16.866058,115.31454,10.701497,15.588895,138.71213,-6.3679047,-1.274293,125.44351,-8.383357,4.7451825,115.49912,-13.886925,-12.110665,102.468216,1.5785258,-8.374472,90.64173,-11.184363,-25.404448,159.78096,2.9365368,-32.771065,161.81018,12.266726,-9.144996,192.14377,16.39153,-1.6323227,179.90154,-1.6945862,19.097559,201.13716,-5.788221,25.756657,201.64354,-10.120978
7.7206163,116.30889,5.943365,8.06631,114.947266,10.910382,11.9245405,119.1173,7.2313833,-0.7710784,118.62032,-5.815952,13.783467,125.85423,-2.881007,-16.027567,115.70428,8.180736,15.445511,138.58473,-4.323049,-0.5291814,128.91428,-9.463542,3.8089037,116.30328,-13.55001,-11.497551,108.07889,1.3428677,-8.8945465,91.61325,-10.150358,-25.721725,158.36731,4.0158734,-33.64694,160.37737,11.758467,-9.441471,191.00871,13.349596,-1.2329377,176.3932,-2.48497,20.940779,200.78879,-4.8350654,26.072866,201.34503,-9.228717
7.1310015,116.70519,5.9527516,7.9692874,114.80298,10.671293,11.967132,118.54066,6.679417,-0.3558469,118.70776,-6.475517,14.701515,124.79085,-3.1248202,-15.4994335,116.05046,6.647532,15.312954,137.77402,-4.076788,-0.14640434,130.10158,-10.391091,1.2636672,115.37551,-10.9317465,-11.726952,109.28238,0.87975633,-11.668821,90.88624,-8.892387,-26.00128,159.55986,3.1146686,-33.21194,161.51617,12.676531,-7.1063204,191.82474,13.953338,-0.8753765,175.3315,-2.7573678,23.519218,200.82799,-4.50629,24.727602,200.97704,-9.419279
6.8230705,117.168846,6.0083747,7.785006,114.82551,10.496563,11.813278,118.617226,6.578848,-0.26958075,118.6578,-6.7026315,15.041767,124.14741,-3.3513205,-15.790112,115.93315,4.5166016,15.090868,137.50688,-3.5727096,-0.06940677,131.1052,-10.95409,0.5962021,115.96528,-11.0130625,-11.856012,110.45384,0.43926334,-11.364874,91.98134,-8.659933,-26.537647,160.64595,2.8178337,-33.031773,162.70116,13.805947,-6.732769,192.41049,14.228807,-0.8196226,177.20624,-1.4469534,24.534428,199.83116,-3.7180588,24.787178,201.12459,-9.47348
6.605898,117.197624,6.222949,7.87894,114.15324,10.160092,11.592141,118.69385,6.754561,-0.43373117,118.5468,-6.4469767,15.034282,123.79973,-3.17827,-16.186504,115.970085,3.5707247,14.533512,136.88089,-3.3391638,-0.2363632,132.01674,-11.110987,0.55603105,116.03045,-12.313287,-11.82566,111.92783,0.18579586,-12.077778,91.079666,-8.880059,-26.947487,160.72328,3.0323672,-33.073036,163.87238,15.188997,-6.244983,192.20868,14.187425,-0.80708843,175.20045,-2.4548712,26.381989,199.039,-2.4869213,25.249842,201.04202,-9.092376
6.8318133,118.28615,7.3709297,8.458522,113.451935,6.656561,11.812195,119.29545,6.1192617,0.09101266,118.16629,-5.7106113,15.318711,123.88392,-2.7387516,-16.383661,115.77929,3.5888422,13.545198,134.88782,-4.8691983,-0.4771688,131.3095,-11.068336,-0.8853476,111.55148,-10.241236,-12.319936,110.68255,0.22091758,-13.131365,86.70902,-8.0454445,-26.424725,160.80835,2.499967,-32.411686,165.0307,16.021587,-5.118504,191.93884,13.848904,-0.5055823,175.535,-1.995122,27.737022,199.02185,-2.1788843,23.8635,200.7796,-9.479387
7.186855,118.43151,7.7111454,8.109695,113.48677,6.5961137,11.931673,118.97688,5.5763383,0.31685618,117.81985,-5.3054614,15.215229,124.3875,-2.5781472,-17.619957,114.71214,3.7913017,13.464607,133.80382,-5.6834297,-1.4348211,129.93852,-10.327975,-1.2665243,110.59565,-8.24265,-12.587077,110.10238,0.32967064,-12.506151,86.11565,-8.150666,-26.105787,161.07227,2.3907697,-31.828453,165.56517,16.655928,-4.1567516,191.82849,13.602886,-0.10965425,171.47336,-3.9898932,28.814478,200.59135,-2.659413,22.575783,199.9645,-9.716517
7.5973964,118.68582,7.797496,8.280732,113.59276,7.4179025,12.300141,118.680435,5.4982095,0.56950706,117.7548,-5.121943,14.850526,125.5403,-2.533084,-16.962711,114.166405,5.0727563,13.487138,133.02837,-6.235585,-1.8050452,129.19926,-10.1332245,-0.55762595,109.52374,-10.578964,-12.888736,109.12614,0.086472034,-13.478668,85.44325,-8.528719,-26.016064,161.17453,2.6926093,-31.000065,165.50339,17.458273,-4.0494413,191.51448,14.520277,0.35943478,169.42117,-4.4181676,27.480427,200.45059,-3.4185557,21.833054,199.3248,-9.575754
7.833002,118.857025,7.8360214,8.573122,113.77923,8.384604,12.68417,118.55967,5.8940296,1.0707978,117.703476,-5.192229,14.549024,126.55899,-2.2657838,-16.958977,114.316025,5.7586765,13.919963,133.24364,-6.4325247,-1.9120256,128.68784,-10.138768,1.0227029,110.17035,-12.724568,-13.275187,107.67957,-0.93211025,-12.4899645,85.48415,-8.747583,-25.93713,160.6878,3.2691214,-30.145006,165.44441,18.380964,-4.113109,189.9188,15.977521,0.6645578,168.31639,-4.432263,22.99202,200.72324,-5.44417,21.52204,198.8947,-9.190938
7.9877253,118.62248,7.4264054,8.984691,113.82058,9.205425,13.095871,118.355934,6.2636905,0.89291745,117.65191,-5.437481,14.379594,126.692474,-2.5891984,-14.757803,115.19879,6.2882967,13.699211,132.17012,-7.1321154,-0.7760289,130.45409,-11.4235525,0.030876724,108.36358,-11.430139,-12.035184,108.90752,-5.2132664,-13.32715,84.554245,-8.370034,-25.100515,160.67741,3.9312928,-29.506945,165.33214,18.989695,-3.7194915,189.60567,19.892056,0.878758,167.74037,-4.2904406,17.262724,199.87312,-7.2213483,22.01075,197.33994,-8.889285
8.660505,118.12857,6.291917,9.697956,114.01413,9.437387,13.908693,118.30276,6.2230577,1.0858327,117.70447,-6.2801185,14.372145,127.11245,-3.3044882,-14.42861,114.26818,8.534155,14.018295,131.77672,-7.9654007,-2.0588675,128.15683,-10.80542,0.20003065,107.83354,-11.258524,-12.709337,106.55424,-6.039045,-12.460072,83.653015,-8.19592,-24.149446,160.89798,4.392611,-29.205935,165.48991,19.127203,-1.1171718,188.11745,22.124556,1.5326076,168.89183,-3.9227023,10.313146,198.88792,-9.292043,22.340225,198.98923,-9.067225
9.9903,116.45858,4.534473,9.921086,114.480095,9.288111,14.52351,118.424416,6.2414474,1.089986,118.156166,-6.990662,14.373323,127.52465,-3.5577383,-14.491759,113.40639,10.260225,14.772201,132.18697,-8.559475,-3.5256128,125.00018,-10.723158,0.63014424,108.21775,-11.602225,-14.630605,102.69504,-4.0690584,-12.258173,83.90111,-8.872746,-23.406782,160.9642,4.512933,-29.270374,165.62718,19.465141,2.1764722,185.46469,22.296877,1.7886662,171.419,-2.7219384,5.2913613,198.74811,-10.323481,23.026255,199.78735,-9.178724
11.572919,115.52539,3.6033967,9.960793,114.34982,8.377146,14.757032,118.65068,6.348055,1.4698243,118.23503,-6.749702,14.380692,128.00346,-3.0500708,-13.979123,113.595345,10.344778,15.713446,133.00534,-8.347447,-3.4744735,124.86395,-11.133941,1.6777045,109.990425,-12.100221,-13.946495,103.54431,-1.9880546,-10.869241,87.16067,-10.981843,-22.19961,161.10667,5.1900806,-29.741623,165.55472,20.41432,4.6553383,186.63106,21.203024,0.88200825,171.25726,-2.1919096,-4.366355,198.69069,-10.373975,23.507164,199.23373,-8.563636
12.024431,115.455925,3.5739489,9.733989,113.88513,7.9353814,14.769989,118.28984,7.020129,1.6850494,118.561806,-6.436054,14.50987,128.36183,-2.4143507,-12.936607,113.97954,8.623318,15.876374,132.80106,-8.217769,-2.8350499,126.30125,-13.050463,1.6166987,109.79832,-11.745223,-12.034903,106.529434,-3.450655,-11.069869,86.767334,-9.701945,-21.848442,160.9195,5.677968,-30.441679,165.2743,21.421446,7.7380443,185.3467,17.946499,-0.45827314,173.69832,0.22672825,-10.843241,199.00641,-9.389535,24.513618,198.07121,-8.019424
12.21677,115.88808,3.765848,10.442594,112.91683,7.5217004,15.044164,117.91359,7.663404,2.3250434,118.71288,-6.601164,15.079214,128.58217,-2.1428623,-12.303787,114.15198,8.391703,15.986099,131.88068,-8.570919,-1.3066869,127.91577,-11.76559,1.1886697,108.620636,-11.319174,-11.7047615,106.88246,-4.222275,-12.382222,85.148476,-8.708476,-21.677036,160.46999,5.6084366,-29.99508,165.03508,21.108889,8.462729,184.75594,13.474547,0.09816118,177.0143,1.1046574,-16.937159,198.20343,-7.3690896,25.463291,199.81299,-7.9396343
10.30277,116.09246,7.062978,11.742813,113.22306,3.0394688,15.42981,117.09696,7.2363563,3.0462317,117.89321,-5.6489162,15.687992,127.22941,-0.41888183,-11.853532,114.471,7.46666,15.861167,131.46178,-8.488925,-0.23019567,129.06429,-11.537367,1.0607408,108.25429,-10.580094,-11.32568,107.78223,-5.207843,-12.28064,85.12223,-7.5644403,-21.66052,159.98056,6.283272,-30.023132,164.33395,20.787682,9.572567,183.43102,9.785474,-0.7792616,177.10767,0.3710321,-19.815691,197.69824,-5.474205,25.264565,200.03117,-7.1122494
10.148492,115.414345,8.206983,10.611472,113.431885,3.459152,15.085161,116.84194,7.2526217,3.30184,117.515915,-4.682786,15.926105,126.48168,1.0496676,-12.034588,114.758026,5.351549,15.215831,130.94315,-8.393864,0.9955976,130.47256,-12.374665,0.29166803,107.11869,-9.620697,-11.1373,108.39241,-6.711248,-12.72572,82.999,-5.1909547,-21.739305,159.35252,7.7138104,-29.430532,164.04407,19.863186,10.699003,180.49547,5.7315755,0.9484111,171.72241,-1.8703349,-20.398598,197.59993,-4.1912622,24.242462,199.46162,-5.5927334
10.003818,115.13509,9.06749,9.769178,113.888565,4.0562816,14.748321,116.79348,7.6258564,3.577994,117.39684,-4.0342083,16.561357,125.56621,2.0296102,-12.181803,115.42035,5.074754,15.077201,130.91402,-8.531594,1.4807464,130.85287,-12.700003,-0.07192204,106.9831,-9.518857,-10.860118,108.73895,-7.576792,-13.881767,82.791275,-5.4741535,-21.79617,159.05115,7.9283347,-29.010551,163.95485,19.129692,10.408392,180.25627,4.066489,1.8151901,169.15604,-2.8521419,-19.583591,198.45775,-4.562922,23.943724,197.92232,-3.727836
9.704841,115.30129,9.312675,9.461529,113.7116,4.4009724,14.534104,116.62291,7.8268914,3.4490635,117.358215,-3.8437066,16.328823,125.78143,2.098035,-12.7007885,115.86999,5.129846,15.399383,131.95198,-8.62722,1.4384876,130.92105,-12.586617,0.18526268,108.61394,-9.63536,-10.951555,108.75548,-7.8947053,-13.233973,85.26582,-6.461915,-22.62062,159.05225,7.492806,-29.085655,163.8138,18.739029,11.02967,178.20502,3.6225913,2.1733708,169.16347,-2.7679918,-19.478054,197.88396,-3.3921547,24.366114,198.61064,-3.413175
9.461609,115.24679,9.465859,9.335388,113.481636,4.606533,14.35633,116.4084,8.0777025,3.3676221,117.23505,-3.78566,16.486921,125.32024,2.026358,-13.373768,116.14041,5.2018046,15.588919,132.59135,-8.98203,1.3124061,130.73369,-12.556158,0.17106155,110.01952,-9.528076,-11.116897,108.58154,-8.202786,-11.884694,86.23906,-6.8392787,-24.38568,159.46391,6.0051064,-29.220469,164.12787,18.37698,9.8900175,177.72968,3.9007618,2.1824365,170.77379,-2.032813,-18.313688,198.48781,-3.418149,26.142485,198.80614,-2.3161547
9.468943,115.42212,9.541932,9.555041,113.48194,4.7519884,14.339926,116.7816,8.204345,3.5856152,117.09662,-3.8604724,17.462322,124.108345,1.6625055,-15.312995,117.56361,5.5918145,15.19795,131.27028,-9.691481,1.1781181,130.12852,-12.340126,-0.50275826,108.051865,-10.209199,-11.019821,108.38962,-8.719015,-14.082005,84.31438,-7.634249,-24.6681,159.18636,4.8510957,-28.951391,164.97751,17.811014,9.495336,175.28532,4.1793237,3.2442975,176.98688,0.3105275,-19.4785,197.0417,-3.7985375,30.488024,199.81047,-0.6514655
9.888417,115.74072,9.153044,9.871212,113.59171,4.452541,14.839377,116.74813,7.7819047,4.02685,117.10485,-4.3042545,18.461609,123.30006,0.7663721,-18.735453,118.46697,5.8731766,15.133168,129.9196,-10.549968,0.22550766,126.52843,-11.725504,-0.77926624,106.53636,-10.441814,-12.198449,104.21698,-7.6806984,-14.533939,82.39744,-7.582605,-23.81272,158.86702,3.9135294,-28.055504,165.33228,17.139301,9.771411,177.1901,6.357223,3.602541,178.25632,-0.3767385,-19.405493,196.69565,-4.577116,31.700731,199.41634,1.8016082
10.12938,115.55406,8.087964,9.930948,113.01807,3.5894618,15.179359,115.8752,6.789971,4.0375924,117.59615,-5.1670156,18.921953,122.92213,-0.4176388,-23.780674,120.66732,4.7703266,15.257228,129.0302,-11.58392,-1.5971481,121.08518,-9.87967,-1.0418978,106.141754,-10.335124,-13.757701,98.96316,-6.33809,-15.193713,82.58277,-8.157112,-22.761312,159.11166,3.4108732,-26.669779,165.6073,16.322962,10.406943,179.50087,9.859271,4.8449864,179.68852,-0.6204669,-18.08445,196.82457,-5.639213,34.178284,198.30363,5.3074207
9.626483,115.172066,6.518422,9.486391,111.494026,2.9416673,14.762298,114.61761,5.896828,3.3658936,118.804214,-6.23307,18.507013,123.218025,-1.4255441,-27.184776,123.09671,2.624958,14.965927,128.04999,-12.832946,-4.1471214,115.79077,-8.391586,-1.4400913,105.53872,-9.432529,-15.743236,93.42853,-4.8793426,-16.232561,81.851006,-7.6744885,-21.55109,160.12485,3.0559864,-25.617474,166.26707,15.496588,11.263716,180.78168,11.149907,7.0797467,181.47894,0.23709987,-15.756889,197.59834,-7.091521,38.615772,201.3388,10.039572
11.060578,112.312584,1.7118725,7.4842243,110.493904,4.8419724,13.489291,113.40289,6.180692,2.9258664,121.08013,-6.4504476,18.766312,123.48589,-2.2831182,-28.304659,125.0762,-0.18594156,15.406349,128.44926,-14.584376,-7.7892547,109.87808,-7.7750373,0.17272,106.42163,-7.274861,-18.184816,86.76483,-3.0362353,-14.617285,83.383224,-6.460453,-21.066288,160.3915,3.3386934,-24.83275,166.69055,15.280627,12.356795,179.43365,11.753142,7.799672,182.47668,0.37390995,-14.776582,197.0159,-6.654294,40.109825,200.03041,11.223854
9.978372,114.47482,5.761619,6.4802694,111.493546,3.3924217,13.257428,111.297386,3.226202,2.252219,122.904816,-3.5455296,18.605947,121.64717,-3.2621946,-27.33845,126.026855,-4.493452,15.172879,127.7684,-18.147581,-13.283161,103.54882,-2.7320573,4.0531135,107.772896,-3.900164,-20.004725,80.49663,-2.0224872,-11.483452,85.263596,-3.8118646,-20.628315,160.96764,2.6466086,-24.295006,166.46657,14.487115,13.817907,178.18637,9.578785,7.5116105,181.75728,-1.3110923,-12.583893,197.51785,-7.7604294,38.487255,200.18327,11.894102
8.028423,112.61401,4.9775567,5.0635576,110.80973,1.125953,11.754484,110.408165,2.0314677,0.6805611,123.8619,-1.2669829,16.554665,120.06066,-3.8626313,-25.7671,125.09689,-7.8658524,14.3408575,129.03767,-17.929285,-18.981901,99.56553,-3.584493,12.0996065,112.71063,3.2318625,-22.999464,75.23967,-4.6421914,-4.9999743,89.81507,-0.3014967,-21.568956,160.39651,2.4981215,-24.406172,166.47394,14.377687,13.703042,175.17677,7.0873933,6.8419266,185.07614,0.2625741,-9.675747,199.33781,-8.297133,39.33219,200.8194,12.15745
6.778443,110.3432,3.544357,3.9123287,109.53993,-0.719386,10.583194,108.99462,0.1813223,-0.27069366,121.33377,-3.1480267,15.887596,118.17668,-4.276898,-22.891216,122.76716,-10.78643,14.091784,129.74124,-16.886126,-22.262022,96.46788,-3.7026503,17.547846,115.47514,5.9051137,-25.155071,72.20489,-5.817124,-0.2590563,92.46072,1.5450504,-21.622662,160.58884,2.107345,-24.76194,165.9364,14.716078,12.127505,178.15941,8.643628,7.3089075,185.49179,3.825878,-9.257725,200.92117,-9.032737,38.24278,202.0045,13.900604
4.489861,106.96498,1.6140207,1.271798,107.575356,-2.4345968,8.0512295,107.71646,-2.1498668,-1.5477924,116.32821,-7.856452,14.372909,115.93025,-3.9449685,-20.294186,120.96169,-13.357465,13.883879,129.43613,-15.748273,-24.529156,94.11636,-5.915303,24.025276,120.29593,7.2597427,-25.92539,70.131386,-8.203849,9.452433,97.93296,3.7647567,-21.059322,161.42119,2.841303,-25.496674,165.36218,15.687557,10.397265,183.52194,14.2608185,6.9906178,184.7539,6.474097,-10.692071,201.66544,-8.603379,36.60932,203.48666,16.311857
2.9744222,104.9291,-0.4034538,-0.80499667,106.38154,-3.757524,5.9586725,106.5725,-4.406074,-1.6657736,113.41215,-11.41265,13.085385,114.47501,-4.1781583,-19.490108,119.52389,-14.049095,14.720738,128.70813,-13.448356,-25.640049,93.01729,-6.9364624,26.57004,120.49822,8.641425,-27.19186,68.3865,-8.239132,17.206024,99.15531,-0.60711324,-20.721796,162.30177,3.2872846,-25.505335,164.69919,16.877277,10.066593,183.54973,14.479051,7.4177513,184.38109,11.539061,-12.697974,203.06526,-6.8253903,35.71827,205.67062,19.43931
2.3430114,102.82222,-3.714313,-1.468493,106.70626,-4.4678893,4.699935,105.92386,-7.344176,-1.3611156,111.82383,-14.770655,12.057607,113.341576,-5.317828,-19.888424,118.53692,-14.255376,14.640101,128.06857,-12.4001255,-26.048563,92.75405,-7.4455013,25.213676,117.06268,8.967043,-27.544832,68.250725,-8.723188,19.098967,95.80419,-3.065807,-20.348738,162.83438,3.2332823,-24.711514,164.6279,17.33749,9.462436,184.51233,16.28151,8.525408,185.58441,19.511621,-9.309354,206.18994,-7.0893855,34.63989,209.02303,23.263298
1.5363349,101.91179,-5.7960563,-2.488206,105.36294,-5.5833344,3.0912206,105.34339,-9.494297,-1.3491259,110.98334,-16.987513,11.414163,112.38318,-6.6440544,-19.596403,118.53641,-14.819703,14.12069,126.13194,-11.462452,-25.251099,93.03632,-7.4133234,22.615814,112.70107,9.615016,-26.880981,68.71185,-8.981119,19.485783,92.338554,-4.247212,-19.389956,162.35928,3.4226463,-23.851456,164.41168,17.406136,8.6125,185.18925,18.704342,9.491767,183.20206,23.585714,-4.155528,208.11755,-6.8245354,32.594482,210.26807,25.519747
1.9818318,101.08795,-7.5087967,-2.5055604,103.67223,-7.272205,2.631801,104.20713,-11.678622,-0.9082036,110.042984,-18.835257,11.499136,111.8556,-8.129834,-18.837006,118.645905,-15.547403,12.62624,123.625404,-11.161359,-23.933542,92.978935,-8.665338,20.362122,109.84079,10.013199,-26.010674,68.84023,-10.595103,18.598267,89.33734,-3.7114797,-17.954947,163.03418,3.3833058,-22.128149,164.51459,17.095457,9.796904,185.73274,21.03004,8.423696,182.91678,31.636261,-2.4083195,207.83717,-6.5790586,28.766405,210.99416,26.526194
2.084272,100.78275,-7.8499465,-2.7150888,102.59683,-8.264359,2.4472008,102.79649,-12.664523,-0.2032537,109.142136,-19.727884,11.803024,111.36433,-8.6395035,-18.072683,119.16797,-15.371852,11.860272,122.254585,-9.603184,-23.317421,93.24713,-8.749696,18.697302,105.115715,9.2376585,-24.64218,68.94787,-12.559512,18.210722,84.36791,-4.088218,-17.108122,163.83763,3.8512952,-20.233616,164.57187,17.684088,13.422356,183.3953,21.114376,7.3416853,182.09276,38.652073,-3.703643,204.8858,-7.2145414,24.129171,209.75903,24.193731
2.1726422,100.76755,-8.224712,-2.8459868,101.4155,-9.227248,2.4388855,101.02294,-13.448848,0.5547848,108.16643,-20.790945,12.197429,110.969,-9.403759,-16.96667,118.82289,-16.142673,11.209677,121.207535,-7.9725056,-23.95531,92.97637,-10.164229,15.527742,101.82637,9.27444,-23.676346,68.720085,-13.129596,16.987595,80.252495,-3.9288275,-16.813654,164.2645,4.3742137,-17.134872,164.97206,17.427174,15.881082,180.2666,22.213732,8.212052,180.69899,42.65504,-1.1096483,203.35796,-5.0236626,17.3206,208.72272,21.512407
1.6599698,100.371025,-8.6648035,-3.3635533,100.36839,-9.866426,2.1010163,99.889885,-13.858996,0.9224007,107.629906,-21.43756,12.02135,110.31684,-9.538389,-16.01084,119.16505,-16.963955,10.064843,119.95673,-5.4319596,-23.290169,93.1985,-10.428927,10.558868,97.31518,8.571877,-23.259903,68.5451,-12.223655,14.7064295,76.22239,-3.6533632,-16.373985,165.92926,6.9091406,-15.365672,164.8668,16.659248,18.191732,175.45091,24.910183,11.720945,176.64256,42.42866,2.4286168,197.82979,-2.5346305,13.287949,199.16516,15.123554
2.215513,99.89474,-8.715516,-2.8053968,99.29474,-9.776993,2.6159554,98.70864,-13.80101,2.0769687,107.07805,-21.540577,12.687701,109.74215,-9.18407,-16.391262,119.57869,-16.045038,9.410383,117.81462,-2.2409701,-20.323488,93.92713,-8.347799,2.4096694,93.80829,8.593208,-20.786066,69.69676,-10.620618,11.705637,73.92219,-2.718213,-14.739606,166.2515,9.233549,-13.895227,164.29976,15.35872,20.423088,172.79565,28.44964,16.288635,171.63052,38.864685,0.8470144,185.92612,-1.0099632,8.260481,172.0458,3.5009677
1.9756237,99.48605,-8.9973,-3.026083,98.68008,-10.028287,2.4145176,98.162056,-14.045601,2.2463417,106.91682,-21.670729,12.577258,109.189964,-9.005144,-17.891853,119.235794,-15.762848,8.292297,115.637764,0.361018,-18.44757,94.22076,-5.252636,-2.459717,94.563995,13.611263,-21.344645,70.02631,-9.524915,8.175915,76.65633,-1.3644246,-13.853421,166.37057,11.772638,-14.091145,163.53207,13.15121,22.22554,167.15544,29.724659,18.881245,161.57942,29.840965,4.302091,165.37958,-1.4825543,10.023605,138.31099,-1.3273149
2.4917831,98.58266,-9.044487,-2.577477,98.05218,-9.909259,2.6644328,97.52489,-14.17235,2.8220453,106.60476,-21.38441,12.898512,108.5462,-8.491775,-18.057722,118.90188,-15.229136,6.552213,112.92918,3.0725846,-18.58038,94.37392,-4.2810397,-8.294574,94.92002,18.01802,-20.307228,70.80564,-8.489421,4.8108735,92.24272,-0.23626271,-13.169345,166.06966,13.375067,-11.0999775,162.60466,12.570079,22.253502,159.6021,26.96706,19.963175,143.10173,20.1519,6.218257,138.99835,-0.83343196,11.411912,109.11947,-2.0831382
3.598718,98.028465,-9.294708,-1.4760998,98.389114,-10.23286,3.7466297,97.90796,-14.533127,3.6808941,106.385826,-21.413109,13.68192,108.25099,-8.436845,-17.393969,118.73981,-14.627145,4.5965323,110.78796,3.9123082,-21.48253,93.057396,-7.8720837,-13.042375,93.787895,18.563435,-18.667803,68.84316,-8.713055,-3.0061333,107.37165,3.598179,-10.133454,164.95227,14.628119,-6.185708,160.57436,12.066178,22.276688,145.13242,23.559769,19.449112,132.53249,16.65806,7.32378,117.80579,1.8865397,13.0338,94.41741,0.25034213
4.3034377,97.69229,-8.970062,-0.68013,98.662865,-9.975974,4.6173115,98.18962,-14.184204,4.399749,106.23617,-20.951443,14.30162,107.96839,-7.876396,-16.986897,118.24455,-13.67833,6.3669868,112.562546,2.1156056,-22.155005,92.2887,-9.127502,-12.534285,95.821556,13.345298,-17.794924,68.54249,-10.345234,-6.894977,118.081764,7.750575,-7.6049013,162.50648,16.25166,-2.0750523,157.1082,10.955863,20.356222,133.57965,23.258598,15.975367,120.24257,16.13857,5.258079,103.77725,5.1158166,11.147396,81.6987,0.17716028
3.5966513,97.45085,-9.127776,-1.2421012,98.883965,-10.273417,4.2160106,98.340294,-14.265769,3.929894,106.09926,-21.046667,13.70711,107.647484,-7.874652,-17.530794,117.664474,-13.275809,7.3973637,112.644714,1.6243838,-23.102068,91.81504,-9.705551,-11.391753,95.86641,11.874469,-15.432388,69.28289,-11.450241,-7.7658157,120.85155,9.640305,-7.015596,159.2206,16.82265,0.97120005,156.03503,10.291858,17.369343,126.19357,20.651308,16.28247,120.28267,18.217577,4.420301,92.09308,7.645275,11.590174,79.240845,0.25205624
