x0,y0,z0,x1,y1,z1,x2,y2,z2,x3,y3,z3,x4,y4,z4,x5,y5,z5,x6,y6,z6,x7,y7,z7,x8,y8,z8,x9,y9,z9,x10,y10,z10,x11,y11,z11,x12,y12,z12,x13,y13,z13,x14,y14,z14,x15,y15,z15,x16,y16,z16
-6.6767273,170.73763,26.00465,-3.6691732,174.72635,24.925936,-10.1962185,173.98149,24.017231,2.8375065,177.04956,16.858492,-13.443957,175.64734,14.453558,16.692888,165.29736,4.3793764,-16.444407,165.147,-3.0953805,30.062689,145.08856,-8.873933,-28.76755,143.43819,-15.265627,31.352768,122.69572,-1.7953458,-25.233921,123.34424,-2.8716388,15.81174,127.79168,-19.508078,-8.450326,128.32536,-24.134895,28.129957,99.300285,1.1783097,-23.745888,103.91012,-0.09489489,40.7655,72.572296,-21.031351,-29.024881,71.58334,-15.146408
-6.6915503,170.1955,26.027082,-3.7749367,174.30093,25.124325,-10.2721,173.43457,24.139418,2.7871976,176.746,16.961096,-13.483149,175.36768,14.564562,16.76611,165.09515,4.4388413,-16.392645,164.8933,-3.2001216,29.85446,144.7042,-8.779432,-28.50733,143.0624,-15.400425,30.997358,122.2595,-1.5948186,-25.068834,123.09225,-2.8046691,15.93493,127.65077,-19.832113,-8.406726,128.23155,-24.189337,28.1343,99.29944,1.0507287,-23.735683,104.026726,-0.194222,40.810123,72.56179,-21.089432,-28.951525,71.66646,-15.221482
-6.5942535,169.02536,25.95674,-3.8038678,173.26932,25.292496,-10.27729,172.2812,24.306784,2.7091532,175.94046,17.016401,-13.523656,174.44757,14.695497,16.739948,164.56691,4.3628125,-16.340471,164.39095,-3.055469,29.113098,143.54633,-8.731445,-27.605215,142.30025,-15.386906,29.766695,121.27073,-1.1565986,-24.534773,122.50979,-2.4402337,16.01089,127.54996,-20.465538,-8.265496,128.08318,-24.292555,28.20524,99.38862,0.64739627,-23.73311,104.23646,-0.31244892,41.055244,72.521065,-21.265644,-28.922134,71.65483,-15.1712885
-6.367769,168.18655,25.971613,-3.5337143,172.41348,25.45393,-10.020661,171.52548,24.420778,2.7925262,175.28972,17.045334,-13.471169,173.81175,14.937367,16.696886,164.23288,4.330478,-16.42617,164.08632,-2.8183587,28.011736,142.67746,-8.693032,-26.698256,141.62207,-15.238973,28.213081,120.65612,-0.5821518,-23.657656,122.11646,-1.9804244,15.965994,127.77882,-21.130465,-8.29293,128.3397,-24.686237,28.229374,99.74128,0.071785696,-23.604107,104.33932,-0.6841964,41.18671,72.569786,-21.355005,-29.023876,71.58381,-15.062445
-6.1097665,167.8545,26.282158,-3.2964914,172.09567,25.741426,-9.77694,171.16618,24.71563,2.9490783,175.06851,17.267628,-13.3154545,173.66179,15.390974,16.680847,164.13995,4.1723466,-16.677633,163.98792,-2.7282164,27.264196,142.2076,-8.719291,-25.811495,141.0157,-15.337669,26.239908,120.5553,-0.060236745,-22.472012,121.8648,-1.6521792,15.731576,128.29842,-21.627474,-8.422881,128.82204,-25.028048,28.399729,100.25985,-0.6404363,-23.476967,104.47988,-1.2021172,41.247643,72.55903,-21.635033,-29.153343,71.5236,-14.939464
-5.815256,167.7031,26.446213,-3.01564,171.94855,25.959019,-9.502882,171.01045,24.931492,3.0863035,175.15279,17.492455,-13.173357,173.45778,15.646166,16.854082,164.3523,4.23413,-16.794386,164.31923,-2.6136544,26.519196,141.94443,-8.822854,-25.027647,140.94945,-15.195001,24.130625,120.62129,0.36959723,-21.020044,121.98693,-1.471347,15.43361,129.00253,-22.058603,-8.61479,129.55566,-25.324863,28.654871,100.96896,-1.3927225,-23.303116,104.900604,-1.702036,41.037292,72.73091,-21.703547,-29.448858,71.71505,-14.794443
-5.4883356,167.67763,26.565367,-2.5920522,171.87762,26.19348,-9.099996,171.11543,25.145586,3.4769943,175.26808,17.833889,-12.865635,174.06839,16.116821,16.757706,164.66154,4.0987062,-16.846466,164.8886,-2.3014376,25.668955,142.00337,-9.022637,-24.326462,141.26445,-14.653294,22.235748,120.95064,0.4245102,-19.550991,122.27308,-1.2072052,15.139,130.17615,-22.572538,-8.837767,130.68903,-25.420319,28.654392,102.02927,-2.0535939,-23.08283,105.14875,-2.4164317,40.667934,72.86666,-21.806202,-29.910196,71.68818,-14.924702
-5.0135627,167.82849,26.740503,-2.1137524,172.04053,26.596722,-8.623139,171.34294,25.514652,3.9826484,175.7029,18.318226,-12.375784,174.64087,16.572412,16.671051,165.52327,4.1500125,-16.926395,165.83865,-2.0628767,24.848402,142.71329,-9.128701,-23.753052,141.8728,-14.131062,20.353241,121.84053,0.27671137,-17.975338,122.91699,-1.2289995,14.8765545,131.51945,-22.895214,-9.086024,131.89767,-25.406826,28.509445,103.00554,-2.9857779,-22.922213,105.283455,-3.3066008,40.201675,73.16404,-21.937025,-30.653759,71.71697,-15.086156
-4.4561796,168.30026,27.205853,-1.5616014,172.51247,27.072231,-8.072577,171.8113,25.995924,4.4380803,176.29453,18.721258,-11.893436,174.9987,16.944592,16.996006,166.50157,4.1048436,-16.987488,166.87985,-1.6259743,23.981928,143.32065,-9.276725,-23.166296,142.75581,-13.494948,17.9431,122.592064,-0.055538636,-16.35604,123.34325,-1.7281332,14.679459,132.89696,-23.221434,-9.418627,133.19827,-25.39186,28.639965,104.02751,-3.7654853,-22.933374,105.4506,-4.3742113,39.668644,73.45195,-21.914927,-31.50156,71.81723,-15.195466
-3.9015353,168.67473,27.410608,-1.0214108,172.90224,27.503883,-7.555536,172.24384,26.528894,4.940204,176.89021,19.155306,-11.438538,175.68306,17.526676,17.293653,167.31679,4.0651064,-17.027298,167.881,-0.97864825,23.134903,144.04518,-9.428872,-22.536545,143.41478,-12.631834,15.506021,123.61687,-0.43049785,-14.380786,123.52368,-2.4199705,14.280372,134.2927,-23.558756,-9.795598,134.62369,-25.484594,28.518564,104.96802,-4.6460953,-22.879154,105.69413,-5.504634,39.205776,73.89294,-21.834185,-32.34309,71.824036,-15.272388
-3.2053654,169.33305,27.901503,-0.38958344,173.59734,27.914354,-6.8968377,172.82867,26.8797,5.498036,177.59512,19.510529,-10.879723,176.51247,18.135511,17.482565,168.38881,4.0321198,-17.034554,168.86887,-0.41882533,22.324018,145.08875,-9.557273,-22.194263,144.17564,-11.8617735,13.2862215,125.27746,-0.774475,-12.650608,124.1485,-2.98862,14.060614,135.69716,-23.91436,-10.299206,135.82076,-25.635668,28.417683,106.15801,-5.5085735,-22.961401,106.03258,-6.7843733,38.608543,74.3297,-21.626915,-33.16614,72.018456,-15.302859
-2.6634643,170.06442,28.303797,0.2392947,174.26497,28.258,-6.281006,173.58354,27.157845,6.023725,178.28503,19.832325,-10.349001,177.20026,18.501696,17.76818,169.46634,3.791608,-16.962694,169.62698,0.06370761,21.589956,145.99411,-9.731791,-22.072615,144.81578,-11.075871,11.070112,126.898766,-1.161054,-10.692048,125.27523,-3.4847286,13.768832,137.00845,-24.333025,-10.745633,136.86195,-25.659533,28.336123,107.49351,-6.034756,-22.985336,106.21776,-7.8336263,37.829914,75.0184,-21.320625,-33.87434,72.23601,-15.273969
-2.0795245,170.6105,28.571768,0.8344832,174.80466,28.620228,-5.677386,174.18506,27.498098,6.679021,178.84782,20.166105,-9.715435,177.92812,18.90639,18.093876,170.4997,3.4283314,-16.87865,170.32106,0.7389872,20.733511,146.74437,-9.847056,-21.883282,145.4535,-10.561901,8.651444,128.361,-1.369654,-9.215403,126.41662,-3.8302548,13.409312,138.186,-24.75254,-11.040314,138.0183,-25.938034,28.22845,108.758156,-6.524918,-22.926537,106.68565,-8.894278,37.2439,75.71868,-21.023008,-34.457466,72.51304,-15.188259
-1.4991479,171.1243,28.887737,1.6090586,175.17476,28.744368,-4.963364,174.8384,27.864542,7.3491225,179.23549,20.459301,-9.065529,178.46733,19.199373,18.530972,171.30101,2.930701,-16.881418,170.67613,1.5589828,19.897806,147.3401,-10.046951,-21.97195,146.101,-10.298245,6.476645,129.82391,-1.581111,-8.265391,127.750824,-4.2260633,13.118204,139.2275,-25.320715,-11.408676,139.13252,-25.975327,28.07771,109.667885,-7.0664344,-22.790453,107.30113,-9.609152,36.64705,76.34104,-20.475567,-34.860638,72.8523,-15.045439
-0.83261955,171.38112,28.891441,2.3122253,175.40427,28.864061,-4.2918854,175.17776,28.210274,8.070951,179.58559,20.596949,-8.374493,178.99112,19.437849,18.685781,172.05368,2.4438114,-16.838228,171.08998,2.4092712,19.222652,147.91576,-10.24965,-22.1367,146.94792,-9.960753,4.555635,131.25009,-2.0689085,-7.578431,129.3282,-4.285044,12.756965,140.24307,-25.802538,-11.622643,139.81413,-25.95923,27.660553,110.68053,-7.5986843,-22.707767,107.65966,-9.947613,36.23697,76.835915,-19.968687,-35.118965,73.08434,-15.012548
-0.11320667,171.55461,29.137001,3.0829554,175.53404,28.952404,-3.5252173,175.3796,28.358765,8.654114,179.67522,20.65963,-7.8037343,179.1049,19.670238,18.623064,172.61987,2.1040757,-16.405415,171.22284,3.2651613,18.458055,148.4919,-10.590979,-22.106813,147.47182,-9.340129,3.0080047,132.43561,-2.5487814,-6.7198606,130.15842,-4.452917,12.234743,140.90561,-26.249083,-12.035334,140.33873,-26.037731,27.118568,111.201996,-8.099455,-22.78503,107.853645,-10.111737,35.787487,76.94536,-19.641777,-35.47238,73.13955,-15.074685
0.69469786,171.66649,29.1466,3.865581,175.66599,29.095243,-2.757269,175.49588,28.618538,9.321511,179.95508,20.476774,-7.1503086,179.10205,19.749546,18.59838,173.03333,1.7900165,-16.112795,171.10709,4.21095,17.701984,149.00845,-10.772554,-21.814463,147.56927,-8.919259,1.4610476,133.71187,-2.7369971,-5.8538294,130.61058,-4.518563,11.663647,140.97443,-26.540142,-12.604273,140.42833,-25.93548,26.541859,111.15744,-8.482068,-22.989182,107.8007,-10.1791525,35.59822,76.89719,-19.481668,-36.16481,73.13454,-15.521784
1.3766276,171.44827,29.145359,4.624669,175.37839,29.023684,-2.0046914,175.36028,28.763142,9.8989935,179.69736,20.39435,-6.579488,178.95508,19.895376,18.623516,173.05786,1.4608439,-15.82591,170.59433,5.118882,16.935598,149.0492,-11.0758095,-21.65405,147.28003,-8.36632,0.05746467,134.66959,-3.1500297,-5.162176,130.64665,-4.9895244,11.065419,140.83374,-26.768179,-13.028569,140.21193,-25.537357,25.959417,111.11001,-8.827852,-23.149792,107.57233,-9.700629,35.52947,76.78376,-19.575958,-36.6665,73.31111,-15.809977
2.148057,171.26053,29.199139,5.3642993,175.20987,28.965523,-1.2728928,175.13507,28.817003,10.683917,179.35095,20.347416,-5.7821274,178.6678,19.872044,18.57241,172.7968,1.0644363,-15.629758,169.77374,5.902599,16.34429,149.03682,-11.485326,-21.44292,146.58325,-7.775039,-0.97359073,135.03998,-3.542446,-4.405356,130.63599,-5.309985,10.246024,140.35596,-27.214277,-13.646972,139.7626,-25.05683,25.29571,110.71928,-9.088332,-23.371836,107.15111,-8.747461,35.38178,76.57038,-19.751915,-37.511032,73.3618,-16.19655
2.9849455,170.80173,29.289377,6.1955695,174.7554,28.999353,-0.44261086,174.67288,28.974112,11.278409,178.76727,20.133364,-5.1754,178.02336,19.98749,18.337427,172.29587,0.44560638,-15.439373,168.60991,6.827839,15.617087,148.50235,-12.115962,-21.108166,145.36209,-6.91477,-2.2222786,135.08429,-4.0771093,-3.4482667,130.30951,-5.2934394,9.7792425,139.51477,-27.90996,-14.162316,138.82718,-24.481874,24.825888,109.97729,-9.417321,-23.97453,106.49217,-7.562983,35.41399,75.88177,-20.389935,-38.459618,73.17101,-16.493786
3.7356534,170.07239,29.292902,6.992469,173.99648,29.07559,0.35768333,173.99431,29.0132,11.9497,177.93318,19.96393,-4.5234175,177.32426,20.10048,18.318033,171.4842,-0.32230502,-14.987616,167.3161,7.4525557,14.955247,147.34688,-12.6319685,-20.980814,143.9421,-6.055589,-3.4180348,134.68506,-4.4996743,-2.7234719,129.55305,-5.466833,9.202613,138.45525,-28.250406,-14.519079,137.75693,-24.083782,24.398882,108.71765,-9.897518,-24.434414,105.918976,-6.3147697,35.22343,74.848274,-20.88345,-39.546867,72.932335,-16.492361
4.41949,169.25766,29.298767,7.8011665,173.05609,28.832718,1.1743796,173.285,28.936207,12.543511,176.77156,19.61952,-3.9256847,176.47502,20.128387,18.246649,170.42781,-0.9708304,-14.738416,165.92853,7.856853,14.511609,146.18753,-12.949668,-20.797052,142.28429,-5.3740745,-4.1167088,133.70688,-4.995757,-2.1771574,128.26402,-5.6981587,8.615497,137.2896,-28.264685,-14.965245,136.48143,-23.601698,24.220346,107.48502,-10.070349,-24.933018,105.079636,-5.081859,34.634296,73.54298,-21.366209,-40.513664,72.8984,-16.299166
5.2655334,168.3299,29.218985,8.607802,172.13158,28.55431,1.97991,172.3129,28.769503,13.177974,175.69852,19.28062,-3.2628849,175.38483,20.108906,18.264872,169.15852,-1.6542805,-14.502089,164.09837,7.9753675,14.163165,144.73766,-13.308805,-20.41957,140.0916,-5.1145434,-4.4491096,132.15337,-5.408726,-1.9365236,126.41573,-6.048293,8.013566,135.88034,-28.228743,-15.414315,134.90436,-23.14794,24.202032,106.60096,-9.9101305,-25.367777,104.17255,-3.627202,33.210945,72.62629,-21.592033,-41.533527,72.857,-15.866994
6.066351,167.17657,28.900982,9.439174,170.95795,28.246588,2.8132863,171.18921,28.461422,13.719765,174.46552,18.737951,-2.7170799,174.13571,19.955673,18.128384,167.86617,-2.4727077,-14.292238,162.59244,8.226998,13.898002,143.40361,-13.903093,-20.234587,138.43369,-4.4037066,-4.2433324,130.63606,-5.493105,-1.8272336,124.367,-6.712757,7.6765747,134.6966,-28.228584,-15.867481,133.5385,-22.611853,23.940659,105.88054,-9.420882,-25.830242,103.341125,-2.2879636,31.7648,72.13274,-21.687693,-42.4348,72.855576,-15.30727
6.7865043,165.9861,28.475681,10.21722,169.7007,27.75006,3.605868,170.06436,28.0628,14.279083,173.09541,18.025385,-2.1132975,172.83513,19.546427,17.870539,166.58174,-3.1471584,-14.069547,161.21745,8.400846,13.794873,142.32806,-14.673926,-20.377913,136.83989,-3.9499457,-3.571907,128.70297,-5.7058477,-2.094728,122.63208,-6.9433966,7.035321,133.44504,-28.118786,-16.411423,132.30496,-22.057129,23.92685,105.60802,-8.635801,-26.30143,102.644966,-0.849453,30.672895,71.8776,-21.47941,-43.24891,72.8011,-14.700342
7.727561,164.9024,28.132645,10.98523,168.70421,27.115788,4.388399,168.85141,27.78386,14.664872,171.852,17.25297,-1.5984033,171.66383,19.581688,17.700972,165.30142,-3.663728,-13.826878,160.11914,8.443831,14.0133505,141.29669,-15.899271,-20.935211,136.00835,-3.7983158,-2.5578594,126.930046,-6.128278,-2.8485377,121.453255,-6.8704658,6.399092,132.24548,-27.86539,-17.119867,131.16344,-21.621115,24.138536,105.32841,-7.608147,-26.91712,102.108536,0.34766132,29.6597,71.82181,-21.14414,-43.873837,72.79138,-14.05959
8.501345,163.78983,27.685413,11.760353,167.54507,26.498543,5.1982665,167.77602,27.413393,15.0981865,170.747,16.615814,-1.1057311,170.63037,19.53097,17.463297,164.12157,-4.162297,-13.806651,159.37427,8.383038,14.031237,140.19461,-16.438566,-21.227005,135.20207,-3.680602,-1.8583213,125.38044,-6.308113,-3.487821,120.40489,-6.7518063,6.0149603,131.12234,-27.596037,-17.511723,130.08781,-21.394068,24.194052,105.19518,-6.591409,-27.683964,101.7324,1.2573904,28.808174,71.96741,-20.89084,-44.388653,72.619514,-13.570821
9.062074,162.77914,27.11556,12.309976,166.4769,25.731144,5.8322864,166.83717,27.07549,15.399658,169.84927,15.995642,-0.72645986,169.9556,19.529263,17.44031,163.39745,-4.702808,-13.672503,158.94528,8.476308,14.035408,139.10652,-16.573105,-21.444466,134.76717,-3.531014,-1.1368656,123.60736,-6.280878,-4.1025133,119.21525,-6.4589906,5.6848006,130.34554,-27.482119,-17.897005,129.41031,-20.982822,24.285938,105.07377,-6.0191207,-28.48223,101.66579,2.0381088,28.250338,71.99894,-20.613142,-44.83875,72.651695,-13.317518
9.471579,162.219,26.627342,12.698105,165.90594,25.160215,6.266103,166.29059,26.70293,15.755622,169.48526,15.605441,-0.31995437,169.72473,19.363192,17.411268,162.99213,-5.1188645,-13.683993,159.01408,8.386836,14.043235,138.36568,-16.324125,-21.810528,134.94232,-3.2930973,-0.5557138,122.28173,-6.0429664,-4.767966,118.89215,-5.8413353,5.5165424,129.91289,-27.531534,-18.13555,129.25479,-20.711184,24.53328,105.23855,-5.7211375,-29.284538,101.75159,2.4347725,28.175882,72.024445,-20.534643,-45.31337,72.587364,-13.161843
9.735318,162.12653,26.236187,12.987324,165.81587,24.839285,6.5794387,166.23093,26.468548,16.027205,169.65717,15.403402,0.021955589,170.04636,19.282948,17.514925,163.05232,-5.2737,-13.628821,159.41988,8.27953,13.849073,138.23155,-16.111572,-22.058044,135.47032,-3.175508,-0.21331833,121.58671,-5.9656773,-5.4118705,119.193214,-5.1192117,5.496902,129.84248,-27.457592,-18.305162,129.21739,-20.622963,24.927439,105.391045,-5.840982,-29.992128,101.995285,2.5585139,28.162643,72.15452,-20.443583,-45.69288,72.55345,-13.057624
9.789485,162.65265,26.077902,13.101195,166.33095,24.802927,6.671289,166.7811,26.345139,16.13183,170.18028,15.241832,0.14083098,170.59729,19.099905,17.554342,163.26167,-5.4150147,-13.735123,160.15752,8.141234,13.858347,138.29218,-15.984108,-22.22929,136.3588,-3.3076713,0.44146365,121.694405,-5.1588087,-5.8285275,119.80219,-4.5470996,5.5003204,130.04039,-27.359808,-18.372337,129.45064,-20.6701,25.150715,105.47049,-5.988185,-30.713818,102.343025,2.289588,28.530567,72.094345,-20.4567,-45.991287,72.558914,-13.111033
9.713876,163.45793,25.904625,13.063856,167.18132,24.899443,6.6096377,167.58119,26.355602,15.918002,171.18011,15.151978,-0.054766066,171.43254,19.048088,17.696379,163.84987,-5.4556274,-13.810278,161.10274,7.799471,14.272533,138.75412,-15.633759,-22.875986,137.57974,-3.6482973,0.9817826,122.14013,-4.692569,-6.5748343,121.03011,-3.4288971,5.824921,130.57397,-27.294945,-18.213465,130.13618,-20.737867,25.507792,105.67461,-6.3361664,-31.151093,102.93217,1.8608005,29.059948,72.24768,-20.426437,-45.968304,72.60723,-13.365441
9.444592,164.77095,25.963062,12.774913,168.4878,24.860048,6.3750978,168.9064,26.55918,15.512335,172.58098,15.200133,-0.4439185,172.62494,19.10335,17.749247,164.84793,-5.4211173,-13.851374,162.24648,7.486861,14.634369,139.56218,-15.288387,-23.071684,138.74492,-3.6538434,1.5754411,122.81047,-4.4016533,-6.9246917,121.95163,-2.9885445,6.078741,131.27347,-27.205822,-18.02621,130.88783,-20.708118,25.609608,105.91214,-6.751528,-31.552889,103.613625,1.3761214,29.630028,72.34351,-20.494892,-45.513603,72.634605,-13.63485
9.1305065,166.05254,26.00844,12.388618,169.85484,25.001415,5.934295,170.10094,26.450209,15.066611,173.95592,15.238769,-0.8232577,173.95093,19.305578,17.839754,165.86049,-5.2337728,-14.17747,163.56754,7.1269565,15.082898,140.27817,-14.639914,-23.237917,139.91447,-3.8550208,2.1883442,123.494446,-3.9365833,-7.2475996,122.92114,-2.5451996,6.5600204,132.45145,-27.037277,-17.685198,132.13797,-20.822142,25.47918,106.07502,-7.2021027,-31.680803,104.40665,0.46671197,30.233276,72.41554,-20.668545,-45.05126,72.78238,-13.65752
8.470974,167.60182,26.234253,11.773379,171.3936,25.339533,5.261793,171.64412,26.568895,14.849263,175.39764,15.596864,-1.200756,175.49419,19.14172,18.244005,167.08665,-4.7344093,-14.448197,165.09181,6.7478514,15.717336,141.40355,-14.079272,-23.407452,141.21323,-4.1996527,2.8834422,124.490234,-3.564412,-7.714404,123.91739,-2.4626286,6.7809067,133.4375,-26.971226,-17.430872,133.27058,-21.00735,25.29129,106.43367,-7.7266483,-31.882254,105.270775,-0.43421423,31.065962,72.507225,-20.678751,-44.25442,72.90985,-13.770552
7.7239285,169.30377,26.353662,10.947926,173.16351,25.452555,4.481234,173.30888,26.918388,14.498874,176.92407,15.852507,-1.630586,177.30092,18.97801,18.489788,168.2487,-4.0315866,-14.767502,166.7879,6.1633396,16.577532,142.46039,-13.340849,-23.507318,142.70023,-4.769109,3.424749,125.56762,-3.3150988,-8.228961,125.10942,-2.5038338,7.1603155,134.56691,-26.816334,-17.099438,134.46228,-21.26431,25.19683,106.86673,-8.104231,-31.719809,106.18761,-1.4146297,31.911274,72.834854,-20.454535,-43.458836,73.092545,-13.703946
6.995121,170.9802,26.599699,10.122048,174.9178,25.70793,3.681661,174.90663,27.28551,13.848988,178.6424,16.15621,-2.3114436,178.78108,19.021736,18.678078,169.60767,-3.213167,-15.07118,168.38266,5.8097415,17.579136,143.79909,-12.5407,-23.479939,144.64284,-5.6590114,4.2728357,126.53351,-3.3060465,-9.280405,126.22807,-2.6645968,7.612312,135.80574,-26.686485,-16.775204,135.81557,-21.681185,24.924416,107.16249,-8.43254,-31.18559,107.22218,-2.2068691,32.87519,73.19074,-20.43327,-42.48602,73.71399,-13.756956
6.1652484,172.625,26.950914,9.32825,176.52206,26.014793,2.8404107,176.57538,27.413738,13.203565,179.99419,16.37648,-3.0328727,180.28961,19.09129,18.984747,170.83893,-2.3550315,-15.403856,169.99292,5.4888086,18.68297,145.08304,-11.653373,-23.399073,146.38957,-6.45361,5.0845494,127.54206,-3.4583702,-10.565869,127.04932,-2.9829757,8.191152,136.93265,-26.61041,-16.3809,137.10182,-22.130625,25.027758,107.67677,-8.639566,-30.774054,108.05489,-2.9736526,33.87042,73.78177,-20.334703,-41.822445,74.28804,-13.743708
5.227054,174.04608,27.26093,8.498856,177.8646,26.350313,1.9647987,178.068,27.500628,12.473504,181.27263,16.754192,-3.8171532,181.49768,19.090578,19.261915,171.61636,-1.4329371,-16.003746,171.47522,4.792999,19.683504,146.00494,-10.97644,-23.337303,147.71956,-7.310704,5.6895165,128.49066,-3.4750917,-11.105898,127.98419,-3.2588584,8.8882475,137.70688,-26.267717,-15.941685,138.04207,-22.60783,25.381538,108.13364,-8.736813,-30.366364,108.891335,-3.7594764,34.864574,74.25718,-20.127432,-41.361362,74.870026,-13.796338
4.4647093,175.24281,27.495428,7.767895,179.01068,26.509195,1.1839268,179.24815,27.246248,11.882891,182.41144,17.061749,-4.480891,182.62213,19.177696,19.270342,172.35019,-0.44789782,-16.291937,172.76329,4.002504,20.551277,146.85213,-10.158312,-23.280201,149.06267,-8.158327,6.1558247,129.27608,-3.595991,-11.627097,128.93213,-3.872065,9.624776,138.41292,-25.643782,-15.418351,138.91881,-22.894966,25.558203,108.34955,-8.621642,-30.125751,109.756966,-4.302758,35.662987,74.60361,-19.942944,-40.898605,75.431854,-13.854136
3.4250875,176.21794,27.696815,6.7354136,179.95482,26.635519,0.1433002,180.21146,27.340593,11.140779,183.19193,17.349445,-5.2553,183.43494,18.971222,19.08714,172.88829,0.539987,-16.504772,173.6488,3.267824,21.64746,147.56702,-9.240545,-22.968637,150.10951,-9.142049,6.682278,130.147,-3.4607956,-11.855271,129.72737,-4.5047345,10.335012,138.97322,-24.958199,-14.81785,139.44354,-23.220564,26.00713,108.58429,-8.467199,-29.64821,110.34479,-4.6785746,36.36375,74.81671,-20.035109,-40.517307,75.913475,-14.093636
2.6369605,176.74371,27.760077,5.8829126,180.5947,26.924143,-0.71430427,180.7024,27.67026,10.570564,183.79501,17.593332,-5.8738537,183.98334,18.869137,18.976511,173.19913,1.5269108,-16.642597,174.2982,2.3899076,22.635847,147.9834,-8.239794,-22.978012,150.75246,-10.181676,7.1622944,130.85431,-3.1247733,-12.244001,130.21915,-5.2134423,10.922865,139.1184,-24.597527,-14.093008,139.79651,-23.563911,26.33865,108.76986,-8.267261,-29.356207,110.813354,-5.1224914,36.932182,75.10317,-20.206488,-40.156803,76.30474,-14.216405
1.8527082,177.27214,27.937967,4.997356,181.23688,27.250868,-1.6261932,181.10774,27.769342,9.729955,184.17917,17.644905,-6.733395,184.33307,18.89699,18.831516,173.18678,2.5053456,-16.865711,174.68599,1.5239489,23.45799,148.2032,-7.3945875,-22.762035,151.15707,-11.265482,7.5735135,131.28447,-2.8239615,-12.309834,130.71724,-5.6907964,11.612071,139.17224,-24.082743,-13.313751,139.80136,-23.825737,26.498047,108.55637,-7.7052603,-28.763853,110.966095,-5.272591,37.549908,75.548744,-20.995436,-39.72829,76.54932,-14.472773
0.8216104,177.4328,28.211624,3.9804957,181.37099,27.456171,-2.65253,181.25209,27.729824,9.021826,183.79604,17.868927,-7.439731,184.40392,18.8283,18.732395,172.82175,3.4534411,-17.078348,174.66345,0.66907424,24.215105,148.09868,-6.7387414,-22.406046,151.20763,-12.489045,7.932389,131.43434,-2.6010642,-12.154072,131.00798,-6.1780353,12.228242,138.66484,-23.698812,-12.7198715,139.40732,-24.130795,26.703293,108.27006,-6.65157,-28.15294,110.826324,-5.2191806,38.24005,76.13966,-21.733995,-39.27187,76.5453,-14.776124
-0.07110064,177.28609,28.363419,3.0174367,181.24048,27.40035,-3.605573,181.0326,27.826733,8.292504,183.5332,17.995985,-8.135188,184.04655,18.657394,18.616932,172.12685,4.285625,-17.179878,174.50359,-0.15856299,24.974403,147.59406,-5.8613825,-22.159122,150.89659,-13.3092375,8.249204,131.2627,-2.1189904,-12.107206,130.56522,-6.5821857,12.729517,137.99864,-23.169281,-12.116608,138.9087,-24.449263,26.869125,107.690155,-5.7311187,-27.5016,110.507744,-5.160679,38.730732,76.641075,-22.724718,-38.603577,76.25896,-15.264086
-1.0131077,176.88358,28.089117,2.1316357,180.81404,27.256922,-4.508561,180.65677,27.493767,7.5295696,183.0018,17.869877,-8.950114,183.56717,18.17889,18.35996,171.3935,5.1547217,-17.392563,173.91629,-0.9482372,25.761591,147.19055,-4.740836,-21.821169,150.30486,-14.112196,8.88168,130.87874,-1.7207323,-11.836012,130.04774,-7.155957,13.327254,137.18834,-22.403353,-11.383902,138.11826,-24.628157,26.952887,106.89415,-4.5387025,-27.008947,109.74334,-4.940464,38.920525,77.00548,-23.352024,-37.95073,75.58587,-15.502634
-1.9234184,176.09528,27.898912,1.2188948,180.05168,27.143986,-5.422514,179.8637,27.313555,6.767924,182.21143,17.821524,-9.728288,182.68692,17.80892,18.104761,170.58939,6.024329,-17.381807,173.19029,-1.6283475,26.358036,146.56181,-3.7958992,-21.53553,149.7652,-14.993895,9.457424,130.16302,-1.5404116,-11.614569,129.59393,-7.592933,14.065526,136.08759,-21.712692,-10.738127,136.99854,-24.879908,27.086327,105.86596,-3.166183,-26.54486,108.74199,-4.921743,38.971375,77.14043,-23.800158,-37.141155,74.59194,-15.979057
-2.9587433,175.11989,27.804396,0.13338509,179.12323,27.051994,-6.4942584,178.79352,26.90923,6.041302,181.14114,17.894398,-10.405224,181.57355,17.352915,18.083908,169.16368,6.9142337,-17.503077,172.16328,-2.261697,27.087067,145.60005,-2.9825835,-21.230093,148.75772,-15.888785,10.34985,129.20094,-1.3172444,-11.384451,128.87843,-7.763907,14.588188,134.6423,-20.954145,-9.935248,135.71994,-25.179678,27.09696,104.68105,-1.6163418,-26.345644,107.55209,-5.34507,38.93436,77.29896,-23.887493,-36.058285,73.496895,-16.73022
-3.9292989,174.01953,27.619308,-0.82369196,178.02576,26.912767,-7.4406557,177.65976,26.520397,5.206677,179.86093,17.7196,-11.251255,180.1169,16.880825,17.524548,167.80643,7.647459,-17.379835,170.71028,-2.7025433,27.27516,144.56824,-2.1976352,-20.691359,147.51624,-16.514359,10.664259,127.945305,-1.3320382,-11.087516,127.60788,-7.745627,15.209045,133.17671,-20.338457,-9.08892,134.44458,-25.649214,27.072008,103.368126,-0.2615431,-25.841215,106.41405,-5.7520785,39.062874,77.04948,-23.706596,-34.480824,72.38365,-17.100264
-4.8460674,172.78012,27.36922,-1.7895174,176.8116,26.608845,-8.385729,176.3303,26.068005,4.4719,178.54921,17.631609,-11.964209,178.74825,16.440922,17.203918,166.17392,8.133162,-17.170155,169.14526,-3.1251078,27.168243,142.88324,-1.69855,-20.284563,145.74411,-16.94965,10.296768,126.19595,-1.4321362,-10.305614,126.02208,-7.771617,15.878991,131.78838,-19.768976,-8.33415,133.06058,-25.883379,26.851837,102.03715,0.9323276,-25.239906,105.554306,-5.8153324,39.30572,76.61173,-23.279568,-32.857468,71.71444,-17.459774
-5.7992883,171.46667,27.072447,-2.684477,175.44524,26.26721,-9.276909,175.02327,25.632444,3.7682626,177.13246,17.513233,-12.636075,177.17264,15.829009,16.655073,164.72203,8.314187,-16.989223,167.3361,-3.4591396,26.971588,141.38766,-1.458831,-19.619974,143.7785,-17.22127,10.392684,124.48937,-1.3056476,-9.692501,124.428375,-7.392699,16.463404,130.26654,-19.505617,-7.5837965,131.82211,-26.089647,26.648762,100.87117,1.7279471,-24.601847,105.24184,-5.3663282,39.543316,76.27572,-23.030638,-31.558994,71.40444,-17.52666
-6.7877717,170.07034,26.626589,-3.7016618,174.08568,25.8777,-10.2743,173.59259,25.116325,3.0442033,175.7809,17.37818,-13.248558,175.57274,15.064581,16.285385,163.24779,8.291278,-16.624582,165.83803,-3.9136293,26.861744,139.9213,-1.3551781,-19.157871,142.02411,-17.323612,10.656666,122.634865,-1.2434525,-8.999128,123.251434,-6.770465,17.016756,129.03001,-19.18,-6.695995,130.75705,-25.870962,26.40353,99.59592,2.157956,-24.280281,105.062996,-4.591131,39.976067,75.799,-23.038273,-30.474205,71.58481,-17.225904
-7.784858,168.83408,26.091143,-4.694315,172.85635,25.415758,-11.225087,172.3169,24.409317,2.433462,174.56114,17.330315,-13.723574,174.39641,14.278222,16.05953,162.16835,8.269041,-16.424229,164.6713,-4.164668,26.420492,138.53534,-1.3695806,-18.617071,140.71304,-17.20231,10.864864,120.75631,-1.2928241,-8.732862,122.179375,-5.886527,17.575705,128.15422,-18.716711,-5.8707714,129.58401,-25.590296,26.452774,98.42092,2.3839478,-23.956564,104.79104,-3.8071795,40.65638,75.27261,-23.143509,-29.433876,71.54768,-17.004137
-8.610323,167.84055,25.717102,-5.5247064,171.88783,25.191994,-12.009256,171.31165,23.92583,1.9463682,173.71541,17.429476,-14.085775,173.40898,13.67569,15.831065,161.38075,8.121605,-16.147957,163.80002,-4.4142766,25.48844,137.22804,-1.5366975,-18.15852,139.61578,-16.928112,10.64385,118.98334,-1.2617476,-8.284149,121.43135,-5.0275273,17.914503,127.4592,-18.473936,-5.3221416,128.9131,-25.304495,27.008207,97.40978,2.211924,-23.560514,104.52812,-3.1445277,41.522915,74.57779,-23.377321,-28.652006,71.53474,-16.804981
-9.188017,167.16028,25.338516,-6.0964923,171.21895,24.99106,-12.538902,170.6715,23.522099,1.483301,173.40926,17.487474,-14.407334,172.95369,13.330946,15.784732,161.26569,8.014482,-16.100538,163.46382,-4.772608,24.487589,136.63033,-1.3592107,-17.71422,138.84697,-16.623549,10.428077,117.793144,-1.2140119,-8.0178795,120.70249,-4.48466,18.274832,126.915016,-18.415007,-5.102242,128.2921,-24.973547,27.697443,96.78824,1.7003767,-23.27241,104.32097,-2.2873006,42.386414,73.993286,-23.72592,-28.104353,71.58556,-16.52914
-9.377808,167.10263,25.194302,-6.2721705,171.14725,24.832785,-12.66857,170.55711,23.175198,1.2669321,173.50365,17.416382,-14.581278,172.82162,13.128769,15.854268,161.13928,8.120401,-16.086351,163.57008,-4.8778844,23.364868,136.13135,-1.4716227,-17.546211,138.86833,-16.44924,9.981193,116.83563,-1.4054164,-8.047486,120.80994,-4.0117497,18.392096,126.763336,-18.480164,-5.230756,128.15392,-24.428242,28.626081,96.47481,0.8812052,-23.1814,104.64015,-1.224771,43.30003,73.445175,-24.282534,-27.793438,71.66729,-16.117416
-9.334653,167.45273,25.20712,-6.20859,171.48538,24.801222,-12.576689,170.88483,23.06446,1.2662528,173.95818,17.408278,-14.571285,173.3279,13.219426,15.935347,161.46835,8.156706,-16.126339,163.9832,-4.9705267,22.432629,136.31807,-1.662908,-17.713865,139.11543,-16.184809,9.563316,116.74757,-1.7663245,-8.36609,121.14315,-3.6703649,18.372564,126.78458,-18.527493,-5.391008,128.13513,-24.04019,29.58336,96.53617,0.33496267,-23.169956,104.612305,-0.8325195,44.221992,73.299805,-24.620626,-27.916988,71.74326,-15.916416
-9.057263,168.24815,25.177927,-6.0281954,172.35027,24.785439,-12.3862505,171.61215,23.068409,1.3853346,174.9031,17.32978,-14.519384,174.2519,13.338389,15.951067,162.27145,8.253951,-16.322792,164.7401,-4.9236097,22.076859,137.2984,-2.0339534,-17.92522,139.76894,-15.842963,9.116273,117.96598,-1.3933338,-8.5036125,121.48795,-3.659833,17.976307,127.32788,-18.61982,-5.7026205,128.63324,-23.748999,30.658434,97.268585,-0.3527585,-23.236298,104.55358,-0.8254139,44.706905,73.23578,-24.882782,-28.189545,71.725746,-15.67043
-8.569758,169.32266,25.246391,-5.5788875,173.47227,25.0219,-11.919009,172.72655,23.233486,1.7545167,176.11143,17.349566,-14.182456,175.31688,13.473165,15.94015,163.23637,8.077026,-16.404217,165.73695,-4.7649264,21.72093,138.4445,-2.6534495,-18.133265,140.67365,-15.54648,8.622064,119.140015,-1.3787497,-9.090097,122.15893,-3.620345,17.698181,128.24654,-18.90511,-5.9765882,129.53375,-23.577005,31.458353,98.54975,-0.75377977,-23.095734,104.89343,-1.1311121,44.437252,73.394165,-24.714212,-28.681437,71.76967,-15.356364
-8.020355,170.90088,25.425318,-5.029512,175.0454,25.224161,-11.373358,174.30356,23.416643,2.2051618,177.57513,17.317314,-13.808743,176.87288,13.745624,16.1172,164.69534,7.825112,-16.671335,166.88545,-4.217515,21.504751,139.83095,-3.1662078,-18.441553,141.84387,-14.955708,8.091282,120.6418,-1.300078,-9.415919,122.83422,-3.855945,17.35608,129.48373,-18.982906,-6.3174653,130.51773,-23.765043,32.23803,100.19644,-1.0347346,-22.888418,105.024216,-1.7643046,43.78945,74.044815,-24.55675,-29.335297,71.71436,-15.35498
-7.2919035,172.52602,25.571362,-4.3510575,176.71266,25.40308,-10.699139,175.92651,23.649496,2.6244714,179.26306,17.152222,-13.50907,178.40146,14.104407,16.269232,166.36188,7.2332196,-16.852154,168.09502,-3.5592096,21.483154,141.36931,-3.7034645,-18.659992,143.11142,-14.459679,7.4097395,122.425545,-1.4586539,-9.68378,123.62235,-4.199936,17.213722,131.18677,-19.14602,-6.7783804,131.6826,-23.601336,32.514374,102.00496,-1.0943519,-22.668432,104.89227,-2.470655,43.056477,74.82182,-24.071072,-30.077265,71.7001,-15.34941
-6.578551,174.16672,25.889109,-3.6030793,178.31297,25.601828,-9.989097,177.5522,23.952988,3.1058142,180.90025,17.191956,-13.121017,179.95512,14.586364,16.483099,168.24799,6.5505548,-17.082062,169.50243,-2.7456036,21.410648,143.23932,-4.3629494,-19.165745,144.61618,-13.773553,6.9366803,124.58347,-1.6120031,-9.673634,124.77089,-4.619831,17.028498,133.01979,-19.444437,-7.4031067,133.24147,-23.339703,32.795982,103.90174,-1.505281,-22.451454,105.251274,-3.2117867,42.170795,75.68135,-23.694956,-30.863771,71.95923,-15.462692
-5.9585204,175.93753,26.113832,-2.943055,180.0435,25.709505,-9.367689,179.3403,24.19545,3.5780263,182.84239,17.40598,-12.680319,181.68979,14.894114,17.049904,170.24593,5.8966813,-17.349857,170.93001,-1.9600635,21.51367,145.37086,-5.075663,-19.532436,145.88455,-13.0076275,6.555146,127.19121,-1.787996,-9.647763,125.91605,-4.8556166,16.587967,134.75372,-19.73796,-8.089664,134.86945,-23.11077,32.98223,105.649506,-1.9484112,-22.26024,105.6658,-4.141718,41.41198,76.427635,-23.261684,-31.84938,72.13513,-15.328054
-5.3745613,177.64871,26.332163,-2.3280182,181.6599,25.463112,-8.840898,181.00565,24.446728,4.0345016,184.59087,17.534203,-12.250358,183.43657,15.186484,17.339502,172.41197,5.289898,-17.650503,172.41458,-1.1594623,21.590185,147.62949,-5.6207685,-20.12743,147.27965,-12.1666765,6.535798,129.66963,-1.6237824,-9.582419,127.5317,-4.7669454,16.238367,136.33604,-20.201252,-8.558246,136.43079,-23.023928,32.998806,107.2179,-2.5177057,-22.24327,106.388245,-5.064102,40.832375,77.29456,-22.908833,-32.61383,72.64786,-15.199133
-4.5958896,179.18866,26.593498,-1.5590817,183.22783,25.821247,-8.119491,182.64064,25.002888,4.523687,186.12181,17.499548,-11.862135,184.77731,15.621106,17.484404,174.2679,4.606305,-17.75652,173.77612,-0.5045164,21.373163,149.43172,-6.230974,-20.349947,148.50894,-11.089491,5.9531736,131.84544,-1.735429,-9.211301,128.60811,-4.6759243,15.83269,138.10106,-20.783745,-9.029978,137.94168,-23.199226,32.827732,108.956406,-3.2732291,-22.390293,107.31245,-6.063119,40.421795,78.32303,-22.535452,-33.542007,73.49517,-15.053489
-3.7890952,180.58127,26.904278,-0.8342702,184.67238,26.097967,-7.401279,183.97266,25.39103,5.0128913,187.58516,17.508434,-11.367049,186.14095,16.10702,17.78864,176.0536,4.2053347,-17.862652,175.11784,0.1809687,21.344799,151.21933,-6.8076754,-20.757397,149.72498,-10.619764,5.846018,133.903,-1.7821572,-9.360877,129.89975,-4.6010513,15.41007,139.78375,-21.468721,-9.569269,139.3831,-23.302382,32.289845,110.45737,-4.137512,-22.28467,108.14949,-6.7051353,39.916435,78.98135,-22.313084,-34.382137,74.24055,-14.657552
-2.6979754,181.84984,27.18761,0.14547364,185.98805,26.272526,-6.4389615,185.1962,25.889336,5.7034802,188.99918,17.416765,-10.711244,187.42189,16.693306,18.032469,177.73923,3.571945,-18.06384,176.41193,0.916452,21.350962,153.09346,-7.379486,-21.476768,151.3556,-10.076296,5.768253,136.01146,-1.8576632,-9.675158,131.71707,-4.7818832,14.957098,141.39877,-22.093464,-10.202903,140.58809,-23.46597,31.647188,111.854515,-4.8421135,-22.58683,108.793274,-7.150422,39.48284,79.6319,-21.919006,-35.234085,74.91985,-14.381637
-1.9965202,183.01735,27.508104,0.9603782,187.08653,26.634745,-5.640774,186.5007,26.272158,6.288568,190.01315,17.540718,-10.1336975,188.40181,17.021126,18.090649,179.13242,3.0628119,-18.097586,177.23003,1.843172,21.374256,154.85814,-8.374058,-22.174559,152.62068,-9.707076,5.972561,137.84508,-1.9448401,-9.498804,133.4087,-5.0001426,14.354141,142.58485,-22.642895,-10.714535,141.71921,-23.43359,30.882795,112.87087,-5.687955,-22.793955,109.537506,-7.4266615,38.931187,80.19871,-21.431787,-35.804104,75.55508,-14.233828
-1.2411585,183.70749,27.672579,1.771106,187.7092,26.68264,-4.841756,187.206,26.36491,6.847256,190.59807,17.530561,-9.566411,188.99367,17.259104,18.10991,180.22116,2.6056087,-18.280798,177.67258,2.605785,21.16454,156.07709,-9.111024,-22.754467,153.3329,-9.229746,5.9678373,139.36037,-1.8573068,-9.180469,134.81233,-4.7943354,13.692409,143.32349,-23.220158,-11.358478,142.54901,-23.196291,30.056187,113.38547,-6.5156765,-22.96132,110.17013,-7.4395847,38.71327,80.39865,-20.90371,-36.137653,76.33635,-14.453355
-0.5613549,184.24023,27.864716,2.464319,188.23645,26.863333,-4.143472,187.77293,26.584482,7.463086,191.03986,17.641006,-8.973947,189.56313,17.551096,17.931314,180.81444,2.2033494,-18.492947,177.76604,3.4965112,20.899046,156.9316,-10.275794,-23.091267,153.32576,-8.666923,5.8474627,140.37161,-2.2925763,-8.583411,135.61206,-4.812548,13.0357485,143.60167,-23.642649,-11.991943,142.78922,-23.02724,29.483294,113.7224,-7.2318196,-23.216236,110.527626,-7.174386,38.36766,80.494156,-19.977867,-36.43735,77.00986,-15.102691
0.17159146,184.48756,27.953299,3.1896014,188.4794,26.93767,-3.419569,188.00107,26.648533,8.06246,191.37921,17.647556,-8.391597,189.86768,17.84235,17.784708,181.14983,1.7027538,-18.604464,177.73209,4.444379,20.754566,157.51067,-11.199082,-23.49271,153.50587,-7.9511113,5.719007,141.10352,-2.7937005,-8.272223,136.3022,-4.5876026,12.214146,143.7634,-24.268246,-12.601682,142.92618,-22.614918,28.71721,113.66091,-7.9960895,-23.301825,110.77916,-6.4722385,38.1283,80.24586,-19.364586,-36.65752,77.678444,-15.928964
0.8319511,184.49211,28.158306,3.9547024,188.35574,26.95798,-2.6696265,188.09128,26.834951,8.6839,191.06294,17.652533,-7.7895675,189.86441,18.070478,17.56331,181.09496,1.1531938,-18.52647,177.50192,5.558638,20.483057,157.5391,-12.072134,-24.102715,153.78926,-7.2331176,5.558987,141.1008,-3.4062848,-8.158801,136.9268,-4.530336,11.482673,143.53954,-25.07178,-13.165954,142.64096,-22.312908,27.987505,113.51733,-8.701446,-23.305338,110.91283,-5.321538,37.977047,79.61135,-18.89237,-36.80466,78.324776,-16.844166
1.6231306,184.23613,28.308262,4.7447047,188.05995,26.98087,-1.8851984,187.84041,27.023178,9.182098,190.6452,17.51393,-7.319588,189.4832,18.422302,17.387579,181.02234,0.36178777,-18.45839,176.85011,6.6791534,20.268307,157.52989,-13.0429735,-24.571703,153.40088,-6.4293013,5.594808,140.99727,-3.939671,-7.758611,137.29523,-4.277425,10.676435,143.15582,-25.492332,-13.872116,142.29118,-21.999294,27.33234,113.18788,-9.265759,-23.440687,110.7887,-4.4197297,37.48857,78.988686,-18.742905,-36.99168,78.68678,-17.680092
2.2120035,183.6608,28.337708,5.3470836,187.48544,27.053352,-1.2863691,187.2961,27.116997,9.677176,189.74258,17.29559,-6.790249,188.92056,18.49445,17.08765,180.58492,-0.5566247,-18.251316,175.98734,7.9374404,19.670393,156.96129,-13.852014,-24.492998,152.48064,-5.1833262,5.5756145,140.2925,-4.4100018,-6.9783225,137.00714,-3.9227064,9.89085,142.55391,-26.110962,-14.584937,141.60387,-21.684605,26.512602,112.47881,-9.868644,-23.449032,110.20296,-3.488169,37.0299,78.255035,-18.86112,-37.17005,78.77806,-18.297361
2.8677833,182.99783,28.310408,5.994918,186.83739,27.057615,-0.63741815,186.5969,27.016953,10.178825,188.79303,17.002003,-6.2534857,188.18805,18.532848,16.891253,179.71277,-1.1167327,-17.816093,175.14804,8.953237,19.404888,156.41617,-14.766879,-24.566208,152.07266,-4.1239996,5.9014535,139.66592,-4.7558393,-6.8112726,136.4473,-3.708467,8.955483,141.7265,-26.270973,-15.300917,140.69522,-21.270887,25.857376,111.66894,-10.21228,-23.659567,109.38012,-2.722624,36.499664,77.56394,-19.096218,-37.506683,78.66769,-18.828161
3.3572075,181.93112,28.268143,6.4180875,185.79945,26.930725,-0.2123186,185.48921,27.045986,10.67579,187.50531,16.897135,-5.757768,187.10231,18.440235,16.78035,178.50917,-1.7544343,-17.303123,173.89983,9.465001,18.822197,155.43907,-15.563652,-24.423069,150.58725,-3.3076653,6.1707497,138.3228,-5.094364,-6.5892034,135.19582,-3.2677588,8.04735,140.61015,-26.16537,-15.954161,139.65085,-20.637903,25.363974,110.50809,-10.365797,-23.555037,108.12031,-2.0686362,35.91023,76.352165,-19.77031,-37.751255,78.18587,-19.051336
3.8861353,180.7217,28.220644,7.1078467,184.45497,26.87437,0.47493914,184.41675,26.949781,11.162376,186.1375,16.71356,-5.238193,185.8369,18.406212,16.570147,177.11891,-2.5662155,-17.07969,172.3564,10.14196,18.118662,153.8828,-16.12286,-24.085953,149.05077,-2.5473402,6.219468,136.32927,-5.41742,-6.4807773,133.44858,-3.253931,7.431162,139.28227,-25.899342,-16.470299,138.17172,-19.904434,24.921614,109.23344,-10.491453,-23.387558,106.66318,-1.3548317,34.8944,74.98648,-20.693567,-38.04428,77.33352,-19.055132
4.569016,179.465,28.220705,7.853049,183.10516,26.782763,1.2203408,183.20573,26.908268,11.617166,184.74336,16.52338,-4.727686,184.41928,18.446161,16.375553,175.3763,-3.0344424,-16.673819,170.96521,10.557171,17.21823,151.90582,-16.537172,-23.495691,147.42667,-1.7651905,6.0248733,133.92155,-5.88333,-6.497111,131.18968,-3.3142745,6.7862487,137.85075,-25.830223,-16.874249,136.76985,-19.268448,24.597406,107.75703,-10.557378,-23.388039,104.961235,-0.64560264,33.67721,73.531586,-21.867376,-38.282497,76.30663,-18.735012
5.3356156,178.1794,28.109982,8.5801935,181.70297,26.32506,1.9677507,181.89848,26.795769,12.119344,183.15616,16.16816,-4.191043,183.00961,18.524155,16.229515,173.61519,-3.5383759,-16.022257,169.37662,11.095848,16.514542,149.91148,-16.80498,-22.9945,145.61308,-0.8446732,6.1692586,131.33562,-6.258878,-7.159886,128.54433,-3.4889402,6.2507334,136.2753,-25.734953,-17.250542,135.1293,-18.811352,24.336847,106.35113,-10.340364,-23.32625,103.25571,0.023093188,32.16555,72.418304,-22.658936,-38.724873,75.213196,-18.56061
6.056501,176.79187,27.842031,9.341667,180.29234,26.077116,2.7336752,180.57454,26.590153,12.599532,181.50633,15.700205,-3.6997342,181.42398,18.377213,15.936553,171.6939,-4.2356434,-15.490011,167.77531,11.341139,15.592246,147.59264,-16.904917,-22.078217,143.52563,0.21019016,5.927397,128.6473,-6.595674,-6.941254,125.77149,-3.7532814,5.8100443,134.59401,-25.603386,-17.691254,133.33861,-18.427382,23.86044,105.36703,-9.758371,-23.330187,101.439835,0.37280217,30.71623,71.74847,-22.701458,-39.343628,74.22155,-18.530737
6.751829,175.60782,27.447357,10.012772,179.09392,25.609283,3.4161015,179.3872,26.22596,13.017687,180.28767,15.094877,-3.179933,180.31447,18.205597,15.768245,169.87456,-4.738812,-15.143593,166.31174,11.354746,14.889721,145.19006,-16.44084,-20.899162,141.37709,0.95522964,5.5678625,125.473564,-6.6841645,-6.707322,122.791794,-4.320568,5.2549777,133.23058,-25.545923,-18.107903,131.88402,-17.98096,23.609032,104.985794,-8.709698,-23.45718,99.74335,0.55999833,29.659136,71.60907,-22.380482,-40.452267,73.45087,-18.651602
7.4977884,174.56929,27.002525,10.743081,178.05914,25.141531,4.162947,178.38348,25.894726,13.567088,179.18742,14.555467,-2.5810943,179.35806,17.931356,15.601811,168.37827,-5.2321916,-14.747813,165.36916,11.156194,14.031652,143.09982,-15.905053,-19.431004,139.80052,1.5824728,4.8855643,122.8769,-6.597524,-6.79061,120.28484,-4.4777436,4.70797,132.00557,-25.33186,-18.529606,130.62053,-17.576393,23.683376,104.74799,-7.7217717,-23.882675,98.31559,0.60711294,28.713446,71.51458,-22.201298,-41.631924,72.788956,-18.82755
8.119553,173.64275,26.422438,11.347374,177.05153,24.402142,4.801676,177.49333,25.40223,13.9446,178.33463,13.888319,-2.1270208,178.4215,17.560183,15.505538,167.44455,-5.50832,-14.619391,164.67972,10.757331,13.666808,141.76553,-15.133167,-17.796385,138.6287,1.9329083,4.5042796,121.47336,-5.926251,-7.331546,118.17876,-4.4844794,4.306085,131.06726,-24.815205,-19.021479,129.7061,-17.203354,23.903078,104.233955,-6.780584,-24.52318,97.37291,0.6506393,28.011423,71.58714,-22.122402,-42.691414,72.57315,-19.042427
8.654824,173.16563,25.809925,11.833376,176.60857,23.754894,5.323946,177.03955,24.941254,14.184801,177.89923,13.176198,-1.7956406,178.06415,17.270824,15.424641,167.04597,-6.0314612,-14.381363,164.36836,10.459121,13.571706,141.0201,-14.490926,-16.924362,138.15385,2.110503,4.201037,120.862114,-5.024174,-7.685661,117.159775,-3.9673285,4.170864,130.78008,-24.490036,-19.22149,129.65419,-17.032465,23.983242,104.10253,-6.161502,-25.467657,97.208176,0.95732236,27.634613,71.80523,-21.988571,-43.506874,72.654594,-19.29358
9.0039425,173.11124,25.251509,12.133347,176.55138,23.12124,5.6855173,177.04146,24.58497,14.29715,178.07797,12.618424,-1.5706667,178.37552,17.088432,15.534775,167.11848,-6.3475366,-14.15666,164.54048,10.134861,14.14384,140.88661,-13.966069,-17.07826,138.31615,1.9404676,4.633978,121.01743,-3.87311,-8.309853,117.07155,-2.9410384,3.931567,130.52267,-24.36305,-19.365347,129.61816,-17.036928,23.920595,103.763405,-6.0745296,-26.48655,97.63852,1.5431652,27.475456,71.51616,-22.478064,-43.79283,72.874756,-19.202747
9.23402,173.56833,24.721794,12.294295,177.07338,22.593533,5.859301,177.45877,24.12345,14.444569,178.73592,12.117008,-1.3835815,178.99889,16.71451,15.634986,167.43283,-6.6548986,-14.211385,165.18306,9.6595745,14.999543,141.03723,-13.715017,-18.32847,139.07553,1.2937706,5.463113,121.8805,-2.6747031,-9.155338,117.865555,-1.2080015,4.028105,130.53104,-24.27981,-19.241404,129.85362,-17.08077,24.000801,103.89583,-5.9906726,-27.79635,98.60397,2.108578,27.670004,71.717995,-22.652746,-43.512207,73.11692,-19.075598
9.1626625,174.4517,24.343124,12.142246,178.06506,22.281496,5.685928,178.25342,23.762772,14.357745,179.78616,11.827589,-1.5072567,179.8409,16.369469,16.04329,168.08786,-6.650102,-14.453546,166.1777,8.9627905,16.202188,141.84007,-13.909321,-20.39979,140.47815,0.6540691,7.28979,123.60472,-1.370861,-9.85106,119.609436,0.40937492,4.0435567,130.67744,-24.151285,-19.214025,130.1301,-17.171598,24.180956,104.08456,-6.3930545,-28.769651,99.81057,2.7111702,28.027094,71.86281,-22.913507,-42.940125,73.785805,-18.762123
8.922121,175.74268,24.198105,11.944475,179.30069,22.101677,5.454762,179.51245,23.41039,14.344895,181.14487,11.810525,-1.5862173,181.16356,16.020521,16.42289,169.15314,-6.378367,-14.855517,167.65186,8.160617,17.819286,143.30653,-14.4499855,-23.010975,142.43385,0.21293555,9.695288,126.43091,0.18468234,-11.327994,122.14078,1.7073101,4.271911,131.49722,-23.91787,-19.086126,131.22144,-17.2868,24.234276,104.28156,-6.7891808,-29.586357,101.44361,2.9037485,28.580702,72.08801,-23.278156,-42.237415,74.56141,-18.610153
8.621106,177.21693,24.06857,11.726583,180.74301,22.040209,5.2580748,181.10535,23.404583,14.319006,182.60757,11.816534,-1.6761422,182.89656,15.8084755,16.700562,170.50983,-6.2865977,-15.115345,169.43065,7.4448113,19.803654,145.06029,-14.991332,-25.510357,145.03636,-0.49420923,12.575027,129.67917,1.5409393,-13.846895,125.1206,3.0328991,4.624241,132.53262,-23.538101,-19.021717,132.4271,-17.39017,24.163733,104.54842,-7.4385185,-30.30053,103.1244,2.9664905,29.301134,72.17264,-23.547281,-41.62213,75.561905,-18.4373
8.271143,178.9095,24.071692,11.570631,182.33865,22.198734,5.058887,182.90036,23.275955,14.157442,184.30565,11.871638,-1.8535004,184.68672,15.692213,17.149187,172.1352,-6.138561,-15.186577,171.57271,6.6230216,21.800606,146.89415,-14.984189,-27.95996,148.4335,-1.288724,14.96173,132.54523,2.6247296,-16.776566,128.86584,4.7521734,5.046573,133.65408,-23.43092,-18.605415,133.8425,-17.582083,24.00477,104.98956,-8.370148,-30.938608,104.810165,2.8260467,30.190344,72.3918,-23.757908,-40.890682,76.585075,-18.38367
7.9449415,180.86876,24.190067,11.250055,184.27776,22.289234,4.728747,184.83408,23.290611,14.040195,186.14323,12.020951,-1.9855976,186.7914,15.738478,17.67761,173.6906,-5.594214,-15.462629,173.8533,5.6913133,23.763353,149.21635,-15.847475,-30.183718,152.09276,-2.376041,17.5484,136.1734,2.9810343,-20.077957,133.18127,6.7016044,5.53534,134.77078,-23.196688,-18.48349,135.13344,-17.447277,23.790884,105.532196,-9.103811,-31.193687,106.26862,2.7030582,31.238146,72.70122,-23.767853,-40.130596,77.62154,-18.272993
7.6129866,182.66486,24.194498,10.957744,186.04648,22.312862,4.4361515,186.65802,23.295294,13.842103,188.02051,12.101763,-2.2126412,188.67084,15.69406,18.057156,175.44493,-5.0435133,-15.911802,176.42255,5.0269856,25.76213,151.88028,-16.252851,-32.10063,156.1171,-3.2710693,20.920834,140.11163,3.5170846,-23.70263,137.7124,8.473493,5.7625303,136.00308,-22.923841,-18.462376,136.51738,-17.620996,23.684816,106.17508,-9.87945,-31.378893,107.90463,2.328255,32.371204,73.36444,-23.794235,-39.638683,78.73305,-18.158339
7.304149,184.81917,24.240107,10.635972,188.13141,22.221869,4.132188,188.8056,23.293036,13.463741,190.09624,12.10506,-2.6006029,190.68416,15.670887,18.546822,177.11076,-4.476645,-16.29737,178.79648,4.493281,27.97729,154.19655,-16.26252,-33.653206,159.87144,-4.278937,24.332136,143.83366,4.387619,-27.240633,142.0726,9.796338,6.013649,137.34259,-22.931665,-18.438845,138.05345,-17.885136,23.496359,106.99536,-10.614091,-31.39207,109.33952,1.7957664,33.279175,74.10157,-23.681103,-39.55875,79.65409,-17.873865
6.686289,186.74521,24.149115,9.942331,190.21556,22.280272,3.421034,190.68774,23.34147,13.099127,191.92857,12.113694,-3.0382853,192.68758,15.482429,18.851282,179.0069,-4.1409693,-16.632082,180.95822,3.7022464,30.170574,156.90018,-15.864176,-35.341557,163.25603,-4.6902294,29.166225,147.3002,5.4690223,-31.28086,145.9576,10.698562,6.299721,138.9616,-22.626219,-18.299583,139.62747,-18.402065,23.517338,108.13276,-11.60027,-31.161158,110.73851,1.1769967,34.16355,75.12014,-23.424461,-39.56395,80.56252,-17.665415
6.152001,188.3796,24.109474,9.279398,191.95262,22.227028,2.8074052,192.3134,23.692053,12.733188,193.71631,12.183154,-3.4124076,194.37636,15.301817,19.33285,180.78537,-3.889392,-16.861317,182.72076,3.1811738,32.07517,159.22397,-14.973815,-36.875942,166.75912,-5.598648,33.48646,150.76431,6.948409,-35.237392,150.2064,11.295645,6.8056955,140.47127,-23.087715,-17.995804,141.14308,-18.919415,23.544643,109.233765,-12.294228,-30.943586,112.04837,0.3896648,34.8469,75.84822,-23.243567,-39.737263,81.316765,-17.32164
5.735256,189.96144,23.95404,8.898169,193.56493,22.186647,2.4334385,193.94737,23.666988,12.399019,195.31982,12.06933,-3.8009691,195.81561,15.010003,19.559038,182.5773,-3.4117978,-16.923084,184.28215,2.6534095,33.613396,161.98575,-14.228626,-38.052143,169.62318,-5.8831534,37.56895,153.60825,7.550694,-39.87864,154.48369,12.157061,7.3880024,141.51266,-23.273113,-17.545925,142.13467,-19.408745,23.871332,110.14018,-12.624051,-30.676918,113.04533,-0.14335464,35.34257,76.693855,-23.353653,-39.9315,81.854,-16.921679
5.368692,191.32372,23.763863,8.44038,195.07462,22.145914,1.9378854,195.19777,23.46394,12.1665125,196.67839,11.99115,-4.08906,196.9998,14.663782,19.838007,184.04756,-3.1323285,-17.083197,185.6464,1.9724748,35.250633,164.23213,-13.241547,-38.995747,171.54681,-5.663959,41.011726,155.81572,8.31435,-44.00663,158.04167,12.786914,7.9661746,142.45486,-23.283014,-16.778755,142.97069,-19.873869,24.126047,110.76516,-12.98011,-30.320778,113.89317,-0.8483589,35.64171,77.47202,-23.701921,-40.4736,82.01704,-16.377281
4.889501,192.13354,23.708197,8.001729,195.86835,22.140753,1.4967926,196.04445,23.45219,11.759257,197.56337,11.982765,-4.4839935,197.83911,14.520735,20.06728,185.14413,-2.6116817,-17.011457,186.65129,1.3282598,36.372643,166.16193,-12.625874,-39.78316,173.53125,-5.59528,44.331734,158.08316,8.259788,-47.536583,161.05872,13.031517,8.658932,143.12297,-23.706055,-15.998699,143.60098,-20.08045,24.341333,111.42144,-12.709106,-30.068865,114.431496,-1.413561,35.76367,78.38802,-24.26202,-40.800114,82.06109,-15.420177
4.234838,192.87387,23.581112,7.3041863,196.6125,21.92822,0.7807378,196.71593,23.138323,11.493174,198.08638,11.990569,-4.8203063,198.59334,14.138036,20.085987,185.93503,-2.0422304,-16.933735,187.46521,0.8305418,37.335316,167.77121,-11.707655,-40.198734,175.02682,-5.474086,47.067436,160.07964,8.691023,-50.610012,163.66705,12.660982,9.563499,143.5306,-23.59889,-15.188183,143.93788,-20.355083,24.784952,111.744156,-12.355615,-29.732258,114.839325,-2.0662823,35.998062,79.1424,-24.925531,-41.164967,82.03991,-14.433437
3.8162138,193.38098,23.449556,6.824614,197.14658,21.757835,0.28779697,197.14178,22.914055,11.044555,198.6868,11.895186,-5.305796,198.88017,13.863799,20.128918,186.144,-1.7236799,-17.229954,187.8136,0.38653666,38.564663,168.91621,-10.821355,-40.920105,176.05717,-5.472594,49.887737,161.63127,8.937205,-53.475254,165.6606,11.963945,10.314613,143.68626,-23.250824,-14.53243,144.11244,-20.549961,25.198944,111.87253,-11.8059435,-29.378609,114.918335,-2.5597434,36.311287,79.48953,-25.513718,-41.537193,81.782326,-13.4703045
3.1803176,193.60179,23.408794,6.2083335,197.32225,21.645985,-0.3221397,197.37964,22.818214,10.724808,198.66275,11.955751,-5.6603723,199.0065,13.544716,20.393934,186.21756,-1.3701622,-17.248613,187.64047,-0.28380823,39.857338,169.85751,-10.080527,-41.49735,176.61577,-5.274743,52.02479,162.80887,9.241174,-56.134003,167.38054,11.265568,11.024936,143.53812,-23.1088,-13.930604,144.01285,-20.648285,25.443562,111.583336,-11.324325,-28.73369,114.6306,-2.9621174,36.726498,79.53112,-26.21404,-42.057747,81.32695,-12.613391
2.6380277,193.61345,23.390156,5.7195015,197.26059,21.54665,-0.8395186,197.3579,22.574034,10.38225,198.45549,11.958238,-6.0256352,198.66956,13.131333,20.601986,185.99982,-0.95770967,-17.327612,187.13228,-0.6600593,41.016766,170.59953,-9.596874,-42.10667,177.00818,-5.1159043,54.059063,163.77562,9.17676,-58.306347,168.54672,10.512777,11.515129,143.19945,-22.733286,-13.21717,143.70049,-20.743263,25.691797,111.14273,-10.662227,-28.268368,114.1292,-3.400274,36.88312,79.35001,-26.664776,-42.416325,80.7853,-11.755573
2.5251422,193.21306,23.282896,5.4182305,197.00691,21.442448,-1.1395591,196.78954,22.484417,10.01093,198.0171,11.71873,-6.4020157,198.0374,13.187265,20.766354,185.45345,-0.4969167,-17.438662,186.63637,-0.8609646,41.960155,171.01416,-9.051102,-42.533085,177.00626,-5.0889783,56.294456,164.56992,8.787058,-60.191963,169.74065,9.503526,11.85993,142.41846,-22.537025,-12.803089,142.88345,-20.816532,25.868496,110.46829,-9.851873,-28.104149,113.30464,-3.5489507,36.67063,79.05153,-27.044046,-42.76181,80.077835,-11.109953
2.24313,192.50523,23.274553,5.094511,196.26814,21.339607,-1.4615859,196.02194,22.434767,9.638475,197.16684,11.605654,-6.8006926,197.16495,13.167242,20.766817,184.66978,-0.34736583,-17.681559,185.75426,-0.9203843,42.79904,171.23178,-8.543626,-43.051907,176.71494,-5.1875305,58.24338,165.05516,8.324312,-61.762306,170.13806,8.467474,12.3884735,141.36443,-22.209429,-12.395707,141.98041,-20.787823,26.064161,109.46828,-8.97173,-27.524408,112.44379,-3.6839519,36.358337,78.60151,-27.285223,-42.918163,79.39881,-10.676545
1.7594218,191.38582,23.398787,4.6001086,195.08913,21.315983,-1.9331334,194.90207,22.468534,9.139338,195.98988,11.698257,-7.279568,195.90437,13.253713,20.74254,183.44586,-0.07579716,-17.54243,184.61903,-1.2700201,43.42153,171.05135,-8.131771,-42.97855,176.22461,-5.2801943,60.17125,165.53563,7.4977517,-62.885277,170.66748,7.081091,12.692208,139.98076,-21.76809,-12.002728,140.827,-20.714123,26.416594,108.27444,-8.040522,-27.120344,111.41787,-3.374539,35.669476,78.090164,-27.65572,-42.870438,78.27444,-10.403341
1.2172623,190.27518,23.585789,4.0139265,193.93988,21.381535,-2.5391033,193.65556,22.460758,8.62588,194.66893,11.7930155,-7.7462635,194.47864,13.271762,20.771015,182.10994,0.4233054,-17.380064,183.18468,-1.4116423,43.768238,170.52081,-7.8219485,-43.024315,175.53574,-5.191217,61.737007,165.40526,6.6264486,-63.833736,171.26541,5.847094,13.219118,138.22733,-21.485605,-11.619946,139.24559,-20.589947,26.829245,106.74011,-7.114302,-26.851366,110.01307,-3.1148303,35.13893,77.48334,-27.959337,-42.32583,76.936646,-10.700879
0.85234153,188.93938,23.572575,3.5668123,192.68457,21.4025,-2.9884462,192.19229,22.339025,8.215113,193.27147,11.757734,-8.164498,192.80045,13.166941,20.519613,180.72255,0.7980722,-17.146305,181.48862,-1.5895184,43.86378,169.86868,-7.4620056,-43.033394,174.46898,-5.05852,62.759007,165.28583,5.944642,-64.50295,171.20865,5.018322,13.394916,136.46959,-21.37474,-11.445821,137.54956,-20.198326,27.183481,105.13777,-6.303351,-26.719355,108.52088,-2.5367913,34.830803,76.62805,-27.980373,-41.18509,75.52382,-11.496188
0.40381467,187.0673,23.46175,3.168462,190.89622,21.512075,-3.4079146,190.33144,22.180574,7.7609744,191.56503,11.686835,-8.590015,190.89804,13.00567,20.144217,179.2935,1.0596921,-17.067368,179.75687,-1.6746757,43.817627,169.34787,-6.8164315,-43.032345,173.22745,-5.15282,63.438572,165.07555,5.6902676,-64.831535,170.73552,4.3053265,13.798038,134.51674,-21.232216,-11.154496,135.84898,-20.053091,27.268806,103.48083,-5.4037175,-26.694397,107.03725,-2.0374093,34.541172,75.646614,-28.001404,-39.563602,74.331055,-12.530426
-0.3183956,185.46915,23.44133,2.350127,189.33731,21.435999,-4.221555,188.52098,21.934454,7.2307267,189.99933,11.825924,-9.146528,189.00238,12.748467,19.84586,177.6159,1.3418491,-16.915636,177.79002,-1.8586689,43.86026,168.62076,-6.5971174,-42.83539,171.85216,-5.431761,63.7082,164.64246,5.69457,-64.87096,170.1582,3.8682456,14.125396,132.72989,-20.823347,-10.651655,134.12181,-20.001915,27.73234,101.68017,-4.705747,-26.465202,105.89005,-1.464895,34.644875,74.66696,-28.211243,-38.072464,73.22027,-13.196146
-1.2900575,183.60428,23.288015,1.6985055,187.35738,21.492344,-4.9130726,186.90964,21.587397,6.513258,188.26112,11.902725,-9.881154,187.28235,12.485937,19.911825,176.23111,1.6460303,-16.760313,175.93819,-2.0842733,44.01936,167.83257,-6.5857177,-42.828976,170.45912,-5.843798,63.86976,164.01646,5.697133,-64.92361,169.50842,3.5568974,14.475063,131.41602,-20.55816,-10.2820015,132.71129,-20.066553,28.137625,100.55967,-4.1526113,-26.017557,104.88247,-0.807664,35.116177,74.16471,-28.273024,-36.84484,72.59865,-13.284679
-2.035497,182.2698,23.259327,0.8887179,186.03792,21.402454,-5.7100744,185.426,21.399494,6.0361457,187.18143,12.094545,-10.331236,185.73576,12.166701,19.869745,175.20206,1.69458,-17.00084,174.4021,-2.2646408,44.036713,167.00798,-6.63773,-42.937336,168.89668,-6.364272,63.962685,163.47469,5.621218,-64.84643,168.89664,3.371617,14.853739,130.32195,-20.131254,-9.831184,131.529,-19.954874,28.555056,99.76308,-3.8277316,-25.81113,104.434975,-0.14474289,36.05864,73.92096,-28.43996,-35.757713,72.24314,-13.244731
-2.4748082,181.4428,23.154795,0.33087572,185.27887,21.282715,-6.2499366,184.44405,21.24518,5.50972,186.60872,12.093809,-10.793649,184.6432,11.983576,19.686178,174.49875,1.7954719,-17.233604,173.62057,-2.0721893,44.087753,166.509,-6.403728,-42.978725,167.9279,-6.7070622,64.009865,163.52759,6.018823,-64.89917,168.29713,2.84986,15.012067,129.95326,-19.923532,-9.713863,130.86865,-19.943651,29.079805,99.52093,-3.9319549,-25.552399,104.274796,0.3624468,37.29439,73.810646,-28.542618,-35.1145,72.31697,-13.261939
-3.0533514,180.91566,23.064775,-0.3134723,184.88019,21.356497,-6.857917,183.87108,21.14382,5.1805143,186.07782,12.190227,-11.1004095,184.1405,11.714755,19.194996,174.42993,1.6870929,-17.253347,173.03714,-1.6120981,43.756977,166.41115,-6.2421503,-42.87727,167.2083,-6.744653,63.775036,162.84167,5.943714,-64.86687,167.86714,2.5282133,15.187047,129.92662,-19.789846,-9.348687,130.63597,-19.789867,30.047375,99.63864,-4.167607,-25.565329,104.302475,0.6827423,38.750538,73.9375,-28.752264,-34.655834,72.48003,-13.21335
-3.140433,180.7767,23.258173,-0.50610864,184.76364,21.451113,-7.038799,183.62317,21.35561,4.925142,186.19888,12.40251,-11.309408,184.01514,11.97204,18.815077,174.7554,1.7606636,-17.551218,172.96391,-0.93663704,43.327003,166.67116,-6.2991986,-42.849422,166.61723,-6.946586,63.600105,162.66788,5.415797,-64.709694,167.31696,2.461025,15.276182,130.21368,-20.009924,-9.352092,130.86972,-19.784332,31.045338,99.95726,-4.587579,-25.624243,104.41036,0.6651764,39.687725,74.2119,-29.02843,-34.595158,72.42835,-13.14942
-2.8691747,180.8376,23.605429,-0.17894726,184.78868,21.778591,-6.738272,183.7714,21.78499,5.0067053,186.5906,12.723113,-11.211202,184.20445,12.448447,18.368221,175.37668,1.5580939,-17.620642,173.46036,-0.5990293,42.86296,167.28398,-6.61429,-42.739452,166.66951,-7.131459,63.047855,162.81595,4.9215775,-64.68087,166.85007,2.348655,15.103906,130.99472,-20.237906,-9.539943,131.39458,-19.789175,31.808683,101.07321,-5.0246544,-25.546255,104.74994,0.26778772,39.911488,74.564705,-28.993475,-34.985065,72.56363,-13.046697
-2.4673266,181.463,23.79686,0.09872074,185.47713,21.936495,-6.434487,184.2922,22.020622,5.036491,187.37328,12.766207,-11.2148485,184.96112,13.017287,18.129124,176.24286,1.2966944,-17.66965,174.1907,-0.31276277,42.535545,168.06723,-7.0530567,-42.700146,167.2618,-7.0254436,62.59693,162.967,4.2918115,-64.634415,166.21727,2.732075,15.169736,132.00934,-20.330479,-9.464335,132.14014,-19.83096,32.50862,102.409485,-5.472145,-25.569475,105.12816,-0.22071663,39.645294,75.018425,-28.702473,-35.56578,72.6819,-12.910018
-1.9924123,182.22841,24.105772,0.53151083,186.27615,22.269281,-5.995625,185.07884,22.464184,5.279703,188.36613,13.061152,-10.965652,185.95512,13.582466,17.798859,177.47508,0.9423545,-17.833508,175.20874,0.15629786,41.97619,169.04816,-7.594432,-42.438248,167.82074,-7.059903,62.01039,163.57887,3.7367973,-64.29768,166.17874,2.5357518,14.871261,133.35394,-20.42807,-9.550378,133.21532,-19.824013,33.00952,104.15471,-5.998107,-25.308237,105.58359,-0.98292595,39.239258,75.591606,-28.239292,-36.334957,72.9745,-12.727315
-1.6591905,183.27954,24.483799,0.9616123,187.29448,22.712008,-5.595354,186.25319,22.890135,5.469179,189.49484,13.321073,-10.731851,187.03778,14.027159,17.665789,178.75648,0.7659388,-17.754152,176.45253,0.42993662,41.455074,170.167,-8.523827,-42.26567,168.67958,-7.016656,61.26396,164.39824,3.1079688,-63.87359,166.0833,2.665415,14.867082,134.89099,-20.67493,-9.596036,134.62067,-19.83476,33.11622,105.92668,-6.51966,-24.912903,106.16437,-1.8074094,38.466892,76.51802,-27.59882,-36.87706,73.43876,-12.42737
-1.3941119,184.62325,24.823303,1.0918748,188.71992,23.070475,-5.429297,187.5082,23.313913,5.7647324,190.94807,13.70884,-10.443117,188.49608,14.4314375,17.461308,180.2346,0.7795299,-17.431221,177.86008,0.7182495,40.980343,171.50087,-9.132204,-41.857365,169.65015,-7.01781,60.50322,165.39993,2.7755034,-63.633465,166.324,2.2293003,14.853666,136.37468,-21.072147,-9.724956,136.08208,-19.972359,33.350266,107.543785,-6.9709663,-24.448395,107.03036,-2.6103938,37.842617,77.36917,-27.129381,-37.486095,73.98311,-11.945291
-1.1307734,185.68797,25.046947,1.5049775,189.73032,23.347166,-5.0486555,188.77982,23.647572,6.1229563,192.10423,14.114723,-10.111076,189.65236,14.618022,17.245848,181.78877,0.67702603,-17.488768,179.23477,1.0716158,40.389286,172.71442,-9.7905,-41.578033,170.40326,-6.9314322,59.64259,166.11375,2.2785246,-63.20564,166.09595,2.2482324,14.665699,137.9857,-21.451975,-9.767344,137.51149,-20.049166,33.286972,108.81445,-7.361913,-23.796,107.79374,-3.3563452,37.293457,78.20343,-26.661144,-38.02549,74.66635,-11.447355
-0.97998005,186.62192,25.18548,1.7806517,190.65619,23.66695,-4.8084807,189.877,23.914587,6.391179,193.06009,14.363811,-9.893847,191.17502,14.937066,17.218992,183.20206,0.48014972,-17.562832,180.72209,1.4618706,40.198166,173.78647,-10.214157,-41.31591,171.201,-6.99942,59.32215,167.0992,2.0710626,-62.76149,166.19109,2.0454402,14.476653,139.46716,-21.858969,-9.967328,138.99422,-20.100622,32.8687,110.15694,-7.6313543,-23.419397,108.41414,-4.085382,36.797047,78.91864,-25.980062,-38.344273,75.15926,-11.256449
-0.54501355,187.31567,25.435514,2.2748275,191.26003,23.815022,-4.319744,190.64812,24.221693,6.889574,193.97882,14.732748,-9.380675,192.25981,15.302646,17.283285,184.44328,-0.10094715,-17.60684,181.96707,1.8048759,40.038334,174.5031,-10.881675,-41.189087,171.94905,-6.7120814,58.719585,167.84106,2.1793177,-62.681705,166.27647,1.9724518,13.970942,140.72769,-22.632626,-10.412459,140.09773,-20.109161,32.215603,111.40443,-8.03624,-23.337824,108.983345,-4.4192886,36.458393,79.514496,-25.345587,-38.377197,75.70539,-11.2266655
-0.09074088,188.03397,25.597134,2.7995746,191.93903,23.99449,-3.8057315,191.43983,24.391235,7.3512917,194.69695,14.930338,-8.9542465,193.26773,15.602628,17.28619,185.31723,-0.5353967,-17.591013,182.85632,2.4611313,39.748306,175.23541,-11.797778,-41.069332,172.76051,-6.3078322,57.841408,168.2515,1.9257947,-62.49362,166.3253,2.0344238,13.269421,141.64787,-23.245378,-11.094062,140.93452,-20.005877,31.670406,112.33786,-8.290104,-23.109852,109.40874,-4.2482877,36.279133,80.045395,-24.74215,-38.037132,76.30907,-11.764371
0.45926145,188.63695,25.79961,3.345419,192.57199,24.270985,-3.260779,192.05363,24.642818,7.845539,195.07011,14.964771,-8.479958,193.83794,15.840067,17.145252,186.0724,-1.3051147,-17.715605,183.38538,2.915894,39.479427,175.55316,-12.5902,-41.212914,173.22752,-6.057522,57.237682,168.8503,1.4934442,-62.446186,166.0483,2.2377539,12.517213,142.20036,-23.580687,-11.65303,141.40561,-19.74807,30.865746,113.109886,-8.346098,-22.881285,109.642944,-3.5777671,36.35168,80.4297,-23.97081,-37.597466,77.14839,-12.989078
1.0569843,188.80132,25.957531,4.0190735,192.65913,24.382462,-2.5913682,192.28354,24.767847,8.305625,195.11314,14.994398,-8.011481,194.04684,16.121365,17.096207,186.54904,-1.8831487,-17.847584,183.71317,3.4153225,39.119106,175.74022,-13.363516,-41.267204,173.69066,-5.9415283,56.624355,168.96773,1.1421477,-62.2991,165.90994,2.2408855,11.606758,142.57594,-23.808014,-12.519515,141.59552,-19.395105,29.817272,113.38946,-8.53475,-22.46589,109.81979,-2.7072258,36.557106,80.24597,-23.010412,-37.200348,77.778885,-14.378259
1.5301585,188.85806,25.995127,4.4951463,192.65515,24.288168,-2.1057734,192.37323,24.866022,8.60638,195.09657,14.881709,-7.6644845,193.95482,16.214937,17.181171,186.72292,-2.155992,-17.86773,183.71437,3.692395,38.795662,175.60608,-14.068544,-41.357445,173.81938,-5.568789,56.226784,169.15016,0.79388183,-62.23163,165.62473,2.3973045,10.801045,142.59592,-23.723429,-13.090835,141.48889,-18.958132,28.816345,113.38242,-8.717591,-22.19699,109.73171,-1.9849011,36.85929,79.88905,-21.94356,-36.7971,78.377144,-16.008604
1.9638747,188.73578,25.954815,4.9412427,192.49792,24.19978,-1.6468235,192.31636,24.96126,9.103444,194.8439,14.754115,-7.166227,193.9518,16.14419,16.980793,186.71727,-2.6967275,-17.786364,183.47531,4.3209696,38.297646,175.08249,-14.535758,-41.308777,173.77802,-4.92194,55.983677,169.26274,0.20243795,-62.114132,165.31747,2.579239,9.839543,142.22604,-23.71713,-13.63199,141.06703,-18.363138,27.720797,112.86724,-8.917384,-21.831604,109.29478,-1.1948515,37.02833,79.11012,-21.307524,-36.373432,79.0541,-17.462355
2.5185435,188.20894,25.851088,5.535403,192.02925,24.30686,-1.0770987,191.7855,24.788504,9.704784,194.30528,14.705206,-6.595188,193.677,16.15611,16.697054,186.25632,-3.3416867,-17.612953,182.92117,4.7968817,37.7621,174.14671,-14.803154,-41.32182,173.59546,-4.575261,55.46732,168.94312,0.15075997,-62.223755,164.9537,2.5189104,8.9307575,141.60405,-23.413027,-14.313099,140.59563,-17.833212,26.681469,111.83623,-8.9765835,-21.216925,108.49931,-0.5590923,37.09968,78.048676,-20.613956,-36.03627,79.744774,-19.158344
3.0721774,187.52748,25.742783,6.13361,191.33853,24.266058,-0.48289034,191.17099,24.764742,10.353288,193.46446,14.500851,-5.965903,193.08179,16.092424,16.435339,185.49742,-4.0285215,-17.552858,182.18408,5.27776,37.390335,172.74258,-15.080447,-41.400166,172.93552,-4.110009,54.945023,168.11041,0.23417962,-62.40747,164.11275,2.606447,7.972735,140.83432,-23.26366,-15.021069,139.77695,-17.20802,25.88561,110.87481,-9.087022,-20.660204,107.48784,0.043553002,37.20253,76.99366,-20.133793,-35.900085,80.1856,-20.617325
3.7624724,186.65176,25.627234,7.040157,190.26457,24.10218,0.4238795,190.46346,24.51133,10.93002,192.49107,14.29573,-5.392892,191.99257,15.962341,16.111803,184.26842,-4.5203433,-17.467516,181.26851,5.838977,36.810406,171.0369,-15.483038,-41.332664,172.00862,-3.3960845,54.258392,167.68872,0.2655176,-62.524223,163.29803,2.8474123,7.116,139.84973,-23.050198,-15.684533,138.74161,-16.75214,25.09742,109.789085,-9.067829,-20.256172,106.17877,0.57453513,37.06867,76.033264,-19.87646,-35.961212,80.49385,-21.879166
4.5184736,185.44128,25.523043,7.8326616,188.95949,23.871372,1.2135681,189.23091,24.262642,11.416727,191.1111,13.932273,-4.8402166,190.6669,15.988593,15.7815,182.55692,-4.880293,-17.437151,179.86508,6.2840195,36.378906,169.17311,-15.645875,-41.474842,170.81177,-2.5094404,53.918064,166.97102,0.22540854,-62.825783,162.13696,3.3054645,6.3784704,138.39944,-22.696524,-16.163849,137.20361,-16.50929,24.466063,108.37679,-9.1136055,-20.002794,104.59267,1.0469604,36.681038,74.641594,-20.316677,-35.840836,80.29379,-22.76807
5.1008883,183.94426,25.444458,8.472689,187.31038,23.600758,1.8825867,187.79446,24.124327,11.895337,189.25963,13.639788,-4.32052,189.32812,16.034193,15.3931265,180.82855,-5.213617,-17.211605,178.49333,6.769445,35.89004,167.482,-15.819562,-41.198494,169.57346,-1.9503609,53.485096,165.74467,0.14226887,-62.826084,161.24216,3.1145465,5.8124056,136.98076,-22.578533,-16.653358,135.79846,-16.078781,24.04054,106.91216,-8.962515,-19.873327,102.90218,1.461173,35.938454,73.42894,-20.715864,-35.827778,79.15377,-23.01172
5.7433944,182.60158,25.33251,9.136987,185.91751,23.43195,2.5433323,186.40472,23.850103,12.363571,187.4521,13.224946,-3.8091512,187.80293,15.9569,15.041203,178.59204,-5.1475973,-16.98082,176.96042,6.958901,35.605984,165.51396,-15.705987,-40.997684,167.9829,-1.4719845,53.626648,164.6911,-0.2736198,-62.992058,160.20813,3.2302432,5.34998,135.20857,-22.198006,-16.988289,133.9719,-15.671024,23.9435,105.409004,-8.581458,-20.086468,100.982925,1.8856534,34.528976,72.308105,-21.592308,-36.029106,77.93247,-23.22922
6.422067,181.0797,25.002037,9.794656,184.37871,23.037909,3.2189894,184.94034,23.670582,12.78909,185.49533,12.636473,-3.3073933,186.13962,15.750505,14.865056,176.58919,-5.4456453,-16.813215,175.4691,7.2788363,35.47706,163.54388,-15.919948,-40.96755,166.54141,-0.88202256,53.50568,163.60744,-0.53436637,-63.173573,159.0066,3.381914,4.9055133,133.53404,-22.19148,-17.303268,132.40575,-15.130642,23.893002,104.30728,-7.9203405,-20.281174,99.202354,2.2236,32.986145,71.523155,-21.757692,-36.01109,76.78452,-23.199717
6.997869,179.71661,24.67054,10.307932,182.99701,22.561054,3.7785084,183.61221,23.494602,13.345909,183.912,12.214387,-2.7435386,184.54948,15.327346,14.594662,174.67238,-5.5093727,-16.594519,174.06458,7.232058,35.20269,161.94917,-15.846909,-40.926876,165.27841,-0.6182158,53.50146,162.05885,-0.6810824,-63.225384,158.09576,3.541714,4.5306416,131.99141,-22.147507,-17.678743,130.78957,-14.842211,23.866064,103.715225,-7.178105,-20.337439,97.41429,2.5446677,31.727695,71.21337,-21.657553,-36.34693,75.771164,-23.105413
7.645047,178.35847,24.2541,10.946742,181.6097,22.09777,4.4046803,182.20871,22.99165,13.805726,182.44052,11.656459,-2.241679,183.20892,15.04995,14.306094,173.0499,-5.5776763,-16.596945,172.86858,7.255496,35.145477,160.69713,-15.759618,-40.951828,164.05402,-0.54809815,53.37709,161.02074,-0.42296815,-63.328835,157.17374,3.756444,4.2463355,130.92134,-22.107836,-18.014164,129.42052,-14.572961,24.063005,103.623795,-6.4187527,-20.799335,96.11743,2.678549,31.079897,70.96267,-21.17685,-37.087307,75.11954,-23.15566
8.044898,177.26572,23.856735,11.333087,180.52928,21.69726,4.8098025,181.15419,22.722647,13.989381,181.30122,11.15645,-1.9213383,182.47955,14.954748,14.499567,171.75618,-5.6951966,-16.6834,171.95749,7.098923,35.622818,159.81781,-15.617237,-41.086697,163.26074,-0.8447236,53.600136,160.09247,-0.084252805,-63.44885,156.45265,3.885114,3.9562423,130.27835,-21.815687,-18.205997,128.69719,-14.554617,24.203398,103.470825,-5.8877864,-21.407671,95.63179,2.9666026,30.425112,70.959175,-20.72849,-37.730488,74.98244,-23.110489
8.280735,176.56953,23.60691,11.59972,179.75323,21.36713,5.155159,180.5959,22.656599,14.066365,180.79208,10.901656,-1.8657982,181.82942,14.953741,14.788602,171.10255,-5.7270274,-16.76579,171.5208,6.846799,36.039883,159.46428,-15.582686,-41.13578,163.1182,-1.196862,53.7112,159.35573,0.18392707,-63.352367,156.19545,4.059873,3.9909585,129.87743,-21.745848,-18.345863,128.52673,-14.484162,24.444134,103.50549,-5.454005,-22.39119,95.759285,3.129243,30.12368,70.873314,-20.510231,-38.343647,74.932724,-23.005056
8.371153,176.30779,23.581017,11.684893,179.49065,21.331392,5.2984157,180.41457,22.82715,14.0120735,180.66718,10.837048,-1.8160474,181.91913,15.196043,15.147588,171.06313,-5.7566113,-16.635078,171.67734,6.5240664,36.388893,159.69716,-15.721183,-41.042946,163.57426,-1.5294231,53.881912,159.20045,0.25802788,-63.19713,156.53152,3.935043,4.025924,129.72743,-21.691813,-18.468052,128.57695,-14.503882,24.673069,103.545944,-5.455089,-23.758926,96.28119,3.537871,30.20665,71.057045,-20.497108,-38.772392,75.01443,-22.872547
8.448243,176.48341,23.735973,11.729327,179.80614,21.653685,5.310133,180.56477,23.124496,14.121771,181.04951,11.085604,-1.6526302,182.40932,15.43298,15.520694,171.35657,-5.504643,-16.428741,172.29039,5.9281063,36.631485,160.29642,-16.041021,-41.082,164.4163,-1.5844837,53.81241,159.38487,0.31517047,-63.104603,157.17084,3.945867,4.231393,130.1157,-21.756184,-18.520855,129.31398,-14.767216,24.795357,103.80028,-5.74093,-25.446667,97.53695,3.4748087,30.62252,71.24195,-20.501692,-38.987835,75.38461,-22.80052
8.25992,177.10242,23.93851,11.53946,180.3946,21.799673,5.1498632,181.20479,23.356855,13.967508,181.8525,11.373436,-1.8135148,183.14816,15.645727,16.050545,172.163,-5.146471,-16.372982,173.4651,5.520558,37.0773,161.22415,-16.341045,-41.053883,165.65909,-1.9821106,54.050087,159.67131,0.22208689,-62.880157,158.27962,4.3010383,4.690292,131.18239,-21.790226,-18.508062,130.59175,-15.217659,24.607609,104.106804,-6.0616436,-27.004396,99.20452,3.5281508,31.334044,71.44421,-20.551077,-39.09364,75.984245,-22.595802
7.7036405,178.12422,24.191786,11.013106,181.5455,22.343328,4.5985208,182.26707,23.90378,13.842187,183.27742,11.945938,-2.1173227,184.19339,15.633728,16.900196,173.15273,-4.8255477,-16.344143,174.79265,5.08372,37.763912,162.19061,-16.651587,-41.05533,166.95189,-2.5727162,54.44937,160.18625,0.097445086,-62.402905,159.58559,4.954104,5.167354,132.31577,-21.944334,-18.378643,131.87361,-15.923972,24.310213,104.56995,-6.6218047,-28.421457,101.1918,3.2786152,31.99099,71.722206,-20.467226,-39.019688,76.807144,-22.425257
7.0357738,179.28511,24.459146,10.422192,182.69035,22.712725,4.0446625,183.52376,24.358358,13.755949,184.68001,12.64122,-2.392082,185.6551,15.774438,17.852592,174.4798,-4.5852084,-16.166946,176.3662,4.6438193,38.632187,163.4407,-16.70282,-41.06687,168.78773,-3.1293588,54.63025,161.0604,0.64883304,-62.35084,161.59389,4.7079716,5.478802,133.4904,-22.170803,-18.30838,133.32433,-16.469635,23.772306,105.085915,-7.230568,-29.43562,103.0313,2.8565006,32.907055,72.13264,-20.155718,-38.811028,77.56518,-22.3589
6.5301557,180.54889,24.82294,9.861027,184.01196,23.092922,3.511567,184.7671,24.887178,13.480643,186.14227,13.169818,-2.6530237,187.128,16.018656,18.405743,175.90707,-3.9917002,-15.965158,178.07764,4.272839,39.066967,164.95409,-16.412262,-40.81027,170.84364,-4.0144324,55.322636,161.97318,0.46268702,-61.92192,163.50743,4.2978544,5.6566896,135.04712,-22.496424,-18.457115,135.03337,-17.028597,23.223257,105.988556,-7.87862,-30.434612,105.08269,2.338316,33.589302,72.6964,-19.582474,-38.40589,78.56143,-21.958698
6.092756,181.89247,25.11018,9.508936,185.37527,23.596304,3.0603187,186.09549,25.0321,13.152052,187.51968,13.551908,-2.9865143,188.39716,16.108332,18.572786,177.41942,-3.7338398,-15.90447,179.75037,3.9363728,39.56243,166.63815,-16.061174,-40.55984,172.6671,-4.9510536,55.666924,163.00624,1.0256368,-61.29227,165.23878,4.2291403,5.7634463,136.62828,-22.464825,-18.473473,136.74062,-17.705454,22.854607,107.00885,-8.401287,-31.130972,106.95291,1.6273785,34.48636,73.585655,-18.954554,-38.373077,79.47737,-21.945164
5.5442114,183.22948,25.405552,8.926241,186.66904,23.724709,2.4595394,187.37836,25.067055,12.882063,188.62744,13.93169,-3.2803736,189.78891,16.204271,18.850416,178.6529,-2.935238,-15.787751,181.38062,3.5290864,39.87394,168.23691,-15.726013,-40.433372,174.476,-5.7846704,55.93006,163.77808,1.2847089,-60.95688,167.09973,3.8236096,6.3384113,138.05614,-22.218653,-18.235128,138.42384,-18.439661,22.591011,107.853195,-8.631262,-31.383518,108.75,0.8379999,35.23645,74.52434,-18.19339,-38.55532,80.438805,-21.879793
4.840874,184.60867,25.654467,8.138923,187.96484,23.66482,1.7283794,188.72615,25.236023,12.464129,189.78427,14.224488,-3.766368,191.07532,16.201462,19.15685,179.86116,-2.2787795,-15.713148,182.81549,3.2111266,40.204174,169.70207,-15.172691,-40.176414,176.15288,-6.506628,56.273808,164.51326,1.6135372,-60.75715,168.79747,2.8542802,6.7468443,139.20737,-22.016169,-17.756294,139.9015,-18.964773,22.674109,108.66773,-8.526864,-31.382917,110.11742,-0.020654073,36.098267,75.23138,-17.513498,-38.77407,81.036674,-21.660149
4.256052,185.68985,25.728453,7.5244393,189.17265,23.913134,1.0778985,189.77473,25.42286,12.181748,190.87422,14.53398,-4.125206,192.05743,16.057219,19.506855,180.81966,-1.7407403,-15.663074,183.90457,2.8697865,40.781796,170.99521,-14.584777,-40.03747,177.60924,-7.124086,56.99119,165.4317,1.863861,-60.886272,170.51129,1.8919891,7.334109,140.09277,-21.884483,-17.247541,140.76694,-19.58228,22.71296,109.46299,-8.079256,-31.586779,111.23246,-0.75736976,36.486538,76.022575,-17.031853,-39.30724,81.606476,-21.496435
3.6163592,186.66606,25.967493,7.029918,190.03687,24.204601,0.52503633,190.771,25.326883,11.689683,191.89696,14.845598,-4.5773053,193.13808,16.125755,19.986725,181.58653,-1.0341752,-15.717618,184.69635,2.392763,41.254852,171.90466,-14.036828,-40.049416,178.78088,-7.9484377,57.653618,166.12962,2.0586567,-60.90062,172.02748,1.2301068,7.9932137,141.06317,-21.848612,-16.646627,141.66052,-20.043533,22.936247,110.31798,-7.4349775,-31.665071,112.26174,-1.5816168,36.73319,76.97919,-17.146135,-39.862183,81.87404,-21.077543
3.304682,187.34145,25.998438,6.7394495,190.71094,24.272457,0.1780733,191.37144,25.119703,11.404629,192.74347,15.024796,-4.937219,193.70747,16.140694,19.938684,182.38054,-0.35562587,-15.895717,185.33405,2.024453,41.414574,172.79488,-13.1662,-40.16355,179.5145,-8.790724,58.06993,166.77681,2.4792478,-60.859295,173.07098,0.8083751,8.725532,141.48207,-21.711206,-15.9493475,142.20155,-20.490257,23.131775,110.55904,-6.7563825,-31.529093,112.93086,-2.4132597,36.840797,77.521996,-17.64837,-40.413906,81.82446,-20.536139
2.9424076,187.87106,25.893562,6.3083253,191.27438,24.09534,-0.26750413,191.8037,24.886215,10.94389,193.2636,14.883684,-5.4137554,194.07841,16.030937,20.033752,183.12001,0.075768866,-15.878063,185.80135,1.4776044,41.6365,173.23866,-12.242504,-40.08535,179.94449,-9.372485,58.630722,167.32968,3.1293113,-60.642677,173.52841,1.0976814,9.628368,141.54042,-21.54272,-14.989916,142.40979,-21.005985,23.054493,110.59153,-6.0351763,-31.271404,113.31495,-3.1349604,36.66687,77.91133,-18.438787,-41.296665,81.46357,-19.79749
2.728117,188.26024,25.816887,5.942533,191.83772,24.065907,-0.64580554,192.06618,24.840574,10.558653,193.56418,14.675665,-5.794201,194.16153,15.936072,20.302551,183.48416,0.45161733,-15.95397,185.8622,1.2142322,42.092896,173.2334,-11.481936,-39.968895,180.20607,-9.965256,58.804844,167.43655,4.3764343,-60.597626,174.0976,0.49278045,10.424122,141.39275,-21.482391,-14.288739,142.27931,-21.339567,22.953365,110.4156,-5.120537,-30.93378,113.23072,-3.8146806,36.527626,78.459885,-19.478071,-42.15169,80.981995,-19.187729
2.3795722,188.29279,25.995022,5.5361314,191.8854,24.189798,-1.061028,192.00687,24.907541,10.257512,193.78807,14.915672,-6.088601,194.05643,15.944668,20.289639,183.66632,0.65278596,-15.887208,185.65776,0.6750449,42.237453,173.22139,-10.790901,-39.854904,180.04178,-10.7867775,58.952312,167.31848,5.0380974,-60.671055,174.47018,-0.5119875,11.117849,141.04736,-21.080692,-13.399777,141.84824,-21.392551,22.785313,109.928535,-4.2399592,-30.202532,112.82322,-4.1688128,36.080994,78.97414,-21.010796,-42.47167,80.425705,-18.336153
1.8515654,188.10399,26.084658,4.8805733,191.78076,24.232502,-1.7200787,191.66573,24.928947,9.939074,193.64139,15.158932,-6.3943434,193.79253,15.825295,20.46576,183.4272,0.82685435,-15.6626215,185.30804,0.24615541,42.63936,172.72902,-10.037779,-39.445465,179.68945,-11.4290495,59.430843,166.91914,5.6364093,-60.832436,174.59544,-2.4601262,11.718047,140.25774,-20.478762,-12.658852,141.2225,-21.33298,22.61291,109.0555,-3.0839815,-29.48131,112.10798,-4.3293214,35.485905,79.38702,-22.163408,-42.828926,79.6779,-17.624346
1.4147425,187.75282,26.14264,4.45638,191.45665,24.355597,-2.1624146,191.21233,24.708591,9.542744,193.17201,15.220635,-6.8098984,193.08517,15.661909,20.500015,182.79622,1.3688295,-15.478614,184.63867,-0.19638129,42.814163,172.03268,-9.069969,-39.16442,178.97006,-11.933434,59.889023,166.36722,6.310263,-61.13041,174.42056,-4.6576996,12.371496,139.20215,-19.71902,-11.910215,140.42279,-21.298336,22.486013,107.884544,-1.9267776,-28.840336,111.09728,-4.606967,34.734013,79.36068,-23.041212,-42.712276,78.682655,-17.318666
0.8676523,186.89287,26.035328,3.7933035,190.7377,24.36282,-2.8164322,190.2409,24.606522,8.973139,192.47859,15.166166,-7.3461604,192.16074,15.513463,20.447662,181.9975,1.9616646,-15.390447,183.72244,-1.1330353,42.89262,171.37045,-7.858166,-38.991993,177.57993,-12.751253,60.455456,165.64276,6.923726,-61.06052,173.61658,-5.4171996,12.895103,137.62526,-18.827745,-11.011222,139.22423,-21.526945,22.28093,106.17082,-0.93407875,-28.034122,109.77577,-4.9446783,34.116478,79.0469,-23.668064,-42.071445,77.3541,-17.508524
0.18902817,186.04553,26.028456,3.2225497,189.81766,24.373154,-3.3899283,189.49884,24.569672,8.429711,191.58754,15.267224,-7.89742,191.10965,15.348085,20.322542,180.7898,2.557732,-15.343477,182.46863,-2.1261547,43.04718,170.14883,-6.639585,-38.7738,175.86989,-13.896759,60.971413,164.82729,7.9192467,-60.896774,172.1991,-5.9519405,13.289403,136.12973,-18.055183,-10.331151,137.8004,-21.67205,22.048483,104.416725,-0.17366774,-27.580822,108.432686,-5.166752,33.886196,78.21057,-24.154764,-41.19314,75.97969,-18.226711
-0.7273729,184.86378,25.858582,2.2491705,188.69818,24.273752,-4.3689294,188.26056,24.433887,7.7226205,190.37756,15.244215,-8.680283,189.9609,15.127563,20.383848,179.53519,3.1104121,-15.103855,181.1286,-3.3588278,43.288494,168.5997,-5.3509808,-38.581593,173.96254,-14.743158,61.590954,163.35423,8.782845,-60.85656,170.76295,-6.752231,13.786194,134.4318,-17.332903,-9.526791,136.25128,-21.753036,21.739752,102.66377,0.5986777,-27.143597,107.10186,-5.0474005,33.789257,77.2943,-24.173733,-39.56131,74.928185,-18.917664
-1.6191097,183.55746,25.789232,1.3506851,187.38991,24.169882,-5.266067,186.86626,24.176058,6.967373,189.14153,15.320299,-9.40527,188.61348,14.909387,20.24807,178.10483,3.6088612,-14.859292,179.67752,-4.339411,43.45006,167.5211,-4.3143187,-38.282787,172.01303,-15.533509,61.885456,161.69283,9.438126,-60.611256,169.37827,-7.652571,14.159013,132.97661,-16.633703,-9.002107,134.62967,-21.5887,21.258917,100.94421,1.1920111,-26.687702,105.74413,-4.780045,34.163048,76.32563,-23.970484,-37.749035,74.041176,-19.791113
-2.5264409,182.23607,25.411316,0.47064456,186.20338,24.230167,-6.1285253,185.65392,23.925446,6.1862426,187.9915,15.125188,-10.145129,187.34293,14.437655,19.979681,176.68388,4.1014814,-14.664394,178.10573,-5.2252855,43.541412,166.3722,-3.4024792,-38.027016,170.13004,-15.979671,62.338425,160.23138,9.861663,-60.485504,167.73552,-8.7010145,14.600355,131.5495,-15.843677,-8.415003,133.29066,-21.445017,20.815493,99.34977,1.5604019,-26.199884,104.47243,-4.395106,34.79172,75.495056,-23.780136,-36.132076,72.93585,-19.880936
-3.3877244,181.1251,25.028425,-0.39286548,185.15033,24.037094,-6.967407,184.52786,23.464716,5.5391808,186.95462,14.974344,-10.73805,185.93626,13.738239,19.627867,175.61696,4.1572747,-14.461892,176.50005,-5.773097,43.363613,164.92267,-2.7210503,-37.788837,168.46484,-16.246237,62.179283,158.42795,10.531474,-60.394283,166.13974,-9.245651,14.973504,130.51648,-15.156137,-7.884937,132.17377,-21.21252,20.670305,98.063774,1.6616976,-25.771326,103.72118,-3.8749928,36.128937,74.93552,-23.678024,-34.69537,72.10901,-19.685555
-4.2873125,180.23396,24.624966,-1.3543456,184.29727,23.613182,-7.8912663,183.51631,22.856045,4.733108,186.24953,14.76926,-11.432592,184.69997,13.040835,19.36662,174.7046,4.5802803,-14.221125,175.0845,-5.9085026,43.06544,163.52162,-1.4050281,-37.24229,167.12376,-16.896,62.162655,157.22377,11.277433,-60.003143,165.07698,-10.093434,15.208488,129.82732,-15.012201,-7.3139205,131.33957,-20.842571,21.025026,97.27786,1.5591906,-25.421091,103.57399,-3.0670497,37.32303,74.677185,-23.765911,-33.717278,72.17103,-19.330494
-5.0781927,179.7725,24.372343,-2.1167495,183.82895,23.431137,-8.542382,182.89384,22.09749,4.1548676,185.79881,14.677168,-11.944484,184.22313,12.6144285,19.080326,174.2066,4.8611264,-14.163462,174.00418,-5.6861343,42.792618,163.12338,-1.18608,-36.9854,166.21527,-17.10115,62.251343,156.38896,10.742146,-59.809395,164.1581,-10.383859,15.523288,129.33522,-15.112937,-7.070357,130.83246,-20.181208,21.877256,96.77547,1.2798159,-25.511702,103.64376,-1.7179918,38.72038,74.34359,-23.901133,-33.177956,72.37191,-18.805164
-5.1308193,179.609,24.145037,-2.4354763,183.82407,23.105455,-8.799134,182.4707,21.85604,3.8340096,185.61569,14.275065,-12.317389,183.92023,12.496537,18.559805,174.25668,4.772285,-14.515534,173.6743,-5.569637,42.32115,162.77045,-0.8628904,-36.99218,165.68315,-17.694752,62.294678,156.27203,10.154794,-59.672062,163.69252,-10.317872,15.699537,129.11331,-15.11492,-7.033688,130.48004,-19.061577,23.039686,96.77931,1.1554295,-25.577194,103.60255,-1.0359315,39.60479,74.157616,-24.006756,-32.880177,72.399055,-18.296305
-5.2219963,179.92732,24.0312,-2.5367463,184.09203,22.769287,-8.944613,182.73152,21.75015,3.626748,186.02959,14.133401,-12.520882,183.774,12.315521,18.024227,174.67545,4.622792,-14.689943,173.82509,-5.529135,42.04891,163.29628,-0.8017245,-37.09249,165.75443,-17.839285,62.03923,156.23935,10.00584,-59.752693,163.84375,-10.434895,15.812257,129.10757,-14.911794,-7.1616774,130.36499,-18.466055,24.648697,97.05511,1.0490415,-25.550741,103.42993,-0.5553081,40.037735,74.17086,-24.2104,-32.76602,72.16618,-17.928638
-5.2734528,180.71416,23.927263,-2.4430645,184.76202,22.607746,-8.897635,183.61948,21.613148,3.5715113,186.82443,13.983557,-12.520967,184.45476,12.163599,17.921915,175.46681,4.479983,-14.93868,174.53511,-5.3951406,41.953537,163.99593,-0.7425387,-37.29913,166.35513,-17.619772,61.77952,156.87114,10.5144,-59.852833,164.28088,-10.18443,15.776815,129.74144,-14.824534,-7.398027,130.702,-18.277746,26.144512,97.9613,0.7514471,-25.455963,103.21131,-0.7444452,39.961437,74.3139,-24.271416,-33.029495,72.18394,-17.981117
-5.148117,181.87227,23.894976,-2.3469424,185.89224,22.435572,-8.774847,184.62985,21.420616,3.6015399,187.97366,13.842529,-12.532665,185.6615,12.189663,17.926807,176.71469,4.1029353,-15.035866,175.7144,-5.2127733,41.80064,165.01974,-0.5520233,-37.377277,167.48564,-17.065802,61.308407,157.95462,10.998143,-59.923557,164.88336,-9.543674,15.753175,130.49002,-14.931338,-7.438314,131.51775,-18.39754,27.497307,99.12132,0.6038713,-25.168743,103.366905,-1.4527171,39.504696,74.56524,-24.175179,-33.64624,72.33315,-18.157259
-4.8416653,183.36536,23.94867,-2.054864,187.3572,22.394318,-8.500081,186.09148,21.48249,3.6012309,189.38678,13.630153,-12.580975,187.02948,12.453398,17.625048,178.03622,3.8860576,-15.294213,177.129,-4.8999267,41.64158,166.56815,-0.7444933,-37.513393,168.81111,-16.924652,61.07246,159.5409,11.099943,-59.966312,166.19928,-9.092247,15.731288,131.7823,-14.955053,-7.68384,132.58612,-18.701902,28.66483,100.679214,0.7600488,-24.781952,103.80474,-2.317445,39.058495,75.196556,-23.771269,-34.177635,72.58173,-18.248087
-4.3685193,184.76006,24.120218,-1.6715236,188.81235,22.563694,-8.159069,187.56757,21.958422,3.821682,190.79736,13.638655,-12.383871,188.5432,12.866336,17.583876,179.46411,3.4749298,-15.740129,178.5407,-4.2676716,41.733746,168.64604,-1.426052,-37.885967,170.49956,-16.582592,60.758015,161.39978,10.576124,-60.180614,167.55072,-8.641633,15.766964,133.22778,-15.148583,-7.824947,133.90688,-19.302288,29.33521,102.52014,0.8548985,-24.56256,104.42522,-3.5007346,38.651905,75.85812,-23.12499,-34.87419,72.591835,-18.058733
-4.002399,186.32631,24.248741,-1.3849841,190.35683,22.506794,-7.8681717,189.02492,22.094814,4.1716247,192.29869,13.734942,-12.067149,190.1447,13.078811,17.665295,181.19878,3.1099837,-16.199532,180.17548,-3.8984718,42.165688,171.16296,-2.1086214,-38.284554,172.51312,-16.976238,60.242153,162.98051,11.171174,-60.07765,169.29665,-7.408424,15.709172,134.92624,-15.5758505,-7.990074,135.44957,-19.614693,29.737022,104.41848,0.65336055,-24.201399,105.19609,-4.746151,38.041637,76.70656,-22.583027,-35.65668,73.03406,-17.687143
-3.7520545,187.97827,24.518066,-1.0505587,191.84134,22.557232,-7.5767655,190.66374,22.2787,4.2979703,193.92584,13.8593235,-11.96884,191.79865,13.478542,17.671139,182.93008,2.7257886,-16.330929,181.93855,-3.5234706,42.387905,173.1953,-2.2187698,-38.32243,174.50801,-17.120802,60.171654,165.313,11.409741,-59.85791,170.9068,-6.922196,15.55794,136.45015,-16.116436,-8.174863,136.96068,-19.908342,30.113401,106.23222,0.3566959,-24.291286,106.21313,-6.0862746,37.694187,77.63034,-21.970331,-36.568554,73.7103,-17.317467
-3.2250712,189.28719,24.676563,-0.42778975,193.12349,22.793598,-7.001433,192.25162,22.725325,4.6304336,195.47116,14.0168295,-11.678191,193.68225,13.974928,17.490843,184.76746,2.2836928,-16.624445,183.61603,-3.0396547,42.393967,175.69186,-2.5362113,-38.65084,176.74321,-17.047636,60.41192,167.83356,10.771232,-59.844696,172.11496,-6.8508797,15.442274,138.21382,-16.58042,-8.390863,138.55246,-19.930225,30.152979,108.14829,0.089847825,-24.439222,107.280594,-7.277908,37.18787,78.730804,-21.08479,-37.427734,74.43313,-16.984291
-2.5621853,190.66023,24.587793,0.18889284,194.63512,22.932014,-6.394996,193.87,23.199215,5.1243286,196.95985,13.866033,-11.203854,195.44914,14.1833515,17.307339,186.54132,1.7373117,-16.817019,185.4236,-2.6102223,42.481564,178.24974,-2.9336848,-39.133076,179.02214,-16.459503,60.45196,170.25659,10.134319,-59.915565,173.48552,-5.6441236,15.301811,139.83449,-17.00304,-8.673638,140.09943,-19.785028,29.930937,109.79681,-0.2345946,-24.684502,108.39106,-8.730245,36.98293,79.51873,-20.434608,-38.38493,75.180214,-16.804989
-2.208672,191.98058,24.607794,0.5788739,195.97688,23.072721,-6.009566,195.25691,23.309465,5.497851,198.35522,13.89239,-10.834756,196.89922,14.283993,17.520458,188.19421,1.4917233,-16.862894,187.01854,-2.115146,42.904232,180.66061,-3.6982343,-39.500065,181.15108,-15.61444,60.435287,172.12437,9.589661,-59.89636,174.80122,-4.6881824,15.239698,141.42981,-17.3721,-9.026455,141.73445,-19.725815,29.518383,111.22514,-0.75120544,-24.78798,109.47742,-9.828325,36.56346,80.29811,-19.870077,-39.1315,75.893875,-16.584223
-1.6379839,193.21233,24.69879,1.0716109,197.18498,22.970512,-5.5028067,196.41138,23.380547,5.981103,199.48555,13.861118,-10.34908,198.27502,14.498197,17.840254,189.68678,1.3529606,-16.909433,188.55644,-1.5287459,43.217693,182.98904,-4.483768,-40.097088,183.10968,-14.244379,60.195736,173.81876,8.933019,-60.027885,175.72081,-3.7391675,14.835851,142.79196,-17.790539,-9.44417,142.97424,-19.723106,29.048513,112.50289,-1.2598063,-25.057085,110.4628,-10.874014,36.43136,81.00675,-19.352571,-39.596584,76.69236,-16.699043
-1.1803968,194.23752,24.649935,1.6132516,198.1404,22.90902,-4.98163,197.53302,23.393291,6.4651995,200.53534,13.849892,-9.900352,199.14447,14.370569,18.231882,190.94102,1.0872507,-17.04581,189.83672,-0.7723697,43.580776,184.9233,-5.485897,-40.61131,185.33243,-13.042036,59.68072,175.12917,8.506223,-59.941444,176.52211,-2.9286804,14.59959,143.6992,-18.049421,-9.742992,143.7862,-19.748466,28.763054,113.39656,-1.5654184,-25.540472,111.16429,-11.520685,36.18132,81.36974,-18.625395,-40.17139,77.30364,-17.027811
-0.6155721,194.90366,24.745716,2.3947806,198.64384,23.013542,-4.224795,198.42146,23.562805,7.01765,201.12589,13.872689,-9.335146,200.0667,14.652389,18.34938,191.93585,0.7650021,-17.365881,190.9709,-0.17447744,43.563225,186.57234,-6.7082458,-41.376163,187.25731,-11.857316,59.27267,176.17848,7.315011,-59.936626,176.75581,-2.202426,14.14696,144.31212,-18.201534,-10.285353,144.39917,-19.651228,28.532887,114.02462,-1.765218,-25.832642,111.69977,-11.45171,36.205086,81.44401,-17.802988,-40.51046,77.96638,-18.11201
0.25097638,195.44258,24.978954,3.162723,199.25005,23.216965,-3.4377897,198.90509,23.851418,7.5940037,201.58351,13.910347,-8.769025,200.63582,15.139301,18.532198,192.79944,0.7073905,-17.590765,192.03351,0.42941132,43.49354,187.98917,-8.075499,-41.83008,188.8425,-11.053201,58.322056,176.86682,6.203737,-59.249115,176.51299,-1.6175084,13.418677,144.56743,-18.16584,-10.987696,144.77649,-19.400204,28.019258,114.419304,-1.8058053,-26.337132,112.00948,-11.395237,36.193672,81.41778,-16.848255,-40.78551,78.64615,-20.075974
1.0131521,195.67044,25.306322,3.937775,199.4928,23.589777,-2.6542833,199.20137,24.310219,8.101864,201.86967,14.131198,-8.220699,201.17834,15.784101,18.591251,193.06161,0.5178268,-17.707249,192.52583,1.0317166,42.8983,189.10307,-10.250666,-42.123215,190.0523,-10.205355,57.04257,177.6462,4.4952726,-58.402485,176.2327,-1.1725527,12.696217,144.66069,-17.945208,-11.637112,144.90666,-19.14897,27.672047,114.493256,-1.7534248,-26.673975,112.26793,-10.796328,36.498886,81.33208,-15.852032,-41.033043,79.620865,-22.041897
1.6966331,195.86385,25.572308,4.658701,199.62009,23.77711,-1.9300581,199.41443,24.514229,8.79133,201.8291,14.312748,-7.565937,201.32697,16.069868,18.662586,192.99585,0.19429305,-18.194368,192.94447,1.7778935,42.469517,188.88417,-11.698844,-42.26843,191.16264,-10.007403,55.47935,177.12978,4.1226735,-57.32619,175.6393,-1.6520058,12.149147,144.53549,-17.492062,-12.262809,144.86359,-18.893156,27.128857,114.10948,-1.567861,-27.028694,112.3,-10.266506,36.864815,80.872154,-15.068236,-41.324448,80.3728,-23.69505
2.2688239,195.9246,26.02242,5.3961563,199.56589,24.261457,-1.2192861,199.5563,24.780474,9.276212,201.72191,14.635348,-7.057086,201.25854,16.524185,18.725826,192.82571,-0.04235944,-18.021696,193.09401,2.3697393,41.52464,188.26178,-13.670346,-41.917995,191.17061,-9.62479,53.424988,176.62138,2.7779427,-56.07337,174.61963,-1.8726113,11.51219,144.07663,-17.028013,-12.840393,144.65236,-18.414738,26.507467,113.57562,-1.2554511,-27.303963,111.83983,-9.6308365,37.110928,80.35667,-14.404852,-41.31344,80.72226,-25.427568
2.737169,195.53874,26.254673,5.9017553,199.16415,24.523926,-0.7007903,199.24835,25.100079,9.857155,201.35353,14.924532,-6.45572,201.114,16.758423,18.78183,192.39758,-0.51793015,-17.615698,193.08273,2.960238,40.365803,186.82007,-15.634273,-41.449604,190.42546,-9.071766,51.120354,175.80647,1.8973533,-54.606686,172.71143,-1.9905835,10.971965,143.7349,-16.389814,-13.4225,144.45715,-17.38479,25.868475,112.86742,-1.0304325,-27.41462,111.25804,-9.09937,37.42301,79.8025,-14.123123,-41.3619,81.04518,-27.177143
3.383675,195.01793,26.411768,6.4874673,198.69075,24.6825,-0.09788498,198.74553,25.491882,10.485428,200.76318,15.022412,-5.821387,200.52242,16.881468,18.645386,191.73927,-0.83138645,-17.294014,192.3781,3.6223018,38.574207,184.94525,-17.401918,-40.79497,189.02167,-8.571138,48.883194,173.98439,0.5883553,-53.01233,170.68863,-1.325074,10.343171,143.17491,-15.888764,-13.606683,144.05537,-16.4163,25.226376,112.096565,-0.67749214,-27.321705,110.6126,-8.694224,37.287292,79.219055,-14.021626,-41.36722,81.51197,-28.87276
4.090501,194.377,26.668722,7.2427726,198.00775,24.933033,0.6681209,198.1772,25.80989,11.12541,199.95343,15.184797,-5.173028,199.66072,17.042912,18.278862,190.74,-1.2190714,-16.752832,191.4014,4.2033224,36.288696,182.35837,-19.098656,-40.008,187.09042,-8.054817,46.54704,172.10902,-0.57084537,-51.37945,168.01419,-1.770767,9.9191265,142.33011,-15.285768,-14.011574,143.31836,-15.309452,24.718014,111.04525,-0.2606612,-27.395502,109.38023,-8.235187,37.238888,78.36946,-13.743476,-41.39705,81.615814,-30.293976
4.829074,193.58649,27.092196,7.974477,197.22292,25.348228,1.4038838,197.38248,26.229574,11.90487,198.94229,15.54525,-4.42686,198.61993,17.294474,18.116648,189.18002,-1.5759264,-16.27852,190.28705,4.452165,33.93031,179.2729,-20.705404,-39.3178,184.43118,-7.527112,44.281315,169.62367,-1.8464688,-49.67176,164.09912,-3.1035428,9.482852,141.1844,-14.369989,-14.394962,142.35434,-14.091126,24.277105,109.69164,0.26630604,-27.300655,107.800995,-7.7999315,36.78076,77.164894,-13.956917,-41.590736,81.14612,-31.251774
5.5741787,192.56718,27.270985,8.66693,196.2326,25.508163,2.0963855,196.31892,26.426804,12.527925,197.65515,15.47552,-3.730269,197.55083,17.496468,17.801016,187.32317,-2.0396674,-15.940432,188.58556,5.223487,31.482775,175.89558,-21.975626,-38.2549,181.54498,-7.3243475,41.94386,166.53545,-2.8745806,-48.06902,160.97487,-3.1059968,9.288968,139.67366,-13.669522,-14.380643,140.88705,-12.835907,24.102499,108.12143,0.7540318,-26.981167,105.843605,-7.9560127,36.075012,75.54985,-14.36374,-42.203117,80.030594,-32.010056
6.334598,191.5292,27.451986,9.562391,195.08937,25.719717,2.974278,195.3511,26.446754,13.258671,196.34407,15.500509,-3.0029926,196.35947,17.674892,17.472168,185.38185,-2.6792045,-15.764486,186.60046,6.1548476,28.750103,172.0057,-22.902449,-37.188396,178.05821,-7.082577,39.72052,162.89513,-3.8058538,-46.48074,157.04785,-3.4985032,9.225718,138.02097,-12.892577,-14.267483,139.03014,-11.6599655,24.205996,106.221306,0.94668394,-26.896284,103.9341,-8.165832,34.95978,74.02822,-14.820489,-42.86384,78.41333,-32.387943
7.1368427,190.62067,27.766066,10.377375,194.0724,25.843925,3.7692122,194.31117,26.361021,13.874186,194.9689,15.56925,-2.3489814,195.13458,17.945055,16.920769,183.30331,-3.7168837,-15.738641,184.7113,6.9020944,26.219477,167.87167,-23.491049,-35.844727,174.18544,-6.91534,38.09474,158.85942,-4.968948,-44.66306,152.53386,-4.1390777,9.084297,136.2087,-12.200194,-14.088359,136.99614,-10.363584,24.41845,104.60922,1.3712196,-27.10047,101.84105,-8.397957,33.501556,72.759155,-15.093399,-43.612667,76.86777,-32.472202
7.70489,189.69502,27.713974,10.935647,193.1574,25.796185,4.3345623,193.40501,26.379026,14.345334,193.78748,15.364918,-1.8686275,194.17865,17.984232,16.653336,181.22084,-4.056841,-15.662867,183.07814,7.2069864,24.05722,164.02959,-23.462997,-34.411846,170.1096,-6.8408895,36.86481,154.31169,-6.1476383,-42.865746,148.20795,-5.0873866,9.019016,134.48665,-11.701496,-14.239045,135.23955,-9.448031,24.56361,103.619064,2.1145492,-27.36355,100.517365,-8.53135,32.206413,72.13519,-14.895098,-44.273155,75.92973,-32.38814
7.984488,189.0871,27.353899,11.330859,192.46541,25.47206,4.731665,192.86574,25.91552,14.447701,193.19069,14.933688,-1.7276638,193.79053,17.923172,16.392933,179.81198,-4.192027,-15.520949,182.12355,7.606063,22.184458,160.91312,-22.761078,-32.74024,167.02267,-6.651731,36.261574,149.6783,-7.4693418,-40.684273,144.84048,-5.8146763,8.623308,133.17545,-11.537962,-14.5842495,133.8669,-8.976244,24.607386,103.60894,3.0745559,-27.762764,99.30722,-8.146806,31.235672,72.18117,-14.429688,-44.779907,75.60926,-32.2994
8.329218,189.19402,26.95421,11.728443,192.39552,24.87128,5.160865,193.04039,25.530394,14.56907,192.85602,14.272552,-1.4911573,193.89485,17.544064,16.341425,179.20131,-4.137498,-15.757831,181.6806,7.7854357,20.692766,158.61179,-21.760195,-31.881647,165.13495,-6.267261,35.046722,145.59761,-8.443407,-38.20458,142.05312,-6.3069468,8.337185,132.71268,-11.404492,-15.1857815,133.34825,-8.861179,25.19943,103.55096,3.4152865,-28.467455,98.93262,-7.0193653,30.422192,72.13465,-14.245318,-44.838867,75.82518,-31.927557
8.4664545,189.49246,26.199654,11.807296,192.70161,24.028284,5.2533007,193.30867,24.786495,14.586707,193.19574,13.502474,-1.4666674,194.24876,16.978865,16.343994,178.86539,-4.22722,-15.847334,182.15439,7.844017,19.76464,157.28801,-20.83282,-31.424986,165.00996,-6.039333,33.82729,143.02177,-8.575626,-35.55862,141.8111,-4.197651,8.075962,132.99098,-11.794946,-15.671556,133.83974,-9.234381,25.389145,103.66736,2.8245254,-29.123339,99.60773,-5.4701953,29.95476,72.07929,-14.461576,-44.37705,76.57308,-31.330566
8.416709,190.3801,25.594723,11.74776,193.5356,23.320307,5.2212524,194.22084,24.199518,14.571844,193.90135,12.8979025,-1.5123112,195.08861,16.330061,16.5398,179.28723,-4.266188,-15.639717,182.83913,7.2131085,19.170488,157.72128,-20.701216,-31.911306,166.22055,-6.45206,32.063282,143.13577,-7.4537888,-32.749588,143.40175,-1.4136957,7.8921924,133.64517,-12.301547,-15.959177,134.49875,-9.661488,25.172289,104.075165,1.9958907,-29.79453,100.5389,-3.8596346,29.698988,72.170586,-14.939186,-42.927975,77.60586,-30.502705
8.105834,191.48172,24.934334,11.454216,194.5763,22.613277,4.932498,195.3314,23.516247,14.383417,195.01627,12.281175,-1.6887125,196.16127,15.58213,16.756636,180.15303,-4.4910088,-15.296821,184.0529,6.138531,19.593834,158.7735,-21.053158,-32.921986,168.80508,-6.987586,29.914661,145.00714,-4.97819,-30.561243,146.99355,1.0174723,7.666489,134.40335,-12.620177,-16.171665,135.2826,-10.082977,24.69776,104.30765,0.7609468,-30.326572,102.183365,-1.8685741,29.89653,72.19448,-15.411972,-40.434875,79.22125,-29.35047
7.6108303,192.66307,24.378517,10.863582,195.82712,22.025377,4.356676,196.5067,23.15226,14.2568035,196.31215,11.918741,-1.8840033,197.47452,14.776627,17.039394,181.63622,-4.53972,-15.089397,185.87697,5.083998,20.701777,160.9238,-21.632862,-33.929302,171.47548,-7.2992096,27.58178,148.92361,-2.6681194,-28.7327,150.91164,2.9964817,7.437367,135.46913,-13.010256,-16.28969,136.48381,-10.716027,23.865261,104.7081,-0.737347,-30.70301,104.23622,0.4555527,30.240913,72.41001,-16.022657,-37.32628,81.53945,-28.161358
7.0213156,194.08778,23.860252,10.364429,197.25812,21.645487,3.8661535,198.05211,22.744085,14.005136,197.88,11.626056,-2.2141497,199.12439,14.120604,17.574265,182.87846,-4.3739696,-15.0306635,187.79868,4.063254,22.953627,162.60728,-21.954224,-34.961872,174.19528,-7.350205,25.283554,153.56305,-0.4417444,-26.981812,155.139,4.2012224,6.9627185,137.12347,-13.345137,-16.919754,138.5105,-11.300538,22.467524,105.17864,-2.4463308,-30.63736,106.90733,2.5811265,30.347506,72.63082,-16.6695,-34.10062,84.51562,-26.960438
6.6183915,195.54688,23.236856,9.910326,198.81876,21.097494,3.421078,199.52452,22.332464,13.678367,199.63475,11.138854,-2.520295,200.90454,13.615609,18.007725,184.78207,-4.4041605,-15.124893,190.0908,3.209931,25.065935,164.6133,-21.600586,-36.188976,177.3374,-7.2691865,23.44386,159.17172,1.2202861,-25.994429,161.00958,6.182051,6.640105,138.95496,-13.867357,-17.251844,140.74564,-12.259936,20.872429,106.064804,-4.1037455,-30.3891,109.92746,4.289127,30.207932,73.228294,-17.266035,-30.396606,88.24759,-25.551664
6.1729846,197.21817,22.474823,9.536546,200.60675,20.642555,3.0431144,201.30582,21.837639,13.3385725,201.54346,10.53942,-2.9124827,202.82335,12.919462,17.92861,187.23619,-4.3041353,-14.945405,192.6085,2.3007152,27.339603,167.76746,-20.641047,-37.22441,180.95282,-6.594767,21.849205,164.47778,2.243455,-25.113316,167.33888,8.240405,6.2081065,140.70383,-14.540284,-17.400606,142.86183,-13.219404,19.510582,107.08554,-5.629525,-30.239586,113.198044,5.590461,29.615685,73.82493,-17.581968,-26.707203,92.03444,-24.277803
5.6663575,198.7121,21.471392,9.027472,202.10152,19.631542,2.680658,202.9553,21.363594,12.69727,203.2663,9.530297,-3.4713037,204.65771,12.222182,18.062996,189.35571,-4.212856,-15.255918,194.6343,1.2439404,30.107645,170.542,-19.063597,-38.64187,183.90651,-5.727604,22.552443,169.60387,3.4878933,-25.038265,173.06477,10.538496,6.0281243,142.37508,-15.331758,-17.571358,144.80945,-13.983207,18.307865,108.14047,-7.4048386,-29.978325,116.27083,6.910053,28.665884,74.518486,-17.734459,-23.83968,95.84182,-22.94107
5.2384024,200.33133,20.717651,8.627987,203.70628,18.912441,2.2300723,204.54811,20.4773,12.124633,205.18709,8.7629385,-4.0381627,206.2141,11.518663,17.98375,191.36035,-4.185563,-15.876995,196.42601,-0.04158188,33.43751,173.44734,-16.679663,-40.339798,186.41069,-4.6713624,24.439674,173.92291,5.2119875,-25.485926,178.31729,12.029988,5.9811254,144.16963,-16.166012,-17.669836,146.79329,-14.925172,17.511343,109.36489,-8.770654,-29.5479,119.04752,7.5867157,27.136646,75.16951,-18.104988,-21.752531,98.217735,-21.67269
4.835308,201.69908,19.845543,8.285968,205.0364,18.081974,1.8047016,205.85513,19.187939,11.704357,206.82645,8.02977,-4.480277,207.84447,10.856716,17.829739,193.22984,-4.481281,-16.306482,198.1489,-1.2318499,36.06675,176.37012,-14.541642,-41.543526,189.02115,-3.262965,25.973423,177.85426,6.815277,-26.440811,183.18135,14.04548,6.42292,145.81262,-16.991465,-17.380707,148.51202,-15.568671,17.012142,110.439644,-9.569215,-28.726606,121.370766,7.8912387,25.407078,75.8789,-19.05586,-20.463974,99.15678,-20.05099
4.276229,203.24405,18.871115,7.767769,206.54572,17.130114,1.2848091,207.4266,18.197906,11.120627,208.4125,7.0589995,-5.0780473,209.30258,9.875065,18.022444,194.80278,-4.865948,-16.57134,199.8435,-2.3426893,38.356503,179.24007,-12.123909,-42.29723,191.4198,-1.6963685,27.751242,181.11722,8.998939,-27.80727,187.22845,16.486383,7.096191,147.38844,-17.956186,-16.541035,150.00969,-16.410107,16.712414,111.72304,-10.195343,-27.702116,123.01161,7.6005044,23.636936,76.881355,-20.307217,-20.028124,98.68589,-18.321259
3.8634384,204.61006,17.803583,7.2189403,208.00647,15.987844,0.75208217,208.72708,17.282267,10.800973,209.68306,5.9708714,-5.4225636,210.45604,8.60057,18.082094,196.50262,-5.6538115,-16.89421,201.08398,-3.5754507,40.01055,181.7969,-9.422495,-42.72646,193.61081,-0.250303,29.688284,183.99953,11.782428,-29.830172,190.85948,19.28582,7.920502,148.63454,-18.897848,-15.609102,150.99998,-17.092476,16.787645,112.92088,-10.50208,-26.24987,123.62567,6.930321,22.068926,78.00572,-21.680653,-20.461061,96.44378,-16.568588
3.4639304,205.6481,16.795734,6.815616,209.04343,14.955235,0.31164667,209.71281,16.092815,10.52565,210.66978,5.0505075,-5.739749,211.3078,7.3788266,17.928665,197.7685,-6.8239717,-16.971428,201.92244,-4.6777754,41.204033,184.47914,-7.0463085,-42.615734,195.33931,1.4616183,31.904928,186.44824,14.676647,-31.642393,193.80609,22.269949,8.707699,149.64844,-19.768156,-14.861736,151.68582,-17.567308,16.611399,113.7136,-10.776872,-24.7204,123.313126,5.8954806,20.784235,78.76504,-23.212261,-21.706366,93.147095,-14.704162
3.0564632,206.58412,15.742144,6.3188024,210.08191,13.936984,-0.20072031,210.56209,15.062467,10.100413,211.68881,3.984894,-6.1489134,212.23262,6.294129,17.731209,198.94514,-8.050507,-16.690874,202.56274,-5.9756594,41.546856,187.20204,-4.8652697,-41.59827,197.37103,2.3651981,34.58916,188.55122,17.741066,-33.344154,196.49677,24.849413,9.214377,150.36127,-20.427677,-13.989379,152.18034,-17.933996,16.54308,114.3045,-10.77236,-23.226334,122.61771,4.447857,19.544706,79.29221,-24.22646,-23.446424,89.789986,-12.172222
2.7969303,207.26355,14.472684,5.9753504,210.92705,12.856551,-0.5945517,211.1313,13.772213,9.848146,212.5787,2.8229725,-6.4279323,212.82927,5.051083,17.685165,199.80594,-9.39707,-16.760397,202.89723,-7.4298935,41.493683,189.65698,-2.4393523,-40.277115,199.04578,4.3598166,37.267166,190.51778,20.741152,-34.892254,198.82439,27.649202,9.793422,150.88396,-21.208345,-13.2959,152.33469,-18.35062,16.176018,114.8458,-11.116784,-21.907425,121.248,2.6844904,18.609512,79.752174,-25.077616,-25.489822,86.24719,-9.390483
2.53215,207.77876,13.247032,5.8122573,211.35478,11.663103,-0.79136455,211.65486,12.329027,9.564542,212.8758,1.4403653,-6.7315793,213.16656,3.7325618,17.693403,200.72124,-10.835815,-16.976572,203.13339,-8.259851,40.958416,192.18336,-0.42680138,-38.733788,199.97565,6.799054,39.587925,192.27008,23.174873,-36.391975,200.47716,30.521095,10.269737,151.0301,-21.951017,-12.604201,152.12764,-18.423834,15.670713,114.77854,-11.468208,-20.735872,119.532135,0.7507149,18.17345,79.61332,-25.602201,-27.297245,83.46933,-6.6901007
2.3679547,208.17944,12.20451,5.61491,211.7036,10.433485,-0.97379494,212.018,11.200347,9.533165,213.18642,0.4784393,-6.8076077,213.25429,2.4237564,17.626104,201.24142,-11.727147,-17.050594,203.09283,-9.014005,40.149044,194.24109,1.3828135,-36.981277,200.57506,8.884423,41.09689,192.85573,24.686369,-38.108906,201.97633,32.65444,10.734458,150.76979,-22.605135,-12.025614,151.6858,-18.452913,15.132603,114.368866,-11.571017,-20.020424,117.84429,-0.99643844,18.0943,79.24076,-25.848106,-28.381212,81.49443,-4.1338263
2.2654686,208.25659,11.256203,5.370577,211.68477,9.091302,-1.1787335,211.97658,10.145926,9.342962,213.29922,-0.5130258,-6.9628587,213.09546,1.4542547,17.16787,201.46567,-12.053286,-17.189917,202.95737,-9.480801,38.61804,195.62337,3.2562883,-34.995235,201.17065,10.490522,43.180485,194.9978,26.507597,-40.09416,203.0519,33.791893,11.218976,150.54219,-22.68507,-11.45614,151.11134,-18.444338,14.868207,113.73192,-11.9479685,-19.813517,116.55321,-2.4043415,18.57038,78.33948,-25.991663,-28.912409,80.004974,-2.4734924
2.1408749,208.09618,10.454851,5.1785765,211.60757,8.319646,-1.3800972,211.7418,9.345748,9.156522,212.99745,-1.3894901,-7.159566,212.68463,0.5880131,16.614748,201.3934,-12.076367,-17.143793,202.45682,-9.665559,37.250053,197.0215,4.725319,-33.742706,201.45229,11.446351,45.007683,195.96942,27.013811,-41.043846,203.22827,34.236263,11.481381,149.99806,-22.366888,-11.26164,150.52911,-18.495834,14.7261505,112.975716,-12.12615,-19.844284,115.74228,-2.8106163,19.477085,77.29617,-25.838652,-29.457138,79.335884,-1.3604467
2.1163824,207.96797,10.284833,5.145546,211.50941,8.193944,-1.4140648,211.6153,9.23519,9.202488,212.4399,-1.6722487,-7.1108623,212.12202,0.14135331,16.193087,200.77669,-11.991151,-16.863062,201.71431,-9.2658825,36.92861,197.57916,4.818631,-33.31822,201.5837,12.01296,45.48827,196.05347,26.873564,-41.47595,203.03615,34.50659,11.29472,149.20222,-22.355589,-11.358808,149.56929,-18.206266,14.965922,111.9052,-12.615692,-20.203669,115.03689,-2.6597025,20.23955,76.229744,-26.317158,-29.82994,78.533424,-0.98337656
2.1287754,207.7292,10.493877,5.118649,211.27994,8.350612,-1.4604517,211.2633,9.265093,9.06043,211.81927,-1.6473483,-7.2803426,211.47028,0.3361376,16.18439,199.93176,-11.594407,-16.702734,200.63329,-9.065736,37.632584,197.30789,4.187303,-33.777344,201.13487,11.843264,44.72041,195.46411,26.714025,-40.899593,202.01343,34.556023,11.224268,148.15681,-21.802279,-11.659018,148.3355,-17.977106,15.601636,110.82767,-13.265044,-20.70381,114.03854,-1.9868535,20.862822,75.32898,-27.011446,-30.05067,77.66069,-1.3961124
1.887735,207.56575,11.139275,4.8722963,210.93857,8.7281475,-1.7197704,210.9255,9.537865,9.0573015,211.13638,-1.0298405,-7.2953362,210.90051,0.66102767,16.39702,198.93362,-11.750714,-16.39295,199.6651,-8.421473,38.579815,196.5349,3.0522113,-34.58093,200.33025,11.29868,43.033886,193.9896,26.239153,-39.398243,199.99948,34.527874,10.961018,147.04308,-22.081896,-11.93871,147.1072,-17.519558,16.291828,109.87915,-13.715081,-21.268799,113.1213,-0.9703876,21.549906,74.647354,-27.470839,-30.03607,76.86905,-2.2244442
1.8362479,207.20605,11.78802,4.829754,210.4848,9.249692,-1.7579978,210.52063,10.046712,8.836889,210.46698,-0.5293301,-7.5331674,210.10146,1.3950019,16.774054,197.81944,-11.408978,-16.356945,198.81065,-7.2651706,40.06139,194.94736,1.7309529,-36.515083,199.42624,10.383869,40.802086,192.06706,25.2918,-37.418015,197.09827,33.679688,10.5647745,146.00763,-22.040327,-12.369438,146.02861,-17.203194,17.184341,109.068886,-13.869865,-21.694286,112.37329,-0.04045639,22.341002,74.54988,-27.82183,-29.585606,76.35722,-3.3865833
1.9709952,206.68007,12.505537,5.0085654,209.95499,10.021106,-1.5944724,209.99628,10.726013,8.95315,209.69945,0.065681696,-7.404577,209.41615,2.014578,16.966618,196.86035,-11.206961,-16.845936,198.05644,-5.8156786,41.267395,192.7681,-0.01946891,-38.74753,198.19234,9.875997,38.785683,189.5423,23.359133,-35.624645,193.41255,32.56774,10.244717,145.42473,-22.327934,-12.940852,145.32806,-16.996445,17.81466,109.00705,-13.583312,-21.703293,111.94421,0.85691977,23.1383,74.87828,-27.348785,-29.288778,76.25692,-4.694119
2.075615,205.99496,13.282743,5.3329415,209.06912,10.821093,-1.2643418,209.45755,11.341965,9.257071,208.84285,0.9066025,-7.14839,208.892,2.7469482,16.938894,196.00023,-10.943875,-17.49467,197.37537,-4.4985533,41.457706,189.39961,-2.1122663,-40.17055,196.41924,9.651026,36.162052,185.83414,20.868853,-33.852768,188.68752,31.118288,9.884498,145.10458,-22.732103,-13.183779,144.97617,-16.74776,18.554825,109.74556,-12.523482,-21.483387,111.60128,1.3587183,23.616518,75.82365,-26.490425,-28.682232,76.24965,-6.0477705
2.3227923,204.96693,14.14228,5.4850793,208.23828,11.80265,-1.1242914,208.31773,12.185153,9.484077,208.2226,1.8696228,-6.940062,208.0015,3.6998007,16.65939,195.40517,-10.824443,-18.13554,196.42107,-2.8306658,40.919888,185.47047,-5.18038,-41.641865,193.16948,9.48145,34.21804,182.68466,17.625574,-32.042313,183.744,28.831627,9.705806,145.15593,-23.094185,-13.328174,144.73605,-16.645418,19.325472,110.90401,-10.403074,-20.833836,111.32098,1.5472944,23.866064,77.11732,-25.067568,-27.940529,76.19692,-7.139717
2.4529462,203.71918,14.962708,5.7370806,207.03174,12.856939,-0.8736067,207.2936,13.214809,9.49616,206.98273,2.6467218,-6.925191,206.89987,4.6426625,16.35002,194.2856,-10.665414,-18.45815,195.26176,-1.5746195,39.50556,181.12656,-8.063445,-42.330452,189.32501,8.70802,33.027187,179.55713,14.815491,-30.690464,178.68082,25.937887,9.625002,144.82013,-23.293339,-13.499908,144.43504,-16.794813,20.542704,112.09294,-7.742925,-20.255827,111.16275,1.7782,23.584642,79.17755,-23.534924,-27.287699,76.048874,-7.893961
2.6267695,202.32907,15.794736,5.950045,205.61981,13.716719,-0.657236,205.94534,14.035104,9.580152,205.55072,3.4427605,-6.8053985,205.58846,5.5270953,16.399952,192.8185,-10.484953,-18.46505,193.6825,-0.57587284,37.484184,176.53288,-10.965448,-42.33486,185.07634,7.809847,31.024311,175.97755,11.907998,-29.709558,172.52385,23.017992,9.7878685,144.29752,-23.157555,-13.553538,144.0243,-16.762379,21.66669,113.44258,-4.8360634,-19.46268,110.863716,1.9470713,22.807146,81.2222,-22.204866,-26.338797,75.44644,-8.212186
2.8652844,200.80977,16.562119,6.2236443,204.07957,14.508225,-0.38397652,204.4539,14.78934,9.831032,204.04356,4.1853747,-6.5218687,204.19057,6.322729,16.650469,191.04486,-10.466916,-18.457926,191.99278,0.31417483,34.942696,171.77104,-13.185337,-41.748592,180.48183,6.5722775,28.559416,171.94438,9.638185,-28.864489,166.34879,20.084583,9.938778,143.88477,-22.578505,-13.622549,143.52058,-16.886595,22.84601,114.68959,-2.3327236,-18.702217,110.34401,2.2993093,21.541576,83.899895,-21.455149,-25.097286,74.9445,-8.371095
3.278946,199.30971,17.397179,6.479509,202.69824,15.288022,-0.13610706,202.82333,15.6797495,10.230594,202.58931,5.014542,-6.1326213,202.47328,7.0885453,17.093195,188.99217,-10.606943,-18.296669,189.81471,1.4607562,31.757723,167.3075,-15.328939,-40.647175,175.58958,5.4012547,25.922638,168.15837,7.455055,-28.370968,159.30067,16.995321,10.04474,143.27524,-21.913145,-13.712464,142.66808,-16.647696,23.93211,115.74324,-0.23839387,-17.818697,109.57435,2.5272563,19.75744,86.375,-21.15647,-23.38219,74.133736,-8.416094
3.8194392,198.0968,18.083572,6.8769555,201.67119,16.071894,0.26299044,201.49327,16.41722,10.752273,201.43027,5.703345,-5.634048,201.2015,7.8239737,17.320538,187.11191,-10.610937,-17.7273,187.73473,2.4665165,28.552666,163.5764,-16.159672,-38.80482,171.05838,3.938446,22.636583,164.58191,6.528977,-28.59462,152.42291,13.753173,10.2470255,142.59035,-21.448072,-13.467045,141.98347,-16.413498,24.478361,116.02807,1.1735446,-17.093348,108.63695,2.513301,17.911377,88.30708,-21.426327,-21.537027,73.30399,-8.415457
4.222521,197.40184,18.915724,7.2439623,200.97285,16.846497,0.6299546,200.66847,17.09123,11.171323,200.77315,6.5506024,-5.1886063,200.1845,8.498641,16.900969,185.89845,-9.901734,-16.835928,186.10487,3.2025576,25.527706,161.24547,-16.152063,-36.181095,167.10852,1.7196168,19.820908,162.82169,6.64533,-29.15976,145.74902,9.76749,10.460593,141.93987,-20.97762,-12.993777,141.29387,-16.271154,24.499866,116.04059,2.1331844,-16.274895,107.94272,2.5246792,15.833817,90.08086,-22.394548,-19.677557,72.936844,-8.198434
4.347112,196.85672,19.625425,7.358028,200.41609,17.520912,0.742282,200.06905,17.725786,11.370816,200.27278,7.2963324,-5.0175557,199.73174,9.202563,16.853985,185.24765,-8.690182,-16.062803,185.45047,3.1837676,23.246647,159.58095,-14.563455,-33.208675,164.49669,-0.872856,17.43899,162.07072,8.008399,-29.861235,141.64857,5.233135,10.788795,141.47954,-20.693338,-12.177172,140.9267,-15.849506,23.925802,115.09281,2.1724946,-15.366273,107.580734,2.4699874,13.522251,91.2716,-23.879923,-17.900993,72.65863,-7.889543
4.4202003,196.50084,20.248549,7.4583874,200.06573,18.188587,0.8404263,199.67967,18.24607,11.530831,200.15375,8.05846,-4.825766,199.47969,9.778593,17.4469,184.99939,-7.32585,-15.547396,185.35939,3.2264392,21.699871,158.43619,-12.082537,-30.721073,163.27267,-3.3477495,15.225485,162.72426,10.040878,-30.031454,139.52158,0.30840966,10.886308,141.27193,-20.88595,-11.430626,140.84949,-15.420141,22.755625,113.48773,1.2460936,-14.400706,107.664375,2.8514194,10.880985,92.14047,-25.788317,-16.187998,72.63197,-7.3429556
4.4487996,196.39973,20.832495,7.483503,199.89568,18.654696,0.8709594,199.60611,18.871237,11.562704,200.2568,8.712055,-4.778854,199.32233,10.303311,18.180912,185.04427,-5.7427974,-15.146197,185.58798,2.6560254,21.267628,158.13576,-9.259445,-29.244839,163.73753,-6.3696566,13.569225,164.2734,12.245586,-29.866293,140.0692,-3.5838864,11.306413,141.2714,-20.36478,-10.764257,140.86208,-15.045889,21.372292,111.37017,-0.22411849,-13.305504,107.78096,3.2038872,7.742184,92.35522,-28.081532,-14.698675,72.7626,-6.807187
4.425208,196.38335,21.388094,7.3653164,199.95255,19.202065,0.76085615,199.55171,19.542606,11.611152,200.44193,9.363462,-4.746644,199.57036,10.876271,18.909243,185.32066,-4.0394053,-14.975867,186.13107,1.499512,21.680887,158.29309,-5.7338867,-28.846285,165.23091,-9.522501,12.803114,166.51494,14.71591,-28.723528,141.59862,-7.0258493,11.782146,141.2839,-19.453703,-10.263086,141.21455,-14.92865,19.577423,109.50175,-2.0895267,-12.088321,108.17778,3.3054588,3.840006,92.747246,-30.736326,-13.111622,73.06814,-6.36353
4.375137,196.58315,21.91965,7.0344973,200.29774,19.616844,0.4658948,199.51497,20.190195,11.501181,200.71153,9.894596,-4.8567386,199.69861,11.42601,19.631836,185.85889,-2.567085,-14.399387,186.64642,0.41815147,22.95916,159.04349,-1.8373816,-29.090485,167.82706,-12.864114,12.329375,169.0981,17.041843,-27.661625,144.4101,-10.335094,12.241588,141.12308,-18.965626,-9.805974,141.56387,-14.864367,17.402147,107.674805,-4.0994353,-10.80213,108.73516,3.702642,0.35729554,92.209526,-33.074726,-11.681771,73.4578,-5.6021013
3.9773746,196.58308,22.26096,6.760517,200.25171,20.042244,0.17719755,199.65685,20.521353,11.203369,201.1717,10.395778,-5.190577,199.80576,11.789108,20.058937,186.4509,-1.0065681,-13.87902,187.27452,-0.6400755,24.581802,160.0545,2.5252483,-29.365196,170.60619,-15.867242,12.484173,171.50163,19.7107,-26.3057,147.27568,-14.006487,12.797732,141.06142,-18.896845,-9.132753,141.99344,-15.331088,15.026091,106.13221,-6.3816895,-9.593328,109.7149,4.6271505,-2.9491084,91.03767,-35.12601,-10.65151,74.264885,-4.616536
3.7437146,196.53665,22.346254,6.5113807,200.31935,20.2989,-0.06758005,199.62973,20.656921,10.910813,201.46745,10.560855,-5.4281,200.05855,11.964904,20.481539,186.91846,0.42434266,-13.601698,187.69672,-1.8965262,25.989843,161.2839,7.302858,-29.419287,173.29938,-18.770905,12.81629,173.5239,22.776106,-25.068388,150.15227,-16.760118,13.400399,140.8004,-19.12082,-8.122611,142.238,-15.839241,12.536172,104.93697,-8.935332,-8.710636,110.93565,5.6921763,-6.2010674,89.223015,-37.19174,-9.770782,75.40795,-3.5086408
3.4213111,196.2366,22.23881,6.022465,200.14426,20.216337,-0.5254212,199.304,20.861158,10.639081,201.51472,10.610249,-5.682196,200.05243,11.92636,20.969551,187.29808,1.6926117,-13.429427,188.04626,-3.261737,27.960594,163.17386,11.613037,-29.293297,175.75502,-21.683771,13.35946,174.94727,25.95018,-23.689266,153.34195,-18.25518,14.063708,140.54025,-19.830902,-7.0541735,142.7041,-16.051971,9.94732,104.00282,-11.781897,-8.032421,112.28126,6.9554176,-9.569763,87.08475,-39.18538,-9.107526,76.35736,-2.013322
3.1544526,196.20714,22.329313,5.6484423,200.14513,20.24096,-0.8789116,199.16405,20.969456,10.470111,201.24614,10.657735,-5.853722,199.69832,11.796032,21.146757,187.54132,2.9803615,-13.06463,188.09244,-4.736655,29.63189,165.58801,16.051395,-28.401524,177.53903,-24.579464,13.512622,176.4363,29.835785,-21.99858,155.38782,-21.11057,14.354713,140.40782,-20.571499,-6.208177,142.77733,-15.768508,7.311458,103.48807,-14.73418,-7.5931344,113.1645,8.124121,-12.932333,84.65023,-40.794544,-8.299435,76.95349,-0.6897347
2.8017485,195.82353,22.275621,5.1387057,199.79375,20.071161,-1.3429031,198.58359,20.831333,10.189403,200.9632,10.658015,-6.122929,199.32932,11.663914,21.14755,187.62851,4.458765,-12.382393,188.17876,-6.4443865,31.06805,168.42448,20.283989,-27.348818,179.42166,-27.306702,13.747942,177.06512,34.08854,-20.562475,157.52412,-23.265738,14.5592985,140.25189,-20.634644,-5.564575,142.81767,-15.859342,4.8250046,103.30072,-17.736423,-7.110051,113.73447,8.988355,-15.618279,81.84562,-42.450222,-7.4252763,77.34927,0.37776217
2.585618,195.1409,22.126633,4.9320264,199.23344,20.136292,-1.5388905,197.87143,20.581106,9.966898,200.42476,10.592185,-6.2980623,198.496,11.387645,20.90065,187.41904,5.727018,-11.643727,188.09738,-7.514957,32.114487,171.4268,24.010769,-25.61429,180.72249,-29.536116,13.837424,177.33223,37.99242,-19.616163,158.73436,-24.61562,14.513,139.60501,-20.605186,-5.1885047,142.55266,-16.068352,2.8556082,102.93455,-20.765125,-6.8075676,114.106514,9.7675,-17.759048,79.59253,-44.165005,-7.239458,77.78524,0.94879353
2.3165567,194.71631,21.958231,4.584106,198.70164,19.711214,-1.8650569,197.15771,20.105736,9.776909,199.64531,10.349696,-6.4871664,197.60985,11.069658,20.718641,186.88683,6.7055955,-10.681711,187.74113,-8.47452,32.261417,174.24643,27.499086,-23.47035,181.68474,-31.409573,14.405437,177.60088,42.419983,-19.048368,159.5643,-25.605062,14.457466,138.92148,-20.870798,-5.062183,141.79596,-16.250345,1.2097121,102.69454,-23.15569,-6.392077,114.08128,10.278568,-19.275658,78.27654,-45.667812,-7.447676,78.10855,1.3360316
2.1694126,194.0324,21.766907,4.297429,198.03844,19.42167,-2.0798259,196.21918,19.770313,9.49435,198.81232,10.021398,-6.745741,196.41565,10.824167,20.498978,186.22208,7.445288,-9.813874,187.09268,-9.201585,32.47117,176.84311,29.418623,-21.395996,181.2976,-32.85927,16.007072,177.20161,46.10941,-18.521982,159.26105,-26.191717,14.087137,138.08015,-20.548416,-5.2045465,141.107,-16.38066,-0.2922902,102.3159,-24.949234,-6.3330965,113.79083,10.868414,-20.376577,77.2504,-46.92637,-8.2616205,78.054665,1.4110578
1.9560118,193.22342,21.660063,4.1061354,197.26636,19.386597,-2.2787151,195.46094,19.684082,9.378704,197.89076,9.948161,-6.9208198,195.52946,10.673664,20.110157,185.24265,8.253064,-9.347907,186.28642,-9.979376,33.292812,179.1177,30.712606,-18.970991,180.47406,-34.49795,17.590126,176.6731,48.15299,-18.050108,158.64262,-26.893593,13.811134,137.20639,-19.38001,-5.5185366,140.3613,-16.43642,-1.5235723,101.997955,-26.230148,-6.850842,113.35158,11.173927,-21.13273,76.08917,-47.653835,-9.650854,77.76882,1.4261822
1.6344202,192.48627,21.67991,3.885529,196.38281,19.261377,-2.5482306,194.79147,19.660633,9.216751,197.11171,10.063622,-7.0804806,194.69786,10.574059,20.031065,184.5091,9.038676,-9.01577,185.60577,-10.492686,34.136112,180.50555,31.574219,-16.395264,178.67738,-35.481636,19.01299,175.11472,48.77551,-17.825428,157.16264,-27.197876,13.346216,136.24756,-19.077484,-5.8932385,139.59763,-16.195412,-2.6134405,101.338234,-26.75316,-7.353479,112.57094,11.4243965,-21.47858,75.00565,-48.006424,-11.059172,76.99613,1.1522782
1.1686324,191.87674,21.767704,3.5573585,195.7133,19.389645,-2.9290102,194.3069,19.727993,9.03807,196.41759,10.261836,-7.253997,194.06503,10.410215,19.761826,184.03387,9.978402,-8.425243,184.68428,-10.819906,35.030582,180.91765,32.250523,-13.742274,176.50082,-36.051044,19.215528,172.5642,47.68767,-17.58263,155.32726,-27.560986,13.181282,135.3213,-18.349176,-5.9578075,138.77502,-16.19786,-3.3384848,100.60018,-26.24658,-8.169438,111.72003,11.190153,-21.324614,74.38024,-48.054153,-12.229781,76.576416,0.6155672
0.53653413,191.61497,22.005665,3.0415468,195.48503,19.780745,-3.4381542,194.05948,19.74521,8.576487,196.28001,10.685607,-7.7070675,193.88968,10.532753,19.336237,183.81702,10.71927,-7.811357,184.2066,-11.222536,35.931156,180.27626,31.888529,-11.064358,174.1244,-36.019638,19.292141,169.89969,44.907307,-17.551443,153.40446,-27.957739,13.352986,135.02357,-17.033573,-5.7919116,138.56543,-16.240982,-3.1856604,100.39498,-24.602785,-9.386796,111.07455,10.525585,-20.628283,74.77344,-47.470097,-13.502058,76.02387,-0.24331947
-0.18990608,191.673,22.08244,2.3237638,195.58226,19.943144,-4.145498,194.12674,19.792152,7.9874535,196.47017,10.930636,-8.239413,193.80786,10.464932,19.14027,183.73123,11.107457,-7.7939606,183.87117,-11.520241,36.656574,178.24628,31.087776,-8.926006,171.20396,-35.36744,19.256622,166.45227,41.932858,-17.382668,150.68893,-28.34267,13.958237,134.97055,-15.792579,-5.2929926,138.4475,-16.389582,-2.384221,99.83215,-21.867264,-10.783918,110.581795,9.525138,-19.514729,75.91425,-46.36792,-14.669608,75.35629,-1.2188376
-1.1000603,191.65968,22.055872,1.4988073,195.57542,20.037243,-4.9744215,194.15504,19.682413,7.265308,196.64514,11.096163,-8.96546,193.97499,10.336818,18.873165,183.69145,11.478923,-8.015316,183.39423,-11.730131,37.033733,175.5734,29.809998,-7.478922,168.03926,-34.18007,19.309153,162.50238,38.147964,-17.273474,147.68758,-28.156239,14.959299,134.7963,-14.600545,-4.612061,138.23676,-16.948107,-0.97817165,99.1595,-18.277943,-12.263181,110.08413,8.113858,-17.827593,77.54767,-44.562622,-15.450805,74.45265,-2.3035994
-2.0202491,191.56186,21.723099,0.5472254,195.66057,20.048096,-5.8733206,194.11313,19.378448,6.525485,197.00586,11.159974,-9.656227,194.31592,9.886488,18.812712,183.74924,11.94412,-8.029433,182.88702,-12.125053,37.11566,171.97006,28.030663,-6.813877,164.82596,-32.5317,19.129868,158.36295,33.724678,-17.37279,144.27815,-27.252638,15.5804825,135.00645,-13.643567,-4.073076,138.0611,-17.55515,0.8892695,98.66556,-13.890694,-13.536355,109.4002,6.1367764,-15.6380625,79.31713,-41.956024,-15.587316,73.63526,-3.07752
-2.9635334,191.38356,21.203255,-0.38632515,195.59172,19.82925,-6.824686,194.15707,19.147179,5.7453537,197.34271,11.064319,-10.391204,194.50224,9.3719,18.65205,183.69756,12.00586,-8.426734,182.16971,-12.355695,37.1679,168.66606,24.635912,-6.9671245,161.98949,-30.638403,19.514929,154.00795,29.233276,-17.693155,141.2297,-25.795134,15.796165,135.03299,-12.716046,-3.7834067,137.80298,-18.088577,2.903146,98.28757,-9.285687,-14.417078,108.99046,4.8668385,-12.679152,81.10965,-38.871964,-15.247147,73.1187,-3.6062825
-3.7531722,191.27444,20.730118,-1.1925051,195.50562,19.401915,-7.6300197,194.05688,18.711,5.0733037,197.32736,10.755293,-11.018521,194.40016,8.812982,18.685703,183.4363,11.49409,-9.071353,181.28262,-12.481697,36.783062,165.80466,20.86296,-7.6658072,159.4371,-28.88101,19.839329,150.15695,25.291187,-18.46113,138.84052,-23.267523,15.922989,134.94987,-11.905747,-3.7831066,137.43996,-18.471235,4.7035336,98.45754,-4.8016562,-15.081877,108.68119,3.8803558,-8.834391,83.06624,-36.116985,-14.516036,72.78079,-4.014047
-4.4190803,191.1577,20.349247,-1.7579077,195.32675,19.009232,-8.198967,193.97696,18.195393,4.4484963,197.20299,10.411747,-11.641541,194.13799,8.377877,18.202309,182.95306,10.727639,-9.913203,180.40096,-12.62302,35.821518,163.5718,16.854053,-8.788058,157.35898,-27.353092,20.552162,145.97546,20.91573,-19.168905,137.25748,-19.696054,16.130291,134.7668,-11.38452,-3.725182,137.0143,-18.842752,6.499611,99.339386,-0.56496745,-15.611275,108.36299,3.121402,-4.2695656,85.476654,-33.14547,-14.160705,72.43129,-4.3524446
-4.7832994,191.27344,20.104275,-2.1414495,195.39096,18.585527,-8.534956,193.90106,17.664045,3.9247918,196.98424,9.837459,-12.13323,193.81454,8.072334,17.863659,182.14902,9.986866,-10.603842,179.43208,-12.665191,34.558453,161.1261,12.583907,-10.214466,155.67941,-25.94292,21.275198,142.00726,16.762188,-19.947117,136.4909,-15.563374,16.225182,134.4667,-10.89207,-3.747823,136.2143,-19.199446,8.0199995,100.26626,3.4333742,-16.073338,107.679,2.6085074,0.631762,88.38226,-30.494144,-14.319526,72.12432,-4.881338
-5.0668573,191.26122,19.750023,-2.4629161,195.3612,18.117191,-8.826639,193.74623,17.182833,3.6250749,196.80254,9.380945,-12.465387,193.69582,7.693096,17.592096,181.5348,8.955455,-11.211688,178.94946,-12.400642,33.009136,159.29774,8.115561,-12.317566,154.63748,-24.476252,22.340988,138.62042,12.355551,-20.507286,136.74803,-10.970982,16.295319,134.32916,-10.637593,-3.8328912,135.73979,-19.583788,9.712149,101.61521,7.528199,-16.6446,107.12749,2.0765214,5.316495,91.51309,-27.746613,-14.555425,71.78199,-5.339505
-5.469884,191.33662,19.33057,-2.7770102,195.31439,17.567873,-9.159746,193.77144,16.621256,3.4405758,196.44986,8.936179,-12.656656,193.52994,7.1259513,17.2916,181.2026,7.8979197,-11.707349,178.88364,-12.10689,31.698605,158.32361,4.304846,-14.612037,154.15689,-22.994831,23.266298,136.4334,8.4841795,-20.968742,138.62775,-6.13078,16.45326,134.3778,-10.679591,-3.962847,135.49632,-19.66442,11.68591,103.24633,10.521383,-17.209898,106.991356,1.8982586,9.991117,95.196144,-25.344118,-15.303197,71.76127,-5.767786
-5.704002,191.52269,18.779387,-3.020045,195.5337,17.065313,-9.420295,194.035,16.175152,3.2484856,196.53723,8.383939,-12.875548,193.70248,6.6091895,17.004786,181.1415,6.587633,-12.28079,179.13074,-12.001931,31.396017,158.53764,0.8523819,-17.701887,154.22372,-21.439058,24.3337,136.31836,4.966201,-21.090666,141.926,-1.4275126,16.67711,134.74312,-10.544672,-4.140945,135.56456,-19.400917,13.504507,105.06747,12.874525,-18.026443,107.153435,1.6521508,14.102372,98.15503,-23.11688,-16.006355,71.94632,-6.0149007
-5.8444915,191.96536,18.218538,-3.2254164,196.06537,16.622795,-9.607785,194.49792,15.694587,3.1772475,196.91148,7.858501,-12.988522,194.41269,6.0715475,16.992579,181.60461,5.4339805,-13.006042,179.69803,-11.545087,31.885386,160.0245,-2.1069522,-20.72531,155.14574,-19.872261,24.716352,137.88191,2.6400566,-21.59425,146.47963,2.0963066,16.913847,134.85696,-10.437421,-4.517943,135.44421,-19.339428,15.614571,106.900894,14.7682705,-18.752346,107.31593,1.274487,18.029793,101.12865,-21.103195,-17.06767,72.06446,-6.274725
-6.0292306,192.7691,17.887222,-3.3429232,196.7601,16.14403,-9.762451,195.3094,15.336704,3.1040325,197.66292,7.5705676,-13.054739,195.34335,5.6656218,16.95002,182.65268,4.069472,-13.641009,180.59784,-11.419888,33.327087,162.73651,-4.4673195,-23.785667,156.55261,-17.948751,25.27452,141.2878,1.0386726,-22.571424,151.9593,5.0744286,16.922842,135.39604,-10.590406,-5.0297236,135.81197,-19.197168,17.612806,108.78025,16.193874,-19.574276,107.435684,0.8271921,21.732315,103.39286,-19.715399,-18.132177,72.11742,-6.4688506
-5.968403,193.79738,17.540041,-3.2196527,197.81107,15.966979,-9.636295,196.43877,14.992151,3.1962934,198.89355,7.336465,-12.950959,196.72237,5.3736243,17.224924,184.25249,3.0174186,-14.365735,181.81279,-11.004325,34.883984,166.21396,-6.489873,-27.13056,158.55559,-15.903214,25.78333,145.62433,-0.10211329,-24.6469,158.16887,7.391193,17.097183,136.68549,-10.73415,-5.30022,136.6558,-19.22812,19.351864,110.97061,17.120378,-19.6266,107.53821,-0.061607298,24.671858,105.48258,-18.557766,-19.364109,72.00707,-6.657081
-5.907543,195.1111,17.20506,-2.972231,199.05264,15.756682,-9.437868,197.99301,14.72776,3.2748299,200.28326,7.0546517,-12.950093,198.1821,5.1801634,17.186167,186.29236,2.2241201,-15.115095,183.4445,-10.451391,36.095303,170.16576,-8.025497,-29.908432,161.08638,-13.829287,26.529486,149.93132,-0.7846517,-26.243807,163.94226,9.293958,17.256235,138.44751,-10.759687,-5.245852,137.96194,-19.294384,20.8071,113.30501,17.694748,-19.566751,108.126625,-1.3901995,26.674997,107.09826,-17.795221,-20.476444,72.27855,-6.8068237
-5.5996046,196.98807,17.040592,-2.6840212,200.86305,15.432206,-9.167946,199.7889,14.527383,3.419127,202.14647,6.767452,-12.787641,199.92122,5.0042953,17.151848,188.50063,1.5698761,-15.841593,185.40605,-9.880323,36.911808,173.50043,-8.859248,-32.538303,164.08939,-11.602397,27.291079,153.59746,-0.6714907,-28.085564,169.39378,10.990204,17.47047,140.34026,-11.164954,-5.075927,139.36603,-19.47237,21.861185,115.489525,17.561312,-19.089327,108.60443,-2.8335538,28.371275,107.44093,-17.456543,-21.606869,72.449554,-6.9524426
-5.4110045,198.96104,16.902964,-2.5432284,202.85725,15.251002,-9.048958,201.8052,14.5275135,3.4409873,204.14311,6.4883795,-12.791188,201.588,4.9233804,17.045366,190.80327,0.7885048,-16.469334,187.37196,-9.33635,37.529232,176.67719,-9.316684,-34.85684,167.70874,-9.164098,27.910055,157.08531,-0.26249242,-29.85721,174.60684,12.801085,17.761078,142.42824,-11.648432,-4.6980715,141.04843,-19.674702,22.657068,117.19815,16.887589,-18.270704,109.25573,-4.759516,29.961725,106.53408,-17.36619,-22.358978,72.8212,-7.0419526
-5.1124625,200.82971,16.675985,-2.394964,204.81584,14.991312,-8.926888,203.69829,14.638679,3.5035548,206.31476,6.1562905,-12.756805,203.59706,4.89942,16.927105,193.0602,0.31501946,-17.212587,189.4598,-8.852574,38.10658,179.74315,-9.443449,-37.15742,171.5744,-7.290156,28.673014,160.3823,0.20002612,-31.721981,179.54742,14.236939,17.951355,144.58623,-12.03795,-4.5371685,143.01732,-19.92485,23.392977,118.50582,15.738895,-17.217907,110.00116,-6.3845305,31.29009,104.5696,-17.147615,-22.806492,73.2588,-6.771441
-4.9241586,202.74913,16.59557,-2.166223,206.66013,14.808523,-8.722712,205.68358,14.615599,3.6290016,208.08377,5.963879,-12.6490135,205.58943,4.910259,16.663073,195.24445,-0.39433572,-17.935896,191.93503,-8.470419,38.55132,182.54012,-9.416818,-38.912167,175.56491,-5.8268094,29.529562,163.28448,0.7439407,-33.790062,184.04321,15.507041,18.211458,146.44301,-12.189546,-4.576969,144.56679,-20.030792,23.989191,119.32552,14.578875,-16.379454,110.53775,-7.779129,32.319016,101.95691,-16.858557,-22.835962,73.792046,-6.7572803
-4.8038282,204.55734,16.417006,-2.1073172,208.48053,14.567188,-8.644348,207.38847,14.370719,3.5957851,209.74619,5.5980206,-12.727574,207.37811,4.8464336,16.504847,197.29765,-1.0755634,-18.419819,194.32259,-8.203165,38.710213,184.73427,-9.411107,-40.43315,179.61948,-4.1075144,30.447155,165.51186,1.5130348,-36.071033,188.4373,17.224201,18.182959,147.73317,-12.597775,-4.774312,145.9673,-19.854654,25.19743,119.61387,12.687093,-15.662141,111.20108,-8.521318,33.376553,98.08499,-15.955063,-22.371416,74.67566,-7.4975333
-4.8541174,206.03188,16.13212,-2.1950755,209.9533,14.2219925,-8.721589,208.75957,14.006176,3.455567,211.21915,5.2442646,-12.877803,209.02588,4.642858,16.306267,199.04294,-1.9510036,-18.851927,196.10149,-8.057343,38.859886,186.43732,-9.200101,-41.49824,183.27095,-2.4421375,31.753279,167.54822,2.961165,-38.30406,191.99628,19.37704,18.007551,149.0083,-12.927054,-5.1291184,147.27367,-19.802107,26.05145,119.31292,10.366196,-15.416187,112.10514,-9.103441,34.923283,93.58474,-14.518666,-21.509165,75.4089,-8.949961
-4.9641213,207.21654,15.546711,-2.1958508,211.11925,13.752438,-8.744295,210.13379,13.507896,3.299647,212.46976,4.632246,-13.085833,210.42888,4.2181125,16.155174,200.44058,-2.8626156,-19.31941,197.74396,-8.22036,38.951332,187.42259,-8.560995,-42.57569,186.91719,-0.8303394,33.45477,169.1379,5.124576,-40.5914,195.01807,21.317736,17.599934,149.8347,-13.049566,-5.841547,148.15245,-19.567347,26.913483,118.61125,7.78447,-15.656276,112.58483,-9.150394,36.73652,89.42167,-12.582141,-20.13643,75.983116,-11.060427
-5.0875516,208.19415,14.903428,-2.2579784,212.0573,13.132317,-8.825002,211.16565,12.86854,3.1274965,213.28404,3.8471823,-13.294206,211.41913,3.6587405,15.83093,201.44843,-3.9234328,-19.772453,198.9254,-8.744511,38.775894,187.89229,-7.3559566,-43.002594,190.5302,1.1152333,35.485546,170.38579,7.7832804,-42.95146,198.28886,23.562445,17.112886,150.41225,-13.289266,-6.4848447,148.73364,-19.44971,27.76793,117.83493,4.7310357,-15.808917,112.97287,-8.908712,38.330654,85.50205,-10.22761,-18.946327,76.42693,-13.703003
-5.257245,209.01698,14.193961,-2.3913715,212.81572,12.336006,-8.974915,211.98592,12.12736,2.9971988,213.75656,3.0693207,-13.443427,212.19748,2.8545928,15.52118,202.39159,-4.7811203,-20.283745,199.82889,-8.97077,38.103622,187.92181,-6.293175,-43.15168,193.78012,2.934618,37.84088,171.38869,10.393417,-45.391766,200.591,25.547895,16.489,151.07599,-13.533161,-7.005982,149.32704,-19.056782,28.426897,117.18272,1.545256,-15.867288,113.42041,-8.703045,39.89782,82.52238,-7.3962173,-17.509184,77.12663,-16.268158
-5.574229,209.34535,13.430541,-2.6407359,213.17526,11.762977,-9.229607,212.4299,11.421397,2.7029257,214.17436,2.3401496,-13.736199,212.49432,2.1029613,15.023516,202.53868,-5.816853,-20.522251,200.54387,-9.14458,37.35575,187.55637,-5.0953994,-42.83773,196.72159,4.5387573,40.24649,172.29251,12.80525,-47.52908,202.55638,27.238161,16.166794,151.36322,-13.80365,-7.368031,149.87257,-18.589052,28.480783,116.44979,-1.5093687,-15.655653,113.714935,-8.406488,41.605972,80.64009,-4.4333096,-16.48872,77.80244,-18.841494
-5.826673,209.58691,12.669172,-2.8831894,213.46399,11.132263,-9.467266,212.74017,10.735634,2.501567,214.37897,1.5855125,-13.926789,212.76012,1.2837924,14.457814,202.49245,-6.716714,-20.802439,200.91277,-9.333699,36.417236,187.2386,-3.714164,-42.203735,199.16798,6.593975,42.95365,173.33731,14.455934,-49.469276,204.26733,28.839193,15.807208,151.28406,-14.173031,-7.684995,149.98628,-18.131516,28.604391,115.364914,-4.2222834,-15.414243,113.55849,-8.2647,42.83194,80.19325,-1.8365843,-15.895205,77.899376,-20.902784
-5.7837496,209.5528,11.916485,-2.8769267,213.50433,10.490214,-9.446339,212.68515,10.000456,2.284328,214.30562,0.6647826,-14.16942,212.77574,0.76540154,14.143945,202.09174,-7.6983004,-20.928495,200.97043,-9.064959,35.55603,186.8444,-1.9391773,-41.258472,201.1434,8.545875,45.368168,174.14294,15.70485,-51.15858,205.9175,29.960907,15.305412,150.58421,-14.628524,-7.951986,149.19002,-17.894142,28.679197,114.63437,-5.8075504,-15.365436,112.458244,-8.440036,43.45497,80.272514,-0.18778,-15.852648,77.50202,-22.388502
-6.0374246,209.30937,11.440708,-3.097044,213.19136,9.890861,-9.68399,212.45679,9.508596,2.1063797,213.74901,0.09165202,-14.326352,212.47087,0.25812468,13.487012,201.3097,-8.405973,-20.892248,200.24442,-8.778069,34.895428,186.99089,-0.43934146,-40.526775,202.18866,9.694869,47.090015,175.07144,16.43149,-51.575653,207.12637,30.566692,15.183487,149.59114,-15.023445,-8.114441,148.1611,-17.726398,28.834969,114.093925,-5.911922,-14.942573,111.153656,-8.760415,43.9843,79.84999,0.32932407,-16.385084,76.170906,-23.166754
-6.2498,209.21936,11.287419,-3.22566,212.90681,9.456858,-9.814447,212.28719,9.084354,1.8107373,213.12022,-0.3008494,-14.667695,212.01271,0.10039593,13.035951,200.0242,-8.709916,-20.869581,199.4134,-8.307937,34.677795,186.90652,0.65108323,-40.33673,202.73322,10.093855,48.010372,175.96275,17.254442,-50.32865,207.26637,31.497288,15.042143,148.38803,-15.567265,-8.315892,146.99432,-17.711824,28.949291,113.5397,-5.2467713,-14.642819,109.71326,-9.447827,44.421375,79.181786,-0.33006567,-17.496391,74.91802,-23.80324
-6.406422,208.87361,11.254836,-3.2591534,212.2891,9.14397,-9.877119,211.89983,8.848243,1.6796534,212.34555,-0.4652606,-14.801255,211.3827,0.007703317,12.790018,198.7908,-7.972386,-20.966997,198.71922,-7.918792,35.020374,187.10799,1.5048939,-40.54106,203.05925,10.135303,48.704967,176.85294,17.934309,-50.664818,208.38225,31.132828,15.236,147.51872,-15.662835,-8.224548,146.02003,-17.677828,29.440226,113.126076,-4.2847276,-14.445019,108.3834,-10.132318,44.91371,78.54763,-1.3947381,-18.598558,73.70203,-24.4532
-6.373892,208.31859,11.444071,-3.4285197,211.803,9.159493,-10.026801,211.05923,8.979045,1.658258,211.554,-0.35487387,-14.801119,210.50616,0.099668734,13.034016,197.8111,-7.202099,-21.186703,197.7375,-7.7474346,36.179985,187.26773,1.3944918,-41.19042,202.14755,9.777742,48.660126,176.19731,18.198227,-49.775757,207.48373,31.385706,15.1064205,146.45482,-15.49052,-8.395459,145.06702,-17.75952,30.095167,112.47305,-3.460333,-14.740726,107.349815,-10.865858,45.23194,77.68822,-2.95207,-20.04652,72.91915,-24.605738
-6.299252,207.74455,11.822227,-3.379632,211.23373,9.507444,-9.962491,210.39632,9.274032,1.7134657,210.99872,0.021037698,-14.74418,209.67964,0.4762018,13.330397,197.05275,-6.1834245,-21.256845,196.90723,-7.9397645,37.53327,187.8458,0.8760419,-41.56373,200.76607,9.238618,47.781693,174.8916,17.728846,-48.194874,205.93777,31.593712,14.939209,145.77443,-15.117279,-8.48121,144.57747,-18.232948,30.285889,112.07698,-2.7072866,-15.2116785,107.22353,-11.209352,45.2207,77.44761,-4.6977305,-21.71073,73.142914,-24.450373
-6.349228,207.23604,12.479323,-3.3385446,210.62825,10.129671,-9.947948,209.99799,9.959652,1.7116404,210.47063,0.786145,-14.801878,209.2741,1.129197,13.843357,196.63638,-5.3855324,-21.197348,196.10979,-8.040025,38.834053,188.11133,0.20403223,-41.969658,199.07048,8.601132,46.545994,172.60924,16.419472,-46.293804,203.74303,31.313795,15.271317,145.40254,-14.629266,-8.412371,144.29912,-18.661089,30.375443,111.58022,-2.1934063,-16.031452,107.51922,-11.172473,45.166286,76.96661,-7.0301623,-23.40586,73.36424,-23.91047
-6.2186236,206.78456,13.362657,-3.227065,210.18948,11.0024805,-9.832174,209.51437,10.822924,1.9242232,209.84894,1.6880243,-14.575014,208.4969,1.90008,14.426966,196.33008,-4.5443134,-20.983168,195.08397,-7.923185,39.929295,187.97127,-1.0313855,-42.64873,196.75787,7.5128474,44.850166,170.48492,14.139201,-44.46146,200.82887,30.626448,15.847325,144.95958,-14.341246,-7.7716823,144.15657,-18.794827,30.313932,111.18721,-1.9226065,-17.388092,108.4871,-10.403446,44.86611,76.84731,-8.979508,-25.05201,74.1992,-23.114147
-5.918565,206.05142,14.29501,-2.972133,209.47652,11.91493,-9.587712,208.84026,11.913709,2.166542,209.20984,2.548316,-14.325461,207.94125,2.8609297,14.940666,196.18701,-3.4301708,-20.616142,194.18077,-7.757983,40.55176,187.7908,-2.0223546,-43.346146,193.74876,6.0173235,43.26517,168.37337,11.176851,-42.398922,196.99818,29.226185,16.425915,144.80107,-14.215807,-7.26472,144.02792,-18.90233,30.080765,110.78254,-1.6601881,-18.972864,109.64036,-9.072493,44.4835,76.60016,-10.989615,-26.511652,75.42941,-21.902313
-5.5775723,205.07819,15.093198,-2.7841194,208.74538,12.88385,-9.3782835,207.94458,13.024029,2.4854264,208.40384,3.3863704,-14.032243,207.29729,3.7514327,15.457069,195.86285,-2.6037946,-20.22143,193.4559,-7.146233,40.655724,186.65732,-3.2708373,-43.84836,189.79414,4.516997,41.546185,165.72987,7.6002507,-39.958546,192.53865,27.552618,16.924541,144.56403,-14.468597,-6.966688,144.03384,-18.553791,29.780827,110.29681,-1.7969295,-20.44284,110.958374,-7.289925,43.93041,76.21767,-12.201033,-27.570097,76.92387,-20.477606
-5.5059137,203.99438,15.8892145,-2.7224689,207.74338,13.813449,-9.303019,206.83609,13.793309,2.6759405,207.50865,4.3330083,-13.8550825,206.39282,4.5580487,15.892995,195.29303,-1.7839527,-19.638361,192.76733,-6.503933,40.45445,184.6499,-4.330901,-43.38392,185.43848,2.58155,39.974045,162.7876,4.3332605,-37.93034,187.97252,25.35642,17.237303,144.4145,-14.655716,-6.6374774,144.09746,-18.452532,29.49814,110.00259,-2.104316,-21.714863,112.31138,-5.094957,42.8333,75.67087,-12.668836,-27.87473,78.53235,-19.063118
-5.5205107,202.6888,16.74042,-2.7191205,206.48038,14.770536,-9.285797,205.5093,14.546788,2.7283745,206.54343,5.3416023,-13.770213,205.17326,5.323709,16.236452,194.59233,-0.89868504,-18.932814,191.81714,-6.2897334,39.70855,182.73013,-5.598385,-42.441658,181.33734,0.9651913,38.473747,159.97456,0.86280566,-35.18449,182.91641,23.201523,17.18318,143.97934,-14.798425,-6.731053,143.65778,-18.328806,29.001348,109.48207,-2.2427876,-22.690556,113.530174,-2.6922493,41.385456,74.836075,-12.854233,-27.4409,80.19998,-18.04927
-5.738051,201.20084,17.400164,-2.7755945,204.97177,15.641219,-9.35284,204.1548,15.153156,2.8513827,205.24327,6.3336215,-13.600491,203.80647,5.798223,16.612413,193.24693,0.47741988,-18.352865,190.44626,-6.049921,38.515625,179.74908,-6.693427,-41.00509,176.89494,-0.8726607,37.10728,156.48962,-2.3714354,-32.56282,177.75648,21.185621,16.85596,143.56158,-14.8226595,-7.083341,143.3843,-18.245213,28.241148,108.92729,-2.2477655,-23.260807,114.820335,-0.3481886,39.935364,74.1999,-12.802835,-26.387276,82.075806,-17.535322
-5.9706917,199.69211,18.35266,-2.9551609,203.44846,16.618505,-9.499437,202.6148,15.9257,2.7054942,203.94632,7.402911,-13.730891,202.40924,6.6623926,16.913574,191.62846,1.3645339,-18.002907,188.9946,-5.6563306,36.98222,176.38179,-7.439268,-38.612305,172.03664,-3.2382393,35.987328,152.81415,-5.4734535,-29.836119,172.2258,18.815783,16.672155,142.92998,-14.685667,-7.480202,142.7558,-18.09777,27.420744,108.46443,-1.6878152,-23.622566,115.446655,1.6219826,38.026608,73.74836,-12.811928,-24.997845,84.00022,-17.673996
-5.7562566,198.5021,19.32031,-2.8893313,202.3201,17.50414,-9.413326,201.25877,16.877512,2.858139,202.5856,8.244197,-13.591471,201.05641,7.644982,17.187208,189.33932,1.9546235,-18.163626,187.16286,-5.204751,35.127945,172.07451,-8.27653,-36.710495,167.58867,-4.83709,34.83869,148.57042,-8.585453,-27.059967,166.70726,16.754803,16.281282,141.99376,-14.896889,-7.845791,141.96399,-18.254795,26.21686,108.10476,-0.7753574,-23.647976,115.89335,3.2228525,35.953552,73.54164,-12.676063,-23.385437,85.72666,-18.016493
-5.5451837,197.39381,20.253996,-2.710305,201.21873,18.404594,-9.240193,200.16818,17.886936,2.8524504,201.55687,9.044713,-13.582566,199.97359,8.712556,16.799124,187.41042,2.4834402,-18.161482,185.31013,-4.535883,32.65114,169.17035,-9.609523,-34.79241,164.02173,-5.8780956,33.912952,145.40341,-11.318381,-24.166265,160.97232,15.008706,15.703849,141.27455,-15.206964,-8.102306,141.53435,-18.353949,25.20321,107.65354,-0.0050713457,-23.40697,116.05618,4.1258516,33.948654,73.20705,-12.220578,-21.363697,87.175156,-18.792347
-5.3615656,196.36223,21.028486,-2.365935,200.10764,19.237816,-8.908801,199.25229,18.571453,2.8591032,200.52745,9.74187,-13.540499,198.81718,9.497525,16.548647,185.96332,2.4092858,-18.076363,183.83298,-3.6413836,30.23083,166.36131,-10.361622,-32.66704,160.98868,-6.645863,32.63672,142.80179,-13.2416315,-21.503736,155.40686,13.618879,14.913751,140.66162,-15.607898,-8.461336,140.95844,-18.220247,24.116407,107.36448,0.7102234,-23.08972,115.27754,4.776802,31.567364,72.84654,-12.0708885,-18.897825,88.11457,-19.802809
-4.9224133,195.79198,21.795881,-1.9914848,199.51137,19.880304,-8.557545,198.6345,19.424952,3.2910535,199.54886,10.276999,-13.14207,198.16113,10.286838,16.071098,185.05086,1.7572948,-18.21117,182.86696,-2.4466357,27.990944,164.8314,-11.64572,-30.279688,159.20155,-7.3172207,30.972845,141.47948,-14.309165,-19.560095,150.59457,12.311514,14.038007,140.11765,-15.620114,-9.113519,140.24208,-17.869762,22.608938,106.93666,1.3605657,-22.368698,113.706436,5.170351,29.137901,72.82384,-11.807707,-15.9641075,88.94504,-21.248375
-4.486442,195.19252,22.510572,-1.4422725,198.74146,20.459177,-8.050856,198.1565,20.184317,3.582316,198.97057,10.88996,-12.860004,197.82031,11.148933,15.437127,184.62177,1.027308,-18.957739,182.13434,-0.9848304,25.696928,164.34879,-13.575008,-28.217422,157.42047,-6.9329467,28.851503,141.06798,-14.751275,-17.145168,146.6407,11.4087,13.142879,139.54199,-15.806217,-10.086399,139.46185,-17.40144,21.188194,106.59436,1.4717627,-21.108473,111.63773,4.991563,26.81687,72.53557,-11.672816,-12.361041,89.271164,-22.967758
-3.9620106,194.82968,23.07516,-0.85173273,198.43437,21.217384,-7.461641,198.01295,20.933662,3.7645543,198.80984,11.324806,-12.675871,197.54584,12.049725,14.797964,184.70352,0.41360986,-19.903492,181.44113,0.52132976,23.294693,165.31726,-16.505117,-27.060131,156.03758,-5.968187,27.305883,142.28972,-13.829788,-14.733144,144.24518,10.655477,12.039795,139.37476,-16.235388,-11.062667,138.7575,-17.120506,19.80668,106.54317,1.3077657,-19.209047,109.26723,4.447066,24.561092,72.49347,-11.451553,-8.650926,89.330025,-24.835443
-3.545193,194.70232,23.847403,-0.44225642,198.22726,21.837132,-7.0614443,197.85323,21.6881,3.9522278,198.4863,11.912022,-12.51465,197.59927,13.06686,14.114742,185.0203,-0.31686297,-20.776802,180.89009,2.2729065,21.037363,166.39671,-18.77997,-26.557049,154.7527,-4.646036,25.219715,143.96858,-12.97083,-11.67554,143.02962,9.440161,10.913791,139.28125,-16.835339,-11.938343,138.27335,-16.922052,18.637308,106.44373,0.9438388,-16.87327,107.16607,3.372591,22.231993,72.06112,-11.215222,-4.7225943,89.254814,-26.6947
-3.0439332,194.58145,24.61424,0.004738357,198.18814,22.651335,-6.6099887,197.73456,22.534529,4.067714,198.4357,12.476705,-12.349572,197.42358,14.089628,13.105368,185.54054,-1.5194745,-21.385971,180.54694,4.1642013,19.02791,167.41464,-20.74369,-26.178068,154.4416,-3.470675,23.551607,146.33409,-11.782041,-8.766914,143.80402,8.254362,9.390668,139.45401,-17.50021,-13.182368,138.00166,-16.678108,17.701488,106.66126,0.47348976,-14.299659,105.37002,1.7295377,19.913336,72.1259,-10.850979,-0.946355,88.84049,-28.44285
-2.5868783,194.56075,25.245718,0.49856192,198.07307,23.175974,-6.128634,197.80782,23.279108,4.236392,198.21487,12.865305,-12.116234,197.4118,14.912012,12.045173,185.95352,-2.6688564,-21.730349,180.33029,6.585204,16.62666,168.58705,-22.731833,-25.999344,154.46924,-1.7007618,21.780233,149.06204,-10.603599,-6.4005647,145.27544,7.583595,7.980151,139.54337,-18.066374,-14.338917,137.47935,-15.871878,16.799158,106.846016,0.12030669,-11.596062,103.54705,-0.77136636,17.647076,72.005615,-10.340532,3.2835793,88.68546,-31.012022
-2.0748882,194.24762,25.524015,1.0982432,197.72801,23.538563,-5.5308104,197.68684,23.730434,4.393757,198.05502,12.977855,-11.894856,197.399,15.535516,10.826103,186.43394,-3.9568968,-21.743038,180.04509,8.875707,14.230695,169.22612,-24.262728,-25.879301,154.01497,0.3840972,19.924803,151.82288,-9.390134,-4.2202435,147.3493,7.2892733,6.499159,139.96346,-19.049185,-15.417255,137.39043,-14.841307,15.794829,107.49427,-0.23413783,-8.605176,102.531845,-3.1806388,15.546691,72.41842,-9.669924,7.051289,87.74317,-33.27051
-1.4781129,193.96507,25.766708,1.6839042,197.43924,23.749922,-4.944697,197.39308,23.974184,4.6068697,197.82365,13.084702,-11.606033,197.28677,16.163776,9.35817,186.58499,-4.8984933,-21.84773,179.83032,11.123186,11.942009,169.55144,-25.491196,-25.73645,153.80803,2.562145,18.127052,154.58614,-8.156544,-2.7865303,149.27855,6.8206363,5.2084227,140.20561,-19.374054,-16.419752,136.96605,-13.848652,14.968207,107.83403,-0.7771719,-5.7986956,101.6423,-5.932458,13.608681,72.48009,-9.19276,11.114685,86.49632,-35.57393
-0.8181191,193.52557,25.758194,2.221987,197.1189,23.755407,-4.381528,196.99057,24.244724,4.904625,197.40456,12.927902,-11.190794,196.89574,16.446774,8.178853,186.61482,-5.972328,-21.751791,179.30559,13.147392,9.878031,169.44687,-26.267723,-25.64192,153.4519,4.66182,16.427649,156.90018,-7.116675,-2.1103067,151.52007,6.5754743,4.0345716,140.25026,-19.438118,-17.114347,136.34506,-12.980112,14.062232,107.99966,-0.91459805,-3.447565,101.05926,-8.686634,11.640392,72.3906,-8.692556,15.10803,85.19271,-37.448944
-0.18162207,193.06863,25.654747,2.6659622,196.72491,23.500353,-3.8957312,196.48468,24.450989,5.0942674,196.97643,12.610304,-10.849932,196.47038,16.61647,6.723192,186.46127,-7.1589756,-21.109026,178.75287,14.923111,8.0384445,168.74883,-26.86601,-25.421713,152.85846,6.845154,15.035171,159.14609,-6.3181243,-1.6451563,152.93878,7.2875323,3.115229,140.31137,-19.542011,-17.389679,135.89456,-12.379829,13.286762,107.98302,-0.8723933,-1.5105351,100.96633,-11.40725,9.925383,72.47241,-8.194708,18.118984,83.80819,-39.149357
0.30144265,192.72223,25.41057,2.975312,196.3552,23.009018,-3.518551,196.05571,24.328033,5.171101,196.39415,12.139523,-10.63499,195.8777,16.610432,5.3799105,186.12881,-8.158072,-20.186377,177.81155,16.974348,6.2613497,167.81975,-27.288557,-24.818321,151.82866,9.185088,13.772236,161.04564,-5.739169,-1.069944,153.93994,8.414942,2.4773927,139.89455,-19.83012,-17.410732,135.22604,-11.94611,12.470897,107.95858,-0.52354866,0.37149575,101.13922,-14.076011,8.3229065,72.32322,-7.617172,20.134869,82.25949,-40.893192
0.7209916,191.93147,25.023094,3.4358847,195.48093,22.534618,-3.0036123,195.4285,24.121569,5.180638,195.56482,11.644158,-10.497678,195.17168,16.644665,4.0674458,185.33679,-8.9546795,-19.89441,176.65636,18.444353,4.844897,166.3572,-27.56011,-23.782246,150.14833,11.8807,12.461652,162.40057,-5.5663466,-0.95255786,154.55127,8.1736555,1.9674772,139.4241,-19.8894,-17.292408,134.60918,-11.451686,11.993885,108.05353,0.22994329,2.1438074,101.55969,-16.277752,6.975263,72.636055,-6.69808,21.63097,80.50113,-42.298702
1.0856631,191.30373,24.615498,3.6786425,194.867,22.019964,-2.7342918,194.69339,23.711996,4.926758,194.6086,10.953968,-10.512653,194.42793,16.661999,2.1753933,184.52246,-10.30953,-19.3564,175.54831,19.578709,3.9511268,164.42194,-27.569437,-22.286537,148.47034,14.947971,11.417464,163.23949,-5.131302,-0.7312782,154.93579,8.786823,1.2522663,138.68146,-20.100258,-16.991606,133.8818,-11.059151,11.899668,108.020744,0.84483117,3.3745184,101.917465,-18.379267,6.2327847,72.52979,-5.9529495,22.618479,79.02187,-43.61986
1.2965152,190.59212,24.385948,3.8758476,194.00914,21.587217,-2.504934,193.97643,23.390743,4.7607007,193.582,10.547492,-10.494002,193.39642,16.642496,0.5335759,183.18729,-11.384623,-18.909706,174.432,20.448034,3.714196,162.35043,-27.605179,-20.995129,147.10387,17.345188,10.429295,163.97073,-5.0596514,-0.5169813,154.62762,8.887444,0.65180516,137.61082,-20.073988,-16.363916,132.64525,-10.424647,11.96993,107.888306,1.8794508,4.4101086,101.71932,-20.366386,5.2005754,72.705864,-5.14789,22.94212,77.96782,-45.051647
1.4806834,189.81796,23.99465,3.9095945,193.20851,21.029165,-2.3739574,193.17654,23.143045,4.4275675,192.5676,9.989945,-10.60255,192.46744,16.64894,-0.7181564,181.3497,-11.982178,-18.289734,173.38474,21.204977,3.6584702,159.90958,-27.27253,-19.547466,145.9293,18.951757,9.41018,163.42418,-4.6200533,0.12924325,153.91364,8.634299,-0.11642708,136.2557,-20.172598,-15.8628025,131.36554,-9.703239,12.122277,107.43149,2.5633137,5.092174,101.043526,-21.740688,4.3544884,72.66266,-4.626264,22.926414,76.81477,-46.042545
1.5224625,189.15515,23.562967,4.012225,192.36928,20.467762,-2.2389774,192.60242,22.664425,4.0667253,191.74232,9.463429,-10.759908,191.688,16.496496,-1.8019905,179.42668,-12.307955,-17.7715,172.39703,21.599806,4.160679,157.37163,-26.585283,-18.224293,144.79544,20.03937,8.490297,161.95868,-3.8707328,1.1414114,151.71284,8.328889,-0.90134275,135.05138,-20.21364,-15.524988,130.28044,-9.112662,11.882103,106.7133,2.488843,5.9422393,100.80459,-21.961338,3.194865,72.76317,-4.937863,22.80999,75.89146,-46.122513
1.4241816,188.52267,22.917717,3.977302,191.77805,19.91489,-2.2546408,192.09521,22.154598,3.7846217,191.17188,8.770374,-10.909149,191.29208,16.108818,-2.5124097,178.08702,-12.246623,-17.228077,171.78624,21.728678,4.246955,155.57866,-25.64156,-16.765608,144.13,21.138042,7.960957,160.28813,-2.7966073,2.0528426,147.81248,7.4527445,-1.4697489,134.28098,-20.201292,-15.564245,129.65108,-8.839255,11.884714,106.44831,2.6713583,5.8877826,100.382095,-21.969456,2.7853036,72.73525,-4.865901,22.699217,75.38493,-46.296524
1.4552292,188.40298,22.417242,3.8960092,191.69681,19.360699,-2.3623443,191.80392,21.54909,3.6285198,190.8908,8.2496,-10.987169,191.11975,15.736856,-2.7659957,177.61147,-11.895046,-17.051773,171.44171,21.687407,4.365238,154.70786,-24.589214,-14.821985,143.84439,21.657482,7.806252,157.8439,-1.4702497,2.9782498,143.01402,6.180132,-2.0394173,133.8413,-20.642902,-15.771617,129.5945,-8.694422,11.794294,106.00398,2.505793,5.2287273,99.9609,-21.315893,2.6049268,72.43519,-4.6403503,22.042854,75.76256,-46.096222
1.504832,188.57507,22.00828,3.8035316,191.91566,18.882725,-2.3938117,191.9007,21.230618,3.65766,190.9439,7.8444505,-10.957076,191.12238,15.26608,-2.4289007,177.70879,-11.66265,-16.822937,171.49539,21.277708,4.4165244,154.49733,-23.333382,-13.059293,143.89462,21.138887,8.383553,154.14763,0.02542115,3.8904498,138.36224,5.504847,-2.6841307,133.62189,-21.052683,-16.314526,129.7495,-8.655815,11.56888,106.08063,2.2417147,4.5272927,99.80223,-19.942345,1.9109516,72.4529,-5.332598,20.997,76.39533,-45.441257
1.6182885,188.94966,21.613106,3.807228,192.3606,18.490389,-2.4053254,192.11491,20.796598,3.9215882,191.14507,7.439412,-10.799803,191.28734,14.697526,-1.5308526,177.91406,-11.716506,-16.727041,171.78932,20.401012,5.4462457,154.09573,-21.987225,-11.950326,144.30971,19.580734,9.115478,150.09474,1.089458,3.9574084,133.58649,5.46844,-3.190141,133.58336,-21.2531,-17.490305,130.00067,-9.05858,11.621919,106.229485,2.2556,3.3501801,99.52636,-17.732666,2.0392878,72.28527,-5.553627,19.216171,77.3696,-44.53057
1.6852492,189.19,21.277128,4.044164,192.5741,18.253191,-2.2416208,192.44518,20.365984,4.2747097,191.29276,7.1219535,-10.559919,191.75545,14.180081,-0.2607497,178.5169,-11.663219,-17.021734,172.5487,19.44057,7.240393,154.11803,-20.252354,-11.394294,145.10371,17.323889,10.155352,146.44557,2.0236614,4.4141455,130.70166,6.312944,-2.9813478,134.08069,-21.342695,-18.617046,130.75487,-9.842265,11.406418,106.12195,1.3188807,0.888246,98.967285,-15.108696,2.1926422,72.23549,-6.221203,16.77539,78.78361,-43.18785
1.7559214,189.5274,20.893251,4.35151,192.82239,17.96206,-2.016946,192.90865,19.785675,4.754575,191.89072,6.871859,-10.282805,192.35033,13.553337,1.053422,178.98752,-11.486023,-17.542269,173.6438,17.731846,9.795208,154.30057,-18.224287,-12.519221,146.31364,15.084729,12.0062475,143.14189,2.7022603,4.380678,130.6725,7.67853,-2.3713217,134.90854,-21.183174,-19.531153,131.77003,-11.03163,11.346695,106.09633,0.49151087,-1.9948049,98.25911,-12.209519,2.5271971,72.14836,-7.461666,14.287066,80.11995,-41.15876
1.6290634,189.92238,20.646973,4.3192377,193.1765,17.756294,-2.1230772,193.23749,19.292942,5.201306,192.37592,6.766062,-10.027398,193.04063,12.867665,2.4042172,179.31259,-11.382181,-18.00773,175.07571,15.917922,12.699629,154.97337,-17.273657,-14.0591345,147.6861,13.360313,13.355682,141.80377,2.7124228,4.063165,132.87453,9.419504,-1.0851111,135.4996,-20.96764,-19.80011,132.56364,-12.367911,11.630951,106.087364,-0.24812792,-4.5403037,97.99357,-9.186651,3.0861356,72.02475,-8.54722,11.253479,81.326904,-38.766712
1.6106577,190.30981,20.513083,4.3905163,193.57246,17.717884,-2.0872276,193.66556,19.119133,5.7607293,193.0096,6.845463,-9.728568,193.58734,12.357384,4.6170983,179.6635,-10.747081,-18.856462,176.51767,13.849737,16.422258,156.13704,-17.212854,-16.514732,148.73784,12.440215,13.843339,143.65219,2.6816669,2.9462636,135.28528,10.045081,0.13563931,136.23274,-21.313381,-19.478558,133.56104,-13.249329,12.078087,106.29288,-0.9673461,-7.0623035,98.51796,-6.268165,3.9307928,72.233734,-9.483499,7.9924693,82.621506,-36.32799
1.5746734,191.00537,20.572168,4.517356,194.20703,17.88039,-2.0303922,194.34224,18.919783,6.549501,193.72034,7.1428914,-9.250386,194.21684,11.680311,7.0069957,180.39606,-10.295226,-19.259436,177.71123,12.1462755,20.330845,158.06007,-17.611092,-20.046635,149.97758,12.095917,14.467702,147.08093,2.3978364,0.68683267,138.26778,10.652411,1.5485519,136.91115,-21.890806,-18.810104,134.51797,-14.075251,12.708954,106.381744,-1.876827,-9.463528,99.493904,-3.1871977,5.2104692,72.24021,-10.588357,4.2585983,84.50889,-33.963226
1.5051899,191.61618,20.333048,4.548104,194.77177,17.6942,-1.9931003,195.09296,18.721924,7.3697333,194.58353,7.3401594,-8.747942,194.91275,10.881756,9.613376,180.98677,-9.879114,-19.412464,178.80652,10.80366,24.710575,159.7014,-17.386192,-23.808992,151.69005,11.743209,14.502482,151.19055,1.9091821,-1.9301139,142.79752,11.221595,2.6994414,137.53938,-22.5156,-18.040121,135.13123,-14.622365,13.586175,106.363335,-2.8303201,-11.433873,100.53438,0.084188126,6.516142,72.089516,-11.754953,0.3153888,86.50904,-31.744377
1.5459828,192.30359,20.228006,4.585678,195.54805,17.7037,-1.9512978,195.86206,18.808556,7.963996,195.52965,7.5448055,-8.274093,195.8181,10.394267,11.498366,182.19897,-9.632729,-19.52691,180.08702,9.475492,28.200129,162.2911,-17.561005,-27.348618,153.91058,11.3097315,15.586054,156.28665,1.1165708,-4.5862856,147.40398,11.990756,3.8668766,138.05576,-22.794205,-17.298126,135.94734,-15.232774,14.7177105,106.61125,-3.5780303,-13.771362,102.61981,2.5274513,8.07675,72.04347,-12.453721,-3.2848482,88.38629,-29.84687
1.8394371,193.0409,20.062231,4.8931437,196.42798,17.757593,-1.6606941,196.65926,18.81825,8.5850525,196.69485,7.6676693,-7.7372437,196.65018,10.030429,13.4738655,183.45905,-9.173712,-19.744413,181.29129,8.157606,31.246717,164.76776,-17.688038,-31.24029,156.65295,10.473901,16.754084,160.9609,0.3614949,-8.29094,151.71542,12.310085,5.255347,138.59549,-22.95575,-16.30422,136.95251,-15.629547,15.64666,106.73076,-3.9623616,-15.9427395,104.863945,4.543469,9.555361,71.919365,-13.157472,-6.329123,89.89149,-27.615849
1.9521558,194.24393,20.04549,4.9942183,197.67749,17.791115,-1.5938432,197.74884,18.626413,9.161473,197.92853,7.9268246,-7.238231,197.79988,9.639647,14.978642,184.86923,-8.395022,-19.32056,182.7518,6.87681,33.58675,167.52147,-17.952545,-34.56196,160.35094,8.901057,18.875978,164.96191,0.051001508,-11.883184,155.83998,12.347803,6.5070987,139.38477,-22.798157,-15.708231,138.2706,-15.903795,16.336922,106.95092,-4.2930713,-17.663923,107.359024,6.0564547,10.892655,72.19939,-13.49247,-9.315964,90.63385,-25.427557
1.9662448,195.56706,20.206572,5.0891237,198.87521,17.878025,-1.5150697,199.03212,18.540648,9.440086,199.20529,8.225358,-6.9849334,199.04536,9.559648,16.118235,186.29994,-7.4940844,-18.450798,184.40965,5.743776,35.106987,170.32411,-18.649261,-37.22141,164.9548,6.565711,21.4241,167.70306,-0.024029179,-15.441821,158.57558,12.003669,7.6222568,140.18776,-22.266218,-14.808797,139.67604,-16.219664,17.077042,107.30361,-4.0560904,-19.411972,110.052605,7.0301657,12.444841,72.53486,-13.852458,-12.454119,90.93758,-23.191765
1.8355092,196.92952,20.585155,5.1768093,199.93414,18.147326,-1.4274917,200.42226,18.574,9.785678,200.53445,8.828162,-6.668658,200.33936,9.58609,17.028353,187.8155,-6.8098545,-17.799547,185.99298,4.6317854,35.817505,173.27112,-19.629793,-38.832718,169.01819,3.3984935,24.152626,169.10977,0.15834865,-18.3538,160.89882,11.288556,8.754638,141.00922,-21.431189,-14.264495,140.92287,-16.291487,17.686234,107.86185,-3.6800578,-20.871881,112.28426,7.5943274,13.790134,72.89146,-13.78605,-15.808892,90.61846,-21.163815
1.9611534,197.87582,20.680967,5.2666645,201.13007,18.514473,-1.3520007,201.41844,18.843313,9.938193,201.64648,9.050218,-6.5371933,201.46158,9.684067,17.631584,189.2262,-6.215994,-17.614716,187.69174,3.4578795,36.282455,175.42392,-20.208117,-39.483665,172.22186,-0.3084522,27.284504,169.72244,0.56402266,-21.349949,162.25508,10.435683,9.659158,141.92363,-20.37122,-13.753292,142.30095,-16.18867,18.031252,108.39304,-3.0239956,-22.026896,114.06828,7.907067,15.069338,73.28638,-13.642047,-19.006594,89.73388,-19.179195
1.8232143,198.82286,20.684254,5.1064544,202.15657,18.614634,-1.5199953,202.35115,18.875095,9.937404,202.66832,9.136233,-6.520386,202.51895,9.632763,18.221931,190.44928,-5.6428328,-17.657732,189.01553,2.1705618,36.253258,177.21182,-20.610937,-39.628517,173.90541,-3.0281322,31.852499,170.02916,1.2372468,-23.884123,163.35544,10.250719,10.249481,142.91031,-19.621725,-13.31972,143.70996,-16.01104,18.199867,109.02225,-2.27764,-23.147614,115.54143,7.6327972,16.55388,73.99352,-13.773612,-22.519897,88.824,-17.268385
1.4228799,199.72012,20.741598,4.7756457,203.10445,18.884012,-1.8568556,203.31863,18.956013,9.730124,203.65831,9.372628,-6.7176595,203.46529,9.548069,18.8145,191.43878,-5.056083,-17.39465,190.39984,0.70155305,36.751987,178.08118,-20.209745,-38.844124,175.81989,-6.5164704,36.42985,169.6893,1.8765551,-26.245617,164.27815,9.31961,10.776479,143.55565,-18.485847,-13.036965,144.53787,-15.684053,18.082184,109.30816,-1.5031781,-24.481293,116.505226,7.405169,17.894894,74.48776,-13.750747,-26.101387,87.91783,-15.599084
1.2607707,200.4429,20.760363,4.6206994,203.83197,18.912352,-2.0066054,204.0765,19.025827,9.692836,204.39868,9.483484,-6.744683,204.37297,9.540074,19.285418,192.13719,-4.522477,-17.25066,191.57942,-0.9717352,37.246677,178.7587,-19.57915,-37.81954,176.68477,-9.401034,40.728386,169.40782,1.7403815,-29.20871,164.43993,8.646185,11.027628,143.98466,-17.499172,-12.930439,145.33081,-15.309897,17.820677,109.74739,-0.3749792,-25.419512,116.97759,7.1074405,19.04911,75.0279,-13.55046,-29.352053,86.98076,-14.007202
1.2603639,200.86012,20.622774,4.553872,204.35533,18.865314,-2.0790641,204.43776,18.8895,9.708618,205.16994,9.440052,-6.739729,205.10811,9.515493,19.580853,192.97437,-4.01844,-16.92134,192.30281,-2.5433145,37.040115,179.1411,-18.895636,-36.55454,176.40001,-11.327623,45.01966,168.99152,1.0847137,-32.541187,163.99763,8.157326,11.229653,144.20541,-16.592785,-12.7792845,145.76009,-14.790771,17.364912,109.9559,0.74692184,-26.12137,116.94922,6.5421357,20.384983,75.50936,-13.193516,-32.406513,85.93183,-12.502147
1.1377144,201.1965,20.459301,4.428929,204.78697,18.888834,-2.2008963,204.77393,18.735504,9.59989,205.50148,9.283089,-6.8070273,205.37263,9.263526,19.90219,193.35709,-3.584394,-16.436054,192.5103,-3.8838336,37.137585,178.9463,-17.877806,-35.04659,175.38583,-12.5732975,49.120293,168.35454,-0.3438381,-35.92243,163.53142,7.7016907,11.438866,144.13371,-15.523349,-12.616063,145.60306,-14.080095,16.885654,109.94061,1.887054,-26.731771,116.183685,5.784644,21.515387,75.88688,-12.909557,-35.405678,84.4997,-11.227471
1.011262,201.46033,20.209385,4.2156034,205.08075,18.545542,-2.4200706,204.94536,18.488407,9.431669,205.7378,9.019066,-6.983719,205.63834,9.031951,20.037476,193.56917,-3.1571994,-15.471998,192.31453,-5.015389,37.31318,178.38733,-16.229826,-33.163204,174.10684,-13.326786,52.933167,167.546,-2.3201864,-38.59564,163.09671,6.9389095,11.221894,143.60153,-14.37762,-12.577847,144.93126,-13.486172,16.235477,109.45628,3.2206771,-27.38818,115.13732,5.1453547,22.245895,75.88236,-12.295245,-38.044968,83.24106,-10.39087
0.86941105,201.4082,19.89725,3.9575515,205.09644,18.157019,-2.6668932,204.80858,18.20795,9.332065,205.90068,8.824883,-7.1014266,205.4405,8.667294,20.062273,193.2338,-2.938747,-14.630506,192.03078,-6.1398373,37.892033,177.84329,-14.729076,-31.29898,172.41458,-13.484318,55.71585,166.4205,-4.058854,-40.58292,162.08391,5.952529,11.082857,142.74377,-13.191986,-12.616547,144.24226,-13.120228,15.318483,108.85021,4.6125546,-27.827492,113.933014,4.4290204,22.916277,75.833206,-11.582182,-40.422035,81.77617,-9.503271
0.5583682,201.01692,19.569946,3.7027094,204.71454,17.949911,-2.9138036,204.39326,17.70779,9.174923,205.63133,8.685451,-7.2414045,205.0013,8.203865,20.45624,192.59158,-2.5163455,-13.840052,191.24734,-7.0649133,38.698895,176.31972,-12.913296,-29.854778,170.68532,-13.893318,57.880596,164.7689,-4.7019715,-42.55906,161.00063,3.9320302,10.811384,141.9117,-11.940759,-12.460122,143.54805,-13.00303,14.491859,108.08792,6.150552,-28.021954,112.71561,3.3760622,23.428267,75.74897,-10.719297,-42.31207,80.587074,-8.822679
0.54924196,200.59023,19.067205,3.7031198,204.4022,17.776957,-2.9044673,204.02568,17.309505,9.220865,205.20813,8.243728,-7.190673,204.5589,7.5853295,20.911102,191.6733,-1.972399,-13.432284,190.11897,-7.8421803,39.566372,175.09843,-11.509821,-28.848698,168.78346,-13.8195915,59.27531,162.8512,-5.4373503,-44.66766,159.98814,1.9396731,10.824297,140.775,-10.616621,-12.380885,142.54066,-13.001707,13.628936,107.18384,8.203575,-28.364586,111.28378,2.5886643,23.878008,75.790565,-9.948761,-43.768005,78.93148,-8.566209
0.4671807,199.96745,18.64969,3.6489427,203.79355,17.469807,-2.9590096,203.47081,16.97409,9.081364,204.52066,7.761388,-7.339836,203.74184,7.141647,21.297646,190.52713,-1.655663,-12.853824,188.88441,-8.571697,40.354824,173.55357,-10.044274,-28.063852,166.9477,-13.589014,60.46584,160.93236,-5.8907633,-46.38215,158.91415,-0.33757666,10.874052,139.4608,-9.09763,-12.3724,141.24329,-12.432186,13.107118,105.97825,9.978447,-28.738743,109.79821,1.8671788,24.135908,75.571236,-9.396308,-44.723057,77.271614,-8.827138
0.5368891,199.14622,18.240923,3.6524918,202.95459,16.842825,-2.9523785,202.51166,16.40659,9.0329485,203.6037,7.217681,-7.3596196,202.64752,6.734829,21.3485,189.17577,-1.4114181,-12.353666,187.24185,-8.977288,40.826305,172.22896,-9.0071335,-27.52241,165.11371,-12.731204,61.039257,159.37169,-6.4778976,-47.483147,157.42476,-1.6535077,10.676802,137.89966,-7.6692553,-12.482588,139.63611,-11.744498,12.839442,104.78668,11.509442,-29.171837,108.23766,1.5143659,24.257996,75.54335,-8.882345,-44.884983,75.8055,-9.912107
0.29049194,198.21315,17.56638,3.5144286,201.94412,16.204922,-3.0884686,201.62434,15.618929,8.968216,202.37906,6.59826,-7.4981294,201.43439,5.946931,21.450031,187.69041,-1.0316515,-12.154655,185.34077,-9.045879,41.432514,171.2833,-7.7298656,-27.466177,162.97774,-11.673719,61.729534,158.30318,-7.1472116,-48.48316,155.9164,-2.24745,10.534385,136.15523,-6.1867585,-12.628833,137.8971,-11.053464,12.777787,103.31059,12.81258,-29.437208,106.60213,1.2668542,24.479446,75.24223,-8.580751,-44.420204,74.395424,-11.318103
0.05393488,197.35637,17.113735,3.3030322,201.03902,15.673115,-3.280338,200.65381,14.9134,8.884419,201.2023,6.141425,-7.5787854,200.14607,5.297004,21.57098,186.38069,-0.92112803,-12.078074,183.46172,-9.134112,41.68397,170.00674,-6.9514823,-27.802603,161.19753,-11.225018,62.17312,157.16896,-6.5912604,-49.126923,154.86115,-2.1594267,10.659779,134.52672,-5.402973,-12.669155,136.16324,-10.563508,13.12818,101.97164,13.725399,-29.991611,105.067116,1.1313412,24.82475,75.03036,-8.658595,-43.754677,72.98217,-12.387915
-0.24673937,196.69695,16.729527,3.021875,200.35297,15.279574,-3.5193732,199.89075,14.290471,8.6887245,200.11572,5.6976275,-7.733178,199.06146,4.7170334,21.801826,185.19023,-0.8182249,-12.025538,182.133,-9.196552,41.8384,168.28935,-6.754426,-28.301424,160.06769,-10.969692,62.591038,155.85074,-4.680086,-49.62712,154.55305,-1.5458215,10.664855,133.19981,-5.1294837,-12.416226,134.80164,-10.346052,13.481272,100.776886,14.0455475,-30.390846,103.75188,0.5385558,25.531557,74.51173,-8.901567,-43.359104,71.77374,-12.95643
-0.5333245,195.90656,16.325811,2.7745087,199.46472,14.721021,-3.7822802,199.07506,13.816329,8.64439,199.22746,5.473952,-7.7636456,198.18088,4.164018,21.844864,184.2093,-0.860233,-12.278401,181.09804,-9.425061,42.17205,167.41208,-6.4344106,-28.85189,159.39322,-10.889074,62.87086,155.53868,-2.1823127,-49.943485,154.70088,-0.37382317,10.711443,132.39755,-5.126043,-12.162261,133.9894,-10.642293,13.900928,99.98583,13.897821,-30.385727,103.60885,0.21186201,25.810781,74.120125,-9.359169,-43.02881,71.68958,-13.318394
-0.7460626,195.738,15.975603,2.635802,199.1852,14.273463,-3.9401112,198.94658,13.446921,8.449824,198.69626,5.067705,-7.966334,197.84624,3.8083122,21.574339,184.07881,-1.278956,-12.569142,180.7609,-9.570698,42.29034,167.53203,-5.7413554,-29.525593,159.34486,-10.597226,62.903645,156.34138,0.40587607,-49.705894,156.02643,1.8965105,10.988995,132.14325,-5.9239426,-11.837404,133.77736,-11.147814,14.16508,99.69822,13.195386,-30.055967,103.654816,-0.08743926,26.052084,73.76884,-10.112355,-42.7136,71.95827,-13.609991
-1.097285,195.62971,15.550876,2.1972957,199.16846,13.887524,-4.384832,198.81393,13.1078205,8.137404,198.7925,4.6633754,-8.291703,197.85455,3.4133046,21.24911,184.30086,-1.7051988,-12.843558,180.85365,-9.629509,42.637806,168.47272,-4.9082117,-30.30051,159.99956,-10.324093,62.683887,157.71182,3.2361534,-48.56438,158.1919,4.9982443,11.57897,132.3582,-6.7808337,-11.256081,133.7546,-11.818837,14.476568,99.66487,11.928757,-29.576859,103.82168,-0.49541909,25.860376,73.42339,-11.171726,-42.50621,72.15202,-13.952225
-1.2774129,196.00977,15.365231,2.0074453,199.62947,13.859984,-4.524614,199.145,12.811409,7.9701033,199.10347,4.4858575,-8.442273,198.31404,3.2296827,20.815128,185.14062,-2.348985,-13.342572,181.5686,-9.569835,42.940285,170.1475,-4.86891,-31.427402,161.45337,-10.123695,61.654266,160.00125,6.236299,-46.501972,161.08543,8.554387,11.997336,132.9723,-8.013891,-10.890807,134.02646,-12.4311905,15.091157,99.974525,10.470253,-29.323114,103.86267,-1.1581612,25.822895,73.16198,-12.152094,-42.568447,72.442894,-14.34634
-1.5669061,196.54114,15.367038,1.761587,200.11934,13.849104,-4.766108,199.65332,12.732198,7.6719565,199.9582,4.6153746,-8.7141485,199.07109,3.2072635,20.56605,186.09058,-3.0402732,-14.189825,182.82426,-8.956139,43.603745,172.34294,-5.3023124,-32.669556,163.57501,-9.973206,59.78079,162.608,9.505066,-43.44077,163.69295,11.467078,12.510408,133.96782,-9.604662,-10.705958,134.98248,-12.678881,15.951066,100.931335,9.044105,-28.885176,104.26035,-2.1897213,25.73979,73.22634,-13.14863,-42.646942,72.90915,-14.893402
-1.8202881,197.31763,15.552845,1.4533056,200.8371,13.820747,-5.0940733,200.27545,12.839321,7.3905535,200.88669,4.771442,-9.00244,199.94725,3.431173,20.187021,187.21855,-3.4768124,-14.639056,184.2007,-8.120968,43.965916,174.59372,-5.354329,-34.26188,166.40349,-9.908922,57.24181,165.8387,12.289766,-39.746597,166.12079,13.25435,12.879283,135.25508,-10.896941,-10.483744,136.12868,-13.504923,17.081774,102.09648,7.608303,-28.164276,105.21114,-3.209116,25.634947,73.61267,-13.986885,-42.622253,73.602,-15.109051
-2.0965333,198.25557,15.666972,1.2400641,201.757,14.002565,-5.3557196,201.46654,13.23026,7.217587,201.90973,5.0786524,-9.185516,201.0982,3.589263,19.86391,188.80058,-3.6351452,-15.356829,185.718,-7.304582,44.221004,177.77046,-5.900175,-36.074883,168.97589,-8.74533,54.149525,169.2277,13.70483,-35.682713,168.61224,14.908734,13.274356,136.45476,-12.239522,-10.048956,137.42757,-14.519625,17.987104,103.43239,6.270906,-27.088436,106.252686,-4.325577,25.256859,73.829796,-14.416202,-42.320824,74.328545,-15.366026
-2.195208,198.94148,15.727595,1.1579125,202.52472,14.275578,-5.405476,202.26715,13.373977,7.1327853,202.83359,5.2289677,-9.315096,202.38496,3.8124335,19.27729,190.1573,-3.7538745,-16.065788,186.99623,-6.69476,44.020252,180.28694,-5.8613844,-37.861584,171.13727,-6.7420654,49.67306,172.23158,15.739995,-30.461496,170.09906,15.439498,13.579112,137.8676,-13.734247,-9.784203,138.74611,-15.769199,19.132105,105.05273,4.932297,-26.046417,107.21807,-5.439673,24.582172,74.40423,-14.638824,-41.419426,75.15068,-15.896314
-2.234784,199.84532,15.982994,1.096372,203.47305,14.598098,-5.4937015,203.21526,13.775808,7.0155506,203.9249,5.397936,-9.49466,203.51237,4.256501,18.87952,191.54121,-3.742548,-16.581184,188.35828,-5.8230557,43.756256,182.26495,-5.9549212,-38.935,172.8417,-4.046038,44.437195,175.097,16.678146,-25.524761,172.4028,15.093983,13.645398,139.28784,-15.095361,-9.807413,140.09691,-16.831785,20.133934,106.5784,3.8682053,-24.967678,107.855,-6.416678,23.882393,74.99276,-14.856753,-39.807434,75.71091,-16.884531
-2.3608782,200.65428,16.401917,1.0302236,204.17044,14.886736,-5.5761075,204.07216,14.21253,6.795138,204.60307,5.775769,-9.6840315,204.1295,4.5716276,18.545322,192.77692,-4.107858,-17.014639,189.69084,-5.092888,43.489925,183.30998,-5.5455475,-38.65237,174.06981,-1.9597268,39.1586,177.07027,16.846062,-22.206406,173.2869,14.992295,13.832258,140.72804,-16.2621,-9.802316,141.14313,-17.674788,21.011757,108.19013,2.8137112,-23.95011,108.60411,-6.7557793,23.055382,75.73285,-14.798519,-37.67174,76.428406,-18.303442
-2.3684003,201.28026,16.66715,1.0219524,204.8748,15.34796,-5.5807495,204.78447,14.602652,6.766781,205.2971,6.0232034,-9.684413,204.84404,4.8929014,18.282595,194.04486,-4.410731,-17.477018,190.74174,-4.3383265,42.936623,183.30658,-4.717707,-38.09537,174.49768,0.06008604,33.81368,177.91711,16.508207,-19.466166,172.96538,14.996371,13.8030405,142.3196,-17.167002,-9.944996,142.38553,-18.33463,21.237938,109.64556,1.7800065,-22.571548,109.40193,-6.931529,22.487257,76.4041,-14.642498,-35.161205,77.6356,-20.336119
-2.323212,201.94994,17.201185,0.88264763,205.68915,15.838171,-5.711878,205.31123,15.16874,6.4729586,206.12964,6.32442,-9.975716,205.28142,5.568046,17.519062,194.9033,-4.7897983,-17.868334,191.65198,-3.6173627,41.569767,182.79053,-4.0655837,-36.854866,173.96355,2.1491642,29.328001,178.83118,15.896627,-16.143248,171.94249,13.86861,13.463578,143.54707,-18.083336,-10.320671,143.48085,-18.764317,21.292604,110.887054,0.95560294,-21.129745,109.99934,-6.872944,22.261684,77.085754,-14.2686615,-32.462635,78.37098,-22.508566
-2.503329,202.39801,17.698689,0.83000433,205.99345,16.235394,-5.7629237,205.79836,15.524459,6.384906,206.56734,6.8761206,-10.014413,205.92012,5.991981,16.96016,195.47256,-4.6990395,-18.131636,191.91328,-2.5809965,39.527874,181.2233,-4.0470147,-35.33118,172.70923,3.8815699,25.421703,179.35338,14.947787,-13.792974,171.05122,13.760141,13.084934,144.66167,-18.663963,-10.681967,144.31427,-19.18047,21.116274,111.842026,0.3198911,-19.892794,110.16259,-6.913727,22.188196,77.753525,-14.334167,-29.402832,79.107185,-24.816654
-2.5768812,202.86009,18.150505,0.73352504,206.37073,16.47356,-5.884307,206.13255,15.883157,6.2968416,206.83742,7.2900057,-10.136566,206.28377,6.46876,16.423668,195.82234,-5.420289,-18.718044,191.8183,-0.83006644,36.975952,179.00443,-4.404534,-33.335037,170.1127,5.600222,21.948528,178.65962,13.880611,-11.234966,169.54308,13.633899,12.496199,145.32565,-19.130835,-11.161783,144.82887,-19.176636,20.63784,112.44474,-0.3022524,-18.391993,110.24807,-6.704888,22.101881,78.19657,-14.464292,-26.17486,79.97209,-26.946928
-2.556202,202.962,18.735548,0.64635134,206.58076,17.074268,-5.946118,206.16357,16.46756,6.1122785,206.9225,7.6265826,-10.24596,206.29756,7.0558887,15.833955,195.90857,-6.171373,-19.02448,191.3265,0.76915675,34.157726,176.63626,-4.915262,-31.296524,167.86145,6.392536,18.388584,177.11574,12.673859,-8.787316,167.57074,13.161359,11.712871,145.7981,-19.472431,-11.747216,144.9216,-18.714834,20.245604,112.7699,-0.66903263,-16.630459,109.71261,-6.4461107,22.04282,78.60446,-14.708235,-22.905916,80.64366,-28.85948
-2.6072245,202.8737,19.272125,0.56584543,206.54001,17.631485,-6.0243354,206.07968,17.04965,5.9378386,206.91397,8.139663,-10.437341,206.27866,7.7185273,14.980282,195.49701,-6.3989735,-19.193787,190.91196,1.6802429,31.141085,174.36855,-5.191505,-29.004093,166.0028,7.0348845,14.815445,174.84955,11.911247,-6.034372,165.44603,11.945406,10.95487,145.87337,-19.515553,-12.292698,144.82832,-18.352854,19.76051,112.76905,-1.0237579,-14.81062,109.320946,-6.289261,22.047733,78.89761,-14.956029,-19.799137,81.39456,-30.655296
-2.7504823,202.73207,19.82955,0.50207263,206.3217,18.198597,-6.0964537,206.02814,17.62281,5.895323,206.44438,8.592679,-10.543225,205.8909,8.176727,14.529901,194.79279,-6.3543396,-19.283676,190.36522,2.7439165,27.845533,171.63864,-5.610123,-26.861048,164.67473,8.134324,11.1942215,171.88484,11.132685,-3.5477633,161.84991,9.729694,10.297573,145.86093,-19.379337,-12.908657,144.70291,-17.685982,19.450611,112.50581,-1.3662523,-13.013044,108.61714,-6.20608,22.374687,78.70668,-15.286945,-17.085573,81.98791,-32.271923
-2.8316417,202.4155,20.37076,0.45926037,205.9373,18.660267,-6.1439223,205.66417,18.04242,5.8075686,205.83272,9.071418,-10.608845,205.25371,8.611932,13.904629,193.74677,-5.9343495,-19.245075,189.35779,3.7132583,24.42654,169.11523,-5.88221,-24.56863,162.9696,8.252675,7.6206427,168.4386,10.550484,-1.5081875,157.9335,8.102252,9.696096,145.4466,-19.225801,-13.494521,144.04774,-17.075172,19.06399,112.03618,-1.5979395,-11.171187,107.738106,-6.415383,23.002308,78.27446,-15.47844,-14.409022,82.144936,-33.76617
-2.800807,201.83932,20.918156,0.38800785,205.4059,19.118425,-6.208475,204.94533,18.540594,5.7694144,204.78323,9.415364,-10.627309,204.48357,9.151881,13.089182,192.4602,-5.6311135,-19.520607,187.81184,5.1116786,20.911625,166.95302,-6.2217345,-22.025713,160.56834,7.9654474,4.242327,164.1873,10.449674,0.6481422,153.63144,6.500382,8.99945,144.67413,-19.236837,-14.082151,142.96382,-16.43738,18.661655,111.203224,-1.8891516,-9.318973,106.6017,-6.8903165,23.865482,77.46831,-15.695802,-11.99125,81.88977,-35.169266
-2.9976134,200.83057,21.396183,0.20570499,204.36075,19.546787,-6.4056225,203.99329,19.092701,5.6017437,203.57265,9.818708,-10.8665085,203.36493,9.670519,12.417838,190.87709,-5.2654696,-19.797987,185.79968,6.4673476,17.437202,164.88573,-6.88427,-19.456755,158.03047,7.430241,1.320606,159.744,9.99351,2.8118627,149.78546,5.8040557,8.162933,143.52208,-19.075817,-14.551465,141.62318,-15.762441,18.460009,110.07207,-2.0867019,-7.5138965,105.16247,-7.772274,24.841171,76.45524,-15.966553,-9.669223,80.71125,-36.406525
-2.7595077,199.66078,21.798658,0.33707547,203.24054,19.853989,-6.2642465,202.7326,19.508535,5.6333017,202.08064,10.045847,-10.821852,201.99728,10.149508,11.778471,188.91966,-5.332112,-19.980064,183.99657,7.3794117,14.032514,162.41524,-6.956044,-17.900902,156.03683,7.202531,-1.081796,154.86902,9.945368,4.212387,146.76562,5.586737,7.556334,142.03294,-18.885721,-15.150645,139.94365,-15.157918,18.299494,108.710625,-2.4045224,-6.239991,103.37348,-8.760723,26.071043,75.13495,-16.562943,-7.721617,78.871704,-37.410606
-2.6512003,198.32393,22.150345,0.54298586,201.74379,20.102867,-6.087968,201.43318,19.82277,5.553347,200.46455,10.270091,-10.916048,200.33922,10.5683975,11.140519,186.71017,-5.6789165,-19.992155,182.1054,8.504078,11.382661,159.9421,-6.9255085,-16.39834,154.43994,7.096242,-2.0683548,149.99823,10.4492035,4.470723,142.40306,4.479668,6.594845,140.43663,-18.939564,-15.744374,138.13133,-14.375629,18.48333,107.254616,-2.7700129,-5.0709476,101.913025,-9.601528,26.889349,73.73576,-17.1189,-6.1283717,77.45034,-38.033604
-2.4426014,196.73875,22.285387,0.7425216,200.13985,20.189838,-5.886869,199.88344,20.00899,5.838677,198.58301,10.35839,-10.668388,198.69493,10.699093,10.912479,184.46828,-5.987871,-19.651236,180.42027,9.26918,9.271245,157.88562,-7.125007,-15.556579,153.1415,6.678889,-2.1557393,145.12321,10.142397,3.4995048,138.88705,5.08575,5.86999,138.68791,-18.709833,-16.251764,136.42245,-13.8317175,18.910378,105.89392,-3.036107,-4.081787,100.62574,-10.025939,26.9997,72.59796,-17.592197,-5.34953,76.71634,-38.409245
-1.9681376,195.0333,22.196259,1.1612892,198.4343,20.01162,-5.4662085,198.05977,19.842764,6.0949965,196.74461,10.119582,-10.385729,196.91138,10.74129,11.005369,182.0277,-6.3505893,-19.162617,178.95453,9.786452,8.13375,155.41081,-6.4341917,-15.212978,152.2511,5.841085,-1.5173208,140.32191,9.57155,1.1963769,135.7968,5.74404,5.3668346,136.99016,-18.400063,-16.479362,134.63362,-13.684103,19.486008,104.89172,-2.7979195,-3.187788,99.35109,-9.5706215,26.417017,72.12971,-18.099688,-5.4814982,76.63296,-38.517467
-1.5766124,193.45044,22.022043,1.5318515,196.80875,19.751078,-5.0876727,196.28867,19.471659,6.3207974,194.86752,9.763823,-10.115177,195.0304,10.59281,10.790867,179.9397,-6.76433,-18.761438,177.37794,10.286059,7.42141,153.31369,-6.3695807,-14.468598,151.10596,5.439925,-0.10744553,136.25801,8.673703,-0.026958907,132.80544,5.4787965,4.729866,135.54642,-18.328571,-16.810705,133.1796,-13.775963,19.950684,104.254715,-2.4037535,-2.9809887,98.06024,-7.7362657,25.802849,71.88252,-18.226067,-6.6127257,77.21663,-37.875366
-1.1094936,191.8269,21.740835,2.0722744,195.02957,19.343758,-4.5574083,194.67958,19.11555,6.719296,193.15309,9.455047,-9.735044,193.28687,10.356833,10.706713,177.94048,-7.1172166,-18.491644,175.96887,10.25818,7.705383,151.21286,-6.3008275,-14.23228,149.71997,5.142609,1.1434811,133.02982,7.2429075,-1.0005136,130.73439,5.566972,4.335617,134.12868,-18.737854,-17.234997,131.89392,-13.861316,20.283197,103.839584,-1.7289015,-3.7889364,97.13666,-5.32311,25.240536,71.78721,-18.435505,-8.056183,78.44978,-36.71796
-0.60218465,190.23685,21.393698,2.5851176,193.39847,18.95047,-4.044742,193.11244,18.784592,7.1043434,191.7254,9.087372,-9.339554,191.68999,10.120891,10.897819,176.50685,-7.3626833,-18.354914,174.64818,9.956987,8.633335,149.73692,-7.034232,-15.510355,148.19342,5.3576355,2.8644977,130.76776,5.6802416,-0.66716397,129.72397,4.9304986,3.9602578,133.08755,-19.275463,-17.914236,131.0359,-13.706809,20.394,103.57844,-1.352865,-5.6012244,96.90371,-2.207814,24.842272,71.81723,-18.565594,-9.247267,80.216255,-34.756927
0.048888907,188.8958,20.920692,3.143577,192.06947,18.380655,-3.4902668,191.77754,18.451622,7.520437,190.4227,8.448849,-8.890355,190.32828,9.790178,11.026792,175.2411,-7.722682,-18.639189,173.42719,9.331459,10.557114,148.5244,-7.936013,-16.878462,146.58917,5.554506,4.5953684,129.29982,4.29507,-0.760519,128.80768,4.7638793,3.5416453,132.1282,-19.578327,-18.544598,130.49385,-13.328214,20.632727,103.26624,-1.0661839,-8.112408,96.7237,1.1067617,24.53886,71.89518,-18.971552,-10.289614,81.96807,-32.4407
0.70741564,187.8047,20.288784,3.8849747,190.94537,17.794167,-2.7427824,190.83282,17.859303,8.007643,189.40837,7.758893,-8.406635,189.58405,9.360657,11.512139,173.97139,-8.089402,-18.640652,172.89471,8.452905,13.013904,147.2701,-8.940596,-18.560434,145.67122,5.785562,5.8968806,128.5975,3.435489,-1.3874435,128.83046,5.248111,3.291958,131.35286,-19.962587,-19.087091,129.96944,-13.138043,20.820608,103.08494,-1.2130691,-11.557208,97.020035,4.4744897,24.507465,71.82445,-19.361494,-11.260744,83.661354,-29.753164
1.2352316,187.0335,19.759008,4.5130887,190.03722,17.2375,-2.1191573,190.12488,17.281977,8.388868,188.72096,7.150843,-8.000036,188.9347,8.924303,12.121369,173.10054,-8.150459,-18.844841,172.68657,7.381528,16.098755,146.4865,-9.955295,-20.542805,145.36783,6.001842,7.9318614,128.83328,2.9929366,-2.5410469,129.25415,5.832852,3.2277255,130.56528,-20.24964,-19.39178,129.36131,-13.190141,20.912601,102.930664,-1.5254681,-15.267669,97.80834,7.306514,24.588882,72.14585,-19.922123,-12.311046,85.07292,-26.876179
1.7377733,186.58008,19.122288,4.908977,189.66806,16.563585,-1.7175918,189.73444,16.880209,8.862395,188.3483,6.53719,-7.526023,188.65747,8.384627,12.846615,172.6105,-8.146297,-19.00474,173.08913,6.38877,19.425442,146.5315,-10.747971,-22.851807,145.96584,6.1595683,10.05957,129.74657,2.7687786,-4.3325367,130.38757,6.1964526,3.2776668,129.92976,-20.046854,-19.777151,129.03403,-13.437711,21.532658,102.777855,-1.3571961,-19.172194,98.908615,9.541152,25.287117,72.24121,-20.612913,-13.556169,86.2328,-24.19368
2.175423,186.59045,18.504608,5.363051,189.72227,16.012648,-1.2609601,189.84087,16.371284,9.397622,188.41577,6.006727,-7.0017486,188.8446,7.704913,13.467888,172.17221,-8.328413,-18.97764,173.55737,5.360645,23.24676,147.11584,-11.355202,-26.032146,147.27896,6.320643,12.685816,131.43068,2.7408078,-7.0663285,132.48863,6.4619365,3.4112644,129.53824,-19.804909,-20.194855,129.00618,-13.216629,21.944553,102.629395,-1.5100101,-22.597479,100.24352,11.496081,26.275509,72.39894,-21.052261,-14.836724,86.92428,-21.712873
2.6759434,186.99951,17.864153,5.8273306,190.17245,15.387283,-0.7975198,190.26408,15.823669,9.900684,188.73994,5.3133106,-6.466659,189.33823,7.078836,14.4661045,172.21317,-8.369768,-18.80046,174.29865,4.41276,27.401075,148.55006,-11.68119,-29.887854,149.52875,6.14536,15.692276,134.03168,2.5028436,-10.763218,135.86575,7.242997,3.8543007,129.03584,-19.307102,-20.378428,128.82124,-13.110736,22.426588,102.18206,-1.5117265,-26.084053,102.36041,13.004899,27.50004,72.3925,-21.500563,-16.566153,87.52589,-19.295025
3.1418798,187.8255,17.309546,6.2249966,190.97086,14.709674,-0.38708103,191.04039,15.27235,10.413547,189.40497,4.753691,-5.956533,190.1042,6.483562,15.542717,172.5966,-8.526385,-18.47616,175.32341,3.7896454,31.464617,150.58936,-11.826632,-33.3668,152.68924,5.820499,18.626904,137.25691,2.41296,-14.077255,139.60101,8.283597,3.9190736,129.17934,-18.710323,-20.556139,129.29025,-12.986618,22.731283,102.29542,-1.8056456,-29.102724,104.416885,13.931532,28.827593,72.60537,-21.732826,-18.969915,87.59784,-17.178627
3.68098,188.84679,16.863392,6.718278,191.90111,14.107902,0.10902989,191.9766,14.775033,10.859086,190.34201,4.264601,-5.5142946,191.06612,6.112456,16.922026,173.6436,-8.176038,-18.05413,176.71281,2.858398,35.21559,153.7127,-12.187533,-36.516785,157.08539,5.3383107,21.333021,141.79234,2.1886616,-17.503218,143.98415,9.039264,4.033377,129.43726,-17.958303,-20.703867,129.9921,-12.85783,22.96691,102.36646,-2.2589262,-32.125465,106.90336,14.517585,30.54867,72.7777,-22.050465,-21.96921,87.159515,-14.576508
4.1452217,190.03593,16.452307,7.1915836,193.09132,13.714313,0.6016583,193.28882,14.512638,11.369468,191.7455,3.9017653,-5.004657,192.4176,5.69964,18.165913,175.27676,-7.7344527,-17.571531,178.42207,1.9609979,38.27792,157.43964,-12.817077,-39.120758,162.16675,4.2158237,24.042326,147.89668,2.8038707,-20.729357,149.15158,10.274228,3.9236164,130.12285,-17.284239,-20.744183,131.11705,-12.8327265,23.207497,102.71013,-2.987198,-34.636227,109.47823,14.601918,32.28219,72.958015,-22.248693,-25.400682,86.629234,-12.233115
4.6607065,191.33922,16.190557,7.8084126,194.35544,13.5225115,1.2261623,194.72638,14.284079,11.937136,193.06529,3.667445,-4.406672,193.97101,5.4121127,19.289482,177.22699,-7.438327,-17.012566,180.35452,1.146292,40.61725,161.21082,-13.25758,-40.881958,167.56808,2.794592,25.868948,153.64478,3.0046434,-23.511059,154.60107,11.300621,3.9148324,130.86493,-16.349226,-20.773508,132.15385,-12.440926,23.433876,102.948074,-3.662283,-36.808025,111.66642,14.50177,33.987206,73.063805,-22.453545,-29.350224,85.98133,-10.222737
5.218002,193.03885,15.889462,8.403508,196.01591,13.218164,1.8271424,196.49088,14.033638,12.411273,194.96025,3.349792,-3.9382272,195.70015,5.162414,19.94451,179.30923,-7.180454,-16.754951,182.45424,0.25210294,42.36795,165.23566,-13.649712,-42.146946,172.99011,1.3437407,28.00272,159.45384,3.7010658,-25.937843,160.21739,12.328683,4.1846023,131.84108,-15.454262,-20.746532,133.42142,-11.970213,23.6467,103.22699,-4.1015224,-38.72365,113.629456,14.175833,35.79363,73.62376,-22.671999,-33.551884,85.32024,-8.426734
5.465171,194.7258,15.598826,8.828483,197.47556,12.895271,2.2690935,198.24084,13.523677,12.813389,196.79208,3.113472,-3.5233998,197.59987,4.823673,20.43011,181.39038,-7.545947,-16.46171,184.80176,-0.6891561,43.632816,168.92801,-14.429523,-42.797043,177.4688,0.6868071,30.91186,164.76237,4.5093136,-28.394081,166.15637,14.943151,4.287647,132.65497,-14.92379,-20.53687,134.67603,-11.621586,23.647182,103.69736,-4.4851213,-40.237198,114.97828,13.306321,37.42115,74.330536,-22.673786,-37.756603,84.71823,-7.0316033
5.9271007,196.49391,15.266837,9.341436,199.16928,12.555257,2.7926407,200.07022,13.208713,13.3263035,198.566,2.818677,-3.0132957,199.50516,4.4313283,20.991081,183.33353,-7.475983,-16.297682,187.19765,-1.784335,44.40962,172.18494,-15.233856,-43.14098,182.0312,-0.49392724,34.05658,170.73709,5.365827,-31.313852,172.41608,16.894169,4.482102,133.75958,-13.886576,-20.45026,135.88458,-11.12926,23.575605,104.542534,-4.680624,-41.338398,115.62127,12.143683,38.65321,75.34656,-22.369204,-42.001213,83.68838,-5.6307254
6.4456954,198.01315,14.71563,9.813817,200.81845,12.085898,3.3197875,201.79546,13.037799,13.832615,200.40393,2.3865054,-2.5319014,201.24884,4.029332,21.343027,185.29881,-7.6202664,-15.99653,189.40367,-2.5251088,44.760807,174.83426,-15.559009,-43.233074,185.95973,-1.7193328,36.47431,175.37253,6.4071016,-34.047794,178.43791,17.946943,4.68091,135.109,-13.041711,-20.165737,137.13097,-10.584681,23.475956,105.46733,-4.585766,-41.909897,115.79832,10.944169,39.572384,76.35852,-21.638462,-45.83438,82.58681,-4.279043
6.8342986,199.66554,14.357467,10.164727,202.56857,11.784326,3.6412587,203.40384,12.695184,14.258101,202.09526,2.0218248,-2.112965,203.05962,3.7343233,21.283577,187.13445,-8.012648,-15.35495,191.58345,-3.1626775,44.64535,176.86249,-15.631612,-42.757896,190.021,-3.0232515,39.449295,179.93521,7.1839075,-37.2525,184.2249,18.376123,4.9112387,136.47781,-12.145889,-19.92231,138.31812,-9.934806,23.482838,106.44961,-4.191008,-41.958454,115.385254,9.726282,39.961525,77.358406,-20.70275,-49.273136,81.53602,-3.0747974
7.126457,201.21144,14.212671,10.4838,204.04059,11.59489,3.9881613,205.0103,12.573543,14.509896,203.57228,1.8361005,-1.8338192,204.66083,3.6177547,20.882421,188.45978,-8.273603,-14.697718,193.15959,-3.7986186,44.29208,178.284,-15.480696,-41.811592,193.17336,-4.621508,42.474503,184.44878,7.3634834,-40.18222,189.79106,17.94969,5.013864,137.58777,-11.291144,-19.678982,139.28456,-9.261249,23.333286,107.48013,-3.380336,-41.31625,114.58934,8.578564,39.519875,78.20019,-19.700497,-52.10376,80.52362,-1.9190437
7.363264,202.74117,14.166275,10.826272,205.37012,11.469177,4.3464227,206.53148,12.3227415,14.68727,204.72252,1.6410912,-1.5954516,206.14555,3.5484543,20.641142,189.52606,-8.696156,-14.246652,194.55539,-4.363785,44.133102,179.08272,-14.989314,-41.20724,195.4869,-5.4583173,45.335964,187.34166,7.2116466,-43.131283,195.00981,17.437544,5.271427,138.56978,-10.483482,-19.525589,139.94304,-8.771459,23.234768,108.30297,-2.5262556,-40.46415,113.31612,7.2090526,38.34468,78.467964,-18.804976,-54.013947,79.560524,-0.91223854
7.496467,203.69609,13.796649,10.856631,206.39813,11.03706,4.3535705,207.37206,11.939577,14.86385,205.65247,1.2893257,-1.399793,207.3483,3.2226794,20.31728,190.18777,-9.123648,-13.99062,195.64252,-4.6041923,44.259716,180.12944,-14.023639,-40.769363,197.4947,-5.5041313,47.897507,190.3736,7.010544,-45.472813,199.38783,17.13801,5.522616,139.31082,-9.896181,-19.538992,140.50621,-8.067845,23.116753,108.93692,-1.8614839,-39.110237,111.75084,5.933595,36.690323,78.34003,-17.920992,-55.092888,78.58275,-0.3653273
7.468566,204.50545,13.514785,10.949264,207.18065,10.882455,4.4323444,208.22858,11.575268,14.923559,206.4524,1.0823863,-1.3288835,208.17244,2.7923985,19.87719,190.49675,-9.263404,-14.084865,196.26187,-4.8602242,44.434666,180.8789,-12.626925,-40.7806,199.29541,-5.5937915,51.020233,192.52464,6.55248,-48.490047,203.61331,16.131956,5.7392163,139.74896,-9.266694,-19.252617,140.85188,-7.4397464,23.222542,109.22084,-1.2940767,-37.57436,110.253944,4.861757,34.632576,77.80553,-16.81715,-55.18878,77.56169,-0.23147301
7.3114977,204.7523,13.215876,10.863311,207.59985,10.87137,4.3096466,208.5292,11.326862,14.900001,207.0822,0.98372155,-1.3912114,208.48105,2.4617639,19.729822,190.49919,-9.152957,-14.308993,196.77182,-5.267003,44.626705,181.52122,-11.91199,-40.73471,200.38954,-5.075048,53.756325,194.17542,5.7171907,-51.55115,206.7448,14.788015,5.756513,140.0837,-8.6441,-18.922653,141.05824,-6.690204,23.160976,109.30302,-0.77657557,-35.943443,109.13053,4.197894,32.656185,76.91328,-15.418783,-54.21882,76.693275,-0.6260325
7.213995,205.0524,13.042468,10.720285,207.94347,10.685793,4.1868606,208.90646,11.361798,14.777241,207.37967,0.7430257,-1.5150075,208.68024,2.2646616,19.411676,190.41844,-9.147422,-14.63095,196.60904,-5.288947,44.73552,182.13695,-10.976883,-40.71361,201.26405,-4.1041884,56.107597,195.36539,4.67154,-54.093937,209.31023,13.25619,5.6945405,140.19975,-8.214664,-18.654205,141.28088,-6.0522327,22.936607,109.162315,-0.21901034,-34.499504,108.777275,3.8731358,30.819994,76.20398,-14.236374,-52.4971,75.90614,-1.6588918
7.4624166,205.4171,12.908464,10.691144,208.43523,10.326531,4.1574802,209.06311,11.29867,14.620593,207.53036,0.33025312,-1.6700064,208.53618,2.314199,19.184002,189.88918,-9.217636,-15.000795,196.4201,-5.038254,44.802467,182.48615,-9.887319,-40.918453,201.98026,-3.1282542,57.889446,196.21367,4.0060945,-56.639317,211.01518,11.723534,5.6824455,139.99196,-7.8247447,-18.664976,141.14241,-5.7106414,22.476498,108.84452,0.4057293,-33.22504,108.167015,3.6913939,29.506186,75.37827,-13.346239,-50.35409,75.16091,-2.851782
7.579598,205.4898,12.514313,10.834913,208.67184,10.179888,4.248809,209.11772,10.905203,14.416,207.73537,-0.17791876,-1.8478633,208.61964,2.1443708,18.815804,189.43695,-9.157391,-15.352913,196.2587,-4.7507706,44.746292,182.70674,-8.679863,-41.205612,202.1767,-2.29366,59.101337,196.69456,3.6487174,-58.305546,212.22461,10.231713,5.5475206,139.75029,-7.609546,-18.637209,140.93092,-5.4286194,22.141863,108.33705,0.8945445,-32.20013,107.63954,3.7334805,28.484028,74.69393,-12.592504,-48.36689,74.36438,-3.5619564
7.401984,205.69986,12.382018,10.831524,208.87187,10.323803,4.2099905,209.41866,10.68982,14.315186,207.81232,-0.33623537,-1.9452332,208.89066,1.9774585,18.54319,189.33452,-8.933484,-15.679669,196.14058,-4.5476294,44.45192,182.4221,-7.664853,-41.435184,201.89206,-1.9277389,59.70475,196.73793,3.1674783,-59.550537,212.5604,8.60458,5.329325,139.83102,-7.5084257,-18.519693,140.97227,-5.321038,21.748474,108.28935,1.5259011,-31.32016,107.407616,3.9852047,27.938738,74.71065,-12.158455,-46.024605,73.82401,-4.258405
7.4772587,206.10254,12.409266,10.776739,209.28873,10.162289,4.156378,209.67528,10.673322,14.182291,208.01846,-0.41391662,-2.0421069,209.07077,2.1220455,18.235603,189.49898,-8.726169,-15.857341,196.4125,-4.4682198,44.05265,182.13725,-7.2150826,-41.679184,201.49529,-1.8673702,59.86699,196.5529,2.7467258,-60.12973,212.4446,7.535012,5.301878,140.11208,-7.358833,-18.343946,141.06256,-5.288731,21.290312,108.3652,1.959356,-30.558191,107.23629,4.3367743,27.36176,74.76245,-11.950403,-44.09136,73.46605,-4.6560655
7.354833,206.48409,12.337312,10.692992,209.63675,10.091063,4.093551,210.15022,10.667846,13.994871,208.24152,-0.5235831,-2.2073429,209.43742,2.0632212,18.045383,189.73415,-8.653678,-16.052505,196.61926,-4.5110536,43.55518,181.68294,-6.7971687,-42.027218,200.8376,-2.091439,59.80316,196.09808,2.6777558,-60.567562,212.26625,6.5632505,5.4260354,140.34477,-7.391612,-17.900608,141.14313,-5.1853843,20.895914,108.61333,2.3764503,-29.590714,107.202774,4.677639,26.494091,74.95757,-11.5378,-42.010067,73.18269,-4.762818
7.3189516,206.85104,12.509834,10.452215,210.0863,10.082378,3.8594103,210.33894,10.861594,13.897969,208.71391,-0.38899767,-2.3042076,209.74408,2.2392676,18.005953,190.16365,-8.638588,-16.11655,196.88219,-4.3469896,43.20105,180.99716,-6.6772046,-42.18419,199.9896,-2.4877927,59.273487,195.58224,3.0083694,-60.904903,211.4641,5.574128,5.8271456,140.75679,-7.61119,-17.71183,141.55333,-5.270727,20.452272,108.74988,2.6211889,-28.576452,107.16468,4.7554917,25.73693,75.22875,-11.2542095,-40.22725,72.91798,-4.976554
6.9007835,207.1354,12.587538,10.221256,210.44733,10.566993,3.5923245,210.74625,10.898229,13.804068,209.27545,-0.108159795,-2.4660652,210.1935,2.1413138,18.132036,190.48103,-8.617397,-16.049627,197.13083,-4.4168673,42.762886,180.28563,-6.8852777,-42.33925,199.43608,-2.8494349,58.782707,194.66098,3.1303778,-61.03289,210.57066,5.2938776,6.1327114,141.17836,-7.6938086,-17.477482,141.9911,-5.4154634,20.18383,108.95544,2.7754123,-27.432508,107.460625,4.703364,24.55066,75.24964,-10.842501,-38.26544,73.034065,-5.2681947
6.7188506,207.63051,12.900859,10.023923,210.93695,10.841993,3.3882055,211.14297,11.046954,13.733035,209.64249,0.24012081,-2.5251796,210.45111,2.271149,18.258419,191.18515,-8.40228,-16.027058,197.44263,-4.6779313,42.340183,179.64433,-6.998279,-42.42752,198.73534,-3.4150794,58.25611,193.85289,3.5273774,-61.228107,209.68483,5.0481176,6.5233917,141.79782,-7.8575716,-17.089151,142.47437,-5.6539345,19.8038,109.18983,2.7611887,-26.549831,107.66081,4.3336,23.352165,75.31222,-10.406037,-36.551243,73.08758,-5.5602474
6.7258825,207.86967,12.967966,9.985437,211.22617,10.902296,3.3754663,211.52214,11.431408,13.549848,210.1161,0.31090215,-2.6976547,210.80428,2.5392444,18.178553,191.79808,-8.225169,-15.921966,197.85684,-4.8141537,41.98451,179.40933,-7.084267,-42.395473,198.36633,-4.2283735,57.382378,193.59424,4.344758,-61.424973,208.60477,4.661346,6.7701607,142.14636,-7.773491,-16.82258,142.69695,-5.876181,19.588978,109.26715,2.8520045,-25.443417,107.76002,3.89992,22.190655,75.05441,-10.182559,-35.025803,73.00504,-5.725651
6.289137,208.48874,13.321012,9.635983,211.73022,11.224336,3.0515153,212.2922,11.928016,13.396533,210.96,0.8372153,-2.8979228,211.43869,2.6211185,18.251925,192.328,-8.184837,-15.7938795,198.35965,-5.0878816,41.431465,179.0371,-6.9668407,-42.217224,197.94847,-5.3292866,56.766636,192.66171,4.6762185,-61.291298,207.06943,4.4550653,7.2767954,142.38081,-7.720733,-16.279997,143.07716,-6.0383363,19.090097,109.13813,2.7319436,-24.564386,108.016075,3.3126798,21.27296,74.78402,-9.805534,-33.418343,72.99926,-5.9741535
5.8193264,209.36723,13.661946,9.261374,212.41122,11.445805,2.6719892,213.13095,11.978803,13.251193,211.56203,1.2926439,-3.1130295,212.06386,2.7266853,18.45546,192.81795,-7.860441,-15.542505,198.6517,-4.8231635,40.78258,178.16812,-8.084512,-41.90696,197.9411,-6.1807666,55.764908,191.30641,5.0091505,-61.06864,205.58987,4.5500402,7.6395063,142.67693,-7.63346,-15.824107,143.44637,-6.2103777,18.634094,109.03827,2.6538951,-23.764853,108.02015,2.7492003,20.895481,74.47914,-9.221665,-31.955818,72.88824,-6.0537834
5.815438,209.90286,14.230102,8.936326,212.98016,11.61078,2.4000072,213.49168,12.696274,12.931465,212.12589,1.6366065,-3.345255,212.71245,3.5601387,18.584148,193.30385,-7.741816,-15.407073,199.13464,-4.7382216,40.33863,177.68672,-9.308711,-41.42897,198.00186,-7.066878,54.14616,190.4881,5.3217072,-60.504696,204.09071,4.9211507,7.8450236,143.07268,-7.639215,-15.62,143.87245,-6.429813,18.167677,109.05143,2.2457764,-23.143854,108.12489,1.9987689,21.169855,74.20472,-9.11016,-30.884884,72.741356,-6.186489
5.7549796,210.07724,14.485452,8.694971,213.41324,11.960604,2.1852357,213.62816,13.232572,12.666772,212.6908,1.8835852,-3.6116328,213.18456,4.150046,18.606363,193.77034,-7.7726808,-15.440107,199.76665,-4.5593343,39.60859,177.29417,-10.480869,-41.5021,198.2687,-7.893129,52.558357,189.3389,5.587292,-59.992184,202.43732,5.7884717,8.095331,143.32463,-7.793131,-15.42198,144.04727,-6.413591,18.02775,109.03276,1.685525,-22.682562,108.08954,1.5199744,22.007881,74.07143,-8.900314,-29.555664,72.72973,-6.4804707
5.5596523,210.05621,14.871865,8.397093,213.626,12.5600395,1.8405612,213.4592,13.654086,12.390909,213.06102,2.3603067,-3.950689,213.07826,4.6009808,18.644932,194.19852,-7.552669,-15.601753,199.99243,-4.205761,38.763382,176.89577,-11.726365,-41.472878,198.56651,-9.316813,51.04696,187.62717,5.6614623,-59.524837,200.80707,5.299306,8.177672,143.6225,-7.5896416,-15.313139,144.40703,-6.38226,18.163887,109.13883,1.3459046,-22.286255,108.34582,1.3814174,23.36809,74.252,-8.628935,-28.203587,72.77903,-6.332923
5.4385533,210.36264,15.407479,8.2889805,213.87099,13.017039,1.7208333,213.69456,14.015279,12.127032,213.2764,2.8053975,-4.1740084,213.23036,5.1514945,18.493305,194.69588,-7.395322,-15.938684,200.36964,-4.230043,37.715385,176.87459,-12.901554,-41.645283,198.65204,-10.741551,48.646698,185.19386,6.3205442,-58.142353,198.32425,5.925864,8.304441,143.95241,-7.6140504,-15.161461,144.62935,-6.5447283,18.25405,109.438354,0.82767385,-21.649145,108.40325,0.9647482,24.75543,74.513466,-8.536883,-27.033773,72.75522,-6.471386
5.213752,210.49297,16.053205,8.157648,213.96028,13.722073,1.5727043,213.89262,14.614695,11.923354,213.4875,3.4737613,-4.3891354,213.2417,5.7306128,18.313587,194.8795,-7.0055423,-16.584797,200.66487,-4.145166,36.644783,176.69826,-14.490276,-42.093918,198.947,-11.851108,46.955406,183.7852,5.5574822,-57.007782,195.57779,6.107101,8.589406,143.9288,-7.5988154,-15.046418,144.80821,-6.4550805,18.736368,109.42345,0.42966503,-21.066433,108.45227,0.5941152,25.997803,74.618645,-8.381172,-25.91633,72.776184,-6.3555503
4.9459023,210.68948,16.394106,8.000758,214.05936,14.04891,1.4160476,214.13303,14.773572,11.6228,213.61447,3.7456353,-4.695533,213.33366,6.1513705,18.082207,195.21881,-6.5320926,-16.755892,201.01483,-4.058634,35.434696,176.5418,-15.061104,-42.11417,199.46541,-12.731103,44.36868,181.9134,6.3189325,-56.01237,193.04791,5.212697,8.817146,144.0908,-7.4225864,-14.65796,144.87442,-6.624155,19.480686,109.48166,-0.1461727,-20.403275,108.45846,0.42653823,27.11328,74.68109,-8.33766,-24.643002,72.66017,-6.1582565
4.710019,210.84744,16.60835,7.8090777,214.11905,14.189363,1.1967057,214.16367,14.727474,11.253419,213.78738,3.8971868,-5.0318,213.47264,6.4321165,17.932724,195.46642,-6.1250777,-16.909395,201.20847,-3.8803632,34.22674,176.42534,-15.387948,-42.125507,199.21507,-12.952866,42.526978,180.25208,6.461596,-55.026913,190.05518,4.692122,9.252819,143.96393,-7.2710404,-14.444976,144.68123,-6.688785,20.062891,109.261375,-0.4880033,-19.909933,108.29526,0.3271082,28.12571,74.497734,-8.426051,-23.648561,72.65482,-6.1151834
4.4322495,210.75433,16.960762,7.442449,214.06561,14.485366,0.8435739,214.00182,15.096578,10.934429,213.70132,4.2788706,-5.3682227,213.23892,6.7988772,17.614277,195.68398,-5.971645,-17.215929,201.19926,-3.6611187,33.06338,176.4002,-16.134954,-42.290096,198.80775,-13.196413,40.947735,178.27112,6.098983,-53.90748,187.10431,3.857431,9.701726,143.98874,-7.3028097,-14.028952,144.6282,-6.8213677,20.664219,109.16013,-0.8463035,-19.129322,108.16829,0.6119281,28.92631,74.4815,-8.309127,-22.63035,72.56869,-5.9450564
4.0608754,210.66139,17.347393,6.943118,214.16022,14.980502,0.33912644,213.85657,15.662195,10.634924,213.73543,4.7095594,-5.6458955,213.18173,7.1011524,17.512012,195.87193,-6.0612526,-17.340164,201.13913,-3.4499164,32.09499,175.79855,-16.666756,-42.20314,198.20316,-13.557643,39.035465,175.93074,5.879056,-52.697716,184.52563,2.292761,10.091106,144.18033,-7.3398924,-13.419166,144.6259,-6.809994,21.123138,109.292145,-0.9331681,-18.569016,108.11297,0.88048977,29.649164,74.71894,-8.182845,-21.608824,72.54931,-5.8516407
3.740636,210.70345,17.69781,6.6620264,214.17986,15.337016,0.060436904,213.88725,15.902249,10.250024,213.70157,5.0201163,-6.0208397,213.17964,7.5527115,17.422235,195.98456,-6.0311065,-17.44532,200.88571,-2.9992645,31.133297,175.33842,-17.122398,-41.74297,197.1886,-14.195107,36.324722,172.46985,5.654809,-51.324833,182.1946,0.8447613,10.426018,144.27776,-7.5341215,-12.992581,144.7301,-6.6399837,21.67156,109.37218,-1.2072537,-17.960926,108.15337,1.3279446,30.360708,74.6568,-7.9550257,-20.564192,72.54153,-5.653155
3.5234601,210.73488,18.063059,6.4076695,214.2378,15.694657,-0.17549339,213.96504,16.381432,9.885676,213.79703,5.30324,-6.366936,212.98035,7.946945,17.257372,195.9063,-5.817807,-17.678532,200.6445,-2.8698094,30.244482,174.90976,-17.241774,-41.297523,195.75467,-14.792337,34.00095,168.33319,4.9514523,-49.752834,179.58734,-0.48843855,10.749895,144.34056,-7.821579,-12.894238,144.6498,-6.8314853,21.924803,109.43066,-1.0624466,-17.386797,108.25593,1.5317937,31.268845,74.72233,-7.3981957,-19.7108,72.640724,-5.548707
3.0979424,210.73193,18.52332,5.838193,214.27449,16.048622,-0.7229557,213.83505,16.877867,9.570027,213.72527,5.778229,-6.7268243,212.91525,8.395821,17.126123,195.89702,-5.4715137,-17.69752,200.45808,-2.8138704,28.917103,174.29552,-17.218733,-40.709553,194.29558,-15.411302,32.413197,164.10759,3.4446447,-48.266582,177.26994,-2.0555549,11.001988,144.07104,-7.718036,-12.777183,144.56392,-7.0042973,22.552877,109.32012,-0.9637634,-16.979204,108.28182,2.0028768,32.18528,74.85,-6.9368243,-18.82291,72.760765,-5.4774847
2.608482,210.59055,18.981596,5.173774,214.23387,16.480291,-1.357159,213.58759,17.504578,9.09182,213.58823,6.2624526,-7.159699,212.68034,8.762887,16.904682,195.76836,-5.3044357,-17.568348,200.32607,-2.8420353,27.547344,173.61415,-17.269121,-39.78597,192.48845,-15.80975,30.645447,160.19708,1.8755997,-46.50953,174.1289,-3.7200887,11.370022,144.0321,-7.5303116,-12.537691,144.42441,-7.350904,23.081324,109.44276,-0.5970775,-16.677198,108.441536,2.5398898,33.221745,75.06323,-6.6366773,-18.049047,72.75145,-5.346895
2.0824637,210.28485,19.140242,4.676855,214.01308,16.793798,-1.8720435,213.2812,17.631338,8.72352,213.38586,6.5054727,-7.5257826,212.579,8.77831,16.623138,195.61256,-4.978395,-17.654512,199.88597,-2.7415318,25.444387,172.59885,-16.105648,-38.767284,190.20403,-16.080387,29.684816,156.81772,0.749299,-44.70653,170.7165,-5.2649565,11.65816,143.9678,-7.7761135,-12.303855,144.27673,-7.8816094,23.885736,109.633385,0.06363606,-16.653831,108.39717,2.824206,34.231606,75.332054,-6.4362235,-17.526842,72.69204,-5.2214375
1.6095642,209.84477,19.08425,4.4698133,213.55284,17.023039,-2.123657,213.08858,17.50123,8.46195,213.10109,6.579722,-7.864445,212.09926,8.661702,16.284042,195.26164,-4.6968503,-17.87677,198.93744,-2.4348402,23.281828,171.49551,-15.380808,-37.859447,187.38342,-16.027285,28.331858,153.9706,-0.25472486,-42.984924,166.81749,-6.502581,11.918462,143.84012,-7.9738693,-11.9830065,143.96457,-8.315034,24.755556,109.96568,0.81724375,-16.741253,108.32603,3.1804888,35.213108,75.775,-6.037094,-16.892675,72.62849,-5.2245893
1.3856953,209.27057,19.24318,4.2038584,212.88004,16.960274,-2.3798819,212.41266,17.548702,8.087178,212.3737,6.628821,-8.175997,211.3163,8.831919,16.02089,194.2523,-4.6784296,-18.350357,197.90048,-2.4589574,21.585009,169.72096,-14.228886,-37.307396,184.36702,-15.564403,27.167948,150.51762,-1.5984511,-41.344616,162.64977,-7.803105,12.126288,143.19426,-8.41541,-11.805979,143.31252,-8.710342,25.667128,110.10489,1.8439225,-16.840807,108.10615,3.4653635,36.182953,76.17792,-5.885722,-16.221914,72.47776,-5.1784735
1.1129256,208.44218,19.247707,3.837601,212.04826,16.844555,-2.7245827,211.4919,17.54072,7.6295724,211.27911,6.507114,-8.586712,210.36577,8.88492,15.870203,192.94359,-4.6421647,-18.878735,196.61229,-2.342463,20.388636,167.74388,-13.813631,-36.46444,180.81944,-14.942124,26.000055,147.49905,-2.8416593,-39.708553,158.16747,-8.809438,12.149685,142.413,-8.603006,-11.714671,142.54587,-9.1568165,26.577803,110.29054,3.2133002,-17.205349,107.74663,3.6199095,37.105446,76.54966,-5.48911,-15.388887,72.27605,-5.2178144
0.78812057,207.49161,19.110344,3.477777,211.03857,16.587711,-3.0723324,210.5033,17.405285,7.1324425,210.13411,6.238674,-9.057092,209.26277,8.848512,15.473633,191.35413,-4.4780807,-19.561417,194.90999,-2.353009,19.534752,165.74008,-13.097109,-35.408287,177.01146,-14.44839,25.151155,144.76985,-3.4163728,-38.340824,153.89162,-9.935494,12.193256,141.39026,-8.755139,-11.687638,141.63716,-9.675969,27.575832,110.45311,4.573205,-17.609562,107.2429,3.8694627,37.96282,76.94953,-5.2375474,-14.552639,72.06853,-5.2360797
0.37276512,206.29533,18.784985,3.0406182,209.88623,16.300833,-3.4984396,209.36171,17.195387,6.7402678,209.00925,5.9640512,-9.476031,207.90118,8.567545,15.083547,189.80038,-4.1136713,-20.29308,192.81001,-2.720613,19.045946,163.81187,-12.463167,-34.335197,172.77092,-13.923968,24.534922,142.86208,-2.420572,-36.872498,149.31609,-11.162246,12.262721,140.31497,-9.085621,-11.536811,140.46765,-10.314126,28.200933,110.61509,5.866532,-18.152632,106.851006,4.15955,38.52189,77.45541,-5.1520696,-13.638922,72.01637,-5.4828267
-0.19427495,205.01268,18.572498,2.5245612,208.47961,15.96774,-4.0285254,208.03601,16.813059,6.2471986,207.60463,5.7735114,-9.984374,206.22812,8.234416,14.748793,188.26762,-3.852082,-20.99572,190.66988,-3.1251452,19.255306,162.34746,-11.37122,-33.31407,168.88722,-13.29717,24.18138,141.71051,-0.4375322,-35.3301,145.13675,-12.432805,12.40498,139.70755,-9.552621,-11.457216,139.72156,-11.106539,28.399942,110.81612,7.099236,-18.28676,106.58969,4.0277653,38.79443,78.08744,-5.541318,-12.965547,72.03694,-5.7717934
-0.7682915,203.87912,18.301914,2.1016195,207.25403,15.737875,-4.4775953,206.99281,16.440805,5.809293,206.20067,5.5397253,-10.455796,204.92,7.8016715,14.587315,187.05807,-3.5325956,-21.533672,188.66536,-3.2512538,19.651503,161.14523,-10.663992,-32.389153,165.61365,-12.7174835,23.81985,141.00577,1.7554047,-33.799164,141.76918,-13.131722,12.576663,139.17879,-10.022767,-11.277185,138.88567,-12.117573,28.133507,111.19507,8.094895,-18.261675,106.22155,3.8705075,38.358837,79.17557,-6.2166185,-12.076059,72.00575,-5.888793
-1.1303124,202.74837,18.103987,1.661831,206.19128,15.541633,-4.917789,205.6318,16.038761,5.3114233,204.99188,5.2489114,-10.925192,203.57118,7.6749506,14.421362,186.4579,-3.3948848,-21.361979,187.31175,-3.237775,20.201374,160.59561,-10.047583,-31.545155,163.70055,-12.547407,23.313343,141.74896,4.6271925,-32.221924,140.02762,-12.613862,12.980278,138.9804,-10.817407,-11.061642,138.33614,-13.067715,27.494123,111.34011,8.9493,-18.252916,105.98453,3.4802961,37.351337,80.311295,-7.6670527,-11.318165,71.91311,-6.271345
-1.4665294,201.73314,18.048061,1.3936391,205.15814,15.537257,-5.196084,204.7295,16.034264,4.8289037,204.06201,5.1551633,-11.391312,202.78119,7.7916255,14.581604,186.06415,-2.8299317,-21.289606,186.42789,-3.6857936,21.22058,160.44388,-8.889563,-31.06673,162.5402,-12.794395,22.521152,143.40932,7.868845,-30.416744,138.75156,-13.004631,13.3068495,138.85446,-11.185912,-10.7416935,137.95134,-14.151759,26.611713,111.27386,9.718039,-18.039179,105.982956,2.8659968,35.644123,81.72687,-9.750329,-10.500685,72.126816,-6.7269373
-1.705021,201.07066,18.181864,1.1562922,204.37201,15.508946,-5.4261007,204.08585,16.177597,4.3809624,203.53166,5.2248206,-11.777287,202.25803,8.073111,14.580552,186.12811,-2.194235,-20.987492,185.8823,-4.247997,22.603426,160.72581,-7.5691705,-30.924582,162.28926,-13.797234,20.89999,146.47961,11.173032,-28.334118,138.8363,-12.882679,13.726254,138.74487,-11.426007,-10.145822,137.88326,-15.127268,25.53197,111.01283,9.968122,-17.550709,106.01977,2.1195428,33.388718,83.12303,-12.261685,-9.417037,72.13398,-6.920758
-1.9325153,200.68965,18.432106,0.7436652,204.12904,15.747867,-5.813335,203.50676,16.446629,4.0705843,203.49396,5.481234,-12.047753,201.88937,8.382987,14.799347,186.42084,-1.4532051,-20.712193,185.7978,-4.9892683,23.954853,161.39723,-5.9160385,-30.643368,162.99977,-15.889612,18.73622,150.57442,14.369038,-26.040775,140.32523,-12.573475,14.27429,139.05585,-11.5354185,-9.398649,138.10432,-15.8874235,24.653168,110.612595,9.696471,-16.880184,106.20597,1.2947692,30.623158,84.37469,-14.88639,-8.38651,72.14713,-6.7202706
-2.2056813,200.39803,18.67162,0.36206156,204.00946,16.108707,-6.167331,203.23853,16.893206,3.7997754,203.6082,5.7859797,-12.300847,201.69176,8.619589,15.122877,186.94664,-0.3856022,-20.14355,185.99147,-5.488383,25.41179,162.0795,-3.5208056,-30.192919,164.00441,-18.205828,15.952715,155.28723,16.995935,-24.169865,142.15164,-12.785232,14.966424,139.45966,-11.557092,-8.45776,138.76672,-16.479286,23.311401,109.88672,8.970812,-15.603354,106.4291,0.56835675,27.60511,85.34795,-17.726181,-7.2908506,72.14399,-6.465797
-2.4863188,200.50848,19.087383,0.05773717,204.2159,16.651299,-6.477388,203.28604,17.272137,3.4434204,203.87048,6.1690106,-12.605244,201.57932,9.02809,15.618804,187.67516,0.94581234,-19.493181,186.40927,-6.2113853,26.373257,162.85928,-0.6469244,-29.287792,165.48589,-20.59165,13.00193,160.23079,18.809942,-22.571074,144.35002,-13.326568,15.694255,139.94878,-11.512692,-7.4412847,139.34155,-16.952673,21.771755,109.215416,7.9394097,-13.993596,106.90781,-0.060707983,24.578588,86.339134,-20.56642,-6.1838675,72.29126,-6.034063
-2.882697,200.68416,19.539227,-0.47124138,204.48991,17.116344,-6.963219,203.40392,17.839468,3.3584964,204.51097,6.935947,-12.73517,201.93765,9.274034,15.816959,188.53996,2.5044835,-18.835737,187.13191,-6.841933,27.049143,163.85779,2.5085642,-28.034971,167.09688,-22.864414,10.502159,164.38133,19.425272,-20.772903,146.44592,-14.354606,16.454716,140.58693,-11.305645,-6.373141,140.06688,-17.104471,19.724112,108.461296,6.6908503,-12.382742,107.26499,-0.38383552,21.55277,87.27585,-23.385328,-5.0065346,72.33556,-5.593957
-3.143223,200.89613,20.082783,-0.8504842,204.84865,17.77888,-7.3119206,203.61716,18.622572,3.390669,205.1779,7.7280507,-12.691776,202.18446,9.533541,15.977676,189.62756,4.1508546,-17.794344,187.99757,-7.4661584,26.987103,165.15112,6.098722,-26.515574,169.07448,-25.053322,7.555408,168.48853,19.728764,-19.31905,148.83197,-15.290537,17.143,141.32109,-11.233658,-5.4309945,141.0982,-17.54097,17.787386,107.85989,4.956947,-10.404047,107.782585,-0.76760405,18.330557,87.89094,-26.124544,-3.7103844,72.338234,-5.2043185
-3.4084175,201.2185,20.709782,-1.169647,205.22173,18.441757,-7.614832,203.8011,19.12234,3.3722541,205.8276,8.617403,-12.695549,202.6068,9.916885,15.972917,190.70534,5.8640194,-16.872702,188.85013,-8.263816,26.459911,166.3767,9.853846,-24.50819,170.72885,-27.102205,5.329212,171.29396,19.74353,-18.037552,150.75017,-16.322882,17.906294,141.94014,-10.886856,-4.3358293,142.12897,-17.722385,15.9234705,107.34271,2.8123333,-8.641502,108.267006,-1.2907208,14.8897,88.41726,-29.1458,-2.5695353,72.417854,-4.347233
-3.743424,201.40828,21.249105,-1.5884222,205.47546,19.023659,-7.9943876,203.81566,19.514746,3.216214,206.30614,9.379659,-12.810451,202.73267,10.224129,15.7635355,191.55606,7.5923004,-15.783318,189.61691,-8.924149,25.901058,167.64111,13.721042,-22.376776,172.05812,-28.826403,4.000574,173.1436,19.649637,-16.624859,152.40526,-17.297338,18.55189,142.35155,-10.414301,-3.220564,142.97551,-17.818867,14.062316,106.921745,0.2941671,-6.9627147,108.70008,-1.6962677,11.498231,88.57605,-32.044964,-1.8889024,72.815636,-3.6261551
-4.234587,201.55708,21.84153,-1.9057608,205.52652,19.60303,-8.366034,204.05585,19.968914,3.0153353,206.39284,10.024309,-12.989326,202.74245,10.510556,15.503993,192.3943,9.343756,-14.76461,190.05914,-9.3001585,25.129982,168.78665,17.32307,-19.915657,173.12898,-30.225735,2.4677885,174.4934,18.770977,-15.024715,153.41008,-18.606913,19.511978,142.57399,-9.89292,-2.1261694,143.43414,-17.755167,12.227515,106.57309,-2.4403152,-5.6409235,109.0737,-1.7905062,8.4025345,87.975555,-34.69084,-1.2913454,73.06541,-2.6835852
-4.504206,201.48987,22.268734,-2.196981,205.49112,20.070911,-8.644544,203.91818,20.31781,3.0443115,206.4265,10.686305,-12.983816,202.75427,10.772039,15.30869,192.3837,11.0914,-13.620229,190.17833,-9.79608,23.921173,168.72792,20.878517,-17.20583,173.94946,-31.608078,1.54572,174.97415,18.081331,-13.612143,154.01173,-19.992668,20.133724,142.70924,-9.633213,-1.0426253,143.74185,-17.663532,10.680547,106.26257,-5.341406,-4.5474405,109.432655,-1.4530464,4.634625,86.23136,-36.826653,-0.910977,73.45002,-1.8523703
-4.624268,201.29643,22.650835,-2.3583775,205.33044,20.454103,-8.7829485,203.68588,20.68647,3.0075433,206.28258,11.156412,-13.007894,202.53772,11.102223,15.141288,192.27417,12.43769,-12.590253,190.36746,-10.2842455,22.0327,168.7082,24.041853,-14.516064,174.4961,-32.52759,0.5934788,174.9188,17.296679,-12.297528,154.42593,-20.927967,20.822956,142.67714,-9.493661,0.13043606,143.87602,-17.686758,9.330816,106.24363,-7.995353,-3.9719102,109.90244,-0.9727687,1.8534367,85.1838,-38.816658,-0.76341176,73.987854,-1.1212634
-4.8037252,200.89627,23.021273,-2.5190773,204.92067,20.840582,-8.943797,203.24013,20.959682,3.0644274,205.8807,11.697396,-12.926523,202.00081,11.303014,14.708416,191.72807,13.725478,-11.393839,190.24709,-10.56393,19.88054,168.34698,26.351437,-11.727575,174.96777,-33.267635,-0.40491545,174.12918,16.522167,-10.775687,154.45538,-22.14263,21.328722,142.6875,-9.254087,1.1576073,144.03606,-17.6093,8.269765,106.63337,-10.622792,-3.687121,110.6259,-0.056125127,-0.28603837,84.038536,-40.4946,-0.9411775,74.42469,-0.40993226
-4.9657164,200.32455,23.3533,-2.6628678,204.35062,21.18589,-9.068826,202.61046,21.16283,2.9732487,205.43288,12.099852,-12.934164,201.44762,11.464505,14.555135,190.69814,15.003246,-10.347657,189.87083,-10.828606,17.187576,166.95761,28.000805,-8.461908,174.58398,-33.56836,-1.400897,173.24683,15.628739,-9.106157,153.69235,-23.103434,21.721256,142.48044,-8.946334,1.9027641,144.08318,-17.474138,7.431365,106.77072,-12.940115,-3.460065,111.0634,0.7990255,-2.0310557,82.85591,-41.935966,-1.332031,74.78931,0.09876046
-5.243255,199.4788,23.601183,-2.935905,203.50504,21.436022,-9.34373,201.7633,21.4084,2.919082,204.50308,12.495973,-13.010907,200.72134,11.550651,14.354804,189.57565,16.183653,-9.005632,189.27718,-11.047627,14.680971,165.68567,29.365326,-4.525484,174.54167,-33.718964,-2.160895,171.82352,14.672525,-7.6258106,153.14569,-23.992453,21.979013,141.86597,-8.516505,2.4668853,143.84973,-17.112856,6.6378336,106.663414,-15.166445,-3.4461837,111.15449,1.6950929,-3.7517283,81.12305,-43.156937,-1.9890593,74.79351,0.30296093
-5.5088325,198.26984,23.803587,-3.1958213,202.39543,21.84251,-9.532874,200.46916,21.388954,2.9679654,203.46857,13.013473,-12.964014,199.62703,11.611447,14.0812,188.23337,17.26816,-7.524529,188.43205,-11.395032,12.296325,164.09494,30.188583,-1.3782195,173.41493,-33.607574,-2.7603076,169.41109,13.143546,-6.2221146,151.9975,-24.724094,21.858824,141.41614,-7.755404,3.0159028,143.4555,-16.6684,6.220919,106.6551,-17.111883,-3.847106,111.3925,2.6113095,-4.6550994,79.51872,-43.974403,-2.8522182,74.86079,0.36521804
-5.817518,197.0999,23.940361,-3.4569912,201.22986,22.047724,-9.746172,199.23776,21.319477,2.9878392,202.2391,13.396669,-12.866763,198.37389,11.505822,13.15107,186.71315,18.625694,-6.174776,187.53383,-11.692104,10.627377,162.49898,30.38086,1.4408176,172.00372,-33.05669,-3.5051663,166.46577,11.793536,-4.6641326,150.52264,-25.211027,21.657276,140.49898,-7.1263533,3.3237395,142.77281,-16.34257,5.977258,106.29205,-18.806168,-4.317786,111.38016,3.6813197,-4.7047215,78.3189,-45.032406,-3.9113495,74.66436,0.57585305
-6.2511735,195.55582,23.896973,-3.8246496,199.80621,22.374771,-10.114099,197.92958,21.384895,2.8999102,200.94514,13.815517,-12.826267,196.84242,11.236492,12.626349,185.15723,19.414873,-4.7403717,186.31175,-11.523751,9.670746,160.58546,30.237497,3.6557438,170.86948,-32.449844,-4.2273307,162.8353,11.128945,-3.2254934,149.22942,-26.082859,21.106379,139.33629,-6.5264173,3.915769,141.83879,-16.144535,5.9558196,105.475746,-19.984003,-5.1840215,111.02833,4.6467466,-4.5893254,77.46037,-46.27194,-4.8479857,74.12684,0.84663564
-6.6179514,194.14929,24.013008,-4.2014046,198.44179,22.58659,-10.424268,196.48909,21.382587,2.9041183,199.62106,14.326039,-12.6057,195.20439,11.0782175,11.968056,183.4251,20.17803,-3.2241828,185.02165,-11.509736,8.956742,158.34152,29.717072,5.532777,168.85422,-31.8225,-5.054926,157.77539,10.856428,-2.2829945,147.24611,-26.733837,20.529734,137.96211,-6.2689056,4.30111,140.6869,-16.1026,6.041767,104.17508,-20.986012,-6.1971784,110.61703,5.5608416,-4.4653745,76.46579,-47.33499,-5.160324,73.797516,1.0597669
-6.9754815,192.84242,24.12016,-4.56822,197.1154,22.617195,-10.749671,195.07254,21.351673,2.9656155,198.22484,14.839494,-12.421151,193.97108,10.962228,11.695354,181.66815,20.751076,-2.0285513,183.55458,-11.450996,8.113218,156.35172,28.953077,7.3336353,166.97775,-30.980797,-6.4498653,153.53012,10.620699,-1.4715115,145.54024,-27.451435,19.964062,136.53976,-6.1203804,4.3489003,139.35762,-16.112835,6.3065915,102.56179,-21.780201,-7.0540876,110.003296,6.426667,-4.2656016,75.41501,-48.170834,-4.743236,73.39924,1.4252083
-7.262621,191.60722,24.065884,-4.8442636,195.8263,22.439232,-11.019032,193.76703,21.208454,3.0223312,197.04353,15.165798,-12.297426,192.95418,10.79908,11.6489315,180.29764,20.960503,-1.3803238,182.20148,-11.044115,7.5574775,154.7645,27.5442,8.326676,164.77766,-29.789612,-7.4545946,148.81448,10.177286,-0.57537866,143.17516,-27.945038,19.511555,135.21138,-6.0341854,4.1307044,137.87553,-15.502321,6.528125,101.437935,-22.545544,-7.5159383,109.46147,7.4519653,-4.3228054,74.563576,-48.73835,-4.0534177,73.223885,1.7867628
-7.6795,190.82791,24.104872,-5.147568,194.96437,22.446507,-11.363891,193.0527,21.197464,2.9733138,196.01292,15.452823,-12.2847395,191.94177,10.705029,11.609775,178.82307,21.05249,-0.9365195,181.42628,-10.633395,7.670632,152.62231,25.43727,8.812413,163.0552,-28.520609,-8.612674,144.24786,10.2042885,0.31211215,141.0243,-28.639204,19.398777,133.82382,-5.8681097,4.2548113,136.60828,-15.139717,6.4484854,100.693016,-22.859444,-7.5971565,108.807755,8.089517,-4.376663,74.18833,-49.056515,-3.4816077,72.85978,2.0267375
-8.097741,190.02345,24.097643,-5.4654374,194.16896,22.65891,-11.664388,192.37653,21.151402,2.7739983,195.20032,15.74489,-12.446174,191.48465,10.642627,11.611176,177.63881,21.126513,-1.191658,180.79881,-10.578526,8.569394,150.62923,23.031082,8.370152,161.56953,-27.552006,-9.120138,140.02194,10.4008665,0.71443284,139.05502,-28.92077,19.512184,133.21979,-5.2817154,4.9890976,135.81088,-15.375083,6.371049,100.53399,-22.697607,-7.2393966,108.58753,8.556808,-4.620388,74.14419,-48.91796,-3.0661638,72.66934,1.9129246
-8.452935,189.61508,24.021599,-5.773042,193.75565,22.652798,-11.955165,192.00266,21.025211,2.5445,194.84518,15.845958,-12.617892,191.37297,10.528873,11.831016,176.77554,20.928537,-1.4960718,180.46654,-10.4814415,9.865268,149.2936,20.614952,6.970189,160.34012,-26.854235,-7.831647,135.57678,11.0666275,0.20977977,137.43185,-29.084713,18.834585,132.97806,-4.0351315,6.1906962,135.20158,-15.855082,5.869003,101.08527,-21.847492,-6.80109,108.43939,8.6434355,-4.4113073,74.56118,-48.72536,-2.9758866,72.48351,1.5554616
-8.922352,189.42258,24.19134,-6.194956,193.55112,22.872252,-12.369483,191.88057,21.18384,2.0761468,194.72041,16.074156,-13.108868,191.35562,10.732874,12.081914,176.4723,20.586525,-2.4832067,180.20676,-10.279703,11.482348,148.85548,18.946058,4.435267,159.21495,-26.375513,-4.6219954,131.78978,13.034567,-0.70413756,136.01831,-29.176142,19.040876,132.79472,-3.999259,6.711802,135.07512,-16.533947,6.68618,100.865295,-22.211594,-6.6319866,108.57852,8.386076,-4.5927496,75.04597,-48.75901,-2.8847992,72.71817,1.3274777
-9.454979,189.40399,24.28516,-6.7496862,193.56827,23.024824,-12.883316,191.83907,21.24091,1.6941719,194.63063,16.335302,-13.439321,191.42964,10.76726,12.782183,176.8109,20.031143,-3.630841,180.06604,-9.890295,13.8185835,149.17613,17.877592,2.0522146,158.68549,-26.164545,-0.38797265,129.9562,14.525521,-2.4473212,135.2144,-28.690228,20.272879,133.273,-5.421334,6.2380586,135.66246,-16.448933,6.786201,100.937065,-21.58195,-6.3343697,108.71699,7.866503,-4.940423,75.9305,-48.53518,-3.3760624,72.65767,0.77824795
-9.881716,189.47418,24.391737,-7.0890303,193.58319,23.153713,-13.227807,191.93747,21.278894,1.3509042,194.69548,16.521233,-13.755086,191.4928,10.8661995,13.639735,177.708,19.029972,-4.9748707,179.92274,-9.190518,17.341404,150.4494,17.14062,-0.29155892,159.16672,-26.50056,4.8265004,129.96207,15.990141,-4.271391,135.8636,-28.039934,20.80049,134.29294,-7.0644455,5.006142,136.5362,-16.406532,6.4241147,101.12422,-20.479265,-6.2961993,108.696335,7.029837,-5.782179,76.92889,-47.79143,-3.819453,72.68736,0.07034086
-9.998743,189.62622,24.405848,-7.193859,193.7532,23.273712,-13.342663,192.18,21.36639,1.161412,194.89148,16.450077,-14.020134,191.78188,10.939884,14.903472,178.84775,17.6529,-6.9679127,179.97589,-8.3892355,21.59663,152.28189,17.113464,-3.126092,160.4385,-27.31394,9.908042,131.25273,17.27439,-6.470582,137.31068,-26.865385,21.370468,135.03104,-8.806377,3.358612,137.13602,-16.425276,6.5149245,100.98155,-18.917788,-6.4420056,108.177475,6.196282,-6.714805,78.10349,-46.913002,-4.5367646,72.310135,-1.0419456
-9.683948,190.05959,24.301523,-6.942178,194.21425,23.111637,-13.08858,192.5406,21.270218,1.2247733,195.36731,16.083256,-14.076659,192.24994,10.917245,15.695817,180.3449,16.25272,-9.009994,180.03352,-7.58636,26.71865,155.58134,16.130217,-6.924697,161.81255,-28.130995,15.798445,134.84573,18.313353,-9.447881,138.77242,-24.966301,20.83963,135.15715,-9.720841,1.4877903,137.07556,-16.551952,6.7700634,100.39366,-16.77994,-6.86295,107.51578,5.240572,-7.0539007,79.98904,-45.50073,-5.4443836,71.95762,-2.3836195
-9.2319,190.93265,24.283556,-6.5486007,195.14716,23.157543,-12.673104,193.41774,21.297989,1.4807751,196.15837,15.787545,-13.929362,192.99345,10.982485,16.401367,181.48819,14.592172,-10.631542,180.30551,-7.004777,32.04068,159.54996,14.958445,-11.386336,163.86246,-28.823248,21.001041,139.24611,19.098299,-12.322266,141.53848,-23.049688,19.907259,135.55615,-10.475961,-0.18041113,137.52129,-16.500984,7.5069437,99.85936,-14.351652,-7.719328,106.990265,4.046294,-7.087836,82.857994,-44.386063,-6.6273785,71.834984,-3.6119545
-8.648952,191.79834,24.249386,-5.978221,196.02846,23.143858,-12.163342,194.36037,21.4256,1.7997203,197.07953,15.512543,-13.665674,193.7847,11.046608,17.379786,182.81142,12.984142,-11.967162,180.96994,-6.495833,36.894836,163.99426,13.23845,-15.928057,165.76859,-28.840858,26.132092,143.91911,19.276127,-15.992294,144.39386,-20.355227,18.532782,136.4058,-11.509849,-2.0398276,138.33797,-16.424004,9.052719,99.66445,-12.192112,-8.681554,107.06502,2.9967792,-6.5664606,86.146385,-43.243637,-8.160389,71.90246,-4.8119745
-7.7076154,192.94418,24.183947,-5.1795764,197.24843,23.022251,-11.359489,195.43988,21.4643,2.4130666,198.37373,15.1623,-13.229556,195.14996,11.23844,18.18428,184.31084,11.211034,-13.149772,181.95695,-5.9288654,40.63113,169.21729,10.559139,-20.408566,167.65959,-28.037384,31.028706,149.41579,19.13806,-19.463135,147.39719,-17.148108,17.112394,137.34256,-12.527805,-4.22598,139.13297,-16.1559,10.569718,100.152885,-10.437467,-9.951139,106.96221,2.1103382,-5.626443,89.83392,-42.017365,-9.638024,71.90944,-5.8369164
-6.559963,194.65732,24.325827,-4.0786214,198.86859,22.8105,-10.312603,196.98122,21.584812,3.2063806,200.08421,14.898785,-12.454775,196.59863,11.441924,19.050518,186.10092,9.550945,-14.374433,183.37442,-5.206011,43.28935,174.15579,7.2300673,-24.768656,169.53447,-26.374533,36.007046,155.17511,18.646227,-23.160555,150.44707,-13.651965,15.624753,138.54356,-13.651463,-6.282779,140.25264,-16.073696,12.312044,101.23184,-8.895619,-11.600048,107.06729,0.89849603,-4.4299545,93.32464,-40.58028,-11.467705,71.79706,-6.954012
-5.471145,196.5136,24.279339,-2.8867095,200.5821,22.579489,-9.144309,198.7556,21.373936,3.9657986,201.72684,14.411767,-11.783961,198.07182,11.492558,19.70095,188.33238,7.4545803,-15.250059,185.11508,-4.2564416,44.824375,178.87477,3.138174,-28.519245,171.55345,-23.737326,40.69918,161.39372,17.87532,-27.2351,153.51842,-9.396162,14.223018,140.05,-14.706847,-8.048787,141.45607,-15.816324,14.184048,102.80815,-7.7304106,-13.034718,107.41944,-0.14868392,-3.2608824,97.217094,-39.145798,-12.962456,71.95139,-7.6671724
-4.1851726,198.4669,23.975412,-1.5458547,202.45786,22.173779,-7.8675923,200.75525,21.124048,4.933683,203.51736,13.773216,-10.991651,199.98059,11.442464,20.148762,190.48445,4.7659416,-15.903213,186.76172,-2.9425242,45.434715,182.19955,-0.831419,-31.864162,173.17343,-20.26922,44.961113,166.99756,16.769178,-30.787062,155.84312,-4.735264,12.973683,141.50586,-15.937584,-9.656264,142.39265,-15.651612,16.0364,105.03597,-6.686459,-14.425561,107.68479,-0.89488393,-2.468788,100.41625,-37.611027,-14.793033,72.34969,-8.464043
-2.797049,200.33316,23.44459,-0.21848376,204.31996,21.568666,-6.608653,202.69072,20.827059,5.988948,205.3596,12.820208,-10.092287,201.96187,11.244745,20.291523,192.67084,2.470007,-16.632841,188.26361,-1.4351683,45.51914,185.66628,-4.0097194,-35.00906,174.64494,-16.370552,48.948647,172.28403,14.886311,-34.1375,158.1528,-0.0534446,11.874005,143.12175,-16.880932,-11.009469,143.44232,-15.387255,17.704645,107.62932,-6.085276,-15.297,108.175026,-1.6687889,-2.1292956,103.276245,-36.24337,-16.395266,72.78048,-9.127081
-1.6415727,202.00006,22.713135,1.0169212,205.96455,20.884598,-5.4263043,204.56638,20.25675,6.8005443,207.25978,12.000464,-9.276367,203.99289,10.750268,20.346647,194.65813,0.3942688,-17.055569,190.13129,-0.6154246,45.580673,188.04553,-6.9152603,-37.352608,176.34816,-12.53071,52.372276,176.82048,12.691281,-37.145126,160.67609,4.5034285,10.709486,144.5605,-17.645693,-12.34652,144.53116,-14.966615,18.957647,110.3055,-5.4851193,-15.633747,109.08043,-1.7848406,-1.8544328,105.086685,-34.79314,-18.05195,73.69162,-9.457393
-0.52910745,203.58609,21.712646,2.1456156,207.59897,20.026178,-4.3746457,206.44168,19.709486,7.700862,208.88957,10.786834,-8.571731,206.19463,10.175753,19.960472,196.52913,-2.0704696,-17.565145,191.91524,-0.0027613281,45.04884,190.2981,-9.569223,-39.36561,177.85793,-8.246248,55.505375,180.75589,9.57843,-39.62341,163.26744,9.828948,9.746012,146.02596,-18.530865,-13.427143,145.54881,-14.667758,20.069538,113.178635,-4.841749,-15.81349,110.06283,-1.6213843,-1.507674,105.39296,-32.854588,-19.398762,74.72423,-9.41323
0.44872764,205.14572,20.886778,3.128753,209.18675,19.278843,-3.4148414,208.13837,19.134594,8.301024,210.24844,9.586993,-8.00186,207.97565,9.69034,19.351707,198.22784,-4.7397227,-17.770353,193.55223,0.6769431,44.423023,191.78365,-12.288497,-40.5519,179.35353,-3.7035413,57.60887,183.97519,6.2882247,-41.403107,165.75119,14.927717,8.967197,147.56541,-19.99482,-14.027184,146.66331,-14.405667,20.95888,115.86779,-4.339651,-15.848637,111.20869,-1.2164742,-1.4120957,104.55336,-30.757946,-20.758211,75.976654,-9.024114
1.183345,206.61008,19.990025,3.7661602,210.6752,18.282087,-2.7713485,209.55743,18.392416,8.930536,211.602,8.570603,-7.420271,209.57822,8.929705,18.86528,199.66321,-7.140685,-17.921896,194.92151,1.5382704,43.943104,193.33698,-15.398169,-41.148796,180.72884,1.1303023,59.69844,187.6051,1.8381306,-42.460804,167.60881,20.287361,7.980398,148.66983,-21.175335,-14.766039,147.74611,-13.792619,21.687164,118.24332,-4.367186,-16.246145,112.497185,-0.3289332,-1.0678757,102.429596,-28.002184,-22.251255,77.33655,-8.753789
1.609495,207.93353,19.075392,4.376317,211.7805,17.172098,-2.2101562,210.99272,17.361582,9.171735,212.60225,7.399159,-7.18651,210.92542,8.12232,18.13347,200.75827,-9.539792,-17.903137,196.0896,2.3112664,43.002216,194.58347,-18.591497,-40.70248,181.83968,6.412708,61.670147,190.99287,-4.1004877,-42.50721,169.37563,26.400095,6.619814,149.61693,-21.84072,-15.758226,148.55403,-12.880653,22.006588,120.12644,-4.7737236,-16.629946,113.49171,0.56697345,0.019989118,98.97082,-24.940546,-23.712105,78.938034,-8.154175
1.6740034,208.96086,17.938654,4.5930023,212.70872,16.05122,-2.0171645,212.2023,16.27174,9.207687,213.28201,6.131138,-7.1987915,211.92114,7.126194,17.127111,201.49498,-11.4397745,-18.024809,197.12448,2.7587464,42.1239,196.00414,-20.157393,-39.435066,182.73918,11.753273,63.52482,192.77296,-10.108236,-41.84634,171.20566,32.460438,5.381689,150.49019,-22.469992,-16.715082,149.53397,-12.4842825,22.05903,121.34335,-5.581069,-16.859402,114.376495,1.2305284,1.7290837,95.42895,-21.622118,-25.323671,80.023094,-7.8590655
1.5064435,209.79288,16.858166,4.405258,213.47542,14.836795,-2.2022882,213.04733,15.251648,8.829266,213.94684,4.833509,-7.490464,212.67894,6.080825,16.213219,201.95798,-13.017952,-18.135862,197.60551,3.0958185,41.986134,197.00896,-20.554422,-37.261074,183.23506,15.963792,64.85559,193.4527,-14.748833,-40.941204,173.31355,37.44703,3.975877,150.9459,-22.992851,-17.549356,150.09781,-11.942032,21.694696,121.89036,-6.6161785,-17.042366,114.91205,1.5399281,4.306353,91.79938,-18.243969,-27.15022,80.856804,-7.7912726
1.3911283,210.44905,15.861809,4.288114,214.12119,13.804012,-2.3134134,213.7556,14.35545,8.550053,214.23453,3.6476276,-7.8076897,213.32108,5.259124,15.504538,202.22166,-14.607562,-18.099932,197.96178,3.7075443,41.16575,197.67271,-22.431194,-34.67588,183.84059,20.206432,64.54576,193.87134,-19.771744,-39.0786,175.56989,42.240944,2.7592492,151.20403,-23.018847,-18.469648,150.56558,-11.382942,21.18539,121.73665,-7.6313066,-17.41078,115.34986,1.6221956,7.4821067,88.32387,-14.555903,-29.01614,81.214615,-7.3056383
1.3062956,211.02373,15.1257715,4.339845,214.56631,13.040242,-2.2783544,214.31328,13.339863,8.304224,214.50389,2.6727252,-7.9826336,213.77002,4.540619,14.326039,202.5056,-15.751098,-18.01454,197.90492,4.36625,39.289482,198.068,-25.145374,-31.617579,184.61488,23.932673,62.61729,194.61543,-25.442421,-36.235413,177.76219,46.50541,1.6524894,151.20432,-22.698458,-19.125418,150.67776,-10.502156,20.418776,121.211266,-8.58006,-17.999048,115.286125,1.45051,11.527113,85.14366,-10.598294,-30.528572,80.91718,-6.256199
1.2865281,211.08989,14.234642,4.3227043,214.6117,12.102802,-2.285756,214.46587,12.576424,7.911383,214.47409,1.6173245,-8.332011,213.79366,3.9670315,12.900131,202.93604,-16.506136,-17.381887,197.86096,5.151683,36.98276,197.80254,-27.735231,-28.1165,185.41876,27.115685,60.037563,194.09761,-30.820385,-32.297104,179.35957,50.111687,0.5657075,151.25356,-22.35168,-19.554506,150.61157,-9.465296,19.225487,120.30447,-9.337192,-18.707253,114.75067,1.3632171,15.676529,83.140366,-6.926833,-32.233772,80.31713,-5.0977445
1.2050817,211.21661,13.493232,4.2215023,214.58623,11.114029,-2.3727484,214.58655,11.829664,7.5833898,214.25989,0.6795142,-8.61729,213.65363,3.336273,11.619227,202.50241,-17.185692,-16.946005,197.80103,5.760685,34.458584,197.34515,-30.559332,-24.325506,186.5588,29.686491,57.362053,192.39185,-35.11042,-27.384886,181.39484,52.936077,-0.5682517,150.86125,-21.75048,-20.016026,150.41264,-8.232279,17.628792,119.04389,-10.015246,-19.828083,114.19553,1.0315492,19.846628,82.36036,-3.4432006,-33.86646,79.381424,-3.5708652
1.1403879,211.16663,13.117873,4.086824,214.50276,10.591484,-2.5081816,214.29591,11.158112,7.2909536,213.88426,0.15473033,-8.877395,213.47607,3.1174347,10.164805,201.94681,-18.273323,-16.529587,197.43076,6.3580523,31.851461,196.95819,-33.30192,-21.252071,187.13002,31.5571,54.376656,191.23758,-39.05317,-21.55947,182.98811,55.119774,-1.4173417,150.10394,-21.195444,-20.160147,149.76694,-7.066719,15.823541,117.07028,-10.155967,-20.862217,113.03155,0.8141339,23.757513,81.81573,-0.77028286,-35.325733,78.021355,-2.1718683
1.1279464,210.7096,12.8893175,4.190196,213.89491,10.314542,-2.414871,213.91965,10.86453,7.0359077,213.1435,-0.20068403,-9.088971,212.80612,3.0504735,8.5177,201.09694,-19.2987,-16.044876,196.63338,7.086312,28.598806,196.94543,-36.50448,-17.758858,187.77165,32.748917,49.996204,190.13011,-43.895077,-14.620583,184.94572,56.06446,-2.1068587,148.94238,-20.300528,-20.243725,148.80156,-5.385644,14.474106,115.03346,-9.208082,-21.98442,111.52821,0.90438944,26.769573,81.12185,1.3701297,-36.44728,76.34926,-0.49988022
1.1468818,210.07181,12.744983,4.194973,213.33943,10.257868,-2.4151266,213.31595,10.809318,6.989194,212.15987,-0.4547272,-9.15172,211.9696,2.9612412,7.181766,200.14952,-20.169321,-15.655142,195.7947,8.113168,25.282545,196.234,-39.522923,-13.602558,187.76454,33.709644,44.78296,188.16487,-49.596336,-7.206913,186.86148,56.432255,-2.7857442,147.5556,-19.285519,-20.272205,147.23021,-3.5418372,13.612114,113.23615,-8.065075,-23.079319,109.89395,1.5920875,29.138119,80.806114,3.0550625,-38.159824,75.02888,0.9601128
1.3259141,209.21825,12.593687,4.2042956,212.41336,9.829568,-2.36533,212.31674,10.667155,6.888552,210.93027,-0.79588765,-9.125421,210.8707,2.92573,6.3042574,198.52405,-20.509333,-15.170188,194.8811,9.059045,21.598864,195.24046,-42.178047,-10.464209,188.06938,34.37679,40.136726,185.41277,-52.440266,-0.2124298,187.77861,55.59221,-3.410181,146.01428,-18.26575,-19.862003,145.77254,-1.5849267,13.481331,111.64167,-7.0241075,-24.143347,108.39911,2.3158371,30.628727,79.86685,4.1786327,-39.815563,73.9233,1.259663
1.6241387,208.2206,12.298092,4.306413,211.41064,9.333894,-2.2180932,211.18825,10.463041,6.7364073,209.73854,-1.2933286,-9.163288,209.45905,2.9483135,5.4068785,197.10048,-21.040846,-14.668235,193.6048,10.033874,18.285625,193.90947,-44.408142,-8.198538,187.66463,35.26089,35.783367,181.81415,-53.748585,6.5853295,188.23592,53.598324,-3.9618382,144.04668,-16.976944,-19.588894,143.92223,0.113649175,14.059517,110.3172,-5.938859,-24.794134,106.72846,3.1555362,31.31291,78.86703,5.0359254,-41.50757,73.12108,1.1651697
2.2403154,207.26276,11.779673,4.7310643,210.5971,8.802702,-1.7285839,210.22716,10.237447,7.068872,208.71518,-1.9271038,-8.746119,208.22119,2.6065311,4.4711933,195.61147,-21.363485,-13.793257,192.53368,10.717983,14.313946,191.7085,-46.053642,-6.3940477,186.73694,35.911232,31.070034,178.10904,-53.830418,12.257238,187.35596,50.50984,-4.285325,141.9307,-15.670269,-19.070776,142.13834,1.8631126,14.909513,109.2271,-5.0456133,-24.826065,105.48952,4.2617927,30.804306,77.20023,5.819947,-43.02231,72.98607,1.3802736
3.0072773,206.6703,11.354181,5.454827,209.87512,8.21331,-1.0027096,209.51099,9.688696,7.546271,208.13025,-2.4643393,-8.166993,207.25388,2.3364434,3.61158,194.2873,-21.847662,-12.317925,191.62306,11.065447,8.645649,189.25194,-47.678745,-4.192107,186.34021,36.005157,25.38978,174.25359,-52.90662,17.015175,187.38196,46.723873,-4.3024764,140.89815,-14.394208,-17.870205,141.23483,3.6823056,15.576599,108.38105,-4.4430933,-23.937792,104.83485,5.7986946,29.303259,75.23767,6.898845,-43.76021,73.40468,1.9677154
3.9359815,206.3946,10.675311,6.1527767,209.6375,7.395235,-0.21097672,209.14255,9.192919,7.8988466,207.98004,-3.2958436,-7.5880446,206.78905,2.1628764,2.4252505,193.35587,-22.386904,-10.798085,191.32031,11.560176,2.9664285,186.01517,-48.31994,-1.8168492,185.16354,35.866535,19.377724,169.81668,-51.68449,20.835514,186.03566,42.823162,-4.7316027,140.29231,-13.713794,-16.274511,140.80595,5.386109,15.6241665,107.68284,-4.09122,-21.937374,104.512375,7.5512233,28.184406,74.16724,7.706148,-44.043648,74.56731,3.1724927
4.9222174,206.41942,9.834971,7.004989,209.73843,6.5573635,0.7129593,209.20932,8.624262,8.035327,207.7675,-4.3898606,-7.0603666,206.79778,1.9110823,1.0080402,192.5723,-22.9565,-9.530384,191.25288,11.777587,-1.9816977,182.1411,-47.62754,-0.5286791,183.19792,35.769024,13.993421,165.1808,-50.08715,22.870987,183.76967,37.96108,-5.05482,140.15536,-13.366459,-14.827591,140.55754,6.7868543,15.152376,107.321754,-4.2420826,-18.59521,104.24828,10.312794,27.431532,73.70927,8.018903,-43.553104,76.98675,5.1156697
5.901313,206.85506,8.684535,7.7100987,210.12021,5.196638,1.564212,209.50055,7.637416,7.7295175,207.69167,-5.823234,-6.758743,207.08363,1.7802663,-0.6920839,191.97104,-23.663364,-8.493528,191.55627,11.927768,-6.756238,178.1771,-46.266163,0.5230236,181.58017,35.518036,7.979234,160.25974,-47.79736,24.0316,181.35324,31.845167,-5.230028,139.6465,-12.693782,-13.386242,140.15038,8.088537,14.61997,106.89925,-3.9507647,-13.543854,103.95765,13.877494,26.414557,73.44685,7.936833,-41.61281,80.1157,7.7019734
6.8678427,207.22786,6.980774,8.277548,210.43326,3.2566044,2.4469545,209.86963,6.3855095,7.152534,207.42331,-7.644174,-6.4502754,207.32652,1.4917399,-2.7393413,191.31499,-24.046352,-7.417956,191.3931,11.878067,-11.4300585,174.79233,-43.98663,1.9230947,179.80537,34.540817,1.9409778,155.81293,-45.15384,24.385336,178.34785,26.516998,-5.73771,139.1307,-12.107776,-12.21123,139.94113,9.3140135,13.927524,106.55846,-4.1054425,-7.831916,104.21707,17.156628,25.23114,73.32074,8.300263,-38.334465,83.630165,11.222802
7.7229757,207.24559,4.889473,8.634299,210.3667,0.9495841,3.2993095,209.9583,4.880153,6.052523,207.01222,-9.666663,-6.178341,206.98738,1.1754053,-5.060734,190.21077,-24.21695,-6.296899,191.22044,11.815478,-16.212563,171.55698,-40.9981,3.3597975,178.15791,33.181324,-3.643536,151.76048,-42.237255,24.530422,174.72563,22.24679,-6.6573153,138.62051,-11.388675,-11.000479,139.7116,10.516059,13.636488,106.454254,-4.357974,-1.7093712,105.02357,19.588722,23.649958,73.154015,8.587061,-34.126537,87.18304,15.035568
8.240311,207.1403,2.2890775,8.510267,210.08691,-1.8809775,3.8740232,209.87976,2.862644,4.455522,206.22955,-11.829619,-6.0557733,206.66568,0.63726795,-7.956663,188.76822,-23.968494,-5.2921205,190.62901,11.877587,-20.3847,168.22313,-37.802654,5.4133916,176.003,31.928185,-9.008351,147.74532,-38.672718,25.175684,170.71274,19.364382,-7.6531644,138.12053,-10.559111,-9.647982,139.28734,11.519316,13.010147,105.957405,-4.8279166,4.814619,106.23566,20.924997,21.035059,73.25449,9.280953,-28.53027,90.613945,18.857079
8.845069,206.62881,-0.8937801,8.1528,209.30089,-5.1961,4.6992073,209.43343,0.46617368,2.186283,205.22458,-13.845819,-5.392226,206.19539,0.5630524,-11.403362,187.1725,-23.02322,-3.937972,189.8036,11.724246,-24.323296,165.34961,-33.923172,7.7288423,174.2689,30.489668,-13.43869,144.48143,-34.563446,25.515175,166.08975,16.586359,-8.642322,137.43912,-9.3367,-8.040313,139.18384,12.45623,12.892555,105.26286,-5.124354,9.847345,107.55583,20.822088,20.437769,72.51138,10.495861,-25.126865,95.069695,22.302912
9.323705,206.02322,-4.6708183,7.2422104,207.8723,-8.955578,5.5991235,208.97308,-2.611536,-0.5080461,203.96352,-15.338457,-4.09917,205.88148,0.43143082,-14.824493,185.63318,-21.757584,-2.3412006,188.93149,11.440236,-27.917118,162.8366,-29.541704,9.753853,172.34311,29.03637,-16.970978,142.1522,-29.865984,25.764034,161.37407,14.828132,-11.14733,136.72939,-7.675582,-6.024476,139.47702,13.180532,11.850509,104.91097,-5.2702327,15.100586,109.404015,19.76825,19.12307,72.506325,11.583121,-19.924276,98.91943,25.419403
8.846518,205.01141,-8.900284,5.7563667,207.08429,-12.411023,6.105719,208.22336,-5.883742,-3.6103525,203.19771,-16.42169,-2.6739244,205.7354,-0.36782068,-17.523312,184.5094,-20.11394,-0.71566606,188.17241,11.002264,-30.643417,160.88295,-24.349674,11.624126,170.38335,27.594545,-20.650932,139.67511,-24.731926,25.462038,157.25186,13.2978945,-12.917374,136.12994,-5.870674,-3.8992116,139.65794,13.637387,10.411432,104.48199,-4.6518846,20.088997,111.163,17.066149,17.776043,72.53492,12.461959,-13.437051,102.404015,28.642462
7.1470113,204.04077,-13.096099,3.1464846,206.12375,-15.497504,5.6533303,207.44817,-9.486854,-6.9667315,202.68779,-16.905226,-1.5302358,205.31895,-1.7323842,-20.140053,183.80655,-17.810297,1.0870901,187.97447,10.162603,-32.46773,159.26164,-18.86972,13.328286,169.19714,25.778633,-22.727398,137.96204,-19.47247,25.007967,153.34758,12.426274,-13.84806,135.58698,-3.5936801,-1.0093778,139.7817,13.692876,8.591141,103.88951,-3.6374702,24.573736,112.80899,13.399491,16.470465,72.48155,13.718573,-6.315925,105.161606,30.923256
4.4868426,203.16812,-17.123417,-0.13020806,205.14775,-18.07875,4.2607536,206.7133,-13.354877,-10.145566,202.42783,-16.675264,-0.48204026,205.23792,-3.8049014,-22.13634,183.54634,-15.489236,2.7758214,187.8219,9.142422,-33.34047,158.42358,-13.547521,14.854,168.28392,24.015617,-23.57406,137.11394,-14.478343,24.741943,150.05435,12.525806,-14.09577,135.71149,-1.2234526,1.3607855,140.22008,14.0658045,7.453231,103.453735,-3.0463462,27.811428,114.9501,9.971085,15.899451,72.45319,15.271316,0.26019529,107.92548,31.830061
1.069175,202.13916,-20.411043,-3.5335298,204.32516,-20.008179,2.218755,205.93172,-17.08585,-12.816643,202.54149,-15.752402,0.3275972,205.17964,-6.4019275,-23.625753,183.58145,-13.059469,4.496777,188.32854,8.073707,-33.41795,158.28183,-8.545684,16.427717,168.01123,22.191648,-23.43387,137.1929,-9.685126,24.505554,147.78754,12.982633,-13.8426075,135.70781,1.3142544,4.036751,140.70259,14.072502,5.5444164,102.775215,-1.9360594,30.182447,116.853546,5.705633,15.372622,72.45643,16.609396,6.4885383,109.95462,31.935966
-2.7785883,201.54039,-22.745058,-7.090176,203.85721,-21.250391,-0.7830325,205.27773,-19.766718,-14.739754,202.87186,-14.558426,0.56793046,205.34242,-9.325186,-24.609459,184.14606,-10.47805,6.232522,189.01778,6.724383,-32.982204,158.89587,-3.5689337,18.11808,168.46342,20.59105,-22.759405,137.93747,-5.4349985,24.604862,146.72542,13.427455,-12.670857,136.16263,3.0969083,6.761093,141.419,13.689415,4.468224,102.54353,-0.20223619,31.108217,118.29685,0.4839,15.544222,72.63661,18.052402,11.008327,112.46792,31.264482
-6.721873,201.2657,-24.093397,-10.553265,203.8598,-21.898718,-4.0389614,205.0727,-21.824371,-16.276823,203.15544,-13.236328,-0.07188583,205.53264,-12.100285,-25.206764,184.98932,-7.9863505,7.7104883,189.95277,4.8929844,-32.25457,160.13033,1.4344299,19.54727,169.31267,18.54808,-22.315708,139.0198,-1.6774068,24.886189,146.69504,13.49792,-11.3028755,136.82375,4.712506,8.974302,142.2417,13.299932,4.020655,102.474976,1.8550762,31.080809,119.566124,-3.8677158,16.143782,72.67584,19.391106,16.379229,112.50246,29.05254
-10.378881,201.31322,-24.572313,-13.798093,204.11311,-21.990875,-7.359722,205.25952,-23.121155,-17.294819,203.61002,-12.01653,-1.2019435,205.97542,-14.527662,-25.36093,186.10545,-5.596333,9.1160555,190.97702,2.9043305,-31.313473,161.97218,5.753594,21.141085,170.41289,16.543533,-22.196537,140.95293,1.6039844,25.644602,147.32428,12.926757,-9.81402,138.15254,6.5498357,10.998957,143.21693,12.585502,3.97649,103.17237,4.1961546,30.403877,120.890724,-7.7524548,17.271818,72.9653,20.804985,20.165537,111.06138,25.70865
-13.755923,201.31229,-24.486118,-16.709076,204.0107,-21.293587,-10.732266,205.45163,-23.761679,-18.12169,204.47421,-10.995506,-2.8264053,206.51622,-16.628622,-25.154135,187.198,-3.2970028,9.823047,192.16997,0.78588104,-30.017885,163.6921,9.786448,22.602257,172.14781,14.4067,-21.791424,142.4995,4.3203044,26.485758,148.84355,11.950085,-8.499737,139.483,8.673823,12.762365,144.42062,11.536826,4.4425583,104.15681,6.4384875,28.911287,122.28976,-11.636615,18.706486,73.585304,22.234295,23.874786,109.31186,21.96628
-16.953474,201.13826,-23.747921,-19.402834,204.31726,-20.569519,-13.863222,205.27507,-24.083763,-18.984627,205.19067,-9.92328,-4.935025,206.82349,-18.17742,-24.897593,188.40012,-0.92221814,10.083194,193.21811,-1.977841,-28.512182,165.56755,13.734754,24.17164,174.21964,11.98219,-21.463768,144.10347,7.2672796,27.542957,150.76418,10.466208,-7.0227003,141.06285,11.211684,14.116254,145.71239,9.9161825,5.735963,105.22014,8.639214,27.263422,122.78836,-14.619562,20.635632,74.345726,23.422327,26.486366,105.94016,17.381685
-19.746975,201.35225,-22.632423,-21.775124,204.82812,-19.468927,-16.68587,205.38612,-23.695076,-19.728392,205.56227,-8.697129,-7.0117416,207.12099,-18.965311,-24.48096,189.51083,1.3339182,10.270275,194.33098,-4.4174275,-26.897614,167.21811,16.989029,25.836773,176.41417,9.348172,-21.220396,145.59381,10.017834,28.365868,152.88936,8.639765,-5.3925195,142.47726,13.07019,15.53754,146.89265,8.430404,7.1839905,106.54912,10.821687,24.796055,122.98047,-17.102049,22.99568,75.486984,24.471281,27.953411,101.64505,11.856063
-22.208916,201.52548,-21.271975,-24.03312,205.15678,-18.160622,-19.335909,205.52628,-22.844252,-20.515347,205.95238,-7.5143657,-9.102897,207.31378,-19.240824,-23.61433,190.40157,3.545562,9.979077,195.34636,-6.7280593,-25.312738,168.81682,20.051628,27.424137,178.93275,6.306209,-20.98877,147.07512,12.717578,29.169333,155.34366,6.847805,-3.5505643,143.86371,14.264601,16.879133,148.11838,6.9097815,8.88738,107.746025,12.315985,21.791042,122.63885,-18.942406,25.673222,76.56746,25.082922,28.859264,97.43931,6.660429
-24.530325,201.62094,-19.6049,-25.860466,205.41376,-16.438564,-21.753723,205.47131,-21.65008,-21.128386,206.27734,-6.230417,-11.234708,207.46474,-19.246403,-22.43993,191.3467,5.6470914,9.231041,196.30974,-8.866588,-23.647034,170.27669,22.673038,28.791164,181.4155,2.8162944,-20.298843,148.21169,15.514437,29.728338,157.99197,4.26854,-1.1109749,145.1113,15.414151,18.17932,149.0014,5.0159693,10.241101,108.84558,13.57006,19.099686,121.7323,-19.517878,28.282541,77.963936,25.6203,28.451197,92.91475,1.0149481
-26.538897,201.46135,-17.736872,-27.677582,205.26526,-14.525042,-24.154976,205.35977,-20.153711,-21.520674,206.58171,-5.057665,-13.289574,207.17197,-19.131271,-21.494534,191.80316,7.462787,8.413151,196.93965,-10.554347,-21.91914,171.58647,25.188879,30.177317,183.61775,-1.2194351,-19.381443,149.35793,18.359419,30.37147,160.29741,1.8782463,1.2301538,146.16183,16.413555,19.040136,149.80107,3.0197747,11.549304,109.57024,14.559763,16.753925,120.33332,-19.571806,30.874496,78.907104,25.660595,27.566868,88.734245,-4.5928693
-28.345243,201.07614,-15.774603,-29.243633,204.84859,-12.444287,-26.107439,205.01506,-18.27881,-22.148874,206.56342,-3.7604454,-15.4283085,206.8097,-18.59875,-20.659454,192.23723,9.057243,7.4659653,197.29355,-12.057731,-20.031706,172.64073,27.279188,30.854803,185.13118,-5.2862077,-18.117867,150.2058,21.000538,31.038832,162.01866,-0.8000767,3.3771343,146.8881,16.990925,19.696278,150.1465,1.1784832,13.426971,110.247215,15.623498,14.826399,119.062004,-19.228756,33.989742,79.40965,25.267761,25.4064,84.733215,-10.16797
-29.813051,200.48318,-13.5835,-30.410202,204.35579,-10.298973,-28.04377,204.37636,-16.492262,-22.341282,206.19804,-2.4149106,-17.410583,206.47867,-17.908468,-19.92927,192.23907,10.437336,6.2936006,197.27779,-13.176879,-17.963118,173.0899,29.104282,30.996624,186.60997,-9.330608,-16.523188,150.38461,23.462826,31.67302,163.75546,-3.9079518,5.096831,147.02744,17.552933,19.753407,150.06287,-0.6262267,15.677281,110.447235,16.846548,13.585804,117.64102,-18.616667,36.885998,79.39064,24.648499,22.471899,81.83366,-15.695978
-31.186895,199.90057,-11.593449,-31.356714,203.66191,-8.141191,-29.73288,203.8815,-14.564415,-22.656578,205.70003,-1.1919641,-19.25836,205.8292,-17.1186,-19.184544,191.74101,11.739635,4.9150796,196.96309,-14.527283,-15.214917,173.16399,30.612898,30.486864,187.82356,-13.42073,-14.537949,149.96976,26.239365,32.20019,165.10083,-7.1782584,6.722749,147.0299,17.562868,19.71225,149.49193,-2.15303,17.817772,110.62926,17.82967,12.597053,115.77363,-17.658663,39.38213,79.35345,24.275839,19.294746,79.64006,-20.712692
-32.17775,199.18639,-9.437765,-31.930416,203.07626,-6.124605,-30.933157,203.02426,-12.678716,-22.838108,204.99358,0.18425979,-20.59668,204.7736,-15.943274,-18.167673,191.1781,13.099367,2.9734135,195.765,-15.983207,-12.006205,173.08705,31.7563,29.004211,188.07028,-17.610754,-12.3384285,149.63496,28.572414,32.82326,165.79094,-10.502539,8.375175,146.87114,17.507793,19.356312,148.79411,-3.614382,20.01751,110.519356,18.620964,11.479771,114.10647,-16.815931,41.40856,78.831985,23.722668,15.550197,78.10222,-24.752594
-32.91541,198.01735,-7.2012444,-32.565918,202.00856,-4.027705,-31.982628,201.78383,-10.627072,-22.88671,204.12524,1.5424335,-21.82644,203.41269,-14.687676,-17.050797,190.15459,14.271392,1.3653728,194.63168,-16.87714,-8.874018,172.39084,32.443756,27.162056,187.9989,-21.743065,-9.599684,148.8133,30.981302,32.647346,166.28426,-14.602014,9.891918,146.25993,17.147623,19.15421,147.90086,-4.8330326,22.110752,110.067245,19.182173,10.426659,112.63035,-16.501663,43.061123,77.904076,23.200077,11.882165,77.21676,-27.668144
-33.670017,196.80225,-5.1777143,-32.93932,200.85954,-2.1676404,-32.971462,200.43617,-8.788535,-22.977028,202.8443,2.8095584,-22.989965,201.95457,-13.417253,-15.771901,188.66405,15.310869,-0.31489435,193.28479,-17.073727,-5.3378468,171.09416,32.861874,24.902254,187.67911,-25.092665,-6.115568,147.50708,33.14925,32.21486,166.4052,-18.670135,11.0725565,145.78021,16.63424,18.789627,147.20457,-5.869426,24.01962,109.569466,19.124552,9.343309,111.72073,-16.836395,44.25683,76.79317,22.714323,8.488949,76.32278,-29.511171
-34.140472,195.28923,-2.907006,-33.13904,199.46494,-0.13993114,-33.85848,198.80075,-6.6966705,-22.889006,201.3786,4.2181463,-24.270124,200.55878,-11.981205,-14.257173,187.14523,16.353003,-2.0392497,191.91727,-17.443487,-2.0971816,169.42303,32.88958,22.161888,186.9362,-28.69278,-1.9907075,145.90392,35.293705,31.342108,166.16766,-23.589731,12.154384,144.63908,15.742449,18.498585,146.11482,-6.8089457,25.72179,108.65111,18.914309,7.6328974,110.60375,-17.535057,45.214325,75.57991,22.589815,5.955461,75.33383,-30.20619
-34.0998,193.89241,-0.31778327,-32.5948,198.2245,1.9222547,-34.519608,197.14542,-4.331138,-22.066277,200.03163,5.565613,-25.392763,199.06186,-10.407541,-12.644626,185.76358,16.940819,-3.5950632,190.28896,-17.825016,0.60661685,168.36015,32.847748,18.989355,185.72647,-32.107918,1.5986425,144.82314,36.75978,30.113794,165.40614,-28.415285,13.41828,143.5963,14.819296,17.72351,145.06087,-7.9759283,26.916595,107.70713,18.675545,5.295389,110.02034,-18.41035,45.866478,74.62024,22.558914,4.3842726,74.45553,-30.299011
-33.72734,192.59352,2.3525164,-31.658995,196.90875,4.162572,-34.82279,195.83366,-1.5496353,-21.178097,198.72665,6.837405,-26.227123,197.61157,-8.697464,-11.138123,184.39767,17.206835,-5.2762957,188.56346,-18.068766,3.5512125,167.15117,32.200596,15.271282,184.3601,-35.137054,5.3163753,143.99725,37.45424,28.016226,164.43912,-33.35237,15.12639,142.14484,13.789507,16.360699,143.42746,-9.205244,27.857557,106.35903,18.495857,2.5523424,109.60058,-19.243769,46.46732,73.69283,22.63241,3.509358,73.96339,-29.877632
-33.012703,191.66328,5.03164,-30.601809,195.97025,6.379448,-34.529186,194.78894,1.1823839,-20.003468,197.90489,7.57911,-27.059263,196.34279,-7.098212,-9.2234955,183.47328,17.661211,-6.9349976,187.20343,-17.863962,6.4620676,165.77118,31.418676,10.89394,182.62697,-37.55405,9.291761,142.82724,37.59448,24.451763,163.44786,-38.338516,16.97746,140.91061,12.652867,15.201227,142.05765,-10.3498745,28.214558,105.2789,18.120022,-0.22197244,109.28263,-19.888174,46.82044,73.18323,23.108067,3.273674,73.673775,-29.63511
-31.774874,191.06818,7.5751863,-29.271242,195.40327,8.638754,-33.619762,194.12871,3.8125355,-18.444096,197.19067,8.161443,-27.627268,195.54338,-5.3297415,-6.956889,183.10945,17.739235,-8.733653,186.2008,-17.771051,9.547163,165.0721,30.248272,6.693634,181.23766,-39.310555,12.417214,142.68188,37.35438,19.408096,161.93466,-42.90977,18.61663,140.54674,11.290922,14.2524,141.32022,-11.609796,27.42288,104.72516,17.861668,-2.0970714,109.018234,-20.10862,46.927635,73.32191,23.51338,3.2392056,73.480446,-29.15624
-30.42109,190.9044,10.009216,-27.869211,195.293,10.68589,-32.66093,193.81584,6.3497896,-16.996359,196.7904,8.759757,-27.841154,194.99844,-3.4429455,-4.8468227,183.22711,17.483706,-10.240828,185.31815,-17.668242,12.3065195,165.11992,28.498972,3.2752728,179.38956,-40.2414,14.883596,142.92938,36.001896,15.511678,160.34622,-45.863533,19.430882,140.36885,10.06861,13.277657,140.87825,-12.716142,25.329432,104.290054,17.644182,-3.0365772,108.62557,-20.345058,46.53777,73.98519,23.524767,3.3601654,73.25652,-28.749464
-28.681435,190.91893,12.243671,-25.949223,195.23251,12.496306,-31.132618,193.7452,8.645353,-15.55475,197.03654,9.549609,-27.540926,194.80641,-1.408159,-2.5786798,183.72565,17.424555,-11.36127,185.09097,-17.465685,15.077034,165.21721,26.480005,-0.70469916,177.92601,-41.173805,16.655804,143.32292,34.663284,9.447871,158.4015,-48.415344,20.505867,140.45712,8.649357,12.934883,140.80832,-13.797792,22.523947,104.43263,17.771433,-3.3862305,108.27696,-20.416983,45.89436,75.56867,22.922802,3.8500683,73.022446,-28.168602
-26.40483,191.27904,14.155303,-23.724503,195.63477,14.153038,-29.16002,194.01443,10.713193,-13.814924,197.69885,10.161823,-26.747404,195.06076,0.38510054,-0.4684767,184.50525,17.150995,-12.469657,185.25299,-17.087431,17.61614,165.76831,24.301676,-4.363073,177.15314,-41.678623,17.780912,144.23459,33.32332,2.836072,156.4481,-49.739582,21.595398,140.83496,7.428529,12.776775,141.0733,-14.847133,19.02862,104.9954,18.152824,-3.3873754,107.98761,-20.681849,44.421417,77.78805,21.441408,4.4849253,72.61204,-27.33259
-23.887154,192.00563,15.727912,-21.149532,196.31902,15.520015,-26.963646,194.88579,12.691731,-11.747491,198.57762,10.711568,-25.348433,195.54062,2.0054846,1.4253219,185.07649,16.753588,-12.971844,185.64632,-16.715923,19.956064,166.35472,22.631832,-8.193761,176.48744,-41.782074,18.383383,145.37907,32.507618,-4.0315967,155.04332,-49.83852,22.147478,141.36722,6.2946734,12.664097,141.57167,-15.789924,15.487735,106.20191,18.555107,-3.1417356,108.03873,-21.159327,42.377472,80.50172,18.91194,4.9936457,72.780106,-27.025702
-21.751461,192.96541,16.838404,-18.870846,197.1505,16.27086,-24.971819,195.90543,14.016976,-9.896174,199.37952,11.009987,-24.019188,196.3545,3.1809058,3.2299438,185.79562,16.164934,-13.326011,186.27855,-16.414326,21.858921,167.02612,21.560827,-11.21618,175.90742,-41.39554,18.308556,146.6887,31.9023,-10.293751,154.09999,-48.96306,22.544317,142.10365,5.575143,12.438213,141.96211,-16.518625,12.815342,107.88183,18.828043,-2.922128,108.23457,-21.679886,40.479553,83.18769,16.300194,5.592714,72.91677,-26.677141
-20.52969,193.42587,17.313755,-17.647432,197.5704,16.493784,-23.879734,196.34381,14.625546,-8.88002,199.74223,10.992091,-23.315603,196.83717,3.7452369,4.078962,186.03607,15.907533,-13.41252,186.56017,-16.11718,22.726604,167.18892,21.152096,-12.81821,175.84674,-40.932903,18.097921,147.10388,31.605783,-13.961873,153.81581,-47.571926,22.72628,142.3296,5.054631,12.217982,142.1464,-17.012049,11.83514,108.46836,18.739836,-2.7734694,108.26922,-21.978777,39.641388,84.19874,14.578624,5.894276,72.94565,-26.596079
-18.258049,194.78894,18.022545,-15.470949,198.88835,16.766697,-21.796206,197.49362,15.35881,-6.9419894,200.94908,11.001595,-21.885624,198.22768,4.6687756,5.908527,186.7811,15.660304,-13.530931,187.34135,-15.469231,24.237644,167.47856,20.749216,-16.112095,175.87292,-39.67949,17.251528,148.03043,31.223087,-20.000296,153.51138,-44.794846,22.985813,142.907,3.9533217,11.763834,142.60786,-17.9243,9.687279,110.24764,18.300001,-2.5329804,108.29498,-22.52835,38.264275,87.76621,11.127656,6.4302187,73.01134,-26.43579
-15.869105,196.13101,18.413929,-13.035462,200.26302,17.370754,-19.328442,198.96442,15.779077,-5.051122,202.52776,10.936523,-20.28948,199.76659,5.3374104,7.646641,187.875,15.255449,-13.422185,188.56886,-15.04745,25.471912,168.0044,20.305946,-19.29512,175.57156,-37.874317,15.7887,149.52977,30.951302,-26.054483,153.32481,-40.690025,22.92111,143.86401,2.8543117,11.2169075,143.66072,-18.90064,7.8489847,112.2243,17.732838,-2.1627793,108.54205,-22.865696,36.747528,91.92066,6.8557963,6.866396,73.0714,-26.415213
-13.596318,197.81711,18.716957,-10.783218,202.02412,17.941975,-17.048273,200.73691,16.170815,-3.0239625,204.00789,10.725267,-18.545708,201.43053,5.8241987,9.502716,188.91866,14.632733,-13.197292,189.88101,-14.623005,26.679369,168.48705,19.60034,-22.395164,175.43332,-35.35749,14.05464,151.76007,30.254679,-31.12937,153.73717,-35.499928,22.664871,144.86363,1.6453261,10.5467,144.53883,-19.798756,6.029464,114.105606,17.032728,-1.7027614,108.9421,-23.282434,34.5463,96.35731,2.4778125,7.3980083,73.25262,-26.461222
-11.613317,199.63477,18.91943,-8.775829,203.77832,17.930141,-15.091362,202.52109,16.37093,-1.0217634,205.47269,10.660204,-16.642426,203.23242,6.0394764,11.263632,190.47337,13.627459,-12.648008,191.4381,-14.103088,27.059397,169.11223,19.063917,-24.720375,175.93784,-32.46226,11.829459,154.40854,29.523369,-35.44782,155.54906,-28.92961,22.290098,146.09946,0.38310924,9.745172,145.47395,-20.381569,4.704899,115.81769,15.880861,-1.0893099,109.15779,-23.572895,32.27296,100.159,-2.2759933,7.884593,73.248604,-26.67348
-9.589657,201.21324,18.703619,-6.8522983,205.48064,17.984772,-13.181263,204.20241,16.452015,0.74208957,207.14766,10.230891,-15.05034,205.02808,6.0630593,12.922293,191.99783,12.496185,-12.180629,193.11832,-13.6544695,26.79718,169.65053,18.89464,-26.634352,176.56662,-29.148653,9.44767,157.39926,29.229868,-38.001717,157.19763,-22.12306,21.845139,147.21666,-1.2904514,8.4545765,146.41234,-21.272633,3.7446606,117.45405,14.743465,-0.4973656,109.365715,-23.515184,29.646795,103.38184,-6.6352286,8.387218,73.37648,-27.158833
-7.807503,202.95697,18.466835,-4.987832,207.14473,17.585222,-11.370639,205.9675,16.197344,2.5079443,208.56375,9.751033,-13.349483,206.68187,5.8255677,14.247931,193.41739,11.242758,-11.766482,194.95981,-13.34422,25.892313,170.37341,19.007023,-27.981607,177.30641,-25.687656,6.6396112,160.92285,29.24105,-38.9361,159.30176,-15.135318,21.475138,148.24344,-2.9058537,7.1750317,147.44112,-21.83009,2.9943006,118.88872,13.34098,-0.097563975,109.879814,-23.48008,26.978191,105.418816,-10.455394,8.386751,73.92143,-27.8192
-6.2527523,204.50317,18.184242,-3.2323747,208.40764,16.846598,-9.726825,207.55061,15.829919,4.102248,209.95659,9.33403,-11.827397,208.37102,5.5997357,15.298229,194.73668,10.189663,-11.487025,196.59775,-12.895811,24.256151,171.00745,19.287275,-28.829617,178.32745,-22.13395,3.6029027,164.93596,29.588018,-38.587593,161.66681,-8.687437,21.210165,149.25966,-4.6910496,6.0053368,148.32236,-22.304903,2.5939946,120.392975,11.733865,0.14703271,110.523476,-23.589828,24.372389,106.248215,-13.674648,8.355136,74.63055,-28.615719
-4.5783944,205.94025,17.716646,-1.5455284,209.96922,16.83116,-7.9190526,209.04956,15.255357,5.5622983,211.1355,8.56873,-10.520287,209.88808,5.3260813,16.236126,195.92255,8.947785,-11.146397,198.16325,-12.592009,21.99133,171.78076,19.888063,-29.588625,179.67609,-18.2241,0.6990933,168.76,30.335958,-37.726887,164.56815,-2.2255545,20.991383,150.19623,-6.566176,5.083786,149.23799,-23.131079,2.564732,121.66013,10.197269,0.07854332,111.23519,-24.111853,21.965092,105.91436,-16.289833,7.852788,75.2142,-29.926445
-3.2374215,207.05594,17.42126,-0.16307454,211.06186,16.579592,-6.540673,210.20244,14.956426,6.813238,212.15085,8.058228,-9.365473,211.07274,5.1444144,16.871742,196.83391,7.7893934,-10.85598,199.46333,-12.522381,20.21923,172.81348,19.86278,-29.954384,180.79152,-14.026495,-1.4178503,172.99971,30.033642,-36.36031,166.90254,3.7939904,20.699932,151.06178,-8.086674,4.3935256,150.32845,-24.007748,2.5389044,122.27439,8.651212,-0.14853011,112.15792,-24.474646,19.485537,104.330475,-18.03034,7.021586,76.10862,-31.142654
-1.8700052,208.26183,17.242426,1.2008048,212.2343,16.260538,-5.202829,211.34981,14.749464,8.015485,213.00627,7.536272,-8.214973,212.12888,4.9892135,17.775024,197.67584,6.6593056,-10.554997,200.41617,-12.128861,18.17029,173.88147,19.874975,-29.927843,181.94327,-10.274847,-3.4730337,177.03651,29.4277,-34.285053,169.6014,9.09386,20.174326,151.7081,-9.520055,3.8020315,151.18427,-24.775639,2.6620607,122.460014,7.2152243,-0.31503272,113.09574,-25.130087,16.223333,101.17782,-18.601442,5.820414,77.1019,-32.618046
-0.5205449,209.25,17.173498,2.4834096,213.1898,15.927294,-3.9700198,212.22758,14.688554,9.186906,213.53111,7.120849,-7.164474,212.89082,5.006281,18.457653,198.34767,5.732135,-10.296098,201.12648,-11.885985,15.90059,175.34059,19.879854,-29.289503,182.88365,-6.9231296,-5.6361675,180.34492,28.959473,-31.27249,172.68129,14.037511,19.577532,152.01831,-10.744603,2.992338,151.84366,-25.527586,3.0609047,122.00947,5.482956,-1.3105792,114.15295,-25.93052,13.50184,97.242485,-18.700586,4.298704,78.18161,-34.295994
0.19834258,209.9441,16.927711,3.4939764,213.6485,15.682195,-3.0073798,213.15471,14.423665,10.013196,214.06592,6.8743997,-6.2952223,213.39491,4.6720643,19.232285,198.7938,4.8738422,-10.064416,201.65599,-11.534166,13.699876,176.88857,20.302628,-28.439478,184.0283,-3.4157522,-8.003946,182.79463,28.724207,-27.617876,175.89073,18.747164,18.97867,152.23572,-11.930742,1.9502248,152.15343,-26.217821,3.8224716,121.07587,3.4633389,-1.922102,114.55895,-26.749762,10.962231,92.75469,-18.524477,2.999147,78.89168,-36.318493
1.0058508,210.2041,16.828732,4.2807765,213.91507,15.524014,-2.2063286,213.35167,14.256987,10.921355,214.26482,6.8651667,-5.37547,213.7106,4.5205536,19.835367,199.09875,4.013825,-9.744042,202.12645,-10.981727,11.608038,178.96503,20.573809,-27.21834,184.82445,-0.16229248,-10.06107,184.94255,28.807474,-24.15499,179.10655,22.695019,18.3418,152.15045,-13.296773,0.90850544,152.29666,-26.92937,4.42286,119.67179,1.1153705,-2.6965935,114.79775,-27.73602,8.737766,88.3229,-17.89393,1.3945154,79.15662,-38.200836
1.9412615,210.24828,16.719742,5.225574,213.84096,15.163672,-1.3347415,213.42058,14.243266,11.755052,214.00967,6.5099683,-4.5527964,213.54265,4.3580256,20.129652,199.27193,3.1247125,-9.6651535,202.1748,-10.233852,10.322433,181.19542,20.999529,-25.694593,185.20665,3.0427601,-10.952098,186.25731,30.158663,-21.86177,182.57347,26.116753,17.526148,151.67357,-14.666852,-0.4376779,152.16298,-27.919044,4.9255037,117.93489,-1.3413591,-3.5493927,114.6564,-29.266212,6.796263,84.195145,-16.86334,-0.57366246,79.061264,-40.14643
2.4355779,209.7583,16.447422,5.8264556,213.26418,14.918365,-0.7365988,213.03549,13.973775,12.13152,213.64026,6.14481,-4.183713,213.29544,4.251595,20.471903,199.21121,1.9960129,-9.536515,201.99509,-9.567308,10.407528,182.72543,20.876974,-24.012127,185.86894,6.176721,-9.307507,187.28603,32.64303,-20.837421,185.71538,29.265589,16.736677,150.74028,-16.444674,-1.960173,151.57117,-28.856129,5.0246434,116.0977,-3.373275,-4.612531,114.0751,-30.945097,5.1719537,80.875885,-15.610569,-3.0196736,78.31834,-41.89724
2.9994857,208.97404,16.139679,6.3901944,212.41986,14.474902,-0.19968086,212.23114,13.67206,12.585128,212.7159,5.6875987,-3.7771528,212.71523,4.081613,20.37549,198.80399,0.77161485,-9.171815,201.49117,-9.469473,10.63872,184.72629,20.95645,-22.206974,186.8947,8.888479,-6.0581737,187.79468,36.456745,-20.47714,188.34906,32.176147,15.339717,149.75885,-17.6772,-3.3892293,150.7952,-29.70981,4.8363996,114.30776,-5.1065,-5.9345727,113.027336,-32.490192,3.7951577,78.32398,-15.088927,-5.745551,77.308556,-43.763187
3.2851105,207.91695,15.682152,6.7042565,211.24565,13.851463,0.1022867,211.15417,13.174932,12.7895,211.3404,5.055426,-3.573247,211.64082,3.6442244,19.88289,197.75052,-0.24648744,-9.117231,200.32977,-9.215564,10.807632,186.87863,21.988432,-20.554983,188.08104,11.92297,-3.2507632,188.7802,40.171093,-18.653881,189.83044,35.14858,13.884313,148.44086,-18.647568,-4.625307,149.73221,-30.667675,4.6276183,112.48127,-6.542265,-7.504177,111.93,-34.047848,3.2821236,76.332855,-15.484937,-8.086143,76.152374,-45.786926
3.8065758,206.72644,15.384581,7.1684365,210.01971,13.378057,0.54742604,209.96439,12.9774475,13.174436,209.74034,4.462126,-3.1218958,210.24368,3.2890472,19.365248,196.36206,-0.6331427,-8.844125,198.74252,-8.740493,9.765035,188.97325,23.212381,-19.091417,188.5172,14.324643,-1.9467505,191.00497,43.20958,-16.53272,190.8805,37.554523,12.805123,147.14241,-19.607058,-5.752519,148.72769,-31.443686,4.3769784,110.871735,-7.502791,-8.972627,110.81884,-35.485554,3.156846,74.90871,-16.661007,-9.904049,75.20963,-47.718655
4.345177,205.60844,15.269003,7.714482,208.85709,13.200307,1.091396,208.78711,12.774287,13.734764,208.14435,4.325334,-2.6251488,208.61908,3.039082,19.411543,195.0653,-0.33692873,-8.503021,197.14574,-8.103625,7.5600266,190.47824,23.485401,-17.5515,188.58669,16.244406,-3.1781285,192.45668,44.226677,-13.640475,191.74939,39.378693,12.160957,145.91615,-20.522152,-6.5822806,147.45705,-31.811077,4.2991714,109.58814,-8.070431,-10.302494,109.7959,-36.414864,2.9491477,73.83644,-17.655983,-10.883615,74.63095,-49.028126
4.7132263,204.6385,15.334776,8.136567,207.80386,13.219823,1.5181404,207.79683,12.738003,13.97091,206.80779,4.243781,-2.4026062,207.25284,3.150776,19.712772,193.98697,-0.19279188,-8.60901,195.70882,-7.452352,6.3583655,190.21352,22.926119,-16.909834,187.8912,17.609514,-3.7538111,193.05112,43.877117,-10.506195,192.42172,40.35378,11.694819,144.774,-21.382172,-7.5716767,146.29219,-31.934347,3.8785396,108.68807,-8.3404875,-11.40375,108.81705,-36.539696,2.4449615,73.19652,-18.07165,-11.271419,74.0996,-49.54019
5.1513047,203.92477,15.619003,8.525954,207.05153,13.367378,1.9040104,207.03822,13.031551,14.1507635,205.90399,4.306523,-2.2695408,206.29419,3.56112,20.030434,193.06606,-0.59936315,-8.968181,194.62201,-6.8583274,7.186722,189.42839,22.62189,-16.62258,186.19417,18.068247,-3.537666,192.63562,42.992714,-9.673572,192.53844,40.067574,11.097319,143.93074,-22.314451,-8.380571,145.70915,-31.83825,3.4826431,108.37904,-8.734359,-12.552665,108.40794,-35.703964,2.0723243,72.89098,-18.145489,-11.596698,74.16586,-49.441795
5.2529016,203.48592,15.827948,8.580544,206.60536,13.5108385,1.9473019,206.52441,13.227257,14.074061,205.53644,4.353274,-2.337122,205.66193,3.8348746,20.181837,192.43076,-1.116463,-9.237216,193.77934,-6.061577,7.9361753,187.17485,21.99365,-16.009247,183.39508,18.385824,-4.0379643,191.55075,41.579617,-7.71474,191.45135,39.41701,10.8729925,143.70393,-23.240082,-8.97647,145.5404,-31.611982,3.531704,108.412445,-9.197613,-13.54907,108.37282,-33.76996,1.5564091,72.994934,-18.407055,-12.072096,74.834625,-48.725563
4.9876223,202.96954,15.999085,8.3444605,206.03859,13.655411,1.7132053,206.07307,13.433949,13.816596,205.1064,4.5159483,-2.631035,205.27403,4.062888,20.264818,192.05551,-1.8141896,-9.901121,193.35144,-5.5394506,9.733405,184.56848,21.431494,-15.919725,180.58067,18.021185,-3.2689338,189.09837,40.172874,-5.9464445,188.67715,38.345673,10.924161,143.78914,-23.963356,-9.441328,145.59952,-31.340044,3.9185104,108.490845,-9.733474,-14.57023,108.6146,-30.623407,1.157015,73.24727,-18.772966,-13.180977,76.28956,-47.851624
4.7171974,202.57277,16.178001,7.9927006,205.69366,13.790542,1.353264,205.6562,13.715588,13.399105,204.91931,4.6372676,-3.050316,205.02548,4.394042,20.627247,192.01868,-2.3211517,-10.683841,193.01941,-5.215866,12.170003,181.0083,20.251148,-16.07192,177.46727,16.596655,-1.1115354,185.17744,38.660244,-4.7033787,184.90205,36.36009,11.119525,143.95044,-24.435978,-9.720875,145.5868,-30.862597,4.344924,108.71125,-10.244373,-16.276741,109.34046,-26.18388,0.86028373,73.38248,-19.183332,-14.965642,78.49378,-46.1364
4.505447,202.1322,16.131485,7.847447,205.33511,13.949976,1.2047992,205.41225,13.854956,13.328725,204.73338,4.73502,-3.1290734,204.81938,4.3502593,21.041937,191.62437,-2.1506932,-10.995535,192.98732,-5.330378,12.9887495,177.711,18.810263,-15.87766,175.08615,14.524539,-0.85669893,181.38191,37.09484,-3.4106421,180.61925,34.025414,11.615102,143.97174,-24.709845,-9.914858,145.42955,-30.407099,5.35062,108.75819,-10.431852,-17.684643,110.29174,-21.08356,0.84491765,73.469055,-19.507652,-16.858635,81.42746,-43.85567
4.4953213,201.80602,16.046564,7.812506,205.10626,13.987611,1.1787431,205.10898,13.804885,13.219934,204.45857,4.566579,-3.2353745,204.36737,4.2520022,21.679855,191.33528,-1.7933623,-10.882007,192.59343,-5.354338,13.371463,174.65546,16.970558,-15.564309,172.69089,12.27876,-1.4712856,176.1888,34.966717,-2.4534929,175.29474,32.089497,12.102709,143.8639,-24.876366,-10.07114,145.40932,-29.197762,6.3905115,108.500984,-10.2599745,-18.47707,111.45776,-16.311594,0.7928554,73.29298,-19.672749,-18.88922,84.94741,-41.497025
4.765764,201.36198,15.833563,8.043138,204.73761,13.83283,1.4087176,204.66862,13.670683,13.385888,204.1575,4.318711,-3.0615287,203.83577,4.0490074,22.028006,190.7513,-1.4765517,-10.681763,191.78174,-5.603588,13.704916,172.10797,15.833554,-15.622326,169.85196,9.590091,-2.1742005,170.27681,33.22737,-3.5461967,168.55391,30.200733,12.578424,143.38318,-24.706585,-9.907394,145.13618,-28.016993,7.5550942,107.877396,-10.004741,-18.562807,112.519066,-11.850597,0.82799387,73.01372,-19.865929,-20.741728,88.57434,-39.03156
4.9392915,200.83882,15.599832,8.077639,204.33974,13.582612,1.4549181,204.00262,13.416802,13.587963,203.69717,4.137223,-2.905906,203.33296,3.8710067,22.177217,190.02933,-1.4453092,-10.355578,190.70956,-5.6624303,15.1749525,169.84557,15.29139,-16.169024,167.12775,6.531584,-1.8833876,164.05298,31.021168,-7.1050177,159.38127,27.103918,13.155224,143.16852,-24.282091,-9.406685,144.854,-25.953882,8.736914,107.48414,-9.839822,-17.959381,113.93,-7.1399546,0.7028212,72.8003,-19.739857,-22.22196,93.00237,-36.49219
4.857982,200.54651,15.332054,7.9696326,204.00056,13.194851,1.3463563,203.65242,13.104991,13.522167,203.2054,3.7992043,-2.972402,202.8199,3.563411,22.139692,189.40292,-1.475499,-10.164232,189.7997,-5.452701,16.491518,167.99287,14.597313,-17.313509,165.34666,4.3070726,0.36874852,157.65627,29.292107,-11.076895,151.68787,22.94396,13.622173,142.62967,-23.61881,-8.679418,144.49094,-24.311192,9.133033,106.96416,-9.038204,-16.721094,115.42859,-2.911312,0.66986144,72.680275,-19.55898,-23.193617,97.51405,-33.76826
4.5517125,200.37717,15.376526,7.5715504,203.90211,13.223228,0.9572444,203.33585,13.096965,13.124359,203.3031,3.8697865,-3.3274114,202.72014,3.6036782,22.298098,188.96875,-1.375793,-10.162286,188.78374,-5.2935266,18.469858,166.42986,13.028234,-19.12454,163.64293,1.2312827,5.434214,153.18692,27.959452,-16.104336,145.40663,16.755568,13.89709,142.02856,-22.390158,-8.001697,144.21552,-22.759659,9.2384815,106.41249,-7.503031,-15.20518,116.96459,1.0248362,0.4822772,72.47875,-19.140673,-24.099434,102.11938,-30.706717
4.1102915,200.45427,15.6020155,7.137449,203.96101,13.423408,0.5355733,203.35806,13.217763,12.500206,203.3287,3.9625063,-3.9414144,202.51059,3.9320793,22.135044,188.92386,-1.1982583,-10.413945,188.23357,-4.9048047,20.577972,165.20332,11.564367,-20.364693,162.85599,-1.5321233,11.436385,148.89685,26.269268,-21.507315,141.54065,9.693918,14.123343,141.85266,-21.32696,-7.4503183,144.25586,-21.051708,9.0666,106.167274,-6.510926,-13.188742,118.47555,4.567419,0.12928654,72.40411,-18.821487,-24.885725,105.75287,-26.886478
3.3840504,200.92924,16.032145,6.386347,204.39507,13.759212,-0.21468653,203.76361,13.599783,11.721291,203.6083,4.3336143,-4.7456684,202.86229,4.3751035,21.817823,188.83603,-0.5885322,-11.169663,188.01613,-4.568963,22.985703,163.8319,10.105483,-21.825638,162.56264,-4.004275,17.884762,145.31892,24.048035,-27.248856,139.74278,2.0727797,14.20534,141.46841,-20.086973,-7.2308917,144.19525,-19.463547,9.2197895,105.56248,-5.937827,-10.17947,120.46437,8.0006485,-0.24750578,72.35817,-18.73118,-24.742727,108.59619,-22.945507
2.1981835,201.62785,16.558697,5.2976847,205.02147,14.308036,-1.30924,204.50673,14.040155,10.735764,204.32625,4.997392,-5.694483,203.2777,4.752436,21.390993,189.24661,-0.11757966,-12.182558,188.27405,-4.3460126,25.718603,163.81425,8.447176,-23.356762,163.1583,-6.1188664,25.398123,143.37286,20.818079,-32.1726,140.71062,-4.7422385,14.356646,141.68591,-18.385477,-7.022021,144.26091,-17.830114,9.24313,105.15789,-6.018245,-7.8727636,122.15353,11.365169,-0.8415899,72.32426,-18.561651,-23.887108,109.76996,-19.166956
0.9917667,202.52214,17.26055,4.12555,205.88963,15.014898,-2.4893754,205.44666,14.7712,9.6007805,205.29501,5.7959523,-6.8378367,204.10176,5.39975,20.745302,190.28094,0.735421,-12.927398,188.70122,-4.0251446,28.469326,165.08968,6.32238,-25.227224,164.36044,-8.016828,32.786083,144.26091,16.91348,-36.584644,143.48462,-11.453884,14.664152,142.42941,-17.287125,-6.866823,145.12047,-16.251284,9.384689,105.130066,-6.042248,-6.306853,124.668495,14.469805,-1.5740792,72.31844,-18.227068,-21.953415,109.484,-15.379857
-0.05761542,203.70801,18.29531,3.005,207.08603,15.974702,-3.5966346,206.47032,15.699323,8.386534,206.42548,6.6797905,-8.020358,205.1528,6.4806285,20.037327,191.63501,1.5385648,-13.780652,189.59824,-3.4797626,31.034056,167.34924,4.2027063,-27.203108,166.81087,-10.354224,39.322556,146.56924,12.454574,-40.504562,148.28275,-17.659803,14.700626,143.24727,-16.39923,-6.3931108,146.0445,-14.169425,9.383604,105.52087,-6.5290365,-4.961034,125.79902,16.862078,-2.3358498,72.4348,-17.893896,-19.016779,106.940315,-11.7023
-1.3287855,204.67839,19.274632,1.7719849,208.07597,17.041246,-4.8474207,207.56284,16.777908,7.161663,207.78958,7.7567,-9.271224,206.57559,7.495372,19.371674,193.04552,2.2159512,-14.748455,190.69362,-3.169107,33.119427,169.97636,2.1386993,-29.42582,169.9984,-13.090829,45.147396,150.13428,7.497098,-43.466362,152.99731,-22.705164,15.068436,144.41887,-15.682676,-5.693844,147.04851,-12.554572,9.28521,106.608986,-6.689594,-3.578364,126.71413,18.852312,-2.9210534,72.8991,-17.467407,-15.644465,104.45041,-7.690572
-2.577869,205.74391,20.070547,0.4859044,209.24034,17.928267,-6.117036,208.64967,17.633888,6.0136747,208.88235,8.643451,-10.438367,207.7363,8.254629,18.78461,194.52599,2.857532,-15.853219,191.77794,-3.391607,35.0034,173.29886,-0.13223968,-31.297176,172.61006,-14.996972,50.334644,155.34682,2.3537974,-45.98637,158.37978,-27.461645,15.457323,145.57191,-14.352527,-4.6666384,147.80779,-10.86079,8.605563,107.34132,-6.754681,-2.4247386,127.11341,20.473383,-3.7941065,73.31502,-17.034061,-11.529604,100.92527,-3.2309713
-3.7038367,206.74043,20.657776,-0.6838206,210.31636,18.592882,-7.278953,209.63245,18.259207,4.8630977,209.8946,9.222965,-11.509902,208.47565,8.760982,18.048136,195.95045,2.9985316,-16.753927,192.577,-3.6720014,36.520195,177.24043,-2.4353688,-32.830734,174.8222,-16.833591,53.928337,161.04498,-2.0570061,-48.47285,164.1097,-31.101402,15.888596,146.70888,-12.825588,-4.039833,148.28416,-9.170732,8.422077,108.82163,-6.5106034,-1.0416926,126.66814,21.717157,-4.347342,74.54292,-16.905933,-7.0075445,96.82491,1.3027259
-4.775591,207.42122,20.95666,-1.6906282,210.94025,18.893236,-8.286451,210.34082,18.502562,3.8347118,210.85486,9.662699,-12.504439,209.17686,8.955312,17.386658,197.40166,2.7151651,-17.547358,193.46715,-3.990898,37.509026,181.15506,-4.5907655,-34.218266,178.04181,-18.993898,56.64835,167.35677,-6.154701,-50.423313,169.45734,-33.958252,16.15824,147.39557,-11.51613,-3.7332418,148.59383,-6.7380595,8.377206,109.91485,-5.3577194,0.61459935,125.26325,22.538116,-4.938318,76.028145,-16.827183,-2.4111793,92.458954,5.903861
-5.3744836,207.9947,20.919716,-2.4917004,211.6206,18.739307,-9.07145,210.77525,18.574106,2.98933,211.50955,9.413864,-13.336985,209.73473,9.103051,16.730064,198.53001,2.1294713,-18.120663,194.1982,-4.0971017,38.062717,184.79607,-6.68465,-35.53823,181.74237,-20.69565,58.633297,173.52367,-9.953639,-52.67619,174.91942,-35.45246,16.402117,147.51564,-10.188743,-3.7485154,148.09373,-4.8606877,8.675804,110.55605,-3.533426,2.0364528,123.25297,22.944738,-5.7268615,77.61778,-16.552177,2.555298,88.37876,10.194283
-5.8439,208.23288,20.700739,-3.0293982,211.92833,18.558558,-9.586137,210.93677,18.339067,2.3219554,211.83614,9.118854,-13.970194,209.8216,8.921985,15.997177,199.48337,0.9461057,-18.67383,194.79863,-3.6625578,38.442833,188.09119,-8.691995,-36.78479,185.47731,-21.534174,60.02215,179.49051,-13.508427,-54.72473,180.51646,-35.976032,16.374895,147.40971,-9.226764,-3.7818835,147.56194,-3.1157334,9.197127,110.66214,-1.3304691,3.18963,120.707184,22.728733,-6.482465,79.15924,-16.58506,7.3315644,84.9652,14.317171
-6.3897624,208.09059,20.044565,-3.5511158,211.8506,18.049246,-10.102571,210.84941,17.702238,1.8386708,211.82155,8.535312,-14.439535,209.74185,8.2330885,15.486264,200.06065,-0.19770451,-19.277456,195.25446,-3.5768342,39.055824,190.63664,-9.047489,-37.968243,188.6966,-22.29733,60.90188,184.44205,-15.736783,-56.594017,185.38278,-36.37278,16.123602,146.7914,-7.923848,-4.2563276,146.53531,-1.6921612,9.8770485,110.034584,1.0229176,4.3976946,117.99259,22.114979,-6.7613683,81.34179,-17.047352,11.659415,82.02522,18.189934
-6.588182,207.93665,19.379993,-3.7821949,211.58179,17.165525,-10.359872,210.67114,17.101227,1.4365839,211.40927,7.666369,-14.850107,209.5258,7.7460217,14.543124,200.0749,-0.68494296,-19.970852,195.3718,-3.6617937,38.741512,193.93965,-10.13025,-38.850105,191.3033,-22.754236,60.67638,189.65475,-17.753115,-58.002773,189.4123,-36.46442,16.154442,146.28813,-6.4609895,-4.6402264,145.76367,-0.20901819,11.040973,109.38305,3.17584,5.648456,115.419174,21.3052,-6.549234,83.428925,-17.372036,15.352076,79.74634,21.950626
-7.1758113,207.12556,18.654486,-4.205441,210.70988,16.565002,-10.818247,210.06346,16.424255,0.98010933,210.77254,7.0914063,-15.338844,208.88701,7.0482564,13.773976,199.62004,-1.4710671,-20.503786,195.20045,-3.8977757,38.504967,195.99141,-11.038158,-39.61271,193.62195,-22.883917,60.55199,193.83446,-19.14234,-59.194057,193.148,-36.22884,15.920316,145.53589,-4.9978886,-4.984352,144.75786,0.95009327,12.290243,108.490295,5.265917,6.7941694,112.85515,20.656507,-5.582509,85.078125,-17.853262,18.599989,77.72507,24.857325
-7.540741,206.21019,18.23361,-4.527905,209.77303,16.133268,-11.121936,209.1291,15.87026,0.5923581,209.78743,6.6275587,-15.656983,208.04169,6.557003,12.794578,198.8596,-2.2652597,-20.213432,194.59274,-4.837096,37.213127,198.10966,-12.593838,-40.195522,194.9644,-22.887964,59.27205,197.89362,-20.923426,-60.011547,196.8413,-35.804794,16.031517,144.59921,-3.1148162,-4.8568854,143.47418,2.0563054,13.576614,107.36157,7.1880817,7.7611914,110.67067,20.706371,-4.094759,85.47201,-17.82519,20.978277,76.025246,26.879925
-7.7665386,205.29562,17.557938,-4.705201,208.77565,15.397063,-11.317437,208.27419,15.22589,0.3823346,208.63269,5.830311,-15.870899,206.9531,5.850461,11.936101,197.67726,-3.1747408,-20.28796,193.66309,-5.4375596,36.506733,199.55849,-12.990143,-40.61053,195.6377,-22.904213,58.434856,200.28973,-21.401176,-60.79217,199.63222,-34.614784,15.795176,143.14244,-2.0908108,-4.6797395,141.90034,2.8031855,14.701809,105.92621,8.346226,8.400809,109.03174,21.361639,-2.3524137,84.51199,-17.521965,22.22507,74.69639,27.762678
-7.561299,204.01047,16.931757,-4.459392,207.47481,14.822224,-11.05628,206.90973,14.415897,0.3820228,207.17409,5.0680375,-15.882787,205.60774,5.3787446,11.178122,196.12514,-4.049226,-20.750053,192.04332,-5.465732,35.634853,199.73058,-13.732771,-40.83633,195.77496,-22.84947,57.215206,202.33183,-22.80091,-61.5317,201.08698,-33.259758,15.541227,141.65172,-1.3052418,-4.8919053,140.60603,3.8958821,15.838831,104.581215,9.401331,8.611248,107.917145,22.63144,-0.3538188,82.29412,-16.704979,22.922054,73.74937,27.622776
-7.4107275,202.73705,16.27581,-4.3815384,206.27222,14.178558,-10.987154,205.69673,13.949904,0.22497879,205.48335,4.038732,-16.13107,204.09476,5.0155773,10.518822,194.42047,-4.540126,-21.217579,190.4753,-5.4323583,34.767982,198.8387,-14.643011,-41.654964,195.07816,-22.286514,56.378483,202.69139,-23.235147,-62.366455,201.5817,-31.732067,15.649388,140.4743,-0.7357865,-4.9436426,139.1881,4.638993,17.33123,103.67821,9.932608,8.72922,107.01893,23.75888,2.133695,80.32005,-16.137558,23.359331,72.665115,26.953503
-7.542378,201.63776,15.758747,-4.4873214,205.13242,13.622909,-11.107006,204.7131,13.562044,0.10074117,204.31505,3.5397172,-16.278742,203.16212,4.5260286,10.192972,193.16512,-4.7121005,-21.612568,189.1249,-5.685652,34.416454,196.95,-15.062297,-42.662865,193.57463,-21.574423,56.1405,200.98367,-23.424196,-63.50327,201.15518,-29.845438,15.718318,139.41074,-0.07177457,-4.7014623,137.9513,4.9354234,18.521675,102.597145,10.263831,8.91438,106.137505,24.266436,4.3411646,79.71462,-16.640621,23.549408,72.28311,26.541365
-7.564369,200.83847,15.340295,-4.6814446,204.36531,13.031119,-11.28585,203.77989,13.23803,-0.1034406,203.45337,2.9855313,-16.41901,202.42937,4.2019835,10.279158,192.29672,-4.5048704,-21.97183,188.14082,-6.023811,34.761414,194.65472,-14.833934,-43.614124,191.43799,-21.146566,56.60238,197.26004,-23.247322,-65.03661,199.13367,-27.895191,15.864285,138.68556,0.5197603,-4.7467575,137.1573,4.8477287,19.562105,101.94971,10.191453,8.827573,105.76718,24.341358,6.0853996,79.74951,-17.500235,23.441122,72.273186,26.454672
-7.3887124,200.52724,15.363599,-4.4001884,203.87154,12.896139,-11.016851,203.50926,13.150936,0.18877792,203.49721,3.2071996,-16.151669,202.46068,4.154273,10.802855,192.23944,-4.3221703,-22.480343,187.95924,-6.01486,35.27274,191.86482,-14.898482,-44.701656,188.68327,-20.762608,57.036114,192.88547,-23.676361,-67.173706,194.84305,-25.992579,15.656667,138.5744,0.27362293,-4.838613,136.8853,4.5964046,19.943403,101.88263,9.915171,8.756096,105.56113,24.13522,7.3626494,79.73102,-18.214388,23.13244,72.14177,26.188883
-6.955058,200.98363,15.640667,-3.9629736,204.21626,13.040362,-10.584971,203.93315,13.394317,0.6407164,203.95935,3.5019119,-15.718413,203.09515,4.4830413,11.028859,192.17085,-4.265603,-22.472692,187.88417,-5.726215,34.487206,188.97552,-16.453135,-44.941345,185.78448,-19.968212,56.7213,186.75761,-24.143148,-68.24577,188.7412,-23.741947,15.4164715,138.64656,-0.16125827,-5.080208,136.83078,4.018142,20.047243,102.01065,9.35789,8.560699,105.4985,23.702753,8.326719,79.20061,-18.780682,22.732224,72.17895,26.101114
-6.3551245,201.90189,15.895966,-3.4781203,205.22182,13.273324,-10.084608,204.79904,13.757441,1.1489509,205.05005,3.730085,-15.20479,203.90785,4.7544603,11.466483,192.40887,-4.6600604,-22.22191,188.19485,-5.5611444,33.68012,185.23056,-17.805195,-45.406315,182.39108,-17.532429,55.934223,179.79451,-23.843054,-68.54961,181.57298,-21.339903,15.142445,139.41307,-1.0484176,-5.36608,137.22049,3.1291082,19.788607,102.80284,8.495549,8.28493,105.502625,21.946585,8.589261,79.097305,-19.098684,22.631533,72.23307,25.906368
-5.7366285,202.72868,15.969061,-2.842973,206.23328,13.6221695,-9.446053,205.84407,14.107757,1.6902544,206.291,3.837831,-14.608563,204.80872,4.8934417,11.963378,192.971,-5.1865,-22.135536,188.93564,-5.108289,32.634212,181.81232,-18.330986,-44.60481,178.85007,-16.01586,54.03346,172.82127,-23.088207,-67.50026,172.86478,-17.641321,14.690918,140.32935,-2.316695,-5.968256,138.06073,2.014699,19.096518,103.86034,7.256591,7.9504046,106.12622,19.900042,8.508994,78.937645,-19.643202,22.274942,72.73621,25.729471
-5.1607933,203.60405,15.98187,-2.2573435,207.19684,13.8005495,-8.876343,206.7249,14.145713,2.385097,207.29733,4.025534,-13.991113,206.12056,4.968857,12.679706,193.2046,-5.376325,-22.4241,189.50871,-4.9190917,31.17595,178.34296,-18.230438,-43.598083,174.76712,-13.605709,51.185955,166.0876,-21.716274,-65.01033,165.06839,-15.323333,14.313035,141.08443,-3.7611563,-6.238567,138.84299,1.0068353,18.08487,104.61817,5.6991825,7.8672194,106.61699,18.008621,8.38249,78.56605,-20.330425,21.482355,73.17691,25.62559
-4.7288504,204.43294,16.131649,-1.7854532,208.12263,14.17103,-8.393225,207.56113,14.210107,3.0379784,207.91861,4.1939335,-13.352481,207.26823,5.0079117,13.33498,192.7333,-5.849667,-22.522259,190.47952,-4.5401816,29.98604,174.9322,-17.601759,-41.847893,172.57524,-12.421579,47.70048,159.32631,-19.420732,-61.14697,158.47543,-13.644604,13.517242,141.60243,-5.1678495,-7.01812,139.57704,0.14412637,17.222628,105.37284,3.9779036,7.4548173,107.30553,16.81946,8.198686,77.836395,-20.9375,20.342396,73.60244,24.927753
-4.194277,204.98476,16.037546,-1.2514589,208.5688,13.895403,-7.872965,208.10126,14.12677,3.581392,208.49649,4.159103,-12.859286,207.84462,4.9903584,13.783966,192.2231,-6.818259,-22.383919,190.634,-3.956547,28.650522,171.85371,-16.767088,-39.592445,170.18787,-10.618449,43.632763,153.41347,-16.188692,-55.98469,152.47217,-10.928474,12.651451,141.80113,-6.8938165,-7.8370986,139.90588,-0.6545576,16.415295,105.828255,1.7396688,6.6072044,108.067314,16.431887,7.9617915,77.19774,-22.055979,18.691755,74.20688,23.501125
-3.5822573,205.15205,15.678389,-0.5398466,208.74127,13.663323,-7.1597853,208.42892,13.834507,4.234205,208.62827,3.810039,-12.151724,208.15828,4.5684385,13.947871,191.47406,-7.83033,-22.141644,190.57094,-3.703507,27.016197,168.99551,-15.777618,-37.059048,167.89873,-8.417947,39.326683,149.14053,-12.111991,-50.47409,147.84076,-7.578203,11.78911,141.6605,-8.168226,-8.909159,139.97578,-1.6054338,15.731542,105.807144,-1.0041305,5.5686193,109.31469,16.948864,7.8899546,76.28079,-23.259031,16.513369,74.73265,20.95286
-2.941357,205.05148,15.29974,0.0560946,208.63493,13.230086,-6.5683155,208.30951,13.54034,4.9762416,208.30974,3.4348989,-11.45311,208.21329,4.17013,13.802378,190.73549,-9.059024,-21.893375,190.11678,-3.18995,25.411306,166.71974,-14.573151,-34.463436,165.7211,-6.3334136,34.857235,146.31303,-7.333651,-44.74621,143.91815,-3.7316391,10.82354,141.53003,-9.988974,-9.6366205,140.33075,-2.7494998,15.361598,105.520805,-3.3403797,4.2867665,111.12707,18.12033,8.051783,75.1747,-24.555187,14.075481,76.013725,17.059343
-2.3144743,204.9284,14.873683,0.74414957,208.41951,12.737263,-5.8865523,208.14941,12.93748,5.572608,207.99791,2.9322352,-10.834344,207.91483,3.764134,13.438125,190.22763,-9.900173,-21.379515,189.68533,-2.5218587,23.734375,165.14651,-13.30677,-31.852087,164.10321,-4.378828,30.324556,145.45581,-2.1564972,-38.71895,141.25801,0.07962215,9.642089,141.5044,-12.280941,-10.312586,140.81114,-3.8941574,15.13177,105.279854,-5.4727287,2.9689665,113.42922,19.478767,8.268801,74.332306,-25.47116,11.473065,78.63175,12.579933
-1.7693304,204.81354,14.459925,1.3656169,208.1923,12.26227,-5.274652,208.12328,12.540149,5.9764233,207.73694,2.4134262,-10.417348,207.68813,3.423681,12.9314785,190.09601,-10.734565,-20.814487,189.63763,-1.8872482,22.104666,164.3654,-12.05944,-29.286182,163.19424,-2.3016593,26.274466,145.73108,2.0716214,-31.997082,140.14644,4.308289,8.440438,141.73479,-14.268016,-10.86574,141.29948,-4.6949143,14.698925,105.39344,-7.490558,1.7352848,115.7779,20.405195,8.445904,73.99108,-26.312206,8.451621,82.27066,7.86405
-1.1590368,204.70961,14.139781,1.9286575,208.0366,11.786127,-4.6895375,207.98523,12.217092,6.4561067,207.51266,2.0260944,-9.962441,207.60286,3.189577,12.565634,190.11887,-11.5096655,-20.316463,189.56596,-1.4143143,20.730536,164.08302,-10.890237,-27.253187,162.70248,-0.48874176,22.193146,147.65788,6.358436,-25.10525,140.8023,8.753931,7.5901155,142.26852,-16.120771,-11.217256,142.1102,-5.5141993,14.060233,105.488556,-9.387164,0.74819505,117.728195,20.557423,8.180415,73.68617,-26.857155,5.250132,86.2222,3.1537857
-0.68950874,205.07022,13.80623,2.500947,208.32162,11.489392,-4.1254387,208.41367,11.818397,6.937163,207.58398,1.6173371,-9.484237,207.88936,2.8795106,12.523107,190.30595,-11.994234,-19.876266,190.06842,-0.876585,19.54123,163.93546,-9.408306,-25.519463,163.23067,1.5454452,17.824583,150.48166,10.369694,-17.576773,144.53658,13.142916,6.7613897,142.6945,-17.914776,-11.8431,142.61147,-6.998959,13.146618,105.76036,-11.064547,-0.08788329,119.510956,20.054115,8.159807,73.134094,-26.914246,1.807826,90.27798,-1.5513844
-0.3854978,205.41339,13.54148,2.849091,208.59216,11.179638,-3.7692409,208.82867,11.586699,7.3527036,207.9418,1.4257659,-9.067868,208.4593,2.5739577,12.512072,190.9156,-12.354496,-19.240932,190.68437,-0.18859515,18.17754,164.42488,-7.6719637,-23.362223,163.76906,4.1422534,14.214899,155.18721,14.042768,-10.689315,147.75027,16.011232,5.905307,143.74066,-19.663078,-12.551353,143.90001,-8.162426,12.399239,106.78877,-12.266544,-0.63974917,121.15008,18.906588,8.454119,73.10751,-26.953163,-2.158791,95.10679,-6.150116
0.06295391,206.02623,13.360081,3.2728543,209.17892,10.937582,-3.3328576,209.4882,11.528277,7.7705956,208.45314,1.206937,-8.6272335,209.2373,2.4193525,12.468996,191.814,-12.425257,-18.895971,191.6975,0.56943625,17.355799,165.69687,-5.728999,-21.514547,165.0941,6.6026115,11.276161,161.28676,16.91466,-5.0004005,152.43752,18.469416,4.9714217,145.05833,-20.983875,-13.576184,145.8968,-9.380337,11.642549,107.80904,-13.679685,-1.0029129,122.97793,17.094978,8.42565,73.36199,-26.926682,-5.296873,99.02798,-9.9784975
0.5688801,206.8106,13.417164,3.7756624,209.93703,10.951905,-2.8092794,210.33868,11.676661,8.3407135,209.19107,1.3179841,-8.067842,210.05801,2.42369,12.487127,193.1436,-12.761713,-18.611893,192.85368,1.5320908,16.645697,167.6983,-3.7590516,-20.032427,166.5146,8.760356,8.84044,167.1533,19.027102,-0.7386804,157.59193,20.428658,4.11963,145.92998,-22.157074,-14.549306,147.47226,-10.620923,11.122261,108.50979,-14.835269,-1.7490785,124.076324,14.972773,8.571666,73.47432,-26.96759,-7.9135704,101.71804,-13.406759
0.96478415,207.75467,13.63464,4.17826,210.81126,11.093195,-2.395111,211.30864,11.909948,8.602489,210.05222,1.419584,-7.7714806,211.0541,2.7856865,12.493176,194.39673,-12.777163,-18.333105,194.15413,2.2338114,16.262486,169.55095,-1.8927544,-18.224108,168.31586,11.090406,7.1177936,171.46532,20.497444,2.459319,163.72592,22.301088,3.2520676,147.13123,-23.400143,-15.200356,148.84352,-11.75666,10.800024,109.42268,-16.200365,-2.4091306,124.24271,12.658009,8.650592,73.84209,-26.933935,-10.447701,103.57589,-16.662792
1.1989942,208.38579,13.786539,4.4022055,211.42334,11.209519,-2.1677506,211.91837,12.024525,8.927276,210.80087,1.6465499,-7.444003,212.01468,2.9533331,12.502359,195.71597,-12.853263,-17.784058,195.29515,2.7854574,16.348566,171.92142,-0.08101045,-16.375708,169.71909,12.866787,6.868827,175.36223,21.799932,4.31978,170.04681,24.71582,2.272103,148.38153,-24.776758,-15.779296,150.01154,-12.872668,10.309353,110.773735,-17.629118,-3.4103947,124.10006,10.449627,8.780948,74.36084,-26.760187,-12.969204,104.50878,-19.265087
1.4693826,209.07957,14.079705,4.804943,212.09175,11.64332,-1.7874268,212.6635,12.226445,9.104493,211.37184,1.8507153,-7.246976,212.6367,3.283163,12.30756,197.32884,-13.184303,-17.299536,196.38548,3.4256296,16.467316,175.01295,1.1579888,-14.436671,171.66327,15.049814,7.545766,178.40205,22.941153,5.9429255,174.33487,26.783037,1.4065263,149.31566,-26.019287,-16.49728,150.78453,-13.876967,9.510976,111.89166,-19.092352,-4.4550776,123.50243,7.98928,8.569668,75.06855,-26.83881,-15.406589,104.403175,-21.418531
1.2522001,209.43735,14.35199,4.592464,212.43187,11.895017,-2.0026402,212.99055,12.436979,8.965048,211.5858,2.0554473,-7.3305144,213.01122,3.438413,11.676314,198.6892,-13.497411,-17.025,197.42715,4.119747,16.328962,178.09302,2.4789019,-12.098006,174.01035,17.551,9.939908,181.49654,24.799845,9.078711,177.83792,27.395283,0.4176963,150.32433,-27.041082,-17.331697,151.49492,-14.568757,8.840441,112.765205,-20.387585,-5.723699,122.5976,5.5776806,7.861396,75.982056,-27.52452,-17.44158,103.002075,-23.080946
0.96203095,209.49548,14.366808,4.3470025,212.50262,11.991186,-2.2248743,213.20291,12.63531,8.818681,211.86752,2.2761567,-7.5353193,213.11621,3.4042,10.746666,199.46649,-13.848668,-16.982327,198.07703,4.610728,15.600743,180.93005,4.1399426,-9.314002,176.43027,19.67614,13.377335,183.87541,26.962805,12.762901,180.83113,27.914324,-0.59443426,150.7895,-27.773993,-18.274916,151.70207,-15.259256,8.467238,113.47145,-21.203367,-7.391678,121.50292,3.4716458,6.738991,76.94739,-29.03733,-19.50404,100.88901,-24.326633
0.7502908,209.59584,14.477898,4.1530275,212.52881,12.03206,-2.395346,213.337,12.743368,8.662097,211.72534,2.3023574,-7.634576,213.20807,3.4166195,10.041892,199.92448,-13.687848,-16.987057,198.67369,4.372851,14.650767,183.21399,6.0212126,-7.0184784,179.57555,21.374817,17.278917,185.44444,28.86169,15.362454,183.20175,29.208736,-1.1229717,151.07483,-28.399403,-19.138159,151.73119,-15.869211,8.154142,114.199135,-21.848623,-8.956174,120.101326,1.5162786,5.514232,78.265366,-31.174648,-21.31506,97.98605,-25.348156
0.73883873,209.39836,14.544464,4.0668483,212.3664,12.0400305,-2.478324,213.10347,12.881554,8.522645,211.54738,2.3140502,-7.7499824,213.18823,3.6216087,9.568963,199.95888,-13.10834,-17.01734,198.8102,4.06357,13.846909,185.45042,8.715274,-4.550232,182.49438,22.5426,20.371807,186.76659,30.821598,17.985472,185.18398,30.634638,-1.3449875,151.36858,-28.823301,-19.950562,151.71117,-16.78778,7.772004,114.46178,-22.226978,-10.890811,118.6461,-1.0855956,4.1185174,79.47678,-34.008858,-23.009766,94.43012,-26.138533
0.55585283,209.03345,14.492992,4.008236,211.88466,12.019432,-2.5172737,212.82721,12.734671,8.429387,211.28357,2.3376007,-7.8812947,212.89583,3.5823486,9.086017,199.74748,-12.598501,-16.623978,198.86789,4.0657344,13.413482,187.01837,10.828066,-2.7114954,185.37282,23.866632,22.919197,187.47125,32.27051,19.835424,186.4329,32.888042,-1.5823435,151.53246,-28.997105,-20.41206,151.4436,-17.412764,7.2843027,114.347466,-22.749805,-12.34422,116.99475,-3.3491251,3.134947,80.379265,-37.353867,-24.59418,90.95354,-26.624863
0.39217195,208.66226,14.564825,3.9824765,211.43234,12.200781,-2.555404,212.49855,12.689311,8.2400675,210.8583,2.37839,-8.039137,212.54774,3.6399531,8.758958,199.47536,-11.737771,-16.36112,198.55388,4.545699,13.190639,188.10316,12.468577,-0.85406846,187.19489,24.82144,25.067806,187.83809,33.08283,21.29166,187.5696,34.330006,-1.8961698,151.30803,-28.91105,-20.530628,150.85948,-17.20112,6.4450703,113.978065,-23.807434,-13.710297,115.44357,-5.181533,2.2135994,80.95127,-41.061794,-25.635624,87.92409,-26.821106
0.6795046,208.20438,14.847432,4.2249217,210.98535,12.435167,-2.3166063,211.99197,12.941601,8.346232,210.31493,2.5313256,-7.90131,211.89603,3.9702623,8.874453,199.08954,-10.700292,-16.088453,197.97977,4.9463286,12.878507,188.18822,13.747026,-0.33551815,187.3895,25.356985,25.71681,188.31119,33.527294,21.964243,187.6624,34.840942,-2.0586252,150.61636,-28.643143,-20.506813,149.86516,-17.130196,5.435941,113.04163,-24.979229,-14.480391,113.95495,-6.3320875,1.8216645,80.84769,-44.52546,-26.25456,85.13816,-26.833963
0.8856348,207.51746,15.21517,4.363541,210.3394,12.749196,-2.182683,211.27344,13.37811,8.42184,209.59032,2.8416545,-7.8247538,211.09387,4.4432755,9.129745,198.2678,-10.021436,-16.010765,197.1898,5.2538543,13.546873,187.71887,14.395527,0.063907005,186.83331,25.686705,25.809874,188.31107,34.562508,22.47092,187.68146,35.046795,-2.2458117,149.74745,-28.261675,-20.846779,148.89627,-17.167852,4.433766,111.78475,-26.711107,-14.821665,112.31808,-7.0217214,1.5302312,80.039955,-47.730663,-26.723875,82.5798,-26.658339
1.0756816,206.86894,15.628721,4.4347606,209.71738,13.016755,-2.130883,210.42915,13.642551,8.549427,208.59123,3.188479,-7.7298117,210.03848,4.76436,9.088932,196.97643,-9.374264,-16.110044,196.15736,5.6040516,14.396053,186.0518,14.674506,0.16732451,185.65959,25.674833,26.711292,187.18423,34.663208,22.38706,187.1885,35.140907,-2.503073,148.3534,-27.583809,-20.679457,147.44392,-16.469456,2.8126652,110.08887,-28.827791,-14.853191,110.68511,-6.871163,1.0857053,78.74837,-50.84648,-26.70244,80.51906,-26.025406
1.1364658,205.72977,16.205832,4.520959,208.54015,13.591545,-2.0321283,209.32959,14.218573,8.72758,207.336,3.7728896,-7.5630016,208.84691,5.249656,9.414298,195.55623,-9.244461,-16.228777,194.90225,6.218587,16.240738,184.10762,13.681998,-0.0863749,183.2522,25.625992,26.698574,185.68332,34.206036,22.228134,185.87627,34.478836,-2.4981449,146.78638,-26.481304,-20.993895,145.97203,-15.855562,1.5198402,108.575836,-30.65095,-15.375079,109.11796,-6.3920507,0.55371475,77.04345,-53.170288,-26.262903,78.71914,-25.45533
1.4296004,204.3549,16.786015,4.8016872,207.29355,14.301171,-1.7720166,207.99316,14.945866,8.987702,205.93068,4.3216887,-7.3002996,207.39151,5.8216586,10.071583,194.26569,-9.08679,-16.199547,193.6421,6.803927,17.667406,181.5817,12.391055,-1.2187631,180.09918,25.651833,25.879818,183.50313,33.543056,21.584713,183.40396,32.53085,-2.2176325,145.16905,-25.382317,-21.120636,144.42374,-15.073658,0.5948508,107.159904,-32.26107,-15.7083435,107.55672,-5.5529704,0.16848361,75.33833,-54.36069,-25.648607,77.23288,-25.379625
1.8554052,203.0987,17.380644,5.0991735,205.98405,14.662788,-1.4407483,206.65405,15.531074,9.237108,204.36995,4.8102837,-7.0082164,205.7656,6.445103,10.996578,192.71158,-8.736244,-16.299274,192.29059,6.898229,19.558296,178.29192,11.085193,-2.8596578,176.98907,25.37683,23.228582,180.82437,33.65206,20.410927,180.72427,30.455093,-1.6277031,143.57227,-24.627396,-20.783264,142.8858,-14.359894,0.08441162,105.96376,-33.223324,-16.028248,105.95892,-4.932221,0.21289237,74.07925,-54.89796,-24.636261,75.969635,-25.52026
2.0554273,202.15363,17.7644,5.279888,205.06525,15.059687,-1.29254,205.5874,15.786827,9.58202,203.47989,5.2985115,-6.7399,204.64006,6.7748847,11.840326,191.27495,-8.017738,-16.294659,190.97731,7.126546,21.118793,174.87416,9.971491,-4.196823,173.50027,24.364506,19.55291,177.62483,32.791363,19.278765,177.20615,28.870018,-0.95465434,141.9939,-23.870068,-20.262783,141.50583,-13.721456,0.10685115,104.71876,-33.19344,-16.33121,104.59823,-4.3400617,0.82805556,73.40934,-55.01737,-23.570467,74.96227,-25.648102
2.6887116,201.50726,18.036818,5.8114867,204.47772,15.269759,-0.7579979,204.8624,16.092833,10.135839,202.8151,5.534943,-6.175867,204.04068,7.083099,13.021236,189.93983,-7.3444667,-16.094257,190.2896,7.3904114,21.438955,170.98038,8.934446,-5.8981614,170.40501,22.946255,13.187483,174.53398,30.757923,17.782684,172.87578,27.036154,-0.06331603,140.95947,-22.794586,-19.792782,140.38625,-13.033915,1.3065873,103.98817,-31.69729,-16.607811,103.40906,-4.0607924,2.3236113,73.80887,-54.241177,-22.306402,74.048416,-25.910416
3.0495548,201.42023,18.532948,6.2716866,204.27864,15.765361,-0.31784537,204.73654,16.399666,10.610961,203.0108,6.1257586,-5.7087083,204.04887,7.48967,13.778937,189.0794,-6.7875876,-16.013859,189.9179,7.771949,21.166695,167.4461,7.0276556,-8.170192,167.22598,20.721783,10.264156,170.7809,28.058031,15.641988,165.9736,23.785261,0.5323328,140.41382,-21.537825,-19.36366,139.93654,-12.089006,3.185741,103.6084,-28.118345,-17.133543,102.64802,-4.57494,3.8852022,75.03622,-52.23249,-21.679445,73.3172,-26.337887
3.455804,201.671,18.726412,6.7581344,204.59645,16.137608,0.19163015,205.2444,16.84959,11.056566,203.63252,6.439359,-5.336446,204.66602,7.8240337,13.9817,188.95425,-6.2981396,-15.919852,189.76054,8.19163,20.282042,165.12915,3.9915257,-9.614521,164.84602,17.922976,8.8014145,165.18031,24.72355,13.0419655,158.44995,20.856281,1.0480807,140.79054,-19.976446,-19.519033,140.25447,-11.248875,4.9150376,103.78801,-23.566658,-17.361864,102.81507,-5.0599785,5.018815,76.92079,-49.155796,-20.79947,73.31594,-26.357069
4.18734,202.5566,19.060368,7.4030857,205.52405,16.418898,0.83496755,206.07996,17.25712,11.705805,204.46126,6.6586695,-4.6723084,205.5269,8.233417,14.438713,189.15356,-6.321419,-15.349953,190.33932,8.371685,19.664108,163.61794,0.19229215,-11.749077,163.98544,15.001827,7.899413,161.17479,20.788609,7.780708,151.28175,19.480915,1.6997854,141.24422,-18.632711,-19.365746,140.91414,-10.642431,6.5983787,104.401474,-18.232033,-17.110542,103.14602,-5.7418375,5.7265625,79.459114,-45.42746,-19.691242,73.072876,-26.46591
4.877679,203.58456,19.131647,8.135896,206.54227,16.526226,1.5635904,207.12843,17.289753,12.361541,205.40338,6.7731514,-4.040645,206.34613,8.301502,14.993795,189.42416,-6.591645,-14.780267,191.03972,8.65875,19.199192,162.80936,-3.5654013,-14.681213,163.86801,12.662999,9.875409,154.69058,16.641413,0.2847161,146.59209,18.449562,2.4069247,141.71747,-17.549603,-19.049843,141.49144,-10.226417,8.029616,105.20898,-12.608337,-16.734543,103.70065,-6.323484,6.1514006,82.53769,-41.008766,-18.593248,73.34352,-26.561348
5.6419454,204.67711,19.354538,8.868406,207.63309,16.708826,2.290234,208.14413,17.438326,13.037159,206.38281,6.911406,-3.3358989,207.43149,8.55215,15.68007,190.09163,-6.9673176,-14.174088,192.32845,8.713311,18.48421,163.07666,-7.5888333,-17.104652,165.55902,11.473529,13.603217,149.70558,11.455403,-8.09518,144.39412,16.982944,2.907592,142.70789,-16.344954,-18.60717,142.70074,-9.395403,8.983121,107.00092,-7.4628196,-16.469074,104.64905,-6.9210334,5.662924,85.1752,-36.300873,-17.372816,73.713425,-26.609201
6.280717,205.73915,19.56185,9.57422,208.61267,16.912292,2.984479,209.20952,17.55638,13.76571,207.51831,7.1375465,-2.6037114,208.4823,8.698701,16.14685,190.98784,-7.3701415,-13.713604,193.32838,8.80749,18.42013,164.38191,-10.935601,-19.421682,166.93103,10.73762,18.907671,147.06676,5.255399,-17.43594,143.56918,15.200191,3.3214245,143.07591,-15.188134,-17.990839,143.33809,-8.686075,9.482791,108.64454,-2.647764,-16.098116,105.46356,-7.04155,4.7601986,86.94824,-31.422146,-16.380297,74.31237,-26.576056
7.0705757,206.625,19.776274,10.356936,209.58247,17.20674,3.7498612,210.01952,17.680872,14.793557,208.62457,7.5882177,-1.623909,209.40327,8.713782,16.898182,191.69211,-7.657759,-13.082805,194.41493,9.059352,19.179232,165.58638,-14.26982,-22.189455,168.9967,10.004624,23.515001,146.1739,-1.2308052,-27.07139,146.01773,13.286694,4.0794168,143.6768,-14.043065,-17.70111,144.09586,-7.6014237,9.6526,110.10369,1.5489666,-15.692999,106.5131,-7.1060843,3.5494218,87.528465,-26.396173,-15.483113,75.35536,-26.560392
7.743739,207.52777,19.9083,10.988479,210.47914,17.279264,4.4026065,210.9739,17.930422,15.603785,209.35686,7.792105,-0.82665604,210.22522,8.75317,17.484943,192.66846,-7.971739,-12.526094,195.39537,8.922708,20.206114,167.52985,-17.319988,-25.312351,171.63188,9.679663,28.184618,147.54951,-7.52901,-35.557793,150.20255,11.356451,4.8213034,144.31868,-12.888994,-17.064596,144.7635,-6.781679,9.404495,111.50964,4.8953676,-14.992504,107.49409,-6.701698,2.0321503,87.128624,-20.949408,-14.592238,76.34202,-26.374935
8.364045,208.29163,19.824335,11.670838,211.3699,17.428047,5.048447,211.76262,17.850527,16.352598,210.12302,7.775527,-0.1006439,210.9168,8.604835,18.166336,193.5879,-8.244655,-12.258404,196.46693,8.724244,21.282558,169.79254,-20.380213,-28.233337,174.71051,9.298911,32.689705,150.42754,-13.439759,-42.874996,155.92679,9.680894,5.226454,145.14534,-11.716222,-16.588886,145.76625,-6.258229,8.926902,112.58819,7.485936,-14.417349,108.49443,-5.458246,0.14969084,85.37237,-15.447559,-13.40396,77.71568,-25.728374
8.892181,208.9814,19.81467,12.242355,212.06158,17.481197,5.612336,212.3873,17.683853,16.963766,210.6273,7.779401,0.5099219,211.36732,8.432357,18.675558,194.16147,-8.742493,-11.991822,197.29388,8.632823,22.837734,171.70776,-23.20322,-31.318407,178.33684,8.449349,37.296574,153.6319,-18.741838,-49.114132,162.57925,7.9414716,5.684552,145.7771,-10.915259,-16.201408,146.56789,-5.8366404,8.030686,113.39915,9.550869,-13.988673,109.18519,-3.600607,-1.7490563,83.97394,-9.496991,-12.382168,78.84549,-25.228943
9.16539,209.33234,19.71413,12.597384,212.24577,17.275887,5.96694,212.6223,17.29563,17.36985,210.94965,7.716825,0.9424577,211.64778,8.188511,19.16712,194.63849,-9.26282,-11.795635,197.85365,8.190183,24.470224,173.83965,-25.751486,-34.063267,182.63884,6.9401436,41.430016,157.63974,-23.328808,-54.010067,169.94887,6.8206325,6.205251,145.73648,-9.902453,-15.520132,146.80771,-5.299576,6.830775,113.60528,11.573034,-13.823854,109.2703,-1.7797565,-3.6666093,82.32502,-3.5365148,-11.265845,79.9766,-24.853561
9.42462,209.52493,19.348755,12.828616,212.34662,16.772652,6.20614,212.81573,16.963766,17.55951,211.0923,7.250196,1.1579194,211.75888,7.8259206,19.425417,195.00594,-9.774234,-11.737956,198.36662,7.113098,26.070942,175.9763,-27.821434,-36.126892,187.21399,5.3874645,45.168835,162.09933,-27.253752,-57.70574,178.07451,6.201682,6.6519623,145.6387,-8.6895075,-15.080062,146.5481,-4.895327,5.527475,113.218216,13.119905,-13.658091,109.08228,0.28499258,-5.668428,80.1959,2.8669803,-10.044269,81.11163,-24.701159
9.522431,209.2133,18.67965,12.894529,212.19197,16.238682,6.262105,212.50897,16.35806,17.477215,210.83136,6.490023,1.1185707,211.55779,7.3069205,19.387985,195.19456,-10.41732,-11.4554405,198.61742,5.5553684,27.795036,177.85732,-29.492907,-37.486076,192.23323,3.957673,48.73024,166.77544,-30.515202,-60.17985,186.32858,6.0099473,6.7483873,145.07867,-7.377288,-14.470621,146.10124,-4.2933965,4.1293054,112.54069,14.440476,-13.699403,108.658195,2.0656896,-7.5506473,78.62773,9.354942,-9.223766,82.04548,-24.36132
9.58412,208.69978,17.956547,12.902491,211.73341,15.504361,6.2716722,211.9559,15.654771,17.27828,210.36902,5.6220217,0.92868614,211.1522,6.7752943,19.47055,194.93347,-10.66851,-11.749181,198.62761,3.8426454,29.813847,179.80563,-30.518448,-38.398525,196.34045,2.4239252,52.060658,171.70883,-32.971176,-61.71855,193.67865,5.3780065,6.9199266,144.24419,-5.7878485,-14.377314,145.56839,-3.5457954,2.7980433,111.52089,15.480308,-13.723225,107.991455,3.5176969,-9.687199,77.236824,15.28108,-8.374276,82.8509,-23.944878
9.364491,207.9587,17.212824,12.732047,210.90446,14.728133,6.1059675,211.32597,15.003803,17.14445,209.40672,4.9287214,0.79247355,210.48032,5.963557,19.619816,194.04831,-10.856876,-11.895496,198.49411,2.2545736,32.023907,181.52257,-31.317408,-38.737415,199.55298,0.7846518,54.862774,176.5129,-34.862526,-62.406406,199.74545,4.100179,6.8374944,143.39084,-4.202643,-14.448223,145.08594,-2.6624184,1.4553607,110.37571,16.39007,-13.741555,107.35295,5.126202,-11.844679,76.31196,20.598078,-7.8650045,83.37679,-23.188921
8.883085,206.704,16.438017,12.209435,209.67436,13.911721,5.6359115,210.29701,14.582184,16.925632,208.27231,4.289848,0.57126933,209.3954,5.0485244,20.1662,192.74846,-10.234855,-12.008323,197.60056,0.25745675,34.234394,183.50575,-31.494152,-38.67776,201.525,-1.7098694,57.263645,181.02853,-36.321552,-62.225014,204.30605,2.017926,6.6256404,142.15941,-2.4349122,-14.288176,144.11418,-2.0038261,-0.03970696,108.726036,17.75798,-13.890619,106.41932,6.784758,-13.864463,75.16358,25.297092,-7.5211515,83.30371,-22.18634
8.695145,205.41599,15.580335,11.940072,208.20789,12.777536,5.4108458,208.97246,13.723294,16.551805,206.8431,3.3221548,0.23756465,208.16614,4.2811584,20.668028,191.26357,-10.274892,-12.243503,196.66365,-0.8960433,36.227055,185.23883,-31.737408,-38.28661,203.6976,-2.8369927,59.10301,185.12245,-37.379658,-61.145702,209.03441,1.6003375,6.3107786,140.4555,-1.5230587,-14.634629,142.49796,-1.2176367,-1.2368045,107.30125,19.191645,-14.265388,104.91351,8.226169,-15.672087,74.32014,28.576902,-7.659581,82.56047,-21.41384
8.349533,203.8896,14.281936,11.522151,206.73088,11.437562,4.9974875,207.403,12.470725,16.168629,205.2579,1.9854908,-0.16789101,206.62947,3.0698283,20.734684,189.70819,-10.933248,-12.316377,195.28041,-1.9742137,37.90297,186.68544,-31.561222,-37.152885,205.72664,-1.5436653,60.352257,188.83423,-37.930626,-59.472588,213.44165,2.4581807,5.9860888,138.78717,-0.74658096,-14.788124,141.12354,-0.749345,-1.9215953,105.918594,20.563766,-14.733756,103.57235,9.380268,-17.087646,73.360344,30.14236,-8.372935,81.39728,-20.351215
8.306319,202.10443,13.26329,11.356898,205.15866,10.518187,4.805418,205.52219,11.558652,15.791083,203.62198,0.87042606,-0.5712664,204.9005,2.3074942,20.4222,187.99316,-11.531823,-12.441223,193.47214,-2.74807,39.01867,187.8867,-31.070877,-36.183586,205.77707,-2.081384,61.20578,191.83948,-37.62879,-57.4873,216.0066,2.2556396,5.7794695,137.29497,0.16884562,-15.117277,139.58527,0.106097765,-2.217981,105.143295,22.21816,-15.592962,102.29176,10.738828,-18.003475,72.90018,30.531763,-9.070763,80.612854,-19.476437
7.978526,200.38185,12.587702,11.151111,203.3954,9.92359,4.603134,203.91486,10.860966,15.614371,201.97264,0.21719243,-0.66615564,203.24898,1.4834193,20.302588,186.17682,-11.791487,-12.338804,191.67719,-3.574908,39.070408,189.23299,-30.660015,-35.201317,205.16016,-2.4176104,60.72585,194.56097,-37.457054,-55.53475,216.99936,2.08648,5.8779526,135.79738,1.2400353,-15.281303,137.98601,0.6904055,-2.160168,104.1908,23.833702,-16.37786,100.85821,11.742971,-18.271345,72.41336,30.41252,-9.49223,80.39869,-19.17791
7.4353433,199.50183,11.968958,10.501497,202.47333,9.143553,3.970965,202.94225,10.230772,15.213881,200.93567,-0.37567046,-1.1281638,201.8446,0.76080436,19.918182,185.00957,-12.123117,-12.52963,190.5144,-4.4495525,40.16177,188.1877,-28.9245,-34.90195,204.61302,-3.3219204,61.90213,194.15364,-34.830757,-54.60492,217.03284,1.9521377,6.201044,134.8538,1.3903708,-15.367146,136.99562,0.9639324,-1.4382687,104.210815,24.87875,-17.07611,100.12893,12.103668,-17.832865,72.34626,30.003944,-10.425759,80.36544,-19.371374
7.019357,199.03604,11.590253,10.144475,201.96399,8.783871,3.5858767,202.40886,9.660892,14.892822,200.62637,-0.6400578,-1.4833243,201.31296,0.26973698,20.021482,184.57108,-11.822846,-12.65808,189.92816,-5.1083856,40.87921,186.69144,-28.008291,-35.29068,203.56294,-4.3333497,62.7809,192.38733,-33.099808,-54.67043,215.61078,2.378555,6.4239254,134.15573,1.712378,-15.218091,136.2619,0.90835565,-0.74369127,104.121185,25.615387,-17.415476,99.665016,12.149047,-17.316168,72.22603,29.62034,-10.952108,80.41332,-19.676075
6.642896,199.29616,11.613689,9.900534,202.19029,8.913049,3.2923517,202.58276,9.416649,14.689076,200.90503,-0.49981034,-1.6598728,201.56009,0.15996501,20.143068,184.80426,-11.612483,-12.736824,189.96295,-5.3462715,41.302643,185.0591,-27.730883,-36.12525,202.20883,-5.332783,64.02725,188.93434,-31.51716,-55.60644,212.24086,3.4385896,6.6616855,134.00526,1.6418668,-15.026884,136.084,0.6817367,-0.2218836,103.56708,25.116272,-17.48572,99.52137,11.697444,-16.91913,71.91159,29.336124,-10.877499,80.051384,-19.975996
6.4819818,200.34602,11.912009,9.855602,203.12212,9.248251,3.2284813,203.54521,9.463035,14.63568,201.93001,-0.11989185,-1.8084233,202.41875,0.3641457,20.259611,185.74158,-11.207676,-12.712022,190.55353,-5.4351864,41.318287,183.01097,-27.38071,-37.1675,200.46056,-5.940309,64.67013,184.3108,-29.328863,-56.818043,208.19579,4.4854493,6.8361397,134.45209,1.1176455,-14.6846285,136.16463,-0.17463273,0.06026052,103.3915,23.668516,-17.061016,99.95135,10.525855,-16.404108,71.98652,29.237946,-10.690434,79.44905,-20.435585
6.2478952,201.34982,12.397407,9.597191,204.18301,9.76679,2.981151,204.64313,10.085317,14.3800335,203.43219,0.3826026,-2.0009568,203.84291,0.94338244,20.624088,186.798,-11.023381,-12.52599,191.294,-4.7850127,41.134666,180.37886,-27.047789,-38.04484,197.7388,-6.130125,64.629166,178.72519,-27.23983,-58.08087,203.03813,4.973601,7.273224,135.33774,0.24368523,-14.0700865,137.02132,-1.0459995,-0.06808774,103.60282,21.590405,-16.41632,100.796875,8.746368,-15.5488205,72.01976,29.351585,-10.111438,78.88746,-21.209007
6.314707,202.48438,12.782188,9.50387,205.72614,10.445655,2.8869505,205.86334,10.840975,14.267008,205.14584,0.83460855,-2.2078433,205.16217,1.5984879,20.93423,188.18634,-11.051061,-12.486722,192.28339,-3.7988393,40.45906,177.96538,-26.437899,-38.51928,194.71841,-5.7759166,63.387413,172.43628,-25.148659,-58.973106,196.50183,5.4925795,7.885346,136.54932,-0.9741776,-13.450684,138.23164,-1.9629009,-0.49063528,104.113045,19.181128,-15.244503,101.82514,6.7811275,-14.808781,72.4448,29.249666,-9.457028,78.34967,-22.056965
6.159538,203.53606,13.535058,9.209468,206.90977,11.210642,2.5750992,206.69691,11.529889,14.167393,206.46118,1.6276321,-2.3493311,206.22136,2.3546586,20.904629,189.97597,-11.637116,-12.501607,192.9128,-2.858545,39.241093,175.42043,-25.065248,-38.657047,191.2385,-5.9124727,61.140648,166.38057,-22.962685,-58.47949,189.43718,6.3786817,8.30709,137.891,-2.4816892,-12.949448,139.6488,-2.8240368,-0.67218983,104.98093,17.03179,-14.132848,102.991234,4.5687118,-13.376863,73.007614,28.225477,-8.586135,77.969864,-22.720745
6.1292615,204.46498,14.319027,9.173591,207.96251,12.17485,2.5413134,207.63084,12.324505,13.860076,207.4417,2.2850473,-2.5820417,206.99005,3.2091994,21.24951,191.0634,-10.774095,-12.690123,193.40573,-2.976627,37.8373,173.24963,-22.94371,-38.64905,187.79816,-6.1317196,57.898384,160.464,-20.289936,-57.52729,181.69142,6.488902,8.602205,138.9521,-4.098483,-12.597678,140.70886,-4.584509,-0.41920933,106.64189,15.904986,-12.989312,104.10816,2.375484,-11.775943,73.82612,26.47212,-8.060987,77.31534,-23.755043
5.552548,204.94041,15.021411,8.503407,208.58537,13.000668,1.8815762,208.08461,13.132005,13.614804,208.1342,3.1797328,-2.8246014,207.36101,3.7012904,21.667786,191.48915,-9.3260765,-12.903988,193.89745,-3.0724413,36.306324,171.23264,-20.265537,-37.72279,183.9162,-6.121481,53.78898,155.09065,-17.163242,-55.71776,174.41066,5.701961,9.079205,140.01973,-5.699269,-12.245922,141.7963,-6.568333,0.4826458,108.52054,15.416964,-12.113767,105.26651,0.18509795,-9.98267,74.85945,23.37766,-7.365775,77.104355,-24.500406
5.0818977,205.24806,15.61039,7.967594,208.92384,13.552417,1.3587056,208.32285,13.711742,13.28,208.38988,3.860239,-3.154008,207.35619,4.110299,22.044548,191.42545,-8.32179,-13.02305,193.62032,-2.7294085,34.608562,169.06674,-17.854065,-36.3764,179.93295,-5.561706,49.328945,150.59416,-13.664735,-53.320606,167.34668,5.042307,9.336308,140.7974,-7.0153117,-12.077457,142.44174,-8.497463,1.9615121,110.65839,15.714915,-11.3181505,106.03514,-1.6633861,-8.59769,76.44424,18.738464,-7.10071,76.61305,-25.03291
4.909657,205.10902,16.205137,7.6929317,208.83157,14.081835,1.10756,208.01532,14.206706,12.820118,208.21765,4.291739,-3.6189606,207.17514,4.852047,22.143665,190.95905,-7.542106,-13.382479,192.48659,-2.4205725,32.702957,166.92654,-15.217926,-34.969772,175.77237,-4.9085207,44.441277,146.78119,-9.965038,-50.653603,160.31877,4.3446116,9.727665,141.57195,-8.293708,-11.837762,142.80402,-10.058045,3.944062,112.98569,16.43684,-11.193996,106.40459,-3.2928376,-6.902026,78.89974,12.782435,-6.9312916,76.06082,-25.502598
4.4461336,204.74208,16.801678,7.1274853,208.56047,14.713431,0.56185955,207.61497,14.913628,12.349831,207.87335,4.863744,-4.070471,206.66452,5.4311576,22.275105,190.13087,-6.710307,-13.775431,191.1896,-2.070006,30.905611,164.97307,-12.965829,-33.600723,172.0829,-4.2436347,39.391823,143.70757,-6.092651,-47.32366,154.11053,3.9535406,10.383215,141.76155,-9.675425,-11.46254,142.68379,-11.900646,5.968227,114.704216,16.751118,-11.262044,106.08987,-4.7782893,-4.8205047,81.891106,6.601379,-7.093916,75.36907,-25.592888
3.7781708,204.26859,17.400251,6.367027,208.1082,15.24556,-0.18369079,207.04779,15.538082,11.71054,207.27231,5.4541016,-4.6894755,205.98944,5.9904513,21.86646,189.43431,-5.676728,-14.203564,190.0508,-1.8057073,29.156897,163.65883,-10.6480465,-31.795265,168.9042,-3.7779732,34.881348,142.152,-2.1815577,-43.518055,149.26445,2.9871683,11.066296,141.89932,-11.101077,-10.969451,142.4122,-13.562226,7.7650585,116.013535,16.757278,-11.701833,105.85685,-5.8721066,-2.2716024,85.23931,0.6397541,-7.258862,74.62664,-25.387224
2.9748917,203.82756,17.808996,5.675657,207.60056,15.65241,-0.8887969,206.66524,15.8176565,10.991414,206.67068,5.863465,-5.391615,205.36531,6.286691,21.093891,189.02399,-4.0576777,-14.349105,188.82077,-1.7887158,27.462658,162.94568,-8.541293,-30.33078,166.35194,-3.833727,29.600893,141.62032,2.1882744,-39.061466,145.10744,2.512805,11.612608,141.72295,-11.937856,-10.525446,141.84125,-14.774072,9.100781,117.04418,16.418283,-11.935566,105.38468,-6.861618,1.3269761,89.20483,-5.661147,-7.356996,73.77654,-25.092474
2.253829,203.51703,18.332151,4.8926997,207.2579,16.059393,-1.6542541,206.16495,16.182133,10.208463,206.29332,6.3774624,-6.1700387,204.78009,6.814825,20.30558,188.76523,-2.6089761,-14.444002,187.93709,-2.1087909,25.472492,162.43027,-6.1107216,-28.873058,164.45364,-4.594945,24.332523,142.43277,6.97926,-34.26704,142.08249,1.8152564,12.130029,141.81316,-12.440279,-9.927853,141.63945,-16.210026,10.312172,117.173256,15.668972,-11.680289,105.25044,-7.913511,4.551539,93.395744,-11.405798,-7.442791,72.995285,-24.836405
1.32657,203.28938,18.801914,3.9740114,207.09824,16.662945,-2.576167,206.02803,16.75273,9.256158,206.17213,6.837156,-7.140534,204.57625,7.3671455,19.8275,189.04118,-1.549041,-14.837329,187.49503,-1.7225223,23.822964,162.43495,-4.183159,-27.323032,163.07079,-5.812744,19.025116,144.79721,11.360111,-29.422407,140.45877,1.4382141,12.749182,142.2675,-13.443719,-9.375327,141.79031,-16.864143,11.304116,116.607445,14.055638,-11.241537,105.63311,-8.448904,7.8852196,97.7671,-17.205227,-7.254502,72.650986,-24.046396
0.26413926,203.3395,19.433008,2.9689384,207.09639,17.242918,-3.5860274,206.08945,17.30268,8.2355175,206.40138,7.5425067,-8.155308,204.65192,7.9313703,19.090548,189.65344,-0.92709404,-15.435717,187.40445,-1.845992,22.513288,163.00407,-1.7273908,-26.113077,162.38266,-7.1197996,14.797222,147.79575,15.252034,-24.857767,140.0111,0.8703376,13.407105,143.09523,-14.420617,-8.811476,142.20396,-16.843225,12.485954,115.56272,11.454381,-10.518536,105.83465,-8.734485,10.896137,100.701416,-22.098701,-7.180942,72.57907,-23.311932
-0.70229185,203.6942,20.127748,1.9888128,207.36223,17.800203,-4.57034,206.3471,17.910116,7.3004413,206.79726,8.292896,-9.105052,204.93668,8.613402,18.66751,190.32452,0.2509165,-15.8695345,187.75333,-2.3419142,20.638382,163.4754,1.0492786,-24.986258,162.36397,-9.179278,10.334706,151.62038,19.064163,-20.414469,141.14975,0.4456532,14.029826,143.94165,-15.145071,-8.195195,142.46547,-17.05836,14.019709,114.48904,7.8250327,-9.65317,106.19021,-8.370541,13.739896,102.5994,-26.675102,-7.222974,72.67052,-22.609144
-1.6856687,204.04703,20.838484,0.97453725,207.732,18.495161,-5.5754967,206.68034,18.6397,6.296417,207.25072,9.016707,-10.064356,205.33615,9.276105,17.932966,191.12169,1.5224596,-16.272774,188.36784,-2.6085322,19.543541,164.23047,4.3142705,-23.761072,163.12347,-11.104982,6.6305327,155.69965,22.535858,-16.964577,142.79346,-0.5832762,14.683896,144.67633,-15.564052,-7.5271316,143.05125,-17.511003,15.395686,113.196175,3.8988261,-8.461292,106.79865,-8.260407,16.008842,103.26468,-31.161121,-7.154052,72.84162,-21.744194
-2.5670722,204.4416,21.634321,0.050891526,208.12889,19.257132,-6.488844,206.97969,19.375471,5.452379,207.5635,9.817216,-10.899889,205.56668,10.036199,17.212198,191.76077,2.8959334,-16.635746,188.87772,-2.6722517,18.72354,165.08775,7.5957437,-22.616877,163.79842,-12.90566,3.192354,160.53403,25.236431,-14.103842,144.55363,-1.8703619,15.182063,145.38515,-15.921314,-6.9477468,143.69684,-17.813301,16.480955,111.809494,-0.024948983,-7.442464,107.381676,-8.118283,18.187801,102.60494,-35.58228,-6.779703,73.11114,-20.94005
-3.589875,204.38838,22.415497,-0.97615045,208.12344,20.113237,-7.510732,206.95912,20.203108,4.5564003,207.87375,10.738314,-11.805597,205.70587,10.730758,16.730368,192.41283,4.287625,-17.14915,189.36847,-2.8910103,17.892885,166.0172,11.042839,-21.23893,164.75417,-14.963479,0.53495604,164.54085,27.612368,-11.9117985,146.55627,-2.6228151,16.065512,145.78769,-16.19354,-6.069132,144.18295,-18.397268,17.369701,110.66238,-4.088553,-6.3483753,107.856674,-8.019741,19.919462,100.87626,-39.749767,-6.469544,73.48959,-20.217571
-4.534226,204.26007,23.15098,-1.9003867,208.10118,21.029621,-8.413744,206.84412,20.874903,3.8244529,207.90373,11.666345,-12.492182,205.75696,11.299512,15.961757,192.7725,5.6913004,-17.597153,189.5926,-2.986767,17.157457,167.28705,15.150998,-20.119257,165.66968,-16.72952,-1.5025512,168.72316,30.263187,-10.331549,148.35503,-3.7268894,16.931566,146.0732,-16.746653,-5.106436,144.60999,-18.839495,17.973104,109.74493,-8.782895,-5.4505177,108.30703,-7.948368,21.712635,98.42564,-43.88416,-6.112972,73.78718,-19.4821
-5.2570047,203.85329,23.739908,-2.6072419,207.73882,21.71725,-9.125866,206.52855,21.544008,3.0476234,207.6162,12.302331,-13.23573,205.24124,11.908971,15.226608,192.85643,7.040186,-17.81063,189.78188,-3.0045795,16.632019,168.48866,18.809122,-19.380272,166.67505,-17.97669,-2.4190302,171.75798,33.153793,-9.174825,149.79347,-4.9568577,17.749716,146.33105,-17.182718,-4.2470803,144.82921,-19.005323,18.312311,109.18132,-13.554363,-4.792832,108.57478,-7.7104015,23.043873,95.57656,-47.736176,-5.9616394,73.93935,-19.088459
-5.9452734,203.32266,24.278612,-3.2801094,207.15326,22.196646,-9.805403,205.95892,22.036276,2.3761246,207.13611,12.861728,-13.924548,204.8814,12.448914,14.626256,192.80586,8.322025,-17.9155,189.64273,-3.2513568,16.007774,169.49641,22.186142,-18.573895,167.32808,-19.196196,-3.3189542,173.97873,35.962578,-8.395225,150.67851,-5.802402,18.347845,146.08368,-17.705338,-3.4839208,144.68513,-19.509493,19.00559,108.525475,-17.987019,-4.5719795,108.90557,-7.222686,24.50289,92.38685,-51.03591,-5.6516724,74.286934,-18.582518
-6.568837,202.28587,24.803165,-3.941819,206.20412,22.825075,-10.431915,204.85706,22.487637,1.814915,206.35056,13.469419,-14.43021,203.86287,12.91152,14.087862,192.4748,9.450512,-17.618288,188.95248,-3.4914823,15.469139,170.8139,25.670553,-17.820137,167.50282,-20.585674,-4.4023714,175.53036,38.51912,-8.040268,151.16055,-6.754146,19.10232,145.92647,-18.165724,-2.580257,144.48323,-19.943592,19.730299,108.29197,-22.528101,-4.4739447,109.095085,-6.5913653,25.693638,88.91234,-53.912292,-5.5901265,74.50707,-18.164627
-7.0918403,201.0692,25.173016,-4.4788,204.94272,23.088457,-10.970233,203.61545,22.856422,1.3554362,205.12062,13.90975,-14.898545,202.67108,13.23199,13.749116,191.83966,10.231652,-17.284674,188.11911,-3.694505,15.165004,172.36874,28.994192,-17.2476,167.51167,-21.898758,-5.0976863,176.61034,41.560383,-7.931872,151.13533,-7.95088,19.755993,145.42235,-18.569988,-2.0763242,144.1864,-20.556328,20.805134,108.31345,-26.740047,-4.7342973,109.41186,-6.003322,26.662998,84.7589,-55.87023,-5.6818075,74.59003,-17.761806
-7.430204,199.66257,25.52158,-4.8922663,203.5213,23.341707,-11.376071,202.1075,23.211018,0.9887997,203.48636,14.227268,-15.252139,200.98547,13.562586,13.271745,190.46649,11.138789,-17.018251,187.09703,-4.369473,14.481672,173.91763,32.4647,-16.657526,167.41548,-23.400913,-5.656737,177.09666,45.18138,-8.063108,150.81459,-9.642652,20.174555,144.60475,-18.937315,-1.584594,143.71512,-21.307096,21.944405,108.390816,-30.576668,-5.128636,109.53317,-5.679459,27.937416,81.347374,-57.38063,-5.7390575,74.39165,-17.354822
-7.9150405,197.6436,25.700686,-5.2823396,201.52052,23.648525,-11.78017,200.21295,23.374287,0.68940717,201.72401,14.609573,-15.565562,199.34651,13.718218,12.616052,189.31723,12.244383,-16.469494,186.03003,-5.195968,13.886128,175.32951,35.308838,-16.204473,166.5973,-24.62514,-6.075175,177.16663,48.501675,-7.780081,149.70175,-11.031174,20.579502,143.73769,-19.614098,-1.1972306,142.90735,-22.04791,23.124388,108.148125,-33.823784,-5.871573,109.396454,-5.1728635,29.226616,78.88541,-58.561687,-5.980955,74.19202,-17.033556
-8.310296,195.47987,25.854448,-5.6007614,199.44183,24.067202,-12.071562,198.15297,23.480324,0.473932,199.73276,14.987098,-15.767111,197.17496,13.814595,12.186832,187.73106,12.868649,-16.06431,184.55656,-5.9127016,13.455337,176.52136,37.40059,-15.938872,165.8408,-25.775454,-5.650342,177.1248,51.921,-8.155793,148.37712,-12.213754,20.77057,142.47786,-20.16145,-1.0286897,141.7369,-22.571192,24.491405,107.24038,-36.445236,-6.90912,108.81995,-4.688466,30.326582,76.98891,-59.951622,-6.207803,73.70453,-16.67403
-8.47521,193.477,26.066132,-5.7739224,197.4443,24.305838,-12.229377,196.08965,23.620144,0.51518565,197.79893,15.366016,-15.626634,195.22891,13.766809,11.818446,185.9912,13.235158,-15.54206,182.95674,-6.484181,12.9115715,177.76285,38.910965,-15.963893,164.64983,-26.673382,-5.405094,176.88348,54.216797,-8.419422,146.96057,-13.0919895,20.927649,140.82066,-20.658674,-1.2345445,140.3356,-22.839405,25.718468,106.03566,-38.203964,-8.098522,108.11242,-4.139359,31.249298,75.60915,-61.05516,-6.3719397,73.33376,-16.341742
-8.483641,191.58022,26.15798,-5.6818666,195.46497,24.365574,-12.129424,194.16548,23.52405,0.58174545,195.92503,15.555743,-15.590633,193.35661,13.847557,11.368104,184.28722,13.738213,-15.377853,181.265,-6.819929,12.899642,178.73666,39.98197,-16.176325,163.68422,-27.548162,-4.6575127,176.23291,55.48726,-8.818876,146.00179,-13.782102,20.790766,139.05173,-20.84191,-1.4288706,138.87428,-23.14855,26.33312,105.124115,-39.02816,-8.951385,107.386665,-3.6062825,31.62654,74.65632,-61.792194,-6.30353,72.98162,-16.091053
-8.467197,190.11848,26.189611,-5.625984,194.01248,24.456707,-12.044062,192.71011,23.467545,0.6307774,194.32947,15.618705,-15.5093355,191.8056,13.836467,11.543032,182.73204,13.753559,-15.253076,179.77315,-7.0559244,13.7836075,178.4262,40.1879,-16.362995,162.78041,-28.291668,-3.529125,175.27309,55.59936,-9.150929,145.46245,-14.609092,20.488735,137.84412,-20.36247,-1.6914859,137.78773,-23.370588,26.131315,104.46081,-38.825703,-9.80268,107.20535,-3.069939,31.398735,74.111824,-61.877136,-6.5393305,72.899376,-15.647335
-8.330077,189.15929,26.121613,-5.454719,192.97629,24.293173,-11.930788,191.81267,23.481829,0.76285946,193.37506,15.4645815,-15.459686,190.91435,13.852503,11.764784,181.75731,13.775161,-15.32997,178.86409,-6.872459,15.119105,178.06097,40.119892,-16.54598,162.13411,-28.372902,-2.725332,173.66945,54.3813,-9.245258,144.93697,-14.636731,20.18152,137.067,-20.121658,-1.9612291,136.97888,-23.15826,25.339312,103.95537,-38.33845,-10.545263,106.692314,-2.8024514,30.925898,74.09361,-61.768677,-6.565172,72.74417,-15.418466
-8.358576,188.73811,26.013296,-5.647667,192.672,24.17997,-12.055416,191.192,23.325052,0.71955425,193.03473,15.375588,-15.462735,190.4674,13.694476,12.131768,181.7089,13.906197,-15.261684,178.74278,-6.6514826,17.109404,176.97142,40.06928,-16.720922,161.90625,-28.180805,-2.0959074,172.05325,52.173557,-8.926904,145.26965,-14.014219,19.89184,136.84831,-19.807028,-2.1862779,136.92131,-22.676037,24.332047,103.56385,-37.46535,-11.303909,106.52934,-2.8468382,30.447628,74.27452,-61.536884,-6.612242,72.534904,-15.558768
-8.499495,188.9251,25.502197,-5.764833,192.92793,23.871498,-12.24426,191.65819,23.182045,0.57202053,193.66086,15.114692,-15.685011,191.47885,13.442435,12.317399,181.85634,13.499913,-15.619787,178.90741,-6.2315044,19.483723,175.42117,38.778126,-16.994595,161.68785,-27.479816,-1.025448,170.2177,49.15605,-8.795686,146.19092,-12.388423,19.424923,137.10674,-19.156517,-2.5889063,137.18234,-21.995497,23.692614,103.559395,-35.941174,-12.034702,106.46475,-2.9635222,30.43215,74.92785,-60.789932,-6.6701064,72.6176,-15.600574
-8.655869,189.99504,25.219841,-5.9142776,194.0523,23.741438,-12.400238,192.83151,23.023846,0.36921722,194.88673,14.852769,-15.879103,192.61903,13.191372,12.342936,182.96553,13.202819,-16.307806,179.8417,-5.974605,21.637068,174.1566,37.044376,-17.348814,161.3863,-26.08289,0.211902,168.72203,45.18106,-8.471598,147.17857,-9.8477335,19.179567,137.76518,-18.362265,-3.0854337,137.6801,-21.313042,23.12409,103.806595,-34.235165,-12.380906,106.2697,-3.514815,30.178686,76.17043,-59.856316,-6.5994215,72.49798,-16.270693
-8.647449,191.82588,25.041845,-5.972056,195.84637,23.375505,-12.452248,194.54762,22.79423,0.17206734,196.89339,14.529214,-15.981248,194.31343,13.033492,12.257144,184.85522,13.314379,-16.725777,181.28545,-5.7544465,23.68147,172.87943,34.82914,-18.22564,161.69157,-24.659822,1.7322483,167.04207,40.906487,-8.154462,149.8181,-7.2658525,18.801083,138.79323,-17.768408,-3.6146667,138.6321,-20.512056,22.463415,104.08464,-31.828032,-12.524514,106.17981,-4.440513,29.757069,77.74904,-58.655926,-6.566439,72.59206,-16.939236
-8.712879,193.76976,24.542578,-5.988618,197.8723,23.147047,-12.478045,196.67357,22.478586,0.18388706,199.29837,14.312256,-15.9969225,196.87868,12.64372,12.323711,186.91162,13.001175,-17.100172,182.85414,-5.715175,25.168264,172.23663,31.757833,-19.000853,161.91374,-22.85623,3.4361966,165.03989,36.5062,-8.77223,152.8987,-3.9482071,18.418959,140.18019,-16.934525,-3.8230214,139.86508,-19.88125,21.888454,104.52588,-28.597975,-12.000533,106.34283,-5.727008,28.97996,79.741356,-56.799145,-6.5261574,72.59616,-17.929876
-8.551792,196.2098,24.009546,-5.801179,200.30577,22.645641,-12.337169,199.26529,22.215876,0.23354289,201.84464,13.815443,-15.972434,199.47491,12.225833,12.552092,189.00421,12.411198,-17.487942,184.89134,-5.517979,26.660624,171.80452,27.835205,-20.038542,162.43999,-20.379581,5.7350607,163.11382,31.735922,-9.76754,156.48001,-0.19984576,17.77614,142.04378,-16.2785,-4.223478,141.47644,-19.655594,21.13771,105.41624,-24.687754,-11.363937,106.68499,-7.2861686,27.807867,82.40384,-53.962833,-6.35902,72.50216,-18.926407
-8.353511,198.8509,23.749418,-5.599462,202.92113,22.318449,-12.10309,201.7784,21.69104,0.53847706,204.21326,13.454486,-15.694608,202.08798,11.929587,13.12266,190.9895,11.41454,-17.926292,187.13301,-4.981856,27.465994,171.40971,23.382967,-20.995008,163.40974,-17.71896,6.9631653,161.01512,27.403057,-9.916102,159.10834,2.5043938,17.34736,143.93634,-15.941303,-4.930446,143.05399,-19.581505,20.41265,106.81669,-20.527342,-10.365703,107.50872,-8.583076,26.299553,85.424965,-50.58603,-6.265636,73.066605,-19.927864
-8.037824,201.21613,23.30901,-5.3519373,205.35117,21.96296,-11.848158,204.132,21.342182,0.8982007,206.5693,13.065985,-15.390397,204.51665,11.514339,13.691288,193.03671,10.273183,-18.260714,189.14665,-4.21021,28.394005,171.78244,18.321613,-22.163904,164.61078,-14.900122,8.659723,160.18018,23.57766,-10.283094,162.39392,5.0105557,17.062262,145.8139,-15.823881,-5.5418878,144.60133,-19.18072,19.41659,108.40373,-16.345299,-9.71102,108.15346,-9.898576,24.685442,88.604546,-47.30119,-6.2185774,73.290276,-20.717493
-7.4543366,203.78316,23.179327,-4.8457108,207.80547,21.413666,-11.327873,206.42952,20.97672,1.2797993,208.85562,12.558187,-15.023346,206.72617,11.36032,14.492784,194.97867,8.971312,-18.834005,191.20302,-3.2437875,28.611029,172.33032,12.996455,-23.69448,165.85721,-11.472601,10.430801,158.89235,19.643433,-10.686766,166.43388,7.791606,16.878548,147.45123,-15.698161,-5.927074,146.04375,-19.00588,18.776909,110.210884,-12.578373,-8.977389,109.088005,-11.106589,22.530708,91.031494,-44.115707,-6.229594,73.9416,-21.669924
-6.5955043,205.9469,22.64096,-4.0047255,209.94989,20.81647,-10.522905,208.68735,20.64917,1.7553688,211.03386,11.732525,-14.592009,208.57698,11.0386,14.980735,196.52794,7.283785,-19.289427,193.00769,-2.3971589,28.19254,173.06012,8.114888,-24.8519,166.8578,-7.749201,12.357453,157.40648,15.542679,-12.390503,171.49516,11.407461,16.751877,148.80148,-15.503769,-6.242438,147.20549,-19.092691,18.293066,111.97918,-9.11432,-8.224755,109.88581,-12.373388,20.45905,92.78878,-40.53655,-6.075921,74.606155,-22.459455
-5.937158,207.82935,22.207897,-3.3467658,211.81145,20.31882,-9.8436365,210.49255,20.078028,2.247433,212.56348,11.044159,-14.100919,210.36217,10.706182,15.637438,197.93192,5.4462447,-19.489063,194.65501,-1.6966282,27.450441,173.83333,2.968032,-25.570541,168.15707,-3.643614,14.0513525,156.43129,11.354352,-13.28434,175.43689,14.745357,16.393127,150.1184,-15.49085,-6.7669916,148.23558,-18.8885,17.853828,113.99708,-5.9718347,-7.782776,110.70815,-13.443294,18.533836,93.75394,-36.566696,-6.0452657,75.21371,-23.167652
-5.3193007,209.56508,21.694977,-2.6459415,213.48438,19.802032,-9.189381,212.37296,19.665373,2.9114623,214.16605,10.468045,-13.500175,212.10034,10.272074,16.199982,199.07304,3.6880922,-19.550907,196.31787,-0.8652283,26.471087,174.71617,-1.8813096,-25.823448,169.70988,0.0097857015,15.547527,155.89026,7.196785,-14.194189,178.1042,18.703642,15.889691,151.22922,-15.370075,-7.1516514,149.53883,-18.92121,17.365215,115.84244,-3.5174613,-7.643284,111.91024,-14.723506,16.298058,93.538284,-32.47521,-5.6647453,76.12935,-23.746807
-4.6321263,211.0638,21.053726,-1.874565,214.89143,19.100334,-8.439724,213.9042,18.96421,3.681917,215.5189,9.861394,-12.759714,213.68301,9.590498,16.263115,200.1948,1.6102536,-19.463867,197.92104,-0.17535375,25.24309,175.86705,-5.9757576,-26.067232,171.80373,4.0911703,17.015903,155.98123,3.3457172,-14.597624,181.00133,22.656454,15.167839,151.8235,-15.500532,-7.837528,150.25232,-18.944935,16.575499,117.13337,-1.4820484,-7.4851213,112.62392,-15.545526,14.114362,92.26111,-28.060999,-4.904222,76.91078,-24.58861
-4.0382485,212.2741,20.218332,-1.1607628,216.02808,18.294737,-7.7512674,215.26807,18.166288,4.319264,216.46468,8.948362,-12.121621,214.88736,8.714657,16.089283,201.06256,-0.53080183,-19.466513,198.87836,0.6636362,24.274794,176.79813,-9.694453,-26.306402,173.71983,8.860947,17.908945,156.1977,-0.5536103,-14.048451,182.8332,27.165281,14.495256,152.24077,-15.889151,-8.519874,150.90657,-18.974817,15.441106,118.04953,-0.4019836,-7.3218675,113.524284,-16.221148,12.11552,89.81054,-23.255135,-3.9091628,77.69223,-25.51114
-3.4025881,213.25095,19.542994,-0.54363716,217.00554,17.584728,-7.14289,216.25781,17.578665,4.927393,217.15099,8.151082,-11.52207,215.7822,8.02265,15.961206,201.73114,-2.8096867,-19.4794,199.62039,1.4409561,22.785555,177.76395,-13.639248,-26.152925,175.86255,13.079612,18.711662,156.52327,-3.968772,-13.342751,183.92383,31.491745,13.776163,152.49214,-16.023441,-9.090021,151.33978,-18.818073,13.86078,118.270805,0.2231472,-6.89236,113.98676,-16.929436,10.092576,86.60356,-18.189734,-2.5466917,78.39835,-26.737188
-2.7667942,214.02907,18.838806,0.2014476,217.75395,16.979649,-6.3918014,217.07533,16.703148,5.5341387,217.6043,7.327333,-10.936749,216.27817,7.346625,15.572704,202.11795,-4.8331046,-19.609108,200.22801,1.9768146,21.57641,178.61707,-16.73146,-25.590597,178.14952,16.849762,19.108856,157.3245,-6.99338,-12.953146,185.04529,35.915977,12.747039,152.431,-16.353622,-9.539831,151.44835,-18.91889,12.519453,118.287506,0.48216444,-6.748203,113.94857,-17.713305,8.67621,84.26493,-13.12133,-1.400029,78.609215,-27.75519
-2.0928042,214.29791,17.92898,0.8883596,217.96318,15.980622,-5.733227,217.42564,15.958311,6.1235743,217.69092,6.290312,-10.353007,216.62344,6.452781,15.051804,202.27116,-7.1719093,-19.360172,200.56207,2.3414264,20.24113,178.98323,-19.649494,-24.721258,181.30234,20.635931,19.371763,157.84068,-9.488873,-12.05472,185.9888,40.388798,11.520712,152.1761,-16.629921,-10.132872,151.4819,-18.694958,11.148286,117.77841,0.20230635,-6.738087,113.91416,-18.247211,6.97645,81.92003,-7.83577,-0.13593327,78.47201,-28.461329
-1.4562911,214.51044,17.03859,1.6444489,217.9955,14.944557,-4.97256,217.60182,14.795405,6.7058992,217.47102,5.238734,-9.777804,216.55403,5.5799336,14.426778,202.07693,-9.15952,-18.98736,200.76819,3.0861328,18.91473,179.13573,-22.614456,-23.641481,183.68727,23.715487,19.592651,158.59196,-11.147654,-11.35303,186.11981,44.27533,10.62992,151.9037,-16.719908,-10.611624,151.34125,-18.489716,9.594153,116.82255,-0.44709387,-6.6999526,113.53877,-18.876083,5.34993,79.67187,-2.6134627,0.6415926,77.88726,-28.606277
-0.72337687,214.18977,16.12096,2.2740636,217.73225,13.972443,-4.3359327,217.15439,13.86544,7.1404576,216.93184,4.0956573,-9.288915,216.3604,4.8205023,13.87221,201.72029,-10.751636,-18.305796,200.92316,3.6337337,17.928005,178.99857,-24.98486,-22.441854,185.9719,26.028482,19.741581,159.17204,-12.273885,-11.311294,185.66196,47.318695,9.6721115,151.65741,-16.596539,-11.223478,151.15643,-17.842035,7.990589,115.94534,-1.220398,-6.3207235,113.06327,-19.45636,4.1705604,78.7599,2.1956508,1.1617923,77.19111,-28.925856
-0.11510941,213.79103,15.332438,2.9344826,217.11584,12.932738,-3.6906626,216.69673,12.944369,7.7330537,216.18213,3.264198,-8.703502,215.76978,4.012708,13.310334,200.8609,-12.100057,-17.430902,200.7416,4.12573,16.79778,178.36942,-26.653137,-21.662563,187.82712,27.84203,19.541342,159.32513,-13.026718,-10.972709,185.3016,49.199955,8.734254,150.87308,-16.56835,-11.905837,150.43198,-16.98433,6.6040206,114.8443,-1.5975528,-6.0696273,112.35254,-19.56124,3.0726068,78.340355,6.135875,1.823042,76.44481,-29.298658
0.39121866,213.1976,14.678162,3.4924176,216.45097,12.251935,-3.1438134,216.18834,12.348966,8.266588,215.26851,2.5583618,-8.167645,214.91757,3.303257,12.578865,199.80951,-13.052592,-16.32905,200.27243,4.5988464,15.782561,177.57541,-27.98077,-21.265118,190.10739,29.260096,19.561058,159.17458,-13.73237,-10.573804,184.92686,50.15002,8.040401,149.83092,-16.627796,-12.329654,149.41882,-15.815395,5.5302386,113.902176,-1.2978768,-6.111722,111.38519,-19.250319,2.2884336,77.92003,8.850162,1.9890233,76.03976,-30.242685
0.90557164,212.31091,14.12567,4.208205,215.36174,11.692468,-2.419076,215.35347,11.5492525,8.653391,214.17712,1.92153,-7.7923336,213.99438,2.8457966,12.212208,198.34073,-13.889538,-15.658615,199.33804,5.2520638,14.872141,176.0959,-28.837227,-21.462223,190.83054,30.285227,19.990164,158.48927,-14.197494,-10.282653,184.13742,50.30721,7.651404,148.16362,-16.923128,-12.668236,147.92606,-14.189699,4.8999653,112.98203,-0.2580803,-6.3323245,110.12438,-18.678223,1.5003566,77.290924,10.526519,1.7220565,75.56507,-31.532349
1.6406951,211.51883,13.647602,4.8544025,214.58308,11.107579,-1.7716335,214.59612,11.225766,9.062899,213.26744,1.2134556,-7.3276796,213.22754,2.5798314,12.066166,196.78662,-14.986331,-15.06175,198.36139,5.974242,14.098739,174.05128,-29.1616,-21.943602,190.47302,31.007383,20.463537,157.37453,-14.082879,-9.963562,182.44775,50.027397,7.305525,147.00372,-16.924026,-12.967816,146.83545,-12.937029,4.5474143,112.278244,0.90132856,-6.6937637,109.37481,-17.87239,0.9031088,76.30056,11.097032,0.7873198,75.3994,-32.81736
2.319325,210.9572,13.263258,5.4080524,213.98586,10.535822,-1.207617,213.94525,10.900873,9.651207,212.3862,0.7109448,-6.738744,212.4499,2.289044,11.714013,195.43073,-15.999377,-14.453774,197.361,6.155778,13.873381,171.91464,-28.867247,-22.325302,189.22055,30.89375,20.683525,155.71451,-13.132336,-9.677057,180.48584,49.128273,6.7540646,145.79591,-16.425621,-13.319212,145.9626,-12.017669,4.57568,111.45591,2.2344694,-7.434359,108.806114,-16.669453,0.52612895,75.44966,10.841184,-0.34931055,75.81632,-33.84169
2.8749053,210.33423,12.720352,6.0573373,213.34258,10.071393,-0.56909317,213.2771,10.185884,10.084154,211.85591,0.15431485,-6.3152947,211.64183,1.8094646,11.928908,194.15353,-16.425611,-14.127951,196.46428,6.046969,13.991495,170.03287,-27.94975,-22.96836,187.35197,29.970074,21.002403,154.20456,-12.193012,-9.565546,178.39603,47.48856,6.4551888,144.64554,-15.601642,-13.833728,145.01984,-10.922929,4.901396,110.50662,3.3142138,-8.261986,108.088806,-14.738146,-0.10721392,74.55244,10.321709,-1.5466162,76.52851,-34.251842
3.3799903,209.78966,12.028216,6.626068,212.84799,9.526395,-0.0020240177,212.82857,9.520946,10.591298,211.2286,-0.594105,-5.8041067,211.06021,1.1533525,12.376749,193.3166,-17.017996,-14.014364,195.91307,5.628265,14.416115,168.30638,-26.59186,-23.597364,184.51607,28.222279,21.343187,153.04578,-10.102244,-9.622141,175.91014,45.28767,6.278326,143.64258,-15.18018,-13.933979,144.4531,-9.888264,5.570463,109.57295,4.0088305,-9.7450695,107.29554,-11.800108,-0.53278905,73.94007,9.595902,-3.330359,77.85978,-33.7971
4.034711,209.35178,11.264335,7.1255465,212.5088,8.685733,0.5060869,212.30928,8.8677635,11.081405,210.80907,-1.424404,-5.268569,210.67032,0.44165856,12.85425,192.5922,-17.426353,-14.238217,195.2431,4.954112,15.154444,166.90567,-25.219604,-24.30949,181.41682,25.973562,21.723063,152.41165,-7.775251,-9.880002,172.87357,42.701454,6.471615,142.81099,-14.93187,-13.849509,143.59279,-9.143244,6.4144883,108.7786,4.392794,-11.428831,106.38758,-7.716966,-0.86614037,73.51028,8.949311,-5.52485,79.465385,-32.59303
4.5660734,208.84337,10.38319,7.722826,212.02629,7.919627,1.0939702,211.92581,8.053943,11.543752,210.34245,-2.3599353,-4.7735186,210.24919,-0.37030584,13.930461,191.97957,-17.651552,-14.188845,194.77362,4.299425,16.140451,165.92738,-23.872093,-24.84321,178.26855,22.925644,22.062117,152.78058,-4.9608154,-10.490309,169.45328,39.496967,6.834806,142.19539,-14.824955,-13.549749,143.1985,-8.477767,7.1296563,108.18917,4.5514264,-13.261792,106.34599,-2.7986858,-0.9767765,73.07492,8.104043,-8.939911,81.8206,-30.418154
4.9769206,208.42966,9.549386,8.131635,211.54866,6.9975224,1.5073513,211.4479,7.129954,12.087268,209.73328,-3.1326203,-4.2846923,209.74434,-1.2396442,14.887999,191.54959,-17.749468,-14.29568,193.98497,3.2589393,17.468603,165.28606,-22.470354,-25.037054,175.24336,19.782667,22.260471,153.77484,-2.183722,-11.187488,165.2594,36.141975,7.3216457,141.64583,-14.794535,-13.2295265,142.86604,-7.8570633,8.117316,107.74975,4.7132964,-14.623003,106.85022,2.2257183,-0.5943967,72.65276,6.9217534,-13.507369,84.81296,-27.293806
5.199523,207.90115,8.8482895,8.397645,210.96892,6.291782,1.771233,210.93758,6.396669,12.291275,209.23682,-3.816732,-4.07869,209.35432,-1.8959002,15.6108465,191.2913,-17.88286,-14.372934,193.23515,1.905235,18.80175,164.8454,-20.635231,-25.058693,173.01508,16.496626,22.254047,155.58588,1.0892534,-11.643657,161.54442,32.515163,7.7934394,141.26744,-14.936518,-12.58522,142.67271,-7.3536305,9.197675,107.72673,4.869474,-15.312027,108.06412,6.3585777,-0.08179322,72.63256,5.8693523,-18.18442,87.512054,-24.119549
5.3989224,207.4611,8.214988,8.520994,210.58305,5.627149,1.8938446,210.36725,5.722569,12.366071,208.88264,-4.505146,-3.9977696,208.74461,-2.4813545,16.417177,190.98676,-17.842611,-14.329562,192.63132,0.72015846,20.295849,164.47685,-18.725067,-25.036516,170.73267,12.960595,21.587109,160.27356,4.686535,-12.477907,157.94905,28.673811,8.369463,140.95012,-14.950964,-11.8997965,142.34926,-6.876478,10.593014,107.604324,4.706339,-15.389968,109.17544,10.109291,0.413214,72.78701,4.7019887,-22.72414,90.553696,-20.741802
5.3905163,207.29852,7.695028,8.545798,210.34149,5.052639,1.9209095,210.26376,5.2147045,12.354007,209.06714,-5.0011797,-3.9782975,208.44676,-3.0112066,17.120064,190.95059,-17.605,-14.294404,191.98134,-0.4784198,21.647583,164.58873,-16.30106,-24.601145,168.6112,9.430651,20.613163,165.77611,7.4664984,-13.440966,154.2585,24.467588,8.904203,141.0225,-14.70415,-11.260348,142.39331,-6.4849997,12.086073,107.40926,4.4929466,-14.907631,110.68718,13.085214,1.0264323,72.90508,3.5251398,-27.125957,93.59384,-16.844395
5.440348,207.48087,7.3085628,8.482637,210.61636,4.6477733,1.8632855,210.27246,4.784085,12.328624,209.04489,-5.435373,-4.0166445,208.49194,-3.3418102,17.593966,191.12067,-17.195515,-14.333497,191.70435,-2.0318596,23.241272,165.199,-12.811626,-24.540812,167.3998,5.2296867,20.265404,170.81422,10.088809,-14.685702,150.83205,19.424515,9.550247,141.08003,-14.346043,-10.696966,142.62085,-6.3659363,13.103114,107.29306,4.5716825,-14.056234,112.48379,15.5674,1.5730599,72.77558,2.5639873,-31.112099,97.17578,-12.65834
5.430537,207.64879,7.057877,8.2902565,210.87724,4.3013372,1.6919242,210.30237,4.618468,12.089742,209.4416,-5.7752457,-4.2342453,208.70215,-3.4225988,17.90778,191.60748,-16.86522,-14.496292,191.94383,-3.5140586,24.865177,166.79088,-9.055647,-24.042442,166.65706,1.0511527,20.61984,176.31812,11.957756,-16.00769,148.47266,14.330886,10.216844,140.97545,-13.989487,-10.031917,142.77885,-6.19785,13.496901,107.1714,4.3624973,-13.178162,114.275276,17.606897,1.8831153,72.93179,1.5716425,-34.501366,99.68295,-8.03841
5.2783012,207.97482,6.9012713,8.249057,211.23254,4.313005,1.6324874,210.795,4.5190234,11.981163,210.05759,-5.863551,-4.342163,209.28038,-3.6172583,18.273643,192.33267,-16.556553,-14.7986765,192.15541,-5.2385683,25.606585,168.49548,-5.7713947,-23.423723,166.18503,-2.1982453,20.312223,181.29214,13.217907,-17.012728,146.22691,9.614796,10.683594,141.06,-13.544275,-9.58125,142.98201,-6.1038275,13.799321,106.94657,4.137927,-12.3884115,115.97019,19.164242,2.1064205,72.866714,0.63215685,-36.375847,101.29589,-3.606654
5.234539,208.2957,6.7470293,8.030153,211.6869,4.1369104,1.4397789,211.11078,4.600794,11.736364,210.76747,-6.0748205,-4.5424643,209.97589,-3.5919604,18.454372,193.58598,-15.715067,-14.844747,192.8055,-7.1013536,26.423014,171.40337,-2.1999574,-22.92643,166.57574,-5.8780026,19.365984,186.48827,14.282153,-18.29843,145.28133,4.823191,11.490082,141.59204,-12.812195,-8.939951,143.6216,-5.947906,13.935828,107.121956,4.0003705,-11.709945,117.635765,20.568352,2.2240903,72.875275,-0.3335121,-37.07224,101.576706,0.49597326
5.090615,208.679,6.765914,7.6850657,212.16402,4.0798974,1.1370652,211.57475,5.067095,11.618294,211.50288,-6.0269084,-4.622018,210.56946,-3.6118846,18.448082,194.7804,-14.679766,-14.879856,193.42686,-8.803874,27.14437,174.47238,1.2102832,-22.391386,167.0735,-9.69709,18.24344,191.74103,14.326382,-19.589346,145.4371,0.25849786,12.189922,142.61708,-11.985001,-8.456993,144.47963,-5.487245,13.826167,107.337944,3.8743184,-11.100289,118.82361,21.851992,2.2998724,72.94558,-1.147234,-36.643005,100.45775,4.004625
4.552401,209.07582,6.7693458,7.2909875,212.55453,4.203592,0.7263368,212.18892,5.1647243,11.307577,211.89539,-5.9554954,-4.995942,211.07236,-3.7240865,18.59166,195.94334,-13.693694,-15.141816,193.72472,-10.501465,27.71993,177.6029,4.1782513,-22.156788,167.15578,-13.090927,17.605742,196.30714,14.006048,-20.13679,145.10419,-3.258272,12.835373,143.57076,-10.882583,-8.08284,145.32191,-5.1968403,13.670445,107.76676,3.861552,-10.783256,120.0424,22.873465,2.0339594,73.24008,-1.8598046,-35.036983,98.13322,7.106189
4.326637,209.30263,6.469096,7.088622,212.88628,4.096293,0.52946174,212.55821,5.0856886,10.986442,212.23572,-6.206994,-5.329491,211.56555,-3.8798249,18.60248,196.7379,-13.0836935,-15.208703,194.04059,-12.083952,27.706041,181.12886,6.8856115,-22.056496,167.67218,-16.20403,16.37548,200.54968,13.221019,-20.52039,145.50314,-6.5448375,13.237191,144.3115,-9.315353,-7.7026095,145.8997,-4.743574,13.436673,107.89655,4.2132707,-10.67955,120.77132,23.717241,1.7052075,73.40494,-2.1364555,-32.496998,94.971405,10.510493
3.5113292,209.1545,6.231829,6.3774066,212.79085,4.069189,-0.20753472,212.4935,4.820628,10.781171,212.42046,-6.0279326,-5.566011,211.874,-4.4615035,18.848726,197.38063,-12.622674,-14.783798,194.33188,-13.859639,27.401873,184.76665,9.455254,-21.886938,168.23997,-19.177319,14.771701,204.48558,12.406019,-20.896133,146.08728,-9.434018,13.982207,144.83643,-8.504513,-7.175134,146.37613,-4.0345616,13.478275,108.03754,4.7866616,-10.650896,121.14822,24.381325,1.0724646,73.749886,-2.0112762,-29.058708,91.44733,13.982532
2.9548461,208.9836,5.961842,5.8202605,212.6158,3.803256,-0.76521397,212.31372,4.5228705,10.539498,212.21654,-6.1897073,-5.8629513,211.73375,-4.9097905,18.83133,197.62885,-12.132614,-14.541216,194.29909,-15.29442,27.070059,187.94122,11.325327,-22.081594,168.55501,-21.939484,13.7045,207.38371,11.760906,-21.128695,146.39952,-12.352793,14.094228,144.97836,-7.4476514,-6.994314,146.73714,-3.277093,13.562376,108.12894,5.9801955,-10.767465,120.786446,24.825302,0.47214332,74.50968,-2.1952603,-24.90779,87.88051,17.559113
2.7687986,208.93846,5.5725737,5.6651645,212.43651,3.2371945,-0.9331022,212.15727,3.881193,10.252511,211.61967,-6.7703056,-6.1211753,211.27756,-5.374137,18.2561,197.19362,-11.641887,-14.198956,194.01204,-16.99778,26.294798,190.88614,12.978053,-22.437159,168.88779,-24.697487,12.852014,209.90298,11.130021,-21.770498,146.8407,-14.971597,14.271906,144.93568,-6.084902,-6.958271,146.6208,-2.150956,13.454541,108.12928,7.3713837,-10.703632,119.87691,25.689674,-0.13695437,75.010086,-2.70125,-20.556084,84.45265,21.530209
2.5865984,208.94841,5.0662913,5.5742397,212.37025,2.718933,-1.0340017,212.12039,3.1348283,10.074891,210.92982,-7.347787,-6.346391,210.39426,-5.961025,17.886364,196.6484,-10.878396,-13.858408,193.26775,-18.632906,25.44234,193.72414,14.540885,-22.872849,169.01411,-27.354599,11.8873415,211.87471,10.369863,-22.6845,147.20764,-17.47185,14.104878,144.53111,-4.374397,-7.0278273,145.96657,-1.2353892,13.358438,107.87559,9.454227,-10.420347,118.473755,26.122675,-0.1748418,75.45614,-3.1216087,-16.495926,82.16824,24.970253
2.5879285,208.4489,4.6344256,5.417624,211.89793,2.142898,-1.1884156,211.33508,2.5596094,10.05073,210.02168,-7.8664837,-6.36754,209.45522,-6.5193286,17.771818,195.5533,-10.054024,-13.519667,192.13596,-20.111917,24.246317,196.52457,15.898927,-23.56683,168.7556,-29.837723,10.550164,213.8762,9.53811,-23.261635,147.01733,-19.672148,14.09905,143.76538,-2.6864364,-7.271581,144.85175,-0.65856504,13.403329,107.37893,11.69575,-10.336916,116.80486,26.310305,-0.23349953,76.101974,-3.828212,-12.380877,79.953094,28.454813
2.3605387,207.73936,4.0699625,5.0809145,211.19801,1.4699723,-1.5036112,210.35571,1.8303041,9.731115,208.95245,-8.491262,-6.6551,208.15765,-7.1010437,17.4746,194.27904,-9.231626,-12.988076,190.64684,-21.252966,23.62479,197.87259,16.657381,-23.956484,168.4171,-32.24662,9.68165,214.7187,9.33399,-23.869827,147.05579,-21.589466,13.902753,142.86896,-0.7895059,-7.2771606,143.47261,-0.06490626,12.838025,106.7406,13.684856,-10.041732,114.58148,26.499151,0.2977413,76.4781,-4.3415165,-8.700136,77.718094,31.563295
1.8757961,206.57335,3.453163,4.6371965,210.12672,1.0132858,-1.9271849,209.1389,1.0447116,9.369,207.51797,-9.068438,-6.9830666,206.67111,-7.8327823,17.419579,193.0441,-8.426636,-12.498419,188.94032,-22.039059,23.110487,198.7416,17.199005,-24.139101,167.69864,-34.310318,8.83971,215.23964,9.562621,-24.68679,146.60268,-23.381416,13.728072,141.6633,0.9898345,-7.3972454,141.4964,0.079022944,12.203787,105.7303,15.287047,-9.0534525,112.353226,26.85998,1.2551935,76.33899,-4.5613947,-5.753562,75.98372,34.13137
1.4805355,205.3273,2.7808316,4.0803366,208.88327,0.17116886,-2.447721,207.64784,0.33044985,8.968969,206.09984,-9.729712,-7.38026,205.21458,-8.540639,17.288301,191.59294,-7.5798254,-12.385305,187.15067,-22.620226,23.235462,199.35304,17.54153,-24.224564,166.60513,-35.962795,7.9691944,215.14769,10.3716545,-25.445232,145.9089,-24.553013,13.863454,140.59085,2.6806417,-7.2748003,139.86484,0.73133814,11.514097,104.885864,16.493172,-8.26823,110.58011,27.267715,2.6036782,75.80757,-4.843893,-3.5779176,74.57723,35.4616
0.9270723,203.81271,2.3482785,3.636971,207.21347,-0.35544452,-2.9209151,206.189,-0.179393,8.66933,204.66245,-10.027092,-7.6998596,203.71059,-9.118821,17.114956,190.28249,-6.915537,-12.46527,185.14117,-23.010822,23.759007,199.46977,17.47768,-23.811298,165.08769,-37.356182,7.489401,214.83415,11.619158,-26.527082,145.03673,-25.190817,14.039404,139.49463,4.047857,-6.9464607,138.20952,1.2796667,11.061049,103.945496,17.304785,-7.774707,108.91098,27.63408,3.581136,75.507515,-5.1283836,-2.132734,73.42782,35.570984
0.49331474,202.53978,1.887548,3.2583055,205.81877,-0.8977618,-3.3271058,205.13255,-0.4739927,8.116292,203.42346,-10.490754,-8.253227,202.5008,-9.504914,16.865463,189.44562,-6.275876,-12.266914,183.57779,-23.309694,24.634535,199.28383,17.379272,-22.855076,163.53871,-38.36719,7.490912,214.32759,13.495086,-27.435745,144.57195,-25.358967,14.089413,138.47527,5.10712,-6.59227,136.90135,1.6676266,10.602988,103.09941,17.812225,-7.490385,107.69673,27.588894,3.9731967,74.89106,-5.495732,-1.3036948,72.7759,35.23711
0.13872392,201.59822,1.693134,2.85679,204.9013,-1.1064365,-3.726154,204.20917,-0.5724501,7.8186255,202.84018,-10.630949,-8.562816,201.7167,-9.698444,16.74479,188.864,-5.80807,-11.993788,182.59846,-23.724905,25.44153,199.19939,17.491837,-21.55104,161.98352,-38.464752,7.414762,213.80795,15.133208,-27.872879,143.59062,-25.2365,14.236574,137.87056,5.5918436,-6.3498416,136.22115,1.3395646,10.0822,102.52118,17.7698,-7.531136,106.99315,27.070312,3.87991,74.46939,-5.729652,-1.026251,72.642876,34.882458
-0.43728894,201.4131,1.6485308,2.353414,204.75832,-1.043372,-4.2378345,204.17029,-0.54330516,7.5128355,202.81091,-10.54859,-8.904583,201.78734,-9.88679,16.750984,188.897,-5.3929477,-11.574187,182.43106,-23.956236,26.638256,199.14525,17.593216,-20.61842,161.00856,-37.61258,7.824679,212.93718,17.097128,-27.916632,142.49724,-24.836317,14.177138,137.38503,5.335748,-6.2734013,135.77986,0.41012278,9.791356,102.31732,17.186176,-7.814332,106.98513,26.230185,3.9268513,74.15276,-6.259441,-1.1988355,72.802124,34.578472
-1.0747558,201.46773,1.7401545,1.9834666,204.6786,-0.8159711,-4.647547,204.51993,-0.44010657,7.1135397,203.23546,-10.2420635,-9.312191,202.13425,-9.968875,16.910667,189.62148,-4.978459,-11.119919,182.56763,-24.21589,27.697006,199.27527,17.788214,-19.170998,159.94044,-36.562634,7.7036023,211.10933,19.753012,-27.531897,141.6415,-23.948687,14.074044,137.50893,4.60164,-6.1967087,135.97794,-0.9950737,9.28445,102.41854,16.142233,-7.855067,107.00431,24.58178,4.018783,73.931305,-6.842405,-1.8764769,73.08001,34.40313
-1.6056497,202.06442,2.136122,1.4122461,205.38791,-0.32558697,-5.2200274,205.05595,-0.067154124,6.6160254,204.16975,-9.707601,-9.861335,202.97308,-9.53925,16.757053,190.57191,-4.814298,-11.238205,183.22409,-24.338604,28.878616,198.95366,17.66218,-17.283712,158.87358,-35.21331,7.905935,207.65941,22.875977,-26.389366,140.53897,-22.828903,13.753271,138.04079,3.4472535,-6.325308,136.467,-3.0462103,8.977007,102.984856,14.775326,-7.5466743,107.22824,22.326681,3.880954,73.57966,-7.3084884,-2.710831,73.451355,33.965866
-2.2404282,202.6938,2.7345917,0.8934682,205.97743,0.36563668,-5.7363167,205.67116,0.33177355,6.021066,205.55516,-8.918163,-10.404344,204.00829,-8.955892,16.450665,192.10956,-4.5611577,-11.451151,184.31412,-24.335087,30.204641,198.43146,17.541702,-15.706596,158.91483,-33.437492,8.883785,204.16124,24.866148,-25.355312,140.93008,-20.859173,13.547593,138.76712,1.8260157,-6.425479,137.00256,-5.021754,8.766822,103.62821,12.974861,-7.2862363,107.54577,19.92554,3.8116207,73.28669,-7.673287,-3.9737995,74.135544,33.195736
-3.2111535,203.79091,3.4752345,-0.13855492,207.21852,1.2385302,-6.760266,206.71358,1.094648,5.424715,206.73029,-7.938294,-10.940998,204.78667,-8.534024,16.286356,193.30676,-4.188668,-11.767146,185.7845,-24.1167,31.496964,197.81741,17.261866,-14.4395275,159.7554,-31.68142,10.291193,199.95227,26.264303,-24.14367,142.3121,-18.417261,13.84276,139.563,-0.1676894,-6.29355,138.01811,-7.1328607,8.84807,104.25572,11.1881275,-7.189957,108.368805,17.964487,3.983385,73.12805,-7.929338,-5.28862,75.021,31.619057
-3.4875393,204.73079,4.414548,-0.44948155,208.03494,1.9573658,-7.0741324,207.55827,1.9575408,4.999554,207.42485,-7.179843,-11.341457,205.53705,-7.547379,16.07175,194.04039,-3.817461,-12.341382,186.93005,-23.457405,32.25805,196.6984,17.501947,-13.553044,160.68114,-30.090696,10.954313,195.12784,26.795013,-23.026365,144.1843,-15.578585,14.264648,140.24446,-2.173278,-6.03528,138.96318,-9.283641,8.933087,104.89045,9.518053,-7.842003,109.83344,16.154438,4.0324345,73.05201,-8.013575,-6.3631554,76.2833,28.842955
-3.9810083,205.22545,5.1534696,-0.9760379,208.68567,2.8715293,-7.5970507,208.17621,2.9048843,4.5806475,208.08705,-6.3656344,-11.849379,206.36649,-6.7314553,15.755319,194.85878,-3.103227,-12.859373,187.86864,-22.887587,33.034714,195.65752,17.675713,-13.074262,161.45094,-28.583523,11.924993,190.10857,26.393919,-21.666023,146.74527,-11.802017,14.723724,141.07353,-4.2605953,-5.682306,140.25478,-11.287824,9.33828,105.79651,8.135137,-9.053693,112.1064,15.051852,4.238,73.110596,-7.708356,-6.8565464,77.78306,24.543713
-4.2424397,205.8673,6.151924,-1.3672972,209.37335,3.7911606,-7.9676943,208.63269,3.8489406,4.2552977,208.74338,-5.353439,-12.149107,206.98103,-5.7100234,15.405436,195.66568,-2.1893122,-13.38476,188.91718,-22.117594,33.51401,194.4493,17.900063,-12.955347,162.42438,-26.968622,13.204011,186.10896,25.915258,-20.571592,149.3094,-8.561169,14.972428,141.93979,-6.370145,-5.527495,141.3496,-13.0523405,10.060228,106.65479,6.7558637,-10.584139,114.97346,14.479645,4.218576,73.138504,-7.482785,-6.880118,79.58198,18.962574
-4.6705575,206.23033,7.1290274,-1.7935561,209.7539,4.7968836,-8.384874,208.9167,4.7222,3.8738039,209.1778,-4.3207364,-12.519573,207.4323,-4.801088,15.109695,196.10345,-1.3632667,-13.916185,189.76488,-21.280098,34.07011,192.82423,17.590466,-13.607968,163.09586,-24.66293,14.617125,181.84137,24.582655,-19.453527,151.49818,-4.6721525,15.470515,142.99904,-8.070269,-5.3149858,142.81242,-13.880164,10.926368,107.48325,5.2063284,-12.099792,117.48738,13.837212,4.6830163,73.24693,-7.1062074,-6.989614,81.77867,12.29214
-5.294548,206.50095,8.343344,-2.2923734,209.89851,5.976201,-8.907479,209.30365,5.914759,3.428973,209.36513,-3.0181413,-12.946016,207.78874,-3.7022607,14.902971,196.05585,-0.65711355,-14.286783,190.57036,-20.551853,34.89239,191.15263,16.849464,-14.819909,163.87175,-22.774618,16.455473,178.25172,22.808346,-17.658762,154.0095,-1.3689442,15.7577,143.8624,-9.177401,-5.1879964,144.09613,-14.722683,11.330216,107.98159,3.7959607,-13.501748,119.72167,12.990148,4.586468,73.35983,-6.6923666,-6.4585757,85.254585,5.9871573
-5.6929827,206.73228,9.519236,-2.7052183,210.31454,7.4056726,-9.305286,209.65445,7.2218876,3.0615466,209.68951,-1.8349309,-13.332254,208.25633,-2.467075,14.867304,196.22865,0.15051289,-14.825121,191.05386,-19.39423,35.302593,189.07144,16.19862,-16.039366,164.12016,-21.081453,17.628244,174.92566,20.6384,-16.127945,157.50926,1.6148868,16.042728,144.92223,-9.760205,-4.747097,145.56996,-15.694357,11.595716,108.36822,2.484026,-14.581088,121.51923,11.567653,4.510293,73.18045,-5.956424,-5.652069,88.616,-0.61221796
-5.8754845,207.20403,10.76224,-2.8054235,210.76694,8.743811,-9.407986,210.18034,8.41314,2.7985651,210.20654,-0.5872824,-13.575785,208.7116,-1.2304376,14.600633,196.50285,1.2346667,-15.203198,191.6619,-17.851408,35.821262,187.07204,14.775182,-17.45531,164.61244,-18.81608,18.640211,171.63232,18.171703,-14.508547,160.88614,4.310493,16.190668,146.05086,-10.157574,-4.538067,146.89566,-16.279009,11.585326,108.78678,1.435886,-15.433197,122.56032,9.91956,4.2844434,72.8709,-5.125785,-5.1181097,92.73641,-7.719108
-6.0235744,207.79129,12.094464,-3.054372,211.29312,9.845923,-9.638944,210.50043,9.555766,2.5943217,210.88129,0.73372835,-13.7527485,209.29921,0.07798317,14.535511,197.03438,1.8032677,-15.468827,192.51392,-16.215475,36.374805,185.61124,12.568219,-18.928743,165.77394,-16.56309,19.642323,169.73404,15.828556,-13.868722,164.5941,6.661422,16.205269,146.81102,-10.209601,-4.3232446,147.9342,-16.630732,11.2432995,109.443,1.1050112,-15.477689,122.15975,8.0170965,4.0828037,73.31576,-4.2402315,-4.14147,96.28885,-14.43231
-6.2867866,208.37265,13.449275,-3.3630283,211.96785,11.282992,-9.91944,211.01338,10.861913,2.3992133,211.45854,2.0930388,-13.928856,209.92352,1.3812143,14.76371,197.53973,2.4925394,-15.751292,193.33434,-14.697431,36.75117,184.07011,9.826725,-20.083136,166.57228,-13.647203,20.417805,168.22516,13.192065,-12.664733,167.92088,8.998857,16.029257,147.26508,-9.984005,-4.4469323,148.58969,-17.099304,10.462291,109.78896,0.510171,-15.104558,120.95537,5.609326,3.9987082,73.297264,-3.3223512,-3.2733936,98.90087,-20.94782
-6.3969254,208.73396,14.739009,-3.4429045,212.3484,12.634699,-10.012765,211.46445,12.2260275,2.287588,212.0877,3.4991724,-14.087965,210.46243,2.734355,14.872001,197.963,3.131019,-15.953673,194.12561,-13.046668,36.4068,182.52538,7.1286855,-21.11139,167.59322,-10.358029,20.989237,165.56987,10.1230755,-11.582619,171.03148,11.363026,15.76956,147.82661,-9.899742,-4.7097244,149.06247,-17.5762,9.905883,110.40908,-0.0894284,-14.601152,119.175064,2.455322,3.7686362,73.491684,-2.405224,-2.1005852,100.77676,-26.659098
-6.4341908,209.18929,15.833286,-3.4170747,212.83403,13.90381,-10.000404,212.08449,13.433837,2.347403,212.51291,4.66672,-14.08018,210.96257,3.8538995,15.094507,198.22621,3.7949986,-16.498745,194.77126,-11.136876,35.90379,181.17827,4.06853,-21.501291,168.35762,-7.1490483,21.33257,163.4113,7.608382,-10.581414,173.88123,13.374886,15.470317,147.8982,-9.850531,-5.171398,149.17505,-17.789518,9.303131,110.36129,-0.0355691,-14.0244255,116.99614,-1.2299296,3.4133499,73.45497,-1.5498368,-1.1559472,101.450035,-31.797037
-6.258112,209.60838,17.01214,-3.2978902,213.17918,14.870026,-9.858844,212.24919,14.385309,2.486205,212.78108,5.73114,-13.906595,211.20406,4.9786835,15.496918,198.40497,4.0710444,-16.95137,194.9833,-9.352138,34.945595,179.90874,1.2867972,-21.98688,168.8032,-3.719575,21.298353,161.44426,5.1781845,-9.762379,176.39314,15.359376,15.160238,147.53099,-10.046785,-5.5893435,148.72072,-17.867537,8.783364,110.07324,0.3299073,-13.12178,114.707794,-4.7054954,2.8780863,73.3339,-0.8259174,-0.31556758,101.25512,-36.68516
-6.203879,209.62383,18.10808,-3.1626966,213.19507,16.069895,-9.728184,212.40425,15.515673,2.7227426,212.81715,6.970331,-13.623306,211.31224,5.941208,15.849208,198.3754,4.36826,-17.26664,195.17699,-7.781397,33.069202,178.50787,-1.683196,-21.967474,169.2389,-0.45688513,21.50291,158.7552,2.9261663,-8.716229,178.23119,17.35434,14.68911,147.27888,-10.281026,-6.149638,148.51266,-17.808004,8.123278,109.97692,0.8831652,-12.05389,112.63785,-8.731764,2.1182234,73.46469,-0.21088223,0.79726565,100.071175,-41.183964
-5.7980084,209.52159,19.0717,-2.8143616,213.11609,16.99229,-9.395547,212.37286,16.65656,3.0158343,212.5821,7.8012867,-13.410799,211.20535,7.0425553,16.18933,198.03528,3.9313893,-17.475256,194.89569,-5.9351053,30.977533,177.36931,-4.850055,-21.69607,169.57562,3.4606557,21.662104,156.73094,1.0412664,-7.7466636,180.20265,19.519735,14.150365,146.77173,-10.526524,-6.738351,147.71254,-17.768064,7.5568504,109.71686,1.4312912,-11.290157,110.814766,-12.971803,1.2919674,73.4472,0.6337114,1.5212294,97.51473,-45.530888
-5.4509,209.25455,19.97634,-2.5105605,212.87337,17.890932,-9.074847,211.95575,17.436348,3.3172348,212.20317,8.637181,-13.105245,210.79443,7.9652534,16.840052,197.25969,3.3216653,-17.568693,194.43652,-3.709741,28.73903,175.50249,-7.4446754,-21.196993,169.4179,6.7833652,21.468103,154.12262,-0.91021556,-6.8373857,181.5163,21.299753,13.497033,145.6879,-10.724251,-7.341663,146.64183,-17.833174,6.647608,109.38631,2.7084007,-9.946673,109.33478,-17.318462,0.6710541,73.11578,1.4215204,1.8528434,94.48185,-49.500237
-4.957443,208.64732,20.656199,-2.1991487,212.39105,18.535856,-8.743562,211.24121,18.24085,3.7627225,211.2532,9.223091,-12.692762,209.8647,8.655019,17.255995,195.79852,2.842915,-18.007376,193.60997,-1.7370443,26.574684,173.63142,-9.629027,-20.892174,169.13666,10.25645,21.470013,151.85466,-2.5447903,-6.1302967,182.86276,22.733244,12.898672,144.4622,-10.92235,-8.09078,145.32373,-18.226393,5.8781137,109.26928,4.1230874,-8.630579,108.00442,-21.681095,0.17795184,72.95973,2.5384383,2.325971,90.99436,-53.06445
-4.576984,207.57718,21.28765,-1.7818029,211.26686,19.118353,-8.327323,210.17715,18.821157,4.055683,210.16658,9.7885895,-12.383988,208.64565,9.324267,17.040997,194.38873,2.1526537,-18.35521,192.40167,0.4219485,24.653397,172.19165,-11.558628,-20.504042,168.6456,13.629852,21.465542,150.27626,-3.9819002,-5.2560434,183.60574,24.469105,12.153832,143.33301,-11.2084875,-8.548657,144.0515,-18.762943,5.227028,109.1353,5.6087747,-7.2478185,107.320816,-26.258081,-0.28934625,72.83208,3.2567444,2.6747382,86.737015,-56.109055
-4.1642323,206.27748,21.711025,-1.3965217,209.93068,19.444695,-7.9389763,208.8196,19.22775,4.421651,208.58417,10.098628,-11.998783,207.33395,9.768614,16.406416,192.71136,1.3556867,-18.6529,191.12643,2.30218,23.08071,170.69215,-13.251114,-20.283916,168.4079,17.323685,21.665148,148.63528,-5.5104604,-4.5277147,183.92033,26.290068,11.447131,142.30222,-11.33534,-9.04606,142.787,-19.44054,4.6083417,109.00665,7.16696,-5.9595523,107.11313,-30.664215,-0.84401286,72.72613,4.091204,3.1832716,82.72163,-58.578827
-3.748669,204.56209,22.093878,-0.96522075,208.05798,19.610544,-7.538557,207.16647,19.701965,4.715605,206.76196,10.388206,-11.67643,205.56546,10.1682205,15.561097,190.83867,0.28562444,-18.752035,189.2061,3.8486497,21.812466,169.22565,-15.031689,-20.208344,167.72646,20.583374,21.694258,147.35864,-6.6130176,-3.8439124,183.3923,28.013302,10.891099,141.06987,-11.553142,-9.108977,141.53925,-20.078186,4.1531134,108.87511,8.677541,-5.194832,106.66797,-34.376064,-1.2565029,72.618744,4.925538,3.465841,79.785904,-60.64474
-3.410106,202.69792,22.180546,-0.71896386,206.26324,19.69944,-7.2729826,205.2087,19.80606,4.8410144,204.44058,10.217067,-11.573185,203.48361,10.400594,15.042294,188.55292,-0.65053296,-19.043163,187.17522,5.357948,20.785898,167.20038,-16.578146,-19.906916,167.0028,23.723593,21.583527,145.68436,-7.3975935,-2.9316497,182.46445,29.868504,10.551866,139.54738,-11.7144985,-9.174093,139.69077,-20.645933,3.6851792,108.59313,10.046658,-4.431751,106.10971,-37.56607,-1.7295275,72.61295,5.757184,3.7025607,78.13375,-62.504818
-3.108546,200.59836,22.141922,-0.43140358,204.10507,19.566565,-6.992351,203.13078,19.818104,5.034743,202.14273,10.083625,-11.430807,201.45894,10.476741,14.45133,186.47629,-2.106865,-19.091381,184.95433,6.794742,20.100183,165.1189,-18.06529,-19.679031,165.85123,26.487045,21.733603,144.17807,-8.091549,-2.0030227,180.93684,31.746237,10.078343,138.20148,-11.989067,-9.402218,138.29628,-21.446308,3.259075,108.54903,11.425653,-4.0583043,105.63228,-39.540108,-2.256944,72.82116,6.4536943,3.796732,77.26864,-63.755142
-2.8754165,198.73991,22.012215,-0.16186328,202.23303,19.4494,-6.7330856,201.33606,19.714859,5.082511,200.25314,9.837331,-11.389726,199.62495,10.559094,13.562956,184.68593,-3.0858366,-19.04059,183.00896,7.916683,19.551004,163.64146,-18.998299,-18.988174,164.21986,28.181873,22.150957,142.76146,-8.6902485,-1.0261167,178.79666,33.54875,9.593727,136.90779,-12.271668,-9.552835,137.07976,-21.802177,2.8525171,108.597466,12.237887,-3.8431258,105.3768,-40.91925,-2.8686333,72.85272,7.1057796,3.6858923,76.55582,-64.796394
-2.7275243,197.43126,22.073446,0.009988876,200.84988,19.43873,-6.562347,199.92325,19.632355,5.1323867,199.01726,9.830995,-11.311013,198.27496,10.652586,13.078529,183.55197,-3.5352817,-19.016088,181.61824,8.770936,19.15302,162.3637,-19.258844,-18.595118,162.93404,29.076488,22.496595,141.34137,-9.484821,0.050177358,176.39676,35.16775,9.106741,135.92996,-12.723668,-9.958059,136.12009,-22.198301,2.4825063,108.1963,12.449024,-4.0168166,104.67454,-41.849163,-3.1764517,72.53799,7.3319516,3.8534732,75.90928,-65.37418
-2.667881,196.4876,22.038517,0.09478861,199.88011,19.394249,-6.498418,199.20593,19.834278,5.167624,198.2912,9.838562,-11.294506,197.4266,10.649739,13.0703535,182.97534,-3.4031532,-19.106262,180.97171,9.224875,18.90135,161.84192,-19.283993,-18.329062,161.8876,29.102543,22.920832,140.2605,-10.887458,1.1152872,173.64488,36.032234,8.817231,135.5347,-13.136885,-10.499942,135.51833,-22.134989,2.3500276,108.13041,12.461344,-4.3973613,104.037094,-41.73649,-3.3394146,72.32467,7.3975253,3.6953528,75.59138,-65.39091
-2.6348233,196.28616,22.138592,0.14350748,199.55931,19.362345,-6.4485097,199.05122,19.96729,5.0857224,198.06506,9.893422,-11.349679,197.10143,10.798919,13.142826,182.6833,-2.7793639,-19.21295,180.93832,9.343157,18.908371,161.78642,-18.98786,-17.808216,160.93233,28.176605,23.375078,139.58977,-12.659798,2.3116603,170.93567,36.42471,8.575861,135.65135,-13.508323,-11.049096,135.66698,-21.84463,2.3585675,108.10078,12.161914,-5.1399937,103.75384,-40.62171,-3.6212182,72.47046,7.1318746,3.3628926,76.043465,-64.99714
-2.6012766,196.72238,22.330347,0.2140191,200.02614,19.62538,-6.3791957,199.44676,20.042953,4.988785,198.68997,10.017928,-11.421562,197.48174,11.070863,13.748516,183.16034,-2.0557272,-19.436666,181.23439,8.916166,19.452076,162.08368,-18.298508,-17.79183,159.92957,26.159597,24.356638,139.34558,-14.3779955,2.6313698,167.81218,36.026176,8.692949,136.36383,-13.616885,-11.543151,136.38434,-21.008585,2.5822322,107.95152,11.352082,-6.4200096,103.73283,-38.70051,-3.382228,72.23525,6.715229,2.3093362,77.17098,-64.19852
-2.5259256,197.70981,22.661066,0.30644247,201.04677,20.014702,-6.27543,200.29486,20.182692,5.0086145,199.69124,10.331102,-11.392934,198.50911,11.414549,14.290354,184.0516,-1.5345436,-19.567003,182.03821,8.550465,20.369287,163.12352,-17.96236,-17.428692,159.47557,24.064152,25.5887,140.05118,-16.491695,2.8677647,164.52672,35.780426,8.808514,137.1916,-13.63282,-11.727303,137.61143,-20.643503,2.942784,108.03506,10.594293,-8.429406,103.94771,-36.344456,-3.2504234,72.2894,6.1976714,0.41465572,78.71583,-63.181736
-2.5827756,198.71901,22.983717,0.34392917,202.1719,20.604155,-6.234582,201.39651,20.442142,5.1688013,201.18547,10.837372,-11.228932,199.66414,11.593519,14.81184,185.34473,-0.75777286,-19.464682,182.98018,7.8229103,21.357553,165.16225,-17.74129,-16.994564,159.36317,21.482794,27.138779,142.26175,-18.757055,3.0838215,160.80072,34.504436,9.032944,138.05696,-13.567543,-11.835708,138.78473,-19.630932,3.3654807,107.814445,9.592874,-11.00628,104.08416,-33.26434,-3.1477604,72.17964,5.1888685,-1.8078643,80.7146,-61.33386
-2.5070903,200.06778,23.175823,0.37300742,203.4772,20.68752,-6.2140255,202.68816,20.661905,5.2685313,202.64014,11.091605,-11.11154,201.02249,11.778796,15.468405,187.08704,0.07811496,-19.0375,184.2252,6.8347135,22.681774,167.58156,-17.3214,-17.103903,159.55347,18.65071,29.260666,145.31416,-20.674917,1.9231846,157.01831,33.04507,9.573627,138.99295,-13.288399,-11.655923,140.03746,-19.37049,4.1690235,107.83573,8.57673,-13.619103,104.64679,-29.41449,-2.9271355,72.30466,4.133859,-4.5419984,82.918,-58.645153
-2.245305,201.10794,23.076311,0.59788036,204.61926,20.684216,-5.9826584,203.80225,20.684114,5.389157,204.13068,11.007296,-11.00661,202.4286,11.8431,15.929681,188.7609,0.53504777,-18.842552,185.45331,5.7681856,24.013975,169.87563,-17.016726,-17.450142,160.09062,16.198107,31.846308,148.67018,-22.368519,-0.29432774,153.67116,31.718979,10.534075,139.95222,-13.166286,-10.938285,141.28531,-18.947874,4.7072763,107.82525,7.275721,-16.319216,105.39373,-24.93919,-2.520512,72.40936,3.1659334,-7.4187446,85.49229,-55.518417
-2.264123,202.00424,22.801247,0.5571097,205.58078,20.479677,-6.0197754,204.77965,20.52897,5.3900137,205.3239,10.819298,-11.0228,203.55156,11.602725,16.527594,190.64238,0.99632794,-18.378962,186.57452,4.8345976,25.859259,173.05081,-16.945261,-17.999014,160.76443,14.283055,34.441372,152.2124,-23.215776,-2.7579296,151.01268,30.364862,11.373806,141.0197,-13.151632,-10.306187,142.2936,-18.704817,5.306106,107.858574,5.9141617,-18.416496,106.55834,-20.495193,-1.9435846,72.26571,2.1725276,-10.346385,88.6524,-52.284767
-2.1255324,202.6125,22.467577,0.60376155,206.29483,20.206356,-5.9606977,205.33759,20.276144,5.5065417,206.1099,10.455519,-10.85439,204.30547,11.277859,17.065565,192.11525,1.1980543,-17.789137,187.61311,3.6517131,27.724396,175.77022,-16.98125,-18.638565,161.76114,12.788612,37.192394,155.59825,-24.10103,-5.8287196,149.3088,28.97469,11.963126,141.99422,-13.257725,-9.773885,143.31044,-18.337286,6.259106,108.023636,4.5614786,-20.35919,108.11143,-15.810604,-1.513859,72.34993,1.1616106,-13.470913,91.96438,-48.531715
-1.8928891,203.5345,21.98225,0.7994197,207.26633,19.758125,-5.7652755,206.25185,19.853779,5.773718,207.0124,10.036439,-10.6169,205.09666,10.718559,17.370895,193.35527,0.91410404,-17.26233,188.62436,2.5020044,29.789858,177.92284,-17.171858,-19.780384,162.85425,11.371191,40.22119,158.4952,-24.754278,-9.52009,147.97969,27.412226,12.599482,142.7329,-13.242028,-8.996181,144.34175,-17.406527,6.851713,108.158455,3.5605297,-21.785645,110.34285,-11.30817,-1.1745813,72.49839,0.22913167,-16.612003,94.868195,-44.45548
-1.6486161,204.28148,21.516024,1.1562016,207.9648,19.35834,-5.4240937,207.13728,19.390066,5.9667983,207.94077,9.546529,-10.3630495,205.798,10.26293,17.732918,194.47137,0.58752257,-17.079342,189.3909,1.5390191,32.04716,180.87054,-17.263927,-21.503017,163.68486,9.810715,43.36789,162.01276,-25.278427,-13.013174,147.21117,25.745655,13.065323,143.31151,-13.301435,-8.328369,145.24275,-16.857235,7.5290303,108.09373,2.5207767,-23.159555,113.02167,-6.9642057,-0.8434763,72.62505,-0.6963282,-19.502628,96.53386,-39.916016
-1.3156751,205.03879,21.034437,1.3813206,208.70406,18.712498,-5.185743,207.82545,18.99352,6.183912,208.8323,9.0561075,-10.099783,206.5604,9.811334,18.114431,195.56989,-0.059188694,-16.705097,190.25604,0.5142969,33.699944,182.78932,-17.536066,-22.962093,164.58504,8.523538,46.521267,165.1962,-25.586643,-16.766785,146.62863,24.00303,13.532696,143.90553,-13.265393,-7.84781,146.0811,-16.43132,7.9709296,107.91465,1.5117795,-23.893919,115.83271,-2.794506,-0.66474116,72.5011,-1.834079,-21.962852,97.647545,-34.653347
-1.0885909,205.66986,20.36504,1.6816564,209.39323,18.209494,-4.8851204,208.47649,18.211973,6.3900037,209.89777,8.558174,-9.885226,207.43663,9.207499,18.536362,196.56839,-0.8798207,-16.554268,191.06166,-0.2798637,35.157917,184.66907,-17.953884,-24.127695,165.61903,7.6670923,49.206596,167.66978,-25.77965,-21.125652,146.68346,22.613638,14.033459,144.64253,-13.304934,-7.5142336,146.8783,-15.540319,8.532057,108.31211,0.5580737,-24.342047,118.24032,0.5113292,-0.17293961,72.84232,-2.9084404,-23.84228,97.32108,-29.2554
-0.653921,206.29367,19.645878,1.9274956,210.13657,17.485445,-4.6177163,209.08249,17.80755,6.6810384,210.48862,7.7356367,-9.637594,208.22307,8.652939,18.828253,197.5449,-2.115654,-16.401415,191.89099,-0.8926233,36.757046,186.05443,-18.087097,-25.873219,167.04692,6.058223,52.817303,170.86385,-24.685858,-25.277128,147.51514,20.68279,14.183351,145.16072,-13.444776,-7.6264505,147.39835,-14.493471,8.483838,108.56029,-0.38788298,-24.333073,119.93558,3.4800758,0.0082999775,72.857376,-4.085196,-25.266111,95.73634,-23.35598
-0.31170762,206.81248,19.010063,2.2198775,210.69275,16.853344,-4.3117833,209.56299,17.181408,7.0022535,210.9777,7.052907,-9.280661,208.68115,7.982585,19.143578,198.36119,-3.3905017,-16.274025,192.45192,-1.6553905,38.027233,187.95099,-18.8252,-27.22876,168.13966,4.803687,55.403725,173.49599,-23.57864,-29.197618,148.37044,18.847578,14.201847,145.61668,-13.621992,-7.6342716,148.01105,-13.657084,8.348918,108.743576,-1.1094016,-23.970304,121.27922,5.954621,0.015483135,73.077995,-4.9050035,-26.153782,93.40128,-16.94298
-0.08786297,207.35951,18.271376,2.610802,211.19073,16.224594,-3.9520907,210.2756,16.412003,7.236705,211.55342,6.3352094,-9.073213,209.1828,7.2820396,19.491642,199.21461,-4.37056,-16.0508,193.07887,-2.3202574,39.33183,189.36148,-18.99305,-28.976042,169.44669,3.1670132,57.845734,175.81802,-21.912935,-33.0884,149.72441,16.783596,14.158344,146.00287,-13.656832,-7.4925895,148.33864,-13.021394,7.966478,108.9781,-1.6945373,-23.213182,121.78395,7.424501,-0.058087528,73.36157,-5.8264,-26.64926,90.69473,-10.104368
0.16998036,207.90393,17.590181,2.6600766,211.81725,15.455986,-3.8604758,210.61578,15.768283,7.6642227,212.12129,5.768883,-8.650436,209.7255,6.4500904,19.719397,199.83026,-5.4674582,-15.811599,193.82489,-3.005416,40.151337,190.19899,-19.272467,-30.51967,171.03491,1.1882441,59.88259,178.01482,-19.743763,-36.664223,151.44319,14.310553,14.044852,146.09575,-13.555495,-7.4977293,148.27237,-12.13951,7.3909287,109.17074,-1.739336,-21.77403,121.35365,8.820572,-0.19577011,73.350815,-6.6112714,-26.70945,87.42602,-3.8180757
0.4272238,208.06029,16.939304,2.911346,212.00865,14.856947,-3.599789,210.74069,15.068342,8.023248,212.31984,5.211813,-8.307485,209.87508,5.7373576,19.9538,200.2659,-6.8910527,-15.787207,194.20615,-3.6451004,41.04302,190.62772,-19.545406,-32.07838,172.08432,-0.91469073,61.5044,179.65529,-17.548567,-40.099068,153.12845,11.796429,13.790787,146.10255,-13.355532,-7.7443542,148.26428,-11.270546,6.671718,109.19551,-1.3594217,-19.997461,120.417816,10.005803,-0.4633604,73.344955,-7.514672,-26.248438,85.050804,2.4289954
0.660748,208.15448,16.208368,3.2323022,212.13338,14.293099,-3.279122,210.90703,14.257095,8.32169,212.2664,4.429919,-8.018624,210.00002,4.996566,20.099373,200.43912,-8.497774,-15.423137,194.3879,-4.244585,41.730774,190.46793,-19.695015,-33.24136,173.50365,-2.6589274,62.568356,181.0008,-15.252508,-43.42204,154.71057,8.811267,13.176787,145.69829,-13.038615,-8.315045,147.86057,-10.185237,5.922131,109.00783,-0.6787796,-17.93181,118.727165,10.93331,-0.90780795,73.340164,-8.206308,-25.173216,82.89216,8.528127
1.0562856,207.7892,15.410854,3.674819,211.6768,13.383219,-2.8754714,210.63866,13.58301,8.914616,211.93675,3.7797189,-7.432929,210.12163,4.116673,19.987373,200.06148,-9.81781,-15.377512,194.4097,-5.101445,42.061405,189.84378,-19.830706,-34.500053,174.56268,-4.767146,62.792873,181.80855,-12.553972,-46.293453,156.26523,6.094809,12.707152,145.15797,-12.514105,-8.986167,147.17018,-9.016413,4.8428097,108.82722,0.227674,-15.94291,116.81928,12.177622,-1.2129831,73.09626,-9.00989,-23.415854,80.939316,13.837906
1.5188295,207.31477,14.664218,4.0585794,211.28606,12.694468,-2.4614995,210.05286,12.777652,9.36421,211.39592,2.9575775,-6.9937453,209.70407,3.3789108,19.868683,199.14236,-10.974962,-15.248563,194.27357,-5.787627,42.334152,188.65253,-19.950119,-35.48826,175.55508,-6.697644,62.460796,182.32036,-9.643722,-49.03893,157.9979,3.20956,12.017197,144.21516,-11.864249,-9.486204,145.83667,-7.62704,4.1923265,108.14463,1.2457527,-14.220048,114.76336,13.414886,-1.6933224,72.90709,-9.206221,-21.184208,79.069626,17.408558
1.9316038,206.87149,14.020869,4.385225,210.83376,11.934137,-2.1144202,209.48116,12.105713,9.843884,210.62013,2.29969,-6.499607,208.74913,2.586388,19.867298,198.03851,-12.183067,-15.039007,193.86372,-6.0146613,42.386837,186.79353,-20.108278,-36.291145,176.54594,-8.360099,61.08698,182.44952,-6.5037246,-51.561752,160.10205,0.43141592,11.305815,143.25552,-11.481104,-9.957343,144.74738,-6.4285088,3.9033942,107.48894,2.3255904,-12.691305,112.84913,14.563221,-2.0983908,72.806145,-9.4361315,-18.458069,77.220085,20.24855
1.9599016,205.92958,13.329885,4.488047,209.8692,11.275648,-2.0117714,208.58316,11.311077,10.076254,209.49893,1.6407694,-6.3227882,208.03038,1.8683228,19.96184,196.35297,-13.358031,-15.166179,193.19698,-6.4068255,42.541157,184.51764,-19.577127,-36.924774,177.0962,-9.936853,59.464527,182.39188,-3.4514143,-53.623753,161.67348,-2.2715244,10.8000145,142.2121,-10.976505,-10.3048315,143.53374,-5.0555205,3.9741154,106.805275,3.3749304,-11.236234,111.35666,15.586036,-2.5852282,72.824,-9.928646,-15.090298,75.56996,22.57578
2.369614,205.04509,12.83244,4.9974194,208.82797,10.617033,-1.5384516,207.71178,10.716068,10.427589,208.21358,1.0237421,-5.962906,206.98268,1.3593243,20.024601,194.22269,-14.287321,-15.1618395,192.3113,-6.486864,42.68029,181.21405,-19.00304,-37.405647,177.4545,-11.462818,57.228523,181.9589,-0.5218014,-55.393295,163.19493,-4.9466066,10.048997,141.13507,-10.214162,-10.771508,142.40804,-3.7698715,4.27857,105.86783,4.4735208,-9.913389,110.13007,16.83953,-3.0511172,72.9073,-10.421522,-12.857453,74.26982,23.252348
2.7904046,204.1193,12.33283,5.5025077,207.8218,10.082056,-1.0651268,206.87604,10.238476,10.946735,207.15912,0.58081806,-5.4691443,206.02623,0.81678176,20.100563,192.15128,-14.448115,-14.861166,191.49614,-6.9940104,42.470547,177.99484,-17.719822,-37.617752,177.81259,-13.019566,54.10939,181.42738,2.3917327,-56.606117,164.62297,-7.1042247,9.623037,139.87546,-9.573473,-10.9670515,141.14064,-2.66953,5.2205067,104.63731,5.2220645,-9.008441,108.71739,17.754816,-3.41112,72.676895,-10.823119,-11.7577715,72.84999,22.932285
3.4521725,203.40506,11.995861,6.2038417,207.10071,9.785355,-0.36175925,206.15472,9.801634,11.66799,206.45792,0.3002662,-4.7850394,205.36374,0.47815123,20.093092,190.62051,-14.237288,-14.228425,191.11966,-7.132368,41.741516,175.18912,-16.540274,-37.141598,178.07858,-13.808267,50.55494,180.57408,4.7199874,-57.04138,165.86142,-8.52068,9.492013,139.00558,-9.523401,-10.975996,140.29944,-2.1238716,5.931264,103.960594,5.6760163,-9.168775,107.72152,17.980066,-3.4862096,72.75373,-11.070734,-11.947643,72.100655,22.219547
4.036029,203.13518,11.844389,6.950774,206.70761,9.625979,0.343843,206.04007,9.648802,12.348859,206.4517,0.23933701,-4.077588,205.2141,0.2354098,20.735147,190.13069,-13.569596,-13.606657,191.11726,-7.4106326,40.545647,172.16357,-14.710224,-36.630146,178.59904,-14.51881,47.25411,178.4368,6.972154,-57.0102,167.11191,-9.436457,9.746555,138.49956,-9.839599,-10.75167,140.02377,-2.3766258,6.4328218,103.74936,5.481493,-9.9555025,107.58723,17.46359,-3.3718894,72.89072,-11.533539,-12.990128,72.5595,21.884327
4.8114448,203.40778,11.957662,7.5605063,207.04037,9.642616,0.98173016,206.18834,9.832145,12.933086,206.98346,0.391036,-3.4862456,205.60715,0.4755466,21.722996,190.49933,-12.654076,-12.656037,191.68312,-7.6421657,38.88856,169.75938,-13.566907,-35.684135,179.21764,-14.826831,43.624985,176.13118,8.566775,-56.277565,168.21317,-9.268403,10.063843,138.29034,-10.345957,-10.70973,140.08005,-3.470263,6.7191663,103.73722,4.8526683,-10.750324,107.82203,16.137007,-3.094161,72.989876,-12.06376,-14.648116,73.301254,21.982906
5.2657843,203.87312,12.19781,8.017565,207.58202,10.016049,1.4445844,206.59221,9.998908,13.498227,207.68202,0.7494952,-2.9628787,206.18521,0.6859613,22.92706,191.13158,-11.419078,-11.675449,192.40904,-8.065661,37.370487,168.40512,-12.587567,-34.661415,179.83617,-15.071949,40.212986,173.77863,10.157768,-54.99258,169.39787,-7.9830475,10.7399645,138.70784,-10.872889,-10.443904,140.76556,-5.226847,6.9923453,104.16467,4.047067,-11.982662,108.58857,13.829617,-2.5675354,73.03947,-12.529571,-17.182575,74.63426,22.073933
5.6070414,204.28062,12.511051,8.431952,208.05342,10.530461,1.8710388,207.07686,10.251048,13.979879,208.37065,1.3176888,-2.439121,206.8177,0.94359654,24.10444,191.8067,-10.125218,-10.396718,193.14122,-8.4997635,36.424103,167.68362,-11.338293,-33.43238,180.72635,-14.978854,36.351665,170.27425,11.980468,-53.072815,170.85718,-5.6959286,11.665981,139.49274,-11.5703535,-9.8882065,141.5804,-7.530917,7.028254,104.83817,2.8665402,-13.496945,109.54689,11.199489,-1.8700069,73.10419,-13.088974,-20.868166,76.50229,21.22796
5.670208,204.73721,12.764015,8.478575,208.67346,11.096586,1.9637547,207.56815,10.489852,14.583717,208.97673,1.9084822,-1.8106235,207.3968,0.85557324,25.152746,192.64641,-8.948103,-9.335354,193.92973,-8.758342,35.307735,167.64038,-10.077161,-32.506714,181.56226,-14.604628,33.611877,166.26842,13.319804,-50.76624,172.40955,-2.4563634,12.620956,140.39479,-12.073895,-8.943408,142.63243,-9.4677305,7.2934866,105.21683,1.339336,-15.351312,110.51721,8.724045,-1.3106424,73.014145,-13.581117,-24.658764,77.70026,19.469646
5.810041,204.98636,13.068831,8.6448555,208.97829,11.594149,2.1399696,207.9041,10.860097,14.869532,209.18845,2.3742766,-1.5346808,207.73415,1.115762,25.897339,193.3781,-7.6670976,-8.385264,194.26468,-8.753793,34.96137,168.17516,-8.734519,-31.89826,182.33842,-13.808139,31.118225,160.48549,13.33591,-48.21216,174.39136,1.4304409,13.627745,141.08997,-12.889302,-8.068041,143.40413,-11.045204,7.529527,105.62832,-0.07972203,-17.14561,111.75694,6.7352567,-0.47072977,72.778725,-13.772366,-28.883862,79.13013,16.23542
5.768525,204.97679,13.784529,8.677684,208.94167,12.360493,2.181406,207.92276,11.481785,14.941078,209.17824,3.1275728,-1.3899766,207.76883,1.7016443,26.090778,193.52473,-6.506979,-7.680938,194.5504,-8.732479,35.322144,168.5188,-7.2774515,-31.668293,183.66426,-13.322796,30.509642,157.1018,13.057011,-45.851948,176.91154,4.319151,14.619532,141.53032,-13.711992,-7.089416,143.96002,-12.339279,8.118919,105.90904,-1.095227,-19.052986,113.09466,5.3124924,-0.16637978,72.613365,-13.882489,-33.32977,80.49301,11.724016
5.6800346,204.67278,14.436792,8.617977,208.6703,13.200346,2.108131,207.7413,12.285625,14.906127,208.88321,3.811983,-1.4699924,207.49387,2.3994718,26.29487,193.4165,-5.2653584,-7.1479836,194.42624,-8.538341,36.07666,168.63799,-6.157544,-31.692574,184.99057,-12.270366,30.216513,154.13162,11.81856,-43.418106,180.06123,7.344717,15.597525,141.91237,-14.640709,-6.3056345,144.46979,-13.226167,8.949409,106.34764,-1.6830662,-20.87636,114.78991,4.5435324,0.06938726,72.82585,-13.832256,-37.605984,82.478424,5.77278
5.5431404,204.35915,15.113242,8.552618,208.23465,13.663328,2.0232878,207.39328,12.820915,14.65955,208.42827,4.400652,-1.7110231,207.13316,3.0738728,26.39334,193.17642,-4.157828,-6.863052,194.16902,-8.619272,36.779934,168.53867,-4.794912,-32.10967,186.10852,-10.536404,30.003754,151.41733,10.252674,-40.276493,183.37593,11.091965,16.455122,141.60977,-15.0853405,-5.71132,144.50142,-13.91988,10.329722,106.2405,-1.9586209,-22.57568,115.872246,3.6208334,0.27303246,73.07647,-13.565893,-41.766262,84.97183,-1.3993311
5.4669857,203.90361,15.645867,8.36515,207.78835,13.984706,1.8397782,206.81506,13.363385,14.525188,207.8741,4.89002,-1.8627788,206.3707,3.5477612,26.609104,192.66182,-2.8985076,-6.9980054,193.71538,-8.209695,37.611027,168.21007,-4.1168237,-32.868553,187.36975,-8.342453,30.658249,149.52008,8.674447,-37.260532,186.79456,14.599967,16.993341,141.121,-14.897404,-5.323725,144.36082,-14.357359,11.667359,105.5612,-2.0221355,-24.046013,116.87684,2.4954793,-0.20636678,73.011795,-13.210186,-45.17021,88.49481,-9.14707
5.274504,203.54004,15.995016,8.253108,207.34444,14.334643,1.7392715,206.37415,13.482338,14.184721,207.1574,4.957566,-2.1826887,205.7699,3.9770808,26.522573,192.1599,-1.8677176,-7.704973,193.1739,-8.081654,38.81066,168.51163,-3.4770923,-33.92739,188.79344,-5.6926885,31.658104,148.8134,7.2980633,-33.98213,190.19872,17.775166,17.362358,140.57492,-13.891613,-5.2473435,144.22847,-14.917084,12.609929,104.838326,-1.3913621,-25.150126,117.50621,1.1077954,-0.8290352,73.0721,-12.896393,-47.391544,93.694336,-16.712065
4.6413956,203.19678,16.254007,7.667526,206.95274,14.576984,1.1538479,206.02248,13.671393,13.543287,206.92004,5.3021555,-2.7521353,205.40527,4.1596794,26.432196,191.74855,-0.8688155,-8.345315,192.74913,-7.7307982,40.39707,169.12779,-3.3248522,-34.771313,190.41609,-3.0270672,32.691513,148.73392,5.9094434,-30.767658,194.90855,19.739408,17.389975,140.08319,-12.413398,-5.4066453,144.04858,-15.390899,12.948105,104.09988,-0.20915425,-25.918001,117.20548,-0.37014318,-1.4341003,72.73711,-11.805936,-47.469753,99.46032,-24.47201
3.8413098,202.89905,16.455801,6.8856025,206.75027,15.025177,0.3964306,205.86052,13.961125,12.636299,206.94203,5.5732512,-3.656638,205.23674,4.4366794,25.70819,191.81737,-0.40617278,-9.216407,192.65126,-7.1622434,41.68716,170.53654,-3.6402698,-34.879715,191.77863,-0.41357064,33.747433,150.12517,4.493347,-26.974365,199.36673,20.630404,17.031527,139.74063,-10.889634,-5.54593,143.65678,-15.162548,12.488683,103.635284,0.9874528,-26.536741,116.69836,-1.6332424,-2.3845196,72.593445,-10.952333,-45.228317,104.73685,-31.303223
2.6289513,203.18546,16.466341,5.827294,206.96815,15.208631,-0.64014494,206.28342,13.889366,11.689564,207.24307,5.7749243,-4.730192,205.78499,4.543033,24.815712,192.20775,-0.1987816,-10.127099,192.76779,-6.0036144,42.655807,172.34244,-4.5425677,-35.160374,193.6775,2.834133,34.660606,151.98067,3.5245917,-23.387968,203.664,20.4514,16.469158,139.50563,-9.671609,-5.8835917,143.39934,-14.435053,11.506071,103.61108,2.0021214,-27.079687,115.88223,-2.8570268,-3.1813507,72.62632,-10.188491,-40.06276,109.43667,-36.797398
1.6506405,204.06865,16.842188,4.795349,207.84677,15.414177,-1.7028267,207.151,14.359311,10.626851,207.91194,6.0845227,-5.7343454,206.80998,4.9829392,23.92386,193.08981,-0.31381547,-10.808758,193.51949,-5.377436,43.18968,175.27689,-5.8031697,-34.893047,195.05795,5.6950994,35.36616,154.8514,2.7915602,-21.26888,207.16444,19.989058,15.903191,139.7801,-8.533536,-6.0393624,143.5794,-13.908306,9.868254,103.82138,3.0768912,-26.780022,115.14141,-5.056241,-4.1637316,72.451485,-9.392526,-33.933018,112.63655,-40.850716
0.52320665,204.29715,16.765022,3.6996694,208.1498,15.6593685,-2.801513,207.51299,14.420129,9.685666,208.62589,6.311497,-6.7027473,207.35805,4.8379884,23.003223,194.10097,-0.58293086,-11.297564,194.27696,-4.6223536,43.458817,178.15599,-6.928634,-34.476116,196.25154,8.31608,36.167187,157.79904,2.136003,-19.42144,210.26071,19.639784,15.0799675,140.13661,-7.593818,-6.38223,143.80411,-13.33742,7.994169,104.24972,4.288101,-26.321957,114.44237,-7.0412636,-5.038059,72.70942,-8.768086,-27.170279,113.97959,-43.499466
-0.53424907,205.36586,16.905592,2.6102672,209.2428,15.805623,-3.8802297,208.57994,14.58291,8.642639,209.6824,6.3953915,-7.6643376,208.30511,4.9186187,22.111214,195.62936,-1.0184935,-11.893639,195.35709,-4.4069457,43.397644,181.12929,-8.071172,-33.708668,197.42133,10.703871,36.579453,160.90633,1.7024999,-17.892467,212.75565,18.94076,14.220472,140.79817,-6.7371097,-6.9711246,144.38983,-12.87398,5.707722,105.003395,4.9738264,-25.481836,113.85774,-8.782862,-6.1410875,72.930885,-8.2542305,-19.10177,113.71704,-44.784298
-1.5976896,206.70912,17.079264,1.4410622,210.62982,15.849006,-5.000515,209.6965,14.5534935,7.56325,210.80591,6.404468,-8.749285,209.19362,4.953279,21.000189,197.1234,-1.5624257,-12.573158,196.24368,-4.255527,42.95726,183.70201,-9.030946,-32.99062,198.53862,12.898277,36.625183,163.79353,1.4308851,-16.919243,214.66571,18.430677,13.658244,141.96306,-5.9630694,-7.1703167,145.20593,-12.813186,3.6819954,106.02389,5.110481,-24.394146,113.58543,-10.530098,-7.175282,73.175964,-8.067455,-10.356932,111.37494,-44.48712
-2.7307901,207.6868,16.777891,0.36186367,211.64304,15.817618,-6.02788,210.79051,14.240951,6.6348166,211.74576,6.302315,-9.658355,210.34293,4.608179,20.084349,198.49225,-1.8207316,-12.987656,197.13916,-4.406464,42.28202,185.99446,-9.876366,-32.041985,199.45216,14.3095665,36.83951,166.7748,1.8361099,-16.462194,216.33714,17.503445,13.399868,143.02568,-5.3908625,-6.9623823,145.84885,-13.325518,1.5292792,107.0005,4.932022,-22.828318,113.31827,-11.59215,-7.835565,73.29451,-7.847589,-3.596581,108.38326,-42.068417
-3.7036421,208.7928,16.530844,-0.7365257,212.77222,15.289784,-7.190461,211.77087,14.107357,5.635044,212.74475,6.0067663,-10.675391,211.41402,4.4019675,18.794123,200.08276,-1.9865259,-13.456526,198.16138,-4.581009,41.2015,188.20644,-10.508942,-31.10943,199.93152,15.527612,36.851685,169.53275,2.5284114,-16.03744,217.61557,16.418827,12.6964445,144.51682,-4.5445437,-6.866829,146.81683,-13.545704,-0.8082767,108.493324,4.6909127,-20.588223,112.80828,-13.427966,-8.288089,73.498276,-7.5520663,4.2820363,104.988686,-39.35573
-4.7594094,209.96318,15.943148,-1.7138342,213.81752,14.532945,-8.138922,212.80089,13.215765,4.822901,213.59288,5.5131564,-11.4793215,212.25124,3.6186633,17.808517,200.9076,-1.9910401,-13.984867,198.84181,-4.9673243,40.486046,189.5646,-10.767466,-30.57707,200.14194,16.233355,36.9164,172.00867,3.7243874,-15.634651,217.94879,15.889017,11.740202,145.64532,-3.7081008,-6.756325,147.19528,-14.156265,-2.796094,109.49551,4.159412,-18.31076,112.10829,-14.070588,-7.7741003,74.19054,-7.946414,10.151288,101.74887,-35.22265
-5.7919874,210.90038,15.283531,-2.65943,214.68755,13.874076,-9.036207,213.65546,12.3224325,3.9134169,214.28018,4.996513,-12.332755,212.8102,2.744738,16.770258,201.59476,-2.5624151,-14.768114,199.51183,-5.2237144,39.67841,190.61116,-11.180404,-30.392431,200.09265,16.771124,36.88364,174.40346,5.0644593,-15.860271,218.10376,15.250117,10.662874,146.47159,-2.8175585,-6.5583405,147.484,-14.818161,-4.418145,110.04968,3.4504125,-15.512126,111.09266,-14.608895,-6.668396,74.57351,-8.868499,16.089607,97.908966,-29.677757
-6.6820645,211.63907,14.776234,-3.3339143,215.20085,13.2856655,-9.731127,214.47113,11.680601,3.163251,214.55655,4.4435296,-13.058708,213.01904,2.1148102,15.613851,201.85562,-3.7840815,-15.232667,199.90036,-5.552473,39.097584,191.17796,-10.885253,-30.143644,199.45436,16.85059,36.271275,176.204,6.5067277,-16.390984,218.02756,14.857551,9.739042,146.93292,-1.9125062,-5.8397393,147.64642,-15.590481,-5.7746863,110.29552,2.4624228,-12.357975,110.10138,-15.127878,-5.3225584,74.93027,-9.822511,19.983065,93.40369,-24.302946
-7.323086,211.43849,14.127319,-4.0799446,215.02608,12.461551,-10.499761,214.13533,11.034293,2.4888606,214.41792,3.808207,-13.679576,212.83563,1.4340761,14.846247,201.67325,-4.386949,-15.969029,199.63281,-6.242866,38.97285,191.00755,-9.590907,-30.21117,198.31725,16.402119,35.369957,177.28992,8.513767,-16.883545,217.21951,14.527708,9.019196,147.3288,-1.5983062,-5.063711,147.69244,-16.752228,-7.3559494,110.77353,1.6443156,-8.66102,109.34165,-15.556011,-4.048814,75.4547,-10.866915,23.078493,89.04665,-18.959175
-7.738162,211.15944,13.329917,-4.683621,214.89186,11.645769,-11.093966,213.73462,10.33647,2.0164275,213.85257,2.7980187,-14.189946,212.35161,0.5943339,14.085955,200.81458,-4.778307,-16.755728,199.24017,-7.2381296,38.718105,190.45645,-8.014773,-30.331879,196.56972,15.790021,34.237408,177.84856,10.659995,-17.374826,215.93437,14.274472,8.597888,147.39108,-1.7528495,-4.5628552,147.62088,-17.2548,-8.434737,110.91921,0.68398106,-4.963205,108.657936,-15.400544,-2.8520083,75.61697,-11.673271,25.325146,85.04592,-14.000299
-8.112881,210.44237,12.583812,-5.242216,214.37616,11.029205,-11.596637,212.98695,9.702207,1.4227241,213.50465,1.9643459,-14.757883,211.53125,-0.0706213,13.472308,199.86615,-5.076709,-17.357111,198.36906,-8.761965,38.28119,189.32799,-5.7897487,-30.78576,193.94833,14.162452,32.623997,177.25221,12.85601,-18.119272,213.65862,13.925303,8.424147,147.22987,-2.0085793,-4.1776295,147.04529,-17.37478,-8.655116,110.61564,-0.47766376,-1.0220027,107.90806,-14.847756,-1.8250519,75.14321,-12.117122,27.427198,81.50225,-9.698391
-8.520804,209.72784,11.868719,-5.6367674,213.56398,10.101148,-12.048587,212.25586,9.01537,0.94078875,212.76024,1.2085447,-15.278691,210.79413,-0.6574452,13.126802,198.37697,-4.5867567,-17.711617,197.46039,-10.540443,37.796593,187.44429,-2.8723762,-31.042725,190.50352,11.8248625,30.272583,176.11073,15.529034,-19.050852,210.67105,13.639693,8.357813,146.40848,-2.1577425,-3.5363193,146.00688,-17.64247,-8.358256,109.8851,-1.51439,2.4306824,107.27537,-13.932701,-1.194595,74.2906,-12.755142,29.45395,79.5892,-6.527905
-8.726023,208.37347,11.224854,-5.9191694,212.28372,9.521033,-12.295493,210.85095,8.387227,0.7246207,211.64536,0.5778643,-15.5176325,209.94667,-1.2445954,13.059399,196.88148,-3.9516895,-17.605272,196.42996,-12.369423,36.853756,184.62747,0.61284524,-31.391272,186.1103,8.333719,26.722559,174.5243,18.634003,-19.977343,206.36552,12.973374,8.33353,145.51894,-2.1027215,-2.5124824,144.99698,-18.135883,-7.7710958,108.93497,-1.9533603,5.4387665,106.424644,-12.7774935,-1.1438785,73.574005,-13.169602,31.72703,78.545815,-4.5601525
-8.725789,207.31534,10.727068,-5.754099,211.12015,9.065621,-12.224285,210.04196,8.050547,0.69854146,210.27187,-0.04570268,-15.567348,209.06734,-1.6870307,12.814181,195.31812,-3.419873,-17.643969,195.24174,-13.965745,35.519024,181.95982,3.7100735,-31.337217,181.48723,4.8029056,23.38979,172.40402,21.027624,-21.065374,201.43788,12.032985,8.620328,144.72882,-1.7065748,-1.5226587,143.90422,-18.536148,-7.2678204,108.32473,-1.810468,7.871797,105.734024,-11.404458,-1.5979655,73.251015,-13.618398,33.792862,77.559555,-3.2224271
-8.749952,206.07408,10.324794,-5.6292076,209.7595,8.630234,-12.163838,209.00815,7.7623158,0.78426236,209.05038,-0.3435511,-15.452982,207.76883,-2.218744,12.668744,193.74286,-2.5487583,-17.218634,193.80457,-15.610545,33.59793,179.35846,7.0022855,-30.560144,176.45424,0.19043426,19.493296,170.01785,23.178339,-21.827251,195.86266,10.639393,9.188441,143.89688,-1.1740044,-0.4634062,142.93529,-18.626974,-7.0933886,108.071846,-1.1165075,9.873254,105.19984,-10.684892,-1.7845507,73.27281,-13.471754,35.33743,76.83341,-1.9320656
-9.099299,204.6913,9.853066,-6.0687366,208.48004,8.217301,-12.513546,207.44252,7.0868306,1.0529398,208.13194,-0.084447876,-15.024029,206.57037,-3.0557587,12.34956,192.23262,-0.97916424,-16.04622,192.26833,-17.114689,30.991879,176.70558,10.850107,-28.513798,171.32779,-5.6383567,14.582972,166.75066,24.433212,-22.128962,189.52348,8.750997,10.096912,142.93767,-0.35980648,0.8729554,141.80602,-18.267242,-7.135055,107.714554,-0.31363118,11.725912,104.38719,-9.798396,-1.7340052,73.2734,-12.870545,36.59052,75.76039,-0.7094782
-9.643987,203.73921,9.5788145,-6.4002523,207.50195,8.335093,-12.696481,206.58264,6.50006,1.3870326,207.506,0.7840129,-14.301596,205.69066,-3.8187556,12.185831,191.2911,1.5148122,-14.491611,190.92345,-18.381199,27.849447,173.68405,14.8024235,-25.916796,167.3801,-12.470245,8.81488,163.84468,24.702913,-21.687649,182.36058,5.75345,10.893586,142.02797,0.59054667,2.398213,140.83891,-17.991253,-7.1035323,107.33868,0.5323353,12.961463,103.72656,-9.00152,-1.6355561,73.11706,-12.144177,37.387005,75.14336,0.71268934
-10.421875,202.94522,9.276943,-7.003271,206.676,8.553442,-13.055642,205.93878,5.9627056,1.6040114,206.90074,1.9815258,-13.30612,205.12967,-4.601704,11.373519,190.67728,4.6087165,-12.26982,189.83594,-19.696947,24.108887,171.18526,17.947645,-22.197319,164.73207,-19.401957,3.1110413,161.92682,24.612228,-20.77611,175.15741,1.8689752,11.400167,141.5182,1.9317422,3.984715,140.33186,-17.53342,-7.020072,107.04629,1.5979989,14.063143,103.31427,-8.106088,-1.4047107,73.0278,-11.0886965,37.809456,74.87854,2.086889
-11.640737,202.83778,8.736434,-8.190488,206.61319,8.657639,-13.759645,205.89374,5.127834,1.4212797,206.63745,3.4921968,-12.198178,205.03094,-5.4779835,10.597582,190.19809,7.534185,-9.279272,189.37741,-20.671694,19.902353,169.1361,21.182781,-17.373138,164.00664,-25.315172,-2.091764,160.97878,23.694174,-19.088333,168.69386,-2.3885117,11.840916,140.91063,3.3570518,5.7455354,140.02559,-16.744741,-7.3261166,106.9673,2.3615522,14.800472,103.00674,-7.257092,-1.4004942,73.07038,-9.973917,38.040028,74.732185,3.6852636
-13.415454,202.8976,7.7181516,-10.046488,206.6653,8.494963,-14.666617,206.02466,3.7799604,0.5265051,206.51288,5.2947674,-10.863617,205.21228,-6.301038,9.129708,190.00671,10.147891,-6.114205,189.79205,-20.69719,15.618658,167.946,24.035046,-10.980182,165.00658,-30.020514,-6.3599133,159.72575,21.591572,-16.808907,163.68338,-7.4169207,11.505408,140.36703,4.9042025,8.047525,139.80011,-15.470187,-7.946478,106.85647,3.2077513,15.595049,102.95476,-6.2001867,-1.3315693,72.91654,-8.457581,38.110577,74.75883,5.389311
-14.983664,203.06912,5.9211287,-12.020374,206.74174,7.9022856,-15.026697,206.43832,1.9911553,-1.0000316,206.84181,7.281363,-9.040909,205.9383,-6.8723116,6.434211,190.61157,12.540718,-2.14427,190.82364,-20.17811,10.488251,167.7837,26.403662,-3.4221137,167.32526,-33.457104,-10.556937,159.99034,18.530037,-13.807592,162.04951,-13.065229,9.729674,140.22395,6.8689046,11.327835,140.11305,-13.592266,-8.543377,106.7201,3.8861568,16.00774,103.10056,-4.999316,-1.4070889,72.7099,-6.662763,37.965343,75.05044,7.501689
-16.349163,203.68852,2.9998527,-13.851175,207.03767,5.9581637,-14.541733,206.92177,-0.6296545,-3.4975054,207.04253,8.924434,-6.7183604,207.14143,-7.054214,3.4711974,190.80484,15.067388,1.4668815,192.12059,-19.290146,5.6387796,167.20082,27.970144,3.8102314,170.43938,-35.078445,-13.670833,160.41179,15.714633,-10.0778265,162.83951,-17.508427,8.205233,140.75325,8.79884,14.09962,140.88026,-11.496269,-9.463582,107.26898,4.321369,16.236753,103.643684,-3.9078536,-2.0636177,72.80878,-4.7074175,37.3051,75.40169,9.917602
-16.69974,205.04756,-0.59626395,-15.060849,208.01904,3.2310262,-13.587409,208.22726,-3.2422993,-6.483528,207.55624,9.4576645,-4.1478057,208.59277,-6.659157,0.7603136,191.26036,17.14904,4.6361413,193.74112,-17.747005,0.9668688,166.91649,28.868608,10.016081,173.98679,-35.24268,-15.273496,162.14806,12.237319,-6.0854325,165.37735,-20.299866,6.4900756,141.47191,10.414658,15.541407,141.87387,-9.196959,-10.474839,107.773346,4.6691504,16.189161,104.37268,-2.651268,-2.802818,72.80031,-2.7680194,36.01587,75.81968,12.376049
-15.569837,206.50417,-4.3269777,-15.329626,209.34776,-0.0796054,-11.9111395,209.89651,-5.741268,-9.471883,208.56436,8.770365,-1.7392099,210.12822,-5.5622897,-2.4925776,191.57614,18.199692,7.3811088,195.40018,-15.753927,-4.2340746,166.78128,28.99789,15.738433,177.46907,-33.869736,-15.905829,163.93286,8.561488,-2.6212444,168.19797,-22.118801,4.481481,142.12506,11.705831,16.196571,142.72293,-6.827042,-11.367174,108.26487,4.82275,16.150478,105.17862,-1.017897,-3.7823942,72.88581,-1.1674825,34.476913,76.467545,15.407014
-13.271442,208.32089,-7.7600417,-14.58348,211.09937,-3.6781645,-9.324965,211.69806,-7.679691,-11.966213,209.5694,6.7599926,0.17150651,211.6177,-4.03769,-6.541862,191.96547,18.327177,10.372713,197.1774,-13.143892,-9.522114,166.80867,27.9751,21.282667,180.82396,-31.166714,-16.71155,166.19235,5.4303813,1.4751421,171.94397,-22.221287,1.7007021,142.82549,12.164608,16.452559,143.65854,-4.5882063,-12.428799,108.56096,4.471286,15.80272,106.05034,0.5678708,-5.063326,73.13252,0.19316825,32.15574,76.95916,18.386103
-9.763881,210.13367,-10.423436,-12.328698,212.86295,-6.9422584,-6.0884767,213.54053,-9.067579,-13.712443,210.98547,3.6156595,1.3324927,213.54184,-2.1731565,-10.685225,192.67685,17.386002,12.400255,198.8133,-10.1318035,-14.921851,166.91025,25.658974,25.796192,183.27614,-27.04539,-16.708977,168.96451,2.1611433,4.5349007,175.27296,-20.974262,-0.8883556,143.80359,12.250442,16.268719,144.90572,-2.3030202,-13.32797,109.01034,3.611247,15.358801,107.17165,1.7711502,-6.373928,73.33361,1.4103347,29.108444,77.77505,21.195953
-6.0961156,212.0007,-12.0580635,-9.586911,214.76991,-9.551411,-2.980859,215.35483,-9.611743,-14.417823,212.56177,-0.011320739,1.703887,214.92345,-0.42769828,-14.399118,193.73381,15.509054,13.793375,200.26126,-6.950966,-18.88299,167.94933,23.017162,29.195843,185.24036,-22.587564,-15.754052,171.01222,-0.28315708,7.124493,178.48471,-18.91364,-3.802464,144.71153,11.644682,15.8037195,146.01556,0.018634854,-13.976177,109.35949,2.1159377,14.709283,108.203835,2.5805333,-7.761771,73.483894,2.0123794,25.32768,78.56155,23.497179
-2.539157,213.51416,-12.628567,-6.5425096,216.29453,-11.099747,-0.13005793,216.88013,-9.488247,-14.014169,214.25034,-3.4564872,1.665811,216.14706,0.8284701,-17.352682,195.13377,12.558377,14.614404,201.16861,-4.107984,-22.574755,169.59045,20.011627,31.8175,185.90445,-17.460577,-15.074934,172.63728,-2.045825,9.127413,181.067,-16.120127,-6.3455806,145.7703,10.367431,14.878342,147.06168,1.9304278,-13.852652,109.68834,0.11809806,14.159058,109.03631,3.3100853,-8.808743,73.55349,1.9113203,20.972715,79.09846,25.371725
1.1286782,214.90637,-12.111917,-3.1423872,217.63033,-11.439629,2.6932788,218.09436,-8.329252,-12.5086155,215.28833,-6.540465,1.2592121,216.9515,2.0201359,-19.7627,196.14864,9.508593,14.860513,201.86601,-1.1772512,-25.733946,170.76358,15.94976,33.67704,186.31128,-11.742695,-14.753175,174.82301,-4.716914,10.854176,183.12907,-13.507179,-8.638427,146.56332,8.568483,13.485331,147.76163,3.902193,-13.4427185,110.252,-2.0909948,13.390063,109.811745,3.823258,-9.46838,73.742714,1.1871256,16.102055,79.89565,26.696749
4.115627,215.72566,-10.802335,-0.13821034,218.47816,-11.393179,4.7903857,219.19301,-6.9991827,-10.511509,216.35962,-8.7271595,0.8212144,217.75098,2.9625967,-21.387213,197.30762,5.735406,14.57606,202.49054,2.0401886,-28.587229,171.81436,10.513303,34.257812,186.2487,-5.1252794,-13.572914,176.49913,-7.153487,11.979612,184.24417,-11.330168,-10.540587,147.29555,6.114212,12.011654,148.36223,5.910702,-12.192504,110.51009,-4.106131,12.781721,110.6184,4.8337007,-9.483361,74.03099,0.07892963,11.079442,80.45706,27.447882
6.6201687,216.1592,-9.220108,2.661152,218.90274,-10.895611,6.4678907,219.77802,-5.515906,-8.094333,217.12506,-10.291207,0.533025,218.22633,3.5568788,-22.532637,198.47067,1.9241889,14.1544075,202.58855,4.587046,-30.23537,173.0882,5.928313,33.39216,184.84554,0.97242993,-12.542151,177.62434,-9.2094965,12.504416,184.9605,-9.256253,-12.024928,147.92043,4.138841,10.526638,148.92871,7.7254267,-10.647919,110.714485,-5.7609253,11.75156,111.16892,5.9267325,-8.717052,74.22441,-1.9392997,6.1829762,80.40625,27.328949
8.776,216.29729,-7.4625845,5.1483517,218.99074,-9.848641,7.8203235,219.8732,-3.8383024,-5.231363,217.11804,-11.743503,-0.020122586,218.68913,3.6060958,-23.041016,199.37468,-1.1867445,13.380573,202.49086,6.6444936,-31.246262,174.09198,1.3412378,31.661654,183.29982,6.4331336,-11.404988,178.20923,-10.734895,12.781414,184.56926,-7.2051725,-13.086976,148.37422,2.2065606,8.789469,149.20047,9.337738,-8.91177,110.94148,-7.3307104,10.668193,111.33471,7.3258553,-7.610817,74.31268,-3.863099,1.5273361,79.94609,26.318537
10.192157,216.095,-5.5573106,7.3750424,218.85226,-8.798984,8.610107,219.84023,-2.3514721,-2.8598664,217.06097,-12.316592,-0.5164691,218.74478,3.678928,-22.809782,199.74367,-4.4958963,12.25039,201.95119,9.051969,-31.52954,174.56378,-3.346229,28.895882,181.27773,11.222943,-9.880886,178.37949,-11.582069,13.158259,184.1322,-5.7197633,-13.810097,148.38551,0.19596954,6.485051,149.06123,10.976991,-6.782692,111.39633,-8.69279,9.765516,111.537315,8.687052,-6.02299,74.79174,-5.5784383,-2.520086,79.62682,24.625694
11.138631,215.5704,-3.7457867,9.250157,218.33894,-7.589076,9.10739,219.50827,-1.0583363,-0.6269087,216.84271,-12.530068,-0.8786928,218.50691,3.6121035,-21.612991,199.84242,-8.500892,10.215981,201.31049,11.776022,-30.992483,174.94417,-7.9930124,25.023296,179.32463,16.103235,-7.8847466,177.84283,-12.674002,13.058684,182.58229,-3.6785152,-13.853237,148.2972,-1.9890705,3.8935177,148.83525,12.67493,-4.57584,111.52118,-9.906331,8.8475685,111.62497,9.994446,-4.2161083,74.755714,-6.8456297,-5.894217,79.4232,22.349985
11.85871,214.85837,-1.8400947,10.962431,217.81087,-5.90305,9.3639555,218.77132,0.4626754,1.5973243,216.4826,-12.234559,-1.0903658,217.74619,3.7605128,-19.789055,199.61787,-12.079315,7.846273,200.55492,13.969165,-29.85085,175.06544,-12.933519,20.12782,177.74658,20.39739,-6.3017855,177.06653,-13.697641,12.6590185,180.09407,-1.6587268,-13.194044,147.91924,-4.3219266,1.3367323,148.2655,13.844282,-2.3824499,111.46004,-11.0467615,7.694537,111.30781,11.268163,-2.237565,74.87938,-7.5842013,-8.600687,78.319214,19.597609
12.391883,213.89977,0.26586914,12.412636,216.82056,-3.9187956,9.35082,217.74586,1.9070508,3.7304053,215.37852,-11.509372,-1.250696,216.71396,4.0313535,-17.610462,199.00946,-15.035406,5.6632423,199.36975,15.477905,-28.185215,174.99374,-17.595959,14.669359,175.67804,23.428127,-4.626041,175.33038,-14.498444,11.961289,177.41663,0.29892412,-12.913935,147.49866,-6.2947154,-0.8664177,147.7636,14.276617,0.1403308,111.22429,-11.888975,6.3628716,110.70035,12.47445,-0.67458385,74.73187,-8.112521,-10.555486,77.25996,16.693892
12.656712,212.8717,2.355556,13.150312,215.75089,-1.840915,9.02042,216.44463,3.28815,5.91745,213.81216,-10.522005,-1.4190826,215.46916,4.027688,-14.972311,197.93135,-17.515133,3.009149,197.78592,16.492641,-25.54476,174.17455,-21.661837,9.108162,173.4082,25.404198,-2.779428,172.57494,-14.938569,10.765138,174.06465,2.0127475,-12.134713,146.6338,-7.891921,-3.3841853,146.85902,14.06592,3.250654,110.71932,-12.336744,4.758457,109.921265,13.490805,0.31728822,74.22879,-8.433141,-11.719263,76.015144,14.002557
12.357224,211.65997,4.124055,13.441763,214.56079,0.058465466,8.638549,215.25557,4.5778265,7.429619,212.44002,-9.610736,-1.7577757,214.21065,3.857004,-11.263638,196.50688,-19.279896,0.16859226,196.10887,16.859095,-21.550295,172.93317,-25.629477,2.7921548,171.37152,26.502573,-0.92117786,169.20654,-14.597212,8.737824,170.5458,3.484731,-10.453947,145.39725,-9.539047,-6.0533037,145.69923,13.532957,6.283714,110.02884,-12.191625,3.6157098,109.270546,14.332843,0.7242517,73.71049,-8.355642,-12.189264,75.283005,11.8740835
12.06032,210.14526,5.654194,13.337252,213.0973,1.6776226,8.1061125,213.51639,5.728274,8.565553,211.20128,-8.470656,-1.971217,212.56473,4.037862,-6.995171,195.17667,-20.555107,-3.1772242,194.66359,16.885422,-17.06114,171.89381,-28.997194,-3.3909566,170.0176,26.648928,0.65831906,165.3533,-14.687176,6.8044558,166.05783,5.43784,-7.76438,144.39316,-11.162564,-9.145487,144.33861,12.425703,8.951387,109.23463,-11.603911,2.508637,108.33769,15.247331,0.9898093,73.15022,-8.320888,-12.47627,74.532684,10.05432
11.410587,208.6855,7.126174,12.964652,211.60419,3.2344089,7.4611163,212.04944,6.920355,9.36957,209.78445,-7.277132,-2.441353,210.94362,4.0862103,-3.0624,193.45996,-21.301842,-6.245733,193.07281,16.160292,-11.60422,169.98314,-31.353638,-8.771797,168.31328,25.596024,2.6621678,160.47073,-14.74543,4.6469965,161.21501,7.291187,-6.055109,143.02794,-12.595557,-11.00384,142.95918,10.816296,11.065998,108.257195,-10.838988,1.4133728,107.5859,16.20023,0.8991757,72.846924,-8.328425,-12.709183,73.910416,9.009836
10.403426,207.15097,8.479668,12.3635025,210.15686,4.835272,6.5804553,210.63028,8.051291,9.943804,208.49667,-6.06073,-3.0464725,209.49205,3.9661086,0.1059066,191.89146,-21.486734,-9.168493,191.33104,14.928525,-5.580348,168.16261,-33.01797,-13.443461,166.12738,23.498558,5.4740663,155.90485,-15.832439,2.685928,155.704,9.36899,-4.3860726,141.46584,-13.485423,-12.321392,141.56747,9.069786,12.86965,107.179436,-9.700745,0.14754346,106.83905,17.083569,0.69130856,72.59068,-8.399124,-13.31935,73.38358,8.701404
9.371642,206.12392,9.478973,11.467491,209.12366,5.9048104,5.5672307,209.59862,8.900325,10.087145,207.39618,-5.00851,-3.6633315,208.59099,3.9301403,3.0671835,190.74564,-21.007345,-11.382886,190.13718,13.073975,0.4946637,167.19011,-33.807293,-17.579145,165.01917,20.983257,8.177022,152.61494,-16.56041,-0.20200115,151.47263,12.103889,-2.539443,140.52852,-14.228931,-13.045097,140.69977,7.1820064,14.366704,106.37601,-8.559533,-1.1958404,106.44601,17.795494,0.90800697,72.424286,-8.784692,-13.899344,73.004524,8.603843
8.194729,205.46701,10.364375,10.519599,208.52911,6.98594,4.4114943,208.9144,9.53899,10.021076,206.81934,-3.9706705,-4.414179,207.752,3.8486953,6.126804,190.39223,-19.60022,-13.321886,189.52003,10.900083,7.6080546,167.42166,-33.70084,-20.753716,164.4743,18.180687,10.3582945,151.04054,-16.64777,-3.5319324,148.38448,14.204291,-0.9189972,140.51631,-15.111524,-13.715184,140.5804,4.918154,15.257698,106.29645,-7.402497,-2.7997415,106.48341,18.094072,1.0590569,72.44933,-8.933082,-14.101171,72.74792,8.331315
7.3067093,205.3276,11.209398,9.7320795,208.33713,7.8560476,3.5310895,208.7272,10.160123,9.966284,206.81194,-3.0264614,-4.8853683,207.57938,3.9042103,8.522635,190.34277,-18.707664,-14.654448,189.76373,8.452229,13.503814,167.83917,-33.252758,-24.306053,165.4764,15.507676,13.247809,151.70029,-15.823567,-8.138599,147.85101,15.625947,1.1706109,140.23462,-15.248963,-14.07142,140.30594,2.756326,16.0324,106.18392,-6.491258,-4.3008914,106.57471,17.930645,1.3415163,72.505455,-8.893893,-13.998168,72.462234,8.0419655
6.3184657,205.3444,11.738398,9.006939,208.41473,8.653049,2.6730022,208.83717,10.55337,10.010415,207.43202,-2.1791115,-5.312102,207.7949,3.7123916,10.642698,190.98895,-18.043972,-15.659741,190.36131,6.527545,18.555614,169.60924,-32.693676,-28.181755,167.32498,13.522346,16.108036,154.53397,-14.722616,-11.606946,150.66956,16.844658,2.7179744,140.34409,-15.549816,-13.987148,140.61868,0.94958,16.327568,106.12994,-5.8774123,-5.494091,107.16155,17.69577,1.7526172,72.47212,-8.913317,-13.871549,72.526054,7.782813
5.4822984,205.97537,12.200272,8.296674,209.01149,9.194392,1.9092448,209.50485,10.887876,10.056863,208.41092,-1.405411,-5.6244426,208.57614,3.5429053,12.516044,192.12314,-17.198648,-16.541214,191.39893,4.7861123,22.976543,172.2369,-32.134834,-31.68254,169.81943,11.536223,18.803043,158.25453,-13.661864,-15.158969,153.85324,17.702902,4.1500177,141.11035,-15.817034,-13.604443,141.4105,-0.385593,16.276735,106.4972,-5.648057,-6.6844025,108.01067,17.358591,2.271652,72.66845,-8.905046,-13.443105,72.879944,7.9472146
4.7847433,206.99683,12.499315,7.6041408,210.1209,9.592722,1.1544603,210.41405,11.08322,9.962833,209.70422,-0.83981276,-5.9452424,209.80421,3.4303133,14.099513,193.70055,-16.20713,-16.978142,192.67258,3.37015,27.059557,175.4397,-31.102245,-34.87074,173.1141,9.558296,21.583235,161.83994,-12.584886,-18.948423,157.87798,18.293653,5.316526,142.19347,-16.062412,-13.04714,142.43211,-1.4217904,15.955636,107.02694,-5.585108,-7.5696077,108.91304,16.791143,2.866181,72.64418,-9.0173855,-13.027533,73.28294,8.201956
4.336343,208.41782,12.819152,7.1420746,211.60014,9.960257,0.66902196,211.78487,11.361951,10.098699,211.12408,-0.33402875,-6.0067363,211.14464,3.2841346,15.048556,195.46516,-15.300586,-17.383406,194.17453,2.1396716,30.496841,179.47946,-29.973276,-37.27074,176.53198,8.235585,24.809614,166.15283,-11.257879,-22.6629,161.28716,19.06635,6.2919593,143.46158,-16.134258,-12.816051,143.77704,-2.5059657,15.415338,107.84303,-5.7616324,-8.635473,109.58698,15.689436,3.3218374,73.046135,-9.575997,-12.854978,73.49898,8.287086
3.89733,209.87068,13.201303,6.8034387,213.03186,10.418986,0.26673415,213.14656,11.472672,9.850207,212.50069,0.123165675,-6.2634797,212.52916,3.496622,15.966495,197.22241,-14.402029,-17.950937,195.92697,0.72329646,33.477566,183.22415,-28.842716,-39.376938,180.38034,6.7141557,28.67042,170.6045,-9.6129,-26.483517,165.15605,19.5772,7.184043,144.96384,-15.881566,-12.689144,145.33904,-3.572284,14.928708,108.68771,-5.889337,-9.490968,110.493004,14.448476,3.9668033,73.44544,-10.252883,-12.75676,74.050934,8.277838
3.243316,211.22621,13.393487,6.1041665,214.6169,10.861054,-0.44415706,214.5745,11.955235,9.60082,214.12325,0.5025626,-6.5869255,213.72812,3.2913678,16.784857,198.9209,-13.693816,-18.085476,197.80049,-0.13608418,36.47695,186.68073,-27.103104,-41.247753,184.77731,4.9823494,32.95493,174.24005,-7.536381,-30.725245,169.74255,19.889242,8.055008,146.14236,-15.364389,-12.482452,146.54907,-4.1703835,14.833059,109.57296,-6.2097754,-10.520107,111.165695,13.020902,4.9366465,74.17201,-11.285981,-12.897639,74.579094,7.6037164
2.649835,212.44002,13.506834,5.6845074,215.90274,11.289361,-0.88845146,215.99635,12.184122,9.278419,215.4899,0.8290139,-6.9528484,215.08012,3.2064996,17.407919,200.58708,-12.976121,-18.439653,199.46446,-0.8436477,38.71416,189.9531,-25.406496,-42.35855,187.94566,3.610819,37.852764,177.69173,-5.4171553,-34.90416,173.28563,20.45719,8.657713,147.29971,-15.090515,-12.411655,147.7596,-4.6676364,14.854616,110.57285,-6.5248175,-11.62795,112.29726,11.773972,6.416091,74.99741,-12.3147955,-13.932758,75.7068,6.3833737
2.1519885,213.53185,13.610186,5.1839404,217.04279,11.476137,-1.4016986,217.03934,12.199607,9.117348,216.74294,1.168501,-7.2183394,216.27658,3.110307,17.9613,201.8246,-12.3281,-18.91595,201.31569,-1.5023189,41.018547,192.67772,-22.996939,-43.50018,190.56378,2.6187499,43.062378,180.91112,-3.3721135,-39.489597,176.1734,20.781305,9.060002,148.33305,-15.011393,-12.483488,148.87785,-5.221626,15.064378,111.411385,-6.868595,-12.319603,113.44981,10.918469,8.308615,75.64242,-13.480139,-15.599643,77.27011,4.897962
1.7631733,214.63243,13.755216,4.707235,218.09752,11.430995,-1.8597436,218.08151,12.385904,8.782796,217.75153,1.3461592,-7.5753694,217.34242,3.227366,18.131393,203.28642,-11.558731,-19.215168,202.53314,-1.9378796,42.01143,195.40263,-21.005096,-44.208427,192.75287,2.1412647,48.756218,184.13896,-2.010458,-44.09011,179.01344,21.213022,9.576819,149.23695,-14.634622,-12.346502,149.68535,-5.634783,15.582688,111.98385,-7.3802404,-13.115126,114.24722,10.349279,10.518376,76.131035,-14.843294,-17.41968,78.57389,3.1558974
1.3658122,215.4161,13.850868,4.3280506,218.97012,11.686267,-2.2679827,218.84547,12.462557,8.649728,218.54984,1.5436108,-7.7697253,218.17882,3.1426413,18.064098,204.47502,-11.02323,-19.445004,203.68137,-2.2686107,42.983982,198.18443,-18.22099,-44.82443,194.88557,1.808738,54.33534,187.74765,-0.9968742,-48.840656,182.32814,21.501595,9.859818,150.02676,-14.329057,-12.040672,150.40753,-5.9786577,15.980243,112.558754,-7.6796575,-13.969145,114.89858,9.776116,12.779278,76.72714,-16.270649,-19.188732,79.6473,0.99533165
0.9337209,215.89958,13.92289,3.900359,219.38924,11.661984,-2.6901016,219.31412,12.477784,8.492677,219.05084,1.7566034,-7.8978505,218.7417,3.0011833,18.00864,205.48892,-10.62369,-19.645454,204.17929,-2.3294337,43.501534,200.2435,-15.678418,-45.18173,196.15424,2.262275,58.78054,191.10257,-0.55198413,-53.060673,184.96964,21.709826,10.39714,150.68097,-14.1265955,-11.817446,150.96562,-6.121415,16.821112,113.027626,-7.8652315,-14.52093,115.33837,9.342377,14.811729,77.3473,-17.713795,-20.833265,80.49382,-1.1243613
0.8076227,216.05417,14.036043,3.7914147,219.69533,12.055741,-2.8162026,219.48515,12.611821,8.348168,219.38261,1.9079627,-8.03821,218.95831,3.138104,18.081879,205.9745,-10.624012,-19.877045,204.43663,-2.3255863,44.18481,201.51787,-13.1878395,-45.31877,196.65817,3.2486773,62.377987,193.98027,-0.4423093,-57.07718,187.01088,21.508476,10.802243,150.66612,-13.740272,-11.458958,150.87233,-5.9958563,17.503677,113.215775,-8.2094755,-15.573963,115.33648,8.494797,16.725872,77.669685,-19.026203,-22.463345,81.1189,-3.450068
0.85743654,216.18178,14.228944,3.8688822,219.77635,12.207518,-2.7404408,219.64102,12.813238,8.303026,219.50844,2.0544128,-8.088764,219.06464,3.39652,18.127567,206.09583,-10.605968,-20.120134,204.42769,-2.3139434,44.661102,202.34396,-10.590706,-45.72593,196.89363,3.6805015,64.985916,196.75183,0.13367404,-60.567513,188.7874,20.68653,11.479178,150.81207,-13.260845,-11.042662,150.79016,-5.868842,17.974243,113.357475,-8.457677,-16.623306,115.22009,7.633388,18.355444,77.96429,-20.205175,-23.704046,81.31836,-5.5315676
0.8713395,216.06734,14.382365,3.858269,219.65547,12.296198,-2.7518122,219.42786,12.806486,8.240748,219.26865,2.1962066,-8.12059,218.91914,3.5884886,18.410883,205.67525,-10.3203335,-20.35259,204.16911,-2.358208,44.987366,202.16977,-7.785144,-46.22328,197.28955,3.373729,66.84442,199.1879,1.3076586,-63.341236,191.06883,19.278257,11.951085,150.85704,-12.643054,-10.62667,150.64894,-5.6920977,18.349548,113.22172,-8.549721,-17.154167,114.78753,6.4811945,19.92906,77.848114,-20.731998,-24.872377,81.24725,-7.6300282
0.5544873,215.49286,14.654677,3.6953394,218.97937,12.609866,-2.931463,218.90898,12.898197,8.268663,218.63452,2.6045341,-8.105948,218.28993,3.5802362,18.582338,204.96469,-9.765833,-20.375706,203.4184,-2.1503894,45.217304,201.79535,-6.4857574,-46.317722,197.04993,4.041406,68.19155,201.88655,0.49268365,-65.484314,192.7324,18.108192,12.443693,150.72882,-11.86069,-10.3102,150.10669,-5.4491377,18.63533,112.93599,-8.358162,-17.508438,113.99265,5.3982506,21.279467,77.5481,-21.080484,-25.834387,80.60967,-9.237593
0.34754026,214.8985,14.704415,3.583068,218.30739,12.690565,-3.0458062,218.37358,12.888041,8.248882,218.03929,2.7397869,-8.1137,217.75897,3.4741127,18.62059,203.98485,-9.461222,-20.067076,202.48529,-1.8287914,45.31988,201.67311,-5.7892556,-46.143665,197.02638,5.1183515,68.37617,203.2759,1.2357634,-66.98058,194.18353,16.955904,12.791878,149.94844,-11.12406,-10.019636,149.54965,-5.1023474,18.892454,112.13268,-8.220609,-17.719929,112.961174,3.9311848,22.47589,76.67429,-21.167004,-26.565958,79.75583,-11.044836
0.17246641,214.19548,14.742677,3.3422928,217.68802,12.753335,-3.278367,217.6226,12.9430485,8.147378,217.28676,2.8626707,-8.218129,216.8008,3.4006858,18.916553,202.8815,-8.440493,-19.773897,201.79974,-1.6395541,45.740322,201.69211,-4.993094,-45.76431,196.92361,5.9348154,68.40602,204.08063,2.5536418,-68.215485,195.32993,14.778664,13.0776005,149.14058,-10.493964,-9.828706,148.67328,-5.0375524,19.002398,111.09257,-8.096483,-17.974077,111.540985,2.2243435,23.187935,75.577515,-20.84736,-26.939991,77.84214,-12.64538
0.06749581,213.25475,14.96643,3.0989416,216.65172,12.634523,-3.5054684,216.57297,13.199837,8.036626,216.15363,2.9731677,-8.315372,215.61264,3.5394855,19.097513,201.68716,-7.481639,-19.499628,200.44566,-1.8094144,45.664417,201.54836,-3.4510086,-45.679943,196.54007,5.2877345,68.3116,204.18913,3.7691834,-68.72353,195.69324,12.470152,13.424602,148.05974,-9.524718,-9.661707,147.4395,-5.2365756,18.857347,109.77477,-7.8556566,-18.060707,110.18197,0.57439977,23.646656,73.95089,-20.204453,-26.758835,75.86866,-13.851449
0.14411521,212.23492,15.135705,3.2153635,215.62825,12.845589,-3.4091623,215.39319,13.067003,8.050659,214.9582,3.1241686,-8.33691,214.21896,3.697545,19.252893,200.42635,-6.1672206,-19.400404,199.03835,-2.1115494,45.756588,200.85768,-2.5210817,-45.898197,195.72557,3.6939585,68.14119,204.18018,4.993475,-68.950935,195.14847,10.840818,13.472306,146.96388,-8.381483,-9.630844,146.15996,-5.6806035,18.644144,108.81333,-7.147538,-18.241024,108.843735,-1.374718,23.713367,73.32784,-19.399971,-26.523148,74.11288,-14.614099
0.2603018,211.12886,15.113413,3.3516111,214.40875,12.688421,-3.2708018,214.1998,12.873861,7.991796,213.59058,2.948994,-8.369949,212.88695,3.7596362,19.372538,199.0784,-5.660903,-19.509583,197.67563,-2.024126,45.936085,200.62962,-1.4274439,-46.201,194.46353,2.7907753,68.237144,204.48718,6.056653,-69.293274,194.37549,10.049273,13.480398,145.80435,-8.009937,-9.576544,144.9708,-6.2450967,18.614386,108.06774,-6.6232395,-18.366308,107.83045,-2.7113485,23.537344,72.940994,-18.64246,-26.194147,73.25315,-14.936473
0.3463701,210.32936,14.936121,3.2547915,213.70128,12.435308,-3.36047,213.34988,12.928978,7.8714085,212.90483,2.7223294,-8.5712,212.06769,3.8440528,19.620941,198.31117,-5.6895137,-19.58007,196.70302,-2.306684,45.97885,199.9425,-0.3318011,-46.413338,193.12538,1.9794788,68.46673,203.72383,7.0486617,-69.50541,192.64322,9.299872,13.577083,145.0714,-8.130765,-9.706239,144.18575,-6.6695576,18.608738,107.74831,-6.2728686,-18.356419,107.36599,-3.2779639,23.732258,72.613335,-17.77613,-25.964027,72.91299,-14.739517
0.0864965,210.07843,14.958267,3.0516453,213.50232,12.578964,-3.5650358,213.0916,12.8307295,7.756298,212.8424,2.829339,-8.676545,211.92207,3.7702324,19.612452,197.84186,-5.8610854,-19.697172,196.37613,-2.757036,46.042503,199.36676,0.007202842,-46.368423,191.9293,1.7397984,68.36045,202.46188,8.304381,-69.38628,191.03046,9.323462,13.846855,144.61938,-8.748349,-9.834657,143.82393,-7.4873576,18.773138,107.74186,-5.949647,-18.42789,107.6033,-3.4280047,24.098269,72.85447,-17.447014,-25.672112,73.215935,-14.663881
-0.0538043,210.08043,14.89795,2.8500102,213.68593,12.710496,-3.7647364,213.10385,12.907454,7.754808,212.93597,2.8612454,-8.700852,212.08524,3.621928,19.505144,198.23192,-5.896553,-19.717705,196.51189,-3.382837,45.821793,198.66096,0.5388369,-45.9784,190.85165,1.6280382,67.938034,200.92244,9.730762,-68.99435,188.64772,8.746684,13.838763,144.48988,-9.327029,-9.7140255,143.96309,-8.084148,18.88951,108.07762,-5.9410524,-18.53811,108.10154,-3.5294921,24.35162,72.9733,-17.145824,-25.487707,73.3752,-14.336455
-0.3968603,210.08615,14.706612,2.5106208,213.7499,12.633114,-4.0909486,213.05214,12.600583,7.4813175,213.26662,2.7884276,-8.874512,212.11287,3.2689915,19.278524,198.7964,-5.492719,-19.617619,196.9717,-4.0082903,45.566444,198.22769,1.2245328,-45.374622,189.64626,1.8724992,67.59156,199.27448,10.645602,-68.17743,186.96333,8.8725395,13.993797,144.45735,-9.44065,-9.653001,144.14493,-8.581402,18.915358,108.1157,-5.9676404,-18.252182,108.506,-4.012964,24.200747,72.844124,-17.039467,-25.101192,73.493866,-14.06977
-0.75119764,209.88435,14.38073,2.24729,213.59512,12.517245,-4.3522797,212.96716,12.275153,7.288939,213.3228,2.6849544,-9.123865,212.28416,2.946842,19.289627,199.34773,-5.342049,-19.323036,197.18362,-4.629205,45.035618,197.7185,2.4166903,-44.732964,189.273,1.8975313,66.72892,197.64203,12.018702,-67.171036,185.37666,9.231455,14.093413,144.65074,-9.341794,-9.5897665,144.23991,-8.829895,19.07794,107.9109,-6.4845576,-18.121372,108.35764,-4.6639566,24.151688,72.80596,-17.150122,-24.747913,73.303505,-13.927723
-0.8751873,209.90208,13.892509,2.1268618,213.68481,12.209856,-4.469778,213.04314,11.870845,7.1791253,213.71976,2.3172698,-9.180276,212.4246,2.424976,19.31257,199.8329,-5.228964,-19.133322,197.434,-5.36492,44.368275,196.86977,4.4660754,-44.494125,189.2256,1.1305981,65.8406,196.15733,14.370366,-66.06898,184.15776,10.269671,13.973841,144.896,-9.079743,-9.677621,144.53145,-8.944878,19.09255,108.10684,-7.3768597,-17.937593,108.38529,-5.5939565,24.301214,72.83441,-17.363136,-24.358158,73.27793,-13.999709
-0.76415986,210.14287,13.262547,2.1217473,213.9616,11.452911,-4.478361,213.26347,11.433723,7.179238,214.07124,1.5879441,-9.1856785,212.76443,1.935246,19.033962,200.19545,-4.909976,-18.85652,197.76561,-6.392794,43.14195,196.76231,6.7761893,-44.185417,189.52992,0.379703,63.979218,195.02763,17.762321,-64.34403,183.42422,11.917328,14.161408,145.19669,-9.175779,-9.666736,144.7824,-9.329644,19.048504,108.2312,-8.267483,-17.405607,108.5472,-6.7817783,24.315428,72.83184,-17.464703,-24.094942,73.2185,-14.185757
-0.97028774,210.21675,12.5639715,1.9080415,213.99864,10.667941,-4.6716776,213.14694,10.423181,7.020157,214.40443,1.0654078,-9.341617,212.7707,1.1704556,19.058586,200.48131,-4.762948,-18.524168,198.11096,-7.2927403,42.682457,196.42049,7.589681,-43.419056,190.09929,0.9110315,61.388687,193.94563,21.909754,-62.066986,183.34308,14.383062,14.184579,145.18147,-9.470202,-9.710067,144.87509,-9.9074955,19.018953,108.30292,-9.116735,-17.05932,108.478226,-7.719011,24.530931,72.98376,-17.791792,-24.029213,73.316475,-14.623562
-0.85425085,210.38501,11.878264,1.8943707,214.21526,9.892964,-4.6724286,213.20279,9.794579,6.9355984,214.48453,0.19142258,-9.4615,212.7381,0.6037301,19.069506,200.71298,-4.5814967,-18.715113,198.50932,-8.117611,41.896755,196.0449,8.877614,-43.822235,191.83223,0.33169425,57.96569,193.07573,26.122015,-58.711544,183.68436,16.914371,14.168572,145.33206,-10.094722,-9.799959,144.93033,-10.892287,19.23807,108.44791,-9.512234,-16.785875,108.51135,-8.334137,25.027546,73.1037,-18.060158,-23.373201,73.36482,-15.014009
-0.8035672,210.46185,11.005091,1.7762107,214.40717,9.027711,-4.769966,213.29845,9.248265,6.694185,214.31395,-0.92505586,-9.751656,212.79967,0.03427355,18.84852,200.9214,-4.3529387,-19.180172,198.832,-9.107623,40.569744,196.23201,10.877223,-44.206852,193.32884,-0.07711841,54.515347,191.52625,29.573896,-53.94712,184.06525,19.32223,14.2947035,145.4491,-10.839092,-9.502373,144.96254,-11.627904,19.640688,108.62834,-10.020339,-16.373423,108.498405,-8.6507015,25.396065,73.09959,-18.336044,-23.200329,73.32609,-15.15187
-1.3238152,210.49286,10.399471,1.292517,214.37076,8.338551,-5.2487044,213.2788,8.468273,6.341687,214.4016,-1.3947579,-10.023409,212.6293,-0.8204181,18.56625,201.20096,-4.3703084,-19.299667,199.05931,-9.948902,39.236988,196.71114,12.508728,-44.021526,194.6338,0.4143205,49.941208,189.50417,32.442238,-47.887512,184.46394,21.078873,14.63746,145.53871,-11.236729,-9.217495,144.85844,-12.554226,20.190378,108.583244,-10.537134,-16.07777,108.35334,-9.060705,25.791994,73.14304,-18.453194,-22.898584,73.20382,-15.27408
-1.9080853,210.361,9.660453,0.9081565,214.23903,7.8658223,-5.6697516,213.34315,7.710712,6.0263534,214.5099,-1.8488708,-10.400942,212.74742,-1.7131213,18.337193,201.67685,-4.422995,-19.427876,199.58733,-10.624997,38.234203,197.05643,13.484859,-43.17527,195.52582,1.6244208,44.540115,187.74239,34.356533,-40.904114,184.9729,22.251118,14.776847,145.56136,-11.499682,-9.3312235,144.98459,-13.202421,20.546108,108.63276,-10.753665,-15.932229,108.38261,-9.31429,26.059965,73.10495,-18.37707,-22.679453,73.192856,-15.196806
-2.1760108,210.54008,9.256368,0.7886588,214.24725,7.346451,-5.81797,213.616,7.227325,5.649794,214.744,-2.2870538,-10.727279,212.94598,-2.0732238,17.969803,202.35669,-4.323017,-18.98802,199.95987,-11.283474,36.92069,197.20895,14.242411,-41.791935,196.55931,3.1664379,37.976345,185.90717,34.841896,-34.430256,185.64955,22.581562,14.822644,145.56178,-11.498993,-9.213479,144.94545,-13.862858,20.66504,108.551346,-10.688635,-15.813899,108.30018,-9.409063,26.564747,73.018776,-18.216549,-22.398872,73.14659,-15.019582
-2.462309,210.51054,9.012938,0.33071125,214.3688,7.172614,-6.260873,213.49933,7.154997,5.4330826,215.01813,-2.3610182,-10.92739,213.04791,-2.3351247,17.279186,203.1774,-4.1491666,-18.12475,200.45738,-11.758789,35.193554,197.2162,15.28007,-39.967197,197.08417,4.2319417,30.67452,184.07791,34.21835,-27.485714,186.55112,21.21873,14.983371,145.75194,-11.297524,-8.882846,145.15569,-13.932552,20.646141,108.64979,-10.397307,-15.437115,108.49464,-9.542082,26.893856,73.15205,-17.869858,-21.886229,73.11631,-14.646217
-2.4487505,210.94164,8.843068,0.25250348,214.81662,6.884812,-6.3146076,213.84926,6.990148,5.3432207,215.27553,-2.615919,-11.01925,213.22572,-2.4605546,16.59238,203.7598,-3.6642883,-17.502739,200.94864,-11.952275,33.232506,196.67653,16.691257,-38.261124,197.2464,5.0188017,23.80109,182.13306,32.843655,-21.749775,187.71547,18.973734,15.223098,146.1117,-10.744909,-8.764248,145.53995,-13.62558,20.825422,108.80995,-10.09616,-15.078441,108.81081,-9.380888,27.079416,73.329796,-17.483896,-21.210703,73.28778,-14.221005
-2.3784304,211.18088,8.6671505,0.31342217,215.09288,6.7711287,-6.252587,214.04837,6.7744327,5.2486258,215.68848,-2.8399436,-11.12613,213.55144,-2.4998448,16.145597,204.003,-2.978244,-16.946081,201.16745,-12.4310875,31.282558,195.39476,17.857517,-36.18728,196.61006,5.7252355,17.533148,180.8418,30.472147,-17.02385,189.24698,17.477253,15.403813,146.70647,-9.736289,-8.37562,145.7424,-13.4291525,20.663942,109.283295,-9.594831,-14.535687,108.8707,-9.246997,26.912157,73.670105,-17.184765,-20.677603,73.33415,-13.803708
-2.4462063,211.35648,8.622579,0.19254392,215.28815,6.68574,-6.346884,214.15544,6.6656885,5.1181626,215.95628,-2.8948138,-11.17349,213.5006,-2.5275033,15.799278,204.76971,-2.6512582,-16.554756,201.93454,-12.929719,29.602642,194.1942,18.310968,-33.57263,195.7367,6.9177837,12.306865,180.15811,26.83749,-13.081038,190.78099,17.382671,15.499702,147.39046,-8.995399,-8.117298,146.52043,-13.214353,20.560936,109.5246,-8.881631,-13.859621,109.22533,-8.89085,26.299097,73.70669,-17.127592,-20.2273,73.47993,-13.309803
-2.6719022,211.58966,8.724713,0.09873215,215.55617,7.05632,-6.4518948,214.50462,6.7054486,5.173261,216.4634,-2.4809666,-11.15484,214.09799,-2.5722342,15.490773,205.12495,-2.1577,-15.991206,202.17157,-13.187546,27.33155,192.4604,18.460522,-31.008013,194.54567,7.828637,7.562896,179.63713,22.609589,-8.9633875,192.00304,15.829603,15.627193,148.0298,-7.8797398,-7.7548323,147.09456,-12.889831,20.21594,109.90476,-7.7008514,-13.145367,109.60264,-8.618167,25.377504,73.81592,-17.183624,-19.73641,73.54937,-12.544174
-2.6449492,211.7785,9.033405,0.15124136,215.70059,7.3003945,-6.3685155,214.58269,6.7700963,5.147268,216.75313,-2.2202322,-11.055153,213.95787,-2.346832,15.152781,205.3876,-1.8461604,-15.218406,202.31383,-13.321872,25.11859,190.83635,18.425472,-28.24568,193.02951,8.270859,3.8468184,179.89926,18.869251,-5.7510886,190.85687,15.200373,15.6379385,148.1746,-7.1067033,-7.4066305,147.28963,-12.447551,19.744467,109.823616,-6.893192,-12.670897,109.668976,-8.294527,24.06714,74.011406,-17.488174,-19.504925,73.70899,-11.904606
-2.6540823,211.85107,9.103355,0.12963982,215.85606,7.532448,-6.3725286,214.69885,6.884073,5.063785,217.20848,-2.016703,-11.073888,214.01408,-2.2911088,14.916035,205.35733,-1.506224,-14.680635,202.34407,-13.619214,22.446405,188.98749,18.49035,-25.494953,190.70355,8.134414,0.79562205,179.59288,15.324384,-2.9528677,190.24065,14.469997,15.831813,148.44188,-6.2090735,-6.857564,147.48494,-11.655753,19.152462,109.87972,-5.944074,-12.085052,109.794876,-7.7519073,22.741524,74.18819,-17.784458,-18.905716,73.74673,-11.160506
-2.5594938,211.98993,9.343041,0.08551765,216.02644,7.634981,-6.414551,214.73972,7.235045,5.079009,217.41403,-1.8236493,-10.991061,213.94736,-2.077471,15.313615,204.73271,-0.741191,-14.210771,201.9724,-13.570524,19.5121,185.93132,18.198265,-22.995237,187.49127,7.1315556,-2.6305707,179.92133,11.988439,-0.5288025,189.01854,13.557479,16.322609,148.49721,-5.2045593,-6.386679,147.47826,-10.935206,18.772903,109.675476,-5.315763,-11.447596,109.71251,-7.231231,21.567223,73.9526,-17.53246,-18.488214,73.74409,-10.65675
-2.535517,211.96861,9.60194,-0.027898094,216.088,7.872446,-6.470984,214.58398,7.460322,5.2276263,217.18086,-1.5964268,-10.79821,213.60374,-1.9675813,15.727285,203.89171,-0.2579485,-13.721145,201.3702,-13.407888,17.35421,182.7438,16.627365,-20.922373,183.94301,5.5808854,-5.4914074,181.54993,10.004549,0.7551269,187.46338,13.604702,16.71888,148.22678,-4.3202224,-5.871655,147.42036,-10.220706,18.217482,109.33463,-4.929462,-10.948143,109.64223,-6.861263,20.768875,73.74323,-17.04235,-17.982155,73.62306,-10.148361
-2.3984628,211.76302,9.680195,0.010139772,215.91393,7.909437,-6.394459,214.2331,7.485542,5.163177,216.93385,-1.6876248,-10.772345,213.04102,-1.9054427,16.114462,203.09013,-0.099450134,-13.119359,200.63765,-13.65952,15.718033,180.6553,15.237805,-18.754389,181.80931,4.4449315,-7.276547,182.23917,8.784473,1.1818213,185.4873,15.96453,16.919378,147.98076,-3.6181054,-5.571418,147.22733,-9.972397,17.476686,109.12018,-4.9261537,-10.676513,109.44167,-6.7731752,20.119677,73.71315,-16.94142,-17.739882,73.76404,-9.923625
-2.3825736,211.42064,9.49665,0.07769769,215.56068,7.7535224,-6.3069973,213.86214,7.13913,5.179993,216.42857,-1.9116222,-10.773701,212.49614,-2.114831,16.423628,202.45569,0.11969242,-12.867908,199.36612,-13.982172,14.4790325,179.2851,13.80806,-17.071953,179.72833,3.9499586,-8.819137,181.16614,8.948406,0.86625236,184.10263,18.155294,16.988543,147.65941,-3.0413203,-5.2029166,147.11232,-9.765433,17.188332,108.93721,-5.1395097,-10.433263,109.451454,-6.7142096,20.182158,73.60442,-17.011639,-17.52719,73.88089,-9.689978
-2.7372134,210.92043,9.35934,-0.28271008,215.1036,7.718197,-6.6435766,213.34897,6.9791393,5.2118497,216.0453,-1.7087358,-10.750995,212.09447,-2.5016491,17.002369,201.77522,0.8681277,-12.596102,198.26447,-13.912737,14.179426,177.93385,12.634143,-16.373684,177.70007,3.421677,-9.129316,179.66312,8.234234,0.26716056,182.27594,19.359089,17.016012,147.25099,-2.4355407,-4.9319654,146.81332,-9.683927,17.173874,108.77883,-5.1021547,-10.638596,109.3898,-6.722286,20.595549,73.51893,-16.944332,-17.362083,73.7214,-9.562583
-3.0332355,210.27269,9.6798315,-0.5777652,214.48647,8.10471,-6.8969674,212.69243,7.212992,5.1778154,215.76811,-1.0398222,-10.730061,211.78075,-2.2962809,17.205984,201.48044,1.9720068,-12.210485,197.70432,-14.09083,14.318952,176.61914,11.734622,-16.528597,175.86737,1.7309936,-8.796337,178.83005,7.155692,-0.35809472,180.80344,18.499971,17.062963,147.15965,-1.8229486,-4.7890477,146.77577,-9.46986,17.318909,108.825676,-4.9206853,-10.847403,109.36675,-6.4793425,21.014374,73.41027,-16.770483,-17.331003,73.68071,-9.200568
-3.324924,209.87825,10.0147,-0.8850581,214.12064,8.496768,-7.212341,212.34235,7.6237373,4.9107137,215.59093,-0.5743652,-10.938323,211.42168,-2.0182297,16.983759,201.47272,2.9680908,-11.7360935,197.5307,-14.578262,14.711307,175.94453,11.263633,-16.443132,174.71523,0.08348401,-8.458728,178.04826,6.468305,-0.48268354,179.92781,16.923147,17.09337,147.38954,-1.1424336,-4.7182684,147.06837,-9.493555,17.496332,109.023155,-4.535618,-10.852395,109.56952,-6.2432456,21.22345,73.30545,-16.311558,-17.366985,73.60369,-8.944598
-3.6899436,209.59654,10.303385,-1.3308275,213.80956,8.583861,-7.6552334,211.94147,7.9255643,4.6347513,215.46521,-0.09886918,-11.179926,211.25827,-1.812311,16.759418,201.51598,3.6794443,-11.384136,197.40031,-15.228302,15.02395,175.77695,11.308355,-16.024452,174.14694,-1.3471508,-8.208717,177.19582,6.1118846,-0.64551556,179.45897,16.004587,17.169176,147.4993,-0.96027356,-4.3608923,147.28448,-9.550029,17.730621,108.977715,-4.0285077,-10.934376,109.59296,-5.9896297,21.415821,73.40574,-16.122736,-17.319717,73.66179,-8.779273
-3.88568,209.26015,10.452134,-1.7226955,213.58105,8.750643,-7.9481187,211.40451,8.051015,4.478865,215.34528,0.18540119,-11.279627,211.03055,-1.674164,16.528635,201.86533,3.982257,-11.125402,197.41354,-15.599789,15.261237,176.1781,11.476291,-15.720754,174.04521,-2.2325642,-7.8112574,177.3674,5.550159,-0.664314,179.27924,15.368321,17.224825,147.44415,-0.8214669,-4.127522,147.1768,-9.563966,17.731323,108.82691,-3.5408733,-10.92965,109.577126,-5.901622,21.30411,73.53776,-15.949031,-17.313974,73.6726,-8.532746
-4.1378565,208.77995,10.547003,-1.928811,213.16275,9.083688,-8.136228,211.0345,8.136692,4.3398867,215.09428,0.49560836,-11.443951,210.81824,-1.5788277,16.293947,202.18307,3.7571917,-10.867563,197.42354,-15.688232,15.21634,176.62726,11.606555,-15.607434,173.9936,-2.4048254,-7.626497,177.33763,4.927721,-0.42765057,179.60132,14.901349,17.259338,147.49928,-0.7522555,-3.993455,147.24648,-9.653568,17.771126,108.76087,-3.244982,-10.738717,109.6518,-5.7081065,21.266924,73.51179,-15.963019,-17.239399,73.75627,-8.46199
-4.4307723,208.46089,10.452538,-2.1684098,212.8591,9.13255,-8.403246,210.83086,8.112582,4.2530675,214.94958,0.62723917,-11.458174,210.72816,-1.8064847,16.237408,202.52858,3.6971786,-10.785283,197.36952,-15.610735,15.194137,177.03433,11.811504,-15.523596,174.02281,-2.3271074,-7.443363,177.46042,4.4167013,-0.18301317,179.8595,14.78137,17.418291,147.64421,-0.7050414,-3.9803026,147.32713,-9.700928,17.955599,108.78847,-2.9102085,-10.560307,109.64457,-5.734246,21.17765,73.51156,-15.871747,-17.299683,73.7938,-8.365167
-4.5553713,208.22092,10.239918,-2.279271,212.6499,9.042197,-8.479675,210.634,7.8502893,4.130339,214.9139,0.6090121,-11.520993,210.58012,-1.9768174,16.181978,202.78743,3.4700854,-10.72624,197.18443,-15.64177,15.108231,177.43965,12.034452,-15.359469,173.94284,-2.0967476,-7.7342114,177.47847,4.885608,-0.08542428,180.04752,15.00472,17.460669,147.78995,-0.69249,-3.8092976,147.33226,-9.710404,18.070574,108.82639,-2.811621,-10.164857,109.61127,-5.965119,21.259892,73.507774,-15.800272,-17.49687,73.81579,-8.441041
-4.7590885,208.19601,9.966954,-2.4029374,212.5882,8.801024,-8.663383,210.74449,7.690672,4.1447663,215.09767,0.62888503,-11.507562,210.91708,-2.3201737,16.16364,202.91304,3.3089197,-10.7166395,196.95914,-15.588914,15.19523,177.80106,12.346676,-15.168532,173.90515,-1.7670665,-7.6470394,177.72786,5.162536,-0.07598782,179.89816,15.442658,17.590807,147.79024,-0.7514203,-3.6912878,147.16966,-9.586956,18.121792,108.80687,-2.9686735,-10.102028,109.52483,-5.987951,21.116455,73.50636,-15.894458,-17.598204,73.676025,-8.482714
-4.9594707,208.41068,9.871141,-2.5672705,212.76439,8.639296,-8.79208,210.87637,7.390867,4.0992627,215.10236,0.63141584,-11.4631,210.88547,-2.6125624,16.162115,202.96379,3.1363962,-10.732013,196.93578,-15.68093,15.276958,178.15787,12.663173,-14.916582,174.07771,-1.5073644,-7.52585,178.12027,5.293569,-0.028366277,179.97981,15.861177,17.813385,147.63823,-0.7347269,-3.61417,147.01965,-9.57654,18.055746,108.8112,-2.8611221,-10.158907,109.4017,-6.041528,21.053593,73.481155,-15.918514,-17.70325,73.648384,-8.553747
-5.2530727,208.51283,9.776795,-2.8063233,212.82262,8.477684,-9.052598,210.9947,7.267749,4.0100174,215.09546,0.6407411,-11.410515,210.69785,-2.9688294,16.354443,202.9154,3.0701792,-10.887871,196.84113,-15.580343,15.482353,178.17926,12.994144,-14.873323,174.14122,-1.0799775,-7.0895877,178.66228,5.009278,0.26364678,180.02826,16.162298,17.75465,147.66647,-0.87498146,-3.3989518,147.08772,-9.569697,17.871712,108.68661,-2.7458317,-10.17335,109.40924,-6.0666804,20.958937,73.44731,-15.832467,-17.750166,73.7247,-8.68006
-5.463438,208.59561,9.647979,-2.9699433,212.80219,8.133559,-9.253994,211.01518,7.061181,3.9195275,215.14127,0.5817041,-11.457399,210.63303,-3.178061,16.295877,203.0844,2.9929283,-11.011446,196.41637,-15.471087,15.655836,178.33092,12.999981,-14.685202,173.7474,-0.6723045,-6.815665,178.57295,4.8697014,0.44746312,179.76161,16.475561,18.049793,147.55026,-0.74902534,-3.3281896,146.76218,-9.463674,17.823223,108.503235,-2.4484396,-10.16289,109.13679,-6.104128,20.796007,73.3728,-15.926084,-17.839561,73.570694,-8.74979
-5.4551253,208.52412,9.561471,-2.9722555,212.7743,8.134336,-9.19963,210.89668,6.86977,3.9094884,214.91763,0.4084492,-11.573648,210.6242,-3.2063134,16.442968,203.0019,2.9383075,-11.107246,196.21123,-15.254403,15.935925,178.29785,12.86023,-14.710777,173.57022,-0.39085507,-6.568571,178.61287,4.7723303,0.59191483,179.72948,16.501753,18.125336,147.25868,-0.8115109,-3.1548266,146.50568,-9.380071,17.8444,108.267136,-2.0047925,-10.371887,109.01361,-6.14713,20.486036,73.35662,-15.974873,-18.222101,73.55403,-8.876701
-5.501713,208.3657,9.554052,-3.0469148,212.59692,8.0458765,-9.275808,210.66795,6.842242,3.8165238,214.73991,0.3203569,-11.702271,210.43927,-3.1842353,16.496122,202.81764,2.7609084,-11.120952,195.83159,-15.242173,16.193445,178.0801,12.647162,-14.589102,173.33167,-0.106365025,-6.326608,178.64417,4.770945,0.9094617,179.89114,16.509666,18.258224,147.07991,-0.8771119,-3.114201,146.38681,-9.388473,17.748434,108.059875,-1.5846379,-10.500341,108.949104,-6.0285134,20.306818,73.3567,-16.043602,-18.551119,73.53573,-8.9960985
-5.5361123,208.17041,9.499202,-3.1053302,212.4067,7.9525604,-9.339004,210.46884,6.8170795,3.8107042,214.51874,0.29070827,-11.692032,210.14932,-3.2469482,16.59474,202.80745,2.418954,-11.102582,195.56847,-15.134302,16.379282,178.13007,12.479723,-14.539485,173.2638,0.29915443,-6.2080607,178.56097,4.6655765,1.2599019,180.0213,16.607927,18.436975,146.83739,-1.0274467,-2.9952703,146.21275,-9.3477545,17.666145,107.92786,-1.2298553,-10.68729,108.89377,-6.0141582,19.980703,73.39408,-16.068739,-18.923288,73.47058,-8.96168
-5.318875,207.73772,9.315162,-2.9285345,212.06401,7.960381,-9.188511,210.19812,6.887062,3.8274038,214.28519,0.08953006,-11.672245,209.75255,-3.3249426,16.73639,202.6167,2.0511317,-11.307689,195.26714,-14.930021,16.083681,177.88368,12.199412,-14.448449,173.13284,0.83165,-6.494686,178.28249,4.9257874,1.8483747,180.30948,16.469238,18.665825,146.59265,-1.1552963,-2.9223373,145.86273,-9.3353195,17.642096,107.77247,-1.042658,-11.035158,108.87848,-5.75354,19.696684,73.390305,-16.159586,-19.183964,73.54884,-9.027992
-5.077337,207.44203,9.249498,-2.6754158,211.70341,7.717699,-8.983064,209.87907,6.8557825,3.8452418,214.02104,-0.19813141,-11.6850605,209.37856,-3.288738,16.634388,202.62091,1.5306737,-11.505715,194.8425,-14.9576435,16.09802,177.94229,11.929067,-14.425255,173.14871,1.3486814,-6.869158,177.75795,5.845609,1.7918953,180.2562,17.009077,18.929579,146.3961,-1.3237722,-2.8502874,145.6941,-9.397586,17.921726,107.530975,-1.0029303,-11.166111,108.74876,-5.541409,19.38292,73.24149,-16.499481,-19.366365,73.40173,-9.276395
-4.95775,207.1093,9.104121,-2.6475108,211.39325,7.498541,-8.943105,209.47055,6.7665577,3.7342117,213.6649,-0.58167833,-11.818701,208.92886,-3.309106,16.553091,202.57635,0.7586666,-11.674194,194.50046,-14.900991,16.203161,178.3119,12.089529,-14.608352,173.24556,1.8223208,-6.798323,178.20508,6.664186,2.001537,180.70476,16.997581,19.393097,146.29286,-1.7926728,-2.5699697,145.53268,-9.415649,18.030474,107.4202,-1.2120322,-11.4010725,108.67208,-4.5188303,19.046522,73.20761,-16.623455,-19.543116,73.42513,-9.347088
-4.8830585,206.75616,8.895879,-2.6761436,211.06151,7.205161,-8.949044,209.02519,6.6046734,3.724424,213.2542,-0.91487056,-11.849208,208.38329,-3.4691236,16.405987,202.52397,-0.05271637,-11.711173,194.18857,-14.996648,16.13959,178.89972,12.498077,-14.982138,173.66206,2.3522518,-6.7729917,178.29384,7.0696034,1.6155843,180.76544,17.450144,19.834585,146.36172,-2.3736196,-2.0707765,145.51909,-9.232694,18.247814,107.379974,-1.6879991,-11.57149,108.7537,-3.0289075,18.756168,73.18136,-16.976473,-19.25813,73.69762,-9.342739
-4.804073,206.301,8.469607,-2.7638254,210.70338,6.8151436,-8.96677,208.44843,6.245552,3.7164555,212.9367,-1.2882366,-11.83471,208.01071,-3.848981,16.386879,202.60715,-1.1425016,-11.577462,193.83167,-15.341895,15.771134,180.01683,13.338331,-15.467391,174.54361,2.8213606,-7.170521,178.09981,7.901212,0.40626216,181.1954,18.35649,20.434414,146.48152,-3.0059857,-1.3791053,145.49812,-9.366991,18.650269,107.58002,-2.2747734,-11.489234,109.23165,-1.2797871,18.634106,73.1729,-17.43778,-18.546427,74.364624,-8.960764
-4.956777,205.73517,7.9420047,-2.9025686,210.14937,6.3478713,-9.114738,207.92241,5.7490487,3.5628922,212.6018,-1.6686946,-11.978253,207.64091,-4.3625274,16.227173,202.89401,-1.9609301,-11.354382,193.83221,-16.108624,14.995449,181.41197,14.113601,-15.457156,176.07426,3.207298,-7.816417,178.37267,8.439576,-0.04335133,181.83157,19.461092,21.127758,146.56427,-3.810389,-0.66752726,145.61414,-9.531322,19.000055,107.76137,-2.7652392,-11.451985,110.311195,1.1177078,18.308619,73.342186,-18.060026,-17.478786,75.45444,-8.11045
-5.127833,205.27998,7.45624,-3.0159862,209.6786,5.8872485,-9.248575,207.52863,5.249302,3.400411,212.32579,-2.0369313,-12.094459,207.45216,-4.841537,15.8443165,203.31374,-2.979889,-11.020775,193.66423,-16.827452,14.628083,183.14789,14.629405,-15.418149,177.66518,3.843873,-7.789345,179.19931,8.0237255,-1.9035807,183.4689,21.47678,21.55391,146.65901,-4.9856877,-0.20616195,145.56491,-9.452067,19.467012,107.92403,-3.6587648,-11.27919,111.281075,4.0851135,17.994963,73.450874,-18.778393,-15.78464,76.540924,-7.0909653
-5.262384,204.98486,7.113429,-3.0477953,209.30511,5.4789395,-9.319988,207.26714,4.8257008,3.308153,212.10168,-2.2940927,-12.113958,207.09229,-5.2201915,15.630311,203.48187,-3.818079,-10.81119,193.63925,-17.65781,14.293484,184.72849,15.085207,-16.067327,179.14554,3.416498,-7.875734,180.59657,7.9659758,-4.8596935,184.29292,22.111639,21.993607,146.83783,-5.735556,0.0015400833,145.6984,-9.010319,19.887928,108.107315,-4.286311,-10.640906,112.17914,6.7644963,17.821,73.483154,-19.25044,-12.937043,77.73981,-5.489086
-5.407418,204.67952,6.5710597,-3.1315958,208.95773,4.915431,-9.475518,207.10295,4.462653,3.2146897,211.99686,-2.6036904,-12.278232,207.24971,-5.719558,15.302451,203.78792,-4.3726835,-10.63745,193.88165,-18.252995,13.584256,186.38129,15.843387,-16.06091,180.01881,2.7136164,-8.275131,181.84415,8.427712,-7.7022104,184.07034,22.953054,22.399286,146.93484,-6.448333,0.31664246,145.82468,-8.665636,20.096775,108.29772,-4.9108286,-9.860061,113.11181,8.867973,17.744122,73.559555,-19.763348,-9.829696,79.01783,-4.0178156
-5.3010817,204.69365,6.259518,-3.0125935,208.98567,4.653596,-9.358084,207.1334,4.1505623,3.2138808,212.20734,-2.8659036,-12.178353,207.31023,-6.0196433,15.121418,204.09225,-4.548548,-10.482956,194.23346,-18.982653,12.620399,187.88258,16.777794,-14.707712,180.28696,1.5906321,-8.973133,182.88805,8.84669,-13.455737,185.75516,22.242382,22.872215,146.91489,-6.8189607,1.0463043,145.71977,-8.141224,20.330046,108.41178,-5.286044,-8.922741,113.7854,10.65371,17.488373,73.68623,-20.087366,-6.300244,79.49182,-2.4245431
-5.0178857,204.53896,6.041676,-2.6939447,208.86574,4.5745387,-9.008639,207.01631,3.84242,3.420458,212.39398,-2.8557036,-11.901548,207.34598,-6.158583,15.242998,204.42445,-4.8963766,-10.573751,193.98413,-18.853617,12.3396015,189.2837,17.303598,-10.797981,181.38873,3.2007172,-9.277021,183.71718,9.615371,-25.694891,187.01555,16.42324,23.628393,147.15077,-6.690236,1.8176256,145.80315,-7.6236734,20.735912,108.433754,-5.50238,-7.473816,114.56736,12.485509,17.544611,73.62307,-20.516861,-2.2901213,80.55645,-0.38964015
-5.0527883,204.61447,5.98714,-2.7756293,208.90111,4.351515,-9.041616,206.88812,3.5885644,3.4288332,212.38109,-2.9484124,-11.800071,207.03209,-6.35591,14.947428,204.63023,-5.4127197,-10.809433,193.53642,-17.858698,12.169099,190.55588,17.370628,-10.596163,183.18413,6.336103,-8.922584,184.25677,9.702251,-31.926174,187.18994,9.418917,24.004038,147.28477,-6.5402846,2.1528711,145.93985,-7.384959,20.808819,108.644554,-5.663589,-6.0341744,115.10117,13.971104,17.562176,73.81417,-21.006786,1.8853678,81.12914,2.4451358
-5.287349,204.67354,5.8205013,-3.0510058,208.94666,4.0921288,-9.297927,206.8685,3.3785055,3.1891198,212.30168,-3.2757652,-12.047783,207.19545,-6.55724,14.572485,205.05264,-5.7427583,-10.937696,193.16971,-17.229492,12.060221,191.50093,17.406492,-11.676772,184.31671,7.952786,-8.455175,184.42645,9.126208,-33.950687,187.22467,5.5323663,23.979555,147.51099,-6.5250854,2.3283558,146.0386,-7.104898,20.729607,108.66685,-5.944562,-4.566914,115.363335,15.12896,17.041788,73.94384,-21.47835,5.37018,81.34421,5.4202
-5.496952,204.76341,5.5960827,-3.2350516,208.9902,3.7926047,-9.537779,207.01237,3.252676,2.9513502,212.3037,-3.5800695,-12.353147,207.20163,-6.7445946,14.230919,205.0541,-6.368398,-11.3645935,192.99567,-17.012104,11.943004,192.27794,17.155067,-12.499883,184.74901,8.516237,-8.758579,184.73085,9.516849,-34.54881,187.5098,3.4775336,23.804642,147.62032,-6.5557737,2.3242965,145.88823,-6.970888,20.558428,108.75478,-6.269724,-3.1489558,115.19744,15.753124,16.573917,74.09137,-22.004122,8.557192,80.9099,8.4455
-6.007586,204.78014,5.196665,-3.7306628,209.00684,3.4053545,-10.0419035,207.06334,2.8782039,2.7817318,212.30533,-3.6572638,-12.584931,207.4985,-7.198305,14.089273,205.04762,-6.733942,-11.587696,192.87361,-16.933126,11.707045,192.43835,16.901903,-12.827352,184.3312,8.809116,-8.931966,184.81215,9.348682,-34.39861,187.96704,2.9198039,23.542757,147.54184,-6.527608,2.0215254,145.91707,-6.9241524,20.182535,108.96563,-6.6163206,-1.4900357,114.873566,15.95135,15.979248,74.29557,-22.608217,11.296626,80.285706,11.787856
-6.4600797,204.66447,4.9178042,-4.191238,208.8884,3.100702,-10.463129,206.87448,2.470331,2.4425242,212.13959,-3.8712983,-12.834008,207.22113,-7.6223435,13.683055,204.9865,-7.3558307,-12.133205,192.41737,-16.989656,11.487269,192.54753,16.374052,-12.430818,183.26564,8.702359,-9.264145,184.91101,9.121832,-33.038033,189.24136,3.6989279,23.108269,147.41034,-6.506148,1.6541115,145.578,-6.797068,19.67681,108.756966,-6.8966494,0.15379474,114.2195,15.731354,15.470602,74.46586,-23.175402,13.138221,79.4016,15.097035
-7.087789,204.47255,4.350229,-4.8167524,208.69759,2.546087,-11.102471,206.6778,1.9251636,1.9096311,211.75934,-4.508192,-13.4160795,206.93636,-8.231052,13.171111,204.57489,-8.076748,-13.041059,192.1073,-16.98578,11.0211935,192.30417,15.724255,-12.630073,180.26791,7.6439147,-9.914219,184.85635,8.884198,-27.715591,193.0998,7.5097156,22.497528,147.03992,-6.4871297,0.9798331,145.26907,-6.546209,18.985699,108.45748,-7.3408947,1.9055206,113.137375,14.931171,14.663324,74.253075,-23.790693,14.590193,78.184135,18.451965
-7.8127723,204.1176,3.7188709,-5.5672593,208.35042,1.8991998,-11.867079,206.36159,1.3901694,1.2770047,211.3331,-5.105432,-14.093874,206.56297,-8.835977,12.4247875,204.02486,-8.898142,-14.113706,191.84454,-17.763372,10.618592,192.0616,15.110175,-20.972305,178.91411,4.577872,-10.443004,184.59218,8.4935255,-11.134753,192.73175,15.035829,21.412254,146.39536,-6.5772433,-0.009587454,144.2847,-6.234315,18.090462,107.9296,-7.67387,3.6881897,111.24085,13.831205,13.399908,73.99905,-24.350573,15.103141,76.359566,21.382076
-8.284904,203.76048,3.2636275,-5.9553094,207.88376,1.3078741,-12.296418,206.01923,0.880209,0.91274,210.71115,-5.619529,-14.5446615,206.23415,-9.320863,12.163326,202.96365,-9.98403,-15.0409565,191.35464,-17.76416,10.231237,192.12831,14.498692,-22.541824,181.78578,5.930146,-10.875869,184.44922,8.534194,-5.0227804,188.7029,17.411325,20.872187,145.62119,-6.679046,-0.52157205,143.45479,-5.876146,17.52901,107.420555,-7.5626006,5.6005087,109.75769,12.568033,12.155799,73.898155,-24.943478,15.619485,74.9302,23.355747
-8.778891,203.39621,3.0701978,-6.190953,207.3433,1.0815806,-12.652089,205.92552,0.72852105,0.80125177,209.98785,-5.747982,-14.758146,206.02698,-9.602724,11.8492985,201.85735,-10.72766,-16.09253,190.62204,-16.966974,10.78872,191.49063,14.040222,-22.606186,183.09354,7.8629265,-10.695512,184.1005,9.19038,-2.2229183,187.05528,16.446093,20.041004,144.83397,-6.9196053,-1.0289274,142.59785,-5.368689,17.193724,106.7026,-7.341662,6.8114324,108.333824,11.635186,11.168194,73.91973,-25.430742,16.372528,73.74565,24.050932
-8.849189,202.99365,3.20583,-6.1257863,206.85068,1.2204081,-12.6141405,205.60083,0.7757448,0.82818556,209.06792,-5.8095355,-14.935169,205.77498,-9.405153,11.323965,200.81856,-11.462643,-17.312086,190.03256,-15.845871,10.900228,191.91418,13.952486,-22.365799,183.4036,9.711071,-10.2247095,184.0196,9.341075,-0.41132128,186.58565,13.724195,19.385647,143.99843,-7.127697,-1.5418638,141.64865,-4.72162,17.249727,105.79952,-6.9397674,7.788321,107.42071,11.153262,10.224096,73.86557,-25.692541,16.679895,73.30577,23.920755
-8.799743,202.69539,3.356921,-5.974931,206.52571,1.4580495,-12.500603,205.49278,1.0330539,0.87532693,208.41698,-5.86036,-15.079823,205.49963,-9.154974,10.792164,199.92278,-12.2408905,-18.227346,189.57014,-14.724147,11.295149,192.06384,13.507892,-21.50996,184.13661,11.576963,-9.935552,183.73804,9.987537,1.0923622,185.38771,10.683875,18.805109,143.43954,-7.6727366,-2.2288482,141.0763,-3.9961886,17.408165,105.20292,-6.55408,8.125849,106.8367,10.858036,9.329749,73.91347,-25.809046,16.53293,72.92976,23.550093
-8.769782,202.452,3.559234,-5.7927012,206.17525,1.6756779,-12.37827,205.50676,1.425735,0.9396537,207.80077,-5.8217382,-15.224434,205.72156,-8.739057,10.405101,199.43623,-13.190886,-18.976006,189.50754,-13.793154,11.709924,191.97705,12.823938,-19.768784,184.94339,12.920405,-9.798103,183.99467,11.026722,2.891758,185.66003,8.526382,18.076126,142.92014,-8.153961,-2.856447,140.73732,-3.5199578,17.36211,104.89005,-6.3936715,7.7821927,106.585175,10.642928,8.49809,74.188576,-25.953192,15.899572,72.83133,22.964594
-8.531221,202.54193,3.9688048,-5.476456,206.12244,1.9460694,-12.086705,205.62708,1.7918719,1.0381914,207.64,-5.7648215,-15.244118,206.08968,-8.14931,10.255314,199.25641,-13.9759,-19.566229,189.9301,-13.09602,12.613219,191.40672,11.724965,-17.893713,185.14267,13.6632185,-9.608737,184.89763,12.164832,3.992355,187.79126,6.171371,17.316916,142.86389,-8.55941,-3.786513,140.7916,-3.1351025,17.189434,104.936745,-6.3699317,6.781129,106.589806,10.881342,7.8979454,74.29852,-25.97199,15.109188,72.66279,22.710012
-8.150104,202.79657,4.279398,-5.06684,206.45056,2.4528205,-11.684063,206.03377,2.3086278,1.1122257,207.69537,-5.8496585,-15.260108,206.50034,-7.5514297,9.924033,199.28648,-14.741525,-20.226816,190.6037,-12.252575,14.288051,190.47966,10.411884,-16.668476,185.03,14.1402645,-8.366146,185.9802,12.396996,4.931408,188.01437,5.476812,16.425976,143.07645,-9.11954,-4.7719564,140.98276,-3.0366704,16.732023,105.24856,-6.7513595,5.5942125,106.9364,11.305827,6.9568615,74.32911,-25.832045,14.22972,72.701744,22.362173
-7.71895,202.85913,4.5554357,-4.5377364,206.45818,2.7751167,-11.165306,206.26898,2.7240644,1.2655091,207.8244,-5.813989,-15.123911,206.8776,-7.0704913,9.501466,199.41669,-15.667219,-20.830034,191.35783,-11.190413,15.261613,189.94482,8.889554,-15.166716,185.05519,14.540438,-7.5683994,186.54865,13.267457,6.061474,188.15723,4.464984,15.376855,143.15971,-9.816467,-5.4874344,141.1228,-2.7583148,15.965801,105.57853,-7.2449675,4.6660576,107.21049,11.897116,5.9766793,74.39442,-25.775763,13.523033,72.77009,22.223461
-7.2384243,202.81657,4.763092,-3.9623537,206.39557,3.1321082,-10.589687,206.3227,2.9337642,1.5499727,208.00844,-5.7127333,-14.877204,207.42426,-6.4793735,8.958788,199.80858,-16.28887,-21.281548,192.42526,-10.354935,15.960876,189.63614,7.6870275,-13.804335,185.29428,14.638754,-6.7495785,187.13736,13.9915285,6.8055325,189.22716,3.65265,14.342566,143.73203,-10.695095,-6.135663,141.84088,-2.467975,15.285403,105.97671,-7.9377465,3.9701216,107.56904,12.096114,5.0664077,74.2503,-25.440235,12.699124,72.8516,22.481924
-6.9416947,203.02728,5.020587,-3.4832954,206.4981,3.5431743,-10.113387,206.67513,3.1621776,1.7076454,208.11029,-5.6070166,-14.709472,208.05638,-5.967716,8.461156,199.8746,-16.969437,-21.926384,193.24818,-9.361265,17.200632,189.47075,6.283068,-12.704062,186.05171,14.726266,-4.8120265,188.21683,14.272825,7.086828,191.48816,3.5081625,13.181709,144.23161,-11.331708,-6.8822746,142.4157,-2.3203857,14.811814,106.33144,-8.347527,3.288331,107.71989,12.051001,4.0338936,74.356834,-25.08977,11.800587,72.944954,22.427563
-6.322918,203.28651,5.246254,-2.81574,206.69633,3.7452843,-9.443825,207.06227,3.567968,1.9324417,208.20927,-5.735394,-14.479545,208.6271,-5.3077807,7.8674655,199.64252,-17.648392,-22.451258,194.11745,-8.2908125,18.300304,189.3654,4.9819226,-12.063515,186.52145,15.109202,-3.1852949,189.37402,13.713728,7.3198314,192.1671,3.7429268,11.981224,144.60414,-12.137661,-7.635557,142.70354,-2.3275623,14.455523,106.76919,-8.599297,2.6182754,107.96571,12.084302,3.0541449,74.43562,-24.55222,10.868442,73.03215,22.40753
-5.6433825,203.39651,5.2905045,-2.1918292,206.71152,3.4935458,-8.78921,207.29015,3.9448261,2.1943467,208.15414,-6.0467243,-14.114944,209.14032,-4.8592887,7.2615557,199.23657,-18.62777,-22.829613,194.81622,-7.0084524,18.76144,188.78192,3.3165092,-11.556726,187.13054,15.890859,-1.6006902,190.1088,14.280892,7.959068,192.59247,4.8741603,10.75609,144.55168,-13.101172,-8.209303,142.9587,-2.3830853,14.062157,106.946266,-9.010115,1.8765277,108.05547,11.815942,2.1053116,74.520226,-24.264269,9.959203,73.03157,22.393639
-5.1232963,203.22705,5.258338,-1.6024678,206.50075,3.5291963,-8.15624,207.29077,4.17024,2.4478312,208.15773,-6.2271886,-13.765385,209.45042,-4.4501667,6.6809144,198.72414,-19.685806,-22.625788,195.26225,-5.6656475,18.72495,188.30978,1.8786845,-10.742692,187.44664,17.274939,-1.1939842,189.50456,14.215854,8.227423,192.82481,5.450639,10.023397,144.54225,-13.871568,-8.682748,143.07558,-2.5091555,13.8062725,106.89032,-9.7023115,1.3565887,108.125755,11.823371,1.585687,74.34957,-24.059038,9.039536,73.10856,22.569622
-4.8100615,203.1859,5.4613347,-1.187884,206.32162,3.6830964,-7.699465,207.36168,4.408643,2.7133138,207.98712,-6.081896,-13.477216,209.64442,-4.048185,5.947658,198.09558,-20.587597,-22.395203,195.70576,-4.4634066,18.749771,187.41574,0.49715793,-9.549035,188.3093,18.328506,-0.031370264,189.81734,14.488893,8.497015,192.72047,4.9307995,8.996227,144.57037,-14.707435,-9.077074,142.93935,-2.2521331,13.307344,106.87392,-10.335091,0.9516868,108.04698,11.990795,1.0164224,74.09496,-23.970621,8.047869,72.98964,22.65714
-4.376092,203.36511,5.819821,-0.6678691,206.38654,4.002451,-7.1240406,207.65288,4.829311,3.0887928,207.83264,-5.8708835,-13.027233,209.83171,-3.6686552,5.228385,197.50226,-21.343515,-21.946894,196.20686,-3.4628115,18.694134,186.52065,-0.9332136,-8.3715105,188.88014,19.023989,0.6965608,189.65349,14.030347,8.611629,192.64043,3.9991205,7.8749194,144.69208,-15.376839,-9.318842,143.07994,-1.8266927,12.603513,106.92176,-10.946728,0.38765964,108.31909,12.58913,0.6459453,73.83627,-23.74848,7.000942,73.09869,22.883648
-3.91246,203.07317,6.0836854,-0.12431793,206.04135,4.3560653,-6.5270367,207.48228,5.2804184,3.3633964,207.6265,-5.699245,-12.661042,209.86899,-3.1115272,4.3702345,197.09964,-21.950397,-21.550838,196.53053,-2.307117,18.867617,184.7795,-2.7848103,-6.942448,189.68906,19.63532,2.2475078,190.28128,13.160114,8.695904,192.41325,2.4976492,6.6083636,144.65633,-15.893056,-9.628019,143.11502,-1.0882748,11.7404585,107.080284,-11.536132,-0.17605811,108.59035,13.610983,0.1916849,73.6818,-23.448458,5.4370546,73.181274,23.194782
-3.1847353,203.05116,6.317571,0.54092175,205.90164,4.276763,-5.7212386,207.53934,5.701933,3.7896364,207.42552,-5.6994796,-12.063013,210.05948,-2.620338,3.4421432,196.71225,-22.388876,-20.939085,197.05923,-1.2247412,18.682867,183.4142,-4.4615374,-5.4672613,190.15128,20.181246,3.2568698,190.26349,12.140123,8.831422,192.1849,1.9295058,5.1097145,144.8138,-16.791811,-10.023232,143.50813,-0.46599707,10.805419,107.43948,-11.964737,-0.74159145,109.16369,14.782632,-0.11182676,73.76118,-23.013868,3.79299,73.504814,23.30161
-2.9006715,202.95059,6.5663877,0.99111915,205.61047,4.579714,-5.1560383,207.59795,6.0314126,4.128955,207.46309,-5.3422213,-11.622613,210.37364,-2.1246376,2.8704793,196.65468,-22.6721,-20.554901,197.63145,-0.42373177,18.361702,182.26697,-5.956947,-4.0084515,190.45303,20.174288,4.2623,189.95105,11.351457,9.714344,191.99796,1.3574283,4.0064564,145.0163,-17.474976,-10.583617,143.75378,-0.2184482,10.065203,107.691795,-12.31571,-1.0973407,110.09863,16.152544,-0.25883073,73.74172,-22.549671,1.7819043,74.07939,22.865211
-2.3375213,202.85246,6.7791634,1.6088743,205.53209,4.9400163,-4.52297,207.54701,6.4089828,4.4883704,207.63739,-5.1403627,-11.137607,210.6065,-1.5286133,2.317043,196.85178,-22.823282,-19.7572,198.10098,0.606362,17.693293,181.11623,-7.3127866,-2.1297271,190.46828,20.28855,4.700713,188.85167,10.691195,10.415108,192.0442,0.8415356,2.6840086,145.19582,-18.124313,-11.40705,144.18056,-0.05688815,9.305415,107.9115,-12.648569,-1.3655285,111.617966,17.555618,-0.04236885,73.429016,-21.998997,-0.51285076,75.276695,21.52239
-1.8116733,203.0056,7.1313815,2.1057384,205.72331,5.2806273,-3.95838,207.73412,7.000098,4.8364434,207.83357,-4.9112835,-10.599257,211.10506,-0.77847904,1.9867772,196.78029,-23.051172,-18.942528,198.66531,1.9057641,16.937624,179.60489,-8.543144,-0.1112185,189.86853,20.46949,4.546993,187.65714,9.531055,11.247869,191.5116,0.48223016,1.4798172,145.559,-18.374418,-12.330615,144.78401,0.28593776,8.446375,108.321304,-12.960636,-1.5068183,112.996574,18.777863,0.08420673,73.34182,-21.550539,-2.411352,76.40535,19.305225
-1.2098842,203.69508,7.5700793,2.6952877,206.39809,5.6790276,-3.3366358,208.43364,7.521361,5.3762197,208.27878,-4.6261005,-10.008218,211.74506,-0.40225053,1.7552351,197.02635,-23.216923,-18.03336,199.21768,2.9989233,16.16473,178.78203,-9.579572,0.8612118,190.04114,20.741465,4.693938,186.97421,9.055964,10.843982,191.15382,-0.22120722,0.528819,146.14067,-18.497913,-12.659264,145.61938,0.7316683,7.759557,108.95215,-13.111889,-1.3136269,114.49369,19.878448,-0.21887533,73.52131,-20.954597,-3.8991191,78.0409,16.433516
-0.47963914,204.38077,8.055605,3.4603977,206.98401,6.0992527,-2.51059,209.16655,7.981341,5.8366637,208.6458,-4.416716,-9.354698,212.42131,0.23162277,1.5961804,197.46826,-23.198336,-17.151953,199.83495,3.9185598,15.270979,177.91603,-10.36299,1.8980162,189.5595,20.859962,5.0510006,186.53911,8.8573675,10.124373,190.32872,-0.8939535,-0.43263635,146.7084,-18.407703,-13.1276045,146.23734,1.2920445,6.9308844,109.63498,-13.095477,-1.1400583,115.44806,20.318039,-0.3970946,73.90386,-20.319258,-5.574222,79.70945,13.08064
0.075473,204.89857,8.415801,4.0984,207.48038,6.5956526,-1.8982027,209.7014,8.3427515,6.30583,209.23358,-4.021359,-8.816269,213.19304,0.7813381,1.6889398,197.8223,-22.896198,-16.496403,200.57655,4.7158723,14.706884,177.2399,-11.044883,2.4741166,189.0985,20.898378,5.3159223,186.05278,8.50322,10.249189,189.81923,-0.97873294,-1.1028265,147.4863,-18.287453,-13.402322,146.89235,1.7096286,5.9229836,110.474304,-12.97331,-0.927504,116.10478,20.178946,-0.66945237,74.096405,-19.527618,-7.5247593,81.52098,9.587967
0.7615915,205.43788,9.022155,4.692081,208.07504,7.0844765,-1.3962154,210.15025,8.670007,6.7692013,209.73872,-3.553544,-8.249546,213.72533,1.5186869,1.2877542,198.3125,-22.472187,-15.499744,201.18797,6.0805335,13.770416,176.65544,-12.057749,3.780554,188.08308,20.67493,5.6463003,184.83698,8.253548,9.849379,189.65955,-1.6799089,-1.8525748,148.20729,-18.01786,-13.415624,147.71982,2.345326,4.862838,110.883965,-12.824486,-0.5672848,116.14915,19.578445,-0.49827874,73.95176,-18.836718,-9.940847,83.42083,6.214344
1.532911,205.91405,9.577168,5.5213046,208.60706,7.8333435,-0.64691406,210.60811,9.175206,7.195381,210.2049,-3.1441958,-7.5949297,214.33342,2.352578,0.921878,198.81729,-22.208426,-14.561641,201.97423,7.2876987,12.743612,176.24527,-13.214471,4.1077013,187.15103,20.715204,5.6183004,184.35475,7.629607,9.905022,189.27026,-1.5514768,-2.435103,148.71497,-17.68376,-13.328913,148.2535,3.0571704,3.8730648,111.25247,-12.920715,-0.26046112,115.70717,18.50204,-0.1692824,73.90145,-18.14376,-12.421932,85.28623,2.7367868
2.64326,206.51086,10.180078,6.544194,209.11896,8.148492,0.2769066,211.00822,9.172612,7.730129,210.537,-2.8661354,-6.841456,214.74759,3.1366067,0.72986156,198.95825,-21.72503,-13.376133,202.30853,8.750848,11.701824,175.58043,-13.8837805,4.7325063,185.57681,20.76909,4.6972075,184.19373,6.8923798,9.931612,189.2098,-1.4062984,-2.9319472,149.08527,-17.011852,-13.2487,148.7178,3.89783,2.9918134,111.28923,-13.226455,-0.52720046,114.79596,17.055779,0.13796863,73.85522,-17.302359,-15.191846,86.45848,-0.5818051
3.554394,206.92223,10.569786,7.37048,209.46829,8.311803,1.1729379,211.4222,9.576478,8.206732,210.92816,-2.6530209,-6.213526,215.05547,3.8440218,0.042140663,199.08534,-21.365322,-12.114103,202.35353,10.043691,10.575501,175.14864,-14.302432,5.466828,184.17763,20.972744,4.801502,184.02628,6.796753,9.690868,188.9013,-1.1808224,-3.372893,149.60214,-16.507042,-12.806784,149.0337,4.452943,2.0008807,111.467476,-13.729104,-1.0819143,113.719894,15.439391,0.19641529,73.713585,-16.83496,-17.48946,86.986824,-3.4349067
4.5300665,207.17502,10.853618,8.234021,209.74081,8.426234,2.1683254,211.73682,10.16134,8.66613,211.02762,-2.598924,-5.4410253,215.26645,4.42088,-0.7553586,199.10541,-20.948357,-11.071439,202.16231,11.114016,9.589746,174.87613,-14.753333,5.666419,183.06349,21.410177,4.8652105,182.88129,6.9312544,9.846035,188.3005,-0.88759416,-3.7572286,149.73392,-16.095823,-12.51453,149.18614,4.939503,1.1079335,111.43134,-14.161235,-2.0560834,112.65116,13.313343,0.46589476,73.7865,-16.225744,-19.544117,86.44235,-5.8993545
5.1551843,207.14746,11.194369,8.642305,209.7151,8.476377,2.810558,211.75482,10.866009,8.994053,210.76729,-2.44815,-4.8797154,215.29158,4.9626064,-1.1639878,198.5891,-20.220612,-10.206711,202.02258,12.27131,8.970078,174.02025,-14.808987,6.1058483,182.05812,21.277023,5.47875,182.07703,7.113048,10.053107,186.678,-1.3860502,-4.0806465,149.72354,-15.577586,-12.200324,149.09598,5.379253,0.48216408,111.233734,-14.493163,-3.4718113,111.43285,11.035619,0.8997097,73.73409,-15.392415,-21.588562,84.9132,-8.248652
5.871611,206.9516,11.449568,9.180571,209.66441,8.642736,3.354511,211.47424,11.219715,9.279468,210.44551,-2.285362,-4.509567,214.73819,5.388567,-2.073385,197.84224,-19.658869,-9.547177,201.7778,13.021052,7.9028454,173.26982,-14.888679,6.8051944,181.49097,21.216341,6.9852357,180.95131,7.4914255,10.933897,185.24965,-1.2134534,-4.416477,149.38567,-14.943633,-12.132989,148.63808,5.693146,0.11227988,110.80141,-14.65024,-5.4751706,110.207565,8.610496,1.298037,73.615875,-14.662661,-23.568884,82.94286,-10.43015
6.9917846,206.58209,11.487544,10.145828,209.31743,8.534274,4.3880095,211.06413,11.311383,9.434044,209.79654,-2.488959,-3.7775226,214.31462,5.9679756,-3.6274016,196.71124,-18.940908,-8.778256,201.36345,13.770094,7.4728365,172.20244,-14.304848,7.0246763,180.60037,21.433567,7.95346,179.72762,7.9472632,11.2382765,184.09717,-0.99149436,-4.855356,148.86002,-14.505167,-12.094986,148.16023,6.022448,-0.15019901,110.270386,-14.704164,-7.6198206,109.12052,5.939985,1.7558478,73.423386,-14.253355,-25.50122,80.858444,-12.225641
7.765649,206.0496,11.506705,10.734789,208.78482,8.371494,5.2006774,210.55399,11.5591955,9.791025,209.10419,-2.5843742,-3.071213,213.84988,6.300695,-4.5865426,195.94354,-18.218744,-7.9732695,200.72472,14.554338,6.3740473,171.33351,-14.138853,7.669524,179.72011,21.772577,8.617342,178.60658,8.159182,11.081477,183.06978,-0.88357705,-5.029563,148.44987,-13.979527,-12.005714,147.39323,6.274111,-0.026948787,109.90603,-14.289641,-9.993389,108.231995,3.1053805,2.3583176,73.397095,-13.571253,-26.906208,78.50432,-13.937709
8.553981,205.47557,11.485317,11.366442,208.15118,8.156979,6.049323,210.01514,11.628918,10.003561,208.44225,-2.6672251,-2.4237833,213.36919,6.7057295,-5.2843347,195.38571,-17.504124,-7.6436596,200.01108,15.103876,5.5454307,170.52954,-13.529004,8.580114,179.13576,21.956434,8.989036,177.5446,8.653788,10.607786,181.77168,-1.057943,-4.9143395,148.0303,-13.370809,-12.371054,146.76646,6.272635,0.5262425,109.6586,-13.644027,-12.349684,107.66791,0.22982392,2.8860364,73.26701,-12.978726,-28.121098,76.54495,-15.441641
9.026825,204.98447,11.519342,11.795609,207.44888,7.9992437,6.594678,209.56299,11.508467,10.03369,207.7837,-2.7164931,-2.0146449,212.93155,6.9602904,-5.607819,194.82187,-16.977087,-7.258103,199.51772,15.587254,4.96886,169.85637,-12.954123,9.459485,179.0854,22.180489,9.171632,177.06564,9.130111,10.334235,180.95808,-1.0372369,-4.8820415,147.64139,-13.068269,-12.94884,146.3688,6.3337393,0.9478851,109.44514,-13.279902,-14.401033,107.583015,-1.9023731,3.5079298,73.146286,-12.569094,-28.72835,75.02817,-16.714357
9.742528,204.29068,11.260531,12.478399,206.82431,7.7602687,7.204958,208.81192,11.225453,10.145591,207.34254,-2.9536498,-1.5853659,212.11664,7.228,-5.728637,194.46198,-16.583569,-7.1283226,199.31763,15.8774395,4.483849,169.48332,-12.432417,9.972989,179.21336,22.396456,9.192366,176.98538,9.387786,9.952437,180.50516,-0.7909399,-5.0975747,147.41103,-12.846687,-13.445906,146.20122,6.3289123,1.3063015,109.487404,-13.044625,-16.018494,107.91321,-3.34778,3.6769788,73.10795,-12.255105,-29.152098,74.22405,-17.210077
10.177261,203.7995,10.921752,13.000883,206.37158,7.5242653,7.722989,208.3631,10.985695,10.169734,207.35101,-3.2026992,-1.2565733,211.78685,7.4357634,-5.685646,194.16496,-16.485657,-7.1604853,199.24011,15.955463,4.2100153,169.21646,-11.794343,10.349411,179.51276,22.591684,8.90839,177.24525,9.82678,9.613314,180.19179,-0.5869279,-5.1616673,147.21771,-12.725542,-14.297386,146.15259,6.207914,1.8314384,109.50894,-12.74619,-17.200329,108.17275,-4.312063,4.068904,73.24519,-12.093928,-29.290253,74.01037,-17.501965
10.474357,203.52757,10.813479,13.312662,205.99919,7.355303,8.083069,208.12537,10.806092,10.295582,207.09738,-3.3067763,-0.90290016,211.68707,7.507316,-5.0140767,193.9137,-16.576372,-7.1555114,199.38098,15.731975,4.159631,169.08774,-11.302039,10.263663,179.75565,22.725712,8.524246,177.42789,10.205517,9.771123,180.23895,-0.45914572,-5.586261,147.0826,-12.61148,-15.242794,146.12221,5.866244,2.1049151,109.44295,-12.26545,-18.130579,108.22617,-4.5471015,4.3699937,73.26532,-12.188761,-29.32712,73.88475,-17.75451
10.437433,203.35149,10.772997,13.507306,205.78862,7.487882,8.233191,208.04779,10.784057,10.804399,206.81511,-3.3501763,-0.6254414,211.78145,7.173007,-4.0761323,194.0365,-16.97932,-7.3348703,199.63284,15.10748,4.608348,169.07207,-11.17921,9.894238,180.14891,23.120892,7.8355656,177.7048,10.535704,9.3418455,180.9236,-0.047634136,-5.8649845,147.22713,-12.659016,-16.178717,146.21867,5.526096,2.2941809,109.472496,-11.930483,-18.738825,108.230934,-4.417666,4.790332,73.2498,-12.164572,-28.927868,73.772865,-17.780037
10.451157,203.32744,10.91944,13.516752,205.87222,7.7115955,8.12575,207.96431,10.927902,11.341887,206.62689,-3.2021637,-0.36830544,211.87717,6.8771806,-2.6768172,194.22281,-17.357273,-7.652052,200.00781,14.122363,4.8078666,168.98505,-11.137664,9.089644,180.54362,23.223488,7.18907,177.88458,10.437844,9.329185,181.13437,0.032647263,-6.183342,147.21915,-12.651233,-17.246405,146.38914,5.271393,2.5264444,109.589165,-11.265305,-19.071655,108.18408,-3.8065906,5.0977316,73.202415,-12.232349,-28.27691,73.86812,-17.871277
10.353481,203.12894,11.156568,13.396516,205.72264,7.964352,7.8921723,207.6921,11.063584,11.84032,206.51927,-2.9165154,-0.34162802,211.59883,6.609619,-1.0488938,193.78116,-18.102749,-8.064988,200.31366,13.184648,5.3736024,168.61775,-11.090116,8.200423,181.22824,23.318172,6.695411,177.92397,10.407911,8.79814,181.84077,0.16486338,-6.296464,147.01445,-12.579707,-18.393503,146.5855,4.893643,2.9609094,109.62895,-10.62917,-19.017557,108.20087,-2.9466646,5.4517083,73.280174,-12.46551,-27.799648,74.229294,-18.032928
9.994245,202.98184,11.174053,13.201251,205.59885,8.174892,7.504791,207.52724,10.967157,12.247812,206.47943,-2.792232,-0.5755904,211.34384,6.1044188,0.4444874,193.18614,-18.686794,-8.579233,200.29433,12.103851,5.900975,167.97977,-10.810541,7.612919,181.58519,23.440422,6.1373672,178.16066,10.179413,8.47606,182.55588,0.3566719,-6.3008375,146.7869,-12.601536,-19.0715,146.62476,4.5672507,3.6430135,109.63084,-9.526691,-18.952625,107.98576,-2.4027753,5.6645417,73.31506,-12.1380625,-27.347675,74.22175,-18.109497
9.415531,202.43282,10.982099,12.932085,205.05777,8.345655,7.0998745,207.06853,10.760033,12.46398,206.02182,-2.776823,-0.68254673,211.03719,5.5604753,2.030609,192.55219,-19.159555,-9.007922,200.25182,11.046787,6.6314964,167.54549,-10.691646,6.969428,182.06917,23.590904,5.33879,178.48431,9.924002,8.579047,182.82787,0.57791287,-6.163391,146.50117,-12.549625,-19.75056,146.55872,3.93295,4.5955715,109.791626,-7.736338,-19.088564,107.88576,-1.9064099,5.4253435,73.77502,-11.600593,-26.788773,74.19074,-18.29983
8.98272,201.8317,10.7702675,12.581055,204.4759,8.27288,6.7251744,206.4959,10.620568,12.7870865,205.57942,-2.7952187,-0.8427978,210.41899,4.8091893,3.4585447,191.61574,-19.298056,-9.463711,200.17467,9.681162,7.6265054,166.5756,-10.139741,6.205757,182.53989,23.66677,4.2715516,178.31525,9.68278,8.711736,182.4312,0.73850644,-5.8179173,146.37144,-12.161164,-20.517324,146.54625,3.1470163,6.010439,110.57676,-5.374452,-19.288782,107.9815,-1.9042654,4.6353893,74.62711,-10.928275,-26.065428,74.279236,-18.78797
8.82729,201.21088,10.481288,12.499796,203.89404,8.139331,6.5587816,205.86916,10.328224,13.036712,205.12952,-2.914785,-0.809066,209.93303,4.360679,4.703581,190.44197,-19.226675,-10.106985,199.93845,8.447237,8.491944,165.70793,-9.665509,4.901891,183.09529,23.87277,3.8648055,178.23708,9.446598,8.978902,182.58545,1.2187041,-5.546144,145.95253,-11.940715,-21.101631,146.40407,2.189205,7.383887,111.288864,-2.7534006,-19.77212,107.90594,-2.4441483,3.5166476,75.63403,-10.039221,-25.428291,73.911514,-19.499582
8.653964,200.77502,10.198493,12.346528,203.54399,7.985878,6.3096867,205.39415,9.996118,13.293119,204.58086,-3.03093,-0.7413315,209.58893,3.8571665,5.7646985,189.34094,-19.088907,-10.309907,199.61192,7.2425666,9.337995,164.74937,-8.866543,4.194318,183.76213,24.069963,3.6733701,178.5393,9.150107,8.701952,181.38548,1.5488935,-5.161145,145.55392,-11.786881,-21.634888,146.04926,1.206616,8.512279,112.15602,0.06485657,-20.011631,107.74963,-3.2748795,1.784084,77.40489,-9.09093,-24.71309,73.83321,-20.18159
8.767725,200.1969,9.871163,12.419842,203.1468,7.8293686,6.239098,204.71695,9.620022,13.705519,204.24033,-3.2481892,-0.67316777,208.82222,3.3116279,7.011356,188.53128,-18.650463,-10.680086,199.09981,6.155911,9.728432,164.18738,-8.4362135,3.639066,184.10577,24.1318,3.9586592,178.86328,8.9582,7.9431167,181.01562,1.7489324,-4.8487067,145.01816,-11.539897,-22.00565,145.64003,0.3673171,9.14435,113.308235,3.346866,-20.108116,107.68973,-4.5169272,-0.18209077,79.755646,-8.115988,-24.059345,73.86201,-20.83353
8.884721,199.98805,9.695996,12.6526575,202.86626,7.7751226,6.3766665,204.49228,9.150987,14.143139,203.93776,-3.2908502,-0.45165637,208.47537,2.7889986,7.91395,187.76103,-18.508448,-10.834251,198.91632,5.2041564,10.14854,163.573,-7.8275933,2.9976354,184.51733,23.926691,3.7755783,178.79912,8.896722,8.03533,180.66847,1.8471607,-4.697633,144.61295,-11.424036,-22.307041,145.4677,-0.56538725,9.0145,114.087,6.1099024,-19.945797,107.51003,-5.437803,-2.5275767,81.51473,-6.609241,-23.178762,73.87077,-21.73238
9.043131,199.99147,9.713639,12.862944,202.65862,7.5948315,6.5506716,204.3996,8.577371,14.68857,203.57306,-3.2087433,-0.14842843,208.10555,2.2187924,8.768416,187.57642,-18.495476,-10.777197,198.94035,4.1993127,10.117747,163.27708,-7.587653,2.347285,185.33923,23.631512,3.4599907,178.87389,8.674593,8.811584,179.94481,2.0924997,-4.417899,144.48428,-11.2756815,-22.508348,145.49834,-1.3537121,8.415782,114.6771,8.180209,-19.605837,107.42008,-5.792668,-5.0860386,82.91639,-4.8789325,-22.522373,73.7785,-22.289892
9.428997,200.00847,9.362154,13.247968,202.61163,7.16523,6.9228225,204.35606,8.03899,15.176754,203.56581,-3.5413857,0.31864908,208.06868,1.7066288,9.297964,187.32317,-18.885626,-10.213746,199.22499,3.6432614,9.970892,163.14519,-7.4746823,1.451219,185.37408,23.766779,3.3913376,178.86317,8.657986,9.148599,181.15938,2.4151278,-4.174966,144.5909,-11.335792,-22.391115,145.56944,-1.986211,7.1619654,115.1632,9.834233,-19.227264,107.26574,-5.6893897,-7.7652006,84.22181,-2.6985698,-21.744875,73.75763,-22.978733
9.79705,199.92351,8.824734,13.720974,202.54802,6.8469048,7.380456,204.3207,7.5187206,15.677223,203.4372,-4.034039,0.8409106,208.11407,1.0810425,9.884711,186.98512,-19.21842,-9.634207,199.42365,2.9364886,9.8702755,162.96857,-7.0349226,0.7500195,185.71725,23.98628,3.2367785,179.21329,8.484231,9.074199,181.70166,3.088459,-4.019019,144.76985,-11.270452,-22.35068,145.82263,-2.710883,5.684818,115.35005,11.078347,-18.974762,107.11018,-5.599094,-10.209467,84.54386,-0.26133984,-20.729282,74.02074,-23.716057
10.198671,199.87233,8.3020525,14.14374,202.56708,6.462426,7.810991,204.34875,7.2100635,16.29122,203.4717,-4.4176893,1.4225596,208.23346,0.6534264,10.669479,186.59344,-19.525808,-9.489939,199.66359,1.8339195,9.714996,162.83685,-6.909196,-0.07019679,187.0621,23.790098,3.437613,179.36446,8.340919,9.108392,180.90453,3.554227,-3.6288517,144.69633,-11.052932,-22.370884,145.86882,-3.371628,3.8781595,115.06435,12.025306,-18.857924,106.997925,-5.1197195,-12.596839,84.25583,2.4873667,-19.661188,74.579926,-24.26283
10.561778,199.90398,7.8870435,14.396554,202.66486,5.913189,8.06304,204.33759,6.8735986,16.682577,203.55476,-4.809323,1.8108896,208.31346,0.2054127,11.435966,186.50824,-19.838573,-8.973319,199.72363,1.3145847,9.816177,162.83891,-7.0291147,0.0048263185,187.48094,23.538244,3.6153104,179.34544,8.052105,8.9533205,180.74306,3.4695053,-3.3659172,144.55156,-10.942826,-22.459455,145.9634,-3.8122044,1.7777815,114.730286,12.804261,-18.753178,107.150215,-4.6724963,-14.726848,83.24264,5.542282,-18.839502,75.010635,-24.495687
11.145391,200.15201,7.644589,14.895463,202.9117,5.522115,8.570807,204.53368,6.6112185,17.070116,203.67448,-5.221783,2.2483444,208.38242,-0.008749666,12.382158,186.51213,-20.040249,-8.440015,199.72021,0.65627414,9.844375,162.80609,-7.696668,-0.33261755,188.07457,23.60933,3.700755,179.33443,7.698225,8.261716,181.53307,3.285326,-3.1638885,144.34299,-10.770472,-22.191109,146.13347,-4.1004314,-0.20454872,114.219795,13.036694,-18.96624,107.497,-4.5626316,-16.478418,82.08326,8.968214,-18.342289,75.30197,-24.631
11.518773,200.21465,7.305648,15.2430725,203.03293,5.20838,8.917723,204.60132,6.316635,17.45895,203.4993,-5.6094136,2.7560282,208.43752,-0.44693604,12.985857,186.27858,-20.162157,-7.949262,199.81413,-0.23118769,10.05919,162.66522,-7.6239424,-0.41617587,188.33643,23.206518,3.771975,179.28928,7.7229447,8.451026,181.98418,2.9314792,-3.0201004,144.04536,-10.421171,-22.08274,146.17989,-4.367674,-2.6300569,113.387024,13.19283,-19.03992,107.65483,-4.5585628,-18.213919,80.666046,12.384798,-17.810421,75.58749,-24.848188
11.64354,200.50381,7.0224895,15.353891,203.30424,4.8800554,8.981268,204.80534,5.8452883,17.853148,203.51222,-5.826538,2.830189,208.1562,-1.2616761,13.918279,185.79485,-20.179491,-7.801623,199.46234,-1.134408,10.481213,162.39485,-7.4148893,-0.16132186,188.76648,22.689013,3.9639559,179.06143,7.77094,8.862934,181.87775,2.7391732,-3.075669,143.4574,-9.954234,-22.034733,146.06998,-4.6003723,-4.974693,112.14759,13.014671,-19.137794,107.46194,-4.203948,-19.761488,78.752884,15.731487,-16.941095,75.86955,-25.117561
11.746793,200.49098,6.5881686,15.433699,203.35141,4.478946,9.026143,204.74336,5.3792567,18.041615,203.24712,-6.2799273,2.9293933,207.92923,-1.8772724,14.524629,184.95859,-20.106752,-7.667251,199.18275,-2.2081294,11.077222,161.80948,-6.487285,-0.33449557,188.61888,21.89366,4.149081,178.57558,8.069575,9.769125,180.75739,2.8322377,-3.0543485,142.80432,-9.574773,-22.05435,145.70969,-4.884398,-7.2935433,110.7865,12.41615,-19.204075,107.12858,-3.6906462,-21.080395,77.09742,18.623009,-16.009243,76.12145,-25.171822
11.890087,200.52864,6.3932195,15.578388,203.21495,4.0755363,9.205555,204.75352,5.0160813,18.229528,202.99689,-6.5322294,3.0297632,207.62366,-2.2755477,15.259055,184.30812,-19.802746,-7.478508,198.56493,-3.1539671,11.485833,161.3368,-6.2783365,-0.7634891,188.68892,21.350979,4.5386767,178.2744,8.305537,9.318832,181.06587,2.1133482,-3.036985,142.07123,-9.058229,-21.899876,145.2411,-4.735554,-9.220009,109.33965,11.877154,-19.38802,106.62398,-3.070671,-21.878008,75.530785,20.99763,-14.870826,76.343285,-25.222202
11.829782,200.27989,6.0842094,15.499996,202.94861,3.7181392,9.121242,204.47754,4.644007,18.428429,202.3247,-6.7789965,3.1293755,206.96231,-3.0471995,16.089914,183.36447,-19.199347,-7.3111305,198.09433,-4.304021,11.874925,160.77946,-5.3593645,-1.5397468,188.50168,20.577951,4.5180974,178.01031,8.567067,9.214734,180.57523,1.8449496,-2.8137147,141.15886,-8.485884,-21.801767,144.42508,-4.8869147,-10.59255,107.77517,11.410881,-19.612438,105.88395,-1.9121006,-22.512365,74.19711,22.234877,-13.5227785,76.76174,-25.108255
11.956936,199.93948,5.8418202,15.52184,202.65117,3.3686683,9.09173,203.97188,4.247761,18.666386,201.67189,-7.014543,3.2498114,206.16483,-3.6021943,16.945171,182.35274,-18.619732,-7.1471705,197.55583,-5.7121506,12.351393,160.0589,-4.4752164,-3.407792,189.08163,19.577766,4.7538266,177.53862,8.874062,9.039489,180.13908,2.430347,-2.4315348,140.03651,-7.93755,-21.521912,143.53398,-5.0470715,-11.20697,106.600075,11.165588,-20.224205,105.14056,-0.84986305,-23.329775,73.28558,22.574408,-12.307222,77.1004,-24.822098
11.877715,199.42041,5.405681,15.502723,202.21803,3.1262474,9.014266,203.41335,3.7155952,19.026743,201.05016,-7.218295,3.4423916,205.42535,-4.4311852,17.938772,181.26315,-17.9412,-6.9293094,196.7027,-6.945607,12.769938,159.52615,-3.2182598,-5.0311203,189.46573,18.784178,4.2077975,177.59142,8.706565,8.850031,179.2306,3.3271782,-1.8994858,139.07138,-7.506482,-21.106113,142.71706,-5.194157,-11.374155,105.73671,11.312952,-20.850197,104.483925,-0.0025245533,-23.954988,72.8857,22.55792,-11.485007,77.65484,-24.478605
11.697074,199.09183,5.195695,15.355116,201.95587,3.038678,8.82093,202.99472,3.3200185,19.159622,200.6181,-7.212332,3.4320574,204.75087,-4.9579096,18.962286,180.37428,-17.052597,-6.8275394,196.2715,-8.117702,13.1767435,158.94931,-1.7922457,-6.405695,189.58325,17.663376,3.6282527,177.65456,8.465144,8.686832,178.40324,4.189676,-1.5925456,138.32425,-7.196762,-20.46541,142.17741,-5.704992,-11.29131,105.09627,11.302203,-21.533298,104.09979,0.5591806,-24.02224,72.6098,22.449808,-10.780872,77.891556,-24.149242
11.585016,198.88867,5.046092,15.243478,201.87206,3.0663917,8.664561,202.67538,3.0143983,19.475805,200.41495,-7.1412573,3.5165281,204.06424,-5.552081,19.636927,179.90166,-15.860883,-6.614447,195.86052,-9.033575,13.514481,158.85118,0.3986903,-7.9955363,189.42531,16.864056,2.6462634,178.01619,8.445004,7.942963,178.70435,4.236763,-1.06844,137.81387,-6.875562,-19.975597,141.53392,-6.5272374,-11.180548,104.9331,11.587133,-21.667938,103.71489,0.38179797,-23.570639,72.47642,22.07711,-10.152878,78.005905,-24.12684
11.451043,199.0228,5.2099953,15.082743,202.00748,3.1962228,8.490499,202.61354,2.9021976,19.635788,201.00021,-6.743877,3.554154,204.01314,-5.6114964,20.461237,179.64062,-14.3845,-6.7332735,195.80379,-9.969301,13.246107,159.10844,2.3018284,-9.336205,189.3512,15.78159,1.6819495,178.3479,7.999807,7.5805697,177.89026,4.568057,-0.29460755,137.74489,-6.264573,-19.633173,141.35785,-7.814006,-10.731729,105.16617,11.878974,-21.5814,103.96809,-0.2890788,-23.026558,72.59131,21.771074,-9.847143,77.764626,-24.532915
10.900275,199.29816,5.562486,14.6534,202.18556,3.633329,8.085797,202.97762,3.2111018,19.533245,201.60052,-6.01583,3.3662643,204.45583,-5.433081,21.254448,180.10486,-12.954547,-6.717237,196.10892,-10.4822,13.4176445,159.34183,3.0595906,-10.620003,189.35542,15.1558485,0.63678724,178.1129,7.688582,6.64391,178.45331,3.95475,0.4232875,138.1202,-6.097354,-18.93639,141.81528,-8.944262,-9.947283,105.4544,12.09115,-21.039995,104.49023,-1.3871257,-22.385927,72.756485,21.8997,-9.268224,77.462494,-24.942139
10.501784,199.73381,6.093549,14.253966,202.72174,4.3150554,7.68891,203.4473,3.7940114,19.407166,202.2046,-5.2686024,3.205637,204.88185,-5.0599246,21.829082,180.93163,-11.902759,-6.464911,196.55489,-11.079292,13.004738,160.49648,4.196501,-11.499319,189.32053,14.469553,-0.71315277,178.84012,7.0140867,6.115463,178.84479,3.791139,1.0011444,138.63487,-6.2533736,-18.332802,142.28465,-10.224861,-9.417815,105.86441,12.047191,-20.416899,105.08922,-2.6338725,-21.587519,72.86617,22.001547,-8.575475,77.160225,-25.299948
10.204563,200.38101,6.6555595,13.945726,203.43123,4.9737005,7.372646,204.1045,4.407602,19.168087,203.00703,-4.6080537,2.8870971,205.33925,-4.623373,22.503788,181.80171,-10.991244,-6.390066,196.97662,-11.596259,12.859181,161.57515,4.912914,-13.437209,189.561,13.105613,-1.8024116,179.51028,6.7113323,5.4983797,179.7663,3.9790142,1.5231097,139.0689,-6.3554993,-17.746002,142.70908,-11.142985,-8.657713,106.285446,11.879538,-19.641525,105.51538,-4.0664124,-20.622257,73.214386,22.095451,-7.665395,76.75516,-25.336895
9.752804,201.00406,7.1945148,13.406976,204.20718,5.6069713,6.8226876,204.6792,4.98872,18.785769,204.07877,-3.8957868,2.4705546,205.95337,-4.147004,22.997707,182.89227,-9.773447,-6.1577044,197.50414,-12.29477,12.727439,162.59094,5.8201737,-15.105976,189.79767,11.974432,-2.4171586,180.06294,6.692957,4.5584884,181.05568,4.1686935,2.1847222,139.57536,-6.551148,-17.081768,142.9688,-12.255196,-8.012668,106.70309,11.702458,-18.912933,105.839294,-5.5011063,-19.272976,73.51134,21.805292,-6.745964,76.28362,-25.535753
9.145127,201.64114,7.6589966,12.706801,204.91391,6.0238805,6.0959554,205.29332,5.577498,18.33959,205.00606,-3.2344067,2.0422719,206.57938,-3.7723365,23.370424,184.1643,-8.059575,-6.1387916,197.87215,-12.78428,12.652896,163.39946,6.494815,-16.384418,189.96268,10.793094,-2.7124538,180.76408,7.093986,3.9419951,181.1744,4.736437,2.8863575,140.12097,-6.989766,-16.420774,143.22414,-13.634644,-7.310665,107.55573,11.860446,-18.395891,106.02321,-7.00869,-17.81699,73.85576,21.022911,-6.0014324,75.94488,-25.778366
8.293646,202.30284,8.086828,11.89079,205.58727,6.5468674,5.3152766,205.82092,5.702198,17.709463,205.87825,-2.5887022,1.3622733,206.93129,-3.5472791,23.46974,185.18558,-6.9868336,-6.1465855,198.16481,-13.2616415,12.277361,164.83153,7.510153,-17.009823,189.91545,10.095695,-3.2925665,181.98799,7.2570925,3.8021302,181.73163,5.3266625,3.6344986,140.5237,-7.0998926,-15.344069,143.54039,-15.567584,-6.5500484,108.61726,12.664409,-17.892437,106.374146,-8.288445,-15.817662,74.08306,19.94373,-5.701986,75.51127,-25.793257
7.6213355,202.69931,8.551186,11.069028,206.16556,7.0754237,4.485676,206.1498,6.2667837,17.019186,206.3628,-2.1119556,0.6262498,207.1713,-3.0929573,23.350462,186.20114,-5.874269,-6.4284477,198.21118,-13.68307,11.955794,165.70871,8.569515,-17.831194,190.16522,9.51999,-3.4900546,182.55754,6.7621403,3.3298614,182.72801,5.255954,4.3927917,140.98244,-7.251737,-14.10728,143.66846,-16.895287,-5.772023,110.08685,13.905971,-17.39973,106.72173,-9.311164,-13.4096,74.72713,18.045073,-5.4120536,75.13801,-25.731596
7.069254,202.969,9.179155,10.232117,206.63272,7.545905,3.618578,206.22128,7.081684,16.225807,207.01178,-1.5100985,-0.12456969,207.21024,-2.507158,23.091574,186.91466,-4.8775687,-6.354113,198.2575,-14.08695,11.492545,166.59766,9.617726,-18.668411,190.49205,8.660801,-4.465272,182.78061,5.631913,3.101883,183.57526,5.0420203,5.1247363,141.32785,-7.105598,-12.711893,143.61636,-17.908594,-4.9089346,111.57712,15.394527,-16.768585,106.66422,-10.081364,-10.888049,75.8086,15.377285,-5.0666656,74.55351,-25.453686
6.0782022,203.13249,9.73334,9.212607,206.86151,8.207412,2.6181207,206.31743,7.556535,15.459354,207.36568,-0.70387733,-0.8974345,207.13408,-2.1700923,22.817104,187.71019,-3.9618466,-6.247105,198.16098,-14.452077,11.087343,167.64107,10.730853,-19.816723,190.59183,7.6727653,-5.0785108,183.11269,5.0911903,2.2480662,184.51433,5.4142027,6.1600165,141.8767,-6.97326,-11.325156,143.87138,-18.853697,-4.0854874,113.31779,16.769209,-15.625855,106.90167,-10.872711,-7.926605,77.41071,12.015922,-4.6779375,74.06381,-25.203869
5.0237856,203.30492,10.239571,8.217703,207.0774,8.93373,1.6671501,206.56142,8.00119,14.634818,207.68005,0.033152122,-1.5808954,207.15593,-1.916301,22.418137,188.48692,-2.9322963,-6.1694803,198.12048,-14.8730755,10.658422,168.59795,11.931778,-20.940346,190.80661,6.365027,-5.7347226,183.49425,5.204641,1.44669,185.51468,5.541992,7.0376487,142.6292,-6.4751883,-9.915352,144.04694,-19.620905,-3.3634262,114.965805,17.53758,-14.281174,107.32922,-11.273225,-4.684466,79.35578,8.179475,-4.434494,73.79442,-24.877146
4.159671,203.61578,10.704351,7.2499304,207.48778,9.420607,0.7382969,206.74503,8.38817,13.760366,208.0907,0.5727182,-2.3941486,207.23082,-1.5813004,21.919739,189.1151,-2.0691388,-5.916599,198.06853,-15.162006,10.125076,169.45578,13.098436,-21.743835,191.07921,5.589745,-6.2504663,183.71242,5.396893,0.6634312,185.5902,6.0775347,7.8785443,143.4206,-6.3349833,-8.633843,144.42688,-20.34505,-2.8107936,116.29054,17.789804,-13.0078745,107.66082,-11.654784,-1.3592654,82.17341,4.44744,-4.378232,73.681755,-24.338436
3.3689432,204.29608,11.214567,6.4660616,208.10306,9.769687,-0.010610592,207.26027,8.626752,12.957129,208.60527,1.0055969,-3.229249,207.57265,-1.1477339,21.6477,189.96947,-1.152749,-5.7523932,198.15274,-15.133314,9.696525,170.60614,14.010039,-22.398296,190.96361,4.8620358,-6.970079,184.046,5.22609,-0.06681561,186.16547,7.6276784,8.902863,144.18628,-6.532407,-7.590608,145.05113,-20.724628,-2.4349227,117.13883,17.306688,-11.971184,108.25676,-12.046992,1.7170498,84.59673,0.8102298,-4.3321137,73.83094,-23.72154
2.4942079,204.778,11.735708,5.4812703,208.728,10.459176,-0.91183096,207.61115,9.048432,12.299913,209.35211,1.872512,-3.83152,208.21193,-0.75095046,21.36121,190.7405,-0.05460033,-5.646152,198.44441,-15.187068,9.150467,171.3275,14.719082,-22.763922,190.48395,4.0290146,-7.2750983,183.98485,4.1797447,-0.76990086,186.05136,9.405647,9.671549,144.96353,-6.630853,-6.3925095,145.75198,-20.851154,-2.1461422,117.32428,16.224255,-11.325158,108.72335,-12.442081,5.2396016,87.021034,-2.8046792,-4.635983,73.71712,-22.952185
1.8788425,205.36226,12.313622,4.8106346,209.33524,10.985106,-1.5448276,208.07935,9.524198,11.73284,210.13538,2.584145,-4.3360825,208.67346,-0.2204614,21.136011,191.9592,1.2557979,-5.621775,199.0391,-15.013668,8.477911,172.45836,15.300723,-23.199247,189.8243,3.1276808,-8.073451,184.5577,4.1995664,-1.5496571,186.1022,10.533695,10.395536,145.61612,-6.615387,-5.567395,146.38802,-20.845331,-1.7966465,116.806694,14.849556,-10.688536,109.229164,-13.163833,8.661807,88.93344,-6.272206,-4.715965,73.72668,-22.543207
1.2133579,206.10797,13.007308,4.176584,210.08028,11.7399845,-2.1685145,208.8767,10.217001,11.013197,211.05142,3.3285902,-4.9750924,209.10185,0.3740346,20.669514,193.07718,2.2961977,-5.637879,199.86835,-14.966996,7.6908727,173.49467,15.903646,-23.440512,189.27081,2.2042115,-8.7015295,184.97086,3.63846,-2.159871,186.0896,11.205814,11.041285,146.2386,-6.400781,-4.864611,147.03903,-20.709818,-0.873021,115.92396,13.137579,-10.145852,109.640335,-13.7550535,11.788818,89.71721,-9.201549,-4.6267447,73.77155,-22.01863
0.5206874,206.8126,13.663067,3.4368763,210.85632,12.530205,-2.8429809,209.54744,10.822318,10.4187975,212.02155,4.193792,-5.5420356,210.264,1.0914212,20.138977,194.19308,3.6936486,-5.590585,200.70287,-15.006473,7.170414,173.94624,16.57897,-23.615625,188.3005,0.5832049,-9.4368,184.72919,3.89893,-3.3572414,185.84448,11.6914,11.795402,146.98605,-6.311626,-4.139559,147.99217,-20.794535,0.6253191,114.62251,10.759033,-9.600504,110.2943,-14.240224,14.854234,89.5322,-11.965829,-4.8353753,73.65405,-21.187302
-0.08618853,207.44424,14.26276,2.7265804,211.59303,13.281498,-3.584078,210.2635,11.680098,9.856141,212.89938,4.952193,-6.0574923,211.10745,1.6930782,19.849703,195.48825,4.9062686,-5.8444724,201.26973,-14.695738,7.094055,174.3633,16.937754,-23.55822,186.78624,-0.7805947,-10.103922,183.85065,3.9930296,-4.734429,185.52701,12.948684,12.785496,147.6196,-6.383308,-3.7743113,148.59537,-20.662584,2.452661,113.3052,7.661543,-9.337095,110.641365,-14.861237,17.576334,88.13164,-14.612314,-5.260763,73.75788,-20.321129
-0.85967225,208.06625,14.901935,1.9844661,212.26918,14.182747,-4.311487,211.06587,12.466122,9.020344,213.8996,5.8759646,-6.918453,211.8673,2.4556873,19.4549,196.42822,6.3212147,-6.154537,201.70753,-14.088836,6.866483,174.41603,17.137238,-23.535694,185.43596,-1.9856817,-10.886371,183.66672,4.352119,-5.353337,185.40504,12.840387,13.514097,148.0261,-6.2841263,-3.3100617,149.07361,-20.250614,4.7614617,111.881516,4.2599936,-8.593305,110.805855,-15.486468,19.982624,85.61317,-16.809484,-5.66146,73.792984,-19.888195
-1.6796806,208.68532,15.578916,1.1266263,212.91127,14.882882,-5.2011447,211.72935,13.297083,8.316609,214.49384,6.5887737,-7.6548605,212.457,3.122099,18.84188,197.17293,7.7538,-6.5051246,202.062,-13.615755,6.7812653,174.47443,17.26897,-22.947075,184.0203,-3.003947,-11.160376,182.9673,4.0387344,-5.6751432,184.66356,12.985393,13.964906,148.03668,-6.001595,-2.974293,149.1379,-19.648943,7.0104585,110.64919,0.8541924,-7.638564,110.71329,-16.291975,21.611506,82.35725,-18.423655,-6.2169914,73.61138,-19.384975
-2.5193102,209.33298,16.374828,0.21919551,213.57617,15.512541,-6.0631337,212.19307,13.895235,7.5210567,214.89941,7.3041863,-8.414208,212.84982,3.815379,18.097681,197.82217,8.917477,-6.9588194,201.89049,-13.11845,7.2061014,174.44939,17.5425,-22.839262,182.73827,-4.1588936,-10.684898,181.965,3.5868273,-6.2112765,183.20491,12.782667,14.296151,148.05887,-5.447409,-2.7023594,149.10692,-19.049908,9.719487,109.96072,-2.6043973,-6.6098323,110.53794,-16.918127,22.765121,78.97718,-19.77786,-6.821692,73.53213,-18.656595
-3.3644378,209.43575,17.065857,-0.5811348,213.58104,15.913289,-6.9031906,212.20457,14.478193,6.8772173,214.90117,8.11411,-8.961482,212.842,4.3202596,17.388859,198.07962,10.131153,-7.204541,201.54912,-12.545206,7.2016387,174.06119,17.757702,-22.722788,181.06357,-5.1297417,-10.9838,180.2396,3.3834078,-6.388948,181.69014,12.030961,14.878411,147.9269,-5.1345096,-2.292906,148.99413,-18.209091,12.664498,109.53001,-6.032431,-5.785984,110.667435,-17.175304,23.411924,76.18665,-20.848978,-7.2333364,73.69115,-18.11967
-3.9901104,209.35068,17.536976,-1.1980518,213.49384,16.418095,-7.531947,212.16336,15.001455,6.3329225,214.88922,8.739675,-9.447799,212.752,4.7718296,16.813608,197.77785,11.2554655,-7.1260786,200.97327,-12.161769,6.4879756,173.33028,17.9483,-22.341234,179.37094,-6.3039727,-11.631486,177.98018,3.097733,-6.470051,179.48967,11.301104,15.423585,147.44386,-4.620357,-1.891052,148.59526,-17.461628,15.549319,109.049255,-9.373531,-5.162103,110.358665,-17.290041,23.847643,74.20378,-21.442852,-7.6651406,73.804794,-17.416483
-4.580174,209.14377,17.955193,-1.7660028,213.27263,16.818554,-8.12029,211.9888,15.447002,5.7174687,214.85237,9.24402,-10.011849,212.50058,5.180822,16.137022,197.43022,12.284418,-7.1354957,200.35785,-11.99001,6.256389,172.43602,18.055403,-21.816008,177.8525,-7.637613,-11.852929,175.36235,2.8119178,-7.0014715,177.39859,10.717026,16.127144,147.20595,-4.128706,-1.2607601,148.37984,-16.885145,17.894924,108.99471,-11.923495,-4.591366,110.09329,-17.440214,23.972038,73.47319,-21.664948,-7.968641,73.61265,-16.844225
-5.1587577,209.09799,18.375525,-2.3556008,213.19188,17.092669,-8.743095,211.92009,15.898232,5.153651,214.82542,9.667322,-10.5523815,212.29565,5.552897,15.718206,197.19435,13.055685,-7.199098,199.74814,-11.7575655,6.797702,171.41109,17.804375,-21.447977,176.65686,-9.170876,-11.502683,171.88503,2.4465432,-8.292738,174.62726,10.426663,17.041702,147.06694,-3.8974555,-0.47083414,148.3095,-16.882776,19.686346,109.099625,-13.125471,-4.337091,110.17046,-17.327051,23.85619,73.1959,-21.757156,-8.19354,73.87175,-16.401558
-5.780028,209.15,18.733515,-2.995249,213.23174,17.400337,-9.42381,211.98311,16.365889,4.5802584,214.75446,9.993988,-11.03866,212.12405,5.803257,15.312383,196.9967,13.785684,-7.3543105,199.41707,-11.577149,8.383712,170.4734,17.45042,-20.732283,175.9331,-12.099444,-10.094619,166.90375,2.9438105,-10.474407,171.89122,8.839437,18.022055,147.15738,-4.0520387,0.30770394,148.09044,-16.939054,20.60236,109.05748,-12.7148075,-4.2611547,110.07674,-16.725143,23.499079,73.24851,-21.203156,-8.553027,73.7057,-16.005545
-6.3671308,209.29666,19.126528,-3.5475233,213.27023,17.554731,-9.998946,212.05814,16.65869,4.09798,214.63007,10.369394,-11.604843,212.1231,6.123781,14.754076,196.89076,14.341292,-7.433422,199.29614,-11.459825,9.789871,170.02957,16.93865,-19.509941,175.52808,-15.048085,-8.1137705,160.51723,4.5128555,-12.638831,167.31209,5.811205,18.99934,147.59346,-4.171222,1.0277066,148.40558,-17.021494,20.79274,109.1759,-11.667561,-4.2699714,110.20973,-15.922128,22.952883,73.280525,-20.42545,-8.930219,73.687965,-15.721364
-6.875519,209.31409,19.181217,-4.0709906,213.19872,17.366081,-10.510901,211.90508,16.539942,3.655587,214.25372,10.276553,-12.056177,211.66635,6.0990314,14.7887335,196.58948,14.406873,-7.9404535,198.90941,-11.20967,10.869741,169.21101,16.518589,-18.711061,174.92554,-17.293955,-5.5301394,154.7401,7.5174675,-14.555367,163.11304,2.6887703,20.21587,147.83397,-4.209003,1.6384186,148.5126,-16.76087,20.480484,109.32192,-10.137392,-4.3449025,110.24658,-15.323296,22.29689,73.54233,-19.968105,-9.350211,73.69408,-15.692232
-7.2897663,208.63264,18.956297,-4.648632,212.65227,17.19033,-11.083329,211.23561,16.553862,3.2816322,213.5622,10.087798,-12.486799,211.24658,5.9265738,15.24255,196.6402,13.190499,-8.842303,198.47638,-11.20286,13.040717,169.20763,16.091349,-19.020342,174.60843,-18.526657,-1.018625,150.67717,11.765295,-17.365162,159.41267,-0.49367473,21.045345,147.65988,-4.1571264,1.8959988,148.31718,-16.294403,20.169378,108.85321,-8.886937,-4.690674,110.05824,-14.713575,21.629063,73.20675,-19.62244,-9.859053,73.558945,-15.864329
-7.511445,207.7397,18.4729,-4.8574877,211.76685,16.748425,-11.298631,210.3586,16.08387,2.9850621,212.80283,9.620993,-12.809839,210.68547,5.5712495,15.754712,196.49187,12.102596,-9.71206,197.63817,-11.518088,15.590975,169.42252,15.977136,-20.022175,173.73027,-19.137915,4.6585183,148.13452,15.935155,-20.999924,155.61768,-3.8678133,21.649485,147.01955,-4.058042,1.9549233,147.6414,-15.887547,19.71472,108.33071,-7.0929303,-5.0699935,109.70121,-13.85755,20.555199,73.16428,-19.206106,-10.58204,73.57148,-15.886332
-7.5823207,206.8739,18.110098,-5.004328,211.03406,16.58993,-11.348663,209.42207,15.609954,2.7882848,211.75455,9.064226,-13.0912,209.74873,5.250937,16.03765,196.13416,10.983198,-10.469999,196.40245,-11.839427,17.814806,169.41808,16.156046,-21.47542,172.88023,-19.893589,10.46154,146.90555,19.458376,-24.516184,152.73119,-7.598776,22.164284,146.42963,-3.895795,2.1646008,146.79938,-15.3143635,19.193644,107.87865,-5.537888,-5.670019,109.30614,-12.658436,19.674597,73.195366,-18.936079,-11.1412735,73.4118,-15.5484085
-7.664712,205.86063,17.63379,-5.0465546,210.01701,16.18945,-11.379671,208.43135,15.07692,2.640065,211.11293,8.660282,-13.172362,208.67754,4.7836065,16.434515,196.06216,10.224026,-11.100294,195.20271,-12.300289,20.100496,170.05544,16.744902,-22.8491,172.4732,-20.839907,16.366512,147.51543,22.941956,-28.516867,151.34496,-11.975551,22.605202,146.01912,-3.4565976,2.2929764,146.10132,-14.54732,18.585768,107.36252,-4.518901,-6.7549143,108.98037,-10.625271,19.084375,72.973305,-18.756042,-11.625431,73.343544,-15.23505
-7.8119426,204.836,17.08993,-5.18442,209.04816,15.8376255,-11.473193,207.45816,14.511902,2.4447138,210.44176,8.300384,-13.299434,207.85722,4.2661767,16.777742,195.78357,9.52191,-11.533444,193.95963,-12.619226,23.297464,170.78471,17.688608,-24.342634,171.95288,-21.746243,22.302,148.6985,26.06876,-33.00738,150.7733,-16.525396,22.911226,145.1255,-3.2726827,2.4709501,144.99146,-14.205043,18.087114,106.936455,-3.9594717,-8.279053,109.03033,-7.8419185,18.37804,72.9264,-18.743296,-11.737749,73.60595,-14.37202
-8.021586,204.07355,16.613136,-5.422713,208.35219,15.541382,-11.681821,206.7409,14.084736,2.08258,209.81038,7.761288,-13.63685,206.97751,3.8039415,17.016584,195.58427,8.974581,-12.050047,192.69217,-12.848585,27.149988,172.20638,18.180803,-25.742357,171.72621,-22.670885,27.421013,151.02242,28.719467,-37.002804,151.23456,-21.200327,22.992504,144.45209,-3.4936678,2.3730752,144.39816,-13.790213,17.92637,106.5633,-3.6558855,-9.818385,109.674644,-4.181802,17.78209,72.74204,-18.784534,-11.367642,74.606804,-13.053436
-8.460317,203.42426,16.293251,-5.770572,207.70334,15.479925,-11.966302,206.17186,13.642045,1.6929998,208.92467,7.353437,-14.142772,206.36162,3.5135605,17.08868,195.41664,8.543447,-12.4457,191.59106,-12.943595,30.763124,174.31685,18.531406,-26.85111,171.6096,-24.05869,32.120308,154.0611,30.957457,-40.67796,152.67876,-25.790586,23.184315,144.1734,-3.714245,2.1318438,144.04868,-13.320925,17.507332,106.52624,-3.563715,-10.920045,110.845345,-0.65769887,17.244879,72.94357,-18.86666,-10.498705,76.30245,-11.398416
-8.98793,202.9886,15.978954,-6.209661,207.22427,15.204328,-12.44286,205.86299,13.387619,1.0699502,208.62773,7.034737,-14.735941,205.93533,3.2424695,16.914616,195.26161,8.309101,-12.787327,190.77774,-12.9185,33.63761,176.55194,18.958582,-27.67129,172.02928,-25.49562,35.59612,157.51134,33.23429,-43.72256,155.23941,-29.731625,23.484348,144.47249,-3.9275942,2.065264,144.18927,-13.013977,17.281622,106.72342,-3.9968007,-11.335075,112.426544,2.6540992,16.481274,72.99526,-19.136244,-8.638157,78.51627,-9.783821
-9.706429,202.89822,15.817968,-6.965292,207.10359,14.822446,-13.301351,205.76646,13.411768,0.2916666,208.49916,6.7677703,-15.544275,205.73561,3.0751853,16.290485,195.87892,8.155268,-13.314815,190.67166,-12.647668,35.317905,179.4608,18.773373,-28.212875,173.06206,-26.597782,38.783905,162.57974,35.241314,-45.871967,158.6006,-33.329243,23.620705,144.65944,-4.261517,2.0961504,144.12154,-12.76461,17.34176,106.96158,-4.266206,-10.790795,113.74733,5.513493,15.925448,73.22279,-19.384394,-5.9602275,80.968895,-8.327167
-10.407049,203.0786,15.727059,-7.6970754,207.33691,14.888176,-13.985319,205.92427,13.282874,-0.4077364,208.75539,6.710454,-16.258278,205.94182,3.0177734,15.965239,196.17082,7.836873,-13.981882,190.63583,-12.846337,36.759235,181.90543,18.941645,-29.188622,174.23662,-27.837446,41.236412,167.35262,37.16367,-47.731083,161.71089,-36.061935,23.472813,145.0277,-4.4671454,2.0391667,144.53044,-12.547986,17.356358,107.30197,-4.7900887,-9.898321,114.884415,7.628536,15.4905205,73.52239,-19.747017,-2.7643769,82.50962,-6.8991017
-11.01606,203.24805,15.7563925,-8.364779,207.4841,14.64849,-14.702806,206.0333,13.393022,-1.053133,209.01051,6.753349,-16.858927,206.16806,3.0616393,15.301848,197.06953,7.6861286,-14.764608,190.90472,-13.108447,37.43033,184.90193,18.700706,-30.074205,175.63605,-29.129229,43.210136,173.16212,38.466667,-49.325935,164.78563,-38.111496,23.277943,145.84004,-4.6278524,2.0225172,145.06401,-11.918558,17.737507,107.91566,-5.5655704,-8.316008,115.69822,9.521369,14.798925,73.66889,-20.205986,0.6972563,83.95764,-5.3206253
-11.803798,203.44446,15.695692,-9.161548,207.67517,14.542972,-15.484736,206.18533,13.265721,-1.7584732,209.56006,6.9806466,-17.481283,206.45499,2.986272,14.377211,198.24487,7.466266,-15.355787,191.23404,-13.062558,37.517773,188.43602,18.06844,-30.805052,177.20897,-30.040613,44.385326,179.07901,38.870106,-50.296288,168.00433,-39.928722,23.47577,146.46004,-4.519649,2.020457,145.74663,-11.243643,17.914143,108.666725,-6.6737547,-6.5519366,116.412926,10.936194,14.467246,73.872574,-20.508804,4.5409746,84.82713,-2.8345666
-12.480461,203.81276,15.8019085,-9.792534,208.00906,14.644874,-16.129362,206.53918,13.322208,-2.4833891,209.9961,7.017772,-18.138716,206.70857,3.0335383,13.68267,199.27902,7.18334,-15.861061,191.95381,-13.034656,37.280685,191.35812,17.680202,-31.35057,179.12495,-30.704338,45.156418,184.52046,39.25561,-50.964283,171.25928,-41.520805,23.712091,147.18312,-4.6965437,2.1801052,146.33954,-10.704873,17.960636,109.464294,-7.5076423,-4.781497,116.80766,11.988631,14.197979,74.768135,-21.242756,7.811289,85.162674,-0.51647776
-12.917995,204.15767,15.86993,-10.346551,208.3485,14.430864,-16.685043,206.73048,13.393171,-3.1451387,210.381,6.965686,-18.780537,206.94885,3.176514,13.024331,200.18765,7.1779943,-16.10955,192.38934,-13.181033,37.20808,193.83907,17.385117,-31.890299,180.9637,-31.565708,46.145954,189.88817,39.05127,-51.626373,174.29645,-42.868423,23.603025,147.73146,-4.6612206,2.1082158,146.55376,-10.26768,18.080326,110.02652,-7.8399005,-3.1275198,116.606865,12.934898,13.853405,75.26622,-21.957077,10.605667,85.06555,1.955596
-13.601447,204.25696,15.75621,-11.191001,208.465,14.10181,-17.472994,206.58745,13.198433,-3.6240478,210.66885,7.23702,-19.161026,207.21587,3.0063057,12.554381,200.68285,6.8570113,-16.15771,193.1486,-13.069443,37.16908,196.18852,16.699255,-32.238743,182.49982,-31.902683,46.411335,194.31013,38.606102,-52.064384,177.17215,-43.846497,23.399483,147.8897,-4.512546,2.010638,146.60532,-9.584945,18.058893,110.217926,-8.285168,-0.97845554,116.41633,13.617139,13.274481,75.44737,-22.957159,13.611519,84.404594,5.079153
-14.024006,204.40186,15.767204,-11.669256,208.53946,13.887273,-17.965721,206.61287,13.21632,-3.8984601,210.86551,7.3992114,-19.31426,207.2606,2.872758,12.135472,201.23102,6.5347733,-16.425219,193.44632,-12.827865,37.091316,197.89621,15.7568,-32.55776,184.05823,-32.297554,46.48875,198.18675,37.61421,-52.737366,179.8502,-44.486515,23.031458,147.87773,-4.5621896,1.799568,146.26761,-8.676003,17.797804,110.543045,-8.079596,1.2602571,115.70141,13.875769,12.596686,76.10818,-24.057215,16.390732,83.10138,8.062619
-14.132285,204.2736,15.62921,-11.891574,208.53912,13.885454,-18.159847,206.51329,13.250168,-4.183347,210.82947,7.1501584,-19.590158,207.15088,2.795745,12.025373,201.21455,5.9571185,-16.807264,193.18954,-12.619766,37.173607,199.4773,15.128501,-33.124912,184.7374,-32.37494,46.346806,201.57877,36.821922,-53.26714,182.3437,-45.00464,22.371698,147.68962,-4.338609,1.3371254,145.79471,-8.156326,17.212755,110.264,-7.300989,3.6489685,114.736565,13.660605,12.236825,77.0571,-25.56028,18.80337,81.243706,11.076664
-14.393463,204.18152,15.616815,-12.172821,208.4134,13.781403,-18.460167,206.39653,13.275132,-4.4212565,210.48808,6.9404626,-19.81128,206.66356,2.6822133,11.54813,201.23962,5.474699,-17.387114,192.77054,-12.523752,36.747356,200.85686,14.555246,-33.596058,185.75626,-32.727917,47.02212,204.77626,35.445248,-53.907482,184.60657,-45.249954,21.825153,147.24025,-4.1154723,0.72961026,145.15561,-7.0192375,17.05743,109.60037,-6.5850797,6.084155,113.11829,13.434432,12.061764,77.8397,-27.188875,21.073917,79.478424,14.2046385
-14.452028,203.76616,15.45376,-12.357551,208.0653,13.611177,-18.61963,205.92969,13.254119,-4.6086125,209.84164,6.5490236,-20.165136,205.97142,2.6066217,11.27209,200.54547,4.9744883,-18.325182,192.00612,-12.226263,36.55618,201.87991,13.469055,-34.716484,185.94588,-32.556015,47.52991,207.70312,33.59088,-54.902855,187.00946,-45.158173,21.525011,146.47313,-3.5426996,0.31659654,144.01933,-5.985352,17.231764,108.39284,-5.740927,8.3197,111.405045,13.114852,11.960119,78.359924,-28.614424,23.436108,77.76156,17.199875
-14.2713585,203.0073,15.401638,-12.094737,207.20428,13.407399,-18.437035,205.30814,13.346409,-4.6044765,208.74507,6.0995364,-20.379435,205.24486,2.7014885,10.837899,199.55379,4.4314976,-19.345476,190.93382,-12.144292,36.194557,202.41788,12.177173,-36.00102,185.98767,-32.42898,48.099823,209.26912,31.20827,-56.239143,188.57433,-44.37163,21.093756,145.3874,-2.8615773,-0.09102383,142.56833,-4.664532,17.721643,107.09628,-5.225817,10.182255,109.46631,13.030583,12.213429,78.64704,-29.729076,25.120344,75.855865,19.621914
-14.212619,201.91792,15.317766,-11.975709,206.15878,13.500013,-18.33793,204.31747,13.292583,-4.7830048,207.64919,5.765075,-20.658928,204.36795,2.7964716,10.423253,198.18436,3.9206138,-20.049572,189.8631,-12.1052685,35.66454,202.53801,11.123694,-36.767387,186.33853,-32.530197,48.335762,210.84198,28.973085,-57.25803,189.68523,-43.621643,20.6889,144.07547,-2.1615162,-0.28905162,141.1768,-3.6340823,18.284334,105.69275,-5.0013895,11.473865,107.83711,13.616277,12.776501,77.95795,-30.477903,26.685078,74.32623,21.226421
-14.200065,200.65489,15.160002,-11.897984,205.09564,14.040067,-18.178818,203.21692,13.039008,-4.743346,206.26181,5.5166287,-20.67583,203.20119,2.6984985,10.196291,196.65706,3.401041,-20.589724,188.73384,-11.784877,35.267036,202.00061,9.9764805,-37.723034,186.57462,-32.264065,48.388905,211.70482,26.696047,-57.84629,191.21918,-43.78154,20.254383,142.61507,-1.3909106,-0.6996451,139.48964,-2.3341725,19.216898,104.297935,-4.719256,11.993925,106.29472,14.532302,13.491346,77.15432,-30.652887,27.745955,73.15007,21.867632
-14.247837,199.74307,15.23048,-11.776403,204.05598,13.990822,-18.158659,202.45248,13.165322,-4.5847716,204.9907,5.5908136,-20.649488,202.56319,2.8501182,10.042786,195.1395,2.8640876,-20.944315,187.62039,-11.575428,34.952045,201.21106,8.724923,-37.6631,187.10475,-32.48837,48.276756,212.20207,24.331884,-58.65601,191.80183,-42.522427,19.916153,141.14561,-1.0240731,-1.0724684,137.94702,-1.3115864,20.321154,102.80623,-4.3257704,12.162001,105.284935,15.273653,13.770933,76.53553,-30.85577,28.311228,72.78717,22.081318
-14.029097,199.33592,15.6534,-11.305399,203.42152,14.195675,-17.740417,202.07748,13.283287,-4.3158274,203.99744,5.7092314,-20.452917,202.01222,3.213489,10.064374,193.85524,2.150059,-21.451797,186.4498,-10.9022255,35.04817,200.56917,7.282012,-38.362526,186.55437,-31.583435,48.600845,212.47073,21.703506,-59.436947,192.16235,-41.022343,19.784811,139.75197,-1.105243,-1.3410343,136.54568,-0.910767,21.011368,101.69176,-4.1456776,12.219517,104.60643,15.915522,13.671315,76.401184,-31.384592,28.035563,72.36298,21.948101
-13.343859,199.19263,16.066616,-10.56298,203.08913,14.261882,-17.014519,201.76514,13.450409,-4.002238,203.44037,5.6470995,-20.279684,201.75775,3.8150191,10.129246,193.0935,0.9762098,-22.104624,185.81874,-9.835043,35.32737,199.82402,5.329552,-39.559975,185.89325,-29.976984,49.430393,212.08905,18.945602,-60.39856,192.25151,-39.30073,19.586254,138.8724,-1.9924762,-1.5863444,135.53596,-0.95402545,21.462645,101.23689,-3.406708,12.030648,104.35055,16.590559,13.397094,76.78054,-31.367992,27.489132,72.15804,21.751013
-12.393337,199.33934,16.395264,-9.609678,203.13078,14.389017,-16.157084,202.09322,14.110002,-3.377251,203.40523,5.5496182,-19.721096,201.8826,4.386406,10.392115,192.92728,-0.10934004,-22.74637,185.69186,-8.45287,35.856937,199.22232,3.6101909,-40.931175,184.50388,-28.079964,50.357693,211.70891,16.5879,-62.032593,191.67667,-36.16241,19.322899,138.84224,-3.1014874,-2.0017107,135.53337,-1.6187258,21.311224,101.4466,-3.3206785,11.594344,104.45967,16.002012,12.813964,77.12482,-31.32422,27.321121,72.310555,21.13929
-11.596996,199.71713,16.72001,-8.806755,203.49583,14.704674,-15.389561,202.59912,14.673026,-2.9128144,203.93001,5.652518,-19.235691,202.39127,4.8701015,10.6390505,193.40353,-0.7689633,-22.66358,186.22392,-7.937687,36.45438,198.79485,1.6806207,-41.951767,184.56335,-26.348299,51.30719,210.87697,14.679175,-63.663803,191.42003,-32.947395,18.895126,139.17879,-3.8605065,-2.2302532,135.87848,-2.282114,20.77749,102.01804,-3.327747,10.925874,104.57577,14.721642,12.304262,77.38423,-30.963037,27.147852,72.76131,20.73398
-10.814966,200.2005,17.294405,-7.9766855,204.00233,15.412175,-14.56153,203.09636,15.182189,-2.3021472,204.667,6.2584043,-18.646923,202.99959,5.6048727,10.861483,193.70496,-1.010966,-22.646301,186.94818,-7.5503354,37.086006,197.9166,-0.22718205,-42.586044,183.79845,-25.575111,52.304573,209.62788,13.121037,-64.82633,190.17393,-30.869497,18.188698,139.88594,-4.387504,-2.9659503,136.74591,-2.7805974,19.87224,102.98039,-3.6930418,10.571,105.31935,13.334944,12.0864,77.27859,-30.765085,26.35648,73.081436,20.651295
-10.09599,200.73788,17.844912,-7.3933,204.67757,16.045303,-13.918347,203.45508,15.638092,-1.5162946,205.47101,6.987389,-17.813515,203.7504,6.1048093,11.100552,194.47443,-1.2818147,-22.624168,187.95918,-7.119122,37.47647,197.33463,-1.7463257,-43.57292,183.93195,-23.874336,53.39196,208.56207,11.6021,-66.310745,189.89842,-27.352222,17.498508,140.81331,-5.5379696,-3.5883968,137.71877,-3.624696,18.944016,103.78532,-4.6262755,10.686407,105.90787,11.433642,11.964753,76.96607,-30.869255,25.77101,73.32957,20.375772
-9.412345,201.11208,18.39787,-6.515744,205.00702,16.794437,-13.047656,204.05049,16.147078,-0.7086762,206.05783,7.678696,-17.030085,204.59616,6.741412,11.19151,194.92041,-1.9815819,-22.569103,189.02167,-6.5616717,37.73658,196.73036,-3.0089376,-44.362087,184.57964,-21.83115,54.167103,207.40216,9.996867,-67.556465,189.12212,-24.39428,16.771648,141.29352,-6.7712355,-4.266659,138.22227,-4.3998647,18.488506,104.28331,-5.970524,10.393333,106.24782,10.310172,11.958217,76.662605,-31.237411,24.76192,73.756874,20.090124
-8.282271,201.4899,18.86093,-5.303346,205.26772,17.12913,-11.890905,204.55244,16.741898,-0.032370593,206.27835,7.7155643,-16.336031,205.16608,7.491405,11.487469,195.10655,-2.831309,-22.592299,189.91791,-5.726336,37.959743,195.96722,-3.7473545,-45.131336,184.95099,-19.644453,55.08146,206.14494,8.487423,-68.73347,188.00899,-22.043854,15.973398,141.5893,-8.512586,-4.9468637,138.80937,-5.0031643,18.204967,104.7937,-7.395692,9.693687,106.99493,10.298428,11.732553,76.34276,-31.680498,23.115616,73.81985,19.86047
-7.4430323,201.37874,19.251188,-4.4179873,205.0794,17.448904,-11.036604,204.55563,17.289097,0.70717174,206.20522,8.01662,-15.578479,205.53372,8.093571,11.709294,195.01631,-3.5523062,-22.492552,190.59698,-4.88568,38.12647,195.0993,-4.7073903,-45.766304,185.60081,-17.557384,55.96267,204.87526,6.849199,-69.551544,187.58342,-19.212404,15.355208,141.97705,-10.403591,-5.457844,139.41869,-5.6534348,18.210419,105.33717,-8.96638,8.457927,108.05931,11.206022,12.09268,76.05664,-32.120785,21.122509,74.22229,18.90476
-6.6736817,200.96416,19.40463,-3.437079,204.57916,17.799114,-10.075052,204.50139,17.749836,1.7245241,205.9235,8.437545,-14.638244,205.57251,8.349788,12.164819,194.88095,-4.3826194,-22.588737,190.9771,-4.119212,38.506725,194.39664,-5.5020943,-46.5901,186.16661,-15.498626,56.64935,203.66702,5.388416,-70.41776,187.54927,-16.471224,14.804495,142.22098,-12.088694,-5.9901433,139.82088,-6.209818,18.385344,105.631546,-10.538873,6.869623,109.24059,12.755392,12.37665,75.59736,-32.345642,18.92928,74.903175,17.272078
-5.747202,200.70053,19.57007,-2.5078647,204.35347,18.052269,-9.13623,204.22092,17.841524,2.5406559,205.64055,8.565983,-13.817725,205.35106,8.608229,12.174376,194.50764,-5.5271544,-22.60343,191.06667,-3.0644953,38.653694,193.66924,-6.502776,-46.970005,186.73717,-13.499642,57.339207,202.53198,4.1740565,-70.647705,188.0676,-13.449211,14.02267,142.36484,-13.613784,-6.5460105,140.16437,-6.357478,18.568987,105.79787,-11.694881,5.273216,110.83217,14.765677,12.878173,75.04388,-32.516663,16.525198,76.15019,14.648275
-5.1646156,200.35623,19.747633,-1.7552539,203.9664,18.506474,-8.37418,204.06403,18.072927,3.3448799,205.24768,8.926558,-13.042385,204.99615,8.709012,12.405552,193.6936,-6.15567,-22.360588,190.97487,-2.555379,38.89735,192.96642,-7.6155887,-47.008774,187.50694,-12.16996,57.542572,201.67801,3.1434648,-70.63618,188.78575,-10.558417,13.025207,142.14795,-14.827553,-7.0095572,140.48975,-6.3688498,18.935091,105.767494,-12.702142,4.101565,112.79841,17.110487,13.451582,74.48144,-32.78837,13.647734,78.10204,11.5253725
-4.311426,199.70352,19.875853,-0.9358093,203.36041,18.686975,-7.5386415,203.36775,18.127266,4.2223663,204.79121,9.158824,-12.189364,204.6041,8.876711,12.809887,193.03838,-6.62626,-22.036695,190.90356,-1.987956,39.210533,192.31384,-9.024993,-47.307144,188.21126,-10.451473,57.98471,200.98926,2.0652308,-70.69191,189.6423,-7.6427364,12.200849,141.98828,-15.707835,-7.2312145,140.76595,-6.1575646,18.76672,105.52946,-13.501779,3.0582476,114.80535,18.870943,13.356525,74.09991,-32.73726,10.632372,80.90234,8.176053
-3.433396,199.37521,20.081202,-0.008259625,202.85329,18.558651,-6.6248426,203.02896,18.25534,5.142632,204.12398,9.228346,-11.199093,204.37524,9.058388,13.323352,192.72014,-7.04265,-21.678333,191.0549,-1.2715201,39.57599,191.98685,-10.255204,-47.33685,188.77841,-8.465032,58.11754,200.74147,1.0163982,-70.60485,190.66185,-4.5191135,11.316041,141.95667,-16.481287,-7.846699,141.35068,-6.247315,18.146471,105.411385,-14.075876,2.149359,116.50487,20.019016,13.271178,73.72505,-32.528984,7.689763,83.91897,4.6696405
-2.433081,199.41649,20.218693,1.0831226,202.85419,18.8163,-5.539653,203.20186,18.506882,6.163614,204.04935,9.295002,-10.187752,204.52391,9.274657,13.682212,192.57236,-7.406164,-21.484016,191.25479,-0.9266378,39.863308,191.82407,-11.529749,-47.520176,189.54785,-6.7694836,58.241913,200.4198,0.20340127,-70.39919,191.92963,-1.5484467,10.51964,142.01407,-17.007637,-8.406405,141.82214,-6.282738,17.439598,105.22716,-14.550823,1.4728932,117.72002,20.613071,13.410693,73.32192,-32.26583,4.093282,86.97639,1.3595026
-1.3460822,199.74352,20.357649,2.2744796,203.05292,18.911884,-4.3284297,203.61406,18.621563,7.053298,204.1603,9.231692,-9.265386,204.96936,9.5514765,13.942814,192.96806,-7.5635934,-21.002258,192.08871,-0.30376717,39.86473,191.78737,-12.564573,-47.17314,190.46263,-4.4348583,58.39566,200.23361,-0.9404283,-69.92016,193.23305,1.1684107,9.345135,142.65565,-17.49425,-9.399698,142.77579,-6.514264,16.674515,106.06267,-14.8816595,0.8095804,119.37295,20.530767,14.341797,73.2654,-31.769463,-0.26685023,90.74951,-1.9065881
-0.51138884,200.36508,20.641428,3.2700715,203.3621,18.968838,-3.2978852,204.3111,18.762144,8.027963,204.5087,9.480643,-8.300484,205.77402,9.853143,14.114182,193.69391,-7.5974445,-20.466888,193.22939,0.35203144,39.811222,191.74432,-13.385014,-46.770573,191.56589,-2.3784566,58.736805,199.95256,-2.4210165,-69.19262,194.65027,3.9387398,8.196311,143.33968,-18.113758,-10.3989935,143.94328,-6.5505953,15.997794,106.91712,-15.41899,0.3612414,120.36446,19.898216,14.73813,73.447975,-31.11797,-4.3148866,94.172714,-4.9119363
0.7195786,200.90775,20.855719,4.5613265,203.8486,19.217794,-1.9858159,204.92943,19.01919,9.001547,204.93593,9.499081,-7.2555666,206.70518,10.3652315,13.987305,194.1431,-7.8069196,-19.960737,194.37135,1.0942742,39.497055,191.78885,-14.241049,-46.348682,192.9658,-0.52924275,58.848255,199.82336,-3.8096023,-68.39324,196.12044,7.016717,7.034436,144.15091,-18.537174,-11.404053,145.09981,-6.50486,15.041241,107.580666,-16.181805,-0.08357812,120.68303,18.9213,14.67212,73.61219,-30.918953,-7.9311924,96.59345,-7.4596996
2.1502852,201.2616,20.79584,5.936258,204.42017,19.456545,-0.612777,205.47662,19.54406,9.945463,205.9015,9.333674,-6.269508,207.66388,11.016206,13.832749,194.84897,-7.793843,-19.61312,195.6199,1.7465212,39.132248,192.05109,-14.912372,-46.024277,194.5054,0.9551386,58.947235,200.05261,-5.2168155,-67.64557,197.3532,9.678088,5.997433,145.09604,-18.943079,-12.066749,146.01883,-6.3655224,14.248573,108.35933,-16.651638,-0.96980906,120.136116,17.623482,14.459062,73.73625,-30.507376,-11.447503,97.954056,-9.758909
3.2694438,201.72578,21.039711,7.059649,204.91516,19.76491,0.5171709,205.969,19.872944,10.837373,206.49573,9.540197,-5.330739,208.54257,11.757332,13.681166,195.52293,-8.304922,-19.293911,196.72295,2.5420501,39.0462,192.43787,-15.68559,-45.743805,195.55756,2.5493379,59.279438,200.06786,-6.5794683,-67.0862,198.49973,12.075117,5.2123833,145.77557,-19.336655,-12.504844,146.68239,-6.1466575,13.682994,109.13896,-17.178333,-2.0059206,118.96514,15.956054,14.387186,74.02475,-30.067312,-15.007587,98.58005,-11.7987175
4.1477895,202.3848,21.430544,7.945066,205.50427,20.02453,1.4381866,206.68762,20.376429,11.646449,207.18239,9.868524,-4.4626107,209.4908,12.37968,13.623977,196.19583,-8.64402,-18.679094,197.86491,3.3856888,38.772415,192.60225,-16.552805,-45.193974,196.93509,3.8771992,59.45755,200.06003,-7.9083266,-66.100105,199.54805,14.53737,4.592326,146.34969,-19.724812,-12.680371,146.97006,-6.068445,13.106866,109.49506,-17.90926,-3.2009382,117.49172,14.101841,13.782286,74.06346,-29.656265,-18.19582,98.27396,-13.517873
4.9100385,203.11578,21.617044,8.684828,206.15468,19.985538,2.2276282,207.47015,20.720007,12.366289,207.7393,9.909546,-3.7170556,210.1295,12.589672,13.835472,196.7829,-8.575646,-18.10799,198.61113,4.457889,38.789246,192.66458,-16.99313,-44.708416,197.8889,5.2435427,59.798725,199.94977,-8.940383,-65.139015,200.61885,16.792362,4.030007,146.60435,-20.094145,-12.971761,147.02298,-5.7328253,12.4874115,109.928894,-18.790453,-4.432061,115.56581,12.192659,13.1559,74.445694,-29.420258,-21.209244,96.91155,-14.961418
5.7621202,203.54143,21.734154,9.557253,206.45287,19.924194,3.1613615,207.95291,20.852873,13.121674,207.89218,9.853954,-2.782383,210.67249,12.669162,14.2078,197.11949,-8.325607,-17.56176,199.03429,5.495965,38.798904,192.46608,-17.24228,-44.307003,198.59898,6.4958105,59.891262,199.76779,-9.523491,-64.446686,201.49503,18.567595,3.599297,147.00365,-20.180984,-13.309109,146.90996,-5.5537257,11.72428,110.29423,-19.339857,-6.0256505,113.83537,10.405404,12.388315,74.56323,-29.609045,-23.779678,94.97424,-16.22412
6.5009537,203.89754,21.937128,10.3436,206.46667,19.765211,4.051476,208.32893,20.797562,13.774764,207.88304,9.837306,-2.1392934,210.70561,12.707706,14.3156,197.25014,-7.9848866,-16.886404,199.3807,6.7279305,38.59504,192.23598,-17.36023,-43.60023,198.96976,7.7326946,59.94822,199.44565,-10.221022,-63.384686,202.16934,20.234112,3.2054129,147.37254,-20.243362,-13.64057,146.93094,-5.0978107,11.291782,110.44027,-19.85303,-7.7974095,112.183174,8.352068,11.5304985,74.680565,-30.110956,-26.108751,92.142494,-17.22042
7.147936,204.00827,21.968845,10.980109,206.338,19.513002,4.845676,208.51375,20.81539,14.426023,207.6656,9.806059,-1.4565537,210.84088,12.794212,14.246374,197.01213,-8.117969,-16.09192,199.34843,7.8198543,38.582756,192.00957,-17.444849,-42.82601,199.31918,9.178196,59.942524,199.08931,-10.781795,-62.525394,202.49336,21.791252,3.0018196,147.47682,-19.928772,-13.900223,146.68362,-4.6610947,10.574466,110.28118,-20.448284,-9.438703,110.77436,6.4332685,10.642373,74.52515,-31.025204,-28.15125,89.14582,-17.712112
7.9097934,203.58022,21.82948,11.7770195,205.96442,19.480015,5.618393,208.09662,20.686476,14.983293,207.39093,9.618704,-0.80391663,210.54938,12.866782,14.138793,196.65154,-8.293348,-15.345715,199.24751,8.837357,38.294617,191.46358,-17.92827,-41.954605,199.41066,11.11621,59.77936,198.66096,-11.244925,-61.864933,202.86249,23.118198,2.7693524,147.0738,-19.207018,-14.300613,146.27682,-3.8878653,10.216933,109.78,-21.120325,-11.214384,109.3275,4.5836215,10.026098,74.326485,-32.293427,-30.029482,85.97234,-18.161667
8.777809,203.17361,21.696293,12.644185,205.55835,19.350445,6.3932858,207.56049,20.272741,15.542031,206.96509,9.323204,-0.24308172,209.9411,12.835148,13.971918,196.0562,-8.388957,-14.804748,198.88602,9.2820835,38.039738,190.80736,-18.324173,-40.879345,199.01048,13.98053,59.495876,197.93279,-11.846873,-61.190628,202.72693,24.895872,2.4660828,146.25449,-18.609903,-14.865191,145.39821,-3.474518,9.64543,108.96743,-22.016808,-13.106465,107.877594,2.6806273,9.701816,73.767265,-33.08873,-31.58871,82.71191,-18.56698
9.243892,202.7293,21.428967,13.217332,205.06247,19.208265,6.921798,207.0663,19.768671,16.11712,206.31744,9.086589,0.33737043,209.46074,12.49993,14.182521,195.063,-8.520725,-14.65561,198.4638,9.563472,37.885265,189.94402,-19.095352,-40.395187,198.39462,15.879455,59.26822,197.09827,-12.344398,-60.56879,202.35393,26.635523,2.422283,145.21976,-17.748459,-15.668061,144.4199,-3.0864575,9.202531,108.26214,-22.55519,-14.833045,106.565216,1.1051172,10.051192,73.270294,-33.178455,-32.72883,79.99581,-18.646954
9.889297,202.04448,21.031675,13.774558,204.55467,18.845932,7.417349,206.3172,19.413187,16.547201,205.5952,8.563006,0.85012645,208.8126,12.25167,14.116271,193.93663,-8.6199045,-14.436433,197.454,9.772626,37.71191,188.97441,-19.456835,-40.05351,198.0841,16.82985,59.145382,196.01378,-12.518191,-59.971184,202.61269,28.116861,2.0636218,144.18198,-16.829958,-16.543459,143.48463,-2.8064673,8.891546,107.68209,-22.638575,-16.371412,105.58554,-1.1798733e-05,10.689984,73.008995,-32.7562,-33.721256,78.112686,-19.198666
10.718973,201.41942,20.724842,14.564924,203.79027,18.317083,8.328473,205.78401,19.2551,16.813648,204.80779,7.974434,1.2983359,208.12837,12.312669,13.931616,192.69077,-8.839226,-14.489953,196.61667,10.113084,37.493492,187.78772,-19.944372,-40.05473,196.98897,17.066357,58.794807,194.87418,-13.191269,-59.242973,201.96596,29.47727,1.5397503,143.43005,-15.756411,-17.676592,142.70346,-2.611458,8.778828,107.1101,-21.95888,-18.02964,104.7343,-0.90013945,11.537531,72.69493,-32.298374,-34.306488,76.734436,-19.740711
11.347438,201.00421,20.569763,15.191138,203.25111,18.044512,8.982183,205.34818,18.992128,16.948622,204.03003,7.524444,1.6413342,207.66852,12.389836,13.9099045,191.60068,-9.237213,-14.504404,196.14897,10.025219,37.066616,186.8317,-21.127375,-39.93253,196.42139,17.547377,58.1952,193.84387,-13.9902525,-58.596165,201.56673,30.805893,0.72722584,142.47379,-15.001689,-18.755165,141.92427,-2.501548,9.414992,106.74092,-20.209791,-19.521946,104.16068,-1.6605126,12.450796,72.681984,-31.721033,-34.565243,75.65246,-20.449757
11.971076,200.56613,20.156534,15.83551,202.74402,17.605026,9.694509,204.99136,18.671799,16.940496,203.36241,6.7942257,1.9016403,207.05597,12.258022,13.849923,190.65494,-9.311337,-14.4864645,196.03099,9.665437,36.60406,185.58559,-21.837141,-39.750286,196.09787,18.023321,57.83549,192.7515,-15.0749,-58.02719,201.06592,32.00438,-0.2543041,141.92574,-14.326146,-20.166473,141.8183,-2.6965325,10.462173,106.70392,-17.521221,-20.813654,103.99818,-2.4388845,12.662686,73.072876,-30.891277,-34.259193,75.03683,-21.081306
12.245037,199.97955,19.664059,15.91556,202.31975,16.972559,9.786377,204.3827,18.44499,17.155764,202.88136,6.3109965,2.1267328,206.59686,11.9390955,13.846364,189.93817,-9.917088,-14.497311,195.7764,9.31389,35.960785,184.08208,-23.279936,-39.640564,196.23712,18.30681,57.44981,191.29243,-16.570337,-57.297718,200.58736,33.241467,-0.989709,141.47905,-13.919684,-21.110437,141.70312,-3.144042,11.659606,106.77191,-13.738234,-21.583454,103.91202,-2.6823509,12.598821,74.2301,-29.289618,-33.625664,74.48141,-21.652578
12.384106,199.18143,19.006376,15.969209,201.73445,16.401949,9.851381,203.6235,18.139214,17.259499,202.31229,5.6752086,2.3348691,206.10802,11.452479,13.736109,189.11876,-10.465492,-14.435125,195.5549,8.820931,35.392124,183.02295,-24.621756,-39.389786,196.4607,18.407583,57.14565,189.49089,-18.211098,-56.411327,200.6682,34.129677,-1.3919137,141.02098,-13.363578,-22.023285,141.32878,-3.8470633,12.609759,107.17283,-9.237635,-22.365366,103.7579,-2.8626926,12.278512,75.82065,-27.34325,-32.94441,73.99503,-22.080856
12.329623,198.64265,18.359282,16.012518,201.16624,15.857333,10.001805,203.24562,17.786646,17.225925,201.66579,5.0147066,2.3771694,205.69696,10.77372,13.621601,188.54185,-11.068163,-14.477237,195.10294,7.896626,34.821346,182.14717,-25.707928,-38.87174,196.92455,18.707478,56.952785,187.87744,-19.61866,-55.329082,201.23395,34.9902,-1.4291663,140.73027,-12.985782,-22.56171,141.17804,-4.6449404,12.952917,107.85651,-4.387921,-23.26126,103.63314,-2.975652,11.840528,78.03836,-25.202631,-32.206024,73.585144,-22.794313
12.418155,198.39433,17.838926,16.07206,200.88297,15.264176,9.924029,202.82286,16.810732,17.057444,201.11482,4.3376074,2.274697,205.14473,10.246309,13.844397,188.00685,-11.408079,-14.614883,194.5947,7.2400556,34.354637,181.09525,-26.865946,-38.464443,197.46594,18.895214,56.733784,186.84708,-21.350685,-54.340034,201.96394,35.649803,-1.0906336,140.54301,-12.6403475,-22.79295,140.88812,-5.3869557,12.997752,109.137726,0.6009259,-24.023582,103.416245,-3.434883,10.905539,81.14778,-22.213587,-31.255962,73.124275,-23.583267
12.421077,198.00797,17.259886,16.056974,200.48184,14.647735,9.8998575,202.40996,16.191278,17.126703,200.95435,3.856255,2.2158926,204.67142,9.650554,14.111905,187.5038,-11.952914,-14.572273,194.69267,6.669205,34.377,180.32587,-27.72039,-38.08197,197.99011,18.918478,56.918156,186.08485,-22.663813,-53.38153,202.83228,36.08964,-1.0105389,140.53389,-12.254091,-22.850168,140.92494,-5.558006,12.247986,110.503265,4.871934,-24.459703,103.42583,-3.9878461,8.974546,83.96717,-19.545862,-29.993908,73.067276,-24.472044
12.22813,197.77274,16.784737,15.95434,200.44788,14.526384,9.757784,202.2808,16.052025,17.452456,200.82098,3.5705671,2.320308,204.42297,8.843273,14.4776125,187.25655,-12.410212,-14.433302,194.50792,5.97655,34.46658,179.85837,-28.429075,-37.56319,198.44475,18.798458,57.175983,185.64911,-23.833513,-52.341846,204.26392,36.229713,-0.71428543,141.04071,-11.69298,-22.635391,141.50972,-5.861337,10.941725,111.63059,7.8728166,-24.39055,103.90023,-4.4531302,6.351163,85.75868,-17.184486,-29.047516,73.294365,-24.78979
12.140021,198.19225,16.514776,15.962623,200.84721,14.402407,9.687294,202.67352,15.589767,17.581398,200.99753,3.354941,2.2779636,204.52951,8.262641,14.836195,187.04593,-12.977481,-14.171843,194.44463,5.338096,34.91183,180.1269,-28.96181,-36.95539,199.08798,18.337814,57.543114,185.59503,-24.41414,-51.25743,205.59879,35.93122,-0.78117365,141.47426,-11.042138,-22.71842,141.86717,-5.922247,9.577875,112.67588,10.229279,-23.739971,104.314,-5.0413094,3.1703348,86.833206,-14.549725,-28.064419,73.483986,-25.052092
12.405714,198.41191,16.209652,16.169544,201.10693,14.038807,9.832073,202.77928,15.094825,17.799625,201.25616,3.0005007,2.4790661,204.61646,7.817167,15.105992,187.12338,-13.442021,-13.933798,194.77473,4.722976,35.348278,180.21764,-29.44271,-36.767048,199.99649,17.427704,57.93375,185.76846,-24.708166,-50.379654,207.04428,35.342995,-0.7448306,141.78104,-10.173255,-22.647903,142.35289,-5.9331894,7.874493,113.55756,12.089596,-23.302822,104.83979,-4.98487,-0.21928144,86.95537,-11.662359,-26.9532,73.91121,-25.397652
12.459964,198.83115,15.623925,16.446238,201.45247,13.795715,10.135418,203.35387,14.58019,18.31123,201.96333,2.7165368,2.861725,205.29994,7.055756,15.543932,187.53897,-13.80702,-13.512151,195.5117,4.0885687,35.630226,180.39365,-29.809776,-36.15457,201.25119,17.038357,58.0345,186.15868,-25.220911,-49.91853,208.37094,34.625744,-0.69710857,142.39345,-9.463054,-22.78398,143.10776,-5.770948,5.745936,113.88702,13.769283,-22.790567,105.518036,-4.827854,-3.718296,86.91706,-8.563463,-25.593971,74.69715,-25.831045
12.6350155,199.38414,15.143247,16.599514,202.03146,13.303767,10.257755,203.86461,14.035257,18.654476,202.52167,2.317472,3.1310282,205.76103,6.3939505,15.992601,188.03914,-14.119633,-13.069862,196.1964,3.3785515,35.985783,180.72482,-30.122087,-35.41779,202.36244,16.4241,58.575157,186.33739,-25.506573,-49.610104,209.85817,33.52295,-0.44261673,142.60971,-8.828607,-22.654575,143.82025,-5.7130938,3.5153885,114.0098,15.058742,-22.30704,106.232254,-4.3080053,-7.422752,85.917114,-5.055767,-24.421978,75.51339,-25.924273
12.886317,200.14848,14.738794,16.831928,202.70827,12.738418,10.470682,204.52806,13.357066,19.10653,203.1208,1.9794208,3.4249415,206.18422,5.7217326,16.66153,188.46407,-14.45458,-12.616212,196.68123,2.8699882,36.500526,180.9121,-30.573217,-35.015278,203.52974,15.696183,59.118515,186.49007,-25.828424,-49.496838,211.35222,32.371986,-0.35978597,142.85526,-8.56913,-22.404182,144.33847,-5.650046,1.4768261,113.85884,15.607027,-21.925304,106.946915,-3.3501534,-11.279404,84.47653,-0.9793104,-23.380793,76.39399,-25.675755
13.2274475,200.73051,14.34129,17.110638,203.2956,12.225776,10.826819,205.19897,13.234829,19.445665,203.68677,1.5281414,3.8185048,206.84348,5.2948647,17.136745,189.08585,-15.02217,-12.173967,197.21075,2.2749453,37.02762,181.07486,-30.802662,-34.612076,204.55583,14.773154,59.651962,186.57529,-26.095701,-49.56901,212.70377,30.931374,-0.25970075,142.67024,-8.311341,-22.08555,144.59065,-5.6670895,-0.5874386,113.28642,15.751798,-21.672892,107.31441,-1.987006,-14.957978,82.64137,2.9779437,-22.326786,77.58123,-25.448147
13.476036,200.73705,13.69867,17.217789,203.56984,11.673415,11.092507,205.33943,13.552008,19.735884,203.9346,0.9412469,4.133361,207.14505,4.7382917,17.62196,189.38495,-15.381163,-11.746087,197.50864,1.5941195,37.471428,181.01898,-31.168787,-34.22008,205.06573,13.895173,59.99243,186.5284,-26.334085,-49.76317,213.39946,29.367462,-0.08428834,142.55237,-7.974421,-21.557814,144.72289,-5.6681027,-2.65058,112.509315,15.627903,-21.584898,107.57364,-0.59985775,-17.984451,81.14482,7.069235,-21.150026,78.59759,-25.031107
13.68289,200.85121,13.018087,17.30455,203.7316,10.836171,11.343035,205.47264,13.188137,20.017118,204.12659,0.33517662,4.3947706,207.30872,4.066165,18.138626,189.51654,-15.903041,-11.247611,197.95276,0.9917475,38.011246,180.65431,-31.316576,-33.76601,205.697,12.968313,60.49393,186.36795,-26.61325,-49.924725,214.1725,27.675552,0.1840714,142.21431,-7.351519,-21.200104,144.65955,-5.293675,-4.6479254,111.529625,15.214675,-21.698149,107.53654,0.96166825,-20.922508,79.45566,11.383707,-20.163206,79.28414,-24.161339
13.7942705,200.97986,12.364043,17.359947,203.85663,10.093086,11.3689785,205.55833,12.4104,20.271479,204.151,-0.32478017,4.606332,207.31816,3.2643862,18.42123,189.04713,-16.099602,-10.731804,197.95114,0.44402504,38.60595,180.3844,-30.938768,-33.47977,205.70474,11.734143,61.21832,186.04594,-26.796932,-49.837982,214.28105,26.015263,0.24567167,141.74118,-6.7160463,-20.883633,144.45421,-4.7331414,-6.4115357,110.46103,14.805511,-22.022137,107.49409,2.4616714,-23.267103,78.34499,15.415887,-19.258207,79.98554,-23.399145
13.909364,200.83267,11.78029,17.566175,203.65668,9.586358,11.4450245,205.38005,11.489638,20.471899,203.65424,-0.90926474,4.7804413,207.0469,2.5102482,18.719578,188.39546,-16.398718,-10.197507,197.63988,-0.069557585,39.330772,179.60367,-30.675116,-33.39057,205.6313,10.336834,61.846996,185.52852,-26.532967,-49.781403,214.39005,24.462746,0.2241477,141.11555,-6.0816526,-20.498972,144.22523,-4.0167336,-8.225748,109.21272,14.255205,-22.346943,107.459465,3.7065823,-25.16109,76.939445,19.164694,-18.692163,80.239075,-22.608587
13.873287,200.4701,11.383083,17.560888,203.27457,9.2191925,11.3310795,204.94882,10.848939,20.566416,203.19608,-1.2587712,4.7805176,206.37347,1.7915281,19.20652,187.25769,-16.761656,-9.860081,196.54788,-0.63264227,40.299206,178.8232,-30.620352,-33.11497,204.74799,9.342373,62.773624,185.02876,-26.177608,-49.86671,214.25046,22.577898,0.12636633,139.92357,-5.3667397,-20.25619,143.43336,-3.3491788,-9.913574,107.59962,14.064162,-22.392014,106.69352,4.641678,-26.781042,75.62925,22.46519,-18.333324,80.02339,-22.167095
13.827831,200.06267,11.046085,17.646738,202.6234,8.8070755,11.295436,204.37402,9.642925,20.772293,202.54263,-1.487054,4.795774,205.36841,1.106441,19.638124,185.95135,-16.769468,-9.66709,195.44594,-1.2543842,40.891,177.86896,-30.46516,-33.050934,203.44685,8.30115,63.18519,184.39116,-25.552153,-49.873962,213.34984,20.942213,0.18792513,138.53287,-4.5712285,-20.03333,142.37491,-2.539448,-11.1219,106.09924,14.522147,-22.530949,105.66283,5.4754043,-27.677155,74.382416,24.88497,-18.284986,79.65842,-22.089516
13.906539,199.27472,10.765051,17.581974,202.02107,8.498454,11.191629,203.50896,9.503298,20.89105,201.55602,-1.7925526,4.91323,204.23006,0.6441272,20.131363,184.50499,-16.754993,-9.412476,194.03545,-1.9446428,41.83382,176.7643,-30.04944,-33.003654,202.2622,6.733957,64.04552,183.43689,-24.912914,-49.888554,212.63525,19.150583,0.010069791,136.68835,-3.6451662,-20.090778,140.83754,-1.6699378,-11.99008,104.62468,15.46368,-23.23641,104.33221,6.2391033,-28.552439,73.130455,26.063257,-18.330801,79.65816,-22.291862
13.954487,198.27345,10.52654,17.597242,200.98022,8.171337,11.135262,202.32768,8.958534,20.838312,200.36351,-2.1140513,4.8241134,203.00308,0.40896434,20.590494,182.73508,-16.403097,-9.328498,192.64749,-2.5978138,42.5221,175.32324,-29.529066,-32.97785,201.02724,5.469719,64.611824,182.60136,-24.295319,-49.689175,211.68716,17.677307,-0.20187387,135.24983,-2.4969928,-19.968292,139.51753,-1.0526347,-12.53707,103.6602,16.575785,-24.005196,103.03395,6.6249175,-29.13246,72.33293,26.632725,-18.23342,79.36281,-22.556854
13.759945,197.17343,10.12912,17.35202,200.18755,8.088746,10.867036,201.3227,9.007038,20.772142,199.41992,-2.3870153,4.7278404,202.04701,0.050166056,21.247717,181.2113,-15.62704,-9.186288,191.39073,-3.3073723,43.1275,173.87102,-28.837254,-33.171955,199.74388,3.868257,64.981766,181.91249,-23.390697,-49.444603,210.77661,16.325918,-0.22897881,133.97937,-1.3583183,-20.058847,138.38583,-0.73084766,-12.573567,102.8216,17.557283,-24.628536,101.96329,6.588646,-29.38236,72.158295,26.752787,-18.160831,79.073975,-22.729416
13.611852,197.0039,10.247453,17.13853,200.07245,8.190243,10.629573,201.08629,9.065874,20.49966,199.18953,-2.405853,4.396916,201.3425,0.13975994,21.629242,180.37029,-14.964314,-9.356568,190.78651,-3.6308022,43.5365,172.74875,-27.919495,-33.788216,198.47372,2.2374756,65.42106,180.83478,-22.201582,-49.41183,209.95062,14.8391695,0.193906,133.14294,-0.9282911,-20.011127,137.26909,-0.78351927,-12.268833,102.370316,18.191319,-25.194134,101.14824,6.3952894,-28.967577,71.85564,26.700312,-18.05895,79.1014,-23.173038
13.314954,197.22176,10.49153,16.772589,200.19453,8.177782,10.279327,201.20604,9.132091,20.199703,199.36769,-2.152641,4.0697646,201.28154,0.25852516,21.939257,180.58847,-14.015515,-9.643366,190.47122,-4.163333,43.729256,171.8923,-26.493116,-34.464764,197.56874,0.7013027,65.62322,179.73544,-20.744675,-49.630722,209.30702,13.666457,0.55706275,132.79405,-0.66899943,-19.892056,137.08995,-1.2589079,-11.609944,102.49335,18.457787,-25.316307,101.29652,5.6411977,-28.452946,71.89544,26.524334,-17.475037,78.99496,-23.55382
12.852815,197.52614,10.67143,16.301287,200.5991,8.47186,9.806407,201.55478,9.477282,19.93914,200.28091,-1.7521865,3.7541647,201.96344,0.48060897,22.09711,181.10791,-13.116773,-9.726203,190.90292,-4.6786404,43.885666,171.23166,-24.754183,-34.970005,196.96227,-0.35811284,65.94482,178.37318,-19.055946,-50.038364,208.3162,12.852542,0.738478,133.02057,-0.65312713,-19.774431,137.24763,-2.01104,-11.392832,102.480606,17.91936,-24.700464,101.70037,4.358929,-28.116594,72.03096,26.29745,-16.600992,78.626175,-24.14945
12.382796,198.18925,10.994795,15.956567,201.21172,8.925785,9.467605,202.31274,9.798597,19.70191,201.27118,-1.201596,3.458397,203.01353,0.84531504,22.180029,182.19792,-12.511106,-9.873439,191.80237,-5.224524,44.03749,171.15973,-23.183912,-35.564625,197.04419,-1.061765,66.24077,177.23027,-17.011322,-50.936504,207.40758,12.534972,0.9946172,133.73543,-0.91192305,-19.264748,137.96454,-2.884202,-11.780973,102.761795,16.493881,-23.804287,102.33597,3.2051787,-27.601366,72.16827,26.023567,-15.594242,78.5411,-24.831743
11.89205,199.02591,11.323073,15.51901,202.01562,9.308393,9.02875,203.17784,10.090581,19.396376,202.47713,-0.6863149,3.12249,204.04227,1.1320493,22.085915,183.71872,-12.006504,-10.100119,192.78389,-5.4293203,44.111244,171.50148,-21.240433,-36.059055,197.21495,-1.3731385,66.76314,176.1599,-14.717239,-52.006798,206.72162,12.354604,1.4182014,134.84508,-1.5818481,-18.931534,138.84216,-3.9446514,-11.882258,103.61199,14.933939,-22.855099,103.27801,1.7828648,-26.896515,72.55316,25.493376,-14.605801,78.32124,-25.439432
11.270147,200.1189,11.971357,14.947462,202.97859,9.854768,8.451728,204.21284,10.505759,18.871988,203.47586,-0.08680502,2.593943,205.05942,1.659318,22.22107,185.07742,-11.643545,-10.385314,193.87228,-5.7032847,44.418606,172.06282,-19.785275,-36.227398,197.66455,-1.4125867,67.03611,175.57397,-12.632805,-52.71043,205.89487,12.432022,1.7415394,136.2541,-2.4508944,-18.78835,140.07526,-5.0736427,-11.908877,104.58144,13.933282,-21.774149,104.1039,0.06886497,-25.709267,72.67722,24.43222,-14.048809,77.935005,-26.068754
10.734299,200.95308,12.610119,14.403547,203.80476,10.469229,7.9343247,205.08871,11.221943,18.3917,204.64677,0.66411614,2.1081257,205.99039,2.3218522,22.242975,186.21933,-11.056034,-10.731591,194.81935,-5.722394,44.49217,172.85222,-18.382378,-36.77034,197.81393,-1.7575988,67.15001,175.14403,-10.694136,-53.758453,205.46118,12.027035,2.1990516,137.48027,-3.2625637,-18.483223,141.16203,-6.4089246,-11.003274,105.72903,13.733988,-20.965424,104.71443,-1.6530242,-24.491644,73.02599,22.597855,-13.452254,77.54753,-26.709084
9.769593,201.89677,13.234073,13.648808,204.40231,11.043369,7.2621207,206.16005,11.680892,17.783966,205.08344,1.3683889,1.4978615,206.87354,2.588075,22.424528,187.3503,-10.3363285,-10.974822,195.49135,-5.9584785,44.808365,173.66974,-16.424982,-37.02326,197.83203,-2.462026,67.250854,175.40909,-8.18154,-54.481228,204.68994,11.413163,2.5448313,138.4684,-3.8649209,-17.992552,141.65025,-8.099641,-9.910601,107.38762,14.576299,-20.703848,105.24364,-3.3398426,-22.58017,73.900215,19.725899,-13.324444,76.92438,-26.962402
9.10133,202.29669,13.846035,13.034523,204.72905,11.663257,6.631515,206.48502,12.055457,17.268768,205.4616,2.1161957,0.94709355,207.1242,2.9765272,22.126295,187.99245,-9.3809185,-11.269043,195.80693,-5.895712,44.79797,174.47322,-14.500074,-37.40743,198.3401,-2.7682881,67.13938,176.22047,-6.1850724,-55.329845,204.44572,10.986901,3.054695,139.23451,-4.5236607,-17.16848,142.09361,-10.078539,-8.644229,109.57662,16.215067,-20.849806,105.75346,-4.940139,-20.141424,75.52203,15.752503,-13.291321,76.37334,-27.33954
8.535538,202.40697,14.4352455,12.359708,205.00668,12.247136,5.908816,206.52075,12.694655,16.543139,205.64609,2.6094813,0.20806427,207.00711,3.6389036,21.91711,188.44365,-8.414661,-11.957411,195.96765,-5.7965794,45.045467,175.52,-12.690525,-38.24786,198.66788,-3.0581326,67.22453,177.46574,-3.8007767,-56.41265,204.74994,10.582571,3.5410738,139.74944,-5.166262,-16.371696,142.28802,-11.732498,-7.1975293,111.485565,17.99572,-20.662796,105.756004,-6.612638,-17.466772,77.73322,10.918322,-12.966738,75.512115,-27.849962
7.742068,202.31027,14.851507,11.572909,205.02701,12.826086,5.0502305,206.28929,12.908664,15.690435,205.69324,3.0323238,-0.67719907,206.60623,4.0221095,21.631083,188.74953,-7.2936,-12.635567,195.71172,-5.552745,45.349415,176.62453,-10.817973,-38.781525,198.81494,-3.0936868,67.12734,179.022,-1.3231136,-57.226913,204.9987,10.111061,4.1159444,140.03745,-5.8707285,-15.687204,142.05865,-13.079666,-5.7467976,113.305336,19.442942,-20.399109,105.36602,-8.034431,-14.392165,80.874115,5.8220563,-12.732944,74.5596,-27.950806
6.734869,202.12238,15.290187,10.634116,204.95749,13.574589,4.09945,206.01866,13.114531,14.788313,205.45728,3.5286481,-1.5932497,206.12088,4.259343,21.545452,188.66756,-6.3198547,-13.205526,195.03609,-5.483385,45.926147,177.77391,-9.187552,-39.2728,199.033,-3.1238306,66.974335,180.94063,1.3334042,-58.003017,205.5431,9.492201,4.9498534,140.27737,-6.3675766,-15.104441,141.7465,-14.291359,-4.3967094,114.70102,20.183493,-20.024855,104.98322,-9.121531,-11.339275,84.43149,1.0711344,-12.712664,73.89199,-27.95244
6.0063825,201.80974,15.618469,9.867181,204.70186,13.908919,3.321781,205.61151,13.329189,14.064342,205.14859,3.9511883,-2.36325,205.64745,4.5695157,21.344566,188.37059,-5.443068,-14.043928,194.80103,-5.638123,46.453934,179.44398,-7.5769763,-39.93841,199.65384,-3.4521847,66.6897,182.82831,4.054163,-58.476074,206.1256,9.194882,5.577733,140.20015,-6.832977,-14.477276,141.26784,-15.23744,-3.7748928,115.50344,20.491423,-19.902348,104.19581,-9.710011,-7.6253543,88.6191,-3.6340446,-12.724088,73.094345,-27.592926
5.0739336,201.9498,16.009216,8.920484,204.92003,14.413371,2.3783977,205.65594,13.574882,13.2445965,205.0922,4.3358316,-3.1642065,205.45276,4.7720866,21.232422,188.55006,-4.5432863,-14.753973,194.56705,-5.7824435,46.756298,180.9185,-6.168606,-40.23061,200.32098,-3.2575402,66.4376,184.74873,6.1185274,-59.030052,206.60083,9.178988,6.2826405,140.49738,-7.6611824,-13.965187,141.23444,-15.93474,-2.4819124,116.211754,20.179443,-19.759098,104.40057,-10.2231865,-3.896943,93.91481,-7.8159614,-13.044387,72.83166,-27.1954
4.367683,201.86804,16.519594,8.191954,204.75612,14.742669,1.627218,205.56656,14.139978,12.361171,205.22795,4.7683992,-4.0180306,205.33498,5.3700337,20.924255,189.31139,-4.164924,-15.263131,194.54668,-5.9807086,46.753323,182.63016,-4.579775,-40.506104,200.85912,-2.9903429,65.83839,186.81773,8.436084,-59.56346,206.99138,9.1730995,6.88933,141.09584,-8.622369,-13.627506,141.25856,-16.607956,-1.0037528,117.013985,18.978561,-19.65721,104.43066,-10.4823675,0.06647782,98.70418,-11.871364,-13.380599,72.36552,-26.828611
3.5709095,202.01735,16.941675,7.355942,204.92561,15.115932,0.7792528,205.73183,14.644157,11.532581,205.75499,5.2184243,-4.8555336,205.76485,5.893505,20.694818,190.23856,-3.658915,-15.432782,194.99173,-6.0499716,46.69149,184.23347,-3.2322915,-40.823135,200.99263,-3.1084197,65.41119,188.2293,10.3394785,-59.993507,207.02371,8.945318,7.565101,141.99425,-9.325804,-13.286278,141.74382,-17.23284,0.0637057,117.72323,17.775015,-19.46951,105.101395,-10.598703,3.7972362,102.953026,-15.043228,-13.601473,72.38292,-26.623331
3.0364003,202.45561,17.21687,6.7795672,205.5334,15.588628,0.19208537,206.21082,15.050654,11.101367,206.44345,5.698439,-5.3275166,206.46559,6.2173657,20.338144,191.60689,-2.930796,-15.589902,195.86658,-6.1386933,46.431324,186.06068,-2.3186584,-41.145832,201.59033,-3.6949532,64.37738,189.50635,12.41553,-60.27979,207.06769,8.84426,8.1952505,142.91812,-9.959571,-12.944062,142.70724,-17.55644,1.3736889,117.46111,16.226297,-18.956614,105.99099,-10.919596,6.527678,105.299706,-17.59681,-14.109171,72.56858,-26.142529
2.8538888,203.49873,17.460611,6.4971857,206.71054,15.871904,-0.1088873,207.23212,15.404782,10.761865,207.6161,6.0169377,-5.7085333,207.44319,6.610286,20.063654,193.17372,-2.3896716,-15.9302435,197.01393,-5.903899,46.114014,187.95015,-1.6753803,-41.679573,202.10846,-3.6892893,63.5384,190.364,14.100841,-60.77875,206.53342,9.328258,8.773244,143.82988,-10.492376,-12.720741,143.49356,-17.85561,2.2555125,117.015656,14.413293,-18.398077,107.04827,-11.390345,9.044686,106.33921,-19.887325,-14.577641,72.95748,-25.923018
2.4746265,204.18608,18.020285,5.9372663,207.51868,16.279749,-0.6928672,207.794,16.046995,10.279708,208.94266,6.7844934,-6.187,208.5387,7.396062,20.04181,194.7079,-1.9443669,-16.15903,198.2691,-5.17543,46.208675,189.45418,-1.2972381,-42.18405,202.3377,-4.3206325,62.75687,191.07367,15.467473,-61.09323,205.41862,9.181868,9.111413,144.75157,-10.770274,-12.702501,144.5439,-18.125462,3.6351948,115.96364,12.14777,-17.896156,107.95259,-12.2164345,11.736386,105.839,-21.968092,-15.267109,73.08814,-25.506765
1.9473932,205.22441,19.113476,5.318155,208.65837,17.380165,-1.3197105,208.81212,17.283392,9.574451,210.20836,7.7025366,-6.8539934,209.53975,8.653001,19.891172,196.30264,-1.5709215,-16.429844,199.43518,-4.661957,45.979042,190.36,-0.863392,-42.568188,202.43623,-5.6764255,61.86721,191.23466,16.564077,-60.83278,204.11035,8.737273,9.560545,145.52402,-11.20714,-12.474288,145.42291,-18.256575,5.123825,115.04734,9.776735,-17.312271,108.501144,-13.588004,14.28584,104.48426,-23.88804,-15.756562,73.279144,-25.4982
1.6320826,206.2016,19.752052,4.881133,209.81114,18.174526,-1.7619523,209.83574,18.269278,9.043295,211.4846,8.3251915,-7.3489227,210.68703,9.473394,19.531742,197.65028,-0.6874966,-16.589973,200.73703,-4.578588,45.46279,191.24109,-0.517031,-42.949924,202.36023,-7.039088,60.82684,191.02483,17.4785,-60.453156,202.2496,8.588947,9.7992735,146.65384,-11.343718,-12.241808,146.63515,-18.384941,6.663695,114.530495,7.5391273,-17.068573,109.25658,-14.7010765,16.839462,102.04306,-25.227304,-16.266006,73.623535,-25.121775
1.1747984,207.27232,20.560957,4.408895,210.88565,18.947329,-2.2282195,210.88577,19.059977,8.649137,212.42961,9.160854,-7.769797,211.59149,10.182238,19.350664,198.847,-0.0910201,-17.101522,201.5897,-4.368004,45.19357,191.75554,-0.42100075,-43.47457,201.88882,-7.4770436,59.936375,190.53447,17.919542,-59.930515,199.90907,8.914857,10.132644,147.36583,-11.506549,-12.367056,147.5113,-18.652807,8.420869,114.15522,5.0477476,-16.793856,110.114494,-15.799997,18.959457,98.581795,-26.45862,-16.560877,73.93054,-25.01846
0.46758544,208.15932,21.264719,3.7736142,211.7155,19.673805,-2.867203,211.73927,19.556808,8.174921,213.3461,9.936669,-8.208484,212.32678,10.571304,19.029953,199.94508,0.48426726,-17.371782,202.3936,-4.1861043,44.5659,191.76282,0.06670018,-43.627403,200.88399,-7.968047,58.380512,188.8519,18.959415,-58.8173,197.02701,9.306573,10.451465,148.30992,-11.56461,-12.210782,148.50093,-18.666332,10.512189,113.791466,2.4486532,-16.604609,110.93728,-16.909718,21.081652,94.757866,-27.27208,-16.73023,74.58175,-25.702024
-0.20686376,208.65839,21.859455,3.04206,212.23895,20.201904,-3.5954857,212.16335,20.091383,7.57276,213.9199,10.614207,-8.812989,212.67624,11.088145,18.814186,200.52066,0.90871346,-17.7973,202.85663,-3.4491851,44.042164,191.25276,0.16573404,-43.73535,199.37782,-8.401166,56.346733,186.66832,19.793016,-57.392433,194.36302,9.744685,10.711705,148.5886,-11.597072,-11.932331,148.97102,-18.41477,12.706516,113.10458,-0.06102682,-16.479412,111.40878,-17.552061,23.068987,90.591125,-27.549774,-16.352943,75.45974,-27.44219
-0.76354015,208.7414,22.283205,2.4549394,212.35265,20.627659,-4.184222,212.20453,20.515598,7.237799,213.93082,11.146666,-9.141703,212.88058,11.319712,18.519506,200.88399,1.4409765,-18.32622,202.67949,-3.4285223,43.138012,190.15683,0.5200773,-44.08852,197.6457,-8.622357,54.292656,183.97586,20.538342,-55.89617,191.19228,10.358948,11.054945,148.71327,-11.478095,-11.954678,149.01126,-18.070553,14.746966,112.28976,-2.4227407,-16.219646,111.26143,-17.732117,25.208134,86.594284,-26.784832,-16.078253,76.36618,-30.211967
-1.2208936,208.76657,22.749104,1.8560401,212.50346,21.109026,-4.7723603,212.11809,21.010542,6.762417,213.99512,11.632415,-9.6092615,212.81499,11.78576,18.415415,200.83093,2.2245383,-18.714104,202.293,-3.3274114,42.220825,188.62704,0.6204287,-44.037262,195.55998,-8.907906,53.08592,181.31386,20.428188,-54.33489,188.24925,10.705241,11.193779,148.39043,-11.292112,-12.026552,148.93628,-17.431017,16.411816,111.54262,-4.57549,-16.281101,111.094826,-17.65745,27.153605,83.449974,-26.057802,-16.103392,77.27436,-33.016052
-1.7922914,208.57962,23.305645,1.2394781,212.36897,21.683603,-5.3791614,211.86671,21.522558,6.1696553,213.7948,12.195894,-10.221564,212.49184,12.309219,18.278727,200.62415,2.6622646,-18.991306,201.6949,-3.1967704,41.337154,186.96564,0.8987602,-43.495483,193.48586,-9.53056,52.073235,178.4457,20.0824,-52.717,185.28975,10.335199,11.221534,147.8114,-10.867059,-12.1010895,148.2584,-16.65479,17.977505,110.72702,-6.2920766,-16.218884,110.444435,-17.650126,28.87128,80.72874,-25.062075,-16.251785,77.78258,-35.742085
-2.3601444,208.08084,23.681889,0.7455578,211.81047,22.063671,-5.8749804,211.46086,21.908838,5.664352,213.15334,12.548014,-10.735645,211.90205,12.625916,18.198904,199.62369,3.0750942,-19.228876,200.60599,-3.3602436,40.668636,184.92706,1.4875959,-43.395134,191.11807,-9.614084,50.81429,175.3888,20.286848,-51.385487,181.77393,10.255602,11.685632,146.97284,-10.592362,-11.885484,147.41563,-16.231998,19.156086,109.75876,-7.6472516,-15.92024,109.60553,-18.19237,30.4588,78.71237,-24.095749,-16.60627,78.03059,-38.199406
-2.785366,207.21968,24.067068,0.26886418,211.03125,22.563715,-6.3393607,210.51242,22.223768,5.228527,212.36682,12.946216,-11.156334,210.923,12.969504,17.962507,198.74045,3.6117864,-19.365484,199.34381,-3.1430597,39.477295,182.89653,1.4492677,-42.885685,188.8537,-9.745171,49.81459,172.30054,19.49037,-50.26988,178.28136,9.747777,12.12142,146.16663,-10.476241,-11.683415,146.51831,-15.539998,20.391724,109.165565,-8.21787,-15.440887,108.95323,-19.153717,31.874641,76.916306,-22.83002,-17.21316,77.471436,-39.963394
-3.1977968,206.07635,24.364594,-0.2437119,209.96143,22.828247,-6.83318,209.2737,22.503527,4.823874,211.25722,13.27,-11.579089,209.6971,13.276025,17.983532,197.43759,3.9125528,-19.624464,197.67847,-2.8842626,38.671116,180.51602,1.5054586,-42.441692,185.44864,-9.637389,49.306675,168.99384,18.78373,-49.48608,174.0695,9.452329,12.455963,145.2545,-10.461845,-11.419803,145.456,-15.094105,21.420252,108.30593,-8.386439,-14.929536,108.06813,-20.418032,32.94197,75.39093,-21.96808,-17.848032,76.41054,-41.04631
-3.6964507,204.84656,24.683258,-0.7391447,208.79442,23.309397,-7.2854195,208.02287,22.691557,4.4290824,209.85551,13.609856,-11.964146,208.21713,13.4401865,17.920444,195.79929,4.2015147,-19.889305,195.65619,-2.5770795,37.95744,177.85535,1.6800331,-41.700706,181.78008,-9.652688,48.445404,165.06468,18.33611,-48.917084,169.22714,8.913688,12.976581,143.92906,-10.632592,-10.976598,144.1169,-14.948103,22.571764,107.33004,-8.301437,-14.397934,107.20058,-21.60711,33.57901,74.208046,-21.342438,-18.31294,75.32793,-41.80415
-4.1003885,203.67482,24.968103,-1.1626612,207.59937,23.489895,-7.7126017,206.7752,22.902416,4.0296717,208.49696,13.847223,-12.35743,206.81589,13.633933,17.674322,193.7265,4.414197,-20.057365,193.38164,-1.9775329,37.288223,175.30194,2.0908113,-40.93683,178.13603,-9.141689,48.258774,161.72054,17.68184,-48.776318,164.12984,8.240819,13.454139,142.34987,-10.771811,-10.491207,142.54485,-14.88055,23.641624,106.16988,-7.8737793,-14.047787,106.152405,-22.78895,33.823906,73.115555,-21.331787,-18.528072,74.38418,-42.50314
-4.359123,202.52925,25.185923,-1.5176092,206.4585,23.544476,-8.081832,205.58063,23.239069,3.7992783,207.18372,14.005788,-12.572341,205.32872,13.751488,17.470123,191.60594,4.5639806,-20.180794,190.85867,-1.1027418,36.732323,173.03088,2.454938,-40.222294,174.58734,-8.555255,47.8275,158.37814,17.18273,-48.43435,158.80638,7.146167,13.9788065,140.96805,-10.996452,-9.859346,141.08333,-14.973903,24.622387,105.20105,-7.3350086,-13.8393345,105.198425,-23.722412,33.727646,72.683304,-21.450851,-19.09104,73.52026,-42.937935
-4.406568,201.48297,25.350006,-1.6348624,205.40178,23.569735,-8.171005,204.35739,23.224907,3.7246296,205.89868,14.058783,-12.666459,204.1022,13.914107,17.248165,189.97266,4.8699617,-20.100872,188.57544,-0.15698378,36.305832,170.89392,2.9229317,-39.98946,171.93423,-7.614819,46.84839,155.3408,17.009483,-48.109455,154.13213,5.6451054,14.671876,139.7899,-11.481872,-9.294259,139.85774,-15.09664,25.520296,104.72139,-6.7171984,-13.4668045,104.60167,-24.37226,33.27893,72.47695,-21.75038,-19.758377,73.2325,-43.37487
-4.301358,200.62892,25.296299,-1.6103327,204.54507,23.421633,-8.156914,203.45317,23.281208,3.748667,204.8316,13.843318,-12.71081,203.08487,13.956244,16.813631,189.44391,5.2049294,-19.974487,187.38202,0.88210005,35.616238,170.16266,3.2025206,-39.065083,169.70427,-6.788188,45.286484,153.57985,16.90202,-47.4354,150.22192,3.7538867,15.397182,139.21106,-11.900974,-8.565328,138.97206,-15.017749,26.134771,104.41586,-5.820836,-13.42502,104.14595,-24.494154,32.638523,72.43989,-22.064997,-20.390766,73.39289,-43.65726
-4.3067665,200.0119,25.270172,-1.5455939,203.789,23.224897,-8.121493,202.86813,23.218021,3.6184733,204.22403,13.694871,-12.830773,202.59308,14.049101,16.301798,189.57474,5.300876,-19.532368,186.75557,1.480077,34.801044,169.74203,3.552778,-37.96514,168.20332,-6.186552,43.49853,152.66301,17.571053,-45.919395,147.35931,1.5000626,16.146114,139.00769,-11.96048,-7.844735,138.80049,-14.840481,26.718927,103.9102,-5.781481,-13.51372,103.78605,-23.608335,31.826942,72.335526,-22.780993,-21.331844,73.81764,-43.703587
-4.1651993,199.77089,25.222675,-1.4390576,203.58658,23.195585,-8.004666,202.5918,23.171522,3.6137543,204.10683,13.658397,-12.8241205,202.2974,14.06979,16.241398,190.02583,5.0239773,-19.334476,186.6061,1.59037,34.522007,169.8522,3.777353,-37.228966,167.5731,-6.365729,40.89055,152.61337,18.825886,-44.2149,145.91402,-0.2015826,16.837978,139.77727,-12.350722,-7.1995487,139.41197,-15.035234,26.800854,103.98258,-6.441418,-13.37938,103.84938,-21.468706,31.05342,72.41812,-23.493662,-22.16964,74.93559,-43.1785
-4.2021,199.60896,25.049261,-1.5487108,203.55302,23.174532,-8.0907135,202.41277,23.064308,3.3776476,204.4202,13.517243,-13.013668,202.32115,14.069516,16.335848,190.83205,4.566088,-19.164568,186.75742,1.4224783,34.478058,170.59619,3.8735075,-36.846188,167.67319,-6.748268,37.800022,153.69824,20.187534,-42.065773,145.16756,-1.6277702,17.549526,140.36938,-12.647333,-6.13497,139.9148,-15.373315,26.762539,104.310394,-7.587696,-13.139206,104.44733,-18.513124,30.31763,72.49744,-24.47065,-22.415379,76.888664,-41.95631
-4.458975,199.6793,24.909657,-1.7355034,203.67525,23.263538,-8.286422,202.58318,22.95812,3.0846348,205.0036,13.595469,-13.286056,202.65245,14.023907,16.335413,191.85486,4.217802,-19.298302,187.34262,0.8141733,34.514988,171.44579,4.158488,-36.413452,168.01552,-7.629292,34.452873,155.40817,21.695457,-39.61777,144.9286,-3.178019,18.293465,141.15813,-13.184277,-5.5578537,140.7247,-15.86521,26.785456,104.53129,-9.203005,-12.561381,105.158646,-14.762608,29.325203,72.45244,-25.663649,-21.576319,79.44558,-40.150555
-4.5785513,199.7451,24.827229,-1.6924431,203.66318,23.25428,-8.259346,202.79114,22.805416,3.0926673,205.5104,13.788768,-13.252978,203.09694,13.919294,16.090485,193.01956,3.799858,-19.25409,187.96828,0.27590695,34.08444,172.58374,4.5633144,-36.206005,168.69315,-8.926525,30.459517,157.9613,23.13232,-37.0449,145.45882,-4.6933775,18.6609,142.07849,-13.668664,-5.2371197,141.58951,-15.997108,26.29984,105.16412,-11.163993,-11.6945,106.11942,-10.98251,28.3093,72.57046,-26.885986,-19.77722,82.33989,-38.04822
-4.565058,200.07042,24.537605,-1.859591,204.12138,22.981352,-8.419966,203.12904,22.887297,3.0017548,206.08362,13.533413,-13.318532,203.56233,13.711267,15.790694,194.47653,3.3080375,-19.349075,188.45638,0.21492442,33.547455,174.36707,5.222257,-35.85647,169.69653,-10.614166,26.898565,162.19084,24.74274,-34.63364,146.64696,-6.157147,18.803703,142.75406,-14.554959,-5.071003,142.09662,-15.204137,25.856558,105.69075,-13.689279,-10.762975,107.07019,-7.0399203,27.318148,72.59885,-28.26295,-17.380568,84.85779,-35.616333
-4.560208,200.49248,24.154863,-2.0602405,204.67175,22.613596,-8.583562,203.42572,22.706127,2.711678,206.80553,13.188596,-13.546987,204.05806,13.549596,15.272361,195.64687,3.212911,-19.600946,189.05116,0.0365742,32.909622,175.80219,6.4716268,-35.497955,170.50352,-12.205569,23.85544,167.0181,26.69462,-32.290394,147.5406,-8.090907,18.692976,143.60645,-15.123647,-4.9784966,142.80869,-14.748818,25.118853,106.25364,-15.906257,-9.607243,108.162445,-3.720132,26.26174,72.780624,-29.671438,-14.096637,87.133156,-33.16174
-4.816194,201.13872,24.043219,-2.337209,205.33566,22.49117,-8.839203,203.98026,22.421824,2.3552208,207.62605,13.042356,-13.88672,204.63263,13.478764,14.888759,196.70439,3.0884554,-19.904413,189.63647,-0.17717434,32.247875,176.73108,8.142246,-35.046246,171.57098,-13.830326,20.648737,171.9323,28.247547,-30.000835,148.772,-10.228702,18.77392,144.81686,-15.930692,-4.974392,143.98888,-14.503809,24.316917,107.11785,-18.005072,-8.298074,109.85956,-0.8689731,25.30639,73.018196,-31.14626,-10.434535,88.55131,-30.264578
-5.0346136,201.57835,23.740864,-2.6338978,205.81514,22.179403,-9.118164,204.40128,22.2407,2.0239856,208.13373,12.6901455,-14.195652,205.11543,13.287288,14.409899,197.54802,2.94511,-20.157568,190.40137,-0.689985,31.139381,177.9872,10.211506,-34.39817,172.45264,-15.28048,17.77455,176.01303,29.556372,-28.26183,149.78122,-12.201065,18.948988,145.814,-16.774014,-4.8615894,144.86656,-14.292136,23.355879,108.075775,-19.92413,-6.7779665,111.6018,1.6428565,24.144651,73.68189,-32.46442,-6.357882,89.337494,-26.868015
-5.27175,201.81914,23.212288,-2.89762,206.17023,21.94605,-9.379555,204.74594,22.018364,1.7862059,208.74767,12.472415,-14.486287,205.64574,12.972518,14.018367,198.16566,2.8109672,-20.300095,191.08813,-1.257315,29.796906,178.77899,12.7917385,-33.52529,173.20712,-16.825968,14.353509,180.87361,30.777504,-26.452307,150.71555,-14.124521,18.814363,146.91174,-17.781805,-4.8261814,145.82784,-13.892734,22.562824,109.0365,-21.573977,-5.485456,113.075874,3.4115481,23.134497,74.007324,-33.540844,-1.8421286,89.292145,-23.416231
-5.479651,202.31807,23.118364,-3.162258,206.65309,21.716183,-9.636826,205.17369,21.919636,1.4149121,209.10046,12.165645,-14.815755,206.00177,12.934638,13.371626,198.53345,3.0271769,-20.44887,191.7607,-1.6983502,28.279627,179.46782,14.831573,-32.65584,173.66008,-18.126516,11.384968,184.18678,30.785505,-24.946648,151.17575,-16.017622,18.571363,147.58937,-18.548298,-4.671193,146.1277,-13.528498,21.772827,109.63087,-23.423414,-3.3936436,113.96447,5.3190928,22.07659,74.53348,-35.15537,2.3387716,87.74101,-19.319744
-5.6976666,202.67073,22.848473,-3.3992217,207.03,21.486729,-9.870314,205.58502,21.871367,1.1093467,209.23024,11.768996,-15.157094,206.27327,12.755071,12.786778,198.89668,2.9167159,-20.773817,192.21855,-2.0886006,26.509275,180.2384,16.45904,-31.556887,173.88048,-19.267836,9.079626,187.4819,30.531656,-23.509726,151.4762,-17.72879,18.551973,148.424,-18.924774,-4.4739914,146.7284,-13.298703,21.244358,110.70325,-24.430784,-1.8680714,114.7965,6.0307345,21.046387,75.12609,-36.491276,5.9790435,85.57995,-14.438018
-5.9749236,202.59006,22.552742,-3.6327162,206.95074,21.280888,-10.1205845,205.57765,21.727308,0.9389583,209.13821,11.505489,-15.331947,206.45543,12.409864,12.385878,198.88171,2.7187574,-21.050428,192.5783,-2.5484493,24.510641,180.6363,18.359499,-30.535906,173.86235,-20.201427,6.6831546,190.65262,30.232782,-22.178818,151.48193,-19.500452,18.501648,148.49066,-19.188908,-4.3548098,146.6148,-13.310778,20.712702,110.93737,-25.717516,-0.18231393,115.125565,6.4823027,20.340132,75.39128,-37.77354,9.289334,83.30849,-9.0285635
-6.6810513,202.34932,22.418392,-4.094795,206.56763,21.10559,-10.644908,205.51566,21.367052,0.75750434,208.82996,11.5623865,-15.566484,206.31494,11.914506,11.991741,198.59518,2.4803224,-20.965378,192.55643,-3.1078565,22.20525,180.94919,20.0767,-29.335602,173.6856,-21.193459,4.812985,193.44772,29.748354,-21.020302,151.3515,-21.260054,18.546238,148.55876,-19.521978,-4.013427,146.39265,-13.368748,20.420202,111.093216,-26.65385,1.827155,114.86864,6.3431907,19.474861,75.566444,-39.1958,12.286011,81.02857,-2.7147462
-7.3118057,201.8967,22.21635,-4.6733856,206.11162,21.003996,-11.230601,205.02997,20.924496,0.515855,208.33,11.656585,-15.8542595,206.08298,11.523679,11.677954,198.06667,2.552014,-21.074718,192.14471,-3.726921,20.123701,181.33032,21.905266,-28.201534,173.18796,-22.302551,3.1712706,195.81256,29.1597,-19.813864,150.98705,-22.919209,18.586754,148.32758,-19.708054,-3.71006,145.84439,-13.519566,20.24028,110.83936,-27.342634,3.5796766,114.29523,5.766637,19.094412,75.485725,-40.632404,14.880323,79.22052,3.4426155
-7.9747453,200.94499,21.883146,-5.3205843,205.26628,21.209574,-11.799603,204.07642,20.351305,0.085744776,207.63664,11.671794,-16.215574,205.45062,11.0088005,11.358898,197.47722,2.89003,-21.010857,191.67523,-4.5594783,18.07601,181.51569,23.607933,-27.13927,172.47926,-23.253593,1.8334587,197.517,28.753271,-18.772942,150.38692,-24.303892,18.575834,147.94896,-19.611994,-3.3176544,145.21962,-13.431721,19.918001,110.40705,-27.87483,6.0003133,112.74058,4.6791306,18.774035,75.3874,-42.17557,16.92894,77.74148,9.156093
-8.957219,200.59897,21.66069,-6.367937,204.99849,21.290413,-12.72843,203.68878,19.914526,-0.26764318,206.99904,11.721948,-16.460371,204.7545,10.182169,11.067025,196.51762,3.0371633,-20.788483,190.93594,-5.3260107,16.547365,182.11208,25.20157,-25.999949,171.61583,-24.054739,0.6039709,198.80861,28.51942,-17.422842,149.6787,-25.510832,18.561695,147.07457,-19.558022,-2.7438865,144.08313,-13.220154,19.889444,109.64119,-28.82597,8.1381,111.18281,4.406582,18.39115,74.9896,-43.815445,18.538015,77.098656,14.376689
-9.670428,199.77303,21.244122,-7.003836,204.12434,20.874134,-13.414422,202.95613,19.612192,-0.6409261,206.03685,11.472714,-16.793322,203.86946,9.545372,10.699701,195.40192,3.174205,-20.860191,189.86499,-5.9710317,15.683066,182.95212,26.631527,-25.09638,170.60008,-24.949957,-0.2340444,199.78886,28.643742,-16.359568,148.70407,-26.468077,18.578733,145.98192,-19.283371,-2.377243,142.76031,-12.886878,20.119904,108.79704,-29.738926,9.650106,110.09513,4.9175243,17.884457,74.18667,-45.235313,19.834394,77.08633,18.418018
-10.017687,199.2505,20.834005,-7.2978034,203.53864,20.207401,-13.751281,202.40555,19.114653,-0.99605566,204.86334,10.695034,-17.226606,202.84804,9.005135,10.020321,194.22556,3.6567283,-20.9904,188.39655,-6.668721,15.329801,184.1943,28.149,-24.376486,169.03612,-25.708548,-1.1927688,200.45442,28.782623,-15.141847,147.26654,-26.962126,18.717857,144.5725,-18.573565,-2.0872798,141.21521,-12.469666,20.052547,107.771736,-30.378574,10.5869665,109.17334,5.893131,16.87975,73.8074,-46.56031,21.490973,76.86876,20.983799
-10.129414,198.58142,20.814663,-7.400815,202.73314,19.63713,-13.899057,201.5643,18.881296,-1.464946,203.51175,9.967099,-17.756113,201.81526,9.02444,9.185297,193.00629,3.6852493,-21.304722,186.81793,-7.398163,15.526326,185.67073,28.907488,-23.874586,167.58206,-26.622744,-1.8195566,200.8352,29.20586,-14.318679,145.99335,-27.445755,18.744755,142.94069,-17.88206,-1.9065269,139.59361,-11.963563,19.995914,106.591675,-30.832134,11.419088,107.956856,7.34612,15.799861,73.62693,-47.651814,23.203173,75.69853,22.326885
-10.441938,197.87169,20.508724,-7.593792,201.856,19.054792,-14.136458,200.86519,18.439993,-2.0339487,202.37839,9.3274355,-18.369177,200.92673,8.902532,8.363774,191.9362,3.8283389,-21.747524,185.29434,-7.6449056,15.960984,187.18922,29.353388,-23.33085,165.96664,-27.043058,-2.5985718,200.89525,29.26708,-13.099533,144.53285,-27.722555,19.004772,141.73619,-17.066332,-1.6834733,137.91757,-11.217659,19.94573,105.79227,-30.46032,12.154663,106.929535,8.761813,14.889326,73.54884,-48.587833,24.716017,74.37552,22.29857
-10.791073,197.00366,19.759989,-7.799268,200.92747,18.42103,-14.373501,200.18475,17.794468,-2.6694646,202.15976,8.752027,-19.06441,200.2572,8.529321,7.957581,191.47491,4.001105,-22.123228,183.97853,-7.568982,16.926332,188.93031,29.485802,-22.695593,164.65782,-27.01047,-3.0270133,200.77518,28.760471,-12.7425995,143.3497,-27.540073,19.001135,140.94016,-16.186167,-1.4856786,136.9372,-10.389614,20.22316,105.23524,-29.486124,12.628927,106.43593,9.915401,14.47021,74.05911,-49.26159,25.564484,73.709984,22.023403
-11.201165,196.9308,19.272964,-8.169963,200.7106,17.647823,-14.7450695,199.9799,17.041283,-3.4767215,201.87422,7.9884205,-19.85415,199.61508,8.148714,7.3407006,191.34557,4.1810355,-22.592304,182.83342,-7.5574813,18.322636,190.37354,29.044975,-22.227446,163.2293,-26.73805,-2.9749088,199.64403,28.35324,-12.397581,141.86346,-27.345655,18.98332,140.40074,-15.489054,-1.3592032,136.38382,-9.724775,21.098549,104.612015,-27.46883,12.745063,106.284065,10.628681,14.352246,75.44199,-49.330006,26.155996,73.24597,21.346716
-12.119818,197.47678,18.776367,-9.184209,201.17422,16.822653,-15.774367,200.3401,16.48234,-4.2907586,201.8269,7.3137302,-20.612923,199.28175,7.3751655,7.2510133,191.30872,3.8712435,-22.84668,182.35869,-7.7799087,20.27954,191.51323,27.988373,-22.598984,162.25291,-25.80164,-2.286484,196.26495,27.386108,-12.845633,140.87833,-26.514,19.30464,140.12045,-14.971472,-0.8789044,136.01443,-9.684972,22.451122,104.28987,-24.339323,12.875784,106.21562,11.143878,14.877325,77.22427,-48.389324,26.399336,72.915665,20.320778
-13.196852,197.39455,17.710697,-10.326655,201.13751,15.747562,-16.88551,200.14178,15.331673,-5.2220063,202.06078,6.4890423,-21.471865,198.99121,6.1664014,7.1103573,191.77898,2.94101,-23.295164,181.56448,-8.564549,21.82243,192.41197,25.829502,-22.584545,160.45105,-25.160046,-0.60921246,194.45593,30.871302,-12.840157,139.05861,-26.491583,19.210754,140.2945,-14.502607,-1.0911036,135.81714,-9.987328,24.568285,104.23567,-19.90048,12.727305,105.99768,11.134461,15.843791,79.98744,-46.33742,26.240149,72.53758,18.72236
-13.793959,197.36191,16.465136,-11.061338,201.2105,14.49589,-17.622017,200.11833,14.335336,-6.0175223,202.1437,5.1867986,-22.191935,198.5571,4.9322133,6.731861,192.18782,1.9589499,-23.939697,180.80182,-9.396014,22.281137,193.0972,23.95948,-22.50445,158.5861,-24.44405,1.235914,190.94981,33.76319,-12.884018,137.24992,-26.21069,19.091509,140.80135,-14.177952,-1.4344866,136.02295,-10.573177,26.985722,104.57381,-14.7487545,11.937986,106.04811,10.946615,17.20981,83.08215,-43.39439,25.975485,72.233025,16.901415
-14.366793,197.28885,15.382046,-11.705567,201.23018,13.507117,-18.228777,199.9931,13.240682,-6.6886835,202.41162,4.218829,-22.679632,198.14752,3.7572615,6.071194,192.66158,0.71889824,-24.318523,179.9009,-10.329232,22.520475,193.77441,21.869236,-22.368618,156.56065,-23.397331,3.5678468,188.19427,34.8105,-13.274375,134.9864,-25.465637,18.884356,140.72922,-13.516842,-1.8515368,135.68623,-11.379123,29.11755,104.97856,-9.232834,10.813609,105.77541,10.558907,18.909063,86.75003,-39.863327,25.598412,72.25445,15.120853
-14.970317,197.02733,14.220495,-12.366544,201.0048,12.338432,-18.887695,199.72888,12.17362,-7.2448297,202.38739,3.1348672,-23.157824,197.939,2.525651,5.20368,193.17513,-0.4891038,-24.672367,179.19394,-11.3145,22.95091,194.00659,19.765951,-21.786118,154.63297,-22.123678,7.0294347,185.231,34.80868,-13.83416,132.49391,-24.303263,18.423948,140.74551,-12.969171,-2.5811164,135.3313,-11.859152,29.965757,106.33772,-3.337652,9.379043,105.53392,10.112572,21.354053,91.55108,-35.96685,25.194143,72.41432,13.2831
-15.31362,196.87392,13.064922,-12.762898,200.83513,11.085015,-19.277418,199.54231,11.050392,-7.6120744,202.29402,2.0148091,-23.617373,198.00783,1.4961768,4.871434,193.11984,-1.3386315,-24.913227,178.57791,-12.320772,23.110153,194.13911,18.530622,-21.127375,152.92915,-21.172884,10.376777,182.20438,34.50429,-14.740242,130.5938,-22.70008,17.828104,140.6848,-12.469658,-3.1585267,134.94629,-12.736219,29.90529,108.13701,2.199275,8.107053,104.84317,9.157532,23.294245,95.25207,-31.60887,25.029696,72.29336,11.2440815
-15.470948,196.84355,11.979981,-12.873923,200.79092,10.032786,-19.394814,199.50955,9.896774,-7.78545,202.09854,0.8333655,-23.835314,198.01561,0.4217488,4.76604,192.90105,-1.9462992,-25.09061,178.45706,-13.546942,23.488617,193.90463,17.509314,-21.336597,152.19023,-20.404636,13.275974,180.07436,33.64889,-15.853419,129.26309,-20.886854,17.349377,140.84361,-12.007486,-3.4870558,134.80894,-13.448219,28.520302,110.49687,7.371183,7.380889,104.45994,7.924184,24.698317,97.29556,-26.324512,25.648615,72.82331,8.946725
-15.543708,197.08276,11.06543,-12.891519,201.01282,9.154103,-19.414186,199.79303,8.914362,-7.8098335,202.22914,-0.072850496,-23.886395,198.27193,-0.54601854,5.0360928,192.75761,-2.221414,-24.957613,178.76613,-14.918122,24.233232,193.50975,16.55528,-21.399784,152.00768,-20.185555,15.90556,177.98244,31.905447,-16.660978,128.82866,-18.859282,16.585672,141.30258,-11.538482,-3.643423,134.7935,-14.71836,25.707882,114.04252,12.379697,6.505773,104.01109,5.837016,27.043322,99.53304,-20.233974,25.189905,72.48411,7.48272
-15.669554,197.29639,10.332462,-12.897744,201.17816,8.499471,-19.442408,200.08475,8.13927,-7.854938,202.4525,-0.7176545,-23.947418,198.72646,-1.3058146,5.1490927,192.87811,-2.2681298,-24.969202,179.41386,-15.878332,25.28118,193.03175,15.467263,-21.42985,152.49243,-20.065754,17.743793,175.81111,29.297968,-16.947992,129.43791,-16.189653,16.235819,142.03728,-11.146104,-3.7245967,135.09721,-15.358905,21.93625,117.75485,16.358461,6.381893,103.564995,4.3229194,28.911716,102.99633,-15.495043,25.24396,72.42587,6.0075736
-15.660868,197.9024,9.984023,-12.963263,201.857,8.185757,-19.486797,200.67369,7.8537602,-7.6423407,202.92758,-1.0003,-23.699955,199.37047,-1.7935617,5.475799,193.1706,-2.113604,-24.6509,180.75183,-16.260315,26.96204,192.4586,14.041646,-22.152378,153.95018,-20.801514,19.160963,174.1444,26.073248,-17.753473,131.9359,-13.390183,15.953433,143.0506,-10.615048,-3.6814685,135.88753,-15.830913,17.76972,121.54891,19.566141,6.542121,103.580505,2.4110248,30.15815,106.656586,-11.012226,25.669216,72.401184,4.7020636
-15.5502,198.61917,9.768248,-12.789184,202.52261,7.9497285,-19.312496,201.38184,7.51986,-7.3462267,203.38574,-1.1903183,-23.494621,200.01456,-2.0482018,5.865858,193.54454,-1.5282662,-24.643742,182.22003,-16.886978,28.871508,191.62236,12.471907,-23.404388,155.31815,-21.858543,20.111237,172.68523,22.780836,-18.58322,134.94276,-10.861682,16.391375,144.51909,-9.800477,-3.3059266,136.70471,-16.510386,13.591896,124.97875,21.720312,7.16575,103.109474,0.5104033,30.053514,107.80953,-5.6862917,26.378868,72.267914,3.6498492
-15.230902,199.53232,9.844163,-12.467318,203.39287,7.942653,-18.9962,202.24297,7.5326624,-6.9688087,204.14168,-1.1866653,-23.198723,201.11722,-1.9375157,6.385941,193.89671,-0.91960704,-24.810106,183.3718,-17.172035,30.542847,190.44017,10.501912,-24.668364,156.96735,-23.133774,20.673315,171.38553,19.294966,-19.518585,139.15085,-8.634305,16.468967,145.84889,-8.693741,-2.4669743,137.91542,-16.993343,9.613752,127.192764,22.934217,8.102171,103.49975,-1.016487,29.260412,108.236664,-0.8540419,27.278576,72.33399,2.4909406
-15.02763,200.2755,10.138474,-12.084502,204.06732,8.359399,-18.63783,203.17902,7.8151593,-6.556242,205.05156,-0.7197237,-22.754087,202.03693,-1.8046975,7.1346884,194.15169,-0.16411677,-24.678457,184.81828,-17.322628,31.821194,188.14513,9.37868,-25.780766,158.86261,-24.169333,20.827057,168.6822,15.068664,-20.069696,143.51248,-7.2071958,16.339354,146.74356,-7.6072664,-1.6931728,139.24577,-17.707327,5.957364,128.48509,23.599981,9.117142,104.45396,-2.7545776,27.814873,107.43769,3.5135317,28.270714,72.71884,1.5829766
-14.555177,200.9181,10.49666,-11.607668,204.75122,8.839649,-18.15332,203.83234,8.173284,-5.9550295,205.72961,-0.20758486,-22.157505,202.85725,-1.4485712,7.918858,194.69566,-0.2239276,-24.28347,186.45882,-17.273073,32.895653,186.35155,6.7182145,-26.82047,161.03998,-25.04594,20.678455,167.50401,11.930649,-20.782116,148.79709,-5.946654,15.978275,147.55392,-6.3911753,-0.74511147,140.73181,-18.330315,2.771331,128.78311,23.598444,10.128874,105.89909,-3.8665662,25.376497,105.294464,8.247022,29.31192,73.49406,0.7298835
-14.073076,201.37828,10.889329,-11.106418,205.21533,9.268509,-17.66331,204.34685,8.617184,-5.462792,206.29474,0.17439017,-21.694565,203.6179,-1.028744,8.366806,195.1063,-0.6041628,-23.874372,187.91089,-17.214346,33.228397,184.77045,3.7298748,-27.783388,163.09093,-25.66321,20.3397,166.73425,9.829841,-21.356752,153.99046,-4.925004,15.764546,148.33131,-5.8593755,-0.15060595,141.9005,-18.576296,1.1508743,128.88513,22.98543,11.357201,106.936386,-4.3332872,22.494768,102.25105,12.227483,30.462986,74.16093,0.48238394
-13.845033,201.85977,11.201007,-10.75795,205.67644,9.783308,-17.326223,205.01373,9.014088,-5.1581683,206.99783,0.6171235,-21.393564,204.38445,-0.7464269,8.9566965,195.6104,-1.1207931,-23.492392,188.95381,-17.112158,33.18828,183.40532,-0.061836466,-28.210707,164.38904,-26.016405,19.91615,166.74597,8.529239,-21.158138,158.3796,-4.322699,15.979995,148.85262,-5.5601487,0.5190227,142.73811,-18.637836,-0.19849463,128.37816,22.188608,12.478529,108.395676,-4.628571,18.844604,98.137665,16.18707,31.657394,75.388565,0.6864299
-13.225505,202.37914,11.635562,-10.173267,206.22974,10.214641,-16.743727,205.55045,9.537298,-4.6222367,207.52533,1.013211,-20.822115,204.87933,-0.2906514,9.549852,195.8148,-1.5415931,-22.815525,189.87102,-17.271677,32.582424,181.79678,-3.3361921,-28.567278,165.60683,-26.505985,19.257269,166.33452,7.2714434,-21.516027,162.821,-4.165859,15.51418,148.92972,-4.7539186,1.1102408,143.53056,-18.769318,-1.2660532,126.67238,21.13046,13.524318,109.17673,-5.0584145,15.268059,94.52582,19.858952,32.94539,76.523285,1.0320417
-12.716336,202.66612,11.900987,-9.707453,206.54877,10.485688,-16.265457,205.77034,9.752449,-4.014188,207.71729,1.2660937,-20.249737,205.37831,0.023432456,10.080492,195.57402,-1.8981764,-22.117659,190.6947,-17.431147,31.444689,179.55794,-5.7255,-28.62184,166.55853,-26.748472,18.540274,164.41388,6.385895,-21.952768,166.3804,-3.9948347,15.719962,148.90208,-4.325403,1.8392888,143.95178,-19.008078,-1.2458527,124.401184,19.855923,14.502656,109.642746,-5.345296,10.496983,89.75976,23.068491,34.26695,77.173195,1.7379477
-12.207211,202.60576,12.091408,-9.202053,206.53166,10.773112,-15.74946,205.7751,10.020174,-3.4248421,207.70999,1.5512507,-19.654741,205.45915,0.20461835,10.430456,195.21274,-2.1764886,-21.51697,191.28299,-17.744555,30.005165,177.65782,-7.736613,-28.178087,167.32495,-27.268654,18.114235,162.92834,5.8393116,-22.325455,168.72102,-4.198843,15.280442,148.07216,-3.4314606,2.500355,143.83507,-19.075895,-0.53032935,121.34592,18.872017,15.519835,109.38869,-5.710588,5.4534435,85.72646,25.563486,35.485214,77.575874,2.4277184
-11.6620655,202.70245,12.38413,-8.613769,206.5363,10.907708,-15.159622,205.76935,10.105184,-2.959606,207.55103,1.6500086,-19.262344,205.56195,0.5719666,10.616242,194.66507,-2.272238,-21.082342,191.53394,-18.046104,28.29573,175.60487,-9.018184,-27.610685,167.55486,-27.603004,17.233124,161.03548,5.5231466,-22.499521,169.91031,-4.4375057,15.040846,147.55438,-2.7562144,3.1575418,143.64398,-18.91214,0.5337814,117.90123,17.39914,16.454319,108.7679,-5.864954,0.78916943,82.35568,27.09559,36.729202,77.37742,3.2734725
-11.038911,202.57741,12.49573,-8.072532,206.42712,10.905217,-14.619387,205.55814,10.22207,-2.50993,207.37636,1.6270745,-18.810436,205.523,0.77848905,10.632898,193.94463,-2.2255466,-20.56789,191.68141,-18.317762,26.4509,173.60558,-9.788222,-27.05518,167.7396,-28.028141,16.554588,158.77339,5.4643087,-22.783287,169.81451,-4.78173,14.862239,146.33604,-2.0220983,3.5439224,142.96088,-18.684124,1.618045,114.41695,16.04771,17.334314,107.940895,-5.6546125,-3.6597853,80.23752,27.833376,38.12043,76.88654,4.1282616
-10.614655,202.11887,12.490975,-7.718012,206.02814,10.920988,-14.262667,205.11354,10.346044,-2.1955779,206.99797,1.5398961,-18.464619,205.0368,0.8115691,10.505139,193.10701,-2.0185807,-20.119425,191.28018,-18.587006,24.591122,171.72052,-10.032973,-26.284636,167.22311,-28.194656,15.955377,156.58138,5.686291,-22.614012,168.68913,-4.835178,14.5445385,145.35194,-1.4782081,3.6364655,142.22136,-18.25277,2.351787,111.91486,14.876387,18.24621,107.142525,-5.4156685,-7.2651806,78.84213,27.617188,39.708145,76.403534,4.5257006
-10.327307,201.38124,12.46861,-7.3948917,205.28696,10.9543495,-13.932378,204.37941,10.253558,-1.7600334,205.93771,1.5052238,-18.02346,204.28381,0.66472584,10.443156,191.98306,-1.6913764,-19.676884,190.433,-18.958841,23.146088,169.70326,-9.777767,-25.25198,166.09341,-28.15033,15.144849,154.76208,6.4440026,-22.830553,166.70398,-4.5999794,14.163208,144.23401,-0.9418111,3.4201372,141.25038,-17.878763,2.19881,110.09723,14.165142,19.038885,106.203445,-5.0827746,-9.661276,77.14638,26.353346,41.303627,75.59808,4.272684
-10.017044,200.42555,12.281034,-7.0056305,204.19882,10.593806,-13.581085,203.48978,10.088934,-1.386955,204.85384,1.3052615,-17.659771,203.29237,0.4573092,10.512658,190.49641,-1.3282094,-19.362835,189.22646,-19.34358,22.498697,167.71698,-8.604921,-24.725044,164.64925,-27.870724,14.260731,153.2447,7.7306156,-23.222383,163.73264,-4.289907,13.995095,142.83118,-0.44364142,3.2191293,140.0015,-17.412203,1.091159,108.820816,13.731264,19.65244,105.24956,-5.0510077,-10.839381,75.37884,24.472559,42.570217,75.18892,3.6834102
-9.662895,199.47679,12.164554,-6.696379,203.30801,10.528244,-13.258864,202.49469,9.958329,-1.0892624,203.87799,1.1588246,-17.384506,202.32059,0.42739382,10.410065,188.8446,-0.83600205,-19.09865,188.01718,-19.76967,23.071222,165.95718,-7.178848,-24.182343,163.01715,-27.806593,13.416628,151.89378,8.8112545,-23.735538,158.89508,-4.541855,13.666219,141.5516,-0.16485713,2.9696608,138.72812,-17.255823,-0.32322413,108.10595,13.615563,19.861097,104.390076,-5.0846224,-11.714638,74.30063,23.105268,43.751408,74.91491,2.8688402
-9.186583,198.60204,11.965606,-6.349717,202.48201,10.227916,-12.920184,201.58467,9.943092,-0.8177173,202.9826,0.74145234,-17.12419,201.49953,0.38666335,10.431204,187.19138,-0.27620527,-18.709042,187.12253,-20.12132,23.95607,164.2071,-5.1291566,-23.062677,161.63043,-27.493946,12.178304,150.49466,9.834955,-24.228962,153.97867,-5.170704,13.140656,140.44409,0.006904771,2.6780598,137.74231,-17.40553,-1.9898853,107.70081,13.397873,19.596016,103.68597,-5.1413593,-12.295664,73.390945,22.136913,44.70431,75.081245,2.096845
-8.907333,197.90694,11.88401,-6.0676637,201.77304,10.112781,-12.653796,201.02472,10.10597,-0.6038389,202.31342,0.66477823,-16.963026,200.8713,0.41363382,10.4123335,186.1792,0.07839502,-18.363947,186.42313,-20.173733,24.93334,163.27643,-3.206987,-21.84874,160.91818,-26.841991,10.793245,150.11937,10.432723,-23.88423,149.28041,-6.1768017,12.647255,139.54991,-0.26889318,2.5081663,137.13087,-18.16178,-3.3750374,107.60585,13.32893,18.44661,103.03298,-5.3460126,-12.021191,72.95453,21.647648,44.947853,75.638016,1.5073308
-8.7959385,197.14175,11.894303,-5.872356,201.00203,10.252462,-12.4689045,200.30986,10.064601,-0.40714598,201.61069,0.77272576,-16.77533,200.3542,0.40546477,10.322237,185.68224,0.46943036,-17.856627,185.92447,-20.145025,25.61127,163.13026,-1.4270236,-20.749554,160.11777,-26.347027,9.563352,150.67758,10.964737,-23.203974,145.42331,-7.6113124,12.322336,138.80244,-0.8078594,2.6907253,136.58946,-18.93027,-4.128343,107.55056,13.207405,16.559166,102.453476,-5.0917745,-11.243004,72.75981,21.239244,44.43209,76.69162,1.0899171
-8.689884,196.56403,12.064684,-5.733972,200.39944,10.425625,-12.334112,199.73175,10.180963,-0.08069039,200.89679,1.043562,-16.445065,199.8075,0.45701972,10.306434,185.3701,1.00122,-17.158836,185.64177,-20.082258,26.437984,163.4511,0.31516877,-20.083403,159.76309,-26.170248,8.833683,151.55249,11.072212,-22.218172,143.09126,-9.012096,12.705317,138.53317,-1.5715245,2.9546638,136.38147,-19.827429,-4.279951,107.58031,12.993808,13.256544,101.994705,-4.39691,-10.12105,72.54991,20.54118,42.65051,78.4309,0.96502346
-8.5439625,195.85185,12.467204,-5.503142,199.71884,11.052257,-12.110565,199.16583,10.6857195,0.19832097,200.20004,1.6026434,-16.209131,199.18925,0.8404113,10.300185,185.45439,2.0113208,-16.871426,185.27359,-19.81533,27.340885,164.40114,1.7404866,-19.084888,159.63316,-27.137707,8.463828,153.07637,10.772503,-21.12947,142.70697,-10.473399,13.507729,138.58891,-2.2597768,3.3632343,136.28754,-20.607454,-3.8608856,107.739555,12.153053,9.007537,101.98433,-3.510008,-8.665135,72.5305,19.852503,39.796886,80.748215,0.6255758
-8.524942,194.91866,13.147321,-5.4675207,198.77464,11.745314,-12.055196,198.15065,11.174461,0.40419516,199.35904,2.409133,-15.98039,198.33643,1.4162416,10.479268,185.51128,3.0530357,-16.668922,184.8924,-19.36224,28.449966,165.54282,3.0077999,-18.203701,159.86116,-28.901642,8.46364,154.98816,10.226317,-19.772789,143.79982,-11.525167,14.763995,138.86334,-2.89403,3.6845226,136.58212,-21.1084,-2.7569923,107.55928,11.245442,4.3003736,102.46994,-3.116285,-7.237106,72.32687,19.221405,36.121597,83.55616,0.2612922
-8.403285,193.7642,13.822354,-5.3494234,197.62357,12.432162,-11.94698,197.04277,11.947336,0.4092313,198.15944,3.0125837,-15.98957,197.13484,2.1502116,10.481345,185.19875,3.8085232,-16.393711,184.23389,-18.937437,29.388716,166.29762,4.248452,-17.688473,160.32521,-30.842955,8.166684,156.8867,9.819947,-18.052595,145.40735,-12.345608,16.377642,138.84154,-3.8161225,4.2919064,136.98042,-21.371605,-1.3564967,107.4917,10.378294,-0.55277693,103.84329,-3.0252976,-5.39443,72.20864,18.987366,32.012215,86.916916,-0.26820776
-8.565938,192.47447,14.749579,-5.5144787,196.33481,13.329627,-12.110348,195.75386,12.884586,0.2683674,196.97002,3.9829237,-16.065863,195.82698,2.9734993,10.285351,184.41081,4.9277143,-15.973684,183.28192,-18.673456,30.297895,166.6639,5.014515,-17.112576,160.661,-32.738197,8.474974,158.51756,9.602079,-16.131762,147.19507,-13.236938,18.528893,138.80649,-5.0834303,5.0630994,137.19833,-21.87199,0.1813174,108.13743,9.997223,-5.6080704,106.05414,-3.2411952,-3.6114364,72.46666,18.592747,27.594255,90.408325,-1.2092894
-8.901248,190.80641,15.461618,-5.899046,194.77272,14.256768,-12.467192,194.07925,13.617578,0.010111641,195.53683,4.856494,-16.285952,194.25218,3.6607237,10.033468,183.09705,6.1504507,-15.453765,182.49564,-18.368057,31.322226,166.71616,5.655967,-16.480804,161.28635,-34.382607,9.15779,159.62267,9.710277,-14.673622,148.93854,-14.43734,19.731546,138.88072,-5.5608106,6.2663865,137.7036,-22.729826,1.745337,108.65262,10.110723,-9.727521,108.8011,-4.080935,-2.0643377,72.730896,18.383976,23.68662,93.559814,-2.3049982
-9.161903,189.21266,16.251532,-6.2149243,193.21712,15.028821,-12.7649,192.38155,14.31328,-0.26650223,193.96898,5.670144,-16.546387,192.33763,4.3275666,10.137089,181.74602,6.940044,-15.218931,181.34845,-17.970745,32.026196,165.93983,5.573401,-15.536348,161.29643,-35.487022,9.8593235,159.78392,10.0596485,-13.864007,149.48335,-15.311645,20.948908,138.67825,-6.1413703,7.4012184,137.77979,-23.649096,2.5202084,109.17902,10.557852,-12.874624,112.491196,-4.90079,-0.70120037,72.9409,18.190172,20.256784,96.50249,-3.4517946
-9.539407,187.40733,16.720362,-6.549305,191.4141,15.611194,-13.07549,190.60196,14.707695,-0.4873083,192.27754,6.321254,-16.747318,190.59538,4.7287107,10.317498,180.19412,7.688732,-14.748072,179.90248,-17.61441,32.41729,164.69702,5.575475,-14.24242,160.8259,-36.11294,10.411944,158.59862,10.875853,-13.2255745,148.45107,-16.147837,21.937828,138.0142,-6.4194603,8.351934,137.84926,-24.274475,3.0887418,109.280716,11.177897,-15.511315,116.40555,-5.6993175,0.33159027,72.87266,18.03728,17.269386,99.48021,-5.17601
-9.927705,185.35048,17.141502,-6.937756,189.33075,15.971318,-13.476067,188.55472,15.152975,-0.71929395,190.60562,7.098281,-16.940649,188.67332,5.080648,10.753169,178.54631,8.326038,-14.201069,178.34367,-17.307127,32.594433,162.83649,5.4667635,-12.720241,159.8608,-36.47814,11.1552925,155.58965,12.109391,-13.168766,146.57198,-17.135113,22.709244,137.06117,-6.453602,9.199466,137.54044,-24.692059,3.5609725,109.103714,11.98128,-17.729193,119.90629,-6.7882304,1.2759622,72.82196,18.022919,14.572198,101.476105,-7.496845
-10.255871,183.65025,17.540644,-7.371989,187.76108,16.533398,-13.839575,186.76364,15.464769,-0.85868955,189.26755,7.807536,-16.97091,187.0119,5.3429627,11.2525425,176.98549,8.867934,-13.281882,176.89087,-17.022789,32.592113,160.71268,5.0378923,-11.238594,158.34679,-36.4165,12.539356,151.72667,13.239823,-13.527627,143.97762,-18.042192,22.958357,136.19716,-6.3786345,9.935176,137.09108,-25.1009,3.1770415,109.208466,13.094216,-19.327976,122.09786,-8.073548,2.1203632,72.713455,18.40499,12.098164,102.7966,-10.299602
-10.324417,182.16852,17.912807,-7.595977,186.38847,16.947393,-14.019287,185.17099,15.859967,-0.86221117,188.15643,8.464352,-16.844635,185.73004,5.6536975,11.442568,175.33958,9.561461,-11.936729,175.89581,-16.884626,31.721542,157.99677,4.86384,-9.70931,156.95241,-35.956238,13.29542,146.59026,14.631009,-13.836726,140.99818,-19.27323,22.823845,135.0489,-6.0075946,10.509171,136.0402,-25.604576,2.6907134,108.9209,14.223626,-20.736912,122.531944,-9.866545,3.090576,72.44243,19.122389,10.29237,103.40154,-13.647733
-10.323692,181.2828,18.253517,-7.5976205,185.53242,17.425825,-13.971985,184.26253,16.091623,-0.70479006,187.57135,9.143081,-16.62916,184.97777,5.959586,11.667976,173.93243,10.36218,-10.619573,175.16672,-16.898033,30.304428,155.07309,5.4511843,-8.260879,155.54509,-35.40889,14.850928,141.0025,15.808075,-14.801038,138.79274,-20.411798,22.569023,133.94273,-5.750681,10.504912,135.19406,-25.488605,1.7115694,108.84304,15.234753,-22.000067,121.55456,-12.218976,3.9209392,72.475136,19.963081,9.379027,103.21966,-17.515919
-10.367934,180.76741,18.448324,-7.549952,184.93146,17.51816,-14.003059,183.86807,16.43307,-0.40361384,187.11935,9.7637615,-16.210934,184.60957,5.987896,11.847862,172.83743,11.080981,-9.318476,174.71092,-16.8531,29.212399,152.71158,6.262313,-6.806535,154.30511,-34.571377,17.193447,136.23233,17.189363,-16.06573,137.4956,-21.312948,21.794752,132.7664,-5.2293696,10.0473585,134.25581,-25.461647,0.6004018,108.781204,16.550516,-23.237654,119.843666,-14.764423,4.601963,72.39251,20.711004,8.665702,102.5386,-21.752522
-10.167981,180.7504,18.625702,-7.18567,184.79799,17.684992,-13.635783,183.93008,16.449553,0.17584029,186.99843,10.2949,-15.476855,184.80698,5.991171,11.759905,172.14357,11.745773,-8.278886,174.60416,-16.477272,28.033663,150.68346,7.851675,-5.932209,153.82262,-33.722424,20.092966,131.46588,18.32858,-17.54876,137.21036,-22.076992,20.290909,131.77036,-4.6437187,9.484344,133.46661,-25.282791,-0.67984676,108.45636,17.831429,-23.857449,117.76225,-17.934404,5.0543385,72.39154,21.565783,7.8714747,100.89371,-26.231955
-9.702737,181.029,18.822845,-6.6704507,185.05048,17.923573,-13.072205,184.16545,16.441715,0.76979274,187.04482,10.508215,-14.932078,185.13304,6.1485977,12.047959,171.66284,12.426195,-7.6196685,174.89397,-16.091633,27.309278,149.00635,9.905421,-5.4813395,153.76204,-32.825016,23.108627,128.05179,19.289785,-19.332127,137.8811,-22.789314,18.710098,131.11624,-4.0021915,8.387416,133.1004,-25.051268,-1.9484519,108.32807,18.962465,-24.203493,114.94246,-21.44475,5.363993,72.42773,22.580557,7.2653832,98.69497,-30.805195
-9.145783,181.5578,19.051159,-6.2063646,185.66325,18.262924,-12.554957,184.6419,16.662624,1.3158903,187.4322,10.6599455,-14.392959,185.80118,6.4194093,12.201611,171.39209,13.048669,-7.260615,175.43704,-15.668508,27.282429,148.39148,11.681776,-5.6304455,154.5561,-32.73108,25.803581,126.57254,20.552576,-21.046818,139.5013,-23.810225,17.283047,130.68466,-3.3531682,6.9643784,132.76169,-24.691626,-2.5475068,108.0079,20.245409,-24.225605,112.049355,-24.767467,5.515707,72.36305,23.810862,6.64441,95.914764,-35.373283
-8.727222,182.36053,19.415348,-5.709743,186.4368,18.73169,-12.016079,185.5023,16.92941,1.8116825,188.04405,10.989074,-13.887839,186.6068,6.762591,12.340278,171.28648,13.583695,-6.8571897,176.13477,-15.2677355,28.278059,148.78786,12.393561,-6.3403482,156.21388,-33.41903,27.763016,127.095604,22.217842,-22.689598,142.10924,-24.479454,16.282143,130.27554,-2.7421706,5.5897393,132.33841,-24.302076,-2.9496982,107.659454,21.513494,-24.10445,109.680786,-27.879108,5.459229,72.343956,25.303757,5.758024,92.58404,-39.750893
-8.197402,183.33794,19.834738,-5.167713,187.42432,19.254017,-11.420737,186.4603,17.239546,2.4186106,188.57272,11.22093,-13.315085,187.48361,7.1010838,12.596411,171.59578,13.870833,-6.384469,177.04002,-14.898373,29.4027,149.74355,12.588137,-6.9929285,158.62227,-34.56451,28.828815,129.14017,24.368464,-24.412598,145.76945,-25.42867,15.193559,129.82845,-1.8842891,4.4263344,132.04189,-23.878313,-3.2438927,107.57333,23.01738,-23.505375,107.84325,-30.834517,5.2645555,72.32512,26.91566,4.509216,88.31756,-43.922115
-7.7834053,184.41028,20.104189,-4.681087,188.44943,19.641052,-10.924152,187.65466,17.551443,2.9206185,189.34705,11.3924,-12.866802,188.42267,7.331105,12.801571,172.24867,13.727305,-5.8550587,178.08626,-14.753676,30.706223,151.43779,12.683626,-8.078346,161.84468,-36.113907,29.577053,132.35356,26.711136,-26.050623,150.31305,-25.900242,13.848823,129.74141,-1.1552832,3.3551154,131.779,-23.53494,-3.4609208,107.455315,24.151443,-22.480957,106.53714,-33.375095,5.388009,72.194374,28.400238,3.5839393,84.72335,-46.86079
-7.3172936,185.3858,20.391129,-4.104376,189.33507,19.87202,-10.348262,188.65402,17.748554,3.4958603,190.18962,11.740318,-12.235678,189.40117,7.525778,13.30187,173.37283,13.474786,-5.5102677,179.25269,-14.74937,31.760248,153.19504,13.012525,-9.6263275,165.50687,-37.366604,29.232727,136.2857,29.5485,-27.75715,155.18874,-26.22712,12.611503,129.98994,-0.9518306,2.4114716,131.89186,-23.287485,-3.3250551,107.522194,24.612366,-20.93469,105.55903,-35.544964,5.38013,72.32632,30.083824,2.965289,81.4505,-49.882427
-6.6990466,186.1986,20.541576,-3.3469384,189.97337,19.757837,-9.738361,189.57288,18.04505,4.1456676,191.28569,12.065374,-11.5897255,190.58774,7.7784705,14.000754,174.76634,13.18666,-5.4703217,180.65144,-14.91058,32.288765,154.68318,13.497114,-11.755457,169.32608,-38.271534,28.953785,140.39684,31.857046,-30.056831,160.12402,-26.305523,11.802691,130.66704,-0.91767436,1.4061004,132.21814,-23.31215,-2.8664498,107.59296,24.855536,-19.282902,104.69985,-37.332066,5.435974,72.724655,31.908157,2.7722979,78.83307,-52.443295
-5.987239,187.1388,20.588736,-2.6467092,190.91145,19.723536,-9.082101,190.53516,18.19664,4.7158775,192.52742,12.1969595,-11.048131,191.78099,7.9807086,14.622115,176.07254,12.723112,-5.747796,182.11908,-14.838401,33.65931,156.52171,13.562043,-14.164712,173.32002,-38.765175,28.074856,145.78052,33.929165,-32.33618,165.15862,-26.119108,10.991044,131.51569,-1.1060963,0.88805854,132.92429,-23.518219,-2.5284526,107.64484,24.515902,-17.31245,104.08035,-38.474644,5.472788,73.15529,33.81754,2.4297216,76.73929,-54.4127
-5.3045316,187.9747,20.335997,-2.0694134,191.91907,19.964472,-8.441474,191.51585,18.213963,5.301318,193.67712,12.051738,-10.544975,193.12048,7.9784245,15.00792,177.60393,12.070124,-6.1354413,183.89177,-14.997187,34.360325,158.61626,13.787053,-16.716322,177.27498,-38.778114,28.136873,151.71269,35.63073,-34.942284,170.44485,-25.51097,10.594791,132.39427,-1.3372297,0.35829186,133.57059,-23.669258,-1.9467913,107.61886,23.824074,-15.674061,103.513985,-39.178684,5.4775186,73.60058,35.405052,2.5382524,75.16522,-55.79018
-4.5089216,188.63664,19.838493,-1.5493081,192.80112,19.920351,-7.8930864,192.1597,18.11508,5.8368278,195.07924,11.662948,-10.076103,194.43906,7.927402,15.303118,179.06885,11.539398,-6.465434,185.75871,-15.411518,34.92667,160.37987,14.16853,-19.154816,180.7474,-38.620743,28.639723,157.74104,36.93773,-37.50493,175.47945,-24.844015,9.964029,133.15916,-1.4819092,-0.14057031,134.18126,-23.928911,-1.5735731,107.21759,22.851776,-13.972921,103.18526,-39.258327,5.1062365,74.04509,36.954742,3.0630567,74.30513,-56.37102
-4.02729,189.50172,19.619907,-1.3713746,193.8566,20.00252,-7.588469,192.8635,17.9381,6.17161,196.24333,11.4793005,-9.703374,195.69067,7.9126735,15.458302,180.11124,10.952644,-6.943799,187.5085,-15.555058,35.46188,162.02731,14.7793455,-21.09402,184.56525,-38.255867,30.076204,162.83046,37.76517,-39.683746,180.39632,-24.574903,9.595498,133.95056,-1.9823542,-0.6803045,134.93628,-24.381594,-1.0723476,107.06762,21.486872,-12.726819,102.91069,-38.99639,4.309143,74.761955,38.163147,3.8189092,73.91018,-56.35351
-3.610338,190.26662,19.322489,-0.9469781,194.61302,19.768074,-7.164462,193.66078,17.69495,6.5701084,197.22903,11.344656,-9.214634,196.57246,7.580657,15.718825,181.04323,10.36409,-7.677324,188.75842,-15.719067,35.602146,163.3507,15.547937,-23.482857,188.03574,-37.508987,30.9552,167.02658,38.368797,-42.369804,184.5104,-23.87795,9.781099,134.7816,-2.6286905,-1.040384,135.8307,-24.849682,-0.15472986,106.95603,20.339333,-11.581556,102.94285,-38.673206,3.9609783,75.1963,38.617725,4.6547112,73.63134,-55.691128
-3.2096074,191.0829,18.797722,-0.6517648,195.44426,19.613237,-6.7947726,194.51831,17.32542,6.9351583,198.20189,11.027899,-8.868565,197.56096,7.1924057,15.857425,182.14078,9.737566,-8.083858,189.99171,-15.9317,35.477104,164.80585,16.214819,-25.19402,191.13577,-36.70644,32.003624,170.65845,38.78094,-44.664536,188.65378,-23.658823,9.516366,135.64664,-3.178047,-1.2394797,136.60889,-24.997292,0.65871924,106.97833,19.42505,-10.646707,103.15238,-38.08561,3.4994698,75.52478,38.55761,5.4054456,73.37444,-54.114765
-3.1287007,191.75516,18.457579,-0.48702055,195.98872,19.584421,-6.537744,195.3563,16.970764,7.316175,199.0103,11.226414,-8.155285,198.22083,6.5398855,15.770146,182.73103,9.005138,-8.125144,191.08507,-16.366322,35.43318,166.10265,17.117311,-26.296865,193.75804,-36.06392,32.802402,173.72441,39.420734,-46.61907,192.7334,-24.170702,9.174579,136.48204,-3.4635582,-1.355127,137.4533,-25.10886,1.4008874,107.242455,18.692822,-10.33244,103.49415,-37.392227,3.2655442,75.69179,37.65275,5.8744802,73.282036,-52.102226
-2.8090348,192.80478,18.182442,-0.2886274,196.92178,19.82589,-6.092713,196.49817,16.650995,7.581798,199.92572,10.685011,-7.82892,199.04016,6.088094,15.808934,183.56436,8.402693,-8.174944,192.11252,-16.977716,35.116085,167.24605,18.251003,-27.337397,196.33624,-35.243538,33.20228,176.11588,40.08274,-48.535362,196.51704,-25.045696,9.161192,137.17957,-3.5415902,-1.2169939,138.37149,-25.137863,1.9095894,107.31024,18.120483,-10.1702,104.14093,-36.528614,3.6268654,75.21342,36.021416,6.04745,73.36722,-49.835747
-2.4256158,193.83083,17.75945,0.08558618,197.88531,19.60304,-5.7231708,197.59076,16.419365,8.001021,200.88367,10.299184,-7.4726825,200.15193,5.7139034,15.6732855,184.45268,8.030283,-8.314746,193.3035,-17.506582,34.60178,168.4335,18.670261,-28.364193,198.72273,-34.330364,33.469296,178.26143,40.24964,-49.678345,199.82332,-24.380146,9.265313,138.09238,-3.6102312,-1.3094721,139.37674,-25.199343,2.3144422,107.543884,17.371513,-10.255489,104.83189,-35.903496,3.9457257,74.748535,34.128838,6.1872683,73.458725,-47.315315
-1.98349,194.92961,17.63977,0.50100636,199.18399,18.999645,-5.407819,198.47563,16.074001,8.246694,202.01158,9.991326,-7.2585435,201.143,5.5955687,15.453638,185.34386,7.818928,-8.400173,194.16681,-17.867908,34.237507,169.56326,19.155237,-29.15421,200.85428,-32.99193,33.71847,179.82816,40.557697,-50.869896,202.45428,-24.282433,9.228421,138.87225,-3.6454618,-1.5126033,140.24248,-25.088089,2.6404927,107.66717,16.34559,-9.955031,105.49563,-35.120033,4.2820935,74.45228,31.978842,6.2334404,73.59496,-45.16075
-1.9130509,196.11519,17.566082,0.762686,200.33144,18.65049,-5.2121353,199.7183,15.861093,8.222247,202.94632,9.56373,-7.390055,202.27176,5.5834556,15.365165,186.32916,7.6150184,-8.427382,195.03204,-18.027874,33.866318,170.71869,19.449488,-29.818014,202.66246,-31.913391,33.50676,181.26263,40.78125,-51.742706,204.88715,-23.775045,9.473708,139.78313,-4.0026584,-1.2767266,141.19641,-24.990002,3.1905,107.9117,15.25302,-9.411118,106.136795,-34.178314,4.4402995,74.191154,29.752466,6.363506,73.5988,-43.188805
-2.121332,197.03651,17.321259,0.73076516,201.08095,18.60483,-5.2063155,200.86195,15.6880665,8.11491,203.93561,9.457149,-7.5327544,203.43684,5.481147,15.5548725,187.4682,7.409067,-8.448396,196.14851,-17.924776,33.7864,171.87685,19.532095,-30.472832,204.23048,-30.692764,33.496464,182.1504,40.9229,-52.57451,207.02638,-23.352924,9.6884,140.66055,-4.4144864,-1.1434973,142.0976,-25.227215,3.7416186,108.33915,14.050304,-8.7387705,106.75685,-33.246395,4.6777806,74.03986,27.483511,6.4471936,73.710106,-41.09177
-2.2346404,198.32057,17.668852,0.7662858,202.4404,18.09132,-5.530174,201.96515,16.05589,7.8200574,205.13898,9.455403,-7.944978,204.30734,5.7527423,15.648919,188.6284,7.095273,-8.667222,197.0472,-17.741627,33.595444,173.06412,19.741098,-30.467537,205.63142,-30.830057,33.43789,182.75526,41.342308,-52.60881,208.95055,-23.13281,9.981095,141.50931,-4.8741555,-1.1073742,143.11568,-25.570095,4.0804014,108.633194,12.80728,-8.217367,107.40609,-32.20563,4.971486,74.15784,25.461805,6.4765267,73.75062,-39.11759
-2.1915257,199.70796,18.006178,0.90512586,203.77213,18.059917,-5.4184785,203.30353,16.132084,7.725844,206.25296,9.425892,-8.048484,205.30049,6.029248,15.678045,189.87483,7.108477,-8.926413,198.13487,-17.881477,33.526196,174.56767,20.083117,-30.414787,207.11879,-31.249365,32.768948,183.6329,42.10404,-52.729485,210.24507,-23.789362,10.048134,142.53203,-5.1891913,-1.121355,144.04965,-25.761707,4.3766093,109.091606,11.562071,-7.789212,107.89629,-31.057297,5.265156,74.24873,23.539755,6.3456807,73.87613,-37.12237
-2.3743007,200.92467,17.96475,0.72253484,204.97081,18.254261,-5.563866,204.58833,16.17161,7.599074,207.39459,9.494217,-8.236946,206.78067,6.0662947,15.492695,190.79286,7.3272963,-9.111449,199.40346,-17.701931,33.360878,175.45013,20.505262,-30.189295,208.44092,-31.971657,32.51622,183.7079,42.81028,-52.714775,211.38335,-25.100096,10.05959,143.50885,-5.352877,-1.0586694,144.78583,-25.76933,4.799745,109.581795,10.616313,-7.298361,108.160904,-29.844925,5.638892,74.524895,21.651266,6.3580313,73.8412,-35.120735
-2.646368,201.64938,18.169806,0.31661308,205.78923,18.575666,-5.8707438,205.22607,16.259272,7.3902946,208.21997,9.771785,-8.39708,207.5877,6.291347,15.51392,191.5729,7.482356,-9.351027,200.31398,-17.416695,33.230305,176.21301,21.13649,-29.398369,209.68982,-32.441795,32.028336,183.69167,43.49767,-52.361233,212.13239,-27.463577,10.063252,144.30664,-5.779832,-1.3091586,145.65442,-25.616098,4.941131,110.07943,9.684141,-6.4457717,108.77159,-28.604723,6.1700206,74.909966,19.730495,6.12588,74.04186,-33.27631
-3.123278,202.3999,18.186926,-0.19384827,206.52522,18.940302,-6.393561,206.10289,16.641685,7.0713296,209.14679,10.134555,-8.697052,208.63393,6.3702188,15.279318,192.32927,7.8550577,-9.644549,201.08994,-17.108765,33.084293,177.17795,21.425869,-28.393145,211.01416,-33.599392,31.330414,183.71072,43.994076,-51.492985,211.73448,-30.116325,10.225614,145.21701,-5.6414685,-1.4581064,146.42725,-25.282907,5.0400376,110.70449,9.033457,-5.5809326,109.278305,-27.417894,6.9640756,75.13051,17.790495,5.982376,74.11336,-31.20589
-3.5785048,203.23987,18.530098,-0.7727532,207.46274,19.151627,-6.981042,206.80066,16.924763,6.545266,209.77567,10.219789,-9.298514,209.6061,6.783891,15.051159,193.25653,8.10934,-9.845239,202.08409,-16.665316,33.17783,178.16368,21.266485,-27.40835,211.96696,-34.107742,30.775574,183.72382,44.023506,-50.6771,211.63159,-31.680082,10.278464,146.16167,-5.5715885,-1.0858176,147.3039,-25.527939,4.9851284,111.277565,8.337227,-4.8167152,109.73226,-26.367205,7.9127855,75.54021,16.00795,5.737829,74.17529,-29.4348
-4.3393006,203.87102,18.68872,-1.373965,207.94247,19.556932,-7.595608,207.63344,17.268112,5.975836,210.40974,10.550173,-9.842624,210.65385,7.1184916,14.838719,194.07649,8.472926,-10.240303,203.00441,-16.125528,33.60098,179.12881,20.826008,-26.374866,212.87921,-34.948082,29.762709,183.37323,43.64723,-49.677273,211.49147,-32.52287,10.37558,147.13739,-5.581724,-0.8290167,148.23862,-25.685843,5.1867857,111.90594,7.7169814,-4.1156898,110.56968,-25.391798,8.940705,76.00996,14.244397,5.707334,74.49371,-27.834127
-4.7031474,204.45648,19.069822,-1.8181398,208.60497,19.858385,-8.044135,208.15033,17.648565,5.246617,211.05515,10.649192,-10.7916765,211.10764,7.8125734,14.471277,194.9799,8.966363,-10.890402,203.83215,-15.537708,33.722202,179.9257,20.172588,-25.101065,213.48135,-35.829796,28.563719,182.65073,42.816124,-48.013664,210.39494,-32.675827,10.618999,147.67818,-5.4632215,-0.45154688,148.88777,-25.643824,5.3374505,112.22879,7.207443,-3.692729,111.10654,-24.649384,9.954462,76.17263,12.257525,5.591781,74.97526,-26.65882
-5.1748695,205.21704,19.811846,-2.3145313,209.45195,20.02117,-8.715734,208.74231,18.450823,4.489587,211.67131,10.880993,-11.597072,211.42435,8.48712,14.213256,195.8446,9.308715,-11.149634,204.17767,-15.299091,33.69334,180.56644,19.647642,-23.787222,213.58829,-36.9267,27.046228,181.84077,42.315075,-45.961056,207.85876,-32.95393,10.991696,148.52362,-5.3013015,-0.2136387,149.61069,-25.532839,5.465956,112.80944,6.631233,-3.6130023,111.658875,-24.20036,11.203542,76.610146,10.367634,5.4231553,75.3733,-25.708025
-5.787953,205.59534,20.202463,-2.9625313,209.8612,20.36251,-9.367109,209.09117,18.849495,4.0743036,212.09203,11.496465,-11.977898,211.71036,8.766458,14.091937,196.3561,9.823419,-11.18908,204.6059,-14.899902,33.898148,180.82043,19.307877,-22.764488,212.66544,-37.704884,24.72288,180.68063,41.148273,-44.100426,204.42583,-32.671146,11.347461,148.96509,-5.186606,0.40633228,150.1687,-25.464474,5.3869686,113.14558,6.0161185,-3.8447287,112.16972,-23.838917,12.6181135,77.21615,8.813569,5.448072,75.94551,-25.02072
-6.4012647,206.05235,20.637749,-3.5467906,210.29028,20.697227,-9.936477,209.50395,19.095057,3.569437,212.46404,11.944985,-12.50445,211.98602,9.0654745,14.026895,196.78195,10.249643,-11.295782,204.95851,-14.324904,34.117226,180.78389,18.97031,-22.131859,210.9763,-38.14181,22.56342,178.80052,39.498287,-42.218674,200.47101,-31.78942,11.864112,149.69058,-4.831887,1.0929726,150.54912,-25.401518,5.414645,113.479004,5.4228272,-4.4286957,112.54318,-23.741716,14.307849,77.78354,7.505003,5.507442,76.564445,-24.855305
-7.120272,206.01552,20.989744,-4.2783794,210.26747,21.185354,-10.667211,209.51491,19.576216,2.8375144,212.64417,12.503741,-13.177855,212.11905,9.449535,13.601883,197.22292,10.712293,-11.024536,205.30292,-13.89398,33.669186,180.53001,18.373644,-20.387005,209.40552,-38.881413,20.23961,176.60222,37.219265,-39.054173,196.29213,-32.07833,12.229977,150.14409,-3.9691958,1.5929565,150.89035,-24.743948,5.2174377,113.80591,5.271572,-5.3100686,112.96815,-23.376926,16.053654,78.46443,6.504285,5.5772853,77.21438,-24.841858
-7.824227,205.85095,21.381216,-5.027255,210.12505,21.671848,-11.463064,209.36385,20.261652,2.168643,212.72893,13.091987,-13.713839,211.81328,9.680457,13.050789,197.33492,11.486659,-10.881517,205.46397,-13.525734,33.103283,180.12486,17.878096,-18.721428,206.5701,-39.188465,18.461315,173.1311,34.745316,-35.551014,191.3929,-32.996696,12.376639,150.09221,-3.0344787,1.7917669,151.02257,-23.966063,5.0902157,113.53884,5.3670945,-6.37226,113.16544,-23.122486,17.960522,78.87579,5.7367744,5.551431,77.61851,-25.467176
-8.716333,205.4103,21.707111,-5.8871284,209.66711,21.98268,-12.292522,208.94014,20.437843,1.3883294,212.57231,13.809118,-14.411454,211.41888,9.947871,12.472629,197.04193,12.329645,-10.506558,205.25052,-13.539785,32.297012,179.02406,17.237387,-16.070961,204.38316,-39.808067,17.674194,169.60251,32.734776,-31.607729,187.87657,-34.162975,12.15837,149.77016,-1.9361727,1.4272035,150.79735,-22.86819,4.5727086,113.046936,5.6563654,-7.528859,113.18474,-22.650988,19.519924,79.04953,5.3086257,5.5111747,78.14333,-26.185244
-9.453221,204.93619,21.9425,-6.6911416,209.23985,22.117874,-13.082621,208.38002,20.572636,0.678861,212.22429,14.239549,-14.994065,210.7014,10.028425,11.75011,196.42245,13.139296,-10.062286,204.70613,-13.435347,30.903717,177.46725,16.657309,-13.429316,201.46954,-39.899517,16.786158,166.02599,31.338488,-27.908987,183.47499,-34.972523,12.030999,149.0786,-1.0576801,1.2458684,150.23305,-21.983116,4.262812,112.3455,5.866283,-8.619466,112.927444,-22.350435,20.987553,79.1252,5.050695,5.5950255,78.44797,-27.25443
-10.257474,204.52434,22.24282,-7.459586,208.80978,22.338966,-13.833892,207.95253,20.720142,0.064365596,211.49153,14.4830475,-15.543197,210.09428,10.100312,11.1089,195.82274,13.828435,-9.598526,203.94522,-13.674889,29.20341,175.86052,16.174028,-10.990558,197.736,-39.79555,15.892519,161.83565,29.250893,-24.123875,178.70956,-35.381184,11.850276,147.93636,-0.2758652,0.8807202,149.15608,-20.979557,4.060772,111.23005,6.3062663,-9.503487,112.215416,-21.870972,22.441628,78.58248,5.099043,5.808006,78.597755,-28.565937
-10.824668,203.66151,22.307379,-8.055956,207.96394,22.386166,-14.413895,207.06264,20.751179,-0.46672922,210.72899,14.697235,-16.11017,209.26315,10.211863,10.594779,194.78923,14.563931,-9.419013,202.57901,-14.179843,27.491526,173.82614,15.689848,-9.058861,193.38794,-39.443203,15.047527,157.62042,27.057997,-20.793135,173.40427,-35.49863,11.648938,146.62476,0.7221095,0.5161368,147.97818,-19.884327,4.406304,109.89146,6.7192273,-10.06851,111.34806,-21.351204,23.441746,77.66064,5.3418765,6.0639796,78.69676,-30.091602
-11.250342,202.71893,22.36217,-8.58258,207.08147,22.583115,-14.835472,206.06395,20.665527,-0.9237708,209.8458,14.80707,-16.55039,208.27107,10.211503,10.195606,193.45242,15.023492,-9.462963,200.8197,-14.588582,25.459309,171.28406,15.1464815,-7.382476,188.61617,-38.55065,14.082599,153.48262,25.231419,-17.773495,167.74763,-35.565163,11.477181,145.24768,1.6123519,0.30106774,146.55695,-18.80835,5.225581,108.59963,7.405961,-10.408636,110.19166,-21.232498,24.238478,76.28068,5.6100326,6.190303,78.3835,-31.913877
-11.753078,201.92526,22.482824,-9.065942,206.27168,22.651949,-15.25732,205.20496,20.530842,-1.4259967,208.93729,14.781154,-17.014643,207.08896,10.126799,9.9684,191.85037,15.352711,-9.534857,198.81094,-15.103398,23.253147,168.26878,14.932625,-5.8453827,183.86679,-37.256176,13.221423,148.86671,23.534767,-15.0786915,162.29442,-35.437805,11.185922,143.50099,2.36994,0.208881,144.93837,-18.09742,6.1138434,106.956764,7.971345,-10.332041,108.83036,-21.38138,24.987257,74.53541,6.458696,6.369079,77.238174,-33.917473
-12.195137,200.75719,22.201063,-9.565024,205.13452,22.542429,-15.615468,204.0187,20.077469,-1.8953767,208.0263,14.73041,-17.339535,205.83698,9.736585,9.662492,189.95488,15.6535635,-9.161413,196.44763,-15.537977,20.953217,165.15424,14.669237,-4.6662884,179.52077,-36.105568,12.42279,144.65836,22.271769,-12.843862,157.3769,-35.06662,11.031115,141.84946,2.9945962,0.2604598,143.26187,-17.236605,6.979155,105.64098,8.71002,-10.133137,107.40756,-22.021093,25.566383,73.32192,7.7505856,6.5396276,76.05169,-35.36986
-12.234404,199.69765,21.526592,-9.743835,204.1381,22.114906,-15.788791,202.97458,19.658844,-2.0147672,207.12833,14.149185,-17.470875,205.01016,9.223542,9.279367,188.19606,15.528178,-8.84049,194.6227,-15.515992,18.934841,162.44806,14.596314,-3.7127018,176.4645,-34.917408,10.473154,141.24304,21.333067,-11.012667,153.98967,-34.059223,10.823333,140.2898,3.4384067,0.5105086,141.84712,-17.119192,7.1760545,104.53941,9.65177,-9.25046,106.29514,-23.009289,25.728632,72.92424,9.312471,7.1431007,74.84843,-35.912174
-12.391767,198.70679,20.709862,-9.882869,203.1304,21.319893,-16.005056,202.0227,19.032421,-2.0812643,206.32503,13.611742,-17.541727,204.43767,8.56639,8.644153,187.2485,15.097355,-8.559342,193.88141,-15.6324625,17.452276,161.17137,14.272642,-2.8820586,174.92928,-34.287395,8.726658,139.83449,20.973272,-9.768972,152.24055,-32.25304,10.994478,139.2821,3.524908,1.1420424,140.83377,-17.496574,6.2385674,104.096725,10.909735,-8.203631,105.23007,-24.05381,25.671597,73.3811,10.682671,8.446919,73.72435,-34.977604
-12.872915,197.82758,20.003695,-9.99825,202.03165,20.460964,-16.229294,201.39336,18.282421,-2.2362885,205.62418,13.590722,-17.45751,203.93677,7.877918,8.417165,186.97911,14.797336,-7.704249,193.74608,-15.992228,16.596619,160.70311,13.575128,-1.5891546,174.28937,-34.09243,5.4881196,140.68819,20.657833,-9.198095,152.25278,-29.785515,11.40387,139.12177,3.1315002,2.2934065,140.62822,-18.35316,4.7627277,104.500626,12.065967,-6.632604,104.90808,-24.641714,25.206894,74.56656,11.731884,9.749557,73.024605,-33.31032
-13.031521,197.28188,19.48086,-10.21916,201.50926,20.073069,-16.462173,200.84875,17.941404,-2.09042,205.2041,13.796127,-17.097729,203.70311,7.309672,8.663308,187.22626,14.938694,-6.928811,194.24568,-16.352608,16.123755,160.91531,13.206289,-0.49713206,175.01752,-34.595264,1.9514743,143.34523,20.536963,-9.037801,153.86053,-27.775587,11.927322,139.95111,2.6540565,3.558826,141.59125,-19.277128,3.0731926,105.843796,12.758282,-4.748071,105.65213,-25.215254,24.271214,76.366875,12.275859,10.543727,72.8627,-31.755434
-13.239908,196.95813,18.989342,-10.44159,201.19028,19.601963,-16.693027,200.52745,17.478558,-1.9770461,204.93153,14.031166,-16.767797,203.87318,6.986625,8.608704,187.95146,15.180557,-6.0624194,195.20593,-16.270752,15.5489645,161.64388,13.49998,0.15847886,176.8039,-35.350487,-1.4660903,146.97612,20.937618,-9.337315,156.89433,-26.353052,12.838534,141.4827,2.062506,5.1056046,143.07759,-19.86066,1.5183355,107.893456,13.071105,-2.3043191,106.506226,-25.536877,23.074997,78.45664,12.263415,11.435893,72.946304,-30.731005
-13.292523,196.74823,18.627823,-10.64714,201.05708,19.36271,-16.780684,200.2219,16.983429,-1.9267999,205.15068,14.528176,-16.246843,204.1095,6.683132,8.5177355,188.54129,15.628233,-4.630954,196.41148,-16.079746,14.303982,161.84679,14.173531,0.7169938,179.12817,-36.307407,-5.5583806,151.06113,21.226328,-9.660961,160.75464,-25.083214,13.771069,142.56952,1.6876528,6.84384,144.50922,-20.471138,0.34174356,109.930534,12.943185,-0.024248555,107.826065,-25.838024,21.941158,80.718506,11.701397,12.332012,73.53612,-29.76607
-13.599525,196.68416,18.329498,-10.934167,200.95125,19.218168,-16.877934,200.17642,16.366182,-2.1449242,205.39656,15.121664,-15.985016,204.39482,6.507502,7.994865,189.19608,16.2942,-3.0392792,197.73163,-15.620279,13.422918,162.34512,15.236955,1.4299716,181.98492,-37.13679,-8.392594,155.43158,21.202389,-9.943349,165.25587,-24.37202,14.206043,143.86748,1.5117676,8.835767,145.9117,-20.796343,-0.9580458,112.10149,12.5079155,1.8378352,109.32771,-26.008177,20.914894,83.02777,10.471039,13.232539,74.261955,-28.833672
-13.730249,196.62508,18.127617,-11.165378,200.8944,19.275133,-16.958002,200.14722,16.11674,-2.4164906,205.74763,15.629755,-15.862653,204.6354,6.44052,7.474776,189.47504,17.21915,-1.5547146,199.24496,-14.897168,12.41408,162.67195,16.249207,2.165363,185.40819,-37.63986,-10.585247,160.09763,20.545988,-10.104749,169.75468,-24.317768,14.02277,145.49469,1.5638671,10.811167,147.68123,-21.028812,-2.4380155,114.376656,12.104544,3.923074,110.80415,-26.141895,19.978931,85.445755,8.991761,14.02534,74.934235,-28.238777
-14.07205,196.64407,18.027134,-11.616334,200.90018,19.42006,-17.241003,200.19482,15.97195,-2.8810163,206.082,16.362276,-15.764145,204.85338,6.441411,6.7329826,190.05577,17.951433,-0.2899827,200.64226,-14.135287,10.852446,163.19186,17.701271,3.1602793,189.22855,-38.10895,-12.543339,164.40364,19.418,-9.84196,174.26183,-25.013723,14.503825,146.86575,1.7601666,12.955235,149.00136,-20.88094,-3.5341985,116.47001,11.911645,5.8846855,111.971146,-26.3372,19.017202,87.63291,7.6017594,14.677372,75.84341,-28.090998
-14.341733,196.65123,18.051926,-12.122853,200.96866,19.63213,-17.431677,200.1061,15.745701,-3.177922,206.25664,17.106958,-15.467006,205.13702,6.536325,5.4313936,190.24059,18.750713,0.89395195,202.00244,-13.232742,8.587323,163.28297,18.765509,4.200539,193.11615,-38.193153,-14.355273,167.9934,17.664602,-9.136386,177.82463,-25.670376,15.323725,148.00476,2.2477317,15.227264,150.17969,-20.389797,-4.207255,118.242455,11.62059,7.5077257,113.21414,-26.487923,17.896883,89.44291,6.2213383,15.1713,76.83949,-28.369532
-14.655778,196.71391,18.14551,-12.688016,200.98506,20.123268,-17.65733,200.22186,15.795515,-3.6374438,206.51376,17.759977,-15.541282,205.49078,6.7906823,4.638177,190.41252,19.619894,1.7414317,203.0148,-12.348369,6.840468,163.28189,19.198818,5.992046,197.1232,-38.02482,-15.173391,171.03212,16.108603,-7.9584255,181.22092,-27.061708,15.832356,148.94171,2.769653,17.057837,151.23828,-19.994587,-5.014153,120.10387,11.648582,8.609573,114.36633,-26.535332,16.020123,90.79217,4.908608,15.593809,77.80006,-28.904297
-15.04155,196.58792,18.242476,-13.483099,200.96689,20.35605,-18.052572,199.92812,15.670542,-4.227568,206.48724,18.431318,-15.690642,205.451,6.9652157,4.0174155,190.39224,20.40122,2.0205271,203.77892,-11.526224,5.288015,163.32579,19.095003,8.052498,200.56795,-37.411964,-15.418206,172.94548,13.999272,-5.851014,183.27641,-28.59386,16.311787,149.85481,3.5940175,18.664347,152.24458,-19.280128,-5.4834204,121.41566,12.046461,9.2479,115.53443,-26.468773,13.435013,91.25388,4.0740585,16.210571,78.62046,-29.594685
-15.525193,196.6113,18.044687,-14.237179,200.91783,20.480753,-18.547285,199.97968,15.527736,-4.764812,206.52945,19.274817,-15.463811,205.8463,7.066626,3.4216948,190.31346,21.06575,2.1864536,204.15346,-10.6979885,3.8085396,163.1907,18.43668,10.091353,203.56758,-36.273476,-15.393326,174.62112,11.942159,-3.728039,184.94284,-30.319956,16.75562,150.25217,4.2510414,19.337894,152.79341,-18.575653,-5.725956,122.28714,12.553828,9.773272,116.01612,-26.24005,10.687144,90.93455,3.6812055,17.32363,79.143265,-30.218164
-15.8437395,196.32281,17.795387,-14.888742,200.56776,20.472336,-18.931143,199.66574,15.306158,-5.3667717,206.40097,19.849186,-15.79305,206.10553,7.3332176,2.5891342,190.10373,21.582218,2.1582916,204.235,-9.759551,2.370677,163.04944,17.664515,12.351377,205.78702,-34.67224,-15.42611,175.90111,9.873544,-0.94421285,186.10736,-32.338886,17.04158,150.51973,5.079315,19.943533,153.1318,-17.97407,-5.887986,122.648445,13.024929,10.212546,116.50482,-25.871473,7.6226106,89.97922,3.9531877,18.792007,79.73329,-31.31777
-16.448883,195.97614,18.02284,-15.596971,200.256,20.682701,-19.46777,199.27588,15.40031,-6.135068,206.15501,20.297678,-16.321625,205.8117,7.5934815,1.9603442,189.35205,22.023115,2.3307402,204.19685,-9.122607,1.5898482,162.32465,16.511871,14.501198,207.19136,-33.026634,-15.346265,175.868,7.6532354,2.4722097,186.59592,-34.470013,17.09769,150.57518,5.702549,20.517319,153.31717,-17.194387,-5.983125,122.65166,13.569978,10.77365,116.796715,-25.776823,3.8695264,88.61567,4.6589484,20.18718,80.37454,-32.526245
-17.438791,195.35413,18.230795,-16.325584,199.70184,20.675024,-20.346392,198.67323,15.511124,-6.9767456,205.32393,20.92276,-16.765362,205.2343,7.876305,1.3077433,188.56345,22.572128,2.6399822,203.67398,-8.449956,1.1070402,161.81197,15.508445,16.575186,207.52852,-31.293308,-15.087795,175.67139,5.310176,6.1902204,186.59485,-36.286552,17.013739,150.3452,6.2561555,20.83952,153.15764,-16.552288,-5.9342675,122.16239,14.148778,11.569547,116.83669,-25.935663,0.004572044,86.735634,5.4154186,21.627386,80.67205,-33.90934
-18.313444,194.67542,18.588491,-17.132261,199.1008,20.861137,-21.384672,197.89474,15.933379,-7.8946104,204.63792,21.415834,-17.079103,204.39502,8.063919,0.4843001,187.65428,23.16295,3.1904795,203.55501,-7.805591,0.75950366,161.28119,14.658075,18.523394,207.18672,-29.800287,-14.708852,174.53647,2.6266286,9.662031,186.5736,-38.137856,16.860544,149.69649,6.9445386,21.111704,152.66617,-15.8904,-5.7710047,121.094795,14.390555,12.33967,116.54096,-26.099749,-3.828252,85.17623,6.611635,23.180574,80.69621,-35.523262
-19.115873,193.82454,18.892992,-17.939425,198.31725,21.0193,-22.164272,196.94037,16.09742,-8.643126,203.76599,21.740265,-17.73025,203.43904,8.297741,-0.37558815,186.6947,23.738173,3.7260814,202.98013,-7.1118717,0.07054004,160.6899,14.037629,20.532146,206.5157,-28.160427,-14.434102,172.96777,-0.30902877,13.180423,186.51942,-39.56741,16.665648,148.412,7.5068994,21.21952,151.80019,-15.224165,-5.6720977,119.696434,14.587739,13.272807,115.77905,-26.44997,-7.3898807,83.56726,7.9671507,24.797447,80.54684,-37.06244
-19.73058,192.80524,19.108192,-18.645391,197.29341,21.296955,-22.675186,195.92834,16.210102,-9.314147,202.80763,22.106474,-17.873137,202.19672,8.321741,-1.1399647,184.89676,24.272537,4.4692283,201.85799,-6.1913195,-0.88404405,159.71367,13.3792,22.181408,204.91635,-26.413145,-14.350653,170.86005,-2.8423843,16.56887,186.3949,-40.77189,16.401972,146.8709,8.065965,21.057571,150.52379,-14.726309,-5.9339905,118.00292,14.68897,14.114708,114.83651,-26.997211,-10.71939,82.13605,9.2403555,26.472725,80.230644,-38.74823
-20.145334,191.54593,19.133167,-19.330252,196.04207,21.430527,-23.162498,194.594,16.224644,-9.923256,201.68355,22.342327,-18.058098,200.75594,8.300196,-1.841175,183.37827,24.648132,5.0635505,200.53415,-5.0527587,-2.0616033,158.7195,12.943785,23.541424,202.82994,-24.623423,-14.057037,168.34201,-5.2766156,20.24812,185.94518,-41.473614,16.048681,145.3663,8.507739,20.914198,149.24304,-14.220483,-6.6007524,116.43371,14.915429,14.958161,113.80397,-27.48228,-13.489395,80.81259,10.054991,27.895267,79.76202,-40.371765
-20.752636,190.04115,19.290434,-19.86604,194.53568,21.56064,-23.780094,193.11661,16.413286,-10.4816065,200.20602,22.178488,-18.826317,198.90657,8.158817,-2.6671593,181.612,24.928278,5.5042987,199.05873,-4.301888,-3.3509622,157.36914,12.592663,25.18223,200.30879,-22.782183,-13.880062,165.27531,-7.393222,24.287169,184.86327,-41.36206,15.769132,143.68506,8.901783,20.67738,147.64497,-13.870089,-7.3089623,114.99602,15.179397,15.77225,112.506096,-28.187557,-15.638649,79.5025,10.543448,29.360031,79.073975,-41.85024
-21.168736,188.16493,19.521418,-20.435038,192.75325,21.663515,-24.193066,191.06686,16.475779,-10.94256,198.394,22.272896,-19.362339,196.95888,8.295961,-2.8676028,179.85605,24.998482,5.698438,196.68889,-3.7635195,-4.9048476,155.89386,11.811804,26.49298,197.11752,-21.004347,-13.986054,161.98318,-9.3792715,28.070734,183.6767,-41.033802,15.605258,141.4584,9.276388,20.465523,145.28792,-13.535104,-8.431634,113.47125,15.617407,16.35533,110.8053,-28.83251,-17.17912,78.068695,10.685678,30.782732,77.95148,-43.070774
-21.460014,186.37497,19.39705,-20.832924,190.99777,21.516916,-24.569174,189.18803,16.35293,-11.3118515,196.56412,22.270094,-19.620174,195.3135,8.249102,-3.8965442,177.98105,24.601366,5.585734,194.73235,-3.931697,-6.0792933,153.7046,11.781525,27.93352,193.59137,-19.021818,-14.583746,157.70828,-10.406635,32.0883,182.53473,-39.85589,15.258724,139.46465,9.6230545,20.530123,143.51833,-13.33303,-9.670895,111.9239,16.005106,16.761314,109.11383,-29.253983,-17.877346,76.359764,9.951269,31.744247,76.662186,-43.945366
-22.015326,184.50304,19.188807,-21.264091,189.11626,21.276031,-24.749388,187.42297,15.899581,-11.749976,194.48834,22.50414,-19.33025,193.31567,8.10973,-5.126879,175.59537,24.43016,6.221512,192.634,-3.6353707,-7.715658,151.51807,11.363654,29.261908,189.68323,-17.283894,-15.448064,153.1807,-11.472151,35.760654,180.7045,-38.44831,14.782775,137.1222,9.597487,20.446287,141.06221,-13.132285,-10.669337,110.266335,16.232409,16.925833,107.2719,-29.697739,-17.997179,74.74295,9.042597,32.66718,75.23715,-43.97485
-22.790472,182.98186,18.448895,-21.765333,187.3775,20.855677,-25.120312,186.29807,15.225627,-12.2102995,192.41951,22.630114,-18.648567,191.49413,7.738503,-6.1272373,173.4284,24.415092,7.274486,190.23143,-2.7219734,-9.168773,149.62927,10.892293,30.140984,185.93082,-16.22195,-16.30369,148.86452,-12.067143,38.715466,178.19705,-37.08369,14.3742075,134.65836,9.368764,20.981987,138.70348,-13.110149,-11.711301,109.043564,16.855051,17.142582,105.51405,-29.989357,-18.255302,73.86746,8.315077,33.471577,73.91444,-43.550827
-23.00419,181.46179,17.818443,-21.9352,185.79337,20.311485,-25.065414,184.88089,14.52353,-12.3176985,190.67787,22.156532,-18.429504,189.79002,7.1401114,-7.2211747,171.30215,23.913803,8.6006565,187.8935,-1.7245868,-10.913214,147.32495,10.544621,31.087523,182.11823,-15.448841,-18.200478,143.84645,-12.040035,41.482998,174.95384,-35.78855,14.14527,132.90265,8.927917,21.57479,136.97795,-12.802819,-12.694295,108.62269,17.154861,17.480547,104.2145,-29.979633,-18.737076,73.618286,8.054527,34.146465,72.886986,-42.761364
-23.032696,180.08923,16.511627,-22.038704,184.14134,19.462591,-24.95426,183.82434,13.491235,-12.328355,189.09215,21.211567,-18.38391,188.77686,6.139913,-8.086111,170.08734,23.46456,9.490454,186.00386,-1.4255127,-12.391417,145.73627,11.311795,31.728748,178.478,-14.718268,-19.506115,139.37032,-10.767224,43.39943,171.25227,-34.370033,13.965538,131.77907,8.659075,22.235706,135.70695,-12.128318,-13.817215,108.70286,17.381163,17.67282,103.572914,-29.972076,-18.773485,73.46962,8.198748,34.819572,72.43277,-42.45084
-23.07329,179.29468,15.001532,-22.074276,183.11676,18.235622,-24.884214,183.24582,12.204528,-12.189472,187.78151,20.093237,-17.866758,187.94371,4.8348823,-8.646607,169.46764,22.999342,10.151078,185.09137,-1.7780297,-13.558973,144.60573,12.22137,32.242493,175.08443,-13.898956,-21.205324,134.73851,-8.154701,44.669735,167.29494,-32.85215,13.621565,131.51352,8.952948,22.99513,135.55524,-11.152836,-14.638195,109.00668,17.277222,18.025251,103.818634,-29.89484,-18.716972,73.52848,8.179887,35.14883,72.54343,-42.26906
-23.002645,178.99843,13.389924,-22.088083,182.74623,16.739113,-24.566711,183.04698,10.573649,-12.219804,187.35147,18.908838,-17.273928,187.60434,3.4311275,-9.089845,169.47758,22.8198,10.869008,184.3454,-1.9112393,-14.481976,144.16068,13.705342,32.46309,172.17255,-13.202414,-22.674723,130.81636,-4.4369783,44.89336,163.17863,-31.611418,13.221538,131.76678,9.520657,24.050625,135.71278,-9.898082,-15.183255,108.9279,16.676435,18.207712,104.56861,-29.918736,-18.663284,73.12489,7.551654,35.538925,72.86955,-42.337677
-22.818775,179.22713,11.712897,-21.968262,183.0053,15.03535,-24.464666,183.2224,8.869141,-12.421474,187.66971,17.829844,-16.569643,187.81606,2.1070194,-9.33221,170.28903,22.464987,11.691603,184.0495,-2.1264055,-14.887975,144.02948,15.572864,32.415077,169.5244,-12.238256,-23.746643,127.96453,0.08370299,44.08154,159.09,-30.40401,13.0880375,132.0524,10.304725,24.73083,135.94579,-9.166958,-15.473005,108.77407,15.613552,18.653475,105.3577,-29.727402,-18.638182,72.86866,6.5885644,35.66027,73.355095,-42.519615
-22.337095,179.60527,10.198255,-21.836468,183.47913,13.483029,-23.98876,183.48396,7.194443,-12.391106,188.3801,16.641874,-16.143211,188.44722,0.7969744,-9.607364,171.22916,22.395391,12.473595,184.19565,-2.5109453,-15.231239,144.39629,17.373667,31.958479,167.5209,-11.571579,-24.45759,126.13913,4.7672615,42.44676,155.19081,-29.259295,12.891375,132.45566,11.044061,25.538385,136.08185,-8.143493,-15.723146,108.66462,14.379337,19.199846,105.84485,-29.57522,-18.512003,72.6049,5.4400516,35.719547,73.97959,-42.653812
-21.870556,180.60551,8.747469,-21.518148,184.51865,11.998901,-23.48539,184.4216,5.6454577,-12.304749,189.67455,15.350237,-15.563919,189.46608,-0.5860538,-9.708744,172.63808,22.006783,13.252852,184.43143,-3.0158026,-15.407213,145.46957,19.639345,31.521856,165.96402,-11.29321,-24.751225,125.46421,9.824407,40.046936,151.31151,-28.370918,12.557894,132.80559,11.756287,25.956976,136.24976,-6.9845843,-15.828958,108.42147,13.003601,19.501377,106.73898,-29.28823,-18.059313,72.50655,3.9039204,35.66032,74.66987,-42.33761
-21.415974,182.01721,7.286545,-21.033453,185.99873,10.452214,-22.958435,185.7926,4.0978565,-11.951919,191.10652,14.007074,-14.777156,190.6373,-2.009928,-9.730106,174.43355,21.67787,14.020478,184.65817,-3.527924,-15.226196,147.14616,22.300423,30.92581,164.70541,-11.369403,-24.395603,125.85891,15.597143,36.603992,147.86179,-27.705275,12.1979685,133.24976,12.294197,26.03447,136.61852,-6.2864327,-15.91588,108.387146,11.421739,19.558722,107.77334,-29.133192,-17.316128,72.36658,2.440022,35.37941,75.534134,-41.542927
-20.895695,183.219,6.057123,-20.637997,187.3363,9.056236,-22.31471,186.83896,2.6434247,-11.474612,192.43465,12.642152,-13.784639,191.28413,-3.410311,-9.559554,176.22299,21.15361,14.684928,185.02477,-4.2794323,-14.901728,149.39198,25.39559,30.022255,163.69952,-11.667881,-23.378168,127.20634,21.451302,32.43417,145.26424,-27.20452,11.619693,133.52423,12.57115,26.134151,136.80797,-5.7913804,-15.88698,108.15084,9.924756,19.081358,108.57431,-29.266083,-16.555983,72.32924,0.6404475,35.41351,76.26599,-39.916187
-20.156895,184.39873,4.9465284,-19.915798,188.67891,7.7054253,-21.485672,187.82872,1.3061347,-10.745409,193.82632,11.243623,-12.91688,192.04408,-4.758244,-9.136578,178.04718,20.341558,15.427654,185.16435,-5.0075994,-14.178649,152.2829,28.54789,28.958864,162.72266,-12.39745,-21.779163,129.59021,27.531176,27.340115,143.18272,-26.54549,10.77404,134.0734,12.6231575,25.812452,137.18874,-5.67373,-15.944441,107.763405,8.246106,18.390165,109.24814,-29.560305,-15.910837,72.071205,-1.3232919,35.46703,76.85429,-37.22549
-19.481152,185.53438,3.8473773,-19.179972,189.9443,6.398594,-20.837215,188.8293,0.07620162,-9.934743,195.08449,9.687797,-12.150978,192.66704,-6.20917,-8.385304,179.55745,19.632757,16.027336,185.18372,-6.1676455,-13.103249,155.63815,32.005444,27.61021,161.65019,-13.664031,-19.317057,132.67776,33.97804,21.544537,141.56746,-25.94142,10.044643,134.43697,12.435583,25.28362,137.30435,-5.8704777,-16.030405,107.66216,6.534168,17.338816,109.48698,-29.837084,-15.156857,72.00693,-3.1686838,35.72777,77.57728,-33.73745
-18.834173,186.73318,2.6946716,-18.653976,191.20439,5.1500206,-20.124104,189.9124,-1.1887348,-9.046515,196.12787,8.327237,-11.279293,193.42522,-7.53911,-7.442796,181.10739,19.226345,15.877662,185.5126,-7.6238403,-11.243671,159.3856,35.7061,25.572422,161.02771,-15.020865,-16.429676,136.35179,39.26651,16.179077,140.85971,-24.856287,9.572445,135.01373,12.083096,24.509127,137.60027,-6.360302,-15.655511,107.52978,4.859344,16.12751,109.70893,-29.854603,-15.020379,72.37185,-5.515797,35.891853,78.65242,-29.353785
-18.216345,188.01456,1.7333384,-18.115509,192.50398,4.152322,-19.56601,191.1294,-2.178409,-8.215193,197.22252,7.3031073,-10.391994,194.24135,-8.571559,-6.68191,182.3856,18.780863,15.442166,185.83485,-9.310646,-9.103185,163.68898,38.539223,23.587185,160.81552,-16.4507,-12.633479,140.76416,43.328876,10.933603,141.36003,-23.730457,8.922029,135.56569,11.8239565,23.407454,138.21716,-6.8912077,-15.227652,107.438156,3.1668432,14.90699,109.77616,-29.356665,-14.777371,72.494446,-7.7774844,35.72922,79.65192,-24.561398
-17.702848,189.0648,1.0289648,-17.615845,193.5121,3.520365,-19.166365,192.2282,-2.8051813,-7.7743173,198.44063,6.394384,-10.135577,195.29936,-9.412913,-5.6925907,184.26819,18.155684,14.968209,186.39624,-10.905787,-6.2266283,168.78098,40.41753,21.102633,160.8345,-17.82635,-8.542624,145.98497,46.682125,5.864384,142.60625,-22.075583,8.352892,136.50374,10.979121,22.738104,139.06244,-7.5742483,-14.461881,107.288574,1.2278304,13.706832,109.911,-28.19397,-14.54554,72.57935,-10.028604,35.131165,80.84654,-19.583366
-17.473183,190.30069,0.5252548,-17.431425,194.78493,2.9689357,-19.2588,193.36565,-3.2488606,-7.28031,199.47041,5.6900773,-10.076111,196.66127,-10.092615,-4.3792057,186.23654,17.295677,14.213347,187.04616,-12.390796,-2.9266832,174.40573,41.547123,18.482056,161.1349,-19.025965,-4.4976144,151.9178,49.01635,1.2673988,144.53813,-20.532148,8.417057,137.51591,10.213741,22.274649,139.96542,-8.263926,-13.357099,107.37935,-0.42319614,12.391033,109.526405,-26.719786,-14.550883,72.63755,-12.187303,34.185772,82.09744,-14.372565
-17.5233,191.51553,-0.03915584,-17.182396,195.88237,2.5725222,-19.387798,194.78874,-3.591097,-7.0007615,200.49959,4.9676332,-10.398794,197.9276,-10.774331,-2.9389775,188.10588,16.739128,13.020885,188.05624,-13.859606,0.44957483,178.57594,41.72212,16.355736,161.92975,-19.931522,-0.3252892,156.72551,50.559265,-2.7180324,146.89359,-18.561352,8.829006,138.42607,9.572679,21.81123,140.62941,-9.104717,-12.065656,107.50847,-1.8686918,10.865054,109.00638,-24.766376,-14.617446,72.82205,-14.116602,32.826965,83.03798,-9.519896
-17.598398,192.71068,-0.2021315,-17.026546,197.11862,2.3006022,-19.502623,195.9809,-3.744171,-6.761618,201.52202,4.4422774,-10.701371,199.02132,-11.125287,-1.014326,190.04044,16.261185,11.293852,188.7115,-15.621785,4.1668177,182.67279,41.553,13.761928,162.4208,-21.01017,4.287612,161.57915,51.27726,-6.4531274,149.59978,-17.296276,9.335026,139.09729,9.042058,20.936354,141.05646,-10.126887,-10.675568,107.88172,-3.0530055,9.343689,108.3768,-22.460613,-14.5663395,73.13687,-15.29199,31.174639,83.72845,-4.944067
-17.589802,193.75562,-0.21457401,-16.901527,198.19113,2.2094126,-19.519962,196.99135,-3.7647347,-6.564853,202.50543,4.049442,-11.021623,200.05334,-11.422328,1.267399,191.69,15.4552765,8.779246,189.19397,-17.095884,7.9166393,187.21124,40.837116,10.8860445,162.85223,-22.336987,8.759961,166.58795,51.201298,-9.662886,152.13983,-15.971168,10.0983305,140.00414,8.525037,20.017168,141.54303,-10.964428,-9.350612,108.34025,-3.7734096,7.9893894,107.78928,-19.830933,-14.667579,73.8153,-16.026587,29.564665,83.98008,-0.8765526
-17.631994,194.85774,0.044421244,-16.778013,199.40195,2.1983824,-19.588427,197.93341,-3.631367,-6.336682,203.53738,3.6732774,-11.604684,200.92944,-11.540294,2.9806957,193.35132,14.642574,6.8973,189.38768,-18.640718,11.482901,190.67671,39.627155,8.529523,162.99713,-23.60637,12.976531,170.31425,50.16189,-12.206137,155.30841,-14.507592,10.452277,140.71078,8.105311,19.134867,141.8364,-11.86063,-8.534657,108.72221,-4.0897455,6.975404,107.18316,-16.9114,-14.724299,74.482834,-16.541162,27.975393,83.52353,2.8762698
-17.759764,196.01222,0.68684065,-15.730515,200.558,1.8324773,-19.75961,198.89545,-3.1406887,-6.0591307,204.62204,3.0378969,-12.771275,201.58414,-11.514523,4.4328794,194.3968,13.699453,5.1835794,189.80762,-20.071379,14.246378,193.03003,38.404385,6.235628,163.34435,-24.590086,17.62118,172.6214,48.479027,-14.344193,157.79211,-13.616476,10.349128,141.3894,7.7032847,18.133791,142.06958,-12.595888,-8.185295,109.104004,-4.2249823,6.2794013,106.84403,-13.673323,-14.2606,75.07877,-16.467903,26.388416,81.87139,6.0518856
-17.456295,196.88983,1.0858877,-15.385348,201.50299,1.8781635,-19.748007,199.58476,-2.7124865,-5.4773564,205.29723,2.3582032,-13.440836,202.08824,-11.575912,5.8992743,195.38197,12.298001,3.8456688,190.16862,-21.21745,17.484234,195.23592,36.26386,3.7147675,163.52487,-25.082775,21.251436,175.10066,46.796528,-16.351723,160.20494,-12.657842,10.192948,142.07605,7.312772,17.170288,142.14467,-12.910271,-8.60477,109.75584,-3.8959332,5.639964,106.5387,-10.46201,-13.713543,75.548164,-15.6092,24.979296,79.84531,8.130465
-17.25726,197.53514,1.5856104,-15.230449,202.19495,2.1911845,-19.679018,200.09369,-2.2285342,-5.1230106,205.82121,1.7296336,-14.043808,202.25475,-11.509207,6.796685,195.8815,10.909892,2.7795236,190.0427,-22.17303,21.242256,197.01805,33.317924,1.3939837,163.40884,-25.805878,24.257095,177.57281,45.184067,-17.862808,162.27744,-11.837008,9.9092245,142.72382,7.237345,16.323784,142.26111,-13.005035,-9.608914,110.60989,-3.0425763,5.24308,106.71994,-7.9251375,-12.831221,75.97534,-14.212474,23.690855,78.185684,9.5832205
-17.008347,198.17493,2.038535,-14.810868,202.77779,2.4251528,-19.575603,200.71162,-1.6884972,-4.7321587,206.1644,1.1571301,-14.634203,202.5097,-11.375028,7.167527,196.22116,9.684092,1.6678916,189.41916,-23.080717,24.470163,197.55705,30.051476,-0.96608603,162.90927,-26.405678,26.591461,178.59142,43.363964,-18.803337,164.22522,-10.631486,9.720454,143.0157,7.2251353,15.829987,141.93005,-13.015726,-11.137732,111.68672,-1.9853476,4.8830795,106.572945,-6.0926604,-11.515989,76.56245,-12.30143,22.853762,77.214935,10.631085
-16.80825,198.53079,2.6560726,-14.258837,202.9642,2.7171857,-19.48006,201.1516,-0.93150204,-4.4216127,206.18472,0.7932033,-15.213067,202.48628,-10.993249,7.760445,196.25749,8.5204525,0.30000904,188.51974,-23.557644,27.761627,197.69122,26.454435,-3.4850943,161.80797,-26.753967,28.81268,179.22823,40.870728,-19.848656,165.33968,-9.902236,9.40871,143.05385,7.2789583,15.122796,141.45686,-12.877905,-12.840515,112.39466,-0.7022838,4.4366784,106.310905,-4.828794,-9.518308,77.16465,-9.7613325,22.271458,76.63152,11.017878
-16.184935,199.00768,3.3911383,-13.541892,203.35515,2.840834,-19.176018,201.4365,-0.074319534,-3.736494,206.05844,0.14974914,-15.695628,202.48225,-10.48996,8.438428,196.29102,7.536691,-1.5520273,187.58821,-23.905489,30.265282,196.8673,23.344057,-6.0753903,160.90633,-26.83407,30.7934,178.72366,38.150646,-21.181475,166.2545,-9.471505,8.88467,143.08557,7.3817706,14.291824,140.93748,-12.893298,-14.290417,113.08402,1.0613631,4.1734433,105.86171,-4.1139493,-7.527675,78.01784,-6.6152716,22.114906,75.78081,10.541611
-15.531853,199.52617,4.1384907,-12.75886,203.66193,2.9692347,-18.726782,201.82521,0.7533856,-3.1942186,206.10358,-0.40576652,-16.120075,202.21126,-9.806289,8.831932,196.16942,6.499483,-3.2592852,186.79192,-24.160988,31.972786,195.22641,20.326963,-8.129127,160.1735,-26.84649,32.468,177.36887,35.389534,-22.114973,167.29124,-8.772205,8.623431,143.15395,7.238393,13.29876,140.65692,-12.9399605,-15.360816,113.54202,2.9749033,3.6849465,105.432816,-3.893144,-5.623327,78.94122,-2.9330468,21.93946,74.95306,9.467503
-15.038138,199.8697,4.717357,-12.167725,203.8746,3.349801,-18.30981,202.25504,1.4713821,-2.940997,206.30077,-0.6218696,-16.581375,202.71297,-9.118607,9.328195,196.1397,5.575507,-5.041751,186.527,-23.90726,33.487415,193.19579,17.134783,-9.973759,159.7743,-26.590683,33.649937,175.59476,32.39388,-22.685194,167.67705,-8.060774,8.759864,143.10129,7.0361366,12.230723,140.59341,-13.31438,-15.93273,114.00326,5.308528,3.1889431,105.23859,-4.182385,-3.498385,79.82893,1.07079,21.524786,74.505035,7.737793
-14.679757,200.1813,5.1776876,-11.805792,204.1647,3.747508,-18.041039,202.65736,2.0878913,-2.8380442,206.66234,-0.59442675,-16.896542,203.37917,-8.478106,9.570459,195.75632,5.2093344,-6.1819925,186.27534,-23.887695,34.73187,190.76877,14.047013,-10.965031,159.55432,-26.387314,34.17333,173.32335,29.403,-23.103249,167.12833,-7.2943025,9.039264,143.03871,6.9052057,11.033688,140.58766,-13.65058,-15.825108,114.15597,7.994533,2.5189388,105.25238,-4.803713,-1.6059192,80.40514,4.8595943,20.874924,74.21448,5.664368
-14.297361,200.76317,5.7410684,-11.393006,204.75107,4.3830953,-17.723928,203.46211,2.924406,-2.6752326,207.05057,-0.5404828,-17.204128,204.06339,-7.7727976,10.043509,195.53543,4.773475,-7.8203535,186.73239,-23.346134,35.893845,188.64449,10.22857,-11.560812,159.7805,-26.318018,34.408005,170.88533,25.665634,-23.279205,166.22485,-6.675622,9.45366,143.45036,7.0024467,9.286625,141.02452,-13.823629,-14.875131,114.159584,11.21332,1.6445388,105.12792,-5.5856676,0.152376,80.6476,8.417488,19.9466,73.81129,3.7128477
-14.130621,201.56902,6.377879,-11.1823015,205.53346,5.0612845,-17.51131,204.29636,3.5360253,-2.6644163,207.87335,-0.3895193,-17.398075,204.78737,-7.060626,10.576103,195.3217,4.3727217,-9.031602,187.21739,-23.041973,36.073578,186.03117,7.315445,-11.670688,160.08662,-26.231052,34.655075,167.68924,21.81657,-22.830048,164.95131,-5.6577735,10.584615,143.76064,6.7810464,6.81508,141.47917,-13.891838,-13.364705,114.17221,13.884127,0.46552137,105.24085,-6.4634175,2.0021024,80.632935,11.95245,18.611692,73.90366,1.6386513
-13.714106,202.56462,7.000651,-10.770757,206.53796,5.6941123,-17.15294,205.39534,4.3317113,-2.4733732,208.8391,-0.090914026,-17.39481,205.68677,-6.3709297,11.099322,195.46875,3.8756976,-10.209944,187.97269,-22.764671,35.394363,183.08586,4.567189,-11.560292,160.8411,-25.930695,33.900604,164.63393,18.74749,-22.259953,163.11705,-4.776243,11.445074,143.94087,6.403981,4.5993905,141.72035,-14.234806,-11.409518,114.34006,16.30456,-0.6110041,105.33831,-7.3877444,3.2754307,80.51614,14.913763,17.842512,73.89165,-0.2831522
-13.272474,203.67265,7.827855,-10.284575,207.58511,6.4353113,-16.664206,206.44267,5.0443974,-2.1094885,209.50612,0.29818603,-17.258932,206.48784,-5.537474,11.392004,195.5914,3.4714742,-11.179083,188.99324,-22.296993,34.024487,180.27937,2.1456523,-11.574541,161.84578,-25.707773,32.54025,161.52159,16.03104,-21.904284,161.22646,-4.2468367,12.1578045,144.16649,5.728822,2.9980605,142.17365,-14.668584,-8.725306,114.096214,18.277908,-1.5623118,105.506424,-8.218345,4.3561215,79.554504,17.516298,17.066473,73.940834,-2.1009414
-12.680929,204.81451,8.551074,-9.85637,208.96603,7.5469904,-16.102713,207.54282,5.7714767,-1.5937781,210.35318,0.69103616,-16.925983,207.59877,-4.7490606,11.914695,195.7267,2.9132462,-12.080049,190.30296,-21.743784,32.34742,177.94571,-0.060698565,-11.926832,163.38066,-25.42788,30.434992,158.98468,13.391192,-21.59432,159.09366,-4.0196753,12.150569,144.11522,4.881375,1.5229992,142.47292,-15.118438,-5.6423745,113.338005,19.948908,-2.342129,105.82322,-8.935717,6.113289,78.63126,20.276136,16.261513,74.06804,-3.9161828
-11.998376,205.77328,9.150094,-9.052151,209.87117,8.29711,-15.318298,208.69566,6.4416533,-0.89201015,210.84996,1.0000204,-16.410816,208.55586,-4.0650787,12.645938,195.75604,2.272497,-12.830933,191.49605,-20.88358,30.495108,175.68192,-1.7453091,-12.533133,164.78694,-24.777018,27.430353,156.09882,10.906268,-21.571152,156.88019,-4.0744066,11.982311,144.06453,3.991993,0.21468014,142.75768,-15.279239,-2.7220604,112.730064,21.027136,-2.9944298,106.12316,-9.310051,7.993555,77.852745,22.792759,15.561414,74.198235,-5.7448483
-11.106372,206.5513,9.643433,-8.205793,210.69116,8.814412,-14.475372,209.46442,6.9916945,-0.25180644,211.6572,1.2142861,-15.9372635,209.5157,-3.410073,13.797613,195.93121,1.2534554,-13.553333,192.56174,-20.130526,28.658802,173.62271,-2.9462783,-13.267198,165.82536,-24.077261,24.728758,154.0159,9.293846,-21.152285,154.57089,-4.4275045,11.427012,143.93398,3.3312743,-1.4082168,142.9733,-15.040423,0.24084628,111.81938,21.636051,-4.0932426,106.20017,-9.615419,9.702674,76.99592,25.076778,14.895175,74.384384,-7.6077456
-10.215473,207.37265,10.262606,-7.162029,211.3507,9.232386,-13.46605,210.27386,7.440659,0.5601933,212.13405,1.5514737,-15.252829,210.20474,-2.7187722,14.516184,195.90788,0.46059984,-14.2070875,193.39108,-19.40618,26.93233,172.22089,-4.074164,-14.063277,166.60287,-23.208918,21.815071,152.55103,7.8667665,-20.646467,152.24979,-4.95747,10.79953,143.6934,2.36601,-2.9040732,143.0631,-14.778004,3.3266275,111.38467,21.86746,-5.0142217,106.3043,-9.612378,10.990476,76.50134,27.145325,13.991096,74.57425,-9.437401
-9.219729,208.15968,10.985689,-6.1480284,211.99846,9.582196,-12.486486,210.8494,7.971414,1.3450586,212.55312,1.8375522,-14.605133,210.9757,-1.9499911,14.99449,195.75932,-0.22782232,-15.080998,193.89809,-18.573969,25.438408,171.11055,-4.869464,-15.348039,167.06227,-22.47187,19.040388,151.54652,6.9279017,-19.919605,150.74634,-5.3990107,10.689735,143.68796,1.3056594,-4.5544686,143.18051,-14.365095,5.8666177,111.13787,21.431479,-5.468409,106.3174,-9.519875,12.168255,76.162834,28.367315,13.287946,74.57205,-11.03211
-8.308582,208.64418,11.403721,-5.229497,212.41718,9.837098,-11.62967,211.31963,8.443765,1.9757797,212.85724,1.8886849,-14.074138,211.38577,-1.4051679,15.461793,195.50423,-0.97890985,-16.009586,194.06764,-17.677212,24.34646,170.20749,-5.313162,-16.920948,167.22705,-21.990223,17.024424,151.18373,6.979027,-19.5429,149.66011,-5.9167266,10.977695,143.51129,0.27061215,-6.216041,143.24393,-13.5548,7.9154444,110.99377,21.094116,-5.666299,106.32455,-9.25318,13.324774,75.92372,28.79048,12.571289,74.393906,-12.618123
-7.4779754,208.9124,11.606456,-4.3950667,212.69844,10.075258,-10.811766,211.67036,8.732768,2.598649,212.93202,1.8008785,-13.590654,211.60652,-1.0528138,15.735111,195.34196,-1.5958775,-16.992453,194.05832,-16.519571,23.618397,169.68974,-5.674112,-18.798666,167.49588,-21.419228,15.950287,151.54924,7.659252,-19.126978,149.03856,-6.2890797,10.776217,143.14839,-0.181981,-7.6767287,142.92145,-12.734557,9.577923,110.57025,20.576218,-5.85177,105.954865,-8.9387665,14.621042,75.59575,28.284061,11.844431,73.98765,-14.328906
-6.558995,208.93547,11.867891,-3.5480618,212.74127,10.231237,-9.994718,211.6693,9.095789,3.2172756,213.0746,1.7966415,-13.064947,211.82393,-0.5229269,16.001406,195.08806,-2.335705,-17.87668,194.01996,-15.2050905,23.457062,169.21791,-5.984106,-20.970228,167.75052,-21.122984,15.449182,152.22781,8.419373,-19.11945,149.0869,-6.568449,10.477872,142.8633,-0.43931475,-8.882464,142.70917,-12.001614,10.814501,110.124916,20.072788,-6.3050666,105.757996,-8.504273,15.900753,74.98451,27.249111,11.002562,73.93224,-16.048368
-5.889975,209.0442,12.203067,-2.8356454,212.73253,10.408837,-9.344515,211.81076,9.491173,3.7554133,212.71126,1.7951959,-12.609905,211.67952,-0.15379857,16.08454,194.75414,-3.124504,-18.552765,193.93942,-14.021916,24.363558,169.10687,-6.222398,-23.203533,168.15843,-20.900082,15.838364,153.26163,9.246189,-19.753914,149.89514,-6.0625267,10.202555,142.66426,-0.4609742,-10.025581,142.45866,-11.346894,11.887102,109.71535,19.367851,-7.102474,105.570755,-8.105055,16.841433,74.289604,25.644333,10.345342,74.44501,-17.758497
-5.267884,208.9798,12.442245,-2.1090486,212.53902,10.577415,-8.682492,211.93057,9.875791,4.2122955,212.29272,1.7686977,-12.138312,211.62103,0.15792018,15.871975,194.68536,-3.6071446,-19.025932,193.85403,-12.7167,25.929935,169.70464,-6.554873,-25.476858,168.97441,-20.81306,16.685534,155.37395,9.690548,-20.46825,151.33687,-5.712169,9.721427,142.48787,-0.40401947,-10.998956,142.36789,-10.606028,12.615466,109.24132,18.392847,-8.065356,105.58656,-7.6607842,17.83039,73.94897,24.46113,9.366066,74.90806,-19.291817
-4.468452,208.91399,12.5533905,-1.3264343,212.43289,10.573404,-7.9000044,211.79144,9.935304,4.6982536,211.93811,1.5308672,-11.702533,211.14784,0.36560962,15.571305,194.39175,-3.951817,-19.094114,193.85782,-11.683256,28.08665,170.56725,-6.738519,-27.683565,169.86346,-20.548346,17.777113,157.87134,10.128954,-21.583347,153.08325,-5.0061817,9.497165,142.49478,-0.46580884,-11.71509,142.3827,-10.021039,13.237857,108.66499,17.55249,-9.691616,105.46656,-7.234969,18.356218,73.66399,23.889095,7.940595,75.83913,-20.879179
-3.8098664,208.80171,12.526011,-0.6323937,212.22476,10.437339,-7.22396,211.69374,9.897811,5.044978,211.72528,1.2659175,-11.374529,211.08305,0.5366861,15.650282,194.40033,-3.9597015,-19.228987,193.91165,-11.096376,30.39348,171.70453,-6.6600966,-30.079945,170.92155,-20.077417,19.288656,160.31941,10.405373,-23.020018,155.12341,-4.079454,9.514123,142.3488,-0.43579865,-12.095763,142.21909,-9.648993,13.988447,107.965775,16.601507,-11.51556,105.17965,-6.362497,18.716463,72.976425,23.183605,6.384588,77.17847,-22.533918
-3.2404487,208.67079,12.294741,-0.0002733814,212.07549,10.289711,-6.6233034,211.79573,9.910292,5.4488664,211.43027,0.89828426,-11.034922,210.92004,0.4763712,16.138393,194.31638,-3.9867442,-19.267303,194.2486,-10.828589,32.97687,172.91396,-6.197177,-32.10184,172.43289,-19.864216,20.71685,163.49438,11.275919,-25.015406,157.39706,-3.2736752,9.7563095,142.14265,-0.57586783,-12.140541,141.99953,-8.940558,14.9634075,107.44037,15.632345,-13.704418,104.96488,-5.0288806,18.930492,72.62114,22.085548,4.1972666,78.885254,-24.167501
-2.6441426,208.69316,12.217188,0.5169153,212.1078,10.097796,-6.1055555,211.70728,9.80462,5.8707995,211.49301,0.74335676,-10.625663,210.82523,0.48023823,16.57167,194.59778,-4.2652535,-19.174147,194.56203,-10.724202,35.09241,174.83154,-6.3244905,-33.665077,173.73427,-19.388893,22.785908,167.47696,12.09452,-27.489202,159.35901,-1.9162712,10.146122,142.09451,-0.76526195,-12.015617,141.86093,-8.508484,15.551125,107.36259,14.988532,-15.520998,105.03127,-3.8487973,19.020466,72.42798,21.00291,1.6849883,80.75286,-25.687506
-2.28499,209.14008,12.103734,0.9394854,212.34996,9.766819,-5.6966076,212.13686,9.605046,6.3305573,211.43172,0.51321524,-10.149456,210.94936,0.24448568,17.155087,194.96361,-4.664452,-19.032825,194.8225,-10.584517,37.087246,176.81949,-6.176428,-35.145306,175.11223,-18.804499,25.352238,171.66115,13.380306,-30.44716,161.6906,-0.27431267,10.468105,142.17603,-1.1569985,-11.822972,141.96234,-8.348728,16.122488,107.67293,14.423571,-17.02197,105.66691,-2.794472,19.21176,72.48669,19.778286,-1.0656757,82.866,-27.011055
-1.9721586,209.4675,11.909318,1.2846621,212.6291,9.5492325,-5.3507137,212.51881,9.414103,6.6383724,211.80717,0.31595293,-9.824438,211.34077,0.04950662,17.824335,195.37175,-4.8483777,-18.74309,195.26605,-10.247951,39.256107,178.58925,-5.37705,-36.539387,177.00491,-18.953394,27.68614,174.43774,14.60553,-33.649963,163.77898,0.33838585,10.95673,142.2281,-1.2236885,-11.54259,142.1716,-8.070947,16.737211,107.63392,14.071453,-18.266682,106.353195,-1.9972774,19.536411,72.49342,18.323063,-4.030946,84.01578,-27.857859
-1.4654955,209.81447,11.710086,1.7551376,213.04846,9.391044,-4.8800864,212.83734,9.237593,7.1093307,212.28195,0.12666933,-9.400815,211.78824,-0.073100336,18.489386,196.16484,-5.058796,-18.677616,195.79037,-10.307929,40.8313,180.63647,-4.9085054,-37.764713,178.46208,-18.348234,29.854574,176.88075,15.6460085,-36.891483,165.42148,1.227682,11.435903,142.4282,-1.4750156,-10.929064,142.36378,-8.171399,16.889034,107.85001,13.500721,-19.255667,107.23723,-1.3736815,20.033985,72.45584,16.714357,-7.1337037,84.42592,-27.8375
-1.1362938,210.38696,11.534922,1.9891626,213.66055,9.151474,-4.6440454,213.35751,9.132276,7.48123,212.85013,-0.0570274,-9.04106,212.36464,-0.22289446,19.089508,197.12608,-5.465507,-18.655495,196.33073,-10.57401,41.783653,182.69539,-5.100118,-38.840664,179.74646,-17.561808,34.08162,179.19455,16.83152,-40.476555,167.01521,2.220681,12.125515,143.14496,-1.7879784,-10.604587,143.16324,-8.03578,16.718704,108.45029,12.767422,-20.005308,108.230545,-1.0028487,20.512808,72.67608,15.402255,-10.378195,84.14146,-27.232574
-1.1381403,210.8878,11.2347975,2.0718246,214.138,8.932982,-4.5631595,213.97998,8.856225,7.5488586,213.5963,-0.2572674,-8.972394,212.98209,-0.54203045,19.473053,197.93521,-5.613243,-18.499819,197.12779,-11.253226,42.80594,184.31361,-4.867654,-39.686996,180.85228,-16.199993,39.37891,181.49896,17.93775,-44.307487,168.57013,3.2939472,12.680962,143.68819,-2.1663752,-10.178371,143.73546,-8.239282,16.897276,108.80119,11.638136,-20.732937,109.073685,-0.80267906,20.672726,72.90061,14.081522,-13.450241,83.37756,-26.03361
-0.8455183,211.35524,10.891205,2.2927468,214.62984,8.52734,-4.3435163,214.41763,8.596093,7.720994,214.18983,-0.6502783,-8.749267,213.57343,-0.85432833,19.484951,198.92078,-5.7257476,-18.225191,197.66629,-11.833852,42.94274,185.69675,-4.2948856,-40.26601,182.19978,-14.984613,44.576572,183.48605,18.780619,-47.878468,170.13733,4.065694,13.0566435,144.26276,-2.3281362,-9.863102,144.3025,-8.6212845,16.94403,108.926,10.402832,-21.254091,109.95431,-0.91910416,21.096376,72.948555,12.974435,-16.689892,81.766655,-24.025986
-0.42565238,211.75146,10.421535,2.6313224,215.18549,8.195141,-4.0030093,214.9278,8.414284,7.8916173,214.76921,-1.1868829,-8.642,214.21512,-1.0387974,19.311312,199.5219,-5.5561786,-18.021866,198.06993,-12.055059,42.880047,186.85075,-2.9823189,-40.363667,182.83965,-13.845826,48.86317,185.13896,19.427164,-51.28121,171.53857,3.8901122,13.596016,144.55927,-2.5118952,-9.530342,144.75545,-8.778213,17.305996,108.86929,9.023246,-21.553205,110.576584,-1.2087007,21.304424,72.993126,11.667633,-19.96295,80.15827,-21.875242
-0.18461426,212.26537,10.191858,2.869398,215.58804,7.775431,-3.7630959,215.40115,8.1346035,8.070481,214.972,-1.5828222,-8.383048,214.33803,-1.4219986,19.008856,200.08351,-5.4425535,-17.63948,198.13724,-12.315965,42.271484,188.03639,-1.3996207,-40.235283,183.13188,-12.586101,53.051907,186.2699,19.354881,-54.57899,172.93329,3.5166254,14.06958,144.89906,-2.8900268,-9.083401,145.00035,-8.992068,17.438957,108.94789,7.744556,-21.641352,110.89033,-1.4851898,21.81294,73.120285,10.621438,-23.084335,78.79709,-19.22305
0.08993804,212.49767,9.899944,3.081929,215.89197,7.503327,-3.5499818,215.52617,7.78611,8.191328,215.33142,-1.9346639,-8.289855,214.41312,-1.5619199,18.938536,200.3337,-5.3234143,-17.420902,198.23772,-12.7309065,42.24658,189.14803,0.4065839,-40.252365,183.33154,-11.959065,56.613247,187.59843,19.09924,-57.163998,174.63991,2.776711,14.214629,145.09161,-3.2748086,-8.932809,145.07454,-9.042797,17.590473,109.09516,6.8188996,-21.629732,110.91431,-1.7447777,22.105059,73.13311,9.480172,-25.832073,77.560425,-16.198633
0.3654328,212.70572,9.544612,3.301345,216.04796,7.031766,-3.3226247,215.72624,7.5075564,8.341011,215.35933,-2.3576798,-8.153636,214.61131,-1.8345245,19.124971,200.4134,-5.2015624,-17.170988,197.87164,-13.021395,42.3683,189.88072,1.9419057,-40.426468,183.49011,-11.131693,58.913578,188.0291,18.840986,-59.199253,176.32585,2.377602,14.657922,145.04393,-3.682447,-8.905924,145.05754,-9.238611,17.7748,108.87949,6.1859717,-21.633894,110.73628,-2.0211642,22.47509,72.982475,8.274894,-28.509665,76.62869,-13.216217
0.42971307,212.54407,9.152605,3.3537505,215.9532,6.704866,-3.2590053,215.59831,7.165897,8.22119,215.06488,-2.8736308,-8.234505,214.50546,-2.101869,19.343973,200.02136,-5.027563,-16.918274,197.26868,-13.319309,42.803093,190.38219,3.1397295,-40.592506,183.7251,-9.963705,60.94558,188.17027,18.403627,-60.677433,177.66077,2.1413488,14.904114,145.02962,-4.1000824,-8.757845,144.94064,-9.348031,17.938093,109.01894,5.715592,-21.752764,110.53555,-2.5804768,22.90367,72.945404,7.270444,-30.650846,75.84228,-10.379441
0.2896037,212.22256,8.769847,3.373051,215.47679,6.3019905,-3.2625046,215.31413,6.6009183,8.196866,214.62741,-3.2671573,-8.282075,214.17024,-2.6042953,19.561935,199.62212,-4.7906814,-16.624279,196.78154,-13.38916,42.81509,190.64919,4.505266,-40.407677,184.4906,-8.272244,62.275124,188.48296,17.9916,-61.441082,178.71002,2.209595,14.945841,144.66985,-4.545516,-8.737722,144.40994,-9.836448,18.309826,108.75918,5.3153334,-21.746664,110.13221,-3.1418843,23.307117,72.96785,6.042437,-32.572453,75.39232,-7.8896003
0.1402187,211.58075,8.184926,3.065172,215.01917,5.7645893,-3.541903,214.60701,6.1366324,8.077334,214.14969,-3.7847214,-8.381867,213.26279,-3.2216313,19.901825,198.83861,-4.7460823,-16.580786,196.1884,-13.58636,42.894104,190.54887,6.147158,-40.660954,184.39201,-7.292756,63.28938,188.55261,17.999262,-62.188946,179.43822,2.7642188,14.860611,144.22252,-4.919449,-8.620509,143.94073,-10.12413,18.73509,108.531456,4.954759,-21.456478,109.52379,-3.3313766,24.128265,72.82556,5.0594683,-33.660557,74.940285,-6.0045075
0.25462186,210.89494,7.7008553,3.1101422,214.39497,5.306615,-3.5035295,213.81126,5.6467805,7.960491,213.37854,-4.3412952,-8.529398,212.55424,-3.5219283,19.832014,198.00291,-4.6454887,-16.757698,195.44394,-13.579155,43.043034,190.03697,6.6885333,-40.85699,184.37212,-6.339244,63.703445,188.43556,18.179932,-62.699047,180.07565,3.5415778,14.888153,143.67805,-5.360928,-8.774646,143.24738,-10.375046,19.126495,108.26715,4.8484235,-21.379776,109.03438,-3.0141077,24.493093,72.739174,4.2168136,-33.91041,74.51834,-4.952338
-0.0750162,210.25279,7.596667,2.8139505,213.71634,5.172169,-3.787825,213.16234,5.4396696,7.830563,212.82407,-4.343277,-8.656604,211.83562,-3.7674048,19.995907,197.05211,-4.8293433,-16.835562,194.77269,-13.366532,43.471897,189.43907,6.0220413,-40.867207,184.08994,-5.4148984,63.38429,188.46721,18.615578,-62.816185,180.71771,4.3086634,14.779128,143.06595,-5.790456,-8.90436,142.45543,-10.42477,19.566914,107.849144,5.205114,-21.393381,108.08235,-2.4977908,25.079311,72.48612,3.4154587,-33.58582,73.4984,-5.3408866
-0.4769371,209.67818,7.5615554,2.4912763,213.14622,5.238652,-4.1249976,212.60655,5.3220315,7.674378,212.06848,-4.2956123,-8.815242,211.23364,-3.992979,19.817423,195.97537,-5.2039857,-16.704529,194.24142,-13.478845,43.56834,188.56749,4.976748,-40.526558,183.97923,-4.489497,62.415234,188.30779,19.104597,-62.19288,181.45459,6.0597343,14.951173,142.34048,-5.9688907,-9.031411,141.7009,-10.474693,20.074408,107.64921,5.686952,-21.540623,107.40453,-2.2858846,25.427317,72.394684,2.67266,-33.00637,72.90197,-6.4325433
-0.21737213,209.18204,7.514204,2.7329118,212.67972,5.2272716,-3.87591,212.10062,5.2699037,7.866688,211.32211,-4.425773,-8.645298,210.76868,-3.9475782,19.548853,195.30937,-5.863456,-16.594328,193.65321,-13.242416,43.210663,187.74529,4.3034916,-40.196365,183.89146,-3.6318095,60.697067,187.9556,20.043589,-61.599594,181.98611,7.51797,14.704255,141.75217,-6.18542,-9.314971,141.0558,-10.694139,20.563658,107.58162,6.3640223,-21.865515,107.11583,-2.562781,25.793377,72.51376,1.8463576,-32.808117,72.67783,-7.533438
-0.11921186,208.93816,7.6435833,2.8688164,212.43124,5.379345,-3.746772,212.0021,5.5535135,7.963067,211.27654,-4.2754264,-8.543246,210.613,-3.8419073,19.479216,194.99113,-6.6118097,-16.817303,193.67628,-13.213778,42.90494,186.88342,3.4507985,-39.99428,183.57063,-3.215793,59.050488,187.21735,20.515993,-60.463768,182.98143,9.44999,14.4952345,141.45322,-6.5790477,-9.525183,141.0376,-10.92789,21.048822,107.56062,6.693736,-22.12699,106.98844,-3.1656547,26.308886,72.615776,1.4782852,-32.78271,72.49308,-8.33394
0.009873223,208.99683,7.7519765,2.9858747,212.34695,5.298357,-3.628645,212.1252,5.777585,8.053252,211.09885,-4.2758055,-8.455558,210.86955,-3.6271546,19.368126,195.05084,-6.8938155,-17.319563,193.90253,-13.322364,42.845753,186.15002,1.9610374,-40.04246,183.11838,-3.7916334,56.47067,186.57713,21.151686,-58.160633,183.88208,11.594261,14.258557,141.39732,-6.652524,-9.842993,141.15143,-11.093052,21.52964,107.92791,7.335434,-22.353868,107.11533,-3.5409825,26.845459,72.87893,1.242249,-32.563477,72.56331,-8.915254
0.26240408,209.10526,8.014359,3.1633976,212.50774,5.5313697,-3.4448528,212.1591,6.0404134,8.0601015,211.32146,-4.1481457,-8.420328,210.98245,-3.1941237,19.265232,195.38393,-7.028623,-17.577576,194.2502,-13.20799,43.069195,185.76155,0.060648147,-40.43416,182.95883,-4.8476644,52.725143,185.44461,21.481958,-54.9299,184.8543,13.640612,14.168666,141.6708,-6.851572,-10.016101,141.42844,-11.424781,21.841682,108.492455,7.8671064,-22.359383,107.41295,-3.8313634,27.111832,73.33551,1.1156958,-32.48536,72.71077,-9.2179
0.35117355,209.33302,8.266043,3.2026374,212.73824,5.72844,-3.3854187,212.46892,6.4921412,7.9027543,211.77759,-3.945353,-8.567611,211.3797,-2.7171824,19.052711,196.0662,-7.3336697,-17.799604,194.81535,-12.852567,43.10086,185.63525,-1.800828,-40.534943,182.88487,-5.595074,48.10012,183.85316,21.15799,-49.739643,185.46341,15.720646,13.930604,142.1511,-7.1239953,-10.349042,141.70251,-11.566931,22.307682,109.26474,7.9351683,-22.448797,107.52413,-4.0078177,27.33517,74.07774,1.2196144,-32.458652,72.73007,-9.576624
0.2802827,209.5909,8.580907,3.186786,212.93874,6.0292635,-3.4095597,212.75352,6.755539,7.7951326,212.05997,-3.67432,-8.653115,211.721,-2.409181,18.780266,196.84798,-7.7391176,-18.08447,195.45642,-12.310577,42.542473,185.06926,-3.1276164,-40.80296,183.14603,-5.7212768,43.430874,181.80437,20.06211,-43.872032,186.04102,17.220842,13.796969,142.72249,-7.409661,-10.771692,142.31288,-11.532166,22.699238,110.2164,8.094159,-22.353294,107.87363,-4.2349315,27.646946,74.97152,1.1995322,-32.21184,72.84845,-9.783507
0.116518416,209.95728,8.754851,3.0808682,213.34451,6.3310795,-3.5292923,213.1681,6.9317713,7.7223983,212.57721,-3.4137063,-8.768537,212.19223,-2.2267683,18.525517,197.73366,-8.238827,-18.521364,196.2481,-11.141114,41.573467,184.57574,-4.1086054,-40.87701,183.04192,-4.913623,38.51171,179.45226,18.474663,-38.002,186.3889,17.98597,13.606416,143.38461,-7.7932363,-11.000448,142.80025,-11.332779,23.233316,111.093285,8.040467,-22.182222,108.0492,-4.653898,28.324205,75.79257,1.3264872,-31.81355,73.00031,-10.022731
-0.19455598,210.23265,8.947294,2.759074,213.68823,6.6078,-3.8481789,213.48807,7.224872,7.5374703,213.01212,-3.0733695,-8.911826,212.76279,-2.1230059,18.303701,198.5735,-8.342498,-18.522495,196.96838,-10.733183,40.123165,183.23442,-4.661153,-40.266598,183.22795,-3.7033293,33.32952,177.20108,16.904518,-31.504099,186.42664,17.747221,13.449903,143.90646,-7.8286877,-11.052485,143.28862,-11.105434,23.543234,111.74879,7.921775,-21.951468,108.35166,-4.9628663,28.908787,76.45059,1.5750235,-31.703146,73.26648,-10.3949795
-0.42147446,210.53746,9.219705,2.5064576,213.97308,6.8164783,-4.070686,213.89444,7.7013216,7.2971997,213.39903,-2.8258643,-9.13844,213.0543,-1.9159954,18.028667,199.03185,-8.457026,-18.398678,197.52975,-10.3800745,38.285717,181.64629,-5.246946,-38.985214,182.7373,-1.779916,28.066095,174.1258,14.264656,-25.631817,185.88048,17.18131,13.3596735,144.41585,-7.8098426,-11.038414,143.63818,-10.662419,23.752897,112.20126,7.54669,-21.828053,108.54968,-5.0373673,29.733713,76.83534,1.8044832,-31.517647,73.41263,-10.419194
-0.48639843,210.72961,9.44013,2.3677578,214.32625,7.18376,-4.221182,213.9936,7.922617,7.1442018,213.7404,-2.6082397,-9.277197,213.3412,-1.590973,17.379906,199.15388,-8.8305645,-18.353592,198.5056,-9.710039,35.993088,179.6676,-5.827638,-37.10536,182.3678,0.3636787,22.954683,171.77284,11.815092,-19.448761,185.48172,15.5509205,13.209702,144.80334,-7.8520174,-11.295811,144.01973,-9.995825,23.90305,112.479965,7.115076,-21.730738,108.709595,-4.64795,30.429785,77.277596,2.0244462,-31.463137,73.58551,-10.352474
-0.63141435,210.83936,9.702274,2.2697048,214.35721,7.4014897,-4.336451,214.05232,8.0249195,7.0207033,213.90495,-2.3518095,-9.419929,213.43372,-1.3757867,16.789507,199.29529,-9.345207,-18.49619,198.82037,-8.83519,33.236145,178.14983,-6.8443713,-34.846382,181.62254,2.9724252,18.667152,170.16714,9.50884,-14.125241,184.42548,13.698059,13.031316,144.87987,-7.827298,-11.5115,144.15123,-9.304479,23.992922,112.39956,6.4715214,-21.487667,108.79187,-4.1094112,31.255995,77.21215,2.289716,-31.408672,73.685326,-10.075693
-0.8188501,210.69759,9.805288,2.1383011,214.22195,7.5731835,-4.4798317,213.92738,8.054226,6.8663745,213.7107,-2.2630062,-9.518715,213.18657,-1.3425578,16.022215,198.9096,-10.232976,-18.839724,198.70337,-7.747835,30.359308,176.29851,-8.108312,-31.73281,180.3763,6.6918,14.798909,169.6155,7.740558,-9.024373,183.15341,11.681696,12.662109,144.91791,-8.023152,-11.621828,144.2859,-8.480495,24.06332,112.25965,5.792802,-21.355919,108.8081,-3.4822636,31.929453,76.998024,2.3751137,-31.447945,73.74343,-10.03407
-0.8911125,210.54567,9.903285,2.0910437,213.97473,7.57218,-4.530953,213.7424,8.0519905,6.7713156,213.32176,-2.2679894,-9.6624155,212.94325,-1.2105038,15.701684,198.13771,-11.41146,-19.142214,198.2707,-6.4039536,27.389273,174.04774,-9.002584,-28.154234,178.78372,9.3668,10.808867,168.3061,6.2922673,-4.742691,181.96935,10.121045,12.591757,144.6673,-8.280422,-12.003462,144.10304,-7.658437,24.10231,111.82309,5.1957927,-21.216383,108.65026,-2.6624181,32.366302,76.566956,2.388909,-31.479088,73.74089,-9.9945
-0.9504273,210.38492,9.915165,1.9848143,213.8182,7.532745,-4.633418,213.51427,8.045052,6.810507,212.81175,-2.232255,-9.653252,212.6721,-1.2568464,15.176754,197.05296,-12.52007,-19.123352,197.66588,-5.0208178,24.525661,171.82431,-10.015866,-24.617245,176.91922,10.998057,7.6950927,168.34517,5.727797,-1.3553653,180.1851,8.833222,12.317266,144.32239,-8.726189,-12.096919,143.87222,-6.591397,24.20827,111.35958,4.5289354,-21.145432,108.36717,-1.7897401,32.432945,76.125725,2.425803,-31.5759,73.67043,-9.853596
-0.98734087,210.08057,10.03461,1.9152313,213.43922,7.5041327,-4.6960797,213.08229,8.005042,6.917215,212.22263,-2.0673528,-9.562998,212.18376,-1.2675505,14.768489,195.6937,-13.632863,-18.832361,196.65341,-3.554944,22.063583,169.65231,-10.96266,-21.663836,174.70482,11.936526,4.927585,167.91765,5.0161777,1.171979,178.39548,7.7571383,12.092702,143.52287,-8.947727,-11.938868,143.19598,-5.3636336,24.277195,110.65805,4.0164323,-20.976551,107.91023,-0.83263093,32.40277,75.248985,2.17927,-31.878716,73.564575,-9.819966
-0.9201218,209.31235,10.179375,1.9956943,212.65013,7.637907,-4.616627,212.24931,8.030838,7.0846963,211.32533,-1.8611933,-9.371631,211.29633,-1.2098936,14.231864,194.1463,-14.708708,-18.4905,195.49805,-1.8538505,20.168388,167.69742,-11.454117,-19.388971,172.28108,12.45736,2.981454,167.71506,4.618418,2.815156,176.78491,5.721786,11.946226,142.80167,-9.362896,-11.702597,142.5603,-4.2691855,24.28263,109.66577,3.4266562,-20.878674,107.44009,0.33789974,31.99712,74.203926,1.9776976,-32.13411,73.420235,-9.668095
-0.7419055,208.41405,10.3554125,2.2218454,211.7062,7.80512,-4.388843,211.34918,8.117456,7.2926936,210.34889,-1.6777469,-9.14925,210.27043,-1.114361,13.616922,192.633,-15.516112,-17.941584,194.02565,-0.41451415,18.215715,165.95772,-12.238843,-17.358149,170.12761,12.650002,1.4934487,167.97487,4.654617,4.320942,174.45702,3.7090933,11.707733,141.98802,-9.6832905,-11.499291,141.82483,-3.5524879,24.065107,108.77834,2.8520424,-20.690292,106.67328,1.6885895,31.32385,73.24701,1.883532,-32.48894,73.16411,-9.518509
-0.69047326,207.49149,10.278742,2.3519192,210.74095,7.7591257,-4.268762,210.44711,7.9619236,7.426037,209.31847,-1.7288783,-9.046449,209.17091,-1.2457252,13.095637,191.53482,-15.990511,-17.446817,192.58046,0.94849664,16.788277,164.74416,-13.232476,-15.017039,167.98123,13.369417,0.31152612,167.12709,4.384066,5.8120513,172.39561,2.6682606,11.252723,141.31155,-10.146277,-11.542628,141.29709,-2.9416068,23.56571,107.924484,2.4843264,-20.36016,105.8329,2.7796984,30.643522,72.78315,2.2014036,-32.875072,72.95119,-9.549986
-0.54540324,206.7931,10.129682,2.594288,210.03377,7.726073,-4.039893,209.80585,7.755619,7.573991,208.46066,-1.8951389,-8.857449,208.2728,-1.423051,12.457494,190.51299,-16.845987,-17.304,191.28236,1.8695917,16.095,163.64026,-13.669376,-14.008789,166.38402,13.476664,-0.23948763,166.03372,4.141278,7.2595634,170.3028,3.2743838,10.907761,140.77068,-10.523367,-11.634545,140.63974,-2.836681,23.010283,107.74646,2.6018298,-20.079617,105.275955,3.52337,30.020065,72.60655,2.2923687,-33.209263,72.94434,-9.597258
-0.24291538,206.10574,10.091311,2.9372563,209.38823,7.797344,-3.6834052,209.15437,7.671797,7.76808,207.76733,-2.0113065,-8.724201,207.57512,-1.3086596,12.015367,189.69269,-17.281431,-17.287443,190.21344,2.4538572,15.824898,162.7512,-13.875583,-13.343607,164.987,13.379526,-0.19701646,164.76689,4.290422,8.019188,168.17558,3.0777986,10.4136,140.36896,-10.870425,-11.780153,140.14655,-2.8897815,22.52163,107.76549,2.9740036,-20.068121,104.89703,3.8799686,29.429533,72.65946,2.1666965,-33.602688,72.89741,-9.545538
0.22928146,205.5824,10.092584,3.4147704,208.82964,7.7546916,-3.2087657,208.71944,7.782663,7.9381967,207.30415,-2.181419,-8.535667,207.01833,-1.0767847,11.691101,189.16792,-17.268923,-17.379606,189.33774,2.7399988,15.797633,162.09648,-14.238034,-12.883746,163.8995,13.268106,0.10874913,163.21812,4.3088403,8.304976,166.74428,2.6729448,9.877772,139.89664,-11.094494,-12.252426,139.74942,-3.1148903,22.407267,107.80046,3.581045,-20.346455,104.696335,4.1744003,28.849358,72.60803,2.137875,-34.01244,72.823685,-9.538605
0.7810759,204.93335,10.297147,3.9463243,208.2421,8.020881,-2.6818187,208.06154,8.021568,8.111648,206.7792,-2.1753197,-8.292819,206.7347,-0.63002056,11.744985,188.87602,-17.205988,-17.240686,188.76103,2.650893,16.215729,161.7513,-14.403255,-13.368579,163.10423,12.819198,0.38426864,161.6242,4.052772,8.246932,165.28719,2.6349175,9.588353,139.63509,-11.333545,-12.695334,139.4288,-3.5081608,22.41024,107.70777,3.9466019,-21.161367,104.60045,4.358419,28.55416,72.54619,2.006122,-34.54311,72.81047,-9.552231
1.286389,204.45714,10.495208,4.3726377,207.80391,8.160388,-2.2471974,207.58711,8.334377,8.403207,206.41475,-2.0735805,-7.9698257,206.4635,-0.22324629,12.126543,188.73398,-16.72517,-17.288006,188.55151,2.2201498,17.182129,161.84657,-14.3437195,-14.270537,162.75096,12.51842,1.2623792,158.80476,3.4418547,7.4772577,164.84007,2.8020794,9.276236,139.19241,-11.481664,-13.172833,139.17227,-3.9832149,22.511524,107.45134,4.5056076,-22.482826,104.557045,4.371305,28.624754,72.3758,1.8936173,-35.09183,72.97293,-9.912414
1.7127618,204.0358,10.795914,4.7389574,207.33789,8.326556,-1.8739263,207.13806,8.685994,8.754234,206.28362,-1.7732011,-7.6122103,206.12886,0.13692226,13.062167,188.79807,-15.804296,-17.449163,188.7193,1.0552555,18.49408,161.97464,-13.71203,-16.411942,163.26274,12.040898,3.475008,155.10411,3.209945,5.63774,165.70613,3.1018016,9.25515,139.05487,-11.38141,-13.833416,139.18596,-4.734283,22.728512,107.3821,4.6624484,-24.00761,104.903244,4.1888847,28.750914,72.44183,1.5382055,-35.421253,72.94426,-10.3376045
1.8091424,203.78069,11.059891,4.798724,207.16423,8.659626,-1.8120337,207.04398,9.291117,8.92545,206.1756,-1.4443747,-7.4382615,205.99225,0.3228886,14.151571,189.12221,-14.797223,-17.432604,188.97212,-0.25699365,19.927662,162.77608,-13.360531,-19.119528,163.81857,10.731307,6.3988333,153.33952,3.28792,3.4976385,166.77203,4.172627,9.511864,138.86005,-11.285372,-14.191252,138.94975,-5.7900996,22.912472,107.295944,4.799713,-25.666685,105.52814,3.8053687,29.18553,72.46642,1.3575789,-35.458523,73.03016,-10.553441
1.885131,203.62856,11.185631,4.9351363,207.05844,8.922863,-1.6777782,206.92377,9.344394,9.072688,206.27821,-1.2069511,-7.3359594,205.69742,0.4209549,15.406166,189.22,-13.368479,-17.622902,189.32074,-1.8860838,22.02885,163.10345,-11.641367,-22.247423,164.53162,8.803358,8.739961,151.92065,4.1407776,0.8323364,167.99115,5.526481,9.830381,138.90439,-11.328959,-14.274112,139.21982,-7.397851,22.930605,107.42291,4.9936495,-27.088171,106.426956,3.2689753,29.666958,72.57069,1.018188,-35.081867,73.30912,-10.79558
1.8016598,203.69998,11.473282,4.82381,207.10591,9.148087,-1.8039354,206.83456,9.463286,9.1832905,206.31027,-0.83273154,-7.244676,205.79057,0.5498812,16.643045,189.32848,-11.6217785,-17.288277,189.9141,-3.6960876,24.418213,163.69984,-9.6908045,-25.467394,165.80672,6.003271,10.511847,152.14214,5.2294383,-2.034723,168.53453,6.1226096,10.553754,139.30902,-11.001694,-14.207663,139.67569,-8.979706,23.026012,107.664955,5.0980945,-28.57431,107.52443,2.6811619,30.324791,72.655464,0.784663,-34.665443,73.85337,-10.730972
1.9168787,203.75536,11.664329,4.8871245,207.20125,9.328548,-1.7333587,206.87251,9.6991625,9.495937,206.5224,-0.493758,-6.941419,205.8936,0.6313159,18.019478,189.66916,-9.619804,-16.796688,190.38997,-5.411742,26.55341,164.4115,-7.4573083,-28.830996,167.1324,1.9834237,11.197213,153.50186,6.7085648,-5.8609467,169.87659,6.171132,11.117748,139.62039,-10.330577,-13.628994,139.95352,-10.5005455,22.968168,107.84129,5.2300014,-29.552628,108.78996,2.1463532,31.365046,72.75515,0.7914064,-34.175976,74.67866,-10.540502
2.057976,204.10278,11.861637,4.9931054,207.58218,9.535316,-1.6270968,207.15778,9.875278,9.730913,206.84398,-0.21326411,-6.717793,206.29128,0.7466362,18.7989,190.21216,-7.515368,-16.078627,191.0449,-7.1123824,28.268724,165.47348,-4.5192585,-31.328222,169.13425,-2.314251,10.946323,156.05145,8.487954,-9.257227,171.13814,5.4426947,11.731348,139.8875,-9.749962,-12.849498,140.34615,-12.010038,22.8983,107.90926,5.463051,-30.324717,110.45259,1.519807,32.19266,72.782455,0.800212,-33.43507,75.935036,-10.298063
2.0279353,204.45737,12.057102,4.9776773,208.12665,10.061108,-1.6401149,207.58891,10.153142,9.978656,207.3062,0.18101116,-6.485758,206.77385,0.78671235,19.577642,190.70271,-5.7579484,-15.390015,191.83295,-8.814458,29.414312,166.32275,-0.84926033,-32.80497,171.13853,-7.4383125,9.462835,159.38048,9.601319,-11.972003,172.20863,3.6906676,12.220184,140.27826,-8.904074,-11.711272,140.70174,-13.035292,22.927498,107.98125,5.7169456,-30.919489,112.34746,1.3817339,33.02058,72.84026,1.0186495,-32.6837,77.47479,-9.849047
2.1121247,204.9256,12.458527,5.0721736,208.57639,10.447611,-1.5441772,208.07304,10.574571,10.094151,207.98523,0.6404375,-6.353588,207.27342,1.1054176,20.021002,191.40387,-4.0539827,-14.694586,192.62337,-10.754274,29.32847,167.47389,3.3431745,-33.05088,173.13496,-13.114732,7.181003,163.0338,10.389489,-14.336645,171.5558,1.2734904,12.892697,140.73926,-7.787353,-10.690381,141.3002,-13.8990135,23.103348,107.83966,6.0953274,-31.441349,114.28947,1.3642825,34.38554,72.80368,1.341185,-32.0789,79.27733,-9.424157
2.1616788,205.27284,12.8579035,5.205567,208.95157,11.045443,-1.4219689,208.52368,11.01236,10.215391,208.58177,1.155426,-6.191468,207.8824,1.4375325,19.977787,192.10252,-2.0925148,-13.928444,193.17809,-12.194613,28.639288,168.79785,7.2296863,-32.298782,174.68335,-18.818108,5.29904,166.95921,10.855726,-15.821883,171.83925,-2.1325524,13.394669,141.0926,-6.503188,-9.970665,141.94615,-14.118185,23.236044,107.973946,6.546338,-31.752892,115.88749,1.212079,35.33566,73.11374,1.9064717,-32.07902,80.769005,-9.399804
1.9683332,205.5794,13.312203,5.053921,209.15805,11.350884,-1.5672861,208.74213,11.224232,10.1371565,209.04355,1.6690875,-6.255512,208.16261,1.7794335,19.957079,192.2901,-0.120221764,-12.96393,193.78877,-13.596114,27.1124,169.20412,11.2201,-30.218882,176.57887,-24.430267,3.473375,169.96568,10.718308,-16.545475,172.10788,-5.5522966,13.706691,141.26834,-5.067894,-9.2824545,142.21072,-14.039956,23.539276,107.774025,7.3013616,-32.019825,116.95378,1.2938026,36.378155,73.027985,2.7555325,-32.473022,82.179344,-9.818198
1.7005892,205.67877,13.579855,4.819405,209.26997,11.691539,-1.7994859,208.90392,11.521688,9.961889,209.23341,2.008039,-6.3601246,208.26138,1.9843932,19.439037,192.51865,1.8558613,-11.49376,194.49294,-15.625437,24.638098,169.82083,14.633477,-26.97866,177.65819,-29.219639,1.4709193,171.93712,10.584855,-16.562706,172.04938,-8.6905365,13.897591,141.32625,-3.618586,-8.520143,142.58801,-13.495784,23.862438,107.67048,8.262949,-32.29785,117.71096,1.3164419,37.455193,73.03612,3.7134192,-33.232426,82.9689,-10.502536
1.5161809,205.81543,13.739362,4.4850874,209.51688,11.828403,-2.1047964,208.8473,11.606408,9.777164,209.5334,2.1766596,-6.5248165,208.45822,2.1111321,18.661333,192.48447,3.8789513,-9.962628,195.0861,-17.372248,21.89431,169.5878,17.217997,-22.8584,178.0476,-33.28083,-0.19809856,173.2307,9.8091545,-16.312933,171.06496,-11.686199,13.856691,141.45544,-2.0584433,-8.104548,142.93959,-12.674576,23.938969,107.656296,9.521078,-32.24928,117.92677,1.4672533,38.56591,73.24209,4.8439164,-34.380146,83.457726,-11.12802
1.0183523,205.60718,13.692675,4.0281086,209.40802,12.0519285,-2.5475256,208.70583,11.552167,9.572839,209.38643,2.4176729,-6.7905884,208.40576,1.9147073,17.462854,192.37923,6.087556,-8.74746,194.85944,-18.645582,18.905855,168.85966,19.19646,-17.996458,177.36098,-36.570606,-1.507071,174.19695,8.738751,-15.218039,169.44585,-14.532877,13.729455,141.50201,-0.5130857,-7.5770545,143.06052,-11.98011,24.012173,107.6394,11.03306,-32.00616,117.561134,1.2847275,39.546616,73.47248,6.1087346,-35.8859,83.294556,-11.836179
0.6027382,205.14421,13.631652,3.6015816,209.05554,12.233706,-2.9377377,208.26056,11.487326,9.392803,209.292,2.7177088,-6.9427123,207.95935,1.689607,16.866835,192.17976,7.3189607,-7.4668603,194.33585,-19.48322,15.877322,168.37535,20.41051,-13.668397,176.87128,-38.945286,-2.9592035,175.11061,7.951501,-14.072088,166.89325,-17.668228,13.583867,141.4673,0.6874012,-7.1427236,142.63371,-11.266162,23.922424,107.79066,12.943597,-31.675127,116.73522,1.1830133,40.21953,73.85554,7.479409,-37.202248,82.76174,-12.371498
0.25535187,204.74712,13.765572,3.1693559,208.68814,12.286564,-3.3406878,207.71994,11.512645,9.190152,208.78983,2.887003,-7.0805607,207.40129,1.6453102,15.419071,191.62843,8.835665,-5.124144,193.51065,-20.429459,12.933955,167.70457,21.376728,-8.853026,175.8618,-40.39434,-4.2254677,175.77193,7.0230145,-13.317459,163.75499,-20.553272,13.284898,141.1628,2.0475779,-6.591268,142.00533,-11.085011,23.59921,107.65301,14.82851,-31.165373,115.1651,0.5281974,40.643932,74.24941,8.8211565,-38.79794,81.4377,-13.0958605
-0.19361454,203.89816,13.56451,2.700337,207.88297,12.160995,-3.7966883,206.85834,11.310972,8.969318,208.02634,2.8959904,-7.2449517,206.26306,1.2687415,13.857902,190.67119,10.300732,-2.8337307,192.608,-21.065174,9.524844,166.49567,21.917173,-3.5255184,174.44708,-40.637962,-5.787201,175.48798,6.2988467,-11.847117,160.82588,-22.945852,12.918957,140.27898,3.289968,-5.927434,140.93034,-11.025799,23.087883,107.235146,16.660025,-30.533062,113.36757,-0.39236566,40.911465,74.28387,10.3875885,-40.281387,79.916824,-13.98839
-0.7111357,202.99667,13.351632,2.2269719,206.945,11.930063,-4.280352,206.00937,11.096995,8.770183,207.10042,2.9547815,-7.361523,204.97183,0.8199684,12.585847,189.7681,10.955791,-1.0127754,191.33875,-20.903732,7.16457,165.5086,21.717741,0.20088492,172.43414,-39.9863,-7.004935,174.39085,5.2895465,-10.446383,157.60892,-24.395748,12.316801,139.22856,4.140036,-5.3866043,139.70628,-10.956213,22.672085,106.62645,18.382526,-29.778938,111.50622,-1.4592643,41.16644,74.271805,11.872053,-41.121136,78.13102,-14.809877
-1.2147564,201.97649,13.109198,1.7717661,205.91304,11.770731,-4.7058225,204.9433,10.687479,8.51602,205.94765,2.8606508,-7.5921392,203.72357,0.4075621,11.861136,188.72708,11.422267,0.0018042541,189.85974,-21.037102,5.4700584,164.54231,21.44748,2.8821588,169.49045,-38.571884,-7.776727,172.81836,4.039514,-9.311942,154.06668,-25.133171,11.61725,137.98708,5.2312946,-4.757662,138.39597,-11.158697,22.0702,105.70357,20.180687,-29.214499,109.52407,-2.8453896,41.503273,74.12424,13.245514,-41.12012,75.94483,-15.656134
-1.8536594,201.06117,13.000302,1.1120765,204.95432,11.493779,-5.317933,203.81128,10.300954,8.267116,204.49814,2.917859,-7.754149,202.27785,0.0042178906,11.521281,187.35776,12.117879,0.7169974,188.37964,-20.849964,4.016915,162.91878,20.724794,5.5386415,167.29999,-36.822853,-9.081398,170.83058,2.6987326,-7.6152616,150.70906,-25.727541,10.990911,136.7299,6.1286707,-4.666801,136.93117,-11.321491,21.63291,104.59814,21.753914,-29.03454,107.70949,-3.8467336,41.69075,73.7215,14.380174,-40.163857,73.90837,-16.952692
-2.610905,199.91847,12.673734,0.5789881,203.62929,11.153734,-5.8416758,202.75546,9.778273,7.957954,203.14253,3.0285122,-7.8650813,200.80315,-0.6406721,11.237689,185.84053,12.510605,1.2396588,186.46844,-20.624361,3.170123,161.02155,19.733143,7.0096483,164.24574,-34.924614,-10.590435,168.13007,1.85004,-6.548902,146.84566,-25.867863,10.735149,135.20377,6.610781,-4.205221,135.32791,-11.494908,21.191284,103.564,23.140633,-28.954618,106.41662,-4.5185833,42.019627,73.60698,14.881708,-38.52328,72.64925,-17.290161
-3.220599,198.54323,12.311405,-0.07259014,202.34846,10.936293,-6.433683,201.3655,9.383814,7.704602,201.73083,3.0626757,-7.9268208,199.37355,-1.212125,11.24079,184.2454,12.574777,1.5875207,184.52245,-20.633095,3.3794127,159.07715,18.781929,7.3917737,161.05876,-33.222122,-11.752359,164.58412,1.4356071,-5.862466,142.97191,-25.44069,10.700399,133.77846,6.5302305,-3.7562497,133.89513,-11.800521,20.752958,102.6466,24.02568,-28.773085,105.76748,-4.5876474,42.39038,73.66977,15.267251,-37.349983,72.1799,-17.413465
-3.8144615,197.35902,11.860455,-0.56238407,201.0751,10.509138,-6.8584213,200.09438,8.679959,7.445808,200.41551,3.034342,-8.035433,198.01137,-1.8436937,11.437611,182.73279,12.494627,1.6781182,182.62057,-20.792057,4.43383,157.07416,18.005749,7.1637464,158.13228,-31.7119,-12.820449,160.39581,2.0832992,-5.602515,139.41127,-24.930393,11.047309,132.55194,6.2208614,-3.0905354,132.81137,-12.05787,20.353815,101.94205,24.702654,-28.629545,105.73668,-4.2386584,42.453644,73.63487,15.246982,-36.600136,72.19932,-17.263493
-4.512889,196.03183,11.409509,-1.2107232,199.75238,10.198641,-7.4511976,198.8063,8.16462,7.194197,199.03336,3.163966,-8.031469,196.65446,-2.460539,11.972915,181.09361,12.328247,1.4701618,181.0828,-21.159466,6.089066,154.81088,17.244707,6.4230666,155.6989,-30.514572,-13.485563,155.43027,3.9556587,-4.642727,135.63953,-24.440254,11.462787,131.54161,5.753513,-2.6494753,131.7388,-12.3635435,20.170033,101.618645,25.013514,-28.946806,105.71738,-4.1072097,42.06676,73.531975,15.105841,-35.918137,72.313156,-17.292633
-5.00452,194.66551,11.082403,-1.8676516,198.5328,9.910627,-8.050966,197.32289,7.8321924,6.9742,197.95497,3.318716,-8.037363,195.45871,-2.9072723,12.990064,179.82675,12.048786,0.7200889,179.87425,-21.045488,7.9043355,153.15378,16.237936,5.2334437,154.12418,-29.618862,-13.178743,150.60902,5.5500712,-4.653672,133.05081,-23.671913,12.257532,130.78394,5.020829,-2.7022414,131.016,-12.660195,20.598465,101.54781,25.186022,-29.203583,105.693825,-3.8481805,41.476467,73.05984,14.838995,-35.455856,72.26019,-17.274666
-5.2813206,193.8094,10.88358,-2.1034093,197.63751,9.686755,-8.267819,196.45462,7.5639544,6.7441473,197.27133,3.2716153,-8.197647,194.74805,-3.0938225,14.088037,178.93962,11.594706,-0.28494322,179.5126,-20.788872,10.130919,151.94655,15.588127,3.6438072,153.77573,-29.49766,-11.777392,145.90215,8.096302,-5.1346855,132.44603,-22.775038,12.965801,130.53716,4.0103617,-3.1120837,130.66183,-12.969742,21.113413,101.79321,25.347248,-29.551228,105.43043,-3.7749834,40.65902,72.706726,14.421604,-35.634613,72.108,-17.56414
-5.2295775,192.97655,10.868101,-2.0714288,196.86745,9.840537,-8.179903,195.67072,7.5578427,6.6316667,196.95082,3.2252448,-8.33108,194.37047,-3.014145,15.150022,178.49602,10.734006,-1.9924304,179.64691,-20.323435,13.434771,151.44186,14.834078,1.7431589,154.61693,-29.933813,-8.00583,141.569,11.067444,-6.860003,133.5146,-22.284925,13.524752,130.0527,2.5646684,-4.1387186,130.36385,-12.846539,21.524265,102.1121,25.224031,-30.312767,105.09219,-3.7032428,39.53748,72.577774,14.083193,-36.424374,72.02565,-17.893047
-4.7367783,192.13419,11.22209,-1.6119237,196.06659,10.26997,-7.736116,194.92049,8.027451,6.786709,196.69925,3.3920314,-8.373122,194.26219,-2.3966157,16.591965,178.28836,9.11515,-4.1138177,179.59183,-19.7435,17.040464,151.16437,14.145716,-1.3912607,154.92216,-30.579475,-3.9602578,140.01122,14.2322,-9.223436,133.9431,-22.315125,13.9409075,130.1209,0.87446773,-5.139808,130.71927,-13.119045,21.76272,103.09829,24.912436,-30.749947,105.011536,-3.536081,38.28303,72.73556,13.5800495,-37.369328,72.154205,-18.08172
-3.821255,191.81226,11.810894,-0.7739413,195.7894,10.780142,-6.9966364,194.61679,8.813587,7.1605153,196.55408,3.4101503,-8.434716,194.56917,-1.3885527,17.924904,178.39224,6.984141,-6.4602532,179.94469,-19.161648,20.771389,151.5601,12.737086,-4.9202895,155.72882,-31.170467,0.60588884,139.67546,17.345137,-11.185357,134.66139,-22.639633,13.792629,130.30429,-0.74564236,-6.6047554,130.96008,-13.303047,22.235315,104.295135,24.310745,-31.404564,104.86425,-2.9841144,36.835266,73.02803,13.329984,-38.72414,72.196976,-18.128761
-2.2899675,191.457,12.5823145,0.6909149,195.44069,11.407731,-5.687759,194.35612,9.931717,7.6921806,196.26236,3.0036333,-8.433401,194.86276,0.1431185,18.78391,178.57687,4.5845675,-8.862332,180.47697,-18.162338,25.021168,152.41356,10.446746,-8.989185,157.07991,-31.84162,5.8465996,141.33022,19.156092,-13.504197,135.76239,-22.974031,13.087561,130.30597,-2.2217107,-8.427737,131.01622,-13.194221,22.543444,105.39157,23.744825,-32.163895,104.60718,-1.9120146,35.140884,73.01964,13.254507,-40.44819,72.27683,-17.94932
-0.41437423,190.94112,13.004885,2.5538452,194.8887,11.711185,-4.006824,194.13945,11.046831,8.454753,196.16293,2.4845586,-7.995634,195.23895,1.6638204,19.321781,178.84335,2.3597398,-11.241096,181.03807,-16.851158,28.661472,153.65297,7.656852,-13.252646,158.83539,-31.83601,11.436003,143.57591,20.603117,-16.59251,136.92967,-23.299278,12.045075,130.70934,-3.694555,-10.545585,131.61046,-12.990972,22.83994,106.444695,22.72053,-32.651012,104.50825,-0.35974523,33.269745,73.163025,13.192978,-41.882935,72.93882,-17.412777
1.8650229,190.68343,13.181258,4.888195,194.51447,11.657994,-1.7314088,194.13905,11.737258,9.304167,196.33598,1.8741165,-7.071323,195.872,3.2718942,19.480179,179.55582,0.3293905,-13.278787,181.79785,-15.475779,31.16532,155.47672,4.425883,-18.095272,160.6639,-31.237988,16.789196,146.67818,21.14222,-19.677172,138.45859,-23.313017,11.047177,131.40701,-4.8220496,-12.612791,132.10289,-12.540475,22.707531,107.16175,21.518448,-32.764442,104.38216,1.6125181,31.555937,73.10818,13.16837,-43.57153,73.76402,-16.530043
4.516003,189.98717,13.009487,7.5355086,193.77843,11.388525,0.9895655,193.75171,12.445373,10.422844,196.33034,1.1851896,-5.5711346,196.19095,4.893131,19.582947,179.9315,-1.7453542,-15.042439,182.65788,-13.924371,32.617043,156.52867,0.90331143,-22.585875,162.34943,-29.891726,20.94586,149.84949,20.723394,-22.863224,139.58737,-23.092419,9.624287,132.11154,-5.9007297,-14.459006,132.73062,-12.053457,22.328543,107.731316,20.08291,-32.300232,104.47098,3.8972187,29.594376,73.072014,13.088286,-45.335064,75.087975,-15.008773
7.129496,189.08035,12.465009,10.119042,192.7941,10.625319,3.83073,193.06882,12.711837,11.494262,195.67607,0.12786561,-3.617955,196.45213,6.361643,19.510115,180.15746,-3.8863623,-16.381527,183.35835,-12.028101,32.938553,157.12581,-2.8776402,-26.689163,164.28046,-27.882385,24.693417,153.3838,19.244251,-26.436071,141.06825,-22.678772,8.097088,132.63951,-6.617607,-16.215694,133.2991,-11.356291,21.801188,108.16318,18.70328,-31.203035,104.62471,6.802354,27.790236,72.916504,13.174984,-46.86068,76.76046,-12.889382
9.410845,188.06245,11.349324,12.385151,191.7412,9.416626,6.4233174,192.19255,12.285086,12.251785,195.08635,-1.1779474,-1.7147171,196.19342,7.2291923,18.965927,180.19832,-6.068868,-17.709612,184.02272,-9.86597,32.561108,157.19193,-6.2483993,-30.64444,166.00513,-25.013577,29.977543,157.07074,17.372667,-29.792768,142.5201,-21.338243,6.1344304,132.78987,-7.321299,-17.927763,133.53824,-10.377258,20.994493,108.187294,17.231071,-29.67919,104.60303,9.76126,25.936838,72.68642,13.225537,-47.572952,78.756935,-10.459202
11.550883,186.79572,10.090023,14.277189,190.35138,7.6401176,9.082327,191.05551,11.699934,12.661976,194.04602,-2.6542478,0.4632872,195.69537,8.065017,18.221094,179.99638,-8.531212,-18.764954,184.66246,-7.1479816,31.904366,156.96687,-9.57046,-34.222603,167.50084,-20.908747,34.271458,159.88889,13.829285,-33.02446,143.81424,-19.440638,4.0879397,132.8815,-8.391902,-19.564371,133.88016,-8.34797,19.84867,108.168304,15.512077,-27.47159,104.4225,12.698889,24.102156,72.45617,13.354952,-47.423367,80.7737,-7.8971353
13.416496,185.54678,8.757676,16.105753,189.03175,6.159919,11.570695,189.87315,10.929295,12.971995,192.96658,-3.8827207,2.6379616,195.06401,8.597875,17.051468,179.40001,-10.76111,-19.095272,184.90169,-4.19735,29.827673,155.99484,-12.69652,-37.053783,168.92627,-16.269724,36.893982,161.88031,9.245763,-35.833496,145.23953,-17.227654,2.1443954,132.98293,-9.24263,-21.186111,134.38582,-6.546472,18.850895,107.97293,14.069137,-24.552198,104.25067,15.179023,22.587912,72.351006,13.539388,-46.338364,82.69221,-5.653893
14.999314,184.01834,7.560571,17.352695,187.34125,4.4809365,13.6342,188.45242,9.869909,13.383902,191.5561,-4.918504,4.8867044,194.10762,8.847549,15.309739,178.3996,-12.650794,-18.908516,184.75162,-1.2494863,27.729855,154.907,-15.937104,-39.17211,170.19576,-11.376288,37.899387,162.72404,4.2452097,-38.076942,146.47722,-14.021875,0.051561333,133.19542,-10.628647,-22.852547,134.56024,-4.742867,17.722221,107.99158,12.470979,-21.13522,104.30764,17.73329,21.339436,72.34593,13.680076,-44.163677,84.466225,-3.3629537
16.512962,182.28905,5.885754,18.263374,185.56752,2.3891876,15.544523,186.75555,8.332343,13.20178,190.26535,-5.9485636,7.1096005,192.74309,9.010985,13.750818,177.155,-14.076548,-18.51262,184.27754,1.1727488,25.267563,153.50693,-18.71244,-40.822968,171.37042,-6.123987,38.04126,162.38307,-0.6395862,-40.382786,147.9918,-9.45892,-2.1536334,133.0858,-11.519881,-24.061798,134.5401,-3.016571,16.695658,108.27025,10.724272,-17.468092,104.6843,19.65007,20.307697,72.5614,13.773729,-41.293335,85.99818,-1.4425949
17.438652,180.42302,3.9958813,19.107452,183.67416,0.43500844,17.23781,184.83148,6.698299,12.8164625,189.18286,-6.7688427,8.80533,190.834,8.925908,12.110297,175.88414,-15.0977745,-17.871557,183.75996,3.500055,21.91779,151.69368,-21.717133,-41.60029,172.04364,-0.97924227,37.761055,160.48099,-6.554027,-42.392593,148.85551,-4.9996934,-4.2499022,132.8014,-11.589573,-25.175474,134.33456,-0.8998279,16.116901,108.278885,9.496615,-13.452912,105.30354,21.175682,19.213274,72.475746,13.928922,-37.782295,87.17266,0.44974142
18.055134,178.59248,2.414943,19.351454,181.88896,-1.2525983,18.194847,182.9484,5.198234,12.280934,187.40858,-7.71045,10.425383,189.22163,8.402324,10.611935,174.51215,-16.041847,-16.817198,182.89636,5.9618063,18.305107,150.03015,-24.162197,-41.566162,172.38483,4.0217695,36.595177,157.89665,-11.646275,-43.938763,149.31017,-0.73276657,-6.3921204,132.2114,-11.61701,-25.775642,133.72021,1.3455385,15.706766,108.21123,7.8990746,-8.756148,106.16527,21.646355,17.700392,72.52319,14.104165,-33.981094,87.82241,2.1689382
18.129236,176.49104,1.0079747,19.454235,179.60013,-2.8134513,18.92548,180.8304,3.6984599,11.776293,185.46901,-8.710046,11.459245,187.50952,7.464165,8.936948,172.77777,-17.036566,-15.367863,181.90941,8.198548,14.470934,148.05058,-26.370607,-40.586494,171.97913,9.591469,34.73757,154.52103,-16.339079,-45.228085,149.66342,3.6136675,-8.869767,131.35399,-11.574872,-25.569838,133.16412,4.3941264,15.40741,107.882286,6.0694776,-3.8729174,107.05254,21.535086,16.178802,72.52264,13.8497715,-29.981194,88.26393,3.4218764
18.220604,174.48842,-0.13569751,19.445335,177.37567,-4.162857,19.485258,178.87328,2.3048637,11.200074,183.32689,-9.553555,12.50296,185.9077,6.5041666,7.016158,170.84471,-18.098001,-14.0705385,180.5238,9.676939,10.465413,146.17458,-28.108082,-39.30734,171.46489,14.431609,32.16396,150.45757,-20.421429,-45.88733,149.55318,8.371158,-11.090133,130.37909,-11.089706,-25.033783,132.17311,7.061338,15.20956,107.459145,4.0934806,0.9420825,107.90186,20.882624,14.591192,72.645584,13.721524,-25.853474,88.70191,4.521624
18.224813,172.4412,-1.3476573,19.224514,175.12457,-5.5746922,19.7658,176.8878,0.80597556,10.617083,181.04991,-10.468605,13.322351,184.17052,5.349449,5.2403765,168.99028,-18.714777,-12.8218155,178.95998,10.963981,6.165639,144.3664,-29.3126,-37.474625,170.31107,18.268442,28.915318,146.02597,-23.549166,-46.09489,148.66342,13.322117,-12.959352,129.59381,-9.762296,-24.388844,131.36734,9.56387,15.491049,107.09908,2.02427,5.655469,108.89108,19.385187,12.945283,72.83241,13.84101,-21.82817,88.69588,5.20549
18.127434,169.95299,-2.690422,18.573648,172.44792,-7.12016,19.923183,174.48659,-0.9495102,10.071773,178.64803,-11.30554,14.161432,181.97015,4.197165,2.9583583,167.14285,-19.665985,-11.113863,176.99171,12.35324,1.7323848,142.35452,-30.139967,-34.82436,169.17337,22.299036,25.119522,141.00691,-27.017334,-45.362022,147.99048,19.397038,-15.125427,128.40805,-8.749075,-23.230112,130.44408,11.719666,15.623483,106.53024,-0.13636793,9.727481,109.55057,17.7232,11.463884,73.15972,14.26626,-17.8268,88.20949,5.8187566
17.965408,167.57863,-4.1367073,17.778229,169.92097,-8.664389,19.847055,172.19966,-2.7775755,9.205503,176.13686,-12.198654,14.536109,179.63245,2.9280515,0.49831802,164.97272,-20.208927,-9.1059675,174.88002,13.7305975,-2.2784286,140.31418,-30.293713,-31.606663,167.49138,26.318117,20.63859,134.34312,-31.067066,-43.588013,146.54317,25.866724,-17.094666,126.899826,-7.401315,-21.385643,129.24721,13.631032,15.277921,105.45807,-2.6261988,12.916145,109.78504,15.696725,10.605078,73.63999,14.951833,-14.208978,87.203865,6.251466
17.543547,165.02054,-5.946068,16.737959,167.54019,-10.30834,19.604418,169.59576,-4.6776423,8.134311,173.82356,-13.003254,14.716259,176.95146,1.6353768,-2.4482565,163.08568,-20.373604,-7.2155814,172.15851,14.351404,-5.7762613,138.34363,-30.24373,-27.895313,165.46156,30.260637,15.5078535,128.58669,-33.915264,-40.867477,145.1007,32.851433,-18.761286,124.663704,-5.989381,-19.687044,127.07325,14.982564,15.023167,104.14121,-4.9697766,15.607127,110.24685,13.166038,10.707201,74.559586,15.667341,-10.930621,86.049484,6.512266
16.493769,162.22964,-7.8840585,15.38273,164.91818,-12.073699,18.921085,166.65399,-6.7307568,6.8112803,171.48726,-13.849409,14.914384,174.26152,0.05114856,-4.784161,160.50874,-20.523308,-5.6127925,169.17712,14.766423,-9.484655,135.55215,-29.813444,-23.239168,162.90984,34.138607,9.633983,123.00423,-35.942543,-36.603374,143.63239,39.949043,-20.13175,122.06285,-4.6371117,-18.37428,124.572,16.271212,14.26074,102.10448,-7.3087397,17.906559,110.38384,10.254146,11.614931,75.44202,16.872114,-7.709278,84.99074,6.4603753
15.310359,159.54799,-9.671777,13.934937,162.28072,-13.751598,17.975708,163.87828,-8.720573,5.4760313,169.1734,-14.88577,14.363815,171.47118,-1.4766574,-7.4648037,157.66547,-20.680984,-3.6968863,166.3115,15.111861,-13.013212,132.60567,-29.098536,-17.79643,159.7055,37.131058,3.1729894,117.623276,-37.9013,-30.76012,142.24138,46.748074,-21.41206,118.91249,-3.1606157,-15.933203,122.088295,17.513355,12.692319,99.70979,-9.410755,19.751818,109.64985,6.620657,12.355917,76.432335,18.154343,-4.9571776,83.12797,7.4792194
13.883998,156.54971,-11.29369,12.352717,159.34161,-15.278341,16.582062,160.88329,-10.396295,3.8311484,166.23755,-15.868392,13.500901,168.2243,-2.8310642,-10.232784,154.07469,-20.66849,-3.1468804,163.86168,15.136869,-16.154795,129.06894,-28.52059,-12.933377,156.4986,39.25361,-3.027786,111.981514,-38.835945,-22.797794,140.09145,53.227257,-21.81299,115.69981,-1.7861427,-13.8418045,119.430115,18.244007,12.170025,97.78787,-11.007806,20.413109,108.20945,2.4939375,13.275916,76.85892,18.585276,-2.0616627,80.68404,9.545804
12.423451,153.6582,-12.705965,10.686002,156.50441,-16.56957,15.180188,157.97412,-11.90477,1.8583897,163.10773,-16.616228,12.17844,165.20535,-4.10695,-12.820575,150.44731,-20.538296,-2.794905,160.62375,14.474248,-19.112907,125.30821,-27.631407,-7.979883,155.60748,40.422848,-9.510836,106.69445,-39.274567,-12.471956,140.93758,58.217617,-21.615273,112.13611,-0.18351936,-11.5748625,116.732925,19.284567,12.178712,95.13894,-11.773822,20.118673,105.70568,-1.748473,14.663548,76.068245,18.979067,-1.4062074,79.509094,11.67522
11.051401,150.65063,-13.958389,9.025677,153.40947,-17.742579,13.843582,154.99223,-13.454698,0.13198031,159.9585,-17.178995,11.139014,162.20259,-5.351601,-14.550101,147.15782,-20.10151,-1.794979,157.19492,13.676455,-22.09575,121.89639,-26.514427,-3.766353,152.99944,40.102978,-16.146702,102.16125,-38.562664,-1.2511805,141.67868,60.567776,-21.19246,109.1718,1.8484616,-10.082885,113.8642,19.842411,11.773769,93.15051,-12.307764,19.187002,102.995476,-4.544292,14.862511,75.30339,19.128595,-0.13452594,78.43473,14.55024
9.835873,147.60944,-15.161726,7.6119466,150.51633,-18.724722,12.565028,151.97423,-14.565018,-1.48934,156.63608,-17.72468,10.150032,159.23065,-6.5703883,-16.060427,143.64682,-19.058989,-0.920663,153.92517,13.102895,-24.88373,118.39562,-25.06253,3.741736,152.35506,39.629066,-22.75406,97.49403,-36.60751,9.365309,142.4203,60.43564,-21.266836,105.807945,3.5749228,-7.907624,110.901535,20.053392,10.70921,90.459,-13.163147,18.143324,99.56469,-6.609685,12.192914,74.874146,19.315502,0.96730775,77.8043,17.136974
8.602701,144.69229,-15.978269,6.2365856,147.49068,-19.54195,11.322859,149.0905,-15.59173,-3.0996993,153.33502,-17.956877,8.889604,156.24988,-7.3225083,-18.151329,140.41519,-17.682714,-0.27369732,150.6694,12.957795,-27.977417,115.22125,-23.047657,10.69284,149.31909,37.67495,-27.738352,93.28514,-33.91053,20.403532,142.65239,58.151737,-21.39127,102.15557,4.8843007,-7.115204,106.91037,20.026854,9.860145,88.31417,-13.819643,17.46864,96.604774,-8.036555,9.36065,75.105545,19.653074,2.9094152,77.0043,19.539728
7.349321,141.51201,-16.497585,4.778906,144.26802,-19.94973,10.065261,145.92923,-16.284039,-4.603865,149.91324,-17.937794,7.794138,153.01607,-7.875521,-19.88654,136.86156,-16.430109,0.43652913,147.7582,12.691828,-29.660894,111.77013,-21.47378,13.992713,148.22043,36.305008,-32.004208,89.49331,-30.663034,30.162834,143.30098,53.163532,-20.92131,98.096176,6.238078,-6.084803,102.718254,21.022345,9.610559,84.909035,-14.177705,17.200932,95.184135,-8.976609,4.393213,75.35859,19.84393,7.3772187,75.931076,21.001186
5.274438,137.9318,-16.675184,2.9858491,140.91125,-20.142776,8.2951975,142.12234,-16.356926,-6.241544,146.8902,-17.746212,6.8044624,149.73344,-8.374796,-21.35254,133.09917,-14.766613,2.0717342,144.81001,11.838538,-31.060276,107.94028,-19.030075,18.511845,146.3196,33.414764,-35.74544,85.52191,-26.817333,38.59105,143.58716,46.037933,-20.799463,94.94717,8.412968,-4.6694274,100.099495,21.660473,8.806277,81.2908,-13.964809,17.23991,93.164474,-9.824269,-0.18021557,75.59881,20.436834,11.468145,75.65087,21.897484
3.5171576,134.53853,-16.781631,1.2522928,137.50513,-20.2738,6.686736,138.626,-16.64639,-7.6950154,144.00253,-17.38679,5.716675,146.26343,-8.456453,-22.49896,129.16203,-12.921034,3.1057746,142.08493,11.133527,-32.715347,103.95387,-15.984499,23.309189,145.0378,28.966873,-38.520973,81.500984,-22.766954,45.65322,143.45662,37.031384,-20.998486,91.527214,10.373596,-3.4538615,97.86253,22.653639,8.037685,78.290276,-13.185889,17.636776,92.16174,-9.689253,-1.1307024,75.2163,21.76694,12.097839,75.694626,22.166737
1.9787129,131.253,-16.941048,-0.38219082,134.14845,-20.425138,4.9909816,135.45352,-16.775766,-9.131688,140.82239,-17.378809,4.2626615,142.92809,-8.568169,-23.298521,125.86996,-11.104505,4.134441,139.3737,10.958605,-33.926582,100.589294,-13.201594,27.992813,142.99382,23.586817,-40.375954,77.89215,-19.211517,51.65108,142.79056,26.449963,-21.415722,88.414185,12.647429,-2.634511,95.216095,23.698095,6.993121,75.895004,-11.785252,18.162716,91.199814,-9.13411,-0.52552295,73.04753,24.446175,11.524166,75.505615,22.738827
0.90285206,128.02808,-17.081606,-1.5785533,130.5783,-20.734201,3.9419472,132.20352,-17.436459,-10.357844,137.58478,-17.330523,3.5146456,139.95584,-9.221694,-23.669178,122.85712,-9.521265,4.9328656,136.9219,10.094504,-34.29332,97.26715,-10.614737,30.621078,140.84824,18.477608,-40.826237,74.41194,-16.393301,54.693115,141.0389,16.430435,-21.217304,86.50398,15.058585,-1.6825324,93.25486,25.636427,6.192288,73.95107,-10.378183,19.166548,91.11223,-7.130311,-0.7741789,72.43749,26.408476,10.433811,74.45818,23.736244
-0.059834037,124.943405,-17.168262,-2.7469685,127.31534,-20.793915,3.0711534,128.96304,-18.066912,-11.312967,134.56801,-17.007767,3.0856838,137.1325,-9.9155855,-23.577816,120.97368,-8.0007305,5.514111,134.64447,8.8352785,-34.252117,94.80999,-7.8572145,31.975224,138.02963,13.076504,-40.338444,71.41571,-13.235592,54.671673,138.06482,5.249285,-20.456306,85.10576,17.619974,-0.5440781,91.76946,27.849033,5.9309263,72.790474,-8.678796,19.404522,89.981834,-5.7617197,-0.48805112,72.07399,28.394806,10.12329,74.01462,25.461615
-1.1104375,122.24036,-17.394487,-4.194393,124.08752,-21.016611,1.772119,126.20302,-19.050701,-12.28904,131.8872,-16.847746,2.6242824,134.81711,-11.12276,-23.334791,119.25426,-6.6567893,6.0673184,133.19566,6.8289585,-33.744858,92.89044,-5.417159,32.983692,135.05359,8.326768,-39.557552,69.54274,-10.62711,53.33586,134.10106,-4.1497507,-19.095226,84.75933,20.65407,0.9270057,91.20982,30.09381,5.587615,72.136955,-6.8227305,19.878208,90.2736,-4.05827,-0.106893085,72.0633,30.286003,10.257089,73.91065,26.974506
-2.039993,119.51011,-17.56888,-5.4871783,120.946594,-21.047567,0.62265056,123.273544,-19.922596,-13.03518,129.33453,-17.010254,2.227141,132.47885,-12.54153,-23.011288,117.89418,-5.5594673,5.939506,131.95201,4.8529725,-33.05745,91.54937,-3.0989537,33.0996,132.16653,3.1932762,-38.63278,68.43293,-8.505021,50.120213,128.86255,-13.279009,-17.401857,84.86835,23.554108,2.603832,91.40881,32.381298,5.422571,72.31573,-4.999142,20.999842,91.01277,-1.6679784,0.20622784,72.58588,31.946087,11.424136,74.65837,29.272655
-3.0003927,116.55152,-17.82966,-6.7264986,117.94984,-21.016493,-0.5809508,120.37401,-20.347765,-13.709731,126.710945,-17.16052,1.9796525,129.55115,-13.880597,-23.138931,116.910385,-4.472281,6.3264546,131.08528,2.899302,-32.923077,90.94891,-1.102479,33.15803,129.50325,-1.7622176,-38.289684,68.02051,-6.9196773,46.638725,123.62442,-20.585917,-15.417035,86.24465,26.163082,4.3732657,93.122116,34.341545,5.406015,73.185646,-3.4488063,22.521343,92.63119,1.045478,0.65132236,73.010315,32.864563,12.731492,75.13866,31.212439
-3.4961317,113.73276,-17.954376,-7.4400043,115.506584,-20.65913,-1.140376,117.59671,-20.478474,-14.208594,123.91485,-17.434578,1.6345929,126.85744,-15.122253,-22.826664,116.14616,-3.8277276,6.731029,130.41083,0.8531256,-32.877148,90.729294,0.48672488,32.932198,126.12431,-5.845494,-37.682995,67.841034,-5.585856,41.981762,117.66748,-26.232214,-13.780868,88.11658,28.703043,5.826579,95.16763,35.957996,5.169046,75.11063,-2.2757697,23.367186,93.66144,2.6888003,1.4902004,73.76782,33.635555,14.320186,75.60414,33.090626
-4.1862283,111.49062,-17.825697,-8.191475,112.89439,-20.643473,-1.8718164,114.958305,-20.909664,-14.760766,121.97482,-17.425888,1.0957519,124.81153,-16.332005,-22.410795,115.68066,-3.2897267,7.2089396,129.61296,-1.2662227,-32.65739,90.58463,1.4084698,32.711586,123.01163,-9.547731,-36.88838,67.525566,-4.30353,37.99902,111.97906,-30.306318,-12.129683,90.376915,30.93829,6.7456703,97.03303,37.582363,5.5240297,78.114105,-1.0413394,23.974262,93.67026,3.8668568,1.9798818,73.5173,34.40657,15.857388,76.01406,34.689045
-4.6966553,109.238266,-18.31539,-8.768765,111.261856,-20.6473,-2.3513792,112.89865,-21.1462,-15.3040695,119.392456,-17.421492,0.74248296,122.474365,-17.58866,-21.966002,115.62707,-2.4524305,7.7462144,128.58414,-3.5304558,-32.14488,90.51185,2.3007004,31.629795,119.35516,-13.28693,-36.3081,67.51283,-3.2817712,34.369602,106.328964,-33.427624,-10.715467,92.83718,32.72719,7.78341,99.22176,38.86427,6.407535,82.40231,0.63616097,25.089674,94.066795,5.652904,1.6150669,72.76581,34.75583,16.871536,75.66311,36.161198
-5.13198,107.88919,-18.488924,-8.965558,110.01053,-21.1374,-2.4218235,111.11454,-21.501404,-15.591289,118.234955,-17.623463,0.43777835,121.12383,-18.342873,-21.75075,116.31718,-1.7455629,8.285767,127.747536,-5.797306,-31.364202,90.79813,2.8833022,30.75809,115.8219,-16.444986,-35.559174,67.66798,-2.6080892,31.787697,100.83917,-35.1377,-9.632624,95.93561,34.917133,8.84692,101.69138,39.72614,7.244289,84.80042,2.20614,26.233755,93.53589,6.7655287,-0.7038248,72.60868,34.896713,17.526932,75.79834,37.432747
-5.4239845,105.91098,-18.848843,-9.069843,108.30942,-21.534405,-2.497827,109.292625,-21.480097,-15.397879,116.610565,-17.959627,0.9008047,118.760925,-18.77136,-21.545708,116.96307,-1.4337808,8.863335,126.658394,-7.474676,-30.62011,91.20057,3.309122,29.536247,112.20054,-19.018356,-34.68512,67.96582,-1.7854404,29.813019,95.477264,-36.096455,-8.432585,100.21572,35.599266,9.276555,105.27039,39.97717,8.33959,85.65117,3.5294824,26.3383,93.10089,8.0728445,-3.2615495,73.612465,35.356884,17.86675,75.98255,38.558273
-5.336557,104.77376,-19.327105,-8.850732,107.16895,-22.180351,-2.2966163,108.1754,-21.785706,-15.308068,115.468155,-18.204088,0.95396066,117.5811,-19.297667,-21.153591,117.21864,-1.1739831,8.977042,125.6811,-9.564175,-29.859253,91.37524,3.4274328,28.320452,109.41069,-20.872688,-33.71176,68.12702,-1.5910033,28.53038,90.98561,-36.170555,-8.036359,104.29161,36.341515,8.895681,109.54176,40.000916,8.766629,86.42763,5.504223,25.90275,92.3194,9.07843,-5.425144,73.41959,35.778538,19.631187,75.86202,40.036266
-5.4828777,103.78166,-19.731495,-8.700564,106.325325,-22.778767,-2.1484098,107.09102,-21.898634,-15.474077,114.487144,-18.547844,0.65181637,116.75967,-19.756748,-20.878092,117.37177,-1.3839628,9.291183,124.56926,-11.136205,-29.277514,91.599976,3.1276183,27.309301,106.48516,-21.82013,-32.347023,68.40295,-2.4646034,27.304413,87.02625,-35.892933,-7.363025,108.896904,36.631268,9.094278,113.806114,39.841663,9.084526,87.50338,7.321537,25.677567,92.50028,10.762236,-6.751533,73.77521,36.137634,20.01003,76.15259,41.589363
-5.5966697,103.117874,-20.167864,-8.874812,105.34184,-23.40292,-2.300859,106.145355,-22.785316,-15.430303,113.98692,-19.335314,0.8060019,115.9139,-20.662262,-20.792946,117.74071,-2.4479036,9.478291,123.74012,-12.648794,-28.209232,91.989235,1.68472,26.14376,104.06865,-22.24036,-31.642534,68.55807,-3.01779,26.525053,83.81694,-35.051193,-7.688609,112.76279,36.339024,9.926487,118.10216,39.105198,8.388724,88.4676,9.282388,27.430126,93.95666,13.143492,-7.309414,75.14718,39.12009,19.146936,77.180084,43.08481
-6.0038114,102.481094,-21.122149,-9.527991,104.34238,-24.3274,-2.9607487,105.38564,-24.141556,-15.972089,113.31105,-20.313902,0.20780379,115.39085,-22.002327,-20.884565,117.78561,-3.7148993,9.15794,122.87615,-14.316606,-28.16911,91.97033,0.43963248,24.998625,102.4169,-22.53543,-31.533577,68.39911,-3.960192,25.374865,81.429565,-34.221413,-7.3782754,116.43742,35.606834,10.571138,121.86759,38.669544,8.109811,89.259964,11.126985,31.536331,95.66852,17.808887,-5.176492,75.199356,42.006634,17.650145,77.841415,44.997356
-6.5858426,102.01056,-21.832176,-10.048071,104.04148,-24.994658,-3.4578395,104.920616,-24.759174,-16.357521,113.0107,-21.182545,-0.14895163,114.81529,-22.808008,-20.642593,117.713936,-5.4282217,8.873354,122.275154,-15.647425,-27.921398,91.83877,-0.9277999,24.178728,100.81575,-22.563173,-31.106464,68.307304,-5.9819837,24.49991,79.20485,-32.951042,-7.203423,120.45295,34.31227,10.738963,125.43377,37.69124,8.043346,90.49807,12.894877,33.696404,97.06215,22.327892,-1.8225346,74.34016,43.843372,15.263935,80.794815,48.006554
-7.3518257,101.70254,-22.451077,-10.687233,103.72325,-25.757992,-4.1288805,104.648506,-25.249208,-16.910389,112.85447,-22.217234,-0.61508626,114.26819,-23.498947,-20.784904,118.37832,-6.6209974,8.390591,121.7153,-17.399971,-27.496916,92.01919,-3.4296918,23.881495,99.47308,-22.539091,-30.877136,68.243904,-7.173562,23.469196,77.29826,-31.960175,-6.132224,124.65391,33.793503,10.932025,128.91634,35.789417,7.341098,92.02484,14.446792,34.37236,98.36761,26.219269,1.8306556,74.29638,45.35075,14.767174,84.46747,52.698215
-7.9610386,101.55381,-23.31957,-11.055447,103.603966,-26.827618,-4.5257173,104.4354,-25.912674,-17.419008,112.81907,-23.262861,-1.1931872,114.15841,-24.759087,-20.538965,118.247795,-8.536026,7.8557844,121.87741,-18.206512,-27.15777,92.045334,-5.1433887,21.60015,98.46978,-22.933235,-30.737364,68.19034,-8.116336,22.128405,75.58993,-31.002655,-5.8443666,128.45045,33.11899,10.85374,131.79793,33.750534,6.221587,94.36122,15.692247,34.57561,100.34809,30.07928,6.580929,74.697624,45.87478,16.616657,89.9158,59.504128
-8.964193,101.54047,-23.666393,-11.393042,103.146484,-27.867008,-5.4116526,104.80262,-25.562332,-18.374971,112.860794,-23.828308,-2.1743362,114.117805,-25.396986,-20.098722,118.17028,-9.866863,6.929225,121.784035,-18.641647,-26.636553,91.93428,-6.480182,17.88109,96.84183,-23.567959,-30.654692,68.036705,-8.780923,20.03583,73.71779,-30.032982,-4.745942,130.87238,31.402117,11.823086,134.33307,31.441048,7.0833917,95.06998,15.844288,33.427654,101.28895,33.916374,13.988286,74.14831,44.71667,17.285543,97.37544,66.371086
-9.851782,101.24926,-24.303778,-11.145572,102.904526,-28.975115,-6.924059,105.48246,-24.597466,-19.138756,112.599144,-24.28147,-2.870861,113.76677,-25.861605,-18.994905,118.439354,-11.946281,4.3530035,120.62157,-19.55236,-24.857262,91.95872,-7.943317,10.786815,94.36964,-24.202602,-29.750174,68.1144,-9.567626,16.881706,71.60023,-29.453009,-2.0324357,131.92023,29.149845,11.978725,134.97833,30.609524,8.36813,95.65258,16.616957,33.55826,103.12519,37.710987,19.266827,74.71196,44.403206,20.37234,104.58622,72.19411
-10.278964,101.06131,-25.114035,-11.158601,103.20003,-29.674936,-9.649968,106.01679,-23.870846,-19.91303,112.20498,-24.476759,-3.7966456,113.840225,-26.249252,-17.018986,118.56387,-14.818355,0.16800126,119.783646,-20.350336,-22.011356,92.10817,-9.271984,7.203783,93.51198,-23.93103,-27.58809,68.38994,-10.28331,14.707221,70.90213,-28.491863,0.47664613,133.26006,28.056252,11.326311,136.31538,29.694685,9.771627,96.74922,17.860678,32.980644,105.76645,40.07156,20.120596,75.08338,45.34482,24.660814,108.76677,75.504715
-10.106089,101.17895,-25.621649,-11.577938,103.2913,-30.037851,-12.379739,105.41629,-23.795395,-19.942904,112.17012,-24.761753,-3.9326522,114.045586,-27.500475,-16.077541,118.76479,-15.515483,-1.5173438,119.5995,-20.592592,-19.540997,91.9425,-10.501032,6.5283813,93.327866,-23.499844,-27.793139,68.36883,-10.755817,13.251176,70.40431,-27.602457,3.1961372,136.18423,27.719133,10.752964,138.21367,27.878036,13.001398,98.460106,18.649546,30.496855,107.924965,41.053257,19.163979,76.40005,47.288685,26.477453,114.35318,77.59569
-10.077386,101.47975,-25.909311,-11.099038,103.70435,-30.40349,-13.893337,104.659065,-24.477503,-19.831348,112.46673,-24.630503,-3.9685724,114.174736,-28.403517,-13.896553,119.101074,-16.404053,-2.7843373,119.414955,-21.310577,-16.80807,92.04193,-11.291329,3.259296,92.556046,-22.681677,-25.154116,68.72384,-11.640659,11.917863,70.06355,-26.445375,4.648051,138.60918,27.445652,8.838135,139.94467,26.842571,16.110813,100.74901,20.174778,29.725752,112.02855,42.134975,18.53826,76.77701,48.246063,24.474588,118.38831,78.75395
-10.64145,101.0252,-25.627361,-11.040622,103.386986,-30.156523,-14.496988,104.3051,-24.569546,-20.176105,112.30125,-24.737045,-4.3285327,113.49062,-28.399248,-14.543738,119.02266,-15.043413,-2.8167222,118.72868,-21.993347,-15.633078,92.04899,-10.662905,1.021053,91.99841,-22.074703,-24.117596,68.992775,-12.313166,10.255291,69.59608,-25.220335,4.6937222,140.7355,27.691095,7.1942234,141.14716,26.096745,18.409681,103.279015,23.886412,30.933332,114.314384,39.664528,19.308804,75.81531,48.309048,25.978725,116.260284,75.149765
-10.448858,100.908745,-26.333603,-11.092505,103.40998,-30.758896,-14.417066,103.97656,-25.041265,-19.60613,112.3904,-25.635612,-3.6129541,113.09854,-29.278824,-15.0341015,119.0193,-16.376804,-1.578137,118.862564,-22.819227,-17.006643,92.22815,-11.22315,-0.6041986,92.05433,-21.999624,-25.07945,69.0098,-13.4232,8.163035,70.02823,-24.221296,4.5841827,142.33553,27.76623,6.085879,142.5078,24.573301,20.181992,106.167145,26.712667,33.609943,124.40547,43.16165,20.583496,75.724724,47.985157,25.271517,119.12429,76.9125
-9.677771,100.016304,-27.707947,-10.91001,102.67814,-31.909811,-12.595816,103.69173,-25.598623,-18.883173,111.51178,-26.586382,-2.7935417,112.34364,-29.669792,-16.30318,118.69385,-15.922378,2.538311,118.86381,-23.646381,-20.89998,92.258865,-11.054942,-1.2537798,92.586174,-21.299213,-26.723368,68.87802,-14.871266,7.2538476,70.35405,-23.379322,2.3158991,144.40895,26.285398,5.990451,144.06242,22.5259,21.60341,110.869286,31.5386,34.45264,133.9383,45.681892,22.29579,76.709,47.44531,23.590271,127.06083,78.16896
-11.008529,98.67646,-27.649023,-12.04999,101.30417,-31.920301,-8.448942,102.99378,-26.660933,-18.886755,111.106,-27.31892,-2.7331052,110.30186,-29.980234,-17.873955,118.74259,-15.045395,6.526559,118.67136,-23.676058,-24.179775,92.397095,-10.391929,1.3769866,92.46623,-21.455566,-23.874434,68.610855,-16.860947,7.396828,69.49476,-24.572542,-1.0874542,145.84978,24.604662,7.4648447,146.32231,19.424675,20.794857,117.20071,37.879166,33.301117,142.11855,46.74915,22.588268,81.97299,47.937164,20.693476,137.2111,78.937035
-10.429454,98.24047,-26.645996,-12.718376,100.37888,-30.698088,-6.552643,101.121994,-28.472815,-18.085005,110.610275,-27.536644,-1.8798838,109.17767,-30.21538,-19.014353,118.36671,-15.534236,8.182212,118.52712,-23.100302,-27.800772,92.47977,-10.162384,8.834929,92.58061,-21.173136,-25.426517,69.593636,-17.708757,7.477669,69.70837,-23.95338,-2.9764602,148.13408,22.37532,8.286429,148.27486,17.882887,17.710596,124.2559,43.997055,33.20784,144.9701,45.85657,24.16358,87.14106,48.801712,17.020208,148.25792,76.28757
-9.736988,97.47143,-25.86293,-12.944226,99.80705,-29.090601,-6.349057,99.34819,-29.292948,-17.817257,109.67914,-26.639584,-1.6758798,108.54344,-29.83417,-21.431864,117.265755,-15.366742,8.663713,117.56372,-22.252874,-31.199236,91.932556,-10.122945,15.675266,91.35055,-20.442268,-26.648418,69.60609,-19.926212,14.881424,68.16366,-25.260931,-5.32432,151.16153,19.550861,8.726148,150.3002,16.778364,11.458238,133.81105,46.53422,31.68094,150.2702,46.519077,29.68138,107.96504,51.864853,12.36014,160.84143,72.844826
-8.736751,96.88549,-24.666922,-12.35367,98.78864,-27.750824,-5.83048,98.18091,-28.750849,-17.383904,108.59266,-26.275654,-1.2193073,107.9194,-29.56858,-23.07449,117.77482,-14.182154,8.841366,116.85207,-21.88788,-32.21337,91.75528,-11.010548,18.73989,91.114,-20.378593,-28.12874,69.43672,-20.49861,17.517998,68.42107,-25.219934,-6.558649,152.78291,18.291239,8.931223,151.60997,15.955187,7.501914,135.63043,45.93743,30.752663,151.99722,46.47452,34.578472,137.2875,55.82573,8.635838,168.36671,67.70644
-7.970755,96.16282,-23.617481,-11.556367,98.07991,-26.727888,-5.0379143,97.38835,-27.709927,-17.003593,107.459335,-25.923761,-0.81802016,107.268135,-29.123646,-23.616404,117.815735,-13.853811,8.693132,115.24704,-21.648623,-31.848175,91.23446,-12.209641,20.58024,91.16249,-20.928505,-30.985252,68.494896,-20.082932,18.860579,68.2044,-25.488329,-6.9613233,153.00963,18.290125,9.176935,152.11424,14.136644,13.072084,139.03021,45.94717,28.118622,151.37596,45.524986,29.468792,161.96414,58.62458,7.827419,172.53955,64.79104
-7.4198365,95.39001,-22.93118,-11.044538,97.209076,-26.050228,-4.563236,96.42637,-27.128199,-16.620222,106.22158,-26.152895,-0.36544564,106.55089,-28.56403,-23.53927,116.91751,-14.083059,8.598821,114.00446,-21.066479,-32.220615,90.49953,-13.098054,21.931631,90.45954,-20.5254,-31.837002,67.58542,-19.795668,19.11694,67.31375,-25.316423,-6.7587347,153.40279,18.057306,9.358757,151.48042,13.432229,18.405067,146.2431,45.855934,25.172173,150.251,46.146584,22.38739,177.05173,58.972298,9.398119,176.76025,62.24726
-6.885107,94.59255,-22.114046,-10.432609,95.80001,-25.575949,-3.8371873,95.7883,-26.141855,-16.325432,104.83873,-26.354431,0.00867859,105.78225,-27.86081,-23.500679,115.620155,-14.180543,8.99188,113.18274,-20.19746,-32.996513,90.132454,-13.037034,22.735695,90.006836,-19.26955,-31.992739,67.00708,-19.449389,18.808485,66.959,-23.9804,-6.333079,153.23555,17.85972,9.270535,151.07466,13.603212,20.209244,149.59663,45.863464,22.495539,146.14183,46.98631,16.930803,184.47554,55.818302,12.852483,180.21815,58.030457
-6.981513,93.48046,-21.9354,-10.591539,94.268394,-25.479841,-4.0153694,93.96351,-26.155172,-16.48394,103.74264,-25.976818,-0.13535905,104.664894,-27.725569,-23.941664,115.18957,-14.411876,9.782755,112.66166,-20.22766,-33.413265,89.82163,-12.367788,23.441547,90.091606,-17.823,-32.15764,66.969604,-18.417696,17.732971,67.61735,-22.32273,-6.4379497,152.83115,18.128073,9.359288,150.43056,13.393263,20.703396,151.01062,46.317184,21.780617,146.7368,48.294006,15.949889,186.85019,53.81534,15.407777,184.14095,52.895683
-6.964165,92.96381,-22.10566,-10.59133,93.99376,-25.55956,-4.0752,93.22187,-26.419996,-16.442556,103.44197,-25.644909,-0.110840045,104.09382,-27.675543,-23.8204,114.544655,-14.78072,9.687592,113.156494,-19.80351,-33.856487,89.58767,-11.766148,22.568316,90.161285,-16.433325,-32.254932,66.84175,-17.54773,17.622692,67.62886,-21.191887,-5.501149,151.56836,17.667875,8.682133,148.68562,14.173109,21.766384,153.79224,46.48908,22.194138,149.54219,50.104294,15.157604,189.73933,49.309113,15.938204,186.48447,51.185516
-6.9228606,92.80747,-22.226095,-10.408084,94.04418,-25.758022,-3.887992,93.23178,-26.408085,-16.652807,103.270676,-25.666523,-0.39533195,104.15831,-27.717436,-23.66271,114.063545,-15.632418,9.280173,113.028175,-19.113577,-34.38986,89.65693,-11.465153,22.345922,90.28058,-16.14928,-32.301136,66.74481,-17.53842,17.616255,67.57537,-20.484156,-4.3745565,151.45436,17.033567,7.561917,147.98254,15.093894,21.18914,153.19183,47.126564,22.74361,151.2231,50.43354,15.559249,189.2667,47.63238,16.69907,187.17838,50.83922
-7.157326,92.674065,-22.568869,-10.636838,93.6631,-26.182293,-4.145689,92.57102,-26.796335,-16.732058,102.90183,-26.606108,-0.4014415,103.750534,-28.429764,-23.559227,114.53991,-15.91336,9.148696,112.93643,-19.261524,-34.803608,90.328636,-10.902415,23.233065,90.13245,-16.359074,-32.483192,67.32185,-16.7188,17.989079,67.494125,-20.402546,-3.4660316,151.45876,16.661642,7.5459466,147.92476,14.64362,20.383476,151.43396,48.35986,21.419874,149.97372,50.602795,16.674093,187.77046,48.356464,16.991182,186.48407,51.51671
-6.6067185,92.5563,-23.610756,-10.326414,93.05372,-27.08918,-3.7941191,92.938896,-27.96611,-16.233624,102.75411,-27.663906,0.077829935,103.450485,-29.36978,-22.902643,113.52547,-17.365946,9.268633,112.18092,-18.799763,-35.299267,90.073944,-11.747482,23.508799,89.872505,-16.828619,-32.187584,66.99984,-17.341345,19.18276,66.93566,-20.974575,-3.4329548,150.65683,16.771536,5.808705,148.38614,14.9055195,19.324772,149.19695,49.425556,19.29203,147.68283,51.076473,17.152136,185.195,50.515392,17.167664,183.57312,56.06299
-5.106126,92.432335,-25.044426,-9.133881,92.73106,-28.169674,-2.6826823,92.477745,-29.6189,-14.689214,102.60937,-29.271345,1.6702108,104.146515,-29.650806,-22.277822,112.966545,-18.104214,10.049522,112.61396,-19.948654,-35.036007,89.90088,-12.722829,23.850456,90.0022,-17.371624,-31.551542,66.907616,-17.886648,19.917429,66.94074,-21.326468,-4.9777884,149.74646,17.714117,5.764929,148.65015,14.415838,16.769184,148.02852,51.090977,18.21693,146.89427,51.064777,14.293886,182.2764,54.682995,14.922515,181.26773,60.14688
-4.1000075,92.36809,-26.299631,-8.189859,92.28629,-29.371105,-1.7605407,92.948494,-30.878416,-13.810858,102.53269,-30.431023,2.503662,104.62505,-29.873867,-21.643398,113.57379,-18.604023,10.688153,113.40834,-20.814684,-34.134865,89.93359,-14.083421,24.0609,90.1472,-17.8891,-30.930296,66.87621,-18.195314,20.681965,66.83627,-22.118883,-6.2717257,149.62065,17.715605,6.7947736,147.85416,15.262001,14.133099,148.64717,51.866104,16.819542,148.4355,52.29331,12.166745,182.81839,57.962593,12.992712,184.02798,63.459858
-3.1762893,92.24777,-26.964502,-7.291234,92.22436,-30.00445,-0.94978654,93.40472,-31.49529,-12.881016,102.31238,-31.211468,3.4125683,104.60428,-29.851664,-21.065409,114.16953,-18.54421,11.234506,113.173096,-21.01284,-33.186646,90.168884,-15.466866,23.951221,89.76211,-16.965189,-30.12048,66.861885,-18.56512,21.079987,66.90088,-22.59395,-6.9296956,149.80486,17.337534,7.4865313,147.54985,16.567564,10.620472,151.8654,52.40584,14.339589,151.64783,53.850513,10.614853,186.81686,59.24006,12.860827,188.42136,63.274036
-2.627481,92.85315,-26.236956,-6.491503,93.13694,-29.569387,-0.09667092,94.672676,-30.378723,-12.206994,102.9645,-30.889238,3.945531,105.1866,-29.242075,-20.595993,114.80697,-18.092304,11.276247,112.465935,-19.653042,-33.11206,90.821335,-15.682605,24.424597,89.93712,-17.17352,-30.33839,67.02809,-18.367151,19.899408,67.7319,-22.407248,-6.995841,149.56624,17.41866,7.9186296,147.10347,16.857475,7.03741,156.03923,53.493206,13.1456375,152.6073,54.547382,10.811313,192.07039,56.036316,14.006162,190.90546,59.33921
-2.066145,93.66987,-25.099543,-5.4984913,93.95701,-28.87763,1.0681008,94.74564,-29.07574,-11.5413685,103.696754,-30.086788,4.6902537,105.8539,-28.479559,-20.656189,115.22931,-16.811838,11.259616,112.7522,-18.458578,-33.034412,91.00833,-15.320859,23.763744,90.40451,-16.422653,-30.279713,67.20341,-17.397102,18.812214,68.44018,-21.93994,-6.9248824,149.87642,17.821182,8.602834,147.82991,16.56207,5.1600585,158.89319,53.539387,12.2110195,149.31071,54.289463,6.7675977,194.98766,51.46011,17.665762,188.01271,54.29802
-1.8391706,94.1422,-24.407722,-5.1600046,94.52961,-28.275892,1.1990365,96.3753,-27.951637,-11.111748,104.373215,-29.347801,5.107131,106.35548,-27.391945,-20.045189,114.80054,-16.20548,11.591958,113.16864,-17.268152,-32.73226,90.867065,-14.644059,23.582226,89.90297,-15.684952,-30.481085,67.1119,-16.7625,19.45751,67.54343,-20.833391,-7.5820365,150.38037,18.36203,9.179603,149.30814,17.486269,3.4033403,164.642,52.78373,11.9330015,142.28728,54.55075,0.50111437,201.40189,44.272274,22.996576,179.80466,51.31848
-1.520992,94.75114,-23.67219,-5.260871,95.279366,-27.103533,0.98075217,97.5234,-27.285774,-10.767165,104.862946,-28.624666,5.4127936,107.04738,-26.384508,-19.87955,114.339134,-15.836519,12.14622,113.65124,-15.426265,-32.31551,90.65183,-13.875578,23.061502,89.78723,-15.195086,-30.618467,67.07419,-16.326826,20.130451,66.92949,-19.668798,-7.729572,151.19101,17.862576,9.366453,149.7218,18.032446,1.8807535,168.98177,51.33719,10.224992,135.83041,53.583145,-3.8296654,203.68091,37.628925,28.717875,169.07129,50.95546
-0.761248,95.00892,-23.875288,-4.366877,94.34227,-27.449202,1.3632448,97.66066,-27.795877,-10.269063,105.25226,-28.224586,5.887287,107.57122,-25.815414,-20.145954,114.80447,-15.195738,12.67745,114.528984,-14.2421665,-32.107235,90.88151,-13.304178,21.884508,90.04064,-14.638315,-31.172773,67.206566,-16.181585,19.829046,67.03549,-19.213322,-8.365903,151.36198,18.403938,9.197351,149.8264,18.602966,-0.038395155,173.74039,49.89697,6.200474,131.65614,52.209377,-6.0726233,204.25179,30.698051,36.26071,151.0325,56.12437
0.409698,95.54654,-23.76824,-1.9009343,93.64259,-27.93042,1.5543215,99.249626,-27.208101,-9.084917,105.64973,-28.25935,6.987472,108.16402,-25.543453,-19.714806,115.17444,-15.527575,12.670493,115.463196,-14.552146,-31.617933,91.169754,-12.7131815,20.447624,90.88615,-15.410606,-31.154013,67.50846,-16.529015,20.39289,67.865524,-18.366909,-8.508465,151.51382,18.538221,9.334609,150.1025,18.198837,-0.6259579,175.9976,49.006424,3.7916007,130.67535,50.236435,-8.2320175,198.13275,23.372606,35.250336,134.40442,66.456474
1.5836399,96.27838,-23.179056,3.6432025,93.7832,-27.212702,0.40398154,99.663704,-27.005138,-8.405555,105.799324,-27.938389,7.583423,108.98782,-25.313862,-19.877876,115.5636,-15.121499,12.649066,115.58449,-14.407474,-30.831524,91.719406,-11.675707,18.860975,90.630005,-16.611467,-30.331697,68.33336,-16.183842,19.275904,67.53061,-18.663824,-8.420704,153.3507,20.3187,8.727611,150.74988,18.055172,-0.85509413,178.8526,49.085133,2.606617,129.2208,48.743267,-9.146542,187.23366,18.350565,32.534573,126.71603,68.760124
2.0777364,95.76359,-23.547861,4.1007133,93.48208,-27.688848,1.4044812,99.58619,-27.026348,-7.737315,105.8074,-27.622366,8.173376,108.67543,-24.480843,-19.310139,115.987526,-14.308342,12.824533,115.423256,-13.326861,-30.51706,92.13634,-11.274827,19.445612,90.183846,-16.35942,-30.331041,68.65075,-16.215672,19.062428,67.170685,-19.037807,-8.462687,153.51624,20.27293,8.757825,151.29283,18.765177,-1.5327009,181.53131,47.679153,2.1763368,127.40961,47.58234,-8.360306,175.26166,16.057224,28.228209,118.86887,70.53237
2.6234794,95.34239,-23.4261,4.507276,93.39899,-27.780245,2.7223186,99.63428,-26.335201,-6.9908137,105.674416,-27.270226,8.879049,108.28256,-23.766678,-19.11124,115.25891,-13.8372,13.463928,115.14951,-12.877905,-30.729757,90.89903,-12.085033,19.481682,89.76298,-15.972821,-30.990885,68.07358,-17.804617,19.448277,66.874245,-20.309132,-7.53166,153.93253,20.836157,9.79193,151.79442,18.75146,-2.6696632,184.10478,45.332756,1.2086526,129.6953,47.282616,-5.316725,163.35706,16.963295,21.214151,109.95795,72.298874
2.902059,95.20473,-23.087719,4.708592,93.70798,-27.643682,3.514038,99.81384,-25.364857,-6.553203,105.614456,-26.79398,9.43339,107.96625,-23.223743,-18.634937,115.06919,-13.847939,13.979747,115.3489,-11.983683,-30.694372,90.860886,-12.175916,17.698416,90.28415,-16.85587,-30.857655,68.16125,-18.163235,18.570896,67.493004,-20.58679,-6.869565,154.10323,19.699944,10.688335,151.86314,19.226952,-3.6781163,184.53233,43.158012,0.67439705,127.32499,45.36463,-2.8088245,153.065,21.507782,17.926804,105.65112,70.77009
4.0482354,94.92664,-23.151373,5.1177244,94.01864,-28.074455,3.0850587,99.60377,-25.13299,-5.4481997,105.52914,-26.603151,10.383906,107.88138,-22.85411,-18.158476,115.56114,-13.040545,15.569485,115.343315,-11.071406,-30.492346,91.26257,-12.316231,11.062648,91.43116,-18.537025,-29.354588,68.702614,-18.768152,18.380625,69.152115,-20.77009,-6.0604787,154.07332,17.563078,11.56222,152.53374,19.974407,-3.6468573,180.82837,43.21567,1.2868887,124.58741,42.944695,-3.095422,145.32164,26.672157,15.759575,101.30975,69.949524
4.6945863,95.189064,-23.32676,5.6714563,94.4646,-28.299294,1.3263993,98.54296,-25.394024,-4.845985,105.71585,-26.731968,10.928063,108.10515,-22.652102,-17.406715,116.02992,-14.000416,16.101263,115.63444,-9.858248,-30.351942,92.5532,-12.439062,5.2380877,94.062,-19.977705,-24.245752,71.37401,-19.840336,18.394753,74.71354,-20.064539,-6.6844096,153.18782,13.653093,11.416505,151.68848,20.146723,-3.274074,170.20045,44.311966,2.4897964,118.954605,39.547714,-3.2122548,129.03229,36.713978,13.760223,98.148834,68.210976
4.8366175,95.346886,-23.365566,6.0171146,95.57012,-28.341276,0.27733803,96.87892,-25.30137,-4.4910364,105.95795,-27.017748,11.219808,108.16758,-22.484034,-17.2114,117.10274,-14.353783,15.872713,115.09127,-10.361933,-28.166117,92.64844,-13.583915,0.37012658,95.597466,-21.088888,-20.38377,72.172386,-21.542006,19.917578,86.53819,-16.375984,-6.9061346,155.06857,11.173141,11.373608,151.26033,20.0352,-2.2361505,150.58943,44.244984,1.7151145,118.8405,38.59482,-4.7896643,109.00252,44.004997,12.584254,94.82958,65.76336
4.720896,95.36717,-22.904692,6.0250545,97.34342,-27.440311,0.14232993,95.2091,-25.350225,-3.9548829,106.34618,-27.05262,11.764063,107.91435,-22.326672,-16.771181,117.68771,-15.40409,16.260984,114.400116,-10.130511,-27.31028,92.3561,-15.718886,-0.68120563,95.29242,-21.11252,-21.461876,70.69143,-23.095438,19.921278,98.78092,-14.249309,-5.628628,155.88873,12.509479,11.244771,151.43251,20.864141,-3.2119608,137.40762,43.49492,2.8075254,116.65616,36.45001,-5.3924446,96.95817,47.688763,11.525557,92.0962,63.77796
4.460617,95.10424,-22.423603,3.3362973,100.07835,-23.323614,1.2381428,94.54796,-26.478308,-3.7120175,106.78619,-26.125805,12.201429,107.358765,-22.231297,-15.836017,118.51641,-16.207817,17.28482,114.66711,-9.509513,-26.706915,93.03566,-17.383436,1.5875102,94.69851,-20.363201,-23.186632,70.558044,-23.537386,18.826029,108.7803,-13.201619,-5.0105224,156.16267,13.759795,11.250224,151.65875,21.476109,-3.9674203,128.72458,39.587868,4.1823063,115.45651,35.08862,-5.8420677,90.22329,48.869446,9.894214,90.17493,62.003754
4.780145,95.51568,-21.72348,2.4701254,100.11102,-21.549881,2.5691621,95.546524,-26.42717,-2.996193,107.254845,-25.84327,12.964471,107.32363,-22.024504,-14.858514,118.84717,-16.651598,18.863089,115.117485,-8.536891,-26.561602,93.94513,-18.091238,5.357922,94.206314,-19.188457,-25.987513,70.62984,-23.120024,19.2412,112.21676,-12.168086,-5.046262,154.12889,14.200679,10.969842,152.103,21.950006,-8.07518,120.01162,35.032665,3.9410944,115.5049,34.52934,-6.160207,84.84524,48.93116,8.52842,88.705574,60.680748
4.2627454,96.219505,-21.18423,1.2030451,100.32019,-21.232746,3.4099255,96.63693,-26.289093,-2.83529,108.15701,-25.932783,13.10798,107.51113,-22.103214,-14.220395,119.636566,-17.990282,18.705605,115.82728,-8.198022,-27.575228,95.53938,-18.78451,9.448209,92.22785,-18.241371,-28.809925,71.78683,-22.006905,21.642849,110.676636,-11.197406,-5.23986,152.54013,14.856455,10.71587,152.09084,22.545053,-9.82934,116.687775,32.479935,4.6920424,113.80493,33.069454,-5.5188355,84.5128,50.961052,6.8406053,87.19678,59.24861
3.9278092,97.605385,-20.971582,0.23031114,101.089836,-21.533081,3.813706,97.96764,-26.15165,-2.81807,109.575745,-26.135475,13.147677,108.435455,-22.479374,-13.977448,121.31839,-18.81373,18.18443,114.698135,-9.565324,-29.108253,98.35048,-19.50598,11.247232,89.12967,-18.530159,-30.654308,74.70052,-21.516747,26.982243,101.21269,-11.3027725,-5.169013,153.04443,14.764341,10.607844,152.18755,22.888157,-12.4183035,116.9898,32.907528,2.7341242,114.8379,33.893986,-2.1953194,86.9601,54.263855,5.4653387,85.97027,57.78801
3.2330537,98.382454,-21.234093,-0.43266916,101.887596,-21.867037,3.6047742,99.14086,-26.348646,-3.3491225,110.44202,-26.411362,12.579751,109.1937,-22.599953,-14.103045,122.709526,-18.83379,17.924097,115.84592,-9.903622,-31.106909,101.88339,-20.508217,10.605926,91.10435,-17.941023,-31.665913,78.36593,-20.614992,31.686094,85.521095,-12.484979,-5.279947,154.09927,15.234923,10.893314,152.12128,22.811552,-11.590872,119.381,34.01194,1.8642951,115.18466,33.948177,0.7713311,90.727745,56.149403,4.365841,85.82231,56.591717
3.3858976,100.051315,-20.945913,-0.49942538,103.1366,-22.166449,3.895706,100.1137,-26.10674,-3.244003,111.838005,-26.418314,12.804148,110.69852,-23.01226,-13.4837,124.93453,-18.695257,17.891737,117.67432,-10.251653,-31.458393,104.80012,-21.272894,13.082106,92.21052,-16.460768,-31.863092,81.11543,-21.43741,29.4347,76.073,-15.890493,-3.955308,154.46533,16.491253,11.457154,152.34718,23.532125,-9.558806,119.11471,33.809788,3.151582,114.58267,33.646717,-4.2256346,91.8258,58.932884,3.185332,84.52864,56.245388
3.732469,101.99054,-20.65848,-0.5234125,104.40875,-22.152966,4.086474,101.38559,-25.79986,-2.8846672,113.89648,-26.027733,13.191184,112.44917,-23.403845,-12.192535,126.60946,-19.041283,17.211243,119.08732,-10.678002,-33.269947,109.499626,-20.37676,14.337935,92.99603,-15.654074,-33.826366,86.263336,-17.688103,23.123436,71.75324,-20.328337,-3.8419182,154.65779,17.489807,12.421352,151.88483,23.711657,-6.0668488,117.40258,33.56675,5.9489703,112.77584,32.701714,-5.2265735,89.405945,59.230484,3.7792068,83.115456,55.109035
3.8990827,104.07571,-21.219429,-0.59584683,105.92274,-22.83116,4.303569,103.16926,-26.30884,-3.279548,115.6989,-26.591782,12.592818,115.39603,-23.535168,-9.936403,129.18687,-19.381424,15.154467,120.74166,-11.059252,-33.154903,114.74102,-20.057613,12.103929,94.37556,-16.780731,-36.655712,92.595215,-12.969756,18.286362,72.11356,-23.178354,-3.5156596,154.13467,19.75365,12.724583,151.39436,24.59597,-3.3089054,115.33528,34.176334,7.408261,111.60085,32.275146,-2.908533,85.274605,57.779972,6.8824396,82.95146,55.33244
3.2733984,105.59568,-22.318287,-0.87987953,107.7697,-24.354902,4.5036416,105.30775,-27.346529,-3.2985995,117.66993,-27.323412,12.637557,116.50589,-24.160254,-8.213976,131.36801,-19.05892,15.460704,119.920395,-11.828735,-30.315271,116.10829,-20.563437,7.727024,95.023056,-19.1309,-36.75237,96.86723,-8.998774,13.165543,72.61244,-25.92513,-2.9958124,153.94926,21.877073,12.18529,150.44714,25.68432,-2.2666543,114.76915,35.442886,7.6391683,109.751495,32.865852,-1.5824038,85.01063,59.239685,9.712641,80.16864,55.899467
2.9813492,107.68927,-24.69469,-0.69849175,109.744774,-27.5731,5.500601,108.031075,-29.200226,-3.0709476,120.28259,-29.61183,12.654722,118.39243,-25.72819,-6.643149,132.00395,-18.390808,15.221191,119.59697,-14.414717,-28.810347,117.69276,-20.619738,6.064327,95.470116,-20.707968,-34.457798,99.39613,-7.695301,10.611231,72.94515,-27.676485,-2.4592044,154.45207,23.556787,10.909892,149.04926,25.845709,-6.4751935,119.355835,41.845093,8.108402,108.524284,32.749714,0.023680428,90.74391,64.95154,10.539733,79.745605,57.36421
3.5068681,110.28935,-27.288977,0.119861625,112.69587,-30.2591,6.4309096,111.07775,-31.498941,-2.6347895,123.12922,-31.262032,13.254513,120.94027,-28.333843,-5.2097716,132.2143,-19.818777,14.409266,121.0765,-16.691801,-29.623293,122.00941,-17.557684,7.4855614,95.7373,-22.011019,-32.387722,100.04839,-8.103465,10.078517,73.1289,-29.556221,-2.620933,154.08653,24.015892,10.323285,148.1341,26.166893,-10.417945,125.826805,50.081264,8.466734,107.46863,32.47049,-0.35540858,97.50961,73.62144,9.174347,77.55085,56.025887
3.5589538,113.25008,-29.812832,0.76458544,116.48973,-32.60685,7.0430923,114.463554,-33.437458,-2.3939772,126.44525,-32.783745,13.525708,123.60182,-30.555088,-6.5653224,134.12347,-21.00692,13.673249,122.842,-18.604544,-30.361944,122.90198,-15.87703,12.166766,95.852234,-22.685848,-31.402739,99.54425,-10.553033,10.642785,73.590515,-30.814442,-2.6238914,153.33073,25.780424,9.84862,146.86787,26.78182,-11.031784,131.76805,57.44892,7.73028,106.65465,32.090954,-1.7541724,103.17535,82.231125,7.17979,75.81729,54.40455
3.517215,116.2733,-31.827604,1.082973,119.98213,-34.380672,7.1364374,117.423645,-35.34513,-2.5824232,129.57127,-34.08719,13.399875,126.720726,-32.38567,-7.5779715,136.88683,-22.246487,14.719654,124.63943,-18.150776,-30.878456,127.29888,-12.933841,13.781099,97.3174,-23.504892,-30.474754,102.411255,-9.979293,12.575084,74.377174,-31.17008,-2.8548656,152.91855,27.182728,10.630796,146.39171,26.673077,-10.941254,130.4867,58.749275,8.753474,106.5359,33.035892,-5.334748,104.954056,87.37788,5.047864,74.450005,52.992786
3.9447994,119.871666,-33.231228,1.4424162,123.63039,-35.639023,7.5493293,121.23188,-36.688732,-2.374605,133.18684,-34.53727,13.732797,130.37051,-33.932705,-9.244817,142.08653,-22.607206,15.895264,126.69151,-18.937902,-30.87526,135.04149,-8.73579,15.485822,99.26134,-24.496408,-31.925592,110.45576,-6.044162,14.025847,76.07208,-31.670563,-3.1843233,152.30688,27.651169,12.701372,146.30179,26.421206,-12.123215,128.18893,57.63812,8.76042,106.44497,32.882305,-8.69792,107.36172,88.791664,4.8876624,74.73488,53.136524
4.32111,123.73614,-33.935802,1.644224,127.51913,-36.10359,7.83717,125.42475,-37.33777,-2.3007782,136.93105,-34.593513,13.901657,134.37343,-34.692963,-9.89382,146.24037,-21.947916,16.241447,129.02069,-19.721767,-30.09053,140.55824,-5.3285065,16.6007,101.63621,-25.563213,-32.60036,116.697914,-0.7345582,15.212083,78.112816,-31.887989,-3.5784855,152.37787,28.246048,13.925037,146.54501,26.412468,-12.43752,124.97337,55.219154,9.728232,106.794495,33.271748,-12.769918,104.187935,86.56047,4.259752,74.61589,52.1377
3.9710724,127.73142,-34.88117,1.2883781,131.7663,-36.508106,7.48862,129.90427,-37.996708,-2.492144,140.97992,-34.343735,13.681684,138.29634,-34.66233,-9.696397,150.13597,-20.586739,16.459272,131.20996,-20.414509,-28.856966,145.05183,-2.5854597,17.662369,103.82486,-25.871946,-33.901665,122.43626,4.4139614,17.518324,79.43367,-30.900219,-3.787079,152.67973,28.935911,14.771988,146.63847,26.777111,-13.014207,121.79385,51.43574,9.686458,107.1769,33.1992,-16.391989,99.52852,81.64657,5.612283,74.15312,52.342434
3.54145,131.54576,-35.436142,1.0454875,135.80098,-36.788643,7.213847,133.84886,-38.27443,-2.8042395,144.78499,-33.9978,13.353949,141.947,-34.59073,-9.934957,153.77882,-18.91366,16.744862,134.09221,-21.012787,-27.431852,148.23335,0.7273683,18.798683,106.52549,-25.1458,-33.996307,126.16965,8.002353,17.211437,82.63986,-31.027401,-4.609925,152.541,29.17139,15.3586035,146.3482,27.478373,-13.569367,119.11799,47.354557,10.278112,107.09215,34.175106,-17.499111,94.51217,75.497246,6.2993298,74.14523,52.781
3.1440413,135.44052,-35.745686,0.5501701,139.73969,-36.71627,6.7808614,138.08388,-38.316277,-3.2383842,148.5166,-33.416862,12.95216,145.81305,-34.480595,-10.063013,157.48166,-17.25468,17.075932,137.83754,-21.217672,-25.593437,150.7253,3.8916235,19.483402,110.36173,-24.804422,-32.873703,128.96619,12.172984,16.106646,86.97341,-31.330402,-4.9256377,151.68686,29.194489,15.534248,146.3634,28.675186,-14.354302,116.87777,42.785484,10.433121,107.4629,34.844543,-17.581379,90.02035,68.59913,6.569273,74.52078,53.11943
2.779416,139.39737,-36.092266,-0.008422854,143.60692,-36.903973,6.399361,142.44743,-38.209522,-3.8758879,152.1578,-33.05481,12.356333,149.77611,-34.241917,-9.591972,160.89053,-15.81742,17.306026,141.71014,-21.286173,-23.812584,153.26999,6.352732,20.13173,114.19613,-24.43249,-32.127335,132.39076,15.677601,14.87985,91.51367,-31.278772,-4.9379478,151.28467,29.749071,15.312776,146.08899,29.54295,-14.844757,114.84684,37.949566,10.39857,107.19415,35.881306,-17.384604,86.62901,61.668415,7.0194454,74.559296,54.495697
2.2241817,143.45915,-36.033665,-0.8096956,147.47131,-36.944717,5.7121983,146.77307,-37.957024,-4.3123465,156.05595,-32.257774,11.904621,153.68576,-33.731766,-8.817066,164.55862,-14.228635,17.695122,145.41023,-21.185621,-21.92254,156.48544,8.524497,20.62373,117.80579,-23.918251,-30.97295,136.2698,18.39815,13.435855,95.72574,-30.903166,-5.129556,151.01277,30.17847,14.951444,145.42299,29.749395,-14.939039,113.85971,33.454666,10.287855,107.26194,36.67388,-17.085524,84.32499,55.214718,7.15371,74.546486,54.96685
1.8858366,147.46504,-35.797756,-1.2072917,151.41885,-36.75494,5.3576155,150.8561,-37.602345,-4.7229877,159.88565,-31.641262,11.51194,157.69087,-33.105656,-8.160523,168.05489,-12.676623,17.81763,149.60733,-21.037964,-20.087057,159.78476,10.654775,21.066914,121.94192,-23.306868,-29.367458,140.56964,21.607956,12.167919,100.663925,-30.165087,-5.8404593,150.19614,29.71854,14.374541,145.39207,30.291534,-14.944058,113.35832,28.70187,10.027902,107.49797,37.28749,-16.833845,82.30942,48.230923,6.953382,74.79659,55.595413
1.4971851,151.31459,-35.296608,-1.6708707,155.19264,-36.319313,4.89575,154.71759,-37.223377,-5.084769,163.6654,-30.886766,11.138414,161.53523,-32.571667,-8.239371,171.25723,-11.247237,17.897074,153.42422,-20.485159,-18.712305,162.55885,12.680899,21.826935,125.9898,-22.545204,-27.915249,143.72948,24.24761,11.041619,105.28192,-29.221596,-6.210808,150.05179,29.2475,14.20988,145.24268,30.22969,-14.558816,113.511215,23.731182,9.924436,107.71216,38.16332,-16.625914,81.226105,41.123764,6.58681,75.02329,56.372963
0.96785784,154.83842,-34.358147,-2.0569563,158.69608,-35.81035,4.506848,157.98154,-36.48748,-5.5892477,167.20056,-30.084312,10.630364,165.10541,-31.839642,-8.367525,174.368,-9.911603,18.124994,157.03604,-19.921383,-17.274174,165.66855,14.5466585,22.65274,129.7387,-21.666931,-25.82704,147.11993,26.856369,10.175103,110.64046,-28.557657,-6.7039847,150.08437,28.7956,13.82029,145.213,30.0011,-14.247776,113.85694,19.395996,9.530483,108.00825,38.213478,-16.476572,80.44325,34.325645,6.134592,75.31271,56.502655
0.62228185,158.26744,-33.739315,-2.446105,162.1667,-34.95026,4.11523,161.53647,-35.758587,-5.978868,170.59662,-29.413847,10.26018,168.5194,-30.970175,-8.984947,177.14076,-8.579149,18.214134,160.23833,-18.964903,-16.17655,168.28021,16.483648,23.368122,133.28926,-20.740908,-24.201965,149.79254,29.005884,8.920646,115.686775,-27.59519,-7.115935,150.44756,28.811634,13.687288,145.33786,29.266617,-13.58494,114.49202,15.561424,9.012266,108.6196,38.01827,-15.504809,79.317245,26.818901,5.793971,75.805534,56.74596
0.36640888,161.5242,-32.94749,-2.7213895,165.41777,-34.157433,3.8522396,164.87387,-34.846523,-6.2693534,173.82219,-28.613316,9.991318,171.6934,-29.975784,-9.139683,180.16376,-7.15635,18.676785,163.0991,-18.027988,-14.850708,171.3903,18.251047,23.555363,136.15839,-19.859995,-23.137995,152.80992,30.566502,7.291822,120.397644,-26.501703,-7.405162,150.0637,28.243397,13.598452,144.97932,28.508045,-12.981101,115.04171,12.408258,8.66744,108.835,37.512283,-14.607324,78.71858,19.69169,5.112887,76.316124,56.905357
0.15251751,164.57497,-32.182453,-2.9676087,168.46503,-33.293594,3.6281688,168.02505,-33.893696,-6.4497437,176.7637,-27.554298,9.824841,174.61656,-28.827852,-9.190268,182.76134,-5.677323,19.47374,165.89656,-16.854342,-13.818849,173.79059,19.853777,23.910215,139.17456,-19.23671,-22.807692,155.10004,31.65247,5.7486744,124.95594,-25.293997,-7.562545,149.58601,27.491016,13.155707,144.44191,27.023296,-12.33784,115.17184,9.818222,8.074609,108.78013,36.800373,-13.46157,78.202095,13.163754,4.6276417,76.76515,57.01136
-0.060409,167.38805,-31.13329,-3.0536685,171.37387,-32.28513,3.528851,170.7465,-32.761078,-6.515938,179.59445,-26.438705,9.712567,177.37221,-27.710258,-9.089957,185.00673,-3.9566607,19.769007,168.54088,-15.726383,-13.862218,174.85051,21.207546,24.484116,141.95,-18.543362,-23.084562,156.33557,32.5599,5.1536736,129.60674,-24.383087,-7.831647,148.84692,26.579338,12.694837,143.9943,25.565838,-11.437741,114.82775,7.447929,7.645861,108.74684,35.596634,-12.234943,77.62004,6.954768,4.1821733,77.318016,57.026
0.017835708,170.1667,-30.049135,-3.0547268,174.04321,-31.351137,3.555236,173.55194,-31.761932,-6.7059097,182.313,-25.463764,9.575287,180.18181,-26.210205,-9.223802,187.10464,-1.7755107,19.995565,170.93166,-14.990806,-13.583009,176.28424,23.029364,24.732382,144.36739,-17.986532,-24.260235,157.61734,32.667915,4.334923,133.59421,-23.211386,-7.9379926,148.0795,25.376417,12.5335455,143.58795,24.209497,-10.456889,114.185394,5.1730285,7.477113,108.28053,34.177956,-10.810897,77.15127,1.469159,3.8115723,77.6961,56.697075
0.04159326,172.80418,-29.128565,-3.0117447,176.68686,-30.457933,3.606726,176.2357,-30.689486,-6.7301936,184.82852,-24.315004,9.552729,182.6628,-24.736912,-9.42102,188.7627,0.18939184,20.294916,173.06554,-14.3398285,-13.864968,176.88344,24.581741,25.246109,146.70026,-17.521599,-26.08427,158.14993,32.390175,3.7925334,137.34846,-21.921293,-8.15722,147.16577,23.722912,12.220203,143.20126,23.061726,-9.355403,113.16121,3.0533164,7.5789046,107.65554,32.901405,-9.253217,76.55763,-3.0377972,3.544321,77.80216,56.24775
0.1479709,175.17802,-28.148615,-2.9329457,179.00717,-29.553148,3.7008908,178.66646,-29.603899,-6.5722885,187.262,-23.39717,9.684116,184.81717,-23.3325,-9.4972515,189.74702,2.0242999,20.408043,174.69499,-13.523089,-14.608275,176.75049,25.478172,26.143974,148.67853,-16.649462,-28.519161,158.49261,31.400915,3.9365637,140.99617,-20.654259,-8.400757,146.04652,22.214487,11.881826,142.5866,21.771563,-8.297566,112.32502,1.1513605,7.698404,107.11219,31.774088,-7.969752,75.96595,-6.9868016,3.1962063,77.857735,56.034058
0.43679658,177.24812,-27.160763,-2.801265,180.94493,-28.537247,3.8423398,180.84587,-28.69145,-6.384836,189.36069,-22.408031,9.824259,186.94754,-22.071688,-9.891804,190.0386,3.3094065,20.420528,176.42203,-12.88451,-15.8450775,176.02821,25.975044,27.23732,150.88878,-15.857076,-31.49766,158.39642,29.127893,4.8852987,144.29207,-19.20096,-8.640297,144.7603,21.034271,11.887792,141.70743,20.832859,-7.3510776,111.55206,-0.91592765,7.8088036,106.28198,31.1306,-6.829804,75.07806,-9.683433,2.8986847,77.78768,56.00101
0.8252985,179.15129,-26.424788,-2.4855049,182.88634,-27.498016,4.1675797,182.89969,-27.654972,-6.2427597,190.904,-21.038616,9.967349,188.69788,-20.59145,-9.915543,189.84203,4.4103208,20.216213,177.83498,-12.326899,-17.505777,174.64735,25.703833,28.1352,152.44344,-14.902101,-34.627766,157.97006,25.551332,5.3879333,146.84097,-17.776834,-8.71646,143.60379,19.812153,11.898572,140.9336,19.842918,-6.439489,110.73985,-2.6300802,8.101488,105.64712,30.548214,-5.8870406,74.19313,-11.058454,3.1207056,77.76831,56.033436
0.6802802,180.73192,-25.284391,-2.5215378,184.54236,-26.411808,4.127026,184.4012,-26.49809,-6.354884,192.31772,-19.72555,9.885914,190.07874,-19.202429,-10.021908,189.4639,5.215142,20.584555,178.70811,-11.297689,-19.629568,172.75378,24.17235,29.423477,153.65834,-13.84304,-37.7309,157.51852,20.406258,6.580007,149.03131,-16.408033,-8.733776,142.5809,18.619986,12.090476,140.16478,19.396982,-5.819466,109.96948,-4.333227,8.636745,104.9264,30.28287,-4.7501197,73.41493,-11.407012,3.5536766,77.71608,56.317684
0.76396906,182.04651,-24.269207,-2.3529112,185.91133,-25.458767,4.2953124,185.6663,-25.374073,-6.1895103,193.64516,-18.611984,10.0214205,191.28651,-18.051687,-10.364485,188.69995,5.7572427,20.501661,179.51593,-10.162429,-21.866058,170.5926,22.208742,30.360092,154.79472,-12.574444,-40.24157,157.18755,14.71035,7.3970428,151.03308,-15.20099,-8.718074,141.7725,17.689562,12.112249,139.55075,18.946299,-5.169947,109.890396,-6.016602,9.149905,104.42567,30.483616,-3.6891236,73.11702,-10.968645,3.9900272,77.57461,56.893017
0.98459256,183.15303,-23.498232,-2.0991323,187.10947,-24.445381,4.5444117,186.8422,-24.23977,-6.2257323,194.45248,-17.542114,9.959338,192.48186,-17.029812,-11.040496,187.73965,6.1616397,20.310743,180.52621,-8.948218,-24.131868,168.25348,19.884039,31.026932,155.76102,-10.553077,-41.404778,156.79695,7.8959923,8.051513,152.35352,-13.760443,-8.693339,141.38206,16.343016,12.163904,139.1151,18.894688,-4.613132,109.88329,-7.689713,9.75145,104.124954,31.220825,-3.1312315,72.82967,-10.513562,4.546825,77.53442,57.820126
1.1547732,184.34065,-22.848038,-1.9232572,188.37077,-23.4176,4.7167263,188.08505,-23.008999,-6.604114,195.04387,-16.452044,9.646045,193.47942,-15.520671,-12.0928,187.03923,5.9202466,19.99192,181.45987,-7.211282,-25.817114,166.17317,16.508734,31.64184,156.79572,-7.6721096,-40.52604,156.61584,0.33242956,8.787966,153.4827,-12.040776,-9.017283,140.52353,14.893096,11.935612,138.78082,19.114548,-4.2509403,109.67367,-8.945643,10.182015,104.06142,31.969713,-2.665202,72.743286,-10.20431,4.839851,77.45067,58.582703
1.4319426,185.45383,-22.03231,-1.5691866,189.52623,-22.721802,5.0324078,189.17021,-21.977903,-6.908112,195.74269,-15.645769,9.331439,194.53471,-14.126825,-13.404218,186.9261,5.0180573,19.207216,182.49203,-5.3435507,-27.024649,165.03284,12.813936,31.818645,158.57802,-4.2456956,-37.91263,156.31209,-6.6588936,9.512262,154.54066,-10.778276,-9.607076,139.96634,14.020501,11.522513,138.76097,19.500969,-4.198795,109.62313,-10.049614,10.3617,104.17811,32.626514,-2.451571,72.72411,-9.616719,4.8581066,77.602745,59.21738
1.8943335,186.75533,-21.514143,-1.1816396,190.78049,-22.166893,5.3825655,190.56052,-21.113735,-7.1915536,196.51425,-15.402838,8.966554,195.7419,-12.7474985,-15.096402,186.85599,3.3675363,18.411451,183.73549,-3.027943,-28.37377,164.1853,9.29952,31.654236,160.22191,-0.4279109,-33.424786,156.82199,-12.783888,10.385262,155.47385,-9.452926,-10.243088,139.87822,12.980072,10.902219,138.979,19.874048,-4.1891785,109.49002,-10.575567,10.273498,104.459404,33.233288,-2.3986742,72.61527,-9.143345,4.2289767,77.70075,59.602222
2.9868872,188.08833,-20.84663,-0.038348597,192.10182,-21.71207,6.441805,191.89487,-20.195757,-7.196122,197.47089,-15.910915,8.56804,197.49052,-11.493232,-16.961525,187.00375,1.066688,17.495354,185.27124,-0.41403976,-29.611792,163.32326,5.3134117,30.673025,161.87663,3.7453203,-27.127357,157.54593,-17.42654,11.185058,156.72195,-8.061478,-11.381744,140.00632,12.192468,9.615467,139.61101,20.40209,-4.4801183,109.37243,-10.901755,9.586596,105.113464,33.67311,-3.2282608,72.66376,-8.910182,3.4730377,77.99392,59.479507
4.5058227,189.69379,-19.846428,1.5950285,193.70921,-21.083899,7.798311,193.5464,-18.738482,-6.9216146,198.50555,-16.670647,7.9698057,199.42923,-9.937801,-18.445335,187.52475,-1.6174535,16.033594,186.80984,2.2357845,-30.429502,163.36867,0.96270555,28.823246,163.20078,7.872939,-20.677633,158.92426,-20.068983,12.205343,158.13072,-7.6592746,-12.670415,140.23288,11.073175,7.5353966,140.1538,20.802603,-4.696096,109.33439,-11.247078,8.862478,105.80264,33.80955,-3.7871063,72.66433,-8.765372,2.2986772,78.222534,58.87866
6.5177913,191.89761,-18.794678,3.4733167,195.66887,-20.392572,9.128623,195.97102,-16.927162,-6.073584,199.47383,-17.364346,7.2761374,201.32028,-8.068042,-19.209873,188.14777,-4.2563124,14.39765,188.74179,4.2808094,-30.694483,163.7344,-3.4725525,26.606022,165.51404,11.780173,-16.052422,160.0536,-21.597284,12.900054,159.99976,-6.253133,-13.615529,140.83774,9.482257,5.599242,141.09271,20.91533,-4.7311535,109.46416,-11.556379,7.9155955,106.83816,33.458176,-4.3123474,72.72431,-8.841765,0.87496,78.45829,57.607483
8.672289,194.29672,-17.055508,5.8382006,197.76526,-19.502562,10.607637,198.62596,-14.958253,-4.4867187,200.9548,-18.344126,6.402682,203.43301,-6.42605,-19.6092,188.79405,-7.554932,12.247221,190.76877,6.227336,-30.511257,163.77477,-8.395972,24.006977,168.2731,15.872114,-11.081819,161.02533,-21.215445,12.593278,161.85123,-3.8039837,-14.601429,141.8841,7.2570224,3.3237302,142.53894,20.928778,-4.91287,109.66077,-12.065326,6.9367847,108.01394,32.951923,-4.710428,72.862076,-9.580553,-0.7150772,78.77447,55.665535
10.771444,197.02005,-15.115869,8.039365,200.30858,-17.919275,11.651236,201.41777,-12.490658,-2.315375,202.3633,-19.281778,5.257829,205.46378,-5.1508417,-19.012981,189.74805,-11.009565,9.856037,193.04272,7.853095,-29.690536,164.48447,-13.177884,20.961409,171.34724,19.520714,-7.553161,162.23782,-20.587038,12.172103,164.72682,-1.3595108,-14.871444,142.79105,4.622055,0.5025811,143.85863,21.353384,-4.7241626,109.81545,-12.576086,6.558963,109.221695,32.42506,-5.1257606,72.78557,-10.379771,-2.4775457,79.17233,53.27397
12.306098,199.58405,-12.643192,10.362668,202.9143,-15.992707,12.081736,203.8224,-9.670498,0.25719148,203.9262,-19.886564,3.7146208,207.42772,-4.435305,-17.890968,190.70193,-14.452848,7.113386,195.35606,9.279339,-27.78818,165.67383,-17.634512,17.97389,174.54317,22.100021,-4.2801905,164.0689,-19.067135,11.009936,167.1181,0.8574937,-15.017721,143.7951,2.239832,-1.5722157,145.15771,21.340792,-4.4251556,110.01593,-13.006276,6.026573,110.53523,31.80769,-5.3623295,72.93785,-11.352415,-4.5093403,79.6615,50.51629
13.204823,202.27216,-9.943127,12.304713,205.54239,-13.762092,11.994366,206.50873,-7.2184124,2.6877494,205.58786,-19.671057,2.2235959,209.30879,-3.9271934,-16.449638,191.27124,-17.360512,4.6367173,197.19653,10.142003,-25.134615,165.8996,-21.392986,13.668385,177.05302,25.012825,-1.7414068,165.58235,-17.726017,10.183026,169.19434,3.18291,-14.773882,144.5182,-0.055286124,-3.0967987,146.3127,20.647434,-3.5934455,110.28682,-13.5244665,5.6272087,111.80802,30.815535,-5.5555677,73.207405,-12.455262,-6.185229,80.16546,47.235703
13.13703,204.81163,-6.8468604,13.558919,207.81142,-10.959182,11.0555725,209.16129,-4.9721336,4.828506,207.4158,-18.630201,0.68096584,211.0971,-3.312755,-14.404227,191.81311,-20.240475,2.482503,199.03473,10.551336,-21.876266,166.06683,-24.72454,9.303351,179.54439,27.213476,0.32979748,166.99055,-16.779785,10.145466,171.84502,5.0157127,-14.038467,145.35931,-2.2187939,-4.503693,147.40804,19.722218,-2.6987627,110.535774,-13.755541,5.170508,113.06608,29.745594,-5.351063,73.49192,-13.475223,-7.820139,80.991615,43.667152
12.818475,207.3038,-3.7689831,14.093386,210.20564,-7.790434,9.602451,211.30559,-3.0558417,7.1508064,209.04631,-17.085587,-0.47250164,212.79335,-3.1324055,-11.950119,192.13637,-22.830276,-0.018430177,200.48941,10.46991,-18.25336,166.11453,-27.27182,5.0490775,182.07297,28.814215,2.208902,168.44543,-15.721817,9.077369,174.55055,6.6928144,-12.837727,146.11563,-4.317857,-5.734003,148.24509,18.487614,-1.3725761,110.871635,-13.822154,4.895977,114.110596,28.843018,-4.818115,73.92261,-14.452081,-9.439611,81.53589,39.941685
12.042751,209.41406,-1.0502912,13.930353,212.15907,-4.926317,8.525874,213.214,-1.2240634,8.71143,210.55363,-15.238287,-1.4530975,214.05556,-2.8961177,-8.725103,192.86853,-24.661568,-2.425877,201.33841,10.550828,-14.787487,166.7677,-29.204504,0.47872567,183.15645,29.555454,4.0663013,169.55914,-15.086774,8.03354,176.58565,8.125511,-10.806546,146.72903,-6.311627,-6.8553896,148.94193,17.126072,0.06413506,111.22557,-13.819175,4.29248,114.90252,27.759718,-4.1854315,74.37004,-15.079173,-10.906658,81.97804,36.380314
10.875323,211.02907,1.1205194,13.245667,213.71518,-2.5271535,7.4224663,214.8393,0.45892656,9.662676,212.09904,-13.403863,-2.3086138,215.36832,-2.7003922,-5.366175,193.76805,-25.616879,-5.046143,201.99564,10.490517,-11.010611,167.71117,-30.784672,-3.912232,183.87206,29.647167,5.7581415,169.93947,-14.300678,6.7275767,178.2688,9.261631,-8.034432,147.51501,-8.049203,-7.980708,149.39873,15.71052,1.7139746,111.45794,-13.30588,3.5496519,115.53876,27.001799,-3.0963137,74.75118,-15.395344,-12.200249,82.27567,32.392986
9.50992,212.20007,3.0093174,12.29618,214.86568,-0.3617201,6.1175857,215.928,1.8059083,10.553343,213.20375,-11.43457,-2.9958243,216.32744,-2.8050287,-1.8221061,194.80717,-25.961538,-7.143827,202.60367,10.2230215,-6.9298306,168.87318,-31.706135,-8.583864,184.02876,29.03689,7.444461,170.91696,-13.154648,4.930001,179.25641,10.527507,-5.4771624,148.0904,-9.518887,-9.208481,149.63016,14.188521,3.4600034,111.608955,-12.82902,2.9149523,115.87402,26.081827,-0.8739432,74.5329,-15.584605,-14.191406,82.65737,28.483158
8.232102,213.09326,4.6225038,11.1588955,215.80516,1.4077781,4.817964,216.70055,3.124187,10.981771,214.15317,-9.595416,-3.6146386,216.8522,-2.6422408,1.2460968,195.63602,-25.989166,-8.78617,202.82033,10.207057,-2.428513,169.58315,-31.990156,-12.479461,183.1222,27.53147,8.409268,171.77977,-11.175524,3.4998326,178.78441,10.752078,-3.4881983,148.32779,-10.869375,-9.891632,149.59161,12.615676,5.4684267,111.5537,-11.981857,2.0468137,115.752426,24.74184,0.48947403,74.33754,-15.415513,-15.662034,82.70168,24.656656
6.979182,213.58226,5.8011065,10.032682,216.41382,2.8199546,3.5745213,217.13412,4.1519976,11.305798,215.06999,-7.990156,-4.1668334,216.98708,-2.5552235,4.106877,196.23419,-25.663324,-10.355633,202.63266,9.54494,2.0424,170.04517,-31.757322,-16.184776,182.40155,25.635159,10.02009,171.20598,-9.43829,2.059952,177.40526,12.249715,-1.683165,148.6312,-11.896838,-10.209619,149.60555,10.947625,7.2101245,111.58271,-11.108709,0.61180127,115.40861,23.444153,1.6928109,74.40692,-15.076327,-17.036213,82.48024,20.89154
5.845406,213.78897,6.892888,8.898477,216.78142,4.0777826,2.3718371,217.24347,5.1735287,11.273118,215.2492,-6.533289,-4.581251,216.96165,-2.3534741,6.84019,196.74399,-24.583862,-11.983483,202.30312,8.587643,6.307777,170.42897,-30.86698,-18.928637,181.48546,23.260298,11.830472,169.85643,-7.744823,1.1082476,175.95941,12.823688,-0.081785604,148.37137,-12.603062,-10.638343,149.36107,9.2839155,8.516204,111.26274,-9.704231,-1.1078583,114.8192,21.949732,2.6372488,74.48627,-14.698514,-18.307621,82.09973,17.038761
4.8486347,213.52881,7.8709598,7.808069,216.66353,5.1190186,1.2768626,216.95749,6.3342366,11.10744,215.22966,-5.163401,-5.0454397,216.4454,-2.071476,9.447253,196.89513,-23.235376,-13.617505,201.41998,7.6064167,10.762739,170.70406,-29.282143,-21.642603,179.53792,20.036882,13.095947,168.26031,-5.914235,0.10293941,174.00848,13.504018,1.461668,147.9848,-13.000894,-10.841077,148.75606,7.6490946,9.683113,110.82225,-8.22408,-2.6891751,113.94872,20.383982,3.831831,74.23681,-14.353701,-19.590698,81.22815,12.740698
4.0152597,213.11038,8.833631,6.972738,216.30032,6.147116,0.40816465,216.44646,7.180484,10.742473,214.96265,-3.9674218,-5.5277214,215.73598,-1.5599446,11.689956,196.77184,-21.508102,-15.171178,200.21655,6.494012,14.848253,170.75882,-27.311573,-23.508993,177.31163,17.054977,13.870723,166.42058,-4.1134686,-1.32613,170.61983,13.409587,3.2501247,147.36613,-13.165967,-11.314009,147.97504,5.882498,10.942827,110.37673,-6.5084195,-4.4281397,112.83067,18.566975,5.183937,73.941956,-14.259863,-20.648285,80.284904,8.825481
3.1621904,212.37445,9.707563,6.195697,215.59627,7.1511197,-0.38939315,215.75928,8.0379095,10.272458,214.44347,-2.8503778,-6.1160407,214.89354,-0.92025346,13.591194,196.33765,-19.81809,-16.698713,198.76358,5.3524933,18.609653,170.3786,-24.686975,-24.697474,174.73746,13.585076,14.701309,163.8527,-2.3394332,-2.8598998,166.23312,12.434598,5.0545216,146.52823,-12.638072,-12.158216,146.78804,3.7540157,12.27274,109.86297,-4.5051947,-6.458149,111.47775,16.4407,6.5786448,73.81795,-14.159607,-21.060524,78.66612,5.454529
2.3057134,211.3341,10.436355,5.258249,214.71555,7.983762,-1.3523903,214.52364,8.608383,9.752322,213.51309,-1.8579977,-6.7011642,213.62994,-0.48351902,15.008101,195.4687,-18.016748,-17.889914,197.03127,3.5376015,22.389761,170.07973,-21.251728,-25.482882,172.32513,10.4033375,15.187138,161.14197,-0.6278737,-4.4667544,162.248,11.857368,6.3910584,145.47964,-12.215267,-12.856854,145.47292,1.3193502,13.493189,109.201035,-3.172514,-8.315568,110.28564,14.824931,7.9793777,73.78549,-14.381316,-20.69938,76.97857,3.0358753
1.293289,210.45961,11.176735,4.300025,213.8252,8.756653,-2.3270264,213.50995,9.064045,9.1007,212.52394,-1.0517482,-7.347803,212.63155,-0.072194435,15.974961,194.60667,-15.925161,-18.521267,195.33772,1.7751333,25.58949,169.83745,-17.755028,-25.734337,170.26875,7.5178046,16.108059,158.10826,0.36599964,-6.061584,158.0364,11.500352,7.6452804,144.50607,-11.947804,-13.310952,144.29012,-1.0180442,14.346166,108.37425,-2.076905,-10.220037,109.21715,13.454152,9.206204,73.65285,-14.849322,-20.041168,75.44288,1.0853338
0.47589228,209.57285,11.493345,3.4822931,213.01743,9.185377,-3.1364484,212.6019,9.33153,8.419632,211.71535,-0.5907615,-8.070396,211.51599,0.15520194,16.707283,193.8066,-13.721721,-18.677395,193.89008,-0.7109088,28.491133,169.64969,-13.632199,-25.999052,168.53278,4.642653,18.185991,155.19104,2.134115,-8.218387,154.4555,11.187976,8.521696,143.64648,-11.846506,-13.472107,143.40094,-3.1902905,14.802805,107.6927,-1.6606748,-12.161196,108.75124,12.333324,10.03286,73.43136,-15.157801,-19.384602,74.47524,0.047340546
-0.19829142,209.07022,11.816666,2.8020856,212.45245,9.412723,-3.8222375,212.06802,9.63168,7.766181,211.24034,-0.22661945,-8.678583,210.71788,0.362409,16.69504,193.73914,-11.309519,-18.526697,193.18623,-2.769461,30.729637,170.63069,-10.013079,-26.065071,167.60657,1.8575904,20.516127,153.62384,3.504588,-10.82474,151.64632,10.598059,9.20207,143.1524,-11.6996155,-13.3511,142.82866,-4.996692,15.243487,107.11768,-1.7228175,-13.616622,108.78124,11.605526,10.934943,73.23664,-15.675589,-18.806227,74.18051,-0.3758491
-0.632202,208.68217,12.069192,2.3669844,212.14766,9.801642,-4.2606673,211.7125,9.935743,7.3247523,210.8646,0.05160497,-9.16025,210.3364,0.6817732,16.890854,193.93457,-9.200415,-18.336708,192.90053,-4.5163865,32.586544,171.81213,-6.832792,-26.918327,167.27481,-1.4384894,22.793776,153.56279,5.235637,-13.646482,150.73209,9.8794365,9.836218,142.70026,-11.632548,-13.07031,142.4043,-6.58581,15.914914,106.844826,-1.7538406,-15.201396,109.24095,11.04282,11.89128,73.39893,-16.15778,-18.378983,74.24944,-0.57978714
-1.1386415,208.64064,12.4308195,1.9409031,212.02473,10.130668,-4.684778,211.67503,10.16607,6.911364,210.96709,0.44509012,-9.530242,210.36627,0.9470789,17.427034,194.27051,-7.2119517,-18.218082,193.13608,-5.9169135,34.27192,172.97328,-4.4700165,-28.283686,168.06061,-5.0015306,24.72369,154.7986,7.659941,-16.28699,152.51144,8.54136,10.704702,142.76427,-11.294346,-12.636187,142.48466,-8.027865,16.600412,106.975624,-2.0430577,-16.832457,110.13816,10.487163,12.95485,73.48409,-16.447784,-17.923815,74.83639,-0.39472333
-1.6354277,208.90627,12.847263,1.4795927,212.27682,10.580119,-5.1449213,211.90956,10.493786,6.5926514,211.6266,1.0508652,-9.794564,210.6118,1.1609464,17.901691,194.94943,-5.547593,-18.077368,193.6609,-7.148228,36.173706,174.7954,-2.9873242,-29.834223,169.15749,-8.172304,26.441444,157.64885,9.89147,-19.067509,154.37213,7.187874,11.469077,142.97903,-10.995426,-11.989315,142.86331,-9.214464,16.96749,107.34074,-2.5141015,-17.995834,111.23622,9.892761,14.034416,73.39454,-16.57559,-17.520906,75.68494,0.04994756
-2.1317987,209.4099,13.268232,0.9819042,212.86598,11.135929,-5.6398025,212.42381,10.930729,6.4375677,212.32552,1.7409858,-9.9881,211.43826,1.4131848,18.536293,196.05238,-4.1778355,-17.951666,194.619,-7.8036213,37.76943,177.104,-2.0873625,-31.017822,171.43237,-11.640661,28.303495,160.81735,11.944724,-22.375027,157.39877,5.27196,12.226312,143.76135,-10.619613,-11.495709,143.80463,-9.898644,17.172829,107.8346,-2.9002814,-18.839092,112.48408,9.392907,15.225184,73.48613,-16.74421,-17.213995,76.42848,0.7735775
-2.3400095,209.98125,13.84873,0.6912527,213.57944,11.835958,-5.909,212.95108,11.546098,6.211981,213.40527,2.4855351,-10.205139,212.30835,1.9970514,19.05563,197.49226,-3.2000082,-17.744059,195.81282,-8.440939,39.195457,179.38104,-1.6295948,-32.180786,173.93428,-14.672217,30.101667,164.04597,13.700274,-25.839964,160.26984,3.4463985,12.898306,144.58372,-10.076365,-11.034276,144.82887,-10.34221,17.250336,108.279175,-3.6391323,-19.543497,113.55494,8.821062,16.605776,73.651886,-16.934565,-17.21367,77.172554,1.2539247
-2.4209838,210.68973,14.605491,0.5355888,214.3337,12.563358,-6.064641,213.6469,12.401897,6.023985,214.27115,3.2087502,-10.387037,212.9123,2.8785377,19.158632,198.74323,-2.5315285,-17.647598,196.89085,-8.648182,40.125294,181.78409,-1.6259503,-32.881973,176.59221,-17.53776,32.306732,167.95097,15.513388,-29.241474,162.99016,1.4441103,13.503536,145.4309,-10.058466,-10.606082,145.80237,-10.636168,17.55902,108.90183,-4.3704987,-20.066824,114.48474,8.038265,17.93884,73.85681,-16.847939,-17.835016,77.92509,1.602693
-2.517129,211.59329,15.336259,0.3637845,215.21008,13.139888,-6.22209,214.43517,13.084646,5.8725877,215.1896,3.8623958,-10.546632,213.80939,3.6633992,19.001877,199.94885,-1.8679401,-17.670473,197.95357,-8.792359,40.53955,183.6655,-1.6877993,-33.106503,179.152,-20.213215,34.392334,171.57155,17.363953,-32.690002,165.92766,-0.6381137,13.768786,146.33495,-9.694736,-10.076637,146.79373,-10.550802,17.908798,109.62311,-5.02227,-20.279802,115.32365,7.4502907,19.897253,74.29925,-16.983612,-18.635704,78.59526,1.5500174
-2.480091,212.48817,16.11061,0.35906577,216.03351,13.7541685,-6.228111,215.22462,13.798036,5.8454704,216.06714,4.585591,-10.542433,214.61246,4.408633,18.70451,201.03233,-1.1254815,-17.383394,199.18854,-9.190134,40.69768,185.49025,-1.8952554,-33.163177,181.48578,-22.124296,36.562275,175.7426,18.89155,-36.38067,168.15599,-2.9127605,13.764294,147.19325,-9.440147,-9.806435,147.65042,-10.59017,18.40443,110.49,-5.428932,-20.378958,115.94596,6.9838886,21.796099,75.02579,-16.97549,-19.770557,79.28178,1.150192
-2.752449,213.05037,16.738361,0.1137958,216.68091,14.549971,-6.481418,215.91402,14.550716,5.578618,216.7991,5.313142,-10.818454,215.25478,5.0657883,18.603231,201.81702,-0.47380415,-17.348778,200.0377,-9.525785,41.035927,186.65816,-1.8810083,-33.06661,183.3756,-23.804653,39.188847,179.31764,20.150158,-40.40795,170.28795,-5.612263,13.943941,148.02666,-8.897328,-9.344839,148.38078,-10.549512,19.32792,111.35178,-5.676514,-20.268675,116.51134,6.465836,24.124123,75.80253,-16.792124,-21.427227,79.83692,0.37902093
-3.0482397,213.42694,17.292791,-0.10566041,217.0468,15.186968,-6.711642,216.44368,15.205239,5.3372464,217.07549,5.820308,-11.124894,215.76129,5.675557,18.377337,202.32603,0.2277512,-17.04934,200.62737,-10.098967,41.243465,187.79227,-1.4451998,-32.63103,184.6541,-25.07672,41.35618,182.1204,21.145662,-44.233074,172.42227,-8.66395,14.302458,148.58449,-7.957993,-8.91638,148.85406,-10.455156,20.24766,111.983086,-5.7614346,-20.37716,116.94085,6.045837,26.267725,76.526566,-16.654278,-22.93465,80.30494,-0.48641747
-3.3228793,213.60968,17.872322,-0.47741777,217.2795,15.718252,-7.0696654,216.56885,15.849713,4.948554,217.29684,6.355641,-11.426971,215.88487,6.2384334,18.016768,202.64705,0.72144425,-16.788595,200.95523,-10.438927,41.28389,188.65945,-0.8197673,-32.043022,185.3963,-26.068401,44.105602,185.11205,21.95593,-47.176723,173.92522,-12.07689,14.6733465,148.84544,-7.2446175,-8.726122,149.06786,-10.074916,21.191711,112.532326,-5.269405,-20.7062,116.95841,5.6028924,28.42015,77.35415,-16.78435,-24.902428,80.60827,-1.5373535
-3.4257116,213.47356,18.338902,-0.626604,217.32367,16.445372,-7.2087584,216.49132,16.482203,4.7146316,217.20912,6.7434173,-11.698486,215.88956,6.8379254,17.631786,202.68996,1.3103735,-16.724863,200.92805,-10.515801,40.92637,189.06107,-0.12623985,-31.832788,185.39804,-26.591143,46.602566,186.95483,22.158964,-49.877567,174.99507,-15.3914385,14.85642,148.85095,-6.7554007,-8.392126,149.0247,-9.824741,22.238539,112.699425,-4.560624,-21.099033,116.60459,5.001924,30.715374,78.09844,-17.019218,-26.799747,80.704865,-2.5344713
-3.5229259,213.31348,18.940025,-0.76123685,217.14601,16.959976,-7.339085,216.30229,17.103964,4.5912285,216.99208,7.292519,-11.82346,215.61331,7.4583516,17.25918,202.59418,1.9201236,-16.716343,200.55104,-10.527728,40.33873,189.1458,0.53250223,-31.702194,184.93352,-26.668636,49.270103,187.83739,21.836123,-52.013653,175.89282,-18.729786,14.709026,148.70186,-6.178978,-8.20102,148.64252,-9.836391,23.021994,112.84039,-3.646823,-21.270977,116.17742,4.533143,32.656895,78.69453,-17.11217,-28.49626,80.5316,-3.8762152
-3.7447255,212.83122,19.38829,-1.0269442,216.6069,17.257261,-7.5981574,215.8033,17.602125,4.3077073,216.43597,7.6316147,-12.0380945,215.06342,7.894871,16.671309,202.13571,2.3618457,-16.619831,199.96802,-10.571576,40.07868,189.18134,1.4338712,-31.556204,184.18892,-26.549374,51.736595,188.03418,21.51544,-53.294197,176.03008,-21.617338,14.809655,148.05734,-5.313416,-8.132429,147.8778,-9.777957,23.65006,112.45613,-2.7504454,-21.513617,115.238144,4.032005,34.43948,79.17579,-17.459105,-30.169289,79.95785,-5.078113
-3.971738,212.02948,19.658375,-1.2013023,215.79723,17.57182,-7.7875195,215.05908,17.888687,3.9916878,215.72284,7.9275584,-12.315752,214.26942,8.226433,16.308155,201.37115,2.79754,-16.66811,199.06389,-10.83933,39.77695,188.70683,2.4765122,-31.878515,182.94926,-26.226048,53.732536,187.79578,21.198015,-54.421413,175.69815,-24.207882,14.918497,147.16264,-4.449482,-7.9803333,146.98601,-9.494914,24.18305,111.83246,-2.156746,-21.943962,114.296936,3.5301812,36.466076,79.45066,-17.82589,-31.208307,79.3004,-6.0748315
-4.1318054,211.25372,19.9716,-1.3602308,214.87825,17.643898,-7.942997,214.18878,18.03796,3.7684155,214.7217,8.136557,-12.562851,213.34595,8.549276,15.999768,200.30946,3.3204212,-16.89432,197.67921,-10.809749,39.691036,188.16896,3.3442183,-32.19938,181.46045,-26.114826,55.145306,187.10469,20.855293,-55.101498,174.70049,-26.290833,15.033356,146.38177,-3.7230976,-7.755467,145.95326,-9.665427,24.47324,110.99955,-1.2533429,-22.240139,113.36832,3.0205796,38.034454,79.53415,-17.902122,-31.95689,78.42284,-7.1204057
-4.560003,209.80942,20.036438,-1.8456463,213.47865,17.721561,-8.4183,212.78348,18.255743,3.4153244,213.38239,8.264453,-12.917773,211.95235,8.584036,15.74458,198.69583,3.8491557,-16.883083,196.07793,-10.584473,39.799026,187.2091,3.8974276,-32.304817,179.93349,-26.028542,56.494312,185.86136,20.41361,-55.342,173.86055,-27.731709,15.251308,145.3067,-3.0303671,-7.5733905,144.69182,-9.543713,24.639643,110.007385,-0.55339926,-22.852806,112.19859,2.439344,39.470833,79.466774,-17.942581,-32.11721,77.17152,-8.046988
-5.10596,208.34715,20.12556,-2.3192854,212.08455,18.00967,-8.902452,211.29358,18.177639,3.008754,211.82231,8.430271,-13.387714,210.41849,8.6324,15.638073,197.02798,4.2830253,-16.974035,194.32582,-10.1287565,39.896996,185.95476,4.4392157,-32.335148,178.1921,-25.77383,57.668274,184.60461,19.793736,-55.359947,172.86688,-29.240599,15.21179,143.82933,-2.7135603,-7.6177535,143.11963,-9.462364,24.503326,108.59954,0.056421924,-23.256426,110.671425,2.0284092,40.794727,79.058685,-17.677711,-31.463219,75.59051,-8.9795265
-5.5246835,206.932,20.200094,-2.8124657,210.73238,18.0934,-9.376749,209.85818,18.32788,2.5339537,210.08882,8.333756,-13.786304,208.74213,8.629947,15.437421,195.20772,4.5091085,-16.953814,192.2206,-10.0470085,40.06626,184.86255,5.1392612,-32.60098,176.25862,-25.496609,58.628674,183.17596,19.69059,-55.593678,171.57686,-30.133654,15.063707,141.92604,-2.5231261,-7.403154,141.3485,-9.42838,24.28557,106.910515,0.28513843,-23.746405,109.2571,1.5825793,41.860065,77.87898,-17.694609,-30.077417,74.00871,-9.468372
-5.9122715,205.29723,20.021051,-3.2775857,209.1264,17.876457,-9.830828,208.19005,18.241549,2.1170044,208.4172,8.138104,-14.169468,206.89555,8.443229,15.255477,193.61842,4.789378,-17.073595,190.15556,-10.025993,40.051346,183.79832,6.159945,-33.08255,174.5914,-25.38561,59.436115,181.9093,19.554625,-55.925705,170.054,-30.557365,15.092756,140.38757,-2.2145162,-7.4071774,139.8953,-9.532014,24.508423,105.2678,0.356026,-24.102167,107.9491,1.4571083,42.869503,76.7084,-17.547558,-28.549278,72.85981,-9.774414
-6.2882166,203.79953,19.957594,-3.602798,207.52217,17.695345,-10.153805,206.50438,17.801298,1.7188753,206.81546,8.044102,-14.5614395,205.04607,8.334609,14.897155,192.31831,5.0693536,-17.077215,188.28366,-9.820472,39.486687,182.89001,7.3661394,-33.03779,173.05428,-25.707067,59.69659,180.81917,19.4923,-55.89915,168.53584,-30.882318,15.131915,138.92804,-2.1481516,-7.3186226,138.54517,-9.684944,24.650625,103.80804,0.27498025,-24.143736,107.057076,1.6556503,43.718174,75.81982,-17.771542,-27.21725,72.227486,-9.676873
-6.57178,202.49467,19.67335,-3.8456376,206.2326,17.479969,-10.400179,205.23099,17.490984,1.47047,205.52289,7.805873,-14.85635,203.68167,8.047883,14.780789,191.01945,5.210946,-17.18895,186.67924,-9.761067,39.531883,182.06516,8.162377,-33.318012,171.58934,-25.740934,60.03441,180.15897,20.009508,-56.201714,167.34177,-31.152315,15.239035,137.79053,-2.1547334,-7.27219,137.47244,-9.801355,25.068235,102.763245,-0.046783313,-24.240528,106.736275,2.4135714,44.38437,75.28838,-18.143518,-26.61385,72.31989,-9.493753
-6.7068243,201.88048,19.387098,-3.9666526,205.55031,17.117378,-10.526512,204.5636,17.122232,1.4889754,204.7279,7.6316357,-14.809097,202.76448,7.6232834,14.629356,190.49657,5.1954627,-17.17172,185.77861,-9.492871,39.442852,181.76776,8.597429,-33.38856,170.60147,-25.453821,59.85982,179.85764,20.51377,-56.405754,166.24551,-30.61305,15.327283,136.92485,-2.3538253,-7.1752734,136.69012,-9.8199,25.523235,102.065956,-0.52795917,-24.631506,106.582985,2.9517229,44.684795,74.83345,-18.791151,-26.174417,72.33162,-9.087436
-6.840582,201.55096,19.054071,-4.0629044,205.2118,16.800526,-10.630817,204.33574,16.871172,1.4680138,204.66443,7.445475,-14.83964,202.75899,7.1599607,14.647761,190.31007,5.0079594,-17.2253,185.59547,-9.432003,39.33665,181.63988,9.135913,-33.198936,170.00096,-25.178152,59.341385,179.71938,21.641195,-56.44659,165.3064,-29.270443,15.4384775,136.74121,-2.732162,-7.170941,136.50938,-10.077766,25.967203,101.87188,-1.3537444,-24.690014,106.46367,3.2847223,45.0044,74.35737,-19.231853,-26.098166,72.2516,-9.124871
-6.711625,201.9566,18.795181,-4.083505,205.73058,16.56169,-10.622966,204.61566,16.663967,1.4581001,205.09328,7.0916233,-14.854307,203.00255,7.0820208,14.690776,190.66273,4.6061244,-17.288425,186.09053,-9.410022,39.288822,181.68675,9.020124,-32.79245,169.7581,-24.803724,58.196392,179.85634,23.149055,-56.161034,164.711,-27.810926,15.429008,137.01497,-3.275399,-7.2850513,136.75179,-10.355467,26.59058,102.41312,-1.8408015,-24.50974,106.64678,3.0852022,44.797066,74.75799,-19.477552,-26.141636,72.47483,-9.081098
-6.4604454,202.61885,18.575777,-4.05613,206.50795,16.280607,-10.524484,205.0549,16.460096,1.4169742,205.9607,6.7045264,-14.862124,203.87552,7.070244,14.856704,191.53665,4.0452867,-17.522291,187.15663,-9.461089,39.372616,182.2815,8.588627,-32.29904,170.20345,-24.612501,56.579338,180.01015,24.539446,-55.536697,163.72635,-25.508621,15.178878,138.06335,-4.0543003,-7.57427,137.78864,-10.629872,27.073557,103.581215,-2.1497488,-23.750643,106.92623,2.6180859,44.500942,75.21959,-19.538702,-26.392881,72.77665,-8.927861
-6.2307763,203.78123,18.384195,-3.706939,207.57346,16.05769,-10.218651,206.31978,16.24949,1.4557393,207.49869,6.521432,-14.860382,205.30843,7.0439305,15.023655,193.02975,3.6078217,-18.109385,188.68135,-9.636796,39.377262,183.31152,8.289135,-32.193974,170.83862,-24.530947,54.422665,179.83441,25.957634,-54.77452,162.7427,-23.252827,15.19876,139.60675,-4.7714357,-7.6039467,139.13408,-11.026403,27.526793,105.32457,-2.4385617,-22.530977,107.27859,1.7458862,44.131134,75.93121,-19.265894,-26.906456,72.796844,-8.934351
-6.0766554,205.50212,18.266422,-3.4630866,209.17749,15.852721,-10.0074215,208.14224,16.151953,1.5784079,209.2609,6.3608913,-14.695994,207.31697,6.9415607,15.214726,194.635,3.165973,-18.600286,190.34631,-9.837279,39.103806,183.56267,7.7977204,-32.182323,171.79353,-24.442242,51.55022,179.16278,27.25803,-53.559498,161.92702,-20.386879,15.459064,141.23477,-5.743285,-7.6050963,140.58559,-11.504444,28.075598,107.079506,-2.7223282,-21.173985,107.85185,0.6331003,43.60564,76.97441,-18.916834,-27.223118,73.35247,-8.875079
-5.7416353,206.99377,17.89053,-3.1659074,210.8341,15.710592,-9.702448,209.71797,15.945195,1.7336745,211.10625,6.0291924,-14.571308,209.08447,6.8058925,15.379335,196.46304,2.0681746,-19.038864,192.32063,-9.5085745,38.817585,184.24947,7.1654744,-32.037655,173.16133,-23.779924,48.15697,178.5446,28.103151,-51.6532,161.28755,-17.712566,15.783568,143.33913,-6.7924824,-7.5782714,142.30743,-11.610674,28.342476,109.113495,-3.082904,-20.179466,108.76527,-0.24946864,42.79251,77.96275,-18.37306,-27.33737,73.99956,-8.608549
-5.3206906,208.57521,17.561453,-2.8083696,212.55933,15.585438,-9.325874,211.31819,15.735677,2.067186,212.9334,5.6487975,-14.251864,210.8184,6.5823236,15.668206,198.16118,1.0910307,-19.341242,194.20482,-9.133498,38.306095,184.484,6.709061,-31.911678,174.5604,-23.013702,43.868446,177.24684,28.564604,-48.959682,160.50151,-14.447778,16.00692,145.40222,-8.105844,-7.6186843,144.15125,-11.529738,28.415506,110.95672,-3.300752,-19.0734,109.74972,-1.5267601,41.601532,79.04025,-17.954266,-27.32241,74.85491,-8.466048
-5.112583,210.23085,17.409534,-2.5242481,214.17699,15.45288,-9.068306,213.02829,15.572901,2.3093796,214.66536,5.603137,-14.046401,212.64319,6.468953,15.81529,199.75401,0.117667496,-19.528133,196.09853,-8.278361,37.63464,184.57712,5.861453,-31.59184,175.82213,-21.996044,39.06771,176.26776,28.136284,-45.610497,160.02052,-11.531044,16.190971,147.29216,-8.98797,-7.7465167,145.79897,-11.775951,28.461586,112.680695,-3.6539943,-17.734037,110.99616,-2.3296242,40.51886,80.17891,-17.951065,-27.03587,75.69594,-8.118755
-5.0057364,211.64804,17.377275,-2.3270895,215.5052,15.367374,-8.882731,214.43607,15.371531,2.7509506,215.98651,5.791025,-13.604775,213.9808,6.1232057,15.8165655,201.33896,-0.47104174,-19.779325,197.50316,-7.9184837,36.281624,184.65446,5.211767,-31.592169,176.6144,-20.811346,34.528088,175.27853,27.062881,-41.74941,159.26997,-8.384051,16.342567,148.71092,-9.652675,-7.786689,147.38333,-12.001985,28.39565,113.93934,-3.9243922,-16.670116,112.23756,-2.9861522,39.53206,81.22084,-18.65492,-26.249466,76.52397,-7.5000134
-4.7518353,212.99168,17.409006,-2.079844,216.77989,15.254222,-8.639401,215.75856,15.373948,2.9553752,217.25282,5.7312436,-13.357311,215.20956,6.15969,15.71876,202.59023,-0.9740732,-19.995596,198.75589,-7.4959984,34.918056,184.59097,4.5526085,-31.398275,177.42618,-19.86155,30.050539,174.73251,25.530918,-37.245617,159.60532,-5.7461076,16.135965,150.05273,-10.190285,-7.953064,148.82394,-12.314914,28.010214,115.23585,-3.966956,-16.019997,113.27246,-3.1895683,38.571552,82.2214,-19.020863,-24.919521,77.27669,-7.2513213
-4.5617914,213.96288,17.430582,-1.7572403,217.69308,15.332142,-8.324586,216.76399,15.222401,3.2851193,218.12915,5.8074656,-13.036613,216.22235,6.0623417,15.515764,203.60704,-1.3629106,-20.092617,199.70981,-6.8992267,33.41012,184.43597,3.8646078,-31.084902,177.96545,-18.649502,25.692955,173.99878,23.613192,-32.6969,159.82933,-3.803353,15.883137,150.97581,-10.429054,-7.972195,149.7177,-12.372469,27.528913,115.98628,-3.9620752,-15.733226,113.937294,-3.1461532,37.12276,82.89544,-19.485338,-23.1787,77.719696,-7.2226505
-4.3897033,214.61143,17.439484,-1.5759993,218.33115,15.3348255,-8.147253,217.48982,15.313706,3.4882498,218.8739,5.8721766,-12.811082,216.94899,6.0558605,15.48213,204.1894,-1.6392695,-20.03298,200.28462,-6.793723,31.911648,183.63487,3.1278183,-30.903551,177.6442,-16.990667,21.80783,172.80841,21.654192,-28.436964,159.6366,-2.3078337,15.615664,151.61514,-10.704965,-7.957663,150.34972,-12.36068,26.925318,116.61962,-3.8709435,-15.400479,114.53472,-2.822967,35.582367,83.23109,-19.79398,-21.157528,78.27453,-7.5130343
-4.2962565,215.17914,17.498129,-1.4536598,218.87482,15.379614,-8.032405,218.06184,15.3372555,3.7119272,219.35124,6.03305,-12.599555,217.44821,5.994358,15.457709,204.3888,-1.578639,-20.033838,200.52907,-6.4101806,30.481485,182.6665,2.5843263,-30.462225,177.5253,-16.15089,18.459867,171.7756,19.796116,-24.355947,160.36336,-1.4337044,15.432753,152.21283,-10.864685,-8.138833,150.8538,-12.3026,26.007647,116.90444,-3.85012,-15.141258,114.94233,-2.0583272,33.910942,83.54613,-20.157282,-18.948353,78.598755,-7.8164215
-4.2239695,215.59636,17.52584,-1.4398159,219.34692,15.438277,-8.002004,218.38829,15.329492,3.961879,219.53403,6.0622973,-12.383067,217.66476,5.8870034,15.520352,204.17897,-1.5449775,-19.89778,200.76251,-6.217275,28.92248,181.28888,1.9076552,-29.651144,176.97218,-14.712223,15.228889,170.0326,17.52414,-20.91307,160.31316,-0.5881782,15.125901,152.29405,-10.690389,-8.532674,151.1264,-12.211036,25.13325,116.60481,-4.02056,-14.641381,115.08354,-1.1240807,32.452427,83.097595,-20.419758,-16.66027,78.581726,-8.146229
-4.0018315,215.65404,17.596668,-1.161234,219.44534,15.660013,-7.7100086,218.47282,15.317632,4.1803875,219.49518,6.1020055,-12.193097,217.7555,5.9885154,15.624221,203.75737,-1.4012246,-19.958637,200.6274,-6.024268,27.388992,179.80913,0.94888365,-28.859623,176.12099,-13.502557,12.540094,168.43484,15.496066,-18.236458,160.14284,0.114367574,14.83317,152.25214,-10.680199,-8.831311,151.03322,-12.151622,24.388676,116.27341,-3.974476,-14.14779,115.1855,-0.275423,31.077774,82.987656,-20.632126,-14.933327,78.838066,-8.582257
-3.8503764,215.67328,17.60897,-0.9970753,219.43192,15.6260395,-7.5535355,218.49088,15.320964,4.2844787,219.41457,6.043345,-12.098395,217.71187,6.023637,15.634238,203.5688,-1.3351961,-19.965176,200.55815,-5.862622,26.673649,179.26149,0.5669761,-28.407526,175.7981,-12.914607,11.352205,167.89162,14.602037,-17.242579,159.97974,0.48871517,14.747357,152.14713,-10.714098,-8.967406,150.94258,-12.055483,23.978601,116.11867,-3.9292133,-13.93564,115.133064,0.11275659,30.458748,82.910446,-20.773037,-14.111568,78.88341,-8.809185
-3.6189914,215.64932,17.671719,-0.7870014,219.31833,15.517868,-7.355554,218.38715,15.343004,4.444663,219.10928,5.9841733,-11.936735,217.35323,6.087072,15.623768,202.70139,-1.1888752,-19.855564,200.14412,-5.4513483,25.0633,177.61128,-0.103029124,-27.196068,174.92725,-12.087141,9.00209,166.40921,13.1527195,-15.528236,159.27922,1.1095158,14.619737,151.42894,-10.701844,-9.212932,150.44774,-11.688505,23.002947,115.439674,-3.8781667,-13.296066,114.780914,0.82205623,29.060545,82.51372,-21.278347,-12.029899,78.868355,-9.310871
-3.4388988,214.91852,17.820158,-0.48135176,218.55739,15.770114,-7.057624,217.76208,15.43087,4.62673,218.31694,6.1158924,-11.799101,216.89667,6.290365,15.6272335,201.60936,-1.3104492,-19.8013,199.27023,-5.127152,23.299875,175.8373,-0.7018912,-25.974474,173.43098,-10.9286785,6.221387,164.28221,11.037075,-12.972759,157.93016,1.2982693,14.420663,150.62918,-10.765831,-9.329829,149.67664,-11.4263525,21.94617,114.77327,-3.792362,-12.429084,114.21844,1.5140244,27.323502,81.78308,-21.57472,-10.18114,78.56926,-9.649329
-3.3479245,213.96347,17.879238,-0.36804736,217.62845,15.909746,-6.9499345,216.89238,15.558718,4.884276,216.99844,6.141644,-11.560891,215.97212,6.3001995,15.672377,200.2005,-1.331054,-19.867737,198.16895,-4.6673784,21.54486,173.94682,-1.2071432,-24.629051,171.94908,-10.394551,4.0321264,161.50551,8.971931,-11.015389,156.9418,1.8204794,14.361297,149.57751,-10.80499,-9.488291,148.64835,-11.257935,20.96147,113.46772,-3.5780013,-11.536437,113.26759,2.3843265,25.68864,80.67868,-21.706165,-8.381346,78.09694,-10.019066
-3.3581595,212.822,17.837143,-0.3969298,216.51004,15.895357,-6.9947615,215.84247,15.706397,4.921387,215.70024,6.1253185,-11.550223,214.81654,6.2447605,15.607908,198.47865,-1.4097135,-19.83725,196.65991,-4.1344604,20.331896,172.04907,-2.1130562,-23.52072,170.20047,-9.693372,2.767706,158.87454,7.189951,-9.449841,155.41158,2.052588,14.090348,148.24654,-10.818655,-9.504858,147.2388,-11.209234,20.23544,112.26264,-3.1493168,-10.427158,112.15903,3.2404037,23.986994,79.59182,-21.543486,-6.901777,77.385704,-10.220626
-3.2952816,211.48126,18.002121,-0.2461575,215.11687,16.079235,-6.845375,214.53558,15.766517,5.0675607,213.87279,6.240146,-11.396116,213.38608,6.327661,15.556583,196.61476,-1.5445992,-20.136225,194.81285,-3.9168994,19.364653,169.92006,-2.9417217,-22.698605,168.14514,-9.01429,2.2422864,155.86575,5.69679,-8.213016,153.28049,2.1792543,13.859359,146.8183,-10.945476,-9.485693,145.67252,-10.920241,19.468672,110.71983,-2.8552287,-9.458709,110.717834,3.7482615,22.114368,77.98145,-21.566483,-5.898306,76.43528,-10.335046
-3.2117307,210.1114,18.070938,-0.16132425,213.62697,15.959597,-6.7759433,213.1255,15.813564,5.204269,212.25227,6.3131356,-11.291144,211.7862,6.324897,15.552793,194.56642,-1.6162286,-20.296913,192.83292,-3.2625043,18.905231,167.81306,-3.8741505,-22.245005,166.17006,-8.403174,2.4399195,152.79431,4.805347,-7.4873853,150.88907,2.0156703,13.586633,145.19676,-11.081823,-9.512286,144.02605,-10.704139,18.919788,109.268585,-2.578353,-8.707521,109.2709,4.323182,20.600874,76.479576,-21.499056,-5.520254,75.44254,-10.606903
-3.167801,208.5287,18.065279,-0.03111673,211.9873,15.9660225,-6.642091,211.5728,15.699192,5.236304,210.60039,6.2789974,-11.26486,209.9894,6.310906,15.598255,192.4776,-1.7769823,-20.310432,190.76266,-2.7527003,18.883059,165.55971,-4.2840776,-22.318464,163.99483,-7.60731,3.4237137,150.03532,4.9327693,-7.348514,148.26994,1.6878251,13.53556,143.68082,-11.323588,-9.670009,142.47588,-10.480481,18.62547,107.66889,-2.4545822,-8.053341,107.80661,4.5510397,19.286642,75.29732,-21.786276,-5.782373,74.32869,-11.026034
-2.8806903,207.24318,17.937912,0.16090952,210.63097,15.616231,-6.4504633,210.11755,15.505286,5.1933994,209.08205,5.879464,-11.282819,208.55377,6.4123936,15.634813,190.77179,-1.8265654,-20.12613,189.22348,-2.3675833,19.105701,163.80173,-4.526952,-22.595459,162.26378,-6.7481294,4.6745224,147.48,4.868931,-7.68022,145.76926,1.7477012,13.284984,141.88129,-11.560509,-9.822114,140.90411,-10.272348,18.470106,105.98499,-2.1337004,-7.660832,106.27391,4.7165623,18.33542,74.30673,-22.012377,-6.3611298,73.13234,-11.236317
-2.6135314,206.18408,17.84038,0.37496468,209.5923,15.482862,-6.2293963,208.97635,15.390043,5.224966,208.09177,5.649883,-11.214494,207.36293,6.40944,15.633174,189.54866,-2.1366403,-19.752836,188.24983,-2.1602952,19.577429,162.53905,-4.922963,-23.193695,161.24466,-6.097406,6.550342,145.44594,4.870287,-8.412086,144.22455,2.0374312,13.111926,140.31897,-11.597171,-9.813206,139.43542,-10.202797,18.130516,104.6888,-2.0694273,-7.595127,105.243,4.9197693,17.357964,73.46768,-22.221243,-7.136911,72.568535,-11.192154
-2.444685,205.60268,17.745663,0.480363,208.99046,15.274102,-6.1234474,208.37212,15.363676,5.3376493,207.62068,5.532635,-11.092961,206.74667,6.3434443,15.702516,189.41432,-2.2416182,-19.62299,187.9088,-2.2917328,20.131737,162.53796,-5.1697044,-24.142511,161.1048,-5.9237633,8.419431,144.45383,5.011403,-8.9194,144.40411,2.1820805,12.917035,139.69965,-11.829201,-9.754285,139.06238,-10.335597,17.8487,104.28339,-2.1115763,-7.696555,105.396545,5.4905396,16.612095,73.22412,-22.272112,-7.6526885,72.890816,-10.76824
-2.2967327,205.50493,17.613062,0.5988201,208.9877,15.243879,-6.005085,208.29305,15.289925,5.357064,207.79219,5.3411365,-11.074835,206.79955,6.3572364,15.8078165,189.75618,-2.5533617,-19.700436,188.07635,-2.3542447,21.355001,163.37483,-5.5176387,-25.417698,161.502,-5.867852,10.585382,145.25378,5.294565,-9.448888,145.4988,2.3936543,12.927752,140.29828,-12.069559,-9.772904,139.60796,-10.508188,17.251938,104.73022,-2.530751,-8.115927,106.036606,5.9226565,16.184723,73.19632,-21.93165,-8.2359915,73.49985,-10.122869
-2.2576952,205.89964,17.472712,0.6653468,209.42453,15.202953,-5.945717,208.81479,15.2758665,5.403059,208.57716,5.295112,-11.034276,207.66106,6.2798557,15.81035,190.84003,-3.0040836,-19.814978,188.88417,-2.2132733,22.988363,164.77966,-5.87616,-26.89139,162.58626,-5.7519503,12.816468,147.13374,6.099871,-10.292571,147.77634,2.6754687,12.822573,141.29759,-12.752656,-9.821771,140.5933,-10.504334,16.671165,105.5574,-3.0729656,-8.4146185,107.09842,6.230269,15.957702,73.47996,-21.659666,-8.662013,74.185555,-9.697017
-2.2654686,206.80913,17.304913,0.7194646,210.3584,15.15502,-5.900655,209.88766,15.259682,5.4231906,209.82458,5.2097993,-11.008305,208.7659,6.104429,15.976969,192.4237,-3.3904862,-19.818056,190.3578,-2.1911886,24.732807,166.94032,-6.462353,-28.690306,164.65338,-5.5766153,14.887876,150.16391,7.084373,-11.580053,151.40208,3.8662255,12.690265,142.44284,-13.421738,-9.818562,141.89967,-10.504204,16.397778,106.55068,-4.004881,-8.406934,108.24904,6.080982,15.607059,73.93904,-21.408693,-8.947069,74.97228,-9.105264
-2.2610621,207.98308,17.11778,0.69275784,211.5982,15.029062,-5.9215617,211.14915,15.2388,5.360744,211.30869,5.097378,-11.063542,210.08304,6.0019226,15.76521,194.58205,-4.0601616,-19.99179,192.02705,-2.183636,26.106201,169.71072,-6.878954,-30.261969,166.79652,-5.1298423,16.773573,153.92807,8.063055,-12.411874,155.15645,4.9701066,12.787322,143.81184,-14.014584,-9.7433605,143.31621,-10.602193,16.043747,107.77893,-4.949151,-8.168978,109.72101,5.757141,15.326906,74.5946,-21.113483,-9.032325,76.12566,-8.343243
-2.4485726,209.40262,17.007874,0.5605328,212.94624,14.874414,-6.0627046,212.55168,15.028689,5.2362747,212.9631,5.049831,-11.15617,211.84961,5.8389573,15.632621,196.9354,-4.6239214,-20.25642,193.92781,-2.3892317,27.30056,172.73938,-7.3678207,-31.555902,169.09344,-4.493417,18.131834,158.40216,9.122415,-13.099226,159.89554,6.7652893,12.655113,145.74667,-15.1056595,-9.773774,145.16339,-10.9978485,15.805066,109.37191,-6.0133085,-7.372789,111.41662,5.548483,15.152092,75.24086,-20.749817,-8.748534,77.57269,-7.4949284
-2.631253,210.66068,16.735603,0.3060876,214.33604,14.7483,-6.3069687,213.75764,14.800779,5.1000776,214.5319,4.917696,-11.315451,213.39113,5.6574345,15.410823,199.2556,-5.2747993,-20.260122,196.09212,-2.5821702,28.350729,175.8748,-7.3987527,-32.740536,171.83539,-3.8434224,19.28056,163.04538,10.336388,-14.0014925,165.48497,8.818218,12.803379,147.49962,-16.08971,-9.4217,146.92369,-11.657661,15.403463,110.84056,-7.0437846,-6.582774,113.25676,5.2459474,14.732166,75.966095,-20.379852,-8.12699,79.02847,-6.9902124
-2.754728,211.78148,16.523634,0.104908824,215.54173,14.575534,-6.4883003,214.78975,14.5522785,5.0208087,216.09552,4.916214,-11.395157,214.63596,5.42259,15.046669,201.42336,-6.0874047,-20.3622,198.1171,-2.886328,29.29115,178.87918,-6.781381,-33.441936,174.3074,-2.6130526,19.776192,167.5659,11.660108,-14.559324,171.1726,10.997031,12.701698,149.29924,-17.243324,-9.045856,148.8537,-12.256052,15.062546,112.42333,-8.324334,-5.769084,115.09065,4.9796953,14.390843,77.10961,-20.125147,-7.578231,80.99913,-7.310061
-3.0688179,212.55783,16.248798,-0.07596369,216.2832,14.418095,-6.6840453,215.73125,14.312079,4.924864,217.0081,4.8301015,-11.46996,215.62634,5.022583,14.687625,203.25449,-7.156207,-20.31537,199.84024,-3.3438463,30.006025,181.49367,-6.05463,-33.88711,176.75027,-0.7648192,19.882347,172.33482,13.214206,-15.312846,176.44789,13.566415,12.62163,151.02095,-18.53841,-8.979422,150.57478,-13.061239,15.025579,114.022,-9.471278,-4.9296303,117.1296,4.662286,14.218922,78.1854,-19.967552,-6.6438217,83.02461,-7.9165816
-3.2498338,213.1893,15.900575,-0.15085724,216.7596,13.95291,-6.779264,216.46172,13.965981,4.9004316,217.82158,4.6721554,-11.508225,216.45331,4.6055145,14.513888,205.00847,-8.12424,-20.450218,201.30698,-3.482352,29.855467,183.66675,-5.1856666,-33.99729,178.74995,1.0685539,19.407244,176.97798,15.036366,-15.11445,180.13477,15.138496,12.403484,152.62132,-19.86319,-8.960174,152.15569,-13.81385,14.648324,115.566216,-10.161699,-4.2398477,119.0012,4.6451464,14.266807,79.27897,-19.895573,-5.5454845,84.99577,-8.459127
-3.4712274,213.60515,15.274466,-0.3752403,217.223,13.397525,-7.0013885,216.90953,13.39616,4.7107997,218.27931,4.079399,-11.679303,216.98805,3.989732,14.433679,205.92807,-9.3019905,-20.371834,202.18599,-3.6794705,29.87399,185.10458,-4.1229196,-33.966858,180.6813,4.3690357,18.468676,181.21092,16.52368,-14.704874,183.311,17.597174,12.121111,153.55275,-21.145792,-9.0992,153.03343,-14.654366,14.411759,116.6468,-10.998128,-3.385753,120.53473,4.552863,14.304048,80.20672,-20.299486,-4.268385,86.617615,-8.97788
-3.6353183,214.00797,14.6680565,-0.6504386,217.70857,12.785014,-7.2686324,217.24254,12.8723,4.5509706,218.54321,3.3894255,-11.859967,217.41292,3.3731978,13.9899845,206.44861,-10.191453,-20.292303,203.03879,-3.8848825,29.643518,186.67473,-2.4058254,-33.271626,182.49443,7.258067,17.139263,184.70056,17.89554,-13.695589,185.86641,19.612537,11.844061,154.59003,-22.298664,-9.376069,154.01138,-15.555429,14.154357,117.57275,-11.734662,-2.8452828,121.73777,4.2598996,14.324866,80.979324,-21.090944,-2.7517948,87.72794,-8.952179
-3.757022,214.41132,14.033066,-0.85792583,218.16154,12.107581,-7.4644475,217.57858,12.2779255,4.3823233,218.63573,2.606297,-12.017252,217.44835,2.6662974,13.626906,206.49994,-10.951182,-20.463,203.64688,-4.0925026,29.291014,187.69588,-0.22376904,-32.18847,184.12161,9.764504,15.921502,186.50888,19.19428,-12.481269,188.27983,21.608702,11.337093,154.86613,-23.606098,-9.785873,154.19936,-16.448019,14.032134,118.078,-12.433598,-2.50669,122.26669,3.8237326,14.046665,81.65521,-22.235197,-1.1156919,87.67675,-8.09202
-4.050249,214.24135,13.365257,-1.0940367,217.99849,11.5396385,-7.6948175,217.39174,11.445461,4.0201497,218.74622,1.9790165,-12.333501,217.48862,2.067046,13.044603,206.5851,-11.711046,-20.52743,204.08632,-4.8148556,28.104395,189.02997,1.9804683,-30.508068,185.51025,11.517868,15.016832,188.97072,21.763365,-10.549171,190.38283,22.942387,10.6839485,154.99197,-24.823854,-10.139199,154.29105,-17.097311,13.968698,118.464714,-13.1177635,-2.2130008,122.33297,3.008021,13.871036,82.10518,-23.130718,0.3998135,87.10088,-6.91298
-4.262487,214.07523,12.606329,-1.3638309,217.88376,10.807045,-7.9631987,217.19398,10.751872,3.6932473,218.71808,1.1740668,-12.599489,217.3046,1.3526506,12.434034,206.61412,-12.396111,-20.501207,204.37537,-5.3531966,26.270689,190.10756,4.0705147,-28.305931,186.75291,13.172592,13.982003,189.88235,24.31522,-8.274177,191.73506,24.341873,9.970128,154.92023,-25.79769,-10.416058,154.1923,-17.773226,13.827147,118.62527,-13.787787,-2.030461,121.897026,1.772789,13.829084,82.448975,-23.862288,1.7105045,86.03179,-5.394653
-4.3208156,213.76814,11.830892,-1.3582548,217.57716,10.130446,-7.965102,216.98248,10.017218,3.477114,218.38542,0.31757668,-12.8486395,217.08694,0.74381065,11.784149,206.36623,-12.935754,-20.651562,204.37982,-6.0463777,24.183369,191.01874,5.8569083,-25.79134,187.71729,13.947231,12.489028,190.57932,26.3315,-6.2489095,192.03809,26.22979,9.307962,154.73103,-26.410402,-10.830628,153.9242,-18.201408,13.962396,118.436646,-14.288943,-1.8770252,121.23216,0.4963795,13.763286,82.42444,-24.674433,2.9249728,84.94905,-3.3444326
-4.356513,213.27621,11.207303,-1.4971969,217.07326,9.327846,-8.094185,216.39153,9.406581,3.291525,217.8489,-0.44042888,-13.037139,216.42621,0.19599527,11.264723,205.99092,-13.378769,-20.771093,204.08217,-6.427276,21.929544,191.25626,6.9330454,-23.079985,187.97159,14.6655855,10.914117,190.74034,27.697382,-4.2743316,190.99304,28.27845,8.917843,154.08629,-26.734549,-11.4168,153.16495,-18.731518,14.11803,117.68992,-14.760714,-1.7349949,119.932304,-0.86666846,13.731288,81.959465,-25.459549,4.0951695,83.681435,-0.9127176
-4.5893993,212.8017,10.669468,-1.648111,216.50957,8.718163,-8.25666,216.01819,8.910632,3.1930702,217.06277,-0.967818,-13.157869,215.88576,-0.44590306,10.731189,205.57497,-13.910866,-21.105347,203.35426,-6.4758854,19.148539,190.91335,7.145688,-20.326609,187.57915,15.103272,10.02068,189.97711,28.725718,-2.3802493,189.60573,30.154545,8.644853,153.2997,-26.790953,-11.885932,152.19765,-18.956284,14.063137,116.67961,-14.903458,-1.471557,118.19198,-2.2906516,13.697089,81.24016,-26.206623,5.323178,82.401115,1.5209553
-4.861454,211.99112,10.166635,-1.8907572,215.64148,8.159899,-8.504812,215.16432,8.294264,3.0270889,216.15532,-1.4622483,-13.312552,215.25574,-0.996282,10.330123,204.57256,-14.327437,-21.406733,202.67023,-6.4570613,16.958607,190.1024,7.343987,-17.704725,186.89021,15.271136,8.864553,188.08058,29.316044,-0.9005796,187.37257,31.591146,8.380411,152.341,-26.558567,-12.191468,151.0921,-19.02359,13.826623,115.540306,-14.938282,-1.2307001,116.47979,-3.6891222,13.981542,80.42114,-26.694462,6.6348352,81.439804,4.0039406
-5.1968946,211.20584,9.66363,-2.1141953,214.77345,7.6699796,-8.733575,214.3828,7.5959435,2.7210891,215.24443,-1.9425058,-13.648296,214.46935,-1.4587713,9.965744,203.33687,-14.190931,-21.590437,201.483,-6.1254554,14.926921,188.3322,7.8514085,-15.059296,185.72395,15.140363,7.6740317,184.70535,30.303043,1.2882904,184.33034,32.133793,7.950604,151.03746,-26.225163,-12.479945,149.7829,-18.898954,13.4907465,114.321014,-15.066316,-1.1948432,114.81196,-4.719979,14.596243,79.2112,-27.342697,7.4038124,80.39877,5.6126113
-5.4550505,210.16968,9.355263,-2.2623017,213.64467,7.3827343,-8.89082,213.5166,7.3782983,2.643447,213.9843,-2.2535958,-13.763705,213.3361,-1.9078506,9.580764,201.5134,-14.038069,-21.705534,199.90434,-5.6195626,13.68542,185.23584,7.797112,-13.229048,183.71179,15.064732,6.7803664,181.95784,30.299963,2.9204037,180.53212,32.081436,7.4935803,149.81259,-25.809599,-13.015404,148.28488,-18.625172,13.270102,112.93882,-15.162858,-1.2816142,113.25677,-5.145238,15.365688,77.61128,-27.493107,7.863704,79.29118,6.695511
-5.568933,208.92668,9.253792,-2.4617968,212.43336,7.206741,-9.091137,212.1259,7.1948953,2.5963128,212.54701,-2.3588037,-13.799663,212.01723,-2.1120667,9.539373,199.56247,-13.705344,-21.645988,198.21524,-4.812484,13.516122,181.60403,7.0470185,-12.789201,181.48329,15.380298,4.8289723,178.33066,29.010897,4.28441,176.97061,31.285582,7.212198,148.16367,-25.475403,-13.335474,146.66228,-18.006348,13.4101095,111.32585,-15.245219,-1.337186,111.757774,-4.6456523,16.659414,75.78347,-27.397049,7.982467,77.68748,7.379147
-5.5142035,207.66768,9.452121,-2.4124446,211.20546,7.446725,-9.036023,210.90623,7.4427166,2.6863253,210.80109,-2.3146117,-13.77635,210.5467,-1.9165438,9.690863,197.38051,-13.385969,-21.630856,196.65479,-3.8203163,13.573123,177.86342,5.815778,-13.504832,178.77899,15.264928,2.78841,173.7857,26.591368,5.014741,173.441,28.908627,6.940483,146.24129,-24.918688,-13.647762,144.76952,-16.98857,13.774682,109.69231,-14.968777,-1.1036837,110.47021,-3.2789185,17.87243,74.21205,-27.270956,8.285096,76.158615,7.941088
-5.2963495,206.27443,9.850388,-2.179205,209.73442,7.7302337,-8.800256,209.53114,7.840812,2.804261,209.18402,-2.008552,-13.643426,208.89471,-1.5211059,9.932037,195.11888,-12.802736,-21.823977,194.55899,-2.7178833,14.042215,173.46033,3.802721,-14.587303,175.23067,14.948768,0.074344374,169.80232,23.01243,5.9362354,170.395,25.37307,6.6284814,144.5841,-24.499542,-13.824919,143.01048,-15.797033,14.359043,108.30732,-14.388542,-0.57140803,109.454,-1.1861272,18.298616,73.34418,-26.731544,8.651609,75.29798,9.094644
-4.910582,205.02419,10.394606,-1.8600202,208.41614,8.078047,-8.479867,208.0432,8.146433,2.9906929,207.49095,-1.6770725,-13.450036,207.08455,-0.9354516,10.314717,192.68437,-12.468265,-21.876204,192.19556,-1.1673787,14.361439,169.34,1.3295345,-15.93887,170.53209,13.830599,-1.8780063,166.32957,18.906538,6.1693096,167.06645,21.298458,6.0580707,143.18729,-24.244326,-14.197687,141.56026,-14.630643,14.732964,107.43885,-13.240456,-0.008817821,109.02956,1.3101411,18.388313,73.01168,-25.971027,9.584582,75.23565,11.040262
-4.606333,203.90617,10.983583,-1.6563683,207.22813,8.445786,-8.271207,206.78705,8.71359,3.254325,205.83348,-1.2044363,-13.225761,205.51521,-0.36148944,10.581057,190.49617,-12.100537,-22.241201,189.75003,0.36762986,14.015671,165.5927,-1.6087637,-16.243744,166.42682,12.783137,-3.2438524,162.35078,14.862384,6.2903404,162.60323,16.801363,5.550587,141.54866,-24.048155,-14.625265,140.07806,-13.733163,14.976206,106.734116,-11.590673,0.72804874,109.247574,3.7367136,18.318024,72.90233,-24.934553,10.399472,75.7125,12.887586
-4.4349923,202.48618,11.568258,-1.4389976,205.7248,8.986492,-8.056913,205.4088,9.271614,3.5210743,203.94777,-0.6022873,-12.992626,203.9694,0.19975421,10.654023,188.10617,-11.576492,-22.49556,187.04189,1.6980594,13.536864,162.03412,-5.018357,-16.462244,161.87738,11.099364,-3.257187,158.17757,11.551177,6.5179133,158.00165,13.971008,4.7695,140.14278,-23.835396,-15.530256,138.84409,-13.307012,15.306276,106.35366,-10.018586,1.0739013,110.14906,6.341949,17.95296,73.001015,-24.211214,11.336265,76.6557,13.881667
-4.027946,201.11409,12.143365,-1.0446469,204.33124,9.525924,-7.6695538,203.96715,9.796056,3.8809247,202.04283,-0.13268623,-12.615729,202.22685,0.7421174,10.697757,185.76608,-11.347399,-22.620438,184.35992,2.5635474,12.941779,159.09407,-7.6979914,-17.382238,158.15646,9.446403,-1.9227726,152.12022,9.039422,4.9981194,152.06276,11.724772,4.185513,138.93623,-23.20214,-16.484024,137.8423,-13.030544,15.600973,105.95868,-8.572534,1.3215201,111.414345,8.750119,17.809076,72.994865,-23.535065,12.331685,77.65076,13.786634
-3.3884747,199.83002,12.6549,-0.4205094,202.96396,9.922914,-7.044938,202.744,10.415612,4.5343575,200.68745,0.4230018,-11.956516,200.70218,1.1965276,10.779972,183.66864,-11.555999,-22.211718,182.36314,2.6293666,12.1142435,156.89494,-9.658952,-17.970808,155.56635,7.775715,-1.5402875,146.97537,6.874924,3.0068872,145.96461,10.805364,3.5509026,138.04176,-22.60816,-17.450432,136.99393,-12.696764,15.617563,105.73187,-7.204603,1.3536729,112.87431,10.962637,17.788528,73.029106,-23.038057,13.237557,78.75314,13.101575
-2.6860766,198.67683,13.098992,0.3865948,201.7673,10.428828,-6.2443943,201.63222,10.75204,5.3405175,199.47978,0.91183835,-11.149509,199.41096,1.5489403,10.9110565,181.85806,-11.6829605,-21.560524,181.4995,2.2149725,11.06828,154.8855,-11.052862,-18.453432,154.54115,6.161292,-0.70347935,141.60922,4.86594,0.03364898,140.79176,10.847153,2.8170142,137.01099,-21.932083,-18.232748,136.39981,-12.324642,15.484394,105.65552,-5.8889766,1.2221645,114.14561,12.711912,18.19441,73.21992,-22.52233,13.572083,79.94948,11.861946
-1.8270833,197.33026,13.322937,1.2416193,200.46893,10.705603,-5.391308,200.2658,10.960132,6.1828094,198.32123,1.1527199,-10.32339,198.2721,1.7851193,11.086008,180.39294,-11.9656725,-20.877182,180.82002,1.9786288,10.257375,153.1711,-11.887486,-18.924124,153.57455,5.071295,-0.34470454,138.03061,3.7335765,-2.9729006,137.04631,10.319823,2.239049,136.0672,-21.600643,-18.8189,135.66957,-11.718818,15.721885,105.52067,-4.562268,0.78109735,115.31393,14.20477,18.705639,73.39187,-22.027273,13.26411,81.17486,10.527558
-1.0337496,196.15784,13.382487,2.087405,199.30841,10.841481,-4.54853,199.14009,11.000808,6.8605237,197.3156,1.1489533,-9.601707,197.38663,1.9577054,11.20347,179.46085,-12.291189,-20.453243,180.452,1.9837202,10.253018,151.96779,-13.131722,-20.407263,153.05539,4.559735,0.24120934,136.95366,3.2521245,-5.2931743,135.65807,9.776175,1.9296434,135.0729,-21.045673,-18.728395,135.1577,-11.03494,16.171925,104.99395,-3.563736,0.07325428,115.790054,15.849047,19.239782,73.326614,-21.676064,12.005832,81.71956,8.991089
-0.18999745,195.08542,13.248339,2.8826256,198.3369,10.769667,-3.74212,198.23743,11.165044,7.704641,196.82109,1.0804962,-8.776052,196.86209,1.9095807,11.46858,178.7362,-12.542914,-20.26743,180.33199,1.7027204,11.303812,151.19818,-14.273352,-23.074635,153.2787,4.1484847,0.93466455,138.24118,3.5121398,-7.2030354,136.85368,10.044452,1.8487494,134.56845,-20.458437,-18.715288,134.79315,-10.6370535,16.860825,104.59167,-3.147231,-1.3161929,115.61855,17.208076,20.20001,72.81297,-21.139208,10.080844,82.09378,7.4091954
0.5926324,194.23668,13.091411,3.6179078,197.55411,10.648781,-2.9891207,197.52791,11.302605,8.333413,196.33717,0.8638148,-8.075919,196.77124,1.944057,11.941207,178.28049,-12.841879,-20.027079,180.45456,1.4147983,13.50639,151.08528,-15.909268,-26.54196,154.14665,4.084288,2.5139933,140.97462,2.8995895,-8.88354,139.75449,10.85752,2.0117707,134.14867,-19.814804,-18.670027,134.55603,-10.193232,17.580263,104.26749,-2.5982058,-3.4168231,115.288414,18.782738,21.654236,72.80128,-20.515394,6.8526573,82.512566,5.983181
1.1958517,193.83127,12.726846,4.209822,197.16035,10.284006,-2.3831115,197.2102,11.111568,8.790067,196.18513,0.4687384,-7.5941973,196.78206,1.8059688,12.280996,178.08623,-13.065944,-19.977585,181.10118,0.8554035,16.30159,151.31218,-17.536253,-29.999523,156.08202,3.940538,5.0989723,144.49199,2.4480875,-10.713561,144.46745,11.802316,2.3767517,133.61732,-19.140635,-18.695618,134.53403,-9.335493,18.577389,104.066154,-2.2525234,-5.8324594,115.0546,20.518297,22.579731,72.79449,-20.269157,3.7848847,83.10618,5.638236
1.7111677,194.08795,12.617922,4.748243,197.35902,10.1224375,-1.8209083,197.55077,11.081043,9.170888,196.49597,0.31631765,-7.2045326,197.20251,1.8149599,12.816972,178.39369,-13.263449,-19.886667,182.13484,0.46713984,19.756697,152.4761,-19.444052,-33.415405,158.92714,3.6612027,8.861827,148.52144,1.0801069,-13.486528,150.31783,12.854486,2.8150094,133.38322,-17.983196,-18.79166,134.59673,-8.623982,19.658323,103.99286,-1.7217343,-8.108587,115.16255,22.047632,23.759396,72.866714,-19.952618,-0.5842336,83.91726,4.925781
2.1671205,194.71736,12.398802,5.287464,197.88841,9.875468,-1.2588054,198.29364,10.860747,9.601661,196.97502,0.06752092,-6.7889595,198.0021,1.6909364,13.46203,179.0463,-13.408274,-19.470524,183.26515,-0.14310142,22.580984,154.1495,-21.034525,-36.256042,162.30972,3.1460147,12.85625,153.3274,0.22945121,-16.623205,157.12729,14.907124,3.175148,133.52034,-16.763323,-18.881432,134.78207,-8.073202,20.915457,103.96812,-1.527762,-10.749854,115.17669,23.234123,24.96967,72.8521,-20.117895,-4.986963,84.301575,4.657896
2.4991448,195.54279,12.24634,5.800755,198.53961,9.745903,-0.728964,199.27744,10.66631,10.107869,198.07713,0.058853846,-6.3140416,198.87709,1.4739639,14.130837,180.29593,-13.663377,-18.983334,184.65663,-0.71068716,25.519003,157.01494,-22.66339,-38.589428,166.5344,2.4724944,16.352825,158.1688,-1.2566845,-19.846981,163.9181,16.474554,3.4497972,133.8368,-15.259105,-18.79551,135.2156,-6.9638677,21.697174,104.18783,-1.475718,-13.289979,115.05479,24.23097,26.72427,73.04661,-19.839552,-9.7334385,84.637215,4.462991
3.03869,196.50894,12.188617,6.351778,199.54414,9.747142,-0.1788018,200.27278,10.641606,10.645233,199.26868,0.049431235,-5.7714863,200.0325,1.4274855,14.682703,181.74437,-13.765675,-18.614222,186.0553,-1.2514461,27.883484,160.08759,-24.121885,-40.635162,171.05756,2.2602828,19.828407,162.3423,-2.3391497,-21.92476,168.72575,16.30634,3.5324502,133.96968,-13.883795,-18.841822,135.5068,-5.8779607,22.313723,104.358116,-1.441404,-16.196999,114.7892,25.082811,28.536566,72.99622,-19.429117,-14.649778,85.14522,4.406716
3.497104,197.64835,12.270531,6.852334,200.59903,9.774574,0.31838483,201.40019,10.636711,11.161032,200.35828,0.09904011,-5.2259493,201.0659,1.4326619,15.1421175,183.0731,-13.941383,-18.265291,187.69212,-1.8490995,29.354755,163.01718,-25.76511,-42.23619,175.9686,1.9917824,24.550646,165.50137,-3.0150228,-23.863873,172.71545,16.365955,3.7063663,134.21463,-12.67981,-18.964401,135.93005,-4.842483,22.60289,104.77575,-1.5863626,-19.089626,114.77547,25.740051,30.255262,73.15875,-18.917068,-19.79556,85.42378,4.2850313
4.001521,198.95601,12.394817,7.385391,201.88869,9.929328,0.84787625,202.72737,10.766466,11.679471,201.54279,0.14877951,-4.690875,202.37914,1.525842,15.761782,184.31998,-14.433008,-18.042048,189.3098,-2.0316887,30.896873,165.5464,-27.10787,-43.458923,180.28635,1.5990723,29.367538,168.485,-4.0234394,-26.533085,175.98666,17.126703,3.6997995,134.75912,-11.600321,-19.105844,136.45152,-4.0373163,22.719631,105.252945,-1.811843,-21.873482,114.80244,25.844376,31.94421,73.58833,-18.360611,-24.599838,85.81513,4.0707135
4.5827837,200.21715,12.412415,7.9779916,203.16257,9.975122,1.4586052,204.04825,10.86224,12.204336,202.92722,0.18143131,-4.1389155,203.92046,1.6581633,16.38108,185.47112,-14.381458,-17.761099,191.09471,-2.0011952,31.766035,167.95992,-28.236156,-43.96804,185.01273,0.8359811,34.68186,171.57416,-5.722931,-29.780499,178.37074,18.073288,3.8662276,135.7971,-10.561094,-19.441525,137.44392,-3.2661264,22.515043,106.02777,-2.098129,-24.36836,114.78607,25.755844,33.294914,74.07073,-17.435724,-29.270443,86.23522,3.9483292
5.5282454,201.37479,12.285223,8.885409,204.46423,9.983192,2.3784702,205.29376,11.005332,12.692518,204.30067,-0.12703475,-3.61416,205.2237,1.9514598,16.849333,186.7387,-14.32919,-17.4273,193.03995,-2.0330803,32.397396,169.64435,-28.730343,-44.186413,189.03302,0.067304246,38.731606,173.83228,-6.8296375,-33.51742,180.44095,18.858168,4.1044097,136.93576,-9.614002,-19.582287,138.78027,-2.2732565,22.54895,106.68499,-2.3075929,-26.489115,114.52798,25.283176,34.300503,74.57739,-16.400185,-33.600143,86.49456,3.2104673
6.3862157,202.55074,12.284326,9.638066,205.88211,10.173857,3.1206474,206.46396,11.300816,13.333468,205.47412,-0.21833579,-2.9582777,206.57062,2.2183309,16.897799,187.78702,-14.412663,-16.889896,194.8107,-2.2139103,32.26213,170.93031,-28.955809,-43.713036,192.01442,-0.7428446,43.120663,175.1146,-8.887627,-37.55235,181.79929,19.308441,4.2577677,138.02242,-8.8994255,-19.39575,139.95229,-1.2039276,22.558533,107.5403,-1.8839307,-28.082651,114.34467,24.543816,34.587288,75.10909,-15.153395,-37.570618,86.71047,2.7422848
7.1763287,203.53055,12.4810505,10.336727,206.9079,10.304373,3.8496132,207.42009,11.646678,14.036292,206.55016,-0.071321785,-2.1925771,207.57143,2.4098983,16.933437,188.75887,-14.437141,-16.172228,196.21706,-2.2647395,32.11578,171.77765,-28.851236,-43.096867,194.3448,-1.5120157,46.946575,175.54744,-11.230539,-41.941124,183.21027,19.039156,4.4978065,139.10576,-8.083656,-19.11918,141.0193,-0.100556724,22.805393,108.535286,-1.1868966,-29.344584,113.81105,23.442287,34.39973,75.68091,-13.748028,-41.231125,86.61067,2.1626894
7.7899117,204.37616,12.625345,10.872784,207.66324,10.21172,4.478633,208.3,11.896557,14.6011,207.44914,0.089348406,-1.622412,208.48727,2.6323242,17.146242,189.33679,-14.2513,-15.538785,197.39108,-2.261595,32.15578,172.30174,-28.67653,-42.437374,195.23796,-1.9839213,50.24416,175.50417,-14.094046,-46.16447,184.34218,18.209715,4.7039285,139.98946,-6.6884327,-18.87985,141.88647,0.9605607,23.238403,109.52884,0.1279338,-30.005259,113.26707,22.182875,33.60681,76.22372,-12.429413,-44.189606,86.21445,1.4488587
8.319642,205.10522,12.836301,11.306675,208.44824,10.370525,4.943174,208.98656,12.202993,14.977578,208.2149,0.24641612,-1.2322767,209.04488,2.9378827,17.320131,189.70488,-13.985932,-15.029801,198.09116,-1.8871499,32.545757,172.45978,-28.261887,-41.81895,195.38881,-2.1161726,53.073994,174.66716,-17.14646,-50.10675,184.9844,16.889807,4.816695,140.84436,-5.661772,-18.418549,142.58388,2.123373,23.773872,110.486145,1.1964,-30.2145,112.39916,20.720007,32.308296,76.55786,-11.017984,-46.564987,85.79402,0.5536521
8.814919,205.42413,12.98508,11.988714,208.69978,10.667252,5.6032996,209.44531,12.326296,15.255425,208.5712,0.29572606,-0.8647981,209.61632,3.2646449,17.447905,189.73164,-13.81059,-14.629509,198.43846,-1.4501605,32.714157,172.06265,-27.461039,-41.205975,194.916,-1.9098271,55.042133,173.02596,-20.108736,-53.97075,185.21324,14.697411,5.3096585,141.44394,-4.0260477,-17.879025,143.12434,2.9426842,24.350775,111.157646,2.7599316,-30.226154,111.79769,18.991173,30.680353,76.9058,-9.842443,-48.43113,85.05644,-0.32135466
9.140581,205.7289,13.284994,12.334436,208.96353,10.952576,5.9468565,209.75401,12.60995,15.689274,208.407,0.47192937,-0.40894726,209.87248,3.4546344,17.545618,189.57779,-13.598026,-14.110287,198.36884,-0.8632801,32.53789,171.44841,-26.848135,-40.490776,193.86427,-1.5187979,55.6797,170.82133,-22.538448,-57.02923,185.21544,12.371924,5.9285493,141.51811,-3.1751845,-17.045815,143.1694,3.5095036,25.266726,111.48658,4.388319,-29.972467,111.14069,17.095345,28.710163,77.130806,-8.372303,-49.722267,84.41183,-1.2249997
9.755581,205.6787,13.369858,12.836501,208.91373,10.878101,6.5111995,209.6797,12.742352,16.147715,208.47513,0.54671866,0.038349304,209.89502,3.7907336,17.61832,189.18228,-13.203572,-13.856555,197.83153,0.0445074,32.095272,170.53526,-26.529411,-40.034164,192.2931,-0.9374638,55.27991,168.18698,-24.334112,-58.903664,184.46721,10.514256,6.4625793,141.45445,-2.9896576,-16.33452,143.02449,4.0737224,25.955961,111.50121,5.6638427,-29.635056,110.26364,15.108414,26.681103,76.753586,-6.5255275,-50.618526,83.24562,-2.2127595
10.2868805,205.57103,13.710776,13.368768,208.7216,11.113934,7.042355,209.54988,12.97671,16.440817,208.2525,0.7598351,0.37439695,209.80484,4.306802,17.735933,188.9528,-12.999619,-13.703656,197.2035,0.7663393,31.195341,169.16418,-26.07406,-39.532177,189.71657,-0.57233065,54.23349,165.04865,-25.56175,-60.23981,183.309,8.3405695,6.857053,140.88144,-3.0583353,-15.6697645,142.64166,4.4346576,26.127932,111.02249,6.864439,-29.112465,109.246475,13.421662,25.293303,76.14815,-5.4782763,-50.698395,81.93683,-2.9513526
10.71787,205.29128,14.127611,13.720661,208.5094,11.52145,7.355638,209.16054,13.3177595,16.643658,207.89806,1.0704166,0.6366183,209.20892,4.721074,17.563662,188.35475,-12.483312,-13.401135,196.18814,1.4835848,29.782558,167.57567,-25.533306,-38.814636,187.54819,-0.77447206,52.14548,161.54303,-26.874868,-60.47579,181.45502,6.242879,7.020225,140.12778,-3.227557,-15.24302,141.99228,4.6590624,25.81755,110.18531,7.572157,-28.588366,108.33018,12.316794,25.036385,75.39028,-4.504986,-49.917355,80.4833,-3.634289
11.072196,204.92033,14.5847225,14.036394,208.07391,11.860531,7.696377,208.76083,13.743964,16.861206,207.34865,1.4617225,0.8539152,208.49413,5.196292,17.302967,188.00932,-12.137269,-13.276194,195.22496,2.3104615,28.023983,166.65611,-24.708292,-38.3146,185.13036,-0.5893372,49.505993,157.6694,-27.693365,-60.53565,178.4906,4.2276917,7.172351,139.24202,-3.209862,-15.065368,140.83891,4.7805233,25.44384,109.14719,7.7890267,-28.387474,107.040665,11.466594,26.151056,74.265465,-4.3071904,-48.54099,78.73021,-4.7762146
11.164487,204.5655,15.006536,13.978467,207.75194,12.155765,7.665971,208.29932,14.154815,16.805555,206.492,1.7281592,0.8482668,207.79584,5.658456,17.097935,187.27328,-12.105967,-13.121186,194.42628,2.894791,26.260965,164.90009,-24.62728,-37.742596,183.40405,-0.15748923,46.842773,153.65363,-27.793123,-59.931423,175.22035,2.8966465,6.9985404,138.17612,-3.0123184,-15.189487,139.86647,4.6597524,25.148006,108.00263,7.868031,-28.555464,106.08367,10.986164,28.533766,73.55847,-4.3794336,-46.804573,77.21739,-5.933506
11.230567,203.93492,15.315724,14.002924,207.07224,12.368593,7.6782765,207.58395,14.336151,16.745628,205.71518,1.97827,0.8112835,206.96432,5.929829,16.845566,186.30954,-12.004906,-13.188338,193.38538,3.1899104,24.467876,163.19905,-24.18989,-37.435905,181.34383,0.3378857,43.853245,149.95619,-27.236595,-59.288063,171.49513,2.2667162,6.732217,137.13277,-3.0568707,-15.406978,138.82176,4.3172474,25.228825,107.14302,7.6886387,-28.66919,105.18437,10.760524,31.493982,73.05066,-4.873616,-45.101913,75.82239,-7.127613
11.034021,203.70135,15.445876,13.875993,206.76942,12.504883,7.4326386,207.17967,14.0985365,16.538902,205.03075,2.0329607,0.5800332,206.38155,6.013567,16.609146,185.37086,-11.835922,-13.260229,192.3516,3.2468967,22.983341,161.41765,-23.401266,-36.91527,179.4077,0.45533434,41.239418,146.50381,-25.704306,-58.037235,168.13588,1.9637669,6.6018414,136.58969,-2.935103,-15.777463,138.3387,3.778067,25.411951,106.91437,7.3145328,-28.688873,104.527695,10.31326,34.099007,73.355804,-5.2648087,-43.727222,74.82371,-8.026277
10.829111,203.44865,15.410599,13.96264,206.29422,12.533999,7.4702315,206.99652,13.666135,16.34742,204.71324,2.0118537,0.3904251,205.83365,5.942072,16.623915,184.6642,-11.410464,-13.627847,191.69748,3.1969416,21.293541,160.18654,-22.765331,-36.553387,177.4582,0.44648924,38.273323,143.66739,-23.394938,-56.523396,164.19305,2.6593688,6.369851,136.0303,-3.8416607,-16.033764,137.82745,3.1678588,26.0811,107.04528,7.1368074,-28.779718,103.97655,9.388043,36.34408,73.88858,-5.20399,-42.46753,73.859085,-8.943785
10.628513,203.17656,15.287244,13.789864,205.96924,12.388809,7.2829556,206.68324,13.439483,16.089537,204.51213,1.8772458,0.12562771,205.59169,5.8328853,16.470327,184.35312,-11.541396,-14.071175,191.25528,3.1343706,20.190502,159.31375,-22.166143,-36.409527,175.8082,0.5714989,36.106922,142.13678,-19.958076,-54.839146,160.65025,4.097408,6.025726,136.06044,-4.940502,-16.423172,137.81659,2.123132,26.894035,107.91464,6.6024165,-28.76771,103.65526,8.133721,37.940372,74.83504,-5.0091095,-41.033657,73.12999,-9.872985
10.088355,203.14926,15.077036,13.296443,205.9134,12.2000885,6.7719984,206.62077,13.112771,15.679723,204.73215,1.7486852,-0.30714342,205.50494,5.4922075,16.35383,184.51549,-11.827567,-14.548556,191.24461,2.6579661,19.880287,159.05502,-21.508808,-36.576786,174.95848,0.42533863,34.925903,141.91301,-15.750974,-52.378296,157.82529,6.171966,5.861068,136.47679,-5.874219,-16.99855,138.13019,0.75459075,27.124268,109.16836,6.50638,-28.405996,103.545944,6.5898404,38.613274,76.0656,-4.897412,-39.379818,72.82722,-10.877889
9.558923,203.1844,14.674938,12.738649,206.08205,11.900849,6.197129,206.65897,12.792276,15.383532,205.1812,1.4845356,-0.6458091,205.86636,5.007267,16.387987,185.00816,-11.749195,-15.024553,191.78418,1.7230331,19.998047,159.26321,-21.169645,-37.008793,175.38574,-0.00096176664,33.934227,143.53511,-10.7565775,-48.96346,156.98282,8.570161,5.55216,137.21013,-6.2218084,-17.673216,138.75993,-0.926527,27.13549,110.40416,6.6294794,-27.658272,103.75631,5.0658026,38.01682,77.363174,-5.031129,-37.928864,72.51736,-11.992498
9.025517,203.7774,14.268939,12.046688,206.87947,11.538587,5.505495,207.17502,12.542654,14.783746,206.1165,1.1007767,-1.3047204,206.49724,4.7389345,16.386248,186.08595,-11.555783,-15.347393,192.89615,0.44198072,20.452627,160.20511,-20.3331,-37.767563,177.31833,-0.45019832,33.324257,147.05235,-5.632521,-44.18965,158.39557,11.322738,5.433976,138.35448,-7.0271564,-18.067574,139.82816,-2.7100713,26.564316,111.74925,6.8280873,-26.550867,104.503456,3.5197387,36.00824,79.00576,-5.5973725,-36.303345,72.67906,-12.996233
8.38863,204.44745,13.779522,11.40006,207.7147,11.228288,4.8294644,207.7964,12.049282,14.220682,207.55313,0.837366,-1.8970058,207.64478,4.377305,16.20993,187.949,-12.071662,-15.755145,194.2629,-0.7633704,21.404522,161.9618,-19.26522,-38.68677,179.73698,-0.32663813,32.96125,152.60796,-0.92516416,-38.51203,161.6148,13.906043,5.4164386,139.79327,-7.9860396,-18.213999,141.02722,-4.4619555,25.896175,113.06929,7.330306,-25.688538,105.78258,2.3336987,32.836826,80.33396,-6.432611,-34.81049,73.27473,-13.60915
7.8342333,205.4224,13.356961,10.813962,208.74069,10.848019,4.255803,208.83705,11.808938,13.815556,208.8234,0.50101775,-2.3189228,208.69019,3.784044,16.323294,189.77869,-12.240217,-16.122105,195.62909,-1.7202258,23.208265,163.89163,-17.740694,-39.56575,182.26042,0.31618237,32.66458,159.11707,3.294214,-32.813683,166.14192,15.546404,5.2557335,141.4299,-8.826386,-18.46116,142.50244,-5.714556,24.882744,114.59116,7.2963567,-25.064539,106.915016,1.1171664,28.866894,81.86172,-7.268245,-33.574905,73.75423,-14.358978
7.252866,206.5035,12.937632,10.150473,209.99525,10.569362,3.602929,209.93279,11.600134,13.310018,210.29771,0.21365117,-2.8484104,210.16698,3.4999094,16.27643,191.7567,-12.376144,-16.049995,197.22084,-2.4811542,25.405787,166.43602,-15.971015,-39.671288,184.92749,1.73777,32.86909,165.9081,6.309625,-27.52126,171.58463,16.5586,5.2524624,143.34476,-9.808789,-18.477245,144.23889,-7.0607615,23.41536,115.93666,7.1863966,-24.58154,108.29042,0.08303556,24.1342,83.2759,-8.305551,-32.51988,74.48323,-14.6927
6.876992,207.6111,12.636917,9.710458,211.2483,10.418411,3.1645346,211.0276,11.441848,12.819696,211.66237,-0.044102646,-3.3049169,211.49332,3.3453038,16.538181,193.75934,-12.367262,-15.904049,198.83797,-3.098294,27.869137,168.94485,-13.591407,-39.446102,187.36803,3.2193148,32.105736,173.07521,9.07893,-23.161055,177.32935,16.760958,5.245775,145.04361,-11.114702,-18.167084,145.73409,-8.721115,21.807346,117.433334,7.079154,-24.179108,109.5023,-0.80966216,19.55659,84.88819,-9.378906,-31.532131,75.38554,-14.855386
6.598549,208.81023,12.273897,9.392133,212.54114,10.160334,2.8477528,212.20848,11.162566,12.594937,213.24178,-0.2977805,-3.5775492,212.85591,2.9872742,16.967201,195.53873,-12.485284,-15.886607,200.43185,-3.6650496,29.973005,171.57387,-10.708959,-38.93964,189.35231,5.1042194,30.52157,179.9617,11.1382475,-19.648989,182.34274,16.757635,5.702759,146.65724,-12.327458,-17.556593,147.24757,-10.301225,20.216675,118.40241,6.939985,-23.728329,110.978,-1.6475604,15.224995,86.63698,-10.37258,-30.70187,76.46791,-14.718263
6.3728194,209.92032,11.911567,9.139319,213.65979,9.784683,2.6340597,213.39955,11.020403,12.462915,214.43182,-0.58655804,-3.737754,213.72522,2.4839325,17.6495,197.29167,-12.560968,-15.57509,201.9274,-4.242281,31.199245,174.04414,-7.9733114,-37.770763,191.34521,6.876903,29.219011,185.28745,12.399567,-17.011822,186.19806,17.068373,6.0397925,147.64922,-13.350712,-17.062794,148.25385,-11.999326,18.642958,118.92015,6.9448886,-23.406908,112.462456,-1.9974128,11.230194,88.23436,-11.401665,-30.024685,77.466324,-14.378083
6.078531,211.0163,11.622012,8.817811,214.81715,9.572223,2.287661,214.41653,10.642124,12.255397,215.6088,-0.83109325,-3.9412813,214.65912,2.0544143,18.270714,198.94003,-12.460421,-15.402557,203.14207,-4.8669024,32.023125,176.41797,-5.3345027,-36.17889,192.52905,8.548365,27.794712,189.8916,13.440941,-14.712693,189.69002,17.839293,6.8272214,148.5164,-14.411222,-16.536018,149.35721,-13.400177,16.908276,119.245445,6.7171593,-22.864023,113.71513,-2.3785868,7.8107624,89.790794,-12.767886,-29.438747,78.54781,-13.985741
5.7499514,211.7129,11.305046,8.59091,215.5491,9.467528,2.0125165,215.1111,10.127337,12.033388,216.4573,-1.0264814,-4.1994395,215.32674,1.6618437,18.65622,200.07977,-12.331424,-15.089701,203.96071,-5.657652,32.837177,179.0205,-2.2804375,-34.141865,193.39839,10.333993,25.786846,193.88042,14.479048,-12.384923,192.08784,18.84008,7.581096,149.3702,-15.378612,-15.811062,150.33481,-14.72122,15.059956,119.40358,6.274507,-22.482742,114.83841,-2.7300723,4.6523366,91.03713,-14.508207,-28.850666,79.62985,-13.855278
5.824145,212.30383,10.961654,8.677275,216.18901,9.247503,2.0833323,215.67099,9.710159,11.971199,217.12813,-1.4448471,-4.2324038,215.81494,1.3319933,18.824692,200.88173,-12.025182,-14.634001,204.73706,-6.479903,32.502075,181.66356,0.88162494,-31.488634,193.72818,11.66476,22.65878,197.18146,15.44114,-9.491243,193.12828,19.296518,8.269913,149.95587,-15.873226,-15.299509,151.05737,-15.912542,13.121861,119.45745,5.9298425,-22.119097,115.878784,-2.9339826,1.965186,92.08443,-15.993566,-28.633568,80.53277,-13.801946
6.01206,212.87494,10.562115,8.711088,216.83357,8.771105,2.1541746,216.16139,9.473348,12.097589,217.54355,-1.8953778,-4.0824227,216.23196,0.9348106,19.256054,201.78235,-11.936923,-14.167309,205.10318,-7.1052303,31.139347,184.06943,4.098546,-28.482779,192.74208,12.702963,18.879707,199.31894,16.68685,-6.5105653,193.24707,20.249378,8.78912,150.50716,-16.36316,-14.519851,151.61403,-16.877844,11.330855,119.32895,5.318474,-21.579945,116.50144,-3.309344,-0.6543451,92.63222,-17.352583,-28.372778,81.304924,-13.957127
6.2011814,213.33139,10.340896,8.831604,217.3763,8.643425,2.2816722,216.56458,9.291949,12.311668,217.92943,-2.134531,-3.850161,216.41798,0.66582704,19.512783,202.84541,-12.06165,-13.574049,205.33519,-7.740087,29.153687,185.61455,6.2625103,-25.445421,191.45084,12.4086075,15.32645,199.80127,18.345108,-3.8503058,192.78766,21.16078,9.250119,150.8442,-16.577112,-13.75344,152.16473,-17.454227,9.52364,118.91911,4.843851,-20.977097,117.15236,-3.369291,-2.6927245,92.87031,-18.38036,-28.249605,82.09978,-14.245695
6.37059,213.42294,10.130871,8.987602,217.42206,8.307382,2.4478824,216.6607,9.1220455,12.426918,217.9747,-2.3724854,-3.7685876,216.3606,0.454431,19.841316,203.18053,-11.635522,-12.8969,205.22726,-8.403704,27.231676,186.20375,7.8979297,-22.325865,189.97272,11.934437,11.957044,198.18686,20.44475,-1.4227799,192.19962,22.03297,9.743126,151.29372,-16.630808,-13.120538,152.52211,-18.105373,7.8044744,118.682594,4.1298923,-20.57337,117.398735,-3.6425848,-4.4375134,92.66441,-19.300404,-28.265076,82.272964,-14.363827
6.2531047,213.2803,10.002424,8.84182,217.24362,8.065276,2.3153753,216.49187,8.971543,12.392165,217.78415,-2.474693,-3.7750683,216.04784,0.17390603,20.188536,203.30899,-11.328302,-12.166385,204.65877,-9.073427,25.153975,186.57355,8.793882,-19.203337,187.73354,10.938266,9.248888,196.53291,22.130272,0.8555894,190.62631,22.467888,10.357036,151.1188,-16.251652,-12.104484,152.3184,-18.36988,6.179663,117.91795,3.8032906,-20.023243,117.40833,-3.6621265,-6.1673307,92.02846,-19.620485,-28.346306,82.496506,-14.566181
6.4697943,213.04713,9.919583,8.797717,217.15576,7.9708295,2.3449342,216.09766,9.189267,12.470952,217.67108,-2.6271603,-3.6482992,215.65381,0.13223088,20.774494,203.12346,-10.752963,-11.632951,203.97697,-9.619719,23.15399,185.75761,9.498039,-16.428179,185.62827,9.996213,6.229944,194.08228,22.943472,2.7404745,188.18169,23.228827,11.094736,150.59088,-15.961621,-11.164335,151.99739,-18.547035,4.5716686,116.990105,3.2984324,-19.431734,117.04252,-4.0149727,-7.809412,90.77429,-19.745958,-28.533796,82.25842,-14.907465
6.617307,212.77455,10.09171,9.132743,216.80338,8.18541,2.6219957,215.92331,9.073658,12.582695,217.06485,-2.5800908,-3.5096714,214.96844,0.23450378,21.280079,202.61325,-9.776757,-11.295149,202.8825,-9.835352,21.5445,184.63443,9.838393,-14.179312,183.17241,8.584027,3.574494,190.58003,23.36873,4.469134,185.09897,22.739367,11.900871,149.77293,-15.428051,-10.449913,151.14734,-18.32685,3.056638,115.97832,2.7929883,-19.142857,116.31865,-4.077002,-9.43061,89.27339,-19.563126,-28.772947,81.80473,-15.321559
6.842006,212.19911,10.182108,9.346176,216.17712,8.162098,2.8455565,215.33818,9.130611,12.817633,216.18523,-2.5901344,-3.2374153,213.97104,0.19419886,22.24406,202.09627,-8.796473,-10.611755,201.51945,-10.285715,20.019953,184.1478,10.356032,-12.354508,180.80978,6.760186,0.84031445,186.37766,23.514849,5.5870004,181.88953,22.417078,12.701854,148.93968,-14.89933,-9.542087,150.42552,-17.884932,1.4316013,114.79909,2.1976664,-18.828495,115.533394,-3.7856658,-11.02497,87.153755,-19.179623,-29.076921,81.24247,-15.492954
7.0338607,211.37976,10.309836,9.566989,215.31255,8.231878,3.0609834,214.5295,9.2188225,13.010559,215.06155,-2.4909575,-3.0830598,212.70465,0.27111438,23.172039,200.85806,-7.777573,-10.189479,199.83621,-10.527069,18.494967,182.99571,10.831257,-10.55777,178.1764,5.21615,-1.4811678,182.32321,23.177565,6.8605733,178.29079,21.6262,13.437585,147.35777,-14.132782,-8.646629,149.0141,-17.347244,-0.06303252,113.29321,1.2744768,-18.618456,114.406845,-3.6487706,-12.742838,84.11594,-18.429949,-29.255125,80.55146,-15.802954
7.1781607,210.26126,10.656059,9.734074,214.07024,8.389943,3.214955,213.3317,9.330705,13.2919655,213.73842,-2.1894855,-2.763297,211.35768,0.42920312,23.801214,199.26062,-6.1739087,-9.666403,197.9232,-10.5902,17.286346,180.48294,11.171119,-9.414588,175.42445,3.6886446,-3.2887037,177.60573,22.247091,7.7032905,174.89551,20.329758,14.264257,145.83885,-13.429975,-7.704072,147.56038,-16.83159,-1.4785112,111.65652,0.34069914,-18.42618,113.04654,-3.4890237,-14.363621,81.220276,-17.796587,-29.36889,79.37629,-16.08245
7.50772,208.91287,10.909676,10.000695,212.7602,8.634729,3.492163,211.87437,9.514449,13.5695095,211.97975,-2.0201712,-2.5543277,209.80681,0.7459433,24.460451,197.38281,-5.0055118,-9.130164,195.39203,-10.532836,16.106033,178.34132,11.397565,-8.820081,172.34952,2.883262,-5.422683,173.71268,20.181053,8.600383,170.48038,19.07444,15.096978,143.86948,-12.717985,-6.7715864,145.74156,-16.174046,-2.4114356,109.757774,-0.52633554,-18.306252,111.395164,-3.4398575,-15.834111,78.08499,-16.761002,-29.583292,77.464066,-16.163374
7.3037148,207.1224,11.195194,9.903402,210.92697,8.967116,3.3604813,210.07642,9.578625,13.4669075,210.0173,-1.7300819,-2.6684575,207.80571,0.92111087,24.641281,195.34886,-3.4807951,-8.908203,192.69154,-10.428696,15.959983,175.20845,11.462951,-7.947981,168.72226,1.4439899,-5.5664554,169.02875,19.273514,9.439103,165.359,17.42767,15.621517,141.54803,-11.773832,-6.1787486,143.75104,-15.745591,-3.3037808,107.65409,-1.2871509,-18.505266,109.60283,-3.441403,-16.91418,75.19259,-15.937151,-29.703316,75.60619,-16.445469
7.204539,205.19225,11.460995,9.685859,208.94113,9.018251,3.1710784,207.97086,9.746217,13.3320875,207.89113,-1.5524759,-2.778783,205.76726,1.2768685,24.712437,192.99364,-1.9613334,-8.527473,189.75829,-10.456922,15.4193325,172.0164,11.390399,-7.1966996,165.06499,0.38623026,-5.7483783,164.46556,18.75892,9.806528,160.21632,16.483294,16.186516,139.32265,-10.939702,-5.530018,141.64383,-15.841748,-3.9139597,105.64257,-1.6106673,-18.931284,107.86156,-3.4300694,-17.450336,73.20819,-15.770323,-29.44144,74.054565,-16.957935
7.0624084,202.87329,11.710536,9.509268,206.51517,9.077198,3.0049865,205.5387,9.882215,13.062195,205.309,-1.4087813,-3.0360467,203.32033,1.6109967,24.517803,190.40997,-0.52008516,-8.099613,186.68408,-10.77031,14.886792,168.7031,11.545577,-6.7655516,161.55959,-1.0125079,-5.0881715,158.1197,17.735098,9.283014,154.80096,15.616226,16.710611,136.95865,-10.051913,-4.9991627,139.29079,-16.162577,-4.4365444,104.02959,-0.7155499,-19.521069,106.178055,-3.4947076,-17.326815,72.284996,-15.649071,-28.764107,72.76544,-17.392342
6.682909,200.649,11.641621,8.988167,204.34406,8.951921,2.52666,203.22437,9.919569,12.6331215,203.02629,-1.4598293,-3.4517813,200.93385,1.5367496,23.984707,187.75182,0.57533574,-7.5952587,183.66782,-11.469008,14.855471,165.38976,11.485822,-6.3817873,158.22438,-2.2098937,-4.0584745,151.99835,17.015297,7.659957,149.25418,14.9953575,17.226957,134.58133,-9.790849,-4.2389064,136.86508,-16.848341,-4.7569733,103.427315,1.7258817,-19.983751,105.181274,-3.3507042,-16.129358,72.59902,-15.09679,-27.961658,72.11525,-17.622139
5.973614,198.56425,11.358525,8.227419,202.23007,8.587695,1.7863302,201.16438,9.740786,12.079592,200.71191,-1.7378366,-3.982885,198.50792,1.0716513,23.446465,185.18417,1.4005495,-7.358555,180.9762,-12.062567,14.817378,161.79025,11.168716,-6.2466207,155.0921,-3.0550556,-2.5347674,146.42102,16.726662,5.7619734,143.65358,14.082159,17.649908,132.88666,-10.018541,-3.3270695,134.84192,-17.986273,-4.3456593,103.742004,5.1178784,-20.30326,104.97473,-2.7990177,-14.478571,73.95857,-13.861029,-27.16529,72.02897,-17.734303
5.01965,196.383,11.156593,7.0284886,200.08737,8.264996,0.65951043,198.56824,9.408861,11.249795,198.53412,-1.852869,-4.8176465,196.1154,0.7120676,23.05885,182.7426,2.036356,-7.246631,178.49678,-12.806723,15.000837,158.55356,10.660549,-6.1942997,152.4986,-4.248205,0.22404508,140.5768,16.370203,2.5050955,138.59808,13.047817,18.512024,131.46121,-9.93483,-2.3005652,133.1336,-19.048664,-3.061502,104.43235,8.527299,-20.668608,104.96684,-2.0401318,-12.419483,75.67341,-12.51058,-26.54956,72.166504,-17.742739
4.0072546,194.46393,10.975713,5.9208183,198.20663,8.059834,-0.39806315,196.44716,9.10754,10.44073,196.4226,-1.9643095,-5.637194,193.79095,0.3664589,22.791492,180.63112,2.3274596,-7.418226,176.54587,-13.293495,15.355393,155.67761,10.283566,-7.2117267,150.47008,-5.6979055,3.2983038,135.88583,16.365286,0.048507705,135.32983,11.775039,18.986408,130.60281,-9.836947,-1.5504549,131.91371,-19.532017,-1.430816,105.1979,11.675856,-21.184292,105.02815,-1.6451603,-9.923259,77.723404,-11.2426,-26.09488,72.29186,-17.724314
3.0934138,192.66446,10.661688,4.95681,196.45406,7.7757998,-1.3251787,194.50551,8.686356,9.813061,194.75528,-2.164353,-6.245874,191.82025,-0.20155941,22.445086,178.75311,2.245583,-7.5687914,174.62454,-13.814489,16.757772,153.11775,10.225939,-9.202623,148.0399,-6.5450745,6.0917335,132.71564,17.433067,-2.3071113,132.37038,10.518894,19.08821,129.79108,-9.810922,-1.1758208,130.85078,-19.948265,0.6395222,106.095276,14.447429,-21.92841,104.863205,-1.523728,-7.077506,80.14989,-10.43635,-26.054293,72.1341,-17.550013
2.3384242,191.24574,10.2921715,4.2875695,195.12886,7.597254,-2.0169818,193.12135,8.210526,9.182532,193.6904,-2.4234464,-6.816759,190.39566,-0.7631215,22.49714,177.67044,1.8481206,-8.098829,173.18297,-13.90955,18.923805,151.55235,10.1316805,-11.958487,146.48596,-7.421787,9.441429,130.9092,18.791338,-6.9559145,129.51689,9.206405,19.56992,129.16742,-9.843501,-1.0371985,129.84073,-19.957432,3.3711905,106.47349,16.784973,-22.558775,104.596306,-1.29968,-4.0241613,82.64739,-9.922662,-26.144903,72.061714,-17.32129
1.6066173,190.05983,9.970362,3.4200294,194.1259,7.4546504,-2.7913868,191.80745,7.8590484,8.478564,193.0941,-2.5968354,-7.4764585,189.34763,-1.1362939,22.406721,177.30089,1.4440637,-8.759217,172.08391,-14.315442,21.873955,151.16286,10.192196,-15.434622,145.67325,-8.559369,13.917511,130.64838,20.535734,-12.171133,127.850464,7.5838695,20.31231,128.60759,-9.903072,-0.946858,129.278,-19.75548,6.3913107,106.8251,18.781942,-23.109426,104.456055,-1.0801432,-0.98154026,85.154526,-9.493147,-26.736376,71.890396,-16.982084
1.0501957,189.38162,9.925828,2.8597748,193.53563,7.55794,-3.3651712,191.24484,7.953571,7.950019,192.8727,-2.508624,-7.9493794,188.74469,-1.2081589,22.25612,177.25069,0.98198074,-9.830295,171.44571,-14.557663,24.989801,151.36671,10.068436,-19.30431,145.70728,-10.467327,19.424978,131.35349,22.142752,-17.943449,127.53401,5.217161,20.784624,128.13902,-9.714837,-1.0547324,128.64838,-19.257843,9.32014,107.27708,20.613989,-23.71439,104.18041,-0.93300456,2.2635672,87.25483,-9.201106,-27.737492,71.7399,-16.613092
0.5684591,189.15337,10.099327,2.4747267,193.28958,7.7641115,-3.766884,191.06088,7.986891,7.5879006,192.93552,-2.1731343,-8.343812,188.84154,-1.0939639,21.783056,177.80069,0.7718918,-10.716816,171.56606,-14.323813,28.19236,152.96416,10.011864,-23.438253,147.29245,-13.492828,25.01974,133.80254,23.82821,-23.798588,129.61555,2.1605084,20.929922,128.18051,-9.235751,-1.3389131,128.43803,-18.441774,12.43033,107.56128,21.870125,-24.26166,103.97476,-0.527863,5.8020864,88.89764,-8.856927,-29.123655,71.807976,-16.346874
0.13541755,189.65384,10.37706,2.024121,193.78244,8.020728,-4.230445,191.60306,8.372773,6.987336,193.41216,-2.017727,-8.938841,189.35216,-0.75687206,21.444706,178.74359,0.68352646,-11.774039,172.07463,-14.179738,31.62824,155.42442,9.829908,-27.420511,149.9332,-16.275816,30.09218,137.42473,25.118517,-28.216003,132.04337,-1.0425961,20.74959,128.48866,-8.6859045,-1.8039289,128.59961,-17.63849,15.356446,108.096954,22.877003,-24.676794,104.02564,-0.062431693,9.485234,90.44653,-8.631533,-30.842709,71.915436,-15.988408
-0.40468526,190.39833,10.776954,1.5914282,194.4549,8.387865,-4.7293143,192.4728,8.801098,6.420518,194.21054,-1.5961833,-9.5223255,190.25645,-0.3049352,20.928337,179.80019,0.80821323,-12.816801,173.24573,-13.6861725,35.265488,158.69713,9.453309,-30.561243,153.64818,-19.214128,34.261276,141.62466,25.703793,-31.997673,135.48975,-4.2013583,20.619913,128.89232,-8.049795,-2.1258411,128.87616,-16.769615,18.03884,108.391556,23.730663,-25.277954,104.08902,0.03073092,13.189592,91.62591,-8.3377905,-32.879555,72.21042,-15.532649
-1.0971862,191.50308,11.553306,1.0231231,195.42363,9.045007,-5.327857,193.53749,9.343792,5.791551,195.08229,-0.8348804,-10.165896,191.21533,0.45708635,20.257252,180.93575,0.9235056,-13.789171,174.71489,-13.148484,38.56858,162.86209,8.719248,-32.97677,157.92058,-22.087988,37.527435,146.29143,25.452915,-34.99078,139.5976,-7.5959415,20.560528,129.84825,-7.47007,-2.5537457,129.57074,-15.730207,21.302925,109.40204,24.049543,-25.722576,104.26112,0.14809951,16.601862,92.68797,-8.017824,-35.00928,72.14017,-14.807107
-1.7899007,192.81897,12.307865,0.17911257,196.82106,9.810704,-6.104645,194.7107,10.134451,5.093129,196.48152,-0.08787846,-10.975841,192.87138,1.3458824,20.23229,182.49081,1.0166198,-14.682244,176.56451,-12.6493,41.540337,167.13022,7.4552464,-34.57973,162.57678,-24.556423,39.947044,151.1347,24.731312,-37.231144,143.93575,-10.854359,20.505526,131.02673,-6.7118278,-2.9280813,130.36009,-14.451452,23.86477,110.555595,24.36043,-25.88588,104.494995,0.12394932,20.032688,93.29276,-7.758393,-37.217434,72.49709,-14.216827
-2.5860589,194.33612,13.292233,-0.665134,198.27226,10.652162,-6.931984,196.13248,11.1137295,4.360813,198.17754,1.0176398,-11.631451,194.4258,2.1447766,19.626574,184.47209,1.1873227,-15.567842,178.27574,-12.365425,43.20032,171.92346,5.899695,-35.443005,166.87871,-26.654922,42.325413,156.40901,23.41537,-38.48597,147.89572,-13.596714,20.585081,132.57253,-5.919883,-3.225313,131.68607,-13.389196,26.185434,111.43508,24.356266,-25.780361,104.72419,-0.29306895,23.365463,93.44915,-7.5853925,-39.33198,72.80046,-13.274594
-3.1242466,195.69882,14.164475,-1.156909,199.62642,11.550997,-7.450913,197.55272,11.992805,3.9949098,199.7141,2.006138,-12.067271,196.14008,2.9848957,18.891647,186.66911,1.5126466,-16.569204,180.30527,-12.066253,43.693115,176.1272,4.30452,-35.939064,170.83652,-28.194132,43.781715,160.96407,22.04207,-38.886124,151.55719,-15.919319,20.401949,133.9942,-5.0287457,-3.5692174,132.772,-12.614276,28.240349,112.23822,24.0604,-25.596212,105.00204,-1.1139772,26.554934,93.15568,-7.290902,-41.19945,73.10128,-12.391344
-3.6651158,196.87305,14.941277,-1.6760819,200.93797,12.557259,-7.9762015,198.86658,12.86256,3.4372523,201.36707,2.934941,-12.658461,197.61052,3.8060482,18.284925,188.8193,1.6073892,-17.190283,182.2649,-11.835023,43.905468,179.9409,2.6323073,-36.352543,174.57854,-28.998068,44.98917,164.44336,20.089615,-38.920254,154.62282,-18.004759,20.468021,135.18794,-4.3316326,-3.8530629,134.08302,-11.909131,29.489878,112.3125,23.647182,-25.229397,105.39566,-1.7332927,29.65261,92.373146,-6.9644284,-42.70592,73.67468,-11.302246
-4.2557025,198.39372,15.864651,-2.196644,202.4703,13.568391,-8.503912,200.41055,13.677401,2.8777878,202.9824,3.9107044,-13.202005,199.12085,4.6829543,17.644897,190.7217,1.8221709,-17.343082,184.45796,-11.78967,43.51881,182.92769,0.98206306,-35.710968,177.42195,-29.948557,45.884624,167.1368,17.973026,-38.75629,157.32918,-19.382826,20.380657,136.5959,-3.635135,-4.0500145,135.45052,-11.306349,30.143707,112.36314,23.047384,-25.18957,106.11017,-2.4353874,32.450886,91.313545,-6.7373276,-43.693184,74.42696,-10.293492
-4.9952707,199.6077,16.90837,-2.7405674,203.56448,14.584638,-9.128471,201.76195,14.643621,2.295815,204.35324,5.167127,-13.728696,200.62216,5.5284247,17.071417,192.39331,2.0064375,-17.558691,186.21152,-11.6396475,42.889214,185.1691,-0.89472383,-34.564457,179.00586,-30.926136,46.79672,169.05765,15.38696,-38.508476,159.02927,-20.37486,20.18674,137.85344,-3.1684,-4.463671,136.839,-10.762183,30.554012,112.30558,22.189228,-25.299112,106.90472,-2.5607202,34.995674,90.172585,-6.518058,-43.80218,75.02758,-9.570076
-5.7311807,200.81297,17.86634,-3.3830338,204.71565,15.543506,-9.788805,203.01117,15.501915,1.8513293,205.58192,6.309016,-14.261588,202.02783,6.3852973,16.334465,193.85382,2.5118787,-17.612816,187.87863,-11.0819235,41.79472,186.82487,-2.7388072,-32.796215,180.58852,-31.900524,47.440308,170.37132,12.554498,-38.077736,160.75235,-21.264769,19.603413,138.8514,-2.6854537,-4.894357,137.9248,-10.280478,30.662016,111.887695,21.180136,-25.618576,108.00353,-2.2762644,37.498844,88.90233,-6.291873,-43.020786,75.33745,-9.332494
-6.2364273,201.79175,18.761698,-3.8599665,205.66534,16.417566,-10.255037,203.91591,16.271837,1.5750942,206.50723,7.356495,-14.549361,202.99121,7.112206,15.627799,194.73416,2.749948,-17.636705,189.45929,-10.789662,40.421375,187.50012,-4.5831585,-31.216576,181.36743,-32.314686,47.782524,170.93225,9.636224,-37.623444,161.70943,-22.11472,18.891497,139.86292,-2.1276472,-5.323888,139.04794,-9.947052,30.454237,111.523964,20.121412,-26.085732,109.155075,-1.5528795,39.639526,87.48341,-5.8621664,-41.604916,75.71621,-9.135416
-6.61797,202.51517,19.566889,-4.205917,206.43907,17.340672,-10.614855,204.74567,17.1275,1.3473084,207.12123,8.233154,-14.846883,203.9185,7.882313,15.1439495,195.3036,3.1637182,-17.527704,190.67053,-10.297383,38.98375,187.3348,-6.312854,-29.695538,181.41374,-32.265022,47.577553,170.56392,6.96645,-36.932068,161.50267,-23.06121,18.024479,140.62447,-1.8990165,-6.046042,139.91458,-9.756076,30.032875,111.17107,18.763895,-26.568516,109.99881,-0.8361875,41.662315,85.97814,-5.402076,-39.71674,75.84861,-9.214766
-6.875331,202.94098,20.253727,-4.483992,206.94077,18.153484,-10.883685,205.20053,17.870068,1.2434138,207.72476,9.072081,-14.926776,204.57895,8.476726,14.736123,195.62274,3.4848595,-17.348932,191.14458,-9.618451,37.31312,186.64276,-7.923967,-28.269686,180.81482,-31.812187,47.22456,169.30032,4.0227165,-36.20581,160.53929,-23.88716,17.183756,140.97676,-1.9456093,-6.665533,140.48154,-9.848397,29.137253,110.75221,17.354109,-27.050074,110.718834,0.36610943,43.45137,84.63683,-4.426274,-37.579777,76.030594,-9.591835
-7.107089,203.12979,20.949505,-4.765269,207.233,18.974916,-11.12137,205.40085,18.568834,1.1113051,207.80397,9.794098,-15.118277,204.72382,9.147882,14.445583,195.49245,3.5259008,-17.214,191.21732,-8.920622,35.534554,185.35411,-9.451563,-27.057913,179.5163,-31.028318,46.799747,167.83621,1.0721616,-35.656124,158.9927,-24.430172,16.416273,141.14647,-1.9422603,-6.8922057,140.8858,-9.918006,28.261026,110.19183,15.997521,-27.513218,111.3831,1.3425121,45.116642,83.21655,-3.6070852,-35.239662,76.31871,-10.075305
-7.3867636,203.44667,21.781796,-4.836587,207.32915,19.648788,-11.261577,205.71986,19.196482,0.9427105,207.7009,10.554181,-15.273927,204.84593,9.866198,14.227743,195.04501,3.6963933,-17.39352,191.02849,-8.294753,33.952095,183.89839,-10.677484,-25.434965,178.1624,-30.444315,45.988163,165.73558,-1.702283,-34.82706,157.52486,-25.371906,15.787023,141.32684,-1.7788095,-7.4416428,140.94957,-10.1054535,27.403337,109.433624,14.507775,-27.77612,111.44718,2.4055474,46.266575,81.784225,-2.8154995,-32.935482,76.506485,-10.466656
-7.5232086,203.27927,22.295837,-4.879218,207.16069,20.2666,-11.33758,205.74355,19.783472,0.8531416,207.19989,10.983088,-15.423773,204.59154,10.414263,13.91711,194.07092,3.8787384,-17.58033,190.49594,-7.7619495,32.46653,181.79161,-11.288041,-24.245901,176.23987,-29.4842,45.31532,163.41379,-4.7587004,-34.017303,155.36583,-26.01023,15.137531,140.85178,-1.8167781,-7.924696,140.43652,-10.164839,26.968039,108.46892,13.251137,-27.909199,111.12338,3.1006176,47.439304,80.371796,-2.0857322,-31.255762,76.330086,-10.603283
-7.453431,202.85295,22.64737,-4.671613,206.67001,20.695395,-11.21656,205.63597,20.396313,1.01804,206.48138,11.212954,-15.373419,204.18399,10.83999,13.897151,192.93208,4.135795,-17.71317,189.52846,-7.0305514,30.848007,179.22102,-11.519305,-23.335363,173.8029,-28.00592,44.337414,160.6102,-7.2922015,-33.148888,152.89998,-26.691202,14.520207,140.27312,-2.0573378,-8.059269,139.70378,-10.227588,26.543287,107.31047,11.979971,-27.641443,110.30157,3.1903386,48.12188,78.827415,-1.6745132,-30.672832,75.60466,-10.5995035
-7.230612,202.24841,23.107824,-4.6136327,206.12471,21.041824,-11.097345,204.76622,20.736847,1.0537306,205.76543,11.538434,-15.28393,203.54482,11.326636,14.00916,191.41939,4.166611,-17.995699,188.40288,-6.494306,29.59073,176.21228,-11.664705,-22.27002,171.10123,-26.65153,43.471172,157.44328,-9.552579,-31.953295,150.08804,-26.91869,14.275759,139.24147,-2.5003853,-8.149021,138.68912,-10.236608,26.35788,106.29243,11.115869,-27.0777,108.84168,2.9508646,48.27871,77.30018,-1.5286708,-31.365887,74.034546,-10.437436
-6.9314394,201.6109,23.393555,-4.2869844,205.39519,21.195972,-10.784202,204.07616,20.943583,1.3168939,204.78407,11.695939,-15.084159,202.97337,11.696078,14.173762,190.15912,3.8653135,-18.035751,187.19624,-5.8066516,28.701353,173.4737,-11.566249,-21.061571,168.68346,-25.392645,42.382763,154.28452,-11.620538,-31.082348,147.57877,-26.922659,14.185747,138.2845,-2.7804208,-8.190105,137.61537,-9.974216,26.469913,105.322266,10.487381,-26.54142,107.25962,2.772199,48.05283,75.77979,-1.8296695,-33.285282,72.80697,-10.156971
-6.657002,200.73116,23.507778,-3.948627,204.495,21.367561,-10.461126,203.25587,21.046041,1.6858679,203.94916,11.813229,-14.705416,202.18834,11.720811,14.462553,188.81796,3.5519228,-17.939137,185.78899,-5.2784843,28.118868,170.6269,-11.095682,-20.416508,165.9994,-23.951462,41.406796,151.09392,-12.807374,-29.882822,144.50308,-26.804533,14.388435,137.27724,-3.3673527,-8.0808735,136.526,-9.738868,26.719814,104.455246,10.062796,-26.136263,106.002815,2.3794153,47.294106,74.390594,-2.3082876,-35.848663,72.48698,-10.097513
-6.390051,199.84212,23.313074,-3.6054645,203.6391,21.33053,-10.113931,202.46721,20.826216,2.0076542,203.13127,11.720265,-14.362753,201.2062,11.481461,15.20199,187.47757,3.247588,-17.715199,184.45415,-5.026096,27.78878,167.95291,-10.736248,-20.201717,163.40115,-22.511108,40.794445,148.19423,-13.135666,-28.698942,141.5773,-26.179821,14.83847,136.34473,-3.9483373,-8.150967,135.65369,-9.610101,27.123333,103.98812,9.979581,-26.149801,105.30979,2.2658577,45.76797,73.32372,-2.8795426,-38.13382,72.54888,-10.137653
-6.1836267,199.01562,22.861422,-3.2767987,202.83713,21.092236,-9.786701,201.81963,20.380539,2.3595774,202.71907,11.596408,-13.905232,200.57668,10.877228,15.884872,186.38734,2.9111345,-17.586992,183.49774,-5.2830486,28.017384,165.93236,-10.026309,-20.209116,161.26788,-21.49365,40.948193,146.14163,-12.257585,-28.104364,138.95921,-24.85674,15.222876,135.59885,-4.5915523,-8.253578,135.00896,-9.982372,27.311016,103.655235,9.985198,-26.59631,105.198875,2.1886938,43.72086,72.70282,-3.5228431,-39.56206,72.97797,-9.878757
-5.760992,198.66779,22.239147,-2.8249583,202.42976,20.392908,-9.335859,201.40709,19.655771,2.859454,202.52461,11.078658,-13.397887,200.22476,10.210247,16.275402,186.22174,2.227985,-17.520271,183.10976,-5.374207,28.358807,165.04367,-9.558906,-20.530333,160.26237,-20.637377,41.27528,145.27818,-10.072231,-28.864443,138.0353,-22.53196,15.3752,135.79579,-5.4827924,-8.17852,135.02185,-10.737673,27.12449,104.09729,9.996276,-26.84003,106.03711,2.359137,41.531425,72.59968,-3.8697078,-39.54676,73.81094,-9.895277
-5.1802588,198.83867,21.504189,-2.2087486,202.473,19.478891,-8.740128,201.5239,18.847782,3.3636997,202.59581,10.215461,-12.9734955,200.41257,9.594769,16.471617,186.56007,1.3379548,-17.56321,183.55505,-5.676418,28.892132,164.9933,-9.321908,-21.421146,160.37976,-20.036879,42.054386,145.53864,-6.606118,-30.544641,138.3278,-19.296915,15.561825,136.06213,-6.606192,-8.339197,135.54782,-11.593385,26.403284,104.81918,10.010231,-27.012161,107.2946,2.599462,39.275295,72.708015,-4.1183324,-38.039246,74.785416,-10.332592
-4.7271132,199.21997,20.593418,-1.8197529,202.96452,18.6768,-8.317547,201.86093,17.940395,3.5750778,203.0753,9.212242,-12.728961,201.0629,8.821871,16.639051,187.16328,0.14432524,-17.781591,184.4611,-6.27541,29.699326,165.56738,-9.277296,-22.765238,161.07799,-19.538675,42.5415,147.12178,-2.104874,-32.63398,139.99586,-14.979981,15.657068,137.007,-7.933033,-8.2775345,136.58165,-12.43063,25.578806,105.46675,9.294454,-26.7808,109.09059,3.2389777,37.12935,72.82198,-4.4697957,-34.98766,76.19341,-10.912787
-4.3957124,199.83922,19.735556,-1.5595797,203.73724,18.010412,-8.043622,202.57404,17.259872,3.8423557,204.0912,8.469498,-12.501541,202.04008,8.100049,16.61963,188.3262,-1.0035484,-18.007664,185.71445,-6.5810647,30.81418,167.08188,-9.188613,-24.401596,162.44319,-19.098207,42.708702,150.45042,2.5422072,-34.87923,143.1474,-10.192014,15.794319,138.42033,-9.683787,-8.327046,137.90103,-13.444194,24.230093,106.34222,7.928241,-26.44826,110.78855,3.9090178,35.020664,73.01845,-4.9945164,-30.46569,77.99754,-11.76891
-4.2039623,200.90637,18.917797,-1.3418252,204.77142,17.169792,-7.8464136,203.70845,16.509628,3.8600652,205.20778,7.5256677,-12.465887,203.39911,7.42724,16.63934,190.00557,-2.1689281,-18.324854,187.38779,-7.0233088,32.084183,169.03687,-8.629583,-26.53681,164.19948,-18.172749,42.513893,154.69781,6.9543686,-36.764126,147.60915,-4.736986,15.5626,139.8083,-11.3852215,-8.575089,139.6794,-14.523307,23.113918,107.42445,5.940176,-25.587843,112.8848,4.3499126,33.03376,73.288704,-5.663733,-25.160942,80.66868,-12.4907675
-4.309219,202.13077,18.19776,-1.3783082,205.9769,16.518303,-7.9050155,205.0387,15.845829,3.8559377,206.72618,6.9781623,-12.506145,204.77867,6.699848,16.531704,191.67714,-3.1068172,-18.483187,189.03238,-7.3393855,33.28801,171.44063,-7.903036,-29.238327,165.98608,-16.165241,42.11207,160.06076,10.686946,-38.726994,151.63759,-0.04811521,15.317416,141.73671,-13.122968,-8.590402,141.84377,-15.807418,22.08748,108.427315,3.4870136,-24.070013,115.01863,4.455568,31.308369,73.417206,-6.258164,-19.293375,83.34444,-13.118285
-4.436163,203.49466,17.447617,-1.3951912,207.25385,15.784272,-7.9566274,206.53337,15.14662,3.8828843,208.08606,6.35343,-12.466253,206.30815,5.867948,16.440367,193.49745,-4.1556153,-18.780397,190.80617,-7.6906867,34.375957,173.56273,-6.9790807,-31.606916,167.88083,-13.912656,39.89519,166.22362,14.559891,-39.81073,156.83295,5.182213,15.126917,143.75447,-15.065053,-8.531076,143.91925,-17.247326,21.357868,109.5848,0.9661425,-22.253094,117.08685,4.4577794,29.732204,73.729324,-6.7841783,-13.574942,86.66473,-13.931317
-4.449272,204.7371,16.632109,-1.3613769,208.48512,15.028596,-7.9307413,207.88237,14.420579,3.9699433,209.53989,5.701866,-12.393902,207.84947,5.043562,16.218292,195.1732,-4.9303403,-18.919138,192.32602,-8.138718,34.79869,175.61148,-5.307258,-33.57569,169.79886,-11.3361225,36.66092,172.39566,17.872406,-39.211243,162.84753,10.374136,14.828989,145.60031,-16.838034,-8.6242895,145.64401,-18.88382,20.56102,110.71649,-1.532305,-20.110468,119.0946,4.48768,28.279808,74.34202,-7.480421,-8.741541,90.527214,-15.113916
-4.422951,206.14612,15.834555,-1.396793,209.87825,14.090236,-7.9779344,209.20312,13.6192665,3.9905705,210.62827,4.7469473,-12.386951,209.14041,4.2274585,15.637323,196.85829,-5.738416,-19.108133,193.72641,-8.438946,34.46346,177.76561,-2.6682332,-35.011063,171.72313,-8.2418995,33.969772,177.92108,20.926498,-37.911285,168.71158,14.972152,14.60283,147.49445,-18.78058,-8.8202305,147.49802,-20.49663,20.036383,112.36102,-4.0739374,-17.8061,121.16726,4.373275,26.900154,75.275734,-8.052973,-4.75905,94.14124,-16.298775
-4.38787,207.11647,15.008132,-1.3961753,210.85594,13.222344,-7.986311,210.21016,12.915033,3.8685026,211.63655,3.7779822,-12.510004,210.13069,3.5438337,15.305102,198.24744,-6.4976816,-19.416994,194.93375,-8.422151,33.56399,179.33427,-0.112077415,-36.036022,173.78537,-4.587222,30.42059,182.77882,22.97906,-35.949585,174.12643,19.065374,14.412871,149.1833,-20.599371,-8.70237,149.3301,-21.846682,19.383236,113.47849,-6.216508,-15.2392025,123.18912,4.220825,26.00907,76.255646,-8.910061,-1.3388288,97.585945,-17.54083
-4.4130197,207.86172,14.228814,-1.3054357,211.54001,12.510948,-7.9184675,211.11754,12.229416,3.8774245,212.25906,3.0249379,-12.528902,211.00311,2.7660997,15.012921,198.9756,-7.3004317,-19.708492,195.8276,-8.231473,32.044853,180.5352,2.733308,-36.36697,175.43144,-0.98507917,26.362093,186.88951,24.683714,-32.94552,178.71886,22.219196,14.183636,150.38719,-22.201422,-8.705986,150.4175,-23.025991,18.771353,114.63815,-7.747529,-12.826067,124.950455,4.2430387,25.195839,77.71464,-10.322393,1.2707354,100.43455,-18.825153
-4.496214,208.67598,13.642576,-1.4294642,212.39479,11.939182,-8.040338,211.91989,11.680658,3.824937,212.83307,2.314961,-12.586847,211.63736,2.1424356,14.393955,199.64166,-7.6670628,-19.942604,196.76038,-8.246705,29.854275,181.5544,5.2287116,-35.34655,176.95334,2.3863206,22.046747,190.17554,25.70273,-29.247625,182.12816,24.595823,14.016924,151.32185,-23.538229,-8.848215,151.41852,-23.934662,18.18922,115.548676,-8.595519,-10.668662,126.334946,4.1478395,24.840141,79.04396,-12.370012,3.4403174,102.64391,-19.429049
-4.4943795,209.29495,13.233733,-1.5620319,213.08838,11.445494,-8.145644,212.34836,11.181614,3.665045,213.46982,1.8410878,-12.714009,212.08824,1.7697486,13.523022,200.29045,-7.994347,-20.043463,197.68916,-7.995504,27.367893,182.68901,7.2450643,-33.614746,177.98969,5.242912,17.086063,192.67271,26.228428,-25.25537,184.46878,26.355202,13.588734,152.13948,-24.64651,-9.018028,152.17322,-24.401691,17.659992,116.87663,-9.060573,-8.404862,127.40056,4.0176682,25.029636,80.69706,-15.000419,5.3321495,103.82081,-19.461908
-4.7508245,209.63258,12.913071,-1.6569537,213.37128,11.301458,-8.227993,212.77055,10.68588,3.4801667,213.94675,1.5893655,-12.877479,212.49821,1.3764914,13.045105,201.03339,-8.272702,-20.316538,198.20325,-7.7823205,24.594791,183.26488,8.527637,-31.314198,178.45148,7.355785,12.496737,193.53633,26.276012,-21.164392,186.07086,27.162304,13.120225,152.67274,-25.506262,-9.281618,152.55553,-24.472717,17.181862,117.85096,-8.930102,-6.629683,127.9809,4.151827,25.28242,82.423416,-17.979156,7.018374,103.576805,-18.396568
-4.9207077,210.08075,12.716648,-1.9558778,213.96751,11.209218,-8.491734,213.10208,10.476556,3.385339,214.41351,1.5098146,-12.956215,212.80182,1.0965877,12.547396,201.6103,-8.9468355,-20.651827,198.63736,-7.378798,21.657143,183.65544,9.424262,-28.738682,178.63945,9.094908,7.5446696,193.27808,26.062914,-16.21576,187.25195,27.126724,12.471485,153.23195,-26.407867,-9.588479,152.87727,-24.341047,16.820503,119.0948,-9.114737,-4.7418423,128.21584,4.361115,25.583246,84.33349,-20.403915,8.25134,102.12802,-16.485548
-5.171884,210.1945,12.552954,-2.1142192,214.0337,11.105355,-8.669584,213.37611,10.409812,3.1636517,214.42363,1.291417,-13.181793,213.14964,0.9805522,11.849299,201.94145,-9.660936,-20.763584,198.87483,-7.0112963,18.674822,183.91827,9.399485,-26.298359,178.42633,10.286421,3.398728,191.13647,26.168253,-12.001155,186.9551,26.836872,11.770033,153.38899,-27.137957,-9.760758,152.73141,-23.643503,16.49171,119.51308,-9.438351,-2.684271,128.05602,4.879696,25.756306,85.53383,-23.057777,9.541059,99.94765,-13.960999
-5.4419346,210.71445,12.6047325,-2.2353213,214.2882,10.844649,-8.811058,213.78505,10.137314,3.0615523,214.49846,1.333997,-13.328294,213.48029,0.9269987,11.324184,201.90936,-9.645359,-21.093218,198.76724,-6.8302603,15.941423,183.46304,9.414061,-24.188599,177.59265,9.993528,0.10278641,188.3575,26.37126,-9.180929,186.02269,26.098534,11.338081,153.3,-27.341991,-10.0563135,152.38708,-23.113087,16.438538,119.24213,-9.844769,-0.9935705,127.56462,5.158767,25.721226,86.22331,-25.745564,11.401446,97.298065,-10.362814
-5.6729603,210.75708,12.63627,-2.4772804,214.37027,10.932524,-9.058022,213.87912,10.245667,2.7844374,214.18626,1.1882877,-13.5699005,213.24217,0.89590794,10.814389,201.67345,-9.704043,-21.52752,198.5831,-6.417258,13.580692,182.4987,9.0673685,-21.955149,176.6621,9.475631,-3.091844,185.5927,25.56411,-6.0658445,183.68405,25.403603,10.863849,153.13788,-27.19827,-10.387852,151.85822,-22.1088,16.50624,118.88455,-10.279925,0.45290583,126.35656,5.0691576,25.772497,86.41642,-27.91561,13.031358,94.2737,-6.854618
-6.0253596,210.55214,12.840229,-2.7947497,214.12347,11.120843,-9.3640585,213.62236,10.329699,2.3955488,213.8187,1.3751782,-13.974008,212.85808,1.0683094,10.309717,201.06992,-9.297923,-21.85664,198.15642,-5.699206,11.533461,181.19629,8.655268,-19.584362,175.5376,8.809155,-6.456431,182.41748,23.734896,-2.458825,180.6216,24.066828,10.233352,152.54442,-26.864008,-10.707443,151.10483,-20.957651,16.594488,117.876495,-11.157997,1.7728629,124.32081,4.6657763,25.77174,85.63273,-29.832405,14.610706,90.78047,-2.8569927
-6.3563633,209.93727,13.277672,-3.1289692,213.52533,11.575538,-9.694724,213.02628,10.776221,2.0785253,213.2263,1.818772,-14.358818,212.34789,1.5795413,9.663476,200.63129,-9.100115,-22.32652,197.4976,-4.519701,9.529842,179.80896,7.810141,-17.919674,174.23723,8.130615,-9.379358,178.82008,21.777203,1.6892589,177.25583,21.06315,9.526413,151.72385,-26.234741,-11.060527,150.02867,-19.696718,16.85943,116.631676,-12.314661,2.9425979,121.96663,4.007866,25.689127,84.23452,-31.470613,16.246283,87.4833,1.5198306
-6.6810746,209.12447,13.635402,-3.3614745,212.61858,11.924573,-9.945437,212.31352,11.163648,1.819944,212.35059,2.1905398,-14.627952,211.54782,1.932835,9.149368,199.57104,-8.851978,-22.689606,196.34271,-3.721604,7.74524,178.04124,7.0261765,-16.413107,172.87888,7.765068,-11.689759,175.14035,20.155937,4.5593114,173.42511,18.610209,8.83003,150.24683,-25.622059,-11.339618,148.33727,-18.551748,17.351582,114.78637,-13.737301,3.9115877,119.215164,3.1139948,25.76584,82.32023,-32.849236,17.615122,84.85497,5.8155456
-6.756352,208.21465,13.991564,-3.5264797,211.76907,12.235594,-10.105249,211.32356,11.531995,1.7376071,211.0599,2.404542,-14.736547,210.48665,2.2949433,9.096755,198.08835,-8.068566,-22.77736,194.8078,-3.0609472,5.8970766,175.46791,6.2409363,-15.614421,170.6429,6.3951178,-13.580274,171.72235,18.6879,5.88601,169.16489,16.656723,8.634385,148.654,-24.681698,-11.749167,146.37167,-17.40519,18.020582,112.93162,-15.06511,4.899455,116.66759,2.1880283,26.173218,80.22364,-34.29455,18.500763,82.98012,9.948718
-7.081947,207.10823,14.208888,-3.8109117,210.56262,12.325049,-10.3949375,210.14987,11.6233835,1.4787248,209.89546,2.6962824,-14.961514,209.04237,2.3534985,8.8844385,196.31421,-7.876791,-23.12493,192.80112,-2.2919743,4.7246194,173.34813,5.7481203,-14.5627575,168.20476,5.5687723,-13.791687,167.68182,18.615688,7.255268,164.71408,14.518233,8.252045,146.96785,-23.933783,-12.226615,144.5079,-16.340698,18.566513,111.16377,-16.574005,5.2889214,114.221016,1.2610716,26.457884,78.03342,-35.508026,19.046886,81.98353,13.606289
-7.1489325,205.641,14.252991,-4.035629,209.195,12.284072,-10.608933,208.55568,11.7137375,1.3611637,208.12839,2.6056526,-15.096229,207.47758,2.4786384,8.698387,194.37384,-7.5190134,-23.522081,190.55893,-1.7778091,4.9632053,171.4275,5.9460425,-14.451496,165.61386,4.8456464,-12.40302,163.43488,19.160767,7.2776113,159.69987,12.5182295,7.816128,145.17441,-23.381681,-12.69958,142.5769,-15.822257,18.886826,109.11272,-17.97569,5.3135543,112.08814,0.63621825,26.447453,76.120186,-36.661263,19.201574,81.92489,16.69572
-7.1011224,203.96423,14.290056,-4.0681405,207.53342,12.241878,-10.653332,206.81555,11.796472,1.3138433,206.2914,2.535005,-15.180163,205.74982,2.591958,8.793954,192.28712,-7.0679793,-23.519411,188.4791,-1.5449519,5.390499,169.50464,6.8731155,-15.136263,162.94951,3.8688755,-12.299431,159.73732,19.208418,6.2239356,154.47412,10.838325,7.6861987,143.0014,-23.030226,-12.831479,140.19363,-15.536985,19.321163,107.083084,-18.931826,5.8239574,109.996445,0.7914254,25.83411,74.44935,-37.4484,20.401682,80.7276,18.52484
-7.0695176,202.10245,14.042653,-4.0294013,205.7113,12.070891,-10.604701,205.01251,11.592392,1.2751929,204.58284,2.255164,-15.229258,203.86957,2.4025319,8.824238,190.11636,-6.7730103,-23.646679,186.53703,-1.4399672,6.1617765,167.11665,7.323017,-15.958974,160.34987,3.1947343,-10.603857,155.62898,19.734222,4.383051,149.50165,9.991454,7.550699,140.7975,-23.111065,-13.203874,137.78777,-15.392804,19.663197,105.328354,-19.232702,6.1976895,108.25617,1.3933158,24.913435,73.40863,-37.67819,21.376982,79.786644,19.627361
-7.1689334,200.51619,13.734359,-4.0373774,204.03236,11.733868,-10.618619,203.46864,11.211036,1.0540452,202.66193,1.8108044,-15.448131,202.11847,2.1668231,8.745075,188.29851,-6.855041,-23.921532,184.77698,-1.3891369,8.233739,164.66287,6.8014636,-17.337599,158.27074,3.0061152,-6.876851,151.6422,20.470943,1.7934483,145.49779,10.0366335,7.1701765,138.834,-23.58354,-13.339503,135.87201,-14.834237,19.58011,103.99523,-18.75149,6.3008685,107.17773,2.5725343,23.94184,72.94251,-37.617134,21.929243,78.80723,19.485996
-7.0420303,199.48398,13.207214,-3.9759786,202.89229,10.932095,-10.587072,202.41562,10.800464,1.1376889,201.37666,1.20698,-15.345945,200.93388,1.6250846,9.013282,186.68645,-7.149676,-23.96923,183.73036,-1.4278353,9.800995,163.48383,7.1688213,-19.134935,157.08524,2.8702512,-1.3328077,147.5829,21.392017,-3.752862,141.41652,11.754944,7.0136704,137.65784,-24.233881,-13.22142,135.07025,-14.753545,19.526123,103.29305,-17.743168,6.08407,107.497444,3.7761302,23.377548,72.65109,-37.630093,22.408905,78.595535,18.204195
-7.060608,198.74396,12.858482,-4.000506,202.08841,10.480927,-10.617653,201.67284,10.467308,0.99219066,200.76093,0.82485086,-15.516882,200.20683,1.373584,9.047681,185.67578,-7.460382,-24.50109,182.79735,-1.6787206,12.067582,162.53738,6.784316,-21.061169,155.85829,3.153117,4.701381,146.36604,22.937685,-8.378889,138.21921,13.525757,7.0036325,137.03603,-24.11246,-13.273742,134.46402,-15.276153,19.518196,103.03923,-17.037144,5.7222204,108.35163,5.3403635,22.74391,72.75481,-37.642975,22.61374,77.93302,15.46144
-7.0949025,198.5113,12.752769,-4.0854354,201.89558,10.361007,-10.701276,201.45372,10.449699,0.76763654,200.83223,0.6650515,-15.701221,200.07954,1.4026729,9.052262,185.34775,-7.525527,-24.95535,182.48335,-1.9019097,15.723307,161.91048,5.2693076,-23.65503,155.32579,3.7373917,12.475273,146.29898,23.26937,-14.488711,136.23235,15.263928,6.968905,136.73943,-24.021149,-13.233351,134.27275,-15.643293,19.303535,102.89083,-16.514229,5.128308,109.59829,7.322529,22.357891,72.73181,-37.734753,22.13816,78.0525,12.847136
-7.1153173,198.77739,12.9384575,-4.097804,202.14569,10.536071,-10.718392,201.72647,10.650383,0.6375067,201.28221,0.82575536,-15.839727,200.58682,1.7300663,9.397548,185.5649,-7.5019035,-25.46098,182.81514,-2.0766976,19.760107,162.6987,4.1739497,-27.092634,155.78622,3.659166,20.660374,146.89255,22.447725,-20.214863,136.7594,16.794245,6.970747,136.91246,-23.562971,-13.275679,134.81009,-15.468782,18.759584,103.00852,-16.519766,4.297504,111.388374,9.153634,22.188799,72.96099,-37.990173,21.143229,79.55587,10.210841
-7.071244,199.56012,13.350362,-4.050769,202.88081,10.894223,-10.675501,202.54393,11.111532,0.71048313,202.28108,1.277791,-15.755485,201.57755,2.101293,9.995172,186.3277,-7.1438184,-25.46572,183.94519,-2.066211,23.555532,164.82109,3.0610826,-31.096426,157.43877,3.419539,28.534973,150.16872,21.329338,-25.821642,138.61795,17.497005,7.0031695,137.58582,-22.810322,-13.631601,135.73405,-14.874354,18.345612,103.54886,-17.084953,3.4557214,113.258675,10.850482,22.17826,73.38073,-38.232063,19.789465,81.251076,7.319073
-6.8123927,200.66505,13.892127,-3.857829,204.03087,11.418549,-10.47662,203.66208,11.773556,0.8454674,203.6986,1.7907218,-15.604517,202.84955,2.7679408,10.8823,187.74196,-6.656852,-25.544065,185.51314,-1.9037591,27.39834,167.4124,0.88425124,-35.273285,160.47504,3.0118108,35.027573,153.96652,19.215487,-31.097303,142.17514,17.821657,7.159868,138.37982,-21.42564,-13.685774,137.04509,-13.627691,18.184732,103.99269,-17.745918,2.5313408,114.916046,12.673823,22.166286,73.44937,-38.598133,18.155878,82.90193,4.7080693
-6.5816817,201.928,14.78957,-3.5526307,205.29698,12.41972,-10.178696,204.9975,12.65838,1.3910552,205.23888,2.9402642,-15.065461,204.4159,3.5036652,11.801515,189.23454,-6.176726,-25.159822,187.24603,-1.5665966,31.250023,170.67952,-1.7280084,-39.19298,164.23694,1.9508969,40.330242,157.95163,16.482285,-36.2356,146.57466,17.502197,7.514808,139.70006,-20.16411,-13.677908,138.83827,-12.662622,17.829456,104.91161,-18.168335,1.3356888,117.06076,14.240159,22.328945,74.06535,-38.802402,15.863044,84.79059,2.7816665
-6.155546,203.42792,16.02197,-3.0669749,206.69368,13.57826,-9.707381,206.49048,13.820044,1.8950356,206.91795,4.3252363,-14.588575,206.02391,4.6938105,12.555523,191.04645,-5.479758,-24.687593,188.97638,-1.193106,34.20123,174.7742,-4.52404,-42.64958,168.68509,0.29458413,44.707375,162.40112,12.820649,-40.908253,151.25197,16.268011,7.8444233,141.30753,-18.610952,-13.50047,140.66272,-11.70218,17.768282,106.07065,-18.662525,0.5996419,118.55407,15.574985,22.749004,74.557816,-38.54325,12.94386,87.10025,1.3182578
-5.71908,204.90283,17.285248,-2.5001395,208.11597,14.945771,-9.144367,208.08322,15.03912,2.5257642,208.3494,5.6947317,-13.956389,207.40213,5.8026953,13.231791,193.01901,-4.5289207,-24.17011,190.80348,-0.7233009,36.2763,179.33566,-7.4762383,-44.930553,173.45743,-1.500896,48.149426,166.78395,8.537332,-44.91997,155.941,14.082142,8.0570545,142.63132,-17.331774,-13.330973,142.3246,-10.638545,17.74582,107.177505,-18.62595,-0.30946705,119.94451,17.083027,23.09778,75.30164,-37.96315,9.897117,89.0782,0.318706
-5.09947,206.22261,18.479296,-1.8579717,209.42262,16.153723,-8.498586,209.41165,16.207876,3.2249599,209.65694,6.9550543,-13.270783,208.79008,6.9689875,13.919438,195.07556,-3.7878914,-23.40352,192.5591,0.10007514,37.30839,183.58965,-10.159933,-46.115948,178.16591,-3.2968905,49.934814,170.58405,4.671592,-47.77123,159.72585,11.064609,8.265158,144.28358,-16.437428,-12.758676,144.3984,-9.392345,17.723879,108.57603,-18.109568,-1.3317989,121.04717,18.310999,22.691162,76.44395,-37.547825,7.040181,90.6608,-0.18032897
-4.490174,207.47604,19.6,-1.2321335,210.64983,17.259073,-7.8701277,210.70868,17.364683,3.8733473,210.8327,8.0705,-12.595951,210.01773,8.023957,14.747815,196.81909,-3.4028232,-22.701643,194.4307,0.9088983,38.060844,187.17221,-12.596912,-46.30733,182.72641,-5.1281543,50.8872,173.41588,1.2172545,-49.79592,163.13934,6.8818483,8.439869,145.86948,-15.673968,-12.62539,146.01149,-7.910675,17.787718,109.95789,-16.987843,-2.299239,121.79016,19.525093,21.718826,77.75083,-36.90776,4.4022913,91.729164,-0.24317017
-3.8184628,208.29843,20.53129,-0.74306417,211.73325,18.31119,-7.372606,211.48984,18.508896,4.3872538,211.97298,8.998501,-12.080282,210.98721,9.122274,15.306596,198.53175,-3.2684062,-21.854246,195.97731,1.5580086,38.095318,190.56355,-15.073761,-45.692646,186.18204,-6.8272853,50.861443,175.60828,-2.3130717,-51.02215,165.73018,2.6094792,8.985157,146.9097,-14.76641,-12.025543,147.10406,-6.1689835,18.036587,110.87169,-15.66244,-2.9528456,122.38187,20.773014,20.450697,79.26637,-36.484715,1.4387897,92.25051,0.15241908
-3.2833655,209.07202,21.478302,-0.25755876,212.54736,19.25455,-6.8836637,212.17789,19.406519,4.756337,212.76558,9.806403,-11.701051,211.71329,10.178133,15.49012,199.83049,-3.152947,-21.074295,197.1826,1.9235505,37.600483,192.93214,-16.503622,-44.441154,188.85379,-8.808615,50.110672,176.5436,-5.64627,-51.334072,167.93097,-2.0850031,9.387349,147.80545,-13.8562,-11.218376,147.97862,-4.4008455,18.407778,111.58029,-13.883099,-3.4559557,122.45348,21.895948,19.001009,81.02672,-36.341766,-1.1042577,92.46907,0.7349613
-2.6020064,209.76802,22.311697,0.44648904,213.18475,20.029903,-6.179079,212.87733,20.210215,5.3655643,213.35773,10.569696,-11.108536,212.33751,11.083411,15.638926,200.85794,-2.6875262,-20.267675,197.99355,2.207917,36.703995,194.73029,-17.87581,-43.167236,190.45763,-9.964142,48.6297,177.00977,-9.081668,-51.169235,169.1923,-6.623978,9.68344,148.61128,-13.158635,-10.570676,148.7664,-3.1918807,18.681332,112.23459,-12.168481,-4.0320473,122.2803,22.746052,17.332207,83.112686,-36.212837,-3.3851628,91.89536,1.8060695
-1.9780817,210.12625,23.118092,1.032378,213.66472,20.965624,-5.5926538,213.27113,21.138361,5.872817,213.83551,11.345719,-10.586095,212.85864,11.959428,15.48978,201.52356,-2.7906804,-19.445337,198.41219,2.4919348,35.729267,195.43195,-18.878826,-41.351307,190.82622,-11.360283,46.969494,176.31801,-12.398656,-50.011475,169.43422,-11.142164,10.022288,149.01323,-12.48049,-9.859598,149.08138,-2.1841462,18.619148,112.469154,-10.397174,-4.4788203,122.16318,23.460842,15.159209,85.24074,-36.1743,-5.591017,91.38268,3.3267202
-1.5109912,210.32257,23.94099,1.4667122,213.92616,21.85535,-5.15834,213.43982,21.97413,6.3784533,214.15942,12.238158,-10.064438,213.06776,12.718513,15.572727,201.89548,-2.3048606,-18.687004,198.99423,2.591322,34.61556,195.31511,-19.733822,-38.765488,190.80453,-13.586464,44.651863,174.79231,-15.829598,-48.59247,169.63329,-14.977438,10.501302,149.3464,-11.744017,-9.16712,149.446,-1.4428464,18.33458,112.48693,-8.717176,-4.7698154,121.78393,23.78007,12.785948,87.10766,-36.102646,-7.5914764,89.99123,5.3403325
-1.0241714,210.4906,24.5518,1.9340426,214.0532,22.374878,-4.6771994,213.48851,22.416286,6.751905,214.20316,12.742787,-9.657985,212.97514,13.363107,16.061274,202.26173,-1.3977019,-18.174414,199.3096,2.7397022,33.30146,194.59819,-20.319035,-36.15375,189.96622,-15.247714,42.464462,173.61378,-18.056026,-47.05812,169.5236,-18.765953,11.014043,149.56473,-11.0855,-8.62896,149.81187,-0.8264378,17.793646,112.39007,-7.542057,-4.9152155,121.114555,23.657345,10.099228,88.8259,-36.309147,-9.130243,88.152405,7.703666
-0.6029865,210.31325,25.091192,2.3731396,213.87895,22.93998,-4.23954,213.38133,23.030706,7.147404,214.17079,13.290444,-9.275067,212.92662,13.937689,16.73362,202.08588,-0.26593548,-17.523104,198.94435,2.650418,31.906534,193.32617,-20.545107,-33.744347,187.87802,-16.154333,39.637657,171.57225,-20.873266,-45.059685,168.27351,-22.434216,11.523604,149.63646,-10.504738,-7.9911914,149.91487,-0.54206014,16.914948,111.98885,-6.712122,-4.994111,120.18889,23.423676,7.670595,90.07429,-36.385895,-10.477469,86.17641,10.053568
-0.06228082,210.00232,25.565254,2.8452482,213.6469,23.446043,-3.7617183,213.088,23.64802,7.5666714,213.98816,13.755322,-8.809989,212.70053,14.498173,17.402275,201.75508,0.3764214,-16.714615,198.36522,2.6098385,30.39813,190.96924,-20.427433,-31.305887,185.64587,-16.721209,36.585777,168.76546,-23.405914,-42.52343,166.69202,-25.71309,12.108558,149.06082,-9.773456,-7.73553,149.24922,-0.43845636,15.629972,111.06321,-6.334893,-5.0412087,119.132744,23.05375,5.2122445,90.68156,-36.75597,-11.794217,84.177246,12.617598
0.4523109,209.53085,25.906393,3.3358831,213.18529,23.772387,-3.2732422,212.6046,24.010742,8.035719,213.58728,14.082058,-8.37918,212.16422,14.880898,18.032001,200.99956,0.574031,-16.07324,197.17216,2.6459353,28.5685,188.20131,-20.44604,-29.134445,183.17525,-17.03851,33.08205,165.62285,-25.762655,-39.784294,165.0583,-28.406418,12.97109,148.36382,-9.124295,-7.345859,148.54495,0.20986253,14.275824,110.077095,-6.1022105,-4.9006176,117.79413,22.559952,2.8844676,90.669525,-36.887856,-12.746967,82.35492,15.125728
0.78891706,208.73228,25.876913,3.6480355,212.51271,23.93076,-2.9511652,211.88481,24.154652,8.385503,212.86398,14.132994,-7.9944735,211.42628,14.840599,19.017149,199.70471,1.4006224,-15.416183,195.941,2.2167692,27.354532,185.40967,-19.667664,-27.114014,180.4829,-17.319412,30.342205,163.23358,-27.080599,-37.10744,163.09288,-30.635029,13.363608,147.34245,-8.595551,-7.047691,147.49187,0.59250426,12.776,108.871826,-6.195975,-5.001467,116.23967,22.036417,0.57654923,89.457825,-36.836563,-13.620065,80.476746,17.148563
1.2281982,207.89133,25.928314,4.0193434,211.67525,23.896923,-2.566801,211.00723,24.254213,8.674721,211.90727,13.985142,-7.6760173,210.5842,15.000616,19.695002,198.29271,1.8450508,-14.6204195,194.60614,2.0603228,25.766428,182.44888,-19.019403,-24.936167,177.87823,-17.200123,27.121523,160.95175,-29.020164,-34.31635,160.92786,-31.753344,13.942049,146.06096,-8.055793,-6.7916965,146.39597,0.47744107,11.43581,107.54206,-6.491837,-5.4119925,114.77261,21.807713,-1.2891508,87.268456,-36.64485,-14.274481,78.73458,18.92978
1.4305028,206.78246,25.815296,4.2889094,210.44705,23.672888,-2.313784,209.93742,24.091736,8.992825,210.61691,13.902055,-7.3901987,209.27344,14.802958,20.259586,196.71838,2.015345,-13.932107,192.67921,1.3801378,24.572437,179.30406,-17.851809,-22.765053,174.61658,-17.422426,24.902245,158.2564,-28.712109,-31.650608,157.79018,-32.05414,14.317668,144.57632,-7.603364,-6.3855143,144.80222,0.652531,9.776109,106.00786,-7.4968743,-5.9987564,112.910995,21.698616,-3.3487663,84.20707,-36.855484,-14.755495,76.87069,19.964642
1.8200332,205.54366,25.609236,4.59254,209.16362,23.300121,-1.9873748,208.68298,24.019201,9.212669,209.02946,13.489686,-7.184442,207.80728,14.721223,20.672844,194.65895,2.1736078,-13.471618,190.74672,1.2541887,23.686552,175.81155,-16.595919,-21.093859,171.6258,-17.067957,23.215637,155.18654,-28.133976,-28.858807,154.73586,-32.297737,14.555622,142.80972,-7.1389484,-6.1346087,143.03346,0.77727854,8.158971,104.28696,-8.438698,-6.7919908,110.989006,21.627058,-5.169322,81.32399,-36.968563,-15.222848,74.93107,19.670198
1.9524858,204.08984,25.397043,4.610542,207.73244,22.985857,-1.9545273,207.04396,23.688618,9.32241,207.30652,13.16971,-7.070543,206.17926,14.504101,20.985207,192.44795,2.3451464,-13.088657,188.4217,1.1045805,23.508957,172.708,-15.632088,-19.842442,168.36096,-16.462885,22.859983,151.84029,-26.475616,-26.629997,151.29832,-32.076183,14.64731,140.75291,-6.6001797,-6.3250694,141.1549,1.0183545,6.676036,102.882355,-9.584186,-7.3937316,109.49292,21.973433,-6.870773,79.54125,-37.72877,-15.38719,73.50357,18.373066
1.8779421,202.62029,25.152723,4.4510784,206.28192,22.682535,-2.0998414,205.42064,23.356735,9.29957,205.5782,12.897445,-7.116335,204.24796,14.1238785,21.240967,190.39088,2.4051769,-12.871903,186.4585,0.8217269,23.793432,170.3132,-15.222786,-18.878763,165.42546,-15.976311,22.73994,148.81972,-24.316502,-25.011753,147.68152,-30.954561,14.343184,138.73148,-5.9894695,-6.5388393,139.12288,1.3711607,5.439423,101.312126,-10.807909,-7.8765936,108.24075,22.575073,-7.838857,78.60822,-39.273197,-14.95265,72.8277,17.154285
1.9829674,201.32195,24.754696,4.5506234,204.99924,22.305624,-1.9953187,204.01929,22.806213,9.287489,204.16386,12.428273,-7.110608,202.77768,13.784261,21.192028,188.72943,2.157422,-12.870702,184.8179,0.6776147,24.651281,168.4741,-15.19637,-18.45437,162.9995,-15.282404,22.851505,146.12935,-21.373915,-24.247128,144.13243,-28.795872,13.66246,137.15504,-5.6753793,-7.191916,137.79182,1.0262253,4.648204,100.10682,-11.916916,-8.135417,107.661064,23.011805,-8.398102,78.160904,-40.883656,-14.422998,72.36238,16.172379
1.9619569,200.39568,24.06372,4.6845636,204.06343,21.76108,-1.8963274,203.31483,22.191736,9.286979,203.3224,11.775302,-7.0924706,202.01804,13.063352,20.888096,187.77202,1.6797732,-12.812368,183.86642,0.4175796,25.453358,167.38976,-15.127572,-18.437168,161.35648,-14.674089,23.939316,144.50609,-17.59086,-24.780052,141.15048,-25.673094,12.995692,136.2513,-6.1111035,-7.775874,136.88548,0.5473986,4.220515,99.45776,-12.539256,-8.534182,107.35205,23.33772,-8.208332,78.2069,-42.37874,-13.893702,72.121704,15.257054
1.8777874,200.21072,23.352041,4.565699,203.88756,21.03347,-2.0085378,203.08516,21.46485,9.140919,203.28943,11.057173,-7.256054,201.86081,12.447356,20.477753,187.50015,1.081739,-13.215338,183.6612,-0.103608854,26.668823,166.62878,-14.820748,-19.20881,160.6765,-14.512659,25.650349,143.34752,-13.883912,-24.946007,138.61877,-21.663254,12.460754,135.72372,-6.541089,-8.447592,136.26392,-0.47996068,4.5267506,99.08353,-12.763031,-9.322213,107.21753,23.218319,-7.402148,78.746574,-43.316994,-13.562133,72.24814,14.43031
1.844651,200.25308,22.400463,4.490101,203.93172,20.038616,-2.0719187,203.22322,20.735405,8.966162,203.79962,10.139766,-7.4030995,202.36516,11.654468,19.93984,188.00963,0.39979267,-13.774118,184.39995,-0.66817373,27.76502,167.03166,-14.598177,-20.355131,161.39111,-14.604217,27.735962,143.95084,-10.005517,-25.386835,138.1098,-16.478241,11.98834,136.12686,-7.4422307,-8.801695,136.46811,-1.0996056,5.3437347,99.07558,-12.798111,-9.9675,107.1576,22.44831,-6.727463,79.52141,-43.51252,-13.586051,72.18925,13.38997
1.8948756,200.87213,21.406998,4.525301,204.56493,19.046007,-2.0214946,203.94261,19.952375,8.805797,204.81479,9.131216,-7.494277,203.4335,10.868135,19.43537,189.25914,-0.6503396,-14.471982,185.82304,-1.1953722,28.956783,168.33115,-14.576116,-21.845163,162.96532,-14.789119,29.943329,146.4763,-5.72273,-26.066854,139.9147,-10.665482,11.37961,137.07832,-8.491876,-9.461891,137.38783,-1.8782171,6.4648776,99.65843,-12.382425,-10.518354,107.17425,20.874977,-5.8889337,80.6571,-43.27149,-13.636992,72.219215,12.343454
1.9512347,201.94135,20.36064,4.6451907,205.67773,18.14525,-1.9062434,205.16934,19.09302,8.844832,206.35138,8.24865,-7.4712586,205.10895,10.017151,18.870968,190.9737,-1.7713468,-15.0415535,187.67084,-1.7938533,30.888624,170.43335,-14.10172,-24.225725,165.64537,-14.94283,31.539276,150.23546,-1.5844251,-26.543484,144.51904,-5.076208,10.71869,138.36522,-10.014533,-10.316607,138.55984,-2.8348963,7.453098,100.849106,-11.585106,-10.946968,107.466705,18.70673,-4.6025386,82.1244,-42.137196,-13.857533,72.389885,11.270677
1.9357214,203.14658,19.517254,4.7650647,206.74142,17.242954,-1.7871429,206.5353,18.257141,8.781204,207.90125,7.4953804,-7.511224,206.89043,9.374371,18.377642,192.77057,-2.9663231,-15.629746,189.95819,-2.4520266,32.917175,172.69649,-13.312059,-27.07266,168.57478,-14.411193,33.13073,155.00679,2.3566685,-26.703314,150.2825,0.24806261,10.068792,140.34459,-11.815816,-11.171077,140.4392,-4.460243,8.442843,102.79265,-10.343823,-11.045175,107.907,15.63202,-3.321977,83.932365,-40.677273,-14.176858,72.46429,10.314907
1.9181389,204.50908,18.816017,5.010718,207.9145,16.577188,-1.548644,208.1399,17.521631,8.950335,209.31227,6.9094944,-7.3533225,208.68059,8.669258,18.096132,194.81833,-4.164988,-16.195965,192.43423,-2.6977923,34.929195,175.9066,-12.787748,-30.296192,171.87878,-12.870399,33.390026,161.33897,5.696436,-26.683432,156.96878,4.8555036,9.609977,142.54518,-13.483906,-11.642222,142.50026,-6.0363526,9.330788,105.072685,-9.200396,-11.004674,108.572174,12.075018,-2.1474564,85.506546,-39.06103,-14.363404,72.76095,9.182068
2.1380782,206.0391,17.918552,5.337696,209.47507,15.897671,-1.2300525,209.82324,16.77645,9.218754,211.11963,6.17642,-7.1275716,210.57158,7.9465537,17.439034,196.85669,-5.225973,-16.721024,195.08006,-2.8134866,36.687496,179.74828,-11.838379,-33.37448,175.65659,-11.013195,33.28186,168.62144,8.803411,-26.65599,165.5457,8.996477,9.1088915,144.97464,-15.2932,-12.238318,144.56372,-8.098245,10.344185,107.741196,-8.1733885,-10.809252,109.5445,8.5316105,-1.1741382,86.38018,-36.749317,-14.225167,73.29937,8.158037
2.353878,207.62401,17.295946,5.6302986,210.9645,15.233023,-0.96111923,211.35403,15.890125,9.654457,212.41861,5.5409045,-6.708,212.20988,7.198967,17.105825,198.72397,-6.4854584,-16.85,197.56912,-3.0960526,38.22915,183.17531,-10.640856,-36.084988,179.85893,-8.410711,33.086685,176.08614,11.343421,-27.991495,174.42009,13.039465,8.528889,147.11586,-17.175064,-12.7972975,146.3645,-10.481062,11.215255,110.47426,-7.3763843,-10.660001,110.88621,4.793934,0.070104055,86.59959,-33.77269,-13.821644,74.45139,7.1024923
2.5716293,208.84679,16.61009,5.9232326,212.07182,14.489846,-0.6516613,212.65213,15.200057,9.996255,213.48456,4.861508,-6.381416,213.4586,6.399694,16.90964,200.2992,-7.722593,-16.96733,199.65762,-3.521771,39.676643,186.71033,-8.899529,-38.735977,184.27484,-5.4408793,33.4604,183.63206,13.74828,-29.922508,182.4034,16.375727,8.041585,148.81482,-19.301537,-13.442216,148.04465,-12.820893,12.222318,113.18679,-6.624992,-10.969693,112.30594,1.3284223,1.3264884,86.347435,-29.916752,-13.057386,75.76373,5.2353234
2.530407,209.4677,16.00867,5.992022,212.59805,13.917722,-0.5855559,213.32912,14.514166,10.235185,213.85762,4.319504,-6.1154633,214.43707,5.645885,17.127483,201.55357,-8.807457,-17.4059,201.31125,-4.0396543,40.97897,190.07716,-6.981356,-41.207005,189.09206,-1.945441,33.398308,190.21393,15.509492,-30.423126,188.10136,18.978685,7.706469,150.42139,-21.223888,-13.882655,149.60925,-15.228768,12.7308655,115.67642,-6.125778,-11.400588,113.80249,-1.6639739,2.756102,85.73423,-24.992949,-12.435523,77.04449,2.1151428
2.6673875,210.125,15.221219,6.1306534,213.20926,13.058566,-0.41598603,214.04901,13.833748,10.478271,214.05646,3.4218688,-5.8396783,215.24556,4.846641,17.06074,202.77994,-9.808927,-17.78381,202.73816,-4.093422,41.58111,193.01967,-5.3573327,-42.31808,193.47742,1.599193,33.35157,197.2865,16.516739,-31.1434,196.53377,22.10161,7.240374,152.0062,-22.725065,-14.542697,151.06209,-17.657368,12.543238,117.93635,-5.6245565,-11.722922,115.16276,-4.1718783,4.4225907,84.99796,-19.466906,-11.70936,78.019745,-1.6941301
2.6585267,210.57608,14.4759655,6.3249702,213.36815,12.258258,-0.21584874,214.47095,12.624843,10.590986,214.26648,2.735822,-5.721436,215.70987,3.9449413,16.644924,203.60977,-10.708818,-18.130707,203.60464,-4.5085793,41.485832,195.83041,-4.097205,-42.260372,198.04175,5.953628,33.093403,203.82864,16.580185,-30.459818,205.48833,25.06584,6.3774595,152.97516,-23.907867,-15.617178,152.13844,-20.007887,11.837889,119.93986,-4.672234,-12.082693,116.29458,-6.229483,6.61091,85.26002,-13.200394,-11.136849,78.96335,-6.3070154
2.6435838,210.31381,13.340056,6.256687,213.26196,11.245855,-0.25111642,214.37318,11.897787,10.423817,214.47194,1.6818272,-5.8550816,216.06853,3.2972534,16.163923,203.76746,-11.388062,-18.428297,204.3559,-5.0230923,40.92091,198.88588,-2.353474,-40.99898,202.36037,9.417565,32.878708,210.00679,17.0517,-30.054497,212.25879,27.830418,5.7339973,153.72818,-24.970198,-16.42122,152.75867,-22.140488,11.053541,121.8511,-3.8653483,-11.983619,117.01723,-8.159488,8.135002,85.827705,-6.1728015,-10.217355,80.05229,-11.689512
2.3743694,210.66093,12.746349,5.9860263,213.52199,10.52661,-0.58982915,214.43306,10.785726,10.289525,214.0573,0.9272739,-5.933367,215.88495,2.267867,15.380153,203.48286,-12.102261,-18.363775,204.75117,-5.729702,39.50367,201.88982,-0.5353782,-38.177177,206.58379,12.218392,33.09474,215.10199,18.069017,-29.590288,218.50073,30.613194,4.9334264,154.31105,-26.022078,-17.036457,153.49765,-24.110266,9.705128,123.616295,-3.5333006,-11.869874,117.77011,-10.055587,9.733305,88.17372,1.1154685,-9.439579,81.21275,-17.181328
2.1055818,210.33821,11.912982,5.7627244,213.15436,9.70325,-0.77317005,214.26453,10.132936,10.186529,213.58438,0.20669787,-6.008353,215.64761,1.3491142,14.386117,203.06737,-12.05521,-18.248955,204.91579,-6.5655775,37.482864,204.61787,1.1362895,-34.743206,210.41478,14.042962,33.465702,219.2658,19.528086,-29.143274,223.80548,33.054974,4.1241755,154.88438,-26.777126,-17.652916,153.90628,-26.116465,8.280012,124.82703,-3.2936463,-11.939163,117.963524,-12.173317,11.039728,91.030174,8.114965,-8.324397,82.13659,-22.200912
1.7368959,210.27748,11.381124,5.454071,213.02893,9.189522,-1.0991002,214.07831,9.289644,10.034921,213.22652,-0.24949905,-6.193868,215.4685,0.5852367,13.712465,202.64444,-11.970364,-17.990923,205.26958,-6.8590083,35.493378,206.45984,2.7592402,-31.426767,213.01259,15.223376,34.41476,222.3674,20.185719,-29.11916,227.42168,34.532642,3.5317652,154.9715,-27.12072,-18.210781,154.00232,-27.425589,7.1585813,125.39218,-3.1404455,-12.085833,117.62763,-14.099424,11.651993,94.75933,14.569403,-7.062398,82.49716,-26.850855
1.642953,209.43004,10.598399,5.3618307,212.35172,8.647455,-1.2071953,213.27754,8.605757,9.893102,212.96863,-0.80254376,-6.393275,214.84584,0.030551685,13.116445,202.3125,-11.971357,-17.55291,205.4683,-6.6537766,33.017075,207.91876,4.773879,-28.503714,215.23047,16.23922,35.27806,224.79387,21.091816,-29.023493,229.98114,35.71875,2.7112513,154.88118,-27.797752,-18.80667,153.73451,-28.1722,6.8452015,126.02993,-3.3039756,-12.315377,116.96187,-16.18883,11.937941,99.07538,19.61058,-6.001228,82.010315,-30.425974
1.3967326,208.78278,10.42229,5.204059,211.65216,8.559894,-1.3499801,212.54271,8.145676,9.432661,212.49219,-1.0970963,-6.7834864,214.37875,0.03405075,12.438377,201.99919,-12.193058,-17.214277,205.27827,-6.18052,31.241892,208.74278,5.5489893,-26.151995,216.45314,17.055834,36.06207,225.64243,21.67619,-28.536304,231.36487,36.403023,2.120689,154.5812,-28.568174,-19.18253,153.24315,-28.499851,6.8574753,127.01919,-3.1094773,-12.350795,115.74806,-18.501184,11.799149,103.35603,23.4348,-4.983739,80.66733,-33.131382
1.2611446,208.47015,10.592053,5.146576,211.17357,8.655304,-1.391046,212.18044,8.122699,9.303775,211.75984,-1.1063825,-6.8394856,213.5872,-0.1044707,11.686626,201.4692,-12.464962,-17.119295,204.68138,-5.9622583,30.04559,209.17746,5.450847,-24.720112,216.91782,17.38143,36.30213,225.37105,22.043869,-27.691105,231.72006,36.804317,1.6261182,153.98303,-29.070042,-19.413483,152.4291,-28.77725,6.669163,128.07689,-2.1604273,-12.059316,114.32891,-20.73437,11.201596,107.251625,26.773184,-4.0088797,78.99029,-35.44354
1.0828096,207.65645,10.509527,4.860894,210.42876,8.463087,-1.7084069,211.29445,8.110186,9.055297,210.9378,-1.2753999,-7.092754,212.60231,-0.21315075,11.104665,200.96672,-12.771041,-17.143164,203.70215,-5.894837,29.581705,209.29747,4.873138,-24.113815,216.41946,17.433632,36.09307,224.08913,22.676846,-26.584557,231.11649,36.8801,1.4813083,153.27365,-28.988665,-19.179487,151.43703,-28.85547,6.62475,129.02335,-0.40524215,-11.764043,112.93543,-22.735271,10.734784,108.98735,29.10775,-3.033057,77.30906,-36.91519
1.1622044,206.71823,10.398816,4.8808227,209.61632,8.421202,-1.7063476,210.38309,8.126741,9.023553,209.90808,-1.47782,-7.0760093,211.81837,-0.21580893,10.876346,200.19545,-13.037659,-17.278482,202.61403,-5.8154798,29.933819,208.3931,3.5200913,-24.814293,215.53404,17.32346,35.462246,222.02626,22.581245,-25.26945,229.89282,37.02415,1.5456468,152.30852,-28.300676,-19.127743,150.2127,-28.598963,6.3818693,129.66586,1.6066229,-11.403137,111.38545,-24.050575,9.962842,108.97886,30.679718,-2.5538898,76.06413,-38.185066
1.0434438,205.84273,10.36052,4.8590894,208.57133,8.320868,-1.691066,209.58887,8.045643,9.12296,208.94312,-1.428582,-6.995319,211.1544,-0.22693592,11.115418,199.46371,-13.826925,-17.55083,201.59627,-5.6665325,30.900656,207.16873,2.1081696,-26.199396,214.27902,17.144484,34.851723,218.83751,22.288612,-23.972616,227.8534,37.33999,1.7632749,151.17041,-27.514692,-18.961733,148.95377,-28.170347,6.2124014,129.74977,3.367804,-10.816562,110.290146,-24.626263,8.474596,106.69767,31.14089,-2.1560388,75.11964,-38.656696
1.3160923,205.50099,10.399172,5.177263,208.10255,8.296568,-1.3568498,209.2582,8.042956,9.0899725,208.27948,-1.7140818,-6.9490376,210.68958,-0.15067627,11.275476,199.01851,-14.199953,-18.052479,200.73349,-5.6013846,32.59016,205.41264,0.25004372,-28.252628,213.07016,16.558586,33.93792,214.92166,21.847303,-22.69049,224.35022,37.18346,2.1724424,150.40005,-26.328861,-18.786877,148.13329,-27.3763,5.9346075,129.63158,5.1374674,-10.053529,109.40521,-24.633768,6.5228286,103.71989,30.936949,-1.874873,74.26929,-38.647476
1.2607785,204.852,10.478148,5.3440294,207.30272,8.619424,-1.0861425,208.90329,8.239921,9.165233,207.92856,-1.43663,-6.984937,210.04593,-0.08598379,11.485398,198.23492,-14.44631,-18.549833,199.82768,-5.6491466,35.024693,202.97629,-2.5115483,-31.003828,211.2809,16.14111,34.133846,210.45569,20.214361,-21.933495,219.80278,36.646515,2.3087053,149.50386,-24.857409,-18.743256,147.43007,-26.003513,5.8035345,128.47992,6.651184,-9.333652,108.90597,-23.816816,4.7329965,100.093185,29.844208,-1.6240728,73.72569,-38.027515
1.2917032,204.65604,11.085876,5.330998,206.83394,8.845844,-1.0032908,208.82886,9.019785,9.2746525,207.42108,-0.91667557,-6.896099,209.67247,0.36648414,11.4094095,197.85808,-14.356983,-18.685652,199.2878,-5.537797,36.4411,200.29707,-6.5491533,-33.057777,209.02281,15.5476885,33.724876,205.37157,16.311049,-21.301718,214.30344,35.565567,2.5931273,148.49158,-22.918915,-18.602346,146.6057,-23.950583,6.0034637,126.81358,8.438278,-8.635836,108.40011,-22.39756,3.2676084,96.069756,28.567879,-1.1542207,73.7771,-37.12079
1.8056924,204.40033,11.043174,5.640205,206.83057,8.684722,-0.7398874,208.56177,9.2949915,9.642915,207.25183,-0.98458874,-6.508127,209.6856,0.63546383,11.805189,197.50359,-13.753998,-18.888462,199.2958,-4.9725914,37.697533,196.90094,-9.374937,-36.133686,206.1427,14.829198,33.47389,199.31856,13.751421,-21.793303,208.69897,33.315956,2.9837592,147.76575,-21.032457,-18.313482,146.23337,-21.393738,6.2908955,124.816185,9.759774,-8.241852,107.9831,-20.445114,2.107408,92.312935,26.55252,-0.828682,74.01484,-35.909798
2.3194025,204.12459,11.089114,6.0099173,206.7977,8.763547,-0.35608405,208.36874,9.750148,10.049277,207.38731,-0.8217484,-6.0372252,210.10124,1.148263,12.464813,197.6961,-13.042696,-18.457273,199.58215,-4.4258165,38.31279,193.33958,-11.623102,-38.577263,202.40881,13.3004675,32.894344,193.95581,11.279568,-22.65112,202.0966,30.534328,3.452471,147.16534,-18.946255,-17.98322,146.02194,-18.973196,6.401318,122.65171,10.804408,-8.016833,107.85507,-18.302584,0.9931258,88.97025,24.188963,-0.81843936,74.18086,-34.723408
2.6083202,204.55269,11.357655,6.3618903,207.35736,9.309846,-0.058456864,208.82172,10.083232,10.570005,208.24751,-0.33302075,-5.629457,210.58943,1.3637083,12.902574,197.54907,-13.257752,-17.985159,200.09323,-3.7936113,37.868412,189.50075,-13.920432,-39.759617,198.44461,11.787663,31.524445,187.86769,8.953252,-22.812197,194.99402,27.776287,4.0045433,147.03197,-16.867144,-17.647947,146.1961,-16.509262,6.8342123,120.58325,11.537419,-7.8238554,107.90124,-15.867786,-0.28264317,86.352356,21.558857,-0.6750708,74.55621,-33.17891
2.8659792,204.69586,11.818567,6.661284,207.49219,9.838121,0.250971,209.01393,10.60964,10.888678,208.52611,0.2055607,-5.325687,210.80502,1.8004037,13.955346,197.00986,-13.301838,-17.872442,199.91396,-3.0515974,37.519222,185.31808,-15.943421,-40.451115,194.28392,10.300031,30.099596,181.3674,5.870704,-23.232832,187.76826,24.945429,4.618062,146.59485,-14.723043,-17.05893,146.26106,-13.843512,6.8826666,118.25434,12.105923,-7.529379,107.95927,-13.553532,-1.691887,83.474205,18.383816,-0.5795342,74.7584,-31.461252
3.3399405,204.74496,12.401691,7.159648,207.66849,10.673098,0.74644995,209.15411,11.5385895,11.362938,208.8665,0.90286285,-4.8791614,210.98212,2.4365833,14.559204,196.1831,-13.209254,-17.911154,199.40378,-2.0124393,36.346615,181.46,-17.904493,-40.65036,189.8402,8.216578,28.95329,174.55736,2.9995978,-23.877993,179.78026,21.754826,5.296327,146.00859,-12.540099,-16.34887,145.83975,-11.399278,6.961049,115.74771,12.297228,-7.026965,107.85695,-11.4015,-3.7088673,80.89097,15.213305,-0.32209733,74.88848,-29.967297
3.7670922,204.80103,13.286908,7.5591364,207.81558,11.650759,1.1545919,209.24113,12.659902,11.769528,208.87451,1.7668277,-4.4858923,211.05446,3.3705065,15.197298,195.06764,-12.821566,-17.996235,198.32388,-0.928325,34.006798,177.61143,-20.156733,-40.557518,185.43639,5.620664,27.017445,168.16264,0.18541297,-24.44146,173.54843,18.11512,6.405681,145.08334,-10.410589,-15.383053,145.35329,-8.945525,7.1402307,113.31217,12.518211,-6.1854715,107.44605,-9.429801,-5.540563,78.93381,12.100439,0.572388,74.71133,-28.58221
4.444535,204.92284,14.426945,8.213878,207.91656,12.692933,1.8237283,209.3547,13.747131,12.146678,208.73592,2.633522,-4.023721,210.98512,4.586574,15.4971895,193.87973,-12.459868,-17.906975,197.15384,-0.003893106,31.45137,174.22002,-21.649786,-39.94537,181.97511,2.8622847,25.103264,161.66057,-2.7162275,-25.511013,167.21196,14.314524,7.1322284,144.18471,-8.575643,-14.803931,144.65988,-6.4497933,7.2804737,111.26673,12.61838,-5.310994,106.922554,-7.6218057,-6.970677,77.48774,8.900348,1.3793356,74.44095,-27.305626
5.058812,204.98512,15.661364,8.738262,207.94989,13.708809,2.3621442,209.35919,14.91644,12.53383,208.35854,3.6084294,-3.5889995,210.8828,5.890983,15.652751,192.39192,-11.538221,-17.815928,195.49547,0.9577954,28.765095,171.4741,-22.794115,-39.069996,178.64604,0.44784364,23.078512,155.78029,-5.798898,-26.26046,161.29584,9.797743,7.4909625,143.64583,-7.218064,-14.209594,144.10553,-4.1692104,7.772085,109.81337,12.428222,-4.6631393,106.3373,-6.0070453,-7.8365107,76.63282,6.373104,1.9921715,74.27606,-26.265179
5.570935,204.8531,16.747965,9.225753,207.8247,14.759024,2.8061602,209.14624,15.818107,12.864484,208.00014,4.497532,-3.2758524,210.31535,6.902561,15.732646,190.92467,-10.534016,-17.645058,194.13072,1.8875021,26.151016,169.49518,-23.604273,-37.83824,176.5371,-1.4678744,21.078314,151.80049,-8.284669,-26.51513,157.24619,5.861756,7.4717298,142.79128,-6.4826703,-13.720023,143.45302,-2.818314,8.102743,108.16105,11.8911915,-4.13552,105.5988,-4.40704,-8.34582,75.640976,4.6702447,2.4718654,74.16443,-25.437027
5.973992,204.46198,17.751308,9.562844,207.47525,15.703804,3.0866876,208.62737,16.6354,13.144578,207.26154,5.377549,-3.0037017,209.51852,7.7914305,15.849579,189.96935,-9.862189,-17.146572,193.12122,2.6705499,23.341473,168.21649,-24.311008,-36.459652,174.82777,-2.5702527,18.90711,149.37146,-10.491018,-26.3309,154.10916,2.8919814,7.2551208,141.76651,-6.0583,-13.374511,142.26178,-2.221218,8.396794,106.47323,11.073074,-3.698333,104.46395,-3.0806172,-8.406698,74.43177,3.613252,2.902191,73.930954,-24.913748
6.1822767,204.01727,18.53405,9.6594925,207.06836,16.358198,3.1560726,208.042,17.278944,13.34361,206.68567,6.0966296,-2.8499026,208.7763,8.488832,15.868323,189.3571,-9.368677,-16.635403,192.46635,3.3378916,21.048374,167.5977,-24.823195,-35.29444,173.84387,-3.3933835,17.477037,148.06404,-12.032277,-25.673769,152.74861,1.5487945,7.1710315,140.7561,-5.8975787,-13.100823,141.35594,-2.3110816,8.444153,105.15581,10.192717,-3.5874693,103.632416,-2.2217526,-8.509087,73.59828,2.8245368,3.300521,73.86237,-24.612648
6.32666,203.43214,19.189705,9.811187,206.44287,16.966694,3.3122177,207.44894,17.886345,13.524612,205.93288,6.775419,-2.7425666,207.88388,9.018796,15.718263,188.78328,-8.969478,-16.443367,191.74446,3.9178193,19.381226,167.28862,-25.07932,-34.584923,173.02547,-3.8806365,16.784355,147.27956,-12.605466,-25.015434,151.59744,0.58136433,7.2216926,139.63837,-6.452674,-13.233836,140.36987,-2.8875704,8.510753,104.69342,9.822997,-3.5857096,103.01108,-1.8713132,-8.419826,73.44951,2.3615677,3.4346976,73.82293,-24.774248
6.299336,202.57808,19.922367,9.851436,205.5735,17.789751,3.3189394,206.57266,18.48683,13.711193,205.02136,7.6176124,-2.5878787,207.03485,9.619394,15.805879,188.37006,-8.624534,-16.30981,191.3729,4.343435,18.267862,167.19043,-25.528257,-34.090412,172.45836,-4.0867677,16.745386,147.37091,-12.929857,-24.786867,151.12018,0.6328211,7.1121387,139.16135,-7.8237815,-13.540534,139.93036,-3.7103443,8.647739,104.81192,9.204301,-3.8926208,102.87219,-1.8181423,-8.072737,73.45226,2.040509,3.5209525,74.135544,-25.135334
6.4330583,201.32657,20.692099,9.955399,204.35356,18.556772,3.4198918,205.304,19.278135,13.824584,203.97626,8.401485,-2.4531343,205.95479,10.43186,15.809973,187.99348,-8.372294,-16.037292,190.59181,4.7679024,17.838232,167.04169,-25.509298,-34.056194,172.04245,-3.852272,17.267424,147.17198,-12.987386,-24.959118,150.64948,0.99809116,6.8941574,138.94681,-9.803606,-13.970793,139.78345,-4.9023433,8.618047,104.883446,8.256397,-4.155012,102.839645,-2.121808,-7.944035,73.263565,1.802364,3.514813,74.39379,-25.636099
6.586651,199.76775,21.431782,10.09567,202.88258,19.392658,3.5738244,203.81197,20.215313,14.010957,202.83519,9.303215,-2.2710066,204.76721,11.32378,15.86258,187.57928,-8.208072,-15.89172,189.8297,5.2741838,18.023663,166.75339,-25.434076,-34.143005,171.57405,-3.2651956,18.257677,146.86049,-12.831938,-25.50966,150.11868,1.555294,6.5586143,138.76433,-11.691853,-14.3473835,139.7462,-6.5304337,8.195979,104.969765,7.3055496,-4.5204506,102.97959,-2.6928241,-7.941638,73.14338,1.0826262,3.459249,74.760185,-26.230011
6.7173014,198.13794,22.262463,10.27503,201.28218,20.36459,3.7230344,202.17546,20.970924,14.240123,201.54092,10.252476,-2.0343363,203.48718,12.261117,16.105436,186.84067,-7.7939787,-15.816929,188.94232,5.9576716,18.30462,166.16832,-25.227757,-34.031834,170.57191,-2.2432868,18.98158,146.2468,-12.531979,-25.80692,148.95218,2.2412202,6.0876894,138.62013,-13.558949,-14.919394,139.6513,-8.451946,7.5745673,105.07114,5.7684116,-4.940262,103.206,-3.4621923,-8.091762,73.16658,0.13764809,3.632054,75.160255,-26.946428
6.7283916,196.12225,23.363686,10.410931,199.18353,21.543955,3.8582942,200.18481,21.892601,14.436819,199.8757,11.56774,-1.8272142,201.94821,13.443906,16.519129,186.06067,-7.3932514,-15.561709,187.92781,6.614195,18.642397,165.35637,-24.691645,-33.855072,169.34535,-1.4643468,19.663403,145.17123,-12.500806,-26.106426,147.42218,2.9722536,5.710981,138.6257,-15.472426,-15.487116,139.55496,-10.741498,7.0956593,105.415215,4.1631107,-5.4946275,103.51246,-4.452763,-8.372477,73.10988,-1.1370791,3.6386375,75.721886,-27.707632
7.0440416,193.4328,24.222317,10.706421,196.606,22.58897,4.141253,197.54543,22.984808,14.645553,197.79353,12.604272,-1.592488,200.02975,14.843971,16.727438,184.92429,-6.652749,-15.583982,186.79077,7.274667,18.920916,164.16711,-23.77575,-33.374084,167.45004,-0.34917402,20.337181,143.78731,-12.47595,-26.315767,145.19359,3.5398455,5.2644606,138.97513,-17.261404,-16.21024,139.82806,-13.273409,6.576904,105.873825,2.2061548,-6.037211,104.07878,-5.68586,-8.686074,73.22972,-2.4580147,3.435683,75.950676,-28.332697
7.178409,190.3586,25.08919,11.110085,193.24716,23.540155,4.657345,194.70573,23.774847,14.796144,195.20424,13.723214,-1.375497,197.65457,16.240068,16.989176,183.60988,-5.895988,-15.627603,185.11832,7.9836483,19.224352,162.6402,-22.628887,-32.661255,164.73059,0.9413814,21.057995,141.67241,-12.364935,-26.443104,142.12183,4.162038,4.5908065,139.34052,-19.256844,-16.91281,140.14055,-15.836481,5.711118,106.28207,0.30831635,-6.6034346,104.465164,-7.0458097,-9.059616,73.37264,-3.6444745,3.3678918,75.85202,-29.08944
7.405997,186.78108,25.760347,11.3418045,189.7976,24.503548,4.8576245,191.14603,24.57391,14.984446,192.47186,14.752365,-1.1146951,194.89185,17.585379,17.12948,182.15953,-4.8285484,-15.6409855,183.13043,8.8864,19.61555,160.65834,-21.042059,-31.785545,161.67265,2.2214208,21.611343,139.12573,-12.166281,-26.530876,138.65152,4.77191,4.009357,139.6477,-21.572416,-17.560738,140.56732,-18.279625,4.8492274,106.718605,-1.541117,-7.10164,104.90654,-8.578159,-9.507701,73.449356,-5.0311723,3.4373536,75.6756,-30.015902
7.438566,182.57068,26.067375,11.455683,185.62099,25.20501,4.9961333,187.09581,25.330162,15.11901,189.30957,15.744581,-0.9033527,191.82228,18.992262,17.363304,180.23593,-4.0937304,-15.514622,180.75,9.674201,19.863377,157.84834,-19.250473,-30.532368,158.3038,3.3106718,21.600473,135.23203,-11.653488,-26.743332,134.58119,5.3141327,3.3672268,139.88718,-23.815136,-18.111523,140.66266,-20.43056,4.059914,107.00929,-3.411884,-7.158628,105.03611,-10.044971,-9.763832,73.4267,-6.039177,3.46397,75.54494,-30.898977
7.5103903,177.90355,26.104677,11.629154,180.86372,25.436577,5.2522535,182.57219,25.879776,15.207798,185.75557,16.638754,-0.65950555,188.20865,20.424265,17.405872,177.80782,-3.5320408,-15.470289,177.90694,10.379118,20.12146,154.60057,-17.233973,-29.48185,154.53186,4.475235,21.518482,131.23955,-10.876261,-26.770708,130.36995,6.1420026,2.652735,139.83772,-25.947598,-18.663738,140.60785,-22.349892,3.0925338,107.22836,-5.122471,-7.1258826,105.21613,-11.779183,-9.891687,73.43152,-6.9618664,3.6729834,75.24867,-31.677118
7.513797,172.85231,25.889595,11.842028,175.56569,25.6741,5.5814037,177.64516,26.334087,15.303805,181.93526,17.675488,-0.5083929,184.06255,21.85651,17.36934,174.81111,-3.1091235,-15.386348,174.59485,11.127934,20.226171,150.77402,-15.900662,-28.4314,150.5181,5.7007995,21.311161,127.009346,-10.06285,-26.410969,126.09416,7.0071964,2.1279688,139.57411,-27.668793,-19.307676,140.34993,-24.036749,2.4187698,107.13809,-6.724187,-7.370617,105.235596,-13.492291,-10.056256,73.22992,-7.6421943,3.7772152,74.7971,-32.62886
7.3598523,167.4575,25.637465,11.697233,170.1661,25.607546,5.4591393,172.20493,26.503036,15.309797,177.35184,18.596508,-0.41884997,179.28897,23.049635,17.479406,171.59904,-2.0941944,-15.263256,171.05963,11.6667,20.103762,146.99585,-14.239523,-27.433756,146.20709,6.612843,21.096624,122.93323,-9.424749,-26.125305,121.519554,7.650489,1.7308398,139.54846,-29.036991,-19.647009,140.32162,-25.731327,2.0668795,107.06669,-8.220902,-7.5350056,105.12741,-15.032272,-9.928689,73.037895,-8.050421,4.0483375,74.60684,-33.49384
7.1287665,162.07419,25.345108,11.455289,164.77751,25.677877,5.19597,166.68535,26.710098,15.7338085,172.15184,19.380388,-0.092262514,174.37022,23.879805,17.610117,167.93352,-0.83513105,-15.176316,166.9608,12.09425,19.853346,143.0005,-12.801915,-26.306065,141.30301,7.4695663,20.863186,118.7466,-8.939966,-26.04626,116.59825,8.410207,1.4113225,139.34344,-30.391336,-19.960178,140.07281,-27.163553,1.8766924,106.761765,-9.696568,-7.8414207,104.967224,-16.392534,-10.014404,72.88055,-8.549726,4.308409,74.23738,-34.196568
6.6702223,156.5877,24.782537,11.0791025,159.098,25.372114,4.893294,161.02975,26.758305,15.846227,166.86395,20.080795,0.06698397,169.37741,24.16695,17.739838,163.73358,0.59694195,-14.841861,162.75117,12.434875,19.385157,138.80486,-11.597948,-24.966702,136.45174,8.217059,20.680588,114.65639,-8.230062,-26.023886,111.67796,9.414361,1.1519831,139.30754,-31.378674,-20.012024,139.89119,-28.332834,1.7944088,106.55876,-11.180967,-8.13473,104.7362,-17.676928,-10.02395,72.7824,-8.763936,4.6953497,74.016235,-34.66259
6.038269,150.53903,24.167555,10.541305,152.89233,24.733887,4.4792323,154.90831,26.48128,15.296659,161.00267,20.381435,-0.4989076,163.30965,24.56906,18.386438,159.28607,0.9019782,-14.116711,158.42842,12.963555,19.271465,134.02754,-10.294431,-23.747122,131.52283,9.003655,20.704264,109.707405,-7.1846185,-25.87932,106.61332,10.338517,0.6746155,139.03816,-32.123352,-20.178389,139.60667,-29.153297,2.0402606,106.105125,-12.143787,-8.1256075,104.30047,-18.786867,-9.8892975,72.52886,-8.712003,5.002844,73.7875,-35.142563
5.702389,144.8668,22.844831,10.25517,147.11728,23.440636,4.3395486,148.86728,25.846663,14.917123,155.81293,20.51324,-0.9564585,157.45099,24.791807,17.849596,155.24432,1.701209,-13.942414,153.98592,13.199788,19.111021,129.31679,-8.541414,-22.796612,126.43697,9.698589,20.317968,104.92467,-5.6326737,-25.639153,101.46425,11.202665,0.30504403,138.9555,-32.916115,-20.126362,139.37097,-29.888147,2.1591675,105.88007,-12.677487,-7.632417,103.923355,-19.516052,-9.352861,72.46474,-8.558348,5.48925,73.324196,-35.50919
5.3950925,139.43166,21.63727,10.042939,141.43831,22.329561,4.212977,143.26265,24.917137,14.609861,150.62146,20.259544,-1.2887998,151.76117,24.639877,17.841656,151.38206,2.176479,-14.545785,149.24944,13.106477,18.76735,124.47601,-6.69995,-21.768925,121.312645,9.967137,19.336552,99.64475,-3.2380197,-25.251028,96.3765,11.925595,0.38601992,139.13855,-33.643227,-19.787865,139.61525,-30.2578,2.214603,105.923775,-13.138728,-7.35142,104.06962,-20.009825,-8.768709,72.19875,-8.41268,5.95548,73.27791,-35.55885
5.2931395,134.1797,20.697012,9.990277,136.05353,21.4209,4.2279077,137.91263,24.140697,14.243486,145.61243,19.808773,-1.5943996,146.2356,24.397364,18.093008,147.08908,2.3613555,-14.753248,144.86507,13.16839,18.31581,119.73936,-4.804025,-21.02095,116.58692,10.265526,18.87091,94.753265,-1.6297582,-24.957651,91.81673,12.62972,-0.052793697,140.03299,-34.34713,-19.69526,140.27109,-30.93429,2.3881075,106.400734,-13.476963,-6.974174,104.23756,-20.193224,-8.505909,72.34544,-8.326416,6.1317377,72.9145,-35.17793
5.1711164,128.84734,19.685993,9.912604,130.64389,20.32525,4.207486,132.67659,23.04768,14.009684,140.47691,19.157911,-1.7785425,140.78851,23.721094,18.15771,142.98131,2.8056586,-14.463763,140.66187,12.689766,17.244379,114.928955,-2.1872354,-20.237606,112.31185,10.439037,18.691708,89.97486,-0.39912015,-24.49217,87.71367,13.007383,-0.18382584,140.12897,-34.520313,-19.533234,140.74263,-31.404638,2.561997,106.43757,-13.490063,-6.8551826,104.57913,-20.10455,-7.956299,72.286156,-8.227471,5.543943,72.708824,-34.546387
4.86088,123.91372,18.476276,9.640663,125.37246,19.543802,3.8770683,127.609344,21.977417,13.896677,135.42947,18.61176,-1.8944279,135.77669,22.977264,18.018772,139.17964,3.244569,-14.233835,137.23846,12.302337,16.64094,110.890465,-0.5446407,-19.75121,108.61806,10.66824,18.470379,85.82836,0.5807904,-24.179285,84.131226,13.31173,0.32108045,140.15118,-34.452065,-19.376307,140.80449,-31.804647,2.432383,106.997765,-13.6481695,-6.725541,104.67491,-19.620604,-7.4196477,72.15354,-7.8434052,5.4214096,72.21992,-33.78065
4.5444174,119.27947,17.600464,9.305023,120.685425,18.806204,3.5001,122.85793,21.201454,13.817008,130.58693,18.352293,-2.1021187,131.22623,22.064102,17.786472,135.50365,4.0212526,-14.22492,134.16489,12.109346,16.105696,107.19532,0.5664119,-19.380281,105.42474,10.779562,18.187622,82.147514,1.3259081,-23.657251,80.84323,13.349617,1.0630424,140.00879,-34.230362,-19.41584,140.31923,-31.804762,2.6532495,106.686844,-13.589706,-6.674084,104.30879,-19.25267,-7.1104136,71.89114,-7.6626797,5.602278,72.10519,-33.636436
4.275596,115.134384,16.751638,8.921878,116.92901,17.887564,3.039439,118.3466,20.62663,13.643414,126.35542,17.791647,-2.3694038,127.11294,21.230812,18.206644,131.87526,4.7932067,-14.556387,131.03622,12.321006,15.530074,103.698105,1.8442987,-19.35041,102.459724,10.629555,17.70389,79.01965,1.763356,-23.110271,78.15469,13.393102,1.7848595,140.473,-33.925766,-19.38809,140.1792,-31.881433,3.434401,106.446625,-13.043029,-6.9883714,104.12649,-18.97581,-6.645574,71.663506,-7.496013,5.868313,72.55048,-33.710762
4.1910515,111.8699,15.777791,8.521501,114.00192,17.464481,2.3793182,114.34491,19.9554,13.206939,123.27846,17.330044,-2.9466348,123.36307,20.47366,18.158499,129.0097,5.4855776,-14.89644,128.05884,11.995087,14.81244,100.897575,2.9894726,-19.429068,99.952896,10.490452,16.528334,76.04804,3.4679818,-22.316267,75.66216,13.261875,2.4240873,140.64568,-33.506287,-18.631334,140.4282,-32.019497,3.9187276,106.51826,-12.520672,-6.933452,103.9079,-18.668188,-5.9230585,71.93912,-8.023315,6.9353566,72.786575,-33.953865
4.0681176,109.80311,14.944194,7.6989436,112.77559,16.977118,1.7832177,111.03181,19.426607,12.639619,121.5224,16.962898,-3.4762352,120.95593,20.018675,18.115425,126.964455,5.773288,-14.736804,126.07324,11.933131,14.500152,98.934944,3.4713886,-19.403498,98.12649,10.06552,15.592103,74.12907,4.5503697,-21.341915,73.88422,13.110749,2.9003353,140.4303,-32.91665,-18.066895,139.79283,-31.562197,4.8284903,106.31414,-11.911741,-6.8041396,103.49841,-18.093077,-5.2241993,71.87871,-9.167834,6.9272823,72.66156,-33.58244
3.606596,108.29782,14.139317,6.6931796,111.558426,16.596281,1.2470118,108.43972,18.752468,11.813851,120.08165,16.84499,-4.2511783,118.68062,20.088163,18.00453,125.271675,6.1160555,-14.772651,125.14766,11.984046,14.297777,97.401184,3.3873546,-19.490854,97.30456,9.506844,15.210675,72.802795,4.7044544,-20.778448,73.08652,13.057369,3.1614387,139.65753,-32.360508,-17.843506,139.65408,-30.617264,6.05982,106.27578,-10.750106,-6.841868,103.26944,-17.058142,-3.755695,72.07909,-11.481768,7.6393213,72.67267,-32.909557
3.5639317,107.02024,13.407709,6.0364094,110.64229,16.041721,0.92258173,106.81623,17.860958,10.897642,119.17934,17.083544,-5.002394,116.36633,20.116133,17.700886,124.297264,6.069264,-15.124271,124.39573,12.469704,14.423871,96.67933,3.2412484,-19.707249,96.77602,9.164757,15.410412,72.14035,4.8883977,-20.518898,72.608185,13.147219,3.6751716,139.70955,-31.803398,-17.827448,139.70111,-30.138515,7.1520844,106.1648,-9.98735,-6.893511,103.29949,-16.75624,-2.7701957,72.13038,-12.485787,8.060975,72.74084,-32.319366
3.1500268,106.79403,12.331015,5.72502,110.04978,15.325377,0.68091893,106.001785,16.824183,10.149785,118.669525,17.310402,-5.631239,114.9517,20.06972,17.713404,124.55886,5.7057924,-15.630957,123.283356,13.060134,14.652273,96.571625,3.1548016,-20.221127,96.25358,8.98312,15.395207,71.88939,5.3181024,-20.366562,72.25995,13.345936,4.0046754,138.96298,-31.51667,-17.834423,139.3653,-29.81161,8.225535,105.81112,-9.163029,-6.4618907,103.08929,-16.237564,-1.8534682,72.12737,-12.838249,8.302821,72.61945,-31.861462
2.8082376,106.888596,11.770249,5.7266684,109.86638,14.739032,0.33636028,106.34129,16.306564,9.596038,118.455925,17.57568,-6.1407323,114.27558,20.019293,17.971157,124.53495,6.03368,-15.992227,123.033516,13.2308235,15.021298,96.80012,2.953274,-20.483667,95.951485,8.985286,15.604809,72.29492,5.0174537,-20.533703,72.090294,13.528682,4.106015,139.0064,-31.227043,-17.907486,139.06828,-29.407448,8.633725,105.72149,-8.992859,-5.971571,102.95269,-15.792079,-1.2160596,72.05531,-13.205181,8.4411335,72.62803,-31.535408
2.6863763,106.395355,11.760501,5.6487675,109.698364,14.313061,0.0024465711,106.75976,16.185131,9.292184,118.15536,17.542664,-6.455194,114.02323,19.757015,17.83289,124.7134,6.2767844,-16.057896,123.25408,13.339502,15.355866,96.90794,2.8936617,-20.687454,96.05701,9.274534,15.9676075,72.39353,4.944458,-20.63492,72.11812,13.571891,4.0041084,138.96991,-31.244905,-18.272606,138.22154,-28.88309,8.700656,105.87119,-8.781705,-5.6093626,102.78186,-15.284176,-0.33436167,72.10533,-14.177042,8.560891,72.56324,-31.488285
2.3754427,107.0796,11.289541,5.736294,109.74867,14.076632,-0.09287506,107.13456,15.860168,9.25724,118.272026,17.66405,-6.5928187,114.29139,19.74429,17.895452,124.97759,6.335904,-16.03186,123.26385,13.258602,15.731439,97.08981,3.0233586,-20.500048,96.028915,9.369017,15.805585,72.56915,5.5190187,-20.587694,72.06376,13.555931,4.075571,139.02457,-31.538586,-18.184057,138.05606,-28.769253,8.420095,106.19646,-9.290777,-5.340934,102.69326,-15.106086,-0.8392918,72.297966,-13.643347,8.87246,72.79317,-31.348461
2.3167198,106.93228,11.446575,5.6467934,109.82951,14.029849,-0.29583728,107.5344,15.892023,9.360899,118.19902,17.555529,-6.578957,114.67719,19.568943,18.030556,125.20385,5.940217,-15.733129,123.74121,13.358989,15.862607,97.283356,3.2095118,-20.207327,96.15032,9.760686,15.997145,72.6704,5.727832,-20.547981,71.92267,13.451354,3.7446256,138.77109,-31.778978,-18.141033,138.02042,-28.977444,8.210388,106.07727,-9.102605,-5.3252997,102.72957,-15.196308,-1.228858,72.235016,-13.454483,8.888687,72.52835,-31.431686
1.9738501,106.85083,11.63883,5.3659954,109.8689,13.997563,-0.6238844,107.85635,16.021255,9.452642,118.0596,17.417479,-6.550149,115.20798,19.658327,18.193514,125.55468,5.8806796,-15.699324,124.180855,13.728518,16.003841,97.56369,3.368327,-19.900938,96.56056,10.003182,16.474974,72.88847,5.3516417,-20.506998,72.21615,13.6275215,3.787877,138.78256,-31.807508,-17.92846,138.29839,-29.08303,7.775477,105.93355,-9.397713,-5.316711,102.69019,-15.560383,-1.5385576,72.15083,-13.486588,9.036848,72.484314,-31.358103
1.3976017,107.40722,11.630899,5.124917,109.97053,14.027427,-0.86461896,108.17199,16.24024,9.565618,118.125435,17.38946,-6.507676,115.94871,19.993557,18.144379,125.98225,5.843741,-15.580324,124.63104,13.837486,16.108343,98.010284,3.5537975,-19.449522,96.93183,10.164892,16.826277,73.37697,4.844337,-20.353716,72.593216,13.714517,3.727284,138.66484,-32.000774,-18.027607,138.34622,-29.32958,7.9334354,106.2217,-8.952837,-5.454463,102.74087,-15.842784,-1.5760844,72.26749,-13.581482,8.986156,72.312546,-31.532898
1.1836418,107.95139,11.792096,5.0192547,110.23492,14.287308,-0.99060684,108.46614,16.475492,9.783791,118.36017,17.44396,-6.288486,116.73063,20.294283,18.023352,126.24791,5.9329324,-15.236364,125.07413,13.679584,16.133223,98.12278,3.726535,-18.952559,97.18333,10.197573,16.936409,73.346985,5.121873,-20.3535,72.61153,13.532206,3.6800447,138.67503,-32.146294,-18.240734,137.93637,-29.782085,7.6809793,106.11805,-8.965389,-5.4197383,102.74091,-15.952654,-1.8350203,72.16735,-13.928156,8.876314,72.41142,-31.709265
0.7976832,108.494156,11.881291,4.8155384,110.42336,14.394422,-1.1622299,108.6871,16.683065,9.759501,118.58025,17.489664,-6.3726497,117.37842,20.50126,17.960281,126.40474,6.221386,-14.891046,125.58701,13.232887,15.997408,98.192505,3.8146672,-18.671888,97.31313,10.241677,17.01007,73.38855,5.1954427,-20.253962,72.65685,13.453318,3.5655987,138.70038,-32.427284,-18.07196,138.43762,-30.10784,7.8830714,106.41306,-9.064367,-5.4195666,102.980675,-15.83105,-1.6836944,72.29571,-13.821417,8.737845,72.435326,-31.857122
0.594304,108.532196,12.37948,4.6429687,110.60685,14.722194,-1.2644194,108.90546,17.209835,9.854292,118.62167,17.496506,-6.3128204,118.07406,20.492685,18.122936,126.21184,6.323221,-14.778565,125.90044,12.951143,15.918081,98.3489,3.8936672,-18.487186,97.5198,10.362297,17.106218,73.600624,5.229164,-20.104961,72.81603,13.373982,3.5378587,138.38737,-32.653698,-17.85198,138.21008,-30.465437,7.9282055,106.4807,-9.156098,-5.508117,103.08594,-15.8806305,-2.0855112,72.45119,-14.386167,8.688698,72.61133,-31.892145
0.4337689,108.288704,13.164601,4.4025097,110.80392,15.182081,-1.4081174,109.15359,17.930685,9.969819,118.55052,17.402674,-6.1677628,118.807106,20.367105,18.272535,126.13939,6.454163,-14.657052,126.11889,12.61549,15.701558,98.51156,3.8807452,-18.343197,97.68813,10.380661,17.04883,73.80755,5.1761274,-20.156433,72.93755,13.36297,3.4828956,138.77362,-32.720608,-17.151142,138.97475,-31.144659,7.9383044,106.540985,-9.385073,-5.5028296,103.23542,-16.16178,-2.29001,72.451324,-14.518173,8.426323,72.54135,-31.987013
0.48711923,108.10285,13.438097,4.1849875,110.92135,15.566145,-1.4119885,108.558784,18.240723,9.975743,118.50876,17.397127,-6.2152233,118.757195,20.259722,18.260876,126.72486,5.9231753,-14.774262,125.96487,12.5726795,15.701173,98.77838,3.9875455,-18.175531,97.61443,10.4257555,17.053078,73.99241,5.108315,-20.032534,72.993,13.464482,3.6247077,138.84169,-32.775337,-17.023643,138.62463,-31.675623,7.889149,106.62512,-9.456391,-5.351635,103.329254,-16.27509,-2.12317,72.4374,-14.158385,7.9311514,72.570755,-32.042942
0.4787335,108.028206,13.578624,3.955569,111.00425,15.863687,-1.5721937,108.28834,18.333517,10.021581,118.43587,17.411282,-6.185607,118.86557,20.149729,18.169527,127.1199,6.088328,-14.717795,126.13075,12.538263,15.664503,98.981285,4.095607,-18.12582,97.72121,10.3687105,17.028334,74.09801,5.12692,-20.106533,73.09104,13.442075,3.5589159,138.26659,-33.065655,-16.789854,138.5495,-32.103397,7.677986,106.40467,-9.538782,-5.187331,103.17294,-16.165222,-2.47441,72.33836,-14.001763,8.604397,72.668106,-32.12192
0.53307706,107.951675,13.777519,3.806422,111.12594,16.092985,-1.6996057,108.26328,18.446386,10.178878,118.35757,17.32596,-6.0208488,119.04408,20.042543,18.231575,126.97023,5.915105,-14.676821,126.262695,12.447898,15.572349,98.99646,4.072516,-18.0435,97.70212,10.351498,16.891413,74.17053,5.111958,-20.050186,73.07849,13.392494,3.534503,138.1108,-33.434177,-16.780092,138.39679,-31.854336,7.414208,106.29035,-9.757282,-4.999103,103.02702,-16.418932,-2.7805946,72.228424,-13.3254595,8.888328,72.45439,-32.186676
0.79419,107.65916,14.105257,3.7750692,111.23285,16.228682,-1.7777793,108.427155,18.539433,10.457612,118.223015,17.187672,-5.723915,119.0951,19.846523,18.250835,126.93502,6.333516,-14.539145,126.437416,12.238881,15.52649,99.18635,3.9911041,-17.864475,97.90434,10.333565,16.65494,74.66443,4.7684684,-19.91253,73.24352,13.342753,3.680924,137.86739,-33.561363,-17.126657,138.04118,-31.477776,6.979268,105.833405,-10.019923,-4.721458,102.92424,-16.64218,-3.6038816,72.06789,-12.902769,9.150514,72.454865,-32.311844
0.8057678,107.76496,14.172857,3.7429104,111.38671,16.273756,-1.8771237,108.65814,18.515585,10.670707,118.20601,17.015375,-5.467147,119.40033,19.800016,18.539291,126.886795,7.035474,-14.543929,126.50501,11.97194,15.539221,99.18679,3.9166825,-17.767519,98.03535,10.107819,16.36989,74.65065,4.7900014,-19.795967,73.34746,13.204315,3.7331252,138.60876,-33.729874,-16.98507,138.35056,-31.850933,7.117216,106.15813,-10.349144,-4.7029147,102.94964,-16.875307,-4.6944647,71.95691,-11.471688,9.316006,72.497154,-32.52688
0.6092563,108.22423,14.005659,3.7499695,111.53909,16.30764,-1.9124054,108.84745,18.489656,10.842168,118.285866,16.92922,-5.239313,120.01314,19.76006,18.701616,126.82214,6.922978,-14.628785,126.55105,11.876357,15.564263,99.06368,3.8572614,-17.649893,98.03582,10.003425,15.81504,74.4535,5.4894085,-19.72796,73.36629,13.091325,3.9512644,138.27101,-33.988174,-17.03211,138.1735,-31.848341,7.0098004,106.16689,-10.545096,-4.5994077,102.859535,-17.125122,-4.870824,71.77664,-10.5676775,9.417321,72.46744,-32.658577
0.18075554,109.218834,13.755273,3.7812853,111.67691,16.429682,-1.9759881,109.08745,18.472223,10.971715,118.48868,17.078638,-5.0150604,121.06497,19.908756,18.9591,126.72565,6.4734974,-14.636212,126.71353,11.858383,15.572991,99.053,3.9423535,-17.560713,98.143295,9.999275,15.947683,74.37188,5.38504,-19.847433,73.41205,13.129417,3.7962239,138.32036,-33.92907,-16.413452,138.64685,-32.314724,6.3780317,106.084206,-10.523498,-4.6408343,103.05781,-17.235891,-4.9400682,71.81361,-9.720311,9.441977,72.489105,-32.70904
0.18330206,109.07996,14.00195,3.7778413,111.76645,16.460262,-2.1099353,109.615906,18.619648,10.964795,118.49542,17.043854,-5.015382,121.18674,19.727436,19.015965,126.7379,6.217916,-14.573161,126.69042,11.824314,15.5719,99.09183,3.953177,-17.48342,98.103,10.030251,15.867809,74.40763,5.455773,-19.777798,73.36695,13.001303,3.6665184,138.38177,-33.957706,-16.18689,138.77261,-32.510517,6.186126,106.054,-10.646,-4.6565304,103.17008,-17.283554,-4.9730735,71.796135,-9.213418,9.541932,72.62596,-32.724686
0.44108275,108.677055,14.122848,3.5865586,111.81266,16.659399,-2.0782557,108.975235,18.641167,10.910639,118.52551,16.969606,-5.1492705,120.72414,19.579622,18.623068,127.04284,5.8543763,-14.48862,126.62543,11.733034,15.494245,99.14524,3.872458,-17.406813,98.07939,10.003902,15.518877,74.47646,5.7010183,-19.712057,73.32342,12.886434,4.011626,138.4705,-33.84782,-15.940289,138.9226,-32.700176,6.1999545,105.92249,-10.7649975,-4.539901,103.17986,-17.46735,-5.1376333,71.81225,-8.399133,9.666789,72.52363,-32.844387
0.320853,108.959145,14.134162,3.4187546,111.895035,16.949883,-2.083717,108.62054,18.709017,10.815388,118.747894,17.09102,-5.240424,121.13219,19.464087,18.267185,126.87406,6.620443,-14.627554,126.6127,11.914752,15.466105,99.08015,3.9648457,-17.442732,98.053444,9.988567,15.937623,74.373116,5.319426,-19.792265,73.30138,12.90699,4.1183505,138.41452,-33.914528,-15.907473,138.85194,-32.75807,6.2638764,105.95242,-10.690541,-4.514225,103.13864,-17.515162,-4.669793,71.7507,-9.278611,9.670049,72.46829,-32.90628
0.13385901,109.52159,13.977943,3.3285625,111.98358,17.12161,-2.0634675,108.37793,18.531412,10.607444,119.18235,17.314232,-5.5119085,121.500435,19.447622,17.66691,127.43828,6.823964,-14.716828,126.34981,11.892483,15.412636,99.21602,4.1470804,-17.495209,97.95842,9.9522915,16.100613,74.46446,5.218709,-19.727982,73.30602,12.841826,4.335478,138.50899,-33.850204,-15.898252,138.83984,-32.83617,6.423823,106.08798,-10.600856,-4.586997,103.15293,-17.502523,-3.7121484,71.97759,-9.758182,9.7034645,72.442894,-32.721237
-0.044386882,110.048416,13.969813,3.2560048,112.03665,17.33176,-2.0643182,108.20162,18.37108,10.355634,119.655334,17.641918,-5.810131,121.95042,19.554962,17.504168,127.52735,7.1810045,-14.694745,126.63985,11.867263,15.386119,99.27846,4.235295,-17.52862,98.03286,10.04672,16.12628,74.53066,5.1670628,-19.777655,73.28211,12.905288,4.308929,138.6001,-33.72488,-15.790643,138.82736,-32.734226,6.572192,106.239075,-10.362204,-4.6393504,103.088005,-17.428988,-2.7665384,72.043106,-11.373362,9.60706,72.42958,-32.64851
-0.115023986,110.4134,13.9212055,3.2354727,112.12682,17.383139,-2.1507828,108.33286,18.211218,10.096343,120.09501,17.876535,-6.132197,122.141594,19.588364,17.489697,127.464966,7.3596396,-14.7965975,126.664024,11.949301,15.365587,99.26336,4.3390155,-17.586004,98.076294,10.021836,16.22435,74.53557,4.9886303,-19.818928,73.334564,12.890688,4.4074326,138.6588,-33.642303,-15.730595,138.80495,-32.725216,6.703921,106.33134,-10.209324,-4.6313405,103.13194,-17.295717,-2.1588042,72.14945,-12.083256,9.597469,72.412,-32.57375
-0.048597112,110.47043,13.80525,3.2298634,112.23711,17.308846,-2.3876717,108.78635,18.111963,9.802203,120.418976,18.029411,-6.4965577,121.93045,19.570232,17.86216,127.07384,7.7500505,-14.799876,126.63492,11.893634,15.36588,99.213264,4.3259416,-17.671024,98.09552,10.060684,16.395208,74.71161,4.445315,-19.79447,73.345436,13.022235,4.546913,138.7795,-33.510006,-15.909029,138.97823,-32.593197,6.87002,106.41685,-10.0955515,-4.7221885,103.18185,-17.256859,-1.934169,72.20449,-12.440073,9.691335,72.518394,-32.427876
0.017616585,110.503174,13.741866,3.336238,112.38656,17.148476,-2.6871388,109.765205,18.102844,9.516909,120.69511,18.205511,-6.836523,121.52821,19.76051,18.079723,126.88759,7.696602,-14.972454,126.58584,11.924442,15.286335,99.15286,4.3457875,-17.798502,97.99739,10.083494,16.516125,74.7206,4.450782,-19.890923,73.244545,13.066927,4.5045247,139.28044,-33.503414,-15.621043,139.0775,-32.73696,7.455791,106.817986,-10.082345,-4.791431,103.27094,-17.239899,-1.7158959,72.27844,-12.548848,9.600649,72.52312,-32.415775
-0.086969,110.81952,13.8167095,3.5550547,112.52173,16.98076,-2.9289052,111.647156,18.070446,9.395814,120.976906,18.349745,-6.9773097,122.08748,19.443806,17.882027,126.62553,8.030979,-15.134391,126.77876,11.853552,15.249253,98.95285,4.4678445,-17.865873,98.113945,10.043952,16.516163,74.53071,4.5766835,-19.78757,73.360466,13.002267,4.6694345,138.96999,-33.52863,-15.503409,138.99866,-32.80734,7.640817,106.696365,-10.138652,-4.7107306,103.234024,-17.268936,-1.6207026,72.259224,-12.553318,9.7073,72.491875,-32.33987
-0.13411483,111.02883,13.772919,3.6488895,112.57745,16.849516,-2.8941183,112.41477,17.93712,9.340055,121.150696,18.381466,-7.056013,122.378136,19.16742,17.792913,126.791306,8.280071,-15.154223,126.58348,11.842321,15.27839,98.9046,4.470022,-17.878191,98.01546,9.941239,16.360996,74.208,4.9468164,-19.773438,73.330124,12.979764,5.0504675,139.33182,-33.276375,-15.4105015,139.06316,-32.879494,7.318651,106.38443,-10.22008,-4.646864,103.21672,-17.173964,-1.534521,72.19991,-12.512357,9.69162,72.48361,-32.506405
