x0,y0,z0,x1,y1,z1,x2,y2,z2,x3,y3,z3,x4,y4,z4,x5,y5,z5,x6,y6,z6,x7,y7,z7,x8,y8,z8,x9,y9,z9,x10,y10,z10,x11,y11,z11,x12,y12,z12,x13,y13,z13,x14,y14,z14,x15,y15,z15,x16,y16,z16
10.365899,202.15102,10.137948,14.520718,204.6159,8.275582,8.081823,206.41301,7.9699693,17.511173,202.64243,-2.1067843,1.5686994,206.46716,-0.1855402,15.898814,184.72353,-14.59568,-13.776802,194.88177,-2.8212705,35.11242,172.49023,-27.651964,-39.417225,199.62387,2.3037205,57.752888,179.50638,-28.547157,-60.03427,208.04753,12.353664,3.5698247,137.87119,-0.12977473,-17.997833,139.86829,1.373155,0.2495174,105.23585,19.194294,-13.795514,103.12396,8.017804,-13.28602,72.88113,24.331015,-6.3241086,76.9117,-17.91898
10.285192,202.13777,10.276175,14.448877,204.61148,8.44305,8.012534,206.39304,8.084912,17.608845,202.65462,-1.8872291,1.6568161,206.45737,-0.20033778,15.863243,184.78752,-14.590594,-13.764661,194.9777,-2.7779431,35.129963,172.35988,-27.134268,-39.467663,199.34242,1.6860452,57.876343,179.207,-27.627417,-60.10773,207.84102,11.670813,3.4608104,137.98047,-0.17326607,-17.995846,139.97797,1.2891405,0.2651931,105.259026,18.96359,-13.6993685,103.115944,7.8032036,-13.262503,72.88097,24.248018,-6.310047,76.87066,-18.073893
10.187203,202.18785,10.446878,14.335641,204.72461,8.681893,7.873279,206.42845,8.263489,17.695517,202.77655,-1.6169667,1.6930116,206.46338,-0.14746146,15.949966,184.82353,-14.391767,-13.676046,195.03781,-2.861757,35.314713,172.3393,-26.463247,-39.551746,199.26105,1.0928532,58.0992,178.84232,-26.458292,-60.377583,207.6577,10.793091,3.3752975,138.11176,-0.3169162,-17.957014,140.03323,1.0874448,0.053878102,105.21401,18.57111,-13.5118265,103.21203,7.446139,-13.225912,72.83466,24.091534,-6.277578,76.77732,-18.218023
10.179642,202.38597,10.6402,14.317565,204.92993,8.851732,7.850734,206.63293,8.476011,17.761126,203.08084,-1.3751744,1.6539328,206.58026,0.021385614,16.173681,185.04945,-13.937064,-13.585234,195.2866,-3.0326173,35.650875,172.22144,-25.462421,-39.587383,199.2792,0.5602675,58.455093,178.58453,-25.035698,-60.755177,207.38582,9.769359,3.1798346,138.39134,-0.6131414,-18.027191,140.23538,0.7652633,-0.31585327,105.28074,17.92366,-13.579107,103.3325,6.9278426,-13.093661,72.92963,23.984903,-6.2788744,76.64863,-18.46451
10.119489,202.7457,10.866719,14.201925,205.33234,9.012567,7.711125,206.93935,8.694328,17.773163,203.53699,-1.1493618,1.6524783,206.9749,0.23500691,16.480259,185.67,-13.405302,-13.579885,195.58345,-3.2783768,36.101997,172.32439,-24.349773,-39.66681,199.24873,-0.0773633,58.98787,178.31743,-23.383932,-61.16861,207.08348,8.701128,3.125241,138.64493,-0.9108966,-18.045801,140.51192,0.34413898,-0.7837936,105.34566,17.232841,-13.5849285,103.61934,6.3753977,-12.991619,72.890495,23.773605,-6.332101,76.54211,-18.680727
10.078821,203.19217,11.123006,14.100315,205.84569,9.2249975,7.584904,207.36897,9.013655,17.725674,204.06644,-0.8945692,1.580885,207.41714,0.50802827,16.722883,186.20055,-13.038458,-13.576101,195.98552,-3.5376759,36.500492,172.53159,-23.220547,-39.763115,199.15356,-0.7453526,59.49119,178.13243,-21.654362,-61.56948,206.70222,7.3712435,3.1844327,138.8714,-1.1197315,-18.024597,140.8722,-0.016051374,-1.1269214,105.377716,16.529863,-13.61822,103.81546,5.7507644,-13.048097,72.90557,23.61083,-6.2430625,76.53928,-18.905642
9.935408,203.62581,11.383295,13.905104,206.31758,9.431642,7.3740935,207.76491,9.276872,17.61805,204.65155,-0.59887457,1.4271995,207.77075,0.7727782,17.024607,186.7053,-12.563966,-13.439828,196.30463,-3.7608418,37.015797,172.89604,-22.146088,-39.797745,198.87306,-1.4553243,60.070946,178.07146,-19.89571,-62.061844,206.29442,6.0231357,3.2501023,139.14206,-1.3107038,-17.917416,141.17113,-0.49960485,-1.5374755,105.52765,15.806469,-13.773754,104.10732,5.094621,-12.979949,72.90072,23.536749,-6.1132927,76.49991,-19.09445
9.6439495,204.16452,11.651878,13.655816,206.79457,9.716346,7.139303,208.33931,9.542619,17.459179,205.24051,-0.24946643,1.1905295,208.1262,0.9303719,17.473627,187.09488,-12.233094,-13.286217,196.45439,-4.03463,37.661816,173.11243,-21.002737,-39.821884,198.41087,-2.170223,60.640656,178.15271,-18.010885,-62.524265,205.25113,4.3662524,3.3249445,139.27968,-1.4543331,-17.879747,141.40707,-1.087652,-1.8133619,105.52597,15.1993065,-13.950963,104.38731,4.5397077,-12.906362,72.85424,23.47776,-6.0070186,76.467415,-19.181221
9.353242,204.42674,11.928832,13.362968,207.10046,10.054724,6.830728,208.57349,9.798451,17.202993,205.70627,0.084938504,0.9257158,208.40999,1.1799635,17.899632,187.53773,-11.911946,-13.159498,196.71864,-4.288154,38.45093,173.38664,-19.584627,-39.70799,197.66647,-2.9697025,61.266132,178.36377,-15.853913,-62.842148,203.92079,2.58468,3.4402032,139.51936,-1.7084858,-17.84201,141.6354,-1.7833015,-2.142691,105.645706,14.591124,-14.2786665,104.618576,3.9454746,-12.812121,72.83802,23.321136,-5.947422,76.555336,-19.389193
8.9254,204.83998,12.192283,12.898806,207.62091,10.392599,6.3491173,208.98456,10.114277,16.927097,206.17271,0.43281952,0.62887853,208.77902,1.358754,18.320368,187.86804,-11.522101,-13.040932,196.83519,-4.5904856,39.345173,173.84023,-17.990944,-39.651398,196.80414,-4.0279455,61.988728,178.74208,-13.382253,-63.124275,202.55815,0.9944929,3.5216165,139.68005,-2.1016734,-17.697655,141.81897,-2.47352,-2.4464965,105.70428,13.959709,-14.402642,104.70515,3.2460947,-12.776364,72.9556,23.10864,-5.7654204,76.41215,-19.710747
8.481399,204.90857,12.416163,12.365788,207.81065,10.611984,5.791697,209.06215,10.513569,16.56863,206.5112,0.721379,0.21716301,208.93658,1.610135,18.73051,188.13148,-11.248359,-12.952967,196.9132,-5.0244937,40.204086,174.29807,-16.18696,-39.695114,195.63828,-5.311283,62.59249,179.1418,-10.514065,-63.341476,200.88647,-0.48543027,3.7196853,139.81601,-2.5916545,-17.539755,141.98415,-3.2700732,-2.55691,105.79551,13.359626,-14.565067,104.839806,2.4579215,-12.562392,73.07405,22.96538,-5.4577713,76.39222,-20.02384
8.174882,205.00847,12.660963,11.946816,208.02986,10.816325,5.330731,209.06781,10.797415,16.246935,206.78215,0.9684083,-0.121689916,208.8923,1.8199278,19.234808,188.40869,-10.857185,-13.021781,196.83063,-5.6109266,41.044945,174.71191,-14.289841,-39.732704,194.30255,-6.4101562,62.980553,179.78479,-7.3401694,-63.657616,198.84572,-1.868302,3.8153622,139.82947,-3.103425,-17.421915,142.10077,-4.2704406,-2.7265968,105.88137,12.771334,-14.552786,104.99469,1.4950356,-12.342833,73.16772,22.78409,-5.197108,76.26153,-20.363052
7.6678195,204.9806,12.799758,11.340695,208.13458,10.969393,4.6998897,208.9401,10.91364,15.851,207.066,1.2221755,-0.5582124,208.85164,1.9378712,19.764595,188.60538,-10.616194,-13.143749,196.49829,-6.103648,41.794468,174.94464,-12.396108,-39.658684,192.77475,-7.533146,63.086254,180.36938,-4.0293236,-63.768593,196.43039,-2.8852108,4.119618,139.7375,-3.6396523,-17.180538,142.07315,-5.345493,-2.7519052,105.960236,12.304393,-14.5115185,105.104675,0.57047015,-11.964378,73.24676,22.500568,-4.786759,76.19544,-20.669493
7.170442,204.98741,12.893746,10.763601,208.20068,11.022944,4.0985146,208.85979,10.978507,15.48279,207.33202,1.4582797,-0.96576107,208.79614,1.9698457,20.189253,188.89003,-10.457518,-13.264518,196.231,-6.7005234,42.277233,175.18262,-10.352638,-39.584023,190.87035,-8.633328,62.93359,181.16924,-0.5161969,-63.789898,193.56699,-3.838704,4.544957,139.8614,-4.138016,-16.899485,142.1338,-6.5035677,-2.5877829,106.11046,11.877213,-14.539792,105.30554,-0.2672093,-11.458756,73.31259,22.177973,-4.370367,76.21379,-20.970806
6.5710564,204.91092,12.93944,10.105768,208.16087,11.0052395,3.4402454,208.69138,10.941643,15.006176,207.40721,1.6198529,-1.4078085,208.74248,1.8973764,20.610428,189.05687,-10.1442,-13.405276,195.98853,-7.434142,42.79865,175.47194,-8.224855,-39.303078,188.85207,-9.866978,62.51967,181.97948,3.0047145,-63.5472,190.35796,-4.3273535,4.9819207,139.97035,-4.732819,-16.510504,142.1817,-7.8473797,-2.3117998,106.35547,11.699197,-14.478543,105.41596,-0.9895066,-10.944624,73.45962,21.738274,-4.1250787,76.18577,-21.278503
5.971458,204.76102,12.850858,9.492392,208.03279,10.942993,2.815744,208.47847,10.786279,14.534504,207.42624,1.6494462,-1.9019892,208.45648,1.6471032,20.997389,189.24512,-9.785377,-13.589188,195.63107,-8.394913,42.95824,175.6787,-6.103258,-38.963333,186.82487,-10.730805,61.79795,182.56148,6.494087,-63.21873,187.16185,-4.8746686,5.3802056,139.8395,-5.1848,-16.028,141.94473,-9.176134,-1.911489,106.6523,11.956075,-14.26305,105.38804,-1.64809,-10.325649,73.45194,21.191511,-3.7464552,76.08608,-21.620308
5.46131,204.65031,12.658792,8.96222,208.03134,10.911499,2.288713,208.41422,10.700796,14.088541,207.51591,1.5842668,-2.3725717,208.22247,1.4085456,21.16913,189.32487,-9.3310375,-13.686653,195.19353,-9.418416,42.873913,175.89702,-3.8423343,-38.499863,184.87115,-11.588449,60.73239,183.0436,10.0272455,-62.764244,184.11311,-5.566137,5.7445903,139.78224,-5.563259,-15.4949665,141.78545,-10.47089,-1.4201971,107.07582,12.550017,-13.931571,105.366714,-2.4626613,-9.669183,73.641846,20.439697,-3.481561,75.824486,-22.037674
4.899706,204.41992,12.538618,8.366366,207.85211,10.807896,1.6932958,208.0816,10.439677,13.635274,207.5212,1.5988455,-2.8215454,207.93935,1.2033712,21.34845,189.35632,-8.834635,-13.776001,194.69148,-10.622896,42.5628,175.98453,-1.4171234,-37.99903,182.96513,-12.573862,59.092728,183.60214,13.678686,-62.208576,180.9478,-6.553102,6.25514,139.80086,-6.010387,-15.019054,141.63396,-11.729173,-0.65924513,107.94012,13.451019,-13.623119,105.469635,-3.0779822,-8.594458,74.10579,19.327837,-3.1527312,75.57702,-22.226791
4.5633836,204.2669,12.441832,7.98079,207.74387,10.704175,1.3104659,207.86255,10.2986555,13.291486,207.38466,1.5068514,-3.1798186,207.68233,1.077399,21.416067,189.40213,-8.206272,-13.812858,194.15912,-11.710377,41.954098,175.90903,0.9149189,-37.405994,181.09282,-13.739401,56.780823,184.00308,17.4936,-61.512936,177.74533,-7.86658,6.7453666,139.88087,-6.34918,-14.579798,141.62326,-12.940046,0.09449308,109.045044,14.492675,-13.283909,105.62269,-3.6397638,-7.5169516,74.71812,17.785631,-2.8447099,75.34029,-22.264118
3.970417,204.11073,12.260997,7.397198,207.6271,10.623026,0.7317992,207.69003,10.085298,12.792529,207.45145,1.4678082,-3.697224,207.42094,0.76210433,21.591496,189.38957,-7.675904,-13.800966,193.56883,-12.787404,41.103024,175.85272,3.500333,-36.637997,179.3206,-14.90301,54.114532,184.46286,21.290903,-60.413063,174.48763,-8.620064,7.4525766,140.2797,-6.764133,-13.849165,141.67961,-14.126869,0.7307582,110.25561,15.4684,-12.90981,105.83239,-4.2003503,-6.2185845,75.64215,15.876096,-2.357522,75.15868,-22.25723
3.3321364,203.90907,11.951767,6.7324944,207.55273,10.548272,0.08404779,207.51436,9.845518,12.267745,207.6045,1.4199777,-4.2256346,207.1627,0.3994164,21.745127,189.49707,-7.1833315,-13.646693,193.0915,-13.796005,40.088554,175.95593,5.707073,-35.83075,177.7225,-15.821677,50.775692,184.85387,24.851082,-59.03421,171.52412,-8.806463,8.249683,140.69374,-7.052256,-12.962152,141.6711,-15.117516,1.4269196,111.632835,16.350801,-12.353469,105.999245,-4.7351356,-4.6796384,76.74172,13.733891,-1.9698529,74.9808,-22.295416
2.7251194,203.70901,11.728454,5.991545,207.51324,10.438581,-0.63775414,207.24051,9.654699,11.69602,207.68304,1.2903721,-4.7729573,207.09314,0.2101354,21.69219,189.78246,-6.5827756,-13.41778,192.81665,-14.702417,38.985054,176.14122,7.66649,-34.830257,176.43312,-16.559872,46.905846,185.26616,27.992048,-57.19355,168.60384,-8.444485,9.117996,141.1859,-7.4292502,-11.855758,141.7871,-16.03408,2.1171186,113.09799,17.189198,-11.713366,106.089264,-5.417163,-3.1254528,78.161446,11.398698,-1.684011,74.77499,-22.398632
2.1544738,203.71497,11.4999485,5.412046,207.53644,10.262639,-1.2129232,207.20213,9.383492,11.206795,207.86667,1.1597408,-5.2493916,207.00078,-0.11466771,21.582802,190.01323,-6.0125666,-13.075673,192.57037,-15.508731,37.66139,176.3439,9.534234,-33.662308,175.17627,-16.96936,42.44877,185.40535,30.76164,-55.09729,165.93253,-7.7278295,9.903422,141.67935,-7.6300373,-10.823383,141.8803,-16.849968,2.6204379,114.442764,17.729,-11.088978,106.25913,-6.13835,-1.3969281,79.75694,9.057774,-1.3832586,74.57897,-22.43696
1.692511,203.76964,11.389182,4.8284717,207.69267,10.132423,-1.769284,207.13873,9.215881,10.682335,208.06212,1.0269743,-5.7005887,206.88414,-0.33179638,21.368359,190.47049,-5.4009175,-12.682134,192.43811,-16.277098,35.896614,176.51033,11.373104,-32.361404,174.0205,-17.287703,37.489555,185.72508,33.132435,-52.63049,163.6096,-6.670136,10.738473,142.3189,-7.88109,-9.801801,142.19348,-17.589014,3.0852218,115.770065,17.862112,-10.433397,106.44414,-6.8590174,0.51658064,81.33747,6.5754795,-0.9190212,74.47208,-22.410818
1.2187841,204.01797,11.277257,4.232278,208.01126,9.9697895,-2.3229716,207.20096,8.962952,10.257095,208.4106,1.0059648,-6.1200485,206.90408,-0.52707756,21.12239,191.15019,-4.7067366,-12.191449,192.56941,-16.833084,33.78703,176.79124,13.172882,-30.900646,173.05095,-17.503735,32.05825,185.75258,35.125862,-49.802227,161.5907,-5.587433,11.580437,143.04155,-8.013456,-8.641075,142.53221,-18.333195,3.5251586,116.692184,17.774097,-9.7652645,106.7017,-7.524801,2.5292199,82.81917,4.151424,-0.5669586,74.384674,-22.410711
0.75693184,204.2668,11.164021,3.671496,208.3464,9.889256,-2.8630903,207.36005,8.85533,9.826023,208.93576,1.0431342,-6.4937897,207.1191,-0.64951533,20.774305,191.80371,-3.9158182,-11.734062,192.8515,-17.42594,31.150152,176.89555,14.98089,-29.308445,172.25105,-17.963247,26.758955,185.61069,36.44557,-46.615807,159.9247,-4.328689,12.266187,143.69923,-7.9515676,-7.4987354,142.90408,-18.945316,3.8672168,117.18208,17.546244,-9.016155,106.99149,-8.20125,4.6869774,84.44599,1.803293,-0.22815815,74.25776,-22.346397
0.41255754,204.63562,11.099914,3.205566,208.82855,9.911092,-3.2894282,207.66006,8.823608,9.469836,209.57079,1.1275897,-6.793058,207.4285,-0.7845998,20.500473,192.55023,-3.074492,-11.2045555,193.14095,-18.044624,28.492552,176.91028,16.422754,-27.815615,171.89359,-18.045416,21.225039,185.60878,37.031303,-43.297115,158.82516,-3.0320208,12.810598,144.2417,-7.8562584,-6.46175,143.28505,-19.341469,4.164204,117.5516,17.128603,-8.363525,107.46556,-8.885624,7.0040636,85.90383,-0.35980934,-0.05984262,74.194244,-22.120552
-0.048885755,205.00714,11.060022,2.696931,209.2677,10.013251,-3.771064,208.05064,8.843411,9.052286,210.20529,1.2683225,-7.1203213,207.81944,-0.86693764,20.299042,193.35233,-2.1881924,-10.616826,193.66495,-18.571486,25.790083,177.20923,17.665949,-26.374025,171.69759,-17.867823,15.46222,185.61862,37.04686,-40.04522,158.11899,-1.5572208,13.423275,144.86989,-7.7235374,-5.3328233,143.765,-19.708864,4.4959755,117.72049,16.547537,-7.6512127,107.88017,-9.531364,9.577797,87.41361,-2.5389392,0.1627697,74.22831,-21.890987
-0.5597126,205.46349,11.117587,2.0838058,209.79543,10.088877,-4.3537474,208.4374,8.928303,8.62579,210.89847,1.5242481,-7.5039544,208.22852,-0.85249627,19.912647,194.1327,-1.2019352,-10.087377,194.28033,-19.015041,23.247145,177.5427,18.632029,-24.79632,171.7305,-17.648354,10.105587,185.6359,36.3259,-36.80804,158.08284,-0.04366712,14.036288,145.53824,-7.495245,-4.1639466,144.25194,-19.987041,4.796072,117.71055,15.79419,-6.940753,108.328186,-10.1073885,12.076989,88.58604,-4.4412894,0.32952714,74.32113,-21.618675
-1.0448124,206.00545,11.215145,1.5406066,210.36272,10.145919,-4.914341,208.94978,9.112561,8.188903,211.59982,1.7375779,-7.9228315,208.74379,-0.7865596,19.318796,195.0271,-0.23827499,-9.408325,194.88007,-19.34217,20.694878,178.06825,19.509834,-23.301441,171.95909,-17.180264,4.9782777,185.4711,35.11674,-33.720222,158.59857,1.5148411,14.614958,145.9545,-7.1162496,-2.97444,144.69026,-20.307499,5.317236,117.43519,14.861606,-6.2229123,108.84289,-10.636553,14.235201,89.19706,-6.0790696,0.6204723,74.47866,-21.527588
-1.4673104,206.4394,11.387967,1.044378,210.82706,10.291412,-5.3900943,209.33635,9.321348,7.713813,212.31859,2.0264947,-8.315641,209.22719,-0.66336393,18.897137,195.84172,0.7086417,-8.8788595,195.51945,-19.60949,18.217531,178.58058,20.067953,-21.97831,172.25584,-16.588482,0.120678045,185.1381,33.36894,-30.779024,159.40295,3.1900966,15.172305,146.39894,-6.806196,-1.9316438,145.09036,-20.546429,5.9045153,116.91611,13.795536,-5.5878196,109.205666,-11.104534,16.200953,89.47958,-7.501393,1.0573915,74.533356,-21.338503
-1.9558622,206.90703,11.601503,0.4522026,211.36177,10.513465,-5.9370327,209.6675,9.476812,7.218595,212.91585,2.3245149,-8.731771,209.57309,-0.5229558,18.5823,196.4889,1.6070101,-8.30882,196.09918,-19.792965,15.700335,178.80176,20.298197,-20.855038,172.7452,-15.819138,-4.1651034,184.7607,31.186462,-27.88719,160.41,5.007807,15.718282,146.77655,-6.4344187,-0.9439427,145.59686,-20.77702,6.6193337,116.20868,12.566106,-4.942011,109.661224,-11.415057,18.04529,89.36526,-8.747951,1.3904312,74.5695,-21.072374
-2.5114248,207.20683,11.75019,-0.18219227,211.71214,10.683151,-6.534482,209.93967,9.649431,6.7050495,213.43018,2.6786056,-9.098799,209.74556,-0.4687339,18.231453,197.06705,2.3956308,-7.90189,196.63649,-19.82204,13.582283,179.12021,20.388996,-19.981342,173.41322,-14.743143,-7.7392063,184.53085,28.605278,-25.144922,161.65352,6.775775,16.086472,147.17691,-6.048278,-0.14122963,146.11084,-20.8034,7.5171165,115.3581,11.113955,-4.2884765,110.060425,-11.50746,19.70437,88.62951,-10.001215,1.6972202,74.629486,-20.646742
-2.9974144,207.51974,12.043127,-0.681512,212.02002,10.926592,-7.0319343,210.22282,9.925425,6.22645,213.76704,3.005448,-9.51187,210.0525,-0.24099396,17.70811,197.78891,3.0630066,-7.5200768,197.1126,-19.737938,11.67547,179.56778,20.299643,-19.077002,173.95203,-13.735842,-10.716915,184.38567,25.646317,-22.757994,163.06944,8.440897,16.352154,147.58841,-5.6543736,0.41339782,146.5187,-20.62856,8.624936,114.5047,9.435324,-3.73161,110.288635,-11.718084,21.209066,87.53246,-11.183965,1.816742,74.6331,-19.88602
-3.415365,207.81859,12.358978,-1.1014652,212.30283,11.178765,-7.4505954,210.48769,10.203669,5.784357,214.0388,3.3291318,-9.951045,210.28227,0.0475565,17.184155,198.28632,3.7429278,-7.3198204,197.38144,-19.570322,9.827956,179.89233,20.242428,-18.214272,174.15224,-12.811201,-13.13062,184.16634,22.50517,-20.913431,164.41026,10.004826,16.677055,147.76337,-5.160161,0.8777915,146.76465,-20.295889,9.736078,113.45206,7.662612,-3.3085892,110.30519,-11.90772,22.612587,86.14875,-12.2153225,2.1052234,74.413055,-19.31545
-3.95071,207.96368,12.67411,-1.5822729,212.41882,11.479627,-7.917938,210.62299,10.386035,5.3043385,214.2285,3.7264569,-10.383526,210.32405,0.31588137,16.752527,198.66943,4.5694766,-7.2275295,197.44194,-19.311457,8.169796,180.09729,20.116146,-17.448212,174.12556,-12.122916,-14.990711,183.8894,19.699457,-19.21342,166.00642,11.302406,16.913115,147.65007,-4.731225,1.1828767,146.70718,-19.821743,11.067753,112.24552,5.789133,-2.9122205,109.991936,-12.058666,23.809282,84.24951,-13.180165,2.4268548,74.0477,-18.832556
-4.475782,207.8887,12.933286,-2.1059444,212.34338,11.762352,-8.4085245,210.52325,10.547881,4.894764,214.20767,4.114917,-10.737997,210.18985,0.48831046,16.416882,198.83554,5.3548846,-7.113055,197.41446,-19.028177,6.6547046,180.15698,19.884632,-16.859589,173.84424,-11.607971,-16.492662,183.46701,17.22434,-17.795893,167.74414,12.500524,17.265106,147.31755,-4.295586,1.3201107,146.62482,-19.190573,12.428548,111.01266,3.9206023,-2.3656013,109.66459,-12.273741,24.836813,82.11557,-14.085426,2.538122,73.741844,-18.250254
-5.0290246,207.75829,13.1539,-2.649404,212.21706,12.023066,-8.916084,210.36012,10.654857,4.5294333,213.99675,4.4814563,-11.030413,209.9379,0.58809006,16.050455,198.83635,6.2989144,-6.8860226,197.2938,-18.544455,5.13086,179.9878,19.42011,-16.353987,173.75586,-10.8708725,-17.756796,182.56369,14.939495,-16.588957,169.74408,13.540316,17.466722,146.87152,-3.78769,1.5711523,146.48402,-18.69199,14.008404,109.791435,1.9070629,-1.7667987,109.317726,-12.521392,25.681501,79.593056,-14.875849,2.5389595,73.46039,-17.715021
-5.5965605,207.52296,13.33998,-3.162638,211.9669,12.26268,-9.390515,210.13385,10.715354,4.060434,213.60533,4.6889157,-11.47666,209.56538,0.6759308,15.848064,198.55411,7.2539825,-6.453252,197.05301,-18.339705,3.6628458,179.7759,19.087027,-15.60601,173.617,-10.253524,-18.956608,181.64653,13.784884,-15.528146,171.25882,14.349961,17.66912,146.39441,-3.4340425,1.8301814,146.18704,-18.30591,15.700171,108.610725,-0.162407,-1.3719296,108.97283,-12.738398,26.394361,77.05223,-15.612624,2.3771403,73.08381,-17.312109
-6.1002946,207.15305,13.438462,-3.663761,211.62251,12.454739,-9.836272,209.76538,10.732532,3.7298756,213.17307,4.957003,-11.652094,209.04561,0.6192419,15.680318,198.23329,8.27683,-5.8080525,196.60558,-18.07306,2.3200574,179.34496,18.731525,-15.466272,173.3542,-9.633062,-19.95188,180.83577,12.720563,-15.037624,172.82962,15.121063,18.094847,145.86604,-3.2219923,2.116856,145.91855,-17.85477,17.367851,107.68055,-2.1899726,-1.1609793,108.651924,-12.960649,27.11485,75.00959,-16.279722,2.2525754,72.87015,-16.838732
-6.4879055,206.72046,13.555746,-4.049037,211.19144,12.6182995,-10.196719,209.33894,10.820197,3.4391353,212.77121,5.2052093,-11.837076,208.4124,0.60025984,15.402424,197.89201,9.226477,-5.0649166,196.18378,-17.935205,1.1790483,178.97926,18.314949,-15.350569,173.32909,-9.044257,-20.572216,180.51132,11.704332,-15.13709,174.39052,15.724769,18.448936,145.4342,-3.015444,2.4161863,145.71072,-17.559708,18.907084,107.24207,-4.0473146,-1.0336419,108.50203,-13.065845,27.775545,73.84614,-16.720972,2.1608117,72.75695,-16.381493
-6.8888316,206.18132,13.590849,-4.527861,210.72682,12.788687,-10.588402,208.76047,10.807674,3.152362,212.46817,5.5098166,-11.941952,207.88625,0.5132761,15.067662,197.62654,10.113248,-4.1953354,195.76418,-17.94713,0.66813904,178.36076,17.864674,-15.332295,173.3738,-8.547643,-20.845324,180.16402,10.722534,-15.354434,175.85828,16.197573,18.749096,145.09659,-2.8908281,2.8930328,145.5202,-17.327187,20.191679,107.169014,-5.4087567,-1.025793,108.49694,-13.016871,28.130543,73.39318,-16.94336,1.8477157,72.82058,-16.026556
-7.307486,205.87102,13.593204,-4.9585114,210.43202,12.861788,-10.918429,208.395,10.648659,2.8465743,212.24356,5.727997,-12.076656,207.50157,0.39391387,14.729911,197.46376,10.891027,-3.4789143,195.4855,-17.934948,0.2537981,177.7268,17.299717,-14.926624,173.33238,-8.141388,-21.086002,179.84598,9.861693,-15.697452,176.80963,16.474005,18.950619,145.19026,-2.5718927,3.4564908,145.53258,-17.331715,21.228107,107.422226,-6.066778,-0.95159894,108.58862,-12.970197,28.30726,73.268295,-16.954473,1.6289167,72.91763,-15.780609
-7.8813133,205.75372,13.617643,-5.422199,210.24013,12.812737,-11.361124,208.24382,10.49684,2.407326,212.2256,6.0431037,-12.369233,207.35843,0.31586766,14.430345,197.4854,11.465268,-2.9278336,195.39789,-17.95023,0.00999207,177.24129,16.681986,-14.355959,173.22742,-7.8276224,-21.254925,179.58023,9.002032,-15.4366455,177.17383,16.861874,19.118397,145.4604,-2.300482,4.134293,145.67445,-17.462132,21.915594,107.75987,-6.323044,-0.7819451,108.761604,-13.00874,28.360725,73.35691,-16.871069,1.4145036,72.996864,-15.554033
-8.375839,205.71452,13.690697,-5.854187,210.16106,12.864798,-11.803341,208.21524,10.522602,2.0263884,212.22653,6.3094325,-12.5985775,207.28815,0.30551696,14.094688,197.58754,11.946113,-2.6593595,195.4925,-17.87339,-0.018722571,176.79572,16.083422,-13.775331,173.13841,-7.701832,-21.259563,179.29256,7.9079485,-15.084722,177.35184,16.95069,19.487606,145.8176,-2.0188036,4.79339,146.02936,-17.564089,22.179525,108.07833,-6.1375837,-0.5046162,109.05747,-13.105739,28.16365,73.32909,-16.67817,1.1890091,73.01812,-15.501612
-8.669038,205.61652,13.836056,-6.1761074,210.07565,13.009578,-12.099712,208.09454,10.649794,1.7860961,212.19968,6.561436,-12.782147,207.29478,0.41879803,13.79511,197.68481,12.297975,-2.649664,195.68774,-17.752129,-0.029740358,176.55956,15.612651,-13.163524,172.967,-7.942616,-21.166147,178.97229,7.2776875,-14.823444,177.21909,16.6257,19.939936,146.1593,-1.776708,5.3028727,146.38948,-17.564646,22.120043,108.34508,-5.959581,-0.10010345,109.33784,-13.340554,27.822723,73.39334,-16.429365,0.8928482,73.095314,-15.524076
-8.870122,205.53761,14.012373,-6.4214334,210.0238,13.2040205,-12.366772,208.02422,10.899402,1.6230383,212.2384,6.885373,-12.926803,207.3911,0.6346708,13.478027,197.84628,12.605591,-2.6446333,195.97101,-17.687748,-0.16437851,176.43468,15.612606,-12.373332,172.81519,-8.559976,-21.106796,178.24619,6.433222,-14.552431,176.76501,15.920386,20.25496,146.3469,-1.5255312,5.761033,146.56262,-17.48137,21.93954,108.508514,-5.668214,0.33770692,109.40556,-13.567332,27.39912,73.450424,-16.14946,0.63327444,73.07225,-15.568012
-8.866564,205.47221,14.18564,-6.4317775,209.95737,13.356988,-12.380718,207.94814,11.085339,1.6231602,212.24649,7.103819,-12.951121,207.46254,0.84024906,13.398244,197.9085,12.801048,-2.6908665,195.98837,-17.540989,-0.369714,176.41408,15.620689,-12.163634,172.45462,-8.982207,-21.098124,177.56569,5.9494853,-14.962809,176.09967,15.169397,20.5155,146.31895,-1.2965933,6.1550307,146.4549,-17.506746,21.899696,108.52204,-5.368357,0.73138624,109.32043,-13.844945,27.159811,73.510895,-16.02949,0.43249896,73.04719,-15.543328
-8.762929,205.39825,14.3077345,-6.410376,209.91531,13.380576,-12.330091,207.7582,11.178044,1.696025,212.22154,7.209163,-12.913429,207.49886,1.0035132,13.319279,197.90994,12.868374,-2.8291242,196.00005,-17.450438,-0.53118455,176.35242,15.858948,-11.695506,172.18814,-9.455165,-21.030035,176.73033,5.6691017,-15.19081,175.18636,14.675554,20.665424,146.08687,-1.0950298,6.2941675,146.23122,-17.46908,21.790178,108.29883,-5.1804566,0.9123813,109.17533,-14.109652,26.861898,73.49857,-15.928075,0.15413423,72.97173,-15.463114
-8.592483,205.33536,14.449129,-6.3302712,209.89,13.458751,-12.280692,207.6457,11.421676,1.8146359,212.15134,7.3134737,-12.859413,207.49153,1.184671,13.315494,197.88287,12.95594,-3.091533,195.94127,-17.295198,-0.20386241,176.10817,15.9594,-11.389632,171.74005,-10.071355,-20.549187,175.6878,5.471198,-15.221693,174.01651,14.141754,20.715302,145.87837,-0.9371414,6.1916676,146.0583,-17.425812,21.526535,108.09083,-4.942254,0.8817607,109.02227,-14.228577,26.31229,73.388176,-15.964896,-0.23892078,72.98221,-15.490758
-8.410111,205.23344,14.578796,-6.1467056,209.78314,13.578903,-12.114803,207.55876,11.58376,1.8551087,212.18579,7.3840046,-12.797265,207.40686,1.3508071,13.356534,197.72978,12.947564,-3.460751,195.67615,-17.056513,0.32929555,175.60764,16.147713,-11.3324585,171.15036,-10.587242,-19.82213,174.41081,5.380165,-14.800347,172.62154,13.593543,20.691858,145.69028,-0.9930231,6.01103,145.77567,-17.37152,21.133156,107.89201,-4.7633166,0.6228245,108.81004,-14.147877,25.692146,73.31003,-16.144606,-0.80738276,72.96054,-15.48116
-8.303274,205.20752,14.662484,-6.092806,209.79234,13.683514,-12.038127,207.51588,11.689577,1.9196935,212.11534,7.440498,-12.743845,207.33669,1.4480196,13.539686,197.6021,12.90612,-3.82402,195.46207,-16.756962,1.0579386,175.13992,16.35449,-11.140583,170.51093,-11.108877,-18.980173,172.68874,5.297431,-14.563852,170.75241,13.056976,20.64603,145.45384,-1.0721136,5.778354,145.56648,-17.376095,20.692757,107.62753,-4.581354,0.29118395,108.683846,-13.96036,25.157522,73.25527,-16.2029,-1.3964854,72.82419,-15.480451
-8.306959,205.10509,14.71726,-6.049058,209.6631,13.737652,-11.998778,207.43266,11.707671,1.957292,212.00648,7.5540295,-12.7316,207.30664,1.5161767,13.70665,197.51184,12.831295,-4.17126,195.23163,-16.57632,1.9556427,174.76953,16.798502,-10.63984,169.86809,-11.680803,-17.990105,170.81006,5.24437,-14.343476,168.25897,12.309893,20.57093,145.09558,-1.1815685,5.4622145,145.1939,-17.293045,20.266237,107.256485,-4.3669357,-0.23851411,108.40159,-13.60582,24.611994,73.091064,-16.231653,-2.0613697,72.67231,-15.480702
-8.221411,205.00665,14.738164,-6.000563,209.59598,13.802911,-11.94303,207.34251,11.770167,1.9986619,211.9327,7.5287943,-12.764345,207.33984,1.5874008,13.939579,197.47356,12.70076,-4.499156,194.91371,-16.403454,2.8833985,174.51746,16.888798,-10.074972,169.20485,-12.343997,-17.15682,168.66064,5.987866,-14.107588,165.35387,11.407739,20.590733,144.85585,-1.3534224,5.1002307,144.95592,-17.087263,19.801003,106.93448,-4.1380587,-0.85571706,108.27736,-13.210687,24.00328,72.97167,-16.371313,-2.693283,72.56629,-15.504407
-8.078999,204.96826,14.735174,-5.8524795,209.54855,13.793179,-11.847705,207.34445,11.8618355,2.099715,211.78699,7.365793,-12.799204,207.34456,1.612674,14.226663,197.29501,12.501529,-4.7840133,194.49713,-16.233936,3.7181232,173.95193,16.989634,-9.974484,168.53696,-12.861212,-16.331562,166.14226,7.248382,-13.953297,162.21904,10.251366,20.761942,144.62032,-1.8087245,4.7129064,144.84714,-16.820818,19.406425,106.66621,-3.89723,-1.5660521,108.19403,-12.677868,23.46693,72.85267,-16.468327,-3.204911,72.571846,-15.591452
-7.9701815,204.85713,14.794911,-5.7825975,209.44691,13.798002,-11.811017,207.21147,12.00444,2.1718872,211.63377,7.3140655,-12.742185,207.11519,1.6626564,14.546891,197.02983,12.131874,-5.0221944,194.18433,-15.99381,4.9033422,173.30301,17.075918,-10.401314,168.0934,-13.543913,-15.048351,163.42462,8.979958,-14.140839,159.29767,8.704346,21.288069,144.37703,-2.5574052,4.152444,144.5578,-16.525827,19.13744,106.44247,-3.5422282,-2.405712,107.97777,-12.097576,22.902122,72.904594,-16.484833,-3.7778056,72.5615,-15.720579
-7.863188,204.6502,14.755624,-5.647223,209.22624,13.755975,-11.724439,207.06496,12.039298,2.2692103,211.39795,7.2635136,-12.697574,206.89595,1.6657888,14.860088,196.60927,11.714025,-5.4249363,193.86632,-15.853947,6.2924705,172.53177,17.114428,-10.946425,167.72452,-14.098642,-13.306097,160.6217,10.847809,-14.5257,156.4718,7.2843723,21.602797,144.1813,-3.2043006,3.6118078,144.2769,-16.199858,18.791103,106.27689,-3.251843,-3.3071353,107.88,-11.339376,22.381863,72.899864,-16.633255,-4.366625,72.58688,-15.859611
-7.8639374,204.44374,14.727872,-5.6412697,209.03532,13.815149,-11.703032,206.90137,12.022665,2.2505772,211.13158,7.1644864,-12.772672,206.71556,1.702388,15.208819,196.16254,11.03483,-5.880896,193.40451,-15.580914,7.8597426,171.6459,17.161411,-11.525019,167.10796,-14.69182,-11.191718,158.00345,12.978688,-14.834947,153.44954,5.4559765,21.821547,143.81657,-3.7051284,3.0531945,143.97609,-15.967345,18.386396,105.95958,-2.8928568,-4.1863093,107.77599,-10.424461,21.814873,72.971504,-16.894175,-4.795352,72.55165,-15.906766
-7.851534,204.23755,14.741399,-5.652281,208.84221,13.848565,-11.696574,206.68298,12.030949,2.1824937,210.89027,7.0330505,-12.959487,206.54158,1.791575,15.650452,195.7691,10.295311,-6.498862,192.96014,-15.273332,9.644077,170.8286,17.057047,-12.17453,166.60973,-15.323914,-8.511403,155.33604,15.299572,-15.250049,150.56816,3.0903616,21.79157,143.61176,-4.103479,2.5766222,143.66707,-15.779613,18.025486,105.64565,-2.5850372,-5.2227316,107.64571,-9.096138,21.179535,72.83605,-17.159033,-5.232784,72.80908,-15.867286
-7.843239,203.95572,14.666925,-5.7196937,208.6023,13.810349,-11.74584,206.36736,12.010444,2.0765548,210.56667,6.770362,-13.15556,206.31218,1.7956704,15.903495,195.51384,9.556317,-7.0167975,192.33672,-15.136591,11.392413,170.40317,17.017607,-12.969981,165.85432,-16.06889,-5.291472,153.3964,18.205914,-15.6709,147.49564,0.24545561,21.599823,143.3725,-4.456908,2.0804563,143.40363,-15.549077,17.813536,105.409706,-2.451893,-6.2395,107.87946,-7.3853197,20.424923,72.744385,-17.419352,-5.638218,73.25972,-15.611014
-7.9568763,203.52374,14.554391,-5.793165,208.15366,13.703547,-11.817531,205.96626,11.860255,1.914234,210.1238,6.590651,-13.398707,205.9655,1.7563038,16.034685,195.20546,8.916541,-7.7355433,191.65022,-14.995248,13.305526,169.99608,16.917274,-13.824325,165.00987,-16.850504,-1.250214,151.72928,20.918959,-16.436863,144.46431,-2.909537,21.486362,143.18138,-4.744487,1.6106697,143.0639,-15.212019,17.52028,105.21615,-2.3940575,-7.303239,108.128,-5.2813325,19.686817,72.65436,-17.79146,-6.0421133,73.94877,-15.039275
-8.17107,203.14589,14.530562,-5.8925548,207.70512,13.573921,-11.923804,205.58148,11.684722,1.6607621,209.66237,6.4680586,-13.669691,205.48848,1.7693284,16.0391,194.87024,8.287656,-8.451625,190.8917,-14.925085,15.305828,169.76338,16.810944,-14.646052,164.29785,-17.566305,3.501055,150.3288,23.453943,-17.729973,141.97008,-6.4229045,21.362627,142.83534,-4.9913006,1.17503,142.79161,-14.969952,17.171028,105.03294,-2.3140545,-8.241101,108.71018,-3.09318,18.890312,72.70812,-18.044794,-6.379873,74.83068,-14.251559
-8.3523855,202.7221,14.517752,-5.989826,207.22974,13.535254,-12.037681,205.17618,11.605442,1.4027036,209.22296,6.3481836,-13.919687,204.97012,1.7572304,15.976623,194.60497,7.735839,-9.178338,190.07423,-14.991813,17.318743,169.75372,16.831371,-15.402023,163.68248,-18.74873,8.509459,149.60783,25.569134,-19.354717,140.46104,-10.03847,21.080708,142.49321,-5.24001,0.6934832,142.4755,-14.621451,16.746037,104.88691,-2.1550171,-9.02011,109.39374,-0.6130731,18.02716,72.73811,-18.27543,-6.500146,75.84042,-13.21621
-8.599254,202.41542,14.492428,-6.2214866,206.91446,13.490705,-12.274387,204.86827,11.564937,1.1409235,208.7656,6.178067,-14.233416,204.48845,1.7181553,15.904802,194.46588,7.153684,-9.9061,189.35213,-14.815056,19.41432,170.19727,16.782553,-16.16156,163.22012,-19.93452,13.728984,149.65524,27.16853,-21.454176,139.69287,-13.588605,20.738077,142.31459,-5.4467726,0.20305873,142.31583,-14.235139,16.403996,104.72279,-2.2308874,-9.474387,110.26547,2.1507246,17.156492,72.82086,-18.576803,-6.365884,77.149994,-11.872002
-8.827453,202.12297,14.548346,-6.4494524,206.59666,13.441282,-12.548833,204.55367,11.657401,0.79305696,208.28207,5.990323,-14.660283,203.99149,1.8330796,15.725117,194.36641,6.6909437,-10.684072,188.70195,-14.7235775,21.449594,170.75374,16.744112,-17.056273,162.88605,-21.028715,18.859968,150.27393,28.42236,-23.363787,139.13669,-17.612375,20.260107,142.21822,-5.522454,-0.16340412,142.14606,-13.803439,16.056335,104.70254,-2.1323571,-9.753928,111.15022,4.625143,16.271643,72.842606,-18.795488,-5.9083385,78.43014,-10.334582
-9.162534,201.79161,14.597983,-6.800389,206.24854,13.413151,-12.933483,204.20642,11.760748,0.3479967,207.9199,5.83415,-15.190497,203.6661,1.9898397,15.5110855,194.25269,6.2338943,-11.414934,188.13918,-14.624842,23.511055,171.59033,16.690409,-18.030125,162.77397,-22.148401,24.01527,151.5375,29.265543,-25.140564,139.00005,-21.734917,19.854979,142.09102,-5.3324904,-0.5237511,142.02243,-13.241119,15.6487465,104.577934,-1.9007795,-9.818226,111.977585,6.905417,15.426993,72.93299,-18.913292,-5.301622,79.58786,-8.795295
-9.492242,201.5637,14.659179,-7.149962,206.02364,13.436952,-13.316256,204.00447,11.908256,-0.07029012,207.61693,5.7552123,-15.671126,203.45334,2.155192,15.074761,194.15738,5.8397236,-12.11588,187.75624,-14.6133795,25.569656,172.68219,16.445347,-19.062307,162.785,-23.275293,29.07417,153.55199,29.825407,-26.919813,139.29218,-25.644737,19.441414,142.06032,-5.106006,-0.9601913,141.9425,-12.603115,15.202628,104.656235,-1.5044091,-9.640932,112.613556,8.99469,14.491653,73.16182,-19.129269,-4.4552836,80.36813,-7.143748
-9.835452,201.43552,14.735349,-7.4251623,205.83307,13.444389,-13.6816635,203.95683,12.086186,-0.51556003,207.39046,5.69141,-16.150465,203.16997,2.2641985,14.62481,194.28906,5.5669174,-12.732875,187.61354,-14.571914,27.473001,174.07585,16.073732,-20.135586,163.34322,-24.421013,33.7275,156.16595,30.057934,-28.843798,140.54114,-29.120916,19.01702,142.04715,-4.8556986,-1.4048465,141.9066,-11.820367,14.850018,104.57926,-1.1791115,-9.257035,113.10232,10.788646,13.641469,73.20442,-19.340902,-3.3513749,81.078514,-5.39884
-10.204567,201.2618,14.781147,-7.803138,205.69081,13.55771,-14.047701,203.80812,12.168019,-1.010226,207.21733,5.643938,-16.69901,203.03918,2.381501,14.289371,194.37814,5.376651,-13.309433,187.55748,-14.440797,29.247787,175.57494,15.583566,-21.137566,164.0717,-25.627455,38.11679,159.06923,29.917612,-30.88128,142.17873,-32.353134,18.68083,142.1133,-4.615132,-1.908703,141.95511,-11.04353,14.605298,104.6244,-0.8131849,-8.759654,113.38169,12.425604,12.947838,73.334175,-19.415289,-2.1266341,81.212265,-3.5272245
-10.620142,201.19704,14.850713,-8.218455,205.64583,13.7054615,-14.451512,203.77763,12.24952,-1.4522684,207.19783,5.6737647,-17.148403,202.97466,2.4541583,14.027389,194.66393,5.111564,-13.81116,187.6317,-14.231899,30.977905,177.35277,14.739535,-22.172165,165.1449,-26.760202,41.994503,162.472,29.357765,-32.942204,144.46902,-35.232502,18.3392,142.07411,-4.363878,-2.416667,142.00203,-10.2013445,14.244555,104.68581,-0.54851246,-8.116968,113.63257,13.98643,12.398868,73.53989,-19.389286,-0.63247335,81.500565,-1.4012874
-10.949815,201.2525,14.971709,-8.552534,205.69824,13.824441,-14.794346,203.82324,12.381545,-1.8468304,207.23573,5.7347045,-17.574936,202.99593,2.6467626,13.820654,194.92572,4.7590914,-14.375006,187.74925,-14.031077,32.503242,179.24217,13.801668,-23.079605,166.42937,-27.874992,45.3484,166.04361,28.554836,-35.014507,147.04886,-37.78588,18.125404,142.12872,-4.0722246,-2.7556565,142.0873,-9.30261,13.837188,104.64046,-0.44982532,-7.4221134,113.89963,15.437197,11.795118,73.67374,-19.545897,0.9353374,81.780495,0.95055187
-11.253453,201.25163,15.01612,-8.828942,205.71301,13.987125,-15.083462,203.89627,12.479047,-2.304663,207.3371,5.6901526,-18.031643,203.04123,2.7868621,13.647722,195.31084,4.3183494,-14.9266205,187.85445,-13.777701,33.70447,181.04463,12.762279,-24.004923,167.73523,-28.959522,48.1247,169.82501,27.550867,-36.97366,149.86942,-40.06676,18.074001,142.03322,-3.6768844,-2.9920409,141.93468,-8.341618,13.505198,104.66824,-0.30408457,-6.585037,113.92058,16.66196,11.148117,73.78363,-19.666588,2.7802355,81.54637,3.5403953
-11.563976,201.37337,15.122249,-9.028576,205.76527,14.077497,-15.325927,204.10432,12.580582,-2.689021,207.41702,5.718303,-18.44779,203.22672,2.9208326,13.495075,195.69226,3.9337118,-15.362993,188.06754,-13.625613,34.873596,182.87245,11.560726,-24.972128,169.08815,-29.97853,50.458607,173.52826,26.438986,-38.94124,152.71434,-42.058388,17.92467,142.14493,-3.1993377,-3.1275218,141.8957,-7.482804,13.301514,104.771515,-0.19415447,-5.634023,113.99372,17.764442,10.412863,74.06006,-19.85979,4.626872,81.26297,6.281288
-11.817639,201.55634,15.173133,-9.284228,205.92297,14.024068,-15.6334715,204.31868,12.743846,-3.0374024,207.62064,5.7487574,-18.785315,203.4178,3.002927,13.388088,195.95598,3.5865493,-15.856362,188.37236,-13.536277,35.99011,184.54114,10.162465,-25.79093,170.52446,-30.832176,52.226143,177.02603,25.41231,-40.70542,155.54991,-43.710556,17.855703,142.4704,-2.6743817,-3.2589202,142.07408,-6.7111473,13.10756,105.12569,-0.06609871,-4.5610695,113.9132,18.645533,9.761121,74.31924,-19.967888,6.402034,80.96687,8.998937
-12.070347,201.71054,15.218128,-9.506454,206.09639,14.206271,-15.861037,204.5434,12.834142,-3.2551677,207.75987,5.77121,-19.04207,203.67644,3.0677364,13.257139,196.40755,3.2930412,-16.311663,188.59714,-13.655692,36.77659,186.39244,8.93263,-26.741884,171.7226,-31.550295,53.895905,180.68135,23.93953,-42.46435,158.2759,-45.171806,17.840448,142.88757,-2.2267077,-3.3158548,142.20934,-5.8417673,13.042166,105.44255,0.23927268,-3.435008,113.78561,19.34512,9.162879,74.54651,-19.983356,8.028712,80.38581,11.582543
-12.329356,201.93515,15.213235,-9.752905,206.3196,14.215547,-16.106659,204.7708,12.817582,-3.4420745,207.86588,5.7456007,-19.263296,203.93062,3.079555,13.003391,196.65215,2.872031,-16.699467,188.7401,-13.679375,37.328953,188.11461,7.708068,-27.739487,172.92552,-32.162766,55.254482,184.05324,22.336523,-44.158344,160.86082,-46.310486,17.969118,143.22902,-1.8128788,-3.253996,142.33691,-4.9702578,13.030056,105.7569,0.65949816,-2.234751,113.579704,19.930733,8.676547,74.85341,-19.864761,9.717789,79.89929,14.222155
-12.534516,202.08017,15.137668,-10.006904,206.47234,14.055682,-16.344612,204.83054,12.699749,-3.6596475,207.9046,5.5560694,-19.507809,204.04012,3.0027068,12.706437,197.0125,2.4713175,-16.956017,188.86841,-13.599853,37.602734,189.76074,6.784549,-28.62263,174.0875,-32.481144,56.37561,187.22879,20.64257,-45.67113,163.45584,-47.124928,18.02826,143.46686,-1.4165072,-3.1666143,142.28413,-4.090657,13.057201,105.88861,1.1973034,-0.9249332,113.08391,20.154337,8.127156,75.24944,-19.786085,11.497418,79.204025,16.79722
-12.557639,202.0339,15.005612,-10.027148,206.41551,13.905909,-16.415049,204.85744,12.725535,-3.774898,207.85081,5.3363194,-19.695234,204.04736,2.9486215,12.444795,197.24034,1.955152,-17.205698,188.89392,-13.438394,37.74216,191.22504,6.017414,-29.526804,175.16962,-32.783287,57.150726,189.9755,19.124722,-47.121944,165.65437,-47.63604,17.960575,143.38055,-1.1665761,-3.0300415,142.08557,-3.4107265,13.14237,105.782326,1.7649549,0.1854728,112.268616,20.176317,7.5411267,75.489006,-19.816072,13.187228,78.453026,19.290539
-12.703879,201.93275,14.853416,-10.176014,206.3216,13.782077,-16.601429,204.80095,12.704463,-3.9252086,207.7618,5.1864266,-19.848633,203.94768,2.8400168,12.354174,197.23897,1.5134017,-17.357967,188.79842,-13.496275,37.82032,192.4302,5.1121445,-30.386496,175.97433,-32.938366,57.70117,192.40703,17.48542,-48.532124,167.65033,-47.83519,17.994417,143.32358,-0.86860925,-2.8996606,141.78058,-2.741901,13.356432,105.58056,2.4496007,1.3774296,111.4865,20.042358,6.988832,75.748795,-19.793066,14.838634,77.68527,21.704079
-12.691564,201.78159,14.8103,-10.2326,206.17955,13.62177,-16.638231,204.53032,12.597076,-3.9804869,207.49207,5.010786,-19.97271,203.80566,2.8492513,12.174954,197.10611,1.0548248,-17.537064,188.52892,-13.53408,37.97831,193.55052,3.9872215,-31.210417,176.37761,-32.98668,58.076157,194.50494,15.963907,-49.987915,168.90009,-47.6224,18.006657,143.0903,-0.5760617,-2.7939844,141.49457,-2.1640682,13.52428,105.36954,3.0983136,2.4981983,110.59479,19.692219,6.6200733,75.96938,-19.730976,16.166342,76.90918,23.928593
-12.743308,201.50922,14.737306,-10.326337,205.88423,13.398619,-16.739359,204.19978,12.532596,-4.008512,207.10611,4.8908854,-20.04741,203.44563,2.8565543,12.01924,196.81451,0.49072814,-17.65834,188.2552,-13.422418,38.02591,194.1959,3.000172,-31.864529,176.92493,-32.965324,58.407444,196.10364,14.481,-51.282475,170.30801,-47.247208,18.128735,142.82271,-0.27764353,-2.6890855,141.14767,-1.6178,13.750194,104.949295,3.6826131,3.5425415,109.59461,19.347141,6.2155676,76.26739,-19.691427,17.26972,76.03989,25.804207
-12.644148,201.18619,14.658308,-10.179966,205.5003,13.179582,-16.62733,203.9068,12.461938,-4.0953455,206.66385,4.6176834,-20.107096,202.95557,2.8237815,11.828798,196.31665,-0.046782386,-17.757732,187.81287,-13.299474,37.84296,194.73152,2.512851,-32.464523,177.35509,-32.870506,58.567566,197.45268,12.949876,-52.42417,171.35309,-46.801105,18.251059,142.28958,0.015510346,-2.6307786,140.42316,-1.0163006,13.925278,104.4444,4.174693,4.6671863,108.271614,18.986748,5.7374554,76.459,-19.734476,18.110785,74.888435,27.387672
-12.558017,200.81805,14.642901,-10.079552,205.07613,13.048921,-16.53567,203.48756,12.3838215,-4.138611,206.0967,4.3919334,-20.1314,202.38638,2.8049762,11.728246,195.6318,-0.46015924,-17.907461,187.36223,-13.28761,37.68857,195.06282,1.992272,-33.035793,177.533,-32.79097,58.77067,198.29733,11.475154,-53.403976,172.5777,-46.516617,18.32421,141.64589,0.23431958,-2.5909305,139.67029,-0.2424511,14.244337,103.7899,4.637635,5.613119,107.12917,18.89958,5.366686,76.68522,-19.753841,18.645575,73.76572,28.540136
-12.501518,200.38437,14.551059,-10.060414,204.63521,12.86968,-16.515703,202.99782,12.297321,-4.121507,205.50189,4.160363,-20.137396,201.79594,2.7068667,11.617936,194.87318,-0.84761554,-17.915249,186.74615,-13.220092,37.53536,195.1075,1.5991607,-33.507847,177.56273,-32.606762,58.799286,199.05136,10.261357,-54.28777,173.69617,-45.925884,18.451548,140.94736,0.4956139,-2.4493597,138.81242,0.34411767,14.653803,103.15178,5.1137323,6.253789,106.06439,18.93092,5.0231423,76.791885,-19.905066,19.161901,72.85061,29.175224
-12.3347435,199.9846,14.51896,-9.882614,204.18327,12.737131,-16.335417,202.54109,12.160282,-4.0299034,204.85974,3.946199,-20.109974,201.30742,2.6949232,11.564194,194.00618,-1.1507219,-17.910295,185.96652,-13.089744,37.487736,194.89241,1.0922488,-33.976128,177.42027,-32.378304,59.01129,199.47733,8.823182,-55.24766,174.5587,-45.04033,18.466276,140.20845,0.6443864,-2.3919532,138.01776,0.88911676,14.9135475,102.42267,5.6490183,6.4813046,105.34339,19.163118,4.769532,76.94469,-20.016155,19.52481,72.479164,29.356686
-12.139244,199.47061,14.31179,-9.645654,203.61792,12.487331,-16.146875,202.0954,12.0601,-3.9210672,204.35843,3.7079859,-20.05618,200.82646,2.6612678,11.622152,193.26608,-1.3513716,-18.073893,185.27678,-12.77165,37.6075,194.71376,0.65672225,-34.466248,177.10463,-32.014744,59.356335,199.69516,7.528981,-56.135685,175.15582,-44.066162,18.571312,139.4368,0.72718674,-2.405551,137.29889,1.2072418,15.147253,101.63436,6.092273,6.461821,104.96788,19.669584,4.553817,76.970314,-20.1444,19.670206,72.33627,29.237864
-11.880668,199.17581,14.259878,-9.475862,203.30275,12.281739,-15.970566,201.691,12.026082,-3.7582026,203.88803,3.4951322,-19.921038,200.45181,2.7066371,11.841361,192.61005,-1.3439479,-18.181149,184.6617,-12.505191,37.787037,194.4396,-0.06369825,-34.905357,176.72556,-31.481688,59.687984,199.67372,6.078468,-56.97618,175.40836,-42.907753,18.693987,138.85,0.74181116,-2.365721,136.78632,1.2785857,15.267161,101.265915,6.4679956,6.1282277,105.102486,20.291965,4.419541,77.10144,-20.24931,19.609438,72.45652,28.923292
-11.516648,198.90654,14.234629,-9.240908,203.04126,12.105319,-15.70373,201.34567,12.082256,-3.5011063,203.60715,3.3268833,-19.679193,200.17174,2.797343,11.986146,192.30028,-1.4449879,-18.215403,184.14827,-12.1500635,37.961002,194.07391,-0.75495625,-35.293953,176.41434,-30.858717,60.05328,199.32947,4.573457,-57.62447,175.50449,-41.801956,18.777506,138.60374,0.69690895,-2.4254105,136.63713,1.1890571,15.181954,101.0863,6.7336664,5.53469,105.20584,20.881987,4.3242955,77.086655,-20.171274,19.381948,72.399704,28.560452
-11.095528,198.70032,14.277322,-8.906657,202.91724,12.210991,-15.342653,201.09018,12.19952,-3.262155,203.50992,3.279032,-19.393946,199.88841,2.9044852,12.101934,192.05714,-1.5894992,-18.122658,183.95505,-11.747763,38.11868,193.63622,-1.3461779,-35.668976,176.20497,-30.089037,60.460888,198.61037,2.718053,-58.275425,175.53616,-40.464413,18.725805,138.50566,0.540789,-2.5606568,136.56688,0.97837174,15.042055,101.04046,6.8176255,4.961236,105.266106,21.21556,4.191652,77.11988,-20.23069,19.026403,72.45219,28.325827
-10.7605915,198.77484,14.4252405,-8.620453,203.0049,12.3671055,-15.048348,201.10904,12.373604,-2.9912522,203.44493,3.3273666,-19.127752,199.8943,3.0352807,12.354287,191.90872,-1.7296296,-18.145466,184.04732,-11.11533,38.321083,193.18147,-2.0170982,-36.083004,175.97072,-29.178583,60.997227,197.55978,0.38773373,-59.03509,175.35992,-38.891476,18.650723,138.37822,0.3592446,-2.7772577,136.38072,0.8887017,14.943309,101.03635,6.752039,4.5136657,105.19516,21.24053,4.060802,77.14773,-20.377077,18.748117,72.42463,28.152348
-10.633138,198.79298,14.483662,-8.46442,203.07072,12.552351,-14.921504,201.35783,12.737169,-2.756033,203.60196,3.502287,-18.886055,200.07289,3.074368,12.577158,192.00931,-1.771364,-17.951935,184.27452,-10.754235,38.5223,192.96684,-2.9638076,-36.466835,175.92159,-28.277826,61.41519,196.75615,-1.3838974,-59.788242,175.09665,-37.154354,18.657461,138.40532,0.31764463,-2.8191953,136.35617,0.68724525,14.789376,101.104256,6.568249,4.2095475,105.06939,20.96257,3.9102376,77.19676,-20.5488,18.606083,72.45965,27.968739
-10.513915,198.9015,14.695203,-8.211296,203.18286,12.910837,-14.717031,201.65717,13.036519,-2.4731174,203.72746,3.8121958,-18.613325,200.41907,3.2113574,12.743445,192.1968,-1.9120692,-17.916584,184.39534,-10.545679,38.64435,192.71675,-4.0384655,-36.96605,175.92384,-27.505594,61.704144,195.91202,-2.7884884,-60.602524,174.69893,-35.369797,18.632107,138.6613,0.19010444,-2.8071725,136.5032,0.41167024,14.489524,101.271194,6.3581414,4.1702952,105.10365,20.452446,3.8301606,77.2922,-20.673964,18.606985,72.30776,27.755583
-10.405044,199.01076,14.92647,-7.931582,203.25674,13.321869,-14.486265,201.93819,13.239163,-2.1379955,203.91771,4.2157354,-18.304993,200.8287,3.4022658,12.848961,192.47745,-2.0250702,-17.982222,184.67386,-10.426653,38.72836,192.3396,-5.085729,-37.280308,176.07584,-26.847012,61.8201,195.1929,-3.883117,-61.238663,174.17337,-33.609936,18.433384,138.974,-0.05930851,-2.8865237,136.75412,0.118892305,14.276067,101.54319,6.061927,4.391433,105.07673,19.827436,3.6184523,77.364784,-20.786772,18.536842,72.31503,27.609837
-10.176688,199.25728,15.117564,-7.639675,203.53337,13.678727,-14.183663,202.20367,13.289442,-1.784584,204.26633,4.6188335,-18.023865,201.45935,3.6206527,12.956218,192.80876,-2.1226242,-18.12702,185.01085,-10.367353,38.720192,191.80182,-6.028261,-37.532444,176.14622,-26.415524,61.83688,194.66754,-4.465063,-61.88842,173.58339,-31.777224,18.35211,139.25621,-0.29361072,-2.9855297,137.01836,-0.15557465,14.092572,101.85279,5.647844,4.6592855,105.00542,19.03208,3.308219,77.48239,-20.921227,18.416412,72.28833,27.541315
-9.762822,199.74536,15.370191,-7.101644,203.935,13.905781,-13.662302,202.7277,13.387807,-1.2487184,204.53722,4.915603,-17.563917,202.06517,3.8500624,12.945841,193.15541,-2.269681,-18.424799,185.47586,-9.914968,38.492012,191.03905,-7.1285906,-38.041077,176.13405,-25.435822,61.67599,193.30423,-5.7684855,-62.483265,172.81883,-29.791859,18.199102,139.60341,-0.6675449,-3.1103222,137.28024,-0.4485238,14.068673,102.139725,5.2559533,4.9234858,105.14778,18.378153,2.9087148,77.43272,-21.047268,18.185047,72.3356,27.409191
-9.2386,200.1749,15.533732,-6.4466605,204.26518,14.02362,-13.034397,203.24936,13.494599,-0.79380107,204.88734,4.997027,-17.114136,202.54776,4.001197,13.008847,193.4424,-2.451126,-18.674856,185.85777,-9.634878,38.25445,190.39055,-8.1345215,-38.69574,175.89946,-24.318613,61.498894,192.15369,-6.4032145,-63.158028,171.81761,-27.701536,18.071102,139.75574,-1.156693,-3.2936509,137.48642,-0.6766688,13.969116,102.17298,4.654805,5.162866,105.05764,17.771034,2.4312506,77.3377,-21.294436,18.053333,72.27786,27.295671
-8.7041025,200.64343,15.69781,-5.8324256,204.67644,14.186928,-12.436438,203.77586,13.632526,-0.29829952,205.11862,5.0511394,-16.662445,202.95717,4.1630454,13.068053,193.62186,-2.6091664,-18.85329,186.23283,-9.46309,37.998295,189.5258,-9.129849,-39.307636,175.55759,-23.069613,61.3416,190.62325,-7.251086,-63.672577,170.56647,-25.500277,17.771849,139.86975,-1.783641,-3.481794,137.59254,-0.96289593,13.908148,102.22645,4.087041,5.3268123,105.07985,17.294424,1.9730312,77.33552,-21.532846,17.861221,72.3692,27.18955
-8.224054,200.99284,15.82085,-5.258883,204.95895,14.323337,-11.894409,204.22256,13.803407,0.22728296,205.36661,5.127245,-16.211296,203.41673,4.3418503,13.052249,193.59885,-2.8622248,-18.990501,186.52464,-9.307531,37.639507,188.49403,-10.05116,-39.812477,175.02261,-21.652887,61.018475,188.69847,-8.366758,-64.01191,169.05072,-23.25458,17.545185,139.94798,-2.4731472,-3.7195477,137.64143,-1.2076681,13.991198,102.24324,3.4592764,5.5265684,105.08144,16.845135,1.4484612,77.32212,-21.727324,17.674154,72.39959,27.18218
-7.552704,201.2924,15.936135,-4.636619,205.28448,14.435914,-11.270285,204.5173,13.982868,0.78978294,205.59604,5.1394467,-15.63371,203.82375,4.5449176,13.072611,193.5466,-3.1382651,-19.181705,186.81958,-9.044161,37.187912,187.38823,-11.030094,-40.33643,174.49055,-20.086882,60.580414,186.45874,-9.549061,-64.263954,167.31831,-20.835966,17.25694,139.8786,-3.2337384,-3.9741895,137.69937,-1.4775239,14.056297,102.16926,2.8028111,5.6447673,105.08937,16.357088,0.7553839,77.22079,-21.963146,17.505484,72.42928,27.159655
-7.0803065,201.42776,16.024998,-4.179969,205.42203,14.502332,-10.822466,204.71512,14.199212,1.2965851,205.81908,5.247929,-15.113102,204.11414,4.684299,13.245999,193.55663,-3.677966,-19.482899,187.01898,-8.620615,36.78779,185.9933,-12.337628,-40.763325,173.79846,-18.36461,60.120613,183.77321,-10.642925,-64.23936,165.48325,-18.405727,16.957413,139.816,-4.135379,-4.279946,137.59718,-1.6735169,14.077166,102.1374,2.1593153,5.7841053,105.06003,16.00757,0.2065862,77.21342,-22.209538,17.485111,72.3894,27.24225
-6.5139,201.64838,16.098057,-3.518842,205.5598,14.537958,-10.178028,205.01588,14.2764015,1.8387244,205.82878,5.2270737,-14.607782,204.41544,4.8121014,13.374543,193.32516,-4.278377,-19.83062,187.1506,-8.116229,36.262203,184.57974,-13.621809,-41.048607,172.94922,-16.608845,59.527645,181.02039,-11.59905,-64.031715,163.4587,-15.866323,16.680712,139.71245,-5.0040727,-4.612796,137.56728,-1.8153671,13.943578,102.15764,1.4315503,5.795875,105.11554,15.675202,-0.45501646,77.18674,-22.404655,17.374031,72.33501,27.256384
-5.8757935,201.82167,16.16032,-2.8422163,205.67357,14.522379,-9.510247,205.22914,14.357195,2.3781264,205.8061,5.149355,-14.093878,204.60347,4.958719,13.537901,193.06491,-4.9559345,-20.166992,187.3311,-7.5214987,35.68406,183.04594,-14.831871,-41.173088,172.05296,-14.790604,58.70415,178.2054,-12.714242,-63.55471,161.2411,-13.194138,16.320179,139.5978,-5.9122252,-4.9366555,137.65234,-1.9153152,13.583572,102.160255,0.61083853,5.7680464,105.18436,15.365048,-1.0135227,76.87317,-22.55507,17.191072,72.35044,27.267044
-5.228122,201.94003,16.202425,-2.1334662,205.70665,14.487608,-8.812312,205.42302,14.435162,2.8521895,205.77902,4.9942927,-13.599649,204.89517,5.1554966,13.6881075,192.68008,-5.7517385,-20.504173,187.4705,-6.8515625,35.048836,181.26213,-15.953852,-41.130707,171.04309,-12.981534,57.705044,175.25568,-13.561849,-62.69629,158.94292,-10.461579,15.966482,139.50108,-6.850667,-5.3588614,137.67679,-1.9884492,13.289772,102.19652,-0.25475654,5.6489887,105.24856,14.994743,-1.639447,76.55854,-22.813913,16.903608,72.49812,27.200174
-4.52896,201.93088,16.159039,-1.3969114,205.67455,14.461162,-8.082143,205.48225,14.475794,3.4659162,205.79121,4.886631,-13.055976,205.06891,5.265032,13.804516,192.36159,-6.893408,-20.80988,187.42255,-6.2184467,34.371826,179.3739,-16.835886,-40.872654,169.9265,-11.244905,56.60693,171.96442,-14.143775,-61.48648,156.42825,-7.6154323,15.361294,139.35216,-7.793223,-5.844822,137.64091,-2.1445684,12.870169,102.155495,-1.2145747,5.243638,105.28585,14.704268,-2.1564543,76.17364,-23.051188,16.509989,72.687485,27.203482
-3.925633,201.89769,16.010391,-0.7956752,205.65697,14.334248,-7.477955,205.48036,14.386376,4.034411,205.67197,4.7061844,-12.465184,205.1874,5.2149696,13.897378,192.01767,-8.088099,-21.05517,187.425,-5.5979,33.535545,177.43405,-17.661076,-40.38846,168.78128,-9.284851,55.18105,168.65236,-14.554162,-59.88756,154.11368,-4.5586395,14.7418785,139.28134,-8.778695,-6.3561535,137.68909,-2.4294975,12.566726,102.10002,-2.1197393,4.954481,105.33955,14.38374,-2.6571696,75.81291,-23.300142,16.097494,72.71405,27.33689
-3.3141944,201.89838,15.802145,-0.16031437,205.5894,14.015602,-6.84261,205.51671,14.209102,4.677117,205.4439,4.4100513,-11.853028,205.27966,5.041601,13.998609,191.56213,-9.30859,-21.19092,187.35886,-4.8539824,32.58128,175.51674,-18.457952,-39.779392,167.74821,-7.3559065,53.516113,165.31122,-14.698556,-57.91263,151.76385,-1.3769509,14.083509,139.10922,-9.784563,-6.906206,137.53654,-2.6948314,12.197499,101.98338,-2.9165642,4.5475216,105.32356,14.167651,-3.095321,75.43234,-23.550194,15.452966,72.715034,27.351938
-2.6132333,201.84532,15.449502,0.5628575,205.52914,13.69629,-6.1182356,205.51141,13.916561,5.229484,205.35382,3.980251,-11.26381,205.35945,4.803644,13.983575,191.01375,-10.412096,-21.255306,187.21335,-4.152254,31.583647,173.57213,-19.132051,-39.022408,166.77403,-5.4199986,51.624405,162.06128,-14.620839,-55.50865,149.5605,1.9386945,13.409833,138.86087,-10.835766,-7.4941506,137.43726,-2.9058516,11.734234,101.93339,-3.7333703,4.0419273,105.25375,13.977131,-3.6126003,75.11548,-23.70872,14.718432,72.710205,27.158875
-2.0008888,201.7444,15.056658,1.2386708,205.3795,13.320989,-5.4442277,205.48567,13.562888,5.7822504,205.25671,3.5246556,-10.685424,205.42531,4.4987288,13.987764,190.53511,-11.476549,-21.324306,187.11823,-3.4572582,30.423899,171.6324,-19.896944,-38.081627,165.7203,-3.4400117,49.440884,158.89917,-14.307953,-52.70934,147.49953,5.2854643,12.698704,138.72395,-11.955129,-8.141783,137.37134,-3.126595,11.349797,101.942,-4.6030345,3.5794766,105.39188,13.920562,-4.008367,74.77744,-23.766012,13.894519,72.70087,26.85954
-1.3606329,201.65991,14.553055,1.9294373,205.252,12.814539,-4.745947,205.47562,13.114646,6.379102,205.14723,2.9735284,-10.106911,205.47856,4.083221,13.858787,190.06042,-12.619712,-21.287691,187.10332,-2.8121793,29.220745,169.94832,-20.498686,-36.93605,164.81534,-1.2685179,47.066296,156.21313,-13.731126,-49.59389,145.72868,8.742283,11.912567,138.70744,-13.050097,-8.785332,137.38643,-3.3942156,10.979939,102.08816,-5.4227633,3.0189075,105.73332,14.0288725,-4.4529634,74.531265,-23.799978,12.903632,72.76117,26.287132
-0.7983887,201.65749,14.063711,2.544825,205.15187,12.243091,-4.1149645,205.55391,12.680462,6.9088244,204.98604,2.4493315,-9.523213,205.66017,3.6583343,13.7206745,189.82664,-13.726179,-21.100233,187.17014,-2.2342806,27.970354,168.61693,-20.96573,-35.523796,164.27411,0.7641004,44.573498,153.99374,-12.875137,-46.13329,144.55148,11.959509,11.079667,138.8475,-14.208668,-9.416119,137.61267,-3.68514,10.605092,102.179245,-6.1353645,2.315953,106.20181,14.278236,-4.912383,74.18072,-23.8373,11.803495,72.85908,25.571024
-0.24104825,201.57536,13.478507,3.1348145,205.07234,11.702351,-3.5219653,205.51692,12.14656,7.421553,204.95358,1.8898617,-9.015434,205.74146,3.1657753,13.433233,189.69164,-14.829354,-20.811445,187.35503,-1.7117188,26.500776,167.65771,-21.400166,-33.86293,163.97209,2.7829432,41.84434,152.61443,-11.758826,-42.12044,143.85204,15.167907,10.162905,138.91545,-15.338974,-9.890229,137.82326,-3.893112,10.155375,102.37954,-6.861983,1.687777,106.73337,14.6648,-5.3611517,73.91596,-23.79787,10.483873,72.998695,24.5933
0.20651582,201.65747,12.914695,3.6592119,205.08102,11.161614,-2.9855127,205.69171,11.63282,7.900899,205.0234,1.2974737,-8.517884,205.99986,2.6588552,13.004326,189.64337,-15.891929,-20.466105,187.59642,-1.2430725,25.111305,166.85811,-21.8186,-31.909016,163.75069,4.848474,39.13313,151.74426,-10.333159,-37.740208,143.39334,18.12824,9.111412,139.0359,-16.371058,-10.316489,138.09879,-4.018183,9.65565,102.59441,-7.526499,1.0136137,107.475494,15.15924,-5.8869696,73.79437,-23.76678,9.026118,73.29462,23.16787
0.6891215,201.96025,12.462188,4.1750197,205.33826,10.673575,-2.4581943,206.00893,11.135287,8.301885,205.03795,0.7365811,-8.122421,206.29788,2.241473,12.638804,189.66342,-16.815231,-20.031225,187.88733,-0.6121992,23.686436,166.15327,-22.087252,-29.932594,163.57503,6.6400495,36.419975,151.34142,-8.653245,-32.960365,143.29909,20.898848,7.9638925,139.37819,-17.440958,-10.846324,138.5944,-4.2249575,8.966116,103.11187,-8.19979,0.3160097,108.57693,15.682705,-6.322135,73.801094,-23.663689,7.5160007,73.85882,21.226616
1.1530224,202.28214,12.052091,4.6066055,205.62257,10.144422,-2.0254672,206.29044,10.690406,8.649227,205.17223,0.22214314,-7.723914,206.60707,1.8666841,12.099043,189.92691,-17.63189,-19.418213,188.30034,0.13141136,22.263283,165.89977,-22.035574,-27.836948,163.56035,8.356579,33.897366,151.78865,-6.7585716,-27.887106,143.76292,23.566643,6.637648,139.90569,-18.535284,-11.51118,139.24835,-4.674092,8.346197,103.72302,-8.839175,-0.39354077,109.918724,16.195292,-6.7259116,73.87391,-23.530502,5.8698916,74.75768,18.779419
1.5666604,202.6344,11.624609,4.9798737,205.96198,9.607242,-1.6387126,206.62885,10.260121,8.960472,205.38757,-0.2923224,-7.4099565,206.86461,1.5415753,11.535054,190.21501,-18.356176,-18.666475,188.67703,0.93691856,20.930607,165.69337,-21.855421,-25.738605,164.03812,10.109229,31.33868,153.08772,-4.5785594,-22.732662,144.88817,25.71866,5.3676734,140.41208,-19.473572,-11.924949,139.89319,-4.866871,7.6986966,104.217316,-9.4930105,-1.1390508,111.14531,16.54421,-7.1245365,73.84131,-23.46581,3.9972327,75.63418,16.039177
1.9582407,203.04024,11.259131,5.3610826,206.35411,9.210059,-1.2638984,206.97804,9.785861,9.190878,205.77583,-0.76915866,-7.1526384,207.32623,1.3114359,10.921078,190.74023,-18.894966,-17.893215,189.23619,1.5978073,19.769783,165.90717,-21.408989,-23.52969,164.7915,11.831845,29.020346,154.83635,-2.5134313,-17.656517,146.51843,27.538555,4.1401887,141.1719,-20.13696,-12.432508,140.7754,-4.9459887,6.971036,104.886765,-10.271023,-1.8862169,112.40964,16.625336,-7.433324,73.90765,-23.410442,1.9153775,76.87813,13.190926
2.3102345,203.47682,10.973629,5.7811675,206.69333,8.873988,-0.82216084,207.48108,9.488415,9.439516,206.22679,-1.1269314,-6.8502364,207.94281,1.1504453,10.352478,191.35826,-19.444618,-17.255531,189.99977,2.0885477,18.795788,166.49562,-20.733303,-21.676723,165.84146,13.410959,27.043531,156.94807,-0.5247851,-12.422227,148.91782,28.982178,2.9236891,142.05461,-20.712116,-13.252818,141.76843,-4.945655,6.29623,105.58856,-11.066951,-2.5946698,113.484924,16.572906,-7.6145215,74.04164,-23.306591,-0.4537466,78.0988,10.319882
2.6238363,203.98305,10.804416,6.1477976,207.12282,8.684571,-0.42057407,208.11816,9.487212,9.698821,206.71689,-1.3136185,-6.5400352,208.6735,1.075073,9.815939,192.06224,-19.72726,-16.77979,190.9555,2.5665114,17.944181,167.15152,-19.878292,-19.78563,167.03659,14.66562,25.349796,159.40895,1.2356049,-7.4868393,151.54037,29.684696,1.6730759,142.99728,-21.22031,-14.033582,142.95886,-4.9585667,5.533854,106.35911,-11.726633,-3.2272563,114.58982,16.352835,-7.709257,74.18264,-23.190767,-2.8043365,79.5634,7.4589105
2.954442,204.54178,10.79793,6.458319,207.6644,8.615367,-0.09755454,208.66077,9.448338,9.910129,207.15279,-1.4101784,-6.2922792,209.36131,1.1978389,9.3058815,192.8798,-19.829014,-16.450075,191.8756,3.165425,17.304523,168.07576,-18.898594,-17.958384,168.03304,15.47317,23.87818,162.29102,3.08324,-2.9800968,154.13158,29.644434,0.5593476,143.81657,-21.58624,-14.717548,143.95973,-4.9640326,4.731898,107.00304,-12.412463,-3.8258939,115.378525,15.937987,-7.8599544,74.37537,-23.04107,-4.920935,81.026764,4.777862
3.2772467,205.2419,10.907923,6.791034,208.26093,8.6052065,0.22425637,209.27657,9.335504,10.075024,207.68613,-1.4191678,-6.0630465,210.08975,1.441467,8.788362,193.73767,-19.93459,-16.232523,192.80992,3.8145893,17.101,169.13797,-17.775324,-16.128832,168.92418,16.16958,22.618504,165.3127,4.877381,1.2228277,156.62846,29.279745,-0.5369271,144.67528,-21.9961,-15.322019,144.92342,-4.9836826,3.7774894,107.66859,-13.151061,-4.4935765,116.00651,15.488309,-8.1097765,74.45512,-22.89775,-6.989044,82.27238,2.2379713
3.5580802,205.89507,10.99807,7.089851,208.86078,8.639043,0.53992575,209.9285,9.357115,10.270459,208.26492,-1.373907,-5.8236136,210.80313,1.5867437,8.324075,194.60588,-19.978092,-16.115261,193.73804,4.295508,17.035126,170.40503,-16.375605,-14.290433,170.10843,16.837833,21.579084,168.02469,6.693588,5.0613246,159.85667,28.755957,-1.5317705,145.56445,-22.373676,-15.837725,145.84149,-5.0306973,2.8610985,108.29402,-14.0053005,-5.1341705,116.41403,14.827093,-8.529018,74.563705,-22.736603,-9.057035,83.42539,-0.11707182
3.7184741,206.54906,11.073402,7.2674294,209.44688,8.660415,0.73155016,210.59645,9.42478,10.4143,208.9057,-1.3152652,-5.6767774,211.46887,1.6932149,8.036253,195.5147,-19.85468,-15.968183,194.65141,4.6992416,17.218267,171.79001,-14.800312,-12.644006,171.38907,17.543898,20.88498,170.36461,8.510102,8.341013,163.0455,27.935724,-2.3195126,146.34631,-22.661766,-16.38078,146.57405,-4.973179,2.0209637,108.85368,-14.904337,-5.7675247,116.62609,14.026641,-8.875286,74.74921,-22.61439,-11.0011635,84.556145,-2.443491
3.7936373,207.11821,11.129602,7.343494,210.02931,8.733899,0.84386325,211.2808,9.676407,10.460358,209.4432,-1.2594959,-5.5991826,212.12976,1.8397835,7.7738166,196.33537,-19.793432,-15.750842,195.53186,5.1155124,17.492208,173.20619,-13.2496805,-11.0826845,172.68547,18.113743,20.73983,172.64732,10.172023,11.065039,166.15042,26.87247,-3.0426848,147.03856,-22.829597,-16.789602,147.2193,-4.8236647,1.1058514,109.33269,-15.7510395,-6.3760247,116.527664,13.108783,-9.029745,74.71173,-22.404114,-12.947331,85.547104,-4.651197
3.8556676,207.66994,11.254451,7.4832582,210.50496,8.890062,1.0056353,211.88867,9.778402,10.444932,209.99973,-1.2101065,-5.54473,212.77957,1.977529,7.4724407,197.13745,-19.69035,-15.602218,196.38853,5.5820003,17.812822,174.67622,-11.880712,-9.732812,173.97223,18.746647,20.99106,174.66333,11.577127,13.445539,169.12982,25.669634,-3.6770597,147.65207,-22.882807,-17.16938,147.7213,-4.645843,0.12037146,109.68641,-16.502314,-7.1435637,116.214935,12.160186,-9.0439205,74.53807,-22.128067,-14.718043,86.203735,-6.6958413
3.9784958,208.16891,11.37792,7.6564865,210.98817,9.081404,1.1507007,212.34705,9.751712,10.545057,210.47725,-1.090473,-5.4024825,213.29837,2.0994203,7.2914615,197.8593,-19.558115,-15.477792,197.06955,6.1088567,17.85896,176.10535,-10.515791,-8.325173,175.15906,19.37745,21.072062,176.7365,12.869018,15.506299,171.69196,24.52513,-4.2244544,148.07654,-22.944973,-17.524897,148.04843,-4.428102,-0.7126906,109.92764,-17.260239,-7.9284368,115.64656,11.097839,-9.063809,74.349075,-21.958143,-16.399786,86.39257,-8.532914
4.1252027,208.59897,11.489861,7.799998,211.46872,9.239509,1.2580615,212.7174,9.790391,10.680506,210.89253,-0.98833877,-5.2714844,213.79903,2.2665746,7.1498947,198.5463,-19.506964,-15.298144,197.59831,6.5976233,18.00735,177.5336,-9.003621,-6.818957,176.10948,19.888739,21.071518,178.77116,14.132774,17.519032,174.1297,23.443495,-4.8273773,148.43468,-22.978428,-17.828272,148.18295,-4.228054,-1.6111691,110.13891,-18.020178,-8.704109,114.91168,9.910832,-9.245729,74.31623,-21.844975,-18.006319,86.047295,-10.189242
4.2929583,209.0584,11.6888485,7.9366903,211.91832,9.375255,1.3868982,213.11687,9.910032,10.921167,211.2536,-0.77152807,-5.053411,214.18184,2.3328798,7.0040174,199.0922,-19.379087,-15.153305,198.02863,6.9648175,17.8972,178.65694,-7.8482723,-5.338274,177.00865,20.293285,21.034157,180.51437,15.2517395,19.344757,176.4718,22.485996,-5.246362,148.5864,-22.896372,-18.078789,148.19363,-4.031022,-2.4867082,110.18509,-18.692608,-9.6906185,113.95164,8.451864,-9.420515,74.287254,-21.613472,-19.349863,85.07937,-11.522355
4.349628,209.3397,11.795512,8.000376,212.18538,9.476431,1.4705061,213.43881,10.069256,10.979747,211.54572,-0.64462656,-5.0024257,214.39133,2.4079497,6.933074,199.43457,-19.205122,-14.860208,198.49171,7.293078,17.793146,179.63867,-6.609319,-3.768768,178.07791,20.271845,20.896906,182.02951,16.331825,21.06167,178.53966,21.63102,-5.5477624,148.7323,-22.704905,-18.306826,148.05447,-3.856218,-3.305209,110.2052,-19.261007,-10.719212,112.85889,7.026589,-9.627408,74.29626,-21.43732,-20.347233,83.66884,-12.584987
4.411396,209.4733,11.860521,8.038741,212.38931,9.5865135,1.504427,213.59682,10.235149,11.0916605,211.70865,-0.55214083,-4.9362125,214.39317,2.432595,6.765716,199.661,-18.894365,-14.563994,198.6724,7.587243,17.896536,180.38092,-5.7458878,-2.1577106,178.9274,20.490463,20.72271,183.4506,17.083248,22.847279,180.16774,20.969255,-5.8682113,148.74123,-22.469772,-18.503378,147.87778,-3.6947496,-4.156919,110.06198,-19.656322,-11.970207,111.69852,5.432619,-9.994263,74.29169,-21.24411,-21.127571,81.61612,-13.420258
4.480133,209.45598,11.924481,8.07534,212.3772,9.604228,1.5483896,213.58432,10.366013,11.148652,211.76288,-0.47658837,-4.9189973,214.39432,2.5616348,6.5884233,199.7216,-18.679865,-14.130016,198.69835,7.9050217,17.935953,180.82005,-5.048066,-0.60414016,179.58162,20.870052,20.716726,184.41705,17.644348,24.324402,181.62225,20.36351,-6.2496333,148.62851,-22.256027,-18.745558,147.59906,-3.5334868,-4.819568,109.95469,-19.948502,-13.227751,110.58884,3.6802375,-10.179883,74.169174,-20.903784,-21.942474,79.27966,-14.073208
4.5625033,209.36201,12.016031,8.13444,212.27048,9.66102,1.6113807,213.47748,10.4611635,11.243562,211.71889,-0.3927768,-4.843277,214.23859,2.6302397,6.490813,199.64587,-18.572468,-13.748999,198.5835,8.290027,17.793526,181.20126,-4.4862385,0.6081316,179.9738,21.265043,20.681255,184.98265,18.12031,25.424952,182.5865,19.78451,-6.4854584,148.44716,-21.924332,-18.876604,147.37059,-3.4607491,-5.2285843,109.73841,-20.019516,-14.542315,109.66687,1.7893263,-10.173938,73.88809,-20.507504,-22.651388,77.26161,-14.654086
4.688078,209.13327,12.083952,8.248717,212.06947,9.73649,1.7331431,213.27647,10.612124,11.310827,211.52216,-0.33426976,-4.7552633,214.03865,2.7074506,6.354269,199.36623,-18.406675,-13.461361,198.30408,8.545282,17.520433,181.21863,-3.8744462,1.7004917,180.12889,21.481989,20.659424,185.35603,18.593977,26.403097,182.98819,19.099028,-6.5369897,148.23238,-21.459692,-19.081656,147.08727,-3.3578432,-5.357193,109.45855,-19.828787,-15.92424,108.87072,-0.15002659,-10.138241,73.56712,-20.062014,-23.363537,75.707375,-15.386542
4.847332,208.8489,12.141947,8.33689,211.83113,9.75693,1.8487514,213.01543,10.841357,11.388152,211.29659,-0.32100025,-4.674114,213.76627,2.848367,6.1358767,199.12262,-18.157482,-13.335072,197.97353,8.880732,17.29726,181.25146,-3.4130993,2.6299558,180.14684,21.39649,20.659128,185.18108,19.007345,27.185133,183.18756,18.217045,-6.4224358,148.03085,-20.958445,-19.391518,146.84506,-3.4160798,-5.2491984,109.25288,-19.354275,-17.27382,108.303215,-1.9837005,-10.030583,73.42962,-19.626926,-23.951738,74.609825,-15.859204
4.960907,208.73831,12.329203,8.499417,211.62878,9.891666,2.01262,212.89069,10.856163,11.475129,211.01648,-0.15990528,-4.612215,213.50752,3.0455453,5.8438478,198.82329,-17.908041,-13.225632,197.69371,9.312732,16.956821,181.09283,-3.0881386,3.5014684,179.9505,21.130562,20.557552,184.85083,19.35646,27.94122,182.92798,17.208597,-6.303813,147.77551,-20.58987,-19.803892,146.50311,-3.6068165,-5.133212,109.07502,-18.976784,-18.559822,107.98574,-3.556117,-9.7245455,73.408394,-19.176928,-24.38585,73.9286,-16.068327
5.143532,208.67192,12.600464,8.69301,211.49847,10.112568,2.210693,212.80963,11.051652,11.506801,210.78352,0.02145456,-4.5326533,213.3133,3.4016814,5.5773335,198.63979,-17.5577,-13.103865,197.31372,9.74945,16.352797,180.81436,-2.7107835,4.2755413,179.71536,20.62729,20.52092,184.22496,19.538122,28.515398,182.52776,15.8128395,-6.4031425,147.5928,-20.45828,-20.137877,146.23518,-3.844454,-5.2039113,109.14904,-18.71966,-19.415897,107.91152,-4.653891,-9.410523,73.43563,-18.829247,-24.588156,73.5217,-16.141504
5.4188156,208.65094,12.944084,8.929787,211.47499,10.388376,2.4405012,212.7317,11.331507,11.592048,210.56166,0.24299097,-4.374947,213.25421,3.8325055,5.307963,198.50119,-17.29052,-12.886841,197.00485,10.298481,15.456066,180.44704,-2.436154,5.048805,179.306,20.11999,20.23194,183.53998,19.595268,28.989756,181.687,14.110976,-6.5642567,147.44997,-20.498415,-20.475876,146.04614,-4.099005,-5.32999,109.23168,-18.563179,-19.944471,107.944565,-5.2459774,-9.19469,73.44666,-18.647717,-24.644611,73.368416,-16.083212
5.588384,208.70992,13.236485,9.026246,211.50447,10.562764,2.548024,212.74901,11.650052,11.593776,210.43079,0.42452538,-4.3112426,213.12706,4.146803,5.186747,198.37596,-17.05835,-12.772368,196.77184,10.80713,14.7569275,179.93698,-2.1480043,5.3644037,178.79364,19.530031,20.567747,182.3502,19.788723,29.27154,180.43184,12.793157,-6.774158,147.29274,-20.743793,-20.675442,146.04689,-4.2779922,-5.4517426,109.13922,-18.59157,-20.218767,107.90288,-5.5855203,-9.029108,73.40955,-18.496426,-24.670967,73.238815,-16.038015
5.6976595,208.71521,13.470151,9.142067,211.47198,10.756182,2.6992939,212.8035,11.938918,11.654623,210.50528,0.6527598,-4.284822,213.0888,4.4377427,5.338966,198.33742,-16.848995,-12.661036,196.59773,11.286078,14.144634,179.40125,-1.985367,5.514004,178.24753,18.948353,20.954609,180.70421,19.758787,29.160625,178.83162,11.374078,-7.089807,147.31288,-20.914814,-20.79017,145.95525,-4.2474985,-5.5072384,109.047714,-18.566917,-20.430466,107.85661,-5.564689,-8.955072,73.38197,-18.470238,-24.58787,73.19463,-16.024532
5.819041,208.65367,13.758381,9.225068,211.43587,11.025406,2.7737658,212.71008,12.232865,11.686153,210.37251,0.8805489,-4.191886,212.9449,4.725761,5.5160017,198.27701,-16.67523,-12.635559,196.44597,11.592675,13.51431,178.75836,-1.9500002,5.3409157,177.61171,18.379286,21.442394,178.64789,19.469015,28.76558,176.95192,10.111694,-7.190131,147.26115,-21.00485,-20.859518,145.90916,-4.1668615,-5.5785494,109.0187,-18.550673,-20.460814,107.781265,-5.335269,-8.717768,73.30196,-18.48716,-24.449007,73.17074,-16.005589
5.881344,208.4422,13.9971895,9.348084,211.27638,11.392448,2.8768494,212.53699,12.453427,11.77394,210.37015,1.1825018,-4.117594,212.90875,5.0206294,5.7652483,198.29715,-16.48763,-12.577903,196.20534,11.8024025,13.161411,178.04672,-2.201893,4.800057,176.46242,17.595274,21.248953,176.3814,19.139147,28.129168,174.76651,9.281701,-7.1071525,147.24593,-20.99483,-20.80119,145.8767,-4.0996737,-5.5026627,108.9611,-18.534185,-20.291153,107.67314,-5.032512,-8.37172,73.34838,-18.46746,-24.215681,73.11355,-16.046535
6.0148077,208.27087,14.371041,9.428328,211.16257,11.759607,2.9404235,212.31549,12.863218,11.843619,210.2909,1.5429543,-4.066955,212.68759,5.4235616,5.984368,198.26561,-16.26913,-12.4929285,195.91454,12.03299,13.287038,177.48328,-2.7623048,4.148414,175.24297,16.941853,20.433664,174.02332,18.701624,27.162455,171.88963,8.118009,-6.9848247,147.17783,-20.97761,-20.66438,145.82642,-3.978089,-5.2614827,108.86375,-18.566807,-20.030167,107.51815,-4.7632036,-7.9741893,73.32623,-18.404718,-23.768192,73.155975,-16.032995
6.0592275,208.17976,14.688721,9.488133,211.02037,12.0447445,2.9950776,212.19925,13.090002,11.909257,210.24606,1.8543689,-4.034743,212.50478,5.764047,6.305039,198.1585,-16.113855,-12.294444,195.55573,12.163813,13.60391,176.98993,-3.2819223,3.3948355,173.78757,16.396051,19.12708,171.73312,18.373974,25.94944,168.8797,7.3238273,-6.586836,147.161,-20.992039,-20.36427,145.78383,-3.8862734,-4.8785663,108.86773,-18.482178,-19.773224,107.395226,-4.489464,-7.598026,73.348366,-18.430738,-23.301893,73.22242,-16.023077
6.185617,207.96854,14.974626,9.625766,210.82358,12.363744,3.106472,211.93723,13.26898,12.090634,210.17882,2.196328,-3.9140747,212.2626,6.0398417,6.612922,198.09402,-15.897635,-12.120994,195.19101,12.312432,13.8974495,176.63902,-3.7249014,2.1351273,172.33862,15.783299,17.86637,169.03638,17.791063,24.281986,165.6457,6.689562,-6.237571,147.27303,-21.037552,-19.921566,145.8331,-3.7066503,-4.360415,108.95543,-18.34362,-19.392262,107.320305,-4.2074404,-7.126455,73.35834,-18.457293,-22.729008,73.20143,-16.044783
6.3063273,207.80305,15.239286,9.748274,210.60007,12.566146,3.2258072,211.73328,13.463625,12.233601,209.9963,2.4623554,-3.7675958,212.08582,6.255853,6.9313917,197.9201,-15.614423,-11.970767,194.96571,12.528042,14.171307,175.99738,-4.2112207,0.7714225,171.27693,15.4991045,16.739485,165.97719,16.543547,22.236557,162.4063,6.6888914,-5.6541934,147.21602,-20.948498,-19.474081,145.74944,-3.5926516,-3.6872377,108.97821,-18.333347,-18.957964,107.297325,-4.030528,-6.651247,73.3774,-18.515692,-22.201086,73.09717,-16.00049
6.4260874,207.6542,15.384058,9.872175,210.45728,12.721163,3.3404384,211.57439,13.5927105,12.436873,209.86159,2.6636195,-3.6056318,211.92384,6.3661194,7.316183,197.43481,-15.404386,-11.834375,194.61641,12.739525,14.322695,174.73215,-4.8538957,-0.7238745,170.07132,15.191058,16.12205,162.62297,15.003446,19.674,159.04027,7.3053846,-5.068965,147.05289,-20.773066,-19.033201,145.57428,-3.4389832,-2.974481,108.87269,-18.198889,-18.467978,107.173874,-3.841567,-6.1885333,73.38527,-18.47957,-21.613462,73.08432,-15.9767275
6.639219,207.53595,15.50052,10.038876,210.43619,12.882635,3.4850593,211.41563,13.758939,12.640597,209.7384,2.7503576,-3.4250596,211.75674,6.4638786,7.656923,196.90529,-15.148232,-11.855367,194.4923,12.849751,14.442815,173.54106,-5.5522423,-2.5929372,169.30966,14.810869,15.849925,159.23776,13.056962,16.750538,155.64288,8.460522,-4.4158306,146.9154,-20.576935,-18.457575,145.45747,-3.3457,-2.15826,108.72547,-17.915295,-17.884186,107.112305,-3.6097534,-5.718345,73.27582,-18.347233,-20.996391,73.173515,-16.039042
6.8069906,207.4642,15.608777,10.198126,210.38786,12.999687,3.6402056,211.32515,13.819164,12.841191,209.628,2.883061,-3.2151608,211.64612,6.5581937,8.066084,196.23782,-14.881023,-11.912048,194.35304,12.817937,14.4680395,172.183,-6.336385,-4.4220643,168.64977,14.561317,16.115366,156.05153,10.843971,13.34258,152.58932,10.048556,-3.7838445,146.57762,-20.339352,-18.001375,145.30917,-3.2763793,-1.2711911,108.55152,-17.461056,-17.281183,107.08446,-3.4415,-5.08094,73.18631,-18.309927,-20.510775,73.19746,-16.095043
7.0077305,207.3671,15.843947,10.463167,210.18835,13.217134,3.9293706,211.30315,14.074146,13.079157,209.34375,3.0968993,-2.9678268,211.49898,6.7102985,8.462307,195.46167,-14.528767,-11.934918,194.13866,12.887893,14.460365,170.95844,-7.2434626,-6.228997,168.08209,14.404326,16.670923,153.31354,8.232464,9.2048855,149.59952,10.674655,-3.1808586,146.37784,-19.920197,-17.582207,145.0726,-3.0809996,-0.35211226,108.458336,-16.887465,-16.603481,106.93549,-3.1948562,-4.4678125,73.08593,-18.177794,-19.95969,73.182274,-16.108223
7.2244263,207.30475,16.135,10.689258,210.10004,13.488324,4.1553054,211.2195,14.285361,13.32281,209.04709,3.3731833,-2.71844,211.32373,6.9275165,8.873859,194.79158,-14.143368,-11.969773,193.84203,12.9541025,14.324883,169.7014,-8.536634,-7.881996,167.28055,14.324367,17.63084,150.80515,5.443535,4.9328723,146.40729,11.065938,-2.5788617,145.86452,-19.468033,-17.21452,144.64845,-2.8434258,0.5647519,108.146774,-16.056759,-15.933325,106.71004,-2.8629804,-3.975991,72.9272,-17.969936,-19.4461,73.07744,-16.116192
7.584104,207.15175,16.399685,11.074569,209.8679,13.71186,4.539574,211.03972,14.473749,13.695205,208.8205,3.6295311,-2.3511813,211.1545,7.129861,9.377158,194.06737,-13.764004,-11.943893,193.52182,12.9847355,14.308177,168.41763,-9.88483,-9.745199,166.43579,14.243102,18.589111,148.55746,2.330399,0.11832602,143.64165,11.92383,-2.012483,145.34407,-18.886633,-16.927065,144.24857,-2.6844976,1.4631969,107.76448,-15.099337,-15.363956,106.36324,-2.5311255,-3.5213606,72.76374,-17.8415,-18.884281,72.983986,-16.134827
7.9678874,206.90436,16.578892,11.50442,209.6699,13.995895,4.9628825,210.83199,14.660659,14.09639,208.4995,3.8246608,-1.9571673,210.90685,7.3191285,10.021014,193.32341,-13.539668,-11.924033,193.29547,12.955685,14.345436,167.33604,-11.352992,-11.894868,166.06615,14.304272,19.587141,146.61899,-1.3268162,-5.233078,141.88985,12.946802,-1.3669533,144.84607,-18.105585,-16.666502,143.81505,-2.522037,2.4569128,107.43501,-13.789584,-14.811492,106.05806,-2.1998327,-2.9474082,72.606445,-17.61105,-18.140583,72.85428,-16.13843
8.421157,206.66936,16.789553,12.019823,209.42287,14.280839,5.477587,210.63411,14.86463,14.584538,208.36479,4.035652,-1.4552479,210.71898,7.4933143,10.751996,192.55968,-13.270857,-11.9567995,193.06525,12.796308,14.703223,166.16805,-12.970056,-14.257057,165.75609,14.528026,20.498693,144.35895,-5.4091,-11.156042,140.879,14.351168,-0.4590798,144.15552,-17.344604,-16.453707,143.25146,-2.469608,3.4509766,106.98101,-12.229908,-14.442053,105.67594,-1.8416933,-2.306307,72.531364,-17.43854,-17.421703,72.752464,-16.165125
8.892408,206.36348,16.997515,12.426979,209.2046,14.502228,5.8692427,210.2965,15.122173,15.07901,208.00908,4.2520576,-0.95919144,210.42189,7.666692,11.675819,191.88576,-13.015671,-12.113105,192.97157,12.540198,15.190798,165.35414,-14.672512,-16.758179,166.04936,14.750903,21.078026,142.7467,-9.892994,-16.704876,140.9654,15.961768,0.50971764,143.4729,-16.505594,-16.326231,142.86168,-2.424904,4.501848,106.653,-10.294394,-14.073777,105.395294,-1.6119922,-1.676081,72.58561,-17.129114,-16.612411,72.64229,-16.246363
9.364952,206.0433,17.190247,12.847226,208.91234,14.649242,6.2825184,209.9324,15.315768,15.600607,207.65367,4.4587297,-0.47305408,209.99165,7.823009,12.532696,191.29556,-12.831467,-12.254595,193.0863,12.004835,15.878546,164.82483,-16.474598,-19.041649,166.7765,15.130531,21.586815,141.70914,-14.403583,-22.058619,142.0722,17.694233,1.2677457,142.89433,-15.570375,-16.4162,142.55046,-2.3748174,5.4775915,106.55057,-7.9412203,-13.726141,105.20636,-1.4452671,-1.0681157,72.86203,-16.845776,-15.800322,72.591545,-16.379494
9.797363,205.62439,17.325552,13.310189,208.44304,14.761994,6.758066,209.54282,15.431898,16.085543,207.10495,4.623975,-0.007777971,209.45387,7.892871,13.377016,190.73636,-12.655221,-12.244567,193.17044,11.337261,16.480452,164.55951,-18.257315,-21.267723,167.90775,15.654429,22.019766,141.26147,-18.840935,-27.071146,144.07394,19.50765,1.8925099,142.57341,-14.569346,-16.707613,142.33751,-2.4393635,6.375237,106.625114,-5.3603606,-13.384571,105.11488,-1.2218587,-0.39922008,73.44482,-16.470018,-15.013525,72.54964,-16.72121
10.191907,205.21327,17.410242,13.693229,207.98528,14.785773,7.1383533,209.08618,15.451813,16.52996,206.55171,4.7067223,0.412348,208.9405,7.91143,14.049124,190.19806,-12.655915,-12.103371,193.11848,10.708636,17.156517,164.49532,-20.050306,-23.645136,169.30661,16.116034,22.810513,141.38655,-23.093687,-31.895224,146.5442,21.328762,2.4610713,142.3635,-13.75596,-16.92388,142.31781,-2.5128813,7.0596957,106.85918,-2.6586406,-13.091175,105.118286,-1.0623535,0.40736994,74.16537,-15.757686,-14.251307,72.63919,-16.871983
10.571481,204.7602,17.425499,14.057474,207.49905,14.751984,7.504327,208.60033,15.430198,16.952198,205.94894,4.766072,0.83937997,208.43568,7.8433685,14.647693,189.5696,-12.751851,-11.788697,192.99696,10.282007,17.904583,164.43983,-21.747316,-25.95076,170.8884,16.431093,23.630959,141.86539,-27.240158,-36.42691,149.49722,22.97454,2.851089,142.10202,-13.090567,-17.034943,142.30962,-2.641132,7.5413904,107.27192,0.27795213,-12.872461,105.095146,-0.86545724,1.1585165,75.12213,-14.683088,-13.585318,72.68783,-17.163143
10.872991,204.35011,17.432367,14.3705435,207.0166,14.691933,7.8286195,208.1713,15.372421,17.32815,205.50073,4.7956533,1.2046834,207.96788,7.745599,15.292565,189.0136,-12.827623,-11.787218,192.88283,9.554703,18.525644,164.53772,-23.474209,-28.037863,172.55623,16.650791,24.569613,142.86255,-31.133373,-40.537197,152.79851,24.435701,3.230503,141.77455,-12.26843,-16.97,142.12296,-2.822598,7.972151,107.75851,3.3341053,-12.7136755,105.04802,-0.7519487,1.831716,76.23452,-13.268321,-12.981226,72.724815,-17.46677
11.141599,203.86244,17.34067,14.614704,206.57378,14.623266,8.074071,207.70412,15.348495,17.74341,205.04973,4.7671075,1.6115459,207.56218,7.549854,15.772918,188.54121,-12.918763,-11.541812,192.78401,8.976814,18.942745,164.91249,-25.20845,-29.870104,174.66913,16.771276,25.566284,144.26683,-34.80874,-43.877514,156.49593,25.862434,3.4653502,141.35493,-11.481551,-16.78797,141.84805,-2.941585,8.093705,108.44355,6.339911,-12.80098,104.90254,-0.61283207,2.2817764,77.66313,-11.799672,-12.429729,72.81097,-17.808235
11.378646,203.44034,17.259027,14.8419895,206.19196,14.56525,8.308296,207.3252,15.352602,18.073145,204.7178,4.7340927,1.9300544,207.10535,7.3864574,16.194916,188.19608,-12.88881,-11.387881,192.79982,8.231208,19.394691,165.5288,-26.762491,-31.444586,176.89355,16.711721,26.741692,145.94035,-37.99725,-47.27404,160.99855,26.696198,3.768307,141.23654,-10.551306,-16.694126,141.76735,-3.0847228,8.1078825,109.19035,9.057003,-12.796349,104.670525,-0.45191666,2.7394874,79.10249,-10.233473,-11.882126,72.83511,-18.02359
11.603142,203.12677,17.180698,15.077373,205.90639,14.540054,8.531349,207.02449,15.318838,18.368992,204.36423,4.6806526,2.237816,206.843,7.24449,16.453876,188.03453,-12.904278,-11.268864,193.04796,7.428099,19.802858,166.55257,-28.273006,-32.668053,179.64206,16.46617,28.153505,147.92224,-40.57766,-50.492195,166.37009,26.836298,4.1332936,141.03096,-9.607612,-16.590782,141.6404,-3.109638,8.074392,109.894775,11.480862,-12.823566,104.624,-0.074231826,2.780053,80.43148,-8.4981365,-11.373187,73.05539,-18.131603
11.780896,202.88461,17.065914,15.373962,205.6724,14.588514,8.824002,206.82881,15.122444,18.601969,204.3079,4.5934663,2.4416518,206.68594,7.133736,16.671703,188.08286,-12.897989,-11.160096,193.33841,6.8320823,20.070414,167.74759,-29.556509,-33.75679,182.37422,16.096762,29.244068,150.74013,-43.25652,-52.971573,171.49084,26.905485,4.5649314,141.01141,-8.673686,-16.41687,141.66359,-3.0377483,7.827928,110.517456,13.600723,-12.776121,104.83489,0.26712394,2.559502,81.29322,-6.582065,-10.879576,73.34903,-18.201735
11.880878,202.91383,16.963333,15.524179,205.58899,14.434311,8.989907,206.90158,15.015412,18.765074,204.31454,4.5660634,2.5887978,206.73122,6.969904,16.92328,188.365,-13.0243635,-11.159889,193.71558,6.5466857,20.460773,168.93874,-30.6705,-34.824093,184.73047,15.5619335,30.532566,153.38911,-45.479782,-54.950882,176.36545,26.86411,4.894705,141.06296,-7.9580145,-16.198528,141.69783,-2.9057245,7.5935507,111.10304,15.324654,-12.609562,104.88403,0.47555536,2.0079758,81.70894,-4.329761,-10.418733,73.55513,-18.353817
11.92414,202.95749,16.741734,15.604711,205.62503,14.262195,9.07851,206.95981,14.7362795,18.896631,204.44542,4.389159,2.701219,206.93118,6.754978,17.16759,188.72685,-13.066346,-11.193471,194.14777,6.2377944,20.845963,170.1406,-31.72787,-35.66368,187.22777,15.040913,31.939426,155.98178,-47.109272,-56.500095,181.09654,26.65224,5.2689576,141.2408,-7.3003144,-16.097149,141.95036,-2.6835408,7.3127923,111.71876,16.797441,-12.366115,105.04209,0.62380767,1.1217813,81.98956,-1.8023441,-10.041213,73.6452,-18.546856
12.084078,203.13004,16.504751,15.753516,205.86993,14.092365,9.187184,207.04094,14.391698,19.015581,204.75815,4.140015,2.810583,207.11005,6.5784845,17.242384,189.09329,-13.210898,-11.285794,194.67778,5.9409857,21.236769,171.59894,-32.64301,-36.305046,189.75224,14.534187,33.444492,158.89224,-48.335136,-57.655487,185.65446,26.164604,5.3799825,141.48076,-6.8175707,-16.071634,142.22452,-2.4065633,6.9424405,112.26866,17.913359,-12.151942,105.21621,0.88575923,0.0010817008,81.68673,1.0294844,-9.628189,73.76107,-18.762514
12.08721,203.38737,16.224827,15.851415,206.06361,13.887265,9.2835655,207.24792,13.908685,19.097506,204.97728,3.919642,2.8697388,207.3696,6.2134156,17.1276,189.38248,-13.469893,-11.272757,195.23436,5.5666046,21.490118,172.7453,-33.490253,-36.60246,192.35577,14.204301,35.1449,161.37556,-49.09959,-58.407673,190.049,25.555126,5.385555,141.94698,-6.2107744,-15.969773,142.56776,-2.0699384,6.4471893,112.647606,18.718164,-11.985389,105.44498,1.0414938,-1.1540163,81.055405,4.102646,-9.392727,74.09634,-19.001722
11.986095,203.77454,15.951076,15.8273945,206.33765,13.616036,9.275775,207.61928,13.501455,19.112062,205.23592,3.6811874,2.8696578,207.62227,5.8098116,16.927658,189.61804,-13.775686,-11.243414,195.82402,5.2234974,21.750114,173.67284,-34.350094,-36.69398,194.76698,13.888544,36.829906,163.39877,-49.554306,-58.915867,193.86122,24.803404,5.3489027,142.3836,-5.7079487,-15.853883,142.97131,-1.7265699,5.963682,112.94742,19.29903,-11.686477,105.74672,1.1602584,-2.5533643,80.30342,7.4812975,-8.94426,74.4755,-19.300995
11.981098,204.07918,15.556118,15.889605,206.60602,13.286266,9.356151,207.9618,13.072232,19.145697,205.42447,3.3457973,2.9529672,208.03838,5.3712273,16.771261,189.88846,-14.085215,-11.240393,196.33894,4.8776293,21.954473,174.51288,-35.00381,-36.547256,196.9154,13.748997,38.206257,165.75171,-49.802567,-59.135494,197.47609,23.928265,5.254302,142.89447,-5.1188674,-15.811933,143.51756,-1.271745,5.3493805,112.92049,19.522738,-11.50255,106.04058,1.3965147,-3.9858377,79.419235,10.7997875,-8.63773,75.10614,-19.62337
11.972387,204.35085,15.149579,15.943614,206.83904,12.944578,9.432969,208.31161,12.703887,19.174778,205.65077,2.9430313,3.0170505,208.35075,4.927604,16.65507,190.21161,-14.369943,-11.201636,196.98613,4.493003,22.191463,175.4682,-35.506065,-36.482433,198.93494,13.215726,39.44934,168.0067,-49.875797,-59.175415,200.67142,23.022936,5.231166,143.25618,-4.5824614,-15.802702,143.89806,-0.8823337,4.621737,112.80929,19.58881,-11.296839,106.31698,1.8424996,-5.3053823,78.56503,14.150386,-8.425166,75.61059,-19.765442
11.865626,204.5171,14.715834,15.88048,207.08247,12.686663,9.387865,208.6134,12.422095,19.1752,205.8531,2.5732458,3.0126193,208.71727,4.5398946,16.484192,190.58075,-14.518349,-11.220285,197.49933,4.074736,22.583485,176.54288,-35.88807,-36.319557,200.60527,12.6322365,40.524475,170.22928,-49.931572,-59.031044,203.4732,22.201065,5.297062,143.3212,-4.189674,-15.718088,144.01566,-0.4532188,4.0255566,112.33747,19.339836,-11.0873995,106.38173,2.3285027,-6.5381017,77.673515,17.296593,-8.322088,75.999756,-19.82982
11.821136,204.71754,14.359646,15.834057,207.31874,12.375367,9.327551,208.88968,12.227599,19.133156,205.86874,2.1934402,2.9620626,208.86194,4.1604013,16.398539,190.67245,-14.710993,-11.136223,197.81328,3.6997108,23.0024,177.02863,-36.102917,-36.15915,202.0472,12.08823,41.731457,172.15306,-49.696712,-58.841347,206.08183,21.28186,5.2921085,143.24979,-3.9379885,-15.64938,143.96924,-0.046470236,3.3408198,111.66883,19.00669,-11.028228,106.330215,2.9150224,-7.7719207,76.93973,19.997913,-8.25704,76.45341,-19.810797
11.808788,204.58682,14.073497,15.793751,207.23387,12.0945,9.288007,208.79128,12.0386,19.114328,205.85768,1.9453508,2.906659,208.72926,3.885949,16.340734,190.45227,-14.843464,-11.041525,198.03032,3.3437011,23.352924,177.57332,-36.469204,-35.8744,203.13608,11.556248,42.682552,173.85858,-49.587482,-58.472584,208.16536,20.441908,5.262062,142.8012,-3.7146585,-15.585304,143.79411,0.39051697,2.5580769,110.63333,18.554226,-11.024079,106.09889,3.597294,-8.994362,76.17319,22.467245,-8.115626,76.749596,-19.77423
11.7995,204.43121,13.89527,15.829144,206.95381,11.844236,9.370601,208.6623,11.793716,19.147993,205.69328,1.7614225,2.9727504,208.55307,3.5786998,16.41407,190.13603,-14.836932,-11.095899,197.99446,2.9998744,23.587915,177.86995,-36.920258,-35.652966,203.9935,11.047167,43.497128,175.30688,-49.488316,-58.102406,209.96213,19.722603,5.1395836,142.18996,-3.335025,-15.552415,143.31554,0.855463,1.6412612,109.39056,18.167753,-11.010609,105.6022,4.3153877,-10.179614,75.24998,24.35544,-7.806037,76.708984,-19.756502
11.765375,204.14476,13.765852,15.781218,206.65448,11.665565,9.303104,208.30966,11.57999,19.114544,205.37263,1.6510271,2.9885771,208.19894,3.3472023,16.536882,189.64342,-14.943657,-11.079749,197.88127,2.6989417,23.902151,177.93979,-37.314568,-35.49391,204.75107,10.53888,44.15369,176.60283,-49.413918,-57.82006,211.5723,18.949614,5.070447,141.50896,-2.979763,-15.502179,142.86505,1.317737,0.9498562,108.15165,17.936062,-11.012603,105.005615,5.1116757,-11.194822,74.38374,25.7116,-7.4625163,76.58221,-19.622244
11.650358,203.76079,13.638896,15.628014,206.22928,11.431276,9.154302,207.92961,11.493104,19.10734,204.81564,1.5599297,2.95622,207.65579,3.100219,16.763868,189.04585,-14.930605,-11.119849,197.55904,2.4632967,24.381882,177.94551,-37.487312,-35.35388,205.25339,9.956285,44.69918,177.49545,-49.413525,-57.55265,212.84602,18.037176,5.0671926,140.83363,-2.5221574,-15.533995,142.35208,1.7991256,0.42059928,107.169876,17.910515,-11.061503,104.43332,5.970242,-12.0568905,73.65926,26.432344,-7.150184,76.57739,-19.43881
11.514029,203.24933,13.602898,15.454824,205.59932,11.19902,8.994606,207.36957,11.424186,19.000505,204.24858,1.4646292,2.8357072,207.07106,2.954283,16.76643,188.41022,-14.931845,-11.213437,197.06792,2.262015,25.0724,177.80956,-37.452435,-35.257893,205.42976,9.527519,45.432938,178.16661,-49.21115,-57.248676,213.72646,17.290983,5.066537,140.16747,-2.2179043,-15.580259,141.68764,2.2041578,0.12874578,106.53178,18.10319,-11.184478,103.8478,6.6432023,-12.677648,73.30573,26.49628,-7.10433,76.710365,-19.359028
11.324388,202.72858,13.477369,15.216614,205.08092,11.0014925,8.766083,206.83665,11.322954,18.870205,203.52084,1.3806846,2.7662137,206.49211,2.7365277,16.665829,187.472,-14.863496,-11.322541,196.46141,2.0953207,25.885546,177.52502,-37.211933,-35.333363,205.31621,9.059382,46.255707,178.69751,-48.81531,-57.096607,214.23506,16.76595,5.0630193,139.6318,-1.9314703,-15.62825,141.1236,2.4816623,0.10721358,106.09213,18.410774,-11.259984,103.2801,7.2806697,-13.078703,73.27475,26.2039,-7.2013702,76.77318,-19.394474
11.021627,202.19945,13.258777,14.908812,204.69438,10.923025,8.433195,206.35977,11.228245,18.745352,203.05232,1.2970508,2.5616972,205.90857,2.4491577,16.750507,186.92123,-14.712904,-11.545966,195.75928,1.9644043,26.774199,177.26912,-36.821384,-35.47131,204.97357,8.523503,47.230152,178.95302,-48.1158,-57.152615,214.25752,16.164305,4.9667363,139.13484,-1.7022023,-15.736845,140.58194,2.6024199,0.36719865,106.0515,18.870909,-11.448627,102.90459,7.736375,-13.145788,73.35781,25.821243,-7.2583275,76.95086,-19.48712
10.620428,202.06241,13.296525,14.569559,204.43803,10.929237,8.091894,206.10918,10.978388,18.460564,202.53604,1.344946,2.3009129,205.48157,2.2746005,16.76869,186.32954,-14.621146,-11.751371,195.16528,1.819553,27.754227,176.9962,-36.325336,-35.66364,204.62868,7.941461,48.404453,178.88002,-47.234287,-57.339073,213.91295,15.451171,4.901864,138.71516,-1.4964134,-15.908558,140.01567,2.5970697,0.7785907,105.997505,19.248676,-11.534504,102.495384,7.9940352,-13.096072,73.42946,25.409283,-7.357966,76.987305,-19.607763
10.483867,201.75163,13.323067,14.41263,204.1412,10.937502,7.9254413,205.79346,11.048449,18.19902,202.31725,1.3124214,2.0651643,205.18384,2.3393152,16.651098,186.01254,-14.592055,-11.933116,194.662,1.6728072,28.657076,176.73495,-35.653255,-35.986526,204.22165,7.294477,49.6037,178.77031,-46.056137,-57.758785,213.27434,14.725643,4.842055,138.43112,-1.3189731,-16.091434,139.64748,2.441677,1.0956305,105.81372,19.297178,-11.64204,102.221344,8.022548,-13.083236,73.370346,25.066746,-7.4405465,76.975296,-19.86141
10.3717165,201.72862,13.345632,14.321522,204.10512,10.982124,7.8302236,205.73613,10.992614,18.078829,202.32147,1.2685357,1.8918747,205.0267,2.3654964,16.565424,185.80602,-14.467817,-12.00337,194.54652,1.4966003,29.54289,176.66537,-34.88633,-36.329884,203.75987,6.7296467,50.80084,178.4882,-44.58117,-58.352833,212.45915,14.054504,4.6622233,138.20988,-1.3031666,-16.298307,139.50368,2.2149777,1.193673,105.57732,19.22116,-11.77643,102.10092,7.8394184,-13.073791,73.22003,24.858727,-7.4245973,76.980995,-20.130953
10.304993,201.58559,13.402948,14.209543,204.11786,11.131295,7.709286,205.71704,11.355386,18.011698,202.5572,1.3788273,1.8407617,205.04277,2.4444406,16.638783,185.84737,-14.259358,-12.112244,194.56209,1.3163776,30.33579,176.50479,-34.041832,-36.733513,203.24844,6.2217674,51.961884,178.11214,-42.82166,-59.01486,211.33865,13.299061,4.4359727,138.24442,-1.4794947,-16.44849,139.59836,1.7965628,1.0157833,105.378784,18.812649,-11.785577,102.16857,7.4564075,-12.952282,73.064026,24.5929,-7.4175296,77.00708,-20.606281
10.372228,201.55305,13.449506,14.217283,204.24025,11.273559,7.7195415,205.79999,11.706969,17.98757,202.82555,1.4634339,1.7663605,205.32808,2.7039328,16.705677,186.12308,-14.019864,-12.176759,194.6265,1.291465,30.823198,176.24837,-33.28892,-37.120197,202.55173,5.5862813,52.917137,177.60881,-41.072857,-59.69743,210.07784,12.415368,4.256044,138.30054,-1.6880261,-16.472942,139.86255,1.4139503,0.67206144,105.27564,18.286108,-11.7697525,102.40297,6.923755,-12.918702,73.01297,24.466263,-7.281317,77.083305,-20.910923
10.354641,201.75006,13.634474,14.207228,204.48067,11.511366,7.7242427,206.05261,11.998509,17.960115,203.11894,1.6830378,1.748987,205.70723,2.9983342,16.764278,186.58455,-13.774142,-12.156127,194.9732,1.1914405,31.391819,176.04933,-32.368713,-37.557747,201.87119,4.8683553,53.7522,176.8681,-39.251907,-60.547363,208.55054,11.335861,4.1455235,138.54492,-1.9028828,-16.459173,140.12921,1.0010571,0.3597917,105.38042,17.594646,-11.840796,102.678055,6.3113127,-12.810872,72.98165,24.31754,-7.036748,77.015686,-21.148287
10.2241,202.3061,13.9900875,14.083842,204.89958,11.724218,7.607726,206.5377,12.153233,17.852232,203.60703,2.032392,1.6100737,206.12292,3.327406,16.985226,187.01404,-13.421164,-12.131482,195.33997,1.0994632,31.940426,175.97673,-31.440691,-37.895973,201.04384,4.1449523,54.59822,176.07648,-37.378723,-61.29164,206.82939,10.224045,4.1582007,138.84514,-2.1748,-16.384007,140.45314,0.50168383,-0.032510694,105.38797,16.836056,-11.829358,102.87992,5.546066,-12.793224,72.94251,24.230288,-6.7018533,76.840904,-21.39451
9.977377,202.89871,14.507472,13.777823,205.38712,12.024731,7.293665,206.99979,12.5087385,17.719685,204.17783,2.5467238,1.4584248,206.57423,3.7383654,17.359634,187.50946,-13.048532,-11.970964,195.47025,0.9061169,32.562153,175.7067,-30.56416,-38.06799,200.13326,3.2659233,55.547504,175.1699,-35.3432,-61.871628,204.88933,8.801805,4.1951118,139.21063,-2.485822,-16.388615,140.69344,-0.122218564,-0.34662357,105.3176,15.997683,-12.008154,103.11153,4.781014,-12.785091,72.88832,24.216793,-6.4523106,76.80206,-21.731432
9.840375,203.33064,14.903627,13.545636,205.84785,12.308524,7.04598,207.35658,12.905657,17.521374,204.73576,2.8805168,1.2108657,206.96289,4.2383327,17.752422,188.08821,-12.512964,-11.874982,195.6267,0.6764151,33.176014,175.47632,-29.6182,-38.32696,198.692,1.8918638,56.46952,174.07913,-33.101624,-62.34282,202.77818,7.2312584,4.287016,139.48915,-2.8097467,-16.418133,140.97372,-0.6836618,-0.7067251,105.42996,15.247128,-12.377407,103.36841,4.1034737,-12.778085,72.918755,24.226906,-6.0240927,76.80665,-21.887508
9.720313,203.48378,15.121909,13.286615,206.30995,12.666121,6.723273,207.46115,13.302941,17.27071,205.16946,3.081557,0.9572175,207.10806,4.5399733,18.122778,188.41966,-11.913694,-11.893053,195.58118,0.47331986,33.86041,175.1547,-28.313528,-38.542034,196.83835,0.39390913,57.308647,173.10127,-30.58768,-62.80324,200.22684,5.4312706,4.4224176,139.7212,-3.153538,-16.342773,141.2735,-1.2864853,-1.1090676,105.52724,14.602959,-12.672924,103.66826,3.387702,-12.654681,72.98142,24.325758,-5.654609,76.75907,-22.072493
9.440893,203.77745,15.359109,12.865124,206.8179,12.959066,6.2393913,207.57254,13.50201,17.016554,205.676,3.3473828,0.649633,207.21432,4.7971644,18.441143,188.80869,-11.578334,-11.932474,195.52385,0.25343707,34.732464,174.73952,-26.539795,-38.633102,195.2486,-0.67711055,58.23195,172.08913,-27.855892,-63.211655,197.3625,3.5051825,4.446723,139.84863,-3.6146054,-16.281258,141.5117,-2.000698,-1.46135,105.61582,14.023699,-12.837903,103.93874,2.4725277,-12.549545,73.0319,24.307283,-5.156585,76.7579,-22.260427
9.080084,203.93361,15.523876,12.465866,207.10556,13.251327,5.8072534,207.66986,13.680761,16.73399,206.04173,3.5839498,0.30350196,207.15482,4.9124217,18.703436,189.12521,-11.476269,-12.039754,195.4674,0.06657554,35.645325,174.40947,-24.70458,-38.69401,193.91719,-1.3512018,59.123657,171.0466,-24.923494,-63.40115,194.1635,1.6536984,4.4745736,139.85333,-4.18101,-16.1861,141.70311,-2.8511686,-1.8593795,105.71175,13.5350485,-13.138249,104.10722,1.5580024,-12.502436,72.996826,24.226349,-4.5166078,76.75863,-22.504288
8.575979,203.85837,15.607975,11.960634,207.18922,13.561601,5.2848053,207.6155,13.833961,16.383396,206.25809,3.8303597,-0.09716188,207.04135,4.9120297,19.030413,189.20667,-11.150999,-12.148187,195.47363,-0.08461353,36.53163,173.81625,-22.750568,-38.584087,192.05786,-2.4758275,59.89797,169.67108,-21.60602,-63.36844,190.67134,-0.23768365,4.472945,140.08176,-4.9422903,-16.124804,142.02744,-3.7326775,-2.2429857,105.92555,13.109363,-13.44601,104.37976,0.70673335,-12.365103,72.97874,24.074694,-3.7609942,76.89419,-22.656036
8.090067,203.6733,15.656114,11.409223,207.13614,13.728265,4.7277884,207.39204,13.935574,15.999522,206.30101,4.001517,-0.5058875,206.86275,4.893484,19.415388,189.13217,-10.67003,-12.408648,195.24919,-0.83475864,37.276917,173.09471,-20.674313,-38.462074,189.75041,-3.5313158,60.39009,168.21553,-18.045399,-63.11242,186.81645,-1.8610349,4.480458,140.20522,-5.1849093,-16.13885,142.18636,-4.9579043,-2.42034,106.085144,12.753506,-13.715458,104.52509,-0.28219104,-11.951942,73.01175,23.892044,-3.0738342,76.80456,-22.81865
7.5124803,203.49232,15.734028,10.798375,206.99875,13.818243,4.1076765,207.12222,13.928197,15.496963,206.2085,4.173896,-1.0294366,206.62361,4.8784957,19.82827,188.77,-10.104613,-12.735937,194.83409,-1.7825704,37.984875,172.13301,-18.402887,-38.29022,187.52287,-4.9816566,60.633865,166.68724,-14.049109,-62.58829,182.77628,-3.4344885,4.576362,140.17604,-5.2615933,-16.041206,142.09856,-6.528593,-2.3941905,106.19775,12.635976,-13.8093605,104.57107,-1.2916868,-11.545111,73.11165,23.758446,-2.5051196,76.6012,-23.090082
6.812911,203.27074,15.69918,10.043093,206.88344,13.884649,3.3516037,206.8387,13.858894,14.897942,206.03778,4.2153344,-1.6430447,206.27565,4.7422166,20.310076,188.45863,-9.593659,-12.964188,194.21098,-2.7875087,38.608284,170.96426,-16.172436,-38.00685,185.36282,-6.476656,60.49442,164.98145,-9.578639,-61.848484,178.67712,-4.8312597,4.829315,140.08862,-5.54525,-15.847433,142.05025,-8.012161,-2.2937784,106.46195,12.746555,-13.799387,104.62982,-2.169986,-10.923288,73.19444,23.39646,-2.0211897,76.43218,-23.375734
5.8924704,202.97296,15.627448,9.195986,206.55498,13.871187,2.5199032,206.54858,13.647045,14.253096,205.8768,4.350744,-2.2514482,205.89903,4.41374,20.85067,187.87766,-9.237601,-13.198763,193.48593,-3.8767047,39.081566,169.69928,-13.931367,-37.57302,182.99014,-8.09929,59.915997,163.23929,-4.7997622,-60.738575,174.36192,-6.088892,5.1213484,140.02644,-5.8665276,-15.710845,141.88515,-9.375629,-2.0461617,106.88158,13.183077,-13.588834,104.54544,-3.057519,-10.044303,73.25795,22.942905,-1.6790841,76.11727,-23.702852
4.9963856,202.54666,15.379415,8.306526,206.18678,13.763319,1.646999,206.06357,13.247251,13.666329,205.60277,4.3932347,-2.787865,205.40245,3.892319,21.322474,187.23509,-8.786881,-13.4807,192.61882,-5.1670423,39.33278,168.39346,-11.512193,-36.987698,180.31844,-9.662146,58.702114,161.53479,0.19202721,-59.433388,170.01189,-7.0507317,5.5025115,139.84283,-6.1592703,-15.367842,141.64828,-10.655195,-1.6008061,107.439186,13.901059,-13.317325,104.5179,-3.9247918,-9.0247555,73.4277,22.176367,-1.4757403,75.6746,-24.026741
4.0895615,202.09264,15.048915,7.4708953,205.73033,13.59087,0.8398911,205.56972,12.72703,12.99471,205.27913,4.254225,-3.4509728,204.88496,3.3662252,21.79785,186.86607,-8.090128,-13.751439,191.71196,-6.577549,39.314,167.08333,-8.923419,-36.260952,177.6454,-11.090426,56.84483,159.76758,5.2913313,-57.791737,165.79987,-7.830468,6.020075,139.7209,-6.55205,-14.921589,141.33153,-11.982789,-1.16375,108.13857,14.813503,-12.940989,104.32713,-4.7227836,-7.941179,73.58607,21.033428,-1.1492028,75.17306,-24.355913
3.290662,201.5755,14.629405,6.621812,205.2838,13.242541,0.030235358,204.98897,12.217493,12.357209,205.07428,4.0708914,-4.078623,204.42467,2.8767521,22.052921,186.44014,-7.408421,-13.854803,190.8549,-8.203473,38.872204,166.07439,-6.1307926,-35.39177,175.10246,-12.217167,54.55952,158.54015,9.922203,-55.814877,161.67574,-8.2361965,6.6453037,139.73425,-6.841347,-14.344945,141.01561,-13.299493,-0.72458154,109.273926,15.772253,-12.515603,104.31695,-5.403625,-6.6945276,74.20566,19.629099,-1.0101411,74.75733,-24.620121
2.572402,201.13295,14.192682,5.799482,204.98834,12.96429,-0.76359695,204.48445,11.792254,11.706079,204.9908,3.834417,-4.703946,204.02594,2.4081867,22.075905,186.28235,-6.7548604,-13.786436,190.22917,-9.77963,38.200077,165.57515,-3.484094,-34.293118,172.99489,-13.121797,51.73064,157.93286,14.366105,-53.36149,157.88637,-8.403441,7.159071,140.01054,-7.2294006,-13.75115,140.8804,-14.515143,-0.35471168,110.64011,16.628012,-11.907055,104.48145,-5.96309,-5.50318,75.01659,17.857428,-0.8189722,74.43826,-24.791916
1.8916955,200.81711,13.757173,5.0704193,204.73228,12.611753,-1.4682457,204.11133,11.338398,11.101342,204.8923,3.563407,-5.293437,203.75235,1.9288388,21.947874,186.2541,-6.155226,-13.653174,189.71243,-11.203861,37.155834,165.39279,-0.8497026,-33.000572,171.029,-13.954305,48.136265,157.55313,18.722347,-50.625446,154.4563,-8.315299,7.8388386,140.2884,-7.6291246,-13.019116,140.75815,-15.630779,0.0061158123,112.06596,17.335299,-11.22592,104.56905,-6.3852386,-4.26164,76.034256,15.724963,-0.60083187,74.17218,-24.858643
1.4252127,200.51688,13.306686,4.533214,204.51729,12.229799,-1.977496,203.77876,10.894919,10.5818405,204.87422,3.238316,-5.804865,203.5494,1.4671589,21.819033,186.35457,-5.569507,-13.456597,189.29535,-12.549176,35.769424,165.1822,1.8894775,-31.51235,169.30513,-14.477283,43.73405,157.47104,22.878448,-47.772778,151.51651,-7.8624043,8.588229,140.62025,-8.107574,-12.157312,140.7815,-16.677809,0.28646448,113.46062,17.72182,-10.75131,104.64939,-6.722631,-2.859667,77.36834,13.142502,-0.44509238,74.11688,-24.802744
0.9913507,200.34616,12.84495,4.024652,204.40767,11.790731,-2.453068,203.53079,10.377748,10.121885,205.06863,2.8829396,-6.2395163,203.32652,1.0042808,21.621449,186.5378,-4.93593,-13.141688,189.01634,-13.666167,34.14593,165.06049,4.490644,-29.956446,167.81053,-14.775123,38.845013,157.6225,26.512545,-44.734222,149.05989,-6.923855,9.379612,140.8069,-8.483604,-11.179701,140.8056,-17.698135,0.41005617,114.622246,17.833567,-10.231566,104.881004,-7.067825,-1.2902006,78.841576,10.561913,-0.31354374,74.129395,-24.74868
0.5521766,200.41858,12.41344,3.5737267,204.51851,11.488111,-2.8722277,203.61252,9.946707,9.703025,205.35284,2.5460622,-6.59192,203.36856,0.5540162,21.371525,186.97173,-4.2357984,-12.743712,188.93675,-14.673068,32.13467,165.23456,6.8381987,-28.298113,166.61116,-14.829621,33.65012,158.36313,29.373917,-41.574467,147.35738,-5.6724696,10.035882,141.30043,-8.695402,-10.126574,140.97758,-18.492514,0.6230197,115.52829,17.675255,-9.779238,105.19748,-7.560429,0.44868058,80.41938,8.011714,-0.106575094,74.123146,-24.68812
0.26647317,200.83968,12.1462555,3.18682,205.00807,11.212267,-3.2112978,203.91289,9.608606,9.3642,205.87057,2.2748008,-6.8862247,203.60994,0.21647686,21.089207,187.56192,-3.5690837,-12.40222,189.00859,-15.548748,29.91684,165.6789,8.941626,-26.589722,165.70119,-14.890806,28.011086,159.41844,31.654266,-38.33479,146.36961,-3.9752252,10.680439,141.90237,-8.831807,-9.007252,141.30855,-19.217285,0.8436344,116.13235,17.337856,-9.363553,105.547615,-8.283424,2.1337502,81.688774,5.551493,0.3026102,74.09289,-24.627268
-0.052586187,201.3793,11.989587,2.7155106,205.62843,10.963276,-3.6405256,204.27615,9.386502,8.8947115,206.54662,2.0828211,-7.2273884,203.98668,0.0016301968,20.71662,188.33647,-2.7816253,-11.925518,189.26175,-16.215246,27.660315,166.57672,10.770869,-24.932259,165.11874,-14.988173,22.46495,160.84886,33.00316,-35.18294,146.2019,-2.1268024,11.175406,142.54842,-8.728107,-7.8154135,141.69844,-19.787832,1.2354047,116.5925,16.913061,-8.865816,105.969955,-9.091459,3.8822794,82.9357,3.082017,0.8972519,74.05615,-24.473677
-0.45343253,201.86392,11.879066,2.2117774,206.17818,10.832218,-4.1025205,204.66551,9.251136,8.490807,207.1815,1.9977603,-7.58422,204.38321,-0.15516953,20.428244,189.35011,-1.8837113,-11.310521,189.86098,-16.773489,25.103106,167.54965,12.57617,-23.232258,165.31644,-14.837585,16.420967,162.70633,33.842403,-31.95317,146.68617,-0.33680823,11.866123,143.24657,-8.661661,-6.610524,142.26451,-20.292862,1.648134,116.86251,16.225075,-8.284053,106.385864,-9.979135,5.8143363,84.033646,0.80103654,1.547205,74.05664,-24.484446
-0.9693459,202.42601,11.731335,1.6710858,206.78853,10.841551,-4.6082745,205.2668,9.136935,8.148447,207.97887,2.1283734,-7.86097,204.94392,-0.35088852,20.049437,190.3721,-1.0267617,-10.750891,190.5759,-17.188107,22.665243,168.79362,13.903404,-21.856173,165.91405,-14.2288685,10.656731,165.11586,33.56448,-28.883127,147.69398,1.7197238,12.717224,144.03511,-8.533324,-5.403957,142.95776,-20.703543,2.1410956,116.96694,15.436689,-7.557429,106.99541,-10.827302,7.8077474,85.03666,-1.3191855,2.0331564,74.201706,-24.28451
-1.3318255,203.07481,11.679142,1.2871969,207.48314,10.937733,-4.99133,205.97873,9.190458,7.785193,208.84535,2.2498813,-8.173247,205.56822,-0.44552448,19.59662,191.49762,-0.12613133,-10.273131,191.37537,-17.600054,20.075449,169.9927,14.938731,-20.475353,166.51422,-13.579597,5.080315,167.48589,32.797134,-26.07389,149.2726,4.1554546,13.412261,144.74525,-8.329454,-4.280762,143.82655,-21.122122,2.7332492,116.79084,14.47343,-6.710995,107.73133,-11.743139,10.005301,85.80468,-3.350119,2.3349502,74.223206,-24.125824
-1.6772684,203.90108,11.791604,0.8797608,208.32454,10.984507,-5.3845267,206.72617,9.281048,7.4108324,209.63808,2.3284729,-8.4954,206.23494,-0.38809714,19.206053,192.5468,0.87137467,-9.714958,192.23346,-17.925373,17.679714,171.00526,15.820029,-19.472088,167.48209,-12.785134,0.18311645,169.91826,31.419645,-23.579895,151.41934,6.430594,14.024487,145.53166,-7.9631553,-3.2460446,144.75392,-21.45147,3.2928214,116.47146,13.340545,-5.9045653,108.432045,-12.659287,12.264351,86.40175,-5.2826824,2.5336123,74.15239,-23.81262
-2.1496882,204.73373,11.935858,0.3971597,209.15114,11.058957,-5.894705,207.54356,9.46876,7.038845,210.546,2.6035337,-8.800903,206.94699,-0.35821372,18.742508,193.6253,1.8277327,-9.260555,193.18546,-18.107252,15.425229,172.15929,16.602604,-18.583199,168.48962,-11.973725,-4.1357512,172.39539,29.479895,-21.239391,153.75357,8.555046,14.605527,146.3868,-7.5466666,-2.2107985,145.64232,-21.685488,3.9341962,115.96195,12.086675,-5.1921873,109.0115,-13.43071,14.535101,86.82855,-6.987233,2.7886145,74.06669,-23.52977
-2.674508,205.31404,12.045265,-0.124203615,209.73633,11.1695795,-6.4189787,208.14432,9.589558,6.6519,211.37303,3.0084662,-9.074046,207.61258,-0.3509083,18.394402,194.77458,2.740468,-8.790682,194.10098,-18.12416,13.333551,173.47252,17.132536,-17.8865,169.58693,-11.102264,-7.838223,175.04831,27.30043,-19.183926,156.2569,10.526551,15.16876,146.99487,-7.1590695,-1.2736111,146.2814,-21.827435,4.713743,115.58491,10.83309,-4.4467525,109.403885,-14.035511,16.26618,86.931046,-8.378165,3.182894,74.08974,-23.36843
-3.1733913,205.94814,12.228305,-0.6496497,210.35149,11.203801,-6.948422,208.6881,9.718242,6.2136755,212.12636,3.3340123,-9.434571,208.17741,-0.26760852,17.952023,195.80154,3.480425,-8.358543,194.96959,-18.135977,11.587003,174.91486,17.650276,-17.333355,170.67146,-10.149395,-10.470185,177.29984,25.385757,-17.596132,158.92203,12.33426,15.622334,147.47218,-6.9151273,-0.44962555,146.84312,-21.966007,5.6557612,114.98324,9.503164,-3.77615,109.77322,-14.575179,17.734207,86.550575,-9.585787,3.4250226,74.13889,-23.243164
-3.671315,206.48717,12.35484,-1.2458953,210.95863,11.379935,-7.485322,209.15398,9.824395,5.782095,212.81253,3.628314,-9.773842,208.74652,-0.19746399,17.622858,196.66997,4.0347195,-8.098805,195.6213,-18.068407,10.121044,176.15558,18.139254,-16.94843,171.55763,-9.204736,-12.470853,179.44786,23.474216,-16.487768,161.73146,13.970062,16.084177,147.8589,-6.689236,0.2661244,147.19815,-21.96293,6.68246,114.33035,8.064795,-3.1983147,110.01104,-14.970334,19.106037,85.80596,-10.744942,3.715752,74.20039,-23.03248
-4.2504945,206.88162,12.401551,-1.8663675,211.38063,11.430209,-8.051278,209.50601,9.796611,5.274501,213.32097,3.834974,-10.178958,209.1224,-0.20432214,17.26416,197.52751,4.4686046,-7.9642105,196.30124,-18.00931,8.974927,177.48154,18.679409,-16.818201,172.64769,-8.201043,-13.8502655,181.13115,21.945087,-15.398539,165.4922,15.833828,16.636309,148.05177,-6.4842734,0.8583996,147.41956,-21.956038,7.892616,113.51394,6.388753,-2.7364817,110.1693,-15.309789,20.284521,84.57912,-11.810868,3.9293618,74.29516,-22.803383
-4.751012,207.28671,12.578813,-2.3674586,211.77145,11.546026,-8.55849,209.8691,9.950256,4.9118867,213.68375,4.11674,-10.529153,209.49498,-0.099170834,16.918161,198.21051,4.768996,-7.9006267,196.66565,-17.907541,7.7287607,178.62933,19.069942,-16.81631,173.5211,-7.170779,-15.256654,182.52513,20.285244,-14.7506695,169.26823,17.254843,17.063797,148.13313,-6.26141,1.3999797,147.57584,-21.82845,9.476517,112.66499,4.6268706,-2.0799453,110.21294,-15.601411,21.459759,83.213745,-12.738911,4.05146,74.235596,-22.59006
-5.113807,207.6256,12.753711,-2.7500558,212.09416,11.622716,-8.933916,210.13408,10.073081,4.640362,213.87764,4.2870326,-10.803258,209.69643,0.011153423,16.629778,198.67311,5.2688866,-7.7245593,197.04956,-17.73232,6.259824,179.51099,19.267952,-16.913515,174.38716,-6.169482,-16.474514,184.79742,18.4858,-14.6473465,172.92688,18.582079,17.464418,148.0312,-6.0808754,1.8602848,147.59532,-21.564297,11.197579,111.7112,2.8740366,-1.4045401,110.06943,-15.783961,22.61351,81.44102,-13.513172,4.0997596,74.01124,-22.382338
-5.423939,207.73753,12.771093,-3.0953844,212.23703,11.679642,-9.266142,210.22987,10.101755,4.3829145,213.99487,4.396697,-10.998093,209.73993,-0.028614823,16.31791,198.9359,5.80037,-7.4347806,197.2407,-17.521704,4.962106,180.18427,19.634756,-17.332466,175.1485,-5.176936,-17.373531,186.34512,17.3521,-14.611835,176.05508,19.472324,17.855791,147.83235,-5.9303627,2.2090533,147.55757,-21.244896,12.973448,110.64327,1.0115397,-0.82046103,109.84746,-15.930918,23.590197,79.47574,-14.432803,4.0652146,73.704834,-21.954048
-5.7249975,207.77933,12.742834,-3.4415574,212.29594,11.648008,-9.5865555,210.22955,10.057694,4.10235,214.0911,4.440857,-11.170353,209.66321,-0.13512023,16.077068,199.04706,6.3699527,-7.237374,197.26733,-17.249012,4.1263623,180.47018,19.90607,-17.942162,175.88899,-4.2034574,-17.856483,187.09406,16.925436,-14.791546,179.20076,20.11921,18.213327,147.5595,-5.902843,2.514978,147.37115,-20.820526,14.766626,109.70413,-0.9841657,-0.21744728,109.51199,-15.970999,24.485867,77.55228,-15.509592,3.6818962,73.472305,-21.434347
-6.155904,207.76363,12.798804,-3.9020255,212.26746,11.568541,-10.014575,210.08473,10.004665,3.7551358,213.95963,4.5206246,-11.461312,209.47874,-0.17160603,15.820796,199.19926,6.625162,-6.93819,197.12169,-17.053446,3.8524897,180.90747,20.131645,-18.544973,176.64742,-3.2646291,-18.011202,187.44872,16.837627,-14.931766,181.9271,20.55987,18.599375,147.24802,-5.928082,2.6516743,147.15657,-20.356968,16.475006,108.80016,-2.9280493,0.18924963,109.24539,-15.986447,25.193487,75.709145,-16.270628,3.4227338,73.25564,-21.087084
-6.5940676,207.5972,12.788682,-4.3593636,212.10925,11.562663,-10.428274,209.87589,9.922628,3.320707,213.80905,4.5356746,-11.811373,209.1432,-0.24876103,15.814817,199.30417,6.7594013,-6.651005,196.92049,-16.886179,3.9459736,181.1453,20.383081,-19.021046,177.35143,-2.5544968,-17.714653,187.6633,17.19836,-14.984022,183.73335,20.877142,18.947454,146.8901,-6.030236,2.6594296,146.86232,-19.844744,17.971802,108.255226,-4.8268976,0.29519653,109.06523,-16.044453,25.68796,74.25916,-16.796154,2.9204614,73.07981,-20.795715
-6.991035,207.20563,12.698318,-4.774355,211.72763,11.461103,-10.836849,209.46571,9.830942,2.9152777,213.55518,4.5530925,-12.095078,208.70425,-0.38135555,15.70698,199.25226,6.815682,-6.406546,196.66557,-16.768354,4.5483747,181.0765,20.817654,-19.448397,177.89688,-2.0539002,-16.881632,187.75334,18.024105,-15.104948,185.11896,21.14004,19.200275,146.50291,-6.124681,2.6679478,146.66798,-19.432348,19.094656,107.984344,-6.534573,0.09087467,108.9464,-16.132618,25.986254,73.58881,-17.31213,2.3282003,72.99253,-20.600973
-7.5118484,206.86676,12.589904,-5.3311424,211.39888,11.338848,-11.349469,209.05135,9.65756,2.5047376,213.25964,4.595423,-12.412144,208.32628,-0.556505,15.510013,199.1126,6.879693,-6.219409,196.48946,-16.792198,5.6063213,180.44493,21.142084,-19.765259,178.33878,-1.89787,-15.697217,187.68929,19.28485,-15.1470375,185.97636,21.053688,19.344618,146.3228,-6.1710987,2.6743882,146.48068,-19.0775,19.963854,108.039925,-7.790753,-0.12672669,108.977776,-16.1393,26.012577,73.431404,-17.707674,1.9437457,72.95856,-20.409153
-7.947747,206.62845,12.507045,-5.7619314,211.13474,11.175369,-11.775571,208.76933,9.527953,2.2071614,213.07027,4.695624,-12.570657,208.0974,-0.7260121,15.235058,199.24792,7.016691,-5.86849,196.57312,-16.75604,6.0820923,180.17044,21.059238,-19.81475,178.68613,-2.0217268,-14.835069,187.78291,20.525297,-15.21621,186.29465,20.874243,19.542868,146.37337,-6.1640263,2.756162,146.54117,-18.89168,20.576923,108.28317,-8.514523,-0.1854873,109.144714,-16.269236,25.867474,73.40702,-17.811314,1.7081755,72.94752,-20.226904
-8.313019,206.51541,12.456272,-6.131251,211.02733,11.142067,-12.126336,208.63557,9.445919,1.9302969,213.0704,4.848454,-12.755836,208.03671,-0.82845783,14.8901615,199.39334,7.342503,-5.7686157,196.79396,-16.76152,6.433925,179.6535,20.631407,-19.584759,178.62093,-2.229555,-14.241468,187.80252,21.455046,-15.258486,186.36882,20.612196,19.809286,146.54497,-6.0825534,3.0280688,146.81404,-18.850946,20.9871,108.42079,-8.853187,-0.12563331,109.296646,-16.313765,25.58673,73.32193,-17.779661,1.6398351,73.08382,-20.234219
-8.547961,206.50464,12.548882,-6.424647,211.03004,11.183962,-12.38892,208.55147,9.522652,1.6904625,213.09583,5.0034466,-13.018385,208.08144,-0.7158921,14.713758,199.55545,7.5746365,-5.7420545,196.99133,-16.65829,6.9626274,178.8379,20.016476,-19.322231,178.404,-2.5175366,-13.694751,187.7749,22.005533,-15.31182,186.152,20.346142,20.114876,146.83336,-6.0581365,3.2849998,147.00974,-18.796648,20.995672,108.65691,-8.96771,0.1048571,109.3425,-16.407251,25.194551,73.329666,-17.761559,1.388964,73.15918,-20.318708
-8.738811,206.47894,12.659251,-6.5308943,210.95863,11.266872,-12.581504,208.62964,9.703462,1.5023609,213.11298,5.178209,-13.274189,208.19836,-0.5487485,14.687363,199.82791,7.7646127,-5.855613,197.13124,-16.560017,6.806347,178.68729,19.219435,-18.84656,178.00764,-2.6911879,-13.67978,187.5698,22.220442,-15.110142,185.81023,20.101236,20.484537,147.1,-5.969546,3.5576737,147.23955,-18.700552,21.023361,108.85793,-8.905327,0.44490716,109.44543,-16.66979,24.898947,73.44008,-17.641346,1.2119962,73.218895,-20.427006
-8.803612,206.42976,12.761903,-6.5166655,210.90056,11.490475,-12.540871,208.64005,9.721959,1.4054042,213.13672,5.2583594,-13.417583,208.32802,-0.4073269,14.701905,199.98924,8.040652,-5.945755,197.15964,-16.551352,6.156334,178.73065,18.582214,-18.203753,177.45282,-2.9739883,-14.17247,187.11653,22.51221,-14.910956,185.2012,19.881683,20.81393,147.12798,-5.7878537,3.9045687,147.25574,-18.650972,20.974281,108.71415,-8.84316,0.8621063,109.40501,-16.99509,24.661816,73.31545,-17.525925,1.0313212,73.151405,-20.51379
-8.741049,206.33461,12.8588,-6.437141,210.82727,11.717559,-12.465305,208.6281,9.86331,1.4496844,213.11218,5.369474,-13.38434,208.33699,-0.29059976,14.637657,200.06337,8.412748,-5.9215045,197.03995,-16.595581,5.380964,178.64435,17.88458,-17.777182,176.89275,-3.2819552,-14.789722,186.1254,22.654072,-14.689697,184.20757,19.771973,20.951788,147.07426,-5.458127,4.248315,147.16426,-18.704668,21.02195,108.61913,-8.692665,1.2445498,109.389465,-17.404366,24.467678,73.27149,-17.51979,0.8033544,73.043976,-20.58476
-8.580902,206.2819,13.04563,-6.277443,210.77872,11.905325,-12.320982,208.61877,10.099062,1.5479316,213.02629,5.4949465,-13.290547,208.16295,-0.07998105,14.394868,199.9832,8.976023,-5.8075533,196.79778,-16.67218,4.838273,178.33553,17.203053,-17.214066,176.15828,-3.5721612,-15.683431,184.9346,22.067818,-14.474821,182.78651,19.825722,20.94037,146.78159,-5.070765,4.682536,146.94957,-18.950672,21.070826,108.31426,-8.490194,1.407727,109.19321,-17.569855,24.265467,73.1614,-17.582695,0.5017441,73.01289,-20.629076
-8.372195,206.24377,13.258155,-6.047172,210.74008,12.152278,-12.084187,208.59547,10.28704,1.685869,212.90416,5.558589,-13.228811,208.09773,0.16757058,14.322774,199.8383,9.381284,-5.721061,196.4303,-16.756472,4.3438287,177.94292,16.715555,-16.673594,175.55289,-3.9017227,-16.805525,183.2301,21.024847,-14.483733,181.19731,19.893667,21.03967,146.60037,-4.8050466,5.0149374,146.71155,-19.068308,21.100746,108.026215,-8.190727,1.4844977,108.9887,-17.554884,24.145504,73.0208,-17.55859,0.27845228,73.011536,-20.603235
-8.153146,206.12851,13.503127,-5.802887,210.62447,12.444174,-11.823365,208.50551,10.501177,1.8187442,212.77618,5.6994553,-13.160241,207.8906,0.45402226,14.326463,199.71008,9.785097,-5.563113,196.14964,-16.737793,4.0403376,177.70662,16.443773,-15.917187,174.7512,-4.475153,-17.749203,180.98038,19.316221,-14.401004,179.21411,19.779186,20.95663,146.35982,-4.3076744,5.182014,146.55597,-18.992777,20.903345,107.8664,-7.799785,1.4043847,108.86446,-17.432545,23.88771,72.9888,-17.58556,0.050515193,72.90266,-20.594948
-8.015958,205.98367,13.805115,-5.701897,210.48637,12.682388,-11.694056,208.27817,10.749567,1.8425946,212.67938,5.920144,-13.108412,207.65092,0.7987535,14.318589,199.52039,10.183561,-5.5579715,195.92622,-16.5897,4.0023665,177.16838,16.541183,-14.577302,173.63637,-5.2024817,-18.331684,178.40182,16.92155,-14.12966,176.85497,19.512915,20.910969,146.22664,-3.9792292,5.088491,146.44681,-18.747164,20.648886,107.74214,-7.4233127,1.1155198,108.75686,-17.12372,23.482214,72.98577,-17.534922,-0.29269254,72.85973,-20.514648
-7.9563766,205.82993,14.061769,-5.684069,210.36185,12.979535,-11.656481,208.10223,11.019192,1.8368399,212.59064,6.1501646,-13.0972185,207.48236,1.0289428,14.383157,199.24652,10.410297,-5.707658,195.62746,-16.403135,4.33051,176.55658,16.453505,-13.27258,172.3808,-5.8349004,-18.227652,175.55977,14.930419,-13.69652,174.13596,19.072542,20.87117,146.15857,-3.8031297,4.709065,146.31567,-18.337053,20.286688,107.58287,-6.997218,0.5655817,108.67433,-16.646854,23.025517,72.935165,-17.576345,-0.7099709,72.86142,-20.50773
-7.9561915,205.58922,14.250655,-5.811956,210.19865,13.238391,-11.722412,207.81757,11.256455,1.7502657,212.4782,6.328251,-13.1320715,207.25537,1.2300156,14.393912,198.9132,10.75767,-5.826265,195.25774,-16.006754,4.7540994,175.75601,16.334833,-12.324375,171.04509,-6.761429,-17.654123,172.7809,13.385727,-12.567412,171.16449,18.040487,20.863657,146.04495,-3.7647603,4.0784335,146.19609,-17.8211,19.862043,107.33198,-6.5052595,-0.08946252,108.53369,-16.00271,22.539867,72.97584,-17.553513,-1.1580108,72.87751,-20.406958
-8.0770235,205.35501,14.47027,-5.9861364,209.98184,13.447968,-11.886955,207.55258,11.508595,1.5601078,212.25504,6.483098,-13.3104725,207.04138,1.4563392,14.480282,198.57483,10.83692,-6.1141515,194.9155,-15.576073,5.3981285,175.03264,16.235973,-11.331417,169.99129,-7.6579604,-16.67773,169.94504,12.174622,-11.368789,167.44334,16.83428,20.947659,145.99063,-3.928044,3.5399013,146.04439,-17.271177,19.305077,107.2389,-5.9809465,-0.8899921,108.47989,-15.185351,22.05199,72.95059,-17.514366,-1.6404775,73.0182,-20.334146
-8.190305,205.02866,14.623223,-6.1965485,209.70688,13.620433,-12.021378,207.14713,11.630249,1.4639581,211.9251,6.6557717,-13.403829,206.65219,1.6218456,14.5700445,198.11565,10.77718,-6.4973593,194.43535,-15.130997,6.066129,174.2952,16.231476,-10.492677,168.83435,-8.599011,-15.410484,166.94745,11.71269,-10.624769,163.16591,15.034244,20.975706,145.78784,-4.070602,3.0977619,145.88174,-16.827734,18.832352,106.98075,-5.444326,-1.7292228,108.38258,-14.041429,21.623888,72.933205,-17.507347,-2.0632665,73.05562,-20.285666
-8.311006,204.76103,14.787865,-6.271452,209.38461,13.652661,-12.169616,206.86656,11.82681,1.3600311,211.57744,6.754073,-13.537368,206.32211,1.7849048,14.83905,197.6159,10.566764,-6.808106,193.89195,-14.841969,7.100642,173.36197,16.299427,-10.2015295,167.85237,-9.489379,-13.632506,163.4725,11.873395,-10.5050335,158.91125,13.125148,21.067608,145.58679,-4.283199,2.7536256,145.6192,-16.549086,18.317293,106.79637,-4.9076653,-2.6231744,108.26779,-12.845984,21.067425,72.958305,-17.640373,-2.4458835,73.17271,-20.113392
-8.417378,204.5036,14.908133,-6.393764,209.11588,13.689174,-12.31115,206.55545,11.9510355,1.2777884,211.21252,6.8577857,-13.668833,205.99341,1.9044101,14.973292,196.99127,10.43647,-7.2207546,193.25845,-14.64873,8.434612,172.18832,16.062017,-10.368869,166.87749,-10.277563,-11.21874,159.80362,12.53225,-10.700876,154.88916,10.865317,21.140942,145.28839,-4.4193673,2.5002756,145.14697,-16.304695,17.852385,106.47801,-4.474978,-3.5539963,108.0154,-11.428412,20.472878,72.95881,-17.847729,-2.79781,73.27713,-19.805119
-8.528815,204.14816,14.992031,-6.444705,208.72632,13.736,-12.39124,206.21436,12.008344,1.1621119,210.76334,6.8940434,-13.815935,205.59285,1.9717534,14.933946,196.40375,10.350934,-7.5649414,192.6154,-14.624143,9.894991,171.10892,15.811925,-10.634369,166.08176,-11.013962,-8.2506695,155.89517,13.643221,-11.365023,150.94563,8.207201,21.12552,144.98471,-4.5278993,2.3557742,144.80008,-16.18688,17.441517,106.148346,-4.011908,-4.572605,108.10609,-9.735201,19.818428,72.952965,-18.068281,-3.1639872,73.692986,-19.44718
-8.649629,203.6213,14.9782715,-6.5114326,208.16367,13.688145,-12.5496855,205.7894,12.11492,1.0411607,210.24841,6.870129,-14.030582,205.2134,2.0273597,14.985271,195.75572,10.021586,-8.004166,191.8452,-14.541869,11.465771,169.99744,15.604094,-11.150296,165.02457,-11.887503,-4.8025093,152.41,15.288569,-12.142163,147.15857,5.0558267,21.05855,144.53639,-4.7204742,2.2217174,144.44125,-16.000607,16.99204,105.83166,-3.5046334,-5.6990423,108.32146,-7.7887125,19.190952,72.93645,-18.324461,-3.4159553,74.3443,-18.880642
-8.818326,203.13133,14.995617,-6.679984,207.65608,13.638982,-12.740433,205.27719,12.145645,0.88155675,209.62514,6.759569,-14.253894,204.66663,2.0897515,15.012729,195.21365,9.733409,-8.502489,191.01076,-14.429743,13.253016,169.38638,15.429541,-11.671528,164.01219,-12.885654,-0.74810207,150.07098,17.487497,-13.3548155,143.85983,1.3090962,20.982977,144.07977,-4.947813,1.9544379,143.85768,-15.811637,16.624207,105.577354,-3.110111,-6.814625,108.539696,-5.8122926,18.457432,72.846405,-18.504696,-3.5821571,74.91502,-18.087162
-9.068266,202.60042,14.995984,-6.906995,207.12201,13.66588,-12.965868,204.77745,12.13493,0.62342983,209.01694,6.673175,-14.551531,204.11273,2.0742524,14.899765,194.65324,9.480733,-8.863467,190.255,-14.449346,15.060306,168.76237,15.462896,-12.149436,163.03294,-14.108989,3.9297857,148.34348,19.873125,-14.93203,141.0783,-2.8782575,20.813745,143.75705,-5.1833644,1.5794486,143.43341,-15.660267,16.31931,105.46342,-2.647009,-7.8830094,108.99145,-3.7859988,17.692339,72.861725,-18.59449,-3.5975258,75.68235,-17.053253
-9.396024,202.0562,14.972625,-7.165739,206.54666,13.656441,-13.251729,204.30092,12.104499,0.30005231,208.44844,6.640505,-14.928922,203.70128,2.1141288,14.816837,194.0312,9.238426,-9.347254,189.44063,-14.475702,16.926424,168.40178,15.605913,-12.782845,162.2024,-15.672686,8.798636,146.98804,21.832956,-16.51594,138.77676,-7.5184455,20.605633,143.12625,-5.275053,1.1343766,142.81712,-15.344065,15.924897,105.21745,-2.1456401,-8.7747,109.49834,-1.3981656,17.128487,72.92526,-18.625765,-3.4721909,76.63743,-15.70997
-9.7897,201.5916,14.985296,-7.486957,206.02519,13.614422,-13.626158,203.87799,12.118123,-0.089835316,207.8659,6.5481257,-15.380048,203.19159,2.1558044,14.776407,193.53238,9.010558,-9.9305935,188.8071,-14.417411,18.935635,168.28119,15.808722,-13.590457,161.7734,-17.291357,14.0409,146.47202,23.632011,-18.384832,137.5793,-12.350831,20.19297,142.63712,-5.335653,0.5549018,142.3732,-14.913985,15.6265335,104.99374,-1.7966193,-9.252872,110.062004,1.190786,16.630093,72.978065,-18.777489,-3.2259874,77.70545,-14.180503
-10.162707,201.16313,15.0275135,-7.872059,205.62337,13.691893,-13.988131,203.4435,12.150186,-0.49850866,207.33934,6.521883,-15.848502,202.76396,2.2416952,14.542858,193.2196,8.771265,-10.434421,188.18256,-14.478002,20.94367,168.62805,15.993033,-14.614588,161.5145,-19.115746,19.363466,146.88797,25.261103,-20.3056,137.04918,-17.367664,19.637241,142.36679,-5.244953,0.09678997,142.01189,-14.433561,15.4264,104.74317,-1.5283382,-9.602177,110.93951,3.785422,16.040604,73.210144,-18.969332,-2.7243373,78.85574,-12.306397
-10.713345,200.72078,14.997143,-8.3492365,205.1508,13.710857,-14.507336,203.11691,12.166564,-0.9854735,206.92659,6.545454,-16.364367,202.4372,2.2293322,14.414373,193.05917,8.661643,-10.971521,187.84143,-14.477134,23.084671,169.2745,16.256727,-15.830994,161.75883,-20.915634,24.58388,148.07822,26.624989,-22.284607,137.50272,-22.294155,19.266632,142.27406,-4.9803934,-0.3329833,141.90497,-13.936454,15.235964,104.596596,-1.2164459,-9.673237,111.47923,5.9035435,15.425584,73.3056,-19.212282,-1.9980035,79.583824,-10.063755
-11.101462,200.41396,14.9963665,-8.772149,204.86514,13.712483,-14.960957,202.83376,12.272505,-1.4634573,206.67526,6.496341,-16.840837,202.0627,2.2592597,13.995444,193.06204,8.51528,-11.618094,187.62553,-14.388074,25.213554,170.55127,16.439596,-17.20742,162.36115,-22.926481,29.57997,150.33604,27.830038,-24.26639,138.7119,-27.07441,18.99266,142.31996,-4.5817037,-0.71022904,141.92578,-13.40238,14.9455,104.67034,-0.8556616,-9.440952,111.813484,7.68796,14.828747,73.34539,-19.354982,-1.1739281,79.83859,-7.626137
-11.544478,200.27425,14.96259,-9.245403,204.75136,13.717677,-15.436777,202.71397,12.306008,-2.0248857,206.64629,6.469785,-17.34773,201.94507,2.2613478,13.633263,193.20668,8.367912,-12.117768,187.61075,-14.241815,27.19138,172.25806,16.490541,-18.259449,163.37427,-24.902514,34.15249,153.37064,28.784313,-26.344603,140.74988,-31.533394,18.762989,142.17093,-4.146281,-1.0713016,141.79892,-12.750537,14.609927,104.6167,-0.5297954,-9.00297,112.09894,9.277171,14.2432165,73.45364,-19.56912,-0.19789888,79.62445,-4.9638896
-11.925689,200.16658,14.975764,-9.603322,204.6319,13.733322,-15.782284,202.59096,12.264268,-2.4554873,206.64027,6.526993,-17.767504,201.89542,2.2677932,13.364875,193.47469,8.034513,-12.690772,187.49095,-14.174765,28.907501,174.24023,16.37155,-19.241627,164.58652,-26.900877,38.186024,156.90756,29.444729,-28.429976,143.24417,-35.590893,18.551281,142.1459,-3.7507784,-1.4857424,141.75877,-12.0083685,14.315041,104.59484,-0.1448044,-8.655697,112.35063,10.740162,13.831627,73.63321,-19.748587,0.88175195,79.559555,-2.0400243
-12.361768,200.2246,14.944448,-9.953779,204.62212,13.6306,-16.174486,202.6846,12.20262,-2.827638,206.55174,6.480378,-18.174519,201.88556,2.2201998,13.247433,193.77197,7.7702446,-13.171015,187.44632,-14.210656,30.595888,176.11235,16.13626,-20.26586,165.91296,-28.62857,41.76343,160.5167,29.928566,-30.666931,146.07898,-39.262596,18.463943,142.04138,-3.2448645,-1.7994369,141.69972,-11.118622,14.017767,104.422714,0.093506515,-8.15484,112.3498,12.027968,13.332526,73.806526,-20.059126,2.1292841,79.221855,1.0896437
-12.746075,200.30638,14.842597,-10.288754,204.63736,13.39993,-16.566284,202.7783,12.114865,-3.1571467,206.50766,6.3042874,-18.572739,202.00366,2.1478844,13.08629,194.12428,7.473558,-13.587137,187.5541,-14.194348,31.98408,178.10391,15.871371,-21.20072,167.4146,-30.327127,44.832333,164.59688,30.215895,-32.661247,149.20956,-42.484123,18.445004,141.93788,-2.7534726,-2.0157719,141.56877,-10.186732,13.756891,104.242836,0.30435613,-7.5087667,112.40631,13.222668,12.777249,73.85244,-20.433634,3.4227939,78.8443,4.4820285
-13.061622,200.43155,14.701139,-10.605841,204.75233,13.226502,-16.893612,202.8893,11.982476,-3.4261549,206.60289,6.1654034,-18.847342,202.15791,1.9976085,12.873663,194.48921,7.1456537,-13.890713,187.72688,-14.236983,33.113514,180.39444,15.503097,-22.112442,169.05403,-31.773256,47.41243,168.96712,30.266514,-34.675846,152.60754,-45.20879,18.53133,141.90327,-2.2573862,-2.1739006,141.4878,-9.391721,13.503466,104.12834,0.5020959,-6.755528,112.333595,14.403594,12.338004,74.01786,-20.722677,4.670592,78.49629,7.696731
-13.32743,200.46327,14.469631,-10.868528,204.79343,13.032873,-17.167816,202.97018,11.805112,-3.6563892,206.6882,5.9959645,-19.087769,202.30241,1.7837793,12.518055,194.81573,6.7665653,-14.158112,187.90677,-14.330446,33.96903,182.79381,15.093785,-23.051289,170.85442,-33.081043,49.438927,173.44576,30.128,-36.650215,156.0131,-47.438427,18.690557,141.78134,-1.7455858,-2.0779564,141.40791,-8.666866,13.421907,104.11198,0.83075964,-5.915026,112.25466,15.454999,12.020737,74.35305,-20.887257,5.9013205,78.2215,10.788156
-13.512959,200.5362,14.308296,-11.055696,204.85086,12.827903,-17.366116,203.02525,11.647329,-3.894722,206.72269,5.800258,-19.354662,202.35136,1.6266186,12.225871,195.10843,6.349882,-14.415769,188.10997,-14.5226345,34.71868,184.94328,14.549477,-23.954828,172.58232,-34.18741,50.982315,177.65205,29.91828,-38.164227,159.83623,-49.710823,18.73654,141.8234,-1.255429,-1.978857,141.2331,-8.023325,13.37048,104.198204,1.2909269,-5.0626187,112.17345,16.381355,11.673897,74.79496,-20.918198,7.052669,78.15378,13.917491
-13.658995,200.54001,14.130787,-11.163084,204.82874,12.642187,-17.484476,203.05255,11.450353,-4.0905724,206.91702,5.6653614,-19.486746,202.35623,1.4411992,12.005548,195.4553,5.888007,-14.561489,188.19525,-14.758799,35.23578,186.92091,13.929538,-24.860168,174.35002,-35.244186,52.031937,181.67348,29.62752,-39.706318,163.25465,-51.48894,18.788372,141.89923,-0.7717364,-1.9117589,141.13495,-7.3960056,13.437557,104.33158,1.7855278,-4.0773387,111.99663,17.071823,11.3622055,75.13871,-20.893688,8.139551,78.094986,16.921053
-13.733277,200.56569,13.934913,-11.247695,204.86765,12.4555025,-17.57263,203.1153,11.308821,-4.1713142,206.83546,5.38888,-19.619114,202.37045,1.2993762,11.800152,195.72467,5.409623,-14.902661,188.20421,-15.053783,35.598057,188.73778,13.336278,-25.636766,175.80986,-36.261642,52.689056,185.28603,29.226313,-41.29783,166.2175,-52.845985,18.897335,141.94698,-0.3271214,-1.8375804,140.93771,-6.861182,13.646743,104.39901,2.4348679,-2.982647,111.7098,17.608156,11.056703,75.5146,-20.864338,9.313467,77.69888,19.81132
-13.746217,200.68321,13.734816,-11.287847,204.97058,12.183681,-17.616945,203.16653,11.090911,-4.284752,206.69424,4.9355507,-19.742619,202.26018,1.1212041,11.637446,195.98938,4.8991227,-15.253105,188.25345,-15.325544,35.83666,190.47945,12.768615,-26.277733,177.10466,-37.014523,53.138638,188.73538,28.798012,-42.737747,169.019,-53.654953,18.912207,142.1161,0.06948966,-1.7777045,140.89491,-6.392124,13.73472,104.5486,3.1260211,-1.9260669,111.533394,17.902836,10.850551,75.948326,-20.74681,10.540515,77.525986,22.503698
-13.73478,200.76152,13.467933,-11.298305,205.05626,11.885277,-17.611732,203.20451,10.799108,-4.3315268,206.55104,4.437866,-19.894165,202.14998,0.8948611,11.574141,196.1369,4.4683156,-15.517746,188.12247,-15.601714,36.100536,191.95055,12.02111,-27.014036,178.03415,-37.506824,53.37038,191.70743,28.21892,-44.215813,171.36469,-54.147854,19.00634,142.18935,0.482361,-1.6192524,140.67398,-5.857823,13.813336,104.57478,3.7987022,-0.9106711,110.9389,18.228395,10.560155,76.3648,-20.502083,11.723143,77.14385,24.91345
-13.663733,200.69666,13.170916,-11.274826,205.03484,11.650893,-17.571775,203.1025,10.529962,-4.3806705,206.36273,3.924716,-20.036425,202.04181,0.6756817,11.464267,196.05579,3.9302764,-15.818206,187.83398,-15.851657,36.462646,193.25768,11.098512,-27.73506,178.69266,-37.956963,53.35272,194.18706,27.67867,-45.739506,173.21584,-54.221573,19.059284,141.91487,0.9157606,-1.3921702,140.15591,-5.3312426,13.935425,104.31777,4.5762157,0.16563593,109.978325,18.369413,10.382664,76.6029,-20.29358,12.789732,76.8463,27.133999
-13.667352,200.52757,12.869286,-11.308112,204.85127,11.263221,-17.60505,202.89589,10.227042,-4.4277883,206.00285,3.4413445,-20.116528,201.80182,0.41763502,11.443275,195.85794,3.406135,-16.08804,187.44325,-15.967516,36.739483,194.48439,10.239015,-28.257668,179.53224,-38.257885,53.584198,196.63351,26.80157,-47.192875,174.69919,-53.639946,19.091482,141.6095,1.3830746,-1.394307,139.60661,-4.8495784,14.116111,104.052315,5.2975674,1.2356414,109.01084,18.499523,10.122171,76.63889,-20.129986,13.725358,76.28267,28.999495
-13.670283,200.24602,12.610206,-11.344994,204.57445,10.953796,-17.628624,202.56688,9.960696,-4.466428,205.56924,3.035989,-20.180853,201.39224,0.17437214,11.535613,195.66121,2.9547195,-16.25432,186.88773,-15.900604,36.86291,195.39224,9.690279,-28.831028,180.23643,-38.427002,53.976868,198.51234,25.742966,-48.395866,176.25499,-53.30724,19.054193,141.28406,1.773504,-1.3838278,138.98259,-4.2693686,14.302684,103.54677,5.9678535,2.1470115,108.02097,18.797775,9.814991,76.84672,-20.1293,14.461948,75.49854,30.371357
-13.670741,199.77733,12.351951,-11.333032,204.07892,10.652202,-17.646862,202.1264,9.745112,-4.4588046,205.03632,2.757008,-20.199255,200.95348,-0.06555317,11.595872,195.34825,2.6392148,-16.554737,186.14539,-15.833354,36.882233,196.01672,9.3931875,-29.386667,180.39275,-38.47473,54.519154,199.89725,24.593857,-49.449623,177.54517,-52.95165,19.067598,140.82431,2.172516,-1.4368501,138.46906,-3.827082,14.622153,103.03327,6.6202393,2.8915677,107.1537,19.052773,9.550989,76.96154,-20.119497,15.0070095,74.47252,31.293804
-13.583721,199.2188,12.182515,-11.205633,203.4747,10.427968,-17.533714,201.5361,9.517028,-4.3574705,204.50731,2.6539373,-20.100641,200.41673,-0.2569715,11.581465,194.80533,2.296836,-16.802563,185.36238,-15.699183,36.82725,196.4285,9.192584,-30.074648,180.10457,-38.13878,54.981457,201.0247,23.550375,-50.354504,178.65927,-52.510155,18.995981,140.35948,2.375947,-1.4724648,137.92145,-3.4718974,14.979203,102.416534,7.1636953,3.4199479,106.38286,19.265839,9.194632,77.018776,-20.138184,15.505423,73.528824,31.588446
-13.553109,198.5257,11.951003,-11.097345,202.78171,10.292623,-17.44455,200.95412,9.292954,-4.2213545,203.85951,2.5668018,-19.985611,199.82384,-0.49930254,11.634908,194.03966,2.0177248,-16.966925,184.70598,-15.538305,36.77646,196.45657,9.043329,-30.578346,179.92732,-37.845272,55.290752,201.87619,22.723608,-51.093254,179.53073,-51.990814,18.903921,139.7879,2.598688,-1.5728796,137.31963,-3.1568353,15.255425,101.726845,7.671725,3.7665286,105.732155,19.511084,9.029314,77.14858,-20.118023,15.856064,72.941154,31.479015
-13.574351,197.87997,11.810956,-11.171277,202.15417,10.129184,-17.504772,200.2694,9.169192,-4.106963,203.15865,2.497386,-19.866457,199.20665,-0.699254,11.742642,193.37747,1.8017743,-17.002634,184.09558,-15.390953,36.710724,196.46013,9.062968,-30.817513,179.94699,-37.707092,55.53338,202.43495,21.996923,-51.610073,180.19678,-51.371315,18.806768,138.99893,2.6848662,-1.6412443,136.52135,-2.931806,15.56223,100.90907,8.107687,3.8657632,105.41294,19.893044,9.106438,77.13912,-20.264265,15.967342,72.71613,31.210705
-13.588149,197.28596,11.702123,-11.139928,201.49031,9.927519,-17.4847,199.63693,8.980802,-3.8946474,202.58997,2.5881214,-19.68806,198.71892,-0.8334955,11.848865,192.70413,1.7617576,-17.053831,183.58066,-15.141762,36.694584,196.18234,9.081935,-30.956455,180.27498,-37.508457,55.90323,202.6316,21.30606,-52.015976,180.49269,-50.784477,18.797516,138.30249,2.6856031,-1.715918,135.86948,-2.8940763,15.830039,100.32003,8.440686,3.5635426,105.20592,20.20055,9.155736,77.295166,-20.379692,15.744153,72.802315,30.866804
-13.444664,196.78648,11.669105,-11.037085,201.01903,9.886238,-17.356752,199.10516,8.93426,-3.8708386,202.27798,2.5815468,-19.642525,198.33093,-0.8078782,11.900775,192.27336,1.7525153,-17.002115,183.2375,-14.918217,36.80047,195.87474,8.999496,-31.221205,180.01459,-36.953526,56.320557,202.53323,20.644617,-52.245872,180.70172,-50.23728,18.807117,137.90419,2.6450827,-1.7096375,135.58652,-2.9441535,15.889008,100.07824,8.506672,3.0360484,105.01674,20.360617,9.2591915,77.36719,-20.535711,15.51753,72.88812,30.416618
-13.209536,196.65189,11.790638,-10.767875,200.83235,9.930654,-17.117947,198.95221,9.043095,-3.7893002,202.062,2.5587003,-19.59612,198.03763,-0.63215625,12.160943,192.01152,1.7756679,-16.984997,183.02863,-14.741546,37.053936,195.76689,8.804953,-31.778738,179.63503,-36.385487,56.890694,202.2743,20.062447,-53.144817,179.92363,-49.256893,18.836523,137.7524,2.470123,-1.6733724,135.41017,-3.1967294,15.810134,99.92026,8.40511,2.5562632,104.89851,20.238615,9.386684,77.25777,-20.837439,15.367524,72.767426,29.970247
-12.966502,196.7426,12.079308,-10.531378,200.847,10.062239,-16.895758,198.9775,9.312221,-3.7331777,202.0669,2.6391392,-19.513157,197.9722,-0.2949944,12.42962,192.01624,1.8517518,-16.846487,182.97511,-14.649376,37.398487,195.72255,8.43944,-32.438038,179.29451,-35.778286,57.432747,201.83871,19.47804,-53.8888,179.16066,-48.416424,18.761206,137.68768,2.2665164,-1.6992314,135.23965,-3.4885564,15.497949,99.82785,8.175995,2.3309255,104.6603,19.869656,9.400465,77.3505,-21.138237,15.261137,72.62956,29.591564
-12.721414,196.85506,12.31732,-10.271015,201.00758,10.421487,-16.623213,199.13889,9.549706,-3.5884507,202.41695,2.9125545,-19.346098,198.23009,-0.00784034,12.5553875,192.21715,1.8778014,-16.632557,183.366,-14.701975,37.800762,195.78526,7.857738,-32.949097,179.02951,-35.112617,57.843246,201.21533,19.038042,-54.526936,178.48236,-47.52794,18.656908,137.83844,2.0898097,-1.9037194,135.4129,-3.8398378,15.157285,99.93583,7.9542756,2.1092525,104.505516,19.22249,9.322123,77.397675,-21.379375,15.117536,72.65349,29.328363
-12.480931,197.14746,12.519923,-10.095054,201.41791,10.800221,-16.430664,199.49554,9.884171,-3.4098554,202.7623,3.0831962,-19.189754,198.56888,0.21858218,12.59807,192.50159,1.843086,-16.483622,183.86064,-14.693584,38.073914,195.51025,7.276584,-33.216404,178.68091,-34.517326,58.22595,200.14711,18.584167,-55.005367,177.92854,-46.3797,18.466625,138.05835,1.8346461,-2.0232701,135.70747,-4.212952,14.840238,100.24685,7.6968913,2.1846473,104.46125,18.484074,8.931862,77.47624,-21.585318,15.013619,72.67359,29.16334
-12.389991,197.58504,12.766481,-10.002089,201.80887,10.953369,-16.378988,199.96007,10.207579,-3.2539806,203.06836,3.3168263,-19.13291,199.12274,0.50932634,12.727362,192.79875,1.9820782,-16.321321,184.41866,-14.52333,38.51047,195.35788,6.318132,-33.28101,178.43456,-33.933277,58.409924,198.89262,18.133282,-55.47096,176.98988,-44.921677,18.345625,138.34921,1.5738837,-2.18356,135.93924,-4.541279,14.547902,100.565445,7.247421,2.448179,104.45704,17.799303,8.554571,77.46467,-21.83995,14.870773,72.71559,28.951832
-12.27571,198.05733,13.066001,-9.880244,202.26747,11.22627,-16.258297,200.44193,10.506981,-3.1492164,203.42534,3.5052953,-18.990921,199.48257,0.7677749,12.728997,193.22353,1.9811542,-16.381056,185.01634,-14.342898,38.740032,194.9087,5.669482,-33.44361,178.10075,-33.265472,58.761814,197.34904,17.536936,-56.01982,175.75981,-43.322628,18.361938,138.70755,1.1799914,-2.2572558,136.19429,-4.8721204,14.354859,100.89265,6.7636633,2.6825523,104.386696,17.002851,8.228085,77.455154,-22.057972,14.797852,72.722984,28.654688
-12.171035,198.56566,13.337956,-9.686679,202.72012,11.486642,-16.11342,201.0422,10.809741,-2.9810503,203.79237,3.7271338,-18.86733,199.98924,1.008469,12.749354,193.55385,2.0047803,-16.521917,185.49544,-14.11217,38.806755,194.15825,4.9305735,-33.71088,177.74442,-32.60775,58.964375,195.40425,16.692678,-56.579197,174.21062,-41.674004,18.387913,139.20401,0.753155,-2.3079157,136.63063,-5.188586,14.320365,101.42156,6.2650447,2.9872942,104.60413,16.327372,7.968653,77.493645,-22.243813,14.754718,72.722626,28.482777
-11.9868145,198.96782,13.648766,-9.425465,203.07,11.789523,-15.891059,201.5325,11.14299,-2.6861176,204.0016,4.0455856,-18.62187,200.46608,1.3054914,12.763991,193.79572,1.7887712,-16.743187,186.00688,-13.8161335,38.877193,193.17924,3.7470276,-33.947575,177.11642,-32.048065,58.82244,192.85188,15.547125,-57.0171,172.06235,-39.817097,18.210594,139.60811,0.3173194,-2.486414,137.03702,-5.4148264,14.43541,101.779,5.877265,3.3452466,104.79607,15.840968,7.6734514,77.559,-22.306156,14.677276,72.72517,28.351444
-11.593704,199.40094,14.014887,-8.965476,203.46797,12.179315,-15.453884,202.02824,11.523337,-2.326271,204.21579,4.2709317,-18.338741,200.82228,1.646573,12.793542,193.86766,1.4483395,-17.100946,186.32033,-13.539339,38.97307,192.07063,2.0650647,-34.286617,176.50198,-31.181826,58.578094,189.9446,14.254494,-57.28185,169.55351,-37.832836,17.966866,139.76918,-0.15530743,-2.7580233,137.23863,-5.5616894,14.502729,101.90022,5.493691,3.465995,104.93463,15.505795,7.280422,77.59832,-22.435865,14.544799,72.85731,28.304436
-11.220549,199.64061,14.305332,-8.542895,203.72751,12.595441,-15.059818,202.40086,11.91366,-1.9750816,204.33159,4.46567,-18.051119,201.21533,2.006376,12.881906,193.75127,1.0558398,-17.51558,186.49449,-13.3767,38.89459,190.61723,0.4472524,-34.72797,175.36272,-30.335817,57.913895,186.7257,12.916543,-57.352333,166.62633,-35.77254,17.86815,139.84877,-0.5944906,-3.0181632,137.37717,-5.684582,14.699828,102.05473,5.120363,3.6527257,105.00797,15.184481,7.050789,77.61163,-22.615973,14.501628,72.847565,28.369144
-10.778626,199.9358,14.581946,-7.957813,203.99803,13.055908,-14.502175,202.87506,12.235392,-1.5682442,204.40721,4.6101403,-17.680424,201.6794,2.3447163,12.893536,193.65414,0.49421167,-17.963974,186.5601,-13.150855,38.65436,188.96848,-1.4143028,-35.20364,173.87727,-29.027494,57.001614,182.97903,11.354448,-57.044624,163.23274,-33.597942,17.58483,139.9575,-1.0552976,-3.282435,137.54881,-5.7414713,14.792343,102.091354,4.735398,3.742585,104.99138,14.864784,6.809461,77.50411,-22.796892,14.503229,72.92935,28.507309
-10.1930895,200.1696,14.853175,-7.3462677,204.18097,13.230693,-13.895316,203.12097,12.483864,-1.0877583,204.47127,4.7000933,-17.277771,202.0682,2.74284,13.011604,193.35152,0.025080275,-18.368082,186.61288,-12.749154,38.135597,186.98683,-3.3457553,-35.51701,172.29247,-27.405048,55.654873,179.25093,9.626249,-56.32708,159.78305,-31.36264,17.367498,139.95355,-1.6466182,-3.557969,137.59355,-5.7326703,14.8657465,102.05616,4.297968,3.8132584,104.904755,14.617192,6.2760806,77.49684,-22.986122,14.445681,72.9049,28.650854
-9.609288,200.3495,15.113318,-6.6399446,204.28477,13.556743,-13.202523,203.35692,12.651166,-0.5937379,204.40207,4.7567534,-16.845076,202.34186,3.0660539,13.170271,193.02277,-0.5819209,-18.834425,186.4934,-12.270952,37.471745,184.72047,-5.1644297,-35.67615,170.62334,-25.644972,54.10058,175.27065,7.9883084,-55.252575,156.13568,-28.938095,17.1244,139.84091,-2.350183,-3.9567785,137.54558,-5.8491683,14.994346,102.04497,3.7370806,3.7545547,104.78335,14.397931,5.687773,77.3883,-23.273306,14.306836,72.8539,28.805672
-8.979392,200.432,15.323116,-5.9043536,204.29695,13.803416,-12.4755535,203.48283,12.776487,0.013141572,204.30243,4.8705273,-16.334934,202.50938,3.3735979,13.364742,192.63782,-1.2156502,-19.334799,186.14471,-11.658232,36.617496,182.22157,-6.8823504,-35.74513,168.78226,-23.802773,52.254307,171.07368,6.384923,-53.871464,152.27747,-26.46432,16.97615,139.53775,-3.1138637,-4.4344797,137.34195,-5.866211,14.906319,102.02301,3.0555418,3.6958883,104.704056,14.233839,5.0736475,77.278786,-23.694826,14.178412,72.85973,28.87678
-8.318944,200.4953,15.406819,-5.1777835,204.27266,13.797906,-11.781572,203.6031,12.887866,0.5723012,204.26599,4.826655,-15.809123,202.58784,3.5471673,13.745908,192.05302,-1.9180722,-19.907509,185.7164,-10.908785,35.69934,179.30147,-8.36092,-35.64462,166.80797,-21.781288,50.19694,166.70747,4.8158245,-52.03518,148.55913,-23.776878,16.673594,139.37091,-3.881758,-4.8987575,137.1086,-5.735743,14.692729,101.90588,2.2592344,3.5526273,104.566536,14.029163,4.4590635,77.064095,-24.093372,13.980986,72.89221,28.886179
-7.6406116,200.54521,15.417629,-4.4662466,204.26463,13.745186,-11.089832,203.70518,12.942809,1.0948691,204.15665,4.6678424,-15.358588,202.65544,3.6790962,14.147571,191.28743,-2.916159,-20.539457,185.27646,-10.092192,34.68239,176.43422,-9.755428,-35.300335,164.71512,-19.632902,47.91712,162.37302,3.3927982,-49.894527,144.83286,-20.830986,16.346212,139.08437,-4.76068,-5.3656187,136.84723,-5.3628426,14.513498,101.7392,1.3881397,3.3792822,104.44727,13.797246,3.837054,76.88611,-24.601189,13.737215,72.86064,28.921633
-6.852715,200.66264,15.356918,-3.7626836,204.40953,13.592573,-10.403926,203.79572,12.989656,1.6529841,204.0915,4.4023347,-14.804018,202.66402,3.7311993,14.447831,190.35336,-4.152091,-21.135807,184.83401,-9.091035,33.569935,173.77885,-10.982763,-34.676758,162.75284,-17.439335,45.292492,158.22363,2.3134465,-47.407272,141.54802,-17.722557,15.99443,138.86366,-5.750649,-5.926914,136.63037,-4.9371324,14.260128,101.5986,0.41590786,3.1528697,104.28897,13.5429,3.1468604,76.558014,-25.168253,13.452564,72.861694,28.898878
-6.149827,200.52777,15.096616,-3.1325762,204.31895,13.294235,-9.771056,203.64915,12.812905,2.1557033,204.03987,3.9930587,-14.295291,202.66568,3.6557481,14.63145,189.42058,-5.479857,-21.485653,184.3701,-8.198304,32.162125,171.05006,-11.870083,-33.642727,160.98703,-15.119745,42.377453,154.66368,1.577451,-44.45622,138.56824,-14.467775,15.553636,138.36516,-6.750731,-6.5945168,136.13435,-4.70617,14.058731,101.389694,-0.42786735,2.9253144,104.113556,13.304752,2.5702243,76.11883,-25.594042,13.093228,72.84957,28.87981
-5.418943,200.32297,14.718421,-2.4373581,204.14676,12.939869,-9.083705,203.47408,12.555159,2.6645172,203.94957,3.472665,-13.794788,202.58232,3.4577544,14.646076,188.63672,-6.8421025,-21.642113,183.95277,-7.4317565,30.384304,168.37798,-12.52826,-32.306248,159.4284,-12.790414,39.24017,151.53767,1.2681842,-41.146038,136.0886,-11.018721,14.9820795,137.83942,-7.934414,-7.216668,135.63718,-4.732681,13.83594,101.14454,-1.2758898,2.6183279,103.861,13.176623,2.045783,75.75232,-25.972235,12.628665,72.83097,28.937798
-4.7664123,200.17145,14.232995,-1.7688375,204.03104,12.531818,-8.419272,203.40631,12.1636505,3.1280713,203.76588,2.8196893,-13.301091,202.41428,3.1207411,14.56965,187.93045,-8.251465,-21.6693,183.62756,-6.7684608,28.38114,166.04547,-12.855419,-30.738052,158.13393,-10.298254,35.932297,149.05753,1.523644,-37.49587,134.14055,-7.3458567,14.390334,137.29561,-9.36502,-7.6987267,135.17688,-5.0731454,13.46503,100.98001,-2.1814613,2.2694118,103.73388,13.011528,1.4499477,75.30372,-26.230686,12.271679,72.85034,28.965702
-4.1404905,199.99748,13.749306,-1.0882338,203.7587,11.940971,-7.7614565,203.30016,11.735699,3.6876054,203.3604,2.2116857,-12.740881,202.32622,2.7158253,14.348122,187.31403,-9.660469,-21.559273,183.38123,-6.1128755,26.284893,164.14595,-13.275086,-29.063824,157.04642,-7.8341384,32.41267,147.53236,2.103161,-33.57893,132.64104,-3.4406123,13.667483,136.93103,-10.898646,-8.294645,134.89641,-5.653778,13.105146,100.821304,-2.9210594,1.9344192,103.69964,12.904675,0.9533609,74.92597,-26.400713,11.834035,72.84954,28.836056
-3.547951,199.91483,13.249629,-0.49669248,203.62007,11.326285,-7.169732,203.22693,11.264554,4.2802253,203.05089,1.676668,-12.192541,202.34622,2.2648365,14.122325,186.8009,-11.095615,-21.301828,183.24805,-5.311006,24.347614,162.69551,-13.746148,-27.344616,156.30586,-5.487017,28.813892,146.74448,2.8681421,-29.519138,131.94139,0.612138,12.965714,136.70763,-12.601787,-8.761706,134.71616,-6.0220227,12.666642,100.770996,-3.821222,1.4731313,103.800385,12.900656,0.45459306,74.50407,-26.602798,11.210067,72.85309,28.524708
-2.9599426,199.80606,12.641917,0.042791545,203.56134,10.737212,-6.627419,203.12659,10.742695,4.8484616,202.90157,1.0522319,-11.664528,202.31764,1.7182606,13.830697,186.45955,-12.390024,-21.08211,183.09949,-4.5879645,22.683447,161.58844,-14.14504,-25.50163,155.78877,-3.2823677,25.296846,146.61646,3.979668,-25.229107,132.06557,4.372484,12.08674,136.58797,-14.076124,-9.079239,134.63876,-6.268437,12.208725,100.88743,-4.8124595,0.78975934,103.92436,13.011842,-0.17302278,74.07426,-26.780758,10.529531,72.8997,28.086864
-2.4439707,199.7845,11.961424,0.5599188,203.50227,9.986757,-6.116724,203.13824,10.14347,5.3081417,202.84723,0.30485815,-11.216194,202.38887,1.1451478,13.474573,186.14948,-13.65395,-20.937647,183.14647,-3.9456208,21.483667,160.57957,-14.117499,-23.703331,155.73997,-0.83891743,21.698317,147.02042,5.195255,-20.590128,132.64633,8.068709,11.142354,136.55582,-15.424263,-9.478402,134.59317,-6.790912,11.7612915,100.973564,-5.7242107,0.07562598,104.25061,13.224413,-0.6474785,73.74997,-26.912155,9.629985,72.863464,27.377493
-1.9540892,199.95346,11.363255,1.1090733,203.56094,9.286409,-5.5693717,203.37697,9.558508,5.684622,202.88005,-0.40911093,-10.839245,202.68341,0.6995454,13.007833,186.27151,-14.751374,-20.754845,183.37267,-3.2112577,20.31833,160.6177,-14.040598,-22.120464,156.13242,1.4832027,18.713364,148.91624,6.433721,-15.791137,134.1507,11.468551,10.155136,136.93588,-16.740026,-10.092588,135.08139,-7.5575876,11.281239,101.33467,-6.429513,-0.6638325,105.05881,13.366844,-1.0388666,73.53027,-26.893671,8.554842,72.96951,26.373102
-1.5048171,200.09111,10.819845,1.6594125,203.5968,8.710279,-5.0144973,203.65039,9.053367,6.0019984,202.94731,-1.0374664,-10.505706,203.08977,0.3391854,12.440515,186.62384,-15.706357,-20.496937,183.85289,-2.6404953,19.356884,161.1158,-14.044845,-20.698917,156.84883,3.7073486,16.298767,151.93005,7.57635,-11.034072,136.42749,14.426068,9.156406,137.4844,-17.949799,-10.821421,135.72466,-8.045589,10.667036,101.83581,-7.0579824,-1.4966046,105.97437,13.640736,-1.4183223,73.30042,-26.790607,7.4102745,73.08617,24.999964
-1.1876394,200.36305,10.317702,2.0227005,203.81819,8.191394,-4.645652,203.97763,8.575408,6.2567954,203.19582,-1.551811,-10.24027,203.50958,-0.06475637,11.899382,187.08981,-16.53444,-20.237299,184.59491,-2.1138885,18.468996,161.65935,-13.603881,-19.273031,158.07486,5.6866484,14.281638,155.55025,8.870548,-6.437659,139.76741,16.736862,8.166726,138.17462,-18.868204,-11.48892,136.65944,-8.316855,9.980183,102.39916,-7.721095,-2.277365,107.181046,13.9767,-1.5747511,73.166504,-26.709394,6.2861676,73.461754,23.129063
-0.95399916,200.76767,9.90974,2.3208685,204.13948,7.76016,-4.3344073,204.51744,8.282543,6.5582547,203.55563,-1.9748366,-9.902662,204.08966,-0.48770675,11.482857,187.74857,-17.282652,-19.949286,185.5964,-1.7124736,17.739422,162.5139,-12.861588,-17.903149,159.76479,7.613633,12.72035,159.22566,10.030165,-2.354569,143.67546,18.725077,7.1494136,138.81863,-19.642494,-12.125802,137.67538,-8.5001955,9.287194,102.99076,-8.472845,-3.152579,108.51904,14.442994,-1.7116834,73.09602,-26.692848,5.1297755,74.22939,20.863327
-0.72087914,201.43593,9.635993,2.5989826,204.77145,7.490349,-4.057764,205.20651,7.997496,6.759906,204.13443,-2.2916923,-9.681722,204.82669,-0.77414674,11.135381,188.57356,-17.932955,-19.670736,186.69402,-1.2259983,17.047508,163.79143,-11.783756,-16.69739,161.50266,9.223608,11.610568,162.8497,11.344606,1.4970468,148.1548,20.03682,6.169659,139.67053,-20.401934,-12.761265,138.82764,-8.666269,8.662581,103.79497,-9.104819,-3.919338,110.14928,14.870916,-1.803225,73.22771,-26.506247,3.8306856,75.35331,18.088028
-0.55573684,202.13937,9.406102,2.7997782,205.45036,7.2838798,-3.8577144,205.94641,7.769935,6.8932443,204.85693,-2.505357,-9.549784,205.69295,-0.9224981,10.793311,189.61504,-18.444344,-19.432384,187.87477,-0.7806277,16.635727,165.39117,-10.507975,-15.48102,163.42166,10.769539,11.032568,166.2761,12.591789,4.8793087,153.00513,20.997879,5.1324987,140.64111,-20.982552,-13.349945,140.00215,-8.618171,8.063107,104.619576,-9.844179,-4.6443434,111.66754,15.073187,-1.768197,73.41782,-26.362635,2.4095833,76.47481,15.076026
-0.40521568,202.92566,9.289892,2.9606097,206.20346,7.1262474,-3.6799135,206.77454,7.691582,7.0245066,205.6379,-2.6677902,-9.423844,206.70348,-0.94496626,10.411676,190.71254,-18.75088,-19.323618,189.0764,-0.3847407,16.545176,167.19658,-9.171612,-14.240493,165.50587,12.175587,10.928362,169.81187,13.669312,7.56257,157.59477,21.708527,4.16653,141.7017,-21.546463,-13.909131,141.20341,-8.523898,7.416349,105.47503,-10.490213,-5.2067323,113.15407,15.11976,-1.6315768,73.640274,-26.207373,0.8047461,77.761154,11.907031
-0.35867986,203.82562,9.264844,3.0180595,207.07759,7.076024,-3.6102083,207.70477,7.695055,7.067204,206.45686,-2.707197,-9.344691,207.7128,-0.93385094,9.955264,191.94775,-18.85774,-19.036499,190.4355,0.13211009,16.757593,169.23943,-8.027682,-13.132004,167.5281,13.511201,11.609986,172.76836,14.70818,9.795702,162.29892,22.118525,3.2003682,142.69833,-22.004078,-14.352148,142.26204,-8.427461,6.6461196,106.334526,-11.257939,-5.6213856,114.17281,15.00997,-1.6301821,73.87589,-26.012167,-0.9644969,78.89187,8.712204
-0.26510686,204.66127,9.309995,3.090687,207.8882,7.0587773,-3.5178165,208.57379,7.8180747,7.074465,207.34123,-2.6768436,-9.269308,208.81116,-0.77897054,9.337741,193.32655,-18.854296,-18.780157,191.66603,0.69302005,16.899324,171.52248,-6.9939404,-11.90103,169.52847,14.97025,12.866662,175.82794,15.530962,11.707219,166.65059,22.399355,2.3180783,143.69786,-22.337711,-14.829091,143.33383,-8.353791,5.8587112,107.07776,-12.046006,-6.0681043,115.028465,14.649832,-1.687597,74.04452,-25.886438,-2.834677,79.93557,5.4977317
-0.19916554,205.59457,9.420786,3.1468627,208.76729,7.079499,-3.4324796,209.53853,7.9785833,7.082435,208.22522,-2.6356137,-9.231236,209.85785,-0.611941,8.768535,194.8113,-18.90149,-18.495905,192.81754,1.1891007,17.129412,173.97157,-6.151639,-10.742585,171.68983,16.513462,14.181424,178.67201,16.322168,13.373962,170.96489,22.77918,1.5733687,144.6443,-22.634129,-15.105973,144.25455,-8.2429695,5.0002127,107.80379,-13.004354,-6.4928093,115.71266,14.167163,-1.851793,74.20377,-25.746712,-4.7042656,81.04704,2.4789028
-0.16603878,206.55374,9.610587,3.2348897,209.66692,7.2600336,-3.3290656,210.5533,8.188351,7.132793,209.03029,-2.5116904,-9.17079,210.73619,-0.46358484,8.299375,196.00528,-18.950123,-18.189377,193.96254,1.7226444,17.468973,176.44734,-5.1053066,-9.525456,173.77603,17.908588,15.175329,181.6261,17.225222,14.793645,175.33879,22.586792,0.9082431,145.47318,-22.858536,-15.344532,145.14087,-8.116791,4.26453,108.51891,-13.998718,-6.857728,116.10069,13.522471,-1.9708248,74.24449,-25.59329,-6.723967,82.21708,-0.42664787
0.043171212,207.3452,9.76277,3.4847705,210.43433,7.429953,-3.057264,211.42532,8.400975,7.231038,209.86885,-2.3518507,-9.073607,211.54158,-0.24283892,7.8829637,197.0503,-18.833376,-17.951328,195.02197,2.2845829,17.868618,178.58772,-4.1134505,-8.366356,175.62108,19.083136,15.882367,184.48064,17.964254,16.03556,179.16856,22.620222,0.28047305,146.11424,-23.025585,-15.591645,145.9084,-8.016631,3.5439994,108.964836,-15.057027,-7.433457,116.19306,12.697321,-1.9587909,74.18685,-25.420918,-8.820512,83.42484,-3.1815357
0.1791812,208.32298,10.061258,3.6294267,211.27989,7.587228,-2.913696,212.33598,8.531721,7.296921,210.61665,-2.1499128,-8.942556,212.3683,-0.04485041,7.48108,198.11703,-18.63738,-17.697647,196.07298,2.7227764,18.266134,180.73215,-3.2234402,-7.3882875,177.7561,20.07173,17.231136,186.82532,18.871552,16.821169,182.69608,22.784384,-0.19712164,146.7191,-23.23424,-15.755225,146.60379,-7.893644,2.8802767,109.23514,-16.184835,-8.032462,116.03736,11.666759,-1.7925396,74.00062,-25.119207,-11.06579,84.24796,-5.8098955
0.3445289,208.8807,10.153926,3.7948995,211.93468,7.799931,-2.748296,212.94711,8.732029,7.4626336,211.39291,-1.9965509,-8.836113,212.96974,0.15478887,7.218562,199.22713,-18.37562,-17.424173,197.07782,3.0693781,18.517897,182.69159,-2.4321237,-6.4379945,179.7894,20.876543,18.211103,188.86008,19.569185,17.607859,185.47583,23.092525,-0.52601,147.41171,-23.233627,-15.822885,147.13937,-7.649872,2.1825223,109.61209,-17.158232,-8.692281,115.460686,10.538483,-1.5637317,73.899315,-24.851559,-13.288521,84.70696,-8.289203
0.40178072,209.4594,10.354596,3.8649676,212.42938,7.9066787,-2.661095,213.51747,8.868969,7.605741,211.84981,-1.798204,-8.654028,213.60623,0.27460396,6.9692473,200.00677,-18.119833,-17.229034,198.02866,3.4402492,18.699135,184.42227,-1.5370516,-5.406728,181.4462,21.551243,19.267637,190.66103,20.407862,18.663637,187.89789,23.42082,-0.80679995,147.91357,-23.186123,-16.008745,147.55675,-7.4188833,1.5993665,109.837395,-18.109194,-9.438098,114.64835,9.177902,-1.5626506,73.90831,-24.728474,-15.304334,84.64286,-10.505162
0.5041602,209.74327,10.48256,3.94778,212.75586,8.066435,-2.5779955,213.8263,9.078715,7.7857175,212.28056,-1.5900393,-8.513005,213.93588,0.38195232,6.782171,200.6331,-17.96601,-17.04415,198.62419,3.7975554,18.826796,186.1962,-0.7377183,-4.4867887,182.95244,22.205727,20.193956,192.2707,21.181519,19.475908,189.97992,23.780043,-0.92505336,148.21893,-23.031897,-16.215057,147.68262,-7.2711873,1.1640915,109.904366,-18.98008,-10.314657,113.60776,7.553968,-1.3936467,73.74084,-24.618444,-17.210226,83.883736,-12.333097
0.59008497,209.99432,10.639371,4.071909,212.96307,8.21847,-2.4687257,214.0395,9.126191,7.8974094,212.48418,-1.4478892,-8.416831,214.21815,0.54172546,6.6070256,201.15678,-17.786732,-16.908688,199.07088,4.1974363,19.084393,187.80244,0.025216388,-3.5421677,184.34306,22.827827,20.967632,193.9281,21.849943,20.117079,191.88106,24.250746,-1.0169597,148.40265,-22.85337,-16.424187,147.77727,-7.1205597,0.9240376,109.7361,-19.756748,-11.3009405,112.333206,5.631702,-1.2573545,73.62252,-24.391356,-18.923716,82.476944,-13.951972
0.7611141,209.99107,10.718028,4.252374,212.97336,8.335658,-2.284973,214.07477,9.251295,7.939215,212.64705,-1.3677858,-8.360276,214.30124,0.7669853,6.4628186,201.38219,-17.570053,-16.79051,199.29767,4.6527343,19.308943,189.128,0.73483616,-2.6540964,185.47345,23.350904,21.74955,195.15189,22.520166,20.962309,193.32944,24.774527,-1.0557578,148.40346,-22.578207,-16.811954,147.59166,-7.122542,0.6961598,109.52468,-20.346062,-12.474595,110.89208,3.360743,-1.1483668,73.492,-24.065203,-20.551952,80.39542,-15.416027
0.9199052,209.935,10.86847,4.457426,212.83131,8.449865,-2.0517354,214.06934,9.373451,7.9750967,212.5483,-1.2787577,-8.27116,214.28792,0.998215,6.1765018,201.24152,-17.435219,-16.615881,199.23993,5.1992974,19.557817,190.12135,1.3659759,-1.6731606,186.49457,23.909527,22.377636,196.01239,23.117746,21.637758,194.65369,25.361523,-1.1417882,148.3217,-22.455061,-17.071863,147.31038,-7.197388,0.6599793,109.312965,-20.771694,-13.921269,109.57142,0.8252284,-0.90249,73.370735,-23.549534,-22.112774,78.08511,-16.781643
1.0168686,209.84705,11.0683155,4.569627,212.70468,8.617521,-1.9574592,213.92184,9.45552,8.094941,212.34341,-1.1321638,-8.141728,214.16736,1.1478742,5.9830785,200.99748,-17.204021,-16.431868,199.04605,5.413976,19.826006,190.58917,1.690498,-0.9361039,187.23488,24.282244,22.935955,196.61122,23.448528,22.059986,195.8139,26.14081,-1.050058,148.12773,-22.11848,-17.20359,146.92741,-7.2934666,0.670181,109.11268,-20.997826,-15.389439,108.528206,-1.5450381,-0.52583075,73.114296,-23.146332,-23.520567,76.0832,-17.82796
1.2149858,209.59343,11.142882,4.740546,212.54033,8.7553425,-1.7852641,213.69713,9.636802,8.230034,212.0903,-1.0537122,-8.048593,213.96683,1.3509276,5.7476554,200.71436,-16.935827,-16.491175,198.81729,5.5661716,19.987825,190.90717,2.0924058,-0.4197276,187.92235,24.607336,23.43977,197.02089,23.797674,22.505497,196.44308,26.58419,-0.9097968,147.96098,-21.672688,-17.515837,146.67989,-7.5338907,0.7383753,109.01729,-21.163015,-16.621733,107.89888,-3.8202376,-0.14200155,73.029686,-22.829494,-24.67056,74.66009,-18.524868
1.4041089,209.36044,11.271279,4.9361787,212.2233,8.792519,-1.539881,213.52031,9.784547,8.344932,211.8047,-0.96042037,-7.871807,213.80188,1.5378861,5.464155,200.514,-16.800343,-16.515394,198.44272,5.854139,20.038305,191.37764,2.2050872,0.07092431,188.28366,24.912754,23.759624,197.17596,23.915073,22.898129,196.95287,26.959158,-0.9430674,147.8744,-21.322609,-17.904856,146.52477,-7.715218,0.6451047,109.04288,-21.131723,-17.631468,107.7001,-5.8058906,0.25028604,73.02007,-22.55058,-25.405273,73.7431,-18.945658
1.6219666,209.21469,11.354205,5.154016,212.05861,8.853874,-1.3164665,213.38828,9.906423,8.41468,211.57965,-0.94883883,-7.783359,213.63797,1.7331395,5.2843223,200.24739,-16.679096,-16.665297,198.39432,6.008283,20.115452,191.47275,2.1959932,0.1564026,188.44255,24.991547,23.904085,196.96951,23.913305,23.170057,196.86082,27.148716,-0.9957256,147.72136,-21.009825,-18.381985,146.37753,-8.021755,0.6822329,109.064445,-20.851072,-18.407274,107.68246,-7.2818527,0.63157016,73.02912,-22.19907,-25.584677,73.29622,-19.113977
1.8257965,209.22017,11.481653,5.3566175,212.06847,8.984413,-1.1293753,213.35905,9.947136,8.531454,211.50354,-0.8687046,-7.6611156,213.62595,1.9582878,4.931579,200.13551,-16.762959,-16.79748,198.45132,6.1816344,19.860426,191.4242,2.0088315,0.20453267,188.50546,25.016937,23.919529,196.6407,23.794872,23.41676,196.61037,27.016329,-1.1153178,147.60538,-20.807281,-18.77686,146.31935,-8.341751,0.8274707,109.07982,-20.438763,-18.899408,107.77261,-8.068177,0.928376,72.96593,-21.92126,-25.422985,73.05564,-19.181198
2.0494547,209.37569,11.690607,5.5221477,212.19614,9.083331,-1.0037872,213.33955,9.956078,8.582001,211.46974,-0.7766239,-7.586795,213.7152,2.2363029,4.6897693,200.13179,-16.944973,-16.825426,198.66896,6.4826603,19.345812,191.01266,1.9322215,0.3127,188.41202,24.894363,23.917204,196.16231,23.55687,23.741241,196.04825,26.49782,-1.3358631,147.43045,-20.767662,-19.163658,146.31892,-8.466243,0.9031879,108.87845,-20.032658,-19.222597,107.76451,-8.357596,1.2279873,72.88687,-21.755466,-25.153376,73.033966,-19.229029
2.1717541,209.52298,11.883111,5.727459,212.2529,9.287376,-0.8165193,213.42705,9.900561,8.692804,211.54494,-0.6209538,-7.4772315,213.78925,2.4193282,4.6355667,200.34854,-17.14235,-16.724607,199.023,6.7406554,18.808975,190.27666,1.6389976,0.18972628,187.9509,24.67731,23.832169,195.16656,23.208906,23.672054,194.95895,25.640772,-1.5581695,147.44048,-20.700182,-19.474218,146.4473,-8.306994,1.061938,108.797554,-19.680021,-19.37764,107.77293,-8.406088,1.5588715,72.89399,-21.434402,-24.922934,73.046074,-19.106028
2.2997057,209.58577,12.0536,5.855123,212.3323,9.48232,-0.6968394,213.48976,10.077713,8.823516,211.69476,-0.43720797,-7.343294,213.91252,2.602829,4.784839,200.53772,-17.214066,-16.698526,199.14305,6.8402724,18.411644,189.21712,1.2165966,-0.024785472,187.20648,24.472567,23.555552,193.709,22.911642,23.645182,193.71259,24.826836,-1.8005992,147.4837,-20.574432,-19.996742,146.56726,-8.233415,1.2119073,108.86402,-19.344881,-19.460032,107.9097,-8.343754,1.9829088,72.93061,-21.342016,-24.54956,72.98674,-18.994602
2.487439,209.58711,12.2368965,6.0004363,212.32803,9.593794,-0.5429816,213.4713,10.277118,8.904756,211.75505,-0.29591212,-7.216525,213.93039,2.8646655,5.110173,200.52605,-17.17584,-16.653027,199.15092,6.926932,18.141304,188.10101,0.9848584,-0.4226789,186.01025,24.051003,23.167948,191.97229,22.818903,23.415243,191.79974,23.968884,-2.0614967,147.46185,-20.445854,-20.349375,146.65082,-8.069005,1.3168308,108.89129,-19.123714,-19.674145,108.08059,-8.38054,2.512311,72.92811,-21.341042,-24.136211,72.922424,-18.891144
2.6392856,209.52629,12.4777975,6.172052,212.21477,9.812114,-0.34025222,213.47653,10.562892,9.098442,211.68755,-0.023896376,-7.0570116,213.9262,3.1239626,5.476616,200.41736,-17.079409,-16.6718,199.1819,6.97374,17.939045,186.63776,0.45971283,-1.241634,184.4652,23.580067,22.756592,189.65588,22.642494,22.789465,189.53151,23.107384,-2.193974,147.47884,-20.24143,-20.6182,146.75526,-8.01253,1.5519075,108.941795,-18.867025,-19.77542,108.148766,-8.400102,3.0601325,72.90291,-21.370342,-23.585245,72.83398,-18.745432
2.8541617,209.41678,12.817139,6.3860803,212.11201,10.154202,-0.111881934,213.41464,10.985281,9.313125,211.61862,0.3126179,-6.832744,213.87572,3.5174294,5.831908,200.2137,-16.908636,-16.652256,199.1942,7.03528,17.5633,184.78381,-0.30406997,-1.9556597,183.03581,22.671116,21.679995,186.90987,22.106956,22.313168,186.90323,21.776468,-2.0868888,147.44331,-19.827906,-20.831823,146.78883,-7.8494306,1.7963333,108.88622,-18.423147,-19.836111,108.140625,-8.223814,3.6300004,72.877716,-21.29637,-23.060707,72.79253,-18.54312
3.0527775,209.23265,13.154748,6.5988803,211.90329,10.484421,0.11244848,213.25032,11.342457,9.585744,211.39867,0.67865294,-6.5597987,213.78532,3.8291016,6.417094,199.82788,-16.584631,-16.67834,199.11926,7.1166663,17.1238,182.57104,-1.0633004,-2.9548914,181.15175,21.708967,20.376133,183.86217,21.581224,21.661682,184.0404,20.573599,-1.8868039,147.24733,-19.387436,-20.937853,146.73459,-7.677347,2.1358626,108.730354,-17.977364,-19.792152,108.00332,-8.074575,4.157543,72.85863,-21.18779,-22.412127,72.77626,-18.517391
3.2859023,208.9998,13.428085,6.7754803,211.77608,10.794046,0.29137444,213.06714,11.798939,9.877264,211.22414,0.9979076,-6.272646,213.56775,4.1008234,7.0950418,199.3041,-16.275414,-16.687431,198.83812,7.388918,16.847492,180.55699,-1.7911304,-3.9814427,179.04362,20.568161,18.780527,180.47766,21.021275,20.79507,180.77232,19.19506,-1.7721522,147.0023,-18.86903,-20.958021,146.62312,-7.4066324,2.5444643,108.60348,-17.608896,-19.553446,107.91072,-7.948003,4.7385254,72.8707,-21.031725,-21.806002,72.76168,-18.362387
3.613471,208.8845,13.670045,7.1742396,211.6455,11.107999,0.6750173,212.93756,11.9082985,10.0966835,211.02313,1.1788372,-5.9807286,213.44693,4.370042,7.7273107,198.68735,-15.767601,-16.607615,198.3417,7.697198,16.62208,178.67084,-2.5041175,-5.1990366,176.78746,19.706396,16.851301,177.1427,20.395826,19.68764,176.9583,17.875341,-1.5425862,146.75215,-18.418652,-20.953072,146.44678,-7.240992,2.9952564,108.43244,-17.079468,-19.254932,107.83137,-7.75212,5.3493037,72.85616,-20.801357,-21.254332,72.747505,-18.345676
3.9774685,208.68803,13.936168,7.626699,211.43169,11.49782,1.1294807,212.81631,12.204876,10.443773,210.86293,1.3924218,-5.651498,213.27438,4.653581,8.462541,198.21684,-15.196752,-16.326385,197.89879,8.0767565,16.598042,176.91026,-3.3709383,-6.718882,174.79787,18.742998,14.563733,173.77173,19.329983,17.73644,172.5013,16.334015,-1.2255672,146.49814,-17.94605,-20.71132,146.32657,-6.9265656,3.5116384,108.36539,-16.297174,-18.83955,107.77769,-7.5483055,6.0542064,72.86463,-20.589796,-20.63082,72.67853,-18.293037
4.3606725,208.5138,14.265261,8.050404,211.18933,11.808928,1.5873549,212.69572,12.542197,10.820224,210.63484,1.7220675,-5.2786317,213.05806,4.9775248,9.035161,197.45555,-14.663665,-16.061682,197.48125,8.263554,16.400393,174.97768,-4.270648,-8.343842,173.07167,17.831566,12.9391575,169.80148,17.909143,15.383857,167.78809,15.270819,-0.96336895,146.4008,-17.615866,-20.542118,146.19632,-6.646041,4.0744,108.30649,-15.387997,-18.431616,107.69899,-7.321359,6.751903,72.92333,-20.436335,-19.782267,72.69614,-18.249151
4.783813,208.17943,14.6050205,8.439287,210.83405,12.081482,1.985061,212.34554,12.902808,11.215081,210.11192,1.9871407,-4.8525815,212.65625,5.3035765,9.641617,196.5626,-14.347966,-15.878125,197.02003,8.20192,15.989291,173.12686,-5.181393,-10.174537,171.74857,16.598328,11.938197,165.21259,16.165703,12.190916,162.59413,15.1919985,-0.56979746,146.05449,-17.313845,-20.182747,145.95862,-6.365217,4.747472,108.08382,-14.298971,-17.830046,107.54351,-7.0304513,7.559443,72.77373,-20.157269,-19.002348,72.654915,-18.342867
5.1408415,207.7991,14.842657,8.732047,210.45131,12.223969,2.3048904,211.96541,13.190959,11.598798,209.6398,2.2417066,-4.4783044,212.19019,5.4851336,10.05371,195.45415,-14.149954,-15.555184,196.45651,8.227843,15.570518,171.21196,-6.041522,-11.587138,170.51935,15.448767,11.886636,160.49014,14.279019,8.482614,157.06787,15.359317,-0.18566868,145.69527,-16.997131,-19.766409,145.5526,-6.0499763,5.34043,107.76339,-12.910147,-17.409533,107.33463,-6.770948,8.140614,72.64453,-19.910297,-18.268858,72.61754,-18.469397
5.461433,207.3287,15.128311,9.023178,210.035,12.519691,2.5634758,211.44145,13.44167,11.930046,209.17009,2.536292,-4.1388683,211.73856,5.7441907,10.578471,194.26521,-13.798217,-15.2994,195.82286,8.134766,15.236529,169.23494,-6.8835707,-12.9304085,169.44843,14.128305,12.215443,155.75914,12.196865,4.5729017,152.65079,15.054347,0.19947223,145.37398,-16.593943,-19.517256,145.27518,-5.87575,5.897071,107.65715,-11.302479,-16.90133,107.11258,-6.439846,8.527464,72.78037,-19.479952,-17.41822,72.54219,-18.510683
5.849107,206.7692,15.450278,9.396037,209.56273,12.915129,2.9033403,210.85295,13.786584,12.349137,208.58174,2.8814988,-3.732156,211.21837,6.056768,11.181186,193.05826,-13.225056,-15.302316,195.01439,7.956502,14.874433,167.22778,-7.98829,-14.551335,168.20338,12.540904,13.303748,151.20483,9.585204,-0.029338425,148.65573,14.31807,0.6115169,144.90434,-16.060276,-19.379421,144.98283,-5.9039803,6.5664225,107.55572,-9.134923,-16.342882,106.88627,-5.8423653,8.839365,73.0255,-18.793165,-16.536842,72.52648,-18.542885
6.2449675,206.23714,15.858079,9.734577,209.04462,13.263489,3.229073,210.24557,14.139501,12.694833,208.04257,3.2601285,-3.3575737,210.617,6.427598,11.795779,191.95174,-12.852197,-15.395098,194.18347,7.6737986,14.832148,165.71718,-9.065896,-16.101301,167.0139,11.339581,14.915086,147.6065,6.643117,-4.9383383,145.29805,13.59419,1.0306226,144.45958,-15.555039,-19.43395,144.63397,-6.2545023,7.120874,107.677536,-6.796106,-15.7042885,106.5654,-5.1171365,9.100856,73.49625,-18.016602,-15.768267,72.4363,-18.542004
6.6068463,205.64885,16.25528,10.031502,208.55388,13.669814,3.4849856,209.56404,14.511112,13.079432,207.39787,3.656835,-2.9524858,209.96292,6.769421,12.438199,190.86629,-12.488246,-15.499132,193.33229,7.31631,14.979245,164.50146,-10.313784,-17.688835,166.06964,10.508779,16.836794,144.53845,2.9097805,-10.514464,142.3348,12.729993,1.5325761,143.64844,-15.160025,-19.214727,143.91655,-6.538649,7.650635,107.74349,-4.058537,-15.04634,106.14037,-4.17774,9.239867,74.204254,-17.05449,-14.964094,72.340065,-18.535854
7.00136,204.98352,16.48015,10.412034,207.94962,13.950995,3.8512108,208.89256,14.778515,13.574254,206.65134,3.9032402,-2.52162,209.19919,6.9163346,13.149087,189.69931,-12.1062565,-15.524601,192.59486,6.9152856,15.356626,163.19487,-11.629781,-19.396626,165.31041,9.9790945,18.327358,141.90475,-1.1158183,-16.350271,140.53796,12.205175,1.9832315,142.61082,-14.820682,-18.807407,142.98329,-6.729824,8.074718,107.837395,-1.0296693,-14.358943,105.68013,-3.1692386,9.353759,75.05733,-15.977777,-14.124174,72.446266,-18.549746
7.5057893,204.34569,16.721104,10.917874,207.25848,14.133012,4.3729186,208.26543,15.009068,14.006091,205.88477,4.125691,-2.088954,208.3461,7.0910435,13.885278,188.63383,-11.852849,-15.39182,192.05531,6.592634,15.979776,161.9701,-13.105705,-21.181341,165.11691,9.659652,19.811417,139.67474,-5.4447722,-22.27836,140.14774,12.189403,2.4844332,141.73134,-14.276012,-18.572592,142.29684,-6.7074404,8.355118,108.11521,1.9760296,-13.828288,105.316574,-2.6933541,9.404638,76.11067,-14.728633,-13.381978,72.44221,-18.68887
7.92396,203.73706,16.914843,11.328113,206.64867,14.318986,4.7647247,207.58936,15.106614,14.569937,205.13661,4.3724513,-1.5706742,207.62137,7.178753,14.628652,187.66435,-11.757272,-15.139666,191.5558,6.318584,16.920454,161.0637,-14.779012,-23.139147,165.40057,9.521282,21.52478,138.0269,-10.009156,-28.15759,140.98206,12.427047,2.9992638,141.26424,-13.51727,-18.397106,141.96507,-6.543979,8.439505,108.67971,4.8847528,-13.467859,105.079094,-2.4196277,9.324948,77.54138,-13.225332,-12.552295,72.63021,-18.791664
8.288796,203.03606,17.037918,11.733202,205.98904,14.5414095,5.1606565,206.93982,15.289364,15.015801,204.51086,4.5341644,-1.1440598,206.89418,7.260026,15.343906,186.99345,-11.656061,-14.824206,191.21567,6.0479336,17.932707,160.66473,-16.519903,-25.409163,166.14902,9.460037,23.410604,137.43707,-14.709692,-33.721844,142.91727,12.962281,3.6378453,141.1164,-12.7279005,-17.995201,141.81776,-6.368007,8.285945,109.441055,7.5714307,-13.148861,105.01887,-2.1656258,9.116321,78.997,-11.638297,-11.682451,72.69233,-18.919077
8.669079,202.35922,17.105238,12.136692,205.31017,14.633723,5.5910344,206.35641,15.456467,15.467467,204.01595,4.664951,-0.7433653,206.31783,7.335275,16.015339,186.49706,-11.569706,-14.609089,191.06517,5.785904,19.104214,160.64648,-18.28716,-27.563906,167.39325,9.553926,25.528362,137.68326,-19.37122,-38.90383,145.62103,13.617792,4.127407,141.01106,-12.029774,-17.504564,141.86734,-6.192464,8.013331,110.19633,10.027382,-12.971096,104.90546,-1.8959948,8.569793,80.223045,-9.781714,-10.9268675,72.86504,-19.052628
9.121869,201.95618,17.192678,12.545013,204.88712,14.640389,6.01696,205.93527,15.569752,15.869497,203.52219,4.712969,-0.33404842,205.89632,7.425799,16.558296,186.24341,-11.560381,-14.193938,191.06876,5.585621,20.388512,161.15138,-19.891973,-29.685846,169.08334,9.65175,27.906887,138.91682,-23.759539,-43.66431,149.18036,14.39344,4.4150634,140.95471,-11.386389,-17.174812,141.82986,-6.1292257,7.656294,111.05022,12.1792755,-12.835773,104.83525,-1.5770789,7.6942034,81.21038,-7.806335,-10.283869,72.99578,-19.240753
9.53488,201.77728,17.2565,12.891169,204.72829,14.647619,6.3616242,205.72723,15.704433,16.291174,203.28539,4.75783,0.1315179,205.73578,7.436409,16.976624,186.3082,-11.468786,-13.773935,191.39507,5.432852,21.549482,162.15446,-21.755335,-31.53341,171.43869,9.823159,30.331734,140.92244,-27.80223,-47.833355,153.49768,15.253835,4.789788,141.02098,-10.635943,-16.825306,141.79811,-6.158788,7.2391443,111.87438,14.0202675,-12.804198,104.74435,-1.2282041,6.424839,82.068535,-5.859775,-9.751773,73.191605,-19.423841
9.895473,201.76466,17.268337,13.235315,204.69377,14.615006,6.7268906,205.7219,15.711412,16.668076,203.18024,4.78566,0.5188272,205.65111,7.437686,17.283136,186.58363,-11.370028,-13.308394,191.75017,5.336198,22.77388,163.54617,-23.507708,-33.198635,174.17892,9.965141,32.817078,143.55458,-31.300632,-51.292465,158.25272,15.944957,4.9803457,141.0628,-9.689182,-16.70054,141.75175,-6.3500004,6.7907333,112.51868,15.615801,-12.729241,104.79529,-1.0857639,4.9342976,82.503746,-3.8175015,-9.394775,73.32075,-19.559383
10.270326,201.86255,17.203735,13.611941,204.82767,14.590976,7.108398,205.86688,15.775004,17.085829,203.33188,4.748499,0.9162224,205.71185,7.3056054,17.53808,187.11195,-11.304137,-12.868754,192.2237,5.1906915,23.943356,165.38864,-25.156805,-34.58057,177.13316,9.952929,35.314846,146.64929,-34.302437,-54.209007,163.45624,16.495079,5.1346116,141.1099,-8.576621,-16.739124,141.74951,-6.548946,6.049033,113.0027,17.017427,-12.77835,104.75399,-0.9914966,3.1897264,82.53389,-1.6516222,-8.986566,73.38668,-19.747885
10.597465,202.09442,17.100603,13.96351,205.03139,14.480465,7.463661,206.11775,15.656661,17.45024,203.51456,4.653516,1.2474017,205.86874,7.192043,17.79068,187.64668,-11.403063,-12.468038,192.80345,4.9892735,24.930847,167.32439,-26.622646,-35.786522,180.35297,9.702718,37.899544,150.25499,-36.80302,-56.552658,168.95149,17.111053,5.3475785,141.33374,-7.7233005,-16.715652,141.96129,-6.524534,5.374323,113.56566,18.218498,-12.849693,104.87637,-0.89647347,1.0280926,82.540115,0.82189363,-8.720776,73.665565,-19.953686
10.8352375,202.45218,16.944511,14.28025,205.30922,14.345262,7.7923913,206.52571,15.456551,17.71362,203.83713,4.4832993,1.5558255,206.31248,7.011202,17.99843,188.19057,-11.586991,-12.174814,193.35327,4.822438,25.91086,169.1512,-28.009874,-36.783867,183.28847,9.291572,40.404568,153.88953,-38.798943,-58.41226,174.55136,17.72321,5.396297,141.70355,-7.0731726,-16.652899,142.3031,-6.3671503,4.6006727,114.06086,19.27182,-12.852045,105.14981,-0.7735918,-1.1709328,82.442474,3.5002599,-8.441332,74.044525,-20.2404
11.148875,202.79768,16.672295,14.733972,205.53691,14.134404,8.263107,206.92639,15.02115,17.92346,204.09984,4.1674776,1.8284457,206.63019,6.7235513,17.991573,188.79391,-11.759972,-12.072064,194.01085,4.5289993,26.726847,171.00078,-29.183985,-37.464005,186.49971,9.365054,42.777454,157.45076,-40.219887,-59.823273,180.00742,18.16776,5.3804674,142.06493,-6.478607,-16.671444,142.63618,-6.1052303,3.6386676,114.40496,20.030174,-12.804936,105.4422,-0.8325699,-3.5067873,82.013916,6.424407,-8.070362,74.5646,-20.655025
11.334878,203.15686,16.29264,14.979914,205.89355,13.838084,8.497914,207.30751,14.619604,18.188988,204.33537,3.8126721,2.0987413,207.08751,6.3135433,17.963806,189.42729,-12.140256,-11.929421,194.7475,4.2026362,27.613945,172.86252,-30.245756,-37.867687,189.6678,9.693124,45.10118,161.02202,-41.259594,-60.891598,185.49274,18.490122,5.2622504,142.29071,-5.9742265,-16.64931,142.83289,-5.705883,2.6534176,114.751976,20.608866,-12.896935,105.64634,-0.71973467,-5.6867843,81.60792,9.1805,-7.773305,75.11246,-21.006342
11.554293,203.45027,15.878516,15.224039,206.13524,13.413601,8.758849,207.64319,14.231975,18.432335,204.59225,3.392552,2.3352482,207.3944,5.8884053,17.948532,189.90544,-12.414271,-11.834648,195.36708,3.9307897,28.413095,174.60402,-31.164541,-38.0339,192.52002,9.882509,47.064766,164.54082,-41.98229,-61.489048,190.56209,18.407804,5.0620766,142.54716,-5.40483,-16.699087,143.00157,-5.362683,1.630449,114.65497,20.89321,-13.119083,105.94536,-0.42879188,-7.656794,80.97776,11.95852,-7.5911174,75.68088,-21.12048
11.723167,203.82686,15.408219,15.4189625,206.48976,12.95148,8.972825,208.06361,13.802639,18.59441,204.85365,2.92032,2.5136771,207.78207,5.39439,17.814404,190.26384,-12.691721,-11.799997,196.12718,3.691272,29.22625,176.20131,-31.82508,-38.088985,195.19609,9.582837,48.874752,167.92488,-42.3109,-61.786274,195.15266,18.018106,4.676673,142.57298,-4.716897,-16.788248,143.1865,-4.972825,0.86425716,114.210144,20.969044,-13.237916,106.08459,0.08086673,-9.6398735,80.258026,14.820402,-7.338084,76.17252,-21.122152
11.765108,203.93277,14.905604,15.559679,206.47003,12.473571,9.141169,208.21883,13.218485,18.696024,205.03662,2.4887364,2.6517816,208.17093,4.915699,17.715046,190.50533,-13.0355425,-11.74089,196.73354,3.4412658,30.064926,177.7236,-32.317535,-38.039165,197.84343,9.360272,50.39209,171.2824,-42.662346,-61.7491,199.45879,17.764471,4.405762,142.6226,-3.9640813,-16.924469,143.41524,-4.610424,0.17621316,113.45884,20.791487,-13.410591,106.25077,0.6969491,-11.499933,79.45572,17.537264,-7.2036505,76.44264,-21.003876
11.729958,203.93924,14.397801,15.578494,206.5123,12.085558,9.151611,208.25533,12.709578,18.717974,205.13667,2.0109322,2.6808789,208.40135,4.4579663,17.593992,190.60593,-13.433022,-11.747674,197.11742,3.1884606,30.665508,178.91426,-32.878555,-37.836082,200.02689,9.170767,51.650414,174.32108,-42.81482,-61.22586,203.05893,17.563667,4.1536226,142.49115,-3.3663619,-17.018173,143.47147,-4.0805573,-0.57065415,112.46873,20.327497,-13.326034,106.246086,1.3825902,-13.130408,78.572945,20.127829,-7.0675626,76.67103,-20.849333
11.672839,204.03197,13.912192,15.567625,206.58943,11.663006,9.116381,208.3232,12.130966,18.762989,204.99315,1.5918002,2.768342,208.4513,3.820909,17.571077,190.46909,-14.004553,-11.812648,197.35704,2.9389267,31.328072,179.82245,-33.432266,-37.53196,201.99199,9.20244,52.939957,176.94862,-42.552574,-60.80179,206.49217,17.424793,3.8835504,142.16867,-2.9904315,-17.119417,143.42535,-3.6228464,-1.3548081,111.34735,19.872334,-13.563376,105.99151,2.1735258,-14.408714,77.62926,22.565536,-7.018119,76.876724,-20.693756
11.597081,204.01447,13.464445,15.546135,206.54367,11.28714,9.105412,208.32745,11.641686,18.736979,204.79752,1.1694592,2.7453475,208.34732,3.2940042,17.466219,190.18956,-14.401375,-11.857172,197.49854,2.5982764,31.898603,180.58475,-33.89897,-37.136326,203.5819,9.218852,53.965355,179.29314,-42.093605,-60.085693,209.31975,17.240116,3.6189609,141.76396,-2.7866488,-17.367832,143.26855,-3.0846863,-2.1685088,110.476295,19.44791,-13.814832,105.78436,2.958073,-15.280471,76.87777,24.638777,-6.969257,77.0636,-20.693453
11.5362625,203.67073,13.032181,15.525305,206.14886,10.852399,9.093476,207.9691,11.0973425,18.713215,204.33923,0.72580636,2.7450004,208.0115,2.7595024,17.28434,189.73465,-14.700174,-12.011472,197.44542,2.2527785,32.52862,181.21909,-33.97344,-36.777004,204.96532,9.08902,54.752045,181.30298,-41.49892,-59.368824,212.05981,17.089884,3.3074367,141.30331,-2.7029507,-17.638586,143.0242,-2.2754395,-2.8865325,109.63591,19.055357,-14.03728,105.44125,3.6994898,-15.877238,76.07767,26.257946,-6.888765,77.29555,-20.760782
11.585749,203.25877,12.660411,15.572021,205.73366,10.470084,9.15679,207.57182,10.736471,18.619335,203.73326,0.25908545,2.6706085,207.48605,2.4311337,17.232622,189.0678,-14.818028,-12.134609,197.15176,1.9691159,33.129177,181.9194,-33.95277,-36.430904,205.9242,8.729576,55.42243,182.95688,-41.07152,-58.64558,214.14233,16.802076,3.003828,140.66628,-2.5398293,-18.038637,142.61462,-1.2271866,-3.575826,108.47483,18.77364,-14.139304,104.80511,4.3772073,-16.50542,75.17935,27.251392,-6.922279,77.47484,-20.850857
11.560085,202.62335,12.372041,15.457423,205.11954,10.050457,9.069155,207.00075,10.710074,18.481066,202.9828,-0.08870928,2.568571,206.68112,2.1071749,17.24927,188.2506,-14.998436,-12.154854,196.66904,1.6674066,33.693466,182.20892,-33.882965,-36.092144,206.51952,8.305175,56.014355,184.33244,-40.394657,-57.87483,215.67282,16.453188,2.6763442,139.88644,-2.2129972,-18.320383,141.93163,-0.47957027,-3.9688895,107.41324,18.713076,-14.415118,104.20912,4.988303,-17.059397,74.39125,27.677952,-6.884121,77.563896,-20.98751
11.4539585,201.78879,12.085897,15.277727,204.29178,9.65993,8.925215,206.18806,10.567195,18.2877,202.19215,-0.4429308,2.4305685,205.95695,1.9156631,17.278814,187.26828,-15.026663,-12.139458,196.06363,1.5412095,34.187737,182.1722,-33.691433,-35.6737,206.76004,7.9753304,56.519783,185.51259,-39.80565,-57.105984,216.67548,16.049603,2.3703403,139.13014,-1.949722,-18.688215,141.26619,0.16376491,-4.131292,106.6476,18.88557,-14.719735,103.52118,5.5129967,-17.47405,73.79314,27.676233,-6.7994123,77.67299,-21.116997
11.375334,201.03908,11.803066,15.145557,203.56586,9.30808,8.784921,205.40793,10.286738,18.117966,201.37262,-0.73434734,2.2790508,205.11894,1.6653507,17.14507,186.21187,-15.086098,-12.149073,195.34038,1.4128551,34.649246,181.96565,-33.396423,-35.35543,206.7253,7.7118216,56.970203,186.28152,-39.05652,-56.49984,217.50893,15.491196,2.122076,138.33702,-1.5202572,-19.009022,140.45557,0.6123399,-4.003217,106.019646,19.294748,-14.993615,102.747,5.9648085,-17.8012,73.28762,27.537415,-6.778021,77.61198,-21.294771
11.3287,200.31201,11.575364,15.090847,202.79271,9.026122,8.700276,204.58975,9.873438,18.046204,200.52094,-0.99077505,2.2140174,204.23482,1.3543249,17.016596,185.25673,-15.029322,-12.219127,194.5509,1.2807626,34.96641,181.58066,-32.99276,-35.17177,206.46004,7.5156584,57.256554,186.76,-38.0591,-56.132687,217.78998,14.963455,2.0244956,137.58896,-1.182523,-19.122162,139.64427,0.80355203,-3.905577,105.6347,19.803957,-15.308732,102.0325,6.340654,-17.899906,73.07042,27.188263,-6.8841424,77.571495,-21.47107
11.216402,199.57274,11.331896,14.953013,202.1223,8.814071,8.592943,203.93512,9.861921,18.071466,199.81343,-1.1715754,2.1660202,203.39905,1.0081987,17.022007,184.462,-14.860894,-12.2687645,193.82161,1.0340209,35.344704,180.97871,-32.395786,-35.18114,205.94359,7.2379885,57.593983,186.75111,-36.92737,-56.085377,217.58545,14.441578,1.8852216,137.00601,-1.0369617,-19.293953,139.03064,0.80964744,-3.618042,105.318825,20.172415,-15.502233,101.43775,6.546462,-17.94116,72.893585,26.823439,-6.9550905,77.61873,-21.68905
11.119765,199.07932,11.189323,14.847254,201.63766,8.673068,8.49026,203.44995,9.7709875,18.064564,199.24358,-1.2725329,2.1163743,202.90431,0.8485484,16.984957,183.7708,-14.588433,-12.455323,193.32831,0.8213319,35.710564,180.29974,-31.57191,-35.404034,205.42125,6.965117,57.931614,186.3634,-35.798813,-56.38737,217.02162,13.886539,1.7397099,136.44034,-1.0288161,-19.360395,138.46414,0.7051941,-3.182963,104.95674,20.396763,-15.564226,101.01046,6.5314293,-17.769478,72.79581,26.494802,-6.881275,77.70458,-22.0226
11.075124,198.79008,11.139447,14.809764,201.35799,8.6401,8.441129,203.14938,9.701405,18.087147,198.99648,-1.2370954,2.1054115,202.59119,0.70754814,17.061407,183.28084,-14.209964,-12.624494,193.01169,0.6422679,36.035915,179.5278,-30.765785,-35.74174,204.83806,6.564261,58.305424,185.6568,-34.500027,-56.895203,216.08209,13.458201,1.7381322,136.05827,-1.0658624,-19.387932,138.12358,0.3588653,-3.0068722,104.64947,20.335148,-15.483657,100.743286,6.2928953,-17.705612,72.70257,26.253553,-6.813946,77.69619,-22.314955
10.975203,198.74088,11.178374,14.709658,201.33192,8.697571,8.30811,203.06091,9.676801,18.184603,198.92792,-1.0980856,2.1230597,202.45273,0.6201334,17.236462,182.98169,-13.706629,-12.668531,192.81392,0.468053,36.41856,178.86334,-29.96373,-36.17771,204.23625,6.034591,58.88756,184.62627,-32.97696,-57.695408,214.81294,13.050873,1.721852,135.87674,-1.2958076,-19.397818,137.9731,-0.06990721,-2.8899524,104.50147,19.960588,-15.357484,100.75144,5.9602675,-17.67399,72.679306,25.993286,-6.704171,77.613846,-22.529417
10.956727,198.99348,11.411703,14.73959,201.54051,8.963538,8.327083,203.30263,9.806088,18.234716,199.23773,-0.8293387,2.1334345,202.6548,0.8114809,17.309004,183.14484,-13.544599,-12.633019,192.83438,0.23341623,36.7892,178.06335,-28.933031,-36.605976,203.50987,5.566443,59.509476,183.2831,-31.187973,-58.615124,213.26706,12.389832,1.712197,135.97394,-1.7609912,-19.421131,138.05247,-0.461337,-2.9071062,104.481544,19.251083,-15.203325,100.880714,5.4464574,-17.658787,72.67004,25.72983,-6.6669564,77.587555,-22.892605
10.873882,199.46721,11.731849,14.736516,201.87773,9.265128,8.313093,203.70645,9.866527,18.282635,199.719,-0.48444742,2.1326993,202.99028,1.0128374,17.42667,183.58223,-13.289331,-12.532612,193.13765,0.09769283,37.15355,177.23238,-28.004292,-37.031548,202.53082,5.1048346,60.16025,181.64836,-29.279121,-59.54674,211.21992,11.582195,1.719396,136.26414,-2.2180405,-19.327337,138.52608,-0.9695278,-3.103365,104.46636,18.422764,-15.116541,101.24599,4.836177,-17.614214,72.68577,25.534683,-6.5263352,77.578476,-23.209929
10.807591,199.94745,11.938381,14.697587,202.41374,9.571784,8.2458,204.16333,9.971911,18.29351,200.40411,-0.17063928,2.1431901,203.63905,1.277431,17.553104,184.09077,-12.941347,-12.3464365,193.43535,0.035521254,37.350475,176.54794,-27.250189,-37.43036,201.4166,4.560914,60.70791,179.72827,-27.398584,-60.47165,208.81848,10.702572,1.7807541,136.64641,-2.7198112,-19.109852,139.00438,-1.3792964,-3.4536295,104.52795,17.521332,-14.924172,101.62706,4.2427373,-17.524708,72.6931,25.416313,-6.319114,77.628746,-23.379032
10.749542,200.52274,12.290734,14.574143,203.07431,9.912944,8.112104,204.74509,10.452927,18.226934,201.23024,0.19144742,2.0632582,204.27194,1.7248101,17.819538,184.79187,-12.703553,-12.118751,193.77615,-0.07869618,37.557655,175.93018,-26.412685,-37.686146,200.14117,4.088612,61.022087,177.65102,-25.616135,-61.304756,205.88742,9.74968,1.9888759,137.09442,-3.1924982,-18.85332,139.37624,-1.9417461,-3.8868148,104.65318,16.383028,-14.903811,101.92181,3.4717607,-17.34054,72.72036,25.267591,-6.0200033,77.476654,-23.588223
10.594208,201.29276,12.875815,14.25879,203.95169,10.363917,7.756239,205.37314,11.048512,18.08262,202.04776,0.7009963,1.890441,205.00296,2.3005216,18.251667,185.56833,-12.492643,-11.785888,194.04344,-0.17925589,37.77792,175.18985,-25.629917,-37.800236,198.63232,3.3910735,61.370018,175.34512,-23.687798,-61.984642,202.55829,8.389394,2.3489163,137.51161,-3.8393474,-18.504686,139.84482,-2.5826347,-4.418838,104.88372,15.307266,-15.010265,102.41545,2.6767683,-17.16977,72.78114,25.147736,-5.656497,77.50497,-23.790403
10.4049635,201.92642,13.374489,13.916559,204.6921,10.772995,7.3776655,205.90242,11.612656,17.855635,202.93915,1.171278,1.5879502,205.49797,2.8839667,18.658554,186.27733,-12.38817,-11.445799,194.2978,-0.20955668,38.082607,174.45064,-24.687613,-37.886856,196.91666,2.6268423,61.45436,172.73532,-21.419498,-62.273968,198.89922,7.06913,2.661553,137.89246,-4.635239,-18.175625,140.39003,-3.3445845,-4.8575535,105.109505,14.316948,-15.1425,102.95089,1.7454143,-17.046183,72.87231,25.054802,-5.17136,77.63271,-23.94386
10.234361,202.28098,13.812005,13.633528,205.24426,11.27092,7.059598,206.17078,12.124197,17.636908,203.63786,1.6600205,1.3361322,205.89278,3.3866596,19.018465,186.8437,-12.212383,-11.300859,194.64526,-0.09190912,38.22995,173.62946,-23.325018,-37.993618,195.00385,1.5682743,61.22779,170.00305,-19.131662,-62.479664,194.93677,5.695795,2.9607916,138.25664,-5.552686,-17.755302,140.91435,-4.162032,-5.211435,105.35245,13.295098,-15.187126,103.43766,0.8276108,-16.87834,73.01536,24.836798,-4.5311847,77.60131,-24.001686
9.82864,202.7984,14.2649355,13.182734,205.79982,11.712356,6.591266,206.62329,12.552337,17.279673,204.30006,2.1371958,0.912131,206.17964,3.825558,19.55759,187.25311,-11.792774,-11.303715,194.85646,-0.13395277,38.392242,172.6302,-21.88804,-37.89594,192.54347,0.40860575,60.801716,167.03642,-16.717806,-62.246113,190.56573,4.159525,3.3171315,138.4525,-6.3954706,-17.2572,141.26329,-5.0783877,-5.488522,105.51629,12.364039,-15.291585,103.82556,-0.049379576,-16.643835,73.17703,24.640415,-3.736219,77.570244,-24.009153
9.420558,203.1856,14.710201,12.599909,206.36548,12.155359,5.9805646,206.83614,13.004625,16.786898,204.97594,2.5573568,0.41527423,206.30197,4.2483788,20.22935,187.51732,-11.248491,-11.43202,194.86272,-0.5082401,38.47295,171.23552,-20.225758,-37.791557,190.04237,-1.1049778,60.084896,163.88896,-14.0181675,-61.762028,185.72484,2.2796943,3.7352934,138.7192,-6.703965,-16.659178,141.52345,-6.1633625,-5.708437,105.6042,11.577906,-15.16506,104.14639,-0.96289235,-16.345293,73.4016,24.456324,-2.862117,77.58847,-24.053991
8.999648,203.49004,15.076787,12.113976,206.77493,12.580275,5.472948,207.0692,13.409694,16.324436,205.32014,2.8956857,-0.07637874,206.39299,4.6389613,20.753271,187.69688,-10.345176,-11.702657,194.85541,-1.0407461,38.206257,169.7912,-18.145071,-37.52363,187.72371,-3.2237883,58.890102,160.71042,-11.275089,-60.913013,180.67212,0.2673967,4.2255983,138.89589,-6.565807,-16.104769,141.71982,-7.4107313,-5.7256136,105.61142,10.871821,-14.869311,104.32956,-1.9208121,-15.934469,73.428345,24.229847,-2.1363971,77.25739,-24.043247
8.419419,203.73126,15.38404,11.4553795,207.12425,12.937436,4.8161416,207.25566,13.754397,15.808968,205.69307,3.233494,-0.61108834,206.33374,4.8585763,21.373388,187.80504,-9.292887,-11.99956,194.49634,-1.8079454,37.712597,168.27823,-16.072277,-36.96783,185.09753,-5.1738744,57.336906,157.52339,-8.4923725,-59.582127,175.58974,-1.5562642,4.7783723,138.99211,-6.471211,-15.60981,141.85323,-8.6511965,-5.509482,105.632324,10.34915,-14.607608,104.41348,-2.8430882,-15.47119,73.519165,23.927841,-1.3424776,76.94796,-24.083818
7.88799,203.92455,15.595865,10.835875,207.41603,13.175809,4.177987,207.28873,13.869594,15.315777,205.86264,3.4694011,-1.1391182,206.17152,4.956448,21.855543,187.71417,-8.333383,-12.43472,193.78021,-2.7503695,37.04103,166.84439,-13.989463,-36.37571,182.15894,-6.937777,55.333164,154.316,-5.6554165,-57.86306,170.34982,-3.1692886,5.2357683,138.91768,-6.4729357,-15.151651,141.7266,-9.927665,-5.0746965,105.67643,10.194587,-14.148185,104.336845,-3.6696465,-14.850567,73.55251,23.745594,-0.6454248,76.482216,-24.101353
7.2480683,203.96901,15.670963,10.195936,207.46655,13.259323,3.5261564,207.236,13.792561,14.745673,205.86745,3.611519,-1.7568237,206.01895,4.9415574,22.347698,187.43895,-7.4616065,-12.980334,192.93419,-3.9961987,36.432804,165.29526,-11.909747,-35.663845,179.16353,-8.654199,52.888386,151.01903,-2.529753,-55.7938,165.23067,-4.6401415,5.8568068,138.6822,-6.4472623,-14.591279,141.43076,-10.963151,-4.578338,105.72933,10.528794,-13.701427,104.17513,-4.5048413,-14.1266775,73.60707,23.513363,-0.049002014,75.94812,-24.211182
6.540987,203.94235,15.64521,9.474179,207.44185,13.2222595,2.8079002,207.1537,13.702663,14.042277,205.8981,3.6054356,-2.4440527,205.74565,4.859941,22.762392,187.00235,-6.7775335,-13.46831,191.96504,-5.519927,35.71797,163.70755,-9.823268,-34.861946,176.20807,-10.345422,50.062283,147.72018,0.5363642,-53.16749,160.22961,-5.8539453,6.5249276,138.46956,-6.399897,-13.955957,141.07332,-11.9072485,-4.0125732,105.96498,11.229701,-13.155845,103.87624,-5.157987,-13.396196,73.59529,23.307348,0.5294559,75.49342,-24.323696
5.766638,203.80418,15.441896,8.722254,207.34149,13.098321,2.0578609,207.00252,13.4102955,13.329965,205.91826,3.4482317,-3.128456,205.29388,4.5336056,22.891256,186.59776,-5.937968,-13.730937,190.93962,-7.181009,34.678234,162.665,-7.444877,-33.7072,173.34988,-11.766866,46.893997,145.26126,3.622854,-50.07964,155.5848,-6.761586,7.2261043,138.34856,-6.3654704,-13.228758,140.6171,-13.025283,-3.2254596,106.548615,12.359507,-12.708236,103.80002,-5.8364043,-12.708681,73.78518,22.816349,0.9510599,75.03833,-24.411596
4.9601536,203.57167,15.13957,7.88389,207.17874,12.85993,1.2242682,206.71693,13.08262,12.57065,205.82588,3.1930249,-3.9005876,204.87111,4.170583,22.855045,186.41978,-5.0800548,-13.741049,189.977,-8.689113,33.39397,161.83492,-5.3450103,-32.212654,170.63269,-12.974488,43.276924,143.61328,6.701642,-46.788517,151.38086,-7.392979,7.9483852,138.28352,-6.3648434,-12.479313,140.21872,-14.111299,-2.551967,107.415344,13.737405,-12.055538,103.80325,-6.437569,-11.736245,74.110016,21.973894,1.352586,74.5599,-24.463312
4.1801143,203.34337,14.754935,6.9401665,207.07793,12.477764,0.3019463,206.33145,12.725629,11.773951,205.71245,2.8282273,-4.6856027,204.45883,3.7729688,22.600012,186.30634,-4.180837,-13.796555,189.1279,-9.944793,32.02168,161.27557,-3.4120648,-30.508942,167.98518,-13.9881315,39.412743,142.61153,9.767645,-43.24333,147.58528,-7.5881333,8.729986,138.33061,-6.448962,-11.649848,139.82669,-15.077575,-1.8876406,108.68916,15.272863,-11.427291,103.75394,-6.950356,-10.461928,74.70937,20.521006,1.7005365,74.260796,-24.530186
3.4292932,203.02042,14.345097,6.098442,206.8173,12.06502,-0.52402705,205.9252,12.337024,10.970647,205.67117,2.4715362,-5.44391,204.10616,3.357927,22.156252,186.33435,-3.333396,-13.716661,188.48628,-11.120382,30.434185,160.9922,-1.4652002,-28.643166,165.84291,-14.552434,35.116264,142.17505,12.657496,-39.60364,144.59113,-7.3590307,9.430889,138.54259,-6.533552,-10.69216,139.57903,-15.996361,-1.3354039,110.239815,16.65956,-10.881726,103.7533,-7.525298,-8.961246,75.598656,18.594944,2.1659691,73.90433,-24.602947
2.6314454,202.74915,13.906484,5.2841787,206.63438,11.7577305,-1.3232359,205.62083,11.864858,10.251442,205.8158,2.1866035,-6.130055,203.8805,2.810892,21.75708,186.40761,-2.5525048,-13.522431,187.90674,-12.181048,28.707294,160.80116,0.40596342,-26.902838,164.01031,-15.304173,30.429802,142.19261,15.48037,-35.919495,142.44379,-6.5346694,10.165968,138.83755,-6.6532564,-9.62722,139.53416,-16.881615,-0.97480214,111.59003,17.740486,-10.318708,103.809814,-7.940009,-7.1364913,76.55219,16.371185,2.6280658,73.602486,-24.477299
1.9591975,202.46548,13.42134,4.54728,206.46388,11.413122,-2.0411837,205.32549,11.449071,9.519832,205.9824,1.8052157,-6.8063293,203.64372,2.3313003,21.356739,186.59894,-1.864182,-13.058058,187.53835,-13.196717,26.86691,160.83934,2.4111476,-25.08569,162.86998,-15.735325,25.361599,142.58084,17.99042,-32.200993,141.25662,-5.269165,10.777323,139.30252,-6.7905416,-8.432682,139.70581,-17.716225,-0.8592029,112.937965,18.485064,-9.816123,104.02414,-8.356667,-5.0458436,77.7338,13.879782,2.957221,73.50158,-24.257639
1.3391403,202.47902,12.982466,3.851939,206.55942,11.041534,-2.7036462,205.24219,10.960948,8.918475,206.25339,1.4452859,-7.37315,203.43207,1.8268101,21.0921,187.02016,-1.2350178,-12.569202,187.30437,-14.100895,24.871521,161.12148,4.2706585,-23.262678,161.99887,-15.93461,20.07475,143.83788,20.3191,-28.76546,140.83913,-3.6908967,11.348262,139.80359,-6.73881,-7.2298036,139.92326,-18.485228,-0.6618928,114.28805,18.942692,-9.342445,104.39472,-8.67338,-2.6789773,79.27806,11.15967,3.0910664,73.569885,-24.090326
0.67847,202.54651,12.613479,3.1980877,206.66942,10.751649,-3.3225627,205.23755,10.404315,8.354222,206.61209,1.2118505,-7.8368263,203.36592,1.3134391,20.68069,187.53497,-0.645581,-12.011028,187.51672,-14.89105,22.630493,161.83661,6.1588864,-21.506247,161.70757,-15.935861,14.992665,145.94565,22.250858,-25.540577,141.46497,-1.6923754,12.036165,140.54001,-6.6306806,-6.00533,140.44278,-19.116274,-0.37340736,115.71302,19.021244,-8.84607,104.87728,-9.115671,-0.26181975,81.136116,8.406582,3.1330733,73.650826,-24.104813
0.09692246,202.91907,12.31048,2.5765874,207.04022,10.405795,-3.8902822,205.42221,9.882152,7.8438582,207.11143,1.022665,-8.26965,203.61148,0.8496365,20.223717,188.14331,-0.013891051,-11.400555,187.90718,-15.728955,20.523123,162.65025,7.7611494,-19.983608,161.75746,-15.723112,9.826677,148.70917,23.71371,-22.533781,142.74992,0.4541424,12.812317,141.61885,-6.390333,-4.7971315,141.19159,-19.613668,-0.11146418,116.92986,18.84433,-8.279131,105.49144,-9.581788,2.1011884,82.98266,5.8149567,3.2612138,73.838486,-24.007269
-0.5014211,203.32594,11.996481,1.9409666,207.5061,10.165583,-4.481655,205.76709,9.493963,7.4172583,207.8422,0.9309723,-8.604681,204.01328,0.36210307,19.837122,188.9899,0.83018345,-10.803514,188.42885,-16.454243,18.379723,163.77,9.250501,-18.540854,162.05972,-15.387159,4.818152,152.10492,24.487818,-19.735802,144.48048,2.597229,13.349225,142.52345,-6.1992617,-3.6419423,141.86436,-20.005434,0.01945083,117.62136,18.375937,-7.5310216,106.09066,-10.147179,4.4970255,84.72402,3.5606356,3.5819654,74.05697,-23.85813
-1.0490452,203.81688,11.620773,1.2513915,208.13052,9.904949,-5.0981646,206.18774,9.1718025,6.957176,208.70546,0.81590766,-8.969509,204.3987,-0.1046071,19.376152,189.90079,1.630081,-10.285071,189.05852,-17.059193,16.451422,165.05855,10.679505,-17.17151,162.68243,-14.818918,0.019974692,156.41142,25.001041,-17.224102,146.55249,4.7090964,13.96592,143.50604,-5.8502107,-2.4567828,142.66899,-20.431154,0.03909209,117.963974,17.63179,-6.7354474,106.660194,-10.763837,6.878317,86.132195,1.5788592,4.05019,74.16329,-23.715887
-1.6140743,204.46228,11.423803,0.6173627,208.83022,9.780333,-5.6993103,206.7755,8.975898,6.4639025,209.58969,0.72614545,-9.368567,205.07605,-0.4454109,18.980343,191.01944,2.2528434,-9.813391,189.82143,-17.62168,14.691502,166.47514,11.986903,-16.042475,163.36539,-13.940965,-4.263253,160.80127,24.839901,-14.957371,149.03708,6.9317207,14.479332,144.48134,-5.481424,-1.3512224,143.57443,-20.807055,0.110155754,118.01616,16.647163,-5.815417,107.39339,-11.432861,9.29887,87.315315,-0.30080444,4.2836137,74.19756,-23.534512
-2.2463224,205.18896,11.210838,-0.026105747,209.64235,9.776102,-6.3091917,207.57523,8.7980585,5.8965383,210.50136,0.68697894,-9.8373575,205.81055,-0.72915876,18.405195,192.30792,2.7389243,-9.32821,190.72234,-17.995955,13.328412,168.42519,13.20507,-15.247132,164.5035,-12.959574,-7.281973,165.36046,24.301422,-13.376185,152.14465,9.089619,14.939762,145.25305,-5.0673313,-0.31986427,144.39981,-21.107769,0.38368568,117.697685,15.429674,-4.9447737,108.01827,-12.115918,11.802434,88.00486,-2.030951,4.161089,74.09951,-23.23003
-2.728924,205.88208,11.036568,-0.5855612,210.39381,9.6449175,-6.8480654,208.24706,8.69496,5.42647,211.42482,0.6630824,-10.260829,206.47307,-0.9468627,18.03324,193.70703,3.2311757,-8.950624,191.7799,-18.28563,12.190006,170.54932,14.387884,-14.979871,166.01616,-11.83696,-9.579188,169.84583,23.371632,-12.265775,155.84225,11.182765,15.194162,145.91483,-4.7535944,0.46005598,145.16779,-21.258024,0.76464015,117.09943,14.055329,-4.1053333,108.65301,-12.73432,14.415856,88.5052,-3.6224656,3.8197403,73.96909,-22.830458
-3.1288028,206.46259,10.840384,-1.1310095,211.04834,9.481344,-7.341488,208.73648,8.583078,5.034041,212.34763,0.637046,-10.565232,207.17455,-1.1831287,17.618788,195.11116,3.6977403,-8.446315,192.78625,-18.556852,10.966678,172.53618,15.449271,-14.885815,167.4362,-10.358581,-11.664473,174.00531,22.138504,-11.583691,159.639,13.337498,15.43567,146.5212,-4.4681535,1.1270761,145.90088,-21.309399,1.3297088,116.31823,12.639738,-3.3280454,109.209625,-13.3667965,16.951422,88.51408,-4.9922547,3.611489,73.88479,-22.569439
-3.4804404,207.09726,10.702956,-1.6332086,211.74568,9.3456545,-7.765772,209.24004,8.444637,4.6897492,213.27094,0.6721663,-10.770434,207.71808,-1.3848708,17.311207,196.44708,4.0391903,-8.020366,193.81644,-18.653942,9.656896,174.47627,16.285694,-15.079033,169.10722,-8.97589,-13.317835,177.67937,21.135765,-11.205935,163.79842,15.193469,15.644432,146.99648,-4.204985,1.652787,146.48026,-21.291777,2.2159088,115.49385,11.14639,-2.6535172,109.651024,-13.975721,19.18837,88.14584,-6.0665197,3.567191,73.88611,-22.412218
-3.8275542,207.62701,10.625369,-2.029069,212.25735,9.153159,-8.143201,209.6877,8.349798,4.3764615,214.02682,0.75389636,-10.927631,208.1761,-1.597372,17.075361,197.55002,4.191251,-7.660389,194.6986,-18.600792,8.5504675,176.30537,16.972868,-15.479583,170.72415,-7.5669293,-14.384982,180.8142,20.525993,-11.644001,168.22449,17.026495,15.874164,147.40953,-4.110692,2.061837,146.90334,-21.202574,3.2795072,114.59349,9.509092,-1.878174,109.83965,-14.622013,21.118736,87.277245,-7.020326,3.638053,73.87627,-22.387224
-4.2215314,208.12971,10.56435,-2.3779767,212.73793,9.085055,-8.516007,210.20998,8.263638,4.0907,214.65991,0.9001429,-11.110219,208.64343,-1.7842462,16.94388,198.58488,4.341017,-7.492187,195.41913,-18.481325,7.70258,177.9166,17.553848,-16.04169,172.31001,-6.164173,-15.032834,183.69225,19.94432,-12.352449,172.60622,18.487165,16.131346,147.68149,-3.9761682,2.318617,147.09259,-21.020586,4.5726614,113.65723,7.7733235,-1.167433,109.95967,-15.171913,22.888157,86.16135,-7.9199357,3.6643877,73.81182,-22.394516
-4.5657887,208.453,10.508658,-2.6836147,213.01556,8.938791,-8.834847,210.52873,8.152013,3.8778615,215.04604,0.9943954,-11.2888975,209.03493,-1.8727915,16.900517,199.36096,4.5488772,-7.3161693,196.05878,-18.401255,6.967063,179.29901,18.181335,-16.712595,174.0903,-4.928762,-15.474855,186.06873,19.746004,-13.374533,177.31516,19.514017,16.231644,147.75903,-3.8586335,2.526382,147.29445,-20.746124,6.1519156,112.650536,6.027065,-0.6778151,109.99278,-15.563445,24.646988,84.49611,-8.853534,3.6267471,73.705864,-22.38661
-4.834435,208.67072,10.426708,-2.957786,213.24408,8.860876,-9.058073,210.683,7.943411,3.6925511,215.23863,0.96167994,-11.428562,209.23273,-2.0287697,16.656857,199.87325,4.7734423,-7.037982,196.55817,-18.342102,6.1769495,180.43779,18.853378,-17.492281,175.78728,-3.8338118,-15.759423,188.38174,19.994635,-14.24879,181.65244,20.241972,16.353046,147.78426,-3.7832496,2.651795,147.42169,-20.498571,8.1164,111.53976,4.2118545,-0.35836434,109.83509,-15.748958,26.181993,82.48677,-9.847302,3.3461053,73.566376,-22.185194
-5.0395665,208.81238,10.285342,-3.1902773,213.4024,8.740469,-9.2436695,210.78052,7.7231503,3.555604,215.36502,0.8667915,-11.534692,209.31967,-2.2290168,16.208317,200.28908,5.0998526,-6.935146,196.85907,-18.197262,5.3493757,181.65247,19.550014,-18.137125,177.19983,-2.8154671,-16.086998,190.00604,20.440031,-14.499088,184.9869,20.688318,16.412073,147.55075,-3.7174046,2.557331,147.35184,-20.101284,10.267549,110.42978,2.3688843,-0.19852497,109.62852,-15.906695,27.59601,80.37148,-10.805515,2.9188294,73.39535,-21.990208
-5.416535,208.69156,10.180342,-3.5233545,213.25998,8.609799,-9.598449,210.68301,7.6023684,3.3470058,215.22298,0.94312346,-11.719743,209.2396,-2.3918927,16.034029,200.54483,5.107937,-6.895599,197.0039,-17.894135,4.93054,182.79161,20.175137,-18.774742,178.40723,-1.8340415,-16.180113,191.45943,20.86454,-14.683426,187.34653,21.06202,16.493662,147.30103,-3.79104,2.243518,147.20627,-19.5421,12.685495,109.4203,0.23794821,-0.21394809,109.36733,-15.789266,28.797092,78.21408,-11.756957,2.4745672,73.159134,-21.783783
-5.7956333,208.4727,10.110803,-3.8687754,213.01299,8.500254,-9.941978,210.4455,7.4630446,3.143983,214.9612,1.0270762,-11.930069,209.09923,-2.531997,15.949939,200.54411,4.961143,-6.824158,197.0257,-17.580193,4.5636344,183.98718,20.596437,-19.342459,179.29628,-1.0936426,-16.115282,192.41054,21.79792,-14.862855,189.04079,21.231953,16.626135,146.88722,-3.9703174,1.9351443,146.97803,-19.017385,14.993444,108.61192,-1.6582074,-0.40036437,109.15165,-15.679778,29.923319,76.21514,-12.566543,1.9459745,73.02366,-21.590567
-6.085792,208.2004,10.113644,-4.1429768,212.73958,8.537629,-10.160176,210.13387,7.328546,2.9330175,214.66862,1.1111593,-12.079968,208.86058,-2.5974624,15.988742,200.56155,4.743238,-6.577396,197.0204,-17.259398,4.329751,185.08333,21.132627,-19.824995,180.17851,-0.5853475,-16.185879,193.2432,22.233463,-15.088905,190.52881,21.35812,16.698435,146.54543,-4.1361575,1.7711427,146.74144,-18.642973,17.104239,107.96704,-3.266964,-0.8218768,108.94414,-15.471589,30.66799,74.64804,-13.184682,1.4746504,72.996574,-21.413855
-6.383177,207.88194,10.121959,-4.42156,212.44203,8.605298,-10.415645,209.83237,7.284913,2.7114365,214.3736,1.2042469,-12.333183,208.67549,-2.6128979,16.010511,200.36728,4.80569,-6.3245053,197.05133,-17.112238,4.3899097,185.72351,21.900774,-20.275385,180.9507,-0.3616859,-16.028347,193.82698,22.43987,-15.176338,191.58203,21.271797,16.938501,146.24182,-4.3555593,1.71736,146.5538,-18.3561,18.865633,107.74996,-4.5722284,-1.3182126,108.88802,-15.360501,31.11822,73.73892,-13.59787,0.9247824,73.02563,-21.305466
-6.8075085,207.56493,10.170731,-4.8144135,212.13379,8.74153,-10.758276,209.51799,7.217851,2.4661324,214.09529,1.4520836,-12.488997,208.4635,-2.6842356,16.061512,200.20717,4.8390603,-6.0226207,196.9353,-17.082214,4.5209002,186.0785,22.298918,-20.38612,181.3275,-0.2545495,-15.879944,194.27795,22.619926,-15.383788,192.08371,21.10416,17.242277,146.00714,-4.377293,1.759805,146.41487,-18.181032,20.3397,107.667786,-5.5420103,-1.5336542,108.796844,-15.371927,31.276812,73.31906,-13.784677,0.40818194,72.98549,-21.16632
-7.253885,207.37473,10.151578,-5.1804733,211.92876,8.817867,-11.05635,209.33142,7.015575,2.2826805,213.9334,1.7761515,-12.567113,208.2763,-2.859843,15.984347,200.1001,5.1523924,-5.795647,196.98776,-16.994581,4.57724,186.04639,22.457743,-20.236614,181.47554,-0.28329003,-15.790144,194.35063,22.533182,-15.515824,192.21144,21.116291,17.544758,145.88515,-4.3793135,1.8595335,146.28938,-18.06386,21.469639,107.641,-6.0780296,-1.5133256,108.61989,-15.378983,31.182602,73.14553,-13.907343,0.008574077,72.8731,-21.075537
-7.725658,207.28253,10.09971,-5.6497808,211.8758,8.9093485,-11.42609,209.25298,6.8525195,2.0806653,214.0005,2.1701407,-12.569268,208.29018,-3.0711539,15.936417,200.16075,5.507433,-5.6116853,197.02785,-16.960894,4.5538144,186.15369,22.63994,-20.080132,181.50667,-0.3965552,-15.882774,194.11435,22.303717,-15.512534,192.1236,21.095512,18.03782,146.1131,-4.349898,2.220056,146.37393,-18.024996,22.247652,107.92657,-6.186295,-1.4019492,108.79967,-15.495583,31.026436,73.139465,-14.022646,-0.2429897,72.9611,-21.070301
-8.040316,207.25241,10.113228,-5.9721475,211.87164,8.991155,-11.725785,209.24971,6.8624625,1.9309468,214.05266,2.4599295,-12.56265,208.32805,-3.1688063,16.056505,200.32703,5.83891,-5.6136994,197.23547,-16.941076,4.1947565,185.9711,22.759901,-19.935236,181.23787,-0.6138101,-16.342722,193.58844,21.868591,-15.430921,191.56244,21.071869,18.65115,146.47781,-4.1640277,2.7495286,146.6958,-18.07539,22.658152,108.303406,-6.1192923,-1.0414447,109.139946,-15.754574,30.735353,73.28335,-13.981223,-0.31147105,73.11202,-21.147844
-8.384176,207.22043,10.18539,-6.2610264,211.78835,8.959468,-12.074077,209.21991,6.942712,1.8147602,213.97662,2.7451966,-12.582717,208.36589,-3.1857622,15.692956,200.33931,6.360529,-5.6459327,197.37553,-16.976065,4.0401783,185.46634,23.002478,-19.667046,180.77979,-0.98392487,-16.522215,192.81903,21.705921,-15.119296,190.63065,20.882156,19.297394,146.80006,-4.036098,3.3097267,146.93367,-18.132187,22.738878,108.56306,-6.00728,-0.5379431,109.29964,-16.178566,30.329397,73.34282,-13.970693,-0.42886186,73.12956,-21.313274
-8.476063,207.13449,10.299705,-6.367252,211.69472,9.028987,-12.235979,209.14717,7.146393,1.646241,214.01666,2.926523,-12.771477,208.43411,-3.0207205,15.580979,200.36937,6.727756,-5.8487935,197.37817,-17.006264,4.176358,184.82985,23.158014,-19.547144,180.34058,-1.4468923,-16.743837,191.55147,21.252409,-14.702457,189.45805,20.760534,19.744791,147.05066,-3.8252583,3.6863587,147.12772,-18.13577,22.669361,108.62484,-5.8331823,-0.13813706,109.50098,-16.52772,29.949957,73.29663,-13.934715,-0.62290573,73.18456,-21.569798
-8.56952,206.97264,10.491813,-6.3962526,211.48843,9.150326,-12.348394,209.05408,7.39754,1.5606203,213.82793,3.1049814,-12.916641,208.33623,-2.79171,15.290669,200.19002,7.075376,-6.154732,197.15443,-17.130198,4.5426574,183.85449,23.251049,-19.36831,179.37903,-1.7999043,-16.775148,190.03925,21.031221,-14.233285,187.8168,20.603891,20.085909,147.13068,-3.7127206,4.03946,147.20497,-18.217045,22.455326,108.66295,-5.6696167,0.19958925,109.519196,-16.913643,29.4687,73.35733,-14.0682335,-0.88064677,73.28297,-21.803127
-8.647714,206.83315,10.731663,-6.4103055,211.30942,9.370009,-12.416144,208.9692,7.668743,1.481534,213.60648,3.257277,-13.110512,208.2896,-2.5239577,14.714312,199.98204,7.6202555,-6.4257526,196.92395,-17.218979,5.1582103,182.60063,23.413765,-19.193209,178.20364,-2.3684998,-16.665943,187.83107,20.54005,-13.534142,185.99292,20.320185,20.177618,147.17688,-3.5312722,4.408201,147.22058,-18.314306,22.18609,108.616455,-5.5288243,0.41733268,109.47265,-17.191534,29.092985,73.43227,-14.229849,-1.23256,73.37385,-22.014723
-8.713266,206.62079,10.988315,-6.4309826,211.06514,9.602079,-12.493099,208.81339,7.974489,1.3314843,213.28952,3.2898474,-13.456257,208.07062,-2.1792755,14.32662,199.67505,8.063179,-6.8245487,196.41867,-17.223974,5.8368573,181.21257,23.43331,-18.901932,176.777,-2.9125881,-15.98112,185.3888,19.659441,-12.868961,183.59734,20.097235,20.25716,146.95215,-3.401035,4.6493797,146.97905,-18.411737,21.826164,108.42369,-5.252934,0.44761756,109.26203,-17.28647,28.636814,73.31161,-14.354201,-1.64193,73.27572,-22.085676
-8.764554,206.37817,11.365732,-6.4643283,210.78494,9.900936,-12.551884,208.55476,8.350408,1.1632754,212.92279,3.4198103,-13.7321,207.68605,-1.7432306,14.078351,199.06941,8.606544,-6.9782925,195.75629,-17.17769,6.3773656,179.50374,23.44261,-18.296799,175.15585,-3.6627936,-15.431788,182.12268,18.316576,-12.360135,180.48184,19.63018,20.286667,146.73494,-3.270207,4.7707925,146.71043,-18.440989,21.484678,108.072716,-4.996317,0.35141432,108.986275,-17.117033,28.216213,73.20708,-14.433754,-2.1488752,73.11644,-22.19078
-8.770799,206.04413,11.686005,-6.539466,210.4984,10.252186,-12.585583,208.15063,8.669265,0.9860598,212.55663,3.5147002,-13.968024,207.2181,-1.3709722,13.919491,198.38531,9.125649,-7.104384,194.9866,-17.18141,7.0277653,177.70981,23.13267,-17.288477,173.3718,-4.481527,-14.958162,178.69685,17.396032,-11.975311,177.12212,19.269732,20.299923,146.3366,-3.252532,4.8018804,146.3156,-18.556007,21.130623,107.741005,-4.6076927,-0.091845326,108.7553,-16.708834,27.712,73.13392,-14.604659,-2.5956917,73.001045,-22.282604
-8.858893,205.54922,11.983046,-6.638288,210.04138,10.644801,-12.664373,207.70532,8.985245,0.7464868,212.09857,3.6701403,-14.236651,206.66956,-1.0078315,13.7864485,197.64998,9.622894,-7.2310987,194.22519,-17.097322,7.933317,175.55583,22.226067,-16.1,171.54585,-5.3447795,-14.244725,175.0745,16.678514,-11.410339,173.5658,18.76609,20.284752,145.99345,-3.2691033,4.7511716,145.91306,-18.505686,20.60601,107.283455,-4.1759467,-0.70882,108.42452,-16.12556,27.128332,72.950874,-14.710677,-3.1433272,72.91902,-22.339891
-9.034346,205.05975,12.311082,-6.8531165,209.5832,11.025591,-12.882923,207.23663,9.382048,0.5441297,211.57759,3.9621198,-14.48642,206.2131,-0.6340878,13.732181,196.92226,10.090399,-7.4255915,193.3718,-16.840502,8.956723,173.6381,21.2545,-14.850477,169.63837,-6.3375607,-13.232782,171.56512,15.402308,-10.641899,169.62758,17.805529,20.361977,145.51747,-3.2328882,4.5773683,145.44589,-18.201382,19.990252,106.893906,-3.5942628,-1.5346532,108.179306,-15.385402,26.59435,72.82289,-14.758617,-3.8147728,72.83584,-22.248875
-9.132906,204.47684,12.744372,-7.0392942,209.03531,11.441095,-13.017951,206.57533,9.80512,0.36030394,211.08684,4.3424935,-14.664649,205.61575,-0.19100524,13.787834,196.20088,10.391429,-7.6655545,192.52676,-16.551222,10.017579,171.99185,20.147758,-14.044609,167.82692,-7.6335254,-12.164462,168.25092,14.815284,-9.69798,165.06616,16.467567,20.454378,145.08821,-3.2683516,4.305843,144.84964,-17.915646,19.367556,106.47216,-2.977481,-2.483126,107.92315,-14.443859,26.066238,72.78029,-14.908101,-4.449199,72.846436,-22.26593
-9.314293,203.91385,13.142543,-7.2316666,208.46078,11.774729,-13.250952,205.99239,10.262581,0.20213297,210.37817,4.677452,-14.836522,205.01323,0.20361045,13.88812,195.41887,10.472529,-7.891573,191.5675,-16.330566,11.1566,170.67522,19.317913,-13.299276,166.03639,-8.865453,-10.914126,165.15778,14.249539,-8.933485,160.16344,14.680693,20.487556,144.57785,-3.1345022,4.1399074,144.40227,-17.640272,18.702291,106.163055,-2.3479795,-3.437912,107.673004,-13.405175,25.45312,72.87184,-15.012941,-4.9199204,72.95575,-22.044699
-9.546243,203.38316,13.668462,-7.409703,207.87502,12.223196,-13.430015,205.44014,10.700315,-0.0090912,209.64038,5.0868297,-15.051155,204.22012,0.69319737,14.147401,194.57335,10.474298,-8.151987,190.63708,-15.928109,12.619259,169.26886,18.234585,-12.577925,164.37857,-10.304325,-9.146746,161.69016,13.506043,-9.064048,155.50114,12.371763,20.675657,144.17204,-3.1840386,3.9463942,143.96991,-17.2165,18.082489,105.80635,-1.6593411,-4.533659,107.555916,-12.027296,24.802902,72.8448,-14.953336,-5.35353,73.12149,-21.685743
-9.765495,202.61282,14.05193,-7.648232,207.14478,12.690726,-13.636861,204.68791,11.081241,-0.25761378,208.87881,5.419037,-15.304342,203.33907,1.1167831,14.451468,193.7624,10.351591,-8.4203005,189.541,-15.592256,14.116394,167.95703,17.277039,-12.119087,162.82288,-11.789916,-6.8766575,158.03444,13.350581,-9.600689,150.67361,9.526107,20.961798,143.60387,-3.307136,3.7420244,143.41312,-16.795887,17.51817,105.41201,-0.9276965,-5.625885,107.48144,-10.353958,24.171997,72.75995,-14.937746,-5.7066884,73.42815,-21.16044
-9.982729,201.8038,14.380423,-7.8813133,206.35094,13.044221,-13.859647,203.88211,11.41845,-0.44029054,208.04315,5.797723,-15.435447,202.52843,1.4163505,14.601454,192.87958,10.253698,-8.769506,188.58963,-15.333749,15.672789,166.78783,16.181194,-11.914889,161.65004,-12.931573,-4.272179,154.28177,13.608104,-10.706222,146.26857,6.3113623,21.366386,143.2464,-3.3841217,3.5714848,142.93518,-16.402576,17.124342,105.105034,-0.2102682,-6.6373,107.549965,-8.552207,23.484869,72.69096,-15.039124,-5.921805,73.917336,-20.557909
-10.255476,201.04396,14.717431,-8.132413,205.57127,13.342401,-14.06781,203.05356,11.631309,-0.61625916,207.20047,6.1458893,-15.690222,201.86375,1.7430843,14.792258,192.21582,10.047359,-9.165006,187.56737,-15.073116,17.283796,165.94662,15.230775,-11.947157,160.29027,-14.058828,-1.0641587,150.92744,14.3980875,-12.093341,141.98712,2.7000248,21.74242,142.77109,-3.644234,3.2900438,142.36572,-15.950694,16.740795,104.80916,0.37056443,-7.5936255,107.63416,-6.5594583,22.81661,72.5935,-15.145031,-6.0404563,74.57218,-19.895563
-10.444954,200.29906,14.945777,-8.34641,204.83496,13.570288,-14.30145,202.32056,11.913524,-0.84171385,206.3757,6.2939343,-15.967855,201.15926,2.0109584,14.938732,191.5999,9.659457,-9.511646,186.68854,-14.77354,18.980694,165.50497,14.35099,-12.274983,159.30037,-15.241463,2.8093665,148.22882,15.646255,-13.632652,138.37247,-1.4239674,21.850447,142.33694,-3.7634711,2.9185357,141.90196,-15.505638,16.426472,104.513954,0.8200032,-8.483614,107.82465,-4.3321896,22.053175,72.57555,-15.287707,-6.1721416,75.3167,-18.88321
-10.530023,199.56711,15.134292,-8.467905,204.10919,13.719114,-14.485974,201.60538,12.248092,-1.0151247,205.68105,6.43349,-16.12763,200.36955,2.2364547,15.088872,190.99956,9.294713,-9.923988,185.86104,-14.572944,20.355295,165.1874,13.638031,-12.764182,158.43651,-16.389467,7.035901,145.89668,16.846987,-15.426648,135.69395,-5.8318033,21.845434,141.89346,-3.8000402,2.4658341,141.50893,-15.030335,15.961982,104.25861,1.2228247,-9.229771,108.203285,-2.0817022,21.388166,72.555046,-15.360983,-6.170238,76.324715,-17.706722
-10.631178,198.81993,15.263449,-8.612556,203.38492,13.857071,-14.637171,200.87204,12.457958,-1.2311138,205.0593,6.476426,-16.373102,199.65488,2.4380808,15.08273,190.37457,9.081893,-10.422346,185.0828,-14.442364,21.568316,164.7895,13.076243,-13.365481,157.75899,-17.61439,11.694039,143.69319,17.881128,-17.190334,133.7993,-10.461912,21.701359,141.24303,-3.714263,2.084369,140.89238,-14.528023,15.504129,103.87362,1.7990777,-9.925923,108.663246,0.21762973,20.697964,72.56723,-15.480488,-5.9436994,77.37271,-16.307518
-10.755703,198.26945,15.35611,-8.789161,202.832,13.887402,-14.816166,200.26741,12.590511,-1.5183634,204.63837,6.500981,-16.66414,199.10367,2.6150267,15.019205,189.96739,8.868357,-10.874467,184.47316,-14.303369,22.876055,164.7757,12.800858,-14.090051,157.407,-18.813301,16.612808,142.61246,18.880478,-19.256458,132.9558,-15.156321,21.36973,140.86563,-3.6321852,1.658203,140.45885,-14.072544,15.095232,103.70124,2.2407157,-10.312253,109.29615,2.549279,19.892529,72.60082,-15.601814,-5.446999,78.36769,-14.710181
-10.93283,197.81024,15.456737,-8.992509,202.35648,13.903792,-15.036953,199.77373,12.730938,-1.8517087,204.25717,6.490788,-17.000233,198.59027,2.7823007,14.806782,189.77022,8.672984,-11.229058,184.04413,-14.259982,24.296461,165.152,12.745109,-15.067178,157.36018,-20.048492,21.560389,142.59453,20.017637,-21.270872,132.79884,-20.107664,20.927696,140.54204,-3.58749,1.2301408,140.24872,-13.741062,14.734416,103.47556,2.6785324,-10.442617,109.89527,4.765979,19.173895,72.70254,-15.681369,-4.905821,79.0071,-12.818738
-11.14977,197.46973,15.475802,-9.227893,202.02142,13.8935995,-15.272626,199.415,12.763154,-2.1944308,203.90228,6.3708105,-17.350721,198.15425,2.8707962,14.533856,189.68196,8.416063,-11.774417,183.67825,-14.158076,25.975683,165.94313,12.83613,-16.25493,157.58252,-21.566229,26.457092,143.64458,21.242556,-23.375624,133.3691,-24.642265,20.591034,140.28593,-3.4806101,0.84841645,139.95993,-13.333122,14.311375,103.34199,2.7836945,-10.34361,110.56716,7.002007,18.353157,72.72646,-15.822849,-4.126593,79.60588,-10.651463
-11.469605,197.28433,15.459046,-9.551066,201.801,13.792796,-15.603752,199.20033,12.748523,-2.6072102,203.71684,6.273002,-17.753672,197.90213,2.8892672,14.231694,189.71208,8.098012,-12.2269335,183.62912,-14.041637,27.75502,167.34381,12.917938,-17.484844,158.29602,-23.165405,31.082544,145.85944,22.363867,-25.448053,134.96216,-28.897633,20.312439,140.16283,-3.4398332,0.45296142,139.80893,-12.847902,14.059282,103.26073,2.9613147,-10.069865,111.21447,9.250518,17.548046,72.803406,-16.013184,-3.2269864,80.26242,-8.34869
-11.722758,197.14766,15.381795,-9.7647505,201.64336,13.708443,-15.862578,199.127,12.726416,-2.9228117,203.6019,6.1680036,-18.132675,197.8385,2.871857,13.900474,189.941,7.802898,-12.756327,183.69214,-13.920006,29.30255,169.15146,12.801815,-18.687763,159.47226,-24.899046,35.2512,148.96828,23.416746,-27.578787,137.3558,-32.900185,19.989035,140.1068,-3.2324526,0.105635546,139.7286,-12.096399,13.897384,103.16332,3.0812209,-9.736973,111.88866,11.114088,16.829144,72.98129,-16.238657,-2.1099956,80.66396,-5.7865367
-12.054641,197.20047,15.299735,-10.071949,201.68036,13.60624,-16.210588,199.22972,12.702378,-3.2975538,203.64636,6.0284767,-18.492788,197.92587,2.8051503,13.589543,190.38242,7.4687,-13.195836,183.86908,-13.755091,30.768057,171.22195,12.565896,-19.869389,160.95169,-26.588158,39.073544,152.57568,24.26294,-29.667456,140.1258,-36.590736,19.714216,140.04176,-2.892288,-0.2400068,139.62665,-11.179868,13.734813,103.16831,3.1838238,-9.258592,112.20602,12.800409,16.296518,73.060616,-16.57627,-0.817889,80.65467,-3.1413372
-12.457596,197.42725,15.174538,-10.462218,201.88498,13.434229,-16.632242,199.4644,12.6152935,-3.6500692,203.76282,5.8794045,-18.88246,198.0668,2.6844997,13.407681,190.87527,7.029421,-13.574141,184.13918,-13.661754,32.235416,173.49966,12.320379,-20.985365,162.60933,-28.188366,42.441074,156.54169,25.128363,-31.877254,143.4032,-39.86194,19.570646,140.0132,-2.4915147,-0.65448475,139.58826,-10.253188,13.520838,103.16047,3.324339,-8.49642,112.213776,14.201946,15.789385,73.13375,-16.83786,0.7072078,80.23835,-0.49779394
-12.767421,197.69206,14.97786,-10.7645235,202.16995,13.299665,-16.938187,199.79337,12.453152,-3.9812193,204.01987,5.673997,-19.244904,198.42493,2.4976685,13.189693,191.44254,6.629617,-13.912611,184.55867,-13.789407,33.533104,176.01389,12.116381,-22.039934,164.45265,-29.774248,45.36071,160.91936,25.849586,-33.974266,146.85457,-42.67307,19.384405,140.0595,-2.0864525,-1.0508448,139.68982,-9.341548,13.361539,103.19519,3.401204,-7.6546297,112.173874,15.419921,15.235103,73.31448,-17.081078,2.2639847,79.83613,2.4267473
-13.051399,198.03041,14.802067,-11.036149,202.53065,13.194196,-17.190952,200.1448,12.253162,-4.284318,204.36108,5.50378,-19.60215,198.90253,2.3494334,12.872176,192.24072,6.2056417,-14.2174225,184.91437,-13.962575,34.435627,178.7034,11.941128,-22.967463,166.26083,-31.297228,47.769997,165.755,26.399775,-36.055466,150.46954,-45.15006,19.22876,140.1479,-1.5870465,-1.213266,139.73602,-8.603816,13.267844,103.16136,3.608458,-6.7587953,112.04391,16.398794,14.872714,73.54619,-17.450748,3.9302607,79.39108,5.3950357
-13.209931,198.34679,14.582591,-11.210122,202.88023,13.064091,-17.334806,200.46051,12.002317,-4.4226675,204.69382,5.3131,-19.843111,199.37755,2.2064939,12.595966,192.93288,5.715443,-14.51683,185.33852,-14.143252,35.135674,181.4462,11.56935,-24.0322,168.22911,-32.586613,49.70638,170.87445,26.6579,-38.11674,154.2167,-47.25726,19.265152,140.2491,-1.0587968,-1.3345644,139.8248,-7.9858384,13.185455,103.17027,3.8676772,-5.7786884,111.717926,17.226543,14.269977,73.753784,-17.744278,5.641058,78.659584,8.570535
-13.347504,198.6385,14.35929,-11.34137,203.17805,12.855676,-17.478512,200.78642,11.82394,-4.704338,205.09326,5.0233073,-20.091728,199.69095,2.030488,12.367051,193.64064,5.228583,-14.732245,185.86449,-14.371527,35.73799,184.05731,11.266835,-24.999926,170.30629,-33.729538,51.229847,175.78874,26.826315,-40.06081,158.09778,-48.998276,19.215858,140.51953,-0.6227567,-1.2865207,139.9753,-7.407824,13.168309,103.256165,4.155584,-4.7091985,111.391525,17.862583,13.881962,74.01688,-17.853935,7.151137,78.04651,11.551256
-13.485963,199.04141,14.193843,-11.397472,203.493,12.551653,-17.609913,201.22717,11.674495,-4.860559,205.40092,4.755834,-20.25136,200.07448,1.8941901,12.269898,194.41992,4.8076344,-14.992802,186.29141,-14.654742,36.235954,186.35933,10.906595,-25.909803,172.44693,-34.785583,52.431458,180.17438,26.923265,-41.93432,161.81895,-50.368984,19.194544,141.12904,-0.16801669,-1.2379391,140.34718,-6.975403,13.279552,103.6333,4.414728,-3.7008593,111.34308,18.237675,13.533702,74.39904,-17.94884,8.435882,77.629715,14.541655
-13.546891,199.4853,13.926835,-11.41098,203.84624,12.123974,-17.678308,201.65932,11.419256,-4.9104786,205.81915,4.4824686,-20.259455,200.5157,1.6024073,12.183641,195.06395,4.3221703,-15.173096,186.77145,-14.960025,36.627155,188.69907,10.5145645,-26.78101,174.34592,-35.684822,53.057926,184.68892,26.963293,-43.77052,165.4113,-51.334778,19.281343,141.44977,0.23251472,-1.0627925,140.56573,-6.4010663,13.420412,104.04382,4.7621574,-2.7454667,111.21383,18.504553,13.221045,74.86609,-17.934973,9.547475,77.20018,17.461472
-13.492215,199.83821,13.5621,-11.433617,204.20859,11.695573,-17.701376,201.99425,11.163669,-4.8426113,206.03346,4.043396,-20.31785,200.91893,1.285235,12.104583,195.62021,3.7479138,-15.429932,187.08842,-15.347825,36.883686,190.85565,10.254951,-27.665232,175.99397,-36.401485,53.40578,189.05887,26.996328,-45.43287,168.66316,-52.092648,19.306526,141.72858,0.61126965,-0.98962367,140.53131,-5.915064,13.519153,104.34605,5.249252,-1.6629368,110.95538,18.668245,13.030287,75.27918,-17.8011,10.71825,76.89183,20.280188
-13.407541,200.01555,13.212735,-11.397485,204.38672,11.280462,-17.657042,202.1255,10.853814,-4.80752,206.11942,3.5349624,-20.368233,201.12267,1.0441163,12.037298,196.00256,3.1333659,-15.616853,187.40698,-15.7490015,37.047527,193.02603,9.754794,-28.369125,177.33414,-37.01692,53.286495,192.94368,26.899385,-47.08035,171.59058,-52.39202,19.265497,141.95074,0.99303937,-1.0181258,140.47755,-5.5098853,13.789897,104.503204,5.917407,-0.5760355,110.35518,18.584991,12.979675,75.656975,-17.540718,11.891921,76.52376,22.999472
-13.226292,200.1728,12.84352,-11.239437,204.5399,10.885177,-17.520393,202.31265,10.583147,-4.686213,206.15237,3.0756443,-20.327919,201.32227,0.73100114,11.819426,196.19597,2.5870426,-15.777554,187.54187,-16.175737,36.953102,194.92784,9.359047,-29.092218,178.36024,-37.467785,53.165977,196.47723,26.54879,-48.53898,174.20343,-52.571552,19.201668,142.00743,1.4180614,-1.0453186,140.31496,-5.041206,14.026472,104.57773,6.5965877,0.56043553,109.75236,18.565039,12.826841,75.848785,-17.333162,12.900401,76.27558,25.396385
-13.187037,200.09442,12.433946,-11.179964,204.46594,10.49889,-17.485968,202.31161,10.264601,-4.5958076,206.10011,2.683481,-20.251493,201.33397,0.31353724,11.711478,196.25781,2.1105385,-15.936233,187.57687,-16.522358,36.77798,196.74919,9.14137,-29.828712,179.69788,-37.924606,53.27012,199.92479,25.952795,-49.74349,176.87495,-52.622093,19.12486,142.1396,1.952331,-1.0944833,140.25548,-4.5868797,14.239754,104.618454,7.294995,1.6520362,109.12487,18.501616,12.796946,76.238594,-17.070148,13.730013,75.989494,27.577984
-13.150793,200.07335,12.053652,-11.079379,204.41846,10.1275835,-17.41753,202.34406,9.881745,-4.529777,205.88663,2.2880595,-20.22112,201.1873,-0.075811855,11.711581,196.19847,1.5424663,-16.17864,187.4424,-16.651855,36.552876,198.23907,9.148254,-30.4255,180.946,-38.25292,53.55792,202.83946,25.070694,-50.75736,179.2109,-52.675987,18.978577,142.04982,2.4112031,-1.1541382,140.05779,-4.1226783,14.4022455,104.44027,8.092776,2.7003534,108.39576,18.559246,12.56396,76.39056,-16.875854,14.446727,75.40606,29.479427
-12.986921,199.89049,11.686427,-10.874882,204.206,9.729172,-17.218998,202.16325,9.444973,-4.43089,205.557,1.821293,-20.130709,200.89313,-0.38936213,11.70081,196.04741,0.9926773,-16.512001,187.08264,-16.722836,36.146423,199.24648,9.3318815,-30.938353,181.79178,-38.45233,53.630707,205.23837,24.168043,-51.63676,181.20305,-52.497803,18.804596,141.71344,2.7490768,-1.2250949,139.54955,-3.6812112,14.6817,104.035576,8.89865,3.6648424,107.573715,18.8446,12.246482,76.562386,-16.872812,15.07905,74.83819,30.94956
-12.950769,199.61899,11.384678,-10.871941,203.85765,9.260468,-17.199282,201.73795,9.025508,-4.3849053,205.17064,1.4664512,-20.129435,200.60324,-0.6829524,11.755568,195.88045,0.7054075,-16.709528,186.79846,-16.765688,35.98498,200.59709,9.380244,-31.327873,182.4696,-38.553326,53.801346,207.38832,23.445156,-52.146755,182.93416,-52.35074,18.675863,141.30615,3.1558015,-1.2789564,138.90225,-3.245927,14.932745,103.476814,9.5757675,4.234957,106.80324,19.123144,11.861116,76.618515,-16.808695,15.752865,74.025085,31.8847
-12.869941,199.1998,11.131179,-10.794982,203.37354,8.856876,-17.114601,201.2408,8.702566,-4.2966495,204.60567,1.0982984,-20.104984,200.2964,-0.90328103,11.892774,195.27818,0.48387063,-16.903952,186.32976,-16.853203,35.7084,201.44554,9.364217,-31.688917,182.89993,-38.563725,53.538418,209.1502,22.918743,-52.656178,184.4163,-51.935104,18.678455,140.64905,3.5471008,-1.2341381,138.18257,-2.8243659,15.223276,102.70922,10.094257,4.6791077,106.05758,19.502052,11.644733,76.583595,-16.925438,16.299181,73.30262,32.305958
-12.624229,198.55061,10.814952,-10.594961,202.7061,8.453452,-16.922255,200.60512,8.489326,-4.0732393,203.82343,0.6660967,-19.948322,199.78183,-1.141942,11.894225,194.46849,0.2924238,-16.977663,185.79016,-16.831503,35.28775,201.79913,9.431998,-32.009396,183.08401,-38.345528,53.263508,210.34619,22.26149,-53.140793,185.5394,-51.207752,18.67164,139.91043,3.813304,-1.3158654,137.35968,-2.4758997,15.621642,102.01786,10.607016,4.685283,105.48449,19.95599,11.644474,76.57008,-17.075586,16.5382,73.02451,32.292164
-12.498157,198.0066,10.509789,-10.408118,202.08386,8.081331,-16.776375,200.0853,8.176643,-3.843237,203.00403,0.22884625,-19.806122,199.15193,-1.4396671,11.989112,193.62265,0.20045863,-17.000048,184.82309,-16.630106,34.997295,201.84114,9.553302,-32.329014,183.0002,-37.89031,53.097816,211.30817,21.706108,-53.66011,186.3585,-50.188194,18.7134,139.19809,3.8962114,-1.3705955,136.6959,-2.2836378,15.87563,101.33215,10.839272,4.604009,105.23753,20.386768,11.955506,76.49723,-17.199438,16.459003,73.10019,32.05262
-12.27228,197.71835,10.357631,-10.236915,201.77605,7.843977,-16.595589,199.75903,8.068743,-3.6691148,202.4549,-0.075511925,-19.665966,198.68091,-1.563032,12.160643,192.9111,0.2342849,-17.060177,184.0719,-16.390179,34.900387,201.89417,9.576868,-32.660477,182.74641,-37.498722,53.00859,211.92044,21.240929,-54.113754,186.61119,-49.310062,18.725527,138.57768,3.7318087,-1.3903135,136.1773,-2.2329912,15.917711,100.81759,10.9354925,4.3841314,105.077065,20.715002,12.21138,76.39317,-17.366964,16.356218,73.1078,31.732727
-12.073706,197.45418,10.348145,-10.073872,201.43633,7.686105,-16.410158,199.39682,7.997016,-3.4878254,202.14595,-0.12642738,-19.491547,198.38622,-1.5733154,12.41965,192.44682,0.42389554,-17.151812,183.73355,-16.150562,35.016163,201.83034,9.403761,-33.03827,182.44339,-37.04602,53.063587,212.07382,20.89075,-54.668644,186.105,-48.570286,18.818695,138.19424,3.5399904,-1.4295541,135.76036,-2.4232485,15.87351,100.53063,10.858969,4.0632715,104.983475,20.948881,12.347808,76.40488,-17.609085,16.222702,73.09772,31.40143
-11.82069,197.44373,10.425461,-9.7707615,201.30058,7.644394,-16.15615,199.36533,8.0726595,-3.227275,202.04147,-0.059909075,-19.258955,198.2163,-1.4801399,12.547497,192.17711,0.46505222,-17.356558,183.47069,-15.735991,35.256744,201.72722,9.087584,-33.450897,182.02765,-36.482243,53.340683,211.666,20.653564,-55.4527,185.26053,-47.565365,18.891012,137.83586,3.1897707,-1.4809762,135.47588,-2.7665775,15.757186,100.324715,10.721814,3.6967366,104.92796,20.714909,12.45507,76.34859,-17.895521,16.030037,73.17238,31.010538
-11.663774,197.58925,10.615534,-9.589457,201.37985,7.749445,-15.977543,199.4977,8.200596,-2.9579446,202.0268,0.21486227,-19.055271,198.23753,-1.3288281,12.547541,192.26463,0.57210714,-17.429523,183.45248,-15.397825,35.49048,201.54433,8.7299385,-33.886925,181.58388,-35.897774,53.77315,210.87479,20.47037,-56.106045,184.00073,-46.692062,18.864138,137.86003,2.8394823,-1.3478643,135.4712,-3.2944324,15.536744,100.35154,10.365101,3.5579894,104.8927,20.194618,12.306366,76.36311,-18.12156,15.937938,73.01018,30.780426
-11.480425,197.95755,10.89886,-9.35955,201.75807,8.092848,-15.777567,199.92548,8.505911,-2.871039,202.32558,0.3686659,-18.949015,198.45822,-1.0276957,12.570057,192.58565,0.5183962,-17.449766,183.6641,-15.142123,35.885014,201.304,8.08008,-34.265266,180.99022,-35.31247,54.237175,209.72765,20.376656,-56.815,182.57242,-45.706383,18.77329,138.09834,2.4442508,-1.3914133,135.664,-3.8074603,15.343237,100.590385,10.00103,3.5814939,104.832275,19.478125,11.986583,76.471115,-18.406994,15.982193,72.85091,30.638302
-11.342176,198.27943,11.281011,-9.205831,202.09706,8.510122,-15.613239,200.23267,8.8243065,-2.860876,202.67769,0.6564717,-18.930016,198.88022,-0.5701362,12.550525,193.16351,0.48392078,-17.381927,184.09921,-15.006285,36.371754,201.19937,7.229646,-34.47287,180.49535,-34.76466,54.722404,208.11476,20.263725,-57.37989,180.91513,-44.424034,18.589855,138.52666,1.9452124,-1.5475602,135.95625,-4.3774557,15.236894,101.05041,9.51341,3.7587683,104.8366,18.626879,11.514126,76.470604,-18.611862,15.990057,72.835815,30.41973
-11.233462,198.57716,11.718457,-9.067473,202.48375,9.099113,-15.4696045,200.57732,9.245269,-2.838068,203.02249,1.0452805,-18.902313,199.3877,-0.101241805,12.506285,193.64503,0.46694785,-17.250082,184.7423,-14.969057,36.944675,200.70973,5.8977857,-34.65729,179.92676,-34.214096,54.762817,205.72603,20.243176,-57.768578,178.88289,-43.358932,18.570927,138.80678,1.4436173,-1.565252,136.17192,-4.7807474,15.030376,101.34103,8.990837,4.043301,104.79635,17.851988,11.047353,76.56479,-18.871304,15.846386,72.927574,30.292908
-11.153559,198.855,12.104935,-8.862193,202.68655,9.465157,-15.329804,201.06425,9.706929,-2.7656076,203.46103,1.473621,-18.841896,199.91772,0.3104244,12.323735,194.12794,0.4243377,-17.23045,185.26736,-14.806443,37.251488,199.49324,4.8364787,-34.696377,179.0933,-33.647854,54.57087,202.55771,20.07678,-57.851135,176.46544,-42.307457,18.44736,139.18352,0.9807891,-1.672617,136.52606,-5.0810285,15.04879,101.71861,8.489941,4.449269,104.7747,17.071964,10.576391,76.60309,-19.211039,15.735736,73.0058,30.112463
-11.081029,199.19772,12.453641,-8.665076,203.0585,9.984866,-15.1816845,201.601,10.106804,-2.57997,203.92953,1.9646225,-18.70257,200.51636,0.619851,12.117688,194.65262,0.42940205,-17.462994,185.86682,-14.595863,37.58252,198.25352,3.7130468,-34.770832,178.14816,-33.08811,54.41147,199.19104,19.608278,-57.8175,173.62512,-41.20124,18.313297,139.55237,0.60685277,-1.7981262,136.89133,-5.3821645,15.092437,102.02008,7.887051,4.7548823,104.85264,16.337898,9.999517,76.693306,-19.50402,15.787975,72.96138,30.059086
-10.905923,199.56042,12.79644,-8.294976,203.47595,10.633377,-14.853843,202.20357,10.455493,-2.2546847,204.22606,2.4158,-18.429495,201.05177,0.9536598,11.837524,194.94385,0.35495666,-17.853079,186.28073,-14.433099,37.542473,196.3929,2.5431952,-34.97787,176.93681,-32.344513,53.92878,195.42708,18.72282,-57.592842,170.20975,-40.0627,18.148897,139.89343,0.30511642,-2.0208375,137.22252,-5.5492945,15.279024,102.172264,7.2060843,5.1017175,104.92161,15.706849,9.475864,76.72683,-19.659458,15.8692665,72.90591,29.95527
-10.705628,199.98344,13.230344,-7.9448514,203.90161,11.2781,-14.527318,202.77496,10.8543215,-1.9714338,204.41188,2.8115456,-18.15843,201.57101,1.3204759,11.640146,194.89073,0.2202898,-18.248959,186.50075,-14.218884,37.369823,194.6039,1.4254746,-35.161236,175.44646,-31.41576,53.314075,191.31616,17.458878,-56.939316,166.5184,-38.83706,18.054167,140.10066,-0.009038351,-2.177936,137.47362,-5.6578255,15.609123,102.298225,6.5827227,5.3316417,104.93885,15.164896,8.687737,76.74449,-19.973759,15.828397,73.00153,29.765276
-10.484136,200.31728,13.629626,-7.6275477,204.2176,11.774072,-14.239546,203.25737,11.33625,-1.6995026,204.47389,3.1520867,-17.983248,202.10318,1.7606723,11.518166,194.79411,-0.10362329,-18.724651,186.58983,-13.914657,37.305305,192.44267,-0.34825996,-35.263515,173.62463,-30.280994,52.407185,186.86829,15.82809,-56.070747,162.65514,-37.41363,18.032375,140.22282,-0.38137773,-2.4026988,137.61176,-5.6723423,15.949344,102.3817,6.1213117,5.6339793,105.007835,14.803941,7.8123717,76.825554,-20.09182,15.836866,72.95742,29.800655
-10.2077465,200.54594,14.038882,-7.3005834,204.41711,12.204721,-13.914758,203.583,11.782488,-1.345106,204.50327,3.5504048,-17.738579,202.53464,2.2185268,11.5342,194.48326,-0.529329,-19.2856,186.53067,-13.599469,36.91232,189.91403,-2.5200386,-35.12585,171.60052,-28.874746,50.884335,182.201,13.960952,-54.7898,158.6584,-35.67582,17.939362,140.15573,-0.8123711,-2.5870423,137.49881,-5.6171193,16.283007,102.30547,5.5511904,5.83185,104.97862,14.642842,7.082048,76.764725,-20.234589,15.827947,72.993576,29.913473
-9.782319,200.64897,14.405402,-6.7190757,204.42087,12.615659,-13.362937,203.86504,12.208988,-1.0191126,204.50659,3.7857106,-17.42919,202.96098,2.693155,11.557058,194.09302,-1.0431119,-19.802029,186.26915,-13.151212,36.2136,187.12871,-4.482183,-34.9637,169.60002,-27.446564,48.883045,177.3575,11.983844,-53.153385,154.32407,-33.666656,17.901554,140.10054,-1.4219028,-2.7741232,137.4387,-5.488227,16.477331,102.372734,4.8757567,5.8304977,104.93182,14.520842,6.3742123,76.652214,-20.466188,15.768568,72.918816,30.076687
-9.341757,200.7265,14.7192135,-6.108116,204.33028,12.89666,-12.781507,204.05255,12.460117,-0.6279054,204.34999,3.915898,-17.079906,203.0658,3.067676,11.673865,193.607,-1.5446795,-20.267494,185.71814,-12.631086,35.25652,184.13754,-6.392825,-34.68127,167.4501,-25.799898,46.608692,172.42862,10.098109,-51.195183,150.03249,-31.399155,17.834902,139.91019,-2.1198869,-3.0816655,137.31297,-5.384557,16.534985,102.30072,4.1462703,5.8640695,104.857254,14.46365,5.6368127,76.63822,-20.762901,15.75496,72.90182,30.267395
-8.883889,200.7967,14.855778,-5.591957,204.36217,13.063619,-12.270026,204.21896,12.663559,-0.27832103,204.23221,3.9318416,-16.760637,203.16496,3.2870736,11.992103,192.90889,-1.8905193,-20.77884,185.12167,-12.138139,34.17133,180.77885,-7.9884567,-34.230145,164.97375,-24.061995,44.263622,167.65594,8.1773405,-48.886845,145.59592,-28.90359,17.811056,139.63849,-2.8582973,-3.2815647,137.08315,-5.295066,16.473398,102.12474,3.3089743,5.7243085,104.678604,14.494547,4.8965964,76.48396,-21.126257,15.62981,72.90834,30.479588
-8.300422,200.87997,14.910404,-5.0757356,204.45903,13.026265,-11.763851,204.23409,12.733013,0.09397766,204.0877,3.7716453,-16.38997,203.04097,3.436729,12.329254,191.89294,-2.5051765,-21.300295,184.48993,-11.562458,33.02257,177.4921,-9.246024,-33.572666,162.65512,-22.02556,41.751324,162.71935,6.5148144,-46.334103,141.73514,-26.04085,17.598127,139.31047,-3.6928751,-3.5388958,136.82553,-5.241553,16.179523,101.82737,2.3955035,5.611997,104.57033,14.533051,4.2376347,76.12943,-21.569199,15.45153,72.96085,30.56227
-7.7041235,200.80786,14.817739,-4.528365,204.38171,12.840353,-11.207353,204.16353,12.69438,0.51816344,204.01683,3.4889429,-15.965133,203.01419,3.4647353,12.662634,190.77618,-3.6073809,-21.84254,183.81886,-10.684825,31.821695,174.32352,-10.324489,-32.565823,160.37617,-19.691172,39.037403,158.14833,5.065786,-43.405598,138.0959,-22.994633,17.237135,138.92336,-4.7019196,-4.0814304,136.4618,-5.0244603,15.878107,101.70577,1.4297659,5.2507915,104.51501,14.569395,3.7409809,75.646324,-21.96222,15.153455,73.006004,30.62
-7.0947275,200.75156,14.51017,-3.9911447,204.34435,12.447962,-10.669693,204.04927,12.40571,0.9543983,203.81975,3.0233529,-15.532057,203.04497,3.3119636,12.963676,189.74724,-4.916058,-22.145845,183.26024,-9.658568,30.331038,170.98177,-11.100396,-31.32742,158.55638,-17.23122,36.222614,154.1109,3.9701629,-40.214813,135.20029,-19.603792,16.756538,138.50426,-5.9111767,-4.599447,136.12238,-4.703979,15.304046,101.52026,0.5091273,4.9550977,104.542366,14.730013,3.3249567,75.06904,-22.391912,14.762782,72.98044,30.608639
-6.394794,200.75781,14.129635,-3.4499972,204.42114,11.970113,-10.116678,203.91188,12.056781,1.4252537,203.63855,2.4697313,-15.067026,202.93199,3.125027,13.12925,188.89925,-6.397979,-22.32328,182.72086,-8.736395,28.719675,168.28833,-11.75231,-29.753664,156.96465,-14.762003,33.230793,150.80974,3.1337183,-36.94236,132.88985,-15.923252,16.204872,138.15822,-7.083221,-5.0992427,135.79907,-4.488919,14.652856,101.29623,-0.32891938,4.5537734,104.58953,15.048905,2.989931,74.53274,-22.810328,14.240639,72.89534,30.349415
-5.856507,200.76215,13.699791,-2.9486544,204.4071,11.465361,-9.607724,203.87787,11.629946,1.8851023,203.6803,2.010885,-14.602711,202.97562,2.7704737,13.278387,188.31851,-8.093293,-22.11013,182.5424,-7.8133097,26.99159,166.13242,-12.457641,-28.050766,155.94395,-12.215077,30.047525,148.4144,2.594286,-33.44635,131.40208,-11.905557,15.607165,137.95517,-8.362729,-5.5476303,135.6367,-4.4186344,14.00812,101.28701,-1.0833715,3.971657,104.74515,15.330235,2.7381828,74.16798,-23.124636,13.64274,72.71187,29.973272
-5.358448,200.76271,13.238509,-2.4122694,204.36931,10.998773,-9.077376,203.94643,11.202331,2.3315423,203.62178,1.4849151,-14.156702,202.95468,2.3650951,13.420945,187.88239,-9.6906805,-21.8255,182.41846,-7.0409665,25.279343,164.54349,-13.08967,-26.413864,155.1784,-9.758002,26.830729,147.16142,2.5283003,-29.860725,130.3614,-7.6805086,15.049036,137.89247,-9.804093,-5.9605284,135.67783,-4.6697598,13.425458,101.416466,-1.6906086,3.3449056,105.126686,15.665371,2.5062683,73.87424,-23.370852,12.877189,72.84698,29.311848
-4.861829,200.83232,12.755401,-1.8322394,204.35764,10.500094,-8.509074,204.10399,10.729199,2.834128,203.60014,0.983502,-13.658797,203.14635,1.8749672,13.427065,187.67175,-11.036935,-21.458265,182.49431,-6.333489,23.677809,163.3604,-13.692045,-24.80521,154.91539,-7.4085045,23.623665,146.66602,2.7864969,-26.247154,130.16246,-3.2558138,14.292294,138.07365,-11.372462,-6.409984,135.88396,-4.9878244,12.925841,101.62018,-2.3157542,2.7096372,105.71089,15.93861,2.3167572,73.61478,-23.557053,11.975357,72.947014,28.39161
-4.3568287,200.97963,12.171365,-1.3371919,204.51245,9.907384,-8.009127,204.28514,10.218127,3.380078,203.67354,0.405854,-13.103398,203.33702,1.2711433,13.340289,187.54529,-12.412924,-21.101213,182.8214,-5.7218533,22.322193,162.78287,-14.289386,-23.35446,155.20476,-5.3398347,20.693645,147.45901,3.5419955,-22.583002,131.04994,1.3227122,13.595454,138.05951,-12.742644,-6.9036837,136.0432,-5.244139,12.511352,101.806435,-2.9659946,2.0052123,106.30772,16.36971,1.9994015,73.365135,-23.625614,10.901277,73.12503,27.1341
-3.8868473,201.1954,11.591326,-0.8568516,204.695,9.287322,-7.528545,204.51088,9.641585,3.8642073,203.80457,-0.18489198,-12.623563,203.52238,0.6878047,13.209429,187.69896,-13.582328,-20.859802,183.17816,-5.1455984,21.224537,162.5186,-14.451868,-22.030401,155.57156,-3.3180368,17.889116,148.84033,4.568177,-18.778624,132.32796,5.548874,12.899069,138.32265,-13.990972,-7.3368964,136.42596,-5.5556164,12.165674,102.23289,-3.6529922,1.2609383,107.21502,16.798628,1.7313943,73.30411,-23.697634,9.6571665,73.451904,25.456223
-3.4467952,201.52274,11.02582,-0.44694647,205.02454,8.68886,-7.119011,204.85782,9.155331,4.255251,204.06108,-0.7842674,-12.236875,203.92514,0.20318086,13.013297,188.01192,-14.640244,-20.678186,183.6943,-4.6190314,20.512432,162.66727,-14.377486,-20.737978,156.22147,-0.8841467,15.627443,151.17433,5.722638,-14.862875,133.99576,9.574398,11.99634,138.76363,-15.270913,-8.026086,137.00116,-6.0680184,11.888238,102.758125,-4.359198,0.35388184,108.27286,17.062334,1.5603585,73.36444,-23.682505,8.347509,74.00891,23.253248
-3.0730648,201.91536,10.514086,-0.06472943,205.4037,8.168514,-6.728484,205.3027,8.7259,4.5673127,204.38826,-1.3851761,-11.924978,204.43393,-0.24203081,12.548955,188.57968,-15.625826,-20.61885,184.3822,-4.084239,19.940586,163.31293,-13.964591,-19.485786,157.12486,1.4786268,14.054866,154.36479,6.92023,-11.094369,136.54903,13.441222,11.058472,139.50684,-16.453283,-8.801605,137.91673,-6.7508774,11.529572,103.45155,-5.0461426,-0.37809005,109.66827,17.309633,1.5117007,73.36807,-23.710302,6.958495,74.88921,20.704256
-2.7319956,202.38123,10.047576,0.31091204,205.87177,7.7432313,-6.3496428,205.85094,8.326313,4.876736,204.8222,-1.8440009,-11.6178665,205.13536,-0.6010293,12.1047,189.27309,-16.435234,-20.555382,185.29826,-3.5355217,19.458689,164.15352,-13.598894,-18.184727,158.55527,3.8079333,12.677527,158.1522,8.051641,-7.26348,139.96414,16.851624,10.102632,140.40636,-17.35111,-9.749715,138.99936,-7.188342,11.044168,104.18735,-5.820686,-0.97351253,111.20678,17.37942,1.4678022,73.47689,-23.73845,5.3831544,75.87279,17.90553
-2.458712,203.03665,9.709114,0.6713845,206.45163,7.4129634,-5.9863477,206.60521,8.010859,5.129156,205.44191,-2.1999514,-11.345047,206.03662,-0.8736895,11.738329,190.092,-17.011147,-20.409735,186.42772,-3.0377018,19.069422,165.26076,-12.865553,-17.092752,160.34334,5.8351226,11.656057,161.69905,9.188351,-3.610572,144.02519,19.584208,9.087333,141.29097,-18.094318,-10.55582,140.37402,-7.4966617,10.350917,104.93808,-6.626051,-1.5373421,112.78209,17.256289,1.5340425,73.50712,-23.697884,3.7596884,77.13902,14.90605
-2.1554384,203.68024,9.419836,1.0572858,207.08241,7.2193747,-5.608933,207.33554,7.747659,5.3868885,206.1227,-2.4917827,-11.062512,206.92915,-1.100242,11.492325,191.05275,-17.51938,-20.16465,187.70514,-2.539164,18.876518,166.59146,-11.813329,-16.173143,162.42752,7.687901,10.756097,165.01546,10.344378,-0.3923309,148.7375,21.856647,8.022391,142.05927,-18.748707,-11.127127,141.49332,-7.6331673,9.617876,105.57363,-7.5637383,-1.9596072,114.06846,17.003391,1.575728,73.62861,-23.732794,1.8586315,78.52765,11.863118
-1.9284275,204.50272,9.22742,1.3905263,207.8224,7.061228,-5.271505,208.22433,7.4860387,5.594693,207.01988,-2.7294793,-10.84099,207.95366,-1.1702251,11.22521,192.15622,-17.894375,-19.935112,189.0263,-1.9640194,18.65223,168.27455,-10.567021,-15.297204,164.51549,9.396734,10.239333,168.33812,11.608024,2.4929228,153.50534,23.317137,7.0787206,143.00777,-19.356352,-11.498865,142.5646,-7.659355,8.957306,106.36124,-8.456107,-2.2985537,115.116646,16.603909,1.5254436,73.9192,-23.76145,-0.085727856,79.66946,8.857894
-1.6094568,205.46107,9.133214,1.7010622,208.7425,6.8932786,-4.9641757,209.1491,7.345288,5.823678,207.96155,-2.8556201,-10.581047,209.03627,-1.182937,10.867692,193.27347,-18.208426,-19.694181,190.47816,-1.3312825,18.497704,169.92781,-9.380968,-14.530224,166.58987,10.900306,10.262585,171.59082,12.815697,5.128096,158.43764,24.261412,6.158708,144.11568,-19.907183,-12.015921,143.74332,-7.69185,8.341903,107.176414,-9.377909,-2.627929,115.8667,16.17322,1.4181709,74.022354,-23.715403,-2.176664,80.79671,6.1291633
-1.3425093,206.3042,9.061452,2.039098,209.49591,6.798795,-4.5950894,210.10986,7.326202,6.0855,208.83804,-2.923279,-10.328989,210.00764,-1.1740241,10.34893,194.48131,-18.522383,-19.434662,191.9466,-0.73078746,18.509182,171.9549,-8.287847,-13.737323,168.79031,12.435676,10.890138,174.79694,13.895015,7.0821695,163.37495,25.135422,5.23267,145.1391,-20.438404,-12.279217,144.79472,-7.491096,7.720405,107.951546,-10.413993,-3.0589788,116.5761,15.629364,1.3319085,74.04968,-23.721727,-4.4632325,82.18251,3.4216166
-1.0552816,207.13977,9.076147,2.3625774,210.28215,6.791951,-4.2595882,210.99557,7.352463,6.275822,209.63588,-2.96664,-10.10551,211.08636,-1.0189738,9.772181,195.6311,-18.71793,-19.153736,193.32327,-0.016758382,18.387466,174.01578,-7.3116155,-13.001115,170.87282,13.928274,12.053969,177.78966,14.922662,8.926451,168.58185,25.380692,4.45915,145.91997,-20.814379,-12.812465,145.7608,-7.3629117,7.1869903,108.57281,-11.486679,-3.5043128,117.19018,14.923636,1.2557268,74.062645,-23.542648,-6.7883263,83.610306,0.8627107
-0.78402376,207.95592,9.135338,2.7071133,210.98192,6.801208,-3.8786144,211.91774,7.458055,6.383345,210.32753,-3.0126367,-9.929613,212.00311,-0.85498375,9.249163,196.8233,-18.916767,-18.912165,194.55365,0.6055959,18.501802,176.19112,-6.399826,-12.201365,173.09282,15.762458,13.216076,180.73811,15.969718,10.6512575,173.24672,25.551613,3.7701418,146.67699,-21.132095,-13.306462,146.6034,-7.260709,6.468482,109.1451,-12.669052,-4.027277,117.340965,14.079472,1.4210068,74.03015,-23.439714,-9.328866,84.853806,-1.6776736
-0.60770637,208.66469,9.206286,2.874295,211.67476,6.8477335,-3.6774464,212.69643,7.6596,6.5340366,211.03465,-2.9747946,-9.769864,212.80493,-0.7362003,8.678997,197.94852,-19.032495,-18.643335,195.62106,1.0848006,18.5637,178.46922,-5.5839834,-11.511598,175.22481,17.582458,15.204492,182.96613,16.907663,11.691358,177.53432,25.572823,3.276403,147.31795,-21.282562,-13.6945915,147.18185,-7.1815553,5.9149547,109.49726,-13.745242,-4.550281,117.099976,13.137444,1.5596809,73.95348,-23.37004,-11.843094,85.85409,-4.0919337
-0.3959786,209.2479,9.281613,3.0922189,212.2773,6.9482894,-3.4087586,213.418,7.9898105,6.6580496,211.59361,-2.9289484,-9.580466,213.56781,-0.5800967,8.275167,199.04874,-18.957754,-18.51048,196.66934,1.5064368,18.85971,180.5378,-4.894081,-10.879843,177.31773,19.04248,16.807877,185.42757,17.500824,12.436711,181.4554,25.647196,2.9203246,147.87088,-21.31557,-14.011387,147.55807,-7.054511,5.3758826,109.75597,-14.695735,-5.100238,116.63884,12.143264,1.5882025,73.99537,-23.37946,-14.126993,86.552986,-6.2537565
-0.16511656,209.86848,9.435407,3.3075578,212.94331,7.143953,-3.2181444,214.00813,8.14809,6.8332267,212.15514,-2.8080237,-9.359638,214.26987,-0.4044504,7.9863195,199.87779,-18.936964,-18.308252,197.66095,1.8100516,19.207325,182.50217,-4.0912275,-10.07156,179.21841,20.154707,17.87527,187.97194,18.152756,13.306426,184.76006,25.655275,2.580138,148.19295,-21.330511,-14.315956,147.90556,-6.8726535,4.8464355,109.86451,-15.502638,-5.868357,115.8825,10.963217,1.5803623,73.88957,-23.441578,-16.21604,86.688,-8.07541
0.010826006,210.31717,9.553237,3.5040407,213.33228,7.218025,-3.0155437,214.45108,8.196216,7.0625577,212.62291,-2.6693845,-9.132084,214.76411,-0.27955186,7.745885,200.52515,-18.838995,-18.017092,198.46574,2.1638608,19.295595,184.04947,-3.2720919,-9.236137,181.03531,21.133556,18.894844,189.96512,18.839142,14.004589,187.53214,25.955788,2.2736416,148.45714,-21.39682,-14.42855,148.07076,-6.7700276,4.4215536,109.91818,-16.249018,-6.765982,114.85393,9.513886,1.6645014,73.85818,-23.427767,-18.282646,86.26714,-9.670057
0.25145474,210.54597,9.595819,3.7959561,213.59807,7.376561,-2.747655,214.69365,8.2061615,7.281397,212.90456,-2.6518292,-8.921656,215.0372,-0.1872849,7.454542,201.1872,-18.79008,-17.847075,199.04817,2.5768406,19.121223,185.60915,-2.3404698,-8.243338,182.60188,22.092588,19.757954,191.80327,19.657059,15.116804,189.58926,26.178137,2.0262086,148.60733,-21.3915,-14.607205,148.11082,-6.709295,4.030113,109.92622,-16.982115,-7.8569026,113.55263,7.856091,1.7217466,73.86274,-23.238008,-20.333567,85.12955,-11.248675
0.5235599,210.71349,9.639517,4.0749,213.75204,7.4129667,-2.4660861,214.85005,8.208663,7.4421716,213.0079,-2.6694946,-8.717691,215.25937,-0.084871635,7.073847,201.473,-18.72954,-17.776468,199.3921,3.010726,18.978672,187.0243,-1.3253956,-7.1806216,183.92209,22.899118,20.57663,193.4404,20.621603,16.16349,191.5928,26.476408,1.7487901,148.5991,-21.380152,-14.792162,147.9513,-6.6926856,3.7323327,109.84596,-17.72756,-9.235599,112.241005,6.022963,2.036742,73.76145,-22.936506,-22.182508,83.74469,-12.745761
0.71527624,210.66248,9.681528,4.2597666,213.64522,7.3761854,-2.2557683,214.82039,8.248127,7.5704856,212.91191,-2.6593916,-8.567996,215.29265,-0.0011820439,6.858242,201.63744,-18.551434,-17.684189,199.552,3.4585128,18.947031,188.40309,-0.3052186,-6.099887,185.29535,23.65806,21.305613,194.66055,21.597498,17.105255,193.35463,26.65231,1.5874102,148.47603,-21.214468,-14.906227,147.64575,-6.5520344,3.5236132,109.576195,-18.341335,-10.88953,110.92775,3.8102806,2.5334907,73.46513,-22.546589,-24.002584,81.761566,-14.310847
0.88310647,210.5797,9.702638,4.3561497,213.59088,7.3172626,-2.1685722,214.67105,8.268812,7.661693,212.82643,-2.6798215,-8.462024,215.1805,0.06492837,6.664619,201.59169,-18.442623,-17.647728,199.54985,3.855044,18.915993,189.64336,0.51136076,-4.8922267,186.60384,24.23643,21.798239,195.56537,22.395235,18.294134,194.85959,27.147326,1.573318,148.35442,-20.887619,-15.087604,147.27133,-6.4266715,3.441701,109.30124,-18.679928,-12.561202,109.607796,1.5926125,2.8334138,73.260155,-22.178663,-25.60301,79.571175,-15.79632
0.9820421,210.39743,9.73622,4.4187264,213.39697,7.293651,-2.0847895,214.5079,8.37523,7.7247167,212.58931,-2.687404,-8.420767,214.925,0.15479289,6.463982,201.27078,-18.34452,-17.60607,199.356,4.188996,18.882532,190.56012,1.2082095,-3.7649329,187.42744,24.600788,22.146345,196.37233,23.076202,19.27878,195.92632,27.780603,1.6908233,148.20743,-20.435656,-15.355446,147.00648,-6.408672,3.5446062,109.007935,-19.015547,-14.11952,108.60504,-0.6317876,3.1735885,72.986916,-21.963163,-26.954618,77.61719,-16.927946
1.1293279,210.08519,9.837669,4.5322433,213.06326,7.322065,-1.9820224,214.12143,8.3638315,7.8178825,212.26717,-2.611235,-8.304237,214.5599,0.3146123,5.9769516,200.89096,-18.348337,-17.536299,199.04027,4.7179427,18.878016,191.27553,1.674898,-2.9386382,188.08583,25.109621,22.74365,196.99765,23.570272,20.140862,196.54048,28.166517,1.5479121,147.96104,-20.164446,-15.58486,146.63213,-6.4371805,3.5025804,108.89819,-19.286537,-15.472054,107.97837,-2.686713,3.5073059,72.77767,-21.734158,-27.95862,75.86727,-17.808823
1.3611996,209.78545,9.985683,4.7266297,212.71123,7.3539915,-1.7801152,213.76791,8.452821,7.8868804,211.85567,-2.5239177,-8.195119,214.20349,0.5256891,5.665707,200.49011,-18.151772,-17.571991,198.89047,5.1432753,18.887709,191.61092,1.9985232,-2.4211667,188.65752,25.46688,23.170391,197.41791,23.813137,20.753038,197.03198,28.268438,1.3502715,147.86118,-19.862726,-15.872011,146.47777,-6.492199,3.6227467,108.9041,-19.361061,-16.724005,107.56658,-4.7085023,3.8123848,72.74739,-21.36662,-28.67255,74.602234,-18.541641
1.5017223,209.5865,10.145533,4.880785,212.36876,7.374575,-1.597934,213.56245,8.494123,7.9841156,211.49548,-2.4405622,-8.083127,213.91496,0.70270294,5.329629,200.1328,-17.990316,-17.499308,198.74994,5.5167933,18.92864,191.75761,2.0577447,-2.067051,188.88214,25.619762,23.55612,197.5448,23.824001,21.087936,197.2019,28.242691,1.0373334,147.62073,-19.590473,-16.159466,146.22807,-6.4582496,3.7930186,108.82638,-19.170269,-17.68569,107.35403,-6.3901873,4.1418524,72.74249,-20.98676,-29.14858,73.735306,-18.951109
1.6637901,209.53798,10.331943,5.060111,212.27505,7.5371437,-1.4239892,213.48753,8.594442,8.086139,211.33551,-2.2741852,-7.9725833,213.91922,0.96573484,5.055387,199.93806,-17.767878,-17.683048,198.76465,5.7605677,19.111889,191.65103,1.9530205,-1.8205005,189.04628,25.525795,23.811005,197.12427,23.719639,21.472162,197.08223,28.158157,0.71815664,147.44601,-19.42124,-16.757929,146.03903,-6.6639237,3.8808112,108.71856,-18.918997,-18.397837,107.27742,-7.53148,4.4910374,72.75138,-20.714151,-29.294601,73.27033,-19.254591
1.7876018,209.51707,10.46269,5.2747774,212.18207,7.7112994,-1.1980853,213.53519,8.69986,8.2637,211.26231,-2.1224494,-7.8044863,213.97299,1.0926299,5.048727,199.79022,-17.447287,-17.839407,198.91214,6.0292077,19.172134,191.01855,1.7962753,-1.9242666,188.77832,25.597143,23.962746,196.38074,23.471436,21.603893,196.45287,27.584627,0.39639285,147.26009,-19.260185,-17.366299,145.90279,-6.76867,3.9819844,108.663765,-18.707268,-18.936836,107.254425,-8.140422,4.768663,72.82296,-20.522062,-29.191238,73.189644,-19.476824
2.0200555,209.5631,10.567153,5.561091,212.28899,7.943838,-0.92245007,213.63089,8.850584,8.422417,211.37086,-2.030594,-7.5851827,214.21829,1.3106703,5.0210366,199.83586,-17.2207,-17.828104,199.13797,6.4287086,19.132027,189.85345,1.3742781,-2.1243842,187.96255,25.666426,23.877434,195.36383,23.026558,21.492249,195.36314,26.61649,0.07100235,147.22717,-19.182484,-17.883791,145.95003,-6.7588806,3.921502,108.702225,-18.420115,-19.333826,107.315025,-8.35067,5.0567794,72.81368,-20.337982,-28.897854,73.123146,-19.48328
2.2826018,209.73138,10.78522,5.865932,212.43423,8.199852,-0.5865178,213.87613,9.1292925,8.573351,211.47157,-1.879394,-7.3753424,214.48845,1.5927005,5.089997,199.97574,-17.121264,-17.509775,199.32816,6.954525,18.964037,188.56364,0.8014006,-2.4966629,186.86061,25.576948,23.581379,194.10777,22.409424,21.030453,194.04054,25.561703,-0.22976343,147.24858,-19.209229,-18.304537,146.08209,-6.625299,3.9062822,108.67884,-18.097996,-19.643126,107.560555,-8.309756,5.4269214,72.8318,-20.25586,-28.575228,73.220055,-19.51227
2.6040924,209.83032,11.078657,6.198993,212.48335,8.460578,-0.21343018,214.03665,9.515306,8.78334,211.52393,-1.6803396,-7.058104,214.79164,1.9918928,5.220667,200.12245,-17.087988,-17.329329,199.47183,7.2595344,18.80213,186.99701,-0.0791482,-3.0957153,185.65543,25.254065,23.034512,192.57114,21.64405,20.284174,192.39827,24.511412,-0.45373687,147.29436,-19.13338,-18.546503,146.29056,-6.3204722,3.8951578,108.72055,-17.756475,-19.82457,107.747696,-8.088843,5.8734946,72.869484,-20.154053,-28.17517,73.30221,-19.414795
2.9479332,209.95866,11.527424,6.456454,212.53368,8.725497,0.0862611,214.1322,9.964699,9.028741,211.5497,-1.3049178,-6.7405376,214.96207,2.5165079,5.2806654,200.10757,-17.080992,-17.194025,199.55855,7.4780097,18.366974,185.25809,-1.134094,-3.7477534,184.14818,24.559805,22.424255,190.64551,20.68899,19.81078,190.4455,23.260344,-0.6629067,147.41118,-18.912415,-18.716412,146.49176,-5.7686296,3.99414,108.72591,-17.316628,-20.117317,107.91955,-7.790329,6.5065575,72.866745,-20.11156,-27.723806,73.3874,-19.30171
3.220061,210.09668,11.9512825,6.7872143,212.51999,9.085964,0.45145002,214.29288,10.270489,9.228239,211.50298,-0.9267717,-6.508421,214.99629,2.9500284,5.4650397,200.10324,-16.919844,-17.099464,199.69618,7.5614157,17.908045,183.53554,-2.147277,-4.6036515,182.78394,23.798687,21.85803,188.3547,19.825132,18.951454,188.01503,21.910358,-0.75350296,147.35286,-18.509388,-18.907644,146.51468,-5.3482575,4.290906,108.68255,-17.076633,-20.32245,107.86029,-7.408557,7.2862473,72.797554,-19.932726,-27.25155,73.306786,-19.083904
3.4262204,210.14809,12.363265,6.9939365,212.58435,9.510528,0.6265216,214.28853,10.607059,9.426359,211.56937,-0.51453054,-6.3263392,214.89148,3.314247,5.744469,199.90004,-16.74221,-17.052515,199.72191,7.650209,17.533321,181.91278,-3.0524218,-5.3540874,181.48914,23.091959,21.148005,186.14595,19.087187,18.4244,185.74126,20.679066,-0.7215455,147.21631,-18.072187,-19.14087,146.48772,-5.041735,4.4974,108.58686,-16.879112,-20.494734,107.75912,-7.2150774,7.936721,72.71256,-19.814426,-26.667263,73.20838,-18.971819
3.581544,210.12192,12.668368,7.173024,212.57571,9.861733,0.7786101,214.23857,10.86275,9.6197405,211.5394,-0.1974502,-6.1752944,214.76105,3.5731301,6.0766478,199.69981,-16.551239,-16.962244,199.65681,7.7470236,17.183779,180.70424,-3.7714443,-5.9567914,180.49948,22.47347,20.370264,184.39012,18.540506,17.961393,184.13121,19.847609,-0.68828,147.05516,-17.748505,-19.300903,146.42383,-4.881339,4.7137933,108.51238,-16.662931,-20.549288,107.71064,-7.0715537,8.383713,72.7227,-19.826387,-26.209707,73.13265,-18.86374
3.7644808,210.01523,13.018608,7.404291,212.49007,10.29299,0.9766995,214.1156,11.14463,9.877924,211.38638,0.18169785,-5.9842696,214.5238,3.8190165,6.649399,199.20963,-16.253325,-16.807394,199.35045,7.9165444,16.695097,178.89354,-4.627515,-6.8529043,178.83047,21.646057,19.385456,181.50769,17.949537,17.420895,181.46004,18.922853,-0.6211398,146.66934,-17.384525,-19.516195,146.24742,-4.7553897,5.013119,108.37112,-16.305212,-20.638887,107.63314,-6.893861,8.858837,72.87273,-19.98944,-25.625408,73.00002,-18.682669
3.8303769,209.71526,13.359139,7.521633,212.26198,10.775548,1.0679882,213.84001,11.506811,10.029836,211.20193,0.5945211,-5.8760014,214.275,4.0833817,7.286571,198.65729,-15.872929,-16.514524,198.88194,8.244002,16.030777,177.01848,-5.5053763,-7.6059394,176.97156,20.707766,18.146349,178.14127,17.270302,17.079327,178.00993,17.9343,-0.4944687,146.45564,-17.04883,-19.79817,146.02048,-4.8448067,5.293792,108.13607,-15.884843,-20.459164,107.37962,-6.671876,9.495278,72.74745,-20.016556,-25.03366,72.86057,-18.630554
3.9802976,209.3684,13.666619,7.6572204,212.02696,11.172484,1.2059666,213.55083,11.960823,10.258649,210.89642,0.91829467,-5.6869655,213.91913,4.382634,7.845581,197.80022,-15.63196,-16.258852,198.28506,8.485392,15.658863,175.0611,-6.465781,-8.467856,175.09998,19.723463,16.77254,174.55986,16.490446,16.173557,173.77658,16.672422,-0.4278942,146.14136,-16.564789,-19.939806,145.83418,-4.6690865,5.706577,107.959625,-15.258269,-20.196909,107.223145,-6.36993,10.119366,72.70981,-19.852705,-24.400333,72.85193,-18.660057
4.233581,209.01488,14.052198,7.860804,211.6786,11.497569,1.4060838,213.16795,12.362613,10.541242,210.5788,1.3568778,-5.4227753,213.5189,4.718645,8.340936,196.90254,-15.410681,-15.959994,197.69446,8.896225,15.5279665,173.41583,-7.4421005,-9.812771,172.94388,18.298864,15.315088,170.77103,15.409937,14.384206,169.28055,15.13881,-0.27533406,145.97174,-15.992113,-19.831814,145.7063,-4.4393196,6.334245,107.84847,-14.211405,-19.726149,107.139694,-6.0001163,10.734543,72.667496,-19.54619,-23.649857,72.90031,-18.689814
4.4384503,208.58578,14.358681,7.977707,211.26501,11.696594,1.530162,212.6965,12.701457,10.907255,210.17352,1.7117006,-5.1001287,213.05411,4.9467077,8.923034,195.90219,-15.21795,-15.535874,196.88809,9.237169,15.342682,171.5821,-8.626133,-11.0529585,171.25967,17.131556,13.750955,166.77237,13.979189,12.229896,164.54324,14.427887,-0.041769132,145.57227,-15.505376,-19.65356,145.38846,-4.297692,6.990418,107.59149,-12.912616,-19.210424,106.86286,-5.6567106,11.350274,72.56288,-19.266895,-22.846115,72.799904,-18.70757
4.643142,208.11804,14.542708,8.059023,210.88177,11.805397,1.5813948,212.11748,12.879077,11.231622,209.62595,1.9398559,-4.8367896,212.53859,5.0810685,9.378697,194.71991,-15.066494,-15.213631,196.10086,9.3222065,15.176493,169.76494,-9.519219,-12.18935,169.87523,16.0792,13.211445,162.07228,12.298293,9.239073,158.86687,14.63863,0.23662034,145.14355,-15.179056,-19.38126,145.10193,-4.1241746,7.696553,107.375824,-11.449475,-18.590616,106.53665,-5.3556595,11.841683,72.673904,-18.995811,-22.084099,72.61562,-18.89655
5.026499,207.60242,14.72446,8.365851,210.39551,11.915699,1.8965256,211.56125,13.084768,11.561282,209.0134,2.0832765,-4.4623,211.99773,5.273822,9.701739,193.59503,-14.958517,-15.124114,195.31476,9.149793,15.139174,168.19179,-10.201412,-13.544795,168.67403,14.7276,13.389177,156.95161,10.1822605,5.467814,153.91188,14.956178,0.46008155,144.68352,-14.883159,-19.227509,144.73117,-4.1126075,8.422621,107.36058,-9.497591,-17.900063,106.32115,-4.923502,12.118337,72.88204,-18.517632,-21.29032,72.50478,-19.003437
5.39862,207.05345,14.981918,8.741112,209.86696,12.202712,2.2448025,210.97353,13.29414,11.970504,208.3856,2.3514369,-4.0609155,211.34506,5.425469,10.079934,192.53915,-14.781774,-15.033385,194.54817,8.7983055,14.959096,166.59506,-10.920608,-14.914311,167.62747,13.182375,14.010773,152.48625,7.844892,1.2447785,149.49182,14.677037,0.7809837,144.32573,-14.541245,-19.173016,144.45013,-4.2679825,9.0986805,107.401695,-7.162337,-17.191744,106.20338,-4.1939373,12.246949,73.33217,-17.82144,-20.40286,72.63021,-19.068962
5.7480173,206.37698,15.133751,9.154736,209.2791,12.529644,2.6044166,210.27715,13.404876,12.427454,207.86462,2.5961554,-3.6625848,210.62819,5.5082645,10.483635,191.81662,-14.523605,-15.067849,193.79706,8.255914,14.617835,165.67104,-11.715154,-16.256235,166.68419,11.994036,15.692774,149.31541,5.452397,-3.7479825,145.59027,14.120657,1.1314788,143.974,-14.203734,-18.960405,144.09657,-4.4383035,9.688396,107.60026,-4.576284,-16.511356,105.883064,-3.4647691,12.173179,74.01519,-17.036242,-19.515509,72.62239,-19.037601
6.1287966,205.68077,15.300344,9.5914,208.61485,12.806976,3.0320535,209.61935,13.5547,12.907633,207.1555,2.8118622,-3.176842,209.91026,5.558329,11.220884,190.8837,-14.310997,-15.232369,192.95453,7.5927696,14.566744,164.56775,-12.493892,-17.678795,165.7917,11.145396,17.37547,146.34125,2.5266259,-9.39033,142.57129,13.566016,1.5968069,143.29085,-14.007067,-18.734808,143.35408,-4.6463895,10.1636095,107.80588,-1.7841722,-15.835655,105.56513,-2.5651858,12.092456,74.85649,-16.009628,-18.627052,72.69122,-19.045687
6.5032496,204.98242,15.413634,10.004138,207.91132,12.966072,3.4296591,208.8967,13.581331,13.373071,206.31668,2.9593902,-2.7575076,209.0976,5.5286236,11.914962,189.8431,-14.177137,-15.284456,192.18509,7.09558,14.856034,163.27017,-13.394709,-19.162983,165.00983,10.686757,18.956251,143.4078,-0.9117179,-15.047605,140.50471,13.582789,2.1065397,142.18373,-13.760782,-18.351208,142.37288,-4.777424,10.525022,107.95668,1.0231645,-15.201649,105.10662,-1.8285615,11.84663,75.657974,-14.780773,-17.71015,72.77612,-19.20624
6.8168807,204.32933,15.454541,10.374653,207.27242,13.104666,3.7925537,208.27971,13.615167,13.847623,205.66618,3.0867732,-2.3285437,208.24684,5.4184704,12.68306,188.83376,-14.056044,-15.29036,191.57825,6.7434745,15.605813,162.16882,-14.653059,-20.830658,164.74547,10.500227,20.750717,140.94366,-4.791559,-20.903902,139.94212,13.9744005,2.730976,141.34822,-13.348616,-18.046286,141.68301,-4.8950152,10.792074,108.312225,3.8339407,-14.717241,104.69724,-1.247765,11.4797125,76.636536,-13.405896,-16.757072,72.81822,-19.333706
7.1817713,203.72612,15.444295,10.813366,206.66393,13.212765,4.2260146,207.71475,13.581379,14.339084,205.10645,3.1855233,-1.9082702,207.51053,5.293017,13.461671,187.96121,-14.010285,-15.102965,191.29875,6.3250647,16.716341,161.33282,-16.10948,-22.703295,165.24695,10.444499,22.97484,139.40569,-8.693947,-26.787588,140.92577,14.618604,3.2301817,140.8298,-12.588077,-17.937794,141.27449,-4.8888245,10.759736,108.75405,6.444749,-14.254957,104.46557,-0.93608606,10.859454,77.726105,-11.938008,-15.867591,72.85117,-19.385187
7.543803,203.21169,15.506029,11.212507,206.0888,13.256059,4.626675,207.15247,13.493339,14.787873,204.63577,3.2866685,-1.4680834,206.9705,5.268854,14.144937,187.2583,-14.023844,-14.784557,191.1079,5.934248,17.880304,160.83606,-17.890905,-24.768614,166.08456,10.527581,25.461748,138.76761,-12.509692,-32.437325,142.818,15.467581,3.5977676,140.47606,-11.84649,-17.756084,141.0088,-4.73775,10.607892,109.40537,8.817597,-13.842469,104.23166,-0.6700795,10.127083,78.88329,-10.312919,-14.933458,72.8875,-19.566277
7.96666,202.80638,15.484471,11.598961,205.70546,13.203242,4.996578,206.6984,13.446774,15.167941,204.27539,3.2609348,-1.1263489,206.45392,5.289983,14.875339,186.80608,-14.03831,-14.587511,191.13399,5.4661236,19.19218,160.86418,-19.750172,-26.96669,167.40991,10.605303,28.140207,138.97652,-15.990222,-37.597996,145.68842,16.472996,3.9459965,140.18295,-11.233869,-17.463278,140.875,-4.537615,10.413176,110.00371,11.002835,-13.509343,104.11415,-0.3496082,9.061416,79.81388,-8.558792,-14.10729,73.0155,-19.774075
8.41146,202.47696,15.463352,12.030986,205.34796,13.125143,5.4391403,206.37927,13.454782,15.58674,203.97765,3.2023156,-0.72580856,206.13156,5.3360753,15.449516,186.60612,-14.08265,-14.34407,191.24922,5.1562996,20.340477,161.38469,-21.694576,-29.104912,169.19366,10.771018,30.966488,140.09164,-19.430796,-42.400112,149.35355,17.497147,4.2509227,140.00594,-10.724971,-17.134836,140.58589,-4.230066,10.049328,110.58265,12.801727,-13.230872,103.90347,-0.059405956,7.7712693,80.39947,-6.645885,-13.355717,73.13207,-19.93951
8.7805195,202.28535,15.450933,12.393847,205.11829,13.057168,5.812181,206.21437,13.475604,15.981978,203.78157,3.2346642,-0.34818488,205.93518,5.2888274,15.981744,186.64334,-14.184438,-14.061676,191.44524,4.9159145,21.593985,162.20218,-23.60751,-31.142963,171.58058,10.800812,33.933674,141.66827,-22.731022,-46.596653,153.84142,18.563168,4.4176793,139.94325,-10.084913,-16.948074,140.43315,-3.9801972,9.7180195,111.053795,14.293838,-13.008329,103.82596,0.19657855,6.316097,80.760735,-4.691324,-12.823842,73.28076,-19.998104
9.036175,202.20268,15.365615,12.662474,205.03078,12.983902,6.0882664,206.1441,13.398809,16.326382,203.69884,3.190574,0.004866684,205.86046,5.1182003,16.37619,186.78496,-14.294108,-13.848537,191.78998,4.774392,22.93233,163.37517,-25.385887,-32.983383,174.13152,10.717135,36.98111,143.98358,-25.461414,-50.192432,158.65518,19.453693,4.5066266,139.99922,-9.361976,-16.718117,140.48743,-3.8318493,9.257776,111.30529,15.568773,-12.799146,103.91116,0.4338201,4.7207685,80.54211,-2.6237257,-12.351346,73.42181,-20.045954
9.304584,202.21553,15.238647,12.88916,205.12595,12.905371,6.3064036,206.17892,13.386795,16.664742,203.77695,3.1034968,0.32624295,205.90823,4.946197,16.578909,187.01173,-14.527435,-13.569382,192.2381,4.6684723,24.389116,164.55629,-26.870821,-34.717487,176.74048,10.335915,40.09033,146.53033,-27.654284,-53.327847,163.87778,20.129114,4.6103115,140.0807,-8.684613,-16.669895,140.62671,-3.70817,8.707102,111.68083,16.62673,-12.636264,103.97844,0.5745308,2.952818,80.5132,-0.2933329,-11.898841,73.504234,-20.176613
9.544107,202.40508,15.0976925,13.098842,205.34535,12.7499075,6.5134816,206.34476,13.257689,16.964073,203.99376,2.9871247,0.63822734,206.15091,4.7733803,16.819664,187.33699,-14.792835,-13.344107,192.72195,4.535914,25.666912,165.86237,-28.136333,-36.084106,179.60843,10.211051,43.106163,149.64182,-29.506676,-55.99583,169.20816,20.604229,4.714348,140.25974,-8.349764,-16.697304,140.70891,-3.598803,8.027359,112.06416,17.545132,-12.552134,104.10214,0.6237753,1.0233884,80.41903,2.3274803,-11.443091,73.71993,-20.328962
9.59696,202.57304,14.85174,13.179874,205.53535,12.577848,6.576751,206.5181,13.005853,17.145508,204.19188,2.8055894,0.8387484,206.47412,4.4701276,16.994778,187.61069,-15.166691,-13.055606,193.46378,4.401332,26.813597,167.129,-29.365448,-37.022785,182.76079,10.310418,45.82188,152.86221,-30.961979,-57.85053,174.72075,21.030352,4.8451214,140.526,-7.9992843,-16.714846,141.13782,-3.4590082,7.2892094,112.367004,18.204098,-12.403232,104.3328,0.7497794,-1.0769572,79.949524,5.220559,-10.978473,74.04681,-20.675287
9.713644,202.83789,14.568294,13.317131,205.72156,12.231251,6.7181406,206.71516,12.544638,17.265022,204.4204,2.4894762,0.97336125,206.71724,4.1788435,17.091953,188.06483,-15.54673,-12.750554,194.06444,4.1994414,27.894423,168.61844,-30.347456,-37.624035,186.10934,10.617153,48.241932,156.56026,-32.045845,-59.28681,180.17253,21.466946,4.805813,141.03032,-7.6454306,-16.750437,141.66318,-3.124663,6.5151544,112.61925,18.5303,-12.404968,104.695915,0.72384065,-3.2880635,79.47684,8.269545,-10.431701,74.363075,-21.109606
9.827074,203.07582,14.13306,13.538878,205.86919,11.850747,6.9398475,206.94151,11.940289,17.349176,204.57735,2.039119,1.0787044,206.94374,3.7255654,17.081604,188.46262,-15.986371,-12.675379,194.68973,3.9141893,28.74838,170.1347,-31.376846,-37.946987,189.3155,11.02833,50.41829,160.32921,-32.650696,-60.086876,185.52667,21.792421,4.6954966,141.36345,-7.1917973,-16.8009,142.04497,-2.8399136,5.6097007,112.39691,18.77316,-12.3568325,104.95968,0.8951701,-5.4169245,78.97951,11.275021,-10.003258,74.88665,-21.321447
10.0880375,203.29202,13.616531,13.888573,206.03328,11.409638,7.3005652,207.1691,11.31066,17.499788,204.67294,1.4838855,1.2599384,207.24135,3.2673838,16.970737,188.8751,-16.472672,-12.706682,195.28665,3.5039113,29.522022,171.60619,-32.26388,-38.157047,192.20808,11.490753,52.0897,164.08337,-33.27662,-60.517464,190.35266,22.233076,4.3999734,141.52078,-6.66321,-16.766514,142.3479,-2.5420325,4.5425158,112.161156,18.774227,-12.383089,105.11479,1.3556373,-7.234776,78.455864,14.146098,-9.796277,75.35127,-21.373384
10.230095,203.52588,13.095147,14.121046,206.17123,10.940243,7.5638995,207.43538,10.709871,17.583784,204.7774,0.9494785,1.3311872,207.48323,2.828401,16.780218,189.12479,-16.807413,-12.619256,195.792,3.1849277,30.338308,173.11275,-32.88969,-38.13251,194.78094,11.606886,53.478024,167.98686,-33.98706,-60.41833,194.63712,22.544432,4.1817756,141.62901,-6.272825,-16.791445,142.57544,-2.2237563,3.5177555,111.6306,18.577314,-12.531988,105.35009,1.9402609,-8.939484,77.91908,17.125677,-9.693075,75.95554,-21.321894
10.348667,203.47461,12.596486,14.319177,206.0697,10.536044,7.790014,207.46658,10.22719,17.65575,204.84149,0.4381679,1.4455655,207.62509,2.402719,16.704826,189.38898,-16.878431,-12.470465,196.24248,2.850361,31.006395,174.49179,-33.35483,-37.870865,197.2197,11.483849,54.546528,171.54489,-34.335953,-60.42267,199.20215,22.003841,3.965759,141.60632,-5.9401174,-16.85316,142.69984,-1.8139143,2.5198848,111.0853,18.339842,-12.663528,105.45585,2.6069722,-10.544994,77.30394,20.032894,-9.476888,76.37318,-21.195118
10.301667,203.38687,12.084351,14.355325,205.90257,10.082228,7.8676567,207.4757,9.742289,17.677305,204.77487,-0.028656293,1.4797543,207.74126,1.9116619,16.784597,189.36066,-16.952574,-12.479943,196.6043,2.4713843,31.881277,175.56252,-33.566223,-37.62632,199.582,11.0431795,55.48913,174.53003,-34.40106,-59.857956,203.0963,21.53728,3.7809608,141.31676,-5.598112,-16.914701,142.6541,-1.2467064,1.2722961,110.22587,18.149168,-12.826986,105.26743,3.255087,-11.887285,76.788895,22.566067,-9.296777,76.67524,-21.049366
10.303242,203.12753,11.622255,14.361656,205.61243,9.605539,7.880971,207.2503,9.32118,17.731476,204.55179,-0.4615553,1.5430794,207.60963,1.4802191,16.84212,189.19348,-17.008123,-12.467158,196.76373,2.0770001,32.805813,176.57613,-33.52278,-37.31662,201.59067,10.76508,56.32983,177.0045,-34.463142,-59.447063,206.79085,20.914148,3.5834703,141.10657,-5.306242,-17.044815,142.59325,-0.77122045,0.08594456,109.435585,18.029404,-13.055882,105.09981,3.9857154,-12.918411,76.14869,24.600143,-9.21765,76.89528,-20.86762
10.369037,202.73195,11.229344,14.351843,205.30328,9.159923,7.8460946,206.85487,9.0386,17.731573,204.22157,-0.84489715,1.5580949,207.27142,1.1590679,16.79605,188.74947,-16.989738,-12.610934,196.758,1.5419277,33.687435,177.40987,-33.268402,-36.81723,203.1378,10.534037,57.056522,179.17448,-34.489956,-58.670315,209.77977,20.344082,3.2708223,140.7367,-5.0439577,-17.242275,142.4283,-0.3822879,-1.0097927,108.6501,17.86474,-13.249831,104.78087,4.6467533,-13.782677,75.39601,26.251669,-9.284419,76.927795,-20.750902
10.3956,202.39122,10.932148,14.378966,204.98291,8.882979,7.8633075,206.43741,8.612996,17.57323,203.75826,-1.2727209,1.4687757,206.85612,0.89012545,16.603882,188.34653,-16.87967,-12.691547,196.58315,1.0515223,34.29307,178.06433,-32.828922,-36.29314,204.3665,10.209921,57.505283,180.94434,-34.371235,-57.765564,212.33224,19.843067,3.0805242,140.1885,-4.7064686,-17.486515,142.06267,-0.039877795,-1.796291,107.818825,17.72126,-13.259103,104.46522,5.230084,-14.445301,74.724884,27.405714,-9.425183,76.96336,-20.680922
10.412398,201.95645,10.716241,14.396423,204.55061,8.662358,7.877989,205.9901,8.377159,17.422333,203.24724,-1.6245465,1.353383,206.3,0.72858435,16.425587,187.70433,-16.71209,-12.798102,196.18924,0.7291776,34.764977,178.5148,-32.40875,-35.856644,205.22086,9.666531,57.865658,182.5748,-34.09788,-56.92269,214.2441,19.16307,2.8344636,139.55077,-4.390602,-17.711191,141.61224,0.36158174,-2.2874436,106.912254,17.70958,-13.305829,103.91373,5.770328,-14.940333,73.919624,28.015348,-9.530974,76.944115,-20.666092
10.457217,201.29251,10.551835,14.403378,203.77504,8.303933,7.9035873,205.33286,8.23689,17.309711,202.51222,-1.8941821,1.2993482,205.58195,0.6086484,16.34512,186.824,-16.436882,-12.899541,195.67735,0.46868178,35.280945,179.02557,-32.034218,-35.633575,205.93858,8.963385,58.20031,183.90797,-33.647465,-56.358376,215.82639,18.30113,2.630558,138.7405,-3.9877,-17.895098,140.8986,0.7195705,-2.4492393,106.14931,18.041246,-13.598052,103.24302,6.3602843,-15.439325,73.42949,28.190533,-9.556972,77.11094,-20.745693
10.53664,200.59712,10.355053,14.357366,203.20947,8.032911,7.8412223,204.64476,8.248263,17.268507,201.68904,-2.153319,1.2632084,204.8698,0.46820042,16.19267,185.94644,-16.274464,-13.072245,195.10512,0.17847809,35.867508,179.4513,-31.424757,-35.51551,206.17572,8.371402,58.623753,184.76187,-33.107002,-55.97675,216.96524,17.355223,2.4414523,138.10765,-3.6512513,-18.052145,140.28035,1.0166717,-2.5682855,105.64329,18.394655,-14.035853,102.618744,6.9090853,-15.651819,73.25606,28.124342,-9.519723,77.276794,-20.843493
10.514568,199.93213,10.171347,14.270309,202.54463,7.7374954,7.7792926,204.04166,8.236844,17.245935,201.02608,-2.338957,1.2351799,204.15337,0.301811,16.185875,185.09615,-16.188898,-13.207411,194.47989,-0.09278199,36.53667,179.83388,-30.708778,-35.506367,206.06987,7.924673,59.085155,185.32085,-32.32486,-55.891567,217.5112,16.384787,2.2349381,137.45036,-3.4502525,-18.335062,139.53563,1.2444073,-2.3977332,105.42522,18.822594,-14.351345,102.01287,7.311298,-15.780092,73.27251,27.930117,-9.618349,77.17744,-20.960844
10.466221,199.56364,10.087729,14.181953,202.16763,7.5924706,7.6962233,203.67702,8.212048,17.249842,200.51193,-2.4071054,1.1977618,203.62294,0.14159633,16.176697,184.32982,-16.175669,-13.250066,193.8637,-0.26647902,36.901836,179.98248,-30.223665,-35.571228,205.74031,7.6171584,59.432446,185.42735,-31.264587,-56.03929,217.48235,15.653649,2.0424452,137.12244,-3.2002883,-18.558706,139.0888,1.3154826,-1.8890728,105.3369,19.172388,-14.761561,101.680534,7.41019,-15.653979,73.36157,27.512802,-9.621524,77.30133,-21.177721
10.456261,199.26425,10.015321,14.131792,201.92435,7.530616,7.640271,203.39888,8.241679,17.27899,200.21625,-2.4758723,1.1806574,203.20702,-7.243854e-05,16.235554,183.79384,-16.153175,-13.278017,193.50742,-0.4307414,37.229286,179.62012,-29.743176,-35.83481,205.49646,7.1145463,59.779938,185.16454,-29.950214,-56.57443,217.00755,14.860883,1.8866304,136.84384,-2.9244711,-18.72229,138.78896,1.2534273,-1.3743495,105.13486,19.403336,-14.913689,101.31182,7.423532,-15.659619,73.241264,27.21189,-9.462176,77.277565,-21.377504
10.347707,199.19806,10.005599,14.099813,201.82375,7.5872626,7.598251,203.27016,8.00974,17.286354,199.99142,-2.4037616,1.2029792,203.17957,-0.055316634,16.288403,183.7173,-16.01676,-13.302649,193.47043,-0.3878614,37.51876,179.1143,-29.084019,-36.234665,204.97455,6.5799713,60.20654,184.41806,-28.53171,-57.30862,216.06926,14.100033,1.8063185,136.81584,-2.94129,-18.840763,138.78636,1.0726379,-1.0220349,104.94899,19.247402,-14.778186,101.16897,7.2623243,-15.535174,73.1198,27.011143,-9.333034,77.198235,-21.455397
10.217639,199.40848,10.0767,14.111613,201.8881,7.7290316,7.610051,203.43225,7.7824903,17.273436,200.02469,-2.3025453,1.2122225,203.27614,-0.15579705,16.391638,183.88809,-15.72266,-13.310691,193.60783,-0.48793617,37.90624,178.30035,-28.083843,-36.697067,204.52461,5.901393,60.723415,183.09052,-26.886206,-58.201176,214.66138,13.390067,1.8502225,136.94777,-3.0101125,-18.935001,138.9471,0.8095729,-1.025939,104.76656,18.769045,-14.579951,101.28843,6.900697,-15.534609,73.0824,26.85936,-9.012038,77.26261,-21.569256
10.256277,199.53458,10.210022,14.203489,202.04948,7.989796,7.6928816,203.55527,7.8770595,17.34592,200.46104,-2.126839,1.2582343,203.60828,0.006762799,16.511944,184.25024,-15.456545,-13.265308,193.79881,-0.73858917,38.18041,177.53038,-27.067564,-37.155193,203.67636,5.2243004,61.25659,181.46324,-25.206532,-59.113796,212.83183,12.605973,1.8567578,137.19264,-3.2109654,-18.880482,139.33232,0.44343832,-1.4724269,104.68861,18.13779,-14.525141,101.61334,6.4112263,-15.501621,73.10896,26.772161,-8.648538,77.38526,-21.871496
10.287729,199.87003,10.447855,14.238316,202.39713,8.258184,7.736228,203.96738,8.229521,17.422695,201.09624,-1.8402528,1.2985187,204.04482,0.26446268,16.810707,184.72864,-15.104426,-13.172401,194.10622,-0.95269185,38.448105,177.02422,-26.243174,-37.68378,202.68243,4.535496,61.638832,179.50603,-23.456839,-60.1617,210.68825,11.6135845,1.914419,137.49324,-3.444931,-18.773415,139.69681,-0.03955063,-1.8535204,104.80766,17.373228,-14.548561,102.01255,5.8676696,-15.331317,73.1057,26.628157,-8.270856,77.5893,-22.136293
10.321846,200.54913,10.679799,14.23883,203.17259,8.558432,7.7128205,204.64723,8.554274,17.471832,201.8867,-1.590749,1.3124596,204.71075,0.54539347,17.197805,185.38614,-14.720296,-12.98201,194.55034,-1.0570831,38.54164,176.18379,-25.419975,-38.115097,201.41605,4.051937,61.859344,177.07855,-21.618753,-61.259567,207.9999,10.386745,2.123309,137.85739,-3.706325,-18.551544,140.24007,-0.61429477,-2.2659883,104.810486,16.492558,-14.468108,102.41176,5.245518,-15.234487,73.04275,26.524921,-7.903086,77.61506,-22.312103
10.328194,201.23143,11.001883,14.063038,204.11295,8.892301,7.4634833,205.2668,9.10676,17.428207,202.86772,-1.2752681,1.2316121,205.38818,0.93108314,17.514162,186.06262,-14.491652,-12.729489,194.83122,-1.0812641,38.803917,175.6444,-24.52403,-38.333996,199.85,3.7623012,61.97465,174.36371,-19.724403,-62.05358,204.81584,9.075985,2.268821,138.30302,-4.1169796,-18.351837,140.65286,-1.3031666,-2.6199884,104.92118,15.550057,-14.469591,102.86561,4.400038,-15.044965,73.014496,26.37178,-7.472635,77.61018,-22.575424
10.284913,201.81093,11.399179,13.814448,204.90924,9.228824,7.2006993,205.75908,9.665993,17.218748,203.7551,-0.93934613,1.0035712,205.93706,1.4898746,18.005604,186.53596,-14.294334,-12.474203,195.00166,-1.0601376,39.145153,174.82841,-23.42256,-38.456955,198.16487,3.4719808,61.933395,171.4181,-17.935274,-62.70832,201.26738,7.6365523,2.5608425,138.62914,-4.688913,-18.062593,140.98964,-1.9792389,-3.0616257,105.07519,14.578699,-14.569762,103.27313,3.46177,-14.80701,73.021385,26.207039,-7.0269046,77.54937,-22.820108
10.1648445,202.40784,11.887667,13.497978,205.66434,9.624563,6.9085245,206.36728,10.53978,17.00674,204.55748,-0.48962003,0.72507864,206.29678,2.0662203,18.544434,187.11018,-14.01479,-12.154597,195.14899,-1.0744643,39.20225,173.82378,-22.002586,-38.45183,196.10704,2.3737018,61.517292,168.26434,-16.181923,-62.96032,197.37514,6.164285,2.888046,138.98329,-5.3444295,-17.773832,141.37166,-2.7422554,-3.4534993,105.2422,13.684842,-14.695256,103.70189,2.4856973,-14.479742,73.1317,26.073069,-6.4861107,77.517944,-23.049757
9.992701,202.98842,12.329265,13.205741,206.28114,9.976235,6.631732,206.89815,11.101143,16.84564,205.17426,-0.037865743,0.5209447,206.6192,2.4361293,19.162762,187.3962,-13.7771845,-11.9998045,195.36853,-1.3011811,39.220863,172.4862,-20.470592,-38.40398,193.54468,1.231347,60.833294,164.9994,-14.20707,-62.960323,192.85211,4.852575,3.1814435,139.26602,-5.980416,-17.513042,141.7585,-3.546222,-3.7611074,105.430626,12.950775,-14.858174,104.09134,1.5475398,-14.214621,73.22687,26.02399,-5.88407,77.34734,-23.128466
9.698,203.5584,12.801393,12.78716,206.92366,10.3831835,6.1927223,207.29274,11.452992,16.566448,205.59439,0.4116126,0.26991194,206.84288,2.7603471,19.77132,187.67441,-13.319581,-11.860914,195.41309,-1.5902852,39.040398,171.12411,-18.979837,-38.085896,190.86264,0.12735017,59.754948,161.80374,-12.040665,-62.494957,187.94005,3.3798594,3.5368254,139.45935,-6.295045,-17.210321,142.00566,-4.398548,-3.9163911,105.6002,12.22317,-15.050942,104.41035,0.5003166,-13.897361,73.4005,25.855022,-5.100948,77.19253,-23.271288
9.2972145,203.84451,13.130411,12.297186,207.35037,10.794649,5.68768,207.48343,11.787499,16.269724,206.05487,0.85763407,-0.08693155,206.96368,3.0213943,20.434393,187.8438,-12.883428,-11.835298,195.23027,-1.9213551,38.68401,169.52634,-17.05565,-37.572666,188.05164,-1.1537544,58.338913,158.42818,-9.670423,-61.622868,183.16629,1.5379903,3.9242105,139.67468,-6.3882747,-16.85268,142.07239,-5.3439646,-3.9817894,105.67196,11.564693,-15.193852,104.47577,-0.51035506,-13.6061535,73.502556,25.592718,-4.181095,77.055,-23.359785
8.806932,203.98032,13.39086,11.686652,207.59688,11.068466,5.0623655,207.46072,12.022925,15.894462,206.31375,1.1900581,-0.51422125,206.77283,3.127394,21.258732,187.77145,-12.257907,-12.023406,194.8188,-2.3589458,38.264393,167.8146,-15.1968,-37.017654,185.26791,-2.6101289,56.503017,155.0794,-7.0254908,-60.295837,177.47237,-0.117970124,4.3251243,139.66173,-6.44178,-16.388435,142.08154,-6.3461714,-3.8359253,105.79068,11.16656,-15.175916,104.53185,-1.5223216,-13.314236,73.69151,25.341127,-3.2360475,76.83191,-23.429876
8.368277,204.12558,13.598041,11.175652,207.80428,11.294163,4.541563,207.46873,12.110073,15.557901,206.5416,1.4652773,-0.89527863,206.52344,3.1808412,22.003403,187.5353,-11.597532,-12.343083,194.27396,-2.8058817,37.553707,166.14227,-13.252731,-36.42175,182.50912,-4.2125373,54.334297,151.98561,-4.333495,-58.69883,172.04985,-1.8238969,4.793282,139.56218,-6.5238357,-15.912723,141.99557,-7.4931445,-3.5415647,105.821014,11.05448,-15.081442,104.346664,-2.3907604,-12.9059105,73.82833,25.190712,-2.5275016,76.4534,-23.45977
7.7899947,204.09647,13.761239,10.574323,207.79883,11.468355,3.9340591,207.34694,12.143791,15.122154,206.61229,1.7085074,-1.3351371,206.33742,3.182622,22.647596,187.2834,-10.6912155,-12.57594,193.47414,-3.6737285,36.70233,164.77065,-11.153327,-35.55179,179.9335,-5.7819586,51.79719,149.13914,-1.7033252,-56.644962,167.14803,-3.5574927,5.343964,139.5251,-6.568275,-15.378092,141.83173,-8.880586,-3.1893468,105.95015,11.250484,-14.947928,104.19889,-3.1942134,-12.386403,73.92376,25.215153,-1.9020197,76.076324,-23.526031
7.1557584,203.85002,13.713387,10.011351,207.56107,11.522734,3.3562157,207.1382,12.036526,14.590123,206.58391,1.7633344,-1.8866435,205.9139,3.065455,23.040096,187.05936,-9.748566,-12.658317,192.60507,-4.780283,35.645287,163.61635,-9.024203,-34.523563,177.16054,-7.222337,48.82394,146.43633,0.9250106,-54.04419,161.98859,-4.81528,5.879639,139.36339,-6.494965,-14.784709,141.59795,-10.314432,-2.6971085,105.976555,11.720194,-14.622644,104.070786,-3.8958614,-11.922262,73.846695,25.125238,-1.3629735,75.65085,-23.57595
6.5385647,203.57986,13.654759,9.488867,207.2415,11.503317,2.8207753,206.85623,11.77274,14.029575,206.31287,1.7377799,-2.452579,205.46864,2.9254508,23.270647,186.62909,-8.640493,-12.874671,191.66261,-6.262979,34.541645,162.2727,-6.9606276,-33.191135,174.26341,-8.490125,45.461555,143.88017,3.8042347,-51.16791,157.37091,-6.2262225,6.4187937,139.03098,-6.4853187,-14.287069,141.12831,-11.695748,-2.1639469,106.25443,12.609903,-14.185708,103.91007,-4.5911436,-11.317067,73.84903,25.009306,-0.9303383,75.22837,-23.664833
5.878875,203.28662,13.494768,8.877572,206.91501,11.349387,2.214771,206.5208,11.436684,13.4539385,206.18674,1.682983,-3.019203,205.0885,2.666828,23.18082,186.46419,-7.396677,-13.019119,190.87561,-7.864821,33.231213,161.76605,-4.8916273,-31.574553,171.48314,-9.751195,42.105156,142.67151,6.591925,-47.893356,152.95232,-7.3543043,7.1020656,138.8837,-6.494112,-13.725066,140.68419,-13.046977,-1.7130324,106.714264,13.681066,-13.69002,103.878204,-5.179232,-10.825976,73.96778,24.834986,-0.5840862,74.74944,-23.75968
5.2133646,202.90755,13.161079,8.189842,206.60811,11.122092,1.5293679,206.13315,11.117446,12.818745,205.97183,1.3789926,-3.6143255,204.65361,2.276681,22.93996,186.1912,-6.322225,-13.029374,190.10239,-9.359418,31.534649,161.00182,-2.8545282,-29.699825,168.96613,-10.736053,38.310684,141.55629,9.586793,-44.340492,149.00902,-8.070386,7.770378,138.58574,-6.527151,-12.985752,140.23956,-14.25263,-1.2647737,107.54832,14.908181,-13.10842,103.75128,-5.8073845,-10.176553,74.18204,24.209217,-0.0874728,74.3038,-23.830708
4.6303735,202.45944,12.763203,7.531554,206.25826,10.794109,0.88645136,205.5824,10.674638,12.214912,205.87587,1.0549216,-4.1902976,204.14273,1.8427036,22.743742,186.07806,-5.55177,-13.028622,189.3543,-10.765028,29.655163,160.55644,-0.68911916,-27.838125,166.61404,-11.503879,34.090115,141.02025,12.579275,-40.72548,145.51474,-8.25465,8.5337305,138.43813,-6.6801734,-12.155107,139.85167,-15.360539,-0.87143344,108.60091,16.26797,-12.5588,103.66364,-6.3096347,-9.303375,74.7042,23.08261,0.38519585,74.01063,-23.944635
4.098527,202.20561,12.344404,6.8719964,206.0722,10.3254385,0.2392646,205.22896,10.329145,11.692385,205.69008,0.71065724,-4.6978703,203.67781,1.3839495,22.361403,186.26125,-4.8591604,-12.862781,188.61664,-11.920927,27.488127,160.60968,1.4443495,-25.986496,164.7397,-12.035868,29.646692,141.07867,15.206682,-37.080013,142.66331,-7.9601965,9.419759,138.59465,-6.9349203,-11.163891,139.63947,-16.286726,-0.5486789,109.92691,17.448082,-12.159506,103.678314,-6.690707,-8.130786,75.39714,21.432806,0.8118693,73.80342,-23.93701
3.6023967,202.01147,11.925822,6.2752123,205.93694,9.881467,-0.33370233,204.92557,9.900997,11.173239,205.67053,0.33415136,-5.1888614,203.3958,0.9242886,21.967937,186.35065,-4.2555585,-12.542161,188.10997,-13.004103,25.320757,160.83908,3.329025,-24.11474,163.33923,-12.579972,24.888338,141.63951,17.660265,-33.415462,140.6724,-7.1287456,10.164413,138.90385,-7.0738215,-10.099636,139.60336,-16.925806,-0.2947644,111.257095,18.488668,-11.912683,103.6778,-7.072174,-6.7207236,76.227356,19.44578,1.2304422,73.718315,-23.850283
3.1658895,201.89021,11.426383,5.7479496,205.87157,9.370879,-0.8384619,204.71149,9.403743,10.71933,205.80945,-0.09863066,-5.5958843,203.21964,0.39863285,21.734343,186.53226,-3.8460584,-12.099778,187.85841,-14.0431185,23.311499,161.2119,4.905426,-22.282146,162.36913,-13.050331,19.82863,142.78406,19.902393,-29.87204,139.7268,-5.6381526,10.74676,139.24367,-6.9450197,-8.979351,139.74475,-17.315895,-0.23571095,112.61632,19.33638,-11.795207,103.71993,-7.3020263,-5.082243,77.22627,17.16978,1.5264198,73.710846,-23.674387
2.7330656,202.0098,11.006786,5.2834396,206.0137,8.972628,-1.2854404,204.74808,8.915188,10.233867,206.14409,-0.49058363,-5.965345,203.18788,-0.104062445,21.551958,186.83286,-3.252894,-11.708476,187.72485,-15.124252,21.130947,161.65388,6.348574,-20.625584,161.86804,-13.368735,14.677663,144.33434,21.712936,-26.594494,139.50671,-3.812614,11.383349,139.8122,-6.78592,-7.8695254,140.0634,-17.758081,-0.050024986,114.078026,19.97464,-11.46103,104.05123,-7.5536213,-3.1914084,78.569534,14.7565,1.7570398,73.775024,-23.436485
2.2674813,202.22278,10.5338955,4.7850304,206.30164,8.598652,-1.7524265,204.89996,8.369923,9.775545,206.53755,-0.8612257,-6.3721414,203.34158,-0.65207934,21.210144,187.29713,-2.6190877,-11.19694,187.86678,-16.101969,18.996529,162.49608,7.5941057,-19.048885,161.76854,-13.541447,9.758337,146.98708,23.079021,-23.630842,140.31241,-1.5639225,12.112287,140.88878,-6.4033566,-6.6844044,140.47047,-18.092535,0.10547414,115.556885,20.314919,-11.035674,104.451324,-7.7762156,-1.0638989,80.162636,12.373836,1.7743838,73.82454,-23.252514
1.7700368,202.49893,10.118983,4.295583,206.62987,8.285939,-2.2322264,205.21637,7.971671,9.447831,207.04529,-1.1292986,-6.687811,203.81686,-1.1850183,20.877565,187.97086,-1.9094884,-10.693374,188.11905,-16.970043,17.145428,163.52837,8.78987,-17.852478,161.84929,-13.515637,4.784963,149.93471,23.675247,-21.038874,141.56898,0.84110105,12.69008,141.95306,-5.7850614,-5.3705955,141.01872,-18.392204,0.34230626,116.63259,20.419613,-10.441032,104.93713,-8.173709,1.1063275,81.91608,10.014258,1.8562698,73.90991,-23.056221
1.2404549,203.00676,9.826485,3.7194002,207.1957,8.067311,-2.7748308,205.67232,7.619662,8.947404,207.76338,-1.2934276,-7.120195,204.24936,-1.5713514,20.394972,188.91931,-1.1670221,-10.262792,188.59364,-17.790966,15.643939,164.83664,9.80618,-16.812082,162.24564,-13.529379,0.49871686,153.64536,23.99211,-18.490969,143.30658,3.0569406,13.218948,142.87723,-5.311056,-4.201099,141.63222,-18.563923,0.44400176,117.59698,20.342377,-9.706682,105.4645,-8.562658,3.1318438,83.594505,7.903222,2.1289697,73.976685,-22.824503
0.69914186,203.70389,9.645903,3.1083376,207.92204,7.859624,-3.3477263,206.23703,7.3590083,8.438221,208.57167,-1.3819399,-7.556964,204.69096,-1.8545573,19.802559,189.97993,-0.4399,-9.844882,189.20529,-18.53308,14.154065,166.20493,10.76546,-15.791316,162.9111,-13.5082655,-3.6501193,157.87236,23.862011,-16.231058,145.6805,5.2983932,13.723118,143.7473,-4.768772,-3.1031988,142.38681,-18.787724,0.393904,118.30579,20.053211,-8.826222,106.155174,-8.966792,5.4578314,85.30466,5.9797873,2.5743098,74.09507,-22.582367
-0.028812459,204.43289,9.398223,2.349349,208.72734,7.7690425,-4.080694,206.9896,7.1494584,7.8466043,209.50475,-1.4567548,-8.124377,205.59038,-2.231916,19.171532,191.28241,0.1964584,-9.499113,189.99513,-19.062891,12.921183,167.81056,11.540677,-14.931802,163.88684,-12.860594,-6.8163056,162.00217,23.309723,-14.280679,148.32362,7.386893,14.232786,144.77708,-4.3332515,-1.9923648,143.26147,-19.07227,0.31879717,118.83317,19.59368,-7.885207,106.88873,-9.404669,7.981073,86.81291,4.310642,2.8180313,74.2085,-22.232452
-0.684548,205.21684,9.188964,1.6753417,209.5712,7.677574,-4.710915,207.74864,6.8668776,7.3257594,210.61543,-1.4100395,-8.576236,206.32378,-2.5444999,18.758602,192.66818,0.6919647,-9.2433405,190.87701,-19.412663,11.785275,169.71979,12.297816,-14.636994,165.0778,-11.94747,-9.3683605,166.1213,22.24857,-12.923964,151.29515,9.429701,14.787559,145.73648,-3.8870764,-1.0431343,144.16856,-19.232874,0.455129,118.971214,18.771513,-6.9856367,107.67337,-9.771394,10.535055,87.9061,2.8169634,2.8504086,74.26027,-21.783928
-1.2687294,206.05182,9.037337,1.0370084,210.46838,7.632693,-5.311285,208.58006,6.731746,6.8574324,211.65323,-1.3629811,-8.96576,207.19852,-2.8055515,18.356281,194.06339,1.1106504,-8.883245,191.84074,-19.720213,10.731068,171.63162,12.951203,-14.271336,166.45494,-10.950388,-11.538381,170.13058,20.962772,-12.041101,154.74976,11.46006,15.242313,146.59483,-3.5181587,-0.19899887,145.07433,-19.284996,0.64666766,118.79736,17.73813,-6.049238,108.47609,-10.175,13.083399,88.94805,1.3944358,2.573904,74.13628,-21.20174
-1.8451794,206.78888,8.89365,0.38570422,211.28168,7.6013074,-5.8997135,209.26556,6.555989,6.288616,212.6848,-1.333295,-9.445952,208.04634,-2.9689956,18.05612,195.40227,1.5095041,-8.516131,192.88838,-19.968378,9.69293,173.61505,13.71478,-14.145875,167.71777,-10.218833,-13.24639,173.66608,19.590038,-11.402462,158.65976,13.221709,15.712341,147.37561,-3.074419,0.48037603,145.92969,-19.154144,1.1021739,118.46776,16.717827,-5.2622294,109.1062,-10.563251,15.591344,89.545296,0.17879714,2.4543283,74.03087,-20.702288
-2.4093127,207.51869,8.784801,-0.23509102,212.06451,7.578512,-6.471302,209.93875,6.408988,5.7968197,213.5417,-1.3175478,-9.910766,208.76114,-3.1248875,17.769732,196.76436,1.8292087,-8.180282,193.9436,-20.15785,8.924516,175.45248,14.346244,-14.291704,169.39058,-9.375407,-14.227935,176.74654,18.685171,-11.317041,162.8797,14.663117,16.055834,148.01628,-2.694936,0.9333347,146.59459,-18.99645,1.6733991,117.92589,15.537534,-4.5803294,109.701775,-11.005548,18.031319,89.9567,-0.97152406,2.43881,74.22854,-20.189425
-2.87557,208.25856,8.677851,-0.756586,212.8264,7.44347,-6.9822555,210.64575,6.345937,5.3917217,214.336,-1.3396032,-10.235119,209.3833,-3.349175,17.47125,198.04219,2.106572,-8.015038,194.84232,-20.29219,8.156764,177.12839,14.775431,-14.770099,170.70618,-8.654569,-14.794238,178.94511,18.5666,-11.716307,167.22049,15.87275,16.29585,148.5543,-2.3943522,1.3335402,147.13094,-18.964275,2.472614,117.27608,14.243621,-3.9839103,110.196396,-11.417736,20.311287,89.79951,-1.9041792,2.6960943,74.42981,-19.71615
-3.2167923,208.88342,8.584807,-1.163853,213.4731,7.298453,-7.3545356,211.19197,6.228323,5.09163,215.07187,-1.320808,-10.451284,209.97073,-3.516781,17.290928,199.08997,2.218921,-8.000831,195.52493,-20.336449,7.495807,178.48863,14.962114,-15.573344,172.17268,-7.5321836,-15.33581,181.1771,18.133486,-12.885717,172.32997,17.308788,16.614664,148.9767,-2.146655,1.8014066,147.59229,-18.920946,3.561126,116.45649,12.969079,-3.3836858,110.44052,-11.812896,22.340351,89.18351,-2.7965808,3.1699412,74.32496,-19.320673
-3.5624352,209.3763,8.5467205,-1.5513705,213.96925,7.2179275,-7.69696,211.5902,6.082184,4.821805,215.60355,-1.270514,-10.730317,210.45912,-3.5742052,17.029602,199.91719,2.5086806,-7.8497314,196.24388,-20.30279,6.784233,179.59186,15.287994,-16.285841,173.92044,-6.526671,-15.861775,183.23102,17.503792,-14.16342,177.1736,18.11886,16.769426,148.98657,-1.7937939,2.1951005,147.77696,-18.833572,4.872092,115.379906,11.575218,-2.7940817,110.56255,-12.117417,24.319473,88.177734,-3.6526845,3.7041993,74.16772,-18.76973
-4.0415025,209.77547,8.541946,-1.9257777,214.28082,7.1067452,-8.118669,212.01262,6.0057063,4.4809866,215.90451,-1.2460947,-11.076409,210.82639,-3.659319,16.626266,200.54832,2.8171391,-7.7404356,196.77658,-20.12985,6.220236,180.43361,15.7646265,-17.042498,175.25435,-5.625472,-16.186024,185.1888,16.747177,-14.74544,180.8783,18.563156,16.87972,148.94482,-1.4667405,2.4548938,147.85352,-18.650713,6.3278847,114.18092,10.191529,-2.2203257,110.47917,-12.412126,26.092585,86.77873,-4.44332,4.0145073,73.96736,-18.10439
-4.451262,210.02188,8.530347,-2.342218,214.4696,6.921701,-8.501664,212.12337,5.840328,4.1356497,216.04256,-1.2803696,-11.339537,210.87901,-3.7465975,16.251326,200.92403,3.1025343,-7.5711417,197.02963,-19.948238,5.4505916,181.56065,16.638243,-17.614506,176.37556,-4.9161816,-16.814093,187.26457,16.116823,-15.081848,183.3572,18.863323,16.801243,148.74797,-1.2006574,2.6656406,147.72186,-18.321457,8.151167,112.83843,8.703299,-1.6549385,110.12867,-12.624915,27.873106,84.965324,-5.2704663,4.042484,73.787704,-17.407717
-4.7593994,210.04898,8.462292,-2.6935625,214.51218,6.8287435,-8.8121605,212.0869,5.720435,3.8264241,216.00627,-1.3337163,-11.642687,210.77731,-3.8433588,15.777178,201.12415,3.5698438,-7.4127336,197.27289,-19.752684,4.7938824,182.4534,17.652037,-18.31528,177.45386,-4.4356985,-17.11288,188.68575,16.32154,-15.184659,185.33435,18.934135,16.70872,148.49234,-1.0107956,2.7574584,147.58565,-18.048447,10.180616,111.453064,7.021619,-1.325055,109.771484,-12.874993,29.446203,82.76252,-6.0765815,3.7679377,73.55132,-17.134369
-5.168785,209.84337,8.314186,-3.1473122,214.34598,6.7209463,-9.25501,211.87607,5.6179914,3.4865112,215.87714,-1.3639569,-11.935633,210.55598,-4.0351896,15.287703,201.13786,3.855692,-7.2309084,197.41399,-19.497349,4.4988747,183.09612,18.609087,-19.21304,178.36618,-3.966572,-16.786247,190.08652,16.96029,-15.301217,187.01094,18.914368,16.628908,148.16985,-0.84747344,2.746797,147.3618,-17.718004,12.191469,110.2422,5.3161592,-1.0629723,109.366165,-13.054036,30.770866,80.58455,-6.9364,3.4899948,73.239235,-16.889736
-5.537719,209.60915,8.267096,-3.520685,214.09584,6.61465,-9.600983,211.58687,5.5000505,3.2062085,215.59,-1.3397063,-12.230486,210.31822,-4.108222,14.932043,201.04039,4.162858,-7.084078,197.36317,-19.29981,4.40481,183.43283,19.463749,-19.981304,179.09138,-3.7219942,-16.3967,191.12054,17.66078,-15.526266,188.41211,18.750843,16.65421,147.82982,-0.84998626,2.5427377,147.182,-17.174078,14.2982235,109.29124,3.573559,-1.0872521,109.055824,-13.120395,31.871199,78.4218,-7.7325034,3.056044,73.16189,-16.646889
-6.030917,209.1982,8.258886,-3.9898062,213.67953,6.6200542,-10.041019,211.15518,5.398539,2.895624,215.28712,-1.1537538,-12.430079,209.9462,-4.270594,14.6398945,200.81412,4.5760303,-6.833171,197.21097,-19.147364,4.2920065,183.39992,20.178238,-20.397396,179.57167,-3.5730999,-16.169785,191.9869,17.967962,-15.750144,189.2341,18.536179,16.831806,147.37628,-0.7888384,2.4233274,147.03009,-16.68998,16.302654,108.557304,1.9302313,-1.2703413,108.788734,-13.104819,32.928646,76.54531,-8.231525,2.5987012,72.935356,-16.506144
-6.3833694,208.81546,8.242841,-4.3434787,213.32555,6.687134,-10.373178,210.79065,5.3602004,2.6647506,214.89993,-0.97877735,-12.612493,209.51965,-4.3641915,14.319496,200.52621,5.056024,-6.4932814,196.92717,-19.14542,3.8879156,183.42264,21.000202,-20.55842,179.86676,-3.5014884,-16.278557,192.64851,17.94873,-16.046614,189.87772,18.336472,17.184935,146.94846,-0.8132738,2.508246,146.72346,-16.244,18.324896,108.069084,0.39038926,-1.6260896,108.65947,-12.867752,33.66413,75.02891,-8.791848,2.1611087,72.83492,-16.315239
-6.742275,208.39554,8.313358,-4.62169,212.88072,6.79646,-10.650869,210.4169,5.359288,2.4992526,214.51912,-0.7298196,-12.680369,209.14345,-4.4192166,14.20327,200.34514,5.4993634,-6.028914,196.71512,-19.07532,3.1180282,183.81879,21.342138,-20.526512,180.1037,-3.4389536,-16.82266,193.05898,17.63577,-16.315773,190.5873,18.18089,17.6658,146.65887,-0.7358787,2.7124836,146.42368,-15.928298,20.119581,107.84139,-0.9321592,-1.888,108.5704,-12.61727,34.202805,74.06381,-9.1892395,1.7558434,72.81853,-16.061111
-7.061944,208.17026,8.338292,-4.8825927,212.64049,6.8670816,-10.891531,210.2069,5.2881866,2.374566,214.32857,-0.47477865,-12.73394,208.94756,-4.5246186,14.144098,200.25185,5.9173326,-5.611894,196.57924,-19.033476,2.5011206,183.92418,21.663935,-20.182178,180.0776,-3.3933902,-17.361443,193.37811,17.400105,-16.55713,190.94754,18.100302,18.07761,146.40266,-0.692546,2.918565,146.25966,-15.684689,21.56252,107.78908,-1.9751918,-2.044654,108.63885,-12.476603,34.400528,73.467766,-9.49135,1.3483009,72.90676,-15.828591
-7.2963657,208.06268,8.392113,-5.084676,212.51727,6.935647,-11.114291,210.12862,5.345745,2.2884097,214.30994,-0.20074897,-12.741554,208.81026,-4.5688896,14.094789,200.2054,6.2676015,-5.3571906,196.51738,-19.045662,1.9169825,183.9813,21.591274,-19.853754,179.89258,-3.4736607,-17.870201,193.37898,17.306839,-16.72893,191.06812,17.973423,18.462782,146.28662,-0.6301818,3.1519382,146.1667,-15.578677,22.827322,107.90009,-2.6996832,-1.9819705,108.68524,-12.369543,34.28689,73.23082,-9.56991,0.99981946,72.98482,-15.675684
-7.525908,208.03165,8.494197,-5.2544904,212.46198,7.064419,-11.305862,210.15776,5.442586,2.1434355,214.36418,0.05708264,-12.741965,208.74223,-4.550374,13.988148,200.24684,6.6920247,-5.250194,196.64099,-19.01174,1.5242587,183.73605,21.48428,-19.606848,179.67792,-3.75396,-18.23524,193.08217,17.250425,-16.848982,190.84248,17.742716,18.797075,146.33913,-0.5327817,3.5789707,146.29132,-15.596491,23.713415,108.1089,-3.1457026,-1.753,108.9087,-12.396664,34.06148,73.06362,-9.562183,0.71570367,73.0573,-15.6778345
-7.705689,208.14961,8.660428,-5.3455796,212.53232,7.2378206,-11.403789,210.31094,5.53276,1.9713814,214.5219,0.2774753,-12.87648,208.87943,-4.401695,13.779895,200.42764,6.993454,-5.261291,196.84142,-18.91133,1.2152693,183.33441,21.115475,-19.211332,179.2043,-4.0371075,-18.475317,192.69344,17.152592,-16.730452,190.29538,17.553179,19.170975,146.62431,-0.48413178,3.986311,146.55992,-15.689888,24.25192,108.402504,-3.1661766,-1.4247239,109.13288,-12.527991,33.73914,73.16644,-9.484454,0.31976336,73.095345,-15.820412
-7.8407106,208.27493,8.785949,-5.522244,212.66968,7.3146777,-11.578415,210.38075,5.67483,1.8368746,214.69629,0.45994213,-13.070703,209.16989,-4.2407203,13.600697,200.77827,7.2523627,-5.4985733,197.04094,-18.903624,1.3068428,182.8119,20.583723,-18.86373,178.54453,-4.4258246,-18.536484,192.04361,17.567875,-16.618538,189.20193,17.483568,19.500162,146.94482,-0.39485958,4.3622346,146.88103,-15.873466,24.58225,108.53152,-2.9838789,-0.9697195,109.31927,-12.845422,33.375595,73.17928,-9.482091,-0.065538995,73.14695,-15.973042
-8.021087,208.46965,9.005617,-5.707396,212.80629,7.359655,-11.801322,210.52184,5.908537,1.6393006,214.81714,0.58276653,-13.35923,209.40198,-3.9859607,13.466717,200.91391,7.317881,-5.9049277,196.96747,-18.850058,1.7093693,182.18764,20.03396,-18.485601,177.6545,-4.633595,-18.335966,191.10475,17.934423,-16.547167,187.85175,17.52667,19.945513,147.20644,-0.46691304,4.7115173,147.13005,-15.997862,24.574545,108.671135,-2.7968173,-0.36027828,109.45969,-13.255865,33.010315,73.185814,-9.481537,-0.53429735,73.197655,-16.200905
-8.084899,208.59383,9.251599,-5.7802706,212.93196,7.596952,-11.912286,210.68277,6.234418,1.4672,214.96475,0.72633606,-13.570573,209.47838,-3.6794536,13.404073,201.09389,7.294705,-6.3731494,196.78131,-18.78943,2.2994027,181.66034,19.378164,-18.216112,176.6315,-4.9852695,-18.272886,189.3735,18.33315,-16.213976,186.3448,17.440062,20.266888,147.47714,-0.4986327,4.996152,147.2679,-16.082039,24.396646,108.74291,-2.5126321,0.111485235,109.427124,-13.8057785,32.502483,73.31044,-9.469351,-1.0201778,73.14072,-16.4328
-8.1397295,208.67084,9.537294,-5.931356,213.05524,7.872166,-12.033599,210.6852,6.5558434,1.3925519,214.93803,0.9099605,-13.642112,209.43149,-3.4130535,13.400041,201.22366,7.379909,-6.739031,196.63756,-18.764765,2.8611012,181.0649,18.723263,-17.676126,175.68262,-5.271076,-18.372932,187.24203,18.139475,-15.718544,184.61038,17.565632,20.43373,147.52936,-0.35581958,5.1372952,147.25812,-16.229498,24.05184,108.6323,-2.1926851,0.60503185,109.412865,-14.254948,31.806944,73.34499,-9.562328,-1.4351041,73.23178,-16.639368
-8.104081,208.66698,9.754314,-5.9302034,213.07364,8.0920315,-12.004749,210.6495,6.7633905,1.3632485,214.83885,1.0527514,-13.658073,209.3322,-3.159787,13.422342,201.16025,7.352971,-7.0752926,196.25208,-18.689302,3.4402637,180.36977,18.309446,-17.115744,174.62444,-5.582683,-18.289667,184.85806,17.85231,-15.171228,182.35022,17.750595,20.618927,147.46202,-0.3072131,5.1634007,147.11891,-16.276615,23.493412,108.563576,-1.7432379,0.8038343,109.341156,-14.599785,30.955847,73.275566,-9.70059,-1.9122367,73.338486,-16.868593
-8.086716,208.50508,9.965253,-5.9391627,212.94498,8.3590355,-11.99632,210.50124,6.9928393,1.3313377,214.73613,1.24927,-13.709541,209.18304,-2.946163,13.452385,200.90701,7.60313,-7.2310905,195.93008,-18.66301,4.1416726,179.47966,17.937225,-16.374039,173.56271,-6.1447477,-18.022194,182.01521,17.569447,-14.727198,179.75407,17.806067,20.75788,147.42722,-0.25386617,5.1704135,146.8952,-16.326464,22.843689,108.426544,-1.2229731,0.80585355,109.222145,-14.932079,30.007603,73.37875,-9.892367,-2.4245727,73.29541,-17.100597
-8.125751,208.2395,10.192019,-5.9811444,212.67592,8.575725,-12.042795,210.23529,7.2274356,1.2934959,214.50816,1.4479524,-13.743455,208.90907,-2.7180524,13.481685,200.66388,7.870852,-7.222201,195.46939,-18.603823,4.924104,178.59166,17.622402,-15.384955,172.45753,-6.710659,-17.551273,178.88942,17.209848,-14.457395,176.80907,17.6938,20.796625,147.31354,-0.14494096,5.1711006,146.67786,-16.45529,22.13103,108.298386,-0.7337863,0.60826576,108.99817,-15.185308,29.065279,73.43696,-10.079203,-2.962616,73.155106,-17.208975
-8.1221075,207.88068,10.443566,-6.007689,212.34703,8.870037,-12.040711,209.86124,7.467686,1.2654339,214.14363,1.6883059,-13.819827,208.55586,-2.3933496,13.618194,200.21388,8.138663,-7.1998067,195.07614,-18.531338,5.789692,177.469,17.429485,-14.182381,171.5028,-7.3829007,-16.786987,175.26633,16.683117,-14.198265,173.39319,17.28797,20.819822,147.04793,-0.10099075,5.1466374,146.40254,-16.45245,21.36447,108.05364,-0.3254018,-0.03427577,108.69604,-15.163714,28.042414,73.397484,-10.37688,-3.6546109,72.97899,-17.281807
-8.123556,207.40181,10.730339,-6.0253396,211.89453,9.217148,-12.04525,209.40622,7.7762604,1.2040231,213.72343,1.9609529,-13.885233,208.1719,-2.0865023,13.706801,199.63834,8.386031,-7.0940795,194.59111,-18.388754,6.5530243,176.31041,17.39654,-12.762273,170.32402,-8.0776005,-15.866318,171.58606,15.9823475,-13.983763,169.32701,16.444153,20.809473,146.84775,-0.183514,5.0858846,146.14372,-16.414364,20.509249,107.80793,-0.04272111,-0.80445516,108.60735,-14.865168,27.0952,73.29012,-10.58697,-4.373389,72.8717,-17.248175
-8.161776,206.92783,11.008327,-6.117976,211.44579,9.482943,-12.131734,208.92285,8.107911,1.1071955,213.25323,2.1785877,-13.977679,207.6517,-1.8099089,13.765402,199.16145,8.644667,-7.020886,193.95041,-18.169657,7.3373265,175.51361,17.498755,-11.580074,169.06189,-8.98747,-14.533476,167.90263,15.61915,-13.68417,164.60378,14.953398,20.812159,146.53531,-0.2601215,4.947699,145.8471,-16.218843,19.774569,107.54799,0.18120873,-1.6645826,108.43664,-14.272147,26.201311,73.19359,-10.789043,-5.073309,72.73227,-17.167751
-8.106834,206.54588,11.255201,-6.0826054,211.05571,9.691037,-12.103552,208.50325,8.37514,1.0726502,212.8059,2.317348,-14.0514765,207.19139,-1.5257691,13.912192,198.4309,8.708476,-7.0326695,193.21213,-17.92501,8.11108,174.35727,17.504395,-11.134898,167.79182,-9.858861,-12.885883,164.18924,15.8991165,-13.404233,160.3632,13.174172,20.81694,146.13905,-0.39049715,4.6637135,145.43652,-15.984859,19.231274,107.13843,0.3901861,-2.7981071,108.217,-13.435761,25.534365,73.10506,-11.016606,-5.741954,72.73485,-17.177708
-8.032528,206.03027,11.481286,-6.0023146,210.5008,9.820863,-12.0442295,207.93675,8.590906,1.0242555,212.28986,2.4081736,-14.082516,206.56729,-1.2578603,14.197157,197.66257,8.6781845,-7.05305,192.49336,-17.815968,9.038202,173.15959,17.425072,-11.028793,166.75224,-10.574073,-10.672493,160.2978,16.78763,-13.820379,155.55687,11.102042,20.894583,145.75378,-0.5215298,4.376481,144.96106,-15.789812,18.792967,106.89295,0.4900825,-4.0358,108.007904,-12.408878,24.918823,72.97484,-11.222333,-6.470364,72.65932,-17.193785
-8.098656,205.37419,11.562042,-6.125094,209.8726,9.905465,-12.165455,207.28763,8.742915,0.9171706,211.7473,2.5155563,-14.185103,205.96646,-1.1120174,14.518152,196.98608,8.529273,-7.257081,191.60272,-17.608307,10.346902,172.09431,17.16371,-11.130345,165.48009,-11.297257,-7.699737,156.65588,18.17625,-14.440004,150.86555,8.347199,21.0831,145.20163,-0.7182208,4.0705075,144.43404,-15.435957,18.34704,106.583084,0.78680414,-5.423659,107.87241,-11.104758,24.30944,72.846634,-11.450999,-7.067177,72.737946,-17.0017
-8.275255,204.6897,11.679906,-6.303754,209.18619,10.028926,-12.36706,206.61359,8.910247,0.6952916,211.21637,2.6670518,-14.364918,205.33958,-0.98733443,14.679176,196.39252,8.320105,-7.616115,190.68356,-17.342646,11.87162,171.25087,16.686735,-11.367733,164.05447,-12.043718,-3.9200583,153.80986,20.06209,-15.041044,146.2853,5.0470605,21.390532,144.87804,-1.1356167,3.642041,143.99615,-14.971935,17.88391,106.22308,1.2259923,-6.960644,107.92908,-9.719143,23.727585,72.754005,-11.732903,-7.673572,72.99751,-16.694817
-8.510061,204.01068,11.810045,-6.574462,208.548,10.21626,-12.639354,205.98027,9.123906,0.38426438,210.58563,2.758477,-14.694851,204.65378,-0.81196344,14.767116,195.86284,8.053551,-8.044763,189.80244,-17.043917,13.680549,170.72945,16.242365,-11.734227,162.78102,-12.99681,0.595587,151.70827,21.803392,-15.855332,142.43143,1.0358691,21.583696,144.45296,-1.5110277,3.1714015,143.4507,-14.453064,17.450403,105.86101,1.8142666,-8.242758,107.93694,-8.020867,22.943764,72.658066,-11.879897,-8.280974,73.298904,-16.140583
-8.843484,203.34425,11.979773,-6.8677597,207.85612,10.365373,-12.937491,205.31552,9.242048,0.06767176,209.82916,2.8492367,-15.095358,204.08272,-0.6005524,14.799551,195.1739,7.8935447,-8.437054,188.94327,-16.736963,15.405107,170.05437,16.118502,-11.878341,161.67145,-14.214711,5.353465,149.77719,23.295065,-16.886099,139.46936,-3.4600453,21.653912,143.6775,-1.7036852,2.6850224,142.73015,-13.934616,17.165201,105.343636,2.420326,-9.509624,107.95115,-5.952757,22.103224,72.56052,-12.165093,-8.777943,73.78739,-15.395443
-9.176056,202.6177,12.123294,-7.18576,207.14426,10.564261,-13.236847,204.60443,9.357921,-0.2447608,209.05148,2.9743984,-15.421853,203.38362,-0.47768605,14.698516,194.48798,7.696588,-8.8519,188.05861,-16.450613,17.252611,169.45201,16.166748,-12.2511835,160.70375,-15.595242,10.344994,148.2079,24.505968,-18.226732,137.36494,-8.075013,21.673557,142.94366,-1.8048786,2.1827927,142.01422,-13.536501,16.826164,104.98015,2.9636648,-10.618606,108.10303,-3.6615663,21.307991,72.47054,-12.297129,-9.072927,74.380775,-14.454214
-9.457003,202.02191,12.327139,-7.4581575,206.53053,10.726037,-13.559139,204.03427,9.639644,-0.5561525,208.35875,3.1046484,-15.732761,202.6874,-0.27294877,14.586488,193.95735,7.538896,-9.415396,187.17345,-16.297838,19.024652,169.42732,16.272171,-13.00868,159.79897,-17.20107,15.652464,147.98898,25.680483,-19.549038,135.8597,-13.123818,21.413645,142.3486,-1.7059872,1.7122318,141.41628,-13.139803,16.510292,104.597595,3.4631364,-11.491753,108.51625,-1.2474766,20.418007,72.4286,-12.38362,-9.0897,75.21843,-13.379592
-9.81723,201.44745,12.514936,-7.8364754,205.96622,10.920769,-13.962471,203.51564,9.931163,-0.9533124,207.79953,3.2966146,-16.129898,202.1102,-0.075122915,14.407424,193.6272,7.442667,-9.950007,186.51373,-16.133097,20.713491,169.63362,16.461529,-13.910992,159.3314,-19.00848,21.045164,148.29826,26.68459,-20.909986,135.11697,-18.266739,21.097052,141.9969,-1.5877872,1.3646303,141.06505,-12.746992,16.261295,104.31025,3.8945198,-11.997413,109.05715,1.2158058,19.566399,72.413605,-12.581124,-8.987671,76.121086,-11.963253
-10.238036,200.89561,12.654706,-8.323623,205.4368,11.050538,-14.404499,202.88843,10.049811,-1.4369583,207.30109,3.407108,-16.601322,201.43306,0.10078973,14.16326,193.33904,7.510315,-10.537119,186.07607,-15.937557,22.56255,170.09895,16.718975,-14.950852,159.32681,-20.826523,26.18438,149.28601,27.486065,-22.259418,135.3096,-23.296589,20.900866,141.92917,-1.4062072,1.1089339,141.10121,-12.278538,15.85279,104.242485,4.20418,-12.236151,109.67763,3.6278145,18.795244,72.478966,-12.785605,-8.580042,76.935,-10.279284
-10.750832,200.4241,12.77939,-8.841996,204.97758,11.195373,-14.904419,202.39636,10.137916,-2.0035224,206.92926,3.5854278,-17.123335,200.98067,0.2222611,13.797689,193.23486,7.487532,-11.185548,185.77547,-15.784601,24.494726,171.1542,16.903616,-16.084642,159.66379,-22.811802,31.1567,151.41417,28.070435,-23.591167,136.19504,-28.126041,20.770044,142.1,-1.237305,0.9402161,141.17256,-11.77215,15.381365,104.28428,4.4504128,-12.175389,110.44724,6.003129,17.991634,72.58138,-12.954305,-7.8715243,77.79889,-8.149287
-11.313133,200.00864,12.865646,-9.366568,204.53252,11.251212,-15.467567,202.00748,10.247827,-2.514467,206.52293,3.6963844,-17.66137,200.6432,0.32367587,13.437598,193.29578,7.4695945,-11.755917,185.56717,-15.683968,26.360924,172.54132,16.88847,-17.08463,160.39871,-24.865383,35.749203,154.13179,28.516968,-25.066317,137.8979,-32.527153,20.470541,142.09862,-1.0253966,0.66699284,141.14272,-11.157964,15.101616,104.25837,4.38634,-12.012189,111.27788,8.429178,17.379,72.649284,-13.3270235,-6.9237175,78.5339,-5.488407
-11.827193,199.74411,12.911171,-9.854852,204.2398,11.225931,-15.99041,201.76566,10.327655,-3.06759,206.3065,3.7582026,-18.167456,200.33255,0.3682808,13.047275,193.41867,7.4173565,-12.305155,185.51341,-15.465268,28.235308,174.19244,16.720984,-18.02181,161.51787,-26.81649,39.722027,157.22864,28.81903,-26.41127,140.21606,-36.753315,20.2297,142.01857,-0.74453825,0.29989874,141.12842,-10.273301,14.887543,104.11514,4.2340903,-11.7185755,112.05143,10.738305,16.770481,72.689384,-13.746382,-5.8279195,79.13559,-2.7217119
-12.346048,199.61348,12.965105,-10.348197,204.06647,11.230154,-16.510002,201.65118,10.392919,-3.4935808,206.14853,3.8360453,-18.627039,200.28757,0.39295077,12.712277,193.67262,7.229649,-12.732015,185.61906,-15.344174,29.933168,176.2031,16.443624,-18.998756,162.94518,-28.70753,43.144512,160.96622,28.912678,-28.022673,142.99356,-40.552456,20.010221,142.02124,-0.43291143,-0.13488805,141.18153,-9.374957,14.856326,104.17743,4.221268,-11.242589,112.66926,12.70492,16.20898,72.886024,-14.062282,-4.4097023,79.28454,0.14499739
-12.813526,199.57024,12.948881,-10.769428,204.0279,11.261978,-16.947744,201.67505,10.3789215,-3.9955494,206.21939,3.912539,-19.143908,200.36977,0.41440415,12.423906,194.0694,6.9204397,-13.19771,185.82198,-15.167529,31.425,178.63316,16.051191,-19.851995,164.54019,-30.405834,46.00684,165.1945,28.89145,-29.484356,146.07787,-44.007946,19.825401,141.72658,-0.033417173,-0.44091228,141.04395,-8.42969,14.814817,103.95105,4.316574,-10.6075535,112.83002,14.387648,15.635252,72.95047,-14.394334,-2.878534,79.17532,2.9547193
-13.157296,199.6168,12.931886,-11.1147585,204.09052,11.29552,-17.304363,201.74329,10.404322,-4.498898,206.47047,3.8621457,-19.593113,200.47565,0.45515487,12.224478,194.5337,6.5551887,-13.7019005,186.06769,-15.062832,32.633995,181.21935,15.682225,-20.85347,166.29399,-31.930147,48.352894,169.61377,28.81892,-31.013721,149.47313,-46.97361,19.714285,141.40337,0.28468677,-0.7630805,140.92621,-7.565757,14.860219,103.670654,4.360144,-9.700025,112.91673,15.835943,15.166023,72.89201,-14.812653,-1.2512704,79.161255,5.8588653
-13.483336,199.80867,12.926883,-11.475016,204.29279,11.271873,-17.64099,201.8943,10.379588,-4.8167753,206.56612,3.826097,-19.941908,200.6404,0.45693898,11.997716,195.0613,6.1697497,-14.200245,186.45436,-14.996946,33.60999,183.74976,15.120554,-21.766972,168.18687,-33.207024,50.27016,174.04747,28.656988,-32.64447,153.07204,-49.502552,19.68374,141.42958,0.5504027,-0.9917443,140.92816,-6.852157,14.816583,103.67883,4.228586,-8.550249,112.93738,17.170742,14.55427,72.928764,-15.224012,0.5792441,78.87194,9.024289
-13.736015,200.1415,12.948992,-11.733401,204.61578,11.266162,-17.889578,202.18909,10.3674135,-5.1296306,206.79251,3.7593129,-20.225786,200.85631,0.4610998,11.728669,195.61884,5.7572637,-14.613374,186.76097,-14.915386,34.44137,186.2055,14.162029,-22.640717,170.1925,-34.353302,51.54293,178.25914,28.306068,-34.29797,157.05736,-51.539787,19.707327,141.60211,0.8824803,-1.0849942,141.05846,-6.178402,14.7500305,103.83212,4.035192,-7.3169546,112.82206,18.361313,13.935434,72.98212,-15.73799,2.5626576,78.603325,12.41754
-14.051099,200.30792,12.918655,-12.014914,204.74873,11.190013,-18.168827,202.32967,10.263976,-5.381979,207.04141,3.747756,-20.434746,201.09668,0.38900673,11.549207,196.31076,5.345481,-14.911005,187.08266,-14.963687,35.11265,188.56238,13.069655,-23.359882,172.12776,-35.46939,52.239216,182.31786,27.967451,-35.832375,160.7766,-53.332806,19.750782,141.92462,1.3955654,-1.0858518,141.13126,-5.5377436,14.605823,103.88201,3.9366033,-6.020727,112.73722,19.340004,13.508461,73.0812,-16.09752,4.495264,78.28155,15.836982
-14.243864,200.5995,12.815514,-12.246056,205.0382,11.035786,-18.391296,202.58467,10.186908,-5.5633116,207.2816,3.6534972,-20.653742,201.414,0.2901755,11.389026,196.96767,4.92289,-15.203298,187.36949,-15.086088,35.713696,190.64243,11.917255,-24.054869,173.95374,-36.489777,52.59548,186.21814,27.735842,-37.273693,164.19305,-54.65924,19.774523,142.20004,1.9438604,-1.0647465,141.29297,-4.9465795,14.563466,104.12774,3.8845327,-4.71254,112.66076,20.072979,13.081971,73.316666,-16.40778,6.2892556,78.07063,19.130224
-14.452357,200.87515,12.649397,-12.472067,205.29872,10.816691,-18.591959,202.78383,9.942266,-5.6710896,207.32024,3.4152586,-20.841503,201.55435,0.09881845,11.207587,197.55452,4.493029,-15.468118,187.4814,-15.18242,36.025322,192.74313,11.135564,-24.537085,175.6113,-37.303734,52.911346,189.78468,27.335007,-38.680267,167.35599,-55.58554,19.785007,142.42519,2.4155028,-1.0578872,141.2088,-4.3747416,14.576274,104.33201,3.9552329,-3.3336606,112.37858,20.581617,12.736265,73.50786,-16.5448,7.8641896,77.777596,22.15285
-14.5405655,201.0898,12.4183655,-12.630449,205.49579,10.463964,-18.732327,202.89378,9.718817,-5.6767836,207.36021,3.1534016,-20.910135,201.72575,-0.07245471,10.9720955,197.84833,4.08449,-15.710245,187.5365,-15.294989,36.12755,194.62456,10.595772,-24.890182,176.9786,-38.075817,52.90307,193.16261,27.046322,-40.16167,170.08708,-56.146923,19.76507,142.75874,2.7254133,-0.9326563,141.17633,-3.8296788,14.71576,104.65707,4.2226834,-2.0116796,111.90118,20.792011,12.4542885,73.88571,-16.639095,9.258862,77.59827,24.837719
-14.728972,201.16544,12.182637,-12.810289,205.56857,10.228672,-18.91195,202.97101,9.47396,-5.8510704,207.37741,2.8828828,-21.101574,201.70142,-0.318368,10.72195,198.0914,3.6144621,-15.800542,187.59264,-15.520109,36.10946,196.31117,9.978817,-24.988197,177.93501,-38.639435,52.749004,196.23666,26.732738,-41.51489,172.44652,-56.234642,19.721506,143.05809,2.9946856,-0.66089576,141.14366,-3.3015022,14.8776865,105.038475,4.54131,-0.7140284,111.46082,20.860636,12.171329,74.31171,-16.716661,10.731469,77.60538,27.23992
-14.826061,201.21393,11.983275,-12.9515915,205.64262,10.033138,-19.031672,202.99106,9.296392,-6.0389614,207.44029,2.580206,-21.256142,201.82013,-0.54475445,10.590274,198.12543,3.0365088,-15.822146,187.68166,-15.799991,36.016567,197.7642,9.3610115,-25.12906,178.49396,-39.122868,52.665653,199.10973,26.001911,-43.106354,174.15225,-55.68697,19.650452,143.16945,3.258559,-0.4990769,141.03342,-2.8321383,15.014458,105.09198,4.913986,0.69483626,110.81679,20.873447,11.700472,74.68827,-16.754,12.328356,77.43392,29.402283
-14.831864,201.06932,11.730881,-12.939728,205.50998,9.832907,-19.03848,202.90193,9.078769,-6.078543,207.18565,2.2371268,-21.3471,201.61127,-0.71264094,10.430449,197.97816,2.4591842,-16.111708,187.44664,-15.8791485,35.856915,198.68053,8.823939,-25.586565,179.11224,-39.434853,52.709118,201.58235,24.94951,-44.47899,175.91527,-55.296078,19.611311,142.97226,3.6441903,-0.50766236,140.68288,-2.2433276,15.241834,104.88426,5.4600477,2.0678308,109.995636,20.875875,11.275553,74.739075,-16.813324,13.727629,76.8474,31.286942
-14.730577,200.89595,11.476412,-12.830974,205.36612,9.662134,-18.950903,202.8119,8.907458,-6.1463575,206.98428,1.871303,-21.440805,201.34766,-0.8968048,10.372332,197.61586,1.9709638,-16.433882,187.14713,-15.876714,35.620956,199.44485,8.45845,-26.131056,179.67845,-39.668888,52.8934,203.39368,23.891708,-45.68301,177.50563,-54.984325,19.512394,142.74333,3.9736562,-0.54538625,140.31865,-1.7094764,15.553268,104.55474,6.0372143,3.257691,109.10404,20.926027,10.845338,74.860756,-16.902164,14.837572,76.1522,32.863045
-14.677545,200.71715,11.298582,-12.77036,205.17595,9.459675,-18.89878,202.627,8.729561,-6.1013637,206.66714,1.6101999,-21.441988,201.07143,-1.0422717,10.334385,197.32077,1.5013967,-16.755606,186.74371,-15.798083,35.428722,199.9356,8.057601,-26.590681,180.17345,-39.74148,52.999443,204.84012,22.737038,-46.6355,178.91487,-54.588978,19.46528,142.41843,4.3023357,-0.61053884,139.90607,-1.1363323,15.816452,104.11768,6.653265,4.2496033,108.02787,20.979467,10.563845,75.022995,-17.054462,15.624635,75.16229,34.032486
-14.642503,200.44905,11.205968,-12.7313595,204.84904,9.249262,-18.852587,202.26749,8.551335,-6.0846877,206.28972,1.4014754,-21.411762,200.64137,-1.1509036,10.456599,196.95486,1.0254987,-17.251373,186.09962,-15.601732,35.34398,200.42526,7.69433,-27.086643,180.66211,-39.80196,53.03462,206.10828,21.90009,-47.4272,180.25601,-54.246964,19.461956,141.94862,4.4957104,-0.7167227,139.3572,-0.6410099,16.285091,103.61395,7.3218007,5.1311955,107.127846,21.067682,10.342195,75.435356,-17.23409,16.149204,74.260666,34.763508
-14.529659,200.11208,11.093395,-12.678728,204.48573,9.034737,-18.791275,201.83708,8.467886,-5.9403744,205.80699,1.2015581,-21.353619,200.22275,-1.215304,10.535398,196.36703,0.5418914,-17.730757,185.35078,-15.290125,35.258625,200.73683,7.437427,-27.6146,180.71796,-39.59345,53.119007,207.01218,21.203295,-47.942272,181.4876,-53.992,19.451708,141.39986,4.743779,-0.8162597,138.68456,-0.11971386,16.672598,103.03477,7.883024,5.7033424,106.34873,21.075012,10.070427,75.80033,-17.424818,16.58644,73.52394,34.953403
-14.313956,199.69394,10.99995,-12.454315,204.03305,8.866144,-18.607323,201.43959,8.440099,-5.809056,205.19579,0.90444845,-21.338839,199.83559,-1.2270315,10.69517,195.77434,0.11739165,-18.127625,184.65265,-14.867291,35.341003,200.82515,6.997552,-28.233242,180.53554,-39.127407,53.284428,207.75859,20.402609,-48.873253,181.70189,-53.186596,19.529724,140.84033,4.878453,-0.75366837,137.97809,0.2115006,17.005474,102.34617,8.306197,6.0760655,105.798546,21.099012,9.7366,75.97841,-17.653538,16.842808,73.226204,34.8385
-14.1127825,199.14224,10.864722,-12.287411,203.45808,8.6469145,-18.469748,200.93904,8.442615,-5.703553,204.7565,0.73408777,-21.22484,199.36627,-1.2688311,10.919682,195.21167,-0.13195646,-18.352163,184.11066,-14.492697,35.52089,200.5012,6.6220446,-29.058517,180.22372,-38.47916,53.560123,208.11145,19.620451,-49.53799,182.23335,-52.69638,19.592018,140.30887,4.9412513,-0.8444194,137.5346,0.386291,17.296894,101.81039,8.721487,6.260172,105.393745,21.207394,9.562526,76.07788,-17.746181,16.87912,72.99104,34.627953
-13.881315,198.78674,10.789944,-12.0391655,203.1104,8.621748,-18.266813,200.69107,8.499645,-5.5715127,204.30467,0.5611484,-21.158693,199.06969,-1.2321483,11.052664,194.65855,-0.25354913,-18.370714,183.61829,-14.240038,35.769016,200.05066,6.0644007,-29.880291,179.66927,-37.775585,54.038807,208.0068,18.656092,-50.350754,182.00954,-51.91477,19.542934,139.87401,4.843066,-0.9191188,137.18047,0.41303614,17.446306,101.4649,9.103091,6.171561,105.190895,21.470238,9.525857,76.28087,-17.758917,16.891235,72.77111,34.1526
-13.660238,198.74786,10.87246,-11.785739,203.07562,8.720865,-18.034033,200.6982,8.604109,-5.37092,204.1174,0.5433324,-21.037348,198.99878,-1.0921634,11.22047,194.32808,-0.27265394,-18.30326,183.43996,-14.036457,36.062836,199.77779,5.458211,-30.659212,178.91327,-36.974567,54.718235,207.55518,17.588135,-51.206688,181.18701,-50.92157,19.491331,139.65805,4.563325,-1.0515122,136.99687,0.26762706,17.424664,101.398315,9.320588,5.854677,105.22827,21.557913,9.603024,76.473595,-17.833927,16.733717,72.68847,33.634773
-13.464189,198.86734,11.041458,-11.483168,203.12866,8.883239,-17.802013,200.91324,8.794199,-5.143719,204.04515,0.6587216,-20.856466,199.06223,-0.93242943,11.337039,194.22905,-0.2956653,-18.039808,183.5897,-13.922587,36.411865,199.5267,4.889671,-31.389214,178.18005,-36.040928,55.501034,206.87251,16.490812,-52.248848,179.8593,-49.68449,19.43178,139.63315,4.2480583,-1.1792079,136.87215,-0.084785685,17.371994,101.51279,9.405505,5.3967485,105.456894,21.45442,9.689085,76.63899,-17.963497,16.467085,72.82748,33.0583
-13.288967,199.06554,11.29123,-11.332475,203.29037,8.996965,-17.626461,201.0771,8.992645,-4.91061,204.19435,0.887035,-20.668118,199.33813,-0.69223666,11.474723,194.31258,-0.14044794,-17.69926,183.92145,-13.928666,36.799274,199.17242,4.1094136,-32.287117,177.47813,-34.817165,56.309578,205.85295,15.423446,-53.28725,178.41933,-48.285015,19.3555,139.56554,3.8586915,-1.296684,136.82005,-0.506722,17.232933,101.60831,9.261781,5.220555,105.34334,21.106525,9.602447,76.6669,-18.06693,16.401932,72.77878,32.509453
-13.03198,199.44794,11.598799,-11.079959,203.62401,9.219881,-17.373693,201.39853,9.26732,-4.7554097,204.45894,1.0846897,-20.531878,199.69757,-0.3008076,11.548418,194.60657,-0.0833497,-17.561684,184.39296,-13.795707,37.17742,198.61382,3.2575333,-32.87955,176.8192,-33.70249,57.066624,204.37889,14.327529,-54.036823,176.74353,-46.92613,19.153284,139.71216,3.4012983,-1.4348011,136.83907,-0.9295412,17.074728,101.877,9.027812,4.9966493,105.24942,20.622847,9.470182,76.76616,-18.22117,16.198465,72.73674,32.151485
-12.822539,199.85753,12.032618,-10.819876,204.00754,9.65226,-17.14847,201.8989,9.754693,-4.554306,204.8508,1.523586,-20.355345,200.161,0.13521086,11.519764,195.0771,-0.09035958,-17.526587,184.81573,-13.613919,37.27007,197.78972,2.603328,-33.428562,176.18771,-32.56857,57.989906,202.41379,12.655822,-54.625652,174.61346,-45.63646,18.933626,140.06496,2.9583461,-1.45425,137.06728,-1.3853298,16.901608,102.21459,8.763291,4.9218416,105.3741,19.865433,9.271478,76.93874,-18.28136,15.927296,72.89847,31.63141
-12.749449,200.21666,12.367588,-10.628634,204.35982,10.085436,-17.00566,202.35121,10.0518055,-4.472022,205.41127,1.9506307,-20.232746,200.62651,0.46170112,11.489193,195.55182,-0.013140968,-17.70556,185.32048,-13.296728,37.36018,196.83594,2.221484,-33.858086,175.6033,-31.567001,58.793095,200.13005,11.265542,-54.92837,172.34784,-44.563885,18.82914,140.49155,2.4974983,-1.527357,137.55489,-1.7706687,16.760778,102.62523,8.367055,5.1386285,105.62336,19.09569,8.910757,77.09635,-18.43839,15.8261175,72.86221,31.285385
-12.536831,200.49654,12.675759,-10.267033,204.60301,10.471424,-16.701557,202.81673,10.353315,-4.2827353,205.81088,2.354723,-20.07101,201.23889,0.79462427,11.333541,195.90173,0.11647508,-18.135532,185.79341,-13.120995,37.194065,195.23492,1.8675257,-34.216496,174.63486,-30.661488,59.289062,197.39476,9.679333,-55.098392,169.65388,-43.336514,18.69254,140.73198,2.1958516,-1.7122045,137.94366,-2.1549773,16.736094,102.83237,7.926334,5.385261,105.61137,18.337236,8.6559305,77.20815,-18.577269,15.735297,72.932594,31.07864
-12.280876,200.8602,13.11206,-9.853656,204.95581,11.080618,-16.310461,203.29076,10.677292,-4.057541,206.10782,2.7138608,-19.93446,201.74892,1.2463768,11.213468,196.01524,0.110457815,-18.541788,185.9702,-12.944707,37.061623,193.63551,1.3344728,-34.45698,173.58943,-29.881533,59.630577,194.46596,8.043279,-55.183285,166.7486,-41.89427,18.442863,141.09335,1.8489377,-1.9046855,138.30756,-2.4647558,16.693987,103.00496,7.3974786,5.6157026,105.67955,17.551199,8.216865,77.24508,-18.791786,15.648652,73.04115,30.861023
-12.033286,201.26003,13.492194,-9.420033,205.28305,11.553517,-15.948894,203.8793,11.078726,-3.7318313,206.21739,2.991378,-19.73637,202.22981,1.6559571,11.2320175,195.8673,0.08233435,-18.858624,186.0341,-12.726159,37.00837,191.73866,0.52066994,-34.665096,172.2106,-29.200584,59.849777,190.96617,6.1988688,-55.272575,163.59488,-40.14988,18.232607,141.31604,1.5309113,-2.163832,138.49628,-2.6147404,16.646767,103.221214,6.8824453,5.7549286,105.65393,17.006508,7.6262603,77.25143,-19.052845,15.479812,73.02689,30.7507
-11.671953,201.44142,13.772898,-9.060251,205.50589,11.915806,-15.592864,204.12798,11.450014,-3.3518946,206.26067,3.1947205,-19.428259,202.64133,2.0047717,11.177078,195.55492,0.036757004,-19.159193,186.06883,-12.404371,36.64689,189.66078,-0.41467607,-34.60114,170.90498,-28.158844,59.511852,187.07375,4.355966,-54.945396,160.63072,-38.17517,17.976099,141.4465,1.2214564,-2.486398,138.6377,-2.805142,16.763988,103.37874,6.2568,5.812343,105.69708,16.517622,7.069232,77.19489,-19.28957,15.339861,73.01739,30.520964
-11.313494,201.57486,14.006286,-8.693807,205.64413,12.166404,-15.243551,204.35757,11.804649,-2.9502277,206.28453,3.4222512,-19.110394,202.98138,2.2597008,11.194366,195.18155,-0.096181646,-19.547586,186.05022,-12.05984,36.104153,187.27135,-1.263428,-34.62568,169.29767,-26.679003,58.998898,183.21391,2.4877877,-54.420097,157.42946,-36.05804,17.833906,141.41718,0.8237549,-2.726753,138.6032,-3.124422,16.871357,103.29382,5.6134095,5.7941556,105.66468,16.077848,6.512118,77.16086,-19.637213,15.322633,73.025635,30.256037
-10.959499,201.56204,14.189304,-8.206973,205.59573,12.483754,-14.799128,204.52466,12.066434,-2.535988,206.16786,3.570081,-18.785398,203.19014,2.496937,11.326555,194.77483,-0.26462853,-19.918499,185.80305,-11.660163,35.47077,184.93556,-2.3937097,-34.639473,167.62257,-25.019688,58.159424,178.8595,0.4378988,-53.704536,154.08249,-33.58723,17.76683,141.2355,0.28881046,-2.9545457,138.39528,-3.438058,16.98389,103.176025,4.9838367,5.7585526,105.5765,15.754107,5.8617706,77.15566,-20.016426,15.176244,73.02827,30.10874
-10.526819,201.62865,14.356097,-7.7498045,205.62181,12.61528,-14.35765,204.60242,12.239348,-2.12299,205.92586,3.5782347,-18.445997,203.308,2.7384777,11.61283,194.28992,-0.37390745,-20.240303,185.45135,-11.061208,34.81478,182.55922,-3.9955804,-34.534134,165.9051,-23.198261,56.9607,174.47891,-1.7553395,-52.80041,150.64682,-30.668417,17.692263,140.9451,-0.33243072,-3.1683984,138.06837,-3.7094872,16.937609,102.95382,4.4253163,5.599527,105.35373,15.520832,5.269164,77.08028,-20.405537,15.059636,72.99423,30.02658
-9.92925,201.71953,14.500986,-7.1817307,205.69926,12.681366,-13.797915,204.64783,12.383625,-1.6981105,205.64821,3.4451294,-18.084743,203.33163,3.037724,11.943836,193.53848,-0.5949432,-20.720163,184.94771,-10.453193,34.097706,180.17061,-5.5032673,-34.338326,164.018,-21.382856,55.359028,169.67987,-3.6453433,-51.55521,147.01909,-27.79628,17.534016,140.55345,-1.0576433,-3.530626,137.64392,-3.9602437,16.825394,102.74628,3.7968762,5.4580193,105.168495,15.387115,4.617541,77.06686,-20.893816,15.000534,72.848724,30.054768
-9.417061,201.79166,14.593783,-6.608902,205.66368,12.650072,-13.237923,204.7083,12.394588,-1.27801,205.3643,3.3384311,-17.670713,203.27313,3.1651714,12.39272,192.68956,-1.171265,-21.282051,184.34416,-9.68898,33.310394,177.59766,-6.713563,-34.038685,162.27225,-19.302664,53.46706,164.92053,-5.276338,-49.884457,143.68878,-24.783758,17.370443,140.08234,-1.925553,-3.8768158,137.35295,-4.098913,16.566772,102.46529,3.0280948,5.4197807,104.94111,15.183107,3.9721086,77.10632,-21.403608,14.795339,72.789085,30.011395
-8.827033,201.6686,14.505118,-6.073951,205.57304,12.5308075,-12.705109,204.69821,12.531056,-0.8134263,205.06609,3.1028016,-17.255484,203.15536,3.1977804,12.832176,191.80449,-2.029989,-21.764519,183.67194,-8.908187,32.376446,175.07349,-7.7152123,-33.674706,160.52644,-17.28234,51.16251,160.49365,-6.612611,-47.849514,140.40471,-21.681051,17.232906,139.57057,-2.8894024,-4.221022,136.95811,-3.8979795,16.370525,102.185524,2.1625736,5.267143,104.71945,14.953226,3.3804638,76.907196,-21.947905,14.562595,72.75536,29.981314
-8.32824,201.47389,14.263844,-5.4897246,205.33952,12.335031,-12.1414175,204.58665,12.315839,-0.36555344,204.80234,2.8412437,-16.848862,203.0854,3.0330448,13.20363,190.863,-3.1023166,-22.056417,183.20482,-8.321527,31.330036,172.54773,-8.57574,-33.021347,159.04283,-15.133642,48.562904,156.33527,-7.5430503,-45.473145,137.62389,-18.374945,16.919767,139.00241,-4.034546,-4.576951,136.46709,-3.3921716,16.051125,101.915764,1.3572844,5.0916896,104.534706,14.791315,2.7579124,76.571396,-22.440523,14.384593,72.768234,29.98086
-7.787532,201.21523,13.978209,-4.8919907,205.0638,12.099625,-11.549336,204.36162,11.993151,0.10079077,204.61766,2.5537345,-16.38772,203.00423,2.8358212,13.363154,190.00943,-4.401623,-22.109118,182.85349,-7.80301,29.931581,170.18025,-9.237553,-32.12415,157.74117,-12.99145,45.63847,152.50049,-7.9564357,-42.875698,135.1114,-14.910202,16.629189,138.43361,-5.1900344,-4.9727254,136.06377,-3.1814506,15.654663,101.62243,0.46132568,4.788084,104.40916,14.650247,2.3383749,76.04456,-22.890574,14.253962,72.80657,29.990221
-7.1815314,201.09563,13.7007475,-4.27116,204.87718,11.716675,-10.931885,204.19344,11.609255,0.624037,204.39989,2.154659,-15.836629,203.00581,2.6626122,13.431475,189.19542,-5.9093423,-22.094296,182.7102,-7.210063,28.412897,167.92097,-9.8228855,-30.906694,156.68272,-10.681092,42.450607,149.0187,-7.781713,-40.023663,133.03165,-11.212479,16.137667,138.1216,-6.594768,-5.436939,135.83344,-3.342547,15.217889,101.43766,-0.37305978,4.493562,104.30988,14.519281,1.9099455,75.51867,-23.360878,14.004714,72.79275,29.925598
-6.5341606,200.78784,13.291033,-3.6526694,204.59863,11.319529,-10.301561,203.92451,11.263095,1.1522175,204.07816,1.6716,-15.3522835,202.8674,2.4126298,13.57025,188.51884,-7.482596,-21.998772,182.4625,-6.56554,26.769106,165.79639,-10.380343,-29.465847,155.6884,-8.325897,39.155712,145.835,-7.0430074,-36.968086,131.38248,-7.2985945,15.620949,137.72845,-8.280358,-5.909487,135.59158,-3.811651,14.678242,101.23953,-1.2604715,4.1011367,104.06161,14.327563,1.4397719,75.121605,-23.67827,13.695484,72.71099,29.841278
-5.9217644,200.53177,12.894921,-2.98621,204.30365,10.923937,-9.644454,203.69777,10.853682,1.6648182,203.78181,1.1884558,-14.815745,202.67487,2.0722592,13.629763,187.93707,-9.008472,-21.732094,182.27563,-5.7544765,24.999563,163.99393,-10.916207,-27.934952,155.05069,-6.0904217,35.66501,143.3404,-5.8923135,-33.774155,130.46432,-3.305134,15.077694,137.43065,-10.122467,-6.3191166,135.47484,-4.4353833,14.19923,101.14671,-2.1277723,3.6771,104.085785,14.158515,1.0037009,74.59553,-24.03102,13.211611,72.74937,29.591898
-5.3907385,200.25166,12.333238,-2.3089433,203.94716,10.437395,-8.988038,203.63286,10.391483,2.1767557,203.48886,0.6166542,-14.290783,202.59207,1.5999967,13.366661,187.4378,-10.527257,-21.564487,182.25377,-5.10696,23.30233,162.68611,-11.355562,-26.295141,154.71414,-3.9736078,32.34298,141.83667,-4.392452,-30.452547,130.11478,0.711947,14.380023,137.30023,-11.697952,-6.7607546,135.37827,-4.9756904,13.790652,101.00847,-3.130371,3.2919972,104.28049,14.145857,0.67899936,74.20189,-24.343924,12.721034,72.73554,29.267204
-4.910468,200.15424,11.758711,-1.7524978,203.7742,9.856274,-8.436945,203.65276,9.887363,2.6276474,203.33446,-0.043705054,-13.8320265,202.56941,1.0823209,13.019477,187.14345,-11.937564,-21.303822,182.17809,-4.601951,21.756832,161.93513,-11.584074,-24.767323,154.48071,-2.0069396,29.287205,141.26404,-2.5803945,-26.9943,130.0015,4.3015313,13.621109,137.16518,-13.106925,-7.0934205,135.20393,-5.2426977,13.390298,101.085724,-4.0450425,2.8268213,104.43851,14.222183,0.39409074,73.88008,-24.652079,12.167321,72.88661,28.692987
-4.4351597,200.14842,11.096956,-1.2415899,203.71848,9.150558,-7.921133,203.72812,9.320963,2.967074,203.26932,-0.79442567,-13.519872,202.67056,0.56044436,12.519912,187.07681,-13.275771,-21.119244,182.33958,-4.178371,20.386349,161.67262,-11.870736,-23.168839,154.69177,-0.2642754,26.368542,141.61794,-0.5591334,-23.337023,130.91776,8.01207,12.947305,137.16219,-14.406194,-7.401762,135.24484,-5.4673457,13.095941,101.23726,-4.8184123,2.3052182,104.77402,14.503995,0.22626086,73.59953,-24.817972,11.328021,72.89566,27.80765
-3.930584,200.26398,10.498852,-0.76082265,203.80898,8.466533,-7.4383235,203.85074,8.769126,3.3367274,203.29254,-1.4881552,-13.140895,202.9399,0.0923347,12.090861,187.25291,-14.5323715,-21.02888,182.6328,-3.7758086,19.150646,161.64032,-12.080851,-21.572023,155.22316,1.8255198,23.735891,142.7848,1.7140805,-19.422155,132.24869,11.743015,12.127803,137.48132,-15.726152,-7.807336,135.55263,-6.127253,12.820648,101.601906,-5.620637,1.5801982,105.53052,14.634162,-0.024294684,73.47183,-25.012314,10.282538,73.014725,26.61992
-3.5071094,200.49234,9.999843,-0.33980623,203.92958,7.7989817,-7.009325,204.04907,8.217691,3.6390595,203.41115,-2.0969603,-12.810093,203.3269,-0.2970549,11.618367,187.58119,-15.638861,-20.930609,183.11963,-3.3631492,18.134739,162.01718,-12.121792,-20.030855,156.13913,3.7564797,21.231754,144.77989,4.0388627,-15.172927,134.27522,15.176167,11.280615,138.04753,-17.001194,-8.374872,136.1563,-6.955833,12.465294,102.224174,-6.3638587,0.83638453,106.75791,14.957529,-0.25252944,73.48266,-25.136255,9.221916,73.34769,25.029402
-3.136762,200.90982,9.484424,0.055497814,204.29002,7.227439,-6.601228,204.52014,7.732989,3.9743369,203.72769,-2.6438324,-12.45676,203.95198,-0.66200745,11.290933,188.05464,-16.51118,-20.760612,183.94197,-3.0648808,17.402985,162.58162,-11.977307,-18.847368,157.46255,5.252422,18.802927,147.38498,6.438095,-11.098211,137.21608,18.141537,10.4234295,138.69188,-18.01786,-9.009036,136.9113,-7.503645,12.22823,102.75957,-7.133295,0.23068115,108.03173,15.368584,-0.45230976,73.368004,-25.142557,7.953268,73.84227,23.011078
-2.741419,201.52084,9.080451,0.41953823,204.8808,6.7456765,-6.2336473,205.104,7.3319664,4.299662,204.26486,-3.0907924,-12.098686,204.70015,-1.0153606,11.091049,188.69638,-17.31065,-20.58595,184.86554,-2.7011704,16.829412,163.3712,-11.6620865,-17.71984,158.92451,6.797158,16.817406,150.88907,8.681089,-7.0693645,140.7171,20.568062,9.451804,139.4279,-18.745502,-9.718918,138.00429,-7.750861,11.833629,103.44725,-7.9926662,-0.4246545,109.47413,15.650224,-0.5876933,73.2899,-25.092947,6.4376726,74.72373,20.507412
-2.3396597,202.18883,8.76793,0.8123988,205.57858,6.46193,-5.845151,205.78052,7.0697136,4.5977182,205.00511,-3.4508605,-11.759033,205.59666,-1.2280717,10.780458,189.47723,-17.902746,-20.427794,186.0422,-2.340947,16.45457,164.44162,-11.262935,-16.573057,160.63087,8.312794,15.317929,155.24828,10.570598,-3.4305878,144.46994,22.48897,8.466296,140.34541,-19.352697,-10.499362,139.21909,-7.75982,11.162129,104.15699,-8.843206,-1.0168396,111.041565,15.865909,-0.6321558,73.321434,-25.101305,4.93214,75.73618,17.704746
-2.0275052,202.85854,8.521451,1.1003054,206.29811,6.245696,-5.533541,206.5112,6.956898,4.8907194,205.78761,-3.67559,-11.466434,206.62169,-1.2944602,10.519524,190.41695,-18.241758,-20.219208,187.42548,-2.0376544,16.379953,165.71086,-10.462943,-15.524809,162.62605,9.547704,14.073582,158.98235,12.157536,-0.22984235,148.59421,23.743057,7.423765,141.40054,-19.854008,-11.108135,140.49706,-7.704778,10.466505,104.969,-9.608533,-1.5825481,112.48638,15.962313,-0.46819824,73.4307,-25.08006,3.3058674,76.90493,14.82513
-1.7202538,203.82588,8.422593,1.429594,207.22107,6.112697,-5.1986647,207.49728,6.8403635,5.133292,206.66356,-3.8426056,-11.190703,207.7347,-1.3083911,10.203652,191.57304,-18.419025,-20.080381,188.95816,-1.6420944,16.22542,167.31772,-9.497467,-14.615333,164.86928,10.62862,13.2311125,162.89636,13.60741,2.781786,153.07765,24.439095,6.5147533,142.46013,-20.305853,-11.702592,141.87154,-7.5812235,9.701442,105.79411,-10.397819,-1.8745172,113.95406,15.911966,-0.43385687,73.61166,-24.885826,1.5952514,78.17961,11.917558
-1.4419074,204.92178,8.42313,1.7891511,208.20837,6.0739484,-4.845806,208.61717,6.7528415,5.347198,207.60132,-3.8732996,-10.949562,208.92612,-1.2616316,9.875352,192.84367,-18.518967,-19.974787,190.4903,-1.1637373,16.037966,169.22177,-8.48855,-13.868252,167.13493,11.777039,13.068755,166.57318,14.92137,5.4987392,157.90436,24.748665,5.7019153,143.58734,-20.726715,-12.221754,143.28085,-7.4434752,8.949734,106.73474,-11.133098,-2.3166137,115.19032,15.689373,-0.4632035,73.96379,-24.712812,-0.18692453,79.48747,8.935919
-1.25909,205.93176,8.458289,2.0190756,209.20384,6.147392,-4.5997295,209.71031,6.8288984,5.528917,208.72342,-3.839395,-10.757005,210.03247,-1.1546451,9.480481,194.16194,-18.695301,-19.915388,191.96959,-0.78709954,16.079098,171.22794,-7.533982,-13.218625,169.35551,12.989306,13.913706,169.81639,16.110046,7.87835,162.59006,24.860348,4.798635,144.7118,-21.086277,-12.769378,144.5465,-7.2554717,8.125425,107.65069,-11.915991,-2.7251384,116.00071,15.262264,-0.6014658,74.226906,-24.527248,-1.9778675,80.7641,6.138866
-1.0508605,207.08664,8.615512,2.2516894,210.28293,6.2518477,-4.3655753,210.8799,6.9725795,5.744552,209.78801,-3.7280354,-10.541462,211.23917,-0.97141737,9.195133,195.68301,-18.769594,-19.828054,193.50629,-0.26431596,16.28285,173.4778,-6.7204957,-12.578206,171.5926,14.227173,15.0075,173.03271,16.91449,9.838616,167.56953,24.721895,4.0170064,145.82137,-21.37015,-13.198006,145.66696,-7.095226,7.320355,108.48709,-12.719532,-3.218645,116.66828,14.760268,-0.91607416,74.38682,-24.315306,-3.9608185,81.93908,3.4903069
-0.82265306,208.06203,8.762345,2.497782,211.22632,6.3696494,-4.088578,211.93634,7.217089,5.921566,210.76904,-3.5992885,-10.325058,212.38202,-0.7694472,8.866313,197.0724,-18.815264,-19.542345,194.95517,0.19676305,16.623339,175.72672,-6.04759,-12.004295,173.73033,15.562327,16.481949,176.11539,17.485651,11.23761,172.30075,24.50445,3.3895533,146.7575,-21.645603,-13.490051,146.61902,-6.8940845,6.589198,109.12983,-13.492518,-3.83409,117.13828,14.116037,-1.3908664,74.610016,-23.949461,-6.109374,82.970314,0.9989424
-0.5414131,209.04053,9.0014925,2.8092802,212.11765,6.542437,-3.748095,212.98302,7.5003476,6.1785345,211.64574,-3.3964884,-10.04595,213.32191,-0.5440993,8.53375,198.4016,-18.792124,-19.292763,196.25772,0.65246695,16.960953,177.8579,-5.5262456,-11.30542,175.73117,16.773903,17.38775,179.27689,17.842289,12.396627,176.6655,24.139635,2.7814517,147.6014,-21.804035,-13.7348795,147.45438,-6.7454705,5.8761926,109.81219,-14.18924,-4.438429,117.31823,13.312886,-1.6220354,74.76155,-23.50313,-8.195556,84.00883,-1.2646234
-0.25667468,209.81694,9.1933565,3.0566237,212.93979,6.7346673,-3.4748275,213.8135,7.870156,6.536706,212.34076,-3.163694,-9.657831,214.28194,-0.3806038,8.180799,199.65614,-18.819305,-18.860203,197.4872,1.0719464,17.477558,180.023,-5.040275,-10.596951,177.55829,17.933365,17.835825,182.51848,18.104656,13.315209,180.26718,23.890259,2.440227,148.19344,-21.845705,-13.906716,148.11757,-6.6904945,5.244504,110.266335,-14.795298,-5.1602316,117.07768,12.368815,-1.8191987,74.76496,-23.094255,-10.354819,84.5077,-3.3375907
0.07749383,210.4851,9.335043,3.3877156,213.60077,6.8611026,-3.0937822,214.57083,8.161025,6.9435277,213.01518,-2.9825397,-9.222296,215.07655,-0.26890528,8.04134,200.64377,-18.8215,-18.376053,198.54115,1.3456435,17.984497,181.87746,-4.455929,-9.954798,179.41978,19.164555,18.013857,185.75548,18.375992,14.135044,183.65562,23.623636,2.2217453,148.59976,-21.77025,-14.056825,148.58237,-6.6100345,4.629981,110.39118,-15.388671,-5.9975576,116.54133,11.224588,-2.2887025,74.70333,-22.597141,-12.445187,84.38895,-5.196615
0.46028733,211.11351,9.4931555,3.7905164,214.18599,6.9967237,-2.6663613,215.25208,8.389067,7.299061,213.54086,-2.8347163,-8.86757,215.78488,-0.08151298,8.012898,201.45798,-18.801203,-17.981438,199.38084,1.6324743,18.377068,183.44875,-3.907003,-9.293688,181.36461,20.276873,18.143919,188.37177,18.597448,14.692676,186.63249,23.499874,2.0317106,148.84743,-21.690306,-14.090857,148.81581,-6.4697027,3.9177694,110.48324,-16.049965,-6.8360457,115.688614,9.919017,-2.7251153,74.56773,-22.025028,-14.2648325,83.95874,-6.945195
0.8534956,211.48883,9.625007,4.194576,214.54301,7.123505,-2.2220647,215.68935,8.641129,7.685058,213.91573,-2.6982315,-8.451024,216.24025,0.03673887,8.011145,202.0317,-18.806105,-17.561441,200.18826,1.9574848,18.81843,184.72908,-3.37573,-8.56627,182.9431,21.188705,18.213276,190.71976,18.885944,14.972305,189.47568,23.416637,1.8839172,149.05971,-21.540438,-14.059414,148.97044,-6.2882233,3.212529,110.482796,-16.586945,-7.8121233,114.68404,8.467643,-3.271336,74.5638,-21.593359,-15.901056,83.11865,-8.453763
1.162124,211.78024,9.714898,4.5310726,214.83914,7.2519455,-1.8689754,216.02888,8.784653,8.095698,214.04007,-2.619832,-7.985771,216.56467,0.0469513,8.140551,202.36844,-18.693275,-17.218573,200.69226,2.2609868,19.360899,185.80896,-2.6077864,-7.953888,184.43697,22.17535,18.127487,192.76738,19.234394,15.265372,192.10524,23.307117,1.9653686,149.19392,-21.226635,-13.93243,148.98087,-6.153075,2.5382953,110.52033,-17.06786,-9.029983,113.47834,6.5428777,-3.869118,74.50767,-21.217781,-17.328129,81.81496,-9.732927
1.5676485,211.87682,9.816571,4.9523273,214.95003,7.3989277,-1.458502,216.1366,8.912255,8.4969225,214.09802,-2.52886,-7.6009145,216.6462,0.13405234,8.168271,202.54689,-18.556122,-16.875813,200.89629,2.498257,19.962982,186.98172,-1.9851233,-7.473894,185.89459,23.152077,17.947868,194.5849,19.42982,15.47921,194.26318,23.190474,2.0506823,149.21208,-20.83342,-13.819829,148.831,-5.8875866,1.8652209,110.3557,-17.409729,-10.514777,112.20218,4.4249434,-4.1721687,74.25494,-20.934614,-18.575235,79.94734,-10.821921
1.8876014,211.88593,9.89404,5.231609,215.01053,7.4818473,-1.1959116,216.10838,8.992934,8.820494,214.01535,-2.4415274,-7.2765403,216.63864,0.21333563,8.161908,202.62782,-18.57991,-16.55773,200.92793,2.8829844,20.44328,188.13702,-1.4536488,-6.829174,187.1423,24.127487,17.802454,196.27164,19.56182,15.877633,196.01465,23.07966,2.2456374,149.13727,-20.282799,-13.945265,148.63246,-5.5969872,1.2842268,110.094345,-17.6632,-11.879969,110.98081,2.1779366,-4.1693635,73.896385,-20.618212,-19.900888,77.79693,-11.775759
2.1384704,211.65524,10.029495,5.4963074,214.76085,7.613074,-0.9505584,215.84912,9.024415,9.074862,213.78764,-2.3140583,-6.9964943,216.4986,0.4007913,8.184817,202.49855,-18.65488,-16.3169,200.81421,3.219057,20.871258,188.93394,-1.1513716,-6.3493547,188.02748,24.986246,17.651133,197.5366,19.484198,16.104963,197.33716,23.031324,2.3887064,148.94402,-19.766672,-13.981653,148.29422,-5.263731,1.0279728,109.64039,-17.829464,-13.2028885,109.83169,0.027250491,-3.9155643,73.50929,-20.274796,-21.225075,75.81606,-12.560877
2.4053617,211.2813,10.216924,5.8557177,214.29881,7.8167787,-0.5974512,215.51189,9.1191,9.338476,213.48428,-2.1151772,-6.7222505,216.16948,0.5891585,8.177568,202.17784,-18.684795,-16.152725,200.66588,3.5403583,21.322283,189.45653,-0.97870696,-6.2594953,188.84604,25.79769,17.434156,198.2405,19.337273,15.932026,198.32318,22.619167,2.6419864,148.76202,-19.086924,-14.044753,147.95303,-5.063826,1.0066084,109.25406,-17.889652,-14.584988,108.929184,-2.0784512,-3.4500997,73.22408,-19.888039,-22.302423,74.31301,-13.250879
2.795238,210.94595,10.52208,6.280902,213.84988,8.0282135,-0.154998,215.17328,9.273684,9.600178,213.02968,-1.865765,-6.4150324,215.86754,0.9817729,8.039024,201.79147,-18.662445,-16.09569,200.38806,3.759725,21.710657,189.65396,-0.93821967,-6.3755283,189.49582,26.454184,17.30581,198.78574,19.12478,15.490076,199.00267,22.15761,2.7316804,148.41805,-18.60655,-14.250638,147.56082,-5.0461,1.0700012,108.967995,-17.869902,-15.745332,108.53193,-4.093588,-3.092321,73.00705,-19.486,-22.89403,73.40369,-13.733479
3.0624797,210.63724,10.670403,6.539127,213.48853,8.10621,0.12865584,214.8735,9.400557,9.757683,212.77484,-1.7700546,-6.2227826,215.58743,1.1946931,7.836094,201.44606,-18.49881,-16.14985,200.19267,4.0295873,22.010376,189.57164,-0.9907967,-6.2894626,190.09865,26.919851,17.165771,198.96777,19.024778,15.374417,199.56314,21.634802,2.7086928,148.13785,-18.209946,-14.542614,147.38054,-5.055741,1.1492662,108.98405,-17.738325,-16.693708,108.51248,-5.65174,-2.6911366,72.95779,-19.161219,-23.143007,73.14148,-13.904251
3.3214734,210.51227,10.812623,6.8357725,213.29474,8.21778,0.42722237,214.73209,9.453392,9.913954,212.60788,-1.6730907,-6.0676274,215.50351,1.4806298,7.545997,201.31868,-18.380394,-16.214287,200.26175,4.435509,22.151972,189.50139,-1.0577437,-6.0984087,190.27525,27.337551,16.903511,199.09645,18.784374,15.245819,199.96664,20.800905,2.5167112,147.99928,-17.985455,-15.008188,147.18852,-5.1783996,1.3581593,108.99604,-17.418024,-17.364109,108.64471,-6.9469075,-2.3665845,73.046684,-18.78071,-23.101385,73.12344,-13.9020405
3.5845199,210.39754,10.890895,7.0604563,213.16104,8.226303,0.7150965,214.67555,9.649713,9.978542,212.58385,-1.695495,-5.9201846,215.58054,1.7902801,7.453288,201.38246,-18.113848,-16.287193,200.44646,4.745259,22.185602,189.3289,-1.1509609,-5.8837256,190.44914,27.546144,16.56767,199.21634,18.375368,15.289431,200.23146,20.19483,2.2077162,148.07593,-17.905666,-15.47906,147.34494,-5.2837205,1.4400795,109.068756,-17.134554,-17.67658,108.87059,-7.764193,-2.1776555,73.05655,-18.484282,-23.058002,73.134514,-13.886073
3.7914257,210.29315,10.997984,7.317847,212.92737,8.269035,1.036352,214.64449,9.74648,9.983254,212.5243,-1.684592,-5.756587,215.7804,2.1188996,7.182306,201.6304,-18.125633,-16.311914,200.73274,5.0184207,22.170519,189.32753,-1.397168,-5.790957,190.81935,27.830345,16.329552,199.54202,17.967607,15.207196,200.37695,19.46366,1.9175419,148.14671,-17.903965,-15.8163805,147.46413,-5.2192307,1.5429198,109.11151,-16.906517,-17.884117,108.96966,-8.15652,-1.9843236,73.02801,-18.264688,-22.934633,73.10125,-13.754114
3.9046433,210.14616,10.988537,7.4557037,212.76147,8.279887,1.2289296,214.58862,9.871148,9.913926,212.44753,-1.7752538,-5.6816416,215.92941,2.3530655,6.933644,201.81613,-18.091516,-16.221794,200.82695,5.269567,22.23886,189.35092,-1.5558388,-5.479895,190.97566,27.966942,16.213554,199.70592,17.71416,15.120098,200.38197,18.825306,1.6149051,148.26785,-17.94279,-16.087564,147.59953,-5.0491667,1.475617,109.17716,-16.78681,-18.021145,109.01728,-8.272674,-1.7994041,73.05024,-18.088816,-22.808435,73.06336,-13.7057495
4.009035,209.91473,10.949556,7.5451365,212.62032,8.304421,1.3517147,214.41147,10.025911,9.907231,212.3302,-1.8455051,-5.5776787,215.98856,2.495518,6.747705,201.94003,-18.113317,-16.305239,200.97015,5.341167,22.220984,189.46745,-1.6613847,-5.3521876,191.10098,28.012293,16.182814,199.81987,17.576412,15.23584,200.44032,18.54024,1.4157455,148.34853,-17.928709,-16.369139,147.7003,-4.9443436,1.3315188,109.256516,-16.808084,-18.119081,109.045586,-8.283001,-1.7059813,73.01046,-18.021654,-22.51842,73.0012,-13.639521
4.0557003,209.57475,10.939716,7.5512033,212.35635,8.328927,1.3580648,214.0667,10.109815,9.941066,212.2203,-1.844265,-5.516511,215.84305,2.6161342,6.6747932,201.93898,-18.20548,-16.38748,200.92195,5.3445125,22.197811,189.57123,-1.6971564,-5.3292956,191.07698,27.98753,16.172443,199.66145,17.597527,15.176208,200.19711,18.168978,1.2138358,148.28761,-17.85257,-16.499163,147.53423,-4.804088,1.2005953,109.23238,-16.809101,-18.06589,108.94324,-8.217212,-1.4904035,73.022224,-18.005798,-22.25298,72.98065,-13.657465
4.0968485,209.34962,10.889571,7.547337,212.27068,8.367048,1.2845207,213.77681,10.1266575,9.896796,212.17342,-1.8835832,-5.5704517,215.66792,2.7321541,6.528602,201.9253,-18.399967,-16.398695,200.80844,5.374902,22.201534,189.7751,-1.943003,-5.407454,190.69244,27.964413,16.180616,199.36879,17.569927,15.132608,199.77371,18.081068,1.0925933,148.18488,-17.836493,-16.473572,147.40842,-4.695373,1.070939,109.16786,-16.848566,-17.90963,108.86079,-8.051709,-1.2213268,72.97994,-17.894596,-22.051268,72.95295,-13.552447
4.136291,209.285,10.938189,7.528937,212.18665,8.319561,1.273222,213.6677,10.139899,9.791957,212.11577,-1.864803,-5.6670275,215.54997,2.8392298,6.317224,201.86748,-18.542875,-16.45101,200.69049,5.3578725,22.14428,189.8991,-2.2102637,-5.33411,190.70866,27.8822,16.341766,199.13788,17.493637,15.055134,199.42632,17.975473,0.86729294,148.11055,-17.942717,-16.460283,147.28676,-4.6088624,1.0761862,109.122574,-16.736254,-17.820219,108.71993,-7.8316603,-0.92119485,72.92433,-17.768557,-21.878447,72.86648,-13.440073
3.9990287,209.2451,10.978988,7.403395,212.12123,8.345921,1.1664306,213.6547,10.174861,9.718859,212.1144,-1.8081139,-5.7325864,215.5241,2.8622775,6.192338,201.77429,-18.656973,-16.494768,200.65851,5.3284516,22.132627,189.79962,-2.4012153,-5.217625,190.39511,27.649303,16.504541,199.1133,17.33823,15.237269,199.19557,17.849173,0.6834248,148.05399,-18.020655,-16.547726,147.2399,-4.5210223,1.0846603,109.14378,-16.605515,-17.753942,108.72181,-7.5566187,-0.7196648,72.88613,-17.570103,-21.656261,72.92273,-13.386992
3.8814273,209.25659,10.963418,7.3209624,212.18507,8.433457,1.0183364,213.63315,10.101919,9.690846,212.0692,-1.7928151,-5.7550163,215.59999,2.7927608,6.027887,201.7164,-18.716192,-16.59636,200.63446,5.3089285,22.038168,189.63763,-2.54512,-5.260749,190.41019,27.585278,16.695414,199.04265,17.248762,15.327544,199.12271,17.715378,0.5557601,148.01715,-17.961082,-16.578491,147.20255,-4.4849534,1.2289172,109.101974,-16.458055,-17.555607,108.729675,-7.3073673,-0.58693373,72.96649,-17.557764,-21.452106,72.96082,-13.32655
3.7850542,209.31744,11.021849,7.256462,212.144,8.424541,0.9724863,213.70717,10.074581,9.601406,211.97496,-1.7682302,-5.8357034,215.58078,2.7444258,5.8836308,201.6348,-18.755957,-16.718504,200.67743,5.268933,21.907726,189.48544,-2.6230247,-5.2083845,190.31308,27.383657,16.775503,199.01784,17.132019,15.537858,199.16237,17.66472,0.49731523,148.02852,-17.885185,-16.691896,147.19826,-4.5132065,1.4521493,109.045105,-16.315937,-17.478743,108.69723,-7.14262,-0.43423727,72.94686,-17.548508,-21.30212,72.882454,-13.16206
3.6663737,209.34267,10.9977045,7.2042584,212.1116,8.425866,0.9123195,213.75117,9.968346,9.510901,211.99467,-1.7757632,-5.9623365,215.52293,2.6741545,5.798454,201.58443,-18.803005,-16.823027,200.63464,5.258812,21.796593,189.32819,-2.751728,-5.0618806,190.22095,27.233095,16.827158,198.9277,17.06523,15.702647,199.19926,17.667957,0.42234063,147.86197,-17.801905,-16.686113,147.17621,-4.472674,1.6957527,109.00759,-16.15946,-17.56252,108.61775,-7.0234947,-0.2556451,72.92293,-17.418325,-21.185276,72.749466,-13.084808
3.661162,209.26192,10.919793,7.236217,212.03732,8.400934,0.9149693,213.6658,9.829289,9.4433,211.96408,-1.8473254,-6.0558567,215.37453,2.6485226,5.681625,201.51193,-18.821152,-16.883635,200.72743,5.355759,21.706516,189.08539,-2.895941,-5.035165,190.2616,27.277067,16.771902,198.70941,16.948559,15.654172,199.10318,17.506119,0.4070193,147.82066,-17.680576,-16.669909,147.15662,-4.3452096,1.8363134,109.03716,-16.064825,-17.51405,108.6317,-6.9278135,-0.12638836,72.91673,-17.358742,-21.028194,72.74941,-12.94446
3.6911736,209.2706,10.917341,7.2475986,212.06161,8.398076,0.89793116,213.62538,9.757494,9.480439,211.9225,-1.8703356,-6.0617595,215.30312,2.6095984,5.57578,201.46095,-18.84529,-16.944971,200.7558,5.299132,21.605001,189.0201,-3.0092483,-5.246736,190.23032,27.243956,16.689425,198.50504,16.91225,15.44236,198.84412,17.319056,0.4333794,147.8561,-17.58066,-16.55812,147.18921,-4.181014,1.9219947,108.98438,-15.948447,-17.389687,108.646736,-6.8795447,0.049541548,72.88411,-17.35369,-20.833353,72.75638,-12.788675
3.6973596,209.2668,10.922806,7.2822714,212.03484,8.415018,0.92404187,213.61656,9.705337,9.467183,211.93329,-1.87498,-6.036356,215.34538,2.65208,5.447,201.45105,-18.91536,-17.028688,200.69669,5.251687,21.463495,188.88829,-3.1362507,-5.506776,190.15305,27.235134,16.713743,198.20525,16.868816,15.209258,198.48936,17.071695,0.49440315,147.8313,-17.53814,-16.478968,147.17444,-4.004458,1.9446067,108.98099,-15.9187355,-17.217972,108.57539,-6.731994,0.2939537,72.92587,-17.33529,-20.668558,72.70638,-12.667367
3.7338078,209.28253,10.8938675,7.312967,212.0476,8.370605,0.9604196,213.62895,9.669182,9.454118,211.88464,-1.9242156,-6.0416913,215.33134,2.649231,5.3497467,201.42601,-18.965395,-17.06455,200.69789,5.2769003,21.319357,188.79881,-3.2493591,-5.749133,190.13509,27.28162,16.955816,197.99544,16.941208,14.990691,198.16522,16.943592,0.536073,147.90363,-17.493443,-16.443356,147.12967,-3.9341638,1.9085743,109.02303,-15.980729,-17.12404,108.53129,-6.5549903,0.44264674,72.89939,-17.340652,-20.541445,72.62485,-12.583261
3.7215333,209.29681,10.834543,7.2834196,212.07701,8.299301,0.93318224,213.64009,9.620317,9.458369,211.90779,-1.9578053,-6.0471773,215.393,2.5800161,5.2200837,201.34998,-19.06714,-17.144594,200.69061,5.3374887,21.167841,188.73653,-3.3126738,-5.8076067,190.18665,27.334707,17.221352,197.706,17.15844,14.951132,198.03688,16.980225,0.42977893,147.87683,-17.504606,-16.418968,147.15575,-3.8474793,1.9746581,108.96883,-16.039724,-17.081003,108.572365,-6.4730406,0.6036083,72.83936,-17.359383,-20.465609,72.70636,-12.583187
3.6464095,209.28378,10.755293,7.2022324,212.11842,8.26648,0.8235339,213.604,9.561288,9.464181,211.93813,-1.966823,-6.0841866,215.40286,2.4964535,5.086422,201.33467,-19.115988,-17.264484,200.70892,5.326159,21.024317,188.68091,-3.4099717,-5.891535,190.25092,27.354097,17.420504,197.55594,17.249367,15.070202,198.05779,17.16708,0.42454207,147.86023,-17.535152,-16.413462,147.16711,-3.8318005,2.049736,108.96031,-16.016499,-17.011717,108.525024,-6.4277563,0.7148725,72.81062,-17.276707,-20.261566,72.603195,-12.595522
3.589669,209.33047,10.761388,7.1349325,212.08867,8.18155,0.78358305,213.6531,9.533825,9.411428,211.97708,-1.9556445,-6.128075,215.40227,2.4489882,5.052151,201.34013,-19.203842,-17.2335,200.72906,5.320896,20.961372,188.76784,-3.4482608,-6.0903716,190.31873,27.358881,17.508747,197.4423,17.305218,15.031677,198.0335,17.295837,0.43763477,147.90648,-17.524103,-16.431726,147.18808,-3.8130379,2.1495488,108.97623,-15.977971,-16.951538,108.532906,-6.411965,0.8090481,72.84555,-17.254747,-20.03458,72.59534,-12.61701
3.50564,209.28947,10.759875,7.099593,212.0445,8.244518,0.7456837,213.65062,9.539892,9.444876,211.88951,-1.9396127,-6.0772305,215.50409,2.3926666,5.028823,201.34666,-19.259071,-17.330385,200.80704,5.2379327,20.909204,188.79984,-3.4881744,-6.2462883,190.30608,27.330412,17.54878,197.35762,17.334553,14.977859,197.90344,17.33715,0.51666164,147.90906,-17.51423,-16.498068,147.15663,-3.7982402,2.2796476,108.99712,-15.909383,-16.881872,108.51396,-6.3761177,0.8895756,72.884186,-17.262856,-19.9125,72.63036,-12.629315
3.4463856,209.3047,10.771003,7.0213146,211.99324,8.157338,0.7061805,213.67172,9.547242,9.414982,211.83295,-1.9273336,-6.1364946,215.46188,2.3375435,5.02104,201.4357,-19.34392,-17.390688,200.88405,5.1808023,20.820263,188.8371,-3.492065,-6.4017863,190.34367,27.35214,17.542318,197.44101,17.34435,14.869423,197.75911,17.335625,0.5396819,147.90565,-17.496174,-16.44849,147.16049,-3.678391,2.4555616,109.04551,-15.856375,-16.740206,108.58367,-6.3474,1.0618719,72.93192,-17.300085,-19.781359,72.66001,-12.584303
3.3890955,209.24149,10.738992,6.9451566,211.94293,8.110883,0.65700346,213.63486,9.585236,9.42525,211.86699,-1.9247609,-6.152573,215.4432,2.2917533,4.9684014,201.37556,-19.398752,-17.475142,200.91711,5.1759863,20.83627,188.81389,-3.532073,-6.5584035,190.3729,27.366976,17.579702,197.4186,17.316875,14.678995,197.68817,17.351255,0.5650557,147.91891,-17.470741,-16.381807,147.186,-3.6297295,2.619134,109.09285,-15.782382,-16.627407,108.67288,-6.353968,1.1206181,72.89778,-17.266293,-19.589354,72.77555,-12.579254
3.3392608,209.22594,10.711812,6.9453506,211.87585,8.096997,0.6720208,213.65247,9.525185,9.409991,211.82988,-1.9185255,-6.146795,215.43681,2.2408297,4.94671,201.3459,-19.405373,-17.553669,200.88182,5.1591244,20.882156,188.90434,-3.5298033,-6.6816297,190.3641,27.36369,17.686634,197.42694,17.39027,14.434985,197.65512,17.200695,0.5993402,147.90228,-17.420725,-16.38872,147.18295,-3.6364439,2.6838477,109.13779,-15.677593,-16.59682,108.66269,-6.3452697,1.2348164,72.92619,-17.247828,-19.46748,72.76816,-12.507043
3.3293178,209.21477,10.690007,6.9356775,211.86418,8.0776415,0.6663844,213.64333,9.513275,9.397377,211.81471,-1.9623793,-6.1545544,215.45366,2.2405438,4.857626,201.34494,-19.350502,-17.625132,200.82898,5.068944,20.82514,188.96848,-3.4799056,-6.7253017,190.46704,27.365883,17.669607,197.46107,17.440517,14.411514,197.68651,17.261604,0.61211866,147.94232,-17.441591,-16.423105,147.20822,-3.66119,2.7255456,109.096565,-15.653482,-16.48132,108.62993,-6.3612847,1.3497875,72.87363,-17.228888,-19.370684,72.7166,-12.519196
3.339669,209.20816,10.685718,6.9400525,211.88,8.090742,0.63775957,213.59846,9.480407,9.415144,211.85991,-1.9707762,-6.1564727,215.45287,2.2231252,4.7956915,201.31256,-19.301142,-17.73349,200.76398,5.036,20.715534,188.98677,-3.410122,-6.8520126,190.46542,27.345842,17.618126,197.54356,17.490437,14.29686,197.71074,17.263803,0.65878826,147.99896,-17.419975,-16.42531,147.22116,-3.7150078,2.7427475,109.1083,-15.611619,-16.350513,108.61022,-6.40097,1.5573976,72.9295,-17.249615,-19.199972,72.6737,-12.536848
3.382107,209.22675,10.735182,6.97742,211.84947,8.080623,0.6821538,213.60175,9.457083,9.401593,211.91385,-1.9085697,-6.161,215.43196,2.2671516,4.7280436,201.39354,-19.320425,-17.81831,200.7481,4.9849496,20.656122,189.05418,-3.437081,-6.8557715,190.36768,27.267996,17.366247,197.34459,17.502686,14.171124,197.71556,17.2301,0.6877101,148.0099,-17.421726,-16.32046,147.25662,-3.6495798,2.7535825,109.131485,-15.589875,-16.225101,108.64486,-6.3073854,1.5991241,72.95104,-17.307,-19.024586,72.71956,-12.58413
3.3553474,209.33197,10.759731,6.907405,211.93643,8.039681,0.61465764,213.67592,9.444755,9.408304,211.87823,-1.9135908,-6.178202,215.40675,2.2091558,4.7395096,201.46538,-19.334764,-17.78216,200.79083,4.9780803,20.625296,189.13258,-3.386916,-6.9526105,190.2659,27.22696,17.160713,197.35066,17.542757,13.973022,197.77017,17.212029,0.70464176,148.0133,-17.405457,-16.239784,147.26228,-3.6705215,2.9032698,109.115776,-15.547969,-16.109959,108.60778,-6.2568893,1.6920643,72.89609,-17.27924,-18.821516,72.68975,-12.617801
3.3087008,209.34274,10.758562,6.84481,211.95988,8.025676,0.53277034,213.6423,9.388959,9.399722,211.91278,-1.8771553,-6.1978765,215.48763,2.232986,4.7648444,201.49757,-19.313208,-17.746168,200.81242,4.9616814,20.588036,189.171,-3.2757878,-6.997387,189.95026,27.098072,17.036612,197.43057,17.610706,13.753909,197.89754,17.08791,0.7177134,147.97134,-17.370756,-16.17313,147.19565,-3.6261995,3.059438,109.091095,-15.485973,-16.018393,108.55249,-6.248186,1.781473,72.88811,-17.250816,-18.655071,72.67796,-12.716469
3.1694295,209.3418,10.719179,6.7745676,211.93115,8.0507,0.48308358,213.71104,9.387219,9.374849,211.89038,-1.8748487,-6.2077694,215.61137,2.1924863,4.823109,201.5259,-19.29251,-17.716442,200.87074,4.9353356,20.468042,189.18723,-3.1329134,-7.077419,189.79219,27.000322,16.916704,197.50662,17.701433,13.691748,197.87291,17.13276,0.77531844,147.98668,-17.295023,-16.144838,147.19003,-3.6288884,3.1940258,109.05839,-15.572243,-15.878868,108.55417,-6.2761974,1.9518551,72.93858,-17.301678,-18.597395,72.70572,-12.745133
3.1276047,209.35213,10.694356,6.8117485,211.92473,8.113643,0.50699264,213.75081,9.32578,9.303689,211.82742,-1.9218364,-6.2240686,215.63255,2.1467872,4.859265,201.5933,-19.294909,-17.807264,200.89702,4.912979,20.361141,189.1667,-3.082221,-7.0790753,189.6982,26.893795,16.791998,197.53552,17.767475,13.869968,198.0392,17.448507,0.87392414,147.96384,-17.256891,-16.167187,147.12251,-3.606444,3.2071433,109.0649,-15.660804,-15.831555,108.56598,-6.2744384,2.0568814,72.91287,-17.419989,-18.661205,72.70643,-12.7857895
3.1544511,209.38626,10.728494,6.8483233,211.91144,8.119324,0.53164726,213.74733,9.258172,9.297736,211.83846,-1.920691,-6.244535,215.62798,2.174583,4.8439226,201.62039,-19.276775,-17.825706,200.87984,4.883155,20.231876,189.16411,-3.0399249,-7.1496587,189.64513,26.877325,16.638065,197.4797,17.779501,13.820542,198.06656,17.619635,0.9624827,147.9846,-17.287966,-16.133888,147.11945,-3.58691,3.2100894,109.05966,-15.730254,-15.734248,108.565544,-6.302809,2.1753337,72.813934,-17.435732,-18.626434,72.67334,-12.859128
3.1639473,209.33731,10.7452,6.8487377,211.87578,8.128984,0.52877367,213.69429,9.268387,9.331899,211.84962,-1.8860285,-6.2190104,215.56886,2.1513655,4.8568487,201.58217,-19.308723,-17.847599,200.85509,4.845813,20.255596,189.16237,-3.0794234,-7.2251577,189.61197,26.91571,16.442734,197.41707,17.774704,13.582811,197.95985,17.62949,1.0723594,147.9984,-17.290707,-16.10574,147.1795,-3.625968,3.2466931,109.08076,-15.703281,-15.675797,108.56869,-6.33794,2.270726,72.79599,-17.358673,-18.52782,72.67383,-12.868909
3.1387744,209.37396,10.776466,6.7874203,211.93297,8.140822,0.47068486,213.72638,9.352453,9.337349,211.89151,-1.8160987,-6.2260075,215.62169,2.166258,4.83063,201.57649,-19.316368,-17.845276,200.8142,4.8044686,20.305756,189.12344,-3.1811059,-7.4081273,189.57248,26.9272,16.3667,197.30006,17.681702,13.421717,197.98654,17.64131,1.033647,148.01753,-17.31423,-16.08269,147.25542,-3.613045,3.4151652,109.08293,-15.601325,-15.505546,108.62471,-6.373438,2.3596108,72.79536,-17.326967,-18.399809,72.64741,-12.948106
3.078706,209.36229,10.76732,6.709139,211.96837,8.145834,0.40217832,213.73431,9.422378,9.314854,211.93805,-1.7775365,-6.277032,215.5883,2.1344802,4.768964,201.56134,-19.359234,-17.799303,200.85364,4.7743764,20.309174,189.07532,-3.3298724,-7.5570607,189.52267,26.889061,16.291437,197.08682,17.570152,13.443316,197.99593,17.818861,1.0045867,148.05786,-17.25024,-16.056711,147.292,-3.563493,3.5185933,109.14252,-15.541948,-15.393038,108.61866,-6.340873,2.490407,72.83532,-17.354568,-18.248209,72.6755,-13.004697
2.9656363,209.37723,10.763723,6.6011353,211.98196,8.148242,0.3030302,213.76521,9.439342,9.32061,211.91664,-1.7393667,-6.280506,215.63419,2.073042,4.762644,201.48973,-19.496326,-17.745134,200.83232,4.772248,20.39812,189.04408,-3.5110073,-7.7530713,189.58453,27.01448,16.28556,196.97133,17.418274,13.207427,197.86023,17.842022,1.0242757,148.02988,-17.134556,-15.9899235,147.25319,-3.5032048,3.589068,109.190056,-15.570651,-15.2721615,108.62521,-6.329264,2.685835,72.92132,-17.296535,-18.102547,72.717926,-12.89046
2.7825422,209.42412,10.792531,6.5018945,212.0192,8.29569,0.16634533,213.80887,9.388085,9.317081,211.92496,-1.6754718,-6.3120565,215.70024,1.9659815,4.798026,201.40782,-19.570385,-17.732641,200.81859,4.772894,20.50129,189.04294,-3.7288432,-7.860367,189.66582,27.15342,16.295177,196.73102,17.286127,12.963695,197.71825,17.728926,1.125814,148.12122,-17.048548,-15.884785,147.2663,-3.4369452,3.7242525,109.249985,-15.553034,-15.167752,108.65682,-6.248696,2.766954,72.937126,-17.281845,-17.985468,72.653244,-12.839884
2.5807495,209.45148,10.768467,6.3079243,212.08904,8.330482,-0.052295845,213.83235,9.376395,9.230284,211.88188,-1.641097,-6.3887367,215.77464,1.8493646,4.779953,201.43195,-19.589157,-17.86143,200.77559,4.7018466,20.601543,189.12164,-3.8832493,-7.831591,189.76668,27.131767,16.332344,196.58752,17.227703,13.260291,197.68834,18.029535,1.1869991,148.12585,-17.000338,-15.7995615,147.2693,-3.4313033,3.823494,109.23244,-15.538453,-15.139029,108.66127,-6.231898,2.844894,72.92837,-17.29554,-17.875834,72.694954,-12.804525
2.4748456,209.47987,10.783919,6.251032,212.12758,8.431989,-0.121939205,213.8757,9.368114,9.191131,211.90111,-1.6057347,-6.4473166,215.78253,1.7837424,4.780787,201.49155,-19.59193,-17.927233,200.81151,4.567734,20.551638,189.10326,-3.841446,-7.7879453,189.82037,26.965782,16.272104,196.51614,17.276966,13.522892,197.72,18.174738,1.2480079,148.1378,-17.021278,-15.778876,147.30614,-3.4034278,3.911264,109.25343,-15.524117,-15.157719,108.69551,-6.175156,2.8398197,72.99001,-17.337778,-17.822493,72.73045,-12.852115
2.415085,209.44043,10.740807,6.203008,212.10287,8.418765,-0.17369165,213.83871,9.32247,9.134955,211.89659,-1.6353302,-6.514746,215.75644,1.7512047,4.8101788,201.51582,-19.599453,-17.96685,200.86061,4.557309,20.502626,189.05444,-3.7577517,-7.821932,189.77055,26.912165,16.199364,196.424,17.310795,13.551978,197.44638,18.234938,1.3805413,148.13885,-16.987041,-15.727303,147.27586,-3.368448,4.0229664,109.20524,-15.515146,-15.152116,108.72656,-6.1628017,2.871214,72.949234,-17.375727,-17.735281,72.754776,-12.846755
2.4312513,209.47295,10.746519,6.1918964,212.13676,8.3933325,-0.20030531,213.8369,9.294887,9.178696,211.97226,-1.5992819,-6.501839,215.78922,1.7391565,4.863869,201.49129,-19.639982,-18.019917,200.92268,4.5772333,20.50571,189.04662,-3.771657,-8.028293,189.64612,26.892355,16.11338,196.32372,17.287642,13.307193,197.11337,18.175308,1.4985437,148.10402,-16.936754,-15.663603,147.26259,-3.3219697,4.1903586,109.18657,-15.457846,-15.167614,108.68825,-6.145078,2.9960506,72.99295,-17.400097,-17.695377,72.71738,-12.833767
2.405888,209.56038,10.792263,6.1353106,212.21231,8.376102,-0.23942606,213.92789,9.374716,9.172121,212.06139,-1.538039,-6.5332603,215.79704,1.741758,4.993669,201.45694,-19.679281,-18.014956,200.95723,4.600949,20.676561,188.91722,-3.8737867,-8.4722,189.40721,26.87965,15.9301195,196.09496,17.114965,13.115485,196.71983,18.271778,1.6357822,148.08696,-16.92286,-15.626613,147.22977,-3.359198,4.3843045,109.18595,-15.367633,-15.104675,108.61867,-6.1873055,3.1643827,72.957596,-17.378935,-17.622496,72.66977,-12.845142
2.4282146,209.64178,10.83105,6.151669,212.3404,8.450454,-0.22552054,214.01846,9.4528265,9.188192,212.15149,-1.4866359,-6.525398,215.84981,1.778602,5.115078,201.57433,-19.64206,-17.980022,201.07745,4.657251,20.801779,188.76163,-4.161654,-8.939938,189.19385,26.915674,15.474212,195.69167,16.630875,12.735269,196.11568,18.208195,1.8786341,147.94456,-16.809782,-15.528609,147.19789,-3.3753145,4.5326405,109.162895,-15.205732,-14.900339,108.631615,-6.1209993,3.2697012,72.85718,-17.336542,-17.475563,72.594345,-12.786208
2.5231109,209.77954,10.919123,6.189665,212.46861,8.432533,-0.16827731,214.13708,9.554281,9.219485,212.26263,-1.412211,-6.5148106,215.88448,1.8841174,5.1002674,201.64632,-19.623848,-17.96789,201.1398,4.732632,20.915945,188.56296,-4.6109295,-9.459416,188.87045,26.877922,15.21239,195.10965,16.25633,12.344084,195.39346,18.19077,2.0947783,147.86768,-16.689638,-15.434085,147.16586,-3.3953488,4.706599,109.12698,-15.028748,-14.774563,108.53441,-6.138684,3.4177742,72.91098,-17.242065,-17.405058,72.568405,-12.706237
2.5677502,210.01044,10.99768,6.178333,212.66183,8.399837,-0.17987879,214.3193,9.590875,9.163818,212.43367,-1.4094872,-6.5829563,215.90671,1.9547313,5.1803174,201.66928,-19.537857,-18.082514,201.1319,4.7960176,21.200087,188.25995,-4.998804,-9.681738,188.43994,26.781744,14.978039,194.2719,15.927292,12.154282,194.62447,17.998446,2.2374573,147.79843,-16.522085,-15.365931,147.09566,-3.3787324,4.837672,109.1356,-14.903934,-14.762515,108.54322,-6.0305614,3.4836452,73.01292,-17.097548,-17.325869,72.65915,-12.567614
2.5072422,210.20853,11.00024,6.098841,212.91501,8.425089,-0.24996471,214.53714,9.67458,9.063896,212.62373,-1.409766,-6.741921,216.03317,1.9887439,5.3264184,201.67712,-19.35861,-18.100395,201.1157,4.95585,21.55317,188.02606,-5.1870036,-9.652603,187.85095,26.686,14.670777,193.34514,15.716312,12.033893,193.71602,17.247053,2.344,147.76944,-16.363968,-15.29682,147.11763,-3.3566437,4.868317,109.15193,-14.768005,-14.660252,108.56272,-5.8938785,3.5554492,73.02443,-16.953896,-17.320047,72.69205,-12.402098
2.3660212,210.43532,11.054807,5.9841576,213.12462,8.489718,-0.3604683,214.78084,9.713623,8.947223,212.80197,-1.3562608,-6.8850513,216.10654,1.9689409,5.496121,201.64291,-19.207445,-18.009455,201.06061,5.100273,21.790634,187.60329,-5.2960057,-9.441432,187.28493,26.577915,14.301181,192.54105,15.521512,12.208237,192.92047,16.478361,2.4007392,147.77797,-16.21885,-15.310454,147.12386,-3.2902339,4.8448133,109.07611,-14.6358385,-14.643939,108.6492,-5.8726783,3.6624317,73.030914,-16.799677,-17.35076,72.70601,-12.22816
2.3218317,210.66327,11.085348,5.945199,213.31076,8.497133,-0.38913682,215.01802,9.7444725,8.845636,212.89104,-1.4021512,-6.9880934,216.2784,2.0076067,5.6372576,201.55325,-19.083515,-17.915075,200.97038,5.1959777,22.059559,187.28122,-5.2929907,-9.535655,186.88376,26.48967,13.777116,191.80043,15.455367,12.124806,191.79309,15.877431,2.496133,147.83919,-16.166876,-15.264331,147.09645,-3.1800735,4.834236,109.10647,-14.514382,-14.610212,108.59885,-5.772442,3.804585,72.99336,-16.751759,-17.143856,72.66412,-12.188817
