x0,y0,z0,x1,y1,z1,x2,y2,z2,x3,y3,z3,x4,y4,z4,x5,y5,z5,x6,y6,z6,x7,y7,z7,x8,y8,z8,x9,y9,z9,x10,y10,z10,x11,y11,z11,x12,y12,z12,x13,y13,z13,x14,y14,z14,x15,y15,z15,x16,y16,z16
26.04976,131.813,23.382692,30.733301,133.73895,23.586315,24.934374,136.47923,24.259962,36.087162,138.47813,14.726153,20.692036,143.01294,16.914019,32.81067,125.61434,-2.3244174,8.721799,143.56369,5.974519,28.50172,97.7442,-5.145845,-18.324867,139.61014,7.19816,27.008463,70.63859,-5.8749285,-41.204372,131.54716,16.136875,-1.4041295,105.11962,-26.991676,-15.104712,113.93455,-27.766018,-25.505674,88.35957,-1.7022371,-36.307648,93.48136,-0.85056305,-46.35938,69.494514,-23.656404,-51.328506,76.9281,-37.866608
26.016325,132.17825,22.863451,30.691004,134.1286,23.142368,24.865927,136.87363,23.50195,36.212654,138.35619,14.074161,21.029583,143.49722,16.259542,32.742435,125.508896,-2.695752,8.970896,143.79675,5.526661,28.562466,97.677284,-5.6514087,-18.200277,140.95647,7.0076704,26.709478,70.65717,-6.269659,-41.40174,134.09706,16.08445,-1.6675472,104.36007,-27.289825,-15.165044,113.767845,-27.101252,-24.790625,88.62755,-0.5275586,-36.799137,94.83432,0.31087878,-45.372154,69.56554,-23.29918,-52.404247,76.95002,-35.9365
26.08758,133.05095,22.10601,30.805517,134.8912,22.317833,25.047249,137.75627,22.80704,36.595543,138.46797,13.236481,21.88521,144.61246,15.306866,32.495758,125.444145,-2.9659016,9.333355,144.21077,4.7278585,28.655447,97.306854,-6.3236995,-17.958448,142.9777,6.323079,26.162682,70.51403,-6.8201933,-41.71263,138.22647,15.552436,-2.0952623,103.69714,-27.137531,-15.57626,113.884964,-26.759764,-24.261555,88.22542,0.43370962,-36.75473,97.38889,2.3930118,-44.01239,70.45506,-22.69269,-54.697063,76.56694,-32.504547
26.383547,134.15463,21.301071,31.120928,135.94273,21.539938,25.393099,138.89082,21.837524,37.024036,139.26103,12.319413,22.397116,145.67819,14.206482,32.2557,125.62149,-3.2079139,9.378648,144.91005,3.70045,28.286053,97.5614,-6.836323,-17.80773,145.20981,5.5509324,25.765858,70.642334,-7.291213,-41.587257,143.08469,15.367931,-2.740648,103.27845,-27.010262,-16.132912,113.98887,-26.408594,-23.58058,87.612885,1.7278703,-37.03376,99.935425,4.0814824,-43.319035,70.54285,-22.056904,-55.803062,76.398506,-28.821886
26.504887,135.19304,20.475338,31.277855,136.89856,20.606194,25.605312,139.97371,20.647608,37.107185,139.41054,11.116861,22.675104,146.40524,12.791102,32.196606,125.302025,-4.1842318,9.586274,145.40259,2.5079188,28.536594,97.13864,-7.711241,-17.564249,147.63744,5.254126,25.486044,70.45462,-8.087269,-41.36749,147.84802,15.256906,-3.3653412,102.582634,-26.743166,-16.597673,113.76194,-25.94877,-22.386307,87.25157,3.1486986,-36.89459,102.82884,6.2321677,-44.724094,71.73934,-19.610428,-56.07612,76.31053,-25.751814
26.526617,136.12276,19.534882,31.340246,137.70761,19.535526,25.745188,140.92766,19.4472,37.13327,139.86371,9.917055,22.767128,147.02599,11.389881,31.943668,125.24032,-4.4502673,9.584166,146.09805,1.0520984,28.3495,97.087456,-8.4768,-17.27357,150.02136,4.5260377,25.107315,70.47007,-8.879903,-40.425053,152.33105,15.655318,-4.098571,102.06022,-26.631392,-17.141401,114.22316,-25.368376,-20.771828,86.933815,4.5039372,-37.329067,105.01745,7.8011074,-45.857746,70.76743,-15.558167,-55.599865,75.91516,-23.998138
26.54954,136.9268,18.382488,31.338427,138.58955,18.226269,25.694313,141.70958,17.999617,37.00424,140.42326,8.520448,22.482933,147.40326,9.956651,31.462255,125.02623,-5.2706428,9.23556,146.65959,-0.67002064,27.861774,96.96596,-9.286814,-17.222004,152.36409,3.1483254,24.194857,70.37606,-9.619572,-39.388157,156.55925,15.483903,-5.0422454,101.66075,-26.048002,-18.002426,114.21738,-24.818977,-18.300304,86.49103,6.22154,-37.360626,107.70234,9.691347,-46.260902,70.45212,-9.48572,-54.247234,76.58078,-22.430841
26.107714,137.73788,17.156752,30.905535,139.37363,17.038866,25.280275,142.52567,16.811121,36.58204,141.01532,7.265485,22.19911,148.15642,8.465755,30.624817,125.022156,-5.962979,8.606895,147.22021,-2.0630445,26.789032,97.13172,-10.071539,-17.249517,154.82736,2.2071989,23.072983,70.523315,-10.279227,-38.197273,161.04977,15.8288355,-5.9988832,101.69228,-25.61192,-18.935135,114.15291,-24.032848,-15.542672,85.59902,7.2929134,-37.668015,109.537384,11.358176,-45.08251,70.13183,-3.9031253,-51.494396,77.63819,-21.500422
25.438835,138.5488,15.795899,30.248466,140.15388,15.76691,24.637402,143.34674,15.544535,35.923958,141.5664,5.830816,21.57743,148.83911,6.937678,29.81563,125.09887,-6.7270336,8.000102,147.66942,-3.3669908,25.843199,97.22523,-10.895425,-17.26734,156.90219,1.4173037,22.121462,70.67201,-10.983858,-36.591618,165.19627,16.32593,-6.899105,101.31522,-24.900778,-19.83152,113.56909,-23.257238,-12.742923,85.223595,8.540312,-38.264378,110.54241,12.993912,-43.992207,70.29513,0.83903617,-48.017395,77.9754,-19.861006
25.035868,139.44556,14.599813,29.845879,141.03743,14.520583,24.242973,144.24338,14.303826,35.408455,142.09196,4.356649,21.11968,149.38467,5.3958116,29.189165,125.10966,-7.6202173,7.5683756,147.96031,-4.4992847,25.235933,97.35384,-11.837598,-16.86945,158.48282,0.7661682,21.36838,71.0533,-11.628215,-34.371017,168.44696,16.909668,-7.3569403,100.97268,-24.141031,-20.618912,112.926674,-22.352983,-11.898867,84.46309,9.847285,-38.854713,111.064804,14.301466,-43.12067,70.95757,4.800626,-45.924137,77.82764,-17.722569
24.579115,140.17397,13.433857,29.365896,141.8409,13.3170395,23.719528,144.95381,13.034393,34.878536,142.47827,2.9789727,20.672745,149.92036,4.030595,28.4092,124.96062,-8.417591,6.9427032,148.21834,-5.3904634,24.377535,97.31596,-12.487181,-16.787786,160.01625,0.28074336,20.387266,70.9185,-12.395768,-31.87181,171.41954,17.609623,-7.768967,100.21029,-23.113504,-21.10746,111.84014,-21.374277,-9.772947,83.74208,11.293179,-40.01137,111.44494,15.156665,-42.835278,70.452774,7.0355344,-43.176907,77.76425,-14.991817
24.237183,140.74228,12.417849,29.026157,142.38431,12.11107,23.38712,145.52637,12.02743,34.52625,142.87808,1.9044443,20.297363,150.29567,2.8494596,27.94889,124.97598,-9.366193,6.352831,148.29234,-6.241256,23.948048,97.38142,-13.148668,-16.51624,161.31778,-0.139929,19.844675,71.23566,-12.836159,-28.947422,174.05705,18.4238,-7.932949,99.45122,-22.12751,-21.389692,110.47778,-20.312195,-9.715938,83.04099,12.41266,-42.158913,112.42178,15.128969,-42.86599,70.63076,8.170365,-40.041374,76.936615,-11.274136
24.003408,141.2137,11.557645,28.77438,142.84627,11.048405,23.121672,145.96269,10.914758,34.038128,143.17838,0.79937285,19.807951,150.54913,1.8622143,27.45311,125.01796,-10.446954,5.63262,148.27428,-7.196171,23.396856,97.23952,-13.788349,-16.568338,162.22275,-0.47539032,19.136557,70.96288,-13.457678,-25.962427,176.09431,19.003471,-8.100018,98.55357,-21.440275,-21.791433,109.08882,-19.507332,-9.466181,82.96942,13.756552,-43.74297,111.52369,15.267551,-43.420765,70.49859,10.134723,-36.31255,75.90874,-8.032543
23.67466,141.76892,10.501872,28.445902,143.35638,9.838656,22.801521,146.48114,9.63546,33.47158,143.31105,-0.45916894,19.352581,150.88791,0.6076269,27.314562,124.66624,-11.428007,5.0052443,148.03693,-8.386755,22.9463,97.056854,-14.549705,-16.377756,162.87447,-0.8151016,18.560282,71.16763,-13.990812,-22.592531,177.80667,19.326225,-8.009166,97.535385,-20.61938,-22.147575,107.73759,-19.057247,-10.547638,83.99004,15.58172,-44.4621,109.140205,15.379194,-45.262375,71.15895,14.741361,-32.173492,74.82296,-6.3059382
23.706474,142.12904,9.156513,28.409184,143.83066,8.345473,22.69336,146.84402,8.435113,33.27757,143.77402,-2.105761,19.061213,151.07732,-0.6739808,27.255405,124.59912,-12.506011,4.445134,147.91998,-9.452538,22.770992,96.93848,-15.5813,-16.004568,163.61464,-0.9458898,18.185307,70.815025,-14.872241,-19.0283,179.13295,19.504875,-7.472516,96.56747,-19.892132,-22.334381,106.79445,-18.74801,-12.065831,85.43407,17.086342,-46.566925,108.63248,14.50439,-47.034565,71.94677,22.225592,-29.29755,74.713486,-4.4804344
23.494143,142.50255,7.954552,28.17005,144.23228,7.0671697,22.428026,147.18744,7.1546707,32.89116,144.05771,-3.480278,18.579807,151.17313,-2.0103111,27.097355,124.64568,-13.308948,3.9115357,147.61087,-10.598463,22.648466,96.889366,-16.486267,-15.468153,163.99513,-0.9249478,17.758327,71.043884,-15.562426,-15.453436,179.82886,19.436022,-7.407125,95.89647,-18.941864,-22.520899,105.61119,-18.29338,-13.412564,87.20732,18.706057,-48.267067,107.58385,13.696704,-46.39377,72.05835,29.016798,-28.055855,73.79786,-3.4250882
23.354336,142.81285,6.814554,27.999327,144.57097,5.8209033,22.22044,147.4545,5.8505964,32.61362,144.13466,-4.732699,18.203468,151.10402,-3.333761,27.010017,124.48424,-14.05153,3.4975288,147.32607,-11.541293,22.448006,96.73424,-17.087374,-14.969572,164.04147,-0.5354782,17.604559,71.03178,-16.130789,-11.442158,180.14864,19.320953,-7.1380544,95.17261,-17.7315,-22.62053,104.6733,-17.85196,-15.839119,88.35515,19.517113,-49.770943,107.75017,12.7036,-45.2943,72.49349,35.50772,-27.876627,73.93037,-2.5390584
23.292534,143.38467,5.9428787,27.880932,145.15869,4.730382,22.030066,147.9026,4.617791,32.31282,144.34383,-5.827317,17.848625,151.19273,-4.4481826,26.949038,124.40113,-14.644997,3.1787212,147.0006,-12.399832,22.501932,96.68325,-17.548433,-14.199539,163.97166,-0.071192145,17.730907,71.005554,-16.810472,-7.2437205,180.0072,18.933634,-6.9480133,94.88111,-17.06852,-23.256529,103.652725,-17.355236,-16.942057,89.75497,20.284382,-51.355766,107.4888,12.060892,-44.98968,73.68928,40.13922,-28.790268,74.1954,-0.53499866
22.998323,143.87987,5.112495,27.593405,145.60637,3.8550985,21.732288,148.29526,3.4871037,32.019962,144.66574,-6.6869164,17.495987,151.3233,-5.493902,26.82557,124.35182,-15.0891695,2.7878554,146.43477,-13.275248,22.555935,96.72382,-17.718987,-13.370154,163.52364,0.6638749,17.793526,70.647224,-17.38643,-3.3352334,179.32497,18.401281,-6.5901604,94.94908,-15.562761,-23.275066,103.05761,-17.0665,-18.410152,90.748474,21.494617,-52.679386,107.6053,11.084588,-44.357746,75.03174,43.143627,-29.784952,74.76122,1.037232
22.253231,144.35565,4.225589,26.836866,146.07103,2.914838,20.978233,148.7725,2.6026063,31.441118,144.80983,-7.4734726,16.855558,151.42084,-6.6453176,26.490458,124.375534,-15.345923,2.6763842,145.9834,-14.212696,22.459085,96.76432,-17.928064,-12.53958,162.73651,1.284303,17.999119,70.88521,-17.824621,0.18911825,178.26633,17.510473,-6.230722,95.22907,-13.988569,-23.224161,102.6216,-16.347315,-19.370878,92.47642,22.992702,-53.688347,107.44479,10.276053,-43.741356,75.945625,45.78495,-29.384123,75.03144,2.1744657
21.563915,144.82661,3.4741023,26.095222,146.51645,1.9603993,20.21258,149.17276,1.7219768,30.806896,144.88335,-8.24688,16.15282,151.46365,-7.6257334,26.187132,124.26978,-15.372584,2.3771336,145.70015,-15.361695,22.304153,96.59376,-17.940897,-11.476621,161.7796,2.0222507,17.740528,70.41858,-18.389063,3.4434028,176.89423,16.723738,-5.834071,95.54548,-12.342802,-23.16442,102.3148,-15.822652,-20.054794,94.84381,24.770845,-54.381557,107.34309,9.777483,-42.1913,76.29619,47.77348,-29.78102,74.825874,2.8780344
20.890085,145.1403,2.6945615,25.31039,147.05371,1.1190648,19.289385,149.3661,0.8523371,30.05258,145.11642,-9.045782,15.349268,151.52554,-8.489153,25.763338,124.147736,-15.319113,1.8325914,145.28656,-16.254143,21.8998,96.440926,-17.835197,-10.465086,160.76479,2.8462043,17.339062,70.30098,-18.776049,6.256457,175.55835,15.8391485,-5.9293056,96.435844,-10.432623,-23.203651,102.05484,-15.175637,-19.699108,98.11525,26.573004,-54.81466,106.97312,9.814865,-39.564358,76.38231,48.54718,-30.306787,74.364586,3.041333
19.96136,145.44945,2.1802075,24.35909,147.24022,0.40380397,18.344732,149.57397,0.14674203,29.132408,145.2535,-9.505509,14.424705,151.59671,-9.134588,25.284985,124.010216,-15.346888,1.0735701,144.87814,-16.93007,21.337463,96.40093,-17.658558,-9.408055,159.70886,3.8148344,16.881544,70.28032,-18.968437,8.895804,174.05124,14.972492,-6.1445174,96.91624,-8.867892,-23.339918,101.63215,-14.330697,-19.496006,101.89333,27.87393,-54.75427,106.28533,10.505329,-36.061993,76.581635,48.417797,-30.490908,74.07264,2.4275012
19.157091,145.50131,1.7613367,23.470196,147.40903,-0.10509761,17.395027,149.59064,-0.23065323,28.390362,145.48344,-9.907527,13.56473,151.66801,-9.46399,24.548197,124.222694,-15.23372,0.41148373,144.53468,-17.582,20.876387,96.56873,-17.398232,-8.2330475,158.57599,4.6355247,16.502516,70.3463,-18.99281,11.324084,172.46169,14.342902,-6.465572,97.17618,-7.469711,-23.574549,101.31965,-13.1809225,-19.6373,105.92426,28.930418,-55.198048,105.543755,11.63857,-32.258278,76.670235,47.15958,-30.273287,74.12472,1.0963304
18.412941,145.78185,1.4373237,22.667858,147.86058,-0.37098333,16.517296,149.82185,-0.5214211,27.669615,145.81323,-10.232343,12.783734,151.90443,-9.794239,23.868542,124.47665,-15.197281,-0.29840893,144.30872,-17.86957,20.275322,96.72627,-17.017706,-7.075413,157.53926,5.551953,16.167593,70.411644,-19.006456,13.414032,170.95566,13.792704,-6.6213036,97.89859,-5.5069957,-23.890919,100.9162,-11.671305,-20.18525,109.37676,30.18391,-55.720158,104.69995,12.804815,-28.232481,76.496544,44.462254,-29.752998,74.07169,-1.044662
17.802254,146.3134,1.2794137,22.007448,148.59177,-0.40505123,15.78137,150.26944,-0.7278553,26.94667,146.06755,-10.454338,12.042452,152.03343,-10.080217,23.383104,124.458466,-15.128713,-0.8009992,144.07199,-18.006706,19.680279,96.67816,-16.87927,-5.8456483,156.60431,6.404443,15.916287,70.355705,-18.849766,15.421508,169.4222,13.187158,-6.88815,98.21747,-3.6503217,-24.201555,100.96645,-10.315835,-20.418207,111.731865,31.182323,-56.127632,104.09285,14.029331,-25.076437,76.24671,40.81229,-29.622744,74.268364,-2.3968816
17.208857,146.77258,1.2016778,21.369825,149.05792,-0.5756066,15.12299,150.65579,-0.89042485,26.350044,146.31964,-10.545598,11.3922415,152.11656,-10.281719,22.823229,124.55437,-15.049278,-1.1689056,143.87361,-17.931578,19.207712,96.641174,-16.624676,-4.795612,155.67369,7.222807,15.55322,70.32977,-18.634018,17.191626,167.95108,12.524874,-7.407098,98.33181,-2.1481228,-24.464958,101.198586,-8.964196,-20.52817,113.36143,32.178593,-56.741844,103.531654,15.077995,-21.543886,76.50525,37.116158,-29.569273,74.76729,-3.6768892
16.791018,147.0378,0.9968992,20.89303,149.39204,-0.822367,14.612474,150.8576,-1.1107863,25.948008,146.53383,-10.745169,10.9136305,152.20462,-10.559279,22.313778,124.35032,-14.74215,-1.5986403,143.59271,-17.894884,18.684597,96.46299,-16.425598,-4.041215,154.72267,7.631859,15.23867,70.19688,-18.519829,18.373396,166.60516,11.917673,-7.908312,98.123795,-0.860566,-24.621319,101.83322,-7.498127,-20.512972,114.11278,33.019657,-57.362213,102.91552,16.191015,-17.478127,77.289116,33.19374,-30.245802,75.49051,-3.7720904
16.369034,147.13828,0.790361,20.534685,149.35858,-1.048108,14.312609,151.08177,-1.2087795,25.341883,146.57645,-11.100654,10.352789,152.20207,-10.72079,21.710987,124.46251,-14.423374,-2.00426,143.43858,-18.04078,18.199432,96.397705,-16.492964,-3.5078495,153.91608,7.8505383,14.899132,70.18111,-18.604252,19.366278,165.25008,11.331331,-8.204757,98.0881,0.49864924,-24.595976,102.618996,-5.966413,-20.67989,114.089645,34.23177,-57.897743,102.17719,17.431622,-13.255743,77.9489,29.09021,-30.940613,75.69471,-3.6183653
16.08675,147.15002,0.50704914,20.176403,149.32422,-1.543738,13.969208,151.08096,-1.4560744,25.048372,146.60687,-11.463769,9.978864,152.08456,-11.015792,21.52394,124.17844,-14.502055,-2.3286421,143.56047,-18.22136,17.77242,96.38869,-16.540016,-3.0490296,153.28087,8.007783,14.682859,70.15216,-18.704096,20.26748,164.10065,10.559649,-8.36412,98.342926,1.4300673,-24.923143,103.323204,-4.6423917,-20.487015,113.44997,35.66705,-58.22802,101.33232,19.115726,-9.745682,79.431694,25.951078,-32.38065,76.09316,-3.149112
15.843956,147.09245,0.22206576,19.84406,149.36873,-1.8957436,13.577673,150.9283,-1.7540321,24.821518,146.64713,-11.699268,9.622604,151.85365,-11.299678,21.324934,124.12633,-14.505382,-2.8229418,143.4793,-18.435528,17.501795,96.31441,-16.628191,-2.9093995,152.80464,7.840659,14.445028,70.14929,-18.693504,20.79763,162.97977,9.89403,-8.110435,99.21831,2.7105908,-25.611258,104.104164,-3.6217873,-20.07047,111.90344,37.43195,-58.367165,101.05933,20.129625,-7.0971127,80.43601,22.643457,-32.790417,76.131645,-2.339263
15.584172,147.16145,0.025831515,19.51103,149.33627,-2.3249867,13.238687,150.8461,-2.138324,24.60256,146.77528,-11.879528,9.367149,151.74968,-11.552941,21.02682,124.125984,-14.620101,-3.2827086,143.4703,-18.47501,17.28606,96.32236,-16.708292,-3.085985,152.3779,7.727344,14.334203,70.17926,-18.629538,20.877707,162.07594,9.163512,-8.232923,99.766106,4.031408,-25.822268,104.692665,-2.6238003,-18.937717,109.7309,39.380157,-58.17646,100.45741,21.41962,-5.40773,80.81941,20.17177,-32.8826,75.78556,-2.9671235
15.471283,147.17508,-0.26341888,19.401518,149.21939,-2.716215,13.164866,150.86624,-2.4570763,24.440464,146.67056,-12.1321745,9.207651,151.70374,-11.848762,20.752033,124.31953,-14.8515215,-3.4964948,143.30136,-18.547506,17.097721,96.45157,-16.818687,-3.1995418,152.04324,7.635991,14.207293,70.25194,-18.665834,21.049774,161.18655,8.68988,-8.069027,99.946976,4.751854,-26.094378,104.98185,-1.7612295,-18.350544,107.05491,41.09119,-57.888298,100.055695,22.808804,-4.551985,80.88937,18.19111,-33.142338,75.768654,-3.1064024
15.359939,147.3264,-0.4743789,19.27792,149.3957,-2.931121,13.031457,150.99586,-2.6848173,24.26074,146.71983,-12.418098,9.048631,151.83795,-12.018658,20.560934,124.45295,-15.305131,-3.7944086,143.10619,-18.653273,17.052559,96.6125,-17.080944,-3.1973746,151.60751,7.5314465,14.171522,70.35059,-18.783422,21.135714,160.51843,8.178432,-7.864357,99.936455,5.536675,-26.359528,104.8389,-1.0669332,-17.815804,103.911095,42.431767,-57.369335,99.31431,24.214798,-4.1039925,80.35001,16.618723,-33.394615,75.79389,-3.095066
15.413889,147.47261,-0.7775388,19.29707,149.61949,-3.2182705,13.000284,151.0317,-3.0694516,24.098919,146.76772,-12.870589,8.932614,152.0004,-12.223673,20.279322,124.66433,-15.793247,-4.075996,143.01793,-18.590439,16.880198,96.69665,-17.4173,-3.0675719,151.55655,7.646245,13.923617,70.41387,-18.84938,21.450306,160.25925,7.709104,-7.7060943,99.78499,6.335279,-26.792439,104.63691,-0.30728355,-16.967054,100.50965,43.619366,-56.901794,98.781784,25.600397,-3.9900627,79.59104,15.28359,-33.775208,75.88189,-3.076806
15.280513,147.61897,-1.1762199,19.273012,149.72758,-3.4758112,13.017864,151.35083,-3.3553002,23.821772,146.85234,-13.32332,8.58621,151.88126,-12.616631,19.957617,124.69703,-16.212816,-4.4910636,142.90466,-18.551996,16.720238,96.713585,-17.819296,-2.7123146,151.46532,7.7044477,13.762819,70.41282,-19.093666,22.112028,160.48888,7.268322,-7.4631677,99.64198,7.006138,-26.915737,104.08321,0.7670576,-16.619108,97.352516,44.310535,-56.453808,98.124664,27.186,-3.7709033,78.65119,14.510115,-34.105972,75.86649,-3.1275587
15.098269,147.56955,-1.5241606,19.091314,149.70079,-3.7992287,12.8074465,151.19348,-3.8538353,23.577662,146.86613,-13.742973,8.314276,151.79094,-12.889366,19.661488,124.33812,-16.557138,-4.8060927,142.6636,-18.353586,16.637506,96.658585,-18.136908,-2.259596,151.65213,7.669296,13.7402,70.43849,-19.305332,22.394384,160.29175,7.1218414,-7.5430737,99.166664,7.4958377,-27.097855,103.674225,1.695243,-16.12786,93.98729,44.718876,-55.539604,97.17888,29.03999,-3.5208747,77.745804,13.426657,-34.42759,75.79926,-3.0052118
14.927063,147.74751,-1.8153934,18.977877,149.8834,-3.9812746,12.666978,151.18608,-4.4281645,23.27246,147.09894,-14.086588,7.926835,151.678,-13.2193575,19.459454,124.11719,-16.885029,-5.2625,142.43913,-18.216442,16.549438,96.50752,-18.614311,-2.2514987,151.75475,7.6262927,13.560818,70.266235,-19.358038,22.531113,160.16544,6.711849,-7.7513876,98.30532,8.030824,-27.183899,103.23405,2.5069737,-15.156195,90.45738,44.88401,-54.237934,96.10728,31.31257,-3.5082178,77.2851,12.213434,-34.520405,75.82408,-2.6813543
14.595614,147.84584,-2.017066,18.642365,149.98941,-4.1834426,12.3204775,151.20154,-4.72449,22.953096,147.12506,-14.290674,7.604631,151.65155,-13.457391,19.08721,123.89721,-17.303526,-5.6156855,142.40833,-17.675938,16.228935,96.34946,-19.224665,-2.3220932,151.89526,7.953218,13.455204,70.230415,-19.433834,22.498295,160.26857,6.7746572,-7.7830887,97.56332,8.226844,-27.45145,102.81516,3.0720527,-14.089661,87.297676,44.96211,-53.285736,95.23931,32.80808,-2.5569441,76.76337,11.206455,-34.281166,75.7957,-2.6923876
14.281005,147.92456,-2.1830328,18.333765,150.04904,-4.364815,12.008277,151.16911,-5.025674,22.726093,147.18504,-14.402532,7.331619,151.54504,-13.731809,18.842436,123.87526,-17.827599,-5.998001,142.13033,-16.732807,15.822541,96.344345,-20.042679,-2.3030307,152.03229,8.681205,13.248572,70.146866,-19.681269,22.512356,160.61284,7.0754037,-7.8409934,96.7304,8.32558,-27.263514,102.38375,3.528985,-13.009406,84.675026,44.809013,-52.570843,94.231255,33.87383,-2.0036798,76.26281,10.31925,-34.1172,75.8469,-2.6210465
13.908405,147.94046,-2.4087086,17.915617,150.07245,-4.653961,11.575664,151.2131,-5.1672063,22.388847,147.16122,-14.661823,6.9764795,151.4932,-13.969486,18.558027,123.695206,-18.654984,-6.15542,141.82442,-15.806971,15.312676,96.24771,-20.938393,-2.360978,152.44972,9.422409,13.016506,70.10228,-19.933626,22.494257,160.98454,7.962452,-7.790232,95.683716,8.316741,-27.098454,101.799095,4.18669,-11.531929,82.70208,44.519722,-52.20851,93.10933,34.684273,-1.1396686,75.51731,9.511589,-33.86129,75.8235,-2.4087152
13.802984,147.79497,-2.6576273,17.792679,150.0576,-4.8079224,11.460643,151.2351,-5.200611,22.154999,147.23705,-14.966558,6.70975,151.28857,-14.160882,18.297472,123.93421,-19.741106,-6.278652,141.5749,-14.849618,14.752401,96.258736,-21.973137,-2.643057,152.86586,9.971591,12.878419,70.05543,-20.198294,22.060087,161.50368,9.051243,-7.695265,94.804085,8.282374,-27.392954,101.19201,4.4361734,-9.867801,81.346825,44.525208,-52.043026,92.26095,35.304707,-0.2872265,75.112335,8.999493,-33.70145,75.7301,-2.0150323
13.677424,147.77116,-2.9118054,17.575583,150.13002,-5.1208878,11.203364,151.16066,-5.3937154,21.91509,147.12115,-15.315571,6.3967934,151.08049,-14.353555,17.866945,123.72795,-21.231476,-5.909847,141.56174,-14.051219,14.303246,96.085,-23.318214,-3.0916278,153.5381,10.58551,12.792485,70.02813,-20.550856,21.671394,162.25171,10.607424,-7.5205307,94.03072,8.1690035,-27.200476,100.81732,4.933169,-8.088209,80.81356,44.558586,-51.871704,91.594955,35.856472,0.076924846,74.71596,8.60218,-33.796856,75.63579,-1.0650451
13.875153,147.5477,-3.1341588,17.709068,149.94174,-5.418838,11.317791,150.89456,-5.595765,21.907034,147.03107,-15.659075,6.408481,150.97122,-14.446462,17.436848,123.18245,-22.62527,-4.9673653,142.0227,-13.425663,13.636559,95.86056,-24.704412,-3.6939838,153.8116,11.260922,12.801632,69.99507,-20.929089,20.755077,163.11148,12.62266,-7.313923,93.231606,7.626916,-27.403875,100.52565,5.0631704,-7.0287037,81.36287,44.62889,-52.138927,91.821526,36.10902,0.15959628,74.54102,8.527886,-33.46046,75.64023,0.09926658
13.816175,147.46664,-3.5092936,17.61555,149.81943,-5.889424,11.222031,150.78535,-5.974216,21.813095,146.8588,-16.069138,6.291929,150.86327,-14.77533,17.397795,122.73985,-23.517385,-4.698276,142.21696,-12.932044,12.913181,95.45913,-26.043808,-4.5120306,153.98102,11.785764,12.70901,69.69903,-21.369717,19.345922,164.09393,15.272235,-7.179241,92.76443,7.132425,-27.4237,100.78724,5.3836703,-5.219154,81.45798,44.628174,-51.63723,92.18495,36.88992,1.0474143,74.95161,8.459251,-33.50247,75.94168,0.52891785
13.843946,147.30855,-3.9034572,17.649378,149.53857,-6.392825,11.314767,150.82118,-6.165061,21.753036,146.50668,-16.525026,6.2774916,150.606,-15.152028,17.814848,122.142204,-24.403957,-4.6084943,142.36958,-12.591083,12.251289,94.92537,-27.353193,-5.461666,154.19525,12.251273,12.425252,69.47994,-21.730669,17.258385,165.16649,18.609299,-6.913489,92.44235,6.206066,-27.087143,101.35916,5.855698,-4.0932856,81.725685,44.380142,-50.528484,92.96139,38.036922,1.5575122,75.1825,8.277169,-33.453342,76.17542,0.6007274
14.341146,147.22179,-4.33638,18.081806,149.43935,-6.9258237,11.783256,150.8044,-6.4476547,22.12895,146.47859,-17.029951,6.578496,150.3579,-15.484733,17.155964,121.88534,-25.272886,-4.2653995,142.3522,-12.46635,11.795413,94.72289,-28.16145,-6.516804,153.56505,12.582962,12.519615,69.433754,-22.167015,14.1304245,165.63936,22.438953,-6.662324,92.67649,5.62091,-26.432894,101.97749,6.188426,-3.2713184,82.12615,44.056965,-48.760494,94.24406,39.210278,2.0007014,75.39395,7.991648,-34.606537,76.524445,0.20209885
14.752737,147.1739,-4.8424892,18.49955,149.3703,-7.452974,12.22849,150.82257,-6.8823266,22.463089,146.51207,-17.581766,6.8928704,150.26613,-15.949254,17.087814,121.969574,-26.044323,-3.9544759,142.29326,-12.635139,11.899713,94.829445,-28.749159,-7.784827,152.6128,12.621656,12.700891,69.44673,-22.585093,9.940599,165.25986,26.422401,-6.5537047,92.85553,4.7278557,-25.79716,102.83484,6.1438937,-2.5941446,82.13712,43.534527,-46.555,96.07967,40.345615,2.2473416,75.409035,7.5714674,-35.47378,76.80923,1.355106
15.206147,147.01375,-5.3176007,18.924725,149.25798,-7.9285703,12.6624365,150.6955,-7.277561,22.731512,146.66785,-18.182127,7.2120795,150.40651,-16.230837,17.045826,122.23619,-26.779081,-3.5642085,142.265,-12.917893,12.115457,95.003365,-29.317457,-9.1548195,151.2604,12.525721,13.084527,69.608345,-23.0535,4.857953,164.10638,30.050137,-6.1098804,93.09266,4.368992,-25.022182,103.63488,5.9784184,-1.9528481,81.91928,43.007923,-43.936817,98.05834,41.496414,2.2728968,75.36571,6.9522204,-36.372803,77.48553,2.6248038
15.678451,147.2038,-5.751056,19.329002,149.38551,-8.500347,13.072575,150.82353,-7.7376943,22.90993,146.71828,-18.779459,7.4492326,150.52536,-16.488003,17.222305,122.5972,-27.366255,-3.2668061,142.37329,-13.044115,12.56819,95.3875,-29.569347,-10.67894,149.63509,12.591626,13.611612,69.77578,-23.574438,-1.0354605,162.1828,33.022385,-5.596645,93.21244,3.6549323,-24.130337,104.1217,5.7171555,-1.0799134,81.043976,42.389046,-40.77627,100.13456,42.7606,2.1704898,75.22215,6.181568,-37.44741,78.10325,4.4933968
16.05858,147.71109,-6.279639,19.623854,149.8064,-9.1978245,13.377066,151.25154,-8.308829,22.978722,147.04677,-19.453838,7.5825377,150.9264,-16.869698,17.543144,123.03318,-27.865795,-3.2316365,142.485,-13.178661,13.299116,95.69298,-29.62041,-12.314639,147.42802,12.487807,14.2699375,69.97934,-24.219172,-7.570106,159.25616,35.032322,-4.9559736,93.37376,2.7480574,-23.08003,104.42212,5.4410195,0.08463135,80.74007,41.651913,-36.620163,101.91918,44.134193,1.8155456,75.1402,5.617607,-38.860584,78.09065,7.880947
16.334496,148.39871,-6.6086617,19.826723,150.38216,-9.700629,13.581817,151.77194,-8.811532,22.906713,147.60503,-19.964863,7.508663,151.37897,-16.996723,17.871853,123.70138,-28.160944,-3.6170366,142.46922,-13.24739,14.425395,96.04172,-29.372513,-14.066765,145.04317,12.285609,15.113278,70.14828,-24.501474,-13.578001,155.3079,36.210266,-3.8416421,93.479996,2.1608868,-21.843485,104.43072,4.920917,1.3942902,80.63703,40.991142,-32.80892,103.78794,44.732395,1.6455708,74.589966,5.031259,-40.852943,77.6195,11.032254
16.484297,148.92426,-6.6701455,19.909315,150.97916,-9.785909,13.626348,152.19194,-8.908577,22.739244,148.22905,-20.202814,7.3463783,151.78781,-16.815584,18.638235,124.38907,-28.2305,-3.2106273,142.86873,-13.144935,15.591358,96.44235,-28.818142,-16.317148,142.5754,11.297234,16.120155,70.34213,-24.451883,-19.215406,150.79663,36.172344,-2.7389596,93.727264,1.5324079,-20.978973,104.30214,4.2530637,3.0475836,80.77124,40.294167,-29.297892,105.495926,44.65323,1.5433995,73.43287,4.2849026,-43.28731,77.23724,14.541139
16.54082,149.603,-6.714985,19.818245,151.77643,-9.907232,13.505265,152.7277,-8.922855,22.38402,149.07516,-20.412695,7.0048423,152.09383,-16.612827,19.706554,125.26914,-28.25427,-3.553774,143.0987,-13.1187525,16.839447,97.134254,-28.167923,-18.08151,140.31152,10.400152,17.333687,70.91866,-24.227217,-24.732397,145.65689,35.510464,-1.2032906,93.357124,1.2631872,-19.898716,104.059975,3.4366,4.556892,81.512276,39.71015,-26.384645,106.90977,43.96401,1.6725073,72.7637,3.9160674,-45.507946,77.35454,18.138132
16.34954,150.02338,-6.811289,19.566437,152.24928,-10.031748,13.27733,153.1889,-8.90329,22.03076,149.78125,-20.60866,6.643814,152.49434,-16.550245,20.17356,126.05997,-28.224627,-4.1145983,143.07555,-13.185329,18.172812,97.95028,-27.336382,-19.61674,137.74956,9.406969,19.303156,71.99298,-23.435677,-29.825048,139.70747,34.014362,0.031249365,93.92804,0.36532354,-18.406866,104.160835,2.7273164,6.240213,82.39654,38.90392,-23.594929,107.10301,43.48075,1.76609,72.678055,3.4910507,-47.99678,77.68834,22.697552
16.227709,150.56224,-6.782538,19.263113,152.83311,-10.144746,13.003151,153.64047,-8.76457,21.57888,150.57913,-20.682837,6.2229166,152.90681,-16.276695,19.974684,127.18123,-28.468018,-5.202846,142.58458,-13.078518,19.434454,98.809326,-26.40086,-21.18578,134.79074,8.376139,20.528423,72.51904,-23.095898,-33.839672,133.24529,31.832476,1.3827565,94.19279,-0.87795204,-17.19026,103.69177,1.8931441,8.026761,83.40869,37.934742,-20.88017,107.05945,42.911774,1.9968804,73.06122,2.859832,-49.341,77.870674,28.76452
15.651911,151.01515,-6.587268,18.566336,153.45702,-9.939968,12.282612,153.95615,-8.539237,20.872946,151.29388,-20.540358,5.497427,153.0905,-15.960988,19.93639,127.88708,-28.625204,-5.9760866,142.17015,-13.155315,20.32786,99.64367,-25.524265,-22.68295,131.92041,6.4508767,22.447208,73.42898,-21.847887,-36.79191,126.652985,28.489683,2.1794841,94.195915,-2.3966362,-16.50251,103.11453,0.9097198,9.781656,84.10503,36.892174,-18.492153,106.61625,42.11141,2.5979054,74.05995,2.4682486,-49.69613,77.91772,35.795017
14.860375,151.22098,-6.3867307,17.664083,153.75977,-9.766428,11.410976,154.15015,-8.218701,19.84387,151.85832,-20.384867,4.464077,152.98486,-15.579925,19.954046,128.23427,-28.667313,-6.858596,141.41623,-13.017728,21.166044,100.24959,-24.63338,-24.436722,128.2421,3.9048908,24.56058,74.41738,-20.037458,-39.04062,120.073006,24.475508,2.6931257,93.791565,-3.773888,-15.485112,103.15287,0.1481997,11.289573,84.44658,35.660736,-16.320608,105.42666,41.303772,2.7068348,74.62774,1.4683781,-48.47193,78.46731,43.504936
13.622826,151.29799,-6.3438635,16.360786,153.90652,-9.723067,10.124566,154.2188,-8.093708,18.56074,152.28078,-20.323336,3.1596386,153.06676,-15.437171,19.640034,128.98734,-28.93748,-7.9570737,140.72638,-13.3166895,22.172197,101.35585,-23.67288,-25.76823,125.42729,1.2710481,27.012175,75.99661,-18.043344,-40.6701,113.66405,19.6994,3.501682,93.69576,-3.989939,-14.363736,102.47054,-0.13229068,12.439307,84.57855,34.55919,-14.631382,104.32278,39.977608,2.622486,75.030716,0.7012339,-45.825912,79.78495,51.80529
12.339908,151.29378,-5.936087,14.965282,154.03963,-9.298756,8.72696,154.10667,-7.628282,17.151152,152.63799,-19.947958,1.7653496,152.89803,-14.898065,18.952555,130.0078,-29.050451,-9.216618,139.91853,-13.286356,23.22401,102.49317,-22.217085,-26.760515,122.1378,-1.2255895,29.643183,77.81962,-15.206804,-41.946095,107.2138,14.600751,4.850035,94.15057,-4.814894,-13.694522,102.4945,-1.2888359,13.499977,84.51901,33.241203,-13.284943,102.76985,38.46089,1.8518602,75.3732,-0.18357398,-42.06758,80.72556,58.679893
10.875143,151.05037,-5.400583,13.41917,154.00316,-8.645265,7.2083206,153.90863,-6.90302,15.47805,152.98961,-19.441662,0.14991006,152.73367,-14.190381,18.642199,130.8982,-28.346058,-10.553154,139.05946,-13.354488,24.36947,103.90786,-20.447294,-27.345022,118.85216,-4.0415583,32.206474,80.15874,-11.777139,-42.074604,101.12346,9.160748,5.6443152,93.92779,-6.1829824,-13.543614,101.22218,-2.9221025,14.119544,84.358864,31.85036,-12.987604,101.203224,37.123875,1.6244487,75.06929,-1.113837,-37.233047,81.71135,64.631386
9.367375,150.68756,-4.763322,11.828928,153.82077,-7.9000974,5.6240625,153.50673,-6.134715,13.79448,153.0813,-18.76196,-1.4773693,152.2766,-13.43307,18.345314,131.63249,-27.008364,-11.988501,138.00568,-13.703343,25.263605,105.54614,-18.321402,-27.712948,116.17243,-6.783215,34.375595,83.22292,-7.8679056,-41.49433,96.19239,4.0308056,6.1818275,93.77166,-8.366458,-13.460211,100.179855,-4.490653,14.186683,85.14552,30.573694,-12.768216,99.1092,35.640343,1.1125926,74.73391,-1.7250539,-31.178888,82.79639,69.01472
7.73048,150.18246,-4.192455,10.104695,153.52602,-7.1791987,3.9232993,152.98674,-5.395546,12.028348,153.09462,-18.125149,-3.188061,151.70932,-12.763734,17.876236,132.3066,-26.030062,-13.524256,136.92003,-14.022912,25.931808,107.155334,-16.093975,-27.93854,113.58641,-9.173193,36.169086,86.885506,-3.1799505,-40.74291,91.73637,-1.0120678,7.1365314,93.41486,-10.276083,-13.400451,99.12658,-5.949066,13.9719095,86.343155,29.165352,-12.397309,97.4613,34.205856,0.695104,74.780815,-1.9048263,-24.375977,84.26855,71.92701
5.9276414,149.53806,-3.6630747,8.190216,152.90999,-6.697263,2.025016,152.19012,-4.910753,10.066889,152.94165,-17.538076,-5.076037,151.15143,-12.099328,17.225817,132.93674,-25.4234,-15.151451,135.8442,-14.675481,26.510395,109.09464,-13.969322,-27.93984,111.07432,-11.489307,37.41249,91.04972,1.6232373,-39.45195,87.66858,-6.1130786,7.9348335,93.00762,-11.684785,-13.476789,98.00401,-7.22298,14.275059,88.00218,28.755484,-11.49667,95.47977,33.030922,0.16396914,75.34479,-0.5780102,-17.13959,84.96107,72.65522
4.1857643,149.01459,-3.2784612,6.240879,152.4707,-6.3689203,0.15682425,151.52786,-4.4229126,8.071238,152.80362,-17.122215,-6.935639,150.30731,-11.563454,16.43868,133.58687,-24.67801,-16.570341,134.82536,-15.413204,26.888945,111.035995,-11.7130575,-27.667498,108.873955,-13.845664,37.89201,96.05243,7.02964,-37.774277,84.322876,-10.29655,8.445862,93.13212,-12.083642,-13.255409,96.86514,-8.939553,14.690182,89.17807,28.602095,-11.318771,95.21506,31.429169,-0.82683057,75.809425,0.9536087,-8.661616,83.83639,71.711136
2.4908605,148.33112,-2.630677,4.497862,151.88379,-5.63948,-1.5899986,150.73758,-3.8166902,6.286759,152.68016,-16.334797,-8.617493,149.50403,-10.911338,15.724892,134.28694,-23.847551,-17.709259,133.58885,-16.139975,26.672445,113.324875,-9.227622,-27.148392,106.69432,-15.801357,37.181034,101.744804,12.1618805,-35.96991,81.51146,-13.758508,9.043711,93.606735,-12.7144575,-12.965604,96.0748,-10.593931,14.631873,90.83129,27.859774,-9.626216,95.008736,29.852037,-0.5703809,75.102196,1.7139251,-2.3321838,84.21735,69.828766
0.72291696,147.50076,-1.9927139,2.6188815,151.2647,-4.814131,-3.4188979,149.8783,-3.001996,4.215684,152.38333,-15.6009655,-10.544959,148.65643,-10.07181,14.961091,134.81883,-23.027266,-18.75932,132.19897,-16.833714,25.726425,115.20639,-6.823355,-26.718431,104.682236,-17.265743,35.166756,107.89466,16.545525,-34.12396,78.83571,-16.800596,9.729961,93.96992,-13.637928,-12.453514,95.28852,-11.710456,15.446812,93.23381,27.37371,-8.599419,96.22436,28.556477,2.1711075,75.755585,2.244693,3.8588638,83.64943,66.86027
-1.0360795,146.73265,-1.1791025,0.82122093,150.64888,-3.8061373,-5.2293844,148.95085,-2.3363616,2.3423786,152.00223,-14.676161,-12.30502,147.71886,-9.302164,14.241407,135.29451,-22.149197,-19.615225,130.78078,-16.828474,24.716574,116.83376,-4.2833567,-26.134354,102.75533,-18.595184,31.912775,114.06663,20.755018,-31.74642,76.14347,-19.015926,10.649569,94.49057,-14.482547,-11.425182,94.26514,-12.303787,15.712239,94.417755,26.286537,-6.341686,97.96177,27.425007,2.9823422,75.43362,1.3129323,10.454846,83.05375,63.178905
-2.7451715,145.96913,-0.24156398,-1.0052555,149.98581,-2.798608,-6.999832,148.09245,-1.3451236,0.5182305,151.51213,-13.648177,-13.992707,146.6085,-8.50091,13.454322,135.97153,-20.850756,-20.34575,129.57788,-16.890368,24.263567,118.50523,-1.9046705,-25.57077,101.246025,-19.183147,28.203615,120.43128,23.755968,-29.590418,74.32642,-20.129187,11.305743,93.95412,-14.901015,-10.973315,93.2991,-13.006867,16.009031,95.34218,25.559084,-4.5161514,99.29243,26.550785,4.2204456,74.79641,-0.8644643,17.764416,82.37639,58.399017
-4.3878403,145.12317,0.6936336,-2.7479904,149.25421,-1.7370404,-8.697833,147.12746,-0.4139799,-1.2494917,151.0012,-12.609484,-15.610308,145.64395,-7.5617123,12.317466,136.84851,-19.581852,-20.857714,128.45691,-17.190048,23.630486,120.17076,-0.24910088,-24.945845,99.926704,-19.761065,24.017153,126.04357,25.15394,-27.751133,72.934425,-20.486155,12.374642,93.56,-15.689615,-9.862535,92.576126,-14.190545,16.599247,96.65607,24.813711,-2.7448144,100.30861,25.240803,5.9403768,74.96432,0.7436799,23.976133,80.836494,52.82483
-5.860339,143.98473,1.7488267,-4.3418036,148.27472,-0.48387194,-10.224064,145.82951,0.57262784,-2.671649,150.71933,-11.1048155,-16.957088,144.58197,-6.6436534,11.075614,137.70627,-18.17739,-20.967794,127.60549,-17.185337,23.061634,122.112175,1.6079156,-24.327826,98.86845,-19.905094,19.3013,130.84435,25.91353,-26.31715,71.75028,-20.47318,13.462179,93.97946,-16.21958,-8.210487,91.829765,-15.3897295,16.434639,98.065704,23.813738,-0.8349116,100.77594,24.017054,8.134552,74.58845,1.1958697,29.243196,79.266556,46.71309
-7.2782636,142.65875,2.6910455,-5.9063206,147.16472,0.82510746,-11.699799,144.42503,1.5988994,-3.9191296,150.17694,-9.686717,-18.197447,143.54095,-5.9236135,9.785465,138.50479,-16.907656,-21.147892,127.19905,-16.845434,22.145514,123.87273,3.4575777,-23.873915,98.41808,-19.902798,15.285796,134.47765,26.16608,-25.444498,71.32393,-20.328709,13.738874,94.88745,-16.696383,-6.6946464,91.63728,-16.125158,16.953068,98.62536,23.14939,1.0682436,101.36893,23.45287,11.308921,73.8829,0.99649054,33.876026,78.00109,40.079006
-8.634528,141.2302,3.843974,-7.2995925,145.89948,2.3945656,-13.0467825,142.96808,2.6797013,-4.9554095,149.59026,-7.9165354,-19.176691,142.48799,-5.0912714,8.650835,139.26341,-15.504486,-21.31358,126.97226,-16.287992,20.981153,125.49847,5.378197,-23.178392,98.0249,-19.861578,11.291358,137.16158,26.326706,-24.710838,71.1627,-19.700169,15.034921,94.99595,-17.423845,-4.744846,91.522766,-16.340752,18.1548,98.79456,22.310894,2.9848194,101.55776,23.448853,12.439057,73.93941,-1.1275021,37.523716,76.82808,32.87124
-9.5913725,139.93793,4.93946,-8.341993,144.68784,3.6631792,-14.01066,141.59917,3.6987617,-5.2554727,148.79858,-6.106099,-19.734283,141.64435,-4.3931584,7.451961,140.1389,-14.13921,-21.435589,126.94977,-15.513423,19.760508,126.81456,7.1819396,-22.75081,98.51487,-19.542572,7.1597652,138.95436,26.143944,-24.58622,71.730835,-18.842745,15.94806,95.461296,-18.077644,-2.9311273,91.500984,-16.898046,19.724794,98.98177,21.713934,4.8778768,100.978455,23.434195,13.688856,73.53821,-2.1315641,40.025707,75.61777,24.86905
-10.949402,138.94939,5.9741707,-9.754337,143.73468,4.789561,-15.345281,140.51259,4.5417895,-5.9771056,148.42088,-4.321293,-20.441004,141.15143,-3.9078023,6.5300136,140.9879,-13.066407,-21.628521,126.95478,-15.082881,18.37833,127.909355,8.592848,-22.394276,98.5822,-19.259005,3.2193074,139.91336,25.798616,-23.923164,71.854675,-18.053104,16.796753,96.13634,-18.804998,-1.562001,91.96154,-17.419794,21.665947,98.998886,20.770706,6.006251,100.12948,23.612062,18.084734,73.29977,-3.9421353,41.29376,75.464455,19.777664
-12.256999,138.63971,6.9697948,-11.253366,143.44905,5.703551,-16.713812,140.01782,5.5218754,-6.345873,148.51324,-2.500376,-20.42602,141.01259,-3.8702185,6.1397576,142.00023,-12.302941,-21.460258,126.99828,-14.561083,17.279474,128.76497,9.7152605,-21.684652,98.69955,-18.806595,0.031309158,140.28561,25.47973,-22.948793,71.933395,-17.551792,17.482317,97.76194,-19.531643,-0.59037036,93.28324,-17.29121,24.652582,98.98212,19.331234,6.8432775,98.86643,24.279552,19.54874,73.84542,-6.9078593,41.702686,74.85237,16.32272
-14.048115,138.00513,7.756457,-13.155014,142.6934,6.0573764,-18.494175,139.06921,6.0392303,-7.058762,148.15211,-0.8098588,-20.473537,139.89424,-4.2839894,5.3539352,143.08012,-11.775785,-21.2938,126.57836,-14.521842,16.48168,129.11441,9.9635515,-21.12034,98.535484,-18.751497,-2.0348933,139.56245,24.684303,-22.158117,71.905426,-17.2615,18.631311,99.285065,-20.285465,0.7278781,94.229965,-16.516062,27.833824,99.37555,17.95113,8.048131,97.04002,25.821997,20.953165,74.607506,-8.793214,41.80683,74.74816,14.72517
-15.987792,137.53778,8.069737,-15.4582205,141.91597,5.573129,-20.401442,137.80473,5.9939966,-7.569383,147.73312,0.78346205,-17.81726,137.65659,-5.55376,4.2619166,143.82225,-11.611922,-21.416725,126.33873,-15.182574,15.33356,129.19434,9.626119,-20.968874,98.421234,-19.118446,-4.048624,138.40506,23.861132,-21.685108,71.81923,-17.35806,19.77996,100.3378,-21.397882,2.0323963,94.83298,-15.915476,30.488823,99.71989,16.740595,7.8390174,95.33277,27.096962,22.951244,75.15846,-10.01903,42.666508,75.32365,18.412018
-17.516466,136.53238,6.957196,-17.220087,140.90108,4.4170604,-21.967184,136.57625,4.952867,-8.798261,147.61674,1.4154909,-14.28837,135.46812,-6.425699,3.4666736,144.30237,-11.892559,-21.602045,126.463005,-16.155334,14.388628,128.84741,8.750158,-20.894693,98.46576,-20.065376,-5.566079,137.17166,22.689959,-21.495869,71.83159,-17.947409,20.885864,101.25951,-23.415943,3.1481078,95.474205,-13.881544,32.489025,99.81555,14.237826,6.7116413,93.3146,30.538134,24.84775,75.259705,-12.974844,43.411366,76.231735,28.800014
-18.84483,135.2321,4.336426,-18.653496,139.98297,2.622992,-23.470026,135.70592,2.8756514,-10.889217,147.5341,0.23431168,-10.146818,133.64809,-6.2698,2.7010784,144.83006,-13.014715,-21.971645,126.2234,-18.063555,13.484145,128.51456,6.9270387,-20.868353,98.42453,-21.89833,-6.996598,135.86266,20.4908,-21.555893,71.930504,-19.252954,21.73001,102.22914,-26.516985,4.168791,96.16925,-9.117461,34.334606,100.72954,10.360394,7.3481665,91.77116,35.39633,25.794117,75.36132,-16.262064,43.835964,78.907265,47.15192
-19.72874,134.04353,-0.24225295,-19.619377,139.08893,-0.20826489,-24.47241,134.90031,-0.9403626,-12.243641,147.03444,-3.1852074,-6.9547563,132.9324,-5.5983996,2.249187,145.26727,-15.763958,-22.33941,126.18739,-21.153479,12.80822,128.20058,3.7800248,-20.66814,98.560905,-25.170452,-8.298904,134.63547,16.883438,-21.555372,72.493,-21.605566,22.391169,103.22595,-30.864035,5.292583,97.17544,0.7849965,36.162067,101.689606,5.611675,8.51452,91.21044,46.124634,27.072187,75.22845,-20.470022,41.39082,82.04086,72.01723
-19.709616,133.47311,-5.707962,-19.984407,138.40347,-4.612876,-24.55341,134.00055,-5.7553716,-12.446286,146.35214,-9.142063,-5.7203174,133.05779,-5.6417813,1.7438905,145.52946,-20.110876,-22.645912,126.1067,-25.890007,12.349365,128.12001,-0.9339795,-20.590258,98.483055,-30.028175,-9.579711,133.3178,11.568018,-21.494595,72.37717,-26.422173,22.689219,104.06592,-36.79749,6.5670643,98.412636,17.357395,37.222206,102.47438,-0.8803966,11.328339,91.55789,64.69546,28.53841,74.97055,-25.954693,36.286022,84.2138,104.25697
-19.026375,132.86795,-12.47106,-19.242586,137.67836,-10.935024,-23.876318,133.31308,-12.098378,-11.494562,145.21387,-16.379015,-6.019953,133.76787,-7.287522,1.2584454,145.87976,-25.846825,-22.906517,126.05834,-32.5419,11.738316,127.69535,-7.264671,-21.012688,98.42801,-36.534405,-10.606,132.06224,4.738008,-21.620207,71.85175,-33.945164,22.066978,105.02129,-44.584324,7.4893737,99.96148,40.813942,37.592613,103.14857,-9.152946,15.534002,93.29494,92.17921,29.958656,74.75934,-33.816513,30.166819,87.410324,145.12659
-18.143744,132.29276,-20.817558,-18.442127,136.95053,-18.874733,-22.87114,132.28285,-19.662346,-10.0068865,144.2794,-24.410069,-7.79033,134.98418,-11.916095,0.98533726,145.8353,-33.216045,-23.056215,125.9157,-40.932934,11.400205,127.459,-14.868911,-21.153057,98.17034,-44.767357,-11.573853,130.84319,-3.3542066,-21.820143,71.68334,-42.17522,21.642984,105.80264,-53.8903,8.278671,102.06257,69.13828,38.026936,103.61079,-19.05381,17.660818,100.1369,127.01695,31.64967,74.63603,-43.820286,25.212875,94.565445,195.60463
-16.747171,131.29059,-30.904398,-16.761377,135.74684,-28.480127,-21.216558,131.07724,-28.960844,-7.7706666,143.15765,-33.4448,-11.357732,136.87735,-19.657507,0.93856674,145.85915,-42.275764,-23.046236,125.86271,-50.74962,11.266723,127.25209,-24.291826,-21.362024,98.01954,-54.526928,-11.922235,129.34634,-12.892453,-22.136677,71.54573,-51.773594,21.523172,106.28357,-64.88733,8.7806835,104.720894,98.06731,38.647293,103.98063,-30.57535,17.897537,107.12829,167.40514,33.79035,74.575836,-55.335766,19.476353,104.249084,263.28387
-14.03691,129.79025,-43.01114,-14.381697,134.40617,-40.848923,-18.657858,129.62198,-41.374058,-4.687579,141.83931,-44.263733,-16.59325,139.40334,-34.40025,1.4890168,145.7375,-54.308113,-22.49647,125.53336,-63.363476,11.947092,126.89996,-36.70681,-20.808798,97.84585,-67.30607,-11.324502,127.77953,-25.27039,-21.64209,71.658485,-64.12073,22.1885,106.69508,-79.01673,9.912766,107.60479,116.7897,39.564735,104.32085,-44.93711,16.447598,114.26816,204.83665,34.99754,74.82391,-69.693565,8.081905,111.02315,386.99475
-12.413484,128.61859,-41.431133,-13.268256,133.59402,-40.694046,-17.325096,128.62291,-41.19052,-4.243868,141.32741,-42.921173,-20.154375,139.3282,-41.924515,1.5478698,145.42596,-54.498302,-22.455185,125.39942,-63.95857,12.16074,126.37205,-37.265194,-20.992315,97.87553,-68.19715,-10.938906,126.04211,-25.282618,-21.918076,72.11829,-63.909626,22.162786,107.10986,-81.23839,10.014269,108.69863,123.153465,39.711742,104.44127,-47.385826,16.442081,116.31123,212.73969,33.97143,75.69437,-72.51078,7.6986413,110.181465,386.51468
-12.881702,128.40523,-35.31097,-13.963659,133.36368,-35.188248,-17.732925,128.16838,-35.894684,-5.4584813,141.27576,-37.182423,-20.915274,137.69432,-41.00955,0.7036901,145.20584,-49.10216,-22.970938,125.161644,-59.024197,11.491293,126.07555,-32.29308,-22.066946,97.87717,-63.430683,-11.044548,124.56952,-19.626207,-22.51962,72.146614,-59.114822,20.794828,107.70395,-77.831245,8.474192,107.83204,109.649124,38.767548,104.2548,-44.29998,18.823324,114.86302,193.59958,31.800901,76.155815,-69.80503,18.69832,130.26428,355.86456
-12.871819,127.848114,-21.09032,-13.9824505,132.78989,-21.114967,-17.704624,127.545204,-21.785664,-5.757173,140.93095,-22.72718,-20.068394,136.4066,-29.032001,1.0426025,144.73633,-34.93041,-22.880571,125.57682,-45.497505,11.655418,125.189835,-18.497337,-22.116877,97.9553,-49.516323,-10.399751,122.74822,-5.11133,-23.07105,71.55816,-46.407494,20.236958,108.04691,-65.60504,7.768758,105.28304,83.93096,38.769146,103.72919,-32.460274,16.83109,107.836685,149.7177,30.136559,76.53945,-58.69508,22.412178,112.49824,238.82227
-13.025681,127.066574,-9.818222,-14.065491,132.02306,-9.785731,-17.807987,126.83935,-10.768671,-6.4555073,140.4561,-11.145398,-19.78958,135.18053,-18.661392,1.081977,144.12195,-23.6365,-22.874878,125.61387,-34.731297,11.656045,124.39918,-7.1402984,-21.986488,97.877556,-38.300117,-9.98894,120.591774,6.630277,-23.470049,71.4233,-35.716034,19.682632,108.296135,-56.366123,6.541772,103.23134,50.713997,38.69928,103.06371,-23.639488,15.430703,97.64971,104.64722,28.397678,76.76271,-50.174732,27.974514,98.31086,167.89252
-13.257293,125.97323,-1.0364279,-14.080176,130.95683,-0.70435035,-18.08645,125.99457,-1.7833788,-7.0314856,139.64981,-1.6760275,-19.767956,134.21428,-9.987493,0.89012897,143.57213,-14.366536,-22.978838,125.74795,-25.911577,11.442728,123.484276,1.816949,-22.21159,98.14587,-29.30639,-9.448812,118.02491,16.296492,-23.865417,71.6545,-26.890533,19.077175,109.18642,-48.690132,4.9117675,102.67592,20.134274,38.92778,102.04131,-17.062307,14.380312,91.92422,66.79714,28.390236,76.89449,-44.56781,32.707886,85.58785,116.9381
-13.524372,124.84732,5.890429,-13.867783,129.86333,6.468962,-18.348846,125.33737,5.3721905,-7.4992185,138.62485,5.8222136,-19.892456,133.43007,-2.904055,0.69059646,143.0524,-6.9170723,-23.402302,126.165245,-18.987896,11.488786,122.54051,8.622359,-22.562597,98.3165,-22.104715,-8.421316,115.58601,23.885494,-24.236982,71.66468,-19.849182,18.344458,110.18478,-42.795128,3.282009,103.0487,-3.280263,39.788055,100.71597,-13.1502905,11.926396,89.58955,39.471924,28.221943,77.591965,-41.380527,38.013634,78.822426,75.835556
-13.703588,123.98718,11.703336,-13.804102,129.02763,12.082531,-18.454962,124.70313,10.859338,-7.488418,137.72284,11.784216,-19.877272,132.69528,2.8348913,0.49882305,142.51697,-1.1870152,-24.1015,126.407555,-13.601772,11.704385,121.53387,13.441086,-22.823912,98.39268,-16.404116,-6.6220007,113.18826,29.76612,-24.597782,71.7362,-14.152357,17.301325,111.1897,-38.615143,1.7381089,103.685196,-18.426428,40.22725,100.27233,-11.01668,8.350876,87.6261,21.229269,28.57536,78.49742,-40.057297,43.07741,76.14708,39.76002
-14.072635,122.713844,15.550571,-13.969961,127.74429,16.012365,-18.755548,123.63601,14.566811,-7.627167,136.36029,15.999157,-19.868357,131.81294,6.7727885,0.6078311,141.98808,2.8450265,-24.258598,126.21091,-9.697533,12.2331915,120.764595,16.346725,-22.870556,98.27126,-12.3616295,-4.4606977,110.65113,33.54401,-24.653454,71.66704,-10.16368,16.444885,111.87611,-36.12983,0.5291527,104.73455,-26.361256,40.977074,98.45308,-10.7632475,6.5169606,87.30535,11.295528,26.966143,80.788506,-40.902454,46.261738,74.35273,13.446643
-14.500036,121.69733,17.939491,-14.1634865,126.65032,18.860283,-19.130932,122.93548,17.032091,-7.8862176,135.24567,19.01697,-20.026022,131.20872,9.447283,0.4269405,141.44875,5.4763036,-24.59399,126.11707,-7.00896,12.242973,119.67323,17.975086,-23.44447,98.26259,-9.543393,-2.9833438,108.111916,35.697224,-24.827757,71.676155,-7.3119545,15.360567,112.5921,-35.142372,-1.1865741,106.22893,-29.542845,41.38979,96.871185,-12.569051,8.136145,86.74291,5.7460375,27.192303,81.72449,-43.458447,47.99411,73.54314,-2.61375
-14.531735,121.11926,19.617558,-14.0930805,126.01345,20.779896,-19.15378,122.46357,18.861343,-7.881887,134.61945,20.989714,-20.179203,130.9079,11.485448,0.19061285,140.87053,7.339989,-24.958366,126.32177,-4.9347,12.231679,118.62638,18.708508,-24.259518,98.73684,-7.690234,-1.190699,105.63106,36.674362,-25.013414,71.86297,-5.180245,13.944634,113.78115,-34.02835,-2.8979676,107.75468,-30.817396,41.112545,95.49909,-15.036385,10.289376,87.489716,2.568172,27.828037,83.25726,-47.818554,48.56277,73.19429,-11.519125
-14.8319645,120.596054,20.689297,-14.522695,125.36748,22.33097,-19.522736,121.851585,20.202164,-8.04611,134.0787,22.435055,-20.452946,130.6357,12.895681,-0.20886745,140.31276,8.665254,-25.295248,126.399155,-3.3185837,12.10032,117.7552,18.75409,-24.468744,98.53679,-5.7297235,0.54759073,103.21061,36.64419,-25.244902,71.85256,-3.4396932,12.6037855,114.37047,-33.329903,-4.3697834,108.76517,-31.658836,40.539967,93.745865,-17.941927,11.3368025,88.42376,0.48951456,30.371372,85.017,-52.482166,49.464157,72.53413,-15.205386
-15.138196,120.02065,21.421623,-14.712375,124.465256,23.761908,-19.824974,121.37213,21.270294,-8.263559,133.45963,23.505354,-20.781984,130.36775,14.041126,-0.51242745,139.74034,9.612736,-25.523676,126.60088,-2.0478046,12.00432,116.94049,18.329824,-24.615738,98.61005,-4.348312,2.1643698,101.12539,36.216682,-25.509384,71.928444,-2.0292954,11.735804,114.57924,-33.062897,-5.5384197,109.414345,-32.15436,39.95236,92.21203,-21.305685,11.439229,89.21558,-0.77860147,33.21852,85.01984,-56.353603,49.906128,72.05327,-16.078987
-15.441125,119.653656,22.065542,-14.812046,123.91539,24.701286,-20.096983,121.08771,22.250563,-8.476372,132.89029,24.350836,-21.11661,130.27727,15.020202,-0.45074046,139.36446,10.323322,-25.573334,127.08856,-0.80451584,12.05577,116.16476,17.804394,-24.88726,98.80234,-2.932061,3.9779296,99.17604,35.422615,-25.65743,72.118996,-0.58649915,10.972462,114.64047,-32.870842,-6.875379,109.93127,-32.19656,39.100407,90.65434,-25.092054,11.935178,89.78809,-1.1677483,35.8403,84.91064,-60.504986,49.505234,72.106026,-15.783491
-15.891279,119.24254,22.493101,-15.040925,123.28952,25.403193,-20.479729,120.84202,22.885817,-8.72585,132.3535,25.045654,-21.654057,130.22679,16.018173,-0.4891854,138.99245,10.874828,-25.908226,127.6625,1.0054823,11.971835,115.33022,17.276882,-25.465635,99.171364,-1.8031504,5.3522906,97.07003,34.21304,-26.202028,72.38723,0.7984568,10.007428,114.910515,-32.742268,-8.1138115,110.253586,-31.854847,37.51481,89.36614,-28.935894,12.210114,90.43048,-1.1442635,41.18598,82.63541,-64.178635,49.728264,71.93744,-15.355571
-16.008059,119.01233,23.040888,-14.989547,122.75817,26.2749,-20.564327,120.60027,23.797483,-8.536569,132.03569,25.654312,-21.804773,130.1317,16.990623,-0.5281988,138.6057,11.349892,-26.018183,127.83134,2.2534537,12.191307,114.85209,16.804413,-25.632483,99.305626,-0.5773179,7.245749,95.17604,32.52566,-26.462769,72.67263,2.413607,9.4420185,115.097786,-33.163597,-9.18129,110.56008,-31.393057,36.142544,88.37859,-32.795074,11.211473,91.40538,-0.48015618,44.20674,81.17685,-67.73899,49.286366,72.211105,-14.957042
-16.040697,118.69273,23.640734,-14.891559,122.20273,27.080303,-20.559374,120.18923,24.702143,-8.43307,131.57135,26.325218,-21.898205,130.03023,18.022614,-0.21279316,138.33408,12.063785,-25.787046,127.5593,3.2954547,12.478734,114.411255,16.567411,-25.440613,99.004456,0.72454953,9.2964325,93.31522,31.017866,-26.260893,72.399025,4.084136,9.100332,115.48734,-33.152714,-10.358669,111.38814,-30.902504,34.827023,87.99904,-36.493877,9.454016,91.97521,-0.32575166,45.527798,79.884865,-71.04575,49.198586,72.46806,-15.603614
-15.544316,118.4931,24.080976,-14.283206,121.793686,27.694586,-20.02263,119.8298,25.473137,-7.5645576,131.31258,26.713549,-21.604174,130.0386,19.157583,0.39080694,137.82057,12.579199,-25.558928,127.583435,4.3135347,12.952387,113.78276,16.508932,-24.917747,99.3871,1.5919073,10.949848,91.70612,29.96546,-25.422216,73.0367,5.854242,8.66,115.92371,-33.159664,-10.661149,112.03896,-30.399672,33.348644,87.92134,-40.102882,7.2668743,92.18414,0.3084581,45.5499,78.756355,-74.53344,46.46046,73.021805,-16.045906
-15.272988,118.06208,24.537958,-13.716034,121.1991,28.183142,-19.616186,119.29932,26.382898,-7.402018,130.85948,27.086256,-21.665842,129.64705,20.086388,0.4577075,137.25859,13.102582,-25.135454,127.87794,5.705329,13.500204,113.37988,15.974126,-24.778263,99.7614,2.5209115,12.353181,90.74663,28.638815,-24.141203,73.900375,8.653851,8.4043045,116.4958,-33.60956,-10.619214,112.44798,-30.211264,32.06034,88.10205,-43.18336,5.648582,92.1703,0.97608906,45.802044,77.68398,-77.05445,44.120842,73.100945,-17.789705
-15.390247,117.6,24.78744,-13.480096,120.49063,28.475409,-19.543537,118.82497,27.042168,-7.4589505,130.38847,27.257421,-21.770155,129.28908,20.546902,0.8985487,136.66534,13.318256,-24.706482,127.69074,6.921499,14.074922,112.70392,15.434411,-24.664097,99.648926,3.2380226,13.836365,89.72488,27.056469,-23.643854,74.365845,11.135756,8.431744,116.63637,-33.664196,-10.030192,112.626335,-30.488195,31.1191,88.37359,-45.295788,4.213944,92.44051,1.382495,46.083755,77.0154,-78.33763,42.029232,73.0539,-18.810436
-15.094172,117.1383,24.899673,-12.998608,120.03422,28.478018,-19.085655,118.16592,27.510195,-7.088285,129.97575,27.052828,-21.67958,128.85408,21.031914,1.5304856,136.0771,13.070288,-24.366566,127.22619,7.7700615,14.551253,112.06311,14.717716,-24.681057,99.50959,3.8371465,15.023716,88.75373,25.770327,-23.200329,75.04052,13.629263,7.5291753,117.03455,-34.369637,-10.373797,113.26211,-30.5418,30.378267,88.925285,-46.66859,2.8087847,92.69678,1.6363366,46.62174,75.98541,-78.46264,40.12463,73.055664,-19.361103
-14.9573345,116.661255,25.190407,-12.752251,119.72525,28.544813,-18.807962,117.540955,28.063473,-6.496372,129.3077,26.898502,-21.446926,128.5072,21.619822,2.1036875,135.39961,13.135316,-24.076172,126.89024,8.400305,14.968299,111.28682,13.971625,-24.422604,99.33787,4.4452863,16.162725,87.882225,24.404041,-22.93241,75.06513,15.110521,7.0601244,117.652115,-34.775555,-10.311347,113.76925,-30.705862,29.970554,89.720146,-47.52537,1.5412911,92.98272,1.7506273,46.09846,75.90027,-79.009186,38.298233,73.08281,-19.518768
-14.338477,116.45622,25.441454,-12.181666,119.726425,28.634287,-18.193794,117.421265,28.287205,-5.8167214,129.20383,26.883606,-21.046347,128.2329,22.260843,2.843161,134.67743,13.309137,-23.826685,126.57291,8.959846,15.438363,110.46759,13.281914,-24.293293,98.96193,5.4508896,17.443909,86.96058,23.29616,-22.722565,74.61853,16.31429,5.7941046,118.61985,-35.904903,-10.270936,114.10953,-31.037275,29.852472,90.52427,-47.95817,0.45035374,93.479034,1.6779869,44.73611,76.513985,-80.07849,36.13201,73.48674,-18.818771
-13.771023,116.1055,25.707434,-11.501222,119.53382,28.649336,-17.386868,116.88023,28.897383,-5.5086,129.00095,27.022133,-20.784983,127.81155,22.794615,3.4833782,133.81978,13.466808,-23.644024,126.1375,9.429764,15.974707,109.4709,12.64059,-24.091385,98.57645,6.3030043,18.267492,85.79951,22.528738,-22.603823,74.170044,17.183228,4.973255,119.39771,-36.340225,-11.62902,115.15759,-31.427755,29.684153,91.35255,-48.027122,0.15408216,94.10193,0.94085604,43.701187,76.83299,-80.275505,34.682693,73.37413,-19.493286
-13.206608,115.87544,26.061586,-10.905454,119.41092,28.84109,-16.772888,116.73364,29.290598,-4.834713,128.7042,27.126074,-20.26408,127.56266,23.401379,4.2973914,132.92307,13.929175,-23.271685,126.11351,9.764603,16.61559,108.27291,12.34083,-23.70999,98.536964,7.647014,19.244326,84.52703,21.92801,-22.406929,73.84475,17.80604,3.9304125,120.44237,-36.253403,-12.763821,115.7451,-31.683798,29.597004,92.39877,-47.95324,-0.2400442,94.3384,0.7493415,42.906204,76.95408,-80.135704,31.785286,74.03187,-22.859596
-12.315943,115.469795,26.47983,-10.220861,119.03741,29.360376,-15.994798,116.13174,29.626932,-3.8452463,128.28534,27.538088,-19.436047,127.2519,24.222355,5.5539937,132.0534,13.942943,-23.240055,126.342186,10.249722,17.130514,107.14718,12.098225,-23.60706,98.49974,9.041694,20.244152,83.353905,21.410263,-22.364311,73.47582,18.429163,3.5548968,121.60257,-36.31167,-13.284497,116.47539,-31.524773,29.540276,93.5613,-47.742233,-0.55340827,94.97353,1.001706,41.997818,76.974815,-79.68669,26.840574,75.52136,-28.135927
-11.526335,115.25961,26.745296,-9.497627,118.99703,29.48432,-15.279197,116.11143,29.758434,-2.9922733,127.97073,28.005075,-18.679733,127.05374,24.949114,6.6501074,131.50151,14.011982,-22.927122,126.00732,10.688227,17.63498,106.28749,12.1211,-23.371511,98.31644,9.878323,21.233475,82.44289,20.859562,-22.364828,73.17832,18.95014,3.2983127,122.5234,-35.962635,-13.326667,117.40072,-31.178164,29.461037,94.94933,-47.53191,-0.52745414,95.29247,1.2615007,41.06177,77.18708,-79.25755,21.153065,76.58302,-32.782814
-10.430369,114.92603,27.042992,-8.545688,118.88457,29.553835,-14.298776,115.9379,29.844069,-2.0303822,127.65183,28.347122,-17.80191,126.631424,25.522429,7.403993,131.12552,14.824388,-22.857468,125.82356,10.9661875,18.113752,106.16039,12.048522,-23.181149,98.14074,10.550465,22.130537,81.949394,20.20188,-22.271208,72.917305,19.265715,3.3552785,123.312874,-35.4325,-13.037866,118.5946,-30.937698,29.321232,95.93042,-47.074535,-0.3351602,95.156044,0.7643429,39.847645,77.86317,-78.889404,14.617534,76.93292,-36.59781
-9.559493,114.617805,27.393475,-7.81555,118.79175,29.640072,-13.511004,115.73348,30.035355,-1.3306084,127.50108,28.674753,-17.131157,126.210495,26.125328,7.790907,130.95042,15.369123,-22.803423,125.77966,11.468859,18.78977,106.096275,12.0209255,-23.016617,98.00958,11.312749,22.8577,81.34981,19.539738,-22.2608,72.62597,19.504892,3.3104007,124.08604,-34.48275,-12.941629,119.74694,-30.952383,28.957258,96.795555,-46.665123,0.05362118,94.71327,-0.3907693,39.061497,78.492355,-78.550446,9.549129,77.55791,-40.043797
-9.082127,114.32875,27.83321,-7.2830076,118.49079,30.056864,-12.977129,115.4542,30.556368,-0.86519504,127.20156,29.161146,-16.687355,125.93493,26.79684,8.015624,130.67839,16.006165,-22.803808,125.68962,12.285749,19.549917,106.022285,11.853352,-23.088888,97.76516,11.874338,23.597149,81.011826,18.51108,-22.504086,72.38772,19.735554,2.7851903,125.17503,-33.99693,-13.147291,120.80214,-30.77506,27.964815,97.654564,-46.34573,0.3524255,93.77651,-2.2474382,38.450687,78.76117,-77.899704,7.723077,79.63358,-43.4058
-8.300108,114.08794,28.29369,-6.532989,118.33117,30.387793,-12.247572,115.33072,30.885647,-0.14170703,126.97858,29.627056,-15.986843,125.63372,27.270674,7.9925475,130.52432,17.203539,-22.437443,125.18387,13.123509,19.758081,105.65229,12.048268,-22.998516,97.50256,12.461218,24.37577,80.43464,17.992176,-22.7553,72.05431,19.990494,2.0126698,126.446365,-33.978416,-13.198496,121.92317,-30.49919,26.771376,98.779564,-46.70778,1.225688,92.64756,-4.307338,38.279842,78.802345,-77.21622,4.1830006,80.00737,-46.575123
-7.5927186,113.78093,28.79487,-6.01091,118.11523,30.849257,-11.552572,114.80938,31.456615,0.43061948,126.78293,30.132168,-15.406202,125.25827,27.849653,8.455082,129.98384,17.663677,-22.02683,124.73281,13.783469,20.043749,104.81697,12.227906,-22.917826,97.18209,13.22064,25.336468,79.71148,17.398006,-23.052654,71.611595,19.767145,1.4141902,127.29648,-33.623146,-13.570214,122.916336,-30.02154,25.909296,99.42205,-46.773724,0.88584155,92.080765,-6.447017,38.143364,78.68913,-76.620926,1.5113174,80.90948,-49.657055
-7.208271,113.54745,29.163525,-5.5626836,117.78247,31.36692,-11.133954,114.51895,31.897411,0.91923755,126.46441,30.528814,-14.969122,125.11398,28.499573,9.144122,129.23062,17.657537,-21.801859,124.96991,14.675736,20.296701,104.25037,12.353257,-22.819002,97.21885,13.752055,26.406645,79.377815,17.0029,-24.015335,71.36051,19.125015,1.31542,127.83874,-32.973637,-14.133839,123.79841,-29.553349,25.093048,99.96744,-46.880733,-0.20334421,91.123505,-8.587663,37.7473,78.78092,-76.108086,0.92493546,82.90381,-51.91928
-6.5736723,113.52917,29.622683,-4.8490276,117.69169,31.902872,-10.502498,114.55208,32.329365,1.5617203,126.42278,30.989134,-14.347846,125.05798,29.030363,9.770583,128.90083,17.941433,-21.70788,125.0146,14.94154,20.528656,103.65225,12.576171,-22.519049,97.26348,14.078117,26.914625,78.90442,16.997,-24.232916,71.27143,19.075571,1.4111409,128.74144,-32.392113,-14.259965,124.93565,-29.293531,24.571777,100.33409,-47.047714,-1.6392546,90.46756,-11.072656,37.699688,78.9446,-75.73543,-1.8260835,83.98844,-53.942806
-5.9755487,113.47767,30.019678,-4.125529,117.53727,32.390972,-9.851049,114.538704,32.793377,2.2645757,126.31931,31.210545,-13.656815,125.06533,29.326221,10.481208,128.55215,18.26725,-21.242754,124.903,15.113371,20.826336,102.88962,12.908703,-22.173925,97.11079,14.504159,26.27319,77.44322,17.714153,-24.013784,71.220436,19.16737,1.6395606,129.19691,-31.67479,-14.068998,125.064545,-29.03996,24.141344,100.43558,-46.898018,-1.847338,89.30777,-13.78001,37.48228,79.08124,-75.4976,-6.152753,84.59017,-56.52542
-5.4657726,113.24364,30.29404,-3.4729986,117.13547,32.817036,-9.284886,114.29653,33.14392,3.0031114,125.94872,31.554626,-12.93191,125.0039,29.709587,11.006475,127.95264,18.815105,-20.670343,124.797905,15.448627,21.130064,102.27829,13.324851,-21.719381,97.01745,14.904927,27.095161,77.018654,17.335835,-23.26136,71.128006,19.854668,2.0393243,129.22966,-30.951334,-13.625416,125.06106,-28.79892,23.643883,100.36492,-46.96239,-2.2868912,88.06603,-16.32017,36.693676,79.21439,-75.55992,-11.892736,84.92108,-58.61049
-4.922407,113.22742,30.412884,-2.9060433,117.03241,33.050957,-8.72239,114.19498,33.318382,3.6954136,125.8137,31.805565,-12.263528,125.082664,30.140375,11.694512,127.7746,19.087236,-19.955353,124.58283,15.760234,21.166157,101.89797,13.728444,-21.008076,96.94632,15.25847,27.458172,76.672066,17.258617,-21.504395,71.099884,21.249273,2.6549926,129.16127,-30.547667,-13.374361,125.136826,-28.22709,22.581966,99.4692,-47.43415,-3.569289,87.06149,-18.949192,37.07185,79.15315,-75.765114,-18.09722,85.431,-60.14723
-4.6737137,113.07177,30.427162,-2.540156,116.64418,33.286068,-8.4446535,113.97676,33.387806,4.119061,125.51439,32.05775,-11.850639,125.039955,30.477972,12.234192,127.46954,19.429832,-19.39382,124.59127,16.448868,20.916157,101.38766,14.342808,-20.551092,96.96867,15.6285715,27.461445,76.07294,17.342657,-20.551334,71.093864,21.920855,3.0908976,128.83795,-30.459902,-13.07188,125.404045,-27.74524,22.413408,98.82366,-48.000244,-5.5350223,86.37514,-21.266794,38.56157,78.389595,-75.76651,-22.184418,86.20358,-61.51166
-4.621048,112.90752,30.306292,-2.2380338,116.10315,33.409336,-8.387392,114.04525,33.1897,4.505509,125.09103,32.42164,-11.467445,125.034676,30.849525,12.833126,127.267265,19.753046,-18.859257,125.031204,17.037542,20.602928,101.09784,15.084207,-20.147133,97.286446,16.068695,27.830608,76.0913,17.349085,-20.108015,71.24531,22.46146,3.5884564,128.37717,-30.391369,-12.9273205,125.45904,-27.006573,23.320621,98.55255,-48.09148,-7.4511585,85.69863,-23.684357,39.357323,77.836815,-75.63535,-25.831768,85.129555,-63.1214
-4.193809,112.6799,30.613983,-1.8212872,115.83072,33.777065,-7.913548,113.65926,33.63193,4.917058,124.83299,32.737988,-11.055449,124.83219,31.25567,13.29976,126.771965,20.003342,-18.468527,125.07376,17.478786,20.261585,100.3163,15.519927,-19.934862,97.21668,16.312817,27.532299,75.42447,17.517876,-19.784424,71.170555,22.749926,4.1335793,127.784134,-30.270535,-12.974573,125.36275,-26.18994,24.129229,98.47594,-48.210407,-9.278389,85.06722,-26.003767,39.458057,77.222015,-75.85043,-28.306702,85.097145,-65.074234
-3.8814192,112.515465,31.04133,-1.629635,115.66707,34.280876,-7.736549,113.517075,33.856045,5.4322224,124.591385,32.919727,-10.5073595,124.79218,31.353397,13.916233,126.507996,20.37187,-17.836605,125.05952,17.887888,20.28896,99.528534,15.785372,-19.533588,97.33041,16.676933,26.357582,73.82006,18.012691,-19.399042,71.25196,23.11266,4.636623,126.96599,-30.231655,-12.651133,124.495056,-25.95808,24.610813,97.90289,-48.24261,-11.296482,84.38276,-28.132391,39.663788,76.70259,-75.800064,-30.43441,84.10789,-66.93398
-3.3529081,112.09152,31.12342,-1.2831268,115.16583,34.56855,-7.362488,113.09491,33.732483,6.0010953,123.92873,33.27413,-9.917246,124.43666,31.488773,14.3048725,125.96372,20.5184,-17.356361,124.93701,18.409733,20.324177,98.5561,15.880045,-19.243845,97.159546,17.354975,26.120281,73.29947,18.356596,-19.03165,71.12659,23.57162,5.19698,126.50127,-29.97456,-12.858379,125.04743,-25.905909,25.082457,97.221725,-48.173595,-14.344155,84.47933,-29.58657,40.085148,76.13679,-75.86747,-32.364845,83.09777,-68.77062
-2.4569235,111.82636,31.148962,-0.82986015,114.82874,34.877617,-6.6782293,112.39202,33.530476,6.5593677,123.93783,33.655586,-9.3186035,124.024445,31.502132,14.796778,125.170456,20.605904,-16.982458,124.88426,18.820816,20.53446,97.979065,16.108635,-18.7024,97.1998,17.556156,25.636328,72.47028,18.766783,-18.706089,71.12804,23.993816,5.055522,125.480606,-29.784754,-12.914238,124.783966,-25.82557,25.270966,96.3853,-47.926178,-17.337055,84.90248,-30.786419,40.269146,75.50112,-75.927086,-34.19671,81.908936,-70.31688
-1.8001255,111.286385,31.205,-0.3459506,114.25466,35.027374,-6.115072,111.80112,33.42327,7.051071,123.50906,33.632412,-8.814157,123.39432,31.354408,15.278833,124.589294,20.54968,-16.67126,124.43884,18.907776,20.469881,97.12701,16.342176,-18.67517,96.92756,17.85215,24.908747,71.2985,19.320658,-18.440655,71.02829,24.280725,5.0941763,124.861626,-29.85505,-13.05924,124.50342,-25.837872,25.524889,95.7021,-47.551537,-19.484238,84.95572,-31.398605,40.313244,75.283646,-75.95965,-35.234974,81.4049,-71.29292
-1.454534,110.299576,31.394804,-0.016189782,113.88011,34.677948,-5.7672863,111.16387,33.513947,7.2269387,122.52158,33.632496,-8.64802,122.200195,31.131895,15.751502,124.46339,20.21898,-16.299093,124.2323,19.291035,20.135231,96.57183,16.5813,-18.72106,96.92896,17.895733,24.57107,70.77098,19.653517,-18.325588,71.075714,24.345413,5.5197453,124.519104,-29.917894,-13.325699,124.35976,-25.69931,25.749544,95.22311,-47.121628,-21.011782,85.05644,-31.723925,40.26915,75.03477,-75.92696,-35.65393,81.40479,-71.94735
-1.3681165,109.63132,31.292393,0.15263027,113.533516,34.140366,-5.622913,110.70954,33.42746,7.4458857,121.74058,33.55125,-8.474032,121.5711,31.183214,16.179638,124.21411,19.86348,-15.760154,123.96088,19.546507,20.026146,96.30324,16.714033,-18.63483,96.56546,18.201258,24.39467,70.40288,19.956,-18.21268,70.672485,24.400108,4.9962764,123.74851,-29.900143,-13.740837,124.18167,-25.436539,25.838667,94.68038,-47.197544,-21.954212,85.061226,-31.74903,40.3503,74.71437,-75.86431,-35.61644,81.29711,-72.128494
-1.3588492,109.21494,31.1596,0.3500029,113.27384,33.684002,-5.560888,110.72506,33.13431,7.6410723,121.29399,33.275543,-8.304708,121.25313,31.26924,16.321272,124.25177,19.800724,-15.574608,124.027466,19.650745,19.898335,96.39381,17.047768,-18.49874,96.69852,18.374224,24.56048,70.39939,20.091028,-18.126865,70.62678,24.49789,4.6711535,123.43039,-29.74323,-13.972031,124.120224,-25.363241,25.792881,94.608284,-47.325703,-22.541574,85.027466,-31.577194,40.37215,74.50602,-75.84528,-35.669083,81.4151,-72.13043
-1.3107893,108.96705,30.747942,0.43199125,112.76602,33.610725,-5.5106587,110.329,32.825275,7.691319,121.01087,33.11236,-8.262091,121.024765,31.246464,16.61133,123.920166,19.869642,-15.45602,123.91586,19.526377,19.982626,96.17133,17.200102,-18.538937,96.50539,18.504816,24.753963,70.391174,20.158493,-18.12984,70.62208,24.66666,4.469229,123.62634,-29.695047,-14.225724,124.580605,-25.301693,25.64386,94.74505,-47.347095,-22.746729,85.20849,-31.253424,40.09111,74.56151,-75.807785,-35.494637,81.47057,-72.06381
-1.0151167,108.95998,30.563728,0.6994058,112.751274,33.451664,-5.216838,110.235405,32.69703,7.7809625,121.04706,32.91792,-8.340737,120.72265,31.456924,16.736675,123.939156,19.890188,-15.527403,124.035675,19.52031,19.988878,96.034966,17.152063,-18.431614,96.65355,18.913578,24.86651,70.459915,19.966476,-18.26533,70.73299,24.64522,4.377202,124.00942,-29.635221,-14.62763,125.041115,-25.411413,25.470604,95.02767,-47.37303,-23.048018,85.35858,-31.03857,39.85568,74.51021,-75.74916,-35.30323,81.55854,-71.96771
-0.81005037,109.00651,30.384445,1.0740081,112.715576,33.286667,-4.953461,110.51585,32.47164,7.7371335,121.28813,32.706467,-8.37385,120.59177,31.508427,16.634014,124.11895,19.939308,-15.677764,123.853294,19.484304,19.680658,96.43383,16.968714,-17.825285,96.433556,19.57,25.105598,71.0242,19.635902,-18.642115,70.55816,24.573257,4.4288816,124.73034,-29.64851,-15.133834,125.55163,-25.21724,25.209711,95.47431,-47.479454,-22.791195,85.510376,-30.833628,39.502518,74.69037,-75.57909,-35.16497,81.810646,-71.77122
-0.51178944,109.08579,30.105473,1.6435302,111.92565,33.697304,-4.553991,110.76383,32.274426,7.777212,121.60732,32.533592,-8.318262,120.44692,31.436075,16.533459,124.135994,19.675915,-15.771529,124.04162,19.742315,19.564194,96.30166,16.931242,-17.75053,96.50195,19.758303,24.728617,70.63351,19.600075,-18.949333,70.630325,24.302776,4.1722693,125.033676,-29.696459,-15.382786,125.95968,-25.066637,25.012104,95.94961,-47.566074,-22.257332,85.64195,-30.621822,39.334965,74.93236,-75.59918,-35.2708,81.76926,-71.50732
-0.6304396,108.54887,30.01326,1.9546899,110.93307,33.652763,-4.3625445,110.715866,32.29478,8.022977,120.8096,32.455948,-8.0826025,120.233635,31.426231,16.319155,123.8948,19.62359,-15.673828,124.262054,19.767878,19.655706,96.235146,16.77609,-17.861448,96.66664,19.871525,24.580976,70.550514,19.47914,-19.22223,70.68744,23.994757,4.1725383,125.62367,-29.693735,-15.437893,126.416145,-24.991705,24.740969,96.42172,-47.52581,-21.804636,85.83006,-30.49495,39.14042,75.31242,-75.48335,-35.511806,82.12123,-71.166405
-0.6600758,108.53538,29.96717,2.0856905,110.92027,33.48672,-4.296467,110.464035,32.587788,8.142529,120.675766,32.39754,-7.9433417,120.29857,31.575275,16.539341,124.23086,19.329815,-15.5842085,124.24554,20.010359,19.623371,96.37124,16.643152,-18.05479,96.73355,19.815437,24.583485,70.54592,19.482382,-19.782993,70.73955,23.774874,4.289955,126.50713,-29.608139,-15.439721,126.84708,-25.14471,24.614498,96.72694,-47.35513,-21.295847,86.27838,-30.623625,39.06597,75.50186,-75.34423,-35.887398,82.31576,-70.99468
-0.7342421,108.46113,30.039972,2.1124759,110.75949,33.531494,-4.278864,109.808556,33.113003,8.413198,120.399536,32.352276,-7.627779,120.472824,31.693932,16.60271,124.249886,19.420893,-15.432086,124.24373,20.130163,19.735228,96.42927,16.447325,-18.228132,96.70344,19.651045,24.947063,70.66473,19.274944,-20.49777,70.69407,23.389652,4.4079604,126.95887,-29.442211,-15.531689,127.15753,-25.166574,24.503942,97.02699,-47.232437,-20.957016,86.75362,-30.973644,39.081585,75.72803,-75.2571,-36.516586,82.229385,-70.97273
-0.6116372,108.31862,30.249498,2.2983077,110.51095,33.75992,-4.1009192,109.66288,33.389637,8.609881,120.24371,32.340736,-7.4186854,120.41312,31.863745,16.462263,124.003624,19.64348,-15.2787695,124.10063,20.255867,19.847681,96.59257,16.35787,-18.231487,96.579025,19.535572,25.674267,71.34362,18.810564,-21.436207,70.57525,23.083366,4.09921,127.00101,-29.474009,-15.785948,127.15432,-25.122952,24.402384,97.09447,-47.134434,-20.341648,86.780685,-31.453966,38.94454,75.75889,-75.1225,-37.133232,82.17846,-70.98239
-0.37397635,108.29834,30.229805,2.4821098,110.541016,33.751804,-3.8929944,109.50505,33.39227,8.733197,120.330864,32.10638,-7.3523746,120.231766,32.02291,16.483328,123.95119,19.80284,-15.106407,124.051155,20.438408,20.17016,96.67492,16.322414,-18.294397,96.53559,19.473063,25.841293,71.30812,18.846802,-21.75359,70.55805,22.881065,3.603342,126.680084,-29.473398,-16.16177,127.2487,-24.9197,24.237217,96.92987,-46.76344,-19.396225,86.76503,-31.991999,38.53071,75.77796,-75.05215,-37.74962,82.20247,-71.06708
-0.022151062,108.47091,30.111744,2.7577212,110.7023,33.697292,-3.6152792,109.711716,33.169884,8.976961,120.62115,31.834076,-7.0526943,120.35773,32.098976,16.605387,124.07638,19.73902,-14.681711,123.706276,20.828764,20.190723,96.7011,16.38513,-18.53795,96.37666,19.55339,25.487635,70.92356,18.841454,-21.970251,70.46,22.745369,3.268159,126.72404,-29.50434,-16.150063,127.421005,-25.135574,24.022839,96.51695,-45.795822,-18.9397,86.97664,-32.507904,37.887405,76.16193,-74.75233,-38.22703,82.12624,-71.309135
0.35015205,108.65856,29.992079,2.9949448,110.85447,33.69969,-3.3462236,109.79162,32.9713,9.236828,120.91871,31.629158,-6.787856,120.46809,32.027683,16.661716,124.25586,19.597208,-13.93404,123.588554,21.618969,20.171627,96.78926,16.393301,-18.839018,96.533646,19.363098,25.486603,70.93681,19.022121,-22.077517,70.51066,22.507975,3.181965,126.798386,-29.385906,-16.025026,127.93861,-25.423073,23.6589,95.862686,-44.340717,-18.957119,87.448784,-33.2184,36.726738,76.49238,-74.473854,-38.502674,81.79821,-71.98064
0.93590814,108.91517,29.91606,3.4653468,110.678795,33.922813,-2.8393853,109.66466,32.915264,9.658288,121.420906,31.60523,-6.3705554,120.65148,31.879335,16.841478,124.269806,19.50115,-13.660455,123.65184,22.120558,20.321945,96.8942,16.15389,-19.046494,96.55779,19.079458,25.591995,71.06674,19.028322,-22.115168,70.42129,22.212708,3.564708,126.81213,-29.228703,-15.785262,128.07045,-25.985357,22.743732,94.493004,-42.681213,-19.328651,87.79783,-33.85511,34.81422,77.36495,-73.9822,-38.791653,81.305405,-72.6022
1.6441559,109.07287,29.837332,4.1622853,110.83142,33.846985,-2.1275232,109.680786,32.875977,10.215765,121.70575,31.536972,-5.813917,120.68066,31.95597,17.08765,124.70598,19.35724,-13.445579,123.47123,22.264715,20.64726,97.15899,16.12246,-19.502544,96.61608,18.421658,25.836565,71.27311,18.966576,-21.989227,70.52601,22.039076,4.136936,126.943214,-28.798458,-15.136656,127.95706,-26.721756,21.04352,93.054695,-40.591217,-20.047663,87.63509,-34.663055,32.53597,78.523575,-72.97846,-39.246998,80.39776,-73.47201
2.366532,109.161644,29.721676,5.0133295,111.374794,33.427563,-1.3046856,110.08788,32.798153,10.978748,121.644875,31.822735,-5.1406484,120.796745,31.698517,17.130583,124.43023,19.115671,-13.377641,123.63534,22.086834,21.005384,96.90286,15.762773,-18.997591,96.70812,18.42113,26.111425,71.09332,18.818832,-21.945927,70.6071,21.778378,4.815192,126.87254,-28.48574,-14.991677,127.84321,-27.308924,19.285397,91.59841,-38.3199,-20.718235,88.0488,-35.43597,29.2551,80.66403,-71.58182,-39.485287,79.95766,-74.31991
3.2298815,109.47194,29.926981,6.0549064,111.66776,33.508965,-0.3112354,110.504456,33.117523,11.439085,122.08048,31.923344,-4.6334357,120.925575,31.735456,17.318848,124.33552,18.603945,-13.514135,124.01761,21.742487,21.32237,96.88649,15.315578,-19.10167,96.875175,17.606218,26.379436,71.13314,18.419132,-21.906803,70.6213,21.342127,5.597376,126.893394,-28.404325,-14.587295,127.85651,-27.693739,17.496273,90.21823,-35.952,-21.38903,88.48476,-36.178047,26.22653,81.93637,-69.985054,-39.6211,79.26659,-75.028595
4.0545955,109.82139,30.131514,6.943172,112.04249,33.64118,0.525917,111.25805,33.170273,11.970087,122.56013,31.959755,-4.0780616,121.21388,31.544044,17.658993,124.71255,17.964798,-13.215754,124.17809,21.425926,21.757889,96.91674,14.79049,-18.795677,96.88923,17.140793,26.78042,71.276276,17.99671,-22.072735,70.57439,20.847898,6.594068,126.78035,-28.372583,-13.753953,128.05585,-28.045685,15.508186,88.86312,-33.41927,-22.22818,89.224754,-36.780056,22.056433,84.17316,-68.43474,-39.7054,78.13866,-75.56105
4.6500115,110.36158,30.14565,7.695641,112.69041,33.448036,1.277668,111.759926,33.37421,12.372768,123.242645,31.787712,-3.6456676,121.671425,31.61543,18.050232,124.53832,17.25032,-12.882874,124.836105,21.032396,22.41711,96.895905,14.551497,-18.540512,97.29032,16.808199,27.043507,71.18806,17.967205,-22.635658,70.86482,20.02711,7.4728394,126.59261,-28.226818,-12.877625,128.24748,-28.637207,13.2413645,87.71188,-30.634375,-23.014284,90.279175,-37.501205,18.686134,85.119125,-66.27129,-39.310658,78.53633,-76.73688
4.9970274,110.93915,29.806726,8.383733,113.14704,32.827805,1.9516695,112.47107,33.291824,12.6295395,123.89016,31.416523,-3.3463135,122.18881,31.653715,18.823425,124.545105,16.713066,-12.287433,125.35984,20.793259,23.098942,96.7982,14.181191,-18.24739,97.70408,16.559086,27.426367,71.27388,17.730864,-22.44511,71.14505,19.763655,8.347504,126.25913,-28.154448,-11.642049,128.85489,-29.270147,10.34308,87.145454,-27.559715,-23.64368,91.51344,-38.45672,14.5958395,86.244736,-63.604095,-38.98515,78.766,-77.69259
5.1773386,111.413536,29.80518,8.780229,113.666336,32.550274,2.3608057,113.25301,33.330288,13.07773,124.00017,31.351665,-2.9314811,122.856575,31.626118,19.676325,124.90923,15.934746,-11.813236,125.94451,20.339806,23.521803,97.27988,13.5917635,-17.978746,98.107025,16.28912,27.651596,71.31808,17.222275,-22.098825,71.56444,19.459175,9.319725,125.324844,-28.101313,-9.908126,128.91328,-29.935608,7.2702336,86.607834,-24.488102,-24.414673,92.83809,-39.496487,10.954084,86.77916,-60.78281,-38.644783,78.80369,-78.69608
5.4321547,111.950005,29.931932,9.220049,113.92752,32.634903,2.7864652,114.3177,33.2641,13.601475,124.393974,31.108744,-2.4310791,123.66674,31.471655,20.308735,125.13904,15.353783,-11.126276,126.48713,20.019205,24.009926,97.51717,13.15608,-17.588083,98.834595,16.055784,27.770218,71.60923,16.751184,-21.875137,72.3789,18.899942,10.030943,124.57322,-28.354912,-8.740269,128.53412,-30.476479,4.5060635,86.58114,-21.511635,-25.297485,93.914406,-40.33501,7.081136,86.38733,-57.87097,-37.688835,79.046295,-80.098305
6.0527034,112.969765,29.643818,10.0218525,114.551346,32.34553,3.646667,115.205,33.242638,14.211091,125.51399,30.706818,-1.758122,124.72871,31.255583,20.963842,125.440506,14.83749,-10.158584,127.47055,19.668255,24.680862,97.82131,12.647321,-17.1504,99.83241,15.785043,27.095442,71.74011,16.904194,-21.806484,73.68607,18.264433,10.625072,123.77463,-28.787214,-7.3642592,128.80226,-31.075823,1.2792958,86.7219,-18.638107,-26.04869,95.17765,-41.1338,3.182884,85.75549,-54.90377,-37.473167,79.06154,-80.762405
6.7644744,114.09527,29.526999,10.814388,115.516785,32.20614,4.4750957,116.26722,33.23487,15.045683,126.5099,30.054153,-0.9525447,125.97948,31.099392,21.796879,125.453705,14.209083,-8.933147,128.70058,19.445053,25.240007,97.86468,12.022619,-16.795843,101.28613,15.369112,26.670424,71.78453,16.642715,-21.769024,75.13207,17.613598,11.014278,123.07684,-29.18408,-6.620765,128.1523,-31.300476,-2.5064197,88.02821,-15.515934,-26.64747,96.1116,-41.829025,-1.0705822,84.29652,-51.81104,-36.525433,79.1433,-81.78317
7.632189,114.88972,29.624823,11.826954,116.40051,32.015873,5.5675244,117.611374,33.09344,15.990096,127.27265,29.38518,0.033373874,126.87978,30.91941,22.726849,125.64694,13.544793,-7.821008,129.3821,19.017454,25.675436,98.12638,11.362813,-16.493902,102.53299,14.5688,26.183758,72.13057,15.932657,-21.72228,76.553185,17.099272,11.017588,122.45551,-29.288736,-5.870354,127.9604,-31.261837,-5.6786766,89.36069,-12.623559,-27.353138,97.07373,-42.61791,-5.9034796,82.49087,-48.24481,-35.81093,79.27057,-82.527664
8.384572,115.66998,29.792955,12.713945,117.40613,31.75181,6.529555,118.85962,32.968983,16.939491,127.87777,28.975754,1.0142776,127.71018,30.769432,23.502237,125.639275,13.392222,-6.743482,130.37077,18.772203,25.797514,98.283615,10.804377,-16.68666,104.047226,13.816456,25.725847,72.30887,15.049048,-21.487041,77.97467,17.167645,10.282172,122.07329,-29.158636,-5.6106057,127.637,-31.344788,-8.498125,90.71422,-10.389948,-28.09423,97.75519,-42.940674,-8.902758,82.341286,-46.34897,-34.866707,79.274475,-83.07787
9.271404,116.46763,29.838465,13.706225,118.230896,31.523785,7.5979457,119.70813,33.065018,17.85694,128.56409,28.607788,1.924702,128.57442,30.80425,23.605965,125.953354,13.006943,-5.9119015,131.84555,18.298985,25.769434,98.38582,10.131371,-17.360262,106.4852,12.988486,25.456758,72.704445,13.698381,-22.236034,80.166435,16.844172,9.399065,121.58364,-29.031197,-5.7111397,127.456825,-31.744665,-10.983215,92.64572,-8.400686,-28.599627,97.77861,-43.448177,-10.535902,80.15492,-42.73603,-33.250355,79.85679,-83.446884
10.470874,117.0596,29.531866,14.8347645,118.992035,31.223377,8.697414,120.01614,32.973415,18.939413,129.18082,28.41747,3.0127017,129.11409,30.629677,23.94014,126.02894,12.616779,-5.3694406,133.1551,18.036732,25.523031,98.441635,9.845375,-17.794489,108.45226,13.106773,26.987339,72.07642,12.302059,-24.004457,82.90816,16.332445,8.423825,120.73524,-28.92955,-5.9483657,127.16742,-32.103035,-13.177303,94.507256,-6.979753,-28.984488,96.72104,-43.26122,-12.554483,78.927414,-39.886936,-32.996475,79.92953,-83.85548
11.797497,117.42817,29.48098,16.091593,119.751274,30.848967,9.992657,120.33137,32.95158,20.44246,129.30089,27.82622,4.5242496,129.55829,30.306425,24.394526,126.222565,12.379502,-4.8132625,133.78021,17.857428,25.688221,98.54556,8.996261,-17.837101,109.24388,13.997256,27.835443,72.17551,11.155635,-25.780008,84.340126,16.049343,7.752949,120.16074,-28.604961,-5.7056656,126.81178,-32.40451,-15.412594,95.62979,-6.168194,-29.533316,96.40845,-43.31318,-15.548833,77.284454,-37.386833,-33.888813,79.44255,-83.97192
12.8963585,118.24848,29.291931,17.21105,120.585434,30.558949,11.137946,121.236755,32.716877,21.650434,129.99161,27.348999,5.814449,130.47491,30.116703,24.820671,126.53542,12.394781,-3.8945146,134.45534,17.513384,26.688492,98.44915,8.127487,-17.976213,110.47284,14.353696,28.993664,71.909996,10.037742,-27.105352,86.33554,16.487745,7.541134,119.66277,-28.052423,-5.797167,125.97081,-32.261356,-17.422562,96.41012,-6.0550866,-30.074743,96.02823,-43.241432,-19.487284,74.98623,-35.155575,-34.99636,78.72826,-84.18242
13.965419,118.910126,29.624334,18.325153,121.08167,31.012955,12.208336,122.14723,32.815533,22.860008,130.47165,27.32456,7.036552,131.26672,30.140205,25.403805,126.28361,11.897407,-2.839094,135.41467,17.358189,27.137589,98.52695,7.5942645,-18.136639,112.18733,14.662096,29.400902,72.103294,9.60521,-28.513432,88.554245,16.889996,6.866337,118.50576,-27.551268,-5.9174695,124.90713,-31.693382,-19.793455,96.366165,-6.986797,-30.643866,95.64526,-43.108517,-21.847591,73.29667,-35.2423,-35.512554,78.44274,-84.34249
15.053264,119.5758,30.019701,19.489414,121.65145,31.327799,13.405436,123.08989,32.96471,23.867376,131.08374,27.304594,8.093211,131.92299,30.135818,25.989004,126.49418,11.76562,-1.689104,136.08244,17.109503,27.541746,98.64382,7.05795,-18.286419,113.77862,14.754937,29.70039,72.07717,9.113043,-29.886326,90.67341,17.357748,6.0696445,117.59996,-27.096361,-6.861617,123.83848,-30.501122,-21.646183,95.94798,-8.687354,-31.630573,94.98522,-42.751118,-23.107899,71.88998,-34.98689,-36.10136,78.54247,-84.88858
16.000618,120.36805,30.3885,20.489685,122.552246,31.273232,14.516855,123.98823,33.29388,24.879992,131.72948,27.148752,9.1301155,132.7438,30.187746,26.356636,126.88833,11.806604,-0.32212538,136.8235,16.962337,27.999025,98.59341,6.6504664,-18.234522,115.54472,14.8908205,30.073727,71.75997,8.496061,-31.0519,92.94729,17.94906,5.5421243,116.63354,-26.646786,-7.574759,122.72722,-29.495687,-22.722153,94.487335,-9.945984,-32.483627,94.41653,-42.255714,-25.643719,69.833466,-35.874607,-36.95597,78.53283,-84.82868
17.031366,120.90618,30.869932,21.523,123.22661,31.249794,15.6614,124.7906,33.486137,26.004036,131.96782,26.919424,10.322522,133.31161,30.259691,26.949184,126.845406,11.379978,0.9733107,137.19214,17.004715,28.645874,98.734955,5.894412,-18.239391,116.85923,14.944553,30.498669,71.81814,7.7120485,-32.064766,94.94808,18.472252,4.927041,115.68281,-26.223846,-7.7912526,121.767654,-28.199667,-24.885548,92.99367,-11.518337,-32.73947,93.17017,-41.017284,-28.133474,68.64897,-37.17977,-38.682503,78.14887,-84.05403
17.68456,121.52274,30.923227,22.210997,123.79619,31.117746,16.397848,125.583755,33.30176,27.036932,132.14635,26.705791,11.413725,134.08316,30.169552,27.722994,127.02908,10.825711,1.8644272,137.36803,16.928741,29.119612,98.9327,5.2344737,-18.48902,118.127365,14.597731,30.762829,72.03678,6.9803762,-32.544273,96.56389,19.481293,4.227249,114.62553,-26.19367,-8.629973,119.736725,-26.202105,-25.588776,91.64554,-13.80867,-33.569183,91.533516,-39.259407,-29.959845,68.71041,-39.532543,-39.6601,78.55391,-81.27001
18.656813,121.84994,31.048918,23.226377,124.0288,31.221323,17.411192,126.08642,33.127182,28.215206,132.20033,26.514809,12.737698,134.54366,29.931393,28.284956,126.95826,10.152668,2.5726192,137.91098,16.566656,29.4848,98.90158,4.358088,-18.77346,119.696686,14.17301,30.704058,71.93625,6.087985,-33.879696,99.06672,19.668861,3.9682908,114.23357,-26.135057,-9.434779,118.56225,-24.807678,-25.324326,91.4072,-14.420448,-34.420765,90.36964,-37.61663,-31.703882,68.95022,-40.511177,-41.7251,78.81211,-79.3599
19.639933,122.43184,31.031494,24.173391,124.66758,31.35494,18.239717,126.773705,32.761875,29.77312,131.86649,26.025291,14.279796,135.22853,29.289425,29.142859,126.67958,9.348033,3.3401957,138.51364,16.289055,30.006296,98.61991,3.6853545,-18.748087,121.43883,13.652214,30.984463,71.42555,4.7631183,-35.680756,102.50973,19.28117,3.7119138,113.42394,-25.512056,-10.239244,117.91448,-24.178381,-25.491543,91.064186,-14.030246,-35.24312,89.31997,-35.641647,-33.156773,69.32971,-40.560856,-44.732166,78.53881,-77.558784
20.33537,122.82321,30.993921,24.743124,125.305084,31.09462,18.696806,127.2161,32.38622,30.808157,131.59837,25.359833,15.485208,135.66048,28.694641,29.95942,126.20913,7.955879,4.203964,139.07808,15.881453,30.5173,98.31968,2.9108799,-18.760891,123.19183,13.095692,31.339333,71.28033,3.6620505,-36.445274,105.17019,19.385998,3.1078644,112.820854,-25.58653,-11.269472,117.26352,-23.932648,-26.427107,90.42682,-12.903777,-35.981102,88.38999,-33.112453,-34.51376,69.88695,-40.1088,-45.798935,79.29718,-75.77698
20.852623,123.375565,30.331795,25.37273,125.67906,30.30924,19.441301,127.8301,31.739685,31.621649,131.66132,24.367613,16.49673,136.25742,27.830896,30.643648,126.12719,6.640405,4.99708,139.63687,15.428445,30.85053,98.163734,2.019417,-18.61806,125.08007,12.269983,31.615469,71.13539,2.6591396,-37.77168,108.84139,18.587313,2.256375,112.15732,-25.285372,-11.632768,117.07852,-24.080397,-26.813585,89.65717,-10.542207,-36.545456,87.63844,-30.49394,-35.701626,70.63883,-38.83923,-47.06497,79.65753,-72.94279
21.804586,123.95083,29.52365,26.282574,126.33311,29.419302,20.306627,128.41484,30.79821,32.459522,132.03998,23.1662,17.353622,136.8548,26.924646,31.259417,125.93405,5.13926,5.7709255,140.21869,14.337856,31.184938,97.82281,0.89258987,-18.721668,127.05081,10.853793,31.68701,70.86197,1.4348024,-38.08927,111.27137,18.237087,1.268491,111.09663,-25.358826,-11.473608,116.43495,-23.74867,-27.155075,88.887276,-8.690527,-36.889717,87.00514,-27.075323,-38.3183,70.12326,-36.706398,-48.73008,79.72704,-69.14765
23.184988,124.50003,28.562986,27.442348,127.22634,28.235289,21.328373,128.92653,29.47033,33.529736,132.5963,21.716099,18.336994,137.00502,25.069956,31.643583,125.72187,3.5006196,6.6963077,140.77313,12.990559,31.492334,97.62116,-0.2394282,-18.569569,129.19858,9.632557,31.923143,70.85462,0.2601286,-38.726795,114.7765,17.281933,-0.005775674,109.619675,-24.526522,-11.438915,116.034615,-23.907543,-27.748167,88.69513,-6.5611954,-36.816223,86.702415,-23.064222,-41.161224,69.95238,-34.037468,-51.111137,79.350586,-64.38408
24.045746,125.25849,27.495247,28.463503,127.737465,27.172955,22.472979,129.80946,28.311205,34.412613,133.18762,20.595156,19.089718,137.6042,23.481922,32.499474,125.82458,2.0798004,7.5086985,141.52837,11.682015,31.70293,97.65819,-1.4855753,-18.151123,131.4912,8.673995,32.01945,70.763145,-0.9767776,-39.366013,118.58785,16.016314,-0.6377335,108.04473,-24.149387,-11.609088,115.72313,-24.409878,-28.420685,88.38501,-5.343776,-36.521214,87.05513,-18.842318,-44.668926,69.49835,-30.71516,-52.840332,79.26233,-59.585735
24.547203,126.09186,26.560488,29.046919,128.40607,26.168083,23.139278,130.70856,27.313837,35.04227,133.68831,19.483603,19.739996,138.36026,22.275429,32.93614,125.7443,1.0624552,8.468205,142.1627,10.491861,31.865788,97.75336,-2.5706728,-17.646437,133.86226,7.5154004,32.23187,70.85902,-2.060743,-39.953,122.85982,14.529007,-0.48192233,107.80801,-24.265636,-11.976218,115.75955,-25.285564,-28.95071,88.2278,-4.475696,-36.907303,88.04272,-15.412666,-46.88736,68.58855,-26.639225,-54.214714,79.01452,-54.68996
24.9967,127.08001,25.611341,29.57256,129.22888,25.156279,23.739332,131.76251,26.213434,35.462795,134.32315,18.257086,20.268309,139.2632,21.027565,33.384113,125.56857,-0.38781062,9.323552,142.76648,9.202545,31.871128,97.545876,-3.5069642,-17.352959,136.48203,7.021027,31.978016,70.65867,-3.1282148,-41.303547,127.821236,12.622326,-0.4086346,107.60491,-24.1575,-12.19918,115.42079,-25.527777,-28.357573,88.20125,-3.3643687,-37.315807,89.33361,-11.798564,-48.27275,68.24326,-23.587572,-55.386055,78.22699,-49.652832
25.297115,127.89826,24.512476,29.867744,130.05042,24.023888,24.020113,132.59961,24.884048,35.68195,135.01608,16.915445,20.48946,139.94278,19.640818,33.53706,125.691864,-1.6311259,9.590265,143.45224,7.695597,31.57115,97.61419,-4.4270945,-17.316946,138.68945,6.3910213,31.53432,70.64089,-4.1737704,-42.003784,131.95158,11.686582,-0.3636222,107.01704,-24.507969,-12.574291,115.09052,-25.811954,-26.717508,88.86138,-2.062871,-37.848415,91.2097,-7.892942,-48.303654,67.78274,-20.469019,-56.46096,76.67632,-44.77313
25.303782,128.90456,23.680616,29.86536,131.0758,23.223003,23.968685,133.60553,23.779997,35.596836,135.74678,15.691908,20.422144,140.7703,18.40383,33.53944,125.69765,-2.5394773,9.927654,144.04694,6.2558537,31.18809,97.59242,-5.298116,-17.299221,140.9731,5.857692,30.916346,70.66034,-5.1857533,-42.43053,135.73335,11.238164,-0.65526515,106.3497,-24.931871,-13.253963,115.103065,-26.221174,-25.79803,88.624275,-1.5204664,-38.01215,93.56185,-4.181887,-47.72765,67.6075,-18.921118,-55.55152,75.41675,-39.3312
25.141685,129.91917,22.696882,29.761679,132.01416,22.482632,23.881292,134.63817,22.654701,35.534756,136.41978,14.601013,20.385317,141.70557,17.111103,33.25895,125.71273,-3.3485453,10.181145,144.7676,4.9056635,30.880058,97.63079,-6.2311325,-17.180574,143.0222,5.088417,30.285015,70.69914,-5.9986463,-42.379242,139.68114,10.991649,-0.93729556,105.57208,-25.13833,-13.774779,114.78157,-25.619514,-25.02155,87.9689,-0.37228134,-38.15936,95.881294,-0.55800086,-48.396862,68.42541,-18.742317,-53.460228,75.2153,-34.523293
25.163177,130.83168,21.555899,29.790257,132.93153,21.586332,23.902222,135.55579,21.548702,35.7714,137.05513,13.552541,20.706184,142.68227,15.870187,33.27972,125.814476,-3.9392812,10.513594,145.39026,3.7183502,30.755165,97.44008,-6.923282,-16.854795,145.02611,4.885525,30.018,70.628044,-6.647437,-41.924168,143.40248,11.670806,-1.4547141,104.54254,-25.166304,-14.351733,114.418274,-25.181332,-24.923893,87.20738,-0.028240772,-38.14772,98.043625,2.5378284,-50.10086,69.26187,-18.503994,-52.141834,75.03272,-30.536299
25.23105,131.7836,20.477852,29.800589,133.9795,20.395702,23.815405,136.4549,20.535376,35.98279,137.81068,12.380568,20.931087,143.56648,14.505055,33.38256,125.80233,-5.16769,10.856323,146.16943,2.3671849,30.635279,97.35768,-7.5527687,-16.243448,147.19743,5.1268177,29.716513,70.61094,-7.283237,-41.10609,147.46182,12.550941,-1.7929689,103.88307,-24.783813,-14.547455,114.12711,-24.523016,-24.782938,86.09286,0.61377776,-38.335205,100.70077,5.0975857,-52.66377,70.05491,-17.28084,-50.879726,75.06448,-27.459496
25.196568,133.03883,19.754917,29.8922,134.9103,19.376156,24.110485,137.77374,19.205572,35.837288,138.51318,11.190212,20.717255,144.2581,12.884294,33.014782,125.947014,-6.136939,10.842444,146.84843,0.67765015,30.299793,97.47072,-8.180161,-15.890462,149.40677,4.842676,29.06184,70.5664,-8.075674,-40.103115,151.34091,13.492041,-2.5713105,102.89528,-23.402826,-15.3857565,113.99905,-23.544588,-24.873446,85.80169,2.4209833,-38.823265,103.25796,7.2206516,-52.387943,69.880356,-16.016102,-48.937355,75.15615,-25.708862
24.831375,133.74544,18.35792,29.474482,135.74628,18.034073,23.593828,138.43712,17.871975,35.672237,139.19122,9.944946,20.621256,145.06702,11.447242,32.548298,126.066956,-6.917154,10.718044,147.29715,-0.7125789,29.738281,97.46609,-8.807625,-15.550889,151.60794,4.0792003,28.30581,70.58254,-8.6301,-38.832275,154.81557,14.367072,-3.5510845,102.23862,-22.419197,-16.388498,113.85606,-22.55634,-24.607796,85.24416,4.5500093,-39.396782,105.454834,9.196504,-52.180965,70.85332,-13.11239,-44.995323,76.01157,-24.693556
24.847689,134.76228,17.218134,29.54396,136.63225,16.79448,23.773127,139.49448,16.707554,35.496677,139.87772,8.4209795,20.474274,145.89523,10.013039,31.951372,125.94065,-7.4609923,10.095084,147.69168,-2.08481,29.071592,97.43459,-9.524797,-15.8404875,153.73183,2.8830547,27.267248,70.5911,-9.058493,-37.49304,159.04774,15.650157,-4.512277,101.41077,-22.180475,-17.402008,113.30916,-21.901472,-23.540049,85.14573,6.890221,-40.04316,107.43384,10.602299,-51.612354,70.41942,-9.21588,-42.077656,76.769325,-23.752998
24.577028,135.6163,15.775373,29.29025,137.47235,15.468509,23.523851,140.3503,15.254214,35.351604,140.43452,6.9494934,20.363169,146.60777,8.25491,31.388905,125.81354,-8.064853,9.803582,147.88696,-3.528523,28.438478,97.330925,-10.388052,-15.653656,155.65492,1.5544285,26.278484,70.52268,-9.639333,-35.075214,162.71138,16.830553,-5.596074,100.57992,-21.369274,-18.127916,112.9019,-21.37443,-22.153896,84.72989,9.656744,-40.505363,108.58597,12.055326,-51.180935,70.48162,-5.714519,-40.722298,76.661964,-21.720568
24.444777,136.39403,14.357813,29.125998,138.30917,14.073149,23.27532,141.07573,13.711822,35.192368,140.91429,5.351809,20.26618,147.23051,6.5237336,30.658009,125.81855,-8.855604,9.36789,148.08907,-5.0090785,27.754368,97.478065,-11.148619,-15.48205,157.59593,0.31656766,25.199167,70.68622,-10.265602,-32.166874,165.83975,17.91312,-6.5354714,100.02725,-20.375008,-18.89757,112.68117,-19.937834,-20.365454,83.37943,11.630823,-40.996128,109.16008,13.731817,-50.708027,71.00584,-2.8116834,-40.132496,76.82737,-19.207222
23.868795,137.51605,12.795564,28.697756,139.05359,12.588391,23.144602,142.32808,12.432852,34.697292,141.30435,3.5608237,20.036484,148.22696,4.5936203,29.823769,125.51995,-9.6263485,8.52192,148.2156,-6.4544296,26.671864,97.42105,-11.887553,-15.661825,158.80998,-0.7632328,23.78462,70.78195,-10.889268,-28.651579,168.66266,19.0078,-7.505629,99.577354,-19.469927,-19.62693,112.04371,-18.824024,-17.08887,83.06689,13.729991,-41.617798,109.677155,15.535127,-48.455273,71.21934,0.20353825,-40.639194,76.51263,-16.532923
23.753462,138.2985,11.308533,28.595818,139.7871,11.103458,23.08346,143.12904,11.1636305,34.450912,141.95036,1.7236432,19.737543,148.72322,2.8403044,29.051813,125.38596,-10.615584,7.876394,148.08743,-7.6803217,25.789888,97.26923,-12.539765,-15.701581,159.61836,-1.4183526,22.631824,70.73783,-11.483844,-25.235071,170.8923,19.580376,-8.51135,98.94429,-18.465208,-20.988544,110.8204,-17.599123,-14.983789,82.90471,15.773968,-42.04453,109.38891,17.24532,-45.80965,69.37831,2.5050125,-41.696598,76.53768,-13.442044
23.656767,139.14893,10.19808,28.516623,140.5514,9.965203,23.045881,143.98224,9.991678,34.099903,142.35387,0.16137591,19.451336,149.21082,1.3484291,28.393276,125.25118,-11.640723,7.0615697,147.88266,-8.8907175,25.078178,97.20865,-12.93656,-15.744114,160.4951,-2.0177662,21.647196,70.75327,-12.11558,-21.810661,172.91026,19.769861,-8.929426,98.22101,-17.315401,-21.849386,109.64571,-16.620056,-14.152389,83.04828,17.736048,-42.800285,108.730415,18.565815,-44.591198,68.11622,5.023256,-41.073273,76.19138,-11.222944
23.721828,139.84865,9.0199995,28.560648,141.33356,8.766236,23.0429,144.67012,8.778446,33.874275,142.74374,-1.3822335,19.354988,149.7015,0.011277901,27.892588,125.13115,-12.536901,6.25968,147.73557,-9.849994,24.271208,97.17671,-13.494352,-15.772941,161.23735,-2.2280445,20.808914,70.69051,-12.744973,-18.112764,174.6466,19.634197,-9.148543,97.53874,-15.962467,-22.598352,108.51087,-15.848116,-14.564493,83.64666,19.799582,-43.82143,108.5405,19.300516,-44.342556,67.49006,7.7169995,-39.42595,75.961395,-8.980174
23.347815,140.52922,7.8122053,28.190313,141.9917,7.5174546,22.672337,145.34842,7.5513425,33.557316,142.92104,-2.7441752,19.4294,150.45088,-1.3469039,27.359438,125.00103,-13.429064,5.56144,147.34471,-10.782282,23.626537,97.137215,-14.069252,-15.690228,161.74884,-2.2272146,19.915537,70.66142,-13.224741,-14.1625,175.89977,19.170603,-9.3424225,97.02975,-14.83585,-23.33131,106.77676,-14.954428,-14.382874,84.73102,21.487206,-45.07895,107.9022,19.910782,-44.639343,67.710976,10.749722,-37.032505,75.74252,-6.5854053
23.195984,141.02538,6.73975,28.026546,142.45818,6.216491,22.534887,145.84398,6.4381547,33.149155,142.92351,-4.0758667,19.24356,150.7648,-2.6338325,27.063574,124.97492,-14.636486,5.0144377,147.22244,-11.759949,23.126688,97.082436,-14.797923,-15.667117,162.11763,-2.138879,19.309593,70.69947,-13.852413,-9.887667,176.69853,18.294592,-9.172323,96.32279,-13.969862,-23.02968,105.991905,-14.378552,-15.24936,86.089516,22.901312,-46.804867,107.8366,19.34707,-46.314507,67.71855,16.575804,-34.53891,75.77096,-4.269409
23.346241,141.63744,5.6989884,28.16158,143.08684,5.0625772,22.650639,146.44054,5.2335925,33.086483,143.25569,-5.3614182,19.092207,150.90846,-4.00602,26.9368,124.77756,-15.42516,4.687206,147.13535,-12.701474,23.02873,96.88207,-15.627732,-15.034798,162.16869,-1.563309,18.981005,70.56179,-14.411861,-5.2343245,177.00967,17.107769,-8.865896,95.73098,-12.861807,-23.046244,105.4211,-14.020385,-16.769163,86.93654,24.012026,-48.914345,108.00559,18.126284,-49.338882,69.44001,23.741367,-32.76724,75.31549,-3.0034375
23.3443,142.01462,4.614334,28.138655,143.46803,3.8842795,22.598549,146.79213,4.0110116,33.093987,143.64778,-6.498375,18.885487,151.01894,-5.2521296,27.00245,124.670685,-15.617607,4.320473,146.80055,-13.341681,23.05098,96.874855,-16.128696,-14.18078,162.35332,-0.7975601,18.816343,70.70073,-14.96441,-0.54979205,176.69041,15.625118,-8.374424,95.166985,-11.816194,-23.113598,104.91657,-13.964347,-19.477442,87.75721,24.736803,-50.42995,107.50941,16.888592,-51.95907,70.93106,30.465448,-31.166168,74.560776,-1.8445878
23.076824,142.7192,3.8004782,27.85382,144.24336,3.080654,22.253035,147.45547,2.9792314,32.926174,144.02774,-7.2835317,18.636528,151.3091,-6.4128876,27.011972,124.60412,-15.658409,4.2529545,146.32019,-14.121927,23.083342,96.899536,-16.468956,-12.835909,162.0586,0.0127817495,18.69629,70.814445,-15.436171,3.8469777,175.92845,13.841455,-7.9401608,94.69155,-10.660694,-23.066881,104.495705,-14.213654,-21.490614,88.38635,25.319937,-51.53627,108.05324,15.230535,-54.24014,73.44379,35.60929,-30.527945,74.340935,0.3818651
22.514229,143.30922,2.994554,27.213636,144.94043,2.0412688,21.507906,147.96942,1.9644244,32.4797,144.38254,-8.068237,18.106781,151.55203,-7.464311,26.93453,124.59119,-15.739816,4.16303,146.02855,-15.011765,22.902653,96.82671,-16.84877,-11.524911,161.37637,1.1610268,17.890379,70.90455,-15.7948885,7.4649525,174.99245,11.641953,-7.811876,94.888275,-9.73527,-23.729908,103.686264,-14.489753,-22.698788,89.13639,26.123493,-51.89477,107.35088,14.440918,-52.806538,74.38796,40.399918,-30.711002,73.55261,2.3852556
21.989326,143.74815,2.360953,26.625505,145.45457,1.2609211,20.834085,148.31566,1.0974357,31.917007,144.58836,-8.737713,17.464003,151.58043,-8.327659,26.600803,124.76907,-15.744745,3.7341673,145.67104,-15.665349,22.557253,96.95968,-16.814493,-10.241501,160.51128,2.475932,17.376219,71.01145,-16.061104,10.419944,173.78123,9.671576,-7.528953,95.253494,-9.293183,-23.882944,103.25981,-14.327114,-23.137594,91.15739,26.606712,-53.15426,107.20627,13.376496,-50.670666,75.58137,44.372406,-30.9024,73.409744,3.7489285
21.412388,144.06033,1.8826784,25.938225,145.98056,0.6642005,19.999952,148.51498,0.4775827,31.350563,144.90298,-9.2517,16.798353,151.64186,-8.930973,26.312191,124.745155,-15.519791,3.574115,145.22095,-16.40115,22.210045,97.04465,-16.73651,-8.77415,159.45175,3.47895,17.169474,71.10446,-16.371494,12.893216,172.27795,7.6936665,-7.3892865,95.84328,-9.1541815,-23.870865,103.385574,-13.858674,-22.802553,94.26455,27.596924,-55.034348,107.94386,11.871357,-48.13254,76.60313,47.5602,-31.65478,73.38011,4.9989123
20.784033,144.50171,1.4020668,25.269108,146.505,0.17690471,19.2833,148.93109,0.018127963,30.6626,145.1805,-9.808301,16.108988,151.91203,-9.490619,25.784779,124.79628,-15.404871,3.2137947,144.92116,-17.036423,21.759418,96.9975,-16.785664,-7.3985095,158.37888,4.3943267,16.839113,71.02674,-16.82671,14.893536,170.88419,5.8632364,-7.353737,96.70251,-7.6058717,-23.856056,103.40955,-13.354606,-22.15991,97.72405,28.754675,-56.54629,108.29636,10.657755,-44.003742,76.33011,49.230762,-33.28042,73.88644,5.81521
20.107718,144.74477,0.9920209,24.47753,146.97015,-0.29229593,18.392643,149.11885,-0.32181227,30.06108,145.57513,-10.113293,15.450018,152.2028,-9.834131,25.223751,124.81967,-15.483968,2.750151,144.61409,-17.56879,21.172728,96.94902,-16.75532,-6.0732923,157.36273,5.2469883,16.550646,70.81716,-17.27412,16.486267,169.4586,4.4462647,-7.5114937,97.80128,-6.09606,-23.979677,103.3236,-12.485319,-21.295803,101.16283,29.840986,-57.58719,108.25943,10.172423,-39.977272,76.42322,49.697166,-34.247807,73.968445,5.829261
19.646349,145.09317,0.7857688,23.839,147.54108,-0.659872,17.646112,149.36246,-0.45332533,29.45518,145.9271,-10.452041,14.745818,152.34152,-10.060947,24.50485,124.79986,-15.59002,2.0636091,144.45088,-17.872042,20.4723,96.92798,-16.702562,-4.9321175,156.22261,6.020059,15.910871,70.59575,-17.6885,17.643082,167.93698,3.4346247,-7.4172297,98.37781,-5.0519395,-23.98003,103.44215,-11.276922,-20.78598,104.631096,30.753063,-58.27637,107.98243,10.278386,-35.74537,77.18188,49.209496,-34.790073,74.04338,5.3267727
19.06398,145.36679,0.63164324,23.276554,147.7169,-0.9147469,17.152426,149.71907,-0.4613101,28.678507,146.00403,-10.7645445,14.102146,152.66235,-10.159044,23.72943,124.92921,-15.841039,1.4209569,144.52065,-17.822456,19.76709,97.002975,-16.669678,-3.814869,155.23157,7.1941223,15.292742,70.630905,-17.829737,18.538652,166.72885,3.0120907,-7.842834,99.28116,-4.012259,-23.845106,103.822784,-10.276258,-20.717934,107.92888,31.65328,-58.44403,106.98339,10.774648,-31.741184,76.90069,47.360104,-34.616528,74.044945,4.1251836
18.570648,145.80888,0.6384787,22.776787,148.03564,-1.1027889,16.72336,150.18977,-0.45258027,28.0874,145.9865,-10.765439,13.610973,153.01299,-10.222681,23.239594,124.87921,-16.0799,0.8847074,144.42804,-17.530964,19.087168,96.890305,-16.787678,-3.0180585,154.14285,8.35703,14.9289665,70.55074,-17.809076,18.98883,165.54588,2.8852282,-7.7821145,100.22828,-2.7550213,-24.528925,103.6746,-9.388918,-20.468466,110.69701,32.577057,-58.98097,106.39184,11.655325,-27.735693,76.70137,44.5631,-34.384212,74.13758,2.2188294
18.160355,145.80916,0.6179396,22.337473,148.0772,-1.1365212,16.295534,150.21182,-0.33805284,27.718441,146.16714,-10.766145,13.173064,152.98721,-10.244295,22.878893,125.126045,-16.698214,0.4048655,144.39543,-17.340267,18.482899,96.9479,-16.716574,-2.4095142,152.88931,9.200184,14.482788,70.44477,-17.641611,19.123062,164.57118,3.078481,-7.9902186,100.64841,-1.8686272,-24.627464,103.98582,-8.43959,-20.364775,112.630226,33.316875,-59.46957,106.08069,12.493338,-23.58825,76.844185,40.846237,-34.607586,74.82997,1.636842
17.911797,145.88747,0.7875792,22.100458,148.14214,-0.9637236,16.087301,150.32138,-0.08145554,27.417194,146.23508,-10.645093,12.81667,152.99084,-10.086164,22.394432,124.92283,-16.97246,0.019911248,144.32346,-17.130238,18.085026,96.77,-16.54907,-2.1985967,151.70174,9.78702,14.113732,70.34198,-17.367603,19.076605,163.91104,3.2213135,-8.304442,100.584465,-0.76081085,-25.078625,104.06274,-7.058336,-20.196348,113.708435,34.291798,-60.06441,105.717354,13.469543,-19.664225,76.81038,36.393456,-34.516483,75.843575,-0.3357579
17.65692,146.36285,0.9165585,21.747465,148.47095,-1.200299,15.872926,150.81754,0.08123258,27.058474,146.38077,-10.649885,12.456244,153.02553,-10.173954,22.02866,124.90584,-17.126879,-0.44496325,144.35939,-17.02434,17.631594,96.69868,-16.448133,-2.4241834,150.78093,10.175078,13.788325,70.21055,-17.313236,18.58165,163.09988,3.1964183,-8.541706,100.67833,0.41021335,-25.008232,104.53887,-5.560518,-20.20837,114.036,35.3845,-60.491344,105.131905,14.35387,-15.381309,77.59363,31.891119,-34.32215,76.24096,-0.9117461
17.40618,146.92972,0.99929154,21.459606,148.80215,-1.3798784,15.755398,151.43008,0.1284813,26.663555,146.57428,-10.724661,12.074511,153.27924,-10.250628,21.56428,124.932175,-17.283539,-0.9017196,144.25375,-16.928665,17.220167,96.682205,-16.31142,-2.957552,149.9615,10.2353115,13.375945,70.25765,-17.204449,17.879383,162.5808,3.0373094,-8.706609,100.769615,1.3694801,-25.130589,104.6649,-4.2130523,-20.026827,113.49771,36.6924,-60.639347,104.56742,15.331737,-11.469897,78.31501,27.605556,-33.56648,75.86785,-1.1032797
16.97711,147.25801,0.6011447,21.249144,148.85495,-1.6052196,15.65882,151.85118,-0.44315955,26.284979,146.51309,-10.991257,11.781415,153.44118,-10.718971,21.166628,124.94878,-17.213554,-1.441696,144.4234,-16.735405,16.983685,96.81027,-16.141973,-3.3501754,149.56192,10.562876,13.07614,70.37879,-17.05669,17.319906,162.31802,3.0162363,-8.7342825,100.87736,2.21758,-25.35961,105.100075,-3.1508574,-19.280787,112.11346,38.150673,-60.781384,104.04833,16.471888,-8.187835,79.76973,23.974424,-33.36206,75.69132,-0.93773574
16.635736,147.504,0.21831778,20.9798,149.15492,-1.7914995,15.13684,151.87968,-1.3381091,25.995937,146.48927,-11.307294,11.503186,153.3755,-11.336979,21.082964,125.43234,-17.295444,-1.9379764,144.37064,-16.633505,16.579283,97.0607,-16.03327,-3.5324574,149.28067,10.934799,12.982884,70.57836,-16.992876,16.970427,162.02234,3.129592,-8.403352,101.08398,3.179486,-25.51761,105.32077,-2.1933901,-18.638813,109.89376,39.78116,-60.73065,103.521164,17.60324,-5.992323,80.48623,20.950047,-33.113873,75.635315,-0.8742699
16.42696,147.78683,-0.078316726,20.836246,149.2947,-2.0495894,14.961874,152.0037,-2.0513053,25.820454,146.60129,-11.550846,11.21948,153.27827,-11.791279,20.876575,125.53063,-17.403713,-2.5171475,144.3019,-16.483343,16.499989,97.12929,-16.199705,-3.9203837,148.9247,11.108696,12.834451,70.66003,-16.991337,16.36151,161.7861,3.1712637,-8.1949625,100.896935,4.185718,-25.68471,105.46304,-1.461387,-17.756847,106.66295,41.327236,-60.424717,103.080864,18.72619,-4.520377,80.35625,18.42672,-32.818394,75.646515,-0.88500357
16.208399,147.91615,-0.3452028,20.669163,149.37776,-2.2407303,14.783736,152.03078,-2.5419834,25.745325,146.8916,-11.704918,10.959393,153.12611,-12.189323,20.634571,125.496506,-17.56685,-2.896094,144.18774,-16.360502,16.361216,96.910065,-16.488785,-4.3578258,148.68948,11.233442,12.607888,70.47373,-16.981356,15.785636,161.74818,3.2862513,-8.350269,100.21365,4.951274,-25.82828,105.150894,-0.9845151,-16.148808,103.05578,42.62055,-60.026344,102.7172,19.720032,-3.552478,79.73293,16.474056,-32.595226,75.60167,-0.881439
15.874479,147.86122,-0.5901558,20.403254,149.3914,-2.2611241,14.5141325,152.03163,-2.7212381,25.566303,146.8341,-11.768686,10.65178,152.8973,-12.514827,20.61025,125.5446,-17.73202,-3.0367024,144.03076,-16.226076,16.464155,96.98811,-16.771399,-4.733044,148.40457,11.319304,12.527574,70.596535,-16.920801,15.341285,161.58168,3.4336343,-8.12057,99.676704,5.277406,-26.116024,104.63472,-0.7035776,-14.915207,99.461845,43.353863,-59.639847,102.3376,20.808533,-2.9530897,78.61273,14.851153,-32.43873,75.66809,-0.8339874
15.763507,147.96951,-0.5642498,20.246115,149.41927,-2.4175665,14.361078,152.05167,-2.825667,25.37045,146.88033,-11.828351,10.41082,152.70016,-12.565768,20.46322,125.51887,-18.0399,-3.197213,143.97687,-16.01806,16.3547,97.05393,-17.08754,-5.143236,148.26282,11.522964,12.332507,70.67031,-16.988426,14.869608,161.58444,3.5573406,-7.9021807,98.843735,5.516123,-25.844618,104.225555,-0.4658274,-13.81936,95.908844,43.632767,-59.1938,101.90561,21.857916,-2.4026413,77.07767,13.384969,-32.668953,75.80844,-0.6707244
15.610892,148.1895,-0.689981,20.039833,149.58647,-2.7028,14.138249,152.22832,-2.9910018,25.08806,146.92836,-12.0521145,10.06996,152.61525,-12.720197,20.393648,125.43774,-18.361288,-2.9403064,144.33847,-15.790092,16.2549,96.98526,-17.324104,-5.551787,148.33809,11.651207,12.2138,70.58986,-17.022171,14.4793215,161.538,3.621809,-7.492299,97.90027,5.734784,-25.732151,103.69789,0.2280752,-13.179742,92.25214,43.819508,-58.760616,101.5519,22.967999,-1.9208281,76.2051,11.92183,-32.710934,75.32939,-0.29146096
15.34439,148.10109,-0.9778479,19.784939,149.55754,-2.9175882,13.833404,152.04398,-3.4156227,24.74362,146.90292,-12.401988,9.712823,152.54245,-12.925594,20.117805,125.3906,-18.815859,-3.1371615,144.1648,-15.469125,16.109772,97.017746,-17.553326,-5.5817556,147.84302,12.024714,12.168172,70.68312,-17.177185,14.105848,161.553,3.7567382,-7.046965,97.04015,6.286128,-25.207458,102.95555,1.3426589,-12.46448,88.87576,43.995514,-58.209553,101.14356,23.855402,-1.2272153,75.808304,10.816703,-33.046185,75.2617,-0.42372337
15.042374,148.24608,-1.2305702,19.503557,149.7078,-3.1218421,13.529216,152.11719,-3.781843,24.491972,146.9993,-12.613856,9.361411,152.4962,-13.247774,19.928175,125.43007,-19.068008,-3.8582737,143.36215,-14.986042,16.116177,97.045235,-17.87542,-5.7983246,147.9634,12.258836,12.19241,70.72525,-17.32181,13.842353,161.57361,3.818177,-6.3300986,96.85437,7.0187726,-24.894136,102.37337,1.79374,-11.829513,86.13078,44.0835,-57.55737,100.587746,24.855679,-0.36635858,75.752716,10.130773,-33.37357,75.10945,-0.71230984
14.711581,148.38528,-1.3722682,19.186613,149.69942,-3.3362594,13.257091,152.17836,-4.0720124,24.218018,147.03813,-12.711556,9.070444,152.35612,-13.483674,19.785183,125.26035,-19.377832,-3.666077,143.4023,-14.625375,16.115547,96.89201,-18.295208,-5.804699,147.95148,12.604761,11.891679,70.617485,-17.502733,13.75128,161.64719,4.0604563,-5.9213843,96.05544,7.509261,-24.769045,101.73821,2.1205332,-11.434963,84.42781,44.195007,-56.91358,99.85687,25.87039,0.2212984,75.93378,9.636024,-33.698986,74.91279,-1.219513
14.581234,148.36745,-1.5239611,18.971363,149.81844,-3.584177,12.961374,152.14372,-4.148598,24.002989,146.99173,-12.935076,8.797894,152.15836,-13.628397,19.862959,124.77678,-19.367538,-4.336959,142.66365,-14.088301,15.948677,96.664116,-18.673004,-5.5896354,148.0359,13.117597,11.8724785,70.55728,-17.763811,13.559552,162.03096,4.232418,-5.7188973,95.11171,7.277346,-24.69748,101.139305,2.303517,-10.874887,84.324165,44.24341,-56.235878,99.23955,26.868069,0.49559852,75.72663,9.644779,-33.60038,74.773865,-1.9742688
14.562124,148.23215,-1.6316134,18.85736,149.8463,-3.7734237,12.74609,151.89134,-4.2993126,23.762482,146.91925,-13.229275,8.538538,152.05925,-13.606153,20.256027,124.23774,-19.764702,-4.3405194,142.51988,-13.395871,15.727874,96.525406,-19.324799,-5.0621634,148.56435,13.586827,11.730628,70.46303,-17.949118,13.592089,163.0277,4.6577764,-6.057176,94.19722,6.4897366,-24.74968,100.8739,2.4160812,-10.527076,85.27534,44.24997,-55.46749,98.65862,28.01693,0.1794847,75.11851,9.819294,-33.748596,74.832436,-2.2623484
14.601196,148.2357,-1.7866812,18.825533,149.85594,-4.0678186,12.6648655,151.72595,-4.5875564,23.642557,147.0561,-13.52132,8.265619,151.78308,-13.649986,20.163904,123.99775,-20.035421,-4.943863,142.08345,-12.966448,15.644755,96.443474,-20.03665,-5.1715283,148.51022,13.902641,11.846908,70.49349,-18.363495,13.6718025,162.92761,5.098321,-5.8205943,93.72593,6.136225,-24.598824,100.79059,2.400359,-10.170654,86.53911,44.369186,-54.630566,98.172455,29.094685,-0.15510601,74.92276,10.194265,-33.836006,74.73773,-2.1803114
14.552581,148.31326,-1.9812393,18.750784,149.93178,-4.2992926,12.5633545,151.7316,-4.8345594,23.51072,146.97665,-13.791488,8.105487,151.57202,-13.897497,20.57737,123.900185,-20.92764,-4.904811,141.93422,-12.604965,15.58606,96.380554,-20.974195,-5.5329375,148.48643,14.3345175,11.998064,70.37057,-18.742693,13.103919,163.34853,6.1938066,-5.5041513,93.738945,5.7037063,-24.694439,100.828995,2.2071042,-9.917396,87.5473,44.36836,-53.790535,98.17082,30.331009,-0.39824647,75.14421,10.231574,-34.00582,74.81176,-1.3165064
14.530514,148.10883,-2.3260822,18.671349,150.00594,-4.5466185,12.429624,151.56818,-5.048718,23.438433,147.01074,-14.182073,8.013189,151.4178,-14.1874695,20.6885,123.30058,-21.792503,-4.673355,141.89056,-12.455253,15.28822,96.08583,-21.885456,-6.3669515,148.71783,14.327146,11.989665,70.15021,-19.128222,12.595195,163.73984,7.79768,-5.338573,94.07377,5.1213217,-24.392422,101.20072,2.427527,-9.442211,88.054825,44.203243,-52.86671,98.72827,31.50333,-0.44494003,75.41417,10.204931,-34.119526,75.010086,-0.032785416
14.543408,147.99712,-2.6602182,18.630571,150.00374,-4.878736,12.346481,151.41368,-5.3622475,23.39558,146.87308,-14.607937,7.9142714,151.22475,-14.454895,20.578964,123.0877,-22.571363,-4.418223,142.0747,-12.349844,14.910929,95.86862,-22.695053,-7.418359,149.01091,14.3246,12.01807,70.0294,-19.489286,11.947618,164.25742,9.87967,-4.8454804,94.334045,4.5973735,-23.897858,101.98466,2.6979194,-8.976693,88.18213,44.17897,-51.80249,99.52659,32.667534,-0.6334693,75.78454,10.061659,-34.29332,75.573845,0.6618566
14.528512,147.90453,-3.0442448,18.606688,149.96411,-5.2265363,12.297887,151.2913,-5.755013,23.385458,146.84824,-14.933166,7.844606,151.07529,-14.872731,20.719416,122.99909,-23.244198,-3.8944216,142.33827,-12.585523,14.644917,95.801,-23.606718,-8.908416,148.79486,13.841029,12.07721,70.052956,-19.725143,10.916139,164.35411,12.656076,-4.71708,94.0326,4.4088,-23.740536,102.49596,2.598431,-8.265238,87.91096,44.216236,-50.447952,100.66196,33.864616,-0.39137557,75.69601,10.022948,-34.655815,76.22684,1.3851359
14.534871,147.78333,-3.5080836,18.669254,149.80392,-5.625149,12.391419,151.24113,-6.1969423,23.430061,146.86356,-15.414731,7.846459,150.97389,-15.299068,20.904476,123.1538,-23.68458,-3.6298351,142.39616,-12.900345,14.688898,95.95652,-24.159054,-10.6942215,148.27875,13.282971,12.245644,70.0862,-20.109636,8.9472685,163.96138,15.885638,-4.286373,94.244286,4.3784876,-23.569958,102.70911,2.5354762,-7.338966,87.314514,44.231907,-48.890476,102.17639,34.905457,-0.054611266,75.94838,9.762319,-35.193913,77.02,1.9153353
14.628284,147.57086,-3.8828142,18.688465,149.72221,-6.0149145,12.381851,151.08434,-6.421706,23.505997,146.8886,-15.794127,7.866663,150.81926,-15.584968,20.871326,122.90605,-24.31549,-3.3997793,142.35793,-13.11571,14.787362,95.80078,-24.622873,-12.528364,147.68262,12.499204,12.548226,70.01613,-20.38225,6.0077662,163.16121,19.567602,-4.243318,93.98329,4.172933,-23.104193,103.02883,2.402102,-5.8031235,86.349045,43.981434,-46.92351,103.87667,35.909607,0.5959923,76.06641,9.092546,-35.879646,77.81484,2.509425
14.907762,147.57822,-4.280293,18.952421,149.70978,-6.467807,12.67141,151.21626,-6.6456985,23.564253,147.14725,-16.331383,7.8932714,150.9545,-15.854079,20.92016,122.89195,-24.741636,-3.3165455,142.30241,-13.435934,15.046223,95.73388,-25.058851,-14.379558,146.58614,11.722986,13.07207,69.96319,-20.562843,2.1668112,161.83171,23.397142,-4.369996,93.96908,3.6001525,-22.496235,103.29814,2.3851237,-4.5196905,85.511246,43.666527,-44.629032,105.461296,36.783653,1.4549862,76.34298,8.569227,-36.93831,78.01512,3.253714
15.293201,147.83368,-4.5825286,19.21292,149.99438,-6.957632,12.893701,151.34966,-6.958081,23.64547,147.3534,-16.881483,7.9921045,151.03479,-16.048658,21.21421,123.05431,-25.299383,-3.467123,142.24385,-13.70577,15.606403,95.8628,-25.385324,-16.243183,144.95772,10.735195,13.640435,70.05884,-20.940159,-2.685548,159.28496,26.88406,-3.7607567,93.81144,2.9019294,-21.669453,103.62642,2.4952984,-3.5571458,85.0037,43.12258,-41.84146,106.92301,37.784725,1.9158461,75.74092,7.978944,-38.18962,78.03558,4.856288
15.797134,148.284,-4.7904024,19.53681,150.38573,-7.4837713,13.194825,151.61723,-7.221208,23.795954,147.70673,-17.358564,8.152323,151.17955,-16.137459,21.34387,123.44571,-25.773762,-2.9515529,142.5804,-13.8961735,16.16522,96.1523,-25.533619,-18.16339,142.71568,9.327222,14.394104,70.185234,-21.282516,-8.000402,155.76277,29.45233,-2.7822638,93.903885,2.23172,-21.0179,103.68188,1.95991,-2.5675807,85.221275,42.593414,-38.53128,108.15438,38.64147,1.6831522,74.839325,7.7124734,-40.049023,78.03045,7.558933
16.200945,148.69667,-5.122704,19.881071,150.85324,-7.8530703,13.545637,152.08444,-7.4235964,23.973436,148.02887,-17.80663,8.313539,151.39119,-16.34295,21.520174,124.1663,-25.876587,-2.9794695,142.62222,-14.151082,17.154964,96.451546,-25.47424,-19.887476,140.0436,7.753768,15.410952,70.3905,-21.519175,-14.466249,150.66849,31.024946,-1.6911067,93.763306,1.5929059,-20.09867,103.427475,1.3741364,-0.8216039,85.366356,42.01748,-35.083134,109.24776,39.170322,2.037107,74.3494,7.1550536,-43.010117,77.57224,11.481421
16.299137,149.22815,-5.2622375,19.878065,151.39754,-8.117781,13.524785,152.4882,-7.6105585,23.932552,148.47144,-18.012085,8.216633,151.64897,-16.396383,22.589602,124.65259,-25.77179,-3.3371396,142.58257,-14.287736,18.26801,96.787254,-25.063154,-21.05524,137.2568,6.3991165,16.652216,70.61006,-21.607391,-21.283112,144.69145,31.40343,-0.59009445,93.89221,0.9586904,-19.13777,103.24902,0.99738544,1.1019338,85.844284,41.296665,-32.23518,109.681076,39.382114,3.0784755,73.786354,6.6173706,-45.90287,76.551025,15.074345
16.22886,149.78517,-5.3050528,19.851446,151.94151,-8.118238,13.483947,152.95724,-7.808373,23.865019,149.09467,-18.066118,8.048935,151.89345,-16.40291,23.057617,125.27959,-25.971998,-3.6429615,142.43773,-14.289337,19.50759,97.193756,-24.588707,-21.724178,134.44391,5.0068183,18.010073,70.810875,-21.369581,-28.708918,136.91125,30.13055,0.31423786,94.00782,0.47509828,-17.695522,103.20791,0.6946459,3.0348747,86.29807,40.809284,-29.342815,109.53173,39.486725,3.9630196,73.73819,6.282055,-48.25122,76.07211,19.035137
15.966637,150.31018,-5.2825327,19.54215,152.48198,-8.140887,13.1755495,153.47754,-7.73739,23.536755,149.62675,-18.086248,7.666492,152.05278,-16.300323,23.489334,125.77836,-26.025364,-3.9860692,142.01637,-14.231158,20.706192,97.656746,-23.83554,-22.604996,131.32431,3.134195,19.871655,71.34431,-20.49149,-34.466908,128.4461,26.450747,1.4923096,93.94744,-0.24480787,-16.806408,102.14252,0.22780432,4.74704,87.03358,40.35423,-26.719145,108.75446,39.55879,4.7063236,73.46394,6.1906466,-50.316914,75.61752,24.459335
15.570446,150.81674,-5.1378574,19.011057,153.08652,-8.087043,12.622806,153.87358,-7.547259,22.81012,150.3635,-18.144068,6.891671,152.2983,-15.960232,23.520468,126.642784,-26.110264,-4.585923,141.40169,-14.149705,21.862759,98.31202,-22.769062,-23.732597,127.67856,0.25253505,21.765678,71.96988,-19.105097,-38.45449,119.86576,20.546732,2.914229,94.15854,-0.45056242,-15.786211,101.46655,0.0072830855,6.1711307,87.897606,39.896366,-24.404284,107.37061,39.63443,5.494124,73.327065,6.1266994,-51.670982,75.54067,30.997103
14.807401,151.1275,-4.992528,18.120514,153.57135,-7.94967,11.717144,154.11783,-7.3057404,21.805376,150.89977,-18.14454,5.9285784,152.39995,-15.656791,22.990452,127.722725,-25.744543,-5.655153,140.3452,-14.035183,23.08705,99.369545,-21.524126,-24.789091,123.658,-3.0846534,24.011536,73.27376,-17.03689,-41.14472,111.670395,13.515653,3.86119,94.210846,-0.5455084,-14.975303,101.15619,-0.5876484,7.4384575,88.58253,39.429535,-21.541498,105.72378,39.19365,6.218719,73.09729,5.9246655,-51.880653,75.829025,38.544323
13.473566,151.46712,-4.832317,16.669653,154.09521,-7.761488,10.247423,154.33951,-7.1086445,20.351856,151.47476,-18.039412,4.4366946,152.51547,-15.409274,22.393047,128.7145,-25.58704,-6.672654,139.43138,-13.993822,24.38331,100.53817,-19.813633,-25.073391,120.182144,-6.436723,26.662848,74.66783,-14.382245,-41.34709,103.6906,5.568358,4.477298,93.528694,-1.1873664,-14.3715315,100.80073,-1.1353217,8.417685,88.94228,38.94741,-19.451405,103.45612,38.71965,6.333715,72.99826,5.8922896,-50.93102,76.6369,46.559578
11.911092,151.70593,-4.567378,15.067637,154.39021,-7.4896855,8.633502,154.45317,-6.921679,18.566149,151.93625,-17.875015,2.6778848,152.36241,-15.008155,22.12247,129.56795,-25.179617,-8.215993,138.3464,-14.274748,25.401134,101.73529,-18.550934,-25.113066,116.56126,-9.508376,29.308851,76.59302,-11.006206,-40.975937,96.5749,-2.7254257,5.499435,93.60876,-2.1860309,-13.794674,100.38239,-2.1486077,9.145209,89.41289,38.309315,-18.451115,100.93605,37.590725,6.346202,72.83998,6.5576925,-48.12878,78.01717,54.984127
9.942538,151.69539,-4.2687025,13.043916,154.41824,-7.208881,6.6134076,154.37054,-6.6382375,16.487919,152.28427,-17.648556,0.61356646,152.15907,-14.634084,21.68658,130.44508,-24.57136,-10.111118,137.04259,-14.790127,26.069996,102.88759,-17.288473,-24.918919,113.472664,-12.240284,32.04739,79.004074,-7.6509123,-39.158867,91.57387,-9.726582,6.493421,93.606476,-2.943573,-13.251597,99.93307,-2.901168,9.676456,90.31279,37.618946,-17.595442,98.69663,36.307133,6.8172445,72.45684,7.252502,-44.45649,79.997375,61.33236
7.7935324,151.46066,-4.1354966,10.862581,154.29692,-7.001324,4.422167,154.09598,-6.489905,14.160842,152.38217,-17.586517,-1.6450652,151.88202,-14.439206,21.272434,131.00005,-23.825096,-11.606067,135.78586,-15.633315,26.89007,103.986115,-15.653508,-24.645569,111.01935,-15.06377,34.326054,81.45361,-3.9652038,-36.822186,87.76003,-15.368674,7.5055184,93.469475,-3.5099986,-12.77192,98.874214,-4.0643826,9.795344,91.45897,37.32594,-17.32131,96.23509,34.749786,7.007757,72.383736,8.191892,-39.224182,81.509834,66.46878
5.481909,151.04749,-4.2037005,8.428414,153.96597,-7.1087656,2.0061278,153.5884,-6.5120006,11.744509,152.20174,-17.725254,-4.012495,151.33531,-14.446803,20.624695,131.90775,-23.261757,-12.958254,134.43819,-16.92591,28.047506,106.428535,-14.065733,-24.188017,108.61462,-17.952055,36.60178,85.89248,-0.21029401,-33.995262,84.04741,-20.008913,8.71225,93.572464,-4.5248184,-12.191253,97.21513,-6.0164385,9.947298,93.44582,37.024742,-17.65883,94.262215,32.6704,6.7530565,71.91841,13.660459,-33.343433,82.59157,69.60685
3.3100426,150.36667,-4.740814,6.039141,153.46712,-7.6795635,-0.33528578,152.78055,-6.91935,9.463761,152.08449,-18.266384,-6.2126284,150.41489,-14.875613,19.936905,132.80228,-22.872139,-14.266633,133.09016,-19.062056,29.08113,109.34705,-11.172694,-23.689878,106.18931,-20.92967,38.733875,91.88336,5.678836,-31.655916,80.68631,-23.982573,9.656253,94.15346,-6.291451,-11.477428,96.19748,-8.35749,10.222097,96.253395,34.8434,-17.84957,92.83416,30.772156,7.2168317,70.16583,22.989605,-28.172699,82.6924,70.86581
1.1809963,149.48657,-5.2749543,3.7169445,152.82826,-8.121105,-2.606327,151.81651,-7.291942,7.1548996,151.87695,-18.740099,-8.4207,149.42781,-15.3625,19.204561,133.51561,-22.48648,-15.420517,131.37424,-21.557173,29.75285,112.45518,-8.178916,-23.192326,103.837036,-23.89199,40.053337,98.973465,12.021508,-29.620756,77.89794,-26.996044,10.782461,94.08323,-8.588163,-10.360604,94.85384,-10.656834,9.97033,97.78141,30.436033,-16.801895,91.98721,28.782145,7.595093,70.62575,35.124763,-22.988348,82.567215,70.78175
-1.0818281,148.40045,-5.8012347,1.3365536,151.95369,-8.488245,-4.938383,150.5858,-7.8516374,4.8248124,151.38408,-19.163033,-10.601553,148.1598,-15.981334,18.069956,134.12042,-22.401918,-16.360224,129.73111,-23.541922,29.421774,115.87702,-5.544596,-22.550379,101.7613,-26.281332,39.709557,106.61447,16.79041,-27.52341,75.49807,-29.26073,12.3964615,93.64245,-10.490773,-9.046175,93.29878,-12.740789,9.52083,96.817795,27.260979,-14.957614,91.444115,26.931269,9.229776,74.47038,46.83062,-17.450155,81.6442,69.73427
-3.3310087,147.13692,-6.2567644,-1.1179188,150.95738,-8.745345,-7.2989078,149.14168,-8.27535,2.5304377,150.84686,-19.4819,-12.737632,146.79085,-16.579206,16.744783,134.76755,-22.422394,-17.175106,128.28079,-24.86638,28.919075,119.435844,-3.2040448,-21.89705,100.00318,-28.004814,37.72759,114.724014,21.15626,-25.746632,73.45929,-30.558874,14.013004,93.61836,-11.451374,-7.505433,92.338455,-13.94698,9.908289,96.23125,26.393272,-12.595849,92.220406,25.630714,10.536373,78.50354,52.989296,-10.974012,80.67687,67.623886
-5.5519238,145.57843,-6.664159,-3.5894597,149.64668,-8.967397,-9.624633,147.37537,-8.66301,0.31256235,150.34787,-19.516724,-14.781208,145.32744,-17.228497,15.610754,135.37973,-22.223814,-17.688799,127.12007,-25.887924,28.02373,122.89284,-1.27804,-20.965055,98.88682,-29.048752,34.161354,122.77432,24.203241,-23.908495,72.06475,-30.904907,15.221133,93.618324,-11.453518,-6.134875,91.805885,-14.771427,10.6147785,96.287575,26.547525,-10.38098,93.170906,24.587954,11.644415,80.080055,55.62764,-2.9632947,80.02058,65.64181
-7.455153,144.02402,-6.7083526,-5.9124327,148.29868,-8.946051,-11.714792,145.45595,-8.6050205,-1.6322824,149.77292,-19.200367,-16.524746,143.94357,-17.341877,14.38642,136.20152,-21.790112,-18.135359,126.27988,-26.45949,27.213625,126.05597,0.5140393,-20.193844,98.0766,-29.560616,29.70253,130.29893,26.196325,-22.478407,71.24306,-30.772814,16.38636,93.88068,-11.428447,-4.4400682,91.26779,-15.224293,11.70062,97.27053,26.630175,-7.812842,94.48557,24.396843,12.607734,78.91168,55.336147,4.302638,78.98898,62.963905
-9.245917,142.26282,-6.5739975,-7.803996,146.71935,-8.526936,-13.497683,143.66504,-8.514223,-3.5595508,149.06049,-18.516506,-18.117832,142.29054,-17.398533,13.077846,137.0541,-21.047491,-18.503654,125.83685,-26.616306,26.003365,129.4301,2.176684,-19.022396,97.52457,-29.76713,24.32962,136.9735,27.07269,-21.136997,70.810616,-30.122505,17.829363,94.217606,-11.360338,-2.505138,90.49166,-15.033804,13.645077,98.39863,26.512697,-5.9679217,96.12617,24.241776,14.007397,77.72458,54.01982,10.468418,77.78369,59.454105
-10.872634,140.40007,-6.2711554,-9.666516,145.00392,-8.024714,-15.194948,141.64293,-8.158899,-5.0370626,148.49113,-17.372126,-19.302135,141.0223,-17.398232,11.764182,138.08727,-20.382029,-18.572134,125.58974,-26.49051,23.92547,132.15091,3.8299482,-18.415833,97.212875,-29.68883,17.602463,142.26704,27.190289,-19.894598,70.56178,-29.304102,19.423923,94.87319,-11.32846,-0.190305,89.630005,-15.023139,15.839115,99.611206,26.331999,-4.1702185,96.649635,24.524736,16.19636,76.78386,51.306168,16.56487,76.66725,56.259056
-12.775696,139.04987,-5.661322,-11.533099,143.67113,-7.334049,-16.908257,140.14766,-8.015359,-6.292607,147.75023,-15.812418,-20.437618,140.07767,-17.20435,10.271076,139.1753,-19.44172,-18.601715,125.48684,-26.04606,21.469519,134.43427,5.513886,-17.970715,97.05809,-29.120121,10.755555,145.5134,26.459215,-18.956974,70.440636,-28.369307,20.89971,95.67911,-11.74006,1.9572307,89.75461,-14.827979,18.928583,101.16553,26.038631,-2.4712152,96.40121,25.036789,17.883291,75.66699,47.382103,23.78293,76.24796,53.14212
-14.191768,138.09802,-4.8881154,-13.061273,142.77966,-6.4781713,-18.252464,139.03912,-7.425226,-7.5755687,147.5917,-14.116015,-21.47168,139.63573,-16.61243,9.0131855,140.29346,-18.352057,-18.396276,125.366714,-25.23414,19.194967,136.01906,7.2223983,-17.560064,96.95436,-28.306461,4.3051715,147.51064,25.286848,-18.031073,70.35126,-27.084803,22.321636,96.719894,-11.720099,3.6777158,90.46455,-14.620734,21.245378,102.32011,26.118425,-0.9384247,96.46203,25.43414,19.062124,73.9042,41.799812,30.658413,75.59445,48.97663
-15.180237,137.45813,-3.811269,-14.314013,142.22147,-5.322236,-19.133,138.09506,-6.5994115,-8.676668,147.66995,-12.301779,-22.314154,139.46497,-15.553624,8.159887,141.45795,-17.084219,-17.883097,125.212524,-24.280043,17.1177,137.40431,8.915722,-17.027126,97.135605,-27.341635,-1.0392983,148.59554,23.862722,-17.183506,70.51915,-25.896729,23.956776,97.92008,-11.270487,5.3086033,92.006325,-14.416429,23.196608,103.18341,26.845482,-0.83033395,96.03512,25.770721,19.908754,71.982605,34.446407,35.933105,74.815506,44.0368
-16.237953,137.12737,-2.4615586,-15.460464,141.94691,-3.837993,-19.742079,137.54062,-5.8345704,-9.741121,147.78908,-10.371687,-22.976564,139.3529,-14.383551,7.2641387,142.63083,-15.746475,-17.373108,125.14577,-23.129593,15.122526,138.53699,10.530242,-16.302559,97.29915,-26.2736,-5.4278727,148.24886,22.652472,-16.478428,70.719955,-24.551632,25.74778,99.27355,-10.43304,7.5031276,92.709595,-14.194808,23.539001,103.25231,28.07508,-1.5848415,94.73954,25.322258,22.458426,71.48242,26.215502,39.68999,74.034744,38.422955
-17.147455,136.99669,-0.6007283,-16.471998,141.7984,-2.0937486,-19.794273,136.88474,-4.686613,-10.572045,147.92139,-8.184331,-23.285404,139.09532,-12.870015,6.3868985,143.80305,-14.417002,-17.011427,125.28661,-22.087238,13.315181,139.07993,11.943856,-15.760281,97.407845,-24.928143,-9.258857,146.90012,21.3599,-15.676224,70.83507,-23.30407,27.406717,100.80649,-9.807231,9.333309,93.847275,-13.738629,23.836643,103.08309,29.159431,-1.8562793,93.06859,25.342718,24.558382,72.88635,16.032257,41.997112,73.64034,32.879585
-18.537975,137.40501,1.0906512,-17.879375,142.04202,-0.83598584,-20.178942,136.57127,-3.4159458,-12.051077,148.5092,-6.4770355,-24.028097,138.99265,-11.545879,5.3965797,145.17224,-13.511957,-16.870317,125.489586,-21.374313,11.768428,139.33301,12.695593,-15.346259,97.55425,-23.737242,-11.995951,145.41768,20.265717,-15.0443735,71.0291,-22.186235,28.973997,102.511086,-9.647189,11.075125,95.14431,-13.68882,25.29086,102.544426,29.067225,-0.93780184,91.40129,24.97486,25.711002,73.81631,7.964944,44.654175,73.5416,30.361614
-20.272758,138.23488,2.8475733,-19.524332,142.6107,0.4145864,-20.352407,136.59273,-1.7386928,-13.562126,148.86723,-5.139896,-24.501823,138.3606,-10.43937,4.200342,146.36514,-13.15576,-17.256876,125.50459,-21.153946,9.886845,139.06633,12.653785,-15.426515,97.52664,-23.039843,-14.697644,144.38371,18.88372,-15.115933,70.934204,-21.567501,29.580069,104.43132,-10.071049,12.185358,96.54631,-14.467709,26.91618,101.49338,28.356998,0.1661312,89.76271,23.953312,32.34453,73.331276,5.0191827,45.430965,73.61979,28.644608
-21.9655,138.73221,4.0048685,-21.731274,142.77399,0.9546178,-20.420637,136.51987,-0.069627196,-14.268625,148.8637,-3.7060387,-23.84778,137.52365,-9.697293,3.4369226,147.5242,-12.91382,-17.410952,125.759865,-21.285366,8.515595,138.80872,12.55479,-15.071822,97.73666,-22.8195,-16.476942,142.55106,17.316221,-15.056549,71.052284,-21.482407,29.84182,106.65074,-10.818672,13.691391,97.37871,-14.893992,28.950304,100.68575,27.14381,-0.5662921,89.68036,22.986498,37.944885,73.39496,2.8597553,44.43546,73.83425,29.866154
-22.127811,138.12442,4.417027,-21.827692,142.23418,1.4765683,-20.625294,136.0126,0.2791265,-14.011658,148.29599,-2.8730886,-23.296995,137.11842,-9.412379,2.9441605,148.54442,-12.599876,-17.364426,126.23554,-21.518211,6.8273993,138.16945,12.490279,-14.813761,98.362785,-22.752684,-18.722208,140.82649,16.191479,-15.669279,71.66859,-21.460644,30.335875,108.06762,-12.130132,14.466499,98.090935,-14.739534,30.716125,101.38937,25.483416,-0.44081295,89.668,23.281513,42.699913,74.06324,1.1204742,40.909966,73.29796,32.746666
-22.142078,137.7191,4.191093,-21.980762,141.7553,1.1401501,-21.460169,135.43,-0.060733557,-12.873345,147.42755,-2.3018672,-22.575203,137.10965,-9.707667,2.246569,149.39087,-12.379178,-17.467625,126.51914,-22.094294,5.0725055,137.3907,12.555151,-15.1346445,98.4954,-22.911386,-20.719713,138.98215,15.090625,-16.040388,71.831505,-21.757423,30.96927,109.24786,-13.776609,14.465313,99.12417,-14.280042,32.03592,101.58389,23.63199,0.4415831,88.77108,23.793783,46.90291,75.203445,-0.30629438,38.25986,73.64483,39.1727
-21.138197,137.03043,3.2436888,-21.289333,140.99306,0.084650576,-22.083815,134.66344,-0.91980755,-11.915216,147.19775,-2.2338746,-21.14078,136.91948,-10.593794,1.6928408,150.00847,-12.501784,-17.63997,126.99166,-23.013548,4.0895796,136.15005,11.535523,-15.375014,98.71295,-23.554695,-21.85358,136.93356,14.005296,-16.143858,71.91719,-22.515108,31.62452,110.27056,-15.654557,14.105345,100.33921,-12.741109,33.377335,101.00971,21.435501,0.73478204,88.08829,25.779814,49.947144,76.02401,-2.8367496,33.00822,73.54197,50.480553
-20.968304,136.19203,1.4010383,-20.357721,140.37299,-1.4094348,-22.788836,134.54594,-2.8185372,-11.465943,146.83986,-2.5594153,-19.454813,136.68715,-12.27962,0.87441,150.30525,-13.224402,-17.934704,127.602905,-24.258013,3.0715675,135.12085,9.920628,-15.862986,99.00168,-24.983753,-22.890827,134.96698,12.54635,-16.598688,71.87225,-24.10285,31.82439,110.962265,-18.647617,13.398498,101.44521,-8.195957,34.894318,101.217354,18.412844,3.850434,88.06563,32.3531,51.639668,76.60888,-6.277728,28.769533,73.16756,64.12337
-20.804134,135.30653,-1.755559,-20.27119,139.68524,-4.2707767,-23.355331,134.19571,-5.765962,-11.403958,146.46207,-4.036728,-17.419836,136.57379,-15.082793,-0.036365207,150.53392,-15.287609,-18.286495,127.732346,-26.960115,2.367164,134.18634,6.96024,-16.588692,99.098976,-27.825785,-23.53877,133.17126,9.784528,-17.175554,72.009415,-27.19594,32.03885,111.48383,-23.65479,11.956359,101.80466,2.7703824,36.64074,103.4199,13.210689,6.3688374,88.038475,45.279453,52.43518,77.28404,-11.632281,27.073195,71.02029,85.46305
-20.937544,134.4748,-6.0266967,-20.640823,138.84938,-8.56813,-23.76882,133.32831,-9.832091,-11.613699,145.81004,-7.4346924,-16.908869,136.05162,-19.122599,-0.936767,150.3988,-19.25662,-18.566658,127.74901,-31.421577,1.9816078,133.33116,2.3672945,-17.102259,99.178566,-32.480186,-23.815012,131.32402,5.5702586,-17.858025,72.17697,-32.02036,31.900002,112.10785,-30.010035,11.431351,101.65026,19.393742,38.168385,103.714676,6.811402,10.055645,86.890236,65.675224,53.72635,77.569145,-18.334969,24.88514,63.77454,114.69003
-20.977867,133.36043,-11.956036,-21.26021,137.78989,-14.374093,-24.230461,132.11209,-15.375523,-12.238837,145.36978,-12.299032,-15.908257,135.88188,-24.62724,-2.0484278,150.21239,-24.72092,-19.116062,127.34801,-37.375694,1.6631017,132.39676,-3.9297392,-17.728588,98.894424,-38.80647,-23.955828,129.63031,-0.08617195,-18.667536,71.99884,-38.24212,31.343042,112.63958,-37.27239,11.682277,99.7975,40.439457,38.741463,102.249214,-1.083987,13.6472225,82.86629,93.28439,53.82809,77.09055,-26.753471,25.226875,50.65868,153.17903
-21.132822,132.16806,-19.402027,-21.587164,136.60587,-21.768644,-24.707764,130.96443,-22.503902,-12.90111,144.69131,-19.497387,-16.245716,135.36775,-32.01638,-2.8804631,149.75627,-32.06084,-19.701206,127.253586,-45.20375,1.4589297,131.34027,-11.924937,-18.45157,98.81749,-46.79647,-23.873606,128.03125,-7.1848474,-19.572624,71.909294,-46.118076,30.457619,112.85964,-46.17493,12.396494,96.15844,61.053158,38.456615,101.08204,-10.6340275,16.865562,74.0089,126.900475,52.245846,76.25677,-36.71043,29.172977,25.285423,210.04301
-22.167896,131.33083,-28.525986,-22.091806,135.89514,-30.725195,-25.742119,130.65729,-31.773413,-13.963859,143.7052,-28.938133,-18.413605,134.42178,-41.46284,-3.9869976,149.28279,-41.04014,-20.565569,127.12896,-54.729923,0.8663442,130.27472,-21.681772,-19.513157,98.747375,-56.60344,-24.175083,126.35373,-15.958006,-20.886736,71.79885,-55.73428,28.976639,113.21695,-57.082462,12.662992,93.247795,70.36703,38.88388,101.6411,-22.091818,19.134388,62.766155,155.62871,49.950455,75.94573,-48.516094,41.03213,-28.481941,308.86777
-22.059029,130.93216,-27.37506,-21.952831,135.57811,-29.412233,-25.85725,130.51952,-30.404902,-13.945952,143.24559,-27.46874,-17.91104,134.16985,-40.207787,-4.340237,148.87503,-39.440876,-20.588043,127.05271,-53.894684,1.0998875,129.21046,-20.979374,-19.757105,98.73549,-55.795357,-23.513718,124.356865,-14.179934,-21.391207,71.80518,-54.877678,28.325542,113.80147,-57.646965,12.652767,94.27196,67.04043,40.71634,102.52667,-23.490145,19.497063,63.644463,151.3583,49.6664,75.969086,-49.82458,39.35841,-28.085241,306.59958
-21.40522,129.93602,-15.749603,-21.551626,134.68005,-17.536612,-25.466934,129.60793,-18.431883,-13.653636,142.48549,-15.11972,-17.071808,133.91232,-28.305016,-4.083939,148.39476,-27.261854,-20.076323,127.04883,-42.4849,1.9135537,128.26875,-9.528885,-19.628838,98.87594,-44.232216,-22.283213,122.668434,-1.8445047,-21.398396,71.881226,-43.127518,28.0688,114.15781,-47.569744,12.945768,99.14432,51.343353,41.93377,102.81712,-14.150517,20.515139,73.487885,115.64157,48.96981,76.781136,-41.055546,32.273094,28.748957,199.4136
-21.600931,128.8967,-6.1616864,-22.234056,133.65889,-7.769471,-25.922525,128.35233,-8.364254,-14.3333435,141.72697,-4.737746,-16.772305,133.50226,-18.355062,-4.616865,147.88367,-17.062967,-20.055878,126.815834,-33.394024,2.3363607,127.23539,-0.37958267,-19.926184,98.93502,-34.73978,-21.55471,120.89764,7.9007225,-22.006792,72.032036,-33.635616,27.092665,114.72052,-39.66739,12.240443,103.423515,26.891802,42.12829,102.935745,-7.4412622,20.860905,81.43753,77.315895,47.88103,77.60952,-35.146687,36.4839,55.50787,134.7471
-21.83022,127.94324,1.6279795,-22.37194,132.83556,0.40962222,-26.350374,127.7621,-0.19598447,-14.8173895,140.88669,3.8041074,-16.449823,133.05348,-10.126819,-4.9913754,147.29173,-8.644612,-20.314833,126.80506,-25.702137,2.8239896,126.0686,6.852357,-20.319057,98.90418,-26.849514,-20.477873,119.18129,16.223358,-22.615986,71.94003,-25.77027,26.082172,115.79069,-33.36801,11.269738,106.29192,4.2996593,43.45929,103.13611,-2.6060538,20.464514,85.80092,46.28151,43.86221,79.49852,-31.825163,42.576958,69.19029,85.58997
-21.857962,127.320984,7.190001,-22.500677,132.29503,6.5345526,-26.466972,127.28911,5.565833,-15.182478,140.27678,10.216277,-15.941462,133.08249,-4.0078373,-5.2600155,146.68134,-2.4298968,-20.689352,126.88009,-20.080547,3.3063369,125.009636,12.070843,-20.920847,99.04299,-21.049896,-19.228218,117.41292,22.503555,-23.24934,72.06206,-20.103418,24.624397,116.57369,-29.43375,9.981782,107.78568,-11.883559,44.520416,102.45934,-0.2880972,19.221668,87.6016,25.322252,40.80636,81.48552,-30.955019,48.83636,72.84888,50.82871
-21.96857,126.320885,11.112172,-22.367706,131.3623,10.854379,-26.570072,126.64006,9.510728,-15.426187,139.43738,14.19631,-16.524164,132.37476,-0.17866158,-5.563845,146.18146,1.9460996,-21.33306,126.89414,-15.947824,3.7002842,124.4522,15.67572,-21.430902,99.03128,-17.060518,-18.007425,115.5244,27.065918,-23.664003,72.08471,-16.108221,23.955187,117.296684,-26.83192,8.185534,108.75568,-21.889997,45.568348,101.19438,0.31997776,17.77611,87.92509,13.491569,40.128742,82.79102,-31.523026,53.541733,73.581024,25.367296
-22.015646,125.498985,13.616971,-22.309074,130.54437,13.819116,-26.614864,126.054085,12.067153,-15.484209,138.70961,16.957102,-17.038563,132.1323,2.413526,-5.9134316,145.73773,5.040592,-22.569946,126.94979,-12.812143,3.8390481,123.87112,17.900043,-21.90157,99.122536,-14.312485,-16.600773,113.76913,30.379189,-24.24692,72.1208,-13.439685,23.01742,117.54851,-25.85081,6.6694202,110.018036,-26.502268,46.120174,99.49173,-0.55225945,18.198803,88.68959,8.0805,39.888588,84.703896,-33.80622,56.961544,73.53329,7.001678
-21.99469,124.51727,14.749306,-22.376919,129.45764,15.811427,-26.643097,125.22557,13.43873,-16.551563,137.86128,18.898367,-17.521164,131.9691,3.9708683,-6.084088,145.17146,7.2553635,-23.826126,127.26022,-10.518897,4.241916,122.76523,19.14147,-22.538246,99.54688,-12.562075,-15.422403,111.79959,32.356133,-24.778288,72.33617,-11.798626,21.844639,117.90281,-25.427982,5.230134,110.965515,-28.510277,46.955402,97.87312,-3.012186,18.979414,89.5617,4.099364,42.39893,84.4231,-36.43224,58.086143,73.2267,-1.4587458
-21.9692,123.86798,15.763996,-22.380795,128.59172,17.54234,-26.669006,124.68726,14.6942005,-16.920534,137.17523,20.492367,-17.918266,131.94373,5.2931967,-6.1079135,144.61667,8.980348,-24.371592,127.804794,-8.411583,4.508313,121.69993,19.445173,-23.1826,99.717354,-11.114724,-13.917477,110.08528,33.527206,-25.166729,72.3752,-10.446436,20.675423,118.12449,-25.651127,3.7020316,112.365616,-29.177532,47.140472,97.081955,-7.279872,20.050983,90.182976,1.8229533,43.544865,86.12702,-41.61896,58.98203,72.34995,-3.8615434
-21.827375,123.369804,17.172997,-22.493004,128.05362,18.975876,-26.580225,123.88451,16.187492,-16.763306,136.75179,21.713125,-18.504913,131.64352,6.570143,-5.8094754,144.13895,10.522774,-24.433739,127.481514,-7.389531,4.983719,120.620346,19.503698,-23.457392,99.493805,-9.983332,-12.233503,107.84397,34.119034,-25.596502,72.368774,-9.326452,19.317291,118.78343,-26.63381,2.500139,113.46942,-29.042946,45.909653,95.21458,-11.451387,20.871197,91.153885,0.4174369,44.68315,86.9537,-46.548485,59.434284,72.32894,-4.8066306
-21.494228,122.77713,18.34134,-22.316963,127.44883,20.094736,-26.285831,123.05112,17.47935,-16.713987,136.4039,22.68039,-19.450457,131.38113,7.6624584,-5.5799556,143.60698,11.540716,-24.645195,127.4092,-6.1391077,5.206929,119.62044,19.561285,-23.655838,99.34881,-9.051303,-10.562596,105.466156,34.523064,-26.221434,72.406006,-8.291159,18.363564,119.12519,-27.5318,1.4679247,114.168335,-29.120235,45.557503,94.13103,-15.581372,21.159676,91.88672,-1.0177989,45.7648,87.01909,-51.174213,59.40609,71.60553,-3.9763515
-21.196535,122.27282,19.398571,-21.867338,126.851746,21.419926,-25.882614,122.92541,18.199348,-16.488468,135.94913,23.634054,-20.422579,131.2428,8.807738,-5.330184,142.90546,12.164607,-24.788387,126.87169,-4.46395,5.3848686,118.405045,19.36546,-24.368431,99.57792,-7.8959723,-8.898748,102.80214,34.554344,-27.333988,72.95718,-6.6366906,17.602573,119.54759,-28.068914,0.65726584,114.61083,-29.247032,45.95795,94.06883,-20.06198,21.195328,92.29421,-1.7463832,47.064198,86.30898,-55.466583,58.715088,70.99557,-3.956544
-21.235882,121.79633,20.314917,-21.65991,126.20549,22.766787,-25.747892,122.9902,18.926498,-16.318241,135.4279,24.492645,-21.482506,131.12914,9.958513,-5.259491,142.25285,12.626586,-24.911676,127.6567,-2.6650856,5.537611,117.74124,19.106113,-24.567032,99.68546,-7.1239305,-6.9956465,100.99813,34.493477,-27.025866,72.69876,-6.4214883,16.7576,119.71067,-28.30424,-0.019035809,114.77991,-29.395872,45.3411,93.81665,-24.074266,21.093893,92.605194,-1.7227757,48.952877,84.4145,-58.839344,57.5401,70.581314,-4.138534
-21.028887,121.749,21.172367,-21.491062,126.136925,23.616575,-25.53837,122.89624,19.711212,-15.810974,135.34705,24.996403,-22.28141,131.1538,10.960861,-4.843751,141.80363,13.241997,-25.262133,128.2036,-1.4284307,5.664128,117.12179,18.97794,-24.543818,99.849396,-6.1255674,-5.0207376,99.179115,34.49997,-27.11119,72.86036,-5.6274385,16.127714,120.08195,-28.373995,-0.80796796,115.03723,-29.54035,44.098675,93.33564,-28.062393,20.276812,92.861786,-1.638991,50.87866,83.0099,-62.21201,56.694317,70.13994,-4.16815
-20.905071,121.16465,21.511934,-21.327366,125.25456,24.455132,-25.447384,122.45812,20.303751,-15.590346,134.71388,25.626904,-23.12517,131.09091,12.0102,-4.6215725,141.34741,13.92244,-25.280876,128.42773,-0.4296069,5.9302254,116.604744,19.03172,-24.840729,99.888115,-5.064427,-2.9533503,97.39754,34.10489,-27.167892,72.86954,-4.5923433,15.345165,120.19835,-28.323408,-0.8773073,114.73126,-29.685913,42.45309,93.061195,-31.946014,18.976835,92.78121,-1.6254067,53.059235,81.31479,-65.124695,56.372517,69.84225,-4.1751575
-20.662971,120.388535,22.088697,-21.140528,124.32914,25.217001,-25.267542,121.59483,21.045475,-15.301679,133.8453,26.398453,-23.739634,130.78537,13.246825,-4.1259165,140.84947,14.439967,-25.20585,128.63548,0.780275,6.4492574,115.996086,18.777933,-25.002546,100.042595,-4.3372436,-0.3461708,95.64754,33.161507,-27.112156,72.9518,-3.6506984,14.776445,120.35088,-28.565977,-1.9497702,114.92313,-29.601185,40.691525,92.59646,-35.477085,18.16525,92.532486,-1.861293,53.760445,79.86156,-67.86935,56.01184,69.83288,-3.7933087
-20.496916,119.92901,22.532135,-20.826395,123.51173,26.077982,-25.087414,121.34665,21.706062,-14.945553,133.37253,26.985956,-24.331835,130.68802,14.442157,-3.7007275,140.58861,14.925614,-25.07349,128.48962,1.9180418,6.8232107,115.43794,18.626696,-25.220734,100.095695,-3.5238366,2.7126572,93.30339,31.437239,-26.986225,73.05032,-2.4810042,13.99498,120.29641,-29.132385,-3.0394154,114.68066,-29.216385,39.17477,92.54168,-38.52079,17.529045,92.18951,-1.9627295,53.182167,78.79676,-70.58754,56.291874,70.245186,-3.2272139
-20.444738,119.52602,23.115665,-20.529411,122.77709,26.982529,-25.087852,120.95883,22.764921,-14.26244,132.6851,27.513754,-24.660305,130.6275,15.684961,-2.9332469,140.10748,15.253412,-24.91299,128.55824,2.6973505,7.5639954,114.80155,18.375212,-25.00926,100.20973,-3.0137372,4.9081836,92.28589,30.783258,-26.834719,73.12394,-1.2080531,13.242348,120.25133,-29.5501,-4.19321,114.66352,-29.150675,37.75256,92.41,-41.097546,16.945438,91.892715,-2.4988391,51.61657,78.427635,-73.66078,56.839085,69.742096,-2.9913292
-19.64888,119.475746,23.6798,-19.552732,122.69924,27.570698,-24.387445,120.63514,23.795553,-13.233802,132.5967,27.704323,-24.560406,130.5711,16.72013,-2.0156746,139.68416,15.53161,-24.620918,128.42926,3.4884028,8.457131,114.249016,17.963531,-24.688128,100.21276,-2.5997367,7.4439907,91.09199,29.802687,-26.414684,73.53839,0.28325933,12.714233,120.43831,-30.082579,-5.2406006,114.81502,-29.36426,36.690533,92.43458,-43.318794,13.7513075,91.43585,-2.0158703,50.50645,77.917244,-75.821365,54.799625,70.17182,-3.3373892
-19.191986,119.207886,24.202635,-18.634617,122.42943,28.062813,-23.848862,120.549255,24.745888,-12.162569,132.20781,27.718355,-24.478392,130.52565,17.892937,-1.2638165,139.2436,15.341608,-24.320435,128.30717,4.409138,9.316757,114.13542,17.669975,-24.483318,100.26319,-2.051024,9.580283,90.55153,28.696518,-25.525183,73.731125,2.4570022,12.223175,120.4765,-30.721401,-5.7009,115.00889,-29.716269,35.64651,92.74167,-45.033978,11.112625,91.31903,-1.5477786,49.44169,77.31461,-77.034195,52.289032,70.70772,-5.0922165
-18.579107,119.042816,24.499144,-17.49155,122.19438,28.305107,-23.117207,120.17766,25.879993,-11.220128,131.98137,27.47522,-24.359732,130.36102,18.722025,-0.6158341,138.59843,15.036379,-23.92285,128.03575,5.411981,10.060208,113.27662,17.247007,-24.40718,100.45577,-1.7809758,11.5196295,89.43266,27.44568,-24.258398,75.091385,5.7561016,10.998475,120.9891,-31.827208,-6.021095,115.4755,-29.806614,34.317158,93.32608,-46.50603,8.77631,91.37149,-1.3101279,48.368744,76.82691,-77.860176,49.952557,70.884995,-6.6875043
-18.195135,118.65627,24.915174,-16.564608,121.79107,28.53359,-22.510065,120.07262,26.702496,-10.3596115,131.35133,27.505123,-23.97836,130.13962,19.43056,0.13685958,138.11296,14.978905,-23.608433,127.72888,6.746375,10.8564005,112.86326,16.365923,-24.436607,100.5586,-1.1020095,13.37065,88.7826,25.735277,-23.513123,75.536194,7.655946,9.781789,121.23644,-32.43693,-6.4661136,116.33289,-29.85023,33.20304,93.82086,-47.39738,6.887041,91.66895,-1.149269,47.610584,76.70147,-78.26963,47.78569,71.10142,-8.363915
-17.41681,118.02622,25.220352,-15.675566,121.08936,28.851126,-21.646584,119.17501,27.347126,-9.616342,130.83481,27.717396,-23.59431,129.65756,20.369137,0.66456836,137.49823,14.79738,-23.456144,126.94365,7.464896,11.663269,112.46564,15.428393,-24.710602,100.22712,-0.24673869,14.952131,88.178696,24.033953,-23.24485,75.5043,9.070248,9.033568,121.396286,-32.7644,-7.1272497,116.26982,-30.089968,32.429348,94.310844,-47.81415,5.2621403,92.23457,-0.8475644,46.926582,76.63594,-78.34657,45.55685,71.74478,-10.190618
-16.74183,117.48116,25.518614,-14.928637,120.62403,29.04568,-20.867865,118.36131,27.961006,-8.817804,130.26009,27.76592,-23.196753,129.13518,21.208258,1.403701,136.95848,14.495627,-23.310709,126.6145,8.955798,12.599277,111.98119,14.328406,-24.713985,100.12143,0.6164288,16.451918,87.58856,22.46301,-23.060505,75.31117,9.940985,8.645949,122.37734,-33.592327,-8.570147,117.035934,-30.024307,31.744263,94.746056,-48.124756,4.153357,92.84811,-0.8314641,46.298573,76.616714,-78.3292,42.911198,71.77419,-11.397675
-15.895269,116.91942,25.746706,-14.02787,120.20145,29.117662,-19.93757,117.76405,28.339027,-7.9015555,129.67818,27.835075,-22.682402,128.63658,22.228811,2.1014602,136.72984,14.832707,-23.412464,126.62991,9.929211,13.434997,111.45755,13.416479,-24.821508,99.773224,2.357991,18.009644,86.92297,20.782902,-23.041397,74.92695,10.8722515,6.7012877,122.43502,-34.139145,-9.783059,117.54775,-29.89543,31.185808,95.36248,-47.922062,3.905429,93.735275,-1.0459206,45.67514,76.74566,-77.97753,40.48933,71.68055,-14.478735
-14.854128,116.51426,26.348305,-13.053271,120.04672,29.477213,-18.728888,116.992645,29.279612,-6.7676706,129.43806,28.03319,-21.899473,128.18703,23.341812,3.2954154,135.81729,14.737918,-23.52296,126.42315,10.2486725,14.237097,110.67861,12.434542,-24.859898,99.60719,3.7537024,19.405437,86.55598,18.727938,-23.059195,74.532364,11.832892,4.1458445,123.356316,-34.23443,-10.730741,118.322716,-29.945377,30.508484,96.12859,-47.28974,3.0467453,94.55405,-0.48199815,44.8591,76.7422,-77.077515,37.9781,72.095825,-19.186737
-13.397142,116.58488,27.09965,-12.184767,120.64632,29.85658,-17.317154,116.71466,30.013489,-5.607083,129.73698,28.182053,-21.02961,127.92646,24.344109,4.2731586,135.05312,14.947002,-23.532574,126.19023,10.736942,14.943935,109.97166,11.875666,-24.935852,99.39408,4.634135,20.476664,85.930595,17.72573,-23.239283,74.18171,12.553699,2.7483938,124.392624,-33.99716,-12.005672,119.218216,-29.678247,29.54872,96.83921,-46.779827,2.7152097,95.3424,-0.5184959,43.899216,76.81614,-76.30505,34.643837,73.33084,-24.690271
-12.485223,116.37582,27.30735,-11.250536,120.35481,30.164476,-16.413052,116.44297,30.216936,-4.679392,129.51257,28.537115,-20.249573,127.69249,25.181145,4.899373,134.26587,15.359015,-23.57295,126.229256,11.313325,16.049807,109.3939,11.729986,-24.67311,99.371796,5.4283195,21.783321,85.00004,17.673283,-23.28722,74.065475,13.083561,1.8231258,125.34707,-34.01338,-13.305432,120.25225,-29.784752,28.563711,97.68313,-46.545456,3.2405736,96.53672,-1.2469817,42.906574,76.77977,-75.41511,30.650003,74.520256,-28.988836
-11.772646,115.8528,27.61368,-10.190461,119.81329,30.319935,-15.685441,116.39895,30.487047,-3.909226,128.96628,28.788551,-19.573324,127.24135,25.878298,5.711453,133.48175,15.785132,-23.482367,126.222534,11.718562,17.012993,108.733376,11.383317,-24.312592,99.198524,6.3625546,22.994766,84.257774,17.070362,-23.338156,73.64937,13.3301325,1.2591051,126.39142,-33.636887,-14.336844,121.021034,-29.542208,27.550875,98.980865,-46.320606,3.4747224,97.0014,-1.6469109,41.96659,76.55706,-74.16736,26.630554,75.46148,-33.423603
-10.988388,115.32657,27.934225,-9.227666,119.276405,30.56142,-14.84129,116.073685,30.833843,-3.348496,128.5661,29.109812,-19.058695,126.57119,26.565067,6.562628,132.57567,16.034851,-23.411768,125.74014,12.433866,18.025448,107.832344,11.080451,-23.704466,98.64079,7.7387824,24.367508,83.271904,16.029234,-23.374016,72.94912,13.489546,1.5069299,128.03735,-33.485462,-15.478601,121.721886,-29.023502,26.67818,99.3713,-45.957767,3.603583,96.85025,-2.121634,40.17836,76.92454,-73.91098,22.510748,76.53743,-37.311752
-9.906328,114.829445,28.451536,-8.092615,118.95849,30.756048,-13.75961,115.885796,31.259775,-2.836896,128.37704,29.403364,-18.613392,125.55219,27.383339,7.346401,131.70422,16.277397,-23.066618,125.51044,13.290653,18.953556,107.115654,10.589508,-23.407057,98.55695,8.854783,25.988369,82.65381,14.755394,-23.47871,72.71422,13.828181,0.9448935,128.80853,-33.000336,-16.679432,122.817406,-27.978935,25.802393,100.00536,-45.64257,3.9023664,96.410774,-3.0310214,38.43882,77.79985,-74.08255,18.463856,77.747574,-41.11457
-8.615428,114.663246,29.21885,-7.0520673,119.01966,31.252855,-12.608254,115.75257,31.813965,-2.196009,128.46048,29.787012,-17.91712,124.83744,28.335398,7.908272,131.16675,16.722954,-22.435846,125.379295,13.766788,19.33946,106.52747,10.534625,-23.41386,98.245926,9.560338,26.907248,81.84368,13.551181,-23.480223,72.381546,14.242715,-0.07081017,128.71155,-32.46743,-17.602936,123.46224,-27.24974,25.136576,100.426445,-45.482258,4.6685643,95.64435,-4.688675,36.784763,78.42124,-74.53599,14.647673,78.730286,-44.362583
-7.604717,114.414406,29.767914,-6.087444,118.78358,31.806608,-11.606711,115.44948,32.36488,-1.3645035,128.31218,30.339775,-17.039076,124.544716,29.066309,8.442598,130.71855,17.17076,-21.99924,125.05725,14.399914,19.643091,106.05715,10.67762,-23.796783,98.00125,9.711667,27.408964,81.40671,12.979751,-23.513914,72.2241,14.625178,-0.7245629,128.72536,-31.922314,-17.588638,123.787186,-26.779797,24.51758,100.62006,-45.29643,4.980147,94.31908,-6.5830355,35.997955,78.567154,-74.5271,10.335254,79.914825,-47.801704
-6.778437,114.18168,30.103718,-5.1448455,118.498825,32.178665,-10.70999,115.25723,32.79121,-0.6196717,128.01761,31.034931,-16.340193,124.17153,29.66334,9.210648,130.07253,17.53737,-21.648108,124.74376,15.109901,20.077398,105.37324,10.774256,-23.836988,97.731064,10.194632,28.091385,80.73742,12.651671,-23.3606,71.98987,14.845341,-1.082367,128.8228,-31.426464,-17.678356,124.01392,-26.237143,23.738592,100.750626,-45.282005,4.8620305,93.020615,-8.659919,35.57288,78.690605,-74.26055,5.6466208,81.077354,-51.018948
-5.969275,114.0062,30.56798,-4.090884,118.18307,32.71702,-9.777174,115.17866,33.390156,0.4857867,127.71022,31.399448,-15.287638,124.29572,30.065205,10.061822,129.3186,17.769318,-21.119062,124.53703,15.67722,20.357857,104.24975,11.036349,-23.52141,97.600426,10.567057,28.468664,79.66859,12.486106,-23.271286,71.80862,14.790418,-0.9139623,129.09164,-30.864635,-17.928188,123.94403,-25.855747,22.572226,101.269005,-45.87367,4.1340117,91.70328,-10.72119,35.039177,78.737724,-74.16103,0.7593372,82.585945,-52.989998
-4.8751945,113.76416,31.046165,-3.016117,117.97698,33.14677,-8.653074,114.89611,33.923054,1.8362917,127.361,31.64211,-13.987871,124.19651,30.339455,10.929695,128.79878,18.157286,-20.403542,124.40523,16.30554,20.502882,103.584625,11.571259,-22.994001,97.45295,10.904926,28.821497,79.07719,12.223489,-23.196318,71.55232,14.674847,-0.96022654,129.33139,-30.09304,-17.35905,124.30468,-25.82073,21.702324,101.152534,-45.971615,3.1338887,90.58834,-12.936946,34.08368,79.075874,-74.12039,-5.5648646,84.21175,-54.99218
-3.891065,113.54242,31.342823,-2.034706,117.5752,33.764038,-7.617707,114.35513,34.383427,3.3737667,126.90689,32.057774,-12.465981,124.5215,30.722898,11.789549,128.22145,18.777897,-19.838774,124.38246,16.978313,20.595232,102.77041,12.10025,-22.559624,97.45979,11.416743,29.040201,78.32489,12.4800005,-23.388178,71.387985,14.3061495,-0.6830458,129.18015,-29.679943,-17.21519,125.40064,-25.310118,20.4681,100.164696,-45.79194,1.6781414,89.56549,-15.905,34.028175,79.071266,-73.95209,-11.278895,85.25806,-57.691223
-2.7192826,113.31392,31.116615,-0.94685954,117.08279,33.982334,-6.4892344,113.761986,34.179134,4.55534,126.58558,32.474167,-11.302231,124.36689,31.060713,12.669177,127.740364,19.208254,-19.288729,124.73436,17.312914,20.782827,102.2768,12.133209,-22.08605,97.54841,11.786682,28.79352,77.460884,12.624523,-22.435276,71.295906,15.0350485,-0.16814104,129.32166,-29.323204,-17.586002,125.64831,-24.761152,20.223114,99.72294,-45.930317,-0.10384063,88.61737,-19.028439,34.60827,78.81371,-73.815125,-18.506601,86.16714,-58.05536
-2.1907024,112.907135,31.527964,-0.28883737,116.797035,34.141727,-5.9881325,113.75411,34.473614,5.113851,126.147446,32.660557,-10.820236,123.7929,31.258205,13.477433,127.258026,19.358961,-18.551968,124.78023,17.642529,20.82183,101.53214,12.315405,-21.633093,97.62257,12.051251,28.132881,76.31128,12.71195,-21.852259,71.22335,15.314062,0.46121895,129.01323,-29.050142,-17.620798,125.56937,-24.109129,20.710346,99.425095,-46.257526,-1.917649,87.467155,-21.627441,36.154015,78.223404,-73.64564,-24.007902,86.96334,-58.766342
-1.3720796,112.532326,31.49287,0.16691628,116.50247,34.231804,-5.3462234,113.12992,34.256508,5.4757195,125.85396,32.893448,-10.366592,123.19692,31.520317,14.125012,126.71535,19.34402,-17.887928,124.59296,17.938768,20.662886,100.33527,12.61473,-21.275053,97.51465,12.303796,27.245317,74.82162,12.922091,-21.548325,71.06694,15.640034,0.90117025,128.59102,-28.884226,-17.52286,124.84998,-23.621275,22.105762,99.50419,-46.145058,-4.2153788,86.14293,-23.348387,36.924633,77.814735,-73.525986,-28.072977,86.971725,-59.63345
-0.9088653,112.06054,31.684624,0.5016548,115.966194,34.572987,-5.0613537,112.69966,34.159615,6.0843797,125.3905,33.21228,-9.807872,122.82662,31.77412,14.937898,125.80676,19.200651,-17.410128,124.75295,18.275038,20.652958,99.11711,12.538546,-20.881584,97.70942,12.449701,26.062262,73.20844,12.998842,-21.238276,71.3504,15.865304,1.5032655,127.92128,-28.639246,-17.252367,125.156494,-23.05117,23.02701,98.6753,-45.696632,-6.1800385,85.12617,-25.206495,37.458664,77.197685,-73.46299,-31.487608,86.500244,-60.67517
-0.64157295,111.373825,31.637186,0.835282,115.16905,34.639626,-4.9531484,112.44781,33.6504,6.798106,124.337616,33.33872,-9.17214,122.43334,31.96146,15.378581,124.946075,19.539093,-16.609827,124.24451,18.644783,20.580252,97.798515,12.896428,-20.568409,97.63803,12.854268,25.462486,71.718575,13.2796755,-20.866505,71.334595,16.210934,2.0418503,127.34347,-28.53138,-17.022837,125.029625,-22.544943,24.066929,97.71555,-45.031647,-8.599003,84.710434,-27.210619,37.762905,76.879616,-73.35311,-34.492947,86.05149,-61.980873
-0.5737054,110.74299,31.478134,1.2046587,114.361176,34.546295,-4.763341,112.05225,33.605675,7.4983416,123.28828,33.451683,-8.545946,122.14213,32.13823,16.023163,124.0935,19.836464,-15.728589,123.68726,19.181734,20.507408,96.8767,13.194264,-20.352629,97.462746,13.000692,25.155403,70.73329,13.486974,-20.587908,71.12451,16.389097,2.6334007,126.485504,-28.46029,-16.525368,124.91434,-22.340631,24.762798,96.81198,-44.22307,-11.794634,84.26347,-28.543459,38.119972,76.581726,-73.22323,-37.033024,84.92155,-63.518562
-0.27102223,110.003815,31.403778,1.6038028,113.65526,34.37734,-4.3756785,111.28623,33.70289,8.178209,122.282684,33.602356,-7.852509,121.69794,32.28116,16.85177,124.059814,19.607128,-14.99581,123.74291,19.697872,20.343885,96.72424,13.4725485,-20.072273,97.23088,13.119016,24.951756,70.37374,13.596695,-20.34281,70.910385,16.37425,3.2736099,125.859634,-28.130941,-16.232376,125.19291,-22.134089,25.228987,95.75296,-43.471077,-15.079242,84.90563,-29.643936,38.430157,76.45769,-73.00042,-39.640457,83.69188,-64.85456
-0.04164402,109.443665,31.383608,2.0110886,113.085434,34.257595,-4.0233345,110.80414,33.848248,8.710175,121.39981,33.67592,-7.284039,121.367325,32.3688,17.39588,123.879654,19.362144,-14.436756,123.74393,20.16298,20.784136,96.201035,13.4055805,-19.808039,97.20962,13.260912,25.016493,69.902016,13.778135,-20.176271,70.78525,16.563076,3.3923569,125.1062,-28.082577,-15.842811,124.71771,-22.019762,25.500154,95.02623,-42.823074,-18.12226,84.81877,-30.297024,38.74077,76.58515,-72.83042,-41.8159,82.55678,-66.01414
0.16958058,108.93006,31.380001,2.3144853,112.35612,34.43683,-3.7555633,110.1729,33.99216,9.237901,120.785866,33.474934,-6.790787,121.00875,32.2221,17.980858,123.83895,19.307047,-13.600001,123.770966,20.755322,21.080301,96.23295,13.45759,-19.77696,97.27457,13.477789,25.203718,69.959724,13.903764,-20.128046,70.767334,16.630003,3.3632188,124.36037,-28.29775,-15.536539,124.45923,-22.172792,25.753544,94.31613,-42.313137,-20.978872,85.152695,-30.374231,39.046215,76.46417,-72.8458,-43.583054,81.77329,-67.03382
0.1857096,108.27381,31.5793,2.601278,111.57185,34.575603,-3.6352792,109.95682,34.10062,9.451762,120.10674,33.443684,-6.525153,120.506615,32.13425,18.406843,123.75288,19.39148,-13.172841,123.92176,21.008932,21.532736,96.163994,13.428486,-19.727129,97.50281,13.553171,25.376846,70.00218,13.998703,-20.06262,70.94259,16.712149,3.5827453,123.96839,-28.245905,-15.229463,124.01482,-22.661451,26.08251,93.6831,-41.902615,-23.316366,85.34416,-30.504633,39.153763,76.41016,-72.761856,-44.705338,81.31953,-67.849915
0.18790895,108.02978,31.556091,2.808611,111.17497,34.53919,-3.4808433,109.700066,34.314346,9.724027,119.71573,33.26361,-6.2461905,120.44459,31.913826,18.596346,123.677795,19.432169,-12.7213745,123.69167,21.120184,21.567644,96.53787,13.367975,-19.727955,97.697014,13.485484,25.421396,70.2043,13.997597,-19.859486,71.238335,16.650446,4.339629,124.030556,-28.118315,-15.45546,123.933075,-22.711628,26.27647,93.411514,-41.53203,-25.51548,85.82358,-30.12319,39.091244,76.48142,-72.65309,-45.00649,81.28736,-68.50266
0.23392728,108.12593,31.492863,2.8647163,111.032745,34.697197,-3.4432669,109.671265,34.31236,9.909815,119.66489,33.18129,-6.063837,120.58944,31.757767,18.945145,123.74198,19.394526,-12.47891,123.4157,21.290386,21.474022,96.39958,13.34095,-19.747345,97.58735,13.374226,25.420053,70.12591,13.988703,-19.861954,71.1713,16.695152,4.560297,124.15444,-27.767006,-14.881797,123.644485,-23.035929,26.226555,93.29344,-41.28191,-27.030495,86.1543,-29.903557,38.844204,76.451065,-72.500824,-44.971127,81.42893,-69.036194
0.27673253,108.411415,31.242453,2.983764,110.86726,34.740204,-3.333302,109.51432,34.342728,10.058234,119.74426,33.191017,-5.91182,120.855934,31.811852,19.101002,123.87977,19.165888,-12.384625,123.53758,21.346006,21.333126,96.47176,13.428015,-19.721209,97.55626,13.418312,25.38375,70.09128,14.027438,-19.92301,71.036736,16.832355,4.465415,124.52535,-27.6009,-14.690221,124.08231,-23.504574,26.08546,93.53428,-41.04394,-27.60825,86.719025,-29.673397,38.543545,76.49473,-72.46985,-44.658592,81.358986,-69.2536
0.26698712,108.0742,31.301577,3.0969892,110.4443,34.75864,-3.234567,109.16517,34.532642,10.157485,119.407555,33.241573,-5.7960787,120.61742,32.06943,19.334766,123.70545,19.004251,-12.342343,123.25231,21.181404,21.292465,96.289764,13.432361,-19.727697,97.377304,13.332566,25.38934,70.012886,14.153027,-20.118431,70.94573,16.868715,4.369493,124.88986,-27.563549,-14.669306,124.57944,-23.797052,25.893166,93.82501,-41.224705,-27.814463,86.97049,-29.472828,38.2687,76.66083,-72.4861,-44.366505,81.577255,-69.331955
0.5585549,107.89654,31.402086,3.2680445,110.858154,34.493546,-2.9268272,108.97442,34.647125,10.246478,119.397095,33.389027,-5.709486,120.36657,32.26435,19.377512,123.62738,19.083939,-12.748114,123.20402,20.862951,21.26113,96.2412,13.575307,-19.80508,97.42001,13.12743,25.554405,69.90053,14.296514,-20.295967,70.99199,16.773375,4.096134,125.51412,-27.61962,-14.660055,124.913124,-23.757273,25.578255,94.50452,-41.64793,-27.757437,87.083885,-29.25025,37.960434,76.762245,-72.41418,-43.99798,81.96722,-69.2264
0.96945715,108.1558,31.26911,3.694318,110.98123,34.466606,-2.5210578,109.195496,34.52354,10.280126,119.824356,33.48981,-5.7298045,120.32405,32.323246,19.244598,123.82587,19.059755,-12.66981,122.702614,20.922382,21.278788,96.19642,13.511183,-19.973211,97.19087,13.233642,25.53797,69.856064,14.282719,-20.585714,70.86096,16.78687,3.8502922,126.07485,-27.561394,-14.953933,125.319145,-23.627924,25.224031,94.86918,-41.76537,-27.561327,87.033554,-29.367712,37.623966,76.734436,-72.39845,-43.708687,82.049644,-69.14801
1.1808403,108.14236,31.274689,3.9453323,110.9128,34.489506,-2.322951,109.33722,34.461334,10.3322,119.92412,33.445786,-5.719947,120.1683,32.41187,19.10309,123.819016,18.869442,-12.477998,123.14029,21.443007,21.24743,96.23954,13.228333,-20.021723,97.348694,13.244247,25.614069,69.95962,14.179878,-20.876223,70.83987,16.517323,3.549103,126.43238,-27.694933,-15.278609,125.859505,-23.247057,25.1496,95.26933,-42.010567,-27.062078,87.68259,-29.13785,37.30747,76.813416,-72.40643,-43.66961,82.298546,-69.06858
1.3771096,108.243004,31.346558,4.181652,111.06421,34.47703,-2.0628393,109.38656,34.62095,10.532474,120.034,33.52283,-5.481944,120.32584,32.50376,18.894163,123.76985,19.034056,-12.575925,123.04549,21.621391,21.32028,96.19083,13.239581,-20.279877,97.4314,13.312461,25.554548,69.91873,14.167628,-21.228546,70.91152,16.322771,3.309841,126.81528,-27.473577,-15.014657,126.631584,-23.847498,24.985123,95.7288,-42.090157,-26.677595,87.84769,-29.381567,36.793777,77.03643,-72.47034,-43.627586,82.45457,-68.90588
1.6574032,108.29635,31.392496,4.4700828,111.07462,34.554165,-1.7865331,109.44345,34.660774,10.760568,120.16498,33.55716,-5.2521596,120.35612,32.542976,18.765688,123.84831,19.248144,-12.999376,123.256256,21.359295,21.379848,96.27218,13.186005,-20.414066,97.62305,13.299064,25.841253,69.92074,13.982174,-21.653366,71.134224,15.953403,3.2558744,127.08131,-27.403765,-14.926172,127.27404,-24.23187,24.873095,95.94901,-41.979046,-26.41237,88.23961,-28.96165,35.99291,77.55118,-72.312035,-43.552673,82.269516,-68.84729
1.7637607,108.241905,31.456991,4.6481104,111.02321,34.549614,-1.6172371,109.44141,34.77008,10.787791,120.13685,33.508205,-5.225064,120.280716,32.561527,18.735712,123.71988,19.301031,-12.738302,123.102646,21.770761,21.479387,96.30716,13.01341,-20.425962,97.65361,13.156482,25.905376,69.9369,13.815913,-22.48626,71.15557,15.55652,3.1484168,127.29318,-27.346016,-15.081928,127.4761,-24.262396,24.644018,95.9962,-41.7702,-26.3704,88.23008,-29.017134,36.452618,77.186455,-72.31971,-43.620037,82.20525,-68.74508
1.9181882,108.04471,31.442478,4.781015,110.90505,34.483494,-1.4569484,109.19775,34.769028,10.848269,120.028915,33.575275,-5.1356893,120.083405,32.38371,18.61769,123.60195,19.426538,-12.609678,123.17941,21.90772,21.658869,96.17037,13.07175,-20.494745,97.61003,13.106982,26.083683,69.990135,13.735584,-23.122034,71.10222,15.262234,3.1493297,127.66961,-27.32331,-15.181121,127.80684,-23.99763,24.48097,95.95127,-41.45722,-25.828888,88.35672,-29.43695,36.12488,77.060844,-72.14219,-43.83379,82.12662,-68.807495
2.2412286,108.09309,31.292374,5.2640905,110.44092,34.59792,-1.0574633,109.0967,34.74654,11.155219,120.18398,33.56247,-4.8538218,120.10761,32.198776,18.506737,123.47066,19.585852,-12.750173,123.31617,21.753736,21.904602,96.330284,12.805344,-20.66101,97.38148,13.121215,26.285011,69.933815,13.7939005,-23.617134,70.99916,15.156508,3.18569,127.80698,-27.400593,-15.679145,127.78805,-23.689064,24.062357,95.51088,-40.700806,-25.140274,88.48709,-30.080917,35.37454,77.22881,-71.7573,-44.22045,81.88832,-68.98596
2.4581895,108.01157,31.158384,5.476225,110.21989,34.56778,-0.9060277,109.17037,34.496067,11.301116,119.994934,33.622078,-4.6408176,120.05298,32.085155,18.748323,123.50999,19.726152,-12.640637,123.11063,21.771185,22.11828,96.47896,12.737097,-20.919676,97.38582,12.988283,26.538338,70.25919,13.530394,-23.799604,70.84515,15.050165,3.1346488,127.8947,-27.213526,-15.578057,127.84785,-23.938038,23.286167,94.79329,-39.358143,-24.327888,88.535995,-30.93261,34.270844,78.126884,-71.08903,-44.519424,81.588646,-69.20139
2.7432225,108.02889,30.92145,5.809809,110.11617,34.37071,-0.59672165,109.240074,34.264393,11.590098,119.88973,33.808456,-4.335741,120.052895,31.90242,18.875946,123.35963,19.860521,-12.527825,123.237755,21.567371,22.455425,96.597336,12.827869,-20.951326,97.464294,12.940577,26.98281,70.51861,13.514081,-23.734303,71.04593,14.917393,3.343606,127.76024,-27.053282,-15.79815,127.6699,-23.651796,21.641747,93.62365,-38.143303,-23.577799,88.637245,-32.10833,32.678432,78.89216,-70.242905,-44.59923,81.22666,-69.69562
3.1800165,108.13183,30.689634,6.2969136,110.247154,34.07457,-0.12694748,109.50103,34.002293,11.848904,120.112366,33.66522,-4.056839,120.121056,31.732971,19.152868,123.57345,19.724154,-12.727258,123.5724,21.26531,22.840265,96.6636,12.698706,-20.911112,97.518936,12.792244,27.591291,70.5686,13.758208,-23.590961,71.05894,14.851465,3.4851804,127.66157,-26.729128,-15.950641,127.97007,-23.990747,20.00859,92.3579,-36.2081,-23.353842,89.030945,-32.809666,30.993345,79.43645,-68.8815,-44.67978,81.028305,-70.63563
3.6460147,108.49246,30.440592,6.8551445,110.59448,33.74496,0.4241694,109.89309,33.822956,12.263841,120.81129,33.098507,-3.714538,120.317345,31.717073,19.597631,123.80258,19.2318,-12.683892,123.44912,20.908827,23.166317,96.61414,12.636752,-20.948032,97.40689,12.608355,27.839249,70.51264,14.011353,-23.572306,71.044975,14.633137,3.9607782,127.41139,-26.70686,-15.3338175,127.80133,-24.60957,18.30044,90.870476,-33.851612,-23.402067,89.44654,-33.25424,28.348463,80.76436,-67.46659,-44.747395,80.94834,-70.96545
4.439496,108.97123,30.14481,7.5256367,111.07261,33.566643,1.07304,110.71415,33.215496,12.82499,121.119484,32.981163,-3.1718755,120.65945,31.65396,19.82027,123.57977,18.75145,-12.570308,123.72771,20.64133,23.527323,96.456154,12.508764,-20.649168,97.38236,12.409548,28.243105,70.27932,13.955105,-23.636011,70.96129,14.248914,4.468175,127.25861,-26.89017,-14.729196,128.00354,-25.10825,16.608149,89.343834,-31.163237,-23.728212,90.52284,-33.716496,24.677954,82.666664,-65.754265,-44.723366,80.28543,-71.44477
5.573256,109.69809,29.993595,8.51403,112.11419,33.327026,2.1132526,111.17425,33.104202,13.766298,122.138374,32.718243,-2.3043458,121.14505,31.546227,20.206139,123.608246,18.21106,-12.279501,123.9966,20.452402,24.085964,96.43184,12.150512,-20.160252,97.48243,12.4492655,28.681347,70.36865,13.691592,-23.73883,71.09814,13.780066,4.8357687,126.79518,-27.315697,-14.029021,128.53334,-25.535202,13.97316,88.46396,-28.317404,-24.121206,91.40096,-34.333694,19.87078,84.60803,-63.639698,-44.98684,79.390594,-72.28249
6.650136,110.506165,30.119965,9.5509815,113.030136,33.410297,3.1508234,112.01535,33.164257,14.586971,123.09714,32.245766,-1.4804965,121.84755,31.573826,20.519741,123.69291,17.473314,-11.93372,124.610275,20.10908,24.790619,96.56065,11.762088,-19.735357,97.85678,12.345983,29.162888,70.388405,13.453146,-24.445925,71.64359,12.806146,5.8624907,126.532555,-27.758213,-13.431811,129.06665,-26.35467,11.261089,87.86068,-24.998915,-24.848341,91.71931,-35.115738,15.275142,85.774864,-61.06013,-44.93523,79.42361,-73.1762
7.1158543,111.26488,30.032198,10.2376995,113.69131,33.188965,3.8238363,112.69319,33.332367,15.24152,123.89693,31.5802,-0.7471335,122.9071,31.59492,20.878643,123.878456,16.845558,-11.624102,125.17259,19.761322,25.518232,96.75465,11.330942,-19.414473,98.340294,12.204221,29.504675,70.65528,13.408749,-24.423288,72.05338,12.5193205,6.956509,126.13905,-28.453903,-12.562341,129.61618,-27.215723,8.490455,87.59121,-22.035501,-25.112251,92.64248,-36.066677,10.666337,86.56001,-57.9763,-44.550175,79.547,-74.05066
6.8177867,111.806114,29.848183,10.408688,113.995766,32.6489,3.9731698,113.62113,33.359066,15.374254,124.08134,31.435547,-0.62433547,123.71447,31.582142,21.624043,123.71291,16.033085,-10.893811,126.05987,19.562632,26.2243,96.6628,10.752157,-19.034878,99.27292,12.1236515,29.226484,70.377365,13.62373,-23.797707,72.71971,12.626186,8.221755,125.803024,-28.998087,-11.698848,130.07881,-27.792341,5.600001,87.49833,-18.996475,-25.537767,93.94835,-37.410336,7.784851,86.87313,-54.840458,-43.667988,79.677765,-75.55758
7.0314116,112.2672,29.709665,10.785425,114.26937,32.44552,4.345187,114.45316,33.134007,15.752426,124.40229,31.255919,-0.29885143,124.2968,31.405708,22.257486,123.71641,15.559158,-10.0677185,127.13288,19.341974,26.953064,96.671555,10.215311,-19.018919,100.59859,11.905615,29.56437,70.56592,13.769828,-24.252295,74.11816,12.002986,8.503063,125.052734,-29.56873,-10.68775,130.43707,-28.10204,2.0739558,88.13804,-16.379723,-26.09399,95.52462,-38.46317,6.2816772,85.82542,-51.682705,-43.128544,79.752525,-76.549324
7.3197727,112.71746,29.529781,11.273265,114.49048,32.140533,4.8740244,115.0606,33.030308,15.98035,124.870605,30.883547,-0.08319597,124.79909,31.109056,22.736647,123.990875,14.841822,-9.623285,127.86375,19.081001,27.392025,97.09868,9.621536,-19.084316,101.488075,11.590532,29.766647,70.99113,13.387751,-23.999144,74.8545,11.887518,8.578504,124.51848,-30.054852,-9.671761,130.39178,-28.697464,-1.4673611,89.05445,-14.022075,-27.446293,96.9713,-39.27022,6.3652606,81.586395,-47.79323,-42.91114,79.74593,-77.26556
7.589264,113.41653,29.496939,11.681649,115.17032,31.904491,5.3391495,115.87485,33.04186,16.28731,125.53793,30.379292,0.23794618,125.553185,30.978289,23.314774,124.256874,14.101083,-8.817241,128.64842,18.679752,27.628569,97.432884,9.160274,-18.9844,102.59135,11.322101,29.831154,71.32656,12.866066,-23.15089,75.77644,12.121506,8.49502,124.07277,-30.391512,-8.591235,130.41878,-29.320782,-5.323421,90.60421,-11.7759905,-28.525158,98.416595,-40.19733,6.0597296,80.0305,-44.57602,-43.07222,79.57651,-77.790016
8.268247,114.278694,29.618084,12.458766,116.12654,31.779493,6.169382,116.99652,33.07659,16.71323,126.5595,29.91368,0.69595975,126.25297,31.065435,23.743336,124.71414,13.489898,-7.557257,129.52997,18.632126,27.816553,97.54578,8.903092,-18.492052,103.95156,11.140872,29.610407,71.12024,12.31728,-23.667894,77.500854,11.767988,8.443125,123.82065,-30.259495,-7.918828,129.89479,-29.602676,-8.2491455,92.72799,-10.0786085,-29.423351,99.24747,-40.656624,4.0873504,80.93255,-42.68739,-42.697826,79.8435,-78.41975
9.029744,115.21136,29.647207,13.213573,117.1189,31.779593,6.9241834,117.97721,33.051502,17.251455,127.61242,29.190163,1.2745641,127.10048,30.833237,24.187674,125.31751,13.022312,-6.4063764,130.1847,18.370522,28.10447,98.23643,8.175524,-18.270601,105.29325,10.844696,29.868214,71.85466,11.620715,-23.269533,78.92167,12.013868,8.316473,123.31039,-29.775753,-7.395846,129.56512,-29.934729,-11.093391,94.47674,-8.6826105,-29.978525,99.34782,-40.93789,0.4705098,80.481186,-39.99715,-42.226585,80.11245,-79.221214
9.9853735,116.00496,29.738214,14.239574,117.90689,31.72179,7.9869204,119.08717,32.928955,18.093243,128.42511,28.613062,2.1914637,127.866875,30.816801,24.907,125.65955,12.793095,-5.0850782,131.19911,18.112206,28.36686,98.41822,7.871107,-18.200142,106.78114,10.851057,29.707777,72.227264,11.213238,-23.50403,80.63038,12.100862,8.398128,122.75909,-29.286764,-6.7287793,129.4764,-30.2084,-13.523424,96.10059,-7.3896203,-29.536211,99.96448,-41.729923,-5.5934105,80.36213,-38.364883,-41.70526,79.99122,-79.78079
11.08918,116.59926,29.640896,15.348584,118.61421,31.506256,9.103098,119.853806,32.667503,19.199883,128.96849,28.160854,3.327923,128.48813,30.614529,25.585703,125.603355,12.748531,-3.756913,131.95354,17.838154,28.715286,98.39063,7.6730447,-18.113512,108.52351,10.820989,29.923424,72.27698,10.645332,-24.008173,82.579735,12.397711,8.506412,122.08647,-28.83939,-5.890389,129.2702,-30.519077,-15.572333,97.602516,-6.8798475,-29.858553,99.972336,-42.092754,-12.311853,78.85126,-36.44576,-41.287766,79.412415,-79.936966
12.518543,117.318825,29.510313,16.715923,119.22903,31.61386,10.443233,120.33343,32.73083,20.552965,129.61182,27.809515,4.670008,129.16046,30.378735,26.109379,126.10714,12.533804,-2.6021402,132.86879,17.656342,28.766243,98.64851,7.6814604,-17.94199,110.04527,11.03268,30.523369,72.25632,9.511013,-24.74184,84.7667,12.887815,8.621327,121.03674,-28.552559,-5.705098,128.87012,-30.680912,-17.533957,98.915016,-7.262458,-30.22253,99.355644,-41.759037,-20.79893,77.29976,-34.352955,-39.374508,79.248726,-80.73845
13.219452,117.60926,29.671688,17.50365,119.72702,31.35891,11.288014,120.99312,32.595215,21.90766,129.3975,27.524538,5.9804945,129.81758,30.172218,26.2535,126.68251,12.1666,-1.8844802,134.10205,17.226162,28.250952,99.27468,7.405764,-17.63248,111.62998,11.116181,30.169046,73.09207,8.648262,-26.093464,87.15352,12.863922,8.917958,120.32673,-27.983877,-5.187358,128.0282,-30.286522,-19.37411,100.01861,-8.24227,-29.44699,97.994,-41.426495,-26.224571,74.195206,-32.440178,-37.647274,78.268364,-80.37012
14.584289,118.42239,29.62387,18.776556,120.7108,31.323786,12.522542,121.711334,32.581146,23.199354,130.07646,27.161226,7.274242,130.52655,30.028801,26.297304,127.018074,12.020876,-1.1111039,135.28136,17.0131,26.81495,99.61758,7.499472,-17.230093,113.03443,11.526701,31.390368,73.15637,8.217659,-26.832527,89.01593,13.266777,8.384545,119.747444,-27.720552,-5.0282087,127.13674,-29.835344,-20.764534,99.64895,-9.541687,-29.705935,97.74618,-41.4803,-31.735113,72.94919,-30.878315,-36.836636,78.29373,-80.80721
15.458762,119.105446,29.9076,19.723648,121.490845,31.253605,13.52645,122.51921,32.802658,24.345058,130.53683,27.188894,8.451788,131.37856,30.08376,25.78353,127.562096,11.984375,-0.36752704,136.15811,17.175709,26.741282,99.657295,7.549304,-16.526777,113.91696,12.162879,31.820564,73.149864,8.072192,-27.151419,90.34621,14.008399,7.513688,119.56925,-27.751507,-5.213329,125.41772,-28.715805,-21.603653,98.33229,-11.078014,-29.412682,96.77257,-41.797535,-36.31844,72.49095,-31.10563,-36.770943,78.80809,-81.74088
16.653873,120.055756,30.381979,20.847527,122.56166,31.73447,14.611491,123.5997,33.04588,25.762878,131.12192,26.90856,9.902842,132.38086,30.14696,27.505766,126.71018,11.393719,0.3661269,136.61217,17.043156,28.501749,99.07158,7.2664237,-17.741854,115.751274,12.483974,32.59825,72.624435,7.6071,-29.203472,92.70822,14.636227,7.46086,118.522514,-27.910479,-5.8209567,123.710075,-27.410757,-21.472092,96.19815,-13.243295,-31.215828,95.92719,-40.748577,-39.901802,72.068756,-31.4877,-38.85536,79.10996,-81.84764
17.712736,121.11844,30.76748,21.917889,123.73223,31.8473,15.686645,124.95548,33.00081,26.343771,132.3996,26.813192,10.613643,133.2318,30.103456,28.313927,126.541595,10.963683,1.0215248,137.26373,16.96939,29.579678,98.840096,6.613441,-18.293505,117.50146,12.608218,33.596413,71.97016,6.67528,-30.744318,94.996376,14.590847,6.9368515,117.51508,-27.769058,-6.626819,122.65923,-27.155031,-20.896929,94.19219,-13.534898,-33.02098,95.040245,-39.751842,-42.011677,71.70758,-31.137486,-40.12885,79.60261,-81.60478
18.691687,121.94239,30.936386,22.98081,124.60178,31.410616,16.846624,126.05962,32.797672,27.161789,133.08542,26.324732,11.460209,133.90399,29.746452,28.841574,126.708435,10.76138,1.8612511,137.50017,16.44692,30.94981,98.57506,5.5430846,-18.448275,118.657326,12.805944,33.97649,71.62605,5.5348415,-32.851574,97.466576,14.254413,6.938673,116.293564,-27.53173,-7.9496684,121.68793,-26.573692,-20.422018,92.90361,-13.167041,-34.40761,93.80564,-38.540924,-42.731827,71.00049,-30.608948,-42.897945,78.76903,-80.14011
19.315052,122.57672,30.764906,23.602596,125.26762,30.913233,17.51824,126.780495,32.47551,27.931856,133.41574,25.670666,12.347977,134.68483,29.452398,29.146162,126.42636,10.149438,2.49312,137.85835,15.998159,31.537086,98.34813,4.28764,-18.60773,119.66967,12.84203,33.98294,71.08392,4.0601115,-34.355473,99.28343,14.601485,6.4984245,114.708435,-27.440645,-9.295362,120.199455,-25.460125,-19.452011,92.036194,-11.972123,-35.312675,92.80432,-37.487595,-42.534466,70.399254,-29.973179,-44.81574,78.35617,-78.881905
19.906301,123.137085,30.533798,24.20292,125.815384,30.312397,18.217348,127.45894,32.067318,28.765772,133.43034,24.922697,13.129522,135.15607,28.654318,29.743118,126.430145,9.358659,3.0173345,138.10083,15.644197,32.00483,98.32861,3.2765815,-18.799421,120.6492,12.481359,34.19203,71.08583,2.8726094,-35.376297,100.784164,15.890084,6.206105,113.8357,-27.092802,-9.907655,119.642395,-24.926413,-20.146805,91.95644,-11.554395,-35.70137,91.928566,-36.06338,-43.324833,70.08183,-29.159954,-46.128902,78.3757,-77.21707
20.76624,123.39903,30.228806,25.131395,125.97459,30.031176,19.176197,127.76248,31.741575,29.823858,133.31108,24.293547,14.366327,135.59398,28.114214,30.502388,126.23551,8.134226,3.61429,138.21147,15.280183,32.43639,98.21605,2.2887936,-19.101135,121.7823,12.270816,34.454052,71.004776,1.8983219,-36.484943,102.91019,16.457083,6.0144477,112.98549,-26.699099,-9.914965,119.121086,-24.573652,-22.751902,92.08965,-12.204847,-35.540855,90.90717,-34.157604,-45.378445,69.75458,-28.18084,-47.11334,78.89332,-74.92269
21.684336,123.795,30.077063,26.0811,126.30072,29.73221,20.196587,128.2016,31.564035,30.93141,133.32545,23.697361,15.578907,136.08359,27.601044,31.029476,126.5391,7.358997,4.3094893,138.29993,14.980152,32.95239,98.27395,1.4775678,-19.192892,123.123535,12.282974,34.87197,71.09084,1.238861,-37.53273,105.31963,16.904928,5.5486474,113.37826,-27.144623,-10.202768,119.29474,-24.643503,-23.787006,91.84825,-13.870695,-35.63078,90.24457,-31.898756,-48.11511,69.64662,-26.515265,-48.723022,78.67622,-72.842354
22.656233,124.10215,29.611519,27.040174,126.60337,29.161572,21.168898,128.56276,30.940073,32.26244,133.09944,22.897633,16.839846,136.37149,26.79327,31.625477,126.747826,6.5660086,5.197788,138.67682,14.588897,33.50052,98.349075,0.5964152,-19.097147,124.60329,11.982355,35.22335,71.10942,0.31332767,-38.38016,107.93665,17.068169,4.062466,112.30035,-27.422125,-10.522666,119.44413,-24.997267,-25.584356,91.452965,-13.179825,-36.009888,89.58427,-29.39253,-51.57684,69.59374,-24.423304,-48.40613,79.252525,-71.10419
23.539236,124.47389,28.903759,27.91005,126.97392,28.305077,22.015057,128.99377,29.960686,32.759666,133.6556,21.964514,17.406755,136.62448,25.937597,32.359497,126.723236,5.3710203,5.839653,138.76033,13.641002,33.859646,98.4077,-0.486145,-19.236668,126.10536,11.4415045,35.422363,71.226204,-0.78130025,-39.477425,110.73145,16.806625,3.1729279,111.59127,-27.53417,-10.906792,119.315025,-25.703173,-26.370293,90.72737,-11.315623,-36.633797,89.28095,-26.625366,-53.684723,69.743034,-21.539259,-47.97516,79.976555,-68.34675
24.180079,124.76476,27.980762,28.512447,127.30901,27.306072,22.644083,129.2638,29.105177,33.165474,134.04411,20.891384,17.863695,136.8415,25.008978,32.847443,126.25586,3.9582224,6.555034,139.30373,12.543133,34.053215,98.22151,-1.5872517,-19.042297,127.611664,10.726369,35.595234,71.22036,-1.7623335,-40.40398,113.647964,16.245617,2.4178247,110.95357,-27.583332,-11.30755,119.51498,-26.7962,-26.775524,90.10066,-10.011477,-37.299103,89.33908,-23.488861,-54.833984,69.14125,-17.360826,-48.172092,80.445145,-65.17543
24.489649,125.214645,27.350374,28.940102,127.545265,26.67168,23.094347,129.8275,28.163248,33.62271,134.11694,20.027987,18.371237,137.25916,23.997313,33.51088,125.88535,2.778928,7.334455,139.68004,11.5596895,34.115685,97.931656,-2.383161,-18.870356,129.35579,9.845137,35.771397,71.06139,-2.8879213,-40.960403,116.678535,15.785801,1.1930867,110.59045,-27.845442,-11.495358,119.033615,-27.02963,-26.928083,89.96833,-9.346426,-37.543827,89.80148,-20.232813,-55.676544,69.13715,-15.056974,-48.968975,80.5943,-61.39779
24.684452,125.565315,26.580946,29.182104,127.810844,25.914019,23.351093,130.23286,27.173773,34.004517,134.16733,19.16621,18.777092,137.65027,22.95729,33.656933,125.47033,1.9110816,7.981213,140.02928,10.663926,33.82028,97.71687,-3.272855,-18.621935,131.1064,9.087609,35.462643,70.95371,-3.785001,-41.399178,119.873825,15.454202,0.323947,110.56984,-27.602694,-12.073423,118.86359,-27.513472,-27.288633,89.53997,-9.004237,-37.7412,90.677124,-16.801065,-56.30577,69.37651,-13.745521,-47.81413,81.06638,-57.18421
24.918528,126.08717,25.615814,29.393347,128.36275,24.89703,23.505577,130.7549,25.982698,34.6481,134.32352,18.357964,19.182299,138.11871,21.73741,33.744602,125.35568,1.0432556,8.602007,140.5073,9.8298855,33.459316,97.54703,-4.090819,-18.282057,133.18024,8.521205,34.99571,70.67874,-4.692591,-41.523827,123.231026,15.150643,-0.24581175,109.90099,-27.249912,-12.571451,118.65365,-28.079206,-27.476103,89.28572,-7.997761,-38.221546,92.09401,-13.050966,-56.560863,69.30206,-13.335826,-47.56783,80.785645,-52.638824
24.753187,126.708466,24.682238,29.294725,128.89598,24.088272,23.405834,131.39867,24.918217,34.47701,134.90358,17.420856,19.136524,138.74008,20.655779,33.72508,124.96357,0.21380553,9.234821,141.24612,8.765946,32.91386,97.55229,-4.887467,-17.89148,135.03279,7.798747,34.64459,70.499825,-5.6027617,-41.638767,126.48196,14.853094,-0.044737037,109.23826,-28.010479,-12.655233,117.87331,-27.851252,-26.867266,89.419815,-6.801386,-38.471214,93.748436,-9.329596,-56.051876,69.448204,-13.167303,-47.965054,80.26836,-47.74671
24.407955,127.273865,23.644514,28.976357,129.39035,23.016254,23.156487,131.98038,24.032854,34.46131,135.14915,16.465988,19.189928,139.45781,19.469595,33.828922,125.10745,-0.9065539,9.392538,141.87221,7.6192064,33.05969,97.36655,-5.9010425,-18.027075,136.93591,6.9058795,34.24363,70.423805,-6.5319386,-41.84408,129.51003,14.708728,-0.029266177,108.0007,-28.282814,-12.875133,117.40357,-27.8376,-25.87937,89.54061,-5.2523932,-38.31309,95.63713,-5.846426,-54.30904,69.75783,-12.752993,-49.439762,79.42693,-42.551258
24.0568,127.950165,22.405735,28.711784,129.83641,21.713278,23.088066,132.7094,23.015003,34.817657,135.23141,15.470778,19.554707,140.27979,18.099516,33.952423,124.98624,-1.9793835,9.20886,142.70195,6.4255757,33.200474,97.25004,-6.8352513,-18.458082,138.79182,5.83588,33.75625,70.35859,-7.441538,-42.24413,132.2211,14.621188,0.24199232,107.066025,-28.227066,-13.100846,116.97267,-27.616055,-24.374733,89.775795,-3.6435835,-37.50996,98.02379,-2.2834477,-53.138123,70.101746,-12.428702,-51.763138,77.800186,-37.131927
24.083378,128.65785,21.244965,28.762682,130.53671,20.696835,23.112825,133.41382,21.79821,35.019287,135.73602,14.268675,19.790962,140.95622,16.611435,33.858494,124.95999,-3.1175342,9.48382,143.4601,4.905364,32.9367,97.08516,-7.734666,-18.181885,140.9323,5.050967,33.302048,70.278915,-8.3038,-41.81141,135.52652,14.929713,0.07028367,106.35282,-28.283907,-13.38327,116.36582,-27.456284,-22.97157,89.1829,-2.4090571,-36.638287,99.82164,0.78575695,-53.85345,71.0334,-11.629738,-53.58061,76.13245,-31.356936
24.069075,129.55872,20.187523,28.774506,131.47499,20.049984,23.040445,134.31569,20.72444,35.171417,136.27814,13.245703,19.988602,141.7723,15.272252,33.702503,124.962326,-3.8284655,9.566315,144.3871,3.6070352,32.782578,97.09688,-8.436708,-18.102182,142.9842,4.6757426,32.849346,70.35241,-8.990721,-41.37283,138.82231,15.645076,-0.61108375,106.06824,-28.519516,-14.185366,115.9989,-27.37667,-21.355732,88.85184,-0.6738517,-35.209106,100.856125,2.8278883,-52.583515,71.81119,-11.777321,-56.52497,75.08611,-26.632391
23.947504,130.61131,19.382715,28.710356,132.32133,19.057856,23.097115,135.42227,19.633326,35.186535,136.92819,12.2429085,20.068716,142.68886,13.880553,33.416435,124.859116,-4.379013,9.608826,145.16841,2.2432723,32.47165,96.927666,-9.175925,-17.973774,144.90271,4.565035,32.471233,70.223785,-9.568173,-40.823837,141.6792,16.763836,-1.1479073,105.82212,-28.643824,-14.911087,115.4909,-26.869387,-20.531593,87.63783,-0.1426686,-34.525032,103.0646,5.210276,-50.973408,72.734245,-11.514174,-58.091732,74.856705,-22.686613
23.70568,131.71053,18.163176,28.542377,133.20424,17.826094,23.069275,136.5565,18.366585,35.037285,137.742,10.943184,19.982141,143.79628,12.467051,33.21107,124.93013,-5.5292273,9.570292,145.75046,0.9379632,32.22866,96.9634,-9.735739,-17.797258,146.68979,4.6896334,31.905182,70.18109,-10.13746,-39.92387,144.84799,18.205355,-1.8709158,104.96775,-27.92234,-15.465089,115.10344,-26.350534,-19.244623,86.31224,0.9999973,-34.302437,104.854614,6.9459395,-50.587128,72.79701,-10.092765,-58.060654,74.79828,-19.77691
23.451183,132.69293,17.164085,28.300953,134.11389,16.749357,22.851116,137.5411,17.204887,34.857296,138.33813,9.736392,19.971674,144.74089,11.070212,32.742302,125.06519,-6.3626375,9.10506,146.20178,-0.34817082,31.70201,97.05499,-10.22826,-18.295948,148.36667,3.6516383,31.140665,70.34849,-10.647546,-38.880505,147.51628,19.475592,-2.7967153,103.54624,-26.923548,-16.340372,114.6321,-25.926777,-17.392746,85.78309,3.2243948,-34.226482,106.091484,8.478046,-49.008884,73.10425,-7.5151167,-57.18061,74.84708,-18.80255
23.487272,133.63948,16.132421,28.280874,135.25137,15.769503,22.705349,138.46196,16.08315,34.729713,139.24269,8.3487,19.72731,145.261,9.595682,32.161404,125.38105,-7.1978636,8.740656,146.55836,-1.6489564,30.86862,97.09188,-10.859256,-18.519167,149.9513,3.080047,30.398445,70.358215,-11.219765,-37.70846,149.98198,20.591162,-3.876847,102.64464,-26.165567,-17.03438,114.174675,-25.607553,-15.870125,85.91485,5.878094,-34.535507,106.83693,9.531834,-47.091965,73.769104,-4.3458605,-56.463192,75.0818,-17.965769
23.281254,134.86412,14.904911,28.135603,136.31885,14.75936,22.648787,139.70457,14.952945,34.692547,139.79605,6.9185343,20.246529,146.75839,8.132412,31.540407,125.56097,-7.940543,8.45252,146.90697,-2.9282534,30.30036,97.27687,-11.479313,-18.323118,151.32256,2.857089,29.587694,70.51201,-11.742557,-36.252556,152.35637,21.610672,-4.5991693,101.927155,-25.070852,-17.625889,113.53679,-25.207932,-14.974568,84.94198,8.164318,-35.18154,107.04391,10.127689,-46.716255,73.49777,-1.1888286,-55.2126,75.1734,-16.869652
22.858675,135.89331,13.729756,27.699926,137.39543,13.696886,22.16576,140.71832,13.87467,34.194687,140.53105,5.44879,19.80714,147.65094,6.6728206,30.71561,125.636406,-8.668815,7.742746,147.08334,-4.1397223,29.456991,97.26323,-12.036424,-18.262287,152.83846,2.8249314,28.438677,70.486786,-12.154733,-35.00926,155.06512,22.580877,-4.8963237,101.22028,-24.475777,-18.042524,112.5405,-24.61507,-13.141297,85.60057,9.693447,-35.84765,107.467155,11.285039,-45.987682,74.45206,3.0172315,-51.893192,75.38614,-16.733908
22.716312,136.9672,12.792352,27.525003,138.57875,12.80997,21.925413,141.7838,12.768087,33.955997,141.36609,4.1966414,19.478933,148.33098,5.2909207,30.192293,125.67063,-9.345118,7.1476765,146.98914,-5.367113,28.785046,97.29155,-12.445689,-18.096687,154.0098,2.7991335,27.633133,70.47161,-12.526619,-33.105705,157.838,23.673817,-5.116826,100.482414,-23.850412,-18.204712,111.59398,-23.984982,-13.42494,85.96007,10.899261,-36.166435,108.099205,12.414735,-45.529068,73.90235,6.107109,-49.71543,75.43563,-16.232094
22.497223,137.95686,11.889883,27.25633,139.70023,11.941888,21.567429,142.74211,11.859473,33.504948,142.41939,2.958888,18.905993,149.07317,4.033353,29.53007,125.86796,-9.910958,6.4491477,146.9597,-6.3801537,28.174608,97.46519,-12.944064,-18.444298,154.74039,2.5516748,26.810898,70.57182,-12.930322,-31.076227,160.41238,24.64177,-4.833164,99.43221,-23.103222,-18.435833,110.36399,-23.226164,-13.9542265,86.25524,12.226018,-37.062897,107.7435,13.178695,-46.895714,72.813644,9.128996,-43.994286,75.196365,-15.915751
22.444195,138.86359,11.076689,27.145702,140.75406,10.973454,21.349737,143.60316,10.8140955,33.20305,143.08328,1.7380565,18.509073,149.50044,2.7675598,29.330345,125.756355,-10.33799,5.7360373,146.96779,-7.148722,27.847065,97.479515,-13.2509575,-18.581226,155.26459,2.464616,26.16632,70.70296,-13.362926,-29.118406,162.30879,25.293901,-4.016872,98.25742,-21.819109,-18.652151,109.242134,-22.698774,-16.268446,86.05081,13.304011,-38.309532,107.05902,13.321415,-48.977844,71.71878,11.315106,-37.80705,74.44852,-14.450427
22.2702,139.59492,10.095144,26.990402,141.42534,10.007982,21.235107,144.33528,9.661506,32.872437,143.56937,0.44563708,18.121927,149.91335,1.4874471,29.021948,125.7442,-10.898255,5.3895187,146.61513,-8.2610655,27.477558,97.37324,-13.780171,-18.365385,155.47893,2.1781163,25.665243,70.60437,-13.736067,-26.785847,163.61916,25.487053,-3.5138392,97.09455,-20.884005,-18.238205,108.274605,-22.352726,-18.175587,86.77471,14.109201,-40.503605,106.2752,12.527072,-52.00151,72.79196,15.417567,-31.460363,74.49973,-11.5044365
21.973257,140.42128,9.102179,26.700445,142.2263,8.927109,20.952936,145.15237,8.505682,32.584587,143.96251,-0.73841375,17.841177,150.30574,0.06579316,28.985315,125.632675,-11.463226,5.0854454,146.36746,-9.23904,27.203362,97.22526,-14.216191,-17.900806,155.68958,2.084977,25.249678,70.518974,-14.221225,-23.949793,164.98955,25.63698,-2.9681294,96.41961,-19.657518,-18.124166,106.72683,-22.496758,-19.58851,87.19218,14.86438,-42.49239,106.12273,10.745667,-53.312115,72.917465,20.560045,-28.240295,72.419975,-8.46044
21.711264,141.20569,8.108706,26.453865,142.948,7.806565,20.738731,145.92163,7.2854786,32.247555,144.3628,-1.8476249,17.413801,150.55101,-1.4576366,28.88585,125.53407,-11.889721,4.7322807,145.90236,-10.488614,27.010391,97.261154,-14.593779,-17.569937,155.48714,2.1370878,24.899975,70.516075,-14.781342,-21.044964,165.81862,25.75775,-2.2735639,95.91047,-18.643965,-17.608116,105.82506,-22.529428,-21.420174,87.669945,15.654596,-44.469353,106.407135,8.531368,-53.641502,73.14295,26.451206,-26.066103,72.605606,-5.500647
21.407705,141.76001,6.9579363,26.082048,143.70175,6.685227,20.264553,146.37701,5.879398,31.93662,144.79378,-3.013198,17.020376,150.72264,-2.9805825,28.769821,125.43165,-12.435158,4.1368914,145.6709,-11.886568,26.801847,97.26977,-15.2614565,-17.410442,155.50291,1.863432,24.6093,70.571945,-15.619696,-18.009314,166.6924,25.192207,-1.5013158,95.38189,-18.053814,-16.761066,105.014084,-22.532467,-22.076601,88.18062,16.028168,-46.490517,106.80697,5.813863,-52.112656,73.69291,31.90469,-26.667248,73.07513,1.4580199
20.906906,142.31898,5.742538,25.606415,144.20343,5.498576,19.840836,146.88852,4.402112,31.511295,144.96545,-4.2830257,16.513044,150.74382,-4.635515,28.487259,125.462555,-12.617224,3.6272976,145.22925,-13.302979,26.328941,97.3322,-15.749043,-17.200706,155.3111,1.8511918,24.169933,70.63279,-16.280966,-14.644628,167.49594,24.640783,-1.4284829,94.8413,-17.19908,-16.89029,103.83899,-22.55404,-22.400816,88.70325,16.82398,-48.300316,106.70071,3.403477,-49.38458,74.29702,36.683956,-26.742113,73.60896,7.575258
20.425367,142.71541,4.4147696,25.108438,144.64001,4.1819463,19.328547,147.24774,2.964851,31.077513,145.33313,-5.5776577,16.035131,150.99454,-6.085131,28.159584,125.020355,-13.235186,3.072761,145.066,-14.433249,25.786928,97.08649,-16.23205,-16.763613,154.88223,2.2569246,23.68924,70.545906,-16.788916,-11.180861,167.75705,24.080534,-1.4765654,94.57822,-16.128784,-17.12734,103.53272,-22.377373,-22.309507,89.48632,17.876093,-49.75472,106.211395,1.7000301,-46.696705,75.61563,41.167866,-27.374197,74.34486,12.215333
19.858934,143.13907,3.2609315,24.483324,145.20386,3.0631068,18.64587,147.59203,1.6676759,30.541656,145.5088,-6.726139,15.496724,151.06715,-7.474833,27.861061,124.99661,-13.555084,2.858272,144.63647,-15.517413,25.407404,97.09843,-16.394941,-15.994539,153.97572,2.6882486,23.347374,70.71874,-17.298311,-8.269733,167.57071,23.450676,-1.6246628,94.77502,-14.810199,-17.424946,102.992226,-22.19429,-21.971403,90.70434,19.433205,-50.802593,105.60144,0.7174553,-44.265427,76.626144,44.812763,-28.147318,74.61459,14.877149
19.15399,143.44547,2.4329345,23.714188,145.63736,2.156245,17.802805,147.81421,0.73541373,29.959139,145.6815,-7.50805,14.913536,151.13385,-8.529031,27.49134,124.9659,-13.60202,2.4748278,144.31552,-16.367672,24.913788,97.05881,-16.4336,-15.106332,153.16142,3.2467594,22.946947,70.637856,-17.61931,-5.2893248,167.47469,22.616892,-1.6083962,94.8695,-13.621204,-17.831121,102.30228,-22.149157,-21.156946,93.09007,21.256989,-51.655613,105.6901,0.27667892,-41.556446,77.413605,47.593933,-29.166382,74.39158,15.514199
18.539747,144.01703,1.957564,23.059116,146.22932,1.3855752,17.074587,148.2601,0.05390352,29.267263,145.95059,-8.1494055,14.178268,151.22539,-9.241674,26.969982,124.983505,-13.636537,2.0325494,144.04007,-17.08352,24.36554,96.86603,-16.270868,-14.19784,152.3332,3.8144827,22.515776,70.3264,-17.529268,-2.2625418,166.8217,21.727747,-1.5625924,95.42304,-12.35225,-18.26711,101.55136,-21.430788,-19.922876,95.96482,23.151651,-53.131374,106.058,0.20000398,-38.77485,78.07672,49.43506,-29.883646,74.20385,13.968324
17.794918,144.62411,1.6960552,22.458632,146.38689,0.8095069,16.615509,148.9209,-0.2784358,28.45343,146.07185,-8.616573,13.460748,151.47879,-9.77209,26.47489,124.90885,-13.594579,1.3214791,143.88882,-17.679508,23.814356,96.73217,-15.799661,-13.207849,151.67302,4.693689,21.908352,70.26399,-17.310898,0.53684986,166.37431,20.877394,-1.6458942,95.85936,-10.828728,-18.835758,101.63221,-20.2568,-18.922901,99.08316,24.87393,-54.423954,105.79143,0.5919846,-35.97747,78.52883,50.47154,-29.825333,74.10405,10.123171
17.076536,145.22986,1.2561423,21.733778,146.99615,0.35520247,15.882246,149.54543,-0.68104225,27.69519,146.28944,-9.117019,12.755053,152.00044,-10.21947,25.750994,125.046265,-13.754962,0.5647705,143.94482,-18.003325,23.40605,96.63769,-15.309242,-11.942957,151.23077,5.793106,21.406294,70.06162,-16.961258,3.2145686,166.13797,20.250195,-2.2206352,96.01736,-9.286927,-19.294376,101.139,-18.790577,-18.227839,102.585,26.286156,-55.055534,104.69212,1.2605767,-32.776245,78.91078,50.59249,-29.967896,73.72215,6.3299556
16.59711,145.86078,1.0757275,21.162882,147.6098,-0.23305471,15.236717,150.08612,-0.94514686,27.063358,146.62392,-9.509814,12.002092,152.2174,-10.476382,25.259958,125.050446,-13.731894,0.089688644,143.8355,-18.091877,22.981445,96.7395,-14.789042,-10.872536,150.76201,6.710869,21.094965,70.14325,-16.700888,5.498065,165.80328,19.31812,-2.4339797,96.517,-7.659884,-19.647276,100.32838,-16.767006,-17.835602,105.98647,27.524225,-56.073875,103.93543,2.3547595,-29.567263,79.12864,49.643505,-30.555752,73.34634,2.2777824
16.231495,146.08759,1.007883,20.720552,147.88062,-0.50250536,14.729324,150.2326,-1.0770308,26.504917,146.59395,-9.753845,11.431329,152.09085,-10.684016,24.824596,124.91355,-13.564333,-0.46951243,143.45612,-18.050827,22.63918,96.751884,-14.451605,-10.001375,150.21002,7.338477,20.794962,70.15346,-16.372076,7.60632,165.08823,18.279625,-3.0128815,96.88167,-5.9833727,-20.091715,100.42125,-14.80628,-17.493011,108.93854,28.988152,-56.866585,103.17648,3.8249266,-26.944744,79.00077,47.994106,-30.602848,72.96401,-2.1872768
15.865127,146.10902,0.7148607,20.276535,148.14458,-0.7152771,14.212974,150.34569,-1.0657264,26.097776,146.84457,-10.021459,10.902791,152.10042,-10.8659935,24.45864,124.82892,-13.534213,-0.87239486,143.3509,-18.006407,21.808386,96.54921,-14.542607,-9.048085,149.74432,7.90468,20.435547,70.02254,-15.955401,9.588665,164.49419,17.33335,-3.5281334,97.57167,-4.3054676,-20.349485,100.205765,-13.156821,-17.463299,111.22925,30.186924,-57.41065,102.870705,5.196025,-24.137802,78.700226,45.37011,-30.836592,73.09144,-4.536574
15.645708,146.09926,0.55089563,19.930147,148.33505,-0.96109205,13.763822,150.2681,-1.1493326,25.656618,146.9086,-10.412817,10.421218,152.00314,-10.938137,24.158827,124.790245,-13.408356,-1.3551146,143.0807,-18.015146,21.337912,96.53349,-14.432243,-8.285201,149.53818,8.293954,20.083672,69.98728,-15.680087,11.120534,164.25175,16.333124,-4.129316,97.979996,-2.69478,-20.676012,100.60152,-11.332046,-17.455547,113.13568,31.256432,-58.132423,102.77482,6.3319774,-21.273178,78.16347,41.884117,-30.811663,73.07678,-5.6264634
15.266257,146.2537,0.4074396,19.514563,148.5185,-1.1620828,13.33298,150.38612,-1.3291073,25.284883,146.97421,-10.568728,9.986308,151.85693,-11.212942,23.91563,124.731285,-13.2172785,-1.8174137,142.82048,-17.866455,21.00712,96.49354,-14.137957,-7.705334,149.5533,8.632256,19.83134,69.96076,-15.3085575,12.265998,163.9782,15.446505,-4.358973,98.28611,-1.4043878,-20.937887,100.7865,-9.807061,-17.383236,114.06872,32.447563,-58.615322,102.72702,7.6399627,-18.248514,77.39682,37.41568,-31.338396,73.741455,-5.9748464
14.796378,146.43718,0.3995599,19.08002,148.63744,-1.1582955,12.900246,150.48108,-1.5546985,24.837593,147.00284,-10.580953,9.515486,151.76436,-11.400455,23.485542,124.73337,-12.997833,-2.3813486,142.64342,-17.8568,20.607813,96.46047,-13.7620945,-7.353395,149.46431,8.773434,19.470774,69.94889,-15.04254,13.067595,163.78043,14.607005,-4.720712,98.663506,-0.32077214,-21.365864,101.07343,-8.27878,-17.476337,114.33506,33.685776,-59.050716,102.44629,8.874047,-14.9444,77.30125,32.902798,-30.468672,74.03595,-6.2893996
14.488183,146.4105,0.17723909,18.789001,148.59631,-1.3587639,12.6273985,150.5012,-1.7157531,24.453472,146.96765,-10.805868,9.106427,151.69731,-11.581418,23.097076,124.67472,-12.864203,-2.869652,142.58046,-17.85162,20.320705,96.45686,-13.54165,-7.177406,149.53477,8.883857,19.18855,69.97692,-14.821446,13.739211,163.5422,13.739901,-4.7075214,98.54285,0.5107293,-22.032282,101.548355,-6.9056354,-17.598137,113.87043,34.776188,-59.452866,102.23327,10.16821,-11.474371,77.5423,28.128534,-30.497791,74.5766,-4.938301
14.222305,146.47556,-0.018165253,18.520035,148.61446,-1.614871,12.354628,150.52701,-1.9831213,24.161306,147.02942,-11.105387,8.720181,151.44258,-11.843665,22.888475,124.60737,-12.85354,-3.2639678,142.44124,-17.964142,20.068449,96.512344,-13.526074,-6.9609523,149.72667,8.78939,18.94291,70.07324,-14.805588,14.370191,163.53448,12.90161,-4.3648224,98.35334,1.796259,-22.541399,101.89715,-5.769759,-17.794445,112.878876,36.066578,-59.617996,101.98699,11.724625,-8.571949,78.52124,24.021961,-31.132948,75.007935,-3.8161087
13.96947,146.59503,-0.19835979,18.262814,148.73558,-1.8187424,12.080508,150.48976,-2.441466,23.83533,147.03325,-11.321881,8.385473,151.44612,-12.00899,22.69201,124.6017,-12.912068,-3.530646,142.35905,-18.126875,19.943062,96.42846,-13.410473,-6.824704,149.76782,8.642086,18.767776,70.04975,-14.735517,14.647526,163.33704,12.151458,-4.4971805,98.3136,2.8709128,-22.899187,102.04512,-4.8567934,-17.587791,110.94264,37.577198,-59.431282,101.78262,13.603038,-6.057203,79.39845,20.490538,-31.755978,75.6284,-3.5040653
13.710842,146.7193,-0.40761253,17.988808,148.84079,-2.0843585,11.799353,150.57997,-2.6981738,23.555672,147.19643,-11.595688,8.094882,151.54993,-12.20854,22.473383,124.681335,-12.91895,-3.964014,142.37802,-18.18064,19.718567,96.44981,-13.394261,-6.786206,149.8,8.603798,18.726686,70.01096,-14.644847,14.863413,163.3957,11.586609,-4.6597233,98.34671,3.4237168,-23.279263,102.37844,-4.2118063,-17.18594,108.289024,39.071777,-58.98128,101.33878,15.5291,-4.1115127,80.17528,18.171719,-31.963669,76.037895,-4.041843
13.482668,146.81465,-0.46432602,17.726706,148.95573,-2.2019947,11.512411,150.60837,-2.8104265,23.253075,147.18643,-11.74218,7.819576,151.51126,-12.2893,22.252441,124.67221,-12.858913,-4.2385335,142.28485,-18.233309,19.577465,96.45637,-13.528595,-6.7852216,149.78418,8.524804,18.61287,70.077866,-14.568552,14.88165,163.41643,10.893726,-4.7461286,97.78472,3.9353886,-23.395987,102.54566,-3.6315875,-16.523363,105.30313,40.27545,-58.238914,100.75565,17.411495,-3.1020958,79.77551,16.419916,-32.08862,75.97288,-5.131597
13.354609,146.97751,-0.52705806,17.574234,149.0816,-2.35836,11.349474,150.73155,-2.9020603,23.119267,147.24174,-11.819763,7.6552143,151.52403,-12.402395,22.015783,124.70699,-12.992345,-4.4273763,142.23227,-18.317848,19.350557,96.47357,-13.770626,-6.8413854,149.872,8.355886,18.389801,70.10855,-14.681749,14.954776,163.49184,10.3554,-4.990197,97.05086,4.296258,-23.587843,102.38008,-3.3225367,-15.934168,102.57846,41.19784,-57.46853,100.026245,19.176039,-2.38366,78.922844,15.196501,-32.130558,76.02205,-5.483183
13.183963,147.0913,-0.66731805,17.363663,149.24562,-2.547663,11.122052,150.8026,-3.0613172,22.897375,147.31483,-11.954499,7.4328017,151.52747,-12.55978,21.896868,124.72477,-13.263924,-4.6124806,142.14995,-18.32129,19.316711,96.485466,-14.011963,-7.0016947,150.04842,8.329054,18.30917,70.03112,-14.820403,14.81625,163.58315,9.960395,-4.6659694,96.55491,4.619492,-23.929731,102.09886,-3.0029037,-15.170112,99.64277,41.84498,-56.651615,99.53187,20.82034,-1.8236163,77.83745,14.221872,-32.48363,75.536575,-5.58507
12.942373,147.19893,-0.8133595,17.148945,149.25816,-2.7356458,10.929583,150.93533,-3.2121968,22.666315,147.34529,-12.091175,7.197125,151.62878,-12.701577,21.72985,124.74873,-13.587772,-4.8502617,142.03618,-18.21547,19.193237,96.4828,-14.192327,-7.183697,150.22134,8.352522,18.245256,70.11635,-14.961731,14.703421,163.67963,9.676218,-4.3718677,95.9272,4.6578317,-23.852,101.594185,-2.5505826,-14.771465,96.62379,42.24674,-55.83184,98.87034,22.282951,-1.4268792,76.85372,13.223824,-32.468094,75.28401,-5.378247
12.673306,147.28581,-1.0444009,16.803988,149.38852,-3.0806963,10.555068,151.00374,-3.3828692,22.482574,147.36842,-12.311515,6.955028,151.60936,-12.955829,21.620617,124.81068,-13.999744,-5.0067716,141.99947,-18.14278,19.044,96.545654,-14.4478035,-7.417005,150.39644,8.325843,18.254473,70.134026,-15.162362,14.552325,163.92596,9.4667225,-3.9711838,96.1366,5.439962,-23.576996,101.9956,-1.8727015,-14.6594305,93.95918,42.400475,-55.15819,98.33957,23.538418,-0.7651181,76.4697,12.053401,-32.386684,75.14779,-4.824122
12.466418,147.2561,-1.212256,16.630325,149.28084,-3.253153,10.429236,151.11641,-3.3832052,22.295643,147.4322,-12.393803,6.787848,151.51637,-13.199789,21.503937,124.65124,-14.341765,-5.2851,142.0392,-17.913557,19.001358,96.50019,-14.7907505,-7.367195,150.67758,8.548725,18.216436,70.202095,-15.260948,14.703846,164.56952,9.416416,-3.8885038,95.851746,5.7778826,-23.720226,101.74372,-1.2727846,-14.289467,91.31277,42.65888,-54.559208,97.65297,24.718906,-0.42156857,76.41892,11.256358,-32.503777,75.07162,-5.355156
12.37136,147.29517,-1.4291863,16.522213,149.44954,-3.3678093,10.2909355,151.12296,-3.6298325,22.320925,147.55362,-12.512746,6.8144736,151.65102,-13.431729,21.640736,124.61013,-14.767105,-5.4803634,142.10233,-17.643042,18.87022,96.574036,-15.425405,-7.6480627,150.99916,8.727844,18.0558,70.20692,-15.499277,14.137039,164.59447,9.923802,-3.7672646,95.42956,5.904008,-23.906826,101.599525,-0.86848295,-13.5031,88.988655,42.770912,-54.24565,96.67693,25.722906,0.115338385,76.33565,10.523976,-32.587772,74.78003,-4.998836
12.265969,147.32584,-1.4822546,16.415983,149.4558,-3.4561784,10.175694,151.04239,-3.850854,22.160398,147.56676,-12.58835,6.682477,151.75089,-13.479394,21.610924,124.869774,-15.600242,-5.7738957,142.24715,-17.29936,18.637306,96.572845,-15.908911,-7.3857107,151.89041,8.917186,17.920752,70.18017,-15.755995,14.383417,165.53032,10.643481,-3.9129057,94.80583,5.71204,-23.992956,101.16826,-0.18244955,-12.53674,87.6269,42.818047,-54.063305,95.45792,26.653301,0.2609521,76.17094,9.861349,-32.848362,74.5272,-5.0014153
12.313639,147.47917,-1.6726502,16.404661,149.68866,-3.6772225,10.135073,151.1758,-3.987962,22.17977,147.67178,-12.808169,6.6366777,151.60686,-13.758924,22.148191,124.47732,-16.185339,-5.9491153,142.40327,-17.079838,18.578455,96.39533,-16.29911,-7.71122,152.58783,8.935676,17.891628,70.03249,-15.911036,14.056392,166.20285,11.676761,-4.3224497,94.296745,5.447039,-24.144337,100.66636,0.7971338,-11.637282,87.33941,42.766354,-53.923378,94.1636,27.456846,0.28681102,75.652275,9.371762,-32.943512,74.37576,-5.0713215
12.465466,147.415,-2.049042,16.586105,149.69994,-3.9025471,10.316766,151.24263,-4.1788654,22.354176,147.49066,-13.232017,6.817542,151.53172,-14.103299,21.588955,124.272964,-16.233097,-5.9415755,142.49799,-16.802254,18.566416,96.26277,-16.953829,-8.143994,153.2655,9.009039,18.017414,69.94025,-16.100204,13.47041,166.83488,13.07962,-4.249731,94.64961,5.472501,-24.4896,100.66343,1.0622076,-10.641274,87.536804,42.72707,-53.761818,93.142204,28.230112,-0.073791236,74.88726,8.892101,-32.881466,74.424576,-4.9174967
12.716628,147.40688,-2.4257236,16.883095,149.64505,-4.226037,10.626793,151.2106,-4.6569643,22.582026,147.32054,-13.646454,7.0488462,151.44783,-14.508095,21.409016,124.04026,-16.661652,-5.6118197,142.50508,-16.323591,18.582851,96.13014,-17.483402,-8.896988,153.92633,9.055886,17.893698,69.93346,-16.25634,12.30637,167.51495,14.852847,-4.29529,94.8048,5.2645974,-25.072191,100.62086,1.0965555,-9.399775,88.06429,42.767776,-53.530014,92.60453,29.11957,-0.3707862,74.762054,8.551448,-32.87246,74.57253,-4.5204167
13.083573,147.38525,-2.8254988,17.343393,149.42609,-4.6508603,11.141989,151.14331,-5.2596326,22.84738,147.07744,-14.082487,7.3982983,151.4019,-14.919659,21.357883,123.97874,-17.481304,-5.2979307,142.32762,-15.595583,18.595102,96.0603,-18.227814,-9.834624,154.7019,8.903831,17.863724,69.86425,-16.546406,10.515989,168.22963,17.058214,-4.4690657,95.03789,5.023666,-25.483425,100.69523,0.94240826,-7.930696,88.65295,42.98576,-53.227303,92.58064,30.197687,-0.75424165,74.79955,8.521147,-33.150047,74.90368,-4.0434694
13.72746,147.1668,-3.3113108,18.043236,149.10544,-5.113793,11.875839,150.9199,-5.8224545,23.31052,146.85402,-14.691358,7.852252,151.1702,-15.326676,21.345024,123.79658,-18.593096,-4.9269285,142.42093,-15.284224,18.581865,95.934975,-19.036692,-10.990516,155.19414,8.473345,17.840542,69.75266,-16.738283,7.828429,168.83478,19.68713,-4.5670567,95.17036,4.7244444,-25.590446,101.32945,1.2017285,-6.5837913,89.105064,43.173626,-52.840664,93.159164,31.52265,-1.1727327,75.03005,8.509671,-33.733032,75.40352,-3.3747077
14.479443,147.04189,-3.7677777,18.795025,148.83575,-5.714537,12.67864,150.8997,-6.1517525,23.709158,146.48705,-15.436909,8.315517,151.18112,-15.577372,21.485039,123.63519,-20.130337,-4.573312,142.54019,-14.954666,18.452452,95.84192,-19.963839,-12.142799,155.52397,8.204313,17.783363,69.74823,-16.97697,4.4153223,169.0988,22.305944,-4.6784763,94.911285,4.3531694,-25.580378,101.99919,1.8257098,-5.0205812,89.02339,43.24848,-52.10669,94.18706,33.054985,-1.7087408,75.286865,8.446117,-34.302982,76.232475,-2.7645602
15.465823,146.66429,-4.2072024,19.684935,148.37898,-6.411959,13.633382,150.65375,-6.360403,24.238838,146.12794,-16.212624,8.924944,150.99202,-15.745229,22.13613,123.17468,-21.401983,-4.1183205,142.43639,-14.707316,18.182798,95.75067,-20.939896,-13.356223,155.33861,7.6395235,17.863604,69.73525,-17.122557,0.13768613,168.82661,24.722672,-4.9981723,94.85087,4.1345267,-25.399258,103.080505,2.6625364,-4.0858774,88.85358,43.31795,-51.097607,95.3129,34.700535,-2.1343155,75.9407,8.482799,-35.078365,77.24174,-2.5513709
16.410465,146.45827,-4.5898,20.62292,148.03397,-6.9187865,14.642527,150.46935,-6.7556357,24.69079,145.7699,-16.875711,9.562052,150.98553,-15.872286,21.64049,123.33453,-22.414974,-3.8109252,142.52902,-14.549628,18.26114,95.6915,-21.842804,-14.263386,154.88397,7.416759,18.098976,69.77955,-17.29121,-4.7008576,168.32112,26.97192,-5.513334,94.40322,3.1773047,-25.02537,104.125175,3.3215039,-2.658114,88.49046,42.984165,-49.579838,96.72961,36.483643,-2.6285563,76.07185,8.250675,-35.748978,78.13103,-1.4951372
17.301208,146.40984,-5.1006985,21.431,147.85713,-7.647938,15.5733595,150.53413,-7.0844097,25.24557,145.55765,-17.65337,10.221939,151.06502,-16.150934,21.469618,123.44021,-23.305382,-3.381248,142.5232,-14.533913,18.496773,95.772285,-22.741648,-15.463278,153.8753,7.121765,18.119156,70.210594,-17.35753,-10.154203,167.19716,28.46462,-5.512638,94.554146,3.0289042,-24.73348,104.95448,3.7827513,-1.5734447,87.64374,42.780735,-47.725567,98.04409,38.18278,-2.628826,75.86572,7.9446745,-36.685932,78.56709,0.26958767
18.110435,146.40654,-5.5045686,22.119843,147.9531,-8.183236,16.238462,150.51431,-7.3884525,25.512804,145.45761,-18.3542,10.655755,151.23668,-16.239607,21.37983,123.68924,-23.947687,-3.0827816,142.79114,-14.482574,18.760006,95.76787,-23.252129,-16.973515,152.79874,6.839816,19.05497,69.90659,-17.760303,-15.556298,165.48962,29.315107,-5.322538,94.59756,3.089751,-24.368973,105.322205,3.898996,-0.9554203,86.48407,42.76576,-45.533234,99.545845,39.689392,-1.9817079,75.59861,7.605725,-38.05764,79.18385,1.9082144
18.77322,146.59966,-5.862811,22.682814,148.04437,-8.745838,16.876446,150.69408,-7.7439246,25.724106,145.50984,-18.951345,11.014618,151.53598,-16.318918,21.485407,123.75768,-24.48213,-2.7093158,143.05583,-14.497376,19.090502,95.85231,-23.713818,-18.25032,151.15184,6.5651617,19.76601,69.93779,-18.180155,-20.823812,162.9131,29.522175,-4.848791,94.63873,3.0724413,-24.157393,105.19095,3.7838047,-0.62807304,85.498116,42.588535,-42.392082,100.91088,41.44121,-1.3829087,75.22905,7.1664095,-40.220425,79.40023,4.3565774
19.313667,146.92876,-6.114794,23.092659,148.43492,-9.131554,17.220312,150.91165,-8.023675,25.860725,145.79016,-19.431425,11.177628,151.69612,-16.311878,21.505877,124.05825,-24.96704,-1.9723307,143.66983,-14.353379,19.485252,96.089455,-23.946054,-19.687735,148.92702,6.1249003,20.398775,70.127464,-18.463846,-25.8983,159.68465,29.265736,-4.219699,95.09992,3.0964394,-23.355333,105.17965,3.7940626,0.29852277,84.84905,42.29991,-40.019623,102.8997,42.31042,-0.60004264,74.55493,6.8333673,-42.600357,79.01032,7.0188117
19.674196,146.96208,-6.2502117,23.323273,148.64485,-9.340142,17.349745,150.80444,-8.172404,25.792122,146.29253,-19.75831,11.142288,151.88907,-16.079987,21.633045,124.429474,-25.507975,-1.9289052,144.05536,-14.412783,19.888817,96.38365,-24.035349,-20.948345,146.44621,5.563515,21.11021,70.455376,-18.643122,-30.80713,155.3591,28.320366,-3.5389578,95.331436,2.7990465,-22.264252,105.25625,3.9644172,1.6672878,84.21334,41.901978,-37.030445,104.275055,43.060333,0.42879832,74.22684,6.551035,-45.49175,77.823456,10.03959
19.554974,147.32617,-6.380765,23.178255,149.05344,-9.47635,17.19114,151.15668,-8.273104,25.628077,146.9959,-19.94522,10.831498,152.20628,-16.115726,22.427942,124.58719,-25.916729,-2.2453058,143.99532,-14.402342,20.578865,96.65459,-23.879137,-22.477104,143.61685,4.6129527,21.575405,70.94552,-18.619535,-35.445168,150.44348,26.642914,-2.5929587,95.3023,2.452077,-21.1871,105.219086,4.0621424,3.1463685,84.00315,41.49808,-33.33779,104.85221,43.865143,1.279134,73.856125,6.2324195,-48.10623,76.97135,13.643184
19.195438,147.48837,-6.3770533,22.746756,149.32126,-9.503061,16.723228,151.2631,-8.247869,25.19151,147.60262,-19.96091,10.314605,152.40244,-15.917767,22.867086,124.82191,-26.163136,-2.8377657,143.74586,-14.565086,21.424664,96.84731,-23.432491,-23.890804,140.60147,3.4262795,23.313425,70.73866,-18.801718,-39.742725,144.1255,24.6102,-1.439766,95.12282,2.097893,-19.706944,105.13353,4.1663976,4.6204967,84.409454,41.122234,-30.524387,105.51996,43.993393,1.9559677,73.66093,6.1813354,-50.21078,76.55401,17.371357
18.635052,147.7779,-6.26935,22.066816,149.75557,-9.437531,16.020824,151.51645,-7.9985747,24.461119,148.3211,-19.915007,9.375304,152.251,-15.703824,22.982334,125.24047,-26.18983,-3.4973323,143.3869,-14.7154665,22.524578,97.20339,-22.824587,-25.19203,137.37985,1.5721569,24.796844,70.93164,-18.573486,-42.736122,137.69673,21.493534,-0.22524174,94.740395,1.5961745,-18.436443,104.42311,3.7012622,6.0976996,84.87855,40.719193,-27.262033,105.487015,43.858177,2.5720165,73.37421,6.1171036,-52.183388,76.44357,22.570057
17.959957,148.05823,-6.018771,21.275244,150.30043,-9.129625,15.156614,151.71262,-7.6447525,23.717718,149.01164,-19.705587,8.518864,152.25027,-15.382028,22.973835,125.63933,-26.141642,-4.3458924,142.90984,-14.674618,23.754251,97.70978,-21.972572,-26.82076,133.20372,-1.1208342,26.641706,71.484695,-17.79179,-46.407608,129.19739,16.477337,1.2363758,95.01355,1.277894,-17.15607,103.71305,3.0895782,7.7940645,85.29088,40.28532,-23.906706,104.962494,43.516724,3.006243,73.11813,5.8587637,-53.39784,76.13684,29.076603
16.96629,148.17784,-5.741025,20.184538,150.619,-8.8125515,14.010032,151.73717,-7.298638,22.647861,149.68489,-19.39554,7.3456283,152.31494,-14.941705,22.887262,126.78971,-26.114729,-5.5775876,141.89815,-15.0543585,24.41183,98.915276,-20.969261,-27.727802,130.06418,-3.679037,28.576895,72.74738,-16.35442,-48.031826,121.04785,10.882665,2.3433387,94.52817,0.4718074,-16.027887,103.380974,2.3956215,9.237084,85.768486,39.713127,-21.17859,104.19329,42.68122,3.2857573,73.01132,5.7314296,-53.352825,76.06539,36.485397
15.638174,148.20706,-5.5228186,18.816875,150.76152,-8.538701,12.60756,151.72278,-7.0400233,21.271023,150.07225,-19.129194,5.8984957,152.33571,-14.603764,22.0987,127.85655,-25.824152,-6.9059944,140.95923,-15.395093,25.374647,99.9607,-20.00256,-28.40872,125.89703,-6.686178,30.404327,74.172134,-14.441579,-48.747013,113.26165,4.546633,3.7230086,94.47243,-0.03417531,-15.145282,102.963745,1.2616903,10.455204,86.49155,39.137154,-18.779663,103.224266,41.60339,3.6137238,72.91281,6.317947,-51.915062,76.3401,44.351425
14.013154,147.99425,-5.372688,17.03752,150.77351,-8.33748,10.848496,151.50659,-6.5865,19.67438,150.49239,-18.915667,4.2017345,151.97665,-14.439853,21.355724,129.00705,-25.813301,-8.506146,139.8271,-15.797694,26.471972,101.249405,-19.125103,-28.56561,121.66341,-9.375771,32.666817,76.05584,-11.952957,-47.7067,105.000626,-1.2059128,4.7172513,94.11819,-1.2950773,-14.611794,102.26739,-0.13469169,11.997427,87.24883,38.252193,-17.229656,101.808426,40.065224,2.5195735,73.1036,7.752588,-48.884144,76.845085,52.28269
12.368529,147.80452,-5.340722,15.31135,150.78058,-8.204235,9.060154,151.15375,-6.641231,17.679312,150.72646,-18.89851,2.2706168,151.70288,-14.124971,20.714083,129.7817,-25.875952,-10.305726,138.46506,-16.420933,27.384665,102.799644,-18.223831,-28.464464,117.71433,-11.864863,35.0393,78.93779,-8.883793,-45.727417,98.09122,-6.743338,5.731705,94.04443,-2.9772887,-14.0079365,100.50455,-1.9260339,14.098094,88.32053,37.2121,-16.594294,99.96173,38.158253,0.2960818,73.840096,10.951295,-44.85405,78.37515,59.804054
10.318665,147.37225,-5.486616,13.251875,150.53018,-8.157062,6.9330077,150.62126,-6.8304935,15.554355,150.71436,-18.95775,0.09580532,151.13202,-14.226708,20.211521,130.32649,-25.592026,-11.889334,137.13414,-17.146069,28.105165,104.43373,-16.919321,-27.98584,114.269424,-14.513242,37.23142,82.07118,-6.313828,-42.907135,92.07373,-12.096135,6.5432744,93.791435,-4.7031054,-13.895254,99.41276,-3.5198703,16.857098,90.10991,34.677456,-16.245977,98.05877,36.279068,-2.2489893,73.53872,18.087175,-39.929653,80.05181,65.418526
8.129283,146.62543,-5.8511753,10.957153,149.95349,-8.4274235,4.640786,149.79578,-7.1026797,13.152972,150.72719,-19.227165,-2.2256029,150.38031,-14.43885,19.492687,131.0901,-25.564577,-13.540483,135.76266,-18.570147,28.743898,106.039024,-16.259893,-27.508505,111.21501,-17.333824,39.312622,85.88971,-3.339383,-40.109592,87.47862,-16.761185,7.5004706,94.38587,-7.343058,-13.313937,98.52966,-6.1029396,19.121588,91.38982,30.11034,-16.792547,95.98153,33.89209,-2.9886875,74.72468,32.873367,-34.572105,81.24279,69.4465
5.696496,145.74538,-6.215782,8.447096,149.24947,-8.648647,2.1538079,148.93326,-7.272414,10.609784,150.60585,-19.358139,-4.7907257,149.49008,-14.633582,18.33714,131.85097,-25.389166,-15.461771,134.36194,-20.339788,29.283794,108.23751,-14.615964,-26.978107,108.57435,-20.09109,40.99083,90.41934,0.84128827,-37.673588,83.85259,-20.552217,8.394885,95.05389,-10.33453,-12.915952,98.060745,-8.353562,17.353643,91.30455,25.907257,-16.255219,94.3014,31.723648,0.458192,77.44253,46.058475,-27.650303,82.3317,71.27421
3.419798,144.72269,-6.4045463,6.0682454,148.44394,-8.612265,-0.24922493,147.73676,-7.532977,7.9608316,150.50296,-19.318876,-7.283585,148.33255,-14.635272,17.227543,132.73735,-25.28952,-16.891397,132.73874,-22.24877,29.377525,111.13559,-12.416067,-26.594543,106.03214,-22.394491,41.64769,97.263855,6.5798235,-35.585686,80.56711,-23.237309,9.49556,94.52319,-12.428272,-12.122111,97.02131,-10.309922,15.3748255,90.93275,24.479853,-15.0705385,93.63159,30.07444,3.3930097,79.73637,52.43665,-20.16794,82.77442,71.25752
1.0079471,143.3792,-6.3375106,3.4431412,147.32935,-8.374225,-2.8433354,146.16568,-7.4343925,5.254057,150.01704,-18.93269,-9.869952,146.93077,-14.442621,16.045061,133.47401,-25.318481,-18.348003,131.06308,-23.468842,28.93566,114.28135,-10.145061,-26.519468,103.72726,-24.229847,40.75278,104.63931,11.477268,-33.76563,77.79467,-24.712255,10.691246,93.925095,-13.608343,-10.919895,94.595146,-12.214842,14.52022,91.208885,23.925844,-13.457451,93.48231,28.53238,6.2437525,81.73105,55.28746,-11.170128,83.033775,69.996155
-1.420539,141.93909,-6.1131153,0.85191256,146.07803,-7.957756,-5.37797,144.61322,-7.1073027,2.750094,149.23569,-18.361713,-12.305924,145.34308,-14.167723,14.719236,134.22252,-25.119698,-19.59244,129.51155,-24.058836,27.923351,117.32201,-7.617884,-26.22013,101.755936,-25.275211,39.004005,111.97475,15.709766,-31.9567,75.32487,-25.384935,12.046555,94.1118,-14.474622,-9.71913,92.98202,-13.693649,14.265768,92.68331,23.36607,-11.694732,93.66815,26.653067,9.953748,83.18975,56.137096,-3.2271054,82.44656,67.466446
-3.8088162,140.36281,-5.9277725,-1.8810873,144.7766,-7.5050898,-7.9656234,142.7838,-6.7312417,0.08982254,148.5882,-17.678257,-14.699367,143.53389,-14.095718,13.485758,134.89565,-24.51966,-20.66028,128.13321,-24.52135,26.831718,120.103226,-5.2201138,-25.890718,100.01326,-25.95936,35.92423,119.24405,19.525053,-30.33505,73.32772,-25.642862,12.957219,94.39243,-14.8579445,-8.796649,92.408,-14.947669,15.063454,94.28246,22.857779,-9.003344,94.103264,24.93457,14.914401,82.45942,54.934032,3.7743366,83.56204,65.355606
-6.5322175,138.29297,-5.7409053,-5.0801506,143.06226,-6.6511354,-10.931487,140.31764,-6.2948184,-2.252455,147.63065,-16.511196,-17.081907,141.91087,-14.241413,12.3124075,135.84431,-23.689552,-21.371452,126.971695,-24.473558,26.1497,122.790306,-3.5839653,-25.328121,98.82109,-26.15217,32.26799,126.02502,21.634884,-28.769516,71.98452,-25.53337,14.275076,94.610374,-15.357013,-7.5917473,91.82985,-15.819133,15.924702,95.47096,22.473904,-6.824924,94.72062,23.82969,20.359587,82.13298,53.553463,10.474517,83.95789,62.55629
-9.044076,136.2188,-5.306508,-7.96086,141.1467,-5.733955,-13.588438,137.94838,-5.6776547,-4.557171,146.50157,-15.162998,-19.258377,140.08568,-13.970318,10.893714,136.79881,-22.647211,-21.987635,126.099396,-24.090343,25.438011,125.54144,-1.9657639,-24.748568,97.86846,-26.14334,28.199306,132.22206,23.040691,-27.384212,71.18205,-25.318678,15.588213,95.09175,-15.90742,-5.9036093,91.50493,-16.47497,15.773906,95.98984,22.089521,-4.012203,95.336235,23.014006,25.751806,81.290695,50.93346,16.800194,83.62095,59.32148
-11.542361,134.1076,-4.729739,-10.601754,139.08328,-4.899687,-16.118046,135.70667,-5.2754364,-6.9440627,145.24107,-13.591162,-21.50137,138.31645,-13.5103655,8.947262,137.55804,-21.111597,-22.663084,125.68848,-23.713068,24.429998,128.04057,-0.1298864,-24.53019,97.601524,-26.2181,23.432701,137.444,24.129835,-26.262197,70.91956,-24.816418,17.210518,95.24694,-16.019953,-4.4127827,91.28439,-16.594294,16.818995,96.959206,21.75268,-1.0583332,96.51933,22.541552,30.814737,79.44085,47.30735,23.979969,83.0492,54.87829
-13.118936,132.1957,-3.831532,-12.28105,137.18268,-3.7554348,-17.685223,133.71252,-4.614751,-8.783406,144.10847,-11.749173,-23.07166,136.67093,-12.519961,7.324035,138.4237,-19.473814,-22.962406,125.48532,-23.054829,23.002136,130.22519,1.8881843,-24.005718,97.27892,-25.569284,17.674301,141.56746,24.91132,-24.958477,70.6279,-23.85002,19.248737,94.84695,-16.587015,-2.4326637,90.60172,-16.747328,18.33628,98.07953,21.093622,0.54277986,97.261536,22.439608,32.624,78.12506,43.1385,30.547266,81.711,48.28191
-14.285566,130.7501,-2.7271218,-13.599464,135.76459,-2.6182632,-18.843409,132.12968,-3.7488842,-10.459726,143.15776,-9.92643,-24.356144,135.12276,-11.359727,5.6222568,138.94966,-17.935213,-23.341667,124.759705,-22.014843,20.98515,132.16373,4.050739,-23.479437,97.04678,-25.112019,11.632504,143.98343,25.465698,-23.716772,70.460785,-22.826014,20.670696,95.3766,-16.440525,-0.4404594,90.59061,-16.629736,19.744642,98.9562,21.08367,1.3682886,97.35136,22.70903,36.058285,76.594765,37.346607,36.440826,80.26559,40.683033
-15.391073,129.3309,-1.109534,-14.751459,134.35674,-0.8578548,-19.83957,130.74944,-2.5212018,-11.77912,142.35065,-7.4408092,-25.2545,133.82393,-9.841247,3.8418038,139.64688,-15.972927,-23.628603,124.697334,-21.074081,19.337982,133.23964,6.0234346,-22.854317,96.740845,-24.357767,6.0028896,145.03468,25.483711,-22.638115,70.311,-21.569231,21.818535,95.84079,-16.182577,1.4301251,90.74391,-17.065952,21.511057,99.23908,21.674889,1.0332378,96.61456,23.460648,40.266037,74.54786,29.438955,40.895092,78.85574,31.911545
-15.8122225,128.49855,0.704438,-15.36357,133.55095,0.88197434,-20.161993,129.73117,-1.1314282,-12.539157,141.72937,-5.2457,-25.388306,132.59195,-8.472192,2.5152102,140.37701,-14.147813,-23.562881,124.29886,-20.015265,17.47928,134.33011,8.283495,-22.056679,96.57868,-23.672125,1.1424087,145.23273,25.449492,-21.481352,70.34885,-20.46668,23.305006,96.40503,-16.228176,3.423374,90.896225,-17.301493,22.632484,99.361664,22.222275,0.49731213,96.12397,23.655937,41.816376,72.98546,21.071339,43.554707,77.95291,24.411924
-16.109972,128.30322,2.7465105,-15.778054,133.34705,2.4191008,-20.307814,129.1898,0.43768874,-13.003445,141.42876,-3.5995126,-25.43848,131.91869,-6.9431577,1.6619315,141.03877,-12.296984,-23.089329,124.07839,-18.893892,16.422827,134.78703,10.318103,-21.099949,96.38705,-22.632963,-2.8192186,144.33014,25.50492,-20.259192,70.10134,-19.35666,25.036697,97.20366,-16.293163,5.5023203,91.40572,-17.418512,24.473068,99.19852,22.73429,0.8029148,95.0114,23.625444,39.244663,72.30757,11.277269,44.76103,77.39663,18.371521
-16.457937,128.94592,4.8387775,-16.264101,133.94472,4.066572,-20.63106,129.49611,2.3711007,-13.690633,141.96211,-1.7908492,-25.482962,131.68498,-5.4507513,0.9765303,141.64833,-10.477613,-22.741245,123.76524,-17.969196,15.148064,135.04384,12.379551,-20.391499,96.21129,-21.524292,-6.134715,142.71631,25.789295,-19.4829,70.22269,-17.920097,26.488514,98.34979,-16.589853,7.6056666,92.30649,-17.631105,28.278982,97.670654,22.92963,0.8689408,93.4693,23.327864,38.07859,72.55397,1.6300844,43.831764,76.025795,12.0208845
-17.19573,129.82712,6.2417197,-17.076141,134.78482,5.191063,-21.73617,130.40001,4.5222535,-14.466835,142.83945,-0.39123872,-25.710005,132.09811,-4.516612,0.27300254,142.51234,-9.201758,-22.782406,124.01193,-17.365643,14.133884,135.15031,13.602998,-19.953962,96.89278,-20.681461,-8.586498,140.64987,25.534552,-19.686941,70.811005,-16.968225,27.533947,99.79378,-16.87755,9.515263,93.00714,-18.430407,31.819874,96.267914,22.747572,0.30418456,91.23898,22.120077,41.0085,73.36435,-2.657557,42.606033,74.4881,7.130219
-18.542303,130.8347,8.361693,-18.726803,135.21687,5.8152704,-23.273083,130.85397,7.1179338,-14.916298,143.005,0.67422307,-25.572697,131.73892,-3.602416,0.01508256,143.32454,-8.397211,-22.753946,123.98065,-17.115265,13.227509,134.88776,14.197546,-19.506754,97.09896,-20.171385,-10.050638,138.50575,25.029673,-19.336828,70.98784,-16.524548,28.21909,101.887276,-17.096466,10.131148,94.549774,-19.335371,34.012726,96.65151,21.959793,-0.78186536,88.18195,20.378576,44.81944,73.82479,-3.680846,43.036217,74.10791,2.3888006
-20.817825,131.44576,9.825128,-21.21229,135.35522,6.599582,-25.633598,131.36282,9.063961,-15.160951,142.62798,1.9681399,-25.05883,131.28926,-3.380397,-0.31404397,143.8457,-7.3759413,-22.46736,124.15232,-16.646248,12.455931,134.09421,15.034207,-18.948137,97.23897,-19.340149,-11.125455,136.50784,24.914518,-18.75451,71.15051,-15.88693,29.245302,103.042915,-18.446886,11.0925455,95.511154,-20.026869,36.42213,97.31709,20.71074,-0.1514806,86.20428,19.019041,46.20856,73.68046,-4.6992164,44.22001,73.184105,-1.3326815
-22.449152,131.01097,10.506078,-23.133917,134.9543,7.370183,-27.158377,130.35675,9.425718,-15.1116085,141.97437,3.5552804,-24.812244,131.2125,-3.1095839,-0.4215528,144.52815,-6.274592,-22.492556,124.27786,-16.02512,11.562264,133.07144,15.888964,-18.517633,97.309425,-18.427065,-12.176212,134.5698,25.29814,-18.535187,71.18064,-15.388701,29.656343,104.50359,-19.646835,11.73019,96.546555,-20.62672,38.386555,98.10975,18.638489,1.0368091,85.527466,18.287699,48.098156,73.59079,-6.336621,44.33812,72.78944,-3.135312
-23.394815,131.03923,11.394359,-24.36472,134.85579,8.180397,-27.363014,129.25401,9.224845,-14.074412,140.79955,5.1245747,-24.81416,131.72076,-2.4714372,-0.3319772,145.29736,-5.2591414,-22.77267,124.461716,-15.482931,10.201253,132.14584,16.663322,-18.484407,97.49647,-17.668598,-13.667916,132.95787,25.923965,-18.870867,71.41875,-14.670067,29.515505,105.9338,-20.582113,11.6909895,97.83248,-21.526964,40.168995,99.96296,16.575687,3.080768,86.08808,17.969288,48.4196,73.86219,-8.477015,45.061848,72.48363,-4.9181747
-23.327467,130.673,11.884147,-24.036377,134.80658,9.038411,-26.81728,128.99217,8.912764,-13.057888,140.19762,6.556048,-24.229105,132.23108,-1.8462894,-0.5494796,145.9452,-4.237782,-22.671545,124.79936,-15.083626,8.754895,131.45328,17.485634,-18.750965,97.678474,-16.621433,-15.591875,130.87535,25.911314,-19.562849,71.87846,-13.233465,28.754314,107.007965,-21.509933,11.374247,99.02201,-22.53223,41.79898,101.492386,14.658285,4.8795195,86.26408,17.267256,46.559944,73.942055,-10.24389,46.47293,71.89396,-6.4052086
-22.321665,130.27675,12.455069,-22.997646,134.8014,10.250428,-25.170578,128.92833,8.739445,-12.522482,140.5795,7.8579435,-23.238426,132.68251,-1.1525925,-1.0296663,146.1777,-3.4126816,-22.69622,124.9803,-14.676487,7.1284814,130.68248,18.195583,-19.49994,97.79357,-15.90374,-17.610205,129.01431,26.057299,-20.179071,71.862976,-12.856276,28.151342,107.65983,-22.932892,11.019757,99.684326,-23.510792,42.665405,102.65773,12.5805435,6.470269,86.179184,16.325567,44.778732,73.33548,-11.4717455,47.051914,72.234024,-6.5446744
-20.91066,130.93681,13.06921,-20.772629,135.62936,11.110803,-23.782589,130.25117,9.180866,-11.294205,141.40913,8.902678,-21.594255,133.01178,-0.4956152,-1.6794759,146.44547,-2.5683746,-22.84282,125.04856,-14.035351,5.736052,130.13182,18.702215,-20.22037,97.76937,-15.318636,-19.103811,127.37999,26.680462,-21.04413,71.395294,-13.257401,27.256042,108.43179,-24.003433,10.126866,100.303314,-24.741493,42.413006,103.31171,10.956132,6.334029,86.30821,14.841603,43.04483,73.484764,-12.635482,48.334118,72.670906,-6.3881807
-20.798227,131.34549,13.810073,-19.992891,135.92763,11.793299,-23.426928,130.83595,9.730978,-11.120996,141.9527,10.48886,-19.75926,132.88853,0.1678024,-2.5015259,146.30222,-1.973282,-23.16011,125.14849,-13.325822,4.9888997,129.72282,18.958607,-20.959806,97.80392,-14.886457,-19.471249,126.14057,27.562458,-21.870945,71.3467,-13.280858,26.253284,109.280136,-24.93645,9.494667,100.945,-26.139791,41.202503,102.93248,9.489788,6.9635606,85.7939,12.739198,42.987576,73.62553,-14.130783,51.17145,72.92936,-6.06762
-20.825476,131.2661,13.95914,-19.955563,136.12996,12.721057,-23.781784,131.62578,10.104593,-11.067987,142.1861,12.28742,-17.730299,133.01547,0.6701215,-3.6443887,146.11882,-1.1531385,-23.779287,125.10017,-12.494064,4.2710576,129.2611,19.163988,-22.21748,97.80248,-14.427925,-19.736607,125.04197,28.471397,-23.080208,71.27603,-12.900198,24.704613,109.93794,-25.702723,8.734258,101.408844,-27.659931,41.3871,103.74104,7.9525247,7.627238,84.726395,9.9189,46.53567,74.29748,-15.616537,52.55914,72.8512,-5.2946258
-21.019064,131.12798,14.295886,-20.198713,135.94554,12.980033,-24.48762,131.59438,10.89604,-10.748891,141.80034,14.02505,-16.202042,133.16467,1.5469096,-4.481129,146.0138,-0.5241771,-24.165754,124.681244,-11.756081,3.9982324,128.8154,19.30256,-23.146858,97.595924,-14.132955,-19.61961,124.00571,29.334133,-24.127357,71.15877,-12.549838,23.509245,110.78065,-26.645905,7.955139,101.76245,-29.344257,39.57001,102.04084,6.5985713,9.1370945,84.72611,7.974266,49.960938,74.29789,-17.225084,54.066376,71.9929,-4.775153
-21.290651,129.51793,14.61935,-20.628681,134.39977,13.3977785,-25.164804,130.06502,11.71167,-11.8600235,140.91756,15.586295,-16.147198,132.77048,2.2880826,-5.0142946,145.7713,0.20286399,-24.185848,124.320366,-10.691671,4.222023,128.30562,19.740398,-23.632477,97.411026,-13.673139,-18.930807,122.63203,30.505796,-24.801249,71.050896,-12.160911,22.426855,111.7674,-27.67835,7.136884,102.81613,-30.846737,38.610374,100.238846,4.4873834,10.673307,85.28674,5.8104033,52.86463,74.05945,-18.357826,55.72196,71.66389,-4.941388
-21.592478,128.46611,14.848477,-20.847626,133.43991,14.132532,-25.712711,129.53137,12.468306,-12.667579,140.28589,16.776634,-15.994655,132.86716,2.9919107,-5.823117,145.73145,1.0772383,-24.505701,124.24045,-9.283224,4.2141953,128.46494,20.308125,-24.484774,97.45567,-13.180918,-17.86167,121.41768,32.239666,-25.568188,71.02759,-11.740042,21.069382,112.61569,-28.54674,5.7889695,103.58996,-31.663301,40.130474,100.810455,1.4295276,13.011909,85.94087,4.0703034,54.091873,74.037575,-19.541151,56.751694,71.194466,-6.3873405
-21.533834,127.89615,15.836696,-21.242159,132.92007,15.214766,-25.892614,128.6489,13.786671,-13.213536,139.98878,17.617065,-17.15457,132.77463,3.680135,-6.238283,145.61946,2.1432562,-24.98738,124.36963,-8.0428295,4.5335193,128.44873,20.773567,-25.226635,97.45061,-12.269988,-16.667978,120.30765,33.58131,-26.242865,70.981964,-10.846916,19.255459,113.3159,-29.190704,3.5001671,104.49566,-31.992617,42.941566,103.30102,-1.859398,16.024456,86.99702,2.0827749,53.925102,75.68586,-22.822224,58.21958,71.047554,-7.6915646
-21.522066,127.08189,16.890934,-21.361776,132.05519,15.922105,-26.037281,127.62813,15.128948,-13.465535,139.63538,18.282372,-18.585176,132.70589,4.602121,-6.51182,145.59976,3.1097822,-26.139872,124.35357,-6.739704,4.8688674,128.04906,21.246145,-25.919416,97.64274,-11.41855,-15.373726,119.069885,35.142567,-26.709747,71.070435,-10.067474,17.505203,114.20198,-29.879585,1.5721782,105.37642,-31.762508,44.08011,103.56293,-5.4977956,18.670927,88.21468,0.40753192,55.644306,76.74304,-26.997698,59.28483,71.08297,-8.36919
-21.455956,126.54369,17.781935,-21.014303,131.51556,16.830564,-25.964094,127.42806,16.149384,-14.21908,139.49754,18.934494,-20.110836,132.70781,5.5218296,-6.5687575,145.42189,4.1612535,-27.349403,125.00262,-5.731459,5.328924,127.703,21.560955,-26.32401,98.15442,-10.351613,-13.530244,118.07972,36.69583,-27.147638,71.274895,-9.151655,16.0761,114.888885,-30.190638,0.120896004,106.35161,-31.463888,44.53458,101.8446,-9.3722725,20.305315,89.802185,-1.1141976,57.77511,78.24481,-31.862398,59.543404,71.120285,-8.398124
-21.329048,125.97793,18.611544,-21.11176,130.9425,17.590574,-26.000618,126.67552,17.411848,-14.508793,139.21681,19.05559,-21.895977,132.57811,6.453356,-6.576516,145.32347,4.6872845,-28.280514,125.32213,-4.7721634,5.599028,127.32143,21.59284,-26.565533,98.28035,-9.487793,-11.602818,117.11449,38.1764,-27.705322,71.501236,-8.388716,14.752625,115.73684,-30.675158,-1.3958282,107.48655,-31.034792,44.68174,100.76524,-13.089253,21.300125,91.11056,-2.557824,61.223606,80.19167,-36.530125,59.4156,70.68866,-7.0436125
-20.963427,125.34822,19.252937,-20.415665,130.33324,18.422752,-25.582352,126.46842,18.155657,-14.423953,138.76627,19.442806,-23.301622,132.55475,7.666841,-6.4621572,145.02644,5.5479636,-28.856598,125.637314,-3.6144896,6.0741186,126.72804,21.79939,-26.713306,98.32717,-8.533443,-9.705065,115.766945,39.333683,-28.135624,71.55716,-7.4644485,13.63642,116.70117,-30.998117,-2.547748,108.8326,-30.823067,44.54709,100.17826,-16.75676,21.888607,92.04182,-4.0811234,61.726135,82.28925,-41.463123,59.235146,70.65402,-5.887466
-20.336874,124.8167,19.961863,-19.822393,129.83603,19.398863,-24.96443,125.94851,18.924356,-14.053709,138.2879,20.011309,-24.290827,132.36938,9.092251,-6.294324,144.56946,6.528646,-28.647667,125.521645,-2.6116989,6.641662,126.26756,22.05774,-26.628246,98.295616,-7.6705117,-7.729497,114.40638,40.412224,-28.319342,71.721115,-6.6031327,12.591402,117.57702,-30.949045,-3.3090005,109.99423,-30.655216,43.404003,98.49226,-20.503366,22.188988,92.52412,-5.139035,60.79803,84.10813,-47.223736,58.772224,70.70558,-5.031505
-19.822594,124.28384,20.653244,-19.345243,129.28023,21.323013,-24.37845,125.62945,19.557032,-13.519401,137.77863,21.494505,-23.955452,132.76433,10.438318,-5.8952093,144.19133,7.8428044,-28.338165,125.68979,-2.3567476,7.353434,125.394516,22.231857,-26.582466,98.59206,-6.714291,-5.514656,112.86136,41.296528,-28.505516,72.23218,-5.530387,12.054049,117.9522,-30.854015,-4.2923203,111.11218,-30.53247,42.675594,96.8453,-24.402523,22.36936,92.32309,-5.7949557,57.85445,85.6901,-53.848286,57.842587,70.558075,-4.803623
-19.281853,123.47489,21.512543,-18.777832,128.33833,22.80999,-23.798107,124.98646,20.470285,-13.016378,137.03445,22.90747,-23.683683,132.56633,11.882696,-5.4655104,143.97284,9.063052,-27.827595,126.1683,-1.819197,8.003693,124.55767,22.155535,-26.405775,98.72565,-5.467655,-3.1169462,111.39822,41.936752,-28.368212,72.37567,-4.2415,11.710925,117.999596,-30.840145,-4.71796,111.668205,-30.159542,42.362736,95.42179,-28.271976,22.299534,91.98872,-5.9211936,52.58176,87.24137,-61.18024,57.5012,69.52023,-4.836872
-18.9718,122.94462,22.158545,-18.459923,127.62574,23.996534,-23.439524,124.62261,21.16332,-12.674048,136.51003,23.911959,-23.425241,132.32443,12.86974,-5.092673,143.39308,9.81703,-27.444038,127.00198,-0.7806809,8.632726,123.64938,22.347517,-26.361065,98.92414,-4.507542,-0.88551486,109.65502,42.187206,-28.04252,72.241905,-2.7969215,11.182962,118.388916,-31.483267,-5.16492,112.08065,-29.899166,41.965546,94.82525,-32.183517,21.15006,92.00968,-5.4852457,49.37554,86.45425,-66.29741,57.65443,69.89544,-5.0181
-18.87438,122.46727,22.753054,-18.346352,126.88321,25.161055,-23.284723,124.3273,21.836338,-12.516527,135.86566,25.16285,-23.265018,132.3533,13.914394,-4.646871,143.03688,10.865751,-27.259007,127.46251,0.5362738,9.146452,122.74035,22.163187,-26.416603,99.40563,-3.5859854,1.0047905,108.070915,42.035583,-28.013502,72.56811,-1.4398822,10.546189,118.35249,-31.850325,-5.649718,112.279854,-30.106443,40.396675,93.91522,-36.01903,19.448603,91.81108,-4.7461243,48.58136,84.54936,-70.20928,59.148632,71.80158,-6.4714174
-18.514965,122.19573,23.430676,-18.089504,126.581924,25.919655,-23.009779,123.91126,22.661232,-12.174262,135.53462,26.066858,-23.122036,132.31595,14.940315,-4.256402,142.74603,11.639474,-26.986326,127.95129,1.6572667,9.813956,121.99559,21.804878,-26.453894,99.47756,-2.5459864,3.0613906,106.163414,41.415,-28.45619,72.96993,0.17655231,10.0367,118.39784,-32.35585,-6.0933084,112.43211,-30.192179,38.891697,93.337,-39.681683,18.517366,91.71389,-4.476994,48.00104,82.60255,-73.67835,58.834515,72.16957,-6.7808595
-18.487402,121.66586,24.061653,-18.011156,126.02221,26.603474,-22.970715,123.43248,23.336267,-11.8004265,134.85245,26.806833,-23.091307,132.05493,15.935956,-3.8284922,142.18115,12.082781,-26.723108,127.356834,2.2748218,10.421986,121.05592,21.453405,-26.507376,99.12069,-1.6365256,5.015243,104.31389,40.74597,-27.8494,72.40187,1.0517075,9.560542,118.30633,-33.01409,-6.151527,112.643234,-30.116386,37.270645,92.61822,-42.99006,17.706297,91.36494,-4.210864,47.509266,80.54983,-76.593315,57.936928,71.27898,-5.7916284
-18.227318,121.01267,24.701456,-17.5784,125.046074,27.670002,-22.68042,122.95509,24.280838,-11.318724,134.1721,27.35305,-23.092995,131.63869,16.96874,-3.4535787,141.65251,12.6904545,-26.53323,126.95035,2.687735,10.878134,120.09525,20.815367,-26.615322,99.06898,-0.46736386,7.140799,102.203156,39.37236,-27.685308,72.26321,2.4320817,8.92888,117.83891,-33.09565,-6.7405066,112.83684,-29.958694,35.572895,92.2117,-45.587555,16.822285,91.50915,-4.07121,46.753464,79.36199,-78.98587,57.829346,71.5138,-6.80574
-17.80269,120.583206,25.507236,-17.034126,124.65265,28.399185,-22.30357,122.43769,25.354254,-10.815503,133.7263,27.387182,-23.279533,131.05379,17.96651,-3.0699427,140.99783,13.269645,-26.05761,126.74275,3.9686303,11.324865,119.20058,20.103512,-26.452324,98.977646,0.47138762,9.510762,100.026146,37.687363,-27.380934,72.31415,4.1973248,8.388111,117.829155,-33.76351,-7.0969753,112.968735,-29.952534,34.245186,92.02966,-47.69305,15.123483,91.377625,-4.126623,45.56229,78.878784,-81.51116,57.13851,70.811676,-7.2653513
-17.397867,120.03342,25.728432,-16.62495,123.95329,28.820215,-21.954245,121.74952,25.890259,-10.050087,133.05481,27.497644,-23.149681,130.77306,18.881525,-2.0386884,140.33482,13.5087,-25.347174,126.54179,5.254383,11.977648,118.20143,20.003681,-25.962982,98.99888,1.2416898,11.176222,98.11705,36.490856,-26.465508,72.9258,6.599779,7.8713446,117.80696,-34.253113,-7.485749,112.858696,-29.835497,33.292686,92.073204,-49.300907,11.939944,91.18537,-3.302905,45.52512,78.01507,-82.89002,54.693962,72.066795,-10.334713
-16.672915,119.43184,25.8351,-15.916418,123.12928,29.196552,-21.225365,121.14294,26.082142,-9.015328,132.39557,27.74704,-22.57226,130.48166,19.672781,-0.8583905,139.75375,13.7259035,-24.904032,126.33901,6.465767,12.434127,116.89769,19.692936,-25.70825,99.03235,1.823595,12.758125,96.12258,35.324898,-26.13453,72.92269,7.548443,7.4936185,117.98387,-34.8633,-7.6458364,113.16371,-29.192415,32.42166,92.18514,-50.511566,9.827396,91.2453,-1.9271603,44.344936,77.687195,-83.62126,51.373463,72.75406,-12.999453
-16.144497,118.902985,25.936,-15.255292,122.62231,29.228905,-20.71432,120.52745,26.472054,-8.112914,131.73077,27.577236,-22.278923,130.1569,20.457258,-0.10688256,138.6266,13.912532,-24.770134,126.519135,7.6819315,12.609425,115.15308,19.54256,-25.741386,99.25807,2.272895,13.914462,93.7013,34.10337,-25.53924,73.85665,9.566,6.781793,117.922165,-35.549305,-8.629348,113.4447,-29.093502,31.552624,92.16993,-51.38585,8.566419,90.7858,-0.6345742,44.74609,77.0011,-83.932,49.122124,72.549774,-16.15551
-15.521284,118.60755,26.07134,-14.059248,122.59784,28.81134,-19.908978,120.46239,27.152874,-7.4133334,131.37254,27.434967,-21.984398,129.93953,21.263607,0.7107258,137.95486,14.016182,-24.508364,126.59306,8.863148,12.966371,113.81055,18.90599,-25.793457,99.26758,3.269744,15.172932,91.448,32.39768,-25.229513,73.988144,11.247416,5.9998393,117.91829,-36.0672,-8.754956,113.410355,-29.04813,30.85493,92.22681,-51.72061,7.401408,91.3268,0.81475365,44.59716,76.712326,-83.8399,45.470165,72.59903,-19.5732
-14.404115,118.5564,26.409883,-13.036148,122.91583,28.584614,-18.793745,120.04238,27.958746,-6.27461,131.46165,27.229517,-21.45543,129.72374,22.30967,1.1827585,137.23143,14.1508255,-24.042875,125.84263,9.716312,13.294055,112.89869,17.933052,-25.843996,98.95803,4.305077,16.568617,90.087944,30.314922,-24.97928,74.02169,13.058587,4.997971,118.103584,-36.031574,-8.394765,113.020096,-28.937222,30.272625,92.700775,-51.681473,6.40701,91.89765,1.3989182,44.258812,76.65042,-83.47005,40.24311,73.087906,-23.249804
-13.558066,117.859116,26.612476,-12.192451,122.3558,28.47117,-17.827604,119.19086,28.58039,-5.4164014,130.7576,26.911812,-20.867746,129.14005,23.221727,1.8098775,136.29257,14.412818,-23.675694,125.77023,10.336298,13.911245,111.62554,16.743876,-25.761217,98.56461,5.381788,17.86243,88.33158,28.562868,-24.572615,74.29755,15.450837,3.7495813,118.714676,-36.03452,-9.117075,114.01701,-28.61974,29.930834,93.52045,-51.448338,6.2125154,93.20938,1.6536616,43.999683,76.73073,-82.96412,35.5127,73.89745,-27.273014
-12.876097,117.03958,26.893791,-11.546217,121.54698,28.729969,-17.066332,118.211044,29.119936,-4.5584908,129.92293,27.561373,-20.112886,128.52568,24.000734,2.9761233,134.97958,14.764154,-23.589037,125.6123,10.96798,14.562837,110.09237,15.667562,-25.668585,98.39082,6.368544,18.949226,86.5353,26.781733,-24.501265,74.135155,17.050095,2.4757693,119.908104,-35.97652,-10.111904,114.723434,-28.612196,29.069681,94.57472,-51.245373,6.583166,94.45139,1.0372202,43.393063,76.9604,-82.23476,32.020947,73.88378,-30.874247
-12.351788,116.3063,27.341454,-10.943327,120.75983,29.25901,-16.392475,117.34638,29.893595,-3.8322792,129.04045,28.382872,-19.36505,127.965256,24.625277,3.3928616,133.8072,15.667711,-23.546417,125.49844,11.766477,15.225362,108.72318,15.212901,-25.48884,98.098236,7.6563587,19.917767,84.90405,25.13826,-24.37396,73.672554,18.242317,1.605206,120.877075,-35.353264,-11.284833,115.6416,-29.075806,28.138056,95.62134,-51.01838,7.4671435,94.72668,-0.5758545,42.50665,77.108536,-81.411385,29.32592,74.40452,-35.75154
-11.637238,115.86261,27.7123,-10.193685,120.29991,29.666832,-15.651896,116.8855,30.303999,-3.1534812,128.53119,28.921036,-18.716726,127.48783,25.135023,4.3238177,132.20485,16.101562,-23.475826,125.05161,12.234591,15.886069,106.94845,14.518165,-25.396696,97.77507,9.129982,20.89577,83.03338,23.364471,-24.422293,73.03865,18.90162,1.029223,121.92094,-35.320152,-12.161138,116.330986,-29.514141,27.872076,95.9115,-50.29969,7.3299894,94.53981,-1.769523,41.384434,77.17395,-80.928024,26.087603,74.9628,-38.15805
-10.6925125,115.25341,28.276045,-9.31609,119.680084,30.28295,-14.7859955,116.25107,30.740532,-2.4001124,128.03029,29.615175,-17.983288,126.854774,25.908772,5.813501,131.22394,16.391125,-23.266304,124.697426,12.844767,16.713577,105.70353,13.751357,-25.344576,97.35095,10.257423,21.646917,81.49072,21.729782,-24.595974,72.46403,19.340185,0.5428261,122.773,-34.79485,-12.869203,116.812164,-30.234718,26.81425,97.62622,-50.31631,6.8074217,93.97297,-2.8040235,40.008053,77.58028,-80.34063,22.907505,75.9972,-40.647575
-9.853082,114.60951,28.88119,-8.507186,119.04793,30.887705,-13.946378,115.56791,31.361368,-1.6050158,127.38541,30.22224,-17.27016,126.2011,26.911737,6.9171042,130.44421,16.62017,-23.12245,124.52122,13.503314,17.83594,104.956055,13.124177,-25.260107,97.22129,11.023342,22.40456,80.23172,19.962793,-24.745691,72.19618,19.441671,-0.22807753,123.280396,-34.129852,-13.229664,117.96628,-30.232328,26.345165,97.97761,-49.588104,6.2737713,93.140656,-4.337006,38.588093,78.10777,-79.92877,19.403175,77.03928,-43.723648
-9.109129,114.093666,29.352325,-7.6833134,118.43627,31.503716,-13.163491,115.01338,31.910736,-0.87734526,126.88127,30.788908,-16.624765,125.71907,27.85633,7.579979,130.09807,17.07429,-23.000753,124.53055,14.149501,18.506573,105.071236,12.704398,-25.104023,97.27702,11.651598,23.1137,79.8099,18.048876,-24.929216,72.00453,19.29361,-0.3438118,123.81779,-33.634632,-13.681781,118.869446,-29.842459,26.077204,97.79279,-48.344673,5.8452535,92.06243,-6.1301613,37.676548,78.614784,-79.29987,15.71837,77.992195,-47.082493
-8.283371,113.74888,29.95453,-6.950142,118.161156,32.033607,-12.3924,114.67884,32.422546,-0.30175993,126.73263,31.038795,-16.163961,125.14772,28.894068,8.240635,129.27072,17.713196,-22.86033,124.39426,14.788708,19.207561,104.40622,12.088477,-24.905449,96.98858,12.312788,24.300745,79.12358,16.207102,-25.024235,71.526375,19.268768,-0.43813726,124.73992,-33.092392,-14.326663,120.01318,-29.19086,25.347305,98.39663,-47.730335,5.473948,90.594124,-7.9505315,37.416206,79.094925,-78.53549,11.66005,78.97946,-50.222984
-7.399564,113.3182,30.437517,-6.0848713,117.773285,32.428307,-11.48819,114.24523,32.94162,0.31984365,126.51004,31.300348,-15.575168,124.534744,29.869322,9.087162,128.33156,18.40578,-22.5815,124.364204,15.31983,19.75288,103.449,11.758167,-24.507095,96.80452,12.694905,25.760662,78.54258,15.168548,-24.959538,71.183464,19.223482,-0.166184,125.54086,-32.249664,-15.32047,121.87788,-28.439135,24.496632,99.084435,-47.81074,4.483788,89.75263,-9.95298,37.300503,79.40701,-77.8427,6.8811097,79.77818,-53.25261
-6.581087,112.95449,30.716084,-5.2426353,117.49675,32.49479,-10.647081,114.002106,33.206917,0.9253578,126.22657,31.41572,-15.065728,123.895195,30.495401,9.574195,127.493996,18.997278,-22.069578,124.09682,15.946637,20.151667,102.67882,11.6767435,-24.190466,96.5731,13.069759,25.356916,77.43007,15.214733,-25.265162,70.853195,19.105284,-0.114590965,126.33581,-31.5732,-15.070813,123.02322,-27.932388,24.103128,99.25017,-47.60312,3.3912249,88.80071,-12.013998,37.645195,79.63391,-77.37061,3.0994587,81.401215,-55.846027
-5.9950776,112.59597,30.891758,-4.4083023,117.00616,32.781895,-9.968233,113.75157,33.48082,1.619982,125.81202,31.64964,-14.333825,123.69288,30.815344,10.064287,126.932465,19.403769,-21.385824,124.20858,16.426344,20.340939,102.1054,11.893099,-23.908495,96.73211,13.466233,24.940798,76.58958,14.897823,-26.201183,70.990326,18.476875,0.27610835,126.88188,-31.113855,-15.108052,123.7355,-27.514456,24.028536,99.28125,-47.193954,2.0162992,87.76043,-14.1512375,38.008987,79.8356,-76.894806,0.013055878,83.4678,-57.315285
-5.4159617,112.26353,31.172842,-3.4746552,116.419464,33.282326,-9.267081,113.592926,33.864784,2.282472,125.42998,31.844069,-13.76403,123.3147,31.019121,10.725272,126.27456,19.843021,-20.579977,123.875244,16.741734,20.279835,101.251755,12.3214,-23.324228,96.76906,13.929046,24.5952,75.34984,14.709554,-26.103344,71.1656,18.459227,0.922499,127.257126,-30.756073,-15.055898,124.33741,-26.97426,24.434244,98.993286,-46.749294,-0.2670398,87.18157,-16.359306,38.47057,79.867165,-76.74642,-4.4578776,85.14559,-59.60177
-4.95569,111.9414,31.472023,-3.0408177,116.067795,33.672085,-8.788325,113.12596,34.243595,3.0150197,124.92585,32.416454,-12.950314,123.330475,31.237944,11.026799,125.4375,20.414978,-20.183619,123.84505,17.137371,20.180315,100.4579,12.559729,-22.967958,96.75218,14.452776,25.007809,75.1463,14.286096,-25.455341,71.147606,19.11256,1.374505,127.38472,-30.167448,-15.146147,124.94876,-26.447132,24.335554,99.082375,-46.47324,-2.2279391,86.67333,-19.30569,39.501072,79.786476,-75.86228,-8.724927,86.52087,-62.749817
-4.562477,111.570694,31.730621,-2.5630825,115.5686,34.085186,-8.318017,112.6455,34.65142,3.6116407,124.46171,32.718006,-12.3531,123.14321,31.507755,11.459823,124.69922,21.215418,-19.792833,123.91721,17.416332,19.673958,99.12319,13.33212,-22.641615,96.65986,14.972155,23.783432,73.12019,15.230624,-24.225311,70.9772,20.207172,1.6440253,127.02673,-29.476587,-14.852669,125.60128,-26.14383,24.353447,98.81699,-46.436047,-3.9181154,86.32145,-22.454311,40.074406,79.51703,-75.612144,-11.373513,87.41499,-66.94389
-4.260829,111.224236,31.990753,-2.124184,115.068924,34.473835,-7.959845,112.29778,34.983257,4.0065312,124.04722,32.839226,-11.996513,122.80815,31.863153,12.714784,124.13122,20.877728,-19.355656,123.804085,17.923018,20.395508,98.309845,13.297845,-22.200499,96.44261,15.737464,23.255121,72.02977,15.837922,-23.536184,70.575424,20.941214,2.253399,127.47605,-28.984375,-14.946078,125.64546,-25.43381,24.43325,98.60893,-46.42195,-6.490319,85.16661,-24.840038,40.436344,79.4637,-75.571846,-14.62483,88.07301,-69.51339
-3.9723275,110.60015,31.957819,-1.560961,114.04817,34.744816,-7.6067476,111.74889,35.008984,4.2624364,123.478325,33.057636,-11.784925,122.049385,32.17827,13.361713,123.20027,20.80513,-18.649864,123.50654,18.100193,20.893896,97.176,13.442496,-21.341621,96.13557,16.626072,23.143927,70.794464,16.06476,-23.044407,70.293755,21.397007,3.3264084,127.91359,-28.633877,-15.208547,125.73239,-24.759573,24.629648,98.27762,-46.667675,-8.436437,84.943954,-26.84688,40.926693,79.31328,-75.75682,-18.938885,88.123886,-70.71836
-3.7120638,110.2524,31.622274,-1.1481657,113.27354,34.75998,-7.2746882,111.185165,34.82433,5.0115476,122.77729,33.41957,-10.99333,122.07168,32.40289,14.066512,122.78423,21.251867,-18.14768,123.6019,18.608412,21.203611,96.71327,13.519798,-21.525776,96.24273,16.48594,24.103163,70.42824,15.489721,-22.62503,70.24685,21.772736,4.3081155,127.77928,-28.341307,-14.513927,126.427505,-24.73608,25.22573,98.020775,-46.69595,-11.03985,85.054085,-28.444822,41.495934,78.86534,-75.79326,-24.4341,87.39242,-70.1461
-3.1143818,109.946556,31.278795,-0.80605435,112.44515,35.014217,-6.994282,110.721596,34.146416,5.8046594,122.12908,33.747288,-10.2168665,121.82953,32.59087,14.462858,122.154724,21.779247,-17.485352,123.4866,18.995386,21.457253,96.089874,13.851232,-21.373863,96.14952,16.661243,24.50491,70.14209,15.149615,-22.386026,70.20113,22.295803,5.112481,127.488174,-27.84316,-14.073426,126.921814,-24.478518,25.533432,97.58814,-46.61933,-13.880506,85.340775,-29.813478,41.550064,78.612495,-75.879295,-28.094898,86.49157,-70.876335
-2.478921,109.64882,31.082453,-0.3420864,111.888,35.07841,-6.4780273,110.26569,33.815205,6.5458856,121.65868,33.931683,-9.443777,121.61517,32.57441,14.754692,121.723694,21.964094,-16.8414,123.384315,19.566292,21.748314,95.567535,14.203913,-20.75533,96.19056,17.180094,24.59158,69.55469,15.712776,-22.122723,70.28927,22.749697,5.827433,126.937706,-27.624744,-13.902656,126.596855,-24.282066,25.83199,96.97474,-46.524353,-17.384659,85.41755,-31.15788,41.483913,78.21215,-76.10146,-31.034227,85.378716,-72.168526
-2.1530385,109.15435,31.156244,0.03366008,111.36948,35.14584,-6.135686,109.887024,33.876198,7.2443633,120.62962,34.24028,-8.627232,121.46373,32.359024,15.095779,122.014,22.134634,-16.34287,123.225746,20.09452,21.546133,95.69858,14.531452,-19.591322,95.93973,18.247038,24.70812,69.65709,15.954794,-21.86419,70.21737,22.945301,5.786635,126.07131,-27.753271,-13.908242,126.38174,-24.06148,26.0134,96.312256,-46.51063,-19.50405,86.336334,-32.442413,41.346397,77.915306,-76.52463,-33.64786,83.866615,-73.39291
-1.5893613,108.8645,31.288307,0.5496685,110.70187,35.48356,-5.578975,109.23405,34.069103,8.00047,120.34279,34.470787,-7.7445674,121.46884,32.006874,15.296262,122.210396,22.18094,-16.045835,123.06741,20.335003,21.552727,95.77229,14.846831,-18.903837,95.795334,18.663828,24.881546,69.76528,16.04593,-21.825304,70.01507,23.296509,5.6441145,125.4509,-27.992443,-13.8573265,126.24587,-23.74958,26.068052,95.39274,-46.83618,-21.960236,87.32131,-32.95241,41.417133,77.62822,-76.92492,-35.90453,82.64148,-74.23214
-1.078334,108.830986,31.291683,0.8663033,110.56505,35.620827,-5.21454,109.22477,33.849854,8.5845585,120.20017,34.65341,-7.114182,121.45462,31.717314,15.512592,122.37129,22.095436,-15.904766,123.204926,20.572235,21.616749,95.73304,15.11373,-18.369387,95.60103,19.037252,25.026655,69.7041,16.076815,-21.70671,69.94766,23.496695,5.4946113,124.90947,-28.165442,-13.711741,125.961494,-23.738876,26.495975,95.14207,-46.698494,-24.407057,88.1433,-33.28713,41.587856,77.37482,-76.942764,-37.678585,81.858864,-74.69255
-0.69312763,108.85937,31.424885,1.2740448,110.44518,35.802166,-4.814997,109.16461,34.017937,9.184,120.04059,34.714577,-6.412077,121.67515,31.478468,15.934873,122.32621,21.694714,-15.761646,123.167015,20.716745,21.740448,95.79746,15.142488,-18.282806,95.80801,19.20582,25.319468,69.76438,16.071852,-21.641495,70.07467,23.682043,5.3461714,124.08806,-27.863354,-13.618976,125.90937,-23.791952,26.456137,94.68921,-46.94699,-26.756655,89.22951,-33.191895,41.367523,76.92696,-77.25099,-38.64088,81.45266,-74.90651
-0.31683886,108.88374,31.61795,1.7210209,110.45115,35.971703,-4.40116,109.330376,34.247593,9.5609,120.08694,34.948322,-5.8138165,121.75318,30.990673,16.078756,122.49386,21.648848,-15.601169,123.16892,20.736975,21.660862,95.9261,15.23273,-18.341053,95.85103,19.244802,25.611511,70.27214,15.703358,-21.762712,70.127975,23.92812,5.437177,124.05406,-27.967688,-13.928652,125.87859,-23.986446,26.555561,94.719406,-46.855278,-28.35747,89.556404,-33.082436,41.29955,76.871544,-77.28944,-39.402466,81.61561,-75.08979
-0.07563902,108.98321,31.64688,1.9374373,110.66053,35.967896,-4.1912565,109.55455,34.20836,9.865359,120.18319,34.83166,-5.5225024,121.915436,30.89585,16.049334,122.18105,21.501202,-15.460336,123.11448,20.690699,21.62641,95.57528,15.175675,-18.402891,95.92889,19.17126,25.55958,69.75331,16.224253,-21.924294,70.49871,24.025497,5.427138,124.03117,-28.213428,-13.873984,125.86345,-24.34905,26.644667,94.707245,-46.723736,-29.253916,89.550255,-32.8228,41.377903,77.10577,-77.17899,-39.78301,81.4893,-75.051216
0.2699893,109.24191,31.7713,2.208804,111.395134,35.916466,-3.8232853,109.65149,34.40088,10.129155,120.58075,34.76173,-5.130265,122.05226,30.416851,16.2415,122.46266,21.224966,-15.4394655,123.195145,20.77771,21.48397,95.57506,15.162806,-18.428556,96.06037,19.200747,25.695827,70.094154,16.014162,-21.898844,70.61716,24.029936,5.2245464,123.7454,-28.433908,-13.973437,125.395645,-24.55278,26.484976,94.64429,-46.682438,-29.989748,89.416115,-32.352932,41.10103,76.99448,-77.362305,-40.156193,80.89362,-74.29318
0.3112879,109.144394,31.644398,2.1377132,111.047966,35.949696,-3.8897614,109.59396,34.094044,10.3158655,120.36427,34.80102,-4.7627306,122.08079,29.999998,16.188334,122.55928,21.033401,-15.599231,123.22478,20.81179,21.387331,95.49436,15.130435,-18.490904,96.12088,19.02458,25.484211,69.562454,16.686464,-21.967667,70.690025,23.994127,5.3110857,124.11216,-28.456457,-13.94543,124.946556,-24.774807,26.589632,94.98473,-46.766632,-30.520348,88.64424,-31.940847,41.251507,77.12805,-76.977615,-39.800896,80.99352,-74.253586
0.3975464,109.29517,31.511442,2.11933,111.090485,35.906265,-3.8616412,109.692795,33.861004,10.474572,120.38289,34.774525,-4.530562,122.26369,29.775606,15.906623,122.23894,20.970007,-15.733283,123.18499,20.787676,21.31958,95.47823,15.213818,-18.568813,95.9659,19.10083,25.278025,69.664474,16.851698,-22.051079,70.54367,23.973055,5.1531906,124.46343,-28.353447,-14.317591,125.48601,-24.708324,26.360672,95.18923,-46.620693,-30.028542,88.75536,-31.796438,41.20895,77.05178,-76.64117,-39.12698,81.724556,-74.60585
0.42598504,109.27581,31.511156,2.0969758,111.341644,35.81254,-3.8498578,109.72923,33.826374,10.527437,120.33444,34.821796,-4.401618,122.27483,29.642002,15.761576,122.12603,20.930668,-15.767975,123.16086,21.023071,21.228561,95.333664,15.165508,-18.736917,95.84763,19.146564,25.277304,69.5176,16.828232,-22.076323,70.28959,23.855066,4.923911,124.7762,-28.302563,-14.406622,125.8393,-24.461859,26.250284,95.62429,-46.630413,-29.378254,88.83944,-31.880157,40.826233,76.92366,-76.63239,-38.7007,82.08685,-74.65559
0.33578086,109.27671,31.437384,2.1815164,110.96886,35.827633,-3.8659945,109.74872,33.875965,10.544818,120.22117,34.720425,-4.373923,122.31206,29.540422,15.714262,121.99697,20.954096,-15.880904,123.12749,21.236032,21.1611,95.278015,15.185579,-18.923845,95.84619,19.117065,25.299887,69.54706,16.889511,-22.08852,70.29774,23.8256,4.8190837,125.10269,-28.346523,-14.590682,125.9316,-24.251183,26.495382,96.234344,-46.748306,-28.849144,88.642105,-32.006733,40.595753,76.89945,-76.62144,-38.574574,82.03511,-74.63553
0.24701798,109.00093,31.400496,2.288846,110.4971,35.77722,-3.8542376,109.53128,33.99632,10.552682,119.886086,34.617134,-4.410477,122.099106,29.666948,15.961581,121.971886,21.089472,-15.925071,123.151886,21.367556,21.157467,95.2338,15.194242,-19.095722,95.9139,19.090693,25.396261,69.50224,16.787985,-22.242805,70.40172,23.83768,4.743292,125.47653,-28.398111,-14.759761,126.01,-24.120064,26.039284,96.39662,-46.66609,-28.037548,88.62413,-32.379787,40.44114,76.96735,-76.58404,-38.501945,82.1778,-74.67766
0.2345454,109.14027,31.459051,2.57184,110.73654,35.647404,-3.6585746,109.61309,34.368065,10.40035,120.21824,34.482384,-4.732241,122.145065,29.95798,16.020664,122.16073,20.924126,-15.917801,123.06594,21.194166,21.156204,95.31226,15.251649,-19.277176,95.74098,19.098265,25.305418,69.63234,16.913486,-22.600681,70.33607,23.854307,4.6910043,125.789734,-28.389633,-14.708148,126.20397,-24.092762,26.359081,96.55326,-46.357086,-27.330263,88.653984,-33.2232,40.327873,77.11829,-76.30207,-38.842094,82.025024,-74.786125
0.36942437,109.27656,31.272274,2.5490034,111.15798,35.424015,-3.6176815,109.7562,34.042007,10.220164,120.60659,34.324577,-5.109513,122.09446,30.239616,16.04935,122.28017,20.910913,-15.737854,122.8554,21.370836,21.23148,95.33736,15.217085,-19.319664,95.697845,18.97811,25.538918,69.484856,16.997456,-22.778477,70.41713,24.00647,4.9796267,126.01413,-28.421099,-14.44571,126.21865,-24.118917,26.225948,96.07172,-45.84386,-27.269783,88.47152,-33.51826,40.165733,77.26814,-76.0604,-39.05097,81.894165,-74.82082
0.4108188,109.155525,31.167028,2.5594313,111.34362,35.183113,-3.597925,109.848816,33.858,9.9638815,120.7472,34.08817,-5.5786424,121.76553,30.626707,16.140873,122.36381,20.963543,-15.590661,122.78617,21.394426,21.273,95.416115,15.255381,-19.367462,95.68078,18.965666,25.687752,69.545166,16.978212,-22.847874,70.39416,23.973913,5.0782266,126.1197,-28.331985,-14.238315,126.31534,-24.193958,26.106293,95.90357,-45.40871,-26.71367,88.56201,-33.885323,39.963253,77.4085,-75.81141,-39.24898,81.88963,-74.82278
0.45382267,108.79888,31.067396,2.6864765,111.46253,34.74619,-3.522303,110.01542,33.62981,9.615853,120.66703,33.74482,-6.2721457,120.96017,31.140135,16.314648,122.60244,21.103819,-15.40444,122.68608,21.249762,21.232916,95.80677,15.353644,-19.505175,95.70777,19.071527,25.84472,69.84014,16.865467,-22.919334,70.204994,23.757124,5.0464244,126.206985,-28.10715,-13.956346,126.59972,-24.376905,25.778795,95.78646,-44.67674,-25.303564,89.14684,-34.508366,39.463272,77.92112,-75.25547,-39.55362,81.99119,-74.80507
0.4308749,108.40603,30.89294,2.8977447,110.81286,34.59645,-3.4143953,109.898544,33.50564,9.515055,120.30735,33.63882,-6.443342,120.49226,31.501528,16.505867,122.38295,20.922712,-15.100588,122.69079,21.363306,21.469786,95.4437,15.430127,-19.565954,95.65891,19.081362,26.094065,69.55691,16.827139,-22.983665,70.02623,23.51002,5.013194,126.33319,-28.130926,-13.867712,127.118645,-24.778933,25.201796,94.719475,-43.603935,-24.094418,89.23155,-34.825817,38.293495,78.182045,-74.963234,-39.951805,81.71064,-74.96719
0.64474756,107.99652,30.77918,3.267191,110.6606,34.194553,-3.0812635,109.68222,33.443073,9.695445,119.82529,33.27864,-6.2801933,120.02557,31.669918,16.877337,122.46497,20.649725,-14.768534,122.68536,21.21778,21.724302,95.435356,15.36578,-19.692432,95.77489,18.87573,26.412327,69.70816,16.714273,-23.219625,70.16317,23.302208,5.2492337,126.29956,-27.807219,-14.091829,127.71546,-24.988308,24.278887,93.60686,-42.14693,-23.340347,89.7449,-34.978767,36.308308,78.69804,-74.399765,-39.98355,81.49836,-75.16987
0.96648467,107.84159,30.624195,3.8001578,110.529205,33.85577,-2.5987113,109.720345,33.36936,10.036986,119.79945,32.878685,-5.9706054,119.92619,31.825497,17.28693,122.43457,20.642344,-14.741938,122.82171,21.306807,22.000866,95.59276,15.147929,-20.008942,96.0083,18.556084,27.005716,69.86695,16.528757,-23.720592,70.305244,23.053198,5.423743,126.74738,-27.573086,-13.483188,127.93068,-25.599634,22.585646,92.31291,-40.139366,-22.289604,90.003006,-35.833187,33.76763,79.92899,-73.18312,-40.060577,81.41916,-75.460236
2.2173758,108.51569,30.228867,4.7949367,111.48547,33.40939,-1.4314195,109.71489,33.24327,10.74071,120.99845,32.294197,-5.352096,120.06151,32.152874,17.643318,122.62128,20.363749,-14.44148,122.804794,21.255735,22.194077,95.63078,15.1373005,-20.671127,96.05692,17.90057,27.596413,70.22349,16.199865,-24.186743,70.29473,23.021595,5.8502455,126.8527,-27.43021,-13.423314,128.24565,-26.045797,20.290209,90.93348,-37.734917,-21.680632,90.361435,-36.5962,29.80278,81.703636,-71.501884,-39.943253,81.11884,-75.8984
3.1493793,109.03322,29.821411,5.7093196,112.174706,32.852207,-0.4369447,110.15276,32.933517,11.339218,121.650055,32.164017,-4.71103,120.2506,32.417038,18.199207,122.976776,19.984982,-14.214039,122.94639,21.05134,22.218962,95.773735,14.949492,-20.950243,96.25417,17.493181,27.95427,70.393166,16.00348,-24.678799,70.39342,22.960087,6.395469,126.66642,-27.194857,-13.28094,128.59708,-26.230587,18.11289,89.525085,-35.287792,-21.277645,91.171196,-37.47482,25.977219,82.84693,-69.8305,-39.50629,80.5084,-76.6122
3.6248677,109.06207,29.609539,6.437374,112.13517,32.480892,0.21863714,110.37016,32.85564,12.24273,121.285385,32.27384,-3.8827784,120.507484,32.31633,18.64789,123.27784,19.555693,-13.571241,123.22457,20.835335,22.479288,95.817154,14.873904,-21.013584,96.39628,17.256905,28.213036,70.33872,16.02933,-24.995848,70.512215,22.790524,6.5830593,126.21274,-27.426828,-12.75468,128.79175,-26.607994,15.569636,88.28021,-32.685665,-20.736105,92.18236,-38.78334,21.878962,84.46584,-67.9688,-38.941246,80.27135,-77.405304
3.9567425,109.16591,29.523165,7.195443,112.086914,32.096157,0.86421967,110.96888,32.841442,12.9196,120.94747,32.17216,-3.188202,120.93875,32.118248,19.319,123.2932,18.716932,-12.853459,123.60649,21.02195,23.189314,96.068756,14.523921,-20.726313,97.01307,17.026293,28.565771,70.52033,15.846665,-25.055384,71.13338,22.667566,6.896847,126.23851,-27.830185,-12.044252,129.04199,-27.357864,12.9221525,87.38509,-29.56746,-20.917038,93.10503,-39.78725,17.177765,86.00642,-65.72466,-38.222202,80.244576,-78.28707
4.656411,109.63299,29.69931,8.053082,112.44749,32.162476,1.649273,111.791176,32.87984,13.589813,121.538086,31.759512,-2.5159166,121.534225,31.753838,19.873417,123.473045,17.79254,-11.974602,124.4534,21.280783,23.844965,96.243774,13.95743,-20.224567,97.72518,16.951986,29.17269,70.76313,15.635551,-24.928255,71.828384,22.52335,7.581778,125.85956,-27.975967,-11.404266,129.61465,-28.142696,9.501478,86.63637,-26.821903,-21.899986,93.8261,-41.038147,13.1886835,86.41609,-63.00699,-38.163998,79.502945,-79.41091
5.3908343,110.41525,29.52347,8.756502,112.91095,32.36526,2.295389,112.44111,32.702297,14.225662,122.36308,31.348341,-1.9261874,122.20665,31.467186,20.449926,123.488464,16.922113,-11.211561,125.35173,20.96225,24.31364,96.13717,13.668028,-19.76335,98.345375,17.088932,29.441175,70.60418,15.609103,-24.952986,72.36035,22.579311,7.9669695,125.27527,-28.46809,-10.440324,130.09679,-28.641527,5.900368,86.40855,-24.17455,-22.739628,95.23862,-41.949142,9.46749,86.659294,-60.391586,-37.173923,79.456604,-80.6114
5.5561433,110.6227,29.495481,9.097504,112.653206,32.45202,2.6175015,112.90531,32.640034,14.859123,122.57129,30.975761,-1.2004879,122.878815,31.166052,21.054075,123.543015,16.024015,-10.36669,126.2957,20.771614,24.892069,96.36339,13.348881,-19.261133,99.22781,17.079418,29.504826,70.57109,15.758563,-24.785412,73.29532,22.27758,8.577264,124.81522,-29.15327,-9.12375,130.73204,-29.299068,2.2214065,86.60299,-21.838034,-23.4084,96.516914,-42.72081,6.1138225,85.94727,-57.64254,-36.347862,79.47613,-81.33569
5.9238214,111.3013,29.329897,9.58079,112.94089,32.394295,3.1315088,113.41835,32.71296,15.443135,123.03498,30.487316,-0.55289936,123.73348,30.873299,21.796011,123.98765,15.164198,-9.724119,126.894165,20.529531,25.52549,96.58162,12.816697,-18.402725,99.81301,17.451595,29.217123,70.655945,15.762809,-24.405838,73.952034,21.85693,9.138865,124.64725,-29.912306,-7.699061,130.64336,-29.99136,-1.8634452,88.326775,-19.226616,-23.780804,97.24806,-43.361786,2.4607594,84.72683,-54.98635,-35.788612,79.146225,-81.90111
6.4530087,112.005394,29.17233,10.303852,113.5753,32.046986,3.9187891,114.521324,32.491417,16.181047,123.312485,30.106178,0.18949679,124.58467,30.884232,22.278524,124.16889,14.8039465,-9.000478,127.85996,20.15702,26.139238,96.87049,12.221448,-18.424187,101.063545,17.063828,29.43692,70.91023,15.2347975,-23.940954,75.302475,21.558994,9.445907,124.320564,-30.312254,-6.566838,130.01825,-30.331163,-5.8854523,90.39207,-16.804373,-24.935225,98.64176,-43.62174,-0.2395367,82.570694,-52.244106,-35.354115,79.6767,-82.42754
7.206041,112.85687,28.903757,11.141016,114.5214,31.61372,4.77091,115.274734,32.368916,16.940321,124.213875,29.30874,1.0886072,125.46255,30.989641,22.745363,124.80782,14.295806,-7.783544,128.66116,19.973959,26.988857,97.50522,11.318846,-17.913435,102.25755,16.811682,29.63999,71.80079,13.894506,-23.286127,76.58511,21.203856,9.490179,123.94674,-30.34064,-5.7870216,129.74277,-31.025944,-9.572394,92.10954,-14.337669,-25.743326,99.3671,-43.815903,-5.095365,80.66673,-48.53945,-34.83007,79.8916,-82.623825
7.8188787,113.84756,28.603582,11.86413,115.33267,31.245947,5.5328345,116.24619,32.17943,17.495321,125.32861,28.746614,1.6780295,126.403206,30.954613,23.377657,125.19209,13.7375345,-6.812298,129.55495,19.840315,27.579529,97.90767,10.867702,-17.836107,103.41723,16.51454,30.539843,71.81404,12.745545,-22.849812,77.58823,20.978004,9.3491745,123.84784,-29.893328,-4.8332148,129.84883,-31.563393,-12.050053,94.016624,-12.499986,-26.510172,99.31822,-43.44408,-10.194641,80.04698,-46.03018,-34.1491,80.07024,-82.98286
8.709437,114.42206,28.71948,13.038182,116.05437,30.76613,6.844898,117.387436,32.10915,18.454306,125.643326,28.131033,2.6697102,127.16614,30.719965,23.978638,125.31563,13.459961,-5.552612,130.59555,19.432278,28.148693,98.041435,10.189121,-17.666965,105.02945,16.32252,30.064577,71.99954,13.121599,-22.517584,79.11383,20.863344,9.559769,123.71693,-29.719662,-4.4128895,129.46027,-31.96384,-14.3113,96.17148,-11.614152,-27.893122,100.02963,-43.510174,-16.45785,79.6361,-43.621113,-32.655888,80.69665,-83.40564
9.744281,115.03604,28.913223,14.078525,116.54871,31.05411,7.902381,118.03835,32.269382,19.390606,126.260704,27.58331,3.63625,127.81566,30.446278,24.357721,125.398254,13.332394,-4.571724,131.67966,18.763075,28.704407,98.45602,9.803659,-17.409224,106.58657,16.120388,29.082056,72.64596,12.918967,-22.427134,81.043335,21.370274,9.628193,123.47898,-29.463457,-4.0545716,129.60959,-32.46004,-16.159103,98.05721,-11.678842,-28.649517,100.24734,-43.786068,-21.30104,78.43748,-41.22983,-31.952106,80.74084,-83.95682
10.819006,115.655365,28.857393,15.040346,117.136345,31.23365,8.824896,118.67829,32.120903,20.284605,126.925644,27.327961,4.4821525,128.35272,30.178888,24.832254,125.573006,13.355696,-3.8342938,132.30226,18.502768,28.652672,98.60146,9.604212,-17.411974,107.74338,15.852221,29.439512,72.723526,11.7964525,-22.44443,82.61092,21.943804,9.291884,122.687035,-28.95368,-3.728399,129.21844,-32.019722,-18.594446,99.15896,-11.615114,-28.901428,100.33227,-44.08152,-24.442358,77.65137,-39.93195,-32.31,80.412735,-84.17196
11.673594,116.30815,29.43315,15.951969,118.07494,31.504953,9.746558,119.601204,32.463173,21.218464,127.44414,27.152523,5.4508657,129.08324,30.156397,25.424274,125.84846,13.213011,-3.3185875,133.09627,18.082588,28.775335,98.84747,9.023571,-17.193043,108.93607,15.958503,30.208845,72.85032,11.184858,-22.675575,84.024124,22.503883,8.731319,121.65389,-28.819086,-3.1532552,128.16733,-31.006422,-20.937662,99.28282,-13.088742,-28.493826,99.90606,-44.131996,-27.350525,76.13235,-40.039658,-34.05875,79.15276,-83.59071
12.40804,117.10712,29.417759,16.664003,118.82816,31.573923,10.447492,120.24454,32.598618,21.78024,128.27708,26.952984,6.065728,129.75815,30.43583,25.867733,125.85574,13.051841,-2.6759684,134.07387,18.33339,28.633602,98.85126,8.47139,-17.458803,110.16228,16.611622,31.496206,72.391815,10.795285,-23.558855,85.34486,23.051987,7.828914,121.2004,-28.34321,-3.1519086,127.36164,-30.634714,-21.723154,98.38524,-13.935556,-28.23713,99.055046,-44.11857,-29.036835,74.13649,-40.775185,-35.349308,78.15993,-83.48739
12.887641,117.75492,29.656103,17.255508,119.66312,31.369755,11.106284,120.90802,32.921795,22.159708,128.8842,26.658573,6.569203,130.37917,30.709867,26.069662,126.04355,12.685539,-2.1315446,134.86794,18.4452,28.849289,98.87762,7.8897543,-17.730022,111.569725,16.981808,32.20312,72.29825,9.955651,-25.307104,87.40427,23.364729,7.572354,120.49715,-28.113638,-4.136226,126.04033,-29.24231,-21.105776,97.06374,-14.112375,-28.611877,98.07327,-44.240818,-30.219572,73.109695,-40.836105,-35.43065,78.149216,-84.09353
13.493966,118.27602,30.347916,18.027403,120.19817,31.535904,12.075422,121.511925,33.698795,22.585222,129.4437,26.58369,7.1769385,130.98665,31.049244,25.914648,126.05583,12.547798,-1.8384624,135.48029,18.58411,29.45895,98.22261,7.1607056,-18.36744,112.86208,17.353683,33.140987,71.30454,8.423438,-26.694893,89.18902,24.122723,7.5500197,119.321304,-27.912632,-5.013262,124.85959,-28.450998,-21.975107,96.480995,-15.169124,-29.682919,96.80005,-43.884094,-31.187418,72.21467,-40.63831,-34.66406,78.693726,-85.35285
14.345788,119.01077,30.77289,18.8259,121.3245,31.257996,13.113671,122.32186,34.124393,23.378866,129.9231,26.369492,8.178601,131.72256,31.27147,25.91471,125.730225,11.856671,-1.3708446,135.994,18.452196,29.82962,97.90366,6.391109,-19.033707,114.11785,17.625586,33.47971,70.951126,7.441899,-28.091248,90.9672,24.770586,6.938817,117.98419,-27.668573,-5.583452,123.59342,-28.3159,-22.503109,95.468636,-14.420456,-30.953121,95.84974,-43.60206,-31.968967,71.41814,-40.2709,-34.501232,78.665955,-86.0564
15.433479,119.56162,30.933762,19.74556,122.22534,30.947117,14.180044,123.025696,34.127304,24.242346,130.3946,26.06103,9.149923,132.26549,31.174677,26.308273,125.61396,11.310901,-0.7529614,136.39145,18.169573,30.05422,97.9425,5.6806607,-19.30159,115.46683,17.497967,33.594387,71.067245,6.74785,-29.40245,92.789505,25.157953,6.0187964,116.49256,-27.256649,-6.397209,122.01421,-27.687119,-23.409071,94.26246,-13.456979,-31.751368,95.0137,-43.188705,-32.84657,70.68083,-40.07555,-34.86581,78.62627,-86.14379
16.388838,120.1149,31.092863,20.725433,122.705505,30.75404,15.280814,123.827156,34.05704,25.25404,130.77745,25.863014,10.228342,132.78078,31.189375,26.865137,125.54733,10.940524,-0.03266933,136.86253,17.934916,30.4975,97.85252,5.265298,-19.542025,116.73691,17.526846,33.852203,70.93883,6.2036552,-30.448706,94.69537,25.777187,5.567167,114.74887,-26.885206,-7.343681,120.79288,-27.284216,-25.025808,93.43807,-14.411257,-32.773743,93.68975,-42.418633,-33.666897,69.77445,-40.0035,-35.825943,78.450455,-85.601944
17.193357,120.54768,30.763401,21.66868,122.867615,30.28788,16.263279,124.537575,33.416172,26.336538,130.957,25.519377,11.318873,133.31128,30.769968,27.594004,125.55327,10.309454,0.75737447,137.10384,17.428442,31.05381,97.909424,4.4910345,-19.700624,117.98108,17.431341,34.27908,70.91415,5.554968,-31.423435,96.65488,26.445171,4.916717,112.966545,-26.372868,-8.326059,119.43763,-26.426273,-25.790981,91.57484,-14.500465,-33.636185,92.875275,-41.185013,-34.70215,69.40128,-39.98784,-37.802277,78.09521,-83.94475
18.00231,120.82994,30.308338,22.478249,123.15361,29.773783,17.056406,124.892136,32.828854,27.262053,131.09045,25.023745,12.325271,133.69858,30.355886,28.22427,125.59616,9.890993,1.65405,137.57639,17.086918,31.336802,98.144905,3.4984314,-19.81422,119.3972,17.21059,34.50298,71.068474,4.8379626,-32.3317,98.65737,26.840822,4.9058585,112.86679,-26.278374,-8.751732,118.294846,-25.576881,-25.87093,91.561935,-15.057866,-34.6704,91.350845,-39.44146,-36.99987,69.10636,-38.987514,-39.309395,78.228935,-82.314224
18.952246,121.13493,29.581234,23.439568,123.388,28.927229,18.106546,125.21875,32.101414,28.238157,131.50462,24.439125,13.241117,133.95639,29.659216,28.619637,125.74224,9.365585,2.269045,138.0281,16.533855,31.532518,98.03818,2.4637358,-20.011715,120.74368,16.929947,34.792717,70.9323,3.8754518,-33.421032,100.62329,26.972555,4.5305,112.99572,-26.818527,-9.3150425,117.55381,-25.151516,-25.665108,91.3358,-14.584685,-35.25651,90.357414,-37.292915,-40.101734,69.17096,-37.273853,-39.950905,79.09135,-79.72785
19.929905,121.15938,29.036383,24.380613,123.43733,28.244904,18.991596,125.39936,31.245094,29.23506,131.45667,23.794128,14.183771,133.99156,28.794916,29.29112,125.50869,8.4185705,2.6241899,138.37463,16.016777,31.621254,97.97939,1.8364681,-20.304176,122.125206,16.663748,34.847557,71.05422,2.80344,-34.03315,102.58011,27.461487,4.3371058,113.455124,-27.547838,-9.888679,117.60713,-25.179493,-24.727816,91.223785,-14.599696,-35.53636,89.59207,-34.875565,-43.922127,69.5445,-34.73531,-41.02987,79.70878,-77.37801
20.853073,121.02375,28.390629,25.206982,123.47783,27.630365,19.707985,125.22681,30.590744,30.546919,130.79646,22.843372,15.471335,133.92056,27.961605,30.112247,125.762924,7.0616994,3.297602,138.93153,15.563321,31.903711,97.907,1.0917449,-20.251883,123.5829,16.466263,35.010616,71.00673,1.8894836,-35.304276,105.09677,27.479483,3.2079377,112.82809,-27.87267,-9.983558,118.5869,-26.354696,-24.895592,90.78045,-13.187109,-35.976044,89.23289,-32.371605,-46.5688,70.11369,-32.195576,-42.338257,80.38362,-74.98705
21.8458,121.1395,27.395857,26.343988,123.367546,26.752192,21.038422,125.20862,29.95937,31.70332,130.84831,22.028095,16.580389,134.12976,26.972694,30.825823,125.56882,5.6176033,4.176363,139.20776,15.01882,32.245747,97.810844,0.19779085,-20.110102,125.08494,16.097967,35.310463,71.051384,0.84278613,-36.792206,108.13759,27.006826,2.8233345,112.42621,-27.777225,-10.137928,119.03665,-26.818886,-25.763428,91.11299,-12.28341,-36.523354,89.19402,-29.537125,-49.894764,70.43658,-29.070848,-43.671867,81.15266,-72.402504
22.457367,121.69252,26.174646,26.99059,123.88207,25.597761,21.696709,125.70458,28.84856,32.63748,130.8785,20.819826,17.576927,134.80495,25.75402,31.426695,125.380325,4.3193893,5.208605,139.57298,14.008353,32.61737,97.738525,-0.87636507,-19.725492,126.69801,15.569248,35.378902,70.97342,-0.44780508,-37.449158,111.048256,26.762178,2.0573127,112.474594,-28.294075,-10.873346,118.51679,-26.649479,-26.06355,90.95475,-10.904933,-37.37301,89.21312,-26.356527,-51.964592,70.85934,-25.16333,-44.59881,81.92525,-69.16147
23.009071,122.123924,25.551737,27.521221,124.27535,24.720882,22.21159,126.4335,27.704348,33.365288,130.9239,19.686893,18.480444,135.28,24.623234,32.057865,125.205284,3.0803096,6.207631,140.0381,12.762221,33.104206,97.65434,-2.1122022,-19.308481,128.36351,14.850629,35.5991,71.07449,-1.6639977,-37.101116,113.399315,26.863127,1.5080756,112.10142,-28.621593,-11.23285,118.4058,-27.29287,-26.546333,89.98216,-10.530928,-38.15487,89.722374,-23.461515,-54.966278,70.522095,-20.533844,-45.754562,82.44031,-65.62643
23.650858,122.73797,24.89187,28.105303,124.98238,24.015251,22.70622,127.100365,26.867027,33.885147,131.50792,18.676603,18.973837,135.76068,23.512959,32.48533,125.315475,1.9404901,7.1659203,140.55484,11.663986,33.332016,97.83369,-2.8868783,-18.65512,130.3561,14.262714,35.49833,71.58703,-2.5724854,-37.452885,116.60368,26.440996,0.54800963,111.2697,-28.279581,-11.400955,118.80129,-27.82206,-27.118303,89.65618,-9.96362,-38.55804,90.63407,-20.082163,-55.5008,69.59469,-19.323502,-47.664867,82.482,-61.34161
24.462955,123.388855,24.13132,28.895811,125.71553,23.351145,23.329971,127.81452,25.851841,34.720154,132.11084,17.896826,19.633438,136.29237,22.274033,32.84021,125.22926,1.008689,8.15188,141.02513,10.561082,33.412754,97.53306,-3.641831,-18.071604,132.34729,13.688785,35.906948,70.92202,-3.835169,-38.328472,120.70428,25.489038,0.00866671,110.71301,-27.814188,-12.045194,118.409065,-27.7644,-27.408392,89.1669,-9.129922,-39.086193,91.91849,-16.422276,-55.754368,69.28029,-19.0608,-50.668564,82.0672,-56.584175
24.769487,124.113785,23.35787,29.282524,126.32435,22.68638,23.60234,128.6845,24.6266,35.144596,132.51614,16.909445,19.995224,136.90138,20.888775,32.90804,124.78292,0.13587043,8.956916,141.56715,9.093344,33.42473,97.09212,-4.676762,-17.563723,134.5071,12.942467,35.703415,70.59255,-4.749566,-38.487663,124.43813,24.944077,-0.8481151,109.62395,-27.556074,-12.772815,117.89643,-28.14801,-27.32356,88.91799,-7.7932224,-39.37238,93.08221,-12.354175,-55.001076,69.00704,-18.880903,-52.41794,81.59769,-51.426113
24.862965,124.973076,22.693758,29.304482,127.23298,21.772926,23.592184,129.59541,23.63537,35.223778,132.99596,15.831835,20.097385,137.60997,19.69386,32.769756,124.66784,-0.9579967,9.483965,142.16231,7.945106,33.124397,97.020584,-5.6889553,-17.244194,136.66238,12.343332,35.18864,70.37449,-5.868775,-38.507515,127.941574,24.881102,-1.4395891,108.43623,-27.756948,-13.409806,117.4236,-28.453709,-26.86191,88.66788,-6.6012416,-39.368225,95.05676,-8.14444,-53.51938,68.769585,-19.192345,-53.296932,80.71725,-46.132877
24.696499,125.756134,21.84245,29.145544,127.96086,20.833364,23.44776,130.42418,22.599392,35.135567,133.44324,14.823895,20.045563,138.34229,18.547668,32.49372,124.8554,-2.3494701,9.501175,142.82272,6.8095284,32.400276,97.050446,-6.4293227,-17.252975,138.7447,11.962441,34.400578,70.2938,-6.72834,-38.82223,131.06934,24.890812,-2.2082627,107.4963,-28.422798,-14.24194,117.180084,-28.607311,-25.74644,88.54349,-5.016435,-38.955555,96.67297,-4.571969,-50.349003,68.605484,-19.472614,-53.690277,79.130066,-40.71129
24.405134,126.44476,20.747425,28.979416,128.49007,19.958908,23.251484,131.16483,21.260906,35.055756,133.98448,13.90167,19.942614,139.09311,17.109934,32.11447,124.78998,-3.449604,9.404304,143.44872,5.52971,31.89375,97.01863,-7.188785,-17.48307,140.55917,11.547943,33.601826,70.304436,-7.4944377,-39.151455,134.07811,24.739742,-2.1755443,106.84602,-28.895908,-15.403418,116.88038,-28.485764,-24.348978,88.19482,-3.4429693,-37.71985,98.277756,-1.1660011,-48.03105,68.8135,-19.682451,-54.33539,77.299614,-34.99032
24.122927,127.245964,19.750242,28.775053,129.09193,18.958172,23.165728,132.01244,20.219141,34.93214,134.40262,12.681436,20.275854,140.1191,16.052114,31.679752,124.86053,-4.3882403,9.271671,144.03525,4.3257375,31.44214,96.983215,-8.0961685,-17.492428,142.36371,10.770759,32.752556,70.23932,-8.356342,-39.090057,136.99588,24.588953,-2.6737058,106.44016,-29.070803,-16.63738,116.67424,-28.262032,-21.69451,87.80503,-1.7568427,-36.362022,100.18983,2.1888473,-46.118244,69.89134,-19.323496,-56.349472,76.310165,-30.281477
24.17512,128.0589,18.991844,28.829374,129.89188,18.206827,23.243847,132.81323,19.591219,35.010693,134.95735,11.541084,20.549816,140.94965,15.2504225,31.742876,124.90251,-5.1102786,9.453442,144.69131,3.6027694,31.284489,96.953125,-8.639318,-17.283466,143.7767,10.111091,32.418068,70.26085,-9.053636,-38.56151,139.73401,24.72745,-3.2432005,106.23034,-29.06425,-17.886229,116.55382,-27.597363,-19.657104,86.012436,-1.6321706,-36.216167,101.15285,3.8207645,-46.705486,70.851685,-17.945843,-57.154556,75.63385,-26.800611
24.394085,128.75107,18.269238,29.011404,130.70674,17.530443,23.354692,133.47638,18.949171,35.09752,135.54883,10.602849,20.674267,141.57704,14.391016,31.740953,124.83338,-5.2814894,9.5196085,144.92494,2.7716713,31.134724,96.830635,-9.348066,-17.105356,145.10411,9.633202,32.095253,70.158424,-9.643434,-37.867313,142.34491,25.060047,-4.003636,105.846405,-29.424202,-19.472435,116.79003,-27.107153,-18.385044,84.895584,-1.226623,-35.855354,102.26416,5.5411367,-47.226887,71.511734,-16.163591,-57.10648,75.39867,-24.554214
24.346098,129.52884,17.61545,28.923325,131.48016,16.666044,23.285936,134.26933,18.143074,34.93185,136.08167,9.603203,20.518183,142.20525,13.329072,31.596392,124.69566,-6.053297,9.405052,145.2363,1.6802406,30.779676,96.72509,-10.112667,-16.993742,146.38649,9.230572,31.514114,70.15441,-10.424406,-37.144855,144.79008,25.40993,-4.7197127,105.140205,-29.460785,-20.579052,116.395424,-26.734722,-16.343521,84.78216,-0.08004355,-36.030037,103.251656,6.8934803,-46.445427,72.17652,-12.44329,-57.04428,74.42724,-23.261856
24.422878,130.24692,16.749325,28.9642,132.2961,15.830104,23.230711,134.96564,17.1708,34.898167,136.63013,8.449803,20.452368,142.76575,12.050273,31.53458,124.80622,-7.579278,9.219939,145.76137,0.29398343,30.508116,96.73738,-10.862347,-16.946552,147.82854,8.474986,30.889046,70.10617,-11.163647,-36.155594,147.04407,25.752768,-4.3403597,104.41835,-28.779013,-20.095646,115.84902,-26.549406,-15.444241,84.17305,0.71544164,-36.036343,104.44303,7.8759866,-47.80185,71.908485,-6.7864084,-57.29942,74.4339,-21.64337
24.483282,130.99463,15.639435,29.087395,132.96146,14.846889,23.344461,135.72957,15.829145,35.08579,137.15416,7.3917127,20.622465,143.45306,10.688112,31.616127,124.96217,-8.644791,9.33106,146.0833,-1.142553,30.375286,96.84786,-11.670139,-16.41331,149.3194,8.044978,30.509712,70.22648,-11.85829,-34.809063,149.24092,26.172377,-4.601853,103.17957,-27.965265,-20.706799,115.534004,-26.408344,-15.620915,83.042274,1.3902858,-35.885895,105.78518,8.820701,-48.590282,71.2407,-1.88802,-57.82746,74.05345,-19.246235
24.173231,131.86325,14.605619,28.867048,133.64146,13.830221,23.261019,136.65593,14.899954,34.94592,137.50816,6.2693233,20.583155,144.20647,9.322075,31.361416,125.1,-9.366684,9.237984,146.29378,-2.2862082,30.010672,96.91266,-12.2018,-15.789005,150.31877,7.8188257,29.925049,70.2829,-12.511444,-33.550037,151.13615,26.462706,-4.831518,102.29406,-27.057154,-21.125692,115.08231,-26.153017,-16.140533,82.44189,2.2848628,-35.698444,106.580826,9.884483,-48.96835,71.11725,2.9732661,-56.261913,74.90273,-18.775028
23.74799,132.5809,13.672673,28.493393,134.14601,12.84169,23.048124,137.39803,14.077666,34.745518,137.90099,5.3861403,20.546515,145.00072,8.110309,30.849323,125.167145,-10.1015215,8.954604,146.33884,-3.4212182,29.505398,96.938416,-12.816478,-15.791936,150.87137,7.263625,29.293373,70.3153,-13.022716,-32.236176,152.76775,26.970026,-5.3309236,101.29888,-26.5251,-21.292984,114.182014,-25.591661,-16.28553,82.38543,4.059893,-35.635674,107.300095,11.194834,-49.184914,70.29992,6.6517944,-53.426098,75.88576,-18.749956
23.53212,133.15744,12.847832,28.257296,134.74474,11.905471,22.846014,137.98389,13.257935,34.404625,138.2847,4.294111,20.119785,145.33478,6.9850802,30.42355,124.959785,-10.879786,8.446766,146.28122,-4.701482,28.87575,96.736694,-13.617418,-15.937195,151.54395,6.74225,28.53015,69.98314,-13.554164,-30.473047,154.52853,27.874779,-5.9396596,100.01542,-25.703028,-21.203619,113.23148,-25.003614,-15.429916,82.51261,6.5858245,-35.586086,107.66783,12.290204,-47.94789,69.99953,8.51935,-52.91864,75.90759,-17.843344
23.004923,133.76494,11.949648,27.756886,135.34169,11.161479,22.318333,138.5778,12.424357,33.961266,138.71393,3.3055503,19.772738,145.95737,5.8856854,29.908781,124.92799,-11.570846,7.7040067,146.20201,-5.6143465,28.235853,96.751144,-14.33888,-16.017517,152.21405,6.6438456,27.613552,70.04229,-13.984663,-28.893303,155.81813,28.719936,-6.4761763,99.22436,-24.61728,-20.938587,111.82518,-24.249092,-14.405316,82.70857,8.925928,-35.832466,107.66304,13.229687,-47.430622,70.57341,9.303124,-50.282352,75.52013,-17.174135
22.536194,134.40077,11.265802,27.326498,135.8947,10.570771,21.91391,139.22052,11.760657,33.343075,139.13138,2.3480203,19.15095,146.37953,4.868769,29.339745,124.93289,-12.063239,6.879575,146.15874,-6.482106,27.359997,96.84741,-14.835113,-16.193771,152.83005,6.6272316,26.5109,70.217064,-14.232103,-27.43799,157.30257,29.514465,-6.721549,98.61289,-23.403103,-21.040342,110.74413,-23.275755,-14.512705,83.258286,10.816447,-37.20716,106.897316,14.055101,-46.860516,69.27668,9.371554,-44.386803,75.22164,-16.907402
22.440859,134.65637,10.237338,27.155872,136.453,9.767182,21.549265,139.3792,11.063687,33.13175,139.94498,1.3367555,18.711967,146.59506,3.9435046,28.912888,125.12148,-12.561808,6.233824,145.89444,-7.069526,26.778048,97.070526,-15.2692995,-16.282099,153.00247,6.500152,25.068409,70.65764,-14.320697,-25.532276,158.5583,30.075808,-6.386863,97.85829,-22.080538,-21.148724,109.560524,-22.204245,-14.791101,83.1403,12.70241,-39.491116,106.463615,14.356799,-47.269966,69.47764,9.395258,-39.080734,74.563675,-15.872784
22.166666,135.1848,9.599607,26.884394,136.96017,9.118136,21.28479,139.90503,10.431802,32.78865,140.31146,0.46816835,18.384623,146.98184,3.00956,28.713808,124.85312,-13.049156,5.8124437,145.7194,-7.724655,26.443144,96.97521,-15.683545,-16.21593,153.09871,6.467444,24.344217,70.69777,-14.720585,-23.437365,159.36447,30.648714,-6.268449,97.19634,-20.976849,-20.956276,108.41479,-21.653337,-15.493721,83.42299,14.268199,-40.893925,106.38676,14.377641,-48.682106,70.77796,8.663944,-34.87496,74.31142,-13.245087
21.928473,135.75371,8.892771,26.663519,137.42659,8.245143,21.10932,140.53258,9.379409,32.421967,140.53871,-0.3992672,18.057928,147.37875,1.9665475,28.49482,124.819405,-13.533964,5.5026393,145.52457,-8.399365,26.036327,97.01499,-16.068121,-15.961963,153.0925,6.528799,23.799099,70.63229,-15.149581,-21.349482,160.00693,31.023214,-5.6742883,96.63846,-19.876356,-20.74696,107.46034,-21.638964,-16.155966,84.4782,15.431097,-42.04702,106.71109,13.945755,-49.16205,70.47675,11.495134,-32.916363,73.68881,-11.84225
21.684258,136.33937,8.009894,26.402018,138.06857,7.3898015,20.770308,141.10901,8.348922,32.15002,141.13736,-1.4178776,17.625137,147.65881,0.7044333,28.1272,124.99704,-14.094176,5.0691285,145.17976,-9.208197,25.836744,97.04301,-16.468065,-15.645268,153.12817,6.6093087,23.412088,70.69013,-15.7170515,-18.699696,160.41191,31.276007,-5.1119003,96.05762,-19.214142,-20.877272,106.39695,-21.772114,-16.458038,85.626076,16.425995,-43.134964,107.00582,13.357989,-48.913815,69.98113,16.23024,-32.235943,73.36083,-10.460968
21.430653,136.87727,7.2081804,26.112099,138.73213,6.6701174,20.392147,141.63013,7.4753895,31.94713,141.7366,-2.2037654,17.260555,147.91525,-0.41117766,28.03503,124.68494,-14.412788,4.670592,145.04878,-10.0302725,25.58173,96.96754,-16.826242,-15.57806,153.27138,6.6239448,22.996532,70.79849,-16.229689,-15.720126,160.917,31.28309,-4.7673335,95.332855,-18.75776,-20.280998,105.96561,-21.665422,-16.828293,87.20177,17.215504,-43.983078,107.41538,12.537425,-49.470116,70.9014,20.790993,-31.798462,72.913635,-9.267527
21.414547,137.35213,6.375629,26.052414,139.32097,5.8851213,20.238916,142.07324,6.503426,31.786278,142.35622,-3.0287764,16.958279,148.24858,-1.3687199,28.122225,124.570435,-14.621245,4.365346,145.01135,-10.861235,25.719341,96.86953,-17.3189,-15.303264,153.27032,6.751573,22.906353,70.783875,-16.808283,-12.377229,161.85939,31.02982,-4.267697,94.88095,-18.39396,-19.695213,105.495895,-21.551435,-18.539751,87.9184,17.933462,-45.003418,107.778534,11.538826,-50.54305,71.772446,25.900005,-31.834078,72.49385,-7.9653068
20.899454,137.93443,5.610685,25.537916,139.90408,5.0992527,19.723492,142.66197,5.602915,31.333435,142.45345,-3.9050736,16.56585,148.53545,-2.5878508,28.073458,124.663345,-15.12466,4.240537,145.10553,-12.038428,25.597977,96.97483,-17.88177,-14.58139,153.22,6.749226,22.833004,70.87114,-17.48181,-9.16701,162.32254,30.585155,-3.8495555,95.14536,-17.942997,-19.616304,105.331985,-21.363855,-19.126066,89.43406,18.584942,-46.231705,108.2047,10.679055,-49.588417,72.81171,31.030746,-32.644676,72.45867,-5.615534
20.538504,138.41008,4.8553147,25.158083,140.41563,4.2564335,19.28559,143.09607,4.426155,30.941717,142.79251,-4.724171,16.06772,148.67729,-3.70045,27.808294,124.73699,-15.270364,3.756377,145.15944,-13.019441,25.236897,96.95262,-18.178469,-13.875718,152.73116,6.9330444,22.611969,70.78182,-17.864746,-6.2204437,162.39621,30.038134,-3.7696526,95.77106,-17.12892,-20.055586,105.07426,-21.101885,-19.528963,91.70244,19.366629,-47.373085,108.453804,9.906203,-47.62822,74.44021,35.571228,-32.95348,72.55881,-4.364699
19.886688,138.7932,3.9035177,24.466038,140.92569,3.478087,18.524946,143.45676,3.5269718,30.514727,143.2843,-5.430974,15.629315,149.1405,-4.6136994,27.181541,124.71782,-15.309197,3.2001362,145.29756,-13.966944,24.709213,96.8834,-18.33828,-13.185274,152.40512,7.298975,22.436855,70.34858,-18.383696,-3.5370226,162.00154,29.411627,-3.885006,96.40175,-16.06977,-20.159458,105.12317,-20.807411,-19.739376,94.349,20.437616,-48.098114,108.277916,9.130295,-45.148136,75.86245,39.34185,-32.79707,72.53791,-3.608969
19.292326,139.34273,3.2592232,23.882921,141.47061,2.9501734,17.944319,143.99484,2.7131033,29.828918,143.55725,-6.2421365,15.014656,149.60072,-5.3189197,26.585014,124.91418,-15.569151,2.6215818,145.54793,-14.928384,24.32163,96.890945,-18.476109,-12.270651,152.05667,7.6053457,21.963324,70.213425,-18.879498,-0.60587984,161.7677,28.508091,-4.1078744,97.331665,-14.317467,-20.172918,105.46236,-20.277838,-19.8852,97.11193,21.965017,-49.385723,108.19237,8.234463,-42.620415,76.952614,42.096,-32.406025,72.500175,-3.3219156
18.76562,139.79521,2.8648942,23.285288,142.07582,2.5940237,17.258533,144.37666,2.1744897,29.146244,143.8055,-6.9111876,14.296013,149.6934,-6.049592,25.978285,124.97619,-15.666231,2.1336946,145.43996,-15.83507,23.787752,96.89601,-18.38861,-11.07689,151.3982,7.774863,21.398193,70.309074,-19.05185,2.1512115,161.06706,27.632761,-4.446452,98.20306,-12.892195,-20.25441,105.66603,-19.552149,-19.472319,100.339874,23.39393,-50.81471,108.452385,7.4184027,-39.339226,77.343414,43.693146,-32.796825,72.6569,-3.1996264
18.295149,140.30128,2.4948487,22.766512,142.6573,2.0889583,16.69828,144.80699,1.5625507,28.560486,144.15494,-7.459151,13.656332,150.01994,-6.538168,25.208418,124.94815,-15.685758,1.5234094,145.48236,-16.371014,23.340147,96.74579,-18.130913,-9.904762,150.87607,8.385857,20.799334,70.159904,-19.120646,4.970447,160.8804,26.783579,-4.62849,99.17434,-11.433183,-20.853262,105.3971,-18.604286,-18.964214,103.89494,24.60843,-52.50101,108.330315,6.9992185,-35.57775,77.67339,43.825344,-33.389023,72.90358,-3.4056706
17.672497,140.79364,2.3267896,22.132187,143.1578,1.8429704,16.058556,145.27933,1.317032,27.987984,144.2371,-7.742634,13.168701,150.37387,-6.891848,24.649828,124.85505,-15.686721,1.2226481,145.40918,-16.592577,22.863949,96.65729,-18.020134,-8.653112,150.4951,8.912566,20.430191,70.07057,-19.148628,7.646544,160.51273,26.018686,-5.1210113,99.80542,-10.014426,-21.646349,104.92423,-17.561121,-18.499691,106.979866,25.798698,-53.992725,107.90878,6.995226,-32.20083,77.66615,42.633892,-33.719368,73.07278,-4.187771
17.34852,141.36899,2.300395,21.76373,143.72069,1.5119662,15.669514,145.82994,1.2628007,27.62061,144.46915,-7.97371,12.820977,150.65157,-7.0921106,24.176085,124.74118,-15.48641,0.74423283,145.36185,-16.777208,22.012693,96.53672,-17.962246,-7.3550906,150.06683,9.531348,20.007544,69.92718,-19.045538,10.187923,160.17813,25.31643,-5.5686827,100.36714,-8.520608,-22.273375,104.79158,-16.332582,-18.949366,110.80332,26.8968,-55.290432,107.43301,7.4082327,-28.846636,78.04489,40.59947,-34.06825,73.0832,-5.6370254
17.234428,141.8193,2.2822993,21.60802,144.15848,1.2399815,15.488495,146.22633,1.1459302,27.190882,144.46234,-8.361157,12.499306,150.9389,-7.2136793,23.874174,124.69153,-15.3690405,0.3218842,145.20721,-17.015106,21.330359,96.58996,-17.821072,-6.276437,149.79996,9.793523,19.595388,69.95185,-18.92559,12.2824545,159.7518,24.35527,-6.125484,100.749916,-6.8094454,-22.74939,104.80136,-14.640472,-19.306393,113.375694,27.937916,-56.798466,106.692825,7.699535,-25.548132,78.22139,37.759766,-34.621094,73.91382,-6.058656
16.924067,142.21178,2.3119614,21.27305,144.54121,1.1610225,15.157957,146.60367,1.139195,26.753355,144.44208,-8.566854,12.1169815,151.01425,-7.435925,23.464268,124.75031,-15.332717,-0.013340925,145.05,-17.256697,20.92548,96.62368,-17.417675,-5.4981585,149.48581,9.863287,19.109335,70.06439,-18.63802,14.003674,159.46011,23.145437,-6.6138096,101.10763,-5.3730073,-23.344221,104.90461,-12.844772,-19.710403,115.17492,28.988132,-58.238743,106.031586,8.032259,-21.962032,78.51219,34.210495,-34.347454,74.7637,-5.986125
16.678549,142.39105,2.2963452,21.049685,144.69153,1.1832502,14.941822,146.78346,1.0870532,26.566803,144.45747,-8.61563,11.915005,150.8354,-7.74316,23.09722,124.73235,-15.2049055,-0.2815339,144.97826,-17.345814,20.50685,96.59436,-16.862331,-4.720127,149.23567,10.005058,18.680412,70.03412,-18.221634,15.569692,159.08163,22.165407,-7.03002,101.26238,-4.2581706,-23.87548,104.97648,-10.821819,-20.27828,116.07116,30.154453,-59.5771,105.3508,8.628052,-18.866106,79.10749,29.704535,-34.377388,75.25952,-6.150689
16.447912,142.62198,2.0381866,20.839273,144.8853,0.9241287,14.758711,147.02681,0.81485057,26.185558,144.4918,-9.027219,11.54182,150.80005,-8.139999,22.714464,124.81347,-15.218156,-0.7001518,144.76419,-17.67121,20.064722,96.56755,-16.453506,-4.158405,149.07335,9.792078,18.275349,69.99082,-17.98423,16.68019,158.70488,21.149311,-7.5573525,101.23928,-2.5757315,-24.42184,105.39896,-9.127411,-20.984938,115.86107,31.514605,-60.581425,104.93799,9.412189,-14.625391,79.22749,26.081917,-34.478493,75.2305,-5.529803
16.278214,142.74905,1.7433476,20.656816,145.0149,0.59193486,14.582847,147.18498,0.6444165,25.903042,144.43958,-9.438575,11.280613,150.78625,-8.508379,22.362501,124.730415,-15.017831,-1.1294918,144.63274,-17.961824,19.625755,96.57,-16.023027,-3.6279147,149.17667,9.466912,17.908524,70.00587,-17.684603,18.085382,158.47502,19.751396,-7.709531,101.28074,-1.4890331,-25.048447,105.50754,-7.739531,-21.412836,114.680954,33.039787,-61.438885,104.84889,10.2923355,-11.232651,80.27832,22.303362,-35.083935,75.4149,-3.97069
16.101461,142.90996,1.5327313,20.465302,145.19472,0.3543746,14.386663,147.33995,0.44188735,25.609613,144.52193,-9.736779,10.95975,150.82005,-8.738578,22.085133,124.619934,-14.826274,-1.5519084,144.4799,-18.227802,19.343678,96.494156,-15.693825,-2.9191923,149.38466,9.172078,17.653683,70.05017,-17.455416,19.443277,158.36101,18.491121,-7.9912753,101.13327,-0.3451031,-25.653793,105.79914,-6.703151,-21.669092,112.63054,34.847725,-61.867123,104.65679,11.517138,-8.666052,81.12622,19.135658,-35.73012,75.5227,-3.7657845
15.918275,143.15707,1.3476464,20.231892,145.43404,-0.025970839,14.139951,147.53719,0.1653833,25.306131,144.66884,-10.037446,10.59394,150.92471,-8.918776,21.853182,124.57144,-14.627457,-1.8529571,144.3703,-18.464447,19.007793,96.45267,-15.490042,-1.8090985,150.26118,8.831264,17.088642,70.05428,-17.302366,21.156042,158.81049,17.135876,-8.270537,101.46937,1.215996,-26.367626,105.72051,-5.873601,-21.48136,109.781944,36.85888,-61.93405,104.4178,13.08944,-7.1881976,81.250626,16.791498,-36.392017,75.40259,-4.695878
16.01495,143.36433,1.0844264,20.229038,145.70967,-0.4573388,14.08508,147.66263,-0.169846,25.164648,144.94334,-10.549572,10.415267,151.05481,-9.11463,21.669237,124.53291,-14.652747,-1.9936182,144.35973,-18.768745,18.788414,96.40774,-15.508096,-1.340701,150.55466,8.426723,16.729456,70.07709,-17.037724,21.91853,158.92787,16.019316,-8.547903,101.36094,2.5399802,-26.984245,105.639275,-5.1187096,-20.624786,106.77478,38.705074,-61.963524,104.30642,14.633032,-6.633936,80.62775,15.068448,-36.925907,75.55163,-5.0995903
15.884664,143.45033,0.7946275,20.075212,145.75351,-0.8661647,13.937717,147.73259,-0.4773794,25.030941,144.85385,-10.905303,10.378689,151.14322,-9.454863,21.648273,124.45134,-14.902466,-1.6297587,144.69911,-19.044277,18.686539,96.46171,-15.658273,-1.3043516,150.67395,8.043731,16.156769,70.455284,-16.709309,22.245304,158.90604,14.595521,-8.591317,100.931984,3.7672799,-27.185366,105.52891,-4.3878765,-20.380787,103.22301,40.1997,-61.710274,103.866714,16.108957,-6.139953,79.70821,13.978668,-37.102303,75.465805,-5.082575
15.884815,143.73184,0.49417877,20.09268,145.95633,-1.2346056,14.004753,148.04213,-0.7953082,25.076262,145.11316,-11.195937,10.252436,151.12045,-9.898834,21.579348,124.43424,-15.147944,-2.42325,144.13747,-19.199274,18.55385,96.41326,-15.6838455,-1.4014776,150.72975,7.651858,16.416084,70.088486,-16.68523,22.641994,158.97417,13.137445,-8.673783,100.66894,4.6493654,-27.42562,105.50533,-3.4210851,-20.107235,99.351715,41.407993,-61.49572,103.24097,17.729359,-5.7528296,78.53149,13.083061,-37.22231,75.49895,-4.8911977
15.839921,144.08427,0.22561167,20.013613,146.37514,-1.5016332,13.916888,148.41142,-0.95513517,24.926151,145.29091,-11.570201,10.150124,151.2942,-10.217359,21.412779,124.42247,-15.471342,-2.6669729,143.96193,-19.235615,18.263899,96.421524,-15.970352,-1.478705,151.08604,7.4650145,16.425694,70.08362,-16.584715,22.913324,158.71162,11.635823,-8.623021,99.91119,5.513764,-27.659822,105.52731,-2.3327246,-19.885015,95.28514,42.050877,-61.239937,102.81321,19.240646,-5.031228,77.437675,12.11167,-37.27769,75.42756,-4.404332
15.733821,144.10861,-0.09484126,19.840113,146.4447,-1.9149333,13.715696,148.38661,-1.2755408,24.719473,145.32956,-11.973013,9.859247,151.20396,-10.53497,20.962366,124.22677,-15.932091,-2.3589766,144.30428,-19.220617,18.157547,96.428635,-16.078035,-1.584798,151.23697,7.4567337,16.299326,70.16438,-16.583601,22.83548,159.55614,11.072682,-8.524442,99.04863,5.853026,-27.453424,104.98565,-0.9057146,-19.678469,91.60294,42.25514,-60.970837,102.42897,20.529182,-4.348383,77.5955,11.139245,-37.203743,75.30555,-3.7926528
15.591027,144.31918,-0.4125729,19.661419,146.71371,-2.2524433,13.519815,148.56956,-1.6019627,24.488798,145.41483,-12.318834,9.613148,151.247,-10.905302,20.843273,124.0796,-16.314697,-2.5297422,144.09521,-19.081694,18.06296,96.39369,-16.1869,-1.5379732,151.48259,7.527507,16.165775,70.14581,-16.502066,23.005854,159.6229,9.982913,-8.776996,98.56459,6.125959,-27.164274,104.60256,0.3175819,-19.267424,87.87993,42.150944,-60.471474,101.815155,22.127054,-3.7485201,76.811676,9.775238,-37.455666,74.92053,-2.4307263
15.390675,144.62064,-0.7254361,19.462185,146.94902,-2.6422727,13.372567,148.92528,-1.8283769,24.25756,145.43127,-12.641867,9.431293,151.39156,-11.303772,20.709352,124.05165,-16.524124,-3.4720206,143.61177,-18.86539,18.007835,96.30116,-16.285816,-1.5148991,151.7571,7.4469004,16.070602,70.049065,-16.645672,22.797953,160.65591,10.071037,-8.4888735,98.38403,6.7556744,-26.968672,104.12055,0.96696943,-18.645426,84.658775,41.881046,-59.748077,101.056625,23.712421,-3.094961,76.92921,8.801216,-37.567093,74.70629,-2.172538
15.309117,144.93042,-0.8548573,19.261917,147.29631,-2.965308,13.109986,149.07596,-2.1719973,24.122503,145.7484,-12.838934,9.201668,151.54694,-11.469827,20.683905,124.36612,-16.444332,-3.8913567,143.42557,-18.553474,18.007767,96.418045,-16.357311,-1.7974452,152.07338,7.5609493,16.089632,70.05638,-16.70503,22.518639,160.93098,9.659221,-8.481687,97.55015,7.1257615,-27.06489,103.51756,1.4629846,-17.956661,81.92546,41.63343,-58.825226,100.175156,25.478497,-2.4494376,76.09445,7.9368553,-37.83843,74.735634,-2.4966285
15.259579,145.3271,-1.0986816,19.23124,147.51645,-3.3505633,13.14361,149.49182,-2.4890537,24.102766,145.96574,-13.106765,9.156387,151.67647,-11.865485,20.394794,124.19812,-16.929272,-4.1085534,143.41109,-18.296316,17.891638,96.42695,-16.704174,-2.3146505,152.81381,7.600577,16.06005,70.132256,-16.89789,21.405396,162.5488,10.419818,-8.493714,96.91464,7.211192,-27.14462,103.0912,1.7155367,-17.028883,79.83607,41.352577,-57.98481,99.147705,27.142096,-1.7666527,76.06074,7.3580856,-37.803574,74.56572,-2.0616822
15.184662,145.88202,-1.2371092,19.171873,147.91283,-3.6067562,13.130899,150.0186,-2.8200734,23.85573,146.01334,-13.375927,8.963902,151.7869,-12.163161,20.189566,124.20993,-17.194271,-4.535443,143.36812,-17.938892,17.65617,96.42957,-17.060446,-2.7396638,153.6179,7.758838,15.964927,70.07358,-17.044453,21.30154,162.80803,10.321552,-8.647109,96.1443,7.197812,-27.148592,102.82735,2.3406553,-16.020643,78.41494,41.11109,-57.125893,97.816986,28.908445,-1.3331699,74.91485,6.577126,-37.868755,74.67903,-1.7744324
15.347513,145.9799,-1.5276439,19.285967,148.06506,-3.9326828,13.210344,150.08382,-3.088361,23.682888,146.10973,-13.858842,8.795513,151.93457,-12.327595,20.086748,124.48954,-17.506807,-4.9153633,143.47998,-17.464539,17.589025,96.46873,-17.748604,-3.39721,154.52837,7.894311,15.952724,70.08672,-17.278765,20.5244,163.95969,11.024927,-8.58772,95.28667,6.7907414,-27.341373,102.60719,2.7921906,-15.11502,77.56839,40.966904,-56.16819,97.24774,30.664246,-0.90524465,74.2349,6.16069,-38.045006,75.03521,-1.5601697
15.283395,146.37546,-1.8260527,19.28164,148.29553,-4.268162,13.216754,150.4247,-3.6041915,23.578821,146.16211,-14.226866,8.606225,151.83958,-12.761954,19.845896,124.363525,-18.33494,-5.054978,143.44916,-17.039864,17.488228,96.27654,-18.709404,-3.8884337,155.55566,8.141045,15.960599,69.98107,-17.602089,19.43482,165.8631,13.026124,-8.589271,94.63234,6.500183,-27.806795,102.08288,2.299177,-14.124353,77.4588,41.050003,-54.649956,96.908226,32.441673,-0.3660407,74.71972,6.1043878,-38.216553,75.53403,-1.1890734
15.394346,146.60443,-2.0492,19.398586,148.51111,-4.4921374,13.320496,150.61284,-3.9235034,23.472734,146.2141,-14.584926,8.509006,151.86269,-12.955117,19.774855,124.25382,-19.335773,-5.098306,143.58673,-16.189594,17.335348,96.137856,-19.689508,-4.71885,156.1867,8.610773,16.111397,69.87789,-17.984364,17.859344,167.20851,14.898462,-8.488567,94.102104,6.086707,-27.965553,102.082726,1.6383541,-12.854592,77.695694,41.35122,-53.88114,97.98896,33.14799,0.22630334,75.12834,6.0592446,-38.395405,75.98828,-0.58862823
15.453856,146.69702,-2.402956,19.432167,148.71281,-4.803165,13.319874,150.71964,-4.1906238,23.472776,146.38371,-14.997075,8.400239,151.72546,-13.3081,19.722912,123.984276,-20.743711,-4.7553883,143.2863,-15.220425,17.120703,95.96988,-20.962793,-5.9428053,156.42941,9.068053,16.31951,69.838715,-18.27211,15.660865,168.3577,16.933256,-8.684456,93.52889,4.895985,-27.808928,102.33654,1.8596449,-11.71119,78.07411,41.301052,-52.042664,98.8555,34.7111,0.7256489,75.47505,5.8583403,-38.68312,76.64344,0.27352712
15.647819,146.83867,-2.7701788,19.657698,148.8014,-5.150318,13.544712,150.85068,-4.606349,23.624851,146.64755,-15.335931,8.408691,151.65573,-13.692551,19.652075,123.828926,-21.96229,-4.5137887,143.203,-14.79432,17.08727,95.831764,-22.149637,-7.355112,156.1307,9.463588,16.461458,69.85669,-18.538956,12.732391,168.86404,19.368044,-8.400046,93.13827,4.2487516,-27.268822,102.650604,1.9308797,-10.492721,78.37542,41.45173,-50.67796,100.49548,35.61319,1.0969893,75.51812,5.8064137,-39.205505,77.58169,1.1179317
15.857369,147.1472,-3.1866252,19.887264,148.95908,-5.6555676,13.845387,151.17105,-5.0998507,23.781715,146.93628,-15.818284,8.5462675,151.7459,-14.142371,19.538015,124.01638,-23.045912,-4.423955,143.08212,-14.620799,16.977482,95.88001,-23.40276,-8.915599,155.42854,9.74613,16.352364,70.25671,-18.70126,9.110263,169.0982,21.914932,-7.7665243,92.82866,3.7725253,-26.554636,103.208046,2.3570764,-9.352851,78.57919,41.322563,-48.557938,101.85413,36.929607,1.5252317,75.63527,5.5519733,-39.849857,78.44601,2.0786214
16.00081,147.30318,-3.5656185,19.964544,149.25342,-6.043079,13.85071,151.25815,-5.471044,23.898546,147.18921,-16.199911,8.566351,151.74344,-14.498911,19.616697,123.87112,-23.960493,-4.2914987,143.0844,-14.50394,17.043797,95.68403,-24.141275,-10.615445,154.18663,9.97489,17.196405,69.809425,-19.251078,4.696114,168.75725,24.468777,-7.2131705,92.7155,3.445391,-25.9472,103.489944,2.0706134,-8.012306,78.68115,41.198517,-45.756596,103.234795,38.169422,1.8898892,75.65733,5.198719,-40.88765,79.09561,3.1090207
16.044184,147.60829,-3.95996,20.04473,149.54523,-6.384528,13.920387,151.54971,-5.9159946,23.990374,147.50455,-16.546286,8.651835,151.93578,-14.971533,19.583344,124.14104,-24.440472,-4.424995,143.12326,-14.580919,17.292137,95.89263,-24.72947,-12.461251,152.64856,10.134449,17.671566,69.93135,-19.563038,-0.21986142,167.81276,26.765182,-6.457519,92.81916,2.9565587,-25.026567,103.854744,1.7593063,-6.3655477,78.52588,40.792774,-42.39641,104.27943,39.491337,2.2292004,75.598045,4.595896,-42.075607,79.380585,4.5966935
16.15016,147.74323,-4.2706146,20.138517,149.75433,-6.659539,13.955489,151.60056,-6.3154984,24.068192,147.75066,-16.851831,8.640083,151.98154,-15.255856,19.84024,124.4594,-25.057964,-4.38267,143.09448,-14.590541,17.835049,96.196625,-24.976633,-14.188209,150.576,10.121307,18.061226,70.517044,-19.461172,-5.402646,165.78348,28.820972,-5.7302747,92.94966,2.0478787,-23.895845,103.996185,1.3876059,-4.6873927,78.57282,40.291847,-39.578156,105.93308,39.936447,2.6437569,75.16701,3.973983,-43.467518,79.18525,6.8596077
16.175394,147.92435,-4.5387096,20.076595,149.95863,-7.0519414,13.828468,151.60057,-6.7300677,23.953861,148.06653,-17.232561,8.41362,151.89627,-15.470655,19.922596,124.73981,-25.631205,-4.4445367,143.00414,-14.528986,18.625345,96.53694,-24.820978,-16.334211,148.00476,9.965028,19.714775,70.45295,-19.658562,-10.785424,162.88095,30.245537,-4.5827723,92.91943,1.2600582,-22.608704,103.982765,1.042852,-2.8538702,78.56013,39.741947,-36.470123,107.00185,40.32602,2.816181,74.35377,3.355098,-45.447193,78.41262,9.727122
16.207008,148.23445,-4.7580013,19.999395,150.25873,-7.442171,13.736608,151.79778,-6.9934316,23.760036,148.33434,-17.563755,8.159918,151.93253,-15.591248,20.26515,125.33149,-25.999779,-4.952472,142.99966,-14.621884,19.648792,96.90722,-24.413332,-18.898352,144.91983,9.200264,21.127296,70.659035,-19.515265,-15.847616,159.2119,31.015818,-3.2429705,92.99084,0.905782,-21.47124,103.95809,0.72658294,-0.79836756,78.43284,39.083954,-33.272015,107.44166,40.40224,3.5750613,74.01773,2.6940804,-47.99623,77.24036,12.870145
16.205105,148.6954,-4.970522,19.888414,150.86499,-7.686697,13.592286,152.22021,-7.1137767,23.449917,148.8887,-17.981041,7.874163,152.09657,-15.652088,20.381927,125.481606,-26.420734,-5.4453034,142.804,-14.810164,20.822504,97.2207,-24.032503,-20.851648,141.72264,8.191667,22.711458,71.0932,-18.99286,-21.406242,153.95248,31.433193,-2.1070285,92.746826,-0.124715395,-20.253746,103.62708,0.21661201,1.3030119,78.65781,38.41935,-29.905462,107.515396,40.405125,3.8372133,73.436195,2.1520388,-50.09657,76.63009,16.967121
15.909147,149.26575,-5.2599072,19.49926,151.53053,-8.030476,13.143551,152.57214,-7.554258,22.80095,149.39383,-18.442755,7.161035,152.15038,-15.763866,20.746649,126.46072,-26.715502,-6.0484867,142.5606,-15.159021,21.747253,98.040695,-23.60216,-22.086912,138.72563,7.019744,24.435688,71.90266,-18.400167,-26.654966,148.08339,31.106657,-0.7624077,92.297035,-0.89022523,-19.143677,103.50265,-0.38597277,3.2731566,79.178116,37.79922,-26.751886,107.00565,40.089516,4.6273746,73.585106,1.5779421,-51.89573,76.257065,22.611229
15.455662,149.6893,-5.5476937,18.895372,152.02364,-8.441015,12.527326,152.88873,-7.787242,22.06136,149.89964,-18.881271,6.428488,152.19817,-15.943045,21.008171,127.11047,-27.072023,-6.752127,142.05228,-15.588854,23.015982,98.85076,-23.043592,-22.890383,135.5936,5.8169127,26.50565,72.997444,-17.238287,-31.589651,141.28903,29.958319,0.7664169,93.243126,-1.7158039,-18.378416,102.750854,-1.5775888,4.716376,80.29331,37.04192,-23.758772,106.17274,39.238438,4.6868057,73.39633,0.9253386,-52.698257,76.21098,29.855484
14.526734,150.03342,-5.89029,17.844072,152.51253,-8.820445,11.475577,153.19878,-8.011151,21.132563,150.33994,-19.251814,5.4071765,152.20845,-16.24149,20.972548,127.833305,-27.523472,-7.366731,141.47127,-16.02543,24.384445,99.94319,-22.432682,-24.130785,132.50055,4.054362,29.068396,74.636765,-15.533792,-36.039185,133.66278,27.72753,2.0185819,93.35109,-2.8770432,-17.295773,102.43297,-2.6930764,6.345331,81.276474,36.061924,-21.24908,105.19003,38.084465,5.174876,73.11672,0.66856104,-52.268745,76.712265,38.703842
13.438483,150.21387,-6.049855,16.588934,152.75081,-9.102757,10.271479,153.44388,-7.8875074,19.919098,150.72113,-19.465832,4.1680303,152.30205,-16.297752,20.678389,128.43837,-27.84052,-8.031117,140.81613,-16.27487,25.666294,100.96502,-21.145678,-25.292006,129.20538,1.7954307,31.976625,76.44741,-12.972227,-39.10089,125.29054,23.958979,3.1352,92.798485,-3.5895483,-16.660192,101.434616,-3.9500203,7.824367,82.16523,35.168686,-19.384531,103.46414,36.768337,5.1676054,72.56615,-0.030953065,-50.365772,77.11647,46.916092
12.184251,150.30362,-6.005731,15.230563,152.91106,-9.109979,8.890714,153.32951,-7.9537044,18.496893,151.08095,-19.471754,2.7483268,152.185,-16.14162,20.41591,129.18768,-27.770678,-8.9646015,140.0301,-16.310919,26.82775,102.21696,-19.871704,-26.364511,125.842186,-0.6676643,34.893284,78.911606,-9.767533,-41.066742,116.70194,18.956934,3.71631,92.526825,-4.619827,-15.868308,100.27907,-4.4157495,9.212665,83.25017,34.18612,-18.229607,101.39616,35.65883,5.3972797,72.66773,-0.46986344,-47.520176,78.19085,53.77484
10.686096,150.44943,-5.7786403,13.648978,153.09839,-8.92729,7.2981443,153.33519,-7.791344,16.951216,151.23999,-19.299955,1.1787012,152.0912,-15.844445,20.047474,130.05602,-27.478771,-10.320248,139.20108,-16.034468,27.892176,103.77962,-18.373068,-27.125551,121.844246,-3.0150554,37.390778,82.40982,-5.8858733,-42.031765,107.880104,13.20107,4.6001606,92.35195,-5.9960427,-15.231233,99.37117,-5.1552734,10.424409,84.2116,33.017796,-17.429962,98.962,34.547615,5.442468,72.71284,-1.188216,-43.421844,79.34066,60.001965
9.092975,150.42284,-5.4897265,11.983259,153.20924,-8.581583,5.6363487,153.28506,-7.422998,15.151544,151.559,-19.061272,-0.561942,151.91277,-15.430847,19.493933,130.78188,-26.649286,-11.842963,137.96754,-15.723575,28.507748,105.56645,-16.64061,-27.451649,117.45287,-5.6200976,38.918674,87.416824,-1.4257841,-42.35626,99.34066,6.335034,5.673947,92.832115,-7.4928575,-14.871973,98.69161,-6.1726265,11.42653,85.25282,31.98189,-16.885487,96.64527,33.74152,6.1811614,72.39569,-1.6305839,-38.095844,80.2429,65.28341
7.2477956,150.20706,-5.233159,9.981798,153.20049,-8.278195,3.6451797,152.94733,-7.0756392,12.987072,151.74722,-18.881708,-2.6630692,151.42073,-14.963875,18.502861,131.5846,-26.060873,-13.749513,136.59183,-15.700473,29.222267,108.07037,-14.480567,-27.613,113.62449,-8.0217285,40.661983,91.72125,2.6940327,-41.75712,92.89106,-0.095433146,6.4123077,93.14508,-8.769253,-14.566296,97.75707,-7.3284383,12.320751,86.72775,31.620441,-16.90181,94.44882,32.461212,6.6385927,72.99574,-1.1688426,-30.369799,81.413506,69.2825
5.215944,150.1233,-5.009156,7.813472,153.15999,-8.127096,1.497129,152.67285,-6.8794265,10.7190695,151.89742,-18.747051,-4.8398056,150.68295,-14.646621,17.432278,132.53888,-25.435362,-15.32309,135.51639,-16.088766,29.599936,110.85821,-12.097819,-27.49896,110.99338,-10.872885,41.30907,97.92874,7.775161,-39.844887,87.950005,-6.1255383,6.990889,93.90885,-9.298166,-14.487432,97.14978,-8.651294,12.903186,88.3535,31.644333,-16.263739,92.6861,31.049704,7.148183,74.39698,0.672599,-22.37124,82.380424,70.83738
3.0076513,149.81133,-4.5162797,5.585976,152.9658,-7.53101,-0.73703533,152.33604,-6.3663554,8.413171,151.98235,-18.226023,-7.110466,150.1906,-14.128293,16.236752,133.42934,-24.783594,-17.047781,134.06303,-16.527153,29.337727,113.735146,-9.849441,-27.091991,108.095665,-13.611879,40.29019,104.96111,12.585397,-37.492092,83.73081,-11.146573,8.060254,94.452736,-9.590397,-14.002004,96.43753,-9.974907,13.059587,90.19523,31.29363,-14.707436,91.824265,29.914825,9.46985,74.706696,1.4397848,-15.272351,84.014885,71.018265
0.6045802,149.59814,-3.8020723,3.1515875,152.7999,-6.7956805,-3.1699548,151.96008,-5.806872,5.873008,151.88129,-17.532768,-9.546822,149.63203,-13.384025,14.92937,134.15614,-24.088943,-18.779459,132.66837,-17.068104,28.490849,116.53305,-7.4852877,-26.73867,105.568405,-15.865085,38.113102,112.403206,16.746387,-35.30211,80.38311,-14.906749,8.981756,94.70654,-10.688012,-13.21188,94.80451,-10.926968,12.563198,92.138374,30.60559,-12.545014,92.34561,28.775629,14.336378,74.838455,2.4598527,-7.749918,83.707085,69.76311
-1.728586,148.95227,-3.1683233,0.75737506,152.30101,-6.0463724,-5.5514274,151.19975,-5.2128196,3.517331,151.71436,-16.850306,-11.860789,148.8118,-12.787741,13.913561,134.82315,-23.342276,-20.050081,131.1945,-18.043587,27.404476,118.99475,-4.9319625,-26.189985,103.28673,-17.602905,34.75854,120.15699,20.19092,-32.81509,77.37095,-18.071138,9.923165,94.71602,-11.628697,-12.1610565,93.83778,-12.097145,11.34988,93.60405,29.503414,-10.58525,93.44179,27.55182,20.214197,74.27731,5.0518727,-0.8962612,83.37969,67.485245
-3.9997606,148.46436,-2.355416,-1.7313489,151.96301,-5.2356534,-7.9597,150.50963,-4.3601522,1.1928954,151.54384,-15.984202,-14.051856,147.90332,-12.043304,12.706053,135.69258,-21.994678,-20.909653,129.89703,-18.620739,26.109896,121.40443,-2.1744926,-25.67142,101.36454,-18.815819,30.190838,127.272484,22.904049,-30.858578,74.614235,-19.135242,10.6875515,95.182976,-12.619765,-11.119287,93.47675,-13.912397,11.80818,94.99626,27.91206,-8.773129,94.841194,25.854818,26.522696,74.28925,7.001165,5.856622,82.62866,63.579773
-6.2711763,147.76038,-1.5900775,-4.134154,151.40446,-4.3978314,-10.305017,149.70105,-3.5451355,-1.0716566,151.12025,-15.143736,-16.213408,146.99542,-11.320038,11.377598,136.66289,-20.801607,-21.636925,128.56155,-19.106457,25.036745,123.80045,-0.25238976,-25.153593,99.754486,-19.648624,25.141705,133.59479,23.854525,-29.224049,72.7572,-19.580614,11.4494295,95.53452,-14.053091,-9.958151,92.679924,-15.662358,12.375592,96.33785,26.005302,-5.9914174,95.606926,24.223299,31.877672,74.513916,11.710544,12.700806,82.283936,59.30829
-8.472126,146.64464,-0.63132304,-6.4774113,150.43927,-3.3396785,-12.560668,148.38026,-2.6606743,-3.1895573,150.69867,-13.976633,-18.207417,145.8495,-10.539791,9.846504,137.82033,-19.566505,-21.9726,127.546906,-18.970737,23.68369,126.213066,1.6362236,-24.612164,98.694664,-19.957348,19.390345,138.83983,24.183586,-27.703003,71.66723,-19.4895,12.613381,95.107704,-15.540778,-8.356354,91.77226,-17.100477,13.667557,97.29392,24.21212,-3.3845282,96.940994,22.593586,35.02227,75.15995,14.533816,20.712082,81.79407,54.614113
-10.406036,145.36522,0.6101675,-8.562939,149.32701,-1.9575382,-14.549672,146.95605,-1.4172714,-5.2532334,150.21521,-12.504146,-20.001749,144.47272,-9.504693,8.356302,138.73448,-18.307402,-22.122976,126.875725,-18.34805,21.70078,128.22168,3.7119422,-24.049822,98.18894,-20.07122,13.449176,142.33543,24.11413,-26.189993,71.229416,-19.220072,14.325297,95.597404,-16.647253,-6.5336,91.7201,-18.183376,15.397922,98.33257,22.62071,-1.5428638,98.22892,21.534914,38.53828,75.63294,16.438534,27.445127,80.855675,47.130627
-12.338889,143.8157,1.6784198,-10.783328,148.03528,-0.6555824,-16.600145,145.24416,-0.22182603,-7.144371,149.54562,-11.052331,-21.639307,142.87206,-8.691422,6.9188786,139.3496,-17.188154,-22.423422,126.44755,-17.941998,19.359339,130.23123,5.7944765,-23.491508,97.82325,-20.094316,7.263751,144.47678,23.87165,-24.934017,70.89168,-18.958414,15.626546,95.95759,-17.723864,-4.7973228,91.69233,-18.9057,17.780502,98.815506,21.059664,0.30293888,98.71145,21.027946,43.250557,76.41574,19.381105,33.6498,79.391045,38.620346
-14.1762085,141.84242,2.5834932,-12.951705,146.34496,0.6206232,-18.594904,143.19661,1.0195786,-8.686835,148.79926,-9.409971,-22.9777,141.4549,-8.175671,5.9045086,140.19514,-15.835832,-22.543438,126.33987,-17.59505,16.782627,131.97217,8.291222,-23.023104,97.806206,-20.027946,1.2179838,145.52254,24.061329,-23.580757,70.975815,-18.51244,16.908644,96.46796,-18.638374,-2.8653445,91.53166,-19.244017,20.760595,99.33335,19.79389,2.0187588,98.63333,21.083305,47.47363,76.8361,21.477665,38.33325,77.73071,28.508194
-15.9349165,139.91772,3.5570958,-14.825016,144.71634,2.3828208,-20.393847,141.42326,2.2773242,-10.106719,148.3887,-7.3581996,-24.19417,140.46695,-7.5891857,5.303019,140.98625,-14.307328,-22.314169,126.27945,-16.891886,14.650786,132.60437,10.264833,-22.075346,97.70891,-19.433,-3.3709555,145.15735,24.42417,-22.07349,70.83893,-17.667727,18.53435,97.30503,-18.768053,-0.41862193,91.91767,-19.47511,23.528456,99.311264,19.5255,3.15401,97.823456,21.461323,50.422726,76.35455,20.772345,40.113903,76.11334,16.82508
-17.380198,138.79744,5.1198826,-16.580366,143.74657,4.3703504,-21.979685,140.18767,4.269057,-11.432777,148.08304,-5.0466943,-24.82024,139.14891,-6.484484,4.8754735,141.89613,-12.408213,-21.735662,126.094154,-15.892765,12.836262,132.7136,12.308185,-20.765999,97.57687,-18.535465,-7.0692782,143.75522,24.514025,-20.401222,70.78308,-16.593462,20.517544,97.87656,-19.160648,2.3422906,92.10387,-19.546598,26.207415,99.01433,19.585958,5.0477004,95.9851,21.947023,52.243725,76.026405,16.708918,38.095016,74.71788,4.844932
-18.692305,137.87881,6.7338233,-18.22357,142.89743,6.1793766,-23.401712,139.12837,6.98319,-12.535385,147.81364,-2.7129269,-25.174501,138.17621,-5.3894587,4.5733967,143.14775,-10.579958,-21.253828,125.92233,-15.074088,11.218875,132.22284,13.860187,-19.632765,97.40952,-17.606749,-9.935941,141.66988,24.581717,-18.842012,70.75521,-15.640402,22.347464,98.927536,-19.087288,4.932511,92.52003,-20.010696,28.867949,98.78633,19.768774,4.7159367,93.19789,21.73491,53.646538,75.95489,8.445734,37.38935,74.40246,-2.1861463
-19.102922,136.86723,7.859021,-19.448872,141.87224,7.07902,-22.915705,137.83406,10.709639,-13.23992,147.33328,-0.93535554,-25.321766,137.34595,-4.439019,4.16725,144.0002,-9.348437,-20.649183,125.60232,-14.733661,9.208045,131.3711,14.5931835,-18.819641,97.32028,-17.017944,-13.093315,139.38885,23.749695,-17.400805,70.60898,-14.983431,24.20847,100.19162,-19.514645,6.6941366,93.38994,-20.368034,31.524792,97.5964,19.456202,3.8356476,90.42924,22.017,55.03424,76.15247,2.8852868,35.319546,74.57435,-7.008521
-20.863615,135.75902,8.789861,-20.116762,140.76778,8.789513,-18.599316,136.10355,13.024493,-13.785336,146.7046,1.4525667,-25.426981,137.11302,-3.907642,3.6135802,144.97676,-8.014143,-20.116768,125.618,-14.36221,6.939838,130.33118,15.250685,-18.099726,97.290985,-16.54497,-16.121895,138.16875,23.127586,-16.12874,71.01206,-14.324466,25.73675,101.67881,-20.00836,8.244306,94.239426,-20.893951,33.850628,97.18396,18.631252,0.9355486,87.35804,20.41173,56.144604,76.02001,-1.514188,33.793888,74.28171,-9.907757
-20.026922,135.49106,10.953866,-18.775106,140.38626,10.644816,-17.226227,135.81752,14.939824,-13.614539,146.67299,3.6017277,-24.801945,136.42891,-2.0944698,2.9408615,145.9281,-6.4381876,-20.162933,125.48585,-14.269604,4.587657,129.23563,15.318082,-17.884289,97.30037,-16.350965,-19.191166,136.18344,22.387125,-16.428095,70.61944,-14.375092,26.725395,103.08292,-20.761066,9.245291,95.52316,-21.841875,35.279865,96.33848,17.373564,0.30618253,85.53096,18.33716,56.702797,75.3636,-5.0648465,32.323174,73.25731,-12.360059
-19.721764,133.1494,11.166969,-18.430822,138.04468,11.498859,-16.79451,132.87584,15.025203,-14.2828,145.21663,4.511314,-25.886236,135.46231,-0.9014678,1.829725,146.0888,-5.065003,-20.234829,125.4416,-13.233005,2.3509176,128.13605,16.043903,-18.313051,97.23027,-15.484516,-22.230288,133.25824,22.125164,-16.853027,70.48029,-13.540623,27.31667,104.65681,-20.846996,9.784771,96.63091,-22.440994,36.29566,96.11841,16.49555,2.4441044,84.77105,16.611797,56.112453,75.3325,-8.035946,36.613026,72.8198,-13.930209
-19.164333,131.69075,11.887989,-18.465893,136.64514,12.679448,-16.502167,131.41489,15.95278,-14.7477865,144.42091,5.699706,-26.341604,134.58522,0.46775526,1.4197671,146.01634,-3.5536208,-20.443512,125.987755,-12.356269,0.46292704,127.139854,16.557505,-18.516542,97.31362,-14.750662,-24.838408,130.38051,21.512165,-17.286636,70.474464,-13.04353,27.467203,106.10174,-21.504614,9.863869,97.523254,-23.297777,37.733994,96.62576,14.88802,4.5062814,83.678444,15.145051,55.632442,74.934525,-11.024002,39.220398,72.49676,-15.259945
-18.729198,130.7883,13.059483,-18.413425,135.74544,14.006287,-16.639194,130.55544,17.444563,-15.035034,143.73796,7.0238476,-26.427263,133.69257,1.8509656,0.7961263,145.99449,-2.2711477,-20.463472,126.10111,-12.029521,-0.7093333,126.111435,16.880953,-18.950733,97.356285,-14.297786,-26.097933,128.67804,21.319263,-17.640917,70.47295,-12.751069,27.570951,107.26277,-22.297695,9.812105,98.63557,-24.398026,38.909954,97.37217,12.90018,6.517761,82.34059,13.819292,55.222492,74.136635,-13.359485,40.277115,72.41138,-16.900106
-18.5814,130.0152,14.791747,-18.27582,135.02618,15.424021,-16.669403,130.10788,19.287437,-14.987479,143.14296,8.994773,-25.932964,132.98926,3.208759,0.40501934,145.93144,-1.127384,-20.10629,126.01358,-11.681456,-1.4748384,125.1404,17.008692,-19.250507,97.42947,-14.120721,-27.391003,126.34538,20.724966,-18.0295,70.584236,-12.719864,27.340628,108.38084,-23.636307,9.556934,99.84865,-25.797417,40.344063,98.66745,10.924012,6.6208935,81.38931,11.547259,53.881474,73.8211,-15.634935,42.550194,72.002205,-17.193586
-18.272234,130.04901,16.65812,-17.7969,135.06865,17.151972,-16.605757,130.25351,21.263231,-14.768788,143.23085,11.053399,-24.996836,132.59137,4.410711,0.15320553,146.27109,0.43910405,-19.875732,126.87561,-10.447944,-1.5268197,124.20257,16.805614,-19.317966,97.8835,-14.354269,-27.695713,124.3868,20.140032,-18.114302,70.872215,-13.144863,26.991703,109.22648,-25.50079,9.528616,100.99393,-27.655956,41.480995,99.380936,8.634796,4.7830706,80.45654,8.459398,52.003555,73.46573,-18.097656,44.029903,72.137924,-15.814897
-18.106874,129.19617,17.19729,-17.44838,134.17937,17.811619,-17.267056,129.29642,22.025618,-14.72611,142.51779,12.037105,-24.925789,131.94066,5.0587163,-0.3595928,145.9657,1.4855918,-19.9399,127.1077,-10.294691,-1.5414567,123.32392,17.082378,-19.699917,98.05071,-14.275322,-27.647123,122.40136,20.247803,-18.4738,70.93683,-12.887872,26.270136,110.019264,-26.211931,9.022072,102.07044,-29.137363,41.881676,100.09875,7.0688033,5.9700527,80.648346,5.6566877,50.172707,73.595856,-19.675308,46.81936,71.80812,-13.189123
-17.614292,127.27619,16.273956,-17.095142,132.25092,17.110407,-17.822277,127.26276,21.16024,-14.788669,141.18478,12.223132,-25.248877,131.13225,5.132507,-0.54235107,145.02463,2.1564724,-19.51627,126.71488,-11.154014,-1.2288415,122.59739,18.095758,-19.84386,97.84248,-13.3841095,-27.2523,120.84905,21.37763,-18.767967,70.75059,-11.747463,26.195215,110.71327,-26.381355,8.952958,102.86421,-29.874514,41.560925,99.85436,6.3492455,5.2123346,80.46791,4.4552994,48.975044,74.135956,-20.749714,48.82437,71.587776,-11.04348
-17.270857,126.155014,15.940199,-16.878428,131.07576,17.104477,-18.633497,125.96189,20.62897,-15.308516,140.43144,13.011019,-25.612566,130.50215,5.5812125,-0.749038,144.62804,3.37349,-19.397202,126.46565,-11.068965,-0.93384326,121.94978,18.65253,-20.138346,97.71345,-12.6849785,-26.53469,118.92206,22.977833,-19.163496,70.67244,-11.034103,25.896818,111.36648,-26.851072,8.586228,103.51046,-30.849016,41.639126,100.16572,5.4350615,5.1503654,80.16747,2.6312585,48.95439,74.4912,-21.920397,50.393547,70.944885,-10.927516
-16.756437,125.52256,16.32874,-16.656563,130.22055,18.224207,-19.764942,124.81415,20.097042,-15.306995,140.00694,14.202326,-25.610157,130.15085,6.5620728,-0.90259033,144.14354,4.683272,-19.205256,126.466965,-10.823991,-0.820405,121.11382,19.092606,-20.39469,97.84992,-12.277012,-26.375708,117.7125,23.833838,-19.541065,70.75662,-10.437536,25.511166,112.2443,-27.60496,7.6805425,104.568085,-32.516468,41.111053,99.38215,4.3100715,5.129272,79.9813,0.27873006,51.104424,74.6547,-22.936253,50.79835,70.26698,-11.016684
-16.643911,125.30979,17.842127,-16.153723,130.115,19.417152,-19.433882,125.06767,21.83708,-15.568208,139.79468,15.941462,-25.29067,129.78818,7.7575865,-1.1312866,143.7701,5.846725,-19.253368,126.14202,-10.984,-0.1961886,120.08494,19.300964,-20.883583,97.78198,-12.063205,-25.431147,116.11743,25.006021,-19.938358,70.64471,-10.070106,24.49985,112.88954,-28.89781,6.9282556,105.425766,-34.092827,40.78344,98.53247,2.6374245,5.1670547,80.0098,-2.7243094,51.43236,74.60559,-24.977842,51.113365,70.19386,-11.7764435
-16.577457,125.47427,19.627478,-15.463568,130.21843,21.218725,-19.374933,125.660774,23.625572,-15.803577,139.98535,18.277794,-24.643177,129.91342,8.953224,-1.16338,143.90353,7.425475,-19.776684,126.32053,-11.151072,0.6211684,119.044624,18.723322,-20.923635,97.65287,-11.946585,-23.694475,114.75549,26.319258,-20.194422,70.60667,-10.143317,23.435566,113.71236,-30.445131,5.5166383,106.072716,-35.639767,41.181976,98.50649,0.111994326,5.2380586,79.85822,-4.3080907,51.08577,74.768555,-27.696915,50.536137,69.67049,-12.951966
-16.734543,124.40189,19.744005,-15.257559,128.94847,21.69367,-19.937887,124.76686,23.408361,-16.041666,138.95015,19.800999,-24.98249,129.69788,9.70487,-1.4160889,143.33533,8.515749,-19.545979,126.02823,-10.2432165,1.0245954,118.108696,18.829508,-21.219105,97.608955,-11.249159,-22.867798,113.25962,27.339628,-20.606838,70.563065,-9.546528,22.37712,114.65347,-31.159351,3.3189764,107.433525,-36.23323,42.336555,99.01891,-2.4883547,7.103011,81.18849,-4.4477563,51.001713,74.93457,-28.92897,51.44798,70.14768,-14.740223
-16.95693,121.83601,18.303669,-15.660534,126.18692,20.820238,-20.881933,122.2857,21.148222,-15.9050665,136.3667,20.562706,-25.864107,129.02986,10.258339,-1.4803531,142.343,8.886441,-20.295979,126.36888,-8.122265,1.5048586,117.488235,19.492504,-21.51109,97.665,-9.815986,-21.648106,111.22126,29.14849,-20.98107,70.51149,-8.092997,21.032297,115.51647,-31.003887,1.2366554,108.930405,-35.91008,43.21609,99.36575,-4.361768,9.783225,82.70206,-5.2645335,50.858692,74.92017,-30.455044,53.55335,70.9136,-15.594052
-17.071005,120.572105,17.92643,-16.063192,124.701294,20.795773,-21.454754,121.16167,19.97861,-15.387872,134.75455,21.371323,-26.114414,128.66904,10.984937,-1.4203755,141.86015,9.640347,-21.37509,127.134094,-5.9842486,1.9437592,116.89145,19.85472,-21.962255,98.039536,-8.294869,-20.351435,108.771385,30.65474,-21.361448,70.703094,-6.850131,20.089624,116.279785,-30.880424,-0.7757821,110.62289,-35.547962,44.049873,98.58483,-6.6742754,11.828008,83.99409,-6.693827,50.251793,75.615265,-34.158054,55.174564,70.5966,-16.123081
-17.706993,119.33414,18.427126,-16.621834,123.585014,21.004894,-22.251032,120.74815,19.454271,-15.110755,133.39075,22.064465,-26.335901,128.13687,11.770928,-1.6697105,141.37157,10.405362,-22.257372,127.07056,-4.647859,2.4631796,116.153885,19.795044,-22.637459,97.99559,-7.2305627,-18.632263,106.7746,31.919052,-21.876066,70.69833,-5.930374,18.890936,116.92102,-30.830711,-1.6979132,111.64588,-35.170177,44.134342,98.379654,-9.546225,14.417954,85.787605,-7.6688395,50.151356,76.299164,-37.812294,56.739532,71.03535,-16.004099
-17.996004,118.50696,19.032156,-16.887758,122.70001,21.66079,-22.409624,120.5818,19.032269,-14.825425,132.44269,22.735775,-26.377947,127.68088,12.587822,-1.7762028,140.82881,11.224462,-23.112282,126.67072,-4.0012293,2.8501549,115.33517,19.761974,-23.137674,97.77289,-6.2233553,-16.940525,104.7071,33.012764,-22.380665,70.593124,-4.8820863,17.301493,118.09188,-31.376724,-3.0629199,113.11705,-34.35262,43.637867,97.72378,-12.98735,16.24259,87.03144,-8.314321,51.33868,76.66749,-41.187202,57.53624,70.957565,-15.723124
-18.088066,117.772705,19.645,-17.033678,121.98485,22.259914,-22.420815,119.98201,19.289576,-14.3909855,131.66548,23.313978,-26.266468,127.21462,13.430044,-1.5930678,140.27844,11.956273,-23.957663,126.738205,-2.827477,3.7403026,114.68428,19.81989,-23.319708,97.75637,-5.1307263,-14.276827,102.636734,33.940742,-22.819698,70.679565,-3.5170379,16.018682,119.235695,-32.242924,-4.1116157,114.13753,-34.14894,42.844307,96.67391,-16.022516,15.311792,87.956406,-9.412483,52.85172,78.483444,-45.10887,57.511787,71.12207,-15.244444
-18.000822,117.10908,20.035318,-16.986593,121.09477,22.99648,-22.285248,119.41289,19.682974,-13.820361,130.87997,23.75603,-26.05353,126.92288,14.098656,-1.4781752,139.61906,12.4851675,-24.411846,126.69724,-1.5573559,4.3284698,114.044205,19.703335,-23.5708,97.774124,-4.1345606,-11.442895,100.050705,34.644474,-23.392553,71.130196,-1.6318246,15.104747,119.797165,-32.305595,-5.6452594,115.90837,-33.96708,42.27847,95.49546,-19.827873,13.375994,88.37436,-10.1618,55.167423,78.74591,-48.571682,56.832977,71.59364,-15.244668
-18.025192,116.65798,20.691097,-16.834309,120.56565,23.684929,-22.24154,119.09283,20.451529,-13.243649,130.38379,24.2148,-25.901827,126.72781,15.040157,-1.2175165,139.22032,13.246197,-24.266073,126.79583,-0.102922924,4.95462,113.62316,19.585266,-23.636953,97.89917,-3.1079412,-8.517645,98.53023,35.429436,-22.721458,71.37276,-0.66262037,14.452352,120.0495,-31.748503,-6.496422,116.88844,-33.561058,41.938164,94.08274,-23.185194,12.11077,88.80054,-10.095078,54.194214,80.18594,-54.044323,55.45247,72.38179,-15.8357725
-17.4976,116.49885,21.222729,-16.319475,120.52644,24.05861,-21.810034,118.761154,21.103622,-12.760821,130.15121,24.803652,-25.570242,126.55379,15.825017,-0.9319581,138.78688,13.852972,-24.244019,126.58527,0.3927997,5.2149987,112.804825,19.573263,-23.648054,97.873116,-2.326951,-5.87235,96.43782,35.810326,-23.690617,71.23013,0.5888907,14.249754,120.266754,-31.391006,-6.8544087,117.40356,-33.056316,41.46401,93.1541,-26.905733,11.525331,88.90296,-9.371963,51.132324,81.96168,-60.43258,55.613163,71.67769,-13.747333
-17.353651,116.14219,21.944021,-15.867223,120.17156,24.62707,-21.602873,118.52657,22.113811,-12.184133,129.72383,25.328455,-25.25841,126.39775,16.634857,-0.8337745,138.56575,14.5087185,-24.062414,126.52633,1.1139685,5.719758,112.70623,19.62583,-23.817152,97.97697,-1.7423458,-3.5133166,94.92393,35.858746,-23.369963,70.90614,1.0060805,14.288073,120.08377,-30.92581,-7.042796,117.59085,-32.701992,40.603558,92.07106,-30.45203,9.976894,88.67047,-8.5496855,49.50929,82.0244,-65.14346,54.808132,71.49018,-13.246231
-16.994694,115.74974,22.621378,-15.65509,119.79124,25.36483,-21.299551,118.023766,22.723984,-11.698219,129.33719,25.95391,-25.075449,126.08596,17.69245,-0.5513613,138.10376,15.129717,-23.799963,126.71035,2.5456092,6.219569,112.22218,19.887323,-23.871948,98.11516,-1.0504273,-0.93032223,92.78887,35.19083,-23.427065,71.05401,1.9181371,13.345685,120.68767,-31.415653,-7.124008,117.42008,-32.14081,39.27203,91.39172,-33.845997,9.284026,88.54979,-7.346918,48.677666,81.053406,-68.89263,53.628696,71.08355,-14.335737
-16.664309,115.48549,23.127478,-15.3233,119.426544,26.009104,-21.008507,117.65987,23.461338,-11.289103,129.02695,26.551043,-24.832228,125.94794,18.522215,0.016975278,137.58083,15.731967,-23.611097,126.658844,3.7577484,6.7778497,111.48373,20.296423,-23.899693,98.05765,-0.26788113,1.5345316,90.80189,34.451565,-23.622122,71.06372,3.2621706,12.778141,120.39602,-31.8016,-7.2705264,117.27022,-31.720238,37.87884,90.97657,-36.973904,8.147766,88.25906,-6.90415,48.216972,79.596275,-71.8202,52.169804,70.725174,-15.683079
-16.453897,115.31321,23.693583,-14.969955,119.28813,26.452053,-20.759771,117.54923,24.121313,-10.925526,128.71951,27.181604,-24.748281,125.74899,19.520113,0.6242662,137.03746,16.216566,-23.60574,126.45596,4.946765,7.105281,111.02104,20.261152,-23.939287,97.839645,0.6393162,4.2826667,89.03128,33.154335,-23.78112,71.19611,4.9435616,11.721965,120.56352,-32.599613,-7.4094334,116.87185,-30.841791,36.562073,90.83221,-39.819332,7.9011607,88.25418,-5.3933773,47.916733,78.245415,-74.29285,50.478867,70.5048,-18.1834
-16.257374,115.11674,23.986874,-14.600281,118.87961,26.938467,-20.509802,117.364876,24.767673,-10.57613,128.4365,27.761208,-24.58788,125.718636,20.319063,1.2227783,136.82475,16.147537,-23.920347,125.734726,6.06216,7.574722,110.481514,20.082815,-23.91072,97.667175,1.1745828,6.6874394,87.5676,31.74938,-23.179422,71.70351,7.006719,11.129214,120.604355,-33.225258,-6.996812,116.63119,-30.092968,35.174427,91.14888,-42.43988,7.172173,88.320595,-4.398958,47.563236,77.41232,-76.033646,48.01478,69.96335,-19.80577
-15.85455,114.58745,24.509007,-14.116006,118.34378,27.430506,-20.117884,116.59864,25.750212,-10.093108,127.859085,28.13249,-24.335522,125.148735,21.166922,1.7221142,136.05745,16.466097,-23.745712,125.60383,6.9506154,8.149595,109.47505,20.218048,-23.529629,97.54699,1.8633122,8.601984,85.90187,30.591679,-22.822065,71.85586,8.537229,10.602952,120.94532,-33.625477,-6.908476,116.55722,-29.851383,34.112854,91.37268,-44.24458,6.6093965,88.82032,-3.3831823,47.106945,76.850296,-77.27441,44.61711,70.47037,-23.237093
-15.484205,114.0976,25.169401,-13.493035,117.987946,27.735518,-19.617174,116.19685,26.667345,-9.655544,127.50589,28.243565,-24.082075,124.60073,21.764118,2.0539558,135.11658,17.16755,-23.566103,125.400276,7.312588,8.725426,108.618286,20.326506,-23.397165,97.42799,2.6162577,10.419318,84.26255,29.251507,-22.778042,71.75777,9.953618,10.089826,121.12754,-33.937454,-6.6968746,116.449005,-29.906893,33.021137,91.47741,-45.368362,6.5567594,89.66455,-2.5125396,46.531883,76.52043,-77.97042,41.37191,70.74053,-26.5123
-15.227979,113.89371,25.79656,-12.838987,117.71101,28.10936,-19.052032,115.923195,28.049679,-9.237714,127.40084,28.180841,-23.841389,124.27895,22.282816,2.6189508,134.81482,17.309181,-23.406818,125.073074,8.033321,9.481255,108.20064,19.953585,-23.415165,97.23563,3.3829987,11.96781,83.74851,28.08371,-22.670626,71.97086,11.581914,9.094136,121.369225,-33.94042,-6.8109684,116.451614,-29.974697,31.999105,91.862724,-46.389046,7.061334,90.20913,-2.3528848,45.887527,76.33794,-78.19983,38.39156,70.886475,-29.907097
-14.808969,113.49429,26.054213,-12.352269,117.29087,28.317846,-18.561403,115.45133,28.473885,-8.677176,127.005875,28.30408,-23.549847,124.00401,23.143824,3.4347107,134.36293,17.346867,-23.39357,125.27562,8.930609,10.248747,107.643234,19.396828,-23.438885,97.282684,4.702818,13.477714,83.10874,26.798046,-22.942518,71.805115,12.485419,8.267746,121.67805,-33.84348,-7.6078053,117.07504,-29.774668,31.002241,92.32236,-46.514977,8.266107,91.18555,-2.7319765,45.1908,76.27471,-77.87791,35.44438,71.21252,-33.211426
-14.550474,113.059296,26.189163,-11.847037,116.76968,28.3419,-18.003618,114.946686,29.077524,-8.187246,126.37753,28.573116,-23.225698,123.7631,23.883604,4.14061,133.66159,17.337868,-22.99416,125.282455,9.943496,11.077443,106.84945,18.643702,-23.435326,97.42019,6.5712967,15.184177,81.954834,25.201263,-23.82758,71.4014,12.502723,8.180716,122.31301,-33.94249,-8.638476,117.73574,-29.887232,30.720617,92.8343,-45.976154,8.335257,91.70686,-2.8132253,44.56715,76.44231,-77.32257,32.503643,71.99684,-36.32398
-14.102612,112.83185,26.304674,-11.378816,116.536285,28.4396,-17.454716,114.55153,29.412546,-7.6375184,126.150696,28.63711,-22.915424,123.468414,24.628689,4.4818935,132.69382,17.875376,-22.586267,124.79729,10.824555,11.918176,106.15231,17.59349,-23.386475,97.156586,7.7171397,16.172686,81.55301,24.08594,-24.041285,71.164825,12.943762,8.122244,123.33578,-34.013847,-9.194977,118.29974,-30.074343,30.866922,93.878654,-45.37773,7.816088,91.81097,-3.095308,43.889027,76.64483,-76.81245,29.431055,72.86943,-39.089207
-13.50207,112.33067,26.391499,-10.708649,116.023926,28.453924,-16.766325,114.05412,29.587137,-7.02654,125.657135,28.74791,-22.428583,122.97908,25.20976,5.116161,131.89175,18.123034,-22.1452,124.558655,11.701667,12.760322,105.27219,16.596657,-23.34407,96.862404,8.5221195,17.100435,80.85706,23.102453,-23.973402,70.939316,13.869696,7.6477165,124.14176,-33.593285,-9.257182,118.843544,-30.393564,30.3064,94.99432,-45.179516,6.8720927,91.395584,-3.8203568,43.165043,76.95685,-76.200935,26.183853,73.89259,-41.1182
-12.909309,111.92352,26.32869,-10.023008,115.55275,28.366465,-16.155487,113.780235,29.462145,-6.3973246,125.18326,28.87327,-21.919485,122.56118,25.717083,5.6768694,131.39893,18.247341,-22.321905,124.28048,11.837892,13.477345,105.06592,15.615845,-23.502277,96.39138,9.086279,17.307924,80.51678,22.730688,-23.513819,70.66312,15.238052,7.3383217,124.77556,-32.8824,-9.672072,119.62272,-30.546247,30.548077,95.30313,-44.174664,5.7489004,90.55865,-5.0095963,42.637943,77.28973,-75.56496,23.679304,75.02897,-43.32588
-11.94704,111.47986,26.447363,-9.145228,115.18273,28.479532,-15.257607,113.34095,29.505865,-5.74874,124.887764,29.058521,-21.273584,121.822716,26.255209,6.091099,130.81581,18.809177,-21.895615,123.8311,12.483514,14.22814,104.46061,14.781428,-23.335043,96.12865,9.953097,17.11109,79.93631,22.747517,-23.484402,70.42341,15.8231735,6.2022634,125.2119,-32.536205,-10.293401,120.8646,-30.458855,30.018593,95.90001,-43.472004,4.778917,89.73437,-7.036651,42.282917,77.490654,-74.66472,21.66764,75.835236,-46.175964
-10.995173,111.02646,26.632704,-8.265297,114.785774,28.6569,-14.319597,112.7737,29.739588,-4.9423265,124.49849,29.40131,-20.462559,121.274124,26.841188,6.5809355,129.92183,19.75811,-21.181341,123.91973,13.764558,14.865898,103.62438,14.459055,-23.16365,96.06301,10.862867,16.163706,78.9316,23.404264,-23.986195,70.13453,15.669235,5.627326,125.66689,-32.606808,-10.66175,121.80771,-30.559874,29.065308,95.83577,-42.580917,3.8183393,89.03362,-9.535596,42.307423,77.567856,-73.56732,19.548954,77.30269,-50.33927
-10.109531,110.850365,27.013447,-7.322875,114.528564,29.10962,-13.393172,112.55891,30.184046,-4.019571,124.25151,30.024364,-19.572763,121.108406,27.534601,7.9503713,129.09703,20.221956,-20.632671,123.99133,14.811464,15.071184,102.64852,14.7062645,-22.947206,96.14782,11.860543,15.604016,78.08328,23.728498,-23.908958,70.08492,15.961922,5.303639,126.36902,-32.38076,-10.852339,122.8268,-30.399406,28.714584,96.87091,-42.8697,1.8589641,88.178276,-12.244755,42.407238,77.587036,-72.61532,15.84909,78.036934,-54.646786
-8.9596405,110.637215,27.216839,-6.167083,114.26484,29.389082,-12.310473,112.4352,30.267063,-2.8361259,123.942,30.475834,-18.401585,120.86178,28.012825,8.342761,128.31015,21.341984,-20.135313,123.75905,15.115194,14.501871,101.498924,15.814063,-22.601463,95.91969,12.403042,15.014747,76.35099,23.42869,-23.629526,69.96149,16.184753,5.2841225,127.06615,-32.14596,-11.107091,123.676636,-30.181183,27.376978,96.717804,-42.500164,0.8412289,87.76256,-14.93979,42.603813,77.908844,-71.936485,12.182779,79.89413,-57.94578
-7.6536927,110.20733,27.200258,-5.015711,113.60196,29.874956,-11.209155,111.78305,30.137613,-1.7034051,123.51356,30.879707,-17.223614,120.35476,28.592148,8.959006,127.501945,21.973911,-20.219435,123.601494,15.285474,14.261877,100.59255,16.458176,-22.32327,95.8919,12.850402,15.99887,75.68376,23.27131,-23.549757,69.883705,16.723024,4.914167,127.90043,-31.483803,-11.399307,124.436874,-29.557018,26.658396,97.24564,-42.29536,-0.061507173,87.05757,-17.237328,42.68264,77.97948,-71.306206,6.8838973,81.67385,-61.367264
-6.6080427,110.024605,27.385183,-4.1486697,113.389046,30.267336,-10.2055025,111.158424,30.473604,-0.71986634,123.26059,31.30722,-16.244894,120.06128,29.03065,9.775703,127.23201,22.24563,-19.92057,123.72231,15.597542,14.391036,99.955925,17.062164,-21.853304,96.06932,13.429847,16.69611,74.63838,22.5921,-23.210188,70.00782,17.242914,4.929244,128.94823,-30.680586,-11.85719,124.92913,-28.72258,26.498129,98.138504,-42.898624,-0.7811845,85.968605,-19.21241,42.75494,78.116615,-70.966156,0.5042513,83.71659,-64.15383
-5.5540657,109.962654,27.508005,-3.1301067,113.45898,30.261908,-9.139065,111.12157,30.602491,0.30196866,123.14479,31.465763,-15.255158,119.88436,29.198238,10.994162,126.85736,21.705326,-19.401041,123.98105,15.959435,14.766453,99.19059,17.423958,-21.313004,96.12308,13.885547,17.36783,73.672134,22.097506,-22.619804,70.08214,17.834137,5.401629,129.64453,-30.257505,-12.596968,125.716805,-27.836239,26.336721,98.37246,-43.204533,-1.5525396,85.59848,-21.14299,42.934532,78.00466,-70.76352,-7.541549,84.94813,-64.73753
-4.7126985,109.8608,27.619095,-2.3206203,113.36228,30.39705,-8.254999,110.85555,30.817844,1.2441128,122.95255,31.640238,-14.347389,119.81529,29.305422,11.49197,126.18357,21.87267,-18.806393,123.75483,16.358171,15.406488,98.430725,17.500648,-20.795134,96.127556,14.221583,18.14643,72.51473,21.582676,-21.872198,70.18039,18.516714,6.1614485,130.13376,-29.845884,-12.326944,126.19631,-27.330578,26.02999,98.28347,-43.32142,-3.0605166,84.894714,-23.171362,42.929848,77.82125,-70.714645,-14.913393,85.84098,-65.44822
-4.0235944,109.319695,27.54658,-1.4895386,112.71107,30.331264,-7.3743844,110.12809,30.990839,2.2224321,122.19232,31.917713,-13.440324,119.50407,29.40204,12.750957,126.015396,21.333244,-18.17683,123.67221,16.797485,16.364956,98.19928,17.180521,-20.158901,96.07492,14.596812,18.202816,72.46663,21.624298,-20.53879,70.04667,19.632185,6.457035,130.23251,-29.388607,-12.559455,126.68751,-26.86637,25.751335,97.798615,-43.14787,-5.04719,84.88457,-25.393534,42.922794,77.46918,-70.585045,-21.863317,86.512184,-65.97156
-3.8650637,108.7654,27.583033,-0.89967006,111.67076,30.499397,-6.809844,109.24789,31.444984,2.9718966,121.08542,32.489292,-12.718603,119.4099,29.443094,13.52745,125.4293,21.04095,-17.685116,124.262825,17.47819,18.03173,97.81445,16.541464,-19.565208,96.20854,15.003745,19.036942,72.16525,21.376856,-19.639643,70.06832,20.377527,6.842375,130.01645,-29.16891,-12.874724,127.271675,-26.457098,25.459978,97.05282,-42.720737,-7.212171,85.02233,-27.79334,42.896248,77.1544,-70.42247,-27.496578,86.456184,-66.71597
-3.295488,108.03715,27.825705,-0.22045097,110.96745,30.588675,-6.2777724,108.940384,31.575247,3.7638109,120.281715,32.731728,-11.889402,119.02275,29.550043,14.176957,125.034676,20.77786,-17.004316,124.06279,18.051826,18.634882,97.313934,16.532633,-19.154102,96.191765,15.53981,18.806581,71.47195,21.788603,-19.24319,70.07389,20.944231,7.15529,129.77174,-29.048445,-12.748745,128.137,-26.945482,25.396118,96.15678,-42.070663,-9.339197,85.34079,-29.758286,42.743793,76.957275,-70.254135,-31.504765,86.34273,-67.82934
-2.7738888,107.827705,27.708038,0.31473836,110.728195,30.486816,-5.7032285,108.59818,31.530632,4.46693,120.0214,32.536983,-11.284246,118.75311,29.753393,14.504346,124.730804,20.721266,-16.113262,123.988594,18.428005,18.78679,97.102135,16.898502,-18.614086,96.07747,16.081478,19.624908,71.27955,21.44594,-18.988382,70.02114,21.619064,7.1941996,129.21246,-28.733568,-12.950368,128.41766,-26.786493,25.00326,94.78489,-41.14351,-11.551453,86.01401,-31.593023,42.561745,76.74306,-69.84074,-34.478004,85.71459,-69.11279
-2.1445222,107.535034,27.631426,0.8696077,110.484604,30.447514,-5.0672884,108.16074,31.483372,5.0953155,119.80543,32.25289,-10.690008,118.393486,29.737524,14.988734,124.18836,20.535206,-15.159193,124.12491,19.296362,18.490936,96.51396,17.332458,-17.876614,95.940414,16.965424,20.247349,70.633385,21.194698,-18.827234,69.921005,21.99244,7.081159,128.6308,-28.640709,-13.339766,128.65254,-26.744713,24.353498,93.59172,-40.40922,-13.867807,86.49601,-32.93389,42.358578,76.467445,-69.620926,-36.512745,84.294304,-70.51986
-1.332764,106.73655,27.994522,1.5987414,109.92892,30.615396,-4.4534235,107.88378,31.557484,5.843886,119.33316,31.825651,-9.995633,117.50869,29.9181,15.452326,123.7684,20.33632,-15.146493,124.096016,19.338676,17.929838,95.90998,17.787842,-18.165907,95.87882,16.996243,20.390852,69.78807,21.551277,-18.708998,69.70527,22.264368,7.018133,128.06389,-28.554388,-13.182092,128.13806,-26.583498,24.064407,92.587814,-39.791714,-15.717825,86.667465,-34.179844,42.26449,76.34025,-69.23808,-37.859535,82.73507,-71.838356
-0.8987219,106.308685,28.011255,2.064886,109.488434,30.61359,-3.9658072,107.43545,31.632826,6.2357593,118.96882,31.632288,-9.640155,116.935745,30.236128,15.618059,123.64986,20.200075,-14.615785,124.03178,19.903208,18.493402,96.035484,17.286133,-18.186619,96.197266,16.995928,20.670162,70.255005,21.52452,-18.504477,70.0207,22.454752,7.057759,127.26545,-28.34646,-13.423694,127.40321,-26.177008,23.672754,91.42742,-39.12094,-17.37557,86.55967,-35.36504,42.255108,76.41642,-68.49408,-39.45706,81.25585,-72.987175
-0.7167296,106.02076,27.991009,2.4297602,108.96088,30.66029,-3.5809884,106.93864,31.828201,6.6317997,118.67269,31.235323,-9.3009,116.76702,30.232925,15.841394,123.40879,19.911547,-14.574026,123.554985,19.542765,18.923254,96.005554,17.084637,-18.13031,95.82015,17.169792,21.080217,70.38764,21.486221,-18.363724,69.832306,22.829233,7.160225,126.19641,-27.984438,-13.739039,126.518776,-25.845522,23.407146,90.291855,-38.435036,-18.89207,86.18654,-36.15017,42.525043,76.793655,-67.714806,-40.70105,80.28013,-73.841965
-0.5374778,105.7417,27.934448,2.5513716,108.976105,30.315132,-3.2609172,106.6282,31.878857,7.0888405,118.31328,30.695864,-8.9069805,116.72984,30.214375,16.129618,123.44944,19.612831,-14.401491,123.39704,19.442715,19.007355,95.7502,17.145777,-18.045935,95.43624,17.485619,21.486248,69.89684,21.485325,-18.39311,69.59691,23.247835,7.120742,125.17679,-27.700539,-13.623211,125.74643,-25.970938,23.089815,89.26267,-37.819595,-20.120258,85.82284,-36.422256,42.59015,76.828545,-67.17218,-41.774757,79.81271,-74.37327
-0.27388868,105.67065,27.69697,2.782756,109.03394,29.92911,-2.8445039,106.43665,31.765415,7.4707146,118.28763,30.192745,-8.500777,116.72795,30.257,16.403376,123.742004,19.617956,-14.398225,123.39856,19.523762,19.22376,96.08692,17.181984,-18.15261,95.362595,17.523232,20.973005,70.4631,22.000547,-18.424088,69.64467,23.447168,7.4418244,124.594696,-27.478334,-13.790898,125.127106,-25.906118,22.666597,88.39916,-37.5404,-20.879368,85.635025,-36.60026,42.576855,76.85478,-66.840195,-42.274532,79.61642,-74.770584
-0.1424439,105.77419,27.425432,2.8849542,109.30212,29.435656,-2.404735,106.353065,31.707445,7.8223767,118.23731,29.756683,-8.211704,116.82495,30.271004,16.4251,123.56044,19.528337,-14.477585,123.43309,19.910545,19.180244,96.09961,17.171434,-18.120428,95.4448,17.635675,20.84844,70.50589,22.211105,-18.426334,69.67111,23.432589,7.3587375,124.09139,-27.3186,-13.772484,124.48839,-26.078999,22.468037,87.72336,-37.137207,-21.61879,85.452065,-36.440945,42.455612,76.74767,-66.45673,-42.268997,79.79034,-75.05342
-0.14267227,105.44515,27.228603,3.013176,109.09562,28.762762,-2.159444,106.39702,31.563791,8.031189,117.807304,29.360046,-7.980465,116.66867,30.234703,16.420387,123.36102,19.4364,-14.405103,123.3012,20.450691,18.917738,95.834625,17.347372,-18.04248,95.487816,17.890776,21.145296,70.255035,22.14749,-18.685312,69.673386,23.350853,7.0142345,123.37004,-27.137846,-13.774401,124.20394,-26.297005,22.162695,87.22325,-36.890247,-22.124023,85.2498,-36.024498,42.345234,76.56616,-66.331985,-41.73605,79.832275,-75.0919
-0.17606503,105.14755,27.263664,3.015807,108.91337,28.411636,-2.1438725,106.53318,31.504944,8.073648,117.55782,29.00675,-7.9126344,116.39123,30.384535,16.359964,123.39027,19.479483,-14.130413,123.47268,20.887648,18.62086,95.54151,17.620333,-18.16921,95.68999,18.14489,21.634457,69.60735,21.762735,-19.370369,69.8343,23.097206,6.9915557,122.93412,-27.166653,-14.061361,123.81806,-26.365244,22.304815,86.82066,-36.73322,-22.14918,84.73704,-35.753773,42.15338,76.32285,-66.326515,-41.04138,79.96223,-75.21842
-0.3734757,105.10924,26.974045,3.1441894,108.46845,28.383772,-2.2878194,106.44986,31.258389,8.052609,117.365074,28.813927,-7.922833,116.38465,30.384527,16.294115,123.531105,19.5665,-14.280715,123.624725,20.80224,18.509293,95.5681,17.421728,-18.306984,95.61829,18.107748,21.68539,69.58608,21.650837,-18.961433,69.64105,23.521185,6.826308,122.58132,-27.162472,-14.20035,123.676384,-26.279749,22.206827,86.8604,-36.736805,-21.987097,84.15393,-35.32367,42.126858,76.190384,-66.24525,-40.52488,80.06361,-75.136955
-0.6910821,105.1205,26.762745,3.2013009,107.979866,28.285315,-2.560249,106.77777,30.956755,7.927016,117.201996,28.74927,-8.077226,116.43309,30.256432,16.305696,123.21823,19.389095,-14.636665,123.67485,20.37544,18.57729,95.461586,17.574959,-18.181494,95.71524,18.107971,21.751099,69.644684,21.46296,-18.730186,69.80759,23.741188,6.632744,122.6718,-26.89825,-14.301577,123.64182,-26.174673,22.319345,86.98602,-36.65108,-21.640682,83.918594,-34.932777,42.01368,76.20193,-66.19018,-39.909008,80.219185,-74.81516
-1.3250669,105.1792,26.57341,3.1008928,106.932076,28.30429,-2.8728933,107.18223,30.749632,7.7031627,116.9891,28.59721,-8.305409,116.81695,30.057156,16.127775,123.22046,19.334406,-14.972895,123.5529,20.172693,18.719254,95.46609,17.371191,-18.116291,95.60268,18.142677,21.836334,69.59601,21.522007,-18.476528,69.79076,23.838907,6.615288,122.96597,-26.819126,-14.3582,124.03792,-26.122484,22.963518,87.216385,-36.361477,-21.235075,83.94314,-34.58015,41.906986,76.217834,-66.349236,-39.310856,80.12818,-74.43111
-1.732099,105.073746,26.64074,2.8144116,106.50712,28.347216,-3.1685967,107.74061,30.464373,7.6139965,116.64101,28.608864,-8.376197,116.95376,30.039986,16.194935,123.32896,19.331404,-15.096844,123.361565,20.129095,18.869732,95.596725,17.24803,-18.125637,95.52841,18.161297,21.920778,69.66457,21.493202,-18.386877,69.757126,23.74399,6.581526,123.209206,-26.76947,-14.425742,124.3853,-25.87309,23.283855,87.67165,-36.503605,-20.848705,83.89605,-34.36441,41.984715,76.207825,-66.48652,-39.103252,80.03012,-74.2111
-2.0091856,105.19506,26.53309,2.493861,106.449265,28.477446,-3.5171804,108.36334,29.920334,7.44203,116.63518,28.754797,-8.571155,117.056015,29.999485,16.302202,123.42748,19.17105,-15.000948,123.14669,20.195475,19.087109,95.6937,17.426268,-17.939169,95.42332,18.252804,22.047638,69.763954,21.60823,-18.33058,69.74173,23.84987,6.4907393,123.5391,-26.91585,-14.530055,124.5234,-25.54279,23.578917,88.10259,-36.542328,-20.373478,84.122086,-34.32081,41.866947,76.01901,-66.837906,-39.037693,80.10536,-74.02917
-2.1321998,105.290344,26.417532,2.2820654,106.45132,28.611464,-3.7462876,108.5634,29.653933,7.356563,116.65915,28.753815,-8.647805,117.10395,30.125536,16.33515,123.44206,18.868126,-15.0547285,123.289925,20.075865,19.177876,95.731895,17.521194,-17.906338,95.38456,18.37052,22.126286,69.716385,21.695013,-18.284512,69.711266,23.927418,6.406723,123.83413,-27.151754,-14.419422,124.8474,-25.667154,23.7938,88.594055,-36.491253,-20.08845,84.38905,-34.3659,42.03293,76.533585,-66.477615,-39.231647,80.241974,-73.866745
-2.0104733,105.256966,26.456852,2.319606,106.63667,28.681387,-3.793238,108.59868,29.528393,7.33251,116.76114,28.664492,-8.674868,116.953674,30.25118,16.267736,123.62835,18.981365,-14.900792,122.825615,20.511162,19.217104,95.88389,17.601294,-18.00478,95.312004,18.374365,21.859858,69.86547,21.77734,-18.339178,69.5919,23.930056,6.4713573,124.00805,-27.260887,-14.588223,124.80547,-25.549267,23.829714,88.891,-36.624386,-19.932053,84.44481,-34.678078,42.21324,76.42789,-66.630646,-39.26752,80.30556,-74.01462
-1.6155319,105.17548,26.299274,2.5659113,106.82855,28.622892,-3.7060537,108.05273,29.64309,7.439376,116.88992,28.70857,-8.564947,116.55267,30.387888,16.011555,123.55229,19.289843,-14.903664,122.78004,20.70911,19.155607,95.93457,17.665289,-18.13577,95.26006,18.456493,21.470049,70.32443,22.140467,-18.323685,69.59217,23.8917,6.615084,124.41597,-27.321255,-14.427609,124.936775,-25.4474,23.852158,89.179886,-36.77911,-19.934994,84.69086,-34.973366,42.01036,76.155106,-67.06551,-39.507847,80.25548,-74.227974
-1.2577763,105.23099,26.354347,2.7461963,107.62012,28.329363,-3.4870775,107.54636,30.02962,7.423037,117.189316,28.737944,-8.569009,116.38028,30.411644,15.912936,123.68609,19.355034,-15.318351,122.787575,20.58983,18.977585,96.00146,17.773537,-18.240013,95.23326,18.500092,21.615578,69.97545,21.854727,-18.46755,69.604454,23.94178,6.943986,124.82875,-27.096144,-14.269692,125.02702,-25.578693,23.898546,89.3332,-36.707333,-20.188017,84.897705,-35.258087,41.99547,76.37209,-66.802124,-39.715843,80.24585,-74.43553
-1.1325846,105.20989,26.457075,2.776326,107.878426,28.25476,-3.238559,107.04586,30.461084,7.32545,117.323685,28.86602,-8.65735,116.32392,30.3558,15.842736,123.55542,19.685995,-15.237235,122.7572,20.918924,19.024473,95.99936,17.794302,-18.310036,95.21898,18.496706,21.580168,69.87772,21.853128,-18.482462,69.56542,23.818567,7.25353,125.04096,-27.118563,-14.393288,125.261375,-25.418802,23.953135,89.422264,-37.06961,-20.431263,85.33566,-35.622593,41.90057,75.95393,-67.20801,-39.773617,80.42535,-74.52479
-0.88695294,105.369705,26.542318,2.470749,108.79946,28.178154,-3.0419683,106.614334,30.744139,7.23012,117.7652,28.790113,-8.6917715,116.12851,30.67093,15.797608,123.63708,19.867777,-15.27212,122.68585,20.973562,19.024467,96.05968,17.582645,-18.337173,95.12077,18.263048,21.350729,69.95146,22.071138,-18.565239,69.48474,23.82918,7.3983793,125.08921,-27.073784,-14.293825,125.56141,-25.548014,23.875172,89.4015,-37.182518,-20.509205,85.71544,-35.747486,42.09286,76.237526,-67.15334,-39.641827,80.62121,-74.80786
-0.6466997,105.621735,26.490883,2.4327743,109.24875,28.239428,-2.8315403,106.477646,30.772167,7.2407427,118.1538,28.704056,-8.657957,116.164825,30.691772,15.626715,123.75269,20.016502,-15.115901,122.59487,21.19941,18.92851,96.18543,17.53806,-18.493551,95.13082,18.343834,20.873201,70.47156,22.517887,-18.622257,69.48804,23.91485,7.608073,125.32365,-26.980976,-13.974591,126.15076,-25.558563,23.686338,89.47193,-37.426754,-20.430813,86.136284,-35.83398,41.85758,75.82398,-67.646454,-39.48062,80.60693,-74.98212
-0.56534153,105.71734,26.595533,2.3424854,109.491646,28.311977,-3.042661,106.78717,30.658232,7.284652,118.233055,28.962912,-8.599132,116.33464,30.7012,15.512765,123.592606,20.056038,-14.878163,122.8271,21.455936,18.89605,96.03008,17.591782,-18.605032,95.273056,18.138372,20.863043,70.162605,22.444475,-18.75176,69.61124,23.928356,7.80955,126.01095,-26.965652,-13.781845,125.88603,-25.629015,23.574207,89.623085,-37.510193,-20.425798,86.247894,-35.925102,41.68712,75.67215,-67.64726,-39.32014,80.58842,-75.167595
-0.5962432,105.92543,26.617476,2.3454733,109.65362,28.40329,-3.3923302,107.403824,30.330027,7.317788,118.38553,29.137363,-8.643809,116.56597,30.61548,15.542389,123.69154,20.045122,-15.18393,122.75866,20.996323,18.85748,96.1376,17.560417,-18.63337,95.19094,18.122482,20.338741,70.61347,22.81639,-18.739119,69.57677,23.90674,7.9497685,126.12717,-26.928772,-13.460837,125.724525,-25.570044,23.636068,89.63105,-37.422485,-20.024296,86.12942,-35.941467,41.66155,75.63772,-67.58035,-38.97532,80.4969,-75.10799
-0.62805116,105.97374,26.713842,2.221021,109.724205,28.575537,-3.4036143,107.20192,30.531376,7.31389,118.36909,29.305283,-8.685035,116.77043,30.372866,15.80571,123.26436,19.887094,-15.255202,123.11096,20.730154,18.898201,96.045105,17.332882,-18.663858,95.45048,18.115114,20.254612,70.675735,22.77891,-18.759895,69.75647,23.832096,7.94077,125.72002,-26.959494,-13.552346,125.46039,-25.282585,23.639973,89.47128,-37.383583,-20.00614,86.03296,-35.90462,41.6535,75.7419,-67.6064,-38.773537,80.52041,-75.03847
-0.8107287,105.89107,26.91437,2.1417077,109.55147,28.791777,-3.6392648,107.300995,30.625046,7.336136,118.18564,29.387709,-8.696442,116.931526,30.250881,15.851358,123.13122,19.84401,-15.434886,123.14075,20.433619,18.808836,95.8498,17.29364,-18.641083,95.32864,17.972885,20.638535,70.33708,22.38081,-18.716621,69.66662,23.758383,8.105674,125.76592,-26.938976,-13.491881,125.63727,-25.246677,23.622974,89.52541,-37.20173,-20.014034,86.20763,-35.835037,41.56327,75.95098,-67.37565,-38.62355,80.40251,-75.05505
-1.0351225,105.96055,26.756798,2.0371966,109.46836,28.740284,-4.059438,107.79824,30.114214,7.326989,118.135185,29.2543,-8.744193,117.10636,30.070658,15.805134,123.21382,19.758598,-15.437759,122.787445,20.60794,18.680227,95.735886,17.539433,-18.6738,95.240326,17.980028,21.108067,69.86595,21.9309,-18.768972,69.670906,23.69378,8.243678,125.78377,-26.773537,-13.584308,126.24816,-25.310423,23.803724,89.496735,-36.90775,-20.158632,86.35787,-35.520885,41.797115,76.18643,-66.79167,-38.33991,80.51551,-75.14266
-1.126213,106.12029,26.534044,2.0595582,109.41715,28.693941,-4.0888023,107.88005,29.985746,7.315498,118.15947,29.287045,-8.749811,117.310394,29.951899,15.614857,123.40878,19.769886,-15.3923,122.824196,20.497417,18.575102,95.67104,17.891113,-18.70849,95.21902,17.962862,21.274902,69.71632,21.755554,-18.869589,69.61358,23.635128,8.385812,125.73581,-26.676598,-13.5769,126.41863,-25.386446,23.877253,89.46479,-36.728497,-20.293468,86.6584,-35.356834,41.859207,76.116905,-66.77271,-38.156616,80.613846,-75.04355
-0.9764729,106.10872,26.628967,2.3099582,109.465645,28.54012,-3.8340588,108.145706,30.015629,7.3612885,118.25644,29.237925,-8.693172,117.241264,29.988457,15.484956,123.33817,19.797365,-15.560728,122.88268,20.446009,18.463036,95.70456,17.88227,-18.815071,95.299835,17.964025,21.279102,69.69859,21.744223,-18.986336,69.66951,23.791096,8.506805,125.62648,-26.613604,-13.4908285,126.35604,-25.264458,24.057947,89.410675,-36.62048,-20.512012,86.86743,-35.31957,41.489506,75.88644,-67.195274,-38.083916,80.56561,-75.022705
-0.82977694,105.991135,26.798923,2.3584511,109.539566,28.525782,-3.7831628,108.20096,29.990694,7.366143,118.295105,29.22933,-8.674684,117.07902,29.973274,15.533129,123.02106,19.910816,-15.5845,123.02941,20.420412,18.39065,95.56077,17.863256,-18.937466,95.30033,18.059853,21.21406,69.62518,21.782156,-19.076614,69.65011,23.779554,8.469459,125.495735,-26.554676,-13.618125,126.59818,-25.181738,24.198986,89.33481,-36.66921,-20.325207,86.81556,-35.36494,41.290794,75.892586,-67.45804,-37.992134,80.59917,-75.10545
-0.567025,106.138916,26.688862,2.3473835,109.817924,28.608944,-3.8578835,108.300255,29.572403,7.5091677,118.52801,29.120113,-8.504067,117.126976,29.781492,15.525517,123.07199,19.990946,-15.51908,123.0385,20.543642,18.24353,95.62185,17.725784,-18.810108,95.249146,18.211943,20.974436,69.71594,21.765486,-19.072382,69.50487,23.663654,8.42577,125.22507,-26.456785,-13.708019,126.78144,-24.936615,24.250847,89.28952,-36.517754,-20.472591,86.92958,-35.332417,41.184418,75.91044,-67.36477,-37.949913,80.65896,-75.064926
-0.38098177,106.27851,26.596165,2.411763,110.03749,28.545765,-3.791717,108.421646,29.350914,7.527456,118.81124,29.021112,-8.459005,117.15727,29.705313,15.443082,123.38096,19.982256,-15.475709,122.77965,20.439957,18.217783,95.65765,17.868847,-18.824747,95.13327,18.273703,20.486164,69.58942,22.056194,-19.141903,69.39256,23.716778,8.444623,125.04229,-26.50738,-13.795184,126.82065,-24.955801,24.359138,89.28341,-36.44979,-20.401047,87.064415,-35.34242,41.306362,75.89735,-67.31173,-37.926075,80.46881,-74.98989
-0.2417677,106.42144,26.609598,2.5624669,110.18145,28.543926,-3.6278872,108.54666,29.406527,7.503645,119.02411,29.021305,-8.50741,117.21133,29.723944,15.567334,123.42646,19.9283,-15.409391,122.66157,20.158388,18.252764,95.578186,17.828016,-18.754047,95.139694,18.177366,19.528147,69.393906,22.759932,-19.259104,69.47003,23.656384,8.395025,125.121956,-26.52646,-13.79291,127.07949,-25.23661,24.387505,89.30385,-36.488995,-20.133532,87.185295,-35.36108,41.407825,75.92152,-67.29397,-37.878662,80.58046,-74.90657
-0.02485174,106.44866,26.847595,2.7617652,110.35862,28.471542,-3.2690725,108.503944,29.852081,7.5759416,119.14161,28.950407,-8.433264,117.231155,29.66662,15.353659,123.16115,19.675823,-15.489675,122.61369,20.111639,18.200113,95.455986,17.81073,-18.839094,95.17869,18.120974,18.857466,69.42527,23.301619,-19.405695,69.44231,23.591389,8.29693,125.19867,-26.644192,-13.966192,127.551544,-25.453123,24.368265,89.37093,-36.611176,-19.586061,87.163246,-35.563812,41.580647,76.098465,-67.107315,-37.98088,80.63021,-75.0208
0.059587214,106.42387,26.964092,2.8428571,110.40353,28.420357,-3.0868373,108.459915,30.086195,7.614546,119.137375,28.969934,-8.384001,117.16027,29.798323,15.468472,123.169,19.616684,-15.568929,122.61055,20.348103,18.168947,95.4568,17.834518,-18.857153,95.11344,18.100931,18.625248,69.33409,23.476732,-19.461231,69.35144,23.581686,8.294373,125.313614,-26.670107,-14.018285,127.724075,-25.503027,24.263186,89.397316,-36.734215,-19.177988,87.23874,-35.7782,41.29789,75.99375,-67.49321,-38.08068,80.754555,-75.01881
0.09693864,106.37926,26.979261,2.858688,110.36345,28.462656,-3.0354495,108.33901,30.160196,7.595896,119.15138,29.033182,-8.372947,117.12712,29.79836,15.321453,123.35663,19.794548,-15.626888,122.59344,20.331139,18.126957,95.52768,17.893051,-18.881254,95.091866,18.08662,18.709732,69.41075,23.345264,-19.44833,69.297264,23.65515,8.330074,125.70379,-26.764788,-13.919132,127.62018,-25.528723,24.169493,89.42201,-36.792458,-19.011078,87.141525,-35.83449,41.299023,75.94616,-67.51942,-38.213173,80.83018,-75.09955
-0.039108213,106.42906,27.014542,2.8215613,110.31418,28.572313,-3.1715934,108.498375,30.130007,7.62411,119.07759,29.04649,-8.389225,117.27781,29.729757,15.334612,123.34316,19.773483,-15.627085,122.96004,20.414507,18.147547,95.505875,17.921904,-18.982014,95.3537,18.238419,19.27547,69.47416,22.807106,-19.554806,69.52352,23.682741,8.256436,125.844154,-26.801813,-13.67672,127.16431,-25.593315,24.09409,89.49412,-36.73834,-19.09148,87.226524,-35.854633,41.3582,75.96074,-67.35274,-38.379993,80.794815,-74.99043
-0.122735254,106.40253,26.808804,2.5995417,110.28131,28.60202,-3.1404753,107.86199,30.346697,7.564824,119.012184,29.073795,-8.453769,117.22771,29.67394,15.17067,123.414345,19.873499,-15.701545,123.12938,20.34549,18.224483,95.64378,17.980162,-19.049162,95.46624,18.261011,20.15425,69.65001,22.101099,-19.61242,69.57503,23.652964,8.222766,125.958405,-26.797005,-13.475058,127.181564,-25.68461,23.973175,89.49251,-36.630974,-19.179775,87.36072,-35.86535,41.531578,76.23735,-66.92007,-38.70635,80.77576,-74.82147
-0.10602708,106.48083,26.743166,2.7243872,110.29913,28.507029,-3.147616,108.17973,30.156036,7.5334563,119.08764,29.17665,-8.477797,117.2412,29.741884,15.29213,123.51336,19.91291,-15.6723995,122.95143,20.27374,18.229088,95.63381,17.950909,-18.986212,95.44048,18.192862,20.354973,69.47559,22.007648,-19.595896,69.570404,23.601475,8.322274,126.00341,-26.79087,-13.546456,127.12768,-25.563467,23.989712,89.39988,-36.493896,-19.307276,87.368935,-35.853634,41.632843,76.29079,-66.830315,-39.239185,80.400215,-74.73213
-0.23669294,106.65015,26.693487,2.6981802,110.35739,28.513796,-3.285592,108.462585,30.039478,7.478644,119.166336,29.332035,-8.541128,117.46479,29.754368,15.122269,123.59968,19.931728,-15.68574,123.268425,20.259422,18.215506,95.73976,17.966621,-18.97633,95.61939,18.281603,19.93733,69.50263,22.238499,-19.570986,69.60345,23.520323,8.369745,125.8574,-26.715553,-13.428277,127.21027,-25.655169,23.97549,89.30903,-36.573826,-18.96859,87.28346,-35.715176,41.42541,76.01621,-67.19568,-38.529243,80.660324,-74.67596
-0.53570044,106.74805,26.59077,2.5301485,110.29268,28.532534,-3.6819346,108.90722,29.629972,7.367929,119.15324,29.346498,-8.664906,117.65117,29.765882,15.056696,123.4668,19.897697,-15.697023,123.357414,20.364037,18.085144,95.68203,17.823717,-18.969215,95.7494,18.385439,20.457022,69.61414,21.843609,-19.509056,69.770164,23.465754,8.428277,125.6498,-26.650146,-13.445905,127.28694,-25.695818,24.062551,89.298355,-36.383293,-18.900091,87.32027,-35.50864,41.576675,76.29097,-66.78179,-38.160614,80.67292,-74.62622
-0.6623521,106.706825,26.589108,2.4426978,110.26854,28.434008,-3.8176656,109.05033,29.475788,7.2905374,119.11859,29.23465,-8.755272,117.64155,29.713432,15.014612,123.1585,19.927528,-15.696814,123.364426,20.447254,18.162617,95.52323,17.753023,-18.992346,95.77787,18.385395,20.546577,69.519844,21.684118,-19.515553,69.836685,23.455774,8.376353,125.98609,-26.606827,-13.484467,127.36546,-25.70581,24.031494,89.38292,-36.29046,-18.803034,87.38167,-35.365902,41.662197,76.37437,-66.60993,-37.799587,80.789856,-74.52115
-0.6643687,106.63286,26.775532,2.476981,110.29844,28.324923,-3.7568567,109.172226,29.572893,7.145769,119.13047,29.209461,-8.902052,117.47949,29.764017,15.088214,123.01022,20.024296,-15.705066,123.24109,20.56716,18.01763,95.47484,17.637993,-19.030037,95.88615,18.459497,20.55053,69.46592,21.637247,-19.59082,69.94795,23.41144,8.399204,126.17871,-26.68066,-13.314836,127.503975,-25.845303,24.11226,89.557625,-36.32029,-18.735725,87.4708,-35.312405,41.491783,76.172714,-66.65052,-37.58261,80.60261,-74.57529
-0.6252764,106.56457,26.685013,2.443739,110.23709,28.354523,-3.6660368,108.7431,29.816868,6.9888716,119.144226,29.265984,-9.038348,117.25335,29.759909,15.068433,123.33497,20.178814,-15.766661,123.448006,20.509565,17.93422,95.60435,17.651253,-19.01191,95.92075,18.450832,20.568657,69.51684,21.639101,-19.595827,69.947296,23.486345,8.670743,126.04863,-26.551306,-13.025549,127.63722,-25.83017,24.168184,89.48071,-36.39149,-18.601532,87.5779,-35.331028,41.06852,75.77185,-67.09564,-37.580227,80.743935,-74.598564
-0.8193958,106.616,26.54566,2.3742454,110.116905,28.360151,-3.799375,108.820175,29.721195,6.963351,119.13268,29.147776,-9.07,117.396164,29.758318,15.082103,123.59795,20.221663,-15.74088,123.418976,20.42912,17.901152,95.68433,17.728132,-18.931257,95.87618,18.480743,20.458626,69.598885,21.714216,-19.600206,69.876785,23.541496,8.766718,126.16975,-26.545774,-13.066623,127.606514,-25.53032,24.29642,89.51728,-36.323025,-18.294825,87.54095,-35.438725,41.007004,75.71987,-67.16499,-37.527058,80.90884,-74.64563
-0.97007674,106.5223,26.565992,2.2343738,109.99517,28.4103,-4.101726,109.08284,29.290596,7.0045815,118.94773,29.075039,-9.046601,117.4464,29.74903,15.431502,123.2722,20.073118,-15.770158,123.19357,20.288353,18.022995,95.53596,17.78652,-18.882326,95.752754,18.48797,20.318954,69.41932,21.850555,-19.770056,69.87642,23.651281,8.800094,126.1958,-26.557058,-13.161252,127.51934,-25.290043,24.385752,89.561905,-36.242626,-18.031061,87.575226,-35.505505,41.079433,75.8257,-67.01672,-37.544434,80.80712,-74.6168
-1.1333376,106.43202,26.541088,2.204145,109.82076,28.299385,-4.2053876,109.34463,28.969122,7.035608,118.72732,29.0212,-9.014764,117.499084,29.748753,15.586029,123.03105,20.048115,-15.805753,123.32271,20.25944,17.970469,95.44583,17.828154,-18.877552,95.73843,18.308723,19.794088,69.34833,22.379927,-19.737972,69.903206,23.539265,8.926034,126.260086,-26.510569,-13.020689,127.464325,-25.318272,24.344505,89.533714,-36.121365,-17.76099,87.510155,-35.796295,41.36836,76.24274,-66.53985,-37.67279,80.856895,-74.65682
-1.285597,106.468994,26.500517,2.1835063,109.7522,28.205025,-4.1458097,109.19747,29.355106,7.0255785,118.645096,29.038193,-9.035261,117.62679,29.7757,15.592686,122.99973,20.149889,-15.91098,123.45087,20.159842,17.92846,95.47266,17.918753,-18.983816,95.80583,18.31945,20.113834,69.51209,22.073719,-19.864895,69.90098,23.43401,8.940581,126.091896,-26.491606,-12.655462,127.13675,-25.41929,24.254936,89.490845,-36.067642,-17.538721,87.48184,-36.014572,41.499233,76.28938,-66.32111,-38.118275,80.81781,-74.615974
-1.3542212,106.437294,26.729485,2.2620332,109.65271,28.255552,-4.1324525,109.65345,29.135576,7.1160836,118.58158,28.940376,-8.97051,117.71171,29.807093,15.528126,123.05438,20.002026,-15.8996935,123.452515,20.069487,18.093063,95.41781,17.877787,-18.888405,95.766205,18.320833,20.108213,69.51657,22.193151,-19.817217,69.82789,23.408709,8.910989,125.89623,-26.397144,-12.602096,127.06613,-25.316757,24.333673,89.386406,-36.04448,-17.249094,87.459785,-36.12338,41.573544,76.44891,-66.346924,-39.01204,80.30149,-74.51139
-1.4024773,106.46023,26.709965,2.3035586,109.57074,28.23599,-4.110645,109.91029,28.858412,7.192239,118.486984,28.924839,-8.906432,117.82129,29.741388,15.488768,123.13321,19.970924,-15.851741,123.49063,20.108353,18.1822,95.386185,17.944149,-18.847927,95.67718,18.383022,19.336494,69.35516,22.74968,-19.761127,69.78277,23.439842,8.857391,126.10845,-26.429804,-12.458691,127.02322,-25.448101,24.32888,89.43815,-36.08131,-16.990011,87.35907,-36.096767,41.45813,76.40877,-66.54352,-38.81861,80.16277,-74.467064
-1.443112,106.36412,26.633469,2.1783962,109.55879,28.178349,-4.2571716,109.72893,28.76831,7.155522,118.4263,28.93103,-8.92619,117.74395,29.707987,15.318498,123.38085,20.125858,-15.906685,123.45965,20.143143,18.140713,95.4155,17.978777,-18.885296,95.61549,18.370274,18.963638,69.30484,23.041227,-19.80411,69.70416,23.5181,8.91118,126.1635,-26.397717,-12.3709345,127.10641,-25.55681,24.165323,89.1641,-36.123234,-16.834549,87.260414,-35.76435,41.017216,76.11001,-67.103325,-37.42244,80.51318,-74.45109
-1.4818155,106.37391,26.673368,2.2151694,109.5266,28.128487,-4.161647,109.63385,29.12533,7.1074324,118.37518,29.143547,-8.984776,117.761024,29.693468,15.088003,123.40601,20.234037,-15.886315,123.507774,20.207335,18.110184,95.50368,17.954782,-18.861029,95.659874,18.229996,18.835129,69.355446,23.024744,-19.882736,69.757996,23.474691,8.935791,126.18988,-26.405605,-12.427136,127.052444,-25.674221,24.180609,89.169235,-36.14638,-16.737024,87.16576,-35.67132,40.75139,76.014114,-67.30531,-36.801224,80.65152,-74.68694
-1.4624354,106.33217,26.598717,2.2197802,109.47469,28.114227,-4.0679564,109.21193,29.548756,7.0890236,118.29975,29.233765,-9.010102,117.68639,29.685467,15.080903,123.3227,20.1853,-15.936735,123.583664,20.297352,18.379957,95.693146,17.98196,-19.110128,95.68721,18.137049,18.869448,69.37436,22.957695,-19.9525,69.83122,23.432161,8.91284,126.15429,-26.527248,-12.668275,127.11199,-25.731253,24.077135,89.14679,-36.240883,-16.70208,87.06769,-35.61566,40.820377,75.85161,-67.31902,-36.539253,80.61699,-74.73838
-1.4596213,106.25809,26.595728,2.2147279,109.37224,28.18634,-4.089365,109.11545,29.546741,6.9871607,118.34558,29.217611,-9.096374,117.54388,29.732508,15.210914,123.23208,20.09334,-15.92946,123.647385,20.23585,18.057766,95.401375,17.807962,-19.1361,95.67462,18.140984,19.00489,69.1876,22.880089,-19.95685,69.82242,23.436907,9.091491,126.20297,-26.500834,-12.776225,127.4039,-25.885118,23.95562,89.02063,-36.11269,-16.662884,87.07402,-35.610466,40.91944,75.78697,-67.04378,-36.335133,80.58177,-74.72118
-1.5979844,106.231415,26.5187,2.095106,109.293945,28.171368,-4.302402,109.44312,29.008965,6.917671,118.25207,29.15509,-9.176285,117.4814,29.810156,15.254236,123.247444,19.995832,-15.93867,123.52271,20.157213,18.058193,95.37726,17.92849,-19.04414,95.61013,18.216547,19.265694,69.16037,22.739746,-19.970997,69.7246,23.439518,9.100528,126.21556,-26.464216,-12.8806505,127.539925,-26.0427,23.778051,88.920586,-35.91435,-16.588865,87.13532,-35.55818,41.2578,76.39298,-66.437836,-36.227287,80.60781,-74.72435
-1.7552606,106.22681,26.471478,1.8660474,109.27616,28.282131,-4.583619,109.57344,28.614153,6.8375177,118.18034,29.16733,-9.247436,117.55512,29.776962,15.403069,122.84235,19.967196,-16.056078,123.449326,20.247696,18.057512,95.32042,17.88409,-18.961111,95.51578,18.317211,20.03088,69.27491,22.182724,-20.029411,69.65392,23.642084,9.13799,126.07577,-26.381897,-12.795448,127.53996,-26.081585,23.692846,88.8688,-35.682327,-16.671396,87.10262,-35.46823,41.31653,76.60379,-66.207504,-36.242634,80.53003,-74.731514
-1.8106432,106.19473,26.43935,1.863353,109.23096,28.171259,-4.571431,109.64852,28.504604,6.8525877,118.09223,29.150778,-9.236831,117.54673,29.801783,15.265821,123.14328,19.971027,-16.271818,123.23943,20.192774,18.184835,95.4235,17.82023,-18.884682,95.50603,18.237522,20.169174,69.37495,22.128008,-20.04544,69.72926,23.714062,9.254779,126.08837,-26.378902,-12.73009,127.58125,-25.955076,23.5795,88.85157,-35.61877,-16.687077,87.092896,-35.421593,41.26188,76.61652,-66.090576,-36.193916,80.537415,-74.66648
-1.8326617,106.31237,26.430378,1.8239192,109.33154,28.225258,-4.6103287,109.93137,28.163385,6.8898225,118.14988,29.126114,-9.21195,117.66875,29.827787,15.345087,123.1323,19.87435,-16.280207,123.19008,20.1591,18.698063,95.76218,17.8864,-18.924473,95.536316,18.149021,19.513956,69.38219,22.574205,-20.018772,69.84243,23.668766,9.30235,125.99955,-26.435768,-12.567278,127.61217,-26.029503,23.43151,88.722534,-35.665474,-16.663704,87.19843,-35.401474,41.244526,76.608444,-65.91927,-36.13986,80.478096,-74.63327
