# Blender v2.82 (sub 7) OBJ File: ''
# www.blender.org
mtllib parasite.mtl
o Cone
v 0.178272 0.401445 1.188372
v 0.409922 0.157807 1.188372
v 0.401445 -0.178272 1.188372
v 0.157807 -0.409922 1.188372
v -0.178272 -0.401445 1.188372
v -0.409922 -0.157807 1.188372
v -0.401445 0.178272 1.188372
v -0.157807 0.409922 1.188372
v 0.000000 0.000000 1.644866
v -0.226653 0.554562 0.054472
v -0.226653 0.554562 1.252655
v 0.231866 0.552402 0.054472
v 0.231866 0.552402 1.252655
v 0.554562 0.226653 0.054472
v 0.554562 0.226653 1.252655
v 0.552402 -0.231866 0.054472
v 0.552402 -0.231866 1.252654
v 0.226653 -0.554562 0.054472
v 0.226653 -0.554562 1.252654
v -0.231866 -0.552402 0.054472
v -0.231866 -0.552402 1.252654
v -0.554562 -0.226653 0.054472
v -0.554562 -0.226653 1.252654
v -0.552402 0.231866 0.054472
v -0.552402 0.231866 1.252654
v 0.180199 0.026666 -3.934802
v 0.177248 0.020288 -3.945449
v 0.179539 0.014895 -3.971401
v 0.183364 0.022349 -3.953332
v 0.170439 0.024349 -3.934802
v 0.170638 0.019847 -3.953332
v 0.164785 0.025055 -3.953298
v 0.170024 0.021457 -3.969102
v 0.168635 0.028062 -3.971793
v 0.175999 0.023508 -3.976987
v 0.178347 0.030379 -3.971793
v 0.182729 0.023959 -3.969102
v 0.184258 0.029690 -3.953298
v 0.178028 0.042409 -3.899235
v 0.170184 0.039562 -3.894744
v 0.167939 0.071372 -3.841043
v 0.157062 0.065764 -3.834059
v 0.145501 0.061592 -3.841043
v 0.161999 0.037627 -3.899235
v 0.155677 0.037274 -3.912706
v 0.136318 0.060191 -3.861997
v 0.131270 0.061533 -3.889935
v 0.152442 0.038384 -3.930668
v 0.153542 0.040845 -3.948630
v 0.132126 0.065636 -3.917873
v 0.137983 0.071181 -3.938826
v 0.158202 0.043884 -3.962101
v 0.165744 0.046724 -3.966591
v 0.148164 0.076823 -3.945811
v 0.159871 0.081142 -3.938826
v 0.174050 0.048687 -3.962101
v 0.180785 0.049071 -3.948630
v 0.169876 0.082645 -3.917873
v 0.175641 0.081274 -3.889935
v 0.184331 0.047968 -3.930668
v 0.183095 0.045478 -3.912706
v 0.174606 0.077023 -3.861997
v 0.148305 0.101137 -3.787044
v 0.137100 0.091947 -3.778164
v 0.121692 0.131101 -3.735361
v 0.112180 0.117410 -3.724916
v 0.100765 0.106001 -3.735361
v 0.124665 0.084628 -3.787044
v 0.114267 0.081343 -3.813683
v 0.090438 0.100015 -3.766692
v 0.083459 0.100011 -3.808469
v 0.107987 0.082311 -3.849201
v 0.107851 0.087891 -3.884720
v 0.081942 0.106859 -3.850245
v 0.085503 0.118317 -3.881577
v 0.113122 0.096266 -3.911360
v 0.123372 0.105553 -3.920239
v 0.094061 0.132072 -3.892019
v 0.105196 0.144487 -3.881577
v 0.135789 0.113328 -3.911360
v 0.147098 0.116943 -3.884720
v 0.116174 0.151361 -3.850245
v 0.124115 0.151340 -3.808469
v 0.154352 0.115893 -3.849201
v 0.154468 0.109853 -3.813683
v 0.125879 0.143468 -3.766692
v 0.090806 0.159621 -3.684119
v 0.084179 0.140654 -3.672174
v 0.057795 0.183860 -3.635670
v 0.054618 0.160049 -3.622623
v 0.048425 0.139169 -3.635670
v 0.074987 0.124380 -3.684119
v 0.065614 0.115017 -3.719954
v 0.040742 0.126411 -3.674813
v 0.033739 0.123063 -3.727002
v 0.058369 0.113498 -3.767735
v 0.055355 0.121293 -3.815516
v 0.029387 0.131146 -3.779192
v 0.028303 0.147941 -3.818334
v 0.056661 0.135839 -3.851351
v 0.062587 0.154583 -3.863297
v 0.031189 0.170936 -3.831381
v 0.036883 0.194218 -3.818334
v 0.071294 0.172613 -3.851351
v 0.080869 0.183864 -3.815516
v 0.044357 0.210017 -3.779192
v 0.051638 0.214268 -3.727002
v 0.088809 0.185682 -3.767735
v 0.092288 0.176086 -3.719954
v 0.056483 0.203760 -3.674813
v 0.024088 0.200059 -3.592365
v 0.024450 0.173567 -3.578951
v -0.008909 0.206319 -3.551632
v -0.005268 0.179364 -3.538217
v -0.004653 0.154279 -3.551632
v 0.021693 0.149719 -3.592365
v 0.016318 0.134380 -3.632611
v -0.007571 0.137294 -3.591877
v -0.012747 0.130432 -3.645536
v 0.010115 0.129192 -3.686269
v 0.004737 0.136569 -3.739928
v -0.018973 0.136362 -3.699195
v -0.024620 0.152645 -3.739440
v 0.001331 0.153855 -3.780172
v 0.001027 0.178836 -3.793588
v -0.028094 0.177497 -3.752854
v -0.028877 0.204686 -3.739440
v 0.003457 0.205166 -3.780172
v 0.008457 0.224243 -3.739928
v -0.026274 0.225626 -3.699195
v -0.021268 0.234609 -3.645536
v 0.014593 0.230989 -3.686269
v 0.020299 0.221130 -3.632611
v -0.014872 0.226558 -3.591877
v -0.040938 0.201535 -3.510899
v -0.034240 0.175951 -3.497486
v -0.072619 0.186132 -3.470167
v -0.062723 0.163611 -3.456752
v -0.055749 0.140893 -3.470167
v -0.030474 0.151254 -3.510899
v -0.031033 0.133643 -3.551143
v -0.053905 0.123742 -3.510411
v -0.056919 0.114803 -3.564070
v -0.035164 0.125489 -3.604802
v -0.042168 0.129596 -3.658462
v -0.064654 0.116907 -3.617728
v -0.074759 0.128370 -3.657972
v -0.050012 0.143854 -3.698706
v -0.056649 0.166934 -3.712121
v -0.084788 0.148306 -3.671388
v -0.092246 0.171781 -3.657972
v -0.060613 0.193132 -3.698706
v -0.060280 0.214540 -3.658462
v -0.094398 0.192163 -3.617728
v -0.091262 0.203707 -3.564070
v -0.056210 0.225198 -3.604802
v -0.049010 0.219542 -3.551143
v -0.083042 0.200753 -3.510411
v -0.104161 0.161500 -3.429433
v -0.090708 0.143384 -3.416019
v -0.135053 0.130511 -3.388701
v -0.117702 0.117438 -3.375285
v -0.103507 0.102169 -3.388701
v -0.080268 0.123980 -3.429433
v -0.075839 0.108301 -3.469676
v -0.096258 0.088709 -3.428944
v -0.096504 0.079843 -3.482604
v -0.077579 0.099143 -3.523336
v -0.085941 0.099261 -3.576996
v -0.105281 0.078161 -3.536262
v -0.119850 0.083070 -3.576507
v -0.098339 0.107485 -3.617239
v -0.112044 0.123341 -3.630655
v -0.137355 0.094483 -3.589921
v -0.153194 0.109331 -3.576507
v -0.123487 0.142804 -3.617239
v -0.128605 0.160738 -3.576996
v -0.161841 0.123994 -3.536262
v -0.161504 0.134538 -3.482604
v -0.126648 0.172204 -3.523336
v -0.117272 0.171935 -3.469676
v -0.151057 0.136581 -3.428944
v -0.163559 0.096019 -3.347967
v -0.142315 0.087986 -3.334553
v -0.187357 0.060722 -3.307234
v -0.162760 0.057236 -3.293819
v -0.141265 0.050643 -3.307234
v -0.124301 0.077146 -3.347967
v -0.114100 0.066338 -3.388211
v -0.128198 0.042591 -3.347478
v -0.124844 0.035338 -3.401137
v -0.112623 0.058160 -3.441870
v -0.121453 0.054964 -3.495529
v -0.133253 0.030922 -3.454796
v -0.150632 0.029940 -3.495041
v -0.137781 0.056756 -3.535774
v -0.158804 0.063831 -3.549188
v -0.174399 0.033089 -3.508456
v -0.198446 0.039136 -3.495041
v -0.179041 0.074062 -3.535774
v -0.191571 0.085201 -3.495529
v -0.214696 0.046981 -3.454796
v -0.218971 0.054560 -3.401137
v -0.193363 0.094331 -3.441870
v -0.182257 0.098110 -3.388211
v -0.207993 0.059510 -3.347478
v -0.203505 0.026218 -3.266501
v -0.176781 0.026595 -3.253085
v -0.209907 -0.006900 -3.225768
v -0.182735 -0.003234 -3.212353
v -0.157366 -0.002603 -3.225768
v -0.152686 0.023829 -3.266501
v -0.137178 0.018433 -3.306745
v -0.140160 -0.005513 -3.266013
v -0.133207 -0.010685 -3.319670
v -0.131938 0.012210 -3.360404
v -0.139383 0.006814 -3.414063
v -0.139191 -0.016913 -3.373329
v -0.155630 -0.022567 -3.413574
v -0.156832 0.003391 -3.454307
v -0.182052 0.003072 -3.467722
v -0.180722 -0.026059 -3.426989
v -0.208153 -0.026863 -3.413574
v -0.208618 0.005493 -3.454307
v -0.227846 0.010502 -3.414063
v -0.229257 -0.024279 -3.373329
v -0.238310 -0.019282 -3.319670
v -0.234642 0.016660 -3.360404
v -0.224718 0.022397 -3.306745
v -0.230238 -0.012880 -3.266013
v -0.205234 -0.038956 -3.185034
v -0.179452 -0.032253 -3.171620
v -0.189909 -0.070613 -3.144302
v -0.167211 -0.060757 -3.130887
v -0.144163 -0.053741 -3.144302
v -0.154443 -0.028455 -3.185034
v -0.136553 -0.028974 -3.225279
v -0.126678 -0.051814 -3.184546
v -0.117543 -0.054748 -3.238204
v -0.128258 -0.033070 -3.278938
v -0.132388 -0.040048 -3.332597
v -0.119624 -0.062415 -3.291864
v -0.131189 -0.072460 -3.332108
v -0.146783 -0.047876 -3.372841
v -0.170088 -0.054508 -3.386255
v -0.151321 -0.082442 -3.345523
v -0.175032 -0.089875 -3.332108
v -0.196532 -0.058483 -3.372841
v -0.218119 -0.058176 -3.332597
v -0.195616 -0.092048 -3.291864
v -0.207324 -0.088993 -3.238204
v -0.228883 -0.054145 -3.278938
v -0.223270 -0.046993 -3.225279
v -0.204491 -0.080908 -3.184546
v -0.165305 -0.102142 -3.103568
v -0.147049 -0.088792 -3.090153
v -0.134288 -0.133101 -3.062835
v -0.121121 -0.115927 -3.049421
v -0.105519 -0.101657 -3.062835
v -0.127307 -0.078300 -3.103568
v -0.111248 -0.073726 -3.143812
v -0.091647 -0.094181 -3.103080
v -0.082489 -0.094195 -3.156739
v -0.101841 -0.075322 -3.197473
v -0.101886 -0.083555 -3.251131
v -0.080690 -0.102764 -3.210397
v -0.085610 -0.117142 -3.250642
v -0.110166 -0.095834 -3.291375
v -0.126175 -0.109431 -3.304789
v -0.097130 -0.134472 -3.264056
v -0.112145 -0.150182 -3.250642
v -0.145841 -0.120799 -3.291375
v -0.163995 -0.125931 -3.251130
v -0.127023 -0.158842 -3.210397
v -0.137838 -0.158722 -3.156739
v -0.175690 -0.124113 -3.197473
v -0.175627 -0.114996 -3.143812
v -0.140165 -0.148688 -3.103080
v -0.099689 -0.161817 -3.022102
v -0.091603 -0.140824 -3.008687
v -0.064146 -0.186009 -2.981368
v -0.060640 -0.161723 -2.967953
v -0.053784 -0.140066 -2.981368
v -0.080450 -0.122699 -3.022102
v -0.069227 -0.112161 -3.062346
v -0.045358 -0.126535 -3.021613
v -0.037818 -0.122707 -3.075272
v -0.060741 -0.110342 -3.116005
v -0.057400 -0.118869 -3.169664
v -0.033259 -0.130708 -3.128931
v -0.032238 -0.147740 -3.169176
v -0.059168 -0.134928 -3.209908
v -0.066310 -0.155710 -3.223323
v -0.035425 -0.171212 -3.182590
v -0.041564 -0.195070 -3.169176
v -0.076669 -0.175775 -3.209908
v -0.088009 -0.188334 -3.169664
v -0.049575 -0.211412 -3.128931
v -0.057413 -0.216133 -3.075272
v -0.097427 -0.190444 -3.116005
v -0.101535 -0.179925 -3.062346
v -0.062684 -0.205906 -3.021613
v -0.029179 -0.202764 -2.940636
v -0.029567 -0.176370 -2.927220
v 0.004693 -0.209958 -2.899902
v 0.000981 -0.183105 -2.886488
v 0.000396 -0.157423 -2.899902
v -0.026624 -0.152047 -2.940636
v -0.020953 -0.135937 -2.980880
v 0.003417 -0.139473 -2.940146
v 0.008668 -0.131766 -2.993806
v -0.014517 -0.130081 -3.034539
v -0.009020 -0.137013 -3.088197
v 0.014909 -0.137132 -3.047465
v 0.020537 -0.153098 -3.087709
v -0.005574 -0.154043 -3.128442
v -0.005279 -0.178935 -3.141857
v 0.024001 -0.177855 -3.101125
v 0.024796 -0.205162 -3.087709
v -0.007755 -0.205334 -3.128442
v -0.012861 -0.224743 -3.088197
v 0.022223 -0.226552 -3.047465
v 0.017223 -0.236354 -2.993806
v -0.019189 -0.232132 -3.034539
v -0.025157 -0.223125 -2.980880
v 0.010768 -0.229348 -2.940146
v 0.037837 -0.206197 -2.859169
v 0.031049 -0.180702 -2.845754
v 0.070921 -0.191820 -2.818436
v 0.060936 -0.169354 -2.805020
v 0.053576 -0.145770 -2.818436
v 0.027121 -0.155275 -2.859169
v 0.027524 -0.136500 -2.899414
v 0.051248 -0.127268 -2.858680
v 0.053823 -0.117149 -2.912339
v 0.031505 -0.127326 -2.953072
v 0.038361 -0.130759 -3.006732
v 0.061196 -0.118484 -2.965998
v 0.071025 -0.129541 -3.006242
v 0.046080 -0.144647 -3.046975
v 0.052669 -0.167643 -3.060391
v 0.080940 -0.149417 -3.019658
v 0.088487 -0.173146 -3.006242
v 0.056687 -0.194019 -3.046975
v 0.056549 -0.216005 -3.006732
v 0.091030 -0.194234 -2.965998
v 0.088525 -0.206943 -2.912339
v 0.052763 -0.227660 -2.953072
v 0.045814 -0.223231 -2.899414
v 0.080960 -0.205375 -2.858680
v 0.104167 -0.168074 -2.777703
v 0.090648 -0.149958 -2.764288
v 0.137050 -0.137618 -2.736970
v 0.119678 -0.124484 -2.723555
v 0.104585 -0.108140 -2.736970
v 0.079574 -0.129562 -2.777703
v 0.074276 -0.112379 -2.817947
v 0.096044 -0.093086 -2.777214
v 0.095115 -0.082849 -2.830873
v 0.075231 -0.101917 -2.871607
v 0.082972 -0.101199 -2.925265
v 0.102984 -0.080308 -2.884533
v 0.116902 -0.084810 -2.924776
v 0.094915 -0.109003 -2.965509
v 0.108423 -0.124839 -2.978924
v 0.134126 -0.096247 -2.938191
v 0.150126 -0.111497 -2.924776
v 0.119990 -0.144635 -2.965509
v 0.125718 -0.163396 -2.925265
v 0.159618 -0.127070 -2.884533
v 0.160731 -0.138997 -2.830873
v 0.124788 -0.176165 -2.871607
v 0.116544 -0.177394 -2.817947
v 0.151927 -0.142580 -2.777214
v 0.167794 -0.103018 -2.696237
v 0.146588 -0.094889 -2.682822
v 0.194025 -0.066662 -2.655504
v 0.169524 -0.063102 -2.642087
v 0.146615 -0.055569 -2.655504
v 0.127414 -0.082973 -2.696237
v 0.115473 -0.070589 -2.736481
v 0.131363 -0.046116 -2.695748
v 0.125997 -0.037661 -2.749407
v 0.112407 -0.061065 -2.790139
v 0.120029 -0.057042 -2.843799
v 0.132904 -0.032522 -2.803066
v 0.149267 -0.031242 -2.843310
v 0.135515 -0.058468 -2.884043
v 0.156182 -0.065607 -2.897458
v 0.172632 -0.034471 -2.856724
v 0.196975 -0.040907 -2.843310
v 0.176631 -0.076268 -2.884043
v 0.190249 -0.088321 -2.843799
v 0.214596 -0.049542 -2.803066
v 0.221156 -0.058291 -2.749407
v 0.193911 -0.098807 -2.790139
v 0.184959 -0.104066 -2.736481
v 0.212779 -0.064532 -2.695748
v 0.212756 -0.029861 -2.614771
v 0.186135 -0.030281 -2.601356
v 0.221788 0.006952 -2.574037
v 0.194671 0.003019 -2.560622
v 0.167389 0.002503 -2.574037
v 0.160379 -0.026888 -2.614771
v 0.142260 -0.020461 -2.655015
v 0.147176 0.005859 -2.614281
v 0.137442 0.011471 -2.667941
v 0.134604 -0.013334 -2.708673
v 0.140277 -0.007402 -2.762333
v 0.141421 0.017959 -2.721600
v 0.156616 0.023699 -2.761844
v 0.156571 -0.003775 -2.802577
v 0.181386 -0.003514 -2.815992
v 0.181355 0.027204 -2.775259
v 0.209386 0.028015 -2.761844
v 0.208388 -0.006183 -2.802577
v 0.229279 -0.011693 -2.762333
v 0.232439 0.025403 -2.721600
v 0.244533 0.020231 -2.667941
v 0.238756 -0.018635 -2.708673
v 0.231827 -0.025303 -2.655015
v 0.239783 0.013434 -2.614281
v 0.219602 0.044090 -2.533304
v 0.193785 0.036803 -2.519889
v 0.206384 0.082010 -2.492571
v 0.183515 0.071197 -2.479156
v 0.158031 0.062766 -2.492571
v 0.166601 0.032423 -2.533304
v 0.145349 0.032598 -2.573548
v 0.136886 0.059538 -2.532815
v 0.124424 0.061526 -2.586474
v 0.133963 0.036509 -2.627207
v 0.135921 0.043382 -2.680866
v 0.124238 0.068650 -2.640132
v 0.134568 0.078480 -2.680378
v 0.149044 0.051154 -2.721111
v 0.172108 0.057921 -2.734525
v 0.154623 0.088757 -2.693792
v 0.179336 0.097016 -2.680378
v 0.199333 0.062267 -2.721111
v 0.223135 0.062581 -2.680866
v 0.202362 0.100588 -2.640132
v 0.217624 0.099132 -2.586474
v 0.237238 0.059189 -2.627207
v 0.235187 0.052336 -2.573548
v 0.218489 0.092163 -2.532815
v 0.183145 0.120601 -2.451838
v 0.164523 0.105924 -2.438423
v 0.152212 0.158959 -2.411105
v 0.138504 0.140149 -2.397690
v 0.120143 0.122699 -2.411105
v 0.142125 0.093122 -2.451838
v 0.122206 0.086190 -2.492082
v 0.102370 0.111780 -2.451349
v 0.089752 0.109098 -2.505008
v 0.109338 0.085987 -2.545740
v 0.107099 0.093185 -2.599400
v 0.085734 0.116113 -2.558667
v 0.089643 0.129919 -2.598912
v 0.114239 0.105075 -2.639644
v 0.130365 0.119151 -2.653060
v 0.101450 0.147913 -2.612326
v 0.117879 0.165442 -2.598911
v 0.151273 0.131844 -2.639644
v 0.172068 0.139213 -2.599400
v 0.135505 0.177163 -2.558667
v 0.149988 0.180674 -2.505008
v 0.187429 0.140019 -2.545740
v 0.191075 0.132905 -2.492082
v 0.155892 0.173540 -2.451349
v 0.115767 0.194928 -2.370371
v 0.107094 0.172088 -2.356957
v 0.075887 0.225861 -2.329638
v 0.071967 0.199615 -2.316223
v 0.062908 0.173351 -2.329638
v 0.093300 0.150006 -2.370371
v 0.078371 0.134989 -2.410616
v 0.051285 0.154402 -2.369884
v 0.040877 0.146164 -2.423542
v 0.066608 0.129589 -2.464274
v 0.061203 0.136045 -2.517934
v 0.034500 0.151604 -2.477200
v 0.032725 0.167712 -2.517446
v 0.062097 0.151349 -2.558178
v 0.069616 0.172966 -2.571593
v 0.036242 0.192177 -2.530860
v 0.043597 0.218699 -2.517445
v 0.081408 0.195301 -2.558178
v 0.095384 0.211664 -2.517934
v 0.053825 0.239482 -2.477200
v 0.064577 0.249519 -2.423542
v 0.108245 0.218315 -2.464274
v 0.115643 0.211542 -2.410616
v 0.072672 0.243785 -2.369884
v 0.033700 0.248542 -2.288905
v 0.034126 0.220129 -2.275491
v -0.010301 0.260632 -2.248172
v -0.005818 0.231687 -2.234757
v -0.005381 0.200486 -2.248172
v 0.029810 0.190684 -2.288905
v 0.021825 0.168350 -2.329149
v -0.009451 0.175671 -2.288416
v -0.015959 0.162195 -2.342075
v 0.013191 0.157348 -2.382808
v 0.006224 0.161281 -2.436468
v -0.023216 0.164198 -2.395734
v -0.029462 0.179009 -2.435978
v 0.002110 0.177249 -2.476712
v 0.001920 0.203289 -2.490127
v -0.033225 0.205083 -2.449393
v -0.034102 0.235737 -2.435978
v 0.005109 0.232706 -2.476712
v 0.011642 0.257098 -2.436468
v -0.031262 0.262574 -2.395734
v -0.025500 0.278847 -2.342075
v 0.019991 0.270444 -2.382808
v 0.028114 0.266532 -2.329149
v -0.017771 0.277392 -2.288416
v -0.056075 0.260418 -2.207439
v -0.047571 0.232720 -2.194023
v -0.103467 0.247866 -2.166706
v -0.090733 0.223051 -2.153291
v -0.080279 0.193449 -2.166706
v -0.042251 0.201473 -2.207439
v -0.042119 0.175374 -2.247683
v -0.075638 0.167356 -2.206950
v -0.076942 0.150730 -2.260609
v -0.046173 0.159968 -2.301342
v -0.053486 0.159759 -2.355001
v -0.084126 0.148253 -2.314268
v -0.094505 0.158119 -2.354512
v -0.061791 0.172453 -2.395246
v -0.069232 0.196953 -2.408661
v -0.105903 0.179685 -2.367927
v -0.115724 0.207371 -2.354512
v -0.074362 0.226994 -2.395246
v -0.075420 0.254817 -2.355001
v -0.121097 0.234612 -2.314268
v -0.121133 0.254431 -2.260609
v -0.072436 0.273336 -2.301342
v -0.065282 0.274727 -2.247683
v -0.114543 0.258755 -2.206950
v -0.151587 0.223631 -2.125973
v -0.134358 0.203040 -2.112558
v -0.198786 0.189685 -2.085240
v -0.176944 0.174103 -2.071825
v -0.155599 0.151937 -2.085240
v -0.118511 0.176590 -2.125973
v -0.109088 0.151786 -2.166216
v -0.141241 0.129532 -2.125484
v -0.136284 0.112902 -2.179142
v -0.107369 0.134755 -2.219876
v -0.114235 0.130182 -2.273534
v -0.142596 0.106573 -2.232801
v -0.156926 0.109944 -2.273046
v -0.126666 0.136826 -2.313780
v -0.142287 0.154482 -2.327193
v -0.176829 0.123201 -2.286461
v -0.197316 0.142579 -2.273046
v -0.157293 0.178429 -2.313780
v -0.167486 0.203524 -2.273534
v -0.212724 0.164389 -2.232801
v -0.219627 0.183284 -2.179142
v -0.170818 0.223459 -2.219876
v -0.164745 0.230465 -2.166216
v -0.214113 0.192367 -2.125484
v -0.242276 0.147866 -2.044506
v -0.216110 0.137621 -2.031091
v -0.279051 0.100140 -2.003774
v -0.249353 0.095222 -1.990359
v -0.218225 0.083629 -2.003774
v -0.189524 0.120515 -2.044506
v -0.170326 0.101432 -2.084750
v -0.194588 0.068568 -2.044018
v -0.182981 0.054917 -2.097677
v -0.162022 0.085965 -2.138410
v -0.167459 0.078321 -2.192069
v -0.187163 0.046405 -2.151335
v -0.203772 0.043841 -2.191580
v -0.183268 0.078589 -2.232313
v -0.207088 0.087325 -2.245727
v -0.230666 0.048144 -2.204995
v -0.260978 0.057525 -2.191580
v -0.232872 0.101743 -2.232313
v -0.253553 0.119518 -2.192069
v -0.286470 0.070858 -2.151335
v -0.300883 0.085044 -2.097677
v -0.264218 0.136418 -2.138410
v -0.259505 0.146752 -2.084750
v -0.297470 0.095796 -2.044018
v -0.305709 0.047816 -1.963040
v -0.273834 0.048098 -1.949624
v -0.319957 -0.008014 -1.922306
v -0.287582 -0.002618 -1.908892
v -0.251339 -0.002402 -1.922306
v -0.239369 0.042303 -1.963040
v -0.212068 0.031812 -2.003284
v -0.221438 -0.007891 -1.962552
v -0.204160 -0.016352 -2.016210
v -0.197403 0.020534 -2.056943
v -0.199928 0.011554 -2.110602
v -0.204688 -0.025495 -2.069869
v -0.220084 -0.033098 -2.110113
v -0.216423 0.006402 -2.150846
v -0.245077 0.006372 -2.164261
v -0.248940 -0.037486 -2.123528
v -0.283785 -0.038308 -2.110113
v -0.278512 0.010705 -2.150847
v -0.307828 0.019349 -2.110602
v -0.315634 -0.034569 -2.069869
v -0.336387 -0.027167 -2.016210
v -0.325687 0.030309 -2.056943
v -0.324159 0.040796 -2.003284
v -0.337213 -0.017361 -1.962552
v -0.320077 -0.066426 -1.881574
v -0.288983 -0.055878 -1.868159
v -0.306002 -0.126221 -1.840841
v -0.277838 -0.110407 -1.827426
v -0.243378 -0.097570 -1.840840
v -0.252753 -0.049443 -1.881574
v -0.221566 -0.049573 -1.921818
v -0.212288 -0.092071 -1.881085
v -0.191837 -0.093873 -1.934743
v -0.202317 -0.054848 -1.975477
v -0.200633 -0.063922 -2.029136
v -0.187892 -0.102696 -1.988403
v -0.198473 -0.115149 -2.028647
v -0.213988 -0.073943 -2.069381
v -0.241418 -0.082863 -2.082795
v -0.223067 -0.128849 -2.042062
v -0.255174 -0.140899 -2.028647
v -0.275790 -0.089115 -2.069381
v -0.308631 -0.090558 -2.029136
v -0.287385 -0.147845 -1.988403
v -0.311343 -0.148176 -1.934743
v -0.331477 -0.086943 -1.975477
v -0.334964 -0.077989 -1.921818
v -0.317563 -0.140068 -1.881085
v -0.278184 -0.185501 -1.800108
v -0.254361 -0.164384 -1.786693
v -0.238390 -0.241872 -1.759374
v -0.219872 -0.215643 -1.745959
v -0.193473 -0.190109 -1.759374
v -0.223283 -0.145101 -1.800108
v -0.193668 -0.133835 -1.840352
v -0.166567 -0.173135 -1.799618
v -0.146298 -0.167457 -1.853277
v -0.172880 -0.131952 -1.894011
v -0.166802 -0.140329 -1.947670
v -0.138358 -0.175145 -1.906937
v -0.142206 -0.192082 -1.947181
v -0.174124 -0.155143 -1.987913
v -0.194780 -0.173767 -2.001328
v -0.158219 -0.215503 -1.960596
v -0.181746 -0.239739 -1.947181
v -0.223116 -0.191902 -1.987913
v -0.253082 -0.204610 -1.947670
v -0.208207 -0.258294 -1.906937
v -0.230921 -0.266788 -1.853278
v -0.276995 -0.208999 -1.894011
v -0.285739 -0.201693 -1.840352
v -0.241690 -0.260313 -1.799619
v -0.188297 -0.292100 -1.718641
v -0.175678 -0.261358 -1.705226
v -0.129999 -0.333145 -1.677908
v -0.123583 -0.298915 -1.664494
v -0.109288 -0.263029 -1.677908
v -0.154971 -0.230158 -1.718641
v -0.131857 -0.207815 -1.758886
v -0.090843 -0.235951 -1.718152
v -0.073995 -0.222897 -1.771811
v -0.112935 -0.198362 -1.812545
v -0.103496 -0.205040 -1.866203
v -0.063434 -0.228197 -1.825471
v -0.060350 -0.247613 -1.865715
v -0.103840 -0.223592 -1.906447
v -0.114797 -0.251252 -1.919863
v -0.066039 -0.278522 -1.879129
v -0.078174 -0.313069 -1.865715
v -0.132834 -0.281129 -1.906447
v -0.154842 -0.305275 -1.866203
v -0.095072 -0.342125 -1.825471
v -0.112573 -0.358495 -1.771811
v -0.175353 -0.317817 -1.812545
v -0.187456 -0.312368 -1.758886
v -0.125315 -0.354462 -1.718152
v -0.065236 -0.361772 -1.637176
v -0.065175 -0.325523 -1.623760
v 0.004090 -0.375996 -1.596442
v -0.002288 -0.339424 -1.583026
v -0.002238 -0.298627 -1.596442
v -0.057822 -0.286351 -1.637176
v -0.044761 -0.255495 -1.677420
v 0.004897 -0.265179 -1.636686
v 0.015813 -0.246162 -1.690345
v -0.030623 -0.239199 -1.731078
v -0.019301 -0.242732 -1.784737
v 0.027595 -0.247593 -1.744004
v 0.037298 -0.265801 -1.784249
v -0.012877 -0.262054 -1.824981
v -0.013138 -0.294812 -1.838396
v 0.042634 -0.298813 -1.797664
v 0.043199 -0.337958 -1.784249
v -0.019067 -0.332531 -1.824981
v -0.030365 -0.365385 -1.784737
v 0.037874 -0.373263 -1.744004
v 0.028053 -0.395798 -1.690345
v -0.044236 -0.385146 -1.731078
v -0.057028 -0.383009 -1.677420
v 0.015594 -0.395963 -1.636686
v 0.076013 -0.374257 -1.555709
v 0.063162 -0.339144 -1.542293
v 0.148245 -0.356608 -1.514975
v 0.128980 -0.324606 -1.501561
v 0.113948 -0.286009 -1.514975
v 0.055689 -0.298554 -1.555709
v 0.056516 -0.263896 -1.595953
v 0.108269 -0.251563 -1.555220
v 0.111645 -0.229258 -1.608879
v 0.063804 -0.242844 -1.649612
v 0.075776 -0.241935 -1.703271
v 0.123561 -0.225909 -1.662538
v 0.139615 -0.239083 -1.702783
v 0.088702 -0.258038 -1.743515
v 0.099810 -0.289648 -1.756930
v 0.156598 -0.267805 -1.716196
v 0.170933 -0.304236 -1.702783
v 0.107156 -0.328331 -1.743515
v 0.108107 -0.364553 -1.703271
v 0.178359 -0.339794 -1.662538
v 0.177293 -0.365332 -1.608879
v 0.102601 -0.389056 -1.649612
v 0.090683 -0.391807 -1.595953
v 0.165993 -0.370769 -1.555220
v 0.217939 -0.323435 -1.474242
v 0.192533 -0.296008 -1.460828
v 0.282109 -0.276429 -1.433509
v 0.251120 -0.254705 -1.420094
v 0.221948 -0.224865 -1.433509
v 0.170166 -0.261078 -1.474243
v 0.158008 -0.228270 -1.514487
v 0.203589 -0.194994 -1.473753
v 0.198776 -0.172766 -1.527413
v 0.157305 -0.205576 -1.568145
v 0.168886 -0.199828 -1.621804
v 0.209703 -0.164778 -1.581071
v 0.231099 -0.170407 -1.621316
v 0.187828 -0.209438 -1.662049
v 0.210573 -0.234015 -1.675465
v 0.259189 -0.189890 -1.634731
v 0.287164 -0.217423 -1.621316
v 0.231894 -0.266614 -1.662049
v 0.245815 -0.299941 -1.621805
v 0.307363 -0.247212 -1.581071
v 0.315090 -0.271635 -1.527413
v 0.249197 -0.325448 -1.568145
v 0.238578 -0.333458 -1.514487
v 0.305271 -0.281887 -1.473753
v 0.337279 -0.217250 -1.392777
v 0.301649 -0.202077 -1.379361
v 0.380580 -0.148288 -1.352043
v 0.341582 -0.140242 -1.338628
v 0.301886 -0.123883 -1.352043
v 0.266591 -0.178520 -1.392777
v 0.242599 -0.152761 -1.433020
v 0.273094 -0.103210 -1.392287
v 0.260556 -0.084332 -1.445945
v 0.233792 -0.131835 -1.486679
v 0.243678 -0.121858 -1.540338
v 0.268984 -0.072650 -1.499606
v 0.293033 -0.069682 -1.539849
v 0.266844 -0.123252 -1.580584
v 0.299443 -0.136926 -1.593998
v 0.328950 -0.077035 -1.553264
v 0.367481 -0.091775 -1.539849
v 0.333293 -0.158422 -1.580584
v 0.359228 -0.183578 -1.540338
v 0.398280 -0.111449 -1.499606
v 0.413900 -0.130966 -1.445945
v 0.371076 -0.205953 -1.486679
v 0.362309 -0.217977 -1.433020
v 0.406562 -0.144279 -1.392287
v 0.409118 -0.071843 -1.311310
v 0.368350 -0.071300 -1.297895
v 0.421361 0.009316 -1.270577
v 0.380558 0.002178 -1.257161
v 0.336470 0.002373 -1.270577
v 0.325589 -0.062816 -1.311310
v 0.293097 -0.048022 -1.351555
v 0.301543 0.010727 -1.310821
v 0.282946 0.023662 -1.364480
v 0.277253 -0.031852 -1.405213
v 0.283796 -0.018773 -1.458872
v 0.287225 0.037836 -1.418138
v 0.309821 0.049602 -1.458384
v 0.307667 -0.011394 -1.499116
v 0.345380 -0.012045 -1.512531
v 0.347674 0.055914 -1.471798
v 0.390602 0.056209 -1.458384
v 0.386997 -0.019469 -1.499116
v 0.421465 -0.032995 -1.458872
v 0.427385 0.049300 -1.418138
v 0.448916 0.037237 -1.364480
v 0.440353 -0.049008 -1.405213
v 0.434893 -0.063180 -1.351555
v 0.445736 0.022521 -1.310821
v 0.416080 0.092250 -1.229844
v 0.377038 0.077465 -1.216429
v 0.393629 0.173786 -1.189110
v 0.358024 0.151637 -1.175695
v 0.316749 0.135108 -1.189110
v 0.333469 0.069225 -1.229844
v 0.297502 0.070803 -1.270087
v 0.281128 0.129816 -1.229355
v 0.259129 0.135204 -1.283014
v 0.276833 0.080096 -1.323747
v 0.278549 0.095047 -1.377406
v 0.258090 0.150596 -1.336673
v 0.275038 0.170618 -1.376916
v 0.298793 0.111072 -1.417650
v 0.335074 0.124449 -1.431065
v 0.308178 0.190950 -1.390332
v 0.348191 0.207155 -1.376917
v 0.377439 0.132699 -1.417650
v 0.415041 0.132689 -1.377406
v 0.385112 0.214108 -1.336673
v 0.409580 0.210581 -1.283014
v 0.438459 0.124845 -1.323747
v 0.437876 0.109819 -1.270087
v 0.411787 0.195430 -1.229355
v 0.354560 0.250459 -1.148377
v 0.323916 0.221540 -1.134962
v 0.300729 0.319064 -1.107644
v 0.276297 0.284278 -1.094229
v 0.244443 0.252921 -1.107644
v 0.286619 0.197200 -1.148377
v 0.252726 0.185197 -1.188621
v 0.213549 0.234616 -1.147888
v 0.191220 0.231866 -1.201548
v 0.230175 0.186530 -1.242280
v 0.226304 0.201969 -1.295940
v 0.184528 0.246895 -1.255206
v 0.192676 0.273309 -1.295450
v 0.239159 0.225521 -1.336184
v 0.267745 0.252390 -1.349598
v 0.215547 0.305966 -1.308865
v 0.246183 0.336772 -1.295450
v 0.303762 0.276230 -1.336184
v 0.338516 0.289952 -1.295940
v 0.277472 0.356807 -1.255206
v 0.301345 0.361700 -1.201546
v 0.363120 0.290701 -1.242280
v 0.368193 0.275678 -1.188621
v 0.309204 0.347149 -1.147888
v 0.234005 0.376236 -1.066911
v 0.216787 0.336822 -1.053496
v 0.157154 0.419517 -1.026178
v 0.147863 0.376956 -1.012763
v 0.130400 0.335244 -1.026176
v 0.191639 0.299590 -1.066911
v 0.164911 0.275655 -1.107155
v 0.108817 0.306567 -1.066422
v 0.089189 0.296083 -1.120080
v 0.143575 0.268924 -1.160814
v 0.134171 0.283002 -1.214473
v 0.077268 0.308651 -1.173740
v 0.074805 0.337848 -1.213984
v 0.137156 0.311354 -1.254717
v 0.153359 0.348677 -1.268132
v 0.083628 0.378424 -1.227399
v 0.100268 0.419651 -1.213984
v 0.177447 0.385380 -1.254717
v 0.204147 0.411009 -1.214473
v 0.121482 0.449938 -1.173740
v 0.141555 0.462409 -1.120079
v 0.226475 0.419839 -1.160814
v 0.236912 0.406223 -1.107155
v 0.154291 0.450269 -1.066422
v 0.072949 0.446511 -0.985444
v 0.072025 0.402507 -0.972030
v -0.015310 0.456201 -0.944712
v -0.007722 0.412518 -0.931296
v -0.008003 0.366867 -0.944711
v 0.062956 0.357955 -0.985444
v 0.047322 0.325637 -1.025689
v -0.017119 0.332135 -0.984956
v -0.031447 0.315353 -1.038615
v 0.030064 0.311767 -1.079348
v 0.015916 0.322262 -1.133007
v -0.047461 0.323277 -1.092273
v -0.060952 0.350480 -1.132519
v 0.007899 0.351077 -1.173251
v 0.008856 0.393245 -1.186666
v -0.068088 0.392501 -1.145933
v -0.068086 0.437701 -1.132518
v 0.017380 0.437339 -1.173251
v 0.032391 0.471128 -1.133006
v -0.059767 0.473726 -1.092273
v -0.045908 0.492162 -1.038615
v 0.049595 0.486832 -1.079347
v 0.064297 0.476746 -1.025689
v -0.029593 0.484645 -0.984956
v -0.104225 0.447719 -0.903978
v -0.088291 0.406144 -0.890563
v -0.190312 0.421667 -0.863246
v -0.166512 0.383863 -0.849830
v -0.149340 0.341407 -0.863246
v -0.079714 0.361214 -0.903978
v -0.081976 0.325410 -0.944223
v -0.144669 0.305882 -0.903490
v -0.151848 0.285136 -0.957149
v -0.092901 0.306313 -0.997882
v -0.110330 0.311246 -1.051541
v -0.170176 0.286781 -1.010807
v -0.193519 0.307300 -1.051051
v -0.128999 0.335637 -1.091785
v -0.144173 0.375745 -1.105199
v -0.216363 0.343852 -1.064466
v -0.233453 0.385834 -1.051051
v -0.152812 0.420214 -1.091785
v -0.151456 0.457099 -1.051541
v -0.239088 0.422205 -1.010807
v -0.232878 0.444192 -0.957149
v -0.141307 0.477655 -0.997882
v -0.123784 0.473139 -0.944223
v -0.214596 0.442981 -0.903490
v -0.269971 0.378726 -0.822512
v -0.239124 0.346224 -0.809098
v -0.340081 0.320873 -0.781778
v -0.303291 0.294957 -0.768364
v -0.271087 0.262272 -0.781778
v -0.213973 0.307917 -0.822512
v -0.202559 0.274031 -0.862755
v -0.253365 0.231290 -0.822023
v -0.252505 0.209491 -0.875682
v -0.205763 0.252379 -0.916415
v -0.224388 0.250565 -0.970074
v -0.270788 0.204182 -0.929341
v -0.301053 0.214414 -0.969585
v -0.251661 0.266294 -1.010319
v -0.281463 0.297787 -1.023734
v -0.336795 0.239582 -0.983000
v -0.368837 0.271829 -0.969585
v -0.306463 0.335623 -1.010319
v -0.318861 0.370101 -0.970074
v -0.387528 0.303163 -0.929341
v -0.389444 0.325704 -0.875682
v -0.316711 0.392757 -0.916415
v -0.298200 0.395007 -0.862755
v -0.371289 0.331422 -0.822023
v -0.397494 0.250099 -0.741046
v -0.356156 0.231817 -0.727630
v -0.440072 0.169361 -0.700313
v -0.395762 0.159449 -0.686897
v -0.353373 0.141556 -0.700312
v -0.318135 0.206033 -0.741046
v -0.294800 0.179126 -0.781290
v -0.325315 0.119718 -0.740557
v -0.316603 0.099917 -0.794215
v -0.289922 0.157956 -0.834949
v -0.307179 0.149256 -0.888608
v -0.332172 0.088050 -0.847875
v -0.364922 0.085997 -0.888119
v -0.339302 0.153485 -0.928852
v -0.379649 0.171286 -0.942267
v -0.408330 0.095683 -0.901535
v -0.450611 0.113294 -0.888119
v -0.417530 0.196700 -0.928852
v -0.441794 0.223741 -0.888608
v -0.479531 0.135084 -0.847875
v -0.489148 0.155108 -0.794215
v -0.447670 0.245385 -0.834949
v -0.430519 0.254437 -0.781290
v -0.473659 0.167246 -0.740557
v -0.465732 0.081634 -0.659579
v -0.420190 0.080524 -0.646165
v -0.473736 -0.009571 -0.618846
v -0.428727 -0.001789 -0.605432
v -0.382650 -0.002121 -0.618846
v -0.375092 0.071228 -0.659579
v -0.343400 0.055275 -0.699824
v -0.348523 -0.011610 -0.659091
v -0.333228 -0.026660 -0.712749
v -0.331175 0.037543 -0.753483
v -0.344417 0.022865 -0.807141
v -0.343593 -0.043693 -0.766408
v -0.373686 -0.058192 -0.806653
v -0.376480 0.014490 -0.847386
v -0.421227 0.015595 -0.860800
v -0.418012 -0.065808 -0.820068
v -0.464023 -0.065582 -0.806653
v -0.466243 0.024703 -0.847386
v -0.498708 0.040465 -0.807141
v -0.498819 -0.056390 -0.766408
v -0.514797 -0.041511 -0.712749
v -0.511728 0.058198 -0.753483
v -0.498544 0.073063 -0.699824
v -0.504477 -0.024366 -0.659091
v -0.463402 -0.100710 -0.578113
v -0.420701 -0.084289 -0.564697
v -0.435469 -0.188235 -0.537381
v -0.396728 -0.163766 -0.523965
v -0.354022 -0.146448 -0.537380
v -0.375445 -0.075636 -0.578113
v -0.340199 -0.078318 -0.618357
v -0.318984 -0.142245 -0.577624
v -0.299313 -0.150470 -0.631283
v -0.322395 -0.090159 -0.672017
v -0.329425 -0.108975 -0.725675
v -0.302681 -0.170426 -0.684942
v -0.325273 -0.195597 -0.725186
v -0.356312 -0.129148 -0.765919
v -0.398442 -0.145283 -0.779335
v -0.363555 -0.219721 -0.738602
v -0.406207 -0.237059 -0.725186
v -0.443641 -0.153987 -0.765919
v -0.479446 -0.151671 -0.725675
v -0.441691 -0.241666 -0.684942
v -0.461820 -0.233791 -0.631283
v -0.497819 -0.140120 -0.672017
v -0.490828 -0.121243 -0.618357
v -0.458487 -0.213800 -0.577624
v -0.390698 -0.268589 -0.496647
v -0.357443 -0.236996 -0.483232
v -0.331134 -0.338775 -0.455913
v -0.304650 -0.301249 -0.442499
v -0.271832 -0.268911 -0.455913
v -0.318947 -0.211685 -0.496647
v -0.285458 -0.200779 -0.536891
v -0.241144 -0.251729 -0.496158
v -0.219941 -0.252010 -0.549817
v -0.264645 -0.205103 -0.590550
v -0.264163 -0.225477 -0.644209
v -0.215572 -0.272056 -0.603477
v -0.226973 -0.304322 -0.643720
v -0.281520 -0.254734 -0.684453
v -0.314426 -0.285968 -0.697868
v -0.253213 -0.341510 -0.657134
v -0.285991 -0.373872 -0.643720
v -0.352872 -0.311293 -0.684453
v -0.386694 -0.322613 -0.644208
v -0.316905 -0.391452 -0.603477
v -0.338350 -0.391511 -0.549817
v -0.407856 -0.318651 -0.590550
v -0.408370 -0.298248 -0.536891
v -0.342749 -0.371427 -0.496158
v -0.258834 -0.395814 -0.415180
v -0.240165 -0.353810 -0.401766
v -0.176818 -0.437752 -0.374447
v -0.166690 -0.392875 -0.361032
v -0.148750 -0.350450 -0.374447
v -0.214295 -0.315702 -0.415181
v -0.187579 -0.292918 -0.455425
v -0.127003 -0.322935 -0.414691
v -0.107349 -0.315271 -0.468350
v -0.166773 -0.289156 -0.509084
v -0.158629 -0.308108 -0.562743
v -0.095690 -0.332403 -0.522009
v -0.093928 -0.366907 -0.562253
v -0.163571 -0.342143 -0.602986
v -0.182093 -0.383853 -0.616402
v -0.103988 -0.411544 -0.575669
v -0.121904 -0.454015 -0.562253
v -0.207931 -0.421998 -0.602986
v -0.234779 -0.445145 -0.562743
v -0.143706 -0.481846 -0.522010
v -0.163429 -0.489752 -0.468350
v -0.255734 -0.449203 -0.509084
v -0.263900 -0.430202 -0.455424
v -0.175106 -0.472561 -0.414691
v -0.088114 -0.462659 -0.333714
v -0.086931 -0.416657 -0.320300
v 0.003749 -0.469918 -0.292981
v -0.004068 -0.424547 -0.279566
v -0.003728 -0.378502 -0.292981
v -0.077615 -0.371564 -0.333714
v -0.061664 -0.340380 -0.373958
v 0.005835 -0.344827 -0.333225
v 0.021073 -0.330355 -0.386884
v -0.043893 -0.329104 -0.427617
v -0.029123 -0.343739 -0.481276
v 0.038428 -0.341914 -0.440544
v 0.053289 -0.373335 -0.480788
v -0.020673 -0.377353 -0.521521
v -0.021844 -0.423169 -0.534936
v 0.061082 -0.418570 -0.494202
v 0.060759 -0.464663 -0.480788
v -0.031143 -0.468312 -0.521521
v -0.047089 -0.499757 -0.481276
v 0.051239 -0.498538 -0.440544
v 0.036024 -0.513145 -0.386885
v -0.064873 -0.511219 -0.427617
v -0.079657 -0.496525 -0.373958
v 0.018652 -0.501532 -0.333225
v 0.095244 -0.458914 -0.252248
v 0.078728 -0.415945 -0.238833
v 0.182886 -0.430432 -0.211515
v 0.158300 -0.391503 -0.198100
v 0.140995 -0.348835 -0.211515
v 0.070079 -0.370729 -0.252248
v 0.072893 -0.335860 -0.292492
v 0.136952 -0.314087 -0.251759
v 0.145523 -0.294944 -0.305418
v 0.085024 -0.318736 -0.346151
v 0.104320 -0.326747 -0.399811
v 0.166041 -0.299081 -0.359077
v 0.191869 -0.322536 -0.399321
v 0.125049 -0.354731 -0.440054
v 0.141526 -0.397612 -0.453470
v 0.216421 -0.361414 -0.412737
v 0.233745 -0.404106 -0.399321
v 0.150192 -0.442864 -0.440054
v 0.147439 -0.477876 -0.399811
v 0.237842 -0.438941 -0.359077
v 0.229304 -0.458133 -0.305418
v 0.135344 -0.495089 -0.346151
v 0.116030 -0.487033 -0.292492
v 0.208767 -0.453967 -0.251759
v 0.263203 -0.385245 -0.170781
v 0.231499 -0.351866 -0.157367
v 0.333274 -0.325391 -0.130048
v 0.295662 -0.298833 -0.116634
v 0.263345 -0.266037 -0.130048
v 0.206208 -0.313402 -0.170782
v 0.195467 -0.280116 -0.211026
v 0.246314 -0.235479 -0.170293
v 0.246916 -0.214522 -0.223952
v 0.200143 -0.259682 -0.264686
v 0.221092 -0.259760 -0.318343
v 0.267494 -0.210521 -0.277611
v 0.300396 -0.222349 -0.317855
v 0.251028 -0.277754 -0.358589
v 0.282706 -0.311108 -0.372003
v 0.337995 -0.248898 -0.331269
v 0.370322 -0.281701 -0.317855
v 0.308013 -0.349586 -0.358589
v 0.318792 -0.382913 -0.318343
v 0.387370 -0.312271 -0.277611
v 0.386773 -0.333231 -0.223952
v 0.314132 -0.403367 -0.264686
v 0.293173 -0.403275 -0.211026
v 0.366191 -0.337230 -0.170293
v 0.390183 -0.252907 -0.089315
v 0.348122 -0.234201 -0.075900
v 0.432017 -0.170793 -0.048582
v 0.387104 -0.160652 -0.035167
v 0.344696 -0.142718 -0.048582
v 0.310035 -0.208344 -0.089315
v 0.287373 -0.181702 -0.129559
v 0.317268 -0.121005 -0.088826
v 0.309804 -0.101413 -0.142485
v 0.283875 -0.161035 -0.183218
v 0.303277 -0.153098 -0.236878
v 0.327288 -0.089843 -0.196144
v 0.362232 -0.088183 -0.236388
v 0.337863 -0.158286 -0.277121
v 0.379921 -0.176991 -0.290537
v 0.407143 -0.098326 -0.249804
v 0.449551 -0.116260 -0.236388
v 0.418011 -0.202849 -0.277121
v 0.440677 -0.229493 -0.236878
v 0.476979 -0.137972 -0.196144
v 0.484443 -0.157565 -0.142485
v 0.444174 -0.250161 -0.183218
v 0.424772 -0.258097 -0.129559
v 0.466960 -0.169135 -0.088826
v 0.456856 -0.082049 -0.007848
v 0.410836 -0.080864 0.005566
v 0.464081 0.009823 0.032884
v 0.418706 0.002006 0.046299
v 0.372664 0.002345 0.032884
v 0.365754 -0.071550 -0.007848
v 0.334623 -0.055608 -0.048093
v 0.339014 0.011909 -0.007360
v 0.324621 0.027153 -0.061020
v 0.323482 -0.037852 -0.101752
v 0.338370 -0.023096 -0.155411
v 0.336346 0.044534 -0.114678
v 0.367994 0.059438 -0.154922
v 0.372311 -0.014654 -0.195656
v 0.418331 -0.015839 -0.209070
v 0.413370 0.067255 -0.168337
v 0.459411 0.066916 -0.154922
v 0.463413 -0.025153 -0.195656
v 0.494545 -0.041095 -0.155411
v 0.493061 0.057352 -0.114679
v 0.507455 0.042107 -0.061020
v 0.505685 -0.058851 -0.101752
v 0.490798 -0.073607 -0.048093
v 0.495729 0.024727 -0.007360
v 0.453069 0.101317 0.073618
v 0.410100 0.084802 0.087032
v 0.424587 0.188960 0.114351
v 0.385657 0.164374 0.127765
v 0.342990 0.147068 0.114351
v 0.364884 0.076154 0.073618
v 0.330022 0.078969 0.033373
v 0.308241 0.143027 0.074106
v 0.289110 0.151603 0.020448
v 0.312934 0.091109 -0.020286
v 0.321042 0.110440 -0.073946
v 0.293291 0.172147 -0.033211
v 0.316826 0.198029 -0.073455
v 0.349169 0.131228 -0.114189
v 0.392138 0.147744 -0.127604
v 0.355756 0.222614 -0.086871
v 0.398423 0.239920 -0.073457
v 0.437354 0.156392 -0.114189
v 0.472216 0.153578 -0.073946
v 0.433172 0.243961 -0.033211
v 0.452303 0.235386 0.020447
v 0.489304 0.141436 -0.020286
v 0.481196 0.122106 0.033374
v 0.448122 0.214841 0.074106
v 0.379399 0.269276 0.155084
v 0.346020 0.237573 0.168498
v 0.319545 0.339348 0.195817
v 0.292987 0.301736 0.209232
v 0.260191 0.269418 0.195817
v 0.307557 0.212281 0.155084
v 0.274270 0.201540 0.114839
v 0.229634 0.252387 0.155572
v 0.208677 0.252989 0.101914
v 0.253837 0.206218 0.061181
v 0.253930 0.227180 0.007522
v 0.204678 0.273569 0.048254
v 0.216517 0.306488 0.008011
v 0.271961 0.257150 -0.032724
v 0.305340 0.288852 -0.046138
v 0.243075 0.344100 -0.005405
v 0.275872 0.376416 0.008011
v 0.343803 0.314145 -0.032724
v 0.377090 0.324885 0.007522
v 0.306428 0.393448 0.048254
v 0.327386 0.392846 0.101914
v 0.397523 0.320208 0.061181
v 0.397430 0.299246 0.114840
v 0.331384 0.372265 0.155572
v 0.247061 0.396257 0.236550
v 0.228356 0.354195 0.249965
v 0.164948 0.438090 0.277284
v 0.154805 0.393178 0.290698
v 0.136873 0.350771 0.277284
v 0.202498 0.316107 0.236550
v 0.175857 0.293447 0.196306
v 0.115159 0.323342 0.237039
v 0.095568 0.315878 0.183380
v 0.155189 0.289948 0.142647
v 0.147253 0.309350 0.088987
v 0.083997 0.333361 0.129722
v 0.082338 0.368305 0.089476
v 0.152442 0.343939 0.048744
v 0.171148 0.386002 0.035328
v 0.092480 0.413217 0.076062
v 0.110413 0.455625 0.089476
v 0.197005 0.424089 0.048744
v 0.223647 0.446750 0.088987
v 0.132126 0.483053 0.129722
v 0.151719 0.490517 0.183381
v 0.244315 0.450248 0.142647
v 0.252251 0.430846 0.196306
v 0.163289 0.473033 0.237039
v 0.000000 0.510522 0.585898
v -0.217692 0.510522 0.208846
v 0.217692 0.510522 0.208846
v -0.000000 1.708658 -0.923601
v -0.034141 1.373101 -0.280477
v 0.034141 1.373101 -0.280477
v 0.000000 1.512364 -0.159807
v -0.101385 0.928922 0.088660
v 0.101385 0.928922 0.088660
v 0.000000 1.040086 0.323527
v 0.510522 0.000000 0.585898
v 0.510522 0.217692 0.208846
v 0.510522 -0.217691 0.208846
v 1.708658 0.000000 -0.923601
v 1.373101 0.034141 -0.280477
v 1.373101 -0.034141 -0.280477
v 1.512364 0.000000 -0.159808
v 0.928922 0.101385 0.088660
v 0.928922 -0.101385 0.088660
v 1.040086 0.000000 0.323527
v 0.000000 -0.510522 0.585898
v 0.217692 -0.510522 0.208845
v -0.217691 -0.510522 0.208845
v 0.000000 -1.708658 -0.923601
v 0.034141 -1.373101 -0.280477
v -0.034141 -1.373101 -0.280477
v 0.000000 -1.512364 -0.159808
v 0.101385 -0.928922 0.088660
v -0.101385 -0.928922 0.088660
v 0.000000 -1.040086 0.323527
v -0.510522 0.000000 0.585898
v -0.510522 -0.217691 0.208846
v -0.510522 0.217692 0.208846
v -1.708658 0.000001 -0.923601
v -1.373101 -0.034141 -0.280477
v -1.373101 0.034142 -0.280477
v -1.512364 0.000001 -0.159808
v -0.928922 -0.101385 0.088660
v -0.928922 0.101385 0.088660
v -1.040086 0.000001 0.323527
vt 0.250000 0.490000
vt 0.250000 0.250000
vt 0.419706 0.419706
vt 0.490000 0.250000
vt 0.419706 0.080294
vt 0.250000 0.010000
vt 0.080294 0.080294
vt 0.010000 0.250000
vt 0.080294 0.419706
vt 1.000000 0.500000
vt 1.000000 1.000000
vt 0.875000 1.000000
vt 0.875000 0.500000
vt 0.750000 1.000000
vt 0.750000 0.500000
vt 0.625000 1.000000
vt 0.625000 0.500000
vt 0.500000 1.000000
vt 0.500000 0.500000
vt 0.375000 1.000000
vt 0.375000 0.500000
vt 0.250000 1.000000
vt 0.250000 0.500000
vt 0.419706 0.419706
vt 0.250000 0.490000
vt 0.080294 0.419706
vt 0.010000 0.250000
vt 0.080294 0.080294
vt 0.250000 0.010000
vt 0.419706 0.080294
vt 0.490000 0.250000
vt 0.125000 1.000000
vt 0.125000 0.500000
vt 0.000000 1.000000
vt 0.000000 0.500000
vt 0.750000 0.490000
vt 0.919706 0.419706
vt 0.990000 0.250000
vt 0.919706 0.080294
vt 0.750000 0.010000
vt 0.580294 0.080294
vt 0.510000 0.250000
vt 0.580294 0.419706
vt 0.250000 0.430000
vt 0.250000 0.250000
vt 0.353923 0.190000
vt 0.146077 0.190000
vt 0.094115 0.160000
vt 0.250000 0.460000
vt 0.405885 0.160000
vt 0.250000 0.490000
vt 0.457846 0.130000
vt 0.042154 0.130000
vt 0.250000 0.430000
vt 0.250000 0.250000
vt 0.353923 0.190000
vt 0.146077 0.190000
vt 0.094115 0.160000
vt 0.250000 0.460000
vt 0.405885 0.160000
vt 0.250000 0.490000
vt 0.457846 0.130000
vt 0.042154 0.130000
vt 0.250000 0.430000
vt 0.250000 0.250000
vt 0.353923 0.190000
vt 0.146077 0.190000
vt 0.094115 0.160000
vt 0.250000 0.460000
vt 0.405885 0.160000
vt 0.250000 0.490000
vt 0.457846 0.130000
vt 0.042154 0.130000
vt 0.250000 0.430000
vt 0.250000 0.250000
vt 0.353923 0.190000
vt 0.146077 0.190000
vt 0.094115 0.160000
vt 0.250000 0.460000
vt 0.405885 0.160000
vt 0.250000 0.490000
vt 0.457846 0.130000
vt 0.042154 0.130000
vt 0.000000 0.000000
vt 0.001488 0.125000
vt 0.000000 0.250000
vt 0.000000 -0.083333
vt 0.002646 0.175926
vt 0.001488 0.250000
vt 0.002646 0.324074
vt 0.001488 0.375000
vt 0.002646 0.472222
vt 0.001488 0.500000
vt 0.002646 0.564815
vt 0.000000 0.250000
vt 0.000000 -0.166667
vt 0.005952 0.000000
vt 0.005952 0.083333
vt 0.011905 0.000000
vt 0.011905 0.083333
vt 0.011905 0.166667
vt 0.005952 0.166667
vt 0.005952 0.250000
vt 0.011905 0.250000
vt 0.011905 0.333333
vt 0.005952 0.333333
vt 0.005952 0.416667
vt 0.011905 0.416667
vt 0.011905 0.500000
vt 0.005952 0.500000
vt 0.005952 0.583333
vt 0.011905 0.583333
vt 0.011905 0.666667
vt 0.005952 0.666667
vt 0.005952 0.750000
vt 0.000000 0.750000
vt 0.011905 0.750000
vt 0.011905 0.833208
vt 0.005952 0.833208
vt 0.000000 0.833333
vt 0.005952 0.916167
vt 0.000000 0.916167
vt 0.011905 0.916167
vt 0.011905 0.999000
vt 0.005952 0.999000
vt 0.000000 0.999000
vt 0.017857 0.000000
vt 0.017857 0.083333
vt 0.023810 0.000000
vt 0.023810 0.083333
vt 0.023810 0.166667
vt 0.017857 0.166667
vt 0.017857 0.250000
vt 0.023810 0.250000
vt 0.023810 0.333333
vt 0.017857 0.333333
vt 0.017857 0.416667
vt 0.023810 0.416667
vt 0.023810 0.500000
vt 0.017857 0.500000
vt 0.017857 0.583333
vt 0.023810 0.583333
vt 0.023810 0.666667
vt 0.017857 0.666667
vt 0.017857 0.750000
vt 0.023810 0.750000
vt 0.023810 0.833208
vt 0.017857 0.833208
vt 0.017857 0.916167
vt 0.023810 0.916167
vt 0.023810 0.999000
vt 0.017857 0.999000
vt 0.029762 0.000000
vt 0.029762 0.083333
vt 0.035714 0.000000
vt 0.035714 0.083333
vt 0.035714 0.166667
vt 0.029762 0.166667
vt 0.029762 0.250000
vt 0.035714 0.250000
vt 0.035714 0.333333
vt 0.029762 0.333333
vt 0.029762 0.416667
vt 0.035714 0.416667
vt 0.035714 0.500000
vt 0.029762 0.500000
vt 0.029762 0.583333
vt 0.035714 0.583333
vt 0.035714 0.666667
vt 0.029762 0.666667
vt 0.029762 0.750000
vt 0.035714 0.750000
vt 0.035714 0.833208
vt 0.029762 0.833208
vt 0.029762 0.916167
vt 0.035714 0.916167
vt 0.035714 0.999000
vt 0.029762 0.999000
vt 0.041667 0.000000
vt 0.041667 0.083333
vt 0.047619 0.000000
vt 0.047619 0.083333
vt 0.047619 0.166667
vt 0.041667 0.166667
vt 0.041667 0.250000
vt 0.047619 0.250000
vt 0.047619 0.333333
vt 0.041667 0.333333
vt 0.041667 0.416667
vt 0.047619 0.416667
vt 0.047619 0.500000
vt 0.041667 0.500000
vt 0.041667 0.583333
vt 0.047619 0.583333
vt 0.047619 0.666667
vt 0.041667 0.666667
vt 0.041667 0.750000
vt 0.047619 0.750000
vt 0.047619 0.833208
vt 0.041667 0.833208
vt 0.041667 0.916167
vt 0.047619 0.916167
vt 0.047619 0.999000
vt 0.041667 0.999000
vt 0.053571 0.000000
vt 0.053571 0.083333
vt 0.059524 0.000000
vt 0.059524 0.083333
vt 0.059524 0.166667
vt 0.053571 0.166667
vt 0.053571 0.250000
vt 0.059524 0.250000
vt 0.059524 0.333333
vt 0.053571 0.333333
vt 0.053571 0.416667
vt 0.059524 0.416667
vt 0.059524 0.500000
vt 0.053571 0.500000
vt 0.053571 0.583333
vt 0.059524 0.583333
vt 0.059524 0.666667
vt 0.053571 0.666667
vt 0.053571 0.750000
vt 0.059524 0.750000
vt 0.059524 0.833208
vt 0.053571 0.833208
vt 0.053571 0.916167
vt 0.059524 0.916167
vt 0.059524 0.999000
vt 0.053571 0.999000
vt 0.065476 0.000000
vt 0.065476 0.083333
vt 0.071429 0.000000
vt 0.071429 0.083333
vt 0.071429 0.166667
vt 0.065476 0.166667
vt 0.065476 0.250000
vt 0.071429 0.250000
vt 0.071429 0.333333
vt 0.065476 0.333333
vt 0.065476 0.416667
vt 0.071429 0.416667
vt 0.071429 0.500000
vt 0.065476 0.500000
vt 0.065476 0.583333
vt 0.071429 0.583333
vt 0.071429 0.666667
vt 0.065476 0.666667
vt 0.065476 0.750000
vt 0.071429 0.750000
vt 0.071429 0.833208
vt 0.065476 0.833208
vt 0.065476 0.916167
vt 0.071429 0.916167
vt 0.071429 0.999000
vt 0.065476 0.999000
vt 0.077381 0.000000
vt 0.077381 0.083333
vt 0.083333 0.000000
vt 0.083333 0.083333
vt 0.083333 0.166667
vt 0.077381 0.166667
vt 0.077381 0.250000
vt 0.083333 0.250000
vt 0.083333 0.333333
vt 0.077381 0.333333
vt 0.077381 0.416667
vt 0.083333 0.416667
vt 0.083333 0.500000
vt 0.077381 0.500000
vt 0.077381 0.583333
vt 0.083333 0.583333
vt 0.083333 0.666667
vt 0.077381 0.666667
vt 0.077381 0.750000
vt 0.083333 0.750000
vt 0.083333 0.833208
vt 0.077381 0.833208
vt 0.077381 0.916167
vt 0.083333 0.916167
vt 0.083333 0.999000
vt 0.077381 0.999000
vt 0.089286 0.000000
vt 0.089286 0.083333
vt 0.095238 0.000000
vt 0.095238 0.083333
vt 0.095238 0.166667
vt 0.089286 0.166667
vt 0.089286 0.250000
vt 0.095238 0.250000
vt 0.095238 0.333333
vt 0.089286 0.333333
vt 0.089286 0.416667
vt 0.095238 0.416667
vt 0.095238 0.500000
vt 0.089286 0.500000
vt 0.089286 0.583333
vt 0.095238 0.583333
vt 0.095238 0.666667
vt 0.089286 0.666667
vt 0.089286 0.750000
vt 0.095238 0.750000
vt 0.095238 0.833208
vt 0.089286 0.833208
vt 0.089286 0.916167
vt 0.095238 0.916167
vt 0.095238 0.999000
vt 0.089286 0.999000
vt 0.101190 0.000000
vt 0.101190 0.083333
vt 0.107143 0.000000
vt 0.107143 0.083333
vt 0.107143 0.166667
vt 0.101190 0.166667
vt 0.101190 0.250000
vt 0.107143 0.250000
vt 0.107143 0.333333
vt 0.101190 0.333333
vt 0.101190 0.416667
vt 0.107143 0.416667
vt 0.107143 0.500000
vt 0.101190 0.500000
vt 0.101190 0.583333
vt 0.107143 0.583333
vt 0.107143 0.666667
vt 0.101190 0.666667
vt 0.101190 0.750000
vt 0.107143 0.750000
vt 0.107143 0.833208
vt 0.101190 0.833208
vt 0.101190 0.916167
vt 0.107143 0.916167
vt 0.107143 0.999000
vt 0.101190 0.999000
vt 0.113095 0.000000
vt 0.113095 0.083333
vt 0.119048 0.000000
vt 0.119047 0.083333
vt 0.119048 0.166667
vt 0.113095 0.166667
vt 0.113095 0.250000
vt 0.119047 0.250000
vt 0.119048 0.333333
vt 0.113095 0.333333
vt 0.113095 0.416667
vt 0.119047 0.416667
vt 0.119048 0.500000
vt 0.113095 0.500000
vt 0.113095 0.583333
vt 0.119047 0.583333
vt 0.119048 0.666667
vt 0.113095 0.666667
vt 0.113095 0.750000
vt 0.119047 0.750000
vt 0.119048 0.833208
vt 0.113095 0.833208
vt 0.113095 0.916167
vt 0.119047 0.916167
vt 0.119048 0.999000
vt 0.113095 0.999000
vt 0.125000 0.000000
vt 0.125000 0.083333
vt 0.130952 0.000000
vt 0.130952 0.083333
vt 0.130952 0.166667
vt 0.125000 0.166667
vt 0.125000 0.250000
vt 0.130952 0.250000
vt 0.130952 0.333333
vt 0.125000 0.333333
vt 0.125000 0.416667
vt 0.130952 0.416667
vt 0.130952 0.500000
vt 0.125000 0.500000
vt 0.125000 0.583333
vt 0.130952 0.583333
vt 0.130952 0.666667
vt 0.125000 0.666667
vt 0.125000 0.750000
vt 0.130952 0.750000
vt 0.130952 0.833208
vt 0.125000 0.833208
vt 0.125000 0.916167
vt 0.130952 0.916167
vt 0.130952 0.999000
vt 0.125000 0.999000
vt 0.136905 0.000000
vt 0.136905 0.083333
vt 0.142857 0.000000
vt 0.142857 0.083333
vt 0.142857 0.166667
vt 0.136905 0.166667
vt 0.136905 0.250000
vt 0.142857 0.250000
vt 0.142857 0.333333
vt 0.136905 0.333333
vt 0.136905 0.416667
vt 0.142857 0.416667
vt 0.142857 0.500000
vt 0.136905 0.500000
vt 0.136905 0.583333
vt 0.142857 0.583333
vt 0.142857 0.666667
vt 0.136905 0.666667
vt 0.136905 0.750000
vt 0.142857 0.750000
vt 0.142857 0.833208
vt 0.136905 0.833208
vt 0.136905 0.916167
vt 0.142857 0.916167
vt 0.142857 0.999000
vt 0.136905 0.999000
vt 0.148809 0.000000
vt 0.148809 0.083333
vt 0.154762 0.000000
vt 0.154762 0.083333
vt 0.154762 0.166667
vt 0.148809 0.166667
vt 0.148809 0.250000
vt 0.154762 0.250000
vt 0.154762 0.333333
vt 0.148809 0.333333
vt 0.148809 0.416667
vt 0.154762 0.416667
vt 0.154762 0.500000
vt 0.148809 0.500000
vt 0.148809 0.583333
vt 0.154762 0.583333
vt 0.154762 0.666667
vt 0.148809 0.666667
vt 0.148809 0.750000
vt 0.154762 0.750000
vt 0.154762 0.833208
vt 0.148809 0.833208
vt 0.148809 0.916167
vt 0.154762 0.916167
vt 0.154762 0.999000
vt 0.148809 0.999000
vt 0.160714 0.000000
vt 0.160714 0.083333
vt 0.166667 0.000000
vt 0.166667 0.083333
vt 0.166667 0.166667
vt 0.160714 0.166667
vt 0.160714 0.250000
vt 0.166667 0.250000
vt 0.166667 0.333333
vt 0.160714 0.333333
vt 0.160714 0.416667
vt 0.166667 0.416667
vt 0.166667 0.500000
vt 0.160714 0.500000
vt 0.160714 0.583333
vt 0.166667 0.583333
vt 0.166667 0.666667
vt 0.160714 0.666667
vt 0.160714 0.750000
vt 0.166667 0.750000
vt 0.166667 0.833208
vt 0.160714 0.833208
vt 0.160714 0.916167
vt 0.166667 0.916167
vt 0.166667 0.999000
vt 0.160714 0.999000
vt 0.172619 0.000000
vt 0.172619 0.083333
vt 0.178571 0.000000
vt 0.178571 0.083333
vt 0.178571 0.166667
vt 0.172619 0.166667
vt 0.172619 0.250000
vt 0.178571 0.250000
vt 0.178571 0.333333
vt 0.172619 0.333333
vt 0.172619 0.416667
vt 0.178571 0.416667
vt 0.178571 0.500000
vt 0.172619 0.500000
vt 0.172619 0.583333
vt 0.178571 0.583333
vt 0.178571 0.666667
vt 0.172619 0.666667
vt 0.172619 0.750000
vt 0.178571 0.750000
vt 0.178571 0.833208
vt 0.172619 0.833208
vt 0.172619 0.916167
vt 0.178571 0.916167
vt 0.178571 0.999000
vt 0.172619 0.999000
vt 0.184524 0.000000
vt 0.184524 0.083333
vt 0.190476 0.000000
vt 0.190476 0.083333
vt 0.190476 0.166667
vt 0.184524 0.166667
vt 0.184524 0.250000
vt 0.190476 0.250000
vt 0.190476 0.333333
vt 0.184524 0.333333
vt 0.184524 0.416667
vt 0.190476 0.416667
vt 0.190476 0.500000
vt 0.184524 0.500000
vt 0.184524 0.583333
vt 0.190476 0.583333
vt 0.190476 0.666667
vt 0.184524 0.666667
vt 0.184524 0.750000
vt 0.190476 0.750000
vt 0.190476 0.833208
vt 0.184524 0.833208
vt 0.184524 0.916167
vt 0.190476 0.916167
vt 0.190476 0.999000
vt 0.184524 0.999000
vt 0.196428 0.000000
vt 0.196428 0.083333
vt 0.202381 0.000000
vt 0.202381 0.083333
vt 0.202381 0.166667
vt 0.196428 0.166667
vt 0.196428 0.250000
vt 0.202381 0.250000
vt 0.202381 0.333333
vt 0.196428 0.333333
vt 0.196428 0.416667
vt 0.202381 0.416667
vt 0.202381 0.500000
vt 0.196428 0.500000
vt 0.196428 0.583333
vt 0.202381 0.583333
vt 0.202381 0.666667
vt 0.196428 0.666667
vt 0.196428 0.750000
vt 0.202381 0.750000
vt 0.202381 0.833208
vt 0.196428 0.833208
vt 0.196428 0.916167
vt 0.202381 0.916167
vt 0.202381 0.999000
vt 0.196428 0.999000
vt 0.208333 0.000000
vt 0.208333 0.083333
vt 0.214285 0.000000
vt 0.214285 0.083333
vt 0.214285 0.166667
vt 0.208333 0.166667
vt 0.208333 0.250000
vt 0.214285 0.250000
vt 0.214285 0.333333
vt 0.208333 0.333333
vt 0.208333 0.416667
vt 0.214285 0.416667
vt 0.214285 0.500000
vt 0.208333 0.500000
vt 0.208333 0.583333
vt 0.214285 0.583333
vt 0.214285 0.666667
vt 0.208333 0.666667
vt 0.208333 0.750000
vt 0.214285 0.750000
vt 0.214285 0.833208
vt 0.208333 0.833208
vt 0.208333 0.916167
vt 0.214285 0.916167
vt 0.214285 0.999000
vt 0.208333 0.999000
vt 0.220238 0.000000
vt 0.220238 0.083333
vt 0.226190 0.000000
vt 0.226190 0.083333
vt 0.226190 0.166667
vt 0.220238 0.166667
vt 0.220238 0.250000
vt 0.226190 0.250000
vt 0.226190 0.333333
vt 0.220238 0.333333
vt 0.220238 0.416667
vt 0.226190 0.416667
vt 0.226190 0.500000
vt 0.220238 0.500000
vt 0.220238 0.583333
vt 0.226190 0.583333
vt 0.226190 0.666667
vt 0.220238 0.666667
vt 0.220238 0.750000
vt 0.226190 0.750000
vt 0.226190 0.833208
vt 0.220238 0.833208
vt 0.220238 0.916167
vt 0.226190 0.916167
vt 0.226190 0.999000
vt 0.220238 0.999000
vt 0.232143 0.000000
vt 0.232143 0.083333
vt 0.238095 0.000000
vt 0.238095 0.083333
vt 0.238095 0.166667
vt 0.232143 0.166667
vt 0.232143 0.250000
vt 0.238095 0.250000
vt 0.238095 0.333333
vt 0.232143 0.333333
vt 0.232143 0.416667
vt 0.238095 0.416667
vt 0.238095 0.500000
vt 0.232143 0.500000
vt 0.232143 0.583333
vt 0.238095 0.583333
vt 0.238095 0.666667
vt 0.232143 0.666667
vt 0.232143 0.750000
vt 0.238095 0.750000
vt 0.238095 0.833208
vt 0.232143 0.833208
vt 0.232143 0.916167
vt 0.238095 0.916167
vt 0.238095 0.999000
vt 0.232143 0.999000
vt 0.244047 0.000000
vt 0.244047 0.083333
vt 0.250000 0.000000
vt 0.250000 0.083333
vt 0.250000 0.166667
vt 0.244047 0.166667
vt 0.244047 0.250000
vt 0.250000 0.250000
vt 0.250000 0.333333
vt 0.244047 0.333333
vt 0.244047 0.416667
vt 0.250000 0.416667
vt 0.250000 0.500000
vt 0.244047 0.500000
vt 0.244047 0.583333
vt 0.250000 0.583333
vt 0.250000 0.666667
vt 0.244047 0.666667
vt 0.244047 0.750000
vt 0.250000 0.750000
vt 0.250000 0.833208
vt 0.244047 0.833208
vt 0.244047 0.916167
vt 0.250000 0.916167
vt 0.250000 0.999000
vt 0.244047 0.999000
vt 0.255952 0.000000
vt 0.255952 0.083333
vt 0.261905 0.000000
vt 0.261905 0.083333
vt 0.261905 0.166667
vt 0.255952 0.166667
vt 0.255952 0.250000
vt 0.261905 0.250000
vt 0.261905 0.333333
vt 0.255952 0.333333
vt 0.255952 0.416667
vt 0.261905 0.416667
vt 0.261905 0.500000
vt 0.255952 0.500000
vt 0.255952 0.583333
vt 0.261905 0.583333
vt 0.261905 0.666667
vt 0.255952 0.666667
vt 0.255952 0.750000
vt 0.261905 0.750000
vt 0.261905 0.833208
vt 0.255952 0.833208
vt 0.255952 0.916167
vt 0.261905 0.916167
vt 0.261905 0.999000
vt 0.255952 0.999000
vt 0.267857 0.000000
vt 0.267857 0.083333
vt 0.273809 0.000000
vt 0.273809 0.083333
vt 0.273809 0.166667
vt 0.267857 0.166667
vt 0.267857 0.250000
vt 0.273809 0.250000
vt 0.273809 0.333333
vt 0.267857 0.333333
vt 0.267857 0.416667
vt 0.273809 0.416667
vt 0.273809 0.500000
vt 0.267857 0.500000
vt 0.267857 0.583333
vt 0.273809 0.583333
vt 0.273809 0.666667
vt 0.267857 0.666667
vt 0.267857 0.750000
vt 0.273809 0.750000
vt 0.273809 0.833208
vt 0.267857 0.833208
vt 0.267857 0.916167
vt 0.273809 0.916167
vt 0.273809 0.999000
vt 0.267857 0.999000
vt 0.279762 0.000000
vt 0.279762 0.083333
vt 0.285714 0.000000
vt 0.285714 0.083333
vt 0.285714 0.166667
vt 0.279762 0.166667
vt 0.279762 0.250000
vt 0.285714 0.250000
vt 0.285714 0.333333
vt 0.279762 0.333333
vt 0.279762 0.416667
vt 0.285714 0.416667
vt 0.285714 0.500000
vt 0.279762 0.500000
vt 0.279762 0.583333
vt 0.285714 0.583333
vt 0.285714 0.666667
vt 0.279762 0.666667
vt 0.279762 0.750000
vt 0.285714 0.750000
vt 0.285714 0.833208
vt 0.279762 0.833208
vt 0.279762 0.916167
vt 0.285714 0.916167
vt 0.285714 0.999000
vt 0.279762 0.999000
vt 0.291666 0.000000
vt 0.291666 0.083333
vt 0.297619 0.000000
vt 0.297619 0.083333
vt 0.297619 0.166667
vt 0.291666 0.166667
vt 0.291666 0.250000
vt 0.297619 0.250000
vt 0.297619 0.333333
vt 0.291666 0.333333
vt 0.291666 0.416667
vt 0.297619 0.416667
vt 0.297619 0.500000
vt 0.291666 0.500000
vt 0.291666 0.583333
vt 0.297619 0.583333
vt 0.297619 0.666667
vt 0.291666 0.666667
vt 0.291666 0.750000
vt 0.297619 0.750000
vt 0.297619 0.833208
vt 0.291666 0.833208
vt 0.291666 0.916167
vt 0.297619 0.916167
vt 0.297619 0.999000
vt 0.291666 0.999000
vt 0.303571 0.000000
vt 0.303571 0.083333
vt 0.309523 0.000000
vt 0.309523 0.083333
vt 0.309523 0.166667
vt 0.303571 0.166667
vt 0.303571 0.250000
vt 0.309523 0.250000
vt 0.309523 0.333333
vt 0.303571 0.333333
vt 0.303571 0.416667
vt 0.309523 0.416667
vt 0.309523 0.500000
vt 0.303571 0.500000
vt 0.303571 0.583333
vt 0.309523 0.583333
vt 0.309523 0.666667
vt 0.303571 0.666667
vt 0.303571 0.750000
vt 0.309523 0.750000
vt 0.309523 0.833208
vt 0.303571 0.833208
vt 0.303571 0.916167
vt 0.309523 0.916167
vt 0.309523 0.999000
vt 0.303571 0.999000
vt 0.315476 0.000000
vt 0.315476 0.083333
vt 0.321428 0.000000
vt 0.321428 0.083333
vt 0.321428 0.166667
vt 0.315476 0.166667
vt 0.315476 0.250000
vt 0.321428 0.250000
vt 0.321428 0.333333
vt 0.315476 0.333333
vt 0.315476 0.416667
vt 0.321428 0.416667
vt 0.321428 0.500000
vt 0.315476 0.500000
vt 0.315476 0.583333
vt 0.321428 0.583333
vt 0.321428 0.666667
vt 0.315476 0.666667
vt 0.315476 0.750000
vt 0.321428 0.750000
vt 0.321428 0.833208
vt 0.315476 0.833208
vt 0.315476 0.916167
vt 0.321428 0.916167
vt 0.321428 0.999000
vt 0.315476 0.999000
vt 0.327381 0.000000
vt 0.327381 0.083333
vt 0.333333 0.000000
vt 0.333333 0.083333
vt 0.333333 0.166667
vt 0.327381 0.166667
vt 0.327381 0.250000
vt 0.333333 0.250000
vt 0.333333 0.333333
vt 0.327381 0.333333
vt 0.327381 0.416667
vt 0.333333 0.416667
vt 0.333333 0.500000
vt 0.327381 0.500000
vt 0.327381 0.583333
vt 0.333333 0.583333
vt 0.333333 0.666667
vt 0.327381 0.666667
vt 0.327381 0.750000
vt 0.333333 0.750000
vt 0.333333 0.833208
vt 0.327381 0.833208
vt 0.327381 0.916167
vt 0.333333 0.916167
vt 0.333333 0.999000
vt 0.327381 0.999000
vt 0.339285 0.000000
vt 0.339285 0.083333
vt 0.345238 0.000000
vt 0.345238 0.083333
vt 0.345238 0.166667
vt 0.339285 0.166667
vt 0.339285 0.250000
vt 0.345238 0.250000
vt 0.345238 0.333333
vt 0.339285 0.333333
vt 0.339285 0.416667
vt 0.345238 0.416667
vt 0.345238 0.500000
vt 0.339285 0.500000
vt 0.339285 0.583333
vt 0.345238 0.583333
vt 0.345238 0.666667
vt 0.339285 0.666667
vt 0.339285 0.750000
vt 0.345238 0.750000
vt 0.345238 0.833208
vt 0.339285 0.833208
vt 0.339285 0.916167
vt 0.345238 0.916167
vt 0.345238 0.999000
vt 0.339285 0.999000
vt 0.351190 0.000000
vt 0.351190 0.083333
vt 0.357143 0.000000
vt 0.357143 0.083333
vt 0.357142 0.166667
vt 0.351190 0.166667
vt 0.351190 0.250000
vt 0.357143 0.250000
vt 0.357142 0.333333
vt 0.351190 0.333333
vt 0.351190 0.416667
vt 0.357143 0.416667
vt 0.357142 0.500000
vt 0.351190 0.500000
vt 0.351190 0.583333
vt 0.357143 0.583333
vt 0.357142 0.666667
vt 0.351190 0.666667
vt 0.351190 0.750000
vt 0.357143 0.750000
vt 0.357142 0.833208
vt 0.351190 0.833208
vt 0.351190 0.916167
vt 0.357143 0.916167
vt 0.357143 0.999000
vt 0.351190 0.999000
vt 0.363095 0.000000
vt 0.363095 0.083333
vt 0.369047 0.000000
vt 0.369047 0.083333
vt 0.369047 0.166667
vt 0.363095 0.166667
vt 0.363095 0.250000
vt 0.369047 0.250000
vt 0.369047 0.333333
vt 0.363095 0.333333
vt 0.363095 0.416667
vt 0.369047 0.416667
vt 0.369047 0.500000
vt 0.363095 0.500000
vt 0.363095 0.583333
vt 0.369047 0.583333
vt 0.369047 0.666667
vt 0.363095 0.666667
vt 0.363095 0.750000
vt 0.369047 0.750000
vt 0.369047 0.833208
vt 0.363095 0.833208
vt 0.363095 0.916167
vt 0.369047 0.916167
vt 0.369047 0.999000
vt 0.363095 0.999000
vt 0.375000 0.000000
vt 0.375000 0.083333
vt 0.380952 0.000000
vt 0.380952 0.083333
vt 0.380952 0.166667
vt 0.375000 0.166667
vt 0.375000 0.250000
vt 0.380952 0.250000
vt 0.380952 0.333333
vt 0.375000 0.333333
vt 0.375000 0.416667
vt 0.380952 0.416667
vt 0.380952 0.500000
vt 0.375000 0.500000
vt 0.375000 0.583333
vt 0.380952 0.583333
vt 0.380952 0.666667
vt 0.375000 0.666667
vt 0.375000 0.750000
vt 0.380952 0.750000
vt 0.380952 0.833208
vt 0.375000 0.833208
vt 0.375000 0.916167
vt 0.380952 0.916167
vt 0.380952 0.999000
vt 0.375000 0.999000
vt 0.386904 0.000000
vt 0.386904 0.083333
vt 0.392857 0.000000
vt 0.392857 0.083333
vt 0.392857 0.166667
vt 0.386904 0.166667
vt 0.386904 0.250000
vt 0.392857 0.250000
vt 0.392857 0.333333
vt 0.386904 0.333333
vt 0.386904 0.416667
vt 0.392857 0.416667
vt 0.392857 0.500000
vt 0.386904 0.500000
vt 0.386904 0.583333
vt 0.392857 0.583333
vt 0.392857 0.666667
vt 0.386904 0.666667
vt 0.386904 0.750000
vt 0.392857 0.750000
vt 0.392857 0.833208
vt 0.386904 0.833208
vt 0.386904 0.916167
vt 0.392857 0.916167
vt 0.392857 0.999000
vt 0.386904 0.999000
vt 0.398809 0.000000
vt 0.398809 0.083333
vt 0.404761 0.000000
vt 0.404761 0.083333
vt 0.404762 0.166667
vt 0.398809 0.166667
vt 0.398809 0.250000
vt 0.404761 0.250000
vt 0.404762 0.333333
vt 0.398809 0.333333
vt 0.398809 0.416667
vt 0.404761 0.416667
vt 0.404762 0.500000
vt 0.398809 0.500000
vt 0.398809 0.583333
vt 0.404761 0.583333
vt 0.404762 0.666667
vt 0.398809 0.666667
vt 0.398809 0.750000
vt 0.404761 0.750000
vt 0.404762 0.833208
vt 0.398809 0.833208
vt 0.398809 0.916167
vt 0.404761 0.916167
vt 0.404761 0.999000
vt 0.398809 0.999000
vt 0.410714 0.000000
vt 0.410714 0.083333
vt 0.416666 0.000000
vt 0.416666 0.083333
vt 0.416666 0.166667
vt 0.410714 0.166667
vt 0.410714 0.250000
vt 0.416666 0.250000
vt 0.416666 0.333333
vt 0.410714 0.333333
vt 0.410714 0.416667
vt 0.416666 0.416667
vt 0.416666 0.500000
vt 0.410714 0.500000
vt 0.410714 0.583333
vt 0.416666 0.583333
vt 0.416666 0.666667
vt 0.410714 0.666667
vt 0.410714 0.750000
vt 0.416666 0.750000
vt 0.416666 0.833208
vt 0.410714 0.833208
vt 0.410714 0.916167
vt 0.416666 0.916167
vt 0.416666 0.999000
vt 0.410714 0.999000
vt 0.422619 0.000000
vt 0.422619 0.083333
vt 0.428571 0.000000
vt 0.428571 0.083333
vt 0.428571 0.166667
vt 0.422619 0.166667
vt 0.422619 0.250000
vt 0.428571 0.250000
vt 0.428571 0.333333
vt 0.422619 0.333333
vt 0.422619 0.416667
vt 0.428571 0.416667
vt 0.428571 0.500000
vt 0.422619 0.500000
vt 0.422619 0.583333
vt 0.428571 0.583333
vt 0.428571 0.666667
vt 0.422619 0.666667
vt 0.422619 0.750000
vt 0.428571 0.750000
vt 0.428571 0.833208
vt 0.422619 0.833208
vt 0.422619 0.916167
vt 0.428571 0.916167
vt 0.428571 0.999000
vt 0.422619 0.999000
vt 0.434523 0.000000
vt 0.434523 0.083333
vt 0.440476 0.000000
vt 0.440476 0.083333
vt 0.440476 0.166667
vt 0.434523 0.166667
vt 0.434523 0.250000
vt 0.440476 0.250000
vt 0.440476 0.333333
vt 0.434523 0.333333
vt 0.434523 0.416667
vt 0.440476 0.416667
vt 0.440476 0.500000
vt 0.434523 0.500000
vt 0.434523 0.583333
vt 0.440476 0.583333
vt 0.440476 0.666667
vt 0.434523 0.666667
vt 0.434523 0.750000
vt 0.440476 0.750000
vt 0.440476 0.833208
vt 0.434523 0.833208
vt 0.434523 0.916167
vt 0.440476 0.916167
vt 0.440476 0.999000
vt 0.434523 0.999000
vt 0.446428 0.000000
vt 0.446428 0.083333
vt 0.452381 0.000000
vt 0.452380 0.083333
vt 0.452380 0.166667
vt 0.446428 0.166667
vt 0.446428 0.250000
vt 0.452380 0.250000
vt 0.452380 0.333333
vt 0.446428 0.333333
vt 0.446428 0.416667
vt 0.452380 0.416667
vt 0.452380 0.500000
vt 0.446428 0.500000
vt 0.446428 0.583333
vt 0.452380 0.583333
vt 0.452380 0.666667
vt 0.446428 0.666667
vt 0.446428 0.750000
vt 0.452380 0.750000
vt 0.452380 0.833208
vt 0.446428 0.833208
vt 0.446428 0.916167
vt 0.452380 0.916167
vt 0.452381 0.999000
vt 0.446428 0.999000
vt 0.458333 0.000000
vt 0.458333 0.083333
vt 0.464285 0.000000
vt 0.464285 0.083333
vt 0.464285 0.166667
vt 0.458333 0.166667
vt 0.458333 0.250000
vt 0.464285 0.250000
vt 0.464285 0.333333
vt 0.458333 0.333333
vt 0.458333 0.416667
vt 0.464285 0.416667
vt 0.464285 0.500000
vt 0.458333 0.500000
vt 0.458333 0.583333
vt 0.464285 0.583333
vt 0.464285 0.666667
vt 0.458333 0.666667
vt 0.458333 0.750000
vt 0.464285 0.750000
vt 0.464285 0.833208
vt 0.458333 0.833208
vt 0.458333 0.916167
vt 0.464285 0.916167
vt 0.464285 0.999000
vt 0.458333 0.999000
vt 0.470238 0.000000
vt 0.470238 0.083333
vt 0.476190 0.000000
vt 0.476190 0.083333
vt 0.476190 0.166667
vt 0.470238 0.166667
vt 0.470238 0.250000
vt 0.476190 0.250000
vt 0.476190 0.333333
vt 0.470238 0.333333
vt 0.470238 0.416667
vt 0.476190 0.416667
vt 0.476190 0.500000
vt 0.470238 0.500000
vt 0.470238 0.583333
vt 0.476190 0.583333
vt 0.476190 0.666667
vt 0.470238 0.666667
vt 0.470238 0.750000
vt 0.476190 0.750000
vt 0.476190 0.833208
vt 0.470238 0.833208
vt 0.470238 0.916167
vt 0.476190 0.916167
vt 0.476190 0.999000
vt 0.470238 0.999000
vt 0.482142 0.000000
vt 0.482142 0.083333
vt 0.488095 0.000000
vt 0.488095 0.083333
vt 0.488095 0.166667
vt 0.482142 0.166667
vt 0.482142 0.250000
vt 0.488095 0.250000
vt 0.488095 0.333333
vt 0.482142 0.333333
vt 0.482142 0.416667
vt 0.488095 0.416667
vt 0.488095 0.500000
vt 0.482142 0.500000
vt 0.482142 0.583333
vt 0.488095 0.583333
vt 0.488095 0.666667
vt 0.482142 0.666667
vt 0.482142 0.750000
vt 0.488095 0.750000
vt 0.488095 0.833208
vt 0.482142 0.833208
vt 0.482142 0.916167
vt 0.488095 0.916167
vt 0.488095 0.999000
vt 0.482142 0.999000
vt 0.494047 0.000000
vt 0.494047 0.083333
vt 0.499999 0.000000
vt 0.499999 0.083333
vt 0.499999 0.166667
vt 0.494047 0.166667
vt 0.494047 0.250000
vt 0.499999 0.250000
vt 0.499999 0.333333
vt 0.494047 0.333333
vt 0.494047 0.416667
vt 0.499999 0.416667
vt 0.499999 0.500000
vt 0.494047 0.500000
vt 0.494047 0.583333
vt 0.499999 0.583333
vt 0.499999 0.666667
vt 0.494047 0.666667
vt 0.494047 0.750000
vt 0.499999 0.750000
vt 0.499999 0.833208
vt 0.494047 0.833208
vt 0.494047 0.916167
vt 0.499999 0.916167
vt 0.499999 0.999000
vt 0.494047 0.999000
vt 0.505952 0.000000
vt 0.505952 0.083333
vt 0.511904 0.000000
vt 0.511904 0.083333
vt 0.511904 0.166667
vt 0.505952 0.166667
vt 0.505952 0.250000
vt 0.511904 0.250000
vt 0.511904 0.333333
vt 0.505952 0.333333
vt 0.505952 0.416667
vt 0.511904 0.416667
vt 0.511904 0.500000
vt 0.505952 0.500000
vt 0.505952 0.583333
vt 0.511904 0.583333
vt 0.511904 0.666667
vt 0.505952 0.666667
vt 0.505952 0.750000
vt 0.511904 0.750000
vt 0.511904 0.833208
vt 0.505952 0.833208
vt 0.505952 0.916167
vt 0.511904 0.916167
vt 0.511904 0.999000
vt 0.505952 0.999000
vt 0.517857 0.000000
vt 0.517857 0.083333
vt 0.523809 0.000000
vt 0.523809 0.083333
vt 0.523809 0.166667
vt 0.517857 0.166667
vt 0.517857 0.250000
vt 0.523809 0.250000
vt 0.523809 0.333333
vt 0.517857 0.333333
vt 0.517857 0.416667
vt 0.523809 0.416667
vt 0.523809 0.500000
vt 0.517857 0.500000
vt 0.517857 0.583333
vt 0.523809 0.583333
vt 0.523809 0.666667
vt 0.517857 0.666667
vt 0.517857 0.750000
vt 0.523809 0.750000
vt 0.523809 0.833208
vt 0.517857 0.833208
vt 0.517857 0.916167
vt 0.523809 0.916167
vt 0.523809 0.999000
vt 0.517857 0.999000
vt 0.529761 0.000000
vt 0.529761 0.083333
vt 0.535714 0.000000
vt 0.535714 0.083333
vt 0.535714 0.166667
vt 0.529761 0.166667
vt 0.529761 0.250000
vt 0.535714 0.250000
vt 0.535714 0.333333
vt 0.529761 0.333333
vt 0.529761 0.416667
vt 0.535714 0.416667
vt 0.535714 0.500000
vt 0.529761 0.500000
vt 0.529761 0.583333
vt 0.535714 0.583333
vt 0.535714 0.666667
vt 0.529761 0.666667
vt 0.529761 0.750000
vt 0.535714 0.750000
vt 0.535714 0.833208
vt 0.529761 0.833208
vt 0.529761 0.916167
vt 0.535714 0.916167
vt 0.535714 0.999000
vt 0.529761 0.999000
vt 0.541666 0.000000
vt 0.541666 0.083333
vt 0.547619 0.000000
vt 0.547619 0.083333
vt 0.547618 0.166667
vt 0.541666 0.166667
vt 0.541666 0.250000
vt 0.547619 0.250000
vt 0.547618 0.333333
vt 0.541666 0.333333
vt 0.541666 0.416667
vt 0.547619 0.416667
vt 0.547618 0.500000
vt 0.541666 0.500000
vt 0.541666 0.583333
vt 0.547619 0.583333
vt 0.547618 0.666667
vt 0.541666 0.666667
vt 0.541666 0.750000
vt 0.547619 0.750000
vt 0.547618 0.833208
vt 0.541666 0.833208
vt 0.541666 0.916167
vt 0.547619 0.916167
vt 0.547619 0.999000
vt 0.541666 0.999000
vt 0.553571 0.000000
vt 0.553571 0.083333
vt 0.559523 0.000000
vt 0.559523 0.083333
vt 0.559523 0.166667
vt 0.553571 0.166667
vt 0.553571 0.250000
vt 0.559523 0.250000
vt 0.559523 0.333333
vt 0.553571 0.333333
vt 0.553571 0.416667
vt 0.559523 0.416667
vt 0.559523 0.500000
vt 0.553571 0.500000
vt 0.553571 0.583333
vt 0.559523 0.583333
vt 0.559523 0.666667
vt 0.553571 0.666667
vt 0.553571 0.750000
vt 0.559523 0.750000
vt 0.559523 0.833208
vt 0.553571 0.833208
vt 0.553571 0.916167
vt 0.559523 0.916167
vt 0.559523 0.999000
vt 0.553571 0.999000
vt 0.565476 0.000000
vt 0.565476 0.083333
vt 0.571428 0.000000
vt 0.571428 0.083333
vt 0.571428 0.166667
vt 0.565476 0.166667
vt 0.565476 0.250000
vt 0.571428 0.250000
vt 0.571428 0.333333
vt 0.565476 0.333333
vt 0.565476 0.416667
vt 0.571428 0.416667
vt 0.571428 0.500000
vt 0.565476 0.500000
vt 0.565476 0.583333
vt 0.571428 0.583333
vt 0.571428 0.666667
vt 0.565476 0.666667
vt 0.565476 0.750000
vt 0.571428 0.750000
vt 0.571428 0.833208
vt 0.565476 0.833208
vt 0.565476 0.916167
vt 0.571428 0.916167
vt 0.571428 0.999000
vt 0.565476 0.999000
vt 0.577380 0.000000
vt 0.577380 0.083333
vt 0.583333 0.000000
vt 0.583333 0.083333
vt 0.583333 0.166667
vt 0.577380 0.166667
vt 0.577380 0.250000
vt 0.583333 0.250000
vt 0.583333 0.333333
vt 0.577380 0.333333
vt 0.577380 0.416667
vt 0.583333 0.416667
vt 0.583333 0.500000
vt 0.577380 0.500000
vt 0.577380 0.583333
vt 0.583333 0.583333
vt 0.583333 0.666667
vt 0.577380 0.666667
vt 0.577380 0.750000
vt 0.583333 0.750000
vt 0.583333 0.833208
vt 0.577380 0.833208
vt 0.577380 0.916167
vt 0.583333 0.916167
vt 0.583333 0.999000
vt 0.577380 0.999000
vt 0.589285 0.000000
vt 0.589285 0.083333
vt 0.595237 0.000000
vt 0.595237 0.083333
vt 0.595237 0.166667
vt 0.589285 0.166667
vt 0.589285 0.250000
vt 0.595237 0.250000
vt 0.595237 0.333333
vt 0.589285 0.333333
vt 0.589285 0.416667
vt 0.595237 0.416667
vt 0.595237 0.500000
vt 0.589285 0.500000
vt 0.589285 0.583333
vt 0.595237 0.583333
vt 0.595237 0.666667
vt 0.589285 0.666667
vt 0.589285 0.750000
vt 0.595237 0.750000
vt 0.595237 0.833208
vt 0.589285 0.833208
vt 0.589285 0.916167
vt 0.595237 0.916167
vt 0.595237 0.999000
vt 0.589285 0.999000
vt 0.601190 0.000000
vt 0.601190 0.083333
vt 0.607142 0.000000
vt 0.607142 0.083333
vt 0.607142 0.166667
vt 0.601190 0.166667
vt 0.601190 0.250000
vt 0.607142 0.250000
vt 0.607142 0.333333
vt 0.601190 0.333333
vt 0.601190 0.416667
vt 0.607142 0.416667
vt 0.607142 0.500000
vt 0.601190 0.500000
vt 0.601190 0.583333
vt 0.607142 0.583333
vt 0.607142 0.666667
vt 0.601190 0.666667
vt 0.601190 0.750000
vt 0.607142 0.750000
vt 0.607142 0.833208
vt 0.601190 0.833208
vt 0.601190 0.916167
vt 0.607142 0.916167
vt 0.607142 0.999000
vt 0.601190 0.999000
vn 0.5416 0.5150 0.6644
vn 0.7471 -0.0188 0.6644
vn 0.5150 -0.5416 0.6644
vn -0.0188 -0.7471 0.6644
vn -0.5416 -0.5150 0.6644
vn -0.7471 0.0188 0.6644
vn -0.5150 0.5416 0.6644
vn 0.0188 0.7471 0.6644
vn 0.0047 1.0000 0.0000
vn 0.7104 0.7038 -0.0000
vn 1.0000 -0.0047 -0.0000
vn 0.7038 -0.7104 -0.0000
vn -0.0047 -1.0000 -0.0000
vn -0.7104 -0.7038 -0.0000
vn -0.0000 -0.0000 1.0000
vn -1.0000 0.0047 0.0000
vn -0.7038 0.7104 0.0000
vn 0.0000 0.0000 -1.0000
vn -0.9792 0.1963 0.0505
vn 0.0000 -0.8866 -0.4626
vn 0.9792 0.1963 0.0505
vn 0.9507 0.2458 0.1893
vn 0.0000 -0.6392 -0.7691
vn -0.9507 0.2458 0.1893
vn -0.8728 0.2709 0.4059
vn -0.0000 -0.2761 -0.9611
vn 0.8728 0.2709 0.4059
vn 0.1963 0.9792 0.0505
vn -0.8866 -0.0000 -0.4626
vn 0.1963 -0.9792 0.0505
vn 0.2458 -0.9507 0.1893
vn -0.6392 -0.0000 -0.7691
vn 0.2458 0.9507 0.1893
vn 0.2709 0.8728 0.4059
vn -0.2761 -0.0000 -0.9611
vn 0.2709 -0.8728 0.4059
vn 0.9792 -0.1963 0.0505
vn -0.0000 0.8866 -0.4626
vn -0.9792 -0.1963 0.0505
vn -0.9507 -0.2458 0.1893
vn -0.0000 0.6392 -0.7691
vn 0.9507 -0.2458 0.1893
vn 0.8728 -0.2709 0.4059
vn -0.0000 0.2761 -0.9611
vn -0.8728 -0.2709 0.4059
vn -0.1963 -0.9792 0.0505
vn 0.8866 0.0000 -0.4626
vn -0.1963 0.9792 0.0505
vn -0.2458 0.9507 0.1893
vn 0.6392 0.0000 -0.7691
vn -0.2458 -0.9507 0.1893
vn -0.2709 -0.8728 0.4059
vn 0.2761 -0.0000 -0.9611
vn -0.2709 0.8728 0.4059
vn 0.6957 -0.6459 0.3143
vn 0.2202 -0.9400 0.2604
vn 0.2981 -0.8155 -0.4960
vn 0.8552 -0.5038 0.1215
vn -0.2189 -0.9330 0.2854
vn -0.4377 -0.8936 0.0989
vn -0.7380 -0.6732 -0.0462
vn -0.7129 -0.6141 -0.3385
vn -0.7175 -0.1678 -0.6760
vn 0.0379 -0.1464 -0.9885
vn 0.6297 0.3931 -0.6701
vn 0.9289 0.0285 -0.3692
vn 0.9975 0.0168 -0.0678
vn 0.7688 -0.5339 0.3519
vn 0.3042 -0.8578 0.4141
vn 0.8594 -0.3088 0.4075
vn 0.4113 -0.7725 0.4838
vn -0.1456 -0.9288 0.3407
vn -0.2029 -0.9280 0.3124
vn -0.5555 -0.8174 0.1524
vn -0.5116 -0.8442 0.1596
vn -0.7145 -0.6995 -0.0153
vn -0.7533 -0.6573 -0.0228
vn -0.8592 -0.4464 -0.2499
vn -0.8332 -0.5040 -0.2273
vn -0.7974 -0.1083 -0.5937
vn -0.7688 -0.0725 -0.6354
vn -0.1476 0.4226 -0.8942
vn -0.2372 0.4866 -0.8408
vn 0.4483 0.6914 -0.5665
vn 0.5571 0.5553 -0.6175
vn 0.8654 0.4121 -0.2850
vn 0.7605 0.5974 -0.2543
vn 0.9094 0.4149 -0.0297
vn 0.9830 0.1773 -0.0474
vn 0.9768 -0.1348 0.1664
vn 0.9731 0.1322 0.1886
vn 0.8966 -0.0712 0.4370
vn 0.5342 -0.6481 0.5428
vn 0.8957 0.1273 0.4260
vn 0.6604 -0.4953 0.5643
vn 0.0837 -0.9140 0.3969
vn -0.0549 -0.9277 0.3691
vn -0.4356 -0.8858 0.1602
vn -0.3292 -0.9298 0.1646
vn -0.5482 -0.8362 -0.0137
vn -0.6400 -0.7682 -0.0141
vn -0.7732 -0.5976 -0.2122
vn -0.7013 -0.6829 -0.2046
vn -0.7837 -0.3364 -0.5221
vn -0.8014 -0.2236 -0.5547
vn -0.3486 0.4530 -0.8205
vn -0.4512 0.3702 -0.8120
vn 0.1990 0.7967 -0.5706
vn 0.3215 0.7705 -0.5503
vn 0.6442 0.7278 -0.2351
vn 0.5553 0.7971 -0.2371
vn 0.7197 0.6940 -0.0186
vn 0.8016 0.5976 -0.0188
vn 0.9078 0.3716 0.1942
vn 0.8372 0.5146 0.1852
vn 0.8691 0.2799 0.4078
vn 0.7553 -0.3298 0.5663
vn 0.8100 0.4141 0.4151
vn 0.7973 -0.1746 0.5778
vn 0.4025 -0.7942 0.4551
vn 0.2501 -0.8700 0.4248
vn -0.1947 -0.9652 0.1747
vn -0.0503 -0.9801 0.1917
vn -0.3240 -0.9460 -0.0077
vn -0.4398 -0.8980 -0.0126
vn -0.6235 -0.7551 -0.2027
vn -0.5465 -0.8131 -0.2004
vn -0.7452 -0.4822 -0.4605
vn -0.7594 -0.4230 -0.4944
vn -0.5558 0.2756 -0.7843
vn -0.6814 0.1846 -0.7082
vn -0.2206 0.7817 -0.5833
vn 0.0280 0.8020 -0.5966
vn 0.4400 0.8615 -0.2533
vn 0.2198 0.9374 -0.2699
vn 0.4875 0.8729 -0.0198
vn 0.6375 0.7701 -0.0210
vn 0.7709 0.6106 0.1814
vn 0.6692 0.7172 0.1943
vn 0.7161 0.5400 0.4422
vn 0.8102 -0.0375 0.5849
vn 0.5779 0.6614 0.4781
vn 0.8068 0.0866 0.5845
vn 0.6984 -0.5546 0.4523
vn 0.5516 -0.6898 0.4688
vn 0.1328 -0.9693 0.2068
vn 0.3688 -0.9057 0.2089
vn 0.0815 -0.9966 0.0000
vn -0.1616 -0.9868 -0.0023
vn -0.4277 -0.8811 -0.2017
vn -0.2163 -0.9537 -0.2088
vn -0.5981 -0.6612 -0.4527
vn -0.7071 -0.5542 -0.4390
vn -0.7815 0.0728 -0.6196
vn -0.8096 -0.0459 -0.5851
vn -0.6771 0.5590 -0.4786
vn -0.4851 0.6957 -0.5297
vn -0.0910 0.9594 -0.2668
vn -0.3932 0.8857 -0.2466
vn -0.0808 0.9967 0.0000
vn 0.2342 0.9721 -0.0122
vn 0.4980 0.8388 0.2199
vn 0.2452 0.9376 0.2466
vn 0.3841 0.7640 0.5184
vn 0.7726 0.2037 0.6013
vn 0.1610 0.8237 0.5437
vn 0.6986 0.3242 0.6378
vn 0.8543 -0.3012 0.4234
vn 0.7992 -0.4201 0.4297
vn 0.5783 -0.7912 0.1986
vn 0.7185 -0.6696 0.1877
vn 0.5305 -0.8477 0.0006
vn 0.3360 -0.9418 0.0006
vn 0.0486 -0.9766 -0.2096
vn 0.2835 -0.9377 -0.2009
vn -0.1842 -0.8512 -0.4914
vn -0.4106 -0.7750 -0.4803
vn -0.7826 -0.1664 -0.5998
vn -0.7144 -0.2931 -0.6353
vn -0.8343 0.3157 -0.4519
vn -0.7833 0.4267 -0.4520
vn -0.6144 0.7564 -0.2242
vn -0.7405 0.6381 -0.2107
vn -0.5795 0.8149 0.0096
vn -0.3745 0.9272 0.0094
vn -0.0495 0.9636 0.2627
vn -0.3124 0.9145 0.2571
vn -0.0454 0.8418 0.5379
vn 0.5917 0.4454 0.6719
vn -0.2145 0.8345 0.5075
vn 0.4615 0.5638 0.6850
vn 0.8878 -0.0540 0.4570
vn 0.8812 -0.1867 0.4342
vn 0.8093 -0.5585 0.1821
vn 0.8753 -0.4474 0.1835
vn 0.7600 -0.6499 0.0000
vn 0.6636 -0.7481 0.0003
vn 0.4560 -0.8694 -0.1899
vn 0.5784 -0.7949 -0.1829
vn 0.1959 -0.8689 -0.4545
vn 0.0289 -0.8773 -0.4789
vn -0.6078 -0.4248 -0.6709
vn -0.4783 -0.5491 -0.6854
vn -0.8560 0.0784 -0.5108
vn -0.8549 0.2082 -0.4751
vn -0.8085 0.5499 -0.2097
vn -0.8557 0.4685 -0.2197
vn -0.7595 0.6505 -0.0001
vn -0.6933 0.7207 0.0051
vn -0.4906 0.8385 0.2371
vn -0.5953 0.7731 0.2187
vn -0.3412 0.8127 0.4723
vn 0.3178 0.6713 0.6695
vn -0.4435 0.7751 0.4500
vn 0.1710 0.7545 0.6335
vn 0.8075 0.3222 0.4941
vn 0.8688 0.1140 0.4818
vn 0.9301 -0.3135 0.1911
vn 0.9705 -0.1302 0.2026
vn 0.9205 -0.3906 -0.0006
vn 0.8422 -0.5390 -0.0002
vn 0.6776 -0.7125 -0.1820
vn 0.7735 -0.6052 -0.1882
vn 0.4326 -0.7964 -0.4225
vn 0.3245 -0.8413 -0.4324
vn -0.3406 -0.6581 -0.6714
vn -0.2044 -0.7434 -0.6369
vn -0.7846 -0.2932 -0.5463
vn -0.8359 -0.0913 -0.5412
vn -0.9045 0.3534 -0.2387
vn -0.9520 0.1628 -0.2591
vn -0.8955 0.4449 -0.0099
vn -0.8191 0.5736 -0.0053
vn -0.6682 0.7140 0.2091
vn -0.7454 0.6324 0.2106
vn -0.5453 0.7065 0.4510
vn 0.0359 0.8003 0.5985
vn -0.6597 0.5794 0.4786
vn -0.0865 0.8063 0.5851
vn 0.5515 0.6991 0.4550
vn 0.6944 0.5338 0.4825
vn 0.9710 0.1111 0.2118
vn 0.9043 0.3707 0.2114
vn 0.9967 0.0815 0.0003
vn 0.9834 -0.1813 -0.0005
vn 0.8723 -0.4462 -0.1997
vn 0.9528 -0.2190 -0.2104
vn 0.6580 -0.6009 -0.4538
vn 0.5411 -0.7227 -0.4300
vn -0.0744 -0.7960 -0.6006
vn 0.0458 -0.8099 -0.5847
vn -0.5563 -0.6787 -0.4795
vn -0.6892 -0.5044 -0.5202
vn -0.9584 -0.1072 -0.2645
vn -0.8844 -0.3953 -0.2481
vn -0.9966 -0.0815 -0.0005
vn -0.9750 0.2219 -0.0098
vn -0.8437 0.4876 0.2244
vn -0.9372 0.2464 0.2469
vn -0.7629 0.3860 0.5186
vn -0.2029 0.7729 0.6012
vn -0.8234 0.1618 0.5439
vn -0.3225 0.6995 0.6376
vn 0.2971 0.8546 0.4258
vn 0.4162 0.8001 0.4320
vn 0.7879 0.5818 0.2016
vn 0.6644 0.7224 0.1913
vn 0.8447 0.5353 0.0023
vn 0.9409 0.3387 0.0015
vn 0.9763 0.0481 -0.2111
vn 0.9366 0.2864 -0.2018
vn 0.8493 -0.1870 -0.4937
vn 0.7721 -0.4143 -0.4818
vn 0.1654 -0.7841 -0.5981
vn 0.2913 -0.7171 -0.6331
vn -0.3113 -0.8370 -0.4500
vn -0.4228 -0.7858 -0.4513
vn -0.7529 -0.6184 -0.2251
vn -0.6322 -0.7454 -0.2116
vn -0.8111 -0.5848 0.0075
vn -0.9259 -0.3775 0.0084
vn -0.9637 -0.0499 0.2623
vn -0.9138 -0.3156 0.2555
vn -0.8418 -0.0462 0.5378
vn -0.4431 0.5928 0.6725
vn -0.8345 -0.2177 0.5062
vn -0.5608 0.4625 0.6867
vn 0.0519 0.8860 0.4608
vn 0.1831 0.8806 0.4371
vn 0.5521 0.8126 0.1867
vn 0.4405 0.8775 0.1896
vn 0.6437 0.7653 0.0044
vn 0.7431 0.6691 0.0032
vn 0.8668 0.4611 -0.1896
vn 0.7909 0.5846 -0.1811
vn 0.8675 0.1980 -0.4562
vn 0.8761 0.0286 -0.4813
vn 0.4227 -0.6112 -0.6691
vn 0.5470 -0.4816 -0.6847
vn -0.0757 -0.8579 -0.5082
vn -0.2041 -0.8574 -0.4725
vn -0.5424 -0.8131 -0.2110
vn -0.4607 -0.8594 -0.2219
vn -0.6430 -0.7658 -0.0060
vn -0.7146 -0.6995 0.0013
vn -0.8361 -0.4965 0.2331
vn -0.7691 -0.6029 0.2119
vn -0.8120 -0.3466 0.4695
vn -0.6674 0.3189 0.6729
vn -0.7731 -0.4509 0.4460
vn -0.7498 0.1720 0.6389
vn -0.3166 0.8054 0.5011
vn -0.1131 0.8661 0.4868
vn 0.3072 0.9306 0.1990
vn 0.1261 0.9690 0.2122
vn 0.3842 0.9232 0.0075
vn 0.5322 0.8466 0.0058
vn 0.7074 0.6839 -0.1786
vn 0.5994 0.7792 -0.1830
vn 0.7942 0.4374 -0.4217
vn 0.8395 0.3283 -0.4329
vn 0.6562 -0.3434 -0.6719
vn 0.7416 -0.2063 -0.6383
vn 0.2920 -0.7851 -0.5461
vn 0.0921 -0.8370 -0.5393
vn -0.3465 -0.9063 -0.2420
vn -0.1588 -0.9514 -0.2639
vn -0.4378 -0.8988 -0.0205
vn -0.5658 -0.8244 -0.0136
vn -0.7088 -0.6765 0.1997
vn -0.6264 -0.7537 0.1988
vn -0.7027 -0.5539 0.4464
vn -0.7945 0.0362 0.6062
vn -0.5742 -0.6684 0.4727
vn -0.7990 -0.0873 0.5950
vn -0.6867 0.5548 0.4696
vn -0.5236 0.6949 0.4928
vn -0.1101 0.9685 0.2234
vn -0.3641 0.9036 0.2257
vn -0.0815 0.9966 0.0128
vn 0.1770 0.9842 0.0097
vn 0.4407 0.8767 -0.1924
vn 0.2154 0.9557 -0.2008
vn 0.5979 0.6633 -0.4500
vn 0.7200 0.5464 -0.4277
vn 0.7944 -0.0751 -0.6026
vn 0.8082 0.0463 -0.5871
vn 0.6738 -0.5578 -0.4845
vn 0.5010 -0.6899 -0.5225
vn 0.1070 -0.9564 -0.2717
vn 0.3909 -0.8833 -0.2585
vn 0.0814 -0.9965 -0.0173
vn -0.2176 -0.9757 -0.0231
vn -0.4813 -0.8509 0.2101
vn -0.2421 -0.9427 0.2294
vn -0.3811 -0.7710 0.5101
vn -0.7636 -0.2044 0.6124
vn -0.1578 -0.8316 0.5325
vn -0.6887 -0.3239 0.6486
vn -0.8417 0.3004 0.4487
vn -0.7873 0.4205 0.4510
vn -0.5723 0.7902 0.2193
vn -0.7131 0.6680 0.2127
vn -0.5304 0.8475 0.0197
vn -0.3348 0.9421 0.0163
vn -0.0487 0.9787 -0.1994
vn -0.2851 0.9398 -0.1883
vn 0.1860 0.8537 -0.4864
vn 0.4120 0.7769 -0.4761
vn 0.7818 0.1669 -0.6007
vn 0.7140 0.2932 -0.6357
vn 0.8308 -0.3124 -0.4605
vn 0.7803 -0.4246 -0.4592
vn 0.6117 -0.7540 -0.2392
vn 0.7384 -0.6340 -0.2296
vn 0.5792 -0.8150 -0.0165
vn 0.3733 -0.9276 -0.0120
vn 0.0507 -0.9692 0.2411
vn 0.3138 -0.9209 0.2309
vn 0.0498 -0.8499 0.5245
vn -0.5817 -0.4427 0.6824
vn 0.2217 -0.8411 0.4933
vn -0.4522 -0.5572 0.6964
vn -0.8710 0.0525 0.4885
vn -0.8669 0.1846 0.4630
vn -0.8048 0.5543 0.2119
vn -0.8712 0.4396 0.2184
vn -0.7643 0.6442 0.0267
vn -0.6656 0.7459 0.0231
vn -0.4603 0.8703 -0.1748
vn -0.5862 0.7931 -0.1652
vn -0.1990 0.8712 -0.4487
vn -0.0288 0.8804 -0.4734
vn 0.6076 0.4241 -0.6715
vn 0.4780 0.5470 -0.6872
vn 0.8495 -0.0757 -0.5222
vn 0.8502 -0.2043 -0.4852
vn 0.8066 -0.5432 -0.2330
vn 0.8534 -0.4587 -0.2475
vn 0.7642 -0.6438 -0.0374
vn 0.6952 -0.7183 -0.0266
vn 0.4951 -0.8441 0.2059
vn 0.6050 -0.7749 0.1828
vn 0.3534 -0.8150 0.4592
vn -0.3110 -0.6585 0.6853
vn 0.4625 -0.7696 0.4403
vn -0.1677 -0.7342 0.6578
vn -0.7905 -0.3049 0.5312
vn -0.8499 -0.1101 0.5153
vn -0.9247 0.3028 0.2306
vn -0.9616 0.1212 0.2462
vn -0.9256 0.3768 0.0341
vn -0.8481 0.5289 0.0304
vn -0.6888 0.7066 -0.1621
vn -0.7871 0.5940 -0.1661
vn -0.4440 0.7923 -0.4184
vn -0.3316 0.8413 -0.4270
vn 0.3405 0.6534 -0.6761
vn 0.2044 0.7348 -0.6467
vn 0.7757 0.2848 -0.5631
vn 0.8275 0.0900 -0.5541
vn 0.9001 -0.3418 -0.2702
vn 0.9432 -0.1551 -0.2938
vn 0.9015 -0.4290 -0.0563
vn 0.8260 -0.5617 -0.0476
vn 0.6840 -0.7094 0.1698
vn 0.7664 -0.6196 0.1694
vn 0.5697 -0.6906 0.4455
vn -0.0342 -0.7725 0.6341
vn 0.6838 -0.5552 0.4734
vn 0.0887 -0.7705 0.6312
vn -0.5564 -0.6532 0.5135
vn -0.6869 -0.4993 0.5280
vn -0.9597 -0.1080 0.2595
vn -0.8989 -0.3490 0.2650
vn -0.9957 -0.0815 0.0438
vn -0.9847 0.1696 0.0384
vn -0.8853 0.4310 -0.1747
vn -0.9615 0.2064 -0.1812
vn -0.6738 0.5853 -0.4510
vn -0.5561 0.7129 -0.4273
vn 0.0742 0.7831 -0.6175
vn -0.0474 0.7920 -0.6086
vn 0.5581 0.6513 -0.5141
vn 0.6836 0.4861 -0.5445
vn 0.9471 0.1028 -0.3039
vn 0.8787 0.3746 -0.2957
vn 0.9951 0.0789 -0.0588
vn 0.9758 -0.2099 -0.0608
vn 0.8651 -0.4679 0.1807
vn 0.9529 -0.2304 0.1971
vn 0.7817 -0.3622 0.5076
vn 0.2051 -0.7292 0.6528
vn 0.8388 -0.1441 0.5250
vn 0.3207 -0.6515 0.6875
vn -0.3077 -0.8042 0.5084
vn -0.4277 -0.7504 0.5039
vn -0.7936 -0.5483 0.2637
vn -0.6761 -0.6882 0.2631
vn -0.8547 -0.5160 0.0560
vn -0.9445 -0.3247 0.0497
vn -0.9828 -0.0502 -0.1779
vn -0.9457 -0.2795 -0.1658
vn -0.8567 0.1774 -0.4842
vn -0.7842 0.3982 -0.4758
vn -0.1683 0.7607 -0.6269
vn -0.2932 0.6891 -0.6626
vn 0.3183 0.8029 -0.5040
vn 0.4301 0.7539 -0.4966
vn 0.7588 0.5866 -0.2828
vn 0.6435 0.7125 -0.2797
vn 0.8268 0.5584 -0.0673
vn 0.9318 0.3581 -0.0584
vn 0.9776 0.0522 0.2040
vn 0.9331 0.3052 0.1903
vn 0.8551 0.0583 0.5152
vn 0.4328 -0.5459 0.7174
vn 0.8430 0.2276 0.4872
vn 0.5381 -0.4216 0.7298
vn -0.0556 -0.8313 0.5530
vn -0.1891 -0.8288 0.5267
vn -0.5610 -0.7833 0.2678
vn -0.4400 -0.8536 0.2789
vn -0.6482 -0.7584 0.0686
vn -0.7541 -0.6538 0.0623
vn -0.8779 -0.4541 -0.1520
vn -0.7985 -0.5847 -0.1429
vn -0.8704 -0.1993 -0.4502
vn -0.8813 -0.0310 -0.4716
vn -0.4196 0.5823 -0.6963
vn -0.5354 0.4561 -0.7108
vn 0.0793 0.8189 -0.5684
vn 0.2082 0.8210 -0.5316
vn 0.5496 0.7839 -0.2887
vn 0.4575 0.8344 -0.3073
vn 0.6485 0.7551 -0.0959
vn 0.7306 0.6779 -0.0815
vn 0.8591 0.4849 0.1638
vn 0.7857 0.6025 0.1404
vn 0.8102 0.3624 0.4607
vn 0.6277 -0.2887 0.7229
vn 0.7535 0.4784 0.4508
vn 0.6912 -0.1547 0.7059
vn 0.2802 -0.7531 0.5952
vn 0.1016 -0.8090 0.5789
vn -0.2964 -0.9084 0.2947
vn -0.1140 -0.9430 0.3126
vn -0.3659 -0.9272 0.0804
vn -0.5251 -0.8477 0.0746
vn -0.7058 -0.6943 -0.1407
vn -0.5845 -0.7982 -0.1457
vn -0.7807 -0.4519 -0.4315
vn -0.8366 -0.3346 -0.4338
vn -0.6333 0.3241 -0.7027
vn -0.7055 0.1947 -0.6814
vn -0.2647 0.7474 -0.6094
vn -0.0811 0.7966 -0.5990
vn 0.3333 0.8825 -0.3318
vn 0.1477 0.9230 -0.3552
vn 0.4114 0.9039 -0.1173
vn 0.5544 0.8252 -0.1079
vn 0.7091 0.6932 0.1288
vn 0.6045 0.7858 0.1307
vn 0.6609 0.5903 0.4633
vn 0.7186 -0.0283 0.6948
vn 0.5173 0.7000 0.4923
vn 0.7080 0.0899 0.7004
vn 0.5919 -0.5460 0.5929
vn 0.4531 -0.6613 0.5978
vn 0.1037 -0.9391 0.3277
vn 0.3256 -0.8836 0.3364
vn 0.0811 -0.9922 0.0946
vn -0.1588 -0.9835 0.0869
vn -0.4152 -0.8966 -0.1541
vn -0.1933 -0.9681 -0.1590
vn -0.5578 -0.6832 -0.4712
vn -0.6922 -0.5676 -0.4457
vn -0.7451 0.0700 -0.6632
vn -0.7468 -0.0482 -0.6633
vn -0.6025 0.5506 -0.5777
vn -0.4505 0.6633 -0.5975
vn -0.0949 0.9254 -0.3669
vn -0.3449 0.8649 -0.3647
vn -0.0758 0.9893 -0.1250
vn 0.1945 0.9731 -0.1228
vn 0.4420 0.8855 0.1429
vn 0.2094 0.9652 0.1564
vn 0.3282 0.7874 0.5217
vn 0.6618 0.2004 0.7223
vn 0.1212 0.8364 0.5346
vn 0.5856 0.3065 0.7504
vn 0.7386 -0.3087 0.5993
vn 0.6842 -0.4267 0.5914
vn 0.5125 -0.7885 0.3399
vn 0.6514 -0.6763 0.3438
vn 0.4988 -0.8595 0.1115
vn 0.3113 -0.9447 0.1031
vn 0.0520 -0.9867 -0.1542
vn 0.2735 -0.9514 -0.1417
vn -0.1631 -0.8500 -0.5008
vn -0.3727 -0.7855 -0.4940
vn -0.7099 -0.1660 -0.6845
vn -0.6367 -0.2840 -0.7169
vn -0.7486 0.3197 -0.5809
vn -0.6998 0.4312 -0.5695
vn -0.5433 0.7584 -0.3601
vn -0.6699 0.6472 -0.3637
vn -0.5284 0.8369 -0.1428
vn -0.3345 0.9333 -0.1302
vn -0.0555 0.9857 0.1588
vn -0.2944 0.9448 0.1441
vn -0.0714 0.8470 0.5267
vn 0.4881 0.4058 0.7727
vn -0.2371 0.8280 0.5080
vn 0.3764 0.4959 0.7826
vn 0.7694 -0.0576 0.6362
vn 0.7650 -0.1889 0.6156
vn 0.7519 -0.5581 0.3510
vn 0.8273 -0.4294 0.3621
vn 0.7551 -0.6435 0.1256
vn 0.6419 -0.7574 0.1193
vn 0.4505 -0.8834 -0.1288
vn 0.5901 -0.7981 -0.1216
vn 0.2027 -0.8559 -0.4757
vn 0.0357 -0.8705 -0.4908
vn -0.5347 -0.3992 -0.7448
vn -0.4182 -0.5013 -0.7575
vn -0.7657 0.0811 -0.6380
vn -0.7671 0.2073 -0.6070
vn -0.7486 0.5458 -0.3765
vn -0.8058 0.4411 -0.3951
vn -0.7475 0.6415 -0.1723
vn -0.6565 0.7374 -0.1587
vn -0.4749 0.8717 0.1208
vn -0.6056 0.7891 0.1026
vn -0.3754 0.7841 0.4942
vn 0.2582 0.5689 0.7808
vn -0.4970 0.7124 0.4955
vn 0.1382 0.6177 0.7742
vn 0.7034 0.2449 0.6673
vn 0.7504 0.0884 0.6550
vn 0.8836 -0.2801 0.3753
vn 0.9158 -0.1021 0.3884
vn 0.9295 -0.3439 0.1332
vn 0.8505 -0.5097 0.1301
vn 0.7094 -0.6941 -0.1226
vn 0.8176 -0.5607 -0.1310
vn 0.4665 -0.7476 -0.4726
vn 0.3431 -0.8148 -0.4673
vn -0.2977 -0.5846 -0.7546
vn -0.1796 -0.6430 -0.7445
vn -0.7037 -0.2312 -0.6718
vn -0.7461 -0.0674 -0.6624
vn -0.8558 0.3086 -0.4152
vn -0.8926 0.1304 -0.4316
vn -0.9082 0.3761 -0.1836
vn -0.8287 0.5298 -0.1806
vn -0.7123 0.6950 0.0981
vn -0.8137 0.5712 0.1077
vn -0.6078 0.6060 0.5131
vn 0.0227 0.6351 0.7721
vn -0.7054 0.4598 0.5394
vn -0.0869 0.6207 0.7792
vn 0.5303 0.5185 0.6708
vn 0.6279 0.3940 0.6712
vn 0.9120 0.0977 0.3984
vn 0.8650 0.2977 0.4040
vn 0.9870 0.0803 0.1388
vn 0.9804 -0.1424 0.1358
vn 0.9113 -0.3862 -0.1422
vn 0.9733 -0.1735 -0.1503
vn 0.6897 -0.5079 -0.5160
vn 0.5830 -0.6472 -0.4911
vn -0.0641 -0.6719 -0.7378
vn 0.0476 -0.6673 -0.7433
vn -0.5377 -0.5292 -0.6564
vn -0.6330 -0.3937 -0.6665
vn -0.8944 -0.0864 -0.4389
vn -0.8455 -0.3058 -0.4377
vn -0.9808 -0.0744 -0.1803
vn -0.9687 0.1683 -0.1824
vn -0.9080 0.3996 0.1257
vn -0.9734 0.1792 0.1423
vn -0.7768 0.2833 0.5624
vn -0.1885 0.5774 0.7944
vn -0.8141 0.0958 0.5728
vn -0.2834 0.5111 0.8114
vn 0.3079 0.6685 0.6769
vn 0.4222 0.6090 0.6714
vn 0.7818 0.4730 0.4063
vn 0.6756 0.6136 0.4087
vn 0.8650 0.4800 0.1461
vn 0.9448 0.2951 0.1423
vn 0.9871 0.0542 -0.1509
vn 0.9530 0.2654 -0.1460
vn 0.8270 -0.1411 -0.5442
vn 0.7761 -0.3320 -0.5361
vn 0.1579 -0.6296 -0.7606
vn 0.2642 -0.5631 -0.7830
vn -0.3201 -0.6784 -0.6613
vn -0.4298 -0.6235 -0.6531
vn -0.7561 -0.4886 -0.4353
vn -0.6510 -0.6201 -0.4378
vn -0.8476 -0.4958 -0.1892
vn -0.9340 -0.3074 -0.1820
vn -0.9871 -0.0605 0.1482
vn -0.9491 -0.2816 0.1412
vn -0.8171 -0.0817 0.5706
vn -0.3694 0.4281 0.8248
vn -0.7906 -0.2405 0.5630
vn -0.4447 0.3330 0.8315
vn 0.0604 0.7129 0.6987
vn 0.1886 0.7021 0.6866
vn 0.5551 0.7221 0.4128
vn 0.4198 0.8051 0.4190
vn 0.6389 0.7544 0.1504
vn 0.7614 0.6309 0.1490
vn 0.8844 0.4449 -0.1411
vn 0.7915 0.5946 -0.1411
vn 0.8181 0.2052 -0.5372
vn 0.8395 0.0428 -0.5417
vn 0.3636 -0.4749 -0.8014
vn 0.4490 -0.3752 -0.8109
vn -0.0829 -0.7125 -0.6967
vn -0.2063 -0.7055 -0.6779
vn -0.5421 -0.7124 -0.4456
vn -0.4245 -0.7822 -0.4560
vn -0.6348 -0.7451 -0.2043
vn -0.7455 -0.6363 -0.1983
vn -0.8770 -0.4629 0.1286
vn -0.7852 -0.6073 0.1209
vn -0.7366 -0.3788 0.5602
vn -0.5031 0.2310 0.8328
vn -0.6541 -0.5005 0.5671
vn -0.5403 0.1256 0.8320
vn -0.2151 0.6630 0.7170
vn -0.0755 0.7006 0.7095
vn 0.2662 0.8647 0.4259
vn 0.0929 0.8969 0.4323
vn 0.3239 0.9345 0.1474
vn 0.4946 0.8561 0.1497
vn 0.6751 0.7227 -0.1479
vn 0.5306 0.8323 -0.1604
vn 0.6899 0.4725 -0.5484
vn 0.7679 0.3475 -0.5380
vn 0.5170 -0.2704 -0.8122
vn 0.5625 -0.1654 -0.8101
vn 0.1993 -0.6676 -0.7173
vn 0.0541 -0.7008 -0.7113
vn -0.2842 -0.8378 -0.4661
vn -0.1132 -0.8739 -0.4728
vn -0.3428 -0.9180 -0.1994
vn -0.5054 -0.8383 -0.2046
vn -0.6739 -0.7282 0.1247
vn -0.5337 -0.8340 0.1396
vn -0.5416 -0.6053 0.5832
vn -0.5519 0.0218 0.8336
vn -0.4009 -0.6901 0.6024
vn -0.5386 -0.0784 0.8389
vn -0.4605 0.5170 0.7215
vn -0.3466 0.6008 0.7203
vn -0.0928 0.8949 0.4365
vn -0.2769 0.8549 0.4386
vn -0.0798 0.9866 0.1420
vn 0.1284 0.9811 0.1444
vn 0.3545 0.9186 -0.1746
vn 0.1534 0.9704 -0.1862
vn 0.4446 0.6778 -0.5856
vn 0.5818 0.5842 -0.5659
vn 0.5834 -0.0603 -0.8099
vn 0.5773 0.0426 -0.8154
vn 0.4632 -0.5281 -0.7117
vn 0.3412 -0.6093 -0.7157
vn 0.0811 -0.8767 -0.4742
vn 0.2754 -0.8374 -0.4721
vn 0.0751 -0.9799 -0.1844
vn -0.1440 -0.9709 -0.1914
vn -0.3579 -0.9199 0.1599
vn -0.1517 -0.9723 0.1776
vn -0.2415 -0.7479 0.6183
vn -0.5026 -0.1716 0.8473
vn -0.0753 -0.7756 0.6267
vn -0.4482 -0.2579 0.8559
vn -0.6146 0.3086 0.7260
vn -0.5499 0.4185 0.7228
vn -0.4442 0.7810 0.4389
vn -0.5867 0.6801 0.4395
vn -0.4654 0.8741 0.1390
vn -0.2825 0.9489 0.1403
vn -0.0565 0.9796 -0.1926
vn -0.2561 0.9467 -0.1954
vn 0.1153 0.7847 -0.6091
vn 0.2842 0.7472 -0.6008
vn 0.5452 0.1434 -0.8260
vn 0.4907 0.2380 -0.8381
vn 0.6188 -0.3236 -0.7158
vn 0.5561 -0.4303 -0.7111
vn 0.4462 -0.7615 -0.4701
vn 0.5826 -0.6625 -0.4707
vn 0.4714 -0.8628 -0.1827
vn 0.2872 -0.9405 -0.1816
vn 0.0646 -0.9802 0.1870
vn 0.2691 -0.9445 0.1884
vn 0.0851 -0.7726 0.6291
vn -0.3794 -0.3344 0.8627
vn 0.2339 -0.7408 0.6297
vn -0.2990 -0.3994 0.8666
vn -0.6733 0.0648 0.7365
vn -0.6554 0.1907 0.7308
vn -0.7028 0.5587 0.4404
vn -0.7933 0.4185 0.4421
vn -0.7554 0.6414 0.1339
vn -0.6230 0.7701 0.1371
vn -0.4349 0.8784 -0.1980
vn -0.5902 0.7810 -0.2041
vn -0.2021 0.7625 -0.6146
vn -0.0501 0.7893 -0.6120
vn 0.4192 0.3240 -0.8481
vn 0.3368 0.3966 -0.8539
vn 0.6737 -0.0870 -0.7338
vn 0.6567 -0.2093 -0.7245
vn 0.6887 -0.5489 -0.4736
vn 0.7718 -0.4206 -0.4769
vn 0.7476 -0.6385 -0.1825
vn 0.6229 -0.7602 -0.1842
vn 0.4483 -0.8741 0.1870
vn 0.6010 -0.7764 0.1894
vn 0.3671 -0.6812 0.6334
vn -0.2111 -0.4484 0.8685
vn 0.4841 -0.5950 0.6416
vn -0.1182 -0.4793 0.8697
vn -0.6381 -0.1957 0.7447
vn -0.6679 -0.0653 0.7413
vn -0.8574 0.2612 0.4434
vn -0.8915 0.0891 0.4442
vn -0.9416 0.3138 0.1224
vn -0.8627 0.4890 0.1288
vn -0.7231 0.6565 -0.2144
vn -0.8320 0.5056 -0.2281
vn -0.4600 0.6250 -0.6307
vn -0.3394 0.7071 -0.6203
vn 0.2474 0.4535 -0.8562
vn 0.1548 0.4913 -0.8571
vn 0.6448 0.1776 -0.7434
vn 0.6704 0.0437 -0.7407
vn 0.8345 -0.2724 -0.4789
vn 0.8721 -0.1033 -0.4782
vn 0.9318 -0.3234 -0.1649
vn 0.8513 -0.4943 -0.1758
vn 0.7303 -0.6533 0.1994
vn 0.8369 -0.5029 0.2160
vn 0.5816 -0.4843 0.6536
vn -0.0247 -0.4895 0.8716
vn 0.6570 -0.3537 0.6657
vn 0.0675 -0.4799 0.8747
vn -0.5101 -0.4273 0.7464
vn -0.5850 -0.3183 0.7459
vn -0.8917 -0.0902 0.4435
vn -0.8563 -0.2673 0.4418
vn -0.9908 -0.0800 0.1091
vn -0.9859 0.1209 0.1155
vn -0.9122 0.3304 -0.2422
vn -0.9571 0.1388 -0.2543
vn -0.6462 0.3888 -0.6566
vn -0.5638 0.5175 -0.6436
vn 0.0597 0.5088 -0.8588
vn -0.0345 0.5047 -0.8626
vn 0.5230 0.4208 -0.7412
vn 0.5951 0.3068 -0.7428
vn 0.8763 0.0791 -0.4751
vn 0.8429 0.2600 -0.4710
vn 0.9868 0.0771 -0.1422
vn 0.9798 -0.1288 -0.1527
vn 0.9155 -0.3266 0.2349
vn 0.9588 -0.1322 0.2513
vn 0.7065 -0.2108 0.6755
vn 0.1546 -0.4519 0.8785
vn 0.7290 -0.0626 0.6817
vn 0.2357 -0.4077 0.8822
vn -0.3115 -0.5866 0.7476
vn -0.4182 -0.5174 0.7466
vn -0.7877 -0.4318 0.4393
vn -0.6897 -0.5773 0.4370
vn -0.8830 -0.4590 0.0976
vn -0.9554 -0.2766 0.1032
vn -0.9629 -0.0581 -0.2633
vn -0.9301 -0.2481 -0.2706
vn -0.7331 0.0950 -0.6734
vn -0.7041 0.2448 -0.6666
vn -0.1268 0.4801 -0.8679
vn -0.2127 0.4376 -0.8736
vn 0.3287 0.5832 -0.7428
vn 0.4324 0.5137 -0.7411
vn 0.7750 0.4253 -0.4675
vn 0.6797 0.5674 -0.4648
vn 0.8781 0.4606 -0.1291
vn 0.9511 0.2777 -0.1346
vn 0.9625 0.0670 0.2627
vn 0.9275 0.2586 0.2697
vn 0.7235 0.0830 0.6853
vn 0.3073 -0.3498 0.8850
vn 0.6909 0.2216 0.6881
vn 0.3678 -0.2799 0.8867
vn -0.0693 -0.6571 0.7506
vn -0.1946 -0.6335 0.7489
vn -0.5672 -0.6995 0.4347
vn -0.4232 -0.7959 0.4328
vn -0.6455 -0.7590 0.0850
vn -0.7784 -0.6210 0.0916
vn -0.8622 -0.4236 -0.2778
vn -0.7630 -0.5793 -0.2866
vn -0.7045 -0.1942 -0.6826
vn -0.7331 -0.0538 -0.6779
vn -0.2905 0.3800 -0.8781
vn -0.3562 0.3114 -0.8809
vn 0.0919 0.6569 -0.7483
vn 0.2144 0.6307 -0.7458
vn 0.5627 0.6852 -0.4623
vn 0.4262 0.7794 -0.4592
vn 0.6450 0.7554 -0.1158
vn 0.7747 0.6202 -0.1234
vn 0.8580 0.4337 0.2752
vn 0.7579 0.5881 0.2822
vn 0.6323 0.3484 0.6920
vn 0.4137 -0.2014 0.8878
vn 0.5495 0.4605 0.6970
vn 0.4436 -0.1163 0.8886
vn 0.1866 -0.6316 0.7524
vn 0.0591 -0.6568 0.7517
vn -0.2622 -0.8636 0.4307
vn -0.0887 -0.8991 0.4286
vn -0.3095 -0.9482 0.0706
vn -0.4878 -0.8694 0.0779
vn -0.6358 -0.7125 -0.2969
vn -0.4841 -0.8190 -0.3080
vn -0.5698 -0.4378 -0.6954
vn -0.6493 -0.3236 -0.6882
vn -0.4084 0.2336 -0.8824
vn -0.4441 0.1502 -0.8832
vn -0.1669 0.6409 -0.7493
vn -0.0370 0.6607 -0.7497
vn 0.2705 0.8484 -0.4549
vn 0.0993 0.8876 -0.4497
vn 0.3137 0.9448 -0.0943
vn 0.4906 0.8649 -0.1057
vn 0.6304 0.7192 0.2921
vn 0.4779 0.8241 0.3040
vn 0.4459 0.5539 0.7031
vn 0.4557 -0.0288 0.8896
vn 0.3257 0.6261 0.7084
vn 0.4503 0.0593 0.8909
vn 0.4150 -0.5117 0.7523
vn 0.3067 -0.5829 0.7524
vn 0.0898 -0.9002 0.4260
vn 0.2656 -0.8660 0.4236
vn 0.0806 -0.9951 0.0576
vn -0.1172 -0.9911 0.0637
vn -0.3127 -0.8949 -0.3183
vn -0.1289 -0.9361 -0.3271
vn -0.3508 -0.6112 -0.7095
vn -0.4688 -0.5352 -0.7027
vn -0.4626 0.0623 -0.8844
vn -0.4628 -0.0262 -0.8861
vn -0.4042 0.5287 -0.7464
vn -0.2918 0.5962 -0.7479
vn -0.0801 0.8923 -0.4442
vn -0.2573 0.8608 -0.4391
vn -0.0795 0.9940 -0.0746
vn 0.1204 0.9892 -0.0835
vn 0.3056 0.8983 0.3157
vn 0.1207 0.9379 0.3253
vn 0.1944 0.6738 0.7128
vn 0.4278 0.1438 0.8923
vn 0.0572 0.6960 0.7157
vn 0.3896 0.2231 0.8936
vn 0.5785 -0.3158 0.7520
vn 0.5065 -0.4219 0.7519
vn 0.4305 -0.7983 0.4210
vn 0.5784 -0.6999 0.4189
vn 0.4574 -0.8880 0.0477
vn 0.2749 -0.9600 0.0523
vn 0.0588 -0.9408 -0.3338
vn 0.2420 -0.9089 -0.3394
vn -0.0837 -0.6905 -0.7185
vn -0.2202 -0.6640 -0.7146
vn -0.4451 -0.1137 -0.8882
vn -0.4111 -0.1958 -0.8903
vn -0.5749 0.3373 -0.7454
vn -0.4997 0.4408 -0.7456
vn -0.4229 0.7949 -0.4350
vn -0.5701 0.6990 -0.4316
vn -0.4578 0.8868 -0.0628
vn -0.2752 0.9590 -0.0680
vn -0.0676 0.9407 0.3323
vn -0.2511 0.9073 0.3372
vn -0.0800 0.6915 0.7179
vn 0.3374 0.2933 0.8945
vn -0.2128 0.6608 0.7197
vn 0.2726 0.3527 0.8951
vn 0.6550 -0.0723 0.7522
vn 0.6286 -0.1983 0.7520
vn 0.7040 -0.5752 0.4165
vn 0.8031 -0.4281 0.4145
vn 0.7615 -0.6470 0.0385
vn 0.6214 -0.7823 0.0431
vn 0.4139 -0.8426 -0.3445
vn 0.5682 -0.7447 -0.3500
vn 0.1866 -0.6640 -0.7240
vn 0.0540 -0.6906 -0.7212
vn -0.3621 -0.2706 -0.8920
vn -0.3010 -0.3345 -0.8930
vn -0.6593 0.0960 -0.7457
vn -0.6285 0.2210 -0.7458
vn -0.6951 0.5773 -0.4284
vn -0.7946 0.4337 -0.4248
vn -0.7605 0.6472 -0.0520
vn -0.6211 0.7815 -0.0578
vn -0.4224 0.8396 0.3415
vn -0.5762 0.7403 0.3463
vn -0.3360 0.6049 0.7219
vn 0.1984 0.3982 0.8956
vn -0.4458 0.5261 0.7241
vn 0.1167 0.4286 0.8959
vn 0.6333 0.1836 0.7518
vn 0.6568 0.0562 0.7519
vn 0.8720 -0.2641 0.4122
vn 0.9077 -0.0889 0.4100
vn 0.9512 -0.3072 0.0290
vn 0.8729 -0.4867 0.0336
vn 0.7005 -0.6187 -0.3557
vn 0.8056 -0.4693 -0.3616
vn 0.4215 -0.5377 -0.7302
vn 0.3109 -0.6124 -0.7268
vn -0.2291 -0.3859 -0.8936
vn -0.1500 -0.4221 -0.8940
vn -0.6474 -0.1639 -0.7443
vn -0.6658 -0.0341 -0.7453
vn -0.8654 0.2720 -0.4208
vn -0.9039 0.0978 -0.4164
vn -0.9504 0.3084 -0.0384
vn -0.8718 0.4877 -0.0453
vn -0.7072 0.6132 0.3519
vn -0.8111 0.4626 0.3578
vn -0.5377 0.4276 0.7266
vn 0.0316 0.4422 0.8963
vn -0.6092 0.3132 0.7285
vn -0.0551 0.4392 0.8967
vn 0.5156 0.4125 0.7509
vn 0.5860 0.3037 0.7512
vn 0.9086 0.0902 0.4077
vn 0.8743 0.2663 0.4058
vn 0.9965 0.0812 0.0208
vn 0.9930 -0.1153 0.0246
vn 0.8800 -0.3020 -0.3667
vn 0.9203 -0.1235 -0.3713
vn 0.5899 -0.3319 -0.7361
vn 0.5160 -0.4428 -0.7332
vn -0.0652 -0.4422 -0.8945
vn 0.0211 -0.4453 -0.8951
vn -0.5370 -0.4011 -0.7421
vn -0.6038 -0.2882 -0.7432
vn -0.9073 -0.0817 -0.4123
vn -0.8752 -0.2585 -0.4088
vn -0.9963 -0.0808 -0.0269
vn -0.9927 0.1162 -0.0321
vn -0.8839 0.2944 0.3633
vn -0.9227 0.1153 0.3677
vn -0.6569 0.1877 0.7302
vn -0.1389 0.4194 0.8971
vn -0.6797 0.0554 0.7313
vn -0.2178 0.3838 0.8973
vn 0.3194 0.5789 0.7502
vn 0.4260 0.5053 0.7504
vn 0.8063 0.4322 0.4039
vn 0.7070 0.5816 0.4024
vn 0.8894 0.4568 0.0146
vn 0.9615 0.2744 0.0175
vn 0.9252 0.0591 -0.3748
vn 0.8946 0.2383 -0.3780
vn 0.6679 -0.0790 -0.7400
vn 0.6415 -0.2087 -0.7381
vn 0.1069 -0.4313 -0.8958
vn 0.1879 -0.4013 -0.8964
vn -0.3443 -0.5767 -0.7408
vn -0.4491 -0.4985 -0.7414
vn -0.8089 -0.4253 -0.4059
vn -0.7115 -0.5754 -0.4033
vn -0.8893 -0.4568 -0.0193
vn -0.9613 -0.2744 -0.0228
vn -0.9261 -0.0674 0.3713
vn -0.8939 -0.2468 0.3740
vn -0.6764 -0.0780 0.7324
vn -0.2879 0.3339 0.8975
vn -0.6474 -0.2083 0.7331
vn -0.3475 0.2710 0.8976
vn 0.0740 0.6577 0.7496
vn 0.2009 0.6304 0.7498
vn 0.5806 0.7087 0.4007
vn 0.4314 0.8088 0.3995
vn 0.6471 0.7623 0.0095
vn 0.7833 0.6214 0.0120
vn 0.8299 0.4079 -0.3807
vn 0.7335 0.5611 -0.3835
vn 0.6444 0.1821 -0.7426
vn 0.6691 0.0533 -0.7412
vn 0.2622 -0.3561 -0.8969
vn 0.3259 -0.2981 -0.8972
vn -0.0987 -0.6656 -0.7397
vn -0.2259 -0.6331 -0.7404
vn -0.5866 -0.7037 -0.4009
vn -0.4390 -0.8053 -0.3984
vn -0.6473 -0.7621 -0.0129
vn -0.7833 -0.6214 -0.0161
vn -0.8278 -0.4160 0.3765
vn -0.7300 -0.5689 0.3787
vn -0.5936 -0.3300 0.7339
vn -0.3933 0.1983 0.8978
vn -0.5173 -0.4392 0.7345
vn -0.4244 0.1176 0.8978
vn -0.1834 0.6366 0.7490
vn -0.0554 0.6600 0.7492
vn 0.2657 0.8780 0.3981
vn 0.0892 0.9134 0.3971
vn 0.3062 0.9519 0.0052
vn 0.4861 0.8739 0.0072
vn 0.6093 0.6927 -0.3858
vn 0.4620 0.7974 -0.3882
vn 0.5237 0.4131 -0.7450
vn 0.5954 0.3040 -0.7437
vn 0.3775 -0.2285 -0.8973
vn 0.4144 -0.1509 -0.8975
vn 0.1638 -0.6543 -0.7382
vn 0.0331 -0.6728 -0.7390
vn -0.2738 -0.8765 -0.3959
vn -0.0976 -0.9140 -0.3937
vn -0.3064 -0.9519 -0.0070
vn -0.4862 -0.8737 -0.0098
vn -0.6045 -0.6996 0.3810
vn -0.4559 -0.8034 0.3828
vn -0.4214 -0.5311 0.7351
vn -0.4390 0.0329 0.8979
vn -0.3095 -0.6029 0.7353
vn -0.4369 -0.0536 0.8979
vn -0.4133 0.5184 0.7486
vn -0.3040 0.5891 0.7486
vn -0.0906 0.9137 0.3961
vn -0.2673 0.8787 0.3955
vn -0.0815 0.9966 0.0023
vn 0.1146 0.9934 0.0036
vn 0.2972 0.8716 -0.3899
vn 0.1213 0.9121 -0.3915
vn 0.3247 0.5804 -0.7468
vn 0.4322 0.5069 -0.7458
vn 0.4357 -0.0671 -0.8976
vn 0.4402 0.0186 -0.8977
vn 0.4024 -0.5429 -0.7371
vn 0.2886 -0.6103 -0.7377
vn 0.0828 -0.9163 -0.3918
vn 0.2602 -0.8832 -0.3902
vn 0.0814 -0.9967 -0.0030
vn -0.1147 -0.9934 -0.0047
vn -0.2902 -0.8764 0.3844
vn -0.1135 -0.9157 0.3854
vn -0.1860 -0.6514 0.7356
vn -0.4181 -0.1375 0.8979
vn -0.0552 -0.6752 0.7356
vn -0.3832 -0.2167 0.8979
vn -0.5803 0.3209 0.7485
vn -0.5065 0.4282 0.7484
vn -0.4336 0.8099 0.3949
vn -0.5834 0.7097 0.3948
vn -0.4567 0.8896 0.0006
vn -0.2744 0.9616 0.0013
vn -0.0591 0.9178 -0.3925
vn -0.2368 0.8883 -0.3934
vn 0.0775 0.6594 -0.7478
vn 0.2047 0.6323 -0.7472
vn 0.4278 0.1042 -0.8978
vn 0.3993 0.1853 -0.8979
vn 0.5802 -0.3482 -0.7363
vn 0.5009 -0.4542 -0.7367
vn 0.4278 -0.8159 -0.3890
vn 0.5789 -0.7171 -0.3881
vn 0.4567 -0.8896 -0.0009
vn 0.2744 -0.9616 -0.0017
vn 0.0672 -0.9200 0.3861
vn 0.2454 -0.8890 0.3865
vn 0.0774 -0.6729 0.7356
vn -0.3337 -0.2870 0.8979
vn 0.2074 -0.6449 0.7356
vn -0.2711 -0.3468 0.8979
vn -0.6589 0.0744 0.7485
vn -0.6318 0.2018 0.7483
vn -0.7107 0.5824 0.3946
vn -0.8107 0.4325 0.3947
vn -0.7624 0.6471 0.0000
vn -0.6215 0.7834 0.0002
vn -0.4056 0.8248 -0.3939
vn -0.5585 0.7297 -0.3944
vn -0.1805 0.6383 -0.7483
vn -0.0528 0.6616 -0.7479
vn 0.3553 0.2598 -0.8979
vn 0.2981 0.3239 -0.8979
vn 0.6698 -0.0998 -0.7357
vn 0.6372 -0.2283 -0.7361
vn 0.7080 -0.5905 -0.3874
vn 0.8097 -0.4411 -0.3869
vn 0.7624 -0.6471 -0.0001
vn 0.6215 -0.7834 -0.0003
vn 0.4141 -0.8240 0.3866
vn 0.5669 -0.7273 0.3867
vn 0.3290 -0.5921 0.7356
vn -0.1985 -0.3928 0.8979
vn 0.4384 -0.5165 0.7356
vn -0.1177 -0.4241 0.8979
vn -0.6373 -0.1834 0.7485
vn -0.6610 -0.0553 0.7483
vn -0.8795 0.2662 0.3945
vn -0.9145 0.0893 0.3947
vn -0.9520 0.3061 0.0000
vn -0.8740 0.4859 0.0000
vn -0.6902 0.6066 -0.3945
vn -0.7952 0.4603 -0.3946
vn -0.4109 0.5205 -0.7485
vn -0.3018 0.5907 -0.7483
vn 0.2289 0.3759 -0.8979
vn 0.1515 0.4133 -0.8979
vn 0.6572 0.1642 -0.7356
vn 0.6765 0.0329 -0.7357
vn 0.8803 -0.2747 -0.3868
vn 0.9170 -0.0977 -0.3867
vn 0.9520 -0.3061 0.0000
vn 0.8740 -0.4859 0.0000
vn 0.6979 -0.6028 0.3867
vn 0.8021 -0.4550 0.3867
vn 0.5305 -0.4211 0.7356
vn -0.0330 -0.4389 0.8979
vn 0.6026 -0.3094 0.7356
vn 0.0535 -0.4369 0.8979
vn -0.5185 -0.4133 0.7485
vn -0.5895 -0.3041 0.7483
vn -0.9144 -0.0906 0.3945
vn -0.8790 -0.2674 0.3947
vn -0.9966 -0.0815 0.0000
vn -0.9934 0.1145 0.0000
vn -0.8698 0.2963 -0.3945
vn -0.9108 0.1210 -0.3947
vn -0.5788 0.3236 -0.7485
vn -0.5049 0.4302 -0.7483
vn 0.0677 0.4349 -0.8979
vn -0.0182 0.4398 -0.8979
vn 0.5444 0.4032 -0.7356
vn 0.6124 0.2893 -0.7356
vn 0.9184 0.0831 -0.3867
vn 0.8846 0.2607 -0.3867
vn 0.9966 0.0815 0.0000
vn 0.9934 -0.1145 0.0000
vn 0.8755 -0.2898 0.3867
vn 0.9152 -0.1134 0.3867
vn 0.6513 -0.1860 0.7356
vn 0.1374 -0.4181 0.8979
vn 0.6752 -0.0552 0.7356
vn 0.2167 -0.3832 0.8979
vn -0.3209 -0.5803 0.7485
vn -0.4283 -0.5065 0.7483
vn -0.8101 -0.4337 0.3945
vn -0.7098 -0.5834 0.3947
vn -0.8896 -0.4567 0.0000
vn -0.9616 -0.2744 0.0000
vn -0.9170 -0.0591 -0.3945
vn -0.8878 -0.2367 -0.3947
vn -0.6586 0.0774 -0.7485
vn -0.6311 0.2042 -0.7483
vn -0.1039 0.4277 -0.8979
vn -0.1851 0.3994 -0.8979
vn 0.3486 0.5808 -0.7356
vn 0.4551 0.5017 -0.7356
vn 0.8167 0.4283 -0.3867
vn 0.7175 0.5793 -0.3867
vn 0.8896 0.4567 0.0000
vn 0.9616 0.2744 0.0000
vn 0.9197 0.0672 0.3867
vn 0.8889 0.2454 0.3867
vn 0.6729 0.0774 0.7356
vn 0.2870 -0.3337 0.8979
vn 0.6449 0.2074 0.7356
vn 0.3468 -0.2711 0.8979
vn -0.0744 -0.6590 0.7485
vn -0.2018 -0.6318 0.7483
vn -0.5824 -0.7107 0.3945
vn -0.4325 -0.8107 0.3947
vn -0.6471 -0.7624 0.0000
vn -0.7834 -0.6215 0.0000
vn -0.8245 -0.4055 -0.3945
vn -0.7296 -0.5585 -0.3947
vn -0.6381 -0.1805 -0.7485
vn -0.6612 -0.0528 -0.7483
vn -0.2597 0.3554 -0.8979
vn -0.3238 0.2981 -0.8979
vn 0.0998 0.6700 -0.7356
vn 0.2284 0.6377 -0.7356
vn 0.5907 0.7082 -0.3867
vn 0.4412 0.8098 -0.3867
vn 0.6471 0.7624 0.0000
vn 0.7834 0.6215 0.0000
vn 0.8240 0.4141 0.3867
vn 0.7273 0.5669 0.3867
vn 0.5921 0.3290 0.7356
vn 0.3928 -0.1985 0.8979
vn 0.5596 0.3813 0.7358
vn 0.4160 -0.1475 0.8973
vn 0.1353 -0.6302 0.7645
vn 0.0553 -0.6610 0.7483
vn -0.2662 -0.8795 0.3945
vn -0.1636 -0.8925 0.4204
vn -0.3827 -0.9232 0.0344
vn -0.4859 -0.8740 0.0000
vn -0.6066 -0.6902 -0.3945
vn -0.5292 -0.7651 -0.3669
vn -0.5602 -0.3887 -0.7314
vn -0.5906 -0.3018 -0.7483
vn -0.3759 0.2289 -0.8979
vn -0.4028 0.1787 -0.8977
vn -0.0985 0.6743 -0.7319
vn -0.0330 0.6765 -0.7356
vn 0.2747 0.8803 -0.3867
vn 0.1923 0.9061 -0.3768
vn 0.4039 0.9147 0.0115
vn 0.4859 0.8740 0.0000
vn 0.6028 0.6979 0.3867
vn 0.5356 0.7473 0.3931
usemtl None
s off
f 1/1/1 9/2/1 2/3/1
f 2/3/2 9/2/2 3/4/2
f 3/4/3 9/2/3 4/5/3
f 4/5/4 9/2/4 5/6/4
f 5/6/5 9/2/5 6/7/5
f 6/7/6 9/2/6 7/8/6
f 7/8/7 9/2/7 8/9/7
f 8/9/8 9/2/8 1/1/8
f 10/10/9 11/11/9 13/12/9 12/13/9
f 12/13/10 13/12/10 15/14/10 14/15/10
f 14/15/11 15/14/11 17/16/11 16/17/11
f 16/17/12 17/16/12 19/18/12 18/19/12
f 18/19/13 19/18/13 21/20/13 20/21/13
f 20/21/14 21/20/14 23/22/14 22/23/14
f 13/24/15 11/25/15 25/26/15 23/27/15 21/28/15 19/29/15 17/30/15 15/31/15
f 22/23/16 23/22/16 25/32/16 24/33/16
f 24/33/17 25/32/17 11/34/17 10/35/17
f 10/36/18 12/37/18 14/38/18 16/39/18 18/40/18 20/41/18 22/42/18 24/43/18
f 1269/44/19 1266/45/19 1267/46/19
f 1267/46/20 1266/45/20 1268/47/20
f 1268/47/21 1266/45/21 1269/44/21
f 1271/48/22 1268/47/22 1269/44/22 1272/49/22
f 1270/50/23 1267/46/23 1268/47/23 1271/48/23
f 1272/49/24 1269/44/24 1267/46/24 1270/50/24
f 1263/51/25 1272/49/25 1270/50/25 1264/52/25
f 1264/52/26 1270/50/26 1271/48/26 1265/53/26
f 1265/53/27 1271/48/27 1272/49/27 1263/51/27
f 1279/54/28 1276/55/28 1277/56/28
f 1277/56/29 1276/55/29 1278/57/29
f 1278/57/30 1276/55/30 1279/54/30
f 1281/58/31 1278/57/31 1279/54/31 1282/59/31
f 1280/60/32 1277/56/32 1278/57/32 1281/58/32
f 1282/59/33 1279/54/33 1277/56/33 1280/60/33
f 1273/61/34 1282/59/34 1280/60/34 1274/62/34
f 1274/62/35 1280/60/35 1281/58/35 1275/63/35
f 1275/63/36 1281/58/36 1282/59/36 1273/61/36
f 1289/64/37 1286/65/37 1287/66/37
f 1287/66/38 1286/65/38 1288/67/38
f 1288/67/39 1286/65/39 1289/64/39
f 1291/68/40 1288/67/40 1289/64/40 1292/69/40
f 1290/70/41 1287/66/41 1288/67/41 1291/68/41
f 1292/69/42 1289/64/42 1287/66/42 1290/70/42
f 1283/71/43 1292/69/43 1290/70/43 1284/72/43
f 1284/72/44 1290/70/44 1291/68/44 1285/73/44
f 1285/73/45 1291/68/45 1292/69/45 1283/71/45
f 1299/74/46 1296/75/46 1297/76/46
f 1297/76/47 1296/75/47 1298/77/47
f 1298/77/48 1296/75/48 1299/74/48
f 1301/78/49 1298/77/49 1299/74/49 1302/79/49
f 1300/80/50 1297/76/50 1298/77/50 1301/78/50
f 1302/79/51 1299/74/51 1297/76/51 1300/80/51
f 1293/81/52 1302/79/52 1300/80/52 1294/82/52
f 1294/82/53 1300/80/53 1301/78/53 1295/83/53
f 1295/83/54 1301/78/54 1302/79/54 1293/81/54
s 1
f 26/84/55 27/85/56 28/86/57 29/87/58
f 27/85/56 30/88/59 31/89/60 28/86/57
f 32/90/61 33/91/62 28/86/57 31/89/60
f 33/91/62 34/92/63 35/93/64 28/86/57
f 36/94/65 37/95/66 28/86/57 35/93/64
f 37/95/66 38/96/67 29/87/58 28/86/57
f 26/84/55 39/97/68 40/98/69 27/85/56
f 39/97/68 41/99/70 42/100/71 40/98/69
f 43/101/72 44/102/73 40/98/69 42/100/71
f 44/102/73 30/88/59 27/85/56 40/98/69
f 30/88/59 44/102/73 45/103/74 31/89/60
f 44/102/73 43/101/72 46/104/75 45/103/74
f 47/105/76 48/106/77 45/103/74 46/104/75
f 48/106/77 32/90/61 31/89/60 45/103/74
f 32/90/61 48/106/77 49/107/78 33/91/62
f 48/106/77 47/105/76 50/108/79 49/107/78
f 51/109/80 52/110/81 49/107/78 50/108/79
f 52/110/81 34/92/63 33/91/62 49/107/78
f 34/92/63 52/110/81 53/111/82 35/93/64
f 52/110/81 51/109/80 54/112/83 53/111/82
f 55/113/84 56/114/85 53/111/82 54/112/83
f 56/114/85 36/94/65 35/93/64 53/111/82
f 36/94/65 56/114/85 57/115/86 37/116/66
f 56/114/85 55/113/84 58/117/87 57/115/86
f 59/118/88 60/119/89 57/115/86 58/117/87
f 60/119/89 38/120/67 37/116/66 57/115/86
f 38/120/67 60/119/89 61/121/90 29/122/58
f 60/119/89 59/118/88 62/123/91 61/121/90
f 41/124/70 39/125/68 61/121/90 62/123/91
f 39/125/68 26/126/55 29/122/58 61/121/90
f 41/99/70 63/127/92 64/128/93 42/100/71
f 63/127/92 65/129/94 66/130/95 64/128/93
f 67/131/96 68/132/97 64/128/93 66/130/95
f 68/132/97 43/101/72 42/100/71 64/128/93
f 43/101/72 68/132/97 69/133/98 46/104/75
f 68/132/97 67/131/96 70/134/99 69/133/98
f 71/135/100 72/136/101 69/133/98 70/134/99
f 72/136/101 47/105/76 46/104/75 69/133/98
f 47/105/76 72/136/101 73/137/102 50/108/79
f 72/136/101 71/135/100 74/138/103 73/137/102
f 75/139/104 76/140/105 73/137/102 74/138/103
f 76/140/105 51/109/80 50/108/79 73/137/102
f 51/109/80 76/140/105 77/141/106 54/112/83
f 76/140/105 75/139/104 78/142/107 77/141/106
f 79/143/108 80/144/109 77/141/106 78/142/107
f 80/144/109 55/113/84 54/112/83 77/141/106
f 55/113/84 80/144/109 81/145/110 58/117/87
f 80/144/109 79/143/108 82/146/111 81/145/110
f 83/147/112 84/148/113 81/145/110 82/146/111
f 84/148/113 59/118/88 58/117/87 81/145/110
f 59/118/88 84/148/113 85/149/114 62/123/91
f 84/148/113 83/147/112 86/150/115 85/149/114
f 65/151/94 63/152/92 85/149/114 86/150/115
f 63/152/92 41/124/70 62/123/91 85/149/114
f 65/129/94 87/153/116 88/154/117 66/130/95
f 87/153/116 89/155/118 90/156/119 88/154/117
f 91/157/120 92/158/121 88/154/117 90/156/119
f 92/158/121 67/131/96 66/130/95 88/154/117
f 67/131/96 92/158/121 93/159/122 70/134/99
f 92/158/121 91/157/120 94/160/123 93/159/122
f 95/161/124 96/162/125 93/159/122 94/160/123
f 96/162/125 71/135/100 70/134/99 93/159/122
f 71/135/100 96/162/125 97/163/126 74/138/103
f 96/162/125 95/161/124 98/164/127 97/163/126
f 99/165/128 100/166/129 97/163/126 98/164/127
f 100/166/129 75/139/104 74/138/103 97/163/126
f 75/139/104 100/166/129 101/167/130 78/142/107
f 100/166/129 99/165/128 102/168/131 101/167/130
f 103/169/132 104/170/133 101/167/130 102/168/131
f 104/170/133 79/143/108 78/142/107 101/167/130
f 79/143/108 104/170/133 105/171/134 82/146/111
f 104/170/133 103/169/132 106/172/135 105/171/134
f 107/173/136 108/174/137 105/171/134 106/172/135
f 108/174/137 83/147/112 82/146/111 105/171/134
f 83/147/112 108/174/137 109/175/138 86/150/115
f 108/174/137 107/173/136 110/176/139 109/175/138
f 89/177/118 87/178/116 109/175/138 110/176/139
f 87/178/116 65/151/94 86/150/115 109/175/138
f 89/155/118 111/179/140 112/180/141 90/156/119
f 111/179/140 113/181/142 114/182/143 112/180/141
f 115/183/144 116/184/145 112/180/141 114/182/143
f 116/184/145 91/157/120 90/156/119 112/180/141
f 91/157/120 116/184/145 117/185/146 94/160/123
f 116/184/145 115/183/144 118/186/147 117/185/146
f 119/187/148 120/188/149 117/185/146 118/186/147
f 120/188/149 95/161/124 94/160/123 117/185/146
f 95/161/124 120/188/149 121/189/150 98/164/127
f 120/188/149 119/187/148 122/190/151 121/189/150
f 123/191/152 124/192/153 121/189/150 122/190/151
f 124/192/153 99/165/128 98/164/127 121/189/150
f 99/165/128 124/192/153 125/193/154 102/168/131
f 124/192/153 123/191/152 126/194/155 125/193/154
f 127/195/156 128/196/157 125/193/154 126/194/155
f 128/196/157 103/169/132 102/168/131 125/193/154
f 103/169/132 128/196/157 129/197/158 106/172/135
f 128/196/157 127/195/156 130/198/159 129/197/158
f 131/199/160 132/200/161 129/197/158 130/198/159
f 132/200/161 107/173/136 106/172/135 129/197/158
f 107/173/136 132/200/161 133/201/162 110/176/139
f 132/200/161 131/199/160 134/202/163 133/201/162
f 113/203/142 111/204/140 133/201/162 134/202/163
f 111/204/140 89/177/118 110/176/139 133/201/162
f 113/181/142 135/205/164 136/206/165 114/182/143
f 135/205/164 137/207/166 138/208/167 136/206/165
f 139/209/168 140/210/169 136/206/165 138/208/167
f 140/210/169 115/183/144 114/182/143 136/206/165
f 115/183/144 140/210/169 141/211/170 118/186/147
f 140/210/169 139/209/168 142/212/171 141/211/170
f 143/213/172 144/214/173 141/211/170 142/212/171
f 144/214/173 119/187/148 118/186/147 141/211/170
f 119/187/148 144/214/173 145/215/174 122/190/151
f 144/214/173 143/213/172 146/216/175 145/215/174
f 147/217/176 148/218/177 145/215/174 146/216/175
f 148/218/177 123/191/152 122/190/151 145/215/174
f 123/191/152 148/218/177 149/219/178 126/194/155
f 148/218/177 147/217/176 150/220/179 149/219/178
f 151/221/180 152/222/181 149/219/178 150/220/179
f 152/222/181 127/195/156 126/194/155 149/219/178
f 127/195/156 152/222/181 153/223/182 130/198/159
f 152/222/181 151/221/180 154/224/183 153/223/182
f 155/225/184 156/226/185 153/223/182 154/224/183
f 156/226/185 131/199/160 130/198/159 153/223/182
f 131/199/160 156/226/185 157/227/186 134/202/163
f 156/226/185 155/225/184 158/228/187 157/227/186
f 137/229/166 135/230/164 157/227/186 158/228/187
f 135/230/164 113/203/142 134/202/163 157/227/186
f 137/207/166 159/231/188 160/232/189 138/208/167
f 159/231/188 161/233/190 162/234/191 160/232/189
f 163/235/192 164/236/193 160/232/189 162/234/191
f 164/236/193 139/209/168 138/208/167 160/232/189
f 139/209/168 164/236/193 165/237/194 142/212/171
f 164/236/193 163/235/192 166/238/195 165/237/194
f 167/239/196 168/240/197 165/237/194 166/238/195
f 168/240/197 143/213/172 142/212/171 165/237/194
f 143/213/172 168/240/197 169/241/198 146/216/175
f 168/240/197 167/239/196 170/242/199 169/241/198
f 171/243/200 172/244/201 169/241/198 170/242/199
f 172/244/201 147/217/176 146/216/175 169/241/198
f 147/217/176 172/244/201 173/245/202 150/220/179
f 172/244/201 171/243/200 174/246/203 173/245/202
f 175/247/204 176/248/205 173/245/202 174/246/203
f 176/248/205 151/221/180 150/220/179 173/245/202
f 151/221/180 176/248/205 177/249/206 154/224/183
f 176/248/205 175/247/204 178/250/207 177/249/206
f 179/251/208 180/252/209 177/249/206 178/250/207
f 180/252/209 155/225/184 154/224/183 177/249/206
f 155/225/184 180/252/209 181/253/210 158/228/187
f 180/252/209 179/251/208 182/254/211 181/253/210
f 161/255/190 159/256/188 181/253/210 182/254/211
f 159/256/188 137/229/166 158/228/187 181/253/210
f 161/233/190 183/257/212 184/258/213 162/234/191
f 183/257/212 185/259/214 186/260/215 184/258/213
f 187/261/216 188/262/217 184/258/213 186/260/215
f 188/262/217 163/235/192 162/234/191 184/258/213
f 163/235/192 188/262/217 189/263/218 166/238/195
f 188/262/217 187/261/216 190/264/219 189/263/218
f 191/265/220 192/266/221 189/263/218 190/264/219
f 192/266/221 167/239/196 166/238/195 189/263/218
f 167/239/196 192/266/221 193/267/222 170/242/199
f 192/266/221 191/265/220 194/268/223 193/267/222
f 195/269/224 196/270/225 193/267/222 194/268/223
f 196/270/225 171/243/200 170/242/199 193/267/222
f 171/243/200 196/270/225 197/271/226 174/246/203
f 196/270/225 195/269/224 198/272/227 197/271/226
f 199/273/228 200/274/229 197/271/226 198/272/227
f 200/274/229 175/247/204 174/246/203 197/271/226
f 175/247/204 200/274/229 201/275/230 178/250/207
f 200/274/229 199/273/228 202/276/231 201/275/230
f 203/277/232 204/278/233 201/275/230 202/276/231
f 204/278/233 179/251/208 178/250/207 201/275/230
f 179/251/208 204/278/233 205/279/234 182/254/211
f 204/278/233 203/277/232 206/280/235 205/279/234
f 185/281/214 183/282/212 205/279/234 206/280/235
f 183/282/212 161/255/190 182/254/211 205/279/234
f 185/259/214 207/283/236 208/284/237 186/260/215
f 207/283/236 209/285/238 210/286/239 208/284/237
f 211/287/240 212/288/241 208/284/237 210/286/239
f 212/288/241 187/261/216 186/260/215 208/284/237
f 187/261/216 212/288/241 213/289/242 190/264/219
f 212/288/241 211/287/240 214/290/243 213/289/242
f 215/291/244 216/292/245 213/289/242 214/290/243
f 216/292/245 191/265/220 190/264/219 213/289/242
f 191/265/220 216/292/245 217/293/246 194/268/223
f 216/292/245 215/291/244 218/294/247 217/293/246
f 219/295/248 220/296/249 217/293/246 218/294/247
f 220/296/249 195/269/224 194/268/223 217/293/246
f 195/269/224 220/296/249 221/297/250 198/272/227
f 220/296/249 219/295/248 222/298/251 221/297/250
f 223/299/252 224/300/253 221/297/250 222/298/251
f 224/300/253 199/273/228 198/272/227 221/297/250
f 199/273/228 224/300/253 225/301/254 202/276/231
f 224/300/253 223/299/252 226/302/255 225/301/254
f 227/303/256 228/304/257 225/301/254 226/302/255
f 228/304/257 203/277/232 202/276/231 225/301/254
f 203/277/232 228/304/257 229/305/258 206/280/235
f 228/304/257 227/303/256 230/306/259 229/305/258
f 209/307/238 207/308/236 229/305/258 230/306/259
f 207/308/236 185/281/214 206/280/235 229/305/258
f 209/285/238 231/309/260 232/310/261 210/286/239
f 231/309/260 233/311/262 234/312/263 232/310/261
f 235/313/264 236/314/265 232/310/261 234/312/263
f 236/314/265 211/287/240 210/286/239 232/310/261
f 211/287/240 236/314/265 237/315/266 214/290/243
f 236/314/265 235/313/264 238/316/267 237/315/266
f 239/317/268 240/318/269 237/315/266 238/316/267
f 240/318/269 215/291/244 214/290/243 237/315/266
f 215/291/244 240/318/269 241/319/270 218/294/247
f 240/318/269 239/317/268 242/320/271 241/319/270
f 243/321/272 244/322/273 241/319/270 242/320/271
f 244/322/273 219/295/248 218/294/247 241/319/270
f 219/295/248 244/322/273 245/323/274 222/298/251
f 244/322/273 243/321/272 246/324/275 245/323/274
f 247/325/276 248/326/277 245/323/274 246/324/275
f 248/326/277 223/299/252 222/298/251 245/323/274
f 223/299/252 248/326/277 249/327/278 226/302/255
f 248/326/277 247/325/276 250/328/279 249/327/278
f 251/329/280 252/330/281 249/327/278 250/328/279
f 252/330/281 227/303/256 226/302/255 249/327/278
f 227/303/256 252/330/281 253/331/282 230/306/259
f 252/330/281 251/329/280 254/332/283 253/331/282
f 233/333/262 231/334/260 253/331/282 254/332/283
f 231/334/260 209/307/238 230/306/259 253/331/282
f 233/311/262 255/335/284 256/336/285 234/312/263
f 255/335/284 257/337/286 258/338/287 256/336/285
f 259/339/288 260/340/289 256/336/285 258/338/287
f 260/340/289 235/313/264 234/312/263 256/336/285
f 235/313/264 260/340/289 261/341/290 238/316/267
f 260/340/289 259/339/288 262/342/291 261/341/290
f 263/343/292 264/344/293 261/341/290 262/342/291
f 264/344/293 239/317/268 238/316/267 261/341/290
f 239/317/268 264/344/293 265/345/294 242/320/271
f 264/344/293 263/343/292 266/346/295 265/345/294
f 267/347/296 268/348/297 265/345/294 266/346/295
f 268/348/297 243/321/272 242/320/271 265/345/294
f 243/321/272 268/348/297 269/349/298 246/324/275
f 268/348/297 267/347/296 270/350/299 269/349/298
f 271/351/300 272/352/301 269/349/298 270/350/299
f 272/352/301 247/325/276 246/324/275 269/349/298
f 247/325/276 272/352/301 273/353/302 250/328/279
f 272/352/301 271/351/300 274/354/303 273/353/302
f 275/355/304 276/356/305 273/353/302 274/354/303
f 276/356/305 251/329/280 250/328/279 273/353/302
f 251/329/280 276/356/305 277/357/306 254/332/283
f 276/356/305 275/355/304 278/358/307 277/357/306
f 257/359/286 255/360/284 277/357/306 278/358/307
f 255/360/284 233/333/262 254/332/283 277/357/306
f 257/337/286 279/361/308 280/362/309 258/338/287
f 279/361/308 281/363/310 282/364/311 280/362/309
f 283/365/312 284/366/313 280/362/309 282/364/311
f 284/366/313 259/339/288 258/338/287 280/362/309
f 259/339/288 284/366/313 285/367/314 262/342/291
f 284/366/313 283/365/312 286/368/315 285/367/314
f 287/369/316 288/370/317 285/367/314 286/368/315
f 288/370/317 263/343/292 262/342/291 285/367/314
f 263/343/292 288/370/317 289/371/318 266/346/295
f 288/370/317 287/369/316 290/372/319 289/371/318
f 291/373/320 292/374/321 289/371/318 290/372/319
f 292/374/321 267/347/296 266/346/295 289/371/318
f 267/347/296 292/374/321 293/375/322 270/350/299
f 292/374/321 291/373/320 294/376/323 293/375/322
f 295/377/324 296/378/325 293/375/322 294/376/323
f 296/378/325 271/351/300 270/350/299 293/375/322
f 271/351/300 296/378/325 297/379/326 274/354/303
f 296/378/325 295/377/324 298/380/327 297/379/326
f 299/381/328 300/382/329 297/379/326 298/380/327
f 300/382/329 275/355/304 274/354/303 297/379/326
f 275/355/304 300/382/329 301/383/330 278/358/307
f 300/382/329 299/381/328 302/384/331 301/383/330
f 281/385/310 279/386/308 301/383/330 302/384/331
f 279/386/308 257/359/286 278/358/307 301/383/330
f 281/363/310 303/387/332 304/388/333 282/364/311
f 303/387/332 305/389/334 306/390/335 304/388/333
f 307/391/336 308/392/337 304/388/333 306/390/335
f 308/392/337 283/365/312 282/364/311 304/388/333
f 283/365/312 308/392/337 309/393/338 286/368/315
f 308/392/337 307/391/336 310/394/339 309/393/338
f 311/395/340 312/396/341 309/393/338 310/394/339
f 312/396/341 287/369/316 286/368/315 309/393/338
f 287/369/316 312/396/341 313/397/342 290/372/319
f 312/396/341 311/395/340 314/398/343 313/397/342
f 315/399/344 316/400/345 313/397/342 314/398/343
f 316/400/345 291/373/320 290/372/319 313/397/342
f 291/373/320 316/400/345 317/401/346 294/376/323
f 316/400/345 315/399/344 318/402/347 317/401/346
f 319/403/348 320/404/349 317/401/346 318/402/347
f 320/404/349 295/377/324 294/376/323 317/401/346
f 295/377/324 320/404/349 321/405/350 298/380/327
f 320/404/349 319/403/348 322/406/351 321/405/350
f 323/407/352 324/408/353 321/405/350 322/406/351
f 324/408/353 299/381/328 298/380/327 321/405/350
f 299/381/328 324/408/353 325/409/354 302/384/331
f 324/408/353 323/407/352 326/410/355 325/409/354
f 305/411/334 303/412/332 325/409/354 326/410/355
f 303/412/332 281/385/310 302/384/331 325/409/354
f 305/389/334 327/413/356 328/414/357 306/390/335
f 327/413/356 329/415/358 330/416/359 328/414/357
f 331/417/360 332/418/361 328/414/357 330/416/359
f 332/418/361 307/391/336 306/390/335 328/414/357
f 307/391/336 332/418/361 333/419/362 310/394/339
f 332/418/361 331/417/360 334/420/363 333/419/362
f 335/421/364 336/422/365 333/419/362 334/420/363
f 336/422/365 311/395/340 310/394/339 333/419/362
f 311/395/340 336/422/365 337/423/366 314/398/343
f 336/422/365 335/421/364 338/424/367 337/423/366
f 339/425/368 340/426/369 337/423/366 338/424/367
f 340/426/369 315/399/344 314/398/343 337/423/366
f 315/399/344 340/426/369 341/427/370 318/402/347
f 340/426/369 339/425/368 342/428/371 341/427/370
f 343/429/372 344/430/373 341/427/370 342/428/371
f 344/430/373 319/403/348 318/402/347 341/427/370
f 319/403/348 344/430/373 345/431/374 322/406/351
f 344/430/373 343/429/372 346/432/375 345/431/374
f 347/433/376 348/434/377 345/431/374 346/432/375
f 348/434/377 323/407/352 322/406/351 345/431/374
f 323/407/352 348/434/377 349/435/378 326/410/355
f 348/434/377 347/433/376 350/436/379 349/435/378
f 329/437/358 327/438/356 349/435/378 350/436/379
f 327/438/356 305/411/334 326/410/355 349/435/378
f 329/415/358 351/439/380 352/440/381 330/416/359
f 351/439/380 353/441/382 354/442/383 352/440/381
f 355/443/384 356/444/385 352/440/381 354/442/383
f 356/444/385 331/417/360 330/416/359 352/440/381
f 331/417/360 356/444/385 357/445/386 334/420/363
f 356/444/385 355/443/384 358/446/387 357/445/386
f 359/447/388 360/448/389 357/445/386 358/446/387
f 360/448/389 335/421/364 334/420/363 357/445/386
f 335/421/364 360/448/389 361/449/390 338/424/367
f 360/448/389 359/447/388 362/450/391 361/449/390
f 363/451/392 364/452/393 361/449/390 362/450/391
f 364/452/393 339/425/368 338/424/367 361/449/390
f 339/425/368 364/452/393 365/453/394 342/428/371
f 364/452/393 363/451/392 366/454/395 365/453/394
f 367/455/396 368/456/397 365/453/394 366/454/395
f 368/456/397 343/429/372 342/428/371 365/453/394
f 343/429/372 368/456/397 369/457/398 346/432/375
f 368/456/397 367/455/396 370/458/399 369/457/398
f 371/459/400 372/460/401 369/457/398 370/458/399
f 372/460/401 347/433/376 346/432/375 369/457/398
f 347/433/376 372/460/401 373/461/402 350/436/379
f 372/460/401 371/459/400 374/462/403 373/461/402
f 353/463/382 351/464/380 373/461/402 374/462/403
f 351/464/380 329/437/358 350/436/379 373/461/402
f 353/441/382 375/465/404 376/466/405 354/442/383
f 375/465/404 377/467/406 378/468/407 376/466/405
f 379/469/408 380/470/409 376/466/405 378/468/407
f 380/470/409 355/443/384 354/442/383 376/466/405
f 355/443/384 380/470/409 381/471/410 358/446/387
f 380/470/409 379/469/408 382/472/411 381/471/410
f 383/473/412 384/474/413 381/471/410 382/472/411
f 384/474/413 359/447/388 358/446/387 381/471/410
f 359/447/388 384/474/413 385/475/414 362/450/391
f 384/474/413 383/473/412 386/476/415 385/475/414
f 387/477/416 388/478/417 385/475/414 386/476/415
f 388/478/417 363/451/392 362/450/391 385/475/414
f 363/451/392 388/478/417 389/479/418 366/454/395
f 388/478/417 387/477/416 390/480/419 389/479/418
f 391/481/420 392/482/421 389/479/418 390/480/419
f 392/482/421 367/455/396 366/454/395 389/479/418
f 367/455/396 392/482/421 393/483/422 370/458/399
f 392/482/421 391/481/420 394/484/423 393/483/422
f 395/485/424 396/486/425 393/483/422 394/484/423
f 396/486/425 371/459/400 370/458/399 393/483/422
f 371/459/400 396/486/425 397/487/426 374/462/403
f 396/486/425 395/485/424 398/488/427 397/487/426
f 377/489/406 375/490/404 397/487/426 398/488/427
f 375/490/404 353/463/382 374/462/403 397/487/426
f 377/467/406 399/491/428 400/492/429 378/468/407
f 399/491/428 401/493/430 402/494/431 400/492/429
f 403/495/432 404/496/433 400/492/429 402/494/431
f 404/496/433 379/469/408 378/468/407 400/492/429
f 379/469/408 404/496/433 405/497/434 382/472/411
f 404/496/433 403/495/432 406/498/435 405/497/434
f 407/499/436 408/500/437 405/497/434 406/498/435
f 408/500/437 383/473/412 382/472/411 405/497/434
f 383/473/412 408/500/437 409/501/438 386/476/415
f 408/500/437 407/499/436 410/502/439 409/501/438
f 411/503/440 412/504/441 409/501/438 410/502/439
f 412/504/441 387/477/416 386/476/415 409/501/438
f 387/477/416 412/504/441 413/505/442 390/480/419
f 412/504/441 411/503/440 414/506/443 413/505/442
f 415/507/444 416/508/445 413/505/442 414/506/443
f 416/508/445 391/481/420 390/480/419 413/505/442
f 391/481/420 416/508/445 417/509/446 394/484/423
f 416/508/445 415/507/444 418/510/447 417/509/446
f 419/511/448 420/512/449 417/509/446 418/510/447
f 420/512/449 395/485/424 394/484/423 417/509/446
f 395/485/424 420/512/449 421/513/450 398/488/427
f 420/512/449 419/511/448 422/514/451 421/513/450
f 401/515/430 399/516/428 421/513/450 422/514/451
f 399/516/428 377/489/406 398/488/427 421/513/450
f 401/493/430 423/517/452 424/518/453 402/494/431
f 423/517/452 425/519/454 426/520/455 424/518/453
f 427/521/456 428/522/457 424/518/453 426/520/455
f 428/522/457 403/495/432 402/494/431 424/518/453
f 403/495/432 428/522/457 429/523/458 406/498/435
f 428/522/457 427/521/456 430/524/459 429/523/458
f 431/525/460 432/526/461 429/523/458 430/524/459
f 432/526/461 407/499/436 406/498/435 429/523/458
f 407/499/436 432/526/461 433/527/462 410/502/439
f 432/526/461 431/525/460 434/528/463 433/527/462
f 435/529/464 436/530/465 433/527/462 434/528/463
f 436/530/465 411/503/440 410/502/439 433/527/462
f 411/503/440 436/530/465 437/531/466 414/506/443
f 436/530/465 435/529/464 438/532/467 437/531/466
f 439/533/468 440/534/469 437/531/466 438/532/467
f 440/534/469 415/507/444 414/506/443 437/531/466
f 415/507/444 440/534/469 441/535/470 418/510/447
f 440/534/469 439/533/468 442/536/471 441/535/470
f 443/537/472 444/538/473 441/535/470 442/536/471
f 444/538/473 419/511/448 418/510/447 441/535/470
f 419/511/448 444/538/473 445/539/474 422/514/451
f 444/538/473 443/537/472 446/540/475 445/539/474
f 425/541/454 423/542/452 445/539/474 446/540/475
f 423/542/452 401/515/430 422/514/451 445/539/474
f 425/519/454 447/543/476 448/544/477 426/520/455
f 447/543/476 449/545/478 450/546/479 448/544/477
f 451/547/480 452/548/481 448/544/477 450/546/479
f 452/548/481 427/521/456 426/520/455 448/544/477
f 427/521/456 452/548/481 453/549/482 430/524/459
f 452/548/481 451/547/480 454/550/483 453/549/482
f 455/551/484 456/552/485 453/549/482 454/550/483
f 456/552/485 431/525/460 430/524/459 453/549/482
f 431/525/460 456/552/485 457/553/486 434/528/463
f 456/552/485 455/551/484 458/554/487 457/553/486
f 459/555/488 460/556/489 457/553/486 458/554/487
f 460/556/489 435/529/464 434/528/463 457/553/486
f 435/529/464 460/556/489 461/557/490 438/532/467
f 460/556/489 459/555/488 462/558/491 461/557/490
f 463/559/492 464/560/493 461/557/490 462/558/491
f 464/560/493 439/533/468 438/532/467 461/557/490
f 439/533/468 464/560/493 465/561/494 442/536/471
f 464/560/493 463/559/492 466/562/495 465/561/494
f 467/563/496 468/564/497 465/561/494 466/562/495
f 468/564/497 443/537/472 442/536/471 465/561/494
f 443/537/472 468/564/497 469/565/498 446/540/475
f 468/564/497 467/563/496 470/566/499 469/565/498
f 449/567/478 447/568/476 469/565/498 470/566/499
f 447/568/476 425/541/454 446/540/475 469/565/498
f 449/545/478 471/569/500 472/570/501 450/546/479
f 471/569/500 473/571/502 474/572/503 472/570/501
f 475/573/504 476/574/505 472/570/501 474/572/503
f 476/574/505 451/547/480 450/546/479 472/570/501
f 451/547/480 476/574/505 477/575/506 454/550/483
f 476/574/505 475/573/504 478/576/507 477/575/506
f 479/577/508 480/578/509 477/575/506 478/576/507
f 480/578/509 455/551/484 454/550/483 477/575/506
f 455/551/484 480/578/509 481/579/510 458/554/487
f 480/578/509 479/577/508 482/580/511 481/579/510
f 483/581/512 484/582/513 481/579/510 482/580/511
f 484/582/513 459/555/488 458/554/487 481/579/510
f 459/555/488 484/582/513 485/583/514 462/558/491
f 484/582/513 483/581/512 486/584/515 485/583/514
f 487/585/516 488/586/517 485/583/514 486/584/515
f 488/586/517 463/559/492 462/558/491 485/583/514
f 463/559/492 488/586/517 489/587/518 466/562/495
f 488/586/517 487/585/516 490/588/519 489/587/518
f 491/589/520 492/590/521 489/587/518 490/588/519
f 492/590/521 467/563/496 466/562/495 489/587/518
f 467/563/496 492/590/521 493/591/522 470/566/499
f 492/590/521 491/589/520 494/592/523 493/591/522
f 473/593/502 471/594/500 493/591/522 494/592/523
f 471/594/500 449/567/478 470/566/499 493/591/522
f 473/571/502 495/595/524 496/596/525 474/572/503
f 495/595/524 497/597/526 498/598/527 496/596/525
f 499/599/528 500/600/529 496/596/525 498/598/527
f 500/600/529 475/573/504 474/572/503 496/596/525
f 475/573/504 500/600/529 501/601/530 478/576/507
f 500/600/529 499/599/528 502/602/531 501/601/530
f 503/603/532 504/604/533 501/601/530 502/602/531
f 504/604/533 479/577/508 478/576/507 501/601/530
f 479/577/508 504/604/533 505/605/534 482/580/511
f 504/604/533 503/603/532 506/606/535 505/605/534
f 507/607/536 508/608/537 505/605/534 506/606/535
f 508/608/537 483/581/512 482/580/511 505/605/534
f 483/581/512 508/608/537 509/609/538 486/584/515
f 508/608/537 507/607/536 510/610/539 509/609/538
f 511/611/540 512/612/541 509/609/538 510/610/539
f 512/612/541 487/585/516 486/584/515 509/609/538
f 487/585/516 512/612/541 513/613/542 490/588/519
f 512/612/541 511/611/540 514/614/543 513/613/542
f 515/615/544 516/616/545 513/613/542 514/614/543
f 516/616/545 491/589/520 490/588/519 513/613/542
f 491/589/520 516/616/545 517/617/546 494/592/523
f 516/616/545 515/615/544 518/618/547 517/617/546
f 497/619/526 495/620/524 517/617/546 518/618/547
f 495/620/524 473/593/502 494/592/523 517/617/546
f 497/597/526 519/621/548 520/622/549 498/598/527
f 519/621/548 521/623/550 522/624/551 520/622/549
f 523/625/552 524/626/553 520/622/549 522/624/551
f 524/626/553 499/599/528 498/598/527 520/622/549
f 499/599/528 524/626/553 525/627/554 502/602/531
f 524/626/553 523/625/552 526/628/555 525/627/554
f 527/629/556 528/630/557 525/627/554 526/628/555
f 528/630/557 503/603/532 502/602/531 525/627/554
f 503/603/532 528/630/557 529/631/558 506/606/535
f 528/630/557 527/629/556 530/632/559 529/631/558
f 531/633/560 532/634/561 529/631/558 530/632/559
f 532/634/561 507/607/536 506/606/535 529/631/558
f 507/607/536 532/634/561 533/635/562 510/610/539
f 532/634/561 531/633/560 534/636/563 533/635/562
f 535/637/564 536/638/565 533/635/562 534/636/563
f 536/638/565 511/611/540 510/610/539 533/635/562
f 511/611/540 536/638/565 537/639/566 514/614/543
f 536/638/565 535/637/564 538/640/567 537/639/566
f 539/641/568 540/642/569 537/639/566 538/640/567
f 540/642/569 515/615/544 514/614/543 537/639/566
f 515/615/544 540/642/569 541/643/570 518/618/547
f 540/642/569 539/641/568 542/644/571 541/643/570
f 521/645/550 519/646/548 541/643/570 542/644/571
f 519/646/548 497/619/526 518/618/547 541/643/570
f 521/623/550 543/647/572 544/648/573 522/624/551
f 543/647/572 545/649/574 546/650/575 544/648/573
f 547/651/576 548/652/577 544/648/573 546/650/575
f 548/652/577 523/625/552 522/624/551 544/648/573
f 523/625/552 548/652/577 549/653/578 526/628/555
f 548/652/577 547/651/576 550/654/579 549/653/578
f 551/655/580 552/656/581 549/653/578 550/654/579
f 552/656/581 527/629/556 526/628/555 549/653/578
f 527/629/556 552/656/581 553/657/582 530/632/559
f 552/656/581 551/655/580 554/658/583 553/657/582
f 555/659/584 556/660/585 553/657/582 554/658/583
f 556/660/585 531/633/560 530/632/559 553/657/582
f 531/633/560 556/660/585 557/661/586 534/636/563
f 556/660/585 555/659/584 558/662/587 557/661/586
f 559/663/588 560/664/589 557/661/586 558/662/587
f 560/664/589 535/637/564 534/636/563 557/661/586
f 535/637/564 560/664/589 561/665/590 538/640/567
f 560/664/589 559/663/588 562/666/591 561/665/590
f 563/667/592 564/668/593 561/665/590 562/666/591
f 564/668/593 539/641/568 538/640/567 561/665/590
f 539/641/568 564/668/593 565/669/594 542/644/571
f 564/668/593 563/667/592 566/670/595 565/669/594
f 545/671/574 543/672/572 565/669/594 566/670/595
f 543/672/572 521/645/550 542/644/571 565/669/594
f 545/649/574 567/673/596 568/674/597 546/650/575
f 567/673/596 569/675/598 570/676/599 568/674/597
f 571/677/600 572/678/601 568/674/597 570/676/599
f 572/678/601 547/651/576 546/650/575 568/674/597
f 547/651/576 572/678/601 573/679/602 550/654/579
f 572/678/601 571/677/600 574/680/603 573/679/602
f 575/681/604 576/682/605 573/679/602 574/680/603
f 576/682/605 551/655/580 550/654/579 573/679/602
f 551/655/580 576/682/605 577/683/606 554/658/583
f 576/682/605 575/681/604 578/684/607 577/683/606
f 579/685/608 580/686/609 577/683/606 578/684/607
f 580/686/609 555/659/584 554/658/583 577/683/606
f 555/659/584 580/686/609 581/687/610 558/662/587
f 580/686/609 579/685/608 582/688/611 581/687/610
f 583/689/612 584/690/613 581/687/610 582/688/611
f 584/690/613 559/663/588 558/662/587 581/687/610
f 559/663/588 584/690/613 585/691/614 562/666/591
f 584/690/613 583/689/612 586/692/615 585/691/614
f 587/693/616 588/694/617 585/691/614 586/692/615
f 588/694/617 563/667/592 562/666/591 585/691/614
f 563/667/592 588/694/617 589/695/618 566/670/595
f 588/694/617 587/693/616 590/696/619 589/695/618
f 569/697/598 567/698/596 589/695/618 590/696/619
f 567/698/596 545/671/574 566/670/595 589/695/618
f 569/675/598 591/699/620 592/700/621 570/676/599
f 591/699/620 593/701/622 594/702/623 592/700/621
f 595/703/624 596/704/625 592/700/621 594/702/623
f 596/704/625 571/677/600 570/676/599 592/700/621
f 571/677/600 596/704/625 597/705/626 574/680/603
f 596/704/625 595/703/624 598/706/627 597/705/626
f 599/707/628 600/708/629 597/705/626 598/706/627
f 600/708/629 575/681/604 574/680/603 597/705/626
f 575/681/604 600/708/629 601/709/630 578/684/607
f 600/708/629 599/707/628 602/710/631 601/709/630
f 603/711/632 604/712/633 601/709/630 602/710/631
f 604/712/633 579/685/608 578/684/607 601/709/630
f 579/685/608 604/712/633 605/713/634 582/688/611
f 604/712/633 603/711/632 606/714/635 605/713/634
f 607/715/636 608/716/637 605/713/634 606/714/635
f 608/716/637 583/689/612 582/688/611 605/713/634
f 583/689/612 608/716/637 609/717/638 586/692/615
f 608/716/637 607/715/636 610/718/639 609/717/638
f 611/719/640 612/720/641 609/717/638 610/718/639
f 612/720/641 587/693/616 586/692/615 609/717/638
f 587/693/616 612/720/641 613/721/642 590/696/619
f 612/720/641 611/719/640 614/722/643 613/721/642
f 593/723/622 591/724/620 613/721/642 614/722/643
f 591/724/620 569/697/598 590/696/619 613/721/642
f 593/701/622 615/725/644 616/726/645 594/702/623
f 615/725/644 617/727/646 618/728/647 616/726/645
f 619/729/648 620/730/649 616/726/645 618/728/647
f 620/730/649 595/703/624 594/702/623 616/726/645
f 595/703/624 620/730/649 621/731/650 598/706/627
f 620/730/649 619/729/648 622/732/651 621/731/650
f 623/733/652 624/734/653 621/731/650 622/732/651
f 624/734/653 599/707/628 598/706/627 621/731/650
f 599/707/628 624/734/653 625/735/654 602/710/631
f 624/734/653 623/733/652 626/736/655 625/735/654
f 627/737/656 628/738/657 625/735/654 626/736/655
f 628/738/657 603/711/632 602/710/631 625/735/654
f 603/711/632 628/738/657 629/739/658 606/714/635
f 628/738/657 627/737/656 630/740/659 629/739/658
f 631/741/660 632/742/661 629/739/658 630/740/659
f 632/742/661 607/715/636 606/714/635 629/739/658
f 607/715/636 632/742/661 633/743/662 610/718/639
f 632/742/661 631/741/660 634/744/663 633/743/662
f 635/745/664 636/746/665 633/743/662 634/744/663
f 636/746/665 611/719/640 610/718/639 633/743/662
f 611/719/640 636/746/665 637/747/666 614/722/643
f 636/746/665 635/745/664 638/748/667 637/747/666
f 617/749/646 615/750/644 637/747/666 638/748/667
f 615/750/644 593/723/622 614/722/643 637/747/666
f 617/727/646 639/751/668 640/752/669 618/728/647
f 639/751/668 641/753/670 642/754/671 640/752/669
f 643/755/672 644/756/673 640/752/669 642/754/671
f 644/756/673 619/729/648 618/728/647 640/752/669
f 619/729/648 644/756/673 645/757/674 622/732/651
f 644/756/673 643/755/672 646/758/675 645/757/674
f 647/759/676 648/760/677 645/757/674 646/758/675
f 648/760/677 623/733/652 622/732/651 645/757/674
f 623/733/652 648/760/677 649/761/678 626/736/655
f 648/760/677 647/759/676 650/762/679 649/761/678
f 651/763/680 652/764/681 649/761/678 650/762/679
f 652/764/681 627/737/656 626/736/655 649/761/678
f 627/737/656 652/764/681 653/765/682 630/740/659
f 652/764/681 651/763/680 654/766/683 653/765/682
f 655/767/684 656/768/685 653/765/682 654/766/683
f 656/768/685 631/741/660 630/740/659 653/765/682
f 631/741/660 656/768/685 657/769/686 634/744/663
f 656/768/685 655/767/684 658/770/687 657/769/686
f 659/771/688 660/772/689 657/769/686 658/770/687
f 660/772/689 635/745/664 634/744/663 657/769/686
f 635/745/664 660/772/689 661/773/690 638/748/667
f 660/772/689 659/771/688 662/774/691 661/773/690
f 641/775/670 639/776/668 661/773/690 662/774/691
f 639/776/668 617/749/646 638/748/667 661/773/690
f 641/753/670 663/777/692 664/778/693 642/754/671
f 663/777/692 665/779/694 666/780/695 664/778/693
f 667/781/696 668/782/697 664/778/693 666/780/695
f 668/782/697 643/755/672 642/754/671 664/778/693
f 643/755/672 668/782/697 669/783/698 646/758/675
f 668/782/697 667/781/696 670/784/699 669/783/698
f 671/785/700 672/786/701 669/783/698 670/784/699
f 672/786/701 647/759/676 646/758/675 669/783/698
f 647/759/676 672/786/701 673/787/702 650/762/679
f 672/786/701 671/785/700 674/788/703 673/787/702
f 675/789/704 676/790/705 673/787/702 674/788/703
f 676/790/705 651/763/680 650/762/679 673/787/702
f 651/763/680 676/790/705 677/791/706 654/766/683
f 676/790/705 675/789/704 678/792/707 677/791/706
f 679/793/708 680/794/709 677/791/706 678/792/707
f 680/794/709 655/767/684 654/766/683 677/791/706
f 655/767/684 680/794/709 681/795/710 658/770/687
f 680/794/709 679/793/708 682/796/711 681/795/710
f 683/797/712 684/798/713 681/795/710 682/796/711
f 684/798/713 659/771/688 658/770/687 681/795/710
f 659/771/688 684/798/713 685/799/714 662/774/691
f 684/798/713 683/797/712 686/800/715 685/799/714
f 665/801/694 663/802/692 685/799/714 686/800/715
f 663/802/692 641/775/670 662/774/691 685/799/714
f 665/779/694 687/803/716 688/804/717 666/780/695
f 687/803/716 689/805/718 690/806/719 688/804/717
f 691/807/720 692/808/721 688/804/717 690/806/719
f 692/808/721 667/781/696 666/780/695 688/804/717
f 667/781/696 692/808/721 693/809/722 670/784/699
f 692/808/721 691/807/720 694/810/723 693/809/722
f 695/811/724 696/812/725 693/809/722 694/810/723
f 696/812/725 671/785/700 670/784/699 693/809/722
f 671/785/700 696/812/725 697/813/726 674/788/703
f 696/812/725 695/811/724 698/814/727 697/813/726
f 699/815/728 700/816/729 697/813/726 698/814/727
f 700/816/729 675/789/704 674/788/703 697/813/726
f 675/789/704 700/816/729 701/817/730 678/792/707
f 700/816/729 699/815/728 702/818/731 701/817/730
f 703/819/732 704/820/733 701/817/730 702/818/731
f 704/820/733 679/793/708 678/792/707 701/817/730
f 679/793/708 704/820/733 705/821/734 682/796/711
f 704/820/733 703/819/732 706/822/735 705/821/734
f 707/823/736 708/824/737 705/821/734 706/822/735
f 708/824/737 683/797/712 682/796/711 705/821/734
f 683/797/712 708/824/737 709/825/738 686/800/715
f 708/824/737 707/823/736 710/826/739 709/825/738
f 689/827/718 687/828/716 709/825/738 710/826/739
f 687/828/716 665/801/694 686/800/715 709/825/738
f 689/805/718 711/829/740 712/830/741 690/806/719
f 711/829/740 713/831/742 714/832/743 712/830/741
f 715/833/744 716/834/745 712/830/741 714/832/743
f 716/834/745 691/807/720 690/806/719 712/830/741
f 691/807/720 716/834/745 717/835/746 694/810/723
f 716/834/745 715/833/744 718/836/747 717/835/746
f 719/837/748 720/838/749 717/835/746 718/836/747
f 720/838/749 695/811/724 694/810/723 717/835/746
f 695/811/724 720/838/749 721/839/750 698/814/727
f 720/838/749 719/837/748 722/840/751 721/839/750
f 723/841/752 724/842/753 721/839/750 722/840/751
f 724/842/753 699/815/728 698/814/727 721/839/750
f 699/815/728 724/842/753 725/843/754 702/818/731
f 724/842/753 723/841/752 726/844/755 725/843/754
f 727/845/756 728/846/757 725/843/754 726/844/755
f 728/846/757 703/819/732 702/818/731 725/843/754
f 703/819/732 728/846/757 729/847/758 706/822/735
f 728/846/757 727/845/756 730/848/759 729/847/758
f 731/849/760 732/850/761 729/847/758 730/848/759
f 732/850/761 707/823/736 706/822/735 729/847/758
f 707/823/736 732/850/761 733/851/762 710/826/739
f 732/850/761 731/849/760 734/852/763 733/851/762
f 713/853/742 711/854/740 733/851/762 734/852/763
f 711/854/740 689/827/718 710/826/739 733/851/762
f 713/831/742 735/855/764 736/856/765 714/832/743
f 735/855/764 737/857/766 738/858/767 736/856/765
f 739/859/768 740/860/769 736/856/765 738/858/767
f 740/860/769 715/833/744 714/832/743 736/856/765
f 715/833/744 740/860/769 741/861/770 718/836/747
f 740/860/769 739/859/768 742/862/771 741/861/770
f 743/863/772 744/864/773 741/861/770 742/862/771
f 744/864/773 719/837/748 718/836/747 741/861/770
f 719/837/748 744/864/773 745/865/774 722/840/751
f 744/864/773 743/863/772 746/866/775 745/865/774
f 747/867/776 748/868/777 745/865/774 746/866/775
f 748/868/777 723/841/752 722/840/751 745/865/774
f 723/841/752 748/868/777 749/869/778 726/844/755
f 748/868/777 747/867/776 750/870/779 749/869/778
f 751/871/780 752/872/781 749/869/778 750/870/779
f 752/872/781 727/845/756 726/844/755 749/869/778
f 727/845/756 752/872/781 753/873/782 730/848/759
f 752/872/781 751/871/780 754/874/783 753/873/782
f 755/875/784 756/876/785 753/873/782 754/874/783
f 756/876/785 731/849/760 730/848/759 753/873/782
f 731/849/760 756/876/785 757/877/786 734/852/763
f 756/876/785 755/875/784 758/878/787 757/877/786
f 737/879/766 735/880/764 757/877/786 758/878/787
f 735/880/764 713/853/742 734/852/763 757/877/786
f 737/857/766 759/881/788 760/882/789 738/858/767
f 759/881/788 761/883/790 762/884/791 760/882/789
f 763/885/792 764/886/793 760/882/789 762/884/791
f 764/886/793 739/859/768 738/858/767 760/882/789
f 739/859/768 764/886/793 765/887/794 742/862/771
f 764/886/793 763/885/792 766/888/795 765/887/794
f 767/889/796 768/890/797 765/887/794 766/888/795
f 768/890/797 743/863/772 742/862/771 765/887/794
f 743/863/772 768/890/797 769/891/798 746/866/775
f 768/890/797 767/889/796 770/892/799 769/891/798
f 771/893/800 772/894/801 769/891/798 770/892/799
f 772/894/801 747/867/776 746/866/775 769/891/798
f 747/867/776 772/894/801 773/895/802 750/870/779
f 772/894/801 771/893/800 774/896/803 773/895/802
f 775/897/804 776/898/805 773/895/802 774/896/803
f 776/898/805 751/871/780 750/870/779 773/895/802
f 751/871/780 776/898/805 777/899/806 754/874/783
f 776/898/805 775/897/804 778/900/807 777/899/806
f 779/901/808 780/902/809 777/899/806 778/900/807
f 780/902/809 755/875/784 754/874/783 777/899/806
f 755/875/784 780/902/809 781/903/810 758/878/787
f 780/902/809 779/901/808 782/904/811 781/903/810
f 761/905/790 759/906/788 781/903/810 782/904/811
f 759/906/788 737/879/766 758/878/787 781/903/810
f 761/883/790 783/907/812 784/908/813 762/884/791
f 783/907/812 785/909/814 786/910/815 784/908/813
f 787/911/816 788/912/817 784/908/813 786/910/815
f 788/912/817 763/885/792 762/884/791 784/908/813
f 763/885/792 788/912/817 789/913/818 766/888/795
f 788/912/817 787/911/816 790/914/819 789/913/818
f 791/915/820 792/916/821 789/913/818 790/914/819
f 792/916/821 767/889/796 766/888/795 789/913/818
f 767/889/796 792/916/821 793/917/822 770/892/799
f 792/916/821 791/915/820 794/918/823 793/917/822
f 795/919/824 796/920/825 793/917/822 794/918/823
f 796/920/825 771/893/800 770/892/799 793/917/822
f 771/893/800 796/920/825 797/921/826 774/896/803
f 796/920/825 795/919/824 798/922/827 797/921/826
f 799/923/828 800/924/829 797/921/826 798/922/827
f 800/924/829 775/897/804 774/896/803 797/921/826
f 775/897/804 800/924/829 801/925/830 778/900/807
f 800/924/829 799/923/828 802/926/831 801/925/830
f 803/927/832 804/928/833 801/925/830 802/926/831
f 804/928/833 779/901/808 778/900/807 801/925/830
f 779/901/808 804/928/833 805/929/834 782/904/811
f 804/928/833 803/927/832 806/930/835 805/929/834
f 785/931/814 783/932/812 805/929/834 806/930/835
f 783/932/812 761/905/790 782/904/811 805/929/834
f 785/909/814 807/933/836 808/934/837 786/910/815
f 807/933/836 809/935/838 810/936/839 808/934/837
f 811/937/840 812/938/841 808/934/837 810/936/839
f 812/938/841 787/911/816 786/910/815 808/934/837
f 787/911/816 812/938/841 813/939/842 790/914/819
f 812/938/841 811/937/840 814/940/843 813/939/842
f 815/941/844 816/942/845 813/939/842 814/940/843
f 816/942/845 791/915/820 790/914/819 813/939/842
f 791/915/820 816/942/845 817/943/846 794/918/823
f 816/942/845 815/941/844 818/944/847 817/943/846
f 819/945/848 820/946/849 817/943/846 818/944/847
f 820/946/849 795/919/824 794/918/823 817/943/846
f 795/919/824 820/946/849 821/947/850 798/922/827
f 820/946/849 819/945/848 822/948/851 821/947/850
f 823/949/852 824/950/853 821/947/850 822/948/851
f 824/950/853 799/923/828 798/922/827 821/947/850
f 799/923/828 824/950/853 825/951/854 802/926/831
f 824/950/853 823/949/852 826/952/855 825/951/854
f 827/953/856 828/954/857 825/951/854 826/952/855
f 828/954/857 803/927/832 802/926/831 825/951/854
f 803/927/832 828/954/857 829/955/858 806/930/835
f 828/954/857 827/953/856 830/956/859 829/955/858
f 809/957/838 807/958/836 829/955/858 830/956/859
f 807/958/836 785/931/814 806/930/835 829/955/858
f 809/935/838 831/959/860 832/960/861 810/936/839
f 831/959/860 833/961/862 834/962/863 832/960/861
f 835/963/864 836/964/865 832/960/861 834/962/863
f 836/964/865 811/937/840 810/936/839 832/960/861
f 811/937/840 836/964/865 837/965/866 814/940/843
f 836/964/865 835/963/864 838/966/867 837/965/866
f 839/967/868 840/968/869 837/965/866 838/966/867
f 840/968/869 815/941/844 814/940/843 837/965/866
f 815/941/844 840/968/869 841/969/870 818/944/847
f 840/968/869 839/967/868 842/970/871 841/969/870
f 843/971/872 844/972/873 841/969/870 842/970/871
f 844/972/873 819/945/848 818/944/847 841/969/870
f 819/945/848 844/972/873 845/973/874 822/948/851
f 844/972/873 843/971/872 846/974/875 845/973/874
f 847/975/876 848/976/877 845/973/874 846/974/875
f 848/976/877 823/949/852 822/948/851 845/973/874
f 823/949/852 848/976/877 849/977/878 826/952/855
f 848/976/877 847/975/876 850/978/879 849/977/878
f 851/979/880 852/980/881 849/977/878 850/978/879
f 852/980/881 827/953/856 826/952/855 849/977/878
f 827/953/856 852/980/881 853/981/882 830/956/859
f 852/980/881 851/979/880 854/982/883 853/981/882
f 833/983/862 831/984/860 853/981/882 854/982/883
f 831/984/860 809/957/838 830/956/859 853/981/882
f 833/961/862 855/985/884 856/986/885 834/962/863
f 855/985/884 857/987/886 858/988/887 856/986/885
f 859/989/888 860/990/889 856/986/885 858/988/887
f 860/990/889 835/963/864 834/962/863 856/986/885
f 835/963/864 860/990/889 861/991/890 838/966/867
f 860/990/889 859/989/888 862/992/891 861/991/890
f 863/993/892 864/994/893 861/991/890 862/992/891
f 864/994/893 839/967/868 838/966/867 861/991/890
f 839/967/868 864/994/893 865/995/894 842/970/871
f 864/994/893 863/993/892 866/996/895 865/995/894
f 867/997/896 868/998/897 865/995/894 866/996/895
f 868/998/897 843/971/872 842/970/871 865/995/894
f 843/971/872 868/998/897 869/999/898 846/974/875
f 868/998/897 867/997/896 870/1000/899 869/999/898
f 871/1001/900 872/1002/901 869/999/898 870/1000/899
f 872/1002/901 847/975/876 846/974/875 869/999/898
f 847/975/876 872/1002/901 873/1003/902 850/978/879
f 872/1002/901 871/1001/900 874/1004/903 873/1003/902
f 875/1005/904 876/1006/905 873/1003/902 874/1004/903
f 876/1006/905 851/979/880 850/978/879 873/1003/902
f 851/979/880 876/1006/905 877/1007/906 854/982/883
f 876/1006/905 875/1005/904 878/1008/907 877/1007/906
f 857/1009/886 855/1010/884 877/1007/906 878/1008/907
f 855/1010/884 833/983/862 854/982/883 877/1007/906
f 857/987/886 879/1011/908 880/1012/909 858/988/887
f 879/1011/908 881/1013/910 882/1014/911 880/1012/909
f 883/1015/912 884/1016/913 880/1012/909 882/1014/911
f 884/1016/913 859/989/888 858/988/887 880/1012/909
f 859/989/888 884/1016/913 885/1017/914 862/992/891
f 884/1016/913 883/1015/912 886/1018/915 885/1017/914
f 887/1019/916 888/1020/917 885/1017/914 886/1018/915
f 888/1020/917 863/993/892 862/992/891 885/1017/914
f 863/993/892 888/1020/917 889/1021/918 866/996/895
f 888/1020/917 887/1019/916 890/1022/919 889/1021/918
f 891/1023/920 892/1024/921 889/1021/918 890/1022/919
f 892/1024/921 867/997/896 866/996/895 889/1021/918
f 867/997/896 892/1024/921 893/1025/922 870/1000/899
f 892/1024/921 891/1023/920 894/1026/923 893/1025/922
f 895/1027/924 896/1028/925 893/1025/922 894/1026/923
f 896/1028/925 871/1001/900 870/1000/899 893/1025/922
f 871/1001/900 896/1028/925 897/1029/926 874/1004/903
f 896/1028/925 895/1027/924 898/1030/927 897/1029/926
f 899/1031/928 900/1032/929 897/1029/926 898/1030/927
f 900/1032/929 875/1005/904 874/1004/903 897/1029/926
f 875/1005/904 900/1032/929 901/1033/930 878/1008/907
f 900/1032/929 899/1031/928 902/1034/931 901/1033/930
f 881/1035/910 879/1036/908 901/1033/930 902/1034/931
f 879/1036/908 857/1009/886 878/1008/907 901/1033/930
f 881/1013/910 903/1037/932 904/1038/933 882/1014/911
f 903/1037/932 905/1039/934 906/1040/935 904/1038/933
f 907/1041/936 908/1042/937 904/1038/933 906/1040/935
f 908/1042/937 883/1015/912 882/1014/911 904/1038/933
f 883/1015/912 908/1042/937 909/1043/938 886/1018/915
f 908/1042/937 907/1041/936 910/1044/939 909/1043/938
f 911/1045/940 912/1046/941 909/1043/938 910/1044/939
f 912/1046/941 887/1019/916 886/1018/915 909/1043/938
f 887/1019/916 912/1046/941 913/1047/942 890/1022/919
f 912/1046/941 911/1045/940 914/1048/943 913/1047/942
f 915/1049/944 916/1050/945 913/1047/942 914/1048/943
f 916/1050/945 891/1023/920 890/1022/919 913/1047/942
f 891/1023/920 916/1050/945 917/1051/946 894/1026/923
f 916/1050/945 915/1049/944 918/1052/947 917/1051/946
f 919/1053/948 920/1054/949 917/1051/946 918/1052/947
f 920/1054/949 895/1027/924 894/1026/923 917/1051/946
f 895/1027/924 920/1054/949 921/1055/950 898/1030/927
f 920/1054/949 919/1053/948 922/1056/951 921/1055/950
f 923/1057/952 924/1058/953 921/1055/950 922/1056/951
f 924/1058/953 899/1031/928 898/1030/927 921/1055/950
f 899/1031/928 924/1058/953 925/1059/954 902/1034/931
f 924/1058/953 923/1057/952 926/1060/955 925/1059/954
f 905/1061/934 903/1062/932 925/1059/954 926/1060/955
f 903/1062/932 881/1035/910 902/1034/931 925/1059/954
f 905/1039/934 927/1063/956 928/1064/957 906/1040/935
f 927/1063/956 929/1065/958 930/1066/959 928/1064/957
f 931/1067/960 932/1068/961 928/1064/957 930/1066/959
f 932/1068/961 907/1041/936 906/1040/935 928/1064/957
f 907/1041/936 932/1068/961 933/1069/962 910/1044/939
f 932/1068/961 931/1067/960 934/1070/963 933/1069/962
f 935/1071/964 936/1072/965 933/1069/962 934/1070/963
f 936/1072/965 911/1045/940 910/1044/939 933/1069/962
f 911/1045/940 936/1072/965 937/1073/966 914/1048/943
f 936/1072/965 935/1071/964 938/1074/967 937/1073/966
f 939/1075/968 940/1076/969 937/1073/966 938/1074/967
f 940/1076/969 915/1049/944 914/1048/943 937/1073/966
f 915/1049/944 940/1076/969 941/1077/970 918/1052/947
f 940/1076/969 939/1075/968 942/1078/971 941/1077/970
f 943/1079/972 944/1080/973 941/1077/970 942/1078/971
f 944/1080/973 919/1053/948 918/1052/947 941/1077/970
f 919/1053/948 944/1080/973 945/1081/974 922/1056/951
f 944/1080/973 943/1079/972 946/1082/975 945/1081/974
f 947/1083/976 948/1084/977 945/1081/974 946/1082/975
f 948/1084/977 923/1057/952 922/1056/951 945/1081/974
f 923/1057/952 948/1084/977 949/1085/978 926/1060/955
f 948/1084/977 947/1083/976 950/1086/979 949/1085/978
f 929/1087/958 927/1088/956 949/1085/978 950/1086/979
f 927/1088/956 905/1061/934 926/1060/955 949/1085/978
f 929/1065/958 951/1089/980 952/1090/981 930/1066/959
f 951/1089/980 953/1091/982 954/1092/983 952/1090/981
f 955/1093/984 956/1094/985 952/1090/981 954/1092/983
f 956/1094/985 931/1067/960 930/1066/959 952/1090/981
f 931/1067/960 956/1094/985 957/1095/986 934/1070/963
f 956/1094/985 955/1093/984 958/1096/987 957/1095/986
f 959/1097/988 960/1098/989 957/1095/986 958/1096/987
f 960/1098/989 935/1071/964 934/1070/963 957/1095/986
f 935/1071/964 960/1098/989 961/1099/990 938/1074/967
f 960/1098/989 959/1097/988 962/1100/991 961/1099/990
f 963/1101/992 964/1102/993 961/1099/990 962/1100/991
f 964/1102/993 939/1075/968 938/1074/967 961/1099/990
f 939/1075/968 964/1102/993 965/1103/994 942/1078/971
f 964/1102/993 963/1101/992 966/1104/995 965/1103/994
f 967/1105/996 968/1106/997 965/1103/994 966/1104/995
f 968/1106/997 943/1079/972 942/1078/971 965/1103/994
f 943/1079/972 968/1106/997 969/1107/998 946/1082/975
f 968/1106/997 967/1105/996 970/1108/999 969/1107/998
f 971/1109/1000 972/1110/1001 969/1107/998 970/1108/999
f 972/1110/1001 947/1083/976 946/1082/975 969/1107/998
f 947/1083/976 972/1110/1001 973/1111/1002 950/1086/979
f 972/1110/1001 971/1109/1000 974/1112/1003 973/1111/1002
f 953/1113/982 951/1114/980 973/1111/1002 974/1112/1003
f 951/1114/980 929/1087/958 950/1086/979 973/1111/1002
f 953/1091/982 975/1115/1004 976/1116/1005 954/1092/983
f 975/1115/1004 977/1117/1006 978/1118/1007 976/1116/1005
f 979/1119/1008 980/1120/1009 976/1116/1005 978/1118/1007
f 980/1120/1009 955/1093/984 954/1092/983 976/1116/1005
f 955/1093/984 980/1120/1009 981/1121/1010 958/1096/987
f 980/1120/1009 979/1119/1008 982/1122/1011 981/1121/1010
f 983/1123/1012 984/1124/1013 981/1121/1010 982/1122/1011
f 984/1124/1013 959/1097/988 958/1096/987 981/1121/1010
f 959/1097/988 984/1124/1013 985/1125/1014 962/1100/991
f 984/1124/1013 983/1123/1012 986/1126/1015 985/1125/1014
f 987/1127/1016 988/1128/1017 985/1125/1014 986/1126/1015
f 988/1128/1017 963/1101/992 962/1100/991 985/1125/1014
f 963/1101/992 988/1128/1017 989/1129/1018 966/1104/995
f 988/1128/1017 987/1127/1016 990/1130/1019 989/1129/1018
f 991/1131/1020 992/1132/1021 989/1129/1018 990/1130/1019
f 992/1132/1021 967/1105/996 966/1104/995 989/1129/1018
f 967/1105/996 992/1132/1021 993/1133/1022 970/1108/999
f 992/1132/1021 991/1131/1020 994/1134/1023 993/1133/1022
f 995/1135/1024 996/1136/1025 993/1133/1022 994/1134/1023
f 996/1136/1025 971/1109/1000 970/1108/999 993/1133/1022
f 971/1109/1000 996/1136/1025 997/1137/1026 974/1112/1003
f 996/1136/1025 995/1135/1024 998/1138/1027 997/1137/1026
f 977/1139/1006 975/1140/1004 997/1137/1026 998/1138/1027
f 975/1140/1004 953/1113/982 974/1112/1003 997/1137/1026
f 977/1117/1006 999/1141/1028 1000/1142/1029 978/1118/1007
f 999/1141/1028 1001/1143/1030 1002/1144/1031 1000/1142/1029
f 1003/1145/1032 1004/1146/1033 1000/1142/1029 1002/1144/1031
f 1004/1146/1033 979/1119/1008 978/1118/1007 1000/1142/1029
f 979/1119/1008 1004/1146/1033 1005/1147/1034 982/1122/1011
f 1004/1146/1033 1003/1145/1032 1006/1148/1035 1005/1147/1034
f 1007/1149/1036 1008/1150/1037 1005/1147/1034 1006/1148/1035
f 1008/1150/1037 983/1123/1012 982/1122/1011 1005/1147/1034
f 983/1123/1012 1008/1150/1037 1009/1151/1038 986/1126/1015
f 1008/1150/1037 1007/1149/1036 1010/1152/1039 1009/1151/1038
f 1011/1153/1040 1012/1154/1041 1009/1151/1038 1010/1152/1039
f 1012/1154/1041 987/1127/1016 986/1126/1015 1009/1151/1038
f 987/1127/1016 1012/1154/1041 1013/1155/1042 990/1130/1019
f 1012/1154/1041 1011/1153/1040 1014/1156/1043 1013/1155/1042
f 1015/1157/1044 1016/1158/1045 1013/1155/1042 1014/1156/1043
f 1016/1158/1045 991/1131/1020 990/1130/1019 1013/1155/1042
f 991/1131/1020 1016/1158/1045 1017/1159/1046 994/1134/1023
f 1016/1158/1045 1015/1157/1044 1018/1160/1047 1017/1159/1046
f 1019/1161/1048 1020/1162/1049 1017/1159/1046 1018/1160/1047
f 1020/1162/1049 995/1135/1024 994/1134/1023 1017/1159/1046
f 995/1135/1024 1020/1162/1049 1021/1163/1050 998/1138/1027
f 1020/1162/1049 1019/1161/1048 1022/1164/1051 1021/1163/1050
f 1001/1165/1030 999/1166/1028 1021/1163/1050 1022/1164/1051
f 999/1166/1028 977/1139/1006 998/1138/1027 1021/1163/1050
f 1001/1143/1030 1023/1167/1052 1024/1168/1053 1002/1144/1031
f 1023/1167/1052 1025/1169/1054 1026/1170/1055 1024/1168/1053
f 1027/1171/1056 1028/1172/1057 1024/1168/1053 1026/1170/1055
f 1028/1172/1057 1003/1145/1032 1002/1144/1031 1024/1168/1053
f 1003/1145/1032 1028/1172/1057 1029/1173/1058 1006/1148/1035
f 1028/1172/1057 1027/1171/1056 1030/1174/1059 1029/1173/1058
f 1031/1175/1060 1032/1176/1061 1029/1173/1058 1030/1174/1059
f 1032/1176/1061 1007/1149/1036 1006/1148/1035 1029/1173/1058
f 1007/1149/1036 1032/1176/1061 1033/1177/1062 1010/1152/1039
f 1032/1176/1061 1031/1175/1060 1034/1178/1063 1033/1177/1062
f 1035/1179/1064 1036/1180/1065 1033/1177/1062 1034/1178/1063
f 1036/1180/1065 1011/1153/1040 1010/1152/1039 1033/1177/1062
f 1011/1153/1040 1036/1180/1065 1037/1181/1066 1014/1156/1043
f 1036/1180/1065 1035/1179/1064 1038/1182/1067 1037/1181/1066
f 1039/1183/1068 1040/1184/1069 1037/1181/1066 1038/1182/1067
f 1040/1184/1069 1015/1157/1044 1014/1156/1043 1037/1181/1066
f 1015/1157/1044 1040/1184/1069 1041/1185/1070 1018/1160/1047
f 1040/1184/1069 1039/1183/1068 1042/1186/1071 1041/1185/1070
f 1043/1187/1072 1044/1188/1073 1041/1185/1070 1042/1186/1071
f 1044/1188/1073 1019/1161/1048 1018/1160/1047 1041/1185/1070
f 1019/1161/1048 1044/1188/1073 1045/1189/1074 1022/1164/1051
f 1044/1188/1073 1043/1187/1072 1046/1190/1075 1045/1189/1074
f 1025/1191/1054 1023/1192/1052 1045/1189/1074 1046/1190/1075
f 1023/1192/1052 1001/1165/1030 1022/1164/1051 1045/1189/1074
f 1025/1169/1054 1047/1193/1076 1048/1194/1077 1026/1170/1055
f 1047/1193/1076 1049/1195/1078 1050/1196/1079 1048/1194/1077
f 1051/1197/1080 1052/1198/1081 1048/1194/1077 1050/1196/1079
f 1052/1198/1081 1027/1171/1056 1026/1170/1055 1048/1194/1077
f 1027/1171/1056 1052/1198/1081 1053/1199/1082 1030/1174/1059
f 1052/1198/1081 1051/1197/1080 1054/1200/1083 1053/1199/1082
f 1055/1201/1084 1056/1202/1085 1053/1199/1082 1054/1200/1083
f 1056/1202/1085 1031/1175/1060 1030/1174/1059 1053/1199/1082
f 1031/1175/1060 1056/1202/1085 1057/1203/1086 1034/1178/1063
f 1056/1202/1085 1055/1201/1084 1058/1204/1087 1057/1203/1086
f 1059/1205/1088 1060/1206/1089 1057/1203/1086 1058/1204/1087
f 1060/1206/1089 1035/1179/1064 1034/1178/1063 1057/1203/1086
f 1035/1179/1064 1060/1206/1089 1061/1207/1090 1038/1182/1067
f 1060/1206/1089 1059/1205/1088 1062/1208/1091 1061/1207/1090
f 1063/1209/1092 1064/1210/1093 1061/1207/1090 1062/1208/1091
f 1064/1210/1093 1039/1183/1068 1038/1182/1067 1061/1207/1090
f 1039/1183/1068 1064/1210/1093 1065/1211/1094 1042/1186/1071
f 1064/1210/1093 1063/1209/1092 1066/1212/1095 1065/1211/1094
f 1067/1213/1096 1068/1214/1097 1065/1211/1094 1066/1212/1095
f 1068/1214/1097 1043/1187/1072 1042/1186/1071 1065/1211/1094
f 1043/1187/1072 1068/1214/1097 1069/1215/1098 1046/1190/1075
f 1068/1214/1097 1067/1213/1096 1070/1216/1099 1069/1215/1098
f 1049/1217/1078 1047/1218/1076 1069/1215/1098 1070/1216/1099
f 1047/1218/1076 1025/1191/1054 1046/1190/1075 1069/1215/1098
f 1049/1195/1078 1071/1219/1100 1072/1220/1101 1050/1196/1079
f 1071/1219/1100 1073/1221/1102 1074/1222/1103 1072/1220/1101
f 1075/1223/1104 1076/1224/1105 1072/1220/1101 1074/1222/1103
f 1076/1224/1105 1051/1197/1080 1050/1196/1079 1072/1220/1101
f 1051/1197/1080 1076/1224/1105 1077/1225/1106 1054/1200/1083
f 1076/1224/1105 1075/1223/1104 1078/1226/1107 1077/1225/1106
f 1079/1227/1108 1080/1228/1109 1077/1225/1106 1078/1226/1107
f 1080/1228/1109 1055/1201/1084 1054/1200/1083 1077/1225/1106
f 1055/1201/1084 1080/1228/1109 1081/1229/1110 1058/1204/1087
f 1080/1228/1109 1079/1227/1108 1082/1230/1111 1081/1229/1110
f 1083/1231/1112 1084/1232/1113 1081/1229/1110 1082/1230/1111
f 1084/1232/1113 1059/1205/1088 1058/1204/1087 1081/1229/1110
f 1059/1205/1088 1084/1232/1113 1085/1233/1114 1062/1208/1091
f 1084/1232/1113 1083/1231/1112 1086/1234/1115 1085/1233/1114
f 1087/1235/1116 1088/1236/1117 1085/1233/1114 1086/1234/1115
f 1088/1236/1117 1063/1209/1092 1062/1208/1091 1085/1233/1114
f 1063/1209/1092 1088/1236/1117 1089/1237/1118 1066/1212/1095
f 1088/1236/1117 1087/1235/1116 1090/1238/1119 1089/1237/1118
f 1091/1239/1120 1092/1240/1121 1089/1237/1118 1090/1238/1119
f 1092/1240/1121 1067/1213/1096 1066/1212/1095 1089/1237/1118
f 1067/1213/1096 1092/1240/1121 1093/1241/1122 1070/1216/1099
f 1092/1240/1121 1091/1239/1120 1094/1242/1123 1093/1241/1122
f 1073/1243/1102 1071/1244/1100 1093/1241/1122 1094/1242/1123
f 1071/1244/1100 1049/1217/1078 1070/1216/1099 1093/1241/1122
f 1073/1221/1102 1095/1245/1124 1096/1246/1125 1074/1222/1103
f 1095/1245/1124 1097/1247/1126 1098/1248/1127 1096/1246/1125
f 1099/1249/1128 1100/1250/1129 1096/1246/1125 1098/1248/1127
f 1100/1250/1129 1075/1223/1104 1074/1222/1103 1096/1246/1125
f 1075/1223/1104 1100/1250/1129 1101/1251/1130 1078/1226/1107
f 1100/1250/1129 1099/1249/1128 1102/1252/1131 1101/1251/1130
f 1103/1253/1132 1104/1254/1133 1101/1251/1130 1102/1252/1131
f 1104/1254/1133 1079/1227/1108 1078/1226/1107 1101/1251/1130
f 1079/1227/1108 1104/1254/1133 1105/1255/1134 1082/1230/1111
f 1104/1254/1133 1103/1253/1132 1106/1256/1135 1105/1255/1134
f 1107/1257/1136 1108/1258/1137 1105/1255/1134 1106/1256/1135
f 1108/1258/1137 1083/1231/1112 1082/1230/1111 1105/1255/1134
f 1083/1231/1112 1108/1258/1137 1109/1259/1138 1086/1234/1115
f 1108/1258/1137 1107/1257/1136 1110/1260/1139 1109/1259/1138
f 1111/1261/1140 1112/1262/1141 1109/1259/1138 1110/1260/1139
f 1112/1262/1141 1087/1235/1116 1086/1234/1115 1109/1259/1138
f 1087/1235/1116 1112/1262/1141 1113/1263/1142 1090/1238/1119
f 1112/1262/1141 1111/1261/1140 1114/1264/1143 1113/1263/1142
f 1115/1265/1144 1116/1266/1145 1113/1263/1142 1114/1264/1143
f 1116/1266/1145 1091/1239/1120 1090/1238/1119 1113/1263/1142
f 1091/1239/1120 1116/1266/1145 1117/1267/1146 1094/1242/1123
f 1116/1266/1145 1115/1265/1144 1118/1268/1147 1117/1267/1146
f 1097/1269/1126 1095/1270/1124 1117/1267/1146 1118/1268/1147
f 1095/1270/1124 1073/1243/1102 1094/1242/1123 1117/1267/1146
f 1097/1247/1126 1119/1271/1148 1120/1272/1149 1098/1248/1127
f 1119/1271/1148 1121/1273/1150 1122/1274/1151 1120/1272/1149
f 1123/1275/1152 1124/1276/1153 1120/1272/1149 1122/1274/1151
f 1124/1276/1153 1099/1249/1128 1098/1248/1127 1120/1272/1149
f 1099/1249/1128 1124/1276/1153 1125/1277/1154 1102/1252/1131
f 1124/1276/1153 1123/1275/1152 1126/1278/1155 1125/1277/1154
f 1127/1279/1156 1128/1280/1157 1125/1277/1154 1126/1278/1155
f 1128/1280/1157 1103/1253/1132 1102/1252/1131 1125/1277/1154
f 1103/1253/1132 1128/1280/1157 1129/1281/1158 1106/1256/1135
f 1128/1280/1157 1127/1279/1156 1130/1282/1159 1129/1281/1158
f 1131/1283/1160 1132/1284/1161 1129/1281/1158 1130/1282/1159
f 1132/1284/1161 1107/1257/1136 1106/1256/1135 1129/1281/1158
f 1107/1257/1136 1132/1284/1161 1133/1285/1162 1110/1260/1139
f 1132/1284/1161 1131/1283/1160 1134/1286/1163 1133/1285/1162
f 1135/1287/1164 1136/1288/1165 1133/1285/1162 1134/1286/1163
f 1136/1288/1165 1111/1261/1140 1110/1260/1139 1133/1285/1162
f 1111/1261/1140 1136/1288/1165 1137/1289/1166 1114/1264/1143
f 1136/1288/1165 1135/1287/1164 1138/1290/1167 1137/1289/1166
f 1139/1291/1168 1140/1292/1169 1137/1289/1166 1138/1290/1167
f 1140/1292/1169 1115/1265/1144 1114/1264/1143 1137/1289/1166
f 1115/1265/1144 1140/1292/1169 1141/1293/1170 1118/1268/1147
f 1140/1292/1169 1139/1291/1168 1142/1294/1171 1141/1293/1170
f 1121/1295/1150 1119/1296/1148 1141/1293/1170 1142/1294/1171
f 1119/1296/1148 1097/1269/1126 1118/1268/1147 1141/1293/1170
f 1121/1273/1150 1143/1297/1172 1144/1298/1173 1122/1274/1151
f 1143/1297/1172 1145/1299/1174 1146/1300/1175 1144/1298/1173
f 1147/1301/1176 1148/1302/1177 1144/1298/1173 1146/1300/1175
f 1148/1302/1177 1123/1275/1152 1122/1274/1151 1144/1298/1173
f 1123/1275/1152 1148/1302/1177 1149/1303/1178 1126/1278/1155
f 1148/1302/1177 1147/1301/1176 1150/1304/1179 1149/1303/1178
f 1151/1305/1180 1152/1306/1181 1149/1303/1178 1150/1304/1179
f 1152/1306/1181 1127/1279/1156 1126/1278/1155 1149/1303/1178
f 1127/1279/1156 1152/1306/1181 1153/1307/1182 1130/1282/1159
f 1152/1306/1181 1151/1305/1180 1154/1308/1183 1153/1307/1182
f 1155/1309/1184 1156/1310/1185 1153/1307/1182 1154/1308/1183
f 1156/1310/1185 1131/1283/1160 1130/1282/1159 1153/1307/1182
f 1131/1283/1160 1156/1310/1185 1157/1311/1186 1134/1286/1163
f 1156/1310/1185 1155/1309/1184 1158/1312/1187 1157/1311/1186
f 1159/1313/1188 1160/1314/1189 1157/1311/1186 1158/1312/1187
f 1160/1314/1189 1135/1287/1164 1134/1286/1163 1157/1311/1186
f 1135/1287/1164 1160/1314/1189 1161/1315/1190 1138/1290/1167
f 1160/1314/1189 1159/1313/1188 1162/1316/1191 1161/1315/1190
f 1163/1317/1192 1164/1318/1193 1161/1315/1190 1162/1316/1191
f 1164/1318/1193 1139/1291/1168 1138/1290/1167 1161/1315/1190
f 1139/1291/1168 1164/1318/1193 1165/1319/1194 1142/1294/1171
f 1164/1318/1193 1163/1317/1192 1166/1320/1195 1165/1319/1194
f 1145/1321/1174 1143/1322/1172 1165/1319/1194 1166/1320/1195
f 1143/1322/1172 1121/1295/1150 1142/1294/1171 1165/1319/1194
f 1145/1299/1174 1167/1323/1196 1168/1324/1197 1146/1300/1175
f 1167/1323/1196 1169/1325/1198 1170/1326/1199 1168/1324/1197
f 1171/1327/1200 1172/1328/1201 1168/1324/1197 1170/1326/1199
f 1172/1328/1201 1147/1301/1176 1146/1300/1175 1168/1324/1197
f 1147/1301/1176 1172/1328/1201 1173/1329/1202 1150/1304/1179
f 1172/1328/1201 1171/1327/1200 1174/1330/1203 1173/1329/1202
f 1175/1331/1204 1176/1332/1205 1173/1329/1202 1174/1330/1203
f 1176/1332/1205 1151/1305/1180 1150/1304/1179 1173/1329/1202
f 1151/1305/1180 1176/1332/1205 1177/1333/1206 1154/1308/1183
f 1176/1332/1205 1175/1331/1204 1178/1334/1207 1177/1333/1206
f 1179/1335/1208 1180/1336/1209 1177/1333/1206 1178/1334/1207
f 1180/1336/1209 1155/1309/1184 1154/1308/1183 1177/1333/1206
f 1155/1309/1184 1180/1336/1209 1181/1337/1210 1158/1312/1187
f 1180/1336/1209 1179/1335/1208 1182/1338/1211 1181/1337/1210
f 1183/1339/1212 1184/1340/1213 1181/1337/1210 1182/1338/1211
f 1184/1340/1213 1159/1313/1188 1158/1312/1187 1181/1337/1210
f 1159/1313/1188 1184/1340/1213 1185/1341/1214 1162/1316/1191
f 1184/1340/1213 1183/1339/1212 1186/1342/1215 1185/1341/1214
f 1187/1343/1216 1188/1344/1217 1185/1341/1214 1186/1342/1215
f 1188/1344/1217 1163/1317/1192 1162/1316/1191 1185/1341/1214
f 1163/1317/1192 1188/1344/1217 1189/1345/1218 1166/1320/1195
f 1188/1344/1217 1187/1343/1216 1190/1346/1219 1189/1345/1218
f 1169/1347/1198 1167/1348/1196 1189/1345/1218 1190/1346/1219
f 1167/1348/1196 1145/1321/1174 1166/1320/1195 1189/1345/1218
f 1169/1325/1198 1191/1349/1220 1192/1350/1221 1170/1326/1199
f 1191/1349/1220 1193/1351/1222 1194/1352/1223 1192/1350/1221
f 1195/1353/1224 1196/1354/1225 1192/1350/1221 1194/1352/1223
f 1196/1354/1225 1171/1327/1200 1170/1326/1199 1192/1350/1221
f 1171/1327/1200 1196/1354/1225 1197/1355/1226 1174/1330/1203
f 1196/1354/1225 1195/1353/1224 1198/1356/1227 1197/1355/1226
f 1199/1357/1228 1200/1358/1229 1197/1355/1226 1198/1356/1227
f 1200/1358/1229 1175/1331/1204 1174/1330/1203 1197/1355/1226
f 1175/1331/1204 1200/1358/1229 1201/1359/1230 1178/1334/1207
f 1200/1358/1229 1199/1357/1228 1202/1360/1231 1201/1359/1230
f 1203/1361/1232 1204/1362/1233 1201/1359/1230 1202/1360/1231
f 1204/1362/1233 1179/1335/1208 1178/1334/1207 1201/1359/1230
f 1179/1335/1208 1204/1362/1233 1205/1363/1234 1182/1338/1211
f 1204/1362/1233 1203/1361/1232 1206/1364/1235 1205/1363/1234
f 1207/1365/1236 1208/1366/1237 1205/1363/1234 1206/1364/1235
f 1208/1366/1237 1183/1339/1212 1182/1338/1211 1205/1363/1234
f 1183/1339/1212 1208/1366/1237 1209/1367/1238 1186/1342/1215
f 1208/1366/1237 1207/1365/1236 1210/1368/1239 1209/1367/1238
f 1211/1369/1240 1212/1370/1241 1209/1367/1238 1210/1368/1239
f 1212/1370/1241 1187/1343/1216 1186/1342/1215 1209/1367/1238
f 1187/1343/1216 1212/1370/1241 1213/1371/1242 1190/1346/1219
f 1212/1370/1241 1211/1369/1240 1214/1372/1243 1213/1371/1242
f 1193/1373/1222 1191/1374/1220 1213/1371/1242 1214/1372/1243
f 1191/1374/1220 1169/1347/1198 1190/1346/1219 1213/1371/1242
f 1193/1351/1222 1215/1375/1244 1216/1376/1245 1194/1352/1223
f 1215/1375/1244 1217/1377/1246 1218/1378/1247 1216/1376/1245
f 1219/1379/1248 1220/1380/1249 1216/1376/1245 1218/1378/1247
f 1220/1380/1249 1195/1353/1224 1194/1352/1223 1216/1376/1245
f 1195/1353/1224 1220/1380/1249 1221/1381/1250 1198/1356/1227
f 1220/1380/1249 1219/1379/1248 1222/1382/1251 1221/1381/1250
f 1223/1383/1252 1224/1384/1253 1221/1381/1250 1222/1382/1251
f 1224/1384/1253 1199/1357/1228 1198/1356/1227 1221/1381/1250
f 1199/1357/1228 1224/1384/1253 1225/1385/1254 1202/1360/1231
f 1224/1384/1253 1223/1383/1252 1226/1386/1255 1225/1385/1254
f 1227/1387/1256 1228/1388/1257 1225/1385/1254 1226/1386/1255
f 1228/1388/1257 1203/1361/1232 1202/1360/1231 1225/1385/1254
f 1203/1361/1232 1228/1388/1257 1229/1389/1258 1206/1364/1235
f 1228/1388/1257 1227/1387/1256 1230/1390/1259 1229/1389/1258
f 1231/1391/1260 1232/1392/1261 1229/1389/1258 1230/1390/1259
f 1232/1392/1261 1207/1365/1236 1206/1364/1235 1229/1389/1258
f 1207/1365/1236 1232/1392/1261 1233/1393/1262 1210/1368/1239
f 1232/1392/1261 1231/1391/1260 1234/1394/1263 1233/1393/1262
f 1235/1395/1264 1236/1396/1265 1233/1393/1262 1234/1394/1263
f 1236/1396/1265 1211/1369/1240 1210/1368/1239 1233/1393/1262
f 1211/1369/1240 1236/1396/1265 1237/1397/1266 1214/1372/1243
f 1236/1396/1265 1235/1395/1264 1238/1398/1267 1237/1397/1266
f 1217/1399/1246 1215/1400/1244 1237/1397/1266 1238/1398/1267
f 1215/1400/1244 1193/1373/1222 1214/1372/1243 1237/1397/1266
f 1217/1377/1246 1239/1401/1268 1240/1402/1269 1218/1378/1247
f 1239/1401/1268 1241/1403/1270 1242/1404/1271 1240/1402/1269
f 1243/1405/1272 1244/1406/1273 1240/1402/1269 1242/1404/1271
f 1244/1406/1273 1219/1379/1248 1218/1378/1247 1240/1402/1269
f 1219/1379/1248 1244/1406/1273 1245/1407/1274 1222/1382/1251
f 1244/1406/1273 1243/1405/1272 1246/1408/1275 1245/1407/1274
f 1247/1409/1276 1248/1410/1277 1245/1407/1274 1246/1408/1275
f 1248/1410/1277 1223/1383/1252 1222/1382/1251 1245/1407/1274
f 1223/1383/1252 1248/1410/1277 1249/1411/1278 1226/1386/1255
f 1248/1410/1277 1247/1409/1276 1250/1412/1279 1249/1411/1278
f 1251/1413/1280 1252/1414/1281 1249/1411/1278 1250/1412/1279
f 1252/1414/1281 1227/1387/1256 1226/1386/1255 1249/1411/1278
f 1227/1387/1256 1252/1414/1281 1253/1415/1282 1230/1390/1259
f 1252/1414/1281 1251/1413/1280 1254/1416/1283 1253/1415/1282
f 1255/1417/1284 1256/1418/1285 1253/1415/1282 1254/1416/1283
f 1256/1418/1285 1231/1391/1260 1230/1390/1259 1253/1415/1282
f 1231/1391/1260 1256/1418/1285 1257/1419/1286 1234/1394/1263
f 1256/1418/1285 1255/1417/1284 1258/1420/1287 1257/1419/1286
f 1259/1421/1288 1260/1422/1289 1257/1419/1286 1258/1420/1287
f 1260/1422/1289 1235/1395/1264 1234/1394/1263 1257/1419/1286
f 1235/1395/1264 1260/1422/1289 1261/1423/1290 1238/1398/1267
f 1260/1422/1289 1259/1421/1288 1262/1424/1291 1261/1423/1290
f 1241/1425/1270 1239/1426/1268 1261/1423/1290 1262/1424/1291
f 1239/1426/1268 1217/1399/1246 1238/1398/1267 1261/1423/1290
