####
#
# OBJ File Generated by Meshlab
#
####
# Object griffin-reduced.obj
#
# Vertices: 3002
# Faces: 6000
#
####
v 11.256707 14.007917 -2.810741
v 1.334936 0.661110 2.757974
v 2.318577 0.160670 2.481652
v 2.315319 0.866563 4.135097
v 3.022441 0.250589 4.295551
v 2.539142 -1.146180 3.714778
v 8.061105 0.516171 -3.635664
v 4.942141 2.354423 1.695487
v 11.025622 12.317553 -2.366123
v 8.927274 10.057703 -1.940541
v 4.625593 -0.210025 0.784271
v 4.092219 -1.433713 0.447623
v 8.750365 7.093055 -1.826884
v 12.136719 11.787019 -4.169158
v 11.304120 8.317784 -4.742387
v 11.857629 7.947951 -4.811979
v 12.273951 9.831203 -4.793486
v 10.722322 6.721420 -4.987778
v 11.575244 5.960485 -5.133739
v 10.406927 4.548230 -4.787122
v 8.953439 3.040323 -4.433379
v 11.754149 10.107299 -3.356529
v 8.696453 1.386596 -3.711133
v 9.359674 0.951040 -5.058728
v 3.599800 -0.695634 0.179175
v 2.865418 -0.192040 1.821649
v 5.486194 0.275747 -0.945467
v 7.823832 2.367298 -3.441437
v 0.752620 4.151386 4.620337
v -0.000322 6.634015 6.948229
v -0.004936 3.022239 5.114511
v -0.000408 0.453894 9.236392
v 1.640435 8.091323 4.446773
v 2.342440 7.830057 4.356022
v 2.634355 9.331400 4.309909
v 1.308988 2.586603 5.749342
v 1.618655 1.448345 6.293911
v 1.579994 -3.780258 3.366627
v 0.000634 -4.431667 3.161700
v 1.697045 -3.065363 7.265996
v -0.000328 -3.240636 7.793975
v 0.000111 -0.136511 -3.899292
v 1.256178 -0.463368 -3.232450
v 0.777810 -1.289563 -6.139760
v 2.178986 -10.311601 -5.659633
v 0.875212 -5.016927 -6.248423
v 1.257271 -9.523692 -5.818527
v 1.596927 -9.358908 -4.783618
v 1.838275 -10.494070 4.908828
v 1.505028 -5.163168 3.278485
v 2.467135 -10.434346 6.255301
v 2.895669 -9.798785 6.190123
v 1.627256 -9.527987 3.476845
v -0.346570 -2.932508 -21.726341
v -0.219178 5.272048 6.817177
v 1.720145 7.089252 6.024221
v -11.256698 14.007915 -2.810730
v -2.318189 0.158884 2.482653
v -1.342453 0.675421 2.749014
v -2.277420 0.958001 3.817863
v -3.014680 0.249605 4.302449
v -2.539142 -1.146180 3.714781
v -8.061128 0.516180 -3.635684
v -4.945340 2.361907 1.693136
v -11.025620 12.317555 -2.366120
v -8.927276 10.057700 -1.940540
v -4.625598 -0.209830 0.784332
v -4.092218 -1.433716 0.447634
v -8.750341 7.093034 -1.826869
v -12.136740 11.786989 -4.169168
v -11.857629 7.947951 -4.811978
v -11.304132 8.317781 -4.742404
v -12.273912 9.831234 -4.793447
v -10.722321 6.721423 -4.987778
v -11.575242 5.960484 -5.133743
v -10.406919 4.548223 -4.787116
v -8.953442 3.040326 -4.433379
v -11.754144 10.107299 -3.356532
v -8.696476 1.386598 -3.711162
v -9.359686 0.951042 -5.058737
v -3.599800 -0.695635 0.179175
v -2.865406 -0.192020 1.821658
v -5.486197 0.275748 -0.945467
v -7.823860 2.367298 -3.441465
v -0.962936 4.304021 4.641219
v -1.437082 2.770319 7.036070
v -1.640445 8.091319 4.446768
v -2.342472 7.830105 4.356006
v -2.634334 9.331319 4.309919
v -2.919327 -3.575808 5.127943
v -1.579993 -3.780256 3.366628
v -1.703828 -3.075728 7.298132
v -1.256093 -0.463242 -3.232337
v -0.752678 -1.264746 -6.117228
v -2.178987 -10.311598 -5.659624
v -0.875205 -5.016898 -6.248411
v -1.257271 -9.523678 -5.818547
v -1.596929 -9.358878 -4.783618
v -1.588131 -9.580030 4.895869
v -2.467121 -10.434355 6.255284
v -2.895671 -9.798788 6.190130
v -1.627202 -9.528001 3.476785
v -1.726381 6.985013 5.995907
v 2.031870 0.503147 5.016808
v 2.337498 0.448284 4.690559
v 4.870841 -0.366688 -1.671943
v 5.250038 -0.721248 -1.800888
v 7.332627 0.122253 -3.417782
v 5.211400 2.961450 1.562244
v 4.482445 5.437999 1.052981
v 8.509964 7.419747 -1.137382
v 12.476693 11.333399 -3.771747
v 11.004503 2.471460 -6.855699
v 10.994509 3.037090 -6.307959
v 10.862421 6.676945 -4.273317
v 14.223500 12.696109 -5.117066
v 14.041630 12.217622 -5.319812
v 13.096363 12.016406 -4.470347
v 9.533616 0.766714 -5.370846
v 4.854382 -2.751820 -2.205180
v 2.916457 -1.005173 2.048031
v 6.653188 2.512976 -1.466938
v 5.303129 -0.233368 -0.934985
v 13.558492 8.493083 -6.741991
v 11.495714 11.085793 -2.714198
v 5.560939 1.050602 -0.252738
v 4.701494 0.512527 -1.086547
v 4.260400 0.346971 -0.550936
v 8.149969 4.795584 -3.289035
v 10.761992 8.382042 -4.219829
v 0.168867 8.132044 4.470017
v 0.339235 4.729993 4.219461
v 1.485419 -0.152592 8.634298
v 1.849928 -0.780946 7.938271
v 1.251273 1.435431 5.577055
v 0.001143 -0.445376 9.044932
v 2.259489 7.089678 4.909296
v 2.534123 8.283235 4.427324
v 1.318921 3.545251 5.464033
v 1.899127 0.915267 6.594962
v -0.000144 1.450955 9.205094
v 1.589320 -1.912076 7.958075
v 0.007737 -2.381976 8.517132
v 0.847358 -3.215571 7.742467
v 0.857501 -2.215207 8.275782
v 1.981269 -2.544198 1.075474
v 0.780144 -0.189931 -3.200367
v 1.279194 -0.769307 -4.763685
v 1.269291 -2.258715 -6.240990
v 1.279972 -4.297674 -3.603049
v 1.960368 -4.209713 -3.398251
v 1.624387 -6.471234 -7.062908
v 1.750115 -8.877563 -7.191390
v 1.206409 -10.570938 -5.934752
v 2.773032 -9.302468 -5.170494
v 1.431042 8.383098 7.298879
v 2.488081 -3.175181 6.955091
v -0.127329 -4.293659 6.671412
v 0.070207 -2.318062 -6.540150
v 0.980101 -9.855866 7.841987
v 0.803210 0.999976 4.203483
v 0.536850 0.922065 3.739196
v 0.145023 -3.192706 -1.437560
v 0.206602 -2.279094 -10.965154
v 0.281862 -2.255459 -8.138104
v 0.267461 -1.426966 -18.015507
v 0.537518 -3.076345 -22.254667
v 0.699127 -0.366433 -22.359474
v 0.556495 -2.577475 -25.513193
v 0.486635 -1.556284 -25.123283
v 0.511817 -2.159562 -26.422781
v 1.938912 -9.847931 8.285995
v 2.011463 -10.020171 2.999643
v 3.139183 -9.709196 -4.538063
v 2.079303 -10.115409 -3.589593
v 1.094765 -10.593038 -4.580886
v 0.508223 7.720077 8.481419
v 2.811425 -4.036341 4.529082
v 0.995548 -7.260410 -7.010774
v 1.050008 -5.292337 5.091168
v 2.094049 -6.966120 2.414374
v 1.779510 -6.295337 2.787777
v 0.185692 6.050414 3.788618
v 1.979366 0.277520 5.531799
v 1.278214 -5.472363 3.261454
v 12.341272 9.642289 -4.113218
v 5.882217 4.959772 1.215300
v 5.530530 7.038334 0.615172
v 6.311027 7.894987 0.026915
v 6.538085 1.815200 -1.485691
v 9.535535 9.011691 -2.861330
v 9.452516 10.974082 -2.147369
v 10.271210 11.858256 -1.691078
v 10.559407 7.091410 -3.665151
v 10.050063 8.808740 -3.521512
v 6.305365 4.996216 -1.761295
v -4.870841 -0.366673 -1.671940
v -5.250042 -0.721256 -1.800884
v -2.578192 -0.941733 4.911922
v -7.332643 0.122245 -3.417794
v -5.211591 2.962735 1.562422
v -4.482450 5.438015 1.052980
v -8.509963 7.419751 -1.137382
v -12.476696 11.333410 -3.771751
v -11.004557 2.471497 -6.855745
v -10.994282 3.037043 -6.307646
v -10.862391 6.676922 -4.273297
v -14.041633 12.217697 -5.319812
v -14.223537 12.696114 -5.116997
v -13.096392 12.016487 -4.470388
v -9.533739 0.766828 -5.370974
v -4.854391 -2.751785 -2.205085
v -2.916470 -1.005145 2.048011
v -6.653179 2.512979 -1.466920
v -5.303141 -0.233366 -0.935005
v -13.558572 8.493200 -6.742019
v -4.568865 1.299922 2.369744
v -11.495709 11.085797 -2.714200
v -5.560939 1.050672 -0.252704
v -4.701485 0.512520 -1.086543
v -4.260400 0.346958 -0.550936
v -8.149957 4.795591 -3.289022
v -10.761966 8.382051 -4.219800
v -1.861111 -0.746565 7.941101
v -1.478410 -0.145556 8.615618
v -1.258224 1.497411 5.608900
v -2.259509 7.089689 4.909284
v -2.534130 8.283315 4.427310
v -1.199875 7.306341 4.421856
v -1.306622 3.573600 5.449670
v -1.860082 1.061832 6.649989
v -2.210462 -0.142810 5.987104
v -2.225897 -1.275512 7.217781
v -0.843027 -3.217664 7.739376
v -1.981293 -2.543741 1.074936
v -0.489929 -0.238642 -3.798155
v -1.269274 -2.258714 -6.241004
v -1.279981 -4.297671 -3.603033
v -1.960365 -4.209703 -3.398250
v -1.624379 -6.471233 -7.062924
v -1.750112 -8.877567 -7.191393
v -1.206399 -10.570931 -5.934756
v -2.773028 -9.302471 -5.170514
v -2.495527 -4.237890 6.135535
v -1.879318 -5.271155 3.131841
v -0.980119 -9.855891 7.842016
v -2.048697 -9.424780 6.144851
v -2.837436 -2.148988 4.462830
v -0.469338 -2.079973 -7.834119
v -0.409724 -1.632371 -16.887703
v -0.261698 -2.224929 -19.807047
v -0.569614 -2.298261 -21.031290
v -0.814379 -2.939877 -22.445650
v -1.361033 -1.833203 -21.805748
v -0.347387 -1.643826 -25.723783
v -0.540433 -1.160395 -24.828108
v -1.938924 -9.847917 8.286023
v -3.139177 -9.709169 -4.538109
v -2.079306 -10.115403 -3.589582
v -1.094749 -10.593035 -4.580891
v -0.536402 7.361834 8.678776
v -2.933561 -5.242677 4.010773
v -0.995548 -7.260409 -7.010774
v -2.836772 -6.416727 4.787091
v -1.545302 -4.982080 5.836089
v -1.058027 -5.306874 5.059978
v -3.276548 -7.290550 3.150213
v -2.118076 -6.279603 2.800736
v -0.393265 6.119557 3.807480
v -12.341263 9.642295 -4.113205
v -5.882218 4.959774 1.215300
v -5.530480 7.038281 0.615214
v -6.311030 7.894986 0.026919
v -6.538084 1.815207 -1.485684
v -9.535541 9.011698 -2.861331
v -9.452533 10.974119 -2.147374
v -10.271249 11.858347 -1.691111
v -10.559402 7.091418 -3.665142
v -10.050049 8.808701 -3.521514
v -6.305362 4.996216 -1.761298
v 11.188909 14.633067 -2.998531
v 1.849740 0.876567 3.755778
v 1.903088 0.358892 2.877228
v 1.858123 0.694661 3.158397
v 1.380997 0.991868 3.278442
v 1.412206 1.007373 4.183680
v 2.652261 0.026710 4.829813
v 2.381145 -0.201376 5.518072
v 3.008752 0.835713 4.013256
v 5.035468 -1.140419 -2.062036
v 5.315000 -0.553467 -1.988254
v 5.550377 -0.709396 -1.643672
v 5.522136 -0.868427 -1.873450
v 2.880881 -0.831181 4.056089
v 3.115857 -0.462533 4.100664
v 3.420507 -0.397499 3.403346
v 3.383925 0.206877 3.986455
v 2.796429 -0.535021 4.688448
v 4.511178 3.312127 2.832668
v 5.036047 4.095294 2.746125
v 4.915310 4.323001 2.818348
v 4.406272 3.775733 2.790493
v 3.805763 2.508568 2.706982
v 3.695737 3.107644 2.101210
v 4.445268 4.705516 2.524091
v 4.041609 3.706167 2.427103
v 4.009594 4.049483 1.665456
v 6.733579 0.425206 -2.995440
v 7.619659 0.049854 -3.496420
v 7.005133 0.061972 -3.024052
v 4.834229 2.328057 2.180771
v 5.464813 3.922521 1.576170
v 5.117800 3.120086 1.935033
v 4.967691 3.524865 2.576169
v 5.238157 4.309137 2.562529
v 4.732999 3.016334 2.654711
v 5.098320 5.312866 2.658409
v 5.422966 5.209359 2.605308
v 5.906555 6.046471 2.074464
v 5.715758 6.474801 2.088294
v 5.514713 6.053761 2.377128
v 5.157230 6.103296 2.325636
v 4.799716 5.091922 2.668949
v 4.669771 5.461039 2.329149
v 4.275702 4.790204 2.096074
v 5.002784 6.319932 1.796242
v 4.627111 5.792576 1.651763
v 4.220787 4.671107 1.677536
v 12.309800 5.655435 -7.127474
v 12.099423 4.694442 -6.763507
v 11.944287 4.892611 -6.959585
v 6.573530 6.341670 0.953174
v 6.147871 6.008787 1.665693
v 6.265204 5.767536 1.137071
v 7.166417 6.680874 0.167577
v 7.012070 6.764181 0.564086
v 6.474480 6.857803 1.467096
v 10.423917 13.411636 -1.769585
v 10.302978 14.697180 -2.299309
v 10.237250 14.021141 -1.945894
v 10.416636 14.019932 -2.620347
v 10.470903 12.338366 -2.960281
v 10.755608 13.868690 -2.955534
v 10.811486 11.486443 -3.387851
v 11.192709 13.341608 -2.553008
v 10.673207 13.014228 -2.008894
v 10.857618 14.616011 -2.331410
v 10.529811 13.107515 -1.804036
v 14.603610 10.193406 -6.712383
v 14.277710 10.048751 -6.695385
v 14.550519 9.679786 -6.850198
v 14.049945 9.333776 -6.835440
v 7.906821 9.658128 -0.586562
v 7.302454 9.079515 -0.423101
v 8.731088 10.729362 -1.178758
v 7.980408 9.747159 -0.853124
v 8.822180 10.555940 -1.556304
v 7.586295 9.322420 -0.843246
v 8.393661 10.023103 -1.347815
v 7.988997 9.048014 -0.106508
v 9.363636 10.801475 -0.950294
v 8.938657 10.670030 -0.835384
v 7.804860 9.398680 -0.317445
v 7.396462 8.897998 0.007648
v 8.235741 8.068027 -0.658333
v 9.082670 9.202744 -1.105912
v 8.019188 8.630067 -0.097978
v 3.080220 -2.931904 1.972649
v 3.030058 -2.915118 2.291824
v 4.247755 -0.962122 0.524596
v 4.557405 -0.551194 0.307065
v 12.680559 14.945159 -3.899493
v 12.759483 14.292664 -4.154344
v 11.848466 14.699934 -3.740971
v 12.337198 14.900982 -3.966223
v 3.562917 2.114491 1.104000
v 4.105774 3.842387 0.982582
v 3.813930 3.306306 1.271523
v 4.159955 3.135868 0.487880
v 3.839339 2.287428 0.758064
v 8.671312 7.505460 -1.426793
v 9.262594 8.323482 -1.689543
v 9.185913 7.840396 -1.874275
v 9.828284 9.666120 -1.675359
v 9.315824 8.869063 -1.578205
v 8.227042 7.387346 -0.808778
v 8.572059 8.185697 -1.033787
v 12.371629 11.534985 -4.223226
v 12.679572 12.121574 -3.847941
v 12.545312 11.568173 -4.099154
v 9.422997 7.318827 -2.348637
v 8.801369 5.744698 -2.443737
v 8.946273 6.596371 -2.280097
v 12.178787 8.805959 -5.018678
v 12.500778 8.799777 -5.005620
v 8.090843 4.114468 -2.294346
v 7.441743 3.289245 -1.727083
v 7.417676 3.973246 -1.562916
v 7.770257 3.241719 -2.248540
v 11.444184 3.117288 -7.083636
v 11.613875 2.871931 -6.971586
v 11.087799 2.237199 -6.639387
v 11.688178 8.254072 -5.239815
v 12.294645 8.034541 -5.900918
v 11.535907 6.008848 -5.702905
v 12.400889 6.786683 -6.179857
v 12.086168 7.009161 -6.054532
v 13.320019 7.706200 -6.147349
v 12.593140 6.727600 -5.992483
v 12.251692 6.538238 -5.528260
v 11.729172 5.909906 -5.520614
v 12.604678 7.654822 -5.405200
v 11.403430 6.126956 -4.869212
v 13.286872 8.205359 -5.808562
v 12.523322 8.302947 -5.224236
v 11.860078 8.229592 -4.942674
v 12.415979 8.756730 -5.338053
v 12.552149 8.892580 -5.634168
v 11.708303 8.437669 -5.003591
v 10.330282 3.310083 -5.229261
v 9.562877 3.173426 -4.721477
v 10.086036 3.744427 -5.404019
v 10.958305 3.810130 -6.014643
v 10.973032 3.569071 -5.649647
v 10.181982 3.147230 -4.656290
v 10.346953 3.792264 -4.722472
v 11.019831 3.643740 -5.559237
v 11.047663 3.872996 -5.458150
v 11.398904 4.815484 -5.744999
v 10.426441 5.056067 -5.264010
v 10.876025 4.981359 -5.323617
v 11.162652 5.342639 -6.231625
v 10.192097 4.927391 -5.346944
v 10.411664 4.453484 -5.675520
v 9.221904 3.416593 -4.592691
v 9.467514 2.776919 -4.219020
v 9.998793 1.962291 -5.742613
v 10.361072 1.892033 -6.017115
v 10.330598 1.763773 -5.710716
v 11.155829 2.597048 -6.244016
v 10.143295 1.755726 -5.187101
v 10.728768 1.979048 -5.945034
v 11.324011 2.921056 -6.484892
v 10.345912 2.579987 -6.138100
v 10.010873 2.806758 -5.555201
v 10.386028 2.960933 -5.834855
v 12.069577 10.257709 -3.750761
v 12.479283 10.517220 -4.013917
v 12.613886 11.317502 -4.091570
v 11.911751 7.966652 -4.464595
v 12.516491 8.691717 -4.775516
v 11.581540 7.495325 -4.589528
v 11.381594 6.623771 -4.680152
v 10.740826 6.829467 -3.939816
v 11.005466 5.294585 -4.885729
v 10.543762 4.888121 -4.852928
v 10.532345 5.061797 -4.460453
v 9.482159 2.913195 -3.869725
v 9.071205 2.625021 -3.738118
v 8.464711 2.482753 -3.171505
v 8.000661 1.444811 -3.009588
v 7.600254 1.721504 -2.562853
v 8.793590 1.770865 -3.620406
v 7.940370 1.189221 -3.317129
v 7.515188 1.020675 -2.919752
v 11.707050 13.819660 -3.178203
v 11.219851 13.913941 -3.233404
v 12.336717 14.947414 -3.614345
v 10.974328 13.296780 -3.345633
v 11.890157 14.236174 -3.906533
v 11.545561 12.357930 -3.838820
v 12.723948 13.036278 -4.216731
v 12.436497 14.081404 -4.161594
v 12.953037 14.333141 -3.979312
v 12.892746 12.955415 -3.939571
v 12.910855 13.230543 -4.141035
v 12.649410 12.925341 -3.620412
v 12.857977 14.060519 -3.785613
v 12.628291 14.692468 -3.600872
v 12.117887 13.316493 -3.143774
v 14.290542 12.197420 -5.296713
v 14.320133 12.564713 -4.991523
v 14.355246 12.149543 -5.115869
v 14.145108 11.326278 -5.170094
v 13.331876 11.819254 -4.954829
v 13.179337 10.497725 -5.178668
v 12.866713 9.767164 -5.173327
v 12.892397 9.478152 -5.161657
v 13.504987 10.308048 -5.273692
v 13.204305 9.675510 -4.994870
v 13.044725 9.483093 -5.097667
v 13.045979 9.696667 -4.696630
v 13.667448 10.884763 -4.797872
v 13.774646 10.697594 -5.018988
v 14.173635 12.197744 -4.821469
v 12.869293 11.009737 -4.217522
v 13.358341 10.893524 -4.540513
v 13.399810 12.002917 -4.463841
v 13.901699 12.661279 -4.896435
v 14.043184 12.566167 -4.778430
v 13.965585 12.585211 -5.153770
v 13.021626 11.957513 -4.598571
v 10.939878 6.003799 -5.385657
v 11.061387 5.363748 -5.203885
v 10.285139 5.234299 -5.116970
v 10.694980 15.179849 -2.704826
v 11.041931 15.237072 -2.636134
v 1.894419 -0.097338 2.896369
v 1.625489 0.494966 2.851451
v 2.121378 -0.160471 2.774873
v 2.212740 -0.773085 3.299873
v 9.191405 0.564644 -5.496691
v 8.989847 1.119616 -5.134223
v 9.583920 0.910063 -5.716025
v 9.444745 0.564061 -5.498919
v 7.092916 -1.305427 -4.187140
v 7.307380 -1.257598 -4.029267
v 6.820276 -1.462757 -3.747420
v 4.899571 -2.606150 -2.518780
v 4.302922 -1.955322 -1.129604
v 4.049688 -0.766449 -0.332214
v 4.375621 -1.832679 -0.703234
v 4.858643 -1.489149 -1.017834
v 4.510537 -1.319910 -0.172676
v 4.585468 -1.838273 -0.740750
v 5.196337 -2.568942 -2.321100
v 5.184428 -1.027187 -1.478043
v 5.178917 -1.640007 -1.644850
v 5.210652 -2.186356 -2.470799
v 5.271492 -0.805169 -1.680064
v 5.301883 -1.854115 -2.154838
v 4.381841 -1.336314 -1.186710
v 4.779453 -1.319982 -1.909882
v 4.579524 -2.444516 -2.057260
v 5.779918 -1.121605 -2.594060
v 5.741297 -0.932488 -2.664936
v 6.878095 -1.402307 -3.518056
v 6.073081 -0.940613 -2.418603
v 6.086358 -1.263438 -2.769964
v 7.067427 -0.905095 -3.450654
v 6.630833 0.119718 -2.499341
v 6.951988 -0.404004 -3.186157
v 7.163711 -0.507702 -3.698652
v 7.080708 -0.945893 -4.103415
v 6.658171 0.052821 -3.244954
v 6.359634 -1.236649 -3.523548
v 6.309252 -0.529222 -3.229209
v 8.212985 1.549751 -3.953630
v 8.418154 1.720922 -4.076637
v 8.455079 1.380445 -3.890768
v 8.136075 0.372019 -4.472530
v 8.105992 0.129424 -4.211162
v 7.734699 0.287211 -3.937194
v 8.617853 0.413221 -5.055015
v 8.400102 0.197758 -4.217417
v 8.828279 0.660076 -4.420921
v 8.785692 1.251887 -4.622222
v 8.918006 0.795192 -5.299664
v 8.160222 1.428457 -4.189490
v 7.828163 1.276363 -3.964374
v 3.516083 1.173716 3.537523
v 3.188603 1.330843 3.454136
v 3.517008 1.577284 3.196658
v 3.876837 1.365961 3.219898
v 2.775659 1.285312 3.316888
v 4.098902 0.206083 2.435130
v 3.783326 0.195439 3.490802
v 3.691959 -0.141658 3.017757
v 4.116864 0.719889 3.036390
v 4.467617 1.401581 2.642238
v 3.890932 0.811205 3.390232
v 2.316131 1.089084 3.163617
v 2.636279 1.212657 2.299566
v 2.259177 0.780004 2.610348
v 3.709676 -0.496507 0.115722
v 4.031682 -0.961560 -0.025963
v 3.853141 -0.297931 0.016267
v 4.179515 -1.119808 0.126190
v 3.984422 -0.949809 0.140714
v 3.632589 -3.047927 0.010111
v 3.796012 -3.155370 -0.438196
v 4.092788 -3.383076 -0.461887
v 3.927567 -3.579484 -0.542706
v 3.537397 -2.197905 0.358608
v 3.531143 -2.196718 0.856292
v 3.346733 -0.510338 1.169110
v 3.473440 -1.454377 0.968308
v 3.739024 -3.122872 0.271734
v 3.719107 -1.797040 1.500239
v 3.595256 -2.375640 0.974484
v 3.825795 -1.759369 1.269081
v 3.789363 -2.642781 0.743470
v 3.996059 -1.425696 0.028963
v 4.074849 -2.047921 0.065933
v 4.015211 -2.807345 -0.491712
v 3.741221 -1.371847 -0.129166
v 3.428519 -0.633914 0.734006
v 3.190976 -0.860367 1.757310
v 3.138817 -0.460220 1.460340
v 3.448617 -1.044273 1.442168
v 3.424014 -0.736125 1.767538
v 3.566296 -1.346270 1.740752
v 2.493164 -0.688248 2.557686
v 2.840602 -2.397795 2.316626
v 2.707746 -2.017404 2.751847
v 2.738442 -1.595959 3.251742
v 2.561512 -1.326684 3.037524
v 3.190469 -1.510100 2.901935
v 3.008526 -1.341856 3.240710
v 2.955651 -1.791956 3.072950
v 3.353630 -1.854007 2.272013
v 3.275079 -2.941320 2.069000
v 3.523284 -1.353917 2.364833
v 3.167939 -2.611843 1.795291
v 3.371298 -1.863178 1.930083
v 2.701611 -0.178080 1.964836
v 7.377783 0.154648 -3.067282
v 7.279987 1.290592 -2.543859
v 4.447508 -0.326205 1.362004
v 4.092047 -0.271879 2.372965
v 7.148475 2.500917 -2.014072
v 7.504462 2.722704 -2.139940
v 6.714961 2.745567 -1.359295
v 3.908140 -1.215673 1.720123
v 4.136847 -0.865516 1.770757
v 4.983708 -0.475385 -0.730574
v 4.756507 -0.165774 0.060691
v 5.171776 0.009341 -0.484791
v 4.810783 1.054954 1.391050
v 5.088035 1.903044 1.018899
v 4.828660 1.680386 1.625782
v 4.538285 0.672335 1.417136
v 4.559434 0.952154 1.772833
v 4.998154 1.260618 1.090583
v 4.686464 0.392995 0.894965
v 5.341199 1.615610 0.650920
v 5.114298 1.078772 0.672354
v 7.134840 5.825561 -0.114564
v 7.254230 5.405067 -0.722925
v 7.351501 6.454492 -0.196994
v 6.360041 5.195567 0.496811
v 6.807175 5.934253 0.478489
v 6.844245 5.263465 -0.065621
v 9.363296 1.510389 -4.368226
v 9.651940 1.876198 -4.523445
v 10.264795 2.372906 -5.127394
v 9.840642 2.677977 -4.717304
v 9.482582 2.275660 -4.281537
v 10.038711 2.882059 -5.140052
v 10.573353 2.793222 -5.546005
v 9.310299 2.994275 -4.513659
v 9.005519 2.325064 -4.655934
v 9.126940 1.531511 -4.607853
v 9.137735 1.413477 -4.340838
v 11.172793 4.220130 -6.356097
v 11.540429 4.173752 -6.450654
v 11.690243 4.211147 -6.299461
v 11.789770 5.337840 -6.971387
v 11.210022 5.383899 -6.052249
v 11.843431 5.817955 -6.901309
v 11.858010 5.606717 -6.513805
v 11.784444 4.519342 -6.225208
v 12.311431 5.404108 -6.892834
v 13.017914 7.949234 -6.540743
v 13.118964 7.625359 -6.512667
v 14.167135 8.872159 -6.534796
v 13.853615 8.459609 -6.761016
v 13.410284 7.744267 -6.415990
v 13.952743 10.060031 -6.304873
v 13.408442 9.187491 -6.405734
v 13.516312 9.119603 -5.734825
v 14.006648 10.034289 -6.162171
v 13.201564 9.162544 -5.589491
v 14.352778 10.054220 -6.243442
v 14.575123 9.865785 -6.566444
v 14.192667 9.484636 -6.206459
v 5.802255 2.763169 0.031474
v 5.682775 3.085609 0.318011
v 5.226983 2.861711 1.187662
v 5.535295 3.592391 1.060677
v 5.347945 2.667681 0.870736
v 5.639060 1.891334 0.073209
v 5.533858 2.435065 0.533167
v 4.507464 2.217331 2.703276
v 4.640873 1.383941 2.165406
v 4.145195 2.271115 2.890848
v 3.434844 1.912134 2.885164
v 2.993834 1.708529 2.423722
v 3.153739 1.834708 1.929672
v 3.483916 2.483712 2.224040
v 11.785793 11.624448 -2.898995
v 11.632688 10.595061 -3.008850
v 12.096558 11.171797 -3.307151
v 12.368378 12.931758 -3.313174
v 12.441520 11.740438 -3.535991
v 11.272320 12.859904 -2.730623
v 11.226735 11.664066 -2.516009
v 11.660900 12.394986 -2.822607
v 5.848440 0.102902 -1.699872
v 6.919398 0.237509 -2.553473
v 6.627834 0.915339 -1.979723
v 5.850597 0.501675 -1.315339
v 3.244724 -1.052242 3.361379
v 3.679920 -1.159441 2.182869
v 3.493889 -1.177598 2.858001
v 3.837890 -0.702017 2.703347
v 4.151557 -0.706540 1.134934
v 4.160532 -0.648537 1.409850
v 7.846658 5.037195 -1.473329
v 6.730352 4.738851 -0.522334
v 7.232700 4.604584 -1.033466
v 6.490272 2.716983 -1.014699
v 6.561163 3.459609 -0.687989
v 6.230734 2.735132 -0.464860
v 5.850924 1.568113 -0.383122
v 6.143354 2.336071 -0.564316
v 6.360291 1.777588 -0.941288
v 4.898097 0.198322 0.305531
v 5.248659 0.299038 -0.111475
v 11.722660 11.440227 -4.031090
v 10.881633 10.384118 -3.614747
v 5.896033 7.052816 -0.244317
v 6.476667 7.387810 -0.850983
v 7.113278 6.947297 -1.876453
v 6.382721 6.610026 -1.211787
v 6.453424 6.982239 -1.041018
v 5.624391 5.885705 -0.671333
v 4.524041 4.847228 0.561789
v 4.191545 4.317745 0.850342
v 4.755893 4.968363 0.112652
v 4.554299 4.107151 0.170948
v 2.644227 0.652112 2.044433
v 2.985676 0.342344 1.464936
v 2.990674 1.284935 1.683289
v 4.560056 1.277465 -0.724959
v 5.329817 1.884745 -1.392937
v 5.365574 2.898927 -1.095285
v 6.174848 1.821890 -2.069034
v 5.775590 1.852660 -1.693651
v 4.066975 0.964498 -0.233496
v 3.652797 1.491747 0.548404
v 4.194946 2.282844 0.122578
v 4.445018 2.043218 -0.326975
v 11.763607 10.875865 -4.185853
v 12.380084 11.252803 -4.459876
v 3.190443 0.185323 1.275708
v 3.622751 0.433928 0.211864
v 3.182192 1.138974 1.312302
v 3.417039 0.155803 0.412617
v 4.194826 -0.306646 -0.559859
v 5.157157 0.237357 -1.522512
v 5.107223 0.772469 -1.324158
v 6.156267 0.615255 -2.556857
v 6.377852 0.985643 -2.496036
v 7.309408 0.771149 -3.465472
v 11.349410 13.836999 -3.079789
v 9.956240 13.092014 -1.977927
v 9.986704 12.872448 -2.214614
v 10.611889 15.405781 -2.349192
v 7.593109 5.197773 -2.682971
v 7.982524 4.288973 -3.304126
v 7.451058 4.570672 -2.805498
v 8.278528 5.637542 -3.174469
v 6.588853 1.921735 -2.507730
v 6.918436 1.984731 -2.873650
v 7.257208 2.227219 -3.006083
v 6.783062 1.262061 -2.789737
v 5.602876 -0.280851 -2.300691
v 5.678956 1.288996 -1.863373
v 8.582809 3.018159 -4.149645
v 8.371017 3.307413 -3.812548
v 8.943110 4.071816 -4.338641
v 9.416016 5.247512 -4.338367
v 9.230610 4.600149 -4.526709
v 10.575242 7.568743 -4.539603
v 10.358991 7.934220 -4.065746
v 10.952765 7.729564 -4.842929
v 10.007848 7.662375 -3.882970
v 10.148973 7.053984 -4.427574
v -0.000005 8.746489 5.664679
v 0.519777 8.541452 5.034608
v 0.857249 8.274405 4.781084
v 0.102181 5.558272 8.851768
v 0.642965 5.691591 7.404457
v 0.109383 5.457899 7.642545
v 0.387343 -3.137028 -6.223059
v 0.779122 7.639287 4.273290
v 0.526079 7.036536 3.995990
v 1.289680 4.051794 6.304696
v 1.379033 3.805071 5.705844
v 1.141044 4.683682 4.749211
v 1.361458 4.444921 5.918795
v 1.417737 4.266423 5.596330
v -0.011179 5.001651 3.936329
v 0.002626 4.505289 7.522345
v 0.320133 4.840137 7.121305
v 0.000051 3.938973 7.932853
v 0.411175 4.053271 7.768588
v 0.909603 4.020719 7.452905
v 0.968678 4.413621 7.008207
v 0.180980 8.470746 8.540133
v 0.278536 7.287324 8.301497
v 1.317225 8.131932 5.194531
v 1.126005 7.282423 4.382692
v 0.578680 5.914679 6.753770
v 0.252853 6.802392 9.537210
v 0.122262 7.706887 9.765368
v 0.487763 6.950067 8.408422
v 0.063884 7.238019 7.943161
v 0.868575 6.916301 7.495857
v 1.069085 6.462609 6.918046
v 0.585001 6.523711 6.758249
v 0.646610 6.644095 7.504135
v 0.455871 6.935061 7.396007
v 0.292901 6.496907 6.964594
v 1.255222 5.439168 6.129610
v 1.577458 7.703696 6.202184
v 1.527159 7.849267 6.817661
v 0.794735 7.741014 7.712741
v 0.261235 8.712582 7.837753
v 0.730327 7.583912 6.915735
v 0.783375 3.858920 7.610198
v 1.234903 3.320578 7.462208
v 1.175990 3.884326 6.939044
v 0.985720 2.729834 8.092818
v 1.413128 2.789650 7.379024
v 0.442136 3.437888 5.089289
v -0.216794 3.711094 4.775685
v 0.001356 3.589763 8.284178
v 0.464244 3.596434 8.010024
v 0.000239 2.163475 9.048231
v 0.494328 1.965484 8.883340
v 0.884211 2.593668 8.410726
v 0.656162 3.263309 8.202503
v 0.916631 3.341138 7.987782
v 1.345798 0.392045 8.607643
v 1.720316 0.557378 7.963634
v 1.734306 -0.001574 8.362436
v 1.464331 -0.573377 8.531310
v 1.887082 -0.219644 7.916343
v 2.044832 0.286536 7.196140
v 2.045938 -0.015136 7.576241
v 1.723729 0.970667 7.288056
v 0.663698 1.128219 5.193169
v 0.358431 1.463753 5.345715
v 0.811559 0.128237 8.989481
v 0.430851 0.567861 9.031503
v 0.420259 0.074447 9.090075
v 0.000026 -1.271266 9.051517
v 0.755666 -0.615453 8.890734
v 0.351839 -0.808121 8.967521
v 1.187996 -1.140160 8.513654
v 1.189285 -0.873187 8.740073
v 1.043452 0.555163 8.964349
v 1.085615 0.007416 8.754783
v 1.018389 8.101202 8.127983
v 1.826929 8.178024 5.875828
v 1.974690 8.390086 5.395731
v 1.598876 8.176589 5.740065
v 1.477017 7.437524 4.633061
v 1.614677 6.975358 4.892043
v 1.174628 7.326629 7.228093
v 1.377417 6.374186 4.656778
v 2.038885 9.353514 4.908953
v 1.757899 8.897388 4.809857
v 2.135179 9.316413 4.408047
v 2.418781 8.740379 4.175570
v 2.579248 9.799715 4.134377
v 2.423941 7.580868 4.697133
v 0.479359 6.151205 3.822884
v 1.083773 6.309499 4.195980
v 1.195917 8.432932 5.904358
v 0.599963 8.706283 6.346365
v 2.218188 9.156924 4.916569
v 2.740204 10.773620 4.501230
v 2.526564 9.697778 4.511913
v 1.417000 3.416992 6.509410
v 1.370250 3.142213 6.768329
v 1.528527 2.902754 6.082089
v 1.933021 0.445265 6.906091
v 1.577684 0.854786 5.503200
v 1.832806 0.649739 6.419557
v 1.843741 0.606297 5.779458
v 1.808420 1.116909 6.946549
v 1.322508 1.491997 8.479371
v 1.239733 1.869583 8.166210
v 1.470316 0.869877 8.335924
v 1.711706 0.891243 8.003241
v 1.368861 2.148733 7.934518
v 1.694805 1.371473 7.522654
v 1.406986 2.215371 7.254703
v -0.001483 1.901838 8.976765
v 0.002437 1.005718 9.190662
v 0.285087 1.141663 9.194940
v 0.926708 1.247094 8.877629
v 0.956499 1.883830 8.640318
v 0.039619 2.039853 5.373794
v 0.148482 2.575743 5.337482
v 1.538671 1.921821 7.132223
v 1.493131 2.546898 7.065069
v 1.554113 1.624054 6.854958
v 1.574223 2.249706 6.638155
v 1.702685 1.737984 6.281239
v 1.429605 2.204772 6.019369
v 2.787189 -3.596052 5.799205
v 2.874431 -3.761485 5.168235
v 2.908159 -2.978570 5.791212
v 2.960340 -2.316391 5.475963
v 2.934930 -1.974970 6.074761
v 2.860012 -2.524487 6.220114
v 0.080901 -4.652266 4.307334
v 0.419056 -4.342710 3.207376
v 1.162403 -4.183791 3.949146
v 1.179083 -3.989203 3.335824
v 2.661503 -1.144175 5.980710
v 2.502497 -0.874489 5.859279
v 2.473175 -1.187475 4.497874
v 2.581457 -0.966857 4.869363
v 2.498499 -0.594224 5.757095
v 2.610304 -0.659104 5.125820
v 1.312699 3.844986 6.687655
v 2.397255 -0.704836 6.453683
v 2.390842 -1.185871 6.571126
v 2.142528 -0.225810 6.941647
v 2.206411 -0.324525 6.287244
v 1.541472 -1.425126 8.161520
v 1.769756 -1.191080 7.906836
v 1.557441 -2.299024 7.610931
v 1.809883 -1.621496 7.633672
v 1.886952 -1.974044 7.484062
v 2.203789 -1.025145 7.193943
v 2.166982 -1.282481 7.289392
v 2.090691 -0.667761 7.300817
v -0.005472 -1.805850 8.578747
v 0.876772 -1.750009 8.551939
v 0.423318 -1.481164 8.797500
v -0.000100 -2.955418 8.221521
v 0.422837 -3.263094 7.829416
v 0.842878 -2.730153 8.049419
v 0.427608 -2.277442 8.336546
v 1.192041 -3.110901 7.505826
v 1.263710 -2.067943 8.154908
v 1.302793 -2.584911 7.886838
v 0.844665 -1.255248 8.650228
v 1.536384 -3.523036 2.738982
v 1.862232 -3.303929 3.151425
v 1.862093 -3.123885 2.605700
v 2.041174 -2.702109 2.058650
v 1.766835 -2.862798 1.208240
v 2.213687 -2.186115 1.896236
v 2.236370 -1.770406 2.404068
v 2.049926 -2.869831 3.087552
v 2.180893 -2.439702 2.578742
v -0.000269 -4.223671 2.273844
v 0.855896 -4.081785 2.849317
v 0.000012 -3.879208 1.230337
v 0.466311 -4.119115 2.188936
v 1.010057 -3.740200 1.870056
v 1.239058 -3.818108 2.685649
v 2.155039 -1.035017 2.044472
v 2.210815 -1.930573 3.192930
v 2.176585 -1.146298 0.982283
v 2.119767 -0.937989 3.029612
v 1.416896 0.224678 1.879152
v 0.771290 0.706553 2.366120
v 0.730402 0.614620 1.305060
v 0.001242 0.933161 1.988181
v 0.509558 0.839511 1.688115
v -0.004898 0.972949 2.847739
v 0.380278 0.846938 2.638255
v 1.351687 -3.038077 0.670013
v 1.694379 -2.457503 0.195470
v 1.641428 -2.316810 -0.357941
v 1.434661 -2.590788 -0.468826
v 1.887578 -1.989139 0.077835
v -0.000141 -3.606407 0.403588
v 0.783467 -3.494218 0.869431
v 0.403790 -3.686265 0.878669
v -0.000074 -3.298353 -0.627396
v 0.500099 -3.256213 -0.232182
v 0.855393 -2.775631 -1.336624
v 1.212028 -2.770990 -0.063577
v 1.919158 -0.459782 0.909500
v 1.664549 -0.453783 -0.663223
v 1.325092 0.096170 -0.341742
v 1.560254 -0.008393 0.887853
v 0.287915 0.760521 0.422678
v 0.963289 0.477104 1.023517
v 0.805317 0.439010 -0.293527
v 0.001415 0.812429 -0.012217
v 0.297744 0.619815 -0.837849
v 0.001254 0.947726 1.030239
v 1.436004 -2.489776 -1.460242
v 1.293234 -2.618060 -1.287781
v 0.963603 -2.801635 -2.255992
v 1.346084 -2.762292 -2.029248
v 1.516368 -1.908868 -1.387591
v 0.329087 0.396430 -2.009759
v 0.879897 0.140878 -1.356437
v 1.106930 -0.260302 -2.442012
v 0.553088 0.140594 -2.421328
v 0.000838 0.407369 -2.332778
v 0.299976 -0.004973 -3.351250
v -0.000041 0.648106 -1.178919
v 1.444529 -0.431974 -1.497491
v 1.592551 -0.958478 -2.154490
v 1.365541 -0.542715 -2.709372
v 0.966363 -0.021750 -1.931464
v 0.782441 -3.172190 -2.893884
v 0.555008 -3.310032 -2.942247
v 0.467958 -3.974854 -4.633415
v 0.913781 -3.898540 -3.895445
v 0.749719 -3.693905 -3.874635
v 1.213074 -3.210006 -2.778870
v 0.953634 -3.115318 -2.848688
v 0.723635 -0.548386 -4.605810
v 1.002960 -0.453963 -4.033666
v 0.720093 -0.817807 -5.262930
v 0.367287 -0.304197 -4.095974
v 1.344410 -3.101806 -6.366607
v 1.865374 -2.830537 -6.024070
v 1.700535 -3.085849 -6.183028
v 1.026815 -4.227500 -6.409485
v 1.057927 -3.438439 -6.420282
v 1.541402 -3.138912 -2.652095
v 1.506609 -2.437327 -2.393166
v 1.471253 -2.935881 -2.398811
v 1.963399 -3.410656 -3.071126
v 1.913083 -2.699635 -2.942882
v 1.509592 -1.717348 -2.187219
v 1.977933 -1.681382 -3.369866
v 1.596727 -1.155437 -2.509856
v 1.834598 -1.115027 -3.589335
v 1.541890 -0.733965 -3.314861
v 1.621921 -0.807571 -4.157339
v 1.946151 -1.285950 -4.142070
v 1.961796 -1.896421 -4.787746
v 1.922528 -1.795811 -5.363753
v 1.665038 -1.090746 -4.895730
v 1.147471 -1.747177 -6.187789
v 1.423738 -1.224655 -5.594676
v 1.820964 -1.601410 -5.529759
v 1.978258 -2.427313 -5.690808
v 1.628756 -1.991878 -6.027734
v 0.691123 -2.430598 -6.381857
v 1.051858 -4.469580 -4.232765
v 0.609985 -4.177621 -5.099739
v 0.806841 -5.020569 -5.587428
v 1.067507 -5.170844 -4.924619
v 1.801856 -3.759848 -3.091340
v 1.418934 -3.760934 -3.115475
v 1.385647 -4.984170 -3.778471
v 1.702803 -4.751476 -3.493188
v 2.259536 -4.042838 -5.574206
v 2.133821 -3.493098 -5.763539
v 2.094298 -2.965399 -5.078677
v 2.090754 -2.808599 -5.484634
v 2.260850 -3.410425 -4.280567
v 2.164974 -3.643404 -5.129242
v 2.194340 -3.413147 -5.322726
v 2.222034 -3.927828 -5.195290
v 1.437845 -4.533096 -6.387365
v 1.157833 -5.264230 -6.502149
v 0.629859 -3.882885 -6.231391
v 1.431396 -7.125938 -6.138898
v 1.615379 -6.699432 -5.419794
v 1.579227 -6.664229 -7.890988
v 1.483500 -6.226860 -7.283293
v 1.218540 -6.361804 -7.314946
v 1.207453 -8.963373 -7.555899
v 1.273950 -7.931885 -6.561171
v 1.420922 -8.924551 -6.329672
v 1.793602 -7.529164 -6.493019
v 1.929475 -8.790875 -6.492660
v 1.579448 -7.898180 -7.632221
v 1.913081 -7.965025 -7.012546
v 1.482915 -8.852121 -7.639068
v 1.240183 -7.646359 -7.863310
v 0.979397 -9.575583 -6.978607
v 1.697591 -9.245948 -6.033850
v 1.638730 -9.956110 -7.215161
v 1.256348 -10.022259 -7.238716
v 1.345833 -8.977735 -7.682738
v 1.051082 -10.461950 -6.718549
v 1.594018 -10.407341 -6.993731
v 2.048872 -9.880362 -6.785066
v 2.285594 -10.354385 -6.415646
v 1.738090 -10.202212 -4.044260
v 0.844440 -10.051591 -3.580009
v 1.517732 -9.424292 -5.565269
v 1.900720 -9.368653 -5.586036
v 2.045300 -9.301751 -4.929019
v 2.091718 -10.086478 -5.165141
v 1.636788 -10.357129 -5.254279
v 1.864134 -10.428312 -5.292414
v 1.400575 -10.009603 -5.517997
v 1.505405 -9.944375 -4.997363
v 0.918058 -9.301867 -4.921662
v 1.210734 -9.445569 -4.928625
v 1.096114 -10.474014 -5.330714
v 0.781256 -10.306139 -6.149331
v 0.680875 -9.535367 -5.005169
v 0.885665 -9.527002 -6.187718
v 2.051660 -9.371161 -6.044140
v 2.348665 -9.766897 -6.259742
v 3.108859 -10.114666 -5.058737
v 2.987659 -9.465396 -5.133367
v 2.531959 -10.415563 -5.700055
v 2.076242 -9.945904 -5.573537
v 2.319555 -9.451666 -5.189521
v 0.249216 -4.380519 -5.175259
v 0.000038 -4.232747 -5.632724
v 0.202081 -4.090098 -4.513879
v 2.043759 -9.219596 -6.333480
v 1.893024 -6.922062 -6.135654
v 2.068630 -6.338140 -5.855531
v 2.331970 -3.935981 -4.457847
v 2.248109 -4.661643 -4.510213
v 2.239232 -4.307954 -4.820412
v 2.157180 -3.643320 -3.758309
v 2.228410 -4.104702 -3.894272
v 2.138942 -4.637765 -3.880853
v 1.113202 -8.918055 -6.651290
v 2.198176 -3.116037 7.168603
v 2.544954 -2.656161 6.981436
v 2.234041 -2.544156 7.122375
v 2.685008 -3.274313 6.379562
v 2.615182 -1.965902 6.690443
v 2.642897 -1.662632 6.405741
v 2.197989 -1.625387 6.897656
v 2.685837 -1.386452 5.999646
v 2.860380 -2.037174 5.027326
v 2.833822 -1.812967 4.869464
v 2.872917 -1.677843 5.331760
v 2.437183 -3.254978 3.748539
v 2.193821 -2.362394 3.566257
v 2.623618 -2.573358 4.076310
v 2.069105 -3.203988 3.472375
v 1.385176 -10.571122 5.807858
v 1.896150 -3.904937 3.518897
v 1.466409 -4.192719 3.717321
v 1.133290 -4.959931 3.784271
v 1.039436 -4.487425 4.610682
v 1.800835 -3.759456 6.905839
v 2.150968 -3.726629 6.954620
v 1.878670 -4.467375 6.481522
v 2.503594 -4.156636 6.183928
v 2.429827 -4.650090 5.987705
v 2.692166 -3.820605 6.143204
v 2.592819 -4.307560 5.698659
v 2.683120 -4.933702 5.421363
v 2.979261 -5.435726 4.599381
v 2.808375 -4.467656 4.984944
v 2.727797 -4.796782 5.085579
v 2.803043 -4.160421 4.846670
v 2.849258 -4.019280 5.421308
v 2.578728 -4.200277 3.908504
v 2.391420 -3.945674 3.696875
v 2.413579 -5.124724 3.245935
v 2.222787 -4.734013 3.392172
v 1.881780 -5.239921 3.142374
v 1.759269 -4.505331 3.464492
v 0.382065 -3.692900 7.461653
v 0.318348 -4.418841 6.432424
v 0.872990 -4.701022 5.894238
v 0.814216 -4.508850 6.483716
v 0.698218 -4.167278 6.975424
v 1.079780 -3.690057 7.222859
v 0.943910 -4.869034 5.252246
v 1.149454 -4.813497 5.959445
v 1.419976 -4.777071 6.049410
v 1.328894 -4.535044 6.358762
v 1.473116 -4.028337 6.813049
v 0.486829 -2.159113 -6.500421
v 0.682737 -1.808276 -6.524172
v 0.565251 -1.761266 -7.915987
v 0.561788 -1.485052 -6.744865
v 0.151258 -1.211928 -7.382951
v 0.072654 -0.844066 -5.679434
v 0.353629 -1.197118 -6.422622
v 1.274688 -6.780413 4.383776
v 1.347668 -6.274130 3.840634
v 1.197788 -6.019599 4.376707
v 2.415227 -6.439584 4.691209
v 2.300744 -7.068362 4.922392
v 1.030626 -10.343071 6.284612
v 2.541666 -9.679944 5.416482
v 1.933420 -10.503923 6.439490
v 1.778317 -9.773123 6.746060
v 2.417821 -10.205227 6.663857
v 2.182289 -10.325302 7.171012
v 2.489474 -9.773093 6.420971
v 3.039780 -10.190665 6.141490
v 3.736718 -10.276779 7.377120
v 3.147233 -10.371205 6.795014
v 2.941312 -10.293125 7.003817
v 2.705139 -10.512996 6.245022
v 1.522515 -9.845034 6.398719
v 1.608692 -10.394385 6.427252
v 1.399392 -9.266008 5.622961
v 2.048231 -8.890244 4.822568
v 1.578483 -9.631889 4.852530
v 2.294520 -9.745597 4.983859
v 1.716315 -9.631456 4.490348
v 1.555974 -10.068844 4.502839
v 2.058283 -10.401401 4.351182
v 1.710485 -10.364926 4.456531
v 2.278836 -10.269710 4.529815
v 2.118269 -9.623104 4.500072
v 0.792537 0.836482 3.028683
v 1.119531 1.067518 3.587426
v 0.156350 0.975138 3.529060
v -0.079999 0.880886 4.101454
v 0.484698 0.853438 4.231935
v 2.305354 -1.424611 3.801959
v 2.352290 -1.110005 3.716987
v 2.825713 -2.177692 4.466623
v 2.379660 -1.906804 3.932920
v 1.823456 -0.318872 1.928745
v 1.605154 0.257045 2.432375
v -0.100863 -4.122063 -4.488578
v 0.181465 -3.842768 -3.225095
v -0.189299 -3.786865 -2.142766
v 0.227220 -3.749579 -2.226170
v 0.398402 -3.161518 -0.753595
v -0.185557 -3.283747 -1.692312
v 0.428702 -3.086596 -1.707855
v 1.780951 0.833286 4.511741
v 0.509397 -1.544611 -7.799164
v 0.331042 -1.390437 -9.372229
v 0.330394 -1.336599 -8.090689
v 0.450128 -1.508434 -9.361374
v 0.305097 -1.390124 -10.827824
v 0.127050 -1.321365 -10.835956
v 0.001216 -1.245908 -9.392380
v 0.164708 -1.284793 -9.383941
v 0.114212 -1.247134 -8.164944
v 0.483912 -2.066381 -8.850721
v 0.524233 -2.012167 -7.816559
v 0.445603 -2.060516 -10.730306
v 0.516840 -1.832477 -10.269747
v 0.506872 -1.651495 -10.292898
v 0.146348 -2.300138 -7.763187
v 0.000823 -2.310069 -10.185862
v 0.145994 -2.309395 -9.250671
v 0.385173 -2.180334 -10.711196
v 0.390376 -2.169420 -8.897352
v 0.124585 -1.331787 -11.921257
v 0.338088 -1.453087 -11.908890
v 0.232605 -1.386587 -14.219034
v 0.326561 -1.469234 -14.819860
v 0.494830 -1.811748 -12.437709
v 0.496926 -1.946480 -11.846511
v 0.481768 -1.820051 -14.183146
v 0.439303 -2.006522 -13.276207
v 0.417704 -1.631689 -15.417899
v 0.463708 -1.683651 -13.608899
v -0.031408 -2.290297 -12.355963
v 0.243943 -2.249061 -14.132704
v 0.294874 -2.195688 -12.949247
v 0.348863 -2.183788 -14.142568
v 0.329688 -1.466665 -16.633125
v 0.383139 -1.540121 -18.777063
v 0.111905 -1.295949 -19.679310
v -0.001988 -1.344167 -17.763353
v 0.057313 -1.349908 -15.431984
v 0.236572 -1.387296 -16.635984
v 0.464111 -1.817618 -17.186237
v 0.443789 -1.947394 -16.002783
v 0.381379 -2.070405 -17.852314
v 0.458770 -1.721768 -19.675068
v 0.440514 -1.922950 -19.777809
v 0.028470 -2.254850 -17.173256
v 0.237793 -2.227305 -17.139500
v 0.122048 -2.273302 -15.666955
v 0.271779 -2.192543 -19.798115
v 0.342821 -2.140707 -18.827065
v 0.432643 -2.320044 -20.993101
v -0.161339 -2.505137 -21.190762
v 0.921760 -2.754064 -21.672663
v 0.309621 -2.221411 -20.557264
v 0.554201 -1.754875 -20.465288
v 0.666712 -2.026015 -21.014212
v 0.674074 -1.620732 -20.961624
v 0.330946 -1.411015 -20.121620
v 0.424335 -1.247255 -20.966867
v -0.088363 -1.049909 -20.956184
v 0.581252 -2.886307 -21.646254
v 0.484397 -2.991562 -23.292624
v 0.614085 -3.100492 -22.686308
v 0.990377 -2.984450 -22.182314
v 1.049007 -2.980678 -22.724960
v 1.387051 -2.425018 -22.113087
v 1.182648 -2.303252 -21.642063
v 1.392899 -2.560493 -22.611784
v 1.376270 -1.384448 -22.300047
v 1.167397 -1.085929 -21.957806
v 1.162368 -1.666219 -21.621714
v 0.901784 -0.786057 -21.808096
v -0.066185 -0.155947 -22.176037
v 0.274759 -0.448426 -21.854115
v 0.580825 -0.574028 -21.712009
v 0.227790 -2.600605 -24.446108
v 0.281599 -2.712751 -23.911068
v 0.922226 -2.650284 -23.593008
v 1.475703 -1.864053 -22.968147
v 1.330077 -2.251698 -23.429325
v 1.289949 -1.672677 -23.580223
v 1.174778 -1.283028 -23.395927
v 1.190745 -0.876422 -22.449005
v 1.343403 -1.236070 -22.834944
v 0.566856 -0.315728 -22.910995
v 0.577000 -0.889605 -24.063725
v 0.762718 -0.500254 -23.245728
v -0.010097 -0.067720 -22.961910
v 0.247319 -0.249750 -22.519850
v 0.035930 -2.745137 -25.620857
v 0.406644 -2.605129 -26.102310
v 0.699430 -2.408690 -24.439501
v 0.965651 -1.941076 -24.429600
v 0.679483 -2.249100 -25.488989
v 0.893038 -1.667912 -24.523308
v 0.176011 -1.214729 -24.755213
v 0.197532 -1.661471 -25.765467
v -0.030558 -0.523591 -23.963871
v 0.093996 -1.305976 -27.665230
v 0.305618 -2.379451 -26.654104
v 0.278288 -1.752294 -26.359943
v -0.001909 5.764779 8.632541
v 0.134198 5.641359 7.609824
v 0.396272 -4.001352 -5.775952
v 2.056369 -9.464499 6.226396
v 1.861500 -8.850284 5.768985
v 1.352179 -9.424292 5.176061
v 1.323847 -9.643996 6.106234
v 3.135299 -10.017748 7.813366
v 3.559256 -9.639013 7.375331
v 3.475002 -10.652057 7.443728
v 3.073167 -10.463014 7.577724
v 3.631902 -10.092443 8.088724
v 1.819359 -10.359167 8.095697
v 2.428155 -9.676795 8.181440
v 2.448593 -10.525476 8.195243
v 2.263090 -10.171286 8.823804
v 1.217271 -10.182158 7.859003
v 0.588105 -10.509312 7.491362
v 0.664680 -9.834832 7.495376
v 2.203587 -9.636168 3.391622
v 1.409342 -9.864918 3.446328
v 1.453441 -10.389565 3.469923
v 2.069557 -10.542607 3.390944
v 2.304353 -10.136214 3.532015
v 1.939456 -9.771562 2.549448
v 1.639531 -9.870494 2.680855
v 1.515048 -8.307257 5.326179
v 1.422528 -8.421427 4.707234
v 1.365858 -7.969516 4.729110
v 1.637444 -9.184332 4.830283
v 1.837416 7.383653 5.269517
v 1.913100 7.669352 5.882705
v 1.914702 6.977417 5.680746
v 1.583639 7.809834 5.548585
v 1.922204 8.047996 5.712812
v 1.943310 8.474035 4.893571
v 1.932226 7.950609 4.879197
v 1.680794 6.656493 5.531509
v 1.950539 -2.126549 -2.980506
v 2.143776 -2.594098 -3.725444
v 2.189036 -2.740773 -4.212570
v 2.108046 -2.403631 -4.469683
v 2.021682 -3.774092 -5.984086
v 2.278374 -5.039514 -5.119143
v 2.149662 -5.803696 -5.738197
v 1.901557 -4.592243 -6.132172
v 2.181457 -5.587282 -5.215385
v 2.027530 -5.449434 -4.224224
v 1.977045 -6.416593 -5.103701
v 1.633595 -5.556702 -3.909256
v 1.833329 -5.488242 -3.881410
v 1.327102 -5.541118 -4.355584
v 2.780500 -9.541435 -4.593820
v 3.083045 -10.143929 -4.669431
v 2.969415 -10.541105 -5.078885
v 2.458412 -10.518927 -4.963692
v 2.412615 -10.008351 -4.669510
v 3.127379 -10.084702 -4.022580
v 3.180686 -10.522822 -4.074732
v 2.673517 -10.154377 -4.550417
v 1.932910 -9.334048 -4.523449
v 2.155318 -10.427816 -4.468842
v 1.591673 -10.388262 -4.445459
v 1.588635 -9.792809 -4.276597
v 2.222167 -9.699734 -4.329862
v 2.064826 -10.228885 -3.971050
v 1.112726 -9.546875 -4.226818
v 1.315663 -10.050087 -4.746183
v 0.588877 -9.745380 -4.456662
v 1.048982 -10.134166 -4.196909
v 0.708122 -10.167427 -4.094514
v 0.563946 -10.314116 -4.569680
v 1.837855 -10.578109 -6.439417
v 1.356913 5.952722 6.163324
v 0.437256 6.074127 7.907743
v 1.456834 6.154648 6.149357
v 0.437041 6.033241 6.240862
v 0.418437 6.086664 8.452837
v 2.816241 -3.437963 4.075317
v 2.838492 -3.023131 4.454838
v 2.933774 -3.058043 4.925385
v 2.823833 -4.793285 3.905420
v 2.796648 -5.236314 3.775990
v 2.918677 -5.252326 4.014042
v 2.803898 -4.779835 4.331369
v 2.319957 -7.409100 4.288824
v 2.517057 -5.891627 3.928353
v 2.725420 -10.536112 5.690498
v 2.343823 -8.738980 5.101172
v 2.363965 -9.238572 5.732040
v 1.199925 -6.409405 -6.058261
v 0.980369 -5.637422 -6.079129
v 1.101220 -5.726094 -6.615088
v 1.693182 -5.406236 -6.547405
v 1.451781 -5.119299 -6.464469
v 2.055503 -5.540334 -6.205445
v 1.949506 -6.519811 -6.497146
v 1.808393 -7.058498 -7.389473
v 1.997731 -7.448705 -6.927644
v 1.130766 -6.932039 -6.614739
v 1.059497 -7.926328 -7.158988
v 1.244953 -6.570472 -6.995276
v 1.411023 -7.104487 -8.044666
v 1.120059 -6.682033 -7.851747
v 3.116515 -6.683815 4.323788
v 2.594537 -5.894625 4.425849
v 2.145907 -5.020653 5.931026
v 2.492924 -5.545798 5.461944
v 1.379229 -5.406650 5.193656
v 2.197956 -7.129746 2.572754
v 2.903535 -6.562558 3.189788
v 3.162127 -7.168084 3.510198
v 3.268374 -7.215229 3.150791
v 2.419410 -7.259387 4.619922
v 1.925170 -7.864204 4.298531
v 2.281471 -7.947293 5.204536
v 1.745089 -6.693046 5.054448
v 1.851564 -7.723073 5.365283
v 1.481019 -7.223898 4.954916
v 1.482269 -7.593341 4.261557
v 2.158471 -6.590413 3.723681
v 1.935820 -5.957145 5.082428
v 2.127751 -5.518651 5.400330
v 1.416848 -5.972116 4.841171
v 1.292616 -5.768291 3.808467
v 2.236912 -5.828157 3.476921
v 1.645473 -6.362111 3.613789
v 1.859206 -5.846420 3.354938
v 2.529706 -6.079225 3.367448
v 2.812166 -6.065190 4.319014
v 3.187834 -6.720488 3.900417
v 3.034042 -5.879870 4.231964
v 2.928501 -5.771405 3.895941
v 2.675455 -5.431354 3.418079
v 2.658365 -6.205638 3.460558
v 2.903974 -5.666779 4.627586
v 2.421733 -5.798062 4.898099
v 2.919204 -6.593461 4.703522
v 2.649132 -5.608457 5.255936
v 2.028510 -5.771632 2.955842
v 2.012461 -6.479466 2.995050
v 2.593082 -6.523650 2.907354
v 1.072451 -10.031577 6.049351
v 1.211154 -10.593085 7.460660
v 0.811732 -10.324140 6.888408
v 1.119796 -9.582781 7.164423
v 1.360329 -10.172653 7.197100
v 2.368272 -9.594863 7.110675
v 1.984401 -9.488614 7.501782
v 1.821691 -10.011746 7.392222
v 2.108055 -10.568227 7.860100
v 2.494464 -10.018002 7.627952
v 2.969043 -9.705822 7.265598
v 0.696850 0.879021 4.617997
v 0.137789 1.021389 4.693993
v 1.396314 0.813145 5.132123
v 0.925744 0.919478 4.966723
v 1.562427 1.249162 5.802302
v 1.211298 2.094519 5.797875
v 0.885316 1.938033 5.507134
v 0.528312 2.741911 5.324642
v 0.787468 3.540378 4.975472
v 1.236371 3.982164 5.026503
v 1.089704 2.915940 5.485806
v 1.040224 4.274660 4.766627
v 0.507101 3.817850 4.779180
v 0.876506 4.919839 4.299023
v 2.017182 -1.186255 -0.059881
v 2.179864 -1.784199 1.002852
v 2.047199 -0.858456 0.471140
v 1.799982 -1.254853 -0.756006
v 1.646424 -1.074279 -1.328318
v 0.748448 5.416375 4.081670
v 1.371658 4.993389 5.208550
v 1.324741 5.630364 4.731401
v 1.160901 5.183840 4.628526
v 1.444221 5.879725 5.530389
v 0.919836 5.380128 6.542230
v 1.195264 4.771675 6.420176
v 1.332298 4.901993 5.821414
v 2.203442 -0.065276 5.844361
v 2.004471 0.280095 6.170117
v 0.980450 -5.133101 4.408646
v 0.665636 -4.569825 5.525242
v 0.167887 -4.700592 4.974377
v 1.503329 -5.736366 3.311604
v 1.145708 -6.063168 3.298007
v 12.653194 9.546830 -4.436673
v 11.632328 8.639048 -3.915244
v 9.837098 4.350025 -4.244884
v 5.796062 5.345076 1.855086
v 5.685997 4.585567 1.692503
v 6.102241 5.420020 1.287658
v 5.581997 5.370508 2.425502
v 6.513793 4.840961 -0.043185
v 6.332673 4.422245 0.273211
v 6.556394 4.548972 -0.196125
v 5.803952 3.357283 0.514403
v 5.947676 4.553852 0.862973
v 6.314850 3.699372 0.006174
v 6.589466 3.928982 -0.398944
v 6.811341 4.276396 -0.796821
v 6.229556 3.426785 -0.194694
v 6.763175 2.981530 -1.092586
v 9.181167 5.263864 -3.232210
v 9.448965 5.789893 -3.117575
v 5.658070 6.901800 1.558964
v 6.393940 7.255388 1.259876
v 5.002614 6.019102 0.383489
v 4.980394 6.364201 1.214581
v 5.460792 6.933090 1.239890
v 5.420172 6.555757 0.175301
v 5.046700 5.396167 0.051945
v 5.198231 5.122580 -0.371894
v 5.275989 6.052411 -0.062080
v 7.202687 3.125327 -2.728903
v 7.067879 4.002795 -2.548556
v 7.549921 3.730426 -2.891901
v 6.151535 2.667767 -1.969227
v 6.345482 2.250284 -2.285408
v 6.698009 2.795043 -2.340667
v 6.457493 3.368468 -2.122038
v 8.567304 6.622222 -3.082357
v 9.114387 6.424617 -3.683022
v 9.235833 6.027885 -3.901899
v 9.917539 5.177622 -4.881019
v 9.744980 6.811875 -4.129971
v 10.012209 5.785797 -4.679391
v 6.247570 7.844553 0.764703
v 5.914700 7.567493 0.323262
v 6.639960 8.348715 -0.291739
v 6.605290 8.330212 0.197603
v 6.345109 7.628566 -0.312611
v 6.790174 8.005971 -0.731435
v 5.827534 7.198276 0.286833
v 7.084852 8.336246 0.371519
v 7.222000 8.001497 0.482146
v 6.649704 8.253726 0.490508
v 7.530315 7.232285 0.074343
v 7.477643 7.902568 0.342205
v 8.050998 8.512684 -0.166728
v 7.891534 7.803827 -0.279716
v 6.870849 7.161162 0.952735
v 7.558611 5.751164 -0.971963
v 7.446200 6.006563 -0.747610
v 8.081876 6.849504 -0.957375
v 8.206758 6.520265 -1.463444
v 8.555883 5.751326 -1.910658
v 8.356712 4.897752 -2.461371
v 8.511282 6.457128 -1.729245
v 7.608296 4.494095 -1.672404
v 6.982133 1.492032 -2.054521
v 8.403408 2.759494 -2.883468
v 8.519857 3.945420 -2.834861
v 8.484418 2.979527 -2.941298
v 8.902112 3.925565 -3.318971
v 6.115430 0.891384 -1.385451
v 5.778780 0.704018 -0.965980
v 6.489853 1.315416 -1.708716
v 6.051174 1.460341 -1.057992
v 5.760418 1.325320 -0.644691
v 9.016139 9.337687 -2.376845
v 8.569614 9.280429 -2.070765
v 9.450239 10.215079 -2.422279
v 8.977709 7.926635 -2.993225
v 9.118027 8.605059 -2.712847
v 8.496114 8.545120 -2.258435
v 9.305000 11.615205 -1.598013
v 10.100933 12.290302 -2.530379
v 9.571232 11.906933 -1.929632
v 9.341645 11.401440 -1.120363
v 9.991098 12.263736 -1.397339
v 9.459237 11.875311 -1.419229
v 9.913880 12.703029 -1.550991
v 9.058503 11.164180 -1.152448
v 10.384066 10.892755 -1.834607
v 9.640251 10.477221 -1.249897
v 9.836786 10.315934 -1.429996
v 10.134370 11.989631 -1.464020
v 9.366699 10.425122 -0.956347
v 10.740467 8.984418 -2.785974
v 10.289889 9.396880 -2.095674
v 10.333216 8.662671 -2.547807
v 10.993618 10.260221 -2.432763
v 11.268551 9.572335 -3.038099
v 10.568732 10.467786 -2.106886
v 10.868389 11.373622 -2.241412
v 10.180853 10.284778 -1.786451
v 10.906670 8.374308 -3.408925
v 11.409925 9.200898 -3.532684
v 10.083825 7.637429 -2.970813
v 10.537988 8.388119 -2.932545
v 10.481247 5.580321 -4.236691
v 9.989729 5.990847 -3.743973
v 9.421625 4.425768 -3.574341
v 9.565609 7.996147 -3.404626
v 9.660305 7.413769 -3.685510
v 10.013858 9.417544 -3.111986
v 9.683574 8.597061 -3.281482
v 8.133947 7.395629 -2.565158
v 7.835608 7.599453 -2.133086
v 8.564514 8.091607 -2.484210
v 7.769547 6.309003 -2.551597
v 6.694860 6.143722 -1.771057
v 6.692013 5.775890 -1.927223
v 7.358584 6.563148 -2.234920
v 6.992602 5.422358 -2.251491
v 7.784903 5.993932 -2.736081
v 6.885933 5.071373 -2.263740
v 5.468227 3.872860 -1.060857
v 5.759697 4.258617 -1.316093
v 5.813718 3.367518 -1.439856
v 5.640593 5.131270 -0.954336
v 5.314950 4.469308 -0.811023
v 6.105223 5.097270 -1.473833
v 5.902139 5.415907 -1.216827
v 6.436800 4.492684 -1.933594
v 5.007536 4.470416 -0.346829
v 4.595057 3.368270 -0.131854
v 4.702590 2.102774 -0.538853
v 8.447786 9.578642 -1.783633
v 8.063589 8.485559 -2.058227
v 7.273247 7.931553 -1.538228
v 7.445034 7.728768 -1.789639
v 7.758229 9.120564 -1.388921
v 10.940226 9.476887 -3.996296
v 11.905872 8.919313 -4.893329
v 10.296082 8.876870 -3.702563
v 10.442549 9.832520 -3.358193
v 9.945955 11.365197 -2.535511
v 10.135805 10.058901 -3.054570
v 9.863325 10.691575 -2.690495
v -11.188900 14.633060 -2.998536
v -1.880442 0.894591 3.816263
v -2.368736 1.107655 3.278326
v -1.374583 0.960943 4.457633
v -1.269171 1.069130 3.929764
v -1.690189 0.853722 3.355047
v -1.903070 0.357320 2.877703
v -2.022153 0.783465 3.057834
v -2.369074 -0.087582 5.407821
v -2.621549 0.103278 4.807878
v -2.320350 0.511621 4.642027
v -2.408149 0.802664 4.247972
v -2.937725 0.788589 4.099414
v -5.035465 -1.140284 -2.061979
v -5.550357 -0.709394 -1.643657
v -5.522171 -0.868449 -1.873488
v -5.314999 -0.553453 -1.988252
v -2.858019 -0.840549 4.076738
v -2.855834 -0.475180 4.604838
v -3.114147 -0.464185 4.102710
v -3.383867 0.206825 3.986571
v -3.419811 -0.398236 3.404100
v -4.511098 3.312657 2.832695
v -3.805985 2.509621 2.706796
v -4.406339 3.775956 2.790488
v -5.035827 4.094585 2.746246
v -4.915354 4.323284 2.818311
v -3.695753 3.107690 2.101175
v -4.041603 3.706157 2.427083
v -4.009595 4.049489 1.665458
v -4.445301 4.705558 2.524107
v -6.733574 0.425216 -2.995434
v -7.005135 0.061972 -3.024053
v -7.619693 0.049854 -3.496460
v -4.967374 3.525119 2.576672
v -4.733467 3.020334 2.655177
v -5.238254 4.309157 2.562394
v -5.465552 3.924776 1.576370
v -5.117798 3.120579 1.935150
v -5.098265 5.312779 2.658440
v -5.422982 5.209410 2.605295
v -5.157247 6.103329 2.325620
v -4.799720 5.091928 2.668942
v -5.514687 6.053741 2.377145
v -5.715766 6.474800 2.088281
v -5.906574 6.046421 2.074441
v -4.275690 4.790190 2.096070
v -4.669818 5.461129 2.329138
v -4.627110 5.792578 1.651753
v -4.220779 4.671089 1.677570
v -5.002772 6.319920 1.796239
v -12.099453 4.694469 -6.763530
v -11.944165 4.892552 -6.959530
v -12.309821 5.655339 -7.127492
v -6.265200 5.767572 1.137098
v -6.147879 6.008798 1.665685
v -6.573536 6.341713 0.953194
v -6.474523 6.857866 1.467045
v -7.166423 6.680884 0.167572
v -7.012075 6.764194 0.564084
v -10.423876 13.411500 -1.769545
v -10.302986 14.697206 -2.299310
v -10.237269 14.021172 -1.945902
v -10.470907 12.338406 -2.960282
v -10.416647 14.019981 -2.620353
v -10.811434 11.486322 -3.387821
v -10.755600 13.868671 -2.955531
v -10.673203 13.014237 -2.008885
v -11.192710 13.341581 -2.553010
v -10.529770 13.107397 -1.803983
v -10.857601 14.615839 -2.331362
v -14.603700 10.193361 -6.712519
v -14.277693 10.048673 -6.695426
v -14.050111 9.334044 -6.835455
v -14.550450 9.679719 -6.850207
v -7.906823 9.658132 -0.586570
v -7.302454 9.079515 -0.423087
v -7.586334 9.322456 -0.843275
v -8.822192 10.555952 -1.556314
v -8.393708 10.023141 -1.347849
v -8.731063 10.729328 -1.178733
v -7.980401 9.747156 -0.853116
v -7.989060 9.048125 -0.106559
v -7.396493 8.898026 0.007628
v -7.804869 9.398683 -0.317448
v -9.363580 10.801396 -0.950260
v -8.938662 10.670030 -0.835382
v -8.235745 8.068031 -0.658337
v -8.019161 8.630030 -0.097960
v -9.082657 9.202731 -1.105902
v -3.080196 -2.931925 1.972690
v -3.030166 -2.915330 2.291722
v -4.247757 -0.962117 0.524604
v -4.557415 -0.551221 0.307021
v -12.680611 14.945122 -3.899486
v -11.848533 14.699976 -3.740984
v -12.337236 14.901019 -3.966242
v -12.759485 14.292919 -4.154310
v -3.562914 2.114480 1.104005
v -3.839333 2.287437 0.758076
v -3.813928 3.306292 1.271528
v -4.159951 3.135866 0.487884
v -4.105772 3.842383 0.982588
v -8.671315 7.505465 -1.426793
v -8.227037 7.387344 -0.808771
v -8.572060 8.185709 -1.033785
v -9.828294 9.666119 -1.675365
v -9.262590 8.323476 -1.689543
v -9.315818 8.869056 -1.578204
v -9.185918 7.840414 -1.874270
v -12.371625 11.534974 -4.223228
v -12.679569 12.121532 -3.847936
v -12.545306 11.568158 -4.099148
v -9.423093 7.318924 -2.348685
v -8.946257 6.596350 -2.280093
v -8.801370 5.744706 -2.443732
v -12.178840 8.805981 -5.018696
v -12.500812 8.799809 -5.005625
v -8.090851 4.114483 -2.294353
v -7.770262 3.241723 -2.248543
v -7.441730 3.289240 -1.727069
v -7.417670 3.973244 -1.562910
v -11.444195 3.117307 -7.083650
v -11.613894 2.871941 -6.971553
v -11.087800 2.237223 -6.639391
v -11.688155 8.254069 -5.239796
v -12.294376 8.034364 -5.900749
v -11.535898 6.008838 -5.702900
v -12.252054 6.538599 -5.528491
v -11.729057 5.909813 -5.520563
v -13.319837 7.706000 -6.147265
v -12.400761 6.786561 -6.179809
v -12.593034 6.727467 -5.992391
v -12.086247 7.009205 -6.054585
v -12.604635 7.654782 -5.405176
v -11.403263 6.126794 -4.869117
v -12.523303 8.302940 -5.224224
v -13.287011 8.205465 -5.808664
v -11.860074 8.229590 -4.942677
v -11.708263 8.437651 -5.003576
v -12.416007 8.756750 -5.338064
v -12.552148 8.892579 -5.634177
v -10.330168 3.310031 -5.229136
v -9.562901 3.173432 -4.721498
v -10.181956 3.147226 -4.656260
v -10.973055 3.569086 -5.649647
v -10.086082 3.744448 -5.404058
v -10.958253 3.810047 -6.014562
v -10.346543 3.791937 -4.722076
v -11.047758 3.873081 -5.458235
v -11.398936 4.815558 -5.745043
v -11.019805 3.643717 -5.559200
v -10.426442 5.056073 -5.264014
v -10.876030 4.981351 -5.323614
v -10.192122 4.927387 -5.346962
v -11.162682 5.342655 -6.231644
v -10.411633 4.453464 -5.675489
v -9.467517 2.776916 -4.219022
v -9.221929 3.416601 -4.592714
v -10.361127 1.892039 -6.017128
v -9.998732 1.962264 -5.742538
v -10.330727 1.763838 -5.710890
v -11.155828 2.597067 -6.243998
v -10.728828 1.979079 -5.945122
v -10.143411 1.755774 -5.187226
v -11.323996 2.921015 -6.484844
v -10.010886 2.806762 -5.555209
v -10.386086 2.960939 -5.834914
v -10.345919 2.579965 -6.138114
v -12.069576 10.257707 -3.750760
v -12.479273 10.517225 -4.013906
v -12.613883 11.317484 -4.091563
v -11.911744 7.966653 -4.464585
v -12.516607 8.691882 -4.775543
v -11.581538 7.495327 -4.589528
v -11.381596 6.623781 -4.680151
v -10.740838 6.829469 -3.939824
v -11.005461 5.294581 -4.885729
v -10.543757 4.888119 -4.852923
v -10.532338 5.061789 -4.460452
v -9.482152 2.913192 -3.869714
v -9.071225 2.625028 -3.738138
v -8.464703 2.482757 -3.171496
v -8.793634 1.770847 -3.620456
v -8.000644 1.444806 -3.009577
v -7.600246 1.721505 -2.562845
v -7.940365 1.189222 -3.317124
v -7.515189 1.020677 -2.919748
v -11.219845 13.913927 -3.233401
v -11.706984 13.819525 -3.178148
v -10.974353 13.296813 -3.345651
v -12.336682 14.947389 -3.614338
v -11.890110 14.236173 -3.906498
v -11.545557 12.357941 -3.838816
v -12.724005 13.036501 -4.216715
v -12.892741 12.955412 -3.939589
v -12.910871 13.230636 -4.141035
v -12.953043 14.332967 -3.979264
v -12.436517 14.081385 -4.161605
v -12.649364 12.925155 -3.620383
v -12.117837 13.316411 -3.143743
v -12.628258 14.692430 -3.600898
v -12.857993 14.060303 -3.785619
v -14.290539 12.197268 -5.296661
v -14.145051 11.326166 -5.170115
v -14.320027 12.564625 -4.991475
v -14.355264 12.149530 -5.115918
v -13.179268 10.497680 -5.178643
v -13.330893 11.818344 -4.954410
v -12.892392 9.478142 -5.161648
v -12.866676 9.767144 -5.173320
v -13.204351 9.675591 -4.994906
v -13.044743 9.483106 -5.097667
v -13.504865 10.307854 -5.273679
v -13.046032 9.696699 -4.696664
v -12.869372 11.009799 -4.217561
v -13.358409 10.893662 -4.540524
v -13.667312 10.884540 -4.797842
v -14.173267 12.197368 -4.821280
v -13.774721 10.697736 -5.018998
v -13.399884 12.003058 -4.463894
v -13.021652 11.957538 -4.598583
v -13.901775 12.661288 -4.896401
v -13.965615 12.585311 -5.153567
v -14.043139 12.566136 -4.778429
v -10.939927 6.003842 -5.385677
v -10.285156 5.234329 -5.116974
v -11.061398 5.363763 -5.203896
v -11.041904 15.237104 -2.636084
v -10.694951 15.179901 -2.704785
v -2.152803 -0.632202 3.220213
v -1.897445 -0.099807 2.896294
v -2.376982 -1.006394 3.271761
v -2.120410 -0.158650 2.775182
v -1.624147 0.501138 2.851485
v -9.191389 0.564636 -5.496676
v -9.444696 0.564046 -5.498919
v -9.583926 0.910076 -5.716026
v -8.990149 1.119480 -5.134609
v -6.820274 -1.462744 -3.747501
v -7.307357 -1.257593 -4.029207
v -7.092924 -1.305447 -4.187132
v -4.899555 -2.606107 -2.518748
v -4.049689 -0.766444 -0.332219
v -4.302892 -1.955259 -1.129523
v -4.375638 -1.832718 -0.703303
v -4.858647 -1.489166 -1.017848
v -4.510534 -1.319899 -0.172666
v -5.184422 -1.027194 -1.478033
v -5.178918 -1.640013 -1.644853
v -5.196342 -2.569025 -2.321167
v -4.585453 -1.838211 -0.740691
v -5.210684 -2.186496 -2.470831
v -5.271490 -0.805174 -1.680069
v -5.301892 -1.854188 -2.154879
v -4.381835 -1.336247 -1.186676
v -4.779446 -1.319912 -1.909845
v -4.579524 -2.444535 -2.057239
v -5.779943 -1.121622 -2.594075
v -5.741348 -0.932519 -2.664994
v -6.073106 -0.940606 -2.418630
v -6.086355 -1.263445 -2.769977
v -6.878019 -1.402336 -3.517995
v -7.067420 -0.905097 -3.450650
v -6.630836 0.119714 -2.499344
v -6.951984 -0.404011 -3.186159
v -7.163656 -0.507548 -3.698518
v -6.658176 0.052803 -3.244969
v -7.080724 -0.945922 -4.103442
v -6.359680 -1.236669 -3.523599
v -6.309227 -0.529180 -3.229160
v -8.212981 1.549757 -3.953622
v -8.455084 1.380448 -3.890778
v -8.418127 1.720944 -4.076612
v -8.106005 0.129426 -4.211169
v -8.136015 0.372038 -4.472464
v -7.734722 0.287208 -3.937215
v -8.400235 0.197786 -4.217550
v -8.617846 0.413234 -5.055013
v -8.828349 0.660097 -4.421003
v -8.785532 1.251951 -4.622012
v -8.160209 1.428464 -4.189473
v -8.917952 0.795191 -5.299604
v -7.828197 1.276340 -3.964417
v -3.186898 1.329962 3.454612
v -3.459653 1.112049 3.600342
v -2.775694 1.285200 3.317238
v -3.516753 1.578932 3.195839
v -3.870967 1.369573 3.221807
v -3.783944 0.197688 3.490061
v -3.727086 -0.081467 2.998821
v -3.886294 0.811491 3.393916
v -4.448874 2.000711 2.736816
v -4.116860 0.723844 3.036854
v -4.120806 0.237798 2.377111
v -2.572100 1.211478 2.432514
v -2.259700 0.780598 2.610191
v -3.709673 -0.496505 0.115722
v -3.984427 -0.949816 0.140715
v -4.031704 -0.961616 -0.026002
v -4.179506 -1.119816 0.126205
v -3.853142 -0.297926 0.016270
v -3.632587 -3.047917 0.010125
v -3.796026 -3.155490 -0.438235
v -3.927558 -3.579493 -0.542673
v -4.092799 -3.383153 -0.461944
v -3.346735 -0.510344 1.169108
v -3.531140 -2.196737 0.856293
v -3.537381 -2.197693 0.358654
v -3.473444 -1.454389 0.968306
v -3.719115 -1.796994 1.500286
v -3.595261 -2.375690 0.974420
v -3.739000 -3.122764 0.271870
v -3.825807 -1.759346 1.269051
v -3.789377 -2.642943 0.743332
v -3.996056 -1.425734 0.028957
v -4.074851 -2.047894 0.065942
v -4.015193 -2.807150 -0.491676
v -3.428516 -0.633909 0.734020
v -3.741246 -1.372016 -0.129226
v -3.190992 -0.860444 1.757323
v -3.138816 -0.460206 1.460338
v -3.424018 -0.736149 1.767534
v -3.448616 -1.044272 1.442166
v -3.566297 -1.346301 1.740739
v -2.493190 -0.687994 2.557365
v -2.738589 -1.596766 3.251271
v -2.560618 -1.323833 3.036803
v -2.840622 -2.397713 2.316559
v -2.707776 -2.017561 2.751843
v -3.008527 -1.341855 3.240707
v -3.190587 -1.509913 2.901931
v -2.955585 -1.791059 3.073382
v -3.523285 -1.353920 2.364844
v -3.353636 -1.853920 2.272110
v -3.275108 -2.941340 2.068729
v -3.167926 -2.611926 1.795284
v -3.371315 -1.863051 1.930083
v -2.701489 -0.177721 1.964930
v -7.279985 1.290603 -2.543847
v -7.377790 0.154641 -3.067297
v -4.468704 -0.339223 1.284046
v -4.207851 -0.315980 1.988201
v -4.103573 -0.079548 2.395136
v -4.423857 0.512818 1.655093
v -7.148470 2.500914 -2.014072
v -6.714966 2.745572 -1.359298
v -7.504457 2.722706 -2.139936
v -4.136849 -0.865507 1.770765
v -3.908151 -1.215656 1.720126
v -4.756532 -0.165759 0.060642
v -5.171773 0.009332 -0.484793
v -4.983704 -0.475389 -0.730573
v -5.089374 1.901852 1.016061
v -4.809469 1.060317 1.396906
v -4.701653 1.335164 1.774665
v -5.341312 1.616611 0.651184
v -4.998115 1.261926 1.091624
v -5.114431 1.080753 0.673449
v -4.605351 0.573119 1.195954
v -7.254224 5.405062 -0.722917
v -7.134828 5.825536 -0.114560
v -6.844245 5.263463 -0.065620
v -6.360034 5.195560 0.496819
v -6.807201 5.934295 0.478474
v -7.351504 6.454499 -0.196993
v -9.651917 1.876206 -4.523418
v -9.363175 1.510359 -4.368098
v -9.840680 2.677990 -4.717356
v -9.482520 2.275692 -4.281458
v -10.264761 2.372872 -5.127367
v -9.310306 2.994272 -4.513660
v -10.038672 2.882058 -5.140006
v -10.573545 2.793256 -5.546226
v -9.005546 2.325116 -4.655955
v -9.127038 1.531526 -4.607965
v -9.137772 1.413483 -4.340879
v -11.172757 4.220095 -6.356066
v -11.690234 4.211133 -6.299409
v -11.540435 4.173740 -6.450663
v -11.789758 5.337846 -6.971368
v -11.209889 5.383832 -6.052103
v -11.843411 5.817952 -6.901294
v -11.857890 5.606613 -6.513633
v -11.784472 4.519442 -6.225241
v -12.311502 5.404243 -6.892936
v -13.118904 7.625292 -6.512635
v -13.017818 7.949144 -6.540699
v -13.410422 7.744416 -6.416040
v -14.167163 8.872275 -6.534769
v -13.853541 8.459512 -6.761021
v -13.953036 10.060274 -6.304980
v -13.408545 9.187601 -6.405778
v -14.006683 10.034345 -6.162202
v -13.516420 9.119689 -5.734888
v -13.201910 9.162802 -5.589663
v -14.352750 10.054248 -6.243446
v -14.192627 9.484557 -6.206438
v -14.575022 9.865594 -6.566390
v -5.802125 2.762966 0.031566
v -5.682837 3.085791 0.318043
v -5.639045 1.891504 0.073321
v -5.347740 2.668244 0.871397
v -5.533116 2.433062 0.534078
v -5.227269 2.862681 1.187823
v -5.535830 3.593743 1.060438
v -4.837224 2.343146 2.187396
v -4.143046 2.273838 2.890541
v -3.434240 1.912350 2.884245
v -2.993720 1.708374 2.423800
v -3.153759 1.834733 1.929655
v -3.483922 2.483728 2.223993
v -11.632690 10.595059 -3.008844
v -11.785810 11.624482 -2.899008
v -12.096576 11.171822 -3.307176
v -11.226735 11.664066 -2.516013
v -11.272325 12.859894 -2.730623
v -11.660884 12.394955 -2.822597
v -12.368393 12.931890 -3.313182
v -12.441477 11.740335 -3.535962
v -5.848433 0.102921 -1.699855
v -6.919405 0.237509 -2.553480
v -5.850604 0.501676 -1.315346
v -6.627839 0.915341 -1.979725
v -3.244703 -1.052224 3.361425
v -3.679925 -1.159428 2.182893
v -3.837885 -0.701998 2.703354
v -3.493895 -1.177602 2.857982
v -4.131379 -0.715410 1.220088
v -7.846652 5.037188 -1.473327
v -6.730349 4.738853 -0.522335
v -7.232694 4.604584 -1.033459
v -6.490274 2.716990 -1.014708
v -6.360305 1.777593 -0.941303
v -6.143351 2.336194 -0.564291
v -5.850969 1.568168 -0.383094
v -6.561174 3.459607 -0.688008
v -6.230747 2.735098 -0.464888
v -4.898139 0.198344 0.305574
v -5.248685 0.298944 -0.111678
v -11.722646 11.440238 -4.031082
v -10.881628 10.384111 -3.614745
v -6.476646 7.387791 -0.850969
v -5.895992 7.052790 -0.244268
v -5.624387 5.885717 -0.671321
v -6.382714 6.610008 -1.211791
v -7.113284 6.947300 -1.876458
v -6.453411 6.982239 -1.041007
v -4.524032 4.847215 0.561802
v -4.191542 4.317744 0.850345
v -4.554283 4.107135 0.170970
v -4.755893 4.968358 0.112647
v -2.643846 0.651872 2.044893
v -2.985640 0.342422 1.464993
v -2.990667 1.284933 1.683299
v -4.560055 1.277485 -0.724953
v -5.329819 1.884751 -1.392938
v -6.174847 1.821885 -2.069035
v -5.775588 1.852661 -1.693648
v -5.365567 2.898938 -1.095276
v -4.066973 0.964510 -0.233490
v -4.445018 2.043217 -0.326975
v -3.652802 1.491740 0.548392
v -4.194946 2.282856 0.122585
v -11.763616 10.875893 -4.185853
v -12.380055 11.252789 -4.459860
v -3.622750 0.433918 0.211863
v -3.182193 1.139000 1.312305
v -3.190439 0.185316 1.275715
v -3.417037 0.155822 0.412622
v -4.194829 -0.306632 -0.559860
v -5.157166 0.237345 -1.522528
v -5.107220 0.772478 -1.324151
v -6.156245 0.615262 -2.556834
v -7.309399 0.771171 -3.465463
v -6.377829 0.985647 -2.496020
v -11.349406 13.836993 -3.079788
v -9.956240 13.092011 -1.977932
v -9.986699 12.872424 -2.214613
v -10.611893 15.405874 -2.349225
v -7.982534 4.288976 -3.304139
v -7.593102 5.197776 -2.682964
v -7.451059 4.570670 -2.805499
v -8.278536 5.637542 -3.174476
v -6.588854 1.921736 -2.507728
v -6.783103 1.262032 -2.789787
v -6.918436 1.984727 -2.873649
v -7.257193 2.227244 -3.006062
v -5.678955 1.289004 -1.863370
v -5.602848 -0.280855 -2.300657
v -8.582792 3.018170 -4.149626
v -8.370995 3.307414 -3.812525
v -9.416001 5.247511 -4.338351
v -9.230611 4.600139 -4.526715
v -8.943174 4.071828 -4.338700
v -10.358994 7.934227 -4.065748
v -10.575252 7.568747 -4.539610
v -10.007846 7.662365 -3.882972
v -10.148969 7.053980 -4.427572
v -10.952765 7.729564 -4.842926
v -0.840572 8.272187 4.780399
v -0.907676 8.536057 5.454652
v -0.549159 5.603975 7.574864
v -0.410336 -3.158361 -6.230686
v 0.004928 6.406654 3.757539
v -0.502112 6.995384 3.980227
v -0.052420 7.532664 4.071223
v -0.235868 8.012803 4.369219
v -0.088095 8.543438 4.948493
v -0.018918 6.657960 9.966961
v -1.287196 4.052890 6.307014
v -1.423637 4.215132 5.640998
v -1.364006 4.443990 5.910212
v -1.221793 4.867499 4.899549
v -1.375140 3.804254 5.696151
v -0.258504 4.749300 4.198062
v 0.030784 4.199338 4.411008
v -0.473484 4.581951 7.287796
v -0.892243 4.115504 7.400902
v -0.746392 4.783514 6.952972
v -0.423946 3.971164 7.818380
v -0.360910 8.064532 8.729194
v -0.111972 7.891214 9.676898
v -0.383789 6.894131 9.152687
v -1.317215 8.131931 5.194530
v -0.386330 6.052543 7.991280
v -0.260557 5.706939 8.898118
v -0.014183 7.114548 9.298607
v -0.298519 7.268271 8.238108
v -0.856089 6.956779 7.525183
v -0.292860 6.497308 6.965036
v -0.526721 6.800800 7.132957
v -0.163518 7.133569 7.834188
v -0.713315 6.601307 7.494850
v -1.410256 5.632073 5.487431
v -1.593318 7.690840 6.199436
v -1.234149 7.358020 7.120866
v -0.776955 7.704546 7.762544
v -0.568470 7.491190 7.017736
v -1.512350 8.038406 7.271336
v -1.365847 7.721241 6.789223
v -1.231095 3.327433 7.462827
v -0.783948 3.860184 7.609083
v -1.222321 3.891177 6.895705
v -1.420543 3.447254 6.528088
v -1.352886 3.239902 6.822168
v -0.852703 2.791080 8.329599
v -1.413847 2.791049 7.375006
v -0.916800 3.182130 5.282784
v -0.436558 3.440807 5.087348
v -0.380708 3.337570 8.257163
v -0.652020 3.322447 8.171823
v -0.912962 3.348695 7.979782
v -1.720200 0.498316 8.004478
v -1.357192 0.383384 8.599085
v -1.738307 -0.004298 8.359452
v -1.725051 0.982770 7.314760
v -1.890094 -0.259644 7.907503
v -2.105941 0.083222 7.384259
v -1.463998 -0.573217 8.531438
v -0.783283 1.783216 5.474583
v -0.617724 1.139704 5.215668
v -0.431823 0.567477 9.033069
v -0.642953 -0.090141 9.049083
v -1.052890 0.560584 8.969838
v -0.954039 -0.315851 8.821261
v -1.100327 0.266525 8.769839
v -1.195552 -1.140450 8.504357
v -0.845653 -0.801751 8.847800
v -1.189729 -0.868701 8.743115
v -0.391049 -1.349718 8.805167
v -0.357091 -0.785789 8.969894
v -1.052388 8.182587 8.090560
v -1.282269 8.435444 7.376276
v -1.598887 8.176594 5.740066
v -1.974706 8.390134 5.395705
v -1.826908 8.178103 5.875773
v -1.454637 7.456985 4.644926
v -1.702359 7.293981 4.662304
v -1.583651 6.770144 5.004475
v -2.038861 9.353446 4.908992
v -2.135269 9.316592 4.408017
v -1.757895 8.897374 4.809872
v -2.418701 8.740256 4.175591
v -2.579271 9.799791 4.134387
v -2.423904 7.580850 4.697160
v -0.892915 6.588613 4.073437
v -0.802215 7.663195 4.313661
v -0.206203 8.767278 6.881765
v -0.417627 8.628833 8.081985
v -2.218188 9.156954 4.916582
v -2.740220 10.773668 4.501220
v -2.526571 9.697821 4.511909
v -1.533516 2.632028 6.448991
v -1.383746 2.959724 6.624580
v -2.082529 0.229401 6.608907
v -1.977637 0.475181 6.806449
v -1.988843 0.546242 7.268054
v -1.693655 0.999053 6.234931
v -1.600315 1.483279 6.219475
v -1.902558 0.671865 6.152928
v -0.214528 -1.108963 -27.707083
v -1.387841 2.179406 7.899359
v -1.320091 1.502909 8.477854
v -1.256948 1.822480 8.169962
v -1.402932 2.225537 7.262094
v -1.680605 1.396615 7.520594
v -1.451807 0.881683 8.364196
v -1.718669 0.936755 7.985382
v -0.471478 1.990064 8.872767
v -0.903156 1.422795 8.845020
v -0.948022 1.889621 8.662901
v -0.944692 1.027639 8.927786
v -0.322200 1.112114 9.199756
v -0.380311 2.473164 5.354301
v -0.078525 1.784894 5.424790
v -1.609856 2.210055 6.934735
v -1.648221 1.819332 6.294580
v -1.416130 2.259000 6.144428
v -1.593464 1.765635 6.839735
v -1.719142 1.254661 7.065728
v -2.694863 -3.322928 6.328576
v -2.853007 -2.701199 6.206617
v -2.953726 -2.009144 6.044378
v -2.966572 -2.256600 5.497596
v -2.758241 -2.255972 6.366196
v -2.929383 -2.383957 5.152581
v -2.848506 -3.553331 5.578340
v -2.944901 -3.185476 5.612690
v -0.317286 -4.573100 4.203918
v -1.161634 -4.184391 3.950327
v -1.178965 -3.989304 3.335903
v -2.422009 -0.928871 6.166034
v -2.545294 -0.859942 5.684988
v -2.497797 -0.589551 5.795472
v -2.590308 -0.572554 5.188066
v -2.444345 -1.216191 4.338776
v -2.631943 -1.211555 5.376966
v -1.231354 4.911368 6.239563
v -2.291055 -0.859646 6.673296
v -2.397819 -0.649834 6.434000
v -2.127489 -0.203041 6.978063
v -1.543183 -1.425031 8.162884
v -1.770398 -1.187051 7.908477
v -2.054617 -0.544441 7.348082
v -2.256764 -1.528725 6.828660
v -1.925536 -1.650495 7.448605
v -1.572297 -2.307839 7.630194
v -1.887273 -1.974533 7.485856
v -0.856002 -1.746151 8.591143
v -0.413577 -1.839670 8.626735
v -1.270937 -2.119380 8.174973
v -1.598187 -1.920280 7.930857
v -1.192514 -3.113571 7.509605
v -0.852112 -2.702229 8.016618
v -1.325628 -2.595411 7.896314
v -0.422914 -3.264128 7.827655
v -0.459969 -2.287194 8.327486
v -1.862551 -3.303630 3.151436
v -1.536500 -3.521188 2.734498
v -1.863067 -3.119034 2.595807
v -2.057511 -2.855888 3.074496
v -2.145145 -2.503067 2.591427
v -2.040605 -2.701849 2.055433
v -2.213999 -2.173100 1.851539
v -1.774949 -2.860950 1.224703
v -0.583316 -4.207608 2.817132
v -1.239044 -3.818141 2.685737
v -1.010118 -3.740243 1.870324
v -0.466475 -4.119128 2.189078
v -1.945195 -0.480455 2.368703
v -2.117021 -0.934563 1.875418
v -2.237384 -1.533492 1.939916
v -0.809885 0.823535 2.958288
v -1.411758 0.227837 1.875336
v -0.782584 0.702601 2.377728
v -0.340639 0.859921 2.624237
v -0.507091 0.840806 1.686780
v -0.730170 0.614716 1.304501
v -1.694375 -2.457494 0.195449
v -1.351665 -3.038081 0.669982
v -1.887580 -1.989125 0.077824
v -1.641432 -2.316812 -0.357919
v -1.434663 -2.590791 -0.468800
v -0.783461 -3.494223 0.869431
v -0.403743 -3.686227 0.878505
v -0.855639 -2.775492 -1.336731
v -0.500116 -3.256260 -0.232005
v -1.211980 -2.771004 -0.063627
v -0.442988 -3.134527 -0.717616
v -1.842132 -0.380574 0.519007
v -1.560263 -0.008404 0.887838
v -1.325088 0.096172 -0.341755
v -1.664553 -0.453780 -0.663204
v -0.286254 0.761711 0.428129
v -0.963290 0.477086 1.023419
v -0.296675 0.621142 -0.832415
v -0.805519 0.438802 -0.294127
v -1.436005 -2.489769 -1.460226
v -1.293252 -2.618066 -1.287801
v -1.516368 -1.908857 -1.387602
v -0.963836 -2.801563 -2.255805
v -1.346081 -2.762288 -2.029231
v -0.484764 -3.053948 -1.819936
v -0.635743 -2.935228 -2.106920
v -0.327306 0.398041 -2.007583
v -0.880045 0.140816 -1.356279
v -0.552941 0.141009 -2.420091
v -0.299774 -0.005214 -3.352052
v -1.212985 -0.265268 -2.022893
v -0.824322 -0.191824 -3.093615
v -1.658718 -0.864087 -1.354819
v -0.966291 -0.021769 -1.931807
v -1.365448 -0.542554 -2.709153
v -1.592568 -0.958464 -2.154182
v -0.782564 -3.172078 -2.893703
v -0.524956 -3.379718 -3.089353
v -1.213074 -3.210008 -2.778874
v -0.953662 -3.115268 -2.848614
v -0.913786 -3.898540 -3.895432
v -0.749821 -3.693989 -3.874677
v -0.416426 -3.760532 -4.015494
v -0.495067 -0.525621 -4.698483
v -0.857614 -0.407452 -4.037408
v -1.239947 -0.768594 -4.823358
v -1.344392 -3.101834 -6.366611
v -1.026812 -4.227496 -6.409484
v -1.057917 -3.438443 -6.420287
v -1.700555 -3.085815 -6.183019
v -1.865360 -2.830544 -6.024102
v -1.506563 -2.437741 -2.393144
v -1.541396 -3.138913 -2.652094
v -1.471257 -2.935873 -2.398806
v -1.509597 -1.717258 -2.187222
v -1.913057 -2.699575 -2.942836
v -1.963423 -3.410749 -3.071177
v -1.541447 -0.733531 -3.314636
v -1.941267 -1.470573 -3.420625
v -1.596726 -1.154954 -2.509719
v -1.396233 -0.621364 -4.024052
v -1.665356 -1.089661 -4.892642
v -1.922110 -1.794299 -5.364065
v -1.961827 -1.897144 -4.788470
v -1.897772 -1.140794 -4.073932
v -1.423507 -1.224699 -5.594916
v -0.696897 -2.425074 -6.380679
v -1.978207 -2.427177 -5.690814
v -1.628555 -1.991812 -6.027864
v -1.820714 -1.601301 -5.530177
v -1.051857 -4.469569 -4.232751
v -0.610008 -4.177634 -5.099688
v -0.806837 -5.020555 -5.587426
v -1.067514 -5.170883 -4.924643
v -1.801853 -3.759823 -3.091318
v -1.418935 -3.760932 -3.115479
v -1.385652 -4.984188 -3.778478
v -1.702805 -4.751428 -3.493184
v -2.259534 -4.042826 -5.574213
v -2.133832 -3.493137 -5.763540
v -2.164974 -3.643403 -5.129241
v -2.222042 -3.927806 -5.195229
v -2.260732 -3.410136 -4.280760
v -2.094317 -2.965340 -5.078624
v -2.194357 -3.413034 -5.322566
v -2.090739 -2.808625 -5.484684
v -1.437847 -4.533120 -6.387364
v -0.629811 -3.882791 -6.231366
v -1.157830 -5.264227 -6.502152
v -1.615381 -6.699459 -5.419832
v -1.431394 -7.125934 -6.138898
v -1.579230 -6.664209 -7.890963
v -1.483498 -6.226863 -7.283297
v -1.218538 -6.361810 -7.314943
v -1.207455 -8.963390 -7.555905
v -1.273953 -7.931884 -6.561170
v -1.793600 -7.529158 -6.493012
v -1.420922 -8.924546 -6.329672
v -1.929477 -8.790884 -6.492656
v -1.579454 -7.898178 -7.632212
v -1.913084 -7.965014 -7.012543
v -1.240177 -7.646415 -7.863286
v -1.482921 -8.852201 -7.639047
v -0.979398 -9.575565 -6.978612
v -1.697598 -9.245947 -6.033854
v -1.345836 -8.977732 -7.682742
v -1.256360 -10.022245 -7.238719
v -1.638725 -9.956088 -7.215170
v -1.051086 -10.461945 -6.718581
v -1.593987 -10.407354 -6.993729
v -2.048874 -9.880382 -6.785065
v -2.285554 -10.354383 -6.415712
v -1.738098 -10.202218 -4.044252
v -0.844434 -10.051594 -3.580011
v -1.900720 -9.368649 -5.586029
v -1.517738 -9.424290 -5.565248
v -2.045298 -9.301753 -4.929038
v -2.091720 -10.086463 -5.165137
v -1.636797 -10.357135 -5.254275
v -1.864142 -10.428308 -5.292398
v -1.400574 -10.009601 -5.518003
v -1.505405 -9.944375 -4.997361
v -0.918044 -9.301867 -4.921643
v -1.210730 -9.445570 -4.928597
v -1.096111 -10.474010 -5.330718
v -0.680884 -9.535355 -5.005226
v -0.885666 -9.527000 -6.187735
v -0.781259 -10.306140 -6.149339
v -2.051653 -9.371158 -6.044160
v -2.348668 -9.766914 -6.259749
v -2.531959 -10.415558 -5.700056
v -3.108865 -10.114673 -5.058726
v -2.987652 -9.465409 -5.133379
v -2.076241 -9.945915 -5.573541
v -2.319565 -9.451644 -5.189514
v -0.268557 -4.382730 -5.178128
v -2.043757 -9.219596 -6.333479
v -1.893023 -6.922050 -6.135633
v -2.068640 -6.338113 -5.855496
v -2.248111 -4.661645 -4.510218
v -2.331972 -3.935984 -4.457823
v -2.239233 -4.307957 -4.820413
v -2.228410 -4.104692 -3.894266
v -2.138931 -4.637742 -3.880796
v -2.157114 -3.643437 -3.758159
v -1.113202 -8.918063 -6.651289
v -2.547268 -2.658421 6.989649
v -2.445330 -3.106544 7.008460
v -2.251029 -2.564640 7.116396
v -2.489355 -1.222018 6.477919
v -2.605544 -1.911593 6.691865
v -2.364028 -1.844225 6.868316
v -2.898645 -1.721825 5.174435
v -2.680621 -1.265948 5.972807
v -2.829463 -1.938552 4.843920
v -2.791653 -1.584405 6.056329
v -2.305776 -2.147040 3.748487
v -2.102323 -2.849657 3.429483
v -1.905641 -3.955171 3.544042
v -2.003302 -3.378341 3.486357
v -2.451499 -3.202971 3.752718
v -2.609066 -2.671166 4.042931
v -1.458353 -4.220635 3.737529
v -1.155490 -4.413851 4.318662
v -1.129840 -4.949181 3.803869
v -2.279787 -3.990528 6.655889
v -1.793770 -3.759639 6.905774
v -2.125878 -3.688053 6.984499
v -2.562099 -3.777314 6.389700
v -2.366922 -4.654915 6.038301
v -1.887328 -4.454357 6.494888
v -2.590719 -4.293930 5.715582
v -2.757931 -3.868332 5.991124
v -2.806347 -4.151718 4.847514
v -2.798524 -4.454691 5.021284
v -2.849921 -4.010026 5.448757
v -2.698216 -4.872834 5.412039
v -2.725698 -4.794613 5.084081
v -2.513226 -4.425987 3.741373
v -2.403255 -3.946361 3.706368
v -2.154075 -4.609437 3.401527
v -1.731123 -4.531311 3.464019
v -2.372911 -5.154863 3.234915
v -0.208853 -3.706912 7.480196
v -0.694127 -4.163229 6.981040
v -1.178262 -3.746077 7.125195
v -0.267142 -4.535780 5.992222
v -1.025578 -4.781836 5.784554
v -1.359534 -4.473898 6.406440
v -0.966858 -4.600736 6.342822
v -1.491256 -4.089447 6.770350
v -1.333403 -4.766593 6.068385
v -0.222427 -2.271475 -6.775733
v -0.659140 -1.904418 -6.518079
v -0.562174 -1.486316 -6.744876
v -0.921158 -1.688014 -6.301325
v -0.565159 -1.762240 -7.912407
v -0.484264 -2.154348 -6.557281
v -0.355821 -1.260831 -6.674244
v -0.418870 -1.013880 -5.859874
v -0.041531 -1.157120 -6.692146
v -1.447625 -6.363201 3.707951
v -1.233186 -6.188579 4.421771
v -1.685072 -7.222088 5.158998
v -2.481274 -6.187848 4.446701
v -2.183950 -6.442237 3.676485
v -1.030654 -10.343090 6.284568
v -2.725452 -10.536103 5.690537
v -2.328352 -9.765714 5.007107
v -1.933435 -10.503916 6.439528
v -1.778371 -9.773103 6.746148
v -2.417827 -10.205228 6.663851
v -2.182296 -10.325301 7.171015
v -2.489474 -9.773090 6.420971
v -2.705137 -10.512993 6.245005
v -2.941281 -10.293105 7.003769
v -3.258980 -10.266669 6.680996
v -1.522586 -9.845021 6.398690
v -1.608690 -10.394382 6.427252
v -1.329703 -9.536892 5.536062
v -2.204476 -9.142729 4.996137
v -1.716323 -9.631447 4.490351
v -1.555977 -10.068841 4.502834
v -1.382800 -9.951484 3.494911
v -2.058275 -10.401398 4.351181
v -2.278839 -10.269709 4.529816
v -1.710502 -10.364944 4.456484
v -2.118221 -9.623068 4.500027
v -1.111291 0.991288 3.304177
v -0.642205 0.887175 4.207672
v -0.509178 0.908538 3.494601
v -2.327801 -1.447410 3.917816
v -2.187482 -1.971898 3.148981
v -2.157506 -1.150082 3.204179
v -2.352938 -1.110585 3.719458
v -2.670522 -1.776912 4.460040
v -2.844962 -2.851002 4.513890
v -1.682687 -0.096939 1.895820
v -1.903783 -0.414440 1.330279
v -1.571295 0.269974 2.397773
v -0.225600 -3.786650 -3.104009
v -0.230057 -3.173589 -1.306821
v -1.923697 0.581899 5.064291
v -1.996346 0.834824 4.248209
v -0.326668 -1.340361 -8.178172
v -0.508922 -1.544908 -7.794197
v -0.188052 -1.299397 -8.929537
v -0.187030 -1.242804 -7.520903
v -0.161584 -1.302207 -10.335054
v -0.356760 -1.428692 -10.821460
v -0.449434 -1.510207 -9.359083
v -0.298545 -1.391385 -9.685286
v -0.552982 -1.923599 -7.781672
v -0.507317 -1.857883 -9.318401
v -0.507273 -1.654062 -10.291369
v -0.381872 -2.172342 -10.209951
v -0.398952 -2.172221 -8.083153
v -0.144751 -2.309201 -9.250621
v -0.336031 -1.451606 -11.908013
v -0.123456 -1.331554 -11.920828
v -0.232614 -1.385235 -13.634285
v -0.119125 -1.354623 -15.428569
v -0.272241 -1.436446 -15.430138
v -0.329906 -1.460633 -13.627740
v -0.514370 -1.808438 -11.319979
v -0.468454 -1.880226 -12.997881
v -0.495452 -1.947111 -11.845653
v -0.478944 -1.819713 -14.794586
v -0.461585 -1.683759 -13.608456
v -0.432748 -2.008687 -14.478981
v -0.205065 -2.278179 -10.964957
v -0.295309 -2.196695 -12.949011
v -0.366295 -2.171027 -11.805564
v -0.348038 -2.183153 -14.142374
v -0.184268 -2.266160 -14.128172
v -0.231381 -1.390006 -17.199848
v -0.353598 -1.520726 -16.590771
v -0.153484 -1.309279 -19.685562
v -0.345673 -1.473369 -19.234364
v -0.458248 -1.822986 -16.617392
v -0.414218 -2.005630 -16.893589
v -0.417332 -1.645283 -19.587938
v -0.432459 -1.670583 -18.785751
v -0.467320 -1.864271 -19.717503
v -0.173857 -2.228050 -17.758911
v -0.122915 -2.278309 -16.590988
v -0.406008 -2.060620 -18.286900
v -0.241643 -2.245968 -15.981489
v -0.387813 -2.125644 -19.628025
v 0.020920 -2.252042 -19.791805
v -0.053511 -2.320345 -20.545582
v -0.475997 -2.171245 -20.494499
v -0.697737 -1.842698 -20.958788
v -0.505000 -1.533074 -20.706984
v -0.285427 -1.318562 -20.393024
v 0.095628 -1.222443 -20.409840
v -0.366737 -3.154067 -22.202694
v -1.014923 -2.706922 -21.814640
v -1.204217 -2.682328 -22.598553
v -0.397344 -3.173433 -22.730736
v -1.164136 -2.616375 -22.046307
v -0.763679 -1.299594 -21.179934
v -1.370859 -1.264990 -22.158278
v -1.492031 -1.365986 -22.561470
v -1.469067 -1.951828 -22.238342
v -1.369656 -2.250829 -22.896481
v -0.963893 -0.691387 -21.737799
v -0.057311 -0.476285 -21.520138
v -0.879004 -0.394814 -22.200094
v -0.456560 -0.336924 -21.853775
v -1.199954 -0.612322 -22.410513
v -0.591105 -2.836686 -23.506823
v -1.048016 -2.502314 -23.388609
v -0.675985 -3.007981 -22.949635
v -0.958193 -2.190460 -23.917398
v -0.574966 -2.474972 -24.355707
v -1.098824 -0.480503 -22.935514
v -1.481626 -1.295471 -23.001638
v -0.896957 -0.628373 -23.759380
v -1.323230 -1.219986 -23.539469
v -0.485088 -0.157193 -22.571142
v -0.664878 -0.319802 -23.291235
v -0.005964 -0.260796 -23.528738
v -0.212607 -2.574890 -24.293636
v -0.151306 -2.600060 -26.307522
v -0.514752 -2.484262 -25.586958
v -0.688942 -2.272816 -24.882217
v -0.842949 -1.392915 -24.533627
v -0.568200 -1.993549 -25.725138
v -0.570786 -0.578247 -23.940895
v -0.077562 -1.321908 -24.964958
v -0.195508 -2.121393 -26.956104
v -0.391789 -2.140689 -26.542233
v -0.293352 -1.665335 -26.383318
v -0.481611 6.954902 8.403118
v -1.351802 5.946664 6.141905
v -0.413232 -4.027708 -5.799116
v -1.514258 -9.230041 5.781498
v -1.323849 -9.643999 6.106248
v -3.087090 -9.870374 7.725315
v -3.559259 -9.639027 7.375313
v -3.603364 -10.096734 8.044936
v -3.475000 -10.652027 7.443672
v -3.073180 -10.463021 7.577710
v -1.819354 -10.359173 8.095695
v -2.428137 -9.676735 8.181368
v -2.448590 -10.525496 8.195209
v -2.263092 -10.171278 8.823815
v -1.217283 -10.182155 7.858982
v -0.588116 -10.509316 7.491341
v -0.664698 -9.834839 7.495356
v -2.203571 -9.636155 3.391635
v -1.596751 -9.943887 3.079791
v -2.069588 -10.542585 3.390939
v -1.453446 -10.389583 3.469919
v -2.304359 -10.136193 3.532176
v -1.826612 -9.758879 2.498959
v -2.031004 -9.997997 3.018871
v -2.264839 -8.245496 5.328999
v -2.345353 -8.788240 5.123697
v -1.507540 -8.011339 5.174211
v -1.562551 -8.164277 4.474757
v -1.388566 -8.936961 4.947825
v -1.916023 -8.527349 4.602242
v -0.643134 8.689765 6.144010
v -1.434566 8.336756 6.769442
v -1.913103 7.669336 5.882726
v -1.837414 7.383670 5.269516
v -1.916033 6.975791 5.681069
v -1.922210 8.047995 5.712820
v -1.583640 7.809826 5.548602
v -1.943296 8.473981 4.893582
v -1.932234 7.950654 4.879180
v -1.950713 -2.128098 -2.980465
v -2.188787 -2.741256 -4.212785
v -2.143413 -2.592108 -3.723593
v -2.108211 -2.402436 -4.468108
v -1.968536 -1.399124 -4.052894
v -2.021685 -3.774103 -5.984080
v -1.901548 -4.592274 -6.132185
v -2.149665 -5.803699 -5.738193
v -2.278378 -5.039494 -5.119137
v -2.181454 -5.587295 -5.215369
v -1.977035 -6.416612 -5.103702
v -2.027517 -5.449416 -4.224155
v -1.633581 -5.556709 -3.909269
v -1.833319 -5.488211 -3.881401
v -1.327094 -5.541071 -4.355552
v -2.780487 -9.541415 -4.593856
v -2.969425 -10.541108 -5.078876
v -3.083044 -10.143931 -4.669425
v -2.458402 -10.518925 -4.963715
v -2.489897 -10.105124 -4.639882
v -3.127383 -10.084732 -4.022548
v -3.180675 -10.522886 -4.074683
v -1.932925 -9.334054 -4.523427
v -2.155319 -10.427817 -4.468842
v -1.591673 -10.388272 -4.445487
v -2.222165 -9.699739 -4.329849
v -1.588630 -9.792806 -4.276606
v -2.064823 -10.228892 -3.971040
v -1.112726 -9.546865 -4.226826
v -1.315662 -10.050097 -4.746150
v -0.588879 -9.745363 -4.456634
v -1.048968 -10.134178 -4.196900
v -0.708124 -10.167412 -4.094522
v -0.563948 -10.314120 -4.569667
v -1.837907 -10.578099 -6.439384
v -1.672237 6.673296 5.448313
v -1.463505 6.256584 6.120974
v -0.940258 5.531514 6.610120
v -0.732818 5.957332 7.337531
v -0.253884 5.704035 7.419104
v 0.000129 5.724179 6.939115
v -0.633234 5.939317 6.620834
v -0.578334 6.030971 6.265552
v -0.518785 7.720458 8.423621
v -2.808369 -3.741035 4.547654
v -2.932590 -2.829586 5.009664
v -2.817658 -3.428168 4.100749
v -2.687547 -5.437378 3.461559
v -2.775165 -4.286171 4.289093
v -2.844613 -4.857528 3.880028
v -2.909586 -5.004816 4.701515
v -2.803498 -4.781535 4.319890
v -1.929662 -10.522515 5.033675
v -1.400647 -10.570351 5.785779
v -2.393742 -7.545098 4.635012
v -2.288891 -7.737047 4.456335
v -1.867791 -8.108909 5.481160
v -1.199927 -6.409419 -6.058273
v -0.980375 -5.637445 -6.079128
v -1.101220 -5.726092 -6.615102
v -1.451794 -5.119287 -6.464460
v -1.693186 -5.406230 -6.547400
v -2.055503 -5.540329 -6.205445
v -1.949507 -6.519812 -6.497141
v -1.808387 -7.058488 -7.389486
v -1.997730 -7.448720 -6.927658
v -1.130765 -6.932037 -6.614740
v -1.244954 -6.570471 -6.995278
v -1.059497 -7.926322 -7.158990
v -1.120060 -6.682027 -7.851754
v -1.411013 -7.104489 -8.044665
v -2.448135 -9.325038 5.749711
v -2.876731 -10.154777 5.735979
v -2.624035 -5.903157 4.396460
v -3.100577 -6.699127 4.403355
v -2.070299 -5.079118 5.860785
v -1.845357 -5.471694 5.364585
v -1.118501 -5.703876 3.991933
v -1.376585 -5.509027 3.211277
v -1.836754 -6.359214 2.978703
v -2.146381 -7.006721 2.427966
v -2.410943 -7.058465 2.653016
v -3.029917 -7.077835 3.125621
v -3.061707 -6.829798 3.814820
v -2.225055 -7.358431 5.146288
v -1.324744 -7.029006 4.552715
v -1.360838 -7.916189 4.654962
v -1.693688 -7.237121 4.010216
v -2.046242 -7.454878 4.133871
v -2.315722 -5.673993 5.172822
v -1.291268 -5.559645 4.965684
v -2.193186 -6.236028 4.919665
v -1.771841 -6.179949 4.995990
v -1.655502 -5.766414 3.442744
v -2.493531 -5.856562 3.719760
v -2.845627 -6.106513 4.286554
v -3.009267 -5.907682 4.463449
v -2.980551 -5.627957 4.351686
v -2.880370 -5.792773 3.756510
v -3.265608 -6.869319 3.739397
v -2.744632 -6.023485 3.288648
v -2.918169 -5.432058 4.638445
v -2.738833 -5.505885 5.030992
v -2.561120 -5.550846 5.423449
v -1.796184 -6.327628 2.768163
v -2.289887 -5.844050 3.490226
v -1.072429 -10.031611 6.049396
v -1.211184 -10.593065 7.460669
v -0.811732 -10.324145 6.888421
v -1.360335 -10.172636 7.197073
v -1.119824 -9.582785 7.164413
v -1.984380 -9.488626 7.501743
v -2.368283 -9.594852 7.110740
v -1.821686 -10.011743 7.392247
v -2.108087 -10.568221 7.860060
v -2.494465 -10.018008 7.627983
v -3.749294 -10.323781 7.378430
v -2.968980 -9.705843 7.265480
v -0.579644 0.927013 4.731453
v -0.037666 1.163113 5.102808
v -1.573807 0.869687 5.460652
v -1.258859 0.848348 5.089616
v -1.478255 2.409967 5.928091
v -1.099924 2.592509 5.593997
v -1.217323 2.094873 5.807658
v -1.248254 3.975987 5.039876
v -0.774894 3.542001 4.973349
v -0.652690 3.852422 4.836567
v -1.443453 3.164428 5.833771
v -0.934729 4.907780 4.328781
v -2.017190 -1.186237 -0.059860
v -2.179142 -1.787131 1.003216
v -2.124721 -0.991282 0.663494
v -1.799984 -1.254854 -0.755999
v -0.745288 5.445522 4.073116
v 0.015344 5.610215 3.803746
v -0.400332 5.316855 4.050405
v -1.154307 6.281446 4.270013
v -1.373906 5.015698 5.229807
v -1.301757 5.697251 4.677546
v -1.146137 5.189569 6.416961
v -2.142562 -0.152386 6.490934
v -1.983019 0.273060 5.567849
v -0.894169 -4.589372 5.179256
v -0.417875 -4.640763 5.085464
v -1.009432 -5.128186 4.412551
v -12.653192 9.546856 -4.436656
v -11.632369 8.639091 -3.915262
v -9.837133 4.350043 -4.244922
v -5.796073 5.345077 1.855073
v -5.686010 4.585666 1.692571
v -5.582068 5.370649 2.425414
v -6.102240 5.420023 1.287665
v -6.332685 4.422238 0.273194
v -6.513798 4.840957 -0.043195
v -6.556394 4.548976 -0.196126
v -5.804682 3.357868 0.513653
v -6.314895 3.699411 0.006117
v -5.947675 4.553857 0.862977
v -6.763165 2.981520 -1.092575
v -6.589465 3.928986 -0.398941
v -6.229545 3.426782 -0.194667
v -6.811344 4.276394 -0.796824
v -9.448962 5.789888 -3.117575
v -9.181167 5.263869 -3.232209
v -5.658106 6.901837 1.558926
v -6.393961 7.255416 1.259855
v -5.002591 6.019080 0.383511
v -4.980396 6.364207 1.214596
v -5.420181 6.555768 0.175292
v -5.460828 6.933130 1.239853
v -5.046699 5.396169 0.051947
v -5.198245 5.122579 -0.371913
v -5.275993 6.052419 -0.062083
v -7.202693 3.125341 -2.728906
v -7.549911 3.730419 -2.891893
v -7.067879 4.002778 -2.548561
v -6.151534 2.667767 -1.969228
v -6.345480 2.250285 -2.285407
v -6.697996 2.795058 -2.340656
v -6.457489 3.368435 -2.122038
v -8.567311 6.622232 -3.082359
v -9.235832 6.027887 -3.901900
v -9.114386 6.424632 -3.683014
v -9.917492 5.177618 -4.880976
v -10.012252 5.785854 -4.679405
v -9.744980 6.811892 -4.129967
v -6.247530 7.844518 0.764732
v -5.914698 7.567492 0.323255
v -6.345107 7.628570 -0.312597
v -5.827539 7.198276 0.286821
v -6.639958 8.348702 -0.291726
v -6.790214 8.005991 -0.731487
v -6.605282 8.330206 0.197600
v -7.084838 8.336220 0.371539
v -6.649705 8.253735 0.490496
v -7.221986 8.001482 0.482159
v -7.477603 7.902508 0.342236
v -7.530315 7.232280 0.074343
v -6.870783 7.161067 0.952803
v -8.050996 8.512663 -0.166733
v -7.891539 7.803832 -0.279720
v -7.558617 5.751167 -0.971968
v -7.446199 6.006567 -0.747610
v -8.081872 6.849508 -0.957366
v -8.206762 6.520273 -1.463447
v -8.555882 5.751327 -1.910659
v -8.511290 6.457152 -1.729249
v -8.356740 4.897761 -2.461398
v -7.608292 4.494093 -1.672405
v -8.403380 2.759482 -2.883448
v -6.982131 1.492034 -2.054519
v -8.484388 2.979522 -2.941273
v -8.519860 3.945424 -2.834861
v -8.902110 3.925565 -3.318970
v -6.115435 0.891388 -1.385458
v -5.778770 0.704012 -0.965964
v -6.051193 1.460355 -1.058008
v -5.760433 1.325354 -0.644696
v -6.489869 1.315381 -1.708741
v -8.569616 9.280426 -2.070768
v -9.016149 9.337690 -2.376852
v -8.496130 8.545137 -2.258439
v -8.977711 7.926622 -2.993230
v -9.118025 8.605056 -2.712851
v -9.450254 10.215083 -2.422289
v -9.305001 11.615211 -1.598019
v -9.571278 11.907028 -1.929663
v -10.100961 12.290362 -2.530398
v -9.341645 11.401430 -1.120359
v -9.459221 11.875288 -1.419197
v -9.058530 11.164218 -1.152463
v -9.913839 12.702920 -1.550956
v -9.991190 12.263940 -1.397406
v -9.640231 10.477158 -1.249887
v -10.384063 10.892759 -1.834607
v -9.836761 10.315904 -1.429979
v -9.366683 10.425097 -0.956341
v -10.134253 11.989371 -1.463932
v -10.289876 9.396866 -2.095666
v -10.740383 8.984336 -2.785935
v -10.333200 8.662679 -2.547786
v -10.568732 10.467786 -2.106884
v -10.180869 10.284772 -1.786470
v -10.993629 10.260237 -2.432773
v -10.868389 11.373621 -2.241412
v -11.268531 9.572328 -3.038075
v -10.906641 8.374277 -3.408912
v -10.083836 7.637441 -2.970817
v -10.537928 8.388052 -2.932514
v -11.409912 9.200874 -3.532680
v -10.481226 5.580345 -4.236665
v -9.989695 5.990832 -3.743947
v -9.421641 4.425766 -3.574357
v -9.565615 7.996160 -3.404625
v -9.660319 7.413791 -3.685513
v -10.013863 9.417533 -3.111990
v -9.683568 8.597043 -3.281485
v -8.133953 7.395633 -2.565160
v -7.769546 6.309002 -2.551597
v -7.835608 7.599455 -2.133086
v -8.564500 8.091602 -2.484199
v -6.694846 6.143713 -1.771049
v -6.692002 5.775892 -1.927215
v -6.992593 5.422359 -2.251483
v -6.885931 5.071375 -2.263736
v -7.784911 5.993933 -2.736087
v -7.358603 6.563169 -2.234930
v -5.576355 4.047579 -1.154021
v -5.813715 3.367510 -1.439855
v -6.105224 5.097256 -1.473841
v -6.436804 4.492693 -1.933597
v -5.640604 5.131285 -0.954342
v -5.902134 5.415875 -1.216832
v -5.314956 4.469356 -0.811015
v -4.595051 3.368304 -0.131837
v -5.007533 4.470411 -0.346826
v -4.702587 2.102777 -0.538848
v -8.447757 9.578602 -1.783624
v -7.273214 7.931520 -1.538206
v -7.758224 9.120562 -1.388922
v -7.445028 7.728764 -1.789635
v -8.063601 8.485571 -2.058234
v -11.905704 8.919065 -4.893311
v -10.940215 9.476802 -3.996313
v -10.442540 9.832529 -3.358182
v -10.296085 8.876881 -3.702560
v -9.945984 11.365225 -2.535530
v -9.863302 10.691520 -2.690483
v -10.135817 10.058914 -3.054579
# 3002 vertices, 0 vertices normals

f 343 281 467
f 281 756 467
f 281 1 756
f 343 467 469
f 4 572 282
f 572 284 282
f 574 3 283
f 574 283 284
f 284 283 509
f 284 509 285
f 285 509 2
f 282 284 285
f 282 285 286
f 286 285 1211
f 288 287 105
f 288 105 104
f 5 289 287
f 287 289 105
f 105 289 4
f 105 4 104
f 290 106 107
f 106 291 107
f 107 293 530
f 293 538 292
f 530 293 292
f 6 703 294
f 6 294 917
f 294 295 298
f 917 294 298
f 703 296 294
f 296 568 567
f 296 567 295
f 294 296 295
f 295 297 298
f 295 567 297
f 298 297 5
f 298 5 287
f 920 298 287
f 920 287 288
f 316 299 686
f 316 300 299
f 300 301 299
f 300 315 301
f 299 301 302
f 301 323 302
f 302 323 305
f 302 305 306
f 686 299 303
f 299 302 303
f 303 302 306
f 303 306 304
f 306 305 325
f 306 307 304
f 306 325 307
f 690 304 378
f 308 108 310
f 545 308 310
f 308 755 553
f 308 553 108
f 108 309 310
f 309 7 617
f 310 309 617
f 8 109 313
f 8 313 311
f 311 313 314
f 109 312 313
f 313 312 315
f 313 315 314
f 314 315 300
f 311 316 684
f 311 314 316
f 316 314 300
f 315 318 301
f 318 1522 321
f 318 321 317
f 301 318 317
f 1522 319 321
f 319 320 321
f 317 321 322
f 321 320 322
f 322 326 324
f 301 317 323
f 317 322 323
f 323 322 324
f 323 324 305
f 324 327 325
f 305 324 325
f 326 1538 327
f 324 326 327
f 327 1538 110
f 325 328 307
f 325 327 328
f 328 327 110
f 658 329 331
f 658 660 329
f 331 329 663
f 330 331 663
f 334 642 332
f 334 332 333
f 642 335 336
f 642 336 332
f 332 336 1571
f 332 1571 337
f 333 337 319
f 333 332 337
f 1602 338 340
f 338 759 340
f 340 339 757
f 1602 340 757
f 1597 341 342
f 341 343 342
f 342 343 469
f 342 469 344
f 9 345 346
f 1 347 345
f 345 347 348
f 347 759 338
f 348 347 338
f 346 345 348
f 350 349 351
f 349 675 351
f 352 351 667
f 350 351 352
f 353 356 354
f 354 356 358
f 354 358 1559
f 353 355 356
f 356 355 357
f 356 357 359
f 356 359 358
f 359 357 10
f 359 10 1649
f 358 359 1649
f 358 1649 1653
f 1559 358 1653
f 1559 1653 1562
f 360 362 363
f 364 360 363
f 361 362 360
f 362 1603 363
f 363 1603 355
f 363 355 353
f 364 363 353
f 364 353 354
f 387 366 365
f 366 384 1606
f 366 1606 1605
f 366 1605 1608
f 366 1608 365
f 365 1608 367
f 367 1608 361
f 1569 365 367
f 367 361 360
f 604 614 368
f 368 614 612
f 369 368 612
f 604 368 369
f 370 524 371
f 707 370 371
f 707 371 11
f 479 372 468
f 479 474 372
f 372 474 373
f 372 373 375
f 468 375 374
f 468 372 375
f 304 307 378
f 307 377 378
f 378 377 379
f 376 378 380
f 380 378 379
f 13 383 381
f 383 382 381
f 383 1611 1610
f 383 1610 382
f 382 1610 384
f 382 384 385
f 385 384 366
f 111 381 387
f 111 387 386
f 381 382 385
f 381 385 387
f 387 385 366
f 386 387 365
f 388 390 118
f 388 14 390
f 390 389 112
f 118 390 449
f 390 112 449
f 13 1578 391
f 1578 393 391
f 1578 392 393
f 393 392 1534
f 1534 194 1619
f 393 1534 1619
f 13 391 383
f 391 393 1619
f 383 391 1611
f 17 487 1655
f 487 394 1655
f 395 451 16
f 395 16 416
f 394 395 416
f 394 416 1655
f 1655 416 419
f 1655 419 15
f 399 396 397
f 398 1532 397
f 396 398 397
f 397 1532 623
f 399 397 623
f 399 623 622
f 401 113 400
f 401 402 113
f 15 403 777
f 403 418 404
f 404 664 407
f 777 403 407
f 777 407 18
f 403 404 407
f 18 407 503
f 407 406 405
f 503 407 405
f 407 664 665
f 407 665 406
f 406 665 668
f 406 668 409
f 409 668 408
f 409 408 410
f 405 406 409
f 405 409 411
f 411 409 410
f 411 410 19
f 19 410 413
f 410 414 413
f 413 414 412
f 413 412 453
f 410 408 414
f 412 414 671
f 412 671 415
f 453 412 415
f 453 415 16
f 16 415 416
f 415 673 416
f 416 673 417
f 416 417 419
f 415 671 673
f 417 669 418
f 417 418 419
f 419 418 403
f 419 403 15
f 435 422 421
f 422 423 421
f 422 655 423
f 421 423 420
f 420 423 424
f 420 424 425
f 425 424 427
f 425 427 428
f 425 428 426
f 426 428 429
f 426 429 20
f 20 429 431
f 20 431 456
f 456 431 430
f 431 659 430
f 430 659 432
f 430 432 433
f 433 434 774
f 774 434 422
f 774 422 772
f 433 432 434
f 434 655 422
f 772 422 435
f 21 435 421
f 421 420 651
f 21 421 651
f 651 420 425
f 651 425 436
f 436 425 458
f 437 113 438
f 438 402 439
f 438 113 402
f 439 402 442
f 439 442 441
f 650 646 440
f 650 440 443
f 646 441 440
f 441 442 440
f 440 442 401
f 401 442 402
f 443 440 401
f 650 443 114
f 443 401 400
f 443 400 114
f 114 400 446
f 446 400 444
f 446 444 445
f 444 400 113
f 444 113 437
f 22 447 693
f 447 448 449
f 447 449 112
f 693 447 112
f 693 112 695
f 448 496 449
f 695 112 389
f 451 450 16
f 16 450 452
f 16 452 453
f 452 115 453
f 452 450 115
f 450 194 454
f 450 454 115
f 115 1621 453
f 453 1621 413
f 456 455 457
f 455 19 413
f 455 413 457
f 457 413 1621
f 457 1621 1623
f 20 456 1518
f 456 457 1518
f 1518 457 1623
f 458 1584 1583
f 458 1583 1581
f 458 1581 460
f 458 460 459
f 436 458 459
f 460 462 463
f 462 618 461
f 463 462 461
f 461 23 463
f 460 463 645
f 460 645 648
f 459 460 648
f 459 648 436
f 7 464 465
f 7 556 550
f 556 24 550
f 7 550 464
f 464 550 23
f 464 23 461
f 465 464 461
f 465 461 618
f 756 466 467
f 466 468 467
f 468 374 467
f 467 374 469
f 374 375 470
f 375 473 470
f 470 473 471
f 471 473 14
f 374 470 469
f 14 473 472
f 14 472 390
f 473 375 373
f 473 373 472
f 472 373 476
f 476 373 474
f 390 472 476
f 390 476 475
f 390 475 389
f 389 475 477
f 475 476 478
f 475 478 477
f 477 478 694
f 476 474 478
f 478 474 479
f 478 479 694
f 694 479 480
f 480 479 468
f 480 468 466
f 501 116 481
f 501 481 117
f 116 482 483
f 116 483 481
f 482 495 483
f 483 495 484
f 481 483 484
f 481 484 489
f 117 489 486
f 117 481 489
f 745 485 486
f 485 501 117
f 485 117 486
f 745 486 17
f 17 486 487
f 487 488 394
f 486 489 487
f 487 489 488
f 488 489 491
f 491 489 494
f 491 494 490
f 394 488 491
f 394 491 395
f 395 491 490
f 395 490 451
f 451 490 492
f 492 490 493
f 492 493 497
f 492 497 1516
f 494 489 484
f 494 484 493
f 490 494 493
f 493 495 497
f 493 484 495
f 1516 497 186
f 497 495 496
f 186 497 496
f 496 498 449
f 496 495 498
f 449 498 118
f 495 500 498
f 495 482 500
f 500 482 116
f 500 116 499
f 498 500 499
f 498 499 118
f 118 499 501
f 118 501 502
f 499 116 501
f 502 501 485
f 118 502 388
f 502 485 745
f 388 502 745
f 18 503 1556
f 503 405 505
f 1556 503 505
f 405 411 504
f 411 19 455
f 411 455 504
f 405 504 505
f 505 504 456
f 504 455 456
f 505 456 430
f 505 430 433
f 1554 505 433
f 963 1219 508
f 1219 1220 508
f 963 508 511
f 1220 509 508
f 1220 2 509
f 509 283 508
f 508 510 511
f 508 283 510
f 510 283 3
f 511 510 607
f 1216 511 6
f 554 558 512
f 558 514 512
f 558 513 514
f 512 514 515
f 515 514 119
f 546 544 516
f 546 516 518
f 516 544 517
f 518 516 517
f 518 517 537
f 534 519 120
f 120 519 526
f 519 529 526
f 521 532 520
f 521 520 576
f 520 120 522
f 520 534 120
f 522 120 525
f 576 520 522
f 576 522 578
f 578 522 525
f 578 525 524
f 524 525 523
f 525 120 526
f 525 526 523
f 523 526 528
f 528 526 531
f 523 528 527
f 528 531 527
f 527 531 530
f 530 531 529
f 530 529 107
f 531 526 529
f 290 529 519
f 290 519 533
f 107 529 290
f 290 533 106
f 533 532 750
f 532 533 534
f 533 519 534
f 532 534 520
f 750 532 521
f 768 536 291
f 768 546 536
f 291 536 535
f 291 535 107
f 536 546 535
f 535 546 539
f 546 518 539
f 539 518 537
f 539 537 538
f 107 535 539
f 107 539 293
f 293 539 538
f 538 540 542
f 538 542 699
f 538 537 540
f 537 517 540
f 540 517 542
f 699 542 541
f 541 542 310
f 310 542 543
f 542 517 543
f 543 517 544
f 310 543 545
f 543 544 545
f 545 547 753
f 545 544 547
f 544 546 547
f 753 547 768
f 547 546 768
f 548 549 550
f 550 654 23
f 557 548 550
f 557 550 24
f 755 551 553
f 553 551 552
f 553 552 108
f 551 554 552
f 552 554 555
f 554 512 515
f 554 515 555
f 108 552 309
f 552 555 309
f 309 555 7
f 515 556 555
f 515 119 556
f 119 24 556
f 555 556 7
f 119 514 24
f 24 514 557
f 557 514 513
f 513 558 559
f 557 513 548
f 548 513 559
f 559 558 560
f 560 558 554
f 560 554 551
f 560 551 755
f 5 561 289
f 289 561 562
f 561 564 563
f 561 563 562
f 563 687 562
f 562 687 565
f 289 562 565
f 289 565 4
f 566 569 568
f 568 569 567
f 566 570 569
f 569 570 564
f 571 569 564
f 571 564 561
f 567 571 297
f 567 569 571
f 297 571 561
f 297 561 5
f 4 565 572
f 565 688 572
f 565 687 688
f 572 688 573
f 688 689 573
f 573 689 734
f 284 572 574
f 572 573 574
f 25 749 575
f 749 577 575
f 577 521 576
f 575 577 576
f 575 576 578
f 575 578 579
f 578 524 370
f 579 578 370
f 593 579 370
f 593 370 12
f 580 581 583
f 581 596 595
f 581 595 583
f 583 595 582
f 580 583 588
f 583 582 588
f 587 584 585
f 586 587 585
f 586 585 600
f 584 580 585
f 585 580 588
f 585 588 590
f 590 588 592
f 600 585 590
f 600 590 602
f 590 592 589
f 602 590 589
f 589 592 591
f 591 592 582
f 592 588 582
f 12 591 594
f 591 582 594
f 12 594 593
f 594 595 593
f 594 582 595
f 579 593 596
f 579 596 575
f 593 595 596
f 575 596 25
f 25 596 584
f 25 584 597
f 584 596 580
f 596 581 580
f 597 584 587
f 597 587 586
f 26 599 598
f 598 599 601
f 599 586 600
f 599 600 601
f 601 600 602
f 602 589 704
f 601 602 704
f 3 603 510
f 603 121 605
f 603 605 607
f 510 603 607
f 121 604 605
f 604 369 605
f 605 369 606
f 607 605 606
f 511 607 606
f 511 606 6
f 6 606 610
f 6 610 609
f 610 612 608
f 609 610 608
f 606 369 610
f 610 369 612
f 608 611 613
f 608 612 611
f 613 611 615
f 613 615 704
f 704 615 601
f 611 612 615
f 615 612 614
f 615 614 601
f 601 614 598
f 598 614 121
f 598 121 26
f 26 121 616
f 121 614 604
f 616 121 603
f 616 603 3
f 310 617 700
f 617 7 465
f 700 465 618
f 700 617 465
f 619 632 566
f 619 566 620
f 620 566 568
f 708 619 620
f 708 620 625
f 625 620 706
f 190 621 122
f 621 622 623
f 621 623 122
f 704 589 624
f 704 625 706
f 625 704 624
f 524 523 371
f 523 626 371
f 523 527 626
f 626 628 627
f 626 123 628
f 628 123 27
f 371 626 627
f 371 627 11
f 8 631 630
f 631 633 629
f 631 629 634
f 630 631 634
f 633 566 632
f 629 633 632
f 629 632 635
f 629 635 634
f 632 619 635
f 635 619 11
f 634 635 719
f 630 634 637
f 630 637 636
f 637 634 719
f 636 637 682
f 1572 1573 639
f 1573 640 638
f 1573 638 639
f 640 335 642
f 638 640 642
f 638 642 643
f 642 334 641
f 643 642 641
f 639 643 710
f 639 638 643
f 643 641 1523
f 710 643 1523
f 23 644 645
f 23 645 463
f 644 441 645
f 645 441 646
f 645 646 648
f 648 646 650
f 648 650 647
f 648 647 436
f 647 649 651
f 436 647 651
f 650 114 649
f 647 650 649
f 649 446 651
f 649 114 446
f 651 446 445
f 651 445 21
f 21 445 652
f 445 444 652
f 652 444 437
f 549 653 550
f 652 437 549
f 437 438 653
f 549 437 653
f 653 438 439
f 653 439 654
f 654 439 441
f 654 441 644
f 550 653 654
f 654 644 23
f 655 656 423
f 658 331 655
f 655 331 656
f 656 331 330
f 656 330 657
f 423 656 424
f 424 656 657
f 424 657 427
f 432 658 434
f 432 660 658
f 434 658 655
f 429 661 431
f 429 663 661
f 661 660 659
f 431 661 659
f 663 329 661
f 661 329 660
f 659 660 432
f 427 657 662
f 657 330 662
f 427 662 428
f 330 663 662
f 428 662 429
f 662 663 429
f 664 124 667
f 664 667 665
f 124 352 667
f 667 351 666
f 665 667 668
f 668 667 666
f 668 666 408
f 418 669 670
f 418 670 404
f 669 350 670
f 350 352 670
f 670 352 124
f 404 670 124
f 404 124 664
f 671 674 673
f 673 674 672
f 673 672 417
f 674 675 349
f 672 674 669
f 674 349 669
f 669 349 350
f 417 672 669
f 408 666 414
f 666 351 675
f 666 675 676
f 676 675 674
f 414 676 671
f 414 666 676
f 676 674 671
f 1531 1526 678
f 1531 678 677
f 678 1526 681
f 678 681 683
f 677 678 683
f 680 312 109
f 680 109 679
f 1526 680 679
f 1526 679 681
f 681 679 8
f 679 109 8
f 681 8 630
f 677 683 682
f 683 681 630
f 683 630 636
f 682 683 636
f 8 311 685
f 8 685 631
f 685 311 570
f 631 685 633
f 311 684 570
f 570 684 564
f 685 570 566
f 633 685 566
f 684 686 564
f 564 686 563
f 684 316 686
f 563 686 687
f 686 303 687
f 687 303 690
f 687 690 688
f 303 304 690
f 690 378 376
f 689 690 376
f 688 690 689
f 689 376 734
f 22 693 692
f 693 695 691
f 692 693 691
f 692 691 125
f 695 389 477
f 695 477 694
f 695 694 691
f 691 694 480
f 691 480 698
f 698 480 466
f 698 466 696
f 125 691 698
f 125 698 697
f 697 698 696
f 697 696 9
f 27 123 699
f 123 626 292
f 626 527 530
f 626 530 292
f 699 123 292
f 699 292 538
f 310 700 541
f 700 618 701
f 701 1585 700
f 541 700 702
f 541 702 699
f 700 1585 702
f 702 27 699
f 6 609 703
f 609 608 705
f 609 705 703
f 703 705 706
f 608 613 705
f 613 704 705
f 705 704 706
f 703 706 296
f 296 706 620
f 296 620 568
f 589 591 624
f 591 12 707
f 591 707 624
f 12 370 707
f 707 11 619
f 708 707 619
f 624 707 708
f 624 708 625
f 639 710 711
f 639 711 1572
f 711 710 1530
f 1572 711 709
f 709 711 1579
f 711 1530 1579
f 1579 1530 398
f 1532 712 623
f 1532 713 714
f 1532 714 712
f 712 714 716
f 623 712 122
f 713 1531 677
f 713 677 714
f 714 677 716
f 716 677 682
f 716 682 715
f 716 715 717
f 712 716 717
f 122 712 717
f 122 717 190
f 11 627 718
f 11 718 635
f 627 719 718
f 635 718 719
f 627 628 719
f 628 27 1586
f 628 1586 719
f 719 1586 126
f 719 126 637
f 637 126 682
f 344 471 721
f 469 471 344
f 469 470 471
f 471 14 720
f 721 471 720
f 721 720 744
f 722 1561 723
f 722 723 726
f 722 726 725
f 722 725 727
f 1561 1562 723
f 723 1562 1651
f 723 1651 1652
f 723 1652 726
f 726 1652 724
f 725 726 724
f 725 724 1632
f 727 725 1632
f 727 1632 1644
f 307 328 729
f 307 729 377
f 328 110 728
f 328 728 729
f 110 730 728
f 728 1646 731
f 728 730 1646
f 377 729 731
f 377 731 379
f 729 728 731
f 26 616 732
f 616 3 574
f 616 574 732
f 732 574 573
f 734 732 573
f 586 599 733
f 586 733 746
f 746 733 734
f 599 26 733
f 733 26 732
f 734 733 732
f 752 735 736
f 752 736 769
f 735 1648 736
f 1648 1647 737
f 1648 737 736
f 736 737 739
f 739 737 1640
f 739 1640 1547
f 769 736 739
f 739 1547 738
f 769 739 738
f 735 740 742
f 735 742 743
f 735 743 1648
f 740 747 741
f 740 741 742
f 741 380 742
f 743 742 1648
f 720 14 388
f 720 388 745
f 744 720 745
f 744 745 17
f 1654 744 17
f 25 597 749
f 597 746 749
f 597 586 746
f 746 734 748
f 749 746 748
f 749 748 747
f 577 749 747
f 106 533 128
f 533 750 128
f 106 128 127
f 750 521 577
f 750 577 747
f 750 747 128
f 128 747 740
f 127 128 740
f 127 740 735
f 127 735 752
f 768 291 751
f 291 106 751
f 106 127 751
f 768 751 752
f 752 751 127
f 545 753 308
f 753 754 308
f 754 738 767
f 308 754 767
f 308 767 755
f 9 696 345
f 696 756 345
f 696 466 756
f 345 756 1
f 757 341 758
f 757 339 341
f 758 341 1597
f 759 507 506
f 340 759 339
f 339 759 506
f 339 506 341
f 341 506 343
f 343 506 281
f 281 506 507
f 1 281 507
f 1 507 347
f 347 507 759
f 1545 762 1546
f 762 760 129
f 762 129 761
f 1546 762 761
f 760 763 129
f 771 761 772
f 738 764 765
f 738 765 767
f 766 549 765
f 765 549 559
f 765 559 560
f 767 765 560
f 755 767 560
f 753 768 769
f 768 752 769
f 753 769 754
f 754 769 738
f 771 770 28
f 770 21 652
f 28 770 652
f 766 28 549
f 28 652 549
f 559 549 548
f 435 21 771
f 771 21 770
f 772 435 771
f 774 772 761
f 773 774 761
f 773 761 129
f 130 775 776
f 130 15 777
f 130 777 775
f 775 777 18
f 775 18 779
f 778 776 779
f 776 775 779
f 778 779 1555
f 380 741 376
f 741 747 748
f 741 748 376
f 376 748 734
f 873 781 780
f 780 781 2169
f 819 818 856
f 810 819 177
f 784 783 785
f 786 1045 1024
f 1045 786 2406
f 2165 788 183
f 2165 2167 788
f 2167 787 788
f 183 788 870
f 2167 131 787
f 131 2169 781
f 131 781 782
f 787 131 782
f 789 793 792
f 790 1491 793
f 793 1491 791
f 793 791 1504
f 792 793 1504
f 792 1504 1502
f 1508 792 1502
f 29 2177 132
f 132 2177 2176
f 132 2176 794
f 795 797 798
f 795 798 796
f 796 798 799
f 798 822 799
f 796 800 1506
f 796 799 800
f 177 819 856
f 808 2188 802
f 807 177 801
f 859 803 817
f 804 787 860
f 787 782 860
f 860 782 803
f 805 1402 1405
f 1329 783 1406
f 1329 1406 1403
f 807 806 177
f 807 2170 806
f 808 802 814
f 814 802 809
f 810 177 808
f 810 808 811
f 813 808 814
f 814 809 815
f 815 809 30
f 812 814 815
f 816 1402 1506
f 1402 814 812
f 1405 812 815
f 1405 815 30
f 817 862 56
f 56 862 811
f 817 818 862
f 818 821 862
f 818 819 821
f 820 873 2249
f 822 835 823
f 822 823 799
f 799 823 824
f 835 825 826
f 835 826 823
f 825 889 826
f 823 826 878
f 878 826 900
f 824 823 878
f 824 878 877
f 921 824 877
f 921 877 789
f 29 1494 2177
f 1494 1490 827
f 1490 1489 827
f 827 31 1494
f 827 1489 31
f 1494 31 828
f 2177 1494 828
f 797 829 830
f 797 830 798
f 829 834 830
f 829 831 832
f 829 832 834
f 834 832 833
f 834 833 825
f 834 825 835
f 798 830 835
f 798 835 822
f 830 834 835
f 836 838 887
f 836 133 838
f 838 840 837
f 887 838 837
f 887 837 888
f 133 839 134
f 133 134 838
f 839 852 134
f 838 134 840
f 840 842 837
f 840 134 933
f 840 933 842
f 842 933 924
f 842 924 841
f 837 842 841
f 837 841 843
f 888 837 843
f 1488 135 845
f 135 844 845
f 845 844 2832
f 845 2832 2276
f 32 848 847
f 848 136 851
f 848 851 850
f 848 850 846
f 847 848 846
f 847 846 854
f 136 849 851
f 849 2231 936
f 849 936 851
f 851 936 944
f 851 944 850
f 850 853 855
f 850 944 852
f 850 852 853
f 853 852 839
f 855 853 839
f 855 839 133
f 854 846 855
f 846 850 855
f 855 133 836
f 854 855 836
f 856 156 801
f 856 818 156
f 803 859 865
f 859 817 857
f 857 858 864
f 859 857 864
f 865 859 864
f 803 865 33
f 803 33 860
f 865 866 33
f 33 34 860
f 860 34 137
f 861 860 137
f 861 137 1366
f 862 819 810
f 862 810 811
f 1366 863 861
f 1366 1505 863
f 858 874 864
f 865 864 866
f 866 868 867
f 33 866 867
f 33 867 34
f 868 35 867
f 867 138 34
f 867 35 138
f 34 138 869
f 870 804 871
f 870 788 804
f 788 787 804
f 871 804 863
f 873 872 781
f 872 803 782
f 781 872 782
f 820 156 873
f 873 156 872
f 801 156 820
f 801 177 856
f 864 875 866
f 866 875 868
f 874 875 864
f 876 35 875
f 35 868 875
f 876 875 874
f 789 877 793
f 793 877 790
f 878 900 902
f 878 902 879
f 877 878 879
f 879 36 1492
f 879 1492 139
f 790 877 879
f 790 879 139
f 790 139 1491
f 924 1510 880
f 924 880 841
f 1510 882 880
f 880 882 140
f 1510 883 882
f 883 881 1486
f 883 1486 882
f 140 882 37
f 882 1486 37
f 841 880 884
f 841 884 843
f 880 140 884
f 1326 2262 1328
f 1326 1328 171
f 825 896 886
f 825 886 889
f 896 885 886
f 885 887 888
f 885 888 886
f 886 888 890
f 886 890 889
f 890 888 843
f 889 890 899
f 889 891 826
f 891 889 899
f 826 891 900
f 831 892 832
f 892 141 894
f 892 894 832
f 832 894 895
f 141 893 894
f 893 32 847
f 893 847 894
f 894 847 854
f 894 854 895
f 895 854 836
f 895 836 887
f 895 887 885
f 832 896 833
f 832 895 896
f 896 895 885
f 833 896 825
f 1488 897 1489
f 1488 845 897
f 1489 897 898
f 897 845 2276
f 1489 898 31
f 891 899 900
f 900 899 902
f 899 890 901
f 890 843 884
f 890 884 901
f 901 884 140
f 899 901 902
f 902 901 903
f 901 140 37
f 901 37 903
f 902 903 904
f 902 904 879
f 879 904 36
f 1127 905 907
f 1127 907 910
f 905 906 907
f 906 1409 907
f 907 1409 908
f 910 907 908
f 910 908 909
f 910 909 1128
f 911 39 912
f 911 912 913
f 911 913 1513
f 913 912 914
f 912 955 914
f 914 38 913
f 923 915 916
f 916 915 918
f 915 917 918
f 918 917 298
f 919 916 920
f 916 918 920
f 920 918 298
f 919 920 288
f 1506 800 1507
f 800 799 824
f 800 824 1507
f 1507 824 921
f 1507 921 789
f 1507 789 792
f 1508 1507 792
f 923 916 922
f 916 919 925
f 916 925 922
f 923 922 931
f 919 288 1509
f 919 1509 925
f 931 922 925
f 931 925 924
f 852 926 927
f 852 927 134
f 926 142 929
f 926 929 927
f 927 929 932
f 142 928 930
f 142 930 929
f 928 40 1126
f 928 1126 930
f 930 1126 1130
f 930 1130 929
f 929 1130 932
f 932 1130 923
f 931 932 923
f 134 927 933
f 927 932 931
f 927 931 933
f 933 931 924
f 2231 934 936
f 934 143 940
f 934 940 936
f 936 940 145
f 936 145 935
f 936 935 944
f 143 937 940
f 937 41 938
f 937 938 940
f 940 938 144
f 940 144 939
f 940 939 145
f 145 939 943
f 145 943 942
f 939 144 941
f 939 941 943
f 943 941 40
f 943 40 928
f 942 943 928
f 942 928 142
f 935 145 942
f 935 942 944
f 944 942 142
f 944 142 926
f 852 944 926
f 38 945 947
f 38 947 946
f 947 948 953
f 946 947 953
f 946 953 952
f 945 949 947
f 949 146 948
f 947 949 948
f 948 146 950
f 950 146 1497
f 953 948 950
f 953 950 951
f 952 953 951
f 952 951 961
f 39 954 912
f 954 957 912
f 912 957 958
f 912 958 955
f 954 956 957
f 956 978 957
f 957 978 977
f 957 977 958
f 958 977 971
f 958 971 949
f 959 958 949
f 959 949 945
f 955 959 914
f 955 958 959
f 914 959 945
f 914 945 38
f 961 951 960
f 961 960 963
f 950 962 951
f 950 1497 962
f 951 962 960
f 960 962 983
f 963 960 1219
f 2 1220 965
f 2 965 1210
f 1220 964 965
f 1210 965 970
f 964 988 966
f 964 966 968
f 964 968 965
f 965 968 967
f 968 966 987
f 968 987 992
f 968 992 967
f 970 965 967
f 970 967 969
f 949 971 972
f 971 982 972
f 949 972 146
f 982 974 972
f 982 981 974
f 972 974 973
f 972 973 975
f 973 1499 975
f 972 975 146
f 146 975 1496
f 146 1496 1497
f 956 976 978
f 976 980 978
f 978 980 977
f 976 979 980
f 979 1225 980
f 980 1225 981
f 980 981 982
f 977 980 982
f 977 982 971
f 983 1498 984
f 983 984 985
f 983 985 986
f 984 1008 985
f 986 985 989
f 986 989 988
f 988 989 987
f 988 987 966
f 985 999 989
f 989 999 998
f 987 989 991
f 989 998 991
f 991 1004 990
f 987 991 990
f 987 990 992
f 981 994 974
f 974 994 993
f 974 993 973
f 994 995 996
f 995 1014 996
f 994 996 993
f 993 1006 997
f 973 993 997
f 1010 1009 995
f 1227 1010 995
f 995 1009 1015
f 995 1015 1014
f 1227 995 981
f 981 995 994
f 999 1008 1001
f 999 1001 998
f 1000 147 1008
f 1000 43 147
f 1008 147 1001
f 1001 1003 998
f 1001 147 1003
f 1003 42 1002
f 998 1003 1002
f 998 1002 1004
f 991 998 1004
f 984 1005 1008
f 1500 1006 1005
f 1005 1006 1007
f 1007 43 1000
f 1005 1007 1000
f 1008 1005 1000
f 985 1008 999
f 1010 1013 1009
f 1113 1011 1010
f 1011 1047 1013
f 1010 1011 1013
f 1013 1047 1012
f 1009 1013 1015
f 1015 1013 1012
f 1015 1012 1014
f 43 1017 147
f 1017 148 1016
f 1017 1016 1019
f 147 1017 1019
f 148 1018 1016
f 1016 1018 1179
f 1016 1179 1019
f 1019 1179 42
f 147 1019 1003
f 1003 1019 42
f 1045 149 1020
f 149 1022 1020
f 1045 1020 1024
f 149 1021 1022
f 1022 1021 1371
f 1020 1022 1062
f 1024 1020 1062
f 1024 1062 1023
f 786 1024 1023
f 786 1023 1064
f 1087 1108 1401
f 1401 1108 45
f 1014 1025 1027
f 1014 1027 996
f 996 1027 1026
f 996 1026 993
f 1025 1028 1029
f 1025 1029 1027
f 1027 1029 1026
f 1029 1367 1026
f 993 1026 1030
f 993 1030 1006
f 1006 1030 1032
f 1030 1026 1032
f 1026 1367 1032
f 1032 1367 1031
f 1032 1031 1033
f 1033 1031 1036
f 1006 1032 1034
f 1006 1034 1007
f 1032 1033 1034
f 1007 1034 43
f 43 1034 1035
f 43 1035 1017
f 1034 1033 1035
f 1035 1039 148
f 1017 1035 148
f 1033 1036 1035
f 1035 1036 1039
f 1039 1036 1038
f 1036 1037 1038
f 1039 1038 1041
f 148 1039 1041
f 1018 148 1041
f 1018 1041 44
f 1041 1044 1040
f 44 1041 1040
f 1041 1038 1042
f 1042 1038 1044
f 1041 1042 1044
f 1044 1038 1043
f 1044 1043 1021
f 1044 1021 149
f 1040 149 1045
f 1040 1044 149
f 1012 1047 1046
f 1046 1048 1049
f 1046 1049 1380
f 1046 1380 1052
f 150 1046 1052
f 1012 1046 150
f 1012 150 1014
f 1014 150 1051
f 1014 1051 1025
f 1051 150 1053
f 1051 1053 1050
f 1025 1051 1050
f 150 1052 1053
f 1050 1053 151
f 1053 1379 151
f 151 1379 1122
f 1025 1050 1028
f 1050 151 1028
f 1371 1021 1055
f 1055 1060 1054
f 1371 1055 1054
f 1021 1057 1055
f 1021 1043 1057
f 1055 1057 1056
f 1055 1056 1060
f 1056 1369 1060
f 1060 1369 1058
f 1059 1060 1058
f 1059 1058 1061
f 1054 1060 1059
f 1054 1059 1061
f 1054 1061 1119
f 1371 1374 1062
f 1371 1062 1022
f 1374 1423 1062
f 1062 1063 1023
f 1062 1423 1063
f 1023 1063 46
f 1023 46 1064
f 1419 1428 1065
f 1419 1065 1066
f 1065 1073 1066
f 1066 1073 1115
f 1377 1066 1115
f 1425 1426 152
f 152 1426 1067
f 152 1067 1068
f 1068 1067 1432
f 1068 1432 1069
f 1432 1078 1429
f 1070 1429 1078
f 1429 1070 1079
f 1071 1072 1074
f 1071 1074 1073
f 1076 153 1075
f 1075 153 1077
f 1075 1083 1431
f 1075 1077 1083
f 1078 1083 1070
f 1431 1083 1078
f 1083 1082 1079
f 1083 1079 1070
f 1072 47 1080
f 1080 47 1091
f 1072 1080 1114
f 1072 1114 1074
f 153 1114 1086
f 1114 1105 1086
f 153 1086 1081
f 153 1081 1077
f 1077 1081 1083
f 1081 1082 1083
f 1082 1084 1079
f 1084 1101 1079
f 1079 1101 1103
f 1081 1085 1082
f 1085 1401 1084
f 1082 1085 1084
f 1105 1087 1086
f 1087 1401 1085
f 1086 1087 1085
f 1086 1085 1081
f 1088 1394 175
f 1089 1399 1398
f 1386 1388 1387
f 1090 1092 1091
f 47 1090 1091
f 48 1389 1092
f 1090 48 1092
f 1080 1091 1104
f 1104 1091 1109
f 1091 1092 1093
f 1109 1091 1093
f 1109 1093 45
f 45 1093 1095
f 1093 1390 1095
f 1095 1391 1094
f 1095 1094 154
f 154 1094 1096
f 1094 1097 1096
f 1094 1391 1097
f 1096 1097 48
f 1096 48 1090
f 1096 1090 47
f 1103 1102 1098
f 1098 1099 47
f 1103 1098 47
f 47 1396 1096
f 47 1099 1396
f 1396 176 1100
f 1096 1396 1100
f 1096 1100 154
f 154 1100 1101
f 1101 1400 1102
f 1101 1102 1103
f 1104 1110 155
f 1104 155 1107
f 1104 1107 1105
f 1105 1107 1106
f 1106 1383 1108
f 1087 1105 1106
f 1087 1106 1108
f 1108 1383 1384
f 1108 1384 45
f 45 1110 1109
f 1109 1110 1104
f 1421 1069 1430
f 1069 1432 1430
f 1421 1430 1419
f 1430 1428 1419
f 1221 1111 1113
f 1111 1112 1331
f 1080 1104 1114
f 1114 1104 1105
f 1074 153 1076
f 1074 1114 153
f 1073 1074 1076
f 1115 1427 1425
f 1115 1425 1116
f 1119 1061 1117
f 1119 1117 1121
f 1119 1121 1118
f 1061 1058 1117
f 1117 1058 1120
f 1117 1120 1121
f 1121 1120 1028
f 1121 1028 151
f 1118 1121 1122
f 1122 1121 151
f 1079 1123 1429
f 1123 1071 1429
f 1123 1072 1071
f 1079 1103 1123
f 1103 47 1072
f 1103 1072 1123
f 801 2183 807
f 803 872 817
f 817 872 156
f 817 156 818
f 40 1124 1126
f 1124 157 1125
f 1124 1125 1126
f 1126 1125 1128
f 1126 1128 1130
f 157 1127 910
f 157 910 1125
f 1125 910 1128
f 1130 1128 1129
f 1130 1129 923
f 923 1129 1131
f 923 1131 915
f 1129 1128 909
f 1129 909 1131
f 1131 909 908
f 1131 908 1134
f 1134 908 1132
f 1134 1132 1133
f 915 1131 1134
f 915 1134 917
f 917 1134 1133
f 961 1136 952
f 1136 1137 1135
f 1136 1135 1138
f 952 1136 1138
f 1135 1137 1407
f 1135 1407 1157
f 1135 1157 1158
f 952 1138 946
f 1138 1135 1158
f 1138 1158 1140
f 946 1138 1140
f 946 1140 38
f 38 1140 1141
f 38 1141 913
f 1140 1162 1141
f 1162 1142 1141
f 1162 50 1142
f 1141 1142 1143
f 1143 1142 1511
f 913 1141 1143
f 40 1144 1145
f 40 1145 1124
f 1144 1146 1145
f 1124 1145 157
f 1146 1435 1148
f 1146 1148 1145
f 1145 1148 1147
f 157 1145 1149
f 157 1149 1127
f 1145 1147 1149
f 1127 1149 905
f 1149 1147 1150
f 1149 1150 1156
f 905 1149 1156
f 1147 1148 1151
f 1147 1151 1150
f 1150 1154 1153
f 1150 1151 1152
f 1150 1152 1154
f 1154 1152 1153
f 905 1156 906
f 1156 1150 1153
f 1156 1153 1155
f 906 1156 1155
f 1157 1160 1158
f 1157 1410 1160
f 1410 1462 1159
f 1410 1159 1160
f 1160 1159 1161
f 1160 1161 1162
f 1162 1161 50
f 1158 1160 1162
f 1158 1162 1140
f 41 2523 1163
f 41 1163 938
f 2523 158 1167
f 2523 1167 1163
f 938 1163 1167
f 938 1167 144
f 158 1164 1167
f 158 2526 1164
f 1167 1164 1166
f 1166 1164 1165
f 1167 1166 1172
f 144 1167 1168
f 144 1168 941
f 1168 1167 1172
f 1168 1172 1173
f 941 1168 1173
f 941 1173 40
f 1170 1171 1172
f 1169 1170 1165
f 1171 1146 1172
f 1172 1146 1144
f 1172 1144 1173
f 1173 1144 40
f 1170 1172 1166
f 1165 1170 1166
f 2406 159 1045
f 159 1243 165
f 159 165 1239
f 159 1239 1174
f 1045 159 1174
f 1045 1174 1175
f 1045 1175 1040
f 1174 1239 1176
f 1175 1174 1176
f 1175 1176 1177
f 1176 1229 1177
f 1177 1229 1231
f 1040 1175 44
f 1175 1177 44
f 44 1177 1180
f 1018 44 1180
f 1177 1178 1180
f 1177 1231 1178
f 1180 1178 2540
f 1018 1180 1179
f 1180 2540 1179
f 1455 1448 1182
f 1182 1448 1181
f 1182 1181 1183
f 1183 1445 1452
f 1183 1181 1447
f 1183 1447 1445
f 1452 1445 1450
f 1450 1445 1185
f 1450 1185 1184
f 1450 1184 1465
f 1184 1185 1442
f 1454 1449 1455
f 1202 1205 1471
f 1205 49 1139
f 1471 1205 1186
f 1205 1139 1186
f 160 1346 1345
f 1416 1208 1193
f 1193 1208 1203
f 1193 1203 1187
f 1199 1188 1189
f 1188 1478 1189
f 1199 1189 1198
f 1477 1476 1189
f 1189 1476 1332
f 1476 1192 1332
f 1189 1332 1198
f 1192 1476 1190
f 1190 1476 1480
f 1190 1480 1191
f 51 1190 1188
f 1188 1190 1191
f 1191 1478 1188
f 1481 52 1192
f 1193 52 1194
f 1194 1195 1193
f 1416 1193 1195
f 1195 1196 1197
f 1197 1196 51
f 51 1481 1192
f 1190 51 1192
f 51 1196 1481
f 1335 1471 1474
f 1198 1335 1474
f 1198 1474 1475
f 1198 1475 1199
f 1199 1186 1139
f 1186 1473 1347
f 1186 1347 1471
f 1358 1334 1356
f 1202 1471 1334
f 1356 1334 1200
f 1201 1203 1358
f 1203 1209 1202
f 1358 1203 1202
f 1358 1202 1334
f 1209 1348 53
f 1209 53 1204
f 1202 1209 1204
f 1202 1204 1205
f 1204 1349 1205
f 1204 53 1349
f 1205 1350 1207
f 1205 1207 49
f 49 1207 1206
f 1206 1207 1351
f 49 1206 1208
f 1206 1352 1208
f 1206 1351 1352
f 1208 1352 1348
f 1208 1348 1209
f 1208 1209 1203
f 2 1210 285
f 1210 162 1211
f 285 1210 1211
f 1210 970 1212
f 970 969 1212
f 1210 1212 162
f 162 1212 1213
f 162 1213 1214
f 1211 161 286
f 1211 162 1214
f 1211 1214 161
f 961 1215 1218
f 961 963 1215
f 963 511 1215
f 1215 511 1216
f 1216 6 917
f 1215 1216 917
f 1218 1215 1133
f 1133 1215 917
f 1132 1217 1133
f 1217 1137 1218
f 1218 1137 1136
f 1218 1136 961
f 1133 1217 1218
f 983 986 964
f 983 964 1219
f 983 1219 960
f 986 988 964
f 1219 964 1220
f 1221 1113 1222
f 1222 1113 1010
f 1222 1224 1223
f 1222 1010 1224
f 1010 1227 1224
f 1223 1224 1227
f 1223 1227 1226
f 979 2581 1225
f 2581 163 1225
f 163 1226 1227
f 1225 163 1227
f 1225 1227 981
f 104 4 1228
f 4 282 1228
f 1228 282 286
f 1229 1232 1230
f 1229 1230 1231
f 1231 1230 1236
f 1232 1242 1233
f 1232 1233 1230
f 1230 1233 1234
f 1230 1234 1236
f 1236 1234 1235
f 1178 1231 1237
f 1231 1236 1237
f 1237 1236 1235
f 1239 1238 1176
f 1238 1240 1241
f 1238 1241 1176
f 1176 1241 1242
f 1176 1242 1232
f 1176 1232 1229
f 1243 2597 1245
f 1243 1245 165
f 2597 1244 1245
f 1244 164 1245
f 1245 164 1247
f 1245 1247 165
f 1247 164 1246
f 1247 1246 1240
f 1247 1240 1238
f 165 1247 1239
f 1247 1238 1239
f 1242 1249 1233
f 1249 1257 1251
f 1249 1251 1250
f 1249 1250 1248
f 1233 1249 1248
f 1250 1266 1248
f 1250 1251 1266
f 1248 1266 2601
f 1233 1248 1234
f 1240 1246 1253
f 1240 1253 1241
f 1246 1255 1253
f 1253 1255 1252
f 1241 1253 1252
f 1255 1261 1269
f 1255 1269 1254
f 1255 1254 1252
f 1252 1254 1257
f 1254 1256 1257
f 1257 1256 1251
f 1241 1252 1242
f 1252 1257 1242
f 1242 1257 1249
f 1244 1258 164
f 1258 1259 164
f 164 1259 1260
f 1258 1275 1259
f 1275 1274 1259
f 1260 1259 1261
f 1259 1274 1261
f 1260 1261 1255
f 164 1260 1246
f 1246 1260 1255
f 1256 1262 1251
f 1262 1263 166
f 1262 166 1267
f 1251 1262 1267
f 1263 1285 166
f 166 1285 1264
f 166 1264 1265
f 1251 1267 1266
f 1267 166 1265
f 1267 1265 1266
f 1261 1270 1269
f 1270 1272 1269
f 1269 1272 1268
f 1269 1268 1254
f 1272 1271 1268
f 1271 1285 1263
f 1268 1271 1263
f 1254 1268 1256
f 1268 1263 1262
f 1256 1268 1262
f 1275 1273 1274
f 2629 1276 1274
f 1273 2629 1274
f 1274 1277 1270
f 1274 1276 1277
f 1277 1276 1272
f 1277 1272 1270
f 1274 1270 1261
f 2629 2630 1281
f 2629 1281 1276
f 2630 1279 1278
f 2630 1278 1281
f 1279 54 1288
f 1278 1279 1288
f 1278 1288 1280
f 1280 1294 1283
f 1278 1280 1283
f 1281 1278 1283
f 1281 1283 1282
f 1276 1281 1282
f 1276 1282 1272
f 1282 1283 1284
f 1272 1282 1271
f 1283 1294 1298
f 1283 1298 1284
f 1284 1298 1286
f 1282 1284 1285
f 1271 1282 1285
f 1285 1284 1286
f 1285 1286 2635
f 1285 2635 1264
f 1286 1302 1287
f 2635 1286 1287
f 54 167 1288
f 167 2639 1290
f 2639 1289 1290
f 167 1290 1292
f 167 1292 1291
f 1290 1289 1292
f 1288 167 1291
f 1288 1291 1280
f 1280 1291 1293
f 1280 1293 1294
f 1294 1293 1298
f 1291 1292 1295
f 1291 1295 1293
f 1295 1306 1293
f 1293 1306 1296
f 1296 1310 1297
f 1298 1293 1296
f 1298 1296 1297
f 1298 1297 1286
f 1286 1297 1299
f 1286 1299 1302
f 1297 1310 168
f 1297 168 1299
f 1299 168 1302
f 1302 168 1316
f 1302 1316 1301
f 1301 1316 1300
f 1301 1300 2647
f 1302 1301 2647
f 1302 2647 1287
f 2651 2663 1304
f 2651 1304 1289
f 2663 1303 1304
f 1304 1303 1319
f 1289 1304 1305
f 1304 1319 1305
f 1305 1319 1320
f 1289 1305 1292
f 1292 1305 1307
f 1292 1307 1295
f 1307 1308 1306
f 1295 1307 1306
f 1305 1320 1307
f 1320 1322 1308
f 1307 1320 1308
f 1308 1322 1309
f 1309 1322 1313
f 1306 1311 1296
f 1306 1308 1309
f 1306 1309 1311
f 1311 1309 1314
f 1311 1314 1310
f 1296 1311 1310
f 1310 1314 168
f 168 1314 1312
f 1309 1313 1314
f 1312 1314 2662
f 1314 1313 2662
f 2662 1313 1325
f 168 1312 1316
f 1312 2662 1316
f 1316 2662 1315
f 1316 1315 1300
f 2663 1317 1303
f 1317 2664 1318
f 1303 1317 169
f 1303 169 1319
f 1317 1318 169
f 1319 169 1321
f 1319 1321 1320
f 1320 1321 1322
f 169 1318 1321
f 1321 1318 171
f 1321 1328 170
f 1322 1321 170
f 1322 170 1313
f 1313 170 1323
f 170 1328 1324
f 170 1324 1323
f 1323 1324 2670
f 1323 2670 1325
f 1313 1323 1325
f 2664 1327 1318
f 2664 2671 1327
f 2671 1326 1327
f 1318 1327 171
f 1327 1326 171
f 1321 171 1328
f 1328 2262 2673
f 808 806 2188
f 811 808 813
f 811 813 1402
f 1402 813 814
f 784 785 1506
f 785 55 1506
f 1403 1406 784
f 1403 1330 1329
f 1403 805 1330
f 1047 1011 1113
f 1047 1113 1111
f 1331 1047 1111
f 786 1064 1331
f 1333 1200 1335
f 1332 1333 1335
f 1200 1334 1335
f 1335 1334 1471
f 1332 1335 1198
f 1333 1332 1418
f 1418 1332 1192
f 52 1418 1192
f 1194 1337 1340
f 1194 1340 1338
f 1338 1340 1336
f 1338 1336 1339
f 1336 1340 1337
f 1477 172 1342
f 1342 1344 1343
f 1342 1343 1480
f 1343 1344 1341
f 1479 1343 1341
f 1341 1344 172
f 172 1344 1342
f 1474 160 1345
f 1472 1345 1346
f 1473 1346 1347
f 1347 160 1474
f 1346 160 1347
f 53 1348 1349
f 1205 1349 1350
f 1207 1350 1351
f 1350 173 1351
f 1351 173 1352
f 1352 173 1348
f 1348 1353 1354
f 1348 1354 1349
f 1349 1354 1350
f 1350 1354 173
f 173 1354 1353
f 173 1353 1348
f 1418 1417 1444
f 1357 1200 1355
f 1355 1200 1333
f 1355 1333 1446
f 1448 1356 1357
f 1356 1200 1357
f 1414 1201 1443
f 1443 1201 1358
f 1443 1358 1356
f 1448 1443 1356
f 2249 873 780
f 1361 1359 1362
f 1361 1362 1360
f 56 1361 1360
f 1359 869 1365
f 1365 1364 1362
f 1359 1365 1362
f 1362 858 1363
f 1362 1364 858
f 1363 858 857
f 1360 1362 1363
f 1360 1363 857
f 1360 857 817
f 35 876 1364
f 35 1364 1365
f 138 35 1365
f 876 874 1364
f 1364 874 858
f 138 1365 869
f 34 869 137
f 869 1359 137
f 137 1359 1361
f 137 1361 1366
f 1036 1031 1370
f 1031 1367 1368
f 1370 1031 1368
f 1367 1029 1368
f 1368 1029 1028
f 1368 1028 1120
f 1370 1368 1369
f 1368 1120 1058
f 1369 1368 1058
f 1043 1037 1057
f 1043 1038 1037
f 1057 1037 1370
f 1057 1370 1056
f 1037 1036 1370
f 1056 1370 1369
f 1371 1054 1374
f 1054 1119 1372
f 1054 1373 1424
f 1054 1372 1373
f 1374 1054 1424
f 1373 1372 1375
f 1372 1119 1118
f 1372 1118 1376
f 1372 1376 1375
f 1376 1118 1122
f 1375 1376 1377
f 1380 1378 1052
f 1052 1378 1053
f 1378 1377 1376
f 1053 1378 1379
f 1379 1378 1376
f 1379 1376 1122
f 1420 1419 1049
f 1049 1419 1380
f 1110 1385 1381
f 1110 1381 155
f 1381 174 1107
f 155 1381 1107
f 1107 174 1106
f 1106 174 1382
f 1106 1382 1383
f 1383 1388 1384
f 1383 1382 1388
f 1384 1385 45
f 45 1385 1110
f 1384 1388 1385
f 1385 1388 1381
f 1388 1386 1381
f 1381 1386 174
f 174 1386 1387
f 1382 174 1387
f 1382 1387 1388
f 48 1392 1389
f 1392 1393 1389
f 1389 1393 1092
f 1092 1393 1093
f 1393 1394 1390
f 1093 1393 1390
f 1390 1088 1391
f 1095 1390 1391
f 1097 1391 1392
f 1391 1088 1392
f 1097 1392 48
f 1392 175 1393
f 1393 175 1394
f 1390 1394 1088
f 1392 1088 175
f 1102 1397 1098
f 1098 1397 1395
f 1098 1395 1099
f 1099 1395 1396
f 1396 1395 1398
f 1396 1398 176
f 1100 176 1400
f 1100 1400 1101
f 1400 1397 1102
f 1397 1399 1089
f 1397 1089 1395
f 1395 1089 1398
f 1398 1399 1400
f 176 1398 1400
f 1400 1399 1397
f 1084 1401 154
f 1084 154 1101
f 1401 45 1095
f 154 1401 1095
f 1404 56 811
f 1404 1366 56
f 56 1366 1361
f 1366 1404 1505
f 1505 1404 1402
f 1505 1402 816
f 1402 784 1506
f 1403 784 1402
f 1403 1402 805
f 805 1405 2753
f 805 2753 1330
f 1404 811 1402
f 1402 812 1405
f 783 784 1406
f 177 806 808
f 56 1360 817
f 863 804 861
f 861 804 860
f 906 1155 1409
f 1155 178 1408
f 1155 1408 1409
f 178 1157 1407
f 178 1407 1408
f 1408 1407 1137
f 1408 1137 1217
f 1409 1408 1217
f 1409 1217 1132
f 908 1409 1132
f 1462 1410 1411
f 1411 1410 1413
f 1411 1413 1412
f 1157 178 1410
f 1410 178 1413
f 1413 178 1155
f 1413 1155 1153
f 1412 1413 1153
f 1412 1153 1152
f 1184 1414 1415
f 1414 1449 1415
f 1415 1449 1454
f 49 1416 1139
f 49 1208 1416
f 1416 51 1188
f 1139 1416 1188
f 1139 1188 1199
f 1416 1195 1197
f 1416 1197 51
f 1417 1201 1414
f 1446 1333 1418
f 1446 1418 1444
f 1425 1373 1116
f 1373 1375 1116
f 1116 1375 1377
f 1116 1377 1115
f 1380 1066 1378
f 1378 1066 1377
f 1419 1066 1380
f 46 1421 1420
f 1421 1419 1420
f 1374 1422 1423
f 1422 1068 1423
f 1423 1068 1063
f 1068 1069 1063
f 1063 1069 1421
f 1063 1421 46
f 1373 1425 1424
f 1425 152 1424
f 1424 152 1068
f 1424 1068 1422
f 1374 1424 1422
f 1047 1331 1048
f 1331 1064 46
f 1331 46 1048
f 1048 46 1420
f 1046 1047 1048
f 1426 1076 1075
f 1426 1075 1067
f 1115 1073 1427
f 1073 1076 1427
f 1427 1076 1426
f 1425 1427 1426
f 1065 1071 1073
f 179 1429 1071
f 179 1071 1428
f 1065 1428 1071
f 1432 179 1430
f 1432 1429 179
f 1430 179 1428
f 1067 1075 1431
f 1067 1431 1432
f 1431 1078 1432
f 1187 1417 1418
f 1187 1203 1201
f 1187 1201 1417
f 1193 1187 1418
f 1193 1418 52
f 1433 1466 1434
f 1171 1435 1146
f 1171 1437 1435
f 1437 1451 1435
f 1435 1451 1436
f 1435 1436 1148
f 180 1437 1171
f 180 1170 1169
f 1170 180 1171
f 1470 1438 181
f 1439 1441 1440
f 1441 1460 1459
f 1441 1459 1440
f 1417 1414 1442
f 1442 1414 1184
f 1444 1417 1442
f 1185 1444 1442
f 1445 1446 1185
f 1185 1446 1444
f 1181 1357 1447
f 1357 1355 1447
f 1447 1355 1446
f 1447 1446 1445
f 1448 1357 1181
f 1414 1443 1449
f 1449 1443 1448
f 1449 1448 1455
f 1465 1184 1434
f 1434 1184 1415
f 1437 1450 1451
f 1437 1452 1450
f 1451 1450 1465
f 1183 1452 1437
f 1514 1456 1453
f 1456 1455 1182
f 1456 1182 1453
f 1453 1182 1183
f 1454 1455 1456
f 1415 1454 1457
f 1457 1463 1415
f 1439 1440 1463
f 1463 1440 1458
f 1415 1463 1458
f 1415 1458 1434
f 1458 1440 1459
f 1458 1459 1464
f 1464 1459 1460
f 1464 1460 1152
f 1152 1460 1461
f 1152 1461 1412
f 1460 1441 1461
f 1461 1441 1439
f 1412 1461 1411
f 1461 1439 1462
f 1411 1461 1462
f 1462 1463 1457
f 1462 1439 1463
f 1148 1467 1464
f 1148 1464 1151
f 1467 1433 1464
f 1151 1464 1152
f 1464 1433 1458
f 1458 1433 1434
f 1434 1466 1465
f 1451 1465 1436
f 1465 1466 1436
f 1436 1466 1467
f 1466 1433 1467
f 1436 1467 1148
f 1462 1468 1159
f 1159 1468 1161
f 1462 1470 1468
f 1468 1470 181
f 1468 182 50
f 1161 1468 50
f 50 182 1514
f 1468 181 182
f 182 181 1438
f 182 1438 1469
f 1514 182 1469
f 1514 1469 1456
f 1469 1438 1457
f 1456 1469 1454
f 1454 1469 1457
f 1457 1470 1462
f 1457 1438 1470
f 1472 1346 1473
f 1472 1473 1199
f 1199 1473 1186
f 1475 1472 1199
f 1474 1345 1475
f 1475 1345 1472
f 1471 1347 1474
f 1342 1476 1477
f 1478 1341 172
f 1478 172 1477
f 1478 1477 1189
f 1191 1343 1479
f 1479 1341 1478
f 1191 1479 1478
f 1476 1342 1480
f 1480 1343 1191
f 1337 1194 52
f 1336 1337 1481
f 1481 1337 52
f 1196 1339 1336
f 1196 1336 1481
f 1195 1194 1338
f 1195 1338 1196
f 1196 1338 1339
f 286 161 1482
f 286 1482 1485
f 161 1214 1483
f 161 1483 1482
f 1214 1213 1483
f 1482 1483 1485
f 1483 2832 844
f 1485 1483 844
f 104 1228 1484
f 104 1484 881
f 883 104 881
f 1228 286 1485
f 1228 1485 1484
f 1484 1485 844
f 37 1486 1487
f 1487 1486 135
f 1486 881 135
f 135 881 1484
f 135 1484 844
f 1487 135 1488
f 904 1487 36
f 904 903 1487
f 903 37 1487
f 1492 36 1489
f 36 1487 1488
f 36 1488 1489
f 1491 139 1490
f 1491 1490 1493
f 139 1492 1490
f 1490 1492 1489
f 1493 1490 1494
f 1493 1494 29
f 1504 791 1495
f 791 1493 1495
f 791 1491 1493
f 1493 29 1495
f 1495 29 132
f 1048 1420 1049
f 1497 1496 962
f 975 1499 1496
f 1496 984 1498
f 1496 1499 984
f 962 1496 1498
f 962 1498 983
f 973 997 1499
f 997 1500 1499
f 997 1006 1500
f 1499 1500 1005
f 984 1499 1005
f 1495 2848 1501
f 1495 132 2848
f 2848 183 1501
f 132 794 2848
f 1501 183 870
f 1503 1501 871
f 1503 1504 1501
f 1504 1495 1501
f 871 1501 870
f 1508 1502 1503
f 1502 1504 1503
f 1503 871 863
f 1508 1503 1505
f 1503 863 1505
f 1506 1507 816
f 1507 1508 816
f 816 1508 1505
f 55 796 1506
f 924 925 1510
f 925 1509 1510
f 1510 1509 184
f 1509 288 104
f 1509 104 184
f 184 104 883
f 1510 184 883
f 1511 1183 1437
f 1511 1453 1183
f 180 1511 1437
f 1169 1511 180
f 1143 1511 1169
f 1143 1169 1512
f 1512 1169 1165
f 2526 1512 1164
f 2526 1513 1512
f 1513 913 1143
f 1512 1513 1143
f 1164 1512 1165
f 50 1514 185
f 185 1514 1515
f 1514 1453 1515
f 1453 1511 1515
f 1511 1142 1515
f 1142 50 185
f 1142 185 1515
f 496 448 186
f 448 447 186
f 447 22 1618
f 447 1618 186
f 186 1618 1517
f 186 1517 1516
f 1517 194 450
f 1516 1517 450
f 492 1516 450
f 492 450 451
f 425 426 458
f 426 20 1518
f 458 1518 1584
f 458 426 1518
f 821 819 862
f 1520 187 1519
f 1520 1519 1522
f 312 1520 1522
f 312 1522 315
f 187 1521 1519
f 1521 334 333
f 1519 1521 333
f 1519 333 319
f 1519 319 1522
f 315 1522 318
f 710 1523 1525
f 1525 1523 1524
f 1525 1524 1529
f 641 334 1521
f 641 1521 187
f 641 187 1527
f 1523 641 1527
f 1523 1527 1524
f 1524 1527 1526
f 1527 187 1520
f 1527 1520 312
f 1527 312 680
f 1526 1527 680
f 1529 1524 1528
f 1524 1526 1528
f 1528 1526 1531
f 398 1530 713
f 398 713 1532
f 710 1525 1530
f 1530 1525 1529
f 1530 1529 713
f 713 1529 1531
f 1529 1528 1531
f 392 1577 1534
f 1577 1533 1534
f 326 322 1535
f 322 320 1535
f 1535 320 1536
f 320 319 337
f 320 337 1536
f 1535 1536 1557
f 1539 1535 1557
f 110 1538 1537
f 1537 1538 188
f 1538 326 1539
f 326 1535 1539
f 1538 1539 188
f 1537 188 1540
f 1540 188 1563
f 1646 730 1542
f 730 1541 1542
f 1542 1541 1543
f 730 110 1537
f 730 1537 1541
f 1541 1537 1543
f 1537 1540 1543
f 1543 1540 722
f 727 1543 722
f 1642 1542 727
f 1642 727 1641
f 1542 1543 727
f 1641 727 1644
f 1544 1546 771
f 28 1544 771
f 1544 1545 1546
f 1546 761 771
f 738 1548 764
f 738 1547 1548
f 1548 1547 1549
f 764 1548 1549
f 764 1549 765
f 1547 1640 1550
f 1547 1550 1549
f 1549 1550 1545
f 1549 1545 1544
f 765 1549 766
f 766 1549 1544
f 766 1544 28
f 1636 1551 763
f 763 1551 1552
f 1551 1593 1624
f 1551 1624 1625
f 1551 1625 1552
f 1552 1625 1555
f 1552 1555 1553
f 763 1552 1553
f 129 763 1553
f 433 774 1554
f 774 773 1554
f 1554 773 1556
f 1554 1556 505
f 773 129 1553
f 1556 773 1555
f 773 1553 1555
f 1556 1555 779
f 1556 779 18
f 1557 1558 1539
f 1557 1560 1558
f 1558 1560 189
f 1539 1558 188
f 1560 354 1559
f 1560 1559 189
f 189 1559 1562
f 189 1562 1561
f 188 1558 1563
f 1558 189 1561
f 1558 1561 1563
f 1563 1561 722
f 1563 722 1540
f 337 1565 1536
f 1565 1564 1536
f 1565 360 364
f 1565 364 1564
f 1564 364 1566
f 1566 364 354
f 1566 354 1560
f 1536 1564 1566
f 1536 1566 1557
f 1557 1566 1560
f 335 1567 336
f 336 1567 1568
f 336 1568 1571
f 1570 365 1569
f 1567 1570 1569
f 1567 1569 1568
f 1569 367 1568
f 1568 367 360
f 1568 360 1565
f 1571 1568 1565
f 1571 1565 337
f 1572 1575 1574
f 1572 1574 1573
f 1573 1574 640
f 1575 13 381
f 1575 381 111
f 1575 111 1574
f 1574 111 386
f 386 365 1570
f 386 1570 1567
f 640 1574 386
f 640 386 1567
f 640 1567 335
f 1572 709 1576
f 1572 1576 1578
f 1572 1578 1575
f 709 1577 1576
f 1576 1577 392
f 1576 392 1578
f 1575 1578 13
f 709 1579 1577
f 190 462 621
f 190 1580 462
f 1580 618 462
f 621 462 460
f 621 460 1581
f 621 1581 622
f 1582 399 1584
f 1582 396 399
f 1584 399 1583
f 1583 399 622
f 1583 622 1581
f 1584 1623 1582
f 1623 1533 1582
f 1582 1533 1577
f 1582 1577 396
f 27 702 1586
f 702 1585 1586
f 1586 1585 1588
f 1586 1588 1589
f 1586 1589 126
f 1585 701 1587
f 701 618 1580
f 701 1580 1587
f 1587 1580 190
f 1585 1587 1588
f 1588 1587 190
f 1588 190 717
f 1589 1588 717
f 1589 717 715
f 126 1589 715
f 126 715 682
f 10 1592 1590
f 10 1590 1591
f 1592 191 1590
f 1592 1626 191
f 1590 191 1594
f 1590 1594 1630
f 1594 191 1593
f 1630 1594 1593
f 1591 1590 1595
f 1590 1630 1595
f 1579 398 396
f 1577 1579 396
f 1596 1598 357
f 355 1596 357
f 1601 757 1596
f 757 758 1598
f 1596 757 1598
f 1598 758 1597
f 1598 1597 192
f 357 1598 192
f 357 192 10
f 361 1599 362
f 361 1600 1599
f 1599 1600 1602
f 1600 338 1602
f 1601 1602 757
f 362 1599 1603
f 1599 1602 1601
f 1599 1601 1603
f 1603 1601 1596
f 1603 1596 355
f 384 1616 1606
f 1616 1604 1606
f 1606 1604 193
f 1606 193 1605
f 1604 1615 193
f 1615 9 346
f 1615 346 193
f 193 346 348
f 193 348 1607
f 1607 348 338
f 1607 338 1600
f 1605 193 1607
f 1605 1607 1608
f 1608 1607 1600
f 1608 1600 361
f 1611 1609 1612
f 1611 1612 1610
f 1613 22 692
f 1613 692 125
f 1613 125 1612
f 1609 1613 1612
f 1612 1615 1614
f 1612 125 697
f 1612 697 1615
f 1615 697 9
f 1614 1615 1604
f 1610 1616 384
f 1610 1612 1614
f 1610 1614 1616
f 1616 1614 1604
f 194 1517 1619
f 1517 1618 1617
f 1517 1617 1619
f 1618 22 1613
f 1618 1613 1609
f 1618 1609 1620
f 1617 1618 1620
f 1617 1620 1619
f 1620 1609 1611
f 1620 1611 391
f 1619 1620 391
f 1621 115 1622
f 1621 1622 1623
f 115 454 1622
f 454 194 1534
f 1622 454 1534
f 1622 1534 1533
f 1623 1622 1533
f 1518 1623 1584
f 1555 1625 778
f 778 1625 1624
f 1624 1593 191
f 1624 191 1627
f 1624 1627 195
f 1627 191 1626
f 195 1627 1626
f 778 1624 195
f 778 195 776
f 776 195 1656
f 776 1656 130
f 724 1629 1628
f 724 1628 1634
f 1629 1595 1630
f 1629 1630 1628
f 1628 1630 1593
f 1628 1593 1631
f 1631 1593 1551
f 1634 1628 1631
f 1631 1551 1636
f 1644 1632 1633
f 1644 1633 1643
f 1643 1633 1635
f 1643 1635 196
f 1632 724 1634
f 1632 1634 1631
f 1632 1631 1633
f 1633 1631 1636
f 1633 1636 1635
f 1635 1636 763
f 1635 763 760
f 196 1635 1637
f 196 1637 1645
f 1637 1635 760
f 1637 760 762
f 1645 1637 762
f 1645 762 1545
f 1640 1638 1639
f 1640 1639 1550
f 1638 1646 1642
f 1646 1542 1642
f 1638 1642 1641
f 1638 1641 1639
f 1639 1641 1644
f 1639 1644 1643
f 1550 1639 1645
f 1639 1643 1645
f 1645 1643 196
f 1550 1645 1545
f 379 731 1647
f 731 1646 1647
f 1646 1638 1647
f 1647 1638 737
f 737 1638 1640
f 380 379 742
f 742 379 1648
f 1648 379 1647
f 10 1591 1649
f 1591 1650 1649
f 1649 1650 1653
f 1591 1595 1650
f 1595 1629 1650
f 1650 1652 1651
f 1650 1629 1652
f 1652 1629 724
f 1653 1650 1651
f 1653 1651 1562
f 130 1654 1655
f 1655 1654 17
f 130 1655 15
f 344 721 1657
f 344 1657 1659
f 721 744 1654
f 1657 721 1656
f 721 1654 1656
f 1656 1654 130
f 1657 1656 195
f 1657 195 1626
f 1659 1657 1626
f 1597 342 1658
f 1658 342 1660
f 1597 1658 192
f 342 344 1659
f 342 1659 1660
f 1659 1626 1592
f 1660 1659 1592
f 192 1658 1592
f 1658 1660 1592
f 192 1592 10
f 1727 1849 1661
f 1661 1849 2137
f 1727 1851 1849
f 1661 2137 57
f 60 1662 1663
f 1662 1666 1668
f 1663 1662 1668
f 1662 1664 1665
f 1665 2568 1666
f 1662 1665 1666
f 1666 2568 59
f 1666 59 1895
f 1666 1895 1667
f 1668 1666 1667
f 1957 1668 1667
f 1957 1667 58
f 2296 1669 1670
f 1669 1671 1670
f 2296 1670 61
f 1669 2855 1671
f 2855 2582 1671
f 1671 1672 1673
f 1671 2583 1672
f 1672 2583 60
f 61 1670 1673
f 1670 1671 1673
f 1674 198 197
f 198 1914 1676
f 1914 1675 1676
f 1676 1675 1921
f 197 198 1677
f 62 1678 2085
f 1678 199 1679
f 1678 1679 1680
f 199 2296 1679
f 1679 2296 61
f 1680 1679 1681
f 1679 61 1681
f 1680 1681 1950
f 2085 1678 1682
f 1678 1680 1682
f 1682 1680 1950
f 1682 1950 1951
f 1696 2068 1683
f 1696 1683 1686
f 2068 1684 1683
f 1684 1689 1685
f 1683 1684 1685
f 1683 1685 1687
f 1685 1689 1691
f 1685 1691 1703
f 1687 1685 1703
f 1686 1683 1687
f 1686 1687 1697
f 1684 1688 1689
f 2072 1761 1688
f 1689 1688 1690
f 1689 1690 1707
f 1689 1707 1691
f 1928 1693 1692
f 1692 1693 200
f 200 1693 1694
f 1693 2001 1694
f 1694 2001 63
f 1692 1937 2135
f 1692 200 1937
f 2067 1695 1699
f 64 2067 1699
f 64 1699 201
f 2067 1953 1696
f 1696 1686 1695
f 2067 1696 1695
f 1695 1686 1697
f 201 1699 1698
f 1699 1695 1697
f 1699 1697 1698
f 1697 1687 1701
f 1687 1700 1701
f 1701 1700 1704
f 1701 1704 2864
f 1687 1703 1700
f 1703 1691 1708
f 1703 1708 1702
f 1700 1703 1702
f 1700 1702 1704
f 1702 1708 1711
f 1704 1702 1705
f 2864 1704 1706
f 1706 1704 1705
f 1691 1707 1708
f 1708 1707 1709
f 1707 1690 1710
f 1710 202 1709
f 1707 1710 1709
f 1709 202 2881
f 1708 1709 1711
f 1711 1709 2881
f 2041 1713 1714
f 1712 2046 1713
f 1713 2046 1714
f 2041 1714 2043
f 1715 1717 2025
f 1715 1716 1717
f 1716 1706 1718
f 1716 1718 1717
f 1717 1718 2912
f 2025 1717 1720
f 2025 1720 1719
f 1717 2912 1720
f 2945 1723 1721
f 2945 2138 1723
f 1723 2138 1722
f 1721 1723 2140
f 2941 1724 1725
f 1725 1724 1727
f 1724 1726 1851
f 1724 1851 1727
f 65 1728 1729
f 1728 1730 1729
f 1729 1730 1731
f 1730 1721 1731
f 1731 1721 2140
f 57 1729 1731
f 1733 1735 1732
f 1733 1734 1735
f 1734 2051 1735
f 1732 1735 2059
f 1737 2904 1738
f 1737 1738 1742
f 1736 1737 1742
f 2904 2905 2993
f 2904 2993 1738
f 1738 2993 2991
f 1738 2991 1740
f 1740 2991 66
f 1740 66 1739
f 1736 1742 1741
f 1742 1738 1740
f 1742 1740 1739
f 1742 1739 1741
f 1744 1745 1743
f 1743 1745 1747
f 1744 1737 1736
f 1744 1736 1745
f 1745 1736 1741
f 1745 1741 2944
f 1747 1745 2944
f 1746 1743 1747
f 1766 1748 1750
f 1749 1743 1746
f 2913 1749 1748
f 1748 1749 2950
f 1749 1746 2950
f 1750 1748 2950
f 1750 2950 2947
f 1750 2947 2949
f 1750 2949 1767
f 1989 1751 1997
f 1989 1752 1751
f 1752 1996 1751
f 1751 1996 1997
f 2089 67 1754
f 2089 1754 1753
f 1753 1754 1908
f 1862 1852 1755
f 1852 1756 1757
f 1852 1757 1755
f 1755 1757 1758
f 1862 1755 1858
f 1755 1758 1858
f 1760 1762 1761
f 1759 1760 1761
f 1761 1762 1763
f 1688 1761 1690
f 1690 1761 1763
f 69 1764 1770
f 1770 1764 1768
f 203 1765 1766
f 203 1766 1764
f 1765 1748 1766
f 1766 1750 1769
f 1764 1766 1769
f 1764 1769 1768
f 1769 1750 1767
f 1768 1769 1767
f 1768 1767 2952
f 1770 1768 2952
f 1770 2952 2954
f 1771 210 1773
f 210 1832 1773
f 1773 1832 204
f 1773 204 1772
f 1771 1773 70
f 69 1774 2920
f 2920 1774 1775
f 69 1770 1774
f 1770 2954 1774
f 1774 2961 1775
f 1775 2961 2876
f 2876 2961 278
f 2920 1775 1776
f 1775 2876 1776
f 73 2996 1871
f 1871 2996 1777
f 2996 72 1800
f 2996 1800 1799
f 1777 2996 1799
f 1777 1799 1778
f 1778 1799 71
f 1778 71 1834
f 1780 1781 1779
f 1780 2008 2007
f 1780 2007 1781
f 1781 2007 2872
f 1779 1781 1782
f 1782 1781 2872
f 1784 1783 205
f 1784 205 1785
f 72 2160 1786
f 2160 74 1794
f 2160 1794 1786
f 1786 1794 1787
f 1787 1794 2048
f 1786 1787 1802
f 74 1886 1794
f 1886 1788 1794
f 1794 1788 1792
f 1790 75 1789
f 1790 1789 1793
f 1788 1790 1793
f 1788 1793 1792
f 1793 1789 1791
f 1793 1791 2049
f 1792 1793 2049
f 1792 2049 2047
f 1794 1792 2047
f 1794 2047 2048
f 75 1796 1789
f 1796 1836 1795
f 1796 1795 1798
f 1789 1796 1798
f 1836 1797 1795
f 1836 71 1797
f 1795 1797 2055
f 1795 2055 1798
f 1789 1798 1791
f 71 1799 1797
f 1799 1800 1801
f 1799 1801 2056
f 1797 1799 2056
f 1800 72 1786
f 1800 1786 1802
f 1801 1800 1802
f 1801 1802 2052
f 1797 2056 2055
f 1819 1804 1807
f 1805 1812 1806
f 1803 1805 1806
f 1803 1806 1808
f 1807 1804 1808
f 1804 1803 1808
f 1807 1808 2038
f 1805 1809 1810
f 1805 1810 1812
f 1809 76 1811
f 1809 1811 1810
f 76 1839 1814
f 76 1814 1811
f 1839 1813 1814
f 1813 1815 1816
f 1813 1816 2042
f 1814 1813 2042
f 2154 2155 1807
f 2154 1807 1817
f 1815 2154 1817
f 2155 1819 1807
f 1817 1807 2038
f 1815 1817 1816
f 1818 1841 1805
f 2032 1818 1805
f 2032 1805 1803
f 77 1804 1819
f 77 2032 1804
f 1804 2032 1803
f 1822 1825 1824
f 1820 1822 1785
f 1822 1824 1785
f 1820 1785 205
f 1821 1820 205
f 2034 1826 1823
f 2034 1823 2031
f 2031 1823 1825
f 1826 1784 1823
f 1823 1784 1824
f 1784 1785 1824
f 1825 1823 1824
f 2034 206 1826
f 1828 1827 1829
f 206 1828 1783
f 1828 1829 1783
f 1826 206 1783
f 1826 1783 1784
f 1829 1821 205
f 1829 205 1783
f 78 2075 1830
f 2075 2080 204
f 2075 204 1830
f 1830 204 1832
f 1830 1832 1831
f 2080 1772 204
f 1831 1832 1876
f 1834 71 1833
f 71 1835 1833
f 71 1836 1835
f 1835 1836 207
f 207 1836 2964
f 1836 1796 2964
f 1835 207 1833
f 1833 207 1837
f 1833 1837 278
f 1839 1840 1838
f 76 2861 1839
f 2861 2966 1840
f 1839 2861 1840
f 1840 2966 2964
f 1840 2964 1796
f 1838 1840 1796
f 1838 1796 75
f 1818 1842 1841
f 1841 1842 1843
f 1841 1843 2923
f 1841 2923 2925
f 1841 2925 2927
f 1843 1844 1846
f 1842 1818 2030
f 1842 2030 1843
f 1843 2030 2027
f 1843 2027 1844
f 1845 1844 79
f 1844 1845 1846
f 1846 1845 2000
f 63 1848 1847
f 1848 2000 1845
f 1848 1845 1847
f 1847 1845 79
f 1847 79 1933
f 63 1933 1940
f 63 1847 1933
f 1940 1933 80
f 2137 1849 1850
f 1849 1851 1756
f 1852 1849 1756
f 1850 1849 1852
f 1756 1853 1757
f 1756 1851 1853
f 1853 1854 1859
f 1854 70 1859
f 1757 1853 1859
f 70 1773 1855
f 70 1855 1859
f 1773 1857 1855
f 1773 1772 1856
f 1773 1856 1857
f 1855 1857 1758
f 1857 1858 1758
f 1859 1855 1758
f 1859 1758 1757
f 1772 1860 1856
f 1860 2079 1863
f 1856 1860 1863
f 1856 1863 1857
f 1861 1850 1852
f 2079 1861 1862
f 1861 1852 1862
f 1857 1863 1858
f 1863 2079 1862
f 1863 1862 1858
f 1884 208 1864
f 1884 1864 209
f 208 1868 1874
f 208 1874 1864
f 1864 1874 1865
f 209 1864 1867
f 209 1867 1866
f 1864 1865 1867
f 1867 1865 1879
f 1866 1867 1879
f 2126 1868 1869
f 2126 73 1868
f 1869 1868 208
f 1869 208 1884
f 1871 1777 1870
f 73 1871 1868
f 1777 1778 1873
f 1777 1873 1870
f 1778 1834 1872
f 1778 1872 1873
f 1870 1873 1874
f 1873 1872 1880
f 1873 1880 1874
f 1868 1871 1874
f 1871 1870 1874
f 1834 1875 1872
f 1875 2859 1877
f 1875 1877 1878
f 1875 1878 1872
f 2859 270 1877
f 270 1876 1877
f 1877 1876 1879
f 1878 1877 1879
f 1878 1879 1865
f 1872 1878 1880
f 1880 1878 1865
f 1880 1865 1874
f 1876 1832 1881
f 1832 210 1881
f 1876 1881 1879
f 210 1771 1882
f 1771 2126 1882
f 1882 2126 1869
f 210 1882 1884
f 210 1884 1883
f 1882 1869 1884
f 1883 1884 209
f 1879 1881 1885
f 1881 210 1883
f 1881 1883 1885
f 1885 1883 209
f 1885 209 1866
f 1879 1885 1866
f 74 2898 1886
f 2898 1887 1886
f 1886 1887 1788
f 2897 1815 1887
f 1887 1815 1813
f 1887 1839 1888
f 1887 1813 1839
f 1888 1839 1838
f 1788 1888 1790
f 1788 1887 1888
f 1790 1888 1838
f 1790 1838 75
f 2331 2573 1892
f 2573 1891 1892
f 2574 62 1893
f 2574 1893 1891
f 1891 1893 1988
f 1892 1891 1894
f 1891 1988 1894
f 1894 58 1667
f 1892 1894 1667
f 2331 1892 1895
f 2331 1895 2579
f 1895 1892 1667
f 2579 1895 59
f 1939 1896 1943
f 1897 211 1898
f 1943 1896 1898
f 1896 1897 1898
f 1943 1898 1899
f 1930 1900 1902
f 1930 1902 1929
f 1900 1923 1901
f 1900 1901 1902
f 1902 1901 1929
f 1918 212 1903
f 212 1911 1903
f 1903 1911 1913
f 1904 1905 1916
f 1904 1960 1905
f 1960 1961 1906
f 1960 1906 1905
f 1961 1908 1912
f 1961 1912 1906
f 1905 1906 212
f 1906 1912 212
f 1905 212 1918
f 1908 1907 1912
f 1907 1909 1910
f 1910 1909 1915
f 1907 1910 1911
f 1910 1915 1911
f 1912 1907 1911
f 1912 1911 212
f 1914 198 1913
f 1914 1913 1915
f 1909 1914 1915
f 198 1674 1913
f 1674 197 1917
f 1674 1917 1903
f 1674 1903 1913
f 1915 1913 1911
f 1917 2131 1916
f 2131 1904 1916
f 1916 1918 1917
f 1916 1905 1918
f 1917 1918 1903
f 2150 1677 1920
f 1677 198 1919
f 1677 1919 1920
f 2150 1920 1930
f 198 1676 1922
f 198 1922 1919
f 1676 1921 1922
f 1919 1922 1930
f 1922 1921 1923
f 1922 1923 1900
f 1930 1922 1900
f 1920 1919 1930
f 1921 2081 1926
f 1921 1926 1924
f 2081 1925 1926
f 1925 1693 1926
f 1924 1926 1901
f 1923 1924 1901
f 1921 1924 1923
f 1693 1927 1926
f 1693 1928 1927
f 1927 1928 1929
f 1927 1929 1901
f 1926 1927 1901
f 1928 2134 1931
f 1928 1931 1929
f 2134 2150 1931
f 1931 2150 1930
f 1929 1931 1930
f 1941 80 1933
f 1941 1933 1932
f 1933 79 2037
f 1932 1933 1934
f 2135 1937 1936
f 1937 200 1935
f 1937 1935 1936
f 200 1694 1935
f 1694 63 1938
f 1935 1694 1938
f 1935 1938 1939
f 1939 1938 1897
f 1939 1897 1896
f 1936 1935 1939
f 1897 1938 1940
f 1897 1940 211
f 1938 63 1940
f 211 1940 80
f 1941 1932 1899
f 1932 1942 1899
f 1899 1942 1943
f 1941 1899 1898
f 80 1941 1898
f 211 80 1898
f 1944 1939 1943
f 1942 1944 1943
f 1944 1936 1939
f 1944 2135 1936
f 61 1673 1946
f 1673 1945 1946
f 1673 1672 1947
f 1673 1947 1945
f 1672 60 1947
f 1945 1947 2069
f 1948 1945 2069
f 1946 1945 1948
f 1946 1948 1949
f 1951 1950 1954
f 1951 1954 1955
f 1950 1681 1952
f 1681 61 1946
f 1681 1946 1952
f 1950 1952 1954
f 1952 1946 1949
f 1952 1949 1954
f 1954 1949 1953
f 1954 1953 217
f 1955 1954 217
f 60 1663 1947
f 1663 1668 1956
f 1668 1957 1956
f 1956 2115 2071
f 2070 1956 2071
f 1947 1663 2070
f 1663 1956 2070
f 1947 2070 2069
f 81 1958 2130
f 2130 1958 1962
f 1976 68 1753
f 1976 1753 1959
f 1958 1959 1961
f 1958 1961 1960
f 1959 1753 1961
f 1961 1753 1908
f 1958 1960 1962
f 1962 1960 1904
f 1963 1965 1964
f 1963 1973 1965
f 1965 1973 1966
f 1965 1966 1978
f 1964 1965 1978
f 1964 1978 1980
f 1967 1984 1968
f 1967 1968 1970
f 1970 1968 1969
f 1984 1985 1972
f 1984 1972 1968
f 1985 1971 1972
f 1972 1971 1975
f 1968 1972 1973
f 1968 1973 1963
f 1972 1975 1973
f 1969 1968 1963
f 1974 1966 1975
f 1971 1974 1975
f 68 1977 1974
f 1974 1977 1966
f 1975 1966 1973
f 68 1976 1977
f 1977 1976 1978
f 1959 1958 1980
f 1959 1980 1976
f 1958 81 1980
f 1976 1980 1978
f 1977 1978 1966
f 81 1979 1969
f 81 1969 1980
f 1979 1967 1970
f 1979 1970 1969
f 1969 1963 1980
f 1980 1963 1964
f 82 1981 1982
f 1981 1983 1982
f 1983 1985 1984
f 1983 2086 1985
f 1985 2086 1971
f 1982 1983 1984
f 1982 1984 1967
f 58 1894 1986
f 1894 1988 1986
f 1986 1988 1990
f 1986 1990 213
f 1893 62 1987
f 1893 1987 1988
f 1988 1987 1990
f 1990 1987 1752
f 1989 1990 1752
f 213 1990 1989
f 62 1991 1993
f 62 1993 1987
f 1991 1992 1993
f 1993 1992 1996
f 1992 1994 1995
f 1992 1995 1996
f 1993 1996 1752
f 1987 1993 1752
f 1994 2086 1998
f 1994 1998 1995
f 2086 1983 1998
f 1981 82 213
f 1983 1981 1997
f 1981 213 1997
f 1995 1998 1996
f 1998 1983 1997
f 1998 1997 1996
f 82 1999 213
f 1999 58 1986
f 1999 1986 213
f 213 1989 1997
f 1693 2082 2001
f 2082 2000 1848
f 2082 1848 2001
f 2001 1848 63
f 2002 2089 2003
f 2002 2003 2004
f 2002 2004 1955
f 2002 1955 2005
f 2089 2009 2003
f 2009 2087 2003
f 2004 1951 1955
f 2005 1955 217
f 274 214 2006
f 2006 214 2007
f 2006 2007 2008
f 2086 2087 2009
f 2009 2010 2086
f 2086 2010 1971
f 1908 1754 1907
f 1907 1754 2013
f 1754 67 2011
f 1754 2011 2013
f 2013 2011 2012
f 2012 83 215
f 2013 2012 215
f 1907 2013 1909
f 64 2014 2016
f 2014 2018 2016
f 2016 2018 2015
f 2014 2017 2019
f 2014 2019 2018
f 2017 2062 2019
f 2019 2100 2018
f 2015 2018 2020
f 2018 2100 2020
f 2020 67 2002
f 2020 2002 2005
f 2015 2020 2016
f 2016 2020 2005
f 2016 2005 217
f 2915 2021 2916
f 2916 2021 2022
f 2916 2022 2026
f 2021 2091 2023
f 2091 2867 2023
f 2023 2867 2024
f 2021 2023 2022
f 2022 2023 2025
f 2023 2024 2025
f 2025 2024 1715
f 2022 2025 2026
f 2026 2025 1719
f 79 1844 2027
f 79 2027 2028
f 2030 1818 2029
f 2030 2029 2034
f 2030 2034 2031
f 2027 2030 2031
f 2028 2027 1825
f 2027 2031 1825
f 1818 2032 2029
f 2029 2032 2033
f 2032 77 1827
f 2033 2032 1828
f 2032 1827 1828
f 2033 1828 206
f 2029 2033 2034
f 2034 2033 206
f 77 2035 1827
f 2035 1821 1829
f 1827 2035 1829
f 1934 1933 2036
f 1933 2037 2036
f 2037 79 2028
f 2037 2028 1825
f 2037 1825 1822
f 2036 2037 1822
f 2036 1822 1820
f 2035 1934 1821
f 1934 2036 1821
f 1821 2036 1820
f 2038 1808 2040
f 1806 1812 2039
f 1806 2039 2040
f 1808 1806 2040
f 2040 1712 1713
f 2040 2039 1712
f 2041 2038 1713
f 2038 2040 1713
f 1816 1817 2041
f 1817 2038 2041
f 1816 2041 2043
f 1811 1814 2044
f 1814 2042 2044
f 2044 2042 2043
f 1811 2044 2046
f 2042 1816 2043
f 2044 2043 1714
f 2046 2044 1714
f 1812 2045 2039
f 1812 1810 2045
f 2039 2045 1712
f 1810 1811 2045
f 2045 1811 2046
f 1712 2045 2046
f 2048 2047 2051
f 2048 2051 216
f 2049 1791 2050
f 2049 2050 2051
f 2047 2049 2051
f 2051 2050 1735
f 216 2051 1734
f 1802 2053 2052
f 1802 1787 2053
f 1787 2048 216
f 1787 216 2053
f 2053 216 1734
f 1733 2053 1734
f 2052 2053 1733
f 2056 1801 2054
f 2056 2054 2057
f 2055 2056 2057
f 1801 2052 2054
f 2054 2052 2057
f 2052 1733 1732
f 2057 2052 1732
f 2057 1732 2059
f 1791 1798 2050
f 1798 2055 2058
f 2058 2055 2057
f 1798 2058 2050
f 2050 2058 2059
f 2058 2057 2059
f 2050 2059 1735
f 2874 2060 2061
f 2874 2061 2869
f 2060 2064 2061
f 2061 2064 2063
f 2061 2063 2869
f 2060 2062 2064
f 2062 2017 2064
f 2064 2017 2014
f 2064 2014 2063
f 2063 64 2065
f 2063 2014 64
f 2065 64 201
f 2869 2063 2065
f 2869 2065 2066
f 2066 2065 201
f 2066 201 1698
f 64 2016 217
f 64 217 2067
f 2067 217 1953
f 1949 1948 2068
f 1953 1949 2068
f 1948 2069 2068
f 2068 2069 1684
f 1953 2068 1696
f 2069 2070 2072
f 2069 2072 1684
f 2071 2115 1759
f 2070 2071 2072
f 2071 1759 2072
f 2072 1759 1761
f 1684 2072 1688
f 78 2073 2075
f 2073 218 2074
f 2073 2074 2075
f 2075 2074 2080
f 218 2076 2078
f 218 2078 2074
f 2076 65 2077
f 2076 2077 2078
f 2074 2078 1861
f 2074 1861 2079
f 2078 2077 1850
f 2078 1850 1861
f 2080 2074 2079
f 2080 2079 1860
f 2080 1860 1772
f 83 2081 215
f 2081 1921 1675
f 2081 1675 215
f 215 1675 2013
f 2013 1675 1914
f 2013 1914 1909
f 1693 1925 2082
f 1925 2081 2083
f 1925 2083 2082
f 2083 2081 83
f 2082 2083 2928
f 2082 2084 2000
f 2084 2082 2928
f 62 2085 1991
f 2085 2087 2088
f 1991 2085 2088
f 1991 2088 1992
f 2085 1682 2087
f 1682 1951 2004
f 1682 2004 2087
f 2087 2004 2003
f 1992 2088 1994
f 2088 2087 2086
f 1994 2088 2086
f 1971 2010 1974
f 1974 2010 2089
f 1974 2089 68
f 2010 2009 2089
f 2089 2002 67
f 68 2089 1753
f 2090 2922 2092
f 2922 1782 2875
f 2092 2922 2875
f 2021 2915 2092
f 2021 2092 2091
f 2915 2090 2092
f 2092 2875 2091
f 2872 2007 2093
f 2007 214 2093
f 2093 2095 2098
f 2872 2093 2098
f 2872 2098 2097
f 214 274 2094
f 214 2094 2093
f 2093 2094 2095
f 2095 2094 2096
f 2095 2096 2062
f 2095 2062 2060
f 2098 2095 2060
f 2097 2098 2060
f 2097 2060 2874
f 67 2020 2099
f 67 2099 2011
f 2020 2100 2099
f 2011 2099 2100
f 2100 2019 219
f 2019 2062 219
f 2011 2100 2012
f 2100 219 2929
f 2012 2100 2929
f 2012 2929 83
f 1726 2102 1854
f 2102 2125 2101
f 2102 2101 1854
f 1854 2101 70
f 1851 1726 1854
f 1851 1854 1853
f 2104 2105 2106
f 2104 2106 2108
f 2104 2108 2103
f 2104 2103 2902
f 2105 2986 2975
f 2105 2975 2106
f 2106 2975 2107
f 2106 2107 2108
f 2108 2107 2994
f 2103 2108 2994
f 2103 2994 2992
f 2902 2103 2905
f 2103 2992 2905
f 1690 1763 2110
f 1690 2110 1710
f 1710 2110 2109
f 1710 2109 202
f 1763 1762 2111
f 1763 2111 2110
f 2110 2111 2109
f 2109 2111 2989
f 2109 2989 2112
f 202 2109 2112
f 82 2113 1999
f 2115 1956 2113
f 2113 1956 1957
f 1999 2113 1957
f 1999 1957 58
f 1967 2129 2114
f 1967 2114 1982
f 2129 2115 2114
f 2115 2113 2114
f 2114 2113 82
f 1982 2114 82
f 2133 2149 2117
f 2133 2117 2116
f 2116 2117 2990
f 2149 2119 2117
f 2149 2118 2119
f 2119 2118 2890
f 2117 2119 2120
f 2119 2890 2982
f 2119 2982 2120
f 2990 2117 2120
f 2990 2120 2988
f 2116 2990 2122
f 2116 2122 2124
f 2116 2124 2121
f 2122 2990 2124
f 2123 2124 1760
f 2121 2124 2123
f 2121 2123 2127
f 2997 73 2125
f 2125 73 2126
f 2125 2126 2101
f 2101 2126 1771
f 2101 1771 70
f 81 2130 1979
f 2130 2127 2128
f 1979 2130 2129
f 2130 2128 2129
f 2129 2128 2115
f 1979 2129 1967
f 1962 2127 2130
f 197 221 1917
f 197 220 221
f 1917 221 2131
f 220 2133 2116
f 220 2116 2121
f 220 2121 221
f 221 2121 2127
f 2131 221 2127
f 2131 2127 1962
f 2131 1962 1904
f 2150 2132 1677
f 1677 2132 197
f 2150 2133 2132
f 2133 220 2132
f 197 2132 220
f 1928 1692 2134
f 2134 1692 2136
f 1692 2135 2146
f 1692 2146 2136
f 2136 2146 2118
f 65 1729 2077
f 2077 1729 2137
f 1729 57 2137
f 2077 2137 1850
f 2138 2139 1725
f 2139 2941 1725
f 2138 1725 1722
f 1723 1722 2140
f 2140 1890 1889
f 1722 1725 1890
f 1722 1890 2140
f 1725 1727 1890
f 1727 1661 1890
f 1661 1889 1890
f 57 1731 1889
f 57 1889 1661
f 1731 2140 1889
f 2889 2888 2143
f 2888 2141 2143
f 2143 2141 222
f 2143 222 2142
f 2152 2155 2141
f 2142 222 2144
f 2118 2146 2147
f 2118 2147 2145
f 2135 1944 2146
f 2146 1944 2147
f 2147 1944 1942
f 2147 1942 1934
f 2148 2147 1934
f 2134 2136 2149
f 2136 2118 2149
f 2134 2149 2150
f 2150 2149 2133
f 84 2035 2151
f 2151 2035 77
f 2152 84 2151
f 2148 1934 84
f 1942 1932 1934
f 84 1934 2035
f 1819 2152 77
f 2152 2151 77
f 2153 222 2141
f 2153 2141 2154
f 2154 2141 2155
f 2155 2152 1819
f 223 2156 2157
f 2158 2159 2156
f 2158 2899 2159
f 2156 2159 2157
f 2157 2159 74
f 2157 74 2160
f 223 2157 2160
f 223 2160 72
f 1760 1759 2123
f 1759 2115 2128
f 2123 1759 2128
f 2123 2128 2127
f 801 820 2250
f 780 2169 2162
f 2162 2169 2161
f 2704 780 2162
f 2198 2233 2200
f 2190 2756 2198
f 2163 785 783
f 2164 2388 2406
f 2164 2406 786
f 2164 786 1331
f 183 269 2165
f 2165 269 2166
f 269 2247 2166
f 2166 2248 2167
f 2165 2166 2167
f 2167 2248 2168
f 2167 2168 131
f 2248 2161 2168
f 2168 2161 2169
f 131 2168 2169
f 2187 783 1329
f 2171 2173 2172
f 2299 2851 2173
f 2172 2173 2174
f 2173 2851 2174
f 2172 2174 2838
f 2175 2172 2838
f 85 2842 2176
f 2177 85 2176
f 796 2178 795
f 2180 2204 2179
f 2178 2180 2179
f 2178 2179 2181
f 2181 2179 2203
f 795 2178 2181
f 795 2181 797
f 801 2250 2182
f 2674 2189 2188
f 2184 2674 2188
f 2189 802 2188
f 2756 2184 2182
f 2756 261 2184
f 2182 2184 2183
f 2235 2196 2185
f 2238 2185 2161
f 229 2238 2161
f 2754 2755 2675
f 2754 1405 2755
f 2163 783 2187
f 2188 806 2184
f 807 2183 2170
f 2674 2192 2189
f 2192 2193 2189
f 2189 2193 809
f 809 802 2189
f 2190 2749 2194
f 2190 2194 261
f 261 2194 2674
f 2192 2191 2193
f 2191 30 2193
f 2193 30 809
f 2194 2192 2674
f 2853 2750 2675
f 2755 2191 2192
f 2755 30 2191
f 2196 103 2197
f 2196 2197 2201
f 103 2749 2197
f 2190 2198 2197
f 2201 2197 2199
f 2197 2198 2199
f 820 2249 2250
f 2198 2201 2199
f 2198 2200 2201
f 2179 2204 2202
f 2203 2179 2202
f 2203 2202 2213
f 2204 2171 2205
f 2204 2205 2206
f 2204 2206 2202
f 2202 2206 2208
f 2206 86 2208
f 2213 2202 2208
f 2213 2208 2207
f 2207 2208 2263
f 85 2177 2840
f 2177 828 2840
f 2840 828 2210
f 2840 2210 2839
f 2210 828 31
f 2210 31 2275
f 2839 2210 2209
f 2209 2210 2275
f 797 2181 2211
f 797 2211 829
f 2211 2181 2212
f 2181 2203 2213
f 2181 2213 2212
f 2212 2213 2207
f 829 2211 2270
f 829 2270 831
f 2211 2212 2207
f 2211 2207 2270
f 2215 2268 2216
f 2268 2269 2214
f 2268 2214 2216
f 2215 2216 225
f 2269 2217 2214
f 2214 2217 2258
f 2214 2219 2218
f 2214 2258 2219
f 2219 2302 2305
f 2218 2219 2305
f 2218 2305 224
f 225 2216 224
f 225 224 2220
f 2216 2214 2218
f 2216 2218 224
f 2220 224 2228
f 2221 2276 2222
f 2276 2832 2222
f 226 2221 2222
f 32 2223 2224
f 32 2224 848
f 2223 2225 2224
f 2224 2226 2232
f 848 2224 2232
f 848 2232 136
f 2225 2227 2224
f 2225 2215 2227
f 2227 2215 225
f 2227 225 2226
f 2224 2227 2226
f 2226 2230 2229
f 2226 225 2220
f 2226 2220 2230
f 2230 2220 2228
f 2229 2230 2228
f 2229 2228 2310
f 136 2232 849
f 2232 2226 2229
f 2232 2229 2310
f 2232 2310 2231
f 849 2232 2231
f 2756 2250 2233
f 2756 2233 2198
f 2233 2234 2200
f 2705 2200 2234
f 2185 2243 2235
f 2243 2241 2235
f 2235 2241 2237
f 2237 2241 2236
f 2235 2237 2196
f 2185 2238 87
f 2185 87 2243
f 2238 2239 87
f 2243 87 2242
f 2238 2240 2239
f 2240 2748 227
f 2240 227 2239
f 2239 227 88
f 87 2239 88
f 2197 2749 2190
f 2748 2240 2195
f 2240 2238 229
f 2240 2850 2852
f 2240 229 2850
f 2240 2852 2195
f 2236 2241 2251
f 87 2244 2242
f 2242 2244 2245
f 2243 2242 2241
f 87 88 2244
f 2244 88 228
f 2244 228 89
f 2245 2244 89
f 88 2246 228
f 269 2850 2247
f 2850 229 2247
f 2247 229 2248
f 2166 2247 2248
f 2161 2248 229
f 2162 2161 2185
f 2250 2249 2234
f 2249 2705 2234
f 2233 2250 2234
f 2182 2250 2756
f 2241 2242 2252
f 2242 2245 2252
f 2251 2241 2252
f 2253 2252 89
f 2253 2251 2252
f 89 2252 2245
f 2171 2172 2205
f 2172 2175 2205
f 2205 2175 2841
f 2175 2838 230
f 2175 230 2841
f 2254 2841 2835
f 2206 2205 2255
f 2206 2255 86
f 2205 2841 2254
f 2205 2254 2255
f 2255 2254 86
f 2302 2219 2257
f 2302 2257 2256
f 2219 2258 2257
f 2257 231 2256
f 2217 2281 2258
f 2258 2281 231
f 2257 2258 231
f 231 2260 2259
f 2256 231 2259
f 2256 2259 2261
f 2261 2259 2833
f 1326 2671 2262
f 2207 2263 2265
f 2207 2265 2272
f 2272 2265 2264
f 2263 2208 2266
f 2208 86 2266
f 2263 2266 2267
f 2263 2267 2265
f 2265 2267 2269
f 2267 2217 2269
f 2264 2269 2268
f 2264 2265 2269
f 831 2270 892
f 2270 2271 2274
f 892 2270 2274
f 892 2274 141
f 2270 2207 2272
f 2272 2264 2271
f 2270 2272 2271
f 2271 2264 2268
f 2271 2268 2273
f 2273 2268 2215
f 2273 2215 2225
f 141 2274 893
f 2274 2271 2273
f 2274 2273 2225
f 2274 2225 2223
f 893 2274 2223
f 893 2223 32
f 2209 2275 2836
f 2836 2275 2221
f 2275 31 898
f 2275 898 897
f 2275 897 2276
f 2221 2275 2276
f 86 2277 2266
f 86 2254 2277
f 2277 2254 2278
f 2277 2278 2280
f 2266 2277 2280
f 2266 2280 2267
f 2254 2835 2279
f 2254 2279 2278
f 2280 2278 2260
f 2280 2260 231
f 2267 2280 2281
f 2281 2280 231
f 2267 2281 2217
f 2282 2283 2289
f 2282 2289 2288
f 2286 2284 2285
f 2283 2286 2285
f 2283 2285 2758
f 2758 2285 2287
f 2289 2283 2758
f 2289 2758 90
f 2288 2289 90
f 2290 2857 2291
f 911 2290 39
f 2291 2292 2290
f 2292 2291 91
f 2290 2292 2327
f 39 2290 2327
f 2489 2293 2294
f 2489 2294 2493
f 2293 2295 2294
f 2294 199 2298
f 2493 2294 2298
f 2295 2296 2294
f 2294 2296 199
f 199 1678 2297
f 2297 1678 62
f 2298 199 2297
f 2298 2297 2575
f 2853 2299 2180
f 2180 2299 2204
f 2299 2173 2171
f 2299 2171 2204
f 2489 2300 2301
f 2489 2301 2293
f 2293 2301 2295
f 2300 2302 2854
f 2854 232 2301
f 2300 2854 2301
f 2295 2301 232
f 2295 232 2296
f 2228 224 2304
f 2228 2304 2303
f 2304 233 2307
f 2303 2304 2307
f 2303 2307 2313
f 224 2305 2304
f 2305 2302 2300
f 2305 2300 233
f 2304 2305 233
f 233 2300 2489
f 233 2489 2306
f 2307 233 2306
f 2307 2306 2491
f 2313 2307 2309
f 2313 2309 2308
f 2309 2307 2491
f 2309 2491 2488
f 2308 2309 2488
f 2308 2488 92
f 2231 2311 934
f 2231 2310 2311
f 2311 2310 2312
f 2311 2312 2318
f 934 2311 2318
f 934 2318 143
f 2310 2228 2313
f 2228 2303 2313
f 2310 2313 2312
f 2312 2316 2315
f 2312 2313 2308
f 2312 2308 2316
f 2316 2308 92
f 2316 92 2314
f 2315 2316 2314
f 2315 2314 234
f 143 2318 937
f 2318 2312 2315
f 2318 2315 234
f 2318 234 2317
f 937 2318 2317
f 937 2317 41
f 91 2319 2321
f 91 2321 2320
f 2319 2322 2323
f 2319 2323 2321
f 2321 2323 2324
f 2322 2572 2323
f 2323 2572 2325
f 2323 2325 2324
f 2325 2844 235
f 2324 2325 235
f 2320 2321 2326
f 2321 2324 2326
f 2326 2324 235
f 39 2327 954
f 2327 2329 2330
f 954 2327 2330
f 2327 2292 2328
f 2292 91 2320
f 2292 2320 2328
f 2327 2328 2329
f 2328 2320 2326
f 2328 2326 2329
f 2329 2326 2341
f 2329 2341 2345
f 954 2330 956
f 2330 2329 2345
f 2330 2345 2346
f 956 2330 2346
f 2572 2573 2333
f 2572 2333 2325
f 2573 2332 2333
f 2573 2331 2332
f 2332 2578 2845
f 2333 2332 2845
f 2333 2845 2844
f 2325 2333 2844
f 59 2334 2336
f 59 2336 2579
f 2334 2337 2336
f 2579 2336 2335
f 2337 969 967
f 2337 967 2336
f 2336 967 2338
f 2338 967 992
f 2338 992 2355
f 2338 2355 2339
f 2335 2339 2356
f 2335 2336 2338
f 2335 2338 2339
f 2326 2340 2341
f 2326 235 2340
f 2341 2340 2349
f 235 2844 2843
f 235 2843 2342
f 2340 235 2342
f 2340 2342 2343
f 2343 2342 2846
f 2349 2340 2344
f 2340 2343 2344
f 2349 2344 2347
f 956 2346 976
f 2346 2345 2348
f 976 2346 2348
f 2345 2341 2349
f 2345 2349 2348
f 2348 2349 2347
f 2348 2347 2350
f 976 2348 979
f 979 2348 2350
f 2578 2352 2351
f 2351 2352 2353
f 2351 2353 2354
f 2351 2354 2845
f 2352 2356 2358
f 2352 2358 2353
f 2354 2353 2373
f 2356 2339 2355
f 2356 2355 2358
f 2355 992 990
f 2355 2357 2358
f 2355 990 2357
f 2357 990 1004
f 2358 2357 2366
f 2358 2366 2367
f 2353 2358 2367
f 2347 2344 2360
f 2344 2343 2359
f 2344 2359 2360
f 2343 2361 2359
f 2359 2361 2375
f 2360 2363 2362
f 2360 2359 2363
f 2362 2363 2378
f 2347 2360 2362
f 2365 2347 2362
f 2362 2378 2379
f 2362 2379 2376
f 2365 2362 2376
f 2364 2365 2377
f 2367 2366 2368
f 2367 2368 2373
f 2357 1004 2366
f 2366 1004 1002
f 2368 2366 2369
f 2366 1002 2369
f 2369 1002 42
f 2368 2369 236
f 2370 2373 2371
f 2373 2368 2371
f 2371 2368 236
f 2370 2371 93
f 2354 2370 2372
f 2354 2373 2370
f 2353 2367 2373
f 2374 2370 93
f 2372 2370 2374
f 2372 2374 2375
f 2365 2376 2377
f 2377 2376 2381
f 2379 2378 2380
f 2379 2380 2381
f 2376 2379 2381
f 2381 2380 2411
f 2377 2381 2382
f 2382 2381 2411
f 93 2371 2384
f 93 2384 2400
f 2371 236 2384
f 2384 236 2383
f 2400 2384 2383
f 2400 2383 2385
f 2369 42 236
f 236 42 2383
f 2383 42 1179
f 2383 1179 2539
f 2385 2383 2539
f 2385 2539 94
f 2406 2386 237
f 2406 2388 2386
f 237 2386 2389
f 2164 2427 2387
f 2164 2387 2388
f 2388 2387 2426
f 2388 2426 2386
f 2386 2426 2389
f 2389 2718 2390
f 237 2389 2390
f 2747 95 2470
f 2451 2747 2470
f 2378 2363 2393
f 2378 2393 2392
f 2363 2359 2391
f 2363 2391 2393
f 2359 2394 2391
f 2359 2375 2394
f 2393 2391 2395
f 2395 2391 2713
f 2392 2395 2396
f 2392 2393 2395
f 2375 2399 2394
f 2394 2399 2391
f 2375 2374 2397
f 2375 2397 2399
f 2374 93 2397
f 2397 2404 2398
f 2399 2397 2398
f 2398 2404 2717
f 2399 2398 2713
f 2391 2399 2713
f 93 2400 2397
f 2400 2385 2401
f 2400 2401 2404
f 2397 2400 2404
f 2385 94 2405
f 2385 2405 2401
f 2401 2402 2404
f 2401 2405 2402
f 2404 2402 2403
f 2404 2403 2717
f 94 2535 2405
f 2405 2535 2408
f 2535 2406 237
f 2535 237 2408
f 2408 237 2390
f 2408 2390 2407
f 2408 2407 2402
f 2405 2409 2402
f 2405 2408 2409
f 2409 2408 2402
f 2380 2410 2411
f 2380 2378 238
f 2380 238 2410
f 2378 2415 238
f 238 2416 2410
f 2410 2416 2727
f 2410 2727 2413
f 2410 2413 2412
f 2378 2392 2415
f 2392 2414 2415
f 2415 2414 2417
f 2415 2417 238
f 2392 2396 2414
f 2414 2396 239
f 2414 239 2417
f 239 2483 2726
f 2417 239 2726
f 238 2417 2416
f 2718 2418 2419
f 2419 2418 2424
f 2718 2419 2390
f 2418 2481 2421
f 2418 2421 2420
f 2418 2420 2424
f 2420 2421 2422
f 2420 2422 2424
f 2424 2422 2714
f 2423 2424 2714
f 2390 2419 2425
f 2419 2424 2423
f 2419 2423 2425
f 2390 2425 2407
f 2718 2389 2426
f 2718 2426 2719
f 2387 2427 96
f 2426 2387 2428
f 2387 96 2428
f 2426 2428 2773
f 2719 2426 2773
f 2770 2429 2430
f 2770 2430 2779
f 2723 2477 2429
f 2429 2477 2436
f 2430 2429 2436
f 240 2431 2777
f 2776 240 2777
f 2432 2433 2782
f 2432 2782 2431
f 240 2432 2431
f 2782 2781 2441
f 2434 2441 2781
f 2781 2443 2434
f 2435 2436 2438
f 2435 2438 2437
f 2439 2442 241
f 2440 2439 241
f 2439 2783 2445
f 2783 2441 2445
f 2441 2434 2445
f 2439 2445 2442
f 2445 2434 2443
f 2445 2443 2446
f 2437 2438 2476
f 2437 2476 2444
f 2437 2444 97
f 2444 2454 97
f 241 2442 2447
f 241 2447 2450
f 241 2450 2476
f 2476 2450 2469
f 2442 2445 2447
f 2447 2445 2446
f 2446 2443 2448
f 2448 2443 2467
f 2443 2466 2467
f 2447 2446 2449
f 2446 2448 2449
f 2449 2448 2747
f 2469 2450 2451
f 2450 2447 2449
f 2450 2449 2451
f 2451 2449 2747
f 2452 259 2740
f 2453 2744 2745
f 2733 2734 2732
f 97 2454 2455
f 2455 2454 2456
f 2444 2468 2454
f 2455 2456 98
f 98 2456 2735
f 2468 2473 2454
f 2473 2457 2454
f 2454 2457 2456
f 2473 95 2457
f 95 2459 2457
f 2459 242 2458
f 2459 2458 2737
f 2457 2459 2736
f 242 2460 2458
f 2458 2460 2461
f 2460 97 2455
f 2460 98 2461
f 2460 2455 98
f 2458 2461 2737
f 2466 2462 2465
f 2466 97 2462
f 2462 97 2463
f 97 2460 2742
f 2460 242 2464
f 2460 2464 2742
f 2742 2464 260
f 97 2742 2463
f 242 2467 2464
f 2467 2466 2465
f 2467 2465 2746
f 2468 2469 2472
f 2468 2472 243
f 2468 243 2474
f 2451 2471 2469
f 2451 2470 2471
f 2471 2470 2729
f 2469 2471 2472
f 2470 95 2731
f 2470 2731 2729
f 2473 2468 2474
f 95 2473 2474
f 2772 2780 2433
f 2772 2770 2780
f 2780 2770 2779
f 2433 2780 2782
f 1221 2475 1111
f 1111 2475 1112
f 2475 2676 1112
f 1112 2676 1331
f 2438 2440 241
f 2438 241 2476
f 2476 2469 2468
f 2444 2476 2468
f 2436 2440 2438
f 2477 2478 2776
f 2477 2776 2778
f 2481 2479 2482
f 2481 2482 2480
f 2481 2480 2421
f 2483 239 2482
f 2479 2483 2482
f 2482 239 2396
f 2482 2396 2484
f 2421 2480 2422
f 2480 2482 2484
f 2480 2484 2422
f 2443 2781 2485
f 2485 2781 2435
f 2485 2435 2437
f 2443 2485 2466
f 2466 2485 2437
f 2466 2437 97
f 801 2182 2183
f 2201 2200 2196
f 2196 2200 2705
f 2185 2196 2705
f 92 2488 2487
f 2488 2491 2490
f 2488 2490 2486
f 2487 2488 2486
f 2306 2489 2491
f 2491 2489 2495
f 2491 2495 2490
f 2490 2495 2284
f 2490 2284 2286
f 2487 2486 2283
f 2487 2283 2282
f 2486 2490 2286
f 2486 2286 2283
f 2489 2493 2495
f 2298 2575 2493
f 2493 2575 2492
f 2493 2492 2495
f 2495 2492 2285
f 2492 2494 2285
f 2285 2494 2287
f 2284 2495 2285
f 2572 2322 2497
f 2572 2497 2496
f 2497 2500 2501
f 2496 2497 2501
f 2322 2319 2499
f 2322 2499 2497
f 2319 91 2498
f 2319 2498 2499
f 2499 2498 2519
f 2497 2499 2500
f 2499 2519 2500
f 2500 2519 2759
f 2501 2500 2759
f 91 2291 2502
f 91 2502 2498
f 2498 2502 2521
f 2291 2503 2502
f 2502 2503 2504
f 2504 2503 2858
f 2521 2502 2504
f 2521 2504 2791
f 92 2487 2507
f 92 2507 2506
f 2487 2505 2507
f 2506 2507 2510
f 2487 2282 2508
f 2487 2508 2505
f 2505 2508 244
f 2505 244 2509
f 2507 2505 2509
f 2507 2509 2510
f 2282 2512 2508
f 2282 2288 2515
f 2282 2515 2512
f 2512 2515 2511
f 2508 2512 2511
f 2508 2511 244
f 2288 90 2513
f 2288 2513 2515
f 2515 2513 2514
f 2515 2514 2511
f 2511 2514 2517
f 2511 2517 2516
f 2514 2763 2517
f 2517 2763 2814
f 2516 2517 2814
f 244 2511 2516
f 244 2516 2815
f 244 2815 2509
f 2759 2519 2518
f 2519 2520 2518
f 2519 2498 2520
f 2520 2498 2521
f 2521 2791 245
f 2520 2521 245
f 2518 2520 245
f 2518 245 2522
f 2762 2518 2522
f 2762 2522 2760
f 41 2317 2523
f 2317 234 2524
f 2317 2524 2523
f 2523 2524 158
f 234 2314 2525
f 234 2525 2524
f 2314 92 2525
f 2525 2528 2524
f 2524 2528 2529
f 2529 2527 2526
f 2524 2529 158
f 158 2529 2526
f 2527 2529 2528
f 2527 2528 2531
f 2528 2525 2530
f 2530 2525 92
f 2530 92 2506
f 2528 2530 2506
f 2528 2506 2510
f 2531 2528 2510
f 265 2531 2510
f 2406 2537 159
f 159 2537 2532
f 2406 2533 2537
f 2532 2537 249
f 159 2532 1243
f 2406 2535 2533
f 2535 94 2534
f 2535 2534 2533
f 2533 2534 2536
f 2534 2584 2585
f 2536 2534 2585
f 2533 2536 2537
f 2537 2536 2592
f 2537 2592 249
f 94 2539 2538
f 94 2538 2534
f 2539 1179 2540
f 2539 2540 2538
f 2540 1178 2587
f 2538 2540 2587
f 2538 2587 2584
f 2534 2538 2584
f 2541 2542 2798
f 2541 2798 2799
f 2805 2543 2542
f 2542 2543 2798
f 2804 2544 2797
f 2818 2806 2541
f 2818 2541 2545
f 99 2819 2562
f 2819 2546 2562
f 2562 2546 2766
f 246 2688 2689
f 2785 2548 2565
f 2547 2785 2565
f 2558 2550 2549
f 2558 2557 2550
f 2549 2550 2826
f 2550 247 2825
f 2824 2550 2825
f 2550 2557 247
f 2825 247 2553
f 2553 2551 2825
f 2551 2552 2828
f 2551 2828 2825
f 100 2549 2551
f 2549 2552 2551
f 2552 2549 2826
f 2830 2553 101
f 101 2785 2556
f 2554 100 2555
f 2556 2554 2555
f 2551 2553 100
f 100 2553 2830
f 100 2830 2555
f 2557 2823 2678
f 2678 2823 2819
f 2557 2558 2822
f 2557 2822 2823
f 2558 2766 2546
f 2546 2819 2690
f 2546 2690 2821
f 2702 2559 99
f 99 2559 2819
f 2560 2703 99
f 2560 99 2548
f 2548 99 2567
f 99 2561 2567
f 2567 2561 102
f 2567 102 2691
f 99 2562 2561
f 2562 2766 2566
f 2562 2566 2694
f 2561 2562 2563
f 2561 2563 102
f 2766 2765 2564
f 2766 2564 2566
f 2765 2565 2564
f 2564 2693 2566
f 2565 2548 2567
f 2565 2567 2691
f 2565 2691 2695
f 2564 2565 2695
f 2564 2695 2693
f 59 2568 2334
f 2334 2568 2570
f 2568 1665 2569
f 2568 2569 2570
f 2570 2569 1213
f 2570 1213 1212
f 2334 2570 2337
f 2570 1212 969
f 2337 2570 969
f 2496 2575 2571
f 2496 2571 2572
f 2572 2571 2573
f 2575 2297 2571
f 2571 2574 2573
f 2571 2297 2574
f 2574 2297 62
f 2573 2574 1891
f 2494 248 2576
f 2492 2575 2494
f 2494 2575 248
f 248 2575 2496
f 248 2496 2501
f 2576 248 2501
f 2332 2577 2578
f 2578 2577 2335
f 2578 2335 2352
f 2332 2331 2577
f 2577 2331 2579
f 2577 2579 2335
f 2352 2335 2356
f 1221 1222 2580
f 1222 1223 2580
f 2580 2377 2382
f 1221 2580 2382
f 1223 1226 2364
f 2580 1223 2377
f 2377 1223 2364
f 979 2350 2581
f 2350 2364 2581
f 2350 2347 2364
f 2347 2365 2364
f 2581 2364 1226
f 163 2581 1226
f 1671 2582 2583
f 2582 1664 2583
f 2583 1664 1662
f 2583 1662 60
f 2585 2584 2590
f 2587 1178 1237
f 2587 1237 1235
f 2587 1235 2586
f 2584 2587 2586
f 2586 2588 2591
f 2586 1235 2588
f 2588 1235 1234
f 2590 2584 2591
f 2584 2586 2591
f 2591 2588 2589
f 2590 2591 2589
f 2592 2536 2593
f 249 2592 2593
f 2536 2585 2590
f 2536 2590 2594
f 2536 2594 2593
f 2594 2590 2589
f 2593 2594 2604
f 249 2593 2604
f 249 2604 2595
f 1243 2532 2597
f 2532 249 2596
f 2532 2596 2597
f 2597 2596 2595
f 2596 249 2595
f 2597 2595 2610
f 1244 2597 2610
f 2589 2588 2598
f 2598 2600 2603
f 2588 2599 2598
f 2588 1234 1248
f 2588 1248 2599
f 2598 2599 2600
f 2600 2599 2601
f 2599 1248 2601
f 2600 2601 2602
f 2598 2603 2608
f 2603 2600 2602
f 2608 2603 2602
f 2608 2602 2616
f 2595 2604 2606
f 2595 2606 2612
f 2606 2604 2605
f 2612 2606 2605
f 2612 2605 2609
f 2594 2589 2598
f 2594 2598 2608
f 2604 2594 2608
f 2604 2608 2605
f 2605 2608 2607
f 2608 2616 250
f 2607 2608 250
f 2605 2607 2609
f 1244 2610 1258
f 2610 2611 1258
f 2610 2595 2612
f 2612 2609 2611
f 2610 2612 2611
f 2611 2613 2614
f 2611 2609 2613
f 2614 2613 2627
f 1258 2614 1275
f 1258 2611 2614
f 1275 2614 2627
f 2602 2615 2616
f 2602 2601 2615
f 2601 1266 1265
f 2601 1265 2615
f 2615 1265 1264
f 2615 1264 2617
f 250 2616 2618
f 2616 2615 2617
f 2616 2617 2618
f 2613 2609 2620
f 2609 2607 2619
f 2609 2619 2620
f 2607 250 2619
f 2619 250 2622
f 2619 2622 2623
f 2622 250 2618
f 2622 2618 2621
f 2623 2622 2621
f 2626 2620 2623
f 2620 2619 2623
f 2626 2623 2628
f 1275 2627 2625
f 1275 2625 1273
f 2625 2627 2624
f 1273 2625 2624
f 2613 2620 2627
f 2627 2620 2626
f 2627 2626 2624
f 2624 2626 2628
f 2624 2628 251
f 1273 2624 251
f 1273 251 2629
f 2629 251 2631
f 2629 2631 2630
f 2630 2631 252
f 2630 252 1279
f 251 2628 2631
f 252 2637 54
f 1279 252 54
f 2628 2623 2631
f 2623 2633 2631
f 2631 2633 2632
f 2631 2632 252
f 2623 2621 2633
f 2633 2641 2632
f 252 2632 2637
f 2637 2632 254
f 2621 2618 2634
f 2621 2634 2633
f 2618 2617 2634
f 2634 1287 2633
f 2617 2635 2634
f 2617 1264 2635
f 2634 2635 1287
f 1287 2647 2641
f 2633 1287 2641
f 54 253 2636
f 54 2636 167
f 54 2637 253
f 2637 2640 2638
f 2637 2638 253
f 253 2638 2653
f 167 2636 2639
f 2636 253 2639
f 2639 253 2653
f 2637 254 2640
f 254 2632 2642
f 2632 2641 2642
f 254 2642 2644
f 2642 2650 2643
f 2644 2642 2643
f 2640 2644 2638
f 2640 254 2644
f 2638 2644 2645
f 2641 2646 2642
f 2641 2647 2646
f 2646 2647 2649
f 2646 2649 2648
f 2649 2647 1300
f 2649 1300 2660
f 2648 2649 2660
f 2646 2648 2650
f 2642 2646 2650
f 1289 2639 2651
f 2639 2653 2651
f 2638 2652 2653
f 2651 2653 2652
f 2652 2654 2651
f 2651 2654 2655
f 2663 2651 2655
f 2638 2645 2652
f 2645 2644 2657
f 2645 2657 2659
f 2644 2643 2657
f 2643 2650 2656
f 2643 2656 2657
f 2657 2656 2659
f 2659 2656 2658
f 2659 2658 2667
f 2659 2667 2654
f 2652 2645 2654
f 2645 2659 2654
f 2650 2648 2660
f 2650 2660 2656
f 2656 2660 2661
f 2660 1300 1315
f 2660 1315 2661
f 2661 1315 2662
f 2662 1325 2669
f 2661 2662 2669
f 2656 2661 2658
f 2658 2661 2669
f 2663 2655 1317
f 2655 2654 2666
f 2655 2666 2665
f 1317 2655 2665
f 1317 2665 2664
f 2654 2667 2666
f 2667 2658 256
f 2666 2667 2668
f 2667 256 255
f 2667 255 2668
f 2666 2668 2665
f 2665 2668 2672
f 2658 2669 256
f 2669 1325 2670
f 2669 2670 256
f 256 2670 255
f 255 2670 1324
f 2664 2665 2672
f 2664 2672 2671
f 2672 2668 2673
f 2668 255 2673
f 2672 2673 2262
f 2671 2672 2262
f 255 1324 2673
f 1324 1328 2673
f 2184 806 2170
f 2675 2192 2194
f 1329 2186 2187
f 2750 55 2163
f 2163 55 785
f 2187 2186 2751
f 2186 1329 2752
f 1329 1330 2752
f 2676 2475 2411
f 2411 2475 1221
f 2411 1221 2382
f 1331 2676 2164
f 2164 2676 2427
f 247 2678 2677
f 247 2557 2678
f 2677 2678 2559
f 2678 2819 2559
f 2677 2559 2799
f 101 2553 2784
f 2784 2553 247
f 2683 2679 2681
f 2679 2680 2681
f 2829 2681 2680
f 2829 2682 2681
f 2682 2683 2681
f 2824 2685 257
f 2685 2828 2686
f 2685 2686 2687
f 2827 2684 2686
f 2686 2684 2687
f 2684 257 2687
f 257 2685 2687
f 2823 2688 246
f 2820 2689 2688
f 2821 2690 2689
f 2690 2823 246
f 2689 2690 246
f 102 2692 2691
f 2562 2694 2563
f 2563 2694 2692
f 102 2563 2692
f 2566 2693 2694
f 2694 2693 2697
f 2693 2695 2697
f 2695 2691 2697
f 2691 2692 2696
f 2694 2697 2692
f 2692 2697 2696
f 2697 2691 2696
f 2784 2698 2699
f 2698 2767 2699
f 2700 2769 2677
f 2677 2769 247
f 2799 2700 2677
f 2702 2799 2559
f 2701 2799 2702
f 2701 2702 99
f 2801 2701 2703
f 2703 2701 99
f 2249 2704 2705
f 2704 2162 2705
f 2249 780 2704
f 103 2706 2708
f 2708 2706 2710
f 2708 2710 2707
f 2706 2196 2237
f 2706 2237 2709
f 2706 2709 2710
f 2710 2709 2236
f 2709 2237 2236
f 2710 2236 2711
f 2707 2710 2712
f 2712 2710 2711
f 2707 2712 2246
f 228 2712 89
f 89 2712 2711
f 89 2711 2253
f 228 2246 2712
f 2711 2236 2251
f 2253 2711 2251
f 88 227 2246
f 227 2748 2708
f 227 2708 2707
f 2246 227 2707
f 2185 2705 2162
f 2717 2716 2398
f 2716 2715 2398
f 2398 2715 2713
f 2716 2714 2715
f 2714 2422 2715
f 2715 2422 2484
f 2713 2715 2395
f 2715 2484 2396
f 2715 2396 2395
f 2407 2425 2403
f 2425 2423 2716
f 2425 2716 2403
f 2407 2403 2402
f 2423 2714 2716
f 2403 2716 2717
f 2718 2719 2418
f 2719 2775 2418
f 2418 2775 2720
f 2418 2720 2721
f 2418 2721 2481
f 2720 2722 2721
f 2722 2723 2724
f 2724 2483 2479
f 2721 2722 2724
f 2721 2724 2479
f 2721 2479 2481
f 2727 2416 2725
f 2416 2417 2725
f 2417 2726 2725
f 2726 2483 2724
f 2726 2724 2725
f 2725 2724 2723
f 2413 2727 2770
f 2771 2413 2770
f 2474 2728 2732
f 2474 243 2728
f 243 2472 2728
f 2728 2472 258
f 2472 2471 258
f 2471 2729 2730
f 2471 2730 258
f 2729 2731 2732
f 2729 2732 2730
f 2731 95 2732
f 95 2474 2732
f 2728 258 2733
f 2732 2728 2733
f 2730 2734 258
f 258 2734 2733
f 2730 2732 2734
f 98 2735 2739
f 2735 2456 2738
f 2739 2735 2738
f 2456 2457 2738
f 2457 2736 2738
f 2738 2736 2740
f 2459 2737 2736
f 2736 2737 2452
f 2461 2739 2737
f 2461 98 2739
f 2737 2739 2452
f 2739 2738 259
f 2738 2740 259
f 2736 2452 2740
f 2739 259 2452
f 2465 2462 2743
f 2462 2741 2743
f 2462 2463 2741
f 2463 2742 2741
f 2742 2744 2741
f 2742 260 2744
f 2464 2467 2746
f 2464 2746 260
f 2746 2465 2743
f 2743 2453 2745
f 2743 2741 2453
f 2741 2744 2453
f 260 2746 2744
f 2744 2746 2745
f 2746 2743 2745
f 2448 242 2747
f 2448 2467 242
f 242 2459 2747
f 2747 2459 95
f 103 2708 2748
f 2748 2195 2749
f 2195 2675 2749
f 103 2748 2749
f 2675 2750 2751
f 2750 2163 2751
f 2751 2186 2754
f 2751 2754 2675
f 2186 2752 2754
f 2752 1330 2753
f 2752 2753 2754
f 2753 1405 2754
f 2749 2675 2194
f 2755 1405 30
f 2675 2755 2192
f 2187 2751 2163
f 2170 2183 2184
f 2756 2190 261
f 2184 261 2674
f 103 2196 2706
f 90 2758 2576
f 90 2576 2757
f 2513 90 2757
f 2287 2494 2758
f 2758 2494 2576
f 2576 2501 2759
f 2757 2576 2759
f 2760 262 2764
f 2760 2764 2762
f 2762 2764 2761
f 2762 2761 2518
f 262 2763 2764
f 2764 2763 2514
f 2764 2513 2761
f 2764 2514 2513
f 2761 2513 2757
f 2761 2757 2759
f 2518 2761 2759
f 2544 2807 2767
f 2807 2818 2545
f 2767 2807 2545
f 2765 2766 2547
f 2766 2558 2549
f 2766 2549 2547
f 2547 2549 100
f 2765 2547 2565
f 2547 100 2554
f 2547 2554 2556
f 2699 2767 2768
f 2699 2768 2703
f 2768 2801 2703
f 2560 2699 2703
f 2698 2784 247
f 2769 2698 247
f 2776 2478 2720
f 2478 2477 2723
f 2478 2723 2722
f 2720 2478 2722
f 2727 2725 2429
f 2725 2723 2429
f 2770 2727 2429
f 96 2771 2772
f 2772 2771 2770
f 2719 2773 2774
f 2428 96 2772
f 2773 2428 2432
f 2428 2772 2433
f 2432 2428 2433
f 2774 2773 2432
f 2719 2774 2775
f 2775 2774 2432
f 2775 2432 240
f 2720 2775 2776
f 2776 2775 240
f 2411 2412 2676
f 2410 2412 2411
f 2412 2771 96
f 2676 2412 96
f 2676 96 2427
f 2777 2431 2439
f 2777 2439 2440
f 2477 2778 2436
f 2776 2777 2778
f 2778 2777 2440
f 2436 2778 2440
f 2430 2436 2435
f 2430 2435 2779
f 263 2779 2435
f 263 2435 2781
f 2782 2780 263
f 2780 2779 263
f 2782 263 2781
f 2783 2782 2441
f 2431 2783 2439
f 2431 2782 2783
f 2548 2784 2560
f 2784 2699 2560
f 2547 2556 2785
f 2785 101 2784
f 2785 2784 2548
f 2787 2808 2786
f 2787 2786 264
f 265 2510 2788
f 2510 2509 2788
f 2509 2816 2788
f 2788 2816 2802
f 2788 2802 2789
f 265 2788 2789
f 2803 266 265
f 2527 2531 266
f 266 2531 265
f 2803 265 2789
f 268 2817 2793
f 2793 2817 2792
f 2794 2793 2792
f 2795 2796 267
f 267 2796 2812
f 2795 267 2813
f 2768 2767 2545
f 2768 2545 2801
f 2797 2544 2767
f 2797 2767 2698
f 2543 2805 2797
f 2805 2804 2797
f 2769 2797 2698
f 2543 2797 2769
f 2543 2769 2700
f 2798 2543 2700
f 2798 2700 2799
f 2541 2799 2800
f 2800 2799 2701
f 2545 2800 2801
f 2545 2541 2800
f 2801 2800 2701
f 2802 2786 2544
f 2802 2544 2804
f 2803 2789 2805
f 2789 2802 2805
f 2805 2802 2804
f 2542 2803 2805
f 2790 2542 2541
f 2806 2790 2541
f 2544 2786 2807
f 2786 2808 2807
f 2807 2796 2795
f 2809 2814 2810
f 2808 2809 2812
f 2808 2812 2796
f 2809 2810 2812
f 2807 2808 2796
f 2814 2763 2810
f 2763 262 2811
f 2763 2811 2810
f 262 2760 2811
f 2760 2813 2811
f 2811 2813 267
f 2810 2811 2812
f 2812 2811 267
f 2813 2818 2807
f 2813 2807 2795
f 2509 2815 2816
f 2516 2814 2815
f 2815 2814 2787
f 2816 2815 2787
f 2809 2808 2814
f 2814 2808 2787
f 2786 2802 264
f 2802 2816 264
f 264 2816 2787
f 245 2791 2817
f 2522 245 2817
f 2522 2817 268
f 2791 2806 2792
f 2791 2792 2817
f 2806 2818 2792
f 2792 2818 2794
f 2818 2813 2794
f 2813 2760 2522
f 2813 2522 268
f 2813 268 2794
f 2794 268 2793
f 2822 2558 2820
f 2820 2558 2821
f 2558 2546 2821
f 2820 2821 2689
f 2822 2820 2688
f 2823 2822 2688
f 2819 2823 2690
f 2685 2824 2825
f 2826 2550 2824
f 2826 2824 257
f 2826 257 2684
f 2552 2826 2827
f 2827 2826 2684
f 2552 2827 2686
f 2828 2552 2686
f 2825 2828 2685
f 2680 101 2556
f 2556 2829 2680
f 2679 2830 2680
f 2830 101 2680
f 2555 2830 2679
f 2555 2679 2683
f 2556 2555 2682
f 2556 2682 2829
f 2555 2683 2682
f 1664 2831 1665
f 1665 2831 2569
f 2834 2222 2831
f 2831 2222 2832
f 2831 2832 1483
f 2569 2831 1213
f 1213 2831 1483
f 2582 2833 2834
f 2834 2833 2222
f 2582 2834 1664
f 2834 2831 1664
f 2837 226 2260
f 2260 226 2833
f 2260 2833 2259
f 226 2222 2833
f 2835 2836 2837
f 2835 2837 2279
f 2837 2836 2221
f 2837 2221 226
f 2279 2837 2278
f 2278 2837 2260
f 2838 2839 230
f 2838 2840 2839
f 2839 2209 230
f 230 2209 2841
f 2841 2209 2836
f 2841 2836 2835
f 2174 2842 85
f 2174 85 2838
f 85 2840 2838
f 2412 2413 2771
f 2844 2845 2843
f 2845 2578 2351
f 2843 2845 2354
f 2843 2354 2846
f 2342 2843 2846
f 2343 2846 2361
f 2354 2372 2846
f 2361 2846 2372
f 2361 2372 2375
f 2849 2847 269
f 2842 2849 2176
f 269 183 2848
f 2176 2849 794
f 2849 269 2848
f 794 2849 2848
f 2852 2850 2847
f 2850 269 2847
f 2847 2849 2842
f 2852 2847 2842
f 2299 2195 2851
f 2851 2195 2852
f 2851 2852 2174
f 2174 2852 2842
f 2675 2195 2853
f 2853 2195 2299
f 55 2750 2853
f 55 2853 2180
f 55 2180 2178
f 796 55 2178
f 2302 2256 2854
f 2256 2855 2854
f 2854 2855 232
f 2256 2261 2855
f 2261 2833 2855
f 2855 2833 2582
f 232 2855 1669
f 232 1669 2296
f 2858 2803 2542
f 2858 2856 266
f 2856 2527 266
f 266 2803 2858
f 2790 2858 2542
f 2291 2856 2503
f 2503 2856 2858
f 2526 2857 1513
f 2526 2527 2856
f 2526 2856 2857
f 2857 2856 2291
f 1513 2857 2290
f 1513 2290 911
f 2806 2791 2790
f 2858 2790 2504
f 2504 2790 2791
f 1876 270 1831
f 1875 1834 1833
f 1875 1833 2859
f 270 2859 2860
f 2859 1833 2860
f 2860 1833 278
f 1831 270 1830
f 270 2860 2963
f 1830 270 2963
f 1830 2963 78
f 1805 1841 1809
f 1841 2927 2861
f 1841 2861 1809
f 1809 2861 76
f 1698 1697 2864
f 1698 2864 2863
f 2863 2864 2862
f 2863 2862 271
f 1697 1701 2864
f 2862 2864 1706
f 2862 1706 1716
f 271 2862 2865
f 2862 1716 2865
f 2865 1716 1715
f 2091 2868 2867
f 2868 2873 2866
f 2868 2866 2867
f 2873 2870 2866
f 2870 2874 2869
f 2866 2870 2869
f 2866 2869 2871
f 2869 2066 2871
f 2871 2066 1698
f 2871 1698 2863
f 2871 2863 271
f 2867 2866 2871
f 2867 2871 2024
f 2024 2871 271
f 2024 271 2865
f 2024 2865 1715
f 1782 2872 2097
f 1782 2097 2875
f 2097 2874 2873
f 2873 2874 2870
f 2875 2097 2873
f 2875 2873 2868
f 2091 2875 2868
f 1776 2876 2921
f 2921 2876 2877
f 1711 2878 1702
f 2878 2879 1705
f 1702 2878 1705
f 2883 2900 2878
f 2878 2900 2879
f 1705 2879 1718
f 1705 1718 1706
f 202 2880 2881
f 2880 272 2881
f 2880 2882 272
f 2882 2903 272
f 2881 2883 1711
f 2881 272 2883
f 1711 2883 2878
f 2989 2885 2112
f 2885 2886 2884
f 2112 2885 2884
f 2987 2985 2105
f 2987 2105 2885
f 2985 2986 2105
f 2885 2105 2886
f 2105 2104 2886
f 2886 2104 2882
f 2880 2886 2882
f 2112 2884 2880
f 2112 2880 202
f 2884 2886 2880
f 84 2152 2887
f 2887 2152 2888
f 2888 2152 2141
f 2887 2888 2889
f 2118 2145 2891
f 2145 2147 2892
f 2145 2892 2891
f 2891 2892 2890
f 2118 2891 2890
f 2147 2148 2892
f 2148 84 2887
f 2148 2887 2892
f 2892 2887 2889
f 2892 2889 2893
f 2890 2892 2893
f 2890 2893 2982
f 2979 2144 2894
f 2144 2896 2894
f 222 2895 2144
f 2144 2895 2896
f 2896 2895 2899
f 2896 2899 2968
f 2894 2896 2968
f 2894 2968 2967
f 2894 2967 2936
f 1815 2897 2154
f 2897 1887 2898
f 2897 2898 2153
f 2154 2897 2153
f 2898 74 2159
f 2898 2899 2153
f 2898 2159 2899
f 2153 2899 2895
f 2153 2895 222
f 2900 2883 2901
f 2883 272 2901
f 2901 273 2906
f 2900 2901 2906
f 272 2903 2901
f 2903 2882 2104
f 2903 2104 2902
f 2901 2903 2902
f 2901 2902 273
f 273 2902 2905
f 273 2905 2904
f 2906 273 2904
f 2906 2904 1737
f 1718 2879 2909
f 2909 2879 2907
f 2900 2906 2908
f 2879 2900 2908
f 2879 2908 2907
f 2908 2906 1737
f 2908 1737 1744
f 2907 2908 1744
f 2909 2907 1744
f 2909 1744 1743
f 1719 1720 2911
f 1720 2912 2910
f 1720 2910 2911
f 2912 1718 2909
f 2912 2909 2910
f 2910 2909 1743
f 2910 1743 1749
f 2913 2910 1749
f 2911 2910 2913
f 2911 2913 2914
f 2914 2913 1748
f 2916 2026 2917
f 2915 2916 2917
f 2915 2917 2918
f 2026 1719 2911
f 2026 2911 1765
f 2026 1765 2917
f 1765 2911 2914
f 1765 2914 1748
f 2917 1765 203
f 2918 2917 203
f 2918 203 1764
f 2918 1764 69
f 2915 2918 2920
f 2915 2920 2919
f 2915 2919 2090
f 2918 69 2920
f 2919 2920 1776
f 2919 1776 2921
f 2090 2919 2921
f 2090 2921 2922
f 274 2006 1846
f 2006 1843 1846
f 2006 2008 2923
f 2006 2923 1843
f 274 1846 2924
f 2924 1846 2000
f 2925 2923 2008
f 2925 2008 1780
f 2926 2927 1780
f 2927 2925 1780
f 2926 1780 1779
f 2927 2926 2966
f 2926 1779 2921
f 2926 2921 2877
f 2966 2926 2877
f 83 2929 2083
f 2929 219 2931
f 2929 2931 2930
f 2929 2930 2928
f 2083 2929 2928
f 219 2062 2096
f 219 2096 2931
f 2931 2096 2094
f 2931 2094 2930
f 2930 274 2932
f 2930 2094 274
f 2928 2932 2084
f 2928 2930 2932
f 2932 274 2924
f 2084 2932 2924
f 2084 2924 2000
f 66 2933 2934
f 66 2934 2938
f 2933 2935 2934
f 2934 2935 2974
f 2934 2974 2937
f 2974 2936 2937
f 2937 2936 275
f 2938 2934 275
f 2934 2937 275
f 2938 275 2969
f 2921 1779 2922
f 2922 1779 1782
f 1741 1739 2939
f 2939 1739 2940
f 1739 66 276
f 1739 276 2940
f 2940 276 2941
f 2940 2941 2139
f 2943 2939 2138
f 2939 2940 2138
f 2138 2940 2139
f 1746 1747 2942
f 2942 2945 2946
f 1746 2942 2946
f 1747 2944 2942
f 2944 1741 2939
f 2944 2939 2943
f 2942 2944 2943
f 2942 2943 2945
f 2943 2138 2945
f 2946 2945 1721
f 1767 2949 2956
f 2949 2947 277
f 2949 277 2948
f 2956 2949 2948
f 2950 1746 2946
f 2950 2946 2951
f 2947 2950 2951
f 2947 2951 277
f 2951 2946 1721
f 2951 1721 1730
f 277 2951 1730
f 277 1730 1728
f 2948 277 2958
f 2958 277 1728
f 2958 1728 65
f 2954 2952 2957
f 2954 2957 2953
f 2952 1767 2956
f 2956 2948 2955
f 2952 2956 2955
f 2952 2955 2957
f 2957 2955 2958
f 2955 2948 2958
f 2958 65 2076
f 2957 2958 2076
f 2957 2076 218
f 2953 2957 2959
f 2959 2957 218
f 2959 218 2073
f 2959 2073 78
f 278 2961 2860
f 2860 2961 2960
f 2860 2960 2963
f 2960 2961 2962
f 2961 1774 2962
f 2962 1774 2954
f 2962 2954 2953
f 2960 2962 2963
f 2963 2962 2953
f 2963 2953 2959
f 2963 2959 78
f 2964 2966 2965
f 2964 2965 207
f 2966 2877 2965
f 2965 2877 2876
f 2965 2876 1837
f 1837 2876 278
f 207 2965 1837
f 2861 2927 2966
f 2899 2158 2968
f 2158 2967 2968
f 2158 2156 279
f 2158 279 2967
f 2156 223 2999
f 2156 2999 279
f 2967 279 2970
f 279 2969 2970
f 2970 2969 275
f 2967 2970 275
f 2967 275 2936
f 2107 2980 2971
f 2107 2971 2973
f 2972 2979 2894
f 2980 2972 2971
f 2971 2972 2936
f 2971 2936 2974
f 2972 2894 2936
f 2973 2971 2974
f 2973 2974 2935
f 2986 2983 2976
f 2986 2976 2975
f 2983 280 2977
f 2983 2977 2976
f 280 2984 2978
f 280 2978 2977
f 2984 2889 2143
f 2984 2143 2978
f 2978 2143 2142
f 2978 2142 2977
f 2976 2977 2979
f 2976 2979 2972
f 2977 2142 2144
f 2977 2144 2979
f 2975 2980 2107
f 2975 2976 2972
f 2975 2972 2980
f 2982 2893 2981
f 2893 2984 2981
f 2893 2889 2984
f 2984 280 2983
f 2981 2984 2983
f 2981 2983 2986
f 2981 2986 2985
f 2981 2987 2989
f 2981 2985 2987
f 2989 2987 2885
f 1762 2988 2111
f 2120 2982 2981
f 2988 2120 2981
f 2111 2988 2989
f 2989 2988 2981
f 1760 2124 1762
f 2990 2988 1762
f 2124 2990 1762
f 66 2991 2933
f 2991 2993 2995
f 2933 2991 2995
f 2993 2905 2992
f 2993 2992 2995
f 2995 2992 2994
f 2994 2107 2973
f 2995 2994 2973
f 2933 2995 2935
f 2935 2995 2973
f 223 72 2996
f 223 2996 2997
f 2996 73 2997
f 1726 3002 2998
f 1726 2998 2102
f 3002 2969 2998
f 2998 2969 279
f 2998 2999 2102
f 2998 279 2999
f 2999 223 2997
f 2102 2999 2997
f 2102 2997 2125
f 2941 3000 1724
f 2941 276 3000
f 3000 3001 1724
f 276 2938 3000
f 276 66 2938
f 3000 2938 3001
f 3001 2938 3002
f 3002 2938 2969
f 1724 3001 3002
f 1724 3002 1726
