####
#
# OBJ File Generated by Meshlab
#
####
# Object knot-reduced.obj
#
# Vertices: 2904
# Faces: 5808
#
####
v 0.345342 -0.998857 -0.210340
v 0.187682 -0.861524 -0.183613
v 0.348381 -0.847304 -0.240336
v 0.010602 -0.931284 -0.222660
v 0.596675 -0.893838 -0.197690
v 0.606896 -0.765917 -0.205267
v 0.019029 -0.757405 -0.240261
v -0.145684 -0.646404 -0.021012
v 0.780515 -0.449834 -0.083962
v 0.824838 -0.326048 0.021716
v 0.876120 -0.188540 -0.062936
v -0.425078 -0.572006 -0.019146
v -0.400390 -0.366017 -0.160115
v -0.504432 -0.209007 0.050189
v -0.547437 -0.482789 -0.026590
v -0.456411 -0.431279 0.102361
v 0.843625 0.065505 0.130928
v 0.932437 0.226931 0.097813
v -0.334409 -0.319988 0.187733
v -0.159628 -0.357825 -0.154382
v -0.246194 -0.251772 -0.250999
v -0.139194 -0.355864 -0.248142
v -0.021248 -0.185339 -0.049454
v 0.770931 0.216138 0.119952
v -0.597587 -0.201417 0.211456
v -0.368198 -0.529358 0.239165
v -0.533700 -0.156318 0.377008
v -0.425321 -0.105698 0.318144
v 0.150527 -0.235686 -0.049699
v 0.115483 -0.328197 0.066556
v -0.517284 -0.005442 0.407663
v 0.659988 0.451847 0.166861
v 0.555187 0.515022 0.342429
v -0.289592 0.151688 0.428395
v -0.550194 0.172772 0.228701
v 0.334761 -0.211576 0.041753
v 0.639306 0.544868 0.250670
v 0.438836 -0.345207 -0.135184
v 0.550264 -0.232895 -0.135170
v 0.370087 0.580583 0.167223
v -0.365132 0.358051 0.222766
v 0.425530 0.463640 0.291217
v -0.361776 0.238968 0.076399
v 0.161267 0.480603 0.131662
v -0.311351 0.519475 0.079178
v -0.318543 0.317620 -0.052532
v 0.498682 -0.140606 -0.403716
v -0.248605 0.339641 0.044822
v 0.298431 -0.027988 -0.477882
v -0.162779 0.522819 0.113245
v 0.218625 0.549873 -0.012985
v 0.135915 0.620278 0.052836
v -0.560105 0.504866 0.008094
v 0.299195 0.134495 -0.289661
v -0.463568 0.546262 -0.094063
v 0.166358 0.148454 -0.343635
v 0.268608 0.305822 -0.195346
v -0.499509 0.796915 -0.003429
v -0.346507 0.558142 -0.302144
v -0.502230 0.461473 -0.284328
v 0.283694 0.304015 -0.020048
v -0.205118 0.858838 -0.005284
v -0.643087 0.417278 -0.373156
v -0.661757 0.294354 -0.417303
v 0.391559 0.107750 -0.228460
v -0.177691 0.927066 -0.150119
v 0.494548 0.547584 -0.078897
v 0.341111 0.517006 -0.039765
v 0.509978 0.227456 -0.184701
v -0.116879 0.853063 -0.117271
v 0.427117 0.670975 -0.177773
v 0.541532 0.091479 -0.189491
v -0.881970 0.137764 -0.311717
v 0.261275 0.929490 -0.073999
v -0.916306 0.046135 -0.173984
v 0.309799 -0.083874 -0.240053
v 0.409542 -0.033416 -0.087559
v -0.826454 -0.098600 -0.155102
v -0.849808 -0.220455 -0.187299
v 0.202081 -0.379022 -0.282656
v -0.810253 -0.496266 0.006434
v 0.243570 -0.685526 -0.010621
v 0.044589 -0.700412 0.082559
v -0.707711 -0.807223 0.013417
v -0.215753 -0.873951 0.128409
v -0.493731 -0.957031 0.154743
v -0.232397 -0.937971 0.263738
v -0.342511 -0.853934 0.256338
v -0.085610 -0.862346 0.278902
v -0.433520 -0.937764 0.240114
v -0.142180 -0.783852 0.237858
v 0.036572 -0.828689 0.244463
v -0.057064 -0.898936 0.242411
v -0.077730 -0.799903 0.127976
v -0.008673 -0.804449 0.108969
v 0.106891 -0.614456 -0.009022
v -0.784847 -0.524371 -0.024769
v 0.224520 -0.573683 -0.186502
v -0.861388 -0.367787 -0.017484
v -0.977562 -0.323064 -0.138683
v 0.182449 -0.510073 -0.232919
v -0.827474 -0.356566 -0.089520
v -0.838375 -0.286596 -0.080129
v -0.831847 -0.171479 -0.166985
v -0.824588 -0.068018 -0.243252
v -0.968216 -0.056595 -0.171748
v -0.956201 -0.022436 -0.233731
v -0.915882 0.098437 -0.241073
v 0.209396 0.910425 -0.032525
v 0.548312 0.190800 -0.197860
v -0.089391 0.978858 -0.134415
v 0.103713 0.969150 -0.043741
v -0.780448 0.229930 -0.379635
v -0.827479 0.244424 -0.298755
v -0.668140 0.362365 -0.408332
v -0.769279 0.301086 -0.359061
v -0.248823 0.955812 -0.117119
v 0.247469 0.360243 -0.111228
v -0.024969 0.891278 -0.014313
v 0.411454 0.324847 -0.079192
v 0.219739 0.289921 -0.073909
v 0.360896 0.325017 -0.011953
v 0.158634 0.200731 -0.171635
v 0.207452 0.206776 -0.098407
v 0.278988 0.383765 -0.288122
v -0.190636 0.503104 -0.236095
v 0.157314 0.216382 -0.237184
v 0.144092 0.130514 -0.281739
v -0.216501 0.606732 -0.152594
v 0.318023 0.219259 -0.194909
v -0.379269 0.511911 -0.227176
v -0.329104 0.560131 -0.210587
v 0.228007 0.440474 -0.220841
v 0.085752 0.599273 -0.071907
v 0.200585 0.580284 -0.156760
v -0.496348 0.360689 0.008063
v -0.422734 0.557689 0.008232
v 0.214729 0.066634 -0.429728
v 0.563511 -0.263963 -0.218939
v 0.554874 -0.194108 -0.286547
v 0.508406 -0.324366 -0.215444
v 0.487511 0.602542 0.271455
v 0.480876 -0.278929 -0.003004
v 0.371049 -0.253369 0.072061
v 0.463728 -0.229114 -0.017119
v -0.438180 0.187936 0.121171
v -0.552875 0.211852 0.171174
v -0.553432 0.312020 0.230778
v 0.593057 0.551927 0.308305
v 0.446532 0.588795 0.315535
v 0.523647 0.535961 0.192636
v 0.741755 0.469107 0.262576
v 0.693567 0.463495 0.310919
v 0.790014 0.346004 0.272622
v 0.248383 -0.322404 0.098738
v 0.339447 -0.350206 0.055290
v 0.254608 -0.317109 -0.038843
v -0.272317 -0.009142 0.186929
v -0.248599 -0.042845 0.172443
v 0.228222 -0.267806 -0.041269
v 0.034568 -0.228624 -0.122285
v -0.547085 -0.091308 0.401940
v -0.331199 -0.114956 0.260924
v -0.340534 -0.446753 0.310622
v -0.596135 -0.129416 0.227742
v -0.591405 -0.109684 0.322439
v -0.583003 -0.181428 0.304671
v 0.720924 0.337837 0.135911
v 0.742085 0.257329 0.183024
v 0.795339 0.216073 0.079063
v 0.151891 -0.191249 0.031132
v 0.074157 -0.202909 0.047308
v 0.011819 -0.289118 -0.147490
v -0.141908 -0.204654 -0.163146
v -0.050066 -0.342209 -0.112129
v -0.328926 -0.214265 0.164952
v -0.405498 -0.433501 0.298321
v 0.880503 0.260288 0.210271
v 0.947741 0.154135 0.134021
v 0.876475 0.254672 0.065723
v 0.798148 0.388394 0.138450
v 0.793937 0.428551 0.192028
v 0.872216 0.333394 0.194850
v -0.368413 -0.328365 -0.270076
v 0.806905 0.129992 0.123323
v -0.347399 -0.440873 -0.294854
v -0.270477 -0.436722 -0.219086
v -0.394593 -0.397282 0.160558
v -0.566840 -0.211348 0.117803
v 0.939717 0.102040 0.014024
v 0.983947 -0.005315 0.057092
v -0.528962 -0.282630 0.099505
v -0.480686 -0.279886 0.024005
v 0.976882 -0.013602 0.008756
v 0.810736 -0.451656 0.018594
v -0.010243 -0.790835 -0.284351
v -0.020235 -0.761835 -0.121878
v 0.022158 -0.800301 -0.150509
v 0.689361 -0.768975 -0.048099
v -0.017105 -0.902358 -0.271466
v 0.361883 -0.980884 -0.261925
v -0.776370 0.093547 -0.206775
v 0.176180 -0.301015 -0.042226
v 0.364872 0.676830 -0.036274
v 0.316359 0.773305 -0.036888
v 0.134993 -0.197166 -0.016211
v 0.282013 -0.210898 0.001900
v 0.684365 0.322206 0.207076
v 0.407866 0.040005 -0.241308
v 0.774794 0.273994 0.243395
v 0.442785 -0.022248 -0.209627
v 0.636046 0.413068 0.314534
v 0.303675 -0.013647 -0.211558
v 0.222132 -0.102188 -0.213358
v 0.186476 -0.144724 -0.197999
v 0.214809 -0.094788 -0.157390
v -0.328938 0.053362 0.313611
v 0.131253 0.909175 -0.173881
v -0.349573 -0.024802 0.345678
v 0.242315 0.884186 -0.181209
v 0.340757 0.828977 -0.182352
v 0.261999 0.920321 -0.151128
v 0.198475 0.961692 -0.115862
v -0.442535 -0.015446 0.200190
v 0.465511 0.665274 -0.047868
v -0.364273 -0.041533 0.240356
v 0.313617 0.860916 -0.043297
v -0.223216 -0.096430 0.177472
v 0.405044 0.795130 -0.058617
v 0.378766 0.840666 -0.071702
v -0.242925 -0.127389 0.264995
v 0.291011 0.917495 -0.130320
v -0.857487 0.086139 -0.173777
v 0.082961 -0.291777 0.079435
v -0.911794 -0.057538 -0.115436
v 0.163805 -0.203185 0.067603
v 0.248955 -0.243953 0.103081
v -0.950423 -0.114045 -0.105834
v -0.965464 -0.083826 -0.140318
v -0.965197 -0.036842 -0.203515
v -0.947052 0.021507 -0.206359
v -0.434837 -0.008031 0.104346
v -0.418879 0.006146 0.088634
v -0.786999 0.024561 -0.211534
v -0.767243 0.054397 -0.241145
v -0.253886 -0.063398 0.134620
v -0.804713 -0.034899 -0.228000
v -0.319460 0.026270 0.108114
v -0.817061 -0.017443 -0.276994
v -0.787971 0.069617 -0.322780
v 0.369778 0.864102 -0.110825
v -0.245146 -0.072207 0.223974
v -0.390838 0.027507 0.237774
v 0.233532 -0.115706 -0.234727
v 0.318494 -0.152875 -0.237628
v 0.374758 -0.080695 -0.217898
v 0.376231 -0.037202 -0.229215
v 0.397660 -0.100447 -0.134861
v 0.393787 -0.361041 0.001331
v 0.342510 -0.160762 -0.213020
v 0.342441 -0.059689 -0.077658
v 0.195781 -0.304129 0.105900
v 0.258355 -0.283986 0.111291
v 0.296541 -0.338058 0.081812
v 0.250578 -0.347528 0.074132
v 0.340049 -0.179741 -0.147025
v -0.884585 -0.039590 -0.121830
v 0.679428 0.409620 0.313745
v -0.849565 -0.039611 -0.134048
v -0.818155 0.016437 -0.169275
v 0.740013 0.398764 0.298433
v 0.686712 0.440269 0.317156
v -0.823775 -0.106027 -0.202373
v 0.713704 0.473496 0.291662
v 0.770844 0.452621 0.227839
v 0.811238 0.407884 0.229963
v -0.852827 -0.128458 -0.109659
v -0.847913 -0.234699 -0.083033
v -0.834279 -0.229116 -0.123247
v -0.410047 0.084148 0.439294
v -0.849322 -0.084469 -0.258625
v -0.553195 -0.036647 0.329232
v -0.902671 -0.017614 -0.291798
v -0.496403 -0.044285 0.447467
v -0.353328 -0.059148 0.404759
v -0.444920 -0.103564 0.431004
v -0.326339 0.057780 0.126766
v -0.322748 0.059787 0.182650
v 0.256479 -0.312376 -0.271151
v 0.251783 -0.264343 -0.275884
v 0.263437 -0.239901 -0.033095
v 0.230868 -0.095653 -0.124262
v 0.301381 -0.324427 -0.047954
v 0.341400 -0.322348 -0.072293
v -0.286926 0.076781 0.287644
v 0.266626 -0.187727 -0.107512
v 0.323049 -0.133249 -0.096599
v -0.306013 -0.017745 0.380109
v -0.270032 0.046889 0.312771
v -0.465325 0.043891 0.376874
v 0.209707 -0.239114 -0.277049
v -0.386165 0.050145 0.332091
v -0.475210 0.097918 0.097641
v -0.499611 0.047251 0.175135
v -0.891729 -0.106713 -0.259645
v -0.959726 -0.123451 -0.225420
v 0.524620 0.498830 0.188612
v 0.732871 0.452756 0.171844
v 0.730395 0.474108 0.195897
v -0.831277 -0.327850 -0.082501
v -0.834691 -0.261596 -0.130527
v -0.824680 -0.386660 -0.098303
v -0.343602 -0.024614 0.457083
v -0.378571 -0.034094 0.466972
v -0.881451 -0.248173 -0.200361
v -0.863248 -0.344428 -0.160819
v -0.425235 0.038602 0.466694
v -0.380673 0.076258 0.463918
v 0.136522 -0.312039 -0.233320
v 0.144174 -0.260084 -0.219373
v -0.309313 0.037799 0.469045
v -0.320077 0.065789 0.472856
v -0.237896 0.041479 0.342989
v -0.223236 0.049558 0.370267
v 0.208604 -0.485632 -0.248907
v -0.386843 0.113037 0.219038
v 0.164516 -0.352892 -0.271751
v 0.165003 -0.465463 -0.247225
v 0.222325 -0.269926 -0.125961
v -0.475000 0.099966 0.243968
v -0.476560 0.065418 0.227326
v 0.284302 -0.328282 -0.185964
v 0.414544 0.561231 0.332915
v -0.984810 -0.334931 -0.104771
v -0.963630 -0.287971 -0.172053
v 0.668087 0.516894 0.289455
v 0.643409 0.511783 0.314800
v 0.519118 0.574993 0.317011
v -0.977977 -0.144147 -0.125836
v 0.512357 0.479152 0.337090
v -0.934414 -0.201226 -0.063462
v -0.862698 -0.272822 -0.053215
v -0.846976 -0.335032 -0.043463
v -0.304799 0.116959 0.277533
v 0.155423 -0.323034 -0.152697
v -0.234549 0.120380 0.207104
v 0.209131 -0.331006 -0.130622
v 0.218971 -0.387862 -0.122927
v 0.202831 -0.546773 -0.211714
v 0.278008 -0.432081 -0.212721
v -0.217297 0.117157 0.413138
v -0.249002 0.114072 0.438107
v 0.258806 -0.383274 -0.145403
v 0.267216 -0.592311 -0.124546
v -0.284141 0.204156 0.347646
v -0.371999 0.118241 0.425126
v -0.399279 0.103078 0.409749
v 0.158434 -0.523355 -0.210832
v 0.144119 -0.473150 -0.224177
v 0.131092 -0.423001 -0.159853
v -0.521430 0.186046 0.268757
v -0.551283 0.305510 0.259462
v 0.172850 -0.426972 -0.111239
v -0.545615 0.151398 0.167623
v -0.532155 0.140052 0.140888
v -0.559313 0.261425 0.201662
v 0.245192 -0.442740 -0.110103
v -0.825973 -0.421102 -0.108637
v -0.389054 0.117574 0.108070
v -0.881088 -0.342824 -0.171580
v -0.885944 -0.382888 -0.163391
v -0.395260 0.172730 0.202416
v -0.815143 -0.492779 -0.093826
v -0.929613 -0.377555 -0.161197
v 0.386953 -0.210143 -0.027237
v -0.973717 -0.360627 -0.057247
v 0.421165 -0.242136 0.033778
v 0.316389 -0.262696 0.096676
v 0.301215 -0.236691 0.088444
v -0.946185 -0.379727 -0.019673
v -0.920250 -0.357635 -0.011354
v 0.431646 -0.267459 0.039721
v 0.477572 -0.251488 -0.009524
v 0.471697 -0.307545 0.002398
v 0.399643 -0.343651 0.034856
v -0.854588 -0.453805 0.014366
v 0.517941 0.455993 0.209908
v -0.739293 -0.626288 0.057415
v 0.583852 0.401314 0.276499
v 0.524627 0.428399 0.252229
v -0.809028 -0.449609 -0.058098
v 0.546052 0.550998 0.204075
v 0.625316 0.531803 0.209335
v 0.137678 -0.530757 -0.177657
v 0.126210 -0.526605 -0.129752
v 0.503082 0.595915 0.246342
v 0.541680 0.582278 0.293123
v 0.467731 0.600116 0.295597
v 0.162446 -0.494928 -0.069805
v -0.212091 0.111047 0.224517
v 0.230835 -0.478349 -0.075214
v -0.158977 0.140947 0.258120
v -0.175107 0.116081 0.341449
v 0.113203 -0.601917 0.008360
v 0.135857 -0.568477 -0.003507
v -0.324949 0.160439 0.322737
v 0.219561 -0.545770 -0.002459
v 0.243069 -0.616760 -0.133628
v 0.217780 -0.645195 -0.116795
v 0.391409 -0.340873 -0.096899
v 0.124765 -0.614217 -0.078736
v 0.103414 -0.656893 -0.017299
v 0.191348 -0.753861 0.098665
v 0.372769 -0.242805 -0.096828
v 0.196396 -0.710084 -0.028840
v 0.266693 -0.592075 -0.019208
v 0.252819 -0.644313 0.028625
v 0.220021 -0.711070 0.089395
v 0.421222 -0.359956 -0.073365
v 0.465368 -0.355305 -0.100708
v -0.903592 -0.523858 -0.115151
v 0.499416 -0.317909 -0.040185
v 0.515530 -0.289662 -0.049066
v 0.539963 -0.311281 -0.135557
v -0.796094 -0.573477 -0.076055
v -0.836334 -0.515355 -0.111981
v -0.471167 0.256848 0.140639
v -0.440136 0.233571 0.144669
v -0.509663 0.257164 0.299176
v -0.534610 0.293322 0.290398
v -0.727852 -0.631326 0.026283
v -0.776735 -0.566296 -0.048572
v 0.420296 -0.296389 -0.195190
v -0.814436 -0.583122 0.065760
v -0.770314 -0.627588 0.082990
v 0.462021 0.533287 0.185688
v -0.898144 -0.613785 0.036996
v -0.151294 0.161667 0.271659
v -0.632330 -0.762307 0.034547
v -0.203337 0.197632 0.358980
v -0.770265 -0.666819 -0.051410
v -0.772142 -0.690105 -0.047401
v -0.935625 -0.545262 -0.073120
v -0.298948 0.213481 0.238166
v -0.909706 -0.620383 0.012940
v -0.935921 -0.565585 -0.039949
v -0.504702 0.340838 0.175612
v -0.481380 0.348312 0.171160
v -0.452400 0.386730 0.176482
v 0.040795 -0.679691 0.138516
v 0.096054 -0.632216 0.078082
v 0.108631 -0.626499 0.097828
v -0.402088 0.301299 0.207269
v -0.052888 -0.759891 0.136370
v -0.041115 -0.800375 0.117211
v 0.105746 -0.708152 0.004121
v 0.549227 -0.178811 -0.259660
v -0.785616 -0.717519 -0.040350
v -0.857220 -0.647998 -0.069458
v 0.495377 -0.211367 -0.081409
v 0.564338 -0.230288 -0.250364
v 0.545298 -0.306697 -0.196190
v 0.556551 -0.282538 -0.154692
v -0.597453 -0.819814 0.044040
v -0.677017 -0.777579 0.008603
v -0.271477 0.220786 0.018913
v -0.269316 0.157988 0.142743
v -0.706617 -0.668337 0.084118
v 0.425769 -0.204827 -0.115535
v -0.557765 -0.771718 0.105633
v -0.579915 -0.780507 0.067076
v 0.413109 -0.228239 -0.198702
v 0.166120 -0.773250 0.139363
v 0.464897 0.596411 0.222090
v 0.420275 0.614376 0.237534
v 0.131464 -0.708547 0.194836
v 0.282235 0.619184 0.156940
v 0.157231 -0.777457 0.076646
v 0.110887 -0.800707 0.092941
v 0.302326 0.539248 0.118768
v 0.323156 0.509801 0.146766
v 0.361894 0.518882 0.162530
v 0.046181 -0.773568 0.078401
v 0.259616 0.607439 0.111096
v 0.276489 0.571724 0.094335
v -0.801345 -0.776951 0.024132
v -0.193418 0.210663 0.083735
v -0.842722 -0.715627 0.073934
v -0.152290 0.213924 0.256997
v -0.809684 -0.775674 0.062519
v -0.777640 -0.792535 0.104761
v -0.796455 -0.684193 0.111527
v -0.789366 -0.656492 0.102711
v -0.696664 -0.759654 0.163440
v -0.371169 0.425337 0.170848
v -0.414519 0.408905 0.175103
v -0.392464 0.375652 0.187273
v -0.565862 -0.765846 0.142606
v -0.393603 0.298249 0.245304
v -0.590940 -0.776520 0.177990
v -0.447943 0.333374 0.325102
v 0.008793 -0.873765 0.168330
v 0.444527 -0.185461 -0.190458
v -0.063004 -0.845368 0.126279
v 0.512107 -0.166525 -0.208774
v 0.475530 -0.149967 -0.233610
v 0.016711 -0.695361 0.168112
v -0.286371 0.276899 0.193520
v -0.039756 -0.902022 0.204090
v -0.103123 -0.926567 0.222497
v 0.097290 -0.782349 0.223614
v -0.009995 -0.866747 0.247159
v -0.383690 0.333826 0.086386
v -0.342515 0.246570 0.121965
v -0.113092 -0.800121 0.140991
v -0.056326 -0.746357 0.157130
v -0.202737 0.305541 0.119625
v -0.172589 0.271482 0.163163
v 0.023182 -0.709019 0.211126
v 0.044033 -0.720503 0.227478
v -0.235722 0.298284 0.191221
v -0.253403 0.284071 0.211965
v -0.169654 -0.797032 0.170954
v -0.412725 0.412728 0.331181
v -0.047705 -0.751952 0.241812
v -0.536167 0.360545 0.257295
v -0.640745 -0.900607 0.121811
v -0.609584 -0.904271 0.091563
v -0.627980 -0.848660 0.197359
v -0.603691 -0.833881 0.206676
v -0.315085 0.405259 0.238093
v -0.307277 0.417872 0.261927
v -0.593390 -0.921213 0.157565
v -0.325167 0.519993 0.291711
v -0.374063 0.468235 0.318533
v -0.407317 0.469401 0.317862
v 0.404551 -0.207637 -0.261084
v -0.357227 -0.866449 0.115756
v -0.511242 -0.798409 0.110944
v 0.428988 -0.276055 -0.268629
v 0.436517 -0.270139 -0.312118
v -0.495131 -0.875381 0.080388
v 0.489685 -0.292660 -0.297103
v -0.078981 -0.779702 0.260605
v 0.549646 -0.210394 -0.316186
v 0.505818 -0.253803 -0.349541
v -0.021390 -0.846697 0.265692
v -0.076356 -0.886344 0.265672
v -0.142361 -0.895316 0.137925
v -0.500963 0.421951 0.276554
v -0.361832 -0.912254 0.111137
v 0.415762 0.525085 0.336114
v 0.383761 0.506203 0.320623
v -0.171552 -0.813352 0.153634
v -0.244836 -0.823336 0.160939
v 0.370822 0.469285 0.225628
v 0.335492 0.484230 0.177586
v -0.467604 -0.953574 0.210795
v -0.398324 -0.956756 0.232750
v -0.551707 -0.907765 0.084319
v -0.241555 0.252822 0.011861
v -0.228120 0.221639 0.041953
v -0.373350 -0.974370 0.207519
v -0.187670 0.276761 0.095458
v -0.394408 -0.922695 0.257080
v -0.408412 -0.902059 0.259228
v -0.241263 0.328610 0.120710
v -0.307102 -0.974901 0.208954
v -0.216563 -0.961599 0.212825
v -0.333358 0.332514 0.111439
v -0.255251 -0.885661 0.280743
v -0.112379 -0.834854 0.283209
v -0.152316 -0.872347 0.284477
v -0.359053 0.231659 0.026922
v -0.312931 0.210493 0.031173
v -0.355657 -0.820951 0.179418
v -0.438260 -0.819806 0.135312
v -0.350131 -0.838868 0.138858
v -0.522121 -0.798463 0.189658
v -0.373111 0.280367 0.094516
v -0.322874 -0.874134 0.269540
v -0.398047 -0.831134 0.225745
v -0.338304 -0.829835 0.230284
v -0.353938 -0.961622 0.143171
v -0.266334 -0.940447 0.138546
v -0.195457 -0.796175 0.208096
v -0.228133 -0.807144 0.220430
v -0.300478 -0.818174 0.203746
v -0.438310 0.350351 0.061036
v -0.468283 0.360103 0.042882
v -0.301339 -0.821893 0.175069
v -0.216193 -0.806338 0.182652
v -0.347994 -0.932649 0.120538
v -0.481901 -0.898288 0.086740
v -0.427740 -0.934636 0.110465
v -0.238573 0.473630 0.218310
v -0.259712 -0.837323 0.260003
v -0.285001 -0.827532 0.239800
v -0.208949 -0.811742 0.247101
v -0.198619 -0.836145 0.273995
v -0.331714 0.447230 0.151551
v -0.341501 -0.974665 0.172700
v -0.226574 -0.962739 0.188837
v -0.234791 -0.953027 0.158322
v -0.450157 -0.854292 0.241720
v -0.463924 -0.824826 0.217805
v -0.571239 -0.824366 0.211609
v -0.475537 -0.872475 0.243732
v -0.542397 -0.817159 0.210409
v -0.449651 0.490078 0.250245
v -0.449526 0.482476 0.220622
v -0.393652 0.536864 0.205640
v -0.454280 -0.807376 0.174341
v -0.401612 -0.816958 0.178301
v -0.508110 -0.789550 0.148083
v -0.222748 -0.904539 0.280164
v -0.342423 -0.944036 0.255596
v -0.304948 -0.921912 0.270822
v -0.312540 -0.960745 0.242214
v -0.150479 -0.901673 0.276348
v -0.239559 -0.959135 0.236403
v -0.168040 -0.941914 0.240292
v -0.131834 -0.919831 0.257775
v -0.520791 -0.948215 0.178387
v -0.563888 -0.933998 0.135928
v -0.540417 -0.932523 0.112568
v -0.436971 -0.968891 0.187595
v -0.473480 -0.952153 0.129645
v -0.419196 -0.969854 0.159244
v 0.436322 -0.119423 -0.283051
v -0.176342 -0.834105 0.139092
v -0.242334 -0.914097 0.129751
v -0.292895 -0.872009 0.122755
v -0.300979 -0.900602 0.118981
v -0.124255 -0.859706 0.130462
v -0.245953 -0.848270 0.136746
v -0.141885 -0.840252 0.131557
v 0.026131 -0.805261 0.258480
v 0.037637 -0.773251 0.255700
v -0.006451 -0.760504 0.256098
v -0.062769 -0.798668 0.274134
v -0.030602 -0.820830 0.274103
v 0.064288 -0.738558 0.236746
v 0.375572 -0.185350 -0.319460
v -0.419509 -0.854549 0.106593
v -0.481831 -0.835607 0.093826
v -0.447748 -0.872527 0.093744
v -0.546926 -0.811470 0.071229
v -0.538413 -0.838275 0.067870
v -0.648814 -0.883659 0.163470
v -0.546200 -0.888160 0.223618
v -0.564519 -0.916262 0.199243
v -0.498526 -0.918473 0.230775
v -0.645568 -0.863272 0.183039
v 0.351276 -0.136631 -0.329764
v -0.680896 -0.875703 0.089790
v -0.744881 -0.827543 0.049835
v -0.703997 -0.857891 0.125405
v -0.744474 -0.833658 0.088830
v -0.113612 -0.764055 0.199783
v -0.086403 -0.754603 0.178927
v -0.081104 -0.753186 0.222611
v -0.004436 -0.711006 0.194770
v 0.385525 -0.210256 -0.377880
v 0.334220 -0.147391 -0.430003
v 0.101254 -0.818993 0.185319
v 0.006594 -0.875146 0.218955
v 0.069789 -0.828024 0.218393
v 0.142479 -0.797368 0.125003
v 0.053048 -0.855143 0.183526
v 0.081629 -0.834547 0.146089
v 0.339361 -0.129838 -0.454946
v 0.084423 -0.677892 0.182905
v 0.137458 -0.638620 0.134092
v 0.107967 -0.691314 0.193379
v 0.062680 -0.673684 0.169305
v 0.115963 -0.635831 0.126593
v 0.494182 -0.217629 -0.388847
v -0.001393 -0.826962 0.115749
v -0.118038 -0.929753 0.186493
v -0.138498 -0.928877 0.167919
v -0.010146 -0.875368 0.156197
v -0.106443 -0.898643 0.146845
v -0.026321 -0.870444 0.143296
v -0.668000 -0.729670 0.144591
v -0.683626 -0.741231 0.155899
v -0.626012 -0.737100 0.134979
v -0.669423 -0.703794 0.109370
v -0.740275 -0.670179 0.109116
v 0.100377 0.478864 0.008821
v -0.736519 -0.788021 0.149142
v -0.719867 -0.772269 0.158927
v -0.741174 -0.808904 0.136075
v -0.814218 -0.730377 0.101538
v -0.807209 -0.707432 0.110034
v -0.864855 -0.704522 0.040371
v -0.854514 -0.718578 0.003766
v -0.892157 -0.662989 0.007682
v 0.064824 -0.797377 0.086622
v 0.089246 -0.799309 0.086713
v 0.151664 -0.739307 0.010425
v 0.128381 -0.732717 0.010374
v 0.177708 0.521104 0.205808
v 0.285363 0.511866 0.280249
v 0.250582 0.494525 0.243406
v 0.121855 -0.746852 0.210814
v 0.172581 -0.706166 0.164698
v 0.147407 -0.772126 0.176527
v 0.199942 -0.715996 0.128652
v 0.288994 0.474261 0.186058
v 0.191586 0.473390 0.087782
v -0.631813 -0.725242 0.087327
v -0.615910 -0.747291 0.062662
v -0.664908 -0.710798 0.037133
v -0.691825 -0.673812 0.051772
v -0.658319 -0.865589 0.055608
v -0.622755 -0.857006 0.046988
v -0.620354 -0.840405 0.040487
v -0.706302 -0.775913 -0.001767
v -0.714689 -0.829591 0.034238
v -0.775413 -0.766779 -0.007609
v -0.834516 -0.713222 -0.030469
v -0.895330 -0.641269 -0.042664
v -0.914326 -0.578577 -0.077356
v -0.886701 -0.614625 -0.076022
v 0.269107 0.626487 0.170843
v -0.017284 -0.754194 0.114587
v 0.078280 -0.651909 0.070209
v 0.065681 -0.728671 0.052717
v 0.014368 -0.756140 0.095417
v 0.002920 -0.717656 0.124083
v 0.048929 -0.678011 0.109696
v 0.082629 -0.681098 0.026544
v 0.084568 -0.652906 0.033701
v -0.421783 0.281026 0.024706
v -0.932338 -0.562031 -0.003668
v -0.958864 -0.437473 -0.028066
v -0.974849 -0.411383 -0.073475
v -0.959550 -0.484075 -0.046211
v -0.940774 -0.508332 -0.003771
v -0.707526 -0.674042 0.005244
v -0.668740 -0.750652 0.011337
v -0.745254 -0.624233 -0.021176
v -0.718430 -0.700216 -0.017549
v -0.761034 -0.640099 -0.046952
v -0.926937 -0.490250 0.011256
v -0.873120 -0.584377 0.057056
v -0.870540 -0.635868 0.063268
v -0.843828 -0.597938 0.070954
v -0.915697 -0.467207 0.015256
v -0.853244 -0.532042 0.046846
v -0.883976 -0.470830 0.025978
v -0.271177 0.463107 0.114950
v -0.758503 -0.582730 -0.001153
v -0.802482 -0.495672 -0.073943
v 0.179686 -0.639663 0.121957
v 0.222252 -0.655720 0.092543
v 0.218002 -0.611545 0.070294
v -0.849010 -0.625619 -0.082506
v -0.839025 -0.551306 -0.105522
v -0.843269 -0.593733 -0.094620
v -0.898854 -0.481197 -0.133232
v -0.892511 -0.425895 -0.151690
v -0.303738 0.577475 0.075773
v -0.343939 0.565068 0.147388
v 0.230380 -0.680770 -0.053292
v 0.255708 -0.641498 -0.077960
v 0.205048 -0.739107 0.049152
v 0.208256 -0.721102 0.001639
v 0.237089 -0.698499 0.044021
v 0.267457 -0.629923 -0.044491
v 0.254562 -0.504297 -0.070650
v 0.263207 -0.544915 -0.044904
v 0.197088 -0.602459 -0.165058
v 0.165341 -0.634796 -0.122101
v 0.189790 -0.658537 -0.104391
v 0.131630 -0.673127 -0.049790
v 0.148566 -0.580469 -0.155752
v 0.175767 -0.568457 -0.189628
v 0.520861 -0.134083 -0.319012
v 0.161574 -0.539172 -0.017915
v 0.196708 -0.518965 -0.028325
v 0.151452 -0.575744 0.034774
v 0.181007 -0.594038 0.071747
v 0.445014 -0.085128 -0.320982
v 0.126571 -0.557376 -0.062231
v 0.120485 -0.587999 -0.067211
v 0.130689 -0.498784 -0.119551
v 0.141646 -0.524815 -0.064208
v 0.144006 -0.468537 -0.112813
v -0.830710 -0.390025 -0.037891
v -0.818435 -0.426553 -0.040785
v -0.787320 -0.573033 0.046686
v -0.824075 -0.515751 0.029978
v -0.769107 -0.573851 0.027428
v -0.838427 -0.432998 -0.004654
v -0.794824 -0.511900 -0.005803
v -0.957190 -0.209502 -0.072035
v -0.979820 -0.218595 -0.097578
v -0.973744 -0.296253 -0.066489
v -0.944170 -0.317981 -0.032019
v -0.960487 -0.462703 -0.091708
v -0.969925 -0.395410 -0.118366
v -0.936150 -0.487897 -0.113523
v -0.949689 -0.363112 -0.156118
v -0.308532 0.380293 0.047542
v -0.310233 0.367422 0.074206
v -0.828239 -0.494876 -0.108388
v -0.250919 0.302355 -0.000601
v 0.218415 -0.995286 -0.254011
v 0.198101 -0.458144 -0.084006
v -0.418326 0.317951 -0.066599
v 0.184452 -0.986515 -0.216800
v 0.135558 -0.360536 -0.241427
v 0.128782 -0.477828 -0.191587
v 0.141456 -0.414956 -0.244124
v 0.124486 -0.423373 -0.197884
v 0.127498 -0.396454 -0.179255
v 0.129125 -0.340954 -0.200920
v 0.482426 -0.969625 -0.169341
v 0.276889 -0.576167 -0.076281
v 0.272945 -0.466071 -0.130281
v 0.281464 -0.501984 -0.160860
v 0.280331 -0.391671 -0.180549
v -0.286400 0.340715 -0.022662
v 0.291540 -0.984386 -0.179860
v 0.269110 -0.547080 -0.168250
v 0.268163 -0.503577 -0.202758
v 0.237619 -0.527802 -0.216712
v 0.240799 -0.467756 -0.247616
v 0.261769 -0.440751 -0.240718
v 0.456387 -0.964799 -0.143259
v 0.407008 -0.967011 -0.144256
v 0.146437 -0.393426 -0.146720
v 0.169170 -0.385842 -0.129226
v 0.178404 -0.328324 -0.137260
v 0.413416 -0.081828 -0.465580
v 0.377268 -0.123557 -0.468018
v 0.436331 -0.139599 -0.450912
v -0.879712 -0.361590 -0.011509
v -0.900078 -0.352989 -0.011093
v -0.915020 -0.201265 -0.059898
v -0.896774 -0.227467 -0.052462
v -0.872864 -0.157197 -0.085690
v 0.475984 -0.082587 -0.373013
v -0.988619 -0.268883 -0.113514
v -0.981581 -0.254425 -0.159526
v -0.988433 -0.189514 -0.147402
v -0.980818 -0.115714 -0.167719
v -0.978799 -0.170360 -0.185957
v -0.972394 -0.099496 -0.208763
v 0.187738 0.479397 0.002903
v 0.304366 -0.902760 -0.149068
v 0.260169 -0.325226 -0.147402
v 0.252776 -0.273380 -0.134451
v 0.301974 -0.210294 -0.129739
v 0.311052 -0.231456 -0.162779
v 0.279303 -0.276020 -0.150550
v 0.262097 0.533268 0.077329
v 0.307712 -0.968667 -0.161442
v 0.175060 -0.401916 -0.272375
v 0.191053 -0.332845 -0.283831
v 0.190151 -0.447023 -0.264691
v 0.216701 -0.420301 -0.272813
v 0.235505 -0.367813 -0.277992
v 0.220342 -0.306106 -0.285103
v -0.319013 0.397018 0.002047
v -0.356767 0.430851 0.007602
v 0.154412 -0.238580 -0.172697
v 0.158762 -0.207534 -0.202232
v 0.183905 -0.189775 -0.142671
v 0.183943 -0.159102 -0.159189
v -0.231116 0.528713 0.230934
v -0.838730 -0.198139 -0.176931
v -0.839319 -0.318416 -0.139975
v -0.837333 -0.287738 -0.138683
v -0.852442 -0.304511 -0.161546
v -0.875607 -0.173307 -0.226589
v -0.847277 -0.144293 -0.222811
v 0.142913 -0.968710 -0.201847
v -0.940184 -0.255354 -0.199047
v -0.926744 -0.198625 -0.222648
v -0.908231 -0.215387 -0.217859
v -0.943391 -0.134909 -0.236134
v -0.915479 -0.112760 -0.255685
v -0.298386 0.573529 0.240536
v -0.316354 0.582333 0.222717
v 0.180054 -0.268489 -0.273424
v 0.213137 -0.172314 -0.255392
v 0.156076 -0.283971 -0.258517
v 0.176632 -0.195587 -0.240877
v 0.263512 -0.105254 -0.096576
v 0.211006 -0.170087 -0.121144
v 0.215210 -0.229405 -0.120374
v 0.257727 -0.076956 -0.105764
v 0.301075 -0.083666 -0.084418
v -0.214852 0.474210 0.153907
v 0.098674 -0.809789 -0.206303
v 0.272556 -0.385227 -0.239983
v 0.287859 -0.307291 -0.228264
v 0.297259 -0.281127 -0.200800
v 0.264346 -0.349938 -0.258808
v 0.313073 -0.232388 -0.212172
v 0.307405 -0.207982 -0.235960
v 0.142855 -0.903803 -0.167047
v 0.095971 -0.880806 -0.165697
v -0.858657 0.035843 -0.320284
v -0.845787 -0.029940 -0.288379
v -0.811959 0.057919 -0.326656
v -0.824790 0.073924 -0.336370
v -0.840906 -0.139974 -0.120695
v -0.836693 -0.187860 -0.119793
v -0.828011 -0.138057 -0.159345
v -0.826274 -0.055660 -0.154554
v -0.806774 -0.006921 -0.182793
v -0.813087 -0.058586 -0.189593
v 0.416685 -0.020731 -0.390671
v -0.819007 0.069070 -0.175303
v -0.861771 -0.026258 -0.131416
v 0.293631 -0.852105 -0.197939
v 0.364682 -0.065181 -0.081686
v 0.369842 -0.096510 -0.097393
v 0.390903 0.000936 -0.076820
v 0.412350 -0.063719 -0.108033
v 0.445863 0.005579 -0.094541
v 0.326126 0.025391 -0.323403
v 0.435561 -0.059490 -0.150681
v 0.351854 -0.166612 -0.180295
v 0.378400 -0.121721 -0.189544
v 0.463807 -0.025194 -0.171505
v 0.395800 -0.085094 -0.200428
v 0.391159 -0.081143 -0.316226
v 0.460225 -0.831815 -0.230008
v 0.247404 -0.215622 -0.273017
v 0.242434 -0.170086 -0.262465
v 0.326001 -0.102711 -0.236939
v 0.295492 -0.053763 -0.228805
v 0.337483 -0.036314 -0.233665
v 0.301999 -0.098119 -0.351896
v 0.242427 -0.056802 -0.376365
v 0.329650 0.865347 -0.168167
v 0.401681 0.822853 -0.138254
v 0.392340 0.797182 -0.172102
v 0.340780 0.885054 -0.129223
v 0.331627 -0.030413 -0.324008
v 0.412408 0.816451 -0.097445
v 0.446543 0.766660 -0.119114
v 0.440617 0.753197 -0.066169
v 0.478160 0.691833 -0.091477
v 0.345051 -0.879642 -0.281715
v -0.792005 0.006529 -0.262036
v -0.760504 0.066945 -0.283822
v -0.766520 0.080514 -0.313346
v -0.723500 0.124757 -0.305419
v 0.221766 0.022077 -0.439884
v 0.253082 -0.065319 -0.426941
v 0.274823 -0.072704 -0.450727
v 0.470294 -0.847306 -0.105242
v 0.391608 -0.888137 -0.124740
v -0.945222 -0.043975 -0.139438
v -0.947854 -0.004055 -0.172897
v -0.919940 0.075318 -0.207274
v -0.911314 0.003311 -0.144003
v -0.881240 0.130874 -0.212609
v 0.382247 -0.037496 -0.470485
v 0.369474 -0.839257 -0.201972
v 0.453328 -0.815788 -0.192498
v 0.304833 0.912112 -0.098792
v 0.189259 0.963837 -0.082116
v 0.183206 0.955110 -0.057818
v 0.243113 0.945437 -0.101086
v 0.237367 0.921918 -0.049031
v 0.326202 0.883393 -0.066946
v 0.254412 0.071649 -0.443855
v 0.275801 -0.989425 -0.272165
v 0.282070 -0.971363 -0.291665
v 0.237862 0.772468 -0.121864
v 0.205537 0.817427 -0.164297
v 0.277180 0.748445 -0.146711
v 0.214697 0.601912 0.221600
v 0.260318 0.594912 0.259822
v 0.220356 0.525759 0.246902
v 0.476315 -0.852040 -0.247573
v 0.423698 -0.871563 -0.265103
v 0.432107 0.625860 -0.018997
v 0.362530 0.724247 -0.033465
v 0.373344 0.783698 -0.037798
v 0.431715 0.713805 -0.040415
v 0.388067 0.736079 -0.032136
v 0.233423 0.582413 0.046645
v 0.422581 -0.971200 -0.248966
v 0.482715 -0.960914 -0.222464
v 0.170557 0.960452 -0.137936
v 0.095583 0.971151 -0.142002
v 0.229650 0.917428 -0.166593
v 0.168737 0.932959 -0.166082
v 0.094134 0.941228 -0.165016
v 0.214147 0.863725 -0.183060
v 0.312674 0.823451 -0.188440
v 0.259843 0.799989 -0.176726
v 0.288236 0.814469 -0.187448
v 0.183136 0.624355 0.076294
v 0.246073 -0.054397 -0.187641
v 0.268589 -0.018543 -0.164874
v 0.261758 -0.029153 -0.141959
v -0.412460 0.502678 0.012926
v -0.084035 -0.864277 -0.182697
v 0.406577 -0.018422 -0.227856
v 0.447543 0.010718 -0.230859
v -0.419541 0.573447 -0.035646
v 0.276575 0.771390 -0.054180
v 0.330616 0.686496 -0.060691
v 0.300538 0.709585 -0.100761
v 0.321106 0.728058 -0.050373
v 0.240399 0.771228 -0.088932
v 0.282128 0.736888 -0.087239
v -0.412308 0.462290 -0.079931
v -0.387242 0.446127 -0.062222
v 0.063640 -0.919852 -0.178788
v 0.026719 -0.917890 -0.185579
v -0.731031 0.160193 -0.238254
v -0.738063 0.128188 -0.242004
v -0.734021 0.111247 -0.262459
v -0.696792 0.164683 -0.281361
v 0.145336 -0.982123 -0.255953
v -0.832937 0.188786 -0.349925
v -0.874575 0.109370 -0.325957
v -0.926775 0.055134 -0.271368
v -0.913058 0.052532 -0.293222
v -0.904116 0.118953 -0.275832
v -0.858267 0.196543 -0.306439
v -0.826349 0.227558 -0.340124
v -0.495480 0.357159 -0.027629
v -0.444031 0.307396 -0.034604
v 0.041683 -0.917489 -0.300001
v 0.322114 0.032583 -0.118842
v 0.394110 0.096295 -0.110361
v 0.355637 0.030418 -0.089719
v 0.378375 0.103394 -0.135972
v 0.130299 -0.923764 -0.318968
v 0.231523 -0.930737 -0.315679
v 0.469284 0.078880 -0.103501
v 0.517461 0.163435 -0.149250
v -0.541370 0.493017 -0.077584
v -0.545097 0.441286 -0.036621
v 0.537011 0.109820 -0.163154
v 0.519056 0.059207 -0.154400
v 0.511599 0.036793 -0.176256
v 0.560903 0.153478 -0.233379
v 0.536440 0.086232 -0.220163
v 0.438650 0.521582 -0.004329
v 0.432099 0.443999 -0.006064
v -0.150661 0.506417 0.046694
v 0.648420 -0.865990 -0.117961
v 0.539443 -0.943116 -0.153405
v 0.074737 0.837171 -0.111230
v 0.133884 0.820213 -0.086965
v 0.015459 0.844298 -0.070258
v 0.079448 0.837507 -0.067683
v -0.178188 0.577950 0.137266
v 0.604127 -0.832266 -0.064616
v 0.500746 -0.916932 -0.102584
v 0.488803 -0.896307 -0.095218
v 0.343206 0.679027 -0.162217
v 0.450828 -0.820321 -0.150489
v 0.094112 0.856839 -0.152252
v -0.008700 0.865874 -0.140051
v -0.259460 0.609088 0.163852
v 0.531586 -0.783733 -0.103336
v -0.016276 0.999553 -0.072791
v -0.010192 0.995665 -0.116127
v 0.532015 0.268380 -0.350521
v 0.556717 0.226861 -0.303279
v 0.538053 0.300023 -0.322267
v 0.107215 0.522295 0.113397
v 0.084844 -0.895259 -0.320633
v 0.380788 0.731298 -0.187614
v 0.456837 0.671723 -0.161144
v 0.408058 0.626588 -0.174375
v 0.444985 0.593895 -0.165077
v 0.107599 0.858968 -0.033983
v 0.261854 0.840239 -0.030537
v 0.193765 0.846446 -0.033555
v 0.112499 0.888840 -0.020604
v 0.154140 0.902759 -0.021412
v 0.238074 -0.859565 -0.288908
v 0.520572 0.153119 -0.308995
v 0.498528 0.172807 -0.333470
v 0.466520 0.158145 -0.320403
v 0.210447 0.550261 -0.081476
v 0.521166 -0.865445 -0.244692
v 0.538816 -0.892891 -0.236802
v -0.217453 0.823824 -0.074273
v -0.125940 0.843090 -0.089039
v 0.414702 0.243463 -0.365394
v 0.420493 0.189777 -0.303512
v 0.184236 0.478993 -0.053526
v 0.214166 0.506505 0.008223
v 0.703711 -0.812396 -0.147820
v 0.700889 -0.818596 -0.111724
v 0.486650 0.250991 -0.381695
v 0.481791 0.302562 -0.397342
v 0.463003 0.345721 -0.407921
v 0.413904 0.337872 -0.423919
v 0.477918 0.249253 -0.197389
v 0.477374 0.311442 -0.239964
v 0.534923 0.247461 -0.218779
v 0.510932 0.301681 -0.245426
v 0.073092 0.584741 -0.015103
v 0.096408 0.591277 0.059933
v 0.080255 0.557490 0.058782
v 0.714945 -0.617088 -0.158299
v 0.318985 0.478470 -0.075251
v 0.305433 0.445014 -0.051450
v 0.349900 0.586141 -0.049511
v 0.366359 0.545552 -0.022190
v 0.316334 0.426931 -0.019499
v 0.660793 -0.660285 -0.158058
v 0.492604 0.613538 -0.072624
v 0.493631 0.584867 -0.107568
v 0.487239 0.541169 -0.049718
v 0.483194 0.518264 -0.116359
v 0.483675 0.486501 -0.062818
v -0.522942 0.495066 0.043607
v 0.604305 -0.837518 -0.217843
v -0.742773 0.254305 -0.240787
v 0.605552 -0.735194 -0.186389
v -0.136005 0.957159 -0.145083
v -0.086672 0.942063 -0.156839
v -0.218602 0.944062 -0.136327
v -0.289065 0.905839 -0.133785
v -0.215991 0.897046 -0.145708
v -0.449776 0.537062 0.041917
v -0.013139 0.974242 -0.025851
v -0.031864 0.955266 -0.012961
v -0.077214 0.985980 -0.034365
v -0.169840 0.957255 -0.007515
v 0.343276 0.060869 -0.375939
v 0.574285 -0.725544 -0.123653
v 0.365135 0.050490 -0.221242
v 0.410092 0.100580 -0.247096
v 0.349758 0.067626 -0.191633
v 0.375313 0.105774 -0.195328
v 0.404634 0.143260 -0.247217
v 0.310215 0.057209 -0.445744
v 0.325045 0.448454 -0.121123
v 0.366354 0.497634 -0.142817
v 0.368733 0.455710 -0.146110
v 0.303626 0.405298 -0.128468
v 0.700021 -0.595932 -0.130346
v 0.665450 -0.632096 -0.125851
v 0.441750 0.475091 -0.143237
v -0.547396 0.633828 0.033282
v -0.740713 0.206159 -0.388278
v -0.723713 0.265023 -0.402636
v -0.665925 0.331762 -0.418338
v -0.589188 0.336557 -0.426444
v -0.602503 0.359776 -0.429701
v -0.570791 0.623174 -0.018001
v -0.564710 0.515387 -0.045787
v -0.636789 0.225683 -0.337729
v -0.588196 0.267626 -0.345286
v -0.604000 0.264748 -0.373780
v -0.528798 0.309785 -0.366219
v -0.133486 0.543663 -0.015050
v -0.085158 -0.825736 -0.130424
v -0.783320 0.288384 -0.283354
v -0.721767 0.357595 -0.319660
v -0.685134 0.368011 -0.293712
v -0.146689 0.586523 -0.056310
v 0.422013 0.231443 -0.224719
v 0.412883 0.195455 -0.215661
v 0.402680 0.226446 -0.276994
v -0.225841 0.626440 0.072085
v -0.244724 0.623671 0.056755
v -0.708806 0.363849 -0.369892
v -0.661919 0.390614 -0.392300
v -0.595983 0.439262 -0.390911
v -0.681677 0.392880 -0.351909
v -0.570656 0.462518 -0.369687
v 0.306202 0.057589 -0.304919
v -0.031910 -0.784152 -0.115642
v -0.217658 0.983209 -0.081386
v -0.271574 0.962730 -0.093886
v -0.294470 0.961738 -0.055806
v 0.262567 -0.032043 -0.329027
v 0.249853 -0.046562 -0.349265
v -0.438187 0.440070 -0.418857
v -0.447389 0.479610 -0.406602
v 0.418711 0.366282 -0.270437
v 0.215175 0.011728 -0.306693
v 0.443874 0.423168 -0.365885
v 0.499530 0.365281 -0.322320
v -0.157237 0.490485 -0.024651
v 0.852348 -0.592155 -0.019386
v 0.768859 -0.692885 -0.032689
v 0.403281 0.332212 -0.030718
v 0.457122 0.412222 -0.045218
v 0.669521 -0.694898 -0.036900
v 0.641835 -0.696994 -0.053606
v 0.246562 0.358966 -0.083059
v 0.199242 0.285935 -0.108475
v 0.169302 0.242804 -0.155294
v 0.175792 0.264822 -0.163893
v -0.219752 0.472434 -0.009504
v -0.247838 0.868227 0.011492
v -0.182625 0.840545 -0.036245
v -0.126489 0.860693 -0.025331
v -0.276251 0.831468 0.008219
v -0.114276 0.880655 -0.010969
v -0.168852 0.891193 0.000692
v 0.184986 0.042246 -0.291152
v 0.756156 -0.496428 -0.030101
v 0.727421 -0.536397 -0.079349
v 0.379232 0.464528 -0.393510
v 0.342087 0.469750 -0.408880
v 0.324793 0.505553 -0.370297
v 0.212701 0.002544 -0.425566
v 0.190009 0.063445 -0.407115
v -0.538897 0.353796 -0.283950
v -0.616346 0.287546 -0.279960
v -0.563531 0.303425 -0.308170
v -0.500588 0.361559 -0.289662
v -0.128556 -0.744530 -0.076119
v -0.391810 0.890341 -0.091006
v -0.411795 0.846434 -0.104907
v -0.494280 0.765627 -0.084478
v 0.082242 0.482820 -0.039677
v 0.334815 0.368945 -0.423982
v 0.347791 0.333237 -0.409227
v 0.252325 0.403418 -0.393576
v 0.124652 -0.821409 -0.279230
v 0.088525 -0.799539 -0.248249
v 0.323603 0.324536 -0.348889
v 0.339509 0.324239 -0.311882
v 0.300204 0.345788 -0.334624
v 0.153497 0.465178 -0.042199
v 0.075403 -0.854425 -0.317485
v 0.368915 0.273492 -0.123753
v 0.391836 0.318175 -0.123733
v 0.367436 0.313626 -0.147491
v 0.344675 0.260108 -0.159945
v 0.292945 0.350934 -0.014887
v 0.282921 0.249637 -0.041141
v 0.322311 0.313656 -0.010341
v 0.327147 0.358011 -0.001020
v 0.248740 0.296138 -0.042556
v 0.242585 0.253365 -0.053420
v 0.212066 0.502365 -0.125688
v -0.407740 0.382334 -0.294816
v -0.416774 0.366401 -0.339505
v -0.017162 -0.713553 -0.154943
v -0.576121 0.431048 -0.295309
v -0.488482 0.487245 -0.298890
v -0.512894 0.419201 -0.275858
v -0.432810 0.492286 -0.261915
v -0.454364 0.461438 -0.264241
v -0.354609 0.537638 -0.218719
v -0.395634 0.527118 -0.361268
v -0.273532 0.578321 -0.258876
v -0.354006 0.557388 -0.275056
v -0.294122 0.583740 -0.227622
v -0.282649 0.580850 -0.011250
v -0.292009 0.573898 -0.126322
v -0.094676 -0.853379 -0.227425
v -0.058062 -0.877134 -0.257191
v -0.422828 0.384283 -0.394143
v -0.419863 0.411600 -0.408801
v -0.374793 0.395844 -0.368793
v -0.346676 0.431869 -0.378190
v -0.356478 0.498513 -0.199759
v -0.276716 0.480313 -0.339102
v -0.291245 0.502680 -0.347108
v -0.235342 0.484769 -0.297780
v -0.177886 -0.738353 -0.123602
v -0.452558 0.723192 -0.102772
v -0.430405 0.688915 -0.090867
v -0.189378 -0.675616 -0.165730
v -0.097297 -0.787186 -0.259619
v -0.249194 0.831783 -0.110852
v -0.351410 0.770370 -0.092577
v -0.322482 0.816420 -0.116021
v 0.278738 0.101520 -0.237577
v -0.173388 -0.672933 -0.042601
v -0.191447 -0.681909 -0.066332
v -0.308872 0.934981 -0.007065
v -0.302376 0.911697 0.013278
v -0.343181 0.872800 0.027573
v 0.306849 0.099299 -0.394222
v -0.498715 0.764999 0.028704
v -0.461405 0.842558 -0.003462
v -0.488251 0.817428 -0.041080
v -0.533595 0.735707 0.003086
v 0.302949 0.222123 -0.222110
v -0.241510 -0.547773 0.004628
v 0.206684 0.549329 -0.332552
v 0.195391 0.509057 -0.363276
v 0.261270 0.505642 -0.387753
v 0.175177 0.436603 -0.334634
v 0.129321 0.453934 -0.269686
v -0.528462 0.701145 0.032954
v -0.064639 -0.694587 -0.075919
v 0.280693 0.139386 -0.183715
v 0.342030 0.247592 -0.065586
v 0.275198 0.188768 -0.096292
v 0.273301 0.152736 -0.146978
v 0.818266 -0.668358 -0.117458
v 0.875670 -0.589034 -0.076823
v 0.247835 0.250368 -0.255545
v 0.312800 0.348145 -0.165043
v 0.239778 0.301762 -0.195640
v 0.317810 0.307381 -0.178898
v 0.277921 0.269331 -0.219901
v -0.455084 0.617643 0.044888
v 0.787547 -0.598365 -0.157561
v 0.758606 -0.666640 -0.169737
v 0.162641 0.073382 -0.279538
v 0.181072 0.164276 -0.150599
v 0.160568 0.145361 -0.191970
v 0.184334 0.115679 -0.193916
v -0.166011 0.568908 -0.164893
v -0.202144 0.589571 -0.188954
v -0.172357 0.604569 -0.101669
v -0.413899 0.623450 -0.023799
v -0.093117 -0.591286 -0.036153
v -0.117239 -0.586831 -0.011905
v -0.300077 0.785430 -0.024458
v -0.351767 0.745473 -0.008612
v -0.378694 0.729832 0.014816
v -0.046281 -0.674385 -0.180151
v -0.051570 -0.655924 -0.153246
v 0.353690 0.444727 -0.280600
v 0.382235 0.459715 -0.310354
v 0.312800 0.481261 -0.264360
v 0.265546 0.507547 -0.225974
v -0.518746 0.512917 -0.095130
v -0.487687 0.486300 -0.100205
v 0.268931 0.404516 -0.267300
v 0.280243 0.430842 -0.251054
v -0.178948 -0.549795 -0.143509
v 0.072868 0.582922 -0.110650
v 0.096259 0.567159 -0.214402
v 0.082272 0.537081 -0.213180
v 0.067317 0.559937 -0.143824
v -0.431093 0.558630 -0.067035
v -0.434043 0.609627 -0.070943
v -0.463096 0.614094 -0.092840
v -0.422269 0.408555 -0.266443
v -0.327438 0.476423 -0.175421
v -0.136155 0.537513 -0.076306
v -0.162872 0.494687 -0.154162
v -0.146932 0.528724 -0.136107
v -0.142978 0.508381 -0.065634
v -0.284385 0.455393 -0.158018
v -0.211558 0.463217 -0.081772
v -0.187250 -0.641337 -0.166733
v -0.175233 -0.589891 -0.159326
v -0.395228 0.695435 -0.061376
v -0.419834 0.639939 -0.059432
v -0.539860 0.663698 -0.078170
v -0.568279 0.592507 -0.051693
v -0.528554 0.632776 -0.090387
v -0.554279 0.556118 -0.074146
v 0.100290 0.598787 -0.140437
v 0.234222 0.566739 -0.276594
v 0.222916 0.566634 -0.208353
v 0.179035 0.595014 -0.175306
v 0.223408 0.552278 -0.176567
v 0.109631 0.456926 -0.196607
v 0.076010 0.483442 -0.108193
v 0.106510 0.463101 -0.076662
v 0.128381 0.452153 -0.137966
v 0.905100 -0.447102 -0.103821
v 0.874292 -0.560841 -0.110403
v 0.295400 0.097541 -0.412013
v 0.254345 0.144795 -0.382419
v -0.326248 0.436355 -0.213268
v -0.262291 0.435314 -0.195530
v 0.150177 0.139335 -0.316351
v 0.156767 0.183873 -0.291073
v 0.165593 0.102860 -0.365384
v 0.200052 0.156665 -0.366134
v -0.272950 0.599442 0.006032
v -0.257178 0.607408 -0.079860
v -0.236035 0.615425 -0.084582
v -0.261834 0.613487 0.029854
v 0.752713 -0.566506 -0.010242
v 0.786023 -0.472013 0.000352
v -0.257978 0.433681 -0.270906
v -0.226543 0.444084 -0.205648
v -0.220484 0.449013 -0.165455
v -0.294628 0.424773 -0.318941
v 0.834352 -0.399700 -0.105118
v 0.846275 -0.324576 -0.083496
v 0.228286 0.517294 -0.164984
v -0.176410 0.476804 -0.157238
v 0.775678 -0.445509 -0.033570
v 0.148722 0.604746 -0.154714
v 0.155248 0.615417 -0.048778
v 0.189643 0.591221 -0.087967
v 0.186651 0.605519 -0.017326
v -0.274500 0.593162 -0.104344
v -0.302991 0.579189 -0.197198
v 0.826357 -0.288003 -0.043711
v -0.280089 0.478961 -0.111245
v -0.242861 0.460066 -0.107608
v -0.188745 0.618571 -0.067784
v -0.210155 0.625058 -0.031189
v -0.491888 0.619173 -0.098437
v -0.453963 0.463727 -0.098100
v -0.431749 0.465729 -0.091115
v -0.432346 0.520944 -0.078346
v 0.156245 0.074004 -0.317153
v 0.160465 0.078941 -0.354035
v -0.100356 -0.524243 -0.062364
v -0.411067 0.663380 0.012408
v -0.422912 0.604951 0.010224
v -0.432347 0.641266 0.030584
v 0.145419 0.173112 -0.262464
v -0.172294 -0.452450 -0.096427
v -0.216416 -0.366977 -0.056420
v -0.423654 0.708039 0.042736
v -0.467653 0.644149 0.053141
v -0.421362 0.788875 0.046239
v -0.389253 0.779759 0.041399
v -0.483273 0.725604 0.049385
v -0.513579 0.638145 0.052530
v -0.478087 0.673459 0.055990
v 0.195610 0.111243 -0.398660
v 0.250100 0.114046 -0.413500
v -0.215487 -0.343609 -0.007488
v 0.301607 0.178712 -0.238144
v 0.311304 0.108763 -0.350829
v 0.288242 0.187595 -0.275402
v 0.296491 0.142857 -0.243204
v 0.291017 0.149987 -0.326315
v 0.319846 0.075611 -0.331890
v 0.297059 0.104702 -0.281747
v 0.187674 0.196730 -0.316436
v 0.174362 0.227436 -0.257629
v -0.304434 0.525191 -0.116881
v -0.279487 0.510111 -0.043359
v -0.291748 0.547345 -0.062991
v -0.318778 0.548848 -0.166037
v -0.337430 0.524693 -0.180877
v -0.297459 0.555923 -0.109050
v -0.316359 0.501107 -0.147603
v 0.223389 0.211495 -0.309105
v 0.266659 0.177143 -0.329734
v 0.276897 0.232829 -0.251469
v -0.199718 -0.490594 0.043080
v 0.190546 0.452541 -0.171513
v 0.161528 0.454523 -0.129545
v 0.230722 0.477775 -0.188113
v 0.192277 0.479596 -0.110202
v 0.814806 -0.317033 -0.017051
v 0.828187 -0.231874 0.006771
v 0.055193 0.542780 -0.086255
v 0.059245 0.558649 -0.033457
v 0.059532 0.518523 -0.038187
v 0.080502 0.502715 0.024599
v 0.076276 0.529504 0.045713
v 0.067015 0.518076 -0.167456
v 0.062365 0.508559 -0.122515
v 0.090361 0.478805 -0.204694
v 0.853685 -0.379273 0.045161
v 0.192831 0.003943 -0.359862
v 0.197487 0.002717 -0.393392
v 0.241221 -0.059177 -0.399707
v 0.139951 0.440449 -0.224705
v 0.159058 0.441104 -0.189311
v 0.198675 0.427360 -0.231100
v 0.845640 -0.151761 0.060088
v -0.188998 0.465344 -0.122808
v -0.190887 0.479906 0.068265
v 0.267475 0.536669 -0.253183
v 0.249597 0.081318 -0.230761
v 0.281442 0.066734 -0.272681
v 0.294186 0.008128 -0.310273
v 0.232134 0.028526 -0.282663
v 0.262142 0.017381 -0.295218
v 0.171216 0.591821 -0.224877
v 0.127063 0.601790 -0.168461
v -0.155253 0.589307 0.061204
v -0.147431 0.590414 0.003340
v -0.169232 0.613965 -0.023084
v -0.182043 0.622036 0.022615
v -0.179080 0.604692 0.095763
v -0.207375 0.621860 0.088988
v 0.265072 0.550216 -0.286282
v -0.218916 -0.635890 -0.119652
v -0.539006 0.435141 0.000284
v -0.521013 0.432795 0.027047
v -0.552827 0.565935 0.032445
v -0.569324 0.593641 0.004748
v -0.544556 0.510424 0.031045
v -0.573267 0.550188 -0.019658
v -0.560680 0.481200 -0.022214
v 0.228842 0.561311 -0.308535
v 0.158732 0.583565 -0.253187
v -0.238467 -0.469941 -0.105349
v 0.365347 0.015634 -0.447138
v 0.405118 -0.013408 -0.426211
v 0.414230 -0.037623 -0.446169
v -0.558341 0.679967 -0.004746
v -0.559771 0.658170 -0.049788
v -0.504326 0.542702 0.055025
v -0.454719 0.455979 0.054283
v -0.476462 0.547787 0.052992
v -0.508440 0.612119 -0.097498
v 0.122264 0.618885 -0.037572
v 0.130079 0.609577 0.098765
v 0.097202 0.606672 0.005206
v 0.178258 0.623862 0.129147
v -0.539701 0.720164 -0.051355
v -0.299488 -0.384876 0.084748
v 0.241938 0.554956 0.043527
v 0.207833 0.516548 -0.048938
v 0.207338 0.576896 -0.031134
v 0.231237 0.526326 0.029645
v -0.262775 -0.501312 0.029224
v 0.175143 0.603312 0.181269
v 0.107392 0.571805 0.113380
v 0.139398 0.584004 0.157615
v 0.170078 0.559031 0.206497
v 0.136035 0.538243 0.166090
v -0.352750 0.738400 -0.041163
v -0.390307 0.686053 -0.016013
v -0.386441 -0.386062 0.058167
v -0.302485 0.600377 0.124767
v -0.276518 0.611613 0.144152
v -0.331158 0.583945 0.199479
v -0.342323 0.576967 0.175218
v 0.934889 -0.384436 -0.082011
v -0.139275 0.543864 0.045716
v -0.151741 0.552407 0.089809
v -0.186205 0.495792 0.134090
v -0.185950 0.539232 0.170062
v -0.206315 0.508006 0.194671
v -0.227601 0.466687 -0.275859
v -0.195524 0.474712 -0.222203
v 0.960046 -0.350924 -0.050596
v -0.516172 0.452614 -0.085504
v -0.521271 0.413338 -0.059896
v -0.466010 0.420065 -0.097169
v -0.488225 0.385056 -0.075670
v -0.452410 0.361190 -0.082027
v -0.166348 0.519901 -0.192758
v -0.152665 0.578869 -0.112183
v 0.902837 -0.527215 -0.029129
v -0.472661 0.326393 -0.003915
v -0.316858 0.418041 -0.241640
v -0.309406 0.409060 -0.273445
v -0.402013 0.492523 -0.044073
v -0.411796 0.525815 -0.030685
v -0.370089 0.437539 -0.042454
v -0.367288 0.443198 -0.024009
v -0.386450 0.468552 -0.003794
v -0.401163 0.483244 -0.237404
v -0.363416 0.463261 -0.213410
v 0.203877 0.614640 0.057357
v -0.414816 0.443168 -0.249005
v -0.389611 0.404018 -0.266557
v 0.920431 -0.261192 -0.081292
v 0.298283 0.561372 0.296342
v 0.226807 0.563009 0.253677
v 0.352779 0.564289 0.317418
v 0.286985 0.534725 0.291521
v 0.096584 0.508371 -0.249286
v 0.119046 0.477617 -0.280086
v 0.984472 -0.101502 -0.000203
v 0.291481 0.029632 -0.466818
v 0.251312 0.022164 -0.459469
v 0.258192 -0.020706 -0.461563
v 0.294030 -0.065261 -0.468558
v 0.334619 -0.007247 -0.476155
v 0.346053 -0.075986 -0.480119
v 0.169717 0.557403 -0.305082
v 0.124468 0.579608 -0.235145
v 0.128392 0.541079 -0.286622
v 0.295653 -0.041754 -0.326950
v 0.340570 -0.085942 -0.327014
v 0.896703 -0.065846 0.112048
v 0.867563 -0.180265 0.076564
v 0.866149 -0.099670 0.090824
v 0.361434 0.012623 -0.346807
v 0.441608 -0.061123 -0.350603
v 0.397377 -0.024776 -0.351616
v 0.367045 -0.039868 -0.329228
v -0.251834 0.483393 -0.015647
v -0.218535 0.470032 0.095552
v -0.267724 0.484104 0.052740
v -0.236561 0.473487 0.040776
v -0.246513 0.456946 0.140475
v 0.165669 0.428191 -0.289470
v 0.175184 0.426133 -0.244108
v 0.911823 -0.386892 0.044267
v 0.882338 -0.410170 0.044850
v -0.201852 0.563889 0.184541
v -0.207828 0.599279 0.151960
v -0.242509 0.599959 0.180197
v -0.244772 0.567135 0.224354
v -0.279350 0.559338 0.250274
v 0.275514 0.475605 -0.234318
v -0.268662 0.343423 0.004408
v -0.216375 0.307018 0.060792
v -0.276829 0.362216 0.047602
v -0.325265 -0.406608 -0.059269
v -0.295671 -0.406793 -0.076311
v 0.286840 0.485022 0.145569
v 0.260245 0.507631 0.094369
v 0.242779 0.484219 0.103872
v 0.209090 0.482112 0.056892
v 0.357488 0.485401 -0.317392
v 0.341733 0.501450 -0.328623
v 0.294780 0.532205 -0.332633
v -0.265118 -0.312654 -0.033830
v 0.534060 -0.171247 -0.348665
v 0.526107 -0.145277 -0.347697
v 0.456338 -0.103167 -0.441450
v 0.472139 -0.088427 -0.410661
v 0.483135 -0.164417 -0.418947
v 0.522072 -0.188015 -0.373470
v 0.354840 0.399031 -0.275869
v 0.318391 0.428407 -0.265361
v -0.325143 -0.441917 -0.039535
v -0.383705 0.343432 -0.080030
v -0.386767 0.383302 -0.083898
v -0.304529 0.335760 -0.042590
v -0.348056 0.296276 -0.056968
v -0.274176 0.274161 -0.019145
v -0.392993 0.431098 0.043201
v -0.425115 0.449169 0.049419
v -0.386182 0.382003 0.071249
v -0.370818 0.423911 0.034474
v -0.336916 0.370884 0.076892
v -0.318358 0.785101 -0.085880
v -0.393974 -0.246900 -0.009867
v -0.388992 -0.227082 0.009938
v 0.500080 -0.117975 -0.308630
v 0.487024 -0.127644 -0.275668
v -0.365803 0.765108 0.026136
v -0.309207 0.801540 0.007220
v -0.263727 0.807539 -0.033243
v -0.388808 0.543851 0.234951
v -0.439664 0.492503 0.277487
v -0.376174 0.543980 0.260943
v -0.358656 0.536223 0.280426
v -0.425470 0.484579 0.301469
v -0.205482 0.535906 -0.254796
v -0.189763 0.562410 -0.213945
v -0.329376 -0.260660 0.091686
v -0.232457 -0.339176 0.040474
v -0.237850 -0.354757 0.058682
v -0.290833 0.536653 0.010685
v -0.293843 0.557832 0.023164
v -0.321479 0.549120 0.095281
v -0.340242 0.513377 0.120462
v -0.289849 0.509449 0.048813
v -0.300407 0.473820 0.110963
v -0.334896 0.478357 0.129331
v -0.259787 0.596084 -0.197014
v 0.938651 -0.312160 0.052096
v 0.967278 -0.343766 -0.005309
v 0.950130 -0.403571 -0.005411
v -0.374408 0.250094 -0.006334
v -0.385706 0.281050 -0.044683
v -0.326225 0.250967 -0.022952
v -0.415341 -0.315789 -0.019597
v 0.261866 0.628142 0.198543
v 0.414047 0.615962 0.267646
v 0.251403 0.621216 0.218959
v 0.347978 0.625010 0.244675
v 0.320602 0.603509 0.281222
v 0.386332 0.604301 0.297305
v 0.178111 0.201078 -0.133353
v 0.145280 0.146051 -0.232977
v 0.151594 0.206439 -0.207626
v -0.430662 -0.357819 0.065691
v 0.207596 0.474212 0.151912
v 0.120184 0.487728 0.086275
v 0.129160 0.472016 0.044969
v 0.147341 0.467203 0.025000
v 0.146343 0.502477 0.153819
v 0.193232 0.497084 0.200115
v 0.216581 0.480880 0.192098
v 0.229436 0.093175 -0.207664
v 0.203705 0.086025 -0.219299
v 0.213174 0.173334 -0.118894
v -0.506553 -0.285134 0.057744
v 0.457548 -0.264870 -0.344166
v 0.392218 -0.204249 -0.404356
v 0.405623 -0.168684 -0.445821
v 0.451572 -0.194222 -0.423712
v 0.439896 -0.229678 -0.392929
v 0.297750 -0.120025 -0.399556
v 0.309320 -0.129500 -0.418084
v 0.326104 -0.140448 -0.365118
v 0.362389 -0.188315 -0.363997
v 0.269823 0.341930 -0.163345
v 0.183569 0.269463 -0.190607
v 0.197676 0.246275 -0.254155
v -0.418622 -0.459975 0.032489
v 0.383328 -0.121984 -0.306672
v 0.386221 -0.164908 -0.295478
v 0.421040 -0.164052 -0.255665
v -0.366620 0.534769 0.154874
v -0.411917 0.500442 0.185733
v -0.386427 0.497715 0.162030
v -0.427369 0.442087 0.178077
v -0.379208 0.463653 0.159523
v 0.314822 0.262098 -0.194873
v -0.304260 0.432506 0.173398
v -0.276859 0.434585 0.198597
v 0.316000 0.199236 -0.181951
v 0.300502 0.166669 -0.182926
v -0.380959 -0.452777 -0.096940
v -0.423053 -0.424734 -0.082780
v -0.467867 0.425117 0.055508
v 0.237670 0.171279 -0.112165
v 0.243752 0.216957 -0.071947
v -0.396219 -0.502272 0.026360
v -0.395289 0.284485 0.072701
v -0.329010 0.208114 0.079025
v -0.303752 0.185156 0.132570
v -0.329858 0.216386 0.118310
v 0.331566 0.220279 -0.106057
v -0.280598 0.325654 0.137550
v -0.377868 -0.326404 0.122590
v -0.211986 0.269215 0.041812
v 0.160682 0.526329 -0.328707
v 0.151849 0.491149 -0.330495
v 0.177042 0.456926 -0.351377
v 0.503867 0.444065 0.303549
v 0.480881 0.442448 0.271292
v 0.343156 0.470356 0.243106
v 0.310818 0.478642 0.255682
v 0.422424 0.458740 0.250729
v 0.344933 0.490521 0.292890
v 0.486111 0.466243 0.322789
v 0.216600 0.403326 -0.348053
v 0.217202 0.400400 -0.292324
v 0.278926 0.365484 -0.318173
v 0.840457 -0.224373 -0.041890
v -0.504999 0.421777 0.246728
v -0.470126 0.444987 0.207436
v -0.527388 0.375585 0.223758
v -0.484331 0.402725 0.193118
v -0.539494 0.324662 0.196676
v 0.263219 0.528488 -0.363098
v 0.925143 -0.120057 -0.056225
v 0.538030 -0.240508 -0.327503
v 0.528333 -0.286019 -0.287079
v 0.556276 -0.260341 -0.269194
v 0.219603 0.477962 -0.386953
v 0.258671 0.434429 -0.408847
v 0.838577 0.008859 0.013139
v 0.852581 -0.028958 -0.012950
v 0.405413 -0.239134 -0.290439
v 0.414808 -0.264895 -0.224485
v 0.839729 -0.096585 0.060124
v -0.378770 0.397286 0.322091
v -0.291728 0.466570 0.283872
v -0.319122 0.421749 0.287116
v -0.273486 0.510832 0.270799
v -0.342156 0.464922 0.312673
v -0.524668 0.763288 -0.031551
v -0.482891 0.802706 -0.073791
v 0.820524 0.069077 0.055023
v 0.826959 0.017311 0.066955
v -0.453653 0.418773 0.324600
v -0.474127 0.374213 0.325271
v -0.489554 0.414908 0.302541
v -0.524813 0.347332 0.294780
v -0.487353 0.324100 0.319486
v -0.413382 0.890503 -0.020199
v -0.409331 0.855669 0.023835
v -0.452581 0.801313 0.036492
v -0.202123 0.275298 0.230072
v -0.183732 0.273492 0.208616
v -0.171701 0.241916 0.261211
v -0.222717 0.257625 0.275513
v -0.201018 0.233549 0.310415
v -0.397288 -0.540615 0.037152
v -0.313227 0.288856 0.154612
v -0.321974 0.244549 0.158452
v -0.340117 0.284538 0.129780
v -0.303745 0.187688 0.179989
v -0.307396 0.226310 0.196862
v -0.354422 0.828913 0.035459
v 0.469719 -0.200863 -0.093214
v 0.468670 -0.184077 -0.160321
v -0.364220 0.898292 0.009080
v -0.357278 0.930728 -0.038783
v -0.472122 -0.593152 0.001790
v -0.385225 0.336714 0.289775
v -0.430166 0.316467 0.315132
v -0.425326 0.270821 0.288120
v -0.344545 0.407648 0.187408
v -0.331884 0.396473 0.215339
v -0.376456 0.369096 0.200612
v -0.365103 0.350036 0.254307
v -0.390699 0.738655 -0.092457
v -0.391107 -0.511969 -0.061621
v -0.381427 -0.509663 -0.098237
v -0.163007 0.179566 0.160965
v -0.164179 0.234431 0.129031
v -0.154962 0.240453 0.197117
v -0.146005 0.194516 0.241364
v -0.148953 0.195493 0.189935
v -0.286718 0.794378 -0.070755
v -0.208561 0.834051 -0.100448
v -0.356903 -0.497956 -0.165296
v 0.340364 0.553299 0.145674
v 0.397989 0.548856 0.171784
v 0.374498 0.603897 0.189972
v 0.312932 0.571942 0.128069
v 0.310518 0.599172 0.144140
v 0.445775 0.584899 0.200580
v 0.453022 0.560696 0.188320
v -0.327571 0.861034 -0.129042
v 0.398386 -0.240584 -0.134864
v 0.398555 -0.218021 -0.092816
v -0.488811 0.731010 -0.096889
v -0.395935 0.778720 -0.108834
v -0.431279 0.799116 -0.107244
v -0.280103 -0.374136 -0.163212
v -0.253424 0.190515 0.061699
v -0.244573 0.157244 0.126378
v -0.201979 0.176479 0.110775
v -0.215330 0.156465 0.131526
v -0.300059 0.438256 -0.342830
v -0.371482 -0.418978 -0.125201
v 0.564500 -0.249148 -0.179820
v 0.512783 -0.232500 -0.068836
v 0.521602 -0.258937 -0.061151
v 0.546677 -0.191250 -0.200077
v 0.562164 -0.214005 -0.216360
v 0.547910 -0.269238 -0.110934
v 0.529164 -0.204966 -0.135948
v -0.306209 -0.330093 -0.170083
v -0.436926 0.333689 0.173135
v -0.458676 0.319169 0.164004
v -0.416619 0.345318 0.182854
v -0.418978 0.265688 0.182220
v -0.428895 0.251964 0.163337
v -0.310266 0.524720 -0.346595
v -0.242827 0.531486 -0.297000
v -0.253306 0.563366 -0.275416
v -0.251480 0.252047 0.276591
v -0.281260 0.249435 0.239552
v -0.296338 0.210844 0.283989
v -0.358725 0.391134 -0.336948
v -0.162306 0.170644 0.322378
v -0.170165 0.205913 0.311640
v -0.200345 0.167420 0.380479
v -0.194567 0.118702 0.385147
v -0.495633 0.336011 -0.385960
v -0.472975 -0.399684 -0.154950
v 0.468816 0.498592 0.191485
v 0.455622 0.466167 0.218699
v 0.382733 0.480612 0.198470
v 0.414750 0.512527 0.181113
v -0.475067 0.370248 -0.411399
v -0.454783 -0.421253 -0.070073
v 0.459474 -0.289031 -0.294260
v 0.440995 -0.316132 -0.199239
v 0.476463 -0.333783 -0.192821
v -0.495844 0.382649 -0.425168
v -0.358628 0.451867 -0.390801
v -0.374044 0.473076 -0.396017
v -0.453607 0.187985 0.273602
v -0.478760 0.243084 0.300700
v -0.493715 0.187948 0.279086
v -0.393218 0.491790 -0.393995
v -0.335839 0.541486 -0.339160
v -0.443932 -0.439019 -0.016198
v -0.508080 0.186618 0.119544
v -0.462281 0.184898 0.111537
v -0.527143 0.283545 0.161238
v -0.541947 0.239205 0.157483
v -0.463790 0.140747 0.097235
v -0.500242 0.277503 0.147590
v -0.442924 0.520501 -0.355181
v 0.958888 -0.153111 0.076932
v 0.528771 -0.311861 -0.088868
v 0.464659 -0.336575 -0.012387
v 0.513484 -0.337025 -0.135464
v 0.489422 -0.347783 -0.087217
v 0.444607 -0.353934 -0.023849
v -0.390449 0.537674 -0.276807
v -0.403889 0.520440 -0.260917
v 0.978064 -0.021918 0.076669
v 0.983162 0.000243 0.034563
v 0.289313 -0.224495 -0.023669
v 0.359730 -0.218659 -0.050917
v 0.327829 -0.245162 -0.061551
v -0.511266 0.494265 -0.344633
v -0.555633 0.468356 -0.331489
v 0.885230 0.031272 -0.020129
v -0.413048 0.247628 0.252174
v -0.406676 0.233642 0.212495
v -0.409389 0.179357 0.232313
v -0.430261 0.217326 0.267328
v -0.472950 0.416867 -0.270065
v 0.958212 -0.012253 -0.015115
v 0.961231 0.057500 0.014341
v 0.398730 -0.271945 -0.157728
v 0.365999 -0.278913 -0.104644
v 0.403827 -0.308377 -0.149873
v 0.375800 -0.316956 -0.106805
v -0.553232 -0.248029 0.107822
v -0.528437 -0.247529 0.067240
v -0.325417 0.166900 0.362493
v -0.396518 0.103053 0.385823
v -0.381465 0.100972 0.354328
v -0.612539 0.385375 -0.278837
v -0.560673 0.408554 -0.279513
v -0.472596 -0.173143 0.071907
v -0.184406 0.096156 0.299259
v -0.182540 0.129924 0.209360
v -0.220758 0.075273 0.289678
v -0.567657 -0.175620 0.129388
v 0.617390 0.553407 0.280698
v 0.578208 0.568583 0.239212
v 0.562629 0.579836 0.266007
v 0.654310 0.528407 0.222251
v 0.694602 0.510486 0.258347
v 0.717370 0.494525 0.225575
v -0.484799 0.335727 -0.337388
v -0.462564 0.367578 -0.295451
v 0.635121 0.363756 0.230684
v 0.563731 0.430900 0.208594
v 0.581602 0.398948 0.247756
v 0.651752 0.368827 0.184968
v 0.605673 0.400746 0.204004
v 0.340777 0.269497 -0.038764
v 0.321334 0.276326 -0.028232
v -0.544657 -0.546670 0.026083
v 0.431328 -0.295210 0.042388
v 0.419340 -0.321837 0.041740
v 0.360204 -0.332078 0.068412
v 0.377211 -0.293897 0.077555
v 0.317070 -0.303832 0.097919
v 0.362239 0.383903 0.004938
v -0.515557 -0.455816 0.067860
v 0.239774 -0.201485 0.049780
v 0.259080 -0.202966 0.024837
v 0.354673 -0.229641 0.062480
v 0.381788 -0.210390 0.004627
v 0.411886 -0.220193 0.013599
v 0.276564 -0.215332 0.072311
v 0.209298 0.246008 -0.083238
v 0.183919 0.242157 -0.119144
v -0.375752 0.141497 0.157184
v -0.400909 0.196607 0.170477
v -0.402631 0.166237 0.135151
v -0.371952 0.128927 0.183600
v 0.262847 0.343907 -0.039715
v -0.494143 -0.418269 -0.165155
v -0.560002 0.198954 0.200130
v -0.554379 0.245014 0.258277
v -0.542337 0.214511 0.267259
v -0.562109 0.251564 0.231583
v -0.516864 0.120085 0.233449
v -0.540850 0.127100 0.190564
v -0.515615 0.085497 0.201850
v 0.346947 0.237048 -0.120421
v 0.406889 0.319351 -0.056823
v -0.541235 -0.518101 0.093024
v -0.237859 0.202849 0.371002
v -0.244642 0.162956 0.411567
v -0.266478 0.197353 0.376879
v -0.324340 0.106351 0.458643
v -0.275107 0.124594 0.444456
v -0.342399 0.127789 0.437574
v -0.300227 0.170766 0.241898
v -0.320391 0.143007 0.296623
v -0.348748 0.105757 0.322944
v 0.372913 0.387831 -0.149458
v 0.359503 0.346978 -0.155153
v -0.477562 -0.434241 0.171224
v -0.524688 -0.476921 0.120042
v -0.288313 0.147861 0.222919
v -0.275549 0.117879 0.241312
v -0.268027 0.135169 0.201909
v -0.243754 0.084638 0.268340
v 0.517227 0.502239 0.344186
v 0.627246 0.494170 0.330241
v 0.497302 0.559084 0.334455
v 0.472867 0.540034 0.342579
v 0.570880 0.539677 0.329969
v 0.615833 0.462140 0.333771
v 0.345715 0.356356 -0.286658
v -0.405412 -0.463040 0.069598
v -0.416171 0.084379 0.241366
v -0.424498 0.146069 0.246938
v -0.458706 0.119842 0.252971
v 0.371621 0.283757 -0.304991
v -0.440668 -0.558964 -0.145610
v -0.243199 0.066794 0.431143
v -0.219863 0.059617 0.391729
v -0.292860 0.023706 0.453577
v -0.276122 0.016803 0.431798
v -0.281313 0.001420 0.406432
v 0.316027 0.334542 -0.376019
v 0.297575 0.360563 -0.395966
v 0.255513 0.374943 -0.350488
v -0.266793 -0.416432 -0.188066
v -0.439502 -0.050065 0.465564
v -0.389491 -0.007858 0.479433
v -0.368354 0.048564 0.478720
v -0.451284 -0.002250 0.467668
v 0.291425 0.470855 -0.411718
v 0.313404 0.421446 -0.426428
v -0.454243 -0.523152 -0.205827
v 0.626450 0.426507 0.176123
v 0.591175 0.501857 0.185431
v 0.580009 0.467824 0.184119
v 0.682442 0.391939 0.153693
v 0.661525 0.483367 0.179746
v 0.731397 0.394854 0.136880
v -0.414034 -0.466856 -0.268925
v -0.516590 0.077467 0.149953
v -0.504956 0.104349 0.117173
v -0.477856 0.035749 0.114552
v 0.376191 0.278295 -0.365574
v -0.465237 0.027883 0.347359
v -0.408770 0.066368 0.348425
v -0.397504 0.902748 -0.060322
v -0.443401 0.864584 -0.055923
v -0.313662 0.015430 0.333571
v 0.808941 0.204290 0.203050
v 0.305639 -0.282549 -0.061109
v 0.213490 -0.313948 -0.034402
v -0.618544 0.328883 -0.268659
v -0.577507 0.343797 -0.276874
v 0.900244 0.013198 0.133873
v -0.267185 -0.014807 0.150677
v 0.825495 0.053787 0.095372
v 0.813047 0.096962 0.092675
v -0.401980 -0.098272 0.409500
v -0.407765 -0.087577 0.433490
v -0.355000 -0.051763 0.435317
v -0.524611 0.319503 -0.323696
v -0.355420 -0.309990 -0.238527
v -0.412586 -0.350976 -0.231907
v -0.463035 0.045978 0.427545
v -0.501923 0.017511 0.388040
v -0.492729 -0.002881 0.438643
v -0.538933 -0.050272 0.407596
v -0.563049 -0.060178 0.369473
v -0.546140 -0.028048 0.365262
v 0.430962 0.433479 -0.337876
v 0.373040 0.480308 -0.363572
v -0.380248 -0.357496 -0.288234
v 0.778921 0.424972 0.263108
v 0.842286 0.318643 0.241532
v 0.836593 0.364879 0.232507
v 0.754873 0.424708 0.286009
v 0.802132 0.376894 0.265132
v 0.412395 0.426904 -0.407102
v 0.365136 0.418558 -0.428628
v 0.390800 0.378532 -0.430450
v -0.486419 -0.486884 -0.210421
v -0.530837 -0.492408 -0.138023
v 0.716896 0.359565 0.290741
v 0.773722 0.326167 0.273072
v -0.220719 0.824500 -0.043173
v 0.182157 -0.326113 0.090726
v 0.181948 -0.345843 0.062811
v 0.135374 -0.299317 0.097409
v 0.048743 -0.307568 0.052813
v 0.104787 -0.341084 0.030676
v 0.032992 -0.327799 0.014437
v -0.361632 -0.530836 0.150869
v -0.383431 -0.554638 0.133911
v 0.361081 -0.363418 -0.004939
v 0.312709 -0.359809 -0.000089
v 0.325940 -0.348037 -0.035611
v 0.248353 -0.344167 -0.009315
v 0.299834 -0.360395 0.035655
v 0.198416 -0.348072 0.008522
v -0.046793 0.871001 -0.025361
v -0.356364 -0.412306 0.153894
v -0.348817 0.043021 0.223623
v -0.300131 -0.004028 0.219789
v -0.315027 -0.016880 0.235921
v -0.332539 -0.031091 0.243535
v -0.238525 0.895510 0.012615
v -0.198713 0.930046 0.004629
v -0.484740 -0.580713 -0.072561
v -0.541557 -0.544434 -0.053878
v -0.386400 0.080743 0.089653
v -0.383482 0.040531 0.080208
v -0.420652 0.044505 0.082131
v -0.331390 0.012700 0.093720
v -0.306701 -0.055967 0.095521
v 0.227619 0.322156 -0.154563
v 0.284459 0.371232 -0.142472
v 0.205314 -0.222508 0.092369
v 0.115243 -0.219663 0.079036
v 0.200550 -0.265159 0.112400
v 0.147166 -0.248814 0.103064
v 0.090788 -0.252578 0.087986
v 0.253682 0.353030 -0.057319
v -0.239523 -0.355168 -0.159095
v -0.210816 -0.127706 0.215124
v -0.214743 -0.162034 0.255042
v -0.201213 -0.192352 0.245764
v 0.475218 0.455330 -0.080286
v 0.442959 0.377028 -0.074677
v -0.423842 0.020933 0.231006
v -0.408940 -0.026827 0.221411
v -0.364905 -0.101880 0.233707
v -0.403637 -0.064636 0.207230
v 0.442365 0.408776 -0.023398
v 0.398968 0.376244 -0.006825
v 0.400023 0.436495 0.005096
v -0.179307 -0.235811 -0.137641
v -0.263198 -0.270818 -0.189784
v -0.315238 -0.289464 -0.219158
v -0.284532 -0.117030 0.274664
v -0.253418 -0.191429 0.300025
v -0.358834 0.021433 0.325282
v 0.842855 0.379091 0.190786
v 0.747426 0.288210 0.244532
v 0.635094 0.395478 0.301774
v 0.611326 0.394968 0.290627
v 0.680811 0.334838 0.252395
v 0.729892 0.284511 0.224831
v 0.500091 0.348908 -0.368786
v 0.475370 0.386975 -0.370540
v 0.440117 0.387117 -0.411415
v 0.803399 0.405433 0.161276
v 0.086864 -0.231918 -0.084615
v 0.080544 -0.260619 -0.096597
v 0.221314 -0.228891 -0.025795
v 0.111809 -0.276455 -0.073823
v 0.194752 -0.214710 -0.016187
v 0.175242 -0.259592 -0.048179
v 0.422474 0.403592 -0.290613
v 0.405094 0.431598 -0.301948
v 0.466368 0.384621 -0.300244
v 0.847893 0.321583 0.102009
v 0.902360 0.150714 0.019072
v 0.915349 0.184183 0.041058
v -0.540250 -0.079480 0.226633
v -0.522449 -0.028270 0.301413
v -0.563543 -0.099098 0.208417
v 0.473525 0.346410 -0.265724
v 0.970178 0.082048 0.094712
v 0.962136 0.056388 0.111465
v 0.918386 0.247967 0.161918
v -0.035154 -0.227113 -0.180753
v -0.091570 -0.249623 -0.234601
v -0.052171 -0.210693 -0.176440
v 0.422199 0.327189 -0.257906
v 0.390257 0.307774 -0.272596
v 0.883147 0.293187 0.202574
v 0.917186 0.211984 0.173456
v -0.244596 -0.133365 0.133054
v -0.208641 -0.197632 0.180039
v -0.226504 -0.210080 0.161659
v -0.544760 0.394267 -0.433026
v -0.495211 0.431504 -0.427463
v 0.867278 0.147095 0.182489
v 0.836675 0.211602 0.212840
v 0.854487 0.255178 0.227058
v -0.472355 -0.216646 0.257626
v -0.548257 0.445018 -0.413967
v -0.488958 0.477994 -0.403302
v -0.517604 0.488134 -0.372093
v -0.443949 -0.126898 0.273627
v -0.415771 -0.113954 0.356461
v -0.440899 -0.074833 0.287407
v -0.412775 -0.182363 0.116251
v -0.395419 -0.205410 0.128120
v -0.507044 -0.175572 0.359877
v -0.505751 -0.126954 0.412335
v -0.544621 -0.127442 0.391694
v -0.561864 -0.169707 0.344608
v -0.198158 0.979888 -0.106074
v -0.329980 0.936831 -0.090754
v -0.322692 0.915488 -0.117059
v -0.448399 -0.192058 0.233382
v 0.063862 -0.320576 -0.071597
v 0.116175 -0.333015 -0.026795
v 0.064191 -0.335779 -0.037086
v 0.006392 -0.331140 -0.098467
v -0.168092 0.990537 -0.053725
v -0.223923 0.960964 -0.014384
v -0.237492 0.975491 -0.043095
v -0.414548 -0.277544 0.160797
v -0.394105 -0.100163 0.161156
v -0.434753 -0.032967 0.125357
v -0.353042 -0.150030 0.145748
v -0.424933 -0.580417 0.133719
v -0.446617 -0.591546 0.082022
v -0.722668 0.332939 -0.386208
v -0.609115 0.387347 -0.423313
v -0.608161 0.414072 -0.409451
v -0.529893 -0.558219 0.077594
v -0.160924 -0.282135 -0.284198
v -0.215341 -0.317481 -0.307384
v -0.624405 0.432843 -0.343966
v -0.657524 0.400202 -0.313384
v -0.460686 -0.422303 0.214484
v -0.330735 -0.186095 0.276469
v -0.356727 -0.273115 0.270649
v -0.353490 -0.229004 0.243848
v -0.216686 -0.326995 0.273642
v -0.237111 -0.352640 0.298031
v -0.210208 -0.273704 0.281932
v 0.376909 0.270276 -0.335723
v 0.395281 0.255842 -0.278338
v 0.408053 0.180863 -0.255822
v -0.523697 -0.512544 0.144809
v -0.463165 -0.158052 0.098916
v -0.456490 -0.141891 0.173243
v -0.436643 -0.166012 0.105959
v 0.396022 0.146100 -0.180928
v -0.422197 -0.487141 0.275105
v -0.132458 -0.272972 -0.074142
v -0.028312 -0.277577 0.015909
v 0.425913 0.270367 -0.236951
v 0.456940 0.266777 -0.215753
v -0.334264 -0.404347 0.326278
v -0.292058 -0.295842 0.329731
v -0.283150 -0.353374 0.329974
v -0.347779 -0.380939 0.328297
v -0.804436 0.270776 -0.329240
v -0.757965 0.326390 -0.332948
v -0.352822 -0.215634 0.218843
v -0.316391 -0.478343 0.273906
v -0.322721 -0.498033 0.241401
v -0.350830 -0.487879 0.284182
v -0.378556 -0.552420 0.181355
v -0.419545 -0.548118 0.222359
v -0.397274 -0.517920 0.260801
v -0.414315 -0.565181 0.187595
v -0.693059 0.340387 -0.274294
v -0.666338 0.330538 -0.264302
v -0.347414 -0.204346 0.185511
v -0.571108 -0.243253 0.153756
v -0.587149 -0.208130 0.163095
v -0.595651 -0.192116 0.259507
v -0.603762 -0.156760 0.268821
v -0.579177 -0.233979 0.201477
v -0.602943 -0.165069 0.220242
v -0.764441 0.283870 -0.262795
v -0.836853 0.218986 -0.258354
v -0.425440 -0.387895 0.202036
v -0.363722 -0.299166 0.226682
v 0.781760 0.213673 0.097598
v 0.758436 0.231349 0.148796
v 0.733759 0.275889 0.148311
v 0.747186 0.275512 0.125542
v 0.790381 0.167877 0.119964
v 0.879065 0.127557 0.009470
v 0.840562 0.184540 0.038816
v 0.825713 0.177692 0.047646
v 0.797237 0.313416 0.093739
v 0.853659 0.236932 0.053651
v -0.681991 0.178143 -0.324217
v -0.655782 0.214862 -0.296256
v -0.611333 0.261432 -0.305391
v -0.312585 -0.430566 0.175043
v -0.274319 -0.305718 0.175092
v 0.028273 -0.190989 0.004837
v 0.066203 -0.184377 -0.002592
v -0.039726 -0.201517 -0.027752
v -0.091932 -0.202729 -0.080369
v -0.013053 -0.183401 -0.079360
v -0.088046 -0.191919 -0.110045
v -0.602667 0.280866 -0.394175
v -0.616672 0.294803 -0.412113
v -0.159820 -0.308201 -0.106025
v -0.115474 -0.293199 -0.065565
v -0.240943 -0.340668 0.200439
v -0.237283 -0.376221 0.236349
v -0.288666 -0.447419 0.207531
v -0.680198 0.197926 -0.357227
v -0.698702 0.198019 -0.372272
v -0.081209 -0.319031 -0.058654
v -0.512138 -0.541923 0.156934
v -0.725467 0.300854 -0.398461
v -0.779978 0.265271 -0.371719
v -0.060272 -0.320478 -0.199444
v -0.234797 -0.411861 -0.272140
v -0.162275 -0.379973 -0.227935
v -0.153440 -0.328644 -0.280664
v -0.201057 -0.376363 -0.284346
v -0.713127 0.209350 -0.386482
v -0.235031 -0.418022 -0.248542
v -0.219849 -0.406944 -0.221860
v -0.366349 -0.386401 -0.305987
v -0.290714 -0.362380 -0.319767
v -0.350821 -0.413752 -0.307653
v -0.410910 -0.365745 0.232449
v -0.385750 -0.333831 0.275369
v -0.440831 -0.407583 0.249016
v 0.335474 0.397275 -0.146470
v 0.384088 0.424549 -0.147795
v -0.133411 -0.207200 -0.191715
v -0.166590 -0.216632 -0.154902
v -0.453773 -0.332573 0.109775
v -0.494887 -0.253882 0.227595
v -0.475971 -0.288999 0.176528
v -0.536968 -0.237163 0.260792
v -0.420932 -0.318720 0.135438
v -0.421047 -0.340930 0.111645
v 0.431626 0.414474 -0.129861
v 0.461082 0.438741 -0.104819
v -0.274503 -0.281448 -0.283808
v -0.172094 -0.230692 -0.242062
v -0.192193 -0.223471 -0.210018
v -0.207915 -0.256551 -0.273609
v -0.279329 -0.264702 -0.233499
v -0.312353 -0.289213 -0.267627
v -0.330638 -0.317149 -0.290871
v -0.325375 -0.347667 -0.312340
v -0.124172 -0.331721 -0.105354
v -0.086594 -0.338591 -0.094603
v -0.104288 -0.350039 -0.135837
v -0.164969 -0.373584 -0.186469
v -0.218678 -0.390824 -0.186314
v -0.182582 -0.345853 -0.145778
v 0.369190 0.549731 -0.145815
v 0.392132 0.522908 -0.154441
v 0.417608 0.491312 -0.152126
v -0.446939 -0.248350 0.199162
v -0.370906 -0.365391 0.181244
v -0.297244 -0.361023 0.178499
v -0.349950 -0.279989 0.211636
v -0.343450 -0.248276 0.198114
v -0.324428 -0.262561 0.178651
v -0.369901 -0.331939 0.207941
v -0.298544 -0.283618 0.172604
v -0.327347 -0.388207 0.170307
v 0.288291 0.419478 -0.088505
v 0.340613 0.500310 -0.117911
v -0.438994 -0.422959 0.266985
v -0.484320 -0.482245 0.218171
v -0.450623 -0.471783 0.259619
v -0.501176 -0.470741 0.181702
v -0.544688 -0.270001 0.175638
v -0.533623 -0.284612 0.127772
v -0.544747 -0.253257 0.222526
v -0.479640 -0.586882 0.108192
v -0.501119 -0.591565 0.024766
v -0.507023 -0.575964 0.094906
v -0.530901 -0.570483 0.005724
v 0.376786 0.023481 -0.232265
v -0.377335 -0.378509 0.313280
v -0.426509 -0.183537 0.171384
v -0.387789 -0.230745 0.138981
v -0.414735 -0.231480 0.171354
v 0.437827 0.106698 -0.269771
v -0.366647 -0.294599 0.246882
v 0.888264 0.166821 0.187837
v 0.947680 0.018433 0.121557
v 0.938323 0.124724 0.146891
v 0.910366 0.167258 0.177145
v 0.904806 0.090132 0.157982
v 0.930463 -0.005282 0.125232
v 0.325792 0.028731 -0.199228
v -0.232816 -0.288840 -0.298588
v -0.281760 -0.316391 -0.309560
v 0.948031 0.188773 0.117918
v 0.905113 0.289923 0.150852
v 0.865974 0.344719 0.150762
v 0.866459 0.326029 0.120779
v 0.904151 0.251554 0.079403
v 0.943291 0.160037 0.049190
v 0.967216 0.096312 0.046853
v 0.970302 0.104239 0.074522
v -0.300998 -0.430340 -0.295532
v -0.248177 -0.398237 -0.297930
v -0.262729 -0.371214 -0.315732
v -0.210176 -0.287437 -0.137036
v -0.209003 -0.320136 -0.138092
v -0.221718 -0.268079 -0.154174
v -0.265080 -0.315316 -0.160860
v 0.408668 0.215744 -0.306555
v -0.480022 -0.565151 -0.123143
v -0.495117 -0.520650 -0.177183
v -0.516908 -0.570302 -0.061985
v -0.535342 -0.526647 -0.104510
v -0.497842 -0.547084 -0.141850
v -0.098537 0.994097 -0.052217
v -0.077244 1.001077 -0.088372
v -0.103720 -0.313162 -0.246716
v -0.196670 -0.342422 -0.300285
v -0.360251 -0.449232 0.133826
v -0.326667 -0.468957 0.167974
v -0.343894 -0.503144 0.158725
v -0.384081 -0.519941 0.072779
v -0.385395 -0.459521 0.103767
v -0.373284 -0.494503 0.100574
v -0.105557 -0.356889 -0.179242
v -0.044715 -0.337704 -0.148165
v -0.433868 -0.437448 -0.269361
v -0.440657 -0.405194 -0.261627
v -0.431584 -0.375429 -0.249494
v -0.502506 -0.437964 -0.183903
v -0.499267 -0.461060 -0.201145
v 0.076716 0.954838 -0.025920
v -0.046627 0.913552 -0.007343
v -0.088879 0.931108 -0.003779
v -0.044314 -0.284595 -0.201420
v -0.041633 -0.325624 -0.172103
v 0.874128 0.078732 0.152047
v 0.822188 0.145475 0.166279
v 0.867388 -0.006110 0.117161
v 0.823211 0.098187 0.127556
v 0.852164 -0.036667 0.096756
v 0.838225 0.013508 0.098146
v -0.131167 0.994080 -0.103693
v -0.171618 0.970657 -0.127748
v -0.449189 -0.577833 0.158191
v -0.486742 -0.559421 0.166679
v -0.472869 -0.525416 0.215931
v -0.450767 -0.543719 0.217817
v -0.362340 -0.474424 -0.269004
v -0.320894 -0.467889 -0.257759
v -0.422989 -0.526114 -0.209228
v -0.324102 -0.477970 -0.217429
v -0.408502 -0.495014 -0.248130
v -0.383394 -0.513907 -0.219805
v -0.365931 -0.510014 -0.193693
v -0.033870 0.957193 -0.155326
v -0.303979 -0.478747 0.227459
v -0.437130 -0.408071 0.164697
v -0.482088 -0.438156 0.115728
v -0.470738 -0.438106 0.048450
v -0.414700 -0.417850 0.133451
v -0.424503 -0.436564 0.101394
v -0.447491 -0.443292 0.046661
v -0.247053 -0.268174 0.168988
v -0.264830 -0.369445 0.192876
v -0.543726 -0.487119 0.050832
v -0.552403 -0.518483 0.016773
v -0.535625 -0.470321 0.042520
v -0.548159 -0.502768 -0.067234
v -0.535207 -0.465943 -0.099456
v -0.523834 -0.446899 -0.076023
v -0.238213 0.873860 -0.138273
v -0.216959 0.855728 -0.127384
v -0.112009 0.906502 -0.156219
v -0.548622 -0.163076 0.114882
v -0.481202 -0.251330 0.020236
v -0.538998 -0.211231 0.079053
v -0.482670 -0.193910 0.049990
v -0.442682 -0.245625 0.001202
v 0.907356 -0.037104 -0.040216
v 0.923400 0.039847 -0.018734
v 0.942376 -0.047027 -0.034527
v -0.858929 0.141682 -0.204488
v -0.797224 0.207588 -0.224889
v -0.809703 0.152491 -0.201555
v -0.020810 -0.191681 -0.117119
v -0.084141 -0.192553 -0.142744
v -0.100568 -0.209088 -0.196624
v 0.988845 -0.103055 0.032602
v 0.972765 -0.088988 0.075971
v 0.986310 -0.193277 0.002090
v 0.964688 -0.233946 0.051427
v 0.978977 -0.276086 -0.003171
v 0.976807 -0.235863 0.031484
v -0.731124 0.226814 -0.235131
v -0.666087 0.278481 -0.257253
v -0.677050 0.220405 -0.264105
v -0.499065 -0.429446 -0.068112
v -0.488587 -0.437362 -0.001323
v 0.107146 -0.192751 0.038187
v 0.167453 -0.192813 0.017238
v -0.347228 -0.345895 -0.169380
v -0.349915 -0.320085 -0.197996
v -0.419943 -0.361919 -0.182751
v -0.384044 -0.382484 -0.146045
v -0.456293 -0.395221 -0.134978
v -0.441721 -0.399599 -0.117804
v 0.468267 0.564793 -0.147574
v 0.484771 0.588515 -0.131789
v 0.009145 -0.208854 0.019537
v -0.122070 -0.247726 -0.068480
v -0.063211 -0.221459 -0.026307
v -0.335609 -0.458619 -0.153904
v -0.305210 -0.439350 -0.175887
v -0.314800 -0.392666 -0.157581
v -0.345699 -0.407116 -0.144272
v -0.359206 -0.472924 -0.126308
v 0.467807 0.479002 -0.027837
v 0.802508 0.146209 0.080448
v 0.818388 0.139358 0.051557
v -0.405795 -0.547501 -0.089454
v -0.413713 -0.577154 0.092157
v -0.409681 -0.554639 -0.005701
v -0.451125 -0.585551 -0.027942
v -0.421551 -0.558763 -0.119226
v 0.474955 0.557518 -0.030558
v 0.475524 0.679389 -0.068750
v 0.828733 0.306284 0.087055
v 0.763498 0.398171 0.136956
v 0.831046 -0.017720 0.030204
v 0.833345 -0.046444 0.057286
v 0.832093 -0.176354 0.004508
v 0.835307 -0.111654 0.004884
v 0.772231 0.226237 0.194002
v 0.787754 0.183845 0.156118
v 0.866692 -0.046766 -0.028659
v 0.852179 -0.156532 -0.038923
v 0.877905 -0.306165 -0.090644
v 0.887662 -0.066235 -0.043053
v 0.898672 -0.252293 -0.081694
v 0.859596 -0.253014 -0.069108
v 0.349916 0.635971 -0.049943
v 0.717625 0.288356 0.177454
v -0.363627 -0.279897 0.127952
v -0.373452 -0.301493 0.130552
v -0.330819 -0.283594 0.105401
v -0.291924 -0.352722 0.090498
v 0.387695 0.603169 -0.020874
v 0.377176 0.475218 0.003031
v 0.336883 0.418754 -0.001669
v 0.697838 0.326299 0.161872
v 0.763122 0.281322 0.107482
v 0.767390 0.316891 0.106972
v -0.395730 -0.507651 -0.026538
v -0.410829 -0.465561 -0.017052
v -0.396758 -0.455865 -0.068726
v 0.337020 0.539276 -0.071989
v 0.346838 0.555923 -0.118890
v 0.340030 0.595802 -0.078801
v -0.554593 -0.203921 0.309236
v -0.576048 -0.222214 0.248081
v -0.410609 -0.367873 0.005939
v -0.411701 -0.373231 0.029263
v -0.477198 -0.320628 0.051439
v -0.350801 -0.407045 -0.036823
v -0.437356 -0.328426 0.002782
v -0.592884 -0.147299 0.315257
v 0.948872 -0.357467 0.026983
v 0.920661 -0.447199 0.012810
v 0.883413 -0.517370 0.004942
v 0.880337 -0.480778 0.024013
v -0.599507 -0.120129 0.275350
v -0.590128 -0.171434 0.172626
v -0.581534 -0.137463 0.182545
v -0.264799 -0.294461 0.005655
v -0.334270 -0.235028 0.042969
v -0.381430 -0.213093 0.034966
v -0.317803 -0.257982 0.003653
v -0.346464 -0.229591 0.074885
v -0.270230 -0.292414 0.041252
v 0.551817 0.242749 -0.243582
v 0.520910 0.314674 -0.270591
v 0.534080 0.309416 -0.296657
v -0.379923 -0.463550 0.301702
v -0.331687 -0.438793 0.025612
v -0.259915 -0.541756 -0.015395
v -0.350413 -0.426030 0.003865
v -0.302163 -0.478404 -0.033911
v 0.413625 0.137101 -0.133695
v 0.441448 0.207867 -0.179642
v -0.306640 -0.442602 0.302155
v -0.251973 -0.408269 0.258730
v -0.276322 -0.437403 0.277540
v -0.245956 -0.368905 -0.072365
v -0.319704 -0.285515 -0.033323
v -0.342431 -0.306512 -0.047202
v -0.383488 -0.306642 -0.036289
v -0.263658 -0.410343 -0.088094
v -0.235694 -0.412369 -0.091736
v 0.519161 0.308753 -0.361741
v 0.918045 -0.153422 0.094056
v 0.937991 -0.163334 0.086916
v 0.916346 -0.278132 0.069085
v 0.891301 -0.300121 0.066278
v 0.895439 -0.176571 0.087840
v 0.434800 0.296392 -0.409616
v 0.384278 0.314183 -0.412113
v -0.268498 -0.390598 0.308997
v -0.300555 -0.401353 0.321942
v 0.960877 -0.167999 -0.047182
v 0.973896 -0.112562 -0.022869
v 0.976273 -0.193913 -0.029961
v 0.943478 -0.248256 -0.070035
v 0.968159 -0.274028 -0.046401
v -0.319201 -0.298653 0.324590
v -0.369248 -0.340434 0.305430
v -0.340459 -0.257301 0.291208
v 0.946986 -0.419225 -0.052269
v 0.930533 -0.470711 -0.029032
v 0.922193 -0.480072 -0.075448
v 0.902787 -0.533805 -0.075928
v 0.456125 0.238994 -0.379936
v 0.433603 0.163217 -0.299214
v -0.017853 -0.312616 -0.000314
v -0.339645 -0.402276 0.069687
v -0.339104 -0.380302 0.087494
v -0.257490 -0.453360 0.058376
v -0.339668 -0.419066 0.049672
v -0.259614 -0.481307 0.044570
v -0.008296 0.884495 -0.154699
v -0.126229 0.874949 -0.139818
v -0.016501 -0.239746 0.024036
v 0.051565 -0.234177 0.065053
v 0.018860 -0.265707 0.052039
v -0.211974 -0.668790 -0.103017
v -0.204581 -0.676554 -0.083999
v -0.253512 -0.566317 -0.064842
v -0.037880 0.846965 -0.101890
v -0.112318 0.845437 -0.058662
v -0.052725 0.851342 -0.052041
v -0.201130 -0.586091 -0.144633
v -0.279011 -0.502594 -0.063928
v -0.254333 -0.521415 -0.093909
v -0.281615 -0.463772 -0.080316
v -0.225032 -0.585658 -0.121745
v -0.225047 -0.519229 -0.117874
v 0.448187 0.071150 -0.258537
v -0.443674 -0.161072 0.201396
v -0.450830 -0.139088 0.233890
v 0.852863 -0.279442 0.053687
v 0.835245 -0.250635 0.034481
v 0.828683 -0.378180 0.030545
v 0.798895 -0.411989 0.000132
v 0.803822 -0.368122 -0.012633
v -0.532439 -0.139741 0.129874
v -0.514126 -0.124324 0.148357
v -0.488092 -0.113789 0.180537
v -0.183782 -0.400021 0.022456
v -0.214412 -0.403455 0.055473
v -0.132304 -0.482078 -0.007054
v -0.202826 -0.449113 0.050956
v -0.149660 -0.484098 0.017934
v -0.157711 -0.509675 0.023745
v 0.538279 0.135172 -0.276789
v 0.537863 0.214206 -0.331418
v 0.514830 0.230986 -0.359054
v -0.153353 -0.437742 -0.068327
v -0.170041 -0.401400 -0.033091
v -0.134659 -0.457171 -0.032541
v -0.110876 -0.507557 -0.079327
v -0.216458 -0.214616 0.281319
v -0.256936 -0.299536 0.322850
v -0.240779 -0.246150 0.309004
v 0.789541 -0.411502 -0.053070
v 0.753519 -0.534314 -0.127222
v 0.809995 -0.369099 -0.066305
v 0.756639 -0.487559 -0.075203
v 0.736283 -0.533476 -0.105052
v 0.796973 -0.464770 -0.114023
v 0.246254 0.813181 -0.039983
v -0.206669 -0.267021 0.209487
v -0.217816 -0.322675 0.225750
v -0.199303 -0.265103 0.245778
v 0.719414 -0.673783 -0.020685
v 0.829263 -0.544617 0.013327
v 0.813179 -0.604436 -0.004553
v 0.791914 -0.580687 0.004063
v 0.779112 -0.559550 0.002643
v 0.708905 -0.718260 -0.030582
v 0.026400 0.865576 -0.032017
v 0.807849 -0.503777 -0.134727
v 0.884667 -0.367691 -0.105182
v 0.909256 -0.363080 -0.098760
v 0.869063 -0.505794 -0.124688
v 0.791954 -0.560703 -0.150240
v 0.840768 -0.510479 -0.135943
v 0.102529 0.931730 -0.019786
v 0.159948 0.943835 -0.037416
v 0.294526 0.846788 -0.033326
v -0.290479 -0.183125 0.297867
v -0.319235 -0.242740 0.305225
v -0.123031 -0.644733 -0.196564
v -0.122599 -0.716534 -0.230992
v -0.351632 -0.167657 0.245425
v -0.363163 -0.163958 0.214767
v -0.165243 -0.507724 -0.125711
v -0.177245 -0.521037 -0.132709
v -0.110135 -0.621400 -0.179670
v -0.123143 -0.534707 -0.123062
v -0.108082 -0.596433 -0.160074
v -0.089937 -0.592302 -0.140380
v 0.468021 0.694280 -0.140283
v 0.484578 0.665808 -0.114086
v -0.127589 -0.244489 -0.249050
v -0.101898 -0.277397 -0.250570
v -0.048644 -0.658486 -0.111220
v -0.078480 -0.592385 -0.063126
v -0.056741 -0.637289 -0.127847
v -0.034329 -0.717374 -0.112477
v 0.355089 0.604307 -0.143034
v 0.379417 0.628959 -0.166822
v -0.470680 -0.097104 0.238511
v 0.836533 -0.609091 -0.132637
v 0.812383 -0.610709 -0.149469
v 0.735744 -0.722215 -0.174463
v 0.771840 -0.712122 -0.150381
v 0.424486 0.771284 -0.158371
v 0.403183 0.746031 -0.182935
v -0.507870 -0.081053 0.226243
v -0.193326 -0.558332 0.019999
v -0.200457 -0.595318 -0.003343
v -0.150780 -0.580844 0.006680
v -0.091707 -0.692833 -0.056668
v -0.102376 -0.716466 -0.060327
v -0.132934 -0.705254 -0.050269
v 0.557637 0.159656 -0.205467
v 0.559555 0.235553 -0.270347
v 0.554976 0.161159 -0.270574
v -0.484587 -0.048529 0.277036
v -0.158537 -0.773503 -0.179540
v -0.184440 -0.720018 -0.160289
v -0.149720 -0.744137 -0.213285
v -0.123827 -0.794541 -0.233466
v -0.127238 -0.821517 -0.194893
v 0.011493 0.975030 -0.143889
v -0.436790 0.003019 0.319650
v 0.187702 -0.834266 -0.226713
v 0.217962 -0.840504 -0.263096
v 0.120372 0.983123 -0.077373
v 0.049438 0.991148 -0.062494
v 0.080383 0.990651 -0.106177
v -0.024049 -0.808401 -0.292834
v -0.058929 -0.804278 -0.281622
v -0.075073 -0.834547 -0.270144
v -0.000327 -0.856080 -0.306387
v -0.001532 -0.883456 -0.299326
v -0.406617 -0.078472 0.184224
v -0.378449 -0.123970 0.204230
v -0.361653 -0.159017 0.173491
v 0.053939 -0.801109 -0.284521
v 0.006756 -0.773963 -0.269079
v -0.038722 -0.721048 -0.235060
v -0.040698 -0.696274 -0.208606
v 0.006157 -0.736890 -0.204392
v 0.051544 -0.776815 -0.208377
v 0.139712 0.860935 -0.166405
v -0.480499 0.018055 0.145595
v -0.148882 -0.749691 -0.091691
v -0.147915 -0.786416 -0.141539
v -0.114046 -0.826701 -0.153878
v 0.102943 0.890175 -0.169964
v 0.021057 0.928089 -0.166244
v 0.000721 0.905715 -0.163449
v -0.378728 -0.080979 0.110563
v 0.657223 -0.634529 -0.095798
v 0.621404 -0.678732 -0.097054
v 0.726215 -0.577023 -0.028322
v 0.704319 -0.587342 -0.049809
v 0.618878 -0.699535 -0.075187
v 0.700597 -0.577512 -0.073820
v 0.019663 0.847789 -0.117804
v -0.340758 -0.094221 0.101147
v -0.313652 -0.188624 0.140440
v -0.280928 -0.209068 0.141979
v 0.818235 -0.677938 -0.095354
v 0.816105 -0.678705 -0.071292
v 0.854650 -0.612009 -0.042744
v 0.769734 -0.719660 -0.053521
v 0.753309 -0.762235 -0.115710
v 0.722383 -0.788469 -0.083885
v 0.041231 -0.299870 -0.114254
v 0.013934 -0.757917 -0.166638
v 0.071878 -0.823386 -0.176397
v 0.324027 0.667191 -0.092124
v 0.335455 0.625432 -0.105238
v 0.321939 0.680001 -0.132680
v 0.011027 -0.831593 -0.143939
v -0.036967 -0.811371 -0.121609
v 0.052571 -0.853781 -0.158325
v -0.040624 -0.838765 -0.134971
v 0.019139 -0.878657 -0.159194
v 0.296456 0.747680 -0.166797
v 0.351187 0.726815 -0.182835
v 0.122002 -0.310432 -0.052031
v 0.167033 -0.328385 -0.024144
v 0.588999 -0.719487 -0.156198
v 0.164751 0.822847 -0.144502
v 0.123646 0.830062 -0.128436
v 0.150286 -0.346539 0.018135
v 0.034940 -0.337667 -0.032723
v -0.023030 -0.337221 -0.058922
v 0.536995 -0.761100 -0.127193
v 0.482045 -0.800817 -0.151666
v 0.517566 -0.778265 -0.169628
v 0.160020 0.830399 -0.051482
v 0.204267 0.800229 -0.070685
v 0.179437 0.802238 -0.105937
v 0.667821 -0.698472 -0.185257
v 0.548734 -0.782975 -0.202328
v 0.523062 -0.812432 -0.222618
v 0.618276 -0.793652 -0.211570
v 0.539228 -0.832723 -0.233426
v 0.457105 0.592724 -0.021845
v 0.409408 0.525377 -0.000168
v 0.401332 0.653610 -0.023310
v -0.514635 -0.083404 0.429739
v -0.572555 -0.137570 0.356991
v -0.573172 -0.099663 0.365580
v 0.613712 -0.856902 -0.209277
v 0.670589 -0.823450 -0.182770
v 0.652630 -0.864635 -0.156250
v 0.515384 -0.924447 -0.236719
v 0.541371 -0.940871 -0.193876
v 0.597519 -0.910291 -0.162744
v -0.500960 -0.215360 0.291582
v -0.523195 -0.215577 0.299722
v 0.120966 -0.841541 -0.305613
v 0.156494 -0.895748 -0.322688
v 0.182157 -0.881288 -0.317886
v 0.239562 -0.878490 -0.304915
v 0.474071 -0.006483 -0.135944
v -0.475295 -0.087544 0.443903
v 0.596606 -0.806935 -0.058971
v 0.500793 -0.815433 -0.104849
v 0.559415 -0.794959 -0.073743
v 0.634811 -0.752875 -0.046245
v 0.479421 -0.873285 -0.095147
v 0.478253 0.000011 -0.193884
v 0.512327 0.063870 -0.232090
v 0.489013 0.074529 -0.260296
v 0.666892 -0.817136 -0.069306
v 0.645791 -0.854472 -0.093506
v 0.593764 -0.904982 -0.123307
v 0.584313 -0.885343 -0.091156
v 0.535146 -0.927791 -0.116525
v 0.532444 0.140302 -0.156291
v -0.375725 -0.069350 0.363958
v 0.089710 -0.946337 -0.295749
v 0.108063 -0.966419 -0.275022
v 0.178178 -0.946230 -0.312529
v 0.182144 -0.973641 -0.292260
v 0.440566 0.153920 -0.133591
v 0.473418 0.169043 -0.139479
v -0.395459 -0.017659 0.323633
v -0.399503 -0.068728 0.332895
v -0.050283 -0.895386 -0.208461
v 0.009344 -0.928210 -0.259134
v -0.017283 -0.905826 -0.189798
v 0.053505 -0.951646 -0.247908
v 0.085500 -0.960359 -0.218591
v 0.506721 0.083116 -0.127242
v 0.484449 0.034932 -0.116464
v 0.450534 0.106956 -0.105741
v -0.450718 -0.157565 0.302526
v 0.458196 -0.906119 -0.265629
v 0.350470 -0.904079 -0.292317
v 0.395364 -0.936393 -0.281653
v 0.288548 -0.920391 -0.307983
v 0.339308 -0.957527 -0.289330
v 0.426508 -0.840001 -0.139893
v 0.321869 -0.873273 -0.159645
v 0.374919 -0.847101 -0.165448
v 0.324796 -0.020318 -0.083951
v 0.419700 0.053781 -0.086766
v -0.464389 -0.170767 0.329646
v -0.461289 -0.144049 0.384684
v 0.289143 -0.845238 -0.238233
v 0.402612 -0.840042 -0.232212
v 0.340817 -0.860305 -0.263770
v 0.288355 -0.014837 -0.112008
v 0.334150 0.058482 -0.158811
v 0.355468 0.082061 -0.148339
v -0.341322 -0.050940 0.088080
v -0.272605 -0.153721 0.122883
v 0.161261 -0.836705 -0.205826
v 0.135842 -0.853277 -0.180616
v 0.242900 -0.862820 -0.183737
v 0.207119 -0.888039 -0.169420
v -0.275691 -0.061265 0.112745
v 0.108864 -0.921469 -0.173697
v 0.212508 -0.922383 -0.162139
v 0.186503 -0.956326 -0.177934
v -0.875450 0.173434 -0.272890
v -0.882725 0.151498 -0.240715
v -0.210562 -0.140109 0.179711
v -0.197543 -0.194806 0.210966
v 0.392976 -0.924647 -0.123377
v 0.407471 -0.945243 -0.127788
v 0.302359 -0.937539 -0.147425
v -0.794649 0.168029 -0.370378
v -0.829203 0.153732 -0.354928
v -0.885962 0.051481 -0.315472
v 0.107946 -0.210194 -0.051837
v -0.032409 -0.252300 -0.190443
v 0.033348 -0.257883 -0.133403
v 0.356743 -0.994501 -0.238011
v 0.284541 -1.000000 -0.239343
v 0.267325 -0.997177 -0.209455
v 0.424011 -0.988158 -0.196628
v 0.365777 -0.990115 -0.179782
v -0.939772 0.041324 -0.240091
v -0.938117 -0.020503 -0.266105
v -0.579375 -0.073955 0.325106
v -0.583728 -0.090292 0.258505
v -0.781090 0.151005 -0.206961
v -0.727948 0.189303 -0.235896
v -0.558634 -0.054302 0.287924
v -0.492287 -0.024045 0.299600
# 2904 vertices, 0 vertices normals

f 833 860 826
f 2883 2885 2884
f 833 2884 860
f 2885 860 2884
f 1 2896 2894
f 833 826 2896
f 2896 826 2894
f 826 860 2878
f 2885 2878 860
f 853 2877 2885
f 2885 2877 2878
f 853 2874 2877
f 3 2863 966
f 2863 920 966
f 966 920 2858
f 2857 2858 920
f 2857 920 2873
f 1062 833 832
f 1 2895 2896
f 820 832 2895
f 833 2896 832
f 2895 832 2896
f 1062 2884 833
f 1062 832 2831
f 820 2831 832
f 959 2857 853
f 2883 959 2885
f 959 853 2885
f 2 2874 2873
f 853 2857 2874
f 2874 2857 2873
f 826 880 813
f 826 2878 880
f 826 813 2894
f 813 880 2846
f 201 975 976
f 976 975 2837
f 810 2837 975
f 1 2893 2892
f 810 975 2893
f 201 2892 975
f 2893 975 2892
f 201 976 2855
f 2823 958 959
f 2858 2857 2856
f 958 2856 959
f 2857 959 2856
f 2821 958 2823
f 2823 959 2883
f 813 1025 810
f 810 1025 2837
f 2837 1025 2835
f 4 2845 2846
f 2835 1025 2845
f 813 2846 1025
f 2845 1025 2846
f 1 2894 2893
f 813 810 2894
f 2894 810 2893
f 2854 2816 2852
f 1086 950 2816
f 2816 950 2852
f 1086 2865 950
f 2854 2815 2816
f 2853 2854 2852
f 992 2809 820
f 2810 1055 2809
f 820 2809 1055
f 5 2810 2809
f 992 820 2895
f 2830 2831 2829
f 820 1055 2831
f 2810 2829 1055
f 2831 1055 2829
f 2808 992 991
f 5 2809 2808
f 2809 992 2808
f 2808 991 2853
f 201 2855 991
f 2853 991 2855
f 1 2892 2895
f 201 991 2892
f 992 2895 991
f 2892 991 2895
f 1061 1063 1062
f 1062 1063 2884
f 2823 2883 1063
f 2884 1063 2883
f 2821 2823 2819
f 1061 2819 1063
f 2823 1063 2819
f 1061 1062 2830
f 2830 1062 2831
f 1091 984 983
f 933 983 984
f 3 2864 2865
f 933 984 2864
f 950 2865 984
f 2864 984 2865
f 2853 2852 2851
f 950 984 2852
f 1091 2851 984
f 2852 984 2851
f 6 2798 2796
f 1091 983 2798
f 933 2796 983
f 2798 983 2796
f 1125 1092 1091
f 2808 2851 1092
f 1091 1092 2851
f 5 2808 2805
f 1125 2805 1092
f 2808 1092 2805
f 6 2797 2798
f 1125 1091 2797
f 2797 1091 2798
f 2808 2853 2851
f 2876 905 906
f 2876 906 2777
f 2777 906 2775
f 2 2872 2874
f 906 905 2872
f 2877 2874 905
f 2872 905 2874
f 2878 2877 2876
f 2877 905 2876
f 1040 1041 2836
f 976 2836 1041
f 2853 2855 2854
f 976 1041 2855
f 2855 1041 2854
f 2854 1041 2815
f 1040 2814 1041
f 2815 1041 2814
f 976 2837 2836
f 1099 1100 2807
f 2766 1054 1100
f 2810 2807 1054
f 1100 1054 2807
f 2830 2829 2828
f 2810 1054 2829
f 2766 2828 1054
f 2829 1054 2828
f 2762 2766 2765
f 1099 2765 1100
f 2766 1100 2765
f 5 2807 2810
f 2795 2796 967
f 967 2796 933
f 6 2796 2795
f 2795 967 2790
f 967 933 2864
f 2795 2790 1127
f 1127 2790 2782
f 6 2795 1127
f 1151 1118 2782
f 1127 2782 1118
f 1007 2844 1166
f 1020 1166 2844
f 4 2844 2842
f 1007 2842 2844
f 2744 2746 1166
f 1007 1166 2746
f 1020 2777 1166
f 2776 1166 2777
f 906 2769 2775
f 198 2775 2769
f 906 2872 2769
f 2777 2775 2773
f 198 2773 2775
f 200 1035 2843
f 2835 2843 2834
f 1035 2834 2843
f 2837 2835 2834
f 200 2732 1035
f 4 2843 2845
f 2835 2845 2843
f 2769 898 2741
f 2 2871 2872
f 2769 2872 898
f 2871 898 2872
f 198 2769 2741
f 2745 2720 2746
f 1265 1007 2720
f 2720 1007 2746
f 1265 2842 1007
f 2745 2716 2720
f 2744 2745 2746
f 1166 2776 1224
f 2774 2711 2776
f 1224 2776 2711
f 2777 2774 2776
f 1166 1224 2744
f 8 2711 2710
f 2774 2710 2711
f 198 197 1182
f 2777 2773 2774
f 198 1182 2773
f 2773 1182 2774
f 8 2710 2709
f 2774 1182 2710
f 197 2709 1182
f 2710 1182 2709
f 1035 1076 1040
f 2837 2834 2836
f 1035 1040 2834
f 2834 1040 2836
f 2815 2814 1238
f 1040 1076 2814
f 2814 1076 1238
f 1238 1076 2731
f 1035 2732 1076
f 2731 1076 2732
f 898 2871 1233
f 2723 1233 2871
f 7 2741 1233
f 898 1233 2741
f 1232 1233 2723
f 1307 2765 2702
f 2806 2702 1099
f 2765 1099 2702
f 5 2806 2807
f 2806 1099 2807
f 2762 2765 2761
f 1307 2761 2765
f 2730 1266 1265
f 2716 2719 2720
f 2730 1265 2719
f 2719 1265 2720
f 4 2842 2843
f 1265 1266 2842
f 200 2843 1266
f 2842 1266 2843
f 2731 2732 2730
f 200 1266 2732
f 2732 1266 2730
f 197 2695 1302
f 2692 2695 1252
f 198 2768 197
f 2768 2695 197
f 197 1302 2709
f 2695 2768 1252
f 2741 2740 2768
f 1252 2768 2740
f 198 2741 2768
f 7 2740 2741
f 1316 2701 1125
f 2806 2805 2701
f 1125 2701 2805
f 2806 2701 2702
f 1316 1125 2797
f 5 2805 2806
f 1252 1330 1331
f 2692 1252 2694
f 1252 1331 2694
f 1331 1330 2687
f 2739 2686 1330
f 2687 1330 2686
f 7 2739 2740
f 1252 2740 1330
f 2739 1330 2740
f 2700 1316 1315
f 2702 2701 2700
f 2701 1316 2700
f 2700 1315 2672
f 2672 1315 2671
f 6 2794 2797
f 2671 1315 2794
f 1316 2797 1315
f 2794 1315 2797
f 2730 2719 1279
f 2718 1279 2719
f 2729 1279 2679
f 2718 2679 1279
f 2716 2718 2719
f 2731 2730 2729
f 2730 1279 2729
f 196 2678 2738
f 2739 2738 2684
f 2678 2684 2738
f 2739 2684 2686
f 7 2738 2739
f 2655 2667 2651
f 2671 1112 2667
f 2667 1112 2651
f 2671 2794 1112
f 2672 2671 2667
f 9 2655 2651
f 199 2827 1196
f 2766 2764 2827
f 2827 2764 1196
f 2762 2764 2766
f 2830 2828 2827
f 2766 2827 2828
f 2663 2665 2662
f 199 1196 2665
f 2665 1196 2662
f 1150 1151 1214
f 2751 2756 1151
f 1151 2756 1214
f 2754 2756 2751
f 9 2654 2653
f 1150 1214 2654
f 2654 1214 2653
f 1387 1200 1199
f 1200 2821 1199
f 2822 1199 2821
f 2754 2755 2753
f 1387 2753 1200
f 2755 1200 2753
f 2663 2664 2660
f 1387 1199 2664
f 2822 2660 1199
f 2664 1199 2660
f 2685 2646 2687
f 1415 2694 2646
f 1331 2687 2694
f 2646 2694 2687
f 1415 2692 2694
f 2685 2643 2646
f 2686 2685 2687
f 1302 1325 1326
f 2692 2693 2695
f 1302 2695 1325
f 2693 1325 2695
f 8 2709 2708
f 1302 1326 2709
f 2709 1326 2708
f 2708 1326 2639
f 1325 2638 1326
f 2639 1326 2638
f 1325 2693 2636
f 2645 2636 1415
f 2693 1415 2636
f 2643 2645 2646
f 2645 1415 2646
f 1415 2693 2692
f 1325 2636 2638
f 1214 1213 1397
f 9 2653 2650
f 1214 1397 2653
f 2630 2650 1397
f 2653 1397 2650
f 10 2630 2629
f 1213 2629 1397
f 2630 1397 2629
f 1214 2756 1213
f 2754 1213 2756
f 2605 2706 2603
f 2708 1451 2706
f 2603 2706 1451
f 8 2708 2706
f 2601 2605 2603
f 2638 2637 2639
f 2708 2639 1451
f 2637 1451 2639
f 1373 1374 2670
f 2700 2670 2699
f 1374 2699 2670
f 2702 2700 2699
f 1373 2596 1374
f 2597 1374 2596
f 2700 2672 2670
f 195 1388 1387
f 1213 2753 1388
f 1387 1388 2753
f 10 2629 2628
f 1213 1388 2629
f 195 2628 1388
f 2629 1388 2628
f 195 1387 2664
f 1213 2754 2753
f 2678 1357 1340
f 2617 1357 2679
f 2679 1357 2678
f 2686 2684 2683
f 2678 1340 2684
f 2684 1340 2683
f 2619 2622 2617
f 1340 1357 2622
f 2622 1357 2617
f 2611 2613 1491
f 2562 2613 2611
f 2611 1491 2717
f 1278 2717 1491
f 1278 1491 2621
f 2613 2619 1491
f 2621 1491 2619
f 2669 1534 1373
f 1373 1534 2596
f 1542 2594 1534
f 2596 1534 2594
f 2586 2590 2589
f 1542 1534 2590
f 2669 2589 1534
f 2590 1534 2589
f 2672 2669 2670
f 2669 1373 2670
f 2626 2628 1466
f 195 1466 2628
f 10 2628 2626
f 2577 2581 2580
f 2626 1466 2581
f 2581 1466 2580
f 2580 1466 2663
f 195 2664 1466
f 2663 1466 2664
f 1340 1501 2683
f 1609 2574 1501
f 2575 2683 2574
f 1501 2574 2683
f 2572 2575 2574
f 2619 2620 2622
f 1609 1501 2620
f 1340 2622 1501
f 2620 1501 2622
f 2686 2683 2682
f 2575 2682 2683
f 2562 2564 2613
f 2564 2618 2613
f 2613 2618 2619
f 2561 2564 2562
f 1196 1195 2662
f 2547 2662 2546
f 1195 2546 2662
f 2545 2547 2546
f 2762 2763 2764
f 1196 2764 1195
f 2763 1195 2764
f 2663 2662 2661
f 2547 2661 2662
f 2547 1597 1598
f 2577 2580 2579
f 1597 2579 1598
f 2580 1598 2579
f 2545 1597 2547
f 2547 1598 2661
f 2580 2663 1598
f 2661 1598 2663
f 1669 1609 1608
f 2538 2542 2541
f 1669 1608 2542
f 2542 1608 2541
f 2541 1608 2620
f 1609 2620 1608
f 2572 2574 2573
f 1669 2573 1609
f 2574 1609 2573
f 2563 1626 2564
f 2619 2618 2620
f 2564 1626 2618
f 2541 2620 1626
f 2618 1626 2620
f 2563 2538 1626
f 2541 1626 2538
f 2561 2563 2564
f 1653 2634 1431
f 2645 2644 2634
f 1431 2634 2644
f 2638 2636 2634
f 2645 2634 2636
f 2552 2556 2551
f 1653 1431 2556
f 2556 1431 2551
f 2643 2644 2645
f 1308 1550 2763
f 1195 2763 1550
f 1195 1550 2546
f 2595 2545 1550
f 2546 1550 2545
f 2596 2595 2597
f 1308 2597 1550
f 2595 1550 2597
f 1308 2763 2762
f 2561 1295 1521
f 8 2706 2707
f 2605 1521 2706
f 1295 2707 1521
f 2706 1521 2707
f 2562 1295 2561
f 2601 2604 2605
f 2561 1521 2604
f 2604 1521 2605
f 2635 2523 2637
f 1451 2637 1516
f 2523 1516 2637
f 2601 2603 2602
f 1451 1516 2603
f 2603 1516 2602
f 2638 2635 2637
f 1394 1404 1744
f 11 2517 2513
f 1394 1744 2517
f 2517 1744 2513
f 2513 1744 2509
f 1404 2508 1744
f 2509 1744 2508
f 1394 2652 1404
f 1652 1654 1653
f 2635 1654 2523
f 1652 2522 1654
f 2523 1654 2522
f 1652 1653 2556
f 2638 2634 2635
f 1653 1654 2634
f 2634 1654 2635
f 2483 1865 1718
f 2532 1718 2531
f 13 2483 2481
f 2483 1718 2481
f 2514 2516 2668
f 2669 2668 1564
f 2516 1564 2668
f 2669 1564 2589
f 11 2516 2514
f 2672 2668 2669
f 2544 1665 1664
f 2595 1665 2545
f 2545 1665 2544
f 2544 1664 2470
f 2470 1664 2469
f 2596 2594 2595
f 1664 1665 2594
f 2594 1665 2595
f 193 2452 1669
f 2455 2573 2452
f 2452 2573 1669
f 2455 2572 2573
f 14 2455 2452
f 193 1669 2542
f 1703 1877 2439
f 2475 2439 1877
f 1718 1865 1877
f 2475 1877 1865
f 1718 1877 2531
f 1703 2531 1877
f 16 2439 2436
f 2475 2436 2439
f 1859 2474 2482
f 2483 2482 2474
f 2483 2474 1865
f 1859 2447 2474
f 13 2482 2483
f 1805 2497 1813
f 2501 2431 2497
f 2497 2431 1813
f 2501 2430 2431
f 12 2501 2497
f 1805 1813 2493
f 2493 1813 2489
f 1718 1717 1833
f 1718 1833 2481
f 2492 2481 1833
f 2489 2492 2493
f 1717 2493 1833
f 2492 1833 2493
f 1718 2532 1717
f 2467 2469 2590
f 1664 1542 2469
f 2469 1542 2590
f 1664 2594 1542
f 2470 2469 2467
f 2586 2588 2590
f 2467 2590 2588
f 11 2515 2516
f 2456 1751 2515
f 1564 2516 1751
f 2515 1751 2516
f 1564 1751 2589
f 2458 2586 1751
f 2589 1751 2586
f 2457 2458 2456
f 2458 1751 2456
f 1457 1473 1761
f 1457 2627 1473
f 2509 2508 2507
f 1457 1761 2508
f 2508 1761 2507
f 17 2418 2417
f 2507 1761 2418
f 1473 2417 1761
f 2418 1761 2417
f 1722 1703 1995
f 16 2438 2439
f 2399 1995 2438
f 1703 2439 1995
f 2438 1995 2439
f 1722 2531 1703
f 1722 1995 2400
f 2400 1995 2399
f 2092 2386 2000
f 2016 2000 2386
f 2016 2386 2390
f 12 2500 2501
f 2092 2000 2500
f 2500 2000 2501
f 2501 2000 2430
f 2016 2427 2000
f 2430 2000 2427
f 2544 2468 1663
f 1885 1663 2468
f 2577 2579 2578
f 1597 1663 2579
f 1885 2578 1663
f 2579 1663 2578
f 2544 2470 2468
f 2545 2544 1597
f 2544 1663 1597
f 2520 2522 2357
f 2178 2357 1652
f 2522 1652 2357
f 2552 2555 2556
f 2178 1652 2555
f 2555 1652 2556
f 2523 2522 2520
f 2520 2357 2358
f 2065 2066 2407
f 2406 2407 2066
f 15 2446 2445
f 2406 2066 2446
f 2389 2445 2066
f 2446 2066 2445
f 2390 2389 2387
f 2065 2387 2066
f 2389 2066 2387
f 2404 2407 2406
f 2047 1960 1859
f 13 2480 2482
f 2047 1859 2480
f 2480 1859 2482
f 15 2447 2446
f 1859 1960 2447
f 2406 2446 1960
f 2447 1960 2446
f 2404 2406 2405
f 2047 2405 1960
f 2406 1960 2405
f 2399 2437 2395
f 188 2085 2437
f 2395 2437 2085
f 16 2437 2438
f 2399 2438 2437
f 2400 2399 2395
f 19 2340 2333
f 188 2333 2085
f 2340 2085 2333
f 2492 2491 2478
f 1827 1841 2491
f 2491 1841 2478
f 1827 2384 1841
f 2489 2491 2492
f 13 2481 2478
f 2492 2478 2481
f 2009 2107 1827
f 2489 2490 2491
f 2009 1827 2490
f 2490 1827 2491
f 2381 2384 2382
f 1827 2107 2384
f 2384 2107 2382
f 20 2328 2327
f 2382 2107 2328
f 2009 2327 2107
f 2328 2107 2327
f 184 2047 2046
f 21 2320 2319
f 184 2046 2320
f 2122 2319 2046
f 2320 2046 2319
f 13 2479 2480
f 2122 2046 2479
f 2047 2480 2046
f 2479 2046 2480
f 184 2405 2047
f 194 1894 1571
f 191 2465 1894
f 2467 1571 2465
f 1894 2465 1571
f 2470 2467 2465
f 18 2377 2376
f 191 1894 2377
f 194 2376 1894
f 2377 1894 2376
f 2586 2587 2588
f 194 1571 2587
f 2467 2588 1571
f 2587 1571 2588
f 2466 2362 1885
f 2366 2578 2362
f 2362 2578 1885
f 2366 2577 2578
f 2364 2366 2362
f 2470 2466 2468
f 2466 1885 2468
f 2571 1638 1639
f 14 2454 2455
f 1639 1638 2454
f 2454 1638 2455
f 2455 1638 2572
f 2572 1638 2571
f 2552 2554 2553
f 2571 1639 2554
f 2554 1639 2553
f 1516 1729 2602
f 2312 2602 2311
f 1729 2311 2602
f 2309 2312 2311
f 1516 2523 1729
f 2521 1729 2523
f 2312 2601 2602
f 1939 2093 2353
f 2388 2353 2093
f 2390 2388 2389
f 2388 2093 2389
f 15 2445 2443
f 2389 2093 2445
f 1939 2443 2093
f 2445 2093 2443
f 2388 2351 2353
f 2474 1946 2475
f 16 2436 2435
f 1946 2435 2475
f 2436 2475 2435
f 15 2444 2447
f 2474 2447 1946
f 2444 1946 2447
f 1865 2474 2475
f 2297 2299 2403
f 186 2023 2299
f 2403 2299 2023
f 2298 2299 2297
f 2297 2403 2404
f 2430 2429 2425
f 186 2425 2023
f 2429 2023 2425
f 1841 2121 2479
f 2479 2121 2122
f 2381 2383 2384
f 1841 2384 2121
f 2383 2121 2384
f 13 2478 2479
f 1841 2479 2478
f 2121 2319 2122
f 1813 2428 2490
f 187 2009 2428
f 2428 2009 2490
f 187 2327 2009
f 2430 2428 2431
f 1813 2431 2428
f 1813 2490 2489
f 190 1907 1906
f 194 1906 1907
f 2458 1906 2586
f 194 2587 1906
f 2586 1906 2587
f 18 2376 2375
f 194 1907 2376
f 190 2375 1907
f 2376 1907 2375
f 190 1906 2457
f 2457 1906 2458
f 1473 1584 1585
f 1583 1585 1584
f 1583 1584 2581
f 2626 2581 1584
f 10 2626 2627
f 1473 2627 1584
f 2626 1584 2627
f 17 2417 2415
f 1473 1585 2417
f 1583 2415 1585
f 2417 1585 2415
f 1729 2521 2194
f 2520 2194 2521
f 2523 2520 2521
f 1729 2194 2311
f 2332 2309 2194
f 2311 2194 2309
f 2520 2358 2194
f 2332 2194 2358
f 2121 2120 2306
f 21 2319 2317
f 2121 2306 2319
f 174 2317 2306
f 2319 2306 2317
f 23 2275 2273
f 174 2306 2275
f 2120 2273 2306
f 2275 2306 2273
f 2121 2383 2120
f 185 2041 2040
f 1769 1770 2041
f 2507 2040 1770
f 2041 1770 2040
f 2509 2507 2506
f 1769 2506 1770
f 2507 1770 2506
f 24 2495 2259
f 1769 2041 2495
f 185 2259 2041
f 2495 2041 2259
f 17 2416 2418
f 185 2040 2416
f 2507 2418 2040
f 2416 2040 2418
f 1970 1939 2203
f 1970 2443 1939
f 1970 2203 2286
f 2352 2286 2203
f 2351 2352 2353
f 1939 2353 2203
f 2352 2203 2353
f 1983 1970 2218
f 1970 2286 2218
f 15 2443 2442
f 1983 2442 1970
f 2443 1970 2442
f 1983 2218 2346
f 2286 2344 2218
f 2346 2218 2344
f 2530 1722 1784
f 1784 1722 2398
f 2531 1722 2530
f 2530 1784 2499
f 1722 2400 2398
f 2421 2199 2198
f 2498 2198 2199
f 12 2498 2500
f 1795 2500 2199
f 2498 2199 2500
f 1795 2199 2351
f 2421 2350 2199
f 2351 2199 2350
f 26 2241 2238
f 2421 2198 2241
f 2498 2238 2198
f 2241 2198 2238
f 2592 2343 2355
f 177 2355 2343
f 2344 2345 2343
f 177 2343 2345
f 2592 2301 2343
f 2302 2343 2301
f 177 2231 2355
f 2221 2553 2219
f 1639 1919 2553
f 2553 1919 2219
f 1639 2454 1919
f 2221 2552 2553
f 2633 2221 2219
f 2223 2423 2424
f 26 2240 2239
f 2223 2424 2240
f 2240 2424 2239
f 2424 2423 2422
f 2422 2423 2286
f 2286 2423 2344
f 2223 2345 2423
f 2344 2423 2345
f 2424 2422 2421
f 2352 2350 2422
f 2422 2350 2421
f 2351 2350 2352
f 2352 2422 2286
f 26 2239 2241
f 2424 2421 2239
f 2239 2421 2241
f 1784 2076 2077
f 2400 2397 2398
f 1784 2398 2076
f 2397 2076 2398
f 12 2499 2498
f 1784 2077 2499
f 2499 2077 2498
f 2498 2077 2238
f 2076 2238 2077
f 177 2223 2560
f 177 2345 2223
f 177 2560 2231
f 164 2228 2560
f 2231 2560 2228
f 26 2237 2240
f 164 2560 2237
f 2223 2240 2560
f 2237 2560 2240
f 180 2147 2146
f 190 2146 2147
f 18 2375 2374
f 190 2147 2375
f 180 2374 2147
f 2375 2147 2374
f 2261 2264 2260
f 180 2146 2264
f 2264 2146 2260
f 2260 2146 2457
f 190 2457 2146
f 2356 2178 2177
f 2358 2357 2356
f 2357 2178 2356
f 2633 2220 2221
f 2356 2177 2220
f 2220 2177 2221
f 2221 2177 2552
f 2178 2555 2177
f 2552 2177 2555
f 2205 2394 2380
f 2379 2380 2394
f 22 2293 2292
f 2379 2394 2293
f 2293 2394 2292
f 2204 2292 2205
f 2292 2394 2205
f 2205 2380 2298
f 2205 2369 2368
f 2318 2204 2368
f 2205 2368 2204
f 21 2318 2315
f 2369 2315 2368
f 2318 2368 2315
f 2205 2298 2369
f 2322 2369 2298
f 2280 2441 2440
f 2334 2269 2441
f 2441 2269 2440
f 19 2339 2334
f 2339 2269 2334
f 2282 2441 2280
f 2280 2440 2164
f 2211 2254 2360
f 2338 2360 2254
f 2210 2360 2301
f 2338 2300 2360
f 2301 2360 2300
f 19 2338 2335
f 2211 2335 2254
f 2338 2254 2335
f 2209 2211 2210
f 2211 2360 2210
f 175 2401 2402
f 22 2412 2291
f 2402 2401 2412
f 2412 2401 2291
f 20 2326 2325
f 2291 2401 2326
f 175 2325 2401
f 2326 2401 2325
f 175 2402 2190
f 174 2463 2305
f 2462 2464 2463
f 2305 2463 2464
f 23 2274 2275
f 2462 2463 2274
f 174 2275 2463
f 2274 2463 2275
f 21 2317 2316
f 174 2305 2317
f 2464 2316 2305
f 2317 2305 2316
f 2462 2157 2464
f 2366 2038 1583
f 2366 1583 2577
f 2577 1583 2581
f 17 2415 2413
f 1583 2038 2415
f 2415 2038 2413
f 2364 2365 2366
f 2413 2038 2365
f 2365 2038 2366
f 165 2550 2549
f 2451 1923 2550
f 189 2549 1923
f 2550 1923 2549
f 14 2453 2451
f 189 1923 2453
f 2453 1923 2451
f 2451 2550 2150
f 165 2900 2550
f 2150 2550 2900
f 25 2250 2246
f 165 2549 2250
f 189 2246 2549
f 2250 2549 2246
f 167 2537 2536
f 2347 2349 2537
f 2310 2536 2349
f 2537 2349 2536
f 2309 2310 2349
f 25 2249 2247
f 2347 2537 2249
f 167 2247 2537
f 2249 2537 2247
f 27 2182 2536
f 167 2536 2182
f 2210 2301 2593
f 2677 2593 2592
f 2301 2592 2593
f 2231 2591 2355
f 2677 2592 2591
f 2591 2592 2355
f 2209 2210 2593
f 2292 2691 2393
f 2411 2393 2691
f 2155 2890 2156
f 2411 2691 2890
f 2890 2691 2156
f 2156 2691 2204
f 2204 2691 2292
f 22 2292 2393
f 2318 2316 2690
f 2464 2690 2316
f 2155 2156 2157
f 2464 2157 2690
f 2156 2690 2157
f 21 2316 2318
f 2318 2690 2204
f 2156 2204 2690
f 2841 2176 2840
f 28 2176 2841
f 2269 2339 2760
f 176 2759 2339
f 2339 2759 2760
f 176 2197 2759
f 19 2337 2339
f 176 2339 2337
f 2164 2440 2870
f 2269 2760 2440
f 2440 2760 2870
f 2681 2734 2244
f 2733 2735 2734
f 176 2244 2735
f 2734 2735 2244
f 176 2735 2197
f 2733 2195 2735
f 2197 2735 2195
f 2114 2116 2734
f 2733 2734 2116
f 19 2336 2337
f 2681 2244 2336
f 176 2337 2244
f 2336 2244 2337
f 169 2511 2510
f 17 2414 2416
f 2510 2511 2414
f 185 2416 2511
f 2414 2511 2416
f 24 2259 2256
f 185 2511 2259
f 169 2256 2511
f 2259 2511 2256
f 169 2510 2131
f 2110 2659 2882
f 2657 2882 2659
f 2881 2882 2163
f 2657 2163 2882
f 2212 2659 2214
f 2110 2214 2659
f 2881 2108 2882
f 2110 2882 2108
f 2229 2648 2649
f 2229 2649 2124
f 2212 2214 2213
f 2649 2648 2214
f 2230 2213 2648
f 2214 2648 2213
f 2231 2230 2229
f 2230 2648 2229
f 2115 2681 2680
f 2211 2680 2234
f 2681 2234 2680
f 19 2335 2336
f 2211 2234 2335
f 2681 2336 2234
f 2335 2234 2336
f 2114 2734 2115
f 2734 2681 2115
f 2209 2680 2211
f 2229 2676 2591
f 2677 2591 2676
f 2231 2229 2591
f 2676 2209 2677
f 2593 2677 2209
f 2229 2124 2676
f 231 2647 2109
f 2110 2109 2647
f 2110 2647 2214
f 2649 2214 2647
f 2649 2647 2124
f 231 2124 2647
f 2108 2109 2110
f 163 2676 2123
f 163 2123 2089
f 2089 2123 2088
f 2124 2123 2676
f 2209 2676 163
f 2115 163 226
f 2114 2115 226
f 163 2089 226
f 2209 163 2680
f 2115 2680 163
f 175 2786 2787
f 30 2075 2074
f 2786 2074 2787
f 2075 2787 2074
f 2187 2189 2190
f 175 2190 2786
f 2189 2786 2190
f 20 2325 2324
f 175 2787 2325
f 2075 2324 2787
f 2325 2787 2324
f 154 2169 2058
f 178 2058 2169
f 178 2169 2364
f 2364 2169 2361
f 2361 2169 2068
f 154 2068 2169
f 154 2058 2061
f 246 228 2881
f 2164 2162 2163
f 246 2881 2162
f 2162 2881 2163
f 2881 228 2108
f 159 2108 228
f 246 2039 228
f 159 228 2039
f 2098 2870 2869
f 2760 2758 2870
f 2870 2758 2869
f 2197 2750 2759
f 2760 2759 2758
f 2750 2758 2759
f 2164 2870 2162
f 2098 2162 2870
f 2095 2098 2869
f 2124 231 2123
f 2123 231 2088
f 252 2087 231
f 2088 231 2087
f 2108 252 2109
f 252 231 2109
f 203 2035 2781
f 157 2081 2035
f 2083 2781 2081
f 2035 2081 2781
f 2079 2083 2081
f 2187 2780 2188
f 203 2781 2780
f 2083 2188 2781
f 2780 2781 2188
f 2071 2074 2785
f 2786 2785 2074
f 30 2074 2071
f 2079 2082 2083
f 2071 2785 2082
f 2082 2785 2083
f 2187 2188 2189
f 2083 2785 2188
f 2786 2189 2785
f 2188 2785 2189
f 2075 2600 2285
f 2285 2600 2279
f 2073 2225 2600
f 2279 2600 2225
f 30 2073 2075
f 2073 2600 2075
f 20 2324 2323
f 2075 2285 2324
f 2324 2285 2323
f 165 2548 2900
f 166 2899 2548
f 282 2900 2899
f 2548 2899 2900
f 31 2053 2052
f 282 2899 2053
f 166 2052 2899
f 2053 2899 2052
f 25 2248 2250
f 166 2548 2248
f 165 2250 2548
f 2248 2548 2250
f 2150 2900 2903
f 282 2903 2900
f 166 2543 2804
f 167 2803 2543
f 162 2804 2803
f 2543 2803 2804
f 27 2181 2182
f 162 2803 2181
f 167 2182 2803
f 2181 2803 2182
f 25 2247 2248
f 167 2543 2247
f 166 2248 2543
f 2247 2543 2248
f 31 2052 2051
f 166 2804 2052
f 162 2051 2804
f 2052 2804 2051
f 2032 219 2125
f 2841 2840 219
f 2125 219 2840
f 323 219 2032
f 2028 302 2722
f 2840 2176 2722
f 2715 2722 2176
f 302 2125 2722
f 2840 2722 2125
f 160 203 2141
f 2139 2141 2780
f 203 2780 2141
f 2139 2780 2187
f 157 2035 160
f 2035 203 160
f 29 2141 2139
f 181 2145 2505
f 180 2504 2145
f 2263 2505 2504
f 2145 2504 2505
f 2261 2263 2264
f 180 2264 2504
f 2263 2504 2264
f 18 2374 2373
f 180 2145 2374
f 181 2373 2145
f 2374 2145 2373
f 32 2505 2022
f 2263 2022 2505
f 285 2833 298
f 219 298 2833
f 28 2841 2833
f 219 2833 2841
f 285 298 2005
f 323 298 219
f 2044 285 2004
f 2004 285 2005
f 28 2833 2175
f 2833 285 2175
f 2175 285 2042
f 2042 285 2044
f 159 158 252
f 159 252 2108
f 158 2087 252
f 248 246 2875
f 2095 2097 2098
f 248 2875 2097
f 2097 2875 2098
f 2098 2875 2162
f 246 2162 2875
f 248 2039 246
f 2758 2750 243
f 2196 242 2750
f 243 2750 242
f 2197 2196 2750
f 2095 2869 2096
f 2758 243 2869
f 2869 243 2096
f 243 242 2026
f 2196 2026 242
f 2609 2610 2105
f 2073 234 2610
f 2072 2105 234
f 2610 234 2105
f 30 2072 2073
f 2072 234 2073
f 2073 2610 2225
f 2072 2104 2105
f 170 2528 2529
f 168 2529 2528
f 24 2258 2255
f 168 2528 2258
f 170 2255 2528
f 2258 2528 2255
f 2261 2262 2263
f 170 2529 2262
f 2262 2529 2263
f 32 2022 2020
f 2263 2529 2022
f 168 2020 2529
f 2022 2529 2020
f 268 271 272
f 153 272 271
f 153 271 2060
f 154 2061 271
f 2060 271 2061
f 154 271 2068
f 268 2068 271
f 33 1993 1989
f 268 272 1993
f 153 1989 272
f 1993 272 1989
f 2722 2715 2904
f 2149 2028 2904
f 2722 2904 2028
f 2150 2149 2148
f 2715 2148 2904
f 2149 2904 2148
f 162 2802 284
f 2818 284 2802
f 2011 2013 2010
f 2818 2010 284
f 2013 284 2010
f 27 2180 2181
f 2818 2802 2180
f 162 2181 2802
f 2180 2802 2181
f 31 2051 2050
f 162 284 2051
f 2013 2050 284
f 2051 284 2050
f 299 2032 295
f 217 295 2032
f 2032 2125 217
f 217 302 1979
f 2028 2029 302
f 1979 302 2029
f 2125 302 217
f 321 314 313
f 2042 2044 2043
f 314 2043 313
f 2044 313 2043
f 321 2011 314
f 321 313 2003
f 2044 2004 313
f 2003 313 2004
f 2012 318 317
f 280 317 318
f 34 1976 1974
f 280 318 1976
f 2012 1974 318
f 1976 318 1974
f 2011 2012 2013
f 2012 317 2013
f 31 2050 2048
f 2013 317 2050
f 280 2048 317
f 2050 317 2048
f 304 2733 224
f 35 1967 1965
f 304 224 1967
f 331 1965 224
f 1967 224 1965
f 331 224 2114
f 2733 2116 224
f 2114 224 2116
f 304 2195 2733
f 159 2039 158
f 2039 288 158
f 2088 2087 2086
f 158 288 2087
f 2087 288 2086
f 2039 1955 288
f 1958 288 1955
f 155 265 264
f 156 264 265
f 156 265 2082
f 2071 2082 265
f 30 2071 2070
f 155 2070 265
f 2071 265 2070
f 1943 1944 1942
f 155 264 1944
f 156 1942 264
f 1944 264 1942
f 182 2135 309
f 181 308 2135
f 393 309 308
f 2135 308 309
f 32 2021 2505
f 393 308 2021
f 181 2505 308
f 2021 308 2505
f 18 2373 2372
f 181 2135 2373
f 182 2372 2135
f 2373 2135 2372
f 37 1929 1927
f 182 309 1929
f 393 1927 309
f 1929 309 1927
f 183 2126 276
f 182 275 2126
f 152 276 275
f 2126 275 276
f 37 1928 1929
f 152 275 1928
f 182 1929 275
f 1928 275 1929
f 18 2372 2371
f 182 2126 2372
f 183 2371 2126
f 2372 2126 2371
f 2061 2059 2057
f 183 276 2059
f 152 2057 276
f 2059 276 2057
f 300 2028 282
f 2149 2903 2028
f 282 2028 2903
f 31 2049 2053
f 300 282 2049
f 2049 282 2053
f 2150 2903 2149
f 406 1979 1916
f 1979 2029 1916
f 406 1978 1979
f 1916 300 1915
f 357 1915 2049
f 300 2049 1915
f 31 2048 2049
f 357 2049 2048
f 1916 2029 300
f 2028 300 2029
f 2024 2743 304
f 2196 2743 2026
f 2026 2743 2024
f 35 1966 1967
f 2024 304 1966
f 1966 304 1967
f 2197 2195 2196
f 304 2743 2195
f 2195 2743 2196
f 253 330 2113
f 331 2113 330
f 331 2114 2113
f 330 1965 331
f 253 1996 330
f 1998 330 1996
f 288 326 2086
f 2086 326 1996
f 288 1958 326
f 2034 294 293
f 2034 1909 294
f 1911 294 1909
f 2034 293 157
f 2079 2081 2080
f 157 293 2081
f 294 2080 293
f 2081 293 2080
f 2072 262 2103
f 155 263 262
f 2103 262 263
f 30 2070 2072
f 155 262 2070
f 2070 262 2072
f 2072 2103 2104
f 155 1944 263
f 2017 2020 1935
f 168 2527 2020
f 1935 2020 2527
f 32 2020 2017
f 2017 1935 1936
f 24 2257 2258
f 168 2258 2527
f 2257 2527 2258
f 323 299 1922
f 1922 299 1987
f 2032 299 323
f 1920 323 1922
f 1985 1987 295
f 299 295 1987
f 280 356 357
f 280 1976 356
f 357 2048 280
f 356 1914 357
f 1915 357 1914
f 414 1909 1897
f 2034 1897 1909
f 330 1998 361
f 1998 1874 361
f 35 1965 1963
f 330 361 1965
f 1965 361 1963
f 1998 1997 1872
f 1996 1997 1998
f 1998 1872 1874
f 1901 1904 1903
f 1872 1997 1904
f 1904 1997 1903
f 1997 326 1903
f 326 372 1903
f 1955 1956 1958
f 326 1958 372
f 1956 372 1958
f 1996 326 1997
f 1901 1903 1902
f 372 1902 1903
f 1910 410 1911
f 294 1911 410
f 294 410 2080
f 38 2079 410
f 2080 410 2079
f 1910 1867 410
f 38 410 1867
f 1909 1910 1911
f 259 419 420
f 420 419 1868
f 1868 419 38
f 38 419 2079
f 259 2078 419
f 2079 419 2078
f 259 420 1890
f 1890 420 1889
f 263 378 237
f 144 379 378
f 2101 237 379
f 378 379 237
f 36 1952 1949
f 2101 379 1952
f 144 1949 379
f 1952 379 1949
f 144 378 1943
f 263 1944 378
f 1943 378 1944
f 2104 2103 2101
f 263 237 2103
f 2103 237 2101
f 2527 2519 208
f 169 208 2519
f 24 2256 2257
f 169 2519 2256
f 2527 2257 2519
f 2256 2519 2257
f 1936 1935 1932
f 2527 208 1935
f 1935 208 1932
f 1932 208 2130
f 169 2131 208
f 2130 208 2131
f 1857 2002 403
f 324 403 2002
f 2004 2002 2001
f 1857 2001 2002
f 1854 1857 403
f 324 1920 403
f 1856 352 351
f 1854 1856 1857
f 1856 351 1857
f 1857 351 2001
f 352 2001 351
f 34 1975 1972
f 1856 1972 352
f 1975 352 1972
f 352 322 321
f 34 1974 1975
f 2012 322 1974
f 352 1975 322
f 1974 322 1975
f 2004 2001 2003
f 352 321 2001
f 2001 321 2003
f 321 322 2011
f 2011 322 2012
f 356 355 1914
f 34 1973 1976
f 356 1976 355
f 1973 355 1976
f 1914 355 1852
f 1914 1852 406
f 1915 1914 1916
f 1914 406 1916
f 1852 1978 406
f 146 427 428
f 1878 1883 1879
f 146 1879 427
f 1883 427 1879
f 1955 1957 1956
f 146 428 1957
f 1846 1956 428
f 1957 428 1956
f 1842 1846 1843
f 427 1843 428
f 1846 428 1843
f 1882 2096 303
f 243 303 2096
f 1882 2095 2096
f 2025 1878 303
f 1882 303 1878
f 243 2026 303
f 2025 303 2026
f 372 1956 1902
f 1846 1845 1956
f 1902 1956 1845
f 1842 1845 1846
f 1987 346 400
f 1921 400 1831
f 346 1829 400
f 1831 400 1829
f 1985 1986 1987
f 1986 346 1987
f 1920 1922 1921
f 1987 400 1922
f 1922 400 1921
f 375 1823 1896
f 1823 1822 414
f 414 1822 1909
f 1909 1822 1908
f 469 1822 1823
f 1823 414 1896
f 1896 414 1897
f 1863 436 1860
f 151 307 436
f 1860 436 307
f 40 1820 1815
f 151 436 1820
f 1863 1815 436
f 1820 436 1815
f 1861 1863 1860
f 32 2019 2018
f 151 2018 307
f 2019 307 2018
f 402 1921 1806
f 1806 1921 1830
f 1830 1921 1831
f 402 1920 1921
f 402 1806 1810
f 403 402 438
f 403 1920 402
f 1809 1854 438
f 403 438 1854
f 402 1810 438
f 1809 438 1810
f 1842 1844 1845
f 1902 1845 453
f 1844 453 1845
f 499 1901 453
f 1902 453 1901
f 41 499 1801
f 499 453 1801
f 145 460 1951
f 460 1791 1951
f 39 1840 1835
f 145 1835 460
f 1840 460 1835
f 36 1951 1950
f 1791 1950 1951
f 1791 469 375
f 375 469 1823
f 1792 469 1791
f 1791 375 1950
f 474 393 392
f 40 1819 1820
f 474 392 1819
f 151 1820 392
f 1819 392 1820
f 32 2018 2021
f 151 392 2018
f 393 2021 392
f 2018 392 2021
f 37 1927 1925
f 474 1925 393
f 1927 393 1925
f 1851 444 1852
f 1852 444 1978
f 1978 444 1977
f 1977 444 1789
f 1855 1783 440
f 1971 440 1783
f 34 1972 1971
f 1856 440 1972
f 1972 440 1971
f 1779 1783 1781
f 1855 1781 1783
f 1854 1855 1856
f 1855 440 1856
f 355 1973 1850
f 1971 1782 1973
f 1973 1782 1850
f 1779 1782 1783
f 1971 1783 1782
f 34 1971 1973
f 1852 355 1850
f 1788 1984 1977
f 344 1977 1984
f 1978 1977 344
f 344 1984 1985
f 1786 1788 1789
f 1788 1977 1789
f 429 1873 1775
f 1873 501 1775
f 1873 1797 501
f 501 1772 1775
f 1796 1798 499
f 499 1798 1901
f 1797 1798 1796
f 41 1802 499
f 1796 499 1802
f 540 433 1760
f 1910 433 1867
f 540 1867 433
f 540 1760 1759
f 1909 1908 1910
f 1760 433 1908
f 1908 433 1910
f 462 1888 141
f 420 141 1888
f 420 1888 1889
f 462 141 1753
f 420 1868 141
f 147 366 1881
f 148 1749 366
f 1880 1881 1749
f 366 1749 1881
f 148 1747 1749
f 35 1964 1961
f 148 366 1964
f 147 1961 366
f 1964 366 1961
f 1878 1881 1880
f 361 429 1963
f 430 1963 429
f 35 1963 1962
f 430 1962 1963
f 1772 1774 1775
f 429 1775 430
f 1774 430 1775
f 361 1874 429
f 1873 429 1874
f 1822 472 1908
f 1760 1908 472
f 469 472 1822
f 139 463 462
f 1886 424 463
f 463 424 462
f 1889 1888 1886
f 462 424 1888
f 1888 424 1886
f 39 1839 1834
f 1886 463 1839
f 139 1834 463
f 1839 463 1834
f 1753 1754 462
f 139 462 1754
f 1808 1781 489
f 1855 489 1781
f 1809 489 1854
f 1854 489 1855
f 1779 1781 1780
f 1808 1780 1781
f 1810 1808 1809
f 1808 489 1809
f 444 1851 508
f 1786 1789 1785
f 444 508 1789
f 1789 508 1785
f 1785 508 1728
f 513 580 514
f 43 1726 1723
f 514 580 1726
f 1726 580 1723
f 1723 580 589
f 589 580 513
f 513 514 1787
f 1787 514 1786
f 514 1726 1788
f 1725 1788 1726
f 43 1725 1726
f 514 1788 1786
f 1985 1984 1986
f 1725 1986 1788
f 1984 1788 1986
f 427 1883 448
f 1880 447 1883
f 448 1883 447
f 1878 1880 1883
f 427 448 1843
f 1747 1748 1749
f 448 447 1748
f 1880 1749 447
f 1748 447 1749
f 430 1774 362
f 550 526 1774
f 148 362 526
f 1774 526 362
f 148 526 1747
f 550 1745 526
f 1747 526 1745
f 1772 1773 1774
f 550 1774 1773
f 35 1962 1964
f 430 362 1962
f 148 1964 362
f 1962 362 1964
f 453 1844 497
f 495 497 496
f 1844 496 497
f 1709 1711 1710
f 495 496 1711
f 1711 496 1710
f 496 1844 1842
f 453 497 1801
f 495 1801 497
f 501 1762 524
f 501 524 1772
f 1772 524 1771
f 1763 1766 1762
f 524 1762 1766
f 501 1797 1762
f 1759 1760 537
f 472 537 1760
f 472 1706 537
f 467 574 575
f 574 1666 575
f 467 1724 574
f 1831 1829 1828
f 467 575 1829
f 1829 575 1828
f 346 467 1829
f 43 1724 1725
f 1724 467 1725
f 1725 467 1986
f 346 1986 467
f 496 449 1710
f 448 1748 449
f 1746 1710 1748
f 449 1748 1710
f 1747 1746 1748
f 448 449 1843
f 496 1842 449
f 1843 449 1842
f 1709 1710 1708
f 1746 1708 1710
f 1658 1661 1711
f 601 495 1661
f 1661 495 1711
f 41 1801 1799
f 601 1799 495
f 1801 495 1799
f 45 1661 1658
f 1658 1711 1709
f 534 536 535
f 524 535 536
f 524 536 1771
f 1649 1771 536
f 1647 1649 1648
f 534 1648 536
f 1649 536 1648
f 534 535 1766
f 524 1766 535
f 630 506 1641
f 503 1792 506
f 503 506 1706
f 1706 506 630
f 537 1705 644
f 655 644 1705
f 1696 1699 1698
f 655 1698 644
f 1699 644 1698
f 537 1706 1705
f 1699 1759 644
f 537 644 1759
f 1866 1691 543
f 546 543 1691
f 546 1691 1695
f 38 1866 1868
f 141 1868 543
f 1866 543 1868
f 141 543 1753
f 546 1753 543
f 142 398 397
f 150 338 398
f 149 397 338
f 398 338 397
f 33 1992 1990
f 149 338 1992
f 150 1990 338
f 1992 338 1990
f 1673 1675 1671
f 150 398 1675
f 142 1671 398
f 1675 398 1671
f 37 1926 1924
f 142 397 1926
f 149 1924 397
f 1926 397 1924
f 1786 1785 1787
f 1785 570 1787
f 1632 1634 1636
f 1634 570 1636
f 1636 570 1728
f 1785 1728 570
f 575 1668 466
f 46 1631 1630
f 466 1668 1631
f 1631 1668 1630
f 1666 1668 575
f 575 466 1828
f 41 1800 1802
f 532 1802 531
f 1800 531 1802
f 532 531 1714
f 1800 1714 531
f 1752 546 678
f 546 1695 678
f 1694 678 1695
f 1753 546 1752
f 47 1623 1622
f 1752 678 1623
f 1694 1622 678
f 1623 678 1622
f 517 567 1780
f 521 1779 567
f 1780 567 1779
f 521 567 1728
f 48 1607 517
f 1607 567 517
f 567 806 807
f 567 807 1728
f 1636 1728 807
f 1632 1636 1635
f 806 1635 807
f 1636 807 1635
f 567 1607 806
f 886 534 1603
f 1765 1603 534
f 1763 1765 1766
f 1765 534 1766
f 886 1648 534
f 1765 1602 1603
f 1800 1799 1713
f 1660 1713 601
f 1799 601 1713
f 45 1660 1661
f 1660 601 1661
f 41 1799 1800
f 1800 1713 1714
f 1592 753 1660
f 1593 1594 1592
f 1594 753 1592
f 45 1659 1660
f 1592 1660 1659
f 1714 1713 1594
f 1660 753 1713
f 1713 753 1594
f 1704 1582 655
f 939 655 1582
f 1706 1704 1705
f 1704 655 1705
f 939 1698 655
f 340 552 553
f 33 1991 1988
f 333 552 1991
f 340 1988 552
f 1991 552 1988
f 42 1740 1739
f 340 553 1740
f 1740 553 1739
f 1565 1568 1567
f 553 552 1568
f 333 1567 552
f 1568 552 1567
f 564 517 518
f 1810 1807 1808
f 564 518 1807
f 1807 518 1808
f 1808 518 1780
f 517 1780 518
f 48 517 1606
f 564 1606 517
f 1807 1730 564
f 1807 487 1730
f 1730 1606 564
f 806 867 868
f 806 868 1635
f 1558 1635 868
f 1554 1558 1557
f 867 1557 868
f 1558 868 1557
f 48 867 1607
f 806 1607 867
f 466 561 562
f 487 562 561
f 466 1631 561
f 1831 1828 1830
f 466 562 1828
f 487 1830 562
f 1828 562 1830
f 570 1634 513
f 570 513 1787
f 1034 574 735
f 1034 735 1551
f 43 735 1724
f 574 1724 735
f 1034 1666 574
f 1627 1630 812
f 1668 1667 1630
f 812 1630 1667
f 46 1630 1627
f 1627 812 1547
f 1666 1667 1668
f 897 596 532
f 50 1539 1537
f 897 1537 596
f 1539 596 1537
f 897 532 1714
f 532 596 1764
f 1539 1763 596
f 1764 596 1763
f 765 612 1533
f 1532 1533 1645
f 612 1645 1533
f 1532 1645 1647
f 1709 1708 1707
f 765 1707 612
f 1708 612 1707
f 1530 1533 1532
f 1589 932 1588
f 1706 630 1704
f 630 932 1704
f 1704 932 1582
f 1589 1582 932
f 932 630 785
f 1587 785 1640
f 630 1641 785
f 1640 785 1641
f 932 785 1588
f 1588 785 1587
f 837 839 838
f 1694 1693 839
f 838 839 1693
f 47 1622 1620
f 1694 839 1622
f 837 1620 839
f 1622 839 1620
f 837 838 1577
f 1695 1693 1694
f 1737 1739 705
f 553 704 1739
f 982 705 704
f 1739 704 705
f 982 704 1568
f 553 1568 704
f 42 1739 1737
f 44 1686 1685
f 1737 705 1686
f 982 1685 705
f 1686 705 1685
f 150 1675 333
f 1674 1567 1675
f 333 1675 1567
f 1673 1674 1675
f 33 1990 1991
f 150 333 1990
f 1990 333 1991
f 1674 1565 1567
f 475 477 726
f 40 1818 1816
f 475 1816 477
f 1818 477 1816
f 475 726 1673
f 1673 726 1670
f 52 1514 1002
f 1670 726 1514
f 477 1002 726
f 1514 726 1002
f 1018 1556 825
f 867 1605 1556
f 825 1556 1605
f 1554 1557 1556
f 867 1556 1557
f 1018 825 1629
f 48 1605 867
f 1539 1538 873
f 1599 873 1538
f 1765 873 1602
f 1602 873 1599
f 50 1538 1539
f 1539 873 1763
f 1763 873 1765
f 47 1621 1619
f 780 1619 845
f 1621 845 1619
f 780 845 1640
f 1587 1640 845
f 1588 1587 917
f 1587 845 917
f 957 672 665
f 1695 1692 1693
f 665 672 1692
f 838 1693 672
f 1692 672 1693
f 49 1577 1575
f 838 672 1577
f 957 1575 672
f 1577 672 1575
f 957 665 1697
f 1504 837 965
f 49 1576 1577
f 837 1577 965
f 1576 965 1577
f 1504 1620 837
f 1576 1502 965
f 1504 965 1502
f 1566 1525 982
f 1526 703 1525
f 982 1525 703
f 1524 1526 1525
f 1565 1566 1568
f 1566 982 1568
f 44 1685 1684
f 982 703 1685
f 1526 1684 703
f 1685 703 1684
f 1566 981 980
f 1673 1672 1674
f 980 981 1672
f 1672 981 1674
f 1674 981 1565
f 1565 981 1566
f 1524 1525 1522
f 1566 980 1525
f 1525 980 1522
f 1634 1633 1719
f 1508 1719 1633
f 1634 1719 513
f 1507 1719 1508
f 1632 1633 1634
f 1475 897 1591
f 897 1594 1591
f 897 1714 1594
f 1475 1537 897
f 1593 1591 1594
f 1068 887 886
f 1530 1532 1531
f 1068 1531 887
f 1532 887 1531
f 1602 1601 1603
f 1068 886 1601
f 1601 886 1603
f 886 887 1648
f 1532 1647 887
f 1648 887 1647
f 1174 1068 1489
f 1600 1489 1601
f 1068 1601 1489
f 1602 1600 1601
f 1174 1531 1068
f 1487 1489 1488
f 1600 1488 1489
f 1837 457 780
f 140 1619 457
f 457 1619 780
f 47 1619 1618
f 140 1618 1619
f 39 1838 1837
f 140 457 1838
f 1838 457 1837
f 1837 780 1640
f 926 1479 945
f 1581 945 1479
f 1581 1479 1481
f 1588 1586 1589
f 926 945 1586
f 1586 945 1589
f 1589 945 1582
f 1582 945 1581
f 845 1621 917
f 1504 1503 1621
f 1621 1503 917
f 1502 1503 1504
f 47 1620 1621
f 1504 1621 1620
f 812 1034 1547
f 1033 1546 1034
f 1547 1034 1546
f 1033 1034 1551
f 812 1667 1034
f 1666 1034 1667
f 1600 1060 1488
f 1484 1488 1060
f 50 1536 1538
f 1484 1060 1536
f 1599 1538 1060
f 1536 1060 1538
f 1602 1599 1600
f 1599 1060 1600
f 1487 1488 1484
f 1191 1187 1186
f 1191 940 1187
f 1191 1186 1480
f 1581 1481 1186
f 1480 1186 1481
f 1582 1581 939
f 1187 939 1186
f 1581 1186 939
f 1187 940 939
f 939 940 1698
f 1469 1696 940
f 1698 940 1696
f 1467 1469 940
f 1512 1110 1523
f 1109 1111 1110
f 1110 1111 1523
f 1460 1462 1459
f 1109 1459 1111
f 1462 1111 1459
f 52 1513 1512
f 1109 1110 1513
f 1513 1110 1512
f 1512 1523 1524
f 1111 1462 1075
f 1461 1075 1462
f 44 1684 1681
f 1526 1075 1684
f 1461 1681 1075
f 1684 1075 1681
f 1460 1461 1462
f 1524 1523 1526
f 1111 1075 1523
f 1523 1075 1526
f 852 1097 1098
f 1518 1098 1097
f 51 1520 1518
f 1520 1098 1518
f 1518 1097 1455
f 1612 1613 1611
f 852 1098 1613
f 1520 1611 1098
f 1613 1098 1611
f 484 485 990
f 51 990 1517
f 485 1517 990
f 40 1817 1818
f 484 1818 485
f 1817 485 1818
f 484 990 1561
f 136 1045 1033
f 1045 1544 1033
f 1033 1544 1546
f 53 1498 1492
f 136 1492 1045
f 1498 1045 1492
f 136 1033 1551
f 1437 1181 926
f 1437 926 1586
f 1481 1479 1478
f 926 1181 1479
f 1479 1181 1478
f 54 1438 1437
f 1478 1181 1438
f 1438 1181 1437
f 1237 852 711
f 852 1613 711
f 711 1613 1612
f 1237 1097 852
f 44 1683 1680
f 1237 711 1683
f 1683 711 1680
f 1507 1509 1423
f 1133 1314 1509
f 1423 1509 1314
f 1507 1423 1428
f 1417 1418 1133
f 1418 1314 1133
f 1006 1133 1633
f 1006 1633 1632
f 1507 1508 1509
f 1633 1133 1508
f 1508 1133 1509
f 1417 1133 137
f 1006 137 1133
f 1412 1018 1017
f 1412 1554 1018
f 1556 1018 1554
f 55 1412 1411
f 1412 1017 1411
f 46 1628 1629
f 1411 1017 1628
f 1018 1629 1017
f 1628 1017 1629
f 1218 957 956
f 1469 956 1696
f 957 1697 956
f 1696 956 1697
f 49 1575 1574
f 1218 1574 957
f 1575 957 1574
f 1467 1468 1469
f 1218 956 1468
f 1468 956 1469
f 1502 1289 1503
f 917 1503 1138
f 1289 1138 1503
f 1588 917 1586
f 1437 1586 1138
f 917 1138 1586
f 54 1437 1433
f 1437 1138 1433
f 1627 1545 1628
f 1337 1410 1545
f 1411 1628 1410
f 1545 1410 1628
f 55 1411 1410
f 1546 1545 1547
f 1627 1547 1545
f 46 1627 1628
f 1474 1475 1355
f 1475 1205 1355
f 1405 1406 1590
f 1406 1205 1590
f 1590 1205 1593
f 1475 1591 1205
f 1593 1205 1591
f 1205 1406 1355
f 1391 1474 1355
f 1390 1391 1378
f 1406 1378 1355
f 1391 1355 1378
f 1401 1399 1561
f 1511 1002 1399
f 1399 1002 1561
f 52 1002 1511
f 1371 1372 1683
f 1453 1237 1372
f 1372 1237 1683
f 1455 1097 1453
f 1097 1237 1453
f 1369 1372 1371
f 44 1682 1683
f 1371 1683 1682
f 990 1519 1401
f 1400 1401 1519
f 1399 1401 1400
f 51 1519 990
f 990 1401 1561
f 1045 1160 1044
f 1361 1363 1160
f 1044 1160 1363
f 53 1497 1498
f 1361 1160 1497
f 1045 1498 1160
f 1497 1160 1498
f 1546 1544 1543
f 1045 1044 1544
f 1544 1044 1543
f 1360 1363 1361
f 1510 1337 1336
f 1546 1543 1545
f 1044 1336 1543
f 1337 1545 1336
f 1543 1336 1545
f 55 1410 1409
f 1510 1409 1337
f 1410 1337 1409
f 1360 1362 1363
f 1510 1336 1362
f 1044 1363 1336
f 1362 1336 1363
f 137 1010 1324
f 137 1555 1010
f 137 1324 1417
f 1358 1324 1359
f 1010 1359 1324
f 1408 1175 1174
f 1384 1386 1385
f 1408 1385 1175
f 1386 1175 1385
f 1408 1174 1487
f 1487 1174 1489
f 1174 1175 1531
f 1386 1530 1175
f 1531 1175 1530
f 1354 1405 1349
f 1349 1405 1447
f 1354 1349 1377
f 1377 1349 1560
f 1405 1441 1447
f 1552 1378 1377
f 1406 1354 1378
f 1378 1354 1377
f 1405 1354 1406
f 1461 1228 690
f 1371 690 1228
f 1369 1371 1370
f 1371 1228 1370
f 1370 1228 1460
f 1460 1228 1461
f 44 1681 1682
f 1461 690 1681
f 1371 1682 690
f 1681 690 1682
f 1367 1400 135
f 1367 1399 1400
f 1365 1367 135
f 51 1090 1519
f 135 1400 1090
f 1090 1400 1519
f 1335 1476 1368
f 1334 1476 1335
f 1335 1368 1395
f 1365 1366 1490
f 1368 1476 1366
f 1366 1476 1490
f 1324 1528 1417
f 1417 1528 1416
f 1416 1528 1328
f 1328 1528 1527
f 1527 1528 1358
f 1358 1528 1324
f 1194 1474 1396
f 1396 1474 1390
f 1390 1474 1391
f 1352 1353 1351
f 1194 1396 1353
f 1353 1396 1351
f 1414 1219 1218
f 138 955 1219
f 1219 955 1218
f 49 1574 1573
f 1218 955 1574
f 138 1573 955
f 1574 955 1573
f 56 1429 1381
f 138 1219 1429
f 1414 1381 1219
f 1429 1219 1381
f 1414 1218 1468
f 1458 1459 1341
f 134 1341 1109
f 1459 1109 1341
f 134 1109 1513
f 1460 1459 1458
f 1342 1344 1341
f 1458 1341 1344
f 1249 1454 1395
f 1395 1454 1335
f 1455 1454 1249
f 1334 1335 1604
f 1454 1604 1335
f 1596 1472 1471
f 133 1452 1472
f 1453 1471 1452
f 1472 1452 1471
f 1455 1453 1452
f 1338 133 1472
f 1369 1470 1372
f 1596 1471 1470
f 1453 1372 1471
f 1470 1471 1372
f 1500 1483 1482
f 1367 1482 1398
f 1483 1398 1482
f 1367 1398 1399
f 1342 1364 1579
f 1500 1579 1483
f 1364 1483 1579
f 1365 1482 1367
f 1124 1507 1494
f 1153 1494 1427
f 1507 1427 1494
f 1507 1428 1427
f 53 1496 1494
f 1124 1494 1496
f 138 1429 974
f 1382 1430 1429
f 1429 1430 974
f 1382 1376 1430
f 56 1382 1429
f 49 1573 1572
f 138 974 1573
f 1573 974 1572
f 1436 1449 1434
f 1309 1450 1449
f 1434 1449 1450
f 1309 1449 1376
f 54 1436 1434
f 57 1313 1309
f 1313 1450 1309
f 1716 1303 1283
f 1477 1283 1303
f 1477 1303 1306
f 54 1435 1438
f 1716 1283 1435
f 1478 1438 1283
f 1435 1283 1438
f 1481 1478 1477
f 1478 1283 1477
f 1300 1465 1570
f 1463 1569 1465
f 1465 1569 1570
f 1463 1343 1569
f 1300 1369 1465
f 1299 1300 1570
f 1458 1463 1464
f 1342 1343 1344
f 1458 1344 1463
f 1343 1463 1344
f 1370 1460 1464
f 1458 1464 1460
f 1369 1370 1465
f 1463 1465 1464
f 1370 1464 1465
f 1339 1604 133
f 1604 1454 133
f 1455 1452 1454
f 133 1454 1452
f 1339 1334 1604
f 1338 1339 133
f 1281 1637 1527
f 1811 1527 1637
f 1328 1527 1811
f 1282 1637 1281
f 1281 1527 1358
f 1346 1347 1277
f 1347 1276 1277
f 1346 1277 1359
f 1359 1277 1358
f 129 1408 1407
f 1323 1407 1486
f 1408 1487 1407
f 1486 1407 1487
f 129 1385 1408
f 1322 129 1323
f 129 1407 1323
f 1323 1170 1549
f 1321 1549 1352
f 1170 1350 1549
f 1352 1549 1350
f 1487 1485 1486
f 1323 1486 1170
f 1485 1170 1486
f 1322 1323 1321
f 1323 1549 1321
f 1540 1392 1832
f 1540 1832 1274
f 1270 1272 1832
f 1274 1832 1272
f 1267 1270 1269
f 1392 1269 1832
f 1270 1832 1269
f 1540 1389 1392
f 126 1541 1540
f 126 1540 1274
f 1540 1541 1389
f 1396 1390 1541
f 1389 1541 1390
f 1352 1351 1548
f 1396 1541 1351
f 126 1548 1541
f 1351 1541 1548
f 1260 1662 129
f 1260 129 1322
f 129 1662 1385
f 1262 1384 1662
f 1385 1662 1384
f 59 1262 1260
f 1262 1662 1260
f 1262 1403 1402
f 132 1264 1403
f 1403 1264 1402
f 1441 1446 1444
f 132 1444 1264
f 1446 1264 1444
f 59 1261 1262
f 132 1403 1261
f 1261 1403 1262
f 1262 1402 1384
f 131 1559 1271
f 1562 1560 1559
f 1349 1271 1560
f 1559 1560 1271
f 1377 1560 1562
f 60 1257 1256
f 1562 1559 1257
f 131 1256 1559
f 1257 1559 1256
f 1441 1445 1447
f 131 1271 1445
f 1349 1447 1271
f 1445 1271 1447
f 1553 1251 1853
f 1390 1553 1389
f 1392 1389 1853
f 1553 1853 1389
f 1392 1853 1269
f 1742 1596 1595
f 1300 1595 1470
f 1596 1470 1595
f 1300 1470 1369
f 1338 1472 1742
f 1472 1596 1742
f 1299 1595 1300
f 1515 1506 1505
f 1361 1159 1506
f 1506 1159 1505
f 53 1495 1497
f 1505 1159 1495
f 1361 1497 1159
f 1495 1159 1497
f 1360 1361 1506
f 58 1767 1293
f 1515 1505 1767
f 1767 1505 1293
f 1505 1153 1301
f 58 1293 1290
f 1505 1301 1293
f 1293 1301 1290
f 1428 1426 1427
f 1290 1301 1426
f 1153 1427 1301
f 1426 1301 1427
f 53 1494 1495
f 1505 1495 1153
f 1494 1153 1495
f 1847 1849 1848
f 1650 1848 1849
f 1650 1849 1651
f 1260 1322 1849
f 1651 1849 1322
f 59 1260 1876
f 1847 1876 1849
f 1260 1849 1876
f 1272 1273 1848
f 1847 1848 1273
f 132 1891 1258
f 131 1258 1892
f 1891 1892 1258
f 60 1256 1254
f 131 1892 1256
f 1891 1254 1892
f 1256 1892 1254
f 132 1261 1891
f 1441 1444 1445
f 132 1258 1444
f 131 1445 1258
f 1444 1258 1445
f 128 1414 1413
f 1319 1677 1317
f 128 1413 1677
f 1677 1413 1317
f 1317 1413 1467
f 1414 1468 1413
f 1467 1413 1468
f 56 1381 1379
f 128 1379 1414
f 1381 1414 1379
f 2008 1743 1742
f 125 1742 1743
f 1338 1742 125
f 2008 1236 1743
f 1299 1741 1595
f 2008 1742 1741
f 1741 1742 1595
f 1231 1733 1756
f 1732 1755 1733
f 1733 1755 1756
f 1732 1297 1755
f 1231 1299 1733
f 1229 1231 1756
f 1824 1409 1510
f 1347 1409 1276
f 1824 1276 1409
f 1824 1510 1362
f 55 1409 1347
f 1321 1548 1651
f 126 1650 1548
f 1651 1548 1650
f 1321 1352 1548
f 1322 1321 1651
f 1272 1848 1274
f 126 1274 1650
f 1848 1650 1274
f 1244 1721 1720
f 124 1689 1721
f 1721 1689 1720
f 1319 1320 1318
f 1720 1689 1320
f 124 1318 1689
f 1320 1689 1318
f 61 1248 1244
f 124 1721 1248
f 1248 1721 1244
f 1244 1720 1305
f 130 1294 1712
f 1450 1712 1294
f 54 1434 1432
f 1450 1294 1434
f 130 1432 1294
f 1434 1294 1432
f 1240 1242 1241
f 130 1712 1242
f 1312 1241 1712
f 1242 1712 1241
f 57 1312 1313
f 1450 1313 1712
f 1312 1712 1313
f 1231 2007 1741
f 2006 2008 2007
f 1741 2007 2008
f 1229 2007 1231
f 1231 1741 1299
f 2006 1234 2008
f 1236 2008 1234
f 1348 1931 1563
f 1250 1563 1931
f 1377 1348 1563
f 1348 1223 1931
f 1348 1562 1905
f 1377 1562 1348
f 1348 1905 1223
f 1255 1220 1905
f 1223 1905 1220
f 60 1255 1257
f 1562 1257 1905
f 1255 1905 1257
f 1476 1615 1490
f 1615 1616 1490
f 1215 1217 2055
f 1615 2055 1616
f 1217 1616 2055
f 1334 1614 1476
f 1614 1615 1476
f 1616 1365 1490
f 1292 1768 1767
f 1227 1515 1768
f 1768 1515 1767
f 1227 1360 1515
f 1506 1515 1360
f 1226 1227 1768
f 58 1292 1767
f 127 1701 1440
f 2099 1702 1701
f 1440 1701 1702
f 127 1204 1701
f 56 1380 1439
f 127 1440 1380
f 1702 1439 1440
f 1380 1440 1439
f 2099 1311 1702
f 123 1678 1677
f 127 1419 1678
f 128 1677 1419
f 1678 1419 1677
f 56 1379 1380
f 128 1419 1379
f 127 1380 1419
f 1379 1419 1380
f 127 1678 1204
f 123 1203 1678
f 1204 1678 1203
f 123 1677 1319
f 1332 1625 1624
f 1624 1625 1338
f 1338 1625 1339
f 1339 1625 1334
f 1334 1625 1332
f 1259 1876 1875
f 1871 1875 1847
f 1876 1847 1875
f 1871 1847 1273
f 59 1876 1259
f 1259 1875 1189
f 1188 1871 1870
f 1267 1268 1270
f 1188 1870 1268
f 1268 1870 1270
f 1270 1870 1272
f 1871 1273 1870
f 1272 1870 1273
f 1189 1875 1188
f 1875 1871 1188
f 123 1676 1954
f 124 1953 1676
f 121 1954 1953
f 1676 1953 1954
f 61 1247 1248
f 121 1953 1247
f 124 1248 1953
f 1247 1953 1248
f 124 1676 1318
f 123 1319 1676
f 1318 1676 1319
f 1204 1203 1202
f 123 1954 1203
f 121 1202 1954
f 1203 1954 1202
f 1624 125 1994
f 1624 1338 125
f 1190 1624 1994
f 1236 1235 1743
f 125 1743 1994
f 1235 1994 1743
f 2063 2015 2014
f 1756 2014 2015
f 1229 1756 2015
f 2063 2014 1216
f 1298 1216 2014
f 1297 1298 1755
f 1756 1755 2014
f 1298 2014 1755
f 1891 1898 1899
f 63 2206 1180
f 1899 1898 2206
f 2173 1180 1898
f 2206 1898 1180
f 59 1884 1261
f 2173 1898 1884
f 1891 1261 1898
f 1884 1898 1261
f 1891 1899 1254
f 1190 1994 2158
f 1994 2159 2158
f 1171 2226 2216
f 1999 2216 2159
f 2226 2159 2216
f 1999 2159 1235
f 1994 1235 2159
f 1821 1825 1826
f 1826 1825 1276
f 1821 1282 1825
f 1931 2045 1930
f 1220 1222 1223
f 1931 1223 2045
f 1222 2045 1223
f 1931 1930 1250
f 1250 1930 1251
f 1930 2045 1164
f 1222 1162 2045
f 1164 2045 1162
f 1188 1869 2166
f 2166 1869 2165
f 1267 1864 1268
f 1188 1268 1869
f 1864 1869 1268
f 1189 1188 2166
f 64 1158 1157
f 1869 1157 2165
f 1158 2165 1157
f 1259 2172 1884
f 2171 2173 2172
f 1884 2172 2173
f 1259 1189 2172
f 59 1259 1884
f 63 1180 1178
f 2171 1178 2173
f 1180 2173 1178
f 2313 1981 1980
f 1152 2313 2304
f 2313 1980 2304
f 57 1310 1312
f 1980 1981 1310
f 1310 1981 1312
f 1312 1981 1241
f 2313 1241 1981
f 118 2100 2099
f 2099 2100 1700
f 118 1149 2100
f 1204 118 1701
f 118 2099 1701
f 57 1311 1700
f 2099 1700 1311
f 1225 2031 2030
f 1776 2030 2031
f 58 1291 1292
f 1776 2031 1291
f 1291 2031 1292
f 1226 1768 1225
f 1292 2031 1768
f 1768 2031 1225
f 1185 2184 1794
f 1225 2030 2184
f 1776 1794 2030
f 2184 2030 1794
f 2448 1282 1821
f 66 1132 1131
f 2448 1821 1132
f 1132 1821 1131
f 1131 1821 1226
f 1226 1821 1826
f 1168 2207 2206
f 1899 2206 2207
f 60 1254 1253
f 1899 2207 1254
f 1169 1253 2207
f 1254 2207 1253
f 1167 1169 1168
f 1169 2207 1168
f 63 1179 2206
f 1168 2206 1179
f 1869 1864 2277
f 1858 2276 1864
f 2277 1864 2276
f 1858 1864 1267
f 64 1157 2277
f 1869 2277 1157
f 1162 1163 1164
f 1858 1164 2276
f 1163 2276 1164
f 1853 1251 1858
f 1930 1164 1251
f 1858 1251 1164
f 1853 1858 1269
f 1269 1858 1267
f 1148 2304 2303
f 1980 2303 2304
f 1152 2304 2331
f 1148 2331 2304
f 1146 1148 1149
f 2100 1149 2303
f 1148 2303 1149
f 57 1700 1310
f 2100 2303 1700
f 1980 1310 2303
f 1700 2303 1310
f 1122 2314 2313
f 67 2111 1122
f 2111 2314 1122
f 1122 2313 1152
f 2314 1240 2313
f 1241 2313 1240
f 2314 2111 2112
f 1198 2112 2111
f 1197 1969 1198
f 120 2112 1969
f 1969 2112 1198
f 67 1123 2111
f 1198 2111 1123
f 2314 2112 1240
f 120 1239 2112
f 1240 2112 1239
f 1096 2217 2385
f 1173 2385 2217
f 1171 1173 1172
f 1173 2217 1172
f 1096 1144 2217
f 1095 1096 2385
f 2134 2064 2063
f 1102 1104 1103
f 2134 1103 2064
f 1104 2064 1103
f 1215 2062 1216
f 2134 2063 2062
f 2062 2063 1216
f 2063 2064 2015
f 1104 1229 2064
f 2015 2064 1229
f 2410 2091 2090
f 62 1211 1206
f 2410 2090 1211
f 1211 2090 1206
f 2090 2091 1288
f 1137 1287 2091
f 1288 2091 1287
f 1134 1137 1135
f 2410 1135 2091
f 1137 2091 1135
f 2191 2193 2192
f 1286 2192 2193
f 1137 2192 1287
f 1287 2192 1286
f 1286 2193 1185
f 1134 1136 1137
f 2191 2192 1136
f 1136 2192 1137
f 1225 2184 2185
f 117 2185 2184
f 66 1131 1130
f 117 1130 2185
f 1131 2185 1130
f 1185 1184 2184
f 117 2184 1184
f 1131 1226 2185
f 1225 2185 1226
f 2558 2144 2151
f 2142 2151 2144
f 2558 1193 2144
f 69 1108 1106
f 2558 2151 1108
f 1108 2151 1106
f 1106 2151 1190
f 2142 1190 2151
f 1192 2133 2062
f 2132 2134 2133
f 2062 2133 2134
f 1193 2133 1192
f 1192 2062 1215
f 2132 1103 2134
f 2557 2559 2558
f 69 1107 1108
f 2557 2558 1107
f 1107 2558 1108
f 2558 2559 1193
f 1074 1193 2559
f 1073 1074 2713
f 2557 2713 2559
f 1074 2559 2713
f 2359 2599 1089
f 1089 2599 1095
f 1095 2599 1096
f 65 1144 1141
f 1096 2599 1144
f 2359 1141 2599
f 1144 2599 1141
f 2673 2410 2409
f 2673 1135 2410
f 2673 2409 1085
f 119 1084 2409
f 1085 2409 1084
f 62 1210 1211
f 119 2409 1210
f 2410 1211 2409
f 1210 2409 1211
f 1093 2069 1644
f 1643 1644 2069
f 62 1209 1207
f 1643 2069 1209
f 1209 2069 1207
f 70 1094 1093
f 1207 2069 1094
f 1094 2069 1093
f 1093 1644 1327
f 1643 1327 1644
f 111 2420 2419
f 117 2183 2420
f 2420 2183 2419
f 1185 1183 1184
f 2419 2183 1183
f 117 1184 2183
f 1183 2183 1184
f 66 1130 1128
f 117 2420 1130
f 111 1128 2420
f 1130 2420 1128
f 111 2419 1071
f 1071 2419 2392
f 1067 2607 2606
f 2749 2606 2450
f 2607 2450 2606
f 66 2450 1132
f 2607 1132 2450
f 1067 70 2607
f 1066 1067 2606
f 2165 2201 2171
f 115 2202 2201
f 2201 2202 2171
f 63 1178 1177
f 2171 2202 1178
f 115 1177 2202
f 1178 2202 1177
f 64 1156 1158
f 115 2201 1156
f 2165 1158 2201
f 1156 2201 1158
f 1189 2166 2172
f 2165 2171 2166
f 2166 2171 2172
f 1148 2330 2331
f 1080 1152 2331
f 71 1080 1079
f 2330 1079 2331
f 1080 2331 1079
f 1146 1147 1148
f 1147 2330 1148
f 1072 2641 2642
f 1073 2641 1072
f 1072 2642 1102
f 1102 2642 1101
f 1101 2642 1088
f 2641 1087 2642
f 1088 2642 1087
f 1074 2576 2132
f 1074 2132 1193
f 1193 2132 2133
f 2132 2576 1103
f 1072 1102 2576
f 1103 2576 1102
f 1073 1072 1074
f 1072 2576 1074
f 119 2084 2666
f 2616 2666 2084
f 62 1208 1210
f 2616 2084 1208
f 119 1210 2084
f 1208 2084 1210
f 119 2666 1084
f 1084 2666 1081
f 1081 2666 1059
f 2616 1058 2666
f 1059 2666 1058
f 2614 2616 2615
f 62 1207 1208
f 2616 1208 2615
f 1207 2615 1208
f 2614 1058 2616
f 2614 2615 1094
f 1207 1094 2615
f 2330 2329 2697
f 2534 2696 2329
f 2697 2329 2696
f 1146 2342 1147
f 2534 2329 2342
f 2330 1147 2329
f 2342 2329 1147
f 2330 2697 1079
f 2772 1064 2696
f 2697 2696 1064
f 1945 2525 2526
f 61 1246 1243
f 1945 2526 1246
f 1117 1243 2526
f 1246 2526 1243
f 68 1117 1116
f 2525 1116 2526
f 1117 2526 1116
f 1051 2800 2119
f 1945 2119 2525
f 2800 2525 2119
f 122 2118 1945
f 1052 2119 2118
f 1945 2118 2119
f 1052 2118 2117
f 122 1197 2118
f 2117 2118 1197
f 61 1245 1246
f 122 1945 1245
f 1245 1945 1246
f 1051 2119 1052
f 2641 2714 2640
f 1049 2714 1073
f 2641 1073 2714
f 2641 2640 1087
f 72 1050 1049
f 2640 2714 1050
f 1050 2714 1049
f 1049 2713 2712
f 110 2712 2557
f 2713 2557 2712
f 110 2557 1107
f 1049 1073 2713
f 72 1049 2712
f 65 1143 1144
f 2868 2222 1143
f 2217 1144 2222
f 1143 2222 1144
f 2217 2222 1172
f 2868 1039 2222
f 1221 2266 2267
f 1222 2267 1162
f 2266 1161 2267
f 1162 2267 1161
f 1022 1024 2473
f 1221 2473 2266
f 1024 2266 2473
f 1220 1221 1222
f 1221 2267 1222
f 110 1043 2832
f 110 1107 1043
f 69 1043 1107
f 72 2712 1046
f 110 2832 2712
f 2712 2832 1046
f 1036 2868 2867
f 1037 1039 1036
f 1039 2868 1036
f 1036 2867 1005
f 1142 1004 2867
f 1005 2867 1004
f 65 1142 1143
f 2868 1143 2867
f 1142 2867 1143
f 115 2287 2200
f 113 2288 2287
f 116 2200 2288
f 2287 2288 2200
f 73 1032 1026
f 116 2288 1032
f 113 1026 2288
f 1032 2288 1026
f 64 1155 1156
f 113 2287 1155
f 115 1156 2287
f 1155 2287 1156
f 63 1177 1176
f 115 2200 1177
f 116 1176 2200
f 1177 2200 1176
f 2036 2472 1221
f 2902 2473 2472
f 1221 2472 2473
f 2902 2472 2471
f 1220 2037 1221
f 2036 1221 2037
f 1022 2473 1021
f 2902 1021 2473
f 1122 2484 2485
f 71 1078 1080
f 2485 2484 1078
f 1078 2484 1080
f 1080 2484 1152
f 1122 1152 2484
f 67 1122 1120
f 1122 2485 1120
f 1198 2494 2117
f 1052 2117 2494
f 2502 1051 2494
f 1052 2494 1051
f 67 1121 1123
f 2502 2494 1121
f 1198 1123 2494
f 1121 2494 1123
f 1197 1198 2117
f 2778 2779 1064
f 2697 1064 2779
f 71 1079 1077
f 2697 2779 1079
f 1079 2779 1077
f 1077 2779 1001
f 2778 1000 2779
f 1001 2779 1000
f 2640 2825 2826
f 1088 1087 2826
f 2640 2826 1087
f 2825 1009 2826
f 2640 1050 2825
f 1067 2757 2614
f 1056 2757 1066
f 1066 2757 1067
f 1067 2614 70
f 70 2614 1094
f 1059 1058 1056
f 2614 2757 1058
f 1058 2757 1056
f 218 2749 2748
f 1066 2606 2747
f 218 2747 2749
f 2606 2749 2747
f 218 2748 997
f 2432 997 2748
f 66 1129 2450
f 2432 2748 1129
f 2749 2450 2748
f 1129 2748 2450
f 114 2233 2232
f 116 2232 2233
f 63 1176 1179
f 116 2233 1176
f 1168 1179 2233
f 1176 2233 1179
f 114 1167 2233
f 1168 2233 1167
f 73 1031 1032
f 114 2232 1031
f 116 1032 2232
f 1031 2232 1032
f 977 979 1013
f 2770 1013 2772
f 979 2772 1013
f 978 979 977
f 977 1013 1016
f 209 2359 2623
f 2826 1009 2623
f 1088 2826 1089
f 2359 1089 2623
f 2826 2623 1089
f 209 1141 2359
f 111 2721 2432
f 994 2721 1071
f 111 1071 2721
f 66 1128 1129
f 111 2432 1128
f 1128 2432 1129
f 996 997 994
f 2432 2721 997
f 997 2721 994
f 114 2879 2252
f 108 2880 2879
f 2252 2879 2880
f 73 1030 1031
f 108 2879 1030
f 114 1031 2879
f 1030 2879 1031
f 114 2252 1167
f 75 964 962
f 2252 2880 964
f 108 962 2880
f 964 2880 962
f 1023 954 1024
f 2266 1024 2265
f 954 2265 1024
f 2266 2265 1161
f 1023 952 954
f 1022 1023 1024
f 2276 2283 2284
f 952 953 954
f 2284 2283 953
f 2265 954 2283
f 953 2283 954
f 1162 1161 1163
f 2265 2283 1161
f 2276 1163 2283
f 1161 2283 1163
f 64 2277 2294
f 2276 2284 2277
f 2277 2284 2294
f 2525 2800 2524
f 985 2801 2800
f 2800 2801 2524
f 989 2801 985
f 985 2800 1051
f 2525 2524 1116
f 2778 979 1000
f 1000 979 978
f 979 2778 2772
f 2772 2778 1064
f 2825 2824 211
f 2825 211 1009
f 929 931 930
f 211 2824 931
f 931 2824 930
f 72 1048 1050
f 930 2824 1048
f 2825 1050 2824
f 1048 2824 1050
f 211 256 1008
f 257 1008 256
f 211 1008 1009
f 76 938 936
f 256 936 257
f 938 257 936
f 211 931 256
f 1042 2849 2860
f 77 925 923
f 1042 2860 925
f 925 2860 923
f 923 2860 1038
f 2849 1037 2860
f 1038 2860 1037
f 1043 2849 1042
f 220 998 218
f 2747 218 998
f 220 218 996
f 996 218 997
f 1066 2747 2742
f 998 2742 2747
f 2485 2688 2689
f 2688 947 2689
f 949 2689 947
f 2485 1078 2688
f 67 1120 1119
f 2485 2689 1120
f 949 1119 2689
f 1120 2689 1119
f 2792 2793 1015
f 2793 977 1015
f 2792 1057 2793
f 977 1016 1015
f 257 2354 209
f 1140 2354 938
f 257 938 2354
f 1009 1008 2623
f 257 209 1008
f 1008 209 2623
f 65 1141 1140
f 209 2354 1141
f 1141 2354 1140
f 1014 205 1011
f 1082 2656 205
f 205 2656 1011
f 1084 1083 1082
f 1083 2656 1082
f 1082 205 989
f 1014 986 205
f 989 205 986
f 1016 1014 1011
f 998 978 2742
f 2783 2742 978
f 1001 1000 998
f 1000 978 998
f 2783 1066 2742
f 948 225 2503
f 948 988 225
f 947 948 949
f 948 2503 949
f 949 2503 1119
f 225 1119 2503
f 942 251 946
f 230 946 251
f 74 973 968
f 230 251 973
f 944 968 251
f 973 251 968
f 941 944 942
f 944 251 942
f 942 946 947
f 258 927 2817
f 930 2817 927
f 929 930 927
f 77 924 925
f 258 2817 924
f 2848 925 2817
f 924 2817 925
f 72 1047 1048
f 2848 2817 1047
f 930 1048 2817
f 1047 2817 1048
f 109 2675 227
f 74 972 973
f 109 227 972
f 972 227 973
f 227 2675 987
f 1082 989 2675
f 987 2675 989
f 1084 1082 1085
f 109 1085 2675
f 1082 2675 1085
f 247 245 244
f 78 916 915
f 247 244 916
f 916 244 915
f 244 245 1022
f 1022 245 1023
f 1023 245 952
f 247 951 245
f 952 245 951
f 1154 2294 909
f 2284 250 2294
f 2294 250 909
f 2284 953 250
f 64 2294 1154
f 1154 909 910
f 227 229 230
f 227 230 973
f 947 946 948
f 230 229 946
f 946 229 948
f 989 988 987
f 948 229 988
f 227 987 229
f 988 229 987
f 1077 999 2704
f 943 2704 221
f 999 221 2704
f 943 221 941
f 1077 1001 999
f 71 1077 2704
f 1140 213 2367
f 65 1140 1142
f 1140 2367 1142
f 1142 2367 1004
f 213 1003 2367
f 1004 2367 1003
f 76 937 938
f 1140 938 213
f 937 213 938
f 222 941 995
f 221 220 941
f 941 220 995
f 1001 998 999
f 221 999 220
f 998 220 999
f 220 996 995
f 244 202 915
f 270 915 202
f 78 915 914
f 270 914 915
f 202 918 270
f 244 1022 202
f 1021 202 1022
f 256 260 255
f 255 260 904
f 256 931 260
f 929 260 931
f 256 255 936
f 900 904 903
f 260 903 904
f 923 2859 261
f 896 261 2859
f 77 923 921
f 923 261 921
f 2859 892 896
f 923 1038 2859
f 250 249 908
f 105 281 249
f 908 249 281
f 952 951 953
f 105 249 951
f 250 953 249
f 951 249 953
f 910 909 908
f 250 908 909
f 105 879 281
f 1004 1003 216
f 214 215 1003
f 1003 215 216
f 869 872 870
f 216 215 872
f 872 215 870
f 870 215 891
f 214 891 215
f 213 254 214
f 213 214 1003
f 214 254 891
f 891 254 889
f 76 935 937
f 889 254 935
f 213 937 254
f 935 254 937
f 901 903 857
f 260 928 903
f 266 857 928
f 903 928 857
f 260 929 928
f 900 903 901
f 901 857 858
f 255 289 290
f 76 936 934
f 255 290 936
f 936 290 934
f 80 866 865
f 934 290 866
f 289 865 290
f 866 290 865
f 900 902 904
f 255 904 289
f 902 289 904
f 281 878 305
f 79 878 879
f 281 879 878
f 910 908 907
f 281 305 908
f 885 907 305
f 908 305 907
f 882 885 883
f 878 883 305
f 885 305 883
f 919 844 269
f 270 269 277
f 844 277 269
f 78 914 911
f 270 277 914
f 914 277 911
f 919 843 844
f 270 918 269
f 919 269 918
f 871 292 872
f 216 872 292
f 869 871 872
f 1004 216 1005
f 292 1005 216
f 892 895 893
f 871 893 292
f 895 292 893
f 107 2898 851
f 306 851 2898
f 848 851 850
f 306 850 851
f 2898 884 306
f 73 1029 1028
f 107 1028 2898
f 1029 2898 1028
f 233 235 267
f 919 267 843
f 235 842 267
f 843 267 842
f 233 963 235
f 918 267 919
f 105 247 273
f 79 879 874
f 105 273 879
f 104 874 273
f 879 273 874
f 78 913 916
f 104 273 913
f 247 916 273
f 913 273 916
f 105 951 247
f 922 266 924
f 924 266 258
f 858 857 856
f 922 856 266
f 857 266 856
f 77 922 924
f 929 927 928
f 266 928 258
f 927 258 928
f 261 296 297
f 858 856 855
f 922 297 856
f 296 855 297
f 856 297 855
f 892 894 896
f 261 896 296
f 894 296 896
f 77 921 922
f 261 297 921
f 921 297 922
f 296 894 329
f 296 329 855
f 347 855 329
f 894 836 329
f 347 329 836
f 353 824 332
f 353 332 854
f 901 858 332
f 854 332 858
f 824 900 332
f 901 332 900
f 824 823 350
f 899 350 831
f 823 828 350
f 831 350 828
f 822 823 824
f 824 350 900
f 900 350 899
f 819 320 319
f 819 869 320
f 870 320 869
f 817 819 814
f 819 319 814
f 319 320 890
f 870 891 320
f 890 320 891
f 894 893 345
f 871 345 893
f 894 345 836
f 345 871 869
f 892 893 894
f 899 831 902
f 830 865 831
f 289 902 865
f 831 865 902
f 80 865 864
f 830 864 865
f 828 830 831
f 900 899 902
f 367 822 353
f 824 353 822
f 811 367 348
f 367 353 348
f 348 353 854
f 819 818 869
f 360 345 818
f 869 818 345
f 817 818 819
f 836 345 834
f 360 834 345
f 363 348 347
f 836 835 347
f 363 347 835
f 858 855 854
f 348 854 347
f 855 347 854
f 830 829 325
f 98 349 829
f 101 325 349
f 829 349 325
f 775 779 774
f 101 349 779
f 98 774 349
f 779 349 774
f 828 829 830
f 80 864 863
f 830 325 864
f 101 863 325
f 864 325 863
f 401 772 367
f 773 822 772
f 367 772 822
f 811 401 367
f 877 316 315
f 370 315 316
f 878 315 883
f 370 883 315
f 79 877 878
f 877 315 878
f 395 788 360
f 790 834 788
f 360 788 834
f 786 790 788
f 395 360 817
f 817 360 818
f 836 834 835
f 790 835 834
f 405 781 399
f 782 811 781
f 781 811 399
f 783 782 781
f 405 399 789
f 790 363 835
f 399 811 363
f 348 363 811
f 786 789 790
f 399 363 789
f 789 363 790
f 394 359 358
f 816 328 359
f 101 358 328
f 359 328 358
f 80 863 861
f 101 328 863
f 816 861 328
f 863 328 861
f 817 816 815
f 394 815 359
f 816 359 815
f 775 778 779
f 394 358 778
f 101 779 358
f 778 358 779
f 411 395 394
f 395 815 394
f 395 817 815
f 786 788 787
f 411 787 395
f 788 395 787
f 411 394 778
f 773 416 821
f 773 821 822
f 416 771 821
f 426 371 370
f 761 763 760
f 426 760 371
f 763 371 760
f 373 808 316
f 426 370 808
f 808 370 316
f 370 371 883
f 763 882 371
f 883 371 882
f 763 762 374
f 421 374 762
f 421 804 374
f 805 374 804
f 761 762 763
f 763 374 882
f 805 881 374
f 882 374 881
f 102 391 312
f 81 797 792
f 97 391 797
f 102 792 391
f 797 391 792
f 79 876 875
f 102 312 876
f 876 312 875
f 312 368 877
f 79 875 877
f 312 877 875
f 877 368 316
f 755 373 368
f 316 368 373
f 97 755 391
f 312 391 368
f 755 368 391
f 341 801 381
f 380 381 801
f 747 752 750
f 841 381 752
f 380 750 381
f 752 381 750
f 341 798 801
f 843 842 841
f 341 381 842
f 842 381 841
f 751 386 752
f 99 840 386
f 841 752 840
f 386 840 752
f 843 841 840
f 81 796 794
f 99 386 796
f 751 794 386
f 796 386 794
f 747 751 752
f 425 373 432
f 755 432 373
f 97 432 755
f 425 808 373
f 744 745 743
f 425 432 745
f 745 432 743
f 96 787 412
f 412 787 411
f 96 786 787
f 83 734 733
f 96 412 734
f 734 412 733
f 775 777 778
f 412 411 777
f 777 411 778
f 784 758 407
f 773 772 758
f 407 758 772
f 783 784 782
f 784 407 782
f 376 737 380
f 740 746 737
f 737 746 380
f 747 750 746
f 380 746 750
f 739 740 737
f 798 800 801
f 376 380 800
f 800 380 801
f 722 459 458
f 458 459 759
f 723 725 722
f 725 459 722
f 84 721 458
f 722 458 721
f 458 759 761
f 465 442 441
f 84 458 719
f 465 719 442
f 458 442 719
f 465 441 744
f 744 441 745
f 441 442 760
f 458 761 442
f 760 442 761
f 388 431 795
f 97 795 754
f 431 754 795
f 388 715 431
f 81 795 797
f 97 797 795
f 802 443 446
f 446 443 723
f 723 443 724
f 724 443 804
f 804 443 802
f 802 446 739
f 459 725 421
f 724 804 725
f 421 725 804
f 723 724 725
f 761 759 762
f 459 421 759
f 759 421 762
f 431 741 743
f 712 714 715
f 431 715 741
f 714 741 715
f 97 754 432
f 431 743 754
f 754 743 432
f 744 743 741
f 417 757 418
f 418 757 709
f 417 418 770
f 757 707 709
f 697 698 723
f 445 446 698
f 698 446 723
f 739 446 736
f 445 736 446
f 696 698 697
f 493 435 434
f 747 749 751
f 493 434 749
f 749 434 751
f 81 794 793
f 751 434 794
f 435 793 434
f 794 434 793
f 493 689 435
f 702 776 701
f 409 415 776
f 701 776 415
f 702 775 776
f 82 769 766
f 409 766 415
f 769 415 766
f 412 777 456
f 702 456 777
f 729 456 702
f 702 777 775
f 83 733 729
f 412 456 733
f 733 456 729
f 415 478 479
f 670 671 669
f 479 478 671
f 671 478 669
f 82 768 769
f 669 478 768
f 415 769 478
f 768 478 769
f 702 701 700
f 415 479 701
f 701 479 700
f 695 748 694
f 437 488 748
f 748 488 694
f 437 696 488
f 695 747 748
f 691 695 694
f 435 468 388
f 81 793 795
f 435 388 793
f 793 388 795
f 388 468 715
f 688 712 468
f 715 468 712
f 685 688 689
f 435 689 468
f 688 468 689
f 699 700 682
f 479 502 700
f 700 502 682
f 479 671 502
f 670 502 671
f 702 700 699
f 699 682 684
f 450 452 451
f 83 732 728
f 450 451 732
f 732 451 728
f 451 452 783
f 677 783 452
f 673 677 676
f 450 676 452
f 677 452 676
f 486 697 722
f 486 722 721
f 697 723 722
f 488 490 491
f 488 696 490
f 691 694 693
f 488 491 694
f 694 491 693
f 491 490 659
f 490 486 657
f 84 720 721
f 486 721 657
f 720 657 721
f 696 697 490
f 697 486 490
f 490 657 659
f 516 507 450
f 450 507 676
f 663 676 507
f 660 663 661
f 516 661 507
f 663 507 661
f 83 731 732
f 516 450 731
f 731 450 732
f 654 693 650
f 491 658 693
f 693 658 650
f 491 659 658
f 654 691 693
f 652 654 650
f 669 413 473
f 418 473 413
f 82 770 768
f 418 413 770
f 669 768 413
f 770 413 768
f 670 669 666
f 708 666 473
f 669 473 666
f 707 708 709
f 418 709 473
f 708 473 709
f 439 464 742
f 742 464 465
f 646 649 648
f 439 648 464
f 649 464 648
f 465 744 742
f 84 719 718
f 464 718 465
f 719 465 718
f 714 713 439
f 713 471 439
f 439 471 648
f 712 713 714
f 744 741 742
f 714 439 741
f 741 439 742
f 525 520 519
f 660 662 663
f 525 519 662
f 662 519 663
f 663 519 676
f 520 673 519
f 676 519 673
f 639 643 640
f 525 640 520
f 643 520 640
f 549 635 504
f 94 455 635
f 95 504 455
f 635 455 504
f 83 730 727
f 95 455 730
f 94 727 455
f 730 455 727
f 85 637 635
f 94 635 637
f 684 683 679
f 549 504 683
f 95 679 504
f 683 504 679
f 93 512 548
f 92 547 512
f 89 548 547
f 512 547 548
f 639 642 638
f 89 547 642
f 92 638 547
f 642 547 638
f 670 668 667
f 92 512 668
f 93 667 512
f 668 512 667
f 87 623 620
f 93 548 623
f 89 620 548
f 623 548 620
f 471 470 539
f 471 539 648
f 577 646 539
f 648 539 646
f 613 577 615
f 470 615 539
f 577 539 615
f 471 713 470
f 712 470 713
f 470 712 498
f 688 687 712
f 712 687 498
f 685 687 688
f 470 498 615
f 530 607 494
f 500 686 607
f 607 686 494
f 500 685 686
f 605 609 607
f 500 607 609
f 530 494 692
f 93 510 509
f 93 509 667
f 502 670 509
f 667 509 670
f 684 682 680
f 502 509 682
f 510 680 509
f 682 509 680
f 87 622 623
f 93 623 510
f 622 510 623
f 464 542 718
f 717 718 594
f 542 594 718
f 717 594 595
f 646 647 649
f 464 649 542
f 647 542 649
f 84 718 717
f 592 523 555
f 636 555 554
f 523 554 555
f 85 636 631
f 636 554 631
f 554 523 661
f 592 660 523
f 661 523 660
f 681 604 683
f 585 549 604
f 683 604 549
f 684 681 683
f 85 635 632
f 585 632 549
f 635 549 632
f 510 569 680
f 681 680 603
f 569 603 680
f 681 603 604
f 87 621 622
f 510 622 569
f 621 569 622
f 684 680 681
f 571 573 572
f 89 572 573
f 639 641 642
f 89 642 572
f 641 572 642
f 87 620 616
f 89 573 620
f 571 616 573
f 620 573 616
f 571 572 600
f 641 600 572
f 576 578 577
f 555 578 591
f 576 591 578
f 613 614 577
f 576 577 614
f 578 645 577
f 646 577 645
f 542 647 551
f 538 634 647
f 551 647 634
f 646 645 647
f 538 647 645
f 595 594 593
f 542 551 594
f 594 551 593
f 85 634 633
f 538 633 634
f 636 633 578
f 538 578 633
f 636 578 555
f 578 538 645
f 85 633 636
f 584 593 585
f 551 632 593
f 585 593 632
f 584 595 593
f 584 585 604
f 85 632 634
f 551 634 632
f 602 568 563
f 87 619 621
f 563 568 619
f 569 621 568
f 619 568 621
f 604 603 602
f 569 568 603
f 603 568 602
f 86 629 627
f 602 563 629
f 629 563 627
f 602 629 584
f 628 584 629
f 86 628 629
f 604 602 584
f 628 595 584
f 651 653 566
f 90 565 653
f 566 653 565
f 652 653 651
f 651 566 608
f 87 618 617
f 566 565 618
f 90 617 565
f 618 565 617
f 90 558 559
f 563 559 558
f 86 627 624
f 563 558 627
f 627 558 624
f 624 558 652
f 90 653 558
f 652 558 653
f 87 617 619
f 90 559 617
f 563 619 559
f 617 559 619
f 2460 233 2461
f 2460 2461 1126
f 2901 2471 2461
f 1126 2461 2471
f 2901 2461 918
f 233 267 2461
f 918 2461 267
f 75 963 2459
f 2460 2459 233
f 963 233 2459
f 202 2902 2901
f 2471 2901 2902
f 202 2901 918
f 202 1021 2902
f 472 503 1706
f 469 1792 503
f 469 503 472
f 1554 1555 1558
f 137 1006 1555
f 1555 1006 1558
f 1558 1006 1635
f 1635 1006 1632
f 295 217 344
f 1978 344 1979
f 217 1979 344
f 295 344 1985
f 1424 1790 1288
f 2090 1288 1790
f 62 1206 1209
f 2090 1790 1206
f 1425 1209 1790
f 1206 1790 1209
f 1428 1425 1424
f 1425 1790 1424
f 1065 967 966
f 1065 966 2858
f 3 966 2864
f 967 2864 966
f 2790 967 2789
f 1065 2789 967
f 583 588 576
f 576 588 591
f 587 591 588
f 597 599 598
f 587 588 599
f 583 598 588
f 599 588 598
f 583 576 614
f 589 1719 1124
f 513 1719 589
f 53 1493 1496
f 589 1124 1493
f 1493 1124 1496
f 1124 1719 1507
f 2518 2770 2535
f 2771 2535 2770
f 68 1115 2533
f 2518 2535 1115
f 1115 2535 2533
f 2770 2772 2771
f 1016 1013 1012
f 2518 1012 2770
f 1013 2770 1012
f 146 369 1879
f 1882 1879 2094
f 369 2094 1879
f 1882 2094 2095
f 146 1957 369
f 1878 1879 1882
f 651 530 529
f 654 529 691
f 530 692 529
f 691 529 692
f 605 607 608
f 651 608 530
f 607 530 608
f 652 651 654
f 651 529 654
f 1192 2055 2054
f 1615 1614 2055
f 1333 2054 1614
f 2055 1614 2054
f 1334 1333 1614
f 1192 1215 2055
f 1193 1192 2054
f 1200 2755 1069
f 1139 2788 2755
f 2755 2788 1069
f 2790 2789 2788
f 1069 2788 2789
f 2754 2752 2755
f 1139 2755 2752
f 1200 1069 2821
f 2821 1069 2820
f 120 1969 1968
f 1304 1727 1969
f 1968 1969 1727
f 1304 1969 1197
f 120 1968 1239
f 1306 1727 1304
f 2514 1393 1394
f 11 2514 2517
f 2514 1394 2517
f 9 2652 2655
f 1394 1393 2652
f 2652 1393 2655
f 2672 2667 2668
f 2655 1393 2667
f 2514 2668 1393
f 2667 1393 2668
f 2396 2282 2397
f 2076 2397 2433
f 2282 2433 2397
f 26 2238 2236
f 2076 2433 2238
f 2238 2433 2236
f 2400 2396 2397
f 2751 2782 2752
f 2752 2782 1139
f 2751 1151 2782
f 2754 2751 2752
f 2782 2790 1139
f 2788 1139 2790
f 889 935 301
f 934 301 935
f 80 862 866
f 888 301 862
f 934 866 301
f 862 301 866
f 76 934 935
f 891 889 888
f 889 301 888
f 2023 2016 2065
f 2387 2065 2016
f 2404 2403 2407
f 2023 2065 2403
f 2403 2065 2407
f 2016 2390 2387
f 2430 2427 2429
f 2023 2429 2016
f 2427 2016 2429
f 958 2820 2856
f 1069 1065 2820
f 2820 1065 2856
f 1069 2789 1065
f 2821 2820 958
f 1065 2858 2856
f 1887 385 1890
f 156 259 385
f 1890 385 259
f 1943 1942 1941
f 156 385 1942
f 1887 1941 385
f 1942 385 1941
f 1889 1887 1890
f 2079 2078 2082
f 156 2082 259
f 2078 259 2082
f 1250 1553 1552
f 1251 1553 1250
f 1250 1552 1563
f 1563 1552 1377
f 1390 1378 1553
f 1552 1553 1378
f 1658 1707 1657
f 764 1657 765
f 1707 765 1657
f 764 765 1530
f 1530 765 1533
f 1658 1709 1707
f 45 1658 1657
f 1837 505 1840
f 460 1840 505
f 460 505 1791
f 506 1792 505
f 1791 505 1792
f 506 505 1641
f 1837 1640 505
f 1641 505 1640
f 39 1837 1840
f 2308 2332 2170
f 2358 2186 2332
f 2170 2332 2186
f 2309 2332 2308
f 476 707 756
f 757 756 707
f 673 675 674
f 476 756 675
f 675 756 674
f 758 756 757
f 2793 2784 2783
f 2793 2783 977
f 977 2783 978
f 2783 2784 1066
f 1056 1066 2784
f 1059 1056 1057
f 2793 1057 2784
f 1056 2784 1057
f 2285 2279 2278
f 2224 2278 2279
f 2224 2381 2278
f 2382 2278 2381
f 2225 2224 2279
f 20 2323 2328
f 2285 2278 2323
f 2382 2328 2278
f 2323 2278 2328
f 2120 2487 2488
f 2225 2608 2224
f 2488 2487 2608
f 2608 2487 2224
f 2224 2487 2381
f 2120 2383 2487
f 2381 2487 2383
f 23 2273 2272
f 2120 2488 2273
f 2273 2488 2272
f 82 771 770
f 416 417 771
f 771 417 770
f 417 416 757
f 773 758 416
f 757 416 758
f 142 396 475
f 396 474 475
f 40 1816 1819
f 475 474 1816
f 1816 474 1819
f 37 1925 1926
f 474 396 1925
f 142 1926 396
f 1925 396 1926
f 142 475 1671
f 1671 475 1673
f 407 401 782
f 407 772 401
f 782 401 811
f 135 1090 1368
f 1365 135 1366
f 135 1368 1366
f 1090 1395 1368
f 179 2154 2161
f 183 2160 2154
f 178 2161 2160
f 2154 2160 2161
f 2061 2058 2059
f 178 2160 2058
f 183 2059 2160
f 2058 2160 2059
f 18 2371 2370
f 183 2154 2371
f 179 2370 2154
f 2371 2154 2370
f 179 2161 2363
f 178 2364 2161
f 2363 2161 2364
f 1165 1053 1353
f 1053 1194 1353
f 50 1053 1535
f 1165 1535 1053
f 1352 1350 1353
f 1165 1353 1350
f 561 809 1730
f 48 1606 1605
f 1730 809 1606
f 825 1605 809
f 1606 809 1605
f 46 1629 1631
f 825 809 1629
f 561 1631 809
f 1629 809 1631
f 487 561 1730
f 2524 204 2518
f 1014 1012 204
f 204 1012 2518
f 1016 1012 1014
f 989 986 2801
f 1014 204 986
f 2524 2801 204
f 986 204 2801
f 68 1116 1115
f 2524 2518 1116
f 1116 2518 1115
f 2632 2705 2633
f 2698 2633 2705
f 2176 2698 2715
f 2698 2705 2715
f 2715 2705 2148
f 2632 2148 2705
f 1386 1383 1530
f 1263 764 1383
f 1383 764 1530
f 45 1657 1656
f 1263 1656 764
f 1657 764 1656
f 1384 1383 1386
f 1655 1656 1443
f 1264 1443 1263
f 1656 1263 1443
f 1384 1402 1383
f 1264 1263 1402
f 1402 1263 1383
f 45 1656 1655
f 1441 1443 1446
f 1264 1446 1443
f 1655 1442 1659
f 1442 1592 1659
f 1593 1592 1590
f 1442 1590 1592
f 1441 1442 1443
f 1655 1443 1442
f 45 1655 1659
f 1382 1439 1448
f 1702 1448 1439
f 57 1309 1311
f 1702 1311 1448
f 1309 1448 1311
f 56 1439 1382
f 1382 1448 1376
f 1309 1376 1448
f 225 2799 2502
f 67 1119 1121
f 225 2502 1119
f 1119 2502 1121
f 2502 2799 1051
f 985 1051 2799
f 989 985 988
f 225 988 2799
f 985 2799 988
f 1106 2158 2227
f 2159 2226 2158
f 2227 2158 2226
f 1106 1190 2158
f 69 1106 1105
f 1106 2227 1105
f 2227 2226 1171
f 170 2496 2495
f 1757 1769 2496
f 2495 2496 1769
f 1757 2496 2262
f 170 2262 2496
f 24 2255 2495
f 170 2495 2255
f 1757 2506 1769
f 557 481 482
f 480 482 481
f 1612 1611 1610
f 480 481 1611
f 557 1610 481
f 1611 481 1610
f 1861 1862 1863
f 557 482 1862
f 1862 482 1863
f 40 1815 1814
f 1863 482 1815
f 480 1814 482
f 1815 482 1814
f 1569 1580 1732
f 1731 1732 1580
f 1299 1570 1733
f 1569 1732 1570
f 1570 1732 1733
f 1732 1731 1297
f 1569 1343 1580
f 1342 1580 1343
f 2088 2086 2089
f 226 2089 253
f 2086 253 2089
f 2114 226 2113
f 226 253 2113
f 2086 1996 253
f 1090 1518 1249
f 1090 1249 1395
f 1518 1455 1249
f 51 1518 1090
f 314 2010 286
f 2010 2818 286
f 286 2818 2180
f 314 2011 2010
f 314 286 2043
f 1232 2724 1086
f 3 2865 2863
f 1086 2724 2865
f 2865 2724 2863
f 2815 2813 2816
f 1232 1086 2813
f 2813 1086 2816
f 920 2863 2723
f 2724 2723 2863
f 1232 2723 2724
f 2 2873 2871
f 920 2723 2873
f 2873 2723 2871
f 387 390 1861
f 1738 1861 1735
f 390 1735 1861
f 42 1738 1735
f 1936 1934 1933
f 387 1933 390
f 1934 390 1933
f 880 1019 1020
f 880 2878 1019
f 2876 1019 2878
f 4 2846 2844
f 880 1020 2846
f 2846 1020 2844
f 1020 1019 2777
f 2876 2777 1019
f 91 544 525
f 597 600 599
f 641 544 600
f 91 599 544
f 600 544 599
f 91 525 662
f 639 640 641
f 525 544 640
f 640 544 641
f 1886 423 422
f 143 384 423
f 1887 422 384
f 423 384 422
f 1943 1941 1940
f 1887 384 1941
f 143 1940 384
f 1941 384 1940
f 39 1836 1839
f 143 423 1836
f 1886 1839 423
f 1836 423 1839
f 1889 1886 1887
f 1886 422 1887
f 144 382 377
f 143 383 382
f 145 377 383
f 382 383 377
f 39 1835 1836
f 145 383 1835
f 143 1836 383
f 1835 383 1836
f 143 382 1940
f 144 1943 382
f 1940 382 1943
f 36 1949 1951
f 144 377 1949
f 145 1951 377
f 1949 377 1951
f 286 2179 2862
f 27 2179 2180
f 286 2180 2179
f 286 2862 2043
f 2861 2042 2862
f 2043 2862 2042
f 2179 2811 2862
f 2861 2862 2811
f 1101 1088 2598
f 1089 2598 1088
f 1102 1101 2582
f 1101 2598 2582
f 1089 1095 2598
f 628 626 560
f 528 560 626
f 84 717 716
f 528 716 560
f 717 560 716
f 86 626 628
f 628 560 595
f 717 595 560
f 498 500 579
f 605 606 609
f 500 609 579
f 606 579 609
f 498 687 500
f 685 500 687
f 498 579 615
f 606 613 579
f 615 579 613
f 2607 2449 2448
f 2448 2449 1282
f 1282 2449 1280
f 1280 2449 1812
f 2607 70 2449
f 1812 2449 70
f 2607 2448 1132
f 711 710 1680
f 1737 1680 1736
f 710 1736 1680
f 42 1737 1736
f 711 1612 710
f 1610 710 1612
f 44 1680 1686
f 1737 1686 1680
f 1738 556 1862
f 710 557 556
f 556 557 1862
f 710 1610 557
f 42 1736 1738
f 710 556 1736
f 1736 556 1738
f 1738 1862 1861
f 2850 2175 2861
f 2175 2042 2861
f 28 2175 2850
f 657 716 656
f 527 656 528
f 716 528 656
f 86 625 626
f 527 528 625
f 625 528 626
f 84 716 720
f 657 720 716
f 659 657 656
f 677 674 784
f 756 784 674
f 758 784 756
f 673 674 677
f 677 784 783
f 1475 1194 1053
f 1474 1194 1475
f 50 1537 1053
f 1475 1053 1537
f 1296 1578 1500
f 1580 1579 1578
f 1578 1579 1500
f 1580 1342 1579
f 1297 1731 1296
f 1580 1578 1731
f 1731 1578 1296
f 1365 1499 1482
f 1296 1500 1499
f 1499 1500 1482
f 1431 1421 1617
f 2572 2571 2570
f 1421 2570 1617
f 2571 1617 2570
f 1431 2644 1421
f 2643 1421 2644
f 2552 2551 2554
f 1431 1617 2551
f 2571 2554 1617
f 2551 1617 2554
f 1170 1485 1165
f 1484 1535 1485
f 1485 1535 1165
f 50 1535 1536
f 1484 1536 1535
f 1487 1484 1485
f 1170 1165 1350
f 1405 1590 1442
f 1405 1442 1441
f 1752 545 1754
f 140 461 545
f 139 1754 461
f 545 461 1754
f 39 1834 1838
f 139 461 1834
f 140 1838 461
f 1834 461 1838
f 47 1618 1623
f 140 545 1618
f 1752 1623 545
f 1618 545 1623
f 1753 1752 1754
f 1112 1118 1150
f 9 2651 2654
f 1112 1150 2651
f 2651 1150 2654
f 1150 1118 1151
f 6 1127 2794
f 1112 2794 1118
f 1127 1118 2794
f 2017 1933 2019
f 307 2019 387
f 1933 387 2019
f 307 387 1860
f 1860 387 1861
f 2017 1936 1933
f 32 2017 2019
f 2575 2570 1420
f 1421 1420 2570
f 2572 2570 2575
f 2686 2682 2685
f 2575 1420 2682
f 2682 1420 2685
f 2685 1420 2643
f 1421 2643 1420
f 193 1690 1913
f 192 1912 1690
f 189 1913 1912
f 1690 1912 1913
f 25 2246 2245
f 189 1912 2246
f 192 2245 1912
f 2246 1912 2245
f 2538 2540 2542
f 192 1690 2540
f 193 2542 1690
f 2540 1690 2542
f 14 2452 2453
f 193 1913 2452
f 189 2453 1913
f 2452 1913 2453
f 1679 2347 2348
f 2538 2539 2540
f 1679 2348 2539
f 192 2540 2348
f 2539 2348 2540
f 25 2245 2249
f 192 2348 2245
f 2347 2249 2348
f 2245 2348 2249
f 2309 2349 2307
f 1679 2307 2347
f 2349 2347 2307
f 1717 1804 1805
f 12 2497 2499
f 1805 1804 2497
f 2530 2499 1804
f 2497 1804 2499
f 2531 2530 2532
f 1717 2532 1804
f 2530 1804 2532
f 1717 1805 2493
f 2488 2608 2486
f 172 2486 2609
f 2608 2609 2486
f 2104 2102 2105
f 172 2609 2102
f 2102 2609 2105
f 2225 2610 2608
f 2609 2608 2610
f 23 2272 2270
f 2488 2486 2272
f 172 2270 2486
f 2272 2486 2270
f 100 847 335
f 306 335 847
f 848 850 847
f 306 847 850
f 804 803 805
f 100 335 803
f 803 335 805
f 882 881 884
f 805 335 881
f 306 884 335
f 881 335 884
f 149 337 336
f 153 274 337
f 152 336 274
f 337 274 336
f 2061 2057 2060
f 152 274 2057
f 153 2060 274
f 2057 274 2060
f 33 1989 1992
f 153 337 1989
f 149 1992 337
f 1989 337 1992
f 37 1924 1928
f 149 336 1924
f 152 1928 336
f 1924 336 1928
f 441 426 425
f 808 425 426
f 441 425 745
f 441 760 426
f 147 365 364
f 2024 364 365
f 2026 2024 2025
f 2024 365 2025
f 2025 365 1878
f 147 1881 365
f 1878 365 1881
f 35 1961 1966
f 147 364 1961
f 2024 1966 364
f 1961 364 1966
f 1230 2027 2007
f 2215 2006 2027
f 2007 2027 2006
f 1230 1095 2027
f 1229 1230 2007
f 2215 1234 2006
f 2598 2583 2582
f 1104 2582 2583
f 1104 2583 1229
f 1229 2583 1230
f 1230 2583 1095
f 2598 1095 2583
f 1102 2582 1104
f 88 583 582
f 88 597 583
f 598 583 597
f 88 582 605
f 605 582 606
f 606 582 613
f 583 614 582
f 613 582 614
f 566 571 581
f 566 581 608
f 88 605 581
f 608 581 605
f 88 581 597
f 571 600 581
f 597 581 600
f 87 616 618
f 566 618 571
f 616 571 618
f 1919 2631 2632
f 2632 2631 2148
f 2451 2150 2631
f 2148 2631 2150
f 14 2451 2454
f 1919 2454 2631
f 2451 2631 2454
f 1919 2632 2219
f 2219 2632 2633
f 1374 1308 1307
f 1308 2761 1307
f 1308 2762 2761
f 1374 2597 1308
f 1374 1307 2699
f 2699 1307 2702
f 2718 1278 1356
f 2718 1356 2679
f 2617 2679 1356
f 2619 2617 2621
f 1278 2621 1356
f 2617 1356 2621
f 2716 2717 2718
f 2717 1278 2718
f 91 586 587
f 555 591 592
f 587 586 591
f 591 586 592
f 592 586 660
f 91 662 586
f 660 586 662
f 91 587 599
f 1332 2142 2143
f 1334 1332 1333
f 1332 2143 1333
f 1193 2054 2144
f 1333 2143 2054
f 2142 2144 2143
f 2054 2143 2144
f 1332 1624 2142
f 1190 2142 1624
f 108 2897 241
f 107 240 2897
f 106 241 240
f 2897 240 241
f 848 849 851
f 106 240 849
f 107 851 240
f 849 240 851
f 73 1028 1030
f 107 2897 1028
f 108 1030 2897
f 1028 2897 1030
f 75 962 961
f 108 241 962
f 106 961 241
f 962 241 961
f 2085 2340 2268
f 2334 2268 2340
f 19 2334 2340
f 2400 2395 2396
f 2085 2268 2395
f 2395 2268 2396
f 2396 2268 2282
f 2334 2441 2268
f 2282 2268 2441
f 1244 1937 1938
f 122 1938 1937
f 122 1937 1197
f 1304 1197 1937
f 1306 1304 1305
f 1244 1305 1937
f 1304 1937 1305
f 61 1244 1245
f 122 1245 1938
f 1244 1938 1245
f 1649 1646 1773
f 610 550 1646
f 1646 550 1773
f 610 1745 550
f 1647 1646 1649
f 1772 1771 1773
f 1649 1773 1771
f 612 611 610
f 1647 1645 1646
f 612 610 1645
f 1645 610 1646
f 1747 1745 1746
f 610 611 1745
f 1745 611 1746
f 1746 611 1708
f 612 1708 611
f 590 1723 589
f 589 1493 590
f 53 1492 1493
f 590 1493 136
f 1492 136 1493
f 43 1723 735
f 590 136 1723
f 1723 136 735
f 735 136 1551
f 1529 2563 2561
f 1529 2539 2563
f 2538 2563 2539
f 1529 2561 2604
f 298 323 324
f 2004 2005 2002
f 298 324 2005
f 2005 324 2002
f 324 323 1920
f 36 1950 1948
f 375 207 1950
f 1950 207 1948
f 29 2140 2138
f 1948 207 2140
f 1895 2138 207
f 2140 207 2138
f 375 1896 207
f 1895 207 1896
f 1042 2848 2847
f 1042 925 2848
f 2832 1043 2847
f 1042 2847 1043
f 72 1046 1047
f 2832 2847 1046
f 2848 1047 2847
f 1046 2847 1047
f 187 2295 2296
f 2291 2296 2295
f 22 2291 2290
f 2291 2295 2290
f 2430 2426 2428
f 2290 2295 2426
f 187 2428 2295
f 2426 2295 2428
f 20 2327 2326
f 187 2296 2327
f 2291 2326 2296
f 2327 2296 2326
f 2290 2378 2379
f 2430 2425 2426
f 186 2378 2425
f 2290 2426 2378
f 2425 2378 2426
f 22 2290 2293
f 2290 2379 2293
f 2298 2380 2299
f 2379 2378 2380
f 186 2299 2378
f 2380 2378 2299
f 2242 2251 2460
f 2252 2459 2251
f 2460 2251 2459
f 2252 2251 1167
f 2242 2460 1126
f 75 2459 964
f 2252 964 2459
f 1850 521 522
f 508 522 1728
f 521 1728 522
f 1850 1782 521
f 1779 521 1782
f 1852 1850 1851
f 508 1851 522
f 1850 522 1851
f 1982 1946 1983
f 2444 1983 1946
f 1982 1983 2346
f 15 2442 2444
f 1983 2444 2442
f 1982 2435 1946
f 816 814 327
f 319 890 814
f 888 327 890
f 814 890 327
f 891 888 890
f 817 814 816
f 80 861 862
f 816 327 861
f 888 862 327
f 861 327 862
f 1948 206 2477
f 36 1948 1947
f 171 1947 2477
f 1948 2477 1947
f 23 2271 2274
f 171 2477 2271
f 206 2274 2477
f 2271 2477 2274
f 29 2889 2140
f 1948 2140 206
f 2889 206 2140
f 171 2476 236
f 172 236 2476
f 23 2270 2271
f 172 2476 2270
f 171 2271 2476
f 2270 2476 2271
f 36 1947 1952
f 171 236 1947
f 2101 1952 236
f 1947 236 1952
f 2104 2101 2102
f 172 2102 236
f 2101 236 2102
f 2688 2703 947
f 942 947 2703
f 941 942 943
f 942 2703 943
f 71 2704 1078
f 943 2703 2704
f 2688 1078 2703
f 2704 2703 1078
f 2898 2888 283
f 73 1027 1029
f 2898 1029 2888
f 1027 2888 1029
f 882 884 885
f 2898 283 884
f 884 283 885
f 885 283 907
f 2888 907 283
f 821 354 823
f 354 827 823
f 823 827 828
f 82 767 771
f 821 771 354
f 767 354 771
f 822 821 823
f 98 408 409
f 82 766 767
f 409 408 766
f 354 767 408
f 766 408 767
f 828 827 829
f 354 408 827
f 98 829 408
f 827 408 829
f 775 774 776
f 98 409 774
f 774 409 776
f 1113 2533 2342
f 2535 2534 2533
f 2533 2534 2342
f 2772 2696 2771
f 2535 2771 2534
f 2696 2534 2771
f 68 2533 1113
f 1113 2342 1146
f 1226 1826 1227
f 1826 1824 1227
f 1227 1824 1360
f 1360 1824 1362
f 1826 1276 1824
f 1616 1750 1499
f 1296 1499 1750
f 1297 1296 1298
f 1296 1750 1298
f 1215 1216 1217
f 1298 1750 1216
f 1616 1217 1750
f 1216 1750 1217
f 1616 1499 1365
f 2433 2568 2569
f 26 2236 2235
f 2433 2569 2236
f 2236 2569 2235
f 2569 2568 2213
f 2281 2212 2568
f 2213 2568 2212
f 2433 2282 2568
f 2281 2568 2282
f 164 2567 2585
f 2569 2584 2567
f 2230 2585 2584
f 2567 2584 2585
f 2230 2584 2213
f 2569 2213 2584
f 26 2235 2237
f 2569 2567 2235
f 164 2237 2567
f 2235 2567 2237
f 2231 2228 2230
f 164 2585 2228
f 2228 2585 2230
f 196 2728 2678
f 2729 2679 2728
f 2678 2728 2679
f 2731 2729 2728
f 7 2737 2738
f 2737 196 2738
f 532 1764 1796
f 1762 1796 1764
f 1762 1797 1796
f 1763 1762 1764
f 532 1796 1802
f 1424 1777 1778
f 1287 1793 1288
f 1424 1288 1777
f 1793 1777 1288
f 1428 1424 1426
f 1290 1426 1778
f 1424 1778 1426
f 58 1290 1291
f 1777 1291 1778
f 1290 1778 1291
f 994 2727 993
f 2725 223 2727
f 2727 223 993
f 74 971 969
f 2725 969 223
f 971 223 969
f 994 1071 2727
f 996 994 993
f 179 2153 2152
f 2466 1893 2153
f 191 2152 1893
f 2153 1893 2152
f 2470 2465 2466
f 191 1893 2465
f 2465 1893 2466
f 2364 2362 2363
f 2466 2153 2362
f 179 2363 2153
f 2362 2153 2363
f 18 2370 2377
f 179 2152 2370
f 191 2377 2152
f 2370 2152 2377
f 1295 1285 1284
f 1224 1284 2744
f 1285 2744 1284
f 1295 2562 1285
f 2612 1285 2562
f 8 2707 2711
f 1295 1284 2707
f 1224 2711 1284
f 2707 1284 2711
f 1285 2612 1275
f 2611 1275 2612
f 2562 2611 2612
f 1285 1275 2744
f 2744 1275 2745
f 2745 1275 2716
f 2611 2717 1275
f 2716 1275 2717
f 1873 1872 1798
f 1904 1798 1872
f 1873 1798 1797
f 1798 1904 1901
f 1874 1872 1873
f 103 310 279
f 102 311 310
f 104 279 311
f 310 311 279
f 79 874 876
f 104 311 874
f 102 876 311
f 874 311 876
f 81 792 791
f 102 310 792
f 103 791 310
f 792 310 791
f 78 912 913
f 103 279 912
f 104 913 279
f 912 279 913
f 980 1672 1522
f 1670 1514 1672
f 1512 1522 1514
f 1672 1514 1522
f 52 1512 1514
f 1673 1670 1672
f 1512 1524 1522
f 520 643 675
f 706 476 643
f 643 476 675
f 707 476 706
f 706 643 639
f 520 675 673
f 708 511 668
f 92 668 511
f 92 511 638
f 706 639 511
f 638 511 639
f 707 706 708
f 706 511 708
f 670 666 668
f 708 668 666
f 2402 2412 2767
f 173 2767 2412
f 22 2289 2412
f 173 2412 2289
f 2402 2767 2190
f 2139 2187 2767
f 2190 2767 2187
f 29 2139 2137
f 173 2137 2767
f 2139 2767 2137
f 238 239 339
f 106 339 239
f 75 961 960
f 106 239 961
f 238 960 239
f 961 239 960
f 238 339 798
f 798 339 799
f 799 339 848
f 106 849 339
f 848 339 849
f 199 2665 1061
f 2822 2819 2665
f 2665 2819 1061
f 2821 2819 2822
f 2663 2660 2665
f 2822 2665 2660
f 199 1061 2827
f 2827 1061 2830
f 1138 1289 1433
f 1436 1433 1289
f 1376 1449 1375
f 1436 1289 1449
f 1449 1289 1375
f 1375 1289 1502
f 54 1433 1436
f 974 1145 1572
f 1576 1572 1145
f 1576 1145 1502
f 1375 1502 1145
f 1376 1375 1430
f 974 1430 1145
f 1375 1145 1430
f 49 1572 1576
f 1173 2216 2215
f 1999 2215 2216
f 1095 2385 2027
f 1173 2215 2385
f 2385 2215 2027
f 1236 1234 1235
f 2215 1999 1234
f 1234 1999 1235
f 1171 2216 1173
f 369 287 248
f 248 287 2039
f 2039 287 1955
f 369 1957 287
f 1955 287 1957
f 2095 2094 2097
f 369 248 2094
f 2094 248 2097
f 277 342 278
f 99 343 342
f 103 278 343
f 342 343 278
f 81 791 796
f 103 343 791
f 99 796 343
f 791 343 796
f 843 840 844
f 99 342 840
f 277 844 342
f 840 342 844
f 78 911 912
f 277 278 911
f 103 912 278
f 911 278 912
f 477 484 1002
f 484 1561 1002
f 477 1818 484
f 1968 1716 1715
f 54 1432 1435
f 130 1715 1432
f 1716 1435 1715
f 1432 1715 1435
f 1306 1303 1727
f 1968 1727 1716
f 1303 1716 1727
f 1240 1239 1242
f 1968 1715 1239
f 130 1242 1715
f 1239 1715 1242
f 2361 2168 2167
f 2033 2167 2168
f 17 2413 2414
f 2033 2414 2167
f 2413 2167 2414
f 2361 2068 2168
f 2364 2361 2365
f 2413 2365 2167
f 2361 2167 2365
f 2510 2033 2127
f 2033 210 2127
f 2068 2067 2168
f 2033 2168 210
f 2067 210 2168
f 2510 2414 2033
f 2130 2131 2127
f 2510 2127 2131
f 802 738 803
f 100 803 334
f 738 334 803
f 848 847 846
f 100 334 847
f 847 334 846
f 802 739 738
f 804 802 803
f 799 846 800
f 334 376 846
f 846 376 800
f 739 737 738
f 334 738 376
f 737 376 738
f 799 848 846
f 798 799 800
f 2280 2657 2658
f 2281 2658 2212
f 2657 2659 2658
f 2212 2658 2659
f 2280 2164 2657
f 2163 2657 2164
f 2282 2280 2281
f 2280 2658 2281
f 95 483 679
f 699 679 483
f 729 702 483
f 699 483 702
f 83 729 730
f 95 730 483
f 729 483 730
f 699 684 679
f 113 2886 2887
f 2888 2887 2886
f 2888 2886 907
f 1154 910 2886
f 907 2886 910
f 64 1154 1155
f 113 1155 2886
f 1154 2886 1155
f 73 1026 1027
f 113 2887 1026
f 2888 1027 2887
f 1026 2887 1027
f 2369 2322 2321
f 2297 2056 2322
f 184 2321 2056
f 2322 2056 2321
f 184 2056 2405
f 2297 2404 2056
f 2405 2056 2404
f 2298 2297 2322
f 21 2315 2320
f 2369 2321 2315
f 184 2320 2321
f 2315 2321 2320
f 109 2674 2673
f 112 2408 2674
f 2674 2408 2673
f 2673 2408 1135
f 112 1134 2408
f 1135 2408 1134
f 74 970 972
f 112 2674 970
f 109 972 2674
f 970 2674 972
f 109 2673 1085
f 112 2725 2726
f 74 969 970
f 112 970 2725
f 969 2725 970
f 112 2726 1134
f 1070 1136 2726
f 1134 2726 1136
f 1071 1070 2727
f 2725 2727 2726
f 1070 2726 2727
f 451 405 404
f 83 728 734
f 451 404 728
f 96 734 404
f 728 404 734
f 96 404 786
f 405 789 404
f 786 404 789
f 451 783 405
f 781 405 783
f 1932 389 1934
f 390 1934 389
f 42 1735 1734
f 390 389 1735
f 2129 1734 389
f 1735 389 1734
f 1932 2130 389
f 2129 389 2130
f 1936 1932 1934
f 2129 2128 1740
f 212 340 2128
f 1740 2128 340
f 2130 2128 2129
f 42 1734 1740
f 2129 1740 1734
f 33 1988 1993
f 212 1993 340
f 1988 340 1993
f 664 541 540
f 1695 1691 1692
f 1866 541 1691
f 664 1692 541
f 1691 541 1692
f 664 540 1759
f 38 1867 1866
f 540 541 1867
f 1867 541 1866
f 665 664 1699
f 664 1759 1699
f 665 1692 664
f 1696 1697 1699
f 665 1699 1697
f 223 232 222
f 74 968 971
f 944 232 968
f 223 971 232
f 968 232 971
f 996 993 995
f 223 222 993
f 993 222 995
f 222 232 941
f 941 232 944
f 1286 1794 1793
f 1777 1793 1776
f 1794 1776 1793
f 1777 1776 1291
f 1286 1185 1794
f 1287 1286 1793
f 1117 2106 1959
f 121 1959 2106
f 1204 1202 1201
f 121 2106 1202
f 1202 2106 1201
f 68 1114 1117
f 1201 2106 1114
f 1114 2106 1117
f 61 1243 1247
f 1117 1959 1243
f 121 1247 1959
f 1243 1959 1247
f 1201 2341 118
f 68 1113 1114
f 1201 1114 2341
f 1113 2341 1114
f 1204 1201 118
f 118 2341 1149
f 1113 1146 2341
f 1149 2341 1146
f 2388 2092 2351
f 2092 1795 2351
f 2092 2500 1795
f 2390 2386 2388
f 2386 2092 2388
f 94 515 454
f 554 516 515
f 515 516 454
f 554 661 516
f 85 631 637
f 554 515 631
f 94 637 515
f 631 515 637
f 83 727 731
f 94 454 727
f 516 731 454
f 727 454 731
f 1688 1212 1191
f 1191 1212 940
f 1317 1467 1212
f 940 1212 1467
f 1319 1317 1320
f 1688 1320 1212
f 1317 1212 1320
f 1688 1191 1480
f 1233 1232 2736
f 7 1233 2736
f 2736 1232 2813
f 196 2736 1238
f 2815 1238 2813
f 2736 2813 1238
f 7 2736 2737
f 196 2737 2736
f 196 1238 2728
f 2728 1238 2731
f 2513 1757 1758
f 11 2513 2512
f 2513 1758 2512
f 2512 1758 2261
f 1757 2262 1758
f 2261 1758 2262
f 2513 2509 1757
f 2506 1757 2509
f 2456 2515 1900
f 2512 1900 2515
f 2512 2261 1900
f 2260 1900 2261
f 11 2512 2515
f 2260 2457 1900
f 2456 1900 2457
f 1070 2392 2391
f 2419 2191 2392
f 2392 2191 2391
f 1185 2193 1183
f 2419 1183 2191
f 2193 2191 1183
f 1071 2392 1070
f 1070 2391 1136
f 2191 1136 2391
f 1255 1918 2037
f 1917 2036 1918
f 1918 2036 2037
f 2471 2472 2243
f 1917 2243 2036
f 2472 2036 2243
f 60 1918 1255
f 1255 2037 1220
f 1169 2242 1917
f 2243 1917 2242
f 60 1253 1918
f 1169 1917 1253
f 1253 1917 1918
f 2471 2243 1126
f 2242 1126 2243
f 1167 2251 1169
f 2251 2242 1169
f 2308 2811 2812
f 2179 2812 2811
f 2861 2811 2170
f 2308 2170 2811
f 2309 2308 2310
f 2308 2812 2310
f 27 2536 2179
f 2310 2812 2536
f 2536 2812 2179
f 2312 2307 1529
f 1529 2307 1679
f 2309 2307 2312
f 2312 1529 2601
f 2601 1529 2604
f 1529 1679 2539
f 2656 2791 2792
f 1084 1081 1083
f 2656 1083 2791
f 1081 2791 1083
f 1016 1011 1015
f 2656 2792 1011
f 1011 2792 1015
f 2792 2791 1057
f 1081 1059 2791
f 1057 2791 1059
f 494 493 492
f 691 692 695
f 494 492 692
f 692 492 695
f 695 492 747
f 493 749 492
f 747 492 749
f 685 689 686
f 494 686 493
f 689 493 686
f 1807 1806 487
f 1810 1806 1807
f 1806 1830 487
f 2222 2565 2566
f 2838 2566 2565
f 2227 2566 1105
f 2838 1105 2566
f 1037 2565 1039
f 2222 1039 2565
f 2222 2566 1172
f 2227 1171 2566
f 1172 2566 1171
f 2849 2839 2838
f 2849 2838 1037
f 1037 2838 2565
f 2838 2839 1105
f 1105 2839 69
f 69 2839 1043
f 1043 2839 2849
f 1825 1281 1803
f 1276 1825 1277
f 1825 1803 1277
f 1277 1803 1358
f 1281 1358 1803
f 1825 1282 1281
f 2170 2186 2850
f 2170 2850 2861
f 28 2850 2174
f 2186 2174 2850
f 210 2067 212
f 2067 268 212
f 212 268 1993
f 268 2067 2068
f 2130 2127 2128
f 210 212 2127
f 2127 212 2128
f 1897 160 291
f 157 160 2034
f 1897 2034 160
f 1896 1897 1895
f 1897 291 1895
f 29 2138 2141
f 1895 291 2138
f 160 2141 291
f 2138 291 2141
f 1416 1329 1418
f 1314 1418 1422
f 1329 1422 1418
f 1428 1423 1422
f 1314 1422 1423
f 1416 1328 1329
f 1417 1416 1418
f 1010 1345 1346
f 1412 1345 1554
f 1010 1555 1345
f 1554 1345 1555
f 1010 1346 1359
f 55 1347 1412
f 1346 1345 1347
f 1347 1345 1412
f 2253 1982 2208
f 16 2435 2434
f 2253 2434 1982
f 2435 1982 2434
f 2301 2300 2302
f 2253 2208 2300
f 2300 2208 2302
f 2344 2343 2346
f 2302 2208 2343
f 1982 2346 2208
f 2343 2208 2346
f 188 2434 2333
f 2338 2333 2253
f 2434 2253 2333
f 2338 2253 2300
f 16 2434 2437
f 188 2437 2434
f 19 2333 2338
f 740 736 437
f 736 445 437
f 437 445 696
f 696 445 698
f 739 736 740
f 747 746 748
f 740 437 746
f 746 437 748
f 161 2891 2890
f 173 2411 2891
f 2890 2891 2411
f 29 2137 2136
f 173 2891 2137
f 161 2136 2891
f 2137 2891 2136
f 161 2890 2155
f 22 2393 2289
f 173 2289 2411
f 2393 2411 2289
f 206 2889 2462
f 161 2157 2889
f 2889 2157 2462
f 161 2155 2157
f 29 2136 2889
f 161 2889 2136
f 206 2462 2274
f 650 527 533
f 659 656 658
f 650 658 527
f 656 527 658
f 624 652 533
f 650 533 652
f 86 624 625
f 527 625 533
f 624 533 625
f 485 480 859
f 1520 859 1611
f 480 1611 859
f 40 1814 1817
f 485 1817 480
f 1814 480 1817
f 51 1517 1520
f 485 859 1517
f 1517 859 1520
f 1404 1456 1457
f 1404 1457 2508
f 10 2627 2630
f 1457 1456 2627
f 2627 1456 2630
f 9 2650 2652
f 2630 1456 2650
f 1404 2652 1456
f 2650 1456 2652
f 1483 1364 1511
f 134 1511 1364
f 52 1511 1513
f 134 1513 1511
f 1342 1341 1364
f 134 1364 1341
f 1483 1511 1398
f 1398 1511 1399
f 1720 1688 1687
f 1481 1477 1480
f 1688 1480 1687
f 1477 1687 1480
f 1720 1320 1688
f 1720 1687 1305
f 1477 1306 1687
f 1305 1687 1306
f 235 238 341
f 238 798 341
f 75 960 963
f 235 963 238
f 960 238 963
f 235 341 842
f 292 895 2866
f 2859 2866 895
f 1037 1036 1038
f 2859 1038 2866
f 1036 2866 1038
f 2859 895 892
f 292 2866 1005
f 1036 1005 2866
f 1425 1642 1643
f 1328 1327 1329
f 1643 1642 1327
f 1422 1329 1642
f 1327 1642 1329
f 1428 1422 1425
f 1422 1642 1425
f 1425 1643 1209
f 1280 1812 1811
f 1093 1811 1812
f 1328 1811 1327
f 1093 1327 1811
f 70 1093 1812
f 1282 1280 1637
f 1280 1811 1637
f 2186 2624 2625
f 2186 2625 2174
f 2625 2624 2220
f 2356 2220 2624
f 2358 2356 2186
f 2356 2624 2186
f 2176 2174 2698
f 2625 2698 2174
f 2625 2220 2698
f 2633 2698 2220
f 28 2174 2176
