####
#
# OBJ File Generated by Meshlab
#
####
# Object sphere-reduced.obj
#
# Vertices: 2502
# Faces: 5000
#
####
v -0.020630 -0.389870 -0.920944
v 0.020630 -0.367821 -0.930271
v 0.112106 -0.282612 -0.952869
v 0.071110 -0.350164 -0.934425
v -0.071110 -0.350164 -0.934425
v -0.010660 -0.284204 -0.958913
v -0.110840 -0.413817 -0.904036
v -0.225795 -0.474767 -0.851239
v -0.152589 -0.456109 -0.877403
v -0.050189 -0.448105 -0.893026
v -0.142094 -0.330464 -0.933504
v 0.010405 -0.150516 -0.988750
v 0.050774 -0.284096 -0.957879
v 0.030630 -0.216950 -0.976119
v -0.091753 -0.283196 -0.955088
v -0.040982 -0.234237 -0.971734
v 0.110840 -0.413817 -0.904036
v 0.142094 -0.330464 -0.933504
v 0.152589 -0.456109 -0.877403
v 0.039840 -0.454496 -0.890485
v 0.225795 -0.474767 -0.851239
v 0.278801 -0.165949 -0.946520
v 0.257071 -0.247997 -0.933686
v 0.323373 -0.214887 -0.921373
v 0.373650 -0.213585 -0.902285
v 0.429581 -0.065880 -0.900452
v 0.443349 0.000000 -0.896946
v 0.506066 -0.083172 -0.859302
v 0.481249 -0.049366 -0.875021
v 0.436563 -0.128876 -0.891000
v 0.451504 -0.254693 -0.854780
v 0.450913 -0.180018 -0.873880
v 0.364040 -0.127706 -0.923349
v 0.379184 -0.049518 -0.923655
v 0.143326 -0.050025 -0.988190
v 0.201029 -0.181991 -0.963247
v 0.109843 -0.216156 -0.970533
v 0.179629 -0.149831 -0.972854
v 0.069238 -0.150523 -0.986547
v 0.115345 -0.116627 -0.986235
v 0.062582 -0.082632 -0.995249
v 0.155041 0.000000 -0.987756
v 0.189720 -0.083251 -0.977982
v 0.275456 -0.071902 -0.959349
v 0.212887 0.000000 -0.977636
v 0.215001 -0.305999 -0.927971
v 0.185269 -0.248741 -0.951058
v 0.188264 -0.377291 -0.907160
v 0.293688 -0.279635 -0.913918
v 0.348479 -0.377200 -0.858858
v 0.410718 -0.275275 -0.869990
v 0.356798 -0.293253 -0.887603
v 0.289310 -0.328193 -0.899838
v 0.244456 -0.404493 -0.881663
v 0.345116 -0.477816 -0.808137
v 0.290819 -0.446218 -0.846794
v 0.030420 -0.634161 -0.773368
v -0.030372 -0.656763 -0.753973
v -0.217579 -0.571092 -0.792473
v -0.289885 -0.537239 -0.793014
v -0.264015 -0.611323 -0.746704
v -0.167900 -0.526967 -0.833913
v -0.050246 -0.610152 -0.791144
v -0.039788 -0.548383 -0.835709
v -0.088393 -0.506682 -0.858002
v -0.109904 -0.584043 -0.804972
v -0.090493 -0.676461 -0.731678
v -0.177917 -0.638666 -0.749382
v -0.149803 -0.693700 -0.704999
v 0.110115 -0.736933 -0.667449
v 0.009826 -0.700525 -0.714062
v 0.030282 -0.740554 -0.671846
v 0.087877 -0.777801 -0.622903
v -0.001228 -0.785462 -0.619823
v 0.038123 -0.821761 -0.569568
v -0.087877 -0.777801 -0.622903
v -0.040460 -0.730179 -0.682517
v -0.110115 -0.736933 -0.667449
v 0.217579 -0.571092 -0.792473
v 0.149803 -0.693700 -0.704999
v 0.177917 -0.638665 -0.749382
v 0.090493 -0.676461 -0.731678
v 0.099821 -0.589765 -0.802266
v 0.088393 -0.506682 -0.858002
v 0.009032 -0.508564 -0.861393
v 0.029509 -0.563014 -0.826352
v 0.289885 -0.537239 -0.793014
v 0.167900 -0.526967 -0.833913
v 0.264015 -0.611323 -0.746704
v -0.278801 -0.165949 -0.946520
v -0.323373 -0.214887 -0.921373
v -0.373650 -0.213585 -0.902285
v -0.257071 -0.247997 -0.933686
v -0.290819 -0.446218 -0.846794
v -0.345116 -0.477816 -0.808137
v -0.244456 -0.404493 -0.881663
v -0.410718 -0.275275 -0.869990
v -0.348479 -0.377200 -0.858858
v -0.356798 -0.293253 -0.887603
v -0.286527 -0.314829 -0.905716
v -0.188264 -0.377291 -0.907160
v -0.185269 -0.248741 -0.951058
v -0.215001 -0.305999 -0.927971
v -0.143326 -0.050025 -0.988190
v -0.275456 -0.071902 -0.959349
v -0.189720 -0.083251 -0.977982
v -0.155041 0.000000 -0.987756
v -0.212887 -0.000000 -0.977636
v -0.093124 -0.066737 -0.993264
v -0.029292 -0.073036 -0.997397
v -0.075273 -0.000000 -0.997714
v -0.115345 -0.116627 -0.986235
v -0.069238 -0.150523 -0.986547
v -0.179629 -0.149831 -0.972854
v -0.109843 -0.216156 -0.970533
v -0.201029 -0.181991 -0.963247
v -0.429581 -0.065880 -0.900452
v -0.364040 -0.127706 -0.923349
v -0.377639 -0.033973 -0.926043
v -0.450913 -0.180018 -0.873880
v -0.451504 -0.254693 -0.854780
v -0.436563 -0.128876 -0.891000
v -0.507711 -0.107796 -0.855410
v -0.500217 -0.030890 -0.865951
v 0.001852 -0.008913 -1.000405
v 0.030868 0.384217 -0.922954
v 0.010206 0.317768 -0.948335
v 0.071110 0.350164 -0.934425
v -0.030821 0.384438 -0.923090
v -0.073762 0.336128 -0.939531
v -0.112106 0.282612 -0.952869
v 0.010405 0.150516 -0.988750
v 0.091753 0.283196 -0.955088
v 0.040982 0.234237 -0.971734
v -0.039619 0.274811 -0.961281
v -0.030630 0.216950 -0.976119
v -0.110840 0.413817 -0.904036
v -0.152589 0.456109 -0.877403
v -0.039840 0.454496 -0.890485
v -0.225795 0.474767 -0.851239
v -0.142094 0.330464 -0.933504
v 0.110840 0.413817 -0.904036
v 0.152589 0.456109 -0.877403
v 0.050189 0.448105 -0.893026
v 0.142094 0.330464 -0.933504
v 0.225795 0.474767 -0.851239
v 0.030372 0.656763 -0.753973
v -0.030420 0.634161 -0.773368
v -0.038123 0.821761 -0.569568
v 0.001228 0.785462 -0.619823
v 0.030282 0.740554 -0.671846
v 0.009826 0.700525 -0.714062
v 0.110115 0.736933 -0.667449
v 0.087877 0.777801 -0.622903
v -0.040460 0.730179 -0.682517
v -0.087877 0.777801 -0.622903
v -0.217579 0.571092 -0.792473
v -0.039788 0.548383 -0.835709
v -0.088393 0.506682 -0.858002
v -0.167900 0.526967 -0.833913
v -0.099821 0.589765 -0.802266
v -0.090493 0.676461 -0.731678
v 0.217579 0.571092 -0.792473
v 0.029509 0.563014 -0.826352
v 0.009032 0.508564 -0.861393
v 0.088393 0.506682 -0.858002
v 0.050246 0.610152 -0.791144
v 0.177917 0.638666 -0.749382
v 0.149803 0.693700 -0.704999
v 0.109904 0.584043 -0.804972
v 0.090493 0.676461 -0.731678
v 0.289885 0.537239 -0.793014
v 0.264015 0.611323 -0.746704
v 0.167900 0.526967 -0.833913
v 0.289822 0.000000 -0.956924
v 0.278801 0.165949 -0.946520
v 0.323373 0.214887 -0.921373
v 0.373650 0.213585 -0.902285
v 0.257071 0.247997 -0.933686
v 0.143326 0.050025 -0.988190
v -0.008249 0.051576 -0.998793
v 0.075273 0.000000 -0.997714
v 0.062582 0.082632 -0.995249
v 0.179629 0.149831 -0.972854
v 0.201029 0.181991 -0.963247
v 0.109843 0.216156 -0.970533
v 0.115345 0.116627 -0.986235
v 0.069238 0.150523 -0.986547
v 0.189720 0.083251 -0.977982
v 0.275456 0.071902 -0.959349
v 0.429581 0.065880 -0.900452
v 0.451504 0.254693 -0.854780
v 0.436563 0.128876 -0.891000
v 0.450913 0.180018 -0.873880
v 0.507711 0.107796 -0.855410
v 0.500217 0.030890 -0.865951
v 0.377639 0.033973 -0.926043
v 0.364040 0.127706 -0.923349
v 0.347676 0.000000 -0.938184
v 0.410718 0.275275 -0.869990
v 0.348479 0.377200 -0.858858
v 0.356798 0.293253 -0.887603
v 0.188264 0.377291 -0.907160
v 0.215001 0.305999 -0.927971
v 0.185269 0.248741 -0.951058
v 0.286527 0.314829 -0.905716
v 0.244456 0.404493 -0.881663
v 0.345116 0.477816 -0.808137
v 0.290819 0.446218 -0.846794
v -0.289822 0.000000 -0.956924
v -0.278801 0.165949 -0.946520
v -0.323373 0.214887 -0.921373
v -0.373650 0.213585 -0.902285
v -0.257071 0.247997 -0.933686
v -0.143326 0.050025 -0.988190
v -0.062582 0.082632 -0.995249
v -0.189720 0.083251 -0.977982
v -0.275456 0.071902 -0.959349
v -0.179629 0.149831 -0.972854
v -0.115345 0.116627 -0.986235
v -0.069238 0.150523 -0.986547
v -0.109843 0.216156 -0.970533
v -0.201029 0.181991 -0.963247
v -0.356798 0.293253 -0.887603
v -0.244456 0.404493 -0.881663
v -0.290819 0.446218 -0.846794
v -0.188264 0.377291 -0.907160
v -0.286527 0.314829 -0.905716
v -0.185269 0.248741 -0.951058
v -0.215001 0.305999 -0.927971
v -0.429581 0.065880 -0.900452
v -0.436563 0.128876 -0.891000
v -0.379184 0.049518 -0.923655
v -0.347676 0.000000 -0.938184
v -0.364040 0.127706 -0.923349
v -0.443349 -0.000000 -0.896946
v -0.481249 0.049366 -0.875021
v -0.504967 0.800356 -0.322407
v -0.642706 0.541406 -0.542411
v -0.591325 0.588872 -0.551733
v -0.542418 0.642698 -0.541410
v -0.554883 0.573503 -0.603614
v -0.500894 0.548130 -0.670663
v -0.494644 0.501729 -0.710277
v -0.431864 0.542325 -0.721049
v -0.414165 0.483094 -0.772168
v -0.469287 0.591410 -0.656367
v -0.489291 0.623643 -0.609967
v -0.442644 0.648980 -0.619113
v -0.570139 0.490834 -0.659421
v -0.669568 0.490222 -0.558724
v -0.727967 0.432521 -0.532732
v -0.710433 0.494910 -0.501134
v -0.695907 0.538659 -0.475950
v -0.741346 0.370086 -0.560491
v -0.617201 0.500449 -0.607812
v -0.662404 0.426469 -0.616882
v -0.579943 0.694032 -0.427224
v -0.634536 0.593428 -0.496006
v -0.586196 0.648383 -0.486631
v -0.490831 0.659423 -0.570138
v -0.527594 0.698592 -0.484461
v -0.515464 0.761159 -0.395128
v -0.744220 0.585274 -0.323677
v -0.757634 0.614971 -0.220700
v -0.704299 0.653674 -0.278994
v -0.779012 0.554834 -0.290790
v -0.818307 0.500812 -0.281496
v -0.802616 0.561477 -0.204216
v -0.803444 0.591491 -0.075596
v -0.829924 0.550391 -0.098195
v -0.768013 0.626914 -0.135171
v -0.830075 0.515604 -0.215704
v -0.818740 0.417502 -0.393600
v -0.725597 0.563283 -0.396150
v -0.767657 0.511645 -0.387407
v -0.765891 0.462945 -0.447313
v -0.772815 0.389994 -0.501387
v -0.798975 0.407489 -0.441916
v -0.817975 0.463352 -0.342989
v -0.681262 0.588029 -0.437150
v -0.690296 0.626525 -0.363149
v -0.630851 0.657092 -0.413477
v -0.642269 0.693888 -0.327512
v -0.609441 0.757792 -0.235559
v -0.669629 0.709040 -0.223682
v -0.715919 0.668771 -0.202037
v -0.586586 0.721916 -0.368046
v -0.574675 0.754827 -0.317724
v -0.544795 0.796579 -0.263313
v -0.267527 0.813231 -0.517682
v -0.301934 0.731400 -0.612580
v -0.219121 0.716273 -0.663387
v -0.289885 0.537239 -0.793014
v -0.354302 0.535203 -0.767287
v -0.264015 0.611323 -0.746704
v -0.350424 0.595346 -0.724151
v -0.388932 0.672203 -0.630756
v -0.351155 0.652346 -0.672183
v -0.399616 0.608356 -0.686236
v -0.298721 0.679958 -0.670176
v -0.177917 0.638665 -0.749382
v -0.149803 0.693700 -0.704999
v -0.241189 0.668985 -0.703500
v -0.239710 0.788906 -0.566632
v -0.182624 0.821866 -0.540277
v -0.114857 0.859403 -0.499721
v -0.137367 0.809219 -0.572447
v -0.178743 0.760159 -0.625587
v -0.110115 0.736933 -0.667449
v -0.490911 0.744695 -0.452663
v -0.376533 0.806318 -0.457053
v -0.307658 0.864681 -0.396297
v -0.252811 0.855448 -0.452418
v -0.363423 0.860666 -0.357908
v -0.333129 0.823085 -0.461192
v -0.468124 0.719232 -0.514072
v -0.409990 0.705308 -0.579170
v -0.404866 0.757793 -0.512584
v -0.343236 0.763148 -0.548775
v -0.441582 0.785345 -0.435015
v -0.390377 0.827361 -0.403453
v -0.453411 0.818573 -0.353595
v -0.626737 0.274858 -0.729867
v -0.647338 0.227343 -0.728422
v -0.500812 0.281496 -0.818307
v -0.593099 0.332160 -0.733922
v -0.540468 0.314963 -0.780771
v -0.345116 0.477816 -0.808137
v -0.410718 0.275275 -0.869990
v -0.389315 0.413528 -0.823953
v -0.348479 0.377200 -0.858858
v -0.461190 0.333126 -0.823087
v -0.484142 0.382379 -0.786614
v -0.472555 0.442376 -0.762964
v -0.529702 0.463195 -0.711047
v -0.537375 0.392125 -0.747065
v -0.700347 0.389961 -0.597538
v -0.681641 0.325543 -0.656294
v -0.731049 0.311735 -0.607658
v -0.791695 0.335797 -0.509935
v -0.596213 0.414129 -0.688730
v -0.634391 0.355075 -0.687102
v -0.565663 0.144864 -0.812474
v -0.583016 0.233458 -0.778778
v -0.626914 0.135171 -0.768013
v -0.450913 0.180018 -0.873880
v -0.451504 0.254693 -0.854780
v -0.504816 0.186382 -0.843388
v -0.530324 0.225256 -0.817904
v -0.506066 0.083172 -0.859302
v -0.936035 -0.010334 -0.351147
v -0.946290 -0.122493 -0.298519
v -0.953855 -0.142271 -0.263639
v -0.940389 -0.061711 -0.333830
v -0.920535 -0.072094 -0.383396
v -0.963460 -0.020392 -0.266294
v -0.952741 -0.041061 -0.300304
v -0.940389 0.061711 -0.333830
v -0.920535 0.072094 -0.383396
v -0.946290 0.122493 -0.298519
v -0.953855 0.142271 -0.263639
v -0.952741 0.041061 -0.300304
v -0.922481 0.030933 -0.384248
v -0.915703 -0.020598 -0.400798
v -0.876972 0.000000 -0.479997
v -0.898245 0.081491 -0.431426
v -0.901239 0.131131 -0.412529
v -0.860438 0.138204 -0.490456
v -0.879485 0.179215 -0.440316
v -0.837822 0.224725 -0.497157
v -0.842734 0.261945 -0.471290
v -0.929978 0.112723 -0.349311
v -0.917008 0.176796 -0.359220
v -0.892970 0.030983 -0.448583
v -0.881041 0.100172 -0.461894
v -0.860438 -0.138204 -0.490456
v -0.898245 -0.081491 -0.431426
v -0.901239 -0.131131 -0.412529
v -0.879485 -0.179215 -0.440316
v -0.929978 -0.112723 -0.349311
v -0.917008 -0.176796 -0.359220
v -0.837822 -0.224725 -0.497157
v -0.842734 -0.261945 -0.471290
v -0.892970 -0.030983 -0.448583
v -0.881041 -0.100172 -0.461894
v -0.984886 0.041219 -0.166965
v -0.981325 -0.077054 -0.174824
v -0.967590 0.030713 -0.249876
v -0.975904 -0.010321 -0.217054
v -0.963966 -0.091849 -0.248875
v -0.974679 -0.051337 -0.216746
v -0.963966 0.091849 -0.248875
v -0.974679 0.051337 -0.216746
v -0.988387 -0.010321 -0.150301
v -0.993736 -0.041209 -0.100086
v -0.927771 -0.309823 -0.206879
v -0.941388 -0.293223 -0.165778
v -0.942640 -0.254356 -0.215433
v -0.952777 -0.272560 -0.132669
v -0.946909 -0.310163 -0.082706
v -0.903264 -0.380782 -0.196970
v -0.887969 -0.446806 -0.106958
v -0.900452 -0.429581 -0.065880
v -0.930166 -0.347625 -0.115416
v -0.923655 -0.379184 -0.049518
v -0.938069 -0.344433 -0.033031
v -0.896971 -0.416234 -0.147964
v -0.910609 -0.396455 -0.115366
v -0.917595 -0.361370 -0.164648
v -0.937233 -0.207240 -0.279319
v -0.921421 -0.284010 -0.263834
v -0.910475 -0.253307 -0.325853
v -0.830435 -0.345956 -0.437939
v -0.871442 -0.314148 -0.378468
v -0.885662 -0.228549 -0.403221
v -0.891456 -0.329722 -0.309779
v -0.899732 -0.359164 -0.246650
v -0.879009 -0.408709 -0.244891
v -0.988190 -0.143326 -0.050025
v -0.964280 -0.174565 -0.198458
v -0.967412 -0.132717 -0.214741
v -0.953071 -0.194763 -0.231092
v -0.960107 -0.223510 -0.165847
v -0.975128 -0.161630 -0.149578
v -0.977530 -0.203263 -0.049966
v -0.977898 -0.182847 -0.099886
v -0.962211 -0.258070 -0.083077
v -0.987117 -0.106664 -0.116583
v -0.993264 -0.093124 -0.066737
v -0.927771 0.309823 -0.206879
v -0.941388 0.293223 -0.165778
v -0.952777 0.272560 -0.132669
v -0.946909 0.310163 -0.082706
v -0.942640 0.254356 -0.215433
v -0.903264 0.380782 -0.196970
v -0.814119 0.317573 -0.485858
v -0.830435 0.345956 -0.437939
v -0.885662 0.228549 -0.403221
v -0.871442 0.314148 -0.378468
v -0.921421 0.284010 -0.263834
v -0.937233 0.207240 -0.279319
v -0.910475 0.253307 -0.325853
v -0.891456 0.329722 -0.309779
v -0.899732 0.359164 -0.246650
v -0.847022 0.382755 -0.368447
v -0.864681 0.396297 -0.307658
v -0.856658 0.495770 -0.141580
v -0.887969 0.446806 -0.106958
v -0.929056 0.359790 -0.082464
v -0.861409 0.503530 -0.075299
v -0.898779 0.434914 -0.049406
v -0.873880 0.450913 -0.180018
v -0.910609 0.396455 -0.115366
v -0.896971 0.416234 -0.147964
v -0.924042 0.351315 -0.148288
v -0.854780 0.451504 -0.254693
v -0.879009 0.408709 -0.244891
v -0.988190 0.143326 -0.050025
v -0.959877 0.277862 -0.033176
v -0.977530 0.203263 -0.049966
v -0.962211 0.258070 -0.083077
v -0.977898 0.182847 -0.099886
v -0.978606 0.092312 -0.182797
v -0.967412 0.132717 -0.214741
v -0.964280 0.174565 -0.198458
v -0.953071 0.194763 -0.231092
v -0.960107 0.223510 -0.165847
v -0.975128 0.161630 -0.149578
v -0.987117 0.106664 -0.116583
v -0.991637 0.051475 -0.116697
v -0.997166 0.020632 -0.066786
v -0.994960 0.082828 -0.050062
v -0.718172 -0.000000 -0.696194
v -0.753973 -0.030372 -0.656763
v -0.773368 0.030420 -0.634161
v -0.791405 -0.030478 -0.610269
v -0.780185 0.193233 -0.594590
v -0.844694 0.186285 -0.501401
v -0.822051 0.175567 -0.542772
v -0.785142 0.272386 -0.557236
v -0.730529 0.110855 -0.674456
v -0.709028 0.223677 -0.669644
v -0.745738 0.244480 -0.620272
v -0.754460 0.141367 -0.641831
v -0.802268 0.099823 -0.589762
v -0.856068 0.088778 -0.508415
v -0.834802 0.021558 -0.551211
v -0.780185 -0.193233 -0.594590
v -0.730529 -0.110855 -0.674456
v -0.754460 -0.141367 -0.641831
v -0.822051 -0.175567 -0.542772
v -0.844694 -0.186285 -0.501401
v -0.785142 -0.272386 -0.557236
v -0.856068 -0.088778 -0.508415
v -0.802268 -0.099823 -0.589762
v -0.838315 -0.027168 -0.545639
v -0.626076 -0.049191 -0.778780
v -0.684903 -0.157121 -0.712150
v -0.688716 -0.064377 -0.723092
v -0.671870 -0.010167 -0.740393
v -0.684903 0.157121 -0.712150
v -0.688466 0.060659 -0.723702
v -0.628759 0.030390 -0.777462
v -0.591491 0.075596 -0.803444
v -0.554037 0.046623 -0.831587
v -0.599390 -0.011082 -0.800966
v -0.504967 -0.800356 -0.322407
v -0.542418 -0.642698 -0.541410
v -0.642706 -0.541406 -0.542411
v -0.591325 -0.588872 -0.551733
v -0.554883 -0.573503 -0.603614
v -0.669568 -0.490222 -0.558724
v -0.727967 -0.432521 -0.532732
v -0.741346 -0.370086 -0.560491
v -0.695907 -0.538659 -0.475950
v -0.710433 -0.494910 -0.501134
v -0.617201 -0.500449 -0.607812
v -0.662404 -0.426469 -0.616882
v -0.494644 -0.501729 -0.710277
v -0.500894 -0.548130 -0.670663
v -0.431864 -0.542325 -0.721049
v -0.469287 -0.591410 -0.656367
v -0.489291 -0.623643 -0.609967
v -0.442644 -0.648980 -0.619113
v -0.414165 -0.483094 -0.772168
v -0.570139 -0.490834 -0.659421
v -0.579943 -0.694032 -0.427224
v -0.490832 -0.659423 -0.570138
v -0.527594 -0.698592 -0.484461
v -0.634536 -0.593428 -0.496006
v -0.586196 -0.648383 -0.486631
v -0.515464 -0.761159 -0.395128
v -0.301934 -0.731400 -0.612580
v -0.267527 -0.813231 -0.517682
v -0.219121 -0.716273 -0.663387
v -0.114857 -0.859403 -0.499721
v 0.011882 -0.852886 -0.522568
v -0.056776 -0.822586 -0.566405
v -0.239710 -0.788906 -0.566632
v -0.182624 -0.821866 -0.540277
v -0.137367 -0.809219 -0.572447
v -0.178743 -0.760159 -0.625587
v -0.388932 -0.672203 -0.630756
v -0.399616 -0.608356 -0.686236
v -0.351155 -0.652346 -0.672183
v -0.354302 -0.535203 -0.767287
v -0.350424 -0.595346 -0.724151
v -0.298721 -0.679958 -0.670176
v -0.241189 -0.668985 -0.703500
v -0.490911 -0.744695 -0.452663
v -0.376533 -0.806318 -0.457053
v -0.404866 -0.757793 -0.512584
v -0.409990 -0.705308 -0.579170
v -0.468124 -0.719232 -0.514072
v -0.343236 -0.763148 -0.548775
v -0.363423 -0.860666 -0.357908
v -0.307658 -0.864681 -0.396297
v -0.333129 -0.823085 -0.461192
v -0.252811 -0.855448 -0.452418
v -0.390377 -0.827361 -0.403453
v -0.441582 -0.785345 -0.435015
v -0.453411 -0.818573 -0.353595
v -0.749895 -0.583460 -0.314139
v -0.757634 -0.614971 -0.220700
v -0.704299 -0.653674 -0.278994
v -0.809786 -0.518582 -0.276562
v -0.818740 -0.417502 -0.393600
v -0.814119 -0.317573 -0.485858
v -0.772815 -0.389994 -0.501387
v -0.765891 -0.462945 -0.447313
v -0.798975 -0.407489 -0.441916
v -0.767657 -0.511645 -0.387407
v -0.725597 -0.563283 -0.396150
v -0.817975 -0.463352 -0.342989
v -0.847022 -0.382755 -0.368447
v -0.864681 -0.396297 -0.307658
v -0.802616 -0.561477 -0.204216
v -0.791307 -0.597867 -0.132151
v -0.757376 -0.640983 -0.127035
v -0.863917 -0.490054 -0.114869
v -0.805304 -0.593436 -0.020956
v -0.836054 -0.541083 -0.096719
v -0.873880 -0.450913 -0.180018
v -0.854780 -0.451504 -0.254693
v -0.843387 -0.504816 -0.186383
v -0.669629 -0.709040 -0.223682
v -0.715919 -0.668771 -0.202037
v -0.609441 -0.757792 -0.235559
v -0.642269 -0.693888 -0.327512
v -0.630851 -0.657092 -0.413477
v -0.681262 -0.588029 -0.437150
v -0.690296 -0.626525 -0.363149
v -0.574675 -0.754827 -0.317724
v -0.586586 -0.721916 -0.368046
v -0.544795 -0.796579 -0.263313
v -0.500812 -0.281496 -0.818307
v -0.626737 -0.274858 -0.729867
v -0.647338 -0.227343 -0.728422
v -0.593099 -0.332159 -0.733922
v -0.700347 -0.389961 -0.597538
v -0.681641 -0.325543 -0.656294
v -0.731049 -0.311735 -0.607658
v -0.791695 -0.335797 -0.509935
v -0.709028 -0.223677 -0.669644
v -0.745738 -0.244480 -0.620272
v -0.596213 -0.414129 -0.688730
v -0.634391 -0.355075 -0.687102
v -0.540468 -0.314963 -0.780771
v -0.389315 -0.413528 -0.823953
v -0.461190 -0.333126 -0.823087
v -0.472555 -0.442376 -0.762964
v -0.484142 -0.382379 -0.786614
v -0.529702 -0.463195 -0.711047
v -0.537375 -0.392125 -0.747065
v -0.518790 -0.213875 -0.828567
v -0.583016 -0.233458 -0.778778
v -0.626914 -0.135171 -0.768013
v -0.575772 -0.135312 -0.807234
v -0.554037 -0.046623 -0.831587
v 0.030868 -0.384217 0.922954
v 0.010206 -0.317768 0.948335
v 0.071110 -0.350164 0.934425
v -0.030821 -0.384438 0.923090
v -0.073762 -0.336128 0.939531
v -0.112106 -0.282612 0.952869
v 0.010405 -0.150516 0.988750
v 0.091753 -0.283196 0.955088
v 0.040982 -0.234237 0.971734
v -0.039619 -0.274811 0.961281
v -0.030630 -0.216950 0.976119
v -0.110840 -0.413817 0.904036
v -0.152589 -0.456109 0.877403
v -0.039840 -0.454496 0.890485
v -0.225795 -0.474767 0.851239
v -0.142094 -0.330464 0.933504
v 0.110840 -0.413817 0.904036
v 0.152589 -0.456109 0.877403
v 0.050189 -0.448105 0.893026
v 0.142094 -0.330464 0.933504
v 0.225795 -0.474767 0.851239
v 0.030372 -0.656763 0.753973
v -0.030420 -0.634161 0.773368
v -0.038123 -0.821761 0.569568
v 0.001228 -0.785462 0.619823
v 0.030282 -0.740554 0.671846
v 0.009826 -0.700525 0.714062
v 0.110115 -0.736933 0.667449
v 0.087877 -0.777801 0.622903
v -0.040460 -0.730179 0.682517
v -0.217579 -0.571092 0.792473
v -0.039788 -0.548383 0.835709
v -0.088393 -0.506682 0.858002
v -0.167900 -0.526967 0.833913
v -0.099821 -0.589765 0.802266
v -0.090493 -0.676461 0.731678
v 0.217579 -0.571092 0.792473
v 0.029509 -0.563014 0.826352
v 0.009032 -0.508564 0.861393
v 0.088393 -0.506682 0.858002
v 0.050246 -0.610152 0.791144
v 0.177917 -0.638666 0.749382
v 0.149803 -0.693700 0.704999
v 0.109904 -0.584043 0.804972
v 0.090493 -0.676461 0.731678
v 0.289885 -0.537239 0.793014
v 0.264015 -0.611323 0.746704
v 0.167900 -0.526967 0.833913
v 0.278801 -0.165949 0.946520
v 0.323373 -0.214887 0.921373
v 0.373650 -0.213585 0.902285
v 0.257071 -0.247997 0.933686
v 0.143326 -0.050025 0.988190
v 0.075273 -0.000000 0.997714
v 0.062582 -0.082632 0.995249
v 0.179629 -0.149831 0.972854
v 0.201029 -0.181991 0.963247
v 0.109843 -0.216156 0.970533
v 0.115345 -0.116627 0.986235
v 0.069238 -0.150523 0.986547
v 0.189720 -0.083251 0.977982
v 0.275456 -0.071902 0.959349
v 0.429581 -0.065880 0.900452
v 0.451504 -0.254693 0.854780
v 0.436563 -0.128876 0.891000
v 0.450913 -0.180018 0.873880
v 0.506066 -0.083172 0.859302
v 0.481249 -0.049366 0.875021
v 0.377639 -0.033973 0.926043
v 0.364040 -0.127706 0.923349
v 0.410718 -0.275275 0.869990
v 0.348479 -0.377200 0.858858
v 0.356798 -0.293253 0.887603
v 0.188264 -0.377291 0.907160
v 0.215001 -0.305999 0.927971
v 0.185269 -0.248741 0.951058
v 0.286527 -0.314829 0.905716
v 0.244456 -0.404493 0.881663
v 0.345116 -0.477816 0.808137
v 0.290819 -0.446218 0.846794
v -0.278801 -0.165949 0.946520
v -0.323373 -0.214887 0.921373
v -0.373650 -0.213585 0.902285
v -0.257071 -0.247997 0.933686
v -0.143326 -0.050025 0.988190
v -0.029292 -0.073036 0.997397
v -0.093124 -0.066737 0.993264
v -0.189720 -0.083251 0.977982
v -0.275456 -0.071902 0.959349
v -0.155041 0.000000 0.987756
v -0.179629 -0.149831 0.972854
v -0.115345 -0.116627 0.986235
v -0.069238 -0.150523 0.986547
v -0.109843 -0.216156 0.970533
v -0.201029 -0.181991 0.963247
v -0.356798 -0.293253 0.887603
v -0.244456 -0.404493 0.881663
v -0.290819 -0.446218 0.846794
v -0.188264 -0.377291 0.907160
v -0.286527 -0.314829 0.905716
v -0.185269 -0.248741 0.951058
v -0.215001 -0.305999 0.927971
v -0.429581 -0.065880 0.900452
v -0.436563 -0.128876 0.891000
v -0.379184 -0.049518 0.923655
v -0.347676 -0.000000 0.938184
v -0.364040 -0.127706 0.923349
v -0.443349 0.000000 0.896946
v -0.481249 -0.049366 0.875021
v -0.504967 -0.800356 0.322407
v -0.642706 -0.541406 0.542411
v -0.591325 -0.588872 0.551733
v -0.542418 -0.642698 0.541410
v -0.554883 -0.573503 0.603614
v -0.500894 -0.548130 0.670663
v -0.494644 -0.501729 0.710277
v -0.431864 -0.542325 0.721049
v -0.414165 -0.483094 0.772168
v -0.469287 -0.591410 0.656367
v -0.489291 -0.623643 0.609967
v -0.442644 -0.648980 0.619113
v -0.570139 -0.490834 0.659421
v -0.669568 -0.490222 0.558724
v -0.727967 -0.432521 0.532732
v -0.710433 -0.494910 0.501134
v -0.695907 -0.538659 0.475950
v -0.741346 -0.370086 0.560491
v -0.617201 -0.500449 0.607812
v -0.662404 -0.426469 0.616882
v -0.579943 -0.694032 0.427224
v -0.634536 -0.593428 0.496006
v -0.586196 -0.648383 0.486631
v -0.490831 -0.659423 0.570138
v -0.527594 -0.698592 0.484461
v -0.515464 -0.761159 0.395128
v -0.744220 -0.585274 0.323677
v -0.757634 -0.614971 0.220700
v -0.704299 -0.653674 0.278994
v -0.779012 -0.554834 0.290790
v -0.818307 -0.500812 0.281496
v -0.802616 -0.561477 0.204216
v -0.835429 -0.549222 0.000000
v -0.803444 -0.591491 0.075596
v -0.829924 -0.550391 0.098195
v -0.768013 -0.626914 0.135171
v -0.830075 -0.515604 0.215704
v -0.818740 -0.417502 0.393600
v -0.725597 -0.563283 0.396150
v -0.767657 -0.511645 0.387407
v -0.765891 -0.462945 0.447313
v -0.772815 -0.389994 0.501387
v -0.798975 -0.407489 0.441916
v -0.817975 -0.463352 0.342989
v -0.681262 -0.588029 0.437150
v -0.690296 -0.626525 0.363149
v -0.630851 -0.657092 0.413477
v -0.642269 -0.693888 0.327512
v -0.609441 -0.757792 0.235559
v -0.669629 -0.709040 0.223682
v -0.715919 -0.668771 0.202037
v -0.586586 -0.721916 0.368046
v -0.574675 -0.754827 0.317724
v -0.544795 -0.796579 0.263313
v -0.267527 -0.813231 0.517682
v -0.301934 -0.731400 0.612580
v -0.219121 -0.716273 0.663387
v -0.289885 -0.537239 0.793014
v -0.354302 -0.535203 0.767287
v -0.264015 -0.611323 0.746704
v -0.350424 -0.595346 0.724151
v -0.388932 -0.672203 0.630756
v -0.351155 -0.652346 0.672183
v -0.399616 -0.608356 0.686236
v -0.298721 -0.679958 0.670176
v -0.177917 -0.638665 0.749382
v -0.149803 -0.693700 0.704999
v -0.241189 -0.668985 0.703500
v -0.087877 -0.777801 0.622903
v -0.239710 -0.788906 0.566632
v -0.182624 -0.821866 0.540277
v -0.114857 -0.859403 0.499721
v -0.137367 -0.809219 0.572447
v -0.178743 -0.760159 0.625587
v -0.110115 -0.736933 0.667449
v -0.490911 -0.744695 0.452663
v -0.376533 -0.806318 0.457053
v -0.307658 -0.864681 0.396297
v -0.252811 -0.855448 0.452418
v -0.363423 -0.860666 0.357908
v -0.333129 -0.823085 0.461192
v -0.468124 -0.719232 0.514072
v -0.409990 -0.705308 0.579170
v -0.404866 -0.757793 0.512584
v -0.343236 -0.763148 0.548775
v -0.441582 -0.785345 0.435015
v -0.390377 -0.827361 0.403453
v -0.453411 -0.818573 0.353595
v -0.626737 -0.274858 0.729867
v -0.647338 -0.227343 0.728422
v -0.500812 -0.281496 0.818307
v -0.593099 -0.332160 0.733922
v -0.540468 -0.314963 0.780771
v -0.345116 -0.477816 0.808137
v -0.410718 -0.275275 0.869990
v -0.389315 -0.413528 0.823953
v -0.348479 -0.377200 0.858858
v -0.461190 -0.333126 0.823087
v -0.484142 -0.382379 0.786614
v -0.472555 -0.442376 0.762964
v -0.529702 -0.463195 0.711047
v -0.537375 -0.392125 0.747065
v -0.700347 -0.389961 0.597538
v -0.681641 -0.325543 0.656294
v -0.731049 -0.311735 0.607658
v -0.791695 -0.335797 0.509935
v -0.596213 -0.414129 0.688730
v -0.634391 -0.355075 0.687102
v -0.565663 -0.144864 0.812474
v -0.583016 -0.233458 0.778778
v -0.626914 -0.135171 0.768013
v -0.450913 -0.180018 0.873880
v -0.451504 -0.254693 0.854780
v -0.504816 -0.186382 0.843388
v -0.530324 -0.225256 0.817904
v -0.506066 -0.083172 0.859302
v -0.936035 0.010334 0.351147
v -0.946290 0.122493 0.298519
v -0.953855 0.142271 0.263639
v -0.940389 0.061711 0.333830
v -0.920535 0.072094 0.383396
v -0.963460 0.020392 0.266294
v -0.952741 0.041061 0.300304
v -0.940389 -0.061711 0.333830
v -0.920535 -0.072094 0.383396
v -0.946290 -0.122493 0.298519
v -0.953855 -0.142271 0.263639
v -0.952741 -0.041061 0.300304
v -0.922481 -0.030933 0.384248
v -0.915703 0.020598 0.400798
v -0.876972 0.000000 0.479997
v -0.898245 -0.081491 0.431426
v -0.901239 -0.131131 0.412529
v -0.860438 -0.138204 0.490456
v -0.879485 -0.179215 0.440316
v -0.837822 -0.224725 0.497157
v -0.842734 -0.261945 0.471290
v -0.929978 -0.112723 0.349311
v -0.917008 -0.176796 0.359220
v -0.892970 -0.030983 0.448583
v -0.881041 -0.100172 0.461894
v -0.860438 0.138204 0.490456
v -0.898245 0.081491 0.431426
v -0.901239 0.131131 0.412529
v -0.879485 0.179215 0.440316
v -0.929978 0.112723 0.349311
v -0.917008 0.176796 0.359220
v -0.837822 0.224725 0.497157
v -0.842734 0.261945 0.471290
v -0.892970 0.030983 0.448583
v -0.881041 0.100172 0.461894
v -0.984886 -0.041219 0.166965
v -0.981325 0.077054 0.174824
v -0.967590 -0.030713 0.249876
v -0.975904 0.010321 0.217054
v -0.963966 0.091849 0.248875
v -0.974679 0.051337 0.216746
v -0.963966 -0.091849 0.248875
v -0.974679 -0.051337 0.216746
v -0.988387 0.010321 0.150301
v -0.995834 -0.030944 0.083476
v -0.995834 0.030944 0.083476
v -0.998498 0.000000 0.050097
v -0.927771 0.309823 0.206879
v -0.941388 0.293223 0.165778
v -0.942640 0.254356 0.215433
v -0.952777 0.272560 0.132669
v -0.946909 0.310163 0.082706
v -0.903264 0.380782 0.196970
v -0.917042 0.398067 -0.016507
v -0.887969 0.446806 0.106958
v -0.900452 0.429581 0.065880
v -0.864873 0.502972 0.021727
v -0.894929 0.445230 0.016466
v -0.930166 0.347625 0.115416
v -0.958400 0.283842 0.016588
v -0.923655 0.379184 0.049518
v -0.936332 0.349862 -0.016516
v -0.938069 0.344433 0.033031
v -0.896971 0.416234 0.147964
v -0.910609 0.396455 0.115366
v -0.917595 0.361370 0.164648
v -0.937233 0.207240 0.279319
v -0.921421 0.284010 0.263834
v -0.910475 0.253307 0.325853
v -0.830435 0.345956 0.437939
v -0.871442 0.314148 0.378468
v -0.885662 0.228549 0.403221
v -0.891456 0.329722 0.309779
v -0.899732 0.359164 0.246650
v -0.879009 0.408709 0.244891
v -0.988190 0.143326 0.050025
v -0.964280 0.174565 0.198458
v -0.967412 0.132717 0.214741
v -0.953071 0.194763 0.231092
v -0.960107 0.223510 0.165847
v -0.975128 0.161630 0.149578
v -0.987756 0.155041 0.000000
v -0.975833 0.216449 0.016658
v -0.962211 0.258070 0.083077
v -0.977982 0.189720 0.083251
v -0.996384 0.079454 0.016693
v -0.987117 0.106664 0.116583
v -0.993264 0.093124 0.066737
v -0.991637 0.051475 0.116697
v -0.999701 0.017296 0.000000
v -0.927771 -0.309823 0.206879
v -0.941388 -0.293223 0.165778
v -0.952777 -0.272560 0.132669
v -0.946909 -0.310163 0.082706
v -0.942640 -0.254356 0.215433
v -0.903264 -0.380782 0.196970
v -0.814119 -0.317573 0.485858
v -0.830435 -0.345956 0.437939
v -0.885662 -0.228549 0.403221
v -0.871442 -0.314148 0.378468
v -0.921421 -0.284010 0.263834
v -0.937233 -0.207240 0.279319
v -0.910475 -0.253307 0.325853
v -0.891456 -0.329722 0.309779
v -0.899732 -0.359164 0.246650
v -0.847022 -0.382755 0.368447
v -0.864681 -0.396297 0.307658
v -0.856658 -0.495770 0.141580
v -0.887969 -0.446806 0.106958
v -0.958400 -0.283842 -0.016588
v -0.929056 -0.359790 0.082464
v -0.936332 -0.349862 0.016516
v -0.917042 -0.398067 0.016507
v -0.861409 -0.503530 0.075299
v -0.864873 -0.502972 -0.021727
v -0.894929 -0.445230 -0.016466
v -0.898779 -0.434914 0.049406
v -0.873880 -0.450913 0.180018
v -0.910609 -0.396455 0.115366
v -0.896971 -0.416234 0.147964
v -0.924042 -0.351315 0.148288
v -0.854780 -0.451504 0.254693
v -0.879009 -0.408709 0.244891
v -0.988190 -0.143326 0.050025
v -0.975833 -0.216449 0.016658
v -0.959877 -0.277862 0.033176
v -0.987756 -0.155041 0.000000
v -0.962211 -0.258070 0.083077
v -0.977982 -0.189720 0.083251
v -0.978606 -0.092312 0.182797
v -0.967412 -0.132717 0.214741
v -0.964280 -0.174565 0.198458
v -0.953071 -0.194763 0.231092
v -0.960107 -0.223510 0.165847
v -0.975128 -0.161630 0.149578
v -0.987117 -0.106664 0.116583
v -0.991637 -0.051475 0.116697
v -0.996384 -0.079454 -0.016693
v -0.999316 -0.027616 -0.016698
v -0.994960 -0.082828 0.050062
v -0.718172 0.000000 0.696194
v -0.753973 0.030372 0.656763
v -0.773368 -0.030420 0.634161
v -0.791405 0.030478 0.610269
v -0.780185 -0.193233 0.594590
v -0.844694 -0.186285 0.501401
v -0.822051 -0.175567 0.542772
v -0.785142 -0.272386 0.557236
v -0.730529 -0.110855 0.674456
v -0.709028 -0.223677 0.669644
v -0.745738 -0.244480 0.620272
v -0.754460 -0.141367 0.641831
v -0.802268 -0.099823 0.589762
v -0.856068 -0.088778 0.508415
v -0.834802 -0.021558 0.551211
v -0.780185 0.193233 0.594590
v -0.730529 0.110855 0.674456
v -0.754460 0.141367 0.641831
v -0.822051 0.175567 0.542772
v -0.844694 0.186285 0.501401
v -0.785142 0.272386 0.557236
v -0.856068 0.088778 0.508415
v -0.802268 0.099823 0.589762
v -0.838315 0.027168 0.545639
v -0.626076 0.049191 0.778780
v -0.684903 0.157121 0.712150
v -0.688716 0.064377 0.723092
v -0.671870 0.010167 0.740393
v -0.684903 -0.157121 0.712150
v -0.688466 -0.060659 0.723702
v -0.628759 -0.030390 0.777462
v -0.591491 -0.075596 0.803444
v -0.554037 -0.046623 0.831587
v -0.599390 0.011082 0.800966
v -0.504967 0.800356 0.322407
v -0.542418 0.642698 0.541410
v -0.642706 0.541406 0.542411
v -0.591325 0.588872 0.551733
v -0.554883 0.573503 0.603614
v -0.669568 0.490222 0.558724
v -0.727967 0.432521 0.532732
v -0.741346 0.370086 0.560491
v -0.695907 0.538659 0.475950
v -0.710433 0.494910 0.501134
v -0.617201 0.500449 0.607812
v -0.662404 0.426469 0.616882
v -0.494644 0.501729 0.710277
v -0.500894 0.548130 0.670663
v -0.431864 0.542325 0.721049
v -0.469287 0.591410 0.656367
v -0.489291 0.623643 0.609967
v -0.442644 0.648980 0.619113
v -0.414165 0.483094 0.772168
v -0.570139 0.490834 0.659421
v -0.579943 0.694032 0.427224
v -0.490832 0.659423 0.570138
v -0.527594 0.698592 0.484461
v -0.634536 0.593428 0.496006
v -0.586196 0.648383 0.486631
v -0.515464 0.761159 0.395128
v -0.301934 0.731400 0.612580
v -0.267527 0.813231 0.517682
v -0.219121 0.716273 0.663387
v 0.011882 0.852886 0.522568
v -0.056776 0.822586 0.566405
v -0.239710 0.788906 0.566632
v -0.182624 0.821866 0.540277
v -0.140534 0.856829 0.496769
v -0.137367 0.809219 0.572447
v -0.178743 0.760159 0.625587
v -0.110115 0.736933 0.667449
v -0.388932 0.672203 0.630756
v -0.399616 0.608356 0.686236
v -0.351155 0.652346 0.672183
v -0.289885 0.537239 0.793014
v -0.264015 0.611323 0.746704
v -0.354302 0.535203 0.767287
v -0.350424 0.595346 0.724151
v -0.177917 0.638666 0.749382
v -0.298721 0.679958 0.670176
v -0.241189 0.668985 0.703500
v -0.490911 0.744695 0.452663
v -0.376533 0.806318 0.457053
v -0.404866 0.757793 0.512584
v -0.409990 0.705308 0.579170
v -0.468124 0.719232 0.514072
v -0.343236 0.763148 0.548775
v -0.363423 0.860666 0.357908
v -0.307658 0.864681 0.396297
v -0.333129 0.823085 0.461192
v -0.252811 0.855448 0.452418
v -0.390377 0.827361 0.403453
v -0.441582 0.785345 0.435015
v -0.453411 0.818573 0.353595
v -0.749895 0.583460 0.314139
v -0.757634 0.614971 0.220700
v -0.704299 0.653674 0.278994
v -0.809786 0.518582 0.276562
v -0.818740 0.417502 0.393600
v -0.814119 0.317573 0.485858
v -0.772815 0.389994 0.501387
v -0.765891 0.462945 0.447313
v -0.798975 0.407489 0.441916
v -0.767657 0.511645 0.387407
v -0.725597 0.563283 0.396150
v -0.817975 0.463352 0.342989
v -0.847022 0.382755 0.368447
v -0.864681 0.396297 0.307658
v -0.802616 0.561477 0.204216
v -0.791307 0.597867 0.132151
v -0.757376 0.640983 0.127035
v -0.863917 0.490054 0.114869
v -0.835429 0.549222 0.000000
v -0.805304 0.593436 0.020956
v -0.836054 0.541083 0.096719
v -0.873880 0.450913 0.180018
v -0.854780 0.451504 0.254693
v -0.843387 0.504816 0.186383
v -0.669629 0.709040 0.223682
v -0.715919 0.668771 0.202037
v -0.609441 0.757792 0.235559
v -0.642269 0.693888 0.327512
v -0.630851 0.657092 0.413477
v -0.681262 0.588029 0.437150
v -0.690296 0.626525 0.363149
v -0.574675 0.754827 0.317724
v -0.586586 0.721916 0.368046
v -0.544795 0.796579 0.263313
v -0.500812 0.281496 0.818307
v -0.626737 0.274858 0.729867
v -0.647338 0.227343 0.728422
v -0.593099 0.332159 0.733922
v -0.700347 0.389961 0.597538
v -0.681641 0.325543 0.656294
v -0.731049 0.311735 0.607658
v -0.791695 0.335797 0.509935
v -0.709028 0.223677 0.669644
v -0.745738 0.244480 0.620272
v -0.596213 0.414129 0.688730
v -0.634391 0.355075 0.687102
v -0.540468 0.314963 0.780771
v -0.410718 0.275275 0.869990
v -0.348479 0.377200 0.858858
v -0.389315 0.413528 0.823953
v -0.461190 0.333126 0.823087
v -0.345116 0.477816 0.808137
v -0.472555 0.442376 0.762964
v -0.484142 0.382379 0.786614
v -0.529702 0.463195 0.711047
v -0.537375 0.392125 0.747065
v -0.450913 0.180018 0.873880
v -0.518790 0.213875 0.828567
v -0.583016 0.233458 0.778778
v -0.626914 0.135171 0.768013
v -0.575772 0.135312 0.807234
v -0.554037 0.046623 0.831587
v -0.507711 0.107796 0.855410
v 0.001852 -0.008913 1.000405
v -0.020630 0.389870 0.920944
v 0.020630 0.367821 0.930271
v 0.112106 0.282612 0.952869
v 0.071110 0.350164 0.934425
v -0.071110 0.350164 0.934425
v -0.010660 0.284204 0.958913
v -0.110840 0.413817 0.904036
v -0.225795 0.474767 0.851239
v -0.152589 0.456109 0.877403
v -0.050189 0.448105 0.893026
v -0.142094 0.330464 0.933504
v 0.010405 0.150516 0.988750
v 0.050774 0.284096 0.957879
v 0.030630 0.216950 0.976119
v -0.091753 0.283196 0.955088
v -0.040982 0.234237 0.971734
v 0.110840 0.413817 0.904036
v 0.142094 0.330464 0.933504
v 0.152589 0.456109 0.877403
v 0.039840 0.454496 0.890485
v 0.225795 0.474767 0.851239
v 0.289822 0.000000 0.956924
v 0.278801 0.165949 0.946520
v 0.257071 0.247997 0.933686
v 0.323373 0.214887 0.921373
v 0.373650 0.213585 0.902285
v 0.429581 0.065880 0.900452
v 0.443349 -0.000000 0.896946
v 0.507711 0.107796 0.855410
v 0.500217 0.030890 0.865951
v 0.436563 0.128876 0.891000
v 0.364040 0.127706 0.923349
v 0.379184 0.049518 0.923655
v 0.347676 -0.000000 0.938184
v 0.155041 0.000000 0.987756
v 0.143326 0.050025 0.988190
v 0.201029 0.181991 0.963247
v 0.109843 0.216156 0.970533
v 0.179629 0.149831 0.972854
v 0.069238 0.150523 0.986547
v 0.115345 0.116627 0.986235
v -0.008249 0.051576 0.998793
v 0.062582 0.082632 0.995249
v 0.189720 0.083251 0.977982
v 0.275456 0.071902 0.959349
v 0.212887 -0.000000 0.977636
v 0.215001 0.305999 0.927971
v 0.185269 0.248741 0.951058
v 0.188264 0.377291 0.907160
v 0.293688 0.279635 0.913918
v 0.356798 0.293253 0.887603
v 0.289310 0.328193 0.899838
v 0.244456 0.404493 0.881663
v 0.290819 0.446218 0.846794
v -0.149803 0.693700 0.704999
v 0.030420 0.634161 0.773368
v -0.030372 0.656763 0.753973
v -0.217579 0.571092 0.792473
v -0.167900 0.526967 0.833913
v -0.050246 0.610152 0.791144
v -0.039788 0.548383 0.835709
v -0.088393 0.506682 0.858002
v -0.109904 0.584043 0.804972
v -0.090493 0.676461 0.731678
v 0.009826 0.700525 0.714062
v 0.030282 0.740554 0.671846
v -0.001228 0.785462 0.619823
v 0.038123 0.821761 0.569568
v -0.087877 0.777801 0.622903
v -0.040460 0.730179 0.682517
v 0.217579 0.571092 0.792473
v 0.090493 0.676461 0.731678
v 0.099821 0.589765 0.802266
v 0.088393 0.506682 0.858002
v 0.009032 0.508564 0.861393
v 0.029509 0.563014 0.826352
v 0.167900 0.526967 0.833913
v -0.289822 0.000000 0.956924
v -0.451504 0.254693 0.854780
v -0.278801 0.165949 0.946520
v -0.323373 0.214887 0.921373
v -0.373650 0.213585 0.902285
v -0.257071 0.247997 0.933686
v -0.290819 0.446218 0.846794
v -0.244456 0.404493 0.881663
v -0.356798 0.293253 0.887603
v -0.286527 0.314829 0.905716
v -0.188264 0.377291 0.907160
v -0.185269 0.248741 0.951058
v -0.215001 0.305999 0.927971
v -0.143326 0.050025 0.988190
v -0.275456 0.071902 0.959349
v -0.189720 0.083251 0.977982
v -0.212887 0.000000 0.977636
v -0.062582 0.082632 0.995249
v -0.075273 0.000000 0.997714
v -0.115345 0.116627 0.986235
v -0.069238 0.150523 0.986547
v -0.179629 0.149831 0.972854
v -0.109843 0.216156 0.970533
v -0.201029 0.181991 0.963247
v -0.429581 0.065880 0.900452
v -0.364040 0.127706 0.923349
v -0.377639 0.033973 0.926043
v -0.436563 0.128876 0.891000
v -0.500217 0.030890 0.865951
v 0.542418 0.642698 0.541410
v 0.554883 0.573503 0.603614
v 0.642706 0.541406 0.542411
v 0.591325 0.588872 0.551733
v 0.669568 0.490222 0.558724
v 0.727967 0.432521 0.532732
v 0.741346 0.370086 0.560491
v 0.617201 0.500449 0.607812
v 0.662404 0.426469 0.616882
v 0.695907 0.538659 0.475950
v 0.710433 0.494910 0.501134
v 0.579943 0.694032 0.427224
v 0.490831 0.659423 0.570138
v 0.527594 0.698592 0.484461
v 0.515464 0.761159 0.395128
v 0.634536 0.593428 0.496006
v 0.586196 0.648383 0.486631
v 0.494644 0.501729 0.710277
v 0.431864 0.542325 0.721049
v 0.500894 0.548130 0.670663
v 0.469287 0.591410 0.656367
v 0.489291 0.623643 0.609967
v 0.442644 0.648980 0.619113
v 0.570139 0.490834 0.659421
v 0.414165 0.483094 0.772168
v 0.301934 0.731400 0.612580
v 0.219121 0.716273 0.663387
v 0.267527 0.813231 0.517682
v 0.087877 0.777801 0.622903
v 0.178743 0.760159 0.625587
v 0.137367 0.809219 0.572447
v 0.110115 0.736933 0.667449
v 0.182624 0.821866 0.540277
v 0.239710 0.788906 0.566632
v 0.490911 0.744695 0.452663
v 0.376533 0.806318 0.457053
v 0.404866 0.757793 0.512584
v 0.409990 0.705308 0.579170
v 0.343236 0.763148 0.548775
v 0.468124 0.719232 0.514072
v 0.441582 0.785345 0.435015
v 0.390377 0.827361 0.403453
v 0.252811 0.855448 0.452418
v 0.333129 0.823085 0.461192
v 0.388932 0.672203 0.630756
v 0.399616 0.608356 0.686236
v 0.351155 0.652346 0.672183
v 0.177917 0.638665 0.749382
v 0.149803 0.693700 0.704999
v 0.241189 0.668985 0.703500
v 0.298721 0.679958 0.670176
v 0.289885 0.537239 0.793014
v 0.264015 0.611323 0.746704
v 0.350424 0.595346 0.724151
v 0.354302 0.535203 0.767287
v 0.500812 0.281496 0.818307
v 0.593099 0.332159 0.733922
v 0.626737 0.274858 0.729867
v 0.647338 0.227343 0.728422
v 0.700347 0.389961 0.597538
v 0.681641 0.325543 0.656294
v 0.731049 0.311735 0.607658
v 0.634391 0.355075 0.687102
v 0.596213 0.414129 0.688730
v 0.565663 0.144864 0.812474
v 0.451504 0.254693 0.854780
v 0.450913 0.180018 0.873880
v 0.518790 0.213875 0.828567
v 0.607848 0.122631 0.785396
v 0.583016 0.233458 0.778778
v 0.540468 0.314963 0.780771
v 0.410718 0.275275 0.869990
v 0.348479 0.377200 0.858858
v 0.461190 0.333126 0.823087
v 0.389315 0.413528 0.823953
v 0.472555 0.442376 0.762964
v 0.529702 0.463195 0.711047
v 0.537375 0.392125 0.747065
v 0.484142 0.382379 0.786614
v 0.345116 0.477816 0.808137
v 0.749895 0.583460 0.314139
v 0.704299 0.653674 0.278994
v 0.757634 0.614971 0.220700
v 0.809786 0.518582 0.276562
v 0.818740 0.417502 0.393600
v 0.791695 0.335797 0.509935
v 0.772815 0.389994 0.501387
v 0.798975 0.407489 0.441916
v 0.765891 0.462945 0.447313
v 0.817975 0.463352 0.342989
v 0.767657 0.511645 0.387407
v 0.725597 0.563283 0.396150
v 0.715919 0.668771 0.202037
v 0.574675 0.754827 0.317724
v 0.586586 0.721916 0.368046
v 0.642269 0.693888 0.327512
v 0.630851 0.657092 0.413477
v 0.681262 0.588029 0.437150
v 0.690296 0.626525 0.363149
v 0.802616 0.561477 0.204216
v 0.768013 0.626914 0.135171
v 0.843387 0.504816 0.186383
v 0.829924 0.550391 0.098195
v 0.504967 0.800356 0.322407
v 0.504967 0.800356 -0.322407
v 0.351147 0.936035 0.010334
v 0.298519 0.946290 -0.122493
v 0.383396 0.920535 -0.072094
v 0.300304 0.952741 -0.041061
v 0.383396 0.920535 0.072094
v 0.298519 0.946290 0.122493
v 0.300304 0.952741 0.041061
v 0.393553 0.919943 -0.001203
v 0.479997 0.876972 0.000000
v 0.439513 0.896909 0.059380
v 0.412529 0.901239 0.131131
v 0.500981 0.849714 0.166772
v 0.440316 0.879485 0.179215
v 0.477640 0.842252 0.252306
v 0.341057 0.937044 0.082293
v 0.378829 0.912768 0.151509
v 0.344665 0.922682 0.171685
v 0.461894 0.881041 0.100172
v 0.493730 0.865744 0.079558
v 0.500981 0.849714 -0.166772
v 0.422809 0.901122 -0.101772
v 0.440316 0.879485 -0.179215
v 0.341057 0.937044 -0.082293
v 0.378829 0.912768 -0.151509
v 0.344665 0.922682 -0.171685
v 0.477640 0.842252 -0.252306
v 0.448583 0.892970 -0.030983
v 0.461894 0.881041 -0.100172
v 0.493730 0.865744 -0.079558
v 0.174824 0.981325 0.077054
v 0.259865 0.966245 -0.001132
v 0.217054 0.975904 0.010321
v 0.248875 0.963966 -0.091849
v 0.216746 0.974679 -0.051337
v 0.248875 0.963966 0.091849
v 0.216746 0.974679 0.051337
v 0.150301 0.988387 0.010321
v 0.083476 0.995834 0.030944
v 0.083476 0.995834 -0.030944
v 0.050097 0.998498 0.000000
v 0.207042 0.953608 -0.221775
v 0.132669 0.952777 -0.272560
v 0.082853 0.952220 -0.292853
v 0.227211 0.895527 -0.384104
v 0.149259 0.937331 -0.316725
v 0.106958 0.887969 -0.446806
v 0.035692 0.905358 -0.424460
v 0.065411 0.862803 -0.502257
v 0.096963 0.924137 -0.371099
v 0.033668 0.950504 -0.311342
v 0.147964 0.896971 -0.416234
v 0.193443 0.921760 -0.338201
v 0.192632 0.866419 -0.461913
v 0.279586 0.933292 -0.224705
v 0.272765 0.949347 -0.159298
v 0.248033 0.928923 -0.274333
v 0.330685 0.914426 -0.235855
v 0.387575 0.889677 -0.244536
v 0.413071 0.852052 -0.323158
v 0.289544 0.900051 -0.327862
v 0.206987 0.966584 -0.154433
v 0.176324 0.983060 -0.059877
v 0.133158 0.985923 -0.099605
v 0.149831 0.972854 -0.179629
v 0.083617 0.975270 -0.207409
v 0.066845 0.992013 -0.110689
v 0.116697 0.991637 -0.051475
v 0.095509 0.957051 0.276299
v 0.207042 0.953608 0.221775
v 0.227211 0.895527 0.384104
v 0.453411 0.818573 0.353595
v 0.387575 0.889677 0.244536
v 0.413071 0.852052 0.323158
v 0.248033 0.928923 0.274333
v 0.279586 0.933292 0.224705
v 0.272765 0.949347 0.159298
v 0.330685 0.914426 0.235855
v 0.289544 0.900051 0.327862
v 0.363423 0.860666 0.357908
v 0.307658 0.864681 0.396297
v 0.149259 0.937331 0.316725
v 0.106958 0.887969 0.446806
v 0.037879 0.892672 0.450632
v 0.096963 0.924137 0.371099
v 0.114857 0.859403 0.499721
v 0.147964 0.896971 0.416234
v 0.193443 0.921760 0.338201
v 0.192632 0.866419 0.461912
v 0.138128 0.974777 0.179302
v 0.133158 0.985923 0.099605
v 0.206987 0.966584 0.154433
v 0.066845 0.992013 0.110689
v 0.116697 0.991637 0.051475
v 0.041258 0.983877 0.178236
v 0.033386 0.996656 0.072532
v 0.696194 0.718172 0.000000
v 0.656770 0.753968 -0.030359
v 0.642348 0.766491 0.029164
v 0.605263 0.782338 0.149754
v 0.544795 0.796579 0.263313
v 0.553790 0.811819 0.186976
v 0.674444 0.730541 0.110854
v 0.669629 0.709040 0.223682
v 0.609441 0.757792 0.235559
v 0.641836 0.754458 0.141352
v 0.526193 0.842650 0.118882
v 0.581180 0.810748 0.079619
v 0.605263 0.782338 -0.149754
v 0.674444 0.730541 -0.110854
v 0.641836 0.754458 -0.141352
v 0.553790 0.811819 -0.186976
v 0.526193 0.842650 -0.118882
v 0.572092 0.816903 -0.080806
v 0.610151 0.791145 -0.050251
v 0.539449 0.842749 -0.000000
v 0.778780 0.626076 -0.049191
v 0.711152 0.689320 -0.139834
v 0.723092 0.688716 -0.064378
v 0.740393 0.671870 -0.010167
v 0.711152 0.689320 0.139834
v 0.723702 0.688466 0.060660
v 0.777462 0.628759 0.030390
v 0.803444 0.591491 0.075596
v 0.554883 0.573503 -0.603614
v 0.542418 0.642698 -0.541410
v 0.591325 0.588872 -0.551733
v 0.642706 0.541406 -0.542411
v 0.579943 0.694032 -0.427224
v 0.515464 0.761159 -0.395128
v 0.490832 0.659423 -0.570138
v 0.527594 0.698592 -0.484461
v 0.634536 0.593428 -0.496006
v 0.586196 0.648383 -0.486631
v 0.727967 0.432521 -0.532732
v 0.669568 0.490222 -0.558724
v 0.617201 0.500449 -0.607812
v 0.662404 0.426469 -0.616882
v 0.741346 0.370086 -0.560491
v 0.695907 0.538659 -0.475950
v 0.710433 0.494910 -0.501134
v 0.431864 0.542325 -0.721049
v 0.494644 0.501729 -0.710277
v 0.500894 0.548130 -0.670663
v 0.570139 0.490834 -0.659421
v 0.489291 0.623643 -0.609967
v 0.469287 0.591410 -0.656367
v 0.442644 0.648980 -0.619113
v 0.414166 0.483094 -0.772168
v 0.593099 0.332160 -0.733922
v 0.500812 0.281496 -0.818307
v 0.626737 0.274858 -0.729867
v 0.647338 0.227343 -0.728422
v 0.518790 0.213875 -0.828567
v 0.626914 0.135171 -0.768013
v 0.583016 0.233458 -0.778778
v 0.575772 0.135312 -0.807234
v 0.700347 0.389961 -0.597538
v 0.731049 0.311735 -0.607658
v 0.681641 0.325543 -0.656294
v 0.596213 0.414129 -0.688730
v 0.634391 0.355075 -0.687102
v 0.540468 0.314963 -0.780771
v 0.537375 0.392125 -0.747065
v 0.529702 0.463195 -0.711047
v 0.472555 0.442376 -0.762964
v 0.484142 0.382379 -0.786614
v 0.389315 0.413528 -0.823953
v 0.461190 0.333126 -0.823087
v 0.219121 0.716273 -0.663387
v 0.301934 0.731400 -0.612580
v 0.267527 0.813231 -0.517682
v 0.490911 0.744695 -0.452663
v 0.376533 0.806318 -0.457053
v 0.453411 0.818573 -0.353595
v 0.441582 0.785345 -0.435015
v 0.343236 0.763148 -0.548775
v 0.404866 0.757793 -0.512584
v 0.409990 0.705308 -0.579170
v 0.468124 0.719232 -0.514072
v 0.390377 0.827361 -0.403453
v 0.363423 0.860666 -0.357908
v 0.252811 0.855448 -0.452418
v 0.307658 0.864681 -0.396297
v 0.333129 0.823085 -0.461192
v 0.178743 0.760159 -0.625587
v 0.137367 0.809219 -0.572447
v -0.011882 0.852886 -0.522568
v 0.056776 0.822586 -0.566405
v 0.140534 0.856829 -0.496769
v 0.182624 0.821866 -0.540277
v 0.239710 0.788906 -0.566632
v 0.241189 0.668985 -0.703500
v 0.298721 0.679958 -0.670176
v 0.399616 0.608356 -0.686236
v 0.351155 0.652346 -0.672183
v 0.388932 0.672203 -0.630756
v 0.350424 0.595346 -0.724151
v 0.354302 0.535203 -0.767287
v 0.779012 0.554834 -0.290790
v 0.818307 0.500812 -0.281496
v 0.704299 0.653674 -0.278994
v 0.757634 0.614971 -0.220700
v 0.744220 0.585274 -0.323677
v 0.544795 0.796579 -0.263313
v 0.574675 0.754827 -0.317724
v 0.586586 0.721916 -0.368046
v 0.715919 0.668771 -0.202037
v 0.669629 0.709040 -0.223682
v 0.609441 0.757792 -0.235559
v 0.642269 0.693888 -0.327512
v 0.630851 0.657092 -0.413477
v 0.690296 0.626525 -0.363149
v 0.681262 0.588029 -0.437150
v 0.818740 0.417502 -0.393600
v 0.817975 0.463352 -0.342989
v 0.798975 0.407489 -0.441916
v 0.772815 0.389994 -0.501387
v 0.765891 0.462945 -0.447313
v 0.791695 0.335797 -0.509935
v 0.767657 0.511645 -0.387407
v 0.725597 0.563283 -0.396150
v 0.802616 0.561477 -0.204216
v 0.828289 0.546344 -0.123046
v 0.830075 0.515604 -0.215704
v 0.757376 0.640983 -0.127035
v 0.791307 0.597867 -0.132151
v 0.805304 0.593436 -0.020956
v 0.835429 0.549222 0.000000
v 0.831938 0.550959 -0.063427
v 0.936035 0.010334 -0.351147
v 0.953855 -0.142271 -0.263639
v 0.946290 -0.122493 -0.298519
v 0.952741 -0.041061 -0.300304
v 0.920535 -0.072094 -0.383396
v 0.940389 -0.061711 -0.333830
v 0.915703 0.020598 -0.400798
v 0.876972 0.000000 -0.479997
v 0.922481 -0.030933 -0.384248
v 0.940389 0.061711 -0.333830
v 0.920535 0.072094 -0.383396
v 0.952741 0.041061 -0.300304
v 0.963460 0.020392 -0.266294
v 0.953855 0.142271 -0.263639
v 0.946290 0.122493 -0.298519
v 0.901239 0.131131 -0.412529
v 0.898245 0.081491 -0.431426
v 0.879485 0.179215 -0.440316
v 0.860438 0.138204 -0.490456
v 0.842734 0.261945 -0.471290
v 0.837822 0.224725 -0.497157
v 0.892970 0.030983 -0.448583
v 0.881041 0.100172 -0.461894
v 0.929978 0.112723 -0.349311
v 0.917008 0.176796 -0.359220
v 0.984886 0.041219 -0.166965
v 0.975904 0.010321 -0.217054
v 0.967590 -0.030713 -0.249876
v 0.981325 -0.077054 -0.174824
v 0.963966 -0.091849 -0.248875
v 0.974679 -0.051337 -0.216746
v 0.988387 -0.010321 -0.150301
v 0.995834 0.030944 -0.083476
v 0.998498 0.000000 -0.050097
v 0.995834 -0.030944 -0.083476
v 0.974679 0.051337 -0.216746
v 0.963966 0.091849 -0.248875
v 0.860438 -0.138204 -0.490456
v 0.879485 -0.179215 -0.440316
v 0.898245 -0.081491 -0.431426
v 0.901239 -0.131131 -0.412529
v 0.929978 -0.112723 -0.349311
v 0.917008 -0.176796 -0.359220
v 0.892970 -0.030983 -0.448583
v 0.881041 -0.100172 -0.461894
v 0.837822 -0.224725 -0.497157
v 0.842734 -0.261945 -0.471290
v 0.941388 -0.293223 -0.165778
v 0.927771 -0.309823 -0.206879
v 0.942640 -0.254356 -0.215433
v 0.903264 -0.380782 -0.196970
v 0.952777 -0.272560 -0.132669
v 0.946909 -0.310163 -0.082706
v 0.900452 -0.429581 -0.065880
v 0.887969 -0.446806 -0.106958
v 0.896971 -0.416234 -0.147964
v 0.917595 -0.361370 -0.164648
v 0.910609 -0.396455 -0.115366
v 0.930166 -0.347625 -0.115416
v 0.923655 -0.379184 -0.049518
v 0.988190 -0.143326 -0.050025
v 0.964280 -0.174565 -0.198458
v 0.953071 -0.194763 -0.231092
v 0.967412 -0.132717 -0.214741
v 0.960107 -0.223510 -0.165847
v 0.975128 -0.161630 -0.149578
v 0.994960 -0.082828 -0.050062
v 0.987117 -0.106664 -0.116583
v 0.991637 -0.051475 -0.116697
v 0.977898 -0.182847 -0.099886
v 0.962211 -0.258070 -0.083077
v 0.959877 -0.277862 -0.033176
v 0.977530 -0.203263 -0.049966
v 0.937233 -0.207240 -0.279319
v 0.921421 -0.284010 -0.263834
v 0.910475 -0.253307 -0.325853
v 0.879009 -0.408709 -0.244891
v 0.899732 -0.359164 -0.246650
v 0.891456 -0.329722 -0.309779
v 0.871442 -0.314148 -0.378468
v 0.885662 -0.228549 -0.403221
v 0.830435 -0.345956 -0.437939
v 0.718172 -0.000000 -0.696194
v 0.791405 0.030478 -0.610269
v 0.773368 -0.030420 -0.634161
v 0.753973 0.030372 -0.656763
v 0.780185 0.193233 -0.594590
v 0.785142 0.272386 -0.557236
v 0.844694 0.186285 -0.501401
v 0.822051 0.175567 -0.542772
v 0.834802 0.021558 -0.551211
v 0.856068 0.088778 -0.508415
v 0.802268 0.099823 -0.589762
v 0.745738 0.244480 -0.620272
v 0.730529 0.110855 -0.674456
v 0.709028 0.223677 -0.669644
v 0.754460 0.141367 -0.641831
v 0.634890 -0.020177 -0.773007
v 0.684903 -0.157121 -0.712150
v 0.688465 -0.060659 -0.723702
v 0.554037 0.046623 -0.831587
v 0.613957 0.048835 -0.788404
v 0.671870 0.010167 -0.740393
v 0.688716 0.064377 -0.723092
v 0.684903 0.157121 -0.712150
v 0.780185 -0.193233 -0.594590
v 0.730529 -0.110855 -0.674456
v 0.754460 -0.141367 -0.641831
v 0.856068 -0.088778 -0.508415
v 0.838315 -0.027168 -0.545639
v 0.802268 -0.099823 -0.589762
v 0.822051 -0.175567 -0.542772
v 0.844694 -0.186285 -0.501401
v 0.785142 -0.272386 -0.557236
v 0.927771 0.309823 -0.206879
v 0.941388 0.293223 -0.165778
v 0.952777 0.272560 -0.132669
v 0.946909 0.310163 -0.082706
v 0.903264 0.380782 -0.196970
v 0.942640 0.254356 -0.215433
v 0.814119 0.317573 -0.485858
v 0.885662 0.228549 -0.403221
v 0.871442 0.314148 -0.378468
v 0.830435 0.345956 -0.437939
v 0.891456 0.329722 -0.309779
v 0.899732 0.359164 -0.246650
v 0.864681 0.396297 -0.307658
v 0.847022 0.382755 -0.368447
v 0.921421 0.284010 -0.263834
v 0.910475 0.253307 -0.325853
v 0.937233 0.207240 -0.279319
v 0.988190 0.143326 -0.050025
v 0.962211 0.258070 -0.083077
v 0.977898 0.182847 -0.099886
v 0.977530 0.203263 -0.049966
v 0.993264 0.093124 -0.066737
v 0.991637 0.051475 -0.116697
v 0.987117 0.106664 -0.116583
v 0.978606 0.092312 -0.182797
v 0.975128 0.161630 -0.149578
v 0.960107 0.223510 -0.165847
v 0.967412 0.132717 -0.214741
v 0.953071 0.194763 -0.231092
v 0.964280 0.174565 -0.198458
v 0.856658 0.495770 -0.141580
v 0.887969 0.446806 -0.106958
v 0.900452 0.429581 -0.065880
v 0.959877 0.277862 -0.033176
v 0.923655 0.379184 -0.049518
v 0.930166 0.347625 -0.115416
v 0.873880 0.450913 -0.180018
v 0.854780 0.451504 -0.254693
v 0.879009 0.408709 -0.244891
v 0.910609 0.396455 -0.115366
v 0.917595 0.361370 -0.164648
v 0.896971 0.416234 -0.147964
v 0.861409 0.503530 -0.075299
v 0.936035 0.010334 0.351147
v 0.876972 0.000000 0.479997
v 0.915703 0.020598 0.400798
v 0.922481 -0.030933 0.384248
v 0.952741 -0.041061 0.300304
v 0.953855 -0.142271 0.263639
v 0.946290 -0.122493 0.298519
v 0.920535 -0.072094 0.383396
v 0.940389 -0.061711 0.333830
v 0.952741 0.041061 0.300304
v 0.963460 0.020392 0.266294
v 0.920535 0.072094 0.383396
v 0.940389 0.061711 0.333830
v 0.953855 0.142271 0.263639
v 0.946290 0.122493 0.298519
v 0.975904 0.010321 0.217054
v 0.967590 -0.030713 0.249876
v 0.981325 0.077054 0.174824
v 0.984886 -0.041219 0.166965
v 0.988387 0.010321 0.150301
v 0.993736 0.041209 0.100086
v 0.974679 -0.051337 0.216746
v 0.963966 -0.091849 0.248875
v 0.974679 0.051337 0.216746
v 0.963966 0.091849 0.248875
v 0.879485 0.179215 0.440316
v 0.901239 0.131131 0.412529
v 0.898245 0.081491 0.431426
v 0.860438 0.138204 0.490456
v 0.892970 0.030983 0.448583
v 0.881041 0.100172 0.461894
v 0.842734 0.261945 0.471290
v 0.837822 0.224725 0.497157
v 0.929978 0.112723 0.349311
v 0.917008 0.176796 0.359220
v 0.879485 -0.179215 0.440316
v 0.860438 -0.138204 0.490456
v 0.898245 -0.081491 0.431426
v 0.901239 -0.131131 0.412529
v 0.892970 -0.030983 0.448583
v 0.881041 -0.100172 0.461894
v 0.929978 -0.112723 0.349311
v 0.917008 -0.176796 0.359220
v 0.842734 -0.261945 0.471290
v 0.837822 -0.224725 0.497157
v 0.718172 0.000000 0.696194
v 0.791405 0.030478 0.610269
v 0.773368 -0.030420 0.634161
v 0.753973 0.030372 0.656763
v 0.634890 0.020177 0.773007
v 0.568965 0.037586 0.822194
v 0.613957 -0.048835 0.788404
v 0.688716 -0.064377 0.723092
v 0.671870 -0.010167 0.740393
v 0.684903 -0.157121 0.712150
v 0.688466 0.060659 0.723702
v 0.640983 0.127035 0.757376
v 0.684903 0.157121 0.712150
v 0.780185 0.193233 0.594590
v 0.838315 0.027168 0.545639
v 0.856068 0.088778 0.508415
v 0.802268 0.099823 0.589762
v 0.785142 0.272386 0.557236
v 0.844694 0.186285 0.501401
v 0.822051 0.175567 0.542772
v 0.745738 0.244480 0.620272
v 0.709028 0.223677 0.669644
v 0.730529 0.110855 0.674456
v 0.754460 0.141367 0.641831
v 0.780185 -0.193233 0.594590
v 0.834802 -0.021558 0.551211
v 0.856068 -0.088778 0.508415
v 0.802268 -0.099823 0.589762
v 0.754460 -0.141367 0.641831
v 0.730529 -0.110855 0.674456
v 0.822051 -0.175567 0.542772
v 0.844694 -0.186285 0.501401
v 0.785142 -0.272386 0.557236
v 0.941388 -0.293223 0.165778
v 0.927771 -0.309823 0.206879
v 0.903264 -0.380782 0.196970
v 0.942640 -0.254356 0.215433
v 0.952777 -0.272560 0.132669
v 0.946909 -0.310163 0.082706
v 0.988190 -0.143326 0.050025
v 0.999701 -0.017296 0.000000
v 0.997166 -0.020632 0.066786
v 0.996384 -0.079454 0.016693
v 0.991637 -0.051475 0.116697
v 0.987117 -0.106664 0.116583
v 0.993264 -0.093124 0.066737
v 0.960107 -0.223510 0.165847
v 0.953071 -0.194763 0.231092
v 0.964280 -0.174565 0.198458
v 0.967412 -0.132717 0.214741
v 0.978606 -0.092312 0.182797
v 0.975128 -0.161630 0.149578
v 0.977982 -0.189720 0.083251
v 0.962211 -0.258070 0.083077
v 0.987756 -0.155041 0.000000
v 0.975833 -0.216449 0.016658
v 0.887969 -0.446806 0.106958
v 0.924042 -0.351315 0.148288
v 0.896971 -0.416234 0.147964
v 0.910609 -0.396455 0.115366
v 0.894929 -0.445230 -0.016466
v 0.898779 -0.434914 0.049406
v 0.864873 -0.502972 -0.021727
v 0.861409 -0.503530 0.075299
v 0.917042 -0.398067 0.016507
v 0.936332 -0.349862 -0.016516
v 0.929056 -0.359790 0.082464
v 0.958400 -0.283842 0.016588
v 0.938069 -0.344433 0.033031
v 0.879009 -0.408709 0.244891
v 0.899732 -0.359164 0.246650
v 0.891456 -0.329722 0.309779
v 0.937233 -0.207240 0.279319
v 0.921421 -0.284010 0.263834
v 0.910475 -0.253307 0.325853
v 0.871442 -0.314148 0.378468
v 0.885662 -0.228549 0.403221
v 0.830435 -0.345956 0.437939
v 0.927771 0.309823 0.206879
v 0.941388 0.293223 0.165778
v 0.903264 0.380782 0.196970
v 0.952777 0.272560 0.132669
v 0.946909 0.310163 0.082706
v 0.942640 0.254356 0.215433
v 0.988190 0.143326 0.050025
v 0.999316 0.027616 0.016698
v 0.987117 0.106664 0.116583
v 0.996384 0.079454 -0.016693
v 0.994960 0.082828 0.050062
v 0.977982 0.189720 0.083251
v 0.962211 0.258070 0.083077
v 0.975833 0.216449 0.016658
v 0.987756 0.155041 0.000000
v 0.960107 0.223510 0.165847
v 0.975128 0.161630 0.149578
v 0.953071 0.194763 0.231092
v 0.967412 0.132717 0.214741
v 0.964280 0.174565 0.198458
v 0.864681 0.396297 0.307658
v 0.899732 0.359164 0.246650
v 0.891456 0.329722 0.309779
v 0.847022 0.382755 0.368447
v 0.885662 0.228549 0.403221
v 0.871442 0.314148 0.378468
v 0.814119 0.317573 0.485858
v 0.830435 0.345956 0.437939
v 0.921421 0.284010 0.263834
v 0.910475 0.253307 0.325853
v 0.937233 0.207240 0.279319
v 0.887969 0.446806 0.106958
v 0.854780 0.451504 0.254693
v 0.879009 0.408709 0.244891
v 0.873880 0.450913 0.180018
v 0.924042 0.351315 0.148288
v 0.910609 0.396455 0.115366
v 0.896971 0.416234 0.147964
v 0.936332 0.349862 -0.016516
v 0.917042 0.398067 0.016507
v 0.958400 0.283842 0.016588
v 0.938069 0.344433 0.033031
v 0.929056 0.359790 0.082464
v 0.898779 0.434914 0.049406
v 0.894929 0.445230 -0.016466
v 0.854634 0.507020 0.108715
v 0.864873 0.502972 0.021727
v -0.351147 0.936035 -0.010334
v -0.298519 0.946290 0.122493
v -0.383396 0.920535 0.072094
v -0.300304 0.952741 0.041061
v -0.383396 0.920535 -0.072094
v -0.298519 0.946290 -0.122493
v -0.300304 0.952741 -0.041061
v -0.393553 0.919943 0.001203
v -0.479997 0.876972 0.000000
v -0.439513 0.896909 -0.059380
v -0.412529 0.901239 -0.131131
v -0.500981 0.849714 -0.166772
v -0.440316 0.879485 -0.179215
v -0.477640 0.842252 -0.252306
v -0.341057 0.937044 -0.082293
v -0.378829 0.912768 -0.151509
v -0.344665 0.922682 -0.171685
v -0.461894 0.881041 -0.100172
v -0.493730 0.865744 -0.079558
v -0.500981 0.849714 0.166772
v -0.422809 0.901122 0.101772
v -0.440316 0.879485 0.179215
v -0.341057 0.937044 0.082293
v -0.378829 0.912768 0.151509
v -0.344665 0.922682 0.171685
v -0.477640 0.842252 0.252306
v -0.448583 0.892970 0.030983
v -0.461894 0.881041 0.100172
v -0.493730 0.865744 0.079558
v -0.174824 0.981325 -0.077054
v -0.259865 0.966245 0.001132
v -0.217054 0.975904 -0.010321
v -0.248875 0.963966 0.091849
v -0.216746 0.974679 0.051337
v -0.248875 0.963966 -0.091849
v -0.216746 0.974679 -0.051337
v -0.150301 0.988387 -0.010321
v -0.207042 0.953608 0.221775
v -0.132669 0.952777 0.272560
v -0.082853 0.952220 0.292853
v -0.227211 0.895527 0.384104
v -0.149259 0.937331 0.316725
v -0.106958 0.887969 0.446806
v -0.035692 0.905358 0.424460
v -0.065411 0.862803 0.502257
v -0.096963 0.924137 0.371099
v 0.016588 0.958400 0.283842
v 0.022123 0.933011 0.360382
v -0.033668 0.950504 0.311342
v -0.147964 0.896971 0.416234
v -0.193443 0.921760 0.338201
v -0.192632 0.866419 0.461913
v -0.279586 0.933292 0.224705
v -0.272765 0.949347 0.159298
v -0.248033 0.928923 0.274333
v -0.330685 0.914426 0.235855
v -0.387575 0.889677 0.244536
v -0.413071 0.852052 0.323158
v -0.289544 0.900051 0.327862
v -0.206987 0.966584 0.154433
v -0.176324 0.983060 0.059877
v -0.133158 0.985923 0.099605
v -0.149831 0.972854 0.179629
v -0.016676 0.988484 0.148308
v -0.016658 0.975833 0.216449
v -0.083617 0.975270 0.207409
v -0.066845 0.992013 0.110689
v -0.116697 0.991637 0.051475
v -0.007039 0.999284 0.053979
v -0.077694 0.997570 0.000000
v -0.095509 0.957051 -0.276299
v -0.207042 0.953608 -0.221775
v -0.227211 0.895527 -0.384104
v -0.387575 0.889677 -0.244536
v -0.413071 0.852052 -0.323158
v -0.248033 0.928923 -0.274333
v -0.279586 0.933292 -0.224705
v -0.272765 0.949347 -0.159298
v -0.330685 0.914426 -0.235855
v -0.289544 0.900051 -0.327862
v -0.149259 0.937331 -0.316725
v -0.106958 0.887969 -0.446806
v -0.037879 0.892672 -0.450632
v -0.016588 0.958400 -0.283842
v -0.096963 0.924137 -0.371099
v -0.022123 0.933011 -0.360382
v -0.147964 0.896971 -0.416234
v -0.193443 0.921760 -0.338201
v -0.192632 0.866419 -0.461912
v 0.016658 0.975833 -0.216449
v 0.016676 0.988484 -0.148308
v -0.138128 0.974777 -0.179302
v -0.133158 0.985923 -0.099605
v -0.206987 0.966584 -0.154433
v -0.066845 0.992013 -0.110689
v -0.116697 0.991637 -0.051475
v -0.041258 0.983877 -0.178236
v 0.016693 0.996384 -0.079454
v -0.016698 0.999316 -0.027616
v -0.033386 0.996656 -0.072532
v -0.696194 0.718172 -0.000000
v -0.656770 0.753968 0.030359
v -0.642348 0.766491 -0.029164
v -0.605263 0.782338 -0.149754
v -0.553790 0.811819 -0.186976
v -0.674444 0.730541 -0.110854
v -0.641836 0.754458 -0.141352
v -0.526193 0.842650 -0.118882
v -0.581180 0.810748 -0.079619
v -0.605263 0.782338 0.149754
v -0.674444 0.730541 0.110854
v -0.641836 0.754458 0.141352
v -0.553790 0.811819 0.186976
v -0.526193 0.842650 0.118882
v -0.572092 0.816903 0.080806
v -0.610151 0.791145 0.050251
v -0.539449 0.842749 0.000000
v -0.778780 0.626076 0.049191
v -0.711152 0.689320 0.139834
v -0.723092 0.688716 0.064378
v -0.740393 0.671870 0.010167
v -0.711152 0.689320 -0.139834
v -0.723702 0.688466 -0.060660
v -0.777462 0.628759 -0.030390
v -0.351147 -0.936035 0.010334
v -0.298519 -0.946290 -0.122493
v -0.383396 -0.920535 -0.072094
v -0.300304 -0.952741 -0.041061
v -0.383396 -0.920535 0.072094
v -0.298519 -0.946290 0.122493
v -0.300304 -0.952741 0.041061
v -0.393553 -0.919943 -0.001203
v -0.479997 -0.876972 0.000000
v -0.439513 -0.896909 0.059380
v -0.412529 -0.901239 0.131131
v -0.500981 -0.849714 0.166772
v -0.440316 -0.879485 0.179215
v -0.477640 -0.842252 0.252306
v -0.341057 -0.937044 0.082293
v -0.378829 -0.912768 0.151509
v -0.344665 -0.922682 0.171685
v -0.461894 -0.881041 0.100172
v -0.493730 -0.865744 0.079558
v -0.500981 -0.849714 -0.166772
v -0.422809 -0.901122 -0.101772
v -0.440316 -0.879485 -0.179215
v -0.341057 -0.937044 -0.082293
v -0.378829 -0.912768 -0.151509
v -0.344665 -0.922682 -0.171685
v -0.477640 -0.842252 -0.252306
v -0.448583 -0.892970 -0.030983
v -0.461894 -0.881041 -0.100172
v -0.493730 -0.865744 -0.079558
v -0.174824 -0.981325 0.077054
v -0.259865 -0.966245 -0.001132
v -0.217054 -0.975904 0.010321
v -0.248875 -0.963966 -0.091849
v -0.216746 -0.974679 -0.051337
v -0.248875 -0.963966 0.091849
v -0.216746 -0.974679 0.051337
v -0.150301 -0.988387 0.010321
v -0.083476 -0.995834 0.030944
v -0.083476 -0.995834 -0.030944
v -0.050097 -0.998498 0.000000
v -0.207042 -0.953608 -0.221775
v -0.132669 -0.952777 -0.272560
v -0.082853 -0.952220 -0.292853
v -0.227211 -0.895527 -0.384104
v -0.149259 -0.937331 -0.316725
v -0.106958 -0.887969 -0.446806
v -0.037879 -0.892672 -0.450632
v -0.096963 -0.924137 -0.371099
v -0.147964 -0.896971 -0.416234
v -0.193443 -0.921760 -0.338201
v -0.192632 -0.866419 -0.461913
v -0.279586 -0.933292 -0.224705
v -0.272765 -0.949347 -0.159298
v -0.248033 -0.928923 -0.274333
v -0.330685 -0.914426 -0.235855
v -0.387575 -0.889677 -0.244536
v -0.413071 -0.852052 -0.323158
v -0.289544 -0.900051 -0.327862
v -0.206987 -0.966584 -0.154433
v -0.176324 -0.983060 -0.059877
v -0.133158 -0.985923 -0.099605
v -0.149831 -0.972854 -0.179629
v -0.083617 -0.975270 -0.207409
v -0.066845 -0.992013 -0.110689
v -0.116697 -0.991637 -0.051475
v -0.095509 -0.957051 0.276299
v -0.207042 -0.953608 0.221775
v -0.227211 -0.895527 0.384104
v -0.387575 -0.889677 0.244536
v -0.413071 -0.852052 0.323158
v -0.248033 -0.928923 0.274333
v -0.279586 -0.933292 0.224705
v -0.272765 -0.949347 0.159298
v -0.330685 -0.914426 0.235855
v -0.289544 -0.900051 0.327862
v -0.149259 -0.937331 0.316725
v -0.106958 -0.887969 0.446806
v -0.037879 -0.892672 0.450632
v -0.096963 -0.924137 0.371099
v -0.147964 -0.896971 0.416234
v -0.193443 -0.921760 0.338201
v -0.192632 -0.866419 0.461912
v -0.049966 -0.977530 0.203263
v -0.138128 -0.974777 0.179302
v -0.133158 -0.985923 0.099605
v -0.206987 -0.966584 0.154433
v -0.066845 -0.992013 0.110689
v -0.116697 -0.991637 0.051475
v -0.026355 -0.994841 0.105231
v -0.696194 -0.718172 0.000000
v -0.656770 -0.753968 -0.030359
v -0.642348 -0.766491 0.029164
v -0.605263 -0.782338 0.149754
v -0.553790 -0.811819 0.186976
v -0.674444 -0.730541 0.110854
v -0.641836 -0.754458 0.141352
v -0.526193 -0.842650 0.118882
v -0.581180 -0.810748 0.079619
v -0.605263 -0.782338 -0.149754
v -0.674444 -0.730541 -0.110854
v -0.641836 -0.754458 -0.141352
v -0.553790 -0.811819 -0.186976
v -0.526193 -0.842650 -0.118882
v -0.572092 -0.816903 -0.080806
v -0.610151 -0.791145 -0.050251
v -0.539449 -0.842749 -0.000000
v -0.778780 -0.626076 -0.049191
v -0.711152 -0.689320 -0.139834
v -0.723092 -0.688716 -0.064378
v -0.740393 -0.671870 -0.010167
v -0.711152 -0.689320 0.139834
v -0.723702 -0.688466 0.060660
v -0.777462 -0.628759 0.030390
v 0.591325 -0.588872 0.551733
v 0.642706 -0.541406 0.542411
v 0.554883 -0.573503 0.603614
v 0.542418 -0.642698 0.541410
v 0.500894 -0.548130 0.670663
v 0.431864 -0.542325 0.721049
v 0.494644 -0.501729 0.710277
v 0.414165 -0.483094 0.772168
v 0.570139 -0.490834 0.659421
v 0.489291 -0.623643 0.609967
v 0.469287 -0.591410 0.656367
v 0.442644 -0.648980 0.619113
v 0.579943 -0.694032 0.427224
v 0.634536 -0.593428 0.496006
v 0.586196 -0.648383 0.486631
v 0.515464 -0.761159 0.395128
v 0.490831 -0.659423 0.570138
v 0.527594 -0.698592 0.484461
v 0.727967 -0.432521 0.532732
v 0.669568 -0.490222 0.558724
v 0.710433 -0.494910 0.501134
v 0.695907 -0.538659 0.475950
v 0.617201 -0.500449 0.607812
v 0.662404 -0.426469 0.616882
v 0.741346 -0.370086 0.560491
v 0.744220 -0.585274 0.323677
v 0.779012 -0.554834 0.290790
v 0.818307 -0.500812 0.281496
v 0.757634 -0.614971 0.220700
v 0.704299 -0.653674 0.278994
v 0.802616 -0.561477 0.204216
v 0.829924 -0.550391 0.098195
v 0.830075 -0.515604 0.215704
v 0.854780 -0.451504 0.254693
v 0.856658 -0.495770 0.141580
v 0.873880 -0.450913 0.180018
v 0.768013 -0.626914 0.135171
v 0.690296 -0.626525 0.363149
v 0.681262 -0.588029 0.437150
v 0.630851 -0.657092 0.413477
v 0.642269 -0.693888 0.327512
v 0.586586 -0.721916 0.368046
v 0.574675 -0.754827 0.317724
v 0.715919 -0.668771 0.202037
v 0.818740 -0.417502 0.393600
v 0.725597 -0.563283 0.396150
v 0.767657 -0.511645 0.387407
v 0.847022 -0.382755 0.368447
v 0.864681 -0.396297 0.307658
v 0.817975 -0.463352 0.342989
v 0.765891 -0.462945 0.447313
v 0.798975 -0.407489 0.441916
v 0.772815 -0.389994 0.501387
v 0.814119 -0.317573 0.485858
v 0.626737 -0.274858 0.729867
v 0.647338 -0.227343 0.728422
v 0.593099 -0.332159 0.733922
v 0.500812 -0.281496 0.818307
v 0.540468 -0.314963 0.780771
v 0.484142 -0.382379 0.786614
v 0.537375 -0.392125 0.747065
v 0.529702 -0.463195 0.711047
v 0.472555 -0.442376 0.762964
v 0.389315 -0.413528 0.823953
v 0.461190 -0.333126 0.823087
v 0.583016 -0.233458 0.778778
v 0.626914 -0.135171 0.768013
v 0.575772 -0.135312 0.807234
v 0.554037 -0.046623 0.831587
v 0.530324 -0.225256 0.817904
v 0.504816 -0.186382 0.843388
v 0.700347 -0.389961 0.597538
v 0.731049 -0.311735 0.607658
v 0.681641 -0.325543 0.656294
v 0.709028 -0.223677 0.669644
v 0.745738 -0.244480 0.620272
v 0.596213 -0.414129 0.688730
v 0.634391 -0.355075 0.687102
v 0.791695 -0.335797 0.509935
v 0.267527 -0.813231 0.517682
v 0.219121 -0.716273 0.663387
v 0.301934 -0.731400 0.612580
v 0.354302 -0.535203 0.767287
v 0.350424 -0.595346 0.724151
v 0.298721 -0.679958 0.670176
v 0.241189 -0.668985 0.703500
v 0.351155 -0.652346 0.672183
v 0.399616 -0.608356 0.686236
v 0.388932 -0.672203 0.630756
v 0.490911 -0.744695 0.452663
v 0.376533 -0.806318 0.457053
v 0.252811 -0.855448 0.452418
v 0.333129 -0.823085 0.461192
v 0.441582 -0.785345 0.435015
v 0.390377 -0.827361 0.403453
v 0.468124 -0.719232 0.514072
v 0.343236 -0.763148 0.548775
v 0.409990 -0.705308 0.579170
v 0.404866 -0.757793 0.512584
v 0.239710 -0.788906 0.566632
v 0.182624 -0.821866 0.540277
v 0.137367 -0.809219 0.572447
v 0.178743 -0.760159 0.625587
v 0.056776 -0.822586 0.566405
v 0.504967 -0.800356 0.322407
v 0.351147 -0.936035 0.010334
v 0.298519 -0.946290 -0.122493
v 0.300304 -0.952741 -0.041061
v 0.383396 -0.920535 -0.072094
v 0.393553 -0.919943 -0.001203
v 0.479997 -0.876972 0.000000
v 0.383396 -0.920535 0.072094
v 0.300304 -0.952741 0.041061
v 0.298519 -0.946290 0.122493
v 0.412529 -0.901239 0.131131
v 0.439513 -0.896909 0.059380
v 0.440316 -0.879485 0.179215
v 0.500981 -0.849714 0.166772
v 0.477640 -0.842252 0.252306
v 0.461894 -0.881041 0.100172
v 0.493730 -0.865744 0.079558
v 0.341057 -0.937044 0.082293
v 0.378829 -0.912768 0.151509
v 0.344665 -0.922682 0.171685
v 0.217054 -0.975904 0.010321
v 0.259865 -0.966245 -0.001132
v 0.174824 -0.981325 -0.077054
v 0.248875 -0.963966 -0.091849
v 0.216746 -0.974679 -0.051337
v 0.150301 -0.988387 -0.010321
v 0.216746 -0.974679 0.051337
v 0.248875 -0.963966 0.091849
v 0.500981 -0.849714 -0.166772
v 0.440316 -0.879485 -0.179215
v 0.422809 -0.901122 -0.101772
v 0.341057 -0.937044 -0.082293
v 0.344665 -0.922682 -0.171685
v 0.378829 -0.912768 -0.151509
v 0.448583 -0.892970 -0.030983
v 0.493730 -0.865744 -0.079558
v 0.461894 -0.881041 -0.100172
v 0.477640 -0.842252 -0.252306
v 0.207042 -0.953608 -0.221775
v 0.227211 -0.895527 -0.384104
v 0.132669 -0.952777 -0.272560
v 0.149259 -0.937331 -0.316725
v 0.035692 -0.905358 -0.424460
v 0.106958 -0.887969 -0.446806
v 0.065411 -0.862803 -0.502257
v 0.147964 -0.896971 -0.416234
v 0.193443 -0.921760 -0.338201
v 0.192632 -0.866419 -0.461913
v 0.096963 -0.924137 -0.371099
v -0.022123 -0.933011 -0.360382
v -0.016588 -0.958400 -0.283842
v 0.033031 -0.938069 -0.344433
v 0.206987 -0.966584 -0.154433
v 0.133158 -0.985923 -0.099605
v -0.016693 -0.996384 -0.079454
v 0.033386 -0.996656 -0.072532
v 0.016698 -0.999316 -0.027616
v 0.066845 -0.992013 -0.110689
v 0.116697 -0.991637 -0.051475
v 0.041258 -0.983877 -0.178236
v -0.016676 -0.988484 -0.148308
v 0.138128 -0.974777 -0.179302
v -0.016658 -0.975833 -0.216449
v 0.071902 -0.959349 -0.275456
v 0.279586 -0.933292 -0.224705
v 0.272765 -0.949347 -0.159298
v 0.248033 -0.928923 -0.274333
v 0.330685 -0.914426 -0.235855
v 0.289544 -0.900051 -0.327862
v 0.387575 -0.889677 -0.244536
v 0.413071 -0.852052 -0.323158
v 0.696194 -0.718172 -0.000000
v 0.610269 -0.791405 0.030478
v 0.656770 -0.753968 0.030359
v 0.605263 -0.782338 0.149754
v 0.544795 -0.796579 0.263313
v 0.553790 -0.811819 0.186976
v 0.526193 -0.842650 0.118882
v 0.581180 -0.810748 0.079619
v 0.609441 -0.757792 0.235559
v 0.674444 -0.730541 0.110854
v 0.669629 -0.709040 0.223682
v 0.641836 -0.754458 0.141352
v 0.773007 -0.634891 0.020177
v 0.711152 -0.689320 -0.139834
v 0.723092 -0.688716 -0.064378
v 0.740393 -0.671870 -0.010167
v 0.803444 -0.591491 0.075596
v 0.823511 -0.566549 0.005083
v 0.723702 -0.688466 0.060660
v 0.711152 -0.689320 0.139834
v 0.605263 -0.782338 -0.149754
v 0.674444 -0.730541 -0.110854
v 0.641836 -0.754458 -0.141352
v 0.526193 -0.842650 -0.118882
v 0.539449 -0.842749 0.000000
v 0.572092 -0.816903 -0.080806
v 0.629545 -0.776852 -0.040038
v 0.553790 -0.811819 -0.186976
v 0.132669 -0.952777 0.272560
v 0.082853 -0.952220 0.292853
v 0.227211 -0.895527 0.384104
v 0.207042 -0.953608 0.221775
v 0.453411 -0.818573 0.353595
v 0.413071 -0.852052 0.323158
v 0.387575 -0.889677 0.244536
v 0.289544 -0.900051 0.327862
v 0.307658 -0.864681 0.396297
v 0.363423 -0.860666 0.357908
v 0.248033 -0.928923 0.274333
v 0.330685 -0.914426 0.235855
v 0.272765 -0.949347 0.159298
v 0.279586 -0.933292 0.224705
v 0.016658 -0.975833 0.216449
v 0.083617 -0.975270 0.207409
v 0.016676 -0.988484 0.148308
v 0.116697 -0.991637 0.051475
v 0.066845 -0.992013 0.110689
v 0.077694 -0.997570 -0.000000
v 0.000000 -0.999701 0.017296
v 0.033386 -0.996656 0.072532
v 0.133158 -0.985923 0.099605
v 0.176324 -0.983060 0.059877
v 0.149831 -0.972854 0.179629
v 0.206987 -0.966584 0.154433
v 0.149259 -0.937331 0.316725
v 0.106958 -0.887969 0.446806
v 0.035692 -0.905358 0.424460
v -0.016588 -0.958400 0.283842
v -0.022123 -0.933011 0.360382
v 0.033668 -0.950504 0.311342
v 0.096963 -0.924137 0.371099
v 0.140534 -0.856829 0.496769
v 0.192632 -0.866419 0.461913
v 0.193443 -0.921760 0.338201
v 0.147964 -0.896971 0.416234
v -0.011882 -0.852886 0.522568
v 0.065411 -0.862803 0.502257
v 0.504967 -0.800356 -0.322407
v 0.554883 -0.573503 -0.603614
v 0.591325 -0.588872 -0.551733
v 0.642706 -0.541406 -0.542411
v 0.542418 -0.642698 -0.541410
v 0.579943 -0.694032 -0.427224
v 0.515464 -0.761159 -0.395128
v 0.634536 -0.593428 -0.496006
v 0.586196 -0.648383 -0.486631
v 0.490831 -0.659423 -0.570138
v 0.527594 -0.698592 -0.484461
v 0.431864 -0.542325 -0.721049
v 0.500894 -0.548130 -0.670663
v 0.494644 -0.501729 -0.710277
v 0.570139 -0.490834 -0.659421
v 0.414165 -0.483094 -0.772168
v 0.489291 -0.623643 -0.609967
v 0.469287 -0.591410 -0.656367
v 0.442644 -0.648980 -0.619113
v 0.727967 -0.432521 -0.532732
v 0.669568 -0.490222 -0.558724
v 0.617201 -0.500449 -0.607812
v 0.662404 -0.426469 -0.616882
v 0.710433 -0.494910 -0.501134
v 0.695907 -0.538659 -0.475950
v 0.741346 -0.370086 -0.560491
v 0.593099 -0.332160 -0.733922
v 0.626737 -0.274858 -0.729867
v 0.647338 -0.227343 -0.728422
v 0.500812 -0.281496 -0.818307
v 0.565663 -0.144864 -0.812474
v 0.568965 -0.037586 -0.822194
v 0.607848 -0.122631 -0.785396
v 0.583016 -0.233458 -0.778778
v 0.640983 -0.127035 -0.757376
v 0.530324 -0.225256 -0.817904
v 0.504816 -0.186382 -0.843388
v 0.540468 -0.314963 -0.780771
v 0.537375 -0.392125 -0.747065
v 0.529702 -0.463195 -0.711047
v 0.484142 -0.382379 -0.786614
v 0.472555 -0.442376 -0.762964
v 0.389315 -0.413528 -0.823953
v 0.461190 -0.333126 -0.823087
v 0.700347 -0.389961 -0.597538
v 0.731049 -0.311735 -0.607658
v 0.681641 -0.325543 -0.656294
v 0.596213 -0.414129 -0.688730
v 0.634391 -0.355075 -0.687102
v 0.745738 -0.244480 -0.620272
v 0.709028 -0.223677 -0.669644
v 0.749895 -0.583460 -0.314139
v 0.809786 -0.518582 -0.276562
v 0.704299 -0.653674 -0.278994
v 0.757634 -0.614971 -0.220700
v 0.544795 -0.796579 -0.263313
v 0.586586 -0.721916 -0.368046
v 0.574675 -0.754827 -0.317724
v 0.690296 -0.626525 -0.363149
v 0.681262 -0.588029 -0.437150
v 0.630851 -0.657092 -0.413477
v 0.642269 -0.693888 -0.327512
v 0.609441 -0.757792 -0.235559
v 0.715919 -0.668771 -0.202037
v 0.669629 -0.709040 -0.223682
v 0.802616 -0.561477 -0.204216
v 0.854780 -0.451504 -0.254693
v 0.873880 -0.450913 -0.180018
v 0.843387 -0.504816 -0.186383
v 0.788404 -0.613957 -0.048835
v 0.836054 -0.541083 -0.096719
v 0.863917 -0.490054 -0.114869
v 0.757376 -0.640983 -0.127035
v 0.791307 -0.597867 -0.132151
v 0.818740 -0.417502 -0.393600
v 0.864681 -0.396297 -0.307658
v 0.847022 -0.382755 -0.368447
v 0.817975 -0.463352 -0.342989
v 0.725597 -0.563283 -0.396150
v 0.767657 -0.511645 -0.387407
v 0.798975 -0.407489 -0.441916
v 0.765891 -0.462945 -0.447313
v 0.772815 -0.389994 -0.501387
v 0.791695 -0.335797 -0.509935
v 0.814119 -0.317573 -0.485858
v 0.219121 -0.716273 -0.663387
v 0.267527 -0.813231 -0.517682
v 0.301934 -0.731400 -0.612580
v 0.490911 -0.744695 -0.452663
v 0.376533 -0.806318 -0.457053
v 0.453411 -0.818573 -0.353595
v 0.441582 -0.785345 -0.435015
v 0.252811 -0.855448 -0.452418
v 0.307658 -0.864681 -0.396297
v 0.390377 -0.827361 -0.403453
v 0.363423 -0.860666 -0.357908
v 0.333129 -0.823085 -0.461192
v 0.343236 -0.763148 -0.548775
v 0.468124 -0.719232 -0.514072
v 0.409990 -0.705308 -0.579170
v 0.404866 -0.757793 -0.512584
v 0.298721 -0.679958 -0.670176
v 0.241189 -0.668985 -0.703500
v 0.350424 -0.595346 -0.724151
v 0.354302 -0.535203 -0.767287
v 0.351155 -0.652346 -0.672183
v 0.399616 -0.608356 -0.686236
v 0.388932 -0.672203 -0.630756
v 0.178743 -0.760159 -0.625587
v 0.137367 -0.809219 -0.572447
v 0.140534 -0.856829 -0.496769
v 0.239710 -0.788906 -0.566632
v 0.182624 -0.821866 -0.540277
# 2502 vertices, 0 vertices normals

f 5 2 1
f 7 5 1
f 13 2 6
f 4 2 13
f 6 2 5
f 2 4 17
f 4 13 3
f 3 18 4
f 18 3 47
f 10 1 20
f 1 10 7
f 10 20 85
f 20 1 2
f 17 20 2
f 5 11 15
f 6 15 16
f 5 15 6
f 102 15 11
f 7 9 101
f 101 9 96
f 96 9 8
f 9 62 8
f 60 94 8
f 96 8 94
f 65 9 10
f 10 9 7
f 64 65 85
f 85 65 10
f 9 65 62
f 11 101 103
f 5 7 11
f 11 7 101
f 11 103 102
f 12 14 16
f 16 113 12
f 14 6 16
f 12 39 14
f 13 14 37
f 47 3 37
f 37 3 13
f 13 6 14
f 14 39 37
f 41 12 110
f 110 12 113
f 41 110 125
f 39 12 41
f 115 16 15
f 115 113 16
f 115 15 102
f 48 19 17
f 21 88 19
f 54 19 48
f 21 19 54
f 46 48 18
f 47 46 18
f 18 17 4
f 48 17 18
f 20 19 84
f 88 84 19
f 20 84 85
f 17 19 20
f 56 21 54
f 21 56 87
f 33 24 22
f 36 38 22
f 24 23 22
f 49 23 24
f 47 36 23
f 23 36 22
f 25 24 33
f 52 25 51
f 25 52 24
f 24 52 49
f 44 33 22
f 22 38 44
f 33 26 30
f 34 26 33
f 27 26 34
f 34 197 27
f 26 27 29
f 29 196 28
f 27 196 29
f 28 30 29
f 29 30 26
f 30 32 25
f 25 33 30
f 51 32 31
f 25 32 51
f 28 32 30
f 34 44 199
f 33 44 34
f 199 197 34
f 44 175 199
f 35 43 40
f 40 43 38
f 40 41 35
f 36 37 38
f 36 47 37
f 39 40 38
f 38 37 39
f 35 182 42
f 35 41 182
f 125 182 41
f 39 41 40
f 44 43 45
f 45 35 42
f 43 35 45
f 44 38 43
f 175 44 45
f 53 52 50
f 54 53 50
f 47 23 46
f 48 46 53
f 53 54 48
f 23 49 46
f 46 49 53
f 51 50 52
f 49 52 53
f 50 2432 56
f 50 56 54
f 56 2432 55
f 87 56 55
f 63 57 58
f 71 58 57
f 57 82 71
f 82 57 83
f 63 86 57
f 64 86 63
f 64 85 86
f 86 83 57
f 63 58 67
f 77 67 71
f 71 67 58
f 66 59 62
f 68 59 66
f 60 8 59
f 60 59 61
f 59 8 62
f 65 64 66
f 64 63 66
f 62 65 66
f 68 66 67
f 67 66 63
f 68 61 59
f 68 67 69
f 77 72 74
f 74 76 77
f 77 71 72
f 72 73 74
f 70 72 82
f 82 80 70
f 82 72 71
f 70 73 72
f 74 75 539
f 74 539 76
f 539 75 538
f 73 75 74
f 67 77 78
f 77 76 78
f 78 69 67
f 88 79 83
f 83 79 81
f 80 82 81
f 79 89 81
f 82 83 81
f 83 86 84
f 83 84 88
f 84 86 85
f 88 21 79
f 89 79 87
f 79 21 87
f 90 93 91
f 91 93 100
f 90 114 116
f 90 91 118
f 105 114 90
f 90 118 105
f 91 99 92
f 100 99 91
f 97 92 99
f 118 91 92
f 93 116 102
f 90 116 93
f 98 99 100
f 98 100 96
f 94 610 98
f 95 94 60
f 95 610 94
f 96 94 98
f 99 98 97
f 103 100 93
f 100 103 101
f 101 96 100
f 103 93 102
f 112 106 104
f 104 109 112
f 114 106 112
f 108 106 105
f 108 105 210
f 106 114 105
f 107 104 108
f 108 104 106
f 109 111 110
f 109 110 112
f 112 110 113
f 110 111 125
f 111 109 104
f 107 111 104
f 114 115 116
f 114 112 113
f 113 115 114
f 115 102 116
f 122 117 118
f 118 117 119
f 119 117 236
f 234 105 119
f 234 210 105
f 119 105 118
f 92 120 122
f 122 120 123
f 121 120 97
f 97 120 92
f 122 118 92
f 124 236 117
f 124 122 123
f 117 122 124
f 127 129 126
f 126 128 127
f 130 129 127
f 127 135 130
f 128 126 142
f 129 139 144
f 165 144 139
f 129 137 139
f 144 126 129
f 142 126 144
f 145 133 128
f 133 134 127
f 127 134 135
f 127 128 133
f 145 205 133
f 141 130 131
f 130 135 131
f 130 137 129
f 229 141 131
f 136 134 132
f 134 136 135
f 136 132 221
f 132 134 188
f 181 216 183
f 183 216 132
f 132 216 221
f 132 188 183
f 133 186 134
f 133 205 186
f 188 134 186
f 222 135 136
f 221 222 136
f 131 135 222
f 131 222 229
f 138 137 227
f 138 227 225
f 225 140 138
f 138 140 160
f 159 139 138
f 158 165 159
f 159 165 139
f 138 139 137
f 159 138 160
f 140 225 226
f 294 140 226
f 141 230 227
f 130 141 137
f 137 141 227
f 230 141 229
f 143 203 142
f 143 207 203
f 146 207 143
f 146 143 174
f 144 166 143
f 166 144 165
f 166 174 143
f 143 142 144
f 204 145 203
f 204 205 145
f 145 128 142
f 142 203 145
f 146 209 207
f 146 172 209
f 148 152 147
f 147 167 148
f 164 148 167
f 158 148 164
f 165 158 164
f 161 148 158
f 171 147 152
f 147 171 167
f 155 152 162
f 162 152 148
f 148 161 162
f 155 150 151
f 152 155 151
f 156 150 155
f 154 151 150
f 149 1542 150
f 1541 1542 149
f 150 156 149
f 154 150 1542
f 151 153 171
f 171 152 151
f 171 153 169
f 153 151 154
f 155 162 310
f 155 310 156
f 310 162 303
f 157 161 160
f 302 161 157
f 158 159 161
f 159 160 161
f 294 296 157
f 294 157 140
f 157 160 140
f 302 157 296
f 161 302 162
f 302 303 162
f 163 174 170
f 170 168 163
f 164 170 166
f 166 165 164
f 166 170 174
f 170 164 167
f 163 168 173
f 169 168 171
f 170 171 168
f 167 171 170
f 173 172 163
f 174 163 146
f 163 172 146
f 185 176 184
f 198 176 177
f 179 177 176
f 206 177 179
f 178 202 200
f 177 178 198
f 178 177 202
f 202 177 206
f 185 205 179
f 179 176 185
f 184 176 190
f 198 190 176
f 189 180 187
f 187 180 183
f 187 184 189
f 182 125 181
f 181 183 182
f 180 182 183
f 180 42 182
f 188 187 183
f 186 185 184
f 205 185 186
f 187 188 184
f 184 188 186
f 189 190 45
f 190 189 184
f 180 45 42
f 189 45 180
f 175 45 190
f 191 198 193
f 197 198 191
f 27 197 191
f 194 193 178
f 194 200 192
f 178 200 194
f 178 193 198
f 195 193 194
f 27 191 196
f 193 195 196
f 196 191 193
f 190 197 199
f 198 197 190
f 175 190 199
f 206 201 202
f 206 207 201
f 200 202 201
f 204 203 206
f 206 203 207
f 205 204 179
f 206 179 204
f 1521 201 209
f 201 207 209
f 209 208 1521
f 172 208 209
f 211 223 219
f 214 211 212
f 212 228 214
f 211 235 212
f 213 330 224
f 212 213 224
f 224 228 212
f 212 235 213
f 219 218 211
f 235 211 218
f 223 214 229
f 211 214 223
f 217 220 215
f 215 220 216
f 219 220 217
f 111 181 125
f 216 181 111
f 220 221 216
f 111 215 216
f 107 215 111
f 217 108 218
f 217 218 219
f 108 210 218
f 215 107 108
f 108 217 215
f 222 219 223
f 220 219 221
f 221 219 222
f 229 222 223
f 332 228 224
f 228 332 225
f 224 330 332
f 331 226 332
f 225 332 226
f 329 226 331
f 329 294 226
f 230 228 227
f 227 228 225
f 228 230 214
f 230 229 214
f 231 232 235
f 235 233 231
f 233 236 231
f 119 236 233
f 347 213 232
f 347 348 330
f 330 213 347
f 232 351 347
f 232 213 235
f 218 234 233
f 233 234 119
f 210 234 218
f 233 235 218
f 236 237 231
f 232 237 351
f 231 237 232
f 124 351 237
f 237 236 124
f 239 240 256
f 256 251 239
f 256 240 242
f 241 242 240
f 241 240 260
f 254 281 259
f 239 259 240
f 254 259 239
f 260 240 259
f 248 242 261
f 248 247 242
f 242 247 243
f 261 318 249
f 248 261 249
f 261 242 241
f 250 256 242
f 250 242 243
f 250 342 256
f 243 247 245
f 243 245 244
f 244 245 246
f 246 335 244
f 300 297 245
f 245 247 300
f 295 246 245
f 294 329 295
f 295 329 246
f 245 297 295
f 247 249 300
f 300 249 298
f 248 249 247
f 249 318 298
f 336 250 244
f 244 250 243
f 335 336 244
f 250 336 342
f 253 251 252
f 252 251 257
f 252 338 255
f 257 338 252
f 277 253 252
f 251 253 239
f 239 253 254
f 277 254 253
f 278 252 255
f 341 278 255
f 252 278 277
f 256 257 251
f 256 342 257
f 262 258 263
f 263 311 262
f 263 258 288
f 262 260 258
f 260 283 258
f 260 259 283
f 283 259 281
f 283 288 258
f 262 317 261
f 317 262 311
f 261 317 318
f 261 241 262
f 262 241 260
f 289 263 288
f 289 238 263
f 267 265 264
f 267 269 265
f 264 276 267
f 264 265 266
f 264 282 275
f 281 275 282
f 276 264 275
f 282 264 266
f 265 287 266
f 267 268 273
f 273 269 267
f 280 268 267
f 267 276 280
f 280 457 268
f 457 273 268
f 271 272 269
f 273 271 269
f 451 271 448
f 448 271 273
f 270 272 271
f 271 902 1098
f 1098 270 271
f 451 902 271
f 272 265 269
f 287 272 2032
f 265 272 287
f 448 273 453
f 273 457 453
f 274 280 277
f 277 280 276
f 277 279 274
f 275 254 276
f 281 254 275
f 276 254 277
f 278 438 279
f 274 438 446
f 274 279 438
f 437 438 341
f 341 438 278
f 277 278 279
f 280 274 446
f 446 447 280
f 447 457 280
f 284 286 285
f 284 285 289
f 288 284 289
f 266 286 284
f 282 284 283
f 283 281 282
f 284 288 283
f 282 266 284
f 287 2032 286
f 286 266 287
f 285 290 289
f 290 238 289
f 320 305 292
f 291 305 320
f 291 316 314
f 291 320 316
f 292 318 320
f 298 318 292
f 292 309 293
f 301 292 293
f 305 309 292
f 301 296 297
f 297 299 301
f 304 296 301
f 299 297 300
f 294 295 297
f 296 294 297
f 299 292 301
f 298 292 299
f 299 300 298
f 304 301 293
f 296 304 302
f 293 303 304
f 304 303 302
f 308 305 306
f 306 307 308
f 1999 306 291
f 291 314 1999
f 291 306 305
f 1999 307 306
f 149 308 307
f 308 149 156
f 1541 149 307
f 156 310 309
f 308 156 309
f 309 305 308
f 310 293 309
f 303 293 310
f 312 319 321
f 316 312 322
f 322 312 321
f 319 312 320
f 316 313 314
f 315 316 322
f 313 316 315
f 320 312 316
f 319 317 321
f 321 317 311
f 318 319 320
f 317 319 318
f 321 263 323
f 263 321 311
f 322 323 1985
f 1985 315 322
f 321 323 322
f 323 263 238
f 345 324 328
f 328 324 327
f 324 345 325
f 350 328 326
f 328 333 326
f 350 326 348
f 348 326 333
f 345 328 350
f 342 327 343
f 342 337 327
f 337 328 327
f 327 324 343
f 334 335 331
f 331 333 334
f 331 335 246
f 331 246 329
f 334 333 328
f 348 333 330
f 331 332 333
f 333 332 330
f 336 335 337
f 337 335 334
f 337 334 328
f 342 336 337
f 340 339 483
f 338 339 340
f 483 484 340
f 325 502 483
f 325 483 339
f 339 324 325
f 340 481 255
f 340 255 338
f 481 437 341
f 255 481 341
f 481 340 484
f 339 257 343
f 257 339 338
f 343 324 339
f 343 257 342
f 349 351 344
f 346 344 505
f 350 349 344
f 350 344 345
f 502 325 346
f 345 344 346
f 346 325 345
f 349 347 351
f 348 349 350
f 347 349 348
f 351 506 344
f 344 506 505
f 124 506 351
f 352 359 364
f 365 352 364
f 364 359 360
f 356 352 365
f 355 352 356
f 352 358 363
f 355 358 352
f 363 359 352
f 363 358 357
f 358 355 353
f 353 391 358
f 353 355 381
f 354 391 353
f 381 355 356
f 358 391 357
f 363 361 359
f 393 361 363
f 359 361 373
f 359 373 360
f 362 361 393
f 363 389 393
f 357 389 363
f 366 385 375
f 375 385 365
f 375 364 367
f 367 364 360
f 365 364 375
f 365 385 378
f 378 356 365
f 368 374 370
f 368 370 376
f 368 367 360
f 376 367 368
f 369 370 479
f 479 480 369
f 376 370 369
f 370 374 439
f 372 371 370
f 370 371 479
f 370 439 372
f 368 373 374
f 360 373 368
f 442 374 361
f 361 362 442
f 361 374 373
f 487 375 376
f 376 375 367
f 369 480 487
f 369 487 376
f 487 488 366
f 366 375 487
f 366 488 497
f 382 379 380
f 380 379 386
f 380 377 493
f 493 377 492
f 386 377 380
f 379 356 378
f 386 379 378
f 380 416 382
f 411 353 382
f 354 353 411
f 382 353 381
f 379 382 381
f 381 356 379
f 384 380 383
f 383 380 493
f 416 380 384
f 495 386 385
f 492 377 495
f 495 377 386
f 385 386 378
f 495 366 497
f 385 366 495
f 390 395 387
f 392 395 390
f 387 394 390
f 387 471 470
f 395 471 387
f 396 395 388
f 388 395 392
f 388 429 396
f 390 394 389
f 357 390 389
f 391 388 392
f 422 388 391
f 354 422 391
f 392 390 357
f 357 391 392
f 464 393 394
f 465 393 464
f 470 464 387
f 464 394 387
f 362 393 465
f 393 389 394
f 395 396 472
f 472 471 395
f 396 984 472
f 472 984 935
f 399 397 398
f 398 410 405
f 405 400 398
f 397 410 398
f 412 397 399
f 400 424 398
f 398 424 399
f 423 399 424
f 424 421 423
f 411 399 423
f 354 411 423
f 412 399 411
f 428 400 401
f 401 400 405
f 955 428 401
f 400 428 424
f 397 418 402
f 402 410 397
f 397 412 418
f 419 402 418
f 409 403 404
f 404 406 409
f 408 403 409
f 409 406 405
f 404 961 406
f 406 961 958
f 404 960 961
f 581 960 403
f 403 960 404
f 406 407 401
f 401 405 406
f 955 407 957
f 401 407 955
f 406 957 407
f 958 957 406
f 408 402 584
f 408 409 410
f 410 409 405
f 410 402 408
f 584 581 403
f 408 584 403
f 419 585 584
f 584 402 419
f 415 417 413
f 413 417 412
f 415 413 416
f 411 382 413
f 411 413 412
f 416 413 382
f 384 414 415
f 415 414 576
f 569 414 384
f 415 416 384
f 418 417 577
f 577 415 576
f 417 415 577
f 418 412 417
f 577 419 418
f 585 419 577
f 420 429 427
f 427 429 425
f 427 426 420
f 430 429 420
f 427 425 424
f 421 425 422
f 421 422 423
f 423 422 354
f 388 425 429
f 422 425 388
f 425 421 424
f 426 972 420
f 970 972 426
f 970 426 955
f 955 426 428
f 427 428 426
f 424 428 427
f 396 430 983
f 983 420 972
f 430 420 983
f 429 430 396
f 983 984 396
f 431 435 432
f 441 435 431
f 456 432 433
f 431 432 456
f 468 433 432
f 432 435 468
f 462 434 433
f 462 460 434
f 456 434 450
f 433 434 456
f 462 433 468
f 435 467 468
f 468 467 466
f 442 467 435
f 435 441 442
f 442 362 467
f 431 436 445
f 441 431 445
f 456 436 431
f 436 458 445
f 440 443 444
f 444 443 441
f 443 440 439
f 438 372 440
f 438 437 372
f 440 446 438
f 440 372 439
f 374 442 443
f 442 441 443
f 439 374 443
f 444 445 447
f 445 444 441
f 440 447 446
f 444 447 440
f 447 445 458
f 457 447 458
f 449 454 452
f 452 454 450
f 455 454 449
f 454 456 450
f 450 899 452
f 907 450 434
f 907 460 905
f 434 460 907
f 907 899 450
f 903 451 452
f 449 451 448
f 449 452 451
f 902 451 903
f 899 903 452
f 436 455 453
f 453 449 448
f 455 449 453
f 454 455 456
f 456 455 436
f 457 458 453
f 453 458 436
f 470 459 463
f 463 459 461
f 463 469 470
f 473 459 470
f 469 463 468
f 461 928 460
f 460 928 905
f 460 462 461
f 927 461 459
f 928 461 927
f 462 463 461
f 468 463 462
f 469 466 465
f 469 464 470
f 465 464 469
f 465 466 467
f 467 362 465
f 469 468 466
f 473 470 471
f 471 472 473
f 459 473 931
f 931 927 459
f 472 935 473
f 473 935 931
f 475 496 477
f 476 475 477
f 475 476 474
f 500 490 475
f 490 500 499
f 475 490 491
f 491 496 475
f 475 474 500
f 503 476 482
f 476 485 482
f 486 485 476
f 503 482 502
f 474 476 503
f 476 477 488
f 488 477 497
f 476 488 486
f 497 477 496
f 486 480 478
f 478 485 486
f 481 480 371
f 481 372 437
f 371 372 481
f 371 480 479
f 481 478 480
f 484 478 481
f 482 485 483
f 483 502 482
f 478 484 485
f 485 484 483
f 487 486 488
f 480 486 487
f 492 496 489
f 489 496 491
f 491 490 605
f 605 490 499
f 606 489 491
f 491 605 606
f 492 494 383
f 383 493 492
f 494 569 384
f 383 494 384
f 494 492 489
f 606 494 489
f 496 495 497
f 496 492 495
f 504 498 501
f 501 498 500
f 501 503 504
f 507 498 504
f 503 501 474
f 618 499 500
f 618 500 498
f 474 501 500
f 503 346 504
f 504 346 505
f 346 503 502
f 507 504 505
f 620 498 507
f 506 620 507
f 507 505 506
f 124 620 506
f 510 518 511
f 513 518 510
f 511 518 512
f 512 509 511
f 511 509 532
f 512 524 529
f 529 525 554
f 524 525 529
f 523 524 512
f 512 521 523
f 529 509 512
f 510 511 531
f 516 510 531
f 516 531 592
f 511 532 531
f 518 527 512
f 512 527 521
f 527 518 607
f 513 517 514
f 513 514 519
f 601 514 515
f 519 514 601
f 571 514 517
f 570 515 514
f 570 604 515
f 570 514 571
f 513 510 517
f 517 510 516
f 516 571 517
f 518 513 519
f 607 518 519
f 523 521 522
f 522 521 520
f 522 520 526
f 526 520 612
f 548 545 522
f 522 545 523
f 525 523 545
f 545 544 525
f 524 523 525
f 554 525 544
f 547 522 526
f 95 60 547
f 95 547 526
f 548 522 547
f 614 520 527
f 612 520 614
f 527 520 521
f 614 527 607
f 528 530 533
f 533 595 528
f 533 530 551
f 530 528 532
f 530 529 555
f 529 554 555
f 530 555 551
f 509 529 530
f 509 530 532
f 532 591 531
f 532 528 591
f 595 591 528
f 531 591 592
f 533 594 595
f 508 594 533
f 556 534 540
f 540 535 556
f 554 534 556
f 544 534 554
f 559 535 560
f 535 559 556
f 534 536 543
f 543 540 534
f 534 549 536
f 540 542 541
f 537 541 542
f 542 539 537
f 538 537 539
f 542 76 539
f 541 2085 535
f 535 540 541
f 535 2085 560
f 2085 541 537
f 543 542 540
f 76 543 78
f 542 543 76
f 536 78 543
f 69 78 536
f 61 549 548
f 548 549 546
f 550 549 61
f 548 546 545
f 534 546 549
f 544 546 534
f 546 544 545
f 547 60 548
f 61 548 60
f 550 61 68
f 549 550 536
f 69 536 550
f 550 68 69
f 552 562 553
f 552 559 561
f 552 561 562
f 552 553 556
f 554 556 553
f 555 554 553
f 555 553 562
f 562 551 555
f 559 557 561
f 558 557 559
f 558 559 560
f 556 559 552
f 533 562 563
f 563 561 2091
f 2091 561 557
f 562 561 563
f 533 551 562
f 563 508 533
f 564 567 573
f 578 564 565
f 567 564 578
f 564 566 565
f 588 565 566
f 564 574 593
f 564 573 574
f 574 592 593
f 564 593 566
f 573 567 575
f 585 575 567
f 575 568 571
f 571 568 572
f 571 573 575
f 414 570 572
f 414 569 604
f 604 570 414
f 568 414 572
f 568 576 414
f 570 571 572
f 516 574 573
f 592 574 516
f 573 571 516
f 568 575 576
f 576 575 577
f 585 577 575
f 583 578 579
f 586 578 583
f 581 586 583
f 580 579 565
f 580 588 2142
f 565 588 580
f 565 579 578
f 2141 579 580
f 960 581 583
f 960 583 762
f 762 583 582
f 579 582 583
f 2141 582 579
f 584 586 581
f 578 586 567
f 586 585 567
f 586 584 585
f 590 595 594
f 587 590 589
f 589 590 594
f 587 566 590
f 588 587 2142
f 587 588 566
f 590 593 591
f 590 591 595
f 591 593 592
f 593 590 566
f 589 594 596
f 508 596 594
f 617 609 598
f 598 609 600
f 616 597 609
f 597 616 121
f 597 121 611
f 609 597 611
f 609 617 616
f 617 598 599
f 607 600 615
f 607 608 600
f 598 600 608
f 615 600 609
f 603 605 602
f 602 601 603
f 606 605 603
f 494 603 515
f 494 604 569
f 515 604 494
f 603 601 515
f 494 606 603
f 605 599 602
f 602 599 598
f 599 605 499
f 519 602 608
f 608 602 598
f 519 601 602
f 608 607 519
f 612 613 610
f 610 613 611
f 612 610 526
f 611 121 97
f 613 609 611
f 98 610 611
f 611 97 98
f 610 95 526
f 612 614 615
f 612 615 613
f 615 609 613
f 614 607 615
f 616 619 123
f 619 616 617
f 120 121 616
f 120 616 123
f 619 618 498
f 499 618 599
f 619 617 618
f 618 617 599
f 620 123 619
f 620 619 498
f 620 124 123
f 622 624 621
f 621 623 622
f 625 624 622
f 622 630 625
f 623 621 637
f 624 634 639
f 659 639 634
f 624 632 634
f 639 621 624
f 637 621 639
f 640 628 623
f 628 629 622
f 622 629 630
f 622 623 628
f 640 696 628
f 636 625 626
f 625 630 626
f 625 632 624
f 721 636 626
f 631 629 627
f 629 631 630
f 631 627 713
f 627 629 680
f 675 706 627
f 706 675 1143
f 627 706 713
f 627 680 675
f 628 678 629
f 628 696 678
f 680 629 678
f 714 630 631
f 713 714 631
f 626 630 714
f 626 714 721
f 633 632 719
f 633 719 717
f 717 635 633
f 633 635 654
f 653 634 633
f 652 659 653
f 653 659 634
f 633 634 632
f 653 633 654
f 635 717 718
f 787 635 718
f 636 722 719
f 625 636 632
f 632 636 719
f 722 636 721
f 638 694 637
f 638 698 694
f 641 698 638
f 641 638 668
f 639 660 638
f 660 639 659
f 660 668 638
f 638 637 639
f 695 640 694
f 695 696 640
f 640 623 637
f 637 694 640
f 641 700 698
f 641 666 700
f 643 647 642
f 642 661 643
f 658 643 661
f 652 643 658
f 659 652 658
f 655 643 652
f 665 642 647
f 642 665 661
f 650 647 656
f 656 647 643
f 643 655 656
f 650 645 646
f 647 650 646
f 798 645 650
f 649 646 645
f 644 2251 645
f 2388 2251 644
f 645 798 644
f 649 645 2251
f 646 648 665
f 665 647 646
f 665 648 663
f 648 646 649
f 650 656 804
f 650 804 798
f 804 656 796
f 651 655 654
f 795 655 651
f 652 653 655
f 653 654 655
f 787 789 651
f 787 651 635
f 651 654 635
f 795 651 789
f 655 795 656
f 795 796 656
f 657 668 664
f 664 662 657
f 658 664 660
f 660 659 658
f 660 664 668
f 664 658 661
f 657 662 667
f 663 662 665
f 664 665 662
f 661 665 664
f 667 666 657
f 668 657 641
f 657 666 641
f 677 669 676
f 690 669 670
f 672 670 669
f 697 670 672
f 671 693 691
f 670 671 690
f 671 670 693
f 693 670 697
f 677 696 672
f 672 669 677
f 676 669 682
f 690 682 669
f 681 673 679
f 679 673 675
f 679 676 681
f 1143 675 674
f 673 674 675
f 673 1178 674
f 680 679 675
f 678 677 676
f 696 677 678
f 679 680 676
f 676 680 678
f 681 682 1189
f 682 681 676
f 673 1189 1178
f 681 1189 673
f 1165 1189 682
f 683 690 685
f 689 690 683
f 1171 689 683
f 686 685 671
f 686 691 684
f 671 691 686
f 671 685 690
f 687 685 686
f 1171 683 688
f 1173 688 687
f 1171 688 1173
f 685 687 688
f 688 683 685
f 682 689 1177
f 690 689 682
f 1165 682 1177
f 697 692 693
f 697 698 692
f 691 693 692
f 695 694 697
f 697 694 698
f 696 695 672
f 697 672 695
f 2211 692 700
f 692 698 700
f 700 699 2211
f 666 699 700
f 701 715 711
f 704 701 702
f 702 720 704
f 701 727 702
f 703 824 716
f 702 703 716
f 716 720 702
f 702 727 703
f 711 709 701
f 727 701 709
f 715 704 721
f 701 704 715
f 708 712 705
f 705 712 707
f 711 712 708
f 1239 707 706
f 1239 706 1143
f 706 707 712
f 712 713 706
f 1239 705 707
f 710 705 1239
f 708 1237 709
f 708 709 711
f 1237 1221 709
f 705 710 1237
f 1237 708 705
f 714 711 715
f 712 711 713
f 713 711 714
f 721 714 715
f 826 720 716
f 720 826 717
f 716 824 826
f 825 718 826
f 717 826 718
f 823 718 825
f 823 787 718
f 722 720 719
f 719 720 717
f 720 722 704
f 722 721 704
f 723 724 727
f 727 725 723
f 725 728 723
f 1247 728 725
f 841 703 724
f 841 842 824
f 824 703 841
f 724 845 841
f 724 703 727
f 709 726 725
f 725 726 1247
f 1221 726 709
f 725 727 709
f 728 729 723
f 724 729 845
f 723 729 724
f 1249 845 729
f 729 728 1249
f 731 732 748
f 748 743 731
f 748 732 734
f 733 734 732
f 733 732 752
f 746 774 751
f 731 751 732
f 746 751 731
f 752 732 751
f 740 734 753
f 740 739 734
f 734 739 735
f 753 812 741
f 740 753 741
f 753 734 733
f 742 748 734
f 742 734 735
f 742 836 748
f 735 739 737
f 735 737 736
f 736 737 738
f 738 829 736
f 793 790 737
f 737 739 793
f 788 738 737
f 787 823 788
f 788 823 738
f 737 790 788
f 739 741 793
f 793 741 791
f 740 741 739
f 741 812 791
f 830 742 736
f 736 742 735
f 829 830 736
f 742 830 836
f 745 743 744
f 744 743 749
f 744 832 747
f 749 832 744
f 770 745 744
f 743 745 731
f 731 745 746
f 770 746 745
f 771 744 747
f 835 771 747
f 744 771 770
f 748 749 743
f 748 836 749
f 754 750 755
f 755 805 754
f 755 750 781
f 754 752 750
f 752 776 750
f 752 751 776
f 776 751 774
f 776 781 750
f 754 811 753
f 811 754 805
f 753 811 812
f 753 733 754
f 754 733 752
f 782 755 781
f 782 730 755
f 759 757 756
f 759 761 757
f 756 769 759
f 756 757 758
f 756 775 768
f 774 768 775
f 769 756 768
f 775 756 758
f 757 780 758
f 759 760 766
f 766 761 759
f 773 760 759
f 759 769 773
f 773 967 760
f 967 766 760
f 764 765 761
f 766 764 761
f 959 764 953
f 953 764 766
f 763 765 764
f 764 960 762
f 762 763 764
f 959 960 764
f 765 757 761
f 780 765 2145
f 757 765 780
f 953 766 963
f 766 967 963
f 767 773 770
f 770 773 769
f 770 772 767
f 768 746 769
f 774 746 768
f 769 746 770
f 771 943 772
f 767 943 951
f 767 772 943
f 942 943 835
f 835 943 771
f 770 771 772
f 773 767 951
f 951 952 773
f 952 967 773
f 777 779 778
f 777 778 782
f 781 777 782
f 758 779 777
f 775 777 776
f 776 774 775
f 777 781 776
f 775 758 777
f 780 2145 779
f 779 758 780
f 778 783 782
f 783 730 782
f 814 799 785
f 784 799 814
f 784 810 808
f 784 814 810
f 785 812 814
f 791 812 785
f 785 803 786
f 794 785 786
f 799 803 785
f 794 789 790
f 790 792 794
f 797 789 794
f 792 790 793
f 787 788 790
f 789 787 790
f 792 785 794
f 791 785 792
f 792 793 791
f 797 794 786
f 789 797 795
f 786 796 797
f 797 796 795
f 802 799 800
f 800 801 802
f 2116 800 784
f 784 808 2116
f 784 800 799
f 2116 801 800
f 644 802 801
f 802 644 798
f 2388 644 801
f 798 804 803
f 802 798 803
f 803 799 802
f 804 786 803
f 796 786 804
f 806 813 815
f 810 806 816
f 816 806 815
f 813 806 814
f 810 807 808
f 809 810 816
f 807 810 809
f 814 806 810
f 813 811 815
f 815 811 805
f 812 813 814
f 811 813 812
f 815 755 817
f 755 815 805
f 816 817 2104
f 2104 809 816
f 815 817 816
f 817 755 730
f 839 818 822
f 822 818 821
f 818 839 819
f 844 822 820
f 822 827 820
f 844 820 842
f 842 820 827
f 839 822 844
f 836 821 837
f 836 831 821
f 831 822 821
f 821 818 837
f 828 829 825
f 825 827 828
f 825 829 738
f 825 738 823
f 828 827 822
f 842 827 824
f 825 826 827
f 827 826 824
f 830 829 831
f 831 829 828
f 831 828 822
f 836 830 831
f 834 833 995
f 832 833 834
f 995 996 834
f 819 1014 995
f 819 995 833
f 833 818 819
f 834 993 747
f 834 747 832
f 993 942 835
f 747 993 835
f 993 834 996
f 833 749 837
f 749 833 832
f 837 818 833
f 837 749 836
f 843 845 838
f 840 838 1017
f 844 843 838
f 844 838 839
f 1014 819 840
f 839 838 840
f 840 819 839
f 843 841 845
f 842 843 844
f 841 843 842
f 845 1018 838
f 838 1018 1017
f 1249 1018 845
f 846 853 858
f 859 846 858
f 858 853 854
f 850 846 859
f 849 846 850
f 846 852 857
f 849 852 846
f 857 853 846
f 857 852 851
f 852 849 847
f 847 885 852
f 847 849 875
f 848 885 847
f 875 849 850
f 852 885 851
f 857 855 853
f 887 855 857
f 853 855 867
f 853 867 854
f 856 855 887
f 857 883 887
f 851 883 857
f 860 879 869
f 869 879 859
f 869 858 861
f 861 858 854
f 859 858 869
f 859 879 872
f 872 850 859
f 862 868 864
f 862 864 870
f 862 861 854
f 870 861 862
f 863 864 991
f 991 992 863
f 870 864 863
f 864 868 944
f 866 865 864
f 864 865 991
f 864 944 866
f 862 867 868
f 854 867 862
f 947 868 855
f 855 856 947
f 855 868 867
f 999 869 870
f 870 869 861
f 863 992 999
f 863 999 870
f 999 1000 860
f 860 869 999
f 860 1000 1009
f 876 873 874
f 874 873 880
f 874 871 1005
f 1005 871 1004
f 880 871 874
f 873 850 872
f 880 873 872
f 874 917 876
f 912 847 876
f 848 847 912
f 876 847 875
f 873 876 875
f 875 850 873
f 878 874 877
f 877 874 1005
f 917 874 878
f 1007 880 879
f 1004 871 1007
f 1007 871 880
f 879 880 872
f 1007 860 1009
f 879 860 1007
f 884 889 881
f 886 889 884
f 881 888 884
f 881 982 981
f 889 982 881
f 934 889 882
f 882 889 886
f 882 932 934
f 884 888 883
f 851 884 883
f 885 882 886
f 923 882 885
f 848 923 885
f 886 884 851
f 851 885 886
f 975 887 888
f 976 887 975
f 981 975 881
f 975 888 881
f 856 887 976
f 887 883 888
f 890 891 892
f 889 891 890
f 890 982 889
f 934 891 889
f 895 893 894
f 894 911 904
f 904 896 894
f 893 911 894
f 913 893 895
f 896 925 894
f 894 925 895
f 924 895 925
f 925 922 924
f 912 895 924
f 848 912 924
f 913 895 912
f 929 896 897
f 897 896 904
f 905 929 897
f 896 929 925
f 893 919 898
f 898 911 893
f 893 913 919
f 920 898 919
f 910 900 901
f 901 906 910
f 909 900 910
f 910 906 904
f 901 903 906
f 906 903 899
f 901 902 903
f 1097 902 900
f 900 902 901
f 906 908 897
f 897 904 906
f 905 908 907
f 897 908 905
f 906 907 908
f 899 907 906
f 909 898 1101
f 909 910 911
f 911 910 904
f 911 898 909
f 1101 1097 900
f 909 1101 900
f 920 1102 1101
f 1101 898 920
f 916 918 914
f 914 918 913
f 916 914 917
f 912 876 914
f 912 914 913
f 917 914 876
f 878 915 916
f 916 915 1092
f 1085 915 878
f 916 917 878
f 919 918 1093
f 1093 916 1092
f 918 916 1093
f 919 913 918
f 1093 920 919
f 1102 920 1093
f 921 932 930
f 930 932 926
f 933 932 921
f 930 926 925
f 922 926 923
f 922 923 924
f 924 923 848
f 882 926 932
f 923 926 882
f 926 922 925
f 929 928 930
f 928 927 921
f 921 930 928
f 905 928 929
f 925 929 930
f 891 933 931
f 931 921 927
f 933 921 931
f 932 933 934
f 934 933 891
f 935 892 931
f 931 892 891
f 936 940 937
f 946 940 936
f 966 937 938
f 936 937 966
f 979 938 937
f 937 940 979
f 973 939 938
f 973 971 939
f 966 939 956
f 938 939 966
f 973 938 979
f 940 978 979
f 979 978 977
f 947 978 940
f 940 946 947
f 947 856 978
f 936 941 950
f 946 936 950
f 966 941 936
f 941 968 950
f 945 948 949
f 949 948 946
f 948 945 944
f 943 866 945
f 943 942 866
f 945 951 943
f 945 866 944
f 868 947 948
f 947 946 948
f 944 868 948
f 949 950 952
f 950 949 946
f 945 952 951
f 949 952 945
f 952 950 968
f 967 952 968
f 954 964 962
f 962 964 956
f 965 964 954
f 964 966 956
f 956 958 962
f 957 956 939
f 957 971 955
f 939 971 957
f 957 958 956
f 961 959 962
f 954 959 953
f 954 962 959
f 960 959 961
f 958 961 962
f 941 965 963
f 963 954 953
f 965 954 963
f 964 965 966
f 966 965 941
f 967 968 963
f 963 968 941
f 981 969 974
f 974 980 981
f 985 969 981
f 980 974 979
f 970 973 974
f 971 970 955
f 971 973 970
f 972 970 969
f 969 970 974
f 979 974 973
f 980 977 976
f 980 975 981
f 976 975 980
f 976 977 978
f 978 856 976
f 980 979 977
f 985 981 982
f 982 890 985
f 969 985 983
f 983 972 969
f 892 984 985
f 985 984 983
f 985 890 892
f 935 984 892
f 987 1008 989
f 988 987 989
f 987 988 986
f 1012 1002 987
f 1002 1012 1011
f 987 1002 1003
f 1003 1008 987
f 987 986 1012
f 1015 988 994
f 988 997 994
f 998 997 988
f 1015 994 1014
f 986 988 1015
f 988 989 1000
f 1000 989 1009
f 988 1000 998
f 1009 989 1008
f 998 992 990
f 990 997 998
f 993 992 865
f 993 866 942
f 865 866 993
f 865 992 991
f 993 990 992
f 996 990 993
f 994 997 995
f 995 1014 994
f 990 996 997
f 997 996 995
f 999 998 1000
f 992 998 999
f 1004 1008 1001
f 1001 1008 1003
f 1003 1002 1122
f 1122 1002 1011
f 1123 1001 1003
f 1003 1122 1123
f 1004 1006 877
f 877 1005 1004
f 1006 1085 878
f 877 1006 878
f 1006 1004 1001
f 1123 1006 1001
f 1008 1007 1009
f 1008 1004 1007
f 1016 1010 1013
f 1013 1010 1012
f 1013 1015 1016
f 1019 1010 1016
f 1015 1013 986
f 1139 1011 1012
f 1139 1012 1010
f 986 1013 1012
f 1015 840 1016
f 1016 840 1017
f 840 1015 1014
f 1019 1016 1017
f 1141 1010 1019
f 1018 1141 1019
f 1019 1017 1018
f 1249 1141 1018
f 1022 1030 1023
f 1025 1030 1022
f 1023 1030 1024
f 1024 1021 1023
f 1023 1021 1044
f 1024 1036 1041
f 1041 1037 1070
f 1036 1037 1041
f 1035 1036 1024
f 1024 1033 1035
f 1041 1021 1024
f 1022 1023 1043
f 1028 1022 1043
f 1028 1043 1109
f 1023 1044 1043
f 1030 1039 1024
f 1024 1039 1033
f 1039 1030 1124
f 1025 1029 1026
f 1025 1026 1031
f 1118 1026 1027
f 1031 1026 1118
f 1087 1026 1029
f 1086 1027 1026
f 1086 1121 1027
f 1086 1026 1087
f 1025 1022 1029
f 1029 1022 1028
f 1028 1087 1029
f 1030 1025 1031
f 1124 1030 1031
f 1035 1033 1034
f 1034 1033 1032
f 1034 1032 1038
f 1038 1032 1132
f 1063 1058 1034
f 1034 1058 1035
f 1037 1035 1058
f 1058 1057 1037
f 1036 1035 1037
f 1070 1037 1057
f 1062 1034 1038
f 1131 1060 1062
f 1131 1062 1038
f 1063 1034 1062
f 1134 1032 1039
f 1132 1032 1134
f 1039 1032 1033
f 1134 1039 1124
f 1040 1042 1045
f 1045 1112 1040
f 1045 1042 1067
f 1042 1040 1044
f 1042 1041 1071
f 1041 1070 1071
f 1042 1071 1067
f 1021 1041 1042
f 1021 1042 1044
f 1044 1108 1043
f 1044 1040 1108
f 1112 1108 1040
f 1043 1108 1109
f 1045 1111 1112
f 1020 1111 1045
f 1072 1046 1051
f 1051 1047 1072
f 1070 1046 1072
f 1057 1046 1070
f 1075 1047 1076
f 1047 1075 1072
f 1046 1048 1055
f 1055 1051 1046
f 1046 1065 1048
f 1051 1054 1052
f 1053 1052 1054
f 1054 1050 1955
f 1049 1955 1050
f 1054 1212 1050
f 1955 1053 1054
f 1052 1962 1047
f 1047 1051 1052
f 1047 1962 1076
f 1962 1052 1053
f 1055 1054 1051
f 1212 1055 1056
f 1054 1055 1212
f 1048 1056 1055
f 1198 1056 1048
f 1061 1065 1063
f 1063 1065 1059
f 1066 1065 1061
f 1063 1059 1058
f 1046 1059 1065
f 1057 1059 1046
f 1059 1057 1058
f 1062 1060 1063
f 1061 1063 1060
f 1066 1061 1064
f 1065 1066 1048
f 1198 1048 1066
f 1066 1064 1198
f 1068 1078 1069
f 1068 1075 1077
f 1068 1077 1078
f 1068 1069 1072
f 1070 1072 1069
f 1071 1070 1069
f 1071 1069 1078
f 1078 1067 1071
f 1075 1073 1077
f 1074 1073 1075
f 1074 1075 1076
f 1072 1075 1068
f 1045 1078 1079
f 1079 1077 1968
f 1968 1077 1073
f 1078 1077 1079
f 1045 1067 1078
f 1079 1020 1045
f 1080 1083 1089
f 1094 1080 1081
f 1083 1080 1094
f 1080 1082 1081
f 1105 1081 1082
f 1080 1090 1110
f 1080 1089 1090
f 1090 1109 1110
f 1080 1110 1082
f 1089 1083 1091
f 1102 1091 1083
f 1091 1084 1087
f 1087 1084 1088
f 1087 1089 1091
f 915 1086 1088
f 915 1085 1121
f 1121 1086 915
f 1084 915 1088
f 1084 1092 915
f 1086 1087 1088
f 1028 1090 1089
f 1109 1090 1028
f 1089 1087 1028
f 1084 1091 1092
f 1092 1091 1093
f 1102 1093 1091
f 1100 1094 1095
f 1103 1094 1100
f 1097 1103 1100
f 1096 1095 1081
f 1096 1105 2029
f 1081 1105 1096
f 1081 1095 1094
f 2028 1095 1096
f 902 1097 1100
f 902 1100 1098
f 1098 1100 1099
f 1095 1099 1100
f 2028 1099 1095
f 1101 1103 1097
f 1094 1103 1083
f 1103 1102 1083
f 1103 1101 1102
f 1107 1112 1111
f 1104 1107 1106
f 1106 1107 1111
f 1104 1082 1107
f 1105 1104 2029
f 1104 1105 1082
f 1107 1110 1108
f 1107 1108 1112
f 1108 1110 1109
f 1110 1107 1082
f 1106 1111 1113
f 1020 1113 1111
f 1138 1126 1115
f 1115 1126 1117
f 1137 1114 1126
f 1114 1137 1222
f 1114 1222 1130
f 1126 1114 1130
f 1126 1138 1137
f 1138 1115 1116
f 1124 1117 1135
f 1124 1125 1117
f 1115 1117 1125
f 1135 1117 1126
f 1120 1122 1119
f 1119 1118 1120
f 1123 1122 1120
f 1006 1120 1027
f 1006 1121 1085
f 1027 1121 1006
f 1120 1118 1027
f 1006 1123 1120
f 1122 1116 1119
f 1119 1116 1115
f 1116 1122 1011
f 1031 1119 1125
f 1125 1119 1115
f 1031 1118 1119
f 1125 1124 1031
f 1132 1133 1129
f 1129 1133 1130
f 1132 1129 1038
f 1130 1222 1127
f 1133 1126 1130
f 1128 1129 1130
f 1130 1127 1128
f 1129 1131 1038
f 1132 1134 1135
f 1132 1135 1133
f 1135 1126 1133
f 1134 1124 1135
f 1137 1140 1142
f 1140 1137 1138
f 1136 1222 1137
f 1136 1137 1142
f 1140 1139 1010
f 1011 1139 1116
f 1140 1138 1139
f 1139 1138 1116
f 1141 1142 1140
f 1141 1140 1010
f 1141 1249 1142
f 1148 1145 1144
f 1150 1148 1144
f 1156 1145 1149
f 1147 1145 1156
f 1149 1145 1148
f 1145 1147 1160
f 1147 1156 1146
f 1146 1161 1147
f 1161 1146 1191
f 1153 1144 1163
f 1144 1153 1150
f 1153 1163 1218
f 1163 1144 1145
f 1160 1163 1145
f 1148 1154 1158
f 1149 1158 1159
f 1148 1158 1149
f 1232 1158 1154
f 1150 1152 1231
f 1231 1152 1228
f 1228 1152 1151
f 1152 1202 1151
f 1060 1227 1151
f 1228 1151 1227
f 1205 1152 1153
f 1153 1152 1150
f 1204 1205 1218
f 1218 1205 1153
f 1152 1205 1202
f 1154 1231 1233
f 1148 1150 1154
f 1154 1150 1231
f 1154 1233 1232
f 1155 1157 1159
f 1159 1241 1155
f 1157 1149 1159
f 1155 1183 1157
f 1156 1157 1181
f 1191 1146 1181
f 1181 1146 1156
f 1156 1149 1157
f 1157 1183 1181
f 1238 1185 1186
f 1186 1155 1238
f 1238 1155 1241
f 1183 1155 1186
f 1243 1159 1158
f 1243 1241 1159
f 1243 1158 1232
f 1192 1162 1160
f 1164 1220 1162
f 1196 1162 1192
f 1164 1162 1196
f 1190 1192 1161
f 1191 1190 1161
f 1161 1160 1147
f 1192 1160 1161
f 1163 1162 1217
f 1220 1217 1162
f 1163 1217 1218
f 1160 1162 1163
f 1197 1164 1196
f 1164 1197 1301
f 1175 1168 1166
f 1180 1182 1166
f 1168 1167 1166
f 1193 1167 1168
f 1191 1180 1167
f 1167 1180 1166
f 1169 1168 1175
f 1194 1169 1321
f 1169 1194 1168
f 1168 1194 1193
f 1188 1175 1166
f 1166 1182 1188
f 1175 1170 1174
f 1176 1170 1175
f 1171 1170 1176
f 1176 689 1171
f 1170 1171 1173
f 1172 1174 1173
f 1173 1174 1170
f 1174 1316 1169
f 1169 1175 1174
f 1321 1316 1315
f 1169 1316 1321
f 1172 1316 1174
f 1176 1188 1177
f 1175 1188 1176
f 1177 689 1176
f 1188 1165 1177
f 1179 1187 1184
f 1184 1187 1182
f 1184 1186 1179
f 1180 1181 1182
f 1180 1191 1181
f 1183 1184 1182
f 1182 1181 1183
f 1179 674 1178
f 1179 1186 674
f 1143 674 1185
f 1185 674 1186
f 1183 1186 1184
f 1188 1187 1189
f 1189 1179 1178
f 1187 1179 1189
f 1188 1182 1187
f 1165 1188 1189
f 1195 1194 1322
f 1196 1195 1322
f 1191 1167 1190
f 1192 1190 1195
f 1195 1196 1192
f 1167 1193 1190
f 1190 1193 1195
f 1321 1322 1194
f 1193 1194 1195
f 1322 1324 1197
f 1322 1197 1196
f 1197 1324 1329
f 1301 1197 1329
f 1203 1199 1200
f 1208 1200 1199
f 1199 1215 1208
f 1215 1199 1216
f 1203 1219 1199
f 1204 1219 1203
f 1204 1218 1219
f 1219 1216 1199
f 1203 1200 1207
f 1213 1207 1208
f 1208 1207 1200
f 1206 1201 1202
f 1064 1201 1206
f 1060 1151 1201
f 1060 1201 1061
f 1201 1151 1202
f 1205 1204 1206
f 1204 1203 1206
f 1202 1205 1206
f 1064 1206 1207
f 1207 1206 1203
f 1064 1061 1201
f 1064 1207 1198
f 1213 1209 1210
f 1210 1212 1213
f 1213 1208 1209
f 1209 1278 1210
f 1281 1209 1215
f 1215 1298 1281
f 1215 1209 1208
f 1281 1278 1209
f 1210 1211 1050
f 1210 1050 1212
f 1050 1211 1049
f 1278 1211 1210
f 1207 1213 1056
f 1213 1212 1056
f 1056 1198 1207
f 1220 1214 1216
f 1216 1214 1297
f 1298 1215 1297
f 1214 1302 1297
f 1215 1216 1297
f 1216 1219 1217
f 1216 1217 1220
f 1217 1219 1218
f 1220 1164 1214
f 1302 1214 1301
f 1214 1164 1301
f 1223 1226 1224
f 1224 1226 1230
f 1223 1242 1244
f 1223 1224 1246
f 1235 1242 1223
f 1223 1246 1235
f 1224 1229 1225
f 1230 1229 1224
f 1127 1225 1229
f 1246 1224 1225
f 1226 1244 1232
f 1223 1244 1226
f 1128 1229 1230
f 1128 1230 1228
f 1227 1129 1128
f 1131 1227 1060
f 1131 1129 1227
f 1228 1227 1128
f 1229 1128 1127
f 1233 1230 1226
f 1230 1233 1231
f 1231 1228 1230
f 1233 1226 1232
f 1240 1236 1234
f 1234 1238 1240
f 1242 1236 1240
f 1237 1236 1235
f 1237 1235 1221
f 1236 1242 1235
f 710 1234 1237
f 1237 1234 1236
f 1240 1238 1241
f 1185 1239 1143
f 1238 1239 1185
f 1239 1238 1234
f 710 1239 1234
f 1242 1243 1244
f 1242 1240 1241
f 1241 1243 1242
f 1243 1232 1244
f 1248 1245 1246
f 1246 1245 1247
f 1247 1245 728
f 726 1235 1247
f 726 1221 1235
f 1247 1235 1246
f 1225 1136 1248
f 1248 1136 1142
f 1222 1136 1127
f 1127 1136 1225
f 1248 1246 1225
f 1249 728 1245
f 1249 1248 1142
f 1245 1248 1249
f 1257 1252 1253
f 1254 1252 1257
f 1253 1251 1257
f 1251 1253 1250
f 1253 1266 1250
f 1251 1262 1271
f 1272 1262 1287
f 1272 1271 1262
f 1250 1262 1251
f 1270 1251 1271
f 1269 1251 1270
f 1257 1251 1273
f 1257 1273 1313
f 1251 1269 1273
f 1252 1259 1265
f 1253 1252 1265
f 1253 1265 1266
f 1265 1259 1347
f 1254 1258 1255
f 1254 1255 1260
f 1255 1338 1260
f 1309 1256 1255
f 1255 1258 1309
f 1256 1336 1255
f 1336 1256 1335
f 1336 1338 1255
f 1254 1257 1258
f 1313 1258 1257
f 1252 1254 1260
f 1260 1259 1252
f 1259 1260 1338
f 1261 1264 1263
f 1344 1264 1261
f 1261 1263 1266
f 1263 1264 1284
f 1262 1263 1289
f 1287 1262 1289
f 1250 1266 1263
f 1250 1263 1262
f 1263 1284 1289
f 1264 1344 1343
f 1353 1264 1343
f 1346 1266 1265
f 1261 1266 1346
f 1344 1261 1346
f 1265 1347 1346
f 1270 1268 1269
f 1268 1267 1269
f 1268 1274 1267
f 1267 1274 1325
f 1303 1268 1295
f 1295 1268 1270
f 1272 1295 1270
f 1270 1271 1272
f 1294 1295 1272
f 1287 1294 1272
f 1267 1326 1273
f 1267 1325 1326
f 1326 1313 1273
f 1273 1269 1267
f 1268 1304 1274
f 1303 1304 1268
f 1329 1274 1304
f 1329 1304 1301
f 1275 1288 1283
f 1283 1288 1277
f 1287 1288 1275
f 1275 1294 1287
f 1276 1275 1279
f 1279 1275 1283
f 1275 1276 1300
f 1293 1277 1288
f 1293 1292 1277
f 1283 1282 1280
f 1439 1280 1282
f 1280 1439 1211
f 1439 1049 1211
f 1278 1280 1211
f 1280 1279 1283
f 1276 1279 1281
f 1281 1298 1276
f 1279 1278 1281
f 1279 1280 1278
f 1282 1277 1442
f 1283 1277 1282
f 1282 1442 1439
f 1442 1277 1292
f 1290 1285 1286
f 1285 1290 1291
f 1285 1291 1293
f 1285 1288 1286
f 1287 1289 1286
f 1288 1287 1286
f 1289 1290 1286
f 1284 1290 1289
f 1264 1425 1290
f 1425 1427 1291
f 1291 1427 1433
f 1291 1290 1425
f 1353 1425 1264
f 1284 1264 1290
f 1293 1291 1433
f 1433 1434 1293
f 1293 1288 1285
f 1434 1292 1293
f 1302 1303 1300
f 1300 1303 1296
f 1300 1299 1302
f 1303 1295 1296
f 1294 1296 1295
f 1275 1300 1296
f 1296 1294 1275
f 1299 1297 1302
f 1298 1299 1276
f 1297 1299 1298
f 1300 1276 1299
f 1304 1303 1301
f 1303 1302 1301
f 1320 1319 1307
f 1307 1306 1320
f 1305 1317 1320
f 1305 1323 1315
f 1305 1315 1317
f 1320 1317 1319
f 1305 1320 1323
f 1306 1313 1327
f 1312 1313 1306
f 1307 1312 1306
f 1306 1327 1320
f 1319 1308 1307
f 1807 1311 1310
f 1806 1311 1807
f 1310 1311 1309
f 1803 1256 1311
f 1335 1803 1890
f 1335 1256 1803
f 1806 1803 1311
f 1309 1311 1256
f 1258 1312 1310
f 1310 1312 1307
f 1313 1312 1258
f 1309 1258 1310
f 1807 1310 1308
f 1308 1310 1307
f 1807 1308 1798
f 1314 1319 1317
f 1317 1172 1314
f 1315 1316 1317
f 1316 1172 1317
f 1791 1314 1172
f 1318 1314 1791
f 1173 1791 1172
f 1308 1318 1797
f 1314 1318 1319
f 1319 1318 1308
f 1797 1798 1308
f 1325 1324 1328
f 1328 1324 1323
f 1325 1274 1324
f 1323 1321 1315
f 1322 1323 1324
f 1321 1323 1322
f 1320 1328 1323
f 1325 1328 1327
f 1325 1327 1326
f 1326 1327 1313
f 1320 1327 1328
f 1329 1324 1274
f 1333 1330 1340
f 1331 1330 1332
f 1349 1332 1330
f 1330 1333 1349
f 1342 1331 1332
f 1340 1339 1333
f 1896 1333 1339
f 1341 1330 1348
f 1330 1341 1340
f 1330 1331 1348
f 1341 1348 1347
f 1339 1338 1334
f 1334 1338 1337
f 1340 1338 1339
f 1891 1337 1336
f 1891 1335 1890
f 1336 1335 1891
f 1336 1337 1338
f 1891 1334 1337
f 1887 1334 1891
f 1896 1339 1884
f 1334 1887 1339
f 1339 1887 1884
f 1259 1340 1341
f 1338 1340 1259
f 1341 1347 1259
f 1345 1343 1344
f 1457 1345 1331
f 1457 1458 1345
f 1458 1343 1345
f 1457 1342 1474
f 1342 1457 1331
f 1353 1343 1454
f 1343 1458 1454
f 1345 1346 1348
f 1346 1345 1344
f 1345 1348 1331
f 1348 1346 1347
f 1349 1352 1350
f 1349 1351 1352
f 1351 1909 1352
f 1350 1352 1477
f 1350 1474 1342
f 1342 1332 1350
f 1332 1349 1350
f 1351 1898 1909
f 1896 1351 1333
f 1898 1351 1896
f 1351 1349 1333
f 1909 1910 1352
f 1910 1582 1352
f 1352 1582 1477
f 1355 1362 1377
f 1359 1362 1355
f 1355 1369 1359
f 1377 1362 1357
f 1355 1358 1361
f 1377 1358 1355
f 1361 1369 1355
f 1361 1358 1385
f 1358 1377 1356
f 1356 1387 1358
f 1409 1387 1356
f 1358 1387 1385
f 1361 1360 1369
f 1389 1360 1361
f 1430 1360 1389
f 1361 1385 1389
f 1363 1381 1364
f 1364 1381 1362
f 1364 1362 1359
f 1362 1381 1375
f 1375 1357 1362
f 1365 1370 1367
f 1365 1367 1372
f 1365 1364 1359
f 1372 1364 1365
f 1372 1367 1366
f 1367 1370 1426
f 1367 1368 1366
f 1367 1426 1368
f 1369 1371 1370
f 1365 1369 1370
f 1359 1369 1365
f 1430 1371 1360
f 1431 1371 1430
f 1360 1371 1369
f 1371 1431 1426
f 1426 1370 1371
f 1373 1364 1372
f 1460 1373 1366
f 1366 1373 1372
f 1373 1469 1363
f 1460 1469 1373
f 1363 1364 1373
f 1378 1375 1376
f 1376 1375 1382
f 1382 1374 1376
f 1376 1412 1378
f 1377 1378 1379
f 1409 1356 1379
f 1379 1411 1409
f 1379 1356 1377
f 1375 1378 1377
f 1377 1357 1375
f 1379 1412 1411
f 1378 1412 1379
f 1380 1376 1374
f 1412 1376 1380
f 1383 1382 1381
f 1466 1374 1383
f 1383 1374 1382
f 1381 1382 1375
f 1383 1363 1469
f 1381 1363 1383
f 1469 1466 1383
f 1386 1416 1391
f 1388 1416 1386
f 1391 1390 1386
f 1391 1447 1384
f 1384 1447 1444
f 1384 1390 1391
f 1416 1417 1421
f 1391 1416 1421
f 1386 1385 1388
f 1387 1416 1388
f 1415 1416 1387
f 1409 1415 1387
f 1385 1387 1388
f 1384 1389 1390
f 1445 1389 1384
f 1430 1389 1445
f 1390 1385 1386
f 1389 1385 1390
f 1392 1393 1394
f 1391 1393 1392
f 1392 1447 1391
f 1421 1393 1391
f 1395 1406 1399
f 1410 1406 1395
f 1410 1414 1406
f 1396 1395 1399
f 1418 1395 1396
f 1395 1409 1408
f 1410 1395 1408
f 1418 1415 1395
f 1399 1403 1397
f 1397 1396 1399
f 1419 1397 1404
f 1397 1419 1396
f 1396 1419 1418
f 1414 1398 1406
f 1403 1400 1401
f 1405 1400 1403
f 1402 1993 1401
f 1541 1993 1402
f 1400 1402 1401
f 1400 1543 1402
f 1403 1404 1397
f 1994 1404 1996
f 1401 1996 1404
f 1404 1403 1401
f 1405 1398 1407
f 1405 1403 1406
f 1406 1403 1399
f 1406 1398 1405
f 1400 1407 1543
f 1405 1407 1400
f 1536 1407 1398
f 1535 1414 1412
f 1412 1414 1411
f 1412 1413 1535
f 1409 1411 1408
f 1410 1411 1414
f 1408 1411 1410
f 1528 1413 1380
f 1380 1354 1528
f 1413 1412 1380
f 1414 1535 1537
f 1537 1398 1414
f 1536 1398 1537
f 1419 1420 1418
f 1420 1419 2001
f 1418 1420 1417
f 1395 1415 1409
f 1416 1418 1417
f 1415 1418 1416
f 2001 1419 2000
f 1404 2000 1419
f 1404 1994 2000
f 1393 1420 2008
f 1420 2001 2008
f 1421 1420 1393
f 1421 1417 1420
f 2009 1394 2008
f 2008 1394 1393
f 1979 1394 2009
f 1441 1423 1435
f 1428 1441 1432
f 1428 1423 1441
f 1423 1422 1435
f 1443 1422 1423
f 1435 1422 1438
f 1423 1428 1429
f 1430 1423 1429
f 1445 1443 1423
f 1432 1441 1424
f 1432 1433 1426
f 1426 1433 1427
f 1426 1431 1432
f 1427 1425 1368
f 1368 1425 1353
f 1427 1368 1426
f 1431 1428 1432
f 1429 1428 1431
f 1430 1429 1431
f 1432 1434 1433
f 1434 1432 1424
f 1292 1434 1424
f 1436 1438 1437
f 1440 1438 1436
f 1438 1958 1437
f 1437 1958 1954
f 1958 1438 1422
f 1422 1957 1958
f 1437 1439 1436
f 1439 1437 1049
f 1424 1440 1442
f 1442 1436 1439
f 1440 1436 1442
f 1438 1440 1441
f 1441 1440 1424
f 1441 1435 1438
f 1292 1424 1442
f 1443 1446 1448
f 1446 1443 1444
f 1448 1975 1957
f 1957 1422 1448
f 1975 1448 1974
f 1422 1443 1448
f 1443 1384 1444
f 1445 1384 1443
f 1423 1430 1445
f 1446 1392 1449
f 1447 1446 1444
f 1447 1392 1446
f 1448 1449 1979
f 1979 1974 1448
f 1446 1449 1448
f 1394 1979 1449
f 1449 1392 1394
f 1452 1451 1468
f 1451 1452 1450
f 1472 1463 1451
f 1463 1472 1471
f 1451 1463 1464
f 1464 1468 1451
f 1451 1450 1472
f 1475 1452 1456
f 1452 1459 1456
f 1461 1459 1452
f 1475 1456 1474
f 1450 1452 1475
f 1452 1468 1469
f 1469 1468 1467
f 1469 1461 1452
f 1461 1455 1453
f 1460 1455 1461
f 1455 1458 1453
f 1458 1459 1453
f 1454 1455 1368
f 1454 1368 1353
f 1455 1460 1366
f 1368 1455 1366
f 1454 1458 1455
f 1453 1459 1461
f 1456 1459 1457
f 1457 1474 1456
f 1459 1458 1457
f 1461 1469 1460
f 1467 1462 1465
f 1465 1466 1467
f 1467 1468 1462
f 1464 1563 1462
f 1563 1465 1462
f 1464 1463 1562
f 1562 1463 1471
f 1462 1468 1464
f 1464 1562 1563
f 1465 1558 1380
f 1465 1374 1466
f 1380 1374 1465
f 1558 1354 1380
f 1558 1465 1563
f 1467 1466 1469
f 1476 1470 1473
f 1473 1470 1472
f 1473 1475 1476
f 1581 1470 1476
f 1475 1473 1450
f 1579 1471 1472
f 1579 1472 1470
f 1450 1473 1472
f 1475 1350 1476
f 1476 1350 1477
f 1350 1475 1474
f 1581 1476 1477
f 1581 1477 1582
f 1487 1480 1479
f 1480 1478 1479
f 1490 1480 1481
f 1478 1480 1490
f 1481 1489 1490
f 1478 1490 1498
f 1490 1514 1498
f 1497 1478 1498
f 1484 1478 1499
f 1479 1478 1484
f 1501 1484 1499
f 1501 1532 1484
f 1478 1500 1499
f 1497 1500 1478
f 1486 1480 1487
f 1481 1486 1493
f 1480 1486 1481
f 1486 1567 1493
f 1483 1482 1485
f 1482 1487 1485
f 1560 1482 1483
f 1485 1526 1483
f 1483 1354 1559
f 1560 1483 1559
f 1484 1533 1485
f 1487 1479 1485
f 1485 1479 1484
f 1532 1533 1484
f 1526 1485 1533
f 1565 1486 1487
f 1482 1565 1487
f 1482 1560 1565
f 1567 1486 1565
f 1491 1489 1488
f 1488 1489 1494
f 1488 1494 1572
f 1492 1511 1488
f 1488 1511 1491
f 1491 1514 1490
f 1489 1491 1490
f 1492 1488 1571
f 1572 1571 1488
f 1492 1571 1573
f 1494 1493 1572
f 1481 1494 1489
f 1493 1494 1481
f 1496 1495 1497
f 1495 1500 1497
f 1495 1551 1548
f 1548 1500 1495
f 1502 1495 1496
f 1496 1519 1502
f 1496 1498 1518
f 1514 1518 1498
f 1496 1518 1519
f 1497 1498 1496
f 1548 1501 1500
f 1500 1501 1499
f 1550 1501 1548
f 1550 1532 1501
f 1495 1502 1552
f 1552 1551 1495
f 1502 208 1552
f 1552 208 172
f 1516 1505 1509
f 1503 1505 1516
f 1503 1517 1514
f 1515 1503 1514
f 1515 1505 1503
f 1503 1516 1517
f 1504 1516 1507
f 1507 1516 1509
f 1522 1504 192
f 192 1504 1507
f 1504 1522 1516
f 1506 1509 1505
f 1509 1510 1507
f 195 1507 1510
f 1510 1684 195
f 196 195 1684
f 1510 1685 1684
f 192 1507 194
f 195 194 1507
f 1508 1510 1509
f 1509 1506 1508
f 1508 1685 1510
f 1508 1506 1688
f 1679 1513 1512
f 1512 1677 1679
f 1512 1513 1511
f 1515 1491 1513
f 1514 1491 1515
f 1513 1505 1515
f 1511 1513 1491
f 1492 1671 1512
f 1677 1512 1671
f 1573 1671 1492
f 1573 1704 1671
f 1511 1492 1512
f 1513 1679 1506
f 1506 1505 1513
f 1679 1688 1506
f 1521 1519 1520
f 1520 1522 1521
f 1502 1519 1521
f 1520 1519 1517
f 1517 1519 1518
f 1517 1518 1514
f 1516 1520 1517
f 1522 201 1521
f 200 201 1522
f 200 1522 192
f 1516 1522 1520
f 208 1502 1521
f 1524 1545 1530
f 1530 1545 1525
f 1523 1539 1524
f 1524 1539 1545
f 1523 1524 1547
f 1530 1532 1524
f 1524 1532 1550
f 1538 1530 1525
f 1536 1538 1525
f 1529 1531 1527
f 1530 1527 1531
f 1529 1527 1534
f 1534 1527 1538
f 1528 1483 1529
f 1354 1483 1528
f 1413 1528 1534
f 1534 1528 1529
f 1534 1535 1413
f 1526 1529 1483
f 1532 1531 1533
f 1530 1531 1532
f 1529 1533 1531
f 1526 1533 1529
f 1538 1527 1530
f 1534 1538 1535
f 1535 1538 1537
f 1536 1537 1538
f 1540 1543 1544
f 1544 1545 1540
f 1539 1523 153
f 153 1523 169
f 1540 1545 1539
f 1539 154 1540
f 1539 153 154
f 1402 1540 1542
f 1543 1540 1402
f 1402 1542 1541
f 154 1542 1540
f 1525 1544 1407
f 1544 1543 1407
f 1545 1544 1525
f 1407 1536 1525
f 1551 173 1547
f 1547 173 1546
f 1547 1549 1551
f 1548 1551 1549
f 1546 169 1523
f 168 169 1546
f 168 1546 173
f 1523 1547 1546
f 1550 1548 1549
f 1547 1524 1549
f 1549 1524 1550
f 1551 1552 172
f 1551 172 173
f 1557 1556 1553
f 1555 1556 1557
f 1553 1574 1557
f 1556 1576 1553
f 1578 1554 1553
f 1554 1578 1735
f 1554 1735 1569
f 1553 1554 1569
f 1569 1574 1553
f 1553 1576 1578
f 1555 1561 1556
f 1575 1566 1557
f 1555 1557 1566
f 1575 1557 1574
f 1566 1575 1567
f 1564 1562 1555
f 1559 1564 1560
f 1559 1563 1564
f 1563 1562 1564
f 1559 1354 1558
f 1559 1558 1563
f 1561 1555 1562
f 1562 1471 1561
f 1565 1564 1566
f 1564 1555 1566
f 1565 1560 1564
f 1566 1567 1565
f 1572 1569 1568
f 1568 1570 1572
f 1574 1569 1572
f 1569 1735 1710
f 1711 1568 1569
f 1569 1710 1711
f 1570 1707 1571
f 1570 1571 1572
f 1573 1707 1704
f 1571 1707 1573
f 1707 1570 1568
f 1711 1707 1568
f 1574 1493 1575
f 1572 1493 1574
f 1575 1493 1567
f 1580 1577 1576
f 1576 1577 1578
f 1728 1577 1740
f 1578 1577 1728
f 1734 1735 1578
f 1734 1578 1728
f 1556 1579 1580
f 1580 1579 1470
f 1471 1579 1561
f 1561 1579 1556
f 1576 1556 1580
f 1583 1740 1577
f 1583 1580 1581
f 1581 1580 1470
f 1577 1580 1583
f 1582 1910 1583
f 1583 1910 1740
f 1583 1581 1582
f 1592 1584 1589
f 1592 1590 1584
f 1590 1594 1584
f 1584 1594 1593
f 1587 1584 1595
f 1589 1584 1587
f 1595 1596 1587
f 1595 1584 1593
f 1589 1588 1592
f 1589 1587 1586
f 1586 1625 1589
f 1586 1587 1613
f 1613 1585 1586
f 1587 1596 1611
f 1613 1587 1611
f 1625 1588 1589
f 1627 1591 1605
f 1605 1590 1627
f 1605 1600 1590
f 1590 1600 1594
f 1592 1623 1627
f 1627 1590 1592
f 1588 1623 1592
f 1598 1595 1593
f 1620 1595 1598
f 1593 1607 1598
f 1593 1594 1607
f 1596 1595 1620
f 1598 1597 1620
f 1599 1606 1601
f 1599 1601 1608
f 1600 1599 1594
f 1600 1606 1599
f 1608 1601 1705
f 1602 1672 1601
f 1601 1606 1602
f 1673 1672 1602
f 1604 1603 1601
f 1601 1603 1705
f 1601 1672 1604
f 1605 1675 1606
f 1606 1600 1605
f 1674 1675 1591
f 1591 1693 1674
f 1591 1675 1605
f 1602 1606 1675
f 1602 1675 1673
f 1607 1599 1608
f 1594 1599 1607
f 1608 1714 1598
f 1598 1607 1608
f 1598 1714 1597
f 1615 1610 1609
f 1614 1610 1615
f 1609 1610 1619
f 1720 1609 1721
f 1720 1615 1609
f 1611 1610 1614
f 1611 1596 1610
f 1652 1612 1615
f 1615 1612 1614
f 1651 1612 1652
f 1613 1614 1612
f 1612 1647 1613
f 1647 1585 1613
f 1611 1614 1613
f 1616 1617 1618
f 1618 1615 1616
f 1616 1615 1720
f 1652 1615 1618
f 1722 1619 1620
f 1620 1725 1722
f 1721 1609 1722
f 1722 1609 1619
f 1596 1619 1610
f 1620 1619 1596
f 1620 1597 1725
f 1626 1622 1624
f 1622 1628 1624
f 1622 1696 1621
f 1621 1696 1695
f 1621 1628 1622
f 1664 1622 1626
f 1624 1628 1623
f 1588 1624 1623
f 1586 1657 1626
f 1585 1657 1586
f 1626 1625 1586
f 1626 1624 1625
f 1625 1624 1588
f 1628 1692 1627
f 1695 1692 1621
f 1692 1628 1621
f 1591 1692 1693
f 1627 1692 1591
f 1627 1623 1628
f 1622 1630 1629
f 1629 1696 1622
f 1664 1630 1622
f 1633 1631 1632
f 1631 1642 1640
f 1640 1632 1631
f 1635 1642 1631
f 1635 1631 1648
f 1648 1631 1633
f 1632 1658 1633
f 1646 1648 1633
f 1633 1657 1646
f 1645 1648 1646
f 1585 1646 1657
f 1658 1657 1633
f 1661 1632 1634
f 1634 1632 1640
f 1660 1661 1634
f 1632 1661 1658
f 1635 1654 1636
f 1636 1642 1635
f 1635 1648 1654
f 1655 1636 1654
f 1641 1637 1638
f 1638 1639 1641
f 1643 1637 1641
f 1641 1642 1643
f 1846 1637 1643
f 1643 1850 1846
f 1637 1846 1848
f 2461 1638 1848
f 1848 1638 1637
f 1639 2457 1634
f 1639 1640 1641
f 1641 1640 1642
f 1634 1640 1639
f 1660 2457 2456
f 1634 2457 1660
f 2457 1639 1638
f 2461 2457 1638
f 1643 1636 1851
f 1642 1636 1643
f 1851 1850 1643
f 1655 1853 1851
f 1851 1636 1655
f 1644 1653 1651
f 1651 1653 1649
f 1651 1650 1644
f 1656 1653 1644
f 1653 1648 1649
f 1645 1647 1649
f 1645 1646 1647
f 1647 1646 1585
f 1645 1649 1648
f 1612 1651 1649
f 1649 1647 1612
f 1650 1828 1644
f 1644 1828 1840
f 1826 1650 1617
f 1617 1650 1618
f 1828 1650 1826
f 1651 1652 1650
f 1650 1652 1618
f 1656 1644 1840
f 1840 1841 1656
f 1653 1656 1654
f 1654 1648 1653
f 1841 1655 1656
f 1656 1655 1654
f 1853 1655 1841
f 1662 1663 1659
f 1663 1664 1659
f 1659 1658 1662
f 1657 1659 1626
f 1659 1664 1626
f 1659 1657 1658
f 1661 2465 1662
f 2465 2466 1663
f 1663 1662 2465
f 1660 2465 1661
f 1660 2456 2465
f 1658 1661 1662
f 1630 1663 1665
f 1665 1663 2466
f 1664 1663 1630
f 2474 1630 1665
f 1667 1669 1676
f 1667 1668 1669
f 1666 1669 1668
f 1690 1683 1668
f 1690 1682 1683
f 1668 1683 1666
f 1690 1668 1691
f 1691 1668 1694
f 1667 1674 1668
f 1668 1674 1693
f 1667 1676 1674
f 1693 1694 1668
f 1669 1687 1678
f 1680 1669 1678
f 1676 1669 1680
f 1666 1687 1669
f 1687 1688 1678
f 1676 1670 1673
f 1680 1670 1676
f 1671 1604 1673
f 1603 1671 1704
f 1603 1604 1671
f 1670 1671 1673
f 1670 1677 1671
f 1673 1604 1672
f 1675 1674 1676
f 1673 1675 1676
f 1670 1680 1677
f 1677 1680 1679
f 1678 1679 1680
f 1688 1679 1678
f 1681 1686 1683
f 1687 1686 1681
f 1681 1685 1687
f 1686 1666 1683
f 1682 2424 1683
f 2424 1681 1683
f 2422 1681 2424
f 1685 1681 2421
f 1685 2421 1684
f 2421 196 1684
f 2422 2421 1681
f 1687 1685 1508
f 1687 1666 1686
f 1687 1508 1688
f 1695 1689 1694
f 1694 1689 1691
f 1691 2440 1690
f 1690 2440 1682
f 2439 1691 1689
f 2440 1691 2439
f 1694 1693 1692
f 1694 1692 1695
f 1695 1629 1697
f 1696 1629 1695
f 1697 2439 1689
f 1695 1697 1689
f 1697 1629 1630
f 2474 1697 1630
f 1698 1699 1703
f 1703 1712 1698
f 1724 1699 1700
f 1703 1699 1724
f 1738 1733 1699
f 1699 1733 1700
f 1699 1698 1738
f 1701 1716 1700
f 1716 1701 1731
f 1716 1724 1700
f 1700 1733 1701
f 1702 1698 1709
f 1712 1709 1698
f 1702 1709 1736
f 1738 1698 1702
f 1703 1724 1726
f 1726 1724 1727
f 1726 1714 1703
f 1703 1714 1712
f 1714 1726 1597
f 1713 1706 1708
f 1708 1712 1713
f 1713 1705 1706
f 1707 1706 1603
f 1707 1603 1704
f 1603 1706 1705
f 1711 1706 1707
f 1708 1710 1709
f 1708 1709 1712
f 1710 1735 1736
f 1709 1710 1736
f 1706 1711 1710
f 1710 1708 1706
f 1608 1713 1714
f 1712 1714 1713
f 1608 1705 1713
f 1721 1717 1715
f 1715 1717 1718
f 1715 1719 1721
f 1723 1717 1721
f 1723 1724 1717
f 1718 1731 1877
f 1877 1731 1904
f 1716 1731 1718
f 1716 1718 1717
f 1717 1724 1716
f 1878 1715 1718
f 1718 1877 1878
f 1719 1873 1616
f 1719 1720 1721
f 1616 1720 1719
f 1617 1873 1871
f 1871 1826 1617
f 1616 1873 1617
f 1873 1719 1715
f 1878 1873 1715
f 1723 1725 1727
f 1723 1721 1722
f 1722 1725 1723
f 1724 1723 1727
f 1725 1726 1727
f 1597 1726 1725
f 1729 1730 1737
f 1737 1730 1732
f 1737 1739 1729
f 1732 1730 1908
f 1908 1903 1732
f 1732 1733 1737
f 1902 1701 1732
f 1902 1904 1731
f 1731 1701 1902
f 1732 1903 1902
f 1732 1701 1733
f 1702 1734 1739
f 1729 1734 1728
f 1729 1739 1734
f 1735 1734 1736
f 1736 1734 1702
f 1737 1738 1739
f 1739 1738 1702
f 1733 1738 1737
f 1740 1908 1730
f 1740 1729 1728
f 1730 1729 1740
f 1740 1910 1908
f 1744 1741 1743
f 1744 1749 1741
f 1745 1750 1741
f 1751 1750 1745
f 1741 1749 1745
f 1741 1750 1753
f 1743 1741 1752
f 1752 1741 1753
f 1748 1749 1744
f 1780 1770 1742
f 1743 1770 1780
f 1768 1770 1743
f 1743 1752 1768
f 1778 1744 1780
f 1780 1744 1743
f 1748 1744 1778
f 1749 1747 1745
f 1782 1747 1749
f 1745 1747 1763
f 1745 1757 1751
f 1763 1757 1745
f 1763 1747 1746
f 1748 1782 1749
f 1755 1753 1750
f 1774 1753 1755
f 1750 1765 1755
f 1751 1765 1750
f 1752 1753 1774
f 1755 1765 1754
f 1759 1760 1756
f 1756 1762 1759
f 1756 1760 1764
f 1757 1756 1751
f 1757 1762 1756
f 1758 1760 1761
f 1761 1872 1758
f 1764 1760 1758
f 1759 1829 1760
f 1830 1829 1759
f 1827 1761 1760
f 1826 1871 1827
f 1827 1871 1761
f 1760 1829 1827
f 1762 1763 1836
f 1836 1763 1835
f 1762 1757 1763
f 1835 1763 1746
f 1759 1762 1836
f 1759 1836 1830
f 1764 1758 1765
f 1765 1758 1882
f 1751 1756 1764
f 1764 1765 1751
f 1765 1882 1754
f 1771 1767 1766
f 1766 1767 1775
f 1775 1888 1766
f 1768 1767 1771
f 1768 1752 1767
f 1804 1769 1766
f 1766 1769 1771
f 1805 1769 1804
f 1770 1771 1801
f 1800 1742 1801
f 1801 1742 1770
f 1768 1771 1770
f 1771 1769 1801
f 1801 1769 1805
f 1773 1766 1772
f 1772 1766 1888
f 1804 1766 1773
f 1774 1775 1767
f 1767 1752 1774
f 1775 1755 1894
f 1774 1755 1775
f 1894 1755 1754
f 1781 1776 1779
f 1776 1783 1779
f 1862 1783 1776
f 1817 1776 1777
f 1777 1776 1781
f 1777 1816 1817
f 1779 1778 1781
f 1748 1778 1779
f 1781 1780 1812
f 1742 1811 1812
f 1800 1811 1742
f 1812 1780 1742
f 1781 1812 1777
f 1812 1816 1777
f 1778 1780 1781
f 1747 1783 1858
f 1782 1783 1747
f 1858 1746 1747
f 1783 1782 1779
f 1779 1782 1748
f 1776 1785 1784
f 1784 1862 1776
f 1817 1785 1776
f 1786 1788 1789
f 1787 1789 1788
f 1787 1802 1789
f 1811 1787 1788
f 1800 1787 1811
f 1802 1787 1800
f 1813 1811 1788
f 1815 1788 1793
f 1793 1788 1786
f 1795 1815 1793
f 1815 1814 1788
f 1788 1814 1813
f 1789 1808 1796
f 1796 1786 1789
f 1809 1808 1789
f 1789 1802 1809
f 1798 1796 1808
f 1790 1793 1794
f 1796 1790 1794
f 1786 1796 1794
f 1792 1793 1790
f 1790 1791 1792
f 1791 2216 1792
f 2216 1791 1173
f 1790 1318 1791
f 1794 1793 1786
f 1795 1793 2214
f 1792 2214 1793
f 1790 1796 1797
f 1797 1318 1790
f 1796 1798 1797
f 1799 1802 1805
f 1809 1802 1799
f 1800 1801 1802
f 1801 1805 1802
f 1773 1803 1805
f 1799 1803 1806
f 1799 1805 1803
f 1772 1803 1773
f 1772 1890 1803
f 1805 1804 1773
f 1809 1799 1806
f 1806 1807 1809
f 1807 1808 1809
f 1798 1808 1807
f 1810 1816 1813
f 1813 1814 1810
f 1811 1813 1812
f 1812 1813 1816
f 1814 2223 1810
f 2222 2223 1814
f 2222 1814 1815
f 1815 1795 2222
f 1785 1816 1818
f 1818 1810 2223
f 1816 1810 1818
f 1817 1816 1785
f 1818 1784 1785
f 2201 1784 1818
f 1819 1822 1820
f 1819 1823 1832
f 1832 1822 1819
f 1843 1819 1820
f 1823 1819 1843
f 1820 1822 1859
f 1856 1821 1820
f 1856 1855 1821
f 1820 1821 1843
f 1856 1820 1859
f 1832 1833 1822
f 1822 1833 1858
f 1834 1833 1832
f 1833 1746 1858
f 1858 1859 1822
f 1823 1824 1839
f 1832 1823 1839
f 1852 1824 1843
f 1843 1824 1823
f 1824 1853 1839
f 1838 1825 1830
f 1830 1825 1831
f 1830 1837 1838
f 1832 1838 1837
f 1828 1827 1831
f 1828 1826 1827
f 1825 1828 1831
f 1825 1840 1828
f 1829 1830 1831
f 1831 1827 1829
f 1835 1834 1837
f 1834 1832 1837
f 1833 1834 1835
f 1835 1746 1833
f 1830 1836 1837
f 1837 1836 1835
f 1838 1839 1841
f 1839 1838 1832
f 1825 1841 1840
f 1838 1841 1825
f 1841 1839 1853
f 1847 1845 1842
f 1842 1845 1844
f 1852 1845 1847
f 1847 1850 1852
f 1852 1843 1845
f 2183 1844 1821
f 2183 1855 2181
f 1821 1855 2183
f 1843 1844 1845
f 1821 1844 1843
f 2183 1842 1844
f 2182 1842 2183
f 1847 1849 1846
f 1847 1846 1850
f 1846 1849 1848
f 1849 1847 1842
f 2182 1849 1842
f 1824 1852 1854
f 1854 1850 1851
f 1852 1850 1854
f 1854 1853 1824
f 1854 1851 1853
f 1857 1860 1861
f 1862 1861 1860
f 1859 1860 1857
f 2196 1856 1857
f 1855 2196 2181
f 1855 1856 2196
f 2195 2196 1861
f 1861 2196 1857
f 1859 1857 1856
f 1860 1858 1783
f 1860 1783 1862
f 1860 1859 1858
f 1861 1784 1863
f 1862 1784 1861
f 1863 2195 1861
f 1784 2201 1863
f 1865 1864 1869
f 1865 1879 1867
f 1869 1879 1865
f 1869 1864 1892
f 1865 1899 1864
f 1865 1867 1899
f 1866 1885 1864
f 1885 1866 1897
f 1885 1892 1864
f 1864 1899 1866
f 1868 1867 1876
f 1879 1876 1867
f 1868 1876 1904
f 1868 1906 1899
f 1899 1867 1868
f 1879 1869 1881
f 1881 1869 1894
f 1881 1883 1879
f 1894 1869 1892
f 1881 1894 1754
f 1875 1872 1870
f 1870 1872 1874
f 1880 1872 1875
f 1879 1880 1875
f 1871 1873 1874
f 1761 1871 1874
f 1761 1874 1872
f 1873 1870 1874
f 1878 1870 1873
f 1875 1877 1876
f 1875 1876 1879
f 1876 1877 1904
f 1870 1878 1877
f 1877 1875 1870
f 1882 1880 1883
f 1879 1883 1880
f 1872 1880 1758
f 1758 1880 1882
f 1881 1882 1883
f 1754 1882 1881
f 1893 1886 1889
f 1888 1893 1889
f 1892 1886 1893
f 1884 1886 1885
f 1884 1897 1896
f 1885 1897 1884
f 1886 1892 1885
f 1887 1889 1884
f 1884 1889 1886
f 1889 1891 1772
f 1772 1888 1889
f 1772 1891 1890
f 1887 1891 1889
f 1893 1775 1894
f 1775 1893 1888
f 1892 1893 1894
f 1907 1895 1900
f 1900 1895 1901
f 1900 1906 1907
f 1907 1906 1903
f 1906 1900 1899
f 1898 1866 1901
f 1898 1896 1897
f 1897 1866 1898
f 1895 1898 1901
f 1895 1909 1898
f 1899 1900 1901
f 1901 1866 1899
f 1868 1905 1906
f 1905 1902 1903
f 1903 1906 1905
f 1904 1905 1868
f 1902 1905 1904
f 1907 1908 1910
f 1908 1907 1903
f 1895 1910 1909
f 1907 1910 1895
f 1911 1918 1933
f 1915 1918 1911
f 1911 1925 1915
f 1933 1918 1913
f 1911 1914 1917
f 1933 1914 1911
f 1917 1925 1911
f 1917 1914 1941
f 1914 1933 1912
f 1912 1943 1914
f 1964 1943 1912
f 1914 1943 1941
f 1917 1916 1925
f 1945 1916 1917
f 1988 1916 1945
f 1917 1941 1945
f 1919 1937 1920
f 1920 1937 1918
f 1920 1918 1915
f 1918 1937 1931
f 1931 1913 1918
f 1921 1926 1923
f 1921 1923 1928
f 1921 1920 1915
f 1928 1920 1921
f 1928 1923 1922
f 1923 1926 1984
f 1923 1924 1922
f 1923 1984 1924
f 1925 1927 1926
f 1921 1925 1926
f 1915 1925 1921
f 1988 1927 1916
f 1989 1927 1988
f 1916 1927 1925
f 1927 1989 1984
f 1984 1926 1927
f 1929 1920 1928
f 2018 1929 1922
f 1922 1929 1928
f 1929 2027 1919
f 2018 2027 1929
f 1919 1920 1929
f 1934 1931 1932
f 1932 1931 1938
f 1938 1930 1932
f 1932 1967 1934
f 1933 1934 1935
f 1964 1912 1935
f 1935 1966 1964
f 1935 1912 1933
f 1931 1934 1933
f 1933 1913 1931
f 1935 1967 1966
f 1934 1967 1935
f 1936 1932 1930
f 1967 1932 1936
f 1939 1938 1937
f 2024 1930 1939
f 1939 1930 1938
f 1937 1938 1931
f 1939 1919 2027
f 1937 1919 1939
f 2027 2024 1939
f 1942 1971 1947
f 1944 1971 1942
f 1947 1946 1942
f 1947 2006 1940
f 1940 2006 2003
f 1940 1946 1947
f 1971 1972 1978
f 1947 1971 1978
f 1942 1941 1944
f 1943 1971 1944
f 1970 1971 1943
f 1964 1970 1943
f 1941 1943 1944
f 1940 1945 1946
f 2004 1945 1940
f 1988 1945 2004
f 1946 1941 1942
f 1945 1941 1946
f 1980 2006 1947
f 1978 1980 1947
f 2009 1980 1979
f 1948 1961 1952
f 1965 1961 1948
f 1965 1969 1961
f 1949 1948 1952
f 1973 1948 1949
f 1948 1964 1963
f 1965 1948 1963
f 1973 1970 1948
f 1952 1956 1950
f 1950 1949 1952
f 1976 1950 1959
f 1950 1976 1949
f 1949 1976 1973
f 1969 1951 1961
f 1956 1953 1954
f 1960 1953 1956
f 1955 1437 1954
f 1049 1437 1955
f 1953 1955 1954
f 1953 1053 1955
f 1956 1959 1950
f 1957 1959 1958
f 1954 1958 1959
f 1959 1956 1954
f 1960 1951 1962
f 1960 1956 1961
f 1961 1956 1952
f 1961 1951 1960
f 1953 1962 1053
f 1960 1962 1953
f 1076 1962 1951
f 1073 1969 1967
f 1967 1969 1966
f 1967 1968 1073
f 1964 1966 1963
f 1965 1966 1969
f 1963 1966 1965
f 1079 1968 1936
f 1936 1020 1079
f 1968 1967 1936
f 1969 1073 1074
f 1074 1951 1969
f 1076 1951 1074
f 1976 1977 1973
f 1977 1976 1974
f 1973 1977 1972
f 1948 1970 1964
f 1971 1973 1972
f 1970 1973 1971
f 1974 1976 1975
f 1959 1975 1976
f 1959 1957 1975
f 1980 1977 1979
f 1977 1974 1979
f 1978 1977 1980
f 1978 1972 1977
f 1998 1982 1991
f 1986 1998 1990
f 1986 1982 1998
f 1982 1981 1991
f 2002 1981 1982
f 1991 1981 1995
f 1982 1986 1987
f 1988 1982 1987
f 2004 2002 1982
f 1990 1998 1983
f 1990 315 1984
f 1984 315 1985
f 1984 1989 1990
f 1985 323 1924
f 1924 323 238
f 1985 1924 1984
f 1989 1986 1990
f 1987 1986 1989
f 1988 1987 1989
f 1990 313 315
f 313 1990 1983
f 314 313 1983
f 1992 1995 1993
f 1997 1995 1992
f 1995 1996 1993
f 1993 1996 1401
f 1996 1995 1981
f 1981 1994 1996
f 1993 307 1992
f 307 1993 1541
f 1983 1997 1999
f 1999 1992 307
f 1997 1992 1999
f 1995 1997 1998
f 1998 1997 1983
f 1998 1991 1995
f 314 1983 1999
f 2002 2005 2007
f 2005 2002 2003
f 2007 2000 1994
f 1994 1981 2007
f 2000 2007 2001
f 1981 2002 2007
f 2002 1940 2003
f 2004 1940 2002
f 1982 1988 2004
f 2005 1980 2010
f 2006 2005 2003
f 2006 1980 2005
f 2007 2010 2008
f 2008 2001 2007
f 2005 2010 2007
f 2010 2009 2008
f 2010 1980 2009
f 2013 2012 2026
f 2012 2013 2011
f 2030 2021 2012
f 2021 2030 2029
f 2012 2021 2022
f 2022 2026 2012
f 2012 2011 2030
f 2033 2013 2016
f 2013 2017 2016
f 2019 2017 2013
f 2033 2016 2032
f 2011 2013 2033
f 2013 2026 2027
f 2027 2026 2025
f 2027 2019 2013
f 2019 2015 2014
f 2018 2015 2019
f 2015 285 2014
f 285 2017 2014
f 290 2015 1924
f 290 1924 238
f 2015 2018 1922
f 1924 2015 1922
f 290 285 2015
f 2014 2017 2019
f 2016 2017 286
f 286 2032 2016
f 2017 285 286
f 2019 2027 2018
f 2025 2020 2023
f 2023 2024 2025
f 2025 2026 2020
f 2022 1106 2020
f 1106 2023 2020
f 2022 2021 1104
f 1104 2021 2029
f 2020 2026 2022
f 2022 1104 1106
f 2023 1113 1936
f 2023 1930 2024
f 1936 1930 2023
f 1113 1020 1936
f 1113 2023 1106
f 2025 2024 2027
f 2034 2028 2031
f 2031 2028 2030
f 2031 2033 2034
f 1099 2028 2034
f 2033 2031 2011
f 1096 2029 2030
f 1096 2030 2028
f 2011 2031 2030
f 2033 272 2034
f 2034 272 270
f 272 2033 2032
f 1099 2034 270
f 1099 270 1098
f 2035 2042 2057
f 2039 2042 2035
f 2035 2049 2039
f 2057 2042 2037
f 2035 2038 2041
f 2057 2038 2035
f 2041 2049 2035
f 2041 2038 2065
f 2038 2057 2036
f 2036 2067 2038
f 2087 2067 2036
f 2038 2067 2065
f 2041 2040 2049
f 2069 2040 2041
f 2107 2040 2069
f 2041 2065 2069
f 2043 2061 2044
f 2044 2061 2042
f 2044 2042 2039
f 2042 2061 2055
f 2055 2037 2042
f 2045 2050 2047
f 2045 2047 2052
f 2045 2044 2039
f 2052 2044 2045
f 2052 2047 2046
f 2047 2050 2103
f 2047 2048 2046
f 2047 2103 2048
f 2049 2051 2050
f 2045 2049 2050
f 2039 2049 2045
f 2107 2051 2040
f 2108 2051 2107
f 2040 2051 2049
f 2051 2108 2103
f 2103 2050 2051
f 2053 2044 2052
f 2131 2053 2046
f 2046 2053 2052
f 2053 2140 2043
f 2131 2140 2053
f 2043 2044 2053
f 2058 2055 2056
f 2056 2055 2062
f 2062 2054 2056
f 2056 2090 2058
f 2057 2058 2059
f 2087 2036 2059
f 2059 2089 2087
f 2059 2036 2057
f 2055 2058 2057
f 2057 2037 2055
f 2059 2090 2089
f 2058 2090 2059
f 2060 2056 2054
f 2090 2056 2060
f 2063 2062 2061
f 2137 2054 2063
f 2063 2054 2062
f 2061 2062 2055
f 2063 2043 2140
f 2061 2043 2063
f 2140 2137 2063
f 2066 2094 2071
f 2068 2094 2066
f 2071 2070 2066
f 2071 2122 2064
f 2064 2122 2119
f 2064 2070 2071
f 2094 2095 2099
f 2071 2094 2099
f 2066 2065 2068
f 2067 2094 2068
f 2093 2094 2067
f 2087 2093 2067
f 2065 2067 2068
f 2064 2069 2070
f 2120 2069 2064
f 2107 2069 2120
f 2070 2065 2066
f 2069 2065 2070
f 2072 2073 2074
f 2071 2073 2072
f 2072 2122 2071
f 2099 2073 2071
f 2075 2084 2079
f 2088 2084 2075
f 2088 2092 2084
f 2076 2075 2079
f 2096 2075 2076
f 2075 2087 2086
f 2088 2075 2086
f 2096 2093 2075
f 2079 2082 2077
f 2077 2076 2079
f 2097 2077 2302
f 2077 2097 2076
f 2076 2097 2096
f 2092 2078 2084
f 2082 2080 2081
f 2083 2080 2082
f 2301 2082 2081
f 2301 2081 2294
f 537 538 2081
f 537 2081 2080
f 2082 2301 2077
f 2077 2301 2302
f 2083 2078 2085
f 2083 2082 2084
f 2084 2082 2079
f 2084 2078 2083
f 2080 2085 537
f 2083 2085 2080
f 560 2085 2078
f 557 2092 2090
f 2090 2092 2089
f 2090 2091 557
f 2087 2089 2086
f 2088 2089 2092
f 2086 2089 2088
f 563 2091 2060
f 2060 508 563
f 2091 2090 2060
f 2092 557 558
f 558 2078 2092
f 560 2078 558
f 2097 2098 2096
f 2098 2097 2312
f 2096 2098 2095
f 2075 2093 2087
f 2094 2096 2095
f 2093 2096 2094
f 2312 2097 2314
f 2302 2314 2097
f 2073 2098 2306
f 2098 2312 2306
f 2099 2098 2073
f 2099 2095 2098
f 2308 2074 2306
f 2306 2074 2073
f 2371 2074 2308
f 2115 2101 2110
f 2105 2115 2109
f 2105 2101 2115
f 2101 2100 2110
f 2118 2100 2101
f 2110 2100 2113
f 2101 2105 2106
f 2107 2101 2106
f 2120 2118 2101
f 2109 2115 2102
f 2109 809 2103
f 2103 809 2104
f 2103 2108 2109
f 2104 817 2048
f 2048 817 730
f 2104 2048 2103
f 2108 2105 2109
f 2106 2105 2108
f 2107 2106 2108
f 2109 807 809
f 807 2109 2102
f 808 807 2102
f 2111 2113 2112
f 2114 2113 2111
f 2113 2381 2112
f 2112 2381 2379
f 2381 2113 2100
f 2100 2380 2381
f 2112 801 2111
f 801 2112 2388
f 2102 2114 2116
f 2116 2111 801
f 2114 2111 2116
f 2113 2114 2115
f 2115 2114 2102
f 2115 2110 2113
f 808 2102 2116
f 2118 2121 2117
f 2121 2118 2119
f 2117 2121 2123
f 2117 2365 2380
f 2380 2100 2117
f 2367 2117 2123
f 2365 2117 2367
f 2100 2118 2117
f 2118 2064 2119
f 2120 2064 2118
f 2101 2107 2120
f 2121 2072 2123
f 2122 2121 2119
f 2122 2072 2121
f 2074 2371 2123
f 2123 2072 2074
f 2126 2125 2139
f 2125 2126 2124
f 2143 2134 2125
f 2134 2143 2142
f 2125 2134 2135
f 2135 2139 2125
f 2125 2124 2143
f 2146 2126 2129
f 2126 2130 2129
f 2132 2130 2126
f 2146 2129 2145
f 2124 2126 2146
f 2126 2139 2140
f 2140 2139 2138
f 2140 2132 2126
f 2132 2128 2127
f 2131 2128 2132
f 2128 778 2127
f 778 2130 2127
f 783 2128 2048
f 783 2048 730
f 2128 2131 2046
f 2048 2128 2046
f 783 778 2128
f 2127 2130 2132
f 2129 2130 779
f 779 2145 2129
f 2130 778 779
f 2132 2140 2131
f 2138 2133 2136
f 2136 2137 2138
f 2138 2139 2133
f 2135 589 2133
f 589 2136 2133
f 2135 2134 587
f 587 2134 2142
f 2133 2139 2135
f 2135 587 589
f 2136 596 2060
f 2136 2054 2137
f 2060 2054 2136
f 596 508 2060
f 596 2136 589
f 2138 2137 2140
f 2147 2141 2144
f 2144 2141 2143
f 2144 2146 2147
f 582 2141 2147
f 2146 2144 2124
f 580 2142 2143
f 580 2143 2141
f 2124 2144 2143
f 2146 765 2147
f 2147 765 763
f 765 2146 2145
f 582 2147 763
f 582 763 762
f 2151 2162 2148
f 2151 2148 2150
f 2148 2149 2170
f 2170 2150 2148
f 2170 2149 2167
f 2186 2169 2161
f 2162 2161 2148
f 2161 2149 2148
f 2161 2169 2149
f 2156 2150 2170
f 2156 2152 2150
f 2224 2156 2170
f 2157 2164 2150
f 2157 2150 2158
f 2158 2150 2152
f 2150 2164 2151
f 2164 2157 2159
f 2245 2164 2159
f 2152 2154 2153
f 2152 2153 2158
f 2235 2153 2231
f 2158 2153 2235
f 2154 2155 2153
f 2210 2155 2154
f 2155 2230 2153
f 666 2230 699
f 2230 2155 699
f 2153 2230 2231
f 2156 2209 2154
f 2154 2152 2156
f 2156 2224 2209
f 2209 2210 2154
f 2158 2235 2159
f 2159 2235 2236
f 2159 2157 2158
f 2159 2236 2245
f 2165 2163 2160
f 2237 2163 2165
f 2162 2165 2160
f 2160 2163 2189
f 2187 2162 2160
f 2161 2162 2187
f 2187 2186 2161
f 2187 2160 2189
f 2190 2163 2252
f 2190 2189 2163
f 2243 2165 2164
f 2243 2237 2165
f 2164 2165 2151
f 2165 2162 2151
f 2243 2164 2245
f 2168 2166 2167
f 2166 2171 2167
f 2166 2172 2219
f 2219 2171 2166
f 2168 2198 2166
f 2198 2168 2169
f 2168 2167 2149
f 2149 2169 2168
f 2170 2171 2224
f 2171 2170 2167
f 2166 2200 2172
f 2166 2198 2200
f 2226 2172 2200
f 2174 2173 2176
f 2174 2176 2178
f 2176 2173 2177
f 2194 2173 2174
f 2185 2173 2193
f 2186 2185 2193
f 2185 2177 2173
f 2194 2193 2173
f 2175 2174 2180
f 2180 2174 2178
f 2197 2175 2181
f 2181 2175 2180
f 2175 2197 2174
f 2174 2197 2194
f 2176 2177 2191
f 2179 2180 2178
f 2184 2179 2178
f 2339 2179 2184
f 2179 1849 2182
f 2182 2180 2179
f 2179 2340 1848
f 1848 1849 2179
f 2339 2340 2179
f 2181 2180 2183
f 2182 2183 2180
f 2184 2178 2176
f 2191 2342 2184
f 2184 2176 2191
f 2188 2190 2331
f 2188 2331 2333
f 2177 2188 2333
f 2189 2190 2188
f 2185 2187 2188
f 2186 2187 2185
f 2177 2185 2188
f 2189 2188 2187
f 2327 2331 2190
f 2327 2190 2252
f 2177 2333 2191
f 2342 2191 2333
f 2192 2198 2197
f 2197 2198 2194
f 2199 2198 2192
f 2193 2194 2169
f 2169 2186 2193
f 2169 2194 2198
f 2197 2195 2192
f 2196 2195 2197
f 2196 2197 2181
f 2200 2199 1863
f 1863 2192 2195
f 2199 2192 1863
f 2198 2199 2200
f 2201 2226 1863
f 1863 2226 2200
f 2202 2213 2206
f 2206 2204 2202
f 2202 2203 2213
f 2204 2224 2225
f 2208 2224 2204
f 2206 2208 2204
f 2204 2225 2202
f 2206 2217 2205
f 2212 2206 2205
f 2213 2217 2206
f 2217 684 2205
f 684 2212 2205
f 2207 2211 2210
f 2212 2211 2207
f 2211 2155 2210
f 2155 2211 699
f 2209 2208 2210
f 2208 2207 2210
f 2207 2208 2206
f 2224 2208 2209
f 2212 2207 2206
f 2211 2212 692
f 692 2212 691
f 684 691 2212
f 687 2218 2215
f 2217 2213 2215
f 2217 2215 2218
f 2203 1795 2214
f 2213 2214 2215
f 2203 2214 2213
f 1792 2215 2214
f 687 2215 2216
f 2216 1173 687
f 1792 2216 2215
f 686 2218 687
f 2218 684 2217
f 2218 686 684
f 2221 2220 2222
f 2219 2220 2221
f 2222 2220 2223
f 1795 2203 2222
f 2203 2221 2222
f 2202 2221 2203
f 2221 2225 2171
f 2221 2171 2219
f 2171 2225 2224
f 2202 2225 2221
f 2220 2172 1818
f 2172 2220 2219
f 2220 1818 2223
f 1818 2172 2226
f 2201 1818 2226
f 2247 2244 2229
f 2227 2244 2247
f 2227 2239 2240
f 2244 2227 2240
f 2250 2229 2228
f 2232 2228 2229
f 2247 2229 2250
f 2229 2244 2245
f 2245 2236 2229
f 2232 2231 667
f 667 2233 2232
f 2234 2231 2232
f 2234 2235 2231
f 666 2231 2230
f 666 667 2231
f 2233 2228 2232
f 2228 2233 663
f 663 2233 662
f 667 662 2233
f 2234 2232 2229
f 2229 2236 2234
f 2235 2234 2236
f 2246 2238 2241
f 2246 2244 2238
f 2240 2242 2238
f 2242 2241 2238
f 2240 2239 2359
f 2238 2244 2240
f 2360 2242 2240
f 2240 2359 2360
f 2241 2355 2163
f 2241 2163 2237
f 2163 2355 2252
f 2242 2356 2355
f 2355 2241 2242
f 2360 2356 2242
f 2246 2241 2243
f 2243 2241 2237
f 2246 2245 2244
f 2246 2243 2245
f 2248 2249 2384
f 2249 2248 2247
f 2385 2227 2248
f 2239 2227 2385
f 2384 2385 2248
f 2248 2227 2247
f 649 2249 2250
f 648 649 2250
f 648 2250 2228
f 2228 663 648
f 2247 2250 2249
f 2251 2389 2249
f 2251 2249 649
f 2249 2389 2384
f 2251 2388 2389
f 2257 2253 2283
f 2257 2259 2253
f 2253 2259 2269
f 2255 2253 2260
f 2283 2253 2255
f 2260 2273 2255
f 2260 2253 2269
f 2283 2256 2257
f 2283 2255 2254
f 2254 2255 2275
f 2275 2317 2254
f 2275 2255 2273
f 2286 2258 2263
f 2263 2257 2286
f 2257 2263 2259
f 2257 2282 2286
f 2256 2282 2257
f 2261 2260 2269
f 2279 2260 2261
f 2273 2260 2279
f 2261 2363 2279
f 2262 2267 2264
f 2262 2264 2270
f 2263 2262 2259
f 2263 2267 2262
f 2270 2264 2357
f 2264 2267 2265
f 2264 2266 2357
f 2264 2265 2266
f 2263 2268 2267
f 2347 2268 2258
f 2329 2268 2347
f 2258 2268 2263
f 2268 2329 2265
f 2265 2267 2268
f 2271 2269 2270
f 2269 2262 2270
f 2259 2262 2269
f 2362 2271 2357
f 2357 2271 2270
f 2271 2363 2261
f 2362 2363 2271
f 2261 2269 2271
f 2277 2272 2374
f 2276 2272 2277
f 2374 2272 2278
f 2368 2374 2373
f 2368 2277 2374
f 2273 2272 2276
f 2310 2274 2277
f 2277 2274 2276
f 2305 2274 2310
f 2275 2276 2274
f 2274 2304 2275
f 2304 2317 2275
f 2273 2276 2275
f 2370 2277 2368
f 2370 2371 2308
f 2310 2277 2370
f 2374 2278 2279
f 2279 2376 2374
f 2273 2278 2272
f 2279 2278 2273
f 2279 2363 2376
f 2285 2281 2282
f 2281 2288 2282
f 2280 2288 2281
f 2321 2281 2285
f 2285 2283 2284
f 2254 2317 2284
f 2284 2283 2254
f 2284 2317 2319
f 2321 2284 2319
f 2285 2284 2321
f 2285 2282 2283
f 2283 2282 2256
f 2288 2287 2286
f 2280 2346 2287
f 2287 2288 2280
f 2258 2287 2347
f 2286 2287 2258
f 2347 2287 2346
f 2286 2282 2288
f 2289 2280 2281
f 2321 2289 2281
f 2290 2293 2298
f 2292 2293 2290
f 2290 2313 2292
f 2298 2318 2290
f 2320 2318 2298
f 2290 2316 2317
f 2313 2290 2304
f 2318 2316 2290
f 2291 2320 2298
f 2300 2293 2315
f 2315 2293 2292
f 2292 2313 2315
f 2300 2294 2295
f 2295 2297 2300
f 2296 2294 2081
f 2081 538 2296
f 2296 2295 2294
f 2500 2295 2296
f 2297 2299 2291
f 2297 2298 2300
f 2300 2298 2293
f 2291 2298 2297
f 2299 2482 2291
f 2295 2500 2299
f 2299 2297 2295
f 2300 2315 2303
f 2294 2303 2301
f 2300 2303 2294
f 2315 2302 2303
f 2303 2302 2301
f 2311 2313 2309
f 2313 2305 2309
f 2304 2290 2317
f 2274 2305 2313
f 2313 2304 2274
f 2370 2307 2309
f 2307 2306 2311
f 2311 2306 2312
f 2311 2309 2307
f 2308 2307 2370
f 2306 2307 2308
f 2309 2310 2370
f 2305 2310 2309
f 2312 2314 2311
f 2313 2311 2315
f 2314 2315 2311
f 2302 2315 2314
f 2485 2321 2320
f 2320 2321 2319
f 2322 2321 2485
f 2319 2317 2316
f 2318 2320 2319
f 2319 2316 2318
f 2485 2320 2483
f 2291 2483 2320
f 2291 2482 2483
f 2321 2322 2289
f 2480 2289 2322
f 2390 2289 2480
f 2324 2325 2330
f 2324 2349 2325
f 2323 2325 2349
f 2344 2337 2349
f 2344 2336 2337
f 2349 2337 2323
f 2344 2349 2345
f 2324 2347 2349
f 2349 2347 2348
f 2330 2347 2324
f 2325 2341 2332
f 2334 2325 2332
f 2330 2325 2334
f 2323 2341 2325
f 2341 2342 2332
f 2328 2330 2326
f 2328 2326 2331
f 2331 2326 2334
f 2329 2330 2328
f 2327 2266 2328
f 2266 2327 2252
f 2331 2327 2328
f 2328 2266 2265
f 2329 2328 2265
f 2347 2330 2329
f 2334 2326 2330
f 2331 2334 2333
f 2332 2333 2334
f 2342 2333 2332
f 2335 2338 2337
f 2341 2338 2335
f 2341 2323 2338
f 2337 2459 2335
f 2336 2462 2337
f 2338 2323 2337
f 2462 2459 2337
f 2340 2335 2459
f 2340 2339 2335
f 2341 2335 2184
f 2184 2335 2339
f 2341 2184 2342
f 2343 2348 2350
f 2350 2348 2346
f 2345 2343 2452
f 2452 2343 2350
f 2348 2343 2349
f 2345 2454 2344
f 2344 2454 2336
f 2454 2345 2452
f 2349 2343 2345
f 2346 2348 2347
f 2350 2289 2445
f 2280 2350 2346
f 2280 2289 2350
f 2350 2445 2452
f 2390 2445 2289
f 2386 2377 2354
f 2386 2361 2358
f 2354 2361 2386
f 2354 2377 2351
f 2351 2375 2354
f 2352 2382 2366
f 2351 2352 2366
f 2366 2375 2351
f 2352 2377 2383
f 2351 2377 2352
f 2386 2358 2353
f 2354 2364 2361
f 2376 2354 2375
f 2363 2364 2354
f 2358 2357 2360
f 2360 2357 2356
f 2362 2357 2358
f 2356 2266 2355
f 2355 2266 2252
f 2266 2356 2357
f 2359 2239 2353
f 2358 2359 2353
f 2359 2358 2360
f 2362 2358 2361
f 2361 2364 2362
f 2364 2363 2362
f 2375 2366 2369
f 2369 2373 2375
f 2366 2367 2369
f 2365 2382 2380
f 2366 2382 2365
f 2365 2367 2366
f 2369 2372 2370
f 2369 2368 2373
f 2370 2368 2369
f 2370 2372 2371
f 2371 2372 2123
f 2367 2123 2372
f 2372 2369 2367
f 2375 2373 2374
f 2374 2376 2375
f 2363 2354 2376
f 2378 2379 2383
f 2383 2387 2378
f 2382 2352 2383
f 2381 2380 2382
f 2381 2382 2379
f 2379 2382 2383
f 2353 2385 2387
f 2385 2384 2378
f 2378 2387 2385
f 2353 2239 2385
f 2383 2386 2387
f 2387 2386 2353
f 2377 2386 2383
f 2112 2379 2389
f 2389 2378 2384
f 2379 2378 2389
f 2389 2388 2112
f 2398 2394 2392
f 2392 2394 2391
f 2392 2411 2393
f 2391 2411 2392
f 2393 2411 2410
f 2391 2404 2411
f 2437 2411 2404
f 2402 2404 2391
f 2397 2398 2392
f 2449 2397 2414
f 2397 2393 2414
f 2397 2392 2393
f 2399 2406 2391
f 2391 2394 2399
f 2391 2406 2407
f 2407 2402 2391
f 2399 2408 2406
f 2489 2408 2399
f 2396 2400 2395
f 2398 2395 2400
f 2478 2400 2396
f 2395 2446 2396
f 2396 2447 2390
f 2446 2447 2396
f 2450 2395 2398
f 2397 2450 2398
f 2449 2450 2397
f 2395 2450 2446
f 2488 2399 2400
f 2398 2400 2394
f 2400 2399 2394
f 2478 2488 2400
f 2488 2489 2399
f 2403 2402 2401
f 2401 2402 2407
f 2401 2496 2493
f 2407 2496 2401
f 2405 2403 2401
f 2431 2403 2405
f 2404 2403 2429
f 2437 2404 2429
f 2402 2403 2404
f 2429 2403 2431
f 2405 2401 2494
f 2494 2401 2493
f 2405 2494 55
f 2494 87 55
f 2496 2407 2408
f 2408 2407 2406
f 2408 2497 2496
f 2497 2408 2489
f 2412 2409 2410
f 2409 2413 2410
f 2413 2409 2471
f 2415 2409 2434
f 2434 2409 2412
f 2412 2411 2437
f 2412 2410 2411
f 2413 2471 2414
f 2413 2393 2410
f 2414 2393 2413
f 2409 2415 2472
f 2471 2409 2472
f 2415 2473 2472
f 2417 2427 2423
f 2416 2427 2417
f 2416 2438 2437
f 2428 2416 2437
f 2427 2416 2428
f 2438 2416 2417
f 2418 2417 2423
f 2427 2419 2425
f 2425 2423 2427
f 2433 2419 2427
f 2433 31 2419
f 31 2425 2419
f 2423 2425 2420
f 2420 2425 2426
f 28 2420 2426
f 2420 28 2421
f 2421 28 196
f 2421 2422 2420
f 2422 2424 2418
f 2422 2423 2420
f 2418 2423 2422
f 2418 2424 1682
f 32 28 2426
f 2426 31 32
f 2426 2425 31
f 2432 2430 2431
f 2433 2430 2432
f 2405 2432 2431
f 2430 2428 2431
f 2428 2429 2431
f 2428 2437 2429
f 2430 2427 2428
f 2405 55 2432
f 2433 2432 50
f 50 51 2433
f 2433 2427 2430
f 51 31 2433
f 2436 2440 2435
f 2435 2440 2439
f 2435 2434 2436
f 2438 2436 2412
f 2412 2437 2438
f 2436 2434 2412
f 2417 2436 2438
f 1682 2440 2418
f 2436 2418 2440
f 2417 2418 2436
f 2415 2435 1697
f 2435 2439 1697
f 2415 2434 2435
f 1697 2473 2415
f 2474 2473 1697
f 2444 2443 2441
f 2444 2441 2455
f 2455 2441 2442
f 2469 2442 2441
f 2442 2467 2456
f 2467 2442 2469
f 2448 2468 2441
f 2443 2448 2441
f 2448 2449 2468
f 2468 2469 2441
f 2443 2444 2453
f 2451 2443 2454
f 2447 2451 2452
f 2452 2451 2454
f 2447 2446 2451
f 2447 2445 2390
f 2445 2447 2452
f 2450 2448 2451
f 2443 2451 2448
f 2449 2448 2450
f 2446 2450 2451
f 2443 2453 2454
f 2336 2454 2453
f 2463 2455 2460
f 2460 2455 2458
f 2460 2458 2461
f 2456 2457 2458
f 2442 2456 2458
f 2442 2458 2455
f 2461 2458 2457
f 2460 2459 2463
f 2340 2460 1848
f 2459 2460 2340
f 2460 2461 1848
f 2444 2463 2462
f 2462 2463 2459
f 2455 2463 2444
f 2336 2453 2462
f 2462 2453 2444
f 2471 2464 2467
f 2467 2469 2471
f 2470 2464 2471
f 2467 2465 2456
f 2466 2467 2464
f 2465 2467 2466
f 2469 2468 2414
f 2414 2471 2469
f 2414 2468 2449
f 2470 2472 1665
f 2470 2471 2472
f 1665 2466 2464
f 2470 1665 2464
f 2473 2474 1665
f 1665 2472 2473
f 2501 2477 2487
f 2487 2476 2501
f 2498 2475 2477
f 2475 2491 2477
f 2477 2501 2498
f 2487 2486 2476
f 2482 2476 2486
f 2487 2477 2489
f 2489 2477 2497
f 2490 2481 2479
f 2487 2490 2479
f 2481 2484 2479
f 2484 2486 2479
f 2480 2481 2396
f 2396 2390 2480
f 2481 2478 2396
f 2322 2484 2480
f 2480 2484 2481
f 2485 2484 2322
f 2479 2486 2487
f 2482 2486 2483
f 2484 2485 2486
f 2486 2485 2483
f 2481 2490 2488
f 2488 2478 2481
f 2490 2489 2488
f 2490 2487 2489
f 2493 2491 89
f 89 2491 2492
f 2495 2491 2493
f 2496 2495 2493
f 2492 2475 80
f 80 81 2492
f 2475 2492 2491
f 81 89 2492
f 2493 87 2494
f 87 2493 89
f 2496 2497 2495
f 2491 2495 2477
f 2477 2495 2497
f 2499 2502 2500
f 2502 2499 2501
f 2498 70 2475
f 2475 70 80
f 73 2498 2499
f 70 2498 73
f 2501 2499 2498
f 2476 2299 2502
f 2500 2502 2299
f 2482 2299 2476
f 2502 2501 2476
f 2296 75 2499
f 2499 2500 2296
f 75 73 2499
f 75 2296 538
