# Blender v3.1.2 OBJ File: 'train-blocks.blend'
# www.blender.org
o Cube
v 1.982479 0.983646 -0.916667
v 1.967264 -0.958011 -0.875000
v -0.941409 0.838184 -0.823289
v 1.982479 0.983646 0.916667
v 1.967264 -0.958011 0.875000
v -0.811190 0.817559 -0.823289
v -1.976696 0.983646 -0.916667
v -0.693718 0.757704 -0.823289
v -1.958590 -0.958011 -0.875000
v -1.976696 0.983646 0.916667
v -1.958590 -0.958011 0.875000
v -0.600491 0.664478 -0.823289
v 1.967264 1.130504 -0.875000
v -0.540636 0.547006 -0.823289
v 1.967264 1.130504 0.875000
v -1.958590 1.130504 -0.875000
v -1.958590 1.130504 0.875000
v -0.520011 0.416787 -0.823289
v -1.976696 -0.972007 -0.500000
v -0.540636 0.286568 -0.823289
v -1.976696 -0.972007 -0.000000
v -1.976696 -0.972007 0.500000
v -0.600491 0.169095 -0.823289
v 2.012908 1.011362 -0.500000
v 2.012908 1.022431 0.000000
v 2.012908 1.011362 0.500000
v -0.693718 0.075869 -0.823289
v -2.012908 1.011362 0.500000
v -2.012908 1.022431 -0.000000
v -0.811190 0.016014 -0.823289
v -2.012908 1.011362 -0.500000
v 1.982479 -0.972007 0.500000
v -0.941409 -0.004611 -0.823289
v 1.982479 -0.972007 0.000000
v 1.982479 -0.972007 -0.500000
v -1.071628 0.016014 -0.823289
v 1.982479 1.261742 -0.500000
v 1.982479 1.317089 0.000000
v -1.189100 0.075869 -0.823289
v 1.982479 1.261742 0.500000
v -1.282327 0.169095 -0.823289
v -1.976696 1.261742 0.500000
v -1.976696 1.317089 0.000000
v -1.342182 0.286568 -0.823289
v -1.976696 1.261742 -0.500000
v 1.982479 -0.787308 -0.916667
v -1.362806 0.416787 -0.823289
v -1.976696 -0.787308 0.916667
v 1.982479 -0.787308 0.916667
v -1.976696 -0.787308 -0.916667
v -1.342182 0.547006 -0.823289
v 2.012908 -0.787308 -0.500000
v 2.012908 -0.787308 0.000000
v -1.282327 0.664478 -0.823289
v 2.012908 -0.787308 0.500000
v -2.012908 -0.787308 0.500000
v -1.189100 0.757704 -0.823289
v -2.012908 -0.787308 -0.000000
v -1.071628 0.817559 -0.823289
v -2.012908 -0.787308 -0.500000
v -0.941409 0.838184 -0.905324
v -1.741736 -0.972007 -0.916667
v -0.811190 0.817559 -0.905324
v -1.741736 0.977094 1.000000
v -0.693718 0.757704 -0.905324
v -1.741736 -0.972007 0.916667
v -1.741736 0.977094 -1.000000
v -0.600491 0.664478 -0.905324
v -1.741736 1.129715 0.916667
v -0.540636 0.547006 -0.905324
v -0.520011 0.416787 -0.905324
v -1.741736 1.129715 -0.916667
v -0.540636 0.286568 -0.905324
v -1.741736 1.314090 -0.500000
v -0.600491 0.169095 -0.905324
v -1.741736 1.380507 0.000000
v -1.741736 1.314090 0.500000
v -0.693718 0.075869 -0.905324
v -0.811190 0.016014 -0.905324
v -1.741736 -1.000000 -0.500000
v -1.741736 -1.000000 0.000000
v -0.941409 -0.004611 -0.905324
v -1.741736 -1.000000 0.500000
v -1.071628 0.016014 -0.905324
v -1.741736 -0.787308 -1.000000
v -1.189100 0.075869 -0.905324
v -1.741736 -0.787308 1.000000
v -1.282327 0.169095 -0.905324
v 1.757318 -0.972007 0.916667
v -1.342182 0.286568 -0.905324
v 1.757318 0.977094 -1.000000
v -1.362806 0.416787 -0.905324
v -1.342182 0.547006 -0.905324
v 1.757318 1.129715 -0.916667
v 1.757318 1.314090 -0.500000
v -1.282327 0.664478 -0.905324
v 1.757318 1.380507 0.000000
v -1.189100 0.757704 -0.905324
v 1.757318 1.314090 0.500000
v -1.071628 0.817559 -0.905324
v 1.757318 -0.787308 -1.000000
v 1.757318 -0.972007 -0.916667
v 1.757318 0.977094 1.000000
v 1.757318 1.129715 0.916667
v 1.757318 -1.000000 -0.500000
v 1.757318 -1.000000 0.000000
v 1.757318 -1.000000 0.500000
v 1.757318 -0.787308 1.000000
v 1.254441 -0.972007 -0.916667
v 1.254441 0.977094 1.000000
v 1.254441 1.129715 0.916667
v 1.254441 -1.000000 -0.500000
v 1.254441 -1.000000 0.000000
v 1.254441 -1.000000 0.500000
v 1.254441 -0.787308 1.000000
v 1.254441 -0.972007 0.916667
v 1.254441 0.977094 -1.000000
v 1.254441 1.129715 -0.916667
v 1.254441 1.314090 -0.500000
v 1.254441 1.380507 0.000000
v -0.941409 0.838184 0.862301
v 1.254441 1.314090 0.500000
v 1.254441 -0.787308 -1.000000
v -0.811190 0.817559 0.862301
v -1.286397 -0.972007 -0.916667
v -1.286397 0.977094 1.000000
v -0.693718 0.757704 0.862301
v -1.286397 1.129715 0.916667
v -1.286397 -1.000000 -0.500000
v -0.600491 0.664478 0.862301
v -1.286397 -1.000000 0.000000
v -1.286397 -1.000000 0.500000
v -0.540636 0.547006 0.862301
v -1.286397 -0.787308 1.000000
v -1.286397 -0.972007 0.916667
v -0.520011 0.416787 0.862301
v -1.286397 0.977094 -1.000000
v -1.286397 1.129715 -0.916667
v -1.286397 1.314090 -0.500000
v -0.540636 0.286568 0.862301
v -1.286397 1.380507 0.000000
v -1.286397 1.314090 0.500000
v -0.600491 0.169095 0.862301
v -1.286397 -0.787308 -1.000000
v -0.693718 0.075869 0.862301
v -1.976696 -0.433582 0.916667
v 1.982479 -0.433582 -0.916667
v 1.982479 -0.433582 0.916667
v -0.811190 0.016014 0.862301
v -1.976696 -0.433582 -0.916667
v 2.012908 -0.433582 -0.500000
v -0.941409 -0.004611 0.862301
v 2.012908 -0.433582 0.000000
v 2.012908 -0.433582 0.500000
v -1.071628 0.016014 0.862301
v -2.012908 -0.433582 0.500000
v -2.012908 -0.433582 -0.000000
v -1.189100 0.075869 0.862301
v -2.012908 -0.433582 -0.500000
v -1.282327 0.169095 0.862301
v -1.741736 -0.433582 -1.000000
v -1.741736 -0.433582 1.000000
v -1.342182 0.286568 0.862301
v 1.757318 -0.433582 1.000000
v 1.757318 -0.433582 -1.000000
v -1.362806 0.416787 0.862301
v 1.254441 -0.433582 -1.000000
v 1.254441 -0.433582 1.000000
v -1.342182 0.547006 0.862301
v -1.286397 -0.433582 -1.000000
v -1.286397 -0.433582 1.000000
v -0.902875 -0.972007 0.916667
v -1.282327 0.664478 0.862301
v -0.550782 -0.972007 0.916667
v -0.198690 -0.972007 0.916667
v -1.189100 0.757704 0.862301
v 0.153403 -0.972007 0.916667
v 0.505496 -0.972007 0.916667
v -1.071628 0.817559 0.862301
v 0.857589 -0.972007 0.916667
v -0.902875 0.977094 -1.000000
v -0.550782 0.977093 -1.000000
v -0.198690 0.977093 -1.000000
v 0.153403 0.977094 -1.000000
v 0.505496 0.977094 -1.000000
v 0.857589 0.977094 -1.000000
v -0.902875 1.129715 -0.916667
v -0.550782 1.129715 -0.916667
v -0.198690 1.129715 -0.916667
v 0.153403 1.129715 -0.916667
v 0.505496 1.129715 -0.916667
v 0.857589 1.129715 -0.916667
v -0.902875 1.314090 -0.500000
v -0.550782 1.314090 -0.500000
v -0.198690 1.314090 -0.500000
v 0.153403 1.314090 -0.500000
v 0.505496 1.314090 -0.500000
v 0.857589 1.314090 -0.500000
v -0.902875 1.380507 0.000000
v -0.550782 1.380507 0.000000
v -0.198690 1.380507 0.000000
v -0.811190 0.817559 0.948729
v 0.153403 1.380507 0.000000
v -0.693718 0.757704 0.948729
v 0.505496 1.380507 0.000000
v -0.600491 0.664478 0.948729
v -0.540636 0.547006 0.948729
v 0.857589 1.380507 0.000000
v -0.520011 0.416787 0.948729
v -0.902875 1.314090 0.500000
v -0.550782 1.314090 0.500000
v -0.540636 0.286568 0.948729
v -0.198690 1.314090 0.500000
v -0.600491 0.169095 0.948729
v 0.153403 1.314090 0.500000
v -0.693718 0.075869 0.948729
v 0.505496 1.314090 0.500000
v -0.811190 0.016014 0.948729
v 0.857589 1.314090 0.500000
v -0.941409 -0.004611 0.948729
v -1.071628 0.016014 0.948729
v -0.902875 -0.787308 -1.000000
v -1.189100 0.075869 0.948729
v -0.550782 -0.787308 -1.000000
v -0.198690 -0.787308 -1.000000
v -1.282327 0.169095 0.948729
v 0.153403 -0.787308 -1.000000
v -1.342182 0.286568 0.948729
v -1.362806 0.416787 0.948729
v 0.505496 -0.787308 -1.000000
v 0.857589 -0.787308 -1.000000
v -1.342182 0.547006 0.948729
v 0.857589 -0.972007 -0.916667
v -1.282327 0.664478 0.948729
v 0.505496 -0.972007 -0.916667
v -1.189100 0.757704 0.948729
v 0.153403 -0.972007 -0.916667
v -1.071628 0.817559 0.948729
v -0.198690 -0.972007 -0.916667
v -0.941409 0.838184 0.948729
v -0.550783 -0.972007 -0.916667
v -0.902875 -0.972007 -0.916667
v 0.069945 0.838184 -0.823289
v 0.857589 0.977094 1.000000
v 0.505496 0.977094 1.000000
v 0.200164 0.817559 -0.823289
v 0.153403 0.977094 1.000000
v 0.317636 0.757704 -0.823289
v -0.198690 0.977094 1.000000
v -0.550783 0.977094 1.000000
v 0.410863 0.664478 -0.823289
v -0.902875 0.977094 1.000000
v 0.857589 1.129715 0.916667
v 0.470718 0.547006 -0.823289
v 0.505496 1.129715 0.916667
v 0.153403 1.129715 0.916667
v -0.198690 1.129715 0.916667
v 0.491343 0.416787 -0.823289
v -0.550783 1.129715 0.916667
v -0.902875 1.129715 0.916667
v 0.470718 0.286568 -0.823289
v 0.857589 -1.000000 -0.500000
v 0.505496 -1.000000 -0.500000
v 0.410863 0.169095 -0.823289
v 0.153403 -1.000000 -0.500000
v -0.198690 -1.000000 -0.500000
v 0.317636 0.075869 -0.823289
v -0.550783 -1.000000 -0.500000
v -0.902875 -1.000000 -0.500000
v 0.200164 0.016014 -0.823289
v 0.857589 -1.000000 0.000000
v 0.505496 -1.000000 0.000000
v 0.069945 -0.004611 -0.823289
v 0.153403 -1.000000 0.000000
v -0.198690 -1.000000 0.000000
v -0.060274 0.016014 -0.823289
v -0.550783 -1.000000 0.000000
v -0.177746 0.075869 -0.823289
v -0.902875 -1.000000 0.000000
v 0.857589 -1.000000 0.500000
v -0.270973 0.169095 -0.823289
v 0.505496 -1.000000 0.500000
v 0.153403 -1.000000 0.500000
v -0.330828 0.286568 -0.823289
v -0.198690 -1.000000 0.500000
v -0.550783 -1.000000 0.500000
v -0.902875 -1.000000 0.500000
v -0.351452 0.416787 -0.823289
v 0.857589 -0.787308 1.000000
v 0.505496 -0.787308 1.000000
v -0.330828 0.547006 -0.823289
v 0.153403 -0.787308 1.000000
v -0.198690 -0.787308 1.000000
v -0.270973 0.664478 -0.823289
v -0.550783 -0.787308 1.000000
v -0.902875 -0.787308 1.000000
v -0.177746 0.757704 -0.823289
v 0.857589 -0.433582 1.000000
v 0.505496 -0.433582 1.000000
v -0.060274 0.817559 -0.823289
v 0.153403 -0.433582 1.000000
v 0.069945 0.838184 -0.905324
v -0.198690 -0.433582 1.000000
v 0.200164 0.817559 -0.905324
v -0.550783 -0.433582 1.000000
v 0.317636 0.757704 -0.905324
v -0.902875 -0.433582 1.000000
v 0.410863 0.664478 -0.905324
v -0.902875 -0.433582 -1.000000
v 0.470718 0.547006 -0.905324
v 0.491343 0.416787 -0.905324
v -0.550782 -0.433582 -1.000000
v -0.198690 -0.433582 -1.000000
v 0.470718 0.286568 -0.905324
v 0.153403 -0.433582 -1.000000
v 0.410863 0.169095 -0.905324
v 0.505496 -0.433582 -1.000000
v 0.317636 0.075869 -0.905324
v 0.857589 -0.433582 -1.000000
v 0.200164 0.016014 -0.905324
v -1.976696 0.638261 0.916667
v 0.069945 -0.004611 -0.905324
v 1.982479 0.638261 -0.916667
v -0.060274 0.016014 -0.905324
v 1.982479 0.638261 0.916667
v -0.177746 0.075869 -0.905324
v -0.270973 0.169095 -0.905324
v -1.976696 0.638261 -0.916667
v -0.330828 0.286568 -0.905324
v 2.012908 0.638261 -0.500000
v -0.351452 0.416787 -0.905324
v 2.012908 0.638261 0.000000
v 2.012908 0.638261 0.500000
v -0.330828 0.547006 -0.905324
v -2.012908 0.638261 0.500000
v -0.270973 0.664478 -0.905324
v -0.177746 0.757704 -0.905324
v -2.012908 0.638261 -0.000000
v -0.060274 0.817559 -0.905324
v -2.012908 0.638261 -0.500000
v -1.741736 0.638261 -1.000000
v -1.741736 0.638261 1.000000
v 1.757318 0.638261 1.000000
v 1.757318 0.638261 -1.000000
v 0.505496 0.638261 1.000000
v -0.550783 0.638261 1.000000
v -0.550782 0.638261 -1.000000
v 0.505496 0.638261 -1.000000
v 1.982479 -0.064770 -0.916667
v 0.069945 0.838184 0.862301
v 1.982479 -0.064770 0.916667
v 0.200164 0.817559 0.862301
v -1.976696 -0.064770 -0.916667
v 2.012908 -0.064770 -0.500000
v 2.012908 -0.064770 0.000000
v 0.317636 0.757704 0.862301
v 2.012908 -0.064770 0.500000
v -2.012908 -0.064770 0.500000
v 0.410863 0.664478 0.862301
v -2.012908 -0.064770 -0.000000
v 0.470718 0.547006 0.862301
v -2.012908 -0.064770 -0.500000
v -1.741736 -0.064770 -1.000000
v -1.741736 -0.064770 1.000000
v 0.491343 0.416787 0.862301
v 1.757318 -0.064770 1.000000
v 0.470718 0.286568 0.862301
v 1.757318 -0.064770 -1.000000
v 1.254441 -0.064770 -1.000000
v 0.410863 0.169095 0.862301
v 1.254441 -0.064770 1.000000
v -1.286397 -0.064770 -1.000000
v 0.317636 0.075869 0.862301
v -1.286397 -0.064770 1.000000
v 0.857589 -0.064770 1.000000
v 0.200164 0.016014 0.862301
v 0.505496 -0.064770 1.000000
v 0.153403 -0.064770 1.000000
v -0.198690 -0.064770 1.000000
v 0.069945 -0.004611 0.862301
v -0.550783 -0.064770 1.000000
v -0.902875 -0.064770 1.000000
v -0.060274 0.016014 0.862301
v -0.902875 -0.064770 -1.000000
v -0.177746 0.075869 0.862301
v -0.550782 -0.064770 -1.000000
v -0.198690 -0.064770 -1.000000
v -0.270973 0.169095 0.862301
v 0.153403 -0.064770 -1.000000
v 0.505496 -0.064770 -1.000000
v -0.330828 0.286568 0.862301
v 0.857589 -0.064770 -1.000000
v -1.976696 -0.064770 0.916667
v -0.351452 0.416787 0.862301
v -1.973595 -0.969610 0.734182
v -1.890661 -0.969610 -0.909529
v 1.979873 -0.905116 -0.909529
v -0.330828 0.547006 0.862301
v -1.976696 0.860519 0.916667
v -0.270973 0.664478 0.862301
v 1.979873 -0.905116 0.909529
v -1.973595 -0.905116 -0.909529
v -1.893008 0.977913 0.989583
v -0.177746 0.757704 0.862301
v 2.009105 0.996939 0.739583
v 1.906717 -0.969610 0.909529
v -0.060274 0.817559 0.862301
v -2.008382 0.996939 -0.739583
v 1.908689 0.977913 -0.989583
v 1.979873 -0.969610 -0.734182
v -1.890661 1.129987 0.909529
v 1.979873 1.190310 0.734182
v -1.973595 1.190310 -0.734182
v 1.906717 1.129987 -0.909529
v -1.973595 1.070651 0.909529
v -1.973595 1.070651 -0.909529
v 1.979873 1.070651 -0.909529
v 1.979873 1.070651 0.909529
v -1.973595 -0.969610 -0.734182
v -1.976696 -0.972007 -0.250000
v -1.976696 -0.972007 0.250000
v 2.009105 0.996939 -0.739583
v 2.012909 1.019918 -0.250000
v 2.012909 1.019919 0.250000
v -2.008382 0.996939 0.739583
v -2.012909 1.019918 0.250000
v -2.012909 1.019918 -0.250000
v 1.979873 -0.969610 0.734182
v 1.982479 -0.972007 0.250000
v 0.200164 0.817559 0.948729
v 1.982479 -0.972007 -0.250000
v 0.317636 0.757704 0.948729
v 0.410863 0.664478 0.948729
v 1.979873 1.190310 -0.734182
v 1.982479 1.304525 -0.250000
v 0.470718 0.547006 0.948729
v 1.982479 1.304525 0.250000
v 0.491343 0.416787 0.948729
v -1.973595 1.190310 0.734182
v 0.470718 0.286568 0.948729
v 0.410863 0.169095 0.948729
v -1.976696 1.304525 0.250000
v -1.976696 1.304525 -0.250000
v 0.317636 0.075869 0.948729
v 2.009105 1.151922 0.500000
v 0.200164 0.016014 0.948729
v 2.009105 1.185130 0.000000
v 0.069945 -0.004611 0.948729
v 2.009105 1.151922 -0.500000
v -0.060274 0.016014 0.948729
v -0.177746 0.075869 0.948729
v 1.908689 1.307546 -0.500000
v -0.270973 0.169095 0.948729
v 1.908689 1.372580 -0.000000
v -0.330828 0.286568 0.948729
v 1.908689 1.307547 0.500000
v -0.351452 0.416787 0.948729
v 2.009105 -0.906931 -0.500000
v -0.330828 0.547006 0.948729
v 2.009105 -0.906931 -0.000000
v -0.270973 0.664478 0.948729
v 2.009105 -0.906931 0.500000
v -0.177746 0.757704 0.948729
v -1.893008 -0.996501 -0.500000
v -0.060274 0.817559 0.948729
v -1.893008 -0.996501 0.000000
v -1.893008 -0.996501 0.500000
v 0.069945 0.838184 0.948729
v -2.008382 -0.906931 0.500000
v 1.081299 0.838184 -0.823289
v -2.008382 -0.906931 -0.000000
v -2.008382 -0.906931 -0.500000
v 1.211518 0.817559 -0.823289
v -2.008382 1.151922 -0.500000
v -2.008382 1.185130 0.000000
v -2.008382 1.151922 0.500000
v 1.328990 0.757704 -0.823289
v 1.982479 -0.613005 -0.916667
v 1.422217 0.664478 -0.823289
v -1.973595 -0.905116 0.909529
v 1.982479 -0.613005 0.916667
v 1.482072 0.547006 -0.823289
v -1.976696 -0.613005 -0.916667
v 2.012909 -0.613005 -0.500000
v 2.012909 -0.613005 -0.000000
v 1.502697 0.416787 -0.823289
v 2.012909 -0.613005 0.500000
v 1.482072 0.286568 -0.823289
v -2.012909 -0.613005 0.500000
v -2.012909 -0.613005 0.000000
v 1.422217 0.169095 -0.823289
v -2.012909 -0.613005 -0.500000
v -2.012908 -0.787308 -0.250000
v -2.012908 -0.787308 0.250000
v 1.328990 0.075869 -0.823289
v -2.008382 -0.787308 0.739583
v 1.211518 0.016014 -0.823289
v 2.012909 -0.787308 0.250000
v 2.012909 -0.787308 -0.250000
v 1.081299 -0.004611 -0.823289
v 2.009105 -0.787308 -0.739583
v 1.908689 -0.787308 -0.989583
v 0.951080 0.016014 -0.823289
v 2.009105 -0.787308 0.739583
v -2.008382 -0.787308 -0.739583
v 0.833608 0.075869 -0.823289
v -1.893008 -0.787307 0.989583
v -1.522493 -0.972007 -0.916667
v 0.740381 0.169095 -0.823289
v -1.522493 0.977093 1.000000
v -1.890661 -0.969610 0.909529
v 0.680526 0.286568 -0.823289
v -1.893008 0.977913 -0.989583
v -1.522493 1.129715 0.916667
v -1.890661 1.129987 -0.909529
v 0.659902 0.416787 -0.823289
v -1.893008 1.307546 -0.500000
v -1.893008 1.372580 0.000000
v 0.680526 0.547006 -0.823289
v -1.893008 1.307546 0.500000
v -1.522493 -1.000000 -0.500000
v 0.740381 0.664478 -0.823289
v -1.522493 -1.000000 -0.000000
v -1.522493 -1.000000 0.500000
v 0.833608 0.757704 -0.823289
v -1.893008 -0.787308 -0.989583
v 0.951080 0.817559 -0.823289
v -1.522493 -0.787308 1.000000
v -1.741736 -0.906931 0.989583
v 1.081299 0.838184 -0.905324
v -1.741736 -0.906931 -0.989583
v 1.211518 0.817559 -0.905324
v -1.741736 -1.000000 0.250000
v 1.328990 0.757704 -0.905324
v 1.422217 0.664478 -0.905324
v -1.741736 -1.000000 -0.250000
v 1.482072 0.547006 -0.905324
v -1.741736 -0.996501 -0.739583
v 1.502697 0.416787 -0.905324
v -1.741736 1.365430 0.250000
v 1.482072 0.286568 -0.905324
v -1.741736 1.365430 -0.250000
v 1.422217 0.169095 -0.905324
v -1.741736 1.225295 -0.739583
v 1.328990 0.075869 -0.905324
v -1.741736 1.054031 0.989583
v -1.741736 1.054031 -0.989583
v 1.211518 0.016014 -0.905324
v 1.081299 -0.004611 -0.905324
v -1.741736 1.225295 0.739583
v -1.741736 -0.613005 -1.000000
v 0.951080 0.016014 -0.905324
v -1.741736 -0.996501 0.739583
v 0.833608 0.075869 -0.905324
v -1.741736 -0.613005 1.000000
v 0.740381 0.169095 -0.905324
v 0.680526 0.286568 -0.905324
v 1.516474 -0.972007 0.916667
v 0.659902 0.416787 -0.905324
v 1.516474 0.977093 -1.000000
v 0.680526 0.547006 -0.905324
v 1.516474 1.129715 -0.916667
v 1.516474 1.314090 -0.500000
v 0.740381 0.664478 -0.905324
v 1.516474 1.380507 -0.000000
v 0.833608 0.757704 -0.905324
v 1.516474 1.314090 0.500000
v 0.951080 0.817559 -0.905324
v 1.516474 -0.787308 -1.000000
v 1.906717 -0.969610 -0.909529
v 1.908689 0.977912 0.989583
v 1.906717 1.129987 0.909529
v 1.908689 -0.996501 -0.500000
v 1.908689 -0.996501 -0.000000
v 1.908689 -0.996501 0.500000
v 1.908689 -0.787308 0.989583
v 1.757318 -0.613005 1.000000
v 1.757318 1.225295 0.739583
v 1.757318 1.054031 -0.989583
v 1.757318 1.225295 -0.739583
v 1.757318 1.365430 -0.250000
v 1.757318 1.365430 0.250000
v 1.757318 -0.906931 0.989583
v 1.757318 -0.906931 -0.989583
v 1.757318 -1.000000 0.250000
v 1.757318 -1.000000 -0.250000
v 1.757318 -0.996501 -0.739583
v 1.757318 1.054031 0.989583
v 1.757318 -0.613005 -1.000000
v 1.081299 0.838184 0.862301
v 1.757318 -0.996501 0.739583
v 1.516474 -0.972007 -0.916667
v 1.211518 0.817559 0.862301
v 1.516474 0.977093 1.000000
v 1.328990 0.757704 0.862301
v 1.516474 1.129715 0.916667
v 1.516474 -1.000000 -0.500000
v 1.422217 0.664478 0.862301
v 1.516474 -1.000000 -0.000000
v 1.516474 -1.000000 0.500000
v 1.516474 -0.787308 1.000000
v 1.482072 0.547006 0.862301
v 1.039230 -0.972007 0.916667
v 1.502697 0.416787 0.862301
v 1.039230 0.977093 -1.000000
v 1.039230 1.129715 -0.916667
v 1.482072 0.286568 0.862301
v 1.039230 1.314090 -0.500000
v 1.039230 1.380507 -0.000000
v 1.422217 0.169095 0.862301
v 1.039230 1.314090 0.500000
v 1.039230 -0.787308 -1.000000
v 1.254441 -0.996501 0.739583
v 1.328990 0.075869 0.862301
v 1.254441 -0.613005 -1.000000
v 1.254441 1.054031 0.989583
v 1.211518 0.016014 0.862301
v 1.254441 -0.996501 -0.739583
v 1.081299 -0.004611 0.862301
v 1.254441 -1.000000 -0.250000
v 1.254441 -1.000000 0.250000
v 1.254441 -0.906931 -0.989583
v 0.951080 0.016014 0.862301
v 1.254441 -0.613005 1.000000
v 0.833608 0.075869 0.862301
v 1.254441 1.225295 0.739583
v 1.254441 1.054031 -0.989583
v 1.254441 1.225295 -0.739583
v 0.740381 0.169095 0.862301
v 1.254441 1.365430 -0.250000
v 0.680526 0.286568 0.862301
v 1.254441 1.365430 0.250000
v 1.254441 -0.906931 0.989583
v -1.082850 -0.972007 -0.916667
v 0.659902 0.416787 0.862301
v -1.082851 0.977093 1.000000
v -1.082850 1.129715 0.916667
v 0.680526 0.547006 0.862301
v -1.082851 -1.000000 -0.500000
v 0.740381 0.664478 0.862301
v -1.082851 -1.000000 -0.000000
v -1.082850 -1.000000 0.500000
v 0.833608 0.757704 0.862301
v -1.082850 -0.787308 1.000000
v -1.522493 -0.972007 0.916667
v -1.522493 0.977093 -1.000000
v 0.951080 0.817559 0.862301
v -1.522493 1.129715 -0.916667
v -1.522493 1.314090 -0.500000
v -1.522493 1.380507 -0.000000
v -1.522493 1.314090 0.500000
v -1.522493 -0.787308 -1.000000
v -1.286397 -0.906931 -0.989583
v -1.286397 -1.000000 0.250000
v -1.286397 -1.000000 -0.250000
v -1.286397 -0.996501 -0.739583
v -1.286397 1.054031 0.989583
v -1.286397 -0.613005 -1.000000
v -1.286397 -0.996501 0.739583
v -1.286397 -0.613005 1.000000
v -1.286397 1.225295 0.739583
v -1.286397 1.054031 -0.989583
v -1.286397 1.225295 -0.739583
v -1.286397 1.365430 -0.250000
v -1.286397 1.365430 0.250000
v -1.286397 -0.906931 0.989583
v -1.976696 -0.613005 0.916667
v 1.982479 -0.280705 -0.916667
v 1.982479 -0.280705 0.916667
v 1.211518 0.817559 0.948729
v 1.328990 0.757704 0.948729
v -1.976696 -0.280705 -0.916667
v 1.422217 0.664478 0.948729
v 2.012909 -0.280705 -0.500000
v 1.482072 0.547006 0.948729
v 2.012909 -0.280705 -0.000000
v 2.012909 -0.280705 0.500000
v 1.502697 0.416787 0.948729
v -2.012908 -0.280705 0.500000
v 1.482072 0.286568 0.948729
v 1.422217 0.169095 0.948729
v -2.012909 -0.280705 0.000000
v -2.012909 -0.280705 -0.500000
v 1.328990 0.075869 0.948729
v 1.211518 0.016014 0.948729
v -1.741736 -0.280705 -1.000000
v 1.081299 -0.004611 0.948729
v -1.741736 -0.280705 1.000000
v 0.951080 0.016014 0.948729
v 1.757318 -0.280705 1.000000
v 0.833608 0.075869 0.948729
v 1.757318 -0.280705 -1.000000
v 0.740381 0.169095 0.948729
v 1.254441 -0.280705 -1.000000
v 0.680526 0.286568 0.948729
v 1.254441 -0.280705 1.000000
v -1.286397 -0.280705 -1.000000
v 0.659902 0.416787 0.948729
v 0.680526 0.547006 0.948729
v -1.286397 -0.280705 1.000000
v -1.082850 -0.433582 1.000000
v 0.740381 0.664478 0.948729
v -1.522493 -0.433582 -1.000000
v 0.833608 0.757704 0.948729
v 0.951080 0.817559 0.948729
v 1.516474 -0.433582 1.000000
v 1.039230 -0.433582 -1.000000
v 1.081299 0.838184 0.948729
v 1.516474 -0.433582 -1.000000
v 1.908689 -0.433582 0.989583
v -1.522493 -0.433582 1.000000
v -1.893008 -0.433582 -0.989583
v -2.012909 -0.433582 -0.250000
v -2.012909 -0.433582 0.250000
v -2.008382 -0.433582 0.739583
v 2.012909 -0.433582 0.250000
v 2.012909 -0.433582 -0.250000
v 2.009105 -0.433582 -0.739583
v 1.908689 -0.433582 -0.989583
v 2.009105 -0.433582 0.739583
v -2.008382 -0.433582 -0.739583
v -1.893008 -0.433582 0.989583
v -1.082850 -0.972007 0.916667
v -0.726829 -0.972007 0.916667
v -0.374736 -0.972007 0.916667
v -0.022643 -0.972007 0.916667
v 0.329450 -0.972007 0.916667
v 0.681542 -0.972007 0.916667
v -1.082850 0.977093 -1.000000
v -0.726829 0.977093 -1.000000
v -0.374736 0.977093 -1.000000
v -0.022643 0.977093 -1.000000
v 0.329450 0.977093 -1.000000
v 0.681542 0.977093 -1.000000
v -1.082850 1.129715 -0.916667
v -0.726829 1.129715 -0.916667
v -0.374736 1.129715 -0.916667
v -0.022643 1.129715 -0.916667
v 0.329450 1.129715 -0.916667
v 0.681542 1.129715 -0.916667
v -1.082850 1.314090 -0.500000
v -0.726829 1.314090 -0.500000
v -0.374736 1.314090 -0.500000
v -0.022643 1.314090 -0.500000
v 0.329450 1.314090 -0.500000
v 0.681542 1.314090 -0.500000
v -1.082850 1.380507 -0.000000
v -0.726829 1.380507 -0.000000
v -0.374736 1.380507 -0.000000
v -0.022643 1.380507 -0.000000
v 0.329450 1.380507 -0.000000
v 0.681542 1.380507 -0.000000
v -1.082850 1.314090 0.500000
v -0.726829 1.314090 0.500000
v -0.374736 1.314090 0.500000
v -0.022643 1.314090 0.500000
v 0.329450 1.314090 0.500000
v 0.681542 1.314090 0.500000
v -1.082850 -0.787308 -1.000000
v -0.726829 -0.787308 -1.000000
v -0.374736 -0.787308 -1.000000
v -0.022643 -0.787308 -1.000000
v 0.329450 -0.787308 -1.000000
v 0.681542 -0.787308 -1.000000
v 1.039230 -0.972007 -0.916667
v 0.681542 -0.972007 -0.916667
v 0.329449 -0.972007 -0.916667
v -0.022643 -0.972007 -0.916667
v -0.374736 -0.972007 -0.916667
v -0.726829 -0.972007 -0.916667
v 1.039230 0.977093 1.000000
v 0.681542 0.977093 1.000000
v 0.329449 0.977093 1.000000
v -0.022643 0.977093 1.000000
v -0.374736 0.977093 1.000000
v -0.726829 0.977093 1.000000
v 1.039230 1.129715 0.916667
v 0.681542 1.129715 0.916667
v 0.329449 1.129715 0.916667
v -0.022643 1.129715 0.916667
v -0.374736 1.129715 0.916667
v -0.726829 1.129715 0.916667
v 1.039230 -1.000000 -0.500000
v 0.681542 -1.000000 -0.500000
v 0.329449 -1.000000 -0.500000
v -0.022643 -1.000000 -0.500000
v -0.374736 -1.000000 -0.500000
v -0.726829 -1.000000 -0.500000
v 1.039230 -1.000000 -0.000000
v 0.681542 -1.000000 -0.000000
v 0.329449 -1.000000 -0.000000
v -0.022643 -1.000000 -0.000000
v -0.374736 -1.000000 -0.000000
v -0.726829 -1.000000 -0.000000
v 1.039230 -1.000000 0.500000
v 0.681542 -1.000000 0.500000
v 0.329449 -1.000000 0.500000
v -0.022643 -1.000000 0.500000
v -0.374736 -1.000000 0.500000
v -0.726829 -1.000000 0.500000
v 1.039230 -0.787308 1.000000
v 0.681542 -0.787308 1.000000
v 0.329449 -0.787308 1.000000
v -0.022643 -0.787308 1.000000
v -0.374736 -0.787308 1.000000
v -0.726829 -0.787308 1.000000
v 1.039230 -0.433582 1.000000
v 0.681542 -0.433582 1.000000
v 0.329449 -0.433582 1.000000
v -0.022643 -0.433582 1.000000
v -0.374736 -0.433582 1.000000
v -0.726829 -0.433582 1.000000
v -1.082850 -0.433582 -1.000000
v -0.726829 -0.433582 -1.000000
v -0.374736 -0.433582 -1.000000
v -0.022643 -0.433582 -1.000000
v 0.329450 -0.433582 -1.000000
v 0.681542 -0.433582 -1.000000
v -0.902875 -0.613005 -1.000000
v -0.550782 -0.613005 -1.000000
v -0.198690 -0.613005 -1.000000
v 0.153403 -0.613005 -1.000000
v 0.505496 -0.613005 -1.000000
v 0.857589 -0.613005 -1.000000
v 0.857589 -0.613005 1.000000
v 0.505496 -0.613005 1.000000
v 0.153403 -0.613005 1.000000
v -0.198690 -0.613005 1.000000
v -0.550783 -0.613005 1.000000
v -0.902875 -0.613005 1.000000
v 0.857589 -0.906931 0.989583
v 0.505496 -0.906931 0.989583
v 0.153403 -0.906931 0.989583
v -0.198690 -0.906931 0.989583
v -0.550782 -0.906931 0.989583
v -0.902875 -0.906931 0.989583
v 0.857589 1.365430 0.250000
v 0.505496 1.365430 0.250000
v 0.153403 1.365430 0.250000
v -0.198690 1.365430 0.250000
v -0.550782 1.365430 0.250000
v -0.902875 1.365430 0.250000
v 0.857589 1.365430 -0.250000
v 0.505496 1.365430 -0.250000
v 0.153403 1.365430 -0.250000
v -0.198690 1.365430 -0.250000
v -0.550782 1.365430 -0.250000
v -0.902875 1.365430 -0.250000
v 0.857589 1.225295 -0.739583
v 0.505496 1.225295 -0.739583
v 0.153403 1.225295 -0.739583
v -0.198690 1.225295 -0.739583
v -0.550782 1.225295 -0.739583
v -0.902875 1.225295 -0.739583
v 0.857589 1.054031 -0.989583
v 0.505496 1.054031 -0.989583
v 0.153403 1.054031 -0.989583
v -0.198690 1.054031 -0.989583
v -0.550782 1.054031 -0.989583
v -0.902875 1.054031 -0.989583
v 0.857589 1.225295 0.739583
v 0.505496 1.225295 0.739583
v 0.153403 1.225295 0.739583
v -0.198690 1.225295 0.739583
v -0.550783 1.225295 0.739583
v -0.902875 1.225295 0.739583
v 0.857589 -0.280705 1.000000
v 0.505496 -0.280705 1.000000
v 0.153403 -0.280705 1.000000
v -0.198690 -0.280705 1.000000
v -0.550783 -0.280705 1.000000
v -0.902875 -0.280705 1.000000
v -0.902875 -0.906931 -0.989583
v -0.550782 -0.906931 -0.989583
v -0.198690 -0.906931 -0.989583
v 0.153403 -0.906931 -0.989583
v 0.505496 -0.906931 -0.989583
v 0.857589 -0.906931 -0.989583
v -0.902875 -1.000000 0.250000
v -0.550783 -1.000000 0.250000
v -0.198690 -1.000000 0.250000
v 0.153403 -1.000000 0.250000
v 0.505496 -1.000000 0.250000
v 0.857589 -1.000000 0.250000
v -0.902875 -1.000000 -0.250000
v -0.550783 -1.000000 -0.250000
v -0.198690 -1.000000 -0.250000
v 0.153403 -1.000000 -0.250000
v 0.505496 -1.000000 -0.250000
v 0.857589 -1.000000 -0.250000
v -0.902875 -0.996501 -0.739583
v -0.550783 -0.996501 -0.739583
v -0.198690 -0.996501 -0.739583
v 0.153403 -0.996501 -0.739583
v 0.505496 -0.996501 -0.739583
v 0.857589 -0.996501 -0.739583
v -0.902875 1.054031 0.989583
v -0.550783 1.054031 0.989583
v -0.198690 1.054031 0.989583
v 0.153403 1.054031 0.989583
v 0.505496 1.054031 0.989583
v 0.857589 1.054031 0.989583
v -0.902875 -0.280705 -1.000000
v -0.550782 -0.280705 -1.000000
v -0.198690 -0.280705 -1.000000
v 0.153403 -0.280705 -1.000000
v 0.505496 -0.280705 -1.000000
v 0.857589 -0.280705 -1.000000
v -0.902875 -0.996501 0.739583
v -0.550782 -0.996501 0.739583
v -0.198690 -0.996501 0.739583
v 0.153403 -0.996501 0.739583
v 0.505496 -0.996501 0.739583
v 0.857589 -0.996501 0.739583
v -1.976696 0.284433 0.916667
v 1.982479 0.860519 -0.916667
v 1.982479 0.860519 0.916667
v -1.976696 0.860519 -0.916667
v 2.012908 0.863983 -0.500000
v 2.012909 0.865367 -0.000000
v 2.012909 0.863983 0.500000
v -2.012908 0.863983 0.500000
v -2.012909 0.865367 0.000000
v -2.012908 0.863983 -0.500000
v -1.741736 0.859700 -1.000000
v -1.741736 0.859700 1.000000
v 1.757318 0.859700 1.000000
v 1.757318 0.859700 -1.000000
v 1.254441 0.859700 -1.000000
v 1.254441 0.859700 1.000000
v -1.286397 0.859700 -1.000000
v -1.286397 0.859700 1.000000
v 0.857589 0.859700 1.000000
v 0.505496 0.859700 1.000000
v 0.153403 0.859700 1.000000
v -0.198690 0.859700 1.000000
v -0.550783 0.859700 1.000000
v -0.902875 0.859700 1.000000
v -0.902875 0.859700 -1.000000
v -0.550782 0.859700 -1.000000
v -0.198690 0.859700 -1.000000
v 0.153403 0.859700 -1.000000
v 0.505496 0.859700 -1.000000
v 0.857589 0.859700 -1.000000
v 0.681542 0.638261 -1.000000
v -0.374736 0.638261 -1.000000
v -0.374736 0.638261 1.000000
v 0.681542 0.638261 1.000000
v -1.522493 0.638261 -1.000000
v 1.516474 0.638261 1.000000
v 1.516474 0.638261 -1.000000
v 1.908689 0.638261 0.989583
v -1.522493 0.638261 1.000000
v -1.893008 0.638261 -0.989583
v -2.012909 0.638261 -0.250000
v -2.012909 0.638261 0.250000
v -2.008382 0.638261 0.739583
v 2.012909 0.638261 0.250000
v 2.012909 0.638261 -0.250000
v 2.009105 0.638261 -0.739583
v 1.908689 0.638261 -0.989583
v 2.009105 0.638261 0.739583
v -2.008382 0.638261 -0.739583
v -1.893008 0.638261 0.989583
v 1.982479 0.284433 -0.916667
v 1.982479 0.284433 0.916667
v -1.976696 0.284433 -0.916667
v 2.012909 0.284433 -0.500000
v 2.012909 0.284433 -0.000000
v 2.012909 0.284433 0.500000
v -2.012909 0.284433 0.500000
v -2.012909 0.284433 0.000000
v -2.012909 0.284433 -0.500000
v -1.741736 0.284433 -1.000000
v -1.741736 0.284433 1.000000
v 1.757318 0.284433 1.000000
v 1.757318 0.284433 -1.000000
v 0.505496 0.284433 1.000000
v 0.505496 0.284433 -1.000000
v -1.976696 -0.280705 0.916667
v -1.893008 -0.064770 0.989583
v -2.008382 -0.064770 -0.739583
v 2.009105 -0.064770 0.739583
v 1.908689 -0.064770 -0.989583
v 2.009105 -0.064770 -0.739583
v 2.012909 -0.064770 -0.250000
v 2.012909 -0.064770 0.250000
v -2.008382 -0.064770 0.739583
v -2.012909 -0.064770 0.250000
v -2.012909 -0.064770 -0.250000
v -1.893008 -0.064770 -0.989583
v -1.522493 -0.064770 1.000000
v 1.908689 -0.064770 0.989583
v 1.516474 -0.064770 -1.000000
v 1.039230 -0.064770 -1.000000
v 1.516474 -0.064770 1.000000
v -1.522493 -0.064770 -1.000000
v -1.082850 -0.064770 1.000000
v 1.039230 -0.064770 1.000000
v 0.681542 -0.064770 1.000000
v 0.329449 -0.064770 1.000000
v -0.022643 -0.064770 1.000000
v -0.374736 -0.064770 1.000000
v -0.726829 -0.064770 1.000000
v -1.082850 -0.064770 -1.000000
v -0.726829 -0.064770 -1.000000
v -0.374736 -0.064770 -1.000000
v -0.022643 -0.064770 -1.000000
v 0.329450 -0.064770 -1.000000
v 0.681542 -0.064770 -1.000000
v -2.004024 1.108918 0.738233
v -1.893008 0.859802 0.989583
v -2.008382 0.862180 -0.739583
v 1.908196 -0.993131 0.738233
v 2.009105 0.862180 0.739583
v 1.908689 0.859802 -0.989583
v -1.892421 1.221195 0.738233
v 2.005442 1.108918 -0.738233
v -1.892421 1.055934 -0.979553
v 1.908196 1.055934 0.979553
v 2.005442 1.108919 0.738233
v 2.009105 1.177591 0.250000
v 2.009105 1.177591 -0.250000
v -1.892421 1.221195 -0.738233
v -1.893008 1.357816 -0.250000
v -1.893008 1.357816 0.250000
v 2.009105 0.862180 -0.739583
v 2.012909 0.865053 -0.250000
v 2.012909 0.865053 0.250000
v 1.908196 -0.993131 -0.738233
v 1.908689 -0.996501 -0.250000
v 1.908689 -0.996501 0.250000
v -2.008382 0.862180 0.739583
v -2.012909 0.865053 0.250000
v -2.012909 0.865053 -0.250000
v -2.004023 1.108918 -0.738233
v -2.008382 1.177591 -0.250000
v -2.008382 1.177591 0.250000
v -2.008382 -0.906931 -0.250000
v -2.008382 -0.906931 0.250000
v -2.004023 -0.906477 0.738233
v 2.009105 -0.906931 0.250000
v 2.009105 -0.906931 -0.250000
v 2.005442 -0.906477 -0.738233
v 1.908196 -0.906477 -0.979553
v 2.005442 -0.906477 0.738233
v -2.004023 -0.906477 -0.738233
v -1.892421 -0.906477 0.979553
v -1.522493 -0.906931 0.989583
v -1.892421 -0.906477 -0.979553
v -1.893008 -0.996501 0.250000
v -1.893008 -0.996501 -0.250000
v -1.892421 -0.993131 -0.738233
v -1.522493 1.365430 0.250000
v -1.522493 1.365430 -0.250000
v -1.522493 1.225295 -0.739583
v -1.892421 1.055934 0.979553
v -1.522493 1.054031 -0.989583
v -1.522493 1.225295 0.739583
v -1.893008 0.859802 -0.989583
v -1.892421 -0.993131 0.738233
v -1.522493 0.859700 1.000000
v 1.908689 0.859802 0.989583
v 1.908196 1.221195 0.738233
v 1.908196 1.055934 -0.979553
v 1.908196 1.221195 -0.738233
v 1.908689 1.357816 -0.250000
v 1.908689 1.357817 0.250000
v 1.908196 -0.906477 0.979553
v 1.516474 -0.906931 -0.989583
v 1.516474 -1.000000 0.250000
v 1.516474 -1.000000 -0.250000
v 1.516474 -0.996501 -0.739583
v 1.516474 1.054031 0.989583
v 1.516474 0.859700 -1.000000
v 1.516474 -0.996501 0.739583
v 1.039230 -0.996501 0.739583
v 1.039230 0.859700 -1.000000
v 1.039230 1.054031 0.989583
v 1.039230 -0.996501 -0.739583
v 1.039230 -1.000000 -0.250000
v 1.039230 -1.000000 0.250000
v 1.039230 -0.906931 -0.989583
v 1.516474 0.859700 1.000000
v 1.516474 1.225295 0.739583
v 1.516474 1.054031 -0.989583
v 1.516474 1.225295 -0.739583
v 1.516474 1.365430 -0.250000
v 1.516474 1.365430 0.250000
v 1.516474 -0.906931 0.989583
v -1.522493 -0.906931 -0.989583
v -1.522493 -1.000000 0.250000
v -1.522493 -1.000000 -0.250000
v -1.522493 -0.996501 -0.739583
v -1.522493 1.054031 0.989583
v -1.522493 0.859700 -1.000000
v -1.522493 -0.996501 0.739583
v -1.082850 0.859700 1.000000
v -1.082850 1.225295 0.739583
v -1.082850 1.054031 -0.989583
v -1.082850 1.225295 -0.739583
v -1.082850 1.365430 -0.250000
v -1.082850 1.365430 0.250000
v -1.082850 -0.906931 0.989583
v -1.082850 -0.613005 1.000000
v -1.522493 -0.613005 -1.000000
v 1.516474 -0.613005 1.000000
v 1.039230 -0.613005 -1.000000
v 1.516474 -0.613005 -1.000000
v 1.908689 -0.613005 0.989583
v -1.522493 -0.613005 1.000000
v -1.893008 -0.613005 -0.989583
v -2.012909 -0.613005 -0.250000
v -2.012909 -0.613005 0.250000
v -2.008382 -0.613005 0.739583
v 2.012909 -0.613005 0.250000
v 2.012909 -0.613005 -0.250000
v 2.009105 -0.613005 -0.739583
v 1.908689 -0.613005 -0.989583
v 2.009105 -0.613005 0.739583
v -2.008382 -0.613005 -0.739583
v -1.893008 -0.613005 0.989583
v -1.082850 -0.613005 -1.000000
v -0.726829 -0.613005 -1.000000
v -0.374736 -0.613005 -1.000000
v -0.022643 -0.613005 -1.000000
v 0.329450 -0.613005 -1.000000
v 0.681542 -0.613005 -1.000000
v 1.039230 -0.613005 1.000000
v 0.681542 -0.613005 1.000000
v 0.329449 -0.613005 1.000000
v -0.022643 -0.613005 1.000000
v -0.374736 -0.613005 1.000000
v -0.726829 -0.613005 1.000000
v 1.039230 -0.906931 0.989583
v 0.681542 -0.906931 0.989583
v 0.329449 -0.906931 0.989583
v -0.022643 -0.906931 0.989583
v -0.374736 -0.906931 0.989583
v -0.726829 -0.906931 0.989583
v 1.039230 1.365430 0.250000
v 0.681542 1.365430 0.250000
v 0.329450 1.365430 0.250000
v -0.022643 1.365430 0.250000
v -0.374736 1.365430 0.250000
v -0.726829 1.365430 0.250000
v 1.039230 1.365430 -0.250000
v 0.681542 1.365430 -0.250000
v 0.329450 1.365430 -0.250000
v -0.022643 1.365430 -0.250000
v -0.374736 1.365430 -0.250000
v -0.726829 1.365430 -0.250000
v 1.039230 1.225295 -0.739583
v 0.681542 1.225295 -0.739583
v 0.329450 1.225295 -0.739583
v -0.022643 1.225295 -0.739583
v -0.374736 1.225295 -0.739583
v -0.726829 1.225295 -0.739583
v 1.039230 1.054031 -0.989583
v 0.681542 1.054031 -0.989583
v 0.329450 1.054031 -0.989583
v -0.022643 1.054031 -0.989583
v -0.374736 1.054031 -0.989583
v -0.726829 1.054031 -0.989583
v 1.039230 1.225295 0.739583
v 0.681542 1.225295 0.739583
v 0.329450 1.225295 0.739583
v -0.022643 1.225295 0.739583
v -0.374736 1.225295 0.739583
v -0.726829 1.225295 0.739583
v 1.039230 0.859700 1.000000
v 0.681542 0.859700 1.000000
v 0.329449 0.859700 1.000000
v -0.022643 0.859700 1.000000
v -0.374736 0.859700 1.000000
v -0.726829 0.859700 1.000000
v -1.082850 -0.906931 -0.989583
v -0.726829 -0.906931 -0.989583
v -0.374736 -0.906931 -0.989583
v -0.022643 -0.906931 -0.989583
v 0.329450 -0.906931 -0.989583
v 0.681542 -0.906931 -0.989583
v -1.082850 -1.000000 0.250000
v -0.726829 -1.000000 0.250000
v -0.374736 -1.000000 0.250000
v -0.022643 -1.000000 0.250000
v 0.329449 -1.000000 0.250000
v 0.681542 -1.000000 0.250000
v -1.082850 -1.000000 -0.250000
v -0.726829 -1.000000 -0.250000
v -0.374736 -1.000000 -0.250000
v -0.022643 -1.000000 -0.250000
v 0.329449 -1.000000 -0.250000
v 0.681542 -1.000000 -0.250000
v -1.082850 -0.996501 -0.739583
v -0.726829 -0.996501 -0.739583
v -0.374736 -0.996501 -0.739583
v -0.022643 -0.996501 -0.739583
v 0.329449 -0.996501 -0.739583
v 0.681542 -0.996501 -0.739583
v -1.082850 1.054031 0.989583
v -0.726829 1.054031 0.989583
v -0.374736 1.054031 0.989583
v -0.022643 1.054031 0.989583
v 0.329449 1.054031 0.989583
v 0.681542 1.054031 0.989583
v -1.082850 0.859700 -1.000000
v -0.726829 0.859700 -1.000000
v -0.374736 0.859700 -1.000000
v -0.022643 0.859700 -1.000000
v 0.329450 0.859700 -1.000000
v 0.681542 0.859700 -1.000000
v -1.082850 -0.996501 0.739583
v -0.726829 -0.996501 0.739583
v -0.374736 -0.996501 0.739583
v -0.022643 -0.996501 0.739583
v 0.329449 -0.996501 0.739583
v 0.681542 -0.996501 0.739583
v 0.681542 0.284433 -1.000000
v -0.374736 0.284433 -1.000000
v -0.374736 0.284433 1.000000
v 0.681542 0.284433 1.000000
v -1.522493 0.284433 -1.000000
v 1.516474 0.284433 1.000000
v 1.516474 0.284433 -1.000000
v 1.908689 0.284433 0.989583
v -1.522493 0.284433 1.000000
v -1.893008 0.284433 -0.989583
v -2.012909 0.284433 -0.250000
v -2.012909 0.284433 0.250000
v -2.008382 0.284433 0.739583
v 2.012909 0.284433 0.250000
v 2.012909 0.284433 -0.250000
v 2.009105 0.284433 -0.739583
v 1.908689 0.284433 -0.989583
v 2.009105 0.284433 0.739583
v -2.008382 0.284433 -0.739583
v -1.893008 0.284433 0.989583
v -1.893008 -0.280705 0.989583
v -2.008382 -0.280705 -0.739583
v 2.009105 -0.280705 0.739583
v 1.908689 -0.280705 -0.989583
v 2.009105 -0.280705 -0.739583
v 2.012909 -0.280705 -0.250000
v 2.012909 -0.280705 0.250000
v -2.008382 -0.280705 0.739583
v -2.012909 -0.280705 0.250000
v -2.012909 -0.280705 -0.250000
v -1.893008 -0.280705 -0.989583
v -1.522493 -0.280705 1.000000
v 1.908689 -0.280705 0.989583
v 1.516474 -0.280705 -1.000000
v 1.039230 -0.280705 -1.000000
v 1.516474 -0.280705 1.000000
v -1.522493 -0.280705 -1.000000
v -1.082850 -0.280705 1.000000
v 1.039230 -0.280705 1.000000
v 0.681542 -0.280705 1.000000
v 0.329449 -0.280705 1.000000
v -0.022643 -0.280705 1.000000
v -0.374736 -0.280705 1.000000
v -0.726829 -0.280705 1.000000
v -1.082850 -0.280705 -1.000000
v -0.726829 -0.280705 -1.000000
v -0.374736 -0.280705 -1.000000
v -0.022643 -0.280705 -1.000000
v 0.329450 -0.280705 -1.000000
v 0.681542 -0.280705 -1.000000
v -1.286397 0.656489 1.000000
v -1.295685 0.638261 1.000000
v 1.328990 0.757704 -1.000000
v 1.254441 0.795689 -1.000000
v 1.422217 0.664478 -1.000000
v 1.435575 0.638261 -1.000000
v 0.951080 0.817559 -1.000000
v 0.857589 0.769923 -1.000000
v 1.039230 0.831521 -1.000000
v 1.211518 0.817559 -1.000000
v 1.081299 0.838184 -1.000000
v 1.254441 0.795689 1.000000
v 1.328990 0.757704 1.000000
v 1.435575 0.638261 1.000000
v 1.422217 0.664478 1.000000
v -1.295685 0.638261 -1.000000
v -1.286397 0.656489 -1.000000
v -0.941409 0.838184 1.000000
v -0.902875 0.832081 1.000000
v -1.082850 0.811841 1.000000
v -1.071628 0.817559 1.000000
v -1.189100 0.757704 1.000000
v -1.282327 0.664478 1.000000
v 1.081299 0.838184 1.000000
v 1.211518 0.817559 1.000000
v 1.039230 0.831521 1.000000
v 0.951080 0.817559 1.000000
v 0.857589 0.769923 1.000000
v 0.833608 0.757704 1.000000
v 0.740381 0.664478 1.000000
v 0.727023 0.638261 1.000000
v 0.424221 0.638261 1.000000
v 0.410863 0.664478 1.000000
v 0.329449 0.745891 1.000000
v 0.200164 0.817559 1.000000
v 0.317636 0.757704 1.000000
v 0.153403 0.824966 1.000000
v 0.069945 0.838184 1.000000
v -0.022643 0.823520 1.000000
v -0.060274 0.817559 1.000000
v -0.198690 0.736761 1.000000
v -0.177746 0.757704 1.000000
v -0.270973 0.664478 1.000000
v -0.284331 0.638261 1.000000
v -0.693718 0.757704 1.000000
v -0.726829 0.774575 1.000000
v -0.587133 0.638261 1.000000
v -0.600491 0.664478 1.000000
v -0.811190 0.817559 1.000000
v -1.282327 0.664478 -1.000000
v -1.189100 0.757704 -1.000000
v -1.082850 0.811841 -1.000000
v -1.071628 0.817559 -1.000000
v -0.941409 0.838184 -1.000000
v -0.902875 0.832081 -1.000000
v -0.811190 0.817559 -1.000000
v -0.726829 0.774575 -1.000000
v -0.693718 0.757704 -1.000000
v -0.600491 0.664478 -1.000000
v -0.587133 0.638261 -1.000000
v -0.284331 0.638261 -1.000000
v -0.270973 0.664478 -1.000000
v -0.198690 0.736761 -1.000000
v -0.060274 0.817559 -1.000000
v -0.177746 0.757704 -1.000000
v -0.022643 0.823520 -1.000000
v 0.069945 0.838184 -1.000000
v 0.153403 0.824966 -1.000000
v 0.200164 0.817559 -1.000000
v 0.317636 0.757704 -1.000000
v 0.329450 0.745891 -1.000000
v 0.410863 0.664478 -1.000000
v 0.424221 0.638261 -1.000000
v 0.727023 0.638261 -1.000000
v 0.740381 0.664478 -1.000000
v 0.833608 0.757704 -1.000000
v 0.680526 0.286568 -1.000000
v 0.659902 0.416787 -1.000000
v 0.681542 0.548999 -1.000000
v 0.680526 0.547006 -1.000000
v 0.681542 0.284574 -1.000000
v 0.681614 0.284433 -1.000000
v 0.740381 0.169095 -1.000000
v 0.833608 0.075869 -1.000000
v 0.857589 0.063650 -1.000000
v 0.153403 0.008608 -1.000000
v 0.200164 0.016014 -1.000000
v 0.329450 0.087682 -1.000000
v 0.317636 0.075869 -1.000000
v 0.469630 0.284433 -1.000000
v 0.470718 0.286568 -1.000000
v 0.470718 0.547006 -1.000000
v 0.491343 0.416787 -1.000000
v 0.410863 0.169095 -1.000000
v -0.177746 0.075869 -1.000000
v -0.198690 0.096812 -1.000000
v -0.060274 0.016014 -1.000000
v -0.022643 0.010054 -1.000000
v 0.069945 -0.004611 -1.000000
v -0.550782 0.266654 -1.000000
v -0.541724 0.284433 -1.000000
v -0.520011 0.416787 -1.000000
v -0.540636 0.547006 -1.000000
v -0.550782 0.566919 -1.000000
v -0.540636 0.286568 -1.000000
v -0.351452 0.416787 -1.000000
v -0.330828 0.547006 -1.000000
v -0.330828 0.286568 -1.000000
v -0.329740 0.284433 -1.000000
v -0.270973 0.169095 -1.000000
v -0.902875 0.001492 -1.000000
v -0.726829 0.058998 -1.000000
v -0.811190 0.016014 -1.000000
v -0.693718 0.075869 -1.000000
v -0.600491 0.169095 -1.000000
v -1.282327 0.169095 -1.000000
v -1.286397 0.177084 -1.000000
v -1.189100 0.075869 -1.000000
v -1.082850 0.021732 -1.000000
v -1.071628 0.016014 -1.000000
v -0.941409 -0.004611 -1.000000
v -0.600491 0.169095 1.000000
v -0.550783 0.266654 1.000000
v -0.693718 0.075869 1.000000
v -0.726829 0.058998 1.000000
v -0.550783 0.566919 1.000000
v -0.811190 0.016014 1.000000
v -0.902875 0.001492 1.000000
v -0.329740 0.284433 1.000000
v -0.270973 0.169095 1.000000
v -0.198690 0.096813 1.000000
v -0.351452 0.416787 1.000000
v -0.330828 0.286568 1.000000
v -0.330828 0.547006 1.000000
v -0.541724 0.284433 1.000000
v -0.540636 0.286568 1.000000
v -0.520011 0.416787 1.000000
v -0.540636 0.547006 1.000000
v 0.153403 0.008608 1.000000
v 0.069945 -0.004611 1.000000
v -0.022643 0.010054 1.000000
v -0.060274 0.016014 1.000000
v -0.177746 0.075869 1.000000
v 0.410863 0.169095 1.000000
v 0.469630 0.284433 1.000000
v 0.329449 0.087682 1.000000
v 0.470718 0.547006 1.000000
v 0.491343 0.416787 1.000000
v 0.470718 0.286568 1.000000
v 0.317636 0.075869 1.000000
v 0.200164 0.016014 1.000000
v 0.681614 0.284433 1.000000
v 0.833608 0.075869 1.000000
v 0.857589 0.063650 1.000000
v 0.740381 0.169095 1.000000
v 0.681542 0.284574 1.000000
v 0.681542 0.548999 1.000000
v 0.680526 0.286568 1.000000
v 0.659902 0.416787 1.000000
v 0.680526 0.547006 1.000000
v 1.211518 0.016014 1.000000
v 1.254441 0.037884 1.000000
v 1.039230 0.002052 1.000000
v 1.081299 -0.004611 1.000000
v 0.951080 0.016014 1.000000
v -1.082850 0.021732 1.000000
v -0.941409 -0.004611 1.000000
v -1.071628 0.016014 1.000000
v -1.286397 0.177084 1.000000
v -1.282327 0.169095 1.000000
v -1.189100 0.075869 1.000000
v -1.342182 0.286568 -1.000000
v -1.362806 0.416787 -1.000000
v -1.341094 0.284433 -1.000000
v -1.342182 0.547006 -1.000000
v 1.482072 0.547006 1.000000
v 1.502697 0.416787 1.000000
v 1.482072 0.286568 1.000000
v 1.480984 0.284433 1.000000
v 1.422217 0.169095 1.000000
v 1.328990 0.075869 1.000000
v 0.951080 0.016014 -1.000000
v 1.039230 0.002052 -1.000000
v 1.081299 -0.004611 -1.000000
v 1.211518 0.016014 -1.000000
v 1.254441 0.037884 -1.000000
v 1.328990 0.075869 -1.000000
v 1.480984 0.284433 -1.000000
v 1.422217 0.169095 -1.000000
v 1.482072 0.286568 -1.000000
v 1.502697 0.416787 -1.000000
v 1.482072 0.547006 -1.000000
v -1.341094 0.284433 1.000000
v -1.362806 0.416787 1.000000
v -1.342182 0.547006 1.000000
v -1.342182 0.286568 1.000000
vt 0.619877 0.062500
vt 0.620304 0.031250
vt 0.624466 0.031250
vt 0.624360 0.062500
vt 0.625000 0.000000
vt 0.625000 0.000000
vt 0.625000 0.000000
vt 0.625000 0.031250
vt 0.625000 0.062500
vt 0.579783 0.983160
vt 0.607821 0.983439
vt 0.608122 0.992905
vt 0.580989 0.992835
vt 0.625000 0.986507
vt 0.625000 0.993254
vt 0.625000 1.000000
vt 0.609630 1.000000
vt 0.594260 1.000000
vt 0.579783 0.187500
vt 0.607180 0.187500
vt 0.607287 0.217899
vt 0.579783 0.217729
vt 0.619877 0.187500
vt 0.620304 0.218580
vt 0.625000 0.250000
vt 0.607714 0.242513
vt 0.579783 0.241832
vt 0.359128 0.687500
vt 0.368965 0.687500
vt 0.369026 0.718750
vt 0.359506 0.718750
vt 0.376609 0.687500
vt 0.376475 0.718572
vt 0.375000 0.750000
vt 0.369331 0.750000
vt 0.363662 0.750000
vt 0.579783 0.687500
vt 0.607180 0.687500
vt 0.607180 0.717684
vt 0.579783 0.717684
vt 0.619877 0.687500
vt 0.619877 0.717684
vt 0.619877 0.741473
vt 0.607180 0.741473
vt 0.579783 0.741473
vt 0.579783 0.484128
vt 0.607821 0.484506
vt 0.607821 0.494747
vt 0.579783 0.494830
vt 0.625000 0.488662
vt 0.625000 0.494331
vt 0.625000 0.500000
vt 0.607714 0.507816
vt 0.579783 0.508527
vt 0.858161 0.687500
vt 0.867835 0.687500
vt 0.867905 0.718750
vt 0.858439 0.718750
vt 0.875000 0.687500
vt 0.875000 0.718750
vt 0.875000 0.750000
vt 0.868254 0.750000
vt 0.861508 0.750000
vt 0.619877 0.562500
vt 0.620304 0.531428
vt 0.624663 0.531250
vt 0.624596 0.562500
vt 0.625000 0.500000
vt 0.625000 0.500000
vt 0.626732 0.531250
vt 0.626890 0.562500
vt 0.625000 0.263492
vt 0.625000 0.256746
vt 0.625000 0.257025
vt 0.625000 0.266282
vt 0.625000 0.250000
vt 0.625000 0.250000
vt 0.625000 0.256746
vt 0.625000 0.263492
vt 0.625000 0.761338
vt 0.620304 0.754698
vt 0.624466 0.754781
vt 0.625000 0.761338
vt 0.624399 0.742184
vt 0.625000 0.750000
vt 0.625000 0.755669
vt 0.625000 0.761338
vt 0.624557 0.717862
vt 0.624596 0.687500
vt 0.626890 0.687500
vt 0.626732 0.718572
vt 0.619877 0.656250
vt 0.624596 0.656250
vt 0.619877 0.625000
vt 0.624596 0.625000
vt 0.626890 0.625000
vt 0.626890 0.656250
vt 0.619877 0.593750
vt 0.624596 0.593750
vt 0.626890 0.593750
vt 0.861508 0.500000
vt 0.868254 0.500000
vt 0.867905 0.531250
vt 0.858439 0.531250
vt 0.875000 0.500000
vt 0.875000 0.531250
vt 0.875000 0.562500
vt 0.867835 0.562500
vt 0.858161 0.562500
vt 0.867836 0.593750
vt 0.858160 0.593750
vt 0.875000 0.593750
vt 0.875000 0.625000
vt 0.867835 0.625000
vt 0.858161 0.625000
vt 0.867836 0.656250
vt 0.858160 0.656250
vt 0.875000 0.656250
vt 0.607287 0.532138
vt 0.579783 0.532316
vt 0.607180 0.562500
vt 0.579783 0.562500
vt 0.607180 0.593750
vt 0.579783 0.593750
vt 0.607180 0.625000
vt 0.579783 0.625000
vt 0.607180 0.656250
vt 0.579783 0.656250
vt 0.363662 0.500000
vt 0.369331 0.500000
vt 0.369026 0.531250
vt 0.359506 0.531250
vt 0.375000 0.500000
vt 0.376475 0.531428
vt 0.376609 0.562500
vt 0.368965 0.562500
vt 0.359128 0.562500
vt 0.368965 0.593750
vt 0.359128 0.593750
vt 0.376610 0.593750
vt 0.376610 0.625000
vt 0.368965 0.625000
vt 0.359128 0.625000
vt 0.368965 0.656250
vt 0.359128 0.656250
vt 0.376610 0.656250
vt 0.594260 0.000000
vt 0.609630 0.000000
vt 0.607588 0.031250
vt 0.580989 0.031250
vt 0.607180 0.062500
vt 0.579783 0.062500
vt 0.607180 0.093750
vt 0.579783 0.093750
vt 0.619877 0.093750
vt 0.619877 0.125000
vt 0.607180 0.125000
vt 0.579783 0.125000
vt 0.607180 0.156250
vt 0.579783 0.156250
vt 0.619877 0.156250
vt 0.624466 0.218750
vt 0.624360 0.187500
vt 0.625000 0.187500
vt 0.625000 0.218750
vt 0.619877 0.156250
vt 0.624360 0.156250
vt 0.624360 0.125000
vt 0.625000 0.125000
vt 0.625000 0.156250
vt 0.624360 0.093750
vt 0.625000 0.093750
vt 0.375000 0.125000
vt 0.386196 0.125000
vt 0.386196 0.156250
vt 0.375000 0.156250
vt 0.401587 0.125000
vt 0.401587 0.156250
vt 0.401587 0.187500
vt 0.386196 0.187500
vt 0.375000 0.187500
vt 0.375000 0.062500
vt 0.386196 0.062500
vt 0.386196 0.093750
vt 0.375000 0.093750
vt 0.401587 0.062500
vt 0.401587 0.093750
vt 0.375000 0.000000
vt 0.385497 0.000000
vt 0.386080 0.031250
vt 0.375000 0.031250
vt 0.395995 0.000000
vt 0.401121 0.031250
vt 0.386398 0.625000
vt 0.386398 0.656250
vt 0.401587 0.625000
vt 0.401587 0.656250
vt 0.401587 0.687500
vt 0.386398 0.687500
vt 0.386398 0.562500
vt 0.386398 0.593750
vt 0.401587 0.562500
vt 0.401587 0.593750
vt 0.386230 0.507816
vt 0.386364 0.532138
vt 0.401587 0.508527
vt 0.401587 0.532316
vt 0.375000 0.488662
vt 0.386196 0.484506
vt 0.386196 0.494747
vt 0.375000 0.494331
vt 0.401587 0.484128
vt 0.401587 0.494830
vt 0.386364 0.717862
vt 0.401587 0.717684
vt 0.401587 0.741473
vt 0.386230 0.742184
vt 0.386196 0.217899
vt 0.375000 0.218750
vt 0.401587 0.217729
vt 0.401587 0.241832
vt 0.386196 0.242513
vt 0.375000 0.250000
vt 0.375000 0.986507
vt 0.386196 0.983439
vt 0.386080 0.992905
vt 0.375000 0.993254
vt 0.401587 0.983160
vt 0.401121 0.992835
vt 0.395995 1.000000
vt 0.385497 1.000000
vt 0.375000 1.000000
vt 0.375000 0.952932
vt 0.386196 0.954722
vt 0.386196 0.969575
vt 0.375000 0.969720
vt 0.401587 0.954884
vt 0.401587 0.969546
vt 0.386196 0.256244
vt 0.375000 0.256746
vt 0.401587 0.256144
vt 0.401587 0.266840
vt 0.386196 0.266561
vt 0.375000 0.263492
vt 0.125000 0.625000
vt 0.132165 0.625000
vt 0.132165 0.656250
vt 0.125000 0.656250
vt 0.141840 0.625000
vt 0.141840 0.656250
vt 0.141840 0.687500
vt 0.132165 0.687500
vt 0.125000 0.687500
vt 0.125000 0.562500
vt 0.132165 0.562500
vt 0.132165 0.593750
vt 0.125000 0.593750
vt 0.141840 0.562500
vt 0.141840 0.593750
vt 0.125000 0.500000
vt 0.131746 0.500000
vt 0.132095 0.531250
vt 0.125000 0.531250
vt 0.138492 0.500000
vt 0.141561 0.531250
vt 0.829884 0.625000
vt 0.844546 0.625000
vt 0.844546 0.656250
vt 0.829884 0.656250
vt 0.858161 0.656250
vt 0.844546 0.687500
vt 0.829884 0.687500
vt 0.829884 0.562500
vt 0.844546 0.562500
vt 0.844546 0.593750
vt 0.829884 0.593750
vt 0.827932 0.500000
vt 0.844720 0.500000
vt 0.844575 0.531250
vt 0.829722 0.531250
vt 0.625000 0.992975
vt 0.625000 1.000000
vt 0.625000 0.983718
vt 0.625000 0.986507
vt 0.625000 0.993254
vt 0.625000 1.000000
vt 0.625000 0.297067
vt 0.625000 0.280280
vt 0.625000 0.280396
vt 0.625000 0.295441
vt 0.625000 0.280280
vt 0.625000 0.297067
vt 0.844575 0.718750
vt 0.829722 0.718750
vt 0.844720 0.750000
vt 0.827932 0.750000
vt 0.607821 0.256244
vt 0.579783 0.256144
vt 0.607821 0.266561
vt 0.579783 0.266840
vt 0.132095 0.718750
vt 0.125000 0.718750
vt 0.141561 0.718750
vt 0.138492 0.750000
vt 0.131746 0.750000
vt 0.125000 0.750000
vt 0.582091 0.954871
vt 0.607821 0.954722
vt 0.607821 0.969575
vt 0.579783 0.969546
vt 0.579783 0.955461
vt 0.625000 0.952932
vt 0.625000 0.969720
vt 0.607287 0.755075
vt 0.579783 0.755170
vt 0.607714 0.765494
vt 0.579783 0.765872
vt 0.631472 0.687500
vt 0.631338 0.718750
vt 0.640872 0.687500
vt 0.640494 0.718750
vt 0.636338 0.750000
vt 0.630669 0.750000
vt 0.625000 0.493953
vt 0.625000 0.484884
vt 0.625000 0.488662
vt 0.625000 0.494331
vt 0.630669 0.500000
vt 0.631338 0.531250
vt 0.636338 0.500000
vt 0.640494 0.531250
vt 0.640872 0.562500
vt 0.631472 0.562500
vt 0.631472 0.593750
vt 0.640872 0.593750
vt 0.640872 0.625000
vt 0.631472 0.625000
vt 0.631472 0.656250
vt 0.640872 0.656250
vt 0.386196 0.755253
vt 0.375000 0.755669
vt 0.401587 0.755170
vt 0.401587 0.765872
vt 0.386196 0.765494
vt 0.375000 0.761338
vt 0.375000 0.450120
vt 0.386196 0.452668
vt 0.386196 0.469208
vt 0.375000 0.469391
vt 0.401587 0.452900
vt 0.401587 0.469172
vt 0.327900 0.625000
vt 0.344172 0.625000
vt 0.344172 0.656250
vt 0.327900 0.656250
vt 0.344172 0.687500
vt 0.327900 0.687500
vt 0.327900 0.562500
vt 0.344172 0.562500
vt 0.344172 0.593750
vt 0.327900 0.593750
vt 0.325120 0.500000
vt 0.344391 0.500000
vt 0.344208 0.531250
vt 0.327668 0.531250
vt 0.625000 0.799880
vt 0.625000 0.780609
vt 0.625000 0.780377
vt 0.625000 0.797564
vt 0.625000 0.780609
vt 0.625000 0.799880
vt 0.607821 0.452668
vt 0.607821 0.469208
vt 0.579783 0.469172
vt 0.579783 0.464148
vt 0.583102 0.463310
vt 0.594906 0.457445
vt 0.599716 0.452735
vt 0.625000 0.450120
vt 0.625000 0.469391
vt 0.344208 0.718750
vt 0.327668 0.718750
vt 0.344391 0.750000
vt 0.325120 0.750000
vt 0.303256 0.687500
vt 0.314535 0.687500
vt 0.314477 0.718750
vt 0.303256 0.718750
vt 0.314188 0.750000
vt 0.303256 0.750000
vt 0.607821 0.428256
vt 0.607821 0.439477
vt 0.604253 0.439485
vt 0.602485 0.434037
vt 0.596453 0.428256
vt 0.625000 0.428256
vt 0.625000 0.439188
vt 0.602485 0.450073
vt 0.605096 0.442067
vt 0.625000 0.821744
vt 0.625000 0.810812
vt 0.625000 0.810580
vt 0.625000 0.821744
vt 0.625000 0.810812
vt 0.625000 0.821744
vt 0.303256 0.500000
vt 0.314188 0.500000
vt 0.314477 0.531250
vt 0.303256 0.531250
vt 0.314535 0.562500
vt 0.303256 0.562500
vt 0.314535 0.593750
vt 0.303256 0.593750
vt 0.314535 0.625000
vt 0.303256 0.625000
vt 0.314535 0.656250
vt 0.303256 0.656250
vt 0.375000 0.428256
vt 0.386196 0.428256
vt 0.386196 0.439477
vt 0.375000 0.439188
vt 0.401587 0.428256
vt 0.401587 0.439535
vt 0.607821 0.780792
vt 0.579783 0.780828
vt 0.607821 0.797332
vt 0.579783 0.785852
vt 0.599716 0.797265
vt 0.594906 0.792555
vt 0.583102 0.786690
vt 0.655828 0.687500
vt 0.655792 0.718750
vt 0.672100 0.687500
vt 0.672332 0.718750
vt 0.674880 0.750000
vt 0.655609 0.750000
vt 0.625000 0.469245
vt 0.625000 0.452436
vt 0.625000 0.450120
vt 0.625000 0.469391
vt 0.655609 0.500000
vt 0.655792 0.531250
vt 0.674880 0.500000
vt 0.672332 0.531250
vt 0.672100 0.562500
vt 0.655828 0.562500
vt 0.655828 0.593750
vt 0.672100 0.593750
vt 0.672100 0.625000
vt 0.655828 0.625000
vt 0.655828 0.656250
vt 0.672100 0.656250
vt 0.386196 0.780792
vt 0.375000 0.780609
vt 0.401587 0.780828
vt 0.401587 0.797100
vt 0.386196 0.797332
vt 0.375000 0.799880
vt 0.386196 0.280425
vt 0.375000 0.280280
vt 0.401587 0.280454
vt 0.401587 0.295116
vt 0.386196 0.295278
vt 0.375000 0.297067
vt 0.155454 0.625000
vt 0.155454 0.656250
vt 0.141840 0.656250
vt 0.170116 0.625000
vt 0.170116 0.656250
vt 0.170116 0.687500
vt 0.155454 0.687500
vt 0.155454 0.562500
vt 0.155454 0.593750
vt 0.170116 0.562500
vt 0.170116 0.593750
vt 0.155280 0.500000
vt 0.155425 0.531250
vt 0.172067 0.500000
vt 0.170278 0.531250
vt 0.625000 0.969604
vt 0.625000 0.954559
vt 0.625000 0.952932
vt 0.625000 0.969720
vt 0.607821 0.280425
vt 0.579783 0.280454
vt 0.607821 0.295278
vt 0.582091 0.295129
vt 0.579783 0.294539
vt 0.155425 0.718750
vt 0.170278 0.718750
vt 0.172067 0.750000
vt 0.155280 0.750000
vt 0.607821 0.931068
vt 0.607821 0.942203
vt 0.601761 0.942212
vt 0.602485 0.941516
vt 0.605096 0.933453
vt 0.604324 0.931068
vt 0.625000 0.931068
vt 0.625000 0.942000
vt 0.583102 0.954613
vt 0.594906 0.948786
vt 0.806068 0.687500
vt 0.817244 0.687500
vt 0.817204 0.718750
vt 0.806068 0.718750
vt 0.817000 0.750000
vt 0.806068 0.750000
vt 0.625000 0.318932
vt 0.625000 0.308000
vt 0.625000 0.307837
vt 0.625000 0.318932
vt 0.625000 0.308000
vt 0.625000 0.318932
vt 0.806068 0.500000
vt 0.817000 0.500000
vt 0.817204 0.531250
vt 0.806068 0.531250
vt 0.817244 0.562500
vt 0.806068 0.562500
vt 0.817244 0.593750
vt 0.806068 0.593750
vt 0.817244 0.625000
vt 0.806068 0.625000
vt 0.817244 0.656250
vt 0.806068 0.656250
vt 0.375000 0.931068
vt 0.386196 0.931068
vt 0.386196 0.942204
vt 0.375000 0.942000
vt 0.401587 0.931068
vt 0.401587 0.942244
vt 0.423375 0.931068
vt 0.423374 0.942244
vt 0.445802 0.931068
vt 0.445802 0.942244
vt 0.445802 0.954884
vt 0.423375 0.954884
vt 0.423375 0.266840
vt 0.423374 0.280454
vt 0.445802 0.266840
vt 0.445802 0.280454
vt 0.445802 0.295116
vt 0.423375 0.295116
vt 0.423375 0.765872
vt 0.423374 0.780828
vt 0.445802 0.765872
vt 0.445802 0.780828
vt 0.445802 0.797100
vt 0.423375 0.797100
vt 0.423375 0.428256
vt 0.423374 0.439535
vt 0.445802 0.428256
vt 0.445802 0.439535
vt 0.445802 0.452900
vt 0.423375 0.452900
vt 0.423374 0.469172
vt 0.445802 0.469172
vt 0.445802 0.484128
vt 0.423375 0.484128
vt 0.423375 0.741473
vt 0.423374 0.755170
vt 0.445802 0.741473
vt 0.445802 0.755170
vt 0.423374 0.969546
vt 0.445802 0.969545
vt 0.445802 0.983161
vt 0.423375 0.983160
vt 0.423375 0.241832
vt 0.423374 0.256144
vt 0.445802 0.241832
vt 0.445802 0.256144
vt 0.423375 0.125000
vt 0.423374 0.156250
vt 0.445802 0.125000
vt 0.445802 0.156250
vt 0.445802 0.187500
vt 0.423375 0.187500
vt 0.423375 0.062500
vt 0.423374 0.093750
vt 0.401587 0.093750
vt 0.445802 0.062500
vt 0.445802 0.093750
vt 0.423268 0.000000
vt 0.423357 0.031250
vt 0.450541 0.000000
vt 0.446197 0.031250
vt 0.423375 0.625000
vt 0.423374 0.656250
vt 0.445802 0.625000
vt 0.445802 0.656250
vt 0.445802 0.687500
vt 0.423375 0.687500
vt 0.423375 0.562500
vt 0.423374 0.593750
vt 0.445802 0.562500
vt 0.445802 0.593750
vt 0.423375 0.508527
vt 0.423374 0.532316
vt 0.445802 0.508527
vt 0.445802 0.532316
vt 0.423374 0.494830
vt 0.445802 0.494830
vt 0.423374 0.717684
vt 0.445802 0.717684
vt 0.423374 0.217729
vt 0.445802 0.217729
vt 0.423357 0.992835
vt 0.446197 0.992835
vt 0.450541 1.000000
vt 0.423268 1.000000
vt 0.423374 0.307756
vt 0.401587 0.307756
vt 0.445802 0.307756
vt 0.445802 0.318932
vt 0.423375 0.318932
vt 0.401587 0.318932
vt 0.423375 0.329865
vt 0.401587 0.329865
vt 0.445802 0.329865
vt 0.445802 0.340797
vt 0.423375 0.340797
vt 0.401587 0.340797
vt 0.423375 0.351729
vt 0.401587 0.351729
vt 0.445802 0.351729
vt 0.445802 0.362662
vt 0.423375 0.362662
vt 0.401587 0.362662
vt 0.423375 0.373594
vt 0.401587 0.373594
vt 0.445802 0.373594
vt 0.445802 0.384526
vt 0.423375 0.384526
vt 0.401587 0.384526
vt 0.423374 0.395459
vt 0.401587 0.395459
vt 0.445802 0.395459
vt 0.445802 0.406391
vt 0.423375 0.406391
vt 0.401587 0.406391
vt 0.423374 0.417323
vt 0.401587 0.417323
vt 0.445802 0.417323
vt 0.423374 0.810465
vt 0.401587 0.810465
vt 0.445802 0.810465
vt 0.445802 0.821744
vt 0.423375 0.821744
vt 0.401587 0.821744
vt 0.423375 0.832677
vt 0.401587 0.832677
vt 0.445802 0.832677
vt 0.445802 0.843609
vt 0.423375 0.843609
vt 0.401587 0.843609
vt 0.423375 0.854541
vt 0.401587 0.854542
vt 0.445802 0.854542
vt 0.445802 0.865474
vt 0.423375 0.865474
vt 0.401587 0.865474
vt 0.423375 0.876406
vt 0.401587 0.876406
vt 0.445802 0.876406
vt 0.445802 0.887338
vt 0.423375 0.887338
vt 0.401587 0.887338
vt 0.423374 0.898271
vt 0.401587 0.898271
vt 0.445802 0.898271
vt 0.445802 0.909203
vt 0.423375 0.909203
vt 0.401587 0.909203
vt 0.423374 0.920135
vt 0.401587 0.920135
vt 0.445802 0.920135
vt 0.386196 0.810523
vt 0.375000 0.810812
vt 0.386196 0.821745
vt 0.375000 0.821744
vt 0.386196 0.832677
vt 0.375000 0.832677
vt 0.386196 0.843609
vt 0.375000 0.843609
vt 0.386196 0.854541
vt 0.375000 0.854542
vt 0.386196 0.865474
vt 0.375000 0.865474
vt 0.386196 0.876406
vt 0.375000 0.876406
vt 0.386196 0.887339
vt 0.375000 0.887338
vt 0.386196 0.898271
vt 0.375000 0.898271
vt 0.386196 0.909203
vt 0.375000 0.909203
vt 0.386196 0.920135
vt 0.375000 0.920136
vt 0.685465 0.625000
vt 0.685465 0.656250
vt 0.696745 0.625000
vt 0.696745 0.656250
vt 0.696745 0.687500
vt 0.685465 0.687500
vt 0.707677 0.625000
vt 0.707677 0.656250
vt 0.718609 0.625000
vt 0.718609 0.656250
vt 0.718609 0.687500
vt 0.707677 0.687500
vt 0.729541 0.625000
vt 0.729541 0.656250
vt 0.740474 0.625000
vt 0.740474 0.656250
vt 0.740474 0.687500
vt 0.729541 0.687500
vt 0.751406 0.625000
vt 0.751406 0.656250
vt 0.762339 0.625000
vt 0.762339 0.656250
vt 0.762339 0.687500
vt 0.751406 0.687500
vt 0.773271 0.625000
vt 0.773271 0.656250
vt 0.784203 0.625000
vt 0.784203 0.656250
vt 0.784203 0.687500
vt 0.773271 0.687500
vt 0.795136 0.625000
vt 0.795136 0.656250
vt 0.795136 0.687500
vt 0.685465 0.562500
vt 0.685465 0.593750
vt 0.696745 0.562500
vt 0.696745 0.593750
vt 0.707677 0.562500
vt 0.707677 0.593750
vt 0.718609 0.562500
vt 0.718609 0.593750
vt 0.729541 0.562500
vt 0.729541 0.593750
vt 0.740474 0.562500
vt 0.740474 0.593750
vt 0.751406 0.562500
vt 0.751406 0.593750
vt 0.762339 0.562500
vt 0.762339 0.593750
vt 0.773271 0.562500
vt 0.773271 0.593750
vt 0.784203 0.562500
vt 0.784203 0.593750
vt 0.795136 0.562500
vt 0.795136 0.593750
vt 0.685812 0.500000
vt 0.685523 0.531250
vt 0.696744 0.500000
vt 0.696745 0.531250
vt 0.707677 0.500000
vt 0.707677 0.531250
vt 0.718609 0.500000
vt 0.718609 0.531250
vt 0.729542 0.500000
vt 0.729541 0.531250
vt 0.740474 0.500000
vt 0.740474 0.531250
vt 0.751406 0.500000
vt 0.751406 0.531250
vt 0.762339 0.500000
vt 0.762339 0.531250
vt 0.773271 0.500000
vt 0.773271 0.531250
vt 0.784203 0.500000
vt 0.784203 0.531250
vt 0.795136 0.500000
vt 0.795135 0.531250
vt 0.625000 0.439420
vt 0.625000 0.428256
vt 0.625000 0.428256
vt 0.625000 0.439188
vt 0.625000 0.417323
vt 0.625000 0.417323
vt 0.625000 0.406391
vt 0.625000 0.406391
vt 0.625000 0.406391
vt 0.625000 0.417323
vt 0.625000 0.395459
vt 0.625000 0.395459
vt 0.625000 0.384526
vt 0.625000 0.384526
vt 0.625000 0.384526
vt 0.625000 0.395459
vt 0.620304 0.373594
vt 0.624466 0.373594
vt 0.619877 0.362662
vt 0.624360 0.362662
vt 0.625000 0.362662
vt 0.625000 0.373594
vt 0.619877 0.351729
vt 0.624360 0.351729
vt 0.619877 0.340797
vt 0.624360 0.340797
vt 0.625000 0.340797
vt 0.625000 0.351729
vt 0.620304 0.329865
vt 0.624466 0.329865
vt 0.625000 0.329865
vt 0.685523 0.718750
vt 0.696745 0.718750
vt 0.696744 0.750000
vt 0.685812 0.750000
vt 0.707677 0.718750
vt 0.718609 0.718750
vt 0.718609 0.750000
vt 0.707677 0.750000
vt 0.729542 0.718750
vt 0.740474 0.718750
vt 0.740474 0.750000
vt 0.729541 0.750000
vt 0.751406 0.718750
vt 0.762339 0.718750
vt 0.762338 0.750000
vt 0.751406 0.750000
vt 0.773271 0.718750
vt 0.784203 0.718750
vt 0.784203 0.750000
vt 0.773271 0.750000
vt 0.795135 0.718750
vt 0.795135 0.750000
vt 0.607821 0.810523
vt 0.604253 0.810515
vt 0.605096 0.807933
vt 0.602485 0.799927
vt 0.607821 0.821744
vt 0.596453 0.821745
vt 0.602485 0.815963
vt 0.607821 0.832677
vt 0.579783 0.832677
vt 0.579783 0.829852
vt 0.583102 0.829023
vt 0.594906 0.823234
vt 0.625000 0.832677
vt 0.625000 0.843609
vt 0.607821 0.843609
vt 0.579783 0.843609
vt 0.579783 0.848656
vt 0.607821 0.854541
vt 0.593410 0.854541
vt 0.583102 0.849486
vt 0.625000 0.854542
vt 0.625000 0.865474
vt 0.607821 0.865474
vt 0.603423 0.865474
vt 0.602485 0.862570
vt 0.594906 0.855275
vt 0.607821 0.876406
vt 0.603239 0.876406
vt 0.605096 0.870657
vt 0.625000 0.876406
vt 0.625000 0.887339
vt 0.607821 0.887339
vt 0.592254 0.887339
vt 0.594906 0.886038
vt 0.602485 0.878743
vt 0.607821 0.898271
vt 0.579783 0.898271
vt 0.579783 0.892657
vt 0.583102 0.891827
vt 0.625000 0.898271
vt 0.625000 0.909203
vt 0.607821 0.909203
vt 0.579783 0.909203
vt 0.579783 0.911461
vt 0.607821 0.920136
vt 0.597042 0.920135
vt 0.594906 0.918079
vt 0.583102 0.912290
vt 0.625000 0.920136
vt 0.602485 0.925374
vt 0.386196 0.307797
vt 0.375000 0.308000
vt 0.386196 0.318932
vt 0.375000 0.318932
vt 0.386196 0.329865
vt 0.375000 0.329865
vt 0.386196 0.340797
vt 0.375000 0.340797
vt 0.386196 0.351729
vt 0.375000 0.351729
vt 0.386196 0.362662
vt 0.375000 0.362661
vt 0.386196 0.373594
vt 0.375000 0.373594
vt 0.386196 0.384526
vt 0.375000 0.384526
vt 0.386196 0.395459
vt 0.375000 0.395459
vt 0.386196 0.406391
vt 0.375000 0.406391
vt 0.386196 0.417323
vt 0.375000 0.417323
vt 0.182756 0.625000
vt 0.182756 0.656250
vt 0.193932 0.625000
vt 0.193932 0.656250
vt 0.193932 0.687500
vt 0.182756 0.687500
vt 0.204865 0.625000
vt 0.204865 0.656250
vt 0.215797 0.625000
vt 0.215797 0.656250
vt 0.215797 0.687500
vt 0.204865 0.687500
vt 0.226729 0.625000
vt 0.226729 0.656250
vt 0.237662 0.625000
vt 0.237662 0.656250
vt 0.237662 0.687500
vt 0.226729 0.687500
vt 0.248594 0.625000
vt 0.248594 0.656250
vt 0.259526 0.625000
vt 0.259526 0.656250
vt 0.259526 0.687500
vt 0.248594 0.687500
vt 0.270459 0.625000
vt 0.270459 0.656250
vt 0.281391 0.625000
vt 0.281391 0.656250
vt 0.281391 0.687500
vt 0.270459 0.687500
vt 0.292323 0.625000
vt 0.292323 0.656250
vt 0.292323 0.687500
vt 0.182756 0.562500
vt 0.182756 0.593750
vt 0.193932 0.562500
vt 0.193932 0.593750
vt 0.204865 0.562500
vt 0.204865 0.593750
vt 0.215797 0.562500
vt 0.215797 0.593750
vt 0.226729 0.562500
vt 0.226729 0.593750
vt 0.237662 0.562500
vt 0.237662 0.593750
vt 0.248594 0.562500
vt 0.248594 0.593750
vt 0.259526 0.562500
vt 0.259526 0.593750
vt 0.270459 0.562500
vt 0.270459 0.593750
vt 0.281391 0.562500
vt 0.281391 0.593750
vt 0.292323 0.562500
vt 0.292323 0.593750
vt 0.183000 0.500000
vt 0.182797 0.531250
vt 0.193932 0.500000
vt 0.193932 0.531250
vt 0.204865 0.500000
vt 0.204865 0.531250
vt 0.215797 0.500000
vt 0.215797 0.531250
vt 0.226729 0.500000
vt 0.226729 0.531250
vt 0.237662 0.500000
vt 0.237662 0.531250
vt 0.248594 0.500000
vt 0.248594 0.531250
vt 0.259526 0.500000
vt 0.259526 0.531250
vt 0.270459 0.500000
vt 0.270459 0.531250
vt 0.281391 0.500000
vt 0.281391 0.531250
vt 0.292323 0.500000
vt 0.292323 0.531250
vt 0.625000 0.942163
vt 0.625000 0.931068
vt 0.625000 0.931068
vt 0.625000 0.942000
vt 0.625000 0.920135
vt 0.625000 0.909203
vt 0.625000 0.909203
vt 0.625000 0.920135
vt 0.625000 0.898271
vt 0.625000 0.887338
vt 0.625000 0.887338
vt 0.625000 0.898271
vt 0.625000 0.876406
vt 0.625000 0.865474
vt 0.625000 0.865474
vt 0.625000 0.876406
vt 0.625000 0.854541
vt 0.625000 0.843609
vt 0.625000 0.843609
vt 0.625000 0.854541
vt 0.625000 0.832677
vt 0.625000 0.832677
vt 0.583102 0.295387
vt 0.607821 0.307797
vt 0.601761 0.307788
vt 0.594906 0.301214
vt 0.607714 0.318932
vt 0.604230 0.318932
vt 0.605019 0.316547
vt 0.602480 0.308484
vt 0.607287 0.329865
vt 0.596714 0.329865
vt 0.602218 0.324626
vt 0.607180 0.340797
vt 0.579783 0.340797
vt 0.579783 0.338539
vt 0.583031 0.337710
vt 0.594608 0.331921
vt 0.607180 0.351729
vt 0.579783 0.351729
vt 0.607180 0.362662
vt 0.591969 0.362662
vt 0.583026 0.358173
vt 0.579783 0.357343
vt 0.607287 0.373594
vt 0.602793 0.373594
vt 0.602035 0.371257
vt 0.594567 0.363962
vt 0.607714 0.384526
vt 0.603333 0.384526
vt 0.604818 0.379344
vt 0.607821 0.395459
vt 0.593410 0.395459
vt 0.594902 0.394725
vt 0.602421 0.387430
vt 0.607821 0.406391
vt 0.579783 0.406391
vt 0.579783 0.401344
vt 0.583102 0.400514
vt 0.607821 0.417323
vt 0.579783 0.417323
vt 0.594906 0.426766
vt 0.583102 0.420977
vt 0.579783 0.420148
vt 0.182797 0.718750
vt 0.193932 0.718750
vt 0.193932 0.750000
vt 0.183000 0.750000
vt 0.204864 0.718750
vt 0.215797 0.718750
vt 0.215797 0.750000
vt 0.204865 0.750000
vt 0.226729 0.718750
vt 0.237662 0.718750
vt 0.237662 0.750000
vt 0.226729 0.750000
vt 0.248594 0.718750
vt 0.259526 0.718750
vt 0.259526 0.750000
vt 0.248594 0.750000
vt 0.270459 0.718750
vt 0.281391 0.718750
vt 0.281391 0.750000
vt 0.270459 0.750000
vt 0.292323 0.718750
vt 0.292323 0.750000
vt 0.491904 0.406391
vt 0.535554 0.406391
vt 0.535554 0.417323
vt 0.491904 0.417323
vt 0.568625 0.417323
vt 0.568376 0.417260
vt 0.552098 0.415979
vt 0.535821 0.417260
vt 0.535572 0.417323
vt 0.535554 0.417328
vt 0.491904 0.428255
vt 0.521137 0.420977
vt 0.509484 0.426766
vt 0.507956 0.428256
vt 0.491904 0.395459
vt 0.491904 0.384526
vt 0.501076 0.384526
vt 0.502002 0.387430
vt 0.509484 0.394725
vt 0.510960 0.395459
vt 0.535554 0.404164
vt 0.535821 0.404231
vt 0.552098 0.405512
vt 0.568376 0.404231
vt 0.521137 0.400514
vt 0.491904 0.373594
vt 0.491904 0.362662
vt 0.512102 0.362662
vt 0.509484 0.363962
vt 0.502002 0.371257
vt 0.501257 0.373594
vt 0.499424 0.379344
vt 0.535554 0.351729
vt 0.491904 0.351729
vt 0.491904 0.340797
vt 0.533332 0.340797
vt 0.535554 0.341359
vt 0.535821 0.341427
vt 0.552098 0.342708
vt 0.568376 0.341427
vt 0.570865 0.340797
vt 0.535821 0.354456
vt 0.535554 0.354523
vt 0.568376 0.354456
vt 0.552098 0.353175
vt 0.521137 0.358173
vt 0.491904 0.329865
vt 0.491904 0.318932
vt 0.500187 0.318932
vt 0.502002 0.324626
vt 0.507375 0.329865
vt 0.509484 0.331921
vt 0.521137 0.337710
vt 0.491904 0.307756
vt 0.491904 0.295116
vt 0.522136 0.295116
vt 0.521137 0.295369
vt 0.509484 0.301158
vt 0.502717 0.307756
vt 0.502002 0.308453
vt 0.499424 0.316539
vt 0.507375 0.920135
vt 0.491904 0.920135
vt 0.491904 0.909203
vt 0.533332 0.909203
vt 0.521137 0.912290
vt 0.509484 0.918079
vt 0.570865 0.909203
vt 0.500187 0.931068
vt 0.491904 0.931068
vt 0.502002 0.925374
vt 0.535554 0.895477
vt 0.535554 0.898271
vt 0.491904 0.898271
vt 0.491904 0.887338
vt 0.512102 0.887339
vt 0.521137 0.891827
vt 0.535821 0.895544
vt 0.552098 0.896825
vt 0.568376 0.895544
vt 0.535821 0.908573
vt 0.535554 0.908641
vt 0.568376 0.908573
vt 0.552098 0.907292
vt 0.501257 0.876406
vt 0.491904 0.876406
vt 0.491904 0.865474
vt 0.501076 0.865474
vt 0.499424 0.870657
vt 0.502002 0.878743
vt 0.509484 0.886038
vt 0.510960 0.854541
vt 0.491904 0.854542
vt 0.491904 0.843609
vt 0.535554 0.843609
vt 0.535554 0.845836
vt 0.521137 0.849486
vt 0.568376 0.845769
vt 0.552098 0.844488
vt 0.535821 0.845769
vt 0.509484 0.855275
vt 0.502002 0.862570
vt 0.535554 0.832672
vt 0.535554 0.832677
vt 0.491904 0.832677
vt 0.491904 0.821744
vt 0.507956 0.821744
vt 0.509484 0.823234
vt 0.521137 0.829023
vt 0.568625 0.832677
vt 0.535572 0.832677
vt 0.535821 0.832740
vt 0.552098 0.834021
vt 0.568376 0.832740
vt 0.491904 0.810465
vt 0.491904 0.797100
vt 0.504736 0.797100
vt 0.502002 0.799766
vt 0.499424 0.807852
vt 0.500257 0.810465
vt 0.502002 0.815939
vt 0.491904 0.942244
vt 0.499424 0.933461
vt 0.502002 0.941547
vt 0.502717 0.942244
vt 0.522136 0.954884
vt 0.491904 0.954884
vt 0.509484 0.948842
vt 0.521137 0.954631
vt 0.491904 0.266840
vt 0.535554 0.266840
vt 0.535554 0.280454
vt 0.491904 0.280454
vt 0.535821 0.291652
vt 0.535554 0.291719
vt 0.568376 0.291652
vt 0.552098 0.290371
vt 0.491904 0.765872
vt 0.535554 0.765872
vt 0.535554 0.780828
vt 0.491904 0.780828
vt 0.568376 0.782964
vt 0.552098 0.781684
vt 0.535821 0.782965
vt 0.535554 0.783032
vt 0.521137 0.786682
vt 0.509484 0.792471
vt 0.500257 0.439535
vt 0.491904 0.439535
vt 0.502002 0.434061
vt 0.491904 0.452900
vt 0.499424 0.442148
vt 0.502002 0.450234
vt 0.504736 0.452900
vt 0.535554 0.466968
vt 0.535554 0.469172
vt 0.491904 0.469172
vt 0.509484 0.457529
vt 0.521137 0.463319
vt 0.535821 0.467036
vt 0.552098 0.468316
vt 0.568376 0.467036
vt 0.535554 0.484128
vt 0.491904 0.484128
vt 0.491904 0.741473
vt 0.535554 0.741473
vt 0.535554 0.755170
vt 0.491904 0.755170
vt 0.535554 0.958281
vt 0.535554 0.969546
vt 0.491904 0.969546
vt 0.535821 0.958348
vt 0.552098 0.959629
vt 0.568376 0.958348
vt 0.535554 0.983160
vt 0.491904 0.983160
vt 0.491904 0.241832
vt 0.535554 0.241832
vt 0.535554 0.256144
vt 0.491904 0.256144
vt 0.491904 0.125000
vt 0.535554 0.125000
vt 0.535554 0.156250
vt 0.491904 0.156250
vt 0.535554 0.187500
vt 0.491904 0.187500
vt 0.491904 0.062500
vt 0.535554 0.062500
vt 0.535554 0.093750
vt 0.491904 0.093750
vt 0.476655 0.000000
vt 0.535458 0.000000
vt 0.535538 0.031250
vt 0.490633 0.031250
vt 0.491904 0.625000
vt 0.535554 0.625000
vt 0.535554 0.656250
vt 0.491904 0.656250
vt 0.535554 0.687500
vt 0.491904 0.687500
vt 0.491904 0.562500
vt 0.535554 0.562500
vt 0.535554 0.593750
vt 0.491904 0.593750
vt 0.491904 0.508527
vt 0.535554 0.508527
vt 0.535554 0.532316
vt 0.491904 0.532316
vt 0.535554 0.494830
vt 0.491904 0.494830
vt 0.535554 0.717684
vt 0.491904 0.717684
vt 0.535554 0.217729
vt 0.491904 0.217729
vt 0.535538 0.992835
vt 0.490633 0.992835
vt 0.535458 1.000000
vt 0.476655 1.000000
vt 0.464912 0.983160
vt 0.464693 0.992835
vt 0.463598 1.000000
vt 0.464912 0.187500
vt 0.464912 0.217729
vt 0.464912 0.241832
vt 0.464912 0.687500
vt 0.464912 0.717684
vt 0.464912 0.741473
vt 0.464912 0.484128
vt 0.464912 0.494830
vt 0.464912 0.508527
vt 0.464912 0.532316
vt 0.464912 0.562500
vt 0.464912 0.593750
vt 0.464912 0.625000
vt 0.464912 0.656250
vt 0.463598 0.000000
vt 0.464693 0.031250
vt 0.464912 0.062500
vt 0.464912 0.093750
vt 0.464912 0.125000
vt 0.464912 0.156250
vt 0.464912 0.256144
vt 0.464912 0.266840
vt 0.464912 0.954884
vt 0.464912 0.969546
vt 0.464912 0.755170
vt 0.464912 0.765872
vt 0.464912 0.452900
vt 0.464912 0.469172
vt 0.464912 0.428256
vt 0.464912 0.439535
vt 0.464912 0.780828
vt 0.464912 0.797100
vt 0.464912 0.280454
vt 0.464912 0.295116
vt 0.464912 0.931068
vt 0.464912 0.942244
vt 0.464912 0.810465
vt 0.464912 0.821744
vt 0.464912 0.832677
vt 0.464912 0.843609
vt 0.464912 0.854541
vt 0.464912 0.865474
vt 0.464912 0.876406
vt 0.464912 0.887338
vt 0.464912 0.898271
vt 0.464912 0.909203
vt 0.464912 0.920135
vt 0.464912 0.307756
vt 0.464912 0.318932
vt 0.464912 0.329865
vt 0.464912 0.340797
vt 0.464912 0.351729
vt 0.464912 0.362662
vt 0.464912 0.373594
vt 0.464912 0.384526
vt 0.464912 0.395459
vt 0.464912 0.406391
vt 0.464912 0.417323
vt 1.000000 0.951332
vt 0.950000 0.951332
vt 0.950000 1.000000
vt 1.000000 1.000000
vt 0.900000 0.951332
vt 0.900000 1.000000
vt 0.850000 0.951332
vt 0.850000 1.000000
vt 0.800000 0.951332
vt 0.800000 1.000000
vt 0.750000 0.951332
vt 0.750000 1.000000
vt 0.700000 0.951331
vt 0.700000 1.000000
vt 0.650000 0.951332
vt 0.650000 1.000000
vt 0.600000 0.951332
vt 0.600000 1.000000
vt 0.550000 0.951331
vt 0.550000 1.000000
vt 0.500000 0.951332
vt 0.500000 1.000000
vt 0.450000 0.951332
vt 0.450000 1.000000
vt 0.400000 0.951332
vt 0.400000 1.000000
vt 0.350000 0.951332
vt 0.350000 1.000000
vt 0.300000 0.951331
vt 0.300000 1.000000
vt 0.250000 0.951331
vt 0.250000 1.000000
vt 0.200000 0.951331
vt 0.200000 1.000000
vt 0.150000 0.951332
vt 0.150000 1.000000
vt 0.100000 0.951332
vt 0.100000 1.000000
vt 0.250000 0.490000
vt 0.324164 0.478254
vt 0.391068 0.444164
vt 0.444164 0.108932
vt 0.478254 0.175836
vt 0.490000 0.250000
vt 0.478254 0.175836
vt 0.444164 0.108932
vt 0.391068 0.444164
vt 0.324164 0.478254
vt 0.250000 0.490000
vt 0.175836 0.478254
vt 0.108932 0.444164
vt 0.055836 0.391068
vt 0.021746 0.324164
vt 0.010000 0.250000
vt 0.021746 0.324164
vt 0.055836 0.391068
vt 0.108932 0.444164
vt 0.175836 0.478254
vt 0.050000 0.951331
vt 0.050000 1.000000
vt -0.000000 0.951331
vt -0.000000 1.000000
vt 0.050000 0.895164
vt -0.000000 0.895164
vt 0.100000 0.895164
vt 0.054776 0.895164
vt 0.150000 0.895164
vt 0.200000 0.895164
vt 0.161159 0.895164
vt 0.153400 0.895164
vt 0.250000 0.895164
vt 0.300000 0.895164
vt 0.350000 0.895164
vt 0.346600 0.895164
vt 0.300908 0.895164
vt 0.400000 0.895164
vt 0.450000 0.895164
vt 0.445223 0.895164
vt 0.500000 0.895164
vt 0.550000 0.895164
vt 0.514796 0.895164
vt 0.600000 0.895164
vt 0.585907 0.895164
vt 0.650000 0.895164
vt 0.700000 0.895164
vt 0.699091 0.895164
vt 0.691524 0.895164
vt 0.750000 0.895164
vt 0.800000 0.895164
vt 0.850000 0.895164
vt 0.838841 0.895164
vt 0.808476 0.895164
vt 0.900000 0.895164
vt 0.950000 0.895164
vt 0.914093 0.895164
vt 1.000000 0.895164
vt 0.985204 0.895164
vt 0.824164 0.478254
vt 0.891068 0.444164
vt 0.944164 0.391068
vt 0.978254 0.324164
vt 0.990000 0.250000
vt 0.978254 0.324164
vt 0.944164 0.391068
vt 0.891068 0.444164
vt 0.824164 0.478254
vt 0.750000 0.490000
vt 0.675836 0.478254
vt 0.608932 0.055836
vt 0.555836 0.108932
vt 0.521746 0.175836
vt 0.510000 0.250000
vt 0.521746 0.175836
vt 0.555836 0.108932
vt 0.608932 0.055836
vt 0.675836 0.478254
vt 0.750000 0.490000
vt 0.050000 0.581692
vt 0.050000 0.551275
vt -0.000000 0.551275
vt -0.000000 0.581692
vt 0.100000 0.581692
vt 0.100000 0.551275
vt 0.054777 0.581692
vt 0.150000 0.581692
vt 0.150000 0.551275
vt 0.200000 0.581692
vt 0.200000 0.551275
vt 0.153400 0.581692
vt 0.161159 0.581692
vt 0.250000 0.581692
vt 0.250000 0.551275
vt 0.300000 0.581692
vt 0.300000 0.551275
vt 0.346600 0.581692
vt 0.350000 0.581692
vt 0.350000 0.551275
vt 0.300908 0.581692
vt 0.400000 0.581692
vt 0.400000 0.551275
vt 0.450000 0.581692
vt 0.450000 0.551275
vt 0.445223 0.581692
vt 0.500000 0.581692
vt 0.500000 0.551275
vt 0.550000 0.581692
vt 0.550000 0.551275
vt 0.514796 0.581692
vt 0.600000 0.581692
vt 0.600000 0.551275
vt 0.585907 0.581692
vt 0.650000 0.581692
vt 0.650000 0.551275
vt 0.700000 0.581692
vt 0.700000 0.551275
vt 0.691524 0.581692
vt 0.699091 0.581692
vt 0.750000 0.581692
vt 0.750000 0.551275
vt 0.800000 0.581692
vt 0.800000 0.551275
vt 0.850000 0.581692
vt 0.850000 0.551275
vt 0.808476 0.581692
vt 0.838841 0.581692
vt 0.900000 0.581692
vt 0.900000 0.551275
vt 0.950000 0.581692
vt 0.950000 0.551275
vt 0.914093 0.581692
vt 1.000000 0.581692
vt 1.000000 0.551275
vt 0.985204 0.581692
vt 1.000000 0.500000
vt 0.950000 0.500000
vt 0.900000 0.500000
vt 0.850000 0.500000
vt 0.800000 0.500000
vt 0.750000 0.500000
vt 0.700000 0.500000
vt 0.650000 0.500000
vt 0.600000 0.500000
vt 0.550000 0.500000
vt 0.500000 0.500000
vt 0.450000 0.500000
vt 0.400000 0.500000
vt 0.350000 0.500000
vt 0.300000 0.500000
vt 0.250000 0.500000
vt 0.200000 0.500000
vt 0.150000 0.500000
vt 0.100000 0.500000
vt 0.050000 0.500000
vt -0.000000 0.500000
vt 1.000000 0.951332
vt 0.950000 0.951332
vt 0.950000 1.000000
vt 1.000000 1.000000
vt 0.900000 0.951332
vt 0.900000 1.000000
vt 0.850000 0.951332
vt 0.850000 1.000000
vt 0.800000 0.951332
vt 0.800000 1.000000
vt 0.750000 0.951332
vt 0.750000 1.000000
vt 0.700000 0.951331
vt 0.700000 1.000000
vt 0.650000 0.951332
vt 0.650000 1.000000
vt 0.600000 0.951332
vt 0.600000 1.000000
vt 0.550000 0.951331
vt 0.550000 1.000000
vt 0.500000 0.951332
vt 0.500000 1.000000
vt 0.450000 0.951332
vt 0.450000 1.000000
vt 0.400000 0.951332
vt 0.400000 1.000000
vt 0.350000 0.951332
vt 0.350000 1.000000
vt 0.300000 0.951331
vt 0.300000 1.000000
vt 0.250000 0.951331
vt 0.250000 1.000000
vt 0.200000 0.951331
vt 0.200000 1.000000
vt 0.150000 0.951332
vt 0.150000 1.000000
vt 0.100000 0.951332
vt 0.100000 1.000000
vt 0.250000 0.490000
vt 0.324164 0.478254
vt 0.391068 0.444164
vt 0.444164 0.108932
vt 0.478254 0.175836
vt 0.490000 0.250000
vt 0.478254 0.175836
vt 0.444164 0.108932
vt 0.391068 0.444164
vt 0.324164 0.478254
vt 0.250000 0.490000
vt 0.175836 0.478254
vt 0.108932 0.444164
vt 0.055836 0.391068
vt 0.021746 0.324164
vt 0.010000 0.250000
vt 0.021746 0.324164
vt 0.055836 0.391068
vt 0.108932 0.444164
vt 0.175836 0.478254
vt 0.050000 0.951331
vt 0.050000 1.000000
vt -0.000000 0.951331
vt -0.000000 1.000000
vt 0.050000 0.895164
vt 0.035551 0.895164
vt -0.000000 0.895164
vt 0.100000 0.895164
vt 0.150000 0.895164
vt 0.111232 0.895164
vt 0.200000 0.895164
vt 0.161159 0.895164
vt 0.250000 0.895164
vt 0.300000 0.895164
vt 0.350000 0.895164
vt 0.300908 0.895164
vt 0.400000 0.895164
vt 0.388767 0.895164
vt 0.450000 0.895164
vt 0.500000 0.895164
vt 0.464449 0.895164
vt 0.550000 0.895164
vt 0.532045 0.895164
vt 0.600000 0.895164
vt 0.650000 0.895164
vt 0.606336 0.895164
vt 0.700000 0.895164
vt 0.699091 0.895164
vt 0.750000 0.895164
vt 0.800000 0.895164
vt 0.850000 0.895164
vt 0.838841 0.895164
vt 0.900000 0.895164
vt 0.893664 0.895164
vt 0.950000 0.895164
vt 1.000000 0.895164
vt 0.967955 0.895164
vt 0.824164 0.478254
vt 0.891068 0.444164
vt 0.944164 0.391068
vt 0.978254 0.324164
vt 0.990000 0.250000
vt 0.978254 0.324164
vt 0.944164 0.391068
vt 0.891068 0.444164
vt 0.824164 0.478254
vt 0.750000 0.490000
vt 0.675836 0.478254
vt 0.608932 0.055836
vt 0.555836 0.108932
vt 0.521746 0.175836
vt 0.510000 0.250000
vt 0.521746 0.175836
vt 0.555836 0.108932
vt 0.608932 0.055836
vt 0.675836 0.478254
vt 0.750000 0.490000
vt 0.050000 0.581692
vt 0.050000 0.551275
vt -0.000000 0.551275
vt -0.000000 0.581692
vt 0.035551 0.581692
vt 0.100000 0.581692
vt 0.100000 0.551275
vt 0.150000 0.581692
vt 0.150000 0.551275
vt 0.111233 0.581692
vt 0.200000 0.551275
vt 0.161159 0.581692
vt 0.200000 0.581692
vt 0.250000 0.581692
vt 0.250000 0.551275
vt 0.300000 0.581692
vt 0.300000 0.551275
vt 0.350000 0.581692
vt 0.350000 0.551275
vt 0.300908 0.581692
vt 0.400000 0.581692
vt 0.400000 0.551275
vt 0.388767 0.581692
vt 0.450000 0.551275
vt 0.450000 0.581692
vt 0.500000 0.581692
vt 0.500000 0.551275
vt 0.464449 0.581692
vt 0.550000 0.581692
vt 0.550000 0.551275
vt 0.532045 0.581692
vt 0.600000 0.581692
vt 0.600000 0.551275
vt 0.650000 0.581692
vt 0.650000 0.551275
vt 0.606336 0.581692
vt 0.700000 0.551275
vt 0.699091 0.581692
vt 0.700000 0.581692
vt 0.750000 0.581692
vt 0.750000 0.551275
vt 0.800000 0.581692
vt 0.800000 0.551275
vt 0.850000 0.581692
vt 0.850000 0.551275
vt 0.838841 0.581692
vt 0.900000 0.581692
vt 0.900000 0.551275
vt 0.893664 0.581692
vt 0.950000 0.581692
vt 0.950000 0.551275
vt 1.000000 0.581692
vt 1.000000 0.551275
vt 0.967955 0.581692
vt 1.000000 0.500000
vt 0.950000 0.500000
vt 0.900000 0.500000
vt 0.850000 0.500000
vt 0.800000 0.500000
vt 0.750000 0.500000
vt 0.700000 0.500000
vt 0.650000 0.500000
vt 0.600000 0.500000
vt 0.550000 0.500000
vt 0.500000 0.500000
vt 0.450000 0.500000
vt 0.400000 0.500000
vt 0.350000 0.500000
vt 0.300000 0.500000
vt 0.250000 0.500000
vt 0.200000 0.500000
vt 0.150000 0.500000
vt 0.100000 0.500000
vt 0.050000 0.500000
vt -0.000000 0.500000
vt 1.000000 0.951332
vt 0.950000 0.951332
vt 0.950000 1.000000
vt 1.000000 1.000000
vt 0.900000 0.951332
vt 0.900000 1.000000
vt 0.850000 0.951332
vt 0.850000 1.000000
vt 0.800000 0.951332
vt 0.800000 1.000000
vt 0.750000 0.951332
vt 0.750000 1.000000
vt 0.700000 0.951331
vt 0.700000 1.000000
vt 0.650000 0.951332
vt 0.650000 1.000000
vt 0.600000 0.951332
vt 0.600000 1.000000
vt 0.550000 0.951331
vt 0.550000 1.000000
vt 0.500000 0.951332
vt 0.500000 1.000000
vt 0.450000 0.951332
vt 0.450000 1.000000
vt 0.400000 0.951332
vt 0.400000 1.000000
vt 0.350000 0.951332
vt 0.350000 1.000000
vt 0.300000 0.951331
vt 0.300000 1.000000
vt 0.250000 0.951331
vt 0.250000 1.000000
vt 0.200000 0.951331
vt 0.200000 1.000000
vt 0.150000 0.951332
vt 0.150000 1.000000
vt 0.100000 0.951332
vt 0.100000 1.000000
vt 0.250000 0.490000
vt 0.324164 0.478254
vt 0.391068 0.444164
vt 0.444164 0.108932
vt 0.478254 0.175836
vt 0.490000 0.250000
vt 0.478254 0.175836
vt 0.444164 0.108932
vt 0.391068 0.444164
vt 0.324164 0.478254
vt 0.250000 0.490000
vt 0.175836 0.478254
vt 0.108932 0.444164
vt 0.055836 0.391068
vt 0.021746 0.324164
vt 0.010000 0.250000
vt 0.021746 0.324164
vt 0.055836 0.391068
vt 0.108932 0.444164
vt 0.175836 0.478254
vt 0.050000 0.951331
vt 0.050000 1.000000
vt -0.000000 0.951331
vt -0.000000 1.000000
vt 0.050000 0.895164
vt 0.016153 0.895163
vt -0.000000 0.895164
vt 0.100000 0.895164
vt 0.089793 0.895164
vt 0.150000 0.895164
vt 0.200000 0.895164
vt 0.199151 0.895164
vt 0.161159 0.895164
vt 0.250000 0.895164
vt 0.300000 0.895164
vt 0.350000 0.895164
vt 0.300908 0.895164
vt 0.300848 0.895164
vt 0.400000 0.895164
vt 0.450000 0.895164
vt 0.410207 0.895164
vt 0.500000 0.895164
vt 0.483847 0.895164
vt 0.550000 0.895164
vt 0.600000 0.895164
vt 0.568269 0.895164
vt 0.650000 0.895164
vt 0.700000 0.895164
vt 0.699091 0.895164
vt 0.750000 0.895164
vt 0.800000 0.895164
vt 0.850000 0.895164
vt 0.838841 0.895164
vt 0.900000 0.895164
vt 0.950000 0.895164
vt 0.931731 0.895164
vt 1.000000 0.895164
vt 0.824164 0.478254
vt 0.891068 0.444164
vt 0.944164 0.391068
vt 0.978254 0.324164
vt 0.990000 0.250000
vt 0.978254 0.324164
vt 0.944164 0.391068
vt 0.891068 0.444164
vt 0.824164 0.478254
vt 0.750000 0.490000
vt 0.675836 0.478254
vt 0.608932 0.055836
vt 0.555836 0.108932
vt 0.521746 0.175836
vt 0.510000 0.250000
vt 0.521746 0.175836
vt 0.555836 0.108932
vt 0.608932 0.055836
vt 0.675836 0.478254
vt 0.750000 0.490000
vt 0.050000 0.581692
vt 0.050000 0.551275
vt -0.000000 0.551275
vt -0.000000 0.581692
vt 0.016153 0.581692
vt 0.100000 0.581692
vt 0.100000 0.551275
vt 0.089793 0.581692
vt 0.150000 0.581692
vt 0.150000 0.551275
vt 0.200000 0.551275
vt 0.161159 0.581692
vt 0.199151 0.581692
vt 0.200000 0.581692
vt 0.250000 0.581692
vt 0.250000 0.551275
vt 0.300000 0.581692
vt 0.300000 0.551275
vt 0.350000 0.581692
vt 0.350000 0.551275
vt 0.300848 0.581692
vt 0.300908 0.581692
vt 0.400000 0.581692
vt 0.400000 0.551275
vt 0.450000 0.581692
vt 0.450000 0.551275
vt 0.410207 0.581692
vt 0.500000 0.581692
vt 0.500000 0.551275
vt 0.483847 0.581692
vt 0.550000 0.581692
vt 0.550000 0.551275
vt 0.600000 0.581692
vt 0.600000 0.551275
vt 0.568269 0.581692
vt 0.650000 0.581692
vt 0.650000 0.551275
vt 0.700000 0.581692
vt 0.700000 0.551275
vt 0.699091 0.581692
vt 0.750000 0.581692
vt 0.750000 0.551275
vt 0.800000 0.581692
vt 0.800000 0.551275
vt 0.850000 0.581692
vt 0.850000 0.551275
vt 0.838841 0.581692
vt 0.900000 0.581692
vt 0.900000 0.551275
vt 0.950000 0.581692
vt 0.950000 0.551275
vt 0.931731 0.581692
vt 1.000000 0.581692
vt 1.000000 0.551275
vt 1.000000 0.500000
vt 0.950000 0.500000
vt 0.900000 0.500000
vt 0.850000 0.500000
vt 0.800000 0.500000
vt 0.750000 0.500000
vt 0.700000 0.500000
vt 0.650000 0.500000
vt 0.600000 0.500000
vt 0.550000 0.500000
vt 0.500000 0.500000
vt 0.450000 0.500000
vt 0.400000 0.500000
vt 0.350000 0.500000
vt 0.300000 0.500000
vt 0.250000 0.500000
vt 0.200000 0.500000
vt 0.150000 0.500000
vt 0.100000 0.500000
vt 0.050000 0.500000
vt -0.000000 0.500000
vn -0.9998 0.0166 0.0110
vn -0.9947 0.0202 0.1005
vn -0.9721 0.1910 0.1363
vn -0.9857 0.1637 0.0392
vn -0.8646 0.0370 0.5011
vn -0.7937 0.2979 0.5303
vn -0.6169 0.6406 0.4573
vn -0.7012 0.6549 0.2818
vn -0.7613 0.6284 0.1595
vn -0.0344 0.0000 0.9994
vn -0.3827 -0.0000 0.9239
vn -0.0337 0.0662 0.9972
vn -0.3755 0.0580 0.9250
vn -0.8700 -0.0000 0.4930
vn -1.0000 0.0000 -0.0094
vn -0.9952 -0.0000 -0.0978
vn -0.9998 0.0166 -0.0110
vn -0.9947 0.0202 -0.1005
vn -0.8646 0.0370 -0.5011
vn -0.8700 -0.0000 -0.4930
vn 0.0115 -0.9999 0.0072
vn 0.1705 -0.9853 0.0071
vn 0.1628 -0.9840 0.0723
vn 0.0114 -0.9970 0.0759
vn 0.6828 -0.7306 0.0078
vn 0.6821 -0.7276 0.0732
vn 0.6535 -0.7035 0.2794
vn 0.2443 -0.8653 0.4378
vn 0.0179 -0.9059 0.4230
vn 1.0000 -0.0000 0.0079
vn 0.9966 0.0000 0.0825
vn 0.9999 0.0139 0.0092
vn 0.9963 0.0170 0.0847
vn 0.8864 0.0336 0.4617
vn 0.8914 0.0000 0.4531
vn 0.0343 0.0000 -0.9994
vn 0.4115 0.0000 -0.9114
vn 0.0336 0.0662 -0.9972
vn 0.4035 0.0571 -0.9132
vn 0.8864 0.0336 -0.4617
vn 0.8914 0.0000 -0.4531
vn -0.0202 0.9617 0.2735
vn -0.2546 0.9334 0.2529
vn -0.1927 0.9008 0.3892
vn -0.0148 0.9116 0.4107
vn -0.2026 0.7647 0.6118
vn -0.0155 0.7949 0.6066
vn 0.9999 0.0139 -0.0092
vn 0.9963 0.0170 -0.0847
vn 0.9796 0.1637 -0.1165
vn 0.9897 0.1389 -0.0333
vn 0.8185 0.2836 -0.4996
vn 0.6569 0.6154 -0.4357
vn 0.7332 0.6248 -0.2685
vn 0.7913 0.5923 -0.1516
vn -0.0337 0.0662 -0.9972
vn -0.3755 0.0580 -0.9250
vn -0.3181 0.3798 -0.8687
vn -0.0269 0.4303 -0.9023
vn -0.7937 0.2979 -0.5303
vn -0.6169 0.6406 -0.4573
vn -0.2026 0.7647 -0.6118
vn -0.0155 0.7949 -0.6066
vn 0.0336 0.0662 0.9972
vn 0.4035 0.0571 0.9132
vn 0.3440 0.3757 0.8605
vn 0.0269 0.4302 0.9023
vn 0.8185 0.2836 0.4996
vn 0.6569 0.6154 0.4357
vn 0.2243 0.7598 0.6103
vn 0.0155 0.7949 0.6066
vn 0.9796 0.1637 0.1165
vn 0.9897 0.1389 0.0333
vn 0.7913 0.5923 0.1516
vn 0.7332 0.6248 0.2685
vn 0.9999 0.0124 0.0006
vn 0.9927 0.1203 0.0106
vn 0.9999 0.0119 -0.0000
vn 0.9934 0.1148 -0.0000
vn 0.8371 0.5470 -0.0000
vn 0.8262 0.5595 0.0652
vn 0.9999 0.0124 -0.0006
vn 0.9927 0.1203 -0.0106
vn 0.8262 0.5595 -0.0652
vn -0.1927 0.9008 -0.3892
vn -0.0148 0.9116 -0.4107
vn -0.7012 0.6549 -0.2818
vn -0.7613 0.6284 -0.1595
vn -0.2546 0.9334 -0.2529
vn -0.0202 0.9617 -0.2735
vn -0.2934 0.9486 -0.1187
vn -0.0243 0.9912 -0.1302
vn -0.7982 0.5984 -0.0691
vn -0.8099 0.5865 -0.0000
vn -0.3059 0.9521 0.0000
vn -0.0256 0.9997 -0.0000
vn -0.2934 0.9486 0.1187
vn -0.0243 0.9912 0.1302
vn -0.7982 0.5984 0.0691
vn 0.9966 0.0000 -0.0825
vn 1.0000 -0.0000 -0.0079
vn 1.0000 0.0000 -0.0000
vn 0.0179 -0.9059 -0.4230
vn 0.2443 -0.8652 -0.4378
vn 0.1628 -0.9840 -0.0723
vn 0.0114 -0.9970 -0.0759
vn 0.6535 -0.7035 -0.2794
vn 0.6821 -0.7276 -0.0732
vn 0.6828 -0.7306 -0.0078
vn 0.1705 -0.9853 -0.0071
vn 0.0115 -0.9999 -0.0072
vn 0.1710 -0.9853 0.0000
vn 0.0116 -0.9999 -0.0000
vn 0.6827 -0.7307 -0.0000
vn -0.9952 -0.0000 0.0978
vn -1.0000 -0.0000 0.0094
vn -1.0000 0.0000 0.0000
vn -0.9999 0.0148 0.0007
vn -0.9999 0.0142 -0.0000
vn -0.9999 0.0148 -0.0007
vn -0.9721 0.1910 -0.1363
vn -0.9857 0.1637 -0.0392
vn -0.9898 0.1422 -0.0125
vn -0.9907 0.1357 -0.0000
vn -0.9898 0.1422 0.0125
vn -0.6451 -0.7641 0.0000
vn -0.9700 -0.2430 0.0000
vn -0.9998 -0.0189 0.0000
vn -0.9998 -0.0188 -0.0094
vn -0.9701 -0.2423 -0.0090
vn -0.6456 -0.7637 -0.0084
vn -0.6456 -0.7637 0.0084
vn -0.9701 -0.2423 0.0090
vn -0.9998 -0.0188 0.0094
vn -0.6144 -0.7312 0.2963
vn -0.8136 -0.3068 0.4938
vn -0.9685 -0.2316 0.0920
vn -0.6474 -0.7580 0.0794
vn -0.8675 -0.0271 0.4967
vn -0.9950 -0.0187 0.0978
vn 0.9780 -0.2085 0.0000
vn 0.9999 -0.0159 0.0000
vn 0.9998 -0.0158 0.0079
vn 0.9781 -0.2080 0.0077
vn 0.9781 -0.2080 -0.0077
vn 0.9998 -0.0158 -0.0079
vn 0.8382 -0.2880 -0.4632
vn 0.9769 -0.1990 -0.0782
vn 0.8890 -0.0244 -0.4573
vn 0.9965 -0.0157 -0.0825
vn 0.0302 -0.4443 -0.8954
vn 0.3580 -0.3948 -0.8461
vn 0.0340 -0.0430 -0.9985
vn 0.4074 -0.0387 -0.9124
vn 0.9769 -0.1991 0.0782
vn 0.9965 -0.0157 0.0825
vn 0.8890 -0.0244 0.4573
vn 0.8382 -0.2880 0.4632
vn -0.9685 -0.2316 -0.0920
vn -0.6474 -0.7580 -0.0794
vn -0.9950 -0.0187 -0.0978
vn -0.8675 -0.0271 -0.4967
vn -0.8136 -0.3068 -0.4938
vn -0.6144 -0.7312 -0.2963
vn -0.0179 -0.9059 0.4230
vn -0.0302 -0.4443 0.8954
vn -0.3331 -0.3990 0.8543
vn -0.2217 -0.8710 0.4384
vn -0.0341 -0.0430 0.9985
vn -0.3793 -0.0394 0.9245
vn 0.0000 -0.9077 0.4196
vn 0.0000 -0.4480 0.8940
vn 0.0000 -0.0434 0.9991
vn -0.3331 -0.3990 -0.8543
vn -0.2217 -0.8710 -0.4384
vn -0.3793 -0.0394 -0.9245
vn -0.0341 -0.0430 -0.9985
vn -0.0302 -0.4443 -0.8954
vn -0.0179 -0.9059 -0.4230
vn -0.1533 -0.9882 0.0000
vn -0.0116 -0.9999 0.0000
vn -0.0115 -0.9999 0.0073
vn -0.1530 -0.9882 0.0071
vn -0.1530 -0.9882 -0.0071
vn -0.0115 -0.9999 -0.0073
vn -0.1466 -0.9865 -0.0727
vn -0.0115 -0.9970 -0.0759
vn -0.0000 1.0000 -0.0000
vn 0.0000 0.9914 0.1310
vn 0.0000 0.9614 0.2751
vn 0.0000 0.9614 -0.2751
vn -0.0000 0.9914 -0.1310
vn 0.0000 0.7964 -0.6048
vn -0.0000 0.9111 -0.4123
vn -0.3181 0.3798 0.8687
vn -0.0269 0.4303 0.9023
vn 0.0000 0.0672 -0.9977
vn -0.0000 0.4356 -0.9002
vn -0.0000 0.9111 0.4123
vn -0.0000 0.7964 0.6048
vn -0.3827 -0.0000 -0.9239
vn -0.0344 -0.0000 -0.9994
vn -0.1466 -0.9865 0.0727
vn -0.0115 -0.9970 0.0759
vn 0.6300 -0.3210 0.7071
vn 0.0000 0.0000 1.0000
vn 0.0000 0.0672 0.9977
vn 0.4115 0.0000 0.9114
vn 0.0343 -0.0000 0.9994
vn 0.2797 0.9267 0.2511
vn 0.2132 0.8969 0.3874
vn 0.0202 0.9617 0.2735
vn 0.0148 0.9116 0.4107
vn 0.3440 0.3757 -0.8605
vn 0.0269 0.4302 -0.9023
vn 0.0155 0.7949 -0.6066
vn 0.2243 0.7598 -0.6103
vn 0.2132 0.8969 -0.3874
vn 0.0148 0.9116 -0.4107
vn 0.0202 0.9617 -0.2735
vn 0.2797 0.9267 -0.2511
vn 0.3202 0.9400 -0.1177
vn 0.0243 0.9912 -0.1302
vn 0.0256 0.9997 0.0000
vn 0.3331 0.9429 -0.0000
vn 0.3202 0.9400 0.1177
vn 0.0243 0.9912 0.1302
vn 0.3580 -0.3948 0.8461
vn 0.4074 -0.0387 0.9124
vn 0.0340 -0.0430 0.9985
vn 0.0302 -0.4443 0.8954
vn 0.0000 -0.9077 -0.4196
vn 0.0000 -0.4480 -0.8940
vn 0.0000 -0.0434 -0.9991
vn 0.0000 -1.0000 0.0000
vn 0.0000 -1.0000 0.0073
vn -0.0000 -1.0000 -0.0073
vn -0.0000 -0.9971 -0.0760
vn -0.0000 0.4356 0.9002
vn 0.0000 0.0000 -1.0000
vn -0.6300 -0.3210 -0.7071
vn -0.5980 -0.4345 -0.6735
vn -0.4345 -0.5980 -0.6735
vn -0.3210 -0.6300 -0.7071
vn 0.0000 -0.9971 0.0760
vn 0.1106 -0.6984 -0.7071
vn 0.2284 -0.7030 -0.6735
vn 0.3210 -0.6300 -0.7071
vn -0.2284 -0.7030 -0.6735
vn 0.0000 -0.7392 -0.6735
vn -0.6300 -0.3210 0.7071
vn -0.3210 -0.6300 0.7071
vn -0.4345 -0.5980 0.6735
vn -0.5980 -0.4345 0.6735
vn 0.6300 -0.3210 -0.7071
vn 0.3210 -0.6300 0.7071
vn 0.2284 -0.7030 0.6735
vn 0.0000 -0.7392 0.6735
vn -0.1106 -0.6984 0.7071
vn 0.5980 -0.4345 0.6735
vn 0.4345 -0.5980 0.6735
vn 0.1106 -0.6984 0.7071
vn -0.2284 -0.7030 0.6735
vn -0.5000 -0.5000 0.7071
vn 0.5000 -0.5000 0.7072
vn 0.5980 -0.4345 -0.6735
vn 0.4345 -0.5980 -0.6735
vn -0.1106 -0.6983 -0.7072
vn 0.5000 -0.5000 -0.7071
vn -0.5000 -0.5000 -0.7071
vn 0.7030 -0.2284 -0.6735
vn 0.7392 0.0000 -0.6735
vn 0.7030 0.2284 -0.6735
vn 0.6300 0.3210 -0.7071
vn 0.6301 0.3210 -0.7071
vn 0.5980 0.4345 -0.6735
vn 0.4345 0.5980 -0.6735
vn 0.3210 0.6300 -0.7071
vn -0.1106 0.6984 -0.7071
vn -0.2284 0.7030 -0.6735
vn -0.4345 0.5980 -0.6735
vn -0.5000 0.5000 -0.7071
vn -0.6300 0.3210 -0.7072
vn -0.7030 0.2284 -0.6735
vn -0.7392 0.0000 -0.6735
vn -0.7030 -0.2284 -0.6735
vn -0.5980 0.4345 -0.6735
vn 0.5000 0.5000 -0.7072
vn 0.2284 0.7030 -0.6735
vn 0.1106 0.6983 -0.7072
vn 0.0000 0.7392 -0.6735
vn -0.6300 0.3210 -0.7071
vn -0.3210 0.6300 -0.7071
vn -0.3210 0.6300 0.7072
vn -0.6300 0.3210 0.7071
vn -0.5980 0.4345 0.6735
vn -0.4345 0.5980 0.6735
vn -0.1106 0.6984 0.7071
vn -0.2284 0.7030 0.6735
vn 0.6300 0.3210 0.7071
vn 0.5000 0.5000 0.7071
vn 0.5980 0.4345 0.6735
vn 0.7030 0.2284 0.6735
vn 0.7392 0.0000 0.6735
vn 0.7030 -0.2284 0.6735
vn -0.7030 0.2284 0.6735
vn -0.7030 -0.2284 0.6735
vn -0.7392 0.0000 0.6735
vn 0.1106 0.6984 0.7071
vn 0.0000 0.7392 0.6735
vn 0.2284 0.7030 0.6735
vn 0.4345 0.5980 0.6735
vn -0.5000 0.5000 0.7071
vn -0.6300 0.3210 0.7072
vn 0.6301 0.3210 0.7071
vn 0.3210 0.6300 0.7071
vn -0.3210 0.6300 0.7071
vn 0.1106 0.6984 -0.7071
vn -0.3090 -0.9511 0.0000
vn -0.5878 -0.8090 0.0000
vn -0.8090 -0.5878 -0.0000
vn -0.9511 -0.3090 -0.0000
vn -0.9511 0.3090 -0.0000
vn -0.8090 0.5878 -0.0000
vn -0.5878 0.8090 -0.0000
vn -0.3090 0.9511 -0.0000
vn 0.3090 0.9511 -0.0000
vn 0.5878 0.8090 -0.0000
vn 0.8090 0.5878 -0.0000
vn 0.9511 0.3090 -0.0000
vn 0.9511 -0.3090 -0.0000
vn 0.8090 -0.5878 -0.0000
vn 0.5878 -0.8090 -0.0000
vn 0.3090 -0.9511 -0.0000
s 1
f 28/1/1 425/2/2 1011/3/3 476/4/4
f 425/2/2 10/5/5 415/6/6 1011/3/3
f 1011/3/3 415/6/6 17/7/7 439/8/8
f 476/4/4 1011/3/3 439/8/8 42/9/9
f 342/10/10 926/11/10 1012/12/11 964/13/11
f 926/11/10 64/14/12 403/15/13 1012/12/11
f 1012/12/11 403/15/13 10/16/5 399/17/14
f 964/13/11 1012/12/11 399/17/14 321/18/14
f 340/19/15 924/20/15 1013/21/16 963/22/16
f 924/20/15 31/23/17 408/24/18 1013/21/16
f 1013/21/16 408/24/18 7/25/19 918/26/20
f 963/22/16 1013/21/16 918/26/20 328/27/20
f 107/28/21 575/29/22 1014/30/23 591/31/24
f 575/29/22 32/32/25 428/33/26 1014/30/23
f 1014/30/23 428/33/26 5/34/27 406/35/28
f 591/31/24 1014/30/23 406/35/28 89/36/29
f 333/37/30 921/38/30 1015/39/31 962/40/31
f 921/38/30 26/41/32 405/42/33 1015/39/31
f 1015/39/31 405/42/33 4/43/34 917/44/35
f 962/40/31 1015/39/31 917/44/35 325/45/35
f 344/46/36 928/47/36 1016/48/37 961/49/37
f 928/47/36 91/50/38 409/51/39 1016/48/37
f 1016/48/37 409/51/39 1/52/40 916/53/41
f 961/49/37 1016/48/37 916/53/41 323/54/41
f 77/55/42 520/56/43 1017/57/44 550/58/45
f 520/56/43 42/59/9 439/60/8 1017/57/44
f 1017/57/44 439/60/8 17/61/7 411/62/46
f 550/58/45 1017/57/44 411/62/46 69/63/47
f 24/64/48 422/65/49 1018/66/50 449/67/51
f 422/65/49 1/52/40 417/68/52 1018/66/50
f 1018/66/50 417/68/52 13/69/53 434/70/54
f 449/67/51 1018/66/50 434/70/54 37/71/55
f 67/72/56 513/73/57 1019/74/58 547/75/59
f 513/73/57 7/25/19 416/76/60 1019/74/58
f 1019/74/58 416/76/60 16/77/61 515/78/62
f 547/75/59 1019/74/58 515/78/62 72/79/63
f 103/80/64 571/81/65 1020/82/66 588/83/67
f 571/81/65 4/43/34 418/84/68 1020/82/66
f 1020/82/66 418/84/68 15/85/69 572/86/70
f 588/83/67 1020/82/66 572/86/70 104/87/71
f 4/43/34 405/42/33 1021/88/72 418/84/68
f 405/42/33 26/41/32 445/89/73 1021/88/72
f 1021/88/72 445/89/73 40/90/74 412/91/75
f 418/84/68 1021/88/72 412/91/75 15/85/69
f 26/41/32 424/92/76 1022/93/77 445/89/73
f 424/92/76 25/94/78 447/95/79 1022/93/77
f 1022/93/77 447/95/79 38/96/80 437/97/81
f 445/89/73 1022/93/77 437/97/81 40/90/74
f 25/94/78 423/98/82 1023/99/83 447/95/79
f 423/98/82 24/64/48 449/67/51 1023/99/83
f 1023/99/83 449/67/51 37/71/55 435/100/84
f 447/95/79 1023/99/83 435/100/84 38/96/80
f 72/101/63 515/102/62 1024/103/85 544/104/86
f 515/102/62 16/105/61 413/106/87 1024/103/85
f 1024/103/85 413/106/87 45/107/88 517/108/89
f 544/104/86 1024/103/85 517/108/89 74/109/90
f 74/109/90 517/108/89 1025/110/91 542/111/92
f 517/108/89 45/107/88 443/112/93 1025/110/91
f 1025/110/91 443/112/93 43/113/94 518/114/95
f 542/111/92 1025/110/91 518/114/95 76/115/96
f 76/115/96 518/114/95 1026/116/97 540/117/98
f 518/114/95 43/113/94 442/118/99 1026/116/97
f 1026/116/97 442/118/99 42/59/9 520/56/43
f 540/117/98 1026/116/97 520/56/43 77/55/42
f 323/54/41 916/53/41 1027/119/100 960/120/100
f 916/53/41 1/52/40 422/65/49 1027/119/100
f 1027/119/100 422/65/49 24/64/48 919/121/101
f 960/120/100 1027/119/100 919/121/101 330/122/101
f 330/122/101 919/121/101 1028/123/102 959/124/102
f 919/121/101 24/64/48 423/98/82 1028/123/102
f 1028/123/102 423/98/82 25/94/78 920/125/102
f 959/124/102 1028/123/102 920/125/102 332/126/102
f 332/126/102 920/125/102 1029/127/102 958/128/102
f 920/125/102 25/94/78 424/92/76 1029/127/102
f 1029/127/102 424/92/76 26/41/32 921/38/30
f 958/128/102 1029/127/102 921/38/30 333/37/30
f 102/129/103 570/130/104 1030/131/105 587/132/106
f 570/130/104 2/133/107 410/134/108 1030/131/105
f 1030/131/105 410/134/108 35/135/109 573/136/110
f 587/132/106 1030/131/105 573/136/110 105/137/111
f 105/137/111 573/136/110 1031/138/112 586/139/113
f 573/136/110 35/135/109 431/140/114 1031/138/112
f 1031/138/112 431/140/114 34/141/114 574/142/112
f 586/139/113 1031/138/112 574/142/112 106/143/113
f 106/143/113 574/142/112 1032/144/112 585/145/113
f 574/142/112 34/141/114 429/146/114 1032/144/112
f 1032/144/112 429/146/114 32/32/25 575/29/22
f 585/145/113 1032/144/112 575/29/22 107/28/21
f 321/147/14 399/148/14 1033/149/115 957/150/115
f 399/148/14 10/5/5 425/2/2 1033/149/115
f 1033/149/115 425/2/2 28/1/1 922/151/116
f 957/150/115 1033/149/115 922/151/116 335/152/116
f 335/152/116 922/151/116 1034/153/117 956/154/117
f 922/151/116 28/1/1 426/155/118 1034/153/117
f 1034/153/117 426/155/118 29/156/119 923/157/117
f 956/154/117 1034/153/117 923/157/117 338/158/117
f 338/158/117 923/157/117 1035/159/117 955/160/117
f 923/157/117 29/156/119 427/161/120 1035/159/117
f 1035/159/117 427/161/120 31/23/17 924/20/15
f 955/160/117 1035/159/117 924/20/15 340/19/15
f 7/25/19 408/24/18 1036/162/121 416/76/60
f 408/24/18 31/23/17 474/163/122 1036/162/121
f 1036/162/121 474/163/122 45/164/88 413/165/87
f 416/76/60 1036/162/121 413/165/87 16/77/61
f 31/23/17 427/166/120 1037/167/123 474/163/122
f 427/166/120 29/156/119 475/168/124 1037/167/123
f 1037/167/123 475/168/124 43/169/94 443/170/93
f 474/163/122 1037/167/123 443/170/93 45/164/88
f 29/156/119 426/155/118 1038/171/125 475/168/124
f 426/155/118 28/1/1 476/4/4 1038/171/125
f 1038/171/125 476/4/4 42/9/9 442/172/99
f 475/168/124 1038/171/125 442/172/99 43/169/94
f 21/173/126 471/174/127 1039/175/127 420/176/126
f 471/174/127 58/177/128 493/178/128 1039/175/127
f 1039/175/127 493/178/128 60/179/129 472/180/130
f 420/176/126 1039/175/127 472/180/130 19/181/131
f 22/182/132 469/183/133 1040/184/127 421/185/126
f 469/183/133 56/186/134 494/187/128 1040/184/127
f 1040/184/127 494/187/128 58/177/128 471/174/127
f 421/185/126 1040/184/127 471/174/127 21/173/126
f 11/188/135 480/189/136 1041/190/137 395/191/138
f 480/189/136 48/192/139 496/193/140 1041/190/137
f 1041/190/137 496/193/140 56/186/134 469/183/133
f 395/191/138 1041/190/137 469/183/133 22/182/132
f 34/141/114 460/194/141 1042/195/141 429/146/114
f 460/194/141 53/196/142 498/197/142 1042/195/141
f 1042/195/141 498/197/142 55/198/143 462/199/144
f 429/146/114 1042/195/141 462/199/144 32/32/25
f 35/135/109 458/200/145 1043/201/141 431/140/114
f 458/200/145 52/202/146 499/203/142 1043/201/141
f 1043/201/141 499/203/142 53/196/142 460/194/141
f 431/140/114 1043/201/141 460/194/141 34/141/114
f 2/133/107 397/204/147 1044/205/148 410/134/108
f 397/204/147 46/206/149 501/207/150 1044/205/148
f 1044/205/148 501/207/150 52/202/146 458/200/145
f 410/134/108 1044/205/148 458/200/145 35/135/109
f 102/208/103 584/209/151 1045/210/152 570/211/104
f 584/209/151 101/212/153 502/213/154 1045/210/152
f 1045/210/152 502/213/154 46/206/149 397/204/147
f 570/211/104 1045/210/152 397/204/147 2/133/107
f 32/32/25 462/199/144 1046/214/155 428/33/26
f 462/199/144 55/198/143 504/215/156 1046/214/155
f 1046/214/155 504/215/156 49/216/157 401/217/158
f 428/33/26 1046/214/155 401/217/158 5/34/27
f 19/181/131 472/180/130 1047/218/159 419/219/160
f 472/180/130 60/179/129 505/220/161 1047/218/159
f 1047/218/159 505/220/161 50/221/162 402/222/163
f 419/219/160 1047/218/159 402/222/163 9/223/164
f 66/224/165 529/225/166 1048/226/167 511/227/168
f 529/225/166 87/228/169 507/229/170 1048/226/167
f 1048/226/167 507/229/170 48/230/139 480/231/136
f 511/227/168 1048/226/167 480/231/136 11/232/135
f 135/233/171 666/234/172 1049/235/172 645/236/171
f 666/234/172 134/237/173 528/238/173 1049/235/172
f 1049/235/172 528/238/173 87/228/169 529/225/166
f 645/236/171 1049/235/172 529/225/166 66/224/165
f 9/223/164 402/222/163 1050/239/174 396/240/175
f 402/222/163 50/221/162 526/241/176 1050/239/174
f 1050/239/174 526/241/176 85/242/177 531/243/178
f 396/240/175 1050/239/174 531/243/178 62/244/179
f 21/245/126 466/246/180 1051/247/180 421/248/126
f 466/246/180 81/249/181 533/250/181 1051/247/180
f 1051/247/180 533/250/181 83/251/182 467/252/183
f 421/248/126 1051/247/180 467/252/183 22/253/132
f 19/254/131 464/255/184 1052/256/180 420/257/126
f 464/255/184 80/258/185 536/259/181 1052/256/180
f 1052/256/180 536/259/181 81/249/181 466/246/180
f 420/257/126 1052/256/180 466/246/180 21/245/126
f 9/260/164 396/261/175 1053/262/186 419/263/160
f 396/261/175 62/264/179 538/265/187 1053/262/186
f 1053/262/186 538/265/187 80/258/185 464/255/184
f 419/263/160 1053/262/186 464/255/184 19/254/131
f 141/266/188 650/267/188 1054/268/189 665/269/189
f 650/267/188 76/115/96 540/270/98 1054/268/189
f 1054/268/189 540/270/98 77/55/42 651/271/190
f 665/269/189 1054/268/189 651/271/190 142/272/190
f 139/273/191 649/274/191 1055/275/192 664/276/192
f 649/274/191 74/109/90 542/111/92 1055/275/192
f 1055/275/192 542/111/92 76/115/96 650/267/188
f 664/276/192 1055/275/192 650/267/188 141/266/188
f 138/277/193 648/278/193 1056/279/194 663/280/194
f 648/278/193 72/101/63 544/104/86 1056/279/194
f 1056/279/194 544/104/86 74/109/90 649/274/191
f 663/280/194 1056/279/194 649/274/191 139/273/191
f 10/16/5 403/15/13 1057/281/195 415/282/6
f 403/15/13 64/14/12 546/283/196 1057/281/195
f 1057/281/195 546/283/196 69/284/47 411/285/46
f 415/282/6 1057/281/195 411/285/46 17/286/7
f 137/287/197 646/288/197 1058/289/198 662/290/198
f 646/288/197 67/72/56 547/75/59 1058/289/198
f 1058/289/198 547/75/59 72/79/63 648/291/193
f 662/290/198 1058/289/198 648/291/193 138/292/193
f 142/272/190 651/271/190 1059/293/199 661/294/199
f 651/271/190 77/55/42 550/58/45 1059/293/199
f 1059/293/199 550/58/45 69/63/47 514/295/200
f 661/294/199 1059/293/199 514/295/200 128/296/200
f 328/27/20 918/26/20 1060/297/201 954/298/201
f 918/26/20 7/25/19 513/73/57 1060/297/201
f 1060/297/201 513/73/57 67/72/56 925/299/202
f 954/298/201 1060/297/201 925/299/202 341/300/202
f 22/253/132 467/252/183 1061/301/203 395/302/138
f 467/252/183 83/251/182 553/303/204 1061/301/203
f 1061/301/203 553/303/204 66/304/165 511/305/168
f 395/302/138 1061/301/203 511/305/168 11/306/135
f 1269/307/205 932/308/206 1062/309/206 953/310/206 1270/311/205
f 932/308/206 126/312/207 510/313/207 1062/309/206
f 1062/309/206 510/313/207 64/14/12 926/11/10
f 953/310/206 1062/309/206 926/11/10 342/10/10
f 325/45/35 917/44/35 1063/314/208 952/315/208
f 917/44/35 4/43/34 571/81/65 1063/314/208
f 1063/314/208 571/81/65 103/80/64 927/316/209
f 952/315/208 1063/314/208 927/316/209 343/317/209
f 40/90/74 456/318/210 1064/319/211 412/91/75
f 456/318/210 99/320/212 578/321/213 1064/319/211
f 1064/319/211 578/321/213 104/322/71 572/323/70
f 412/91/75 1064/319/211 572/323/70 15/85/69
f 1/52/40 409/51/39 1065/324/214 417/68/52
f 409/51/39 91/50/38 579/325/215 1065/324/214
f 1065/324/214 579/325/215 94/326/216 414/327/217
f 417/68/52 1065/324/214 414/327/217 13/69/53
f 13/69/53 414/328/217 1066/329/218 434/70/54
f 414/328/217 94/330/216 580/331/219 1066/329/218
f 1066/329/218 580/331/219 95/332/220 452/333/221
f 434/70/54 1066/329/218 452/333/221 37/71/55
f 37/71/55 452/333/221 1067/334/222 435/100/84
f 452/333/221 95/332/220 581/335/223 1067/334/222
f 1067/334/222 581/335/223 97/336/224 454/337/225
f 435/100/84 1067/334/222 454/337/225 38/96/80
f 38/96/80 454/337/225 1068/338/226 437/97/81
f 454/337/225 97/336/224 582/339/227 1068/338/226
f 1068/338/226 582/339/227 99/320/212 456/318/210
f 437/97/81 1068/338/226 456/318/210 40/90/74
f 5/34/27 401/217/158 1069/340/228 406/341/28
f 401/217/158 49/216/157 576/342/229 1069/340/228
f 1069/340/228 576/342/229 108/343/230 583/344/231
f 406/341/28 1069/340/228 583/344/231 89/345/29
f 109/346/232 622/347/233 1070/348/233 592/349/232
f 622/347/233 123/350/234 569/351/234 1070/348/233
f 1070/348/233 569/351/234 101/212/153 584/209/151
f 592/349/232 1070/348/233 584/209/151 102/208/103
f 113/352/235 599/353/235 1071/354/235 621/355/235
f 599/353/235 106/143/113 585/145/113 1071/354/235
f 1071/354/235 585/145/113 107/28/21 600/356/236
f 621/355/235 1071/354/235 600/356/236 114/357/236
f 112/358/237 597/359/237 1072/360/235 620/361/235
f 597/359/237 105/137/111 586/139/113 1072/360/235
f 1072/360/235 586/139/113 106/143/113 599/353/235
f 620/361/235 1072/360/235 599/353/235 113/352/235
f 109/362/232 592/363/232 1073/364/238 618/365/238
f 592/363/232 102/129/103 587/132/106 1073/364/238
f 1073/364/238 587/132/106 105/137/111 597/359/237
f 618/365/238 1073/364/238 597/359/237 112/358/237
f 110/366/207 594/367/207 1074/368/239 616/369/239
f 594/367/207 103/80/64 588/83/67 1074/368/239
f 1074/368/239 588/83/67 104/87/71 596/370/200
f 616/369/239 1074/368/239 596/370/200 111/371/200
f 929/372/240 1075/373/240 951/374/240 1274/375/241 1273/376/242 1271/377/243 1272/378/244
f 929/372/240 117/379/197 560/380/197 1075/373/240
f 1075/373/240 560/380/197 91/50/38 928/47/36
f 951/374/240 1075/373/240 928/47/36 344/46/36
f 114/357/236 600/356/236 1076/381/245 613/382/245
f 600/356/236 107/28/21 591/31/24 1076/381/245
f 1076/381/245 591/31/24 89/36/29 558/383/171
f 613/382/245 1076/381/245 558/383/171 116/384/171
f 280/385/236 795/386/236 1077/387/245 914/388/245
f 795/386/236 114/357/236 613/382/245 1077/387/245
f 1077/387/245 613/382/245 116/384/171 603/389/171
f 914/388/245 1077/387/245 603/389/171 180/390/171
f 944/391/240 1078/392/240 1277/393/246 1275/394/247 1276/395/248
f 944/391/240 186/396/197 605/397/197 1078/392/240
f 1078/392/240 605/397/197 117/379/197 929/372/240
f 1277/393/246 1078/392/240 929/372/240 1272/378/244 1278/398/249 1279/399/250
f 244/400/207 771/401/207 1079/402/239 902/403/239
f 771/401/207 110/366/207 616/369/239 1079/402/239
f 1079/402/239 616/369/239 111/371/200 777/404/200
f 902/403/239 1079/402/239 777/404/200 253/405/200
f 233/406/232 765/407/232 1080/408/238 896/409/238
f 765/407/232 109/362/232 618/365/238 1080/408/238
f 1080/408/238 618/365/238 112/358/237 783/410/237
f 896/409/238 1080/408/238 783/410/237 262/411/237
f 262/411/237 783/410/237 1081/412/235 890/413/235
f 783/410/237 112/358/237 620/361/235 1081/412/235
f 1081/412/235 620/361/235 113/352/235 789/414/235
f 890/413/235 1081/412/235 789/414/235 271/415/235
f 271/415/235 789/414/235 1082/416/235 884/417/235
f 789/414/235 113/352/235 621/355/235 1082/416/235
f 1082/416/235 621/355/235 114/357/236 795/386/236
f 884/417/235 1082/416/235 795/386/236 280/385/236
f 233/418/232 878/419/233 1083/420/233 765/421/232
f 878/419/233 231/422/234 612/423/234 1083/420/233
f 1083/420/233 612/423/234 123/350/234 622/347/233
f 765/421/232 1083/420/233 622/347/233 109/346/232
f 343/317/209 927/316/209 1084/424/206 950/425/206
f 927/316/209 103/80/64 594/367/207 1084/424/206
f 1084/424/206 594/367/207 110/366/207 930/426/206
f 1282/427/251 950/425/206 1084/424/206 930/426/206 1280/428/252 1281/429/253 1283/430/254
f 99/320/212 567/431/190 1085/432/199 578/321/213
f 567/431/190 122/433/190 626/434/199 1085/432/199
f 1085/432/199 626/434/199 111/435/200 596/436/200
f 578/321/213 1085/432/199 596/436/200 104/322/71
f 91/50/38 560/380/197 1086/437/198 579/325/215
f 560/380/197 117/379/197 627/438/198 1086/437/198
f 1086/437/198 627/438/198 118/439/193 562/440/193
f 579/325/215 1086/437/198 562/440/193 94/326/216
f 94/330/216 562/441/193 1087/442/194 580/331/219
f 562/441/193 118/443/193 628/444/194 1087/442/194
f 1087/442/194 628/444/194 119/445/191 563/446/191
f 580/331/219 1087/442/194 563/446/191 95/332/220
f 95/332/220 563/446/191 1088/447/192 581/335/223
f 563/446/191 119/445/191 630/448/192 1088/447/192
f 1088/447/192 630/448/192 120/449/188 565/450/188
f 581/335/223 1088/447/192 565/450/188 97/336/224
f 97/336/224 565/450/188 1089/451/189 582/339/227
f 565/450/188 120/449/188 632/452/189 1089/451/189
f 1089/451/189 632/452/189 122/433/190 567/431/190
f 582/339/227 1089/451/189 567/431/190 99/320/212
f 89/345/29 583/344/231 1090/453/172 558/454/171
f 583/344/231 108/343/230 601/455/173 1090/453/172
f 1090/453/172 601/455/173 115/456/173 633/457/172
f 558/454/171 1090/453/172 633/457/172 116/458/171
f 62/244/179 531/243/178 1091/459/233 508/460/232
f 531/243/178 85/242/177 652/461/234 1091/459/233
f 1091/459/233 652/461/234 144/462/234 653/463/233
f 508/460/232 1091/459/233 653/463/233 125/464/232
f 81/249/181 523/465/235 1092/466/235 533/467/181
f 523/465/235 131/468/235 654/469/235 1092/466/235
f 1092/466/235 654/469/235 132/470/236 524/471/236
f 533/467/181 1092/466/235 524/471/236 83/251/182
f 80/258/185 521/472/237 1093/473/235 536/259/181
f 521/472/237 129/474/237 655/475/235 1093/473/235
f 1093/473/235 655/475/235 131/468/235 523/465/235
f 536/259/181 1093/473/235 523/465/235 81/249/181
f 62/264/179 508/476/232 1094/477/238 538/265/187
f 508/476/232 125/478/232 656/479/238 1094/477/238
f 1094/477/238 656/479/238 129/474/237 521/472/237
f 538/265/187 1094/477/238 521/472/237 80/258/185
f 64/14/12 510/313/207 1095/480/239 546/283/196
f 510/313/207 126/312/207 657/481/239 1095/480/239
f 1095/480/239 657/481/239 128/482/200 514/483/200
f 546/283/196 1095/480/239 514/483/200 69/284/47
f 341/300/202 925/299/202 1096/484/240 949/485/240
f 925/299/202 67/72/56 646/288/197 1096/484/240
f 1096/484/240 646/288/197 137/287/197 931/486/240
f 949/485/240 1096/484/240 931/486/240 1285/487/255 1284/488/255
f 83/251/182 524/471/236 1097/489/245 553/303/204
f 524/471/236 132/470/236 659/490/245 1097/489/245
f 1097/489/245 659/490/245 135/491/171 645/492/171
f 553/303/204 1097/489/245 645/492/171 66/304/165
f 938/493/206 1098/494/206 1288/495/256 1289/496/257 1286/497/258 1287/498/259
f 938/493/206 252/499/207 636/500/207 1098/494/206
f 1098/494/206 636/500/207 126/312/207 932/308/206
f 1288/495/256 1098/494/206 932/308/206 1269/307/205 1291/501/260 1290/502/261
f 210/503/190 753/504/190 1099/505/199 866/506/199
f 753/504/190 142/272/190 661/294/199 1099/505/199
f 1099/505/199 661/294/199 128/296/200 637/507/200
f 866/506/199 1099/505/199 637/507/200 260/508/200
f 181/509/197 729/510/197 1100/511/198 860/512/198
f 729/510/197 137/287/197 662/290/198 1100/511/198
f 1100/511/198 662/290/198 138/292/193 735/513/193
f 860/512/198 1100/511/198 735/513/193 187/514/193
f 187/515/193 735/516/193 1101/517/194 854/518/194
f 735/516/193 138/277/193 663/280/194 1101/517/194
f 1101/517/194 663/280/194 139/273/191 741/519/191
f 854/518/194 1101/517/194 741/519/191 193/520/191
f 193/520/191 741/519/191 1102/521/192 848/522/192
f 741/519/191 139/273/191 664/276/192 1102/521/192
f 1102/521/192 664/276/192 141/266/188 747/523/188
f 848/522/192 1102/521/192 747/523/188 199/524/188
f 199/524/188 747/523/188 1103/525/189 842/526/189
f 747/523/188 141/266/188 665/269/189 1103/525/189
f 1103/525/189 665/269/189 142/272/190 753/504/190
f 842/526/189 1103/525/189 753/504/190 210/503/190
f 172/527/171 836/528/172 1104/529/172 723/530/171
f 836/528/172 296/531/173 644/532/173 1104/529/172
f 1104/529/172 644/532/173 134/237/173 666/234/172
f 723/530/171 1104/529/172 666/234/172 135/233/171
f 296/531/173 830/533/206 1105/534/206 644/532/173
f 830/533/206 307/535/206 701/536/206 1105/534/206
f 1105/534/206 701/536/206 171/537/206 660/538/206
f 644/532/173 1105/534/206 660/538/206 134/237/173
f 85/242/177 551/539/202 1106/540/240 652/461/234
f 551/539/202 161/541/202 703/542/240 1106/540/240
f 1106/540/240 703/542/240 170/543/240 658/544/240
f 652/461/234 1106/540/240 658/544/240 144/462/234
f 108/343/230 577/545/209 1107/546/206 601/455/173
f 577/545/209 164/547/209 706/548/206 1107/546/206
f 1107/546/206 706/548/206 168/549/206 624/550/206
f 601/455/173 1107/546/206 624/550/206 115/456/173
f 231/422/234 824/551/240 1108/552/240 612/423/234
f 824/551/240 319/553/240 707/554/240 1108/552/240
f 1108/552/240 707/554/240 167/555/240 615/556/240
f 612/423/234 1108/552/240 615/556/240 123/350/234
f 123/350/234 615/556/240 1109/557/240 569/351/234
f 615/556/240 167/555/240 709/558/240 1109/557/240
f 1109/557/240 709/558/240 165/559/36 589/560/36
f 569/351/234 1109/557/240 589/560/36 101/212/153
f 49/216/157 481/561/35 1110/562/208 576/342/229
f 481/561/35 148/563/35 710/564/208 1110/562/208
f 1110/562/208 710/564/208 164/547/209 577/545/209
f 576/342/229 1110/562/208 577/545/209 108/343/230
f 134/237/173 660/538/206 1111/565/206 528/238/173
f 660/538/206 171/537/206 711/566/206 1111/565/206
f 1111/565/206 711/566/206 162/567/10 555/568/10
f 528/238/173 1111/565/206 555/568/10 87/228/169
f 50/221/162 483/569/20 1112/570/201 526/241/176
f 483/569/20 150/571/20 712/572/201 1112/570/201
f 1112/570/201 712/572/201 161/541/202 551/539/202
f 526/241/176 1112/570/201 551/539/202 85/242/177
f 58/177/128 490/573/117 1113/574/117 493/178/128
f 490/573/117 157/575/117 713/576/117 1113/574/117
f 1113/574/117 713/576/117 159/577/15 492/578/15
f 493/178/128 1113/574/117 492/578/15 60/179/129
f 56/186/134 489/579/116 1114/580/117 494/581/128
f 489/579/116 156/582/116 714/583/117 1114/580/117
f 1114/580/117 714/583/117 157/575/117 490/573/117
f 494/581/128 1114/580/117 490/573/117 58/177/128
f 48/192/139 667/584/14 1115/585/115 496/193/140
f 667/584/14 146/586/14 715/587/115 1115/585/115
f 1115/585/115 715/587/115 156/582/116 489/579/116
f 496/193/140 1115/585/115 489/579/116 56/186/134
f 53/196/142 485/588/102 1116/589/102 498/197/142
f 485/588/102 153/590/102 716/591/102 1116/589/102
f 1116/589/102 716/591/102 154/592/30 487/593/30
f 498/197/142 1116/589/102 487/593/30 55/198/143
f 52/202/146 484/594/101 1117/595/102 499/203/142
f 484/594/101 151/596/101 717/597/102 1117/595/102
f 1117/595/102 717/597/102 153/590/102 485/588/102
f 499/203/142 1117/595/102 485/588/102 53/196/142
f 46/206/149 478/598/41 1118/599/100 501/207/150
f 478/598/41 147/600/41 718/601/100 1118/599/100
f 1118/599/100 718/601/100 151/596/101 484/594/101
f 501/207/150 1118/599/100 484/594/101 52/202/146
f 101/212/153 589/560/36 1119/602/37 502/213/154
f 589/560/36 165/559/36 719/603/37 1119/602/37
f 1119/602/37 719/603/37 147/600/41 478/598/41
f 502/213/154 1119/602/37 478/598/41 46/206/149
f 55/198/143 487/593/30 1120/604/31 504/215/156
f 487/593/30 154/592/30 720/605/31 1120/604/31
f 1120/604/31 720/605/31 148/563/35 481/561/35
f 504/215/156 1120/604/31 481/561/35 49/216/157
f 60/179/129 492/578/15 1121/606/16 505/220/161
f 492/578/15 159/577/15 721/607/16 1121/606/16
f 1121/606/16 721/607/16 150/571/20 483/569/20
f 505/220/161 1121/606/16 483/569/20 50/221/162
f 87/228/169 555/568/10 1122/608/11 507/229/170
f 555/568/10 162/567/10 722/609/11 1122/608/11
f 1122/608/11 722/609/11 146/610/14 667/611/14
f 507/229/170 1122/608/11 667/611/14 48/230/139
f 144/462/234 658/544/240 1123/612/240 759/613/234
f 658/544/240 170/543/240 813/614/240 1123/612/240
f 1123/612/240 813/614/240 309/615/240 819/616/240
f 759/613/234 1123/612/240 819/616/240 222/617/234
f 222/617/234 819/616/240 1124/618/240 760/619/234
f 819/616/240 309/615/240 814/620/240 1124/618/240
f 1124/618/240 814/620/240 312/621/240 820/622/240
f 760/619/234 1124/618/240 820/622/240 224/623/234
f 224/623/234 820/622/240 1125/624/240 761/625/234
f 820/622/240 312/621/240 815/626/240 1125/624/240
f 1125/624/240 815/626/240 313/627/240 821/628/240
f 761/625/234 1125/624/240 821/628/240 225/629/234
f 225/629/234 821/628/240 1126/630/240 762/631/234
f 821/628/240 313/627/240 816/632/240 1126/630/240
f 1126/630/240 816/632/240 315/633/240 822/634/240
f 762/631/234 1126/630/240 822/634/240 227/635/234
f 227/635/234 822/634/240 1127/636/240 763/637/234
f 822/634/240 315/633/240 817/638/240 1127/636/240
f 1127/636/240 817/638/240 317/639/240 823/640/240
f 763/637/234 1127/636/240 823/640/240 230/641/234
f 230/641/234 823/640/240 1128/642/240 764/643/234
f 823/640/240 317/639/240 818/644/240 1128/642/240
f 1128/642/240 818/644/240 319/553/240 824/551/240
f 764/643/234 1128/642/240 824/551/240 231/422/234
f 115/456/173 624/550/206 1129/645/206 801/646/173
f 624/550/206 168/549/206 807/647/206 1129/645/206
f 1129/645/206 807/647/206 298/648/206 825/649/206
f 801/646/173 1129/645/206 825/649/206 289/650/173
f 289/650/173 825/649/206 1130/651/206 802/652/173
f 825/649/206 298/648/206 808/653/206 1130/651/206
f 1130/651/206 808/653/206 299/654/206 826/655/206
f 802/652/173 1130/651/206 826/655/206 290/656/173
f 290/656/173 826/655/206 1131/657/206 803/658/173
f 826/655/206 299/654/206 809/659/206 1131/657/206
f 1131/657/206 809/659/206 301/660/206 827/661/206
f 803/658/173 1131/657/206 827/661/206 292/662/173
f 292/662/173 827/661/206 1132/663/206 804/664/173
f 827/661/206 301/660/206 810/665/206 1132/663/206
f 1132/663/206 810/665/206 303/666/206 828/667/206
f 804/664/173 1132/663/206 828/667/206 293/668/173
f 293/668/173 828/667/206 1133/669/206 805/670/173
f 828/667/206 303/666/206 811/671/206 1133/669/206
f 1133/669/206 811/671/206 305/672/206 829/673/206
f 805/670/173 1133/669/206 829/673/206 295/674/173
f 295/674/173 829/673/206 1134/675/206 806/676/173
f 829/673/206 305/672/206 812/677/206 1134/675/206
f 1134/675/206 812/677/206 307/535/206 830/533/206
f 806/676/173 1134/675/206 830/533/206 296/531/173
f 116/458/171 633/457/172 1135/678/172 603/679/171
f 633/457/172 115/456/173 801/646/173 1135/678/172
f 1135/678/172 801/646/173 289/650/173 831/680/172
f 603/679/171 1135/678/172 831/680/172 180/681/171
f 180/681/171 831/680/172 1136/682/172 728/683/171
f 831/680/172 289/650/173 802/652/173 1136/682/172
f 1136/682/172 802/652/173 290/656/173 832/684/172
f 728/683/171 1136/682/172 832/684/172 178/685/171
f 178/685/171 832/684/172 1137/686/172 727/687/171
f 832/684/172 290/656/173 803/658/173 1137/686/172
f 1137/686/172 803/658/173 292/662/173 833/688/172
f 727/687/171 1137/686/172 833/688/172 177/689/171
f 177/689/171 833/688/172 1138/690/172 726/691/171
f 833/688/172 292/662/173 804/664/173 1138/690/172
f 1138/690/172 804/664/173 293/668/173 834/692/172
f 726/691/171 1138/690/172 834/692/172 175/693/171
f 175/693/171 834/692/172 1139/694/172 725/695/171
f 834/692/172 293/668/173 805/670/173 1139/694/172
f 1139/694/172 805/670/173 295/674/173 835/696/172
f 725/695/171 1139/694/172 835/696/172 174/697/171
f 174/697/171 835/696/172 1140/698/172 724/699/171
f 835/696/172 295/674/173 806/676/173 1140/698/172
f 1140/698/172 806/676/173 296/531/173 836/528/172
f 724/699/171 1140/698/172 836/528/172 172/527/171
f 120/449/188 609/700/188 1141/701/189 632/452/189
f 609/700/188 208/702/188 837/703/189 1141/701/189
f 1141/701/189 837/703/189 219/704/190 611/705/190
f 632/452/189 1141/701/189 611/705/190 122/433/190
f 208/702/188 752/706/188 1142/707/189 837/703/189
f 752/706/188 205/708/188 838/709/189 1142/707/189
f 1142/707/189 838/709/189 217/710/190 758/711/190
f 837/703/189 1142/707/189 758/711/190 219/704/190
f 205/708/188 751/712/188 1143/713/189 838/709/189
f 751/712/188 203/714/188 839/715/189 1143/713/189
f 1143/713/189 839/715/189 215/716/190 757/717/190
f 838/709/189 1143/713/189 757/717/190 217/710/190
f 203/714/188 750/718/188 1144/719/189 839/715/189
f 750/718/188 201/720/188 840/721/189 1144/719/189
f 1144/719/189 840/721/189 213/722/190 756/723/190
f 839/715/189 1144/719/189 756/723/190 215/716/190
f 201/720/188 749/724/188 1145/725/189 840/721/189
f 749/724/188 200/726/188 841/727/189 1145/725/189
f 1145/725/189 841/727/189 211/728/190 755/729/190
f 840/721/189 1145/725/189 755/729/190 213/722/190
f 200/726/188 748/730/188 1146/731/189 841/727/189
f 748/730/188 199/524/188 842/526/189 1146/731/189
f 1146/731/189 842/526/189 210/503/190 754/732/190
f 841/727/189 1146/731/189 754/732/190 211/728/190
f 119/445/191 608/733/191 1147/734/192 630/448/192
f 608/733/191 198/735/191 843/736/192 1147/734/192
f 1147/734/192 843/736/192 208/702/188 609/700/188
f 630/448/192 1147/734/192 609/700/188 120/449/188
f 198/735/191 746/737/191 1148/738/192 843/736/192
f 746/737/191 197/739/191 844/740/192 1148/738/192
f 1148/738/192 844/740/192 205/708/188 752/706/188
f 843/736/192 1148/738/192 752/706/188 208/702/188
f 197/739/191 745/741/191 1149/742/192 844/740/192
f 745/741/191 196/743/191 845/744/192 1149/742/192
f 1149/742/192 845/744/192 203/714/188 751/712/188
f 844/740/192 1149/742/192 751/712/188 205/708/188
f 196/743/191 744/745/191 1150/746/192 845/744/192
f 744/745/191 195/747/191 846/748/192 1150/746/192
f 1150/746/192 846/748/192 201/720/188 750/718/188
f 845/744/192 1150/746/192 750/718/188 203/714/188
f 195/747/191 743/749/191 1151/750/192 846/748/192
f 743/749/191 194/751/191 847/752/192 1151/750/192
f 1151/750/192 847/752/192 200/726/188 749/724/188
f 846/748/192 1151/750/192 749/724/188 201/720/188
f 194/751/191 742/753/191 1152/754/192 847/752/192
f 742/753/191 193/520/191 848/522/192 1152/754/192
f 1152/754/192 848/522/192 199/524/188 748/730/188
f 847/752/192 1152/754/192 748/730/188 200/726/188
f 118/443/193 606/755/193 1153/756/194 628/444/194
f 606/755/193 192/757/193 849/758/194 1153/756/194
f 1153/756/194 849/758/194 198/735/191 608/733/191
f 628/444/194 1153/756/194 608/733/191 119/445/191
f 192/757/193 740/759/193 1154/760/194 849/758/194
f 740/759/193 191/761/193 850/762/194 1154/760/194
f 1154/760/194 850/762/194 197/739/191 746/737/191
f 849/758/194 1154/760/194 746/737/191 198/735/191
f 191/761/193 739/763/193 1155/764/194 850/762/194
f 739/763/193 190/765/193 851/766/194 1155/764/194
f 1155/764/194 851/766/194 196/743/191 745/741/191
f 850/762/194 1155/764/194 745/741/191 197/739/191
f 190/765/193 738/767/193 1156/768/194 851/766/194
f 738/767/193 189/769/193 852/770/194 1156/768/194
f 1156/768/194 852/770/194 195/747/191 744/745/191
f 851/766/194 1156/768/194 744/745/191 196/743/191
f 189/769/193 737/771/193 1157/772/194 852/770/194
f 737/771/193 188/773/193 853/774/194 1157/772/194
f 1157/772/194 853/774/194 194/751/191 743/749/191
f 852/770/194 1157/772/194 743/749/191 195/747/191
f 188/773/193 736/775/193 1158/776/194 853/774/194
f 736/775/193 187/515/193 854/518/194 1158/776/194
f 1158/776/194 854/518/194 193/520/191 742/753/191
f 853/774/194 1158/776/194 742/753/191 194/751/191
f 117/379/197 605/397/197 1159/777/198 627/438/198
f 605/397/197 186/396/197 855/778/198 1159/777/198
f 1159/777/198 855/778/198 192/779/193 606/780/193
f 627/438/198 1159/777/198 606/780/193 118/439/193
f 186/396/197 734/781/197 1160/782/198 855/778/198
f 734/781/197 185/783/197 856/784/198 1160/782/198
f 1160/782/198 856/784/198 191/785/193 740/786/193
f 855/778/198 1160/782/198 740/786/193 192/779/193
f 185/783/197 733/787/197 1161/788/198 856/784/198
f 733/787/197 184/789/197 857/790/198 1161/788/198
f 1161/788/198 857/790/198 190/791/193 739/792/193
f 856/784/198 1161/788/198 739/792/193 191/785/193
f 184/789/197 732/793/197 1162/794/198 857/790/198
f 732/793/197 183/795/197 858/796/198 1162/794/198
f 1162/794/198 858/796/198 189/797/193 738/798/193
f 857/790/198 1162/794/198 738/798/193 190/791/193
f 183/795/197 731/799/197 1163/800/198 858/796/198
f 731/799/197 182/801/197 859/802/198 1163/800/198
f 1163/800/198 859/802/198 188/803/193 737/804/193
f 858/796/198 1163/800/198 737/804/193 189/797/193
f 182/801/197 730/805/197 1164/806/198 859/802/198
f 730/805/197 181/509/197 860/512/198 1164/806/198
f 1164/806/198 860/512/198 187/514/193 736/807/193
f 859/802/198 1164/806/198 736/807/193 188/803/193
f 122/433/190 611/705/190 1165/808/199 626/434/199
f 611/705/190 219/704/190 861/809/199 1165/808/199
f 1165/808/199 861/809/199 253/810/200 777/811/200
f 626/434/199 1165/808/199 777/811/200 111/435/200
f 219/704/190 758/711/190 1166/812/199 861/809/199
f 758/711/190 217/710/190 862/813/199 1166/812/199
f 1166/812/199 862/813/199 255/814/200 778/815/200
f 861/809/199 1166/812/199 778/815/200 253/810/200
f 217/710/190 757/717/190 1167/816/199 862/813/199
f 757/717/190 215/716/190 863/817/199 1167/816/199
f 1167/816/199 863/817/199 256/818/200 779/819/200
f 862/813/199 1167/816/199 779/819/200 255/814/200
f 215/716/190 756/723/190 1168/820/199 863/817/199
f 756/723/190 213/722/190 864/821/199 1168/820/199
f 1168/820/199 864/821/199 257/822/200 780/823/200
f 863/817/199 1168/820/199 780/823/200 256/818/200
f 213/722/190 755/729/190 1169/824/199 864/821/199
f 755/729/190 211/728/190 865/825/199 1169/824/199
f 1169/824/199 865/825/199 259/826/200 781/827/200
f 864/821/199 1169/824/199 781/827/200 257/822/200
f 211/728/190 754/732/190 1170/828/199 865/825/199
f 754/732/190 210/503/190 866/506/199 1170/828/199
f 1170/828/199 866/506/199 260/508/200 782/829/200
f 865/825/199 1170/828/199 782/829/200 259/826/200
f 1280/428/252 930/426/206 1171/830/206 1294/831/262 1292/832/258 1293/833/263
f 930/426/206 110/366/207 771/401/207 1171/830/206
f 1171/830/206 771/401/207 244/400/207 933/834/206
f 1294/831/262 1171/830/206 933/834/206 1296/835/256 1295/836/257
f 1296/835/256 933/834/206 1172/837/206 948/838/206 1299/839/205 1298/840/260 1297/841/261
f 933/834/206 244/400/207 772/842/207 1172/837/206
f 1172/837/206 772/842/207 245/843/207 934/844/206
f 948/838/206 1172/837/206 934/844/206 345/845/206
f 1300/846/251 345/845/206 934/844/206 1173/847/206 1302/848/264 1301/849/254
f 934/844/206 245/843/207 773/850/207 1173/847/206
f 1173/847/206 773/850/207 247/851/207 935/852/206
f 1302/848/264 1173/847/206 935/852/206 1305/853/259 1303/854/263 1304/855/253
f 935/852/206 1174/856/206 1307/857/262 1306/858/258 1305/853/259
f 935/852/206 247/851/207 774/859/207 1174/856/206
f 1174/856/206 774/859/207 249/860/207 936/861/206
f 1174/856/206 936/861/206 1309/862/265 1310/863/261 1308/864/257 1307/857/262
f 1309/862/265 936/861/206 1175/865/206 947/866/206 1312/867/205 1311/868/260
f 936/861/206 249/860/207 775/869/207 1175/865/206
f 1175/865/206 775/869/207 250/870/207 937/871/206
f 947/866/206 1175/865/206 937/871/206 346/872/206
f 1315/873/251 346/872/206 937/871/206 1176/874/206 1314/875/252 1313/876/253 1316/877/254
f 937/871/206 250/870/207 776/878/207 1176/874/206
f 1176/874/206 776/878/207 252/499/207 938/493/206
f 1314/875/252 1176/874/206 938/493/206 1287/498/259 1317/879/263
f 125/464/232 653/463/233 1177/880/233 634/881/232
f 653/463/233 144/462/234 759/613/234 1177/880/233
f 1177/880/233 759/613/234 222/617/234 873/882/233
f 634/881/232 1177/880/233 873/882/233 242/883/232
f 242/883/232 873/882/233 1178/884/233 770/885/232
f 873/882/233 222/617/234 760/619/234 1178/884/233
f 1178/884/233 760/619/234 224/623/234 874/886/233
f 770/885/232 1178/884/233 874/886/233 241/887/232
f 241/887/232 874/886/233 1179/888/233 769/889/232
f 874/886/233 224/623/234 761/625/234 1179/888/233
f 1179/888/233 761/625/234 225/629/234 875/890/233
f 769/889/232 1179/888/233 875/890/233 239/891/232
f 239/891/232 875/890/233 1180/892/233 768/893/232
f 875/890/233 225/629/234 762/631/234 1180/892/233
f 1180/892/233 762/631/234 227/635/234 876/894/233
f 768/893/232 1180/892/233 876/894/233 237/895/232
f 237/895/232 876/894/233 1181/896/233 767/897/232
f 876/894/233 227/635/234 763/637/234 1181/896/233
f 1181/896/233 763/637/234 230/641/234 877/898/233
f 767/897/232 1181/896/233 877/898/233 235/899/232
f 235/899/232 877/898/233 1182/900/233 766/901/232
f 877/898/233 230/641/234 764/643/234 1182/900/233
f 1182/900/233 764/643/234 231/422/234 878/419/233
f 766/901/232 1182/900/233 878/419/233 233/418/232
f 131/468/235 641/902/235 1183/903/235 654/469/235
f 641/902/235 279/904/235 879/905/235 1183/903/235
f 1183/903/235 879/905/235 287/906/236 642/907/236
f 654/469/235 1183/903/235 642/907/236 132/470/236
f 279/904/235 794/908/235 1184/909/235 879/905/235
f 794/908/235 277/910/235 880/911/235 1184/909/235
f 1184/909/235 880/911/235 286/912/236 800/913/236
f 879/905/235 1184/909/235 800/913/236 287/906/236
f 277/910/235 793/914/235 1185/915/235 880/911/235
f 793/914/235 275/916/235 881/917/235 1185/915/235
f 1185/915/235 881/917/235 285/918/236 799/919/236
f 880/911/235 1185/915/235 799/919/236 286/912/236
f 275/916/235 792/920/235 1186/921/235 881/917/235
f 792/920/235 274/922/235 882/923/235 1186/921/235
f 1186/921/235 882/923/235 283/924/236 798/925/236
f 881/917/235 1186/921/235 798/925/236 285/918/236
f 274/922/235 791/926/235 1187/927/235 882/923/235
f 791/926/235 272/928/235 883/929/235 1187/927/235
f 1187/927/235 883/929/235 282/930/236 797/931/236
f 882/923/235 1187/927/235 797/931/236 283/924/236
f 272/928/235 790/932/235 1188/933/235 883/929/235
f 790/932/235 271/415/235 884/417/235 1188/933/235
f 1188/933/235 884/417/235 280/385/236 796/934/236
f 883/929/235 1188/933/235 796/934/236 282/930/236
f 129/474/237 639/935/237 1189/936/235 655/475/235
f 639/935/237 269/937/237 885/938/235 1189/936/235
f 1189/936/235 885/938/235 279/904/235 641/902/235
f 655/475/235 1189/936/235 641/902/235 131/468/235
f 269/937/237 788/939/237 1190/940/235 885/938/235
f 788/939/237 268/941/237 886/942/235 1190/940/235
f 1190/940/235 886/942/235 277/910/235 794/908/235
f 885/938/235 1190/940/235 794/908/235 279/904/235
f 268/941/237 787/943/237 1191/944/235 886/942/235
f 787/943/237 266/945/237 887/946/235 1191/944/235
f 1191/944/235 887/946/235 275/916/235 793/914/235
f 886/942/235 1191/944/235 793/914/235 277/910/235
f 266/945/237 786/947/237 1192/948/235 887/946/235
f 786/947/237 265/949/237 888/950/235 1192/948/235
f 1192/948/235 888/950/235 274/922/235 792/920/235
f 887/946/235 1192/948/235 792/920/235 275/916/235
f 265/949/237 785/951/237 1193/952/235 888/950/235
f 785/951/237 263/953/237 889/954/235 1193/952/235
f 1193/952/235 889/954/235 272/928/235 791/926/235
f 888/950/235 1193/952/235 791/926/235 274/922/235
f 263/953/237 784/955/237 1194/956/235 889/954/235
f 784/955/237 262/411/237 890/413/235 1194/956/235
f 1194/956/235 890/413/235 271/415/235 790/932/235
f 889/954/235 1194/956/235 790/932/235 272/928/235
f 125/478/232 634/957/232 1195/958/238 656/479/238
f 634/957/232 242/959/232 891/960/238 1195/958/238
f 1195/958/238 891/960/238 269/937/237 639/935/237
f 656/479/238 1195/958/238 639/935/237 129/474/237
f 242/959/232 770/961/232 1196/962/238 891/960/238
f 770/961/232 241/963/232 892/964/238 1196/962/238
f 1196/962/238 892/964/238 268/941/237 788/939/237
f 891/960/238 1196/962/238 788/939/237 269/937/237
f 241/963/232 769/965/232 1197/966/238 892/964/238
f 769/965/232 239/967/232 893/968/238 1197/966/238
f 1197/966/238 893/968/238 266/945/237 787/943/237
f 892/964/238 1197/966/238 787/943/237 268/941/237
f 239/967/232 768/969/232 1198/970/238 893/968/238
f 768/969/232 237/971/232 894/972/238 1198/970/238
f 1198/970/238 894/972/238 265/949/237 786/947/237
f 893/968/238 1198/970/238 786/947/237 266/945/237
f 237/971/232 767/973/232 1199/974/238 894/972/238
f 767/973/232 235/975/232 895/976/238 1199/974/238
f 1199/974/238 895/976/238 263/953/237 785/951/237
f 894/972/238 1199/974/238 785/951/237 265/949/237
f 235/975/232 766/977/232 1200/978/238 895/976/238
f 766/977/232 233/406/232 896/409/238 1200/978/238
f 1200/978/238 896/409/238 262/411/237 784/955/237
f 895/976/238 1200/978/238 784/955/237 263/953/237
f 126/312/207 636/500/207 1201/979/239 657/481/239
f 636/500/207 252/499/207 897/980/239 1201/979/239
f 1201/979/239 897/980/239 260/981/200 637/982/200
f 657/481/239 1201/979/239 637/982/200 128/482/200
f 252/499/207 776/878/207 1202/983/239 897/980/239
f 776/878/207 250/870/207 898/984/239 1202/983/239
f 1202/983/239 898/984/239 259/985/200 782/986/200
f 897/980/239 1202/983/239 782/986/200 260/981/200
f 250/870/207 775/869/207 1203/987/239 898/984/239
f 775/869/207 249/860/207 899/988/239 1203/987/239
f 1203/987/239 899/988/239 257/989/200 781/990/200
f 898/984/239 1203/987/239 781/990/200 259/985/200
f 249/860/207 774/859/207 1204/991/239 899/988/239
f 774/859/207 247/851/207 900/992/239 1204/991/239
f 1204/991/239 900/992/239 256/993/200 780/994/200
f 899/988/239 1204/991/239 780/994/200 257/989/200
f 247/851/207 773/850/207 1205/995/239 900/992/239
f 773/850/207 245/843/207 901/996/239 1205/995/239
f 1205/995/239 901/996/239 255/997/200 779/998/200
f 900/992/239 1205/995/239 779/998/200 256/993/200
f 245/843/207 772/842/207 1206/999/239 901/996/239
f 772/842/207 244/400/207 902/403/239 1206/999/239
f 1206/999/239 902/403/239 253/405/200 778/1000/200
f 901/996/239 1206/999/239 778/1000/200 255/997/200
f 1318/1001/266 1285/487/255 931/486/240 1207/1002/240 1320/1003/248 1319/1004/267
f 931/486/240 137/287/197 729/510/197 1207/1002/240
f 1207/1002/240 729/510/197 181/509/197 939/1005/240
f 1207/1002/240 939/1005/240 1323/1006/268 1322/1007/250 1321/1008/247 1320/1003/248
f 939/1005/240 1208/1009/240 1325/1010/244 1324/1011/249 1323/1006/268
f 939/1005/240 181/509/197 730/805/197 1208/1009/240
f 1208/1009/240 730/805/197 182/801/197 940/1012/240
f 1208/1009/240 940/1012/240 347/1013/240 1328/1014/241 1327/1015/242 1326/1016/243 1325/1010/244
f 347/1013/240 940/1012/240 1209/1017/240 946/1018/240
f 940/1012/240 182/801/197 731/799/197 1209/1017/240
f 1209/1017/240 731/799/197 183/795/197 941/1019/240
f 946/1018/240 1209/1017/240 941/1019/240 1331/1020/269 1330/1021/266 1329/1022/255
f 1331/1020/269 941/1019/240 1210/1023/240 1334/1024/246 1332/1025/247 1333/1026/267
f 941/1019/240 183/795/197 732/793/197 1210/1023/240
f 1210/1023/240 732/793/197 184/789/197 942/1027/240
f 1210/1023/240 942/1027/240 1336/1028/268 1335/1029/250 1334/1024/246
f 942/1027/240 1211/1030/240 1339/1031/270 1338/1032/243 1337/1033/249 1336/1028/268
f 942/1027/240 184/789/197 733/787/197 1211/1030/240
f 1211/1030/240 733/787/197 185/783/197 943/1034/240
f 1211/1030/240 943/1034/240 348/1035/240 1341/1036/241 1340/1037/242 1339/1031/270
f 348/1035/240 943/1034/240 1212/1038/240 945/1039/240
f 943/1034/240 185/783/197 734/781/197 1212/1038/240
f 1212/1038/240 734/781/197 186/396/197 944/391/240
f 945/1039/240 1212/1038/240 944/391/240 1276/395/248 1344/1040/267 1343/1041/266 1342/1042/255
f 132/470/236 642/907/236 1213/1043/245 659/490/245
f 642/907/236 287/906/236 909/1044/245 1213/1043/245
f 1213/1043/245 909/1044/245 172/1045/171 723/1046/171
f 659/490/245 1213/1043/245 723/1046/171 135/491/171
f 287/906/236 800/913/236 1214/1047/245 909/1044/245
f 800/913/236 286/912/236 910/1048/245 1214/1047/245
f 1214/1047/245 910/1048/245 174/1049/171 724/1050/171
f 909/1044/245 1214/1047/245 724/1050/171 172/1045/171
f 286/912/236 799/919/236 1215/1051/245 910/1048/245
f 799/919/236 285/918/236 911/1052/245 1215/1051/245
f 1215/1051/245 911/1052/245 175/1053/171 725/1054/171
f 910/1048/245 1215/1051/245 725/1054/171 174/1049/171
f 285/918/236 798/925/236 1216/1055/245 911/1052/245
f 798/925/236 283/924/236 912/1056/245 1216/1055/245
f 1216/1055/245 912/1056/245 177/1057/171 726/1058/171
f 911/1052/245 1216/1055/245 726/1058/171 175/1053/171
f 283/924/236 797/931/236 1217/1059/245 912/1056/245
f 797/931/236 282/930/236 913/1060/245 1217/1059/245
f 1217/1059/245 913/1060/245 178/1061/171 727/1062/171
f 912/1056/245 1217/1059/245 727/1062/171 177/1057/171
f 282/930/236 796/934/236 1218/1063/245 913/1060/245
f 796/934/236 280/385/236 914/388/245 1218/1063/245
f 1218/1063/245 914/388/245 180/390/171 728/1064/171
f 913/1060/245 1218/1063/245 728/1064/171 178/1061/171
f 390/1065/240 979/1066/240 1219/1067/240 1010/1068/240
f 1219/1067/240 979/1066/240 348/1035/240 945/1039/240 1347/1069/255 1348/1070/271 1346/1071/272 1345/1072/273 1349/1073/274
f 1342/1042/255 1347/1069/255 945/1039/240
f 1350/1074/275 1219/1067/240 1349/1073/274
f 392/1075/240 1010/1068/240 1219/1067/240 1350/1074/275 1351/1076/276 1352/1077/277 1353/1078/278
f 1009/1079/240 389/1080/240 1354/1081/279 1355/1082/280 1357/1083/281 1356/1084/282
f 1341/1036/241 348/1035/240 979/1066/240 1358/1085/283 1359/1086/284 1361/1087/285 1360/1088/286
f 979/1066/240 390/1065/240 1009/1079/240 1356/1084/282 1362/1089/287 1358/1085/283
f 1008/1090/240 387/1091/240 1364/1092/288 1363/1093/277 1365/1094/289 1366/1095/290
f 1354/1081/279 389/1080/240 1008/1090/240 1366/1095/290 1367/1096/291
f 1220/1097/240 1007/1098/240 386/1099/240 1368/1100/292 1369/1101/292
f 347/1013/240 946/1018/240 1220/1097/240 1369/1101/292 1373/1102/284 1370/1103/285 1371/1104/286 1372/1105/241
f 1376/1106/273 1377/1107/274 1220/1097/240 946/1018/240 1329/1022/255 1375/1108/271 1374/1109/272
f 387/1091/240 1007/1098/240 1220/1097/240 1377/1107/274 1378/1110/276 1364/1092/288
f 1006/1111/240 384/1112/240 1379/1113/279 1381/1114/280 1380/1115/293
f 1328/1014/241 347/1013/240 1372/1105/241
f 386/1099/240 1006/1111/240 1380/1115/293 1382/1116/281 1383/1117/287 1368/1100/292
f 1005/1118/240 372/1119/240 1385/1120/274 1384/1121/276 1386/1122/277 1387/1123/278
f 1379/1113/279 384/1112/240 1005/1118/240 1387/1123/278 1388/1124/289 1389/1125/291
f 1393/1126/294 1004/1127/206 381/1128/206 1391/1129/295 1390/1130/296 1392/1131/297
f 1394/1132/251 346/872/206 1315/873/251
f 1396/1133/298 382/1134/206 1004/1127/206 1393/1126/294 1395/1135/299
f 1397/1136/300 1221/1137/206 1003/1138/206 379/1139/206 1399/1140/301 1398/1141/302
f 947/866/206 1221/1137/206 1397/1136/300 1401/1142/303 1400/1143/304 1402/1144/305 1312/867/205
f 1404/1145/306 1403/1146/295 1221/1137/206 947/866/206 346/872/206 1394/1132/251 1406/1147/307 1405/1148/308
f 1391/1129/295 381/1128/206 1003/1138/206 1221/1137/206 1403/1146/295
f 1409/1149/309 1002/1150/206 378/1151/206 1407/1152/298 1408/1153/310
f 1399/1140/301 379/1139/206 1002/1150/206 1409/1149/309 1410/1154/311 1411/1155/312
f 1414/1156/313 1001/1157/206 377/1158/206 978/1159/206 1413/1160/314 1412/1161/296
f 978/1159/206 345/845/206 1300/846/251 1415/1162/307 1416/1163/308 1417/1164/306 1413/1160/314
f 1407/1152/298 378/1151/206 1001/1157/206 1414/1156/313 1418/1165/297 1419/1166/299
f 1420/1167/315 1222/1168/206 1000/1169/206 375/1170/206 1422/1171/316 1421/1172/312 1423/1173/302
f 948/838/206 1425/1174/205 1299/839/205
f 1424/1175/300 1222/1168/206 1420/1167/315
f 1425/1174/205 948/838/206 345/845/206 978/1159/206 1222/1168/206 1424/1175/300 1426/1176/303 1427/1177/304 1428/1178/305
f 1000/1169/206 1222/1168/206 978/1159/206 377/1158/206
f 999/1179/206 371/1180/206 1430/1181/317 1429/1182/299 1432/1183/310 1431/1184/309
f 1422/1171/316 375/1170/206 999/1179/206 1431/1184/309 1433/1185/311
f 998/1186/206 382/1134/206 1396/1133/298 1435/1187/310 1436/1188/311 1434/1189/316
f 1437/1190/300 374/1191/206 998/1186/206 1434/1189/316 1439/1192/312 1438/1193/302
f 363/1194/202 974/1195/202 1223/1196/240 997/1197/240
f 974/1195/202 341/300/202 949/485/240 1223/1196/240
f 1440/1198/273 1442/1199/274 1223/1196/240 949/485/240 1284/488/255 1443/1200/271 1441/1201/272
f 372/1119/240 997/1197/240 1223/1196/240 1442/1199/274 1385/1120/274
f 366/1202/209 976/1203/209 1224/1204/206 996/1205/206
f 976/1203/209 343/317/209 950/425/206 1224/1204/206
f 1224/1204/206 950/425/206 1282/427/251 1444/1206/307 1445/1207/308 1446/1208/306 1447/1209/295
f 1430/1181/317 371/1180/206 996/1205/206 1224/1204/206 1447/1209/295 1448/1210/296 1449/1211/297
f 1451/1212/318 995/1213/240 392/1075/240 1353/1078/278 1450/1214/289
f 369/1215/240 995/1213/240 1451/1212/318 1452/1216/291 1453/1217/280 1454/1218/293
f 1456/1219/292 1225/1220/240 994/1221/240 369/1215/240 1454/1218/293 1455/1222/281 1457/1223/287
f 1274/375/241 951/374/240 1225/1220/240 1456/1219/292 1458/1224/284 1459/1225/285 1460/1226/286
f 1225/1220/240 951/374/240 344/46/36 977/1227/36
f 994/1221/240 1225/1220/240 977/1227/36 368/1228/36
f 351/1229/35 966/1230/35 1226/1231/208 993/1232/208
f 966/1230/35 325/45/35 952/315/208 1226/1231/208
f 1226/1231/208 952/315/208 343/317/209 976/1203/209
f 993/1232/208 1226/1231/208 976/1203/209 366/1202/209
f 1461/1233/300 1227/1234/206 992/1235/206 374/1191/206 1437/1190/300
f 1270/311/205 953/310/206 1227/1234/206 1461/1233/300 1464/1236/303 1462/1237/304 1463/1238/305
f 1227/1234/206 953/310/206 342/10/10 975/1239/10
f 992/1235/206 1227/1234/206 975/1239/10 364/1240/10
f 353/1241/20 967/1242/20 1228/1243/201 991/1244/201
f 967/1242/20 328/27/20 954/298/201 1228/1243/201
f 1228/1243/201 954/298/201 341/300/202 974/1195/202
f 991/1244/201 1228/1243/201 974/1195/202 363/1194/202
f 360/1245/117 972/1246/117 1229/1247/117 990/1248/117
f 972/1246/117 338/158/117 955/160/117 1229/1247/117
f 1229/1247/117 955/160/117 340/19/15 973/1249/15
f 990/1248/117 1229/1247/117 973/1249/15 362/1250/15
f 358/1251/116 971/1252/116 1230/1253/117 989/1254/117
f 971/1252/116 335/152/116 956/154/117 1230/1253/117
f 1230/1253/117 956/154/117 338/158/117 972/1246/117
f 989/1254/117 1230/1253/117 972/1246/117 360/1245/117
f 393/1255/14 915/1256/14 1231/1257/115 988/1258/115
f 915/1256/14 321/147/14 957/150/115 1231/1257/115
f 1231/1257/115 957/150/115 335/152/116 971/1252/116
f 988/1258/115 1231/1257/115 971/1252/116 358/1251/116
f 355/1259/102 969/1260/102 1232/1261/102 987/1262/102
f 969/1260/102 332/126/102 958/128/102 1232/1261/102
f 1232/1261/102 958/128/102 333/37/30 970/1263/30
f 987/1262/102 1232/1261/102 970/1263/30 357/1264/30
f 354/1265/101 968/1266/101 1233/1267/102 986/1268/102
f 968/1266/101 330/122/101 959/124/102 1233/1267/102
f 1233/1267/102 959/124/102 332/126/102 969/1260/102
f 986/1268/102 1233/1267/102 969/1260/102 355/1259/102
f 349/1269/41 965/1270/41 1234/1271/100 985/1272/100
f 965/1270/41 323/54/41 960/120/100 1234/1271/100
f 1234/1271/100 960/120/100 330/122/101 968/1266/101
f 985/1272/100 1234/1271/100 968/1266/101 354/1265/101
f 368/1228/36 977/1227/36 1235/1273/37 984/1274/37
f 977/1227/36 344/46/36 961/49/37 1235/1273/37
f 1235/1273/37 961/49/37 323/54/41 965/1270/41
f 984/1274/37 1235/1273/37 965/1270/41 349/1269/41
f 357/1264/30 970/1263/30 1236/1275/31 983/1276/31
f 970/1263/30 333/37/30 962/40/31 1236/1275/31
f 1236/1275/31 962/40/31 325/45/35 966/1230/35
f 983/1276/31 1236/1275/31 966/1230/35 351/1229/35
f 362/1250/15 973/1249/15 1237/1277/16 982/1278/16
f 973/1249/15 340/19/15 963/22/16 1237/1277/16
f 1237/1277/16 963/22/16 328/27/20 967/1242/20
f 982/1278/16 1237/1277/16 967/1242/20 353/1241/20
f 364/1240/10 975/1239/10 1238/1279/11 981/1280/11
f 975/1239/10 342/10/10 964/13/11 1238/1279/11
f 1238/1279/11 964/13/11 321/18/14 915/1281/14
f 981/1280/11 1238/1279/11 915/1281/14 393/1282/14
f 162/567/10 688/1283/10 1239/1284/11 722/609/11
f 688/1283/10 364/1240/10 981/1280/11 1239/1284/11
f 1239/1284/11 981/1280/11 393/1282/14 980/1285/14
f 722/609/11 1239/1284/11 980/1285/14 146/610/14
f 159/577/15 683/1286/15 1240/1287/16 721/607/16
f 683/1286/15 362/1250/15 982/1278/16 1240/1287/16
f 1240/1287/16 982/1278/16 353/1241/20 672/1288/20
f 721/607/16 1240/1287/16 672/1288/20 150/571/20
f 154/592/30 677/1289/30 1241/1290/31 720/605/31
f 677/1289/30 357/1264/30 983/1276/31 1241/1290/31
f 1241/1290/31 983/1276/31 351/1229/35 669/1291/35
f 720/605/31 1241/1290/31 669/1291/35 148/563/35
f 165/559/36 692/1292/36 1242/1293/37 719/603/37
f 692/1292/36 368/1228/36 984/1274/37 1242/1293/37
f 1242/1293/37 984/1274/37 349/1269/41 668/1294/41
f 719/603/37 1242/1293/37 668/1294/41 147/600/41
f 147/600/41 668/1294/41 1243/1295/100 718/601/100
f 668/1294/41 349/1269/41 985/1272/100 1243/1295/100
f 1243/1295/100 985/1272/100 354/1265/101 674/1296/101
f 718/601/100 1243/1295/100 674/1296/101 151/596/101
f 151/596/101 674/1296/101 1244/1297/102 717/597/102
f 674/1296/101 354/1265/101 986/1268/102 1244/1297/102
f 1244/1297/102 986/1268/102 355/1259/102 676/1298/102
f 717/597/102 1244/1297/102 676/1298/102 153/590/102
f 153/590/102 676/1298/102 1245/1299/102 716/591/102
f 676/1298/102 355/1259/102 987/1262/102 1245/1299/102
f 1245/1299/102 987/1262/102 357/1264/30 677/1289/30
f 716/591/102 1245/1299/102 677/1289/30 154/592/30
f 146/586/14 980/1300/14 1246/1301/115 715/587/115
f 980/1300/14 393/1255/14 988/1258/115 1246/1301/115
f 1246/1301/115 988/1258/115 358/1251/116 679/1302/116
f 715/587/115 1246/1301/115 679/1302/116 156/582/116
f 156/582/116 679/1302/116 1247/1303/117 714/583/117
f 679/1302/116 358/1251/116 989/1254/117 1247/1303/117
f 1247/1303/117 989/1254/117 360/1245/117 682/1304/117
f 714/583/117 1247/1303/117 682/1304/117 157/575/117
f 157/575/117 682/1304/117 1248/1305/117 713/576/117
f 682/1304/117 360/1245/117 990/1248/117 1248/1305/117
f 1248/1305/117 990/1248/117 362/1250/15 683/1286/15
f 713/576/117 1248/1305/117 683/1286/15 159/577/15
f 150/571/20 672/1288/20 1249/1306/201 712/572/201
f 672/1288/20 353/1241/20 991/1244/201 1249/1306/201
f 1249/1306/201 991/1244/201 363/1194/202 686/1307/202
f 712/572/201 1249/1306/201 686/1307/202 161/541/202
f 171/537/206 700/1308/206 1250/1309/206 711/566/206
f 700/1308/206 374/1191/206 992/1235/206 1250/1309/206
f 1250/1309/206 992/1235/206 364/1240/10 688/1283/10
f 711/566/206 1250/1309/206 688/1283/10 162/567/10
f 148/563/35 669/1291/35 1251/1310/208 710/564/208
f 669/1291/35 351/1229/35 993/1232/208 1251/1310/208
f 1251/1310/208 993/1232/208 366/1202/209 690/1311/209
f 710/564/208 1251/1310/208 690/1311/209 164/547/209
f 167/555/240 694/1312/240 1252/1313/240 709/558/240
f 694/1312/240 369/1215/240 994/1221/240 1252/1313/240
f 1252/1313/240 994/1221/240 368/1228/36 692/1292/36
f 709/558/240 1252/1313/240 692/1292/36 165/559/36
f 319/553/240 908/1314/240 1253/1315/240 707/554/240
f 908/1314/240 392/1075/240 995/1213/240 1253/1315/240
f 1253/1315/240 995/1213/240 369/1215/240 694/1312/240
f 707/554/240 1253/1315/240 694/1312/240 167/555/240
f 164/547/209 690/1311/209 1254/1316/206 706/548/206
f 690/1311/209 366/1202/209 996/1205/206 1254/1316/206
f 1254/1316/206 996/1205/206 371/1180/206 696/1317/206
f 706/548/206 1254/1316/206 696/1317/206 168/549/206
f 161/541/202 686/1307/202 1255/1318/240 703/542/240
f 686/1307/202 363/1194/202 997/1197/240 1255/1318/240
f 1255/1318/240 997/1197/240 372/1119/240 697/1319/240
f 703/542/240 1255/1318/240 697/1319/240 170/543/240
f 307/535/206 872/1320/206 1256/1321/206 701/536/206
f 872/1320/206 382/1134/206 998/1186/206 1256/1321/206
f 1256/1321/206 998/1186/206 374/1191/206 700/1308/206
f 701/536/206 1256/1321/206 700/1308/206 171/537/206
f 168/549/206 696/1317/206 1257/1322/206 807/647/206
f 696/1317/206 371/1180/206 999/1179/206 1257/1322/206
f 1257/1322/206 999/1179/206 375/1170/206 867/1323/206
f 807/647/206 1257/1322/206 867/1323/206 298/648/206
f 298/648/206 867/1323/206 1258/1324/206 808/653/206
f 867/1323/206 375/1170/206 1000/1169/206 1258/1324/206
f 1258/1324/206 1000/1169/206 377/1158/206 868/1325/206
f 808/653/206 1258/1324/206 868/1325/206 299/654/206
f 299/654/206 868/1325/206 1259/1326/206 809/659/206
f 868/1325/206 377/1158/206 1001/1157/206 1259/1326/206
f 1259/1326/206 1001/1157/206 378/1151/206 869/1327/206
f 809/659/206 1259/1326/206 869/1327/206 301/660/206
f 301/660/206 869/1327/206 1260/1328/206 810/665/206
f 869/1327/206 378/1151/206 1002/1150/206 1260/1328/206
f 1260/1328/206 1002/1150/206 379/1139/206 870/1329/206
f 810/665/206 1260/1328/206 870/1329/206 303/666/206
f 303/666/206 870/1329/206 1261/1330/206 811/671/206
f 870/1329/206 379/1139/206 1003/1138/206 1261/1330/206
f 1261/1330/206 1003/1138/206 381/1128/206 871/1331/206
f 811/671/206 1261/1330/206 871/1331/206 305/672/206
f 305/672/206 871/1331/206 1262/1332/206 812/677/206
f 871/1331/206 381/1128/206 1004/1127/206 1262/1332/206
f 1262/1332/206 1004/1127/206 382/1134/206 872/1320/206
f 812/677/206 1262/1332/206 872/1320/206 307/535/206
f 170/543/240 697/1319/240 1263/1333/240 813/614/240
f 697/1319/240 372/1119/240 1005/1118/240 1263/1333/240
f 1263/1333/240 1005/1118/240 384/1112/240 903/1334/240
f 813/614/240 1263/1333/240 903/1334/240 309/615/240
f 309/615/240 903/1334/240 1264/1335/240 814/620/240
f 903/1334/240 384/1112/240 1006/1111/240 1264/1335/240
f 1264/1335/240 1006/1111/240 386/1099/240 904/1336/240
f 814/620/240 1264/1335/240 904/1336/240 312/621/240
f 312/621/240 904/1336/240 1265/1337/240 815/626/240
f 904/1336/240 386/1099/240 1007/1098/240 1265/1337/240
f 1265/1337/240 1007/1098/240 387/1091/240 905/1338/240
f 815/626/240 1265/1337/240 905/1338/240 313/627/240
f 313/627/240 905/1338/240 1266/1339/240 816/632/240
f 905/1338/240 387/1091/240 1008/1090/240 1266/1339/240
f 1266/1339/240 1008/1090/240 389/1080/240 906/1340/240
f 816/632/240 1266/1339/240 906/1340/240 315/633/240
f 315/633/240 906/1340/240 1267/1341/240 817/638/240
f 906/1340/240 389/1080/240 1009/1079/240 1267/1341/240
f 1267/1341/240 1009/1079/240 390/1065/240 907/1342/240
f 817/638/240 1267/1341/240 907/1342/240 317/639/240
f 317/639/240 907/1342/240 1268/1343/240 818/644/240
f 907/1342/240 390/1065/240 1010/1068/240 1268/1343/240
f 1268/1343/240 1010/1068/240 392/1075/240 908/1314/240
f 818/644/240 1268/1343/240 908/1314/240 319/553/240
f 61/1344/235 63/1345/319 6/1346/249 3/1347/250
f 63/1345/319 65/1348/320 8/1349/243 6/1346/249
f 65/1348/320 68/1350/321 12/1351/242 8/1349/243
f 68/1350/321 70/1352/322 14/1353/286 12/1351/242
f 70/1352/322 71/1354/117 18/1355/285 14/1353/286
f 71/1354/117 73/1356/323 20/1357/284 18/1355/285
f 73/1356/323 75/1358/324 23/1359/287 20/1357/284
f 75/1358/324 78/1360/325 27/1361/281 23/1359/287
f 78/1360/325 79/1362/326 30/1363/280 27/1361/281
f 79/1362/326 82/1364/188 33/1365/291 30/1363/280
f 82/1364/188 84/1366/327 36/1367/289 33/1365/291
f 84/1366/327 86/1368/328 39/1369/277 36/1367/289
f 86/1368/328 88/1370/329 41/1371/276 39/1369/277
f 88/1370/329 90/1372/330 44/1373/273 41/1371/276
f 90/1372/330 92/1374/102 47/1375/272 44/1373/273
f 92/1374/102 93/1376/331 51/1377/271 47/1375/272
f 93/1376/331 96/1378/332 54/1379/266 51/1377/271
f 96/1378/332 98/1380/333 57/1381/267 54/1379/266
f 3/1382/250 6/1383/249 8/1384/243 12/1385/242 14/1386/286 18/1387/285 20/1388/284 23/1389/287 27/1390/281 30/1391/280 33/1392/291 36/1393/289 39/1394/277 41/1395/276 44/1396/273 47/1397/272 51/1398/271 54/1399/266 57/1400/267 59/1401/247
f 98/1380/333 100/1402/334 59/1403/247 57/1381/267
f 100/1402/334 61/1404/235 3/1405/250 59/1403/247
f 61/1404/235 100/1402/334 1321/1406/247 1322/1407/250
f 100/1402/334 98/1380/333 1319/1408/267 1320/1409/248 1321/1406/247
f 98/1380/333 96/1378/332 1318/1410/266 1319/1408/267
f 96/1378/332 93/1376/331 1443/1411/271 1284/1412/255 1285/1413/255 1318/1410/266
f 1443/1411/271 93/1376/331 92/1374/102 1441/1414/272
f 1441/1414/272 92/1374/102 90/1372/330 1440/1415/273
f 1440/1415/273 90/1372/330 88/1370/329 1384/1416/276 1385/1417/274 1442/1418/274
f 88/1370/329 86/1368/328 1386/1419/277 1384/1416/276
f 1386/1419/277 86/1368/328 84/1366/327 1388/1420/289 1387/1421/278
f 1388/1420/289 84/1366/327 82/1364/188 1389/1422/291
f 1389/1422/291 82/1364/188 79/1362/326 1381/1423/280 1379/1424/279
f 79/1362/326 78/1360/325 1382/1425/281 1380/1426/293 1381/1423/280
f 78/1360/325 75/1358/324 1383/1427/287 1382/1425/281
f 1383/1427/287 75/1358/324 73/1356/323 1373/1428/284 1369/1429/292 1368/1430/292
f 73/1356/323 71/1354/117 1370/1431/285 1373/1428/284
f 1370/1431/285 71/1354/117 70/1352/322 1371/1432/286
f 1371/1432/286 70/1352/322 68/1350/321 1327/1433/242 1328/1434/241 1372/1435/241
f 68/1350/321 65/1348/320 1326/1436/243 1327/1433/242
f 65/1348/320 63/1345/319 1324/1437/249 1325/1438/244 1326/1436/243
f 63/1345/319 61/1344/235 1322/1439/250 1323/1440/268 1324/1437/249
f 149/1441/299 145/1442/297 143/1443/296 140/1444/306 136/1445/308 133/1446/307 130/1447/254 127/1448/253 124/1449/263 121/1450/258 179/1451/257 176/1452/261 173/1453/260 169/1454/305 166/1455/304 163/1456/303 160/1457/302 158/1458/312 155/1459/311 152/1460/310
f 1289/1461/257 238/1462/334 240/1463/235 1286/1464/258
f 1290/1465/261 236/1466/333 238/1462/334 1289/1461/257 1288/1467/256
f 1291/1468/260 234/1469/332 236/1466/333 1290/1465/261
f 1463/1470/305 232/1471/331 234/1469/332 1291/1468/260 1269/1472/205 1270/1473/205
f 1462/1474/304 229/1475/102 232/1471/331 1463/1470/305
f 1464/1476/303 228/1477/330 229/1475/102 1462/1474/304
f 1437/1478/300 1438/1479/302 226/1480/329 228/1477/330 1464/1476/303 1461/1481/300
f 1439/1482/312 223/1483/328 226/1480/329 1438/1479/302
f 1436/1484/311 221/1485/327 223/1483/328 1439/1482/312 1434/1486/316
f 1435/1487/310 220/1488/188 221/1485/327 1436/1484/311
f 1395/1489/299 218/1490/326 220/1488/188 1435/1487/310 1396/1491/298
f 1392/1492/297 216/1493/325 218/1490/326 1395/1489/299 1393/1494/294
f 1390/1495/296 214/1496/324 216/1493/325 1392/1492/297
f 1404/1497/306 212/1498/323 214/1496/324 1390/1495/296 1391/1499/295 1403/1500/295
f 1405/1501/308 209/1502/117 212/1498/323 1404/1497/306
f 1406/1503/307 207/1504/322 209/1502/117 1405/1501/308
f 1316/1505/254 206/1506/321 207/1504/322 1406/1503/307 1394/1507/251 1315/1508/251
f 1313/1509/253 204/1510/320 206/1506/321 1316/1505/254
f 1317/1511/263 202/1512/319 204/1510/320 1313/1509/253 1314/1513/252
f 1286/1514/258 240/1515/235 202/1512/319 1317/1511/263 1287/1516/259
f 121/1517/258 124/1518/263 202/1512/319 240/1515/235
f 124/1518/263 127/1519/253 204/1510/320 202/1512/319
f 127/1519/253 130/1520/254 206/1506/321 204/1510/320
f 130/1520/254 133/1521/307 207/1504/322 206/1506/321
f 133/1521/307 136/1522/308 209/1502/117 207/1504/322
f 136/1522/308 140/1523/306 212/1498/323 209/1502/117
f 140/1523/306 143/1524/296 214/1496/324 212/1498/323
f 143/1524/296 145/1525/297 216/1493/325 214/1496/324
f 145/1525/297 149/1526/299 218/1490/326 216/1493/325
f 149/1526/299 152/1527/310 220/1488/188 218/1490/326
f 152/1527/310 155/1528/311 221/1485/327 220/1488/188
f 155/1528/311 158/1529/312 223/1483/328 221/1485/327
f 158/1529/312 160/1530/302 226/1480/329 223/1483/328
f 160/1530/302 163/1531/303 228/1477/330 226/1480/329
f 163/1531/303 166/1532/304 229/1475/102 228/1477/330
f 166/1532/304 169/1533/305 232/1471/331 229/1475/102
f 169/1533/305 173/1534/260 234/1469/332 232/1471/331
f 173/1534/260 176/1535/261 236/1466/333 234/1469/332
f 176/1535/261 179/1536/257 238/1462/334 236/1466/333
f 179/1536/257 121/1537/258 240/1463/235 238/1462/334
f 302/1538/235 304/1539/319 246/1540/249 243/1541/250
f 304/1539/319 306/1542/320 248/1543/243 246/1540/249
f 306/1542/320 308/1544/321 251/1545/242 248/1543/243
f 308/1544/321 310/1546/322 254/1547/286 251/1545/242
f 310/1546/322 311/1548/117 258/1549/285 254/1547/286
f 311/1548/117 314/1550/323 261/1551/284 258/1549/285
f 314/1550/323 316/1552/324 264/1553/287 261/1551/284
f 316/1552/324 318/1554/325 267/1555/281 264/1553/287
f 318/1554/325 320/1556/326 270/1557/280 267/1555/281
f 320/1556/326 322/1558/188 273/1559/291 270/1557/280
f 322/1558/188 324/1560/327 276/1561/289 273/1559/291
f 324/1560/327 326/1562/328 278/1563/277 276/1561/289
f 326/1562/328 327/1564/329 281/1565/276 278/1563/277
f 327/1564/329 329/1566/330 284/1567/273 281/1565/276
f 329/1566/330 331/1568/102 288/1569/272 284/1567/273
f 331/1568/102 334/1570/331 291/1571/271 288/1569/272
f 334/1570/331 336/1572/332 294/1573/266 291/1571/271
f 336/1572/332 337/1574/333 297/1575/267 294/1573/266
f 243/1576/250 246/1577/249 248/1578/243 251/1579/242 254/1580/286 258/1581/285 261/1582/284 264/1583/287 267/1584/281 270/1585/280 273/1586/291 276/1587/289 278/1588/277 281/1589/276 284/1590/273 288/1591/272 291/1592/271 294/1593/266 297/1594/267 300/1595/247
f 337/1574/333 339/1596/334 300/1597/247 297/1575/267
f 339/1596/334 302/1598/235 243/1599/250 300/1597/247
f 302/1598/235 339/1596/334 1332/1600/247 1334/1601/246 1335/1602/250
f 1332/1600/247 339/1596/334 337/1574/333 1333/1603/267
f 1333/1603/267 337/1574/333 336/1572/332 1330/1604/266 1331/1605/269
f 336/1572/332 334/1570/331 1375/1606/271 1329/1607/255 1330/1604/266
f 1375/1606/271 334/1570/331 331/1568/102 1374/1608/272
f 331/1568/102 329/1566/330 1376/1609/273 1374/1608/272
f 1376/1609/273 329/1566/330 327/1564/329 1378/1610/276 1377/1611/274
f 327/1564/329 326/1562/328 1363/1612/277 1364/1613/288 1378/1610/276
f 326/1562/328 324/1560/327 1365/1614/289 1363/1612/277
f 1365/1614/289 324/1560/327 322/1558/188 1367/1615/291 1366/1616/290
f 1367/1615/291 322/1558/188 320/1556/326 1355/1617/280 1354/1618/279
f 320/1556/326 318/1554/325 1357/1619/281 1355/1617/280
f 318/1554/325 316/1552/324 1362/1620/287 1356/1621/282 1357/1619/281
f 316/1552/324 314/1550/323 1359/1622/284 1358/1623/283 1362/1620/287
f 1359/1622/284 314/1550/323 311/1548/117 1361/1624/285
f 1361/1624/285 311/1548/117 310/1546/322 1360/1625/286
f 1360/1625/286 310/1546/322 308/1544/321 1340/1626/242 1341/1627/241
f 308/1544/321 306/1542/320 1338/1628/243 1339/1629/270 1340/1626/242
f 306/1542/320 304/1539/319 1337/1630/249 1338/1628/243
f 304/1539/319 302/1538/235 1335/1631/250 1336/1632/268 1337/1630/249
f 376/1633/299 373/1634/297 370/1635/296 367/1636/306 365/1637/308 361/1638/307 359/1639/254 356/1640/253 352/1641/263 350/1642/258 407/1643/257 404/1644/261 400/1645/260 398/1646/305 394/1647/304 391/1648/303 388/1649/302 385/1650/312 383/1651/311 380/1652/310
f 1308/1653/257 465/1654/334 468/1655/235 1306/1656/258 1307/1657/262
f 1310/1658/261 463/1659/333 465/1654/334 1308/1653/257
f 1311/1660/260 461/1661/332 463/1659/333 1310/1658/261 1309/1662/265
f 459/1663/331 461/1661/332 1311/1660/260 1312/1664/205 1402/1665/305
f 1400/1666/304 457/1667/102 459/1663/331 1402/1665/305
f 1401/1668/303 455/1669/330 457/1667/102 1400/1666/304
f 1398/1670/302 453/1671/329 455/1669/330 1401/1668/303 1397/1672/300
f 1411/1673/312 451/1674/328 453/1671/329 1398/1670/302 1399/1675/301
f 450/1676/327 451/1674/328 1411/1673/312 1410/1677/311
f 1408/1678/310 448/1679/188 450/1676/327 1410/1677/311 1409/1680/309
f 1419/1681/299 446/1682/326 448/1679/188 1408/1678/310 1407/1683/298
f 1418/1684/297 444/1685/325 446/1682/326 1419/1681/299
f 1412/1686/296 441/1687/324 444/1685/325 1418/1684/297 1414/1688/313
f 440/1689/323 441/1687/324 1412/1686/296 1413/1690/314 1417/1691/306
f 1416/1692/308 438/1693/117 440/1689/323 1417/1691/306
f 1415/1694/307 436/1695/322 438/1693/117 1416/1692/308
f 1301/1696/254 433/1697/321 436/1695/322 1415/1694/307 1300/1698/251
f 1304/1699/253 432/1700/320 433/1697/321 1301/1696/254 1302/1701/264
f 1303/1702/263 430/1703/319 432/1700/320 1304/1699/253
f 1306/1704/258 468/1705/235 430/1703/319 1303/1702/263 1305/1706/259
f 350/1707/258 352/1708/263 430/1703/319 468/1705/235
f 352/1708/263 356/1709/253 432/1700/320 430/1703/319
f 356/1709/253 359/1710/254 433/1697/321 432/1700/320
f 359/1710/254 361/1711/307 436/1695/322 433/1697/321
f 361/1711/307 365/1712/308 438/1693/117 436/1695/322
f 365/1712/308 367/1713/306 440/1689/323 438/1693/117
f 367/1713/306 370/1714/296 441/1687/324 440/1689/323
f 370/1714/296 373/1715/297 444/1685/325 441/1687/324
f 373/1715/297 376/1716/299 446/1682/326 444/1685/325
f 376/1716/299 380/1717/310 448/1679/188 446/1682/326
f 380/1717/310 383/1718/311 450/1676/327 448/1679/188
f 383/1718/311 385/1719/312 451/1674/328 450/1676/327
f 385/1719/312 388/1720/302 453/1671/329 451/1674/328
f 388/1720/302 391/1721/303 455/1669/330 453/1671/329
f 391/1721/303 394/1722/304 457/1667/102 455/1669/330
f 394/1722/304 398/1723/305 459/1663/331 457/1667/102
f 398/1723/305 400/1724/260 461/1661/332 459/1663/331
f 400/1724/260 404/1725/261 463/1659/333 461/1661/332
f 404/1725/261 407/1726/257 465/1654/334 463/1659/333
f 407/1726/257 350/1727/258 468/1655/235 465/1654/334
f 530/1728/235 532/1729/319 473/1730/249 470/1731/250
f 532/1729/319 534/1732/320 477/1733/243 473/1730/249
f 534/1732/320 535/1734/321 479/1735/242 477/1733/243
f 535/1734/321 537/1736/322 482/1737/286 479/1735/242
f 537/1736/322 539/1738/117 486/1739/285 482/1737/286
f 539/1738/117 541/1740/323 488/1741/284 486/1739/285
f 541/1740/323 543/1742/324 491/1743/287 488/1741/284
f 543/1742/324 545/1744/325 495/1745/281 491/1743/287
f 545/1744/325 548/1746/326 497/1747/280 495/1745/281
f 548/1746/326 549/1748/188 500/1749/291 497/1747/280
f 549/1748/188 552/1750/327 503/1751/289 500/1749/291
f 552/1750/327 554/1752/328 506/1753/277 503/1751/289
f 554/1752/328 556/1754/329 509/1755/276 506/1753/277
f 556/1754/329 557/1756/330 512/1757/273 509/1755/276
f 557/1756/330 559/1758/102 516/1759/272 512/1757/273
f 559/1758/102 561/1760/331 519/1761/271 516/1759/272
f 561/1760/331 564/1762/332 522/1763/266 519/1761/271
f 564/1762/332 566/1764/333 525/1765/267 522/1763/266
f 470/1766/250 473/1767/249 477/1768/243 479/1769/242 482/1770/286 486/1771/285 488/1772/284 491/1773/287 495/1774/281 497/1775/280 500/1776/291 503/1777/289 506/1778/277 509/1779/276 512/1780/273 516/1781/272 519/1782/271 522/1783/266 525/1784/267 527/1785/247
f 566/1764/333 568/1786/334 527/1787/247 525/1765/267
f 568/1786/334 530/1788/235 470/1789/250 527/1787/247
f 530/1788/235 568/1786/334 1275/1790/247 1277/1791/246 1279/1792/250
f 568/1786/334 566/1764/333 1344/1793/267 1276/1794/248 1275/1790/247
f 566/1764/333 564/1762/332 1343/1795/266 1344/1793/267
f 564/1762/332 561/1760/331 1348/1796/271 1347/1797/255 1342/1798/255 1343/1795/266
f 1348/1796/271 561/1760/331 559/1758/102 1346/1799/272
f 1346/1799/272 559/1758/102 557/1756/330 1345/1800/273
f 1345/1800/273 557/1756/330 556/1754/329 1351/1801/276 1350/1802/275 1349/1803/274
f 556/1754/329 554/1752/328 1352/1804/277 1351/1801/276
f 554/1752/328 552/1750/327 1450/1805/289 1353/1806/278 1352/1804/277
f 1450/1805/289 552/1750/327 549/1748/188 1452/1807/291 1451/1808/318
f 1452/1807/291 549/1748/188 548/1746/326 1453/1809/280
f 1453/1809/280 548/1746/326 545/1744/325 1455/1810/281 1454/1811/293
f 545/1744/325 543/1742/324 1457/1812/287 1455/1810/281
f 543/1742/324 541/1740/323 1458/1813/284 1456/1814/292 1457/1812/287
f 1458/1813/284 541/1740/323 539/1738/117 1459/1815/285
f 1459/1815/285 539/1738/117 537/1736/322 1460/1816/286
f 1460/1816/286 537/1736/322 535/1734/321 1273/1817/242 1274/1818/241
f 535/1734/321 534/1732/320 1271/1819/243 1273/1817/242
f 534/1732/320 532/1729/319 1278/1820/249 1272/1821/244 1271/1819/243
f 532/1729/319 530/1728/235 1279/1822/250 1278/1820/249
f 617/1823/299 614/1824/297 610/1825/296 607/1826/306 604/1827/308 602/1828/307 598/1829/254 595/1830/253 593/1831/263 590/1832/258 647/1833/257 643/1834/261 640/1835/260 638/1836/305 635/1837/304 631/1838/303 629/1839/302 625/1840/312 623/1841/311 619/1842/310
f 1295/1843/257 705/1844/334 708/1845/235 1292/1846/258 1294/1847/262
f 1297/1848/261 704/1849/333 705/1844/334 1295/1843/257 1296/1850/256
f 1298/1851/260 702/1852/332 704/1849/333 1297/1848/261
f 699/1853/331 702/1852/332 1298/1851/260 1299/1854/205 1425/1855/205 1428/1856/305
f 1427/1857/304 698/1858/102 699/1853/331 1428/1856/305
f 1426/1859/303 695/1860/330 698/1858/102 1427/1857/304
f 1423/1861/302 693/1862/329 695/1860/330 1426/1859/303 1424/1863/300 1420/1864/315
f 1421/1865/312 691/1866/328 693/1862/329 1423/1861/302
f 1433/1867/311 689/1868/327 691/1866/328 1421/1865/312 1422/1869/316
f 1432/1870/310 687/1871/188 689/1868/327 1433/1867/311 1431/1872/309
f 1429/1873/299 685/1874/326 687/1871/188 1432/1870/310
f 1449/1875/297 684/1876/325 685/1874/326 1429/1873/299 1430/1877/317
f 1448/1878/296 681/1879/324 684/1876/325 1449/1875/297
f 1446/1880/306 680/1881/323 681/1879/324 1448/1878/296 1447/1882/295
f 1445/1883/308 678/1884/117 680/1881/323 1446/1880/306
f 1444/1885/307 675/1886/322 678/1884/117 1445/1883/308
f 1283/1887/254 673/1888/321 675/1886/322 1444/1885/307 1282/1889/251
f 1281/1890/253 671/1891/320 673/1888/321 1283/1887/254
f 1293/1892/263 670/1893/319 671/1891/320 1281/1890/253 1280/1894/252
f 1292/1895/258 708/1896/235 670/1893/319 1293/1892/263
f 590/1897/258 593/1898/263 670/1893/319 708/1896/235
f 593/1898/263 595/1899/253 671/1891/320 670/1893/319
f 595/1899/253 598/1900/254 673/1888/321 671/1891/320
f 598/1900/254 602/1901/307 675/1886/322 673/1888/321
f 602/1901/307 604/1902/308 678/1884/117 675/1886/322
f 604/1902/308 607/1903/306 680/1881/323 678/1884/117
f 607/1903/306 610/1904/296 681/1879/324 680/1881/323
f 610/1904/296 614/1905/297 684/1876/325 681/1879/324
f 614/1905/297 617/1906/299 685/1874/326 684/1876/325
f 617/1906/299 619/1907/310 687/1871/188 685/1874/326
f 619/1907/310 623/1908/311 689/1868/327 687/1871/188
f 623/1908/311 625/1909/312 691/1866/328 689/1868/327
f 625/1909/312 629/1910/302 693/1862/329 691/1866/328
f 629/1910/302 631/1911/303 695/1860/330 693/1862/329
f 631/1911/303 635/1912/304 698/1858/102 695/1860/330
f 635/1912/304 638/1913/305 699/1853/331 698/1858/102
f 638/1913/305 640/1914/260 702/1852/332 699/1853/331
f 640/1914/260 643/1915/261 704/1849/333 702/1852/332
f 643/1915/261 647/1916/257 705/1844/334 704/1849/333
f 647/1916/257 590/1917/258 708/1845/235 705/1844/334
