# Blender3D v249 OBJ File: spock.blend
# www.blender3d.org
v 0.123044 0.822734 -0.108281
v 0.055496 0.823421 -0.129937
v 0.001309 0.823749 -0.099472
v -0.050571 0.800374 -0.183501
v -0.064455 0.821618 -0.069821
v -0.003139 0.800044 -0.178341
v -0.177082 0.808547 0.002801
v -0.184216 0.800728 -0.058366
v -0.240864 0.795686 -0.001056
v -0.150566 0.825264 0.076757
v -0.122939 0.823976 0.059178
v -0.117775 0.798331 -0.118257
v -0.179929 0.783752 -0.119902
v -0.149168 0.766908 -0.186050
v 0.062735 0.805631 -0.182457
v -0.276292 0.785600 0.074377
v -0.184328 0.812902 0.087809
v -0.332659 0.763567 -0.135163
v 0.035696 0.828334 0.093445
v -0.030376 0.811832 0.190657
v -0.183407 0.785876 0.198402
v -0.065873 0.771349 -0.205443
v -0.033641 0.768809 -0.256695
v -0.050011 0.777185 -0.236253
v 0.126299 0.801254 -0.191813
v 0.015255 0.804206 -0.183608
v 0.030134 0.784483 -0.206514
v -0.206007 0.770261 -0.175631
v -0.147079 0.746898 -0.243140
v 0.192630 0.795017 -0.190202
v 0.120993 0.785055 -0.235727
v 0.002191 0.767235 -0.243028
v -0.002252 0.754793 -0.274465
v -0.034355 0.752410 -0.259168
v -0.247189 0.770818 0.199876
v -0.184866 0.751303 -0.195875
v -0.244896 0.766192 -0.187360
v -0.091789 0.782667 0.239540
v -0.060806 0.763965 0.277542
v 0.128118 0.812369 0.180108
v 0.005031 0.788975 0.245946
v 0.249168 0.810937 -0.055477
v 0.192193 0.823722 -0.026747
v 0.239368 0.809375 0.008862
v 0.276490 0.798741 -0.136270
v 0.292098 0.771476 -0.186157
v 0.184458 0.762242 -0.235009
v 0.168469 0.769767 -0.240848
v 0.062830 0.765053 -0.246953
v 0.125156 0.747341 -0.278153
v -0.395855 0.750836 0.004189
v -0.336631 0.763616 -0.066224
v -0.429824 0.723001 -0.063323
v -0.303238 0.746661 -0.181313
v -0.247531 0.719740 -0.270672
v -0.120705 0.722399 -0.311209
v 0.001289 0.750095 0.319265
v -0.122562 0.741783 0.306426
v -0.057967 0.731960 0.342649
v -0.062889 0.730971 -0.301560
v -0.125204 0.708182 -0.316014
v 0.350545 0.757821 -0.099306
v 0.284531 0.804531 -0.027224
v 0.317196 0.730140 -0.237746
v 0.010117 0.694222 -0.335386
v -0.000055 0.673191 -0.368693
v -0.060256 0.687897 -0.353547
v -0.369347 0.746202 0.124010
v -0.393455 0.713332 -0.187125
v -0.483613 0.696490 -0.001875
v -0.178568 0.705333 -0.313509
v 0.151600 0.823331 0.089772
v 0.218728 0.810399 0.138362
v 0.179154 0.785847 0.225841
v 0.093662 0.777148 0.262812
v 0.377627 0.767389 0.006618
v 0.330511 0.786289 0.051723
v 0.314708 0.780827 0.000210
v 0.285905 0.808495 0.020166
v 0.178282 0.724819 -0.306922
v 0.127986 0.696771 -0.350539
v -0.062569 0.642900 -0.400255
v -0.001189 0.633549 -0.422014
v -0.365835 0.716512 0.208068
v -0.303614 0.758921 0.156785
v -0.425496 0.725677 -0.125391
v -0.363867 0.690747 -0.274360
v -0.230176 0.679883 -0.343348
v -0.239397 0.732637 0.276993
v -0.176791 0.674936 0.385266
v -0.180009 0.647595 -0.371697
v -0.117919 0.643032 -0.402230
v 0.350667 0.745520 -0.072561
v 0.380912 0.774174 0.003632
v 0.366223 0.752219 -0.056311
v 0.367738 0.736839 -0.185666
v 0.454888 0.700034 -0.058102
v 0.377417 0.741705 -0.133647
v 0.370136 0.741888 -0.088513
v 0.422231 0.708246 -0.123292
v 0.414882 0.697925 -0.119870
v 0.240763 0.708290 -0.297034
v 0.244478 0.700256 -0.326193
v 0.124838 0.671756 -0.392442
v 0.060506 0.660035 -0.388204
v -0.424333 0.698023 0.195689
v -0.461758 0.708334 0.099573
v -0.555101 0.644036 0.074013
v -0.243884 0.681958 0.356526
v 0.308270 0.772695 0.146439
v -0.013614 0.686949 0.393111
v 0.074696 0.732848 0.337021
v -0.028183 0.644185 0.446958
v -0.102861 0.661667 0.411833
v -0.106696 0.611809 0.450243
v 0.375730 0.757503 0.063819
v 0.378663 0.726576 -0.049895
v 0.403397 0.754646 -0.036783
v 0.408004 0.680721 -0.059864
v 0.244495 0.681139 -0.360938
v 0.177008 0.690634 -0.373043
v 0.060293 0.622724 -0.429872
v -0.058211 0.587576 -0.457785
v 0.003310 0.591898 -0.455138
v -0.500523 0.666135 0.157526
v -0.573873 0.639473 0.003055
v -0.479407 0.670996 -0.186402
v -0.497822 0.689065 -0.121613
v -0.565385 0.644288 -0.110710
v -0.281107 0.683427 0.342881
v -0.199100 0.580943 -0.429659
v 0.280051 0.754196 0.244888
v 0.056945 0.679172 0.429811
v -0.126861 0.635988 0.431857
v 0.424286 0.731090 -0.009084
v 0.460956 0.697275 -0.042453
v 0.397712 0.711184 -0.181252
v 0.374555 0.694251 -0.246071
v 0.452593 0.668868 -0.083386
v 0.486093 0.659370 -0.083588
v 0.508791 0.610995 -0.075689
v 0.030544 0.569495 -0.459902
v -0.424870 0.654812 0.266632
v -0.436181 0.662689 -0.275404
v -0.488171 0.627605 -0.278080
v -0.435455 0.627940 -0.324285
v -0.365011 0.629915 -0.355713
v -0.278113 0.644298 -0.368175
v -0.210821 0.641411 0.406937
v -0.185083 0.578480 0.460743
v -0.126404 0.577140 -0.448224
v 0.200231 0.757919 0.282963
v 0.123694 0.714508 0.369189
v -0.083350 0.555665 0.497809
v 0.454695 0.718941 0.046075
v 0.427512 0.727371 0.067074
v 0.436858 0.713088 0.067922
v 0.497050 0.641326 -0.095489
v 0.481902 0.613982 -0.113733
v 0.172501 0.656977 -0.405402
v 0.005901 0.519229 -0.479168
v 0.023420 0.518887 -0.486801
v -0.048151 0.518921 -0.494111
v -0.419256 0.617074 0.332834
v -0.371664 0.666059 0.300795
v -0.621041 0.592110 0.008283
v -0.622918 0.588390 -0.092111
v -0.300657 0.641602 0.370548
v -0.237183 0.599225 0.423669
v -0.298692 0.559736 -0.434968
v -0.188454 0.533035 -0.457724
v -0.114343 0.533204 -0.491063
v 0.398919 0.722187 0.190366
v 0.391409 0.700418 0.188807
v 0.440114 0.684952 0.162243
v 0.376041 0.705443 0.226413
v 0.448915 0.703109 0.123096
v 0.120255 0.670336 0.425182
v 0.068542 0.642389 0.459442
v 0.515380 0.668721 0.073585
v 0.504607 0.684219 0.000413
v 0.474272 0.654812 -0.001224
v 0.425274 0.659529 -0.246567
v 0.388950 0.639906 -0.316899
v 0.363251 0.672504 -0.306688
v 0.455672 0.641487 -0.192822
v 0.481504 0.608986 -0.262419
v 0.507909 0.626051 -0.110901
v 0.342448 0.632987 -0.367784
v 0.247489 0.652940 -0.415838
v 0.525848 0.570319 -0.101252
v 0.538745 0.598132 -0.091062
v 0.191929 0.638415 -0.432001
v 0.195730 0.581405 -0.460828
v 0.125600 0.626449 -0.434193
v 0.117728 0.555973 -0.474385
v 0.073119 0.517555 -0.479012
v 0.067901 0.520431 -0.496020
v -0.010797 0.458135 -0.508590
v -0.048100 0.398980 -0.539448
v -0.545857 0.622519 0.185375
v -0.555113 0.613652 -0.182750
v -0.639401 0.521991 -0.187621
v -0.665760 0.521433 -0.119931
v -0.671784 0.527304 0.002087
v -0.302756 0.594891 0.426291
v -0.250122 0.573025 0.442654
v -0.179032 0.522137 0.499038
v -0.165182 0.477932 -0.498774
v 0.324384 0.698045 0.315164
v 0.251549 0.712447 0.348356
v 0.247228 0.689825 0.379139
v 0.153335 0.612782 0.483230
v -0.126238 0.457754 -0.511515
v 0.477263 0.648770 0.047478
v 0.542306 0.602561 -0.037533
v 0.524763 0.565705 -0.041844
v 0.418621 0.622947 -0.322840
v 0.519195 0.605555 -0.201364
v 0.552605 0.583544 -0.122683
v 0.548597 0.559908 -0.071246
v 0.572871 0.555591 -0.089967
v 0.574240 0.553204 -0.131848
v 0.250552 0.622883 -0.430561
v 0.317795 0.578309 -0.440225
v 0.270124 0.542992 -0.473325
v 0.070243 0.458475 -0.513597
v 0.062681 0.400683 -0.532311
v -0.516908 0.607574 0.249905
v -0.494259 0.575720 0.313125
v -0.460231 0.563405 0.340022
v -0.640415 0.555594 0.054685
v -0.547649 0.584651 -0.272676
v -0.488767 0.580125 -0.339369
v -0.362088 0.571314 -0.397845
v -0.702577 0.456466 0.005709
v -0.303253 0.510597 0.492085
v -0.247788 0.510247 -0.445531
v -0.315077 0.509797 -0.457583
v -0.188500 0.520043 0.488011
v -0.294945 0.465670 -0.468776
v -0.058504 0.521495 0.516494
v 0.477877 0.672209 0.182091
v 0.417787 0.669611 0.244392
v 0.500496 0.671852 0.129671
v 0.333292 0.659900 0.374776
v 0.209228 0.639456 0.436525
v 0.028755 0.579081 0.510036
v 0.541536 0.584116 0.101875
v 0.605186 0.582068 0.023504
v 0.533051 0.597829 0.012352
v 0.596305 0.563781 -0.042707
v 0.479272 0.588459 -0.225323
v 0.463115 0.564930 -0.326347
v 0.394193 0.583576 -0.384706
v 0.536646 0.573516 -0.219797
v 0.515402 0.540409 -0.163359
v 0.565896 0.547335 -0.208975
v 0.514606 0.522604 -0.109226
v 0.112552 0.544253 -0.462864
v 0.194955 0.516450 -0.488209
v 0.121323 0.460499 -0.513742
v 0.181552 0.491010 -0.477650
v 0.010278 0.341821 -0.546677
v -0.034408 0.354313 -0.554068
v -0.617832 0.567682 0.124252
v -0.621283 0.536386 0.192685
v -0.657768 0.517208 0.114948
v -0.588130 0.512442 -0.299627
v -0.692930 0.448056 -0.114557
v -0.236455 0.487046 0.477675
v -0.208575 0.464886 -0.477240
v 0.499550 0.645290 0.174866
v 0.463828 0.633170 0.265520
v 0.516920 0.641147 0.077063
v 0.311743 0.621959 0.438939
v -0.007688 0.456043 0.551187
v 0.014382 0.458204 0.547227
v 0.035946 0.526268 0.536195
v -0.061249 0.436564 0.549652
v -0.116301 0.457610 0.524877
v -0.129274 0.412904 0.540321
v 0.542741 0.568770 0.068802
v 0.586282 0.481693 -0.009583
v 0.493076 0.573927 -0.294345
v 0.437144 0.552551 -0.341960
v 0.560409 0.543650 -0.228359
v 0.509889 0.581884 -0.245826
v 0.586763 0.513219 -0.173502
v 0.625800 0.491619 -0.123204
v 0.624172 0.526959 -0.041006
v 0.308571 0.528338 -0.444998
v 0.144119 0.450764 -0.526270
v 0.108560 0.428812 -0.500177
v 0.102350 0.451910 -0.527724
v 0.120490 0.415856 -0.516139
v 0.090502 0.359323 -0.546519
v 0.004322 0.299867 -0.557490
v -0.505409 0.515666 0.346943
v -0.478573 0.486472 0.356522
v -0.422512 0.559143 0.393219
v -0.681396 0.458964 0.124221
v -0.671102 0.464319 0.128901
v -0.672683 0.491582 0.055323
v -0.684510 0.374302 0.054429
v -0.676374 0.458368 -0.160043
v -0.531008 0.525684 -0.353836
v -0.503879 0.512586 -0.367683
v -0.460834 0.518090 -0.394983
v -0.404147 0.580753 -0.384826
v -0.359373 0.517503 -0.429962
v -0.416504 0.460907 -0.431954
v -0.361763 0.456818 -0.447743
v -0.259922 0.403743 -0.484885
v -0.328429 0.368363 -0.475859
v -0.235455 0.425898 0.534381
v -0.197409 0.432167 0.523547
v -0.142320 0.387781 0.556942
v -0.211337 0.391428 0.547628
v -0.136489 0.296655 -0.543806
v -0.142190 0.306040 -0.558927
v -0.153809 0.386931 -0.518468
v 0.554788 0.616441 0.126203
v 0.574504 0.566743 0.124558
v 0.256615 0.591282 0.470920
v 0.124405 0.583810 0.512586
v 0.111339 0.528313 0.553262
v 0.600362 0.521595 0.068673
v 0.619553 0.552509 0.045977
v 0.559796 0.510247 -0.289819
v 0.515693 0.518677 -0.323312
v 0.449421 0.487967 -0.393857
v 0.400225 0.556183 -0.384147
v 0.363520 0.531948 -0.412026
v 0.561389 0.522164 -0.235331
v 0.611028 0.481288 -0.165053
v 0.373724 0.514793 -0.427939
v 0.342729 0.528463 -0.394028
v 0.650252 0.466577 -0.126386
v 0.233040 0.524093 -0.469297
v 0.283448 0.500046 -0.462424
v 0.280677 0.463268 -0.479713
v 0.063170 0.276800 -0.558162
v -0.043899 0.276140 -0.565453
v -0.656927 0.466751 0.184263
v -0.411492 0.518725 0.420450
v -0.695286 0.355725 -0.013493
v -0.653454 0.442210 -0.246310
v -0.670371 0.369001 -0.189777
v -0.680089 0.383299 -0.142849
v -0.592074 0.464324 -0.336928
v -0.609796 0.467486 -0.292913
v -0.550440 0.459541 -0.367182
v -0.530489 0.510834 -0.344458
v -0.461795 0.434675 -0.435464
v -0.696679 0.397682 -0.059627
v -0.689542 0.366161 -0.038100
v -0.303333 0.459250 0.516738
v -0.271927 0.331691 -0.517852
v -0.280376 0.330601 -0.446611
v -0.117303 0.388886 0.568239
v -0.173320 0.348459 0.562813
v -0.152477 0.169732 -0.525275
v -0.182199 0.282558 -0.527220
v 0.561299 0.568919 0.217615
v 0.526019 0.605804 0.193167
v 0.546246 0.613715 0.175218
v 0.597776 0.554399 0.119022
v 0.459136 0.581278 0.337896
v 0.192670 0.521172 0.549075
v 0.113932 0.490037 0.571499
v -0.029708 0.400524 0.580513
v 0.612377 0.517701 0.027593
v 0.592539 0.503091 -0.009625
v 0.424386 0.521438 -0.387795
v 0.514412 0.500070 -0.364079
v 0.325911 0.509299 -0.427726
v 0.329201 0.503477 -0.437595
v 0.181952 0.452619 -0.504982
v 0.242054 0.398806 -0.499390
v 0.172966 0.396159 -0.521115
v 0.127470 0.323677 -0.548867
v -0.011454 0.214000 -0.554117
v -0.618367 0.496113 0.238589
v -0.622182 0.454398 0.252973
v -0.609344 0.429406 0.261175
v -0.551586 0.450280 0.319692
v -0.571552 0.544459 0.254471
v -0.470166 0.372841 0.380498
v -0.498714 0.372149 0.343231
v -0.368904 0.489316 0.459689
v -0.359343 0.430366 0.477169
v -0.369901 0.379249 0.449554
v -0.683948 0.397885 0.125316
v -0.683762 0.349774 0.131682
v -0.644658 0.358042 0.123309
v -0.678520 0.364981 0.099296
v -0.687785 0.345416 0.028747
v -0.659263 0.345294 0.007264
v -0.646237 0.401996 -0.249551
v -0.690816 0.365005 -0.116175
v -0.625716 0.357932 -0.187597
v -0.637858 0.354863 -0.085668
v -0.594462 0.378677 -0.304486
v -0.567673 0.423459 -0.359985
v -0.554676 0.391301 -0.338868
v -0.506824 0.392396 -0.391237
v -0.484884 0.397584 -0.393976
v -0.495723 0.448594 -0.397132
v -0.445139 0.410609 -0.447310
v -0.375376 0.379408 -0.465755
v -0.411729 0.382138 -0.400492
v -0.355069 0.351302 -0.467320
v -0.291309 0.395150 0.529975
v -0.248513 0.342315 -0.508262
v -0.176681 0.308331 -0.546118
v -0.229863 0.302413 -0.501116
v -0.244058 0.282306 -0.508929
v -0.121289 0.322467 0.558746
v 0.629299 0.520265 0.143597
v 0.541473 0.528626 0.128398
v 0.413637 0.557757 0.420687
v 0.625812 0.514913 0.104448
v 0.284915 0.514685 0.512383
v 0.189341 0.476703 0.560435
v 0.664992 0.455638 0.085519
v 0.659473 0.445947 -0.023893
v 0.586516 0.480278 -0.241361
v 0.587741 0.423577 -0.298273
v 0.530751 0.490054 -0.342033
v 0.505286 0.407490 -0.415711
v 0.408561 0.442501 -0.427924
v 0.623116 0.448115 -0.222300
v 0.629739 0.437495 -0.243607
v 0.643668 0.433221 -0.177210
v 0.681604 0.394322 -0.164508
v 0.616845 0.416716 -0.170144
v 0.281914 0.403032 -0.506847
v 0.362120 0.387466 -0.477716
v 0.295913 0.341533 -0.517337
v 0.361408 0.457172 -0.459550
v 0.186806 0.336461 -0.529794
v 0.166374 0.272567 -0.557258
v 0.110611 0.263412 -0.549886
v 0.033480 0.236080 -0.549251
v -0.513442 0.418205 0.359278
v -0.651499 0.388373 0.204840
v -0.616532 0.350087 0.202840
v -0.432787 0.370280 0.403887
v -0.418479 0.372223 0.430092
v -0.454888 0.360198 0.353862
v -0.329545 0.360618 0.436972
v -0.327463 0.349642 0.480803
v -0.366199 0.385100 0.472963
v -0.341328 0.336901 0.431942
v -0.662120 0.345206 0.063826
v -0.672446 0.275052 0.126056
v -0.724900 0.219561 -0.006650
v -0.615833 0.389798 -0.285720
v -0.602777 0.327787 -0.242854
v -0.543208 0.377040 -0.303322
v -0.609212 0.375593 -0.219291
v -0.501774 0.375727 -0.347518
v -0.474751 0.351592 -0.376988
v -0.358165 0.375089 -0.412927
v -0.375999 0.356996 -0.414103
v -0.659735 0.296360 -0.064090
v -0.652816 0.301578 -0.138335
v -0.677616 0.274835 -0.060236
v -0.309072 0.320003 0.516516
v -0.249193 0.357900 0.548682
v -0.258993 0.291078 -0.457145
v -0.261721 0.267271 -0.458252
v -0.302290 0.213964 -0.441095
v -0.426845 0.265724 -0.408958
v -0.216870 0.296013 0.503687
v -0.210858 0.347039 0.537119
v -0.210103 0.214470 -0.521240
v -0.243212 0.213736 -0.488187
v -0.206681 0.087451 -0.525209
v 0.527297 0.555907 0.286500
v 0.597238 0.544060 0.183161
v 0.590928 0.462889 0.109371
v 0.562895 0.517963 0.143069
v 0.494655 0.532808 0.368668
v 0.325361 0.562503 0.489128
v 0.333109 0.482727 0.545475
v 0.052976 0.398254 0.578017
v 0.158922 0.380002 0.584927
v 0.057788 0.326167 0.602937
v -0.021805 0.283719 0.573005
v -0.115572 0.249569 0.575610
v -0.083448 0.235608 0.590279
v -0.137349 0.095560 -0.508712
v -0.112095 0.074795 -0.520187
v 0.672666 0.465008 0.000650
v 0.667830 0.452871 0.066600
v 0.721936 0.399740 -0.029658
v 0.694758 0.384562 -0.090007
v 0.642932 0.393662 -0.273082
v 0.503177 0.452824 -0.404131
v 0.462323 0.400742 -0.434479
v 0.604392 0.441323 -0.171351
v 0.645494 0.408988 -0.200345
v 0.650325 0.430848 -0.208929
v 0.569416 0.412205 -0.168768
v 0.685659 0.389524 -0.202779
v 0.611705 0.348198 -0.216820
v 0.361320 0.328667 -0.483646
v 0.727198 0.357822 -0.060505
v 0.698199 0.331793 -0.175577
v 0.262703 0.369329 -0.515047
v 0.256755 0.274737 -0.536557
v 0.206041 0.235547 -0.563387
v 0.248895 0.330539 -0.534435
v -0.637054 0.353064 0.217143
v -0.548771 0.364155 0.326091
v -0.579788 0.365071 0.286009
v -0.540346 0.358089 0.294824
v -0.642133 0.271704 0.189198
v -0.684232 0.274916 0.123747
v -0.707105 0.241161 0.079622
v -0.625316 0.318798 -0.207423
v -0.596625 0.270020 -0.306710
v -0.700350 0.210982 -0.123764
v -0.715515 0.198987 -0.061780
v -0.708046 0.145905 -0.049646
v -0.718653 0.153242 0.008818
v -0.300527 0.303235 0.542066
v -0.260484 0.198180 -0.452775
v -0.301965 0.176164 -0.441190
v -0.263456 0.195504 -0.491435
v -0.215849 0.185019 -0.515298
v -0.264752 0.141014 -0.496501
v -0.228362 0.233648 0.543432
v -0.147975 0.228887 0.556693
v -0.172164 0.239184 0.566907
v -0.170197 0.131038 0.529464
v 0.629593 0.504941 0.192649
v 0.595926 0.475222 0.166510
v 0.374110 0.513747 0.493317
v 0.590654 0.413331 0.116065
v 0.659645 0.396670 0.168778
v 0.060762 0.270910 0.591645
v -0.009587 0.225062 0.581610
v 0.000700 0.153545 -0.533159
v 0.072298 0.201406 -0.536518
v 0.040076 0.151025 -0.521763
v -0.038483 0.147980 -0.540910
v -0.029594 0.065904 -0.501732
v 0.019360 0.111072 -0.493786
v -0.130286 0.079803 -0.490875
v 0.695919 0.386505 0.040894
v 0.733332 0.372936 -0.018059
v 0.638836 0.359616 -0.300790
v 0.483429 0.348408 -0.429579
v 0.409079 0.369818 -0.439096
v 0.432190 0.320538 -0.463478
v 0.649661 0.371536 -0.220489
v 0.671728 0.309164 -0.213240
v 0.658357 0.353802 -0.241877
v 0.625562 0.375903 -0.232953
v 0.645643 0.394573 -0.236268
v 0.724240 0.277460 -0.104221
v 0.231537 0.216139 -0.530168
v 0.159409 0.219636 -0.553408
v 0.197042 0.220629 -0.556055
v 0.086063 0.212243 -0.531810
v -0.461460 0.271008 0.347545
v -0.535732 0.241828 0.303432
v -0.698478 0.209171 0.114151
v -0.658713 0.191486 0.217862
v -0.428419 0.267784 0.378146
v -0.360025 0.269861 0.422137
v -0.421698 0.212835 0.371973
v -0.339862 0.268158 0.519143
v -0.307202 0.317510 0.461542
v -0.387391 0.135581 0.468544
v -0.354910 0.223178 0.516503
v -0.323093 0.231250 0.450429
v -0.640781 0.276934 -0.241280
v -0.661739 0.199864 -0.257797
v -0.680546 0.182023 -0.192180
v -0.675074 0.259460 -0.180649
v -0.539334 0.262974 -0.356504
v -0.486086 0.267620 -0.387989
v -0.494714 0.195350 -0.419783
v -0.370686 0.150441 -0.438561
v -0.681467 0.151704 -0.130604
v -0.668626 0.118155 -0.002275
v -0.689117 0.087749 -0.017250
v -0.694900 0.106719 -0.061336
v -0.301468 0.220932 0.525084
v -0.254091 0.224642 0.545783
v -0.230286 0.087859 -0.473801
v -0.300122 0.122430 -0.450813
v -0.124273 0.119949 0.553780
v -0.178360 0.116823 0.553232
v -0.093207 0.096520 0.519754
v -0.200627 0.037678 -0.527604
v -0.151964 0.034777 -0.522403
v 0.632166 0.489703 0.229116
v 0.568157 0.511770 0.286610
v 0.570853 0.474088 0.328112
v 0.619320 0.455779 0.259317
v 0.657834 0.435540 0.250350
v 0.486147 0.511919 0.382607
v 0.459466 0.482739 0.458883
v 0.460788 0.430234 0.500622
v 0.709456 0.431984 0.115711
v 0.306752 0.410780 0.540597
v 0.333133 0.429139 0.548862
v 0.291731 0.392919 0.558795
v 0.248110 0.397900 0.569123
v 0.120441 0.280429 0.603919
v 0.063727 0.204461 0.589363
v 0.082155 0.155055 -0.530620
v 0.091056 0.176357 -0.505945
v 0.043532 0.127951 -0.487981
v 0.032030 0.091217 -0.505415
v 0.719389 0.376153 0.019345
v 0.729080 0.274292 -0.002578
v 0.726276 0.343456 -0.009898
v 0.573116 0.330977 -0.361285
v 0.561194 0.403558 -0.350605
v 0.599771 0.300497 -0.332863
v 0.626584 0.322926 -0.318116
v 0.485368 0.326394 -0.425101
v 0.521297 0.356869 -0.407707
v 0.436443 0.288297 -0.478017
v 0.380345 0.300431 -0.462796
v 0.397922 0.269593 -0.471831
v 0.648160 0.291567 -0.253383
v 0.699492 0.280933 -0.179353
v 0.720477 0.202509 -0.117052
v 0.722246 0.263744 -0.060395
v 0.247091 0.214538 -0.561109
v 0.182314 0.170690 -0.566139
v 0.164705 0.157008 -0.539094
v -0.593409 0.242070 0.261387
v -0.482601 0.184107 0.334674
v -0.712336 0.158325 0.088237
v -0.654417 0.158619 0.197063
v -0.329912 0.151289 0.422381
v -0.359563 0.238480 0.429664
v -0.340996 0.117417 0.480055
v -0.621417 0.225285 -0.312500
v -0.495373 0.155991 -0.421037
v -0.452701 0.158797 -0.438455
v -0.672182 0.131499 -0.106763
v -0.582264 0.100778 0.004463
v -0.223051 0.141447 0.511126
v -0.296243 0.147210 0.509335
v -0.223702 0.057145 -0.513751
v -0.228093 0.075274 0.509804
v -0.206970 0.099580 0.525793
v -0.053555 0.105840 0.575126
v -0.171893 0.074084 0.502690
v -0.180567 0.037120 0.499796
v 0.624727 0.413908 0.296176
v 0.690723 0.414414 0.212243
v 0.492001 0.452829 0.445697
v 0.562003 0.442687 0.365293
v 0.675787 0.373545 0.160170
v 0.593460 0.380723 0.143182
v 0.711715 0.411452 0.082210
v 0.189004 0.342200 0.577052
v 0.184585 0.274038 0.575234
v 0.098692 0.237837 0.589172
v 0.125498 0.197674 0.574007
v 0.117447 0.157360 -0.494104
v 0.128125 0.127416 -0.571646
v 0.115915 0.087123 -0.567791
v 0.006862 0.044304 -0.484384
v 0.084768 0.027225 -0.521193
v -0.027638 0.047701 -0.475153
v -0.011002 -0.018794 -0.467808
v -0.052954 0.011720 -0.481395
v -0.048415 -0.083952 -0.446699
v -0.111677 -0.022932 -0.490719
v 0.749795 0.318080 0.042155
v 0.742656 0.273205 -0.006995
v 0.746027 0.204469 0.023309
v 0.664652 0.299214 -0.275221
v 0.503879 0.263827 -0.428420
v 0.572622 0.262033 -0.366642
v 0.376236 0.286730 -0.490504
v 0.350078 0.204777 -0.515401
v 0.307139 0.278895 -0.531336
v 0.255491 0.213949 -0.536591
v 0.309375 0.141552 -0.520050
v 0.285179 0.195611 -0.559382
v 0.242631 0.154078 -0.591139
v -0.566771 0.132546 0.315826
v -0.560502 0.189633 0.309354
v -0.612599 0.161806 0.283037
v -0.625457 0.135591 0.114919
v -0.630460 0.104058 0.187211
v -0.433566 0.096858 0.365261
v -0.332535 0.106868 0.414113
v -0.363718 0.091571 0.464289
v -0.302417 0.150768 0.481859
v -0.599795 0.128063 0.075770
v -0.632794 0.180155 -0.304266
v -0.657826 0.151658 -0.193480
v -0.573903 0.153342 -0.295423
v -0.592996 0.138010 -0.172332
v -0.547954 0.198100 -0.392754
v -0.569943 0.206544 -0.363597
v -0.540234 0.123307 -0.359403
v -0.588589 0.186498 -0.337974
v -0.416756 0.109454 -0.440548
v -0.422219 0.044181 -0.421885
v -0.482804 0.094001 -0.380466
v -0.365409 0.088135 -0.451492
v -0.280640 0.033481 -0.481468
v -0.365343 0.037245 -0.460853
v -0.642079 0.085229 -0.116749
v -0.682262 0.097232 -0.098656
v -0.786329 -0.036396 -0.029947
v -0.724358 0.045572 -0.021639
v -0.741417 0.029700 -0.069543
v -0.314610 0.069467 0.467073
v -0.220683 0.030307 -0.489993
v -0.192323 -0.034492 -0.516508
v -0.179049 -0.064764 -0.480605
v -0.206430 -0.014590 -0.492813
v -0.099378 0.014195 0.516479
v -0.134455 0.045044 0.497239
v 0.613460 0.347785 0.344514
v 0.568093 0.428316 0.362126
v 0.662905 0.396423 0.277643
v 0.547439 0.392315 0.420775
v 0.520398 0.414817 0.363991
v 0.555981 0.367063 0.413903
v 0.728168 0.277690 0.150184
v 0.720428 0.357253 0.105609
v 0.311533 0.339304 0.541841
v 0.336592 0.337295 0.551981
v 0.370930 0.460333 0.520648
v 0.384114 0.359777 0.550563
v 0.722943 0.374107 0.079527
v 0.734415 0.273332 0.116412
v 0.264497 0.346240 0.572799
v 0.232471 0.272841 0.565000
v 0.181488 0.275043 0.587129
v 0.060980 0.153889 0.607940
v 0.131710 0.205060 0.583844
v -0.006202 0.112939 0.613229
v 0.001108 0.128432 0.579274
v -0.006158 0.076548 0.613231
v -0.050072 0.030776 0.565753
v 0.014010 0.030321 0.565731
v -0.027037 0.024891 0.577225
v 0.134582 0.028904 -0.515741
v 0.148601 0.067419 -0.562830
v 0.077969 -0.014994 -0.474446
v -0.120316 -0.090470 -0.467982
v 0.730138 0.149808 -0.062973
v 0.742172 0.109107 -0.000965
v 0.572395 0.261407 -0.345787
v 0.583921 0.241672 -0.352054
v 0.620611 0.216019 -0.334430
v 0.630140 0.224251 -0.313460
v 0.668954 0.208870 -0.242871
v 0.468303 0.271731 -0.477650
v 0.520298 0.223596 -0.403779
v 0.432725 0.182643 -0.460317
v 0.370368 0.149277 -0.491586
v 0.685549 0.208137 -0.190371
v 0.705531 0.150160 -0.125069
v 0.702019 0.095865 -0.114960
v 0.719717 0.089824 -0.059195
v 0.234668 0.097892 -0.553059
v 0.279748 0.082665 -0.518060
v 0.319034 0.077956 -0.529990
v 0.189153 0.111263 -0.588490
v -0.607599 0.095115 0.235769
v -0.544816 0.066989 0.252995
v -0.555111 0.071381 0.272664
v -0.492318 0.088739 0.338607
v -0.441966 0.040716 0.361495
v -0.490813 0.031423 0.325165
v -0.373267 0.019311 0.415159
v -0.322795 0.114487 0.447227
v -0.559556 0.090071 0.057254
v -0.656269 0.005309 0.022287
v -0.599570 0.027948 0.046537
v -0.635265 0.121017 -0.133660
v -0.564024 0.102706 -0.133161
v -0.571904 0.127936 -0.231230
v -0.532088 0.085202 -0.195340
v -0.566888 0.112316 -0.318118
v -0.518506 0.101748 -0.365027
v -0.476026 0.083318 -0.353926
v -0.303881 -0.037369 -0.482006
v -0.368711 -0.032315 -0.474236
v -0.704820 0.033767 -0.119865
v -0.786292 -0.023963 -0.072055
v -0.730847 -0.032434 0.009688
v -0.280552 0.046611 0.480921
v -0.243220 -0.093257 -0.477140
v -0.269527 -0.006789 0.492958
v -0.120683 -0.092272 0.493476
v -0.066286 -0.098289 0.543036
v -0.106449 -0.038708 0.510679
v -0.185379 -0.033920 0.481092
v -0.184890 -0.121908 -0.470565
v 0.716050 0.287520 0.226220
v 0.366343 0.290465 0.554594
v 0.302111 0.307025 0.571592
v 0.135191 0.162544 0.662452
v 0.054195 0.025455 0.602861
v 0.030671 0.073632 0.587080
v -0.000216 -0.008133 0.540736
v 0.178834 0.074688 -0.546509
v 0.191873 -0.001405 -0.530393
v 0.082167 -0.047910 -0.452866
v 0.139600 -0.034888 -0.510454
v 0.054452 -0.023814 -0.477890
v -0.116147 -0.153346 -0.457404
v -0.051143 -0.173758 -0.432839
v 0.741671 0.213925 0.092707
v 0.577899 0.187426 -0.368612
v 0.459067 0.246626 -0.449598
v 0.509639 0.146144 -0.427675
v 0.469347 0.219294 -0.467579
v 0.373484 0.156468 -0.481637
v 0.421119 0.149629 -0.466012
v 0.693712 0.146689 -0.183107
v 0.675347 0.094995 -0.248143
v 0.679989 0.028992 -0.204483
v 0.707948 0.062328 -0.153011
v 0.709549 0.058877 -0.087609
v 0.691835 0.057396 -0.123676
v 0.259123 0.037468 -0.523188
v 0.305853 0.036219 -0.529298
v -0.515229 0.112011 0.337974
v -0.538709 0.050494 0.256301
v -0.577608 0.034004 0.207157
v -0.514285 0.029341 0.296787
v -0.542732 0.088670 0.106008
v -0.579922 0.055018 0.092177
v -0.565424 0.080297 0.119592
v -0.472754 -0.031479 0.358528
v -0.295239 0.029698 0.485515
v -0.331826 0.065146 0.419871
v -0.329907 -0.071145 0.472002
v -0.317834 -0.014077 0.444961
v -0.604104 0.005825 0.075562
v -0.617096 0.032844 -0.123861
v -0.513853 0.089594 -0.211839
v -0.568384 0.032167 -0.153779
v -0.517881 0.035075 -0.309437
v -0.421109 -0.042235 -0.457614
v -0.666307 -0.042755 -0.155138
v -0.742412 -0.004264 -0.106663
v -0.781382 -0.161350 0.021266
v -0.821936 -0.103165 -0.018010
v -0.787018 -0.096644 0.012513
v -0.235594 -0.020485 0.474894
v 0.017537 -0.034368 0.508810
v -0.045592 -0.013679 0.516586
v -0.173899 -0.093765 0.456292
v 0.648553 0.322838 0.316806
v 0.673385 0.338468 0.296552
v 0.674915 0.278462 0.296784
v 0.595779 0.333042 0.378178
v 0.603138 0.276152 0.365125
v 0.733938 0.245785 0.099340
v 0.739789 0.246491 0.143675
v 0.492690 0.364820 0.497269
v 0.442560 0.399694 0.523371
v 0.436868 0.338817 0.537864
v 0.480277 0.304415 0.511737
v 0.443511 0.266344 0.532751
v 0.319948 0.251585 0.560259
v 0.169087 0.196166 0.579850
v 0.179523 0.161872 0.553692
v 0.201585 0.131069 0.578318
v 0.265272 0.210290 0.556622
v 0.164038 0.138438 0.654741
v 0.168212 0.096330 0.644427
v 0.210247 0.081042 0.585061
v 0.047958 0.111595 0.656459
v 0.114297 0.097586 0.640597
v 0.056999 0.087172 0.626488
v 0.092865 0.027149 0.621382
v 0.091042 -0.088173 -0.503584
v 0.126397 -0.107400 -0.461153
v 0.051849 -0.078773 -0.496597
v -0.026363 -0.122893 -0.443996
v 0.721576 0.030756 0.007239
v 0.707604 0.029001 -0.061164
v 0.629952 0.066586 -0.304380
v 0.507855 0.158902 -0.418060
v 0.598781 0.086964 -0.332206
v 0.574744 0.085835 -0.366501
v 0.538264 0.083376 -0.380803
v 0.507462 0.086610 -0.417637
v 0.436005 0.087052 -0.451211
v 0.474076 0.095279 -0.420888
v 0.373467 0.024517 -0.465000
v 0.411208 0.020433 -0.458577
v 0.642849 0.020692 -0.269663
v 0.327209 0.030795 -0.474248
v 0.314041 0.136708 -0.478345
v -0.572468 0.085757 0.140605
v -0.551298 -0.031024 0.270843
v -0.525846 -0.043670 0.314438
v -0.602273 -0.014732 0.177349
v -0.591903 -0.041612 0.115886
v -0.447563 -0.097380 0.368761
v -0.505687 -0.082452 0.340953
v -0.373308 -0.063166 0.412524
v -0.422746 -0.033583 0.389680
v -0.303052 -0.114339 0.426194
v -0.659999 -0.085856 0.050249
v -0.507073 0.091708 -0.298336
v -0.518132 0.095540 -0.225619
v -0.599690 -0.025315 -0.181321
v -0.558070 0.015278 -0.254417
v -0.557242 -0.039236 -0.253872
v -0.495711 -0.010790 -0.374945
v -0.451481 -0.032962 -0.432402
v -0.490561 -0.081449 -0.406932
v -0.376315 -0.085815 -0.465489
v -0.442528 -0.093579 -0.442520
v -0.307170 -0.152437 -0.452479
v -0.689325 -0.054318 -0.134109
v -0.755089 -0.072052 -0.134178
v -0.822034 -0.151122 0.000924
v -0.245429 -0.217446 -0.458250
v -0.026465 -0.088479 0.492131
v -0.116631 -0.154223 0.460784
v -0.176490 -0.142719 0.438360
v -0.183676 -0.213276 -0.460300
v -0.122924 -0.216666 -0.458323
v 0.545122 0.307935 0.438869
v 0.731397 0.209039 0.170738
v 0.301292 0.227115 0.550830
v 0.266763 0.153540 0.538578
v 0.195651 0.059229 0.584758
v 0.059279 -0.065316 0.592545
v 0.034714 -0.076750 0.556361
v 0.182529 -0.094503 -0.528230
v 0.075107 -0.097932 -0.455488
v 0.074547 -0.118770 -0.395589
v 0.055708 -0.108551 -0.464607
v 0.001081 -0.150085 -0.428127
v 0.717280 0.094372 0.070635
v 0.695349 0.027207 0.132772
v 0.682670 -0.055983 0.012926
v 0.604033 -0.000427 -0.293243
v 0.547094 0.033965 -0.371701
v 0.477094 0.030529 -0.410420
v 0.457246 0.058545 -0.435835
v 0.337875 0.064941 -0.459442
v 0.324230 0.111561 -0.505244
v 0.427221 -0.003754 -0.428195
v 0.364955 -0.004088 -0.458272
v 0.661243 -0.053927 -0.170340
v 0.620545 -0.074056 -0.248300
v 0.694242 0.022654 -0.111812
v 0.698241 0.012174 -0.134517
v 0.250190 -0.098631 -0.519473
v 0.249828 -0.028607 -0.503899
v 0.280931 -0.018403 -0.516342
v -0.590007 -0.084336 0.220122
v -0.544452 -0.092382 0.303652
v -0.590356 -0.056899 0.194328
v -0.479705 -0.151872 0.325773
v -0.704136 -0.185370 0.048561
v -0.604673 -0.168118 0.049963
v -0.526574 -0.020011 -0.339983
v -0.466394 -0.138748 -0.402677
v -0.381826 -0.166497 -0.433465
v -0.643350 -0.119339 -0.166158
v -0.692751 -0.185526 -0.191195
v -0.750169 -0.163730 -0.167385
v -0.801123 -0.129089 -0.145782
v -0.629199 -0.201919 0.001794
v -0.824106 -0.097206 -0.069628
v -0.843194 -0.154008 -0.048798
v -0.818747 -0.203647 -0.050692
v -0.302316 -0.260536 -0.427435
v -0.254340 -0.340188 -0.430273
v -0.253360 -0.153778 0.427856
v -0.251705 -0.078695 0.448835
v -0.010997 -0.060878 0.532292
v -0.054181 -0.141006 0.479386
v -0.026878 -0.135656 0.425925
v -0.144977 -0.186656 0.442258
v 0.727195 0.152513 0.171569
v 0.663812 0.153953 0.319081
v 0.534221 0.210100 0.434616
v 0.603798 0.209076 0.361559
v 0.488335 0.214998 0.478565
v 0.514755 0.143131 0.441667
v 0.582125 0.139406 0.395851
v 0.472901 0.218805 0.502272
v 0.439713 0.204684 0.536801
v 0.714325 0.093013 0.123566
v 0.238877 0.021237 0.569326
v 0.229487 0.089291 0.575026
v 0.181608 0.006010 0.614258
v 0.185555 -0.172830 -0.518383
v 0.107930 -0.161697 -0.473874
v 0.124848 -0.127107 -0.474857
v 0.039006 -0.193990 -0.501409
v 0.085687 -0.203317 -0.480637
v 0.018561 -0.229839 -0.401981
v 0.661077 -0.075115 0.090058
v 0.676880 -0.072465 -0.055656
v 0.534207 -0.036218 -0.366950
v 0.318955 0.004593 -0.458990
v 0.305638 -0.041942 -0.495590
v 0.356870 -0.041531 -0.460354
v 0.367428 -0.123142 -0.430270
v 0.358353 -0.113185 -0.452922
v 0.623214 -0.130335 -0.166212
v 0.666752 -0.143496 -0.054663
v 0.656658 -0.097844 -0.120467
v 0.288711 -0.090558 -0.498557
v 0.256520 -0.132234 -0.518825
v -0.621999 -0.111421 0.085224
v -0.591783 -0.084881 0.127992
v -0.588657 -0.161609 0.180913
v -0.410815 -0.155438 0.368358
v -0.310431 -0.214053 0.406079
v -0.608198 -0.199589 0.065168
v -0.632127 -0.151948 -0.215613
v -0.595674 -0.154531 -0.236817
v -0.582159 -0.174352 -0.224773
v -0.595970 -0.106665 -0.217065
v -0.513916 -0.092237 -0.368097
v -0.505458 -0.148255 -0.361131
v -0.420158 -0.210446 -0.383658
v -0.475345 -0.188721 -0.372224
v -0.635097 -0.194181 -0.119741
v -0.766632 -0.218663 -0.105854
v -0.684493 -0.234334 -0.088469
v -0.833025 -0.142829 -0.114936
v -0.813509 -0.196292 -0.120701
v -0.183529 -0.304145 -0.450844
v 0.017755 -0.148189 0.526864
v 0.015408 -0.115326 0.563971
v -0.082214 -0.171603 0.456913
v -0.012803 -0.107080 0.515372
v -0.047863 -0.221674 0.535973
v -0.005134 -0.186047 0.488531
v 0.011386 -0.241759 0.559582
v -0.030488 -0.209282 0.507086
v -0.178167 -0.235177 0.428440
v 0.614608 0.095166 0.354065
v 0.542597 0.078403 0.399698
v 0.492653 0.118803 0.476174
v 0.696200 0.057626 0.152615
v 0.691864 0.029199 0.189777
v 0.347529 0.204982 0.566780
v 0.306857 0.088993 0.527443
v 0.381611 0.149918 0.552519
v 0.376938 0.090532 0.546418
v 0.423186 0.144543 0.526025
v 0.433070 0.048661 0.491760
v 0.253494 0.094260 0.546900
v 0.269972 0.034867 0.551358
v 0.177187 -0.041585 0.593500
v 0.110596 -0.154582 0.586442
v 0.179848 -0.089960 0.533494
v 0.050236 -0.116355 0.585750
v 0.068989 -0.206978 0.587857
v 0.052942 -0.165131 0.571103
v 0.031182 -0.189984 0.547970
v 0.093835 -0.170513 -0.458377
v -0.023430 -0.210035 -0.417329
v -0.075979 -0.260717 -0.443999
v -0.064103 -0.345349 -0.420744
v -0.109875 -0.306902 -0.450583
v 0.586996 0.003979 -0.328180
v 0.557102 -0.023166 -0.334227
v 0.453813 0.021689 -0.408900
v 0.424384 -0.127898 -0.402834
v 0.287100 -0.061391 -0.442378
v 0.290258 -0.105352 -0.432265
v 0.266367 -0.108065 -0.421531
v 0.245273 -0.144569 -0.409484
v -0.615823 -0.191651 0.134266
v -0.594139 -0.262878 0.173507
v -0.420253 -0.212714 0.347151
v -0.426552 -0.295823 0.306768
v -0.481897 -0.216915 0.263274
v -0.602950 -0.185052 0.086670
v -0.645630 -0.266664 0.061299
v -0.684737 -0.235307 -0.046723
v -0.645655 -0.080499 -0.176609
v -0.593262 -0.211902 -0.180979
v -0.545039 -0.115585 -0.312526
v -0.555541 -0.234549 -0.309642
v -0.497854 -0.214860 -0.362280
v -0.365221 -0.276220 -0.395531
v 0.057069 -0.245787 0.521277
v -0.069080 -0.232511 0.492835
v -0.011696 -0.268946 0.555527
v -0.056659 -0.283256 0.488786
v -0.087322 -0.238552 0.479664
v -0.236591 -0.275074 0.421051
v -0.186682 -0.336069 0.406617
v -0.118860 -0.229431 0.436833
v -0.119270 -0.358464 -0.434899
v -0.227680 -0.376821 -0.422713
v 0.604808 0.027679 0.349075
v 0.533378 0.029065 0.401995
v 0.648160 -0.047292 0.211795
v 0.459253 0.093705 0.500111
v 0.342672 0.048637 0.552638
v 0.198359 -0.022832 0.540118
v 0.119146 -0.176835 0.537346
v 0.116785 -0.225423 -0.499725
v 0.201524 -0.215085 -0.483912
v 0.085565 -0.268162 -0.465010
v 0.013365 -0.260737 -0.438187
v -0.011987 -0.259581 -0.403352
v 0.060381 -0.283586 -0.350910
v -0.109181 -0.398427 -0.407318
v 0.644790 -0.159363 0.051510
v 0.649360 -0.148719 -0.002886
v 0.489877 -0.055611 -0.377017
v 0.537110 -0.108434 -0.333816
v 0.574778 -0.093467 -0.301980
v 0.586490 -0.156015 -0.257785
v 0.559542 -0.305519 -0.173976
v -0.555866 -0.209730 0.215004
v -0.555120 -0.157899 0.245271
v -0.598211 -0.229040 0.117595
v -0.687602 -0.310901 -0.020161
v -0.601960 -0.216096 -0.193204
v -0.392861 -0.331651 -0.364472
v -0.309705 -0.332631 -0.409733
v -0.679891 -0.296605 -0.120354
v -0.692866 -0.274125 -0.065082
v -0.638303 -0.270669 -0.175406
v -0.278147 -0.369526 -0.414093
v -0.096514 -0.269599 0.415704
v 0.670208 0.022026 0.244159
v 0.613980 -0.007642 0.321701
v 0.642204 -0.034607 0.234452
v 0.491549 -0.044857 0.434222
v 0.533456 -0.037821 0.416437
v 0.307007 -0.023690 0.524082
v 0.305797 0.014728 0.537202
v 0.237105 -0.032429 0.549679
v 0.189175 -0.218039 -0.403200
v 0.163815 -0.236196 -0.378354
v 0.011877 -0.332213 -0.365283
v 0.023525 -0.365080 -0.351492
v -0.027675 -0.395100 -0.359388
v 0.637788 -0.167814 -0.082858
v 0.501376 -0.154033 -0.339465
v 0.474650 -0.098621 -0.380835
v 0.402603 -0.160028 -0.374666
v 0.371329 -0.148406 -0.374627
v 0.622302 -0.173773 -0.145005
v 0.625812 -0.212406 -0.040862
v 0.616735 -0.213227 -0.107151
v 0.249344 -0.211873 -0.389008
v -0.529815 -0.400301 0.216950
v -0.488156 -0.274274 0.245616
v -0.573497 -0.301662 0.158853
v -0.362430 -0.339225 0.344661
v -0.307955 -0.281254 0.395998
v -0.615505 -0.325758 0.115014
v -0.653554 -0.337763 0.063186
v -0.657303 -0.387810 0.039061
v -0.682702 -0.371650 -0.006780
v -0.635935 -0.397427 0.020721
v -0.598822 -0.293846 -0.236751
v -0.619755 -0.348737 -0.220574
v -0.681189 -0.359525 -0.123280
v -0.510678 -0.313274 -0.327599
v -0.480201 -0.333359 -0.344130
v -0.370051 -0.447444 -0.374463
v -0.245661 -0.453679 -0.393131
v -0.301131 -0.400445 -0.405962
v -0.312420 -0.461062 -0.394705
v -0.244271 -0.340784 0.401731
v 0.138018 -0.156481 0.475583
v 0.123601 -0.212298 0.451470
v 0.062593 -0.255392 0.425206
v 0.000541 -0.299900 0.395157
v -0.051986 -0.333075 0.375551
v -0.037767 -0.278730 0.377667
v -0.119322 -0.368211 0.383005
v -0.167428 -0.436126 -0.378792
v -0.182590 -0.403432 -0.409161
v 0.576467 -0.024902 0.378044
v 0.489043 0.026095 0.435689
v 0.423377 0.041852 0.487031
v 0.508689 -0.103744 0.414731
v 0.544701 -0.096238 0.377416
v 0.305758 -0.089366 0.508184
v 0.366490 -0.021739 0.505112
v 0.423604 0.021630 0.470287
v 0.429182 -0.024743 0.466220
v 0.602369 -0.228849 0.093013
v 0.272700 -0.140341 0.489597
v 0.236310 -0.104450 0.522200
v 0.193699 -0.159145 0.495436
v 0.170248 -0.158855 0.476140
v 0.174044 -0.246498 -0.393089
v 0.115230 -0.336390 -0.389281
v 0.139206 -0.250555 -0.387558
v -0.012075 -0.457218 -0.348402
v 0.601454 -0.244687 -0.010299
v 0.536164 -0.153033 -0.301946
v 0.497651 -0.219193 -0.313778
v 0.342357 -0.172439 -0.363108
v 0.356176 -0.219728 -0.324490
v 0.380711 -0.201989 -0.359019
v 0.552569 -0.219083 -0.260517
v 0.548790 -0.329131 -0.204717
v 0.266147 -0.305194 -0.360163
v 0.316353 -0.240752 -0.348178
v -0.588973 -0.337301 0.150736
v -0.543709 -0.370599 0.182240
v -0.535593 -0.434469 0.185647
v -0.388584 -0.395310 0.307765
v -0.475398 -0.355893 0.251533
v -0.302822 -0.354896 0.371689
v -0.696652 -0.379060 -0.058938
v -0.624661 -0.395748 -0.189386
v -0.555690 -0.335742 -0.283528
v -0.548319 -0.270669 -0.283853
v -0.567695 -0.391774 -0.250057
v -0.438740 -0.385625 -0.360315
v -0.466013 -0.443321 -0.339614
v -0.225214 -0.403280 0.377164
v 0.126495 -0.269308 0.433829
v 0.083834 -0.227366 0.439673
v -0.000028 -0.364090 0.394182
v -0.069045 -0.399233 0.358843
v -0.107211 -0.458041 -0.330233
v 0.476202 -0.101146 0.435518
v 0.490322 -0.155770 0.395440
v 0.237596 -0.163234 0.474705
v 0.186362 -0.261888 -0.397999
v 0.188549 -0.337770 -0.393441
v -0.048628 -0.527462 -0.330800
v 0.598475 -0.295484 0.000210
v 0.593726 -0.289491 -0.064655
v 0.412266 -0.230372 -0.332897
v 0.509524 -0.211289 -0.287627
v 0.388559 -0.276765 -0.298349
v 0.365487 -0.279228 -0.295110
v 0.467338 -0.276784 -0.310728
v 0.584006 -0.304329 -0.114672
v 0.253306 -0.367082 -0.367092
v -0.566937 -0.403442 0.116111
v -0.545420 -0.444907 0.135109
v -0.463897 -0.428129 0.251594
v -0.418692 -0.462289 0.279696
v -0.627989 -0.376567 -0.090258
v -0.683513 -0.421217 -0.051872
v -0.658095 -0.430976 0.015182
v -0.627124 -0.425597 0.057591
v -0.607027 -0.475988 -0.002652
v -0.655727 -0.421686 -0.151364
v -0.585634 -0.371689 -0.179136
v -0.501787 -0.338183 -0.312487
v -0.594917 -0.387761 -0.190610
v -0.500970 -0.408728 -0.273334
v -0.550296 -0.461229 -0.222693
v -0.580509 -0.422503 -0.220750
v -0.585140 -0.462040 -0.182548
v -0.628383 -0.429158 -0.179202
v -0.492507 -0.388685 -0.311615
v -0.233074 -0.501169 -0.369587
v 0.244442 -0.225174 0.430175
v 0.208013 -0.188129 0.441129
v 0.188412 -0.225895 0.430146
v -0.040985 -0.454762 0.370787
v -0.151927 -0.396914 0.370220
v -0.175317 -0.473385 0.299214
v -0.102511 -0.463614 0.328471
v -0.182879 -0.506397 -0.330314
v 0.587237 -0.153101 0.244154
v 0.615762 -0.111672 0.248116
v 0.613003 -0.159111 0.185358
v 0.550120 -0.152244 0.311497
v 0.426344 -0.093025 0.480752
v 0.443702 -0.151461 0.424815
v 0.184257 -0.458098 -0.394243
v 0.120798 -0.458679 -0.396899
v 0.062520 -0.548576 -0.388739
v -0.120805 -0.536671 -0.298038
v -0.072936 -0.580358 -0.310266
v 0.585356 -0.255797 0.069980
v 0.497705 -0.288389 -0.279764
v 0.502209 -0.234124 -0.294758
v 0.515840 -0.218057 -0.302198
v 0.456296 -0.276589 -0.327012
v 0.496090 -0.369653 -0.171031
v 0.472365 -0.340500 -0.201464
v 0.488239 -0.337800 -0.253664
v 0.547199 -0.305372 -0.063012
v 0.538550 -0.398930 -0.071554
v 0.531196 -0.336548 -0.105971
v 0.549081 -0.306369 -0.121847
v 0.521786 -0.298993 -0.143885
v 0.329553 -0.367512 -0.322848
v -0.593242 -0.459068 0.064481
v -0.346681 -0.449436 0.309760
v -0.369914 -0.519108 0.279730
v -0.440273 -0.514188 0.235703
v -0.624279 -0.456343 -0.051435
v -0.588301 -0.503884 -0.005352
v -0.558569 -0.528303 0.056897
v -0.605485 -0.472131 -0.118453
v -0.480074 -0.447332 -0.278706
v -0.572534 -0.499981 -0.120222
v -0.534014 -0.524211 -0.185165
v -0.301454 -0.555747 -0.350072
v -0.362740 -0.540965 -0.346965
v -0.301094 -0.518739 -0.374705
v -0.194290 -0.508017 -0.319690
v -0.260651 -0.581370 -0.292752
v -0.273447 -0.474754 0.304442
v 0.302248 -0.181433 0.498281
v 0.301131 -0.223710 0.468358
v 0.220040 -0.282628 0.385427
v -0.123711 -0.515933 0.303124
v 0.569956 -0.207601 0.241263
v 0.539789 -0.227647 0.273114
v 0.521955 -0.179646 0.339601
v 0.481701 -0.167590 0.374053
v 0.431569 -0.160521 0.435315
v 0.376317 -0.213293 0.431221
v 0.472881 -0.214119 0.375104
v 0.464759 -0.186827 0.400509
v 0.410015 -0.160091 0.434301
v 0.582777 -0.225034 0.178967
v 0.325217 -0.150882 0.511298
v 0.374220 -0.153407 0.470683
v 0.361450 -0.114500 0.505473
v 0.365221 -0.206064 0.413553
v 0.374017 -0.220383 0.437559
v 0.575076 -0.301652 0.148026
v 0.003286 -0.583144 -0.367454
v -0.119859 -0.583377 -0.276438
v -0.019954 -0.674297 -0.360711
v -0.090545 -0.619771 -0.293487
v 0.568526 -0.318668 0.070728
v 0.536634 -0.326301 -0.005822
v 0.427439 -0.348131 -0.242952
v 0.442612 -0.310632 -0.239594
v 0.484539 -0.393243 -0.189269
v 0.527495 -0.461473 -0.114393
v 0.245867 -0.455087 -0.374942
v 0.265133 -0.451702 -0.362192
v -0.527764 -0.456805 0.202112
v -0.532398 -0.491774 0.126266
v -0.521923 -0.515533 0.179759
v -0.330936 -0.400609 0.334794
v -0.423020 -0.533335 0.250790
v -0.603488 -0.521780 -0.077183
v -0.500926 -0.509474 -0.246200
v -0.475303 -0.548490 -0.281206
v -0.469877 -0.465540 -0.302352
v -0.428060 -0.520562 -0.334403
v -0.488914 -0.623906 -0.242219
v -0.373971 -0.572528 -0.320606
v 0.240443 -0.211340 0.412292
v 0.281498 -0.246283 0.452516
v 0.063074 -0.397175 0.409171
v 0.116073 -0.397676 0.399397
v -0.068659 -0.513081 0.347515
v -0.187241 -0.515814 0.268023
v -0.179709 -0.547664 -0.309359
v -0.158595 -0.643847 -0.237463
v 0.515182 -0.214232 0.307981
v 0.517199 -0.246935 0.257917
v 0.554776 -0.269948 0.211333
v 0.543059 -0.307323 0.136915
v 0.124241 -0.582954 -0.398996
v -0.118777 -0.634032 -0.254441
v 0.540156 -0.391989 0.013880
v 0.466355 -0.330138 -0.266183
v 0.441485 -0.396024 -0.235104
v 0.374711 -0.458166 -0.303479
v 0.496368 -0.455549 -0.178950
v 0.470818 -0.459288 -0.223945
v 0.547720 -0.462138 -0.064068
v 0.318814 -0.463861 -0.343204
v 0.244801 -0.548698 -0.395074
v -0.535131 -0.576284 0.122742
v -0.493303 -0.557690 0.191632
v -0.378030 -0.576797 0.238738
v -0.454118 -0.567938 0.203740
v -0.609591 -0.537216 -0.028957
v -0.603329 -0.571638 0.005348
v -0.555348 -0.627193 0.059016
v -0.579099 -0.621198 -0.012501
v -0.582232 -0.550592 -0.139339
v -0.555384 -0.584486 -0.174871
v -0.524692 -0.597278 -0.221779
v -0.394901 -0.551912 -0.336981
v -0.308864 -0.609692 -0.254507
v -0.210416 -0.632602 -0.243558
v 0.329360 -0.228906 0.410733
v 0.273135 -0.287299 0.386239
v 0.232014 -0.269467 0.415213
v 0.195954 -0.394927 0.364115
v 0.244156 -0.320853 0.384330
v 0.051512 -0.519807 0.386725
v 0.000517 -0.491882 0.381177
v -0.092909 -0.578848 0.328828
v 0.504996 -0.287765 0.284977
v 0.457491 -0.257584 0.313920
v 0.478275 -0.260023 0.351724
v 0.461638 -0.293262 0.343734
v 0.351774 -0.279441 0.410178
v 0.428747 -0.253087 0.363147
v 0.417597 -0.284688 0.377279
v 0.184570 -0.520496 -0.400184
v 0.188075 -0.579447 -0.411510
v 0.031231 -0.673559 -0.384103
v 0.519821 -0.327398 0.059243
v 0.558456 -0.472630 0.021872
v 0.508689 -0.519758 -0.177391
v 0.497664 -0.548314 -0.224612
v 0.548944 -0.523075 -0.108249
v -0.498201 -0.647792 0.097627
v -0.258431 -0.525160 0.269023
v -0.373724 -0.619844 0.159960
v -0.594831 -0.602440 -0.077623
v -0.531081 -0.659120 0.015960
v -0.554138 -0.633668 -0.120459
v -0.516791 -0.638468 -0.203679
v -0.476014 -0.650145 -0.218849
v -0.438628 -0.611708 -0.274434
v -0.334949 -0.622625 -0.223920
v -0.246993 -0.650839 -0.210764
v -0.251674 -0.585503 0.223429
v -0.196568 -0.568551 0.241019
v 0.337056 -0.251623 0.423711
v 0.277109 -0.242675 0.433286
v 0.297404 -0.329524 0.365626
v 0.303436 -0.310571 0.394490
v 0.245104 -0.459083 0.371606
v 0.133925 -0.486258 0.369944
v 0.023787 -0.569734 0.372224
v -0.178910 -0.635860 0.213973
v -0.137835 -0.565858 0.281257
v -0.129987 -0.638091 0.289044
v -0.141100 -0.687170 -0.219624
v 0.501574 -0.331162 0.258496
v 0.448235 -0.321207 0.310630
v 0.352864 -0.315926 0.390325
v 0.123794 -0.634780 -0.404024
v 0.075246 -0.710383 -0.389492
v 0.088082 -0.769605 -0.397300
v -0.081231 -0.763001 -0.322933
v -0.057981 -0.702360 -0.334132
v 0.003658 -0.802541 -0.372633
v -0.035364 -0.824970 -0.345748
v -0.111422 -0.825169 -0.291312
v 0.334898 -0.536578 -0.354107
v 0.547290 -0.554818 -0.166349
v 0.578769 -0.537321 -0.061971
v -0.419576 -0.621682 0.131968
v -0.304812 -0.533682 0.248300
v -0.311252 -0.575597 0.205468
v -0.512941 -0.654264 -0.062013
v -0.563129 -0.635004 -0.061514
v -0.427192 -0.671252 0.048103
v -0.290566 -0.657504 -0.141906
v 0.338808 -0.341458 0.335361
v 0.094395 -0.578371 0.369519
v 0.069908 -0.630424 0.364323
v -0.054467 -0.644404 0.330986
v -0.070996 -0.731476 0.305869
v 0.019612 -0.688742 0.341290
v -0.197130 -0.685039 -0.192583
v -0.104838 -0.718979 -0.285967
v -0.137075 -0.763637 -0.232697
v 0.517734 -0.370249 0.193578
v 0.525452 -0.331880 0.237033
v 0.472280 -0.344885 0.230622
v 0.413721 -0.332956 0.288431
v 0.387215 -0.366632 0.298664
v 0.406997 -0.347969 0.355647
v 0.425973 -0.296840 0.372941
v 0.508742 -0.387597 0.133696
v 0.526090 -0.462824 0.123319
v 0.258766 -0.666926 -0.436578
v 0.178362 -0.669644 -0.434763
v 0.153145 -0.745636 -0.439731
v 0.021093 -0.827543 -0.384393
v 0.067176 -0.824263 -0.382533
v 0.586905 -0.519211 0.015500
v 0.404761 -0.548620 -0.310965
v 0.457268 -0.550834 -0.279918
v 0.574895 -0.542698 -0.114049
v 0.480418 -0.615704 -0.471056
v 0.365539 -0.589907 -0.360510
v 0.325640 -0.640345 -0.404408
v -0.491676 -0.668747 -0.143700
v -0.301967 -0.678433 -0.144535
v -0.213994 -0.736874 -0.169724
v -0.212730 -0.651468 0.180900
v 0.139013 -0.650192 0.377677
v -0.119837 -0.701700 0.277215
v -0.013639 -0.766638 0.314086
v -0.156222 -0.702218 0.241278
v -0.178247 -0.707768 0.198031
v -0.140037 -0.763710 0.243192
v -0.151123 -0.825114 -0.210764
v 0.430616 -0.393436 0.266603
v 0.498551 -0.365073 0.176616
v 0.494208 -0.468886 0.182618
v 0.574494 -0.539127 0.095655
v 0.196820 -0.721467 -0.449984
v 0.135648 -0.753799 -0.407416
v 0.594359 -0.550284 0.002393
v 0.698361 -0.570712 -0.149399
v 0.663301 -0.549932 -0.061575
v 0.250989 -0.717283 -0.432966
v -0.363388 -0.631690 0.124551
v -0.311205 -0.602000 0.190650
v -0.292619 -0.710731 -0.129576
v -0.295261 -0.713710 -0.087088
v -0.335885 -0.680926 -0.114862
v -0.190631 -0.679266 0.167094
v 0.214468 -0.603022 0.366342
v 0.207622 -0.517341 0.361595
v 0.181444 -0.516100 0.367815
v 0.185697 -0.675453 0.486984
v 0.100989 -0.691513 0.378660
v -0.199948 -0.825050 0.149428
v -0.123916 -0.825563 0.253735
v -0.187151 -0.825006 -0.180045
v -0.162214 -0.765521 -0.205214
v 0.464535 -0.461319 0.218873
v 0.401371 -0.451751 0.286436
v 0.541253 -0.530722 0.162580
v 0.682768 -0.569147 0.005426
v 0.676789 -0.576912 -0.239279
v 0.717656 -0.569485 -0.057980
v -0.419618 -0.677438 -0.132547
v -0.412628 -0.674473 -0.052857
v -0.369718 -0.688470 0.012245
v -0.330702 -0.661552 0.047847
v -0.300178 -0.711576 0.031743
v -0.287669 -0.690843 -0.040483
v -0.195334 -0.790646 -0.185874
v -0.250266 -0.766203 -0.128503
v -0.272907 -0.769253 -0.078109
v -0.247751 -0.792031 -0.123949
v 0.332974 -0.458704 0.322694
v 0.303580 -0.518475 0.339428
v 0.241861 -0.534574 0.369394
v 0.022636 -0.761764 0.341728
v -0.042244 -0.782964 0.305224
v -0.025752 -0.796792 0.320589
v -0.057062 -0.828186 0.364044
v -0.097523 -0.794505 0.281780
v -0.064289 -0.824119 0.293429
v -0.261335 -0.825207 -0.089564
v 0.488735 -0.544282 0.210754
v 0.403597 -0.522960 0.282157
v 0.223267 -0.695035 -0.427648
v 0.187197 -0.730909 -0.433396
v 0.249931 -0.833080 -0.688788
v 0.112840 -0.827920 -0.406248
v 0.185411 -0.772975 -0.440132
v 0.741899 -0.575646 0.041558
v 0.722967 -0.635593 -0.181294
v 0.557330 -0.579701 -0.401062
v -0.296739 -0.656622 0.116165
v -0.237549 -0.679493 0.113843
v -0.271172 -0.737994 0.051699
v -0.277275 -0.756422 0.011785
v -0.274801 -0.825316 -0.054250
v -0.206268 -0.702807 0.120041
v -0.206681 -0.758570 0.115095
v 0.360076 -0.518431 0.319560
v 0.244679 -0.591442 0.372835
v 0.008357 -0.826440 0.541301
v 0.119400 -0.729515 0.519050
v 0.099012 -0.716618 0.428555
v 0.434292 -0.559335 0.268900
v 0.556775 -0.558391 0.263497
v 0.619267 -0.534222 0.161265
v 0.716290 -0.551646 0.188638
v 0.745193 -0.636774 -0.045266
v 0.660766 -0.584225 -0.286678
v 0.671012 -0.630723 -0.357487
v 0.619531 -0.581084 -0.344333
v 0.698639 -0.645194 -0.301352
v 0.606606 -0.612646 -0.431751
v 0.558808 -0.620944 -0.476316
v 0.420275 -0.718441 -0.610002
v 0.367692 -0.692046 -0.523088
v 0.351107 -0.752008 -0.611936
v 0.288041 -0.752472 -0.531334
v -0.272978 -0.825161 -0.007379
v -0.242496 -0.762209 0.067604
v -0.207708 -0.825541 0.108437
v 0.350119 -0.563299 0.334645
v 0.225241 -0.673559 0.542669
v 0.094458 -0.789675 0.539035
v 0.138945 -0.742330 0.524451
v 0.670169 -0.642290 -0.409953
v 0.675629 -0.694253 -0.603196
v 0.334756 -0.791069 -0.623970
v 0.321397 -0.783885 -0.644517
v -0.259028 -0.821409 0.024069
v -0.228805 -0.824488 0.055321
v 0.537181 -0.590780 0.423510
v 0.757729 -0.638900 0.065361
v 0.766288 -0.722073 -0.240232
v 0.771809 -0.709386 -0.092732
v 0.753403 -0.723359 -0.335317
v 0.516651 -0.682932 -0.561716
v 0.520183 -0.719180 -0.656444
v 0.398861 -0.780826 -0.690494
v 0.366876 -0.628178 0.551013
v 0.063959 -0.824136 0.563329
v 0.125806 -0.825702 0.733891
v 0.618208 -0.589325 0.366239
v 0.703713 -0.570888 0.250878
v 0.683005 -0.619363 0.350912
v 0.746149 -0.723161 -0.471518
v 0.799595 -0.769358 -0.270535
v 0.829830 -0.826795 -0.167192
v 0.562105 -0.763470 -0.816441
v 0.441033 -0.827258 -0.785181
v 0.420031 -0.603625 0.485946
v 0.523756 -0.643344 0.505180
v 0.305912 -0.667559 0.609264
v 0.236909 -0.725676 0.626040
v 0.188500 -0.735188 0.612376
v 0.734745 -0.652672 0.231221
v 0.786695 -0.734352 0.042807
v 0.803806 -0.824694 0.246792
v 0.667888 -0.785437 -0.741817
v 0.443814 -0.638727 0.552651
v 0.405406 -0.660225 0.627827
v 0.758872 -0.695917 0.190180
v 0.827687 -0.825279 -0.010402
v 0.325488 -0.686691 0.678954
v 0.814135 -0.825781 0.082247
v 0.828244 -0.825530 -0.562126
v 0.843194 -0.827126 -0.375776
v 0.484329 -0.713605 0.635748
v 0.385152 -0.690726 0.674415
v 0.728679 -0.733213 0.352059
v 0.578478 -0.746858 0.670441
v 0.612731 -0.632722 0.439140
v 0.347294 -0.721895 0.758571
v 0.726259 -0.734027 -0.617381
v 0.637484 -0.709117 0.552976
v 0.409444 -0.753587 0.724877
v 0.453170 -0.766486 0.732608
v 0.760200 -0.780928 -0.719825
v 0.679837 -0.763343 0.520543
v 0.270981 -0.755427 0.765859
v 0.291893 -0.828795 1.000000
v 0.325298 -0.780161 0.886931
v 0.736226 -0.825932 -0.803157
v 0.670259 -0.828416 -0.862909
v 0.716749 -0.826389 0.523210
v 0.640188 -0.825993 0.693403
v 0.579048 -0.827633 0.798008
v 0.426002 -0.822841 0.818381
v 0.512012 -0.825993 0.826354
v 0.376383 -0.832047 0.881968
v -0.597524 -0.378813 0.112572
v -0.032842 0.223359 0.576490
v -0.062219 0.751156 -0.291390
v 0.514576 -0.327044 0.097055
v -0.289793 0.279835 0.532160
v -0.579109 -0.192653 -0.274343
v 0.693986 0.373173 0.104106
v 0.720794 0.181160 -0.088095
v 0.691109 0.344277 0.058982
v 0.005334 0.157064 0.599654
v 0.197391 0.028146 0.553467
v 0.252969 0.814953 0.045845
v 0.718424 0.130752 0.089591
v 0.625787 0.421658 -0.212111
v -0.044612 0.803937 0.000440
v 0.401498 0.422821 -0.439335
v 0.156960 0.366169 -0.533817
v 0.183316 0.360398 -0.543356
v 0.372507 0.235195 0.556468
v 0.211420 0.341181 -0.531192
v 0.666649 0.447616 -0.090987
v -0.092361 0.027107 -0.499647
v 0.284006 0.532481 -0.435053
v 0.317839 -0.049973 -0.461261
v -0.161288 0.139914 0.551414
v 0.457039 0.672003 -0.187893
v 0.379208 0.703289 -0.238286
v 0.421566 0.684402 -0.249414
v -0.078081 0.119250 -0.518564
v -0.105393 0.018815 -0.511327
v -0.142547 -0.009976 -0.528885
v 0.472162 0.656801 0.117402
v 0.524311 0.644581 0.119291
v 0.515141 0.633395 0.110180
v 0.582337 0.219531 -0.341129
v 0.421669 0.722233 0.022493
v 0.798791 -0.826053 -0.770781
v -0.226989 0.351996 0.528433
v 0.300090 -0.072211 0.502941
v 0.631423 -0.827289 -1.000000
v 0.014641 -0.519103 -0.369189
v -0.071013 0.202870 0.581625
v -0.050270 0.174248 0.574535
v -0.098007 0.151572 0.574676
v 0.425718 0.710585 0.058677
v -0.239295 0.400278 -0.485115
v -0.060596 0.216948 -0.550678
v -0.330684 0.398547 0.489023
v 0.473812 -0.237641 -0.267984
v 0.526215 -0.235253 -0.292065
v -0.236596 0.280681 0.527976
v -0.190771 0.320001 0.538891
v -0.221925 0.402042 0.538641
v 0.193972 -0.110516 0.504843
v -0.240556 0.216970 -0.465394
v -0.535160 -0.070434 -0.307296
v 0.066191 -0.701636 0.369480
v 0.072951 -0.705241 0.353655
v -0.212867 -0.006139 -0.515582
v -0.042598 0.049671 -0.509968
v 0.450496 0.332407 -0.465418
v 0.313449 -0.242431 0.413771
v 0.056945 0.147564 -0.492723
v -0.041411 0.334941 0.568114
v 0.526432 -0.561415 -0.331825
v -0.220412 0.386826 0.508289
v 0.677146 0.351262 -0.202645
v -0.359940 0.559502 0.434621
v 0.600963 0.461547 0.161338
v 0.446031 0.673343 -0.032337
v 0.480284 0.244192 -0.442796
v -0.403514 0.462417 0.437666
v -0.247648 0.243461 0.555434
v 0.628038 0.408961 0.107230
v -0.331660 0.064895 0.435386
v 0.676130 -0.035587 -0.123580
v 0.106918 -0.066123 -0.489756
v 0.398680 0.431033 -0.419414
v 0.219295 -0.101811 -0.520446
v -0.666175 0.165056 -0.235356
v -0.180083 0.314558 0.553279
v -0.201612 0.272049 0.554706
v -0.080493 0.328122 0.567840
v 0.405841 0.114672 -0.452770
v 0.373245 0.117124 -0.492520
v -0.211154 0.144099 0.505838
v 0.615544 0.482595 0.128263
v -0.328959 0.642993 0.368451
v -0.357803 0.599257 0.399945
v -0.318403 0.085952 0.442945
v 0.043940 0.797035 -0.176198
v -0.328707 0.715324 0.249529
v 0.381882 0.759163 -0.082533
v -0.173117 0.816869 -0.052227
v -0.140900 0.811709 -0.014913
v -0.151453 0.821009 -0.039962
v 0.002633 0.833080 -0.022184
v 0.336377 -0.008361 -0.460022
v 0.174943 -0.832767 0.772260
v 0.662986 0.239110 0.318167
v -0.589115 -0.066702 -0.200489
v 0.567103 0.499484 0.157208
vn 0.074404 0.985595 -0.151769
vn -0.027284 0.977264 -0.210242
vn -0.114872 0.949400 -0.292184
vn -0.514267 0.617298 -0.595325
vn 0.018586 0.935636 -0.352428
vn -0.173437 0.859035 -0.481613
vn -0.216742 0.971618 -0.094699
vn -0.615955 0.678915 -0.399518
vn -0.235908 0.970641 -0.046297
vn -0.059999 0.991333 0.116703
vn -0.370342 0.921812 0.114170
vn -0.645741 0.316019 -0.695059
vn -0.160070 0.966948 -0.198431
vn -0.168340 0.856441 -0.487960
vn -0.303659 0.903836 -0.301401
vn -0.282937 0.955443 0.083956
vn -0.308847 0.948729 0.067049
vn -0.262764 0.931333 -0.252022
vn -0.239845 0.967803 0.076052
vn -0.065004 0.957183 0.281991
vn -0.090121 0.937284 0.336650
vn -0.412030 0.833796 -0.367351
vn 0.232124 0.746513 -0.623524
vn -0.398999 0.871303 -0.285592
vn 0.112461 0.926328 -0.359508
vn -0.035890 0.874691 -0.483322
vn 0.039277 0.817347 -0.574755
vn 0.380749 0.911771 -0.153874
vn 0.197333 0.980285 0.007080
vn 0.253182 0.834834 -0.488784
vn 0.026673 0.805078 -0.592547
vn -0.214087 0.885433 -0.412427
vn -0.005890 0.849544 -0.527451
vn 0.327769 0.670431 -0.665609
vn -0.262795 0.900388 0.346660
vn 0.392529 0.917508 -0.063601
vn -0.184667 0.943022 -0.276681
vn -0.155492 0.860042 0.485885
vn -0.157079 0.862545 0.480972
vn 0.077914 0.954009 0.289376
vn -0.008179 0.903256 0.428999
vn 0.290201 0.954588 -0.067110
vn 0.238685 0.967772 -0.079867
vn 0.338389 0.940977 0.001801
vn 0.528123 0.697653 -0.484085
vn 0.281259 0.835749 -0.471572
vn 0.348338 0.927580 -0.134892
vn 0.308023 0.919736 -0.243233
vn 0.019257 0.771691 -0.635670
vn 0.013001 0.780053 -0.625538
vn -0.402875 0.914975 -0.021302
vn -0.317148 0.945860 -0.068697
vn -0.441359 0.893918 -0.077853
vn -0.259774 0.923673 -0.281564
vn -0.154118 0.864742 -0.477920
vn -0.162084 0.734336 -0.659139
vn -0.011170 0.843898 0.536332
vn -0.164251 0.871059 0.462874
vn -0.153081 0.784234 0.601276
vn 0.188299 0.658162 -0.728904
vn -0.054842 0.570544 -0.819422
vn 0.813929 0.485885 -0.318369
vn 0.281838 0.942808 0.177862
vn 0.248543 0.940611 -0.231147
vn 0.008179 0.809259 -0.587359
vn -0.023316 0.798517 -0.601489
vn 0.064272 0.752953 -0.654897
vn -0.358898 0.908048 0.215888
vn -0.348582 0.857326 -0.378735
vn -0.515152 0.857082 0.000977
vn -0.092929 0.651021 -0.753319
vn 0.411756 0.759911 -0.502914
vn 0.214545 0.953887 0.209815
vn 0.187323 0.912809 0.362835
vn 0.057619 0.899594 0.432875
vn 0.309153 0.949980 -0.043428
vn 0.431898 0.901822 -0.011841
vn 0.080630 0.899411 -0.429579
vn -0.042604 0.779077 -0.625416
vn 0.220649 0.846644 -0.484207
vn -0.026612 0.869716 -0.492813
vn -0.061678 0.692862 -0.718375
vn 0.074129 0.651265 -0.755211
vn -0.374584 0.847316 0.376385
vn -0.335337 0.907743 0.252022
vn -0.420179 0.888821 -0.182867
vn -0.267403 0.846522 -0.460280
vn -0.097995 0.750847 -0.653127
vn -0.194433 0.863186 0.465865
vn -0.165654 0.752495 0.637410
vn -0.118870 0.700003 -0.704154
vn -0.115085 0.681387 -0.722770
vn 0.413556 0.873928 -0.255318
vn 0.001007 0.999420 -0.033815
vn 0.105289 0.993774 -0.035920
vn 0.595233 0.759758 -0.261574
vn 0.841334 0.471603 -0.263955
vn 0.567888 0.493973 -0.658376
vn 0.412458 0.685995 -0.599353
vn 0.578967 0.636189 -0.509903
vn -0.004334 0.806146 -0.591662
vn 0.767937 0.606739 -0.205145
vn 0.719840 0.651082 -0.240577
vn -0.099796 0.766625 -0.634266
vn -0.094394 0.783471 -0.614185
vn -0.426588 0.822352 0.376415
vn -0.503739 0.850978 0.148564
vn -0.621082 0.772851 0.130070
vn -0.172826 0.636921 0.751274
vn 0.384198 0.888089 0.252297
vn -0.095645 0.799463 0.593005
vn -0.025727 0.838343 0.544511
vn -0.152684 0.686178 0.711173
vn -0.166967 0.708884 0.685263
vn -0.110782 0.593036 0.797479
vn -0.007813 0.985900 0.166997
vn 0.656453 0.694815 -0.293649
vn 0.351146 0.898984 -0.261666
vn 0.994507 0.104251 0.008881
vn 0.620258 0.692312 -0.368694
vn 0.062807 0.839473 -0.539720
vn -0.052278 0.657216 -0.751854
vn -0.067629 0.600146 -0.796991
vn 0.167852 0.493393 -0.853420
vn -0.542131 0.789544 0.287515
vn -0.629749 0.775079 0.050905
vn -0.499985 0.796869 -0.339091
vn -0.510178 0.839778 -0.185644
vn -0.633686 0.751488 -0.183477
vn -0.272439 0.787317 0.553056
vn -0.155187 0.595630 -0.788110
vn 0.375744 0.827601 0.416913
vn -0.027741 0.759301 0.650136
vn -0.176000 0.685141 0.706778
vn 0.619739 0.746391 0.242409
vn 0.669698 0.654408 -0.351024
vn -0.133335 0.990783 0.023164
vn -0.235969 0.891110 -0.387585
vn 0.650624 0.687155 -0.323252
vn 0.539720 0.517502 -0.663961
vn 0.872219 0.461318 -0.162420
vn 0.035829 0.493484 -0.868984
vn -0.488449 0.702780 0.517167
vn -0.405286 0.807215 -0.429060
vn -0.527390 0.739555 -0.418134
vn -0.378735 0.655599 -0.653218
vn -0.255348 0.699576 -0.667318
vn -0.174749 0.633686 -0.753563
vn -0.180151 0.566668 0.803980
vn -0.400067 0.486618 0.776605
vn -0.165532 0.595599 -0.786035
vn 0.153661 0.854762 0.495682
vn 0.122440 0.820704 0.558061
vn -0.174230 0.547960 0.818140
vn 0.926206 0.057100 0.372570
vn 0.607593 0.776391 0.167333
vn 0.956816 -0.237678 0.167272
vn 0.952910 0.119510 0.278634
vn 0.974639 -0.188757 -0.120060
vn 0.043733 0.772881 -0.633015
vn -0.022370 0.749992 -0.661031
vn -0.050600 0.235267 -0.970580
vn 0.100620 0.665487 -0.739555
vn -0.534898 0.655965 0.532487
vn -0.416456 0.762322 0.495376
vn -0.739799 0.666524 0.091678
vn -0.757439 0.637440 -0.140996
vn -0.175054 0.615253 0.768609
vn -0.140538 0.524857 0.839473
vn -0.124180 0.384899 -0.914548
vn -0.273202 0.422254 -0.864284
vn -0.154912 0.465835 -0.871181
vn 0.721732 0.313334 0.617145
vn 0.723014 0.430158 0.540513
vn 0.529801 0.593432 0.605884
vn 0.792291 0.403577 0.457534
vn 0.876003 0.481796 0.021302
vn 0.143406 0.747124 0.649007
vn -0.047395 0.650136 0.758324
vn 0.988739 0.114719 0.095767
vn 0.952025 0.257576 -0.165105
vn 0.987610 0.156804 -0.001892
vn 0.796381 0.380596 -0.469955
vn 0.492813 0.714255 -0.496933
vn 0.700369 0.238319 -0.672781
vn 0.906827 0.173956 -0.383892
vn 0.885830 0.136601 -0.443403
vn 0.928648 -0.369518 0.032441
vn 0.447188 0.642994 -0.621723
vn 0.229591 0.692740 -0.683645
vn 0.713889 0.389660 0.581805
vn 0.779870 0.317545 0.539354
vn -0.006989 0.622456 -0.782617
vn 0.141911 -0.047243 -0.988739
vn -0.063173 0.619861 -0.782128
vn 0.395398 -0.247475 -0.884518
vn 0.339183 -0.440565 -0.831141
vn 0.213294 -0.429518 -0.877468
vn 0.060457 0.356212 -0.932432
vn -0.030366 0.291025 -0.956206
vn -0.634571 0.708457 0.308786
vn -0.633564 0.700186 -0.329081
vn -0.764397 0.548448 -0.338847
vn -0.862514 0.465285 -0.198889
vn -0.864528 0.495315 0.084902
vn -0.143895 0.599994 0.786920
vn -0.068484 0.477248 0.876064
vn -0.479934 0.475204 0.737449
vn -0.406995 0.220099 -0.886471
vn 0.401959 0.816767 0.413800
vn 0.200110 0.831446 0.518296
vn 0.138249 0.774712 0.616962
vn 0.145756 0.689535 0.709403
vn -0.130924 0.250984 -0.959075
vn 0.925932 0.245582 -0.286813
vn 0.908475 0.250862 -0.334239
vn 0.608997 0.592029 -0.527787
vn 0.525315 0.676748 -0.515732
vn 0.854183 0.376629 -0.358409
vn 0.897031 0.438032 -0.058687
vn 0.725272 0.677694 0.121189
vn 0.884213 -0.106113 0.454817
vn 0.973540 -0.153142 0.169530
vn 0.315348 0.527268 -0.788995
vn 0.457076 0.347911 -0.818506
vn 0.293039 -0.453963 -0.841426
vn -0.182989 0.141362 -0.972869
vn 0.052492 0.321116 -0.945555
vn -0.556719 0.685995 0.468398
vn -0.491379 0.594867 0.636097
vn -0.485672 0.459395 0.743645
vn -0.852687 0.499191 0.153905
vn -0.636219 0.653523 -0.409986
vn -0.421308 0.543748 -0.725791
vn -0.285653 0.531846 -0.797174
vn -0.974670 0.162786 0.153142
vn -0.003296 0.531693 0.846919
vn -0.172704 0.410443 -0.895352
vn -0.187872 0.327860 -0.925840
vn -0.558428 0.487930 0.670858
vn -0.147496 0.449660 -0.880917
vn -0.183020 0.343974 0.920957
vn 0.428663 0.848842 0.309244
vn 0.470626 0.803064 0.365398
vn 0.965789 -0.076540 0.247658
vn 0.451308 0.745201 0.490829
vn 0.135044 0.682028 0.718711
vn -0.142613 0.542192 0.828028
vn 0.904477 0.393353 -0.164800
vn 0.863460 -0.483535 0.143529
vn 0.953948 0.125401 -0.272439
vn 0.254250 0.966948 0.018708
vn 0.830683 0.390454 -0.396802
vn 0.655324 0.458724 -0.600055
vn 0.631642 0.245247 -0.735405
vn 0.519852 0.822199 -0.231697
vn 0.883633 -0.143559 -0.445570
vn 0.790582 -0.487899 -0.370006
vn 0.990692 0.013184 0.135411
vn 0.240547 0.043367 -0.969634
vn 0.325694 -0.212287 -0.921323
vn 0.171911 0.073092 -0.982391
vn 0.472732 0.072604 -0.878201
vn 0.098422 0.249397 -0.963378
vn -0.037233 0.237678 -0.970611
vn -0.740898 0.641804 0.197790
vn -0.767205 0.530229 0.360820
vn -0.821528 0.411023 0.395093
vn -0.700369 0.454878 -0.550035
vn -0.968352 0.129246 -0.213416
vn -0.225806 0.548173 0.805261
vn -0.246620 0.271950 -0.930143
vn 0.937925 0.345683 0.027253
vn 0.571673 0.684957 0.451582
vn 0.870571 0.397473 -0.289956
vn 0.302042 0.698019 0.649220
vn -0.018860 0.341105 0.939817
vn -0.039369 0.287118 0.957060
vn -0.121494 0.329600 0.936247
vn -0.248207 0.501633 0.828669
vn 0.275857 0.261177 0.925016
vn 0.246376 0.356120 0.901334
vn 0.950346 0.073367 0.302408
vn 0.162755 0.948302 0.272347
vn 0.411847 0.813746 -0.410047
vn 0.547990 0.296487 -0.782128
vn 0.805567 0.587329 -0.077883
vn 0.655629 0.582629 -0.480270
vn 0.786370 0.617695 -0.004700
vn 0.502518 0.813013 -0.294046
vn 0.794458 0.552019 0.253182
vn 0.488296 -0.110263 -0.865658
vn 0.340434 0.032411 -0.939695
vn 0.487899 0.126408 -0.863674
vn 0.503403 0.117283 -0.856044
vn 0.203650 0.108676 -0.972961
vn 0.093295 0.275826 -0.956664
vn 0.080142 0.040529 -0.995941
vn -0.447920 0.306314 0.839930
vn -0.294565 0.077242 0.952483
vn -0.590655 0.456710 0.665181
vn -0.846644 0.211310 0.488327
vn -0.749260 0.215918 0.626057
vn -0.950835 0.244636 0.189825
vn -0.726310 -0.526078 0.442305
vn -0.947569 0.134007 -0.290078
vn -0.088992 -0.010254 -0.995972
vn -0.546403 0.068514 -0.834681
vn -0.374310 0.462783 -0.803552
vn -0.314219 0.544267 -0.777795
vn -0.327311 0.386090 -0.862392
vn -0.204230 0.344218 -0.916379
vn -0.171239 0.216803 -0.961058
vn -0.127873 0.307016 -0.943052
vn -0.434400 -0.356029 -0.827326
vn 0.506974 0.309122 0.804590
vn -0.341105 0.310160 0.887356
vn 0.080081 0.291879 0.953093
vn -0.625568 0.206885 0.752190
vn 0.015412 -0.174383 -0.984527
vn 0.315531 -0.167028 -0.934080
vn 0.183782 0.359569 -0.914823
vn 0.787072 0.588672 -0.184271
vn 0.697623 0.641438 -0.319102
vn 0.149571 0.579302 0.801263
vn -0.027802 0.588427 0.808039
vn -0.067904 0.513901 0.855129
vn 0.768456 0.535997 0.349498
vn 0.363445 0.894620 0.259804
vn 0.850581 0.425581 -0.308756
vn 0.658010 0.572588 -0.488998
vn 0.310495 0.649464 -0.694082
vn 0.486007 0.436079 -0.757347
vn 0.008576 -0.228248 -0.973540
vn 0.888760 0.379955 -0.256355
vn 0.736473 0.259041 -0.624836
vn -0.000153 0.779534 -0.626331
vn 0.140751 -0.051119 -0.988708
vn 0.761773 0.579302 -0.289956
vn 0.332224 -0.012665 -0.943083
vn 0.123844 0.562548 -0.817408
vn 0.222205 0.355541 -0.907834
vn 0.047212 -0.011719 -0.998810
vn -0.107517 0.034974 -0.993561
vn -0.906613 0.211707 0.364910
vn -0.676199 0.150792 0.721091
vn -0.743400 -0.637623 -0.201819
vn -0.833674 0.119236 -0.539201
vn -0.682058 -0.685049 -0.255806
vn -0.774285 -0.603870 -0.189154
vn -0.809595 -0.011353 -0.586840
vn -0.854793 0.104740 -0.508255
vn -0.086673 0.052675 -0.994812
vn 0.053896 -0.091037 -0.994385
vn -0.544328 0.167852 -0.821894
vn -0.953612 -0.252327 -0.164006
vn -0.610034 -0.764977 -0.206458
vn -0.446028 0.175756 0.877560
vn -0.311472 -0.452406 -0.835627
vn -0.463149 -0.662465 -0.588702
vn -0.290567 0.245552 0.924802
vn -0.374981 -0.072176 0.924192
vn -0.153783 -0.167364 -0.973815
vn -0.287576 0.163945 -0.943602
vn 0.498642 0.809046 0.311075
vn 0.798181 0.597644 -0.075350
vn 0.649190 0.753349 0.104740
vn 0.829279 0.549944 -0.099216
vn 0.473067 0.721213 0.505966
vn 0.240974 0.422407 0.873745
vn -0.048341 0.285562 0.957121
vn -0.122196 0.153569 0.980529
vn 0.585315 0.441023 0.680319
vn -0.122379 0.961089 0.247597
vn 0.516343 0.432997 -0.738823
vn 0.709891 0.519944 -0.475051
vn 0.366253 0.928678 -0.057802
vn 0.293741 0.253151 -0.921720
vn 0.062471 0.351695 -0.934019
vn 0.052004 0.340892 -0.938627
vn 0.165716 0.469375 -0.867275
vn 0.031098 0.265938 -0.963469
vn 0.114475 -0.160283 -0.980377
vn -0.552202 0.324076 0.768120
vn -0.627186 0.167516 0.760613
vn -0.454390 0.140080 0.879696
vn -0.718619 0.066256 0.692190
vn -0.662679 0.525895 0.533158
vn -0.602252 -0.476913 0.640187
vn -0.349559 -0.406201 0.844264
vn -0.651021 0.077578 0.755058
vn -0.783288 0.038881 0.620411
vn -0.701010 -0.525834 0.481704
vn -0.969390 -0.222144 0.104526
vn -0.732017 -0.666646 -0.140202
vn -0.668416 -0.741874 0.053072
vn -0.744621 -0.607440 0.276620
vn -0.412885 -0.834864 0.363933
vn -0.669424 -0.742332 0.028108
vn -0.432417 -0.565600 -0.702170
vn -0.763909 -0.602283 -0.231666
vn -0.717765 -0.641591 -0.270394
vn -0.847713 -0.501755 -0.171972
vn -0.570574 -0.679983 -0.460463
vn -0.432356 -0.367473 -0.823389
vn -0.416181 -0.595508 -0.687124
vn -0.299570 -0.581103 -0.756645
vn -0.290994 -0.591449 -0.751976
vn -0.509812 0.067354 -0.857601
vn -0.490219 -0.387585 -0.780663
vn -0.769433 -0.299936 -0.563891
vn -0.391583 -0.483963 -0.782556
vn -0.330393 -0.490951 -0.806055
vn -0.374126 0.105350 0.921354
vn -0.253853 -0.159673 -0.953948
vn -0.421796 -0.333872 -0.842952
vn -0.235023 -0.220923 -0.946532
vn -0.361705 0.067354 -0.929838
vn -0.107517 -0.051576 0.992859
vn 0.767357 -0.596179 -0.235969
vn 0.572436 -0.801935 0.170812
vn 0.531449 0.650746 0.542253
vn 0.910916 0.313608 0.268075
vn -0.038270 0.384259 0.922422
vn 0.246681 0.308176 0.918760
vn 0.578021 0.623280 0.526688
vn 0.458174 0.874844 -0.157140
vn 0.749931 0.554949 -0.359966
vn 0.653706 0.377697 -0.655721
vn 0.530747 0.527757 -0.663106
vn 0.735740 0.256844 -0.626637
vn 0.440840 -0.262429 -0.858333
vn 0.852016 0.520768 0.053133
vn 0.938261 0.073641 -0.337931
vn 0.270119 0.201605 -0.941465
vn 0.774651 0.380932 -0.504746
vn 0.077212 0.400494 -0.913022
vn 0.104801 0.328654 -0.938597
vn 0.564898 0.273629 -0.778436
vn 0.285440 0.217658 -0.933317
vn 0.335276 0.368297 -0.867122
vn -0.043458 -0.090915 -0.994903
vn -0.115665 -0.135929 -0.983917
vn 0.170751 -0.294717 -0.940184
vn 0.065188 -0.163488 -0.984375
vn -0.200385 -0.101688 0.974395
vn -0.741142 -0.636097 0.214576
vn -0.766045 -0.623768 0.155065
vn -0.651631 -0.455031 0.606861
vn -0.552843 -0.504227 0.663381
vn -0.425886 -0.643574 0.635914
vn -0.716758 -0.543382 0.436964
vn -0.865688 -0.353832 0.354045
vn -0.794824 -0.235450 0.559221
vn -0.867428 -0.217017 0.447707
vn -0.956084 -0.238014 0.170965
vn -0.516770 0.856075 -0.001587
vn -0.944823 0.312906 -0.096805
vn -0.600391 -0.740471 -0.301981
vn -0.734001 0.302683 -0.607929
vn -0.545610 -0.724479 -0.421186
vn 0.031922 -0.802332 -0.595996
vn -0.488662 -0.502609 -0.713126
vn -0.501602 0.270669 -0.821650
vn -0.850551 -0.137730 -0.507523
vn -0.858608 -0.136876 -0.494003
vn -0.872066 0.467360 -0.144993
vn -0.892422 0.420667 -0.162999
vn -0.850795 0.506638 -0.139256
vn -0.920011 -0.090060 0.381359
vn 0.201849 0.258766 0.944578
vn -0.601459 -0.402295 -0.690207
vn -0.886624 -0.115696 -0.447737
vn -0.541673 0.066927 -0.837886
vn -0.211402 0.205603 -0.955504
vn -0.438002 0.386364 0.811670
vn -0.468612 0.313456 0.825892
vn -0.445784 -0.037355 -0.894345
vn -0.722343 0.361248 -0.589648
vn -0.232978 0.005463 -0.972442
vn 0.640339 0.647969 0.412366
vn 0.876553 0.138493 -0.460921
vn 0.917264 0.397992 0.014039
vn 0.887783 0.266121 -0.375439
vn 0.973937 0.044710 0.222297
vn 0.170568 0.598682 0.782586
vn 0.088748 0.311808 0.945982
vn -0.107150 0.296731 0.948912
vn 0.117252 0.134831 0.983886
vn -0.122806 0.042787 0.991485
vn -0.117527 0.156255 0.980682
vn -0.192114 -0.089022 0.977294
vn -0.078433 -0.221107 0.972076
vn 0.083468 -0.373913 -0.923673
vn -0.365337 -0.226875 -0.902768
vn 0.260750 0.939909 -0.220252
vn 0.964812 0.254067 -0.067324
vn 0.786096 0.499771 0.363659
vn 0.667013 0.647298 -0.368877
vn 0.964080 0.204169 -0.169774
vn 0.555681 0.354106 -0.752190
vn 0.130009 0.347819 -0.928495
vn 0.991363 0.042238 0.123936
vn 0.999969 -0.004761 0.005005
vn 0.974517 0.043092 -0.220069
vn 0.731223 -0.120762 -0.671346
vn 0.413892 0.734245 -0.538072
vn -0.051820 0.900204 0.432295
vn 0.278054 -0.190588 -0.941435
vn 0.960082 0.177496 -0.216102
vn 0.908841 0.280221 -0.308939
vn 0.024567 0.342112 -0.939329
vn 0.243629 -0.072237 -0.967162
vn -0.082614 -0.553545 -0.828700
vn 0.213935 0.254463 -0.943083
vn -0.692679 -0.713401 0.105869
vn -0.473983 -0.565081 0.675253
vn -0.549333 -0.667440 0.502670
vn -0.553392 -0.553728 0.622181
vn -0.667592 0.611072 0.425275
vn -0.538682 0.842311 0.017151
vn -0.720969 0.683004 -0.116886
vn -0.858272 0.392590 -0.330454
vn -0.665487 0.396008 -0.632649
vn -0.972900 0.066164 -0.221442
vn -0.965392 0.145207 -0.216468
vn -0.925993 -0.376324 0.029878
vn -0.874233 -0.485458 0.005982
vn -0.304941 0.040071 0.951506
vn -0.833918 -0.449660 -0.319865
vn -0.181188 0.092837 -0.979034
vn -0.797571 -0.141362 -0.586413
vn -0.571581 0.091983 -0.815363
vn -0.822871 -0.092196 -0.560656
vn -0.146702 -0.279855 0.948729
vn -0.449934 -0.278054 0.848628
vn -0.224403 -0.314524 0.922300
vn -0.645924 0.259651 0.717856
vn 0.623127 0.737419 -0.260506
vn 0.290048 0.920957 -0.260140
vn 0.489669 0.429609 0.758690
vn 0.680197 0.139592 -0.719565
vn 0.465346 0.883663 0.050233
vn -0.139286 -0.083102 0.986755
vn -0.116306 -0.184912 0.975829
vn 0.080081 -0.584277 -0.807550
vn 0.426496 -0.217505 -0.877926
vn 0.008179 -0.538987 -0.842250
vn -0.047731 -0.322794 -0.945250
vn 0.013459 0.089358 -0.995880
vn -0.155156 -0.262673 -0.952300
vn -0.022980 -0.253304 -0.967101
vn 0.682913 0.728843 -0.048494
vn 0.781671 0.259529 0.567064
vn 0.907987 0.267190 -0.322672
vn 0.229316 0.654164 -0.720725
vn 0.003754 0.222205 -0.974975
vn -0.092410 0.473647 -0.875820
vn 0.825617 0.555071 0.101047
vn 0.894101 0.144597 -0.423811
vn 0.881710 0.275674 -0.382794
vn 0.650594 0.488662 -0.581256
vn 0.509171 0.519791 -0.685934
vn 0.982116 -0.061769 -0.177831
vn 0.104953 -0.008515 -0.994415
vn -0.402631 -0.074923 -0.912259
vn 0.179693 0.602527 -0.777581
vn 0.062471 -0.492141 -0.868252
vn -0.616535 -0.056154 0.785302
vn -0.463668 0.187780 0.865841
vn -0.891110 0.169469 0.420911
vn -0.866848 -0.042360 0.496750
vn -0.609210 -0.067873 0.790063
vn -0.110172 -0.565905 0.817042
vn -0.295297 -0.444990 0.845424
vn -0.732414 0.247291 0.634327
vn -0.738517 -0.343944 0.579852
vn -0.966124 -0.142430 0.215064
vn -0.827357 0.129460 0.546495
vn -0.858821 0.352794 0.371380
vn -0.815760 0.388012 0.428907
vn -0.912107 -0.019990 -0.409436
vn -0.936430 -0.214667 -0.277474
vn -0.902524 0.355419 -0.243080
vn -0.577258 0.346324 -0.739464
vn -0.410749 0.301889 -0.860286
vn -0.339976 0.239387 -0.909421
vn -0.064028 0.135594 -0.988678
vn -0.768914 -0.570635 -0.288217
vn -0.519578 -0.623432 0.584216
vn -0.748955 0.071474 0.658711
vn -0.973510 0.207099 -0.096561
vn -0.114566 -0.710349 0.694449
vn -0.063570 -0.739097 0.670583
vn -0.888302 -0.113285 -0.445051
vn -0.208594 0.191687 -0.959014
vn -0.091983 -0.484176 0.870083
vn -0.499924 0.030702 0.865505
vn -0.410749 -0.507736 0.757286
vn -0.186621 -0.020692 -0.982208
vn 0.558214 0.139317 -0.817896
vn 0.550554 0.802240 0.230781
vn 0.079836 0.728233 0.680624
vn 0.172491 0.694571 0.698416
vn 0.630757 0.485580 0.605243
vn 0.698843 0.526170 0.484481
vn 0.990661 -0.071169 0.116031
vn 0.570269 0.551012 0.609210
vn 0.553240 0.408460 0.725974
vn 0.946501 0.305826 -0.102664
vn 0.541765 -0.443770 0.713797
vn 0.279031 -0.217444 0.935331
vn 0.714896 -0.389233 0.580828
vn 0.147435 0.077761 0.985992
vn 0.142521 -0.130650 0.981109
vn 0.099033 0.912687 0.396435
vn 0.592151 -0.573656 -0.565874
vn 0.326731 -0.362865 -0.872646
vn 0.357799 -0.229774 -0.905057
vn -0.405225 -0.052095 -0.912717
vn 0.513016 0.789819 0.336039
vn 0.685934 -0.140172 -0.714011
vn 0.983917 0.159948 -0.079409
vn 0.350230 -0.102878 -0.930967
vn 0.766503 0.237739 -0.596576
vn 0.645466 0.113926 -0.755211
vn 0.716605 0.072085 -0.693716
vn 0.631245 0.111637 -0.767479
vn 0.564226 0.067995 -0.822810
vn 0.166387 -0.304788 -0.937742
vn 0.290872 -0.008026 -0.956694
vn 0.401715 0.216010 -0.889889
vn 0.980560 -0.196020 -0.007141
vn 0.880947 -0.023469 -0.472579
vn 0.966979 -0.068545 -0.245338
vn 0.993713 -0.046388 -0.101779
vn 0.215857 0.822504 -0.526170
vn -0.625599 0.387249 -0.677206
vn -0.728874 0.056581 -0.682272
vn -0.666585 0.213324 0.714225
vn -0.421369 0.082858 0.903073
vn -0.810144 -0.526170 0.258431
vn -0.747032 -0.644642 0.162236
vn -0.981903 -0.155828 0.107547
vn -0.940123 0.011597 0.340587
vn 0.130528 -0.984466 0.117313
vn -0.724662 0.166845 -0.668569
vn -0.500595 -0.252663 -0.827967
vn -0.195807 0.055849 -0.979034
vn -0.752434 -0.270943 -0.600299
vn -0.620716 -0.282296 0.731407
vn -0.105960 -0.404065 0.908567
vn 0.083651 -0.862514 0.499008
vn -0.900296 -0.267067 -0.343669
vn -0.346263 -0.137120 0.928037
vn -0.432295 -0.038362 0.900906
vn -0.451125 -0.098910 0.886929
vn 0.142277 -0.351177 0.925413
vn 0.130222 -0.312510 0.940916
vn 0.661794 0.422773 0.619068
vn 0.956877 0.204535 -0.206153
vn 0.999878 0.008576 -0.010956
vn 0.817957 -0.248695 0.518662
vn 0.869381 -0.494095 0.000000
vn 0.652181 -0.752312 0.092959
vn 0.912473 0.301798 -0.276101
vn 0.290201 -0.019745 0.956755
vn -0.134800 0.582049 0.801874
vn 0.029054 -0.203040 0.978729
vn -0.229926 0.532853 0.814356
vn 0.011658 -0.259621 -0.965606
vn -0.510147 0.557756 -0.654653
vn -0.306009 -0.382550 -0.871761
vn -0.396344 -0.276131 -0.875576
vn -0.299081 -0.532640 -0.791711
vn 0.331492 -0.496658 -0.802118
vn -0.098880 0.008087 -0.995056
vn 0.239326 -0.217719 -0.946196
vn -0.072817 -0.217383 -0.973357
vn 0.366192 -0.520463 -0.771355
vn 0.985412 0.149174 0.081606
vn 0.492935 -0.129887 -0.860286
vn 0.696616 -0.202246 -0.688314
vn 0.962615 -0.114322 -0.245521
vn 0.625690 -0.086459 -0.775231
vn 0.878262 -0.337809 -0.338359
vn 0.710959 0.303110 -0.634541
vn 0.473617 -0.057527 -0.878842
vn 0.298105 0.133763 -0.945097
vn 0.392376 0.713981 -0.579852
vn 0.823969 -0.217841 -0.523057
vn 0.695853 0.524766 -0.490249
vn 0.238960 0.017365 -0.970855
vn -0.553911 -0.209601 0.805719
vn -0.427931 0.240211 0.871273
vn -0.726432 -0.038392 0.686148
vn -0.547960 -0.832850 -0.077944
vn -0.778375 -0.574572 -0.252937
vn -0.384472 -0.060579 0.921110
vn -0.895535 0.048219 0.442305
vn -0.418348 -0.760399 0.496719
vn -0.020478 -0.878201 0.477828
vn -0.395398 -0.912412 0.105502
vn -0.758446 -0.321299 -0.567003
vn -0.472701 -0.846736 -0.244026
vn -0.766228 -0.564684 -0.306497
vn -0.441847 -0.846797 -0.296060
vn -0.645589 0.072115 -0.760247
vn -0.715781 0.151646 -0.681631
vn -0.597552 -0.118168 -0.793054
vn -0.535630 -0.232032 -0.811914
vn -0.371288 -0.237251 -0.897671
vn -0.721213 -0.165990 -0.672475
vn -0.547502 -0.714896 -0.434858
vn -0.319956 0.041871 -0.946471
vn -0.162267 0.172704 -0.971496
vn -0.341655 0.213721 -0.915189
vn -0.306284 -0.058168 -0.950133
vn -0.652791 0.253609 -0.713767
vn -0.741234 0.510941 0.435255
vn -0.611377 0.437025 0.659658
vn -0.795862 0.578478 -0.178686
vn -0.711783 -0.463210 0.527970
vn -0.871975 -0.205206 -0.444411
vn -0.560961 -0.670156 -0.485977
vn -0.316233 -0.610706 -0.725944
vn -0.560289 -0.312784 -0.766961
vn -0.470840 -0.249001 0.846339
vn -0.124424 -0.201788 0.971465
vn 0.756890 0.144749 0.637257
vn 0.310099 0.307688 0.899503
vn 0.659963 0.392315 0.640675
vn 0.998413 -0.049318 -0.026032
vn 0.866970 0.012329 0.498154
vn 0.670797 0.562792 0.482925
vn 0.865749 0.445967 0.227058
vn 0.855678 0.485977 -0.177801
vn 0.350047 0.103061 0.931028
vn -0.146825 0.182104 0.972228
vn 0.310373 0.174291 0.934477
vn 0.113865 0.171697 0.978515
vn 0.577197 0.816401 -0.017273
vn 0.991607 0.077029 0.103610
vn 0.294382 0.112369 0.949034
vn 0.216102 0.423292 0.879818
vn -0.266579 0.707755 0.654195
vn -0.332621 0.331645 0.882778
vn 0.216163 0.612598 0.760247
vn -0.562914 0.535966 0.629170
vn -0.319498 0.165136 0.933073
vn -0.133000 -0.593554 0.793695
vn -0.332957 -0.105289 0.937040
vn -0.012543 -0.170873 0.985198
vn -0.128849 -0.162175 0.978301
vn -0.155614 -0.540422 -0.826838
vn 0.060549 -0.687246 -0.723869
vn -0.049409 -0.290475 -0.955596
vn 0.196448 -0.249367 -0.948241
vn 0.932524 -0.081729 -0.351695
vn 0.985839 -0.165319 -0.027375
vn 0.724723 -0.204657 -0.657888
vn -0.065828 -0.204230 -0.976684
vn 0.637959 -0.166631 -0.751793
vn 0.904263 -0.321024 -0.281411
vn 0.924161 0.099704 -0.368725
vn 0.207862 -0.287454 -0.934935
vn 0.765587 -0.309854 -0.563738
vn 0.457686 -0.527482 -0.715690
vn 0.472976 -0.798547 -0.372234
vn 0.895352 -0.052675 -0.442213
vn 0.957213 -0.034608 -0.287271
vn 0.991089 -0.132633 -0.011353
vn 0.950652 -0.135472 -0.279061
vn -0.131443 -0.486312 -0.863826
vn 0.645650 -0.763482 0.013337
vn 0.793939 -0.272500 -0.543474
vn 0.102664 -0.404157 -0.908872
vn -0.640339 -0.718894 0.270425
vn -0.922880 -0.348582 0.163579
vn -0.727287 -0.660817 0.185278
vn -0.530686 -0.217475 0.819147
vn -0.543321 0.040193 0.838527
vn -0.677877 -0.008515 0.735099
vn -0.428816 0.158452 0.889370
vn -0.307535 -0.424329 0.851650
vn -0.947233 0.013092 0.320231
vn -0.511673 0.416272 0.751579
vn -0.735343 0.554186 0.390057
vn -0.382336 -0.665853 -0.640614
vn -0.594836 -0.347606 -0.724754
vn -0.692465 -0.708426 -0.136204
vn -0.828669 -0.141942 -0.541398
vn -0.736778 -0.632099 -0.239967
vn -0.414686 -0.407880 -0.813410
vn -0.774438 -0.500443 -0.387005
vn -0.109104 -0.067446 -0.991729
vn -0.226142 0.028535 -0.973663
vn -0.404950 0.355663 -0.842311
vn -0.777429 0.549272 -0.306375
vn -0.354595 0.319254 0.878811
vn -0.350536 -0.090762 0.932127
vn -0.088076 -0.179998 -0.979705
vn -0.102695 -0.216193 0.970916
vn -0.556902 -0.246712 0.793054
vn 0.084719 -0.315378 0.945158
vn -0.360424 0.029389 0.932310
vn -0.233161 -0.267312 0.934965
vn 0.078921 -0.154759 -0.984771
vn 0.938200 0.071047 0.338633
vn 0.170537 0.050844 0.984008
vn 0.461226 0.141484 0.875912
vn 0.118259 0.466079 0.876797
vn -0.610004 -0.190985 0.769005
vn -0.212592 -0.614643 0.759575
vn -0.767907 -0.386670 0.510636
vn 0.072115 -0.547533 -0.833644
vn 0.042238 -0.139073 -0.989349
vn 0.009125 -0.141209 -0.989929
vn -0.730369 0.154180 -0.665395
vn 0.310892 0.094333 -0.945738
vn 0.229438 -0.053865 -0.971801
vn 0.195410 -0.156621 -0.968108
vn 0.986419 -0.037446 0.159886
vn 0.760094 -0.082095 -0.644581
vn 0.533982 -0.141148 -0.833613
vn 0.590960 -0.147099 -0.793146
vn 0.659841 0.222022 -0.717826
vn 0.525224 -0.589068 -0.614063
vn 0.219184 -0.200537 -0.954833
vn 0.972564 0.040834 -0.228980
vn 0.898312 -0.072024 -0.433393
vn 0.912229 -0.175665 -0.370037
vn 0.992859 -0.059877 0.102939
vn 0.923185 -0.215400 -0.318278
vn 0.992431 -0.116794 0.037141
vn 0.000702 -0.230873 -0.972961
vn 0.549913 -0.202612 -0.810236
vn -0.456404 -0.204108 0.866024
vn -0.917783 -0.296945 0.263527
vn -0.959777 0.146489 0.239448
vn -0.789361 -0.235817 0.566820
vn -0.967437 -0.019257 -0.252358
vn -0.755364 0.653188 -0.052339
vn -0.932707 -0.181829 -0.311411
vn -0.608905 0.118229 0.784356
vn -0.180792 0.143162 0.973022
vn -0.902219 -0.382427 0.199286
vn -0.637532 -0.393292 0.662465
vn -0.970855 -0.189978 0.145878
vn -0.900693 0.269845 0.340465
vn -0.426923 0.427473 -0.796838
vn -0.939512 -0.124516 -0.319010
vn -0.788476 0.391278 -0.474532
vn -0.838740 0.308603 -0.448622
vn -0.453444 0.088229 -0.886898
vn -0.437849 0.241249 -0.866054
vn -0.512345 0.262093 -0.817774
vn -0.402020 -0.499191 0.767541
vn -0.839381 0.358623 0.408399
vn -0.430891 0.270699 0.860836
vn 0.002838 -0.366588 0.930357
vn -0.902585 -0.168340 0.396191
vn 0.074526 -0.241554 0.967498
vn -0.197455 -0.377361 0.904752
vn 0.610645 0.229469 0.757897
vn 0.723197 0.200171 0.660939
vn 0.803400 0.023835 0.594928
vn 0.807215 0.122471 0.577349
vn 0.737144 0.005371 0.675680
vn 0.988250 0.101047 0.114505
vn 0.979339 0.127445 0.156957
vn 0.679495 0.158238 0.716392
vn 0.403943 0.274636 0.872555
vn 0.396283 0.070070 0.915433
vn 0.681387 -0.066561 0.728843
vn 0.505631 -0.018983 0.862514
vn 0.021516 0.014161 0.999664
vn -0.365276 -0.031007 0.930357
vn 0.215430 0.025544 0.976165
vn -0.241737 -0.114139 0.963591
vn 0.363720 -0.135075 0.921628
vn 0.648885 0.144078 0.747093
vn 0.720511 -0.087558 0.687857
vn 0.434248 0.013153 0.900662
vn -0.280068 -0.301920 0.911252
vn -0.032594 -0.490585 0.870754
vn -0.404706 -0.507553 0.760613
vn -0.196753 -0.257607 0.945982
vn -0.952757 0.170873 -0.250984
vn 0.512803 0.858150 -0.023988
vn 0.479293 -0.073885 -0.874508
vn -0.113132 -0.374676 -0.920194
vn 0.956572 -0.291330 0.008698
vn 0.938658 -0.260750 -0.225593
vn 0.682546 -0.203375 -0.701926
vn 0.738914 0.020112 -0.673452
vn 0.690146 -0.193030 -0.697409
vn 0.655843 -0.147771 -0.740257
vn 0.750328 -0.010987 -0.660939
vn 0.481521 -0.187536 -0.856105
vn 0.432722 -0.009919 -0.901456
vn 0.488693 -0.224067 -0.843165
vn -0.008850 -0.337230 -0.941343
vn 0.317301 -0.402905 -0.858455
vn 0.804315 -0.284677 -0.521531
vn 0.721000 -0.007996 -0.692862
vn 0.399945 -0.166753 -0.901212
vn -0.878628 -0.472976 0.065035
vn -0.869930 0.157079 0.467422
vn -0.733665 0.207129 0.647145
vn -0.977233 0.043825 0.207495
vn -0.977569 -0.022217 0.209418
vn -0.465621 -0.189062 0.864528
vn -0.586627 -0.111118 0.802149
vn -0.409589 -0.177038 0.894894
vn -0.499191 -0.016175 0.866329
vn -0.680532 -0.462935 0.567888
vn -0.511979 -0.118992 0.850673
vn -0.857204 -0.458815 -0.233741
vn -0.987548 -0.152989 -0.035920
vn -0.623402 0.290353 -0.725974
vn -0.901364 0.399823 -0.166204
vn -0.851741 0.286019 -0.438978
vn -0.721854 0.339610 -0.602924
vn -0.639637 0.237312 -0.731101
vn -0.741356 -0.070315 -0.667379
vn -0.205573 -0.233680 -0.950316
vn -0.474441 -0.232826 -0.848903
vn -0.206427 -0.243202 -0.947722
vn -0.501877 0.051454 -0.863399
vn -0.400342 0.429762 -0.809290
vn -0.724052 -0.167180 0.669149
vn -0.188604 -0.169652 -0.967284
vn -0.492996 -0.224494 0.840541
vn -0.378674 -0.456771 0.804926
vn -0.132725 -0.269051 0.953917
vn 0.047426 -0.082156 -0.995483
vn 0.183355 -0.031892 -0.982513
vn 0.751640 -0.018403 0.659261
vn 0.941588 0.066530 0.330088
vn -0.124485 -0.112796 0.985778
vn 0.334635 -0.001648 0.942320
vn 0.510086 -0.235237 0.827296
vn -0.460799 -0.122868 0.878933
vn -0.759270 0.034883 0.649800
vn -0.096042 -0.004913 -0.995361
vn 0.158849 0.327403 -0.931394
vn -0.393750 -0.479812 -0.784020
vn 0.607318 -0.636097 -0.475906
vn 0.010468 -0.292611 -0.956145
vn 0.959227 -0.187078 0.211737
vn 0.955535 -0.258248 0.142155
vn 0.932127 -0.361034 0.027711
vn 0.744621 -0.234199 -0.624989
vn 0.622578 -0.191626 -0.758690
vn 0.394147 -0.280496 -0.875179
vn 0.563402 -0.346904 -0.749779
vn -0.274941 -0.226356 -0.934416
vn -0.457472 -0.035127 -0.888516
vn 0.461898 -0.448866 -0.764916
vn 0.246742 -0.151097 -0.957213
vn 0.887967 -0.369274 -0.274026
vn 0.786584 -0.313730 -0.531785
vn 0.988372 -0.069399 0.135258
vn 0.953917 -0.299387 0.018921
vn 0.098209 0.055818 -0.993591
vn 0.007630 -0.049226 -0.998749
vn 0.019868 -0.112583 -0.993439
vn -0.950621 0.025666 0.309244
vn -0.775628 -0.133824 0.616810
vn -0.974792 -0.009217 0.222846
vn -0.597858 -0.395062 0.697470
vn -0.289651 -0.455550 0.841731
vn -0.721824 -0.012635 0.691916
vn -0.854762 0.190039 -0.482955
vn -0.589312 -0.357524 -0.724479
vn -0.363872 -0.360668 -0.858760
vn -0.361766 0.467605 -0.806482
vn -0.438154 -0.336100 -0.833674
vn -0.331584 -0.533525 -0.778069
vn -0.535051 0.215430 -0.816858
vn -0.695547 -0.486007 0.529099
vn -0.914975 0.396344 -0.075381
vn -0.988617 -0.096133 0.115635
vn -0.538652 -0.796930 0.273324
vn -0.315134 -0.260170 -0.912656
vn -0.279641 -0.228919 -0.932401
vn -0.173162 -0.171636 0.969787
vn 0.007355 -0.452315 0.891812
vn -0.957030 0.103854 0.270669
vn 0.413404 -0.831141 0.371807
vn -0.245216 -0.420606 0.873440
vn -0.573199 0.105716 0.812555
vn 0.965331 -0.196020 0.172216
vn 0.763512 -0.052217 0.643635
vn 0.679342 -0.031739 0.733116
vn 0.656819 0.035066 0.753197
vn 0.776177 -0.085635 0.624653
vn 0.683676 -0.122227 0.719443
vn 0.639912 -0.077456 0.764519
vn 0.743278 -0.075594 0.664663
vn 0.456862 -0.086520 0.885311
vn 0.969695 -0.220862 0.104282
vn 0.025208 -0.354686 0.934629
vn 0.320872 0.260262 0.910642
vn 0.601428 -0.273019 0.750786
vn -0.192480 -0.206275 -0.959349
vn -0.202277 -0.580828 -0.788476
vn 0.334178 -0.125828 -0.934049
vn -0.444655 -0.019745 -0.895474
vn -0.440168 0.534196 -0.721671
vn -0.119602 0.531419 -0.838588
vn 0.915403 -0.328867 0.232002
vn 0.976409 -0.215766 -0.004028
vn 0.505081 -0.288430 -0.813410
vn 0.117038 -0.892209 -0.436171
vn 0.812952 -0.486587 -0.319834
vn 0.287881 -0.238014 -0.927610
vn 0.136448 -0.690329 -0.710471
vn 0.129917 -0.572863 -0.809259
vn 0.895657 -0.280618 -0.344951
vn 0.888730 -0.457686 -0.025758
vn 0.897580 -0.322581 -0.300424
vn 0.851070 -0.337901 -0.401807
vn 0.551530 -0.327433 -0.767174
vn -0.917356 -0.090701 0.387524
vn -0.954314 0.109745 0.277871
vn -0.920713 -0.011170 0.390027
vn -0.454939 -0.244545 0.856258
vn -0.297525 -0.151097 0.942656
vn -0.794610 -0.089022 0.600543
vn -0.256813 0.218513 -0.941404
vn -0.986969 -0.160863 -0.002472
vn -0.872616 0.096103 -0.478805
vn -0.879635 0.083041 -0.468307
vn -0.881436 -0.089724 -0.463668
vn -0.647816 -0.116947 -0.752739
vn -0.396466 -0.315165 -0.862239
vn -0.446883 -0.251900 -0.858364
vn -0.519150 -0.584735 -0.623310
vn -0.199103 -0.917844 -0.343303
vn -0.718223 -0.458022 -0.523759
vn -0.895047 0.074068 -0.439772
vn -0.612720 -0.603961 -0.509659
vn -0.067904 -0.217597 -0.973663
vn -0.961364 0.002197 0.275246
vn -0.822321 0.108615 0.558519
vn -0.330088 -0.771020 0.544542
vn -0.507431 -0.174718 0.843776
vn -0.919462 -0.180517 -0.349223
vn 0.010163 0.289346 0.957152
vn -0.024232 0.087680 0.995849
vn -0.633106 0.246284 0.733818
vn -0.418836 0.026490 0.907651
vn 0.694998 -0.191748 0.692953
vn 0.687216 -0.141240 0.712577
vn 0.751549 -0.103671 0.651448
vn 0.969085 -0.227363 0.095584
vn 0.950774 -0.287545 0.115513
vn -0.033052 -0.076449 0.996521
vn -0.114139 0.004944 0.993439
vn 0.164281 -0.122318 0.978790
vn 0.127384 -0.030580 0.991363
vn 0.404675 -0.180212 0.896512
vn 0.432173 -0.498306 0.751579
vn 0.597827 0.092257 0.796289
vn 0.465682 0.013947 0.884823
vn 0.512009 -0.350475 0.784204
vn 0.242866 -0.235908 0.940916
vn 0.510300 -0.471023 0.719504
vn -0.615314 -0.136540 0.776330
vn -0.041322 -0.301645 0.952513
vn -0.507279 -0.059633 0.859706
vn -0.809595 -0.015351 0.586749
vn -0.957701 -0.158605 -0.240028
vn -0.090701 0.256142 -0.962371
vn 0.406354 -0.082369 -0.909970
vn 0.474990 -0.331797 -0.815027
vn 0.215613 -0.164495 -0.962493
vn 0.699789 -0.247963 -0.669881
vn 0.645009 -0.267251 -0.715873
vn 0.485336 -0.391888 -0.781549
vn 0.470412 -0.594470 -0.652120
vn -0.018097 -0.577410 -0.816248
vn -0.060396 -0.523179 -0.850063
vn 0.537584 -0.544053 -0.644185
vn 0.418226 -0.495956 -0.760979
vn -0.985961 -0.114750 0.121158
vn -0.920713 -0.230079 0.315104
vn -0.659474 -0.327097 0.676778
vn -0.643178 -0.188879 0.742027
vn -0.653890 -0.336222 0.677725
vn -0.990448 0.112857 0.078921
vn -0.872677 0.378491 0.308420
vn -0.822748 -0.361553 0.438520
vn -0.620289 0.058412 -0.782189
vn -0.827021 -0.312235 -0.467452
vn -0.871853 0.084506 -0.482406
vn -0.823267 -0.198798 -0.531663
vn -0.454115 -0.130772 -0.881252
vn -0.443709 -0.271432 -0.854060
vn 0.526719 -0.774255 0.350780
vn -0.653920 0.072848 0.753014
vn -0.139348 -0.625050 0.768029
vn -0.560961 -0.699667 0.442427
vn -0.721152 -0.077914 0.688345
vn -0.155339 -0.142003 0.977569
vn 0.055025 -0.354991 0.933226
vn -0.461287 -0.275338 0.843440
vn 0.137974 -0.420087 -0.896908
vn -0.098239 -0.314768 -0.944029
vn 0.705863 -0.074435 0.704398
vn 0.611652 -0.062563 0.788629
vn 0.875607 -0.390088 0.284829
vn 0.492172 -0.295114 0.818934
vn 0.202033 -0.278512 0.938902
vn 0.566118 -0.200507 0.799524
vn 0.686056 -0.679128 0.260903
vn -0.349742 -0.203742 -0.914396
vn 0.573870 -0.748802 -0.331553
vn 0.147404 -0.619556 -0.770959
vn -0.501175 -0.542131 -0.674459
vn -0.195318 -0.583361 -0.788324
vn 0.052248 -0.640156 -0.766442
vn 0.252632 -0.635487 -0.729576
vn 0.914090 -0.375134 0.153813
vn 0.857356 -0.493912 0.144749
vn 0.444105 -0.209906 -0.871029
vn 0.632191 -0.283944 -0.720878
vn 0.680441 -0.281381 -0.676595
vn 0.778100 -0.340465 -0.527848
vn 0.657521 -0.753410 0.000000
vn -0.667989 -0.207831 0.714530
vn -0.688955 -0.396496 0.606677
vn -0.973601 -0.089785 0.209723
vn -0.996490 0.019654 0.081057
vn -0.885281 0.437269 -0.158116
vn -0.325571 -0.070956 -0.942839
vn -0.387127 -0.129826 -0.912809
vn -0.956542 0.004364 -0.291482
vn -0.999084 -0.005432 -0.042360
vn -0.830653 0.493789 -0.257149
vn -0.254128 -0.209174 -0.944273
vn -0.157720 -0.819819 0.550432
vn 0.852107 -0.337626 0.399823
vn 0.812494 -0.280343 0.511063
vn 0.367595 -0.047304 0.928770
vn 0.500626 0.005097 0.865627
vn 0.562700 -0.054201 0.824854
vn -0.583697 -0.254372 0.771081
vn -0.545427 -0.096377 0.832575
vn 0.041353 -0.382611 0.922971
vn 0.141453 -0.539415 -0.830042
vn 0.164953 -0.167974 -0.971862
vn -0.151555 -0.492111 -0.857204
vn -0.209876 -0.267251 -0.940458
vn 0.221625 -0.417829 -0.881039
vn 0.950499 -0.128574 0.282785
vn 0.465682 -0.358165 -0.809198
vn 0.524247 -0.440779 -0.728568
vn 0.724235 -0.591571 -0.354228
vn -0.059420 -0.683981 -0.727042
vn 0.904386 -0.260994 -0.337504
vn 0.786431 0.207251 0.581835
vn 0.917844 -0.328196 -0.223212
vn 0.305185 -0.254738 -0.917570
vn -0.830805 -0.230964 0.506333
vn -0.597919 -0.097507 0.795587
vn -0.896542 -0.160466 0.412854
vn -0.509568 -0.298074 0.807123
vn -0.402692 -0.230384 0.885830
vn -0.801355 -0.078066 0.593036
vn -0.854060 -0.050417 0.517685
vn -0.674795 -0.650410 0.348643
vn -0.809473 -0.529893 0.252815
vn -0.437788 -0.612629 0.658010
vn -0.807001 0.180029 -0.562395
vn -0.763726 -0.114597 -0.635243
vn -0.929807 -0.131077 -0.343852
vn -0.727256 -0.386975 -0.566820
vn -0.559709 -0.201788 -0.803705
vn -0.315989 -0.121555 -0.940916
vn 0.115207 -0.394421 -0.911649
vn -0.152654 -0.181280 -0.971496
vn -0.174047 -0.246742 -0.953307
vn -0.214850 -0.336863 0.916684
vn 0.208655 -0.699271 0.683676
vn 0.370190 -0.576067 0.728721
vn 0.192907 -0.623859 0.757317
vn -0.203925 -0.848781 0.487777
vn 0.057985 -0.159795 0.985412
vn -0.166845 -0.676595 0.717185
vn 0.179052 -0.400372 0.898648
vn 0.273995 -0.595111 -0.755455
vn 0.113620 -0.534532 -0.837458
vn 0.756706 -0.161596 0.633442
vn 0.504868 -0.388928 0.770592
vn -0.129429 -0.551836 0.823817
vn 0.569842 -0.310038 0.760979
vn 0.747551 -0.390088 0.537553
vn -0.412610 -0.126133 0.902097
vn 0.360942 -0.137486 0.922361
vn -0.218604 -0.386151 0.896146
vn -0.158513 -0.148289 0.976135
vn 0.911100 -0.392346 0.126072
vn -0.028108 -0.429151 0.902768
vn 0.100894 -0.220161 0.970214
vn -0.121555 -0.754875 0.644490
vn -0.007691 -0.773644 0.633534
vn -0.139164 -0.091952 -0.985961
vn -0.255531 0.075594 -0.963836
vn -0.064516 -0.652211 -0.755242
vn -0.172460 -0.043397 -0.984039
vn 0.814692 0.113163 0.568682
vn 0.694693 -0.410169 -0.590869
vn 0.793695 -0.327097 -0.512833
vn 0.101047 -0.533860 -0.839473
vn 0.070620 -0.571001 -0.817896
vn 0.323923 -0.654836 -0.682791
vn 0.740928 0.111484 -0.662252
vn 0.852138 -0.457167 -0.254524
vn 0.568285 -0.095706 -0.817194
vn 0.549211 -0.225105 -0.804773
vn -0.731986 -0.031770 0.680563
vn -0.857936 -0.160131 0.488113
vn -0.847102 -0.374126 0.377392
vn -0.474441 -0.239357 0.847072
vn -0.606464 -0.066866 0.792261
vn -0.395398 -0.373394 0.839167
vn -0.867489 -0.497208 -0.015351
vn -0.167364 -0.932737 -0.319315
vn -0.601123 -0.090823 -0.793939
vn -0.855251 -0.185888 -0.483688
vn -0.318308 -0.882382 -0.346416
vn -0.309458 -0.028260 -0.950468
vn -0.702414 -0.260018 -0.662526
vn -0.081790 -0.556627 0.826685
vn 0.113529 -0.282083 0.952635
vn 0.308878 -0.720450 0.620869
vn -0.350688 -0.062624 0.934385
vn -0.154759 -0.271523 0.949889
vn 0.083224 -0.500504 -0.861690
vn 0.552934 -0.310587 0.773125
vn 0.604755 -0.610248 0.511673
vn -0.163945 -0.557421 0.813868
vn -0.122196 -0.039247 -0.991699
vn 0.170263 -0.024903 -0.985076
vn -0.370891 -0.119572 -0.920927
vn 0.804743 -0.580493 0.123936
vn 0.660848 -0.750389 -0.012024
vn -0.002075 -0.563311 -0.826228
vn 0.431379 -0.317026 -0.844600
vn -0.157994 0.451704 -0.878018
vn 0.032228 -0.029786 -0.999023
vn 0.359539 0.355022 -0.862911
vn 0.630451 -0.772210 -0.078402
vn 0.528611 -0.050264 -0.847346
vn -0.756798 -0.438368 0.484817
vn -0.880490 -0.274178 0.386700
vn -0.587939 -0.189734 0.786309
vn -0.616840 -0.227119 0.753563
vn 0.344768 0.938353 0.024567
vn -0.993103 -0.112888 0.031159
vn -0.853938 -0.250649 0.455977
vn -0.759362 -0.269112 0.592364
vn -0.681906 -0.723228 0.108982
vn -0.647053 -0.347331 -0.678701
vn -0.912137 -0.403058 0.074099
vn -0.718436 -0.271187 -0.640492
vn -0.295450 -0.634510 -0.714194
vn -0.630390 -0.439863 -0.639607
vn -0.600940 -0.356945 -0.715110
vn -0.611652 -0.134190 -0.779626
vn -0.646504 -0.601978 -0.468642
vn -0.812403 -0.005676 -0.583026
vn -0.704276 -0.404675 -0.583239
vn 0.307108 -0.759484 -0.573443
vn -0.018006 -0.971862 0.234779
vn -0.023896 -0.684164 0.728904
vn 0.216376 -0.828913 0.515763
vn -0.398511 -0.105228 0.911069
vn -0.000855 -0.608509 0.793512
vn -0.168218 -0.565081 0.807672
vn -0.285470 -0.364238 0.886441
vn -0.047792 -0.737236 -0.673910
vn 0.281991 -0.151433 0.947356
vn 0.357189 -0.128300 0.925138
vn 0.857692 -0.412549 0.306772
vn 0.790613 -0.407666 0.456832
vn 0.522263 -0.244728 0.816889
vn 0.499619 -0.824427 0.265847
vn 0.187292 0.073763 -0.979522
vn -0.065767 0.040895 -0.996979
vn -0.290262 0.063692 -0.954802
vn -0.175726 -0.371563 -0.911588
vn -0.555406 -0.130070 -0.821314
vn 0.830103 -0.556200 -0.038820
vn 0.772118 -0.346446 -0.532670
vn 0.930723 -0.175604 0.320750
vn 0.542161 0.757042 -0.364544
vn 0.306040 0.296152 -0.904752
vn 0.783776 -0.582141 -0.216224
vn 0.243019 -0.754662 -0.609424
vn -0.036775 -0.813318 -0.580615
vn 0.723167 -0.689810 -0.033723
vn 0.991577 0.006256 -0.129215
vn 0.834254 -0.385144 -0.394513
vn 0.418470 -0.874111 -0.246467
vn 0.572131 -0.818873 -0.045473
vn 0.532823 0.006806 -0.846187
vn -0.740349 -0.430158 0.516526
vn -0.268197 -0.341014 0.900967
vn -0.042848 -0.624653 0.779687
vn -0.611896 -0.263192 0.745842
vn -0.574053 -0.817316 -0.049165
vn -0.988647 0.029206 0.147343
vn -0.913755 -0.095096 0.394940
vn -0.605060 -0.785974 -0.126774
vn -0.834437 -0.214881 -0.507431
vn -0.952940 -0.060610 -0.296976
vn -0.848659 -0.149815 -0.507218
vn 0.092105 -0.713187 -0.694845
vn -0.187658 -0.453322 -0.871334
vn -0.024873 -0.452498 -0.891385
vn -0.040193 -0.732505 -0.679556
vn 0.169073 -0.640309 -0.749260
vn -0.086276 -0.575091 0.813501
vn -0.030946 -0.466994 0.883694
vn 0.177557 -0.643117 0.744865
vn -0.301737 -0.402539 0.864223
vn -0.578539 -0.192511 0.792566
vn 0.721458 -0.553636 0.415876
vn 0.808618 -0.568194 0.152379
vn 0.554918 -0.530625 0.640675
vn 0.642140 -0.583880 0.496689
vn 0.591754 -0.721641 -0.359172
vn 0.375988 -0.679708 0.629719
vn 0.665670 -0.301462 0.682607
vn 0.700339 -0.442732 0.559862
vn 0.456069 -0.839686 -0.294778
vn 0.911924 -0.304300 0.275155
vn 0.141881 -0.293405 0.945372
vn -0.132420 -0.589953 0.796472
vn 0.400983 -0.145451 0.904447
vn 0.304117 -0.666005 0.681112
vn -0.030335 -0.937132 0.347575
vn 0.773461 -0.619160 -0.135441
vn -0.525590 0.046175 -0.849452
vn -0.306864 -0.391888 -0.867306
vn -0.568621 0.049348 -0.821100
vn -0.729423 -0.048219 -0.682333
vn 0.596881 -0.782189 0.178533
vn 0.872707 -0.482528 0.074190
vn 0.687918 -0.578356 -0.438459
vn 0.382061 -0.718009 -0.581744
vn 0.777764 0.102023 -0.620197
vn 0.917508 0.107486 -0.382885
vn 0.410169 0.103610 -0.906095
vn 0.462752 0.127049 -0.877316
vn -0.833857 -0.235054 0.499405
vn -0.918088 -0.177007 0.354564
vn -0.849147 -0.187414 0.493728
vn -0.285012 -0.437849 0.852657
vn -0.513901 -0.398938 0.759423
vn -0.911924 0.365246 -0.186865
vn -0.776269 -0.198248 -0.598376
vn -0.788873 -0.095767 -0.607013
vn -0.870296 -0.220405 -0.440443
vn -0.637837 -0.328288 -0.696677
vn -0.432600 -0.497238 -0.752037
vn -0.180670 -0.644215 -0.743156
vn -0.507248 -0.660482 0.553514
vn -0.279122 -0.839351 0.466414
vn -0.029725 -0.177892 0.983581
vn 0.288217 -0.246315 0.925321
vn -0.525681 -0.084811 0.846431
vn -0.188391 -0.497696 0.846614
vn -0.153386 -0.437757 -0.885891
vn -0.154485 -0.564440 -0.810877
vn 0.690756 -0.621204 0.370037
vn 0.843959 -0.469222 0.259865
vn 0.793970 -0.330577 0.510178
vn 0.637226 -0.770257 -0.024262
vn -0.139317 0.071871 -0.987610
vn -0.572558 -0.293252 -0.765587
vn 0.982055 0.164220 0.092502
vn 0.628468 -0.777581 -0.018128
vn 0.608936 0.023804 -0.792810
vn 0.605731 0.152654 -0.780847
vn 0.867611 0.090121 -0.488998
vn 0.733512 0.249123 -0.632313
vn 0.940458 0.245735 -0.234779
vn 0.474929 0.178625 -0.861690
vn 0.286386 0.241096 -0.927274
vn -0.879604 -0.070467 0.470412
vn -0.551073 -0.424024 0.718650
vn -0.044160 -0.744682 0.665914
vn -0.469527 -0.547563 0.692557
vn -0.980773 0.165990 0.102512
vn -0.944060 -0.136662 0.300088
vn -0.718558 -0.575488 0.390454
vn -0.656697 -0.751976 0.056795
vn -0.878079 -0.031495 -0.477432
vn -0.845119 -0.115116 -0.522019
vn -0.796289 -0.122379 -0.592364
vn -0.239174 -0.494797 -0.835414
vn -0.042024 -0.838404 -0.543413
vn -0.146855 -0.741142 -0.655080
vn 0.187902 -0.584033 0.789636
vn -0.131565 -0.518082 0.845119
vn -0.237251 -0.832240 0.501022
vn 0.094974 -0.107944 0.989593
vn 0.060518 -0.129185 0.989746
vn 0.067904 -0.198737 0.977691
vn -0.315012 -0.149724 0.937193
vn -0.517075 -0.126438 0.846522
vn 0.829066 -0.405988 0.384411
vn 0.837947 -0.489975 0.240211
vn 0.620777 -0.774438 0.121799
vn 0.810480 -0.459792 0.362865
vn 0.021607 -0.463454 0.885830
vn 0.584704 -0.652699 0.481704
vn -0.343303 -0.899808 -0.269143
vn -0.007660 0.134922 -0.990814
vn -0.097964 0.214270 -0.971831
vn -0.220222 0.049409 -0.974181
vn 0.710868 -0.690878 0.131535
vn 0.919462 0.390759 0.043123
vn 0.805628 0.392560 -0.443648
vn 0.584246 0.711692 -0.389996
vn 0.728355 0.581469 -0.362438
vn -0.295999 -0.824763 0.481796
vn -0.048616 -0.735130 0.676138
vn -0.003021 -0.907987 0.418928
vn -0.885708 -0.425977 -0.184484
vn -0.418653 -0.905576 0.067873
vn -0.734611 -0.618122 -0.279672
vn -0.622883 -0.650136 -0.435041
vn -0.135350 -0.863796 -0.485244
vn -0.227851 -0.615009 -0.754845
vn 0.248268 -0.799554 -0.546831
vn -0.280343 -0.837031 -0.469802
vn -0.162786 -0.567949 0.806757
vn -0.354900 -0.426283 0.832026
vn -0.096255 -0.618885 0.779534
vn -0.152989 -0.547136 0.822901
vn 0.042085 -0.579791 0.813654
vn -0.227515 -0.634754 0.738426
vn 0.139714 -0.066713 0.987915
vn 0.222602 -0.115024 0.968078
vn -0.139622 -0.208655 0.967956
vn -0.723350 -0.330607 0.606159
vn -0.670858 -0.211127 0.710868
vn -0.668477 -0.148534 0.728721
vn -0.605213 -0.181341 -0.775109
vn 0.647298 -0.534257 0.543626
vn 0.738731 -0.640950 0.208380
vn 0.195563 -0.468215 0.861660
vn -0.357677 0.097507 -0.928709
vn -0.180578 0.043123 -0.982604
vn -0.142430 -0.406049 -0.902646
vn -0.659902 0.023469 -0.750938
vn -0.685903 0.109531 -0.719382
vn -0.420148 0.040620 -0.906522
vn -0.400922 -0.730644 -0.552599
vn -0.605853 -0.614948 -0.504715
vn 0.485031 0.289712 -0.825068
vn 0.412488 0.853999 -0.316996
vn 0.687033 0.713645 -0.136662
vn -0.108798 -0.874081 0.473373
vn 0.014435 -0.748985 0.662404
vn -0.131932 -0.712272 0.689352
vn -0.341411 -0.939726 -0.018067
vn -0.536210 -0.844050 0.000397
vn -0.110996 -0.956175 0.270852
vn 0.013672 -0.521500 -0.853114
vn 0.212867 -0.690573 0.691214
vn 0.022675 -0.088504 0.995788
vn -0.201727 -0.062349 0.977447
vn -0.353252 -0.210059 0.911618
vn -0.427442 -0.174902 0.886929
vn -0.425825 0.089175 0.900388
vn -0.394910 -0.595965 -0.699149
vn -0.803247 0.084414 -0.589587
vn -0.812464 0.018708 -0.582659
vn 0.303293 -0.952330 0.032228
vn 0.303110 -0.713126 0.632069
vn 0.564440 -0.595386 0.571734
vn 0.637196 -0.708457 0.303385
vn 0.548265 -0.737846 0.393597
vn 0.645100 -0.605457 0.466048
vn 0.824122 -0.190191 0.533494
vn 0.950591 0.082766 0.299173
vn 0.879055 0.305002 0.366283
vn 0.375958 -0.311716 -0.872585
vn -0.216681 0.235145 -0.947478
vn -0.055605 -0.613330 -0.787835
vn -0.210517 -0.644185 -0.735282
vn -0.038636 -0.630787 -0.774957
vn 0.923276 0.383007 0.028748
vn 0.189825 0.806543 -0.559832
vn 0.467238 0.734977 -0.491379
vn 0.368358 0.896298 -0.246834
vn -0.141545 0.852870 -0.502548
vn 0.063234 0.683554 -0.727134
vn 0.067293 0.455947 -0.887417
vn -0.249519 -0.957183 -0.146550
vn 0.018159 -0.617328 -0.786462
vn -0.477035 -0.105960 -0.872433
vn -0.357891 -0.647847 0.672414
vn -0.305918 0.440809 0.843837
vn -0.631855 -0.163060 0.757683
vn -0.757042 0.385449 0.527543
vn -0.800043 -0.130924 0.585437
vn -0.916135 -0.056520 0.396832
vn -0.742607 -0.123173 0.658254
vn -0.616596 -0.628498 -0.474075
vn 0.626026 -0.092257 0.774285
vn 0.424329 -0.832850 0.355358
vn 0.833064 0.163976 0.528275
vn 0.641835 0.759850 0.103092
vn 0.359691 -0.527604 -0.769555
vn -0.046602 -0.621845 -0.781732
vn 0.661275 0.749565 0.029054
vn 0.569842 0.801447 -0.181402
vn 0.237983 0.970794 0.029695
vn -0.109226 0.300851 -0.947386
vn -0.195624 -0.877529 0.437757
vn -0.425825 -0.556352 0.713523
vn -0.676595 -0.644093 -0.356822
vn -0.830744 -0.556200 0.021729
vn -0.493301 -0.858150 -0.142155
vn -0.769585 -0.386547 0.508194
vn -0.209540 0.356761 0.910367
vn -0.022401 0.018738 0.999573
vn 0.100711 0.036378 0.994232
vn -0.389630 0.708731 0.588092
vn -0.482803 0.071169 0.872799
vn -0.894894 -0.057009 0.442610
vn -0.559435 0.383831 0.734611
vn -0.507004 -0.628986 -0.589312
vn -0.571612 -0.062899 -0.818079
vn 0.773736 0.000641 0.633473
vn 0.589251 0.001343 0.807917
vn 0.481552 0.779229 0.401044
vn 0.200995 0.978454 0.046876
vn 0.491317 0.844325 -0.213721
vn 0.547441 0.833705 -0.072207
vn -0.084964 -0.990081 -0.111698
vn -0.166234 -0.985717 -0.026032
vn -0.210883 -0.916288 0.340465
vn -0.384991 -0.734581 0.558672
vn -0.645680 -0.748405 0.151524
vn -0.699484 -0.714469 -0.015412
vn -0.591052 -0.144536 -0.793542
vn -0.766564 -0.415540 -0.489547
vn -0.962523 -0.243171 -0.119846
vn -0.789666 -0.182806 -0.585650
vn 0.433821 0.060274 0.898953
vn 0.384228 0.094089 0.918393
vn 0.134953 0.018464 0.990661
vn -0.338084 0.078402 0.937834
vn -0.516068 0.436689 0.736839
vn -0.665334 0.656117 0.356090
vn -0.620380 0.759117 0.197028
vn -0.535722 -0.147954 0.831294
vn -0.631733 0.521989 0.573046
vn -0.610309 -0.711814 -0.347575
vn 0.466170 0.626240 0.624866
vn 0.670705 0.118656 0.732139
vn 0.415571 -0.509079 -0.753716
vn 0.240638 -0.570666 -0.785089
vn -0.463301 0.807764 -0.364422
vn -0.621570 0.415479 -0.664083
vn -0.464400 0.486099 -0.740257
vn 0.644826 0.761834 -0.061464
vn 0.861965 0.479476 -0.164586
vn 0.116703 0.967650 -0.223640
vn -0.226508 -0.529221 0.817652
vn -0.293283 -0.508713 0.809412
vn -0.776238 -0.384533 0.499557
vn -0.947111 -0.296579 0.122288
vn -0.742424 -0.659444 -0.117801
vn -0.544542 -0.274850 0.792383
vn -0.889065 -0.090274 0.448744
vn 0.531175 0.144383 0.834834
vn -0.104190 0.559954 0.821925
vn -0.304270 0.737053 0.603412
vn -0.403180 0.672018 0.621113
vn -0.682638 0.692496 0.233192
vn 0.389050 0.738853 0.550157
vn 0.045930 0.979461 0.196295
vn 0.110569 0.992523 0.051119
vn 0.574267 0.807154 0.136601
vn 0.938169 0.319041 -0.134159
vn 0.401929 0.891812 -0.207526
vn 0.692343 0.669332 -0.269448
vn 0.333354 0.922483 -0.194525
vn 0.778558 0.598743 -0.187902
vn 0.355876 0.869930 -0.341411
vn 0.086673 0.869533 -0.486160
vn -0.212531 0.857875 -0.467818
vn -0.434370 0.768395 -0.469955
vn -0.553331 0.655263 -0.514206
vn -0.168859 0.906949 -0.385876
vn -0.839442 -0.443739 0.313700
vn -0.733879 -0.194281 0.650899
vn -0.760308 0.577960 0.296426
vn 0.253731 0.718650 0.647389
vn -0.455306 0.790399 0.409772
vn -0.383618 0.633381 0.672048
vn -0.349162 0.602588 0.717582
vn 0.575396 0.783319 -0.235115
vn 0.313364 0.876400 -0.365581
vn -0.128117 0.958739 -0.253670
vn 0.031007 0.985198 -0.168554
vn -0.728690 -0.523423 0.441572
vn -0.839503 0.089480 0.535905
vn 0.195929 0.894070 0.402783
vn 0.953398 0.300760 0.023499
vn 0.830012 0.552446 -0.076296
vn 0.911893 0.405408 -0.063753
vn 0.778436 0.623920 -0.068484
vn 0.002380 0.897427 -0.441115
vn 0.087832 0.952513 -0.291482
vn -0.337199 0.891873 -0.301401
vn -0.163060 0.918607 0.359905
vn -0.336467 0.886166 0.318491
vn -0.406293 0.882382 0.237251
vn 0.293832 0.865932 0.404706
vn 0.577593 0.724967 0.375164
vn 0.710837 0.569231 0.413038
vn 0.708579 0.696951 -0.110233
vn 0.797601 0.602649 -0.023957
vn 0.867672 0.496994 -0.009766
vn -0.001282 0.938261 -0.345866
vn -0.417188 0.744194 -0.521622
vn 0.115421 0.913388 0.390362
vn 0.264931 0.826960 0.495865
vn -0.353374 0.856868 0.375317
vn -0.453566 0.784417 0.422956
vn -0.478774 0.785760 0.391522
vn 0.926023 0.301553 0.226936
vn 0.937681 0.346141 0.029969
vn 0.921964 0.359264 0.144505
vn 0.142308 0.901547 -0.408582
vn 0.352519 0.823664 0.444136
vn 0.139653 0.873653 0.466018
vn 0.903592 0.365276 0.223731
vn 0.919492 0.389935 0.049471
vn -0.133488 0.902341 0.409742
vn 0.940764 0.324534 0.097842
vn 0.719962 0.685965 -0.105258
vn 0.789605 0.613514 -0.009125
vn 0.307657 0.799341 0.516068
vn 0.277779 0.760216 0.587237
vn 0.874996 0.388195 0.289224
vn 0.284280 0.826014 0.486618
vn 0.349040 0.807031 0.476272
vn 0.323405 0.833094 0.448714
vn 0.645253 0.751183 -0.139073
vn 0.639180 0.633320 0.436232
vn 0.369243 0.717032 0.591144
vn 0.181310 0.773675 0.607044
vn 0.409589 0.837062 -0.362651
vn 0.838710 0.426771 0.338206
vn -0.428236 0.844172 0.322398
vn 0.031648 0.906095 0.421857
vn 0.131474 0.889035 0.438520
vn 0.237770 0.889187 -0.390820
vn 0.408063 0.872280 -0.269356
vn 0.863216 0.415326 0.286874
vn 0.786401 0.484176 0.383526
vn 0.504807 0.716697 0.481124
vn 0.178472 0.891598 0.416089
vn 0.047761 0.905118 0.422407
vn 0.358501 0.854366 0.376141
vn -0.725303 -0.595233 0.345836
vn -0.029786 -0.414533 0.909513
vn 0.216529 0.681051 -0.699454
vn 0.749931 -0.652577 -0.108158
vn 0.073763 0.342265 0.936674
vn -0.943114 -0.217658 -0.251259
vn 0.921110 0.377880 -0.093326
vn 0.954070 -0.057161 -0.294046
vn 0.609729 0.773919 -0.170965
vn -0.156072 -0.155156 0.975463
vn 0.419874 -0.439283 0.794153
vn -0.072054 0.864467 -0.497482
vn 0.962645 -0.205481 0.176275
vn 0.727989 0.080264 -0.680837
vn -0.152135 0.981567 0.115360
vn -0.028382 0.457869 -0.888546
vn -0.172185 0.056887 -0.983398
vn 0.080813 0.090274 -0.992615
vn 0.347362 -0.063265 0.935575
vn 0.227515 0.169073 -0.958953
vn 0.914884 0.398999 -0.061190
vn 0.544694 -0.652150 -0.527238
vn 0.120762 -0.301035 -0.945921
vn -0.272652 -0.105899 -0.956236
vn -0.607654 0.197180 0.769311
vn 0.819147 0.351360 -0.453322
vn -0.272652 0.917905 -0.288217
vn 0.602710 0.516892 -0.607868
vn -0.066988 -0.245125 -0.967162
vn 0.146611 -0.376751 -0.914609
vn 0.377392 -0.421186 -0.824702
vn 0.792261 -0.120457 0.598132
vn 0.814173 0.214209 0.539598
vn 0.970519 0.171941 0.168798
vn 0.063204 0.000153 -0.997986
vn 0.533067 0.845943 -0.012787
vn 0.506974 0.798914 -0.323527
vn -0.261208 0.602191 0.754387
vn -0.195746 -0.104953 0.975005
vn -0.019990 0.941984 -0.335032
vn -0.415845 0.085482 -0.905393
vn -0.135289 -0.191717 0.972076
vn 0.068941 -0.313883 0.946928
vn -0.005158 -0.379009 0.925352
vn 0.976562 -0.214789 -0.013184
vn -0.153539 0.297678 -0.942198
vn -0.219306 -0.244270 -0.944578
vn -0.674215 -0.109439 0.730369
vn 0.850368 -0.449507 -0.273385
vn 0.082156 -0.304605 -0.948912
vn -0.547197 0.566271 0.616321
vn -0.551988 0.024110 0.833461
vn 0.729576 0.148656 0.667501
vn 0.006775 -0.508011 0.861293
vn -0.806848 0.357341 -0.470351
vn -0.918668 0.059236 -0.390484
vn -0.024140 -0.425703 0.904508
vn -0.159429 -0.443892 0.881771
vn -0.836787 -0.367504 -0.405835
vn 0.281320 -0.278237 -0.918363
vn 0.101291 0.622517 -0.775994
vn -0.102268 -0.926847 0.361217
vn 0.500870 -0.787561 -0.358898
vn -0.137577 -0.066317 0.988250
vn 0.146733 0.977203 -0.153325
vn 0.536607 0.118961 0.835383
vn 0.885372 -0.032075 -0.463698
vn -0.340403 0.601856 0.722373
vn 0.992798 -0.080569 -0.088412
vn 0.490585 0.591357 -0.639973
vn 0.573504 0.266518 -0.774621
vn -0.665151 0.079958 0.742363
vn 0.172643 0.176122 0.969085
vn 0.740165 -0.514939 0.432356
vn -0.414747 -0.707266 0.572466
vn 0.933927 -0.354350 0.046236
vn -0.488845 -0.216102 -0.845149
vn 0.301340 0.204993 -0.931181
vn 0.191900 0.097507 -0.976531
vn -0.803766 -0.496994 -0.326945
vn -0.519761 0.094150 0.849086
vn -0.341563 0.061007 0.937864
vn -0.112094 0.027650 0.993286
vn 0.421033 0.078036 -0.903653
vn 0.642415 0.097385 -0.760094
vn -0.421949 -0.045320 0.905454
vn 0.618030 -0.399792 0.676870
vn -0.230384 0.658071 0.716819
vn -0.379315 0.664266 0.644093
vn -0.497971 -0.126164 0.857936
vn -0.104404 0.923185 -0.369823
vn -0.370556 0.821375 0.433576
vn 0.238716 0.944670 -0.224891
vn -0.542497 0.835963 -0.082369
vn -0.740532 0.568224 0.358715
vn -0.694357 0.660543 0.285470
vn 0.353313 0.762017 -0.542650
vn 0.579852 -0.018159 -0.814508
vn -0.440413 0.803003 0.401471
vn 0.747368 0.058290 0.661824
vn -0.659871 0.258553 -0.705466
vn 0.634999 0.483322 -0.602588
g spock_spock
usemtl (null)
s 1
f 1//1 2//2 3//3
f 4//4 5//5 6//6
f 7//7 8//8 9//9
f 10//10 11//11 7//7
f 12//12 13//13 8//8
f 12//12 4//4 14//14
f 15//15 3//3 2//2
f 7//7 9//9 16//16
f 7//7 16//16 17//17
f 13//13 18//18 8//8
f 14//14 13//13 12//12
f 19//19 11//11 20//20
f 21//21 20//20 11//11
f 14//14 4//4 22//22
f 23//23 24//24 4//4
f 2//2 1//1 15//15
f 15//15 1//1 25//25
f 26//26 27//27 6//6
f 28//28 13//13 14//14
f 10//10 21//21 11//11
f 14//14 22//22 29//29
f 25//25 1//1 30//30
f 15//15 25//25 31//31
f 15//15 31//31 32//32
f 32//32 33//33 34//34
f 17//17 16//16 21//21
f 35//35 21//21 16//16
f 28//28 14//14 36//36
f 28//28 37//37 13//13
f 38//38 21//21 39//39
f 29//29 36//36 14//14
f 20//20 40//40 19//19
f 38//38 41//41 20//20
f 42//42 43//43 44//44
f 30//30 1//1 45//45
f 30//30 45//45 46//46
f 30//30 47//47 48//48
f 30//30 48//48 25//25
f 31//31 25//25 48//48
f 49//49 32//32 31//31
f 49//49 31//31 50//50
f 51//51 52//52 53//53
f 18//18 13//13 54//54
f 37//37 54//54 13//13
f 28//28 36//36 29//29
f 28//28 29//29 55//55
f 28//28 55//55 37//37
f 29//29 56//56 55//55
f 40//40 20//20 41//41
f 39//39 57//57 41//41
f 39//39 41//41 38//38
f 39//39 58//58 59//59
f 56//56 60//60 61//61
f 45//45 42//42 62//62
f 42//42 44//44 63//63
f 30//30 46//46 47//47
f 48//48 50//50 31//31
f 48//48 47//47 64//64
f 65//65 66//66 67//67
f 51//51 68//68 16//16
f 18//18 54//54 69//69
f 51//51 53//53 70//70
f 55//55 54//54 37//37
f 55//55 56//56 71//71
f 61//61 71//71 56//56
f 72//72 40//40 73//73
f 74//74 73//73 40//40
f 57//57 75//75 41//41
f 39//39 59//59 57//57
f 62//62 42//42 63//63
f 62//62 63//63 76//76
f 77//77 78//78 79//79
f 64//64 47//47 46//46
f 48//48 64//64 80//80
f 48//48 80//80 50//50
f 49//49 50//50 65//65
f 81//81 65//65 50//50
f 67//67 66//66 82//82
f 83//83 82//82 66//66
f 84//84 85//85 68//68
f 18//18 69//69 86//86
f 87//87 69//69 54//54
f 55//55 71//71 88//88
f 58//58 89//89 90//90
f 58//58 90//90 59//59
f 71//71 61//61 91//91
f 67//67 82//82 92//92
f 77//77 76//76 78//78
f 62//62 76//76 93//93
f 94//94 95//95 76//76
f 96//96 46//46 45//45
f 97//97 98//98 99//99
f 97//97 100//100 98//98
f 101//101 98//98 100//100
f 102//102 80//80 64//64
f 50//50 80//80 81//81
f 103//103 81//81 80//80
f 104//104 105//105 81//81
f 66//66 105//105 83//83
f 106//106 84//84 68//68
f 68//68 51//51 107//107
f 108//108 107//107 70//70
f 87//87 54//54 55//55
f 89//89 109//109 90//90
f 71//71 91//91 88//88
f 92//92 91//91 61//61
f 110//110 73//73 74//74
f 111//111 112//112 57//57
f 113//113 111//111 114//114
f 115//115 113//113 114//114
f 94//94 76//76 116//116
f 117//117 95//95 118//118
f 46//46 96//96 64//64
f 97//97 119//119 100//100
f 102//102 64//64 120//120
f 103//103 121//121 81//81
f 104//104 81//81 121//121
f 122//122 83//83 105//105
f 123//123 83//83 124//124
f 68//68 107//107 106//106
f 125//125 107//107 108//108
f 108//108 70//70 126//126
f 127//127 128//128 86//86
f 127//127 86//86 69//69
f 70//70 128//128 129//129
f 130//130 109//109 89//89
f 131//131 91//91 92//92
f 132//132 110//110 74//74
f 133//133 112//112 111//111
f 134//134 115//115 114//114
f 97//97 135//135 119//119
f 136//136 119//119 135//135
f 100//100 137//137 101//101
f 96//96 138//138 64//64
f 120//120 64//64 138//138
f 100//100 119//119 139//139
f 140//140 141//141 139//139
f 120//120 103//103 102//102
f 103//103 120//120 121//121
f 142//142 124//124 83//83
f 142//142 83//83 122//122
f 106//106 107//107 125//125
f 84//84 106//106 143//143
f 69//69 144//144 127//127
f 145//145 127//127 144//144
f 146//146 144//144 87//87
f 87//87 88//88 147//147
f 148//148 147//147 88//88
f 70//70 129//129 126//126
f 88//88 91//91 148//148
f 90//90 109//109 149//149
f 148//148 91//91 131//131
f 134//134 149//149 150//150
f 131//131 92//92 151//151
f 152//152 112//112 153//153
f 154//154 113//113 115//115
f 155//155 156//156 157//157
f 158//158 141//141 159//159
f 160//160 121//121 120//120
f 161//161 124//124 142//142
f 162//162 163//163 161//161
f 143//143 164//164 165//165
f 126//126 166//166 108//108
f 126//126 129//129 167//167
f 167//167 166//166 126//126
f 149//149 109//109 168//168
f 169//169 150//150 149//149
f 148//148 131//131 170//170
f 134//134 150//150 115//115
f 171//171 131//131 151//151
f 171//171 151//151 172//172
f 173//173 174//174 175//175
f 173//173 132//132 176//176
f 157//157 156//156 177//177
f 152//152 153//153 178//178
f 153//153 133//133 178//178
f 113//113 179//179 133//133
f 113//113 133//133 111//111
f 123//123 163//163 172//172
f 136//136 180//180 181//181
f 182//182 141//141 140//140
f 182//182 140//140 181//181
f 183//183 184//184 185//185
f 186//186 187//187 183//183
f 188//188 159//159 186//186
f 185//185 184//184 189//189
f 185//185 189//189 190//190
f 141//141 191//191 192//192
f 160//160 190//190 193//193
f 193//193 194//194 195//195
f 196//196 195//195 194//194
f 197//197 162//162 198//198
f 199//199 200//200 163//163
f 199//199 163//163 162//162
f 108//108 201//201 125//125
f 202//202 203//203 129//129
f 203//203 167//167 129//129
f 167//167 204//204 205//205
f 167//167 205//205 166//166
f 168//168 206//206 149//149
f 169//169 149//149 206//206
f 169//169 207//207 150//150
f 154//154 115//115 150//150
f 154//154 150//150 208//208
f 171//171 172//172 209//209
f 173//173 176//176 174//174
f 132//132 152//152 210//210
f 211//211 210//210 152//152
f 211//211 152//152 212//212
f 178//178 133//133 179//179
f 178//178 179//179 213//213
f 172//172 214//214 209//209
f 180//180 215//215 181//181
f 182//182 181//181 215//215
f 216//216 217//217 141//141
f 216//216 141//141 182//182
f 184//184 183//183 218//218
f 186//186 219//219 187//187
f 220//220 191//191 221//221
f 220//220 222//222 223//223
f 224//224 190//190 189//189
f 224//224 189//189 225//225
f 226//226 194//194 224//224
f 197//197 227//227 162//162
f 199//199 162//162 227//227
f 228//228 200//200 199//199
f 229//229 230//230 143//143
f 230//230 231//231 143//143
f 205//205 232//232 166//166
f 203//203 204//204 167//167
f 145//145 233//233 202//202
f 234//234 233//233 145//145
f 234//234 145//145 146//146
f 170//170 235//235 148//148
f 204//204 236//236 205//205
f 169//169 206//206 207//207
f 237//237 207//207 206//206
f 170//170 238//238 239//239
f 240//240 208//208 150//150
f 240//240 150//150 207//207
f 241//241 238//238 171//171
f 154//154 208//208 242//242
f 243//243 174//174 244//244
f 176//176 244//244 174//174
f 176//176 132//132 210//210
f 245//245 215//215 180//180
f 246//246 210//210 211//211
f 246//246 211//211 212//212
f 247//247 212//212 178//178
f 212//212 152//152 178//178
f 213//213 247//247 178//178
f 179//179 154//154 248//248
f 182//182 215//215 216//216
f 249//249 250//250 215//215
f 216//216 250//250 251//251
f 252//252 217//217 216//216
f 253//253 254//254 187//187
f 218//218 183//183 187//187
f 255//255 189//189 218//218
f 189//189 184//184 218//218
f 253//253 220//220 256//256
f 220//220 257//257 258//258
f 223//223 222//222 259//259
f 252//252 259//259 221//221
f 224//224 225//225 226//226
f 260//260 261//261 262//262
f 263//263 262//262 261//261
f 199//199 227//227 228//228
f 228//228 264//264 200//200
f 265//265 200//200 264//264
f 201//201 266//266 267//267
f 164//164 143//143 231//231
f 266//266 232//232 268//268
f 202//202 233//233 203//203
f 269//269 203//203 233//233
f 270//270 236//236 204//204
f 239//239 238//238 241//241
f 240//240 207//207 271//271
f 241//241 171//171 272//272
f 273//273 245//245 243//243
f 244//244 274//274 243//243
f 249//249 215//215 275//275
f 276//276 212//212 247//247
f 277//277 278//278 279//279
f 277//277 279//279 242//242
f 280//280 242//242 281//281
f 280//280 281//281 282//282
f 249//249 283//283 250//250
f 251//251 250//250 283//283
f 216//216 251//251 284//284
f 216//216 284//284 252//252
f 253//253 285//285 254//254
f 254//254 286//286 255//255
f 257//257 287//287 288//288
f 257//257 288//288 258//258
f 259//259 289//289 223//223
f 290//290 259//259 252//252
f 290//290 252//252 291//291
f 226//226 225//225 292//292
f 293//293 262//262 263//263
f 262//262 294//294 295//295
f 228//228 227//227 296//296
f 297//297 264//264 228//228
f 298//298 265//265 264//264
f 266//266 268//268 267//267
f 299//299 300//300 231//231
f 300//300 301//301 231//231
f 301//301 164//164 231//231
f 230//230 299//299 231//231
f 302//302 303//303 268//268
f 232//232 304//304 268//268
f 302//302 268//268 304//304
f 205//205 236//236 304//304
f 305//305 304//304 236//236
f 204//204 306//306 270//270
f 233//233 234//234 307//307
f 234//234 308//308 307//307
f 309//309 234//234 146//146
f 310//310 309//309 146//146
f 311//311 312//312 309//309
f 311//311 239//239 313//313
f 241//241 314//314 315//315
f 316//316 317//317 271//271
f 281//281 318//318 282//282
f 281//281 317//317 318//318
f 319//319 318//318 317//317
f 320//320 321//321 322//322
f 274//274 273//273 243//243
f 249//249 323//323 324//324
f 247//247 213//213 325//325
f 248//248 279//279 326//326
f 327//327 326//326 279//279
f 277//277 242//242 280//280
f 283//283 328//328 329//329
f 283//283 329//329 251//251
f 284//284 251//251 329//329
f 287//287 330//330 288//288
f 330//330 331//331 288//288
f 331//331 285//285 288//288
f 285//285 253//253 288//288
f 331//331 332//332 254//254
f 332//332 286//286 254//254
f 285//285 331//331 254//254
f 333//333 334//334 255//255
f 333//333 255//255 286//286
f 257//257 289//289 287//287
f 335//335 287//287 289//289
f 259//259 290//290 289//289
f 336//336 289//289 290//290
f 334//334 337//337 338//338
f 290//290 291//291 339//339
f 340//340 341//341 342//342
f 297//297 228//228 296//296
f 343//343 264//264 297//297
f 265//265 298//298 344//344
f 267//267 268//268 345//345
f 303//303 345//345 268//268
f 301//301 300//300 346//346
f 304//304 305//305 302//302
f 347//347 305//305 236//236
f 348//348 349//349 306//306
f 350//350 306//306 349//349
f 307//307 269//269 233//233
f 351//351 352//352 269//269
f 309//309 308//308 234//234
f 353//353 307//307 354//354
f 355//355 309//309 312//312
f 311//311 313//313 312//312
f 236//236 270//270 356//356
f 347//347 356//356 357//357
f 237//237 358//358 316//316
f 237//237 316//316 271//271
f 314//314 359//359 315//315
f 360//360 315//315 359//359
f 361//361 282//282 318//318
f 318//318 319//319 362//362
f 363//363 364//364 320//320
f 273//273 365//365 366//366
f 365//365 367//367 366//366
f 367//367 273//273 366//366
f 323//323 367//367 324//324
f 365//365 368//368 367//367
f 244//244 369//369 274//274
f 370//370 213//213 326//326
f 370//370 326//326 327//327
f 327//327 279//279 371//371
f 280//280 372//372 277//277
f 200//200 265//265 344//344
f 373//373 329//329 328//328
f 284//284 329//329 374//374
f 335//335 330//330 287//287
f 375//375 286//286 332//332
f 331//331 376//376 332//332
f 290//290 339//339 336//336
f 338//338 337//337 377//377
f 378//378 292//292 337//337
f 379//379 380//380 381//381
f 379//379 342//342 380//380
f 297//297 382//382 343//343
f 298//298 264//264 343//343
f 298//298 383//383 344//344
f 267//267 345//345 384//384
f 385//385 384//384 345//345
f 386//386 387//387 384//384
f 387//387 299//299 384//384
f 299//299 388//388 384//384
f 389//389 300//300 390//390
f 358//358 391//391 392//392
f 393//393 392//392 391//391
f 302//302 305//305 394//394
f 395//395 394//394 396//396
f 397//397 396//396 394//394
f 305//305 347//347 398//398
f 305//305 398//398 399//399
f 269//269 352//352 348//348
f 269//269 348//348 203//203
f 349//349 348//348 400//400
f 270//270 306//306 350//350
f 401//401 402//402 403//403
f 349//349 402//402 350//350
f 401//401 350//350 402//402
f 352//352 351//351 404//404
f 405//405 353//353 406//406
f 407//407 406//406 353//353
f 355//355 408//408 409//409
f 355//355 410//410 408//408
f 411//411 412//412 410//410
f 360//360 413//413 315//315
f 401//401 357//357 356//356
f 401//401 356//356 270//270
f 357//357 403//403 399//399
f 358//358 414//414 316//316
f 415//415 416//416 417//417
f 415//415 417//417 418//418
f 361//361 318//318 419//419
f 420//420 421//421 368//368
f 369//369 244//244 246//246
f 276//276 422//422 246//246
f 423//423 373//373 328//328
f 370//370 325//325 213//213
f 370//370 424//424 325//325
f 370//370 327//327 371//371
f 370//370 371//371 425//425
f 426//426 329//329 373//373
f 374//374 329//329 427//427
f 426//426 427//427 329//329
f 335//335 428//428 330//330
f 429//429 330//330 428//428
f 331//331 330//330 430//430
f 431//431 376//376 331//331
f 375//375 332//332 432//432
f 428//428 433//433 434//434
f 336//336 339//339 435//435
f 436//436 437//437 435//435
f 438//438 439//439 440//440
f 441//441 439//439 342//342
f 438//438 342//342 439//439
f 438//438 380//380 342//342
f 442//442 443//443 382//382
f 444//444 343//343 382//382
f 298//298 343//343 445//445
f 298//298 445//445 383//383
f 384//384 385//385 386//386
f 299//299 387//387 446//446
f 395//395 396//396 447//447
f 448//448 447//447 396//396
f 389//389 449//449 346//346
f 389//389 346//346 300//300
f 450//450 449//449 451//451
f 450//450 451//451 452//452
f 453//453 454//454 393//393
f 453//453 393//393 452//452
f 453//453 452//452 455//455
f 305//305 399//399 456//456
f 305//305 397//397 394//394
f 457//457 396//396 456//456
f 458//458 456//456 399//399
f 400//400 348//348 459//459
f 349//349 400//400 402//402
f 460//460 402//402 400//400
f 401//401 270//270 350//350
f 401//401 403//403 357//357
f 405//405 406//406 351//351
f 404//404 351//351 406//406
f 404//404 461//461 459//459
f 462//462 459//459 461//461
f 353//353 409//409 407//407
f 355//355 312//312 410//410
f 463//463 412//412 464//464
f 412//412 411//411 465//465
f 466//466 465//465 411//411
f 467//467 399//399 403//403
f 468//468 469//469 467//467
f 470//470 471//471 414//414
f 415//415 472//472 359//359
f 472//472 473//473 474//474
f 472//472 474//474 475//475
f 476//476 477//477 471//471
f 418//418 364//364 478//478
f 418//418 478//478 479//479
f 480//480 478//478 363//363
f 365//365 273//273 481//481
f 420//420 482//482 421//421
f 483//483 421//421 484//484
f 422//422 369//369 246//246
f 274//274 369//369 485//485
f 276//276 486//486 422//422
f 423//423 426//426 373//373
f 486//486 325//325 424//424
f 486//486 424//424 487//487
f 488//488 489//489 371//371
f 372//372 490//490 488//488
f 491//491 492//492 493//493
f 494//494 363//363 495//495
f 496//496 427//427 426//426
f 496//496 426//426 497//497
f 496//496 498//498 499//499
f 429//429 434//434 500//500
f 428//428 434//434 429//429
f 501//501 376//376 431//431
f 502//502 501//501 431//431
f 503//503 504//504 505//505
f 434//434 433//433 505//505
f 503//503 437//437 506//506
f 436//436 507//507 437//437
f 508//508 437//437 507//507
f 509//509 440//440 439//439
f 510//510 511//511 499//499
f 380//380 438//438 512//512
f 513//513 514//514 515//515
f 448//448 516//516 447//447
f 517//517 387//387 518//518
f 387//387 386//386 518//518
f 386//386 516//516 518//518
f 519//519 517//517 518//518
f 517//517 390//390 446//446
f 448//448 396//396 457//457
f 448//448 457//457 520//520
f 521//521 520//520 457//457
f 389//389 451//451 449//449
f 393//393 450//450 452//452
f 457//457 522//522 521//521
f 457//457 456//456 522//522
f 462//462 460//460 400//400
f 462//462 400//400 459//459
f 460//460 523//523 402//402
f 467//467 403//403 468//468
f 404//404 406//406 461//461
f 462//462 461//461 524//524
f 525//525 526//526 469//469
f 526//526 527//527 528//528
f 526//526 528//528 458//458
f 476//476 471//471 529//529
f 530//530 531//531 474//474
f 530//530 474//474 532//532
f 533//533 534//534 479//479
f 533//533 479//479 478//478
f 535//535 536//536 537//537
f 535//535 538//538 536//536
f 480//480 363//363 494//494
f 539//539 483//483 540//540
f 485//485 369//369 422//422
f 486//486 487//487 541//541
f 497//497 542//542 543//543
f 425//425 371//371 489//489
f 490//490 489//489 488//488
f 490//490 491//491 544//544
f 545//545 491//491 493//493
f 546//546 547//547 548//548
f 549//549 546//546 550//550
f 551//551 550//550 546//546
f 494//494 495//495 552//552
f 497//497 553//553 498//498
f 497//497 498//498 496//496
f 499//499 498//498 510//510
f 554//554 510//510 498//498
f 429//429 500//500 555//555
f 502//502 431//431 556//556
f 557//557 558//558 439//439
f 509//509 439//439 558//558
f 508//508 507//507 559//559
f 560//560 561//561 559//559
f 561//561 562//562 563//563
f 504//504 508//508 559//559
f 508//508 506//506 437//437
f 511//511 510//510 564//564
f 565//565 514//514 513//513
f 444//444 443//443 566//566
f 567//567 566//566 443//443
f 568//568 547//547 444//444
f 517//517 446//446 387//387
f 517//517 519//519 451//451
f 569//569 451//451 570//570
f 521//521 571//571 520//520
f 572//572 520//520 571//571
f 451//451 569//569 573//573
f 574//574 573//573 575//575
f 576//576 470//470 577//577
f 578//578 579//579 580//580
f 460//460 462//462 581//581
f 524//524 581//581 462//462
f 582//582 583//583 584//584
f 402//402 523//523 468//468
f 582//582 584//584 581//581
f 585//585 524//524 461//461
f 586//586 475//475 587//587
f 531//531 588//588 474//474
f 526//526 525//525 527//527
f 589//589 527//527 525//525
f 590//590 528//528 527//527
f 590//590 527//527 591//591
f 592//592 591//591 527//527
f 593//593 535//535 594//594
f 479//479 534//534 532//532
f 530//530 532//532 534//534
f 530//530 595//595 596//596
f 597//597 598//598 599//599
f 480//480 494//494 600//600
f 601//601 600//600 494//494
f 602//602 365//365 603//603
f 604//604 605//605 603//603
f 605//605 602//602 603//603
f 606//606 539//539 602//602
f 485//485 607//607 604//604
f 608//608 485//485 422//422
f 608//608 541//541 609//609
f 497//497 543//543 553//553
f 610//610 553//553 543//543
f 611//611 612//612 613//613
f 612//612 425//425 614//614
f 489//489 614//614 425//425
f 489//489 490//490 615//615
f 544//544 615//615 490//490
f 544//544 491//491 545//545
f 544//544 545//545 616//616
f 617//617 547//547 618//618
f 568//568 618//618 547//547
f 546//546 619//619 620//620
f 546//546 620//620 551//551
f 553//553 621//621 498//498
f 622//622 510//510 623//623
f 624//624 625//625 626//626
f 625//625 429//429 626//626
f 555//555 500//500 562//562
f 555//555 562//562 561//561
f 555//555 561//561 627//627
f 628//628 556//556 629//629
f 556//556 431//431 629//629
f 431//431 625//625 629//629
f 502//502 556//556 558//558
f 509//509 630//630 631//631
f 632//632 631//631 630//630
f 633//633 561//561 560//560
f 564//564 634//634 511//511
f 635//635 564//564 636//636
f 443//443 514//514 565//565
f 443//443 565//565 567//567
f 637//637 567//567 565//565
f 568//568 444//444 566//566
f 638//638 639//639 566//566
f 638//638 566//566 567//567
f 448//448 520//520 640//640
f 572//572 640//640 520//520
f 570//570 451//451 519//519
f 569//569 570//570 641//641
f 572//572 571//571 642//642
f 572//572 642//642 643//643
f 575//575 573//573 569//569
f 644//644 645//645 575//575
f 646//646 579//579 578//578
f 571//571 522//522 642//642
f 524//524 647//647 581//581
f 582//582 581//581 647//647
f 525//525 584//584 583//583
f 525//525 583//583 589//589
f 648//648 587//587 649//649
f 475//475 649//649 587//587
f 475//475 474//474 588//588
f 589//589 650//650 527//527
f 590//590 591//591 651//651
f 652//652 535//535 593//593
f 652//652 593//593 653//653
f 530//530 534//534 595//595
f 654//654 595//595 534//534
f 652//652 655//655 656//656
f 535//535 656//656 538//538
f 657//657 597//597 599//599
f 599//599 656//656 658//658
f 659//659 658//658 656//656
f 605//605 606//606 602//602
f 605//605 604//604 660//660
f 539//539 661//661 543//543
f 539//539 606//606 661//661
f 662//662 607//607 485//485
f 604//604 607//607 663//663
f 662//662 663//663 607//607
f 543//543 664//664 610//610
f 665//665 610//610 664//664
f 609//609 662//662 608//608
f 662//662 485//485 608//608
f 666//666 553//553 610//610
f 612//612 614//614 613//613
f 667//667 489//489 615//615
f 667//667 615//615 668//668
f 544//544 669//669 615//615
f 670//670 615//615 669//669
f 568//568 566//566 639//639
f 619//619 671//671 672//672
f 619//619 672//672 620//620
f 673//673 620//620 672//672
f 551//551 620//620 674//674
f 675//675 674//674 620//620
f 676//676 674//674 677//677
f 678//678 679//679 680//680
f 623//623 681//681 682//682
f 636//636 622//622 683//683
f 625//625 624//624 629//629
f 627//627 561//561 684//684
f 633//633 684//684 561//561
f 628//628 629//629 685//685
f 686//686 685//685 629//629
f 687//687 631//631 632//632
f 688//688 689//689 687//687
f 690//690 637//637 565//565
f 691//691 692//692 690//690
f 637//637 693//693 567//567
f 640//640 570//570 519//519
f 694//694 695//695 696//696
f 643//643 642//642 697//697
f 643//643 697//697 698//698
f 644//644 578//578 645//645
f 644//644 699//699 700//700
f 593//593 579//579 646//646
f 593//593 646//646 653//653
f 578//578 701//701 702//702
f 578//578 702//702 646//646
f 703//703 590//590 651//651
f 582//582 647//647 704//704
f 583//583 705//705 589//589
f 706//706 707//707 705//705
f 708//708 709//709 585//585
f 710//710 706//706 711//711
f 706//706 704//704 711//711
f 704//704 647//647 711//711
f 647//647 709//709 711//711
f 648//648 708//708 587//587
f 475//475 588//588 649//649
f 712//712 713//713 714//714
f 712//712 648//648 649//649
f 712//712 588//588 715//715
f 596//596 716//716 717//717
f 718//718 719//719 650//650
f 720//720 721//721 722//722
f 652//652 653//653 702//702
f 652//652 702//702 723//723
f 652//652 723//723 655//655
f 595//595 654//654 724//724
f 595//595 724//724 716//716
f 656//656 655//655 659//659
f 725//725 726//726 727//727
f 728//728 599//599 729//729
f 725//725 680//680 726//726
f 606//606 605//605 660//660
f 730//730 660//660 731//731
f 665//665 664//664 661//661
f 606//606 732//732 661//661
f 663//663 662//662 733//733
f 663//663 733//733 734//734
f 735//735 734//734 733//733
f 736//736 737//737 610//610
f 736//736 610//610 665//665
f 738//738 612//612 611//611
f 738//738 739//739 740//740
f 741//741 740//740 739//739
f 742//742 737//737 681//681
f 743//743 681//681 737//737
f 613//613 614//614 744//744
f 668//668 745//745 744//744
f 615//615 670//670 668//668
f 746//746 668//668 670//670
f 747//747 748//748 616//616
f 657//657 749//749 750//750
f 751//751 657//657 752//752
f 751//751 752//752 753//753
f 754//754 753//753 752//752
f 639//639 672//672 671//671
f 675//675 620//620 673//673
f 675//675 673//673 755//755
f 756//756 755//755 673//673
f 757//757 674//674 675//675
f 676//676 677//677 678//678
f 679//679 678//678 677//677
f 758//758 680//680 679//679
f 622//622 682//682 683//683
f 759//759 683//683 760//760
f 684//684 626//626 627//627
f 686//686 629//629 624//624
f 686//686 624//624 761//761
f 762//762 626//626 763//763
f 684//684 633//633 764//764
f 765//765 764//764 633//633
f 766//766 628//628 685//685
f 686//686 767//767 685//685
f 768//768 769//769 632//632
f 770//770 765//765 560//560
f 770//770 560//560 634//634
f 635//635 771//771 770//770
f 688//688 691//691 690//690
f 772//772 771//771 773//773
f 774//774 775//775 692//692
f 691//691 776//776 692//692
f 774//774 692//692 776//776
f 777//777 693//693 774//774
f 696//696 640//640 572//572
f 694//694 696//696 778//778
f 779//779 780//780 778//778
f 780//780 694//694 778//778
f 699//699 781//781 782//782
f 783//783 782//782 781//781
f 700//700 782//782 784//784
f 653//653 646//646 702//702
f 785//785 723//723 702//702
f 651//651 786//786 703//703
f 651//651 787//787 788//788
f 589//589 705//705 789//789
f 705//705 707//707 789//789
f 707//707 790//790 789//789
f 790//790 718//718 789//789
f 718//718 650//650 789//789
f 650//650 589//589 789//789
f 791//791 707//707 706//706
f 791//791 792//792 707//707
f 790//790 707//707 792//792
f 710//710 793//793 706//706
f 708//708 648//648 794//794
f 712//712 649//649 588//588
f 795//795 714//714 713//713
f 712//712 715//715 713//713
f 717//717 713//713 715//715
f 716//716 796//796 797//797
f 716//716 797//797 717//717
f 719//719 718//718 798//798
f 720//720 722//722 799//799
f 720//720 800//800 721//721
f 655//655 723//723 801//801
f 727//727 802//802 796//796
f 803//803 659//659 655//655
f 804//804 805//805 806//806
f 804//804 806//806 807//807
f 758//758 808//808 726//726
f 758//758 726//726 680//680
f 731//731 734//734 735//735
f 736//736 665//665 661//661
f 736//736 661//661 809//809
f 741//741 739//739 810//810
f 811//811 738//738 744//744
f 811//811 744//744 745//745
f 746//746 745//745 668//668
f 747//747 812//812 748//748
f 753//753 813//813 814//814
f 753//753 754//754 815//815
f 755//755 756//756 816//816
f 755//755 816//816 817//817
f 757//757 675//675 755//755
f 757//757 755//755 818//818
f 819//819 818//818 755//755
f 757//757 820//820 677//677
f 757//757 677//677 674//674
f 758//758 679//679 821//821
f 822//822 821//821 679//679
f 682//682 681//681 683//683
f 823//823 683//683 681//681
f 759//759 760//760 773//773
f 626//626 684//684 764//764
f 626//626 764//764 763//763
f 686//686 761//761 767//767
f 824//824 767//767 761//761
f 766//766 685//685 825//825
f 826//826 768//768 827//827
f 688//688 632//632 769//769
f 688//688 769//769 691//691
f 828//828 769//769 768//768
f 828//828 768//768 829//829
f 765//765 830//830 831//831
f 832//832 831//831 830//830
f 830//830 771//771 772//772
f 830//830 772//772 833//833
f 828//828 776//776 691//691
f 772//772 773//773 834//834
f 772//772 834//834 835//835
f 693//693 692//692 775//775
f 774//774 776//776 836//836
f 837//837 836//836 776//776
f 696//696 572//572 778//778
f 838//838 694//694 780//780
f 780//780 779//779 839//839
f 840//840 839//839 779//779
f 841//841 783//783 781//781
f 841//841 781//781 838//838
f 842//842 697//697 703//703
f 842//842 703//703 786//786
f 842//842 843//843 844//844
f 783//783 845//845 782//782
f 846//846 847//847 848//848
f 849//849 848//848 847//847
f 651//651 788//788 786//786
f 788//788 787//787 850//850
f 791//791 706//706 793//793
f 718//718 790//790 851//851
f 791//791 852//852 792//792
f 790//790 792//792 853//853
f 795//795 713//713 854//854
f 797//797 855//855 717//717
f 851//851 856//856 798//798
f 722//722 857//857 799//799
f 858//858 787//787 800//800
f 859//859 860//860 720//720
f 860//860 800//800 720//720
f 655//655 801//801 803//803
f 807//807 729//729 861//861
f 862//862 815//815 754//754
f 752//752 863//863 754//754
f 862//862 754//754 863//863
f 806//806 805//805 863//863
f 804//804 807//807 864//864
f 758//758 821//821 808//808
f 660//660 730//730 865//865
f 866//866 865//865 867//867
f 730//730 868//868 869//869
f 870//870 743//743 871//871
f 872//872 609//609 873//873
f 872//872 873//873 874//874
f 872//872 874//874 875//875
f 810//810 876//876 874//874
f 810//810 874//874 741//741
f 877//877 739//739 738//738
f 870//870 681//681 743//743
f 878//878 879//879 880//880
f 878//878 880//880 881//881
f 882//882 748//748 812//812
f 882//882 883//883 879//879
f 884//884 879//879 883//883
f 885//885 886//886 812//812
f 885//885 812//812 747//747
f 887//887 813//813 888//888
f 816//816 774//774 817//817
f 757//757 818//818 820//820
f 889//889 890//890 819//819
f 891//891 679//679 677//677
f 891//891 677//677 820//820
f 679//679 892//892 822//822
f 823//823 760//760 683//683
f 760//760 893//893 773//773
f 894//894 773//773 893//893
f 763//763 764//764 824//824
f 895//895 824//824 764//764
f 767//767 824//824 896//896
f 824//824 897//897 898//898
f 826//826 827//827 896//896
f 899//899 900//900 826//826
f 899//899 826//826 896//896
f 768//768 826//826 901//901
f 902//902 901//901 826//826
f 828//828 691//691 769//769
f 903//903 901//901 904//904
f 830//830 833//833 832//832
f 832//832 905//905 831//831
f 772//772 835//835 833//833
f 906//906 837//837 776//776
f 906//906 776//776 907//907
f 779//779 908//908 840//840
f 838//838 780//780 841//841
f 839//839 841//841 780//780
f 839//839 840//840 909//909
f 783//783 841//841 845//845
f 910//910 845//845 841//841
f 911//911 850//850 912//912
f 913//913 845//845 914//914
f 847//847 784//784 849//849
f 913//913 915//915 916//916
f 917//917 848//848 849//849
f 858//858 918//918 787//787
f 919//919 920//920 791//791
f 919//919 791//791 793//793
f 790//790 853//853 851//851
f 921//921 856//856 851//851
f 922//922 853//853 792//792
f 922//922 923//923 853//853
f 851//851 853//853 923//923
f 919//919 795//795 854//854
f 854//854 713//713 924//924
f 713//713 855//855 925//925
f 926//926 924//924 925//925
f 797//797 927//927 855//855
f 928//928 855//855 927//927
f 802//802 929//929 927//927
f 857//857 856//856 930//930
f 931//931 799//799 857//857
f 858//858 800//800 860//860
f 859//859 932//932 860//860
f 858//858 860//860 932//932
f 933//933 929//929 802//802
f 862//862 863//863 934//934
f 805//805 934//934 863//863
f 804//804 935//935 805//805
f 804//804 864//864 935//935
f 936//936 935//935 864//864
f 937//937 808//808 821//821
f 937//937 821//821 938//938
f 867//867 809//809 866//866
f 939//939 869//869 868//868
f 939//939 868//868 735//735
f 940//940 736//736 809//809
f 939//939 872//872 875//875
f 876//876 875//875 874//874
f 941//941 881//881 942//942
f 880//880 942//942 881//881
f 884//884 880//880 879//879
f 812//812 886//886 882//882
f 883//883 882//882 886//886
f 884//884 883//883 943//943
f 887//887 886//886 885//885
f 887//887 888//888 886//886
f 883//883 886//886 888//888
f 888//888 813//813 944//944
f 945//945 944//944 815//815
f 889//889 819//819 946//946
f 891//891 820//820 818//818
f 891//891 818//818 947//947
f 891//891 948//948 949//949
f 950//950 949//949 948//948
f 760//760 951//951 893//893
f 952//952 893//893 951//951
f 894//894 893//893 953//953
f 824//824 898//898 896//896
f 899//899 896//896 898//898
f 898//898 897//897 954//954
f 895//895 831//831 905//905
f 955//955 956//956 900//900
f 902//902 957//957 901//901
f 904//904 901//901 957//957
f 958//958 906//906 907//907
f 958//958 907//907 959//959
f 903//903 904//904 960//960
f 903//903 960//960 961//961
f 962//962 963//963 905//905
f 962//962 905//905 832//832
f 833//833 964//964 965//965
f 966//966 967//967 968//968
f 841//841 839//839 909//909
f 841//841 909//909 910//910
f 909//909 969//969 970//970
f 845//845 910//910 914//914
f 970//970 914//914 910//910
f 911//911 912//912 971//971
f 913//913 916//916 845//845
f 913//913 914//914 972//972
f 917//917 849//849 915//915
f 973//973 974//974 918//918
f 973//973 918//918 858//858
f 919//919 854//854 920//920
f 921//921 851//851 923//923
f 975//975 854//854 924//924
f 926//926 928//928 976//976
f 928//928 977//977 976//976
f 928//928 927//927 977//977
f 978//978 979//979 980//980
f 931//931 981//981 799//799
f 982//982 973//973 858//858
f 859//859 983//983 984//984
f 859//859 984//984 932//932
f 932//932 985//985 858//858
f 937//937 933//933 802//802
f 937//937 802//802 808//808
f 986//986 933//933 987//987
f 988//988 936//936 989//989
f 862//862 990//990 815//815
f 945//945 815//815 990//990
f 805//805 991//991 934//934
f 935//935 992//992 991//991
f 935//935 991//991 805//805
f 935//935 936//936 993//993
f 994//994 867//867 995//995
f 996//996 997//997 869//869
f 996//996 869//869 939//939
f 998//998 939//939 875//875
f 999//999 1000//1000 996//996
f 875//875 876//876 1001//1001
f 1002//1002 1001//1001 876//876
f 951//951 1003//1003 952//952
f 943//943 1004//1004 1005//1005
f 943//943 883//883 1006//1006
f 888//888 1006//1006 883//883
f 946//946 1007//1007 889//889
f 1008//1008 889//889 1007//1007
f 891//891 1009//1009 948//948
f 1010//1010 948//948 1009//1009
f 948//948 1011//1011 950//950
f 1012//1012 950//950 1011//1011
f 952//952 1013//1013 953//953
f 952//952 953//953 893//893
f 894//894 953//953 1014//1014
f 902//902 956//956 957//957
f 955//955 1015//1015 956//956
f 960//960 904//904 957//957
f 906//906 903//903 961//961
f 1016//1016 1017//1017 1018//1018
f 1019//1019 1020//1020 1018//1018
f 962//962 1021//1021 963//963
f 1014//1014 1022//1022 1023//1023
f 966//966 1024//1024 1025//1025
f 910//910 909//909 970//970
f 1026//1026 1027//1027 912//912
f 1026//1026 912//912 850//850
f 969//969 1027//1027 1028//1028
f 1029//1029 913//913 972//972
f 1030//1030 917//917 1029//1029
f 848//848 917//917 989//989
f 988//988 989//989 917//917
f 1026//1026 918//918 974//974
f 974//974 973//973 1031//1031
f 982//982 1031//1031 973//973
f 854//854 975//975 922//922
f 923//923 922//922 975//975
f 978//978 1032//1032 979//979
f 1033//1033 1034//1034 1035//1035
f 926//926 976//976 1036//1036
f 1037//1037 1036//1036 976//976
f 976//976 1038//1038 1039//1039
f 931//931 978//978 980//980
f 931//931 980//980 981//981
f 1040//1040 980//980 979//979
f 1041//1041 980//980 1042//1042
f 1040//1040 1042//1042 980//980
f 1043//1043 984//984 983//983
f 984//984 985//985 932//932
f 1044//1044 1041//1041 985//985
f 1045//1045 987//987 933//933
f 1045//1045 933//933 937//937
f 945//945 1046//1046 1047//1047
f 1048//1048 1049//1049 1050//1050
f 1051//1051 1049//1049 1052//1052
f 1048//1048 1053//1053 1049//1049
f 992//992 935//935 1050//1050
f 1048//1048 1050//1050 935//935
f 936//936 1054//1054 993//993
f 996//996 1000//1000 997//997
f 1055//1055 995//995 1000//1000
f 1055//1055 1000//1000 1056//1056
f 1001//1001 998//998 875//875
f 999//999 1057//1057 1056//1056
f 999//999 1056//1056 1000//1000
f 1003//1003 1058//1058 952//952
f 1059//1059 952//952 1058//1058
f 1002//1002 1057//1057 1001//1001
f 1060//1060 1061//1061 1062//1062
f 1062//1062 1063//1063 1064//1064
f 1065//1065 1064//1064 1063//1063
f 942//942 1066//1066 1061//1061
f 1066//1066 1005//1005 1067//1067
f 1004//1004 1067//1067 1005//1005
f 1068//1068 1069//1069 1070//1070
f 1068//1068 944//944 1069//1069
f 1071//1071 1069//1069 944//944
f 1072//1072 1073//1073 1074//1074
f 1008//1008 1010//1010 1009//1009
f 948//948 1010//1010 1075//1075
f 948//948 1075//1075 1011//1011
f 1076//1076 1012//1012 1011//1011
f 1077//1077 1078//1078 1079//1079
f 955//955 1080//1080 1081//1081
f 1082//1082 957//957 956//956
f 960//960 1082//1082 1083//1083
f 1084//1084 1085//1085 1086//1086
f 1085//1085 1087//1087 1086//1086
f 1024//1024 1084//1084 1086//1086
f 1028//1028 1027//1027 1026//1026
f 1088//1088 1089//1089 1028//1028
f 1029//1029 972//972 1090//1090
f 1091//1091 1090//1090 1092//1092
f 974//974 1093//1093 1026//1026
f 982//982 1094//1094 1031//1031
f 982//982 1095//1095 1094//1094
f 1035//1035 978//978 1096//1096
f 1032//1032 1097//1097 979//979
f 1040//1040 979//979 1097//1097
f 1033//1033 1035//1035 1098//1098
f 1037//1037 1099//1099 1098//1098
f 1037//1037 1098//1098 1036//1036
f 1037//1037 976//976 1039//1039
f 976//976 977//977 1038//1038
f 1100//1100 1039//1039 1038//1038
f 977//977 986//986 1101//1101
f 981//981 980//980 1044//1044
f 1041//1041 1044//1044 980//980
f 985//985 984//984 1044//1044
f 1043//1043 1044//1044 984//984
f 1072//1072 1052//1052 1102//1102
f 1051//1051 1052//1052 1074//1074
f 1072//1072 1074//1074 1052//1052
f 1049//1049 992//992 1050//1050
f 1048//1048 1103//1103 1053//1053
f 1104//1104 1052//1052 1103//1103
f 1105//1105 1103//1103 1106//1106
f 1107//1107 1108//1108 1109//1109
f 1107//1107 1109//1109 1054//1054
f 1110//1110 1111//1111 1045//1045
f 1110//1110 1045//1045 1079//1079
f 1055//1055 1056//1056 1112//1112
f 1057//1057 998//998 1001//1001
f 1056//1056 1057//1057 1113//1113
f 1114//1114 952//952 1059//1059
f 1065//1065 1115//1115 1064//1064
f 1063//1063 1062//1062 1061//1061
f 1065//1065 1063//1063 1116//1116
f 1068//1068 1070//1070 1117//1117
f 1069//1069 1118//1118 1070//1070
f 1072//1072 1069//1069 1073//1073
f 1008//1008 1119//1119 1010//1010
f 1008//1008 1007//1007 1119//1119
f 1120//1120 1119//1119 1007//1007
f 1121//1121 1011//1011 1119//1119
f 1076//1076 1122//1122 1123//1123
f 1124//1124 1123//1123 1122//1122
f 1110//1110 1079//1079 1078//1078
f 1110//1110 1078//1078 1125//1125
f 1013//1013 1126//1126 953//953
f 1127//1127 1014//1014 953//953
f 1128//1128 1015//1015 1129//1129
f 1130//1130 1080//1080 954//954
f 1130//1130 954//954 963//963
f 1130//1130 963//963 1131//1131
f 1084//1084 1019//1019 1085//1085
f 1131//1131 963//963 1021//1021
f 1131//1131 1021//1021 1132//1132
f 1028//1028 1089//1089 1133//1133
f 1028//1028 1133//1133 1134//1134
f 970//970 1134//1134 972//972
f 1088//1088 1028//1028 1026//1026
f 1088//1088 1135//1135 1089//1089
f 1031//1031 1094//1094 1093//1093
f 1095//1095 1136//1136 1094//1094
f 1032//1032 1034//1034 1097//1097
f 1137//1137 1097//1097 1034//1034
f 1100//1100 1037//1037 1039//1039
f 977//977 1101//1101 1038//1038
f 1138//1138 1038//1038 1101//1101
f 1138//1138 1101//1101 1139//1139
f 1043//1043 981//981 1044//1044
f 1140//1140 1141//1141 1042//1042
f 1141//1141 1095//1095 1042//1042
f 1142//1142 1140//1140 1042//1042
f 1095//1095 1141//1141 1136//1136
f 987//987 1045//1045 1111//1111
f 1139//1139 987//987 1143//1143
f 1111//1111 1143//1143 987//987
f 1072//1072 1102//1102 1118//1118
f 1069//1069 1072//1072 1118//1118
f 1104//1104 1103//1103 1105//1105
f 1108//1108 1144//1144 1109//1109
f 1145//1145 1059//1059 994//994
f 1145//1145 995//995 1146//1146
f 1145//1145 1146//1146 1147//1147
f 1055//1055 1112//1112 1146//1146
f 1148//1148 1149//1149 1113//1113
f 1116//1116 1063//1063 1061//1061
f 1150//1150 1151//1151 1067//1067
f 1150//1150 1067//1067 1004//1004
f 1150//1150 1004//1004 1152//1152
f 1007//1007 1025//1025 1120//1120
f 1087//1087 1153//1153 1120//1120
f 1121//1121 1119//1119 1120//1120
f 1121//1121 1120//1120 1154//1154
f 1155//1155 1156//1156 1157//1157
f 1155//1155 1157//1157 1078//1078
f 1125//1125 1078//1078 1157//1157
f 1127//1127 953//953 1126//1126
f 1022//1022 1127//1127 1158//1158
f 1159//1159 1160//1160 1129//1129
f 1160//1160 1128//1128 1129//1129
f 1161//1161 1083//1083 1160//1160
f 1162//1162 1085//1085 1019//1019
f 1021//1021 1163//1163 1132//1132
f 1164//1164 1165//1165 1158//1158
f 1087//1087 1085//1085 1166//1166
f 1133//1133 1089//1089 1167//1167
f 1168//1168 1092//1092 1133//1133
f 1089//1089 1135//1135 1169//1169
f 1090//1090 1091//1091 1170//1170
f 1092//1092 1168//1168 1091//1091
f 1107//1107 988//988 1030//1030
f 1107//1107 1030//1030 1171//1171
f 1135//1135 1094//1094 1172//1172
f 1173//1173 1172//1172 1094//1094
f 1174//1174 1175//1175 1176//1176
f 1174//1174 1173//1173 1175//1175
f 1097//1097 1137//1137 1142//1142
f 1177//1177 1142//1142 1137//1137
f 1178//1178 1179//1179 1140//1140
f 1178//1178 1140//1140 1142//1142
f 1180//1180 1099//1099 1100//1100
f 1181//1181 1100//1100 1138//1138
f 1139//1139 1182//1182 1138//1138
f 1140//1140 1136//1136 1141//1141
f 1111//1111 1183//1183 1184//1184
f 1185//1185 1184//1184 1183//1183
f 1186//1186 1108//1108 1107//1107
f 1187//1187 1118//1118 1188//1188
f 1189//1189 1102//1102 1104//1104
f 1190//1190 1104//1104 1105//1105
f 1191//1191 1192//1192 1144//1144
f 1108//1108 1193//1193 1144//1144
f 1191//1191 1144//1144 1193//1193
f 1194//1194 1195//1195 1125//1125
f 1146//1146 995//995 1055//1055
f 1112//1112 1113//1113 1196//1196
f 1149//1149 1196//1196 1113//1113
f 1115//1115 1065//1065 1197//1197
f 1198//1198 1197//1197 1065//1065
f 1148//1148 1113//1113 1197//1197
f 1199//1199 1200//1200 1149//1149
f 1200//1200 1196//1196 1149//1149
f 1148//1148 1199//1199 1149//1149
f 1201//1201 1202//1202 1116//1116
f 1201//1201 1116//1116 1151//1151
f 1198//1198 1203//1203 1204//1204
f 1013//1013 1205//1205 1126//1126
f 1206//1206 1207//1207 1208//1208
f 1209//1209 1208//1208 1187//1187
f 1153//1153 1087//1087 1166//1166
f 1153//1153 1154//1154 1120//1120
f 1121//1121 1154//1154 1210//1210
f 1211//1211 1156//1156 1124//1124
f 1211//1211 1124//1124 1212//1212
f 1156//1156 1213//1213 1157//1157
f 1214//1214 1127//1127 1126//1126
f 1205//1205 1214//1214 1126//1126
f 1164//1164 1158//1158 1214//1214
f 1159//1159 1161//1161 1160//1160
f 1130//1130 1131//1131 1215//1215
f 1159//1159 1215//1215 1216//1216
f 1162//1162 1217//1217 1085//1085
f 1218//1218 1217//1217 1219//1219
f 1163//1163 1165//1165 1132//1132
f 1220//1220 1132//1132 1221//1221
f 1222//1222 1166//1166 1223//1223
f 1168//1168 1133//1133 1167//1167
f 1169//1169 1224//1224 1225//1225
f 1226//1226 1225//1225 1224//1224
f 1090//1090 1170//1170 1171//1171
f 1091//1091 1227//1227 1170//1170
f 1168//1168 1228//1228 1091//1091
f 1107//1107 1171//1171 1186//1186
f 1186//1186 1171//1171 1229//1229
f 1175//1175 1230//1230 1176//1176
f 1178//1178 1142//1142 1177//1177
f 1178//1178 1231//1231 1179//1179
f 1232//1232 1178//1178 1177//1177
f 1232//1232 1177//1177 1233//1233
f 1231//1231 1178//1178 1234//1234
f 1181//1181 1180//1180 1100//1100
f 1181//1181 1138//1138 1235//1235
f 1181//1181 1235//1235 1236//1236
f 1136//1136 1140//1140 1179//1179
f 1136//1136 1179//1179 1230//1230
f 1111//1111 1195//1195 1183//1183
f 1194//1194 1183//1183 1195//1195
f 1237//1237 1108//1108 1186//1186
f 1238//1238 1188//1188 1239//1239
f 1188//1188 1118//1118 1239//1239
f 1118//1118 1102//1102 1239//1239
f 1102//1102 1189//1189 1239//1239
f 1189//1189 1238//1238 1239//1239
f 1190//1190 1189//1189 1104//1104
f 1190//1190 1192//1192 1240//1240
f 1191//1191 1240//1240 1192//1192
f 1191//1191 1241//1241 1240//1240
f 1191//1191 1193//1193 1241//1241
f 1194//1194 1125//1125 1242//1242
f 1197//1197 1198//1198 1204//1204
f 1199//1199 1148//1148 1243//1243
f 1199//1199 1244//1244 1200//1200
f 1206//1206 1201//1201 1207//1207
f 1206//1206 1208//1208 1245//1245
f 1153//1153 1210//1210 1154//1154
f 1153//1153 1166//1166 1246//1246
f 1212//1212 1246//1246 1211//1211
f 1247//1247 1211//1211 1246//1246
f 1157//1157 1248//1248 1242//1242
f 1164//1164 1214//1214 1249//1249
f 1164//1164 1249//1249 1250//1250
f 1161//1161 1159//1159 1251//1251
f 1220//1220 1252//1252 1215//1215
f 1220//1220 1215//1215 1131//1131
f 1223//1223 1217//1217 1218//1218
f 1253//1253 1254//1254 1218//1218
f 1253//1253 1218//1218 1251//1251
f 1253//1253 1251//1251 1255//1255
f 1165//1165 1256//1256 1132//1132
f 1222//1222 1257//1257 1166//1166
f 1168//1168 1167//1167 1228//1228
f 1169//1169 1225//1225 1167//1167
f 1226//1226 1258//1258 1259//1259
f 1171//1171 1170//1170 1229//1229
f 1260//1260 1228//1228 1167//1167
f 1261//1261 1091//1091 1260//1260
f 1231//1231 1230//1230 1179//1179
f 1176//1176 1262//1262 1263//1263
f 1176//1176 1263//1263 1264//1264
f 1265//1265 1264//1264 1266//1266
f 1267//1267 1231//1231 1268//1268
f 1233//1233 1269//1269 1232//1232
f 1178//1178 1232//1232 1234//1234
f 1231//1231 1234//1234 1270//1270
f 1271//1271 1272//1272 1273//1273
f 1272//1272 1274//1274 1273//1273
f 1274//1274 1275//1275 1273//1273
f 1275//1275 1231//1231 1270//1270
f 1269//1269 1181//1181 1276//1276
f 1236//1236 1276//1276 1181//1181
f 1182//1182 1235//1235 1138//1138
f 1194//1194 1277//1277 1183//1183
f 1278//1278 1245//1245 1279//1279
f 1209//1209 1188//1188 1280//1280
f 1238//1238 1280//1280 1188//1188
f 1240//1240 1241//1241 1281//1281
f 1282//1282 1283//1283 1284//1284
f 1194//1194 1242//1242 1285//1285
f 1147//1147 1286//1286 1287//1287
f 1114//1114 1287//1287 1288//1288
f 1200//1200 1244//1244 1289//1289
f 1148//1148 1197//1197 1204//1204
f 1148//1148 1204//1204 1290//1290
f 1148//1148 1290//1290 1243//1243
f 1199//1199 1243//1243 1244//1244
f 1291//1291 1244//1244 1243//1243
f 1247//1247 1246//1246 1166//1166
f 1247//1247 1166//1166 1257//1257
f 1247//1247 1292//1292 1293//1293
f 1247//1247 1293//1293 1211//1211
f 1211//1211 1293//1293 1294//1294
f 1157//1157 1213//1213 1248//1248
f 1242//1242 1248//1248 1295//1295
f 1296//1296 1295//1295 1248//1248
f 1297//1297 1249//1249 1214//1214
f 1297//1297 1214//1214 1205//1205
f 1298//1298 1216//1216 1299//1299
f 1216//1216 1252//1252 1299//1299
f 1252//1252 1220//1220 1300//1300
f 1254//1254 1223//1223 1218//1218
f 1253//1253 1255//1255 1301//1301
f 1132//1132 1302//1302 1221//1221
f 1302//1302 1303//1303 1221//1221
f 1303//1303 1304//1304 1221//1221
f 1305//1305 1306//1306 1307//1307
f 1308//1308 1307//1307 1309//1309
f 1222//1222 1223//1223 1310//1310
f 1311//1311 1259//1259 1258//1258
f 1227//1227 1091//1091 1261//1261
f 1227//1227 1261//1261 1312//1312
f 1313//1313 1312//1312 1261//1261
f 1261//1261 1260//1260 1314//1314
f 1262//1262 1231//1231 1263//1263
f 1266//1266 1264//1264 1263//1263
f 1266//1266 1263//1263 1315//1315
f 1311//1311 1316//1316 1317//1317
f 1311//1311 1265//1265 1316//1316
f 1266//1266 1316//1316 1265//1265
f 1275//1275 1268//1268 1231//1231
f 1318//1318 1263//1263 1267//1267
f 1319//1319 1272//1272 1271//1271
f 1320//1320 1274//1274 1321//1321
f 1322//1322 1323//1323 1324//1324
f 1277//1277 1194//1194 1285//1285
f 1277//1277 1325//1325 1326//1326
f 1237//1237 1327//1327 1283//1283
f 1237//1237 1283//1283 1282//1282
f 1328//1328 1206//1206 1245//1245
f 1278//1278 1329//1329 1245//1245
f 1328//1328 1245//1245 1329//1329
f 1280//1280 1238//1238 1330//1330
f 1284//1284 1281//1281 1241//1241
f 1283//1283 1331//1331 1284//1284
f 1332//1332 1289//1289 1333//1333
f 1332//1332 1286//1286 1289//1289
f 1289//1289 1244//1244 1334//1334
f 1244//1244 1335//1335 1334//1334
f 1243//1243 1290//1290 1291//1291
f 1336//1336 1291//1291 1290//1290
f 1337//1337 1338//1338 1339//1339
f 1338//1338 1335//1335 1339//1339
f 1335//1335 1244//1244 1339//1339
f 1244//1244 1291//1291 1339//1339
f 1291//1291 1340//1340 1339//1339
f 1340//1340 1337//1337 1339//1339
f 1288//1288 1341//1341 1205//1205
f 1342//1342 1343//1343 1344//1344
f 1345//1345 1346//1346 1343//1343
f 1347//1347 1297//1297 1205//1205
f 1348//1348 1296//1296 1248//1248
f 1296//1296 1349//1349 1295//1295
f 1350//1350 1351//1351 1296//1296
f 1297//1297 1352//1352 1249//1249
f 1305//1305 1353//1353 1306//1306
f 1255//1255 1216//1216 1298//1298
f 1255//1255 1298//1298 1301//1301
f 1254//1254 1310//1310 1223//1223
f 1310//1310 1254//1254 1354//1354
f 1302//1302 1132//1132 1309//1309
f 1302//1302 1309//1309 1307//1307
f 1304//1304 1303//1303 1355//1355
f 1356//1356 1303//1303 1302//1302
f 1306//1306 1357//1357 1307//1307
f 1222//1222 1310//1310 1257//1257
f 1247//1247 1257//1257 1358//1358
f 1359//1359 1358//1358 1257//1257
f 1260//1260 1167//1167 1360//1360
f 1259//1259 1311//1311 1361//1361
f 1317//1317 1361//1361 1311//1311
f 1362//1362 1361//1361 1317//1317
f 1259//1259 1361//1361 1360//1360
f 1362//1362 1360//1360 1361//1361
f 1327//1327 1237//1237 1363//1363
f 1363//1363 1312//1312 1327//1327
f 1313//1313 1261//1261 1364//1364
f 1318//1318 1315//1315 1263//1263
f 1266//1266 1320//1320 1316//1316
f 1365//1365 1316//1316 1320//1320
f 1234//1234 1276//1276 1271//1271
f 1272//1272 1319//1319 1366//1366
f 1367//1367 1366//1366 1319//1319
f 1367//1367 1319//1319 1368//1368
f 1367//1367 1369//1369 1370//1370
f 1322//1322 1371//1371 1323//1323
f 1328//1328 1343//1343 1342//1342
f 1328//1328 1329//1329 1343//1343
f 1345//1345 1343//1343 1329//1329
f 1278//1278 1372//1372 1329//1329
f 1373//1373 1329//1329 1372//1372
f 1372//1372 1280//1280 1330//1330
f 1374//1374 1375//1375 1238//1238
f 1374//1374 1238//1238 1189//1189
f 1284//1284 1376//1376 1281//1281
f 1283//1283 1377//1377 1331//1331
f 1295//1295 1349//1349 1378//1378
f 1379//1379 1378//1378 1349//1349
f 1287//1287 1286//1286 1288//1288
f 1332//1332 1288//1288 1286//1286
f 1380//1380 1333//1333 1289//1289
f 1332//1332 1333//1333 1381//1381
f 1335//1335 1338//1338 1334//1334
f 1336//1336 1340//1340 1291//1291
f 1205//1205 1341//1341 1347//1347
f 1382//1382 1347//1347 1341//1341
f 1346//1346 1345//1345 1337//1337
f 1297//1297 1347//1347 1383//1383
f 1297//1297 1383//1383 1352//1352
f 1247//1247 1358//1358 1292//1292
f 1294//1294 1293//1293 1384//1384
f 1348//1348 1350//1350 1296//1296
f 1296//1296 1351//1351 1349//1349
f 1385//1385 1349//1349 1351//1351
f 1386//1386 1306//1306 1353//1353
f 1387//1387 1301//1301 1298//1298
f 1304//1304 1355//1355 1298//1298
f 1354//1354 1388//1388 1389//1389
f 1354//1354 1389//1389 1310//1310
f 1302//1302 1307//1307 1357//1357
f 1355//1355 1303//1303 1388//1388
f 1356//1356 1388//1388 1303//1303
f 1356//1356 1390//1390 1391//1391
f 1392//1392 1357//1357 1306//1306
f 1310//1310 1393//1393 1359//1359
f 1310//1310 1359//1359 1257//1257
f 1394//1394 1358//1358 1359//1359
f 1260//1260 1360//1360 1314//1314
f 1362//1362 1314//1314 1360//1360
f 1362//1362 1317//1317 1395//1395
f 1362//1362 1395//1395 1396//1396
f 1327//1327 1312//1312 1313//1313
f 1397//1397 1313//1313 1364//1364
f 1396//1396 1398//1398 1314//1314
f 1399//1399 1400//1400 1316//1316
f 1399//1399 1316//1316 1365//1365
f 1401//1401 1395//1395 1400//1400
f 1401//1401 1400//1400 1402//1402
f 1320//1320 1321//1321 1403//1403
f 1404//1404 1403//1403 1321//1321
f 1405//1405 1321//1321 1366//1366
f 1323//1323 1371//1371 1406//1406
f 1322//1322 1326//1326 1407//1407
f 1408//1408 1407//1407 1326//1326
f 1345//1345 1329//1329 1337//1337
f 1373//1373 1409//1409 1329//1329
f 1330//1330 1410//1410 1411//1411
f 1330//1330 1411//1411 1372//1372
f 1330//1330 1412//1412 1413//1413
f 1374//1374 1414//1414 1375//1375
f 1281//1281 1376//1376 1415//1415
f 1331//1331 1416//1416 1376//1376
f 1379//1379 1349//1349 1385//1385
f 1332//1332 1381//1381 1382//1382
f 1380//1380 1417//1417 1333//1333
f 1417//1417 1381//1381 1333//1333
f 1418//1418 1380//1380 1419//1419
f 1334//1334 1338//1338 1419//1419
f 1420//1420 1418//1418 1419//1419
f 1421//1421 1422//1422 1337//1337
f 1422//1422 1423//1423 1337//1337
f 1394//1394 1424//1424 1292//1292
f 1394//1394 1292//1292 1358//1358
f 1424//1424 1425//1425 1384//1384
f 1424//1424 1384//1384 1293//1293
f 1426//1426 1294//1294 1384//1384
f 1353//1353 1427//1427 1386//1386
f 1392//1392 1306//1306 1386//1386
f 1392//1392 1386//1386 1428//1428
f 1354//1354 1355//1355 1388//1388
f 1388//1388 1391//1391 1389//1389
f 1356//1356 1391//1391 1388//1388
f 1429//1429 1430//1430 1391//1391
f 1429//1429 1391//1391 1390//1390
f 1429//1429 1357//1357 1431//1431
f 1362//1362 1396//1396 1314//1314
f 1432//1432 1398//1398 1396//1396
f 1433//1433 1327//1327 1313//1313
f 1397//1397 1398//1398 1434//1434
f 1403//1403 1365//1365 1320//1320
f 1435//1435 1402//1402 1400//1400
f 1402//1402 1436//1436 1401//1401
f 1432//1432 1401//1401 1436//1436
f 1321//1321 1405//1405 1404//1404
f 1403//1403 1404//1404 1437//1437
f 1405//1405 1366//1366 1367//1367
f 1405//1405 1370//1370 1438//1438
f 1439//1439 1438//1438 1370//1370
f 1370//1370 1371//1371 1440//1440
f 1407//1407 1441//1441 1371//1371
f 1407//1407 1371//1371 1322//1322
f 1379//1379 1408//1408 1326//1326
f 1442//1442 1441//1441 1407//1407
f 1442//1442 1407//1407 1408//1408
f 1433//1433 1443//1443 1377//1377
f 1444//1444 1377//1377 1443//1443
f 1445//1445 1409//1409 1446//1446
f 1410//1410 1330//1330 1413//1413
f 1410//1410 1413//1413 1447//1447
f 1410//1410 1447//1447 1448//1448
f 1449//1449 1413//1413 1412//1412
f 1450//1450 1412//1412 1375//1375
f 1415//1415 1376//1376 1416//1416
f 1415//1415 1416//1416 1451//1451
f 1444//1444 1452//1452 1453//1453
f 1454//1454 1453//1453 1452//1452
f 1379//1379 1385//1385 1455//1455
f 1418//1418 1417//1417 1380//1380
f 1381//1381 1417//1417 1456//1456
f 1418//1418 1420//1420 1457//1457
f 1421//1421 1458//1458 1422//1422
f 1394//1394 1425//1425 1424//1424
f 1426//1426 1459//1459 1460//1460
f 1461//1461 1426//1426 1460//1460
f 1462//1462 1463//1463 1350//1350
f 1462//1462 1350//1350 1464//1464
f 1465//1465 1466//1466 1462//1462
f 1389//1389 1467//1467 1393//1393
f 1390//1390 1357//1357 1429//1429
f 1429//1429 1468//1468 1430//1430
f 1469//1469 1431//1431 1392//1392
f 1432//1432 1470//1470 1398//1398
f 1434//1434 1398//1398 1470//1470
f 1471//1471 1443//1443 1433//1433
f 1471//1471 1433//1433 1313//1313
f 1397//1397 1472//1472 1471//1471
f 1473//1473 1436//1436 1402//1402
f 1473//1473 1402//1402 1474//1474
f 1432//1432 1436//1436 1475//1475
f 1438//1438 1404//1404 1405//1405
f 1438//1438 1437//1437 1404//1404
f 1405//1405 1367//1367 1370//1370
f 1370//1370 1440//1440 1439//1439
f 1442//1442 1476//1476 1441//1441
f 1448//1448 1447//1447 1477//1477
f 1449//1449 1447//1447 1413//1413
f 1478//1478 1450//1450 1414//1414
f 1478//1478 1451//1451 1479//1479
f 1451//1451 1416//1416 1480//1480
f 1454//1454 1481//1481 1480//1480
f 1482//1482 1480//1480 1481//1481
f 1379//1379 1455//1455 1483//1483
f 1379//1379 1483//1483 1408//1408
f 1455//1455 1484//1484 1485//1485
f 1486//1486 1347//1347 1487//1487
f 1347//1347 1382//1382 1487//1487
f 1382//1382 1381//1381 1487//1487
f 1381//1381 1456//1456 1487//1487
f 1456//1456 1488//1488 1487//1487
f 1488//1488 1456//1456 1457//1457
f 1456//1456 1417//1417 1457//1457
f 1417//1417 1418//1418 1457//1457
f 1489//1489 1488//1488 1457//1457
f 1477//1477 1490//1490 1491//1491
f 1490//1490 1457//1457 1491//1491
f 1457//1457 1420//1420 1491//1491
f 1422//1422 1458//1458 1492//1492
f 1458//1458 1477//1477 1491//1491
f 1386//1386 1493//1493 1494//1494
f 1495//1495 1425//1425 1394//1394
f 1459//1459 1496//1496 1497//1497
f 1425//1425 1496//1496 1459//1459
f 1498//1498 1461//1461 1499//1499
f 1498//1498 1464//1464 1461//1461
f 1464//1464 1465//1465 1462//1462
f 1484//1484 1462//1462 1466//1466
f 1469//1469 1392//1392 1428//1428
f 1469//1469 1428//1428 1500//1500
f 1389//1389 1391//1391 1467//1467
f 1501//1501 1391//1391 1502//1502
f 1431//1431 1468//1468 1429//1429
f 1431//1431 1469//1469 1503//1503
f 1504//1504 1505//1505 1501//1501
f 1467//1467 1505//1505 1506//1506
f 1467//1467 1506//1506 1394//1394
f 1495//1495 1394//1394 1506//1506
f 1471//1471 1472//1472 1443//1443
f 1434//1434 1472//1472 1397//1397
f 1437//1437 1438//1438 1507//1507
f 1439//1439 1507//1507 1438//1438
f 1442//1442 1408//1408 1483//1483
f 1442//1442 1483//1483 1476//1476
f 1508//1508 1476//1476 1509//1509
f 1443//1443 1510//1510 1444//1444
f 1510//1510 1452//1452 1444//1444
f 1477//1477 1458//1458 1448//1448
f 1479//1479 1511//1511 1478//1478
f 1480//1480 1479//1479 1451//1451
f 1512//1512 1481//1481 1454//1454
f 1482//1482 1481//1481 1513//1513
f 1454//1454 1452//1452 1514//1514
f 1515//1515 1514//1514 1452//1452
f 1516//1516 1512//1512 1514//1514
f 1484//1484 1466//1466 1485//1485
f 1517//1517 1485//1485 1466//1466
f 1490//1490 1489//1489 1457//1457
f 1488//1488 1489//1489 1518//1518
f 1519//1519 1520//1520 1493//1493
f 1494//1494 1493//1493 1520//1520
f 1428//1428 1386//1386 1494//1494
f 1428//1428 1494//1494 1521//1521
f 1496//1496 1522//1522 1497//1497
f 1459//1459 1497//1497 1461//1461
f 1461//1461 1523//1523 1499//1499
f 1465//1465 1517//1517 1466//1466
f 1428//1428 1521//1521 1500//1500
f 1469//1469 1500//1500 1524//1524
f 1430//1430 1502//1502 1391//1391
f 1468//1468 1431//1431 1503//1503
f 1525//1525 1503//1503 1526//1526
f 1495//1495 1506//1506 1527//1527
f 1434//1434 1470//1470 1528//1528
f 1472//1472 1529//1529 1443//1443
f 1510//1510 1443//1443 1529//1529
f 1483//1483 1509//1509 1476//1476
f 1530//1530 1531//1531 1532//1532
f 1510//1510 1533//1533 1452//1452
f 1515//1515 1452//1452 1533//1533
f 1534//1534 1535//1535 1536//1536
f 1534//1534 1511//1511 1537//1537
f 1511//1511 1479//1479 1538//1538
f 1516//1516 1539//1539 1540//1540
f 1515//1515 1539//1539 1514//1514
f 1516//1516 1514//1514 1539//1539
f 1517//1517 1541//1541 1542//1542
f 1517//1517 1542//1542 1485//1485
f 1543//1543 1520//1520 1519//1519
f 1543//1543 1519//1519 1488//1488
f 1490//1490 1518//1518 1489//1489
f 1543//1543 1518//1518 1544//1544
f 1545//1545 1494//1494 1520//1520
f 1521//1521 1494//1494 1545//1545
f 1522//1522 1496//1496 1495//1495
f 1498//1498 1499//1499 1465//1465
f 1498//1498 1465//1465 1464//1464
f 1524//1524 1500//1500 1521//1521
f 1546//1546 1526//1526 1524//1524
f 1525//1525 1468//1468 1503//1503
f 1525//1525 1547//1547 1468//1468
f 1548//1548 1525//1525 1526//1526
f 1528//1528 1510//1510 1529//1529
f 1507//1507 1549//1549 1473//1473
f 1550//1550 1473//1473 1549//1549
f 1550//1550 1551//1551 1475//1475
f 1552//1552 1551//1551 1553//1553
f 1554//1554 1553//1553 1551//1551
f 1549//1549 1508//1508 1532//1532
f 1555//1555 1509//1509 1542//1542
f 1556//1556 1531//1531 1530//1530
f 1556//1556 1557//1557 1531//1531
f 1554//1554 1531//1531 1557//1557
f 1556//1556 1509//1509 1558//1558
f 1559//1559 1449//1449 1560//1560
f 1561//1561 1560//1560 1449//1449
f 1513//1513 1562//1562 1482//1482
f 1481//1481 1563//1563 1513//1513
f 1513//1513 1563//1563 1564//1564
f 1563//1563 1565//1565 1564//1564
f 1565//1565 1513//1513 1564//1564
f 1481//1481 1512//1512 1566//1566
f 1512//1512 1516//1516 1566//1566
f 1516//1516 1540//1540 1566//1566
f 1540//1540 1567//1567 1566//1566
f 1567//1567 1563//1563 1566//1566
f 1563//1563 1481//1481 1566//1566
f 1568//1568 1541//1541 1517//1517
f 1543//1543 1488//1488 1518//1518
f 1545//1545 1520//1520 1569//1569
f 1518//1518 1490//1490 1544//1544
f 1544//1544 1570//1570 1543//1543
f 1569//1569 1543//1543 1570//1570
f 1522//1522 1571//1571 1572//1572
f 1573//1573 1574//1574 1575//1575
f 1546//1546 1576//1576 1548//1548
f 1546//1546 1548//1548 1526//1526
f 1525//1525 1577//1577 1547//1547
f 1504//1504 1501//1501 1578//1578
f 1528//1528 1552//1552 1579//1579
f 1510//1510 1528//1528 1580//1580
f 1579//1579 1580//1580 1528//1528
f 1549//1549 1532//1532 1550//1550
f 1581//1581 1552//1552 1553//1553
f 1532//1532 1531//1531 1554//1554
f 1555//1555 1558//1558 1509//1509
f 1557//1557 1582//1582 1554//1554
f 1553//1553 1554//1554 1582//1582
f 1557//1557 1556//1556 1558//1558
f 1557//1557 1558//1558 1568//1568
f 1557//1557 1568//1568 1583//1583
f 1584//1584 1585//1585 1539//1539
f 1586//1586 1559//1559 1560//1560
f 1586//1586 1544//1544 1559//1559
f 1560//1560 1561//1561 1587//1587
f 1588//1588 1589//1589 1590//1590
f 1513//1513 1565//1565 1562//1562
f 1563//1563 1567//1567 1565//1565
f 1565//1565 1567//1567 1540//1540
f 1591//1591 1592//1592 1569//1569
f 1569//1569 1570//1570 1591//1591
f 1521//1521 1545//1545 1593//1593
f 1594//1594 1521//1521 1593//1593
f 1595//1595 1577//1577 1525//1525
f 1596//1596 1597//1597 1598//1598
f 1599//1599 1596//1596 1547//1547
f 1600//1600 1578//1578 1598//1598
f 1504//1504 1578//1578 1601//1601
f 1602//1602 1603//1603 1504//1504
f 1603//1603 1604//1604 1605//1605
f 1579//1579 1584//1584 1580//1580
f 1579//1579 1552//1552 1584//1584
f 1581//1581 1584//1584 1552//1552
f 1541//1541 1568//1568 1558//1558
f 1557//1557 1583//1583 1582//1582
f 1606//1606 1582//1582 1583//1583
f 1607//1607 1585//1585 1584//1584
f 1608//1608 1539//1539 1585//1585
f 1586//1586 1570//1570 1544//1544
f 1587//1587 1609//1609 1560//1560
f 1586//1586 1560//1560 1609//1609
f 1587//1587 1537//1537 1610//1610
f 1590//1590 1562//1562 1565//1565
f 1588//1588 1611//1611 1589//1589
f 1612//1612 1589//1589 1611//1611
f 1592//1592 1591//1591 1609//1609
f 1575//1575 1527//1527 1605//1605
f 1575//1575 1605//1605 1573//1573
f 1599//1599 1597//1597 1596//1596
f 1600//1600 1613//1613 1614//1614
f 1597//1597 1613//1613 1598//1598
f 1600//1600 1598//1598 1613//1613
f 1599//1599 1547//1547 1577//1577
f 1578//1578 1600//1600 1601//1601
f 1614//1614 1601//1601 1600//1600
f 1615//1615 1605//1605 1604//1604
f 1573//1573 1605//1605 1616//1616
f 1584//1584 1581//1581 1607//1607
f 1581//1581 1582//1582 1617//1617
f 1606//1606 1617//1617 1582//1582
f 1568//1568 1606//1606 1583//1583
f 1618//1618 1608//1608 1585//1585
f 1607//1607 1618//1618 1585//1585
f 1619//1619 1592//1592 1609//1609
f 1589//1589 1612//1612 1537//1537
f 1576//1576 1620//1620 1595//1595
f 1621//1621 1577//1577 1622//1622
f 1621//1621 1623//1623 1599//1599
f 1624//1624 1625//1625 1602//1602
f 1615//1615 1604//1604 1626//1626
f 1615//1615 1616//1616 1605//1605
f 1610//1610 1627//1627 1587//1587
f 1609//1609 1587//1587 1627//1627
f 1628//1628 1629//1629 1611//1611
f 1630//1630 1631//1631 1592//1592
f 1632//1632 1631//1631 1630//1630
f 1630//1630 1592//1592 1619//1619
f 1576//1576 1594//1594 1620//1620
f 1623//1623 1633//1633 1599//1599
f 1634//1634 1621//1621 1635//1635
f 1626//1626 1602//1602 1636//1636
f 1604//1604 1602//1602 1626//1626
f 1615//1615 1626//1626 1616//1616
f 1637//1637 1616//1616 1626//1626
f 1618//1618 1617//1617 1606//1606
f 1618//1618 1606//1606 1608//1608
f 1619//1619 1638//1638 1639//1639
f 1640//1640 1627//1627 1610//1610
f 1640//1640 1610//1610 1641//1641
f 1610//1610 1642//1642 1641//1641
f 1594//1594 1643//1643 1620//1620
f 1594//1594 1631//1631 1643//1643
f 1644//1644 1620//1620 1645//1645
f 1621//1621 1622//1622 1635//1635
f 1633//1633 1614//1614 1613//1613
f 1624//1624 1646//1646 1625//1625
f 1647//1647 1639//1639 1638//1638
f 1648//1648 1627//1627 1640//1640
f 1611//1611 1588//1588 1628//1628
f 1643//1643 1649//1649 1620//1620
f 1620//1620 1649//1649 1645//1645
f 1622//1622 1644//1644 1650//1650
f 1635//1635 1622//1622 1650//1650
f 1648//1648 1640//1640 1651//1651
f 1628//1628 1588//1588 1629//1629
f 1632//1632 1643//1643 1631//1631
f 1650//1650 1644//1644 1652//1652
f 1653//1653 1633//1633 1654//1654
f 1655//1655 1639//1639 1647//1647
f 1655//1655 1647//1647 1648//1648
f 1656//1656 1648//1648 1651//1651
f 1657//1657 1649//1649 1643//1643
f 1636//1636 1625//1625 1646//1646
f 1637//1637 1626//1626 1636//1636
f 1639//1639 1658//1658 1659//1659
f 1656//1656 1651//1651 1660//1660
f 1661//1661 1633//1633 1653//1653
f 1662//1662 1632//1632 1659//1659
f 1662//1662 1659//1659 1658//1658
f 1656//1656 1660//1660 1663//1663
f 1656//1656 1663//1663 1664//1664
f 1665//1665 1661//1661 1653//1653
f 1632//1632 1666//1666 1657//1657
f 1662//1662 1666//1666 1632//1632
f 1667//1667 1668//1668 1669//1669
f 1665//1665 1614//1614 1661//1661
f 1665//1665 1646//1646 1614//1614
f 1636//1636 1646//1646 1670//1670
f 1671//1671 1636//1636 1670//1670
f 1672//1672 1657//1657 1666//1666
f 1663//1663 1660//1660 1669//1669
f 1673//1673 1666//1666 1662//1662
f 1662//1662 1658//1658 1674//1674
f 1664//1664 1663//1663 1675//1675
f 1664//1664 1675//1675 1676//1676
f 1677//1677 1663//1663 1669//1669
f 1674//1674 1673//1673 1662//1662
f 1658//1658 1664//1664 1676//1676
f 1658//1658 1676//1676 1674//1674
f 1670//1670 1646//1646 1665//1665
f 1675//1675 1663//1663 1677//1677
f 1675//1675 1677//1677 1676//1676
f 1677//1677 1669//1669 1668//1668
f 954//954 1080//1080 898//898
f 533//533 480//480 534//534
f 533//533 478//478 480//480
f 734//734 731//731 663//663
f 623//623 682//682 622//622
f 822//822 950//950 1076//1076
f 1012//1012 1076//1076 950//950
f 515//515 440//440 513//513
f 689//689 513//513 440//440
f 92//92 82//82 151//151
f 1111//1111 1110//1110 1195//1195
f 1125//1125 1195//1195 1110//1110
f 877//877 745//745 941//941
f 917//917 1030//1030 988//988
f 855//855 713//713 717//717
f 914//914 970//970 972//972
f 359//359 472//472 360//360
f 527//527 650//650 592//592
f 719//719 592//592 650//650
f 641//641 838//838 699//699
f 781//781 699//699 838//838
f 113//113 154//154 179//179
f 1678//1678 1258//1258 1226//1226
f 493//493 1679//1679 545//545
f 56//56 23//23 1680//1680
f 722//722 798//798 857//857
f 1182//1182 1139//1139 1184//1184
f 1603//1603 1602//1602 1604//1604
f 633//633 560//560 765//765
f 1495//1495 1571//1571 1522//1522
f 1029//1029 917//917 915//915
f 1571//1571 1495//1495 1527//1527
f 144//144 146//146 145//145
f 242//242 208//208 281//281
f 317//317 281//281 208//208
f 146//146 147//147 310//310
f 1352//1352 1383//1383 1427//1427
f 1681//1681 1427//1427 1383//1383
f 240//240 271//271 208//208
f 317//317 208//208 271//271
f 299//299 446//446 300//300
f 390//390 300//300 446//446
f 82//82 83//83 123//123
f 931//931 857//857 930//930
f 529//529 1682//1682 476//476
f 1033//1033 1683//1683 1034//1034
f 1233//1233 1034//1034 1683//1683
f 1553//1553 1582//1582 1581//1581
f 1682//1682 529//529 576//576
f 21//21 38//38 20//20
f 1634//1634 1623//1623 1621//1621
f 698//698 908//908 778//778
f 779//779 778//778 908//908
f 578//578 580//580 645//645
f 1684//1684 737//737 742//742
f 1684//1684 610//610 737//737
f 721//721 592//592 722//722
f 592//592 719//719 722//722
f 798//798 722//722 719//719
f 634//634 564//564 770//770
f 635//635 770//770 564//564
f 683//683 759//759 636//636
f 635//635 636//636 1685//1685
f 336//336 433//433 289//289
f 289//289 433//433 335//335
f 428//428 335//335 433//433
f 461//461 463//463 585//585
f 144//144 69//69 87//87
f 798//798 856//856 857//857
f 897//897 895//895 954//954
f 1269//1269 1276//1276 1232//1232
f 1234//1234 1232//1232 1276//1276
f 640//640 519//519 448//448
f 1201//1201 1151//1151 1150//1150
f 991//991 992//992 934//934
f 1049//1049 934//934 992//992
f 455//455 574//574 577//577
f 621//621 553//553 1686//1686
f 889//889 1008//1008 890//890
f 1009//1009 890//890 1008//1008
f 580//580 577//577 645//645
f 623//623 621//621 681//681
f 742//742 681//681 621//621
f 1124//1124 1121//1121 1212//1212
f 342//342 379//379 340//340
f 703//703 697//697 590//590
f 1399//1399 1435//1435 1400//1400
f 1112//1112 1196//1196 1146//1146
f 1075//1075 1119//1119 1011//1011
f 1075//1075 1010//1010 1119//1119
f 1017//1017 968//968 837//837
f 18//18 86//86 52//52
f 53//53 52//52 86//86
f 1602//1602 1625//1625 1636//1636
f 118//118 135//135 97//97
f 94//94 135//135 95//95
f 118//118 95//95 135//135
f 1365//1365 1403//1403 1435//1435
f 1435//1435 1399//1399 1365//1365
f 282//282 361//361 280//280
f 372//372 280//280 361//361
f 216//216 215//215 250//250
f 1687//1687 657//657 750//750
f 798//798 718//718 851//851
f 929//929 986//986 977//977
f 958//958 903//903 906//906
f 958//958 959//959 903//903
f 469//469 458//458 467//467
f 943//943 1688//1688 1004//1004
f 740//740 541//541 487//487
f 729//729 659//659 861//861
f 803//803 861//861 659//659
f 1435//1435 1437//1437 1474//1474
f 1435//1435 1403//1403 1437//1437
f 1308//1308 1305//1305 1307//1307
f 1250//1250 1249//1249 1305//1305
f 1353//1353 1305//1305 1249//1249
f 336//336 503//503 433//433
f 505//505 433//433 503//503
f 73//73 110//110 1689//1689
f 77//77 1689//1689 110//110
f 1174//1174 1176//1176 1258//1258
f 1258//1258 1678//1678 1174//1174
f 1690//1690 1003//1003 951//951
f 131//131 171//171 170//170
f 238//238 170//170 171//171
f 1691//1691 434//434 505//505
f 1135//1135 1172//1172 1169//1169
f 1224//1224 1169//1169 1172//1172
f 606//606 660//660 732//732
f 766//766 825//825 630//630
f 11//11 19//19 1692//1692
f 593//593 576//576 579//579
f 944//944 945//945 1071//1071
f 1047//1047 1073//1073 945//945
f 1047//1047 1074//1074 1073//1073
f 1046//1046 1051//1051 1074//1074
f 439//439 1693//1693 557//557
f 1147//1147 1289//1289 1286//1286
f 271//271 207//207 237//237
f 33//33 32//32 49//49
f 501//501 332//332 376//376
f 1379//1379 1326//1326 1378//1378
f 699//699 782//782 700//700
f 105//105 104//104 122//122
f 195//195 122//122 104//104
f 927//927 929//929 977//977
f 1694//1694 442//442 382//382
f 1694//1694 381//381 1695//1695
f 1002//1002 1696//1696 1064//1064
f 1695//1695 442//442 1694//1694
f 1697//1697 1695//1695 381//381
f 1697//1697 442//442 1695//1695
f 694//694 838//838 695//695
f 484//484 421//421 482//482
f 1478//1478 1414//1414 1451//1451
f 814//814 887//887 885//885
f 814//814 813//813 887//887
f 900//900 899//899 955//955
f 384//384 388//388 267//267
f 374//374 427//427 291//291
f 1698//1698 291//291 427//427
f 978//978 1034//1034 1032//1032
f 978//978 1035//1035 1034//1034
f 711//711 709//709 708//708
f 1450//1450 1478//1478 1536//1536
f 80//80 102//102 103//103
f 1267//1267 1268//1268 1275//1275
f 1080//1080 1130//1130 1081//1081
f 1129//1129 1081//1081 1130//1130
f 1699//1699 678//678 680//680
f 1170//1170 1363//1363 1229//1229
f 1186//1186 1229//1229 1237//1237
f 1363//1363 1237//1237 1229//1229
f 1700//1700 226//226 292//292
f 340//340 226//226 1700//1700
f 972//972 1092//1092 1090//1090
f 1508//1508 1530//1530 1532//1532
f 1397//1397 1364//1364 1398//1398
f 1185//1185 1182//1182 1184//1184
f 946//946 1025//1025 1007//1007
f 1657//1657 1643//1643 1632//1632
f 1260//1260 1091//1091 1228//1228
f 1701//1701 1084//1084 1016//1016
f 1701//1701 1020//1020 1084//1084
f 512//512 440//440 515//515
f 512//512 438//438 440//440
f 669//669 616//616 670//670
f 669//669 544//544 616//616
f 417//417 364//364 418//418
f 390//390 451//451 389//389
f 390//390 517//517 451//451
f 856//856 921//921 1096//1096
f 797//797 796//796 927//927
f 802//802 927//927 796//796
f 1219//1219 1251//1251 1218//1218
f 1219//1219 1161//1161 1251//1251
f 1006//1006 1068//1068 1117//1117
f 536//536 538//538 1702//1702
f 1499//1499 1523//1523 1574//1574
f 1575//1575 1574//1574 1523//1523
f 413//413 313//313 315//315
f 1414//1414 1374//1374 1415//1415
f 407//407 463//463 406//406
f 461//461 406//406 463//463
f 194//194 261//261 260//260
f 127//127 145//145 202//202
f 137//137 1703//1703 1704//1704
f 1705//1705 1704//1704 1703//1703
f 495//495 363//363 1706//1706
f 1706//1706 550//550 495//495
f 1706//1706 549//549 550//550
f 1211//1211 1294//1294 1156//1156
f 1112//1112 1056//1056 1113//1113
f 261//261 194//194 226//226
f 378//378 441//441 342//342
f 378//378 337//337 441//441
f 1532//1532 1554//1554 1550//1550
f 1551//1551 1550//1550 1554//1554
f 1000//1000 995//995 997//997
f 1455//1455 1485//1485 1542//1542
f 1344//1344 1343//1343 1290//1290
f 1093//1093 974//974 1031//1031
f 1125//1125 1157//1157 1242//1242
f 320//320 364//364 417//417
f 601//601 1707//1707 1708//1708
f 1324//1324 1277//1277 1322//1322
f 1326//1326 1322//1322 1277//1277
f 1709//1709 1710//1710 245//245
f 1710//1710 273//273 1711//1711
f 1555//1555 1541//1541 1558//1558
f 1542//1542 1541//1541 1555//1555
f 482//482 602//602 540//540
f 539//539 540//540 602//602
f 1353//1353 1249//1249 1427//1427
f 1352//1352 1427//1427 1249//1249
f 463//463 464//464 585//585
f 586//586 585//585 464//464
f 1284//1284 1331//1331 1376//1376
f 1712//1712 824//824 761//761
f 1712//1712 763//763 824//824
f 543//543 661//661 664//664
f 1236//1236 1369//1369 1368//1368
f 1367//1367 1368//1368 1369//1369
f 1510//1510 1580//1580 1533//1533
f 1584//1584 1533//1533 1580//1580
f 434//434 1691//1691 500//500
f 562//562 500//500 1691//1691
f 1026//1026 1093//1093 1088//1088
f 1135//1135 1088//1088 1093//1093
f 1290//1290 1204//1204 1344//1344
f 823//823 994//994 1690//1690
f 1003//1003 1690//1690 994//994
f 1215//1215 1252//1252 1216//1216
f 347//347 236//236 356//356
f 1713//1713 116//116 156//156
f 728//728 863//863 752//752
f 112//112 133//133 153//153
f 1187//1187 1188//1188 1209//1209
f 1412//1412 1535//1535 1449//1449
f 142//142 162//162 161//161
f 1131//1131 1132//1132 1220//1220
f 990//990 934//934 945//945
f 990//990 862//862 934//934
f 1653//1653 1714//1714 1665//1665
f 1484//1484 1463//1463 1462//1462
f 1715//1715 471//471 477//477
f 162//162 142//142 198//198
f 1503//1503 1469//1469 1526//1526
f 1524//1524 1526//1526 1469//1469
f 1209//1209 1280//1280 1279//1279
f 1534//1534 1537//1537 1587//1587
f 1118//1118 1187//1187 1070//1070
f 1310//1310 1389//1389 1393//1393
f 934//934 1049//1049 945//945
f 1046//1046 945//945 1049//1049
f 1569//1569 1520//1520 1543//1543
f 39//39 89//89 58//58
f 27//27 15//15 32//32
f 563//563 559//559 561//561
f 563//563 504//504 559//559
f 1425//1425 1495//1495 1496//1496
f 710//710 794//794 793//793
f 1085//1085 1217//1217 1166//1166
f 1223//1223 1166//1166 1217//1217
f 1716//1716 1207//1207 1201//1201
f 1046//1046 1049//1049 1051//1051
f 1480//1480 1482//1482 1479//1479
f 403//403 402//402 468//468
f 1609//1609 1638//1638 1619//1619
f 1325//1325 1285//1285 1378//1378
f 1325//1325 1277//1277 1285//1285
f 1209//1209 1279//1279 1208//1208
f 1245//1245 1208//1208 1279//1279
f 995//995 1145//1145 994//994
f 111//111 57//57 59//59
f 1315//1315 1320//1320 1266//1266
f 1315//1315 1318//1318 1320//1320
f 598//598 656//656 599//599
f 444//444 382//382 443//443
f 252//252 221//221 217//217
f 1122//1122 1121//1121 1124//1124
f 848//848 989//989 803//803
f 861//861 803//803 989//989
f 1089//1089 1169//1169 1167//1167
f 1411//1411 1446//1446 1372//1372
f 110//110 132//132 173//173
f 409//409 408//408 407//407
f 463//463 407//407 408//408
f 1236//1236 1235//1235 1182//1182
f 1717//1717 1637//1637 1636//1636
f 1213//1213 1718//1718 1248//1248
f 1348//1348 1248//1248 1718//1718
f 219//219 186//186 159//159
f 159//159 220//220 219//219
f 386//386 385//385 516//516
f 447//447 516//516 385//385
f 1673//1673 1672//1672 1666//1666
f 585//585 586//586 708//708
f 587//587 708//708 586//586
f 123//123 124//124 163//163
f 161//161 163//163 124//124
f 892//892 950//950 822//822
f 1082//1082 960//960 957//957
f 1451//1451 1414//1414 1415//1415
f 87//87 147//147 146//146
f 235//235 311//311 310//310
f 309//309 310//310 311//311
f 878//878 748//748 879//879
f 882//882 879//879 748//748
f 1397//1397 1471//1471 1313//1313
f 1271//1271 1276//1276 1319//1319
f 120//120 190//190 160//160
f 275//275 323//323 249//249
f 275//275 1711//1711 323//323
f 1711//1711 275//275 1710//1710
f 1430//1430 1468//1468 1547//1547
f 929//929 933//933 986//986
f 1052//1052 1104//1104 1102//1102
f 1679//1679 1719//1719 1720//1720
f 1679//1679 493//493 1719//1719
f 626//626 762//762 624//624
f 657//657 1720//1720 597//597
f 1721//1721 597//597 1720//1720
f 678//678 1699//1699 676//676
f 381//381 296//296 379//379
f 1066//1066 1067//1067 1061//1061
f 1151//1151 1061//1061 1067//1067
f 172//172 163//163 214//214
f 200//200 214//214 163//163
f 255//255 334//334 225//225
f 273//273 367//367 1711//1711
f 323//323 1711//1711 367//367
f 1004//1004 1688//1688 1152//1152
f 1117//1117 1152//1152 1688//1688
f 1713//1713 136//136 135//135
f 1279//1279 1280//1280 1278//1278
f 1372//1372 1278//1278 1280//1280
f 232//232 205//205 304//304
f 68//68 85//85 16//16
f 562//562 1691//1691 563//563
f 363//363 478//478 364//364
f 155//155 1722//1722 136//136
f 1116//1116 1061//1061 1151//1151
f 899//899 898//898 955//955
f 1080//1080 955//955 898//898
f 1450//1450 1536//1536 1412//1412
f 1535//1535 1412//1412 1536//1536
f 753//753 815//815 813//813
f 944//944 813//813 815//815
f 658//658 729//729 599//599
f 658//658 659//659 729//729
f 82//82 123//123 151//151
f 577//577 580//580 576//576
f 579//579 576//576 580//580
f 1270//1270 1273//1273 1275//1275
f 1234//1234 1271//1271 1270//1270
f 1273//1273 1270//1270 1271//1271
f 871//871 736//736 940//940
f 930//930 978//978 931//931
f 1409//1409 1337//1337 1329//1329
f 1445//1445 1421//1421 1337//1337
f 787//787 721//721 800//800
f 1076//1076 1121//1121 1122//1122
f 1076//1076 1011//1011 1121//1121
f 245//245 180//180 177//177
f 688//688 687//687 632//632
f 1512//1512 1454//1454 1514//1514
f 915//915 913//913 1029//1029
f 189//189 255//255 225//225
f 123//123 172//172 151//151
f 1242//1242 1295//1295 1285//1285
f 1378//1378 1285//1285 1295//1295
f 792//792 852//852 922//922
f 854//854 922//922 920//920
f 602//602 482//482 365//365
f 111//111 59//59 114//114
f 171//171 209//209 272//272
f 322//322 1723//1723 209//209
f 998//998 1057//1057 999//999
f 856//856 1096//1096 930//930
f 978//978 930//930 1096//1096
f 1350//1350 1463//1463 1351//1351
f 1484//1484 1351//1351 1463//1463
f 34//34 33//33 60//60
f 983//983 799//799 1043//1043
f 981//981 1043//1043 799//799
f 132//132 74//74 152//152
f 1639//1639 1655//1655 1658//1658
f 1014//1014 1127//1127 1022//1022
f 693//693 637//637 692//692
f 692//692 637//637 690//690
f 1378//1378 1326//1326 1325//1325
f 347//347 357//357 399//399
f 1114//1114 1013//1013 952//952
f 1058//1058 994//994 1059//1059
f 1058//1058 1003//1003 994//994
f 551//551 674//674 676//676
f 689//689 690//690 513//513
f 565//565 513//513 690//690
f 1093//1093 1094//1094 1135//1135
f 774//774 816//816 777//777
f 44//44 43//43 1689//1689
f 1265//1265 1311//1311 1258//1258
f 458//458 399//399 467//467
f 1421//1421 1448//1448 1458//1458
f 1706//1706 1724//1724 549//549
f 505//505 504//504 1691//1691
f 563//563 1691//1691 504//504
f 592//592 721//721 591//591
f 1577//1577 1621//1621 1599//1599
f 193//193 195//195 160//160
f 392//392 1725//1725 358//358
f 392//392 393//393 454//454
f 697//697 642//642 590//590
f 489//489 667//667 614//614
f 212//212 276//276 246//246
f 1483//1483 1455//1455 1509//1509
f 1542//1542 1509//1509 1455//1455
f 688//688 690//690 689//689
f 1117//1117 1070//1070 1152//1152
f 1298//1298 1726//1726 1727//1727
f 596//596 595//595 716//716
f 1712//1712 762//762 763//763
f 1716//1716 1201//1201 1150//1150
f 454//454 1725//1725 392//392
f 454//454 453//453 1725//1725
f 1686//1686 742//742 621//621
f 666//666 1686//1686 553//553
f 666//666 742//742 1686//1686
f 477//477 1728//1728 1729//1729
f 537//537 419//419 535//535
f 302//302 394//394 303//303
f 303//303 394//394 345//345
f 156//156 155//155 1713//1713
f 136//136 1713//1713 155//155
f 1185//1185 1183//1183 1324//1324
f 1277//1277 1324//1324 1183//1183
f 291//291 1698//1698 339//339
f 1021//1021 1023//1023 1158//1158
f 1022//1022 1158//1158 1023//1023
f 1158//1158 1127//1127 1214//1214
f 1021//1021 1158//1158 1163//1163
f 1165//1165 1163//1163 1158//1158
f 1730//1730 414//414 471//471
f 96//96 137//137 138//138
f 1704//1704 138//138 137//137
f 19//19 40//40 72//72
f 297//297 296//296 382//382
f 1070//1070 1731//1731 1152//1152
f 1207//1207 1152//1152 1731//1731
f 1020//1020 1019//1019 1084//1084
f 1019//1019 1083//1083 1162//1162
f 610//610 1684//1684 666//666
f 742//742 666//666 1684//1684
f 293//293 263//263 296//296
f 232//232 266//266 166//166
f 537//537 536//536 492//492
f 1635//1635 1654//1654 1634//1634
f 473//473 1732//1732 474//474
f 418//418 479//479 473//473
f 1732//1732 473//473 479//479
f 1733//1733 1036//1036 1098//1098
f 1609//1609 1627//1627 1638//1638
f 1391//1391 1501//1501 1467//1467
f 1505//1505 1467//1467 1501//1501
f 744//744 738//738 613//613
f 1150//1150 1152//1152 1716//1716
f 1207//1207 1716//1716 1152//1152
f 173//173 116//116 110//110
f 1250//1250 1305//1305 1256//1256
f 1309//1309 1132//1132 1308//1308
f 1482//1482 1562//1562 1734//1734
f 1735//1735 1734//1734 1562//1562
f 1734//1734 1735//1735 1538//1538
f 1708//1708 680//680 725//725
f 1497//1497 1523//1523 1461//1461
f 509//509 631//631 687//687
f 1478//1478 1511//1511 1536//1536
f 1534//1534 1536//1536 1511//1511
f 175//175 177//177 173//173
f 1432//1432 1475//1475 1470//1470
f 1528//1528 1470//1470 1475//1475
f 885//885 751//751 814//814
f 753//753 814//814 751//751
f 1736//1736 1708//1708 725//725
f 245//245 273//273 1709//1709
f 149//149 134//134 90//90
f 601//601 494//494 552//552
f 552//552 1707//1707 601//601
f 552//552 495//495 1707//1707
f 1737//1737 1699//1699 1707//1707
f 1737//1737 676//676 1699//1699
f 550//550 1737//1737 495//495
f 1707//1707 495//495 1737//1737
f 558//558 556//556 1738//1738
f 556//556 628//628 1738//1738
f 766//766 1738//1738 628//628
f 1292//1292 1424//1424 1293//1293
f 801//801 847//847 846//846
f 331//331 430//430 431//431
f 811//811 877//877 738//738
f 811//811 745//745 877//877
f 960//960 1083//1083 1018//1018
f 1019//1019 1018//1018 1083//1083
f 944//944 1068//1068 888//888
f 1006//1006 888//888 1068//1068
f 107//107 51//51 70//70
f 332//332 501//501 432//432
f 1410//1410 1448//1448 1739//1739
f 1421//1421 1739//1739 1448//1448
f 1708//1708 600//600 601//601
f 600//600 1708//1708 1736//1736
f 1473//1473 1550//1550 1436//1436
f 1475//1475 1436//1436 1550//1550
f 274//274 485//485 481//481
f 604//604 481//481 485//485
f 464//464 412//412 586//586
f 1236//1236 1182//1182 1369//1369
f 1146//1146 1196//1196 1147//1147
f 1431//1431 1357//1357 1392//1392
f 1046//1046 1074//1074 1047//1047
f 1740//1740 671//671 619//619
f 618//618 671//671 617//617
f 568//568 639//639 618//618
f 671//671 618//618 639//639
f 1740//1740 617//617 671//671
f 619//619 546//546 548//548
f 548//548 547//547 617//617
f 463//463 408//408 412//412
f 410//410 412//412 408//408
f 545//545 1687//1687 616//616
f 747//747 616//616 1687//1687
f 750//750 747//747 1687//1687
f 885//885 747//747 749//749
f 750//750 749//749 747//747
f 962//962 1023//1023 1021//1021
f 55//55 88//88 87//87
f 816//816 756//756 777//777
f 1445//1445 1337//1337 1409//1409
f 1421//1421 1445//1445 1739//1739
f 1492//1492 1458//1458 1491//1491
f 372//372 1741//1741 490//490
f 491//491 490//490 1741//1741
f 128//128 127//127 129//129
f 202//202 129//129 127//127
f 554//554 623//623 510//510
f 621//621 623//623 498//498
f 554//554 498//498 623//623
f 1476//1476 1508//1508 1441//1441
f 424//424 425//425 612//612
f 424//424 370//370 425//425
f 1094//1094 1136//1136 1173//1173
f 1175//1175 1173//1173 1136//1136
f 1742//1742 1578//1578 1501//1501
f 1231//1231 1267//1267 1263//1263
f 1267//1267 1275//1275 1318//1318
f 1070//1070 1187//1187 1731//1731
f 316//316 1743//1743 317//317
f 125//125 201//201 229//229
f 840//840 911//911 909//909
f 971//971 909//909 911//911
f 116//116 1713//1713 94//94
f 135//135 94//94 1713//1713
f 154//154 242//242 248//248
f 279//279 248//248 242//242
f 137//137 100//100 1703//1703
f 507//507 436//436 1744//1744
f 1744//1744 436//436 511//511
f 237//237 206//206 1745//1745
f 381//381 380//380 1697//1697
f 226//226 340//340 261//261
f 263//263 261//261 340//340
f 569//569 641//641 575//575
f 125//125 229//229 106//106
f 143//143 106//106 229//229
f 1105//1105 1144//1144 1190//1190
f 1192//1192 1190//1190 1144//1144
f 972//972 1134//1134 1092//1092
f 1133//1133 1092//1092 1134//1134
f 507//507 1744//1744 559//559
f 560//560 559//559 1744//1744
f 1702//1702 598//598 597//597
f 597//597 1721//1721 1702//1702
f 1721//1721 1720//1720 1719//1719
f 1698//1698 427//427 499//499
f 496//496 499//499 427//427
f 1347//1347 1486//1486 1383//1383
f 1681//1681 1383//1383 1486//1486
f 837//837 968//968 836//836
f 967//967 836//836 968//968
f 1155//1155 1078//1078 1123//1123
f 732//732 866//866 661//661
f 809//809 661//661 866//866
f 380//380 512//512 1697//1697
f 515//515 1697//1697 512//512
f 522//522 571//571 521//521
f 1706//1706 363//363 1724//1724
f 210//210 246//246 176//176
f 244//244 176//176 246//246
f 741//741 874//874 873//873
f 873//873 740//740 741//741
f 1655//1655 1664//1664 1658//1658
f 1715//1715 477//477 319//319
f 365//365 482//482 368//368
f 420//420 368//368 482//482
f 1033//1033 1098//1098 1683//1683
f 1099//1099 1683//1683 1098//1098
f 1506//1506 1603//1603 1527//1527
f 1605//1605 1527//1527 1603//1603
f 1746//1746 543//543 542//542
f 1746//1746 539//539 543//543
f 1704//1704 1705//1705 138//138
f 1258//1258 1176//1176 1265//1265
f 1264//1264 1265//1265 1176//1176
f 835//835 964//964 833//833
f 835//835 894//894 964//964
f 834//834 894//894 835//835
f 834//834 773//773 894//894
f 256//256 288//288 253//253
f 523//523 584//584 468//468
f 523//523 460//460 581//581
f 584//584 523//523 581//581
f 1454//1454 1480//1480 1416//1416
f 215//215 245//245 275//275
f 1710//1710 275//275 245//245
f 1164//1164 1250//1250 1165//1165
f 1256//1256 1165//1165 1250//1250
f 1671//1671 1717//1717 1636//1636
f 599//599 728//728 657//657
f 752//752 657//657 728//728
f 440//440 509//509 689//689
f 687//687 689//689 509//509
f 284//284 374//374 252//252
f 291//291 252//252 374//374
f 1324//1324 1323//1323 1185//1185
f 1182//1182 1185//1185 1323//1323
f 1406//1406 1370//1370 1369//1369
f 1406//1406 1371//1371 1370//1370
f 1572//1572 1575//1575 1523//1523
f 1522//1522 1572//1572 1497//1497
f 1523//1523 1497//1497 1572//1572
f 1575//1575 1572//1572 1527//1527
f 1571//1571 1527//1527 1572//1572
f 445//445 547//547 383//383
f 119//119 136//136 139//139
f 1747//1747 139//139 136//136
f 822//822 1076//1076 1077//1077
f 229//229 388//388 230//230
f 299//299 230//230 388//388
f 487//487 612//612 740//740
f 487//487 424//424 612//612
f 1740//1740 619//619 617//617
f 548//548 617//617 619//619
f 1719//1719 536//536 1721//1721
f 1702//1702 1721//1721 536//536
f 1644//1644 1645//1645 1652//1652
f 612//612 738//738 740//740
f 139//139 1747//1747 140//140
f 181//181 140//140 136//136
f 825//825 827//827 630//630
f 825//825 685//685 1748//1748
f 1217//1217 1162//1162 1219//1219
f 354//354 307//307 308//308
f 346//346 1749//1749 391//391
f 465//465 466//466 412//412
f 1116//1116 1202//1202 1203//1203
f 217//217 221//221 141//141
f 191//191 141//141 221//221
f 192//192 191//191 220//220
f 1009//1009 891//891 890//890
f 947//947 890//890 891//891
f 1728//1728 1682//1682 535//535
f 1750//1750 535//535 1682//1682
f 1665//1665 1714//1714 1670//1670
f 1747//1747 136//136 140//140
f 713//713 925//925 924//924
f 347//347 399//399 398//398
f 456//456 458//458 522//522
f 1616//1616 1637//1637 1573//1573
f 1486//1486 1519//1519 1681//1681
f 1493//1493 1681//1681 1519//1519
f 1387//1387 1354//1354 1301//1301
f 660//660 865//865 732//732
f 866//866 732//732 865//865
f 1338//1338 1337//1337 1419//1419
f 1423//1423 1419//1419 1337//1337
f 1743//1743 316//316 1730//1730
f 414//414 1730//1730 316//316
f 1751//1751 483//483 1746//1746
f 539//539 1746//1746 483//483
f 1751//1751 1746//1746 542//542
f 426//426 1751//1751 497//497
f 542//542 497//497 1751//1751
f 924//924 926//926 975//975
f 1036//1036 975//975 926//926
f 397//397 456//456 396//396
f 397//397 305//305 456//456
f 1193//1193 1282//1282 1241//1241
f 1284//1284 1241//1241 1282//1282
f 225//225 334//334 292//292
f 338//338 292//292 334//334
f 1630//1630 1659//1659 1632//1632
f 567//567 693//693 638//638
f 1752//1752 847//847 723//723
f 801//801 723//723 847//847
f 965//965 1753//1753 962//962
f 965//965 964//964 1753//1753
f 600//600 1736//1736 654//654
f 724//724 654//654 1736//1736
f 405//405 351//351 353//353
f 638//638 672//672 639//639
f 863//863 728//728 806//806
f 833//833 965//965 832//832
f 962//962 832//832 965//965
f 307//307 353//353 269//269
f 351//351 269//269 353//353
f 1420//1420 1422//1422 1491//1491
f 1492//1492 1491//1491 1422//1422
f 1402//1402 1435//1435 1474//1474
f 526//526 458//458 469//469
f 9//9 52//52 16//16
f 51//51 16//16 52//52
f 272//272 209//209 1723//1723
f 1486//1486 1487//1487 1519//1519
f 1488//1488 1519//1519 1487//1487
f 819//819 1754//1754 818//818
f 1060//1060 1062//1062 1696//1696
f 1064//1064 1696//1696 1062//1062
f 377//377 292//292 338//338
f 377//377 337//337 292//292
f 1143//1143 1184//1184 1139//1139
f 1143//1143 1111//1111 1184//1184
f 190//190 120//120 185//185
f 1715//1715 1743//1743 471//471
f 1730//1730 471//471 1743//1743
f 746//746 878//878 745//745
f 746//746 670//670 878//878
f 1236//1236 1368//1368 1276//1276
f 1319//1319 1276//1276 1368//1368
f 1100//1100 1099//1099 1037//1037
f 413//413 411//411 313//313
f 378//378 342//342 292//292
f 341//341 292//292 342//342
f 1343//1343 1346//1346 1290//1290
f 1336//1336 1290//1290 1346//1346
f 1190//1190 1240//1240 1189//1189
f 993//993 1054//1054 935//935
f 784//784 916//916 849//849
f 915//915 849//849 916//916
f 1607//1607 1581//1581 1618//1618
f 1617//1617 1618//1618 1581//1581
f 988//988 1107//1107 936//936
f 1054//1054 936//936 1107//1107
f 1449//1449 1559//1559 1490//1490
f 1544//1544 1490//1490 1559//1559
f 453//453 470//470 1725//1725
f 468//468 584//584 469//469
f 525//525 469//469 584//584
f 441//441 432//432 439//439
f 1755//1755 1693//1693 439//439
f 65//65 81//81 66//66
f 105//105 66//66 81//81
f 1756//1756 967//967 966//966
f 352//352 404//404 348//348
f 459//459 348//348 404//404
f 514//514 443//443 515//515
f 1479//1479 1482//1482 1538//1538
f 1734//1734 1538//1538 1482//1482
f 938//938 1079//1079 937//937
f 1045//1045 937//937 1079//1079
f 308//308 409//409 354//354
f 353//353 354//354 409//409
f 1437//1437 1507//1507 1474//1474
f 1473//1473 1474//1474 1507//1507
f 532//532 474//474 479//479
f 1732//1732 479//479 474//474
f 672//672 777//777 673//673
f 756//756 673//673 777//777
f 222//222 221//221 259//259
f 222//222 220//220 221//221
f 1426//1426 1350//1350 1348//1348
f 1180//1180 1181//1181 1269//1269
f 1450//1450 1375//1375 1414//1414
f 870//870 823//823 681//681
f 870//870 871//871 823//823
f 60//60 33//33 67//67
f 1749//1749 450//450 391//391
f 393//393 391//391 450//450
f 1515//1515 1533//1533 1539//1539
f 1584//1584 1539//1539 1533//1533
f 708//708 794//794 711//711
f 710//710 711//711 794//794
f 499//499 511//511 1698//1698
f 436//436 1698//1698 511//511
f 613//613 738//738 611//611
f 411//411 413//413 466//466
f 360//360 466//466 413//413
f 1460//1460 1459//1459 1461//1461
f 1757//1757 705//705 583//583
f 1369//1369 1182//1182 1406//1406
f 1323//1323 1406//1406 1182//1182
f 968//968 1017//1017 966//966
f 1024//1024 966//966 1017//1017
f 679//679 891//891 892//892
f 1655//1655 1648//1648 1664//1664
f 1656//1656 1664//1664 1648//1648
f 362//362 419//419 318//318
f 1283//1283 1327//1327 1377//1377
f 1433//1433 1377//1377 1327//1327
f 522//522 458//458 642//642
f 528//528 642//642 458//458
f 309//309 355//355 308//308
f 409//409 308//308 355//355
f 1144//1144 1105//1105 1109//1109
f 1106//1106 1109//1109 1105//1105
f 72//72 73//73 43//43
f 1689//1689 43//43 73//73
f 492//492 536//536 493//493
f 1719//1719 493//493 536//536
f 313//313 411//411 312//312
f 410//410 312//312 411//411
f 85//85 35//35 16//16
f 104//104 121//121 195//195
f 160//160 195//195 121//121
f 116//116 173//173 156//156
f 177//177 156//156 173//173
f 444//444 547//547 343//343
f 445//445 343//343 547//547
f 625//625 431//431 430//430
f 1680//1680 60//60 56//56
f 24//24 22//22 4//4
f 24//24 29//29 22//22
f 23//23 27//27 34//34
f 32//32 34//34 27//27
f 23//23 34//34 1680//1680
f 60//60 1680//1680 34//34
f 96//96 45//45 98//98
f 967//967 1756//1756 817//817
f 946//946 817//817 1756//1756
f 1006//1006 1117//1117 943//943
f 1688//1688 943//943 1117//1117
f 1758//1758 419//419 362//362
f 1759//1759 535//535 419//419
f 1698//1698 436//436 339//339
f 435//435 339//339 436//436
f 295//295 296//296 227//227
f 262//262 295//295 260//260
f 223//223 289//289 220//220
f 257//257 220//220 289//289
f 1109//1109 1106//1106 1048//1048
f 1103//1103 1048//1048 1106//1106
f 775//775 774//774 693//693
f 1729//1729 1758//1758 362//362
f 477//477 1729//1729 319//319
f 362//362 319//319 1729//1729
f 1377//1377 1444//1444 1331//1331
f 1453//1453 1331//1331 1444//1444
f 206//206 168//168 1745//1745
f 667//667 668//668 614//614
f 744//744 614//614 668//668
f 604//604 663//663 660//660
f 731//731 660//660 663//663
f 1162//1162 1083//1083 1219//1219
f 1161//1161 1219//1219 1083//1083
f 1350//1350 1426//1426 1464//1464
f 1461//1461 1464//1464 1426//1426
f 1416//1416 1331//1331 1454//1454
f 1453//1453 1454//1454 1331//1331
f 729//729 807//807 728//728
f 806//806 728//728 807//807
f 1597//1597 1599//1599 1613//1613
f 1633//1633 1613//1613 1599//1599
f 1502//1502 1742//1742 1501//1501
f 361//361 419//419 372//372
f 1760//1760 372//372 419//419
f 1024//1024 1086//1086 1025//1025
f 822//822 1077//1077 821//821
f 1386//1386 1427//1427 1493//1493
f 1681//1681 1493//1493 1427//1427
f 555//555 627//627 429//429
f 626//626 429//429 627//627
f 383//383 547//547 549//549
f 546//546 549//549 547//547
f 1038//1038 1138//1138 1100//1100
f 829//829 768//768 901//901
f 829//829 1761//1761 828//828
f 829//829 901//901 1761//1761
f 1762//1762 1761//1761 901//901
f 1762//1762 828//828 1761//1761
f 770//770 771//771 765//765
f 830//830 765//765 771//771
f 1590//1590 1565//1565 1588//1588
f 701//701 785//785 702//702
f 701//701 847//847 1752//1752
f 1356//1356 1302//1302 1390//1390
f 1357//1357 1390//1390 1302//1302
f 852//852 920//920 922//922
f 852//852 791//791 920//920
f 1763//1763 652//652 656//656
f 1763//1763 535//535 652//652
f 1763//1763 656//656 535//535
f 273//273 274//274 481//481
f 241//241 272//272 314//314
f 1723//1723 314//314 272//272
f 1332//1332 1382//1382 1288//1288
f 1341//1341 1288//1288 1382//1382
f 1709//1709 273//273 1710//1710
f 256//256 258//258 288//288
f 256//256 220//220 258//258
f 426//426 423//423 1751//1751
f 368//368 1764//1764 423//423
f 324//324 367//367 368//368
f 423//423 483//483 1751//1751
f 368//368 421//421 1764//1764
f 483//483 1764//1764 421//421
f 423//423 1764//1764 483//483
f 423//423 249//249 368//368
f 324//324 368//368 249//249
f 727//727 724//724 725//725
f 1736//1736 725//725 724//724
f 1765//1765 165//165 1766//1766
f 164//164 1766//1766 165//165
f 897//897 824//824 895//895
f 1137//1137 1034//1034 1177//1177
f 1233//1233 1177//1177 1034//1034
f 197//197 260//260 227//227
f 295//295 227//227 260//260
f 74//74 75//75 152//152
f 1612//1612 1611//1611 1642//1642
f 1629//1629 1642//1642 1611//1611
f 844//844 840//840 908//908
f 550//550 551//551 1737//1737
f 676//676 1737//1737 551//551
f 1767//1767 1752//1752 723//723
f 1767//1767 701//701 1752//1752
f 1025//1025 1086//1086 1120//1120
f 1087//1087 1120//1120 1086//1086
f 1064//1064 1115//1115 1002//1002
f 1057//1057 1002//1002 1115//1115
f 466//466 475//475 412//412
f 586//586 412//412 475//475
f 333//333 286//286 375//375
f 147//147 148//148 310//310
f 235//235 310//310 148//148
f 1508//1508 1439//1439 1441//1441
f 528//528 590//590 642//642
f 241//241 315//315 239//239
f 313//313 239//239 315//315
f 334//334 333//333 337//337
f 375//375 337//337 333//333
f 213//213 179//179 326//326
f 248//248 326//326 179//179
f 516//516 448//448 518//518
f 519//519 518//518 448//448
f 319//319 317//317 1715//1715
f 1743//1743 1715//1715 317//317
f 1053//1053 1052//1052 1049//1049
f 1053//1053 1103//1103 1052//1052
f 705//705 1757//1757 706//706
f 704//704 706//706 1757//1757
f 294//294 296//296 295//295
f 293//293 296//296 262//262
f 294//294 262//262 296//296
f 1728//1728 476//476 1682//1682
f 1766//1766 164//164 1745//1745
f 301//301 1745//1745 164//164
f 656//656 598//598 538//538
f 1702//1702 538//538 598//598
f 1238//1238 1375//1375 1330//1330
f 1412//1412 1330//1330 1375//1375
f 511//511 634//634 1744//1744
f 560//560 1744//1744 634//634
f 1099//1099 1233//1233 1683//1683
f 472//472 415//415 473//473
f 418//418 473//473 415//415
f 971//971 969//969 909//909
f 912//912 1027//1027 971//971
f 969//969 971//971 1027//1027
f 1768//1768 15//15 27//27
f 1768//1768 3//3 15//15
f 26//26 1768//1768 27//27
f 26//26 3//3 1768//1768
f 3//3 26//26 5//5
f 6//6 5//5 26//26
f 442//442 1697//1697 443//443
f 515//515 443//443 1697//1697
f 594//594 535//535 1750//1750
f 593//593 594//594 576//576
f 1682//1682 576//576 594//594
f 44//44 78//78 63//63
f 79//79 1689//1689 77//77
f 44//44 1689//1689 78//78
f 79//79 78//78 1689//1689
f 810//810 1060//1060 1696//1696
f 1216//1216 1255//1255 1159//1159
f 1251//1251 1159//1159 1255//1255
f 986//986 987//987 1101//1101
f 1139//1139 1101//1101 987//987
f 453//453 455//455 470//470
f 577//577 470//470 455//455
f 78//78 76//76 63//63
f 956//956 1015//1015 1082//1082
f 1128//1128 1082//1082 1015//1015
f 42//42 1//1 43//43
f 45//45 1//1 42//42
f 1511//1511 1538//1538 1537//1537
f 1016//1016 1018//1018 1701//1701
f 1020//1020 1701//1701 1018//1018
f 578//578 644//644 701//701
f 700//700 701//701 644//644
f 174//174 243//243 175//175
f 175//175 243//243 177//177
f 245//245 177//177 243//243
f 510//510 622//622 564//564
f 636//636 564//564 622//622
f 876//876 810//810 1002//1002
f 1696//1696 1002//1002 810//810
f 1537//1537 1538//1538 1589//1589
f 1590//1590 1589//1589 1538//1538
f 1735//1735 1562//1562 1538//1538
f 1590//1590 1538//1538 1562//1562
f 1210//1210 1153//1153 1246//1246
f 1121//1121 1210//1210 1212//1212
f 1246//1246 1212//1212 1210//1210
f 1114//1114 1288//1288 1013//1013
f 1205//1205 1013//1013 1288//1288
f 196//196 194//194 260//260
f 777//777 672//672 693//693
f 638//638 693//693 672//672
f 6//6 27//27 4//4
f 23//23 4//4 27//27
f 93//93 76//76 95//95
f 85//85 84//84 35//35
f 1769//1769 35//35 84//84
f 782//782 845//845 784//784
f 916//916 784//784 845//845
f 314//314 1723//1723 359//359
f 415//415 359//359 1723//1723
f 1160//1160 1083//1083 1128//1128
f 1082//1082 1128//1128 1083//1083
f 582//582 704//704 583//583
f 1757//1757 583//583 704//704
f 158//158 139//139 141//141
f 158//158 100//100 139//139
f 100//100 158//158 1703//1703
f 188//188 1703//1703 158//158
f 632//632 630//630 768//768
f 827//827 768//768 630//630
f 43//43 1//1 72//72
f 98//98 101//101 96//96
f 137//137 96//96 101//101
f 1077//1077 1076//1076 1078//1078
f 1123//1123 1078//1078 1076//1076
f 158//158 159//159 188//188
f 183//183 185//185 1703//1703
f 1705//1705 1703//1703 185//185
f 720//720 799//799 859//859
f 983//983 859//859 799//799
f 1770//1770 95//95 117//117
f 1770//1770 93//93 95//95
f 1547//1547 1596//1596 1742//1742
f 1771//1771 8//8 1772//1772
f 1771//1771 5//5 8//8
f 1728//1728 535//535 1729//1729
f 283//283 249//249 328//328
f 423//423 328//328 249//249
f 1772//1772 11//11 1773//1773
f 1253//1253 1301//1301 1254//1254
f 1354//1354 1254//1254 1301//1301
f 1633//1633 1661//1661 1614//1614
f 1609//1609 1591//1591 1586//1586
f 1570//1570 1586//1586 1591//1591
f 1537//1537 1612//1612 1610//1610
f 1642//1642 1610//1610 1612//1612
f 1175//1175 1136//1136 1230//1230
f 1124//1124 1156//1156 1123//1123
f 1155//1155 1123//1123 1156//1156
f 1060//1060 877//877 1061//1061
f 1230//1230 1231//1231 1176//1176
f 1262//1262 1176//1176 1231//1231
f 477//477 476//476 1728//1728
f 1059//1059 1145//1145 1114//1114
f 1434//1434 1528//1528 1472//1472
f 1529//1529 1472//1472 1528//1528
f 1475//1475 1551//1551 1528//1528
f 1552//1552 1528//1528 1551//1551
f 1771//1771 1773//1773 5//5
f 1771//1771 1772//1772 1773//1773
f 1504//1504 1603//1603 1505//1505
f 1506//1506 1505//1505 1603//1603
f 130//130 1769//1769 1765//1765
f 165//165 1765//1765 1769//1769
f 1299//1299 1726//1726 1298//1298
f 1299//1299 1252//1252 1726//1726
f 1767//1767 785//785 701//701
f 1767//1767 723//723 785//785
f 1633//1633 1623//1623 1654//1654
f 1634//1634 1654//1654 1623//1623
f 1393//1393 1467//1467 1359//1359
f 1394//1394 1359//1359 1467//1467
f 736//736 871//871 737//737
f 743//743 737//737 871//871
f 157//157 1722//1722 155//155
f 157//157 177//177 1722//1722
f 1722//1722 177//177 136//136
f 180//180 136//136 177//177
f 10//10 17//17 21//21
f 10//10 7//7 17//17
f 700//700 847//847 701//701
f 1220//1220 1221//1221 1300//1300
f 1423//1423 1422//1422 1419//1419
f 1420//1420 1419//1419 1422//1422
f 1114//1114 1147//1147 1287//1287
f 1114//1114 1145//1145 1147//1147
f 1619//1619 1639//1639 1630//1630
f 1659//1659 1630//1630 1639//1639
f 1726//1726 1252//1252 1727//1727
f 1300//1300 1727//1727 1252//1252
f 117//117 97//97 1770//1770
f 117//117 118//118 97//97
f 1738//1738 766//766 558//558
f 1707//1707 1699//1699 1708//1708
f 680//680 1708//1708 1699//1699
f 99//99 1770//1770 97//97
f 99//99 93//93 1770//1770
f 1363//1363 1170//1170 1312//1312
f 1227//1227 1312//1312 1170//1170
f 320//320 344//344 363//363
f 1724//1724 363//363 344//344
f 504//504 503//503 508//508
f 506//506 508//508 503//503
f 1385//1385 1351//1351 1455//1455
f 1484//1484 1455//1455 1351//1351
f 531//531 530//530 596//596
f 588//588 531//531 715//715
f 93//93 99//99 62//62
f 198//198 196//196 197//197
f 260//260 197//197 196//196
f 19//19 72//72 1774//1774
f 935//935 1054//1054 1048//1048
f 1109//1109 1048//1048 1054//1054
f 1545//1545 1569//1569 1593//1593
f 1592//1592 1593//1593 1569//1569
f 858//858 985//985 982//982
f 1095//1095 982//982 985//985
f 1687//1687 545//545 657//657
f 961//961 1775//1775 906//906
f 961//961 960//960 1018//1018
f 1775//1775 1018//1018 1017//1017
f 1775//1775 961//961 1018//1018
f 56//56 29//29 23//23
f 24//24 23//23 29//29
f 67//67 92//92 60//60
f 61//61 60//60 92//92
f 524//524 585//585 647//647
f 709//709 647//647 585//585
f 697//697 842//842 698//698
f 908//908 698//698 844//844
f 1108//1108 1237//1237 1193//1193
f 1282//1282 1193//1193 1237//1237
f 946//946 1756//1756 1025//1025
f 966//966 1025//1025 1756//1756
f 417//417 416//416 320//320
f 321//321 320//320 416//416
f 1344//1344 1202//1202 1342//1342
f 1201//1201 1342//1342 1202//1202
f 159//159 141//141 220//220
f 192//192 220//220 141//141
f 919//919 793//793 795//795
f 394//394 395//395 345//345
f 345//345 395//395 385//385
f 447//447 385//385 395//395
f 1373//1373 1446//1446 1409//1409
f 1373//1373 1372//1372 1446//1446
f 765//765 831//831 764//764
f 895//895 764//764 831//831
f 726//726 808//808 727//727
f 802//802 727//727 808//808
f 1703//1703 188//188 183//183
f 186//186 183//183 188//188
f 1692//1692 5//5 11//11
f 1773//1773 11//11 5//5
f 1272//1272 1366//1366 1274//1274
f 1321//1321 1274//1274 1366//1366
f 894//894 1014//1014 964//964
f 1753//1753 964//964 1014//1014
f 843//843 788//788 850//850
f 842//842 786//786 843//843
f 788//788 843//843 786//786
f 422//422 486//486 608//608
f 541//541 608//608 486//486
f 1224//1224 1172//1172 1226//1226
f 1678//1678 1226//1226 1172//1172
f 716//716 724//724 796//796
f 727//727 796//796 724//724
f 40//40 41//41 74//74
f 75//75 74//74 41//41
f 65//65 67//67 49//49
f 33//33 49//49 67//67
f 648//648 712//712 794//794
f 714//714 794//794 712//712
f 466//466 360//360 475//475
f 472//472 475//475 360//360
f 959//959 907//907 1762//1762
f 1766//1766 1745//1745 1765//1765
f 168//168 1765//1765 1745//1745
f 1340//1340 1336//1336 1337//1337
f 1346//1346 1337//1337 1336//1336
f 322//322 209//209 320//320
f 1071//1071 1073//1073 1069//1069
f 1071//1071 945//945 1073//1073
f 320//320 209//209 344//344
f 844//844 698//698 842//842
f 828//828 1762//1762 776//776
f 907//907 776//776 1762//1762
f 940//940 809//809 994//994
f 867//867 994//994 809//809
f 1030//1030 1029//1029 1171//1171
f 1029//1029 1090//1090 1171//1171
f 575//575 641//641 644//644
f 699//699 644//644 641//641
f 21//21 35//35 39//39
f 89//89 39//39 35//35
f 603//603 365//365 604//604
f 481//481 604//604 365//365
f 138//138 1705//1705 120//120
f 185//185 120//120 1705//1705
f 761//761 624//624 1712//1712
f 762//762 1712//1712 624//624
f 641//641 570//570 838//838
f 695//695 838//838 570//570
f 591//591 721//721 651//651
f 787//787 651//651 721//721
f 276//276 247//247 486//486
f 325//325 486//486 247//247
f 1594//1594 1576//1576 1521//1521
f 1521//1521 1576//1576 1524//1524
f 1546//1546 1524//1524 1576//1576
f 77//77 110//110 76//76
f 116//116 76//76 110//110
f 1447//1447 1449//1449 1477//1477
f 1490//1490 1477//1477 1449//1449
f 938//938 821//821 1079//1079
f 1077//1077 1079//1079 821//821
f 1641//1641 1667//1667 1640//1640
f 1651//1651 1640//1640 1667//1667
f 237//237 1745//1745 358//358
f 391//391 358//358 1745//1745
f 503//503 336//336 437//437
f 435//435 437//437 336//336
f 1066//1066 942//942 1005//1005
f 1667//1667 1669//1669 1651//1651
f 1660//1660 1651//1651 1669//1669
f 1095//1095 985//985 1042//1042
f 1041//1041 1042//1042 985//985
f 263//263 340//340 296//296
f 379//379 296//296 340//340
f 5//5 4//4 8//8
f 12//12 8//8 4//4
f 959//959 1762//1762 903//903
f 901//901 903//903 1762//1762
f 1587//1587 1561//1561 1534//1534
f 1535//1535 1534//1534 1449//1449
f 1561//1561 1449//1449 1534//1534
f 949//949 950//950 891//891
f 892//892 891//891 950//950
f 470//470 576//576 471//471
f 529//529 471//471 576//576
f 1760//1760 1741//1741 372//372
f 419//419 537//537 1760//1760
f 492//492 1760//1760 537//537
f 1741//1741 1760//1760 491//491
f 492//492 491//491 1760//1760
f 760//760 823//823 951//951
f 1690//1690 951//951 823//823
f 1057//1057 1115//1115 1113//1113
f 1197//1197 1113//1113 1115//1115
f 1410//1410 1739//1739 1411//1411
f 1446//1446 1411//1411 1445//1445
f 1739//1739 1445//1445 1411//1411
f 1395//1395 1401//1401 1396//1396
f 1432//1432 1396//1396 1401//1401
f 90//90 134//134 59//59
f 114//114 59//59 134//134
f 429//429 625//625 330//330
f 430//430 330//330 625//625
f 9//9 8//8 52//52
f 18//18 52//52 8//8
f 278//278 488//488 279//279
f 371//371 279//279 488//488
f 810//810 739//739 1060//1060
f 877//877 1060//1060 739//739
f 846//846 848//848 801//801
f 803//803 801//801 848//848
f 1430//1430 1547//1547 1502//1502
f 1742//1742 1502//1502 1547//1547
f 1627//1627 1648//1648 1638//1638
f 1647//1647 1638//1638 1648//1648
f 1642//1642 1629//1629 1641//1641
f 1776//1776 1641//1641 1629//1629
f 62//62 99//99 45//45
f 98//98 45//45 99//99
f 1682//1682 594//594 1750//1750
f 1226//1226 1259//1259 1360//1360
f 1225//1225 1226//1226 1167//1167
f 1360//1360 1167//1167 1226//1226
f 911//911 840//840 850//850
f 196//196 198//198 195//195
f 962//962 1753//1753 1023//1023
f 1014//1014 1023//1023 1753//1753
f 794//794 714//714 793//793
f 795//795 793//793 714//714
f 108//108 166//166 201//201
f 266//266 201//201 166//166
f 480//480 600//600 534//534
f 654//654 534//534 600//600
f 905//905 963//963 895//895
f 954//954 895//895 963//963
f 880//880 884//884 942//942
f 884//884 943//943 942//942
f 1005//1005 942//942 943//943
f 817//817 946//946 755//755
f 819//819 755//755 946//946
f 1371//1371 1441//1441 1440//1440
f 1439//1439 1440//1440 1441//1441
f 925//925 855//855 926//926
f 928//928 926//926 855//855
f 1742//1742 1596//1596 1578//1578
f 1598//1598 1578//1578 1596//1596
f 745//745 878//878 941//941
f 881//881 941//941 878//878
f 1//1 3//3 72//72
f 1040//1040 1097//1097 1042//1042
f 1142//1142 1042//1042 1097//1097
f 277//277 372//372 278//278
f 488//488 278//278 372//372
f 170//170 239//239 235//235
f 311//311 235//235 239//239
f 1017//1017 1016//1016 1024//1024
f 1084//1084 1024//1024 1016//1016
f 558//558 766//766 509//509
f 630//630 509//509 766//766
f 670//670 616//616 878//878
f 748//748 878//878 616//616
f 1724//1724 344//344 549//549
f 383//383 549//549 344//344
f 502//502 558//558 1693//1693
f 557//557 1693//1693 558//558
f 906//906 1775//1775 837//837
f 1017//1017 837//837 1775//1775
f 1213//1213 1156//1156 1718//1718
f 1718//1718 1156//1156 1294//1294
f 214//214 200//200 209//209
f 344//344 209//209 200//200
f 864//864 807//807 936//936
f 807//807 861//861 936//936
f 989//989 936//936 861//861
f 941//941 942//942 877//877
f 1595//1595 1620//1620 1622//1622
f 1644//1644 1622//1622 1620//1620
f 850//850 787//787 1026//1026
f 918//918 1026//1026 787//787
f 942//942 1061//1061 877//877
f 767//767 896//896 685//685
f 1748//1748 685//685 896//896
f 1748//1748 827//827 825//825
f 1748//1748 896//896 827//827
f 643//643 698//698 572//572
f 778//778 572//572 698//698
f 84//84 143//143 1769//1769
f 165//165 1769//1769 143//143
f 122//122 195//195 142//142
f 198//198 142//142 195//195
f 1622//1622 1577//1577 1595//1595
f 662//662 609//609 733//733
f 872//872 733//733 609//609
f 1727//1727 1300//1300 1221//1221
f 1725//1725 470//470 358//358
f 414//414 358//358 470//470
f 1749//1749 346//346 450//450
f 449//449 450//450 346//346
f 1685//1685 773//773 635//635
f 771//771 635//635 773//773
f 1685//1685 759//759 773//773
f 1685//1685 636//636 759//759
f 1745//1745 301//301 391//391
f 346//346 391//391 301//301
f 826//826 900//900 902//902
f 956//956 902//902 900//900
f 1274//1274 1320//1320 1275//1275
f 1318//1318 1275//1275 1320//1320
f 1692//1692 19//19 5//5
f 1774//1774 5//5 19//19
f 3//3 5//5 72//72
f 1774//1774 72//72 5//5
f 1777//1777 869//869 995//995
f 997//997 995//995 869//869
f 847//847 700//700 784//784
f 1298//1298 1727//1727 1304//1304
f 1778//1778 921//921 1098//1098
f 1778//1778 1098//1098 1035//1035
f 1096//1096 921//921 1035//1035
f 1778//1778 1035//1035 921//921
f 923//923 1733//1733 921//921
f 1098//1098 921//921 1733//1733
f 415//415 1723//1723 416//416
f 1314//1314 1398//1398 1261//1261
f 1364//1364 1261//1261 1398//1398
f 1294//1294 1426//1426 1718//1718
f 1348//1348 1718//1718 1426//1426
f 869//869 1777//1777 730//730
f 1777//1777 995//995 867//867
f 865//865 730//730 867//867
f 1777//1777 867//867 730//730
f 253//253 187//187 220//220
f 219//219 220//220 187//187
f 731//731 735//735 730//730
f 868//868 730//730 735//735
f 296//296 381//381 382//382
f 1694//1694 382//382 381//381
f 1196//1196 1200//1200 1147//1147
f 1289//1289 1147//1147 1200//1200
f 1374//1374 1189//1189 1415//1415
f 1754//1754 947//947 818//818
f 1173//1173 1174//1174 1172//1172
f 1678//1678 1172//1172 1174//1174
f 819//819 890//890 1754//1754
f 947//947 1754//1754 890//890
f 337//337 375//375 441//441
f 432//432 441//441 375//375
f 1081//1081 1129//1129 955//955
f 1015//1015 955//955 1129//1129
f 817//817 774//774 967//967
f 836//836 967//967 774//774
f 975//975 1036//1036 923//923
f 1733//1733 923//923 1036//1036
f 823//823 871//871 994//994
f 940//940 994//994 871//871
f 1509//1509 1556//1556 1508//1508
f 1530//1530 1508//1508 1556//1556
f 574//574 575//575 577//577
f 645//645 577//577 575//575
f 501//501 502//502 432//432
f 1693//1693 1755//1755 502//502
f 1240//1240 1281//1281 1189//1189
f 1415//1415 1189//1189 1281//1281
f 1776//1776 1668//1668 1641//1641
f 1667//1667 1641//1641 1668//1668
f 1099//1099 1180//1180 1233//1233
f 1269//1269 1233//1233 1180//1180
f 1439//1439 1508//1508 1507//1507
f 1549//1549 1507//1507 1508//1508
f 218//218 187//187 255//255
f 254//254 255//255 187//187
f 1334//1334 1419//1419 1289//1289
f 1380//1380 1289//1289 1419//1419
f 1202//1202 1344//1344 1203//1203
f 1204//1204 1203//1203 1344//1344
f 130//130 1765//1765 109//109
f 168//168 109//109 1765//1765
f 640//640 696//696 570//570
f 695//695 570//570 696//696
f 969//969 1028//1028 970//970
f 1134//1134 970//970 1028//1028
f 1256//1256 1305//1305 1132//1132
f 1308//1308 1132//1132 1305//1305
f 1759//1759 419//419 1758//1758
f 1729//1729 535//535 1758//1758
f 1759//1759 1758//1758 535//535
f 203//203 348//348 204//204
f 306//306 204//204 348//348
f 574//574 455//455 573//573
f 452//452 451//451 455//455
f 573//573 455//455 451//451
f 482//482 540//540 483//483
f 482//482 483//483 1779//1779
f 717//717 715//715 596//596
f 531//531 596//596 715//715
f 432//432 1755//1755 439//439
f 432//432 502//502 1755//1755
f 1304//1304 1727//1727 1221//1221
f 1355//1355 1354//1354 1298//1298
f 1387//1387 1298//1298 1354//1354
f 1645//1645 1649//1649 1672//1672
f 1657//1657 1672//1672 1649//1649
f 1593//1593 1592//1592 1594//1594
f 1631//1631 1594//1594 1592//1592
f 190//190 224//224 193//193
f 194//194 193//193 224//224
f 484//484 1779//1779 483//483
f 484//484 482//482 1779//1779
f 840//840 844//844 850//850
f 843//843 850//850 844//844
f 657//657 545//545 1720//1720
f 1679//1679 1720//1720 545//545
f 1504//1504 1601//1601 1602//1602
f 1624//1624 1602//1602 1601//1601
f 657//657 751//751 749//749
f 885//885 749//749 751//751
f 201//201 267//267 229//229
f 388//388 229//229 267//267
f 609//609 541//541 873//873
f 740//740 873//873 541//541
f 1201//1201 1206//1206 1342//1342
f 1328//1328 1342//1342 1206//1206
f 1208//1208 1207//1207 1187//1187
f 1731//1731 1187//1187 1207//1207
f 89//89 35//35 130//130
f 1769//1769 130//130 35//35
f 1384//1384 1425//1425 1426//1426
f 1459//1459 1426//1426 1425//1425
f 1130//1130 1215//1215 1129//1129
f 1159//1159 1129//1129 1215//1215
f 1548//1548 1576//1576 1525//1525
f 1595//1595 1525//1525 1576//1576
f 1723//1723 322//322 416//416
f 321//321 416//416 322//322
f 341//341 1700//1700 292//292
f 341//341 340//340 1700//1700
f 7//7 11//11 8//8
f 1772//1772 8//8 11//11
f 75//75 57//57 152//152
f 112//112 152//152 57//57
f 1317//1317 1316//1316 1395//1395
f 1400//1400 1395//1395 1316//1316
f 1624//1624 1601//1601 1646//1646
f 1614//1614 1646//1646 1601//1601
f 1065//1065 1116//1116 1198//1198
f 1203//1203 1198//1198 1116//1116
f 939//939 998//998 996//996
f 999//999 996//996 998//998
f 735//735 733//733 939//939
f 872//872 939//939 733//733
f 53//53 86//86 70//70
f 128//128 70//70 86//86
