# Blender3D v249 OBJ File: 
# www.blender3d.org
mtllib teapot.mtl
v -0.318772 -0.128111 0.566680
v -0.273444 -0.112232 0.582204
v -0.298335 -0.071389 0.560891
v -0.225656 -0.104451 0.596384
v -0.246645 -0.058221 0.576890
v -0.263479 -0.008492 0.553579
v -0.154299 0.007515 0.578419
v -0.209065 0.002028 0.567882
v -0.194273 -0.051287 0.590068
v -0.260948 -0.185693 0.597951
v -0.247775 -0.150384 0.598603
v -0.288261 -0.160039 0.585318
v -0.374665 -0.048571 0.512786
v -0.347929 -0.091905 0.542893
v -0.317823 -0.024566 0.535594
v -0.359866 -0.152009 0.550421
v -0.325299 -0.179729 0.571522
v -0.396898 -0.182950 0.532078
v -0.360560 -0.204656 0.554856
v -0.320889 -0.226604 0.573751
v -0.387199 -0.275641 0.527228
v -0.353961 -0.250886 0.553927
v -0.394277 -0.232466 0.533250
v -0.392168 -0.124586 0.525314
v -0.288780 -0.204146 0.588244
v -0.447604 -0.040173 0.455521
v -0.403475 0.026932 0.460751
v -0.433454 0.027847 0.435617
v -0.356527 0.096530 0.459609
v -0.388973 0.095231 0.437048
v -0.416328 0.096933 0.413473
v -0.340891 0.198304 0.414608
v -0.374525 0.156484 0.414240
v -0.346313 0.156356 0.434775
v -0.367836 0.027162 0.485673
v -0.415476 -0.042576 0.482612
v -0.500881 -0.035645 0.399493
v -0.475512 -0.038568 0.428423
v -0.459768 0.029868 0.409543
v -0.429924 -0.165904 0.506739
v -0.430161 -0.216694 0.509263
v -0.460717 -0.155712 0.480355
v -0.461657 -0.204204 0.484059
v -0.460600 -0.247231 0.480540
v -0.510514 -0.222971 0.436863
v -0.489342 -0.234717 0.456678
v -0.489485 -0.195136 0.458669
v -0.424327 -0.107400 0.498254
v -0.426383 -0.260631 0.504895
v -0.124962 -0.104878 0.617226
v -0.070071 -0.108991 0.622066
v -0.086027 -0.051569 0.606197
v -0.011342 -0.114456 0.622441
v -0.028418 -0.055649 0.608113
v -0.042430 0.006483 0.587769
v 0.075198 -0.003504 0.579666
v 0.015811 0.002520 0.586187
v 0.031680 -0.061434 0.605325
v -0.087612 -0.203347 0.633892
v -0.051795 -0.161888 0.631731
v -0.107074 -0.156973 0.628755
v -0.141063 -0.049645 0.600072
v -0.099021 0.008479 0.585073
v -0.485627 -0.099114 0.442773
v -0.456460 -0.101485 0.470686
v -0.517163 -0.149250 0.423778
v -0.489787 -0.150947 0.452922
v -0.515986 -0.192003 0.431371
v -0.512213 -0.097050 0.413531
v -0.381437 0.215900 0.371613
v -0.421640 0.166761 0.366241
v -0.398253 0.161701 0.391535
v -0.464258 0.105643 0.359814
v -0.440790 0.100816 0.388104
v -0.483975 0.034156 0.380965
v -0.430748 0.222721 0.315158
v -0.445228 0.170944 0.337683
v -0.406004 0.220103 0.345069
v -0.358701 0.208861 0.395083
v -0.183838 -0.194636 0.620387
v -0.207661 -0.230265 0.613738
v -0.163879 -0.235784 0.623188
v -0.232630 -0.260534 0.601457
v -0.187132 -0.268815 0.611569
v -0.140893 -0.271373 0.619827
v -0.182734 -0.340892 0.574338
v -0.160995 -0.303271 0.603388
v -0.211274 -0.299366 0.593563
v -0.249401 -0.221220 0.602011
v -0.225966 -0.189856 0.609327
v -0.137915 -0.199219 0.628907
v -0.117136 -0.239093 0.629727
v -0.289318 -0.372557 0.508466
v -0.301012 -0.397257 0.472345
v -0.257489 -0.386735 0.505347
v -0.319629 -0.416342 0.434587
v -0.277679 -0.409790 0.466730
v -0.231963 -0.402392 0.495190
v -0.281462 -0.437001 0.428910
v -0.256665 -0.422294 0.459496
v -0.300367 -0.427056 0.430684
v -0.359793 -0.392339 0.443183
v -0.340078 -0.404503 0.439165
v -0.328532 -0.384613 0.473739
v -0.243102 -0.357898 0.542143
v -0.207991 -0.376613 0.533585
v -0.560762 -0.229895 0.375448
v -0.542359 -0.192260 0.400543
v -0.568610 -0.190363 0.365346
v -0.543244 -0.147126 0.391977
v -0.568013 -0.142269 0.356778
v -0.537185 -0.093000 0.381475
v -0.534046 -0.228276 0.409825
v -0.616263 -0.223244 0.285666
v -0.588105 -0.227696 0.335289
v -0.593752 -0.184954 0.325992
v 0.112233 -0.131022 0.607508
v 0.050393 -0.121542 0.617748
v 0.070123 -0.176401 0.623020
v 0.008128 -0.167750 0.630022
v 0.027348 -0.214038 0.630654
v -0.031693 -0.207504 0.634652
v 0.093033 -0.069415 0.597121
v 0.148831 -0.243460 0.602893
v 0.131146 -0.187895 0.610195
v 0.087124 -0.225168 0.621009
v 0.003468 0.068358 0.561503
v -0.052582 0.070427 0.562722
v 0.047732 0.130787 0.529055
v -0.005165 0.134428 0.533423
v -0.058692 0.133171 0.535629
v 0.033697 0.257126 0.471085
v -0.011004 0.196730 0.505112
v 0.039681 0.196170 0.499793
v 0.060153 0.064172 0.556093
v -0.107911 0.069922 0.560246
v -0.520081 -0.285813 0.406752
v -0.489277 -0.304108 0.427971
v -0.490359 -0.271021 0.445779
v -0.452787 -0.319125 0.451086
v -0.457966 -0.285248 0.469279
v -0.420296 -0.299099 0.492384
v -0.518082 -0.345134 0.351478
v -0.484722 -0.334482 0.404815
v -0.520481 -0.315572 0.382992
v -0.516520 -0.253907 0.424717
v -0.062030 0.189909 0.509817
v -0.112463 0.129268 0.534477
v -0.062517 0.241531 0.485555
v -0.113221 0.184152 0.509433
v -0.166318 0.124803 0.528238
v -0.167172 0.231959 0.475645
v -0.166100 0.180781 0.502551
v -0.111974 0.233256 0.485503
v -0.019490 0.250529 0.480383
v -0.162942 0.066221 0.553859
v -0.229722 0.274274 0.419213
v -0.270305 0.270856 0.405165
v -0.245721 0.252533 0.435057
v -0.307668 0.264212 0.390925
v -0.286119 0.246971 0.418661
v -0.272392 0.215523 0.445686
v -0.310729 0.208351 0.428428
v -0.322303 0.235847 0.403971
v -0.287856 0.289521 0.341629
v -0.297731 0.280448 0.372227
v -0.258919 0.284146 0.383222
v -0.199782 0.257715 0.449182
v -0.226213 0.222117 0.462637
v -0.444134 -0.349342 0.428608
v -0.411923 -0.332838 0.472892
v -0.431943 -0.375961 0.406077
v -0.402590 -0.361958 0.449594
v -0.369383 -0.345936 0.490905
v -0.362914 -0.372997 0.465966
v -0.392543 -0.386175 0.426626
v -0.473471 -0.362585 0.382070
v -0.378111 -0.313321 0.512489
v -0.476242 -0.398114 0.320767
v -0.438474 -0.409148 0.345984
v -0.456347 -0.387869 0.363035
v -0.399542 -0.416652 0.372457
v -0.416721 -0.398646 0.386552
v -0.378096 -0.405105 0.410337
v -0.443302 -0.434937 0.290396
v -0.421193 -0.426114 0.333303
v -0.458593 -0.417686 0.304658
v -0.495894 -0.374686 0.336781
v -0.381869 -0.429960 0.365958
v -0.359888 -0.419083 0.402364
v -0.363908 -0.439924 0.367405
v -0.341720 -0.430055 0.398981
v -0.323747 -0.439195 0.399800
v -0.402968 -0.438585 0.331971
v -0.076422 -0.317564 0.604068
v -0.072694 -0.342013 0.587664
v -0.033872 -0.328346 0.596934
v -0.058527 -0.366516 0.567255
v -0.019782 -0.350664 0.580088
v 0.013023 -0.332214 0.591237
v 0.060855 -0.380835 0.542920
v 0.034689 -0.354907 0.571472
v -0.001434 -0.374151 0.558132
v -0.116167 -0.356128 0.573054
v -0.122558 -0.327786 0.594535
v -0.015832 -0.302494 0.611436
v -0.038985 -0.308531 0.609088
v -0.004783 -0.313653 0.604510
v -0.209680 -0.418573 0.482047
v -0.182394 -0.398169 0.515197
v -0.188278 -0.432998 0.471273
v -0.159933 -0.417359 0.496747
v -0.129994 -0.399326 0.524500
v -0.088843 -0.433840 0.488091
v -0.108820 -0.418723 0.503693
v -0.138552 -0.432883 0.482704
v -0.236253 -0.434530 0.453207
v -0.153439 -0.375068 0.548240
v -0.546540 -0.021535 0.331926
v -0.506866 0.040440 0.348995
v -0.528027 0.048611 0.313533
v -0.486756 0.111185 0.328076
v -0.507165 0.118214 0.293027
v -0.467984 0.174737 0.305705
v -0.524631 -0.029896 0.367348
v -0.582980 0.005371 0.247985
v -0.566129 -0.010481 0.293037
v -0.545855 0.060377 0.274794
v -0.324689 -0.454319 0.387627
v -0.345403 -0.447685 0.375443
v -0.364693 -0.454389 0.355524
v -0.383813 -0.447508 0.341656
v -0.401206 -0.454582 0.319390
v -0.419671 -0.446668 0.304266
v -0.304645 -0.447086 0.405440
v -0.360128 -0.466900 0.352830
v -0.341615 -0.460426 0.372607
v -0.383815 -0.460961 0.334672
v 0.224989 -0.154088 0.571525
v 0.209397 -0.094229 0.565393
v 0.170932 -0.141914 0.591779
v 0.192161 -0.027369 0.551465
v 0.152844 -0.079984 0.583419
v 0.134459 -0.012827 0.567702
v 0.297588 -0.076503 0.511322
v 0.246960 -0.048438 0.532321
v 0.261382 -0.113042 0.544252
v 0.188493 -0.197615 0.591462
v -0.012694 -0.244580 0.631138
v 0.041540 -0.252436 0.624942
v -0.045401 -0.270131 0.626201
v 0.001936 -0.273567 0.623218
v 0.045591 -0.283757 0.614957
v 0.007428 -0.295935 0.613465
v -0.027113 -0.291008 0.617771
v -0.066473 -0.241059 0.632510
v 0.092528 -0.266603 0.612761
v 0.035918 -0.310098 0.603056
v 0.082731 -0.301207 0.600502
v 0.062762 -0.330327 0.586202
v 0.114844 -0.324618 0.578936
v 0.090372 -0.353882 0.562297
v 0.133824 -0.289891 0.593358
v -0.269213 -0.466715 0.419765
v -0.256605 -0.461046 0.427024
v -0.297918 -0.460673 0.403681
v -0.238687 -0.454367 0.436631
v -0.282074 -0.454417 0.415027
v -0.261128 -0.446253 0.430884
v -0.197853 -0.466918 0.450719
v -0.216239 -0.461133 0.444155
v -0.232902 -0.466943 0.437663
v -0.307291 -0.466473 0.395540
v -0.146993 -0.453592 0.465066
v -0.166752 -0.444702 0.465896
v -0.193493 -0.453992 0.453157
v -0.215002 -0.445264 0.451198
v -0.117768 -0.444634 0.475073
v -0.174988 -0.460851 0.457103
v -0.645220 -0.072498 0.140450
v -0.641137 -0.087333 0.172168
v -0.631315 -0.043199 0.161114
v -0.633384 -0.098649 0.206627
v -0.624041 -0.050839 0.194026
v -0.614324 -0.004614 0.173845
v -0.603177 -0.004162 0.207572
v -0.612410 -0.055572 0.230510
v -0.661179 -0.153953 0.146307
v -0.649328 -0.130655 0.177645
v -0.654403 -0.114583 0.145579
v -0.622992 0.006091 0.123031
v -0.634128 -0.030483 0.132269
v -0.620393 -0.000254 0.145167
v -0.435691 -0.469946 0.269914
v -0.419077 -0.462213 0.294908
v -0.446402 -0.463349 0.256991
v -0.433114 -0.455194 0.280393
v -0.458873 -0.456011 0.240117
v -0.450195 -0.446851 0.262925
v -0.407860 -0.468542 0.304890
v -0.474270 -0.470975 0.203299
v -0.457289 -0.470833 0.236187
v -0.467671 -0.463877 0.219598
v -0.419876 0.275851 0.261511
v -0.392323 0.275983 0.297080
v -0.386404 0.287462 0.260891
v -0.363491 0.274724 0.331044
v -0.357374 0.286770 0.299069
v -0.345141 0.294851 0.253468
v -0.316768 0.292942 0.297125
v -0.327438 0.284626 0.336871
v -0.396978 0.255477 0.323698
v -0.423519 0.256331 0.291093
v -0.395849 0.295121 0.174000
v -0.413315 0.287045 0.223084
v -0.371972 0.295401 0.212562
v -0.024950 -0.408876 0.520197
v -0.040654 -0.389311 0.543720
v -0.076662 -0.403856 0.525214
v -0.096727 -0.381932 0.549107
v 0.013423 -0.395945 0.533388
v -0.058484 -0.421569 0.504210
v -0.664927 -0.113202 0.089317
v -0.656284 -0.094551 0.115440
v -0.654910 -0.070522 0.086311
v -0.645240 -0.051906 0.111405
v -0.640630 -0.024451 0.085066
v -0.631507 -0.008542 0.106802
v -0.664312 -0.134873 0.117662
v -0.659550 -0.067903 0.025658
v -0.663266 -0.090239 0.059885
v -0.649613 -0.041944 0.059090
v -0.466095 0.273677 0.186673
v -0.469970 0.255911 0.219381
v -0.444796 0.274914 0.224473
v -0.475599 0.226005 0.246496
v -0.448334 0.256081 0.256011
v -0.454546 0.224136 0.281995
v -0.506466 0.232361 0.172675
v -0.492853 0.229068 0.209726
v -0.487975 0.255704 0.182230
v -0.436680 0.286118 0.184809
v -0.533319 0.146082 0.216390
v -0.523274 0.129196 0.255384
v -0.504617 0.186855 0.233741
v -0.488328 0.179509 0.270716
v -0.555825 0.082263 0.234438
v -0.516400 0.196658 0.195803
v 0.265412 0.066941 0.472882
v 0.211196 0.098010 0.489903
v 0.229859 0.023269 0.513548
v 0.155748 0.116108 0.506569
v 0.174103 0.044588 0.530921
v 0.117106 0.057386 0.545654
v 0.224019 0.212557 0.421636
v 0.190704 0.168390 0.465273
v 0.245833 0.141899 0.447845
v 0.283068 -0.007462 0.494743
v 0.002511 -0.436516 0.484611
v 0.031253 -0.428250 0.490398
v -0.011264 -0.424697 0.499603
v 0.064513 -0.420964 0.493416
v 0.022625 -0.414255 0.509635
v 0.061680 -0.404643 0.515262
v 0.071594 -0.440492 0.468377
v 0.068224 -0.432663 0.477579
v 0.041221 -0.438373 0.477090
v -0.041331 -0.435057 0.488581
v -0.132091 -0.460226 0.466513
v -0.099800 -0.452970 0.472480
v -0.120872 -0.465856 0.467845
v -0.085138 -0.459317 0.472057
v -0.051258 -0.452278 0.475576
v -0.007286 -0.464479 0.469299
v -0.032711 -0.458462 0.473424
v -0.075038 -0.465046 0.471273
v -0.161505 -0.466543 0.460723
v -0.069646 -0.444582 0.479486
v -0.461657 -0.481038 0.112869
v -0.426615 -0.486979 0.110221
v -0.428427 -0.483082 0.175491
v -0.378046 -0.492099 0.098877
v -0.378231 -0.488966 0.184646
v -0.389105 -0.483729 0.239555
v -0.214090 -0.493631 0.276608
v -0.322385 -0.489138 0.260649
v -0.308920 -0.493861 0.181745
v -0.461015 -0.484491 -0.030770
v -0.428142 -0.488866 0.027217
v -0.461897 -0.483719 0.044673
v -0.464300 -0.476707 0.167478
v -0.438109 -0.477547 0.217464
v -0.023740 -0.444694 0.479383
v 0.018460 -0.445197 0.475133
v -0.004393 -0.451960 0.474071
v 0.039274 -0.452258 0.467982
v 0.020446 -0.458337 0.469096
v 0.056680 -0.446076 0.467552
v -0.511593 -0.385800 0.293724
v -0.492990 -0.406265 0.278859
v -0.543866 -0.373944 0.261921
v -0.524341 -0.394216 0.252458
v -0.508742 -0.411632 0.236449
v -0.558656 -0.388704 0.189341
v -0.536250 -0.399581 0.211875
v -0.552489 -0.382699 0.222764
v -0.532829 -0.362185 0.303876
v -0.478363 -0.423460 0.261563
v 0.100867 0.124870 0.520487
v 0.087174 0.188252 0.493963
v 0.136535 0.179981 0.482599
v 0.121548 0.239892 0.457443
v 0.167589 0.226934 0.444344
v 0.083198 0.250447 0.464529
v -0.538411 0.166294 0.176628
v -0.557694 0.113262 0.193654
v -0.541470 0.184422 0.136682
v -0.556227 0.144812 0.151601
v -0.575207 0.094349 0.166234
v -0.559908 0.179174 0.070499
v -0.568506 0.134573 0.123154
v -0.554211 0.172395 0.108569
v -0.524764 0.206522 0.157806
v -0.580294 0.052643 0.206675
v 0.177951 -0.372572 0.515572
v 0.199482 -0.345856 0.532538
v 0.145451 -0.349874 0.550189
v 0.217975 -0.314928 0.547740
v 0.166922 -0.318938 0.566385
v 0.185849 -0.283209 0.578304
v 0.293822 -0.360764 0.462777
v 0.252457 -0.340379 0.510315
v 0.233134 -0.368612 0.492966
v 0.122453 -0.376170 0.532136
v 0.145041 -0.412534 0.479786
v 0.190549 -0.410905 0.461810
v 0.158166 -0.394791 0.497766
v 0.236865 -0.409538 0.437813
v 0.209874 -0.392242 0.477142
v 0.261732 -0.389121 0.450344
v 0.203627 -0.436194 0.419568
v 0.217805 -0.424742 0.426934
v 0.176794 -0.425205 0.448380
v 0.107461 -0.398134 0.511552
v 0.102523 -0.415657 0.490460
v 0.137402 -0.426449 0.463987
v 0.100877 -0.428855 0.473532
v 0.131815 -0.437258 0.453100
v 0.098983 -0.438695 0.462747
v 0.167064 -0.436444 0.438790
v 0.067452 -0.458977 0.460104
v 0.079753 -0.452920 0.458599
v 0.097378 -0.465753 0.451028
v 0.106256 -0.459684 0.449262
v 0.115646 -0.453265 0.447623
v 0.159036 -0.466630 0.427636
v 0.139171 -0.460096 0.437098
v 0.130708 -0.466363 0.439782
v 0.057299 -0.464994 0.460681
v 0.091759 -0.446418 0.458472
v 0.102838 -0.475620 0.427179
v 0.098938 -0.470481 0.441983
v 0.057085 -0.473714 0.445389
v 0.054326 -0.468979 0.455629
v 0.003983 -0.471590 0.458065
v -0.002539 -0.467217 0.465813
v 0.137480 -0.471570 0.425275
v 0.011479 -0.480688 0.430189
v 0.057899 -0.478689 0.429702
v 0.009277 -0.476443 0.445629
v -0.671106 -0.132122 0.065509
v -0.671119 -0.151579 0.091483
v -0.675639 -0.156054 0.046437
v -0.675624 -0.168997 0.068697
v -0.674789 -0.184909 0.089244
v -0.680989 -0.221934 0.048543
v -0.678335 -0.200848 0.066399
v -0.678810 -0.190751 0.050615
v -0.670304 -0.117597 0.037926
v -0.669387 -0.170714 0.116195
v -0.566894 -0.408049 0.045702
v -0.556035 -0.411035 0.097537
v -0.581719 -0.393314 0.073832
v -0.541252 -0.413466 0.146117
v -0.567021 -0.397769 0.124148
v -0.592056 -0.379634 0.106015
v -0.575102 -0.384801 0.152571
v -0.550652 -0.400583 0.169632
v -0.525196 -0.436554 0.098874
v -0.532275 -0.425667 0.122107
v -0.544243 -0.423848 0.072341
v -0.619731 -0.361696 -0.011600
v -0.592071 -0.388336 0.018489
v -0.606668 -0.373052 0.052976
v -0.524956 -0.414008 0.192262
v -0.498435 -0.426187 0.216315
v -0.516673 -0.426744 0.169914
v -0.493982 -0.438170 0.194391
v -0.511603 -0.437783 0.147354
v -0.472271 -0.437216 0.240872
v -0.494567 -0.447783 0.172890
v -0.474633 -0.447760 0.218581
v -0.497301 -0.455748 0.153965
v -0.479987 -0.456291 0.197887
v -0.485229 -0.463662 0.181038
v -0.510191 -0.446896 0.125877
v -0.677141 -0.212479 0.080264
v -0.672558 -0.200980 0.108482
v -0.679247 -0.235020 0.063470
v -0.674989 -0.225582 0.092787
v -0.668735 -0.216819 0.128246
v -0.675749 -0.261656 0.073015
v -0.671551 -0.240097 0.106458
v -0.677913 -0.245162 0.068023
v -0.680262 -0.227359 0.057079
v -0.665649 -0.188297 0.141077
v -0.042323 0.314410 0.257278
v -0.075153 0.323031 0.197362
v -0.102789 0.314950 0.249690
v -0.096657 0.332109 0.137269
v -0.123055 0.323568 0.179684
v -0.152058 0.314288 0.236644
v -0.171742 0.330235 0.088122
v -0.165341 0.322319 0.161726
v -0.134222 0.332266 0.113149
v 0.009740 0.326394 0.164230
v -0.050479 0.330132 0.155794
v -0.014535 0.321049 0.206442
v -0.100040 0.299086 0.363210
v -0.071975 0.306922 0.311884
v -0.130839 0.306365 0.306819
v 0.181034 -0.453240 0.419123
v 0.158384 -0.445591 0.434572
v 0.148774 -0.453307 0.434715
v 0.124959 -0.445966 0.448130
v 0.192298 -0.445406 0.417146
v 0.169315 -0.460184 0.423448
v -0.622355 0.040807 0.007160
v -0.620233 0.044298 0.027437
v -0.600156 0.093000 0.019369
v -0.615781 0.051769 0.047721
v -0.597498 0.097127 0.035368
v -0.577216 0.144430 0.026522
v -0.571811 0.153490 0.051529
v -0.575145 0.147628 0.037636
v -0.593545 0.103397 0.051697
v -0.637791 -0.003117 0.039395
v -0.641547 -0.010001 0.014281
v -0.579272 0.141779 0.004589
v -0.601408 0.090941 0.003614
v -0.578590 0.142539 0.015463
v -0.017289 0.287977 0.418081
v 0.053357 0.288899 0.402806
v 0.013855 0.293969 0.386190
v 0.123829 0.288244 0.386570
v 0.094175 0.293691 0.368792
v 0.050683 0.299808 0.344317
v 0.226935 0.292460 0.303276
v 0.138352 0.297839 0.325325
v 0.171872 0.291290 0.350456
v 0.048674 0.281168 0.432041
v 0.081482 0.284509 0.413898
v 0.020706 0.284019 0.427676
v -0.059816 0.292964 0.398716
v -0.030687 0.299933 0.357815
v -0.649418 -0.310672 0.077753
v -0.652909 -0.297759 0.105201
v -0.658361 -0.297742 0.070746
v -0.655447 -0.283262 0.129803
v -0.661976 -0.285508 0.089956
v -0.667226 -0.286700 0.057878
v -0.670549 -0.276568 0.066231
v -0.664972 -0.271273 0.106378
v -0.632624 -0.314943 0.161399
v -0.645123 -0.297879 0.147543
v -0.643401 -0.312337 0.116507
v -0.664820 -0.302552 0.024446
v -0.654962 -0.307931 0.046989
v -0.665342 -0.295953 0.044395
v 0.364213 -0.021393 0.436756
v 0.375917 -0.087173 0.453195
v 0.405066 -0.064390 0.414825
v 0.381738 -0.146916 0.465271
v 0.413467 -0.125580 0.428353
v 0.439541 -0.099137 0.388724
v 0.445657 -0.215243 0.404645
v 0.445590 -0.156611 0.399083
v 0.414988 -0.182310 0.438490
v 0.342787 -0.110550 0.489103
v 0.332337 -0.046274 0.474963
v 0.413976 0.021317 0.359712
v 0.391878 0.000271 0.397946
v 0.428884 -0.039838 0.375201
v 0.365952 -0.241646 0.481747
v 0.341775 -0.274556 0.492299
v 0.378803 -0.272670 0.460898
v 0.307690 -0.296777 0.507149
v 0.344141 -0.304576 0.474311
v 0.385711 -0.303199 0.437323
v 0.344623 -0.334063 0.449944
v 0.301638 -0.327678 0.489793
v 0.313400 -0.248468 0.521551
v 0.311675 -0.268140 0.517341
v 0.333671 -0.246849 0.506991
v 0.403802 -0.231924 0.448545
v 0.419109 -0.265181 0.423583
v 0.103000 -0.480870 0.406015
v 0.146605 -0.476982 0.403901
v 0.093875 -0.485813 0.379066
v 0.153676 -0.482187 0.375953
v 0.190782 -0.477412 0.378039
v 0.230068 -0.485720 0.298179
v 0.207755 -0.482092 0.343855
v 0.156182 -0.486842 0.340921
v 0.045131 -0.483479 0.409883
v 0.173523 -0.472112 0.406052
v -0.716930 -0.202489 0.040235
v -0.734226 -0.195771 0.047858
v -0.713214 -0.209651 0.052286
v -0.754093 -0.186043 0.053680
v -0.730135 -0.204486 0.058023
v -0.710153 -0.218064 0.061216
v -0.748208 -0.206068 0.067661
v -0.726932 -0.214383 0.065129
v -0.750577 -0.195613 0.061966
v -0.764765 -0.168725 0.029573
v -0.758688 -0.177268 0.042841
v -0.739368 -0.187915 0.034720
v -0.697637 -0.213474 0.045232
v -0.695524 -0.219723 0.055494
v -0.707677 -0.228153 0.066933
v -0.693625 -0.227684 0.062858
v -0.706058 -0.239775 0.070959
v -0.692080 -0.237901 0.067765
v -0.692080 -0.250107 0.071886
v -0.724566 -0.225460 0.069605
v -0.748013 -0.227501 0.070109
v -0.777325 -0.201343 0.071244
v -0.781071 -0.209961 0.069037
v -0.808771 -0.170319 0.070779
v -0.813329 -0.178647 0.070889
v -0.820862 -0.184709 0.066621
v -0.879906 -0.113541 0.070884
v -0.852488 -0.150185 0.069407
v -0.844550 -0.143845 0.071284
v -0.775836 -0.191373 0.069525
v -0.747336 -0.217004 0.070621
v -0.755342 -0.242716 0.055557
v -0.750475 -0.236472 0.065317
v -0.787510 -0.216080 0.062158
v -0.656137 -0.056721 -0.032399
v -0.641672 -0.009931 -0.010378
v -0.639870 -0.007140 -0.034438
v -0.622485 0.040205 -0.013262
v -0.620451 0.043526 -0.032784
v -0.601321 0.090853 -0.012100
v -0.657786 -0.059587 -0.006128
v -0.642119 -0.029731 -0.086978
v -0.652541 -0.050914 -0.058278
v -0.634741 0.002667 -0.056569
v -0.528162 0.244757 0.057546
v -0.530113 0.245342 0.033086
v -0.537767 0.228176 0.042067
v -0.534344 0.239802 0.009406
v -0.539123 0.228113 0.023624
v -0.544738 0.211262 0.031755
v -0.544731 0.213444 -0.003767
v -0.544586 0.213006 0.017954
v -0.541340 0.223753 0.001658
v -0.493997 0.278137 0.016695
v -0.521670 0.258033 0.016013
v -0.516400 0.262136 0.046487
v -0.546695 0.205038 0.051542
v -0.537190 0.225337 0.058763
v -0.545420 0.208524 0.042844
v -0.519331 -0.453297 0.057438
v -0.511098 -0.461158 0.093389
v -0.510439 -0.454584 0.107550
v -0.501181 -0.468966 0.129850
v -0.499744 -0.462720 0.139895
v -0.488733 -0.470338 0.168867
v -0.518739 -0.464971 0.021732
v -0.510916 -0.467112 0.085536
v -0.519022 -0.459506 0.040285
v -0.521073 -0.445746 0.077018
v -0.331750 0.305728 -0.156706
v -0.388868 0.300200 -0.122367
v -0.341153 0.308236 -0.090371
v -0.440950 0.292377 -0.097182
v -0.408302 0.299441 -0.060749
v -0.368956 0.305917 -0.023761
v -0.436550 0.294696 0.000848
v -0.463786 0.288557 -0.040242
v -0.413842 0.289998 -0.194936
v -0.424746 0.292230 -0.151384
v -0.380762 0.297247 -0.179479
v -0.194458 0.326117 -0.095768
v -0.270797 0.314755 -0.129256
v -0.290115 0.315692 -0.055864
v -0.806760 -0.160894 0.067123
v -0.839685 -0.135602 0.069120
v -0.806490 -0.151524 0.060897
v -0.836896 -0.126939 0.063908
v -0.867063 -0.098579 0.066776
v -0.860294 -0.084404 0.052563
v -0.863273 -0.091038 0.060447
v -0.835385 -0.118759 0.056631
v -0.776368 -0.181116 0.064752
v -0.872275 -0.106510 0.070592
v -0.723022 -0.247788 0.067166
v -0.723429 -0.236904 0.070227
v -0.702015 -0.263182 0.063520
v -0.703949 -0.251816 0.068927
v -0.687138 -0.264000 0.067893
v -0.723924 -0.256966 0.059567
v -0.701258 -0.272483 0.053281
v -0.683890 -0.275646 0.060619
v -0.702377 -0.278727 0.037781
v -0.681898 -0.284851 0.048116
v -0.681513 -0.291168 0.030088
v -0.726944 -0.263215 0.046807
v -0.770671 -0.245617 0.021685
v -0.738476 -0.265446 0.009246
v -0.732477 -0.265771 0.029476
v -0.709991 -0.280321 -0.002737
v -0.705873 -0.281131 0.018454
v -0.683208 -0.293487 0.008684
v -0.778175 -0.242089 -0.020141
v -0.742844 -0.263065 -0.011863
v -0.776366 -0.244302 0.000721
v -0.762853 -0.245439 0.040590
v -0.646100 -0.321169 0.047699
v -0.640615 -0.325435 0.083090
v -0.644073 -0.327426 0.015483
v -0.637452 -0.336194 0.046472
v -0.629436 -0.342188 0.087178
v -0.625643 -0.353357 0.044453
v -0.635315 -0.342011 0.006683
v -0.652849 -0.314528 0.020388
v -0.631860 -0.329110 0.125520
v -0.632347 0.152793 0.051317
v -0.604706 0.158628 0.060427
v -0.648738 0.157733 0.059620
v -0.566484 0.164934 0.066966
v -0.611305 0.164152 0.066071
v -0.663915 0.163203 0.065517
v -0.621405 0.170514 0.069605
v -0.564073 0.170431 0.069799
v -0.568678 0.159927 0.062046
v -0.594909 0.153215 0.051494
v -0.723384 0.150285 0.050005
v -0.676524 0.151974 0.050847
v -0.697607 0.156336 0.058928
v -0.675077 0.208221 -0.040335
v -0.661774 0.211612 -0.026465
v -0.608482 0.209233 -0.038798
v -0.638139 0.213466 -0.009399
v -0.598904 0.212037 -0.024786
v -0.545015 0.209253 -0.038383
v -0.544833 0.211740 -0.025170
v -0.581026 0.213571 -0.006046
v -0.763425 0.210105 -0.016732
v -0.701850 0.212567 -0.012999
v -0.725843 0.209858 -0.029286
v -0.546497 0.201700 -0.056824
v -0.613854 0.205358 -0.049673
v -0.545508 0.205950 -0.048741
v 0.312750 -0.187620 0.525002
v 0.344141 -0.212249 0.502741
v 0.346842 -0.166344 0.497911
v 0.379032 -0.198881 0.473844
v 0.314089 -0.226524 0.524082
v 0.307518 -0.136907 0.521256
v -0.904591 -0.118339 0.057688
v -0.877500 -0.153116 0.051097
v -0.863817 -0.153415 0.062763
v -0.844970 -0.186905 0.044243
v -0.831687 -0.187465 0.057458
v -0.797415 -0.218701 0.050782
v -0.932958 -0.108577 0.022187
v -0.891245 -0.150082 0.034600
v -0.919393 -0.114998 0.043398
v -0.890893 -0.117849 0.066726
v -0.854152 -0.188994 0.003292
v -0.813157 -0.219023 0.013114
v -0.852188 -0.187280 0.024541
v -0.806475 -0.219288 0.033326
v -0.815148 -0.218721 -0.008214
v -0.893782 -0.153063 0.013594
v -0.809316 -0.134465 0.043361
v -0.807370 -0.142741 0.052908
v -0.781376 -0.162338 0.048626
v -0.778317 -0.171378 0.057726
v -0.834755 -0.111228 0.048083
v -0.785706 -0.153668 0.037529
v -0.686136 0.169175 0.069277
v -0.718969 0.161276 0.065027
v -0.721207 0.174994 0.070871
v -0.744260 0.166458 0.069020
v -0.770034 0.158020 0.064642
v -0.813149 0.165616 0.070831
v -0.792812 0.162233 0.068848
v -0.775032 0.170874 0.070951
v -0.652741 0.177390 0.070869
v -0.747301 0.153880 0.058278
v -0.521250 -0.452670 -0.042194
v -0.523037 -0.452615 0.006635
v -0.526877 -0.444864 -0.023267
v -0.526710 -0.444997 0.026915
v -0.536475 -0.434864 -0.002335
v -0.533694 -0.435422 0.048830
v -0.521403 -0.458759 -0.013012
v -0.526135 -0.434847 -0.103587
v -0.522043 -0.445092 -0.072276
v -0.533699 -0.434832 -0.053653
v -0.502278 -0.472107 0.067838
v -0.485902 -0.474861 0.118136
v -0.502743 -0.473961 0.004134
v -0.486281 -0.477924 0.055834
v -0.485407 -0.479533 -0.010036
v -0.513672 -0.468572 0.015013
v -0.474628 0.273275 -0.165944
v -0.492153 0.271123 -0.118941
v -0.462676 0.284331 -0.132321
v -0.507350 0.267235 -0.076184
v -0.480867 0.281903 -0.081568
v -0.500699 0.275149 -0.035857
v -0.527597 0.212539 -0.142634
v -0.514149 0.251059 -0.110650
v -0.499529 0.253485 -0.152721
v -0.445463 0.283992 -0.181428
v 0.211578 -0.466016 0.398556
v 0.228139 -0.459519 0.387804
v 0.198548 -0.459969 0.407444
v 0.244456 -0.452897 0.377485
v 0.212688 -0.453030 0.400195
v 0.226128 -0.445369 0.395783
v 0.270602 -0.464686 0.352970
v 0.258843 -0.459149 0.364049
v 0.237617 -0.465331 0.380138
v 0.185370 -0.466500 0.414273
v -0.555427 0.176476 -0.096348
v -0.549863 0.190981 -0.081711
v -0.541567 0.208034 -0.092103
v -0.550415 0.189979 -0.068465
v -0.543286 0.207282 -0.075039
v -0.533899 0.228633 -0.078098
v -0.539771 0.218171 -0.063020
v -0.548126 0.196280 -0.063490
v -0.556469 0.176816 -0.071923
v -0.553291 0.183282 -0.071186
v -0.559428 0.169602 -0.083095
v -0.545453 0.192140 -0.113559
v -0.529673 0.228958 -0.102810
v -0.489192 -0.474174 -0.111143
v -0.474608 -0.471645 -0.174352
v -0.469713 -0.477175 -0.142131
v -0.457864 -0.467170 -0.238253
v -0.455732 -0.472924 -0.207402
v -0.446450 -0.479291 -0.179289
v -0.425361 -0.466783 -0.288187
v -0.434888 -0.473734 -0.240849
v -0.441832 -0.467057 -0.264859
v -0.492985 -0.466415 -0.158828
v -0.473461 -0.467043 -0.207020
v -0.492416 -0.469454 -0.140595
v -0.480050 -0.479413 -0.075097
v -0.455917 -0.482987 -0.107430
v 0.399179 -0.353277 0.372008
v 0.435443 -0.322149 0.364866
v 0.391328 -0.330405 0.408196
v 0.466074 -0.287207 0.353830
v 0.427849 -0.296220 0.396914
v 0.457359 -0.256901 0.381643
v 0.481106 -0.331836 0.281975
v 0.474077 -0.311524 0.320310
v 0.443156 -0.343683 0.327229
v 0.350308 -0.359634 0.416184
v -0.734351 -0.195341 -0.048588
v -0.707480 -0.211435 -0.049273
v -0.729890 -0.204129 -0.057556
v -0.682845 -0.224798 -0.049985
v -0.705263 -0.218381 -0.058268
v -0.726565 -0.212961 -0.064657
v -0.678190 -0.240297 -0.065817
v -0.702532 -0.226724 -0.065374
v -0.681776 -0.230185 -0.057956
v -0.682583 -0.217587 -0.019623
v -0.682990 -0.220967 -0.039473
v -0.711085 -0.204588 -0.037626
v -0.777730 -0.176858 -0.062553
v -0.756042 -0.186823 -0.056739
v -0.751551 -0.196685 -0.063660
v -0.653236 -0.315450 -0.007260
v -0.645075 -0.326214 -0.017167
v -0.667501 -0.301555 -0.023714
v -0.656102 -0.309531 -0.034211
v -0.649800 -0.315997 -0.048388
v -0.678485 -0.275076 -0.064337
v -0.661089 -0.297212 -0.058425
v -0.671694 -0.292430 -0.046080
v -0.665334 -0.304661 0.000414
v -0.638449 -0.336099 -0.033956
v -0.563383 0.165282 -0.067618
v -0.579302 0.128586 -0.074872
v -0.584462 0.120263 -0.066486
v -0.590859 0.100288 -0.085404
v -0.601418 0.079327 -0.074947
v -0.602737 0.080821 -0.060342
v -0.621980 0.031625 -0.070472
v -0.614894 0.042956 -0.087815
v -0.570604 0.145879 -0.080254
v -0.559768 0.170961 -0.070881
v -0.572673 0.151936 -0.048498
v -0.567371 0.159477 -0.061571
v -0.584764 0.123721 -0.052968
v -0.658980 0.185234 -0.070889
v -0.674822 0.191458 -0.067251
v -0.610266 0.187775 -0.069917
v -0.681608 0.197675 -0.060839
v -0.614846 0.194236 -0.065479
v -0.615926 0.200246 -0.058543
v -0.795146 0.187410 -0.065976
v -0.740960 0.193724 -0.063243
v -0.723709 0.187807 -0.068820
v -0.602110 0.181196 -0.071916
v -0.418545 -0.480748 -0.222939
v -0.425526 -0.485658 -0.150902
v -0.385844 -0.481330 -0.270454
v -0.387588 -0.487407 -0.204563
v -0.386876 -0.491330 -0.113801
v -0.269083 -0.493126 -0.251159
v -0.334087 -0.493051 -0.176116
v -0.343419 -0.487789 -0.263595
v -0.411346 -0.474121 -0.276276
v -0.428882 -0.488436 -0.064827
v 0.472668 -0.033371 0.307104
v 0.459278 -0.067213 0.347551
v 0.484322 -0.083090 0.315755
v 0.468338 -0.121110 0.357623
v 0.492970 -0.130912 0.322131
v 0.474467 -0.172120 0.363017
v 0.446319 -0.012015 0.335667
v 0.511845 -0.052991 0.243048
v 0.494242 -0.045755 0.275491
v 0.505026 -0.090883 0.281658
v 0.377003 0.139333 0.326864
v 0.340950 0.182632 0.340154
v 0.356527 0.129738 0.359214
v 0.304497 0.223139 0.350287
v 0.313967 0.178357 0.372133
v 0.330016 0.118136 0.394421
v 0.280679 0.168055 0.408034
v 0.270002 0.221267 0.383009
v 0.351359 0.217279 0.299786
v 0.331482 0.221347 0.321874
v 0.361442 0.185983 0.311649
v 0.395589 0.082675 0.343303
v 0.374760 0.066956 0.378844
v -0.111277 0.349547 0.054158
v -0.109490 0.356866 0.035140
v -0.126761 0.348892 0.031512
v -0.105984 0.363287 0.026932
v -0.118218 0.355896 0.016203
v -0.134864 0.347848 0.008717
v -0.110315 0.363225 -0.007990
v -0.121194 0.354952 -0.002967
v -0.110779 0.362613 0.010598
v -0.079563 0.362033 0.056751
v -0.095817 0.363562 0.042232
v -0.094243 0.356716 0.053863
v -0.134459 0.340899 0.062511
v -0.151543 0.340122 0.034998
v -0.132660 0.346501 -0.037207
v -0.160770 0.338920 -0.023729
v -0.136791 0.347061 -0.013951
v -0.196462 0.331127 0.009954
v -0.159559 0.339637 0.006383
v -0.188446 0.331317 0.044935
v -0.198203 0.329965 -0.030008
v -0.154389 0.338011 -0.056861
v -0.119130 0.354334 -0.022322
v 0.263866 -0.473961 0.334872
v 0.238199 -0.470623 0.366703
v 0.230421 -0.476478 0.354249
v 0.206983 -0.471822 0.386565
v 0.268603 -0.468422 0.346241
v 0.253476 -0.479803 0.319868
v -0.672521 -0.148720 -0.076199
v -0.669947 -0.149885 -0.101128
v -0.675334 -0.191565 -0.092740
v -0.666004 -0.154025 -0.128716
v -0.672378 -0.194931 -0.116530
v -0.673895 -0.226334 -0.102934
v -0.661312 -0.247113 -0.153545
v -0.669905 -0.233648 -0.124860
v -0.667173 -0.201370 -0.143586
v -0.658406 -0.099464 -0.109976
v -0.662498 -0.098914 -0.081423
v -0.677096 -0.192247 -0.071424
v -0.676006 -0.226397 -0.083270
v -0.669657 -0.261573 -0.071991
v -0.691288 -0.258293 -0.070692
v -0.693922 -0.248028 -0.072066
v -0.714429 -0.253962 -0.066689
v -0.715858 -0.243803 -0.071264
v -0.719301 -0.232858 -0.072068
v -0.767548 -0.217272 -0.070014
v -0.741944 -0.226824 -0.071871
v -0.740400 -0.237151 -0.068383
v -0.692045 -0.267303 -0.065247
v -0.669907 -0.269142 -0.070632
v -0.672743 -0.252556 -0.070826
v -0.698469 -0.236959 -0.070272
v -0.771738 -0.233865 -0.053478
v -0.740997 -0.246249 -0.060632
v -0.743041 -0.253473 -0.048398
v -0.715393 -0.262570 -0.057374
v -0.717307 -0.269609 -0.043941
v -0.696483 -0.275029 -0.053903
v -0.768558 -0.226534 -0.063948
v -0.775754 -0.238908 -0.038663
v -0.745172 -0.258732 -0.032202
v -0.573723 0.136917 -0.092940
v -0.594694 0.086833 -0.100828
v -0.569650 0.140755 -0.110098
v -0.591458 0.084899 -0.122617
v -0.561227 0.148381 -0.133201
v -0.618859 0.024109 -0.108609
v -0.625870 0.164157 -0.067231
v -0.614139 0.168380 -0.069884
v -0.591528 0.163977 -0.066883
v -0.619031 0.173430 -0.071606
v -0.587833 0.169434 -0.070392
v -0.592168 0.175029 -0.071948
v -0.658336 0.171743 -0.071091
v -0.641739 0.172258 -0.071254
v -0.643853 0.168757 -0.070022
v -0.605821 0.158783 -0.061621
v -0.712472 0.179009 -0.071856
v -0.692695 0.182370 -0.071484
v -0.661714 0.177058 -0.072028
v -0.637134 0.179122 -0.072103
v -0.753623 0.183322 -0.070349
v -0.677750 0.174719 -0.071748
v -0.504934 -0.453087 -0.132227
v -0.510651 -0.459466 -0.102450
v -0.514909 -0.452982 -0.088622
v -0.515848 -0.464649 -0.074330
v -0.518010 -0.458959 -0.059995
v -0.519796 -0.464269 -0.036632
v -0.508402 -0.465396 -0.110003
v -0.499494 -0.459891 -0.144215
v -0.513195 -0.445074 -0.118691
v 0.047120 0.332538 0.106947
v 0.003665 0.342201 0.091086
v -0.011427 0.339765 0.107032
v -0.024995 0.351431 0.077663
v -0.039472 0.349165 0.085711
v -0.055811 0.345322 0.095583
v -0.071580 0.354242 0.071883
v -0.056330 0.357768 0.069792
v 0.068406 0.335147 0.059300
v 0.015454 0.343837 0.076154
v 0.059791 0.333970 0.084139
v 0.030354 0.330160 0.132274
v -0.029477 0.335827 0.127099
v 0.277369 -0.436441 0.366568
v 0.259510 -0.445669 0.370628
v 0.291928 -0.446321 0.340949
v 0.274795 -0.453220 0.352096
v 0.301966 -0.454132 0.325010
v 0.286799 -0.459394 0.338885
v 0.240610 -0.436274 0.395690
v 0.354933 -0.436976 0.279097
v 0.314227 -0.436626 0.330252
v 0.322302 -0.447548 0.307322
v -0.910618 -0.134263 -0.022484
v -0.876750 -0.165999 -0.028901
v -0.887597 -0.159792 -0.008509
v -0.841152 -0.193412 -0.037092
v -0.849477 -0.191798 -0.018094
v -0.811765 -0.218271 -0.028454
v -0.881505 -0.149522 -0.052136
v -0.864884 -0.169477 -0.045495
v -0.895631 -0.143211 -0.040140
v -0.923521 -0.122989 -0.001288
v -0.805713 -0.216075 -0.045552
v -0.799986 -0.211145 -0.058523
v -0.832709 -0.191880 -0.052219
v -0.827107 -0.186163 -0.063003
v -0.856901 -0.167091 -0.057886
v -0.796463 -0.203444 -0.067018
v -0.524849 0.154830 -0.226135
v -0.546297 0.096763 -0.240347
v -0.551917 0.119953 -0.202387
v -0.561949 0.038946 -0.262435
v -0.573675 0.053491 -0.222681
v -0.580379 0.070926 -0.184544
v -0.614064 -0.059877 -0.230127
v -0.600871 0.002083 -0.206440
v -0.589077 -0.008877 -0.246831
v -0.509771 0.115978 -0.289314
v -0.534441 0.081601 -0.276900
v -0.519099 0.131165 -0.260469
v -0.526852 0.183090 -0.188337
v -0.555038 0.142184 -0.164704
v -0.751769 0.141734 0.025768
v -0.785059 0.141866 0.037796
v -0.795061 0.137849 0.024456
v -0.813739 0.142334 0.048531
v -0.826370 0.136057 0.037142
v -0.834513 0.131492 0.023726
v -0.888159 0.121162 0.049410
v -0.862248 0.127167 0.036822
v -0.853295 0.134428 0.048476
v -0.769889 0.147281 0.049130
v -0.740705 0.145357 0.038871
v -0.767898 0.138533 -0.006723
v -0.759672 0.139463 0.010826
v -0.803741 0.135063 0.009469
v -0.504612 -0.469869 -0.088025
v -0.511471 -0.469411 -0.040110
v -0.498470 -0.474746 -0.053633
v -0.012831 0.353008 0.069370
v -0.041943 0.359659 0.067451
v -0.004610 0.355137 0.060642
v -0.029067 0.360893 0.063875
v -0.050823 0.366660 0.061097
v -0.026741 0.368395 0.058068
v -0.037513 0.367560 0.060607
v -0.018638 0.362568 0.058783
v 0.020174 0.346314 0.062371
v -0.065078 0.365111 0.059572
v 0.416168 -0.389428 0.286225
v 0.408072 -0.372857 0.330372
v 0.372998 -0.398851 0.329695
v 0.361839 -0.380783 0.374239
v 0.328109 -0.404570 0.371181
v 0.312710 -0.385610 0.415657
v 0.450047 -0.362053 0.285566
v 0.383453 -0.413940 0.284046
v 0.341370 -0.420927 0.327009
v 0.303095 0.251194 0.328383
v 0.269185 0.253930 0.358267
v 0.308415 0.266173 0.304341
v 0.272069 0.272313 0.333398
v 0.231388 0.274102 0.364776
v 0.231690 0.285148 0.338703
v 0.277863 0.281598 0.305023
v 0.331812 0.243788 0.302069
v 0.228562 0.253350 0.389928
v -0.054756 0.372857 0.058703
v -0.069029 0.371393 0.055040
v -0.055448 0.379301 0.058808
v -0.070768 0.377929 0.054433
v -0.083739 0.374741 0.047022
v -0.092199 0.395450 0.050767
v -0.085330 0.382542 0.047914
v -0.071742 0.385923 0.056564
v -0.040144 0.373434 0.059163
v -0.082749 0.368492 0.049268
v -0.114690 0.400218 -0.023729
v -0.104992 0.389781 -0.028194
v -0.110205 0.390415 -0.013834
v -0.098703 0.379321 -0.031297
v -0.105110 0.380421 -0.016460
v -0.108131 0.383507 -0.002480
v -0.106379 0.373592 -0.004174
v -0.103673 0.370596 -0.020236
v -0.095530 0.405243 -0.058968
v -0.095782 0.390181 -0.043141
v -0.108173 0.401839 -0.040043
v -0.117356 0.398851 -0.002480
v -0.117141 0.399336 -0.010426
v -0.112956 0.392717 -0.002145
v -0.617207 -0.157128 -0.276138
v -0.629961 -0.200061 -0.256186
v -0.635700 -0.159322 -0.234535
v -0.635168 -0.240045 -0.238683
v -0.646010 -0.203551 -0.215870
v -0.649855 -0.159807 -0.195148
v -0.658586 -0.204711 -0.176821
v -0.649543 -0.244025 -0.196718
v -0.601898 -0.224305 -0.312307
v -0.618554 -0.233361 -0.278659
v -0.610723 -0.195321 -0.296263
v -0.618949 -0.112305 -0.253777
v -0.634846 -0.111090 -0.212667
v -0.854677 0.150684 -0.068722
v -0.813249 0.153750 -0.065289
v -0.831404 0.147628 -0.062576
v -0.769739 0.154425 -0.061039
v -0.792420 0.150382 -0.058700
v -0.806625 0.145522 -0.054033
v -0.751129 0.148868 -0.050020
v -0.772583 0.147956 -0.051354
v -0.756929 0.150932 -0.054647
v -0.803024 0.163535 -0.070264
v -0.786800 0.158743 -0.066626
v -0.833738 0.157721 -0.069872
v -0.879409 0.132459 -0.060462
v -0.868502 0.142609 -0.066076
v -0.843783 0.140812 -0.057426
v -0.878367 0.156824 0.071184
v -0.897589 0.142146 0.070122
v -0.869045 0.150994 0.069320
v -0.911390 0.126265 0.067558
v -0.887162 0.137734 0.065622
v -0.855502 0.146671 0.064605
v -0.873445 0.134843 0.058158
v -0.901093 0.123029 0.060632
v -0.928856 0.137151 0.070829
v -0.920392 0.130975 0.071036
v -0.906405 0.147981 0.071169
v -0.845554 0.162775 0.071094
v -0.834285 0.157246 0.068867
v -0.428110 0.273739 -0.254734
v -0.392668 0.283504 -0.264847
v -0.400062 0.273822 -0.291815
v -0.349174 0.291970 -0.266703
v -0.361360 0.283369 -0.302389
v -0.372054 0.273125 -0.325340
v -0.284680 0.288712 -0.348952
v -0.330978 0.282347 -0.338430
v -0.315259 0.291170 -0.307964
v -0.384125 0.291360 -0.227804
v -0.422393 0.283309 -0.225752
v -0.432575 0.249040 -0.291917
v -0.431100 0.261681 -0.277138
v -0.406686 0.261346 -0.308953
v -0.384612 -0.466001 -0.334962
v -0.352447 -0.472652 -0.346171
v -0.384662 -0.473809 -0.311185
v -0.310544 -0.477702 -0.361281
v -0.350038 -0.480470 -0.316235
v -0.302708 -0.485638 -0.322189
v -0.305489 -0.465401 -0.396605
v -0.308735 -0.470281 -0.384668
v -0.355803 -0.465611 -0.360621
v -0.407131 -0.466418 -0.310925
v 0.018587 0.350474 0.049523
v 0.000190 0.358672 0.050767
v 0.037140 0.347133 0.029941
v 0.016144 0.355941 0.036017
v 0.001499 0.363882 0.039101
v 0.014055 0.365216 0.001066
v 0.010057 0.363300 0.023624
v 0.028050 0.354007 0.014591
v 0.048344 0.341351 0.044528
v -0.011919 0.365903 0.051637
v -0.050681 0.396637 0.067658
v -0.053802 0.386900 0.061284
v -0.035107 0.387807 0.061104
v -0.038555 0.379661 0.058843
v -0.021476 0.379549 0.054148
v -0.024547 0.372895 0.055572
v -0.070521 0.395500 0.062933
v -0.008873 0.403154 0.063001
v -0.030737 0.398961 0.067661
v -0.017034 0.388924 0.055882
v -0.132638 0.415800 -0.005341
v -0.124230 0.407396 0.008022
v -0.135586 0.419013 0.008622
v -0.113748 0.397232 0.017630
v -0.121516 0.407834 0.022345
v -0.133975 0.420530 0.024821
v -0.115112 0.408351 0.038693
v -0.106544 0.396092 0.032764
v -0.116759 0.398274 0.005204
v -0.122608 0.405200 -0.003327
v -0.159826 0.442128 -0.008784
v -0.145923 0.428623 -0.007752
v -0.149247 0.431961 0.009049
v -0.159249 0.445871 0.031939
v -0.147852 0.433710 0.027392
v -0.143662 0.435724 0.045572
v -0.129714 0.422478 0.042047
v -0.125014 0.426876 0.058870
v -0.109023 0.412414 0.055142
v -0.161860 0.444664 0.011475
v -0.146865 0.448852 0.065969
v -0.153664 0.447145 0.050844
v -0.138287 0.439340 0.062561
v 0.312080 -0.465386 0.310088
v 0.326488 -0.461903 0.292842
v 0.308580 -0.460391 0.315495
v 0.343936 -0.458924 0.270511
v 0.324926 -0.455911 0.297889
v 0.345300 -0.451188 0.274686
v 0.345105 -0.466715 0.263835
v 0.344586 -0.463947 0.266486
v 0.325603 -0.466046 0.292087
v 0.297078 -0.464836 0.327496
v -0.106654 -0.493079 -0.322056
v -0.004256 -0.495562 -0.270549
v -0.074471 -0.497032 -0.231309
v 0.112615 -0.495835 -0.216525
v 0.055068 -0.497921 -0.170626
v -0.029162 -0.499261 -0.118089
v 0.256517 -0.494830 -0.005051
v 0.114727 -0.498578 -0.057194
v 0.186129 -0.496435 -0.116148
v 0.007778 -0.489661 -0.367815
v 0.048702 -0.493479 -0.302277
v -0.045206 -0.491560 -0.349047
v -0.180830 -0.493841 -0.289151
v -0.160678 -0.497589 -0.184429
v -0.791201 -0.153573 -0.047746
v -0.810183 -0.141162 -0.054418
v -0.817744 -0.128041 -0.046319
v -0.829875 -0.126297 -0.059343
v -0.834833 -0.113899 -0.052311
v -0.841252 -0.100153 -0.043971
v -0.871513 -0.067208 -0.054188
v -0.856241 -0.084639 -0.049525
v -0.852418 -0.097572 -0.056984
v -0.804484 -0.153036 -0.061179
v -0.783335 -0.165789 -0.055832
v -0.812045 -0.126310 -0.027757
v -0.801048 -0.140335 -0.038349
v -0.826609 -0.113854 -0.036972
v 0.062239 0.340044 -0.023009
v 0.051093 0.344097 0.004219
v 0.080590 0.335519 -0.009109
v 0.067949 0.338130 0.018167
v 0.108587 0.329727 -0.002023
v 0.094812 0.331791 0.027634
v 0.037587 0.349819 -0.012340
v 0.112428 0.328291 -0.041077
v 0.090542 0.332693 -0.033586
v 0.112983 0.328638 -0.026530
v 0.005257 0.378414 0.029323
v -0.006247 0.379011 0.044230
v 0.003358 0.370416 0.033306
v -0.009095 0.371495 0.047039
v -0.001569 0.388831 0.044323
v 0.011246 0.370508 0.015508
v -0.088471 0.379271 -0.044320
v -0.096285 0.369969 -0.035612
v -0.074646 0.379141 -0.053618
v -0.084708 0.370121 -0.047931
v -0.096597 0.361913 -0.043661
v -0.065246 0.362315 -0.063230
v -0.082387 0.362273 -0.055447
v -0.070013 0.370219 -0.056391
v -0.081897 0.390131 -0.054730
v -0.106192 0.361883 -0.028006
v -0.151320 0.478709 0.075122
v -0.160888 0.472372 0.064110
v -0.146888 0.471288 0.084544
v -0.165985 0.465096 0.051529
v -0.154426 0.464401 0.072301
v -0.138815 0.462987 0.090236
v -0.144796 0.455586 0.077336
v -0.157292 0.456578 0.060012
v -0.171925 0.478471 0.029866
v -0.170905 0.472782 0.040915
v -0.164124 0.479154 0.051801
v -0.118903 0.474968 0.109121
v -0.135117 0.477120 0.095209
v -0.129400 0.469759 0.101643
v -0.128010 0.453637 0.092265
v -0.119452 0.461628 0.105268
v -0.115754 0.442940 0.090309
v -0.108268 0.452110 0.104544
v -0.097376 0.460576 0.116670
v -0.078994 0.440561 0.105900
v -0.087017 0.450521 0.112854
v -0.096397 0.441336 0.100026
v -0.133512 0.445621 0.078033
v -0.108738 0.468976 0.115168
v -0.854090 -0.158847 -0.066131
v -0.824773 -0.177238 -0.069332
v -0.881191 -0.129201 -0.067471
v -0.853345 -0.147898 -0.070617
v -0.824433 -0.166741 -0.071976
v -0.883527 -0.098664 -0.071718
v -0.853535 -0.135782 -0.072011
v -0.881503 -0.115745 -0.070981
v -0.881470 -0.140600 -0.060799
v -0.795636 -0.193832 -0.071304
v -0.924980 0.088535 0.061774
v -0.920437 0.108766 0.064520
v -0.933763 0.092173 0.067893
v -0.929405 0.112822 0.069715
v -0.942806 0.098192 0.071094
v -0.937986 0.118526 0.071541
v -0.911435 0.105910 0.056419
v -0.937718 0.041419 0.068897
v -0.933186 0.067891 0.065834
v -0.943225 0.074120 0.070087
v -0.891950 0.193309 0.006218
v -0.853118 0.201313 0.010378
v -0.877975 0.196600 -0.010106
v -0.803607 0.207160 0.013866
v -0.838076 0.203886 -0.006153
v -0.860234 0.198587 -0.024966
v -0.816755 0.205408 -0.020833
v -0.787725 0.209183 -0.002203
v -0.830065 0.196865 0.047571
v -0.816157 0.203586 0.030638
v -0.866533 0.196837 0.027382
v -0.915538 0.183122 -0.029391
v -0.908124 0.188062 -0.013894
v -0.893389 0.190526 -0.028171
v -0.544078 -0.405275 -0.174147
v -0.558981 -0.404960 -0.120698
v -0.572201 -0.385683 -0.159215
v -0.568181 -0.405140 -0.064722
v -0.585899 -0.385568 -0.099809
v -0.600706 -0.363722 -0.138066
v -0.612068 -0.363722 -0.077833
v -0.593467 -0.385728 -0.040145
v -0.545015 -0.421536 -0.085851
v -0.534481 -0.421324 -0.137234
v -0.551922 -0.364279 -0.269814
v -0.551332 -0.387062 -0.216012
v -0.582988 -0.363570 -0.199456
v 0.478717 0.098867 0.167083
v 0.482463 0.065417 0.200276
v 0.497205 0.056446 0.169449
v 0.483240 0.032904 0.233795
v 0.499551 0.023581 0.203539
v 0.513292 0.014584 0.173837
v 0.514179 -0.018039 0.207597
v 0.498969 -0.010213 0.238193
v 0.446934 0.119678 0.224758
v 0.465429 0.076251 0.229508
v 0.464000 0.107340 0.197345
v 0.507102 0.073437 0.097190
v 0.492338 0.089751 0.134418
v 0.510546 0.045142 0.138935
v 0.341057 0.254380 0.278404
v 0.320516 0.272760 0.275698
v 0.369183 0.237119 0.256259
v 0.354360 0.259792 0.251146
v 0.337949 0.275546 0.241032
v 0.387963 0.250204 0.206652
v 0.368865 0.263085 0.220610
v 0.379745 0.244352 0.230650
v 0.358931 0.228093 0.280014
v 0.292968 0.285503 0.267805
v 0.357294 0.276625 0.201777
v 0.315756 0.287015 0.222529
v 0.376206 0.275831 0.162011
v 0.339301 0.287120 0.175444
v 0.282653 0.296305 0.196400
v 0.336282 0.294284 0.091236
v 0.308804 0.296043 0.145235
v 0.361779 0.285851 0.129838
v 0.384145 0.263382 0.188127
v 0.255960 0.295236 0.248598
v 0.004577 0.375681 -0.031340
v 0.006057 0.384521 -0.032004
v 0.010649 0.377482 -0.017984
v 0.011874 0.394726 -0.032854
v 0.012441 0.386537 -0.018611
v 0.013270 0.381273 -0.003649
v 0.023090 0.400260 -0.004639
v 0.016521 0.390848 -0.004406
v 0.018662 0.396800 -0.018229
v -0.014957 0.393214 -0.058133
v 0.001319 0.393981 -0.046472
v -0.004385 0.383474 -0.044195
v 0.011019 0.369969 -0.018664
v 0.013303 0.372722 -0.002612
v 0.014702 0.388374 0.011328
v 0.011694 0.378822 0.012470
v 0.017743 0.399146 0.027174
v 0.009215 0.388009 0.028111
v 0.008255 0.400500 0.045260
v 0.021936 0.399091 0.009776
v 0.030948 0.411624 0.024588
v 0.024010 0.413548 0.044670
v 0.045945 0.424285 0.018304
v 0.041955 0.427119 0.041235
v 0.031883 0.430492 0.063733
v 0.068096 0.455991 0.048503
v 0.051568 0.443845 0.058815
v 0.059186 0.440162 0.033396
v 0.032630 0.410310 0.005019
v 0.011439 0.416759 0.064537
v -0.047508 0.409173 0.078732
v -0.067610 0.406894 0.074165
v -0.045107 0.423928 0.093654
v -0.064936 0.419755 0.087685
v -0.084840 0.418618 0.080301
v -0.081872 0.430354 0.094222
v -0.063294 0.433233 0.102015
v -0.026799 0.413868 0.080889
v -0.087964 0.407104 0.066101
v -0.048982 0.454389 0.123281
v -0.044794 0.439654 0.110038
v -0.025352 0.448300 0.116337
v -0.024462 0.431259 0.099059
v -0.003231 0.441369 0.103012
v -0.005322 0.422793 0.083265
v -0.065596 0.446576 0.115001
v -0.015547 0.472142 0.127147
v -0.031721 0.463207 0.127946
v -0.005830 0.458187 0.119033
v -0.073512 0.458532 0.123061
v -0.085145 0.468482 0.124616
v -0.058899 0.466720 0.129326
v -0.074116 0.476308 0.126532
v -0.045164 0.475008 0.129973
v -0.099763 0.476110 0.118741
v -0.016089 0.370416 -0.052016
v -0.025407 0.366091 -0.058988
v -0.028545 0.374544 -0.057019
v -0.032296 0.360576 -0.066326
v -0.038765 0.368270 -0.061554
v -0.043280 0.377195 -0.059785
v -0.054184 0.369716 -0.060912
v -0.047760 0.361656 -0.066898
v -0.013531 0.359042 -0.059212
v -0.020355 0.359567 -0.062751
v -0.014770 0.363177 -0.055427
v -0.016564 0.380061 -0.052191
v -0.030737 0.384888 -0.059320
v -0.059029 0.378557 -0.058850
v -0.047395 0.387437 -0.062731
v -0.064811 0.388996 -0.061251
v -0.053260 0.399763 -0.071041
v -0.073517 0.402027 -0.068300
v -0.033942 0.397187 -0.067848
v -0.173429 0.465413 0.027944
v -0.165623 0.456413 0.039995
v -0.176417 0.465296 0.002315
v -0.170383 0.456041 0.017612
v -0.170678 0.454699 -0.005956
v -0.176402 0.473329 0.015466
v -0.115787 0.487439 0.093999
v -0.136136 0.489488 0.067246
v -0.136623 0.483851 0.084752
v -0.152857 0.489313 0.036277
v -0.153085 0.484863 0.059587
v -0.165538 0.483956 0.032242
v -0.107494 0.496519 0.048371
v -0.133550 0.493616 0.041822
v -0.112663 0.492744 0.075149
v -0.117738 0.481113 0.105081
v 0.424241 -0.402324 0.240869
v 0.455607 -0.377302 0.241959
v 0.434046 -0.410630 0.194888
v 0.460424 -0.389174 0.198324
v 0.488755 -0.363954 0.198077
v 0.489634 -0.384051 0.123721
v 0.489834 -0.375818 0.157176
v 0.465819 -0.396994 0.155639
v 0.397383 -0.423615 0.236159
v 0.485969 -0.349227 0.240639
v -0.624688 -0.309426 -0.200775
v -0.633061 -0.276298 -0.221275
v -0.609484 -0.303529 -0.250532
v -0.617635 -0.269334 -0.265421
v -0.593382 -0.291150 -0.297502
v -0.600556 -0.256461 -0.306555
v -0.645850 -0.280556 -0.176171
v -0.595676 -0.336057 -0.230802
v -0.578660 -0.325842 -0.285231
v -0.834560 -0.096543 -0.004741
v -0.845195 -0.083647 -0.015081
v -0.854475 -0.068508 -0.003482
v -0.855886 -0.070092 -0.023756
v -0.863522 -0.054730 -0.012077
v -0.871061 -0.040235 0.000114
v -0.885848 -0.010006 -0.015448
v -0.878530 -0.025403 -0.007730
v -0.872440 -0.040323 -0.019868
v -0.835870 -0.098927 -0.026490
v -0.823219 -0.111702 -0.016270
v -0.855172 -0.068775 0.014571
v -0.845717 -0.081521 0.005946
v -0.863043 -0.055110 0.007830
v -0.924275 0.065349 0.059033
v -0.917387 0.085791 0.053441
v -0.917759 0.039298 0.055612
v -0.916952 0.062938 0.050392
v -0.911989 0.082205 0.043184
v -0.905076 0.033519 0.035927
v -0.911235 0.059198 0.040030
v -0.910813 0.037399 0.046592
v -0.926377 0.040320 0.063085
v -0.905365 0.102460 0.045977
v -0.833546 0.199983 -0.037097
v -0.873490 0.192065 -0.040600
v -0.794679 0.200655 -0.046752
v -0.842529 0.193547 -0.050255
v -0.882408 0.184786 -0.052361
v -0.847381 0.186580 -0.060107
v -0.798552 0.194386 -0.057646
v -0.784092 0.206075 -0.033031
v -0.904598 0.183420 -0.041732
v -0.434626 -0.434822 -0.302449
v -0.412016 -0.444999 -0.316185
v -0.434411 -0.444349 -0.288517
v -0.396664 -0.453617 -0.326004
v -0.420234 -0.452895 -0.299166
v -0.440403 -0.452510 -0.271873
v -0.431155 -0.460029 -0.281578
v -0.411468 -0.460274 -0.306640
v -0.377661 -0.437391 -0.360599
v -0.384530 -0.446171 -0.344077
v -0.409377 -0.435742 -0.331347
v -0.465870 -0.437513 -0.249964
v -0.453319 -0.435459 -0.274474
v -0.452589 -0.444597 -0.260681
v -0.344991 0.271351 -0.355042
v -0.383526 0.258900 -0.336806
v -0.319707 0.265076 -0.382934
v -0.360618 0.253385 -0.363065
v -0.399520 0.236364 -0.340772
v -0.364423 0.200356 -0.396637
v -0.380884 0.223871 -0.367363
v -0.339426 0.240017 -0.390093
v -0.302586 0.279614 -0.371118
v -0.417852 0.243668 -0.315178
v 0.004173 0.366708 -0.035672
v -0.005297 0.373297 -0.043611
v 0.003588 0.358972 -0.045745
v -0.005537 0.364999 -0.047446
v -0.006732 0.358790 -0.054985
v 0.012900 0.360449 -0.029678
v -0.065108 0.483589 0.121155
v -0.093936 0.483134 0.114381
v -0.056965 0.489803 0.108242
v -0.088758 0.489403 0.102322
v -0.082832 0.494426 0.082515
v -0.033410 0.482529 0.123579
v -0.099418 0.465733 -0.119701
v -0.086792 0.449462 -0.113364
v -0.114950 0.455381 -0.105068
v -0.073382 0.431754 -0.099811
v -0.100125 0.437231 -0.095026
v -0.126036 0.444534 -0.085296
v -0.110077 0.425492 -0.073565
v -0.085535 0.418513 -0.080661
v -0.040499 0.455164 -0.124653
v -0.058314 0.444354 -0.115198
v -0.069866 0.460369 -0.126020
v -0.148932 0.475903 -0.083772
v -0.126716 0.471100 -0.105666
v -0.140154 0.461753 -0.090226
v -0.171527 0.480760 -0.022897
v -0.171550 0.471608 -0.041244
v -0.176830 0.473404 -0.012117
v -0.164698 0.459192 -0.049455
v -0.173829 0.463472 -0.024193
v -0.164846 0.450891 -0.028774
v -0.159566 0.467602 -0.068645
v -0.163674 0.479279 -0.054732
v -0.173711 0.480293 0.006968
v -0.006822 0.348962 -0.076214
v 0.000375 0.352970 -0.060399
v 0.011431 0.345724 -0.074007
v 0.013575 0.352291 -0.049668
v 0.029911 0.344295 -0.060524
v 0.025686 0.352383 -0.031772
v -0.011766 0.355199 -0.064217
v 0.037230 0.326771 -0.153076
v 0.005010 0.340527 -0.099963
v 0.033107 0.336954 -0.094746
v -0.043430 0.346926 -0.090558
v -0.037763 0.354197 -0.075564
v -0.020572 0.347083 -0.087568
v -0.022179 0.354097 -0.071851
v -0.057555 0.354654 -0.074087
v -0.017666 0.338515 -0.114661
v 0.379812 -0.455878 0.210463
v 0.362156 -0.456798 0.243525
v 0.378540 -0.461823 0.211822
v 0.362659 -0.462687 0.239627
v 0.381021 -0.466683 0.207012
v 0.366412 -0.466885 0.231757
v 0.367266 -0.448787 0.241132
v 0.404289 -0.465698 0.149645
v 0.392733 -0.461161 0.180319
v 0.393452 -0.466275 0.180696
v -0.906550 -0.112017 -0.061182
v -0.906955 -0.098077 -0.067613
v -0.928286 -0.096828 -0.050837
v -0.929420 -0.082085 -0.060867
v -0.930380 -0.065959 -0.066958
v -0.962283 -0.041572 -0.049875
v -0.949100 -0.051874 -0.059562
v -0.948325 -0.067148 -0.050430
v -0.904543 -0.125705 -0.051494
v -0.908279 -0.081906 -0.070856
v -0.939640 -0.099624 -0.019341
v -0.923351 -0.113336 -0.037377
v -0.962403 -0.063358 -0.020016
v -0.946729 -0.081478 -0.036530
v -0.964582 -0.049553 -0.037547
v -0.953208 -0.082765 0.000261
v -0.937221 -0.049965 0.066921
v -0.949707 -0.050162 0.058685
v -0.923876 -0.083827 0.063096
v -0.963005 -0.044028 0.046264
v -0.938158 -0.081438 0.051986
v -0.952318 -0.073977 0.036265
v -0.969597 0.002013 0.059083
v -0.968130 -0.018044 0.053910
v -0.956823 -0.021030 0.063315
v -0.911345 -0.081521 0.069437
v -0.448591 0.155234 -0.343675
v -0.439406 0.123106 -0.375753
v -0.479467 0.099959 -0.344859
v -0.429694 0.079639 -0.412116
v -0.473471 0.059565 -0.379041
v -0.511720 0.042429 -0.342408
v -0.496064 -0.063470 -0.419682
v -0.507058 -0.004689 -0.378072
v -0.463518 0.010086 -0.417898
v -0.395604 0.144905 -0.404416
v -0.407515 0.179856 -0.371266
v -0.484130 0.132097 -0.314958
v -0.512273 0.082900 -0.311977
v -0.920040 0.179059 0.037484
v -0.934847 0.166374 0.049140
v -0.906035 0.176898 0.053038
v -0.946903 0.150519 0.057701
v -0.924265 0.161708 0.061019
v -0.895001 0.171231 0.063625
v -0.914880 0.154955 0.068298
v -0.937573 0.144290 0.066459
v -0.965716 0.154522 0.026692
v -0.956581 0.154227 0.044463
v -0.946049 0.167695 0.032587
v -0.884394 0.188939 0.042134
v -0.867930 0.185271 0.056786
v -0.960564 0.113544 0.067181
v -0.962815 0.093609 0.069047
v -0.951838 0.105860 0.070976
v -0.962800 0.071501 0.069555
v -0.953508 0.084002 0.071184
v -0.951673 0.058308 0.070889
v -0.978304 0.091051 0.059125
v -0.971813 0.082503 0.065232
v -0.971131 0.101613 0.063483
v -0.946621 0.125525 0.069607
v -0.905325 0.187840 0.022674
v -0.934345 0.177355 0.017557
v -0.921827 0.183814 0.001403
v -0.944385 0.173247 -0.004379
v -0.930455 0.178864 -0.019101
v -0.956056 0.165469 0.011795
v -0.499667 -0.434375 -0.191318
v -0.519022 -0.421654 -0.183699
v -0.499025 -0.423630 -0.222839
v -0.522587 -0.407719 -0.220550
v -0.494614 -0.414235 -0.256661
v -0.519999 -0.394856 -0.260961
v -0.514726 -0.434435 -0.150140
v -0.482199 -0.435407 -0.225387
v -0.476114 -0.428061 -0.253353
v -0.469123 0.197412 -0.285583
v -0.436210 0.216517 -0.314828
v -0.458826 0.178525 -0.314343
v -0.421570 0.201815 -0.342068
v -0.448756 0.229288 -0.288419
v -0.490869 0.156539 -0.285791
v 0.523369 -0.265224 0.266331
v 0.515690 -0.240529 0.293709
v 0.498125 -0.276845 0.309323
v 0.507795 -0.210633 0.313204
v 0.489792 -0.249545 0.337136
v 0.481281 -0.215515 0.356771
v 0.542901 -0.196348 0.237628
v 0.528011 -0.203646 0.273062
v 0.535300 -0.230500 0.253832
v 0.505643 -0.299313 0.275601
v -0.022971 0.488746 0.109888
v -0.048590 0.494565 0.087820
v 0.009685 0.486542 0.104993
v -0.013730 0.493354 0.089257
v -0.039362 0.497696 0.060354
v 0.022273 0.494098 0.060509
v -0.004855 0.496265 0.062603
v 0.017940 0.491247 0.084174
v -0.001667 0.480096 0.119513
v -0.075076 0.497849 0.054990
v -0.136976 0.428031 -0.041479
v -0.152060 0.444170 -0.048286
v -0.133170 0.435159 -0.063235
v -0.148367 0.452508 -0.070194
v -0.151398 0.436559 -0.026882
v -0.117963 0.417349 -0.052071
v -0.149716 0.491852 0.005396
v -0.164936 0.486552 0.004396
v -0.142115 0.492547 -0.029988
v -0.160103 0.487212 -0.028636
v -0.149514 0.486045 -0.062648
v -0.127758 0.495940 0.008962
v -0.109448 0.489038 -0.095638
v -0.128825 0.491570 -0.065339
v -0.102189 0.495535 -0.063628
v -0.117481 0.496534 -0.027822
v -0.086682 0.498961 -0.022727
v -0.099058 0.498558 0.014371
v -0.132053 0.483249 -0.092642
v -0.049377 0.495250 -0.086011
v -0.081770 0.493029 -0.093392
v -0.070116 0.497836 -0.057888
v -0.054819 0.339023 -0.114239
v -0.071218 0.347221 -0.085958
v -0.077172 0.330617 -0.149535
v -0.093511 0.339065 -0.104254
v -0.098823 0.347011 -0.074732
v -0.131051 0.338198 -0.085294
v -0.125614 0.329882 -0.132741
v -0.029789 0.329837 -0.155704
v -0.078939 0.354839 -0.067298
v -0.597688 -0.111925 -0.297874
v -0.594157 -0.154942 -0.319580
v -0.572371 -0.064012 -0.318481
v -0.570235 -0.110730 -0.344222
v -0.566427 -0.156219 -0.363884
v -0.536765 -0.113277 -0.391872
v -0.539963 -0.061869 -0.366293
v -0.596701 -0.063848 -0.273015
v -0.588163 -0.194591 -0.336181
v -0.895291 0.016600 0.010368
v -0.890163 -0.001143 0.018214
v -0.884561 -0.011902 0.005164
v -0.883030 -0.021422 0.024743
v -0.877757 -0.028586 0.012565
v -0.868882 -0.047324 0.019054
v -0.895386 0.006091 0.030635
v -0.900068 0.026605 0.023594
v -0.890506 0.004064 -0.002887
v -0.921804 0.116125 -0.068208
v -0.935060 0.117307 -0.071516
v -0.920575 0.127856 -0.070606
v -0.949764 0.113661 -0.071738
v -0.937916 0.127879 -0.071666
v -0.917901 0.138103 -0.071606
v -0.956249 0.138643 -0.061206
v -0.936876 0.138673 -0.069992
v -0.955207 0.124363 -0.068707
v -0.938053 0.093887 -0.070319
v -0.943283 0.103592 -0.071878
v -0.932069 0.105456 -0.069575
v -0.905580 0.124878 -0.065659
v -0.898661 0.136025 -0.068760
v -0.884087 0.116277 -0.033888
v -0.899651 0.100416 -0.031572
v -0.897442 0.110338 -0.044750
v -0.907050 0.079722 -0.029611
v -0.907602 0.092228 -0.041229
v -0.908704 0.102665 -0.052474
v -0.914146 0.058076 -0.046459
v -0.914001 0.082660 -0.048676
v -0.911042 0.069537 -0.038793
v -0.897092 0.096668 -0.005838
v -0.902230 0.088769 -0.018579
v -0.890433 0.107287 -0.019601
v -0.879766 0.124288 -0.047803
v -0.897929 0.118764 -0.056761
v -0.901183 0.024663 -0.030608
v -0.906987 0.054103 -0.029208
v -0.901865 0.037309 -0.020106
v -0.905375 0.065089 -0.018599
v -0.902677 0.049235 -0.008292
v -0.903671 0.075147 -0.006480
v -0.908219 0.042119 -0.038403
v -0.893532 0.006903 -0.023009
v -0.896215 0.020330 -0.011370
v -0.903954 0.060275 0.004664
v -0.899366 0.033111 0.001418
v -0.905733 0.069639 0.018099
v -0.902834 0.044285 0.014791
v -0.906665 0.053081 0.027957
v -0.902429 0.084074 0.006770
v -0.901957 0.091403 0.020411
v -0.908261 0.076886 0.031192
v -0.889556 0.108991 0.022042
v -0.902797 0.097432 0.033704
v -0.888299 0.114398 0.035772
v -0.892567 0.103324 0.007990
v -0.964559 0.137774 0.053168
v -0.955476 0.132536 0.063533
v -0.977962 0.123191 0.047511
v -0.969307 0.119898 0.059365
v -0.979379 0.105980 0.054428
v -0.973295 0.139975 0.038446
v -0.463428 -0.424080 -0.283304
v -0.442554 -0.423188 -0.314318
v -0.480994 -0.408971 -0.291662
v -0.454870 -0.408731 -0.327698
v -0.500556 -0.389656 -0.304116
v -0.412992 -0.424585 -0.346026
v 0.076237 0.334727 -0.050227
v 0.047057 0.342950 -0.041140
v 0.099432 0.328253 -0.077528
v 0.058057 0.335892 -0.072118
v 0.077384 0.328246 -0.106635
v 0.109729 0.328193 -0.055047
v -0.027816 0.499226 0.027472
v -0.064571 0.499620 0.020993
v -0.012864 0.499173 -0.006076
v -0.050733 0.499835 -0.015116
v -0.033445 0.498578 -0.048271
v 0.007391 0.497349 0.032829
v -0.061930 0.414725 -0.084274
v -0.039727 0.411692 -0.082280
v -0.047908 0.427713 -0.099224
v -0.024367 0.424048 -0.092620
v -0.031501 0.439852 -0.110453
v -0.019283 0.408571 -0.074564
v 0.406083 -0.439784 0.173028
v 0.388372 -0.448740 0.198052
v 0.406500 -0.448400 0.152134
v 0.396733 -0.455409 0.170961
v 0.411388 -0.454717 0.126412
v 0.406118 -0.460531 0.141861
v 0.385252 -0.439027 0.222037
v 0.434181 -0.437628 0.074619
v 0.422340 -0.439202 0.124658
v 0.420413 -0.447435 0.104054
v -0.500649 -0.186018 -0.448892
v -0.531872 -0.212969 -0.415055
v -0.534936 -0.165554 -0.407676
v -0.556254 -0.242858 -0.379556
v -0.561954 -0.201130 -0.375966
v -0.582611 -0.233171 -0.343130
v -0.497298 -0.265141 -0.443010
v -0.526068 -0.253787 -0.415017
v -0.499232 -0.231109 -0.449822
v -0.500496 -0.131674 -0.438882
v -0.899991 -0.002667 -0.048458
v -0.900525 0.011248 -0.040030
v -0.889012 -0.021205 -0.042889
v -0.891158 -0.006993 -0.033486
v -0.877732 -0.039118 -0.037104
v -0.881625 -0.024491 -0.026852
v -0.909186 0.029053 -0.046599
v -0.887325 -0.035255 -0.051202
v -0.874224 -0.053578 -0.046242
v -0.900983 -0.028411 -0.061961
v -0.911380 0.002010 -0.060100
v -0.899938 -0.016370 -0.055819
v -0.919116 0.031697 -0.059148
v -0.910138 0.015338 -0.053878
v -0.916717 0.045245 -0.053218
v -0.923383 0.007620 -0.067418
v -0.921419 0.018522 -0.064030
v -0.913646 -0.008972 -0.065094
v -0.886668 -0.048211 -0.058300
v -0.888677 -0.060724 0.064277
v -0.894346 -0.067898 0.069280
v -0.904393 -0.023569 0.061819
v -0.910972 -0.028986 0.067643
v -0.918114 -0.036682 0.070931
v -0.930197 0.002053 0.070029
v -0.922167 0.008437 0.065732
v -0.883759 -0.054827 0.057283
v -0.901572 -0.075447 0.071311
v -0.938296 -0.007765 0.071219
v -0.926734 -0.044633 0.070866
v -0.954829 0.016485 0.069689
v -0.947093 -0.016320 0.069072
v -0.962883 0.007917 0.065364
v -0.946544 0.027489 0.070939
v -0.913988 0.010426 0.059185
v -0.906785 0.010860 0.051127
v -0.898087 -0.020238 0.054408
v -0.892497 -0.018402 0.045760
v -0.879294 -0.050275 0.049120
v -0.900720 0.009764 0.041649
v -0.940804 0.166054 -0.044903
v -0.915053 0.175419 -0.051039
v -0.923583 0.166311 -0.058385
v -0.889614 0.177140 -0.060582
v -0.895381 0.169232 -0.066379
v -0.853248 0.179402 -0.066566
v -0.928721 0.175614 -0.037184
v -0.950239 0.154347 -0.052496
v -0.928466 0.156656 -0.064605
v -0.912799 0.110890 -0.061789
v -0.923346 0.101275 -0.064867
v -0.917571 0.093350 -0.057723
v -0.924225 0.082280 -0.061721
v -0.918996 0.071556 -0.054552
v -0.930799 0.089876 -0.067133
v -0.974829 0.146834 -0.018411
v -0.984399 0.129033 -0.025665
v -0.984913 0.134533 -0.002735
v -0.990818 0.107350 -0.031977
v -0.993362 0.113624 -0.010268
v -0.991258 0.119408 0.011708
v -1.000000 0.063025 -0.002018
v -0.997997 0.095381 0.004424
v -0.997832 0.088715 -0.017524
v -0.978619 0.123026 -0.046529
v -0.970349 0.142129 -0.040920
v -0.972632 0.151511 0.004921
v -0.980563 0.138713 0.019434
v 0.587882 -0.078173 0.118484
v 0.593494 -0.060117 0.097520
v 0.574207 -0.069575 0.104786
v 0.596023 -0.046934 0.072900
v 0.576291 -0.056274 0.083355
v 0.557658 -0.064365 0.090758
v 0.558255 -0.047654 0.040307
v 0.557691 -0.055747 0.071316
v 0.577248 -0.046439 0.057571
v 0.631607 -0.050532 0.100941
v 0.614051 -0.048586 0.087783
v 0.609239 -0.065694 0.110598
v 0.558875 -0.093717 0.127209
v 0.569859 -0.087892 0.124223
v 0.557966 -0.075361 0.107570
v 0.561541 -0.130535 0.151401
v 0.584632 -0.116435 0.144740
v 0.577548 -0.101955 0.136492
v 0.612764 -0.098107 0.137396
v 0.599681 -0.088402 0.129528
v 0.624620 -0.071716 0.121212
v 0.566619 -0.174784 0.155569
v 0.595223 -0.130008 0.149333
v 0.563340 -0.148206 0.155747
v 0.560197 -0.114261 0.143293
v 0.413402 0.240414 0.156709
v 0.410753 0.257206 0.126292
v 0.398590 0.260901 0.156214
v 0.408037 0.268375 0.093005
v 0.392745 0.273525 0.125038
v 0.384460 0.282125 0.089407
v 0.431647 0.229095 0.110498
v 0.421827 0.250172 0.100798
v 0.423451 0.235205 0.131157
v 0.401216 0.245372 0.183350
v 0.014280 0.418318 -0.064917
v 0.028252 0.417641 -0.046542
v 0.012813 0.405542 -0.047928
v 0.038290 0.418840 -0.026320
v 0.023130 0.406210 -0.031455
v 0.029779 0.408306 -0.013759
v 0.050163 0.442168 -0.059073
v 0.045831 0.430424 -0.041729
v 0.032063 0.430114 -0.063710
v -0.001467 0.406285 -0.062606
v 0.075258 0.467280 -0.045395
v 0.082624 0.470973 -0.017819
v 0.076442 0.458137 -0.025795
v 0.082596 0.474908 0.011108
v 0.081112 0.462253 0.002705
v 0.070980 0.447830 -0.007610
v 0.072984 0.451973 0.020356
v 0.078788 0.466318 0.032237
v 0.069863 0.485808 -0.034096
v 0.079126 0.481600 -0.012527
v 0.076479 0.478167 -0.039068
v 0.065688 0.454829 -0.052406
v 0.063109 0.444202 -0.034288
v 0.060028 0.481120 0.068740
v 0.038000 0.483806 0.091131
v 0.051065 0.473314 0.087063
v 0.027103 0.476782 0.107065
v 0.036421 0.463797 0.098469
v 0.012216 0.468094 0.116355
v 0.043077 0.489213 0.068333
v 0.068701 0.469926 0.061321
v 0.055556 0.459779 0.075214
v -0.107938 0.479084 -0.114398
v -0.079636 0.474159 -0.127217
v -0.084453 0.485128 -0.116672
v -0.056161 0.480266 -0.127686
v -0.056763 0.489126 -0.112857
v -0.049776 0.468839 -0.131182
v 0.430993 -0.428208 0.138683
v 0.414891 -0.427476 0.187120
v 0.458421 -0.413756 0.101133
v 0.445977 -0.414225 0.148450
v 0.474889 -0.398801 0.112135
v 0.444108 -0.426829 0.089704
v -0.334866 -0.454194 -0.380763
v -0.314394 -0.447320 -0.399406
v -0.295340 -0.454107 -0.407636
v -0.298465 -0.438872 -0.417476
v -0.270982 -0.447088 -0.425217
v -0.250053 -0.453977 -0.431881
v -0.189830 -0.435752 -0.468647
v -0.221606 -0.446523 -0.448155
v -0.250081 -0.438100 -0.443485
v -0.340588 -0.438573 -0.389658
v -0.352080 -0.446996 -0.372003
v -0.322500 -0.460001 -0.387829
v -0.276689 -0.459951 -0.416422
v -0.528579 -0.315315 -0.373719
v -0.563403 -0.305852 -0.334053
v -0.546295 -0.280751 -0.377290
v -0.575957 -0.270334 -0.340787
v -0.542217 -0.339560 -0.327041
v -0.512677 -0.289341 -0.413638
v -0.871246 -0.088482 -0.066016
v -0.891670 -0.065309 -0.068380
v -0.887837 -0.058540 -0.064050
v -0.910665 -0.039283 -0.070204
v -0.904209 -0.036614 -0.066771
v -0.918681 -0.013552 -0.068892
v -0.899266 -0.067281 -0.071159
v -0.875136 -0.095044 -0.069742
v -0.870291 -0.079087 -0.060802
v -0.989469 0.027747 0.036619
v -0.989186 0.008087 0.024054
v -0.979639 -0.007080 0.040845
v -0.984156 -0.016320 0.010913
v -0.974961 -0.032002 0.030078
v -0.965251 -0.059452 0.017120
v -0.995213 0.023846 0.004391
v -0.996682 0.044808 0.019431
v -0.979719 0.013002 0.050135
v -0.992749 0.084444 0.036907
v -0.993624 0.058480 0.035070
v -0.987702 0.067593 0.048443
v -0.985893 0.042049 0.048401
v -0.979479 0.052096 0.058243
v -0.975601 0.026582 0.058585
v -0.998074 0.076374 0.019578
v -0.985553 0.088972 0.050347
v -0.980118 0.074305 0.058515
v -0.961656 0.161246 -0.011073
v -0.960384 0.156916 -0.033441
v -0.947266 0.168817 -0.026032
v 0.011441 0.445696 -0.100996
v 0.014240 0.432046 -0.083300
v -0.007136 0.435552 -0.099356
v -0.003441 0.420637 -0.080699
v 0.032740 0.442798 -0.081628
v -0.013151 0.450079 -0.115845
v 0.022188 0.494458 -0.059247
v 0.004502 0.497669 -0.035987
v 0.038682 0.494755 -0.023594
v 0.023293 0.496757 0.003499
v 0.053239 0.492164 0.011788
v 0.038075 0.493603 0.038893
v -0.013231 0.495835 -0.073782
v 0.051533 0.490887 -0.045117
v 0.064436 0.489488 -0.014276
v -0.334949 -0.428156 -0.408084
v -0.289440 -0.428143 -0.436464
v -0.377236 -0.413898 -0.397727
v -0.333065 -0.415097 -0.429085
v -0.286682 -0.414303 -0.457582
v -0.375195 -0.378139 -0.451933
v -0.332113 -0.398591 -0.453737
v -0.377774 -0.397981 -0.422274
v -0.376179 -0.426801 -0.377677
v -0.240089 -0.426129 -0.462720
v -0.184061 0.294399 -0.370104
v -0.209460 0.301100 -0.315120
v -0.157402 0.302872 -0.322569
v -0.239836 0.306200 -0.255696
v -0.183009 0.310323 -0.254615
v -0.130781 0.312059 -0.261838
v -0.156685 0.320048 -0.185581
v -0.216723 0.315532 -0.185179
v -0.263236 0.297265 -0.310700
v -0.234766 0.292564 -0.359157
v -0.089883 0.294361 -0.389981
v -0.135139 0.294773 -0.381108
v -0.109290 0.303199 -0.331614
v -0.968450 0.035980 0.065474
v -0.971473 0.060974 0.065382
v -0.960259 0.046052 0.069605
v -0.985646 0.122949 0.031475
v -0.987372 0.105803 0.041579
v -0.994004 0.102122 0.024641
v -0.927291 0.045217 -0.064145
v -0.923316 0.058853 -0.059697
v -0.935544 0.055392 -0.068335
v -0.930115 0.069495 -0.065244
v -0.937851 0.077653 -0.069315
v -0.930357 0.030433 -0.067713
v -0.464373 -0.391945 -0.347486
v -0.418617 -0.411289 -0.363747
v -0.465600 -0.372787 -0.377355
v -0.422223 -0.395453 -0.387045
v -0.420983 -0.376263 -0.416991
v -0.508520 -0.368537 -0.331324
v 0.670376 -0.049005 0.118326
v 0.642698 -0.075264 0.128661
v 0.665414 -0.072948 0.132232
v 0.631784 -0.102760 0.141664
v 0.659842 -0.097697 0.141714
v 0.620573 -0.132274 0.149805
v 0.649815 -0.051604 0.111410
v 0.720060 -0.021415 0.118661
v 0.693994 -0.039810 0.120955
v 0.692814 -0.061999 0.131245
v 0.525538 0.044528 0.006800
v 0.533936 0.021083 0.036090
v 0.545245 -0.005546 -0.005906
v 0.540887 -0.002243 0.060674
v 0.548506 -0.015808 0.021817
v 0.560049 -0.043993 -0.019226
v 0.559235 -0.043481 0.006290
v 0.551876 -0.030443 0.048028
v 0.526342 0.032432 0.076713
v 0.515493 0.065582 0.050575
v 0.560934 -0.061749 -0.079772
v 0.538896 0.007970 -0.035910
v 0.560707 -0.048346 -0.044765
v 0.005987 0.458300 -0.114948
v 0.029657 0.454764 -0.097800
v -0.000502 0.469289 -0.122569
v 0.023487 0.465171 -0.109671
v 0.044506 0.463542 -0.091940
v 0.027513 0.476100 -0.108039
v 0.035601 0.471520 -0.102897
v 0.017051 0.473642 -0.114938
v -0.020687 0.463287 -0.126612
v 0.049769 0.453460 -0.076593
v -0.027286 0.474743 -0.129098
v -0.004388 0.478584 -0.121650
v -0.029697 0.484133 -0.121627
v -0.001784 0.485943 -0.110613
v -0.025367 0.491210 -0.103202
v 0.017163 0.480246 -0.110838
v -0.207041 -0.466155 -0.447443
v -0.228097 -0.460256 -0.439782
v -0.182184 -0.460741 -0.456468
v -0.200864 -0.454157 -0.451763
v -0.150906 -0.454759 -0.465451
v -0.167642 -0.446771 -0.465246
v -0.248342 -0.465703 -0.429120
v -0.127538 -0.467195 -0.467695
v -0.167907 -0.466653 -0.460204
v -0.137580 -0.461303 -0.467070
v -0.990143 0.056207 -0.045242
v -0.993157 0.082798 -0.038136
v -0.984873 0.074997 -0.054298
v -0.984436 0.100101 -0.050242
v -0.975846 0.091211 -0.062716
v -0.971291 0.114758 -0.061259
v -0.997272 0.061564 -0.026317
v -0.966621 0.037482 -0.067516
v -0.979529 0.047739 -0.059003
v -0.974044 0.065689 -0.064954
v 0.725822 -0.061509 0.128194
v 0.693344 -0.082795 0.137134
v 0.696845 -0.102645 0.138486
v 0.659225 -0.120315 0.145959
v 0.667285 -0.139540 0.144200
v 0.624188 -0.155832 0.150732
v 0.722724 -0.041200 0.125265
v 0.730799 -0.103269 0.124261
v 0.728918 -0.083020 0.127591
v 0.703639 -0.121382 0.134950
v 0.634038 -0.025230 0.047794
v 0.615410 -0.030153 0.030915
v 0.615408 -0.036914 0.060937
v 0.596910 -0.034346 0.013904
v 0.596553 -0.038513 0.044650
v 0.577640 -0.040505 0.027404
v 0.634678 -0.019481 -0.015058
v 0.616045 -0.027599 -0.000698
v 0.633641 -0.020273 0.016712
v 0.634088 -0.035098 0.076296
v 0.052032 0.472700 -0.086106
v 0.061930 0.464564 -0.070404
v 0.049616 0.481532 -0.081141
v 0.066230 0.475248 -0.064445
v 0.061760 0.484333 -0.057701
v 0.036705 0.478352 -0.098909
v 0.337572 -0.479658 0.208446
v 0.302483 -0.486342 0.197710
v 0.354820 -0.480860 0.159290
v 0.243856 -0.492247 0.179974
v 0.319034 -0.487961 0.133301
v 0.371686 -0.481435 0.101108
v 0.333424 -0.488729 0.059652
v 0.254708 -0.493978 0.098239
v 0.234061 -0.489658 0.245154
v 0.288857 -0.483931 0.248873
v 0.375852 -0.473414 0.175381
v 0.391061 -0.473547 0.130880
v -0.242532 0.125275 -0.505964
v -0.291002 0.116380 -0.489371
v -0.261367 0.176693 -0.473077
v -0.337825 0.107535 -0.467782
v -0.306833 0.169839 -0.453687
v -0.278553 0.219905 -0.440864
v -0.321748 0.212819 -0.419990
v -0.351215 0.160322 -0.430559
v -0.294512 -0.005973 -0.541023
v -0.320139 0.049275 -0.505640
v -0.270373 0.060322 -0.524157
v -0.187609 0.228583 -0.472397
v -0.214302 0.183165 -0.488064
v -0.233859 0.224650 -0.458534
v -0.936009 -0.026405 -0.071434
v -0.932546 -0.047521 -0.069967
v -0.952898 -0.013924 -0.067626
v -0.951151 -0.033516 -0.064537
v -0.968542 -0.002163 -0.059640
v -0.966251 -0.022759 -0.054972
v -0.913359 -0.060859 -0.071938
v -0.953777 0.006508 -0.069884
v -0.968702 0.018007 -0.063780
v -0.940822 0.018522 -0.071881
v -0.927456 -0.010813 -0.071406
v -0.939450 -0.003649 -0.072041
v -0.921225 -0.035680 -0.071986
v -0.930672 0.011848 -0.070132
v -0.953150 0.027302 -0.071401
v 0.605258 -0.252013 0.102690
v 0.615638 -0.228718 0.123516
v 0.592662 -0.237216 0.124433
v 0.626437 -0.202230 0.137359
v 0.596450 -0.213993 0.139495
v 0.573270 -0.222299 0.140035
v 0.570521 -0.202577 0.149353
v 0.602852 -0.187477 0.148755
v 0.656574 -0.229990 0.095638
v 0.643940 -0.217107 0.120023
v 0.628743 -0.242406 0.100978
v 0.576463 -0.262710 0.100401
v 0.587075 -0.258987 0.101947
v 0.575369 -0.240684 0.126187
v 0.145923 0.321594 -0.074909
v 0.139254 0.320460 -0.104404
v 0.184303 0.316697 -0.062661
v 0.198977 0.313356 -0.095931
v 0.196993 0.311507 -0.130997
v 0.317627 0.297205 -0.095498
v 0.261577 0.304151 -0.118209
v 0.246550 0.307776 -0.079055
v 0.137560 0.323910 -0.049073
v 0.124082 0.319155 -0.140025
v 0.038302 0.488991 -0.073707
v 0.007851 0.491285 -0.089294
v 0.025901 0.485235 -0.096430
v 0.428024 -0.453060 0.026717
v 0.422152 -0.453867 0.077760
v 0.425151 -0.459107 0.048358
v 0.417502 -0.459796 0.096908
v 0.422682 -0.464306 0.065936
v 0.414431 -0.464991 0.110720
v 0.429376 -0.446251 0.053041
v 0.428366 -0.463614 -0.025221
v 0.428147 -0.458607 -0.001031
v 0.427439 -0.463814 0.019106
v -0.286084 -0.396805 -0.481482
v -0.239636 -0.410770 -0.483429
v -0.283001 -0.375738 -0.508241
v -0.240466 -0.392652 -0.505870
v -0.193263 -0.403838 -0.507424
v -0.199168 -0.367445 -0.546376
v -0.196674 -0.385498 -0.527995
v -0.237970 -0.372048 -0.529929
v -0.329147 -0.377865 -0.482294
v -0.190165 -0.420377 -0.487419
v -0.255108 -0.323813 -0.566285
v -0.273351 -0.351166 -0.537460
v -0.306936 -0.323073 -0.545796
v -0.320946 -0.352750 -0.514075
v -0.356387 -0.323588 -0.519397
v -0.367899 -0.353470 -0.485658
v -0.225197 -0.349687 -0.555676
v -0.319164 -0.242788 -0.574386
v -0.285860 -0.289781 -0.574323
v -0.340843 -0.287829 -0.549606
v -0.987635 0.005538 -0.029643
v -0.991228 0.033384 -0.036799
v -0.980626 0.005166 -0.046782
v -0.981725 0.027674 -0.052821
v -0.996055 0.033246 -0.016762
v -0.975608 -0.020186 -0.041214
v 0.695918 -0.169952 0.121992
v 0.681123 -0.156151 0.136272
v 0.661106 -0.188120 0.131539
v 0.642733 -0.172685 0.144138
v 0.715223 -0.135265 0.125340
v 0.676021 -0.202100 0.112457
v -0.188738 0.026970 -0.563612
v -0.218702 0.073443 -0.536756
v -0.166495 0.086463 -0.544492
v -0.192526 0.135177 -0.517279
v -0.142135 0.143760 -0.524360
v -0.166063 0.189581 -0.498408
v -0.241973 0.009936 -0.555066
v -0.085330 0.052261 -0.569713
v -0.136266 0.042109 -0.568044
v -0.114862 0.096328 -0.548732
v -0.383903 0.095968 -0.441851
v -0.416126 0.026173 -0.452170
v -0.368291 0.038798 -0.481505
v -0.394018 -0.030180 -0.493801
v -0.344888 -0.018729 -0.520489
v -0.443374 -0.043463 -0.461073
v 0.672450 -0.010326 0.077181
v 0.672753 -0.027484 0.100096
v 0.692537 0.001553 0.087188
v 0.694129 -0.017862 0.106463
v 0.713571 0.019231 0.093262
v 0.717232 -0.000713 0.108184
v 0.653055 -0.032344 0.089766
v 0.704521 0.048818 0.043863
v 0.689391 0.016158 0.062668
v 0.709101 0.036255 0.072888
v 0.652978 -0.018881 0.063678
v 0.651551 -0.011133 0.034018
v 0.670089 0.000616 0.049780
v 0.667350 0.004884 0.019026
v 0.684841 0.022035 0.033336
v 0.650759 -0.008399 0.002372
v 0.402610 0.275536 -0.066161
v 0.376276 0.287595 -0.039330
v 0.406091 0.275933 -0.024526
v 0.336347 0.296298 -0.005034
v 0.378977 0.287397 0.005006
v 0.406905 0.275776 0.017155
v 0.379887 0.286218 0.048975
v 0.336720 0.295960 0.040545
v 0.332332 0.296320 -0.049732
v 0.370055 0.287600 -0.082825
v 0.443793 0.229913 -0.025443
v 0.425296 0.257043 -0.047009
v 0.426180 0.258685 -0.007152
v 0.383727 -0.481210 0.040947
v 0.403692 -0.473239 0.080564
v 0.390469 -0.480161 -0.016515
v 0.411573 -0.472605 0.028479
v 0.413789 -0.471788 -0.022617
v 0.345762 -0.488024 -0.010566
v -0.040811 0.311397 -0.279724
v 0.000062 0.309118 -0.291800
v -0.026429 0.301605 -0.345979
v 0.038489 0.304841 -0.314483
v 0.010134 0.299548 -0.355286
v -0.012231 0.292772 -0.397752
v 0.047397 0.289771 -0.404655
v 0.020764 0.291365 -0.401165
v 0.043494 0.296333 -0.369219
v 0.034996 0.314648 -0.243790
v -0.010302 0.319588 -0.218221
v -0.066060 0.302742 -0.339230
v -0.049117 0.293736 -0.394663
v 0.777143 -0.019608 0.099266
v 0.777577 0.015091 0.099939
v 0.754202 -0.038379 0.115183
v 0.773140 0.040013 0.099569
v 0.751366 -0.013789 0.114548
v 0.746858 0.006835 0.111240
v 0.827653 0.110041 0.064567
v 0.798971 0.074127 0.084407
v 0.800158 0.039538 0.082658
v 0.753622 -0.068313 0.113816
v 0.758153 -0.109531 0.094144
v 0.728873 -0.144590 0.109046
v 0.740217 -0.153350 0.086641
v 0.708983 -0.181628 0.100878
v 0.718823 -0.191193 0.073123
v 0.687485 -0.213649 0.085948
v 0.745207 -0.105108 0.112212
v 0.773739 -0.120375 0.043928
v 0.767640 -0.115500 0.071154
v 0.748148 -0.160612 0.058680
v 0.514354 -0.350549 0.154135
v 0.514336 -0.335354 0.196110
v 0.533069 -0.338558 0.109571
v 0.536619 -0.320627 0.151431
v 0.535153 -0.303776 0.193737
v 0.555032 -0.287095 0.149902
v 0.553755 -0.306680 0.106695
v 0.510968 -0.364631 0.115141
v 0.511380 -0.318443 0.237414
v -0.138552 0.275813 -0.445854
v -0.093818 0.275578 -0.453442
v -0.116901 0.259095 -0.468659
v -0.052370 0.274899 -0.456478
v -0.073152 0.258862 -0.473257
v -0.094760 0.232966 -0.487877
v -0.010277 0.230430 -0.489578
v -0.051031 0.232284 -0.490205
v -0.032536 0.257820 -0.474101
v -0.071158 0.285821 -0.430512
v -0.114208 0.286403 -0.424552
v -0.162769 0.258208 -0.459831
v -0.140709 0.231667 -0.482092
v 0.490334 0.124783 -0.052491
v 0.491216 0.111655 -0.090703
v 0.464562 0.176938 -0.078065
v 0.486961 0.105531 -0.127229
v 0.460579 0.170901 -0.115258
v 0.438718 0.221719 -0.101970
v 0.421493 0.208956 -0.182892
v 0.431350 0.217856 -0.140002
v 0.454935 0.162471 -0.152423
v 0.520175 0.036000 -0.103777
v 0.520560 0.048081 -0.065119
v 0.464892 0.185169 -0.039828
v 0.442946 0.225395 -0.064112
v 0.465339 -0.408916 -0.094022
v 0.474372 -0.406085 -0.049760
v 0.452419 -0.422693 -0.061052
v 0.475297 -0.407262 0.000211
v 0.456022 -0.422566 -0.012400
v 0.440542 -0.435117 -0.028966
v 0.440405 -0.435941 0.022577
v 0.453123 -0.424315 0.038853
v 0.522857 -0.356693 -0.089252
v 0.498642 -0.386070 -0.040145
v 0.491143 -0.388124 -0.089329
v 0.425186 -0.437386 -0.120210
v 0.443134 -0.424895 -0.104611
v 0.435085 -0.435629 -0.077328
v 0.428429 -0.452513 -0.024211
v 0.432609 -0.445222 0.000738
v 0.423964 -0.452555 -0.071711
v 0.430218 -0.444932 -0.050050
v 0.423029 -0.445569 -0.096838
v 0.426480 -0.458427 -0.047219
v 0.109542 -0.485260 -0.378452
v 0.053474 -0.483152 -0.410485
v 0.105434 -0.481208 -0.404680
v 0.010342 -0.479443 -0.436309
v 0.063261 -0.478247 -0.430242
v 0.112298 -0.476537 -0.420894
v 0.051278 -0.470031 -0.455179
v 0.077444 -0.473259 -0.441596
v 0.031388 -0.474234 -0.449727
v -0.001639 -0.484798 -0.410817
v 0.059388 -0.487587 -0.376905
v 0.186974 -0.479813 -0.372725
v 0.154298 -0.482587 -0.375816
v 0.151370 -0.478861 -0.396132
v -0.071018 -0.441543 -0.481762
v -0.058320 -0.449777 -0.478239
v -0.111851 -0.448028 -0.474993
v -0.048247 -0.456855 -0.475725
v -0.099725 -0.455606 -0.473339
v -0.090053 -0.461995 -0.472527
v 0.036605 -0.448647 -0.469629
v -0.006659 -0.452170 -0.475566
v -0.022811 -0.444387 -0.479369
v -0.126868 -0.438737 -0.478949
v -0.447564 -0.323478 -0.452535
v -0.436190 -0.291178 -0.485008
v -0.403433 -0.323970 -0.487757
v -0.427145 -0.252541 -0.507496
v -0.391251 -0.289294 -0.518715
v -0.379233 -0.248120 -0.540801
v -0.467124 -0.258305 -0.473866
v -0.475992 -0.292624 -0.449762
v -0.413835 -0.352743 -0.452335
v 0.729588 -0.196795 0.003642
v 0.725287 -0.196817 0.039733
v 0.700613 -0.224520 0.015553
v 0.695261 -0.221599 0.052668
v 0.670831 -0.244955 0.026682
v 0.665042 -0.239682 0.063645
v 0.753048 -0.163560 0.026252
v 0.679999 -0.236249 -0.048578
v 0.704846 -0.220862 -0.022015
v 0.675451 -0.244355 -0.011845
v 0.482283 0.069755 -0.197640
v 0.482505 0.095081 -0.162800
v 0.506715 0.030503 -0.173142
v 0.512115 0.038563 -0.139733
v 0.529843 -0.017130 -0.154360
v 0.540067 -0.025080 -0.121550
v 0.453738 0.139075 -0.189734
v 0.521048 -0.039780 -0.209481
v 0.505516 0.007512 -0.204568
v 0.524293 -0.024733 -0.184149
v 0.414109 0.253645 -0.124601
v 0.421335 0.255289 -0.086186
v 0.386496 0.274354 -0.145280
v 0.396011 0.275041 -0.106453
v 0.361594 0.287317 -0.124603
v 0.403642 0.251626 -0.162703
v 0.178923 -0.490348 -0.281318
v 0.239673 -0.490897 -0.212522
v 0.149483 -0.493246 -0.253885
v 0.302830 -0.489598 -0.138713
v 0.220571 -0.493823 -0.169692
v 0.289904 -0.492334 -0.082175
v 0.311251 -0.483481 -0.220550
v 0.307962 -0.486695 -0.183862
v 0.254905 -0.487697 -0.245262
v 0.091859 -0.491052 -0.324565
v 0.045736 -0.460396 -0.466835
v 0.005907 -0.464034 -0.470106
v 0.000627 -0.458460 -0.473397
v -0.034345 -0.468517 -0.469431
v -0.040836 -0.462912 -0.473477
v -0.082084 -0.467827 -0.470668
v 0.011784 -0.469266 -0.463682
v 0.048447 -0.465588 -0.462367
v 0.043359 -0.454939 -0.468319
v -0.148707 -0.392744 -0.530909
v -0.141880 -0.410315 -0.511224
v -0.107796 -0.377420 -0.553674
v -0.095845 -0.396959 -0.533627
v -0.085967 -0.413793 -0.514228
v 0.006514 -0.383489 -0.548495
v -0.038635 -0.399651 -0.532878
v -0.052685 -0.380790 -0.553819
v -0.158107 -0.372902 -0.550389
v -0.135449 -0.425647 -0.493206
v 0.084680 0.274579 -0.437840
v 0.073026 0.256833 -0.459666
v 0.052457 0.273979 -0.447250
v 0.063159 0.228301 -0.480203
v 0.039456 0.256571 -0.467177
v 0.019647 0.273914 -0.452815
v 0.004660 0.256941 -0.471867
v 0.027458 0.228891 -0.486355
v 0.132485 0.229083 -0.458514
v 0.097878 0.228568 -0.470890
v 0.106329 0.257381 -0.449269
v 0.064925 0.284324 -0.422561
v 0.034522 0.284014 -0.429817
v -0.070785 0.194888 -0.508433
v -0.117768 0.193812 -0.505002
v -0.044182 0.148465 -0.530057
v -0.092324 0.148373 -0.528418
v -0.064439 0.100443 -0.550671
v -0.026124 0.193119 -0.509178
v 0.757910 0.075949 0.091073
v 0.749937 0.092625 0.081011
v 0.735317 0.044575 0.094496
v 0.742343 0.107452 0.066486
v 0.729133 0.062128 0.079519
v 0.723351 0.076923 0.059385
v 0.784214 0.168942 0.067403
v 0.762540 0.139020 0.068480
v 0.771858 0.125218 0.078440
v 0.741236 0.025630 0.104818
v 0.547856 -0.063668 -0.142311
v 0.540290 -0.062343 -0.170616
v 0.559935 -0.100034 -0.132361
v 0.552001 -0.095356 -0.159267
v 0.546422 -0.102015 -0.186231
v 0.561784 -0.139593 -0.152956
v 0.555037 -0.125163 -0.171686
v 0.560244 -0.118816 -0.145457
v 0.560344 -0.082280 -0.113027
v 0.534665 -0.071399 -0.198629
v 0.491346 -0.022722 -0.264679
v 0.465252 0.042384 -0.264379
v 0.486043 0.028809 -0.232064
v 0.435992 0.110291 -0.260611
v 0.458660 0.096390 -0.227139
v 0.428369 0.163920 -0.222117
v 0.446219 -0.012405 -0.337049
v 0.442679 0.049833 -0.299436
v 0.470702 -0.016980 -0.299998
v 0.508459 -0.030735 -0.233433
v 0.354680 -0.483681 -0.124041
v 0.354173 -0.486027 -0.071549
v 0.384672 -0.476950 -0.117169
v 0.390214 -0.478611 -0.069957
v 0.410481 -0.470938 -0.069027
v 0.350860 -0.481193 -0.168605
v -0.026611 -0.415792 -0.513078
v -0.076525 -0.428165 -0.497244
v 0.034292 -0.417426 -0.505187
v -0.018853 -0.430237 -0.495410
v 0.039174 -0.432396 -0.486400
v 0.022483 -0.401537 -0.526119
v 0.805785 0.143063 0.075874
v 0.781505 0.110241 0.084314
v 0.791008 0.094234 0.086053
v 0.765933 0.058815 0.097080
v 0.795031 0.156704 0.073695
v 0.816342 0.128064 0.073530
v 0.754230 0.150639 0.054335
v 0.736242 0.119743 0.047549
v 0.765474 0.187782 0.043146
v 0.748025 0.159877 0.036395
v 0.733028 0.129703 0.024846
v 0.757515 0.198252 0.006675
v 0.744885 0.166613 0.015411
v 0.759684 0.194129 0.026020
v 0.773997 0.179354 0.057141
v 0.720517 0.089991 0.034691
v 0.680793 0.020276 0.001398
v 0.666191 0.004301 -0.012877
v 0.691555 0.032649 -0.019541
v 0.679504 0.016233 -0.029356
v 0.668050 0.001173 -0.042894
v 0.692769 0.019329 -0.067391
v 0.681853 0.011418 -0.056322
v 0.690963 0.025773 -0.047004
v 0.695640 0.040043 0.011453
v 0.652201 -0.009591 -0.028998
v 0.573675 -0.268345 -0.095873
v 0.566071 -0.293369 -0.074507
v 0.566524 -0.282377 -0.108022
v 0.559520 -0.312179 -0.046607
v 0.557134 -0.308524 -0.089379
v 0.557576 -0.294763 -0.127861
v 0.544653 -0.323176 -0.113027
v 0.546944 -0.330460 -0.064252
v 0.570936 -0.289506 -0.024581
v 0.567061 -0.298109 -0.033006
v 0.572166 -0.279621 -0.067960
v 0.573995 -0.236691 -0.133713
v 0.574537 -0.254277 -0.117524
v 0.566993 -0.266073 -0.135430
v 0.474177 -0.388264 -0.164542
v 0.465259 -0.384426 -0.202035
v 0.487283 -0.369836 -0.184821
v 0.448863 -0.385196 -0.236851
v 0.471106 -0.367782 -0.231367
v 0.494292 -0.349035 -0.218878
v 0.447092 -0.349370 -0.312956
v 0.473255 -0.347770 -0.268767
v 0.449390 -0.369092 -0.272652
v 0.443921 -0.403853 -0.194761
v 0.446374 -0.397207 -0.209608
v 0.455597 -0.398084 -0.184339
v 0.496203 -0.375413 -0.134948
v 0.510486 -0.352323 -0.162606
v 0.258908 -0.474001 -0.342096
v 0.288038 -0.474741 -0.310478
v 0.251794 -0.478909 -0.327086
v 0.316490 -0.475098 -0.275553
v 0.282238 -0.479683 -0.291260
v 0.233791 -0.483301 -0.313903
v 0.270122 -0.484009 -0.270321
v 0.314969 -0.479651 -0.250427
v 0.306261 -0.464511 -0.316337
v 0.313687 -0.469941 -0.297407
v 0.286304 -0.469409 -0.328888
v 0.223882 -0.477639 -0.357303
v 0.205781 -0.481762 -0.348602
v 0.207830 -0.487079 -0.300133
v 0.173423 -0.485300 -0.344117
v 0.133814 -0.488361 -0.337551
v 0.707589 -0.030488 -0.120770
v 0.719408 -0.048093 -0.127949
v 0.695760 -0.058848 -0.130402
v 0.728611 -0.071836 -0.129183
v 0.705085 -0.080766 -0.135905
v 0.678534 -0.087405 -0.139138
v 0.690518 -0.139425 -0.138383
v 0.685828 -0.111980 -0.142371
v 0.711997 -0.106797 -0.134820
v 0.750514 0.004624 -0.112684
v 0.741017 -0.035098 -0.121845
v 0.728736 -0.015888 -0.118916
v 0.660971 -0.049650 -0.115131
v 0.685114 -0.041659 -0.119313
v 0.669962 -0.066476 -0.129745
v 0.558090 -0.245629 -0.188899
v 0.558583 -0.273057 -0.161906
v 0.548201 -0.274182 -0.196740
v 0.547024 -0.301817 -0.158515
v 0.534196 -0.302324 -0.200338
v 0.531112 -0.329458 -0.153278
v 0.566536 -0.243898 -0.158278
v 0.530278 -0.227124 -0.268172
v 0.547051 -0.241092 -0.224578
v 0.534093 -0.270396 -0.238558
v 0.123050 -0.466353 -0.440112
v 0.157924 -0.469466 -0.420505
v 0.119787 -0.471508 -0.432063
v 0.193290 -0.471690 -0.397252
v 0.155615 -0.474339 -0.409903
v 0.192041 -0.476230 -0.384601
v 0.184995 -0.462815 -0.415110
v 0.190322 -0.466960 -0.407946
v 0.157709 -0.464541 -0.427646
v 0.085500 -0.468207 -0.449762
v -0.124300 -0.354897 -0.572907
v -0.069933 -0.358912 -0.574346
v -0.145723 -0.329585 -0.589648
v -0.090043 -0.334103 -0.593054
v -0.032811 -0.338913 -0.591235
v -0.074254 -0.283457 -0.622136
v -0.054007 -0.312564 -0.608798
v -0.111621 -0.306362 -0.608665
v -0.175673 -0.350961 -0.567312
v -0.012234 -0.362583 -0.570698
v -0.227743 -0.295306 -0.591872
v -0.200852 -0.326017 -0.580955
v -0.191674 -0.267230 -0.612281
v -0.169383 -0.300813 -0.603138
v -0.132525 -0.275324 -0.619997
v -0.252487 -0.257613 -0.598181
v 0.092626 0.186430 -0.494608
v 0.055061 0.187322 -0.502906
v 0.127213 0.134116 -0.509018
v 0.087081 0.134643 -0.520482
v 0.045478 0.138801 -0.527046
v 0.109739 0.012747 -0.565923
v 0.077429 0.080231 -0.546461
v 0.121903 0.075454 -0.536928
v 0.129427 0.186815 -0.482602
v 0.015774 0.189839 -0.507564
v 0.732768 -0.189809 -0.031882
v 0.755976 -0.160584 -0.007817
v 0.735310 -0.175561 -0.064065
v 0.757570 -0.151559 -0.040632
v 0.778432 -0.116572 -0.018009
v 0.776400 -0.093182 -0.072758
v 0.778154 -0.107452 -0.047531
v 0.758108 -0.136329 -0.069627
v 0.708809 -0.209201 -0.056809
v 0.777100 -0.120893 0.013379
v 0.714103 0.077615 -0.016365
v 0.710980 0.060305 -0.042007
v 0.703172 0.052204 -0.015273
v 0.711370 0.046334 -0.065457
v 0.701028 0.041170 -0.042904
v 0.701617 0.030942 -0.066316
v 0.731816 0.091515 -0.064295
v 0.721229 0.066239 -0.065014
v 0.721092 0.084881 -0.043096
v 0.709256 0.066909 0.012922
v 0.629245 -0.140877 -0.151706
v 0.623976 -0.115660 -0.147581
v 0.656046 -0.114781 -0.146492
v 0.618691 -0.093459 -0.137726
v 0.649265 -0.091238 -0.139428
v 0.642286 -0.071029 -0.126682
v 0.591410 -0.116437 -0.146914
v 0.595338 -0.139758 -0.153300
v 0.661536 -0.141039 -0.146871
v 0.630585 -0.244095 -0.098032
v 0.626389 -0.260586 -0.068825
v 0.601465 -0.258637 -0.095771
v 0.622239 -0.270946 -0.033571
v 0.598372 -0.272120 -0.066046
v 0.595448 -0.281338 -0.029048
v 0.650692 -0.256491 -0.040355
v 0.655579 -0.243428 -0.074155
v 0.603716 -0.240957 -0.118439
v 0.420466 -0.458702 -0.089044
v 0.415248 -0.453177 -0.115228
v 0.417627 -0.464204 -0.101913
v 0.409849 -0.459359 -0.130485
v 0.402927 -0.454172 -0.155999
v 0.386251 -0.465508 -0.191021
v 0.395126 -0.460191 -0.173087
v 0.405841 -0.464799 -0.140542
v 0.425223 -0.463764 -0.064377
v 0.412295 -0.446858 -0.138103
v 0.227577 -0.473032 -0.370996
v 0.256030 -0.468867 -0.358290
v 0.223644 -0.468174 -0.384821
v 0.246777 -0.463739 -0.373294
v 0.214322 -0.463362 -0.397024
v 0.277986 -0.464057 -0.346001
v 0.204852 0.139015 -0.473452
v 0.200347 0.191693 -0.448265
v 0.238242 0.149125 -0.449477
v 0.199585 0.231777 -0.425095
v 0.230221 0.200273 -0.426077
v 0.264063 0.169117 -0.421067
v 0.249553 0.242358 -0.384968
v 0.254241 0.214358 -0.400792
v 0.227890 0.236527 -0.404650
v 0.167094 0.229540 -0.443273
v 0.165917 0.187905 -0.467145
v 0.295174 0.031760 -0.469971
v 0.247422 0.087053 -0.475236
v 0.278278 0.108514 -0.444125
v 0.812441 -0.017387 0.016987
v 0.796715 -0.070652 0.001835
v 0.812579 -0.018494 -0.008132
v 0.796380 -0.067141 -0.026307
v 0.810417 -0.017644 -0.032592
v 0.794161 -0.060077 -0.051971
v 0.794886 -0.070761 0.029890
v 0.840044 0.076763 -0.005573
v 0.827306 0.033561 0.005256
v 0.825422 0.029818 -0.016645
v 0.803619 -0.010153 0.061969
v 0.809628 -0.014246 0.040515
v 0.822691 0.043711 0.046112
v 0.826516 0.037914 0.026385
v 0.840514 0.089647 0.030830
v 0.841761 0.083095 0.013024
v 0.790366 -0.067633 0.055527
v 0.815045 0.048321 0.064605
v 0.836119 0.097842 0.047721
v 0.721432 0.101025 0.007043
v 0.725092 0.108714 -0.020523
v 0.733158 0.136882 -0.000346
v 0.737001 0.141874 -0.024796
v 0.745557 0.170841 -0.007147
v 0.732306 0.114703 -0.044655
v 0.715223 0.016158 -0.099101
v 0.713648 0.032677 -0.084477
v 0.728693 0.033091 -0.097905
v 0.724465 0.050237 -0.083375
v 0.740854 0.054835 -0.094414
v 0.735307 0.072650 -0.081066
v 0.702007 0.018661 -0.083985
v 0.731414 0.011725 -0.109266
v 0.746469 0.034081 -0.104686
v 0.737246 -0.128051 -0.110768
v 0.734530 -0.099684 -0.123571
v 0.754597 -0.089419 -0.109044
v 0.749260 -0.061734 -0.118686
v 0.768002 -0.049275 -0.104863
v 0.760874 -0.022637 -0.111885
v 0.715348 -0.135500 -0.126197
v 0.757408 -0.114948 -0.092722
v 0.773075 -0.073430 -0.091903
v 0.633311 -0.167900 -0.148853
v 0.599494 -0.165834 -0.154185
v 0.635057 -0.195398 -0.138596
v 0.602859 -0.192555 -0.148423
v 0.568365 -0.189579 -0.154020
v 0.571731 -0.214648 -0.146147
v 0.604436 -0.218314 -0.136030
v 0.664327 -0.169015 -0.139578
v 0.564737 -0.163720 -0.156016
v 0.378358 0.217726 -0.260424
v 0.352242 0.247176 -0.271191
v 0.370572 0.250724 -0.237056
v 0.326418 0.262435 -0.288622
v 0.342752 0.269254 -0.254797
v 0.359128 0.272055 -0.219438
v 0.290674 0.287410 -0.260914
v 0.326817 0.282467 -0.239765
v 0.313587 0.277852 -0.275621
v 0.343101 0.205918 -0.320065
v 0.335295 0.237534 -0.303551
v 0.359278 0.213511 -0.292892
v 0.398530 0.217314 -0.224473
v 0.388772 0.250901 -0.200458
v 0.337904 -0.470238 -0.264717
v 0.342707 -0.474703 -0.238678
v 0.351142 -0.465611 -0.258535
v 0.358918 -0.469916 -0.231996
v 0.367414 -0.473044 -0.198936
v 0.379934 -0.468412 -0.193739
v 0.366869 -0.465798 -0.232274
v 0.330965 -0.465126 -0.286403
v 0.346425 -0.478329 -0.206975
v 0.212468 -0.453627 -0.401407
v 0.248056 -0.453597 -0.376080
v 0.231940 -0.458742 -0.387045
v 0.280517 -0.453640 -0.348565
v 0.264973 -0.458837 -0.361128
v 0.295127 -0.459144 -0.332541
v 0.247005 -0.442893 -0.383062
v 0.263396 -0.447993 -0.365963
v 0.229966 -0.447980 -0.391772
v 0.197148 -0.458817 -0.409683
v 0.174403 -0.440886 -0.431289
v 0.192158 -0.447833 -0.416394
v 0.146038 -0.449079 -0.438563
v 0.173071 -0.454134 -0.424183
v 0.126768 -0.456006 -0.444789
v 0.159263 -0.459549 -0.429927
v 0.217060 -0.441296 -0.406190
v 0.118307 -0.442855 -0.453287
v 0.091387 -0.452845 -0.456633
v 0.829617 0.063493 -0.041472
v 0.821242 0.026852 -0.037264
v 0.815545 0.026307 -0.055007
v 0.806262 -0.014261 -0.054108
v 0.800900 -0.006408 -0.071359
v 0.790243 -0.048678 -0.073038
v 0.835744 0.069742 -0.024241
v 0.815815 0.058695 -0.066863
v 0.822531 0.059572 -0.056067
v 0.809383 0.030565 -0.068912
v 0.765853 0.200948 -0.031440
v 0.759774 0.176351 -0.045165
v 0.750599 0.173695 -0.028201
v 0.758180 0.152463 -0.059422
v 0.745332 0.146549 -0.045172
v 0.744220 0.121550 -0.062236
v 0.786085 0.201220 -0.054465
v 0.772815 0.180309 -0.056636
v 0.775436 0.201168 -0.045550
v 0.759614 0.200216 -0.013352
v 0.663632 -0.197220 -0.124498
v 0.633843 -0.221749 -0.121240
v 0.689086 -0.196023 -0.106817
v 0.660302 -0.222954 -0.102415
v 0.684871 -0.219545 -0.080626
v 0.691380 -0.168355 -0.126350
v 0.373420 -0.455351 -0.224615
v 0.362476 -0.460863 -0.241911
v 0.355787 -0.455014 -0.255859
v 0.343873 -0.460458 -0.271471
v 0.334331 -0.454564 -0.287485
v 0.321400 -0.459784 -0.302212
v 0.378840 -0.460803 -0.211005
v 0.365435 -0.436596 -0.263710
v 0.368580 -0.448140 -0.240275
v 0.347649 -0.447630 -0.274034
v 0.309097 -0.454017 -0.318971
v 0.321900 -0.447693 -0.307522
v 0.293750 -0.447730 -0.338473
v 0.305474 -0.439947 -0.334352
v 0.274690 -0.441279 -0.362160
v 0.335603 -0.438660 -0.301665
v 0.166709 0.135485 -0.493226
v 0.164935 0.077173 -0.520939
v 0.207320 0.080139 -0.500490
v 0.203100 0.020815 -0.528495
v 0.248121 0.024206 -0.503568
v 0.158239 0.017390 -0.548682
v 0.737149 -0.154247 -0.090713
v 0.715198 -0.164065 -0.109843
v 0.712604 -0.189559 -0.086441
v 0.413642 -0.417629 -0.220917
v 0.423174 -0.420492 -0.190718
v 0.403719 -0.430642 -0.205465
v 0.436072 -0.418790 -0.162223
v 0.416678 -0.430709 -0.173910
v 0.399127 -0.440821 -0.189529
v 0.412672 -0.439597 -0.156614
v 0.430210 -0.428280 -0.141604
v 0.441057 -0.409878 -0.181506
v 0.432237 -0.409295 -0.204853
v 0.391531 -0.426959 -0.240022
v 0.384455 -0.440037 -0.223069
v 0.086354 -0.402914 -0.512004
v 0.096506 -0.418466 -0.489940
v 0.134841 -0.386642 -0.516831
v 0.151425 -0.403119 -0.490807
v 0.158511 -0.418488 -0.467775
v 0.274078 -0.379624 -0.455686
v 0.213735 -0.402889 -0.462372
v 0.201139 -0.385258 -0.491330
v 0.069688 -0.385710 -0.535971
v 0.102276 -0.432593 -0.470326
v 0.775343 0.161186 -0.067093
v 0.760739 0.130790 -0.072066
v 0.795408 0.172720 -0.069684
v 0.780398 0.142441 -0.075581
v 0.766026 0.111090 -0.082165
v 0.806689 0.136607 -0.077385
v 0.786483 0.123863 -0.081638
v 0.801350 0.155249 -0.074719
v 0.789926 0.188587 -0.062476
v 0.747201 0.100058 -0.077031
v 0.772625 0.092620 -0.089521
v 0.752965 0.081396 -0.088794
v 0.779007 0.072920 -0.093934
v 0.759582 0.062288 -0.097580
v 0.765751 0.040113 -0.103047
v 0.792437 0.105063 -0.085179
v 0.406316 0.171306 -0.257663
v 0.384917 0.171501 -0.291832
v 0.413214 0.115096 -0.295373
v 0.388745 0.116915 -0.328955
v 0.417457 0.053875 -0.334795
v 0.362818 0.169942 -0.323143
v 0.253756 -0.424620 -0.404233
v 0.294922 -0.417831 -0.381837
v 0.283588 -0.431896 -0.367837
v 0.333814 -0.411822 -0.353567
v 0.318234 -0.428580 -0.339432
v 0.350950 -0.424710 -0.308054
v 0.310439 -0.397467 -0.401527
v 0.262419 -0.407636 -0.424980
v 0.248649 -0.435839 -0.390513
v 0.839287 0.114643 -0.052626
v 0.849842 0.123466 -0.040030
v 0.835699 0.091858 -0.046492
v 0.859234 0.133219 -0.026432
v 0.843922 0.099981 -0.031944
v 0.850789 0.109099 -0.016030
v 0.869574 0.171129 -0.045922
v 0.865356 0.152803 -0.036619
v 0.853700 0.143675 -0.048083
v 0.826372 0.085004 -0.059380
v 0.282951 0.196713 -0.388929
v 0.298060 0.144570 -0.408224
v 0.297450 0.225170 -0.355621
v 0.311433 0.182887 -0.371623
v 0.330795 0.128671 -0.387502
v 0.338396 0.172948 -0.350059
v 0.322095 0.216080 -0.336654
v 0.272061 0.234018 -0.372662
v 0.317930 0.080664 -0.427481
v 0.399801 -0.397284 -0.296382
v 0.426620 -0.390033 -0.267875
v 0.406705 -0.409743 -0.255874
v 0.429074 -0.402077 -0.232868
v 0.422475 -0.373989 -0.308451
v 0.380549 -0.418206 -0.279934
v 0.379625 -0.361820 -0.383991
v 0.390961 -0.381128 -0.340167
v 0.353901 -0.389196 -0.370943
v 0.369008 -0.405010 -0.324258
v 0.415998 -0.354372 -0.350524
v 0.335718 -0.370521 -0.417011
v -0.106162 -0.214923 -0.632825
v -0.149786 -0.240230 -0.625786
v -0.162135 -0.200603 -0.625906
v -0.208590 -0.228418 -0.615599
v -0.217950 -0.184167 -0.613173
v -0.267522 -0.212457 -0.598691
v -0.091897 -0.251179 -0.630221
v -0.122431 -0.130972 -0.623415
v -0.116516 -0.174579 -0.630291
v -0.169044 -0.156799 -0.620929
v 0.813403 0.096016 -0.075741
v 0.826809 0.126639 -0.068787
v 0.827331 0.106100 -0.064505
v 0.841381 0.155897 -0.063588
v 0.841009 0.135300 -0.058813
v 0.856063 0.163510 -0.055142
v 0.825037 0.147234 -0.071116
v 0.810685 0.116707 -0.077768
v 0.815050 0.075761 -0.071656
v 0.830392 0.171473 0.067995
v 0.819130 0.183884 0.068563
v 0.854874 0.196335 0.061811
v 0.844040 0.207687 0.063950
v 0.831259 0.217329 0.062146
v 0.887712 0.264212 0.057274
v 0.856496 0.239000 0.059298
v 0.869294 0.228518 0.060282
v 0.841728 0.160149 0.063131
v 0.807267 0.194734 0.065042
v 0.785031 0.211002 0.046899
v 0.777003 0.216734 0.032799
v 0.805897 0.230560 0.048521
v 0.796382 0.235305 0.037052
v 0.789623 0.238883 0.022704
v 0.829085 0.269299 0.029301
v 0.808896 0.254405 0.027065
v 0.816702 0.251749 0.039108
v 0.795453 0.203674 0.057766
v 0.772340 0.220750 0.016220
v -0.030467 -0.016325 -0.597191
v -0.042498 -0.049523 -0.608098
v -0.071907 -0.024273 -0.599478
v -0.044187 -0.086443 -0.617908
v -0.080160 -0.065052 -0.611606
v -0.116939 -0.040043 -0.600872
v -0.123063 -0.085706 -0.613333
v -0.080420 -0.107470 -0.622013
v 0.001691 -0.059815 -0.608898
v -0.015372 -0.069465 -0.612718
v -0.010067 -0.042611 -0.604850
v -0.056321 0.015053 -0.585742
v -0.103853 0.005721 -0.586367
v 0.875173 0.166304 0.029618
v 0.856443 0.132566 0.031352
v 0.875758 0.159794 0.016150
v 0.857543 0.125175 0.016063
v 0.873042 0.152311 0.001978
v 0.855566 0.117744 0.000146
v 0.853955 0.142164 0.045060
v 0.920107 0.211332 0.001860
v 0.895860 0.187995 0.015805
v 0.893516 0.182160 0.001800
v 0.817711 0.224673 0.056821
v 0.826951 0.248473 0.048093
v 0.840429 0.244475 0.054767
v 0.848432 0.266831 0.046164
v 0.863272 0.265526 0.051866
v 0.837211 0.268117 0.038883
v 0.086199 -0.347096 -0.569693
v 0.144941 -0.348165 -0.552348
v 0.111244 -0.368090 -0.544109
v 0.199644 -0.345067 -0.533807
v 0.173788 -0.367750 -0.523108
v 0.233229 -0.362383 -0.500780
v 0.144716 -0.302514 -0.584188
v 0.170215 -0.325092 -0.561353
v 0.118290 -0.326314 -0.577547
v 0.048627 -0.365958 -0.560368
v 0.039844 -0.298806 -0.610599
v 0.062002 -0.323955 -0.592236
v 0.004025 -0.318951 -0.603151
v 0.026273 -0.343648 -0.583219
v 0.094390 -0.302664 -0.598418
v -0.016731 -0.291870 -0.618877
v 0.775536 0.223136 -0.019653
v 0.782999 0.222149 -0.035293
v 0.787982 0.241794 -0.010241
v 0.793319 0.240912 -0.026157
v 0.801685 0.238635 -0.039523
v 0.824872 0.270584 -0.025090
v 0.812164 0.255631 -0.031869
v 0.805950 0.257023 -0.018461
v 0.771803 0.222874 -0.001753
v 0.792924 0.219648 -0.047544
v 0.786702 0.241109 0.006528
v 0.802971 0.257258 -0.003132
v 0.803993 0.256329 0.012500
v 0.820290 0.271056 0.002417
v 0.823251 0.270359 0.016770
v 0.821007 0.271141 -0.012107
v 0.044319 -0.037401 -0.597081
v 0.008393 -0.020188 -0.596019
v 0.033160 0.004017 -0.584418
v -0.010837 0.014769 -0.584818
v 0.011584 0.049108 -0.569394
v -0.036139 0.054785 -0.569888
v 0.018235 -0.051414 -0.604820
v 0.074803 -0.017449 -0.585103
v 0.058884 0.035365 -0.568382
v 0.837900 0.196755 -0.066504
v 0.857518 0.205740 -0.062781
v 0.840467 0.176668 -0.066274
v 0.875266 0.211675 -0.058428
v 0.857285 0.184159 -0.060232
v 0.872672 0.190586 -0.053388
v 0.878616 0.263065 -0.056739
v 0.877640 0.234840 -0.060372
v 0.855769 0.226864 -0.062318
v 0.821796 0.167128 -0.071274
v 0.875985 0.162571 -0.024506
v 0.867125 0.143111 -0.012342
v 0.894421 0.188809 -0.025098
v 0.885598 0.172648 -0.011688
v 0.906277 0.198814 -0.013107
v 0.882347 0.179607 -0.035930
v 0.909120 0.209791 0.031565
v 0.893001 0.197322 0.038573
v 0.893953 0.191578 0.028809
v 0.878297 0.189054 0.047634
v 0.874896 0.174917 0.040682
v 0.856476 0.160929 0.053358
v 0.903961 0.215573 0.044116
v 0.894748 0.206450 0.044903
v 0.905975 0.212724 0.039685
v 0.913458 0.208781 0.019706
v 0.865666 0.188352 0.056102
v 0.877744 0.215757 0.057254
v 0.885883 0.207754 0.051557
v 0.897419 0.227744 0.053955
v 0.901519 0.219356 0.048338
v 0.892971 0.241589 0.058041
v 0.821064 0.252895 -0.042576
v 0.812139 0.234103 -0.050195
v 0.841551 0.267608 -0.043498
v 0.833098 0.248530 -0.051362
v 0.823278 0.226115 -0.058603
v 0.847053 0.241431 -0.058358
v 0.855396 0.265489 -0.050192
v 0.831494 0.269389 -0.035345
v 0.802467 0.212762 -0.057151
v 0.225811 -0.291445 -0.557028
v 0.251425 -0.308224 -0.535309
v 0.214894 -0.318833 -0.546758
v 0.282653 -0.317361 -0.511024
v 0.246227 -0.335125 -0.518965
v 0.282286 -0.345759 -0.487584
v 0.274123 -0.278557 -0.538145
v 0.278548 -0.293511 -0.528468
v 0.255870 -0.283889 -0.545669
v 0.188498 -0.298311 -0.570078
v 0.810093 0.200580 -0.064395
v 0.816662 0.185129 -0.069067
v 0.832411 0.213816 -0.064052
v 0.906080 0.221405 -0.047466
v 0.891515 0.216445 -0.053378
v 0.912049 0.240577 -0.055147
v 0.896405 0.237946 -0.058270
v 0.918473 0.262121 -0.060027
v 0.902606 0.262043 -0.059915
v 0.887057 0.197132 -0.045765
v 0.944212 0.262978 -0.056891
v 0.925617 0.243473 -0.051102
v 0.932216 0.262515 -0.058845
v 0.925439 0.237404 0.045465
v 0.919602 0.224508 0.037679
v 0.934545 0.237978 0.038888
v 0.925962 0.224218 0.028626
v 0.943242 0.238550 0.030585
v 0.933672 0.225712 0.017155
v 0.912421 0.224333 0.044081
v 0.954886 0.264065 0.054610
v 0.939989 0.251061 0.048960
v 0.950041 0.251276 0.043318
v 0.495206 -0.132979 -0.320225
v 0.489022 -0.181993 -0.343830
v 0.468638 -0.129468 -0.361613
v 0.475776 -0.224980 -0.365096
v 0.458303 -0.178110 -0.388067
v 0.436655 -0.123561 -0.402364
v 0.398452 -0.221350 -0.456813
v 0.422240 -0.172813 -0.430514
v 0.441452 -0.222574 -0.410687
v 0.504856 -0.227341 -0.317929
v 0.514134 -0.182980 -0.299908
v 0.472518 -0.075736 -0.332418
v 0.444435 -0.070472 -0.371378
v 0.933013 0.232634 -0.033549
v 0.913803 0.212349 -0.027949
v 0.919662 0.226852 -0.040757
v 0.900650 0.204398 -0.037314
v 0.927408 0.220987 -0.018077
v 0.938240 0.246569 -0.046469
v 0.433654 -0.297939 -0.390203
v 0.456577 -0.263048 -0.381518
v 0.466364 -0.296507 -0.347088
v 0.487888 -0.264322 -0.334722
v 0.494382 -0.297397 -0.299228
v 0.514066 -0.266373 -0.285958
v 0.420733 -0.264100 -0.424008
v 0.441934 -0.325979 -0.353015
v 0.471661 -0.324340 -0.308931
v -0.025744 -0.167903 -0.632318
v -0.037286 -0.126654 -0.626304
v 0.006127 -0.141397 -0.626531
v -0.007484 -0.102875 -0.620114
v 0.029896 -0.111255 -0.618325
v 0.012848 -0.078835 -0.612748
v -0.074141 -0.150527 -0.630099
v 0.067384 -0.187887 -0.625002
v 0.021931 -0.181088 -0.630454
v 0.048654 -0.149597 -0.623133
v 0.148064 -0.181138 -0.605390
v 0.167254 -0.213756 -0.599725
v 0.128112 -0.219718 -0.611991
v 0.185834 -0.242851 -0.589665
v 0.146792 -0.248585 -0.602803
v 0.103825 -0.251729 -0.614507
v 0.123045 -0.278245 -0.601899
v 0.166392 -0.274566 -0.588866
v 0.225656 -0.170601 -0.573986
v 0.205172 -0.208029 -0.585013
v 0.186122 -0.174339 -0.591417
v 0.109125 -0.186968 -0.616536
v 0.085607 -0.221929 -0.622203
v 0.407682 -0.331029 -0.390475
v 0.397200 -0.303141 -0.426604
v 0.368206 -0.338675 -0.423843
v 0.357766 -0.311455 -0.457792
v 0.324176 -0.346099 -0.455696
v 0.382273 -0.272028 -0.459014
v 0.204942 -0.269069 -0.575245
v 0.239131 -0.264152 -0.561270
v 0.222877 -0.238248 -0.574671
v 0.258548 -0.237851 -0.557410
v 0.243996 -0.206430 -0.567105
v 0.268768 -0.263280 -0.546463
v 0.383105 0.001188 -0.408101
v 0.411228 -0.063078 -0.408793
v 0.372898 -0.052893 -0.443657
v 0.399659 -0.115116 -0.440499
v 0.358188 -0.103414 -0.475048
v 0.381684 -0.162073 -0.469036
v 0.417060 -0.006768 -0.373512
v 0.343776 0.012860 -0.440139
v 0.329773 -0.040797 -0.475595
v 0.950868 0.249672 -0.041452
v 0.947133 0.238655 -0.026475
v 0.966465 0.263645 -0.050347
v 0.964174 0.252843 -0.035492
v 0.963412 0.245589 -0.019816
v 0.989263 0.263560 -0.033021
v 0.979336 0.256763 -0.027994
v 0.977005 0.263742 -0.044425
v 0.955446 0.263375 -0.054278
v 0.944202 0.231297 -0.010156
v 0.267321 -0.085661 -0.533495
v 0.222175 -0.084459 -0.557335
v 0.237772 -0.033104 -0.532256
v 0.179468 -0.087650 -0.576937
v 0.192646 -0.035373 -0.554844
v 0.149473 -0.040515 -0.573172
v 0.204327 -0.130977 -0.577284
v 0.247169 -0.130497 -0.556533
v 0.283860 -0.033504 -0.505302
v 0.103385 -0.104604 -0.604513
v 0.140286 -0.095099 -0.592419
v 0.127160 -0.144293 -0.606761
v 0.164913 -0.136657 -0.593803
v 0.110784 -0.052259 -0.588376
v 0.088928 -0.149905 -0.616551
v 0.312135 -0.182822 -0.526389
v 0.323039 -0.224835 -0.519350
v 0.283978 -0.211887 -0.545289
v 0.322097 -0.261246 -0.513113
v 0.292640 -0.245229 -0.536826
v 0.292366 -0.272638 -0.529490
v 0.357754 -0.244615 -0.489823
v 0.355270 -0.198726 -0.495670
v 0.268311 -0.173287 -0.552328
v 0.150663 0.274641 -0.412831
v 0.183610 0.274064 -0.396752
v 0.173716 0.257278 -0.420792
v 0.214309 0.274119 -0.376730
v 0.205277 0.258015 -0.402417
v 0.233809 0.259572 -0.381985
v 0.167664 0.289983 -0.357330
v 0.191486 0.284017 -0.368285
v 0.161012 0.284439 -0.385640
v 0.140056 0.257478 -0.436379
v -0.634096 -0.048286 -0.155414
v -0.615031 0.018152 -0.137184
v -0.608862 0.011880 -0.169907
v -0.585774 0.082218 -0.150712
v -0.639903 -0.042614 -0.122267
v -0.625860 -0.053873 -0.190936
v 0.027195 -0.498976 0.125135
v -0.108016 -0.499530 0.075931
v 0.008353 -0.499835 0.006016
v -0.229159 -0.498438 0.009404
v -0.130257 -0.499523 -0.057019
v -0.248397 -0.497187 -0.124276
v -0.217688 -0.497461 0.143708
v -0.094770 -0.497839 0.198784
v 0.147140 -0.498031 0.057004
v 0.306835 0.293826 -0.181950
v 0.351407 0.286510 -0.164232
v 0.339426 0.285071 -0.202440
v 0.374025 0.273347 -0.182795
v 0.315668 0.295283 -0.141814
v 0.298028 0.291405 -0.221527
v -0.950014 0.046972 -0.071973
v -0.939427 0.038626 -0.070692
v -0.954837 0.072845 -0.071968
v -0.944660 0.063952 -0.071216
v -0.946186 0.085866 -0.071756
v -0.961953 0.056192 -0.070469
v -0.646952 -0.185871 0.209231
v -0.629951 -0.159245 0.247788
v -0.641295 -0.144815 0.211577
v -0.608182 -0.122049 0.280928
v -0.622435 -0.109548 0.242963
v -0.597813 -0.063733 0.269337
v -0.614561 -0.174049 0.286053
v -0.634771 -0.202527 0.245012
v -0.655482 -0.170361 0.176528
v 0.462341 0.170899 0.102175
v 0.452876 0.174412 0.134323
v 0.471941 0.134480 0.133973
v 0.442142 0.179027 0.163460
v 0.459657 0.140630 0.165422
v 0.445870 0.148705 0.193979
v 0.436742 0.207522 0.134425
v 0.444428 0.206043 0.105860
v 0.483540 0.126412 0.099531
v -0.837089 0.143790 0.057568
v -0.815880 0.153233 0.064407
v -0.794419 0.149925 0.057748
v 0.291429 -0.470023 0.320005
v 0.310996 -0.470626 0.296397
v 0.287171 -0.475498 0.305877
v 0.314367 -0.474911 0.275821
v 0.283945 -0.480373 0.284386
v 0.334106 -0.469938 0.268677
v -0.462671 -0.166703 -0.481650
v -0.464225 -0.216615 -0.483534
v -0.418230 -0.154107 -0.514030
v -0.421808 -0.207130 -0.516629
v -0.373069 -0.199004 -0.548265
v -0.458331 -0.108457 -0.471725
v -0.744838 -0.216332 -0.071788
v -0.723139 -0.222434 -0.069662
v -0.771106 -0.196917 -0.071229
v -0.748081 -0.206310 -0.068840
v -0.773982 -0.186968 -0.067823
v -0.768772 -0.207102 -0.072191
v -0.044179 -0.480388 -0.436261
v -0.017631 -0.474521 -0.454796
v -0.099728 -0.481203 -0.429043
v -0.069296 -0.474653 -0.454776
v -0.121854 -0.474721 -0.448950
v -0.057365 -0.486280 -0.402966
v -0.599097 0.213316 0.011050
v -0.609419 0.211747 0.025263
v -0.662771 0.213236 0.005711
v -0.678000 0.211767 0.020191
v -0.728026 0.212124 0.001443
v -0.616148 0.209168 0.037529
v 0.512087 -0.373904 0.037831
v 0.486143 -0.395568 0.065749
v 0.495021 -0.390573 0.014606
v 0.469097 -0.410702 0.051829
v 0.501525 -0.379619 0.085039
v 0.519318 -0.367285 -0.016737
v -0.153874 -0.010371 -0.585048
v -0.205957 -0.030148 -0.580365
v -0.165418 -0.061009 -0.599685
v -0.216491 -0.084359 -0.594533
v -0.170243 -0.109998 -0.611839
v -0.258991 -0.050557 -0.570950
v 0.020726 -0.271428 -0.623775
v 0.073886 -0.277225 -0.614110
v 0.003775 -0.240939 -0.631691
v 0.055693 -0.249110 -0.624622
v 0.038579 -0.217319 -0.630057
v -0.034802 -0.262113 -0.629407
v -0.578565 0.143238 -0.018826
v -0.594282 0.104521 -0.040562
v -0.599202 0.094806 -0.026855
v -0.614536 0.055402 -0.049035
v -0.576779 0.145967 -0.031719
v -0.579322 0.141941 -0.006653
v -0.311039 0.161556 0.454179
v -0.268436 0.167980 0.473187
v -0.317460 0.100881 0.481290
v -0.270947 0.108841 0.500912
v -0.323385 0.034326 0.508643
v -0.218862 0.175391 0.489973
v 0.473990 -0.396617 -0.128056
v 0.456024 -0.404720 -0.157898
v 0.451057 -0.414173 -0.131307
v -0.988789 -0.002138 -0.009736
v -0.974851 -0.041494 -0.003734
v -0.978364 -0.027362 -0.023871
v 0.953497 0.240642 0.021200
v 0.960164 0.251766 0.036400
v 0.966910 0.245589 0.011135
v 0.971100 0.253023 0.027587
v 0.975910 0.263390 0.043796
v 0.994693 0.262298 0.019786
v 0.985070 0.262835 0.034925
v 0.983953 0.255936 0.016425
v 0.946408 0.232034 0.005788
v 0.965718 0.263832 0.050192
v 0.278321 -0.277482 0.535262
v 0.265972 -0.309051 0.526309
v 0.256272 -0.246784 0.556353
v 0.235641 -0.281113 0.556923
v 0.209314 -0.244412 0.579708
v 0.292391 -0.248398 0.535272
v 0.119954 0.309356 0.240722
v 0.033640 0.312731 0.253890
v 0.087596 0.305063 0.293939
v 0.001939 0.306692 0.307362
v 0.061865 0.317581 0.203352
v 0.176679 0.301330 0.274042
v 0.001701 0.144690 -0.529709
v -0.015864 0.098477 -0.550961
v 0.031306 0.090816 -0.549909
v 0.520930 -0.171418 0.283157
v 0.500301 -0.174164 0.322494
v 0.529730 -0.133561 0.250367
v 0.513559 -0.133493 0.285218
v 0.521825 -0.094844 0.247951
v 0.536479 -0.167533 0.247648
v -0.277062 0.271263 -0.401587
v -0.297581 0.249067 -0.411192
v -0.232163 0.274227 -0.418720
v -0.254349 0.253822 -0.430287
v -0.209205 0.256556 -0.446716
v -0.257160 0.283982 -0.386315
v -0.653386 -0.104171 -0.141377
v -0.659645 -0.158035 -0.159697
v -0.645867 -0.108149 -0.175329
v -0.202059 0.295868 0.353150
v -0.217548 0.286853 0.393029
v -0.173116 0.289204 0.400767
v -0.186055 0.277620 0.429507
v -0.137850 0.281815 0.433388
v -0.150144 0.265919 0.455084
v -0.245691 0.293089 0.346638
v -0.155203 0.297804 0.359996
v -0.122201 0.291268 0.403868
v 0.002596 0.284599 -0.431686
v -0.032328 0.285238 -0.432121
v -0.014797 0.274294 -0.455783
v -0.622992 0.023361 0.084907
v -0.630713 0.010226 0.063623
v -0.603952 0.070681 0.083665
v -0.609961 0.061366 0.066766
v -0.589030 0.110850 0.066419
v -0.615516 0.034630 0.103819
v -0.204070 -0.149975 0.611224
v -0.176430 -0.102907 0.608385
v -0.157427 -0.152851 0.621648
v 0.272768 0.271950 -0.332359
v 0.243596 0.273897 -0.354524
v 0.250705 0.283359 -0.321512
v 0.220076 0.284124 -0.345314
v 0.218015 0.291685 -0.307577
v 0.189158 0.291348 -0.333923
v 0.260720 0.258335 -0.361948
v 0.282853 0.281375 -0.298334
v 0.252799 0.290376 -0.283005
v -0.677763 -0.164177 -0.002750
v -0.679819 -0.186905 0.011325
v -0.676029 -0.152911 0.022512
v -0.681898 -0.216087 0.022737
v -0.679197 -0.185503 0.032507
v -0.681513 -0.218189 0.037349
v -0.682186 -0.215782 0.005049
v -0.680969 -0.197035 -0.013089
v -0.671978 -0.123406 0.009781
v -0.067247 -0.293701 0.617088
v -0.112186 -0.298969 0.612318
v -0.093234 -0.270601 0.624989
v -0.501791 -0.346056 -0.372577
v -0.458641 -0.350199 -0.414768
v -0.489440 -0.321044 -0.414175
v 0.318372 -0.317934 -0.485513
v 0.343741 -0.284059 -0.487007
v 0.308395 -0.292307 -0.509680
v -0.074344 0.339515 0.111045
v -0.108306 0.341111 0.088172
v -0.088084 0.348575 0.076576
v 0.076142 0.306874 -0.287897
v 0.074068 0.298926 -0.344722
v 0.123415 0.304578 -0.282108
v 0.110896 0.299019 -0.330100
v 0.103875 0.292415 -0.374349
v 0.137845 0.291750 -0.363687
v 0.150918 0.296502 -0.326464
v 0.086819 0.313873 -0.226964
v 0.072247 0.291560 -0.389284
v 0.052712 -0.494048 0.295163
v 0.075328 -0.490253 0.344230
v -0.025444 -0.491867 0.347798
v 0.015307 -0.487884 0.384756
v -0.071885 -0.487926 0.390523
v -0.022888 -0.484188 0.415830
v 0.152804 -0.490907 0.296427
v -0.069071 -0.495190 0.290401
v -0.132580 -0.491230 0.349622
v 0.779156 -0.009306 -0.098704
v 0.785226 -0.031445 -0.088579
v 0.789793 0.028276 -0.091448
v 0.795250 0.008055 -0.083780
v 0.804548 0.043471 -0.078308
v 0.772193 0.015381 -0.103632
v 0.801080 0.063248 -0.083660
v 0.797267 0.084617 -0.085901
v 0.784521 0.050917 -0.094746
v 0.644300 -0.027924 -0.072555
v 0.628998 -0.041899 -0.086870
v 0.623106 -0.033394 -0.060959
v 0.609891 -0.057366 -0.101358
v 0.605550 -0.044880 -0.076174
v 0.601575 -0.037237 -0.048053
v 0.582598 -0.046909 -0.063173
v 0.584756 -0.059732 -0.092452
v 0.635595 -0.054415 -0.108956
v 0.652131 -0.036972 -0.095991
v 0.638281 -0.022125 -0.045292
v 0.618621 -0.028661 -0.031884
v 0.586521 -0.077295 -0.117422
v 0.588537 -0.096165 -0.135402
v 0.614113 -0.074095 -0.122379
v 0.137367 0.282362 0.402704
v 0.184215 0.284596 0.373312
v 0.138427 0.272273 0.420012
v 0.186127 0.273415 0.394843
v 0.180952 0.253265 0.418253
v 0.092366 0.279606 0.425547
v -0.220387 -0.135695 -0.605759
v -0.268694 -0.107357 -0.584048
v -0.271567 -0.161386 -0.593723
v -0.320176 -0.127771 -0.567170
v -0.322355 -0.184536 -0.574741
v -0.311254 -0.068725 -0.555488
v -0.277949 -0.246062 0.589061
v -0.261617 -0.286118 0.583596
v -0.309557 -0.269312 0.570598
v -0.296199 -0.308279 0.559329
v -0.343362 -0.291992 0.545446
v -0.245308 -0.323958 0.569094
v 0.598574 -0.033873 -0.017570
v 0.578677 -0.038568 -0.003477
v 0.580411 -0.040445 -0.033294
v 0.272758 -0.168865 0.548392
v 0.281974 -0.214506 0.545269
v 0.239683 -0.205455 0.568596
v -0.597258 -0.354429 0.179876
v -0.616180 -0.347770 0.133523
v -0.596968 -0.366813 0.141986
v -0.613307 -0.360596 0.093569
v -0.616433 -0.334280 0.171888
v -0.576866 -0.373474 0.185781
v -0.313970 0.312536 0.050912
v -0.335139 0.310455 0.013139
v -0.380809 0.302819 0.077610
v -0.405846 0.299993 0.039605
v -0.437295 0.292627 0.097208
v -0.462376 0.288127 0.058223
v -0.259074 0.320327 -0.016488
v -0.361272 0.303761 0.115091
v -0.416268 0.294506 0.135780
v -0.368721 -0.454079 -0.352995
v -0.388553 -0.460369 -0.331844
v -0.359753 -0.460239 -0.358635
v -0.544331 -0.261493 0.389136
v -0.549733 -0.291153 0.365431
v -0.572548 -0.262206 0.349539
v -0.579202 -0.289521 0.321869
v -0.600131 -0.259462 0.305398
v -0.552526 -0.317019 0.337223
v 0.384969 -0.448835 -0.207090
v 0.388745 -0.455109 -0.192267
v 0.399342 -0.448290 -0.173937
v -0.287694 -0.342830 0.538312
v -0.327667 -0.359067 0.503333
v -0.333507 -0.328093 0.527915
v 0.929087 0.263927 0.059640
v 0.912711 0.246984 0.056232
v 0.928045 0.249802 0.053321
v 0.913463 0.234473 0.050400
v 0.912736 0.263805 0.059872
v 0.943005 0.264070 0.057761
v 0.337922 -0.147374 -0.502589
v 0.313355 -0.092100 -0.505977
v 0.292416 -0.136052 -0.531643
v 0.206528 0.303834 0.220358
v 0.147522 0.312222 0.189649
v 0.233314 0.304945 0.168545
v 0.171244 0.313753 0.143855
v 0.256949 0.304975 0.120208
v 0.085984 0.320920 0.159610
v 0.406698 0.273949 0.056769
v 0.424863 0.259292 0.031762
v 0.422897 0.257141 0.067915
v 0.438194 0.236034 0.050195
v 0.434408 0.234260 0.083532
v 0.441779 0.234110 0.013304
v -0.455822 0.260406 -0.239985
v -0.453501 0.273812 -0.212504
v -0.478993 0.238815 -0.227609
v -0.478858 0.258078 -0.197572
v -0.502233 0.230220 -0.187035
v -0.455110 0.244430 -0.263930
v 0.195871 0.305115 -0.215118
v 0.191471 0.309371 -0.170124
v 0.252469 0.300058 -0.197874
v 0.257991 0.302372 -0.157361
v 0.126171 0.314778 -0.186825
v 0.251322 0.296088 -0.240392
v 0.128140 0.285246 -0.397782
v 0.095724 0.285181 -0.410095
v 0.117308 0.274969 -0.425984
v 0.200776 0.314708 0.067113
v 0.120269 0.324105 0.092957
v 0.189312 0.314433 0.104041
v 0.105622 0.322971 0.123923
v 0.131123 0.324528 0.062856
v 0.271199 0.304990 0.075609
v -0.744073 0.210490 0.016792
v -0.687158 0.209136 0.034293
v -0.754945 0.207537 0.032417
v -0.693412 0.205206 0.047354
v -0.763243 0.202869 0.046962
v -0.620398 0.205645 0.048563
v -0.497978 0.178625 -0.255012
v -0.476262 0.217277 -0.256773
v -0.501611 0.203951 -0.222167
v 0.361339 0.120288 -0.360299
v 0.355192 0.066641 -0.400475
v 0.388425 0.058770 -0.368834
v -0.643708 -0.316437 -0.106410
v -0.646719 -0.318631 -0.071264
v -0.655787 -0.295268 -0.100593
v -0.656859 -0.299184 -0.075477
v -0.663575 -0.278667 -0.094506
v -0.665262 -0.282372 -0.076129
v -0.632829 -0.340624 -0.067866
v -0.653511 -0.286965 -0.134508
v -0.663898 -0.266988 -0.119738
v -0.104528 0.321504 -0.200021
v -0.084008 0.312279 -0.271708
v -0.057180 0.321327 -0.210413
v -0.667938 -0.266836 -0.085131
v -0.669337 -0.254662 -0.103819
v -0.671896 -0.248888 -0.087488
v -0.410551 -0.477042 0.264172
v -0.381127 -0.475073 0.307884
v -0.352205 -0.482362 0.296330
v -0.322060 -0.478784 0.345067
v -0.284153 -0.486327 0.325620
v -0.346652 -0.471655 0.351738
v -0.096304 0.275673 0.450993
v -0.081520 0.285803 0.429038
v -0.051406 0.272170 0.458057
v -0.039052 0.281690 0.441046
v 0.001919 0.278807 0.445117
v -0.106344 0.258113 0.468622
v 0.040423 0.268872 0.455808
v -0.005252 0.270501 0.458764
v -0.009890 0.259622 0.470566
v -0.057347 0.256796 0.472842
v 0.045116 0.276688 0.443477
v 0.036111 0.261124 0.465848
v -0.717754 0.170017 -0.070634
v -0.767738 0.172830 -0.071743
v -0.720385 0.174834 -0.071753
v -0.816175 0.173995 -0.071721
v -0.765796 0.178130 -0.071588
v -0.811148 0.180089 -0.069919
v -0.813231 0.168562 -0.071866
v -0.762178 0.167585 -0.070427
v -0.679649 0.171263 -0.070904
v -0.613072 -0.338818 -0.173622
v -0.636757 -0.312779 -0.151296
v -0.625443 -0.340182 -0.118121
v -0.589005 -0.328098 0.256449
v -0.594112 -0.341953 0.218496
v -0.565889 -0.351513 0.263175
v -0.572848 -0.363217 0.223468
v -0.614239 -0.320337 0.209049
v -0.557694 -0.336916 0.302764
v -0.011812 -0.206477 -0.634427
v -0.063899 -0.191530 -0.634652
v -0.050609 -0.228843 -0.634612
v -0.486296 -0.444297 -0.199096
v -0.501096 -0.444584 -0.161436
v -0.476164 -0.452528 -0.209301
v -0.491951 -0.452775 -0.172475
v -0.484170 -0.459979 -0.185991
v -0.469623 -0.444612 -0.231484
v -0.466697 -0.459959 -0.223708
v -0.449226 -0.459946 -0.254844
v -0.458603 -0.452518 -0.242528
v -0.685814 -0.292042 -0.013612
v -0.689269 -0.286223 -0.035003
v -0.713237 -0.276710 -0.023844
v -0.854537 0.124601 -0.005856
v -0.842728 0.127974 0.009051
v -0.872768 0.117697 0.008642
v -0.867018 0.122154 0.023107
v -0.817924 0.132766 -0.005831
v -0.880853 0.112922 -0.005843
v -0.185295 0.275518 -0.433760
v -0.160708 0.286693 -0.413866
v -0.209103 0.286090 -0.400643
v 0.376581 -0.475198 -0.159782
v 0.403492 -0.470213 -0.110710
v 0.393048 -0.469516 -0.151881
v -0.560155 -0.085819 0.346454
v -0.590037 -0.133838 0.319298
v -0.580524 -0.075656 0.308786
v -0.361505 -0.082795 -0.533350
v -0.410664 -0.094709 -0.504888
v -0.369935 -0.142898 -0.543532
v 0.282776 -0.407589 0.407846
v 0.300032 -0.423263 0.366918
v 0.258998 -0.424213 0.400130
v -0.114305 -0.487597 -0.386442
v -0.155748 -0.481847 -0.414653
v -0.177004 -0.488456 -0.363370
v -0.211524 -0.481925 -0.395962
v -0.243427 -0.488216 -0.337993
v -0.171400 -0.474686 -0.437780
v 0.300279 0.268802 -0.310085
v 0.286589 0.253865 -0.342548
v 0.311301 0.248115 -0.322221
v 0.130149 0.255836 0.439962
v 0.082814 0.259764 0.454776
v 0.089370 0.271086 0.440152
v -0.322550 -0.495682 -0.059417
v -0.382331 -0.492891 -0.006905
v -0.312608 -0.495950 0.065949
v 0.496326 -0.325247 -0.259709
v 0.515950 -0.327698 -0.206595
v 0.517007 -0.299658 -0.249227
v -0.293805 -0.473344 0.386715
v -0.246775 -0.474066 0.412019
v -0.264853 -0.480770 0.375591
v -0.209265 -0.480773 0.403249
v -0.215657 -0.487397 0.359127
v -0.200684 -0.473784 0.431614
v -0.541630 0.034760 -0.302792
v -0.570295 -0.014289 -0.289656
v -0.542994 -0.012597 -0.333968
v 0.471176 0.164874 0.066871
v 0.450832 0.205508 0.073620
v 0.478972 0.155374 0.028204
v 0.456919 0.201712 0.037856
v 0.461986 0.194444 -0.000588
v 0.493767 0.115753 0.060742
v 0.150993 -0.496592 0.156869
v 0.036578 -0.496969 0.223503
v 0.149696 -0.494208 0.236539
v -0.299375 0.313156 0.088220
v -0.248976 0.322034 0.025043
v -0.283386 0.312859 0.126582
v -0.239459 0.322419 0.062758
v -0.225756 0.321602 0.103144
v -0.342342 0.303911 0.152528
v -0.296329 0.301520 0.240824
v -0.320389 0.303369 0.193679
v -0.245656 0.307564 0.229803
v -0.264881 0.311237 0.172893
v -0.211571 0.318149 0.158520
v -0.271377 0.298029 0.293212
v 0.043224 -0.076436 -0.608455
v 0.066772 -0.111213 -0.613150
v 0.075872 -0.066778 -0.600435
v 0.212735 -0.419817 -0.438760
v 0.163214 -0.431551 -0.447843
v 0.212248 -0.432498 -0.420345
v -0.271552 0.047626 0.527825
v -0.219492 0.118066 0.516861
v -0.217531 0.058908 0.543025
v 0.044421 0.421457 -0.004504
v 0.060133 0.436419 0.007457
v 0.055378 0.432886 -0.017869
v -0.216591 -0.474121 -0.423505
v -0.261352 -0.472784 -0.406207
v -0.263304 -0.480708 -0.377310
v 0.174050 0.298906 -0.292212
v 0.208060 0.298774 -0.263260
v 0.150353 0.307012 -0.241681
v -0.662901 -0.231639 0.151276
v -0.659707 -0.204126 0.168135
v -0.654225 -0.246354 0.178367
v -0.651007 -0.219778 0.198377
v -0.638993 -0.237091 0.230192
v -0.665249 -0.253732 0.127576
v -0.628779 -0.282445 0.226787
v -0.642844 -0.262768 0.205068
v -0.644953 -0.282118 0.176888
v -0.655942 -0.266893 0.153843
v -0.624314 -0.259057 0.256681
v -0.631485 -0.300011 0.195106
v -0.476984 0.281051 0.108054
v -0.456767 0.284521 0.146372
v -0.501333 0.266578 0.112692
v -0.484372 0.271328 0.149010
v -0.503092 0.253957 0.145614
v -0.498060 0.274294 0.071843
v -0.571229 -0.405900 -0.008779
v -0.550575 -0.422409 0.020530
v -0.550677 -0.421724 -0.032617
v 0.402218 0.165152 0.268440
v 0.409179 0.181868 0.241297
v 0.385267 0.205271 0.260971
v 0.413689 0.200153 0.213831
v 0.393462 0.217539 0.235782
v 0.399684 0.230250 0.209533
v 0.429453 0.162223 0.219191
v 0.426470 0.139233 0.248360
v 0.375614 0.193477 0.285683
v 0.415003 0.220260 0.185473
v 0.426960 0.212829 0.160334
v 0.429473 0.187417 0.189734
v -0.824943 -0.108254 0.007277
v -0.810915 -0.123818 -0.003709
v -0.817657 -0.117917 0.020121
v -0.800221 -0.134863 0.010366
v -0.784099 -0.149412 -0.001233
v -0.773098 -0.159572 0.014356
v -0.791843 -0.144707 0.024598
v -0.839558 -0.091193 0.016647
v -0.797440 -0.138236 -0.015661
v -0.812632 -0.126302 0.032362
v -0.835097 -0.104176 0.038448
v -0.836564 -0.097705 0.027829
v -0.856401 -0.073845 0.034118
v -0.855579 -0.070472 0.023876
v -0.857948 -0.078607 0.043793
v 0.086604 -0.463080 -0.455564
v 0.124322 -0.461178 -0.444170
v 0.087059 -0.457872 -0.457750
v 0.560362 -0.183624 0.184534
v 0.559585 -0.211932 0.190153
v 0.566149 -0.204941 0.167301
v 0.556729 -0.240999 0.191395
v 0.566793 -0.229985 0.162501
v 0.564857 -0.256091 0.154160
v 0.549585 -0.220687 0.218968
v 0.553400 -0.189729 0.208189
v 0.564590 -0.178240 0.166409
v 0.549365 -0.271561 0.191880
v 0.530100 -0.286008 0.232779
v 0.542421 -0.253065 0.226764
v 0.564377 -0.216924 -0.174382
v 0.561141 -0.186970 -0.181663
v 0.555857 -0.213491 -0.204708
v 0.553048 -0.177473 -0.207507
v 0.545162 -0.201587 -0.235297
v 0.557828 -0.155644 -0.180104
v -0.137018 0.422174 -0.021965
v -0.125087 0.409415 -0.016348
v -0.123550 0.412871 -0.032794
v 0.439568 0.068055 0.288502
v 0.457516 0.017082 0.298039
v 0.463543 0.046469 0.262768
v 0.480307 0.000141 0.269134
v 0.429591 0.044023 0.323066
v 0.445035 0.093097 0.255936
v -0.334551 0.271646 0.362190
v -0.344099 0.247746 0.379521
v -0.370008 0.252948 0.353158
v 0.347187 -0.471867 0.241511
v 0.361307 -0.472877 0.211245
v 0.323527 -0.477784 0.246946
v 0.543281 -0.157843 -0.229250
v 0.550160 -0.139628 -0.199599
v 0.530428 -0.125398 -0.246501
v 0.540130 -0.114323 -0.215333
v 0.526355 -0.078707 -0.227629
v 0.532129 -0.174767 -0.261373
v 0.513084 -0.079527 -0.258890
v 0.495259 -0.078460 -0.294119
v 0.515758 -0.131897 -0.281098
v -0.875451 -0.047081 0.039973
v -0.887607 -0.018492 0.035870
v -0.872215 -0.045697 0.029893
v 0.511655 0.077688 -0.023919
v 0.502432 0.101210 0.018589
v 0.485406 0.141779 -0.012322
v -0.111606 0.354160 -0.040815
v -0.120694 0.346511 -0.058425
v -0.097904 0.354509 -0.056104
v -0.091072 -0.482662 0.422151
v -0.150531 -0.485588 0.395688
v -0.098506 -0.476775 0.443822
v -0.152530 -0.479144 0.426906
v -0.153812 -0.472600 0.447098
v -0.039547 -0.479418 0.438253
v -0.107139 -0.471005 0.458295
v -0.057982 -0.469166 0.464764
v -0.047500 -0.474171 0.454204
v -0.848423 -0.085369 -0.034431
v -0.866651 -0.055432 -0.030900
v -0.861174 -0.070364 -0.040792
v -0.857953 0.166803 -0.072003
v -0.858802 0.172605 -0.070269
v -0.889196 0.157631 -0.071943
v -0.896430 0.162361 -0.070102
v -0.923791 0.150417 -0.069290
v -0.849392 0.161983 -0.071956
v -0.908864 0.147901 -0.071756
v -0.889884 0.145472 -0.070849
v -0.874422 0.154088 -0.071758
v 0.391988 0.150762 0.296710
v 0.420428 0.118581 0.278252
v 0.410478 0.099764 0.309785
v -0.586201 0.086416 0.139230
v -0.595214 0.042131 0.175519
v -0.593005 0.082478 0.117674
v -0.604012 0.039910 0.147339
v -0.609556 0.039825 0.123761
v -0.575917 0.129306 0.101845
v -0.598345 0.077990 0.100056
v -0.584837 0.117662 0.078662
v -0.580804 0.123499 0.089652
v -0.650257 0.148126 0.040427
v -0.609067 0.148213 0.039773
v -0.661491 0.144790 0.028439
v -0.617457 0.144847 0.028079
v -0.622472 0.142893 0.016133
v -0.695184 0.147296 0.040015
v -0.671129 0.141901 0.001113
v -0.667853 0.142751 0.015203
v -0.713879 0.141749 0.013137
v -0.706720 0.143865 0.027377
v -0.624851 0.142041 0.003584
v -0.718009 0.140979 -0.002063
v -0.120594 0.434090 0.075034
v -0.101399 0.431029 0.085791
v -0.105070 0.420924 0.070746
v -0.532122 0.211842 0.121030
v -0.545230 0.195118 0.098409
v -0.527730 0.229528 0.103039
v -0.539866 0.210090 0.087378
v -0.551382 0.195393 0.064240
v -0.548633 0.200775 0.058618
v -0.537422 0.219780 0.074145
v -0.517662 0.233366 0.136492
v -0.554880 0.188839 0.068108
v -0.527272 0.239547 0.081761
v -0.516073 0.258068 0.080971
v -0.515991 0.249097 0.111378
v -0.749023 0.144033 -0.036295
v -0.787420 0.140595 -0.034313
v -0.779707 0.144360 -0.044585
v -0.826187 0.135430 -0.034625
v -0.816467 0.140442 -0.046139
v -0.852143 0.134093 -0.048108
v -0.799076 0.136817 -0.020830
v -0.755437 0.141109 -0.023826
v -0.748418 0.146906 -0.045142
v -0.681121 0.203451 -0.051731
v -0.738351 0.205468 -0.043216
v -0.743361 0.199911 -0.054607
v 0.793384 -0.010176 0.081536
v 0.782530 -0.063823 0.078253
v 0.770698 -0.063046 0.097677
v 0.298907 0.098604 0.432628
v 0.348149 0.048793 0.416572
v 0.317135 0.024776 0.455609
v -0.610758 -0.304798 0.243690
v -0.606428 -0.285183 0.275631
v -0.583847 -0.311372 0.291170
v -0.703229 -0.204846 0.014259
v -0.700119 -0.208521 0.031714
v -0.728236 -0.190301 0.006618
v -0.721630 -0.196278 0.024776
v -0.746229 -0.180201 0.018894
v -0.708507 -0.201498 -0.006151
v -0.755959 -0.171736 0.002050
v -0.768947 -0.162146 -0.013906
v -0.738788 -0.183227 -0.011268
v -0.754348 -0.174249 -0.026542
v -0.721785 -0.195031 -0.024563
v -0.784492 -0.151556 -0.027627
v -0.965639 0.081941 -0.069485
v -0.954994 0.095121 -0.071863
v -0.963790 0.104726 -0.068817
v -0.737444 0.157301 -0.062236
v -0.728813 0.152983 -0.055687
v -0.696555 0.159310 -0.063313
v -0.689187 0.154357 -0.056531
v -0.695544 0.150275 -0.048698
v -0.646979 0.150832 -0.048908
v -0.641527 0.155647 -0.057888
v -0.750669 0.162293 -0.067348
v -0.730575 0.149527 -0.049180
v -0.655217 0.161261 -0.064800
v -0.669457 0.166628 -0.068905
v -0.708482 0.164742 -0.068028
v -0.742139 -0.185586 -0.038159
v -0.772583 -0.164252 -0.038623
v -0.762916 -0.176066 -0.048356
v -0.671536 0.142386 -0.013134
v -0.625388 0.142284 -0.009426
v -0.670657 0.144325 -0.027229
v -0.624429 0.143938 -0.023196
v -0.626148 0.147081 -0.037431
v -0.716577 0.141881 -0.017145
v -0.676061 0.147196 -0.039483
v -0.716840 0.146966 -0.041409
v -0.713412 0.144198 -0.030727
v 0.278291 0.304973 -0.009444
v 0.276606 0.305173 0.032754
v 0.212932 0.313928 -0.006943
v 0.208550 0.314490 0.030025
v 0.143077 0.323766 0.030358
v 0.272311 0.305173 -0.049125
v 0.152702 0.322504 -0.002427
v 0.151582 0.322304 -0.030183
v 0.206851 0.314261 -0.039430
v -0.225566 0.302109 0.293242
v -0.197791 0.311954 0.227994
v -0.179860 0.304866 0.298631
v -0.869192 0.120833 -0.020453
v -0.838341 0.130330 -0.020625
v -0.859560 0.127674 -0.034995
v -0.886176 0.163897 0.069515
v -0.858128 0.177975 0.066006
v -0.851374 0.169982 0.070502
v -0.814191 0.180686 0.068520
v -0.812434 0.172460 0.071199
v -0.819726 0.189169 0.061461
v -0.337282 0.299676 -0.217407
v -0.297366 0.299721 -0.261968
v -0.280040 0.308011 -0.201115
v 0.673732 -0.003637 -0.069280
v 0.656823 -0.013517 -0.057776
v 0.682925 -0.009886 -0.091331
v 0.664372 -0.019933 -0.082798
v 0.674142 -0.029081 -0.103399
v 0.688777 0.006835 -0.078935
v 0.694713 -0.018377 -0.108487
v 0.713828 -0.004944 -0.110563
v 0.699901 0.002053 -0.097105
v 0.964054 0.242931 -0.004374
v 0.983139 0.253460 0.000808
v 0.981662 0.253800 -0.013329
v 1.000000 0.262655 -0.008010
v 0.997414 0.263085 -0.019166
v 0.999775 0.262320 0.003634
v 0.016319 0.435127 0.084894
v 0.017636 0.452793 0.103422
v 0.037275 0.447933 0.082743
v -0.697672 0.199549 0.057816
v -0.623894 0.200853 0.057711
v -0.700311 0.192065 0.065397
v -0.627262 0.194346 0.064615
v -0.633094 0.186103 0.069260
v -0.765619 0.196180 0.058583
v -0.706230 0.183562 0.069824
v -0.766384 0.179329 0.070487
v -0.764157 0.187957 0.066511
v -0.824968 -0.156274 -0.071721
v -0.796573 -0.183639 -0.072178
v -0.825463 -0.146779 -0.069205
v -0.798297 -0.173607 -0.070384
v -0.800688 -0.163657 -0.066556
v -0.852488 -0.125827 -0.070861
v -0.826754 -0.137194 -0.065005
v -0.850302 -0.108789 -0.063083
v -0.850442 -0.117984 -0.067753
v 0.073269 0.484951 0.014848
v 0.074860 0.478307 0.040705
v 0.061043 0.487404 0.043081
v -0.531045 0.244962 -0.008897
v -0.539578 0.227251 -0.015203
v -0.530366 0.244535 -0.031347
v -0.538766 0.226912 -0.031247
v -0.538764 0.224028 -0.047219
v -0.518032 0.262358 -0.011200
v -0.531115 0.239635 -0.056212
v -0.523129 0.248980 -0.077500
v -0.519964 0.258832 -0.045387
v 0.541966 -0.133703 0.219483
v 0.534970 -0.098434 0.217044
v 0.551064 -0.134343 0.192655
v 0.545410 -0.103424 0.189052
v 0.537371 -0.066844 0.184227
v 0.547459 -0.077528 0.157621
v 0.553928 -0.109591 0.163740
v 0.547806 -0.163987 0.217262
v 0.525945 -0.059190 0.212352
v 0.557451 -0.134061 0.170119
v 0.560602 -0.155782 0.171731
v 0.555619 -0.160369 0.192070
v -0.094361 0.376440 0.036932
v -0.095015 0.369661 0.037589
v -0.101394 0.377355 0.024271
v -0.102419 0.369686 0.024401
v -0.105987 0.370216 0.009851
v -0.096879 0.385216 0.037124
v -0.105912 0.379354 0.010378
v -0.110100 0.389096 0.009251
v -0.105157 0.386825 0.022862
v 0.537376 -0.038886 0.153535
v 0.526617 -0.026837 0.179299
v 0.536429 -0.016048 0.124401
v 0.525163 0.002340 0.147109
v 0.523769 0.025265 0.113526
v 0.547676 -0.055437 0.129723
v 0.537084 -0.002832 0.094247
v 0.548601 -0.030805 0.079399
v 0.547506 -0.039416 0.105163
v 0.573702 -0.288277 0.044168
v 0.593242 -0.280308 0.044695
v 0.591623 -0.272025 0.074757
v 0.616250 -0.271293 0.041549
v 0.612259 -0.263587 0.074797
v 0.637004 -0.253143 0.071211
v 0.593994 -0.283999 0.010021
v 0.571928 -0.292022 0.016830
v 0.575441 -0.280084 0.069412
v 0.642341 -0.259979 0.035652
v 0.646469 -0.261608 -0.002662
v 0.619073 -0.274272 0.004586
v 0.533791 -0.350387 0.023017
v 0.524813 -0.356761 0.070796
v 0.551439 -0.326259 0.022469
v 0.545115 -0.330270 0.065232
v 0.562648 -0.302012 0.065592
v 0.539635 -0.343553 -0.026215
v 0.564665 -0.304903 0.030925
v 0.565307 -0.305003 -0.000471
v 0.555055 -0.322234 -0.015251
v -0.674160 -0.148201 -0.053558
v -0.665984 -0.102145 -0.055557
v -0.675172 -0.147359 -0.033639
v -0.667906 -0.103689 -0.030987
v -0.669195 -0.107195 -0.007915
v -0.678500 -0.190838 -0.053875
v -0.676201 -0.151192 -0.017037
v -0.680369 -0.189489 -0.027757
v -0.679677 -0.188160 -0.040328
vn -0.415021 0.188238 0.890103
vn -0.346141 0.213355 0.913572
vn -0.387036 0.271554 0.881130
vn -0.273721 0.223304 0.935514
vn -0.308939 0.283303 0.907865
vn -0.341685 0.328288 0.880581
vn -0.163762 0.339396 0.926237
vn -0.254830 0.334361 0.907315
vn -0.227058 0.288919 0.930021
vn -0.328104 0.056093 0.942961
vn -0.306284 0.143468 0.941038
vn -0.368999 0.122379 0.921323
vn -0.506211 0.296426 0.809839
vn -0.464187 0.247810 0.850337
vn -0.425092 0.318613 0.847194
vn -0.481552 0.141575 0.864895
vn -0.424543 0.072390 0.902493
vn -0.546190 0.065371 0.835078
vn -0.482253 -0.002350 0.876003
vn -0.415448 -0.083987 0.905698
vn -0.511612 -0.311686 0.800653
vn -0.464553 -0.188543 0.865200
vn -0.539994 -0.106052 0.834925
vn -0.534410 0.196692 0.821986
vn -0.370525 -0.003388 0.928800
vn -0.628010 0.303934 0.716361
vn -0.566271 0.354717 0.743950
vn -0.619434 0.355449 0.699911
vn -0.508530 0.388256 0.768517
vn -0.562578 0.388195 0.729911
vn -0.610981 0.387982 0.690023
vn -0.512772 0.439283 0.737571
vn -0.558489 0.414258 0.718619
vn -0.509842 0.413617 0.754265
vn -0.506272 0.352367 0.787072
vn -0.570330 0.300394 0.764489
vn -0.719108 0.307138 0.623280
vn -0.677450 0.305704 0.668996
vn -0.665578 0.354930 0.656484
vn -0.598529 0.108768 0.793634
vn -0.602466 -0.043336 0.796930
vn -0.644490 0.130100 0.753441
vn -0.649525 -0.000916 0.760308
vn -0.642811 -0.168462 0.747246
vn -0.725455 -0.062502 0.685415
vn -0.686270 -0.114902 0.718162
vn -0.691488 0.029847 0.721732
vn -0.583087 0.222297 0.781365
vn -0.586077 -0.233131 0.775964
vn -0.112766 0.222266 0.968413
vn -0.027741 0.215857 0.976012
vn -0.053224 0.287973 0.956145
vn 0.055330 0.206824 0.976806
vn 0.029939 0.281961 0.958922
vn 0.008423 0.340465 0.940214
vn 0.186010 0.329661 0.925565
vn 0.092441 0.336314 0.937193
vn 0.116550 0.274209 0.954558
vn -0.054720 0.012116 0.998413
vn -0.000916 0.122745 0.992431
vn -0.084536 0.132359 0.987579
vn -0.140172 0.290567 0.946501
vn -0.074709 0.341685 0.936827
vn -0.687124 0.233619 0.687918
vn -0.636464 0.228553 0.736625
vn -0.738792 0.147404 0.657582
vn -0.692526 0.141636 0.707327
vn -0.737907 0.044221 0.673421
vn -0.731223 0.237373 0.639485
vn -0.588397 0.465468 0.661122
vn -0.646138 0.420118 0.637165
vn -0.602191 0.417219 0.680624
vn -0.697073 0.388775 0.602405
vn -0.654866 0.387860 0.648579
vn -0.706229 0.354778 0.612629
vn -0.678213 0.482772 0.553972
vn -0.690756 0.423353 0.586169
vn -0.632862 0.475692 0.610859
vn -0.547868 0.453200 0.703116
vn -0.214331 0.033296 0.976165
vn -0.253456 -0.096713 0.962493
vn -0.184790 -0.116337 0.975860
vn -0.284829 -0.234596 0.929411
vn -0.219031 -0.275338 0.936033
vn -0.142308 -0.288919 0.946684
vn -0.179235 -0.608081 0.773339
vn -0.167119 -0.453169 0.875607
vn -0.238807 -0.428999 0.871120
vn -0.312662 -0.064089 0.947661
vn -0.275765 0.044343 0.960173
vn -0.138371 0.023225 0.990081
vn -0.103336 -0.127720 0.986389
vn -0.295297 -0.706259 0.643391
vn -0.296976 -0.762505 0.574755
vn -0.242775 -0.743461 0.623127
vn -0.330180 -0.779839 0.531754
vn -0.276040 -0.773949 0.569872
vn -0.217658 -0.764885 0.606220
vn -0.358715 -0.678762 0.640736
vn -0.270425 -0.757317 0.594378
vn -0.334391 -0.755821 0.562914
vn -0.385510 -0.747490 0.540910
vn -0.349010 -0.774010 0.528245
vn -0.344218 -0.732658 0.587085
vn -0.240516 -0.665975 0.706107
vn -0.187841 -0.720023 0.667989
vn -0.805933 -0.086215 0.585681
vn -0.780145 0.042207 0.624134
vn -0.819391 0.048006 0.571184
vn -0.779077 0.152043 0.608203
vn -0.815577 0.161657 0.555589
vn -0.768944 0.242653 0.591418
vn -0.765923 -0.080264 0.637867
vn -0.893429 -0.060060 0.445112
vn -0.848384 -0.077670 0.523606
vn -0.858119 0.062105 0.509659
vn 0.238380 0.181158 0.954100
vn 0.143620 0.195715 0.970061
vn 0.173467 0.089084 0.980773
vn 0.082949 0.109928 0.990448
vn 0.109867 -0.023286 0.993652
vn 0.026917 -0.001312 0.999634
vn 0.211310 0.265908 0.940519
vn 0.300516 -0.155705 0.940947
vn 0.270852 0.052004 0.961180
vn 0.203833 -0.068667 0.976592
vn 0.074648 0.380657 0.921659
vn -0.005158 0.380566 0.924711
vn 0.145756 0.407422 0.901517
vn 0.065371 0.407880 0.910672
vn -0.010132 0.404798 0.914335
vn 0.113804 0.631489 0.766961
vn 0.067019 0.422132 0.904019
vn 0.139042 0.425947 0.893979
vn 0.162664 0.377087 0.911771
vn -0.087985 0.377270 0.921903
vn -0.705313 -0.365123 0.607593
vn -0.636433 -0.458266 0.620411
vn -0.671926 -0.285104 0.683523
vn -0.566698 -0.527238 0.633137
vn -0.613819 -0.358043 0.703543
vn -0.544420 -0.431532 0.719260
vn -0.627705 -0.623554 0.465957
vn -0.591784 -0.592212 0.546831
vn -0.667104 -0.517380 0.535936
vn -0.724998 -0.199408 0.659200
vn -0.014130 0.419233 0.907743
vn -0.094272 0.401410 0.911008
vn -0.051698 0.607135 0.792871
vn -0.101016 0.424177 0.899899
vn -0.189520 0.397504 0.897794
vn -0.202277 0.512558 0.834468
vn -0.198553 0.430250 0.880581
vn -0.111087 0.545854 0.830470
vn 0.013825 0.641224 0.767205
vn -0.180059 0.371960 0.910581
vn -0.219794 0.820948 0.526933
vn -0.297433 0.771020 0.563036
vn -0.331980 0.592212 0.734184
vn -0.402814 0.678945 0.613788
vn -0.409528 0.549699 0.728050
vn -0.397656 0.462142 0.792627
vn -0.461959 0.450148 0.764122
vn -0.482162 0.501999 0.717948
vn -0.126774 0.973663 0.189428
vn -0.246864 0.891446 0.379925
vn -0.160710 0.934660 0.317087
vn -0.243538 0.636128 0.732109
vn -0.313242 0.477401 0.820917
vn -0.521897 -0.640004 0.563891
vn -0.496323 -0.581866 0.644246
vn -0.486251 -0.708304 0.511673
vn -0.461135 -0.672658 0.578661
vn -0.430525 -0.622974 0.653066
vn -0.404553 -0.698141 0.590655
vn -0.433912 -0.730247 0.527635
vn -0.549272 -0.675344 0.492080
vn -0.467940 -0.499100 0.729301
vn -0.524918 -0.754112 0.394604
vn -0.475356 -0.770959 0.423811
vn -0.506333 -0.733970 0.452651
vn -0.425245 -0.780694 0.457869
vn -0.452803 -0.755760 0.473006
vn -0.403180 -0.770196 0.494186
vn -0.589496 -0.677816 0.439344
vn -0.467818 -0.767815 0.437666
vn -0.510392 -0.773309 0.376080
vn -0.568377 -0.702017 0.429060
vn -0.433882 -0.760338 0.483291
vn -0.378613 -0.782250 0.494675
vn -0.492019 -0.658223 0.569750
vn -0.390423 -0.756005 0.525346
vn -0.433760 -0.662831 0.610309
vn -0.537461 -0.668142 0.514450
vn -0.026551 -0.517045 0.855525
vn -0.023927 -0.604907 0.795892
vn 0.027863 -0.555162 0.831263
vn -0.013215 -0.684805 0.728599
vn 0.041231 -0.626698 0.778130
vn 0.079043 -0.571551 0.816736
vn 0.133671 -0.714347 0.686850
vn 0.104648 -0.642476 0.759087
vn 0.057772 -0.697317 0.714377
vn -0.090640 -0.662343 0.743675
vn -0.100497 -0.558641 0.823267
vn 0.044862 -0.471603 0.880642
vn 0.020081 -0.488449 0.872341
vn 0.058962 -0.513169 0.856227
vn -0.202429 -0.758965 0.618824
vn -0.158055 -0.758721 0.631916
vn -0.195563 -0.705069 0.681600
vn -0.137577 -0.761132 0.633808
vn -0.103000 -0.761376 0.640034
vn -0.056887 -0.711875 0.699973
vn -0.077761 -0.764916 0.639393
vn -0.123264 -0.709922 0.693350
vn -0.275491 -0.694876 0.664235
vn -0.134373 -0.716178 0.684805
vn -0.789941 0.316202 0.525346
vn -0.744407 0.356883 0.564287
vn -0.780969 0.361888 0.508988
vn -0.738121 0.391644 0.549303
vn -0.776513 0.396710 0.489486
vn -0.733909 0.427015 0.528214
vn -0.755516 0.310404 0.576861
vn -0.854579 0.339213 0.393170
vn -0.823420 0.325236 0.464919
vn -0.815424 0.370434 0.444746
vn -0.549150 -0.328776 0.768303
vn -0.547777 -0.482925 0.683126
vn -0.625172 -0.333842 0.705466
vn -0.606739 -0.485519 0.629353
vn -0.690451 -0.352886 0.631458
vn -0.657765 -0.514298 0.550279
vn -0.467574 -0.509140 0.722556
vn -0.486770 -0.674581 0.554888
vn -0.582141 -0.333628 0.741447
vn -0.662587 -0.354228 0.659902
vn 0.420545 0.136631 0.896908
vn 0.394848 0.240852 0.886593
vn 0.332163 0.162450 0.929106
vn 0.373913 0.311197 0.873653
vn 0.306009 0.256508 0.916807
vn 0.283425 0.321604 0.903439
vn 0.534989 0.263771 0.802606
vn 0.457778 0.293710 0.839137
vn 0.477798 0.213233 0.852168
vn 0.362194 0.019410 0.931883
vn 0.052004 -0.153264 0.986785
vn 0.128819 -0.192663 0.972747
vn 0.008393 -0.286538 0.958007
vn 0.069857 -0.307718 0.948882
vn 0.130314 -0.366222 0.921323
vn 0.074618 -0.434584 0.897519
vn 0.031831 -0.405133 0.913663
vn -0.021882 -0.136784 0.990356
vn 0.209449 -0.269631 0.939879
vn 0.108951 -0.496445 0.861171
vn 0.180151 -0.451766 0.873745
vn 0.141392 -0.568255 0.810602
vn 0.216407 -0.545457 0.809687
vn 0.173650 -0.644459 0.744652
vn 0.263588 -0.386151 0.883938
vn -0.406873 -0.562731 0.719565
vn -0.436262 -0.124180 0.891171
vn -0.518998 -0.214820 0.827326
vn -0.373302 -0.311502 0.873836
vn -0.465346 -0.317179 0.826319
vn -0.375988 -0.536271 0.755638
vn -0.261452 -0.508621 0.820307
vn -0.343638 -0.074587 0.936125
vn -0.337535 -0.523270 0.782434
vn -0.452742 -0.624348 0.636525
vn -0.188635 -0.328288 0.925535
vn -0.192907 -0.570086 0.798578
vn -0.278756 -0.319102 0.905759
vn -0.282662 -0.557329 0.780663
vn -0.112980 -0.572893 0.811762
vn -0.256325 -0.067171 0.964232
vn -0.940458 0.261330 0.217231
vn -0.934111 0.241585 0.262734
vn -0.922575 0.295877 0.247566
vn -0.921567 0.227210 0.314707
vn -0.910459 0.286966 0.297800
vn -0.903043 0.335459 0.268197
vn -0.884884 0.334300 0.324290
vn -0.889676 0.283181 0.358074
vn -0.965423 0.131260 0.225105
vn -0.946684 0.176427 0.269478
vn -0.953124 0.202063 0.225105
vn -0.918332 0.347240 0.189764
vn -0.928281 0.310831 0.204016
vn -0.912778 0.340403 0.225684
vn -0.603442 -0.656575 0.452437
vn -0.746513 -0.286477 0.600513
vn -0.815180 -0.237068 0.528428
vn -0.755516 -0.353557 0.551500
vn -0.818323 -0.332408 0.468825
vn -0.716178 -0.519700 0.465773
vn -0.544389 -0.668996 0.505997
vn -0.686056 -0.655660 0.315226
vn -0.650624 -0.655110 0.384045
vn -0.871181 -0.203619 0.446669
vn -0.453719 0.833399 0.315439
vn -0.424390 0.831782 0.357738
vn -0.236579 0.955229 0.177496
vn -0.408704 0.811945 0.416730
vn -0.223273 0.951964 0.209418
vn -0.130863 0.984832 0.113712
vn -0.121464 0.982818 0.138890
vn -0.227271 0.935881 0.269082
vn -0.578967 0.617756 0.532090
vn -0.617573 0.627308 0.474380
vn -0.161840 0.983459 0.080935
vn -0.260445 0.952971 0.154729
vn -0.145756 0.984680 0.095462
vn 0.020417 -0.774957 0.631672
vn 0.001190 -0.743492 0.668722
vn -0.042116 -0.768364 0.638600
vn -0.066042 -0.733757 0.676168
vn 0.070467 -0.752251 0.655049
vn -0.018250 -0.768883 0.639088
vn -0.970244 0.199744 0.136753
vn -0.955473 0.232154 0.181982
vn -0.954283 0.266121 0.136021
vn -0.941496 0.288491 0.174200
vn -0.937895 0.320536 0.132603
vn -0.928220 0.333872 0.163915
vn -0.968932 0.165990 0.183203
vn -0.965056 0.259346 0.036927
vn -0.968932 0.232582 0.083956
vn -0.949522 0.301767 0.085604
vn -0.519791 0.821741 0.233528
vn -0.693106 0.619526 0.368419
vn -0.487625 0.827967 0.276833
vn -0.759362 0.483108 0.435804
vn -0.657308 0.624439 0.421827
vn -0.721122 0.484664 0.495010
vn -0.827052 0.469680 0.308756
vn -0.794366 0.478957 0.373547
vn -0.727683 0.611866 0.309885
vn -0.287545 0.948698 0.131413
vn -0.839198 0.410871 0.356182
vn -0.810480 0.403638 0.424451
vn -0.807031 0.432203 0.402295
vn -0.772759 0.430158 0.466659
vn -0.842616 0.384533 0.376934
vn -0.837184 0.432173 0.335154
vn 0.508316 0.370861 0.777184
vn 0.424726 0.387341 0.818232
vn 0.441145 0.347209 0.827509
vn 0.333415 0.398663 0.854305
vn 0.354595 0.360210 0.862819
vn 0.260048 0.369945 0.891903
vn 0.470962 0.470779 0.745994
vn 0.405866 0.425398 0.808863
vn 0.494186 0.410443 0.766320
vn 0.520554 0.327616 0.788446
vn 0.073641 -0.699393 0.710898
vn 0.102390 -0.764641 0.636250
vn 0.043275 -0.770226 0.636280
vn 0.136021 -0.782769 0.607196
vn 0.082919 -0.781457 0.618397
vn 0.131077 -0.767968 0.626911
vn 0.175909 -0.665975 0.724906
vn 0.151799 -0.751549 0.641926
vn 0.133824 -0.679159 0.721641
vn 0.008087 -0.709861 0.704276
vn -0.165441 -0.110813 0.979949
vn -0.101199 -0.349834 0.931303
vn -0.096042 -0.537950 0.837458
vn -0.072298 -0.207221 0.975616
vn -0.013001 -0.380749 0.924558
vn 0.065157 -0.567980 0.820429
vn 0.022309 -0.332163 0.942930
vn -0.015870 -0.575335 0.817743
vn -0.181860 -0.511307 0.839900
vn -0.037355 -0.572924 0.818720
vn -0.199500 -0.978454 0.052705
vn -0.131077 -0.990570 0.039521
vn -0.159795 -0.984588 0.070833
vn -0.074496 -0.996948 0.023194
vn -0.098270 -0.993683 0.053652
vn -0.139683 -0.985504 0.096042
vn -0.032991 -0.998077 0.052309
vn -0.079562 -0.994049 0.074221
vn -0.048677 -0.998199 0.034669
vn -0.170873 -0.985229 -0.010773
vn -0.113498 -0.993469 0.010559
vn -0.180395 -0.983306 0.023713
vn -0.218635 -0.972594 0.078707
vn -0.195013 -0.974914 0.106998
vn 0.038881 -0.563707 0.825037
vn 0.114841 -0.545061 0.830470
vn 0.078341 -0.387310 0.918607
vn 0.166356 -0.362590 0.916959
vn 0.128727 -0.340342 0.931425
vn 0.181097 -0.524094 0.832179
vn -0.577929 -0.730491 0.363781
vn -0.543290 -0.769372 0.335948
vn -0.634022 -0.699606 0.329417
vn -0.584826 -0.752129 0.303659
vn -0.566942 -0.776635 0.274545
vn -0.627796 -0.744377 0.227485
vn -0.591571 -0.766320 0.250496
vn -0.632313 -0.724540 0.274148
vn -0.631916 -0.667592 0.393628
vn -0.558519 -0.765435 0.319559
vn 0.237800 0.404187 0.883206
vn 0.227515 0.423383 0.876888
vn 0.315470 0.424940 0.848445
vn 0.318888 0.558123 0.766015
vn 0.385388 0.508408 0.770043
vn 0.237068 0.591784 0.770409
vn -0.862667 0.416486 0.286843
vn -0.863552 0.400128 0.306803
vn -0.876858 0.423444 0.227546
vn -0.877041 0.411359 0.248085
vn -0.879879 0.395672 0.263100
vn -0.492782 0.295083 0.818567
vn -0.885189 0.408338 0.222846
vn -0.869869 0.446699 0.209113
vn -0.863857 0.428480 0.264748
vn -0.868587 0.373608 0.325510
vn 0.278878 -0.702963 0.654225
vn 0.321390 -0.622974 0.713157
vn 0.247719 -0.634449 0.732170
vn 0.367962 -0.501328 0.783074
vn 0.293344 -0.519700 0.802393
vn 0.342204 -0.349040 0.872372
vn 0.440840 -0.670309 0.596912
vn 0.397717 -0.606983 0.687979
vn 0.353130 -0.692434 0.629109
vn 0.209174 -0.708731 0.673727
vn 0.230201 -0.777367 0.585376
vn 0.281137 -0.776635 0.563677
vn 0.246559 -0.752861 0.610218
vn 0.339000 -0.773553 0.535386
vn 0.308725 -0.747612 0.588000
vn 0.380261 -0.737266 0.558397
vn 0.360088 -0.702261 0.614093
vn 0.327464 -0.773400 0.542741
vn 0.279336 -0.769036 0.574877
vn 0.187017 -0.757012 0.625996
vn 0.180883 -0.780572 0.598285
vn 0.233802 -0.764824 0.600269
vn 0.187323 -0.762871 0.618793
vn 0.260750 -0.684683 0.680563
vn 0.210242 -0.679403 0.702963
vn 0.314249 -0.689901 0.652089
vn 0.220649 -0.240638 0.945189
vn 0.241188 -0.330943 0.912290
vn 0.222480 -0.551347 0.804041
vn 0.301340 -0.178869 0.936583
vn 0.309366 -0.321940 0.894772
vn 0.344493 -0.577166 0.740379
vn 0.373547 -0.160741 0.913541
vn 0.288461 -0.563128 0.774346
vn 0.150121 -0.553270 0.819330
vn 0.235908 -0.515763 0.823573
vn 0.103519 -0.948729 0.298593
vn 0.123569 -0.901059 0.415693
vn 0.078982 -0.924039 0.373974
vn 0.092532 -0.854457 0.511185
vn 0.042634 -0.890103 0.453749
vn 0.052553 -0.799493 0.598346
vn 0.147252 -0.926145 0.347209
vn 0.028901 -0.973205 0.228095
vn 0.061983 -0.964660 0.256050
vn 0.034791 -0.944853 0.325602
vn -0.983184 0.161077 0.085818
vn -0.982177 0.132023 0.133763
vn -0.991241 0.122257 0.049776
vn -0.990783 0.102817 0.087985
vn -0.988525 0.070437 0.133396
vn -0.474136 0.782769 0.402997
vn -0.993530 0.057283 0.097903
vn -0.994842 0.080935 0.061068
vn -0.981933 0.184759 0.040468
vn -0.979217 0.094668 0.179296
vn -0.631733 -0.773156 0.055696
vn -0.620960 -0.774743 0.119022
vn -0.646535 -0.757897 0.086886
vn -0.606464 -0.775414 0.175695
vn -0.626820 -0.765160 0.147008
vn -0.674367 -0.726676 0.130833
vn -0.650624 -0.736442 0.185186
vn -0.606128 -0.770196 0.198370
vn -0.711814 -0.687155 0.145238
vn -0.636006 -0.755150 0.158727
vn -0.641621 -0.761284 0.093448
vn -0.742302 -0.669698 -0.021241
vn -0.666433 -0.745354 0.016266
vn -0.700156 -0.711203 0.062532
vn -0.588336 -0.776360 0.226051
vn -0.593677 -0.756890 0.273202
vn -0.620777 -0.752739 0.219001
vn -0.683218 -0.669607 0.291177
vn -0.705802 -0.673238 0.220344
vn -0.643452 -0.675344 0.360302
vn -0.802454 -0.513871 0.303232
vn -0.769311 -0.510239 0.384381
vn -0.892239 -0.341472 0.295419
vn -0.864437 -0.323801 0.384533
vn -0.909970 -0.201239 0.362529
vn -0.817530 -0.533403 0.216956
vn -0.990143 0.014344 0.139103
vn -0.984466 0.024140 0.173772
vn -0.505844 0.410077 0.758873
vn -0.984893 -0.037843 0.168920
vn -0.978851 -0.026460 0.202826
vn -0.576891 -0.136906 0.805231
vn -0.976623 -0.091830 0.194250
vn -0.554918 0.227210 0.800256
vn -0.479110 0.631794 0.609272
vn -0.974822 0.052400 0.216681
vn 0.009919 0.990295 0.138493
vn -0.017396 0.988159 0.152379
vn -0.027253 0.990326 0.136021
vn -0.072512 0.979858 0.186010
vn -0.063417 0.987762 0.142369
vn -0.062136 0.990051 0.125980
vn -0.154942 0.981048 0.116276
vn -0.100406 0.987304 0.123020
vn -0.129582 0.978301 0.161596
vn 0.055879 0.984344 0.167119
vn -0.001953 0.981750 0.190069
vn 0.029389 0.988617 0.147465
vn -0.016633 0.986847 0.160772
vn -0.004273 0.990020 0.140843
vn -0.037996 0.990020 0.135655
vn 0.452315 -0.314310 0.834620
vn 0.360607 -0.524277 0.771386
vn 0.378735 -0.322611 0.867428
vn 0.293680 -0.523759 0.799615
vn 0.422559 -0.529801 0.735343
vn 0.441816 -0.158452 0.882992
vn -0.928678 0.370525 0.014100
vn -0.926817 0.372265 0.049135
vn -0.918485 0.393750 0.036103
vn -0.923124 0.376629 0.077212
vn -0.916776 0.394848 0.060060
vn -0.801660 -0.543748 0.248268
vn -0.774621 -0.453719 0.440504
vn -0.788842 -0.507279 0.346873
vn -0.915952 0.394940 0.070803
vn -0.940519 0.334056 0.061739
vn -0.943937 0.328745 0.028932
vn -0.830927 -0.554674 0.042848
vn -0.919156 0.393719 0.010285
vn -0.819391 -0.555101 0.142857
vn 0.023530 0.968902 0.246223
vn 0.047761 0.973479 0.223640
vn 0.031007 0.981414 0.189367
vn 0.084597 0.970183 0.226997
vn 0.056337 0.982513 0.177374
vn 0.040132 0.987487 0.152348
vn 0.146153 0.977569 0.151433
vn 0.072512 0.987426 0.140294
vn 0.104434 0.977905 0.181036
vn 0.066530 0.939451 0.336131
vn 0.073580 0.958403 0.275735
vn 0.041414 0.957183 0.286477
vn 0.003967 0.979522 0.201270
vn 0.013733 0.987060 0.159581
vn -0.853389 -0.510880 0.103244
vn -0.870479 -0.471328 0.141667
vn -0.828272 -0.538072 0.156285
vn -0.902890 -0.386883 0.187231
vn -0.880825 -0.445112 0.161168
vn -0.651845 -0.630970 0.420606
vn -0.629749 -0.547899 0.550615
vn -0.923215 -0.329051 0.198431
vn -0.834437 -0.506394 0.217261
vn -0.879147 -0.434065 0.196539
vn -0.863582 -0.482345 0.146733
vn -0.618671 -0.767907 0.165899
vn -0.770440 -0.625477 0.123264
vn -0.654927 -0.693411 0.300272
vn 0.647450 0.318278 0.692434
vn 0.658193 0.251808 0.709433
vn 0.707266 0.277993 0.649953
vn 0.666555 0.150700 0.730033
vn 0.719108 0.193579 0.667379
vn 0.762444 0.232643 0.603748
vn 0.770745 -0.041841 0.635731
vn 0.774316 0.128483 0.619617
vn 0.723991 0.061861 0.687002
vn 0.604083 0.216987 0.766778
vn 0.592547 0.296701 0.748863
vn 0.738517 0.350719 0.575793
vn 0.696677 0.334544 0.634571
vn 0.748924 0.301096 0.590258
vn 0.648854 -0.145726 0.746788
vn 0.599139 -0.305582 0.740013
vn 0.652516 -0.294870 0.697989
vn 0.519181 -0.423322 0.742454
vn 0.572161 -0.454970 0.682333
vn 0.630787 -0.444533 0.635975
vn 0.535051 -0.584490 0.609943
vn 0.479354 -0.562487 0.673635
vn 0.561449 -0.167425 0.810358
vn 0.547380 -0.281106 0.788232
vn 0.604480 -0.161382 0.780053
vn 0.705039 -0.111026 0.700400
vn 0.711936 -0.257118 0.653432
vn 0.076266 -0.976592 0.201056
vn 0.122349 -0.959471 0.253731
vn 0.050996 -0.989837 0.132542
vn 0.090640 -0.980804 0.172460
vn 0.147496 -0.959960 0.238105
vn 0.097568 -0.989563 0.105869
vn 0.116062 -0.979858 0.162481
vn 0.065371 -0.991638 0.111148
vn 0.040590 -0.984558 0.170171
vn 0.172369 -0.933287 0.314982
vn 0.444716 0.848628 0.286355
vn 0.479598 0.790185 0.381512
vn 0.394940 0.789300 0.470077
vn 0.498856 0.717704 0.485763
vn 0.405744 0.696860 0.591357
vn 0.317698 0.642659 0.697134
vn 0.259896 0.396466 0.880459
vn 0.302316 0.524369 0.795984
vn 0.400189 0.598621 0.693869
vn 0.602649 0.777215 0.180853
vn 0.561937 0.767815 0.307657
vn 0.523240 0.820734 0.229286
vn 0.385998 0.857387 0.340373
vn 0.334208 0.764336 0.551408
vn 0.229316 0.444380 0.865963
vn 0.261818 0.577990 0.772851
vn -0.000793 0.067110 0.997742
vn 0.187780 0.387097 0.902707
vn -0.084078 -0.037568 0.995727
vn 0.123020 0.231513 0.964995
vn -0.125553 -0.233039 0.964293
vn -0.002716 -0.014618 0.999878
vn -0.251839 -0.360973 0.897916
vn 0.139836 0.163884 0.976501
vn -0.127415 -0.155278 0.979614
vn -0.364727 -0.448195 0.816126
vn -0.121494 -0.103885 0.987121
vn -0.260689 -0.271645 0.926389
vn 0.021943 0.022370 0.999481
vn 0.221290 0.292550 0.930265
vn 0.089084 0.122349 0.988464
vn -0.441023 -0.738548 0.509903
vn -0.324809 -0.552202 0.767785
vn -0.421430 -0.601093 0.678976
vn -0.960051 0.275216 -0.050386
vn -0.943388 0.331400 -0.013306
vn -0.941588 0.332835 -0.050813
vn -0.928556 0.370678 -0.019257
vn -0.926725 0.372631 -0.047761
vn -0.919523 0.392834 -0.011353
vn -0.962127 0.272469 -0.006073
vn -0.938719 0.312265 -0.145878
vn -0.953948 0.282510 -0.100681
vn -0.934812 0.341929 -0.095676
vn -0.855739 0.507035 0.102969
vn -0.850093 0.523484 0.057375
vn -0.918607 0.388287 0.073275
vn -0.878292 0.477920 0.011109
vn -0.922758 0.382580 0.045656
vn -0.561388 0.817042 0.131382
vn -0.569659 0.821589 -0.021180
vn -0.568224 0.820765 0.058473
vn -0.934965 0.354686 0.000580
vn -0.437727 0.898953 0.016511
vn -0.710257 0.703574 0.021638
vn -0.691549 0.720450 0.051515
vn -0.524155 0.801050 0.289010
vn -0.912687 0.398663 0.089480
vn -0.547533 0.811365 0.204596
vn -0.911588 -0.397229 0.105808
vn -0.944212 -0.276315 0.179052
vn -0.903928 -0.377911 0.200201
vn -0.749321 -0.638295 0.176122
vn -0.934080 -0.232368 0.271035
vn -0.720634 -0.647420 0.247902
vn -0.828181 -0.558794 0.042421
vn -0.775475 -0.621815 0.109256
vn -0.951048 -0.296762 0.085971
vn -0.818598 -0.559984 0.127659
vn -0.124821 0.989532 -0.072146
vn -0.151585 0.986938 -0.054140
vn -0.130039 0.990753 -0.038240
vn -0.219245 0.974609 -0.045320
vn -0.168187 0.985534 -0.019959
vn -0.144902 0.989410 -0.006317
vn -0.227699 0.973693 0.005249
vn -0.271767 0.962310 -0.007782
vn -0.204535 0.971374 -0.120548
vn -0.203284 0.975677 -0.081820
vn -0.151341 0.984405 -0.089511
vn -0.146702 0.984191 -0.098910
vn -0.114780 0.991119 -0.066897
vn -0.124638 0.991821 -0.026948
vn 0.350078 0.404431 0.844905
vn 0.283059 0.279550 0.917447
vn 0.487320 0.548418 0.679495
vn 0.466750 0.447951 0.762505
vn 0.414472 0.322886 0.850826
vn 0.661977 0.485092 0.571307
vn 0.569628 0.430708 0.699973
vn 0.579333 0.537858 0.612415
vn 0.382855 0.505051 0.773492
vn 0.173711 0.138676 0.974975
vn -0.211280 -0.437269 0.874142
vn -0.047792 -0.098148 0.994018
vn -0.287667 -0.584155 0.758934
vn -0.177831 -0.316477 0.931761
vn -0.276437 -0.453291 0.847377
vn -0.355663 -0.696921 0.622700
vn -0.381176 -0.775597 0.503067
vn -0.352428 -0.673482 0.649739
vn -0.426466 -0.859188 0.282601
vn -0.427503 -0.813349 0.394543
vn -0.467025 -0.859401 0.208014
vn -0.431471 -0.821223 0.373333
vn -0.516068 -0.842677 0.153325
vn -0.473556 -0.878475 0.063082
vn -0.462111 -0.864528 0.197516
vn -0.453078 -0.891324 -0.014801
vn -0.446120 -0.886471 0.122990
vn -0.481582 -0.873745 0.067751
vn -0.520920 -0.844325 -0.125401
vn -0.474197 -0.877865 -0.066530
vn -0.523270 -0.851863 0.022156
vn -0.494125 -0.816340 0.298929
vn -0.843684 -0.532365 0.068941
vn -0.854610 -0.509171 0.101718
vn -0.832301 -0.553606 0.027345
vn -0.841304 -0.537370 0.058351
vn -0.803858 -0.583728 0.114231
vn -0.774468 -0.630299 0.053682
vn -0.819208 -0.573412 0.006775
vn -0.746422 -0.662191 0.065645
vn -0.821406 -0.545640 0.165868
vn 0.009857 -0.891507 0.452864
vn 0.002106 -0.782250 0.622913
vn 0.009430 -0.791406 0.611194
vn -0.689566 -0.204535 0.694693
vn -0.001770 -0.598437 0.801141
vn 0.008942 -0.621662 0.783227
vn -0.000336 -0.306955 0.951689
vn -0.586840 0.025086 0.809290
vn -0.744438 -0.363231 0.560198
vn 0.008820 -0.889401 0.457015
vn 0.037690 -0.901364 0.431349
vn 0.018220 -0.894894 0.445875
vn 0.023286 -0.800958 0.598224
vn -0.017029 0.953063 -0.302194
vn -0.010620 0.986541 -0.163091
vn -0.003296 0.964110 -0.265419
vn -0.005097 0.998962 -0.045167
vn 0.000946 0.990020 -0.140843
vn -0.542009 0.818537 -0.190252
vn -0.559191 0.822382 -0.104495
vn 0.002899 0.999451 -0.032838
vn -0.055391 0.993713 -0.097201
vn -0.022279 0.997497 -0.066988
vn -0.033570 0.979614 -0.198035
vn -0.531816 0.747185 -0.398541
vn -0.007141 0.908689 -0.417402
vn -0.531877 0.796014 -0.288858
vn 0.561693 0.058229 0.825282
vn 0.616047 -0.021516 0.787408
vn 0.612995 0.107486 0.782708
vn 0.666219 0.013184 0.745598
vn 0.565416 -0.060671 0.822565
vn 0.550310 0.171087 0.817225
vn -0.574267 -0.495712 0.651509
vn -0.593280 -0.617481 0.516404
vn -0.467666 -0.494278 0.732749
vn -0.584613 -0.716544 0.380444
vn -0.500565 -0.617267 0.606922
vn -0.511856 -0.736106 0.442824
vn -0.777520 -0.601764 0.182562
vn -0.670583 -0.680990 0.294076
vn -0.699973 -0.580432 0.416028
vn -0.388195 -0.336467 0.857936
vn -0.632099 -0.773675 0.043184
vn -0.574297 -0.811151 0.110416
vn -0.621754 -0.761956 0.181005
vn -0.556169 -0.795251 0.241218
vn -0.578234 -0.815088 -0.034974
vn -0.693777 -0.712027 0.107883
vn 0.650594 0.665029 0.366619
vn 0.580737 0.627186 0.518967
vn 0.579608 0.703970 0.410443
vn 0.497360 0.635731 0.590289
vn 0.656209 0.585345 0.476119
vn 0.635426 0.726768 0.260720
vn 0.008484 -0.375195 0.926878
vn 0.025575 -0.641102 0.766991
vn 0.005493 -0.071200 0.997436
vn 0.024293 -0.412763 0.910489
vn 0.050722 -0.659352 0.750084
vn 0.023560 -0.187414 0.981994
vn 0.044557 -0.443312 0.895230
vn 0.014924 -0.130436 0.991333
vn 0.002411 -0.020631 0.999756
vn 0.047090 -0.811304 0.582690
vn -0.937712 -0.338145 -0.079623
vn -0.929960 -0.367412 0.011902
vn -0.822352 -0.567675 -0.038026
vn -0.820856 -0.569536 0.042299
vn -0.706626 -0.707572 -0.003082
vn -0.709281 -0.701498 0.068972
vn -0.978301 -0.205939 -0.021760
vn -0.687643 -0.712699 -0.138340
vn -0.813166 -0.570513 -0.114994
vn -0.700980 -0.709586 -0.071230
vn -0.376354 -0.925535 0.041261
vn -0.276925 -0.959044 0.059053
vn -0.369640 -0.929106 0.007904
vn -0.267647 -0.962889 0.034455
vn -0.253853 -0.967223 -0.000671
vn -0.500412 -0.865627 0.015259
vn -0.552141 0.808710 -0.202734
vn -0.585620 0.794671 -0.159642
vn -0.347087 0.932096 -0.103244
vn -0.634419 0.764428 -0.114566
vn -0.387646 0.919401 -0.066317
vn -0.496292 0.867702 -0.027009
vn -0.849574 0.457137 -0.263039
vn -0.776910 0.594531 -0.207129
vn -0.754875 0.604633 -0.254006
vn -0.326518 0.933317 -0.149236
vn 0.464461 -0.551927 0.692526
vn 0.576922 -0.152409 0.802423
vn 0.512772 -0.150151 0.845271
vn 0.576403 -0.334605 0.745476
vn 0.520615 -0.317331 0.792596
vn 0.473647 -0.549211 0.688467
vn 0.568102 -0.525376 0.633381
vn 0.630909 -0.168126 0.757408
vn 0.519608 -0.537278 0.664296
vn 0.401532 -0.572344 0.714957
vn -0.905972 0.411420 -0.099643
vn -0.916440 0.398633 -0.034272
vn -0.904813 0.412061 -0.107059
vn -0.547349 0.571368 -0.611469
vn -0.923521 0.380200 -0.050295
vn -0.896695 0.427931 -0.113163
vn -0.924680 0.373638 -0.073153
vn -0.539842 0.674978 -0.502914
vn -0.577715 0.271767 -0.769616
vn -0.564592 0.435255 -0.701224
vn -0.906339 0.420881 -0.037202
vn -0.885586 0.422620 -0.192572
vn -0.861019 0.469924 -0.194281
vn -0.335673 -0.937986 -0.086489
vn -0.325632 -0.935881 -0.134251
vn -0.269112 -0.958312 -0.095889
vn -0.678640 -0.632527 -0.373272
vn -0.287667 -0.946043 -0.149022
vn -0.234840 -0.966216 -0.106052
vn -0.623066 -0.620167 -0.476608
vn -0.279092 -0.944731 -0.171819
vn -0.645863 -0.633198 -0.426435
vn -0.747490 -0.611286 -0.259865
vn -0.710776 -0.627827 -0.317179
vn -0.401746 -0.907529 -0.122318
vn -0.249458 -0.967315 -0.045045
vn -0.188360 -0.980651 -0.052828
vn 0.579974 -0.654775 0.484603
vn 0.669118 -0.537492 0.513169
vn 0.601001 -0.569048 0.561205
vn 0.763237 -0.367840 0.531114
vn 0.694235 -0.412397 0.589831
vn 0.774071 -0.214484 0.595599
vn 0.721702 -0.577258 0.381939
vn 0.743400 -0.487411 0.457930
vn 0.646657 -0.625904 0.435926
vn 0.514908 -0.669668 0.535142
vn 0.480209 0.765862 -0.427534
vn 0.442824 0.797174 -0.410321
vn 0.419568 0.705557 -0.571032
vn -0.449202 0.780969 -0.433851
vn 0.387494 0.726646 -0.567278
vn 0.342814 0.601886 -0.721213
vn -0.557543 0.289529 -0.777978
vn 0.316263 0.591571 -0.741600
vn -0.475753 0.586413 -0.655538
vn -0.404096 0.908628 -0.105136
vn -0.421186 0.875881 -0.235389
vn 0.489944 0.829402 -0.268319
vn 0.449263 0.584429 -0.675680
vn 0.468123 0.679861 -0.564470
vn 0.390820 0.597613 -0.700034
vn -0.731712 -0.681204 -0.022004
vn -0.826167 -0.562670 -0.028535
vn -0.575518 -0.806177 -0.137272
vn -0.726524 -0.674032 -0.133274
vn -0.837947 -0.539659 -0.081179
vn -0.567736 -0.424543 -0.705252
vn -0.762352 -0.603992 -0.232276
vn -0.535173 -0.757225 -0.374371
vn -0.591662 -0.805994 0.016755
vn -0.824580 -0.564257 -0.040376
vn -0.631611 -0.180456 -0.753960
vn -0.894681 0.419538 -0.153233
vn -0.899136 0.410169 -0.152470
vn -0.908567 0.403424 -0.108127
vn -0.907956 0.399274 -0.127079
vn -0.913846 0.392346 -0.104495
vn -0.923978 0.362865 -0.120518
vn -0.917997 0.371532 -0.138554
vn -0.894070 0.432173 -0.117466
vn -0.590716 0.048738 -0.805383
vn -0.745537 -0.480514 -0.461776
vn -0.690237 -0.360790 -0.627186
vn -0.908933 0.403363 -0.105411
vn -0.005219 0.337443 -0.941313
vn -0.012085 0.606464 -0.795007
vn 0.000671 0.434187 -0.900784
vn -0.017701 0.781976 -0.623035
vn -0.003418 0.666189 -0.745750
vn -0.006928 0.815149 -0.579180
vn -0.059053 0.652882 -0.755120
vn -0.035463 0.727561 -0.685110
vn -0.021271 0.515763 -0.856441
vn 0.002655 0.151860 -0.988372
vn -0.208594 -0.971068 -0.116184
vn -0.150212 -0.986847 -0.059481
vn -0.184057 -0.973113 -0.138218
vn -0.120212 -0.990387 -0.068056
vn -0.081942 -0.996246 -0.026795
vn -0.044038 -0.997620 -0.052614
vn -0.057466 -0.997711 -0.035035
vn -0.097262 -0.991546 -0.085818
vn -0.274453 -0.940672 -0.199469
vn -0.117283 -0.992889 -0.019990
vn 0.821833 0.304483 0.481460
vn 0.796228 0.269448 0.541642
vn 0.835810 0.247749 0.489914
vn 0.809809 0.196844 0.552629
vn 0.847652 0.182195 0.498245
vn 0.819178 0.098178 0.565020
vn 0.782769 0.325541 0.530320
vn 0.880734 0.280709 0.381359
vn 0.853816 0.290262 0.432112
vn 0.867061 0.237526 0.437880
vn 0.728324 0.409925 0.549028
vn 0.684957 0.429243 0.588672
vn 0.688009 0.404126 0.602710
vn 0.622120 0.474441 0.622761
vn 0.630024 0.428114 0.647847
vn 0.634205 0.396558 0.663686
vn 0.562639 0.423597 0.709891
vn 0.551683 0.477828 0.683584
vn 0.713736 0.450819 0.535997
vn 0.676962 0.463454 0.571734
vn 0.722770 0.427931 0.542619
vn 0.732383 0.386242 0.560686
vn 0.690634 0.374645 0.618549
vn -0.327586 0.901761 0.281869
vn -0.519364 0.794824 0.313761
vn -0.391888 0.903836 0.171728
vn -0.695669 0.645985 0.314158
vn -0.560137 0.816340 0.140690
vn -0.400342 0.914670 0.055574
vn -0.800623 0.594134 -0.077090
vn -0.541887 0.840205 -0.019318
vn -0.739494 0.666738 0.092624
vn -0.348308 0.706626 0.615894
vn -0.572069 0.636158 0.517655
vn -0.389599 0.807215 0.443342
vn -0.236824 0.955840 0.173864
vn -0.269173 0.957884 0.099826
vn -0.335459 0.932829 -0.131413
vn -0.268624 0.962279 -0.042573
vn -0.376720 0.925413 -0.040803
vn -0.197729 0.980193 0.010346
vn -0.273598 0.961455 0.026154
vn -0.182806 0.980926 0.065706
vn -0.192083 0.980621 -0.037843
vn -0.232673 0.964476 -0.124851
vn -0.503708 0.852138 -0.141697
vn 0.251503 -0.928373 0.273568
vn 0.264748 -0.906613 0.328501
vn 0.191107 -0.950102 0.246437
vn 0.211982 -0.925810 0.312876
vn 0.317515 -0.881863 0.348521
vn 0.167180 -0.969329 0.179998
vn -0.985839 0.140202 -0.091800
vn -0.979369 0.149297 -0.135929
vn -0.993072 0.050447 -0.105991
vn -0.971129 0.144047 -0.189978
vn -0.985504 0.042055 -0.164281
vn -0.988525 -0.080630 -0.127506
vn -0.951842 -0.187902 -0.242225
vn -0.975555 -0.111515 -0.189245
vn -0.973876 0.007630 -0.226905
vn -0.958129 0.234107 -0.164708
vn -0.965423 0.228706 -0.124882
vn -0.995300 0.043092 -0.086703
vn -0.971709 -0.142796 -0.187933
vn -0.652333 -0.107517 -0.750237
vn -0.163182 -0.322153 -0.932493
vn 0.019257 0.029481 -0.999359
vn -0.293222 -0.555712 -0.777917
vn -0.136723 -0.258522 -0.956267
vn 0.057924 0.100345 -0.993255
vn -0.235755 -0.363903 -0.901089
vn -0.094516 -0.163030 -0.982055
vn -0.272317 -0.474105 -0.837275
vn -0.303262 -0.602710 -0.738060
vn -0.676321 -0.172033 -0.716208
vn -0.565142 0.023469 -0.824641
vn 0.192145 0.355663 -0.914609
vn -0.456679 -0.735130 -0.500961
vn -0.382031 -0.681021 -0.624683
vn -0.442091 -0.790613 -0.423627
vn -0.385632 -0.730003 -0.564226
vn -0.428632 -0.833949 -0.347484
vn -0.407178 -0.787744 -0.462203
vn -0.375347 -0.594348 -0.711203
vn -0.501663 -0.809687 -0.304453
vn -0.468245 -0.854091 -0.226295
vn -0.907712 0.409406 -0.091647
vn -0.910855 0.387036 -0.143132
vn -0.901181 0.402478 -0.160680
vn -0.904324 0.379986 -0.194250
vn -0.885861 0.405438 -0.225410
vn -0.920682 0.350749 -0.171117
vn 0.002838 -0.616413 -0.787408
vn -0.000275 -0.437086 -0.899380
vn 0.007233 -0.639821 -0.768456
vn -0.001434 -0.203864 -0.978973
vn 0.002747 -0.408979 -0.912534
vn 0.001709 -0.130253 -0.991455
vn -0.001251 -0.285562 -0.958342
vn -0.000793 -0.239326 -0.970916
vn -0.001343 -0.431837 -0.901944
vn 0.012268 -0.793146 -0.608875
vn -0.005921 0.089114 -0.996002
vn -0.008148 0.225532 -0.974181
vn -0.002136 -0.039064 -0.999207
vn -0.001709 0.045259 -0.998962
vn -0.022095 0.371960 -0.927976
vn -0.000610 -0.131932 -0.991241
vn -0.898587 -0.363750 -0.245369
vn -0.968108 -0.140416 -0.207312
vn -0.925230 -0.341472 -0.165166
vn -0.867916 -0.479415 -0.129704
vn -0.984558 -0.126926 -0.120334
vn -0.876156 -0.479904 -0.044679
vn -0.817805 -0.538896 -0.201849
vn -0.933226 -0.214179 -0.288369
vn -0.793573 -0.578173 -0.189520
vn 0.131291 0.975219 0.177984
vn 0.136906 0.947417 0.289163
vn 0.073580 0.956938 0.280709
vn 0.107089 0.885586 0.451918
vn 0.013916 0.907590 0.419599
vn -0.050478 0.935911 0.348521
vn -0.184637 0.856838 0.481368
vn -0.088076 0.809992 0.579730
vn 0.207587 0.968963 0.134159
vn 0.200598 0.939726 0.276803
vn 0.167302 0.974334 0.150517
vn 0.092105 0.978515 0.184301
vn 0.026063 0.970244 0.240699
vn 0.465377 -0.710013 0.528459
vn 0.525285 -0.561327 0.639485
vn 0.583483 -0.551317 0.596271
vn 0.631397 -0.335521 0.699057
vn 0.684683 -0.325938 0.651845
vn 0.688894 -0.168432 0.704978
vn 0.407910 -0.712394 0.571001
vn 0.616169 -0.670675 0.412885
vn 0.534562 -0.694601 0.481368
vn 0.642354 -0.526017 0.557360
vn -0.726554 -0.663411 -0.178808
vn -0.657979 -0.720145 -0.220069
vn -0.685385 -0.726157 -0.053835
vn -0.594409 -0.747429 -0.296579
vn -0.624317 -0.772057 -0.118748
vn -0.564959 -0.799524 -0.203864
vn -0.605274 -0.616047 -0.504074
vn -0.607044 -0.687643 -0.398206
vn -0.675985 -0.653340 -0.340800
vn -0.761101 -0.648549 -0.007508
vn -0.528611 -0.752068 -0.393567
vn -0.461226 -0.654653 -0.598865
vn -0.537095 -0.683767 -0.493881
vn -0.441023 -0.557970 -0.702933
vn -0.527116 -0.600604 -0.601123
vn -0.347331 -0.485366 -0.802332
vn -0.826258 0.410962 -0.385174
vn -0.831263 0.390667 -0.395428
vn -0.853481 0.397992 -0.336314
vn -0.832850 0.364849 -0.416150
vn -0.859523 0.369396 -0.353191
vn -0.878719 0.375134 -0.295114
vn -0.893368 0.282510 -0.349315
vn -0.886410 0.337474 -0.316752
vn -0.863582 0.331156 -0.380108
vn -0.776116 0.399701 -0.487686
vn -0.802911 0.387249 -0.453139
vn -0.801324 0.401990 -0.442976
vn -0.843806 0.427839 -0.323923
vn -0.869808 0.406293 -0.279885
vn 0.062899 -0.982360 0.175970
vn 0.100406 -0.953246 0.284982
vn 0.120121 -0.978668 0.166631
vn 0.137638 -0.893246 0.427931
vn 0.180792 -0.941038 0.285806
vn 0.215217 -0.962828 0.163182
vn 0.467147 -0.727897 0.501846
vn 0.323801 -0.901181 0.288003
vn 0.255776 -0.851680 0.457350
vn 0.074007 -0.904080 0.420820
vn 0.051485 -0.954680 0.293100
vn 0.083285 -0.995544 -0.044008
vn 0.073855 -0.994568 0.073061
vn 0.140416 -0.988098 0.062532
vn -0.434919 -0.897061 -0.078188
vn -0.471145 -0.881527 -0.030274
vn -0.349986 -0.935972 -0.037812
vn 0.200171 0.853816 0.480483
vn 0.028230 0.754997 0.655080
vn 0.303781 0.808710 0.503647
vn 0.154881 0.681722 0.714988
vn -0.068117 0.493332 0.867153
vn 0.333293 0.443495 0.831965
vn 0.120304 0.443892 0.887936
vn 0.305918 0.618976 0.723350
vn 0.268319 0.922269 0.278207
vn -0.222266 0.602771 0.766320
vn 0.569262 -0.744194 0.349376
vn 0.570025 -0.709769 0.413800
vn 0.520035 -0.753288 0.402570
vn 0.512925 -0.722404 0.463698
vn 0.465682 -0.760033 0.453261
vn 0.450758 -0.728660 0.515580
vn 0.630634 -0.685690 0.363445
vn 0.539750 -0.760125 0.361675
vn 0.494613 -0.763146 0.415815
vn 0.595294 0.573870 0.562365
vn 0.523698 0.595172 0.609455
vn 0.529649 0.721549 0.445845
vn 0.436903 0.775445 0.455794
vn 0.367107 0.786157 0.497116
vn 0.233528 0.931608 0.278420
vn 0.317911 0.906674 0.277200
vn 0.663198 0.528703 0.529679
vn 0.451186 0.592944 0.666921
vn -0.127812 0.144688 0.981170
vn -0.329691 0.231666 0.915220
vn -0.112735 -0.143376 0.983215
vn -0.359783 -0.143925 0.921842
vn -0.575304 0.000092 0.817927
vn -0.540910 -0.565508 0.622547
vn -0.574725 -0.333720 0.747185
vn -0.319895 -0.389630 0.863613
vn 0.112735 0.162694 0.980193
vn -0.498489 0.422407 0.756981
vn -0.736290 -0.622181 -0.265908
vn -0.790368 -0.480270 -0.380261
vn -0.845729 -0.497238 -0.193548
vn -0.844844 -0.187414 -0.501083
vn -0.937162 -0.226264 -0.265450
vn -0.950835 -0.307474 -0.036988
vn -0.991485 0.114475 -0.061800
vn -0.922239 0.221290 -0.316935
vn -0.489608 -0.641102 -0.590930
vn -0.660695 -0.477676 -0.579028
vn -0.647816 -0.630024 -0.428205
vn -0.791131 -0.611225 -0.021882
vn -0.776391 -0.616871 -0.129002
vn -0.855403 -0.517228 -0.026521
vn -0.895138 0.124821 -0.427900
vn -0.917051 0.017640 -0.398328
vn -0.923002 0.121403 -0.365093
vn -0.921934 -0.131809 -0.364208
vn -0.941557 0.002289 -0.336772
vn -0.945555 0.122593 -0.301462
vn -0.960845 -0.005127 -0.276925
vn -0.940672 -0.157506 -0.300516
vn -0.871517 -0.059420 -0.486679
vn -0.898892 -0.097049 -0.427198
vn -0.887722 0.036134 -0.458907
vn -0.896786 0.208655 -0.390118
vn -0.921079 0.214972 -0.324564
vn 0.112003 -0.479232 -0.870479
vn 0.094089 -0.631794 -0.769372
vn 0.137638 -0.703421 -0.697287
vn 0.062929 -0.752220 -0.655873
vn 0.097201 -0.791589 -0.603229
vn 0.129887 -0.853450 -0.504654
vn 0.056551 -0.898953 -0.434339
vn 0.086856 -0.880367 -0.466231
vn 0.061739 -0.847163 -0.527665
vn 0.043428 -0.379955 -0.923948
vn 0.057741 -0.593341 -0.802850
vn 0.073183 -0.414472 -0.907071
vn 0.304849 -0.695212 -0.650929
vn 0.170263 -0.577013 -0.798761
vn 0.196112 -0.800287 -0.566607
vn 0.009308 -0.034913 0.999329
vn 0.138798 -0.276009 0.951048
vn 0.108005 -0.377697 0.919584
vn 0.315104 -0.385113 0.867367
vn 0.239662 -0.536973 0.808802
vn 0.151799 -0.621021 0.768944
vn 0.268563 -0.714927 0.645528
vn 0.413007 -0.570757 0.709647
vn -0.121982 0.155583 0.980255
vn 0.123692 -0.138615 0.982574
vn -0.030427 0.065310 0.997375
vn 0.019257 -0.120853 0.992462
vn 0.071932 -0.439619 0.895260
vn -0.438826 0.848750 -0.294992
vn -0.257546 0.944487 -0.203925
vn -0.395001 0.860439 -0.321848
vn -0.165105 0.975677 -0.144047
vn -0.243263 0.944823 -0.219337
vn -0.387280 0.843440 -0.372234
vn -0.147465 0.968627 -0.199988
vn -0.242775 0.934355 -0.260781
vn -0.153813 0.975097 -0.159581
vn -0.179662 0.974548 -0.134007
vn -0.292825 0.937101 -0.189856
vn -0.666128 0.553117 -0.500290
vn -0.583361 0.701926 -0.408582
vn -0.547319 0.691458 -0.471480
vn -0.572192 -0.563036 -0.596240
vn -0.253059 -0.919645 -0.300302
vn -0.260598 -0.935301 -0.239296
vn -0.171453 -0.953948 -0.246040
vn -0.169134 -0.969359 -0.178045
vn -0.094852 -0.987640 -0.124699
vn -0.420728 -0.622211 -0.660115
vn -0.246620 -0.894345 -0.373241
vn -0.505692 -0.584002 -0.634968
vn -0.610034 -0.581256 -0.538469
vn 0.367168 0.880398 0.300119
vn 0.429365 0.762535 0.483871
vn 0.378674 0.912717 0.153356
vn 0.470321 0.839717 0.271340
vn 0.699545 0.513993 0.496353
vn 0.860775 0.508408 0.023347
vn 0.831019 0.470046 0.297372
vn 0.483139 0.869076 0.105960
vn 0.280679 0.949034 0.143223
vn 0.531785 0.505417 0.679464
vn -0.047426 -0.597858 0.800165
vn -0.091525 -0.408032 0.908353
vn 0.151921 -0.429670 0.890103
vn 0.141697 -0.134281 0.980743
vn 0.410077 -0.139103 0.901364
vn 0.365307 0.194220 0.910367
vn -0.286721 -0.587939 0.756340
vn 0.395611 -0.637684 0.660909
vn 0.170568 -0.611713 0.772454
vn 0.418409 -0.444258 0.792169
vn -0.707144 -0.706168 -0.034974
vn -0.737693 -0.669485 0.086917
vn -0.698569 -0.711295 0.077670
vn -0.777856 -0.582629 0.235450
vn -0.707175 -0.672872 0.216987
vn -0.668630 -0.716788 0.197760
vn -0.643880 -0.681143 0.348399
vn -0.714713 -0.553606 0.427381
vn -0.795556 -0.599170 0.089633
vn -0.743461 -0.668081 -0.029328
vn -0.727226 -0.684500 -0.050600
vn -0.691885 -0.720847 -0.040712
vn -0.691366 -0.718863 0.072115
vn -0.721854 -0.664693 0.192480
vn -0.669393 -0.720298 0.181768
vn -0.631031 -0.718070 0.293466
vn -0.615070 -0.722983 0.314493
vn -0.546617 -0.719413 0.428510
vn -0.527482 -0.693747 0.490341
vn -0.739402 -0.669332 0.072329
vn -0.637623 -0.640553 0.427869
vn -0.685415 -0.657582 0.312571
vn -0.580615 -0.706290 0.404920
vn 0.631062 -0.568346 0.527909
vn 0.766045 -0.249733 0.592242
vn 0.738701 -0.188818 0.646992
vn 0.770074 -0.346049 0.535905
vn 0.727836 -0.333018 0.599445
vn 0.720054 -0.488083 0.493210
vn 0.612354 -0.667287 0.423902
vn 0.781121 -0.316385 0.538224
vn 0.622517 -0.627613 0.467452
vn 0.612873 -0.526322 0.589343
vn -0.010102 -0.997986 -0.062349
vn 0.006409 -0.999146 -0.040712
vn -0.002991 -0.999512 -0.030305
vn 0.022675 -0.999176 -0.032991
vn 0.011200 -0.999725 -0.020508
vn 0.001709 -0.999908 -0.012482
vn 0.049806 -0.998749 0.000214
vn 0.018464 -0.999786 -0.005799
vn 0.031312 -0.999359 -0.016144
vn 0.014252 -0.995636 -0.091922
vn 0.017518 -0.998321 -0.054811
vn 0.000580 -0.997162 -0.075198
vn -0.022340 -0.998321 -0.053163
vn -0.013306 -0.999634 -0.023133
vn 0.594012 0.694418 -0.406079
vn 0.592151 0.620716 -0.513840
vn 0.660848 0.644551 -0.384411
vn 0.570574 0.538163 -0.620289
vn 0.655843 0.574999 -0.489090
vn 0.725089 0.580584 -0.370312
vn 0.691183 0.440260 -0.573046
vn 0.716697 0.514939 -0.470229
vn 0.630818 0.495407 -0.597156
vn 0.510392 0.566363 -0.647053
vn 0.527696 0.653096 -0.543077
vn 0.701926 0.688223 -0.183386
vn 0.650655 0.705679 -0.280374
vn 0.718833 0.638020 -0.276009
vn 0.301828 0.952208 -0.046175
vn 0.359752 0.931913 0.045412
vn 0.246925 0.969024 0.000366
vn 0.266213 0.962096 0.059023
vn 0.189459 0.981842 0.007324
vn 0.198523 0.978973 0.046266
vn 0.456618 0.888607 -0.042634
vn 0.173803 0.984130 -0.035066
vn 0.217261 0.975280 -0.039796
vn 0.180670 0.983306 -0.021027
vn 0.862300 -0.125462 0.490524
vn 0.669332 -0.133000 0.730918
vn 0.826472 0.150761 0.542375
vn 0.614277 0.176855 0.768975
vn 0.648549 -0.438337 0.622272
vn 0.954711 0.105716 0.278054
vn -0.671621 -0.166753 -0.721854
vn -0.789850 0.273598 -0.548845
vn -0.440962 -0.140141 -0.886502
vn -0.597980 0.291452 -0.746605
vn -0.570147 0.661519 -0.487106
vn -0.229682 0.645650 -0.728263
vn -0.410504 0.648823 -0.640675
vn -0.370220 0.314341 -0.874111
vn -0.458754 -0.476180 -0.750145
vn -0.700461 0.649831 -0.295022
vn -0.690146 0.533006 0.489456
vn -0.868770 0.110355 0.482681
vn -0.765984 0.024354 0.642354
vn -0.885800 -0.274331 0.374248
vn -0.788232 -0.308603 0.532365
vn -0.652852 -0.386822 0.651234
vn -0.648549 -0.544389 0.531938
vn -0.752556 -0.519761 0.404340
vn -0.835536 0.514512 0.192633
vn -0.944609 0.114566 0.307505
vn -0.758141 0.559893 0.334208
vn -0.526109 0.262185 0.808954
vn -0.620746 0.428968 0.656209
vn -0.629994 -0.115207 0.767968
vn -0.522080 -0.586108 0.619556
vn -0.499710 -0.452223 0.738731
vn -0.433607 -0.675985 0.595813
vn -0.391614 -0.611499 0.687490
vn -0.343211 -0.479263 0.807733
vn -0.205939 -0.692618 0.691244
vn -0.259621 -0.629444 0.732353
vn -0.315073 -0.684408 0.657460
vn -0.543107 -0.663839 0.514084
vn -0.454421 -0.165166 0.875301
vn -0.404126 -0.444319 -0.799493
vn -0.291757 -0.357524 -0.887143
vn -0.380902 -0.350047 -0.855770
vn -0.225410 -0.232673 -0.946043
vn -0.088229 -0.101016 -0.990936
vn 0.051607 0.040071 -0.997833
vn -0.005341 -0.000488 -0.999969
vn -0.182562 -0.154454 -0.970977
vn -0.524003 -0.509537 -0.682455
vn -0.171941 -0.232673 -0.957213
vn 0.622852 -0.161992 0.765374
vn 0.486709 -0.317423 0.813807
vn 0.416608 -0.119083 0.901242
vn 0.288461 -0.187262 0.938994
vn 0.147923 -0.052644 0.987579
vn 0.019623 -0.009400 0.999756
vn 0.632679 -0.424726 0.647511
vn 0.303415 0.050539 0.951506
vn 0.502396 -0.010834 0.864528
vn 0.249001 -0.018342 0.968322
vn -0.256935 0.965361 0.044710
vn -0.163976 0.984039 0.068941
vn -0.219031 0.974059 -0.056398
vn -0.091006 0.991699 0.090670
vn -0.138554 0.989868 -0.030457
vn -0.176702 0.970183 -0.165746
vn -0.107791 0.985351 -0.131932
vn -0.075838 0.997101 -0.002411
vn -0.121281 0.904660 0.408460
vn -0.105472 0.971282 0.213233
vn -0.189734 0.962462 0.193915
vn -0.341166 0.917570 -0.204016
vn -0.310495 0.947081 -0.081149
vn -0.258065 0.946928 -0.191595
vn -0.609302 -0.766717 -0.202063
vn -0.630421 -0.763878 -0.137913
vn -0.654500 -0.732902 -0.185553
vn -0.637654 -0.766594 -0.075442
vn -0.666890 -0.735557 -0.119053
vn -0.712943 -0.680349 -0.169774
vn -0.725455 -0.681021 -0.099307
vn -0.672811 -0.737968 -0.051943
vn -0.636586 -0.764489 -0.101199
vn -0.620533 -0.766656 -0.164800
vn -0.650502 -0.677969 -0.342265
vn -0.627064 -0.734458 -0.259438
vn -0.693228 -0.677145 -0.246742
vn 0.871487 0.402142 0.280587
vn 0.860988 0.389569 0.326945
vn 0.881314 0.383557 0.275857
vn 0.851161 0.367565 0.374676
vn 0.873653 0.360454 0.326731
vn 0.896268 0.348888 0.273721
vn 0.890011 0.317911 0.326762
vn 0.865474 0.328257 0.378338
vn 0.840846 0.396008 0.368908
vn 0.842158 0.391247 0.371014
vn 0.856380 0.401044 0.325144
vn 0.912442 0.382641 0.144932
vn 0.891079 0.396435 0.220832
vn 0.902554 0.371685 0.217231
vn 0.641011 0.611438 0.463881
vn 0.468886 0.816492 0.336833
vn 0.727317 0.501206 0.468795
vn 0.622852 0.673177 0.398541
vn 0.434889 0.860927 0.263894
vn 0.735405 0.582049 0.346934
vn 0.608997 0.721397 0.329661
vn 0.732231 0.539750 0.415296
vn 0.721122 0.470840 0.508194
vn 0.267861 0.944731 0.188910
vn 0.425398 0.880490 0.209174
vn 0.255959 0.955565 0.145970
vn 0.463759 0.868191 0.176366
vn 0.264382 0.957060 0.118625
vn 0.159429 0.983123 0.089450
vn 0.201544 0.978118 0.051393
vn 0.171636 0.982727 0.069094
vn 0.300699 0.948515 0.099368
vn 0.632466 0.727287 0.266427
vn 0.151128 0.981872 0.114322
vn 0.842952 0.025941 -0.537339
vn 0.807428 -0.336497 -0.484542
vn 0.956786 -0.066317 -0.283029
vn 0.724448 -0.569109 -0.388928
vn 0.904233 -0.352824 -0.240486
vn 0.986450 -0.158849 -0.040468
vn 0.780999 -0.623127 -0.041536
vn 0.895566 -0.442274 -0.048006
vn 0.789788 -0.585040 -0.184088
vn 0.398602 -0.544023 -0.738334
vn 0.589404 -0.561327 -0.580920
vn 0.665273 -0.282479 -0.691061
vn 0.907865 0.302286 -0.290445
vn 0.998657 0.050722 -0.007660
vn 0.889859 -0.426527 0.161870
vn 0.964873 -0.134098 0.225837
vn 0.724723 -0.622150 0.296030
vn 0.810694 -0.429121 0.398236
vn 0.597308 -0.629292 0.497177
vn 0.778283 -0.619221 0.103916
vn 0.682241 -0.703207 0.199988
vn 0.601276 -0.705954 0.374248
vn 0.679739 -0.722922 0.123630
vn 0.634571 -0.717490 0.287210
vn 0.547746 -0.709952 0.442549
vn 0.783990 -0.526475 0.328837
vn 0.637562 -0.664815 0.389233
vn 0.695029 -0.685812 0.215674
vn 0.711722 -0.701437 0.037751
vn 0.475814 -0.709922 0.519181
vn -0.008637 -0.686911 0.726646
vn -0.186865 -0.681753 0.707266
vn 0.010224 -0.716910 0.697043
vn -0.142064 -0.710349 0.689322
vn -0.292550 -0.708304 0.642384
vn -0.240822 -0.711509 0.660085
vn -0.116184 -0.711753 0.692709
vn 0.165258 -0.699393 0.695364
vn -0.375256 -0.685690 0.623646
vn -0.018647 -0.575091 0.817835
vn 0.011933 -0.696829 0.717124
vn 0.140629 -0.642384 0.753349
vn 0.153630 -0.713584 0.683493
vn 0.285409 -0.679373 0.675985
vn 0.326701 -0.711264 0.622364
vn -0.123661 -0.661489 0.739647
vn 0.233345 0.097079 0.967528
vn 0.105289 -0.352123 0.929991
vn 0.283853 -0.499466 0.818476
vn -0.183905 -0.509598 0.840510
vn -0.279885 -0.145024 0.949004
vn -0.091525 -0.208563 0.973693
vn -0.179479 0.394086 0.901364
vn 0.011078 0.302255 0.953154
vn -0.354900 0.371990 0.857692
vn 0.493698 0.217689 -0.841914
vn 0.327708 0.496200 -0.803949
vn 0.312540 0.087863 -0.945799
vn 0.161840 0.706900 -0.688498
vn 0.116184 0.442885 -0.889004
vn 0.067629 0.000702 -0.997681
vn -0.129856 0.367901 -0.920713
vn -0.031922 0.670247 -0.741417
vn 0.362957 0.742729 -0.562670
vn 0.303385 0.728446 -0.614215
vn 0.440413 0.550401 -0.709250
vn 0.477615 -0.212531 -0.852443
vn 0.245766 -0.336894 -0.908872
vn -0.193060 -0.082461 -0.977691
vn 0.009064 -0.410718 -0.911710
vn -0.227577 -0.454451 -0.861171
vn -0.061464 -0.628742 -0.775140
vn -0.277383 -0.639882 -0.716636
vn 0.164800 -0.601947 -0.781335
vn -0.941099 -0.272774 0.199774
vn -0.809320 -0.527665 0.257912
vn -0.961058 -0.275613 0.019684
vn -0.836177 -0.536576 0.113285
vn -0.828730 -0.558611 -0.033235
vn -0.982574 0.149602 0.110111
vn -0.238594 0.908780 0.342296
vn -0.275796 0.937986 0.209906
vn -0.431318 0.805170 0.406995
vn -0.334147 0.936155 0.109195
vn -0.481368 0.834559 0.267830
vn -0.558245 0.816553 0.146825
vn -0.094058 0.992370 0.079562
vn -0.187902 0.978179 0.088351
vn -0.147191 0.972594 0.179876
vn -0.383831 0.713248 0.586413
vn 0.575671 -0.763787 0.291879
vn 0.621723 -0.723808 0.299203
vn 0.587024 -0.772149 0.243141
vn 0.618915 -0.746574 0.243965
vn 0.688559 -0.681234 0.248543
vn 0.667287 -0.729331 0.150792
vn 0.678335 -0.707663 0.197516
vn 0.621387 -0.759514 0.192328
vn 0.581225 -0.758995 0.293374
vn 0.702384 -0.640858 0.309702
vn -0.834254 -0.478347 -0.274148
vn -0.893674 -0.313028 -0.321390
vn -0.821284 -0.450484 -0.349986
vn -0.877590 -0.271706 -0.394910
vn -0.811243 -0.386639 -0.438581
vn -0.856777 -0.206519 -0.472457
vn -0.905637 -0.339274 -0.254280
vn -0.747154 -0.591998 -0.302042
vn -0.736503 -0.553362 -0.388958
vn 0.786279 0.616749 -0.036470
vn 0.808710 0.578417 -0.106693
vn 0.838801 0.543992 -0.021363
vn 0.827235 0.534349 -0.173559
vn 0.861385 0.501450 -0.080721
vn 0.883908 0.467452 0.012329
vn 0.920133 0.375256 -0.111728
vn 0.905576 0.421888 -0.043336
vn 0.877926 0.456496 -0.144322
vn 0.768578 0.611469 -0.188025
vn 0.748527 0.653920 -0.109867
vn 0.828730 0.550157 0.102359
vn 0.813685 0.579699 0.042726
vn 0.856838 0.511582 0.063906
vn 0.693869 0.009949 0.719993
vn 0.779107 -0.181433 0.600024
vn 0.733573 0.141881 0.664602
vn 0.831843 0.033296 0.553972
vn 0.886868 -0.185553 0.423048
vn 0.920164 0.217658 0.325358
vn 0.922239 0.066286 0.380840
vn 0.849544 0.180914 0.495437
vn 0.564623 0.100833 0.819147
vn 0.740104 -0.498733 0.451064
vn -0.127506 0.950591 -0.282937
vn -0.198828 0.925810 -0.321421
vn -0.079348 0.914701 -0.396222
vn -0.133732 0.884365 -0.447218
vn -0.209174 0.849178 -0.484878
vn -0.127293 0.779260 -0.613575
vn -0.076724 0.818476 -0.569353
vn -0.072085 0.968230 -0.239357
vn -0.289071 0.895016 -0.339579
vn -0.565508 -0.702170 -0.432539
vn -0.623249 -0.566454 -0.539109
vn -0.668752 -0.565722 -0.482345
vn -0.676290 -0.371776 -0.635884
vn -0.726035 -0.374340 -0.576769
vn -0.774316 -0.357830 -0.521867
vn -0.794488 -0.183599 -0.578814
vn -0.750908 -0.182226 -0.634724
vn -0.486557 -0.686483 -0.540361
vn -0.578082 -0.554582 -0.598498
vn -0.528367 -0.695883 -0.486373
vn -0.616230 -0.699423 -0.361950
vn -0.597125 -0.702109 -0.387829
vn -0.706076 -0.555559 -0.439039
vn -0.395642 0.792322 -0.464370
vn -0.536454 0.642994 -0.546556
vn -0.412061 0.688284 -0.596973
vn -0.524552 0.577410 -0.625599
vn -0.622791 0.480026 -0.617786
vn -0.564684 0.439070 -0.698813
vn -0.596393 0.456038 -0.660512
vn -0.507981 0.508744 -0.695059
vn -0.261605 0.888791 -0.376263
vn -0.646748 0.511429 -0.565783
vn 0.751671 0.421369 -0.507340
vn 0.670553 0.101932 -0.734794
vn 0.532029 0.709861 -0.461501
vn 0.573382 0.486312 -0.659322
vn 0.412366 0.738182 -0.533860
vn 0.738823 0.625965 -0.249519
vn -0.079745 0.803064 0.590503
vn -0.214545 0.792718 0.570544
vn -0.026643 0.945524 0.324412
vn -0.117252 0.940611 0.318583
vn -0.063051 0.983642 0.168645
vn 0.067446 0.747398 0.660909
vn -0.382458 -0.247749 -0.890133
vn -0.260262 -0.622333 -0.738182
vn -0.445936 -0.548387 -0.707358
vn -0.176641 -0.708426 -0.683279
vn -0.346934 -0.695395 -0.629292
vn -0.502884 -0.666616 -0.550157
vn -0.448317 -0.714530 -0.537004
vn -0.291116 -0.711997 -0.638966
vn 0.041475 -0.545335 -0.837153
vn -0.080233 -0.662130 -0.745048
vn -0.165014 -0.433882 -0.885708
vn -0.732017 0.331797 -0.594989
vn -0.591601 0.030457 -0.805628
vn -0.656606 -0.399915 -0.639424
vn -0.744133 0.654683 -0.132664
vn -0.953734 0.076662 -0.290689
vn -0.979919 0.180181 -0.085238
vn -0.822718 -0.467849 -0.322794
vn -0.928495 -0.334788 -0.160558
vn -0.770409 -0.612842 -0.175665
vn -0.855708 -0.152562 -0.494400
vn -0.756706 0.561388 -0.334941
vn -0.773736 0.632710 0.031434
vn 0.189184 0.928343 -0.319956
vn 0.299051 0.877041 -0.375896
vn 0.216559 0.942259 -0.255318
vn 0.366710 0.875607 -0.314310
vn 0.259316 0.943846 -0.204657
vn 0.420118 0.883206 -0.208319
vn 0.271157 0.853755 -0.444411
vn 0.087313 0.983886 -0.155950
vn 0.127079 0.965453 -0.227393
vn 0.173376 0.968169 -0.180334
vn -0.008087 0.921659 -0.387890
vn 0.051790 0.836024 -0.546190
vn 0.096194 0.926267 -0.364330
vn 0.189856 0.845546 -0.498947
vn -0.095950 0.824183 -0.558092
vn 0.043275 0.962920 -0.266243
vn 0.882962 -0.220313 0.414472
vn 0.839686 -0.264870 0.474075
vn 0.891720 -0.047334 0.450087
vn 0.844172 -0.187170 0.502304
vn 0.741813 -0.549089 0.384930
vn 0.662679 -0.625050 0.412458
vn 0.776360 -0.471938 0.417737
vn 0.832911 -0.495437 0.246467
vn 0.928465 0.015015 0.371075
vn 0.808527 -0.491714 0.323191
vn -0.551775 -0.451827 -0.700949
vn -0.391461 -0.297464 -0.870754
vn -0.694418 -0.508805 -0.508774
vn -0.587878 -0.396985 -0.704825
vn -0.432722 -0.257637 -0.863887
vn -0.780725 -0.360698 -0.510208
vn -0.635578 -0.330821 -0.697531
vn -0.740318 -0.441206 -0.507157
vn -0.648274 -0.565966 -0.509293
vn -0.194800 -0.134007 -0.971618
vn -0.799646 -0.577807 -0.163182
vn -0.736869 -0.590411 -0.329234
vn -0.866451 -0.472060 -0.162358
vn -0.795190 -0.512833 -0.323435
vn -0.847102 -0.420118 -0.325388
vn -0.845088 -0.534562 0.004975
vn -0.413221 -0.218909 0.883908
vn -0.633656 -0.324686 0.702139
vn -0.509476 -0.348094 0.786920
vn -0.798120 -0.370373 0.475143
vn -0.687551 -0.451552 0.568590
vn -0.809442 -0.488144 0.326273
vn -0.680624 -0.186926 0.708365
vn -0.750603 -0.269326 0.603351
vn -0.555132 -0.216681 0.803003
vn -0.271676 -0.185858 0.944243
vn -0.692984 0.411725 -0.591784
vn -0.664449 0.405408 -0.627766
vn -0.719535 0.397839 -0.569170
vn -0.629109 0.384808 -0.675344
vn -0.693381 0.378430 -0.613147
vn -0.750175 0.370678 -0.547533
vn -0.698843 0.276040 -0.659810
vn -0.727744 0.334208 -0.598865
vn -0.660695 0.342418 -0.667959
vn -0.598651 0.412641 -0.686514
vn -0.635304 0.422681 -0.646290
vn -0.739830 0.404523 -0.537553
vn -0.766015 0.390393 -0.510666
vn -0.361614 0.878384 0.312479
vn -0.429792 0.752220 0.499405
vn -0.292611 0.793603 0.533372
vn -0.472518 0.569079 0.672903
vn -0.330790 0.611103 0.719077
vn -0.213446 0.615802 0.758415
vn -0.204718 0.389843 0.897824
vn -0.323801 0.399365 0.857662
vn -0.677145 0.697348 0.234840
vn -0.588794 0.669362 0.453017
vn -0.511155 0.812311 0.280740
vn -0.233528 0.908841 0.345561
vn -0.176092 0.797357 0.577197
vn -0.423048 0.203345 0.882962
vn -0.350139 0.071169 0.933958
vn -0.155522 0.061708 0.985870
vn -0.287362 -0.004456 0.957793
vn -0.047853 -0.003662 0.998840
vn 0.019593 -0.002045 0.999786
vn -0.707175 0.102573 0.699545
vn -0.540208 0.041261 0.840480
vn -0.579333 0.162755 0.798639
vn -0.265481 0.207678 0.941465
vn -0.300729 0.940214 0.159703
vn -0.430830 0.893246 0.128330
vn -0.365551 0.930692 0.012665
vn -0.491745 0.870235 -0.029359
vn -0.412610 0.902127 -0.126041
vn -0.582141 0.808008 0.090396
vn -0.643941 -0.715476 -0.270882
vn -0.594714 -0.771081 -0.227454
vn -0.569109 -0.772301 -0.282144
vn -0.573016 -0.776299 -0.262612
vn -0.539293 -0.784204 -0.306833
vn -0.576739 -0.753380 -0.315775
vn -0.666677 -0.716361 -0.205695
vn -0.627613 -0.706320 -0.327372
vn -0.554582 -0.767113 -0.322367
vn -0.749840 0.418683 -0.512223
vn -0.697012 0.433180 -0.571368
vn -0.721519 0.412061 -0.556383
vn -0.666311 0.425733 -0.612140
vn -0.723869 0.456496 -0.517258
vn -0.764977 0.406293 -0.499710
vn 0.881619 -0.254280 0.397504
vn 0.882534 -0.138188 0.449416
vn 0.829310 -0.312174 0.463424
vn 0.874111 -0.013611 0.485488
vn 0.834834 -0.179601 0.520310
vn 0.828242 -0.031983 0.559404
vn 0.929380 0.028321 0.367962
vn 0.906796 0.007721 0.421430
vn 0.916532 -0.098117 0.387677
vn 0.815180 -0.423200 0.395398
vn 0.070284 0.929044 0.363201
vn -0.000641 0.984985 0.172521
vn 0.224036 0.871151 0.436872
vn 0.063814 0.979369 0.191717
vn 0.013916 0.996216 0.085604
vn 0.130131 0.985534 0.108432
vn 0.061769 0.993347 0.097079
vn 0.163182 0.961516 0.220954
vn 0.280374 0.586230 0.760033
vn -0.032197 0.996338 0.079012
vn -0.636189 -0.719382 -0.278756
vn -0.674093 -0.674490 -0.301035
vn -0.570788 -0.708945 -0.414197
vn -0.662526 -0.598315 -0.450606
vn -0.686361 -0.706961 -0.170537
vn -0.578509 -0.708640 -0.403912
vn -0.259957 0.965575 0.007691
vn -0.461776 0.886929 0.009888
vn -0.225990 0.971465 -0.071718
vn -0.422101 0.900327 -0.105930
vn -0.424909 0.869411 -0.252022
vn -0.140477 0.989990 0.011078
vn -0.206671 0.924772 -0.319468
vn -0.213324 0.962951 -0.164922
vn -0.099246 0.988800 -0.111423
vn -0.115543 0.992187 -0.046907
vn -0.046876 0.998444 -0.029206
vn -0.064577 0.997742 0.016846
vn -0.442030 0.751061 -0.490402
vn -0.000061 0.987701 -0.156163
vn -0.076754 0.973907 -0.213416
vn -0.029969 0.996368 -0.079318
vn -0.030122 0.963317 -0.266579
vn -0.104160 0.920377 -0.376843
vn -0.043123 0.981903 -0.184332
vn -0.103092 0.962493 -0.250832
vn -0.194128 0.924650 -0.327555
vn -0.175420 0.963378 -0.202643
vn -0.106876 0.980438 -0.165227
vn 0.021851 0.982086 -0.187048
vn -0.229377 0.828028 -0.511582
vn -0.864223 0.206580 -0.458693
vn -0.859615 0.127689 -0.494675
vn -0.825587 0.275430 -0.492447
vn -0.820338 0.207770 -0.532762
vn -0.816340 0.123875 -0.564104
vn -0.764946 0.206977 -0.609882
vn -0.771294 0.278237 -0.572405
vn -0.865322 0.276070 -0.418256
vn -0.850765 0.034089 -0.524430
vn 0.952025 0.293374 0.086673
vn 0.927641 0.345286 0.142247
vn 0.921751 0.384411 0.050447
vn 0.892636 0.403912 0.200018
vn 0.896390 0.432051 0.098819
vn 0.863002 0.483840 0.145146
vn 0.911863 0.315073 0.263070
vn 0.949400 0.252144 0.187109
vn 0.941923 0.335643 -0.007538
vn 0.332316 -0.254769 -0.908078
vn 0.136540 -0.083468 -0.987091
vn 0.163396 -0.189734 -0.968108
vn -0.130711 0.073885 -0.988647
vn -0.043458 0.051363 -0.997711
vn 0.031617 -0.072542 -0.996857
vn -0.516709 0.462111 -0.720695
vn -0.225166 0.265450 -0.937437
vn -0.390454 0.269814 -0.880154
vn 0.297952 -0.070162 -0.951994
vn 0.115787 -0.035493 -0.992615
vn 0.321451 -0.132694 -0.937559
vn 0.337565 -0.437757 -0.833277
vn 0.191046 -0.395489 -0.898343
vn 0.545732 -0.793207 -0.270089
vn 0.803522 -0.527696 -0.275338
vn 0.661000 -0.634205 -0.401013
vn 0.945006 -0.178411 -0.274026
vn 0.855281 -0.346355 -0.385357
vn 0.714805 -0.436262 -0.546525
vn 0.883023 0.050569 -0.466567
vn 0.851039 -0.180395 -0.493088
vn 0.928343 -0.045991 -0.368816
vn 0.858577 -0.510544 -0.046388
vn 0.924894 -0.341044 -0.168065
vn 0.699088 -0.696036 -0.163518
vn 0.417341 -0.817103 -0.397626
vn 0.507614 -0.619129 -0.599139
vn 0.923826 0.254830 -0.285562
vn 0.956298 0.096103 -0.276101
vn 0.962920 0.202338 -0.178350
vn 0.985076 -0.002533 -0.172002
vn 0.989624 0.129612 -0.061464
vn 0.990112 -0.131230 -0.049409
vn 0.912076 0.164953 -0.375347
vn 0.926206 0.322245 -0.195532
vn 0.957030 0.277779 -0.082919
vn 0.997467 0.040742 0.057802
vn 0.974151 0.224250 0.026429
vn 0.984344 -0.053133 0.167882
vn 0.977660 0.166875 0.127750
vn 0.964507 0.111759 0.239113
vn 0.958861 -0.273751 0.074953
vn 0.900204 -0.392254 0.189001
vn 0.949675 -0.130833 0.284524
vn 0.660085 -0.727836 0.185736
vn 0.829463 -0.468917 0.303476
vn 0.566088 -0.767602 0.300455
vn 0.759117 -0.646657 0.074404
vn -0.630726 0.490493 0.601306
vn -0.470382 0.375256 0.798669
vn -0.777886 0.373211 0.505539
vn -0.625416 0.314707 0.713981
vn -0.759117 0.221137 0.612201
vn -0.750206 0.541185 0.379803
vn -0.530045 -0.771508 -0.351787
vn -0.503800 -0.765923 -0.399396
vn -0.522843 -0.777276 -0.349895
vn -0.496078 -0.771081 -0.399091
vn -0.556688 -0.742088 -0.373302
vn -0.469436 -0.759758 -0.449812
vn 0.213294 0.973205 -0.085788
vn 0.295236 0.946104 -0.133061
vn 0.154607 0.983612 -0.092563
vn 0.193701 0.971465 -0.136784
vn 0.135380 0.982849 -0.125004
vn 0.168310 0.984069 -0.056917
vn 0.026124 0.999084 0.033113
vn -0.014649 0.999573 0.024293
vn 0.042055 0.999084 -0.004212
vn -0.000488 0.999847 -0.015992
vn 0.018250 0.998047 -0.059389
vn 0.076693 0.996063 0.043733
vn -0.121799 -0.707389 -0.696219
vn 0.065279 -0.701773 -0.709372
vn -0.002441 -0.715140 -0.698935
vn 0.173925 -0.715903 -0.676168
vn 0.105014 -0.686758 -0.719230
vn 0.260201 -0.687429 -0.677999
vn 0.699545 -0.662954 0.266579
vn 0.808466 -0.470962 0.352886
vn 0.827265 -0.489822 0.275063
vn 0.912656 -0.226997 0.339824
vn 0.930082 -0.269784 0.249275
vn 0.957671 -0.032380 0.285928
vn 0.675649 -0.653768 0.340648
vn 0.716483 -0.689383 0.106571
vn 0.713218 -0.674673 0.189978
vn 0.835353 -0.518479 0.182531
vn -0.711356 0.061556 -0.700125
vn -0.767998 -0.027894 -0.639821
vn -0.768303 0.107059 -0.631001
vn -0.797540 -0.148381 -0.584704
vn -0.812677 0.010071 -0.582598
vn -0.836940 -0.101993 -0.537675
vn -0.690023 -0.266884 -0.672750
vn -0.750359 -0.202612 -0.629170
vn -0.708975 -0.094546 -0.698843
vn -0.705435 0.182501 -0.684835
vn 0.802393 0.307443 -0.511460
vn 0.872158 0.289682 -0.394177
vn 0.826563 0.374859 -0.419752
vn 0.883602 0.354656 -0.305643
vn 0.837550 0.434339 -0.331370
vn 0.885220 0.409131 -0.221290
vn 0.850154 0.208808 -0.483322
vn 0.749352 0.378460 -0.543321
vn 0.774377 0.446944 -0.447798
vn 0.605853 0.282205 -0.743797
vn 0.662740 0.229621 -0.712760
vn 0.712424 0.305277 -0.631855
vn 0.702445 0.146580 -0.696432
vn 0.766594 0.229408 -0.599689
vn 0.807581 0.112461 -0.578906
vn 0.472182 0.146367 -0.869228
vn 0.582873 0.157109 -0.797204
vn 0.547288 0.207526 -0.810785
vn 0.652516 0.360820 -0.666311
vn 0.522294 0.309275 0.794671
vn 0.309946 0.188574 0.931822
vn 0.598468 0.264077 0.756340
vn 0.416181 0.191198 0.888913
vn 0.150609 0.072146 0.985931
vn 0.251900 0.088809 0.963652
vn 0.491440 0.161473 0.855770
vn 0.651357 0.373363 0.660512
vn 0.024873 0.012787 0.999603
vn -0.036775 -0.008881 0.999268
vn -0.143345 -0.074587 0.986847
vn -0.265511 -0.061769 0.962096
vn -0.317270 -0.120334 0.940642
vn -0.500870 -0.130863 0.855525
vn 0.029786 0.011261 0.999481
vn 0.657826 0.206061 0.724387
vn 0.777917 0.244392 0.578845
vn 0.715629 0.306314 0.627674
vn 0.803186 0.343364 0.486770
vn 0.736320 0.410962 0.537461
vn 0.864315 0.282266 0.416211
vn -0.478347 0.774407 -0.414045
vn -0.324931 0.813501 -0.482253
vn -0.352031 0.696585 -0.625141
vn -0.213874 0.739036 -0.638783
vn -0.206427 0.589190 -0.781152
vn -0.116428 0.633473 -0.764916
vn -0.406140 0.864559 -0.295877
vn -0.538682 0.636647 -0.551775
vn -0.345408 0.528825 -0.775231
vn 0.535905 -0.384259 -0.751732
vn 0.524827 -0.205542 -0.826014
vn 0.712607 -0.235298 -0.660878
vn 0.658773 -0.091037 -0.746788
vn 0.803308 -0.047456 -0.593646
vn 0.473251 -0.093722 -0.875881
vn -0.770012 0.616413 -0.164525
vn -0.866237 0.437513 -0.241188
vn -0.870815 0.490738 -0.028321
vn -0.918424 0.259377 -0.298624
vn -0.948729 0.302255 -0.092105
vn -0.932554 0.346843 0.100131
vn -0.999542 -0.029664 -0.004944
vn -0.986755 0.156804 0.040895
vn -0.982147 0.119480 -0.145054
vn -0.793115 0.384808 -0.472030
vn -0.726432 0.549303 -0.412915
vn -0.741050 0.670339 0.038087
vn -0.828486 0.533586 0.169805
vn -0.156590 0.706626 0.689993
vn -0.206946 0.823878 0.527573
vn -0.178899 0.794305 0.580523
vn -0.241340 0.902219 0.357372
vn -0.206763 0.881405 0.424696
vn 0.451186 0.785546 0.423414
vn 0.428602 0.885556 0.179113
vn 0.433790 0.849452 0.300333
vn -0.236305 0.934629 0.265694
vn -0.310221 0.765984 0.563036
vn -0.277413 0.845149 0.456893
vn -0.210608 0.742241 0.636128
vn 0.485519 0.606616 0.629475
vn -0.146947 0.678091 0.720115
vn 0.456618 0.706229 0.541002
vn 0.557482 0.340098 0.757317
vn 0.002289 0.394910 0.918699
vn -0.066744 0.550707 0.831996
vn -0.094241 0.469955 0.877621
vn -0.121525 0.593371 0.795679
vn -0.205969 0.643910 0.736808
vn 0.572985 0.007569 0.819514
vn 0.038728 0.216712 0.975433
vn 0.583300 0.177496 0.792596
vn 0.517533 0.488052 0.702811
vn 0.822413 0.509568 0.252846
vn 0.745109 0.636891 0.197913
vn 0.687796 0.688986 0.228462
vn 0.631458 0.764000 0.132298
vn 0.526353 0.836299 0.153356
vn 0.372295 0.924284 0.084170
vn 0.865627 0.461837 0.193243
vn 0.810968 0.559740 0.170202
vn 0.849300 0.480361 0.218879
vn 0.784020 0.545640 0.295907
vn 0.485946 -0.711417 -0.507614
vn 0.598712 -0.714621 -0.361675
vn 0.582018 -0.673177 -0.456099
vn 0.665242 -0.720511 -0.195654
vn 0.677236 -0.679342 -0.282540
vn 0.712363 -0.692679 -0.112735
vn 0.627277 -0.678518 -0.382244
vn 0.636006 -0.717185 -0.284738
vn 0.543809 -0.715018 -0.439283
vn 0.435102 -0.676504 -0.594104
vn 0.921445 -0.189856 -0.338939
vn 0.992218 -0.006378 -0.124241
vn 0.855129 -0.490219 -0.168401
vn 0.960082 0.263497 0.093539
vn 0.926969 -0.374187 0.025544
vn 0.771508 -0.634693 -0.043703
vn 0.798273 -0.587542 0.132298
vn 0.950468 -0.200079 0.237770
vn 0.518021 0.841884 -0.151189
vn 0.761040 0.646565 -0.052095
vn 0.864162 0.420667 -0.276131
vn 0.760277 -0.550462 -0.344859
vn 0.717002 -0.664113 -0.211676
vn 0.662221 0.631123 0.403851
vn 0.446913 0.756951 0.476669
vn 0.742363 0.131169 0.657002
vn 0.528275 0.349071 0.773980
vn 0.601642 -0.344127 0.720786
vn 0.444685 -0.153356 0.882443
vn 0.295694 0.932127 0.209021
vn 0.888516 -0.033479 0.457595
vn 0.714072 -0.455611 0.531480
vn -0.393323 0.511429 -0.763970
vn -0.237556 0.210883 -0.948180
vn -0.168279 0.816797 -0.551805
vn -0.045961 0.599261 -0.799219
vn -0.022614 0.927519 -0.373058
vn -0.018708 -0.087344 -0.995972
vn 0.628803 -0.755577 0.183508
vn 0.609333 -0.754845 0.242561
vn 0.619007 -0.775994 0.120975
vn 0.605518 -0.775140 0.180090
vn 0.631581 -0.763970 0.132023
vn 0.639882 -0.759911 0.114109
vn -0.560564 -0.352641 -0.749229
vn -0.468398 -0.523942 -0.711356
vn -0.485397 -0.346355 -0.802728
vn -0.374157 -0.677938 -0.632740
vn -0.396588 -0.518754 -0.757347
vn -0.398267 -0.337199 -0.853023
vn -0.208991 -0.673574 -0.708914
vn -0.308573 -0.519791 -0.796594
vn -0.300455 -0.678182 -0.670644
vn -0.435926 -0.680074 -0.589404
vn -0.528001 -0.538621 -0.656545
vn -0.550462 -0.300333 -0.778954
vn -0.454604 -0.303720 -0.837275
vn -0.681143 -0.505264 -0.529801
vn -0.743980 -0.458663 -0.485855
vn -0.753441 -0.335704 -0.565325
vn -0.805719 -0.277932 -0.523026
vn -0.664144 -0.604205 -0.440199
vn -0.693319 -0.390210 -0.605792
vn 0.454726 0.332255 -0.826289
vn 0.383679 0.231147 -0.894040
vn 0.533738 0.312967 -0.785577
vn 0.298929 0.144993 -0.943175
vn 0.472884 0.229316 -0.850734
vn 0.394360 0.154393 -0.905850
vn 0.187414 0.110050 -0.976074
vn 0.277627 0.210334 -0.937346
vn 0.587970 0.408460 -0.698141
vn -0.922636 -0.159856 0.350902
vn -0.949156 -0.233436 0.211097
vn -0.879116 -0.265481 0.395734
vn -0.943327 -0.319346 0.090060
vn -0.896115 -0.359233 0.260506
vn -0.879940 -0.455519 0.134739
vn -0.981262 -0.186804 0.046541
vn -0.978698 -0.107608 0.174688
vn -0.823359 -0.186193 0.536058
vn -0.930967 0.078066 0.356578
vn -0.939970 -0.051057 0.337352
vn -0.858669 -0.011841 0.512345
vn -0.851100 -0.104434 0.514450
vn -0.720908 -0.064547 0.689993
vn -0.702017 -0.126225 0.700827
vn -0.983703 0.034730 0.176305
vn -0.838984 0.099185 0.534989
vn -0.724998 0.010926 0.688620
vn -0.633656 0.768639 -0.087436
vn -0.636128 0.711539 -0.298288
vn -0.521104 0.829737 -0.199927
vn 0.377941 -0.659169 -0.650105
vn 0.421033 -0.709098 -0.565569
vn 0.277383 -0.701132 -0.656850
vn 0.340312 -0.712638 -0.613392
vn 0.511612 -0.677572 -0.528275
vn 0.222785 -0.616810 -0.754875
vn 0.132542 0.983947 -0.119327
vn 0.069430 0.996521 -0.045595
vn 0.154546 0.987365 -0.034700
vn 0.104892 0.994415 0.010834
vn 0.238350 0.970428 0.037965
vn 0.176855 0.981506 0.073214
vn 0.058199 0.990081 -0.127628
vn 0.263894 0.955748 -0.129826
vn 0.343272 0.938963 -0.022156
vn -0.372906 -0.759087 -0.533525
vn -0.312113 -0.762322 -0.566912
vn -0.404553 -0.774316 -0.486557
vn -0.349956 -0.776849 -0.523453
vn -0.290811 -0.776788 -0.558550
vn -0.411939 -0.716361 -0.563128
vn -0.345683 -0.758324 -0.552629
vn -0.405072 -0.757469 -0.511979
vn -0.426313 -0.757805 -0.493912
vn -0.248604 -0.767510 -0.590838
vn -0.060610 0.982360 -0.176824
vn -0.067507 0.988403 -0.135990
vn -0.043825 0.989135 -0.140172
vn -0.084567 0.989929 -0.113407
vn -0.062655 0.990966 -0.118351
vn -0.047334 0.990478 -0.129185
vn -0.081088 0.989441 -0.120060
vn -0.088534 0.991333 -0.096744
vn -0.101871 0.985076 -0.138676
vn -0.093600 0.979064 -0.180639
vn -0.016388 0.982727 -0.184240
vn -0.037019 0.983123 -0.179083
vn -0.025422 0.988891 -0.146275
vn -0.512650 -0.081149 0.854732
vn -0.529649 -0.032014 0.847591
vn -0.267800 -0.035249 0.962798
vn -0.877834 0.377911 0.294168
vn -0.881710 0.226630 0.413709
vn -0.953429 0.202857 0.223151
vn 0.584918 0.078585 -0.807245
vn 0.707633 0.031739 -0.705832
vn 0.420148 0.036836 -0.906674
vn 0.545640 -0.014069 -0.837886
vn 0.355876 -0.028321 -0.934080
vn 0.462813 0.101474 -0.880612
vn -0.510453 -0.746300 -0.427107
vn -0.452254 -0.771416 -0.447584
vn -0.526719 -0.703696 -0.476791
vn -0.459700 -0.752525 -0.471511
vn -0.470717 -0.711692 -0.521409
vn -0.585315 -0.692221 -0.422101
vn -0.325724 0.577593 0.748497
vn -0.202368 0.550523 0.809900
vn -0.177679 0.460555 0.869625
vn -0.086459 0.380871 0.920560
vn -0.029542 0.288491 0.956999
vn 0.018525 0.173498 0.984649
vn -0.328043 0.674032 0.661824
vn -0.169591 0.366039 0.915006
vn -0.282449 0.474105 0.833888
vn -0.100681 0.359966 0.927488
vn 0.928739 0.370678 0.003174
vn 0.931761 0.359783 0.048647
vn 0.931211 0.364360 -0.007904
vn 0.936735 0.338542 0.088565
vn 0.937315 0.345561 0.044465
vn 0.421949 0.903592 -0.073733
vn 0.430372 0.900662 0.059542
vn 0.943205 0.321574 0.083010
vn 0.926969 0.359874 0.105655
vn 0.924406 0.375317 0.067629
vn 0.403027 0.820612 -0.405103
vn 0.925840 0.369121 -0.080599
vn 0.391247 0.889004 -0.237800
vn 0.353435 -0.508499 -0.785150
vn 0.499405 -0.579943 -0.643605
vn 0.332255 -0.099063 -0.937956
vn 0.495865 -0.346690 -0.796167
vn 0.663350 -0.376263 -0.646809
vn 0.524308 0.373455 -0.765252
vn 0.643117 -0.014710 -0.765587
vn 0.446974 0.145756 -0.882565
vn 0.188055 -0.342296 -0.920560
vn 0.639821 -0.582995 -0.500717
vn 0.145085 0.273263 -0.950896
vn 0.261422 0.535600 -0.802942
vn 0.089267 0.804376 -0.587329
vn 0.176031 0.879696 -0.441725
vn 0.063051 0.959258 -0.275369
vn 0.344371 0.690695 -0.635823
vn -0.301675 -0.552446 -0.777001
vn -0.377941 -0.196356 -0.904752
vn -0.286172 -0.116062 -0.951109
vn -0.305277 -0.300790 -0.903470
vn -0.207465 -0.262978 -0.942198
vn -0.217536 -0.493149 -0.842280
vn -0.360240 -0.598254 -0.715720
vn -0.107974 -0.605396 -0.788537
vn -0.213111 -0.540269 -0.814020
vn -0.177282 -0.133000 -0.975127
vn -0.885617 -0.056459 -0.460952
vn -0.927580 0.086245 -0.363475
vn -0.801874 0.029939 -0.596698
vn -0.832606 0.195502 -0.518174
vn -0.656575 0.099338 -0.747673
vn -0.661824 0.287393 -0.692343
vn -0.973998 -0.033692 -0.223945
vn -0.461715 -0.077334 -0.883633
vn -0.714866 -0.079836 -0.694632
vn -0.580432 -0.018769 -0.814081
vn 0.277078 0.090732 0.956542
vn 0.098880 0.180181 0.978637
vn 0.249153 0.013092 0.968352
vn 0.115696 0.078341 0.990173
vn 0.240822 -0.108615 0.964446
vn 0.135472 -0.064547 0.988647
vn 0.068239 0.240455 0.968230
vn 0.532060 -0.171728 0.829066
vn 0.420545 -0.039766 0.906369
vn 0.380322 -0.145726 0.913266
vn -0.448042 0.866421 0.220283
vn -0.351268 0.926145 0.137150
vn -0.322733 0.902097 0.286386
vn -0.277779 0.958586 0.062655
vn -0.264290 0.943632 0.199225
vn -0.248085 0.961852 0.115238
vn -0.483810 0.872799 -0.064058
vn -0.364513 0.931181 0.003082
vn -0.476363 0.876003 0.075289
vn -0.393262 0.835841 0.382946
vn 0.765191 0.141575 -0.627979
vn 0.808863 -0.297250 -0.507309
vn 0.549608 0.706015 -0.446547
vn 0.833033 0.289376 -0.471450
vn 0.533891 0.789819 -0.301798
vn 0.555986 0.572710 -0.602344
vn 0.211341 -0.971129 0.110416
vn 0.123692 -0.989990 0.067934
vn 0.208991 -0.974364 0.083041
vn 0.062624 -0.997253 0.039186
vn 0.116337 -0.992218 0.043855
vn 0.217139 -0.974548 0.055239
vn 0.114414 -0.993194 0.020844
vn 0.056307 -0.998230 0.019044
vn 0.073702 -0.995178 0.064394
vn 0.139073 -0.985290 0.099063
vn 0.313211 -0.942045 0.119938
vn 0.340037 -0.935514 0.095584
vn -0.319773 0.399060 -0.859340
vn -0.403821 0.397351 -0.824000
vn -0.367260 0.430403 -0.824488
vn -0.485122 0.393872 -0.780694
vn -0.447829 0.426008 -0.786096
vn -0.403577 0.475387 -0.781701
vn -0.483139 0.458785 -0.745659
vn -0.525925 0.419568 -0.739799
vn -0.383099 0.329447 -0.862941
vn -0.438307 0.363781 -0.821894
vn -0.352428 0.368999 -0.859981
vn -0.247261 0.492935 -0.834162
vn -0.285501 0.432112 -0.855403
vn -0.325632 0.487167 -0.810297
vn -0.173070 -0.071993 -0.982269
vn -0.287729 -0.144475 -0.946715
vn -0.428602 -0.148137 -0.891232
vn -0.528703 -0.223670 -0.818781
vn -0.669698 -0.195349 -0.716422
vn -0.736015 -0.271035 -0.620319
vn -0.037965 -0.024842 -0.998962
vn -0.322001 -0.090732 -0.942351
vn -0.582720 -0.133244 -0.801630
vn 0.089145 0.028443 -0.995605
vn 0.193579 0.075350 -0.978179
vn -0.055055 -0.015839 -0.998352
vn 0.078097 0.035951 -0.996277
vn 0.315104 0.097262 -0.944029
vn -0.178716 -0.037049 -0.983184
vn 0.315989 -0.776574 0.545000
vn 0.301920 -0.624256 0.720481
vn 0.236030 -0.649831 0.722465
vn 0.276986 -0.442061 0.853114
vn 0.214911 -0.463881 0.859401
vn 0.669851 -0.319163 0.670370
vn 0.655843 -0.160680 0.737541
vn 0.172979 -0.260964 0.949705
vn 0.475784 -0.737297 0.479537
vn 0.388348 -0.610248 0.690451
vn 0.390942 -0.758476 0.521348
vn 0.646046 -0.626362 0.436140
vn 0.240089 -0.794549 0.557695
vn 0.654683 -0.488693 0.576647
vn 0.142918 0.988311 -0.052675
vn 0.128849 0.988586 -0.077792
vn 0.138524 0.989776 -0.033876
vn 0.130741 0.990051 -0.051668
vn 0.118839 0.990417 -0.070284
vn 0.163091 0.985748 -0.040773
vn 0.132817 0.989868 -0.050020
vn 0.134739 0.990265 -0.034761
vn 0.150761 0.987945 -0.034333
vn 0.111057 0.989196 -0.095553
vn 0.274819 0.929350 -0.246467
vn 0.142857 0.961303 -0.235481
vn 0.300150 0.870510 -0.389966
vn 0.958800 -0.278970 0.053316
vn 0.943632 -0.294137 0.151738
vn 0.989929 -0.094394 0.105197
vn 0.976012 -0.092044 0.197180
vn 0.864925 -0.487594 0.118686
vn 0.846187 -0.500748 0.182226
vn 0.841273 -0.533372 0.087741
vn 0.899258 -0.436415 -0.028718
vn 0.999420 -0.031495 0.011048
vn 0.886868 -0.459243 0.050172
vn -0.285836 -0.753960 -0.591449
vn -0.229530 -0.771477 -0.593402
vn -0.287973 -0.711234 -0.641224
vn -0.229499 -0.745262 -0.625996
vn -0.172674 -0.761406 -0.624836
vn -0.185217 -0.689871 -0.699820
vn -0.178503 -0.732170 -0.657277
vn -0.232612 -0.702292 -0.672781
vn -0.349132 -0.716086 -0.604358
vn -0.180700 -0.769646 -0.612323
vn -0.280221 -0.540025 -0.793603
vn -0.288339 -0.641377 -0.710929
vn -0.356975 -0.533616 -0.766656
vn -0.354198 -0.645131 -0.676992
vn -0.431898 -0.533464 -0.727195
vn -0.421705 -0.646046 -0.636189
vn -0.225410 -0.636006 -0.737999
vn -0.422468 -0.154363 -0.893124
vn -0.350139 -0.381329 -0.855556
vn -0.435224 -0.366710 -0.822230
vn -0.935209 -0.244758 -0.255776
vn -0.926145 -0.147923 -0.346843
vn -0.846339 -0.222541 -0.483871
vn -0.796991 -0.147343 -0.585681
vn -0.979827 -0.153356 -0.128117
vn -0.867672 -0.311777 -0.387188
vn 0.520066 -0.441115 0.731376
vn 0.376843 -0.284677 0.881436
vn 0.380627 -0.443129 0.811609
vn 0.252358 -0.263497 0.931028
vn 0.531877 -0.298288 0.792505
vn 0.501144 -0.595599 0.627766
vn -0.219794 0.353282 -0.909299
vn -0.268532 0.373821 -0.887753
vn -0.186895 0.379955 -0.905911
vn -0.236366 0.400433 -0.885311
vn -0.153783 0.402875 -0.902219
vn -0.202124 0.432051 -0.878872
vn -0.297708 0.341441 -0.891476
vn -0.062502 0.374493 -0.925108
vn -0.142857 0.364971 -0.919980
vn -0.108371 0.386517 -0.915860
vn -0.560167 0.389416 -0.731132
vn -0.590320 0.351360 -0.726646
vn -0.518174 0.357768 -0.776818
vn -0.546251 0.307810 -0.778985
vn -0.468825 0.318125 -0.824000
vn -0.619678 0.296243 -0.726768
vn -0.592456 0.685751 0.422712
vn -0.469893 0.650197 0.597003
vn -0.615986 0.582049 0.530747
vn -0.460005 0.544755 0.701132
vn -0.588061 0.476791 0.653310
vn -0.384686 0.439100 0.811884
vn -0.445875 0.748558 0.490738
vn -0.851833 0.480819 0.207739
vn -0.727592 0.596393 0.338908
vn -0.752464 0.483718 0.446974
vn -0.535936 0.782800 0.316141
vn -0.583941 0.795953 0.159520
vn -0.668233 0.701834 0.246620
vn -0.692373 0.716147 0.087588
vn -0.773858 0.613819 0.155889
vn -0.599231 0.800439 0.013642
vn 0.536027 0.840754 -0.075900
vn 0.292611 0.955809 -0.027741
vn 0.532395 0.845943 -0.030244
vn 0.176763 0.984222 -0.004578
vn 0.295999 0.955168 0.002686
vn 0.532487 0.846248 0.016785
vn 0.308420 0.950407 0.039369
vn 0.181555 0.983154 0.020417
vn 0.173559 0.984466 -0.025269
vn 0.287851 0.956175 -0.053255
vn 0.872097 0.487533 -0.041597
vn 0.766656 0.637684 -0.074557
vn 0.761925 0.647481 -0.013977
vn 0.232978 -0.972106 0.025727
vn 0.376354 -0.924131 0.065340
vn 0.258034 -0.966063 -0.008606
vn 0.406842 -0.913083 0.026673
vn 0.416181 -0.909024 -0.020447
vn 0.126194 -0.991974 -0.001099
vn 0.004181 0.989807 -0.142247
vn 0.021790 0.989807 -0.140721
vn 0.009705 0.988067 -0.153691
vn 0.034852 0.989196 -0.142277
vn 0.022553 0.987274 -0.157292
vn 0.015748 0.980468 -0.195898
vn 0.044954 0.975646 -0.214606
vn 0.026612 0.978607 -0.203925
vn 0.035859 0.985687 -0.164708
vn 0.045320 0.990173 -0.132145
vn 0.028016 0.988861 -0.145970
vn -0.006287 0.988495 -0.151067
vn 0.001862 0.981903 -0.189215
vn 0.680410 -0.082553 0.728141
vn 0.520310 0.027253 0.853511
vn 0.486557 0.006378 0.873592
vn 0.290292 0.142796 0.946196
vn 0.301340 0.127201 0.944975
vn 0.041902 0.253609 0.966369
vn 0.696616 -0.174841 0.695791
vn 0.501450 0.028321 0.864681
vn 0.707327 -0.086367 0.701559
vn 0.617786 -0.116092 0.777703
vn 0.788324 -0.328318 0.520280
vn 0.666616 -0.404767 0.625874
vn 0.756706 -0.477859 0.446120
vn 0.631336 -0.554918 0.541704
vn 0.696738 -0.628529 0.345622
vn 0.579363 -0.699210 0.418806
vn 0.679373 -0.260323 0.686026
vn 0.893124 -0.408673 0.187872
vn 0.856716 -0.377087 0.351878
vn 0.808710 -0.525376 0.264382
vn 0.756340 -0.624470 0.194708
vn 0.775140 -0.579485 0.251595
vn 0.803949 -0.577288 0.142674
vn 0.830683 -0.520859 0.196539
vn 0.853389 -0.450179 0.262703
vn 0.890255 -0.399609 0.218482
vn 0.862087 -0.483230 0.152562
vn 0.733573 -0.664022 0.144627
vn 0.795709 -0.513535 0.321085
vn -0.113712 0.840419 -0.529832
vn -0.055940 0.839961 -0.539720
vn -0.116825 0.641133 -0.758446
vn -0.000977 0.833705 -0.552141
vn -0.038484 0.635548 -0.771050
vn -0.080996 0.489273 -0.868343
vn 0.065004 0.484939 -0.872097
vn -0.001617 0.486068 -0.873897
vn 0.030671 0.627430 -0.778039
vn -0.013337 0.952116 -0.305399
vn -0.045320 0.953581 -0.297678
vn -0.193213 0.639760 -0.743858
vn -0.165075 0.492752 -0.854335
vn 0.917264 0.389477 -0.083010
vn 0.911313 0.386547 -0.141667
vn 0.900449 0.414991 -0.130192
vn 0.900052 0.387768 -0.198798
vn 0.889309 0.413495 -0.195196
vn 0.864467 0.470229 -0.177618
vn 0.830531 0.454878 -0.321360
vn 0.850093 0.463546 -0.249825
vn 0.872951 0.413892 -0.258126
vn 0.919309 0.362865 -0.152287
vn 0.924253 0.368633 -0.099002
vn 0.904965 0.420362 -0.065493
vn 0.871792 0.477615 -0.108707
vn 0.623402 -0.775079 -0.102969
vn 0.634541 -0.770959 -0.054415
vn 0.635151 -0.769066 -0.071108
vn 0.636219 -0.771477 -0.003876
vn 0.640126 -0.768059 -0.016388
vn 0.710379 -0.702628 -0.040407
vn 0.714743 -0.698813 0.027863
vn 0.642903 -0.764550 0.045778
vn 0.744499 -0.658040 -0.112522
vn 0.676565 -0.734733 -0.048585
vn 0.668874 -0.736839 -0.098086
vn 0.703604 -0.690481 -0.167608
vn 0.630482 -0.766106 -0.124577
vn 0.706015 -0.700583 -0.103244
vn 0.969115 -0.242592 -0.043916
vn 0.846583 -0.532212 -0.000671
vn 0.962310 -0.234504 -0.137486
vn 0.845363 -0.527726 -0.082644
vn 0.835505 -0.525864 -0.159276
vn 0.995819 0.022401 -0.088534
vn 0.054781 -0.989593 -0.132878
vn 0.043703 -0.983154 -0.177343
vn 0.073428 -0.976562 -0.202307
vn 0.033265 -0.967498 -0.250649
vn 0.068056 -0.961638 -0.265725
vn 0.105350 -0.950957 -0.290780
vn 0.104038 -0.871944 -0.478408
vn 0.104251 -0.922636 -0.371288
vn 0.062349 -0.932157 -0.356578
vn 0.017670 -0.987457 -0.156774
vn 0.032228 -0.993286 -0.110904
vn 0.121677 -0.972808 -0.196966
vn 0.083438 -0.983520 -0.160253
vn 0.110508 -0.965819 -0.234382
vn -0.027039 -0.588092 -0.808313
vn -0.025330 -0.378277 -0.925321
vn -0.124027 -0.438612 -0.890042
vn -0.026795 -0.313456 -0.949187
vn -0.110508 -0.270241 -0.956420
vn -0.078158 -0.254555 -0.963866
vn 0.170660 -0.408887 -0.896481
vn 0.097171 -0.227912 -0.968810
vn 0.067476 -0.499252 -0.863796
vn -0.106784 -0.643727 -0.757714
vn -0.555620 -0.542802 -0.629780
vn -0.570177 -0.396283 -0.719596
vn -0.498489 -0.537736 -0.679922
vn -0.580187 -0.200537 -0.789392
vn -0.510330 -0.379192 -0.771844
vn -0.510544 -0.175604 -0.841700
vn -0.637593 -0.231574 -0.734733
vn -0.625446 -0.412824 -0.662069
vn -0.483749 -0.644704 -0.591845
vn 0.755364 -0.655080 0.015748
vn 0.731864 -0.660268 0.168462
vn 0.645222 -0.760247 0.075320
vn 0.618732 -0.750328 0.232643
vn 0.542161 -0.830836 0.125401
vn 0.519730 -0.805689 0.284005
vn 0.834925 -0.541124 0.100284
vn 0.577380 -0.789453 -0.208167
vn 0.668294 -0.739402 -0.081515
vn 0.561083 -0.827204 -0.029206
vn 0.870998 0.377270 -0.314615
vn 0.885495 0.387616 -0.256172
vn 0.895505 0.358623 -0.263436
vn 0.908505 0.363170 -0.206610
vn 0.917081 0.325724 -0.229804
vn 0.925077 0.328776 -0.190008
vn 0.857662 0.406934 -0.314310
vn 0.896451 0.301431 -0.324778
vn 0.882778 0.343486 -0.320383
vn 0.907224 0.316996 -0.276467
vn 0.764428 0.611194 -0.204993
vn 0.768059 0.625294 -0.137913
vn 0.546434 0.818720 -0.176122
vn 0.539964 0.832606 -0.123081
vn 0.289193 0.953948 -0.079623
vn 0.758232 0.591571 -0.273965
vn 0.053621 -0.996277 -0.067049
vn 0.066286 -0.996399 -0.052553
vn 0.036805 -0.998077 -0.049257
vn 0.095614 -0.994568 -0.040620
vn 0.048158 -0.998260 -0.033509
vn 0.072909 -0.997162 -0.017670
vn 0.146153 -0.985168 -0.089633
vn 0.118351 -0.990936 -0.063387
vn 0.087832 -0.993408 -0.073428
vn 0.031495 -0.996948 -0.071352
vn 0.168340 -0.396191 -0.902585
vn 0.086550 -0.591815 -0.801386
vn 0.086856 -0.331400 -0.939451
vn 0.030946 -0.770379 -0.636799
vn 0.015839 -0.435743 -0.899899
vn -0.026978 -0.695486 -0.718009
vn 0.073489 -0.835231 -0.544939
vn 0.136357 -0.715720 -0.684896
vn 0.188482 -0.084597 -0.978423
vn -0.123295 -0.743828 -0.656880
vn -0.114597 -0.768944 -0.628925
vn -0.078280 -0.710135 -0.699667
vn -0.061800 -0.752068 -0.656148
vn -0.043428 -0.772057 -0.634022
vn 0.067446 -0.726096 -0.684255
vn 0.008820 -0.757195 -0.653096
vn -0.009705 -0.718833 -0.695090
vn -0.135807 -0.700949 -0.700125
vn -0.104068 -0.770501 -0.628864
vn 0.167821 0.817805 -0.550432
vn 0.196661 0.618519 -0.760735
vn 0.124149 0.807886 -0.576098
vn 0.189673 0.487350 -0.852321
vn 0.139073 0.615711 -0.775597
vn 0.076724 0.815638 -0.573412
vn 0.085849 0.620502 -0.779473
vn 0.125156 0.485580 -0.865169
vn 0.316385 0.490646 -0.811853
vn 0.255165 0.489761 -0.833644
vn 0.250679 0.625813 -0.738578
vn 0.088168 0.939482 -0.331034
vn 0.054292 0.938414 -0.341197
vn -0.036653 0.430769 -0.901700
vn -0.117893 0.431196 -0.894498
vn 0.005066 0.407025 -0.913388
vn -0.071841 0.405438 -0.911283
vn -0.028657 0.390973 -0.919950
vn 0.036073 0.431440 -0.901395
vn -0.247322 0.317942 0.915250
vn -0.499893 0.360546 0.787439
vn -0.460952 0.392651 0.795801
vn -0.707389 0.371166 0.601520
vn -0.671529 0.407300 0.618946
vn -0.822047 0.393353 0.411634
vn -0.333842 0.331370 0.882443
vn -0.526688 0.357524 0.771203
vn -0.279031 0.308939 0.909207
vn -0.216407 0.342448 0.914243
vn 0.933561 0.275369 -0.229316
vn 0.927335 0.274667 -0.254128
vn 0.452254 0.589373 -0.669362
vn 0.944426 0.219977 -0.244179
vn 0.937529 0.218604 -0.270577
vn 0.543107 0.248787 -0.801935
vn 0.954009 0.174932 -0.243416
vn 0.497665 0.421064 -0.758263
vn 0.405988 0.726341 -0.554582
vn 0.917478 0.263192 -0.298166
vn 0.852870 0.314493 -0.416700
vn 0.832331 0.359539 -0.421766
vn 0.858974 0.353862 -0.369976
vn 0.811274 0.394635 -0.431318
vn 0.844203 0.387707 -0.370037
vn 0.825282 0.420209 -0.377209
vn 0.785852 0.324290 -0.526536
vn 0.797510 0.365062 -0.480270
vn 0.824885 0.318369 -0.467055
vn 0.875027 0.310068 -0.371654
vn 0.181280 -0.981750 -0.057009
vn 0.153478 -0.987732 -0.027955
vn 0.302530 -0.949522 -0.082736
vn 0.283914 -0.957610 -0.048250
vn 0.421491 -0.904782 -0.060457
vn 0.206000 -0.974914 -0.084078
vn 0.026978 -0.769524 -0.638020
vn -0.043428 -0.768578 -0.638234
vn 0.103427 -0.766442 -0.633869
vn 0.029908 -0.761498 -0.647450
vn 0.118442 -0.747154 -0.653981
vn 0.089419 -0.758110 -0.645924
vn 0.181738 0.126774 0.975127
vn -0.006561 0.232337 0.972594
vn 0.265053 0.133671 0.954894
vn 0.024354 0.243751 0.969512
vn -0.078982 0.239845 0.967589
vn 0.437635 -0.004151 0.899106
vn -0.726005 0.376446 0.575457
vn -0.847835 0.359600 0.389660
vn -0.727958 0.427686 0.535813
vn -0.854213 0.374248 0.360851
vn -0.921934 0.339366 0.186590
vn -0.888455 0.453108 0.073000
vn -0.918332 0.367901 0.145817
vn -0.840815 0.443037 0.310984
vn -0.556902 0.393994 0.731162
vn -0.909238 0.367473 0.195441
vn -0.764092 0.645039 0.006104
vn -0.688711 0.723075 -0.052950
vn -0.815180 0.573046 -0.084201
vn -0.746300 0.655049 -0.117985
vn -0.681997 0.704611 -0.195776
vn -0.732627 0.592395 -0.335124
vn -0.729026 0.631489 -0.264046
vn -0.775018 0.600604 -0.196417
vn -0.853572 0.520157 0.028382
vn -0.598926 0.790002 -0.130955
vn 0.657949 -0.680380 -0.322703
vn 0.911222 -0.401410 -0.092044
vn 0.915616 -0.372448 -0.151341
vn 0.876797 -0.476699 -0.063021
vn 0.874752 -0.469253 -0.120548
vn 0.889248 -0.419813 -0.181494
vn 0.821497 -0.548143 -0.157018
vn 0.816065 -0.571642 -0.085116
vn 0.650319 -0.752068 -0.106937
vn 0.914243 -0.401624 -0.053255
vn 0.654592 -0.728629 -0.201392
vn 0.680349 -0.398694 -0.614887
vn 0.664846 -0.572375 -0.479934
vn 0.935942 -0.275887 -0.218757
vn 0.647603 -0.735771 -0.198004
vn 0.638050 -0.726768 -0.254280
vn 0.689962 -0.684622 -0.234931
vn 0.610370 -0.734886 -0.295541
vn 0.664113 -0.687216 -0.294351
vn 0.722373 -0.630604 -0.283670
vn 0.649403 -0.643849 -0.404584
vn 0.690878 -0.634175 -0.347087
vn 0.628590 -0.698813 -0.341319
vn 0.582873 -0.776513 -0.239326
vn 0.594348 -0.760338 -0.261879
vn 0.608386 -0.761437 -0.223731
vn 0.695547 -0.700003 -0.161718
vn 0.742241 -0.636891 -0.208350
vn 0.253426 -0.926115 -0.279336
vn 0.258156 -0.935911 -0.239601
vn 0.168767 -0.969024 -0.180212
vn 0.272256 -0.939451 -0.208045
vn 0.173070 -0.972900 -0.153172
vn 0.112186 -0.986175 -0.121891
vn 0.120273 -0.987365 -0.102908
vn 0.192480 -0.972320 -0.132206
vn 0.584796 -0.617115 -0.526414
vn 0.396069 -0.855892 -0.332438
vn 0.388287 -0.838466 -0.382305
vn 0.170873 -0.960082 -0.221320
vn 0.113346 -0.981994 -0.150945
vn 0.076601 -0.993103 -0.088656
vn 0.074923 -0.990661 -0.113834
vn 0.049684 -0.994690 -0.089908
vn -0.227699 0.401502 -0.887082
vn 0.050478 0.238075 -0.969909
vn -0.103366 0.354381 -0.929350
vn 0.345897 0.031892 -0.937712
vn 0.136967 0.153539 -0.978576
vn -0.000214 0.280740 -0.959777
vn 0.373516 -0.217505 -0.901730
vn 0.193365 0.043245 -0.980163
vn 0.380078 -0.088473 -0.920682
vn 0.141301 0.206610 -0.968139
vn 0.269997 0.131870 -0.953764
vn -0.067934 0.306101 -0.949553
vn -0.312143 0.631031 -0.710166
vn -0.308084 0.512345 -0.801569
vn -0.174413 0.477737 -0.860988
vn 0.945494 -0.162420 -0.282205
vn 0.919553 -0.312082 -0.238746
vn 0.899899 -0.321146 -0.294992
vn 0.860744 -0.455397 -0.227363
vn 0.842769 -0.455428 -0.286782
vn 0.795618 -0.568865 -0.208197
vn 0.957457 -0.139683 -0.252480
vn 0.902615 -0.090732 -0.420728
vn 0.924345 -0.148656 -0.351329
vn 0.884548 -0.290262 -0.365062
vn 0.229133 -0.756371 -0.612659
vn 0.219886 -0.854549 -0.470473
vn 0.151830 -0.899228 -0.410230
vn 0.228248 -0.893765 -0.386029
vn 0.153539 -0.932188 -0.327677
vn 0.165716 -0.947295 -0.274087
vn 0.424329 -0.478286 -0.768853
vn 0.323160 -0.760643 -0.562975
vn 0.320933 -0.647420 -0.691244
vn 0.155278 -0.828822 -0.537492
vn -0.100650 -0.649495 -0.753655
vn -0.033387 -0.660512 -0.750023
vn -0.130833 -0.565966 -0.813959
vn -0.061434 -0.581103 -0.811487
vn 0.015442 -0.598956 -0.800592
vn -0.043214 -0.354839 -0.933897
vn -0.015168 -0.496597 -0.867824
vn -0.092044 -0.470382 -0.877621
vn -0.161290 -0.638936 -0.752129
vn 0.044038 -0.672201 -0.739006
vn -0.256020 -0.418073 -0.871578
vn -0.202979 -0.552049 -0.808710
vn -0.210364 -0.277932 -0.937254
vn -0.169622 -0.446150 -0.878719
vn -0.122959 -0.316568 -0.940550
vn -0.312418 -0.228553 -0.922025
vn 0.240181 0.432875 -0.868862
vn 0.169317 0.431593 -0.886013
vn 0.292367 0.403943 -0.866756
vn 0.219672 0.402936 -0.888455
vn 0.146428 0.404065 -0.902921
vn 0.244545 0.345042 -0.906156
vn 0.196173 0.380016 -0.903928
vn 0.271249 0.377392 -0.885403
vn 0.308023 0.434675 -0.846248
vn 0.101474 0.431593 -0.896329
vn 0.769738 -0.624714 -0.130985
vn 0.847499 -0.529496 -0.036744
vn 0.767510 -0.571703 -0.289895
vn 0.849178 -0.500809 -0.167425
vn 0.909665 -0.408673 -0.074068
vn 0.874203 -0.330882 -0.355327
vn 0.901883 -0.383740 -0.198218
vn 0.834559 -0.448805 -0.319407
vn 0.679128 -0.688375 -0.254707
vn 0.907498 -0.417615 0.044740
vn -0.929960 0.356822 -0.088351
vn -0.886135 0.411542 -0.212958
vn -0.885525 0.457411 -0.081057
vn -0.805536 0.465285 -0.366863
vn -0.832514 0.515763 -0.202185
vn -0.760033 0.550523 -0.345286
vn -0.801202 0.357250 -0.480026
vn -0.826563 0.387616 -0.408032
vn -0.906644 0.344127 -0.244026
vn -0.916654 0.397992 0.035890
vn 0.094363 0.049440 -0.994293
vn -0.007904 0.290445 -0.956847
vn 0.066500 0.175268 -0.982238
vn -0.102786 0.501022 -0.859279
vn -0.069765 0.402234 -0.912839
vn -0.187048 0.587237 -0.787469
vn -0.054781 0.378277 -0.924039
vn 0.017884 0.155583 -0.987640
vn 0.213202 -0.085116 -0.973266
vn 0.399152 -0.761986 -0.509873
vn 0.387280 -0.867428 -0.312265
vn 0.329814 -0.823359 -0.461806
vn 0.380474 -0.914945 -0.134342
vn 0.311869 -0.907254 -0.282083
vn 0.315744 -0.939848 -0.130131
vn 0.472915 -0.866024 -0.162145
vn 0.483322 -0.798883 -0.357952
vn 0.326182 -0.679067 -0.657582
vn 0.981170 -0.018738 -0.192175
vn 0.936094 -0.270791 -0.224372
vn 0.839412 -0.503189 -0.205329
vn 0.951933 -0.128117 -0.278115
vn 0.901212 -0.312540 -0.300119
vn 0.745262 -0.589007 -0.312418
vn 0.910672 -0.231849 -0.341838
vn 0.784234 -0.562731 -0.261238
vn 0.889187 -0.440901 -0.122227
vn 0.820490 -0.521256 -0.234657
vn 0.245216 -0.911710 -0.329508
vn 0.371136 -0.820582 -0.434553
vn 0.349528 -0.795343 -0.495193
vn 0.512040 -0.562151 -0.649403
vn 0.470260 -0.517869 -0.714560
vn 0.549699 -0.598315 -0.582934
vn 0.420057 0.406568 -0.811304
vn 0.423048 0.439009 -0.792627
vn 0.478744 0.410993 -0.775780
vn 0.424726 0.497482 -0.756340
vn 0.478835 0.447127 -0.755486
vn 0.537767 0.423017 -0.729270
vn 0.518662 0.526536 -0.673574
vn 0.533494 0.460829 -0.709220
vn 0.473556 0.510086 -0.717978
vn 0.372417 0.491195 -0.787408
vn 0.368145 0.435987 -0.821192
vn 0.546617 0.350993 -0.760247
vn 0.479415 0.380322 -0.790857
vn 0.541246 0.390301 -0.744774
vn 0.956938 -0.278085 0.083102
vn 0.945189 -0.326456 0.004517
vn 0.959014 -0.280648 -0.038423
vn 0.941618 -0.318827 -0.108127
vn 0.950438 -0.268014 -0.157445
vn 0.925657 -0.292886 -0.239479
vn 0.938597 -0.319102 0.131138
vn 0.947905 -0.315806 -0.041444
vn 0.960173 -0.277779 0.029786
vn 0.957945 -0.270608 -0.095340
vn 0.897732 -0.220527 0.381298
vn 0.938780 -0.258248 0.227912
vn 0.911740 -0.233619 0.337840
vn 0.947691 -0.266457 0.175634
vn 0.912961 -0.300058 0.276437
vn 0.941862 -0.319742 0.103122
vn 0.913938 -0.294229 0.279489
vn 0.844111 -0.176458 0.506272
vn 0.844478 -0.254921 0.470992
vn -0.943846 0.328593 0.033326
vn -0.940092 0.319498 -0.118748
vn -0.945006 0.326975 0.001068
vn -0.921659 0.341563 -0.183966
vn -0.924650 0.375683 -0.061953
vn -0.885708 0.338939 -0.317179
vn -0.506088 0.469344 -0.723563
vn -0.671682 0.496933 -0.549394
vn -0.485519 0.421003 -0.766137
vn -0.687185 0.426069 -0.588397
vn -0.451308 0.377453 -0.808588
vn -0.655446 0.380322 -0.652455
vn -0.657613 0.541795 -0.523392
vn -0.236946 0.359416 -0.902585
vn -0.187841 0.319437 -0.928770
vn 0.680898 -0.351817 -0.642293
vn 0.561937 -0.176336 -0.808130
vn 0.703238 -0.222510 -0.675192
vn 0.545244 -0.058107 -0.836238
vn 0.689840 -0.116092 -0.714560
vn 0.482162 0.034547 -0.875362
vn 0.539994 -0.307749 -0.783349
vn 0.791528 -0.356792 -0.496139
vn 0.808893 -0.239479 -0.536943
vn 0.205817 -0.205329 -0.956786
vn 0.097507 -0.073489 -0.992492
vn 0.302622 -0.430189 -0.850490
vn 0.189032 -0.304178 -0.933653
vn 0.620777 -0.063784 -0.781365
vn 0.664479 -0.228156 -0.711600
vn 0.272195 -0.503311 -0.820093
vn 0.340465 -0.334269 -0.878811
vn 0.584674 0.097812 -0.805322
vn 0.757469 0.462630 -0.460616
vn 0.697836 0.539567 -0.470992
vn 0.718863 0.569536 -0.398541
vn 0.595569 0.655171 -0.464766
vn 0.567492 0.738670 -0.363689
vn 0.556444 0.780572 -0.284677
vn 0.206030 0.963561 -0.170507
vn 0.334971 0.918638 -0.209418
vn 0.390942 0.866970 -0.309000
vn 0.692770 0.446699 -0.566118
vn 0.677908 0.500351 -0.538560
vn 0.723350 0.454665 -0.519608
vn 0.793359 0.465682 -0.392010
vn 0.741722 0.581286 -0.334544
vn 0.389599 -0.879513 -0.273202
vn 0.298227 -0.937956 -0.176733
vn 0.689718 -0.561022 -0.457686
vn 0.398053 -0.891201 -0.217383
vn 0.349651 -0.924223 -0.153325
vn 0.442183 -0.877712 -0.184545
vn 0.730216 -0.561083 -0.389813
vn 0.630268 -0.599780 -0.492904
vn 0.238105 -0.964110 -0.117283
vn 0.524979 -0.248604 -0.813959
vn 0.596362 -0.230781 -0.768792
vn 0.563036 -0.263741 -0.783197
vn 0.661397 -0.242378 -0.709738
vn 0.622761 -0.294443 -0.724845
vn 0.680715 -0.325022 -0.656484
vn 0.482528 -0.607379 -0.631031
vn 0.587725 -0.405316 -0.700186
vn 0.525193 -0.418378 -0.740989
vn 0.492447 -0.247047 -0.834498
vn 0.349803 -0.611682 -0.709525
vn 0.447493 -0.424726 -0.786981
vn 0.361095 -0.344890 -0.866359
vn 0.448439 -0.237709 -0.861599
vn 0.366161 -0.183081 -0.912351
vn 0.409070 -0.290078 -0.865139
vn 0.426038 -0.614643 -0.663839
vn 0.253273 -0.543290 -0.800409
vn 0.278664 -0.242653 -0.929197
vn 0.918149 -0.255898 -0.302469
vn 0.942412 -0.248482 -0.223823
vn 0.905057 -0.210150 -0.369671
vn 0.923978 -0.236824 -0.300211
vn 0.865200 -0.182165 -0.467116
vn 0.882534 -0.239387 -0.404675
vn 0.941099 -0.293283 -0.168187
vn 0.815638 -0.157903 -0.556566
vn 0.873409 -0.207282 -0.440626
vn 0.839961 -0.158147 -0.519028
vn -0.792322 0.477584 -0.379559
vn -0.757561 0.414624 -0.504105
vn -0.875057 0.398511 -0.274636
vn -0.651479 0.378613 -0.657399
vn -0.832118 0.370067 -0.413038
vn -0.734794 0.363079 -0.572863
vn -0.496994 0.428388 -0.754601
vn -0.566698 0.398663 -0.721000
vn -0.658254 0.467757 -0.589770
vn -0.870235 0.466384 -0.158544
vn 0.426405 -0.531632 -0.731773
vn 0.371960 -0.611744 -0.698111
vn 0.551134 -0.591083 -0.588885
vn 0.473495 -0.683157 -0.555895
vn 0.578234 -0.709220 -0.403241
vn 0.488388 -0.431104 -0.758660
vn 0.845759 -0.302683 -0.439344
vn 0.845271 -0.211432 -0.490707
vn 0.805414 -0.313578 -0.502945
vn 0.805963 -0.239631 -0.541276
vn 0.765465 -0.297922 -0.570330
vn 0.734306 -0.318278 -0.599536
vn 0.876003 -0.237678 -0.419599
vn 0.624165 -0.673666 -0.395672
vn 0.755150 -0.494583 -0.430219
vn 0.715201 -0.489090 -0.499222
vn 0.720023 -0.266335 -0.640767
vn 0.682180 -0.455428 -0.571978
vn 0.640858 -0.422101 -0.641163
vn 0.546678 -0.652089 -0.525224
vn 0.511551 -0.632069 -0.582018
vn 0.579455 -0.670980 -0.462539
vn 0.359752 0.405591 -0.840266
vn 0.345256 0.378948 -0.858577
vn 0.413526 0.379620 -0.827570
vn 0.398480 0.348674 -0.848292
vn 0.470504 0.348155 -0.810785
vn 0.323679 0.347667 -0.879940
vn 0.741569 -0.484298 -0.464187
vn 0.625813 -0.480087 -0.614673
vn 0.666890 -0.603778 -0.436628
vn 0.575976 -0.771752 -0.269448
vn 0.586963 -0.773736 -0.238319
vn 0.608631 -0.745445 -0.271767
vn 0.596210 -0.777398 -0.200354
vn 0.621998 -0.748222 -0.230750
vn 0.693869 -0.659169 -0.289804
vn 0.702017 -0.673025 -0.232673
vn 0.627186 -0.757988 -0.179113
vn 0.582446 -0.781335 -0.224067
vn 0.575427 -0.779351 -0.247932
vn 0.583819 -0.751793 -0.306497
vn 0.669393 -0.660970 -0.339091
vn 0.163152 -0.758721 -0.630604
vn 0.177465 -0.769127 -0.613941
vn 0.218268 -0.734642 -0.642354
vn 0.233955 -0.760430 -0.605792
vn 0.246986 -0.775170 -0.581439
vn 0.402387 -0.714255 -0.572588
vn 0.311563 -0.760399 -0.569811
vn 0.297708 -0.732383 -0.612323
vn 0.143162 -0.731040 -0.667104
vn 0.204718 -0.750481 -0.628346
vn -0.418744 0.347758 -0.838862
vn -0.491012 0.352245 -0.796716
vn -0.207678 0.285287 -0.935636
vn -0.237953 0.298410 -0.924284
vn -0.298379 0.325541 -0.897183
vn 0.197760 0.124821 -0.972259
vn -0.033876 0.243873 -0.969207
vn -0.012726 0.207373 -0.978149
vn -0.365917 0.356670 -0.859554
vn -0.577380 0.363018 -0.731315
vn -0.076418 0.279641 -0.957030
vn -0.377209 0.352245 -0.856502
vn 0.196448 0.184088 -0.963073
vn -0.126743 0.299783 -0.945524
vn 0.174413 0.191595 -0.965819
vn 0.205237 0.161840 -0.965209
vn 0.787927 0.425092 -0.445418
vn 0.749535 0.425092 -0.507370
vn 0.772118 0.398877 -0.494675
vn 0.731162 0.400922 -0.551927
vn 0.754875 0.370373 -0.541246
vn 0.712424 0.423383 -0.559618
vn 0.367046 -0.784631 -0.499557
vn 0.418195 -0.781701 -0.462600
vn 0.430769 -0.761010 -0.485031
vn 0.469161 -0.772118 -0.428571
vn 0.469253 -0.764733 -0.441511
vn 0.505478 -0.765526 -0.398022
vn 0.441115 -0.750725 -0.491714
vn 0.373577 -0.769860 -0.517411
vn 0.404218 -0.742271 -0.534410
vn 0.789270 -0.263802 -0.554460
vn 0.843471 -0.347484 -0.409589
vn 0.865749 -0.266610 -0.423475
vn 0.870022 -0.419202 -0.259377
vn 0.903104 -0.328593 -0.276345
vn 0.916105 -0.375866 -0.139470
vn 0.683737 -0.402142 -0.608875
vn 0.797876 -0.434523 -0.417737
vn 0.748802 -0.336955 -0.570696
vn 0.807092 -0.198462 -0.556017
vn 0.587268 0.442763 -0.677511
vn 0.594562 0.410169 -0.691519
vn 0.618213 0.476638 -0.624958
vn 0.633412 0.432325 -0.641743
vn 0.644368 0.404218 -0.649129
vn 0.673818 0.425672 -0.603931
vn 0.658223 0.460555 -0.595477
vn 0.572741 0.497299 -0.651631
vn 0.602191 0.379254 -0.702475
vn 0.549333 -0.754448 -0.359172
vn 0.581011 -0.745445 -0.326640
vn 0.560961 -0.768944 -0.306558
vn 0.575884 -0.766472 -0.284280
vn 0.588488 -0.712363 -0.382305
vn 0.544053 -0.764824 -0.344981
vn 0.548143 -0.674947 -0.493912
vn 0.545396 -0.725425 -0.419843
vn 0.498764 -0.737785 -0.454787
vn 0.511979 -0.763390 -0.393780
vn 0.599994 -0.658834 -0.453780
vn 0.488601 -0.692312 -0.530961
vn -0.084628 -0.030641 -0.995911
vn -0.148991 -0.139470 -0.978942
vn -0.167089 0.016602 -0.985778
vn -0.241005 -0.089877 -0.966338
vn -0.256661 0.067385 -0.964141
vn -0.343059 -0.028474 -0.938871
vn -0.066561 -0.186895 -0.980102
vn -0.109836 0.178137 -0.977844
vn -0.098209 0.090762 -0.990997
vn -0.178747 0.133946 -0.974700
vn 0.604602 -0.060701 -0.794183
vn 0.569597 -0.101505 -0.815607
vn 0.715232 -0.167364 -0.678518
vn 0.513504 -0.146153 -0.845515
vn 0.674429 -0.224738 -0.703269
vn 0.610248 -0.277779 -0.741874
vn 0.379162 -0.010315 -0.925260
vn 0.417127 0.028871 -0.908353
vn 0.736595 -0.123264 -0.664968
vn 0.258187 0.020508 0.965850
vn 0.044984 0.157292 0.986511
vn 0.287332 -0.079226 0.954527
vn 0.097629 0.080477 0.991943
vn -0.096591 0.240150 0.965911
vn -0.056978 0.128239 0.990081
vn -0.080447 0.203558 0.975738
vn 0.117985 0.002045 0.993011
vn 0.459090 -0.129765 0.878842
vn -0.179174 0.287118 0.940977
vn -0.577349 0.471633 0.666463
vn -0.716056 0.525315 0.459609
vn -0.453047 0.490036 0.744682
vn -0.593249 0.580554 0.557634
vn -0.686880 0.643055 0.338572
vn -0.563555 0.702078 0.435255
vn -0.597644 0.690817 0.406842
vn -0.510605 0.605976 0.609943
vn -0.396039 0.394269 0.829249
vn -0.801172 0.556719 0.219367
vn 0.024476 0.328990 -0.943999
vn 0.004059 0.283364 -0.958983
vn -0.045808 0.318857 -0.946684
vn 0.006806 0.231361 -0.972839
vn -0.054750 0.266396 -0.962279
vn -0.115329 0.302530 -0.946104
vn -0.118168 0.245338 -0.962188
vn -0.047884 0.208350 -0.976867
vn 0.084811 0.263894 -0.960784
vn 0.051332 0.249428 -0.967009
vn 0.060671 0.294137 -0.953825
vn -0.018647 0.356945 -0.933927
vn -0.096255 0.346782 -0.932951
vn 0.795160 -0.494797 0.350505
vn 0.858669 -0.391980 0.330119
vn 0.836512 -0.513901 0.190039
vn 0.898282 -0.408795 0.160955
vn 0.858058 -0.513138 0.019623
vn 0.913816 -0.406049 -0.003693
vn 0.789331 -0.364483 0.494034
vn 0.667226 -0.744499 0.022706
vn 0.766625 -0.606983 0.209387
vn 0.781335 -0.623676 0.022279
vn -0.281869 0.379864 0.881039
vn -0.375500 0.493576 0.784448
vn -0.230659 0.367687 0.900876
vn -0.351451 0.494888 0.794671
vn -0.221564 0.362804 0.905118
vn -0.476272 0.608753 0.634449
vn 0.173345 -0.630848 -0.756249
vn 0.246132 -0.632893 -0.734031
vn 0.195746 -0.691610 -0.695212
vn 0.320231 -0.618915 -0.717185
vn 0.270791 -0.692862 -0.668264
vn 0.354686 -0.677908 -0.643880
vn 0.279214 -0.449873 -0.848292
vn 0.296426 -0.543016 -0.785638
vn 0.224891 -0.556902 -0.799524
vn 0.122715 -0.683462 -0.719565
vn 0.122196 -0.437757 -0.890713
vn 0.149083 -0.551042 -0.821009
vn 0.067690 -0.527146 -0.847041
vn 0.097293 -0.618091 -0.780023
vn 0.203955 -0.457747 -0.865352
vn 0.038118 -0.398114 -0.916532
vn -0.778710 0.565935 -0.270760
vn -0.679464 0.545762 -0.490341
vn -0.732292 0.664479 -0.149022
vn -0.677480 0.629139 -0.380963
vn -0.566057 0.564287 -0.600909
vn -0.612903 0.715262 -0.335734
vn -0.592212 0.646779 -0.480514
vn -0.653523 0.714377 -0.250038
vn -0.821925 0.568621 -0.032807
vn -0.532304 0.494522 -0.687063
vn -0.735099 0.670949 0.096835
vn -0.665151 0.746239 -0.025147
vn -0.644795 0.738548 0.196814
vn -0.625446 0.777093 0.070040
vn -0.603015 0.757317 0.250649
vn -0.632527 0.764977 -0.121128
vn 0.145543 0.299661 -0.942839
vn 0.092990 0.323222 -0.941710
vn 0.127873 0.344066 -0.930174
vn 0.058351 0.357036 -0.932249
vn 0.090030 0.372875 -0.923490
vn 0.015625 0.377667 -0.925779
vn 0.112033 0.280038 -0.953398
vn 0.189276 0.322581 -0.927396
vn 0.165624 0.361248 -0.917631
vn 0.121921 0.079531 -0.989319
vn 0.230720 -0.044649 -0.971984
vn 0.321818 -0.042329 -0.945830
vn 0.310892 -0.189734 -0.931272
vn 0.430036 -0.178777 -0.884915
vn 0.517258 -0.321055 -0.793298
vn -0.085604 0.210395 -0.973846
vn 0.072176 0.009857 -0.997314
vn 0.034516 0.120060 -0.992157
vn 0.172002 0.089328 -0.981017
vn 0.816675 -0.513016 -0.264168
vn 0.871975 -0.474502 -0.120304
vn 0.749107 -0.592120 -0.296915
vn 0.810236 -0.572863 -0.123753
vn 0.732810 -0.660634 -0.162816
vn 0.732627 -0.509232 -0.451552
vn 0.659963 -0.645405 0.384533
vn 0.662343 -0.539964 0.519303
vn 0.725364 -0.590320 0.353984
vn 0.616016 -0.402234 0.677236
vn 0.725242 -0.463759 0.508835
vn 0.669179 -0.298715 0.680380
vn 0.544206 -0.507767 0.667806
vn 0.566179 -0.466994 0.679189
vn 0.610340 -0.581744 0.537614
vn 0.677053 -0.697226 0.235450
vn 0.463973 -0.240669 0.852504
vn 0.291086 -0.178961 0.939787
vn 0.445753 -0.335429 0.829920
vn 0.296304 -0.294626 0.908475
vn 0.445204 -0.426649 0.787194
vn 0.089145 -0.091891 0.991760
vn -0.465529 0.549242 -0.693960
vn -0.413984 0.474013 -0.777093
vn -0.396741 0.521683 -0.755242
vn -0.319681 0.444411 -0.836818
vn -0.250923 0.359172 -0.898862
vn -0.159398 0.300027 -0.940489
vn -0.273629 0.424451 -0.863094
vn -0.529283 0.626240 -0.572405
vn -0.368999 0.405621 -0.836238
vn 0.388195 -0.392712 -0.833674
vn 0.413709 -0.476943 -0.775445
vn 0.359508 -0.514328 -0.778558
vn 0.461562 -0.519761 -0.718863
vn 0.391797 -0.583483 -0.711325
vn 0.438765 -0.624043 -0.646535
vn 0.466048 -0.336100 -0.818415
vn 0.468947 -0.420301 -0.776757
vn 0.425825 -0.364177 -0.828242
vn 0.341197 -0.423139 -0.839351
vn -0.202979 0.296945 -0.933042
vn -0.021638 0.189703 -0.981567
vn -0.072054 0.218482 -0.973144
vn 0.497879 -0.498367 -0.709708
vn 0.408612 -0.352062 -0.842036
vn 0.284616 -0.358989 -0.888852
vn 0.180395 -0.184576 -0.966094
vn 0.126743 -0.202216 -0.971068
vn 0.015412 -0.011475 -0.999786
vn 0.599048 -0.456618 -0.657735
vn 0.290445 -0.540941 -0.789300
vn 0.360515 -0.513230 -0.778832
vn 0.228675 -0.383801 -0.894620
vn 0.445814 -0.582446 0.679678
vn 0.564806 -0.622364 0.541826
vn 0.491043 -0.674581 0.551164
vn 0.595264 -0.699881 0.394696
vn 0.504929 -0.750816 0.425733
vn 0.590045 -0.763298 0.263039
vn 0.508957 -0.537889 0.672018
vn 0.294229 -0.656697 0.694357
vn 0.346385 -0.624104 0.700308
vn 0.383831 -0.717643 0.581072
vn 0.852535 0.179785 -0.490707
vn 0.845485 0.073458 -0.528886
vn 0.811090 0.185308 -0.554765
vn 0.822260 -0.072390 -0.564440
vn 0.794458 0.081210 -0.601856
vn 0.756310 0.194525 -0.624592
vn 0.696310 -0.066591 -0.714621
vn 0.732078 0.090548 -0.675161
vn 0.762658 -0.067202 -0.643269
vn 0.868587 -0.080691 -0.488907
vn 0.883053 0.069796 -0.464034
vn 0.819727 0.260964 -0.509812
vn 0.773309 0.268410 -0.574358
vn 0.541032 -0.712577 -0.446608
vn 0.662404 -0.657308 -0.359355
vn 0.546007 -0.614673 -0.569170
vn 0.651936 -0.568468 -0.501785
vn 0.626698 -0.743278 -0.233985
vn 0.392438 -0.639607 -0.660939
vn 0.699789 -0.423780 -0.575030
vn 0.773614 -0.247200 -0.583422
vn 0.757530 -0.414350 -0.504410
vn 0.825800 -0.251198 -0.504898
vn 0.801019 -0.418500 -0.428022
vn 0.864284 -0.262337 -0.429151
vn 0.710746 -0.255745 -0.655263
vn 0.675344 -0.554735 -0.485916
vn 0.724693 -0.546373 -0.419813
vn 0.034242 0.111423 -0.993164
vn 0.020386 0.179479 -0.983520
vn 0.081637 0.161870 -0.983398
vn 0.066042 0.209357 -0.975585
vn 0.115360 0.203497 -0.972228
vn 0.099551 0.237281 -0.966308
vn -0.035310 0.141575 -0.989288
vn 0.164586 0.067782 -0.984008
vn 0.099399 0.086795 -0.991241
vn 0.135777 0.152043 -0.978973
vn 0.298410 0.072085 -0.951689
vn 0.335307 -0.037507 -0.941343
vn 0.271126 -0.052492 -0.961089
vn 0.361980 -0.160985 -0.918149
vn 0.304422 -0.183416 -0.934690
vn 0.232429 -0.192114 -0.953429
vn 0.259804 -0.331736 -0.906857
vn 0.327006 -0.311960 -0.892026
vn 0.424512 0.099063 -0.899960
vn 0.391919 -0.018097 -0.919797
vn 0.362316 0.087039 -0.927946
vn 0.232032 0.062838 -0.970672
vn 0.199103 -0.051912 -0.978576
vn 0.617603 -0.572741 -0.538957
vn 0.637867 -0.449629 -0.625202
vn 0.559832 -0.595843 -0.575762
vn 0.579852 -0.487777 -0.652516
vn 0.497269 -0.622791 -0.603992
vn 0.651753 -0.299173 -0.696890
vn 0.376537 -0.284402 -0.881619
vn 0.417676 -0.258248 -0.871090
vn 0.409619 -0.137638 -0.901791
vn 0.461684 -0.125340 -0.878109
vn 0.448103 -0.005768 -0.893948
vn 0.466231 -0.242286 -0.850826
vn 0.682333 0.337168 -0.648610
vn 0.716697 0.277749 -0.639637
vn 0.654653 0.288217 -0.698813
vn 0.694021 0.208747 -0.688986
vn 0.627735 0.227943 -0.744285
vn 0.668966 0.118717 -0.733726
vn 0.736839 0.331339 -0.589282
vn 0.620502 0.342631 -0.705344
vn 0.586932 0.299722 -0.752068
vn 0.397412 -0.736808 -0.546953
vn 0.499741 -0.787469 -0.360668
vn 0.336589 -0.754601 -0.563250
vn 0.399976 -0.803705 -0.440504
vn 0.470382 -0.841639 -0.265206
vn 0.403241 -0.846339 -0.347942
vn 0.419660 -0.846858 -0.326548
vn 0.363994 -0.812281 -0.455672
vn 0.314341 -0.663472 -0.678945
vn 0.551256 -0.819514 -0.156407
vn 0.489822 0.253304 -0.834193
vn 0.422101 0.254891 -0.869961
vn 0.448134 0.307688 -0.839320
vn 0.351024 0.250587 -0.902188
vn 0.376720 0.307871 -0.873653
vn 0.303293 0.303751 -0.903165
vn 0.392010 0.183477 -0.901456
vn 0.458754 0.187048 -0.868618
vn 0.517685 0.306223 -0.798853
vn 0.219123 0.222297 -0.950011
vn 0.282113 0.238746 -0.929167
vn 0.257637 0.159185 -0.953032
vn 0.323923 0.172582 -0.930174
vn 0.239113 0.289010 -0.926969
vn 0.193548 0.150548 -0.969451
vn 0.558702 0.074374 -0.826014
vn 0.578784 -0.069124 -0.812525
vn 0.511917 -0.017487 -0.858852
vn 0.573168 -0.241829 -0.782922
vn 0.523362 -0.153020 -0.838221
vn 0.516617 -0.297250 -0.802942
vn 0.634724 -0.165593 -0.754753
vn 0.632038 0.021882 -0.774590
vn 0.488815 0.097781 -0.866878
vn 0.242897 0.814417 -0.526963
vn 0.296091 0.806604 -0.511521
vn 0.358257 0.619007 -0.698874
vn 0.328959 0.822108 -0.464644
vn 0.405621 0.628681 -0.663442
vn 0.445296 0.651936 -0.613697
vn 0.118656 0.974670 -0.189398
vn 0.202551 0.934935 -0.291238
vn 0.162175 0.937071 -0.309091
vn 0.303873 0.624226 -0.719687
vn -0.925626 0.295297 -0.236549
vn -0.913053 0.345683 -0.216315
vn -0.902158 0.342540 -0.262154
vn -0.893155 0.378307 -0.243141
vn -0.935453 0.297586 -0.190588
vn -0.912625 0.290292 -0.287759
vn 0.007416 -0.999878 0.013153
vn -0.005860 -0.999939 0.007782
vn 0.005097 -0.999969 0.000366
vn -0.019593 -0.999786 0.001190
vn -0.007813 -0.999939 -0.005951
vn -0.024751 -0.999542 -0.016602
vn -0.020447 -0.999603 0.019044
vn -0.006439 -0.999695 0.023469
vn 0.022767 -0.999695 0.006317
vn 0.167211 0.982208 -0.085238
vn 0.297922 0.947844 -0.113193
vn 0.308267 0.939207 -0.151128
vn 0.552049 0.801843 -0.228584
vn 0.167333 0.984008 -0.060762
vn 0.175054 0.977691 -0.115909
vn 0.008698 0.003143 -0.999939
vn 0.266701 0.054018 -0.962249
vn -0.064028 -0.002411 -0.997925
vn 0.204627 0.008820 -0.978790
vn 0.144566 -0.019868 -0.989288
vn -0.284860 -0.027223 -0.958159
vn -0.946959 0.063021 0.315073
vn -0.916929 0.126652 0.378338
vn -0.934904 0.152776 0.320292
vn -0.878445 0.196631 0.435499
vn -0.902799 0.213538 0.373211
vn -0.863826 0.275674 0.421613
vn -0.891507 0.090670 0.443800
vn -0.926542 0.015534 0.375805
vn -0.958800 0.097873 0.266579
vn 0.887845 0.422101 0.183172
vn 0.875942 0.420392 0.236549
vn 0.881405 0.411206 0.232368
vn 0.869167 0.412244 0.273080
vn 0.868160 0.408856 0.281228
vn 0.858730 0.400769 0.319224
vn 0.872097 0.430586 0.232337
vn 0.878658 0.437605 0.190832
vn 0.898953 0.404920 0.166906
vn 0.156438 -0.785882 0.598224
vn 0.088565 -0.658711 0.747124
vn 0.088076 -0.811853 0.577136
vn 0.317972 -0.896847 0.307443
vn 0.327403 -0.904355 0.273659
vn 0.248024 -0.941557 0.227882
vn 0.270425 -0.940794 0.204260
vn 0.177679 -0.972716 0.149144
vn 0.347789 -0.903409 0.250679
vn -0.642750 0.113102 -0.757653
vn -0.645985 -0.039155 -0.762322
vn -0.574664 0.138035 -0.806635
vn -0.579516 -0.006012 -0.814905
vn -0.507675 0.016236 -0.861354
vn -0.636097 0.221076 -0.739219
vn 0.112583 0.182745 -0.976684
vn 0.227851 0.408643 -0.883755
vn 0.181097 0.255196 -0.949767
vn 0.280313 0.444655 -0.850673
vn 0.343242 0.466750 -0.815027
vn -0.032563 -0.050874 -0.998169
vn 0.000336 -0.971587 -0.236549
vn 0.022919 -0.936735 -0.349223
vn -0.028932 -0.975372 -0.218543
vn -0.016144 -0.942686 -0.333201
vn -0.051912 -0.947752 -0.314676
vn -0.004486 -0.990448 -0.137638
vn -0.004669 0.997620 0.068758
vn -0.010224 0.985931 0.166784
vn -0.011994 0.998749 0.048158
vn -0.016663 0.990204 0.138493
vn -0.034089 0.999146 0.022736
vn -0.011994 0.961425 0.274758
vn 0.711051 -0.701865 0.041932
vn 0.650197 -0.756371 0.071322
vn 0.664846 -0.746849 0.011231
vn 0.629597 -0.774651 0.059114
vn 0.691305 -0.715720 0.099033
vn 0.723960 -0.689444 -0.023103
vn -0.170660 0.331736 -0.927793
vn -0.243080 0.313974 -0.917753
vn -0.184515 0.282205 -0.941404
vn -0.256142 0.257332 -0.931730
vn -0.185461 0.218207 -0.958098
vn -0.321177 0.293771 -0.900266
vn 0.095187 -0.289773 -0.952330
vn 0.179449 -0.325266 -0.928404
vn 0.070101 -0.131108 -0.988861
vn 0.151585 -0.173376 -0.973113
vn 0.123295 -0.028321 -0.991943
vn 0.012757 -0.238624 -0.971007
vn -0.814600 -0.554704 -0.169378
vn -0.916105 0.395703 -0.064272
vn -0.919065 0.392499 -0.034852
vn -0.921812 0.379833 -0.076968
vn -0.792016 -0.531449 -0.300424
vn -0.826167 -0.560442 -0.057711
vn -0.453261 0.416974 0.787805
vn -0.384136 0.420850 0.821741
vn -0.447188 0.388684 0.805536
vn -0.375500 0.391217 0.840175
vn -0.441237 0.356334 0.823573
vn -0.296823 0.427290 0.853969
vn 0.636677 -0.757683 -0.143284
vn 0.607105 -0.773156 -0.183416
vn 0.607593 -0.779046 -0.154454
vn -0.958556 -0.276498 -0.068300
vn -0.914823 -0.403027 -0.025575
vn -0.915128 -0.355724 -0.189581
vn 0.501053 -0.809809 0.305124
vn 0.407575 -0.786248 0.464370
vn 0.492203 -0.856288 0.156438
vn 0.432386 -0.834895 0.340526
vn 0.369243 -0.805658 0.463179
vn 0.444655 -0.867794 0.221717
vn 0.406232 -0.844508 0.348888
vn 0.455153 -0.867367 0.201117
vn 0.563341 -0.820978 0.092654
vn 0.330363 -0.743767 0.581011
vn 0.480575 -0.323313 0.815149
vn 0.440474 -0.478896 0.759331
vn 0.461440 -0.166204 0.871426
vn 0.415784 -0.338908 0.843928
vn 0.392010 -0.159948 0.905942
vn 0.514328 -0.168920 0.840754
vn 0.071352 0.991302 0.110508
vn 0.042421 0.990661 0.129521
vn 0.054231 0.990326 0.127659
vn 0.026337 0.990020 0.138340
vn 0.064394 0.989959 0.125797
vn 0.089084 0.989319 0.115329
vn 0.075930 0.406446 -0.910489
vn 0.046510 0.390698 -0.919309
vn 0.120914 0.386181 -0.914426
vn 0.892239 0.104434 0.439253
vn 0.859798 0.098880 0.500900
vn 0.903958 0.178777 0.388379
vn 0.878628 0.179266 0.442549
vn 0.893124 0.231849 0.385418
vn 0.916288 0.111820 0.384503
vn -0.307840 0.765709 -0.564684
vn -0.420881 0.560137 -0.713462
vn -0.226997 0.809961 -0.540727
vn -0.338725 0.600360 -0.724418
vn -0.264657 0.627338 -0.732353
vn -0.168859 0.930265 -0.325694
vn -0.950072 0.228889 -0.211951
vn -0.961028 0.131016 -0.243385
vn -0.938505 0.222602 -0.263863
vn -0.076174 0.984130 0.160161
vn -0.117222 0.952147 0.282205
vn -0.078890 0.964019 0.253822
vn -0.152257 0.860500 0.486129
vn -0.082430 0.906308 0.414472
vn -0.146092 0.709708 0.689138
vn -0.096225 0.981201 0.167150
vn -0.049409 0.985900 0.159734
vn -0.035554 0.973571 0.225532
vn 0.029481 0.944243 -0.327830
vn 0.011719 0.949187 -0.314402
vn 0.040895 0.825526 -0.562853
vn -0.923948 0.359203 0.131443
vn -0.931089 0.351085 0.098727
vn -0.916166 0.381115 0.123936
vn -0.919340 0.380169 0.101230
vn -0.918149 0.388897 0.075655
vn -0.916715 0.365673 0.160772
vn -0.241523 0.142827 0.959807
vn -0.196936 0.224891 0.954253
vn -0.167577 0.138920 0.976012
vn 0.409986 0.803217 -0.432112
vn 0.356822 0.829310 -0.429975
vn 0.237465 0.935636 -0.261086
vn 0.215888 0.940825 -0.261116
vn 0.140904 0.977355 -0.157842
vn 0.130558 0.977325 -0.166631
vn 0.502182 0.639821 -0.581683
vn 0.286966 0.916410 -0.278970
vn 0.161321 0.973785 -0.160283
vn -0.993164 0.116398 0.008271
vn -0.995727 0.090487 0.017335
vn -0.991546 0.127506 0.022919
vn -0.461470 0.883450 0.080721
vn -0.995239 0.090945 0.034577
vn -0.468032 0.855892 0.219886
vn -0.439650 0.897977 -0.017151
vn -0.996399 0.084078 0.008057
vn -0.984527 0.174505 0.015809
vn -0.017457 -0.413556 0.910276
vn -0.085818 -0.432173 0.897671
vn -0.060640 -0.286508 0.956145
vn -0.601276 -0.626087 -0.496414
vn -0.541368 -0.639607 -0.545701
vn -0.616291 -0.535295 -0.577563
vn 0.520859 -0.518571 -0.678030
vn 0.591418 -0.363628 -0.719687
vn 0.529740 -0.406384 -0.744438
vn -0.073519 0.962767 0.260079
vn -0.170873 0.956664 0.235755
vn -0.203864 0.914396 0.349712
vn 0.053682 0.989746 -0.132145
vn 0.048738 0.987182 -0.151921
vn 0.075655 0.989349 -0.124241
vn 0.065615 0.987304 -0.144597
vn 0.069308 0.980255 -0.185095
vn 0.087954 0.978759 -0.185125
vn 0.088687 0.985717 -0.143040
vn 0.072939 0.990112 -0.119602
vn 0.058473 0.978729 -0.196631
vn 0.018738 -0.998444 0.052004
vn 0.032014 -0.995788 0.085757
vn 0.006531 -0.997101 0.075777
vn 0.020936 -0.992981 0.116337
vn -0.006806 -0.992279 0.123814
vn 0.008911 -0.984985 0.172338
vn 0.047334 -0.996399 0.070070
vn -0.003754 -0.998993 0.044252
vn -0.020508 -0.996399 0.082003
vn 0.658193 -0.052980 -0.750938
vn 0.796106 -0.155583 -0.584765
vn 0.638722 -0.033296 -0.768700
vn 0.770440 -0.111545 -0.627674
vn 0.749596 -0.101962 -0.653951
vn 0.465316 0.056001 -0.883328
vn 0.623707 -0.036683 -0.780755
vn 0.440474 0.055605 -0.896023
vn 0.453261 0.063631 -0.889096
vn -0.455031 0.812433 -0.364513
vn -0.331767 0.829463 -0.449293
vn -0.355266 0.890927 -0.282785
vn -0.260384 0.792627 -0.551286
vn -0.287362 0.881222 -0.375317
vn -0.289804 0.933897 -0.209265
vn -0.287637 0.907285 -0.306711
vn -0.282266 0.825343 -0.488937
vn -0.278054 0.729057 -0.625416
vn -0.404523 0.740806 -0.536210
vn -0.477065 0.853877 -0.207953
vn -0.364757 0.921598 -0.132603
vn -0.222510 0.727409 -0.649098
vn -0.140568 0.581072 -0.801599
vn -0.193548 0.669576 -0.717063
vn 0.163457 0.911618 0.377087
vn 0.191900 0.925962 0.325114
vn 0.259102 0.765069 0.589465
vn 0.312082 0.774468 0.550218
vn 0.377758 0.600299 0.704886
vn 0.135136 0.894436 0.426252
vn -0.260598 0.179174 -0.948668
vn -0.337107 0.224769 -0.914212
vn -0.345225 0.124454 -0.930204
vn -0.423811 0.187475 -0.886105
vn -0.431440 0.056948 -0.900327
vn -0.407483 0.271706 -0.871822
vn -0.349956 -0.166906 0.921751
vn -0.313791 -0.357433 0.879604
vn -0.388684 -0.275979 0.879055
vn -0.350902 -0.465529 0.812464
vn -0.430280 -0.392407 0.812922
vn -0.267098 -0.536729 0.800317
vn -0.285379 0.956084 -0.066225
vn -0.246742 0.968963 -0.012696
vn -0.260231 0.954314 -0.146672
vn 0.497543 0.103610 0.861202
vn 0.509293 -0.026368 0.860164
vn 0.444899 -0.002991 0.895535
vn -0.724754 -0.646748 0.237556
vn -0.761254 -0.622944 0.179998
vn -0.704917 -0.684988 0.183996
vn -0.735038 -0.666738 0.123081
vn -0.777459 -0.584124 0.233070
vn -0.675344 -0.699240 0.234413
vn -0.134648 0.990722 0.018036
vn -0.132054 0.991211 0.005280
vn -0.145451 0.988708 0.035920
vn -0.170080 0.985260 0.016755
vn -0.215247 0.975433 0.046510
vn -0.276131 0.960814 0.024049
vn -0.145604 0.989013 -0.025239
vn -0.134495 0.989593 0.051057
vn -0.181066 0.981292 0.065157
vn -0.622578 -0.362682 -0.693411
vn -0.699301 -0.183081 -0.690939
vn -0.636921 -0.213691 -0.740684
vn -0.767541 -0.233497 0.596942
vn -0.745720 -0.394787 0.536637
vn -0.809748 -0.239051 0.535813
vn -0.789514 -0.389386 0.474349
vn -0.853511 -0.225135 0.469893
vn -0.710593 -0.524766 0.468642
vn 0.792932 -0.485458 -0.368114
vn 0.876003 -0.306772 -0.372082
vn 0.809534 -0.500107 -0.307413
vn -0.316568 -0.610431 0.726035
vn -0.363201 -0.662465 0.655141
vn -0.392895 -0.555986 0.732444
vn 0.142674 -0.341350 0.929014
vn 0.185125 -0.307321 0.933409
vn 0.284646 -0.490188 0.823817
vn 0.379833 -0.460372 0.802332
vn 0.035493 -0.131504 0.990661
vn 0.241218 -0.525925 0.815577
vn 0.597797 0.156743 -0.786157
vn 0.558031 0.244789 -0.792871
vn 0.526231 0.179418 -0.831172
vn 0.104099 0.990295 0.091769
vn 0.090945 0.991150 0.096561
vn 0.118534 0.990173 0.073763
vn 0.109653 0.990295 0.085360
vn 0.132603 0.989563 0.055910
vn 0.090457 0.987884 0.125858
vn 0.555895 0.828272 0.070070
vn 0.761193 0.646809 0.046632
vn 0.777398 0.619129 0.110721
vn 0.864925 0.493820 0.089419
vn 0.864437 0.480148 0.148869
vn 0.868191 0.495560 0.024598
vn -0.648244 0.669912 -0.361858
vn -0.500961 0.826441 -0.256874
vn -0.769311 0.512223 -0.381756
vn -0.707389 0.637806 -0.304575
vn -0.811701 0.489395 -0.318735
vn -0.720206 0.532975 -0.444044
vn 0.107822 0.989746 -0.093478
vn 0.110691 0.990692 -0.078951
vn 0.126591 0.988281 -0.085055
vn 0.128910 0.989441 -0.065889
vn 0.095065 0.990631 -0.097842
vn 0.132756 0.984802 -0.111881
vn 0.124058 0.944975 -0.302652
vn 0.106815 0.945158 -0.308542
vn 0.199835 0.824030 -0.530076
vn 0.134465 0.990020 0.041993
vn 0.137272 0.986206 0.092166
vn 0.125401 0.989837 0.066622
vn 0.116489 0.986206 0.117557
vn 0.152135 0.986511 0.060213
vn 0.140690 0.989380 0.036134
vn -0.042787 0.992950 0.110385
vn -0.019196 0.972259 0.233039
vn -0.049135 0.974975 0.216803
vn -0.022462 0.926847 0.374737
vn -0.056063 0.921110 0.385144
vn -0.010193 0.915983 0.401013
vn -0.794061 0.414991 -0.444044
vn -0.774071 0.446638 -0.448622
vn -0.812738 0.439436 -0.382488
vn 0.689322 0.402112 -0.602588
vn 0.658742 0.376354 -0.651448
vn 0.708731 0.374065 -0.598102
vn -0.849605 -0.508469 -0.139988
vn -0.858699 -0.505325 -0.085147
vn -0.896084 -0.423261 -0.133549
vn -0.870357 -0.477218 -0.121311
vn -0.925626 -0.350871 -0.141575
vn -0.829218 -0.277444 -0.485153
vn -0.798547 -0.595569 -0.087161
vn -0.907498 -0.369091 -0.200415
vn -0.941527 -0.286813 -0.176702
vn -0.045869 0.988800 -0.142003
vn -0.019623 0.990020 -0.139500
vn -0.009430 0.988891 -0.148289
vn -0.981597 -0.150060 -0.117985
vn -0.970244 -0.210456 -0.119480
vn -0.969237 -0.229896 -0.087649
vn -0.197180 -0.968291 0.153264
vn -0.218574 -0.950957 0.218757
vn -0.140690 -0.980529 0.136876
vn -0.164159 -0.965209 0.203436
vn -0.086459 -0.989654 0.114200
vn -0.249580 -0.920865 0.299478
vn -0.055422 0.830592 0.554064
vn -0.018372 0.949278 0.313822
vn -0.007294 0.787652 0.616047
vn 0.007385 0.921018 0.389386
vn 0.041017 0.897549 0.438948
vn -0.089053 0.639485 0.763604
vn 0.097293 0.777032 0.621876
vn 0.034242 0.770257 0.636769
vn -0.000061 0.726524 0.687124
vn -0.039979 0.660024 0.750145
vn 0.095828 0.870174 0.483291
vn 0.085879 0.756981 0.647755
vn 0.008057 -0.333598 -0.942656
vn 0.008087 -0.104740 -0.994446
vn 0.001465 -0.105533 -0.994385
vn -0.017701 0.174932 -0.984405
vn -0.009339 0.144322 -0.989471
vn -0.047731 0.444563 -0.894436
vn 0.018006 -0.119327 -0.992676
vn 0.021699 -0.353526 -0.935148
vn 0.000214 -0.317698 -0.948180
vn -0.769189 -0.598407 -0.224128
vn -0.844508 -0.494186 -0.206275
vn -0.782922 -0.602588 -0.154515
vn -0.744621 -0.570482 0.346446
vn -0.735649 -0.611866 0.290445
vn -0.689261 -0.637867 0.343547
vn -0.684866 -0.669790 0.286843
vn -0.790368 -0.541734 0.285989
vn -0.692434 -0.596942 0.405133
vn 0.049593 0.008667 -0.998718
vn -0.022614 0.049013 -0.998535
vn -0.007385 -0.080264 -0.996734
vn -0.742912 -0.579791 -0.334452
vn -0.768364 -0.583575 -0.262673
vn -0.836604 -0.373730 -0.400464
vn -0.864772 -0.383221 -0.324442
vn -0.895932 -0.242866 -0.371838
vn -0.726341 -0.562120 -0.395459
vn -0.871822 -0.202460 -0.445998
vn -0.836909 -0.180242 -0.516739
vn -0.811945 -0.351482 -0.465987
vn -0.479507 -0.873959 -0.078890
vn -0.455123 -0.855556 -0.246620
vn -0.447371 -0.881832 -0.148961
vn 0.319315 -0.946471 -0.046632
vn 0.256233 -0.964782 0.059206
vn 0.465285 -0.882717 0.065523
vn 0.388379 -0.905637 0.170110
vn 0.168371 -0.984741 -0.043855
vn 0.573229 -0.818018 -0.047182
vn -0.166967 0.832759 -0.527848
vn -0.077303 0.952513 -0.294412
vn -0.113437 0.946532 -0.301950
vn 0.320414 -0.940489 -0.112949
vn 0.415876 -0.903989 -0.099002
vn 0.424635 -0.894803 -0.137669
vn -0.803156 0.251259 0.540147
vn -0.848964 0.177496 0.497696
vn -0.834834 0.262551 0.483779
vn -0.491195 0.252174 -0.833705
vn -0.565508 0.237068 -0.789911
vn -0.504135 0.157476 -0.849117
vn 0.404004 -0.767113 0.498276
vn 0.441389 -0.766869 0.465865
vn 0.383496 -0.771874 0.507065
vn -0.021332 -0.992431 -0.120853
vn -0.053377 -0.977844 -0.202277
vn -0.036317 -0.993255 -0.109989
vn -0.079989 -0.976745 -0.198798
vn -0.058260 -0.992492 -0.107273
vn -0.088961 -0.948271 -0.304697
vn 0.486312 0.751183 -0.446333
vn 0.563829 0.596179 -0.571490
vn 0.622669 0.547960 -0.558519
vn 0.313639 0.634816 0.706107
vn 0.249214 0.697073 0.672231
vn 0.201209 0.770775 0.604450
vn -0.041169 -0.999084 -0.008698
vn -0.067965 -0.997681 -0.000671
vn -0.038728 -0.999176 0.010132
vn 0.759972 -0.548479 -0.348704
vn 0.781945 -0.558214 -0.277352
vn 0.827937 -0.434889 -0.354045
vn -0.197546 -0.935270 0.293588
vn -0.147771 -0.943754 0.295724
vn -0.118137 -0.973357 0.196417
vn -0.084262 -0.973235 0.213691
vn -0.057466 -0.991394 0.117557
vn -0.103519 -0.945006 0.310129
vn -0.796625 0.365246 -0.481613
vn -0.830470 0.328196 -0.450056
vn -0.785699 0.330271 -0.522996
vn 0.901883 0.415815 0.116794
vn 0.887600 0.440107 0.135716
vn 0.912809 0.405683 0.046266
vn 0.896634 0.437147 0.070070
vn 0.903165 0.429243 0.001373
vn 0.914609 0.393445 0.092898
vn 0.027223 -0.999359 0.022065
vn 0.010956 -0.999512 0.028779
vn 0.034547 -0.998535 0.041627
vn -0.132969 0.990173 0.042726
vn -0.155156 0.987823 0.009217
vn -0.119724 0.990265 0.070956
vn -0.144108 0.988372 0.047884
vn -0.126530 0.988769 0.079409
vn -0.126499 0.989532 0.069399
vn -0.102268 0.989349 0.103305
vn -0.114689 0.989685 0.085513
vn -0.093478 0.990112 0.104526
vn -0.106815 0.990295 0.088626
vn -0.107974 0.989013 0.100742
vn -0.094546 0.987610 0.125065
vn 0.138646 0.248177 -0.958708
vn 0.162725 0.208625 -0.964354
vn 0.184057 0.266671 -0.946013
vn 0.312387 -0.781884 -0.539476
vn 0.276650 -0.749382 -0.601550
vn 0.344432 -0.748466 -0.566668
vn -0.364208 0.362133 0.857997
vn -0.288491 0.394452 0.872433
vn -0.275674 0.366619 0.888546
vn 0.687338 -0.725547 -0.033540
vn 0.710044 -0.702445 0.048891
vn 0.690146 -0.713523 -0.120609
vn -0.131077 -0.940397 -0.313730
vn -0.181371 -0.923185 -0.338847
vn -0.115207 -0.970702 -0.210791
vn 0.100406 0.986847 -0.126652
vn 0.113956 0.986602 -0.116550
vn 0.091464 0.989959 -0.107578
vn -0.969115 -0.084323 0.231635
vn -0.967467 0.009613 0.252693
vn -0.951537 -0.155156 0.265419
vn -0.954161 -0.041292 0.296365
vn -0.930021 -0.112613 0.349742
vn -0.954527 -0.202612 0.218513
vn -0.874203 -0.354289 0.331919
vn -0.922269 -0.241157 0.302042
vn -0.902371 -0.351268 0.249580
vn -0.934843 -0.271065 0.229255
vn -0.892514 -0.221625 0.392743
vn -0.851527 -0.448134 0.272134
vn -0.381603 0.920286 0.086032
vn -0.321055 0.940977 0.106845
vn -0.637745 0.754204 0.156163
vn -0.561510 0.805017 0.191351
vn -0.769585 0.586718 0.251961
vn -0.502548 0.862087 0.064882
vn -0.637287 -0.770531 -0.010987
vn -0.643086 -0.765343 0.025605
vn -0.642354 -0.765404 -0.038881
vn 0.782037 0.410016 0.469283
vn 0.805231 0.408734 0.429548
vn 0.763756 0.432020 0.479568
vn 0.828333 0.417463 0.373516
vn 0.782922 0.445326 0.434370
vn 0.800104 0.472304 0.369732
vn 0.838893 0.397565 0.371654
vn 0.814875 0.398907 0.420484
vn 0.747978 0.426862 0.508194
vn 0.840266 0.445906 0.308329
vn 0.862880 0.432936 0.260720
vn 0.857387 0.407788 0.313944
vn 0.760918 0.647755 0.037355
vn 0.725669 0.687399 -0.029145
vn 0.733390 0.669393 0.118381
vn 0.699911 0.712241 0.053194
vn 0.657796 0.753166 -0.000092
vn 0.632496 0.769799 0.085665
vn 0.672079 0.726157 0.144749
vn 0.785913 0.609638 0.103244
vn 0.680807 0.726920 -0.089572
vn 0.700522 0.675619 0.229713
vn 0.717277 0.609516 0.337626
vn 0.760643 0.616504 0.203192
vn 0.782678 0.538041 0.312876
vn 0.814173 0.549486 0.187567
vn 0.729392 0.516037 0.449080
vn 0.223029 -0.583270 -0.781030
vn 0.314371 -0.455092 -0.833064
vn 0.265084 -0.202399 -0.942717
vn 0.958525 0.073092 0.275430
vn 0.954375 -0.023103 0.297617
vn 0.965178 0.018769 0.260872
vn 0.941465 -0.149998 0.301798
vn 0.957762 -0.089236 0.273324
vn 0.935636 -0.240944 0.257820
vn 0.938963 -0.061678 0.338389
vn 0.945738 0.049226 0.321146
vn 0.967467 0.094485 0.234657
vn 0.909879 -0.301065 0.285379
vn 0.871578 -0.359050 0.333750
vn 0.918027 -0.201117 0.341655
vn 0.965239 -0.015076 -0.260842
vn 0.963134 0.078494 -0.257271
vn 0.953215 -0.014496 -0.301920
vn 0.950072 0.092502 -0.297952
vn 0.929899 0.019623 -0.367260
vn 0.959716 0.133946 -0.246956
vn -0.681173 -0.716697 -0.149205
vn -0.717917 -0.681692 -0.140812
vn -0.662801 -0.696493 -0.274819
vn 0.798669 0.382977 0.464095
vn 0.808618 0.350627 0.472396
vn 0.827509 0.373760 0.418897
vn 0.839320 0.337779 0.425916
vn 0.771935 0.367931 0.518357
vn 0.820856 0.392895 0.414441
vn -0.399213 0.769341 0.498703
vn -0.510880 0.553575 0.657643
vn -0.543992 0.592273 0.594317
vn 0.314127 -0.928678 0.197028
vn 0.299264 -0.942137 0.150945
vn 0.229804 -0.961943 0.147649
vn 0.927458 0.134281 -0.348888
vn 0.945280 0.161443 -0.283456
vn 0.901914 0.192999 -0.386364
vn 0.922941 0.206824 -0.324595
vn 0.898251 0.256905 -0.356487
vn 0.906430 0.093509 -0.411817
vn 0.876278 0.256722 -0.407697
vn 0.852504 0.257332 -0.454939
vn 0.880398 0.181707 -0.438032
vn 0.801263 0.442976 0.402112
vn 0.863094 0.377178 0.335765
vn 0.843928 0.468459 0.261330
vn 0.925382 0.376934 -0.039338
vn 0.923185 0.383587 0.023072
vn 0.917936 0.396069 -0.021332
vn -0.436537 0.857295 -0.272805
vn -0.273659 0.932615 -0.235206
vn -0.345500 0.845302 -0.407483
vn -0.021393 -0.978423 0.205481
vn -0.039125 -0.987091 0.155187
vn -0.032655 -0.951933 0.304453
vn -0.057314 -0.965667 0.253334
vn -0.068697 -0.938108 0.339366
vn 0.000183 -0.964690 0.263344
vn -0.037812 -0.918241 0.394177
vn 0.000641 -0.871426 0.490463
vn -0.002045 -0.928007 0.372478
vn 0.781793 0.562731 -0.268471
vn 0.837428 0.486862 -0.248299
vn 0.784387 0.508408 -0.355266
vn -0.031129 0.144353 -0.989013
vn -0.090182 0.422010 -0.902066
vn -0.053865 0.121067 -0.991150
vn -0.148412 0.366619 -0.918424
vn -0.237495 0.352184 -0.905271
vn 0.032624 -0.154241 -0.987487
vn -0.039521 0.037812 -0.998474
vn 0.093997 -0.281961 -0.954802
vn 0.052461 -0.207038 -0.976897
vn 0.757134 0.412336 0.506638
vn 0.791223 0.400220 0.462325
vn 0.764367 0.395642 0.509079
vn -0.890957 0.391980 0.229133
vn -0.887539 0.370708 0.273507
vn -0.901395 0.386334 0.195379
vn -0.899777 0.369732 0.231635
vn -0.908628 0.369274 0.194891
vn -0.895657 0.400250 0.193762
vn -0.910916 0.381726 0.156438
vn -0.920377 0.380657 0.089236
vn -0.915464 0.380993 0.129246
vn 0.010804 -0.947691 0.318918
vn 0.005829 -0.944578 0.328135
vn 0.009003 -0.978942 0.203894
vn 0.000732 -0.975890 0.218116
vn -0.002625 -0.993316 0.115238
vn 0.023988 -0.951476 0.306711
vn 0.010376 -0.999878 0.011536
vn 0.008881 -0.994629 0.103030
vn 0.031098 -0.995666 0.087619
vn 0.027711 -0.981628 0.188726
vn -0.002228 -0.999695 0.024598
vn 0.033631 -0.999390 -0.008209
vn -0.480056 -0.709891 0.515336
vn -0.364238 -0.709708 0.602985
vn -0.434858 -0.712882 0.550127
vn -0.881069 0.426618 0.204169
vn -0.865383 0.469893 0.174017
vn -0.888180 0.422529 0.180486
vn -0.877163 0.460524 0.135807
vn -0.494186 0.678243 0.543809
vn -0.498367 0.767357 0.403394
vn -0.896420 0.429212 0.110294
vn -0.857845 0.450758 0.246742
vn -0.493240 0.531449 0.688650
vn -0.876125 0.456435 0.154912
vn -0.754021 0.644978 0.124180
vn -0.824427 0.529618 0.199438
vn 0.058382 -0.966338 -0.250435
vn 0.105075 -0.965667 -0.237556
vn 0.095126 -0.929655 -0.355876
vn 0.178747 -0.954772 -0.237526
vn 0.150609 -0.920896 -0.359447
vn 0.246712 -0.891751 -0.379254
vn 0.126560 -0.981933 -0.140477
vn 0.066744 -0.986267 -0.151006
vn 0.057375 -0.933287 -0.354472
vn -0.019807 0.888852 -0.457717
vn -0.040803 0.936857 -0.347240
vn -0.041597 0.860317 -0.508042
vn 0.820368 -0.163335 0.547960
vn 0.863399 -0.253853 0.435926
vn 0.770012 -0.195624 0.607257
vn 0.573382 0.386547 0.722343
vn 0.639332 0.362896 0.677847
vn 0.582080 0.348827 0.734458
vn -0.808863 -0.476272 0.344737
vn -0.833979 -0.370373 0.408979
vn -0.761986 -0.502335 0.408612
vn 0.466231 0.882382 0.063265
vn 0.427137 0.886166 0.179449
vn 0.518662 0.852870 0.059969
vn 0.481643 0.862911 0.152776
vn 0.556841 0.821436 0.122990
vn 0.502762 0.864162 -0.020356
vn 0.586413 0.809168 0.036592
vn 0.610675 0.789788 -0.057131
vn 0.548875 0.835261 -0.032014
vn 0.569109 0.807917 -0.152745
vn 0.524430 0.840052 -0.138676
vn 0.632069 0.756432 -0.168065
vn -0.381420 0.023530 -0.924070
vn -0.134007 0.025422 -0.990631
vn -0.427992 0.127750 -0.894681
vn 0.032624 -0.743950 -0.667409
vn 0.032838 -0.853023 -0.520768
vn 0.014039 -0.721641 -0.692099
vn 0.014039 -0.848048 -0.529710
vn 0.016968 -0.915494 -0.401959
vn 0.012299 -0.916471 -0.399853
vn 0.010804 -0.829279 -0.558672
vn 0.029420 -0.573412 -0.818720
vn 0.034181 -0.910886 -0.411176
vn 0.005982 -0.687704 -0.725913
vn 0.002258 -0.504532 -0.863369
vn 0.012024 -0.539171 -0.842097
vn 0.529496 0.798914 -0.285195
vn 0.584613 0.759239 -0.285897
vn 0.531846 0.732566 -0.424787
vn 0.011902 -0.996338 -0.084567
vn 0.000092 -0.997589 -0.069094
vn 0.013733 -0.982727 -0.184423
vn 0.003845 -0.985900 -0.167180
vn 0.009827 -0.961272 -0.275369
vn 0.032868 -0.993622 -0.107608
vn 0.015137 -0.955687 -0.293954
vn 0.032594 -0.946501 -0.320963
vn 0.031556 -0.977050 -0.210639
vn 0.141728 0.989868 -0.007416
vn 0.141972 0.989776 0.012146
vn 0.138188 0.990356 -0.006470
vn 0.138035 0.990295 0.014161
vn 0.151952 0.988159 0.019684
vn 0.139592 0.989898 -0.023682
vn 0.151646 0.988403 -0.003540
vn 0.150212 0.988372 -0.022309
vn 0.137730 0.990204 -0.021790
vn -0.081881 0.988891 0.124027
vn -0.084719 0.990051 0.112278
vn -0.064364 0.989593 0.128605
vn 0.418714 -0.894650 -0.155736
vn 0.230567 -0.962249 -0.144536
vn 0.315897 -0.914212 -0.253700
vn -0.115513 0.343883 0.931852
vn -0.120273 0.575335 0.809015
vn -0.053713 0.256203 0.965117
vn -0.054231 0.467910 0.882077
vn -0.013550 0.124912 0.992065
vn -0.088961 0.736442 0.670583
vn -0.132389 0.985748 -0.103732
vn -0.117069 0.985992 -0.118534
vn -0.105350 0.990112 -0.092410
vn -0.657247 0.662954 -0.358409
vn -0.585955 0.759453 -0.282510
vn -0.585650 0.602527 -0.542161
vn -0.544847 0.706687 -0.451308
vn -0.456710 0.627125 -0.630909
vn -0.681814 0.586016 -0.437819
vn -0.444014 0.518967 -0.730399
vn -0.359874 0.433241 -0.826289
vn -0.562609 0.523087 -0.640187
vn 0.502945 -0.862392 -0.057405
vn 0.473281 -0.880642 0.020203
vn 0.460646 -0.873470 -0.157628
vn 0.460097 -0.884396 -0.077975
vn 0.441603 -0.870937 -0.215400
vn 0.463485 -0.883480 0.067995
vn 0.426252 -0.698386 0.574908
vn 0.426466 -0.587817 0.687429
vn 0.544389 -0.635823 0.547075
vn -0.023347 0.808283 0.588305
vn -0.009766 0.814447 0.580096
vn -0.017335 0.600269 0.799585
vn -0.007752 0.619587 0.784845
vn -0.001587 0.341380 0.939909
vn -0.050874 0.791009 0.609638
vn -0.006775 0.298624 0.954314
vn -0.011841 0.239204 0.970885
vn -0.034211 0.566332 0.823420
vn 0.132694 0.149266 -0.979827
vn 0.048738 0.060976 -0.996918
vn 0.322825 0.342204 -0.882412
vn 0.254891 0.311197 -0.915494
vn 0.407147 0.475936 -0.779504
vn 0.206793 0.198065 -0.958098
vn 0.465773 0.468032 -0.750969
vn 0.524491 0.445265 -0.725669
vn 0.385907 0.346751 -0.854854
vn 0.560564 0.823847 0.083865
vn 0.830103 0.490493 0.265145
vn 0.412214 0.898068 0.153294
vn -0.856105 0.516160 -0.024995
vn -0.918088 0.394513 -0.037965
vn -0.862331 0.503952 -0.048799
vn -0.913327 0.402844 -0.059481
vn -0.916715 0.392865 -0.072390
vn -0.702536 0.711600 -0.003876
vn -0.882717 0.462020 -0.085421
vn -0.814661 0.562853 -0.139561
vn -0.749413 0.658956 -0.064211
vn 0.923948 0.180242 0.337352
vn 0.915372 0.227180 0.332316
vn 0.939207 0.182318 0.290872
vn 0.932524 0.222877 0.284005
vn 0.925016 0.260811 0.276193
vn 0.938292 0.252174 0.236579
vn 0.942747 0.221870 0.248939
vn 0.934233 0.120731 0.335582
vn 0.904904 0.271279 0.327891
vn 0.949736 0.180486 0.255654
vn 0.959410 0.134678 0.247719
vn 0.948546 0.129856 0.288705
vn -0.794031 -0.050325 0.605731
vn -0.733696 0.355174 0.579211
vn -0.924375 -0.080020 0.372936
vn -0.870540 0.342326 0.353465
vn -0.950926 0.268654 0.153325
vn -0.757317 -0.365581 0.541093
vn -0.968444 -0.186438 0.165349
vn -0.871822 -0.469893 0.138066
vn -0.844539 -0.419813 0.332377
vn 0.929716 0.288888 0.228309
vn 0.912503 0.303995 0.273629
vn 0.931700 0.312845 0.184484
vn 0.916776 0.331584 0.222510
vn 0.920927 0.352123 0.166967
vn 0.939482 0.278054 0.200079
vn 0.934202 0.329264 0.137120
vn 0.941893 0.312906 0.122013
vn 0.940214 0.299264 0.162542
vn 0.648152 -0.750816 0.126988
vn 0.372967 -0.908994 0.185919
vn 0.331126 -0.868954 0.367748
vn 0.401532 -0.898495 0.177374
vn 0.379803 -0.857906 0.345927
vn 0.441511 -0.837764 0.321177
vn 0.351817 -0.935942 0.012970
vn 0.669301 -0.742943 -0.004273
vn 0.590014 -0.748436 0.302774
vn 0.459761 -0.873653 0.159185
vn 0.466231 -0.884610 0.008209
vn 0.394299 -0.918607 0.025208
vn 0.777764 -0.627613 0.033906
vn 0.764153 -0.638661 0.090243
vn 0.827876 -0.558428 0.052187
vn 0.823786 -0.559038 0.093814
vn 0.848415 -0.504685 0.159398
vn 0.783898 -0.620167 -0.028901
vn 0.847438 -0.526444 0.068209
vn 0.882138 -0.470748 -0.013031
vn 0.839564 -0.543077 -0.012848
vn -0.989196 0.129856 -0.067721
vn -0.973998 0.210700 -0.083071
vn -0.989532 0.131108 -0.059847
vn -0.977874 0.204474 -0.043764
vn -0.980010 0.198767 -0.002167
vn -0.954894 0.091189 -0.282510
vn -0.990936 0.133457 -0.015076
vn -0.994598 0.101108 -0.022309
vn -0.984924 0.118809 -0.125645
g teapot_teapot
usemtl (null)
s 1
f 1//1 2//2 3//3
f 4//4 5//5 2//2
f 6//6 3//3 5//5
f 2//2 5//5 3//3
f 7//7 8//8 9//9
f 6//6 5//5 8//8
f 4//4 9//9 5//5
f 8//8 5//5 9//9
f 10//10 11//11 12//12
f 4//4 2//2 11//11
f 1//1 12//12 2//2
f 11//11 2//2 12//12
f 13//13 14//14 15//15
f 1//1 3//3 14//14
f 6//6 15//15 3//3
f 14//14 3//3 15//15
f 1//1 16//16 17//17
f 18//18 19//19 16//16
f 20//20 17//17 19//19
f 16//16 19//19 17//17
f 21//21 22//22 23//23
f 20//20 19//19 22//22
f 18//18 23//23 19//19
f 22//22 19//19 23//23
f 13//13 24//24 14//14
f 18//18 16//16 24//24
f 1//1 14//14 16//16
f 24//24 16//16 14//14
f 10//10 12//12 25//25
f 1//1 17//17 12//12
f 20//20 25//25 17//17
f 12//12 17//17 25//25
f 26//26 27//27 28//28
f 29//29 30//30 27//27
f 31//31 28//28 30//30
f 27//27 30//30 28//28
f 32//32 33//33 34//34
f 31//31 30//30 33//33
f 29//29 34//34 30//30
f 33//33 30//30 34//34
f 13//13 35//35 36//36
f 29//29 27//27 35//35
f 26//26 36//36 27//27
f 35//35 27//27 36//36
f 37//37 38//38 39//39
f 26//26 28//28 38//38
f 31//31 39//39 28//28
f 38//38 28//28 39//39
f 18//18 40//40 41//41
f 42//42 43//43 40//40
f 44//44 41//41 43//43
f 40//40 43//43 41//41
f 45//45 46//46 47//47
f 44//44 43//43 46//46
f 42//42 47//47 43//43
f 46//46 43//43 47//47
f 13//13 48//48 24//24
f 42//42 40//40 48//48
f 18//18 24//24 40//40
f 48//48 40//40 24//24
f 21//21 23//23 49//49
f 18//18 41//41 23//23
f 44//44 49//49 41//41
f 23//23 41//41 49//49
f 50//50 51//51 52//52
f 53//53 54//54 51//51
f 55//55 52//52 54//54
f 51//51 54//54 52//52
f 56//56 57//57 58//58
f 55//55 54//54 57//57
f 53//53 58//58 54//54
f 57//57 54//54 58//58
f 59//59 60//60 61//61
f 53//53 51//51 60//60
f 50//50 61//61 51//51
f 60//60 51//51 61//61
f 7//7 62//62 63//63
f 50//50 52//52 62//62
f 55//55 63//63 52//52
f 62//62 52//52 63//63
f 26//26 64//64 65//65
f 66//66 67//67 64//64
f 42//42 65//65 67//67
f 64//64 67//67 65//65
f 45//45 47//47 68//68
f 42//42 67//67 47//47
f 66//66 68//68 67//67
f 47//47 67//67 68//68
f 37//37 69//69 38//38
f 66//66 64//64 69//69
f 26//26 38//38 64//64
f 69//69 64//64 38//38
f 13//13 36//36 48//48
f 26//26 65//65 36//36
f 42//42 48//48 65//65
f 36//36 65//65 48//48
f 70//70 71//71 72//72
f 73//73 74//74 71//71
f 31//31 72//72 74//74
f 71//71 74//74 72//72
f 37//37 39//39 75//75
f 31//31 74//74 39//39
f 73//73 75//75 74//74
f 39//39 74//74 75//75
f 76//76 77//77 78//78
f 73//73 71//71 77//77
f 70//70 78//78 71//71
f 77//77 71//71 78//78
f 32//32 79//79 33//33
f 70//70 72//72 79//79
f 31//31 33//33 72//72
f 79//79 72//72 33//33
f 80//80 81//81 82//82
f 83//83 84//84 81//81
f 85//85 82//82 84//84
f 81//81 84//84 82//82
f 86//86 87//87 88//88
f 85//85 84//84 87//87
f 83//83 88//88 84//84
f 87//87 84//84 88//88
f 10//10 89//89 90//90
f 83//83 81//81 89//89
f 80//80 90//90 81//81
f 89//89 81//81 90//90
f 59//59 91//91 92//92
f 80//80 82//82 91//91
f 85//85 92//92 82//82
f 91//91 82//82 92//92
f 93//93 94//94 95//95
f 96//96 97//97 94//94
f 98//98 95//95 97//97
f 94//94 97//97 95//95
f 99//99 100//100 101//101
f 98//98 97//97 100//100
f 96//96 101//101 97//97
f 100//100 97//97 101//101
f 102//102 103//103 104//104
f 96//96 94//94 103//103
f 93//93 104//104 94//94
f 103//103 94//94 104//104
f 86//86 105//105 106//106
f 93//93 95//95 105//105
f 98//98 106//106 95//95
f 105//105 95//95 106//106
f 107//107 108//108 109//109
f 66//66 110//110 108//108
f 111//111 109//109 110//110
f 108//108 110//110 109//109
f 37//37 112//112 69//69
f 111//111 110//110 112//112
f 66//66 69//69 110//110
f 112//112 110//110 69//69
f 45//45 68//68 113//113
f 66//66 108//108 68//68
f 107//107 113//113 108//108
f 68//68 108//108 113//113
f 114//114 115//115 116//116
f 107//107 109//109 115//115
f 111//111 116//116 109//109
f 115//115 109//109 116//116
f 117//117 118//118 119//119
f 53//53 120//120 118//118
f 121//121 119//119 120//120
f 118//118 120//120 119//119
f 59//59 122//122 60//60
f 121//121 120//120 122//122
f 53//53 60//60 120//120
f 122//122 120//120 60//60
f 56//56 58//58 123//123
f 53//53 118//118 58//58
f 117//117 123//123 118//118
f 58//58 118//118 123//123
f 124//124 125//125 126//126
f 117//117 119//119 125//125
f 121//121 126//126 119//119
f 125//125 119//119 126//126
f 55//55 127//127 128//128
f 129//129 130//130 127//127
f 131//131 128//128 130//130
f 127//127 130//130 128//128
f 132//132 133//133 134//134
f 131//131 130//130 133//133
f 129//129 134//134 130//130
f 133//133 130//130 134//134
f 56//56 135//135 57//57
f 129//129 127//127 135//135
f 55//55 57//57 127//127
f 135//135 127//127 57//57
f 7//7 63//63 136//136
f 55//55 128//128 63//63
f 131//131 136//136 128//128
f 63//63 128//128 136//136
f 137//137 138//138 139//139
f 140//140 141//141 138//138
f 44//44 139//139 141//141
f 138//138 141//141 139//139
f 21//21 49//49 142//142
f 44//44 141//141 49//49
f 140//140 142//142 141//141
f 49//49 141//141 142//142
f 143//143 144//144 145//145
f 140//140 138//138 144//144
f 137//137 145//145 138//138
f 144//144 138//138 145//145
f 45//45 146//146 46//46
f 137//137 139//139 146//146
f 44//44 46//46 139//139
f 146//146 139//139 46//46
f 131//131 147//147 148//148
f 149//149 150//150 147//147
f 151//151 148//148 150//150
f 147//147 150//150 148//148
f 152//152 153//153 154//154
f 151//151 150//150 153//153
f 149//149 154//154 150//150
f 153//153 150//150 154//154
f 132//132 155//155 133//133
f 149//149 147//147 155//155
f 131//131 133//133 147//147
f 155//155 147//147 133//133
f 7//7 136//136 156//156
f 131//131 148//148 136//136
f 151//151 156//156 148//148
f 136//136 148//148 156//156
f 157//157 158//158 159//159
f 160//160 161//161 158//158
f 162//162 159//159 161//161
f 158//158 161//161 159//159
f 32//32 163//163 164//164
f 162//162 161//161 163//163
f 160//160 164//164 161//161
f 163//163 161//161 164//164
f 165//165 166//166 167//167
f 160//160 158//158 166//166
f 157//157 167//167 158//158
f 166//166 158//158 167//167
f 152//152 168//168 169//169
f 157//157 159//159 168//168
f 162//162 169//169 159//159
f 168//168 159//159 169//169
f 140//140 170//170 171//171
f 172//172 173//173 170//170
f 174//174 171//171 173//173
f 170//170 173//173 171//171
f 102//102 175//175 176//176
f 174//174 173//173 175//175
f 172//172 176//176 173//173
f 175//175 173//173 176//176
f 143//143 177//177 144//144
f 172//172 170//170 177//177
f 140//140 144//144 170//170
f 177//177 170//170 144//144
f 21//21 142//142 178//178
f 140//140 171//171 142//142
f 174//174 178//178 171//171
f 142//142 171//171 178//178
f 179//179 180//180 181//181
f 182//182 183//183 180//180
f 172//172 181//181 183//183
f 180//180 183//183 181//181
f 102//102 176//176 184//184
f 172//172 183//183 176//176
f 182//182 184//184 183//183
f 176//176 183//183 184//184
f 185//185 186//186 187//187
f 182//182 180//180 186//186
f 179//179 187//187 180//180
f 186//186 180//180 187//187
f 143//143 188//188 177//177
f 179//179 181//181 188//188
f 172//172 177//177 181//181
f 188//188 181//181 177//177
f 182//182 189//189 190//190
f 191//191 192//192 189//189
f 96//96 190//190 192//192
f 189//189 192//192 190//190
f 99//99 101//101 193//193
f 96//96 192//192 101//101
f 191//191 193//193 192//192
f 101//101 192//192 193//193
f 185//185 194//194 186//186
f 191//191 189//189 194//194
f 182//182 186//186 189//189
f 194//194 189//189 186//186
f 102//102 184//184 103//103
f 182//182 190//190 184//184
f 96//96 103//103 190//190
f 184//184 190//190 103//103
f 195//195 196//196 197//197
f 198//198 199//199 196//196
f 200//200 197//197 199//199
f 196//196 199//199 197//197
f 201//201 202//202 203//203
f 200//200 199//199 202//202
f 198//198 203//203 199//199
f 202//202 199//199 203//203
f 86//86 204//204 205//205
f 198//198 196//196 204//204
f 195//195 205//205 196//196
f 204//204 196//196 205//205
f 206//206 207//207 208//208
f 195//195 197//197 207//207
f 200//200 208//208 197//197
f 207//207 197//197 208//208
f 98//98 209//209 210//210
f 211//211 212//212 209//209
f 213//213 210//210 212//212
f 209//209 212//212 210//210
f 214//214 215//215 216//216
f 213//213 212//212 215//215
f 211//211 216//216 212//212
f 215//215 212//212 216//216
f 99//99 217//217 100//100
f 211//211 209//209 217//217
f 98//98 100//100 209//209
f 217//217 209//209 100//100
f 86//86 106//106 218//218
f 98//98 210//210 106//106
f 213//213 218//218 210//210
f 106//106 210//210 218//218
f 219//219 220//220 221//221
f 73//73 222//222 220//220
f 223//223 221//221 222//222
f 220//220 222//222 221//221
f 76//76 224//224 77//77
f 223//223 222//222 224//224
f 73//73 77//77 222//222
f 224//224 222//222 77//77
f 37//37 75//75 225//225
f 73//73 220//220 75//75
f 219//219 225//225 220//220
f 75//75 220//220 225//225
f 226//226 227//227 228//228
f 219//219 221//221 227//227
f 223//223 228//228 221//221
f 227//227 221//221 228//228
f 229//229 230//230 231//231
f 191//191 232//232 230//230
f 233//233 231//231 232//232
f 230//230 232//232 231//231
f 185//185 234//234 194//194
f 233//233 232//232 234//234
f 191//191 194//194 232//232
f 234//234 232//232 194//194
f 99//99 193//193 235//235
f 191//191 230//230 193//193
f 229//229 235//235 230//230
f 193//193 230//230 235//235
f 236//236 237//237 238//238
f 229//229 231//231 237//237
f 233//233 238//238 231//231
f 237//237 231//231 238//238
f 239//239 240//240 241//241
f 242//242 243//243 240//240
f 117//117 241//241 243//243
f 240//240 243//243 241//241
f 56//56 123//123 244//244
f 117//117 243//243 123//123
f 242//242 244//244 243//243
f 123//123 243//243 244//244
f 245//245 246//246 247//247
f 242//242 240//240 246//246
f 239//239 247//247 240//240
f 246//246 240//240 247//247
f 124//124 248//248 125//125
f 239//239 241//241 248//248
f 117//117 125//125 241//241
f 248//248 241//241 125//125
f 121//121 249//249 250//250
f 251//251 252//252 249//249
f 253//253 250//250 252//252
f 249//249 252//252 250//250
f 206//206 254//254 255//255
f 253//253 252//252 254//254
f 251//251 255//255 252//252
f 254//254 252//252 255//255
f 59//59 256//256 122//122
f 251//251 249//249 256//256
f 121//121 122//122 249//249
f 256//256 249//249 122//122
f 124//124 126//126 257//257
f 121//121 250//250 126//126
f 253//253 257//257 250//250
f 126//126 250//250 257//257
f 253//253 258//258 259//259
f 200//200 260//260 258//258
f 261//261 259//259 260//260
f 258//258 260//260 259//259
f 201//201 262//262 202//202
f 261//261 260//260 262//262
f 200//200 202//202 260//260
f 262//262 260//260 202//202
f 206//206 208//208 254//254
f 200//200 258//258 208//208
f 253//253 254//254 258//258
f 208//208 258//258 254//254
f 124//124 257//257 263//263
f 253//253 259//259 257//257
f 261//261 263//263 259//259
f 257//257 259//259 263//263
f 264//264 265//265 266//266
f 267//267 268//268 265//265
f 229//229 266//266 268//268
f 265//265 268//268 266//266
f 99//99 235//235 269//269
f 229//229 268//268 235//235
f 267//267 269//269 268//268
f 235//235 268//268 269//269
f 270//270 271//271 272//272
f 267//267 265//265 271//271
f 264//264 272//272 265//265
f 271//271 265//265 272//272
f 236//236 273//273 237//237
f 264//264 266//266 273//273
f 229//229 237//237 266//266
f 273//273 266//266 237//237
f 274//274 275//275 276//276
f 211//211 277//277 275//275
f 267//267 276//276 277//277
f 275//275 277//277 276//276
f 99//99 269//269 217//217
f 267//267 277//277 269//269
f 211//211 217//217 277//277
f 269//269 277//277 217//217
f 214//214 216//216 278//278
f 211//211 275//275 216//216
f 274//274 278//278 275//275
f 216//216 275//275 278//278
f 270//270 279//279 271//271
f 274//274 276//276 279//279
f 267//267 271//271 276//276
f 279//279 276//276 271//271
f 280//280 281//281 282//282
f 283//283 284//284 281//281
f 285//285 282//282 284//284
f 281//281 284//284 282//282
f 226//226 286//286 287//287
f 285//285 284//284 286//286
f 283//283 287//287 284//284
f 286//286 284//284 287//287
f 288//288 289//289 290//290
f 283//283 281//281 289//289
f 280//280 290//290 281//281
f 289//289 281//281 290//290
f 291//291 292//292 293//293
f 280//280 282//282 292//292
f 285//285 293//293 282//282
f 292//292 282//282 293//293
f 294//294 295//295 296//296
f 233//233 297//297 295//295
f 298//298 296//296 297//297
f 295//295 297//297 296//296
f 185//185 299//299 234//234
f 298//298 297//297 299//299
f 233//233 234//234 297//297
f 299//299 297//297 234//234
f 236//236 238//238 300//300
f 233//233 295//295 238//238
f 294//294 300//300 295//295
f 238//238 295//295 300//300
f 301//301 302//302 303//303
f 294//294 296//296 302//302
f 298//298 303//303 296//296
f 302//302 296//296 303//303
f 304//304 305//305 306//306
f 307//307 308//308 305//305
f 309//309 306//306 308//308
f 305//305 308//308 306//306
f 165//165 310//310 311//311
f 309//309 308//308 310//310
f 307//307 311//311 308//308
f 310//310 308//308 311//311
f 76//76 312//312 313//313
f 307//307 305//305 312//312
f 304//304 313//313 305//305
f 312//312 305//305 313//313
f 314//314 315//315 316//316
f 304//304 306//306 315//315
f 309//309 316//316 306//306
f 315//315 306//306 316//316
f 317//317 318//318 319//319
f 198//198 320//320 318//318
f 213//213 319//319 320//320
f 318//318 320//320 319//319
f 86//86 218//218 204//204
f 213//213 320//320 218//218
f 198//198 204//204 320//320
f 218//218 320//320 204//204
f 201//201 203//203 321//321
f 198//198 318//318 203//203
f 317//317 321//321 318//318
f 203//203 318//318 321//321
f 214//214 322//322 215//215
f 317//317 319//319 322//322
f 213//213 215//215 319//319
f 322//322 319//319 215//215
f 323//323 324//324 325//325
f 280//280 326//326 324//324
f 327//327 325//325 326//326
f 324//324 326//326 325//325
f 291//291 328//328 292//292
f 327//327 326//326 328//328
f 280//280 292//292 326//326
f 328//328 326//326 292//292
f 288//288 290//290 329//329
f 280//280 324//324 290//290
f 323//323 329//329 324//324
f 290//290 324//324 329//329
f 330//330 331//331 332//332
f 323//323 325//325 331//331
f 327//327 332//332 325//325
f 331//331 325//325 332//332
f 333//333 334//334 335//335
f 336//336 337//337 334//334
f 304//304 335//335 337//337
f 334//334 337//337 335//335
f 76//76 313//313 338//338
f 304//304 337//337 313//313
f 336//336 338//338 337//337
f 313//313 337//337 338//338
f 339//339 340//340 341//341
f 336//336 334//334 340//340
f 333//333 341//341 334//334
f 340//340 334//334 341//341
f 314//314 342//342 315//315
f 333//333 335//335 342//342
f 304//304 315//315 335//335
f 342//342 335//335 315//315
f 343//343 344//344 345//345
f 223//223 346//346 344//344
f 336//336 345//345 346//346
f 344//344 346//346 345//345
f 76//76 338//338 224//224
f 336//336 346//346 338//338
f 223//223 224//224 346//346
f 338//338 346//346 224//224
f 226//226 228//228 347//347
f 223//223 344//344 228//228
f 343//343 347//347 344//344
f 228//228 344//344 347//347
f 339//339 348//348 340//340
f 343//343 345//345 348//348
f 336//336 340//340 345//345
f 348//348 345//345 340//340
f 349//349 350//350 351//351
f 352//352 353//353 350//350
f 242//242 351//351 353//353
f 350//350 353//353 351//351
f 56//56 244//244 354//354
f 242//242 353//353 244//244
f 352//352 354//354 353//353
f 244//244 353//353 354//354
f 355//355 356//356 357//357
f 352//352 350//350 356//356
f 349//349 357//357 350//350
f 356//356 350//350 357//357
f 245//245 358//358 246//246
f 349//349 351//351 358//358
f 242//242 246//246 351//351
f 358//358 351//351 246//246
f 359//359 360//360 361//361
f 362//362 363//363 360//360
f 317//317 361//361 363//363
f 360//360 363//363 361//361
f 201//201 321//321 364//364
f 317//317 363//363 321//321
f 362//362 364//364 363//363
f 321//321 363//363 364//364
f 365//365 366//366 367//367
f 362//362 360//360 366//366
f 359//359 367//367 360//360
f 366//366 360//360 367//367
f 214//214 368//368 322//322
f 359//359 361//361 368//368
f 317//317 322//322 361//361
f 368//368 361//361 322//322
f 274//274 369//369 370//370
f 371//371 372//372 369//369
f 373//373 370//370 372//372
f 369//369 372//372 370//370
f 374//374 375//375 376//376
f 373//373 372//372 375//375
f 371//371 376//376 372//372
f 375//375 372//372 376//376
f 270//270 377//377 279//279
f 371//371 369//369 377//377
f 274//274 279//279 369//369
f 377//377 369//369 279//279
f 214//214 278//278 378//378
f 274//274 370//370 278//278
f 373//373 378//378 370//370
f 278//278 370//370 378//378
f 379//379 380//380 381//381
f 382//382 383//383 380//380
f 384//384 381//381 383//383
f 380//380 383//383 381//381
f 385//385 386//386 387//387
f 384//384 383//383 386//386
f 382//382 387//387 383//383
f 386//386 383//383 387//387
f 388//388 389//389 390//390
f 382//382 380//380 389//389
f 379//379 390//390 380//380
f 389//389 380//380 390//390
f 301//301 391//391 392//392
f 379//379 381//381 391//391
f 384//384 392//392 381//381
f 391//391 381//381 392//392
f 359//359 393//393 394//394
f 373//373 395//395 393//393
f 396//396 394//394 395//395
f 393//393 395//395 394//394
f 374//374 397//397 375//375
f 396//396 395//395 397//397
f 373//373 375//375 395//395
f 397//397 395//395 375//375
f 214//214 378//378 368//368
f 373//373 393//393 378//378
f 359//359 368//368 393//393
f 378//378 393//393 368//368
f 365//365 367//367 398//398
f 359//359 394//394 367//367
f 396//396 398//398 394//394
f 367//367 394//394 398//398
f 179//179 399//399 400//400
f 401//401 402//402 399//399
f 403//403 400//400 402//402
f 399//399 402//402 400//400
f 404//404 405//405 406//406
f 403//403 402//402 405//405
f 401//401 406//406 402//402
f 405//405 402//402 406//406
f 143//143 407//407 188//188
f 401//401 399//399 407//407
f 179//179 188//188 399//399
f 407//407 399//399 188//188
f 185//185 187//187 408//408
f 179//179 400//400 187//187
f 403//403 408//408 400//400
f 187//187 400//400 408//408
f 129//129 409//409 410//410
f 352//352 411//411 409//409
f 412//412 410//410 411//411
f 409//409 411//411 410//410
f 355//355 413//413 356//356
f 412//412 411//411 413//413
f 352//352 356//356 411//411
f 413//413 411//411 356//356
f 56//56 354//354 135//135
f 352//352 409//409 354//354
f 129//129 135//135 409//409
f 354//354 409//409 135//135
f 132//132 134//134 414//414
f 129//129 410//410 134//134
f 412//412 414//414 410//410
f 134//134 410//410 414//414
f 343//343 415//415 416//416
f 417//417 418//418 415//415
f 419//419 416//416 418//418
f 415//415 418//418 416//416
f 420//420 421//421 422//422
f 419//419 418//418 421//421
f 417//417 422//422 418//418
f 421//421 418//418 422//422
f 339//339 423//423 348//348
f 417//417 415//415 423//423
f 343//343 348//348 415//415
f 423//423 415//415 348//348
f 226//226 347//347 424//424
f 343//343 416//416 347//347
f 419//419 424//424 416//416
f 347//347 416//416 424//424
f 425//425 426//426 427//427
f 428//428 429//429 426//426
f 261//261 427//427 429//429
f 426//426 429//429 427//427
f 124//124 263//263 430//430
f 261//261 429//429 263//263
f 428//428 430//430 429//429
f 263//263 429//429 430//430
f 431//431 432//432 433//433
f 428//428 426//426 432//432
f 425//425 433//433 426//426
f 432//432 426//426 433//433
f 201//201 434//434 262//262
f 425//425 427//427 434//434
f 261//261 262//262 427//427
f 434//434 427//427 262//262
f 435//435 436//436 437//437
f 438//438 439//439 436//436
f 425//425 437//437 439//439
f 436//436 439//439 437//437
f 431//431 433//433 440//440
f 425//425 439//439 433//433
f 438//438 440//440 439//439
f 433//433 439//439 440//440
f 441//441 442//442 443//443
f 438//438 436//436 442//442
f 435//435 443//443 436//436
f 442//442 436//436 443//443
f 201//201 444//444 434//434
f 435//435 437//437 444//444
f 425//425 434//434 437//437
f 444//444 437//437 434//434
f 435//435 445//445 446//446
f 362//362 447//447 445//445
f 448//448 446//446 447//447
f 445//445 447//447 446//446
f 365//365 449//449 366//366
f 448//448 447//447 449//449
f 362//362 366//366 447//447
f 449//449 447//447 366//366
f 201//201 364//364 444//444
f 362//362 445//445 364//364
f 435//435 444//444 445//445
f 364//364 445//445 444//444
f 441//441 443//443 450//450
f 435//435 446//446 443//443
f 448//448 450//450 446//446
f 443//443 446//446 450//450
f 396//396 451//451 452//452
f 453//453 454//454 451//451
f 455//455 452//452 454//454
f 451//451 454//454 452//452
f 456//456 457//457 458//458
f 455//455 454//454 457//457
f 453//453 458//458 454//454
f 457//457 454//454 458//458
f 374//374 459//459 397//397
f 453//453 451//451 459//459
f 396//396 397//397 451//451
f 459//459 451//451 397//397
f 365//365 398//398 460//460
f 396//396 452//452 398//398
f 455//455 460//460 452//452
f 398//398 452//452 460//460
f 461//461 462//462 463//463
f 453//453 464//464 462//462
f 465//465 463//463 464//464
f 462//462 464//464 463//463
f 374//374 466//466 459//459
f 465//465 464//464 466//466
f 453//453 459//459 464//464
f 466//466 464//464 459//459
f 456//456 458//458 467//467
f 453//453 462//462 458//458
f 461//461 467//467 462//462
f 458//458 462//462 467//467
f 468//468 469//469 470//470
f 461//461 463//463 469//469
f 465//465 470//470 463//463
f 469//469 463//463 470//470
f 323//323 471//471 472//472
f 473//473 474//474 471//471
f 475//475 472//472 474//474
f 471//471 474//474 472//472
f 476//476 477//477 478//478
f 475//475 474//474 477//477
f 473//473 478//478 474//474
f 477//477 474//474 478//478
f 330//330 479//479 331//331
f 473//473 471//471 479//479
f 323//323 331//331 471//471
f 479//479 471//471 331//331
f 288//288 329//329 480//480
f 323//323 472//472 329//329
f 475//475 480//480 472//472
f 329//329 472//472 480//480
f 481//481 482//482 483//483
f 484//484 485//485 482//482
f 486//486 483//483 485//485
f 482//482 485//485 483//483
f 404//404 487//487 488//488
f 486//486 485//485 487//487
f 484//484 488//488 485//485
f 487//487 485//485 488//488
f 489//489 490//490 491//491
f 484//484 482//482 490//490
f 481//481 491//491 482//482
f 490//490 482//482 491//491
f 492//492 493//493 494//494
f 481//481 483//483 493//493
f 486//486 494//494 483//483
f 493//493 483//483 494//494
f 403//403 495//495 496//496
f 484//484 497//497 495//495
f 498//498 496//496 497//497
f 495//495 497//497 496//496
f 489//489 499//499 490//490
f 498//498 497//497 499//499
f 484//484 490//490 497//497
f 499//499 497//497 490//490
f 404//404 488//488 405//405
f 484//484 495//495 488//488
f 403//403 405//405 495//495
f 488//488 495//495 405//405
f 185//185 408//408 500//500
f 403//403 496//496 408//408
f 498//498 500//500 496//496
f 408//408 496//496 500//500
f 498//498 501//501 502//502
f 503//503 504//504 501//501
f 298//298 502//502 504//504
f 501//501 504//504 502//502
f 301//301 303//303 505//505
f 298//298 504//504 303//303
f 503//503 505//505 504//504
f 303//303 504//504 505//505
f 489//489 506//506 499//499
f 503//503 501//501 506//506
f 498//498 499//499 501//501
f 506//506 501//501 499//499
f 185//185 500//500 299//299
f 498//498 502//502 500//500
f 298//298 299//299 502//502
f 500//500 502//502 299//299
f 475//475 507//507 508//508
f 509//509 510//510 507//507
f 511//511 508//508 510//510
f 507//507 510//510 508//508
f 512//512 513//513 514//514
f 511//511 510//510 513//513
f 509//509 514//514 510//510
f 513//513 510//510 514//514
f 476//476 515//515 477//477
f 509//509 507//507 515//515
f 475//475 477//477 507//507
f 515//515 507//507 477//477
f 288//288 480//480 516//516
f 475//475 508//508 480//480
f 511//511 516//516 508//508
f 480//480 508//508 516//516
f 517//517 518//518 519//519
f 520//520 521//521 518//518
f 522//522 519//519 521//521
f 518//518 521//521 519//519
f 523//523 524//524 525//525
f 522//522 521//521 524//524
f 520//520 525//525 521//521
f 524//524 521//521 525//525
f 526//526 527//527 528//528
f 520//520 518//518 527//527
f 517//517 528//528 518//518
f 527//527 518//518 528//528
f 529//529 530//530 531//531
f 517//517 519//519 530//530
f 522//522 531//531 519//519
f 530//530 519//519 531//531
f 532//532 533//533 534//534
f 448//448 535//535 533//533
f 455//455 534//534 535//535
f 533//533 535//535 534//534
f 365//365 460//460 449//449
f 455//455 535//535 460//460
f 448//448 449//449 535//535
f 460//460 535//535 449//449
f 441//441 450//450 536//536
f 448//448 533//533 450//450
f 532//532 536//536 533//533
f 450//450 533//533 536//536
f 456//456 537//537 457//457
f 532//532 534//534 537//537
f 455//455 457//457 534//534
f 537//537 534//534 457//457
f 538//538 539//539 540//540
f 541//541 542//542 539//539
f 543//543 540//540 542//542
f 539//539 542//542 540//540
f 544//544 545//545 546//546
f 543//543 542//542 545//545
f 541//541 546//546 542//542
f 545//545 542//542 546//546
f 330//330 547//547 548//548
f 541//541 539//539 547//547
f 538//538 548//548 539//539
f 547//547 539//539 548//548
f 549//549 550//550 551//551
f 538//538 540//540 550//550
f 543//543 551//551 540//540
f 550//550 540//540 551//551
f 552//552 553//553 554//554
f 555//555 556//556 553//553
f 557//557 554//554 556//556
f 553//553 556//556 554//554
f 558//558 559//559 560//560
f 557//557 556//556 559//559
f 555//555 560//560 556//556
f 559//559 556//556 560//560
f 561//561 562//562 563//563
f 555//555 553//553 562//562
f 552//552 563//563 553//553
f 562//562 553//553 563//563
f 529//529 564//564 565//565
f 552//552 554//554 564//564
f 557//557 565//565 554//554
f 564//564 554//554 565//565
f 566//566 567//567 568//568
f 569//569 570//570 567//567
f 571//571 568//568 570//570
f 567//567 570//570 568//568
f 512//512 572//572 573//573
f 571//571 570//570 572//572
f 569//569 573//573 570//570
f 572//572 570//570 573//573
f 574//574 575//575 576//576
f 569//569 567//567 575//575
f 566//566 576//576 567//567
f 575//575 567//567 576//576
f 577//577 578//578 579//579
f 566//566 568//568 578//578
f 571//571 579//579 568//568
f 578//578 568//568 579//579
f 580//580 581//581 582//582
f 583//583 584//584 581//581
f 585//585 582//582 584//584
f 581//581 584//584 582//582
f 586//586 587//587 588//588
f 585//585 584//584 587//587
f 583//583 588//588 584//584
f 587//587 584//584 588//588
f 245//245 589//589 590//590
f 583//583 581//581 589//589
f 580//580 590//590 581//581
f 589//589 581//581 590//590
f 591//591 592//592 593//593
f 580//580 582//582 592//592
f 585//585 593//593 582//582
f 592//592 582//582 593//593
f 594//594 595//595 596//596
f 597//597 598//598 595//595
f 599//599 596//596 598//598
f 595//595 598//598 596//596
f 431//431 600//600 601//601
f 599//599 598//598 600//600
f 597//597 601//601 598//598
f 600//600 598//598 601//601
f 602//602 603//603 604//604
f 597//597 595//595 603//603
f 594//594 604//604 595//595
f 603//603 595//595 604//604
f 586//586 605//605 606//606
f 594//594 596//596 605//605
f 599//599 606//606 596//596
f 605//605 596//596 606//606
f 461//461 607//607 608//608
f 609//609 610//610 607//607
f 611//611 608//608 610//610
f 607//607 610//610 608//608
f 612//612 613//613 614//614
f 611//611 610//610 613//613
f 609//609 614//614 610//610
f 613//613 610//610 614//614
f 468//468 615//615 469//469
f 609//609 607//607 615//615
f 461//461 469//469 607//607
f 615//615 607//607 469//469
f 456//456 467//467 616//616
f 461//461 608//608 467//467
f 611//611 616//616 608//608
f 467//467 608//608 616//616
f 617//617 618//618 619//619
f 620//620 621//621 618//618
f 622//622 619//619 621//621
f 618//618 621//621 619//619
f 623//623 624//624 625//625
f 622//622 621//621 624//624
f 620//620 625//625 621//621
f 624//624 621//621 625//625
f 626//626 627//627 628//628
f 620//620 618//618 627//627
f 617//617 628//628 618//618
f 627//627 618//618 628//628
f 476//476 629//629 630//630
f 617//617 619//619 629//629
f 622//622 630//630 619//619
f 629//629 619//619 630//630
f 622//622 631//631 632//632
f 633//633 634//634 631//631
f 509//509 632//632 634//634
f 631//631 634//634 632//632
f 512//512 514//514 635//635
f 509//509 634//634 514//514
f 633//633 635//635 634//634
f 514//514 634//634 635//635
f 623//623 636//636 624//624
f 633//633 631//631 636//636
f 622//622 624//624 631//631
f 636//636 631//631 624//624
f 476//476 630//630 515//515
f 622//622 632//632 630//630
f 509//509 515//515 632//632
f 630//630 632//632 515//515
f 637//637 638//638 639//639
f 640//640 641//641 638//638
f 642//642 639//639 641//641
f 638//638 641//641 639//639
f 643//643 644//644 645//645
f 642//642 641//641 644//644
f 640//640 645//645 641//641
f 644//644 641//641 645//645
f 623//623 646//646 647//647
f 640//640 638//638 646//646
f 637//637 647//647 638//638
f 646//646 638//638 647//647
f 648//648 649//649 650//650
f 637//637 639//639 649//649
f 642//642 650//650 639//639
f 649//649 639//639 650//650
f 651//651 652//652 653//653
f 538//538 654//654 652//652
f 655//655 653//653 654//654
f 652//652 654//654 653//653
f 549//549 656//656 550//550
f 655//655 654//654 656//656
f 538//538 550//550 654//654
f 656//656 654//654 550//550
f 330//330 548//548 657//657
f 538//538 652//652 548//548
f 651//651 657//657 652//652
f 548//548 652//652 657//657
f 658//658 659//659 660//660
f 651//651 653//653 659//659
f 655//655 660//660 653//653
f 659//659 653//653 660//660
f 661//661 662//662 663//663
f 664//664 665//665 662//662
f 666//666 663//663 665//665
f 662//662 665//665 663//663
f 667//667 668//668 669//669
f 666//666 665//665 668//668
f 664//664 669//669 665//665
f 668//668 665//665 669//669
f 670//670 671//671 672//672
f 664//664 662//662 671//671
f 661//661 672//672 662//662
f 671//671 662//662 672//672
f 673//673 674//674 675//675
f 661//661 663//663 674//674
f 666//666 675//675 663//663
f 674//674 663//663 675//675
f 676//676 677//677 678//678
f 679//679 680//680 677//677
f 503//503 678//678 680//680
f 677//677 680//680 678//678
f 301//301 505//505 681//681
f 503//503 680//680 505//505
f 679//679 681//681 680//680
f 505//505 680//680 681//681
f 682//682 683//683 684//684
f 679//679 677//677 683//683
f 676//676 684//684 677//677
f 683//683 677//677 684//684
f 489//489 685//685 506//506
f 676//676 678//678 685//685
f 503//503 506//506 678//678
f 685//685 678//678 506//506
f 686//686 687//687 688//688
f 689//689 690//690 687//687
f 691//691 688//688 690//690
f 687//687 690//690 688//688
f 670//670 692//692 693//693
f 691//691 690//690 692//692
f 689//689 693//693 690//690
f 692//692 690//690 693//693
f 694//694 695//695 696//696
f 689//689 687//687 695//695
f 686//686 696//696 687//687
f 695//695 687//687 696//696
f 697//697 698//698 699//699
f 686//686 688//688 698//698
f 691//691 699//699 688//688
f 698//698 688//688 699//699
f 640//640 700//700 701//701
f 702//702 703//703 700//700
f 704//704 701//701 703//703
f 700//700 703//703 701//701
f 705//705 706//706 707//707
f 704//704 703//703 706//706
f 702//702 707//707 703//703
f 706//706 703//703 707//707
f 623//623 708//708 646//646
f 702//702 700//700 708//708
f 640//640 646//646 700//700
f 708//708 700//700 646//646
f 643//643 645//645 709//709
f 640//640 701//701 645//645
f 704//704 709//709 701//701
f 645//645 701//701 709//709
f 637//637 710//710 711//711
f 712//712 713//713 710//710
f 633//633 711//711 713//713
f 710//710 713//713 711//711
f 512//512 635//635 714//714
f 633//633 713//713 635//635
f 712//712 714//714 713//713
f 635//635 713//713 714//714
f 648//648 715//715 649//649
f 712//712 710//710 715//715
f 637//637 649//649 710//710
f 715//715 710//710 649//649
f 623//623 647//647 636//636
f 637//637 711//711 647//647
f 633//633 636//636 711//711
f 647//647 711//711 636//636
f 712//712 716//716 717//717
f 718//718 719//719 716//716
f 571//571 717//717 719//719
f 716//716 719//719 717//717
f 577//577 579//579 720//720
f 571//571 719//719 579//579
f 718//718 720//720 719//719
f 579//579 719//719 720//720
f 648//648 721//721 715//715
f 718//718 716//716 721//721
f 712//712 715//715 716//716
f 721//721 716//716 715//715
f 512//512 714//714 572//572
f 712//712 717//717 714//714
f 571//571 572//572 717//717
f 714//714 717//717 572//572
f 722//722 723//723 724//724
f 725//725 726//726 723//723
f 718//718 724//724 726//726
f 723//723 726//726 724//724
f 577//577 720//720 727//727
f 718//718 726//726 720//720
f 725//725 727//727 726//726
f 720//720 726//726 727//727
f 728//728 729//729 730//730
f 725//725 723//723 729//729
f 722//722 730//730 723//723
f 729//729 723//723 730//730
f 648//648 731//731 721//721
f 722//722 724//724 731//731
f 718//718 721//721 724//724
f 731//731 724//724 721//721
f 566//566 732//732 733//733
f 734//734 735//735 732//732
f 736//736 733//733 735//735
f 732//732 735//735 733//733
f 492//492 737//737 738//738
f 736//736 735//735 737//737
f 734//734 738//738 735//735
f 737//737 735//735 738//738
f 577//577 739//739 578//578
f 734//734 732//732 739//739
f 566//566 578//578 732//732
f 739//739 732//732 578//578
f 574//574 576//576 740//740
f 566//566 733//733 576//576
f 736//736 740//740 733//733
f 576//576 733//733 740//740
f 741//741 742//742 743//743
f 744//744 745//745 742//742
f 746//746 743//743 745//745
f 742//742 745//745 743//743
f 420//420 747//747 748//748
f 746//746 745//745 747//747
f 744//744 748//748 745//745
f 747//747 745//745 748//748
f 544//544 749//749 750//750
f 744//744 742//742 749//749
f 741//741 750//750 742//742
f 749//749 742//742 750//750
f 751//751 752//752 753//753
f 741//741 743//743 752//752
f 746//746 753//753 743//743
f 752//752 743//743 753//753
f 754//754 755//755 756//756
f 757//757 758//758 755//755
f 759//759 756//756 758//758
f 755//755 758//758 756//756
f 667//667 760//760 761//761
f 759//759 758//758 760//760
f 757//757 761//761 758//758
f 760//760 758//758 761//761
f 762//762 763//763 764//764
f 757//757 755//755 763//763
f 754//754 764//764 755//755
f 763//763 755//755 764//764
f 765//765 766//766 767//767
f 754//754 756//756 766//766
f 759//759 767//767 756//756
f 766//766 756//756 767//767
f 768//768 769//769 770//770
f 594//594 771//771 769//769
f 583//583 770//770 771//771
f 769//769 771//771 770//770
f 586//586 588//588 605//605
f 583//583 771//771 588//588
f 594//594 605//605 771//771
f 588//588 771//771 605//605
f 602//602 604//604 772//772
f 594//594 769//769 604//604
f 768//768 772//772 769//769
f 604//604 769//769 772//772
f 245//245 773//773 589//589
f 768//768 770//770 773//773
f 583//583 589//589 770//770
f 773//773 770//770 589//589
f 774//774 775//775 776//776
f 777//777 778//778 775//775
f 642//642 776//776 778//778
f 775//775 778//778 776//776
f 648//648 650//650 779//779
f 642//642 778//778 650//650
f 777//777 779//779 778//778
f 650//650 778//778 779//779
f 780//780 781//781 782//782
f 777//777 775//775 781//781
f 774//774 782//782 775//775
f 781//781 775//775 782//782
f 643//643 783//783 644//644
f 774//774 776//776 783//783
f 642//642 644//644 776//776
f 783//783 776//776 644//644
f 784//784 785//785 786//786
f 722//722 787//787 785//785
f 777//777 786//786 787//787
f 785//785 787//787 786//786
f 648//648 779//779 731//731
f 777//777 787//787 779//779
f 722//722 731//731 787//787
f 779//779 787//787 731//731
f 728//728 730//730 788//788
f 722//722 785//785 730//730
f 784//784 788//788 785//785
f 730//730 785//785 788//788
f 780//780 789//789 781//781
f 784//784 786//786 789//789
f 777//777 781//781 786//786
f 789//789 786//786 781//781
f 790//790 791//791 792//792
f 702//702 793//793 791//791
f 620//620 792//792 793//793
f 791//791 793//793 792//792
f 623//623 625//625 708//708
f 620//620 793//793 625//625
f 702//702 708//708 793//793
f 625//625 793//793 708//708
f 705//705 707//707 794//794
f 702//702 791//791 707//707
f 790//790 794//794 791//791
f 707//707 791//791 794//794
f 626//626 795//795 627//627
f 790//790 792//792 795//795
f 620//620 627//627 792//792
f 795//795 792//792 627//627
f 746//746 796//796 797//797
f 798//798 799//799 796//796
f 800//800 797//797 799//799
f 796//796 799//799 797//797
f 801//801 802//802 803//803
f 800//800 799//799 802//802
f 798//798 803//803 799//799
f 802//802 799//799 803//803
f 420//420 804//804 747//747
f 798//798 796//796 804//804
f 746//746 747//747 796//796
f 804//804 796//796 747//747
f 751//751 753//753 805//805
f 746//746 797//797 753//753
f 800//800 805//805 797//797
f 753//753 797//797 805//805
f 806//806 807//807 808//808
f 676//676 809//809 807//807
f 810//810 808//808 809//809
f 807//807 809//809 808//808
f 489//489 811//811 685//685
f 810//810 809//809 811//811
f 676//676 685//685 809//809
f 811//811 809//809 685//685
f 682//682 684//684 812//812
f 676//676 807//807 684//684
f 806//806 812//812 807//807
f 684//684 807//807 812//812
f 813//813 814//814 815//815
f 806//806 808//808 814//814
f 810//810 815//815 808//808
f 814//814 808//808 815//815
f 679//679 816//816 817//817
f 818//818 819//819 816//816
f 379//379 817//817 819//819
f 816//816 819//819 817//817
f 388//388 390//390 820//820
f 379//379 819//819 390//390
f 818//818 820//820 819//819
f 390//390 819//819 820//820
f 682//682 821//821 683//683
f 818//818 816//816 821//821
f 679//679 683//683 816//816
f 821//821 816//816 683//683
f 301//301 681//681 391//391
f 679//679 817//817 681//681
f 379//379 391//391 817//817
f 681//681 817//817 391//391
f 822//822 823//823 824//824
f 825//825 826//826 823//823
f 689//689 824//824 826//826
f 823//823 826//826 824//824
f 670//670 693//693 827//827
f 689//689 826//826 693//693
f 825//825 827//827 826//826
f 693//693 826//826 827//827
f 828//828 829//829 830//830
f 825//825 823//823 829//829
f 822//822 830//830 823//823
f 829//829 823//823 830//830
f 694//694 831//831 695//695
f 822//822 824//824 831//831
f 689//689 695//695 824//824
f 831//831 824//824 695//695
f 832//832 833//833 834//834
f 835//835 836//836 833//833
f 532//532 834//834 836//836
f 833//833 836//836 834//834
f 441//441 536//536 837//837
f 532//532 836//836 536//536
f 835//835 837//837 836//836
f 536//536 836//836 837//837
f 838//838 839//839 840//840
f 835//835 833//833 839//839
f 832//832 840//840 833//833
f 839//839 833//833 840//840
f 456//456 841//841 537//537
f 832//832 834//834 841//841
f 532//532 537//537 834//834
f 841//841 834//834 537//537
f 842//842 843//843 844//844
f 845//845 846//846 843//843
f 847//847 844//844 846//846
f 843//843 846//846 844//844
f 765//765 848//848 849//849
f 847//847 846//846 848//848
f 845//845 849//849 846//846
f 848//848 846//846 849//849
f 850//850 851//851 852//852
f 845//845 843//843 851//851
f 842//842 852//852 843//843
f 851//851 843//843 852//852
f 828//828 853//853 854//854
f 842//842 844//844 853//853
f 847//847 854//854 844//844
f 853//853 844//844 854//854
f 855//855 856//856 857//857
f 858//858 859//859 856//856
f 860//860 857//857 859//859
f 856//856 859//859 857//857
f 861//861 862//862 863//863
f 860//860 859//859 862//862
f 858//858 863//863 859//859
f 862//862 859//859 863//863
f 864//864 865//865 866//866
f 858//858 856//856 865//865
f 855//855 866//866 856//856
f 865//865 856//856 866//866
f 388//388 867//867 868//868
f 855//855 857//857 867//867
f 860//860 868//868 857//857
f 867//867 857//857 868//868
f 869//869 870//870 871//871
f 872//872 873//873 870//870
f 599//599 871//871 873//873
f 870//870 873//873 871//871
f 586//586 606//606 874//874
f 599//599 873//873 606//606
f 872//872 874//874 873//873
f 606//606 873//873 874//874
f 875//875 876//876 877//877
f 872//872 870//870 876//876
f 869//869 877//877 870//870
f 876//876 870//870 877//877
f 431//431 878//878 600//600
f 869//869 871//871 878//878
f 599//599 600//600 871//871
f 878//878 871//871 600//600
f 879//879 880//880 881//881
f 882//882 883//883 880//880
f 884//884 881//881 883//883
f 880//880 883//883 881//881
f 885//885 886//886 887//887
f 884//884 883//883 886//886
f 882//882 887//887 883//883
f 886//886 883//883 887//887
f 888//888 889//889 890//890
f 882//882 880//880 889//889
f 879//879 890//890 880//880
f 889//889 880//880 890//890
f 891//891 892//892 893//893
f 879//879 881//881 892//892
f 884//884 893//893 881//881
f 892//892 881//881 893//893
f 734//734 894//894 895//895
f 896//896 897//897 894//894
f 898//898 895//895 897//897
f 894//894 897//897 895//895
f 899//899 900//900 901//901
f 898//898 897//897 900//900
f 896//896 901//901 897//897
f 900//900 897//897 901//901
f 577//577 902//902 739//739
f 896//896 894//894 902//902
f 734//734 739//739 894//894
f 902//902 894//894 739//739
f 492//492 738//738 903//903
f 734//734 895//895 738//738
f 898//898 903//903 895//895
f 738//738 895//895 903//903
f 904//904 905//905 906//906
f 907//907 908//908 905//905
f 909//909 906//906 908//908
f 905//905 908//908 906//906
f 658//658 910//910 911//911
f 909//909 908//908 910//910
f 907//907 911//911 908//908
f 910//910 908//908 911//911
f 850//850 912//912 913//913
f 907//907 905//905 912//912
f 904//904 913//913 905//905
f 912//912 905//905 913//913
f 914//914 915//915 916//916
f 904//904 906//906 915//915
f 909//909 916//916 906//906
f 915//915 906//906 916//916
f 917//917 918//918 919//919
f 920//920 921//921 918//918
f 845//845 919//919 921//921
f 918//918 921//921 919//919
f 765//765 849//849 922//922
f 845//845 921//921 849//849
f 920//920 922//922 921//921
f 849//849 921//921 922//922
f 923//923 924//924 925//925
f 920//920 918//918 924//924
f 917//917 925//925 918//918
f 924//924 918//918 925//925
f 850//850 926//926 851//851
f 917//917 919//919 926//926
f 845//845 851//851 919//919
f 926//926 919//919 851//851
f 860//860 927//927 928//928
f 929//929 930//930 927//927
f 931//931 928//928 930//930
f 927//927 930//930 928//928
f 932//932 933//933 934//934
f 931//931 930//930 933//933
f 929//929 934//934 930//930
f 933//933 930//930 934//934
f 861//861 935//935 862//862
f 929//929 927//927 935//935
f 860//860 862//862 927//927
f 935//935 927//927 862//862
f 388//388 868//868 936//936
f 860//860 928//928 868//868
f 931//931 936//936 928//928
f 868//868 928//928 936//936
f 937//937 938//938 939//939
f 585//585 940//940 938//938
f 941//941 939//939 940//940
f 938//938 940//940 939//939
f 586//586 942//942 587//587
f 941//941 940//940 942//942
f 585//585 587//587 940//940
f 942//942 940//940 587//587
f 591//591 593//593 943//943
f 585//585 938//938 593//593
f 937//937 943//943 938//938
f 593//593 938//938 943//943
f 944//944 945//945 946//946
f 937//937 939//939 945//945
f 941//941 946//946 939//939
f 945//945 939//939 946//946
f 947//947 948//948 949//949
f 950//950 951//951 948//948
f 952//952 949//949 951//951
f 948//948 951//951 949//949
f 355//355 953//953 954//954
f 952//952 951//951 953//953
f 950//950 954//954 951//951
f 953//953 951//951 954//954
f 955//955 956//956 957//957
f 950//950 948//948 956//956
f 947//947 957//957 948//948
f 956//956 948//948 957//957
f 591//591 958//958 959//959
f 947//947 949//949 958//958
f 952//952 959//959 949//949
f 958//958 949//949 959//959
f 960//960 961//961 962//962
f 963//963 964//964 961//961
f 965//965 962//962 964//964
f 961//961 964//964 962//962
f 966//966 967//967 968//968
f 965//965 964//964 967//967
f 963//963 968//968 964//964
f 967//967 964//964 968//968
f 969//969 970//970 971//971
f 963//963 961//961 970//970
f 960//960 971//971 961//961
f 970//970 961//961 971//971
f 523//523 972//972 973//973
f 960//960 962//962 972//972
f 965//965 973//973 962//962
f 972//972 962//962 973//973
f 974//974 975//975 976//976
f 977//977 978//978 975//975
f 965//965 976//976 978//978
f 975//975 978//978 976//976
f 523//523 973//973 979//979
f 965//965 978//978 973//973
f 977//977 979//979 978//978
f 973//973 978//978 979//979
f 697//697 980//980 981//981
f 977//977 975//975 980//980
f 974//974 981//981 975//975
f 980//980 975//975 981//981
f 966//966 982//982 967//967
f 974//974 976//976 982//982
f 965//965 967//967 976//976
f 982//982 976//976 967//967
f 983//983 984//984 985//985
f 832//832 986//986 984//984
f 611//611 985//985 986//986
f 984//984 986//986 985//985
f 456//456 616//616 841//841
f 611//611 986//986 616//616
f 832//832 841//841 986//986
f 616//616 986//986 841//841
f 838//838 840//840 987//987
f 832//832 984//984 840//840
f 983//983 987//987 984//984
f 840//840 984//984 987//987
f 612//612 988//988 613//613
f 983//983 985//985 988//988
f 611//611 613//613 985//985
f 988//988 985//985 613//613
f 989//989 990//990 991//991
f 992//992 993//993 990//990
f 994//994 991//991 993//993
f 990//990 993//993 991//991
f 995//995 996//996 997//997
f 994//994 993//993 996//996
f 992//992 997//997 993//993
f 996//996 993//993 997//997
f 658//658 998//998 999//999
f 992//992 990//990 998//998
f 989//989 999//999 990//990
f 998//998 990//990 999//999
f 885//885 1000//1000 1001//1001
f 989//989 991//991 1000//1000
f 994//994 1001//1001 991//991
f 1000//1000 991//991 1001//1001
f 1002//1002 1003//1003 1004//1004
f 1005//1005 1006//1006 1003//1003
f 1007//1007 1004//1004 1006//1006
f 1003//1003 1006//1006 1004//1004
f 1008//1008 1009//1009 1010//1010
f 1007//1007 1006//1006 1009//1009
f 1005//1005 1010//1010 1006//1006
f 1009//1009 1006//1006 1010//1010
f 899//899 1011//1011 1012//1012
f 1005//1005 1003//1003 1011//1011
f 1002//1002 1012//1012 1003//1003
f 1011//1011 1003//1003 1012//1012
f 885//885 1013//1013 1014//1014
f 1002//1002 1004//1004 1013//1013
f 1007//1007 1014//1014 1004//1004
f 1013//1013 1004//1004 1014//1014
f 1015//1015 1016//1016 1017//1017
f 1005//1005 1018//1018 1016//1016
f 1019//1019 1017//1017 1018//1018
f 1016//1016 1018//1018 1017//1017
f 899//899 1020//1020 1011//1011
f 1019//1019 1018//1018 1020//1020
f 1005//1005 1011//1011 1018//1018
f 1020//1020 1018//1018 1011//1011
f 1008//1008 1010//1010 1021//1021
f 1005//1005 1016//1016 1010//1010
f 1015//1015 1021//1021 1016//1016
f 1010//1010 1016//1016 1021//1021
f 728//728 1022//1022 1023//1023
f 1015//1015 1017//1017 1022//1022
f 1019//1019 1023//1023 1017//1017
f 1022//1022 1017//1017 1023//1023
f 907//907 1024//1024 1025//1025
f 842//842 1026//1026 1024//1024
f 1027//1027 1025//1025 1026//1026
f 1024//1024 1026//1026 1025//1025
f 828//828 1028//1028 853//853
f 1027//1027 1026//1026 1028//1028
f 842//842 853//853 1026//1026
f 1028//1028 1026//1026 853//853
f 850//850 852//852 912//912
f 842//842 1024//1024 852//852
f 907//907 912//912 1024//1024
f 852//852 1024//1024 912//912
f 658//658 911//911 1029//1029
f 907//907 1025//1025 911//911
f 1027//1027 1029//1029 1025//1025
f 911//911 1025//1025 1029//1029
f 1030//1030 1031//1031 1032//1032
f 1033//1033 1034//1034 1031//1031
f 904//904 1032//1032 1034//1034
f 1031//1031 1034//1034 1032//1032
f 850//850 913//913 1035//1035
f 904//904 1034//1034 913//913
f 1033//1033 1035//1035 1034//1034
f 913//913 1034//1034 1035//1035
f 1036//1036 1037//1037 1038//1038
f 1033//1033 1031//1031 1037//1037
f 1030//1030 1038//1038 1031//1031
f 1037//1037 1031//1031 1038//1038
f 914//914 1039//1039 915//915
f 1030//1030 1032//1032 1039//1039
f 904//904 915//915 1032//1032
f 1039//1039 1032//1032 915//915
f 1040//1040 1041//1041 1042//1042
f 917//917 1043//1043 1041//1041
f 1033//1033 1042//1042 1043//1043
f 1041//1041 1043//1043 1042//1042
f 850//850 1035//1035 926//926
f 1033//1033 1043//1043 1035//1035
f 917//917 926//926 1043//1043
f 1035//1035 1043//1043 926//926
f 923//923 925//925 1044//1044
f 917//917 1041//1041 925//925
f 1040//1040 1044//1044 1041//1041
f 925//925 1041//1041 1044//1044
f 1036//1036 1045//1045 1037//1037
f 1040//1040 1042//1042 1045//1045
f 1033//1033 1037//1037 1042//1042
f 1045//1045 1042//1042 1037//1037
f 1046//1046 1047//1047 1048//1048
f 1049//1049 1050//1050 1047//1047
f 806//806 1048//1048 1050//1050
f 1047//1047 1050//1050 1048//1048
f 682//682 812//812 1051//1051
f 806//806 1050//1050 812//812
f 1049//1049 1051//1051 1050//1050
f 812//812 1050//1050 1051//1051
f 864//864 1052//1052 1053//1053
f 1049//1049 1047//1047 1052//1052
f 1046//1046 1053//1053 1047//1047
f 1052//1052 1047//1047 1053//1053
f 813//813 1054//1054 814//814
f 1046//1046 1048//1048 1054//1054
f 806//806 814//814 1048//1048
f 1054//1054 1048//1048 814//814
f 1055//1055 1056//1056 1057//1057
f 1058//1058 1059//1059 1056//1056
f 1060//1060 1057//1057 1059//1059
f 1056//1056 1059//1059 1057//1057
f 969//969 1061//1061 1062//1062
f 1060//1060 1059//1059 1061//1061
f 1058//1058 1062//1062 1059//1059
f 1061//1061 1059//1059 1062//1062
f 1063//1063 1064//1064 1065//1065
f 1058//1058 1056//1056 1064//1064
f 1055//1055 1065//1065 1056//1056
f 1064//1064 1056//1056 1065//1065
f 526//526 1066//1066 1067//1067
f 1055//1055 1057//1057 1066//1066
f 1060//1060 1067//1067 1057//1057
f 1066//1066 1057//1057 1067//1067
f 1068//1068 1069//1069 1070//1070
f 835//835 1071//1071 1069//1069
f 1072//1072 1070//1070 1071//1071
f 1069//1069 1071//1071 1070//1070
f 838//838 1073//1073 839//839
f 1072//1072 1071//1071 1073//1073
f 835//835 839//839 1071//1071
f 1073//1073 1071//1071 839//839
f 441//441 837//837 1074//1074
f 835//835 1069//1069 837//837
f 1068//1068 1074//1074 1069//1069
f 837//837 1069//1069 1074//1074
f 1075//1075 1076//1076 1077//1077
f 1068//1068 1070//1070 1076//1076
f 1072//1072 1077//1077 1070//1070
f 1076//1076 1070//1070 1077//1077
f 1078//1078 1079//1079 1080//1080
f 1081//1081 1082//1082 1079//1079
f 784//784 1080//1080 1082//1082
f 1079//1079 1082//1082 1080//1080
f 728//728 788//788 1083//1083
f 784//784 1082//1082 788//788
f 1081//1081 1083//1083 1082//1082
f 788//788 1082//1082 1083//1083
f 1084//1084 1085//1085 1086//1086
f 1081//1081 1079//1079 1085//1085
f 1078//1078 1086//1086 1079//1079
f 1085//1085 1079//1079 1086//1086
f 780//780 1087//1087 789//789
f 1078//1078 1080//1080 1087//1087
f 784//784 789//789 1080//1080
f 1087//1087 1080//1080 789//789
f 1015//1015 1088//1088 1089//1089
f 1081//1081 1090//1090 1088//1088
f 1091//1091 1089//1089 1090//1090
f 1088//1088 1090//1090 1089//1089
f 1084//1084 1092//1092 1085//1085
f 1091//1091 1090//1090 1092//1092
f 1081//1081 1085//1085 1090//1090
f 1092//1092 1090//1090 1085//1085
f 728//728 1083//1083 1022//1022
f 1081//1081 1088//1088 1083//1083
f 1015//1015 1022//1022 1088//1088
f 1083//1083 1088//1088 1022//1022
f 1008//1008 1021//1021 1093//1093
f 1015//1015 1089//1089 1021//1021
f 1091//1091 1093//1093 1089//1089
f 1021//1021 1089//1089 1093//1093
f 1094//1094 1095//1095 1096//1096
f 1097//1097 1098//1098 1095//1095
f 1099//1099 1096//1096 1098//1098
f 1095//1095 1098//1098 1096//1096
f 1100//1100 1101//1101 1102//1102
f 1099//1099 1098//1098 1101//1101
f 1097//1097 1102//1102 1098//1098
f 1101//1101 1098//1098 1102//1102
f 1103//1103 1104//1104 1105//1105
f 1097//1097 1095//1095 1104//1104
f 1094//1094 1105//1105 1095//1095
f 1104//1104 1095//1095 1105//1105
f 828//828 1106//1106 1107//1107
f 1094//1094 1096//1096 1106//1106
f 1099//1099 1107//1107 1096//1096
f 1106//1106 1096//1096 1107//1107
f 1108//1108 1109//1109 1110//1110
f 1111//1111 1112//1112 1109//1109
f 1113//1113 1110//1110 1112//1112
f 1109//1109 1112//1112 1110//1110
f 1114//1114 1115//1115 1116//1116
f 1113//1113 1112//1112 1115//1115
f 1111//1111 1116//1116 1112//1112
f 1115//1115 1112//1112 1116//1116
f 751//751 1117//1117 1118//1118
f 1111//1111 1109//1109 1117//1117
f 1108//1108 1118//1118 1109//1109
f 1117//1117 1109//1109 1118//1118
f 1119//1119 1120//1120 1121//1121
f 1108//1108 1110//1110 1120//1120
f 1113//1113 1121//1121 1110//1110
f 1120//1120 1110//1110 1121//1121
f 1049//1049 1122//1122 1123//1123
f 855//855 1124//1124 1122//1122
f 818//818 1123//1123 1124//1124
f 1122//1122 1124//1124 1123//1123
f 388//388 820//820 867//867
f 818//818 1124//1124 820//820
f 855//855 867//867 1124//1124
f 820//820 1124//1124 867//867
f 864//864 866//866 1052//1052
f 855//855 1122//1122 866//866
f 1049//1049 1052//1052 1122//1122
f 866//866 1122//1122 1052//1052
f 682//682 1051//1051 821//821
f 1049//1049 1123//1123 1051//1051
f 818//818 821//821 1123//1123
f 1051//1051 1123//1123 821//821
f 1058//1058 1125//1125 1126//1126
f 1127//1127 1128//1128 1125//1125
f 1129//1129 1126//1126 1128//1128
f 1125//1125 1128//1128 1126//1126
f 1130//1130 1131//1131 1132//1132
f 1129//1129 1128//1128 1131//1131
f 1127//1127 1132//1132 1128//1128
f 1131//1131 1128//1128 1132//1132
f 1063//1063 1133//1133 1064//1064
f 1127//1127 1125//1125 1133//1133
f 1058//1058 1064//1064 1125//1125
f 1133//1133 1125//1125 1064//1064
f 969//969 1062//1062 1134//1134
f 1058//1058 1126//1126 1062//1062
f 1129//1129 1134//1134 1126//1126
f 1062//1062 1126//1126 1134//1134
f 1135//1135 1136//1136 1137//1137
f 869//869 1138//1138 1136//1136
f 1139//1139 1137//1137 1138//1138
f 1136//1136 1138//1138 1137//1137
f 431//431 1140//1140 878//878
f 1139//1139 1138//1138 1140//1140
f 869//869 878//878 1138//1138
f 1140//1140 1138//1138 878//878
f 875//875 877//877 1141//1141
f 869//869 1136//1136 877//877
f 1135//1135 1141//1141 1136//1136
f 877//877 1136//1136 1141//1141
f 1075//1075 1142//1142 1143//1143
f 1135//1135 1137//1137 1142//1142
f 1139//1139 1143//1143 1137//1137
f 1142//1142 1137//1137 1143//1143
f 950//950 1144//1144 1145//1145
f 1146//1146 1147//1147 1144//1144
f 1148//1148 1145//1145 1147//1147
f 1144//1144 1147//1147 1145//1145
f 558//558 1149//1149 1150//1150
f 1148//1148 1147//1147 1149//1149
f 1146//1146 1150//1150 1147//1147
f 1149//1149 1147//1147 1150//1150
f 955//955 1151//1151 956//956
f 1146//1146 1144//1144 1151//1151
f 950//950 956//956 1144//1144
f 1151//1151 1144//1144 956//956
f 355//355 954//954 1152//1152
f 950//950 1145//1145 954//954
f 1148//1148 1152//1152 1145//1145
f 954//954 1145//1145 1152//1152
f 1129//1129 1153//1153 1154//1154
f 1155//1155 1156//1156 1153//1153
f 1157//1157 1154//1154 1156//1156
f 1153//1153 1156//1156 1154//1154
f 1158//1158 1159//1159 1160//1160
f 1157//1157 1156//1156 1159//1159
f 1155//1155 1160//1160 1156//1156
f 1159//1159 1156//1156 1160//1160
f 1130//1130 1161//1161 1131//1131
f 1155//1155 1153//1153 1161//1161
f 1129//1129 1131//1131 1153//1153
f 1161//1161 1153//1153 1131//1131
f 969//969 1134//1134 1162//1162
f 1129//1129 1154//1154 1134//1134
f 1157//1157 1162//1162 1154//1154
f 1134//1134 1154//1154 1162//1162
f 1163//1163 1164//1164 1165//1165
f 1166//1166 1167//1167 1164//1164
f 1168//1168 1165//1165 1167//1167
f 1164//1164 1167//1167 1165//1165
f 966//966 1169//1169 1170//1170
f 1168//1168 1167//1167 1169//1169
f 1166//1166 1170//1170 1167//1167
f 1169//1169 1167//1167 1170//1170
f 1171//1171 1172//1172 1173//1173
f 1166//1166 1164//1164 1172//1172
f 1163//1163 1173//1173 1164//1164
f 1172//1172 1164//1164 1173//1173
f 1174//1174 1175//1175 1176//1176
f 1163//1163 1165//1165 1175//1175
f 1168//1168 1176//1176 1165//1165
f 1175//1175 1165//1165 1176//1176
f 1177//1177 1178//1178 1179//1179
f 1180//1180 1181//1181 1178//1178
f 1182//1182 1179//1179 1181//1181
f 1178//1178 1181//1181 1179//1179
f 995//995 1183//1183 1184//1184
f 1182//1182 1181//1181 1183//1183
f 1180//1180 1184//1184 1181//1181
f 1183//1183 1181//1181 1184//1184
f 1185//1185 1186//1186 1187//1187
f 1180//1180 1178//1178 1186//1186
f 1177//1177 1187//1187 1178//1178
f 1186//1186 1178//1178 1187//1187
f 1100//1100 1188//1188 1189//1189
f 1177//1177 1179//1179 1188//1188
f 1182//1182 1189//1189 1179//1179
f 1188//1188 1179//1179 1189//1189
f 1190//1190 1191//1191 1192//1192
f 1193//1193 1194//1194 1191//1191
f 1195//1195 1192//1192 1194//1194
f 1191//1191 1194//1194 1192//1192
f 1196//1196 1197//1197 1198//1198
f 1195//1195 1194//1194 1197//1197
f 1193//1193 1198//1198 1194//1194
f 1197//1197 1194//1194 1198//1198
f 1199//1199 1200//1200 1201//1201
f 1193//1193 1191//1191 1200//1200
f 1190//1190 1201//1201 1191//1191
f 1200//1200 1191//1191 1201//1201
f 1202//1202 1203//1203 1204//1204
f 1190//1190 1192//1192 1203//1203
f 1195//1195 1204//1204 1192//1192
f 1203//1203 1192//1192 1204//1204
f 1205//1205 1206//1206 1207//1207
f 1208//1208 1209//1209 1206//1206
f 1210//1210 1207//1207 1209//1209
f 1206//1206 1209//1209 1207//1207
f 1114//1114 1211//1211 1212//1212
f 1210//1210 1209//1209 1211//1211
f 1208//1208 1212//1212 1209//1209
f 1211//1211 1209//1209 1212//1212
f 1213//1213 1214//1214 1215//1215
f 1208//1208 1206//1206 1214//1214
f 1205//1205 1215//1215 1206//1206
f 1214//1214 1206//1206 1215//1215
f 801//801 1216//1216 1217//1217
f 1205//1205 1207//1207 1216//1216
f 1210//1210 1217//1217 1207//1207
f 1216//1216 1207//1207 1217//1217
f 1218//1218 1219//1219 1220//1220
f 1221//1221 1222//1222 1219//1219
f 1223//1223 1220//1220 1222//1222
f 1219//1219 1222//1222 1220//1220
f 1224//1224 1225//1225 1226//1226
f 1223//1223 1222//1222 1225//1225
f 1221//1221 1226//1226 1222//1222
f 1225//1225 1222//1222 1226//1226
f 694//694 1227//1227 1228//1228
f 1221//1221 1219//1219 1227//1227
f 1218//1218 1228//1228 1219//1219
f 1227//1227 1219//1219 1228//1228
f 1229//1229 1230//1230 1231//1231
f 1218//1218 1220//1220 1230//1230
f 1223//1223 1231//1231 1220//1220
f 1230//1230 1220//1220 1231//1231
f 1232//1232 1233//1233 1234//1234
f 1235//1235 1236//1236 1233//1233
f 929//929 1234//1234 1236//1236
f 1233//1233 1236//1236 1234//1234
f 932//932 934//934 1237//1237
f 929//929 1236//1236 934//934
f 1235//1235 1237//1237 1236//1236
f 934//934 1236//1236 1237//1237
f 1238//1238 1239//1239 1240//1240
f 1235//1235 1233//1233 1239//1239
f 1232//1232 1240//1240 1233//1233
f 1239//1239 1233//1233 1240//1240
f 861//861 1241//1241 935//935
f 1232//1232 1234//1234 1241//1241
f 929//929 935//935 1234//1234
f 1241//1241 1234//1234 935//935
f 1127//1127 1242//1242 1243//1243
f 1244//1244 1245//1245 1242//1242
f 1246//1246 1243//1243 1245//1245
f 1242//1242 1245//1245 1243//1243
f 1247//1247 1248//1248 1249//1249
f 1246//1246 1245//1245 1248//1248
f 1244//1244 1249//1249 1245//1245
f 1248//1248 1245//1245 1249//1249
f 1063//1063 1250//1250 1133//1133
f 1244//1244 1242//1242 1250//1250
f 1127//1127 1133//1133 1242//1242
f 1250//1250 1242//1242 1133//1133
f 1130//1130 1132//1132 1251//1251
f 1127//1127 1243//1243 1132//1132
f 1246//1246 1251//1251 1243//1243
f 1132//1132 1243//1243 1251//1251
f 1252//1252 1253//1253 1254//1254
f 1155//1155 1255//1255 1253//1253
f 1256//1256 1254//1254 1255//1255
f 1253//1253 1255//1255 1254//1254
f 1130//1130 1257//1257 1161//1161
f 1256//1256 1255//1255 1257//1257
f 1155//1155 1161//1161 1255//1255
f 1257//1257 1255//1255 1161//1161
f 1158//1158 1160//1160 1258//1258
f 1155//1155 1253//1253 1160//1160
f 1252//1252 1258//1258 1253//1253
f 1160//1160 1253//1253 1258//1258
f 1259//1259 1260//1260 1261//1261
f 1252//1252 1254//1254 1260//1260
f 1256//1256 1261//1261 1254//1254
f 1260//1260 1254//1254 1261//1261
f 1262//1262 1263//1263 1264//1264
f 1265//1265 1266//1266 1263//1263
f 1267//1267 1264//1264 1266//1266
f 1263//1263 1266//1266 1264//1264
f 1158//1158 1268//1268 1269//1269
f 1267//1267 1266//1266 1268//1268
f 1265//1265 1269//1269 1266//1266
f 1268//1268 1266//1266 1269//1269
f 1174//1174 1270//1270 1271//1271
f 1265//1265 1263//1263 1270//1270
f 1262//1262 1271//1271 1263//1263
f 1270//1270 1263//1263 1271//1271
f 1272//1272 1273//1273 1274//1274
f 1262//1262 1264//1264 1273//1273
f 1267//1267 1274//1274 1264//1264
f 1273//1273 1264//1264 1274//1274
f 1275//1275 1276//1276 1277//1277
f 1267//1267 1278//1278 1276//1276
f 1279//1279 1277//1277 1278//1278
f 1276//1276 1278//1278 1277//1277
f 1158//1158 1280//1280 1268//1268
f 1279//1279 1278//1278 1280//1280
f 1267//1267 1268//1268 1278//1278
f 1280//1280 1278//1278 1268//1268
f 1272//1272 1274//1274 1281//1281
f 1267//1267 1276//1276 1274//1274
f 1275//1275 1281//1281 1276//1276
f 1274//1274 1276//1276 1281//1281
f 1282//1282 1283//1283 1284//1284
f 1275//1275 1277//1277 1283//1283
f 1279//1279 1284//1284 1277//1277
f 1283//1283 1277//1277 1284//1284
f 1285//1285 1286//1286 1287//1287
f 1288//1288 1289//1289 1286//1286
f 1072//1072 1287//1287 1289//1289
f 1286//1286 1289//1289 1287//1287
f 1075//1075 1077//1077 1290//1290
f 1072//1072 1289//1289 1077//1077
f 1288//1288 1290//1290 1289//1289
f 1077//1077 1289//1289 1290//1290
f 1291//1291 1292//1292 1293//1293
f 1288//1288 1286//1286 1292//1292
f 1285//1285 1293//1293 1286//1286
f 1292//1292 1286//1286 1293//1293
f 838//838 1294//1294 1073//1073
f 1285//1285 1287//1287 1294//1294
f 1072//1072 1073//1073 1287//1287
f 1294//1294 1287//1287 1073//1073
f 1295//1295 1296//1296 1297//1297
f 1298//1298 1299//1299 1296//1296
f 1300//1300 1297//1297 1299//1299
f 1296//1296 1299//1299 1297//1297
f 1301//1301 1302//1302 1303//1303
f 1300//1300 1299//1299 1302//1302
f 1298//1298 1303//1303 1299//1299
f 1302//1302 1299//1299 1303//1303
f 1304//1304 1305//1305 1306//1306
f 1298//1298 1296//1296 1305//1305
f 1295//1295 1306//1306 1296//1296
f 1305//1305 1296//1296 1306//1306
f 932//932 1307//1307 1308//1308
f 1295//1295 1297//1297 1307//1307
f 1300//1300 1308//1308 1297//1297
f 1307//1307 1297//1297 1308//1308
f 1309//1309 1310//1310 1311//1311
f 1312//1312 1313//1313 1310//1310
f 1314//1314 1311//1311 1313//1313
f 1310//1310 1313//1313 1311//1311
f 1315//1315 1316//1316 1317//1317
f 1314//1314 1313//1313 1316//1316
f 1312//1312 1317//1317 1313//1313
f 1316//1316 1313//1313 1317//1317
f 891//891 1318//1318 1319//1319
f 1312//1312 1310//1310 1318//1318
f 1309//1309 1319//1319 1310//1310
f 1318//1318 1310//1310 1319//1319
f 1320//1320 1321//1321 1322//1322
f 1309//1309 1311//1311 1321//1321
f 1314//1314 1322//1322 1311//1311
f 1321//1321 1311//1311 1322//1322
f 1323//1323 1324//1324 1325//1325
f 1244//1244 1326//1326 1324//1324
f 1327//1327 1325//1325 1326//1326
f 1324//1324 1326//1326 1325//1325
f 1063//1063 1328//1328 1250//1250
f 1327//1327 1326//1326 1328//1328
f 1244//1244 1250//1250 1326//1326
f 1328//1328 1326//1326 1250//1250
f 1247//1247 1249//1249 1329//1329
f 1244//1244 1324//1324 1249//1249
f 1323//1323 1329//1329 1324//1324
f 1249//1249 1324//1324 1329//1329
f 1330//1330 1331//1331 1332//1332
f 1323//1323 1325//1325 1331//1331
f 1327//1327 1332//1332 1325//1325
f 1331//1331 1325//1325 1332//1332
f 1333//1333 1334//1334 1335//1335
f 1256//1256 1336//1336 1334//1334
f 1246//1246 1335//1335 1336//1336
f 1334//1334 1336//1336 1335//1335
f 1130//1130 1251//1251 1257//1257
f 1246//1246 1336//1336 1251//1251
f 1256//1256 1257//1257 1336//1336
f 1251//1251 1336//1336 1257//1257
f 1259//1259 1261//1261 1337//1337
f 1256//1256 1334//1334 1261//1261
f 1333//1333 1337//1337 1334//1334
f 1261//1261 1334//1334 1337//1337
f 1247//1247 1338//1338 1248//1248
f 1333//1333 1335//1335 1338//1338
f 1246//1246 1248//1248 1335//1335
f 1338//1338 1335//1335 1248//1248
f 1166//1166 1339//1339 1340//1340
f 1341//1341 1342//1342 1339//1339
f 1343//1343 1340//1340 1342//1342
f 1339//1339 1342//1342 1340//1340
f 1344//1344 1345//1345 1346//1346
f 1343//1343 1342//1342 1345//1345
f 1341//1341 1346//1346 1342//1342
f 1345//1345 1342//1342 1346//1346
f 1171//1171 1347//1347 1172//1172
f 1341//1341 1339//1339 1347//1347
f 1166//1166 1172//1172 1339//1339
f 1347//1347 1339//1339 1172//1172
f 966//966 1170//1170 1348//1348
f 1166//1166 1340//1340 1170//1170
f 1343//1343 1348//1348 1340//1340
f 1170//1170 1340//1340 1348//1348
f 1349//1349 1350//1350 1351//1351
f 1352//1352 1353//1353 1350//1350
f 1354//1354 1351//1351 1353//1353
f 1350//1350 1353//1353 1351//1351
f 1282//1282 1355//1355 1356//1356
f 1354//1354 1353//1353 1355//1355
f 1352//1352 1356//1356 1353//1353
f 1355//1355 1353//1353 1356//1356
f 1357//1357 1358//1358 1359//1359
f 1352//1352 1350//1350 1358//1358
f 1349//1349 1359//1359 1350//1350
f 1358//1358 1350//1350 1359//1359
f 1360//1360 1361//1361 1362//1362
f 1349//1349 1351//1351 1361//1361
f 1354//1354 1362//1362 1351//1351
f 1361//1361 1351//1351 1362//1362
f 1354//1354 1363//1363 1364//1364
f 1365//1365 1366//1366 1363//1363
f 1367//1367 1364//1364 1366//1366
f 1363//1363 1366//1366 1364//1364
f 1368//1368 1369//1369 1370//1370
f 1367//1367 1366//1366 1369//1369
f 1365//1365 1370//1370 1366//1366
f 1369//1369 1366//1366 1370//1370
f 1282//1282 1371//1371 1355//1355
f 1365//1365 1363//1363 1371//1371
f 1354//1354 1355//1355 1363//1363
f 1371//1371 1363//1363 1355//1355
f 1360//1360 1362//1362 1372//1372
f 1354//1354 1364//1364 1362//1362
f 1367//1367 1372//1372 1364//1364
f 1362//1362 1364//1364 1372//1372
f 1091//1091 1373//1373 1374//1374
f 1375//1375 1376//1376 1373//1373
f 1377//1377 1374//1374 1376//1376
f 1373//1373 1376//1376 1374//1374
f 1378//1378 1379//1379 1380//1380
f 1377//1377 1376//1376 1379//1379
f 1375//1375 1380//1380 1376//1376
f 1379//1379 1376//1376 1380//1380
f 1084//1084 1381//1381 1092//1092
f 1375//1375 1373//1373 1381//1381
f 1091//1091 1092//1092 1373//1373
f 1381//1381 1373//1373 1092//1092
f 1008//1008 1093//1093 1382//1382
f 1091//1091 1374//1374 1093//1093
f 1377//1377 1382//1382 1374//1374
f 1093//1093 1374//1374 1382//1382
f 1383//1383 1384//1384 1385//1385
f 1208//1208 1386//1386 1384//1384
f 1387//1387 1385//1385 1386//1386
f 1384//1384 1386//1386 1385//1385
f 1213//1213 1388//1388 1214//1214
f 1387//1387 1386//1386 1388//1388
f 1208//1208 1214//1214 1386//1386
f 1388//1388 1386//1386 1214//1214
f 1114//1114 1212//1212 1389//1389
f 1208//1208 1384//1384 1212//1212
f 1383//1383 1389//1389 1384//1384
f 1212//1212 1384//1384 1389//1389
f 1390//1390 1391//1391 1392//1392
f 1383//1383 1385//1385 1391//1391
f 1387//1387 1392//1392 1385//1385
f 1391//1391 1385//1385 1392//1392
f 1393//1393 1394//1394 1395//1395
f 1396//1396 1397//1397 1394//1394
f 1398//1398 1395//1395 1397//1397
f 1394//1394 1397//1397 1395//1395
f 762//762 1399//1399 1400//1400
f 1398//1398 1397//1397 1399//1399
f 1396//1396 1400//1400 1397//1397
f 1399//1399 1397//1397 1400//1400
f 1401//1401 1402//1402 1403//1403
f 1396//1396 1394//1394 1402//1402
f 1393//1393 1403//1403 1394//1394
f 1402//1402 1394//1394 1403//1403
f 1404//1404 1405//1405 1406//1406
f 1393//1393 1395//1395 1405//1405
f 1398//1398 1406//1406 1395//1395
f 1405//1405 1395//1395 1406//1406
f 1407//1407 1408//1408 1409//1409
f 1410//1410 1411//1411 1408//1408
f 1412//1412 1409//1409 1411//1411
f 1408//1408 1411//1411 1409//1409
f 492//492 1413//1413 1414//1414
f 1412//1412 1411//1411 1413//1413
f 1410//1410 1414//1414 1411//1411
f 1413//1413 1411//1411 1414//1414
f 813//813 1415//1415 1416//1416
f 1410//1410 1408//1408 1415//1415
f 1407//1407 1416//1416 1408//1408
f 1415//1415 1408//1408 1416//1416
f 1417//1417 1418//1418 1419//1419
f 1407//1407 1409//1409 1418//1418
f 1412//1412 1419//1419 1409//1409
f 1418//1418 1409//1409 1419//1419
f 1420//1420 1421//1421 1422//1422
f 1423//1423 1424//1424 1421//1421
f 1425//1425 1422//1422 1424//1424
f 1421//1421 1424//1424 1422//1422
f 944//944 1426//1426 1427//1427
f 1425//1425 1424//1424 1426//1426
f 1423//1423 1427//1427 1424//1424
f 1426//1426 1424//1424 1427//1427
f 1428//1428 1429//1429 1430//1430
f 1423//1423 1421//1421 1429//1429
f 1420//1420 1430//1430 1421//1421
f 1429//1429 1421//1421 1430//1430
f 1431//1431 1432//1432 1433//1433
f 1420//1420 1422//1422 1432//1432
f 1425//1425 1433//1433 1422//1422
f 1432//1432 1422//1422 1433//1433
f 1146//1146 1434//1434 1435//1435
f 1436//1436 1437//1437 1434//1434
f 1438//1438 1435//1435 1437//1437
f 1434//1434 1437//1437 1435//1435
f 1439//1439 1440//1440 1441//1441
f 1438//1438 1437//1437 1440//1440
f 1436//1436 1441//1441 1437//1437
f 1440//1440 1437//1437 1441//1441
f 955//955 1442//1442 1151//1151
f 1436//1436 1434//1434 1442//1442
f 1146//1146 1151//1151 1434//1434
f 1442//1442 1434//1434 1151//1151
f 558//558 1150//1150 1443//1443
f 1146//1146 1435//1435 1150//1150
f 1438//1438 1443//1443 1435//1435
f 1150//1150 1435//1435 1443//1443
f 1438//1438 1444//1444 1445//1445
f 1446//1446 1447//1447 1444//1444
f 1448//1448 1445//1445 1447//1447
f 1444//1444 1447//1447 1445//1445
f 1449//1449 1450//1450 1451//1451
f 1448//1448 1447//1447 1450//1450
f 1446//1446 1451//1451 1447//1447
f 1450//1450 1447//1447 1451//1451
f 1439//1439 1452//1452 1440//1440
f 1446//1446 1444//1444 1452//1452
f 1438//1438 1440//1440 1444//1444
f 1452//1452 1444//1444 1440//1440
f 558//558 1443//1443 1453//1453
f 1438//1438 1445//1445 1443//1443
f 1448//1448 1453//1453 1445//1445
f 1443//1443 1445//1445 1453//1453
f 1454//1454 1455//1455 1456//1456
f 1457//1457 1458//1458 1455//1455
f 1459//1459 1456//1456 1458//1458
f 1455//1455 1458//1458 1456//1456
f 1460//1460 1461//1461 1462//1462
f 1459//1459 1458//1458 1461//1461
f 1457//1457 1462//1462 1458//1458
f 1461//1461 1458//1458 1462//1462
f 1463//1463 1464//1464 1465//1465
f 1457//1457 1455//1455 1464//1464
f 1454//1454 1465//1465 1455//1455
f 1464//1464 1455//1455 1465//1465
f 1247//1247 1466//1466 1467//1467
f 1454//1454 1456//1456 1466//1466
f 1459//1459 1467//1467 1456//1456
f 1466//1466 1456//1456 1467//1467
f 1459//1459 1468//1468 1469//1469
f 1470//1470 1471//1471 1468//1468
f 1333//1333 1469//1469 1471//1471
f 1468//1468 1471//1471 1469//1469
f 1259//1259 1337//1337 1472//1472
f 1333//1333 1471//1471 1337//1337
f 1470//1470 1472//1472 1471//1471
f 1337//1337 1471//1471 1472//1472
f 1460//1460 1473//1473 1461//1461
f 1470//1470 1468//1468 1473//1473
f 1459//1459 1461//1461 1468//1468
f 1473//1473 1468//1468 1461//1461
f 1247//1247 1467//1467 1338//1338
f 1459//1459 1469//1469 1467//1467
f 1333//1333 1338//1338 1469//1469
f 1467//1467 1469//1469 1338//1338
f 1470//1470 1474//1474 1475//1475
f 1476//1476 1477//1477 1474//1474
f 1478//1478 1475//1475 1477//1477
f 1474//1474 1477//1477 1475//1475
f 1479//1479 1480//1480 1481//1481
f 1478//1478 1477//1477 1480//1480
f 1476//1476 1481//1481 1477//1477
f 1480//1480 1477//1477 1481//1481
f 1460//1460 1482//1482 1473//1473
f 1476//1476 1474//1474 1482//1482
f 1470//1470 1473//1473 1474//1474
f 1482//1482 1474//1474 1473//1473
f 1259//1259 1472//1472 1483//1483
f 1470//1470 1475//1475 1472//1472
f 1478//1478 1483//1483 1475//1475
f 1472//1472 1475//1475 1483//1483
f 1252//1252 1484//1484 1485//1485
f 1486//1486 1487//1487 1484//1484
f 1488//1488 1485//1485 1487//1487
f 1484//1484 1487//1487 1485//1485
f 1368//1368 1489//1489 1490//1490
f 1488//1488 1487//1487 1489//1489
f 1486//1486 1490//1490 1487//1487
f 1489//1489 1487//1487 1490//1490
f 1259//1259 1491//1491 1260//1260
f 1486//1486 1484//1484 1491//1491
f 1252//1252 1260//1260 1484//1484
f 1491//1491 1484//1484 1260//1260
f 1158//1158 1258//1258 1492//1492
f 1252//1252 1485//1485 1258//1258
f 1488//1488 1492//1492 1485//1485
f 1258//1258 1485//1485 1492//1492
f 1493//1493 1494//1494 1495//1495
f 1486//1486 1496//1496 1494//1494
f 1497//1497 1495//1495 1496//1496
f 1494//1494 1496//1496 1495//1495
f 1259//1259 1498//1498 1491//1491
f 1497//1497 1496//1496 1498//1498
f 1486//1486 1491//1491 1496//1496
f 1498//1498 1496//1496 1491//1491
f 1368//1368 1490//1490 1499//1499
f 1486//1486 1494//1494 1490//1490
f 1493//1493 1499//1499 1494//1494
f 1490//1490 1494//1494 1499//1499
f 1500//1500 1501//1501 1502//1502
f 1493//1493 1495//1495 1501//1501
f 1497//1497 1502//1502 1495//1495
f 1501//1501 1495//1495 1502//1502
f 1367//1367 1503//1503 1504//1504
f 1493//1493 1505//1505 1503//1503
f 1506//1506 1504//1504 1505//1505
f 1503//1503 1505//1505 1504//1504
f 1500//1500 1507//1507 1501//1501
f 1506//1506 1505//1505 1507//1507
f 1493//1493 1501//1501 1505//1505
f 1507//1507 1505//1505 1501//1501
f 1368//1368 1499//1499 1369//1369
f 1493//1493 1503//1503 1499//1499
f 1367//1367 1369//1369 1503//1503
f 1499//1499 1503//1503 1369//1369
f 1360//1360 1372//1372 1508//1508
f 1367//1367 1504//1504 1372//1372
f 1506//1506 1508//1508 1504//1504
f 1372//1372 1504//1504 1508//1508
f 1509//1509 1510//1510 1511//1511
f 1512//1512 1513//1513 1510//1510
f 1514//1514 1511//1511 1513//1513
f 1510//1510 1513//1513 1511//1511
f 1344//1344 1515//1515 1516//1516
f 1514//1514 1513//1513 1515//1515
f 1512//1512 1516//1516 1513//1513
f 1515//1515 1513//1513 1516//1516
f 1517//1517 1518//1518 1519//1519
f 1512//1512 1510//1510 1518//1518
f 1509//1509 1519//1519 1510//1510
f 1518//1518 1510//1510 1519//1519
f 1463//1463 1520//1520 1521//1521
f 1509//1509 1511//1511 1520//1520
f 1514//1514 1521//1521 1511//1511
f 1520//1520 1511//1511 1521//1521
f 1514//1514 1522//1522 1523//1523
f 1341//1341 1524//1524 1522//1522
f 1525//1525 1523//1523 1524//1524
f 1522//1522 1524//1524 1523//1523
f 1171//1171 1526//1526 1347//1347
f 1525//1525 1524//1524 1526//1526
f 1341//1341 1347//1347 1524//1524
f 1526//1526 1524//1524 1347//1347
f 1344//1344 1346//1346 1515//1515
f 1341//1341 1522//1522 1346//1346
f 1514//1514 1515//1515 1522//1522
f 1346//1346 1522//1522 1515//1515
f 1463//1463 1521//1521 1527//1527
f 1514//1514 1523//1523 1521//1521
f 1525//1525 1527//1527 1523//1523
f 1521//1521 1523//1523 1527//1527
f 1352//1352 1528//1528 1529//1529
f 1530//1530 1531//1531 1528//1528
f 1275//1275 1529//1529 1531//1531
f 1528//1528 1531//1531 1529//1529
f 1272//1272 1281//1281 1532//1532
f 1275//1275 1531//1531 1281//1281
f 1530//1530 1532//1532 1531//1531
f 1281//1281 1531//1531 1532//1532
f 1357//1357 1533//1533 1358//1358
f 1530//1530 1528//1528 1533//1533
f 1352//1352 1358//1358 1528//1528
f 1533//1533 1528//1528 1358//1358
f 1282//1282 1356//1356 1283//1283
f 1352//1352 1529//1529 1356//1356
f 1275//1275 1283//1283 1529//1529
f 1356//1356 1529//1529 1283//1283
f 1534//1534 1535//1535 1536//1536
f 1537//1537 1538//1538 1535//1535
f 1349//1349 1536//1536 1538//1538
f 1535//1535 1538//1538 1536//1536
f 1357//1357 1359//1359 1539//1539
f 1349//1349 1538//1538 1359//1359
f 1537//1537 1539//1539 1538//1538
f 1359//1359 1538//1538 1539//1539
f 1540//1540 1541//1541 1542//1542
f 1537//1537 1535//1535 1541//1541
f 1534//1534 1542//1542 1535//1535
f 1541//1541 1535//1535 1542//1542
f 1360//1360 1543//1543 1361//1361
f 1534//1534 1536//1536 1543//1543
f 1349//1349 1361//1361 1536//1536
f 1543//1543 1536//1536 1361//1361
f 1135//1135 1544//1544 1545//1545
f 1546//1546 1547//1547 1544//1544
f 1548//1548 1545//1545 1547//1547
f 1544//1544 1547//1547 1545//1545
f 1549//1549 1550//1550 1551//1551
f 1548//1548 1547//1547 1550//1550
f 1546//1546 1551//1551 1547//1547
f 1550//1550 1547//1547 1551//1551
f 1075//1075 1552//1552 1142//1142
f 1546//1546 1544//1544 1552//1552
f 1135//1135 1142//1142 1544//1544
f 1552//1552 1544//1544 1142//1142
f 875//875 1141//1141 1553//1553
f 1135//1135 1545//1545 1141//1141
f 1548//1548 1553//1553 1545//1545
f 1141//1141 1545//1545 1553//1553
f 1554//1554 1555//1555 1556//1556
f 1180//1180 1557//1557 1555//1555
f 1558//1558 1556//1556 1557//1557
f 1555//1555 1557//1557 1556//1556
f 1185//1185 1559//1559 1186//1186
f 1558//1558 1557//1557 1559//1559
f 1180//1180 1186//1186 1557//1557
f 1559//1559 1557//1557 1186//1186
f 995//995 1184//1184 1560//1560
f 1180//1180 1555//1555 1184//1184
f 1554//1554 1560//1560 1555//1555
f 1184//1184 1555//1555 1560//1560
f 1417//1417 1561//1561 1562//1562
f 1554//1554 1556//1556 1561//1561
f 1558//1558 1562//1562 1556//1556
f 1561//1561 1556//1556 1562//1562
f 1563//1563 1564//1564 1565//1565
f 1566//1566 1567//1567 1564//1564
f 1568//1568 1565//1565 1567//1567
f 1564//1564 1567//1567 1565//1565
f 1569//1569 1570//1570 1571//1571
f 1568//1568 1567//1567 1570//1570
f 1566//1566 1571//1571 1567//1567
f 1570//1570 1567//1567 1571//1571
f 1320//1320 1572//1572 1573//1573
f 1566//1566 1564//1564 1572//1572
f 1563//1563 1573//1573 1564//1564
f 1572//1572 1564//1564 1573//1573
f 1574//1574 1575//1575 1576//1576
f 1563//1563 1565//1565 1575//1575
f 1568//1568 1576//1576 1565//1565
f 1575//1575 1565//1565 1576//1576
f 1383//1383 1577//1577 1578//1578
f 1579//1579 1580//1580 1577//1577
f 1581//1581 1578//1578 1580//1580
f 1577//1577 1580//1580 1578//1578
f 1582//1582 1583//1583 1584//1584
f 1581//1581 1580//1580 1583//1583
f 1579//1579 1584//1584 1580//1580
f 1583//1583 1580//1580 1584//1584
f 1390//1390 1585//1585 1391//1391
f 1579//1579 1577//1577 1585//1585
f 1383//1383 1391//1391 1577//1577
f 1585//1585 1577//1577 1391//1391
f 1114//1114 1389//1389 1586//1586
f 1383//1383 1578//1578 1389//1389
f 1581//1581 1586//1586 1578//1578
f 1389//1389 1578//1578 1586//1586
f 1398//1398 1587//1587 1588//1588
f 1589//1589 1590//1590 1587//1587
f 1591//1591 1588//1588 1590//1590
f 1587//1587 1590//1590 1588//1588
f 923//923 1592//1592 1593//1593
f 1591//1591 1590//1590 1592//1592
f 1589//1589 1593//1593 1590//1590
f 1592//1592 1590//1590 1593//1593
f 762//762 1594//1594 1399//1399
f 1589//1589 1587//1587 1594//1594
f 1398//1398 1399//1399 1587//1587
f 1594//1594 1587//1587 1399//1399
f 1404//1404 1406//1406 1595//1595
f 1398//1398 1588//1588 1406//1406
f 1591//1591 1595//1595 1588//1588
f 1406//1406 1588//1588 1595//1595
f 1596//1596 1597//1597 1598//1598
f 1599//1599 1600//1600 1597//1597
f 1601//1601 1598//1598 1600//1600
f 1597//1597 1600//1600 1598//1598
f 861//861 1602//1602 1603//1603
f 1601//1601 1600//1600 1602//1602
f 1599//1599 1603//1603 1600//1600
f 1602//1602 1600//1600 1603//1603
f 1604//1604 1605//1605 1606//1606
f 1599//1599 1597//1597 1605//1605
f 1596//1596 1606//1606 1597//1597
f 1605//1605 1597//1597 1606//1606
f 1607//1607 1608//1608 1609//1609
f 1596//1596 1598//1598 1608//1608
f 1601//1601 1609//1609 1598//1598
f 1608//1608 1598//1598 1609//1609
f 1223//1223 1610//1610 1611//1611
f 1612//1612 1613//1613 1610//1610
f 1614//1614 1611//1611 1613//1613
f 1610//1610 1613//1613 1611//1611
f 1615//1615 1616//1616 1617//1617
f 1614//1614 1613//1613 1616//1616
f 1612//1612 1617//1617 1613//1613
f 1616//1616 1613//1613 1617//1617
f 1224//1224 1618//1618 1225//1225
f 1612//1612 1610//1610 1618//1618
f 1223//1223 1225//1225 1610//1610
f 1618//1618 1610//1610 1225//1225
f 1229//1229 1231//1231 1619//1619
f 1223//1223 1611//1611 1231//1231
f 1614//1614 1619//1619 1611//1611
f 1231//1231 1611//1611 1619//1619
f 1454//1454 1620//1620 1621//1621
f 1622//1622 1623//1623 1620//1620
f 1509//1509 1621//1621 1623//1623
f 1620//1620 1623//1623 1621//1621
f 1517//1517 1519//1519 1624//1624
f 1509//1509 1623//1623 1519//1519
f 1622//1622 1624//1624 1623//1623
f 1519//1519 1623//1623 1624//1624
f 1247//1247 1625//1625 1466//1466
f 1622//1622 1620//1620 1625//1625
f 1454//1454 1466//1466 1620//1620
f 1625//1625 1620//1620 1466//1466
f 1463//1463 1465//1465 1520//1520
f 1454//1454 1621//1621 1465//1465
f 1509//1509 1520//1520 1621//1621
f 1465//1465 1621//1621 1520//1520
f 1506//1506 1626//1626 1627//1627
f 1628//1628 1629//1629 1626//1626
f 1534//1534 1627//1627 1629//1629
f 1626//1626 1629//1629 1627//1627
f 1540//1540 1542//1542 1630//1630
f 1534//1534 1629//1629 1542//1542
f 1628//1628 1630//1630 1629//1629
f 1542//1542 1629//1629 1630//1630
f 1500//1500 1631//1631 1507//1507
f 1628//1628 1626//1626 1631//1631
f 1506//1506 1507//1507 1626//1626
f 1631//1631 1626//1626 1507//1507
f 1360//1360 1508//1508 1543//1543
f 1506//1506 1627//1627 1508//1508
f 1534//1534 1543//1543 1627//1627
f 1508//1508 1627//1627 1543//1543
f 1632//1632 1633//1633 1634//1634
f 1635//1635 1636//1636 1633//1633
f 1637//1637 1634//1634 1636//1636
f 1633//1633 1636//1636 1634//1634
f 1171//1171 1638//1638 1639//1639
f 1637//1637 1636//1636 1638//1638
f 1635//1635 1639//1639 1636//1636
f 1638//1638 1636//1636 1639//1639
f 1640//1640 1641//1641 1642//1642
f 1635//1635 1633//1633 1641//1641
f 1632//1632 1642//1642 1633//1633
f 1641//1641 1633//1633 1642//1642
f 1643//1643 1644//1644 1645//1645
f 1632//1632 1634//1634 1644//1644
f 1637//1637 1645//1645 1634//1634
f 1644//1644 1634//1634 1645//1645
f 1646//1646 1647//1647 1648//1648
f 1649//1649 1650//1650 1647//1647
f 1530//1530 1648//1648 1650//1650
f 1647//1647 1650//1650 1648//1648
f 1272//1272 1532//1532 1651//1651
f 1530//1530 1650//1650 1532//1532
f 1649//1649 1651//1651 1650//1650
f 1532//1532 1650//1650 1651//1651
f 1643//1643 1652//1652 1653//1653
f 1649//1649 1647//1647 1652//1652
f 1646//1646 1653//1653 1647//1647
f 1652//1652 1647//1647 1653//1653
f 1357//1357 1654//1654 1533//1533
f 1646//1646 1648//1648 1654//1654
f 1530//1530 1533//1533 1648//1648
f 1654//1654 1648//1648 1533//1533
f 1655//1655 1656//1656 1657//1657
f 1622//1622 1658//1658 1656//1656
f 1659//1659 1657//1657 1658//1658
f 1656//1656 1658//1658 1657//1657
f 1247//1247 1660//1660 1625//1625
f 1659//1659 1658//1658 1660//1660
f 1622//1622 1625//1625 1658//1658
f 1660//1660 1658//1658 1625//1625
f 1517//1517 1624//1624 1661//1661
f 1622//1622 1656//1656 1624//1624
f 1655//1655 1661//1661 1656//1656
f 1624//1624 1656//1656 1661//1661
f 1662//1662 1663//1663 1664//1664
f 1655//1655 1657//1657 1663//1663
f 1659//1659 1664//1664 1657//1657
f 1663//1663 1657//1657 1664//1664
f 1665//1665 1666//1666 1667//1667
f 1512//1512 1668//1668 1666//1666
f 1655//1655 1667//1667 1668//1668
f 1666//1666 1668//1668 1667//1667
f 1517//1517 1661//1661 1518//1518
f 1655//1655 1668//1668 1661//1661
f 1512//1512 1518//1518 1668//1668
f 1661//1661 1668//1668 1518//1518
f 1344//1344 1516//1516 1669//1669
f 1512//1512 1666//1666 1516//1516
f 1665//1665 1669//1669 1666//1666
f 1516//1516 1666//1666 1669//1669
f 1662//1662 1670//1670 1663//1663
f 1665//1665 1667//1667 1670//1670
f 1655//1655 1663//1663 1667//1667
f 1670//1670 1667//1667 1663//1663
f 1671//1671 1672//1672 1673//1673
f 1288//1288 1674//1674 1672//1672
f 1675//1675 1673//1673 1674//1674
f 1672//1672 1674//1674 1673//1673
f 1291//1291 1676//1676 1292//1292
f 1675//1675 1674//1674 1676//1676
f 1288//1288 1292//1292 1674//1674
f 1676//1676 1674//1674 1292//1292
f 1075//1075 1290//1290 1677//1677
f 1288//1288 1672//1672 1290//1290
f 1671//1671 1677//1677 1672//1672
f 1290//1290 1672//1672 1677//1677
f 1678//1678 1679//1679 1680//1680
f 1671//1671 1673//1673 1679//1679
f 1675//1675 1680//1680 1673//1673
f 1679//1679 1673//1673 1680//1680
f 1375//1375 1681//1681 1682//1682
f 1683//1683 1684//1684 1681//1681
f 1685//1685 1682//1682 1684//1684
f 1681//1681 1684//1684 1682//1682
f 1686//1686 1687//1687 1688//1688
f 1685//1685 1684//1684 1687//1687
f 1683//1683 1688//1688 1684//1684
f 1687//1687 1684//1684 1688//1688
f 1084//1084 1689//1689 1381//1381
f 1683//1683 1681//1681 1689//1689
f 1375//1375 1381//1381 1681//1681
f 1689//1689 1681//1681 1381//1381
f 1378//1378 1380//1380 1690//1690
f 1375//1375 1682//1682 1380//1380
f 1685//1685 1690//1690 1682//1682
f 1380//1380 1682//1682 1690//1690
f 1078//1078 1691//1691 1692//1692
f 1693//1693 1694//1694 1691//1691
f 1683//1683 1692//1692 1694//1694
f 1691//1691 1694//1694 1692//1692
f 1686//1686 1688//1688 1695//1695
f 1683//1683 1694//1694 1688//1688
f 1693//1693 1695//1695 1694//1694
f 1688//1688 1694//1694 1695//1695
f 780//780 1696//1696 1087//1087
f 1693//1693 1691//1691 1696//1696
f 1078//1078 1087//1087 1691//1691
f 1696//1696 1691//1691 1087//1087
f 1084//1084 1086//1086 1689//1689
f 1078//1078 1692//1692 1086//1086
f 1683//1683 1689//1689 1692//1692
f 1086//1086 1692//1692 1689//1689
f 1697//1697 1698//1698 1699//1699
f 1700//1700 1701//1701 1698//1698
f 774//774 1699//1699 1701//1701
f 1698//1698 1701//1701 1699//1699
f 780//780 782//782 1702//1702
f 774//774 1701//1701 782//782
f 1700//1700 1702//1702 1701//1701
f 782//782 1701//1701 1702//1702
f 1703//1703 1704//1704 1705//1705
f 1700//1700 1698//1698 1704//1704
f 1697//1697 1705//1705 1698//1698
f 1704//1704 1698//1698 1705//1705
f 643//643 1706//1706 783//783
f 1697//1697 1699//1699 1706//1706
f 774//774 783//783 1699//1699
f 1706//1706 1699//1699 783//783
f 1707//1707 1708//1708 1709//1709
f 1710//1710 1711//1711 1708//1708
f 1712//1712 1709//1709 1711//1711
f 1708//1708 1711//1711 1709//1709
f 1713//1713 1714//1714 1715//1715
f 1712//1712 1711//1711 1714//1714
f 1710//1710 1715//1715 1711//1711
f 1714//1714 1711//1711 1715//1715
f 1615//1615 1716//1716 1717//1717
f 1710//1710 1708//1708 1716//1716
f 1707//1707 1717//1717 1708//1708
f 1716//1716 1708//1708 1717//1717
f 1103//1103 1718//1718 1719//1719
f 1707//1707 1709//1709 1718//1718
f 1712//1712 1719//1719 1709//1709
f 1718//1718 1709//1709 1719//1719
f 1720//1720 1721//1721 1722//1722
f 1723//1723 1724//1724 1721//1721
f 1725//1725 1722//1722 1724//1724
f 1721//1721 1724//1724 1722//1722
f 1213//1213 1726//1726 1727//1727
f 1725//1725 1724//1724 1726//1726
f 1723//1723 1727//1727 1724//1724
f 1726//1726 1724//1724 1727//1727
f 1728//1728 1729//1729 1730//1730
f 1723//1723 1721//1721 1729//1729
f 1720//1720 1730//1730 1721//1721
f 1729//1729 1721//1721 1730//1730
f 1401//1401 1731//1731 1732//1732
f 1720//1720 1722//1722 1731//1731
f 1725//1725 1732//1732 1722//1722
f 1731//1731 1722//1722 1732//1732
f 1733//1733 1734//1734 1735//1735
f 1736//1736 1737//1737 1734//1734
f 1387//1387 1735//1735 1737//1737
f 1734//1734 1737//1737 1735//1735
f 1390//1390 1392//1392 1738//1738
f 1387//1387 1737//1737 1392//1392
f 1736//1736 1738//1738 1737//1737
f 1392//1392 1737//1737 1738//1738
f 1739//1739 1740//1740 1741//1741
f 1736//1736 1734//1734 1740//1740
f 1733//1733 1741//1741 1734//1734
f 1740//1740 1734//1734 1741//1741
f 1213//1213 1742//1742 1388//1388
f 1733//1733 1735//1735 1742//1742
f 1387//1387 1388//1388 1735//1735
f 1742//1742 1735//1735 1388//1388
f 1720//1720 1743//1743 1744//1744
f 1393//1393 1745//1745 1743//1743
f 1746//1746 1744//1744 1745//1745
f 1743//1743 1745//1745 1744//1744
f 1404//1404 1747//1747 1405//1405
f 1746//1746 1745//1745 1747//1747
f 1393//1393 1405//1405 1745//1745
f 1747//1747 1745//1745 1405//1405
f 1401//1401 1403//1403 1731//1731
f 1393//1393 1743//1743 1403//1403
f 1720//1720 1731//1731 1743//1743
f 1403//1403 1743//1743 1731//1731
f 1728//1728 1730//1730 1748//1748
f 1720//1720 1744//1744 1730//1730
f 1746//1746 1748//1748 1744//1744
f 1730//1730 1744//1744 1748//1748
f 1749//1749 1750//1750 1751//1751
f 1407//1407 1752//1752 1750//1750
f 1753//1753 1751//1751 1752//1752
f 1750//1750 1752//1752 1751//1751
f 1417//1417 1754//1754 1418//1418
f 1753//1753 1752//1752 1754//1754
f 1407//1407 1418//1418 1752//1752
f 1754//1754 1752//1752 1418//1418
f 813//813 1416//1416 1755//1755
f 1407//1407 1750//1750 1416//1416
f 1749//1749 1755//1755 1750//1750
f 1416//1416 1750//1750 1755//1755
f 1607//1607 1756//1756 1757//1757
f 1749//1749 1751//1751 1756//1756
f 1753//1753 1757//1757 1751//1751
f 1756//1756 1751//1751 1757//1757
f 1758//1758 1759//1759 1760//1760
f 1614//1614 1761//1761 1759//1759
f 1707//1707 1760//1760 1761//1761
f 1759//1759 1761//1761 1760//1760
f 1615//1615 1717//1717 1616//1616
f 1707//1707 1761//1761 1717//1717
f 1614//1614 1616//1616 1761//1761
f 1717//1717 1761//1761 1616//1616
f 1229//1229 1619//1619 1762//1762
f 1614//1614 1759//1759 1619//1619
f 1758//1758 1762//1762 1759//1759
f 1619//1619 1759//1759 1762//1762
f 1103//1103 1763//1763 1718//1718
f 1758//1758 1760//1760 1763//1763
f 1707//1707 1718//1718 1760//1760
f 1763//1763 1760//1760 1718//1718
f 1764//1764 1765//1765 1766//1766
f 1767//1767 1768//1768 1765//1765
f 872//872 1766//1766 1768//1768
f 1765//1765 1768//1768 1766//1766
f 586//586 874//874 1769//1769
f 872//872 1768//1768 874//874
f 1767//1767 1769//1769 1768//1768
f 874//874 1768//1768 1769//1769
f 1770//1770 1771//1771 1772//1772
f 1767//1767 1765//1765 1771//1771
f 1764//1764 1772//1772 1765//1765
f 1771//1771 1765//1765 1772//1772
f 875//875 1773//1773 876//876
f 1764//1764 1766//1766 1773//1773
f 872//872 876//876 1766//1766
f 1773//1773 1766//1766 876//876
f 1628//1628 1774//1774 1775//1775
f 1776//1776 1777//1777 1774//1774
f 1778//1778 1775//1775 1777//1777
f 1774//1774 1777//1777 1775//1775
f 1779//1779 1780//1780 1781//1781
f 1778//1778 1777//1777 1780//1780
f 1776//1776 1781//1781 1777//1777
f 1780//1780 1777//1777 1781//1781
f 1500//1500 1782//1782 1631//1631
f 1776//1776 1774//1774 1782//1782
f 1628//1628 1631//1631 1774//1774
f 1782//1782 1774//1774 1631//1631
f 1540//1540 1630//1630 1783//1783
f 1628//1628 1775//1775 1630//1630
f 1778//1778 1783//1783 1775//1775
f 1630//1630 1775//1775 1783//1783
f 1784//1784 1785//1785 1786//1786
f 1649//1649 1787//1787 1785//1785
f 1637//1637 1786//1786 1787//1787
f 1785//1785 1787//1787 1786//1786
f 1643//1643 1645//1645 1652//1652
f 1637//1637 1787//1787 1645//1645
f 1649//1649 1652//1652 1787//1787
f 1645//1645 1787//1787 1652//1652
f 1272//1272 1651//1651 1788//1788
f 1649//1649 1785//1785 1651//1651
f 1784//1784 1788//1788 1785//1785
f 1651//1651 1785//1785 1788//1788
f 1171//1171 1789//1789 1638//1638
f 1784//1784 1786//1786 1789//1789
f 1637//1637 1638//1638 1786//1786
f 1789//1789 1786//1786 1638//1638
f 1537//1537 1790//1790 1791//1791
f 1792//1792 1793//1793 1790//1790
f 1646//1646 1791//1791 1793//1793
f 1790//1790 1793//1793 1791//1791
f 1643//1643 1653//1653 1794//1794
f 1646//1646 1793//1793 1653//1653
f 1792//1792 1794//1794 1793//1793
f 1653//1653 1793//1793 1794//1794
f 1540//1540 1795//1795 1541//1541
f 1792//1792 1790//1790 1795//1795
f 1537//1537 1541//1541 1790//1790
f 1795//1795 1790//1790 1541//1541
f 1357//1357 1539//1539 1654//1654
f 1537//1537 1791//1791 1539//1539
f 1646//1646 1654//1654 1791//1791
f 1539//1539 1791//1791 1654//1654
f 1796//1796 1797//1797 1798//1798
f 1792//1792 1799//1799 1797//1797
f 1800//1800 1798//1798 1799//1799
f 1797//1797 1799//1799 1798//1798
f 1540//1540 1801//1801 1795//1795
f 1800//1800 1799//1799 1801//1801
f 1792//1792 1795//1795 1799//1799
f 1801//1801 1799//1799 1795//1795
f 1643//1643 1794//1794 1802//1802
f 1792//1792 1797//1797 1794//1794
f 1796//1796 1802//1802 1797//1797
f 1794//1794 1797//1797 1802//1802
f 1803//1803 1804//1804 1805//1805
f 1796//1796 1798//1798 1804//1804
f 1800//1800 1805//1805 1798//1798
f 1804//1804 1798//1798 1805//1805
f 1665//1665 1806//1806 1807//1807
f 1808//1808 1809//1809 1806//1806
f 1810//1810 1807//1807 1809//1809
f 1806//1806 1809//1809 1807//1807
f 697//697 1811//1811 1812//1812
f 1810//1810 1809//1809 1811//1811
f 1808//1808 1812//1812 1809//1809
f 1811//1811 1809//1809 1812//1812
f 1662//1662 1813//1813 1670//1670
f 1808//1808 1806//1806 1813//1813
f 1665//1665 1670//1670 1806//1806
f 1813//1813 1806//1806 1670//1670
f 1344//1344 1669//1669 1814//1814
f 1665//1665 1807//1807 1669//1669
f 1810//1810 1814//1814 1807//1807
f 1669//1669 1807//1807 1814//1814
f 1177//1177 1815//1815 1816//1816
f 1817//1817 1818//1818 1815//1815
f 1819//1819 1816//1816 1818//1818
f 1815//1815 1818//1818 1816//1816
f 1713//1713 1820//1820 1821//1821
f 1819//1819 1818//1818 1820//1820
f 1817//1817 1821//1821 1818//1818
f 1820//1820 1818//1818 1821//1821
f 1100//1100 1822//1822 1188//1188
f 1817//1817 1815//1815 1822//1822
f 1177//1177 1188//1188 1815//1815
f 1822//1822 1815//1815 1188//1188
f 1185//1185 1187//1187 1823//1823
f 1177//1177 1816//1816 1187//1187
f 1819//1819 1823//1823 1816//1816
f 1187//1187 1816//1816 1823//1823
f 1824//1824 1825//1825 1826//1826
f 1827//1827 1828//1828 1825//1825
f 1568//1568 1826//1826 1828//1828
f 1825//1825 1828//1828 1826//1826
f 1574//1574 1576//1576 1829//1829
f 1568//1568 1828//1828 1576//1576
f 1827//1827 1829//1829 1828//1828
f 1576//1576 1828//1828 1829//1829
f 1582//1582 1830//1830 1831//1831
f 1827//1827 1825//1825 1830//1830
f 1824//1824 1831//1831 1825//1825
f 1830//1830 1825//1825 1831//1831
f 1569//1569 1832//1832 1570//1570
f 1824//1824 1826//1826 1832//1832
f 1568//1568 1570//1570 1826//1826
f 1832//1832 1826//1826 1570//1570
f 1833//1833 1834//1834 1835//1835
f 1836//1836 1837//1837 1834//1834
f 1838//1838 1835//1835 1837//1837
f 1834//1834 1837//1837 1835//1835
f 1839//1839 1840//1840 1841//1841
f 1838//1838 1837//1837 1840//1840
f 1836//1836 1841//1841 1837//1837
f 1840//1840 1837//1837 1841//1841
f 1842//1842 1843//1843 1844//1844
f 1836//1836 1834//1834 1843//1843
f 1833//1833 1844//1844 1834//1834
f 1843//1843 1834//1834 1844//1844
f 1202//1202 1845//1845 1846//1846
f 1833//1833 1835//1835 1845//1845
f 1838//1838 1846//1846 1835//1835
f 1845//1845 1835//1835 1846//1846
f 1847//1847 1848//1848 1849//1849
f 1850//1850 1851//1851 1848//1848
f 1852//1852 1849//1849 1851//1851
f 1848//1848 1851//1851 1849//1849
f 1853//1853 1854//1854 1855//1855
f 1852//1852 1851//1851 1854//1854
f 1850//1850 1855//1855 1851//1851
f 1854//1854 1851//1851 1855//1855
f 1856//1856 1857//1857 1858//1858
f 1850//1850 1848//1848 1857//1857
f 1847//1847 1858//1858 1848//1848
f 1857//1857 1848//1848 1858//1858
f 1202//1202 1859//1859 1860//1860
f 1847//1847 1849//1849 1859//1859
f 1852//1852 1860//1860 1849//1849
f 1859//1859 1849//1849 1860//1860
f 1861//1861 1862//1862 1863//1863
f 1850//1850 1864//1864 1862//1862
f 1865//1865 1863//1863 1864//1864
f 1862//1862 1864//1864 1863//1863
f 1856//1856 1866//1866 1857//1857
f 1865//1865 1864//1864 1866//1866
f 1850//1850 1857//1857 1864//1864
f 1866//1866 1864//1864 1857//1857
f 1853//1853 1855//1855 1867//1867
f 1850//1850 1862//1862 1855//1855
f 1861//1861 1867//1867 1862//1862
f 1855//1855 1862//1862 1867//1867
f 1569//1569 1868//1868 1869//1869
f 1861//1861 1863//1863 1868//1868
f 1865//1865 1869//1869 1863//1863
f 1868//1868 1863//1863 1869//1869
f 1865//1865 1870//1870 1871//1871
f 1872//1872 1873//1873 1870//1870
f 1824//1824 1871//1871 1873//1873
f 1870//1870 1873//1873 1871//1871
f 1582//1582 1831//1831 1874//1874
f 1824//1824 1873//1873 1831//1831
f 1872//1872 1874//1874 1873//1873
f 1831//1831 1873//1873 1874//1874
f 1856//1856 1875//1875 1866//1866
f 1872//1872 1870//1870 1875//1875
f 1865//1865 1866//1866 1870//1870
f 1875//1875 1870//1870 1866//1866
f 1569//1569 1869//1869 1832//1832
f 1865//1865 1871//1871 1869//1869
f 1824//1824 1832//1832 1871//1871
f 1869//1869 1871//1871 1832//1832
f 1872//1872 1876//1876 1877//1877
f 1878//1878 1879//1879 1876//1876
f 1581//1581 1877//1877 1879//1879
f 1876//1876 1879//1879 1877//1877
f 1114//1114 1586//1586 1880//1880
f 1581//1581 1879//1879 1586//1586
f 1878//1878 1880//1880 1879//1879
f 1586//1586 1879//1879 1880//1880
f 1856//1856 1881//1881 1875//1875
f 1878//1878 1876//1876 1881//1881
f 1872//1872 1875//1875 1876//1876
f 1881//1881 1876//1876 1875//1875
f 1582//1582 1874//1874 1583//1583
f 1872//1872 1877//1877 1874//1874
f 1581//1581 1583//1583 1877//1877
f 1874//1874 1877//1877 1583//1583
f 1723//1723 1882//1882 1883//1883
f 1884//1884 1885//1885 1882//1882
f 1733//1733 1883//1883 1885//1885
f 1882//1882 1885//1885 1883//1883
f 1739//1739 1741//1741 1886//1886
f 1733//1733 1885//1885 1741//1741
f 1884//1884 1886//1886 1885//1885
f 1741//1741 1885//1885 1886//1886
f 1728//1728 1887//1887 1729//1729
f 1884//1884 1882//1882 1887//1887
f 1723//1723 1729//1729 1882//1882
f 1887//1887 1882//1882 1729//1729
f 1213//1213 1727//1727 1742//1742
f 1723//1723 1883//1883 1727//1727
f 1733//1733 1742//1742 1883//1883
f 1727//1727 1883//1883 1742//1742
f 1596//1596 1888//1888 1889//1889
f 1753//1753 1890//1890 1888//1888
f 1891//1891 1889//1889 1890//1890
f 1888//1888 1890//1890 1889//1889
f 1417//1417 1892//1892 1754//1754
f 1891//1891 1890//1890 1892//1892
f 1753//1753 1754//1754 1890//1890
f 1892//1892 1890//1890 1754//1754
f 1607//1607 1757//1757 1608//1608
f 1753//1753 1888//1888 1757//1757
f 1596//1596 1608//1608 1888//1888
f 1757//1757 1888//1888 1608//1608
f 1604//1604 1606//1606 1893//1893
f 1596//1596 1889//1889 1606//1606
f 1891//1891 1893//1893 1889//1889
f 1606//1606 1889//1889 1893//1893
f 1323//1323 1894//1894 1895//1895
f 1896//1896 1897//1897 1894//1894
f 1659//1659 1895//1895 1897//1897
f 1894//1894 1897//1897 1895//1895
f 1662//1662 1664//1664 1898//1898
f 1659//1659 1897//1897 1664//1664
f 1896//1896 1898//1898 1897//1897
f 1664//1664 1897//1897 1898//1898
f 1330//1330 1899//1899 1331//1331
f 1896//1896 1894//1894 1899//1899
f 1323//1323 1331//1331 1894//1894
f 1899//1899 1894//1894 1331//1331
f 1247//1247 1329//1329 1660//1660
f 1323//1323 1895//1895 1329//1329
f 1659//1659 1660//1660 1895//1895
f 1329//1329 1895//1895 1660//1660
f 1778//1778 1900//1900 1901//1901
f 1902//1902 1903//1903 1900//1900
f 1800//1800 1901//1901 1903//1903
f 1900//1900 1903//1903 1901//1901
f 1803//1803 1805//1805 1904//1904
f 1800//1800 1903//1903 1805//1805
f 1902//1902 1904//1904 1903//1903
f 1805//1805 1903//1903 1904//1904
f 1779//1779 1905//1905 1780//1780
f 1902//1902 1900//1900 1905//1905
f 1778//1778 1780//1780 1900//1900
f 1905//1905 1900//1900 1780//1780
f 1540//1540 1783//1783 1801//1801
f 1778//1778 1901//1901 1783//1783
f 1800//1800 1801//1801 1901//1901
f 1783//1783 1901//1901 1801//1801
f 1525//1525 1906//1906 1907//1907
f 1635//1635 1908//1908 1906//1906
f 1909//1909 1907//1907 1908//1908
f 1906//1906 1908//1908 1907//1907
f 1640//1640 1910//1910 1641//1641
f 1909//1909 1908//1908 1910//1910
f 1635//1635 1641//1641 1908//1908
f 1910//1910 1908//1908 1641//1641
f 1171//1171 1639//1639 1526//1526
f 1635//1635 1906//1906 1639//1639
f 1525//1525 1526//1526 1906//1906
f 1639//1639 1906//1906 1526//1526
f 1463//1463 1527//1527 1911//1911
f 1525//1525 1907//1907 1527//1527
f 1909//1909 1911//1911 1907//1907
f 1527//1527 1907//1907 1911//1911
f 1912//1912 1913//1913 1914//1914
f 1671//1671 1915//1915 1913//1913
f 1916//1916 1914//1914 1915//1915
f 1913//1913 1915//1915 1914//1914
f 1678//1678 1917//1917 1679//1679
f 1916//1916 1915//1915 1917//1917
f 1671//1671 1679//1679 1915//1915
f 1917//1917 1915//1915 1679//1679
f 1075//1075 1677//1677 1918//1918
f 1671//1671 1913//1913 1677//1677
f 1912//1912 1918//1918 1913//1913
f 1677//1677 1913//1913 1918//1918
f 1919//1919 1920//1920 1921//1921
f 1912//1912 1914//1914 1920//1920
f 1916//1916 1921//1921 1914//1914
f 1920//1920 1914//1914 1921//1921
f 1922//1922 1923//1923 1924//1924
f 1925//1925 1926//1926 1923//1923
f 1819//1819 1924//1924 1926//1926
f 1923//1923 1926//1926 1924//1924
f 1185//1185 1823//1823 1927//1927
f 1819//1819 1926//1926 1823//1823
f 1925//1925 1927//1927 1926//1926
f 1823//1823 1926//1926 1927//1927
f 1928//1928 1929//1929 1930//1930
f 1925//1925 1923//1923 1929//1929
f 1922//1922 1930//1930 1923//1923
f 1929//1929 1923//1923 1930//1930
f 1713//1713 1931//1931 1820//1820
f 1922//1922 1924//1924 1931//1931
f 1819//1819 1820//1820 1924//1924
f 1931//1931 1924//1924 1820//1820
f 1932//1932 1933//1933 1934//1934
f 1861//1861 1935//1935 1933//1933
f 1936//1936 1934//1934 1935//1935
f 1933//1933 1935//1935 1934//1934
f 1569//1569 1937//1937 1868//1868
f 1936//1936 1935//1935 1937//1937
f 1861//1861 1868//1868 1935//1935
f 1937//1937 1935//1935 1868//1868
f 1853//1853 1867//1867 1938//1938
f 1861//1861 1933//1933 1867//1867
f 1932//1932 1938//1938 1933//1933
f 1867//1867 1933//1933 1938//1938
f 1315//1315 1939//1939 1940//1940
f 1932//1932 1934//1934 1939//1939
f 1936//1936 1940//1940 1934//1934
f 1939//1939 1934//1934 1940//1940
f 1941//1941 1942//1942 1943//1943
f 1944//1944 1945//1945 1942//1942
f 1932//1932 1943//1943 1945//1945
f 1942//1942 1945//1945 1943//1943
f 1853//1853 1938//1938 1946//1946
f 1932//1932 1945//1945 1938//1938
f 1944//1944 1946//1946 1945//1945
f 1938//1938 1945//1945 1946//1946
f 1947//1947 1948//1948 1949//1949
f 1944//1944 1942//1942 1948//1948
f 1941//1941 1949//1949 1942//1942
f 1948//1948 1942//1942 1949//1949
f 1315//1315 1950//1950 1939//1939
f 1941//1941 1943//1943 1950//1950
f 1932//1932 1939//1939 1943//1943
f 1950//1950 1943//1943 1939//1939
f 704//704 1951//1951 1952//1952
f 1953//1953 1954//1954 1951//1951
f 1955//1955 1952//1952 1954//1954
f 1951//1951 1954//1954 1952//1952
f 1390//1390 1956//1956 1957//1957
f 1955//1955 1954//1954 1956//1956
f 1953//1953 1957//1957 1954//1954
f 1956//1956 1954//1954 1957//1957
f 705//705 1958//1958 706//706
f 1953//1953 1951//1951 1958//1958
f 704//704 706//706 1951//1951
f 1958//1958 1951//1951 706//706
f 643//643 709//709 1959//1959
f 704//704 1952//1952 709//709
f 1955//1955 1959//1959 1952//1952
f 709//709 1952//1952 1959//1959
f 1955//1955 1960//1960 1961//1961
f 1962//1962 1963//1963 1960//1960
f 1697//1697 1961//1961 1963//1963
f 1960//1960 1963//1963 1961//1961
f 1703//1703 1705//1705 1964//1964
f 1697//1697 1963//1963 1705//1705
f 1962//1962 1964//1964 1963//1963
f 1705//1705 1963//1963 1964//1964
f 1390//1390 1965//1965 1956//1956
f 1962//1962 1960//1960 1965//1965
f 1955//1955 1956//1956 1960//1960
f 1965//1965 1960//1960 1956//1956
f 643//643 1959//1959 1706//1706
f 1955//1955 1961//1961 1959//1959
f 1697//1697 1706//1706 1961//1961
f 1959//1959 1961//1961 1706//1706
f 1579//1579 1966//1966 1967//1967
f 1953//1953 1968//1968 1966//1966
f 1969//1969 1967//1967 1968//1968
f 1966//1966 1968//1968 1967//1967
f 705//705 1970//1970 1958//1958
f 1969//1969 1968//1968 1970//1970
f 1953//1953 1958//1958 1968//1968
f 1970//1970 1968//1968 1958//1958
f 1390//1390 1957//1957 1585//1585
f 1953//1953 1966//1966 1957//1957
f 1579//1579 1585//1585 1966//1966
f 1957//1957 1966//1966 1585//1585
f 1582//1582 1584//1584 1971//1971
f 1579//1579 1967//1967 1584//1584
f 1969//1969 1971//1971 1967//1967
f 1584//1584 1967//1967 1971//1971
f 1972//1972 1973//1973 1974//1974
f 1591//1591 1975//1975 1973//1973
f 1976//1976 1974//1974 1975//1975
f 1973//1973 1975//1975 1974//1974
f 923//923 1977//1977 1592//1592
f 1976//1976 1975//1975 1977//1977
f 1591//1591 1592//1592 1975//1975
f 1977//1977 1975//1975 1592//1592
f 1404//1404 1595//1595 1978//1978
f 1591//1591 1973//1973 1595//1595
f 1972//1972 1978//1978 1973//1973
f 1595//1595 1973//1973 1978//1978
f 1839//1839 1979//1979 1980//1980
f 1972//1972 1974//1974 1979//1979
f 1976//1976 1980//1980 1974//1974
f 1979//1979 1974//1974 1980//1980
f 1833//1833 1981//1981 1982//1982
f 1852//1852 1983//1983 1981//1981
f 1984//1984 1982//1982 1983//1983
f 1981//1981 1983//1983 1982//1982
f 1853//1853 1985//1985 1854//1854
f 1984//1984 1983//1983 1985//1985
f 1852//1852 1854//1854 1983//1983
f 1985//1985 1983//1983 1854//1854
f 1202//1202 1860//1860 1845//1845
f 1852//1852 1981//1981 1860//1860
f 1833//1833 1845//1845 1981//1981
f 1860//1860 1981//1981 1845//1845
f 1842//1842 1844//1844 1986//1986
f 1833//1833 1982//1982 1844//1844
f 1984//1984 1986//1986 1982//1982
f 1844//1844 1982//1982 1986//1986
f 1987//1987 1988//1988 1989//1989
f 1990//1990 1991//1991 1988//1988
f 1992//1992 1989//1989 1991//1991
f 1988//1988 1991//1991 1989//1989
f 1993//1993 1994//1994 1995//1995
f 1992//1992 1991//1991 1994//1994
f 1990//1990 1995//1995 1991//1991
f 1994//1994 1991//1991 1995//1995
f 1839//1839 1996//1996 1997//1997
f 1990//1990 1988//1988 1996//1996
f 1987//1987 1997//1997 1988//1988
f 1996//1996 1988//1988 1997//1997
f 1728//1728 1998//1998 1999//1999
f 1987//1987 1989//1989 1998//1998
f 1992//1992 1999//1999 1989//1989
f 1998//1998 1989//1989 1999//1999
f 2000//2000 2001//2001 2002//2002
f 2003//2003 2004//2004 2001//2001
f 2005//2005 2002//2002 2004//2004
f 2001//2001 2004//2004 2002//2002
f 2006//2006 2007//2007 2008//2008
f 2005//2005 2004//2004 2007//2007
f 2003//2003 2008//2008 2004//2004
f 2007//2007 2004//2004 2008//2008
f 2009//2009 2010//2010 2011//2011
f 2003//2003 2001//2001 2010//2010
f 2000//2000 2011//2011 2001//2001
f 2010//2010 2001//2001 2011//2011
f 2012//2012 2013//2013 2014//2014
f 2000//2000 2002//2002 2013//2013
f 2005//2005 2014//2014 2002//2002
f 2013//2013 2002//2002 2014//2014
f 2015//2015 2016//2016 2017//2017
f 2018//2018 2019//2019 2016//2016
f 2000//2000 2017//2017 2019//2019
f 2016//2016 2019//2019 2017//2017
f 2009//2009 2011//2011 2020//2020
f 2000//2000 2019//2019 2011//2011
f 2018//2018 2020//2020 2019//2019
f 2011//2011 2019//2019 2020//2020
f 2021//2021 2022//2022 2023//2023
f 2018//2018 2016//2016 2022//2022
f 2015//2015 2023//2023 2016//2016
f 2022//2022 2016//2016 2023//2023
f 2012//2012 2024//2024 2013//2013
f 2015//2015 2017//2017 2024//2024
f 2000//2000 2013//2013 2017//2017
f 2024//2024 2017//2017 2013//2013
f 2025//2025 2026//2026 2027//2027
f 2028//2028 2029//2029 2026//2026
f 1446//1446 2027//2027 2029//2029
f 2026//2026 2029//2029 2027//2027
f 1449//1449 1451//1451 2030//2030
f 1446//1446 2029//2029 1451//1451
f 2028//2028 2030//2030 2029//2029
f 1451//1451 2029//2029 2030//2030
f 2031//2031 2032//2032 2033//2033
f 2028//2028 2026//2026 2032//2032
f 2025//2025 2033//2033 2026//2026
f 2032//2032 2026//2026 2033//2033
f 1439//1439 2034//2034 1452//1452
f 2025//2025 2027//2027 2034//2034
f 1446//1446 1452//1452 2027//2027
f 2034//2034 2027//2027 1452//1452
f 2035//2035 2036//2036 2037//2037
f 2038//2038 2039//2039 2036//2036
f 1457//1457 2037//2037 2039//2039
f 2036//2036 2039//2039 2037//2037
f 1460//1460 1462//1462 2040//2040
f 1457//1457 2039//2039 1462//1462
f 2038//2038 2040//2040 2039//2039
f 1462//1462 2039//2039 2040//2040
f 2041//2041 2042//2042 2043//2043
f 2038//2038 2036//2036 2042//2042
f 2035//2035 2043//2043 2036//2036
f 2042//2042 2036//2036 2043//2043
f 1463//1463 2044//2044 1464//1464
f 2035//2035 2037//2037 2044//2044
f 1457//1457 1464//1464 2037//2037
f 2044//2044 2037//2037 1464//1464
f 2045//2045 2046//2046 2047//2047
f 2048//2048 2049//2049 2046//2046
f 2050//2050 2047//2047 2049//2049
f 2046//2046 2049//2049 2047//2047
f 1479//1479 2051//2051 2052//2052
f 2050//2050 2049//2049 2051//2051
f 2048//2048 2052//2052 2049//2049
f 2051//2051 2049//2049 2052//2052
f 2053//2053 2054//2054 2055//2055
f 2048//2048 2046//2046 2054//2054
f 2045//2045 2055//2055 2046//2046
f 2054//2054 2046//2046 2055//2055
f 2041//2041 2056//2056 2057//2057
f 2045//2045 2047//2047 2056//2056
f 2050//2050 2057//2057 2047//2047
f 2056//2056 2047//2047 2057//2057
f 2058//2058 2059//2059 2060//2060
f 1776//1776 2061//2061 2059//2059
f 2062//2062 2060//2060 2061//2061
f 2059//2059 2061//2061 2060//2060
f 1500//1500 2063//2063 1782//1782
f 2062//2062 2061//2061 2063//2063
f 1776//1776 1782//1782 2061//2061
f 2063//2063 2061//2061 1782//1782
f 1779//1779 1781//1781 2064//2064
f 1776//1776 2059//2059 1781//1781
f 2058//2058 2064//2064 2059//2059
f 1781//1781 2059//2059 2064//2064
f 1479//1479 2065//2065 2066//2066
f 2058//2058 2060//2060 2065//2065
f 2062//2062 2066//2066 2060//2060
f 2065//2065 2060//2060 2066//2066
f 1632//1632 2067//2067 2068//2068
f 1796//1796 2069//2069 2067//2067
f 2070//2070 2068//2068 2069//2069
f 2067//2067 2069//2069 2068//2068
f 1803//1803 2071//2071 1804//1804
f 2070//2070 2069//2069 2071//2071
f 1796//1796 1804//1804 2069//2069
f 2071//2071 2069//2069 1804//1804
f 1643//1643 1802//1802 1644//1644
f 1796//1796 2067//2067 1802//1802
f 1632//1632 1644//1644 2067//2067
f 1802//1802 2067//2067 1644//1644
f 1640//1640 1642//1642 2072//2072
f 1632//1632 2068//2068 1642//1642
f 2070//2070 2072//2072 2068//2068
f 1642//1642 2068//2068 2072//2072
f 1912//1912 2073//2073 2074//2074
f 2075//2075 2076//2076 2073//2073
f 1546//1546 2074//2074 2076//2076
f 2073//2073 2076//2076 2074//2074
f 1549//1549 1551//1551 2077//2077
f 1546//1546 2076//2076 1551//1551
f 2075//2075 2077//2077 2076//2076
f 1551//1551 2076//2076 2077//2077
f 1919//1919 2078//2078 1920//1920
f 2075//2075 2073//2073 2078//2078
f 1912//1912 1920//1920 2073//2073
f 2078//2078 2073//2073 1920//1920
f 1075//1075 1918//1918 1552//1552
f 1912//1912 2074//2074 1918//1918
f 1546//1546 1552//1552 2074//2074
f 1918//1918 2074//2074 1552//1552
f 2079//2079 2080//2080 2081//2081
f 2082//2082 2083//2083 2080//2080
f 2084//2084 2081//2081 2083//2083
f 2080//2080 2083//2083 2081//2081
f 2085//2085 2086//2086 2087//2087
f 2084//2084 2083//2083 2086//2086
f 2082//2082 2087//2087 2083//2083
f 2086//2086 2083//2083 2087//2087
f 1604//1604 2088//2088 2089//2089
f 2082//2082 2080//2080 2088//2088
f 2079//2079 2089//2089 2080//2080
f 2088//2088 2080//2080 2089//2089
f 1238//1238 2090//2090 2091//2091
f 2079//2079 2081//2081 2090//2090
f 2084//2084 2091//2091 2081//2081
f 2090//2090 2081//2081 2091//2091
f 2092//2092 2093//2093 2094//2094
f 1558//1558 2095//2095 2093//2093
f 1925//1925 2094//2094 2095//2095
f 2093//2093 2095//2095 2094//2094
f 1185//1185 1927//1927 1559//1559
f 1925//1925 2095//2095 1927//1927
f 1558//1558 1559//1559 2095//2095
f 1927//1927 2095//2095 1559//1559
f 1417//1417 1562//1562 2096//2096
f 1558//1558 2093//2093 1562//1562
f 2092//2092 2096//2096 2093//2093
f 1562//1562 2093//2093 2096//2096
f 1928//1928 2097//2097 1929//1929
f 2092//2092 2094//2094 2097//2097
f 1925//1925 1929//1929 2094//2094
f 2097//2097 2094//2094 1929//1929
f 2098//2098 2099//2099 2100//2100
f 2101//2101 2102//2102 2099//2099
f 1941//1941 2100//2100 2102//2102
f 2099//2099 2102//2102 2100//2100
f 1947//1947 1949//1949 2103//2103
f 1941//1941 2102//2102 1949//1949
f 2101//2101 2103//2103 2102//2102
f 1949//1949 2102//2102 2103//2103
f 1378//1378 2104//2104 2105//2105
f 2101//2101 2099//2099 2104//2104
f 2098//2098 2105//2105 2099//2099
f 2104//2104 2099//2099 2105//2105
f 1315//1315 2106//2106 1950//1950
f 2098//2098 2100//2100 2106//2106
f 1941//1941 1950//1950 2100//2100
f 2106//2106 2100//2100 1950//1950
f 2107//2107 2108//2108 2109//2109
f 2110//2110 2111//2111 2108//2108
f 1700//1700 2109//2109 2111//2111
f 2108//2108 2111//2111 2109//2109
f 780//780 1702//1702 2112//2112
f 1700//1700 2111//2111 1702//1702
f 2110//2110 2112//2112 2111//2111
f 1702//1702 2111//2111 2112//2112
f 1993//1993 2113//2113 2114//2114
f 2110//2110 2108//2108 2113//2113
f 2107//2107 2114//2114 2108//2108
f 2113//2113 2108//2108 2114//2114
f 1703//1703 2115//2115 1704//1704
f 2107//2107 2109//2109 2115//2115
f 1700//1700 1704//1704 2109//2109
f 2115//2115 2109//2109 1704//1704
f 2116//2116 2117//2117 2118//2118
f 2107//2107 2119//2119 2117//2117
f 2120//2120 2118//2118 2119//2119
f 2117//2117 2119//2119 2118//2118
f 1703//1703 2121//2121 2115//2115
f 2120//2120 2119//2119 2121//2121
f 2107//2107 2115//2115 2119//2119
f 2121//2121 2119//2119 2115//2115
f 1993//1993 2114//2114 2122//2122
f 2107//2107 2117//2117 2114//2114
f 2116//2116 2122//2122 2117//2117
f 2114//2114 2117//2117 2122//2122
f 1739//1739 2123//2123 2124//2124
f 2116//2116 2118//2118 2123//2123
f 2120//2120 2124//2124 2118//2118
f 2123//2123 2118//2118 2124//2124
f 1987//1987 2125//2125 2126//2126
f 1746//1746 2127//2127 2125//2125
f 1972//1972 2126//2126 2127//2127
f 2125//2125 2127//2127 2126//2126
f 1404//1404 1978//1978 1747//1747
f 1972//1972 2127//2127 1978//1978
f 1746//1746 1747//1747 2127//2127
f 1978//1978 2127//2127 1747//1747
f 1728//1728 1748//1748 1998//1998
f 1746//1746 2125//2125 1748//1748
f 1987//1987 1998//1998 2125//2125
f 1748//1748 2125//2125 1998//1998
f 1839//1839 1997//1997 1979//1979
f 1987//1987 2126//2126 1997//1997
f 1972//1972 1979//1979 2126//2126
f 1997//1997 2126//2126 1979//1979
f 2128//2128 2129//2129 2130//2130
f 2035//2035 2131//2131 2129//2129
f 1909//1909 2130//2130 2131//2131
f 2129//2129 2131//2131 2130//2130
f 1463//1463 1911//1911 2044//2044
f 1909//1909 2131//2131 1911//1911
f 2035//2035 2044//2044 2131//2131
f 1911//1911 2131//2131 2044//2044
f 2041//2041 2043//2043 2132//2132
f 2035//2035 2129//2129 2043//2043
f 2128//2128 2132//2132 2129//2129
f 2043//2043 2129//2129 2132//2132
f 1640//1640 2133//2133 1910//1910
f 2128//2128 2130//2130 2133//2133
f 1909//1909 1910//1910 2130//2130
f 2133//2133 2130//2130 1910//1910
f 2134//2134 2135//2135 2136//2136
f 1902//1902 2137//2137 2135//2135
f 2138//2138 2136//2136 2137//2137
f 2135//2135 2137//2137 2136//2136
f 1779//1779 2139//2139 1905//1905
f 2138//2138 2137//2137 2139//2139
f 1902//1902 1905//1905 2137//2137
f 2139//2139 2137//2137 1905//1905
f 1803//1803 1904//1904 2140//2140
f 1902//1902 2135//2135 1904//1904
f 2134//2134 2140//2140 2135//2135
f 1904//1904 2135//2135 2140//2140
f 2053//2053 2141//2141 2142//2142
f 2134//2134 2136//2136 2141//2141
f 2138//2138 2142//2142 2136//2136
f 2141//2141 2136//2136 2142//2142
f 2082//2082 2143//2143 2144//2144
f 2145//2145 2146//2146 2143//2143
f 2147//2147 2144//2144 2146//2146
f 2143//2143 2146//2146 2144//2144
f 2148//2148 2149//2149 2150//2150
f 2147//2147 2146//2146 2149//2149
f 2145//2145 2150//2150 2146//2146
f 2149//2149 2146//2146 2150//2150
f 1604//1604 2151//2151 2088//2088
f 2145//2145 2143//2143 2151//2151
f 2082//2082 2088//2088 2143//2143
f 2151//2151 2143//2143 2088//2088
f 2085//2085 2087//2087 2152//2152
f 2082//2082 2144//2144 2087//2087
f 2147//2147 2152//2152 2144//2144
f 2087//2087 2144//2144 2152//2152
f 2153//2153 2154//2154 2155//2155
f 2156//2156 2157//2157 2154//2154
f 2158//2158 2155//2155 2157//2157
f 2154//2154 2157//2157 2155//2155
f 697//697 2159//2159 2160//2160
f 2158//2158 2157//2157 2159//2159
f 2156//2156 2160//2160 2157//2157
f 2159//2159 2157//2157 2160//2160
f 1224//1224 2161//2161 2162//2162
f 2156//2156 2154//2154 2161//2161
f 2153//2153 2162//2162 2154//2154
f 2161//2161 2154//2154 2162//2162
f 2163//2163 2164//2164 2165//2165
f 2153//2153 2155//2155 2164//2164
f 2158//2158 2165//2165 2155//2155
f 2164//2164 2155//2155 2165//2165
f 2120//2120 2166//2166 2167//2167
f 1962//1962 2168//2168 2166//2166
f 1736//1736 2167//2167 2168//2168
f 2166//2166 2168//2168 2167//2167
f 1390//1390 1738//1738 1965//1965
f 1736//1736 2168//2168 1738//1738
f 1962//1962 1965//1965 2168//2168
f 1738//1738 2168//2168 1965//1965
f 1703//1703 1964//1964 2121//2121
f 1962//1962 2166//2166 1964//1964
f 2120//2120 2121//2121 2166//2166
f 1964//1964 2166//2166 2121//2121
f 1739//1739 2124//2124 1740//1740
f 2120//2120 2167//2167 2124//2124
f 1736//1736 1740//1740 2167//2167
f 2124//2124 2167//2167 1740//1740
f 1884//1884 2169//2169 2170//2170
f 1992//1992 2171//2171 2169//2169
f 2116//2116 2170//2170 2171//2171
f 2169//2169 2171//2171 2170//2170
f 1993//1993 2122//2122 1994//1994
f 2116//2116 2171//2171 2122//2122
f 1992//1992 1994//1994 2171//2171
f 2122//2122 2171//2171 1994//1994
f 1728//1728 1999//1999 1887//1887
f 1992//1992 2169//2169 1999//1999
f 1884//1884 1887//1887 2169//2169
f 1999//1999 2169//2169 1887//1887
f 1739//1739 1886//1886 2123//2123
f 1884//1884 2170//2170 1886//1886
f 2116//2116 2123//2123 2170//2170
f 1886//1886 2170//2170 2123//2123
f 1944//1944 2172//2172 2173//2173
f 2174//2174 2175//2175 2172//2172
f 1984//1984 2173//2173 2175//2175
f 2172//2172 2175//2175 2173//2173
f 1842//1842 1986//1986 2176//2176
f 1984//1984 2175//2175 1986//1986
f 2174//2174 2176//2176 2175//2175
f 1986//1986 2175//2175 2176//2176
f 1947//1947 2177//2177 1948//1948
f 2174//2174 2172//2172 2177//2177
f 1944//1944 1948//1948 2172//2172
f 2177//2177 2172//2172 1948//1948
f 1853//1853 1946//1946 1985//1985
f 1944//1944 2173//2173 1946//1946
f 1984//1984 1985//1985 2173//2173
f 1946//1946 2173//2173 1985//1985
f 1891//1891 2178//2178 2179//2179
f 2180//2180 2181//2181 2178//2178
f 2145//2145 2179//2179 2181//2181
f 2178//2178 2181//2181 2179//2179
f 2148//2148 2150//2150 2182//2182
f 2145//2145 2181//2181 2150//2150
f 2180//2180 2182//2182 2181//2181
f 2150//2150 2181//2181 2182//2182
f 1417//1417 2183//2183 1892//1892
f 2180//2180 2178//2178 2183//2183
f 1891//1891 1892//1892 2178//2178
f 2183//2183 2178//2178 1892//1892
f 1604//1604 1893//1893 2151//2151
f 1891//1891 2179//2179 1893//1893
f 2145//2145 2151//2151 2179//2179
f 1893//1893 2179//2179 2151//2151
f 2184//2184 2185//2185 2186//2186
f 2018//2018 2187//2187 2185//2185
f 2188//2188 2186//2186 2187//2187
f 2185//2185 2187//2187 2186//2186
f 2021//2021 2189//2189 2022//2022
f 2188//2188 2187//2187 2189//2189
f 2018//2018 2022//2022 2187//2187
f 2189//2189 2187//2187 2022//2022
f 2009//2009 2020//2020 2190//2190
f 2018//2018 2185//2185 2020//2020
f 2184//2184 2190//2190 2185//2185
f 2020//2020 2185//2185 2190//2190
f 2191//2191 2192//2192 2193//2193
f 2184//2184 2186//2186 2192//2192
f 2188//2188 2193//2193 2186//2186
f 2192//2192 2186//2186 2193//2193
f 2194//2194 2195//2195 2196//2196
f 2197//2197 2198//2198 2195//2195
f 2199//2199 2196//2196 2198//2198
f 2195//2195 2198//2198 2196//2196
f 2006//2006 2200//2200 2201//2201
f 2199//2199 2198//2198 2200//2200
f 2197//2197 2201//2201 2198//2198
f 2200//2200 2198//2198 2201//2201
f 1431//1431 2202//2202 2203//2203
f 2197//2197 2195//2195 2202//2202
f 2194//2194 2203//2203 2195//2195
f 2202//2202 2195//2195 2203//2203
f 2204//2204 2205//2205 2206//2206
f 2194//2194 2196//2196 2205//2205
f 2199//2199 2206//2206 2196//2196
f 2205//2205 2196//2196 2206//2206
f 2128//2128 2207//2207 2208//2208
f 2209//2209 2210//2210 2207//2207
f 2211//2211 2208//2208 2210//2210
f 2207//2207 2210//2210 2208//2208
f 2212//2212 2213//2213 2214//2214
f 2211//2211 2210//2210 2213//2213
f 2209//2209 2214//2214 2210//2210
f 2213//2213 2210//2210 2214//2214
f 1640//1640 2215//2215 2133//2133
f 2209//2209 2207//2207 2215//2215
f 2128//2128 2133//2133 2207//2207
f 2215//2215 2207//2207 2133//2133
f 2041//2041 2132//2132 2216//2216
f 2128//2128 2208//2208 2132//2132
f 2211//2211 2216//2216 2208//2208
f 2132//2132 2208//2208 2216//2216
f 2209//2209 2217//2217 2218//2218
f 2070//2070 2219//2219 2217//2217
f 2220//2220 2218//2218 2219//2219
f 2217//2217 2219//2219 2218//2218
f 1803//1803 2221//2221 2071//2071
f 2220//2220 2219//2219 2221//2221
f 2070//2070 2071//2071 2219//2219
f 2221//2221 2219//2219 2071//2071
f 1640//1640 2072//2072 2215//2215
f 2070//2070 2217//2217 2072//2072
f 2209//2209 2215//2215 2217//2217
f 2072//2072 2217//2217 2215//2215
f 2212//2212 2214//2214 2222//2222
f 2209//2209 2218//2218 2214//2214
f 2220//2220 2222//2222 2218//2218
f 2214//2214 2218//2218 2222//2222
f 2223//2223 2224//2224 2225//2225
f 2084//2084 2226//2226 2224//2224
f 2227//2227 2225//2225 2226//2226
f 2224//2224 2226//2226 2225//2225
f 2085//2085 2228//2228 2086//2086
f 2227//2227 2226//2226 2228//2228
f 2084//2084 2086//2086 2226//2226
f 2228//2228 2226//2226 2086//2086
f 1238//1238 2091//2091 2229//2229
f 2084//2084 2224//2224 2091//2091
f 2223//2223 2229//2229 2224//2224
f 2091//2091 2224//2224 2229//2229
f 2230//2230 2231//2231 2232//2232
f 2223//2223 2225//2225 2231//2231
f 2227//2227 2232//2232 2225//2225
f 2231//2231 2225//2225 2232//2232
f 2233//2233 2234//2234 2235//2235
f 1990//1990 2236//2236 2234//2234
f 2237//2237 2235//2235 2236//2236
f 2234//2234 2236//2236 2235//2235
f 1839//1839 2238//2238 1996//1996
f 2237//2237 2236//2236 2238//2238
f 1990//1990 1996//1996 2236//2236
f 2238//2238 2236//2236 1996//1996
f 1993//1993 1995//1995 2239//2239
f 1990//1990 2234//2234 1995//1995
f 2233//2233 2239//2239 2234//2234
f 1995//1995 2234//2234 2239//2239
f 2240//2240 2241//2241 2242//2242
f 2233//2233 2235//2235 2241//2241
f 2237//2237 2242//2242 2235//2235
f 2241//2241 2235//2235 2242//2242
f 2243//2243 2244//2244 2245//2245
f 2188//2188 2246//2246 2244//2244
f 2247//2247 2245//2245 2246//2246
f 2244//2244 2246//2246 2245//2245
f 2021//2021 2248//2248 2189//2189
f 2247//2247 2246//2246 2248//2248
f 2188//2188 2189//2189 2246//2246
f 2248//2248 2246//2246 2189//2189
f 2191//2191 2193//2193 2249//2249
f 2188//2188 2244//2244 2193//2193
f 2243//2243 2249//2249 2244//2244
f 2193//2193 2244//2244 2249//2249
f 2250//2250 2251//2251 2252//2252
f 2243//2243 2245//2245 2251//2251
f 2247//2247 2252//2252 2245//2245
f 2251//2251 2245//2245 2252//2252
f 2253//2253 2254//2254 2255//2255
f 2256//2256 2257//2257 2254//2254
f 2003//2003 2255//2255 2257//2257
f 2254//2254 2257//2257 2255//2255
f 2006//2006 2008//2008 2258//2258
f 2003//2003 2257//2257 2008//2008
f 2256//2256 2258//2258 2257//2257
f 2008//2008 2257//2257 2258//2258
f 2259//2259 2260//2260 2261//2261
f 2256//2256 2254//2254 2260//2260
f 2253//2253 2261//2261 2254//2254
f 2260//2260 2254//2254 2261//2261
f 2009//2009 2262//2262 2010//2010
f 2253//2253 2255//2255 2262//2262
f 2003//2003 2010//2010 2255//2255
f 2262//2262 2255//2255 2010//2010
f 2211//2211 2263//2263 2264//2264
f 2265//2265 2266//2266 2263//2263
f 2045//2045 2264//2264 2266//2266
f 2263//2263 2266//2266 2264//2264
f 2053//2053 2055//2055 2267//2267
f 2045//2045 2266//2266 2055//2055
f 2265//2265 2267//2267 2266//2266
f 2055//2055 2266//2266 2267//2267
f 2212//2212 2268//2268 2213//2213
f 2265//2265 2263//2263 2268//2268
f 2211//2211 2213//2213 2263//2263
f 2268//2268 2263//2263 2213//2213
f 2041//2041 2216//2216 2056//2056
f 2211//2211 2264//2264 2216//2216
f 2045//2045 2056//2056 2264//2264
f 2216//2216 2264//2264 2056//2056
f 2269//2269 2270//2270 2271//2271
f 2272//2272 2273//2273 2270//2270
f 2274//2274 2271//2271 2273//2273
f 2270//2270 2273//2273 2271//2271
f 1301//1301 2275//2275 2276//2276
f 2274//2274 2273//2273 2275//2275
f 2272//2272 2276//2276 2273//2273
f 2275//2275 2273//2273 2276//2276
f 612//612 2277//2277 2278//2278
f 2272//2272 2270//2270 2277//2277
f 2269//2269 2278//2278 2270//2270
f 2277//2277 2270//2270 2278//2278
f 1678//1678 2279//2279 2280//2280
f 2269//2269 2271//2271 2279//2279
f 2274//2274 2280//2280 2271//2271
f 2279//2279 2271//2271 2280//2280
f 2281//2281 2282//2282 2283//2283
f 2284//2284 2285//2285 2282//2282
f 2286//2286 2283//2283 2285//2285
f 2282//2282 2285//2285 2283//2283
f 1615//1615 2287//2287 2288//2288
f 2286//2286 2285//2285 2287//2287
f 2284//2284 2288//2288 2285//2285
f 2287//2287 2285//2285 2288//2288
f 2289//2289 2290//2290 2291//2291
f 2284//2284 2282//2282 2290//2290
f 2281//2281 2291//2291 2282//2282
f 2290//2290 2282//2282 2291//2291
f 2292//2292 2293//2293 2294//2294
f 2281//2281 2283//2283 2293//2293
f 2286//2286 2294//2294 2283//2283
f 2293//2293 2283//2283 2294//2294
f 2295//2295 2296//2296 2297//2297
f 1685//1685 2298//2298 2296//2296
f 2299//2299 2297//2297 2298//2298
f 2296//2296 2298//2298 2297//2297
f 1686//1686 2300//2300 1687//1687
f 2299//2299 2298//2298 2300//2300
f 1685//1685 1687//1687 2298//2298
f 2300//2300 2298//2298 1687//1687
f 1378//1378 1690//1690 2301//2301
f 1685//1685 2296//2296 1690//1690
f 2295//2295 2301//2301 2296//2296
f 1690//1690 2296//2296 2301//2301
f 2240//2240 2302//2302 2303//2303
f 2295//2295 2297//2297 2302//2302
f 2299//2299 2303//2303 2297//2297
f 2302//2302 2297//2297 2303//2303
f 2304//2304 2305//2305 2306//2306
f 2101//2101 2307//2307 2305//2305
f 2295//2295 2306//2306 2307//2307
f 2305//2305 2307//2307 2306//2306
f 1378//1378 2301//2301 2104//2104
f 2295//2295 2307//2307 2301//2301
f 2101//2101 2104//2104 2307//2307
f 2301//2301 2307//2307 2104//2104
f 1947//1947 2103//2103 2308//2308
f 2101//2101 2305//2305 2103//2103
f 2304//2304 2308//2308 2305//2305
f 2103//2103 2305//2305 2308//2308
f 2240//2240 2309//2309 2302//2302
f 2304//2304 2306//2306 2309//2309
f 2295//2295 2302//2302 2306//2306
f 2309//2309 2306//2306 2302//2302
f 2310//2310 2311//2311 2312//2312
f 2313//2313 2314//2314 2311//2311
f 2315//2315 2312//2312 2314//2314
f 2311//2311 2314//2314 2312//2312
f 2021//2021 2316//2316 2317//2317
f 2315//2315 2314//2314 2316//2316
f 2313//2313 2317//2317 2314//2314
f 2316//2316 2314//2314 2317//2317
f 2318//2318 2319//2319 2320//2320
f 2313//2313 2311//2311 2319//2319
f 2310//2310 2320//2320 2311//2311
f 2319//2319 2311//2311 2320//2320
f 2321//2321 2322//2322 2323//2323
f 2310//2310 2312//2312 2322//2322
f 2315//2315 2323//2323 2312//2312
f 2322//2322 2312//2312 2323//2323
f 1896//1896 2324//2324 2325//2325
f 2326//2326 2327//2327 2324//2324
f 2328//2328 2325//2325 2327//2327
f 2324//2324 2327//2327 2325//2325
f 2329//2329 2330//2330 2331//2331
f 2328//2328 2327//2327 2330//2330
f 2326//2326 2331//2331 2327//2327
f 2330//2330 2327//2327 2331//2331
f 1330//1330 2332//2332 1899//1899
f 2326//2326 2324//2324 2332//2332
f 1896//1896 1899//1899 2324//2324
f 2332//2332 2324//2324 1899//1899
f 1662//1662 1898//1898 2333//2333
f 1896//1896 2325//2325 1898//1898
f 2328//2328 2333//2333 2325//2325
f 1898//1898 2325//2325 2333//2333
f 2134//2134 2334//2334 2335//2335
f 2265//2265 2336//2336 2334//2334
f 2220//2220 2335//2335 2336//2336
f 2334//2334 2336//2336 2335//2335
f 2212//2212 2222//2222 2268//2268
f 2220//2220 2336//2336 2222//2222
f 2265//2265 2268//2268 2336//2336
f 2222//2222 2336//2336 2268//2268
f 2053//2053 2267//2267 2141//2141
f 2265//2265 2334//2334 2267//2267
f 2134//2134 2141//2141 2334//2334
f 2267//2267 2334//2334 2141//2141
f 1803//1803 2140//2140 2221//2221
f 2134//2134 2335//2335 2140//2140
f 2220//2220 2221//2221 2335//2335
f 2140//2140 2335//2335 2221//2221
f 2337//2337 2338//2338 2339//2339
f 1916//1916 2340//2340 2338//2338
f 2341//2341 2339//2339 2340//2340
f 2338//2338 2340//2340 2339//2339
f 1678//1678 2342//2342 1917//1917
f 2341//2341 2340//2340 2342//2342
f 1916//1916 1917//1917 2340//2340
f 2342//2342 2340//2340 1917//1917
f 1919//1919 1921//1921 2343//2343
f 1916//1916 2338//2338 1921//1921
f 2337//2337 2343//2343 2338//2338
f 1921//1921 2338//2338 2343//2343
f 2344//2344 2345//2345 2346//2346
f 2337//2337 2339//2339 2345//2345
f 2341//2341 2346//2346 2339//2339
f 2345//2345 2339//2339 2346//2346
f 2147//2147 2347//2347 2348//2348
f 2349//2349 2350//2350 2347//2347
f 2351//2351 2348//2348 2350//2350
f 2347//2347 2350//2350 2348//2348
f 2352//2352 2353//2353 2354//2354
f 2351//2351 2350//2350 2353//2353
f 2349//2349 2354//2354 2350//2350
f 2353//2353 2350//2350 2354//2354
f 2148//2148 2355//2355 2149//2149
f 2349//2349 2347//2347 2355//2355
f 2147//2147 2149//2149 2347//2347
f 2355//2355 2347//2347 2149//2149
f 2085//2085 2152//2152 2356//2356
f 2147//2147 2348//2348 2152//2152
f 2351//2351 2356//2356 2348//2348
f 2152//2152 2348//2348 2356//2356
f 2357//2357 2358//2358 2359//2359
f 2349//2349 2360//2360 2358//2358
f 2361//2361 2359//2359 2360//2360
f 2358//2358 2360//2360 2359//2359
f 2148//2148 2362//2362 2355//2355
f 2361//2361 2360//2360 2362//2362
f 2349//2349 2355//2355 2360//2360
f 2362//2362 2360//2360 2355//2355
f 2352//2352 2354//2354 2363//2363
f 2349//2349 2358//2358 2354//2354
f 2357//2357 2363//2363 2358//2358
f 2354//2354 2358//2358 2363//2363
f 2364//2364 2365//2365 2366//2366
f 2357//2357 2359//2359 2365//2365
f 2361//2361 2366//2366 2359//2359
f 2365//2365 2359//2359 2366//2366
f 2367//2367 2368//2368 2369//2369
f 2233//2233 2370//2370 2368//2368
f 2299//2299 2369//2369 2370//2370
f 2368//2368 2370//2370 2369//2369
f 2240//2240 2303//2303 2241//2241
f 2299//2299 2370//2370 2303//2303
f 2233//2233 2241//2241 2370//2370
f 2303//2303 2370//2370 2241//2241
f 1993//1993 2239//2239 2371//2371
f 2233//2233 2368//2368 2239//2239
f 2367//2367 2371//2371 2368//2368
f 2239//2239 2368//2368 2371//2371
f 1686//1686 2372//2372 2300//2300
f 2367//2367 2369//2369 2372//2372
f 2299//2299 2300//2300 2369//2369
f 2372//2372 2369//2369 2300//2300
f 2373//2373 2374//2374 2375//2375
f 2247//2247 2376//2376 2374//2374
f 2313//2313 2375//2375 2376//2376
f 2374//2374 2376//2376 2375//2375
f 2021//2021 2317//2317 2248//2248
f 2313//2313 2376//2376 2317//2317
f 2247//2247 2248//2248 2376//2376
f 2317//2317 2376//2376 2248//2248
f 2250//2250 2252//2252 2377//2377
f 2247//2247 2374//2374 2252//2252
f 2373//2373 2377//2377 2374//2374
f 2252//2252 2374//2374 2377//2377
f 2318//2318 2378//2378 2319//2319
f 2373//2373 2375//2375 2378//2378
f 2313//2313 2319//2319 2375//2375
f 2378//2378 2375//2375 2319//2319
f 2379//2379 2380//2380 2381//2381
f 2281//2281 2382//2382 2380//2380
f 2383//2383 2381//2381 2382//2382
f 2380//2380 2382//2382 2381//2381
f 2292//2292 2384//2384 2293//2293
f 2383//2383 2382//2382 2384//2384
f 2281//2281 2293//2293 2382//2382
f 2384//2384 2382//2382 2293//2293
f 2289//2289 2291//2291 2385//2385
f 2281//2281 2380//2380 2291//2291
f 2379//2379 2385//2385 2380//2380
f 2291//2291 2380//2380 2385//2385
f 2386//2386 2387//2387 2388//2388
f 2379//2379 2381//2381 2387//2387
f 2383//2383 2388//2388 2381//2381
f 2387//2387 2381//2381 2388//2388
f 1710//1710 2389//2389 2390//2390
f 2284//2284 2391//2391 2389//2389
f 2392//2392 2390//2390 2391//2391
f 2389//2389 2391//2391 2390//2390
f 2289//2289 2393//2393 2290//2290
f 2392//2392 2391//2391 2393//2393
f 2284//2284 2290//2290 2391//2391
f 2393//2393 2391//2391 2290//2290
f 1615//1615 2288//2288 1716//1716
f 2284//2284 2389//2389 2288//2288
f 1710//1710 1716//1716 2389//2389
f 2288//2288 2389//2389 1716//1716
f 1713//1713 1715//1715 2394//2394
f 1710//1710 2390//2390 1715//1715
f 2392//2392 2394//2394 2390//2390
f 1715//1715 2390//2390 2394//2394
f 2395//2395 2396//2396 2397//2397
f 2184//2184 2398//2398 2396//2396
f 2399//2399 2397//2397 2398//2398
f 2396//2396 2398//2398 2397//2397
f 2191//2191 2400//2400 2192//2192
f 2399//2399 2398//2398 2400//2400
f 2184//2184 2192//2192 2398//2398
f 2400//2400 2398//2398 2192//2192
f 2009//2009 2190//2190 2401//2401
f 2184//2184 2396//2396 2190//2190
f 2395//2395 2401//2401 2396//2396
f 2190//2190 2396//2396 2401//2401
f 2402//2402 2403//2403 2404//2404
f 2395//2395 2397//2397 2403//2403
f 2399//2399 2404//2404 2397//2397
f 2403//2403 2397//2397 2404//2404
f 2253//2253 2405//2405 2406//2406
f 2395//2395 2407//2407 2405//2405
f 2408//2408 2406//2406 2407//2407
f 2405//2405 2407//2407 2406//2406
f 2402//2402 2409//2409 2403//2403
f 2408//2408 2407//2407 2409//2409
f 2395//2395 2403//2403 2407//2407
f 2409//2409 2407//2407 2403//2403
f 2009//2009 2401//2401 2262//2262
f 2395//2395 2405//2405 2401//2401
f 2253//2253 2262//2262 2405//2405
f 2401//2401 2405//2405 2262//2262
f 2259//2259 2261//2261 2410//2410
f 2253//2253 2406//2406 2261//2261
f 2408//2408 2410//2410 2406//2406
f 2261//2261 2406//2406 2410//2410
f 2411//2411 2412//2412 2413//2413
f 2414//2414 2415//2415 2412//2412
f 2416//2416 2413//2413 2415//2415
f 2412//2412 2415//2415 2413//2413
f 1449//1449 2417//2417 2418//2418
f 2416//2416 2415//2415 2417//2417
f 2414//2414 2418//2418 2415//2415
f 2417//2417 2415//2415 2418//2418
f 2329//2329 2419//2419 2420//2420
f 2414//2414 2412//2412 2419//2419
f 2411//2411 2420//2420 2412//2412
f 2419//2419 2412//2412 2420//2420
f 2421//2421 2422//2422 2423//2423
f 2411//2411 2413//2413 2422//2422
f 2416//2416 2423//2423 2413//2413
f 2422//2422 2413//2413 2423//2423
f 2274//2274 2424//2424 2425//2425
f 2426//2426 2427//2427 2424//2424
f 2341//2341 2425//2425 2427//2427
f 2424//2424 2427//2427 2425//2425
f 2344//2344 2346//2346 2428//2428
f 2341//2341 2427//2427 2346//2346
f 2426//2426 2428//2428 2427//2427
f 2346//2346 2427//2427 2428//2428
f 1301//1301 2429//2429 2275//2275
f 2426//2426 2424//2424 2429//2429
f 2274//2274 2275//2275 2424//2424
f 2429//2429 2424//2424 2275//2275
f 1678//1678 2280//2280 2342//2342
f 2274//2274 2425//2425 2280//2280
f 2341//2341 2342//2342 2425//2425
f 2280//2280 2425//2425 2342//2342
f 2430//2430 2431//2431 2432//2432
f 2433//2433 2434//2434 2431//2431
f 2435//2435 2432//2432 2434//2434
f 2431//2431 2434//2434 2432//2432
f 2436//2436 2437//2437 2438//2438
f 2435//2435 2434//2434 2437//2437
f 2433//2433 2438//2438 2434//2434
f 2437//2437 2434//2434 2438//2438
f 1662//1662 2439//2439 2440//2440
f 2433//2433 2431//2431 2439//2439
f 2430//2430 2440//2440 2431//2431
f 2439//2439 2431//2431 2440//2440
f 2163//2163 2441//2441 2442//2442
f 2430//2430 2432//2432 2441//2441
f 2435//2435 2442//2442 2432//2432
f 2441//2441 2432//2432 2442//2442
f 2443//2443 2444//2444 2445//2445
f 2446//2446 2447//2447 2444//2444
f 2243//2243 2445//2445 2447//2447
f 2444//2444 2447//2447 2445//2445
f 2191//2191 2249//2249 2448//2448
f 2243//2243 2447//2447 2249//2249
f 2446//2446 2448//2448 2447//2447
f 2249//2249 2447//2447 2448//2448
f 2449//2449 2450//2450 2451//2451
f 2446//2446 2444//2444 2450//2450
f 2443//2443 2451//2451 2444//2444
f 2450//2450 2444//2444 2451//2451
f 2250//2250 2452//2452 2251//2251
f 2443//2443 2445//2445 2452//2452
f 2243//2243 2251//2251 2445//2445
f 2452//2452 2445//2445 2251//2251
f 2453//2453 2454//2454 2455//2455
f 2373//2373 2456//2456 2454//2454
f 2457//2457 2455//2455 2456//2456
f 2454//2454 2456//2456 2455//2455
f 2318//2318 2458//2458 2378//2378
f 2457//2457 2456//2456 2458//2458
f 2373//2373 2378//2378 2456//2456
f 2458//2458 2456//2456 2378//2378
f 2250//2250 2377//2377 2459//2459
f 2373//2373 2454//2454 2377//2377
f 2453//2453 2459//2459 2454//2454
f 2377//2377 2454//2454 2459//2459
f 2460//2460 2461//2461 2462//2462
f 2453//2453 2455//2455 2461//2461
f 2457//2457 2462//2462 2455//2455
f 2461//2461 2455//2455 2462//2462
f 1548//1548 2463//2463 2464//2464
f 2465//2465 2466//2466 2463//2463
f 2467//2467 2464//2464 2466//2466
f 2463//2463 2466//2466 2464//2464
f 2321//2321 2468//2468 2469//2469
f 2467//2467 2466//2466 2468//2468
f 2465//2465 2469//2469 2466//2466
f 2468//2468 2466//2466 2469//2469
f 1549//1549 2470//2470 1550//1550
f 2465//2465 2463//2463 2470//2470
f 1548//1548 1550//1550 2463//2463
f 2470//2470 2463//2463 1550//1550
f 875//875 1553//1553 2471//2471
f 1548//1548 2464//2464 1553//1553
f 2467//2467 2471//2471 2464//2464
f 1553//1553 2464//2464 2471//2471
f 2472//2472 2473//2473 2474//2474
f 2475//2475 2476//2476 2473//2473
f 2477//2477 2474//2474 2476//2476
f 2473//2473 2476//2476 2474//2474
f 2478//2478 2479//2479 2480//2480
f 2477//2477 2476//2476 2479//2479
f 2475//2475 2480//2480 2476//2476
f 2479//2479 2476//2476 2480//2480
f 2163//2163 2481//2481 2482//2482
f 2475//2475 2473//2473 2481//2481
f 2472//2472 2482//2482 2473//2473
f 2481//2481 2473//2473 2482//2482
f 2292//2292 2483//2483 2484//2484
f 2472//2472 2474//2474 2483//2483
f 2477//2477 2484//2484 2474//2474
f 2483//2483 2474//2474 2484//2484
f 2485//2485 2486//2486 2487//2487
f 2488//2488 2489//2489 2486//2486
f 2490//2490 2487//2487 2489//2489
f 2486//2486 2489//2489 2487//2487
f 2491//2491 2492//2492 2493//2493
f 2490//2490 2489//2489 2492//2492
f 2488//2488 2493//2493 2489//2489
f 2492//2492 2489//2489 2493//2493
f 2204//2204 2494//2494 2495//2495
f 2488//2488 2486//2486 2494//2494
f 2485//2485 2495//2495 2486//2486
f 2494//2494 2486//2486 2495//2495
f 2421//2421 2496//2496 2497//2497
f 2485//2485 2487//2487 2496//2496
f 2490//2490 2497//2497 2487//2487
f 2496//2496 2487//2487 2497//2497
f 2498//2498 2499//2499 2500//2500
f 2501//2501 2502//2502 2499//2499
f 2503//2503 2500//2500 2502//2502
f 2499//2499 2502//2502 2500//2500
f 1919//1919 2504//2504 2505//2505
f 2503//2503 2502//2502 2504//2504
f 2501//2501 2505//2505 2502//2502
f 2504//2504 2502//2502 2505//2505
f 2506//2506 2507//2507 2508//2508
f 2501//2501 2499//2499 2507//2507
f 2498//2498 2508//2508 2499//2499
f 2507//2507 2499//2499 2508//2508
f 2509//2509 2510//2510 2511//2511
f 2498//2498 2500//2500 2510//2510
f 2503//2503 2511//2511 2500//2500
f 2510//2510 2500//2500 2511//2511
f 2337//2337 2512//2512 2513//2513
f 2514//2514 2515//2515 2512//2512
f 2503//2503 2513//2513 2515//2515
f 2512//2512 2515//2515 2513//2513
f 2509//2509 2511//2511 2516//2516
f 2503//2503 2515//2515 2511//2511
f 2514//2514 2516//2516 2515//2515
f 2511//2511 2515//2515 2516//2516
f 2344//2344 2517//2517 2345//2345
f 2514//2514 2512//2512 2517//2517
f 2337//2337 2345//2345 2512//2512
f 2517//2517 2512//2512 2345//2345
f 1919//1919 2343//2343 2504//2504
f 2337//2337 2513//2513 2343//2343
f 2503//2503 2504//2504 2513//2513
f 2343//2343 2513//2513 2504//2504
f 2518//2518 2519//2519 2520//2520
f 2521//2521 2522//2522 2519//2519
f 2523//2523 2520//2520 2522//2522
f 2519//2519 2522//2522 2520//2520
f 2524//2524 2525//2525 2526//2526
f 2523//2523 2522//2522 2525//2525
f 2521//2521 2526//2526 2522//2522
f 2525//2525 2522//2522 2526//2526
f 1304//1304 2527//2527 2528//2528
f 2521//2521 2519//2519 2527//2527
f 2518//2518 2528//2528 2519//2519
f 2527//2527 2519//2519 2528//2528
f 2529//2529 2530//2530 2531//2531
f 2518//2518 2520//2520 2530//2530
f 2523//2523 2531//2531 2520//2520
f 2530//2530 2520//2520 2531//2531
f 2532//2532 2533//2533 2534//2534
f 2535//2535 2536//2536 2533//2533
f 2227//2227 2534//2534 2536//2536
f 2533//2533 2536//2536 2534//2534
f 2230//2230 2232//2232 2537//2537
f 2227//2227 2536//2536 2232//2232
f 2535//2535 2537//2537 2536//2536
f 2232//2232 2536//2536 2537//2537
f 2538//2538 2539//2539 2540//2540
f 2535//2535 2533//2533 2539//2539
f 2532//2532 2540//2540 2533//2533
f 2539//2539 2533//2533 2540//2540
f 2085//2085 2541//2541 2228//2228
f 2532//2532 2534//2534 2541//2541
f 2227//2227 2228//2228 2534//2534
f 2541//2541 2534//2534 2228//2228
f 2542//2542 2543//2543 2544//2544
f 2545//2545 2546//2546 2543//2543
f 2361//2361 2544//2544 2546//2546
f 2543//2543 2546//2546 2544//2544
f 2364//2364 2366//2366 2547//2547
f 2361//2361 2546//2546 2366//2366
f 2545//2545 2547//2547 2546//2546
f 2366//2366 2546//2546 2547//2547
f 1928//1928 2548//2548 2549//2549
f 2545//2545 2543//2543 2548//2548
f 2542//2542 2549//2549 2543//2543
f 2548//2548 2543//2543 2549//2549
f 2148//2148 2550//2550 2362//2362
f 2542//2542 2544//2544 2550//2550
f 2361//2361 2362//2362 2544//2544
f 2550//2550 2544//2544 2362//2362
f 2551//2551 2552//2552 2553//2553
f 2457//2457 2554//2554 2552//2552
f 2555//2555 2553//2553 2554//2554
f 2552//2552 2554//2554 2553//2553
f 2318//2318 2556//2556 2458//2458
f 2555//2555 2554//2554 2556//2556
f 2457//2457 2458//2458 2554//2554
f 2556//2556 2554//2554 2458//2458
f 2460//2460 2462//2462 2557//2557
f 2457//2457 2552//2552 2462//2462
f 2551//2551 2557//2557 2552//2552
f 2462//2462 2552//2552 2557//2557
f 2558//2558 2559//2559 2560//2560
f 2551//2551 2553//2553 2559//2559
f 2555//2555 2560//2560 2553//2553
f 2559//2559 2553//2553 2560//2560
f 2561//2561 2562//2562 2563//2563
f 2488//2488 2564//2564 2562//2562
f 2565//2565 2563//2563 2564//2564
f 2562//2562 2564//2564 2563//2563
f 2204//2204 2566//2566 2494//2494
f 2565//2565 2564//2564 2566//2566
f 2488//2488 2494//2494 2564//2564
f 2566//2566 2564//2564 2494//2494
f 2491//2491 2493//2493 2567//2567
f 2488//2488 2562//2562 2493//2493
f 2561//2561 2567//2567 2562//2562
f 2493//2493 2562//2562 2567//2567
f 2568//2568 2569//2569 2570//2570
f 2561//2561 2563//2563 2569//2569
f 2565//2565 2570//2570 2563//2563
f 2569//2569 2563//2563 2570//2570
f 2490//2490 2571//2571 2572//2572
f 2573//2573 2574//2574 2571//2571
f 2411//2411 2572//2572 2574//2574
f 2571//2571 2574//2574 2572//2572
f 2329//2329 2420//2420 2575//2575
f 2411//2411 2574//2574 2420//2420
f 2573//2573 2575//2575 2574//2574
f 2420//2420 2574//2574 2575//2575
f 2491//2491 2576//2576 2492//2492
f 2573//2573 2571//2571 2576//2576
f 2490//2490 2492//2492 2571//2571
f 2576//2576 2571//2571 2492//2492
f 2421//2421 2497//2497 2422//2422
f 2490//2490 2572//2572 2497//2497
f 2411//2411 2422//2422 2572//2572
f 2497//2497 2572//2572 2422//2422
f 2577//2577 2578//2578 2579//2579
f 2580//2580 2581//2581 2578//2578
f 1298//1298 2579//2579 2581//2581
f 2578//2578 2581//2581 2579//2579
f 1301//1301 1303//1303 2582//2582
f 1298//1298 2581//2581 1303//1303
f 2580//2580 2582//2582 2581//2581
f 1303//1303 2581//2581 2582//2582
f 2583//2583 2584//2584 2585//2585
f 2580//2580 2578//2578 2584//2584
f 2577//2577 2585//2585 2578//2578
f 2584//2584 2578//2578 2585//2585
f 1304//1304 2586//2586 1305//1305
f 2577//2577 2579//2579 2586//2586
f 1298//1298 1305//1305 2579//2579
f 2586//2586 2579//2579 1305//1305
f 2587//2587 2588//2588 2589//2589
f 2590//2590 2591//2591 2588//2588
f 2535//2535 2589//2589 2591//2591
f 2588//2588 2591//2591 2589//2589
f 2230//2230 2537//2537 2592//2592
f 2535//2535 2591//2591 2537//2537
f 2590//2590 2592//2592 2591//2591
f 2537//2537 2591//2591 2592//2592
f 2524//2524 2593//2593 2594//2594
f 2590//2590 2588//2588 2593//2593
f 2587//2587 2594//2594 2588//2588
f 2593//2593 2588//2588 2594//2594
f 2538//2538 2595//2595 2539//2539
f 2587//2587 2589//2589 2595//2595
f 2535//2535 2539//2539 2589//2589
f 2595//2595 2589//2589 2539//2539
f 2351//2351 2596//2596 2597//2597
f 2598//2598 2599//2599 2596//2596
f 2600//2600 2597//2597 2599//2599
f 2596//2596 2599//2599 2597//2597
f 2601//2601 2602//2602 2603//2603
f 2600//2600 2599//2599 2602//2602
f 2598//2598 2603//2603 2599//2599
f 2602//2602 2599//2599 2603//2603
f 2352//2352 2604//2604 2353//2353
f 2598//2598 2596//2596 2604//2604
f 2351//2351 2353//2353 2596//2596
f 2604//2604 2596//2596 2353//2353
f 2085//2085 2356//2356 2605//2605
f 2351//2351 2597//2597 2356//2356
f 2600//2600 2605//2605 2597//2597
f 2356//2356 2597//2597 2605//2605
f 2606//2606 2607//2607 2608//2608
f 2609//2609 2610//2610 2607//2607
f 2611//2611 2608//2608 2610//2610
f 2607//2607 2610//2610 2608//2608
f 2478//2478 2612//2612 2613//2613
f 2611//2611 2610//2610 2612//2612
f 2609//2609 2613//2613 2610//2610
f 2612//2612 2610//2610 2613//2613
f 2614//2614 2615//2615 2616//2616
f 2609//2609 2607//2607 2615//2615
f 2606//2606 2616//2616 2607//2607
f 2615//2615 2607//2607 2616//2616
f 2436//2436 2617//2617 2618//2618
f 2606//2606 2608//2608 2617//2617
f 2611//2611 2618//2618 2608//2608
f 2617//2617 2608//2608 2618//2618
f 2477//2477 2619//2619 2620//2620
f 2621//2621 2622//2622 2619//2619
f 2383//2383 2620//2620 2622//2622
f 2619//2619 2622//2622 2620//2620
f 2386//2386 2388//2388 2623//2623
f 2383//2383 2622//2622 2388//2388
f 2621//2621 2623//2623 2622//2622
f 2388//2388 2622//2622 2623//2623
f 2478//2478 2624//2624 2479//2479
f 2621//2621 2619//2619 2624//2624
f 2477//2477 2479//2479 2619//2619
f 2624//2624 2619//2619 2479//2479
f 2292//2292 2484//2484 2384//2384
f 2477//2477 2620//2620 2484//2484
f 2383//2383 2384//2384 2620//2620
f 2484//2484 2620//2620 2384//2384
f 2625//2625 2626//2626 2627//2627
f 2628//2628 2629//2629 2626//2626
f 2399//2399 2627//2627 2629//2629
f 2626//2626 2629//2629 2627//2627
f 2402//2402 2404//2404 2630//2630
f 2399//2399 2629//2629 2404//2404
f 2628//2628 2630//2630 2629//2629
f 2404//2404 2629//2629 2630//2630
f 2631//2631 2632//2632 2633//2633
f 2628//2628 2626//2626 2632//2632
f 2625//2625 2633//2633 2626//2626
f 2632//2632 2626//2626 2633//2633
f 2191//2191 2634//2634 2400//2400
f 2625//2625 2627//2627 2634//2634
f 2399//2399 2400//2400 2627//2627
f 2634//2634 2627//2627 2400//2400
f 2565//2565 2635//2635 2636//2636
f 2637//2637 2638//2638 2635//2635
f 2639//2639 2636//2636 2638//2638
f 2635//2635 2638//2638 2636//2636
f 2640//2640 2641//2641 2642//2642
f 2639//2639 2638//2638 2641//2641
f 2637//2637 2642//2642 2638//2638
f 2641//2641 2638//2638 2642//2642
f 2204//2204 2643//2643 2566//2566
f 2637//2637 2635//2635 2643//2643
f 2565//2565 2566//2566 2635//2635
f 2643//2643 2635//2635 2566//2566
f 2568//2568 2570//2570 2644//2644
f 2565//2565 2636//2636 2570//2570
f 2639//2639 2644//2644 2636//2636
f 2570//2570 2636//2636 2644//2644
f 2645//2645 2646//2646 2647//2647
f 2648//2648 2649//2649 2646//2646
f 2561//2561 2647//2647 2649//2649
f 2646//2646 2649//2649 2647//2647
f 2491//2491 2567//2567 2650//2650
f 2561//2561 2649//2649 2567//2567
f 2648//2648 2650//2650 2649//2649
f 2567//2567 2649//2649 2650//2650
f 2651//2651 2652//2652 2653//2653
f 2648//2648 2646//2646 2652//2652
f 2645//2645 2653//2653 2646//2646
f 2652//2652 2646//2646 2653//2653
f 2568//2568 2654//2654 2569//2569
f 2645//2645 2647//2647 2654//2654
f 2561//2561 2569//2569 2647//2647
f 2654//2654 2647//2647 2569//2569
f 2580//2580 2655//2655 2656//2656
f 2657//2657 2658//2658 2655//2655
f 2426//2426 2656//2656 2658//2658
f 2655//2655 2658//2658 2656//2656
f 2344//2344 2428//2428 2659//2659
f 2426//2426 2658//2658 2428//2428
f 2657//2657 2659//2659 2658//2658
f 2428//2428 2658//2658 2659//2659
f 2583//2583 2660//2660 2584//2584
f 2657//2657 2655//2655 2660//2660
f 2580//2580 2584//2584 2655//2655
f 2660//2660 2655//2655 2584//2584
f 1301//1301 2582//2582 2429//2429
f 2580//2580 2656//2656 2582//2582
f 2426//2426 2429//2429 2656//2656
f 2582//2582 2656//2656 2429//2429
f 2600//2600 2661//2661 2662//2662
f 2663//2663 2664//2664 2661//2661
f 2532//2532 2662//2662 2664//2664
f 2661//2661 2664//2664 2662//2662
f 2538//2538 2540//2540 2665//2665
f 2532//2532 2664//2664 2540//2540
f 2663//2663 2665//2665 2664//2664
f 2540//2540 2664//2664 2665//2665
f 2601//2601 2666//2666 2602//2602
f 2663//2663 2661//2661 2666//2666
f 2600//2600 2602//2602 2661//2661
f 2666//2666 2661//2661 2602//2602
f 2085//2085 2605//2605 2541//2541
f 2600//2600 2662//2662 2605//2605
f 2532//2532 2541//2541 2662//2662
f 2605//2605 2662//2662 2541//2541
f 2667//2667 2668//2668 2669//2669
f 2625//2625 2670//2670 2668//2668
f 2446//2446 2669//2669 2670//2670
f 2668//2668 2670//2670 2669//2669
f 2191//2191 2448//2448 2634//2634
f 2446//2446 2670//2670 2448//2448
f 2625//2625 2634//2634 2670//2670
f 2448//2448 2670//2670 2634//2634
f 2631//2631 2633//2633 2671//2671
f 2625//2625 2668//2668 2633//2633
f 2667//2667 2671//2671 2668//2668
f 2633//2633 2668//2668 2671//2671
f 2449//2449 2672//2672 2450//2450
f 2667//2667 2669//2669 2672//2672
f 2446//2446 2450//2450 2669//2669
f 2672//2672 2669//2669 2450//2450
f 2628//2628 2673//2673 2674//2674
f 2675//2675 2676//2676 2673//2673
f 2677//2677 2674//2674 2676//2676
f 2673//2673 2676//2676 2674//2674
f 2678//2678 2679//2679 2680//2680
f 2677//2677 2676//2676 2679//2679
f 2675//2675 2680//2680 2676//2676
f 2679//2679 2676//2676 2680//2680
f 2631//2631 2681//2681 2632//2632
f 2675//2675 2673//2673 2681//2681
f 2628//2628 2632//2632 2673//2673
f 2681//2681 2673//2673 2632//2632
f 2402//2402 2630//2630 2682//2682
f 2628//2628 2674//2674 2630//2630
f 2677//2677 2682//2682 2674//2674
f 2630//2630 2674//2674 2682//2682
f 2408//2408 2683//2683 2684//2684
f 2685//2685 2686//2686 2683//2683
f 2687//2687 2684//2684 2686//2686
f 2683//2683 2686//2686 2684//2684
f 2688//2688 2689//2689 2690//2690
f 2687//2687 2686//2686 2689//2689
f 2685//2685 2690//2690 2686//2686
f 2689//2689 2686//2686 2690//2690
f 2402//2402 2691//2691 2409//2409
f 2685//2685 2683//2683 2691//2691
f 2408//2408 2409//2409 2683//2683
f 2691//2691 2683//2683 2409//2409
f 2259//2259 2410//2410 2692//2692
f 2408//2408 2684//2684 2410//2410
f 2687//2687 2692//2692 2684//2684
f 2410//2410 2684//2684 2692//2692
f 2693//2693 2694//2694 2695//2695
f 2696//2696 2697//2697 2694//2694
f 2698//2698 2695//2695 2697//2697
f 2694//2694 2697//2697 2695//2695
f 2506//2506 2699//2699 2700//2700
f 2698//2698 2697//2697 2699//2699
f 2696//2696 2700//2700 2697//2697
f 2699//2699 2697//2697 2700//2700
f 2701//2701 2702//2702 2703//2703
f 2696//2696 2694//2694 2702//2702
f 2693//2693 2703//2703 2694//2694
f 2702//2702 2694//2694 2703//2703
f 2704//2704 2705//2705 2706//2706
f 2693//2693 2695//2695 2705//2705
f 2698//2698 2706//2706 2695//2695
f 2705//2705 2695//2695 2706//2706
f 2707//2707 2708//2708 2709//2709
f 2710//2710 2711//2711 2708//2708
f 2712//2712 2709//2709 2711//2711
f 2708//2708 2711//2711 2709//2709
f 2713//2713 2714//2714 2715//2715
f 2712//2712 2711//2711 2714//2714
f 2710//2710 2715//2715 2711//2711
f 2714//2714 2711//2711 2715//2715
f 2716//2716 2717//2717 2718//2718
f 2710//2710 2708//2708 2717//2717
f 2707//2707 2718//2718 2708//2708
f 2717//2717 2708//2708 2718//2718
f 2506//2506 2719//2719 2720//2720
f 2707//2707 2709//2709 2719//2719
f 2712//2712 2720//2720 2709//2709
f 2719//2719 2709//2709 2720//2720
f 2721//2721 2722//2722 2723//2723
f 2724//2724 2725//2725 2722//2722
f 2726//2726 2723//2723 2725//2725
f 2722//2722 2725//2725 2723//2723
f 2583//2583 2727//2727 2728//2728
f 2726//2726 2725//2725 2727//2727
f 2724//2724 2728//2728 2725//2725
f 2727//2727 2725//2725 2728//2728
f 2729//2729 2730//2730 2731//2731
f 2724//2724 2722//2722 2730//2730
f 2721//2721 2731//2731 2722//2722
f 2730//2730 2722//2722 2731//2731
f 2529//2529 2732//2732 2733//2733
f 2721//2721 2723//2723 2732//2732
f 2726//2726 2733//2733 2723//2723
f 2732//2732 2723//2723 2733//2733
f 2726//2726 2734//2734 2735//2735
f 2577//2577 2736//2736 2734//2734
f 2518//2518 2735//2735 2736//2736
f 2734//2734 2736//2736 2735//2735
f 1304//1304 2528//2528 2586//2586
f 2518//2518 2736//2736 2528//2528
f 2577//2577 2586//2586 2736//2736
f 2528//2528 2736//2736 2586//2586
f 2583//2583 2585//2585 2727//2727
f 2577//2577 2734//2734 2585//2585
f 2726//2726 2727//2727 2734//2734
f 2585//2585 2734//2734 2727//2727
f 2529//2529 2733//2733 2530//2530
f 2726//2726 2735//2735 2733//2733
f 2518//2518 2530//2530 2735//2735
f 2733//2733 2735//2735 2530//2530
f 2737//2737 2738//2738 2739//2739
f 2740//2740 2741//2741 2738//2738
f 2742//2742 2739//2739 2741//2741
f 2738//2738 2741//2741 2739//2739
f 2743//2743 2744//2744 2745//2745
f 2742//2742 2741//2741 2744//2744
f 2740//2740 2745//2745 2741//2741
f 2744//2744 2741//2741 2745//2745
f 2746//2746 2747//2747 2748//2748
f 2740//2740 2738//2738 2747//2747
f 2737//2737 2748//2748 2738//2738
f 2747//2747 2738//2738 2748//2748
f 2749//2749 2750//2750 2751//2751
f 2737//2737 2739//2739 2750//2750
f 2742//2742 2751//2751 2739//2739
f 2750//2750 2739//2739 2751//2751
f 2752//2752 2753//2753 2754//2754
f 2698//2698 2755//2755 2753//2753
f 2756//2756 2754//2754 2755//2755
f 2753//2753 2755//2755 2754//2754
f 2506//2506 2757//2757 2699//2699
f 2756//2756 2755//2755 2757//2757
f 2698//2698 2699//2699 2755//2755
f 2757//2757 2755//2755 2699//2699
f 2704//2704 2706//2706 2758//2758
f 2698//2698 2753//2753 2706//2706
f 2752//2752 2758//2758 2753//2753
f 2706//2706 2753//2753 2758//2758
f 2759//2759 2760//2760 2761//2761
f 2752//2752 2754//2754 2760//2760
f 2756//2756 2761//2761 2754//2754
f 2760//2760 2754//2754 2761//2761
f 2762//2762 2763//2763 2764//2764
f 2765//2765 2766//2766 2763//2763
f 2523//2523 2764//2764 2766//2766
f 2763//2763 2766//2766 2764//2764
f 2529//2529 2531//2531 2767//2767
f 2523//2523 2766//2766 2531//2531
f 2765//2765 2767//2767 2766//2766
f 2531//2531 2766//2766 2767//2767
f 2768//2768 2769//2769 2770//2770
f 2765//2765 2763//2763 2769//2769
f 2762//2762 2770//2770 2763//2763
f 2769//2769 2763//2763 2770//2770
f 2524//2524 2771//2771 2525//2525
f 2762//2762 2764//2764 2771//2771
f 2523//2523 2525//2525 2764//2764
f 2771//2771 2764//2764 2525//2525
f 2598//2598 2772//2772 2773//2773
f 2774//2774 2775//2775 2772//2772
f 2776//2776 2773//2773 2775//2775
f 2772//2772 2775//2775 2773//2773
f 2777//2777 2778//2778 2779//2779
f 2776//2776 2775//2775 2778//2778
f 2774//2774 2779//2779 2775//2775
f 2778//2778 2775//2775 2779//2779
f 2352//2352 2780//2780 2604//2604
f 2774//2774 2772//2772 2780//2780
f 2598//2598 2604//2604 2772//2772
f 2780//2780 2772//2772 2604//2604
f 2601//2601 2603//2603 2781//2781
f 2598//2598 2773//2773 2603//2603
f 2776//2776 2781//2781 2773//2773
f 2603//2603 2773//2773 2781//2781
f 2357//2357 2782//2782 2783//2783
f 2784//2784 2785//2785 2782//2782
f 2774//2774 2783//2783 2785//2785
f 2782//2782 2785//2785 2783//2783
f 2777//2777 2779//2779 2786//2786
f 2774//2774 2785//2785 2779//2779
f 2784//2784 2786//2786 2785//2785
f 2779//2779 2785//2785 2786//2786
f 2364//2364 2787//2787 2365//2365
f 2784//2784 2782//2782 2787//2787
f 2357//2357 2365//2365 2782//2782
f 2787//2787 2782//2782 2365//2365
f 2352//2352 2363//2363 2780//2780
f 2357//2357 2783//2783 2363//2363
f 2774//2774 2780//2780 2783//2783
f 2363//2363 2783//2783 2780//2780
f 2609//2609 2788//2788 2789//2789
f 2790//2790 2791//2791 2788//2788
f 2792//2792 2789//2789 2791//2791
f 2788//2788 2791//2791 2789//2789
f 2793//2793 2794//2794 2795//2795
f 2792//2792 2791//2791 2794//2794
f 2790//2790 2795//2795 2791//2791
f 2794//2794 2791//2791 2795//2795
f 2614//2614 2796//2796 2615//2615
f 2790//2790 2788//2788 2796//2796
f 2609//2609 2615//2615 2788//2788
f 2796//2796 2788//2788 2615//2615
f 2478//2478 2613//2613 2797//2797
f 2609//2609 2789//2789 2613//2613
f 2792//2792 2797//2797 2789//2789
f 2613//2613 2789//2789 2797//2797
f 2551//2551 2798//2798 2799//2799
f 2800//2800 2801//2801 2798//2798
f 2802//2802 2799//2799 2801//2801
f 2798//2798 2801//2801 2799//2799
f 2803//2803 2804//2804 2805//2805
f 2802//2802 2801//2801 2804//2804
f 2800//2800 2805//2805 2801//2801
f 2804//2804 2801//2801 2805//2805
f 2558//2558 2806//2806 2559//2559
f 2800//2800 2798//2798 2806//2806
f 2551//2551 2559//2559 2798//2798
f 2806//2806 2798//2798 2559//2559
f 2460//2460 2557//2557 2807//2807
f 2551//2551 2799//2799 2557//2557
f 2802//2802 2807//2807 2799//2799
f 2557//2557 2799//2799 2807//2807
f 2808//2808 2809//2809 2810//2810
f 2811//2811 2812//2812 2809//2809
f 2685//2685 2810//2810 2812//2812
f 2809//2809 2812//2812 2810//2810
f 2688//2688 2690//2690 2813//2813
f 2685//2685 2812//2812 2690//2690
f 2811//2811 2813//2813 2812//2812
f 2690//2690 2812//2812 2813//2813
f 2814//2814 2815//2815 2816//2816
f 2811//2811 2809//2809 2815//2815
f 2808//2808 2816//2816 2809//2809
f 2815//2815 2809//2809 2816//2816
f 2402//2402 2817//2817 2691//2691
f 2808//2808 2810//2810 2817//2817
f 2685//2685 2691//2691 2810//2810
f 2817//2817 2810//2810 2691//2691
f 2818//2818 2819//2819 2820//2820
f 2821//2821 2822//2822 2819//2819
f 2742//2742 2820//2820 2822//2822
f 2819//2819 2822//2822 2820//2820
f 2749//2749 2751//2751 2823//2823
f 2742//2742 2822//2822 2751//2751
f 2821//2821 2823//2823 2822//2822
f 2751//2751 2822//2822 2823//2823
f 2640//2640 2824//2824 2825//2825
f 2821//2821 2819//2819 2824//2824
f 2818//2818 2825//2825 2819//2819
f 2824//2824 2819//2819 2825//2825
f 2743//2743 2826//2826 2744//2744
f 2818//2818 2820//2820 2826//2826
f 2742//2742 2744//2744 2820//2820
f 2826//2826 2820//2820 2744//2744
f 2827//2827 2828//2828 2829//2829
f 2830//2830 2831//2831 2828//2828
f 2693//2693 2829//2829 2831//2831
f 2828//2828 2831//2831 2829//2829
f 2701//2701 2703//2703 2832//2832
f 2693//2693 2831//2831 2703//2703
f 2830//2830 2832//2832 2831//2831
f 2703//2703 2831//2831 2832//2832
f 2558//2558 2833//2833 2834//2834
f 2830//2830 2828//2828 2833//2833
f 2827//2827 2834//2834 2828//2828
f 2833//2833 2828//2828 2834//2834
f 2704//2704 2835//2835 2705//2705
f 2827//2827 2829//2829 2835//2835
f 2693//2693 2705//2705 2829//2829
f 2835//2835 2829//2829 2705//2705
f 2514//2514 2836//2836 2837//2837
f 2838//2838 2839//2839 2836//2836
f 2840//2840 2837//2837 2839//2839
f 2836//2836 2839//2839 2837//2837
f 2841//2841 2842//2842 2843//2843
f 2840//2840 2839//2839 2842//2842
f 2838//2838 2843//2843 2839//2839
f 2842//2842 2839//2839 2843//2843
f 2344//2344 2844//2844 2517//2517
f 2838//2838 2836//2836 2844//2844
f 2514//2514 2517//2517 2836//2836
f 2844//2844 2836//2836 2517//2517
f 2509//2509 2516//2516 2845//2845
f 2514//2514 2837//2837 2516//2516
f 2840//2840 2845//2845 2837//2837
f 2516//2516 2837//2837 2845//2845
f 2721//2721 2846//2846 2847//2847
f 2765//2765 2848//2848 2846//2846
f 2849//2849 2847//2847 2848//2848
f 2846//2846 2848//2848 2847//2847
f 2768//2768 2850//2850 2769//2769
f 2849//2849 2848//2848 2850//2850
f 2765//2765 2769//2769 2848//2848
f 2850//2850 2848//2848 2769//2769
f 2529//2529 2767//2767 2732//2732
f 2765//2765 2846//2846 2767//2767
f 2721//2721 2732//2732 2846//2846
f 2767//2767 2846//2846 2732//2732
f 2729//2729 2731//2731 2851//2851
f 2721//2721 2847//2847 2731//2731
f 2849//2849 2851//2851 2847//2847
f 2731//2731 2847//2847 2851//2851
f 2852//2852 2853//2853 2854//2854
f 2855//2855 2856//2856 2853//2853
f 2857//2857 2854//2854 2856//2856
f 2853//2853 2856//2856 2854//2854
f 2858//2858 2859//2859 2860//2860
f 2857//2857 2856//2856 2859//2859
f 2855//2855 2860//2860 2856//2856
f 2859//2859 2856//2856 2860//2860
f 2614//2614 2861//2861 2862//2862
f 2855//2855 2853//2853 2861//2861
f 2852//2852 2862//2862 2853//2853
f 2861//2861 2853//2853 2862//2862
f 2863//2863 2864//2864 2865//2865
f 2852//2852 2854//2854 2864//2864
f 2857//2857 2865//2865 2854//2854
f 2864//2864 2854//2854 2865//2865
f 2866//2866 2867//2867 2868//2868
f 2802//2802 2869//2869 2867//2867
f 2870//2870 2868//2868 2869//2869
f 2867//2867 2869//2869 2868//2868
f 2803//2803 2871//2871 2804//2804
f 2870//2870 2869//2869 2871//2871
f 2802//2802 2804//2804 2869//2869
f 2871//2871 2869//2869 2804//2804
f 2460//2460 2807//2807 2872//2872
f 2802//2802 2867//2867 2807//2807
f 2866//2866 2872//2872 2867//2867
f 2807//2807 2867//2867 2872//2872
f 2873//2873 2874//2874 2875//2875
f 2866//2866 2868//2868 2874//2874
f 2870//2870 2875//2875 2868//2868
f 2874//2874 2868//2868 2875//2875
f 2876//2876 2877//2877 2878//2878
f 2866//2866 2879//2879 2877//2877
f 2880//2880 2878//2878 2879//2879
f 2877//2877 2879//2879 2878//2878
f 2873//2873 2881//2881 2874//2874
f 2880//2880 2879//2879 2881//2881
f 2866//2866 2874//2874 2879//2879
f 2881//2881 2879//2879 2874//2874
f 2460//2460 2872//2872 2882//2882
f 2866//2866 2877//2877 2872//2872
f 2876//2876 2882//2882 2877//2877
f 2872//2872 2877//2877 2882//2882
f 2449//2449 2883//2883 2884//2884
f 2876//2876 2878//2878 2883//2883
f 2880//2880 2884//2884 2878//2878
f 2883//2883 2878//2878 2884//2884
f 2808//2808 2885//2885 2886//2886
f 2677//2677 2887//2887 2885//2885
f 2888//2888 2886//2886 2887//2887
f 2885//2885 2887//2887 2886//2886
f 2678//2678 2889//2889 2679//2679
f 2888//2888 2887//2887 2889//2889
f 2677//2677 2679//2679 2887//2887
f 2889//2889 2887//2887 2679//2679
f 2402//2402 2682//2682 2817//2817
f 2677//2677 2885//2885 2682//2682
f 2808//2808 2817//2817 2885//2885
f 2682//2682 2885//2885 2817//2817
f 2814//2814 2816//2816 2890//2890
f 2808//2808 2886//2886 2816//2816
f 2888//2888 2890//2890 2886//2886
f 2816//2816 2886//2886 2890//2890
f 2891//2891 2892//2892 2893//2893
f 2811//2811 2894//2894 2892//2892
f 2895//2895 2893//2893 2894//2894
f 2892//2892 2894//2894 2893//2893
f 2814//2814 2896//2896 2815//2815
f 2895//2895 2894//2894 2896//2896
f 2811//2811 2815//2815 2894//2894
f 2896//2896 2894//2894 2815//2815
f 2688//2688 2813//2813 2897//2897
f 2811//2811 2892//2892 2813//2813
f 2891//2891 2897//2897 2892//2892
f 2813//2813 2892//2892 2897//2897
f 2746//2746 2898//2898 2899//2899
f 2891//2891 2893//2893 2898//2898
f 2895//2895 2899//2899 2893//2893
f 2898//2898 2893//2893 2899//2899
f 2900//2900 2901//2901 2902//2902
f 2740//2740 2903//2903 2901//2901
f 2904//2904 2902//2902 2903//2903
f 2901//2901 2903//2903 2902//2902
f 2746//2746 2905//2905 2747//2747
f 2904//2904 2903//2903 2905//2905
f 2740//2740 2747//2747 2903//2903
f 2905//2905 2903//2903 2747//2747
f 2743//2743 2745//2745 2906//2906
f 2740//2740 2901//2901 2745//2745
f 2900//2900 2906//2906 2901//2901
f 2745//2745 2901//2901 2906//2906
f 2803//2803 2907//2907 2908//2908
f 2900//2900 2902//2902 2907//2907
f 2904//2904 2908//2908 2902//2902
f 2907//2907 2902//2902 2908//2908
f 2818//2818 2909//2909 2910//2910
f 2911//2911 2912//2912 2909//2909
f 2913//2913 2910//2910 2912//2912
f 2909//2909 2912//2912 2910//2910
f 2704//2704 2914//2914 2915//2915
f 2913//2913 2912//2912 2914//2914
f 2911//2911 2915//2915 2912//2912
f 2914//2914 2912//2912 2915//2915
f 2743//2743 2916//2916 2826//2826
f 2911//2911 2909//2909 2916//2916
f 2818//2818 2826//2826 2909//2909
f 2916//2916 2909//2909 2826//2826
f 2640//2640 2825//2825 2917//2917
f 2818//2818 2910//2910 2825//2825
f 2913//2913 2917//2917 2910//2910
f 2825//2825 2910//2910 2917//2917
f 2918//2918 2919//2919 2920//2920
f 2921//2921 2922//2922 2919//2919
f 2923//2923 2920//2920 2922//2922
f 2919//2919 2922//2922 2920//2920
f 2924//2924 2925//2925 2926//2926
f 2923//2923 2922//2922 2925//2925
f 2921//2921 2926//2926 2922//2922
f 2925//2925 2922//2922 2926//2926
f 2927//2927 2928//2928 2929//2929
f 2921//2921 2919//2919 2928//2928
f 2918//2918 2929//2929 2919//2919
f 2928//2928 2919//2919 2929//2929
f 2491//2491 2930//2930 2931//2931
f 2918//2918 2920//2920 2930//2930
f 2923//2923 2931//2931 2920//2920
f 2930//2930 2920//2920 2931//2931
f 2724//2724 2932//2932 2933//2933
f 2934//2934 2935//2935 2932//2932
f 2936//2936 2933//2933 2935//2935
f 2932//2932 2935//2935 2933//2933
f 2841//2841 2937//2937 2938//2938
f 2936//2936 2935//2935 2937//2937
f 2934//2934 2938//2938 2935//2935
f 2937//2937 2935//2935 2938//2938
f 2729//2729 2939//2939 2730//2730
f 2934//2934 2932//2932 2939//2939
f 2724//2724 2730//2730 2932//2932
f 2939//2939 2932//2932 2730//2730
f 2583//2583 2728//2728 2940//2940
f 2724//2724 2933//2933 2728//2728
f 2936//2936 2940//2940 2933//2933
f 2728//2728 2933//2933 2940//2940
f 2941//2941 2942//2942 2943//2943
f 2944//2944 2945//2945 2942//2942
f 2849//2849 2943//2943 2945//2945
f 2942//2942 2945//2945 2943//2943
f 2729//2729 2851//2851 2946//2946
f 2849//2849 2945//2945 2851//2851
f 2944//2944 2946//2946 2945//2945
f 2851//2851 2945//2945 2946//2946
f 2947//2947 2948//2948 2949//2949
f 2944//2944 2942//2942 2948//2948
f 2941//2941 2949//2949 2942//2942
f 2948//2948 2942//2942 2949//2949
f 2768//2768 2950//2950 2850//2850
f 2941//2941 2943//2943 2950//2950
f 2849//2849 2850//2850 2943//2943
f 2950//2950 2943//2943 2850//2850
f 2951//2951 2952//2952 2953//2953
f 2941//2941 2954//2954 2952//2952
f 2955//2955 2953//2953 2954//2954
f 2952//2952 2954//2954 2953//2953
f 2768//2768 2956//2956 2950//2950
f 2955//2955 2954//2954 2956//2956
f 2941//2941 2950//2950 2954//2954
f 2956//2956 2954//2954 2950//2950
f 2947//2947 2949//2949 2957//2957
f 2941//2941 2952//2952 2949//2949
f 2951//2951 2957//2957 2952//2952
f 2949//2949 2952//2952 2957//2957
f 2538//2538 2958//2958 2959//2959
f 2951//2951 2953//2953 2958//2958
f 2955//2955 2959//2959 2953//2953
f 2958//2958 2953//2953 2959//2959
f 2960//2960 2961//2961 2962//2962
f 2870//2870 2963//2963 2961//2961
f 2964//2964 2962//2962 2963//2963
f 2961//2961 2963//2963 2962//2962
f 2803//2803 2965//2965 2871//2871
f 2964//2964 2963//2963 2965//2965
f 2870//2870 2871//2871 2963//2963
f 2965//2965 2963//2963 2871//2871
f 2873//2873 2875//2875 2966//2966
f 2870//2870 2961//2961 2875//2875
f 2960//2960 2966//2966 2961//2961
f 2875//2875 2961//2961 2966//2966
f 2967//2967 2968//2968 2969//2969
f 2960//2960 2962//2962 2968//2968
f 2964//2964 2969//2969 2962//2962
f 2968//2968 2962//2962 2969//2969
f 2970//2970 2971//2971 2972//2972
f 2973//2973 2974//2974 2971//2971
f 2888//2888 2972//2972 2974//2974
f 2971//2971 2974//2974 2972//2972
f 2814//2814 2890//2890 2975//2975
f 2888//2888 2974//2974 2890//2890
f 2973//2973 2975//2975 2974//2974
f 2890//2890 2974//2974 2975//2975
f 2976//2976 2977//2977 2978//2978
f 2973//2973 2971//2971 2977//2977
f 2970//2970 2978//2978 2971//2971
f 2977//2977 2971//2971 2978//2978
f 2678//2678 2979//2979 2889//2889
f 2970//2970 2972//2972 2979//2979
f 2888//2888 2889//2889 2972//2972
f 2979//2979 2972//2972 2889//2889
f 2911//2911 2980//2980 2981//2981
f 2982//2982 2983//2983 2980//2980
f 2827//2827 2981//2981 2983//2983
f 2980//2980 2983//2983 2981//2981
f 2558//2558 2834//2834 2984//2984
f 2827//2827 2983//2983 2834//2834
f 2982//2982 2984//2984 2983//2983
f 2834//2834 2983//2983 2984//2984
f 2743//2743 2985//2985 2916//2916
f 2982//2982 2980//2980 2985//2985
f 2911//2911 2916//2916 2980//2980
f 2985//2985 2980//2980 2916//2916
f 2704//2704 2915//2915 2835//2835
f 2911//2911 2981//2981 2915//2915
f 2827//2827 2835//2835 2981//2981
f 2915//2915 2981//2981 2835//2835
f 2986//2986 2987//2987 2988//2988
f 2934//2934 2989//2989 2987//2987
f 2990//2990 2988//2988 2989//2989
f 2987//2987 2989//2989 2988//2988
f 2729//2729 2991//2991 2939//2939
f 2990//2990 2989//2989 2991//2991
f 2934//2934 2939//2939 2989//2989
f 2991//2991 2989//2989 2939//2939
f 2841//2841 2938//2938 2992//2992
f 2934//2934 2987//2987 2938//2938
f 2986//2986 2992//2992 2987//2987
f 2938//2938 2987//2987 2992//2992
f 2993//2993 2994//2994 2995//2995
f 2986//2986 2988//2988 2994//2994
f 2990//2990 2995//2995 2988//2988
f 2994//2994 2988//2988 2995//2995
f 2990//2990 2996//2996 2997//2997
f 2944//2944 2998//2998 2996//2996
f 2999//2999 2997//2997 2998//2998
f 2996//2996 2998//2998 2997//2997
f 2947//2947 3000//3000 2948//2948
f 2999//2999 2998//2998 3000//3000
f 2944//2944 2948//2948 2998//2998
f 3000//3000 2998//2998 2948//2948
f 2729//2729 2946//2946 2991//2991
f 2944//2944 2996//2996 2946//2946
f 2990//2990 2991//2991 2996//2996
f 2946//2946 2996//2996 2991//2991
f 2993//2993 2995//2995 3001//3001
f 2990//2990 2997//2997 2995//2995
f 2999//2999 3001//3001 2997//2997
f 2995//2995 2997//2997 3001//3001
f 2790//2790 3002//3002 3003//3003
f 2852//2852 3004//3004 3002//3002
f 3005//3005 3003//3003 3004//3004
f 3002//3002 3004//3004 3003//3003
f 2863//2863 3006//3006 2864//2864
f 3005//3005 3004//3004 3006//3006
f 2852//2852 2864//2864 3004//3004
f 3006//3006 3004//3004 2864//2864
f 2614//2614 2862//2862 2796//2796
f 2852//2852 3002//3002 2862//2862
f 2790//2790 2796//2796 3002//3002
f 2862//2862 3002//3002 2796//2796
f 2793//2793 2795//2795 3007//3007
f 2790//2790 3003//3003 2795//2795
f 3005//3005 3007//3007 3003//3003
f 2795//2795 3003//3003 3007//3007
f 2900//2900 3008//3008 3009//3009
f 2800//2800 3010//3010 3008//3008
f 2982//2982 3009//3009 3010//3010
f 3008//3008 3010//3010 3009//3009
f 2558//2558 2984//2984 2806//2806
f 2982//2982 3010//3010 2984//2984
f 2800//2800 2806//2806 3010//3010
f 2984//2984 3010//3010 2806//2806
f 2803//2803 2805//2805 2907//2907
f 2800//2800 3008//3008 2805//2805
f 2900//2900 2907//2907 3008//3008
f 2805//2805 3008//3008 2907//2907
f 2743//2743 2906//2906 2985//2985
f 2900//2900 3009//3009 2906//2906
f 2982//2982 2985//2985 3009//3009
f 2906//2906 3009//3009 2985//2985
f 3011//3011 3012//3012 3013//3013
f 3014//3014 3015//3015 3012//3012
f 3016//3016 3013//3013 3015//3015
f 3012//3012 3015//3015 3013//3013
f 2509//2509 3017//3017 3018//3018
f 3016//3016 3015//3015 3017//3017
f 3014//3014 3018//3018 3015//3015
f 3017//3017 3015//3015 3018//3018
f 2716//2716 3019//3019 3020//3020
f 3014//3014 3012//3012 3019//3019
f 3011//3011 3020//3020 3012//3012
f 3019//3019 3012//3012 3020//3020
f 2993//2993 3021//3021 3022//3022
f 3011//3011 3013//3013 3021//3021
f 3016//3016 3022//3022 3013//3013
f 3021//3021 3013//3013 3022//3022
f 2663//2663 3023//3023 3024//3024
f 3025//3025 3026//3026 3023//3023
f 3027//3027 3024//3024 3026//3026
f 3023//3023 3026//3026 3024//3024
f 3028//3028 3029//3029 3030//3030
f 3027//3027 3026//3026 3029//3029
f 3025//3025 3030//3030 3026//3026
f 3029//3029 3026//3026 3030//3030
f 2601//2601 3031//3031 2666//2666
f 3025//3025 3023//3023 3031//3031
f 2663//2663 2666//2666 3023//3023
f 3031//3031 3023//3023 2666//2666
f 2538//2538 2665//2665 3032//3032
f 2663//2663 3024//3024 2665//2665
f 3027//3027 3032//3032 3024//3024
f 2665//2665 3024//3024 3032//3032
f 2973//2973 3033//3033 3034//3034
f 3035//3035 3036//3036 3033//3033
f 3037//3037 3034//3034 3036//3036
f 3033//3033 3036//3036 3034//3034
f 3038//3038 3039//3039 3040//3040
f 3037//3037 3036//3036 3039//3039
f 3035//3035 3040//3040 3036//3036
f 3039//3039 3036//3036 3040//3040
f 2976//2976 3041//3041 2977//2977
f 3035//3035 3033//3033 3041//3041
f 2973//2973 2977//2977 3033//3033
f 3041//3041 3033//3033 2977//2977
f 2814//2814 2975//2975 3042//3042
f 2973//2973 3034//3034 2975//2975
f 3037//3037 3042//3042 3034//3034
f 2975//2975 3034//3034 3042//3042
f 3037//3037 3043//3043 3044//3044
f 3045//3045 3046//3046 3043//3043
f 2895//2895 3044//3044 3046//3046
f 3043//3043 3046//3046 3044//3044
f 2746//2746 2899//2899 3047//3047
f 2895//2895 3046//3046 2899//2899
f 3045//3045 3047//3047 3046//3046
f 2899//2899 3046//3046 3047//3047
f 3038//3038 3048//3048 3039//3039
f 3045//3045 3043//3043 3048//3048
f 3037//3037 3039//3039 3043//3043
f 3048//3048 3043//3043 3039//3039
f 2814//2814 3042//3042 2896//2896
f 3037//3037 3044//3044 3042//3042
f 2895//2895 2896//2896 3044//3044
f 3042//3042 3044//3044 2896//2896
f 2918//2918 3049//3049 3050//3050
f 2648//2648 3051//3051 3049//3049
f 3052//3052 3050//3050 3051//3051
f 3049//3049 3051//3051 3050//3050
f 2651//2651 3053//3053 2652//2652
f 3052//3052 3051//3051 3053//3053
f 2648//2648 2652//2652 3051//3051
f 3053//3053 3051//3051 2652//2652
f 2491//2491 2650//2650 2930//2930
f 2648//2648 3049//3049 2650//2650
f 2918//2918 2930//2930 3049//3049
f 2650//2650 3049//3049 2930//2930
f 2927//2927 2929//2929 3054//3054
f 2918//2918 3050//3050 2929//2929
f 3052//3052 3054//3054 3050//3050
f 2929//2929 3050//3050 3054//3054
f 3055//3055 3056//3056 3057//3057
f 3058//3058 3059//3059 3056//3056
f 2999//2999 3057//3057 3059//3059
f 3056//3056 3059//3059 3057//3057
f 2993//2993 3001//3001 3060//3060
f 2999//2999 3059//3059 3001//3001
f 3058//3058 3060//3060 3059//3059
f 3001//3001 3059//3059 3060//3060
f 3028//3028 3061//3061 3062//3062
f 3058//3058 3056//3056 3061//3061
f 3055//3055 3062//3062 3056//3056
f 3061//3061 3056//3056 3062//3062
f 2947//2947 3063//3063 3000//3000
f 3055//3055 3057//3057 3063//3063
f 2999//2999 3000//3000 3057//3057
f 3063//3063 3057//3057 3000//3000
f 3064//3064 3065//3065 3066//3066
f 3067//3067 3068//3068 3065//3065
f 2960//2960 3066//3066 3068//3068
f 3065//3065 3068//3068 3066//3066
f 2873//2873 2966//2966 3069//3069
f 2960//2960 3068//3068 2966//2966
f 3067//3067 3069//3069 3068//3068
f 2966//2966 3068//3068 3069//3069
f 3070//3070 3071//3071 3072//3072
f 3067//3067 3065//3065 3071//3071
f 3064//3064 3072//3072 3065//3065
f 3071//3071 3065//3065 3072//3072
f 2967//2967 3073//3073 2968//2968
f 3064//3064 3066//3066 3073//3073
f 2960//2960 2968//2968 3066//3066
f 3073//3073 3066//3066 2968//2968
f 2857//2857 3074//3074 3075//3075
f 3076//3076 3077//3077 3074//3074
f 3078//3078 3075//3075 3077//3077
f 3074//3074 3077//3077 3075//3075
f 2927//2927 3079//3079 3080//3080
f 3078//3078 3077//3077 3079//3079
f 3076//3076 3080//3080 3077//3077
f 3079//3079 3077//3077 3080//3080
f 2858//2858 3081//3081 2859//2859
f 3076//3076 3074//3074 3081//3081
f 2857//2857 2859//2859 3074//3074
f 3081//3081 3074//3074 2859//2859
f 2863//2863 2865//2865 3082//3082
f 2857//2857 3075//3075 2865//2865
f 3078//3078 3082//3082 3075//3075
f 2865//2865 3075//3075 3082//3082
f 3083//3083 3084//3084 3085//3085
f 2710//2710 3086//3086 3084//3084
f 3011//3011 3085//3085 3086//3086
f 3084//3084 3086//3086 3085//3085
f 2716//2716 3020//3020 2717//2717
f 3011//3011 3086//3086 3020//3020
f 2710//2710 2717//2717 3086//3086
f 3020//3020 3086//3086 2717//2717
f 2713//2713 2715//2715 3087//3087
f 2710//2710 3084//3084 2715//2715
f 3083//3083 3087//3087 3084//3084
f 2715//2715 3084//3084 3087//3087
f 2993//2993 3088//3088 3021//3021
f 3083//3083 3085//3085 3088//3088
f 3011//3011 3021//3021 3085//3085
f 3088//3088 3085//3085 3021//3021
f 3089//3089 3090//3090 3091//3091
f 3083//3083 3092//3092 3090//3090
f 3058//3058 3091//3091 3092//3092
f 3090//3090 3092//3092 3091//3091
f 2993//2993 3060//3060 3088//3088
f 3058//3058 3092//3092 3060//3060
f 3083//3083 3088//3088 3092//3092
f 3060//3060 3092//3092 3088//3088
f 2713//2713 3087//3087 3093//3093
f 3083//3083 3090//3090 3087//3087
f 3089//3089 3093//3093 3090//3090
f 3087//3087 3090//3090 3093//3093
f 3028//3028 3094//3094 3061//3061
f 3089//3089 3091//3091 3094//3094
f 3058//3058 3061//3061 3091//3091
f 3094//3094 3091//3091 3061//3061
f 3095//3095 3096//3096 3097//3097
f 2784//2784 3098//3098 3096//3096
f 3099//3099 3097//3097 3098//3098
f 3096//3096 3098//3098 3097//3097
f 2364//2364 3100//3100 2787//2787
f 3099//3099 3098//3098 3100//3100
f 2784//2784 2787//2787 3098//3098
f 3100//3100 3098//3098 2787//2787
f 2777//2777 2786//2786 3101//3101
f 2784//2784 3096//3096 2786//2786
f 3095//3095 3101//3101 3096//3096
f 2786//2786 3096//3096 3101//3101
f 3102//3102 3103//3103 3104//3104
f 3095//3095 3097//3097 3103//3103
f 3099//3099 3104//3104 3097//3097
f 3103//3103 3097//3097 3104//3104
f 3105//3105 3106//3106 3107//3107
f 3108//3108 3109//3109 3106//3106
f 3064//3064 3107//3107 3109//3109
f 3106//3106 3109//3109 3107//3107
f 3070//3070 3072//3072 3110//3110
f 3064//3064 3109//3109 3072//3072
f 3108//3108 3110//3110 3109//3109
f 3072//3072 3109//3109 3110//3110
f 3038//3038 3111//3111 3112//3112
f 3108//3108 3106//3106 3111//3111
f 3105//3105 3112//3112 3106//3106
f 3111//3111 3106//3106 3112//3112
f 2967//2967 3113//3113 3073//3073
f 3105//3105 3107//3107 3113//3113
f 3064//3064 3073//3073 3107//3107
f 3113//3113 3107//3107 3073//3073
f 2667//2667 3114//3114 3115//3115
f 3116//3116 3117//3117 3114//3114
f 3118//3118 3115//3115 3117//3117
f 3114//3114 3117//3117 3115//3115
f 3119//3119 3120//3120 3121//3121
f 3118//3118 3117//3117 3120//3120
f 3116//3116 3121//3121 3117//3117
f 3120//3120 3117//3117 3121//3121
f 2449//2449 3122//3122 2672//2672
f 3116//3116 3114//3114 3122//3122
f 2667//2667 2672//2672 3114//3114
f 3122//3122 3114//3114 2672//2672
f 2631//2631 2671//2671 3123//3123
f 2667//2667 3115//3115 2671//2671
f 3118//3118 3123//3123 3115//3115
f 2671//2671 3115//3115 3123//3123
f 2675//2675 3124//3124 3125//3125
f 3126//3126 3127//3127 3124//3124
f 3128//3128 3125//3125 3127//3127
f 3124//3124 3127//3127 3125//3125
f 3129//3129 3130//3130 3131//3131
f 3128//3128 3127//3127 3130//3130
f 3126//3126 3131//3131 3127//3127
f 3130//3130 3127//3127 3131//3131
f 2631//2631 3132//3132 2681//2681
f 3126//3126 3124//3124 3132//3132
f 2675//2675 2681//2681 3124//3124
f 3132//3132 3124//3124 2681//2681
f 2678//2678 2680//2680 3133//3133
f 2675//2675 3125//3125 2680//2680
f 3128//3128 3133//3133 3125//3125
f 2680//2680 3125//3125 3133//3133
f 3134//3134 3135//3135 3136//3136
f 3137//3137 3138//3138 3135//3135
f 3139//3139 3136//3136 3138//3138
f 3135//3135 3138//3138 3136//3136
f 3102//3102 3140//3140 3141//3141
f 3139//3139 3138//3138 3140//3140
f 3137//3137 3141//3141 3138//3138
f 3140//3140 3138//3138 3141//3141
f 3142//3142 3143//3143 3144//3144
f 3137//3137 3135//3135 3143//3143
f 3134//3134 3144//3144 3135//3135
f 3143//3143 3135//3135 3144//3144
f 2386//2386 3145//3145 3146//3146
f 3134//3134 3136//3136 3145//3145
f 3139//3139 3146//3146 3136//3136
f 3145//3145 3136//3136 3146//3146
f 3147//3147 3148//3148 3149//3149
f 2880//2880 3150//3150 3148//3148
f 3151//3151 3149//3149 3150//3150
f 3148//3148 3150//3150 3149//3149
f 2873//2873 3152//3152 2881//2881
f 3151//3151 3150//3150 3152//3152
f 2880//2880 2881//2881 3150//3150
f 3152//3152 3150//3150 2881//2881
f 2449//2449 2884//2884 3153//3153
f 2880//2880 3148//3148 2884//2884
f 3147//3147 3153//3153 3148//3148
f 2884//2884 3148//3148 3153//3153
f 3154//3154 3155//3155 3156//3156
f 3147//3147 3149//3149 3155//3155
f 3151//3151 3156//3156 3149//3149
f 3155//3155 3149//3149 3156//3156
f 3126//3126 3157//3157 3158//3158
f 3118//3118 3159//3159 3157//3157
f 3160//3160 3158//3158 3159//3159
f 3157//3157 3159//3159 3158//3158
f 3119//3119 3161//3161 3120//3120
f 3160//3160 3159//3159 3161//3161
f 3118//3118 3120//3120 3159//3159
f 3161//3161 3159//3159 3120//3120
f 2631//2631 3123//3123 3132//3132
f 3118//3118 3157//3157 3123//3123
f 3126//3126 3132//3132 3157//3157
f 3123//3123 3157//3157 3132//3132
f 3129//3129 3131//3131 3162//3162
f 3126//3126 3158//3158 3131//3131
f 3160//3160 3162//3162 3158//3158
f 3131//3131 3158//3158 3162//3162
f 3163//3163 3164//3164 3165//3165
f 3166//3166 3167//3167 3164//3164
f 3025//3025 3165//3165 3167//3167
f 3164//3164 3167//3167 3165//3165
f 3028//3028 3030//3030 3168//3168
f 3025//3025 3167//3167 3030//3030
f 3166//3166 3168//3168 3167//3167
f 3030//3030 3167//3167 3168//3168
f 3169//3169 3170//3170 3171//3171
f 3166//3166 3164//3164 3170//3170
f 3163//3163 3171//3171 3164//3164
f 3170//3170 3164//3164 3171//3171
f 2601//2601 3172//3172 3031//3031
f 3163//3163 3165//3165 3172//3172
f 3025//3025 3031//3031 3165//3165
f 3172//3172 3165//3165 3031//3031
f 3173//3173 3174//3174 3175//3175
f 3163//3163 3176//3176 3174//3174
f 2776//2776 3175//3175 3176//3176
f 3174//3174 3176//3176 3175//3175
f 2601//2601 2781//2781 3172//3172
f 2776//2776 3176//3176 2781//2781
f 3163//3163 3172//3172 3176//3176
f 2781//2781 3176//3176 3172//3172
f 3169//3169 3171//3171 3177//3177
f 3163//3163 3174//3174 3171//3171
f 3173//3173 3177//3177 3174//3174
f 3171//3171 3174//3174 3177//3177
f 2777//2777 3178//3178 2778//2778
f 3173//3173 3175//3175 3178//3178
f 2776//2776 2778//2778 3175//3175
f 3178//3178 3175//3175 2778//2778
f 2970//2970 3179//3179 3180//3180
f 3181//3181 3182//3182 3179//3179
f 3183//3183 3180//3180 3182//3182
f 3179//3179 3182//3182 3180//3180
f 3184//3184 3185//3185 3186//3186
f 3183//3183 3182//3182 3185//3185
f 3181//3181 3186//3186 3182//3182
f 3185//3185 3182//3182 3186//3186
f 2678//2678 3187//3187 2979//2979
f 3181//3181 3179//3179 3187//3187
f 2970//2970 2979//2979 3179//3179
f 3187//3187 3179//3179 2979//2979
f 2976//2976 2978//2978 3188//3188
f 2970//2970 3180//3180 2978//2978
f 3183//3183 3188//3188 3180//3180
f 2978//2978 3180//3180 3188//3188
f 3181//3181 3189//3189 3190//3190
f 3128//3128 3191//3191 3189//3189
f 3192//3192 3190//3190 3191//3191
f 3189//3189 3191//3191 3190//3190
f 3129//3129 3193//3193 3130//3130
f 3192//3192 3191//3191 3193//3193
f 3128//3128 3130//3130 3191//3191
f 3193//3193 3191//3191 3130//3130
f 2678//2678 3133//3133 3187//3187
f 3128//3128 3189//3189 3133//3133
f 3181//3181 3187//3187 3189//3189
f 3133//3133 3189//3189 3187//3187
f 3184//3184 3186//3186 3194//3194
f 3181//3181 3190//3190 3186//3186
f 3192//3192 3194//3194 3190//3190
f 3186//3186 3190//3190 3194//3194
f 3195//3195 3196//3196 3197//3197
f 3134//3134 3198//3198 3196//3196
f 3199//3199 3197//3197 3198//3198
f 3196//3196 3198//3198 3197//3197
f 2386//2386 3200//3200 3145//3145
f 3199//3199 3198//3198 3200//3200
f 3134//3134 3145//3145 3198//3198
f 3200//3200 3198//3198 3145//3145
f 3142//3142 3144//3144 3201//3201
f 3134//3134 3196//3196 3144//3144
f 3195//3195 3201//3201 3196//3196
f 3144//3144 3196//3196 3201//3201
f 2793//2793 3202//3202 3203//3203
f 3195//3195 3197//3197 3202//3202
f 3199//3199 3203//3203 3197//3197
f 3202//3202 3197//3197 3203//3203
f 3204//3204 3205//3205 3206//3206
f 3207//3207 3208//3208 3205//3205
f 3108//3108 3206//3206 3208//3208
f 3205//3205 3208//3208 3206//3206
f 3070//3070 3110//3110 3209//3209
f 3108//3108 3208//3208 3110//3110
f 3207//3207 3209//3209 3208//3208
f 3110//3110 3208//3208 3209//3209
f 3210//3210 3211//3211 3212//3212
f 3207//3207 3205//3205 3211//3211
f 3204//3204 3212//3212 3205//3205
f 3211//3211 3205//3205 3212//3212
f 3038//3038 3213//3213 3111//3111
f 3204//3204 3206//3206 3213//3213
f 3108//3108 3111//3111 3206//3206
f 3213//3213 3206//3206 3111//3111
f 3067//3067 3214//3214 3215//3215
f 3216//3216 3217//3217 3214//3214
f 3151//3151 3215//3215 3217//3217
f 3214//3214 3217//3217 3215//3215
f 3154//3154 3156//3156 3218//3218
f 3151//3151 3217//3217 3156//3156
f 3216//3216 3218//3218 3217//3217
f 3156//3156 3217//3217 3218//3218
f 3070//3070 3219//3219 3071//3071
f 3216//3216 3214//3214 3219//3219
f 3067//3067 3071//3071 3214//3214
f 3219//3219 3214//3214 3071//3071
f 2873//2873 3069//3069 3152//3152
f 3067//3067 3215//3215 3069//3069
f 3151//3151 3152//3152 3215//3215
f 3069//3069 3215//3215 3152//3152
f 3220//3220 3221//3221 3222//3222
f 3223//3223 3224//3224 3221//3221
f 3147//3147 3222//3222 3224//3224
f 3221//3221 3224//3224 3222//3222
f 2449//2449 3153//3153 3225//3225
f 3147//3147 3224//3224 3153//3153
f 3223//3223 3225//3225 3224//3224
f 3153//3153 3224//3224 3225//3225
f 3226//3226 3227//3227 3228//3228
f 3223//3223 3221//3221 3227//3227
f 3220//3220 3228//3228 3221//3221
f 3227//3227 3221//3221 3228//3228
f 3154//3154 3229//3229 3155//3155
f 3220//3220 3222//3222 3229//3229
f 3147//3147 3155//3155 3222//3222
f 3229//3229 3222//3222 3155//3155
f 3116//3116 3230//3230 3231//3231
f 3223//3223 3232//3232 3230//3230
f 3233//3233 3231//3231 3232//3232
f 3230//3230 3232//3232 3231//3231
f 3226//3226 3234//3234 3227//3227
f 3233//3233 3232//3232 3234//3234
f 3223//3223 3227//3227 3232//3232
f 3234//3234 3232//3232 3227//3227
f 2449//2449 3225//3225 3122//3122
f 3223//3223 3230//3230 3225//3225
f 3116//3116 3122//3122 3230//3230
f 3225//3225 3230//3230 3122//3122
f 3119//3119 3121//3121 3235//3235
f 3116//3116 3231//3231 3121//3121
f 3233//3233 3235//3235 3231//3231
f 3121//3121 3231//3231 3235//3235
f 3183//3183 3236//3236 3237//3237
f 3238//3238 3239//3239 3236//3236
f 3240//3240 3237//3237 3239//3239
f 3236//3236 3239//3239 3237//3237
f 3210//3210 3241//3241 3242//3242
f 3240//3240 3239//3239 3241//3241
f 3238//3238 3242//3242 3239//3239
f 3241//3241 3239//3239 3242//3242
f 3184//3184 3243//3243 3185//3185
f 3238//3238 3236//3236 3243//3243
f 3183//3183 3185//3185 3236//3236
f 3243//3243 3236//3236 3185//3185
f 2976//2976 3188//3188 3244//3244
f 3183//3183 3237//3237 3188//3188
f 3240//3240 3244//3244 3237//3237
f 3188//3188 3237//3237 3244//3244
f 3245//3245 3246//3246 3247//3247
f 3248//3248 3249//3249 3246//3246
f 3166//3166 3247//3247 3249//3249
f 3246//3246 3249//3249 3247//3247
f 3028//3028 3168//3168 3250//3250
f 3166//3166 3249//3249 3168//3168
f 3248//3248 3250//3250 3249//3249
f 3168//3168 3249//3249 3250//3250
f 3251//3251 3252//3252 3253//3253
f 3248//3248 3246//3246 3252//3252
f 3245//3245 3253//3253 3246//3246
f 3252//3252 3246//3246 3253//3253
f 3169//3169 3254//3254 3170//3170
f 3245//3245 3247//3247 3254//3254
f 3166//3166 3170//3170 3247//3247
f 3254//3254 3247//3247 3170//3170
f 3035//3035 3255//3255 3256//3256
f 3240//3240 3257//3257 3255//3255
f 3204//3204 3256//3256 3257//3257
f 3255//3255 3257//3257 3256//3256
f 3210//3210 3212//3212 3241//3241
f 3204//3204 3257//3257 3212//3212
f 3240//3240 3241//3241 3257//3257
f 3212//3212 3257//3257 3241//3241
f 2976//2976 3244//3244 3041//3041
f 3240//3240 3255//3255 3244//3244
f 3035//3035 3041//3041 3255//3255
f 3244//3244 3255//3255 3041//3041
f 3038//3038 3040//3040 3213//3213
f 3035//3035 3256//3256 3040//3040
f 3204//3204 3213//3213 3256//3256
f 3040//3040 3256//3256 3213//3213
f 3258//3258 3259//3259 3260//3260
f 3207//3207 3261//3261 3259//3259
f 3262//3262 3260//3260 3261//3261
f 3259//3259 3261//3261 3260//3260
f 3210//3210 3263//3263 3211//3211
f 3262//3262 3261//3261 3263//3263
f 3207//3207 3211//3211 3261//3261
f 3263//3263 3261//3261 3211//3211
f 3070//3070 3209//3209 3264//3264
f 3207//3207 3259//3259 3209//3209
f 3258//3258 3264//3264 3259//3259
f 3209//3209 3259//3259 3264//3264
f 3265//3265 3266//3266 3267//3267
f 3258//3258 3260//3260 3266//3266
f 3262//3262 3267//3267 3260//3260
f 3266//3266 3260//3260 3267//3267
f 3268//3268 3269//3269 3270//3270
f 3220//3220 3271//3271 3269//3269
f 3272//3272 3270//3270 3271//3271
f 3269//3269 3271//3271 3270//3270
f 3154//3154 3273//3273 3229//3229
f 3272//3272 3271//3271 3273//3273
f 3220//3220 3229//3229 3271//3271
f 3273//3273 3271//3271 3229//3229
f 3226//3226 3228//3228 3274//3274
f 3220//3220 3269//3269 3228//3228
f 3268//3268 3274//3274 3269//3269
f 3228//3228 3269//3269 3274//3274
f 3275//3275 3276//3276 3277//3277
f 3268//3268 3270//3270 3276//3276
f 3272//3272 3277//3277 3270//3270
f 3276//3276 3270//3270 3277//3277
f 3278//3278 3279//3279 3280//3280
f 3281//3281 3282//3282 3279//3279
f 3283//3283 3280//3280 3282//3282
f 3279//3279 3282//3282 3280//3280
f 3284//3284 3285//3285 3286//3286
f 3283//3283 3282//3282 3285//3285
f 3281//3281 3286//3286 3282//3282
f 3285//3285 3282//3282 3286//3286
f 2759//2759 3287//3287 3288//3288
f 3281//3281 3279//3279 3287//3287
f 3278//3278 3288//3288 3279//3279
f 3287//3287 3279//3279 3288//3288
f 2651//2651 3289//3289 3290//3290
f 3278//3278 3280//3280 3289//3289
f 3283//3283 3290//3290 3280//3280
f 3289//3289 3280//3280 3290//3290
f 3291//3291 3292//3292 3293//3293
f 3216//3216 3294//3294 3292//3292
f 3258//3258 3293//3293 3294//3294
f 3292//3292 3294//3294 3293//3293
f 3070//3070 3264//3264 3219//3219
f 3258//3258 3294//3294 3264//3264
f 3216//3216 3219//3219 3294//3294
f 3264//3264 3294//3294 3219//3219
f 3154//3154 3218//3218 3295//3295
f 3216//3216 3292//3292 3218//3218
f 3291//3291 3295//3295 3292//3292
f 3218//3218 3292//3292 3295//3295
f 3265//3265 3296//3296 3266//3266
f 3291//3291 3293//3293 3296//3296
f 3258//3258 3266//3266 3293//3293
f 3296//3296 3293//3293 3266//3266
f 3297//3297 3298//3298 3299//3299
f 3281//3281 3300//3300 3298//3298
f 3301//3301 3299//3299 3300//3300
f 3298//3298 3300//3300 3299//3299
f 2759//2759 3302//3302 3287//3287
f 3301//3301 3300//3300 3302//3302
f 3281//3281 3287//3287 3300//3300
f 3302//3302 3300//3300 3287//3287
f 3284//3284 3286//3286 3303//3303
f 3281//3281 3298//3298 3286//3286
f 3297//3297 3303//3303 3298//3298
f 3286//3286 3298//3298 3303//3303
f 2713//2713 3304//3304 3305//3305
f 3297//3297 3299//3299 3304//3304
f 3301//3301 3305//3305 3299//3299
f 3304//3304 3299//3299 3305//3305
f 3306//3306 3307//3307 3308//3308
f 3137//3137 3309//3309 3307//3307
f 3310//3310 3308//3308 3309//3309
f 3307//3307 3309//3309 3308//3308
f 3142//3142 3311//3311 3143//3143
f 3310//3310 3309//3309 3311//3311
f 3137//3137 3143//3143 3309//3309
f 3311//3311 3309//3309 3143//3143
f 3102//3102 3141//3141 3312//3312
f 3137//3137 3307//3307 3141//3141
f 3306//3306 3312//3312 3307//3307
f 3141//3141 3307//3307 3312//3312
f 3313//3313 3314//3314 3315//3315
f 3306//3306 3308//3308 3314//3314
f 3310//3310 3315//3315 3308//3308
f 3314//3314 3308//3308 3315//3315
f 3316//3316 3317//3317 3318//3318
f 3319//3319 3320//3320 3317//3317
f 3321//3321 3318//3318 3320//3320
f 3317//3317 3320//3320 3318//3318
f 3169//3169 3322//3322 3323//3323
f 3321//3321 3320//3320 3322//3322
f 3319//3319 3323//3323 3320//3320
f 3322//3322 3320//3320 3323//3323
f 3324//3324 3325//3325 3326//3326
f 3319//3319 3317//3317 3325//3325
f 3316//3316 3326//3326 3317//3317
f 3325//3325 3317//3317 3326//3326
f 3313//3313 3327//3327 3328//3328
f 3316//3316 3318//3318 3327//3327
f 3321//3321 3328//3328 3318//3318
f 3327//3327 3318//3318 3328//3328
f 3297//3297 3329//3329 3330//3330
f 3089//3089 3331//3331 3329//3329
f 3332//3332 3330//3330 3331//3331
f 3329//3329 3331//3331 3330//3330
f 3028//3028 3333//3333 3094//3094
f 3332//3332 3331//3331 3333//3333
f 3089//3089 3094//3094 3331//3331
f 3333//3333 3331//3331 3094//3094
f 2713//2713 3093//3093 3304//3304
f 3089//3089 3329//3329 3093//3093
f 3297//3297 3304//3304 3329//3329
f 3093//3093 3329//3329 3304//3304
f 3284//3284 3303//3303 3334//3334
f 3297//3297 3330//3330 3303//3303
f 3332//3332 3334//3334 3330//3330
f 3303//3303 3330//3330 3334//3334
f 3245//3245 3335//3335 3336//3336
f 3319//3319 3337//3337 3335//3335
f 3338//3338 3336//3336 3337//3337
f 3335//3335 3337//3337 3336//3336
f 3324//3324 3339//3339 3325//3325
f 3338//3338 3337//3337 3339//3339
f 3319//3319 3325//3325 3337//3337
f 3339//3339 3337//3337 3325//3325
f 3169//3169 3323//3323 3254//3254
f 3319//3319 3335//3335 3323//3323
f 3245//3245 3254//3254 3335//3335
f 3323//3323 3335//3335 3254//3254
f 3251//3251 3253//3253 3340//3340
f 3245//3245 3336//3336 3253//3253
f 3338//3338 3340//3340 3336//3336
f 3253//3253 3336//3336 3340//3340
f 3341//3341 3342//3342 3343//3343
f 3283//3283 3344//3344 3342//3342
f 3345//3345 3343//3343 3344//3344
f 3342//3342 3344//3344 3343//3343
f 3284//3284 3346//3346 3285//3285
f 3345//3345 3344//3344 3346//3346
f 3283//3283 3285//3285 3344//3344
f 3346//3346 3344//3344 3285//3285
f 2651//2651 3290//3290 3347//3347
f 3283//3283 3342//3342 3290//3290
f 3341//3341 3347//3347 3342//3342
f 3290//3290 3342//3342 3347//3347
f 2863//2863 3348//3348 3349//3349
f 3341//3341 3343//3343 3348//3348
f 3345//3345 3349//3349 3343//3343
f 3348//3348 3343//3343 3349//3349
f 3291//3291 3350//3350 3351//3351
f 3352//3352 3353//3353 3350//3350
f 3354//3354 3351//3351 3353//3353
f 3350//3350 3353//3353 3351//3351
f 3355//3355 3356//3356 3357//3357
f 3354//3354 3353//3353 3356//3356
f 3352//3352 3357//3357 3353//3353
f 3356//3356 3353//3353 3357//3357
f 3265//3265 3358//3358 3296//3296
f 3352//3352 3350//3350 3358//3358
f 3291//3291 3296//3296 3350//3350
f 3358//3358 3350//3350 3296//3296
f 3154//3154 3295//3295 3359//3359
f 3291//3291 3351//3351 3295//3295
f 3354//3354 3359//3359 3351//3351
f 3295//3295 3351//3351 3359//3359
f 3360//3360 3361//3361 3362//3362
f 3363//3363 3364//3364 3361//3361
f 3005//3005 3362//3362 3364//3364
f 3361//3361 3364//3364 3362//3362
f 2793//2793 3007//3007 3365//3365
f 3005//3005 3364//3364 3007//3007
f 3363//3363 3365//3365 3364//3364
f 3007//3007 3364//3364 3365//3365
f 3324//3324 3366//3366 3367//3367
f 3363//3363 3361//3361 3366//3366
f 3360//3360 3367//3367 3361//3361
f 3366//3366 3361//3361 3367//3367
f 2863//2863 3368//3368 3006//3006
f 3360//3360 3362//3362 3368//3368
f 3005//3005 3006//3006 3362//3362
f 3368//3368 3362//3362 3006//3006
f 3369//3369 3370//3370 3371//3371
f 3363//3363 3372//3372 3370//3370
f 3316//3316 3371//3371 3372//3372
f 3370//3370 3372//3372 3371//3371
f 3324//3324 3326//3326 3366//3366
f 3316//3316 3372//3372 3326//3326
f 3363//3363 3366//3366 3372//3372
f 3326//3326 3372//3372 3366//3366
f 2793//2793 3365//3365 3373//3373
f 3363//3363 3370//3370 3365//3365
f 3369//3369 3373//3373 3370//3370
f 3365//3365 3370//3370 3373//3373
f 3313//3313 3374//3374 3327//3327
f 3369//3369 3371//3371 3374//3374
f 3316//3316 3327//3327 3371//3371
f 3374//3374 3371//3371 3327//3327
f 3375//3375 3376//3376 3377//3377
f 3378//3378 3379//3379 3376//3376
f 3338//3338 3377//3377 3379//3379
f 3376//3376 3379//3379 3377//3377
f 3251//3251 3340//3340 3380//3380
f 3338//3338 3379//3379 3340//3340
f 3378//3378 3380//3380 3379//3379
f 3340//3340 3379//3379 3380//3380
f 3284//3284 3381//3381 3382//3382
f 3378//3378 3376//3376 3381//3381
f 3375//3375 3382//3382 3376//3376
f 3381//3381 3376//3376 3382//3382
f 3324//3324 3383//3383 3339//3339
f 3375//3375 3377//3377 3383//3383
f 3338//3338 3339//3339 3377//3377
f 3383//3383 3377//3377 3339//3339
f 3384//3384 3385//3385 3386//3386
f 3387//3387 3388//3388 3385//3385
f 2855//2855 3386//3386 3388//3388
f 3385//3385 3388//3388 3386//3386
f 2858//2858 2860//2860 3389//3389
f 2855//2855 3388//3388 2860//2860
f 3387//3387 3389//3389 3388//3388
f 2860//2860 3388//3388 3389//3389
f 3390//3390 3391//3391 3392//3392
f 3387//3387 3385//3385 3391//3391
f 3384//3384 3392//3392 3385//3385
f 3391//3391 3385//3385 3392//3392
f 2614//2614 3393//3393 2861//2861
f 3384//3384 3386//3386 3393//3393
f 2855//2855 2861//2861 3386//3386
f 3393//3393 3386//3386 2861//2861
f 3394//3394 3395//3395 3396//3396
f 1027//1027 3397//3397 3395//3395
f 1099//1099 3396//3396 3397//3397
f 3395//3395 3397//3397 3396//3396
f 828//828 1107//1107 1028//1028
f 1099//1099 3397//3397 1107//1107
f 1027//1027 1028//1028 3397//3397
f 1107//1107 3397//3397 1028//1028
f 658//658 1029//1029 3398//3398
f 1027//1027 3395//3395 1029//1029
f 3394//3394 3398//3398 3395//3395
f 1029//1029 3395//3395 3398//3398
f 1100//1100 3399//3399 1101//1101
f 3394//3394 3396//3396 3399//3399
f 1099//1099 1101//1101 3396//3396
f 3399//3399 3396//3396 1101//1101
f 3400//3400 3401//3401 3402//3402
f 3403//3403 3404//3404 3401//3401
f 1300//1300 3402//3402 3404//3404
f 3401//3401 3404//3404 3402//3402
f 932//932 1308//1308 3405//3405
f 1300//1300 3404//3404 1308//1308
f 3403//3403 3405//3405 3404//3404
f 1308//1308 3404//3404 3405//3405
f 385//385 3406//3406 3407//3407
f 3403//3403 3401//3401 3406//3406
f 3400//3400 3407//3407 3401//3401
f 3406//3406 3401//3401 3407//3407
f 1301//1301 3408//3408 1302//1302
f 3400//3400 3402//3402 3408//3408
f 1300//1300 1302//1302 3402//3402
f 3408//3408 3402//3402 1302//1302
f 3409//3409 3410//3410 3411//3411
f 2573//2573 3412//3412 3410//3410
f 2923//2923 3411//3411 3412//3412
f 3410//3410 3412//3412 3411//3411
f 2491//2491 2931//2931 2576//2576
f 2923//2923 3412//3412 2931//2931
f 2573//2573 2576//2576 3412//3412
f 2931//2931 3412//3412 2576//2576
f 2329//2329 2575//2575 3413//3413
f 2573//2573 3410//3410 2575//2575
f 3409//3409 3413//3413 3410//3410
f 2575//2575 3410//3410 3413//3413
f 2924//2924 3414//3414 2925//2925
f 3409//3409 3411//3411 3414//3414
f 2923//2923 2925//2925 3411//3411
f 3414//3414 3411//3411 2925//2925
f 2304//2304 3415//3415 3416//3416
f 3417//3417 3418//3418 3415//3415
f 2174//2174 3416//3416 3418//3418
f 3415//3415 3418//3418 3416//3416
f 1842//1842 2176//2176 3419//3419
f 2174//2174 3418//3418 2176//2176
f 3417//3417 3419//3419 3418//3418
f 2176//2176 3418//3418 3419//3419
f 2240//2240 3420//3420 2309//2309
f 3417//3417 3415//3415 3420//3420
f 2304//2304 2309//2309 3415//3415
f 3420//3420 3415//3415 2309//2309
f 1947//1947 2308//2308 2177//2177
f 2304//2304 3416//3416 2308//2308
f 2174//2174 2177//2177 3416//3416
f 2308//2308 3416//3416 2177//2177
f 3421//3421 3422//3422 3423//3423
f 3424//3424 3425//3425 3422//3422
f 283//283 3423//3423 3425//3425
f 3422//3422 3425//3425 3423//3423
f 226//226 287//287 3426//3426
f 283//283 3425//3425 287//287
f 3424//3424 3426//3426 3425//3425
f 287//287 3425//3425 3426//3426
f 114//114 3427//3427 3428//3428
f 3424//3424 3422//3422 3427//3427
f 3421//3421 3428//3428 3422//3422
f 3427//3427 3422//3422 3428//3428
f 288//288 3429//3429 289//289
f 3421//3421 3423//3423 3429//3429
f 283//283 289//289 3423//3423
f 3429//3429 3423//3423 289//289
f 3430//3430 3431//3431 3432//3432
f 3433//3433 3434//3434 3431//3431
f 1420//1420 3432//3432 3434//3434
f 3431//3431 3434//3434 3432//3432
f 1428//1428 1430//1430 3435//3435
f 1420//1420 3434//3434 1430//1430
f 3433//3433 3435//3435 3434//3434
f 1430//1430 3434//3434 3435//3435
f 2031//2031 3436//3436 3437//3437
f 3433//3433 3431//3431 3436//3436
f 3430//3430 3437//3437 3431//3431
f 3436//3436 3431//3431 3437//3437
f 1431//1431 3438//3438 1432//1432
f 3430//3430 3432//3432 3438//3438
f 1420//1420 1432//1432 3432//3432
f 3438//3438 3432//3432 1432//1432
f 1210//1210 3439//3439 3440//3440
f 1111//1111 3441//3441 3439//3439
f 800//800 3440//3440 3441//3441
f 3439//3439 3441//3441 3440//3440
f 751//751 805//805 1117//1117
f 800//800 3441//3441 805//805
f 1111//1111 1117//1117 3441//3441
f 805//805 3441//3441 1117//1117
f 1114//1114 1116//1116 1211//1211
f 1111//1111 3439//3439 1116//1116
f 1210//1210 1211//1211 3439//3439
f 1116//1116 3439//3439 1211//1211
f 801//801 1217//1217 802//802
f 1210//1210 3440//3440 1217//1217
f 800//800 802//802 3440//3440
f 1217//1217 3440//3440 802//802
f 1285//1285 3442//3442 3443//3443
f 983//983 3444//3444 3442//3442
f 3445//3445 3443//3443 3444//3444
f 3442//3442 3444//3444 3443//3443
f 612//612 3446//3446 988//988
f 3445//3445 3444//3444 3446//3446
f 983//983 988//988 3444//3444
f 3446//3446 3444//3444 988//988
f 838//838 987//987 1294//1294
f 983//983 3442//3442 987//987
f 1285//1285 1294//1294 3442//3442
f 987//987 3442//3442 1294//1294
f 1291//1291 1293//1293 3447//3447
f 1285//1285 3443//3443 1293//1293
f 3445//3445 3447//3447 3443//3443
f 1293//1293 3443//3443 3447//3447
f 1922//1922 3448//3448 3449//3449
f 3450//3450 3451//3451 3448//3448
f 2545//2545 3449//3449 3451//3451
f 3448//3448 3451//3451 3449//3449
f 2364//2364 2547//2547 3452//3452
f 2545//2545 3451//3451 2547//2547
f 3450//3450 3452//3452 3451//3451
f 2547//2547 3451//3451 3452//3452
f 1713//1713 3453//3453 1931//1931
f 3450//3450 3448//3448 3453//3453
f 1922//1922 1931//1931 3448//3448
f 3453//3453 3448//3448 1931//1931
f 1928//1928 1930//1930 2548//2548
f 1922//1922 3449//3449 1930//1930
f 2545//2545 2548//2548 3449//3449
f 1930//1930 3449//3449 2548//2548
f 1007//1007 3454//3454 3455//3455
f 3456//3456 3457//3457 3454//3454
f 884//884 3455//3455 3457//3457
f 3454//3454 3457//3457 3455//3455
f 891//891 893//893 3458//3458
f 884//884 3457//3457 893//893
f 3456//3456 3458//3458 3457//3457
f 893//893 3457//3457 3458//3458
f 1008//1008 3459//3459 1009//1009
f 3456//3456 3454//3454 3459//3459
f 1007//1007 1009//1009 3454//3454
f 3459//3459 3454//3454 1009//1009
f 885//885 1014//1014 886//886
f 1007//1007 3455//3455 1014//1014
f 884//884 886//886 3455//3455
f 1014//1014 3455//3455 886//886
f 2521//2521 3460//3460 3461//3461
f 3462//3462 3463//3463 3460//3460
f 2590//2590 3461//3461 3463//3463
f 3460//3460 3463//3463 3461//3461
f 2230//2230 2592//2592 3464//3464
f 2590//2590 3463//3463 2592//2592
f 3462//3462 3464//3464 3463//3463
f 2592//2592 3463//3463 3464//3464
f 1304//1304 3465//3465 2527//2527
f 3462//3462 3460//3460 3465//3465
f 2521//2521 2527//2527 3460//3460
f 3465//3465 3460//3460 2527//2527
f 2524//2524 2526//2526 2593//2593
f 2521//2521 3461//3461 2526//2526
f 2590//2590 2593//2593 3461//3461
f 2526//2526 3461//3461 2593//2593
f 666//666 3466//3466 3467//3467
f 757//757 3468//3468 3466//3466
f 3469//3469 3467//3467 3468//3468
f 3466//3466 3468//3468 3467//3467
f 762//762 3470//3470 763//763
f 3469//3469 3468//3468 3470//3470
f 757//757 763//763 3468//3468
f 3470//3470 3468//3468 763//763
f 667//667 761//761 668//668
f 757//757 3466//3466 761//761
f 666//666 668//668 3466//3466
f 761//761 3466//3466 668//668
f 673//673 675//675 3471//3471
f 666//666 3467//3467 675//675
f 3469//3469 3471//3471 3467//3467
f 675//675 3467//3467 3471//3471
f 3472//3472 3473//3473 3474//3474
f 2075//2075 3475//3475 3473//3473
f 2501//2501 3474//3474 3475//3475
f 3473//3473 3475//3475 3474//3474
f 1919//1919 2505//2505 2078//2078
f 2501//2501 3475//3475 2505//2505
f 2075//2075 2078//2078 3475//3475
f 2505//2505 3475//3475 2078//2078
f 1549//1549 2077//2077 3476//3476
f 2075//2075 3473//3473 2077//2077
f 3472//3472 3476//3476 3473//3473
f 2077//2077 3473//3473 3476//3476
f 2506//2506 3477//3477 2507//2507
f 3472//3472 3474//3474 3477//3477
f 2501//2501 2507//2507 3474//3474
f 3477//3477 3474//3474 2507//2507
f 2379//2379 3478//3478 3479//3479
f 3139//3139 3480//3480 3478//3478
f 3481//3481 3479//3479 3480//3480
f 3478//3478 3480//3480 3479//3479
f 3102//3102 3482//3482 3140//3140
f 3481//3481 3480//3480 3482//3482
f 3139//3139 3140//3140 3480//3480
f 3482//3482 3480//3480 3140//3140
f 2386//2386 3146//3146 2387//2387
f 3139//3139 3478//3478 3146//3146
f 2379//2379 2387//2387 3478//3478
f 3146//3146 3478//3478 2387//2387
f 2289//2289 2385//2385 3483//3483
f 2379//2379 3479//3479 2385//2385
f 3481//3481 3483//3483 3479//3479
f 2385//2385 3479//3479 3483//3483
f 3173//3173 3484//3484 3485//3485
f 3486//3486 3487//3487 3484//3484
f 3321//3321 3485//3485 3487//3487
f 3484//3484 3487//3487 3485//3485
f 3313//3313 3328//3328 3488//3488
f 3321//3321 3487//3487 3328//3328
f 3486//3486 3488//3488 3487//3487
f 3328//3328 3487//3487 3488//3488
f 2777//2777 3489//3489 3178//3178
f 3486//3486 3484//3484 3489//3489
f 3173//3173 3178//3178 3484//3484
f 3489//3489 3484//3484 3178//3178
f 3169//3169 3177//3177 3322//3322
f 3173//3173 3485//3485 3177//3177
f 3321//3321 3322//3322 3485//3485
f 3177//3177 3485//3485 3322//3322
f 3490//3490 3491//3491 3492//3492
f 909//909 3493//3493 3491//3491
f 655//655 3492//3492 3493//3493
f 3491//3491 3493//3493 3492//3492
f 658//658 660//660 910//910
f 655//655 3493//3493 660//660
f 909//909 910//910 3493//3493
f 660//660 3493//3493 910//910
f 914//914 916//916 3494//3494
f 909//909 3491//3491 916//916
f 3490//3490 3494//3494 3491//3491
f 916//916 3491//3491 3494//3494
f 549//549 3495//3495 656//656
f 3490//3490 3492//3492 3495//3495
f 655//655 656//656 3492//3492
f 3495//3495 3492//3492 656//656
f 162//162 3496//3496 3497//3497
f 29//29 3498//3498 3496//3496
f 3499//3499 3497//3497 3498//3498
f 3496//3496 3498//3498 3497//3497
f 13//13 3500//3500 35//35
f 3499//3499 3498//3498 3500//3500
f 29//29 35//35 3498//3498
f 3500//3500 3498//3498 35//35
f 32//32 34//34 163//163
f 29//29 3496//3496 34//34
f 162//162 163//163 3496//3496
f 34//34 3496//3496 163//163
f 152//152 169//169 3501//3501
f 162//162 3497//3497 169//169
f 3499//3499 3501//3501 3497//3497
f 169//169 3497//3497 3501//3501
f 2707//2707 3502//3502 3503//3503
f 2498//2498 3504//3504 3502//3502
f 3014//3014 3503//3503 3504//3504
f 3502//3502 3504//3504 3503//3503
f 2509//2509 3018//3018 2510//2510
f 3014//3014 3504//3504 3018//3018
f 2498//2498 2510//2510 3504//3504
f 3018//3018 3504//3504 2510//2510
f 2506//2506 2508//2508 2719//2719
f 2498//2498 3502//3502 2508//2508
f 2707//2707 2719//2719 3502//3502
f 2508//2508 3502//3502 2719//2719
f 2716//2716 2718//2718 3019//3019
f 2707//2707 3503//3503 2718//2718
f 3014//3014 3019//3019 3503//3503
f 2718//2718 3503//3503 3019//3019
f 2110//2110 3505//3505 3506//3506
f 2367//2367 3507//3507 3505//3505
f 1693//1693 3506//3506 3507//3507
f 3505//3505 3507//3507 3506//3506
f 1686//1686 1695//1695 2372//2372
f 1693//1693 3507//3507 1695//1695
f 2367//2367 2372//2372 3507//3507
f 1695//1695 3507//3507 2372//2372
f 1993//1993 2371//2371 2113//2113
f 2367//2367 3505//3505 2371//2371
f 2110//2110 2113//2113 3505//3505
f 2371//2371 3505//3505 2113//2113
f 780//780 2112//2112 1696//1696
f 2110//2110 3506//3506 2112//2112
f 1693//1693 1696//1696 3506//3506
f 2112//2112 3506//3506 1696//1696
f 3272//3272 3508//3508 3509//3509
f 3510//3510 3511//3511 3508//3508
f 3512//3512 3509//3509 3511//3511
f 3508//3508 3511//3511 3509//3509
f 3513//3513 3514//3514 3515//3515
f 3512//3512 3511//3511 3514//3514
f 3510//3510 3515//3515 3511//3511
f 3514//3514 3511//3511 3515//3515
f 3154//3154 3516//3516 3273//3273
f 3510//3510 3508//3508 3516//3516
f 3272//3272 3273//3273 3508//3508
f 3516//3516 3508//3508 3273//3273
f 3275//3275 3277//3277 3517//3517
f 3272//3272 3509//3509 3277//3277
f 3512//3512 3517//3517 3509//3509
f 3277//3277 3509//3509 3517//3517
f 597//597 3518//3518 3519//3519
f 3520//3520 3521//3521 3518//3518
f 428//428 3519//3519 3521//3521
f 3518//3518 3521//3521 3519//3519
f 124//124 430//430 3522//3522
f 428//428 3521//3521 430//430
f 3520//3520 3522//3522 3521//3521
f 430//430 3521//3521 3522//3522
f 602//602 3523//3523 603//603
f 3520//3520 3518//3518 3523//3523
f 597//597 603//603 3518//3518
f 3523//3523 3518//3518 603//603
f 431//431 601//601 432//432
f 597//597 3519//3519 601//601
f 428//428 432//432 3519//3519
f 601//601 3519//3519 432//432
f 3524//3524 3525//3525 3526//3526
f 517//517 3527//3527 3525//3525
f 557//557 3526//3526 3527//3527
f 3525//3525 3527//3527 3526//3526
f 529//529 565//565 530//530
f 557//557 3527//3527 565//565
f 517//517 530//530 3527//3527
f 565//565 3527//3527 530//530
f 526//526 528//528 3528//3528
f 517//517 3525//3525 528//528
f 3524//3524 3528//3528 3525//3525
f 528//528 3525//3525 3528//3528
f 558//558 3529//3529 559//559
f 3524//3524 3526//3526 3529//3529
f 557//557 559//559 3526//3526
f 3529//3529 3526//3526 559//559
f 2621//2621 3530//3530 3531//3531
f 2792//2792 3532//3532 3530//3530
f 3199//3199 3531//3531 3532//3532
f 3530//3530 3532//3532 3531//3531
f 2793//2793 3203//3203 2794//2794
f 3199//3199 3532//3532 3203//3203
f 2792//2792 2794//2794 3532//3532
f 3203//3203 3532//3532 2794//2794
f 2478//2478 2797//2797 2624//2624
f 2792//2792 3530//3530 2797//2797
f 2621//2621 2624//2624 3530//3530
f 2797//2797 3530//3530 2624//2624
f 2386//2386 2623//2623 3200//3200
f 2621//2621 3531//3531 2623//2623
f 3199//3199 3200//3200 3531//3531
f 2623//2623 3531//3531 3200//3200
f 1767//1767 3533//3533 3534//3534
f 3535//3535 3536//3536 3533//3533
f 941//941 3534//3534 3536//3536
f 3533//3533 3536//3536 3534//3534
f 944//944 946//946 3537//3537
f 941//941 3536//3536 946//946
f 3535//3535 3537//3537 3536//3536
f 946//946 3536//3536 3537//3537
f 1770//1770 3538//3538 1771//1771
f 3535//3535 3533//3533 3538//3538
f 1767//1767 1771//1771 3533//3533
f 3538//3538 3533//3533 1771//1771
f 586//586 1769//1769 942//942
f 1767//1767 3534//3534 1769//1769
f 941//941 942//942 3534//3534
f 1769//1769 3534//3534 942//942
f 1612//1612 3539//3539 3540//3540
f 3541//3541 3542//3542 3539//3539
f 2286//2286 3540//3540 3542//3542
f 3539//3539 3542//3542 3540//3540
f 2292//2292 2294//2294 3543//3543
f 2286//2286 3542//3542 2294//2294
f 3541//3541 3543//3543 3542//3542
f 2294//2294 3542//3542 3543//3543
f 1224//1224 3544//3544 1618//1618
f 3541//3541 3539//3539 3544//3544
f 1612//1612 1618//1618 3539//3539
f 3544//3544 3539//3539 1618//1618
f 1615//1615 1617//1617 2287//2287
f 1612//1612 3540//3540 1617//1617
f 2286//2286 2287//2287 3540//3540
f 1617//1617 3540//3540 2287//2287
f 992//992 3545//3545 3546//3546
f 3394//3394 3547//3547 3545//3545
f 1182//1182 3546//3546 3547//3547
f 3545//3545 3547//3547 3546//3546
f 1100//1100 1189//1189 3399//3399
f 1182//1182 3547//3547 1189//1189
f 3394//3394 3399//3399 3547//3547
f 1189//1189 3547//3547 3399//3399
f 658//658 3398//3398 998//998
f 3394//3394 3545//3545 3398//3398
f 992//992 998//998 3545//3545
f 3398//3398 3545//3545 998//998
f 995//995 997//997 1183//1183
f 992//992 3546//3546 997//997
f 1182//1182 1183//1183 3546//3546
f 997//997 3546//3546 1183//1183
f 3548//3548 3549//3549 3550//3550
f 157//157 3551//3551 3549//3549
f 3552//3552 3550//3550 3551//3551
f 3549//3549 3551//3551 3550//3550
f 152//152 3553//3553 168//168
f 3552//3552 3551//3551 3553//3553
f 157//157 168//168 3551//3551
f 3553//3553 3551//3551 168//168
f 165//165 167//167 3554//3554
f 157//157 3549//3549 167//167
f 3548//3548 3554//3554 3549//3549
f 167//167 3549//3549 3554//3554
f 529//529 3555//3555 3556//3556
f 3548//3548 3550//3550 3555//3555
f 3552//3552 3556//3556 3550//3550
f 3555//3555 3550//3550 3556//3556
f 2435//2435 3557//3557 3558//3558
f 2611//2611 3559//3559 3557//3557
f 2475//2475 3558//3558 3559//3559
f 3557//3557 3559//3559 3558//3558
f 2478//2478 2480//2480 2612//2612
f 2475//2475 3559//3559 2480//2480
f 2611//2611 2612//2612 3559//3559
f 2480//2480 3559//3559 2612//2612
f 2436//2436 2618//2618 2437//2437
f 2611//2611 3557//3557 2618//2618
f 2435//2435 2437//2437 3557//3557
f 2618//2618 3557//3557 2437//2437
f 2163//2163 2442//2442 2481//2481
f 2435//2435 3558//3558 2442//2442
f 2475//2475 2481//2481 3558//3558
f 2442//2442 3558//3558 2481//2481
f 327//327 3560//3560 3561//3561
f 3562//3562 3563//3563 3560//3560
f 541//541 3561//3561 3563//3563
f 3560//3560 3563//3563 3561//3561
f 544//544 546//546 3564//3564
f 541//541 3563//3563 546//546
f 3562//3562 3564//3564 3563//3563
f 546//546 3563//3563 3564//3564
f 291//291 3565//3565 328//328
f 3562//3562 3560//3560 3565//3565
f 327//327 328//328 3560//3560
f 3565//3565 3560//3560 328//328
f 330//330 332//332 547//547
f 327//327 3561//3561 332//332
f 541//541 547//547 3561//3561
f 332//332 3561//3561 547//547
f 4//4 3566//3566 3567//3567
f 80//80 3568//3568 3566//3566
f 50//50 3567//3567 3568//3568
f 3566//3566 3568//3568 3567//3567
f 59//59 61//61 91//91
f 50//50 3568//3568 61//61
f 80//80 91//91 3568//3568
f 61//61 3568//3568 91//91
f 10//10 90//90 11//11
f 80//80 3566//3566 90//90
f 4//4 11//11 3566//3566
f 90//90 3566//3566 11//11
f 7//7 9//9 62//62
f 4//4 3567//3567 9//9
f 50//50 62//62 3567//3567
f 9//9 3567//3567 62//62
f 3569//3569 3570//3570 3571//3571
f 3387//3387 3572//3572 3570//3570
f 3573//3573 3571//3571 3572//3572
f 3570//3570 3572//3572 3571//3571
f 3390//3390 3574//3574 3391//3391
f 3573//3573 3572//3572 3574//3574
f 3387//3387 3391//3391 3572//3572
f 3574//3574 3572//3572 3391//3391
f 2858//2858 3389//3389 3575//3575
f 3387//3387 3570//3570 3389//3389
f 3569//3569 3575//3575 3570//3570
f 3389//3389 3570//3570 3575//3575
f 2924//2924 3576//3576 3577//3577
f 3569//3569 3571//3571 3576//3576
f 3573//3573 3577//3577 3571//3571
f 3576//3576 3571//3571 3577//3577
f 3578//3578 3579//3579 3580//3580
f 3581//3581 3582//3582 3579//3579
f 473//473 3580//3580 3582//3582
f 3579//3579 3582//3582 3580//3580
f 476//476 478//478 3583//3583
f 473//473 3582//3582 478//478
f 3581//3581 3583//3583 3582//3582
f 478//478 3582//3582 3583//3583
f 888//888 3584//3584 3585//3585
f 3581//3581 3579//3579 3584//3584
f 3578//3578 3585//3585 3579//3579
f 3584//3584 3579//3579 3585//3585
f 330//330 3586//3586 479//479
f 3578//3578 3580//3580 3586//3586
f 473//473 479//479 3580//3580
f 3586//3586 3580//3580 479//479
f 195//195 3587//3587 3588//3588
f 251//251 3589//3589 3587//3587
f 85//85 3588//3588 3589//3589
f 3587//3587 3589//3589 3588//3588
f 59//59 92//92 256//256
f 85//85 3589//3589 92//92
f 251//251 256//256 3589//3589
f 92//92 3589//3589 256//256
f 206//206 255//255 207//207
f 251//251 3587//3587 255//255
f 195//195 207//207 3587//3587
f 255//255 3587//3587 207//207
f 86//86 205//205 87//87
f 195//195 3588//3588 205//205
f 85//85 87//87 3588//3588
f 205//205 3588//3588 87//87
f 2180//2180 3590//3590 3591//3591
f 2092//2092 3592//3592 3590//3590
f 2542//2542 3591//3591 3592//3592
f 3590//3590 3592//3592 3591//3591
f 1928//1928 2549//2549 2097//2097
f 2542//2542 3592//3592 2549//2549
f 2092//2092 2097//2097 3592//3592
f 2549//2549 3592//3592 2097//2097
f 1417//1417 2096//2096 2183//2183
f 2092//2092 3590//3590 2096//2096
f 2180//2180 2183//2183 3590//3590
f 2096//2096 3590//3590 2183//2183
f 2148//2148 2182//2182 2550//2550
f 2180//2180 3591//3591 2182//2182
f 2542//2542 2550//2550 3591//3591
f 2182//2182 3591//3591 2550//2550
f 3332//3332 3593//3593 3594//3594
f 3248//3248 3595//3595 3593//3593
f 3378//3378 3594//3594 3595//3595
f 3593//3593 3595//3595 3594//3594
f 3251//3251 3380//3380 3252//3252
f 3378//3378 3595//3595 3380//3380
f 3248//3248 3252//3252 3595//3595
f 3380//3380 3595//3595 3252//3252
f 3028//3028 3250//3250 3333//3333
f 3248//3248 3593//3593 3250//3250
f 3332//3332 3333//3333 3593//3593
f 3250//3250 3593//3593 3333//3333
f 3284//3284 3334//3334 3381//3381
f 3332//3332 3594//3594 3334//3334
f 3378//3378 3381//3381 3594//3594
f 3334//3334 3594//3594 3381//3381
f 520//520 3596//3596 3597//3597
f 1060//1060 3598//3598 3596//3596
f 960//960 3597//3597 3598//3598
f 3596//3596 3598//3598 3597//3597
f 969//969 971//971 1061//1061
f 960//960 3598//3598 971//971
f 1060//1060 1061//1061 3598//3598
f 971//971 3598//3598 1061//1061
f 526//526 1067//1067 527//527
f 1060//1060 3596//3596 1067//1067
f 520//520 527//527 3596//3596
f 1067//1067 3596//3596 527//527
f 523//523 525//525 972//972
f 520//520 3597//3597 525//525
f 960//960 972//972 3597//3597
f 525//525 3597//3597 972//972
f 2433//2433 3599//3599 3600//3600
f 3601//3601 3602//3602 3599//3599
f 3603//3603 3600//3600 3602//3602
f 3599//3599 3602//3602 3600//3600
f 3390//3390 3604//3604 3605//3605
f 3603//3603 3602//3602 3604//3604
f 3601//3601 3605//3605 3602//3602
f 3604//3604 3602//3602 3605//3605
f 1662//1662 3606//3606 2439//2439
f 3601//3601 3599//3599 3606//3606
f 2433//2433 2439//2439 3599//3599
f 3606//3606 3599//3599 2439//2439
f 2436//2436 2438//2438 3607//3607
f 2433//2433 3600//3600 2438//2438
f 3603//3603 3607//3607 3600//3600
f 2438//2438 3600//3600 3607//3607
f 3608//3608 3609//3609 3610//3610
f 609//609 3611//3611 3609//3609
f 3612//3612 3610//3610 3611//3611
f 3609//3609 3611//3611 3610//3610
f 468//468 3613//3613 615//615
f 3612//3612 3611//3611 3613//3613
f 609//609 615//615 3611//3611
f 3613//3613 3611//3611 615//615
f 612//612 614//614 3614//3614
f 609//609 3609//3609 614//614
f 3608//3608 3614//3614 3609//3609
f 614//614 3609//3609 3614//3614
f 385//385 3615//3615 3616//3616
f 3608//3608 3610//3610 3615//3615
f 3612//3612 3616//3616 3610//3610
f 3615//3615 3610//3610 3616//3616
f 2904//2904 3617//3617 3618//3618
f 3619//3619 3620//3620 3617//3617
f 2964//2964 3618//3618 3620//3620
f 3617//3617 3620//3620 3618//3618
f 2967//2967 2969//2969 3621//3621
f 2964//2964 3620//3620 2969//2969
f 3619//3619 3621//3621 3620//3620
f 2969//2969 3620//3620 3621//3621
f 2746//2746 3622//3622 2905//2905
f 3619//3619 3617//3617 3622//3622
f 2904//2904 2905//2905 3617//3617
f 3622//3622 3617//3617 2905//2905
f 2803//2803 2908//2908 2965//2965
f 2904//2904 3618//3618 2908//2908
f 2964//2964 2965//2965 3618//3618
f 2908//2908 3618//3618 2965//2965
f 3105//3105 3623//3623 3624//3624
f 3619//3619 3625//3625 3623//3623
f 3045//3045 3624//3624 3625//3625
f 3623//3623 3625//3625 3624//3624
f 2746//2746 3047//3047 3622//3622
f 3045//3045 3625//3625 3047//3047
f 3619//3619 3622//3622 3625//3625
f 3047//3047 3625//3625 3622//3622
f 2967//2967 3621//3621 3113//3113
f 3619//3619 3623//3623 3621//3621
f 3105//3105 3113//3113 3623//3623
f 3621//3621 3623//3623 3113//3113
f 3038//3038 3112//3112 3048//3048
f 3105//3105 3624//3624 3112//3112
f 3045//3045 3048//3048 3624//3624
f 3112//3112 3624//3624 3048//3048
f 3626//3626 3627//3627 3628//3628
f 3629//3629 3630//3630 3627//3627
f 3631//3631 3628//3628 3630//3630
f 3627//3627 3630//3630 3628//3628
f 2204//2204 3632//3632 3633//3633
f 3631//3631 3630//3630 3632//3632
f 3629//3629 3633//3633 3630//3630
f 3632//3632 3630//3630 3633//3633
f 2749//2749 3634//3634 3635//3635
f 3629//3629 3627//3627 3634//3634
f 3626//3626 3635//3635 3627//3627
f 3634//3634 3627//3627 3635//3635
f 2259//2259 3636//3636 3637//3637
f 3626//3626 3628//3628 3636//3636
f 3631//3631 3637//3637 3628//3628
f 3636//3636 3628//3628 3637//3637
f 2637//2637 3638//3638 3639//3639
f 3629//3629 3640//3640 3638//3638
f 2821//2821 3639//3639 3640//3640
f 3638//3638 3640//3640 3639//3639
f 2749//2749 2823//2823 3634//3634
f 2821//2821 3640//3640 2823//2823
f 3629//3629 3634//3634 3640//3640
f 2823//2823 3640//3640 3634//3634
f 2204//2204 3633//3633 2643//2643
f 3629//3629 3638//3638 3633//3633
f 2637//2637 2643//2643 3638//3638
f 3633//3633 3638//3638 2643//2643
f 2640//2640 2642//2642 2824//2824
f 2637//2637 3639//3639 2642//2642
f 2821//2821 2824//2824 3639//3639
f 2642//2642 3639//3639 2824//2824
f 555//555 3641//3641 3642//3642
f 3643//3643 3644//3644 3641//3641
f 1148//1148 3642//3642 3644//3644
f 3641//3641 3644//3644 3642//3642
f 355//355 1152//1152 3645//3645
f 1148//1148 3644//3644 1152//1152
f 3643//3643 3645//3645 3644//3644
f 1152//1152 3644//3644 3645//3645
f 561//561 3646//3646 562//562
f 3643//3643 3641//3641 3646//3646
f 555//555 562//562 3641//3641
f 3646//3646 3641//3641 562//562
f 558//558 560//560 1149//1149
f 555//555 3642//3642 560//560
f 1148//1148 1149//1149 3642//3642
f 560//560 3642//3642 1149//1149
f 3481//3481 3647//3647 3648//3648
f 3099//3099 3649//3649 3647//3647
f 3650//3650 3648//3648 3649//3649
f 3647//3647 3649//3649 3648//3648
f 2364//2364 3651//3651 3100//3100
f 3650//3650 3649//3649 3651//3651
f 3099//3099 3100//3100 3649//3649
f 3651//3651 3649//3649 3100//3100
f 3102//3102 3104//3104 3482//3482
f 3099//3099 3647//3647 3104//3104
f 3481//3481 3482//3482 3647//3647
f 3104//3104 3647//3647 3482//3482
f 2289//2289 3483//3483 3652//3652
f 3481//3481 3648//3648 3483//3483
f 3650//3650 3652//3652 3648//3648
f 3483//3483 3648//3648 3652//3652
f 83//83 3653//3653 3654//3654
f 20//20 3655//3655 3653//3653
f 3656//3656 3654//3654 3655//3655
f 3653//3653 3655//3655 3654//3654
f 21//21 3657//3657 22//22
f 3656//3656 3655//3655 3657//3657
f 20//20 22//22 3655//3655
f 3657//3657 3655//3655 22//22
f 10//10 25//25 89//89
f 20//20 3653//3653 25//25
f 83//83 89//89 3653//3653
f 25//25 3653//3653 89//89
f 86//86 88//88 3658//3658
f 83//83 3654//3654 88//88
f 3656//3656 3658//3658 3654//3654
f 88//88 3654//3654 3658//3658
f 2256//2256 3659//3659 3660//3660
f 3631//3631 3661//3661 3659//3659
f 2199//2199 3660//3660 3661//3661
f 3659//3659 3661//3661 3660//3660
f 2204//2204 2206//2206 3632//3632
f 2199//2199 3661//3661 2206//2206
f 3631//3631 3632//3632 3661//3661
f 2206//2206 3661//3661 3632//3632
f 2259//2259 3637//3637 2260//2260
f 3631//3631 3659//3659 3637//3637
f 2256//2256 2260//2260 3659//3659
f 3637//3637 3659//3659 2260//2260
f 2006//2006 2258//2258 2200//2200
f 2256//2256 3660//3660 2258//2258
f 2199//2199 2200//2200 3660//3660
f 2258//2258 3660//3660 2200//2200
f 768//768 3662//3662 3663//3663
f 239//239 3664//3664 3662//3662
f 3520//3520 3663//3663 3664//3664
f 3662//3662 3664//3664 3663//3663
f 124//124 3522//3522 248//248
f 3520//3520 3664//3664 3522//3522
f 239//239 248//248 3664//3664
f 3522//3522 3664//3664 248//248
f 245//245 247//247 773//773
f 239//239 3662//3662 247//247
f 768//768 773//773 3662//3662
f 247//247 3662//3662 773//773
f 602//602 772//772 3523//3523
f 768//768 3663//3663 772//772
f 3520//3520 3523//3523 3663//3663
f 772//772 3663//3663 3523//3523
f 3665//3665 3666//3666 3667//3667
f 736//736 3668//3668 3666//3666
f 486//486 3667//3667 3668//3668
f 3666//3666 3668//3668 3667//3667
f 492//492 494//494 737//737
f 486//486 3668//3668 494//494
f 736//736 737//737 3668//3668
f 494//494 3668//3668 737//737
f 574//574 740//740 3669//3669
f 736//736 3666//3666 740//740
f 3665//3665 3669//3669 3666//3666
f 740//740 3666//3666 3669//3669
f 404//404 3670//3670 487//487
f 3665//3665 3667//3667 3670//3670
f 486//486 487//487 3667//3667
f 3670//3670 3667//3667 487//487
f 3671//3671 3672//3672 3673//3673
f 691//691 3674//3674 3672//3672
f 3675//3675 3673//3673 3674//3674
f 3672//3672 3674//3674 3673//3673
f 670//670 3676//3676 692//692
f 3675//3675 3674//3674 3676//3676
f 691//691 692//692 3674//3674
f 3676//3676 3674//3674 692//692
f 697//697 699//699 3677//3677
f 691//691 3672//3672 699//699
f 3671//3671 3677//3677 3672//3672
f 699//699 3672//3672 3677//3677
f 314//314 3678//3678 3679//3679
f 3671//3671 3673//3673 3678//3678
f 3675//3675 3679//3679 3673//3673
f 3678//3678 3673//3673 3679//3679
f 1599//1599 3680//3680 3681//3681
f 2079//2079 3682//3682 3680//3680
f 1232//1232 3681//3681 3682//3682
f 3680//3680 3682//3682 3681//3681
f 1238//1238 1240//1240 2090//2090
f 1232//1232 3682//3682 1240//1240
f 2079//2079 2090//2090 3682//3682
f 1240//1240 3682//3682 2090//2090
f 1604//1604 2089//2089 1605//1605
f 2079//2079 3680//3680 2089//2089
f 1599//1599 1605//1605 3680//3680
f 2089//2089 3680//3680 1605//1605
f 861//861 1603//1603 1241//1241
f 1599//1599 3681//3681 1603//1603
f 1232//1232 1241//1241 3681//3681
f 1603//1603 3681//3681 1241//1241
f 137//137 3683//3683 3684//3684
f 107//107 3685//3685 3683//3683
f 3686//3686 3684//3684 3685//3685
f 3683//3683 3685//3685 3684//3684
f 114//114 3687//3687 115//115
f 3686//3686 3685//3685 3687//3687
f 107//107 115//115 3685//3685
f 3687//3687 3685//3685 115//115
f 45//45 113//113 146//146
f 107//107 3683//3683 113//113
f 137//137 146//146 3683//3683
f 113//113 3683//3683 146//146
f 143//143 145//145 3688//3688
f 137//137 3684//3684 145//145
f 3686//3686 3688//3688 3684//3684
f 145//145 3684//3684 3688//3688
f 2986//2986 3689//3689 3690//3690
f 3016//3016 3691//3691 3689//3689
f 2840//2840 3690//3690 3691//3691
f 3689//3689 3691//3691 3690//3690
f 2509//2509 2845//2845 3017//3017
f 2840//2840 3691//3691 2845//2845
f 3016//3016 3017//3017 3691//3691
f 2845//2845 3691//3691 3017//3017
f 2993//2993 3022//3022 2994//2994
f 3016//3016 3689//3689 3022//3022
f 2986//2986 2994//2994 3689//3689
f 3022//3022 3689//3689 2994//2994
f 2841//2841 2992//2992 2842//2842
f 2986//2986 3690//3690 2992//2992
f 2840//2840 2842//2842 3690//3690
f 2992//2992 3690//3690 2842//2842
f 93//93 3692//3692 3693//3693
f 3656//3656 3694//3694 3692//3692
f 174//174 3693//3693 3694//3694
f 3692//3692 3694//3694 3693//3693
f 21//21 178//178 3657//3657
f 174//174 3694//3694 178//178
f 3656//3656 3657//3657 3694//3694
f 178//178 3694//3694 3657//3657
f 86//86 3658//3658 105//105
f 3656//3656 3692//3692 3658//3658
f 93//93 105//105 3692//3692
f 3658//3658 3692//3692 105//105
f 102//102 104//104 175//175
f 93//93 3693//3693 104//104
f 174//174 175//175 3693//3693
f 104//104 3693//3693 175//175
f 3695//3695 3696//3696 3697//3697
f 3233//3233 3698//3698 3696//3696
f 3268//3268 3697//3697 3698//3698
f 3696//3696 3698//3698 3697//3697
f 3226//3226 3274//3274 3234//3234
f 3268//3268 3698//3698 3274//3274
f 3233//3233 3234//3234 3698//3698
f 3274//3274 3698//3698 3234//3234
f 3119//3119 3235//3235 3699//3699
f 3233//3233 3696//3696 3235//3235
f 3695//3695 3699//3699 3696//3696
f 3235//3235 3696//3696 3699//3699
f 3275//3275 3700//3700 3276//3276
f 3695//3695 3697//3697 3700//3700
f 3268//3268 3276//3276 3697//3697
f 3700//3700 3697//3697 3276//3276
f 3345//3345 3701//3701 3702//3702
f 3375//3375 3703//3703 3701//3701
f 3360//3360 3702//3702 3703//3703
f 3701//3701 3703//3703 3702//3702
f 3324//3324 3367//3367 3383//3383
f 3360//3360 3703//3703 3367//3367
f 3375//3375 3383//3383 3703//3703
f 3367//3367 3703//3703 3383//3383
f 3284//3284 3382//3382 3346//3346
f 3375//3375 3701//3701 3382//3382
f 3345//3345 3346//3346 3701//3701
f 3382//3382 3701//3701 3346//3346
f 2863//2863 3349//3349 3368//3368
f 3345//3345 3702//3702 3349//3349
f 3360//3360 3368//3368 3702//3702
f 3349//3349 3702//3702 3368//3368
f 3524//3524 3704//3704 3705//3705
f 1448//1448 3706//3706 3704//3704
f 3707//3707 3705//3705 3706//3706
f 3704//3704 3706//3706 3705//3705
f 1449//1449 3708//3708 1450//1450
f 3707//3707 3706//3706 3708//3708
f 1448//1448 1450//1450 3706//3706
f 3708//3708 3706//3706 1450//1450
f 558//558 1453//1453 3529//3529
f 1448//1448 3704//3704 1453//1453
f 3524//3524 3529//3529 3704//3704
f 1453//1453 3704//3704 3529//3529
f 526//526 3528//3528 3709//3709
f 3524//3524 3705//3705 3528//3528
f 3707//3707 3709//3709 3705//3705
f 3528//3528 3705//3705 3709//3709
f 2416//2416 3710//3710 3711//3711
f 2028//2028 3712//3712 3710//3710
f 3713//3713 3711//3711 3712//3712
f 3710//3710 3712//3712 3711//3711
f 2031//2031 3714//3714 2032//2032
f 3713//3713 3712//3712 3714//3714
f 2028//2028 2032//2032 3712//3712
f 3714//3714 3712//3712 2032//2032
f 1449//1449 2030//2030 2417//2417
f 2028//2028 3710//3710 2030//2030
f 2416//2416 2417//2417 3710//3710
f 2030//2030 3710//3710 2417//2417
f 2421//2421 2423//2423 3715//3715
f 2416//2416 3711//3711 2423//2423
f 3713//3713 3715//3715 3711//3711
f 2423//2423 3711//3711 3715//3715
f 1218//1218 3716//3716 3717//3717
f 3718//3718 3719//3719 3716//3716
f 822//822 3717//3717 3719//3719
f 3716//3716 3719//3719 3717//3717
f 828//828 830//830 3720//3720
f 822//822 3719//3719 830//830
f 3718//3718 3720//3720 3719//3719
f 830//830 3719//3719 3720//3720
f 1229//1229 3721//3721 1230//1230
f 3718//3718 3716//3716 3721//3721
f 1218//1218 1230//1230 3716//3716
f 3721//3721 3716//3716 1230//1230
f 694//694 1228//1228 831//831
f 1218//1218 3717//3717 1228//1228
f 822//822 831//831 3717//3717
f 1228//1228 3717//3717 831//831
f 3722//3722 3723//3723 3724//3724
f 2328//2328 3725//3725 3723//3723
f 3409//3409 3724//3724 3725//3725
f 3723//3723 3725//3725 3724//3724
f 2329//2329 3413//3413 2330//2330
f 3409//3409 3725//3725 3413//3413
f 2328//2328 2330//2330 3725//3725
f 3413//3413 3725//3725 2330//2330
f 1662//1662 2333//2333 3726//3726
f 2328//2328 3723//3723 2333//2333
f 3722//3722 3726//3726 3723//3723
f 2333//2333 3723//3723 3726//3726
f 2924//2924 3727//3727 3414//3414
f 3722//3722 3724//3724 3727//3727
f 3409//3409 3414//3414 3724//3724
f 3727//3727 3724//3724 3414//3414
f 3603//3603 3728//3728 3729//3729
f 3384//3384 3730//3730 3728//3728
f 2606//2606 3729//3729 3730//3730
f 3728//3728 3730//3730 3729//3729
f 2614//2614 2616//2616 3393//3393
f 2606//2606 3730//3730 2616//2616
f 3384//3384 3393//3393 3730//3730
f 2616//2616 3730//3730 3393//3393
f 3390//3390 3392//3392 3604//3604
f 3384//3384 3728//3728 3392//3392
f 3603//3603 3604//3604 3728//3728
f 3392//3392 3728//3728 3604//3604
f 2436//2436 3607//3607 2617//2617
f 3603//3603 3729//3729 3607//3607
f 2606//2606 2617//2617 3729//3729
f 3607//3607 3729//3729 2617//2617
f 3731//3731 3732//3732 3733//3733
f 1055//1055 3734//3734 3732//3732
f 3707//3707 3733//3733 3734//3734
f 3732//3732 3734//3734 3733//3733
f 526//526 3709//3709 1066//1066
f 3707//3707 3734//3734 3709//3709
f 1055//1055 1066//1066 3734//3734
f 3709//3709 3734//3734 1066//1066
f 1063//1063 1065//1065 3735//3735
f 1055//1055 3732//3732 1065//1065
f 3731//3731 3735//3735 3732//3732
f 1065//1065 3732//3732 3735//3735
f 1449//1449 3736//3736 3708//3708
f 3731//3731 3733//3733 3736//3736
f 3707//3707 3708//3708 3733//3733
f 3736//3736 3733//3733 3708//3708
f 3469//3469 3737//3737 3738//3738
f 1396//1396 3739//3739 3737//3737
f 3740//3740 3738//3738 3739//3739
f 3737//3737 3739//3739 3738//3738
f 1401//1401 3741//3741 1402//1402
f 3740//3740 3739//3739 3741//3741
f 1396//1396 1402//1402 3739//3739
f 3741//3741 3739//3739 1402//1402
f 762//762 1400//1400 3470//3470
f 1396//1396 3737//3737 1400//1400
f 3469//3469 3470//3470 3737//3737
f 1400//1400 3737//3737 3470//3470
f 673//673 3471//3471 3742//3742
f 3469//3469 3738//3738 3471//3471
f 3740//3740 3742//3742 3738//3738
f 3471//3471 3738//3738 3742//3742
f 1758//1758 3743//3743 3744//3744
f 1094//1094 3745//3745 3743//3743
f 3718//3718 3744//3744 3745//3745
f 3743//3743 3745//3745 3744//3744
f 828//828 3720//3720 1106//1106
f 3718//3718 3745//3745 3720//3720
f 1094//1094 1106//1106 3745//3745
f 3720//3720 3745//3745 1106//1106
f 1103//1103 1105//1105 1763//1763
f 1094//1094 3743//3743 1105//1105
f 1758//1758 1763//1763 3743//3743
f 1105//1105 3743//3743 1763//1763
f 1229//1229 1762//1762 3721//3721
f 1758//1758 3744//3744 1762//1762
f 3718//3718 3721//3721 3744//3744
f 1762//1762 3744//3744 3721//3721
f 3078//3078 3746//3746 3747//3747
f 3052//3052 3748//3748 3746//3746
f 3341//3341 3747//3747 3748//3748
f 3746//3746 3748//3748 3747//3747
f 2651//2651 3347//3347 3053//3053
f 3341//3341 3748//3748 3347//3347
f 3052//3052 3053//3053 3748//3748
f 3347//3347 3748//3748 3053//3053
f 2927//2927 3054//3054 3079//3079
f 3052//3052 3746//3746 3054//3054
f 3078//3078 3079//3079 3746//3746
f 3054//3054 3746//3746 3079//3079
f 2863//2863 3082//3082 3348//3348
f 3078//3078 3747//3747 3082//3082
f 3341//3341 3348//3348 3747//3747
f 3082//3082 3747//3747 3348//3348
f 3749//3749 3750//3750 3751//3751
f 898//898 3752//3752 3750//3750
f 3753//3753 3751//3751 3752//3752
f 3750//3750 3752//3752 3751//3751
f 899//899 3754//3754 900//900
f 3753//3753 3752//3752 3754//3754
f 898//898 900//900 3752//3752
f 3754//3754 3752//3752 900//900
f 492//492 903//903 3755//3755
f 898//898 3750//3750 903//903
f 3749//3749 3755//3755 3750//3750
f 903//903 3750//3750 3755//3755
f 995//995 3756//3756 3757//3757
f 3749//3749 3751//3751 3756//3756
f 3753//3753 3757//3757 3751//3751
f 3756//3756 3751//3751 3757//3757
f 2158//2158 3758//3758 3759//3759
f 1808//1808 3760//3760 3758//3758
f 2430//2430 3759//3759 3760//3760
f 3758//3758 3760//3760 3759//3759
f 1662//1662 2440//2440 1813//1813
f 2430//2430 3760//3760 2440//2440
f 1808//1808 1813//1813 3760//3760
f 2440//2440 3760//3760 1813//1813
f 697//697 1812//1812 2159//2159
f 1808//1808 3758//3758 1812//1812
f 2158//2158 2159//2159 3758//3758
f 1812//1812 3758//3758 2159//2159
f 2163//2163 2165//2165 2441//2441
f 2158//2158 3759//3759 2165//2165
f 2430//2430 2441//2441 3759//3759
f 2165//2165 3759//3759 2441//2441
f 3753//3753 3761//3761 3762//3762
f 1002//1002 3763//3763 3761//3761
f 994//994 3762//3762 3763//3763
f 3761//3761 3763//3763 3762//3762
f 885//885 1001//1001 1013//1013
f 994//994 3763//3763 1001//1001
f 1002//1002 1013//1013 3763//3763
f 1001//1001 3763//3763 1013//1013
f 899//899 1012//1012 3754//3754
f 1002//1002 3761//3761 1012//1012
f 3753//3753 3754//3754 3761//3761
f 1012//1012 3761//3761 3754//3754
f 995//995 3757//3757 996//996
f 3753//3753 3762//3762 3757//3757
f 994//994 996//996 3762//3762
f 3757//3757 3762//3762 996//996
f 294//294 3764//3764 3765//3765
f 384//384 3766//3766 3764//3764
f 3767//3767 3765//3765 3766//3766
f 3764//3764 3766//3766 3765//3765
f 385//385 3768//3768 386//386
f 3767//3767 3766//3766 3768//3768
f 384//384 386//386 3766//3766
f 3768//3768 3766//3766 386//386
f 301//301 392//392 302//302
f 384//384 3764//3764 392//392
f 294//294 302//302 3764//3764
f 392//392 3764//3764 302//302
f 236//236 300//300 3769//3769
f 294//294 3765//3765 300//300
f 3767//3767 3769//3769 3765//3765
f 300//300 3765//3765 3769//3769
f 3552//3552 3770//3770 3771//3771
f 3772//3772 3773//3773 3770//3770
f 552//552 3771//3771 3773//3773
f 3770//3770 3773//3773 3771//3771
f 561//561 563//563 3774//3774
f 552//552 3773//3773 563//563
f 3772//3772 3774//3774 3773//3773
f 563//563 3773//3773 3774//3774
f 152//152 3775//3775 3553//3553
f 3772//3772 3770//3770 3775//3775
f 3552//3552 3553//3553 3770//3770
f 3775//3775 3770//3770 3553//3553
f 529//529 3556//3556 564//564
f 3552//3552 3771//3771 3556//3556
f 552//552 564//564 3771//3771
f 3556//3556 3771//3771 564//564
f 3776//3776 3777//3777 3778//3778
f 3772//3772 3779//3779 3777//3777
f 149//149 3778//3778 3779//3779
f 3777//3777 3779//3779 3778//3778
f 152//152 154//154 3775//3775
f 149//149 3779//3779 154//154
f 3772//3772 3775//3775 3779//3779
f 154//154 3779//3779 3775//3775
f 561//561 3774//3774 3780//3780
f 3772//3772 3777//3777 3774//3774
f 3776//3776 3780//3780 3777//3777
f 3774//3774 3777//3777 3780//3780
f 132//132 3781//3781 155//155
f 3776//3776 3778//3778 3781//3781
f 149//149 155//155 3778//3778
f 3781//3781 3778//3778 155//155
f 3782//3782 3783//3783 3784//3784
f 3785//3785 3786//3786 3783//3783
f 1040//1040 3784//3784 3786//3786
f 3783//3783 3786//3786 3784//3784
f 923//923 1044//1044 3787//3787
f 1040//1040 3786//3786 1044//1044
f 3785//3785 3787//3787 3786//3786
f 1044//1044 3786//3786 3787//3787
f 1199//1199 3788//3788 3789//3789
f 3785//3785 3783//3783 3788//3788
f 3782//3782 3789//3789 3783//3783
f 3788//3788 3783//3783 3789//3789
f 1036//1036 3790//3790 1045//1045
f 3782//3782 3784//3784 3790//3790
f 1040//1040 1045//1045 3784//3784
f 3790//3790 3784//3784 1045//1045
f 1554//1554 3791//3791 3792//3792
f 1412//1412 3793//3793 3791//3791
f 3749//3749 3792//3792 3793//3793
f 3791//3791 3793//3793 3792//3792
f 492//492 3755//3755 1413//1413
f 3749//3749 3793//3793 3755//3755
f 1412//1412 1413//1413 3793//3793
f 3755//3755 3793//3793 1413//1413
f 1417//1417 1419//1419 1561//1561
f 1412//1412 3791//3791 1419//1419
f 1554//1554 1561//1561 3791//3791
f 1419//1419 3791//3791 1561//1561
f 995//995 1560//1560 3756//3756
f 1554//1554 3792//3792 1560//1560
f 3749//3749 3756//3756 3792//3792
f 1560//1560 3792//3792 3756//3756
f 3794//3794 3795//3795 3796//3796
f 3665//3665 3797//3797 3795//3795
f 401//401 3796//3796 3797//3797
f 3795//3795 3797//3797 3796//3796
f 404//404 406//406 3670//3670
f 401//401 3797//3797 406//406
f 3665//3665 3670//3670 3797//3797
f 406//406 3797//3797 3670//3670
f 574//574 3669//3669 3798//3798
f 3665//3665 3795//3795 3669//3669
f 3794//3794 3798//3798 3795//3795
f 3669//3669 3795//3795 3798//3798
f 143//143 3799//3799 407//407
f 3794//3794 3796//3796 3799//3799
f 401//401 407//407 3796//3796
f 3799//3799 3796//3796 407//407
f 3306//3306 3800//3800 3801//3801
f 3486//3486 3802//3802 3800//3800
f 3095//3095 3801//3801 3802//3802
f 3800//3800 3802//3802 3801//3801
f 2777//2777 3101//3101 3489//3489
f 3095//3095 3802//3802 3101//3101
f 3486//3486 3489//3489 3802//3802
f 3101//3101 3802//3802 3489//3489
f 3313//3313 3488//3488 3314//3314
f 3486//3486 3800//3800 3488//3488
f 3306//3306 3314//3314 3800//3800
f 3488//3488 3800//3800 3314//3314
f 3102//3102 3312//3312 3103//3103
f 3306//3306 3801//3801 3312//3312
f 3095//3095 3103//3103 3801//3801
f 3312//3312 3801//3801 3103//3103
f 1749//1749 3803//3803 3804//3804
f 3805//3805 3806//3806 3803//3803
f 1046//1046 3804//3804 3806//3806
f 3803//3803 3806//3806 3804//3804
f 864//864 1053//1053 3807//3807
f 1046//1046 3806//3806 1053//1053
f 3805//3805 3807//3807 3806//3806
f 1053//1053 3806//3806 3807//3807
f 1607//1607 3808//3808 1756//1756
f 3805//3805 3803//3803 3808//3808
f 1749//1749 1756//1756 3803//3803
f 3808//3808 3803//3803 1756//1756
f 813//813 1755//1755 1054//1054
f 1749//1749 3804//3804 1755//1755
f 1046//1046 1054//1054 3804//3804
f 1755//1755 3804//3804 1054//1054
f 858//858 3809//3809 3810//3810
f 3805//3805 3811//3811 3809//3809
f 1601//1601 3810//3810 3811//3811
f 3809//3809 3811//3811 3810//3810
f 1607//1607 1609//1609 3808//3808
f 1601//1601 3811//3811 1609//1609
f 3805//3805 3808//3808 3811//3811
f 1609//1609 3811//3811 3808//3808
f 864//864 3807//3807 865//865
f 3805//3805 3809//3809 3807//3807
f 858//858 865//865 3809//3809
f 3807//3807 3809//3809 865//865
f 861//861 863//863 1602//1602
f 858//858 3810//3810 863//863
f 1601//1601 1602//1602 3810//3810
f 863//863 3810//3810 1602//1602
f 896//896 3812//3812 3813//3813
f 725//725 3814//3814 3812//3812
f 1019//1019 3813//3813 3814//3814
f 3812//3812 3814//3814 3813//3813
f 728//728 1023//1023 729//729
f 1019//1019 3814//3814 1023//1023
f 725//725 729//729 3814//3814
f 1023//1023 3814//3814 729//729
f 577//577 727//727 902//902
f 725//725 3812//3812 727//727
f 896//896 902//902 3812//3812
f 727//727 3812//3812 902//902
f 899//899 901//901 1020//1020
f 896//896 3813//3813 901//901
f 1019//1019 1020//1020 3813//3813
f 901//901 3813//3813 1020//1020
f 3815//3815 3816//3816 3817//3817
f 1113//1113 3818//3818 3816//3816
f 1878//1878 3817//3817 3818//3818
f 3816//3816 3818//3818 3817//3817
f 1114//1114 1880//1880 1115//1115
f 1878//1878 3818//3818 1880//1880
f 1113//1113 1115//1115 3818//3818
f 1880//1880 3818//3818 1115//1115
f 1119//1119 1121//1121 3819//3819
f 1113//1113 3816//3816 1121//1121
f 3815//3815 3819//3819 3816//3816
f 1121//1121 3816//3816 3819//3819
f 1856//1856 3820//3820 1881//1881
f 3815//3815 3817//3817 3820//3820
f 1878//1878 1881//1881 3817//3817
f 3820//3820 3817//3817 1881//1881
f 2472//2472 3821//3821 3822//3822
f 3541//3541 3823//3823 3821//3821
f 2153//2153 3822//3822 3823//3823
f 3821//3821 3823//3823 3822//3822
f 1224//1224 2162//2162 3544//3544
f 2153//2153 3823//3823 2162//2162
f 3541//3541 3544//3544 3823//3823
f 2162//2162 3823//3823 3544//3544
f 2292//2292 3543//3543 2483//2483
f 3541//3541 3821//3821 3543//3543
f 2472//2472 2483//2483 3821//3821
f 3543//3543 3821//3821 2483//2483
f 2163//2163 2482//2482 2164//2164
f 2472//2472 3822//3822 2482//2482
f 2153//2153 2164//2164 3822//3822
f 2482//2482 3822//3822 2164//2164
f 2657//2657 3824//3824 3825//3825
f 2936//2936 3826//3826 3824//3824
f 2838//2838 3825//3825 3826//3826
f 3824//3824 3826//3826 3825//3825
f 2841//2841 2843//2843 2937//2937
f 2838//2838 3826//3826 2843//2843
f 2936//2936 2937//2937 3826//3826
f 2843//2843 3826//3826 2937//2937
f 2583//2583 2940//2940 2660//2660
f 2936//2936 3824//3824 2940//2940
f 2657//2657 2660//2660 3824//3824
f 2940//2940 3824//3824 2660//2660
f 2344//2344 2659//2659 2844//2844
f 2657//2657 3825//3825 2659//2659
f 2838//2838 2844//2844 3825//3825
f 2659//2659 3825//3825 2844//2844
f 111//111 3827//3827 3828//3828
f 219//219 3829//3829 3827//3827
f 3424//3424 3828//3828 3829//3829
f 3827//3827 3829//3829 3828//3828
f 226//226 3426//3426 227//227
f 3424//3424 3829//3829 3426//3426
f 219//219 227//227 3829//3829
f 3426//3426 3829//3829 227//227
f 37//37 225//225 112//112
f 219//219 3827//3827 225//225
f 111//111 112//112 3827//3827
f 225//225 3827//3827 112//112
f 114//114 116//116 3427//3427
f 111//111 3828//3828 116//116
f 3424//3424 3427//3427 3828//3828
f 116//116 3828//3828 3427//3427
f 2392//2392 3830//3830 3831//3831
f 3650//3650 3832//3832 3830//3830
f 3450//3450 3831//3831 3832//3832
f 3830//3830 3832//3832 3831//3831
f 2364//2364 3452//3452 3651//3651
f 3450//3450 3832//3832 3452//3452
f 3650//3650 3651//3651 3832//3832
f 3452//3452 3832//3832 3651//3651
f 2289//2289 3652//3652 2393//2393
f 3650//3650 3830//3830 3652//3652
f 2392//2392 2393//2393 3830//3830
f 3652//3652 3830//3830 2393//2393
f 1713//1713 2394//2394 3453//3453
f 2392//2392 3831//3831 2394//2394
f 3450//3450 3453//3453 3831//3831
f 2394//2394 3831//3831 3453//3453
f 1139//1139 3833//3833 3834//3834
f 438//438 3835//3835 3833//3833
f 1068//1068 3834//3834 3835//3835
f 3833//3833 3835//3835 3834//3834
f 441//441 1074//1074 442//442
f 1068//1068 3835//3835 1074//1074
f 438//438 442//442 3835//3835
f 1074//1074 3835//3835 442//442
f 431//431 440//440 1140//1140
f 438//438 3833//3833 440//440
f 1139//1139 1140//1140 3833//3833
f 440//440 3833//3833 1140//1140
f 1075//1075 1143//1143 1076//1076
f 1139//1139 3834//3834 1143//1143
f 1068//1068 1076//1076 3834//3834
f 1143//1143 3834//3834 1076//1076
f 3462//3462 3836//3836 3837//3837
f 1295//1295 3838//3838 3836//3836
f 3839//3839 3837//3837 3838//3838
f 3836//3836 3838//3838 3837//3837
f 932//932 3840//3840 1307//1307
f 3839//3839 3838//3838 3840//3840
f 1295//1295 1307//1307 3838//3838
f 3840//3840 3838//3838 1307//1307
f 1304//1304 1306//1306 3465//3465
f 1295//1295 3836//3836 1306//1306
f 3462//3462 3465//3465 3836//3836
f 1306//1306 3836//3836 3465//3465
f 2230//2230 3464//3464 3841//3841
f 3462//3462 3837//3837 3464//3464
f 3839//3839 3841//3841 3837//3837
f 3464//3464 3837//3837 3841//3841
f 3569//3569 3842//3842 3843//3843
f 2921//2921 3844//3844 3842//3842
f 3076//3076 3843//3843 3844//3844
f 3842//3842 3844//3844 3843//3843
f 2927//2927 3080//3080 2928//2928
f 3076//3076 3844//3844 3080//3080
f 2921//2921 2928//2928 3844//3844
f 3080//3080 3844//3844 2928//2928
f 2924//2924 2926//2926 3576//3576
f 2921//2921 3842//3842 2926//2926
f 3569//3569 3576//3576 3842//3842
f 2926//2926 3842//3842 3576//3576
f 2858//2858 3575//3575 3081//3081
f 3569//3569 3843//3843 3575//3575
f 3076//3076 3081//3081 3843//3843
f 3575//3575 3843//3843 3081//3081
f 412//412 3845//3845 3846//3846
f 3643//3643 3847//3847 3845//3845
f 3776//3776 3846//3846 3847//3847
f 3845//3845 3847//3847 3846//3846
f 561//561 3780//3780 3646//3646
f 3776//3776 3847//3847 3780//3780
f 3643//3643 3646//3646 3847//3847
f 3780//3780 3847//3847 3646//3646
f 355//355 3645//3645 413//413
f 3643//3643 3845//3845 3645//3645
f 412//412 413//413 3845//3845
f 3645//3645 3845//3845 413//413
f 132//132 414//414 3781//3781
f 412//412 3846//3846 414//414
f 3776//3776 3781//3781 3846//3846
f 414//414 3846//3846 3781//3781
f 931//931 3848//3848 3849//3849
f 3403//3403 3850//3850 3848//3848
f 382//382 3849//3849 3850//3850
f 3848//3848 3850//3850 3849//3849
f 385//385 387//387 3406//3406
f 382//382 3850//3850 387//387
f 3403//3403 3406//3406 3850//3850
f 387//387 3850//3850 3406//3406
f 932//932 3405//3405 933//933
f 3403//3403 3848//3848 3405//3405
f 931//931 933//933 3848//3848
f 3405//3405 3848//3848 933//933
f 388//388 936//936 389//389
f 931//931 3849//3849 936//936
f 382//382 389//389 3849//3849
f 936//936 3849//3849 389//389
f 2712//2712 3851//3851 3852//3852
f 3301//3301 3853//3853 3851//3851
f 2756//2756 3852//3852 3853//3853
f 3851//3851 3853//3853 3852//3852
f 2759//2759 2761//2761 3302//3302
f 2756//2756 3853//3853 2761//2761
f 3301//3301 3302//3302 3853//3853
f 2761//2761 3853//3853 3302//3302
f 2713//2713 3305//3305 2714//2714
f 3301//3301 3851//3851 3305//3305
f 2712//2712 2714//2714 3851//3851
f 3305//3305 3851//3851 2714//2714
f 2506//2506 2720//2720 2757//2757
f 2712//2712 3852//3852 2720//2720
f 2756//2756 2757//2757 3852//3852
f 2720//2720 3852//3852 2757//2757
f 264//264 3854//3854 3855//3855
f 3767//3767 3856//3856 3854//3854
f 3857//3857 3855//3855 3856//3856
f 3854//3854 3856//3856 3855//3855
f 385//385 3858//3858 3768//3768
f 3857//3857 3856//3856 3858//3858
f 3767//3767 3768//3768 3856//3856
f 3858//3858 3856//3856 3768//3768
f 236//236 3769//3769 273//273
f 3767//3767 3854//3854 3769//3769
f 264//264 273//273 3854//3854
f 3769//3769 3854//3854 273//273
f 270//270 272//272 3859//3859
f 264//264 3855//3855 272//272
f 3857//3857 3859//3859 3855//3855
f 272//272 3855//3855 3859//3859
f 1097//1097 3860//3860 3861//3861
f 1712//1712 3862//3862 3860//3860
f 1817//1817 3861//3861 3862//3862
f 3860//3860 3862//3862 3861//3861
f 1713//1713 1821//1821 1714//1714
f 1817//1817 3862//3862 1821//1821
f 1712//1712 1714//1714 3862//3862
f 1821//1821 3862//3862 1714//1714
f 1103//1103 1719//1719 1104//1104
f 1712//1712 3860//3860 1719//1719
f 1097//1097 1104//1104 3860//3860
f 1719//1719 3860//3860 1104//1104
f 1100//1100 1102//1102 1822//1822
f 1097//1097 3861//3861 1102//1102
f 1817//1817 1822//1822 3861//3861
f 1102//1102 3861//3861 1822//1822
f 3430//3430 3863//3863 3864//3864
f 3865//3865 3866//3866 3863//3863
f 3713//3713 3864//3864 3866//3866
f 3863//3863 3866//3866 3864//3864
f 2421//2421 3715//3715 3867//3867
f 3713//3713 3866//3866 3715//3715
f 3865//3865 3867//3867 3866//3866
f 3715//3715 3866//3866 3867//3867
f 1431//1431 3868//3868 3438//3438
f 3865//3865 3863//3863 3868//3868
f 3430//3430 3438//3438 3863//3863
f 3868//3868 3863//3863 3438//3438
f 2031//2031 3437//3437 3714//3714
f 3430//3430 3864//3864 3437//3437
f 3713//3713 3714//3714 3864//3864
f 3437//3437 3864//3864 3714//3714
f 3400//3400 3869//3869 3870//3870
f 2272//2272 3871//3871 3869//3869
f 3608//3608 3870//3870 3871//3871
f 3869//3869 3871//3871 3870//3870
f 612//612 3614//3614 2277//2277
f 3608//3608 3871//3871 3614//3614
f 2272//2272 2277//2277 3871//3871
f 3614//3614 3871//3871 2277//2277
f 1301//1301 2276//2276 3408//3408
f 2272//2272 3869//3869 2276//2276
f 3400//3400 3408//3408 3869//3869
f 2276//2276 3869//3869 3408//3408
f 385//385 3407//3407 3615//3615
f 3400//3400 3870//3870 3407//3407
f 3608//3608 3615//3615 3870//3870
f 3407//3407 3870//3870 3615//3615
f 3671//3671 3872//3872 3873//3873
f 3874//3874 3875//3875 3872//3872
f 977//977 3873//3873 3875//3875
f 3872//3872 3875//3875 3873//3873
f 523//523 979//979 3876//3876
f 977//977 3875//3875 979//979
f 3874//3874 3876//3876 3875//3875
f 979//979 3875//3875 3876//3876
f 314//314 3877//3877 3678//3678
f 3874//3874 3872//3872 3877//3877
f 3671//3671 3678//3678 3872//3872
f 3877//3877 3872//3872 3678//3678
f 697//697 3677//3677 980//980
f 3671//3671 3873//3873 3677//3677
f 977//977 980//980 3873//3873
f 3677//3677 3873//3873 980//980
f 309//309 3878//3878 3879//3879
f 3880//3880 3881//3881 3878//3878
f 3874//3874 3879//3879 3881//3881
f 3878//3878 3881//3881 3879//3879
f 523//523 3876//3876 3882//3882
f 3874//3874 3881//3881 3876//3876
f 3880//3880 3882//3882 3881//3881
f 3876//3876 3881//3881 3882//3882
f 165//165 3883//3883 310//310
f 3880//3880 3878//3878 3883//3883
f 309//309 310//310 3878//3878
f 3883//3883 3878//3878 310//310
f 314//314 316//316 3877//3877
f 309//309 3879//3879 316//316
f 3874//3874 3877//3877 3879//3879
f 316//316 3879//3879 3877//3877
f 3310//3310 3884//3884 3885//3885
f 3195//3195 3886//3886 3884//3884
f 3369//3369 3885//3885 3886//3886
f 3884//3884 3886//3886 3885//3885
f 2793//2793 3373//3373 3202//3202
f 3369//3369 3886//3886 3373//3373
f 3195//3195 3202//3202 3886//3886
f 3373//3373 3886//3886 3202//3202
f 3142//3142 3201//3201 3311//3311
f 3195//3195 3884//3884 3201//3201
f 3310//3310 3311//3311 3884//3884
f 3201//3201 3884//3884 3311//3311
f 3313//3313 3315//3315 3374//3374
f 3310//3310 3885//3885 3315//3315
f 3369//3369 3374//3374 3885//3885
f 3315//3315 3885//3885 3374//3374
f 3027//3027 3887//3887 3888//3888
f 3055//3055 3889//3889 3887//3887
f 2951//2951 3888//3888 3889//3889
f 3887//3887 3889//3889 3888//3888
f 2947//2947 2957//2957 3063//3063
f 2951//2951 3889//3889 2957//2957
f 3055//3055 3063//3063 3889//3889
f 2957//2957 3889//3889 3063//3063
f 3028//3028 3062//3062 3029//3029
f 3055//3055 3887//3887 3062//3062
f 3027//3027 3029//3029 3887//3887
f 3062//3062 3887//3887 3029//3029
f 2538//2538 3032//3032 2958//2958
f 3027//3027 3888//3888 3032//3032
f 2951//2951 2958//2958 3888//3888
f 3032//3032 3888//3888 2958//2958
f 3499//3499 3890//3890 3891//3891
f 6//6 3892//3892 3890//3890
f 151//151 3891//3891 3892//3892
f 3890//3890 3892//3892 3891//3891
f 7//7 156//156 8//8
f 151//151 3892//3892 156//156
f 6//6 8//8 3892//3892
f 156//156 3892//3892 8//8
f 13//13 15//15 3500//3500
f 6//6 3890//3890 15//15
f 3499//3499 3500//3500 3890//3890
f 15//15 3890//3890 3500//3500
f 152//152 3501//3501 153//153
f 3499//3499 3891//3891 3501//3501
f 151//151 153//153 3891//3891
f 3501//3501 3891//3891 153//153
f 1476//1476 3893//3893 3894//3894
f 2038//2038 3895//3895 3893//3893
f 2050//2050 3894//3894 3895//3895
f 3893//3893 3895//3895 3894//3894
f 2041//2041 2057//2057 2042//2042
f 2050//2050 3895//3895 2057//2057
f 2038//2038 2042//2042 3895//3895
f 2057//2057 3895//3895 2042//2042
f 1460//1460 2040//2040 1482//1482
f 2038//2038 3893//3893 2040//2040
f 1476//1476 1482//1482 3893//3893
f 2040//2040 3893//3893 1482//1482
f 1479//1479 1481//1481 2051//2051
f 1476//1476 3894//3894 1481//1481
f 2050//2050 2051//2051 3894//3894
f 1481//1481 3894//3894 2051//2051
f 2223//2223 3896//3896 3897//3897
f 3839//3839 3898//3898 3896//3896
f 1235//1235 3897//3897 3898//3898
f 3896//3896 3898//3898 3897//3897
f 932//932 1237//1237 3840//3840
f 1235//1235 3898//3898 1237//1237
f 3839//3839 3840//3840 3898//3898
f 1237//1237 3898//3898 3840//3840
f 2230//2230 3841//3841 2231//2231
f 3839//3839 3896//3896 3841//3841
f 2223//2223 2231//2231 3896//3896
f 3841//3841 3896//3896 2231//2231
f 1238//1238 2229//2229 1239//1239
f 2223//2223 3897//3897 2229//2229
f 1235//1235 1239//1239 3897//3897
f 2229//2229 3897//3897 1239//1239
f 3573//3573 3899//3899 3900//3900
f 3601//3601 3901//3901 3899//3899
f 3722//3722 3900//3900 3901//3901
f 3899//3899 3901//3901 3900//3900
f 1662//1662 3726//3726 3606//3606
f 3722//3722 3901//3901 3726//3726
f 3601//3601 3606//3606 3901//3901
f 3726//3726 3901//3901 3606//3606
f 3390//3390 3605//3605 3574//3574
f 3601//3601 3899//3899 3605//3605
f 3573//3573 3574//3574 3899//3899
f 3605//3605 3899//3899 3574//3574
f 2924//2924 3577//3577 3727//3727
f 3573//3573 3900//3900 3577//3577
f 3722//3722 3727//3727 3900//3900
f 3577//3577 3900//3900 3727//3727
f 511//511 3902//3902 3903//3903
f 3904//3904 3905//3905 3902//3902
f 3421//3421 3903//3903 3905//3905
f 3902//3902 3905//3905 3903//3903
f 114//114 3428//3428 3906//3906
f 3421//3421 3905//3905 3428//3428
f 3904//3904 3906//3906 3905//3905
f 3428//3428 3905//3905 3906//3906
f 512//512 3907//3907 513//513
f 3904//3904 3902//3902 3907//3907
f 511//511 513//513 3902//3902
f 3907//3907 3902//3902 513//513
f 288//288 516//516 3429//3429
f 511//511 3903//3903 516//516
f 3421//3421 3429//3429 3903//3903
f 516//516 3903//3903 3429//3429
f 3908//3908 3909//3909 3910//3910
f 3904//3904 3911//3911 3909//3909
f 569//569 3910//3910 3911//3911
f 3909//3909 3911//3911 3910//3910
f 512//512 573//573 3907//3907
f 569//569 3911//3911 573//573
f 3904//3904 3907//3907 3911//3911
f 573//573 3911//3911 3907//3907
f 114//114 3906//3906 3912//3912
f 3904//3904 3909//3909 3906//3906
f 3908//3908 3912//3912 3909//3909
f 3906//3906 3909//3909 3912//3912
f 574//574 3913//3913 575//575
f 3908//3908 3910//3910 3913//3913
f 569//569 575//575 3910//3910
f 3913//3913 3910//3910 575//575
f 3675//3675 3914//3914 3915//3915
f 3916//3916 3917//3917 3914//3914
f 333//333 3915//3915 3917//3917
f 3914//3914 3917//3917 3915//3915
f 339//339 341//341 3918//3918
f 333//333 3917//3917 341//341
f 3916//3916 3918//3918 3917//3917
f 341//341 3917//3917 3918//3918
f 670//670 3919//3919 3676//3676
f 3916//3916 3914//3914 3919//3919
f 3675//3675 3676//3676 3914//3914
f 3919//3919 3914//3914 3676//3676
f 314//314 3679//3679 342//342
f 3675//3675 3915//3915 3679//3679
f 333//333 342//342 3915//3915
f 3679//3679 3915//3915 342//342
f 481//481 3920//3920 3921//3921
f 1410//1410 3922//3922 3920//3920
f 810//810 3921//3921 3922//3922
f 3920//3920 3922//3922 3921//3921
f 813//813 815//815 1415//1415
f 810//810 3922//3922 815//815
f 1410//1410 1415//1415 3922//3922
f 815//815 3922//3922 1415//1415
f 492//492 1414//1414 493//493
f 1410//1410 3920//3920 1414//1414
f 481//481 493//493 3920//3920
f 1414//1414 3920//3920 493//493
f 489//489 491//491 811//811
f 481//481 3921//3921 491//491
f 810//810 811//811 3921//3921
f 491//491 3921//3921 811//811
f 3923//3923 3924//3924 3925//3925
f 3926//3926 3927//3927 3924//3924
f 1436//1436 3925//3925 3927//3927
f 3924//3924 3927//3927 3925//3925
f 1439//1439 1441//1441 3928//3928
f 1436//1436 3927//3927 1441//1441
f 3926//3926 3928//3928 3927//3927
f 1441//1441 3927//3927 3928//3928
f 1428//1428 3929//3929 3930//3930
f 3926//3926 3924//3924 3929//3929
f 3923//3923 3930//3930 3924//3924
f 3929//3929 3924//3924 3930//3930
f 955//955 3931//3931 1442//1442
f 3923//3923 3925//3925 3931//3931
f 1436//1436 1442//1442 3925//3925
f 3931//3931 3925//3925 1442//1442
f 2025//2025 3932//3932 3933//3933
f 3926//3926 3934//3934 3932//3932
f 3433//3433 3933//3933 3934//3934
f 3932//3932 3934//3934 3933//3933
f 1428//1428 3435//3435 3929//3929
f 3433//3433 3934//3934 3435//3435
f 3926//3926 3929//3929 3934//3934
f 3435//3435 3934//3934 3929//3929
f 1439//1439 3928//3928 2034//2034
f 3926//3926 3932//3932 3928//3928
f 2025//2025 2034//2034 3932//3932
f 3928//3928 3932//3932 2034//2034
f 2031//2031 2033//2033 3436//3436
f 2025//2025 3933//3933 2033//2033
f 3433//3433 3436//3436 3933//3933
f 2033//2033 3933//3933 3436//3436
f 1563//1563 3935//3935 3936//3936
f 3937//3937 3938//3938 3935//3935
f 3939//3939 3936//3936 3938//3938
f 3935//3935 3938//3938 3936//3936
f 626//626 3940//3940 3941//3941
f 3939//3939 3938//3938 3940//3940
f 3937//3937 3941//3941 3938//3938
f 3940//3940 3938//3938 3941//3941
f 1574//1574 3942//3942 1575//1575
f 3937//3937 3935//3935 3942//3942
f 1563//1563 1575//1575 3935//3935
f 3942//3942 3935//3935 1575//1575
f 1320//1320 1573//1573 3943//3943
f 1563//1563 3936//3936 1573//1573
f 3939//3939 3943//3943 3936//3936
f 1573//1573 3936//3936 3943//3943
f 790//790 3944//3944 3945//3945
f 3937//3937 3946//3946 3944//3944
f 3947//3947 3945//3945 3946//3946
f 3944//3944 3946//3946 3945//3945
f 1574//1574 3948//3948 3942//3942
f 3947//3947 3946//3946 3948//3948
f 3937//3937 3942//3942 3946//3946
f 3948//3948 3946//3946 3942//3942
f 626//626 3941//3941 795//795
f 3937//3937 3944//3944 3941//3941
f 790//790 795//795 3944//3944
f 3941//3941 3944//3944 795//795
f 705//705 794//794 3949//3949
f 790//790 3945//3945 794//794
f 3947//3947 3949//3949 3945//3945
f 794//794 3945//3945 3949//3949
f 2762//2762 3950//3950 3951//3951
f 2587//2587 3952//3952 3950//3950
f 2955//2955 3951//3951 3952//3952
f 3950//3950 3952//3952 3951//3951
f 2538//2538 2959//2959 2595//2595
f 2955//2955 3952//3952 2959//2959
f 2587//2587 2595//2595 3952//3952
f 2959//2959 3952//3952 2595//2595
f 2524//2524 2594//2594 2771//2771
f 2587//2587 3950//3950 2594//2594
f 2762//2762 2771//2771 3950//3950
f 2594//2594 3950//3950 2771//2771
f 2768//2768 2770//2770 2956//2956
f 2762//2762 3951//3951 2770//2770
f 2955//2955 2956//2956 3951//3951
f 2770//2770 3951//3951 2956//2956
f 3953//3953 3954//3954 3955//3955
f 3956//3956 3957//3957 3954//3954
f 2315//2315 3955//3955 3957//3957
f 3954//3954 3957//3957 3955//3955
f 2321//2321 2323//2323 3958//3958
f 2315//2315 3957//3957 2323//2323
f 3956//3956 3958//3958 3957//3957
f 2323//2323 3957//3957 3958//3958
f 1770//1770 3959//3959 3960//3960
f 3956//3956 3954//3954 3959//3959
f 3953//3953 3960//3960 3954//3954
f 3959//3959 3954//3954 3960//3960
f 2021//2021 3961//3961 2316//2316
f 3953//3953 3955//3955 3961//3961
f 2315//2315 2316//2316 3955//3955
f 3961//3961 3955//3955 2316//2316
f 2467//2467 3962//3962 3963//3963
f 3956//3956 3964//3964 3962//3962
f 1764//1764 3963//3963 3964//3964
f 3962//3962 3964//3964 3963//3963
f 1770//1770 1772//1772 3959//3959
f 1764//1764 3964//3964 1772//1772
f 3956//3956 3959//3959 3964//3964
f 1772//1772 3964//3964 3959//3959
f 2321//2321 3958//3958 2468//2468
f 3956//3956 3962//3962 3958//3958
f 2467//2467 2468//2468 3962//3962
f 3958//3958 3962//3962 2468//2468
f 875//875 2471//2471 1773//1773
f 2467//2467 3963//3963 2471//2471
f 1764//1764 1773//1773 3963//3963
f 2471//2471 3963//3963 1773//1773
f 2913//2913 3965//3965 3966//3966
f 2752//2752 3967//3967 3965//3965
f 3968//3968 3966//3966 3967//3967
f 3965//3965 3967//3967 3966//3966
f 2759//2759 3969//3969 2760//2760
f 3968//3968 3967//3967 3969//3969
f 2752//2752 2760//2760 3967//3967
f 3969//3969 3967//3967 2760//2760
f 2704//2704 2758//2758 2914//2914
f 2752//2752 3965//3965 2758//2758
f 2913//2913 2914//2914 3965//3965
f 2758//2758 3965//3965 2914//2914
f 2640//2640 2917//2917 3970//3970
f 2913//2913 3966//3966 2917//2917
f 3968//3968 3970//3970 3966//3966
f 2917//2917 3966//3966 3970//3970
f 1262//1262 3971//3971 3972//3972
f 1784//1784 3973//3973 3971//3971
f 1163//1163 3972//3972 3973//3973
f 3971//3971 3973//3973 3972//3972
f 1171//1171 1173//1173 1789//1789
f 1163//1163 3973//3973 1173//1173
f 1784//1784 1789//1789 3973//3973
f 1173//1173 3973//3973 1789//1789
f 1272//1272 1788//1788 1273//1273
f 1784//1784 3971//3971 1788//1788
f 1262//1262 1273//1273 3971//3971
f 1788//1788 3971//3971 1273//1273
f 1174//1174 1271//1271 1175//1175
f 1262//1262 3972//3972 1271//1271
f 1163//1163 1175//1175 3972//3972
f 1271//1271 3972//3972 1175//1175
f 3974//3974 3975//3975 3976//3976
f 937//937 3977//3977 3975//3975
f 1423//1423 3976//3976 3977//3977
f 3975//3975 3977//3977 3976//3976
f 944//944 1427//1427 945//945
f 1423//1423 3977//3977 1427//1427
f 937//937 945//945 3977//3977
f 1427//1427 3977//3977 945//945
f 591//591 943//943 3978//3978
f 937//937 3975//3975 943//943
f 3974//3974 3978//3978 3975//3975
f 943//943 3975//3975 3978//3978
f 1428//1428 3979//3979 1429//1429
f 3974//3974 3976//3976 3979//3979
f 1423//1423 1429//1429 3976//3976
f 3979//3979 3976//3976 1429//1429
f 160//160 3980//3980 3981//3981
f 307//307 3982//3982 3980//3980
f 70//70 3981//3981 3982//3982
f 3980//3980 3982//3982 3981//3981
f 76//76 78//78 312//312
f 70//70 3982//3982 78//78
f 307//307 312//312 3982//3982
f 78//78 3982//3982 312//312
f 165//165 311//311 166//166
f 307//307 3980//3980 311//311
f 160//160 166//166 3980//3980
f 311//311 3980//3980 166//166
f 32//32 164//164 79//79
f 160//160 3981//3981 164//164
f 70//70 79//79 3981//3981
f 164//164 3981//3981 79//79
f 1675//1675 3983//3983 3984//3984
f 3445//3445 3985//3985 3983//3983
f 2269//2269 3984//3984 3985//3985
f 3983//3983 3985//3985 3984//3984
f 612//612 2278//2278 3446//3446
f 2269//2269 3985//3985 2278//2278
f 3445//3445 3446//3446 3985//3985
f 2278//2278 3985//3985 3446//3446
f 1291//1291 3447//3447 1676//1676
f 3445//3445 3983//3983 3447//3447
f 1675//1675 1676//1676 3983//3983
f 3447//3447 3983//3983 1676//1676
f 1678//1678 1680//1680 2279//2279
f 1675//1675 3984//3984 1680//1680
f 2269//2269 2279//2279 3984//3984
f 1680//1680 3984//3984 2279//2279
f 3968//3968 3986//3986 3987//3987
f 3988//3988 3989//3989 3986//3986
f 2639//2639 3987//3987 3989//3989
f 3986//3986 3989//3989 3987//3987
f 2568//2568 2644//2644 3990//3990
f 2639//2639 3989//3989 2644//2644
f 3988//3988 3990//3990 3989//3989
f 2644//2644 3989//3989 3990//3990
f 2759//2759 3991//3991 3969//3969
f 3988//3988 3986//3986 3991//3991
f 3968//3968 3969//3969 3986//3986
f 3991//3991 3986//3986 3969//3969
f 2640//2640 3970//3970 2641//2641
f 3968//3968 3987//3987 3970//3970
f 2639//2639 2641//2641 3987//3987
f 3970//3970 3987//3987 2641//2641
f 2645//2645 3992//3992 3993//3993
f 3988//3988 3994//3994 3992//3992
f 3278//3278 3993//3993 3994//3994
f 3992//3992 3994//3994 3993//3993
f 2759//2759 3288//3288 3991//3991
f 3278//3278 3994//3994 3288//3288
f 3988//3988 3991//3991 3994//3994
f 3288//3288 3994//3994 3991//3991
f 2568//2568 3990//3990 2654//2654
f 3988//3988 3992//3992 3990//3990
f 2645//2645 2654//2654 3992//3992
f 3990//3990 3992//3992 2654//2654
f 2651//2651 2653//2653 3289//3289
f 2645//2645 3993//3993 2653//2653
f 3278//3278 3289//3289 3993//3993
f 2653//2653 3993//3993 3289//3289
f 1969//1969 3995//3995 3996//3996
f 3947//3947 3997//3997 3995//3995
f 1827//1827 3996//3996 3997//3997
f 3995//3995 3997//3997 3996//3996
f 1574//1574 1829//1829 3948//3948
f 1827//1827 3997//3997 1829//1829
f 3947//3947 3948//3948 3997//3997
f 1829//1829 3997//3997 3948//3948
f 705//705 3949//3949 1970//1970
f 3947//3947 3995//3995 3949//3949
f 1969//1969 1970//1970 3995//3995
f 3949//3949 3995//3995 1970//1970
f 1582//1582 1971//1971 1830//1830
f 1969//1969 3996//3996 1971//1971
f 1827//1827 1830//1830 3996//3996
f 1971//1971 3996//3996 1830//1830
f 2194//2194 3998//3998 3999//3999
f 2485//2485 4000//4000 3998//3998
f 3865//3865 3999//3999 4000//4000
f 3998//3998 4000//4000 3999//3999
f 2421//2421 3867//3867 2496//2496
f 3865//3865 4000//4000 3867//3867
f 2485//2485 2496//2496 4000//4000
f 3867//3867 4000//4000 2496//2496
f 2204//2204 2495//2495 2205//2205
f 2485//2485 3998//3998 2495//2495
f 2194//2194 2205//2205 3998//3998
f 2495//2495 3998//3998 2205//2205
f 1431//1431 2203//2203 3868//3868
f 2194//2194 3999//3999 2203//2203
f 3865//3865 3868//3868 3999//3999
f 2203//2203 3999//3999 3868//3868
f 974//974 4001//4001 4002//4002
f 1343//1343 4003//4003 4001//4001
f 1810//1810 4002//4002 4003//4003
f 4001//4001 4003//4003 4002//4002
f 1344//1344 1814//1814 1345//1345
f 1810//1810 4003//4003 1814//1814
f 1343//1343 1345//1345 4003//4003
f 1814//1814 4003//4003 1345//1345
f 966//966 1348//1348 982//982
f 1343//1343 4001//4001 1348//1348
f 974//974 982//982 4001//4001
f 1348//1348 4001//4001 982//982
f 697//697 981//981 1811//1811
f 974//974 4002//4002 981//981
f 1810//1810 1811//1811 4002//4002
f 981//981 4002//4002 1811//1811
f 3612//3612 4004//4004 4005//4005
f 4006//4006 4007//4007 4004//4004
f 3857//3857 4005//4005 4007//4007
f 4004//4004 4007//4007 4005//4005
f 270//270 3859//3859 4008//4008
f 3857//3857 4007//4007 3859//3859
f 4006//4006 4008//4008 4007//4007
f 3859//3859 4007//4007 4008//4008
f 468//468 4009//4009 3613//3613
f 4006//4006 4004//4004 4009//4009
f 3612//3612 3613//3613 4004//4004
f 4009//4009 4004//4004 3613//3613
f 385//385 3616//3616 3858//3858
f 3612//3612 4005//4005 3616//3616
f 3857//3857 3858//3858 4005//4005
f 3616//3616 4005//4005 3858//3858
f 371//371 4010//4010 4011//4011
f 4006//4006 4012//4012 4010//4010
f 465//465 4011//4011 4012//4012
f 4010//4010 4012//4012 4011//4011
f 468//468 470//470 4009//4009
f 465//465 4012//4012 470//470
f 4006//4006 4009//4009 4012//4012
f 470//470 4012//4012 4009//4009
f 270//270 4008//4008 377//377
f 4006//4006 4010//4010 4008//4008
f 371//371 377//377 4010//4010
f 4008//4008 4010//4010 377//377
f 374//374 376//376 466//466
f 371//371 4011//4011 376//376
f 465//465 466//466 4011//4011
f 376//376 4011//4011 466//466
f 1566//1566 4013//4013 4014//4014
f 1314//1314 4015//4015 4013//4013
f 1936//1936 4014//4014 4015//4015
f 4013//4013 4015//4015 4014//4014
f 1315//1315 1940//1940 1316//1316
f 1936//1936 4015//4015 1940//1940
f 1314//1314 1316//1316 4015//4015
f 1940//1940 4015//4015 1316//1316
f 1320//1320 1322//1322 1572//1572
f 1314//1314 4013//4013 1322//1322
f 1566//1566 1572//1572 4013//4013
f 1322//1322 4013//4013 1572//1572
f 1569//1569 1571//1571 1937//1937
f 1566//1566 4014//4014 1571//1571
f 1936//1936 1937//1937 4014//4014
f 1571//1571 4014//4014 1937//1937
f 3785//3785 4016//4016 4017//4017
f 4018//4018 4019//4019 4016//4016
f 1976//1976 4017//4017 4019//4019
f 4016//4016 4019//4019 4017//4017
f 1839//1839 1980//1980 4020//4020
f 1976//1976 4019//4019 1980//1980
f 4018//4018 4020//4020 4019//4019
f 1980//1980 4019//4019 4020//4020
f 1199//1199 4021//4021 3788//3788
f 4018//4018 4016//4016 4021//4021
f 3785//3785 3788//3788 4016//4016
f 4021//4021 4016//4016 3788//3788
f 923//923 3787//3787 1977//1977
f 3785//3785 4017//4017 3787//3787
f 1976//1976 1977//1977 4017//4017
f 3787//3787 4017//4017 1977//1977
f 1838//1838 4022//4022 4023//4023
f 4018//4018 4024//4024 4022//4022
f 1190//1190 4023//4023 4024//4024
f 4022//4022 4024//4024 4023//4023
f 1199//1199 1201//1201 4021//4021
f 1190//1190 4024//4024 1201//1201
f 4018//4018 4021//4021 4024//4024
f 1201//1201 4024//4024 4021//4021
f 1839//1839 4020//4020 1840//1840
f 4018//4018 4022//4022 4020//4020
f 1838//1838 1840//1840 4022//4022
f 4020//4020 4022//4022 1840//1840
f 1202//1202 1846//1846 1203//1203
f 1838//1838 4023//4023 1846//1846
f 1190//1190 1203//1203 4023//4023
f 1846//1846 4023//4023 1203//1203
f 3923//3923 4025//4025 4026//4026
f 947//947 4027//4027 4025//4025
f 3974//3974 4026//4026 4027//4027
f 4025//4025 4027//4027 4026//4026
f 591//591 3978//3978 958//958
f 3974//3974 4027//4027 3978//3978
f 947//947 958//958 4027//4027
f 3978//3978 4027//4027 958//958
f 955//955 957//957 3931//3931
f 947//947 4025//4025 957//957
f 3923//3923 3931//3931 4025//4025
f 957//957 4025//4025 3931//3931
f 1428//1428 3930//3930 3979//3979
f 3923//3923 4026//4026 3930//3930
f 3974//3974 3979//3979 4026//4026
f 3930//3930 4026//4026 3979//3979
f 419//419 4028//4028 4029//4029
f 4030//4030 4031//4031 4028//4028
f 285//285 4029//4029 4031//4031
f 4028//4028 4031//4031 4029//4029
f 291//291 293//293 4032//4032
f 285//285 4031//4031 293//293
f 4030//4030 4032//4032 4031//4031
f 293//293 4031//4031 4032//4032
f 420//420 4033//4033 421//421
f 4030//4030 4028//4028 4033//4033
f 419//419 421//421 4028//4028
f 4033//4033 4028//4028 421//421
f 226//226 424//424 286//286
f 419//419 4029//4029 424//424
f 285//285 286//286 4029//4029
f 424//424 4029//4029 286//286
f 3562//3562 4034//4034 4035//4035
f 4030//4030 4036//4036 4034//4034
f 744//744 4035//4035 4036//4036
f 4034//4034 4036//4036 4035//4035
f 420//420 748//748 4033//4033
f 744//744 4036//4036 748//748
f 4030//4030 4033//4033 4036//4036
f 748//748 4036//4036 4033//4033
f 291//291 4032//4032 3565//3565
f 4030//4030 4034//4034 4032//4032
f 3562//3562 3565//3565 4034//4034
f 4032//4032 4034//4034 3565//3565
f 544//544 3564//3564 749//749
f 3562//3562 4035//4035 3564//3564
f 744//744 749//749 4035//4035
f 3564//3564 4035//4035 749//749
f 741//741 4037//4037 4038//4038
f 4039//4039 4040//4040 4037//4037
f 543//543 4038//4038 4040//4040
f 4037//4037 4040//4040 4038//4038
f 549//549 551//551 4041//4041
f 543//543 4040//4040 551//551
f 4039//4039 4041//4041 4040//4040
f 551//551 4040//4040 4041//4041
f 751//751 4042//4042 752//752
f 4039//4039 4037//4037 4042//4042
f 741//741 752//752 4037//4037
f 4042//4042 4037//4037 752//752
f 544//544 750//750 545//545
f 741//741 4038//4038 750//750
f 543//543 545//545 4038//4038
f 750//750 4038//4038 545//545
f 4043//4043 4044//4044 4045//4045
f 4039//4039 4046//4046 4044//4044
f 1108//1108 4045//4045 4046//4046
f 4044//4044 4046//4046 4045//4045
f 751//751 1118//1118 4042//4042
f 1108//1108 4046//4046 1118//1118
f 4039//4039 4042//4042 4046//4046
f 1118//1118 4046//4046 4042//4042
f 549//549 4041//4041 4047//4047
f 4039//4039 4044//4044 4041//4041
f 4043//4043 4047//4047 4044//4044
f 4041//4041 4044//4044 4047//4047
f 1119//1119 4048//4048 1120//1120
f 4043//4043 4045//4045 4048//4048
f 1108//1108 1120//1120 4045//4045
f 4048//4048 4045//4045 1120//1120
f 1365//1365 4049//4049 4050//4050
f 1279//1279 4051//4051 4049//4049
f 1488//1488 4050//4050 4051//4051
f 4049//4049 4051//4051 4050//4050
f 1158//1158 1492//1492 1280//1280
f 1488//1488 4051//4051 1492//1492
f 1279//1279 1280//1280 4051//4051
f 1492//1492 4051//4051 1280//1280
f 1282//1282 1284//1284 1371//1371
f 1279//1279 4049//4049 1284//1284
f 1365//1365 1371//1371 4049//4049
f 1284//1284 4049//4049 1371//1371
f 1368//1368 1370//1370 1489//1489
f 1365//1365 4050//4050 1370//1370
f 1488//1488 1489//1489 4050//4050
f 1370//1370 4050//4050 1489//1489
f 417//417 4052//4052 4053//4053
f 4054//4054 4055//4055 4052//4052
f 4056//4056 4053//4053 4055//4055
f 4052//4052 4055//4055 4053//4053
f 673//673 4057//4057 4058//4058
f 4056//4056 4055//4055 4057//4057
f 4054//4054 4058//4058 4055//4055
f 4057//4057 4055//4055 4058//4058
f 339//339 4059//4059 423//423
f 4054//4054 4052//4052 4059//4059
f 417//417 423//423 4052//4052
f 4059//4059 4052//4052 423//423
f 420//420 422//422 4060//4060
f 417//417 4053//4053 422//422
f 4056//4056 4060//4060 4053//4053
f 422//422 4053//4053 4060//4060
f 661//661 4061//4061 4062//4062
f 4054//4054 4063//4063 4061//4061
f 3916//3916 4062//4062 4063//4063
f 4061//4061 4063//4063 4062//4062
f 339//339 3918//3918 4059//4059
f 3916//3916 4063//4063 3918//3918
f 4054//4054 4059//4059 4063//4063
f 3918//3918 4063//4063 4059//4059
f 673//673 4058//4058 674//674
f 4054//4054 4061//4061 4058//4058
f 661//661 674//674 4061//4061
f 4058//4058 4061//4061 674//674
f 670//670 672//672 3919//3919
f 661//661 4062//4062 672//672
f 3916//3916 3919//3919 4062//4062
f 672//672 4062//4062 3919//3919
f 4064//4064 4065//4065 4066//4066
f 4067//4067 4068//4068 4065//4065
f 1195//1195 4066//4066 4068//4068
f 4065//4065 4068//4068 4066//4066
f 1202//1202 1204//1204 4069//4069
f 1195//1195 4068//4068 1204//1204
f 4067//4067 4069//4069 4068//4068
f 1204//1204 4068//4068 4069//4069
f 1119//1119 4070//4070 4071//4071
f 4067//4067 4065//4065 4070//4070
f 4064//4064 4071//4071 4065//4065
f 4070//4070 4065//4065 4071//4071
f 1196//1196 4072//4072 1197//1197
f 4064//4064 4066//4066 4072//4072
f 1195//1195 1197//1197 4066//4066
f 4072//4072 4066//4066 1197//1197
f 754//754 4073//4073 4074//4074
f 920//920 4075//4075 4073//4073
f 1589//1589 4074//4074 4075//4075
f 4073//4073 4075//4075 4074//4074
f 923//923 1593//1593 924//924
f 1589//1589 4075//4075 1593//1593
f 920//920 924//924 4075//4075
f 1593//1593 4075//4075 924//924
f 765//765 922//922 766//766
f 920//920 4073//4073 922//922
f 754//754 766//766 4073//4073
f 922//922 4073//4073 766//766
f 762//762 764//764 1594//1594
f 754//754 4074//4074 764//764
f 1589//1589 1594//1594 4074//4074
f 764//764 4074//4074 1594//1594
f 2876//2876 4076//4076 4077//4077
f 2443//2443 4078//4078 4076//4076
f 2453//2453 4077//4077 4078//4078
f 4076//4076 4078//4078 4077//4077
f 2250//2250 2459//2459 2452//2452
f 2453//2453 4078//4078 2459//2459
f 2443//2443 2452//2452 4078//4078
f 2459//2459 4078//4078 2452//2452
f 2449//2449 2451//2451 2883//2883
f 2443//2443 4076//4076 2451//2451
f 2876//2876 2883//2883 4076//4076
f 2451//2451 4076//4076 2883//2883
f 2460//2460 2882//2882 2461//2461
f 2876//2876 4077//4077 2882//2882
f 2453//2453 2461//2461 4077//4077
f 2882//2882 4077//4077 2461//2461
f 952//952 4079//4079 4080//4080
f 349//349 4081//4081 4079//4079
f 580//580 4080//4080 4081//4081
f 4079//4079 4081//4081 4080//4080
f 245//245 590//590 358//358
f 580//580 4081//4081 590//590
f 349//349 358//358 4081//4081
f 590//590 4081//4081 358//358
f 355//355 357//357 953//953
f 349//349 4079//4079 357//357
f 952//952 953//953 4079//4079
f 357//357 4079//4079 953//953
f 591//591 959//959 592//592
f 952//952 4080//4080 959//959
f 580//580 592//592 4080//4080
f 959//959 4080//4080 592//592
f 3908//3908 4082//4082 4083//4083
f 3794//3794 4084//4084 4082//4082
f 3686//3686 4083//4083 4084//4084
f 4082//4082 4084//4084 4083//4083
f 143//143 3688//3688 3799//3799
f 3686//3686 4084//4084 3688//3688
f 3794//3794 3799//3799 4084//4084
f 3688//3688 4084//4084 3799//3799
f 574//574 3798//3798 3913//3913
f 3794//3794 4082//4082 3798//3798
f 3908//3908 3913//3913 4082//4082
f 3798//3798 4082//4082 3913//3913
f 114//114 3912//3912 3687//3687
f 3908//3908 4083//4083 3912//3912
f 3686//3686 3687//3687 4083//4083
f 3912//3912 4083//4083 3687//3687
f 3581//3581 4085//4085 4086//4086
f 4087//4087 4088//4088 4085//4085
f 617//617 4086//4086 4088//4088
f 4085//4085 4088//4088 4086//4086
f 626//626 628//628 4089//4089
f 617//617 4088//4088 628//628
f 4087//4087 4089//4089 4088//4088
f 628//628 4088//4088 4089//4089
f 888//888 4090//4090 3584//3584
f 4087//4087 4085//4085 4090//4090
f 3581//3581 3584//3584 4085//4085
f 4090//4090 4085//4085 3584//3584
f 476//476 3583//3583 629//629
f 3581//3581 4086//4086 3583//3583
f 617//617 629//629 4086//4086
f 3583//3583 4086//4086 629//629
f 3939//3939 4091//4091 4092//4092
f 4087//4087 4093//4093 4091//4091
f 4094//4094 4092//4092 4093//4093
f 4091//4091 4093//4093 4092//4092
f 888//888 4095//4095 4090//4090
f 4094//4094 4093//4093 4095//4095
f 4087//4087 4090//4090 4093//4093
f 4095//4095 4093//4093 4090//4090
f 626//626 4089//4089 3940//3940
f 4087//4087 4091//4091 4089//4089
f 3939//3939 3940//3940 4091//4091
f 4089//4089 4091//4091 3940//3940
f 1320//1320 3943//3943 4096//4096
f 3939//3939 4092//4092 3943//3943
f 4094//4094 4096//4096 4092//4092
f 3943//3943 4092//4092 4096//4096
f 3417//3417 4097//4097 4098//4098
f 2237//2237 4099//4099 4097//4097
f 1836//1836 4098//4098 4099//4099
f 4097//4097 4099//4099 4098//4098
f 1839//1839 1841//1841 2238//2238
f 1836//1836 4099//4099 1841//1841
f 2237//2237 2238//2238 4099//4099
f 1841//1841 4099//4099 2238//2238
f 2240//2240 2242//2242 3420//3420
f 2237//2237 4097//4097 2242//2242
f 3417//3417 3420//3420 4097//4097
f 2242//2242 4097//4097 3420//3420
f 1842//1842 3419//3419 1843//1843
f 3417//3417 4098//4098 3419//3419
f 1836//1836 1843//1843 4098//4098
f 3419//3419 4098//4098 1843//1843
f 1193//1193 4100//4100 4101//4101
f 4102//4102 4103//4103 4100//4100
f 4104//4104 4101//4101 4103//4103
f 4100//4100 4103//4103 4101//4101
f 914//914 4105//4105 4106//4106
f 4104//4104 4103//4103 4105//4105
f 4102//4102 4106//4106 4103//4103
f 4105//4105 4103//4103 4106//4106
f 1199//1199 4107//4107 1200//1200
f 4102//4102 4100//4100 4107//4107
f 1193//1193 1200//1200 4100//4100
f 4107//4107 4100//4100 1200//1200
f 1196//1196 1198//1198 4108//4108
f 1193//1193 4101//4101 1198//1198
f 4104//4104 4108//4108 4101//4101
f 1198//1198 4101//4101 4108//4108
f 1030//1030 4109//4109 4110//4110
f 4102//4102 4111//4111 4109//4109
f 3782//3782 4110//4110 4111//4111
f 4109//4109 4111//4111 4110//4110
f 1199//1199 3789//3789 4107//4107
f 3782//3782 4111//4111 3789//3789
f 4102//4102 4107//4107 4111//4111
f 3789//3789 4111//4111 4107//4107
f 914//914 4106//4106 1039//1039
f 4102//4102 4109//4109 4106//4106
f 1030//1030 1039//1039 4109//4109
f 4106//4106 4109//4109 1039//1039
f 1036//1036 1038//1038 3790//3790
f 1030//1030 4110//4110 1038//1038
f 3782//3782 3790//3790 4110//4110
f 1038//1038 4110//4110 3790//3790
f 4094//4094 4112//4112 4113//4113
f 879//879 4114//4114 4112//4112
f 1309//1309 4113//4113 4114//4114
f 4112//4112 4114//4114 4113//4113
f 891//891 1319//1319 892//892
f 1309//1309 4114//4114 1319//1319
f 879//879 892//892 4114//4114
f 1319//1319 4114//4114 892//892
f 888//888 890//890 4095//4095
f 879//879 4112//4112 890//890
f 4094//4094 4095//4095 4112//4112
f 890//890 4112//4112 4095//4095
f 1320//1320 4096//4096 1321//1321
f 4094//4094 4113//4113 4096//4096
f 1309//1309 1321//1321 4113//4113
f 4096//4096 4113//4113 1321//1321
f 4043//4043 4115//4115 4116//4116
f 4117//4117 4118//4118 4115//4115
f 3490//3490 4116//4116 4118//4118
f 4115//4115 4118//4118 4116//4116
f 914//914 3494//3494 4119//4119
f 3490//3490 4118//4118 3494//3494
f 4117//4117 4119//4119 4118//4118
f 3494//3494 4118//4118 4119//4119
f 1119//1119 4120//4120 4048//4048
f 4117//4117 4115//4115 4120//4120
f 4043//4043 4048//4048 4115//4115
f 4120//4120 4115//4115 4048//4048
f 549//549 4047//4047 3495//3495
f 4043//4043 4116//4116 4047//4047
f 3490//3490 3495//3495 4116//4116
f 4047//4047 4116//4116 3495//3495
f 4104//4104 4121//4121 4122//4122
f 4117//4117 4123//4123 4121//4121
f 4064//4064 4122//4122 4123//4123
f 4121//4121 4123//4123 4122//4122
f 1119//1119 4071//4071 4120//4120
f 4064//4064 4123//4123 4071//4071
f 4117//4117 4120//4120 4123//4123
f 4071//4071 4123//4123 4120//4120
f 914//914 4119//4119 4105//4105
f 4117//4117 4121//4121 4119//4119
f 4104//4104 4105//4105 4121//4121
f 4119//4119 4121//4121 4105//4105
f 1196//1196 4108//4108 4072//4072
f 4104//4104 4122//4122 4108//4108
f 4064//4064 4072//4072 4122//4122
f 4108//4108 4122//4122 4072//4072
f 2414//2414 4124//4124 4125//4125
f 4126//4126 4127//4127 4124//4124
f 3731//3731 4125//4125 4127//4127
f 4124//4124 4127//4127 4125//4125
f 1063//1063 3735//3735 4128//4128
f 3731//3731 4127//4127 3735//3735
f 4126//4126 4128//4128 4127//4127
f 3735//3735 4127//4127 4128//4128
f 2329//2329 4129//4129 2419//2419
f 4126//4126 4124//4124 4129//4129
f 2414//2414 2419//2419 4124//4124
f 4129//4129 4124//4124 2419//2419
f 1449//1449 2418//2418 3736//3736
f 2414//2414 4125//4125 2418//2418
f 3731//3731 3736//3736 4125//4125
f 2418//2418 4125//4125 3736//3736
f 1327//1327 4130//4130 4131//4131
f 4126//4126 4132//4132 4130//4130
f 2326//2326 4131//4131 4132//4132
f 4130//4130 4132//4132 4131//4131
f 2329//2329 2331//2331 4129//4129
f 2326//2326 4132//4132 2331//2331
f 4126//4126 4129//4129 4132//4132
f 2331//2331 4132//4132 4129//4129
f 1063//1063 4128//4128 1328//1328
f 4126//4126 4130//4130 4128//4128
f 1327//1327 1328//1328 4130//4130
f 4128//4128 4130//4130 1328//1328
f 1330//1330 1332//1332 2332//2332
f 1327//1327 4131//4131 1332//1332
f 2326//2326 2332//2332 4131//4131
f 1332//1332 4131//4131 2332//2332
f 3880//3880 4133//4133 4134//4134
f 3548//3548 4135//4135 4133//4133
f 522//522 4134//4134 4135//4135
f 4133//4133 4135//4135 4134//4134
f 529//529 531//531 3555//3555
f 522//522 4135//4135 531//531
f 3548//3548 3555//3555 4135//4135
f 531//531 4135//4135 3555//3555
f 165//165 3554//3554 3883//3883
f 3548//3548 4133//4133 3554//3554
f 3880//3880 3883//3883 4133//4133
f 3554//3554 4133//4133 3883//3883
f 523//523 3882//3882 524//524
f 3880//3880 4134//4134 3882//3882
f 522//522 524//524 4134//4134
f 3882//3882 4134//4134 524//524
f 3815//3815 4136//4136 4137//4137
f 1847//1847 4138//4138 4136//4136
f 4067//4067 4137//4137 4138//4138
f 4136//4136 4138//4138 4137//4137
f 1202//1202 4069//4069 1859//1859
f 4067//4067 4138//4138 4069//4069
f 1847//1847 1859//1859 4138//4138
f 4069//4069 4138//4138 1859//1859
f 1856//1856 1858//1858 3820//3820
f 1847//1847 4136//4136 1858//1858
f 3815//3815 3820//3820 4136//4136
f 1858//1858 4136//4136 3820//3820
f 1119//1119 3819//3819 4070//4070
f 3815//3815 4137//4137 3819//3819
f 4067//4067 4070//4070 4137//4137
f 3819//3819 4137//4137 4070//4070
f 1725//1725 4139//4139 4140//4140
f 1205//1205 4141//4141 4139//4139
f 4142//4142 4140//4140 4141//4141
f 4139//4139 4141//4141 4140//4140
f 801//801 4143//4143 1216//1216
f 4142//4142 4141//4141 4143//4143
f 1205//1205 1216//1216 4141//4141
f 4143//4143 4141//4141 1216//1216
f 1213//1213 1215//1215 1726//1726
f 1205//1205 4139//4139 1215//1215
f 1725//1725 1726//1726 4139//4139
f 1215//1215 4139//4139 1726//1726
f 1401//1401 1732//1732 4144//4144
f 1725//1725 4140//4140 1732//1732
f 4142//4142 4144//4144 4140//4140
f 1732//1732 4140//4140 4144//4144
f 1221//1221 4145//4145 4146//4146
f 686//686 4147//4147 4145//4145
f 2156//2156 4146//4146 4147//4147
f 4145//4145 4147//4147 4146//4146
f 697//697 2160//2160 698//698
f 2156//2156 4147//4147 2160//2160
f 686//686 698//698 4147//4147
f 2160//2160 4147//4147 698//698
f 694//694 696//696 1227//1227
f 686//686 4145//4145 696//696
f 1221//1221 1227//1227 4145//4145
f 696//696 4145//4145 1227//1227
f 1224//1224 1226//1226 2161//2161
f 1221//1221 4146//4146 1226//1226
f 2156//2156 2161//2161 4146//4146
f 1226//1226 4146//4146 2161//2161
f 2687//2687 4148//4148 4149//4149
f 4150//4150 4151//4151 4148//4148
f 3626//3626 4149//4149 4151//4151
f 4148//4148 4151//4151 4149//4149
f 2749//2749 3635//3635 4152//4152
f 3626//3626 4151//4151 3635//3635
f 4150//4150 4152//4152 4151//4151
f 3635//3635 4151//4151 4152//4152
f 2688//2688 4153//4153 2689//2689
f 4150//4150 4148//4148 4153//4153
f 2687//2687 2689//2689 4148//4148
f 4153//4153 4148//4148 2689//2689
f 2259//2259 2692//2692 3636//3636
f 2687//2687 4149//4149 2692//2692
f 3626//3626 3636//3636 4149//4149
f 2692//2692 4149//4149 3636//3636
f 2737//2737 4154//4154 4155//4155
f 4150//4150 4156//4156 4154//4154
f 2891//2891 4155//4155 4156//4156
f 4154//4154 4156//4156 4155//4155
f 2688//2688 2897//2897 4153//4153
f 2891//2891 4156//4156 2897//2897
f 4150//4150 4153//4153 4156//4156
f 2897//2897 4156//4156 4153//4153
f 2749//2749 4152//4152 2750//2750
f 4150//4150 4154//4154 4152//4152
f 2737//2737 2750//2750 4154//4154
f 4152//4152 4154//4154 2750//2750
f 2746//2746 2748//2748 2898//2898
f 2737//2737 4155//4155 2748//2748
f 2891//2891 2898//2898 4155//4155
f 2748//2748 4155//4155 2898//2898
f 3510//3510 4157//4157 4158//4158
f 3354//3354 4159//4159 4157//4157
f 4160//4160 4158//4158 4159//4159
f 4157//4157 4159//4159 4158//4158
f 3355//3355 4161//4161 3356//3356
f 4160//4160 4159//4159 4161//4161
f 3354//3354 3356//3356 4159//4159
f 4161//4161 4159//4159 3356//3356
f 3154//3154 3359//3359 3516//3516
f 3354//3354 4157//4157 3359//3359
f 3510//3510 3516//3516 4157//4157
f 3359//3359 4157//4157 3516//3516
f 3513//3513 3515//3515 4162//4162
f 3510//3510 4158//4158 3515//3515
f 4160//4160 4162//4162 4158//4158
f 3515//3515 4158//4158 4162//4162
f 1497//1497 4163//4163 4164//4164
f 1478//1478 4165//4165 4163//4163
f 2062//2062 4164//4164 4165//4165
f 4163//4163 4165//4165 4164//4164
f 1479//1479 2066//2066 1480//1480
f 2062//2062 4165//4165 2066//2066
f 1478//1478 1480//1480 4165//4165
f 2066//2066 4165//4165 1480//1480
f 1259//1259 1483//1483 1498//1498
f 1478//1478 4163//4163 1483//1483
f 1497//1497 1498//1498 4163//4163
f 1483//1483 4163//4163 1498//1498
f 1500//1500 1502//1502 2063//2063
f 1497//1497 4164//4164 1502//1502
f 2062//2062 2063//2063 4164//4164
f 1502//1502 4164//4164 2063//2063
f 3740//3740 4166//4166 4167//4167
f 4168//4168 4169//4169 4166//4166
f 4056//4056 4167//4167 4169//4169
f 4166//4166 4169//4169 4167//4167
f 420//420 4060//4060 4170//4170
f 4056//4056 4169//4169 4060//4060
f 4168//4168 4170//4170 4169//4169
f 4060//4060 4169//4169 4170//4170
f 1401//1401 4171//4171 3741//3741
f 4168//4168 4166//4166 4171//4171
f 3740//3740 3741//3741 4166//4166
f 4171//4171 4166//4166 3741//3741
f 673//673 3742//3742 4057//4057
f 3740//3740 4167//4167 3742//3742
f 4056//4056 4057//4057 4167//4167
f 3742//3742 4167//4167 4057//4057
f 798//798 4172//4172 4173//4173
f 4168//4168 4174//4174 4172//4172
f 4142//4142 4173//4173 4174//4174
f 4172//4172 4174//4174 4173//4173
f 1401//1401 4144//4144 4171//4171
f 4142//4142 4174//4174 4144//4144
f 4168//4168 4171//4171 4174//4174
f 4144//4144 4174//4174 4171//4171
f 420//420 4170//4170 804//804
f 4168//4168 4172//4172 4170//4170
f 798//798 804//804 4172//4172
f 4170//4170 4172//4172 804//804
f 801//801 803//803 4143//4143
f 798//798 4173//4173 803//803
f 4142//4142 4143//4143 4173//4173
f 803//803 4173//4173 4143//4143
f 1377//1377 4175//4175 4176//4176
f 4177//4177 4178//4178 4175//4175
f 3456//3456 4176//4176 4178//4178
f 4175//4175 4178//4178 4176//4176
f 891//891 3458//3458 4179//4179
f 3456//3456 4178//4178 3458//3458
f 4177//4177 4179//4179 4178//4178
f 3458//3458 4178//4178 4179//4179
f 1378//1378 4180//4180 1379//1379
f 4177//4177 4175//4175 4180//4180
f 1377//1377 1379//1379 4175//4175
f 4180//4180 4175//4175 1379//1379
f 1008//1008 1382//1382 3459//3459
f 1377//1377 4176//4176 1382//1382
f 3456//3456 3459//3459 4176//4176
f 1382//1382 4176//4176 3459//3459
f 1312//1312 4181//4181 4182//4182
f 4177//4177 4183//4183 4181//4181
f 2098//2098 4182//4182 4183//4183
f 4181//4181 4183//4183 4182//4182
f 1378//1378 2105//2105 4180//4180
f 2098//2098 4183//4183 2105//2105
f 4177//4177 4180//4180 4183//4183
f 2105//2105 4183//4183 4180//4180
f 891//891 4179//4179 1318//1318
f 4177//4177 4181//4181 4179//4179
f 1312//1312 1318//1318 4181//4181
f 4179//4179 4181//4181 1318//1318
f 1315//1315 1317//1317 2106//2106
f 1312//1312 4182//4182 1317//1317
f 2098//2098 2106//2106 4182//4182
f 1317//1317 4182//4182 2106//2106
f 2048//2048 4184//4184 4185//4185
f 2138//2138 4186//4186 4184//4184
f 2058//2058 4185//4185 4186//4186
f 4184//4184 4186//4186 4185//4185
f 1779//1779 2064//2064 2139//2139
f 2058//2058 4186//4186 2064//2064
f 2138//2138 2139//2139 4186//4186
f 2064//2064 4186//4186 2139//2139
f 2053//2053 2142//2142 2054//2054
f 2138//2138 4184//4184 2142//2142
f 2048//2048 2054//2054 4184//4184
f 2142//2142 4184//4184 2054//2054
f 1479//1479 2052//2052 2065//2065
f 2048//2048 4185//4185 2052//2052
f 2058//2058 2065//2065 4185//4185
f 2052//2052 4185//4185 2065//2065
f 664//664 4187//4187 4188//4188
f 4189//4189 4190//4190 4187//4187
f 759//759 4188//4188 4190//4190
f 4187//4187 4190//4190 4188//4188
f 765//765 767//767 4191//4191
f 759//759 4190//4190 767//767
f 4189//4189 4191//4191 4190//4190
f 767//767 4190//4190 4191//4191
f 670//670 4192//4192 671//671
f 4189//4189 4187//4187 4192//4192
f 664//664 671//671 4187//4187
f 4192//4192 4187//4187 671//671
f 667//667 669//669 760//760
f 664//664 4188//4188 669//669
f 759//759 760//760 4188//4188
f 669//669 4188//4188 760//760
f 847//847 4193//4193 4194//4194
f 4189//4189 4195//4195 4193//4193
f 825//825 4194//4194 4195//4195
f 4193//4193 4195//4195 4194//4194
f 670//670 827//827 4192//4192
f 825//825 4195//4195 827//827
f 4189//4189 4192//4192 4195//4195
f 827//827 4195//4195 4192//4192
f 765//765 4191//4191 848//848
f 4189//4189 4193//4193 4191//4191
f 847//847 848//848 4193//4193
f 4191//4191 4193//4193 848//848
f 828//828 854//854 829//829
f 847//847 4194//4194 854//854
f 825//825 829//829 4194//4194
f 854//854 4194//4194 829//829
f 3535//3535 4196//4196 4197//4197
f 4198//4198 4199//4199 4196//4196
f 4200//4200 4197//4197 4199//4199
f 4196//4196 4199//4199 4197//4197
f 2012//2012 4201//4201 4202//4202
f 4200//4200 4199//4199 4201//4201
f 4198//4198 4202//4202 4199//4199
f 4201//4201 4199//4199 4202//4202
f 1770//1770 4203//4203 3538//3538
f 4198//4198 4196//4196 4203//4203
f 3535//3535 3538//3538 4196//4196
f 4203//4203 4196//4196 3538//3538
f 944//944 3537//3537 4204//4204
f 3535//3535 4197//4197 3537//3537
f 4200//4200 4204//4204 4197//4197
f 3537//3537 4197//4197 4204//4204
f 2015//2015 4205//4205 4206//4206
f 4198//4198 4207//4207 4205//4205
f 3953//3953 4206//4206 4207//4207
f 4205//4205 4207//4207 4206//4206
f 1770//1770 3960//3960 4203//4203
f 3953//3953 4207//4207 3960//3960
f 4198//4198 4203//4203 4207//4207
f 3960//3960 4207//4207 4203//4203
f 2012//2012 4202//4202 2024//2024
f 4198//4198 4205//4205 4202//4202
f 2015//2015 2024//2024 4205//4205
f 4202//4202 4205//4205 2024//2024
f 2021//2021 2023//2023 3961//3961
f 2015//2015 4206//4206 2023//2023
f 3953//3953 3961//3961 4206//4206
f 2023//2023 4206//4206 3961//3961
f 1157//1157 4208//4208 4209//4209
f 4210//4210 4211//4211 4208//4208
f 963//963 4209//4209 4211//4211
f 4208//4208 4211//4211 4209//4209
f 966//966 968//968 4212//4212
f 963//963 4211//4211 968//968
f 4210//4210 4212//4212 4211//4211
f 968//968 4211//4211 4212//4212
f 1158//1158 4213//4213 1159//1159
f 4210//4210 4208//4208 4213//4213
f 1157//1157 1159//1159 4208//4208
f 4213//4213 4208//4208 1159//1159
f 969//969 1162//1162 970//970
f 1157//1157 4209//4209 1162//1162
f 963//963 970//970 4209//4209
f 1162//1162 4209//4209 970//970
f 1168//1168 4214//4214 4215//4215
f 4210//4210 4216//4216 4214//4214
f 1265//1265 4215//4215 4216//4216
f 4214//4214 4216//4216 4215//4215
f 1158//1158 1269//1269 4213//4213
f 1265//1265 4216//4216 1269//1269
f 4210//4210 4213//4213 4216//4216
f 1269//1269 4216//4216 4213//4213
f 966//966 4212//4212 1169//1169
f 4210//4210 4214//4214 4212//4212
f 1168//1168 1169//1169 4214//4214
f 4212//4212 4214//4214 1169//1169
f 1174//1174 1176//1176 1270//1270
f 1168//1168 4215//4215 1176//1176
f 1265//1265 1270//1270 4215//4215
f 1176//1176 4215//4215 1270//1270
f 4200//4200 4217//4217 4218//4218
f 4219//4219 4220//4220 4217//4217
f 1425//1425 4218//4218 4220//4220
f 4217//4217 4220//4220 4218//4218
f 1431//1431 1433//1433 4221//4221
f 1425//1425 4220//4220 1433//1433
f 4219//4219 4221//4221 4220//4220
f 1433//1433 4220//4220 4221//4221
f 2012//2012 4222//4222 4201//4201
f 4219//4219 4217//4217 4222//4222
f 4200//4200 4201//4201 4217//4217
f 4222//4222 4217//4217 4201//4201
f 944//944 4204//4204 1426//1426
f 4200//4200 4218//4218 4204//4204
f 1425//1425 1426//1426 4218//4218
f 4204//4204 4218//4218 1426//1426
f 2197//2197 4223//4223 4224//4224
f 4219//4219 4225//4225 4223//4223
f 2005//2005 4224//4224 4225//4225
f 4223//4223 4225//4225 4224//4224
f 2012//2012 2014//2014 4222//4222
f 2005//2005 4225//4225 2014//2014
f 4219//4219 4222//4222 4225//4225
f 2014//2014 4225//4225 4222//4222
f 1431//1431 4221//4221 2202//2202
f 4219//4219 4223//4223 4221//4221
f 2197//2197 2202//2202 4223//4223
f 4221//4221 4223//4223 2202//2202
f 2006//2006 2201//2201 2007//2007
f 2197//2197 4224//4224 2201//2201
f 2005//2005 2007//2007 4224//4224
f 2201//2201 4224//4224 2007//2007
f 4226//4226 4227//4227 4228//4228
f 4229//4229 4230//4230 4227//4227
f 2310//2310 4228//4228 4230//4230
f 4227//4227 4230//4230 4228//4228
f 2318//2318 2320//2320 4231//4231
f 2310//2310 4230//4230 2320//2320
f 4229//4229 4231//4231 4230//4230
f 2320//2320 4230//4230 4231//4231
f 2701//2701 4232//4232 4233//4233
f 4229//4229 4227//4227 4232//4232
f 4226//4226 4233//4233 4227//4227
f 4232//4232 4227//4227 4233//4233
f 2321//2321 4234//4234 2322//2322
f 4226//4226 4228//4228 4234//4234
f 2310//2310 2322//2322 4228//4228
f 4234//4234 4228//4228 2322//2322
f 2555//2555 4235//4235 4236//4236
f 4229//4229 4237//4237 4235//4235
f 2830//2830 4236//4236 4237//4237
f 4235//4235 4237//4237 4236//4236
f 2701//2701 2832//2832 4232//4232
f 2830//2830 4237//4237 2832//2832
f 4229//4229 4232//4232 4237//4237
f 2832//2832 4237//4237 4232//4232
f 2318//2318 4231//4231 2556//2556
f 4229//4229 4235//4235 4231//4231
f 2555//2555 2556//2556 4235//4235
f 4231//4231 4235//4235 2556//2556
f 2558//2558 2560//2560 2833//2833
f 2555//2555 4236//4236 2560//2560
f 2830//2830 2833//2833 4236//4236
f 2560//2560 4236//4236 2833//2833
f 3472//3472 4238//4238 4239//4239
f 4240//4240 4241//4241 4238//4238
f 2465//2465 4239//4239 4241//4241
f 4238//4238 4241//4241 4239//4239
f 2321//2321 2469//2469 4242//4242
f 2465//2465 4241//4241 2469//2469
f 4240//4240 4242//4242 4241//4241
f 2469//2469 4241//4241 4242//4242
f 2506//2506 4243//4243 3477//3477
f 4240//4240 4238//4238 4243//4243
f 3472//3472 3477//3477 4238//4238
f 4243//4243 4238//4238 3477//3477
f 1549//1549 3476//3476 2470//2470
f 3472//3472 4239//4239 3476//3476
f 2465//2465 2470//2470 4239//4239
f 3476//3476 4239//4239 2470//2470
f 4226//4226 4244//4244 4245//4245
f 4240//4240 4246//4246 4244//4244
f 2696//2696 4245//4245 4246//4246
f 4244//4244 4246//4246 4245//4245
f 2506//2506 2700//2700 4243//4243
f 2696//2696 4246//4246 2700//2700
f 4240//4240 4243//4243 4246//4246
f 2700//2700 4246//4246 4243//4243
f 2321//2321 4242//4242 4234//4234
f 4240//4240 4244//4244 4242//4242
f 4226//4226 4234//4234 4244//4244
f 4242//4242 4244//4244 4234//4234
f 2701//2701 4233//4233 2702//2702
f 4226//4226 4245//4245 4233//4233
f 2696//2696 2702//2702 4245//4245
f 4233//4233 4245//4245 2702//2702
f 989//989 4247//4247 4248//4248
f 4249//4249 4250//4250 4247//4247
f 651//651 4248//4248 4250//4250
f 4247//4247 4250//4250 4248//4248
f 330//330 657//657 4251//4251
f 651//651 4250//4250 657//657
f 4249//4249 4251//4251 4250//4250
f 657//657 4250//4250 4251//4251
f 885//885 4252//4252 1000//1000
f 4249//4249 4247//4247 4252//4252
f 989//989 1000//1000 4247//4247
f 4252//4252 4247//4247 1000//1000
f 658//658 999//999 659//659
f 989//989 4248//4248 999//999
f 651//651 659//659 4248//4248
f 999//999 4248//4248 659//659
f 3578//3578 4253//4253 4254//4254
f 4249//4249 4255//4255 4253//4253
f 882//882 4254//4254 4255//4255
f 4253//4253 4255//4255 4254//4254
f 885//885 887//887 4252//4252
f 882//882 4255//4255 887//887
f 4249//4249 4252//4252 4255//4255
f 887//887 4255//4255 4252//4252
f 330//330 4251//4251 3586//3586
f 4249//4249 4253//4253 4251//4251
f 3578//3578 3586//3586 4253//4253
f 4251//4251 4253//4253 3586//3586
f 888//888 3585//3585 889//889
f 3578//3578 4254//4254 3585//3585
f 882//882 889//889 4254//4254
f 3585//3585 4254//4254 889//889
