# This file uses centimeters as units for non-parametric coordinates.

v 0.284386 0.135321 0.729486
v 0.214213 0.102385 0.746816
v 0.276283 0.147898 0.740841
v 0.352391 0.176615 0.725964
v 0.353775 0.159929 0.721849
v 0.578851 0.056488 0.610935
v 0.583641 0.063572 0.604270
v 0.178057 0.057665 0.751716
v 0.166972 0.005648 0.751602
v 0.602464 0.082491 0.598648
v 0.164352 0.067171 0.799990
v 0.153546 0.011335 0.794140
v 0.599728 0.011404 0.587067
v 0.606106 0.022608 0.578243
v 0.595692 -0.062483 0.571342
v 0.611772 -0.024076 0.564217
v 0.606280 -0.059338 0.562589
v 0.567725 -0.113974 0.595267
v 0.573485 -0.126249 0.586548
v 0.584033 -0.148165 0.579131
v 0.610470 -0.101137 0.558666
v 0.624498 -0.056211 0.549161
v 0.629693 -0.011354 0.550079
v 0.625327 0.037802 0.563029
v 0.175084 -0.118074 0.772032
v 0.231312 0.011375 0.713643
v 0.257865 0.049376 0.716634
v 0.302018 0.084120 0.718412
v 0.351366 0.104042 0.714135
v 0.560307 0.023598 0.621685
v 0.579445 -0.014568 0.597969
v 0.581674 -0.044657 0.592007
v 0.561250 -0.079142 0.604734
v 0.544414 -0.096087 0.618495
v 0.231601 0.009502 0.696343
v 0.258808 0.048826 0.699410
v 0.298564 0.084070 0.698574
v 0.351761 0.104391 0.693744
v 0.554557 0.021564 0.609144
v 0.576078 -0.013390 0.588561
v 0.576667 -0.044624 0.582404
v 0.554362 -0.078785 0.598813
v 0.536593 -0.094509 0.614108
v 0.180404 -0.002045 0.732652
v 0.214512 -0.027231 0.707763
v 0.213549 -0.024950 0.691403
v 0.216795 -0.177889 0.747326
v 0.221404 -0.148914 0.727676
v 0.223663 -0.131681 0.721138
v 0.254748 -0.112268 0.701614
v 0.253744 -0.112520 0.688940
v 0.182974 -0.099186 0.739337
v 0.216657 -0.083654 0.700522
v 0.217406 -0.083206 0.679911
v 0.428553 0.187176 0.734800
v 0.425958 0.171537 0.706834
v 0.425135 0.157093 0.704248
v 0.417776 0.104712 0.700010
v 0.415003 0.103939 0.681454
v 0.196513 0.115532 0.799552
v 0.259464 0.158058 0.794023
v 0.335196 0.185305 0.775674
v 0.594392 -0.092648 0.570674
v 0.423635 0.141750 0.707275
v 0.352877 0.141890 0.721113
v 0.289788 0.120405 0.725673
v 0.232766 0.080080 0.728545
v 0.203101 0.038752 0.728581
v 0.189711 -0.010183 0.728403
v 0.193288 -0.090933 0.716391
v 0.233120 -0.124620 0.716546
v 0.564374 -0.108059 0.605439
v 0.581145 -0.084341 0.590646
v 0.596899 -0.043125 0.579986
v 0.594755 0.001785 0.593145
v 0.574322 0.047295 0.617038
v 0.224568 0.091732 0.733484
v 0.192519 0.048923 0.733954
v 0.187931 -0.091429 0.723558
v 0.585179 -0.086462 0.580552
v 0.602277 -0.035725 0.572842
v 0.249800 -0.121565 0.681599
v 0.205302 -0.088943 0.672546
v 0.203429 -0.020250 0.691404
v 0.226463 0.014530 0.696540
v 0.252157 0.056242 0.697441
v 0.294930 0.093685 0.694075
v 0.349775 0.116463 0.691028
v 0.412123 0.115194 0.677684
v 0.556718 0.028320 0.596107
v 0.579986 -0.009186 0.579536
v 0.578517 -0.045784 0.572936
v 0.558056 -0.085562 0.586001
v 0.540553 -0.104330 0.599446
v 0.575729 -0.058947 0.592409
v 0.570294 -0.057280 0.585469
v 0.572191 -0.062271 0.575789
v 0.591433 -0.061369 0.578784
v 0.421340 -0.202724 0.673829
v 0.415899 -0.249470 0.678807
v 0.419470 -0.149420 0.684332
v 0.416577 -0.146519 0.674325
v 0.417216 -0.224777 0.672485
v 0.421527 -0.183872 0.679056
v 0.418877 -0.161053 0.662163
v 0.343654 -0.194794 0.699981
v 0.354830 -0.147623 0.697136
v 0.354932 -0.145792 0.685809
v 0.346891 -0.241850 0.704038
v 0.344731 -0.218462 0.699809
v 0.348097 -0.176594 0.700130
v 0.353719 -0.160145 0.679202
v 0.286768 -0.171785 0.708378
v 0.280727 -0.190020 0.711181
v 0.278909 -0.217260 0.725233
v 0.293087 -0.158331 0.709055
v 0.305365 -0.134857 0.700548
v 0.304416 -0.132435 0.690008
v 0.302042 -0.144764 0.683165
v 0.486884 -0.232998 0.644033
v 0.485555 -0.205837 0.642410
v 0.485867 -0.184298 0.647327
v 0.485549 -0.169353 0.653602
v 0.480889 -0.142071 0.659856
v 0.474996 -0.137999 0.651576
v 0.477609 -0.153223 0.638404
v 0.495154 0.135653 0.673465
v 0.497441 0.145765 0.674235
v 0.505036 0.163935 0.692247
v 0.483503 0.090862 0.677087
v 0.480085 0.088249 0.662042
v 0.491452 0.123432 0.678428
v 0.478743 0.100224 0.653632
v 0.545301 0.099474 0.639945
v 0.550034 0.104309 0.633902
v 0.565292 0.122429 0.642837
v 0.530286 0.061329 0.649270
v 0.527760 0.058367 0.636784
v 0.540412 0.090870 0.646848
v 0.527348 0.063330 0.628401
v 0.178105 -0.063385 0.723667
v 0.156492 -0.052465 0.785747
v 0.167442 -0.056189 0.748907
v 0.205544 -0.066999 0.699611
v 0.207003 -0.068405 0.681520
v 0.184776 -0.064701 0.716507
v 0.193942 -0.069767 0.674055
v 0.542258 -0.196507 0.609577
v 0.536704 -0.169840 0.612227
v 0.535103 -0.151840 0.619825
v 0.532688 -0.140812 0.628506
v 0.517963 -0.120817 0.637266
v 0.511092 -0.117170 0.632833
v 0.514645 -0.129692 0.617902
v 0.253042 0.056824 0.724797
v 0.226619 0.016979 0.721273
v 0.210492 -0.025480 0.717752
v 0.200108 -0.066864 0.709772
v 0.211807 -0.087931 0.708867
v 0.251781 -0.117653 0.709822
v 0.305029 -0.143526 0.705517
v 0.355467 -0.155664 0.701155
v 0.421101 -0.159050 0.684868
v 0.484204 -0.151318 0.660301
v 0.526345 -0.128103 0.637718
v 0.552796 -0.101076 0.617330
v 0.569843 -0.081806 0.603739
v 0.583017 -0.060974 0.590564
v 0.588517 -0.046400 0.590763
v 0.587204 -0.013147 0.601954
v 0.566339 0.030001 0.624390
v 0.533477 0.071655 0.653781
v 0.485674 0.100321 0.682360
v 0.418159 0.114267 0.709030
v 0.350500 0.113800 0.723383
v 0.299830 0.092484 0.726346
v -0.284051 0.135323 0.729630
v -0.214266 0.102846 0.746874
v -0.276305 0.148329 0.740970
v -0.352404 0.177011 0.726116
v -0.353210 0.160028 0.722089
v -0.579063 0.056654 0.611787
v -0.584117 0.064188 0.604917
v -0.178084 0.057768 0.751726
v -0.166918 0.005663 0.751611
v -0.602513 0.082731 0.598851
v -0.164434 0.067268 0.799990
v -0.153668 0.011387 0.794152
v -0.599634 0.011229 0.587443
v -0.606508 0.022190 0.578937
v -0.595100 -0.062412 0.571555
v -0.611772 -0.025434 0.564175
v -0.605385 -0.059282 0.562223
v -0.565928 -0.108168 0.600516
v -0.573303 -0.113220 0.589284
v -0.586483 -0.127342 0.580936
v -0.610593 -0.090656 0.558673
v -0.622834 -0.054279 0.548090
v -0.629694 -0.014433 0.550078
v -0.625521 0.037554 0.563308
v -0.176265 -0.101137 0.772834
v -0.230790 0.009287 0.712695
v -0.256503 0.046284 0.716491
v -0.299534 0.080107 0.719485
v -0.347993 0.099503 0.716076
v -0.559725 0.021578 0.621200
v -0.579143 -0.015535 0.597488
v -0.581402 -0.045498 0.592203
v -0.561651 -0.071213 0.608598
v -0.544501 -0.083269 0.625933
v -0.231125 0.007471 0.695395
v -0.257418 0.045752 0.699238
v -0.296203 0.080055 0.699437
v -0.348351 0.099842 0.695328
v -0.554153 0.019630 0.608475
v -0.575930 -0.014383 0.588154
v -0.576600 -0.045511 0.582524
v -0.555258 -0.070856 0.602763
v -0.537611 -0.081778 0.622285
v -0.180386 -0.002134 0.732657
v -0.214508 -0.028271 0.706767
v -0.213592 -0.026098 0.690406
v -0.218288 -0.139698 0.751542
v -0.223438 -0.128714 0.730024
v -0.226022 -0.119978 0.722827
v -0.254802 -0.096563 0.707677
v -0.253940 -0.096451 0.694979
v -0.183992 -0.095043 0.739625
v -0.217732 -0.078119 0.701924
v -0.217495 -0.077877 0.682840
v -0.428554 0.187218 0.734801
v -0.426024 0.172197 0.707147
v -0.424638 0.157698 0.704526
v -0.414306 0.100229 0.701962
v -0.411620 0.099480 0.683113
v -0.196646 0.116013 0.799598
v -0.259476 0.158175 0.794023
v -0.335199 0.185438 0.775674
v -0.593997 -0.087233 0.571151
v -0.422205 0.141806 0.708496
v -0.351439 0.141418 0.722454
v -0.288851 0.119865 0.726632
v -0.232445 0.079428 0.728620
v -0.203107 0.038200 0.728573
v -0.189808 -0.010439 0.728401
v -0.195183 -0.085873 0.717061
v -0.234416 -0.112495 0.719217
v -0.561907 -0.101704 0.613016
v -0.579678 -0.082777 0.594200
v -0.596852 -0.042931 0.579744
v -0.594547 0.001598 0.593572
v -0.574004 0.047474 0.617603
v -0.224552 0.091927 0.733535
v -0.192475 0.048706 0.733976
v -0.189278 -0.088413 0.723795
v -0.584131 -0.085449 0.582278
v -0.602320 -0.036129 0.572747
v -0.250555 -0.105247 0.687371
v -0.208422 -0.083534 0.675678
v -0.203673 -0.021379 0.690406
v -0.226067 0.012573 0.695592
v -0.250913 0.053186 0.697187
v -0.292609 0.089630 0.694722
v -0.346362 0.111826 0.692334
v -0.408712 0.110693 0.679045
v -0.556246 0.026423 0.595192
v -0.579695 -0.010159 0.578967
v -0.578452 -0.046684 0.572946
v -0.558693 -0.077976 0.589052
v -0.541099 -0.091589 0.606314
v -0.575727 -0.056902 0.592857
v -0.570295 -0.055243 0.585888
v -0.572190 -0.060230 0.575905
v -0.590792 -0.061018 0.579776
v -0.423683 -0.176544 0.683330
v -0.426372 -0.194366 0.687815
v -0.420568 -0.119305 0.697346
v -0.418266 -0.116220 0.687166
v -0.422263 -0.186338 0.679167
v -0.422885 -0.159039 0.690580
v -0.419974 -0.130754 0.673909
v -0.348089 -0.169771 0.706535
v -0.355421 -0.118515 0.710173
v -0.355523 -0.116684 0.698645
v -0.354956 -0.187780 0.713102
v -0.350205 -0.181234 0.704622
v -0.350208 -0.153038 0.709991
v -0.354311 -0.131037 0.691145
v -0.287850 -0.150782 0.715090
v -0.283030 -0.159325 0.716762
v -0.282512 -0.168793 0.732877
v -0.293143 -0.137943 0.716907
v -0.304998 -0.110338 0.711934
v -0.304048 -0.108608 0.701307
v -0.302052 -0.120363 0.693337
v -0.495701 -0.184042 0.652030
v -0.488511 -0.172590 0.648685
v -0.486446 -0.162262 0.656646
v -0.485241 -0.147749 0.664682
v -0.481726 -0.114727 0.673045
v -0.476507 -0.110363 0.664764
v -0.478820 -0.125593 0.650985
v -0.494850 0.136433 0.674510
v -0.497557 0.146549 0.674818
v -0.505075 0.164013 0.692285
v -0.481012 0.086851 0.679527
v -0.477736 0.084316 0.664374
v -0.490314 0.123615 0.680531
v -0.476262 0.096193 0.655729
v -0.545392 0.100565 0.641967
v -0.550353 0.105303 0.634540
v -0.565408 0.122761 0.642929
v -0.528827 0.058220 0.650896
v -0.526456 0.055340 0.638588
v -0.539833 0.091290 0.649381
v -0.526015 0.060417 0.629974
v -0.178231 -0.062347 0.723610
v -0.157020 -0.052546 0.785814
v -0.167988 -0.055603 0.748866
v -0.205544 -0.066826 0.699611
v -0.205492 -0.068327 0.681520
v -0.184932 -0.063681 0.716412
v -0.196053 -0.069689 0.674055
v -0.548113 -0.160305 0.614526
v -0.537975 -0.145468 0.617224
v -0.534115 -0.137220 0.627927
v -0.531105 -0.126299 0.638248
v -0.519504 -0.100521 0.647463
v -0.513412 -0.096638 0.643279
v -0.516543 -0.109156 0.627093
v -0.251755 0.053770 0.724621
v -0.226147 0.014912 0.720500
v -0.210526 -0.026434 0.716942
v -0.200108 -0.066568 0.709772
v -0.213649 -0.082218 0.711138
v -0.252255 -0.101572 0.715717
v -0.304625 -0.118530 0.716854
v -0.356040 -0.126402 0.714722
v -0.422190 -0.128639 0.698570
v -0.484661 -0.123716 0.674390
v -0.526915 -0.107687 0.648317
v -0.551892 -0.088644 0.625041
v -0.569635 -0.074490 0.607411
v -0.583401 -0.058853 0.591533
v -0.588389 -0.046741 0.590699
v -0.586921 -0.013969 0.601910
v -0.565649 0.028034 0.624241
v -0.531822 0.068432 0.655650
v -0.483054 0.096354 0.684891
v -0.414653 0.109962 0.711018
v -0.347129 0.109240 0.725444
v -0.297369 0.088509 0.727485
v -0.912439 0.022964 -0.283061
v -0.892167 -0.140827 -0.244171
v -0.984059 0.118887 -0.393250
v -1.089187 0.100063 -0.503157
v -1.136581 0.020927 -0.556112
v -0.863043 -0.396128 -0.230588
v -0.888134 -0.223494 -0.234756
v -0.871861 -0.317822 -0.218734
v -0.913650 -0.320229 -0.370557
v -0.872221 -0.332039 -0.315020
v -0.988445 -0.002253 -0.424658
v -0.908751 -0.042641 -0.361777
v -0.897193 -0.181517 -0.351923
v -0.875791 -0.273186 -0.306359
v -1.039192 -0.002098 -0.475822
v -0.851043 -0.317873 -0.285356
v -0.808100 -0.323639 -0.297581
v -0.818714 -0.319178 -0.319347
v -0.844141 -0.299015 -0.351541
v -0.768188 -0.301687 -0.274268
v -0.806859 -0.299101 -0.268344
v -0.813008 -0.266710 -0.272185
v -0.791024 -0.281752 -0.333027
v -0.763236 -0.294884 -0.299956
v -0.753036 -0.228699 -0.255369
v -0.747724 -0.263346 -0.254302
v -0.733183 -0.258547 -0.280766
v -0.812973 -0.217909 -0.283294
v -0.749309 -0.218761 -0.275994
v -1.103357 -0.187983 -0.544162
v -1.050907 -0.311787 -0.486392
v -0.928091 -0.253128 -0.413832
v -0.863902 -0.254189 -0.378494
v -0.776059 -0.252802 -0.331143
v -0.868665 -0.200724 -0.386243
v -0.929814 -0.184784 -0.426971
v -0.997215 -0.256586 -0.443954
v -1.034176 -0.168930 -0.478717
v -0.974822 -0.234367 -0.431403
v -0.990396 -0.170938 -0.443282
v -0.847223 -0.318478 -0.188211
v -0.889565 0.105818 -0.312241
v -0.918530 0.148483 -0.401304
v -0.966289 0.100300 -0.539015
v -1.065873 0.001566 -0.607151
v -1.064767 -0.191963 -0.596865
v -1.007026 -0.319693 -0.526479
v -0.794913 -0.433172 -0.268936
v -0.807457 -0.363056 -0.188023
v -0.762296 -0.393023 -0.229385
v -0.699900 -0.374729 -0.277859
v -0.737908 -0.395494 -0.327262
v -0.948162 -0.283764 -0.518756
v -0.997083 -0.175854 -0.574985
v -0.988308 -0.043829 -0.579069
v -0.926552 0.005438 -0.544654
v -0.858295 -0.244169 -0.490027
v -0.942523 -0.084391 -0.564792
v -0.840703 0.026958 -0.501247
v -0.857426 0.094687 -0.469129
v -0.864357 0.144537 -0.382820
v -0.887250 -0.067457 -0.537267
v -0.720902 -0.230833 -0.417573
v -0.798899 -0.091854 -0.492624
v -0.736221 -0.325441 -0.358724
v -0.667556 -0.326122 -0.352525
v -0.841156 -0.139225 -0.512443
v -0.789724 -0.217253 -0.454691
v -0.759104 -0.270212 -0.397360
v -0.861882 0.111015 -0.273989
v -0.867412 0.003908 -0.212616
v -0.863590 -0.146053 -0.185634
v -0.857735 -0.218662 -0.181554
v -0.931091 -0.001795 -0.306275
v -0.898395 -0.051983 -0.254038
v -0.909407 -0.132494 -0.283427
v -0.999186 0.079163 -0.398671
v -1.085415 0.064516 -0.486486
v -1.116297 -0.005114 -0.524631
v -0.976252 -0.362936 -0.367239
v -1.042839 -0.293835 -0.468000
v -0.924020 -0.374933 -0.289028
v -0.972118 -0.392118 -0.381311
v -0.891236 -0.360430 -0.248710
v -0.909200 -0.413137 -0.291121
v -0.913068 -0.205664 -0.283985
v -0.887965 -0.305939 -0.244084
v -0.880120 -0.275015 -0.224073
v -0.928422 -0.144838 -0.424790
v -0.998091 -0.127056 -0.443658
v -0.988305 0.030493 -0.418754
v -0.918310 -0.026804 -0.344019
v -0.878766 -0.077003 -0.333366
v -0.924538 -0.180635 -0.355023
v -0.870183 -0.134508 -0.325172
v -0.895135 -0.281437 -0.300039
v -0.891737 -0.231695 -0.336073
v -1.051643 0.019257 -0.486933
v -1.047781 -0.051697 -0.483708
v -0.997278 -0.062645 -0.435261
v -0.919245 -0.087763 -0.400528
v -0.861456 -0.134342 -0.355083
v -0.885557 -0.109241 -0.377615
v -0.881273 -0.319876 -0.280787
v -0.868025 -0.171108 -0.381442
v -0.898820 -0.192995 -0.409786
v -0.824335 -0.324581 -0.292191
v -0.845060 -0.327736 -0.319769
v -0.875903 -0.311804 -0.361709
v -0.896391 -0.255322 -0.398249
v -0.789690 -0.316151 -0.288500
v -0.787700 -0.301489 -0.267098
v -0.824299 -0.307329 -0.275732
v -0.846290 -0.269381 -0.292640
v -0.820145 -0.175138 -0.324869
v -0.840584 -0.156893 -0.338036
v -0.855837 -0.198780 -0.320269
v -0.809412 -0.187029 -0.292427
v -0.814328 -0.243332 -0.278182
v -0.804069 -0.192499 -0.323681
v -0.837285 -0.207367 -0.361701
v -0.829888 -0.252632 -0.359166
v -0.790859 -0.308397 -0.312277
v -0.776471 -0.223948 -0.262110
v -0.777945 -0.264511 -0.256765
v -0.748022 -0.243156 -0.252369
v -0.788633 -0.211918 -0.325903
v -0.776385 -0.203365 -0.280631
v -0.735049 -0.237549 -0.276773
v -0.867123 -0.229164 -0.384480
v -0.778783 -0.232767 -0.329313
v -0.929036 -0.221441 -0.422615
v -1.078555 -0.255751 -0.521761
v -1.085177 -0.178596 -0.518108
v -0.981439 -0.209146 -0.437788
v -1.122073 -0.115646 -0.555565
v -1.045305 -0.120041 -0.485598
v -1.049222 -0.170837 -0.499479
v -1.010861 -0.267153 -0.454581
v -1.017866 -0.216314 -0.464792
v -0.849424 -0.277229 -0.182159
v -0.866651 -0.068071 -0.195777
v -0.900866 0.080875 -0.298561
v -0.863469 0.064888 -0.236024
v -0.957269 0.144957 -0.397856
v -1.047501 0.118160 -0.531441
v -1.103095 -0.197418 -0.578350
v -1.081912 -0.115347 -0.615402
v -1.038624 -0.324125 -0.510124
v -1.037753 -0.261763 -0.565461
v -0.877240 -0.436846 -0.304680
v -0.914567 -0.408607 -0.418709
v -0.829735 -0.427439 -0.244259
v -0.841983 -0.436802 -0.327970
v -0.779263 -0.384090 -0.208280
v -0.763874 -0.417009 -0.299159
v -0.737889 -0.385174 -0.246524
v -0.789058 -0.390638 -0.367945
v -0.809118 -0.419077 -0.350804
v -0.863444 -0.362257 -0.429929
v -0.885008 -0.389078 -0.429664
v -0.974609 -0.302919 -0.528459
v -0.975498 -0.233698 -0.550818
v -1.025792 -0.182373 -0.589993
v -1.015312 -0.023481 -0.599481
v -1.007241 -0.117302 -0.588539
v -0.943006 0.043177 -0.552830
v -0.795490 -0.307154 -0.402056
v -0.845258 -0.337496 -0.423771
v -0.921607 -0.268488 -0.508059
v -0.970292 -0.171637 -0.564602
v -0.883516 -0.203989 -0.522099
v -0.927893 -0.116888 -0.560830
v -0.967156 -0.063168 -0.568437
v -0.908126 -0.030951 -0.539514
v -0.823805 -0.024090 -0.503790
v -0.844739 -0.065844 -0.510791
v -0.851513 0.065704 -0.491757
v -0.755859 -0.165535 -0.462742
v -0.813833 -0.179508 -0.485334
v -0.730356 -0.361641 -0.348229
v -0.782602 -0.337097 -0.379647
v -0.672136 -0.354744 -0.315561
v -0.907683 -0.159149 -0.546731
v -0.866397 -0.102509 -0.530425
v -0.747895 -0.294760 -0.373240
v -0.684697 -0.283535 -0.384651
v -0.912616 -0.059488 -0.279980
v -0.899725 -0.266766 -0.259458
v -0.941765 -0.324810 -0.366895
v -0.897515 -0.070034 -0.317806
v -0.900589 -0.126198 -0.327155
v -0.914855 -0.239571 -0.332610
v -1.067352 -0.039833 -0.505389
v -0.899196 -0.329136 -0.306291
v -0.895958 -0.157389 -0.405676
v -0.805124 -0.315176 -0.278884
v -0.842169 -0.161625 -0.312195
v -0.854388 -0.235987 -0.310736
v -0.841095 -0.183334 -0.357408
v -0.815033 -0.289457 -0.341221
v -0.777606 -0.243391 -0.257786
v -0.833291 -0.231241 -0.361952
v -0.898646 -0.226183 -0.406407
v -1.066351 -0.240410 -0.498678
v -1.098588 -0.116373 -0.527569
v -1.060848 -0.118258 -0.507732
v -1.032445 -0.222523 -0.481676
v -1.120509 0.026320 -0.589708
v -1.124159 -0.117496 -0.593453
v -1.072030 -0.267759 -0.549567
v -0.946156 -0.410793 -0.399576
v -1.003047 -0.247469 -0.562902
v -1.036827 -0.114855 -0.608359
v -0.948164 -0.223457 -0.540497
v -0.983411 -0.120602 -0.576512
v -0.781814 -0.360931 -0.376024
v -0.747613 -0.377197 -0.212503
v -0.197759 -0.777844 0.784866
v -0.224443 -0.761192 0.776604
v -0.273122 -0.758927 0.754205
v -0.323043 -0.737794 0.716007
v -0.177097 -0.696638 0.821626
v -0.251710 -0.661345 0.797047
v -0.285117 -0.652280 0.776136
v -0.334738 -0.667944 0.711373
v -0.186920 -0.688235 0.817742
v -0.204915 -0.680812 0.814079
v -0.226160 -0.670522 0.807164
v -0.340650 -0.691171 0.695551
v -0.314583 -0.649521 0.746261
v -0.336798 -0.722015 0.703151
v -0.250196 -0.688272 0.798862
v -0.278653 -0.679660 0.778926
v -0.303768 -0.674797 0.755004
v -0.323660 -0.680312 0.729932
v -0.330008 -0.689927 0.716517
v -0.324035 -0.704960 0.716775
v -0.307885 -0.715441 0.729929
v -0.258263 -0.727069 0.772591
v -0.218012 -0.727964 0.787157
v -0.193794 -0.742762 0.794753
v -0.184443 -0.726984 0.817002
v -0.193693 -0.718616 0.814442
v -0.209234 -0.708362 0.812631
v -0.228466 -0.697734 0.807525
v -0.191114 -0.727487 0.803515
v -0.217299 -0.713043 0.797408
v -0.255374 -0.709253 0.782943
v -0.300060 -0.700809 0.745840
v -0.314816 -0.696232 0.734656
v -0.321043 -0.689731 0.732568
v -0.316423 -0.687738 0.744384
v -0.298544 -0.692650 0.763618
v -0.275526 -0.701213 0.783006
v -0.251638 -0.713435 0.801695
v -0.233044 -0.723439 0.809614
v -0.215182 -0.735418 0.814212
v -0.199754 -0.746471 0.815892
v -0.191108 -0.755670 0.817987
v -0.192666 -0.726394 0.830801
v -0.219158 -0.706861 0.824428
v -0.256402 -0.699966 0.809898
v -0.296054 -0.693150 0.774176
v -0.308792 -0.692085 0.763622
v -0.314142 -0.691317 0.760434
v -0.310055 -0.692258 0.768869
v -0.294785 -0.698872 0.786125
v -0.275106 -0.708517 0.804679
v -0.253329 -0.718989 0.822709
v -0.233965 -0.727637 0.830720
v -0.216328 -0.741056 0.835795
v -0.202019 -0.756775 0.836913
v -0.193624 -0.766790 0.838394
v -0.199746 -0.740312 0.870115
v -0.197309 -0.769665 0.869267
v -0.208949 -0.760818 0.867424
v -0.222547 -0.749658 0.863755
v -0.239445 -0.737781 0.856123
v -0.257502 -0.725040 0.847372
v -0.275464 -0.711101 0.830156
v -0.292195 -0.700525 0.811177
v -0.305867 -0.692225 0.794447
v -0.309734 -0.690161 0.787924
v -0.306463 -0.692148 0.791278
v -0.296287 -0.696113 0.802214
v -0.262897 -0.705175 0.840191
v -0.228826 -0.720938 0.858849
v -0.243875 -0.761704 0.879236
v -0.209784 -0.743878 0.886186
v -0.259703 -0.719089 0.858757
v -0.277397 -0.709702 0.840868
v -0.306305 -0.691964 0.806189
v -0.224702 -0.734748 0.879334
v -0.310590 -0.691124 0.800868
v -0.307997 -0.692998 0.803291
v -0.298620 -0.696786 0.812755
v -0.215176 -0.794187 0.891989
v -0.273153 -0.728261 0.849861
v -0.195941 -0.753161 0.889682
v -0.241540 -0.727304 0.870587
v -0.293111 -0.699319 0.822226
v -0.230108 -0.849460 0.881161
v -0.261728 -0.817626 0.866803
v -0.286426 -0.763877 0.846186
v -0.191323 -0.725733 0.906093
v -0.259895 -0.700386 0.865154
v -0.277994 -0.696221 0.846986
v -0.223504 -0.709811 0.890794
v -0.207333 -0.718364 0.900508
v -0.241150 -0.704346 0.878795
v -0.295052 -0.692946 0.827854
v -0.309101 -0.689383 0.811687
v -0.314620 -0.690423 0.805938
v -0.305538 -0.707156 0.816470
v -0.313114 -0.695642 0.807885
v -0.298293 -0.683711 0.829582
v -0.279444 -0.680617 0.849622
v -0.269748 -0.834050 0.860457
v -0.222461 -0.687193 0.895389
v -0.320682 -0.690008 0.805575
v -0.313070 -0.716898 0.814997
v -0.186760 -0.700904 0.913874
v -0.260824 -0.681510 0.867641
v -0.234526 -0.866325 0.874248
v -0.296106 -0.781216 0.841201
v -0.204283 -0.693043 0.907833
v -0.241475 -0.683943 0.883107
v -0.314304 -0.685513 0.812718
v -0.319983 -0.700578 0.806985
v -0.332403 -0.709752 0.800985
v -0.303691 -0.671923 0.827638
v -0.328918 -0.736797 0.805064
v -0.361247 -0.770595 0.778904
v -0.298145 -0.616469 0.838497
v -0.283000 -0.664519 0.849221
v -0.221840 -0.667274 0.896879
v -0.275536 -0.857363 0.845612
v -0.295036 -0.921553 0.811196
v -0.167610 -0.645329 0.905386
v -0.215595 -0.615695 0.883783
v -0.272705 -0.608768 0.854268
v -0.330169 -0.689681 0.801935
v -0.346405 -0.677323 0.792639
v -0.402999 -0.781699 0.739550
v -0.183789 -0.685442 0.912557
v -0.150580 -0.649178 0.909033
v -0.288543 -0.645827 0.845164
v -0.312427 -0.654974 0.823039
v -0.334598 -0.644962 0.806055
v -0.321829 -0.678585 0.810496
v -0.345130 -0.757221 0.792845
v -0.282977 -0.886000 0.827365
v -0.235253 -0.887137 0.857150
v -0.236879 -0.914752 0.835593
v -0.241745 -0.955421 0.820016
v -0.374272 -0.596092 0.780449
v -0.190819 -0.631322 0.896169
v -0.262408 -0.662594 0.868891
v -0.308286 -0.812006 0.826160
v -0.326765 -0.841322 0.807773
v -0.350103 -0.871650 0.786991
v -0.322565 -0.992965 0.788968
v -0.202645 -0.675779 0.906319
v -0.178033 -0.671082 0.910428
v -0.220436 -0.649831 0.896656
v -0.243862 -0.606982 0.868334
v -0.241906 -0.663499 0.884557
v -0.355512 -0.718671 0.783746
v -0.337492 -0.685792 0.797924
v -0.386181 -0.647729 0.762984
v -0.397058 -0.707034 0.746756
v -0.343246 -0.716692 0.793521
v -0.252812 -1.032375 0.806585
v -0.264337 -0.643270 0.865636
v -0.391980 -0.927278 0.748974
v -0.199821 -0.660658 0.904326
v -0.327649 -0.664611 0.808413
v -0.243044 -0.643696 0.883861
v -0.458352 -0.525394 0.705862
v -0.474438 -0.591640 0.677184
v -0.483455 -0.690330 0.654615
v -0.481694 -0.796537 0.651714
v -0.442740 -1.001280 0.695337
v -0.353557 -1.080050 0.767057
v -0.266952 -1.117815 0.794603
v -0.633350 -0.949470 0.255353
v -0.781193 0.207476 0.191963
v -0.586296 -1.015693 0.341224
v -0.567442 -0.987330 0.188613
v -0.530248 -1.039212 0.265213
v -0.183105 0.231842 0.920013
v -0.115161 0.084414 0.882827
v -0.521513 1.028795 0.440527
v -0.571350 0.982681 0.394909
v -0.824600 0.248808 -0.590405
v -0.447946 -0.336805 -0.679019
v -0.620953 -0.283173 -0.532312
v -0.444636 1.174931 -0.758493
v -0.127515 -0.569731 0.978527
v -0.169720 -0.503931 0.943394
v -0.183880 -0.472456 0.947416
v -0.195435 -0.529112 0.862343
v -0.171639 -0.428093 0.943131
v -0.101964 -0.423449 0.921457
v -0.087396 -0.516520 0.947213
v -0.090016 -0.537365 0.918225
v -0.129527 -0.591751 0.921172
v -0.138769 -0.497486 0.879833
v -0.232665 -0.487177 0.841373
v -0.161826 -0.114525 0.817066
v -0.148685 -0.492210 0.939138
v -0.134584 -0.546190 0.890400
v -0.121593 -0.563292 0.922272
v -0.123676 -0.544649 0.961153
v -0.301919 0.708302 0.793601
v -0.330691 0.914379 0.689007
v -0.461525 -1.072655 0.202323
v -0.153940 -0.523657 0.881401
v -0.604398 -0.974638 0.404568
v -0.651788 -0.891605 0.315319
v -0.108138 -0.292208 0.930367
v -0.446797 -0.340977 0.706463
v -0.145379 -0.325718 0.872674
v -0.771905 0.044176 -0.622560
v -0.564108 0.041239 -0.853223
v -0.504568 -0.155151 -0.776747
v -0.528138 1.214521 -0.535286
v -0.867652 0.297739 -0.377258
v -0.709451 -0.125120 0.455423
v -0.099453 -0.494343 0.888261
v -0.205873 -0.574718 0.879743
v -0.381826 -1.187384 0.734474
v -0.393201 -1.222506 0.692420
v -0.374504 -1.216455 0.588538
v -0.340214 -1.193202 0.448168
v -0.297658 -1.182570 0.301812
v -0.142341 -0.477125 0.896671
v -0.158736 -0.505791 0.899864
v -0.186828 -0.513489 0.892233
v -0.214534 -0.481113 0.883337
v -0.201594 -0.425596 0.878726
v -0.153357 -0.359844 0.886054
v -0.125056 -0.357988 0.934425
v -0.537849 -0.729549 -0.317053
v -0.587075 -0.845389 0.485615
v -0.693280 0.340860 0.488128
v -0.260023 0.507036 0.875011
v -0.412836 -0.773232 -0.549644
v -0.330317 -0.772894 -0.634018
v -0.115194 -0.773387 -0.711554
v -0.419122 -1.388637 -0.169621
v -0.520790 -0.901372 -0.257601
v -0.218379 -1.211143 0.318397
v -0.261415 -1.221263 0.462323
v -0.384573 -1.131309 0.255433
v -0.438035 -1.132092 0.387116
v -0.595413 -0.937584 0.108085
v -0.358325 -1.431818 -0.089870
v -0.291193 -1.257401 0.739060
v -0.282584 -1.222471 0.770901
v -0.482547 -1.093310 0.627092
v -0.493037 -1.136790 0.575358
v -0.827665 -0.156904 -0.054143
v -0.491671 -1.056145 0.226368
v -0.713934 -0.619946 -0.124698
v -0.675932 -0.879314 0.168330
v -0.561920 -1.027124 0.304329
v -0.483859 -1.137483 0.503671
v -0.288487 -1.253236 0.613291
v -0.064009 -0.312912 1.060216
v -0.466617 0.331499 0.800307
v -0.327583 0.330484 0.876975
v -0.626934 0.596149 0.501439
v -0.520344 0.659323 0.644254
v -0.579320 0.304110 0.721689
v -0.666630 0.239277 0.602973
v -0.698536 0.170948 0.521304
v -0.714025 0.103443 0.470975
v -0.712737 -0.049088 0.444158
v -0.137073 0.158104 0.897223
v -0.060017 0.720684 0.851809
v -0.070084 0.943007 0.756420
v -0.431162 0.888597 0.629955
v -0.525320 0.854557 0.547934
v -0.602326 0.817869 0.443125
v -0.730607 0.788801 0.088297
v -0.089061 1.178253 0.593510
v -0.575044 1.215532 -0.078658
v -0.569535 1.228256 -0.309307
v -0.441799 1.324186 -0.299664
v -0.799479 0.130405 -0.613872
v -0.134184 0.051397 -1.016884
v -0.109308 -0.349041 -0.797086
v -0.123632 -0.152273 -0.918581
v -0.703365 -0.121548 -0.602978
v -0.662543 -0.203014 -0.573613
v -0.588727 0.155575 -0.878335
v -0.424218 0.042200 -0.938047
v -0.474468 -0.245480 -0.728342
v -0.338842 -0.348137 -0.739052
v -0.357325 -0.253225 -0.792981
v -0.414614 1.298717 -0.524985
v -0.360281 1.204969 -0.788444
v -0.034476 0.096992 0.922491
v -0.031036 0.032158 0.938996
v -0.111747 0.016729 0.879818
v -0.212843 -0.267725 0.818566
v -0.294148 -0.246063 0.773665
v -0.537083 -0.366589 0.637794
v -0.118759 -0.484255 1.098920
v -0.036594 -0.221769 1.029598
v -0.109804 -0.580196 0.983280
v -0.143210 -0.543619 1.005081
v -0.117196 -0.557699 1.029930
v -0.178749 -0.488121 0.945680
v -0.171249 -0.472071 0.986570
v -0.159810 -0.513601 0.979453
v -0.203550 -0.501764 0.887377
v -0.154297 -0.425489 0.984332
v -0.160407 -0.504112 0.941546
v -0.140163 -0.537170 0.983940
v -0.137166 -0.500240 0.963731
v -0.127289 -0.521626 0.974734
v -0.131838 -0.558907 0.968346
v -0.124547 -0.584368 0.948979
v -0.130429 -0.578051 0.923369
v -0.121729 -0.558884 0.940604
v -0.159259 -0.567629 0.887900
v -0.112428 -0.602969 0.928078
v -0.171270 -0.514849 0.897078
v -0.107848 -0.185478 0.903236
v -0.133264 -0.625782 0.915918
v -0.134994 -0.471201 0.934786
v -0.087163 -0.440866 0.936479
v -0.152031 -0.494957 0.899534
v -0.110389 -0.554287 0.920847
v -0.083516 -0.530119 0.931527
v -0.110336 -0.533478 0.958115
v -0.084152 -0.484720 0.945059
v -0.089086 0.025032 0.909527
v -0.090750 0.090309 0.905791
v -0.407171 0.691542 0.735818
v -0.356052 1.113632 0.539801
v -0.443369 1.074846 0.495677
v -0.380146 -0.158670 -0.847904
v -0.212034 0.316427 0.925327
v -0.364686 -1.121762 0.756704
v -0.360188 -1.203855 0.517190
v -0.321564 -1.184654 0.373229
v -0.451160 -0.281015 0.700704
v -0.123638 -0.531887 0.889253
v -0.146566 -0.513714 0.881955
v -0.147738 -0.559473 0.890195
v -0.170907 -0.532841 0.874251
v -0.103882 -0.334513 0.988528
v -0.144485 -0.385351 0.937140
v -0.152198 -0.616615 0.909626
v -0.177255 -0.598596 0.894174
v -0.221762 -0.511253 0.850437
v -0.327958 -0.447384 -0.694564
v -0.586576 -0.365931 -0.480095
v -0.691725 -0.812700 0.232978
v -0.080562 -0.238985 0.980994
v -0.086628 -0.269083 0.986945
v -0.105197 -0.260265 0.923191
v -0.043297 -0.249943 1.038809
v -0.195434 -0.371727 0.833284
v -0.172732 -0.371857 0.879672
v -0.285662 -0.290771 0.783107
v -0.739954 -0.038771 -0.619400
v -0.535594 -0.061157 -0.819557
v -0.403420 -0.061640 -0.897925
v -0.150771 -1.340730 0.051165
v -0.230675 -1.510171 0.015076
v -0.140390 -0.489815 0.884975
v -0.155860 -0.518982 0.886081
v -0.194591 -0.526003 0.868747
v -0.229709 -0.487465 0.850661
v -0.209402 -0.429426 0.848181
v -0.147586 -0.344980 0.877776
v -0.113963 -0.325520 0.932674
v -0.363465 -0.314833 0.748358
v -0.752059 -0.590666 -0.077569
v -0.650440 -0.649080 -0.170517
v -0.203507 0.715576 0.828006
v -0.231327 0.929474 0.727566
v -0.265146 1.144087 0.568150
v -0.531114 -0.815440 0.585009
v -0.610506 0.436649 0.625993
v -0.498075 0.481596 0.739499
v -0.376592 0.498987 0.820656
v -0.168674 0.510908 0.902365
v -0.051547 0.515881 0.915617
v -0.046099 -1.603839 0.094301
v -0.243200 -1.214817 0.389471
v -0.410329 -1.130448 0.322083
v -0.513609 -1.023839 0.164192
v -0.524581 -0.995523 0.088587
v -0.273313 -1.156497 0.787322
v -0.463562 -1.041722 0.666671
v -0.647888 -0.901670 0.136601
v -0.606738 -0.966459 0.223033
v -0.464148 -1.133630 0.442679
v -0.277990 -1.236044 0.535273
v -0.080572 -0.356405 1.074296
v -0.799290 0.373350 0.028249
v -0.779625 0.509609 0.056883
v -0.566690 1.165487 0.152711
v -0.138443 0.163849 -1.053304
v -0.116288 -0.249931 -0.856812
v -0.441890 0.157326 -0.969756
v -0.119484 1.239178 -0.846691
v -0.220246 -0.223660 0.808936
v -0.026428 -0.153801 1.006148
v -0.121675 -0.512098 1.089135
v -0.168168 -0.491283 0.983557
v -0.150488 -0.513239 0.971271
v -0.128906 -0.571898 0.944826
v -0.109111 -0.592909 0.952671
v -0.121320 -0.480515 0.955495
v -0.109740 -0.549503 0.938689
v -0.111985 -0.506481 0.968404
v -0.103862 0.162533 0.919065
v -0.037356 0.169916 0.935110
v -0.044434 0.330709 0.954387
v -0.371302 -0.266960 0.741126
v -0.075977 -0.169125 0.958256
v -0.532285 -0.286270 0.645090
v -0.129310 -0.051874 -0.972799
v -0.149079 -0.509277 0.886489
v -0.171589 -0.527887 0.879734
v -0.217724 -0.510834 0.858399
v -0.179890 -0.370443 0.856000
v -0.094987 -0.299131 0.989478
v -0.051861 -0.278378 1.048758
v -0.086711 -0.453613 0.906050
v -0.733563 -0.419046 -0.185336
v -0.591241 -0.685268 -0.222382
v -0.139866 0.320660 0.945884
v -0.464372 -1.340910 -0.267961
v -0.438952 -1.220130 -0.524831
v -0.371007 -1.180038 -0.643419
v -0.138752 -1.160645 -0.753445
v -0.160062 -0.669018 0.909016
v -0.100702 -0.423594 1.090945
v -0.122975 -0.373365 0.981586
v -0.304770 -0.519012 0.820176
v -0.335831 -0.540512 0.808853
v -0.335286 -0.423750 0.777526
v -0.389670 -0.449007 0.757499
v -0.202034 -0.317154 0.825027
v -0.319495 -0.626556 0.821564
v -0.358426 -0.564583 0.796235
v -0.430481 -0.479696 0.734350
v -0.681080 -0.214186 0.484078
v -0.571070 -0.445866 0.579216
v -0.351775 -0.370422 0.760263
v -0.421732 -0.397396 0.729103
v -0.480597 -0.433710 0.689682
v -0.515130 -0.488441 0.648866
v -0.530107 -0.564901 0.612364
v -0.541129 -0.678715 0.584261
v -0.275331 -0.343664 0.791241
v -0.267866 -0.399305 0.802077
v -0.267249 -0.500019 0.831570
v -0.030677 -0.189726 1.018554
v -0.077352 -0.206236 0.969718
v -0.105050 -0.225500 0.913946
v -0.588311 -0.532333 0.534271
v -0.597180 -0.655338 0.501404
v -0.626925 -0.404245 0.501554
v -0.798241 -0.312866 -0.064637
v -0.807484 -0.009277 0.127381
v -0.713188 0.024218 0.448111
v -0.799271 0.096453 0.154160
v -0.826620 0.108698 -0.026065
v -0.816776 -0.234156 -0.057854
v -0.833486 0.002872 -0.042129
v -0.847412 0.103479 -0.165759
v -0.847676 0.244972 -0.198093
v -0.814255 0.242542 0.000376
v -0.755995 0.322521 0.239456
v -0.832508 -0.081757 -0.050499
v -0.806631 -0.098490 0.109682
v -0.799973 -0.175579 0.098406
v -0.777942 -0.320803 0.083596
v -0.763297 -0.461081 0.079016
v -0.715779 0.480202 0.313063
v -0.848378 0.009207 -0.143140
v -0.781575 -0.384674 -0.148948
v -0.813102 -0.314474 -0.136387
v -0.833424 -0.232222 -0.128151
v -0.842347 -0.153852 -0.126181
v -0.846350 -0.074074 -0.131084
v -0.766101 -0.544565 0.008947
v -0.641609 -0.597765 0.417413
v -0.680744 -0.549147 0.338531
v -0.676667 -0.371916 0.415932
v -0.789068 -0.248211 0.090419
v -0.635420 -0.489592 0.456988
v -0.677781 -0.454786 0.376983
v -0.768917 -0.393709 0.078772
v -0.780136 -0.388016 -0.066295
v -0.759373 -0.512228 0.080872
v -0.644934 -0.736341 0.375805
v -0.685565 -0.659150 0.298981
v -0.617997 -0.331524 0.545824
v -0.678724 -0.299311 0.451675
v -0.611166 -0.257236 0.573417
v -0.732697 0.234152 0.402227
v -0.752279 0.147684 0.354381
v -0.763180 0.060738 0.319130
v -0.772487 -0.028294 0.300203
v -0.771662 -0.112623 0.286943
v -0.764907 -0.194326 0.274770
v -0.753495 -0.266188 0.256752
v -0.743929 -0.336798 0.239394
v -0.738711 -0.412277 0.218460
v -0.735570 -0.492418 0.194133
v -0.733922 -0.571812 0.168336
v -0.744472 -0.676602 0.100669
v -0.725446 -0.744842 0.022797
v -0.689771 -0.774612 -0.018232
v -0.630860 -0.817283 -0.051211
v -0.566657 -0.892921 -0.085815
v -0.657269 0.789875 0.325545
v -0.532085 1.090111 0.353645
v -0.099181 1.269102 0.481216
v -0.288025 1.226654 0.463330
v -0.375401 1.191378 0.440952
v -0.455094 1.149353 0.401676
v -0.463474 1.250063 0.200983
v -0.403096 1.277576 0.260586
v -0.215882 -0.439259 0.835315
v -0.270620 -0.453491 0.815528
v -0.321739 -0.472990 0.799332
v -0.361333 -0.496267 0.785785
v -0.389642 -0.522930 0.770662
v -0.409692 -0.561729 0.750936
v -0.423804 -0.617517 0.728174
v -0.435321 -0.699364 0.708498
v -0.438763 -0.787769 0.702247
v -0.416178 -0.960402 0.724763
v -0.339159 -1.036261 0.777769
v -0.259658 -1.075814 0.801063
v -0.245711 -0.548964 0.855945
v -0.157660 -0.203682 0.849444
v -0.151052 -0.246241 0.859746
v -0.146378 -0.287786 0.867455
v -0.247938 -0.998172 0.812437
v -0.309570 -0.959324 0.799212
v -0.370917 -0.899920 0.768189
v -0.379208 -0.777232 0.762497
v -0.371951 -0.714413 0.769381
v -0.361038 -0.665359 0.782697
v -0.349236 -0.622990 0.798246
v -0.335031 -0.599273 0.813208
v -0.314701 -0.581905 0.827632
v -0.285613 -0.564623 0.840987
v -0.656917 -0.555769 -0.203452
v -0.606170 -0.564703 -0.266551
v -0.548082 -0.602999 -0.368609
v -0.760715 -0.512306 -0.104473
v -0.724203 -0.531149 -0.152984
v -0.413622 -0.654381 -0.569744
v -0.324360 -0.661819 -0.644686
v -0.108366 -0.669129 -0.714772
v -0.771030 -0.487436 -0.018839
v -0.418366 -0.539276 -0.596412
v -0.103027 -0.561970 -0.720188
v -0.322719 -0.552271 -0.662258
v -0.570229 -0.469568 -0.408015
v -0.618156 -0.455912 -0.297643
v -0.668678 -0.441486 -0.231323
v -0.839384 0.392937 -0.175907
v -0.814827 0.417645 -0.631245
v -0.145307 0.457024 -1.101396
v -0.463013 0.442930 -1.007097
v -0.617107 0.434919 -0.910024
v -0.865668 0.421898 -0.378900
v -0.854339 0.558073 -0.374673
v -0.826752 0.532898 -0.157864
v -0.461957 0.596699 -1.004975
v -0.801395 0.571894 -0.639879
v -0.149035 0.603758 -1.105812
v -0.613029 0.589781 -0.908559
v -0.779727 0.809868 -0.126904
v -0.796606 0.838924 -0.351181
v -0.739652 0.860254 -0.608577
v -0.139985 0.886116 -1.058117
v -0.427548 0.879658 -0.957543
v -0.564812 0.875412 -0.866433
v -0.143652 0.301682 -1.082658
v -0.456923 0.293230 -0.993612
v -0.608369 0.287386 -0.897145
v -0.428493 -0.433168 -0.633416
v -0.104580 -0.453386 -0.750264
v -0.481555 1.101137 -0.792739
v -0.378556 1.112873 -0.857403
v -0.129793 1.135908 -0.934267
v -0.613173 1.111256 -0.564065
v -0.670245 1.108046 -0.322280
v -0.671818 1.082270 -0.095541
v -0.640473 1.046619 0.128757
v -0.593534 1.001387 0.325831
v -0.347843 1.313408 0.236145
v -0.141976 1.389605 -0.529874
v -0.149114 1.423723 -0.291373
v -0.143357 1.418961 -0.058315
v -0.120735 1.383528 0.211894
v -0.436506 1.315895 -0.051894
v -0.419949 1.301630 0.100827
v -0.028290 -0.024521 0.959771
v -0.111854 -0.044603 0.878950
v -0.088215 -0.033381 0.917611
v -0.115933 -0.096340 0.879316
v -0.086801 -0.082823 0.928512
v -0.025212 -0.074549 0.978363
v -0.421181 -1.011658 -0.531109
v -0.345496 -0.993332 -0.629618
v -0.126375 -0.979195 -0.724208
v -0.070616 -1.372437 0.066907
v -0.429815 -1.120710 -0.532593
v -0.355298 -1.092907 -0.636276
v -0.131831 -1.073798 -0.738020
v -0.091376 -1.282897 0.097534
v -0.171955 -1.256864 0.087674
v -0.416057 -0.893931 -0.534030
v -0.337974 -0.885188 -0.626226
v -0.121255 -0.877869 -0.715362
v -0.442834 -1.078809 -0.018289
v -0.056157 -1.480166 0.065279
v -0.260555 -1.286559 0.019434
v -0.242729 -1.390917 0.003073
v -0.375914 -1.311216 -0.091830
v -0.401494 -1.193658 -0.071956
v -0.435988 -1.264046 -0.171585
v -0.479336 -1.074178 -0.273799
v -0.468406 -1.210986 -0.275535
v -0.136686 -1.450077 0.045594
v -0.497429 -1.003866 -0.130408
v -0.455813 -1.135268 -0.161008
v -0.126898 -1.570304 0.066075
v -0.283936 -1.207554 0.060960
v -0.460995 -1.064796 0.154129
v -0.357123 -1.139568 0.189471
v -0.264523 -1.185884 0.226904
v -0.186333 -1.212684 0.244376
v -0.455192 -1.063312 0.081648
v -0.323379 -1.161819 0.122890
v -0.220434 -1.208048 0.153941
v -0.138035 -1.230307 0.164894
v 0.912439 0.022964 -0.283060
v 0.892363 -0.143145 -0.244170
v 0.984059 0.118887 -0.393251
v 1.089187 0.100063 -0.503156
v 1.136582 0.020927 -0.556111
v 0.861346 -0.403215 -0.230587
v 0.888089 -0.226904 -0.234755
v 0.871797 -0.318333 -0.218733
v 0.913650 -0.320229 -0.370556
v 0.872222 -0.332039 -0.315020
v 0.988446 -0.002253 -0.424658
v 0.908752 -0.042641 -0.361777
v 0.897194 -0.181517 -0.351922
v 0.875791 -0.273186 -0.306359
v 1.039193 -0.002098 -0.475823
v 0.851044 -0.317873 -0.285356
v 0.808101 -0.323639 -0.297581
v 0.818714 -0.319178 -0.319347
v 0.844142 -0.299015 -0.351541
v 0.768188 -0.301687 -0.274267
v 0.806860 -0.299101 -0.268344
v 0.813009 -0.266710 -0.272184
v 0.791024 -0.281752 -0.333026
v 0.763237 -0.294884 -0.299957
v 0.753036 -0.228699 -0.255368
v 0.747725 -0.263346 -0.254301
v 0.733184 -0.258547 -0.280766
v 0.812972 -0.217909 -0.283293
v 0.749310 -0.218761 -0.275993
v 1.103357 -0.187983 -0.544162
v 1.050907 -0.311787 -0.486391
v 0.928091 -0.253128 -0.413831
v 0.863902 -0.254189 -0.378494
v 0.776060 -0.252802 -0.331143
v 0.868666 -0.200724 -0.386243
v 0.929815 -0.184784 -0.426970
v 0.997216 -0.256586 -0.443953
v 1.034178 -0.168930 -0.478717
v 0.974823 -0.234367 -0.431402
v 0.990396 -0.170938 -0.443283
v 0.844415 -0.337706 -0.188210
v 0.889564 0.105818 -0.312240
v 0.918529 0.148483 -0.401303
v 0.966289 0.100300 -0.539014
v 1.065874 0.001566 -0.607149
v 1.064767 -0.191963 -0.596864
v 1.007027 -0.319693 -0.526478
v 0.792102 -0.442104 -0.268936
v 0.788514 -0.436293 -0.188023
v 0.740888 -0.461145 -0.229386
v 0.685140 -0.424398 -0.277859
v 0.737908 -0.395494 -0.327261
v 0.948163 -0.283764 -0.518755
v 0.997084 -0.175854 -0.574984
v 0.988310 -0.043829 -0.579069
v 0.926553 0.005436 -0.544653
v 0.858297 -0.244169 -0.490027
v 0.942524 -0.084391 -0.564791
v 0.840703 0.026958 -0.501247
v 0.857425 0.094687 -0.469129
v 0.864357 0.144537 -0.382819
v 0.887251 -0.067457 -0.537266
v 0.720903 -0.230833 -0.417573
v 0.798899 -0.091854 -0.492623
v 0.736221 -0.325441 -0.358723
v 0.667329 -0.327307 -0.352524
v 0.841156 -0.139225 -0.512444
v 0.789725 -0.217253 -0.454690
v 0.759104 -0.270212 -0.397359
v 0.861882 0.111015 -0.273988
v 0.868046 0.001488 -0.212615
v 0.864868 -0.163778 -0.185634
v 0.857058 -0.248402 -0.181554
v 0.931093 -0.001799 -0.306274
v 0.898735 -0.053783 -0.254037
v 0.909449 -0.132919 -0.283427
v 0.999186 0.079163 -0.398671
v 1.085415 0.064516 -0.486487
v 1.116299 -0.005114 -0.524630
v 0.976252 -0.362936 -0.367238
v 1.042840 -0.293835 -0.467999
v 0.924010 -0.374989 -0.289027
v 0.972118 -0.392118 -0.381311
v 0.891067 -0.361366 -0.248709
v 0.908968 -0.414125 -0.291120
v 0.913070 -0.205759 -0.283984
v 0.887965 -0.305939 -0.244084
v 0.879861 -0.278477 -0.224073
v 0.928422 -0.144838 -0.424789
v 0.998091 -0.127056 -0.443657
v 0.988306 0.030493 -0.418754
v 0.918310 -0.026804 -0.344018
v 0.878767 -0.077003 -0.333365
v 0.924539 -0.180635 -0.355022
v 0.870185 -0.134508 -0.325172
v 0.895135 -0.281437 -0.300040
v 0.891738 -0.231695 -0.336073
v 1.051643 0.019257 -0.486932
v 1.047782 -0.051697 -0.483707
v 0.997278 -0.062645 -0.435260
v 0.919246 -0.087763 -0.400527
v 0.861458 -0.134342 -0.355083
v 0.885558 -0.109241 -0.377614
v 0.881273 -0.319876 -0.280787
v 0.868025 -0.171108 -0.381441
v 0.898820 -0.192995 -0.409786
v 0.824336 -0.324581 -0.292190
v 0.845060 -0.327736 -0.319768
v 0.875903 -0.311804 -0.361708
v 0.896392 -0.255322 -0.398248
v 0.789691 -0.316151 -0.288499
v 0.787700 -0.301489 -0.267098
v 0.824299 -0.307329 -0.275731
v 0.846291 -0.269381 -0.292639
v 0.820145 -0.175138 -0.324869
v 0.840583 -0.156893 -0.338036
v 0.855837 -0.198780 -0.320270
v 0.809412 -0.187029 -0.292426
v 0.814329 -0.243332 -0.278181
v 0.804070 -0.192499 -0.323681
v 0.837285 -0.207367 -0.361701
v 0.829888 -0.252632 -0.359166
v 0.790859 -0.308397 -0.312277
v 0.776473 -0.223948 -0.262110
v 0.777946 -0.264511 -0.256764
v 0.748023 -0.243156 -0.252370
v 0.788634 -0.211918 -0.325902
v 0.776385 -0.203365 -0.280631
v 0.735050 -0.237549 -0.276772
v 0.867123 -0.229164 -0.384479
v 0.778783 -0.232767 -0.329313
v 0.929037 -0.221441 -0.422615
v 1.078555 -0.255751 -0.521760
v 1.085178 -0.178596 -0.518107
v 0.981439 -0.209146 -0.437787
v 1.122074 -0.115646 -0.555565
v 1.045306 -0.120041 -0.485597
v 1.049223 -0.170837 -0.499479
v 1.010862 -0.267153 -0.454581
v 1.017867 -0.216314 -0.464791
v 0.845259 -0.316647 -0.182158
v 0.868183 -0.077023 -0.195776
v 0.900865 0.080875 -0.298562
v 0.863485 0.064842 -0.236023
v 0.957271 0.144957 -0.397855
v 1.047501 0.118160 -0.531441
v 1.103095 -0.197418 -0.578349
v 1.081913 -0.115347 -0.615401
v 1.038625 -0.324125 -0.510123
v 1.037754 -0.261763 -0.565461
v 0.877022 -0.437647 -0.304679
v 0.914567 -0.408607 -0.418709
v 0.826311 -0.439068 -0.244260
v 0.841518 -0.438421 -0.327971
v 0.756089 -0.461134 -0.208281
v 0.760045 -0.429441 -0.299158
v 0.715534 -0.456589 -0.246525
v 0.789060 -0.390638 -0.367945
v 0.809118 -0.419077 -0.350803
v 0.863445 -0.362257 -0.429928
v 0.885009 -0.389078 -0.429664
v 0.974610 -0.302919 -0.528458
v 0.975499 -0.233698 -0.550818
v 1.025792 -0.182373 -0.589993
v 1.015313 -0.023481 -0.599480
v 1.007241 -0.117302 -0.588539
v 0.943006 0.043177 -0.552831
v 0.795490 -0.307154 -0.402056
v 0.845260 -0.337496 -0.423771
v 0.921609 -0.268488 -0.508058
v 0.970294 -0.171637 -0.564602
v 0.883517 -0.203989 -0.522100
v 0.927893 -0.116888 -0.560830
v 0.967157 -0.063168 -0.568438
v 0.908126 -0.030951 -0.539514
v 0.823804 -0.024090 -0.503790
v 0.851513 0.065704 -0.491757
v 0.755860 -0.165535 -0.462742
v 0.813834 -0.179508 -0.485333
v 0.730356 -0.361641 -0.348229
v 0.782603 -0.337097 -0.379648
v 0.666195 -0.378044 -0.315561
v 0.907684 -0.159149 -0.546730
v 0.866397 -0.102509 -0.530424
v 0.747895 -0.294760 -0.373241
v 0.684697 -0.283535 -0.384650
v 0.811276 -0.121876 -0.490529
v 0.912690 -0.059891 -0.279979
v 0.899699 -0.267199 -0.259459
v 0.941765 -0.324810 -0.366894
v 0.897517 -0.070034 -0.317805
v 0.900589 -0.126198 -0.327155
v 0.914855 -0.239571 -0.332609
v 1.067353 -0.039833 -0.505388
v 0.899196 -0.329136 -0.306292
v 0.895959 -0.157389 -0.405677
v 0.805124 -0.315174 -0.278883
v 0.842170 -0.161627 -0.312195
v 0.854389 -0.235987 -0.310737
v 0.841096 -0.183334 -0.357407
v 0.815035 -0.289457 -0.341220
v 0.777605 -0.243391 -0.257785
v 0.833292 -0.231241 -0.361951
v 0.898646 -0.226183 -0.406406
v 1.066351 -0.240410 -0.498677
v 1.098588 -0.116373 -0.527568
v 1.060849 -0.118258 -0.507731
v 1.032446 -0.222523 -0.481677
v 1.120510 0.026320 -0.589707
v 1.124161 -0.117496 -0.593452
v 1.072030 -0.267759 -0.549566
v 0.946157 -0.410793 -0.399577
v 1.003047 -0.247469 -0.562902
v 1.036828 -0.114855 -0.608358
v 0.948164 -0.223457 -0.540497
v 0.983412 -0.120602 -0.576511
v 0.781816 -0.360931 -0.376023
v 0.714070 -0.483898 -0.212504
v -0.182933 -0.789202 0.787819
v -0.151719 -0.806019 0.786945
v -0.102209 -0.840262 0.769425
v -0.048235 -0.854268 0.734966
v -0.159059 -0.709526 0.824838
v -0.078755 -0.752887 0.812148
v -0.045334 -0.768921 0.793295
v -0.005035 -0.800655 0.731320
v -0.147106 -0.715220 0.824275
v -0.127655 -0.727207 0.824513
v -0.105144 -0.741430 0.820216
v -0.010595 -0.824918 0.715854
v -0.018730 -0.788665 0.764937
v -0.027800 -0.849171 0.723034
v -0.090806 -0.769528 0.813961
v -0.061563 -0.781918 0.796086
v -0.037403 -0.795882 0.773681
v -0.020541 -0.806594 0.749878
v -0.019493 -0.818949 0.736822
v -0.032350 -0.828285 0.736651
v -0.052505 -0.827537 0.748884
v -0.105740 -0.805411 0.788201
v -0.147472 -0.773222 0.797784
v -0.176530 -0.755000 0.797794
v -0.166392 -0.739875 0.820214
v -0.154956 -0.745340 0.820970
v -0.136412 -0.753683 0.823067
v -0.114307 -0.761650 0.820579
v -0.172681 -0.740040 0.806563
v -0.141514 -0.759604 0.808042
v -0.100251 -0.788506 0.798557
v -0.053170 -0.812566 0.764793
v -0.037392 -0.819734 0.754532
v -0.028440 -0.819075 0.752872
v -0.031263 -0.813580 0.764330
v -0.049093 -0.804773 0.782293
v -0.073448 -0.796579 0.800164
v -0.100524 -0.790507 0.816795
v -0.121581 -0.784953 0.822677
v -0.143482 -0.780452 0.824662
v -0.162291 -0.772876 0.822434
v -0.173570 -0.768429 0.821207
v -0.170807 -0.739775 0.833848
v -0.137037 -0.754955 0.835060
v -0.095033 -0.780475 0.825512
v -0.052944 -0.802721 0.793129
v -0.040279 -0.810915 0.783500
v -0.034569 -0.814296 0.780739
v -0.038364 -0.812088 0.788815
v -0.054894 -0.806991 0.804802
v -0.076975 -0.802119 0.821795
v -0.101465 -0.795840 0.837808
v -0.122675 -0.789123 0.843779
v -0.145043 -0.786010 0.846235
v -0.164985 -0.783081 0.843399
v -0.176415 -0.779472 0.841549
v -0.170870 -0.755391 0.873163
v -0.174450 -0.783711 0.872457
v -0.160666 -0.789839 0.873906
v -0.143439 -0.796480 0.874178
v -0.122427 -0.800639 0.869172
v -0.100511 -0.803102 0.862467
v -0.077808 -0.804463 0.847167
v -0.057854 -0.806866 0.829854
v -0.041863 -0.809275 0.814394
v -0.037708 -0.810201 0.808229
v -0.042176 -0.809065 0.811156
v -0.054006 -0.805116 0.821169
v -0.091633 -0.788057 0.855804
v -0.134871 -0.771895 0.869483
v -0.140114 -0.815034 0.889869
v -0.152185 -0.775156 0.892703
v -0.095819 -0.798820 0.873857
v -0.075450 -0.804104 0.858027
v -0.041309 -0.809055 0.826136
v -0.134718 -0.784217 0.889763
v -0.037548 -0.810803 0.821047
v -0.041158 -0.810344 0.823168
v -0.052221 -0.806709 0.831710
v -0.181765 -0.810363 0.895038
v -0.093059 -0.813278 0.865475
v -0.168127 -0.768410 0.892891
v -0.115781 -0.792282 0.883643
v -0.056471 -0.806143 0.840903
v -0.193727 -0.866352 0.884208
v -0.149776 -0.872932 0.877435
v -0.097517 -0.851022 0.861798
v -0.159700 -0.741908 0.909300
v -0.087106 -0.782294 0.880255
v -0.068763 -0.792403 0.864144
v -0.124395 -0.761499 0.901223
v -0.142710 -0.751352 0.907022
v -0.105640 -0.771688 0.891849
v -0.051835 -0.801370 0.846530
v -0.037636 -0.808008 0.831633
v -0.033689 -0.812053 0.826150
v -0.050806 -0.819095 0.835424
v -0.037807 -0.815006 0.827763
v -0.044757 -0.794760 0.848258
v -0.060395 -0.779400 0.866780
v -0.150161 -0.891206 0.871090
v -0.114946 -0.740902 0.905816
v -0.027824 -0.814759 0.825880
v -0.048558 -0.831203 0.833952
v -0.152409 -0.717738 0.917082
v -0.077690 -0.766194 0.882738
v -0.196661 -0.883522 0.877275
v -0.096810 -0.870877 0.856815
v -0.133840 -0.727442 0.914344
v -0.095953 -0.753684 0.896152
v -0.031248 -0.806980 0.832665
v -0.033953 -0.822536 0.826862
v -0.027067 -0.836406 0.820863
v -0.034358 -0.787435 0.846252
v -0.040937 -0.855764 0.823637
v -0.020299 -0.900784 0.796573
v -0.000234 -0.737507 0.853158
v -0.050026 -0.767901 0.866359
v -0.105450 -0.722876 0.907222
v -0.146078 -0.914696 0.855413
v -0.123653 -0.981097 0.818011
v -0.112973 -0.664389 0.907694
v -0.058589 -0.677898 0.891305
v -0.013451 -0.713132 0.866350
v -0.019255 -0.818889 0.822240
v 0.000664 -0.818291 0.812977
v 0.017041 -0.939474 0.756880
v -0.147880 -0.702643 0.915765
v -0.128826 -0.657274 0.910141
v -0.032008 -0.756784 0.861489
v -0.015674 -0.778321 0.841046
v 0.004544 -0.785976 0.826058
v -0.021466 -0.804588 0.830442
v -0.032206 -0.880938 0.810934
v -0.137770 -0.943738 0.835884
v -0.195301 -0.904170 0.859925
v -0.190552 -0.932285 0.837976
v -0.184374 -0.974289 0.821895
v 0.066276 -0.781853 0.800765
v -0.089058 -0.668240 0.901017
v -0.066747 -0.751396 0.883822
v -0.091218 -0.902877 0.840609
v -0.077313 -0.936275 0.820811
v -0.057795 -0.972655 0.798406
v -0.098727 -1.057590 0.792919
v -0.127010 -0.711360 0.912812
v -0.143374 -0.687721 0.913547
v -0.092801 -0.706505 0.906453
v -0.029037 -0.691264 0.877694
v -0.084742 -0.735567 0.897435
v -0.009400 -0.857082 0.803701
v -0.011043 -0.819410 0.818232
v 0.051008 -0.828403 0.783881
v 0.037186 -0.879480 0.767043
v -0.020183 -0.847984 0.813416
v -0.175749 -1.053785 0.807628
v -0.052882 -0.739232 0.880409
v -0.021571 -1.040394 0.757256
v -0.118012 -0.696918 0.910533
v -0.010213 -0.796273 0.828361
v -0.070011 -0.717940 0.896203
v 0.205390 -0.784321 0.723854
v 0.176590 -0.852873 0.698012
v 0.149841 -0.930676 0.672146
v 0.102992 -1.003889 0.666306
v 0.016558 -1.130266 0.700029
v -0.083866 -1.149519 0.768654
v -0.175365 -1.140981 0.794985
v 0.264778 -1.154377 0.255377
v 0.781194 0.207413 0.191963
v 0.184922 -1.197493 0.341254
v 0.235055 -1.146211 0.188612
v 0.162423 -1.183910 0.265213
v 0.183104 0.231842 0.920015
v 0.115565 0.085032 0.882801
v 0.521512 1.028795 0.440528
v 0.571350 0.982681 0.394910
v 0.824599 0.248808 -0.590404
v 0.447946 -0.336805 -0.679018
v 0.620955 -0.283173 -0.532312
v 0.444636 1.174931 -0.758493
v -0.036480 -0.590282 0.978527
v 0.029969 -0.549011 0.943394
v 0.056278 -0.526674 0.947415
v 0.035153 -0.585442 0.862971
v 0.064284 -0.481356 0.943131
v 0.003361 -0.447227 0.921457
v -0.049779 -0.525013 0.947213
v -0.056394 -0.544956 0.918225
v -0.059104 -0.608843 0.921604
v 0.004789 -0.529896 0.879833
v 0.085652 -0.568817 0.842195
v 0.166238 -0.153200 0.815255
v 0.016010 -0.529390 0.939138
v -0.020351 -0.572044 0.890424
v -0.042101 -0.581238 0.922272
v -0.029118 -0.565996 0.961153
v 0.301918 0.708292 0.793604
v 0.330690 0.914379 0.689007
v 0.137317 -1.179076 0.202322
v 0.007237 -0.560043 0.881400
v 0.200613 -1.184617 0.405822
v 0.281715 -1.135601 0.316875
v 0.069074 -0.338575 0.930341
v 0.374336 -0.541073 0.702055
v 0.087421 -0.389471 0.872549
v 0.771905 0.044176 -0.622560
v 0.564108 0.041239 -0.853222
v 0.504569 -0.155151 -0.776746
v 0.528138 1.214521 -0.535285
v 0.867652 0.297739 -0.377257
v 0.711146 -0.178259 0.456843
v -0.029371 -0.510164 0.888262
v -0.014646 -0.636036 0.884001
v -0.089933 -1.258088 0.734515
v -0.095391 -1.294532 0.692420
v -0.103901 -1.281039 0.588538
v -0.096523 -1.247315 0.448166
v -0.053462 -1.225692 0.301811
v 0.016762 -0.513044 0.896671
v 0.019250 -0.545973 0.899864
v 0.041304 -0.564993 0.892232
v 0.080236 -0.547665 0.883338
v 0.092409 -0.491970 0.878726
v 0.076984 -0.417953 0.886052
v 0.053762 -0.400312 0.934425
v 0.454575 -0.801297 -0.317053
v 0.215576 -1.098448 0.494069
v 0.691810 0.341873 0.486689
v 0.260021 0.507019 0.875015
v 0.412838 -0.773232 -0.549644
v 0.330317 -0.772894 -0.634018
v 0.115194 -0.773387 -0.711554
v 0.396463 -1.395604 -0.169621
v 0.426889 -0.959575 -0.257602
v -0.139402 -1.225156 0.318396
v -0.179858 -1.239373 0.462323
v 0.049370 -1.207150 0.255432
v 0.022194 -1.233171 0.387115
v 0.300227 -1.103051 0.108084
v 0.334117 -1.437912 -0.089869
v -0.202073 -1.278955 0.739060
v -0.193769 -1.243951 0.770900
v 0.034897 -1.227637 0.628256
v 0.032280 -1.264082 0.575541
v 0.829918 -0.214064 -0.054142
v 0.146570 -1.179174 0.226368
v 0.546660 -0.830069 -0.124699
v 0.340951 -1.107290 0.168354
v 0.174971 -1.190855 0.304328
v 0.031036 -1.259858 0.503670
v -0.197658 -1.274936 0.613291
v 0.018988 -0.330666 1.060216
v 0.466434 0.331367 0.800119
v 0.327582 0.330463 0.876979
v 0.626424 0.595947 0.501040
v 0.519816 0.659073 0.643722
v 0.579113 0.303942 0.721481
v 0.668352 0.238464 0.602078
v 0.699937 0.169441 0.520506
v 0.714036 0.103176 0.471016
v 0.715197 -0.060911 0.444221
v 0.137106 0.158272 0.897225
v 0.060016 0.720684 0.851809
v 0.070083 0.943007 0.756420
v 0.431162 0.888597 0.629955
v 0.525264 0.854536 0.547879
v 0.602274 0.817856 0.443092
v 0.730606 0.788801 0.088297
v 0.089061 1.178253 0.593510
v 0.575044 1.215532 -0.078659
v 0.569535 1.228256 -0.309306
v 0.441800 1.324186 -0.299663
v 0.799479 0.130405 -0.613871
v 0.134184 0.051397 -1.016883
v 0.109309 -0.349041 -0.797087
v 0.123633 -0.152273 -0.918581
v 0.703365 -0.121548 -0.602977
v 0.662543 -0.203014 -0.573612
v 0.588727 0.155575 -0.878334
v 0.424218 0.042204 -0.938044
v 0.474469 -0.245480 -0.728342
v 0.338839 -0.348135 -0.739049
v 0.357321 -0.253222 -0.792976
v 0.414615 1.298717 -0.524985
v 0.360282 1.204969 -0.788444
v 0.034444 0.096970 0.922496
v 0.035764 0.031523 0.939002
v 0.113842 0.015615 0.879794
v 0.179124 -0.375774 0.814477
v 0.267599 -0.375210 0.764141
v 0.447742 -0.605008 0.639143
v -0.007597 -0.509352 1.098919
v 0.033116 -0.233238 1.029573
v -0.057022 -0.592123 0.983282
v -0.011023 -0.573462 1.005081
v -0.040563 -0.575001 1.029928
v 0.044913 -0.538616 0.945680
v 0.045037 -0.520901 0.986569
v 0.016864 -0.553488 0.979453
v 0.061441 -0.561590 0.887377
v 0.049742 -0.471554 0.984332
v 0.021480 -0.545177 0.941546
v -0.011004 -0.566330 0.983939
v 0.002158 -0.531694 0.963731
v -0.015951 -0.546762 0.974734
v -0.027914 -0.582369 0.968346
v -0.048706 -0.601490 0.948979
v -0.042097 -0.597995 0.923369
v -0.037666 -0.577864 0.940604
v -0.019393 -0.601606 0.888626
v -0.079567 -0.611228 0.928387
v 0.026678 -0.559536 0.897079
v 0.108560 -0.236397 0.902247
v -0.104741 -0.634415 0.916635
v 0.012672 -0.504538 0.934787
v -0.017488 -0.456596 0.936479
v 0.017851 -0.533310 0.899534
v -0.046149 -0.568789 0.920847
v -0.059125 -0.535625 0.931527
v -0.036351 -0.550180 0.958115
v -0.039048 -0.494904 0.945059
v 0.092578 0.023653 0.909510
v 0.090898 0.090496 0.905803
v 0.407170 0.691513 0.735825
v 0.356051 1.113632 0.539802
v 0.443368 1.074846 0.495677
v 0.380141 -0.158665 -0.847898
v 0.212032 0.316425 0.925327
v -0.083517 -1.191802 0.757472
v -0.101307 -1.264142 0.517190
v -0.077939 -1.234131 0.373229
v 0.408193 -0.444376 0.690818
v -0.023982 -0.554436 0.889271
v 0.004851 -0.547899 0.881955
v -0.016565 -0.589504 0.890357
v 0.018432 -0.575588 0.874251
v 0.045375 -0.368851 0.988528
v 0.058835 -0.430870 0.937140
v -0.084637 -0.636706 0.911070
v -0.054303 -0.637128 0.897080
v 0.065303 -0.584314 0.851296
v 0.327958 -0.447382 -0.694563
v 0.586576 -0.365931 -0.480095
v 0.357198 -1.080887 0.234507
v 0.067470 -0.271795 0.980922
v 0.060184 -0.302708 0.986939
v 0.081263 -0.308655 0.922933
v 0.028527 -0.263218 1.038806
v 0.111326 -0.450869 0.833259
v 0.088682 -0.436525 0.879670
v 0.238473 -0.431423 0.777560
v 0.739955 -0.038771 -0.619399
v 0.535595 -0.061157 -0.819556
v 0.403421 -0.061640 -0.897925
v 0.079316 -1.347287 0.051165
v 0.210430 -1.513216 0.015075
v 0.009548 -0.523664 0.884975
v 0.010986 -0.556648 0.886081
v 0.042150 -0.581049 0.868746
v 0.089531 -0.564903 0.850727
v 0.097592 -0.498775 0.848216
v 0.078850 -0.404978 0.877765
v 0.058764 -0.368940 0.932672
v 0.303473 -0.485411 0.742289
v 0.579819 -0.828702 -0.077570
v 0.492299 -0.823406 -0.170517
v 0.203506 0.715574 0.828007
v 0.231325 0.929474 0.727565
v 0.265146 1.144087 0.568150
v 0.160047 -1.048245 0.596474
v 0.609792 0.437010 0.625315
v 0.497538 0.482121 0.738777
v 0.376591 0.498917 0.820670
v 0.168672 0.510906 0.902365
v 0.051545 0.515881 0.915617
v 0.027437 -1.604275 0.094301
v -0.163400 -1.231090 0.389471
v 0.028979 -1.218693 0.322082
v 0.203539 -1.151297 0.164191
v 0.268399 -1.114574 0.088586
v -0.178450 -1.179870 0.787484
v 0.028913 -1.175796 0.669617
v 0.330570 -1.103534 0.136600
v 0.252514 -1.151461 0.223031
v 0.027028 -1.246843 0.442679
v -0.189636 -1.256638 0.535273
v 0.013841 -0.377386 1.074296
v 0.799163 0.373350 0.028250
v 0.779477 0.509609 0.056882
v 0.566689 1.165487 0.152711
v 0.138444 0.163849 -1.053304
v 0.116289 -0.249931 -0.856812
v 0.441891 0.157328 -0.969755
v 0.119484 1.239178 -0.846691
v 0.203480 -0.329817 0.802102
v 0.040034 -0.161324 1.006036
v -0.016926 -0.535748 1.089135
v 0.034000 -0.536926 0.983557
v 0.008602 -0.549156 0.971271
v -0.038612 -0.592283 0.944826
v -0.068517 -0.602287 0.952754
v -0.003678 -0.507074 0.955495
v -0.043807 -0.564388 0.938689
v -0.023263 -0.526510 0.968404
v 0.103885 0.162628 0.919067
v 0.037349 0.169905 0.935127
v 0.044428 0.330708 0.954378
v 0.336008 -0.411348 0.730910
v 0.083308 -0.200056 0.957937
v 0.490106 -0.456745 0.637378
v 0.129310 -0.051874 -0.972799
v 0.009032 -0.544973 0.886489
v 0.021357 -0.571445 0.879734
v 0.068904 -0.579960 0.858460
v 0.095448 -0.441490 0.855997
v 0.053809 -0.333887 0.989477
v 0.023904 -0.293621 1.048758
v -0.023372 -0.467913 0.906050
v 0.671048 -0.574709 -0.185337
v 0.462802 -0.810177 -0.222382
v 0.139834 0.320654 0.945895
v 0.451432 -1.345568 -0.267961
v 0.438952 -1.220130 -0.524831
v 0.371009 -1.180038 -0.643419
v 0.138752 -1.160645 -0.753446
v -0.146600 -0.676005 0.910423
v 0.002160 -0.446817 1.090944
v 0.044792 -0.410776 0.981586
v 0.095997 -0.651894 0.826359
v 0.093410 -0.697830 0.819416
v 0.202336 -0.580738 0.779221
v 0.223616 -0.644878 0.763082
v 0.146522 -0.414177 0.823539
v 0.005422 -0.760347 0.839214
v 0.082569 -0.740014 0.811865
v 0.225187 -0.707300 0.746120
v 0.668954 -0.338324 0.483678
v 0.422629 -0.739937 0.592026
v 0.261021 -0.541759 0.758333
v 0.306363 -0.609565 0.730408
v 0.330617 -0.681628 0.697454
v 0.309692 -0.769198 0.664418
v 0.268050 -0.858877 0.631356
v 0.227096 -0.956201 0.599801
v 0.201718 -0.477453 0.789124
v 0.162160 -0.514589 0.802302
v 0.091884 -0.605302 0.834513
v 0.037051 -0.199230 1.018485
v 0.075586 -0.239305 0.969501
v 0.094379 -0.276646 0.913199
v 0.370617 -0.857948 0.550947
v 0.303499 -0.972356 0.515639
v 0.510727 -0.706584 0.514118
v 0.769172 -0.454491 -0.064637
v 0.808681 -0.015900 0.127263
v 0.712968 0.026329 0.448268
v 0.799272 0.096087 0.154160
v 0.826620 0.108694 -0.026065
v 0.809204 -0.331497 -0.057854
v 0.834428 -0.000648 -0.042128
v 0.847412 0.103479 -0.165758
v 0.847676 0.244972 -0.198093
v 0.814255 0.242542 0.000376
v 0.755761 0.322514 0.239435
v 0.836393 -0.107519 -0.050499
v 0.810601 -0.132139 0.109683
v 0.800641 -0.252382 0.098405
v 0.735886 -0.501059 0.083824
v 0.641181 -0.715071 0.079428
v 0.715292 0.480108 0.312831
v 0.849302 0.005829 -0.143139
v 0.736767 -0.527481 -0.148948
v 0.794959 -0.411060 -0.136388
v 0.829195 -0.300041 -0.128151
v 0.844455 -0.193512 -0.126181
v 0.849385 -0.092709 -0.131083
v 0.595489 -0.808133 0.008968
v 0.380049 -0.947119 0.431945
v 0.455769 -0.900624 0.350820
v 0.583883 -0.665225 0.425922
v 0.775198 -0.376997 0.090469
v 0.450271 -0.829738 0.472907
v 0.521508 -0.788010 0.390031
v 0.688790 -0.616301 0.079094
v 0.718878 -0.569057 -0.066295
v 0.605863 -0.778357 0.081231
v 0.321073 -1.046767 0.385188
v 0.402530 -0.987589 0.307529
v 0.553635 -0.566854 0.548742
v 0.635505 -0.514387 0.455626
v 0.577732 -0.425142 0.568494
v 0.731835 0.235582 0.401472
v 0.752278 0.147694 0.354370
v 0.763180 0.059258 0.319131
v 0.773710 -0.043386 0.299469
v 0.775374 -0.166538 0.287067
v 0.762502 -0.303827 0.275484
v 0.729627 -0.444626 0.258564
v 0.682527 -0.580309 0.242844
v 0.627981 -0.698675 0.222854
v 0.575497 -0.796761 0.198636
v 0.531219 -0.873112 0.171686
v 0.471361 -0.970716 0.101292
v 0.458536 -0.994549 0.022802
v 0.439122 -0.990900 -0.018233
v 0.405112 -0.987774 -0.051211
v 0.374700 -1.012408 -0.085815
v 0.657309 0.789751 0.325793
v 0.532085 1.090111 0.353646
v 0.099180 1.269102 0.481216
v 0.288024 1.226654 0.463329
v 0.375401 1.191378 0.440953
v 0.455094 1.149353 0.401675
v 0.463474 1.250063 0.200983
v 0.403096 1.277576 0.260587
v 0.097107 -0.511776 0.835718
v 0.129731 -0.560997 0.816957
v 0.149280 -0.617368 0.803184
v 0.151961 -0.674060 0.794066
v 0.141668 -0.727387 0.784964
v 0.123264 -0.784373 0.770585
v 0.101679 -0.838156 0.750238
v 0.085138 -0.902654 0.727838
v 0.054271 -0.968407 0.718714
v -0.001819 -1.081368 0.731283
v -0.088030 -1.103867 0.780357
v -0.173486 -1.098378 0.801710
v 0.032484 -0.639046 0.861157
v 0.150064 -0.282974 0.846354
v 0.129609 -0.324196 0.857620
v 0.107861 -0.358229 0.866690
v -0.179654 -1.018453 0.813854
v -0.110362 -1.021545 0.804501
v -0.040509 -1.006301 0.778125
v -0.004731 -0.916870 0.780034
v 0.008851 -0.865590 0.789498
v 0.019609 -0.820554 0.803186
v 0.028156 -0.780995 0.818480
v 0.037822 -0.750093 0.829908
v 0.041882 -0.719110 0.840355
v 0.039266 -0.681748 0.849906
v 0.547256 -0.712772 -0.203453
v 0.512064 -0.690209 -0.266552
v 0.513318 -0.644709 -0.368609
v 0.632595 -0.735597 -0.104474
v 0.601765 -0.729134 -0.152985
v 0.413624 -0.654381 -0.569744
v 0.324359 -0.661819 -0.644686
v 0.108366 -0.669129 -0.714772
v 0.639811 -0.731300 -0.018839
v 0.418366 -0.539276 -0.596412
v 0.103027 -0.561970 -0.720188
v 0.322718 -0.552269 -0.662257
v 0.570229 -0.469568 -0.408014
v 0.574554 -0.543091 -0.297643
v 0.603768 -0.580055 -0.231324
v 0.839384 0.392937 -0.175906
v 0.814827 0.417645 -0.631244
v 0.145308 0.457024 -1.101396
v 0.463015 0.442930 -1.007097
v 0.617108 0.434919 -0.910023
v 0.865668 0.421898 -0.378900
v 0.854340 0.558073 -0.374672
v 0.826752 0.532898 -0.157863
v 0.461958 0.596699 -1.004975
v 0.801395 0.571894 -0.639879
v 0.149036 0.603758 -1.105812
v 0.613031 0.589781 -0.908559
v 0.779727 0.809868 -0.126904
v 0.796607 0.838924 -0.351181
v 0.739653 0.860254 -0.608577
v 0.139985 0.886116 -1.058116
v 0.427548 0.879658 -0.957543
v 0.564814 0.875412 -0.866433
v 0.143652 0.301682 -1.082658
v 0.456927 0.293230 -0.993612
v 0.608370 0.287386 -0.897145
v 0.428493 -0.433168 -0.633416
v 0.104580 -0.453386 -0.750264
v 0.481555 1.101137 -0.792738
v 0.378556 1.112873 -0.857403
v 0.129794 1.135908 -0.934268
v 0.613173 1.111256 -0.564065
v 0.670245 1.108046 -0.322279
v 0.671819 1.082270 -0.095540
v 0.640473 1.046619 0.128758
v 0.593533 1.001387 0.325832
v 0.347844 1.313408 0.236146
v 0.141976 1.389605 -0.529874
v 0.149115 1.423723 -0.291373
v 0.143357 1.418961 -0.058315
v 0.120734 1.383528 0.211894
v 0.436506 1.315895 -0.051895
v 0.419948 1.301630 0.100827
v 0.039556 -0.028284 0.959738
v 0.118093 -0.056822 0.878787
v 0.097005 -0.043060 0.917491
v 0.124992 -0.128313 0.878614
v 0.099214 -0.105623 0.928090
v 0.041059 -0.079901 0.978259
v 0.421182 -1.011658 -0.531109
v 0.345496 -0.993332 -0.629618
v 0.126375 -0.979195 -0.724208
v 0.001029 -1.374372 0.066906
v 0.429815 -1.120710 -0.532593
v 0.355298 -1.092907 -0.636276
v 0.131832 -1.073798 -0.738020
v -0.020509 -1.286284 0.097534
v 0.058114 -1.268310 0.087674
v 0.416057 -0.893931 -0.534030
v 0.337974 -0.885188 -0.626226
v 0.121255 -0.877869 -0.715362
v 0.300655 -1.134286 -0.018290
v 0.017114 -1.481172 0.065280
v 0.181096 -1.301273 0.019434
v 0.198398 -1.398316 0.003072
v 0.326058 -1.325431 -0.091830
v 0.312537 -1.222808 -0.071956
v 0.392585 -1.279297 -0.171585
v 0.439437 -1.093240 -0.273799
v 0.445966 -1.220139 -0.275535
v 0.097347 -1.453389 0.045594
v 0.372177 -1.066088 -0.130408
v 0.381454 -1.165571 -0.161008
v 0.108391 -1.571841 0.066232
v 0.159756 -1.232800 0.060959
v 0.171255 -1.165282 0.154128
v 0.078307 -1.201509 0.189471
v -0.023796 -1.220089 0.226903
v -0.109593 -1.223711 0.244376
v 0.224828 -1.148324 0.081648
v 0.116210 -1.206433 0.122889
v 0.014584 -1.230821 0.153941
v -0.065212 -1.237161 0.164894
vt 0.591874 0.409190
vt 0.584644 0.440359
vt 0.589462 0.449424
vt 0.598253 0.458734
vt 0.609119 0.465452
vt 0.654061 0.459220
vt 0.663192 0.449472
vt 0.668420 0.437505
vt 0.669089 0.423416
vt 0.665195 0.416273
vt 0.601334 0.401080
vt 0.611920 0.396294
vt 0.605216 0.477139
vt 0.603672 0.480655
vt 0.591441 0.468521
vt 0.588678 0.471078
vt 0.581520 0.456280
vt 0.578368 0.458279
vt 0.572747 0.446480
vt 0.577205 0.445178
vt 0.571062 0.434592
vt 0.675957 0.411906
vt 0.679762 0.410336
vt 0.683517 0.420471
vt 0.680250 0.429150
vt 0.684218 0.432598
vt 0.677822 0.443141
vt 0.680960 0.446850
vt 0.621673 0.480499
vt 0.641136 0.478137
vt 0.640663 0.481719
vt 0.620598 0.484233
vt 0.606316 0.473651
vt 0.593336 0.466031
vt 0.583360 0.454757
vt 0.579102 0.444009
vt 0.581768 0.415477
vt 0.588049 0.405530
vt 0.673121 0.413480
vt 0.675591 0.440968
vt 0.641092 0.474940
vt 0.622512 0.477245
vt 0.593722 0.410862
vt 0.595628 0.411965
vt 0.586815 0.431321
vt 0.588986 0.431370
vt 0.587639 0.438856
vt 0.588810 0.438583
vt 0.592293 0.447554
vt 0.593912 0.446451
vt 0.600359 0.455455
vt 0.601906 0.454111
vt 0.611403 0.461985
vt 0.612446 0.459631
vt 0.653092 0.455977
vt 0.651818 0.454463
vt 0.661049 0.447024
vt 0.658588 0.445137
vt 0.665766 0.436658
vt 0.663264 0.436045
vt 0.663090 0.417261
vt 0.660593 0.419460
vt 0.602315 0.403147
vt 0.604259 0.405215
vt 0.664724 0.428295
vt 0.663937 0.424692
vt 0.666556 0.424288
vt 0.666945 0.428039
vt 0.679468 0.419939
vt 0.676851 0.421356
vt 0.677320 0.427673
vt 0.670131 0.428054
vt 0.626888 0.394260
vt 0.612907 0.398608
vt 0.614193 0.401567
vt 0.611353 0.384192
vt 0.628013 0.381026
vt 0.628708 0.383431
vt 0.610982 0.387159
vt 0.628176 0.386622
vt 0.598253 0.391726
vt 0.599342 0.393757
vt 0.586729 0.403836
vt 0.586023 0.401029
vt 0.599875 0.395805
vt 0.611312 0.389786
vt 0.645715 0.383314
vt 0.645553 0.386669
vt 0.644835 0.389743
vt 0.642769 0.397385
vt 0.640906 0.466689
vt 0.624558 0.468914
vt 0.638728 0.460107
vt 0.640430 0.462931
vt 0.625089 0.465038
vt 0.624455 0.462657
vt 0.658823 0.472876
vt 0.657879 0.469940
vt 0.669677 0.456995
vt 0.671553 0.460210
vt 0.656694 0.467346
vt 0.667924 0.454686
vt 0.584986 0.422537
vt 0.586206 0.418086
vt 0.583546 0.431466
vt 0.578427 0.422237
vt 0.575852 0.433931
vt 0.580397 0.414441
vt 0.572562 0.421786
vt 0.577677 0.411471
vt 0.577700 0.433221
vt 0.580271 0.422365
vt 0.590801 0.423753
vt 0.588562 0.422772
vt 0.589935 0.419386
vt 0.592028 0.420685
vt 0.641694 0.399865
vt 0.640210 0.404104
vt 0.627532 0.400567
vt 0.626844 0.396675
vt 0.660933 0.390456
vt 0.672581 0.400325
vt 0.659862 0.394127
vt 0.670033 0.403547
vt 0.658423 0.397158
vt 0.667977 0.406290
vt 0.653342 0.403660
vt 0.661004 0.410687
vt 0.649532 0.408845
vt 0.651895 0.405260
vt 0.659071 0.411790
vt 0.656511 0.414758
vt 0.582599 0.441622
vt 0.581074 0.431877
vt 0.582342 0.422454
vt 0.584105 0.417078
vt 0.590277 0.407658
vt 0.600731 0.398909
vt 0.611590 0.393932
vt 0.627109 0.391896
vt 0.643594 0.394712
vt 0.655495 0.401399
vt 0.663440 0.409327
vt 0.668022 0.415453
vt 0.671998 0.422862
vt 0.672925 0.427494
vt 0.671667 0.438270
vt 0.664906 0.451442
vt 0.654854 0.462656
vt 0.641055 0.469750
vt 0.623661 0.472034
vt 0.607738 0.468597
vt 0.587078 0.451379
vt 0.596444 0.461352
vt 0.408502 0.409854
vt 0.415959 0.440970
vt 0.411207 0.450069
vt 0.402484 0.459443
vt 0.391666 0.466239
vt 0.346679 0.460332
vt 0.337477 0.450650
vt 0.332164 0.438722
vt 0.335235 0.417467
vt 0.398985 0.401812
vt 0.388364 0.397103
vt 0.397222 0.481403
vt 0.395654 0.477898
vt 0.412148 0.471717
vt 0.409366 0.469180
vt 0.422363 0.458844
vt 0.419197 0.456866
vt 0.427900 0.447004
vt 0.423431 0.445735
vt 0.429497 0.435104
vt 0.320625 0.411636
vt 0.324440 0.413178
vt 0.316944 0.421798
vt 0.316330 0.433929
vt 0.319691 0.448158
vt 0.322802 0.444426
vt 0.379221 0.481376
vt 0.380322 0.485103
vt 0.360240 0.482734
vt 0.359741 0.479155
vt 0.394527 0.474417
vt 0.407453 0.466704
vt 0.417346 0.455357
vt 0.421526 0.444579
vt 0.418654 0.416067
vt 0.412301 0.406166
vt 0.327289 0.414732
vt 0.325018 0.442237
vt 0.378359 0.478129
vt 0.359762 0.475958
vt 0.404770 0.412656
vt 0.406667 0.411539
vt 0.411552 0.432013
vt 0.411780 0.439224
vt 0.412952 0.439488
vt 0.406734 0.447129
vt 0.408361 0.448220
vt 0.398796 0.454846
vt 0.400353 0.456179
vt 0.388297 0.460442
vt 0.389357 0.462789
vt 0.348889 0.455559
vt 0.347625 0.457082
vt 0.342051 0.446282
vt 0.339604 0.448187
vt 0.337310 0.437225
vt 0.334811 0.437856
vt 0.339859 0.420621
vt 0.337348 0.418439
vt 0.398019 0.403886
vt 0.396090 0.405969
vt 0.335792 0.429486
vt 0.333570 0.429246
vt 0.333931 0.425492
vt 0.336554 0.425877
vt 0.320273 0.430453
vt 0.320988 0.421236
vt 0.323194 0.428955
vt 0.323616 0.422634
vt 0.331393 0.424638
vt 0.330384 0.429283
vt 0.373382 0.395178
vt 0.387394 0.399424
vt 0.386130 0.402392
vt 0.388843 0.384998
vt 0.371484 0.384362
vt 0.372160 0.381952
vt 0.372038 0.387549
vt 0.389236 0.387961
vt 0.400922 0.394475
vt 0.401997 0.392436
vt 0.414295 0.401651
vt 0.413608 0.404462
vt 0.400404 0.396527
vt 0.388924 0.390590
vt 0.354476 0.384367
vt 0.354663 0.387722
vt 0.355402 0.390791
vt 0.357524 0.398417
vt 0.376252 0.469813
vt 0.359888 0.467706
vt 0.362018 0.461108
vt 0.376310 0.463555
vt 0.375692 0.465941
vt 0.360337 0.463944
vt 0.342017 0.474022
vt 0.329195 0.461449
vt 0.331049 0.458220
vt 0.342939 0.471080
vt 0.344106 0.468477
vt 0.332785 0.455899
vt 0.414234 0.418709
vt 0.416991 0.432069
vt 0.413722 0.431947
vt 0.411912 0.423411
vt 0.415487 0.423151
vt 0.424704 0.434478
vt 0.420018 0.415021
vt 0.422715 0.412032
vt 0.427906 0.422309
vt 0.422045 0.422804
vt 0.420200 0.422944
vt 0.422852 0.433781
vt 0.409681 0.424408
vt 0.408432 0.421350
vt 0.410514 0.420034
vt 0.358617 0.400890
vt 0.373444 0.397592
vt 0.372782 0.401489
vt 0.360131 0.405117
vt 0.327734 0.401573
vt 0.339311 0.391621
vt 0.330304 0.404776
vt 0.340407 0.395283
vt 0.332381 0.407505
vt 0.341868 0.398304
vt 0.339385 0.411851
vt 0.346997 0.404769
vt 0.350844 0.409927
vt 0.343908 0.415890
vt 0.341326 0.412940
vt 0.348454 0.406358
vt 0.418012 0.442217
vt 0.419467 0.432462
vt 0.418131 0.423049
vt 0.416329 0.417686
vt 0.410089 0.408310
vt 0.399571 0.399637
vt 0.388677 0.394739
vt 0.373144 0.392815
vt 0.356679 0.395751
vt 0.344826 0.402523
vt 0.336940 0.410509
vt 0.332402 0.416668
vt 0.328480 0.424106
vt 0.327586 0.428744
vt 0.328923 0.439510
vt 0.335778 0.452634
vt 0.345911 0.463774
vt 0.359762 0.470768
vt 0.377172 0.472926
vt 0.393070 0.469374
vt 0.413603 0.452007
vt 0.404310 0.462047
vt 2.171062 0.591616
vt 2.152027 0.595362
vt 2.122004 0.579528
vt 2.118878 0.561679
vt 2.165999 0.523207
vt 2.184545 0.522243
vt 2.185250 0.578107
vt 2.197662 0.525647
vt 2.201819 0.541959
vt 2.199326 0.553288
vt 2.193475 0.565568
vt 2.166780 0.579695
vt 2.153931 0.582593
vt 2.176462 0.570781
vt 2.187549 0.559694
vt 2.183846 0.564363
vt 2.130727 0.574568
vt 2.125146 0.562022
vt 2.128410 0.562238
vt 2.139985 0.562117
vt 2.134963 0.570610
vt 2.155086 0.576987
vt 2.165717 0.574189
vt 2.190280 0.552322
vt 2.188181 0.540850
vt 2.181723 0.535351
vt 2.153864 0.565555
vt 2.161726 0.564792
vt 2.160130 0.556102
vt 2.154591 0.555869
vt 2.179621 0.540104
vt 2.178305 0.543515
vt 2.169877 0.536190
vt 2.172620 0.540765
vt 2.179718 0.546467
vt 2.179389 0.548122
vt 2.182721 0.545198
vt 2.180765 0.548024
vt 2.173090 0.565006
vt 2.175549 0.558601
vt 2.181923 0.562907
vt 2.185155 0.558766
vt 2.186957 0.552676
vt 2.183309 0.551395
vt 2.182583 0.555075
vt 2.180100 0.557830
vt 2.165478 0.555696
vt 2.170096 0.554794
vt 2.172056 0.558383
vt 2.168150 0.561975
vt 2.175073 0.546885
vt 2.174001 0.544422
vt 2.177590 0.545947
vt 2.178726 0.547144
vt 2.177408 0.547834
vt 2.178502 0.548261
vt 2.179974 0.552098
vt 2.178500 0.551104
vt 2.180347 0.550783
vt 2.179877 0.549037
vt 2.179005 0.549223
vt 2.178740 0.550542
vt 2.174233 0.555560
vt 2.174739 0.553550
vt 2.178297 0.549347
vt 2.178041 0.550431
vt 2.177943 0.550760
vt 2.177016 0.554217
vt 2.178933 0.553220
vt 2.178108 0.551522
vt 2.177351 0.552087
vt 2.177443 0.551140
vt 2.177867 0.551010
vt 2.170332 0.552158
vt 2.172076 0.548349
vt 2.171081 0.549975
vt 2.161062 0.551376
vt 2.165886 0.551925
vt 2.167116 0.548852
vt 2.168788 0.546555
vt 2.164939 0.544491
vt 2.162771 0.547528
vt 2.146592 0.530966
vt 2.140128 0.536112
vt 2.156353 0.550704
vt 2.158515 0.546369
vt 2.160807 0.542733
vt 2.175767 0.548351
vt 2.177479 0.549169
vt 2.175081 0.551933
vt 2.177500 0.550701
vt 2.175364 0.550762
vt 2.175620 0.549887
vt 2.177532 0.550354
vt 2.122442 0.554310
vt 2.130090 0.546694
vt 2.134678 0.541623
vt 2.128550 0.555692
vt 2.134106 0.548947
vt 2.136851 0.550480
vt 2.131915 0.557038
vt 2.144340 0.553943
vt 2.168263 0.532072
vt 2.149764 0.535839
vt 2.138437 0.544434
vt 2.143624 0.539861
vt 2.151518 0.537969
vt 2.145976 0.541628
vt 2.141091 0.546024
vt 2.147847 0.548996
vt 2.151219 0.544830
vt 2.153650 0.542119
vt 2.209697 0.549794
vt 2.205816 0.563762
vt 2.194927 0.582635
vt 2.174864 0.599110
vt 2.149910 0.605717
vt 2.131048 0.612119
vt 2.114453 0.582954
vt 2.107149 0.585336
vt 2.109529 0.560844
vt 2.114905 0.561248
vt 2.116679 0.551523
vt 2.118895 0.553177
vt 2.127003 0.544796
vt 2.124241 0.542792
vt 2.129375 0.536896
vt 2.131981 0.539316
vt 2.137757 0.533459
vt 2.135474 0.530828
vt 2.142500 0.525208
vt 2.144584 0.528162
vt 2.164702 0.517838
vt 2.163123 0.512355
vt 2.185832 0.513177
vt 2.185416 0.504440
vt 2.211064 0.537077
vt 2.204011 0.499872
vt 2.205051 0.513025
vt 2.201575 0.488773
vt 2.196881 0.476630
vt 2.178531 0.485951
vt 2.182976 0.495406
vt 2.160719 0.506431
vt 2.157441 0.500334
vt 2.132668 0.527459
vt 2.129669 0.523869
vt 2.136968 0.517386
vt 2.139971 0.521402
vt 2.121028 0.539889
vt 2.126259 0.533841
vt 2.123163 0.530475
vt 2.117789 0.536569
vt 2.113432 0.547612
vt 2.109398 0.543289
vt 2.153578 0.494357
vt 2.149796 0.488226
vt 2.126836 0.520272
vt 2.133930 0.513204
vt 2.131058 0.508522
vt 2.124085 0.516365
vt 2.115196 0.533185
vt 2.120553 0.527170
vt 2.118067 0.523845
vt 2.113144 0.530128
vt 2.105213 0.534630
vt 2.106655 0.538966
vt 2.091264 0.533275
vt 2.094553 0.549856
vt 2.091987 0.542137
vt 2.120584 0.614054
vt 2.099357 0.589164
vt 2.099125 0.558885
vt 2.172507 0.477407
vt 2.165452 0.470855
vt 2.167825 0.450072
vt 2.179746 0.455978
vt 2.189487 0.464947
vt 2.116674 0.505827
vt 2.124257 0.496127
vt 2.115411 0.476939
vt 2.104292 0.529283
vt 2.110662 0.515288
vt 2.106618 0.523393
vt 2.158296 0.466705
vt 2.145936 0.471540
vt 2.155918 0.447713
vt 2.144559 0.453104
vt 2.134537 0.459658
vt 2.069715 0.520500
vt 2.066887 0.554853
vt 2.066759 0.539274
vt 2.125373 0.628960
vt 2.147045 0.629861
vt 2.224576 0.533116
vt 2.226441 0.544222
vt 2.219397 0.481670
vt 2.223476 0.490143
vt 2.229285 0.477958
vt 2.226463 0.504683
vt 2.218990 0.470241
vt 2.185068 0.424751
vt 2.201537 0.435170
vt 2.213129 0.452226
vt 2.069826 0.569042
vt 2.087796 0.604305
vt 2.132269 0.429011
vt 2.149081 0.417912
vt 2.223441 0.565745
vt 2.169625 0.622620
vt 2.192718 0.609203
vt 2.212323 0.589393
vt 2.105790 0.489086
vt 2.082827 0.514725
vt 2.092468 0.523652
vt 2.095016 0.514030
vt 2.098751 0.502407
vt 2.115378 0.447652
vt 2.094384 0.469225
vt 2.079224 0.496923
vt 0.468552 0.240174
vt 0.467541 0.241292
vt 0.468275 0.238521
vt 0.467480 0.238732
vt 0.468440 0.237919
vt 0.468195 0.237949
vt 0.468490 0.237804
vt 0.468376 0.237793
vt 0.468529 0.237704
vt 0.468389 0.237633
vt 0.468613 0.237474
vt 0.468283 0.237184
vt 0.471165 0.235470
vt 0.471293 0.233185
vt 0.481812 0.233989
vt 0.481857 0.230543
vt 0.495312 0.233958
vt 0.495132 0.229913
vt 0.494463 0.248105
vt 0.493947 0.251464
vt 0.488814 0.247449
vt 0.488078 0.250644
vt 0.481497 0.246186
vt 0.480737 0.249009
vt 0.470702 0.244767
vt 0.471355 0.242689
vt 0.475702 0.244620
vt 0.475071 0.247121
vt 0.487511 0.253816
vt 0.469626 0.246996
vt 0.495181 0.227793
vt 0.470926 0.231653
vt 0.493578 0.254817
vt 0.467713 0.237848
vt 0.481751 0.228622
vt 0.474064 0.249698
vt 0.479830 0.251919
vt 0.468092 0.237760
vt 0.466391 0.238941
vt 0.466246 0.242536
vt 0.468014 0.237541
vt 0.467724 0.236840
vt 0.493800 0.257911
vt 0.487921 0.256878
vt 0.480284 0.254741
vt 0.474375 0.252388
vt 0.469626 0.249696
vt 0.465283 0.245166
vt 0.464123 0.240266
vt 0.466060 0.237748
vt 0.466850 0.237670
vt 0.466547 0.237294
vt 0.465839 0.235727
vt 0.470887 0.228416
vt 0.482441 0.225331
vt 0.495484 0.224237
vt 0.495674 0.219854
vt 0.495751 0.214941
vt 0.470015 0.222580
vt 0.470833 0.224694
vt 0.493982 0.261992
vt 0.493841 0.265153
vt 0.488221 0.260962
vt 0.487899 0.264026
vt 0.483085 0.221239
vt 0.482010 0.216854
vt 0.479938 0.261419
vt 0.480509 0.258632
vt 0.474445 0.255944
vt 0.473857 0.258228
vt 0.468852 0.254891
vt 0.469485 0.253071
vt 0.463875 0.250453
vt 0.464604 0.248822
vt 0.461587 0.243981
vt 0.460528 0.245748
vt 0.461570 0.238081
vt 0.458631 0.239392
vt 0.459139 0.236816
vt 0.463088 0.237280
vt 0.462410 0.236259
vt 0.459429 0.234852
vt 0.462653 0.232407
vt 0.461520 0.230592
vt 0.493606 0.268572
vt 0.493417 0.271179
vt 0.461675 0.252425
vt 0.462909 0.251576
vt 0.457931 0.247099
vt 0.459407 0.246727
vt 0.495893 0.209912
vt 0.495826 0.209068
vt 0.467918 0.218502
vt 0.468615 0.219923
vt 0.487324 0.267240
vt 0.486796 0.269673
vt 0.481016 0.211868
vt 0.480869 0.210993
vt 0.478147 0.266127
vt 0.478965 0.264180
vt 0.472896 0.260432
vt 0.471973 0.262115
vt 0.466822 0.257786
vt 0.467913 0.256464
vt 0.456621 0.240304
vt 0.454363 0.239880
vt 0.452805 0.236197
vt 0.455774 0.236618
vt 0.456876 0.234260
vt 0.454318 0.233511
vt 0.458205 0.228718
vt 0.459736 0.229433
vt 0.492208 0.279612
vt 0.491195 0.187161
vt 0.491797 0.192884
vt 0.451422 0.256966
vt 0.449463 0.258047
vt 0.453080 0.204909
vt 0.449599 0.198129
vt 0.432629 0.215184
vt 0.446504 0.250357
vt 0.443456 0.250417
vt 0.492623 0.197848
vt 0.493150 0.200965
vt 0.456256 0.210218
vt 0.458167 0.213845
vt 0.483782 0.277932
vt 0.474295 0.203908
vt 0.473869 0.200922
vt 0.473062 0.196040
vt 0.472242 0.189974
vt 0.458114 0.263573
vt 0.456834 0.264913
vt 0.463897 0.270314
vt 0.464776 0.268874
vt 0.472721 0.273739
vt 0.472115 0.275173
vt 0.441747 0.241347
vt 0.436955 0.240867
vt 0.439651 0.236740
vt 0.435299 0.229976
vt 0.434160 0.235268
vt 0.441474 0.233291
vt 0.446228 0.227096
vt 0.440659 0.224487
vt 0.436006 0.219660
vt 0.428468 0.225369
vt 0.431794 0.227371
vt 0.430706 0.235331
vt 0.426912 0.236195
vt 0.432534 0.243368
vt 0.437874 0.252258
vt 0.462248 0.273497
vt 0.471148 0.277770
vt 0.469825 0.287826
vt 0.481011 0.289370
vt 0.495779 0.291675
vt 0.490988 0.290753
vt 0.481585 0.046769
vt 2.503596 0.320507
vt 0.395764 0.052374
vt 2.462208 0.314825
vt 0.265054 0.054247
vt 0.300995 0.055977
vt 0.490577 0.165949
vt 0.491748 0.150741
vt 0.490766 0.160417
vt 0.441168 0.169386
vt 0.438706 0.145969
vt 0.439935 0.159452
vt 0.257681 0.104732
vt 0.257167 0.082408
vt 0.301154 0.097207
vt 0.297127 0.079007
vt 0.414729 0.095741
vt 0.407636 0.076176
vt 0.486287 0.098197
vt 0.484573 0.074882
vt 0.493729 0.352340
vt 0.386347 0.531654
vt 0.353521 0.529957
vt 0.362807 0.613544
vt 0.262898 0.879351
vt 2.685114 0.944168
vt 2.536459 0.620102
vt 2.537216 0.515624
vt 0.484675 0.665521
vt 0.494091 0.345184
vt 0.494878 0.339940
vt 0.494921 0.329958
vt 0.495117 0.337636
vt 0.481420 0.332836
vt 0.475162 0.330491
vt 0.473775 0.332885
vt 0.478545 0.341959
vt 0.480350 0.335460
vt 0.483118 0.329634
vt 0.482788 0.327710
vt 0.489709 0.328749
vt 0.487240 0.326375
vt 0.489272 0.322381
vt 0.489042 0.317682
vt 0.486928 0.313910
vt 0.491569 0.316848
vt 0.491736 0.322925
vt 0.495306 0.322492
vt 0.495327 0.316162
vt 0.476914 0.327975
vt 0.477857 0.326706
vt 0.489510 0.310576
vt 0.490255 0.299689
vt 0.494849 0.309960
vt 0.495334 0.299810
vt 0.361413 0.490783
vt 0.340574 0.483220
vt 0.324438 0.469956
vt 0.323674 0.397024
vt 0.337098 0.386435
vt 0.353778 0.379530
vt 0.481933 0.325448
vt 0.481255 0.323522
vt 0.478832 0.325000
vt 0.479605 0.323297
vt 0.485085 0.316153
vt 0.483951 0.317589
vt 0.485131 0.319226
vt 0.486797 0.318515
vt 0.484857 0.324631
vt 0.486857 0.321964
vt 0.484985 0.321653
vt 0.483310 0.323273
vt 0.490595 0.477322
vt 0.490590 0.456732
vt 2.583970 0.757460
vt 2.602152 0.514489
vt 0.390516 0.666257
vt 0.399900 0.613385
vt 0.489925 0.517461
vt 0.372694 0.377667
vt 0.480854 0.299245
vt 0.343102 0.093424
vt 0.333371 0.056411
vt 0.337510 0.076342
vt 0.479663 0.317376
vt 0.478043 0.309979
vt 0.478882 0.313056
vt 0.479421 0.315626
vt 0.309338 0.438243
vt 0.312156 0.454129
vt 0.478124 0.350469
vt 2.637816 0.515317
vt 2.637926 0.485745
vt 0.491409 0.143277
vt 0.433508 0.131243
vt 0.423152 0.113811
vt 0.348873 0.107799
vt 0.306224 0.111333
vt 0.263377 0.118732
vt 0.275673 0.145291
vt 0.471151 0.339444
vt 0.469867 0.347268
vt 2.601957 0.595357
vt 2.602072 0.542998
vt 2.602075 0.569739
vt 2.536772 0.595513
vt 2.537284 0.544341
vt 2.537033 0.570883
vt 2.638006 0.543261
vt 2.638440 0.569973
vt 2.638761 0.596225
vt 2.705603 0.523285
vt 2.708299 0.550024
vt 2.711701 0.575112
vt 2.715725 0.598854
vt 2.720021 0.622694
vt 0.020914 0.183670
vt 2.649955 0.893833
vt 2.619141 0.853622
vt 2.723970 0.654470
vt 2.704305 0.494775
vt 0.314795 0.409584
vt 0.310288 0.423165
vt 0.404298 0.387714
vt 0.389114 0.381124
vt 0.471427 0.166005
vt 0.472173 0.159614
vt 0.473103 0.149040
vt 0.471118 0.139675
vt 0.465732 0.117711
vt 0.460447 0.098825
vt 2.485845 0.319332
vt 0.455176 0.076678
vt 0.445121 0.049134
vt 0.476535 0.321550
vt 0.478055 0.321513
vt 0.477764 0.320444
vt 0.476284 0.319561
vt 0.476635 0.318782
vt 0.477764 0.319821
vt 0.472890 0.321135
vt 0.475191 0.321429
vt 0.475059 0.318841
vt 0.472239 0.317491
vt 0.472515 0.316028
vt 0.475456 0.317790
vt 0.465697 0.322848
vt 0.469769 0.321364
vt 0.467251 0.316519
vt 0.460721 0.317527
vt 0.461877 0.325731
vt 0.455384 0.320618
vt 0.457551 0.345764
vt 0.452310 0.344926
vt 0.451484 0.332583
vt 0.457943 0.335196
vt 0.459794 0.349669
vt 0.458125 0.352155
vt 0.479790 0.356369
vt 0.469897 0.352464
vt 0.469647 0.357586
vt 0.480437 0.361464
vt 0.480496 0.366429
vt 0.493716 0.358328
vt 0.493754 0.363782
vt 0.493692 0.368841
vt 0.480376 0.321713
vt 0.480688 0.321692
vt 0.481745 0.321646
vt 0.482933 0.321121
vt 0.482839 0.320115
vt 0.480465 0.321232
vt 0.480111 0.320042
vt 0.482634 0.319269
vt 0.382247 0.324853
vt 0.402273 0.337754
vt 0.445857 0.665482
vt 0.419989 0.666021
vt 0.428875 0.612360
vt 0.453294 0.611064
vt 0.486930 0.609741
vt 0.405488 0.194825
vt 0.334412 0.564959
vt 0.375413 0.568429
vt 0.410410 0.566502
vt 0.461742 0.561806
vt 0.440063 0.563779
vt 0.488766 0.560950
vt 0.482620 0.281655
vt 0.483384 0.279421
vt 0.492058 0.281147
vt 0.496390 0.287004
vt 0.491570 0.283576
vt 0.488487 0.118450
vt 0.428241 0.247507
vt 0.433147 0.259048
vt 0.395595 0.216201
vt 0.419473 0.314403
vt 0.410650 0.325307
vt 0.407250 0.299148
vt 0.394986 0.310255
vt 0.397005 0.281653
vt 0.379935 0.291596
vt 0.391451 0.261134
vt 0.391008 0.238906
vt 0.358821 0.130805
vt 0.419548 0.349168
vt 0.425789 0.338503
vt 0.432510 0.328559
vt 0.446120 0.342334
vt 0.493564 0.374223
vt 0.493401 0.380925
vt 0.479914 0.371793
vt 0.478427 0.378491
vt 0.440227 0.350461
vt 0.435417 0.359581
vt 0.372183 0.266555
vt 0.371614 0.239828
vt 0.391664 0.185278
vt 0.377543 0.212170
vt 0.351691 0.208293
vt 0.316030 0.136102
vt 0.101811 0.330011
vt 0.269201 0.421532
vt 0.314998 0.517771
vt 0.290406 0.499265
vt 0.270349 0.449438
vt 0.275521 0.476855
vt 0.122462 0.525736
vt 0.100599 0.437413
vt 0.108071 0.477367
vt 0.273331 0.391906
vt 0.286362 0.357763
vt 0.098738 0.366858
vt 0.097878 0.401334
vt 0.162233 0.432691
vt 0.157057 0.397212
vt 0.155910 0.362712
vt 0.207721 0.706716
vt 0.308600 0.806080
vt 0.210823 0.548042
vt 0.188918 0.509756
vt 0.172550 0.470069
vt 0.105953 0.292381
vt 0.045825 0.535365
vt 0.073811 0.332289
vt 0.070226 0.368807
vt 0.066257 0.404288
vt 0.061350 0.440055
vt 0.053988 0.478201
vt 0.077362 0.293291
vt 0.161790 0.295729
vt 0.157761 0.328699
vt 0.345899 0.241738
vt 0.316810 0.211605
vt 0.314506 0.245629
vt 0.282323 0.218578
vt 0.281987 0.251038
vt 0.113808 0.258016
vt 0.081180 0.255243
vt 0.161366 0.202493
vt 0.144402 0.220225
vt 0.368381 0.166767
vt 0.167848 0.264942
vt 0.319530 0.175616
vt 0.281935 0.187225
vt 0.355657 0.307912
vt 0.347184 0.273796
vt 0.315544 0.278860
vt 0.318631 0.311841
vt 0.282532 0.284253
vt 0.283716 0.318857
vt 0.414472 0.360347
vt 0.396286 0.351320
vt 0.375548 0.343303
vt 0.350472 0.337987
vt 0.320230 0.342717
vt 0.287782 0.547182
vt 0.257281 0.519073
vt 0.239826 0.490394
vt 0.227465 0.458779
vt 0.220518 0.425969
vt 0.217637 0.392591
vt 0.216966 0.358670
vt 0.216738 0.324896
vt 0.218479 0.292304
vt 0.220349 0.261052
vt 0.221663 0.231671
vt 0.221943 0.205587
vt 0.210858 0.167664
vt 0.192800 0.139574
vt 0.183020 0.122149
vt 0.245467 0.591274
vt 0.282446 0.675767
vt 0.312822 0.609788
vt 0.479502 0.733989
vt 0.475698 0.770372
vt 0.434830 0.730086
vt 0.425364 0.763431
vt 0.409811 0.727228
vt 0.400126 0.758931
vt 0.343911 0.749370
vt 0.354572 0.721473
vt 0.382772 0.724563
vt 0.373695 0.755641
vt 0.448631 0.328970
vt 0.438602 0.317810
vt 0.435688 0.295906
vt 0.427936 0.304783
vt 0.418116 0.290573
vt 0.410270 0.274724
vt 0.405896 0.257118
vt 0.405557 0.238406
vt 0.408974 0.219569
vt 0.416558 0.202103
vt 0.443601 0.179053
vt 0.471237 0.172769
vt 0.490521 0.171870
vt 0.465335 0.374940
vt 0.450459 0.368549
vt 0.467397 0.368087
vt 0.453562 0.360911
vt 0.456357 0.355008
vt 0.469084 0.362848
vt 0.445266 0.261872
vt 0.453952 0.268433
vt 0.466599 0.314062
vt 0.468374 0.299757
vt 0.445202 0.307952
vt 0.454586 0.299193
vt 0.458509 0.315030
vt 0.452709 0.318215
vt 0.490634 0.177640
vt 0.490860 0.181874
vt 0.471717 0.184085
vt 0.471456 0.179186
vt 0.445765 0.186434
vt 0.447482 0.192083
vt 0.424322 0.207382
vt 0.429197 0.211378
vt 0.418403 0.221993
vt 0.424279 0.223697
vt 0.415955 0.237827
vt 0.422685 0.237058
vt 0.416500 0.253790
vt 0.423593 0.250675
vt 0.426990 0.283115
vt 0.420305 0.269104
vt 0.427922 0.263895
vt 0.458776 0.284525
vt 0.440276 0.269137
vt 0.448917 0.277636
vt 0.443274 0.287445
vt 0.434450 0.276105
vt 0.052789 0.144105
vt 0.078240 0.162537
vt 2.310280 0.382746
vt 2.288570 0.384630
vt 0.123392 0.159415
vt 0.137293 0.178175
vt 0.117112 0.202428
vt 0.051804 0.247021
vt 2.231633 0.313029
vt 2.183851 0.309080
vt 2.536997 0.484893
vt 2.180859 0.329874
vt 2.177740 0.350844
vt 2.602738 0.484409
vt 2.226761 0.335933
vt 2.250374 0.340512
vt 2.244034 0.363405
vt 2.221931 0.357656
vt 0.175866 0.238682
vt 0.182524 0.220927
vt 0.100062 0.186635
vt 0.069055 0.226607
vt 0.047998 0.200467
vt 2.713204 0.426950
vt 2.743682 0.409298
vt 2.831702 0.683776
vt 2.705337 0.692574
vt 2.692631 0.725214
vt 2.777683 0.681196
vt 0.083351 0.646142
vt 0.063492 0.592855
vt 2.822626 0.727139
vt 2.810616 0.767269
vt 2.535475 0.677244
vt 2.597207 0.678790
vt 2.632466 0.681835
vt 2.766361 0.712978
vt 2.753670 0.746296
vt 2.535225 0.703442
vt 2.593733 0.707178
vt 2.626819 0.711375
vt 2.532797 0.751969
vt 2.612405 0.763444
vt 2.669196 0.783893
vt 2.536292 0.647943
vt 2.600065 0.649652
vt 2.601356 0.621294
vt 2.638436 0.623104
vt 2.636689 0.651903
vt 0.162148 0.618534
vt 0.140287 0.571858
vt 2.705941 0.464347
vt 2.639163 0.421246
vt 2.638506 0.454490
vt 2.604617 0.420916
vt 2.603834 0.453180
vt 2.536955 0.419915
vt 2.536834 0.452771
vt 0.134990 0.747096
vt 2.775009 0.842820
vt 2.722458 0.811346
vt 0.270351 0.778106
vt 2.637386 0.832759
vt 2.595826 0.805082
vt 2.531437 0.797821
vt 2.721875 0.911850
vt 0.210720 0.838145
vt 2.575068 0.800909
vt 2.572855 0.820734
vt 2.589177 0.819290
vt 2.678467 0.869141
vt 0.320522 0.669424
vt 0.357211 0.666928
vt 0.316733 0.731702
vt 0.332381 0.716766
vt 0.352721 0.818472
vt 0.379419 0.812061
vt 2.530347 0.820292
vt 2.539309 0.883846
vt 2.547082 0.935848
vt 2.554554 0.997391
vt 0.444577 0.949005
vt 0.463794 0.853466
vt 2.594980 0.868976
vt 2.617378 0.913663
vt 2.643579 0.974093
vt 0.326055 0.908462
vt 0.354915 0.858460
vt 0.394291 0.827273
vt 0.438789 0.450338
vt 0.383286 0.492755
vt 0.406730 0.488496
vt 0.473506 0.455418
vt 0.463879 0.454167
vt 0.472221 0.476082
vt 0.422711 0.525727
vt 0.450536 0.518081
vt 0.467356 0.516763
vt 0.422527 0.478737
vt 0.433550 0.464802
vt 0.461880 0.474926
vt 0.454940 0.496964
vt 0.473220 0.437007
vt 0.491149 0.437825
vt 0.493157 0.388884
vt 0.491603 0.421485
vt 0.492249 0.408096
vt 0.439376 0.435844
vt 0.463304 0.435662
vt 0.431254 0.369428
vt 0.477122 0.386597
vt 0.447302 0.377576
vt 0.463190 0.383466
vt 0.436444 0.420850
vt 0.429651 0.407902
vt 0.418117 0.396882
vt 0.472804 0.420917
vt 0.473194 0.407389
vt 0.440913 0.402016
vt 0.459515 0.405437
vt 0.461490 0.419377
vt 2.243177 0.221638
vt 2.240992 0.242072
vt 2.185979 0.228578
vt 2.186600 0.246961
vt 2.236333 0.288963
vt 2.239034 0.264860
vt 2.185884 0.287813
vt 2.186731 0.266829
vt 2.316006 0.358674
vt 2.296189 0.354429
vt 2.276211 0.214813
vt 0.090230 0.109405
vt 0.106553 0.133892
vt 0.178852 0.063490
vt 0.177798 0.097168
vt 2.256783 0.315910
vt 2.325674 0.335768
vt 2.307052 0.327123
vt 2.359431 0.301568
vt 2.271176 0.238143
vt 2.263307 0.289932
vt 2.267703 0.263443
vt 2.325285 0.294235
vt 2.344044 0.193615
vt 2.373882 0.185937
vt 2.358842 0.278424
vt 2.502241 0.137261
vt 2.500818 0.236975
vt 2.501284 0.173235
vt 2.500854 0.206492
vt 2.401682 0.178377
vt 2.395540 0.209875
vt 2.391890 0.240637
vt 2.392267 0.271014
vt 2.475616 0.241684
vt 2.475467 0.213795
vt 2.476848 0.180884
vt 2.479489 0.146125
vt 2.442111 0.250272
vt 2.441179 0.225175
vt 2.443197 0.194846
vt 2.447721 0.161503
vt 2.432690 0.307461
vt 2.434247 0.300485
vt 2.457899 0.301099
vt 2.482983 0.304030
vt 2.502786 0.304950
vt 2.361761 0.248534
vt 2.330568 0.257521
vt 2.336732 0.225349
vt 2.366976 0.217142
vt 2.400870 0.297751
vt 2.417676 0.302689
vt 2.425409 0.293955
vt 2.411888 0.284295
vt 2.452521 0.286643
vt 2.446771 0.270172
vt 2.479877 0.286249
vt 2.477353 0.265946
vt 2.501964 0.286846
vt 2.501311 0.264101
vt 2.828937 0.585851
vt 2.847974 0.589597
vt 2.877996 0.573763
vt 2.881124 0.555914
vt 2.834002 0.517442
vt 2.815456 0.516478
vt 2.814750 0.572342
vt 2.802339 0.519881
vt 2.798182 0.536194
vt 2.806526 0.559803
vt 2.800675 0.547523
vt 2.846070 0.576828
vt 2.833222 0.573930
vt 2.823539 0.565016
vt 2.816155 0.558598
vt 2.812450 0.553929
vt 2.869274 0.568803
vt 2.874856 0.556258
vt 2.871591 0.556473
vt 2.865038 0.564844
vt 2.844915 0.571222
vt 2.834283 0.568424
vt 2.809720 0.546557
vt 2.811820 0.535085
vt 2.818278 0.529586
vt 2.846137 0.559790
vt 2.838276 0.559027
vt 2.845409 0.550104
vt 2.839871 0.550337
vt 2.820379 0.534339
vt 2.821695 0.537750
vt 2.830123 0.530424
vt 2.827381 0.535000
vt 2.820283 0.540702
vt 2.820611 0.542356
vt 2.817280 0.539433
vt 2.819237 0.542259
vt 2.826911 0.559241
vt 2.824450 0.552836
vt 2.818077 0.557142
vt 2.814845 0.553001
vt 2.813045 0.546911
vt 2.816693 0.545629
vt 2.819901 0.552065
vt 2.817416 0.549310
vt 2.834523 0.549931
vt 2.831851 0.556210
vt 2.827945 0.552618
vt 2.829905 0.549029
vt 2.826000 0.538657
vt 2.824928 0.541120
vt 2.821274 0.541379
vt 2.822411 0.540182
vt 2.821499 0.542495
vt 2.822594 0.542069
vt 2.820028 0.546333
vt 2.821501 0.545339
vt 2.819654 0.545018
vt 2.820124 0.543272
vt 2.820995 0.543458
vt 2.821261 0.544776
vt 2.825768 0.549795
vt 2.825262 0.547784
vt 2.821704 0.543581
vt 2.821959 0.544666
vt 2.822057 0.544995
vt 2.822986 0.548452
vt 2.821067 0.547455
vt 2.821892 0.545757
vt 2.822134 0.545245
vt 2.822650 0.546322
vt 2.829669 0.546393
vt 2.827924 0.542584
vt 2.828918 0.544209
vt 2.838938 0.545610
vt 2.834115 0.546160
vt 2.832885 0.543087
vt 2.831213 0.540790
vt 2.835060 0.538726
vt 2.837229 0.541763
vt 2.853408 0.525201
vt 2.859874 0.530347
vt 2.843647 0.544939
vt 2.841484 0.540604
vt 2.839194 0.536968
vt 2.822522 0.543404
vt 2.824234 0.542586
vt 2.824920 0.546167
vt 2.822557 0.545375
vt 2.822500 0.544936
vt 2.822469 0.544589
vt 2.824381 0.544122
vt 2.824636 0.544997
vt 2.877559 0.548545
vt 2.865323 0.535858
vt 2.869910 0.540929
vt 2.871451 0.549927
vt 2.865895 0.543182
vt 2.863149 0.544716
vt 2.868086 0.551273
vt 2.860017 0.556352
vt 2.855662 0.548178
vt 2.831738 0.526307
vt 2.850236 0.530073
vt 2.861563 0.538669
vt 2.856376 0.534096
vt 2.848482 0.532204
vt 2.854024 0.535863
vt 2.858910 0.540259
vt 2.852154 0.543231
vt 2.848783 0.539065
vt 2.846352 0.536354
vt 2.790304 0.544029
vt 2.794184 0.557997
vt 2.805074 0.576870
vt 2.825136 0.593345
vt 2.850091 0.599952
vt 2.868953 0.606354
vt 2.885547 0.577189
vt 2.892852 0.579571
vt 2.890471 0.555079
vt 2.885096 0.555483
vt 2.883321 0.545758
vt 2.881107 0.547412
vt 2.872998 0.539031
vt 2.875759 0.537027
vt 2.870627 0.531131
vt 2.868021 0.533551
vt 2.862244 0.527694
vt 2.864527 0.525064
vt 2.857501 0.519443
vt 2.855417 0.522397
vt 2.835299 0.512073
vt 2.836877 0.506590
vt 2.814169 0.507412
vt 2.814585 0.498675
vt 2.788937 0.531312
vt 2.795990 0.494107
vt 2.794950 0.507260
vt 2.798426 0.483008
vt 2.803119 0.470865
vt 2.817026 0.489641
vt 2.821471 0.480186
vt 2.839282 0.500666
vt 2.842560 0.494569
vt 2.867334 0.521694
vt 2.860031 0.515637
vt 2.863034 0.511622
vt 2.870332 0.518104
vt 2.878973 0.534124
vt 2.873743 0.528076
vt 2.876838 0.524710
vt 2.882213 0.530804
vt 2.886569 0.541847
vt 2.890604 0.537524
vt 2.846423 0.488592
vt 2.850205 0.482461
vt 2.873166 0.514507
vt 2.866070 0.507438
vt 2.868942 0.502757
vt 2.875915 0.510600
vt 2.884804 0.527420
vt 2.879448 0.521405
vt 2.881934 0.518080
vt 2.886857 0.524363
vt 2.893345 0.533201
vt 2.894789 0.528866
vt 2.908737 0.527510
vt 2.905449 0.544091
vt 2.908015 0.536372
vt 2.879417 0.608289
vt 2.900644 0.583400
vt 2.900876 0.553120
vt 2.827495 0.471642
vt 2.834550 0.465090
vt 2.832176 0.444307
vt 2.820254 0.450213
vt 2.810514 0.459182
vt 2.883327 0.500062
vt 2.875744 0.490362
vt 2.895710 0.523518
vt 2.889338 0.509523
vt 2.893381 0.517628
vt 2.841704 0.460940
vt 2.854066 0.465775
vt 2.844084 0.441948
vt 2.865465 0.453893
vt 2.855443 0.447338
vt 2.930286 0.514735
vt 2.933115 0.549088
vt 2.933241 0.533509
vt 2.874629 0.623195
vt 2.852955 0.624096
vt 2.775424 0.527351
vt 2.773560 0.538457
vt 2.780603 0.475905
vt 2.776525 0.484378
vt 2.773537 0.498918
vt 2.781011 0.464476
vt 2.770717 0.472193
vt 2.814934 0.418986
vt 2.798464 0.429405
vt 2.786871 0.446461
vt 2.930175 0.563277
vt 2.912204 0.598540
vt 2.884624 0.441887
vt 2.867732 0.423246
vt 2.850920 0.412147
vt 2.776560 0.559980
vt 2.830375 0.616855
vt 2.787679 0.583628
vt 2.807282 0.603438
vt 2.884590 0.471173
vt 2.894211 0.483321
vt 2.907533 0.517887
vt 2.904985 0.508265
vt 2.901249 0.496642
vt 2.910326 0.488829
vt 2.905617 0.463460
vt 2.920778 0.491158
vt 0.532518 0.242799
vt 0.531561 0.241636
vt 0.532698 0.240244
vt 0.531912 0.239997
vt 0.532019 0.239429
vt 0.531776 0.239389
vt 0.531951 0.239265
vt 0.531731 0.239271
vt 0.531840 0.239105
vt 0.531697 0.239169
vt 0.531968 0.238661
vt 0.531624 0.238936
vt 0.529146 0.234527
vt 0.529166 0.236815
vt 0.518715 0.231398
vt 0.518601 0.234841
vt 0.505483 0.230153
vt 0.505116 0.234185
vt 0.505668 0.251736
vt 0.505310 0.248357
vt 0.511569 0.251189
vt 0.510983 0.247963
vt 0.518979 0.249896
vt 0.518350 0.247040
vt 0.529198 0.246124
vt 0.524725 0.248273
vt 0.524208 0.245746
vt 0.528641 0.244017
vt 0.511988 0.254383
vt 0.530169 0.248401
vt 0.505533 0.228033
vt 0.529582 0.233013
vt 0.505882 0.255102
vt 0.532505 0.239351
vt 0.518909 0.229484
vt 0.525609 0.250894
vt 0.519747 0.252845
vt 0.532265 0.239219
vt 0.533774 0.240504
vt 0.533754 0.244102
vt 0.532219 0.239030
vt 0.532540 0.238343
vt 0.505516 0.258183
vt 0.511436 0.257423
vt 0.519164 0.255642
vt 0.525176 0.253566
vt 0.530044 0.251098
vt 0.534593 0.246774
vt 0.535980 0.241932
vt 0.534160 0.239327
vt 0.533428 0.239151
vt 0.533697 0.238852
vt 0.534476 0.237320
vt 0.529771 0.229782
vt 0.518373 0.226164
vt 0.505395 0.224468
vt 0.505408 0.220080
vt 0.505556 0.215169
vt 0.529998 0.226067
vt 0.530915 0.223992
vt 0.505145 0.262251
vt 0.505140 0.265415
vt 0.510948 0.261489
vt 0.511128 0.264565
vt 0.517920 0.222048
vt 0.519196 0.217717
vt 0.519198 0.262330
vt 0.518759 0.259519
vt 0.524942 0.257115
vt 0.530029 0.254475
vt 0.530576 0.256322
vt 0.525422 0.259423
vt 0.535754 0.252120
vt 0.535103 0.250458
vt 0.538338 0.245761
vt 0.539315 0.247576
vt 0.538631 0.239869
vt 0.541505 0.241314
vt 0.541119 0.238718
vt 0.537152 0.238997
vt 0.537875 0.238010
vt 0.540919 0.236743
vt 0.537811 0.234150
vt 0.539027 0.232390
vt 0.505217 0.268841
vt 0.505284 0.271454
vt 0.536668 0.253287
vt 0.537860 0.254192
vt 0.541849 0.249045
vt 0.540390 0.248605
vt 0.505651 0.210139
vt 0.505757 0.209298
vt 0.532436 0.221403
vt 0.533197 0.220016
vt 0.511551 0.267802
vt 0.511968 0.270257
vt 0.520609 0.211915
vt 0.520421 0.212782
vt 0.520772 0.267116
vt 0.520043 0.265133
vt 0.526279 0.261670
vt 0.531443 0.257938
vt 0.532471 0.259309
vt 0.527126 0.263394
vt 0.543472 0.242319
vt 0.545747 0.242000
vt 0.547475 0.238393
vt 0.544488 0.238675
vt 0.543497 0.236270
vt 0.546087 0.235639
vt 0.542426 0.230671
vt 0.540863 0.231315
vt 0.507229 0.279557
vt 0.507572 0.187102
vt 0.507011 0.192829
vt 0.547850 0.256618
vt 0.549815 0.257684
vt 0.545815 0.204574
vt 0.549245 0.197768
vt 0.555769 0.250010
vt 0.552719 0.249972
vt 0.506221 0.197798
vt 0.505718 0.200920
vt 0.542678 0.209906
vt 0.540792 0.213545
vt 0.515642 0.277817
vt 0.524593 0.203726
vt 0.524997 0.200736
vt 0.525768 0.195849
vt 0.526545 0.189777
vt 0.541206 0.263273
vt 0.542496 0.264602
vt 0.535472 0.270055
vt 0.527289 0.274973
vt 0.526672 0.273544
vt 0.534583 0.268622
vt 0.557410 0.240928
vt 0.562198 0.240414
vt 0.559474 0.236306
vt 0.564954 0.234795
vt 0.563776 0.229511
vt 0.557625 0.232870
vt 0.552826 0.226710
vt 0.562995 0.219201
vt 0.558376 0.224060
vt 0.566340 0.214700
vt 0.570574 0.224855
vt 0.567263 0.226881
vt 0.568408 0.234833
vt 0.572208 0.235670
vt 0.566638 0.242883
vt 0.566138 0.258567
vt 0.561362 0.251811
vt 0.540696 0.284229
vt 0.537143 0.273226
vt 0.528274 0.277563
vt 0.529670 0.287609
vt 0.518496 0.289235
vt 0.508530 0.290690
vt 0.503745 0.291647
vt 0.516165 0.046643
vt 2.520438 0.320509
vt 0.602025 0.051628
vt 2.561828 0.314836
vt 0.696818 0.054544
vt 0.732746 0.052555
vt 0.508037 0.165885
vt 0.506756 0.150687
vt 0.507808 0.160356
vt 0.557468 0.168965
vt 0.559761 0.145531
vt 0.558630 0.159023
vt 0.740836 0.080658
vt 0.740483 0.102984
vt 0.700853 0.077546
vt 0.696956 0.095774
vt 0.590325 0.075515
vt 0.583374 0.095131
vt 0.513381 0.074778
vt 0.511836 0.098105
vt 0.506234 0.352294
vt 0.647725 0.528892
vt 0.878746 0.522998
vt 0.639043 0.612544
vt 0.740873 0.877622
vt 2.338087 0.947581
vt 2.477527 0.516212
vt 0.719852 0.674184
vt 0.517554 0.665402
vt 0.505821 0.345141
vt 0.504995 0.339904
vt 0.504880 0.329922
vt 0.504739 0.337601
vt 0.518402 0.332703
vt 0.524642 0.330312
vt 0.526046 0.332696
vt 0.519490 0.335318
vt 0.516680 0.329513
vt 0.516996 0.327585
vt 0.510083 0.328675
vt 0.512534 0.326283
vt 0.510474 0.322304
vt 0.510669 0.317604
vt 0.512755 0.313817
vt 0.508137 0.316789
vt 0.508013 0.322865
vt 0.504440 0.322460
vt 0.504374 0.316129
vt 0.522871 0.327809
vt 0.521919 0.326547
vt 0.509326 0.299621
vt 0.510151 0.310502
vt 0.504249 0.299777
vt 0.504806 0.309923
vt 0.639547 0.489777
vt 0.660332 0.482062
vt 0.676371 0.468682
vt 0.676608 0.395746
vt 0.663107 0.385255
vt 0.646378 0.378472
vt 0.517836 0.325317
vt 0.518499 0.323387
vt 0.520932 0.324848
vt 0.520147 0.323150
vt 0.514615 0.316046
vt 0.515760 0.317475
vt 0.512920 0.318421
vt 0.514592 0.319120
vt 0.514904 0.324522
vt 0.512885 0.321870
vt 0.514755 0.321545
vt 0.516443 0.323153
vt 0.510128 0.456662
vt 0.510273 0.477251
vt 2.435539 0.758920
vt 2.415478 0.623122
vt 2.412581 0.516354
vt 0.611716 0.665457
vt 0.601950 0.612654
vt 0.511233 0.517384
vt 0.627448 0.376746
vt 0.518724 0.299108
vt 0.654982 0.092296
vt 0.664446 0.055213
vt 0.660451 0.075174
vt 0.520046 0.317230
vt 0.521613 0.309821
vt 0.520796 0.312904
vt 0.520276 0.315478
vt 0.688539 0.452767
vt 0.691241 0.436860
vt 0.521342 0.341804
vt 0.521825 0.350311
vt 2.376939 0.517883
vt 2.378438 0.625660
vt 2.376250 0.488318
vt 0.507040 0.143221
vt 0.564854 0.130768
vt 0.575083 0.113261
vt 0.649316 0.106711
vt 0.691990 0.109936
vt 0.734888 0.117026
vt 0.617513 0.324001
vt 0.528719 0.339235
vt 0.530058 0.347050
vt 2.414366 0.597202
vt 2.413221 0.544855
vt 2.413745 0.571591
vt 2.479542 0.596076
vt 2.478796 0.571456
vt 2.478025 0.544924
vt 2.377298 0.545825
vt 2.377393 0.572541
vt 2.377588 0.598794
vt 2.309324 0.527182
vt 2.307153 0.553969
vt 2.304246 0.579119
vt 2.300690 0.602936
vt 2.296862 0.626856
vt 0.977815 0.180206
vt 2.372249 0.896564
vt 2.402266 0.855755
vt 2.293539 0.658704
vt 2.312919 0.696433
vt 2.307826 0.468262
vt 2.310060 0.498652
vt 0.690183 0.421790
vt 0.685578 0.408242
vt 0.611055 0.380321
vt 0.595919 0.387020
vt 0.580390 0.348586
vt 0.597582 0.337047
vt 0.527185 0.165802
vt 0.526395 0.159419
vt 0.525387 0.148850
vt 0.527305 0.139472
vt 0.537680 0.098545
vt 0.532532 0.117469
vt 2.538191 0.319338
vt 0.552646 0.048745
vt 0.542791 0.076360
vt 0.523204 0.321382
vt 0.521684 0.321355
vt 0.521967 0.320284
vt 0.521963 0.319661
vt 0.523086 0.318614
vt 0.523442 0.319390
vt 0.526846 0.320940
vt 0.524549 0.321250
vt 0.524661 0.318661
vt 0.524256 0.317613
vt 0.527183 0.315830
vt 0.527471 0.317291
vt 0.534051 0.322600
vt 0.529969 0.321146
vt 0.532452 0.316283
vt 0.538989 0.317244
vt 0.537891 0.325456
vt 0.544348 0.320297
vt 0.542364 0.345457
vt 0.541895 0.334892
vt 0.548335 0.332232
vt 0.547598 0.344581
vt 0.540150 0.349377
vt 0.541835 0.351852
vt 0.520202 0.356223
vt 0.530066 0.352247
vt 0.530353 0.357366
vt 0.530954 0.362623
vt 0.519570 0.366288
vt 0.519592 0.361322
vt 0.506290 0.358283
vt 0.506390 0.368795
vt 0.506290 0.363737
vt 0.519364 0.321573
vt 0.519052 0.321553
vt 0.517995 0.321514
vt 0.516803 0.320998
vt 0.516890 0.319991
vt 0.517089 0.319145
vt 0.519618 0.319900
vt 0.519271 0.321091
vt 0.556372 0.665082
vt 0.582242 0.665434
vt 0.572968 0.611839
vt 0.548540 0.610719
vt 0.514895 0.609640
vt 0.593331 0.194145
vt 0.667086 0.563755
vt 0.626110 0.567522
vt 0.591100 0.565848
vt 0.539736 0.561524
vt 0.561429 0.563340
vt 0.512706 0.560864
vt 0.516832 0.281531
vt 0.507895 0.283517
vt 0.507390 0.281091
vt 0.516052 0.279302
vt 0.503100 0.286980
vt 0.509782 0.118372
vt 0.570961 0.246990
vt 0.603379 0.215449
vt 0.589115 0.324661
vt 0.580214 0.313820
vt 0.604669 0.309496
vt 0.592324 0.298478
vt 0.619585 0.290728
vt 0.602443 0.280909
vt 0.607849 0.260351
vt 0.608131 0.238120
vt 0.639534 0.129789
vt 0.559721 0.350028
vt 0.574072 0.337966
vt 0.567279 0.328072
vt 0.553768 0.341944
vt 0.506557 0.374176
vt 0.506769 0.380877
vt 0.520189 0.371648
vt 0.521724 0.378334
vt 0.564596 0.359114
vt 0.627155 0.265631
vt 0.627531 0.238901
vt 0.630236 0.165819
vt 0.621401 0.211287
vt 0.607087 0.184498
vt 0.682363 0.134776
vt 0.722786 0.143672
vt 0.897980 0.327129
vt 0.731257 0.419859
vt 0.686157 0.516428
vt 0.710615 0.497744
vt 0.725337 0.475227
vt 0.730310 0.447773
vt 0.899970 0.434520
vt 0.892787 0.474527
vt 0.726913 0.390265
vt 0.713636 0.356216
vt 0.902429 0.398421
vt 0.901319 0.363954
vt 0.843222 0.394729
vt 0.844118 0.360222
vt 0.839732 0.616082
vt 0.694642 0.804683
vt 0.790549 0.545944
vt 0.812176 0.507501
vt 0.838303 0.430244
vt 0.828257 0.467696
vt 0.893565 0.289530
vt 0.946873 0.474969
vt 0.922163 0.290234
vt 0.925996 0.329205
vt 0.929845 0.365696
vt 0.939237 0.436878
vt 0.934070 0.401148
vt 0.837504 0.200045
vt 0.842022 0.326223
vt 0.837755 0.293282
vt 0.653258 0.240626
vt 0.647225 0.207223
vt 0.684680 0.244289
vt 0.682129 0.210283
vt 0.717237 0.249463
vt 0.716666 0.217006
vt 0.885462 0.255222
vt 0.854596 0.217654
vt 0.918068 0.252214
vt 0.881757 0.199661
vt 0.831473 0.262540
vt 0.716827 0.185650
vt 0.679149 0.174314
vt 0.643981 0.306868
vt 0.652206 0.272692
vt 0.681034 0.310529
vt 0.683882 0.277527
vt 0.715999 0.317293
vt 0.716932 0.282681
vt 0.585547 0.359729
vt 0.603667 0.350569
vt 0.624346 0.342403
vt 0.649383 0.336905
vt 0.679657 0.341416
vt 0.713586 0.545641
vt 0.743883 0.517312
vt 0.761129 0.488506
vt 0.773261 0.456803
vt 0.779971 0.423944
vt 0.782610 0.390546
vt 0.783035 0.356621
vt 0.783019 0.322847
vt 0.781042 0.290269
vt 0.778945 0.259030
vt 0.777418 0.229659
vt 0.776952 0.203579
vt 0.787760 0.165576
vt 0.805614 0.137356
vt 0.815269 0.119861
vt 0.756218 0.589426
vt 0.658921 0.748229
vt 0.689000 0.608427
vt 0.527290 0.770185
vt 0.523223 0.733831
vt 0.577572 0.762880
vt 0.567865 0.729604
vt 0.602778 0.758198
vt 0.592862 0.726565
vt 0.629183 0.754716
vt 0.619882 0.723704
vt 0.648059 0.720411
vt 0.551160 0.328599
vt 0.561109 0.317366
vt 0.554438 0.307557
vt 0.563864 0.295442
vt 0.571681 0.304263
vt 0.581396 0.289982
vt 0.589129 0.274077
vt 0.593375 0.256440
vt 0.593578 0.237725
vt 0.590026 0.218914
vt 0.582316 0.201504
vt 0.555106 0.178649
vt 0.527426 0.172566
vt 0.508135 0.171806
vt 0.534791 0.374689
vt 0.549620 0.368190
vt 0.532679 0.367850
vt 0.543623 0.354693
vt 0.546461 0.360575
vt 0.545402 0.268102
vt 0.554042 0.261479
vt 0.533086 0.313821
vt 0.531206 0.299529
vt 0.547005 0.317873
vt 0.541183 0.314731
vt 0.544991 0.298866
vt 0.507868 0.181812
vt 0.508065 0.177578
vt 0.527028 0.183884
vt 0.527252 0.178984
vt 0.551320 0.191707
vt 0.552996 0.186045
vt 0.569743 0.210869
vt 0.574590 0.206839
vt 0.574751 0.223152
vt 0.580615 0.221406
vt 0.576442 0.236501
vt 0.583177 0.237222
vt 0.582748 0.253189
vt 0.575633 0.250125
vt 0.564959 0.275633
vt 0.571399 0.263376
vt 0.579053 0.268530
vt 0.572470 0.282589
vt 0.559083 0.268708
vt 0.556217 0.287037
vt 0.550504 0.277267
vt 0.945655 0.140874
vt 2.735498 0.384631
vt 2.713786 0.382756
vt 0.898691 0.183744
vt 0.861400 0.175555
vt 0.875164 0.156694
vt 0.947385 0.243780
vt 2.792399 0.313005
vt 2.840177 0.309029
vt 2.477141 0.485482
vt 2.843180 0.329822
vt 2.846310 0.350790
vt 2.411403 0.486290
vt 2.797285 0.335906
vt 2.802125 0.357625
vt 2.780022 0.363387
vt 0.823265 0.236339
vt 0.816481 0.218633
vt 0.920338 0.159489
vt 0.950853 0.197199
vt 0.929986 0.223491
vt 2.270242 0.416128
vt 0.955451 0.532073
vt 2.186405 0.690122
vt 2.240362 0.686481
vt 0.918728 0.643119
vt 0.938201 0.589689
vt 2.209129 0.773184
vt 2.196331 0.733299
vt 2.482447 0.677765
vt 2.420757 0.680525
vt 2.265653 0.751095
vt 2.252307 0.718034
vt 2.326264 0.728817
vt 2.483213 0.703953
vt 2.391790 0.713685
vt 2.424789 0.708839
vt 2.486593 0.752423
vt 2.407227 0.765462
vt 2.350849 0.787024
vt 2.481053 0.648486
vt 2.480339 0.620654
vt 2.417327 0.651449
vt 2.380754 0.654420
vt 2.385563 0.684263
vt 0.861255 0.569248
vt 0.794799 0.704592
vt 2.299385 0.431528
vt 2.375053 0.457081
vt 2.373744 0.423857
vt 2.409693 0.455089
vt 2.408276 0.422847
vt 2.476673 0.453364
vt 2.475908 0.420516
vt 0.867820 0.744444
vt 2.246216 0.848021
vt 2.298135 0.815519
vt 0.732688 0.776433
vt 2.383614 0.835254
vt 2.445294 0.802185
vt 2.488856 0.798239
vt 2.300697 0.915992
vt 0.792751 0.836039
vt 2.447894 0.821964
vt 2.424621 0.806766
vt 2.431549 0.820840
vt 2.343256 0.872438
vt 0.645024 0.665886
vt 0.681732 0.668117
vt 0.685970 0.730366
vt 0.670215 0.715543
vt 0.623868 0.811176
vt 0.650612 0.817394
vt 2.490385 0.820686
vt 2.482677 0.884403
vt 2.475929 0.936548
vt 2.469669 0.998226
vt 0.559703 0.948589
vt 0.539795 0.853191
vt 2.426722 0.870630
vt 2.405210 0.915750
vt 2.380203 0.976684
vt 0.677929 0.907189
vt 0.609106 0.826496
vt 0.648708 0.857396
vt 0.614910 0.530827
vt 0.561882 0.449892
vt 0.594216 0.487817
vt 0.617691 0.491907
vt 0.527202 0.455223
vt 0.536819 0.453902
vt 0.528636 0.475878
vt 0.578505 0.525163
vt 0.550625 0.517719
vt 0.533796 0.516523
vt 0.567225 0.464318
vt 0.578349 0.478173
vt 0.546068 0.496634
vt 0.538969 0.474647
vt 0.527354 0.436811
vt 0.509433 0.437760
vt 0.507070 0.388833
vt 0.508859 0.421423
vt 0.508117 0.408038
vt 0.561189 0.435403
vt 0.537261 0.435394
vt 0.568831 0.368930
vt 0.523089 0.386431
vt 0.536998 0.383198
vt 0.552841 0.377194
vt 0.564013 0.420388
vt 0.570712 0.407391
vt 0.582166 0.396288
vt 0.527655 0.420718
vt 0.540831 0.405143
vt 0.527167 0.407194
vt 0.559407 0.401587
vt 0.538957 0.419096
vt 2.780802 0.221633
vt 2.783001 0.242063
vt 2.837390 0.246915
vt 2.837998 0.228532
vt 2.787687 0.288944
vt 2.784975 0.264846
vt 2.838131 0.287765
vt 2.837271 0.266782
vt 2.708050 0.358686
vt 2.773671 0.340497
vt 2.727866 0.354433
vt 2.747782 0.214826
vt 0.907963 0.106445
vt 0.891818 0.131050
vt 0.819011 0.061172
vt 0.820310 0.094843
vt 2.767253 0.315899
vt 2.716992 0.327133
vt 2.698373 0.335783
vt 2.664608 0.301590
vt 2.752827 0.238153
vt 2.756309 0.263445
vt 2.760717 0.289928
vt 2.698749 0.294253
vt 2.679990 0.193656
vt 2.650169 0.185974
vt 2.662277 0.248563
vt 2.665197 0.278449
vt 2.521848 0.137262
vt 2.523236 0.236978
vt 2.522792 0.173239
vt 2.523211 0.206496
vt 2.622378 0.178407
vt 2.628512 0.209907
vt 2.632156 0.240664
vt 2.631777 0.271038
vt 2.548437 0.241693
vt 2.548592 0.213806
vt 2.547221 0.180900
vt 2.544661 0.146454
vt 2.581938 0.250289
vt 2.582876 0.225194
vt 2.580862 0.194865
vt 2.576345 0.161523
vt 2.591347 0.307478
vt 2.589792 0.300501
vt 2.566139 0.301111
vt 2.541054 0.304037
vt 2.521251 0.304952
vt 2.657067 0.217178
vt 2.687299 0.225384
vt 2.693462 0.257547
vt 2.623170 0.297772
vt 2.606361 0.302708
vt 2.612154 0.284316
vt 2.598632 0.293973
vt 2.577273 0.270186
vt 2.571522 0.286656
vt 2.544164 0.286256
vt 2.546693 0.265955
vt 2.522076 0.286848
vt 2.522736 0.264104
f 159/136 160/137 50/1 53/104
f 157/134 158/135 144/103 45/105
f 155/153 156/133 26/2 27/3
f 176/154 155/153 27/3 28/4
f 175/152 176/154 28/4 29/5
f 174/151 175/152 29/5 58/92
f 172/149 173/150 130/91 137/6
f 171/148 172/149 137/6 30/7
f 170/147 171/148 30/7 31/8
f 169/146 170/147 31/8 32/72
f 167/144 168/145 95/9 33/10
f 166/143 167/144 33/10 34/128
f 162/139 163/140 101/73 107/12
f 161/138 162/139 107/12 117/11
f 160/137 161/138 117/11 50/1
f 156/133 157/134 45/105 26/2
f 19/122 20/1661 21/1731 63/23
f 16/26 17/24 22/1730 23/1694
f 14/28 16/26 23/1694 24/1693
f 7/100 14/28 24/1693 10/1660
f 135/97 136/1659 129/1658 128/31
f 56/32 128/31 129/1658 55/2047
f 8/19 2/18 60/2054 11/2045
f 11/2045 12/2063 9/21 8/19
f 12/2063 142/2069 143/109 9/21
f 100/1684 120/1663 121/87 103/77
f 51/43 50/1 117/11 118/63
f 51/43 54/115 53/104 50/1
f 54/115 145/114 144/103 53/104
f 26/2 45/105 46/45 35/47
f 36/49 27/3 26/2 35/47
f 37/51 28/4 27/3 36/49
f 29/5 28/4 37/51 38/53
f 58/92 29/5 38/53 59/95
f 137/6 130/91 131/94 138/55
f 39/57 30/7 137/6 138/55
f 40/59 31/8 30/7 39/57
f 41/68 32/72 31/8 40/59
f 95/9 32/72 41/68 96/67
f 42/61 33/10 95/9 96/67
f 43/131 34/128 33/10 42/61
f 107/12 101/73 102/120 108/74
f 117/11 107/12 108/74 118/63
f 115/1733 109/1732 110/76 114/81
f 52/110 25/2070 47/2071 48/84
f 2/18 3/16 61/2055 60/2054
f 4/14 56/32 55/2047 62/2046
f 4/14 62/2046 61/2055 3/16
f 17/24 63/23 21/1731 22/1730
f 5/13 65/33 64/42 57/29 56/32 4/14
f 1/15 66/34 65/33 5/13 4/14 3/16
f 77/17 67/35 66/34 1/15 3/16 2/18
f 78/20 68/36 67/35 77/17 2/18 8/19
f 44/107 69/111 68/36 78/20 8/19 9/21
f 79/108 70/37 146/112 141/106 143/109 52/110
f 49/83 71/38 70/37 79/108 52/110 48/84
f 113/82 116/85 71/38 49/83 48/84 114/81
f 80/22 73/39 72/126 18/124 19/122 63/23
f 15/69 98/70 73/39 80/22 63/23 17/24
f 13/27 75/40 74/71 81/25 16/26 14/28
f 6/99 76/102 75/40 13/27 14/28 7/100
f 127/30 132/41 139/101 134/98 135/97 128/31
f 57/29 64/42 132/41 127/30 128/31 56/32
f 44/107 9/21 143/109 141/106 146/112 69/111
f 113/82 114/81 110/76 106/79 111/86 116/85
f 99/78 103/77 121/87 122/88 123/89 104/80
f 15/69 17/24 16/26 81/25 74/71 98/70
f 64/42 65/33 175/152 174/151
f 65/33 66/34 176/154 175/152
f 66/34 67/35 155/153 176/154
f 67/35 68/36 156/133 155/153
f 68/36 69/111 157/134 156/133
f 146/112 70/37 159/136 158/135
f 70/37 71/38 160/137 159/136
f 71/38 116/85 161/138 160/137
f 104/80 123/89 164/141 163/140
f 72/126 73/39 167/144 166/143
f 73/39 98/70 168/145 167/144
f 74/71 75/40 170/147 169/146
f 75/40 76/102 171/148 170/147
f 139/101 132/41 173/150 172/149
f 132/41 64/42 174/151 173/150
f 119/64 82/44 51/43 118/63
f 54/115 51/43 82/44 83/116
f 46/45 145/114 147/113 84/46
f 35/47 46/45 84/46 85/48
f 36/49 35/47 85/48 86/50
f 37/51 36/49 86/50 87/52
f 38/53 37/51 87/52 88/54
f 59/95 38/53 88/54 89/96
f 138/55 131/94 133/93 140/56
f 39/57 138/55 140/56 90/58
f 40/59 39/57 90/58 91/60
f 41/68 40/59 91/60 92/65
f 42/61 96/67 97/66 93/62
f 43/131 42/61 93/62 94/132
f 118/63 108/74 112/75 119/64
f 92/65 97/66 96/67 41/68
f 98/70 74/71 169/146 168/145
f 95/9 168/145 169/146 32/72
f 101/73 163/140 164/141 124/90
f 102/120 101/73 124/90 125/117
f 108/74 102/120 105/119 112/75
f 110/76 109/1732 100/1684 103/77
f 99/78 104/80 111/86 106/79 110/76 103/77
f 111/86 104/80 163/140 162/139
f 115/1733 114/81 48/84 47/2071
f 116/85 111/86 162/139 161/138
f 121/87 120/1663 148/1662 149/121
f 122/88 121/87 149/121 150/123 151/125 123/89
f 123/89 151/125 165/142 164/141
f 124/90 164/141 165/142 152/127
f 125/117 124/90 152/127 153/130
f 126/118 125/117 153/130 154/129
f 130/91 173/150 174/151 58/92
f 131/94 130/91 58/92 59/95
f 133/93 131/94 59/95 89/96
f 136/1659 135/97 7/100 10/1660
f 134/98 139/101 76/102 6/99 7/100 135/97
f 76/102 139/101 172/149 171/148
f 144/103 158/135 159/136 53/104
f 143/109 142/2069 25/2070 52/110
f 45/105 144/103 145/114 46/45
f 69/111 146/112 158/135 157/134
f 147/113 145/114 54/115 83/116
f 125/117 126/118 105/119 102/120
f 149/121 148/1662 20/1661 19/122
f 150/123 149/121 19/122 18/124 72/126 151/125
f 151/125 72/126 166/143 165/142
f 152/127 165/142 166/143 34/128
f 153/130 152/127 34/128 43/131
f 154/129 153/130 43/131 94/132
f 336/291 335/290 229/256 226/155
f 334/289 333/288 221/257 320/260
f 332/287 331/307 203/157 202/156
f 331/307 352/308 204/158 203/157
f 352/308 351/306 205/159 204/158
f 351/306 350/305 234/244 205/159
f 349/304 348/303 313/160 306/245
f 348/303 347/302 206/161 313/160
f 347/302 346/301 207/162 206/161
f 346/301 345/300 208/225 207/162
f 344/299 343/298 209/163 271/224
f 343/298 342/297 210/281 209/163
f 339/294 338/293 283/165 277/226
f 338/293 337/292 293/164 283/165
f 337/292 336/291 226/155 293/164
f 333/288 332/287 202/156 221/257
f 195/275 239/175 197/809 196/745
f 192/178 199/776 198/810 193/177
f 190/179 200/777 199/776 192/178
f 183/251 186/744 200/777 190/179
f 311/250 304/183 305/742 312/743
f 232/182 231/1132 305/742 304/183
f 184/172 187/1131 236/1141 178/170
f 187/1131 184/172 185/174 188/1149
f 188/1149 185/174 319/264 318/1155
f 276/767 279/231 297/240 296/747
f 227/196 294/214 293/164 226/155
f 227/196 226/155 229/256 230/270
f 230/270 229/256 320/260 321/259
f 202/156 211/199 222/258 221/257
f 212/201 211/199 202/156 203/157
f 213/203 212/201 203/157 204/158
f 205/159 214/205 213/203 204/158
f 234/244 235/248 214/205 205/159
f 313/160 314/207 307/249 306/245
f 215/209 314/207 313/160 206/161
f 216/211 215/209 206/161 207/162
f 217/217 216/211 207/162 208/225
f 271/224 272/218 217/217 208/225
f 218/213 272/218 271/224 209/163
f 219/285 218/213 209/163 210/281
f 283/165 284/227 278/272 277/226
f 293/164 294/214 284/227 283/165
f 291/811 290/235 286/229 285/812
f 228/263 224/236 223/1157 201/1156
f 178/170 236/1141 237/1140 179/168
f 180/166 238/1133 231/1132 232/182
f 180/166 179/168 237/1140 238/1133
f 193/177 198/810 197/809 239/175
f 233/181 240/193 241/185 181/167 180/166 232/182
f 181/167 241/185 242/186 177/169 179/168 180/166
f 177/169 242/186 243/187 253/171 178/170 179/168
f 253/171 243/187 244/188 254/173 184/172 178/170
f 254/173 244/188 245/267 220/261 185/174 184/172
f 317/265 322/266 246/189 255/262 228/263 319/264
f 255/262 246/189 247/190 225/237 224/236 228/263
f 225/237 247/190 292/238 289/234 290/235 224/236
f 194/277 248/279 249/191 256/176 239/175 195/275
f 256/176 249/191 274/223 191/221 193/177 239/175
f 257/220 250/222 251/192 189/180 190/179 192/178
f 189/180 251/192 252/255 182/252 183/251 190/179
f 310/253 315/254 308/194 303/184 304/183 311/250
f 303/184 308/194 240/193 233/181 232/182 304/183
f 317/265 319/264 185/174 220/261 245/267 322/266
f 282/233 286/229 290/235 289/234 292/238 287/239
f 298/241 297/240 279/231 275/230 280/232 299/242
f 257/220 192/178 193/177 191/221 274/223 250/222
f 241/185 240/193 350/305 351/306
f 242/186 241/185 351/306 352/308
f 243/187 242/186 352/308 331/307
f 244/188 243/187 331/307 332/287
f 245/267 244/188 332/287 333/288
f 246/189 322/266 334/289 335/290
f 247/190 246/189 335/290 336/291
f 292/238 247/190 336/291 337/292
f 299/242 280/232 339/294 340/295
f 249/191 248/279 342/297 343/298
f 274/223 249/191 343/298 344/299
f 251/192 250/222 345/300 346/301
f 252/255 251/192 346/301 347/302
f 308/194 315/254 348/303 349/304
f 240/193 308/194 349/304 350/305
f 295/215 294/214 227/196 258/195
f 230/270 259/269 258/195 227/196
f 222/258 260/197 323/268 321/259
f 211/199 261/198 260/197 222/258
f 212/201 262/200 261/198 211/199
f 213/203 263/202 262/200 212/201
f 214/205 264/204 263/202 213/203
f 235/248 265/247 264/204 214/205
f 314/207 316/206 309/246 307/249
f 215/209 266/208 316/206 314/207
f 216/211 267/210 266/208 215/209
f 217/217 268/216 267/210 216/211
f 218/213 269/212 273/219 272/218
f 219/285 270/284 269/212 218/213
f 294/214 295/215 288/228 284/227
f 268/216 217/217 272/218 273/219
f 250/222 274/223 344/299 345/300
f 208/225 345/300 344/299 271/224
f 340/295 339/294 277/226 300/243
f 278/272 301/271 300/243 277/226
f 284/227 288/228 281/273 278/272
f 286/229 279/231 276/767 285/812
f 282/233 287/239 280/232 275/230 279/231 286/229
f 280/232 287/239 338/293 339/294
f 291/811 223/1157 224/236 290/235
f 287/239 292/238 337/292 338/293
f 297/240 325/276 324/746 296/747
f 326/278 325/276 297/240 298/241 299/242 327/280
f 327/280 299/242 340/295 341/296
f 341/296 340/295 300/243 328/282
f 301/271 329/286 328/282 300/243
f 302/274 330/283 329/286 301/271
f 234/244 350/305 349/304 306/245
f 307/249 235/248 234/244 306/245
f 309/246 265/247 235/248 307/249
f 312/743 186/744 183/251 311/250
f 182/252 252/255 315/254 310/253 311/250 183/251
f 315/254 252/255 347/302 348/303
f 229/256 335/290 334/289 320/260
f 319/264 228/263 201/1156 318/1155
f 221/257 222/258 321/259 320/260
f 322/266 245/267 333/288 334/289
f 323/268 259/269 230/270 321/259
f 301/271 278/272 281/273 302/274
f 325/276 195/275 196/745 324/746
f 194/277 195/275 325/276 326/278 327/280 248/279
f 248/279 327/280 341/296 342/297
f 210/281 342/297 341/296 328/282
f 329/286 219/285 210/281 328/282
f 330/283 270/284 219/285 329/286
f 426/310 540/309 427/424 353/425
f 427/424 540/309 428/315 354/423
f 428/315 540/309 543/320 544/322
f 540/309 426/310 444/321 543/320
f 426/310 429/311 443/325 444/321
f 355/427 429/311 426/310 353/425
f 356/430 430/312 429/311 355/427
f 429/311 430/312 450/326 443/325
f 430/312 431/403 546/406 450/326
f 357/432 431/403 430/312 356/430
f 435/441 432/313 433/391 383/440
f 433/391 432/313 542/411 491/412
f 434/314 432/313 435/441 437/443
f 432/313 434/314 547/334 542/411
f 434/314 436/316 456/333 547/334
f 436/316 434/314 437/443 358/447
f 354/423 428/315 438/319 359/422
f 438/319 428/315 544/322 446/324
f 436/316 358/447 360/445 439/317
f 436/316 439/317 448/332 456/333
f 438/319 541/318 440/421 359/422
f 440/421 541/318 439/317 360/445
f 439/317 541/318 545/323 448/332
f 541/318 438/319 446/324 545/323
f 361/341 542/411 547/334 362/339
f 384/395 391/420 389/415 361/341
f 388/393 441/338 442/410 392/418
f 452/328 442/410 441/338 453/335
f 364/330 444/321 443/325 363/329
f 544/322 543/320 445/331 447/347
f 445/331 543/320 444/321 364/330
f 446/324 544/322 447/347 365/349
f 448/332 545/323 449/350 366/351
f 449/350 545/323 446/324 365/349
f 363/329 443/325 450/326 367/327
f 450/326 546/406 451/409 367/327
f 452/328 363/329 367/327 451/409
f 364/330 363/329 452/328 453/335
f 453/335 455/336 445/331 364/330
f 445/331 455/336 454/358 447/347
f 448/332 366/351 368/345 456/333
f 362/339 547/334 456/333 368/345
f 441/338 548/337 455/336 453/335
f 455/336 548/337 457/355 454/358
f 457/355 548/337 458/385 387/386
f 458/385 548/337 441/338 388/393
f 459/343 460/340 362/339 368/345
f 370/361 460/340 459/343 369/362
f 460/340 461/342 361/341 362/339
f 371/360 461/342 460/340 370/361
f 384/395 361/341 461/342 462/389
f 385/388 462/389 461/342 371/360
f 463/364 549/344 464/369 372/373
f 464/369 549/344 465/346 373/368
f 465/346 549/344 459/343 368/345
f 459/343 549/344 463/364 369/362
f 466/352 374/367 373/368 465/346
f 368/345 366/351 466/352 465/346
f 454/358 468/357 550/348 447/347
f 550/348 468/357 467/371 470/376
f 447/347 550/348 469/354 365/349
f 469/354 550/348 470/376 380/377
f 469/354 551/353 449/350 365/349
f 449/350 551/353 466/352 366/351
f 466/352 551/353 471/365 374/367
f 471/365 551/353 469/354 380/377
f 468/357 552/356 472/372 467/371
f 472/372 552/356 473/382 479/398
f 473/382 552/356 457/355 387/386
f 457/355 552/356 468/357 454/358
f 385/388 371/360 553/359 474/383
f 386/401 474/383 553/359 375/396
f 375/396 553/359 475/363 376/397
f 475/363 553/359 371/360 370/361
f 463/364 475/363 370/361 369/362
f 376/397 475/363 463/364 372/373
f 476/378 554/366 471/365 380/377
f 471/365 554/366 477/370 374/367
f 477/370 554/366 478/375 378/374
f 478/375 554/366 476/378 377/381
f 373/368 374/367 477/370 464/369
f 372/373 464/369 477/370 378/374
f 467/371 472/372 480/379 470/376
f 480/379 472/372 479/398 381/380
f 372/373 378/374 379/402 376/397
f 478/375 481/399 379/402 378/374
f 381/380 481/399 478/375 377/381
f 470/376 480/379 476/378 380/377
f 476/378 480/379 381/380 377/381
f 482/387 555/384 473/382 387/386
f 473/382 555/384 483/400 479/398
f 483/400 555/384 474/383 386/401
f 474/383 555/384 482/387 385/388
f 484/394 556/390 458/385 388/393
f 458/385 556/390 482/387 387/386
f 482/387 556/390 462/389 385/388
f 462/389 556/390 484/394 384/395
f 485/437 557/392 486/405 382/436
f 486/405 557/392 560/414 490/413
f 557/392 433/391 491/412 560/414
f 433/391 557/392 485/437 383/440
f 487/419 391/420 384/395 484/394
f 388/393 392/418 487/419 484/394
f 376/397 379/402 386/401 375/396
f 479/398 483/400 481/399 381/380
f 481/399 483/400 386/401 379/402
f 486/405 558/404 488/433 382/436
f 488/433 558/404 431/403 357/432
f 546/406 431/403 558/404 559/407
f 558/404 486/405 490/413 559/407
f 489/408 559/407 490/413 390/417
f 546/406 559/407 489/408 451/409
f 392/418 442/410 489/408 390/417
f 452/328 451/409 489/408 442/410
f 361/341 389/415 491/412 542/411
f 492/416 560/414 491/412 389/415
f 490/413 560/414 492/416 390/417
f 492/416 389/415 391/420 487/419
f 392/418 390/417 492/416 487/419
f 425/517 424/520 354/423 359/422
f 440/421 360/445 393/503 493/504
f 425/517 359/422 440/421 493/504
f 427/424 354/423 424/520 494/519
f 353/425 427/424 494/519 423/518
f 495/426 353/425 423/518 496/502
f 394/479 495/426 496/502 422/501
f 355/427 353/425 495/426 497/428
f 395/480 497/428 495/426 394/479
f 356/430 355/427 497/428 498/429
f 396/481 498/429 497/428 395/480
f 397/462 561/431 498/429 396/481
f 498/429 561/431 357/432 356/430
f 499/435 562/434 500/458 398/459
f 500/458 562/434 561/431 397/462
f 561/431 562/434 488/433 357/432
f 488/433 562/434 499/435 382/436
f 501/439 563/438 502/454 399/457
f 502/454 563/438 499/435 398/459
f 499/435 563/438 485/437 382/436
f 485/437 563/438 501/439 383/440
f 504/452 564/442 501/439 399/457
f 435/441 383/440 501/439 564/442
f 435/441 564/442 503/444 437/443
f 503/444 564/442 504/452 506/451
f 505/446 503/444 506/451 400/448
f 437/443 503/444 505/446 358/447
f 401/508 393/503 360/445 358/447
f 402/505 507/506 505/446 400/448
f 401/508 358/447 505/446 507/506
f 508/449 404/486 403/512 509/509
f 402/505 400/448 508/449 509/509
f 506/451 511/450 508/449 400/448
f 508/449 511/450 510/482 404/486
f 511/450 513/453 512/464 510/482
f 504/452 513/453 511/450 506/451
f 504/452 399/457 514/456 513/453
f 512/464 513/453 514/456 405/467
f 514/456 565/455 515/466 405/467
f 515/466 565/455 516/460 406/471
f 516/460 565/455 502/454 398/459
f 502/454 565/455 514/456 399/457
f 517/463 566/461 500/458 397/462
f 500/458 566/461 516/460 398/459
f 516/460 566/461 518/470 406/471
f 518/470 566/461 517/463 407/475
f 519/477 517/463 397/462 396/481
f 407/475 517/463 519/477 408/478
f 512/464 521/465 569/483 510/482
f 569/483 521/465 520/494 534/493
f 512/464 405/467 522/468 521/465
f 520/494 521/465 522/468 409/488
f 523/472 567/469 515/466 406/471
f 515/466 567/469 522/468 405/467
f 522/468 567/469 524/487 409/488
f 524/487 567/469 523/472 536/491
f 525/492 568/473 526/474 410/490
f 526/474 568/473 518/470 407/475
f 518/470 568/473 523/472 406/471
f 523/472 568/473 525/492 536/491
f 410/490 526/474 527/476 414/523
f 527/476 526/474 407/475 408/478
f 411/500 528/498 527/476 408/478
f 529/522 414/523 527/476 528/498 416/528
f 412/513 530/499 519/477 396/481
f 411/500 408/478 519/477 530/499
f 395/480 394/479 422/501 413/514
f 412/513 396/481 395/480 413/514
f 421/497 420/489 415/526
f 510/482 569/483 533/485 404/486
f 533/485 569/483 534/493 417/484
f 535/511 403/512 404/486 533/485
f 418/510 535/511 533/485 417/484
f 532/521 524/487 536/491 419/525
f 409/488 524/487 532/521 420/489
f 520/494 409/488 420/489 421/497
f 537/524 525/492 410/490 414/523
f 536/491 525/492 537/524 419/525
f 534/493 520/494 538/496 417/495
f 538/496 520/494 421/497
f 418/516 417/495 538/496 539/515
f 421/497 415/526 539/515 538/496
f 531/527 416/528 848/800 849/799
f 415/526 531/527 849/799 750/808
f 528/498 411/500 777/802 923/801
f 416/528 528/498 923/801 848/800
f 530/499 412/513 748/807 844/803
f 411/500 530/499 844/803 777/802
f 413/514 422/501 1033/1067 781/1070
f 422/501 496/502 1032/937 1033/932
f 496/502 423/518 1042/936 1032/937
f 493/504 393/503 401/508 1043/947 1044/938
f 425/517 493/504 1044/938 1045/933
f 509/509 570/507 507/506 402/505
f 401/508 507/506 570/1049 990/1063 1043/947
f 570/507 509/509 403/512 1127/1064 990/1063
f 535/511 418/510 1125/1065 1126/1066
f 403/512 535/511 1126/804 1127/1064
f 412/513 413/514 781/1070 748/807
f 539/515 415/526 750/808 914/1093
f 418/516 539/515 914/1093 1125/1065
f 424/520 425/517 1045/933 1046/934
f 423/518 494/519 1047/935 1042/936
f 494/519 424/520 1046/934 1047/935
f 415/526 420/489 532/521 531/527
f 532/521 419/525 416/528 531/527
f 529/522 416/528 419/525 537/524
f 529/522 537/524 414/523
f 594/546 599/559 1452/1474 1447/1460
f 599/559 594/546 593/544 600/563
f 600/563 593/544 592/542 601/560
f 601/560 592/542 591/540 602/570
f 602/570 591/540 590/538 603/569
f 603/569 590/538 589/536 604/566
f 604/566 589/536 588/534 605/562
f 605/562 588/534 587/532 606/567
f 606/567 587/532 586/530 607/568
f 607/568 586/530 585/553 608/558
f 608/558 585/553 598/556 609/564
f 609/564 598/556 597/552 610/565
f 610/565 597/552 596/550 611/557
f 611/557 596/550 595/548 612/561
f 612/561 595/548 1448/1462 1465/1476
f 586/530 577/529 576/554 585/553
f 587/532 583/531 577/529 586/530
f 588/534 578/533 583/531 587/532
f 589/536 582/535 578/533 588/534
f 590/538 584/537 582/535 589/536
f 591/540 574/539 584/537 590/538
f 573/541 574/539 591/540 592/542
f 572/543 573/541 592/542 593/544
f 571/545 572/543 593/544 594/546
f 1424/1461 571/545 594/546 1447/1460
f 595/548 575/547 1428/1463 1448/1462
f 596/550 579/549 575/547 595/548
f 597/552 580/551 579/549 596/550
f 598/556 581/555 580/551 597/552
f 585/553 576/554 581/555 598/556
f 599/559 613/584 1466/1499 1452/1474
f 614/583 600/563 601/560 615/582
f 612/561 626/571 625/572 611/557
f 608/558 622/575 621/576 607/568
f 611/557 625/572 624/573 610/565
f 609/564 623/574 622/575 608/558
f 605/562 619/578 618/579 604/566
f 613/584 599/559 600/563 614/583
f 615/582 601/560 602/570 616/581
f 626/571 612/561 1465/1476 1479/1486
f 605/562 606/567 620/577 619/578
f 609/564 610/565 624/573 623/574
f 603/569 604/566 618/579 617/580
f 606/567 607/568 621/576 620/577
f 602/570 603/569 617/580 616/581
f 613/584 627/585 1480/1500 1466/1499
f 628/589 626/571 1479/1486 1481/1504
f 626/571 628/589 629/591 625/572
f 625/572 629/591 630/596 624/573
f 624/573 630/596 631/597 623/574
f 623/574 631/597 632/600 622/575
f 622/575 632/600 633/602 621/576
f 621/576 633/602 634/603 620/577
f 620/577 634/603 635/605 619/578
f 619/578 635/605 636/608 618/579
f 618/579 636/608 637/609 617/580
f 617/580 637/609 638/611 616/581
f 615/582 616/581 638/611 639/588
f 614/583 615/582 639/588 640/593
f 613/584 614/583 640/593 627/585
f 650/586 655/619 1508/1534 1503/1501
f 655/619 650/586 641/594 656/625
f 650/586 627/585 640/593 641/594
f 627/585 650/586 1503/1501 1480/1500
f 641/594 640/593 639/588 651/587
f 656/625 641/594 651/587 657/622
f 657/622 651/587 649/612 667/640
f 651/587 639/588 638/611 649/612
f 642/592 652/590 658/613 662/623
f 658/613 652/590 1505/1505 1511/1528
f 652/590 628/589 1481/1504 1505/1505
f 628/589 652/590 642/592 629/591
f 632/600 643/599 644/601 633/602
f 644/601 643/599 659/632 660/616
f 646/595 642/592 662/623 661/628
f 629/591 642/592 646/595 630/596
f 643/599 653/598 663/629 659/632
f 663/629 653/598 646/595 661/628
f 646/595 653/598 631/597 630/596
f 631/597 653/598 643/599 632/600
f 664/618 654/604 644/601 660/616
f 644/601 654/604 634/603 633/602
f 654/604 645/606 635/605 634/603
f 665/633 645/606 654/604 664/618
f 635/605 645/606 647/607 636/608
f 647/607 645/606 665/633 666/636
f 668/637 648/610 647/607 666/636
f 647/607 648/610 637/609 636/608
f 637/609 648/610 649/612 638/611
f 649/612 648/610 668/637 667/640
f 675/614 658/613 1511/1528 1528/1529
f 658/613 675/614 679/624 662/623
f 670/615 669/617 664/618 660/616
f 659/632 676/631 670/615 660/616
f 669/617 681/634 665/633 664/618
f 677/620 655/619 656/625 671/626
f 655/619 677/620 1530/1535 1508/1534
f 671/626 656/625 657/622 678/621
f 678/621 657/622 667/640 674/639
f 662/623 679/624 672/627 661/628
f 672/627 680/630 663/629 661/628
f 663/629 680/630 676/631 659/632
f 665/633 681/634 673/635 666/636
f 673/635 682/638 668/637 666/636
f 668/637 682/638 674/639 667/640
f 721/675 1107/1029 1106/1027 686/648
f 679/655 675/641 698/878 716/877
f 698/878 675/641 1528/1556 1551/1800
f 885/741 699/685 1552/1603 1738/1656
f 699/685 885/741 910/739 692/686
f 684/650 669/649 670/644 688/645
f 700/1012 701/680 684/650 688/645
f 701/680 730/679 703/667 684/650
f 683/669 725/676 704/674 685/673
f 687/1038 1111/1041 1110/1036 1005/883
f 705/658 690/657 712/653 713/646
f 706/651 707/643 1560/1558 1559/1565
f 707/643 706/651 690/657 705/658
f 1103/1021 708/642 691/659 1104/1022
f 708/642 1103/1021 1956/1938 1561/1557
f 692/686 910/739 911/768 710/684
f 704/674 686/648 714/647 713/646
f 707/643 708/642 1561/1557 1560/1558
f 708/642 707/643 705/658 691/659
f 691/659 705/658 713/646 714/647
f 670/644 676/660 711/661 688/645
f 711/661 727/1013 700/1012 688/645
f 704/674 713/646 712/653 685/673
f 1104/1022 691/659 714/647 1105/1025
f 1105/1025 714/647 686/648 1106/1027
f 703/667 681/666 669/649 684/650
f 677/652 706/651 1559/1565 1530/1566
f 706/651 677/652 671/656 690/657
f 712/653 690/657 671/656 678/654
f 712/653 678/654 674/672 685/673
f 710/684 911/768 784/1015 693/683
f 672/664 679/655 716/877 689/665
f 716/877 729/876 718/682 689/665
f 693/683 784/1015 1099/1017 719/1037
f 718/682 731/681 720/662 689/665
f 720/662 731/681 727/1013 711/661
f 676/660 680/663 720/662 711/661
f 720/662 680/663 672/664 689/665
f 702/882 1109/1033 1108/1031 696/678
f 673/668 681/666 703/667 695/670
f 703/667 730/679 722/677 695/670
f 683/669 682/671 673/668 695/670
f 722/677 725/676 683/669 695/670
f 1108/1031 1107/1029 721/675 696/678
f 674/672 682/671 683/669 685/673
f 704/674 725/676 721/675 686/648
f 721/675 725/676 722/677 696/678
f 722/677 730/679 702/882 696/678
f 701/680 1005/883 702/882 730/679
f 1005/883 701/680 700/1012 687/1038
f 727/1013 731/681 719/1037 694/1039
f 719/1037 731/681 718/682 693/683
f 718/682 729/876 710/684 693/683
f 710/684 729/876 717/880 692/686
f 699/685 997/879 1850/1802 1552/1603
f 717/880 997/879 699/685 692/686
f 1093/1000 1092/999 732/891 733/892
f 734/884 1094/1001 1093/1000 733/892
f 1095/1002 1094/1001 734/884 735/869
f 1095/1002 735/869 736/696 1096/1003
f 1096/1003 736/696 737/813 1097/1004
f 1097/1004 737/813 738/693 1098/1005
f 1098/1005 738/693 1591/1610 1951/1925
f 1122/1058 1118/1057 1115/1172 1125/1045
f 1177/1164 1173/1168 1174/1170 1178/1166
f 1178/1166 1174/1170 2027/2084 2031/2079
f 1120/1053 1123/1054 1976/1970 1973/1969
f 1119/1056 1124/1059 1123/1054 1120/1053
f 801/1178 802/1050 1182/1167 1181/1183
f 1182/1167 802/1050 803/1051 1183/1169
f 1183/1169 803/1051 1656/1967 2036/2083
f 1113/1043 1127/1064 1126/804 1114/1042
f 806/1209 948/688 902/819 789/1208
f 948/687 807/706 788/820 902/821
f 807/706 948/687 1801/1604 1660/1622
f 948/688 806/1209 1659/2125 1801/1605
f 808/1207 949/690 817/1205 770/1206
f 949/689 809/704 743/771 817/770
f 809/704 949/689 902/821 788/820
f 949/690 808/1207 789/1208 902/819
f 742/702 950/692 817/770 743/771
f 951/691 810/700 1077/1177 1078/1176
f 810/700 951/691 950/692 742/702
f 812/781 813/694 785/815 786/816
f 813/694 812/781 1665/1700 1666/1611
f 815/782 814/697 798/950 772/893
f 814/697 815/782 786/816 785/815
f 1075/978 1074/977 1048/948 936/1047
f 952/695 738/693 737/813 900/814
f 738/693 952/695 1805/1612 1591/1610
f 952/695 813/694 1666/1611 1805/1612
f 813/694 952/695 900/814 785/815
f 953/698 736/696 735/869 941/906
f 737/813 736/696 953/698 900/814
f 953/698 814/697 785/815 900/814
f 814/697 953/698 941/906 798/950
f 1052/940 1038/925 816/921 1030/910
f 740/929 1028/930 1065/968 1064/967
f 1029/918 1034/916 1033/932 1032/937
f 818/1046 1117/1062 1113/1043 937/1175
f 1077/1177 1076/979 818/1046 937/1175
f 1076/979 1075/978 936/1047 818/1046
f 810/700 954/699 1076/979 1077/1177
f 954/699 819/786 1075/978 1076/979
f 819/786 954/699 955/701 739/785
f 955/701 954/699 810/700 742/702
f 739/785 955/701 820/769 741/784
f 820/769 955/701 742/702 743/771
f 809/704 956/703 820/769 743/771
f 956/703 821/783 741/784 820/769
f 821/783 956/703 901/818 787/817
f 956/703 809/704 788/820 901/818
f 807/706 957/705 901/818 788/820
f 957/705 822/881 787/817 901/818
f 822/881 957/705 1810/1623 1675/1803
f 957/705 807/706 1660/1622 1810/1623
f 823/851 958/707 1811/1624 1676/1775
f 958/707 998/716 1851/1633 1811/1624
f 998/716 958/707 999/778 872/723
f 958/707 823/851 908/846 999/778
f 895/765 827/710 943/871 944/872
f 824/708 825/1137 944/872 943/871
f 827/710 826/982 942/870 943/871
f 824/708 828/709 305/742 231/1132
f 828/709 824/708 943/871 942/870
f 828/709 829/912 312/743 305/742
f 829/912 828/709 942/870 799/965
f 829/912 830/913 186/744 312/743
f 959/1092 1034/916 740/929 1035/928
f 1034/916 959/1092 1128/1072 1033/932
f 960/1091 959/1092 1035/928 1041/980
f 1135/1071 960/1091 839/926 1140/1100
f 831/915 1027/914 199/776 200/777
f 1008/920 1061/959 1060/957 1062/964
f 834/868 835/715 939/864 938/867
f 835/715 834/868 1687/1790 1688/1632
f 827/710 895/765 836/764 837/1114
f 826/982 827/710 837/1114 838/1113
f 1041/980 826/982 838/1113 1079/981
f 1140/1100 839/926 1157/1103 1156/1108
f 1163/1124 1081/984 1934/1903 2016/2037
f 1159/1130 1082/986 1081/984 1163/1124
f 1080/989 1084/992 1085/1117 961/927
f 961/927 1085/1117 1165/1129 1164/1128 841/711
f 1080/989 1158/1115 747/1116 746/990
f 1157/1103 961/927 841/711 1156/1108
f 748/807 1129/1068 1132/1077 1148/1090
f 1134/1079 1135/1074 1140/1101 1141/1102
f 1135/1074 1134/1079 1133/1078 1128/1073
f 1156/1107 841/712 842/805 1155/1112
f 842/805 841/712 1164/1127 843/1126
f 1145/1084 1139/1082 1137/1069 1142/1085
f 1138/1080 1143/1083 1996/1996 1991/1993
f 1146/1086 1130/1075 1983/1988 1999/1999
f 962/713 1146/1086 1999/1999 1815/2000
f 844/803 748/807 1148/1090 850/1089
f 777/802 844/803 850/1089 778/798
f 962/713 845/793 851/790 964/1088
f 845/793 962/713 1815/2000 1698/1712
f 963/714 846/1052 853/1055 854/763
f 846/1052 963/714 1816/1630 1699/1968
f 963/714 847/794 1700/1714 1816/1630
f 847/794 963/714 854/763 898/791
f 750/808 849/799 852/779 749/780
f 849/799 848/800 779/796 852/779
f 1145/1084 1144/762 1136/1081 1139/1082
f 1144/762 1145/1084 1151/1105 1152/1109
f 850/1089 964/1088 851/790 778/798
f 852/779 854/763 853/1055 749/780
f 898/791 854/763 852/779 779/796
f 780/806 855/1125 856/1110 751/1111
f 751/1111 856/1110 1152/1109 1151/1105
f 965/1119 1153/1106 1152/1109 856/1110
f 1153/1106 965/1119 1818/2032 2006/2019
f 1154/1104 780/806 751/1111 1151/1105
f 839/926 1079/981 1158/1115 1157/1103
f 1079/981 838/1113 747/1116 1158/1115
f 746/990 747/1116 838/1113 837/1114
f 746/990 837/1114 836/764 897/991
f 835/715 840/983 940/985 939/864
f 840/983 835/715 1688/1632 1693/1904
f 198/810 199/776 1027/914 832/911
f 196/745 197/809 782/919 1008/920
f 324/746 196/745 1008/920 1062/964
f 296/747 324/746 1062/964 981/963
f 857/761 858/1145 1711/2059 1710/1676
f 858/1145 857/761 894/1134 893/1144
f 859/1150 745/1135 187/1131 188/1149
f 860/903 1101/1007 1100/1153 966/1151
f 860/903 966/1151 861/960 922/894
f 223/1157 291/811 861/960 966/1151
f 862/954 1012/890 1011/888 775/862
f 998/716 863/717 1716/1634 1851/1633
f 863/717 998/716 872/723 869/724
f 967/1146 1019/899 1872/1820 1820/2060
f 1019/899 967/1146 980/1152 1020/901
f 865/734 867/718 866/727 752/733
f 867/718 865/734 1718/1650 1720/1635
f 968/719 863/717 869/724 969/720
f 863/717 968/719 1821/1636 1716/1634
f 968/719 867/718 1720/1635 1821/1636
f 866/727 867/718 968/719 969/720 870/725
f 868/721 969/720 869/724 754/722
f 870/725 969/720 868/721 753/736
f 871/834 868/721 754/722 793/838
f 871/834 792/835 753/736 868/721
f 754/722 756/788 794/843 793/838
f 754/722 869/724 872/723 756/788
f 873/737 970/726 870/725 753/736
f 870/725 970/726 874/728 866/727
f 874/728 970/726 875/748 876/756
f 875/748 970/726 873/737 764/750
f 866/727 874/728 877/729 752/733
f 877/729 874/728 876/756 767/757
f 878/732 971/730 879/731 760/738
f 879/731 971/730 880/755 766/752
f 880/755 971/730 877/729 767/757
f 877/729 971/730 878/732 752/733
f 765/775 906/774 879/731 766/752
f 879/731 906/774 881/773 760/738
f 882/740 972/735 878/732 760/738
f 878/732 972/735 865/734 752/733
f 865/734 972/735 1825/1651 1718/1650
f 972/735 882/740 1735/1657 1825/1651
f 883/828 873/737 753/736 792/835
f 883/828 791/829 764/750 873/737
f 881/773 911/768 910/739 760/738
f 885/741 882/740 760/738 910/739
f 882/740 885/741 1738/1656 1735/1657
f 831/915 200/777 186/744 830/913
f 276/767 296/747 981/963 903/962
f 886/751 973/749 875/748 764/750
f 875/748 973/749 975/759 876/756
f 975/759 973/749 887/855 892/856
f 887/855 973/749 886/751 757/854
f 888/822 886/751 764/750 791/829
f 888/822 790/823 757/854 886/751
f 783/860 904/772 889/753 759/861
f 889/753 904/772 765/775 766/752
f 880/755 974/754 889/753 766/752
f 889/753 974/754 890/858 759/861
f 890/858 974/754 891/758 758/857
f 891/758 974/754 880/755 767/757
f 876/756 975/759 891/758 767/757
f 891/758 975/759 892/856 758/857
f 859/1150 893/1144 894/1134 745/1135
f 976/1136 894/1134 857/761 977/760
f 976/1136 977/760 978/766 992/1139
f 978/766 977/760 1830/1677 1831/1683
f 977/760 857/761 1710/1676 1830/1677
f 836/764 895/765 768/866 769/865
f 1084/992 1083/988 1086/1118 1085/1117
f 1143/1083 1144/762 1152/1109 1153/1106
f 1136/1081 1144/762 1143/1083 1138/1080
f 1147/1087 1131/1076 1130/1075 1146/1086
f 962/713 964/1088 1147/1087 1146/1086
f 896/987 897/991 836/764 769/865
f 768/866 895/765 944/872 800/874
f 946/875 978/766 1831/1683 1799/1797
f 935/863 979/961 903/962 775/862
f 285/812 276/767 903/962 979/961
f 755/1014 784/1015 911/768 881/773
f 904/772 905/826 771/833 765/775
f 904/772 783/860 761/827 905/826
f 906/774 907/832 755/1014 881/773
f 906/774 765/775 771/833 907/832
f 872/723 999/778 909/789 756/788
f 909/789 999/778 908/846 796/847
f 853/1055 846/1052 1150/1099 913/1097
f 853/1055 913/1097 1149/1095 749/780
f 1160/1120 965/1119 856/1110 855/1125
f 914/1093 750/808 749/780 1149/1095
f 822/881 812/781 786/816 787/817
f 812/781 822/881 1675/1803 1665/1700
f 821/783 787/817 786/816 815/782
f 741/784 821/783 815/782 772/893
f 915/787 1059/953 1073/976 1074/977
f 741/784 772/893 773/909 739/785
f 739/785 773/909 915/787 819/786
f 819/786 915/787 1074/977 1075/978
f 1020/901 980/1152 884/1154 1021/1006
f 916/900 917/850 919/853 864/898
f 917/850 916/900 918/1008 774/1011
f 864/898 919/853 1772/1776 1717/1819
f 903/962 981/963 862/954 775/862
f 909/789 921/840 794/843 756/788
f 909/789 796/847 795/844 921/840
f 1004/902 920/897 776/1010 1102/1009
f 922/894 935/863 1010/886 1016/895
f 779/796 848/800 923/801 924/797
f 923/801 777/802 778/798 924/797
f 851/790 925/792 924/797 778/798
f 924/797 925/792 898/791 779/796
f 925/792 851/790 845/793 982/795
f 847/794 898/791 925/792 982/795
f 982/795 845/793 1698/1712 1835/1713
f 847/794 982/795 1835/1713 1700/1714
f 1045/933 1044/938 1025/931 1030/910
f 1137/1069 1129/1068 1133/1078 1134/1079
f 1137/1069 1134/1079 1141/1102 1142/1085
f 1155/1112 842/805 780/806 1154/1104
f 780/806 842/805 843/1126 855/1125
f 1133/1078 781/1070 1033/1067 1128/1073
f 1129/1068 748/807 781/1070 1133/1078
f 197/809 198/810 832/911 782/919
f 1046/934 1045/933 1030/910 816/921
f 1042/936 1047/935 1036/922 1031/917
f 291/811 285/812 979/961 861/960
f 922/894 861/960 979/961 935/863
f 989/859 928/824 761/827 783/860
f 989/859 757/854 790/823 928/824
f 905/826 983/825 929/830 771/833
f 929/830 983/825 888/822 791/829
f 888/822 983/825 928/824 790/823
f 928/824 983/825 905/826 761/827
f 907/832 984/831 930/836 755/1014
f 930/836 984/831 883/828 792/835
f 883/828 984/831 929/830 791/829
f 929/830 984/831 907/832 771/833
f 912/1018 985/837 931/839 762/1019
f 931/839 985/837 871/834 793/838
f 871/834 985/837 930/836 792/835
f 930/836 985/837 912/1018 755/1014
f 793/838 794/843 932/842 931/839
f 931/839 932/842 1087/993 762/1019
f 932/842 986/841 920/897 1087/993
f 933/845 986/841 921/840 795/844
f 921/840 986/841 932/842 794/843
f 920/897 986/841 933/845 776/1010
f 934/848 933/845 795/844 796/847
f 934/848 774/1011 776/1010 933/845
f 919/853 917/850 987/849 988/852
f 987/849 908/846 823/851 988/852
f 908/846 987/849 934/848 796/847
f 934/848 987/849 917/850 774/1011
f 919/853 988/852 1841/1777 1772/1776
f 988/852 823/851 1676/1775 1841/1777
f 989/859 887/855 757/854
f 887/855 989/859 892/856
f 892/856 989/859 890/858 758/857
f 890/858 989/859 783/860 759/861
f 775/862 1011/888 1010/886 935/863
f 803/1051 802/1050 1119/1056 1120/1053
f 803/1051 1120/1053 1973/1969 1656/1967
f 945/873 992/1139 978/766 946/875
f 945/873 800/874 899/1138 992/1139
f 769/865 768/866 938/867 939/864
f 896/987 769/865 939/864 940/985
f 1083/988 1082/986 1159/1130 1086/1118
f 800/874 944/872 825/1137 899/1138
f 938/867 768/866 800/874 945/873
f 834/868 938/867 945/873 946/875
f 834/868 946/875 1799/1797 1687/1790
f 734/884 1015/907 941/906 735/869
f 799/965 942/870 826/982 1041/980
f 717/880 698/878 1551/1800 1570/1799
f 729/876 716/877 698/878 717/880
f 997/879 717/880 1570/1799 1850/1802
f 1002/885 1089/996 1088/994 1017/896
f 1112/1040 1000/995 1001/1034 1111/1041
f 1089/996 1002/885 1003/887 1090/997
f 1090/997 1003/887 1007/889 1091/998
f 1099/1017 1018/1016 1000/995 1112/1040
f 1109/1033 702/882 1005/883 1110/1036
f 732/891 1092/999 1091/998 1007/889
f 862/954 1009/955 1013/904 1012/890
f 734/884 733/892 1014/905 1015/907
f 1002/885 1017/896 1016/895 1010/886
f 1011/888 1003/887 1002/885 1010/886
f 1007/889 1003/887 1011/888 1012/890
f 1013/904 732/891 1007/889 1012/890
f 732/891 1013/904 1014/905 733/892
f 798/950 1023/908 1049/942 1058/952
f 773/909 772/893 798/950 1058/952
f 922/894 1016/895 1004/902 860/903
f 1004/902 1016/895 1017/896 920/897
f 1017/896 1088/994 1087/993 920/897
f 1019/899 864/898 1717/1819 1872/1820
f 916/900 864/898 1019/899 1020/901
f 916/900 1020/901 1021/1006 918/1008
f 1004/902 1102/1009 1101/1007 860/903
f 1022/941 1014/905 1013/904 1009/955
f 1015/907 1014/905 1022/941 1023/908
f 798/950 941/906 1015/907 1023/908
f 862/954 981/963 1062/964 1060/957
f 1024/956 1053/943 1022/941 1009/955
f 1058/952 1049/942 1050/944 1059/953
f 915/787 773/909 1058/952 1059/953
f 1067/970 1066/969 1026/923 1037/924
f 936/1047 1048/948 1121/949 1116/1048
f 1055/951 1039/939 1025/931 1056/946
f 1056/946 1025/931 1044/938 1043/947
f 1037/924 1026/923 1031/917 1036/922
f 832/911 1027/914 1065/968 1066/969
f 1066/969 1065/968 1028/930 1026/923
f 1042/936 1031/917 1029/918 1032/937
f 1052/940 1030/910 1025/931 1039/939
f 782/919 832/911 1066/969 1067/970
f 830/913 829/912 799/965 1063/966
f 831/915 830/913 1063/966 1064/967
f 1027/914 831/915 1064/967 1065/968
f 1063/966 799/965 1041/980 1035/928
f 740/929 1064/967 1063/966 1035/928
f 1034/916 1029/918 1028/930 740/929
f 1029/918 1031/917 1026/923 1028/930
f 1061/959 1008/920 1068/971 1069/972
f 1069/972 1068/971 1038/925 1052/940
f 1008/920 782/919 1067/970 1068/971
f 1068/971 1067/970 1037/924 1038/925
f 816/921 1038/925 1037/924 1036/922
f 1046/934 816/921 1036/922 1047/935
f 839/926 960/1091 1041/980 1079/981
f 1080/989 961/927 1157/1103 1158/1115
f 1117/1062 1116/1048 1043/947 990/1063
f 1073/976 1057/1061 1048/948 1074/977
f 1059/953 1050/944 1072/975 1073/976
f 1073/976 1072/975 1040/1060 1057/1061
f 1054/945 1053/943 1024/956 1051/958
f 1054/945 1051/958 1070/973 1071/974
f 1071/974 1070/973 1039/939 1055/951
f 1039/939 1070/973 1069/972 1052/940
f 1049/942 1023/908 1022/941 1053/943
f 1050/944 1049/942 1053/943 1054/945
f 1050/944 1054/945 1071/974 1072/975
f 1072/975 1071/974 1055/951 1040/1060
f 1055/951 1056/946 1121/949 1040/1060
f 1116/1048 1121/949 1056/946 1043/947
f 1121/949 1048/948 1057/1061 1040/1060
f 862/954 1060/957 1024/956 1009/955
f 1061/959 1051/958 1024/956 1060/957
f 1051/958 1061/959 1069/972 1070/973
f 1081/984 840/983 1693/1904 1934/1903
f 940/985 840/983 1081/984 1082/986
f 896/987 940/985 1082/986 1083/988
f 1084/992 897/991 896/987 1083/988
f 1080/989 746/990 897/991 1084/992
f 762/1019 1087/993 1088/994 1018/1016
f 1089/996 1000/995 1018/1016 1088/994
f 1000/995 1089/996 1090/997 1001/1034
f 1001/1034 1090/997 1091/998 1006/1035
f 1092/999 709/1032 1006/1035 1091/998
f 723/1030 709/1032 1092/999 1093/1000
f 1094/1001 724/1028 723/1030 1093/1000
f 697/1026 724/1028 1094/1001 1095/1002
f 697/1026 1095/1002 1096/1003 728/1024
f 728/1024 1096/1003 1097/1004 715/1023
f 715/1023 1097/1004 1098/1005 726/1020
f 726/1020 1098/1005 1951/1925 1579/1939
f 1100/1153 1101/1007 1021/1006 884/1154
f 1021/1006 1101/1007 1102/1009 918/1008
f 918/1008 1102/1009 776/1010 774/1011
f 687/1038 700/1012 727/1013 694/1039
f 755/1014 912/1018 1099/1017 784/1015
f 1018/1016 1099/1017 912/1018 762/1019
f 1103/1021 726/1020 1579/1939 1956/1938
f 715/1023 726/1020 1103/1021 1104/1022
f 728/1024 715/1023 1104/1022 1105/1025
f 697/1026 728/1024 1105/1025 1106/1027
f 1107/1029 724/1028 697/1026 1106/1027
f 723/1030 724/1028 1107/1029 1108/1031
f 1109/1033 709/1032 723/1030 1108/1031
f 709/1032 1109/1033 1110/1036 1006/1035
f 1111/1041 1001/1034 1006/1035 1110/1036
f 719/1037 1099/1017 1112/1040 694/1039
f 687/1038 694/1039 1112/1040 1111/1041
f 1114/1042 991/1174 937/1175 1113/1043
f 1114/1171 1126/1044 1125/1045 1115/1172
f 1117/1062 818/1046 936/1047 1116/1048
f 1119/1056 802/1050 801/1178 1118/1057
f 914/1093 1149/1095 1122/1094 1125/1065
f 1150/1099 846/1052 1699/1968 2003/2011
f 1119/1056 1118/1057 1122/1058 1124/1059
f 1117/1062 990/1063 1127/1064 1113/1043
f 1129/1068 1137/1069 1139/1082 1132/1077
f 1130/1075 1138/1080 1991/1993 1983/1988
f 1131/1076 1147/1087 1148/1090 1132/1077
f 1130/1075 1131/1076 1136/1081 1138/1080
f 960/1091 1135/1071 1128/1072 959/1092
f 1131/1076 1132/1077 1139/1082 1136/1081
f 1141/1102 1140/1101 1156/1107 1155/1112
f 1145/1084 1142/1085 1154/1104 1151/1105
f 1143/1083 1153/1106 2006/2019 1996/1996
f 1142/1085 1141/1102 1155/1112 1154/1104
f 1147/1087 964/1088 850/1089 1148/1090
f 913/1097 1124/1096 1122/1094 1149/1095
f 1123/1098 1124/1096 913/1097 1150/1099
f 1123/1098 1150/1099 2003/2011 1976/2012
f 1165/1129 1085/1117 1086/1118 1159/1130
f 965/1119 1160/1120 2013/2033 1818/2032
f 1160/1120 1161/1121 2014/2034 2013/2033
f 1161/1121 1162/1122 2015/2035 2014/2034
f 1162/1123 1163/1124 2016/2037 2015/2036
f 1161/1121 1160/1120 855/1125 843/1126
f 1162/1122 1161/1121 843/1126 1164/1127
f 1159/1130 1163/1124 1162/1123 1164/1128 1165/1129
f 825/1137 824/708 231/1132 238/1133
f 187/1131 745/1135 833/1142 236/1141
f 894/1134 976/1136 833/1142 745/1135
f 744/1143 833/1142 976/1136 992/1139 899/1138
f 744/1143 899/1138 825/1137 238/1133 237/1140
f 744/1143 237/1140 236/1141 833/1142
f 858/1145 1166/1147 2019/2061 1711/2059
f 1168/1158 893/1144 859/1150 1167/1162
f 858/1145 893/1144 1168/1158 1166/1147
f 1171/1148 967/1146 1820/2060 2024/2062
f 1171/1148 1170/1159 980/1152 967/1146
f 1166/1147 1171/1148 2024/2062 2019/2061
f 1171/1148 1166/1147 1168/1158 1170/1159
f 859/1150 188/1149 318/1155 1167/1162
f 223/1157 966/1151 1100/1153 763/1160 201/1156
f 884/1154 980/1152 1170/1159 1169/1161
f 1100/1153 884/1154 1169/1161 763/1160
f 1167/1162 318/1155 201/1156 763/1160 1169/1161
f 1170/1159 1168/1158 1167/1162 1169/1161
f 1173/1168 1177/1164 1176/1182 1172/1184
f 1173/1168 1182/1167 1183/1169 1174/1170
f 1174/1170 1183/1169 2036/2083 2027/2084
f 1177/1164 995/1163 994/1173 1176/1182
f 1177/1164 1178/1166 996/1165 995/1163
f 1849/2080 996/1165 1178/1166 2031/2079
f 1182/1167 1173/1168 1172/1184 1181/1183
f 1114/1171 1115/1172 797/1180 991/1179
f 1115/1172 1118/1057 801/1178 797/1180
f 1184/1196 1202/1217 951/1214 1078/1181 1194/1188
f 1204/1221 1180/1197 1179/1190 1205/1223
f 1205/1223 1179/1190 2032/2106 2058/2138
f 1176/1182 994/1173 993/1186 1192/1212
f 1185/1191 947/1189 1800/2105 2038/2107
f 1179/1190 1175/1192 2028/2108 2032/2106
f 1189/1195 1195/1210 1190/1213 1188/1194
f 1078/1176 1077/1177 937/1175 991/1174
f 797/1180 801/1178 1181/1183 805/1185
f 805/1185 1194/1188 1078/1181 991/1179 797/1180
f 1172/1184 1176/1182 1192/1212 1191/1211
f 805/1185 1181/1183 1172/1184 1191/1211
f 1195/1210 1194/1188 805/1185 1191/1211
f 804/1187 811/1193 1188/1194 1190/1213
f 1175/1192 1185/1191 2038/2107 2028/2108
f 993/1186 804/1187 1190/1213 1192/1212
f 1189/1195 1184/1196 1194/1188 1195/1210
f 1196/1200 947/1189 1185/1191 1193/1199
f 1187/1203 927/1204 1196/1200 1193/1199
f 1175/1192 1179/1190 1180/1197 926/1198
f 1186/1202 1187/1203 1193/1199 926/1198
f 1189/1195 1188/1194 1187/1203 1186/1202
f 1185/1191 1175/1192 926/1198 1193/1199
f 1188/1194 811/1193 927/1204 1187/1203
f 1184/1196 1189/1195 1186/1202 1197/1201
f 1186/1202 926/1198 1180/1197 1197/1201
f 1202/1217 1184/1196 1197/1201 1203/1219
f 1203/1219 1197/1201 1180/1197 1204/1221
f 950/1215 1198/1216 770/1206 817/1205
f 808/1207 770/1206 1198/1216 1199/1218
f 789/1208 808/1207 1199/1218 1200/1220
f 806/1209 789/1208 1200/1220 1201/1222
f 806/1209 1201/1222 2054/2137 1659/2125
f 1195/1210 1191/1211 1192/1212 1190/1213
f 951/1214 1202/1217 1198/1216 950/1215
f 1199/1218 1198/1216 1202/1217 1203/1219
f 1200/1220 1199/1218 1203/1219 1204/1221
f 1201/1222 1200/1220 1204/1221 1205/1223
f 1201/1222 1205/1223 2058/2138 2054/2137
f 1279/1225 1206/1340 1280/1339 1393/1224
f 1280/1339 1207/1338 1281/1230 1393/1224
f 1393/1224 1281/1230 1397/1237 1396/1236
f 1279/1225 1393/1224 1396/1236 1297/1235
f 1282/1226 1279/1225 1297/1235 1296/1240
f 1279/1225 1282/1226 1208/1342 1206/1340
f 1283/1227 1209/1345 1208/1342 1282/1226
f 1283/1227 1282/1226 1296/1240 1303/1241
f 1284/1317 1283/1227 1303/1241 1399/1320
f 1210/1347 1209/1345 1283/1227 1284/1317
f 1285/1228 1288/1356 1236/1355 1286/1304
f 1285/1228 1286/1304 1344/1327 1395/1326
f 1287/1229 1290/1358 1288/1356 1285/1228
f 1287/1229 1285/1228 1395/1326 1400/1248
f 1289/1231 1287/1229 1400/1248 1309/1247
f 1289/1231 1211/1362 1290/1358 1287/1229
f 1207/1338 1212/1337 1291/1233 1281/1230
f 1281/1230 1291/1233 1299/1238 1397/1237
f 1211/1362 1289/1231 1292/1232 1213/1360
f 1292/1232 1289/1231 1309/1247 1301/1246
f 1291/1233 1212/1337 1293/1336 1394/1234
f 1293/1336 1213/1360 1292/1232 1394/1234
f 1394/1234 1292/1232 1301/1246 1398/1239
f 1291/1233 1394/1234 1398/1239 1299/1238
f 1214/1255 1215/1253 1400/1248 1395/1326
f 1237/1308 1214/1255 1242/1330 1244/1335
f 1294/1251 1241/1306 1245/1333 1295/1325
f 1294/1251 1295/1325 1305/1324 1306/1249
f 1296/1240 1297/1235 1217/1244 1216/1243
f 1397/1237 1300/1261 1298/1245 1396/1236
f 1298/1245 1217/1244 1297/1235 1396/1236
f 1299/1238 1218/1263 1300/1261 1397/1237
f 1301/1246 1219/1265 1302/1264 1398/1239
f 1302/1264 1218/1263 1299/1238 1398/1239
f 1303/1241 1296/1240 1216/1243 1220/1242
f 1303/1241 1220/1242 1304/1323 1399/1320
f 1220/1242 1216/1243 1305/1324 1304/1323
f 1306/1249 1305/1324 1216/1243 1217/1244
f 1306/1249 1217/1244 1298/1245 1308/1250
f 1298/1245 1300/1261 1307/1270 1308/1250
f 1219/1265 1301/1246 1309/1247 1221/1259
f 1215/1253 1221/1259 1309/1247 1400/1248
f 1294/1251 1306/1249 1308/1250 1401/1252
f 1308/1250 1307/1270 1310/1269 1401/1252
f 1310/1269 1240/1299 1311/1298 1401/1252
f 1311/1298 1241/1306 1294/1251 1401/1252
f 1312/1257 1221/1259 1215/1253 1313/1254
f 1223/1276 1222/1275 1312/1257 1313/1254
f 1313/1254 1215/1253 1214/1255 1314/1256
f 1224/1273 1223/1276 1313/1254 1314/1256
f 1314/1256 1214/1255 1237/1308 1315/1302
f 1314/1256 1315/1302 1238/1301 1224/1273
f 1316/1277 1225/1287 1317/1283 1402/1258
f 1317/1283 1226/1282 1318/1260 1402/1258
f 1318/1260 1221/1259 1312/1257 1402/1258
f 1312/1257 1222/1275 1316/1277 1402/1258
f 1227/1281 1319/1266 1318/1260 1226/1282
f 1319/1266 1219/1265 1221/1259 1318/1260
f 1307/1270 1300/1261 1403/1262 1321/1271
f 1403/1262 1323/1290 1320/1285 1321/1271
f 1300/1261 1218/1263 1322/1267 1403/1262
f 1322/1267 1233/1291 1323/1290 1403/1262
f 1322/1267 1218/1263 1302/1264 1404/1268
f 1302/1264 1219/1265 1319/1266 1404/1268
f 1319/1266 1227/1281 1324/1279 1404/1268
f 1324/1279 1233/1291 1322/1267 1404/1268
f 1321/1271 1320/1285 1325/1286 1405/1272
f 1325/1286 1332/1311 1326/1295 1405/1272
f 1326/1295 1240/1299 1310/1269 1405/1272
f 1310/1269 1307/1270 1321/1271 1405/1272
f 1406/1274 1224/1273 1238/1301 1327/1296
f 1406/1274 1327/1296 1239/1315 1228/1310
f 1228/1310 1229/1309 1328/1278 1406/1274
f 1328/1278 1223/1276 1224/1273 1406/1274
f 1316/1277 1222/1275 1223/1276 1328/1278
f 1229/1309 1225/1287 1316/1277 1328/1278
f 1329/1292 1233/1291 1324/1279 1407/1280
f 1324/1279 1227/1281 1330/1284 1407/1280
f 1330/1284 1231/1288 1331/1289 1407/1280
f 1331/1289 1230/1293 1329/1292 1407/1280
f 1330/1284 1227/1281 1226/1282 1317/1283
f 1330/1284 1317/1283 1225/1287 1231/1288
f 1320/1285 1323/1290 1333/1294 1325/1286
f 1333/1294 1234/1312 1332/1311 1325/1286
f 1232/1314 1231/1288 1225/1287 1229/1309
f 1331/1289 1231/1288 1232/1314 1334/1313
f 1234/1312 1230/1293 1331/1289 1334/1313
f 1323/1290 1233/1291 1329/1292 1333/1294
f 1329/1292 1230/1293 1234/1312 1333/1294
f 1335/1300 1240/1299 1326/1295 1408/1297
f 1326/1295 1332/1311 1336/1316 1408/1297
f 1336/1316 1239/1315 1327/1296 1408/1297
f 1327/1296 1238/1301 1335/1300 1408/1297
f 1337/1307 1241/1306 1311/1298 1409/1303
f 1311/1298 1240/1299 1335/1300 1409/1303
f 1335/1300 1238/1301 1315/1302 1409/1303
f 1315/1302 1237/1308 1337/1307 1409/1303
f 1338/1352 1235/1351 1339/1318 1410/1305
f 1410/1305 1339/1318 1343/1328 1413/1329
f 1286/1304 1410/1305 1413/1329 1344/1327
f 1286/1304 1236/1355 1338/1352 1410/1305
f 1237/1308 1244/1335 1340/1334 1337/1307
f 1340/1334 1245/1333 1241/1306 1337/1307
f 1228/1310 1239/1315 1232/1314 1229/1309
f 1332/1311 1234/1312 1334/1313 1336/1316
f 1334/1313 1232/1314 1239/1315 1336/1316
f 1339/1318 1235/1351 1341/1348 1411/1319
f 1341/1348 1210/1347 1284/1317 1411/1319
f 1411/1319 1284/1317 1399/1320 1412/1321
f 1339/1318 1411/1319 1412/1321 1343/1328
f 1342/1322 1243/1332 1343/1328 1412/1321
f 1399/1320 1304/1323 1342/1322 1412/1321
f 1295/1325 1245/1333 1243/1332 1342/1322
f 1295/1325 1342/1322 1304/1323 1305/1324
f 1395/1326 1344/1327 1242/1330 1214/1255
f 1345/1331 1242/1330 1344/1327 1413/1329
f 1343/1328 1243/1332 1345/1331 1413/1329
f 1244/1335 1242/1330 1345/1331 1340/1334
f 1345/1331 1243/1332 1245/1333 1340/1334
f 1277/1434 1278/1432 1212/1337 1207/1338
f 1213/1360 1293/1336 1346/1418 1246/1417
f 1293/1336 1212/1337 1278/1432 1346/1418
f 1277/1434 1207/1338 1280/1339 1347/1435
f 1280/1339 1206/1340 1276/1433 1347/1435
f 1276/1433 1206/1340 1348/1341 1349/1416
f 1348/1341 1247/1394 1275/1415 1349/1416
f 1348/1341 1206/1340 1208/1342 1350/1343
f 1348/1341 1350/1343 1248/1395 1247/1394
f 1350/1343 1208/1342 1209/1345 1351/1344
f 1350/1343 1351/1344 1249/1396 1248/1395
f 1250/1377 1249/1396 1351/1344 1414/1346
f 1351/1344 1209/1345 1210/1347 1414/1346
f 1352/1350 1251/1374 1353/1373 1415/1349
f 1353/1373 1250/1377 1414/1346 1415/1349
f 1414/1346 1210/1347 1341/1348 1415/1349
f 1341/1348 1235/1351 1352/1350 1415/1349
f 1354/1354 1252/1370 1355/1369 1416/1353
f 1355/1369 1251/1374 1352/1350 1416/1353
f 1352/1350 1235/1351 1338/1352 1416/1353
f 1338/1352 1236/1355 1354/1354 1416/1353
f 1417/1357 1357/1367 1252/1370 1354/1354
f 1417/1357 1354/1354 1236/1355 1288/1356
f 1288/1356 1290/1358 1356/1359 1417/1357
f 1356/1359 1359/1365 1357/1367 1417/1357
f 1358/1361 1253/1363 1359/1365 1356/1359
f 1290/1358 1211/1362 1358/1361 1356/1359
f 1213/1360 1246/1417 1254/1421 1211/1362
f 1360/1420 1255/1419 1253/1363 1358/1361
f 1360/1420 1358/1361 1211/1362 1254/1421
f 1257/1401 1361/1364 1362/1422 1256/1426
f 1361/1364 1253/1363 1255/1419 1362/1422
f 1359/1365 1253/1363 1361/1364 1364/1366
f 1361/1364 1257/1401 1363/1397 1364/1366
f 1364/1366 1363/1397 1365/1379 1366/1368
f 1357/1367 1359/1365 1364/1366 1366/1368
f 1367/1371 1252/1370 1357/1367 1366/1368
f 1367/1371 1366/1368 1365/1379 1258/1382
f 1367/1371 1258/1382 1368/1381 1418/1372
f 1368/1381 1259/1386 1369/1375 1418/1372
f 1369/1375 1251/1374 1355/1369 1418/1372
f 1355/1369 1252/1370 1367/1371 1418/1372
f 1370/1378 1250/1377 1353/1373 1419/1376
f 1353/1373 1251/1374 1369/1375 1419/1376
f 1369/1375 1259/1386 1371/1385 1419/1376
f 1371/1385 1260/1389 1370/1378 1419/1376
f 1372/1392 1249/1396 1250/1377 1370/1378
f 1260/1389 1261/1393 1372/1392 1370/1378
f 1365/1379 1363/1397 1422/1398 1374/1380
f 1422/1398 1386/1407 1373/1408 1374/1380
f 1375/1383 1258/1382 1365/1379 1374/1380
f 1375/1383 1374/1380 1373/1408 1262/1403
f 1376/1387 1259/1386 1368/1381 1420/1384
f 1368/1381 1258/1382 1375/1383 1420/1384
f 1375/1383 1262/1403 1377/1402 1420/1384
f 1377/1402 1388/1405 1376/1387 1420/1384
f 1378/1406 1263/1404 1379/1390 1421/1388
f 1379/1390 1260/1389 1371/1385 1421/1388
f 1371/1385 1259/1386 1376/1387 1421/1388
f 1376/1387 1388/1405 1378/1406 1421/1388
f 1263/1404 1267/1438 1380/1391 1379/1390
f 1380/1391 1261/1393 1260/1389 1379/1390
f 1381/1412 1264/1414 1261/1393 1380/1391
f 1381/1412 1380/1391 1267/1438 1269/1443
f 1382/1413 1265/1427 1249/1396 1372/1392
f 1382/1413 1372/1392 1261/1393 1264/1414
f 1275/1415 1247/1394 1248/1395 1266/1428
f 1266/1428 1248/1395 1249/1396 1265/1427
f 1273/1436 1274/1410 1268/1429
f 1363/1397 1257/1401 1385/1400 1422/1398
f 1385/1400 1270/1399 1386/1407 1422/1398
f 1257/1401 1256/1426 1387/1425 1385/1400
f 1387/1425 1271/1424 1270/1399 1385/1400
f 1384/1437 1272/1440 1388/1405 1377/1402
f 1262/1403 1273/1436 1384/1437 1377/1402
f 1274/1410 1273/1436 1262/1403 1373/1408
f 1389/1439 1267/1438 1263/1404 1378/1406
f 1388/1405 1272/1440 1389/1439 1378/1406
f 1386/1407 1270/1409 1390/1411 1373/1408
f 1390/1411 1274/1410 1373/1408
f 1390/1411 1270/1409 1271/1431 1391/1430
f 1390/1411 1391/1430 1268/1429 1274/1410
f 1269/1443 1383/1442 1702/1718 1701/1719
f 1383/1442 1268/1429 1603/1729 1702/1718
f 1264/1414 1381/1412 1776/1720 1630/1721
f 1381/1412 1269/1443 1701/1719 1776/1720
f 1265/1427 1382/1413 1697/1722 1601/1726
f 1382/1413 1264/1414 1630/1721 1697/1722
f 1275/1415 1266/1428 1634/1983 1886/1982
f 1349/1416 1275/1415 1886/1981 1885/1852
f 1276/1433 1349/1416 1885/1852 1895/1856
f 1254/1421 1246/1417 1346/1418 1897/1853 1896/1869
f 1346/1418 1278/1432 1898/1854 1897/1853
f 1362/1422 1255/1419 1360/1420 1423/1423
f 1423/1423 1360/1420 1254/1421 1896/1869 1843/1979
f 1256/1426 1362/1422 1423/1965 1843/1979 1980/1978
f 1271/1424 1387/1425 1979/1980 1978/2006
f 1387/1425 1256/1426 1980/1978 1979/1723
f 1266/1428 1265/1427 1601/1726 1634/1983
f 1268/1429 1391/1430 1767/1728 1603/1729
f 1391/1430 1271/1431 1978/2006 1767/1728
f 1278/1432 1277/1434 1899/1855 1898/1854
f 1347/1435 1276/1433 1895/1856 1900/1857
f 1277/1434 1347/1435 1900/1857 1899/1855
f 1384/1437 1273/1436 1268/1429 1383/1442
f 1392/1441 1272/1440 1384/1437 1383/1442 1269/1443
f 1392/1441 1269/1443 1267/1438 1389/1439
f 1389/1439 1272/1440 1392/1441
f 1447/1460 1452/1474 1453/1478 1446/1458
f 1446/1458 1453/1478 1454/1475 1445/1456
f 1445/1456 1454/1475 1455/1485 1444/1454
f 1455/1485 1456/1484 1443/1452 1444/1454
f 1456/1484 1457/1481 1442/1450 1443/1452
f 1457/1481 1458/1477 1441/1448 1442/1450
f 1458/1477 1459/1482 1440/1446 1441/1448
f 1459/1482 1460/1483 1439/1444 1440/1446
f 1460/1483 1461/1473 1438/1468 1439/1444
f 1461/1473 1462/1479 1451/1469 1438/1468
f 1462/1479 1463/1480 1450/1466 1451/1469
f 1463/1480 1464/1472 1449/1464 1450/1466
f 1464/1472 1465/1476 1448/1462 1449/1464
f 1439/1444 1438/1468 1429/1471 1430/1445
f 1440/1446 1439/1444 1430/1445 1436/1447
f 1441/1448 1440/1446 1436/1447 1431/1449
f 1442/1450 1441/1448 1431/1449 1435/1451
f 1443/1452 1442/1450 1435/1451 1437/1453
f 1444/1454 1443/1452 1437/1453 1427/1455
f 1445/1456 1444/1454 1427/1455 1426/1457
f 1446/1458 1445/1456 1426/1457 1425/1459
f 1447/1460 1446/1458 1425/1459 1424/1461
f 1449/1464 1448/1462 1428/1463 1432/1465
f 1450/1466 1449/1464 1432/1465 1433/1467
f 1451/1469 1450/1466 1433/1467 1434/1470
f 1438/1468 1451/1469 1434/1470 1429/1471
f 1454/1475 1453/1478 1467/1498 1468/1497
f 1465/1476 1464/1472 1478/1487 1479/1486
f 1461/1473 1460/1483 1474/1491 1475/1490
f 1464/1472 1463/1480 1477/1488 1478/1487
f 1462/1479 1461/1473 1475/1490 1476/1489
f 1458/1477 1457/1481 1471/1494 1472/1493
f 1453/1478 1452/1474 1466/1499 1467/1498
f 1455/1485 1454/1475 1468/1497 1469/1496
f 1458/1477 1472/1493 1473/1492 1459/1482
f 1462/1479 1476/1489 1477/1488 1463/1480
f 1456/1484 1470/1495 1471/1494 1457/1481
f 1459/1482 1473/1492 1474/1491 1460/1483
f 1455/1485 1469/1496 1470/1495 1456/1484
f 1479/1486 1478/1487 1482/1506 1481/1504
f 1478/1487 1477/1488 1483/1511 1482/1506
f 1477/1488 1476/1489 1484/1512 1483/1511
f 1476/1489 1475/1490 1485/1513 1484/1512
f 1475/1490 1474/1491 1486/1517 1485/1513
f 1474/1491 1473/1492 1487/1518 1486/1517
f 1473/1492 1472/1493 1488/1520 1487/1518
f 1472/1493 1471/1494 1489/1523 1488/1520
f 1471/1494 1470/1495 1490/1524 1489/1523
f 1470/1495 1469/1496 1491/1526 1490/1524
f 1491/1526 1469/1496 1468/1497 1492/1502
f 1492/1502 1468/1497 1467/1498 1493/1508
f 1493/1508 1467/1498 1466/1499 1480/1500
f 1503/1501 1508/1534 1509/1541 1494/1509
f 1493/1508 1480/1500 1503/1501 1494/1509
f 1492/1502 1493/1508 1494/1509 1504/1503
f 1494/1509 1509/1541 1510/1536 1504/1503
f 1504/1503 1510/1536 1520/1555 1502/1527
f 1491/1526 1492/1502 1504/1503 1502/1527
f 1495/1507 1515/1538 1511/1528 1505/1505
f 1481/1504 1482/1506 1495/1507 1505/1505
f 1485/1513 1486/1517 1497/1516 1496/1514
f 1497/1516 1513/1530 1512/1545 1496/1514
f 1499/1510 1514/1543 1515/1538 1495/1507
f 1482/1506 1483/1511 1499/1510 1495/1507
f 1496/1514 1512/1545 1516/1544 1506/1515
f 1516/1544 1514/1543 1499/1510 1506/1515
f 1499/1510 1483/1511 1484/1512 1506/1515
f 1484/1512 1485/1513 1496/1514 1506/1515
f 1517/1533 1513/1530 1497/1516 1507/1519
f 1497/1516 1486/1517 1487/1518 1507/1519
f 1507/1519 1487/1518 1488/1520 1498/1521
f 1518/1548 1517/1533 1507/1519 1498/1521
f 1488/1520 1489/1523 1500/1522 1498/1521
f 1500/1522 1519/1551 1518/1548 1498/1521
f 1521/1552 1519/1551 1500/1522 1501/1525
f 1500/1522 1489/1523 1490/1524 1501/1525
f 1490/1524 1491/1526 1502/1527 1501/1525
f 1502/1527 1520/1555 1521/1552 1501/1525
f 1511/1528 1515/1538 1532/1539 1528/1529
f 1523/1531 1513/1530 1517/1533 1522/1532
f 1512/1545 1513/1530 1523/1531 1529/1546
f 1522/1532 1517/1533 1518/1548 1534/1549
f 1509/1541 1508/1534 1530/1535 1524/1540
f 1510/1536 1509/1541 1524/1540 1531/1537
f 1520/1555 1510/1536 1531/1537 1527/1554
f 1515/1538 1514/1543 1525/1542 1532/1539
f 1525/1542 1514/1543 1516/1544 1533/1547
f 1516/1544 1512/1545 1529/1546 1533/1547
f 1518/1548 1519/1551 1526/1550 1534/1549
f 1526/1550 1519/1551 1521/1552 1535/1553
f 1521/1552 1520/1555 1527/1554 1535/1553
f 1574/1590 1539/1589 1959/1944 1960/1946
f 1532/1569 1569/1801 1551/1800 1528/1556
f 1552/1603 1545/1602 1763/1654 1738/1656
f 1537/1563 1541/1560 1523/1559 1522/1564
f 1553/1932 1541/1560 1537/1563 1554/1596
f 1554/1596 1537/1563 1556/1581 1583/1594
f 1536/1584 1538/1588 1557/1587 1578/1591
f 1540/1956 1858/1595 1963/1953 1964/1952
f 1543/1571 1558/1572 1566/1561 1565/1567
f 1559/1565 1560/1558 1558/1572 1543/1571
f 1561/1557 1956/1938 1957/1940 1544/1573
f 1545/1602 1563/1601 1764/1685 1763/1654
f 1539/1589 1557/1587 1566/1561 1567/1562
f 1560/1558 1561/1557 1544/1573 1558/1572
f 1558/1572 1544/1573 1567/1562 1566/1561
f 1523/1559 1541/1560 1564/1575 1529/1574
f 1564/1575 1541/1560 1553/1932 1580/1931
f 1565/1567 1566/1561 1557/1587 1538/1588
f 1567/1562 1544/1573 1957/1940 1958/1942
f 1539/1589 1567/1562 1958/1942 1959/1944
f 1556/1581 1537/1563 1522/1564 1534/1580
f 1524/1570 1530/1566 1559/1565 1543/1571
f 1531/1568 1524/1570 1543/1571 1565/1567
f 1527/1586 1531/1568 1565/1567 1538/1588
f 1563/1601 1546/1600 1637/1934 1764/1685
f 1525/1578 1542/1577 1569/1801 1532/1569
f 1569/1801 1542/1577 1571/1599 1582/1798
f 1546/1600 1572/1597 1952/1937 1637/1934
f 1571/1599 1542/1577 1573/1576 1584/1598
f 1573/1576 1564/1575 1580/1931 1584/1598
f 1529/1574 1564/1575 1573/1576 1533/1579
f 1573/1576 1542/1577 1525/1578 1533/1579
f 1555/1804 1549/1593 1961/1948 1962/1951
f 1526/1582 1548/1583 1556/1581 1534/1580
f 1556/1581 1548/1583 1575/1592 1583/1594
f 1536/1584 1548/1583 1526/1582 1535/1585
f 1575/1592 1548/1583 1536/1584 1578/1591
f 1961/1948 1549/1593 1574/1590 1960/1946
f 1527/1586 1538/1588 1536/1584 1535/1585
f 1557/1587 1539/1589 1574/1590 1578/1591
f 1574/1590 1549/1593 1575/1592 1578/1591
f 1575/1592 1549/1593 1555/1804 1583/1594
f 1554/1596 1583/1594 1555/1804 1858/1595
f 1858/1595 1540/1956 1553/1932 1554/1596
f 1580/1931 1547/1958 1572/1597 1584/1598
f 1572/1597 1546/1600 1571/1599 1584/1598
f 1571/1599 1546/1600 1563/1601 1582/1798
f 1563/1601 1545/1602 1570/1799 1582/1798
f 1570/1799 1545/1602 1552/1603 1850/1802
f 1946/1920 1586/1813 1585/1812 1945/1919
f 1587/1805 1586/1813 1946/1920 1947/1921
f 1948/1922 1588/1791 1587/1805 1947/1921
f 1588/1791 1948/1922 1949/1923 1589/1613
f 1589/1613 1949/1923 1950/1924 1590/1736
f 1590/1736 1950/1924 1951/1925 1591/1610
f 1971/2086 1975/1974 1978/1960 1968/2087
f 2026/2082 2030/2078 2031/2079 2027/2084
f 1977/1973 1972/1972 1973/1969 1976/1970
f 1654/2093 2034/2099 2035/2081 1655/1966
f 1655/1966 2035/2081 2036/2083 1656/1967
f 1966/1977 1967/1959 1979/1723 1980/1978
f 1801/1605 1659/2125 1642/2124 1755/1742
f 1660/1622 1801/1604 1755/1743 1641/1744
f 1802/1607 1661/2123 1623/2122 1670/2121
f 1662/1620 1802/1606 1670/1687 1596/1688
f 1802/1606 1662/1620 1641/1744 1755/1743
f 1661/2123 1802/1607 1755/1742 1642/2124
f 1595/1618 1596/1688 1670/1687 1803/1608
f 1663/1616 1804/1609 1931/2091 1930/2092
f 1663/1616 1595/1618 1803/1608 1804/1609
f 1666/1611 1665/1700 1639/1739 1638/1738
f 1667/1614 1668/1701 1625/1814 1651/1826
f 1668/1701 1667/1614 1638/1738 1639/1739
f 1927/1897 1928/1898 1789/1963 1901/1858
f 1590/1736 1591/1610 1805/1612 1753/1737
f 1805/1612 1666/1611 1638/1738 1753/1737
f 1588/1791 1589/1613 1806/1615 1794/1828
f 1806/1615 1589/1613 1590/1736 1753/1737
f 1667/1614 1806/1615 1753/1737 1638/1738
f 1806/1615 1667/1614 1651/1826 1794/1828
f 1891/1844 1905/1859 1883/1831 1669/1842
f 1881/1850 1593/1848 1917/1887 1918/1888
f 1887/1626 1882/1838 1885/1852 1886/1981
f 1671/1964 1790/2090 1966/1977 1970/1962
f 1929/1899 1930/2092 1790/2090 1671/1964
f 1928/1898 1929/1899 1671/1964 1789/1963
f 1807/1617 1663/1616 1930/2092 1929/1899
f 1672/1705 1807/1617 1929/1899 1928/1898
f 1672/1705 1592/1704 1808/1619 1807/1617
f 1808/1619 1595/1618 1663/1616 1807/1617
f 1592/1704 1594/1703 1673/1686 1808/1619
f 1673/1686 1596/1688 1595/1618 1808/1619
f 1809/1621 1662/1620 1596/1688 1673/1686
f 1674/1702 1809/1621 1673/1686 1594/1703
f 1809/1621 1674/1702 1640/1741 1754/1740
f 1662/1620 1809/1621 1754/1740 1641/1744
f 1810/1623 1660/1622 1641/1744 1754/1740
f 1675/1803 1810/1623 1754/1740 1640/1741
f 1811/1624 1851/1633 1725/1695 1852/1696
f 1676/1775 1811/1624 1852/1696 1761/1769
f 1680/1627 1748/1682 1797/1794 1796/1793
f 1678/2051 1677/2044 1796/1793 1797/1794
f 1679/1902 1680/1627 1796/1793 1795/1792
f 1681/1625 1677/2044 55/2047 129/1658
f 1677/2044 1681/1625 1795/1792 1796/1793
f 1682/1833 1681/1625 129/1658 136/1659
f 1681/1625 1682/1833 1652/1885 1795/1792
f 1683/1834 1682/1833 136/1659 10/1660
f 1887/1626 1812/2004 1888/1847 1593/1848
f 1812/2004 1887/1626 1886/1981 1981/1985
f 1812/2004 1813/1845 1894/1900 1888/1847
f 1813/1845 1988/1984 1993/2013 1692/2005
f 1880/1836 1684/1835 24/1693 23/1694
f 1861/1840 1915/1884 1913/1876 1914/1878
f 1688/1632 1687/1790 1791/1789 1792/1786
f 1748/1682 1680/1627 1690/2026 1689/1681
f 1690/2026 1680/1627 1679/1902 1691/2027
f 1691/2027 1679/1902 1894/1900 1932/1631
f 2010/2016 1692/2005 1993/2013 2009/2021
f 2016/2037 1934/1903 1935/1905 2012/2042
f 1937/1909 1933/1901 1814/1846 1938/2031
f 2018/2043 1938/2031 1814/1846 1694/1628 2017/2041
f 1933/1901 1599/1911 1600/2029 2011/2028
f 1814/1846 2010/2016 2009/2021 1694/1628
f 1982/1727 1601/1726 2001/2002 1985/2003
f 1986/1991 1987/1990 1988/1986 1981/1987
f 1994/2015 1993/2014 1988/1986 1987/1990
f 1694/1629 2009/2020 2008/2025 1695/1724
f 2017/2040 1694/1629 1695/1724 1696/2039
f 1990/1992 1992/1994 1998/1997 1995/1998
f 1601/1726 1697/1722 1703/1698 2001/2002
f 1697/1722 1630/1721 1631/1717 1703/1698
f 1698/1712 1815/2000 1817/1679 1704/1709
f 1699/1968 1816/1630 1707/1680 1706/1971
f 1816/1630 1700/1714 1751/1710 1707/1680
f 1702/1718 1603/1729 1602/1699 1705/1697
f 1701/1719 1702/1718 1705/1697 1632/1715
f 1997/1678 1998/1997 1992/1994 1989/1995
f 1998/1997 1997/1678 2005/2018 2004/2023
f 1703/1698 1631/1717 1704/1709 1817/1679
f 1705/1697 1602/1699 1706/1971 1707/1680
f 1751/1710 1632/1715 1705/1697 1707/1680
f 1708/2038 1633/1725 1604/2024 1709/2022
f 1604/2024 2004/2023 2005/2018 1709/2022
f 2006/2019 1818/2032 1709/2022 2005/2018
f 1633/1725 2007/2017 2004/2023 1604/2024
f 1932/1631 1692/2005 2010/2016 2011/2028
f 1691/2027 1932/1631 2011/2028 1600/2029
f 1691/2027 1600/2029 1599/1911 1690/2026
f 1689/1681 1690/2026 1599/1911 1750/1910
f 1693/1904 1688/1632 1792/1786 1793/1906
f 1880/1836 23/1694 22/1730 1685/1832
f 21/1731 20/1661 1861/1840 1635/1839
f 20/1661 148/1662 1915/1884 1861/1840
f 148/1662 120/1663 1834/1883 1915/1884
f 1710/1676 1711/2059 1746/2058 1747/2048
f 1598/2049 1712/2064 12/2063 11/2045
f 1713/1823 1819/2065 1953/2068 1954/1927
f 1713/1823 1775/1734 1714/1880 1819/2065
f 115/1733 47/2071 1819/2065 1714/1880
f 1715/1874 1628/1706 1864/1808 1865/1810
f 1851/1633 1716/1634 1722/1640 1725/1695
f 1820/2060 1872/1820 1873/1822 1833/2066
f 1718/1650 1605/1649 1719/1643 1720/1635
f 1716/1634 1821/1636 1822/1637 1722/1640
f 1821/1636 1720/1635 1719/1643 1723/1641 1822/1637
f 1721/1638 1607/1639 1722/1640 1822/1637
f 1723/1641 1606/1652 1721/1638 1822/1637
f 1724/1757 1646/1761 1607/1639 1721/1638
f 1724/1757 1721/1638 1606/1652 1645/1758
f 1607/1639 1646/1761 1647/1764 1609/1707
f 1607/1639 1609/1707 1725/1695 1722/1640
f 1726/1653 1606/1652 1723/1641 1823/1642
f 1723/1641 1719/1643 1727/1644 1823/1642
f 1727/1644 1729/1672 1728/1664 1823/1642
f 1728/1664 1617/1666 1726/1653 1823/1642
f 1719/1643 1605/1649 1730/1645 1727/1644
f 1730/1645 1620/1673 1729/1672 1727/1644
f 1731/1648 1613/1655 1732/1647 1824/1646
f 1732/1647 1619/1668 1733/1670 1824/1646
f 1733/1670 1620/1673 1730/1645 1824/1646
f 1730/1645 1605/1649 1731/1648 1824/1646
f 1618/1692 1619/1668 1732/1647 1759/1691
f 1732/1647 1613/1655 1734/1690 1759/1691
f 1735/1657 1613/1655 1731/1648 1825/1651
f 1731/1648 1605/1649 1718/1650 1825/1651
f 1736/1751 1645/1758 1606/1652 1726/1653
f 1736/1751 1726/1653 1617/1666 1644/1752
f 1734/1690 1613/1655 1763/1654 1764/1685
f 1738/1656 1763/1654 1613/1655 1735/1657
f 1683/1834 10/1660 24/1693 1684/1835
f 120/1663 100/1684 1756/1882 1834/1883
f 1739/1667 1617/1666 1728/1664 1826/1665
f 1728/1664 1729/1672 1828/1675 1826/1665
f 1828/1675 1745/1780 1740/1779 1826/1665
f 1740/1779 1610/1778 1739/1667 1826/1665
f 1741/1745 1644/1752 1617/1666 1739/1667
f 1741/1745 1739/1667 1610/1778 1643/1746
f 1636/1784 1612/1783 1742/1669 1757/1689
f 1742/1669 1619/1668 1618/1692 1757/1689
f 1733/1670 1619/1668 1742/1669 1827/1671
f 1742/1669 1612/1783 1743/1782 1827/1671
f 1743/1782 1611/1781 1744/1674 1827/1671
f 1744/1674 1620/1673 1733/1670 1827/1671
f 1729/1672 1620/1673 1744/1674 1828/1675
f 1744/1674 1611/1781 1745/1780 1828/1675
f 1712/2064 1598/2049 1747/2048 1746/2058
f 1710/1676 1747/2048 1829/2050 1830/1677
f 1831/1683 1830/1677 1829/2050 1845/2053
f 1621/1788 1748/1682 1689/1681 1622/1787
f 1936/1907 1937/1909 1938/2031 1939/2030
f 2006/2019 2005/2018 1997/1678 1996/1996
f 1997/1678 1989/1995 1991/1993 1996/1996
f 1984/1989 2000/2001 1999/1999 1983/1988
f 2000/2001 1817/1679 1815/2000 1999/1999
f 1689/1681 1750/1910 1749/1908 1622/1787
f 1748/1682 1621/1788 1653/1796 1797/1794
f 1799/1797 1831/1683 1845/2053 1798/1795
f 1788/1735 1628/1706 1756/1882 1832/1881
f 100/1684 109/1732 1832/1881 1756/1882
f 1608/1933 1734/1690 1764/1685 1637/1934
f 1757/1689 1618/1692 1624/1754 1758/1749
f 1757/1689 1758/1749 1614/1748 1636/1784
f 1759/1691 1734/1690 1608/1933 1760/1755
f 1759/1691 1760/1755 1624/1754 1618/1692
f 1725/1695 1609/1707 1762/1708 1852/1696
f 1762/1708 1649/1770 1761/1769 1852/1696
f 2003/2011 1699/1968 1706/1971 1766/2009
f 1706/1971 1602/1699 2002/2007 1766/2009
f 1709/2022 1818/2032 2013/2033 1708/2038
f 1602/1699 1603/1729 1767/1728 2002/2007
f 1665/1700 1675/1803 1640/1741 1639/1739
f 1668/1701 1639/1739 1640/1741 1674/1702
f 1625/1814 1668/1701 1674/1702 1594/1703
f 1912/1872 1768/1830 1927/1897 1926/1896
f 1626/1829 1625/1814 1594/1703 1592/1704
f 1768/1830 1626/1829 1592/1704 1672/1705
f 1768/1830 1672/1705 1928/1898 1927/1897
f 1873/1822 1874/1926 1737/2067 1833/2066
f 1770/1773 1769/1821 1717/1819 1772/1776
f 1770/1773 1627/1772 1771/1928 1769/1821
f 1756/1882 1628/1706 1715/1874 1834/1883
f 1762/1708 1609/1707 1647/1764 1774/1763
f 1762/1708 1774/1763 1648/1767 1649/1770
f 1857/1815 1955/1930 1629/1929 1773/1818
f 1775/1734 1869/1816 1863/1806 1788/1735
f 1776/1720 1701/1719 1632/1715 1777/1716
f 1631/1717 1630/1721 1776/1720 1777/1716
f 1704/1709 1631/1717 1777/1716 1778/1711
f 1777/1716 1632/1715 1751/1710 1778/1711
f 1698/1712 1704/1709 1778/1711 1835/1713
f 1778/1711 1751/1710 1700/1714 1835/1713
f 1897/1853 1898/1854 1883/1831 1878/1851
f 1982/1727 1990/1992 1987/1990 1986/1991
f 1994/2015 1987/1990 1990/1992 1995/1998
f 1695/1724 2008/2025 2007/2017 1633/1725
f 1696/2039 1695/1724 1633/1725 1708/2038
f 1634/1983 1986/1991 1981/1987 1886/1982
f 1634/1983 1601/1726 1982/1727 1986/1991
f 22/1730 21/1731 1635/1839 1685/1832
f 1898/1854 1899/1855 1669/1842 1883/1831
f 1900/1857 1895/1856 1884/1837 1889/1841
f 109/1732 115/1733 1714/1880 1832/1881
f 1775/1734 1788/1735 1832/1881 1714/1880
f 1842/1785 1636/1784 1614/1748 1781/1747
f 1842/1785 1781/1747 1643/1746 1610/1778
f 1758/1749 1624/1754 1782/1753 1836/1750
f 1782/1753 1644/1752 1741/1745 1836/1750
f 1741/1745 1643/1746 1781/1747 1836/1750
f 1781/1747 1614/1748 1758/1749 1836/1750
f 1760/1755 1608/1933 1783/1759 1837/1756
f 1783/1759 1645/1758 1736/1751 1837/1756
f 1736/1751 1644/1752 1782/1753 1837/1756
f 1782/1753 1624/1754 1760/1755 1837/1756
f 1765/1936 1615/1935 1784/1762 1838/1760
f 1784/1762 1646/1761 1724/1757 1838/1760
f 1724/1757 1645/1758 1783/1759 1838/1760
f 1783/1759 1608/1933 1765/1936 1838/1760
f 1646/1761 1784/1762 1785/1765 1647/1764
f 1784/1762 1615/1935 1940/1912 1785/1765
f 1785/1765 1940/1912 1773/1818 1839/1766
f 1786/1768 1648/1767 1774/1763 1839/1766
f 1774/1763 1647/1764 1785/1765 1839/1766
f 1773/1818 1629/1929 1786/1768 1839/1766
f 1787/1771 1649/1770 1648/1767 1786/1768
f 1787/1771 1786/1768 1629/1929 1627/1772
f 1840/1774 1770/1773 1772/1776 1841/1777
f 1676/1775 1761/1769 1840/1774 1841/1777
f 1761/1769 1649/1770 1787/1771 1840/1774
f 1787/1771 1627/1772 1770/1773 1840/1774
f 1842/1785 1610/1778 1740/1779
f 1740/1779 1745/1780 1842/1785
f 1745/1780 1611/1781 1743/1782 1842/1785
f 1743/1782 1612/1783 1636/1784 1842/1785
f 1628/1706 1788/1735 1863/1806 1864/1808
f 1972/1972 1655/1966 1656/1967 1973/1969
f 1653/1796 1798/1795 1845/2053 1752/2052
f 1791/1789 1621/1788 1622/1787 1792/1786
f 1792/1786 1622/1787 1749/1908 1793/1906
f 2012/2042 1935/1905 1936/1907 1939/2030
f 1678/2051 1797/1794 1653/1796 1752/2052
f 1621/1788 1791/1789 1798/1795 1653/1796
f 1799/1797 1798/1795 1791/1789 1687/1790
f 1587/1805 1588/1791 1794/1828 1868/1827
f 1679/1902 1795/1792 1652/1885 1894/1900
f 1582/1798 1570/1799 1551/1800 1569/1801
f 1855/1807 1870/1817 1941/1913 1942/1916
f 1965/1957 1964/1952 1854/1955 1853/1915
f 1942/1916 1943/1917 1856/1809 1855/1807
f 1943/1917 1944/1918 1860/1811 1856/1809
f 1952/1937 1965/1957 1853/1915 1871/1914
f 1962/1951 1963/1953 1858/1595 1555/1804
f 1585/1812 1860/1811 1944/1918 1945/1919
f 1715/1874 1865/1810 1866/1824 1862/1875
f 1587/1805 1868/1827 1867/1825 1586/1813
f 1855/1807 1863/1806 1869/1816 1870/1817
f 1864/1808 1863/1806 1855/1807 1856/1809
f 1860/1811 1865/1810 1864/1808 1856/1809
f 1866/1824 1865/1810 1860/1811 1585/1812
f 1585/1812 1586/1813 1867/1825 1866/1824
f 1651/1826 1911/1873 1902/1864 1876/1862
f 1651/1826 1625/1814 1626/1829 1911/1873
f 1775/1734 1713/1823 1857/1815 1869/1816
f 1857/1815 1773/1818 1870/1817 1869/1816
f 1870/1817 1773/1818 1940/1912 1941/1913
f 1873/1822 1872/1820 1717/1819 1769/1821
f 1769/1821 1771/1928 1874/1926 1873/1822
f 1857/1815 1713/1823 1954/1927 1955/1930
f 1875/1861 1862/1875 1866/1824 1867/1825
f 1868/1827 1876/1862 1875/1861 1867/1825
f 1651/1826 1876/1862 1868/1827 1794/1828
f 1715/1874 1913/1876 1915/1884 1834/1883
f 1877/1877 1862/1875 1875/1861 1906/1863
f 1911/1873 1912/1872 1903/1866 1902/1864
f 1626/1829 1768/1830 1912/1872 1911/1873
f 1919/1889 1920/1890 1890/1843 1879/1849
f 1974/1868 1901/1858 1789/1963 1969/1870
f 1892/1860 1908/1871 1909/1867 1878/1851
f 1897/1853 1878/1851 1909/1867 1896/1869
f 1879/1849 1890/1843 1889/1841 1884/1837
f 1880/1836 1685/1832 1919/1889 1918/1888
f 1881/1850 1918/1888 1919/1889 1879/1849
f 1885/1852 1882/1838 1884/1837 1895/1856
f 1892/1860 1878/1851 1883/1831 1905/1859
f 1685/1832 1635/1839 1920/1890 1919/1889
f 1652/1885 1682/1833 1683/1834 1916/1886
f 1683/1834 1684/1835 1917/1887 1916/1886
f 1684/1835 1880/1836 1918/1888 1917/1887
f 1652/1885 1916/1886 1888/1847 1894/1900
f 1916/1886 1917/1887 1593/1848 1888/1847
f 1882/1838 1887/1626 1593/1848 1881/1850
f 1879/1849 1884/1837 1882/1838 1881/1850
f 1861/1840 1914/1878 1922/1892 1921/1891
f 1921/1891 1922/1892 1905/1859 1891/1844
f 1635/1839 1861/1840 1921/1891 1920/1890
f 1920/1890 1921/1891 1891/1844 1890/1843
f 1889/1841 1890/1843 1891/1844 1669/1842
f 1900/1857 1889/1841 1669/1842 1899/1855
f 1932/1631 1894/1900 1813/1845 1692/2005
f 2010/2016 1814/1846 1933/1901 2011/2028
f 1970/1962 1843/1979 1896/1869 1969/1870
f 1927/1897 1901/1858 1910/1976 1926/1896
f 1903/1866 1912/1872 1926/1896 1925/1895
f 1925/1895 1926/1896 1910/1976 1893/1975
f 1907/1865 1904/1879 1877/1877 1906/1863
f 1904/1879 1907/1865 1924/1894 1923/1893
f 1923/1893 1924/1894 1908/1871 1892/1860
f 1905/1859 1922/1892 1923/1893 1892/1860
f 1902/1864 1906/1863 1875/1861 1876/1862
f 1903/1866 1907/1865 1906/1863 1902/1864
f 1907/1865 1903/1866 1925/1895 1924/1894
f 1908/1871 1924/1894 1925/1895 1893/1975
f 1974/1868 1909/1867 1908/1871 1893/1975
f 1896/1869 1909/1867 1974/1868 1969/1870
f 1901/1858 1974/1868 1893/1975 1910/1976
f 1715/1874 1862/1875 1877/1877 1913/1876
f 1914/1878 1913/1876 1877/1877 1904/1879
f 1914/1878 1904/1879 1923/1893 1922/1892
f 1935/1905 1934/1903 1693/1904 1793/1906
f 1749/1908 1936/1907 1935/1905 1793/1906
f 1937/1909 1936/1907 1749/1908 1750/1910
f 1933/1901 1937/1909 1750/1910 1599/1911
f 1615/1935 1871/1914 1941/1913 1940/1912
f 1942/1916 1941/1913 1871/1914 1853/1915
f 1853/1915 1854/1955 1943/1917 1942/1916
f 1854/1955 1859/1954 1944/1918 1943/1917
f 1945/1919 1944/1918 1859/1954 1562/1950
f 1576/1949 1946/1920 1945/1919 1562/1950
f 1947/1921 1946/1920 1576/1949 1577/1947
f 1550/1945 1948/1922 1947/1921 1577/1947
f 1949/1923 1948/1922 1550/1945 1581/1943
f 1950/1924 1949/1923 1581/1943 1568/1941
f 1951/1925 1950/1924 1568/1941 1579/1939
f 1953/2068 1737/2067 1874/1926 1954/1927
f 1874/1926 1771/1928 1955/1930 1954/1927
f 1771/1928 1627/1772 1629/1929 1955/1930
f 1540/1956 1547/1958 1580/1931 1553/1932
f 1608/1933 1637/1934 1952/1937 1765/1936
f 1871/1914 1615/1935 1765/1936 1952/1937
f 1957/1940 1956/1938 1579/1939 1568/1941
f 1958/1942 1957/1940 1568/1941 1581/1943
f 1959/1944 1958/1942 1581/1943 1550/1945
f 1960/1946 1959/1944 1550/1945 1577/1947
f 1576/1949 1961/1948 1960/1946 1577/1947
f 1962/1951 1961/1948 1576/1949 1562/1950
f 1562/1950 1859/1954 1963/1953 1962/1951
f 1964/1952 1963/1953 1859/1954 1854/1955
f 1572/1597 1547/1958 1965/1957 1952/1937
f 1540/1956 1964/1952 1965/1957 1547/1958
f 1967/1959 1966/1977 1790/2090 1844/2089
f 1967/2085 1968/2087 1978/1960 1979/1961
f 1970/1962 1969/1870 1789/1963 1671/1964
f 1972/1972 1971/2086 1654/2093 1655/1966
f 1978/2006 1975/2008 2002/2007 1767/1728
f 1972/1972 1977/1973 1975/1974 1971/2086
f 1970/1962 1966/1977 1980/1978 1843/1979
f 1990/1992 1982/1727 1985/2003 1992/1994
f 1984/1989 1985/2003 2001/2002 2000/2001
f 1989/1995 1984/1989 1983/1988 1991/1993
f 1812/2004 1981/1985 1988/1984 1813/1845
f 1984/1989 1989/1995 1992/1994 1985/2003
f 1993/2014 1994/2015 2008/2025 2009/2020
f 1995/1998 1998/1997 2004/2023 2007/2017
f 1994/2015 1995/1998 2007/2017 2008/2025
f 2000/2001 2001/2002 1703/1698 1817/1679
f 1766/2009 2002/2007 1975/2008 1977/2010
f 2003/2011 1766/2009 1977/2010 1976/2012
f 2018/2043 2012/2042 1939/2030 1938/2031
f 2013/2033 2014/2034 1696/2039 1708/2038
f 2014/2034 2015/2035 2017/2040 1696/2039
f 2015/2036 2016/2037 2012/2042 2018/2043 2017/2041
f 55/2047 1677/2044 1678/2051 62/2046
f 1686/2057 1598/2049 11/2045 60/2054
f 1747/2048 1598/2049 1686/2057 1829/2050
f 1829/2050 1686/2057 1597/2056 1752/2052 1845/2053
f 62/2046 1678/2051 1752/2052 1597/2056 61/2055
f 1686/2057 60/2054 61/2055 1597/2056
f 2021/2072 2020/2076 1712/2064 1746/2058
f 2021/2072 1746/2058 1711/2059 2019/2061
f 1820/2060 1833/2066 2023/2074 2024/2062
f 2021/2072 2019/2061 2024/2062 2023/2074
f 142/2069 12/2063 1712/2064 2020/2076
f 1953/2068 1819/2065 47/2071 25/2070 1616/2075
f 2023/2074 1833/2066 1737/2067 2022/2073
f 1737/2067 1953/2068 1616/2075 2022/2073
f 1616/2075 25/2070 142/2069 2020/2076 2022/2073
f 2023/2074 2022/2073 2020/2076 2021/2072
f 2026/2082 2025/2098 2029/2097 2030/2078
f 2036/2083 2035/2081 2026/2082 2027/2084
f 2030/2078 2029/2097 1847/2088 1848/2077
f 1848/2077 1849/2080 2031/2079 2030/2078
f 2035/2081 2034/2099 2025/2098 2026/2082
f 1967/2085 1844/2095 1650/2094 1968/2087
f 1654/2093 1971/2086 1968/2087 1650/2094
f 1804/2129 2055/2131 2037/2112 2047/2104 1931/2096
f 2033/2113 2057/2136 2058/2138 2032/2106
f 1846/2101 1847/2088 2029/2097 2045/2127
f 2042/2111 2041/2110 2043/2126 2048/2103
f 1790/2090 1930/2092 1931/2091 1844/2089
f 2034/2099 1654/2093 1650/2094 1658/2100
f 1844/2095 1931/2096 2047/2104 1658/2100 1650/2094
f 2029/2097 2025/2098 2044/2128 2045/2127
f 2025/2098 2034/2099 1658/2100 2044/2128
f 2048/2103 2044/2128 1658/2100 2047/2104
f 1657/2102 2043/2126 2041/2110 1664/2109
f 1846/2101 2045/2127 2043/2126 1657/2102
f 2042/2111 2048/2103 2047/2104 2037/2112
f 2038/2107 1800/2105 2049/2116 2046/2115
f 2049/2116 1780/2120 2040/2119 2046/2115
f 2033/2113 2032/2106 2028/2108 1779/2114
f 2040/2119 2039/2118 1779/2114 2046/2115
f 2041/2110 2042/2111 2039/2118 2040/2119
f 1779/2114 2028/2108 2038/2107 2046/2115
f 1780/2120 1664/2109 2041/2110 2040/2119
f 2042/2111 2037/2112 2050/2117 2039/2118
f 2033/2113 1779/2114 2039/2118 2050/2117
f 2037/2112 2055/2131 2056/2133 2050/2117
f 2033/2113 2050/2117 2056/2133 2057/2136
f 1803/2130 1670/2121 1623/2122 2051/2132
f 2051/2132 1623/2122 1661/2123 2052/2134
f 2052/2134 1661/2123 1642/2124 2053/2135
f 2053/2135 1642/2124 1659/2125 2054/2137
f 2048/2103 2043/2126 2045/2127 2044/2128
f 1804/2129 1803/2130 2051/2132 2055/2131
f 2056/2133 2055/2131 2051/2132 2052/2134
f 2057/2136 2056/2133 2052/2134 2053/2135
f 2058/2138 2057/2136 2053/2135 2054/2137
