# Blender 4.4.3
# www.blender.org
mtllib penguin.mtl
o Penguin_MAT_Penguin_0
v -0.913345 7.188038 -2.798426
v -0.743218 6.788782 -3.426788
v -1.250965 6.488760 -3.075434
v 0.930217 6.966269 -2.799563
v 1.216703 6.404410 -3.075592
v 0.792517 6.717663 -3.358126
v -0.677925 0.337008 -2.369036
v -0.540406 0.337012 -2.508564
v 0.002551 0.275877 -2.301717
v -0.283563 0.337013 -2.665641
v 0.001151 0.337014 -2.722942
v 0.285864 0.337013 -2.665641
v 0.542708 0.337012 -2.503446
v 0.680227 0.337008 -2.353853
v -0.580277 0.337000 -2.138946
v -0.673579 0.337004 -2.247469
v 0.675881 0.337004 -2.228688
v 0.604987 0.337000 -2.131387
v -0.390446 0.336998 -2.067333
v 0.194609 0.336996 -2.053444
v 0.001151 0.336995 -2.049767
v 0.392748 0.336998 -2.079469
v -0.192308 0.336996 -2.041837
v -0.913345 7.188038 2.798426
v -1.250965 6.488760 3.075434
v -0.743218 6.788782 3.426788
v 0.930217 6.966269 2.799562
v 0.792517 6.717663 3.358126
v 1.216703 6.404410 3.075592
v -0.677925 0.337008 2.369035
v 0.002551 0.275877 2.301717
v -0.540406 0.337012 2.508563
v -0.283563 0.337013 2.665641
v 0.001151 0.337014 2.722942
v 0.285864 0.337013 2.665641
v 0.542708 0.337012 2.503445
v 0.680227 0.337008 2.353853
v -0.580277 0.337000 2.138946
v -0.673579 0.337004 2.247469
v 0.675881 0.337004 2.228687
v 0.604987 0.337000 2.131387
v -0.390446 0.336998 2.067332
v 0.194609 0.336996 2.053444
v 0.001151 0.336995 2.049767
v 0.392748 0.336998 2.079469
v -0.192308 0.336996 2.041837
v 0.480564 12.961564 -0.156145
v 0.408792 12.961564 -0.297005
v -0.000000 13.032180 -0.000000
v 0.297005 12.961564 -0.408793
v 0.156145 12.961564 -0.480564
v -0.000000 12.961564 -0.505295
v -0.156145 12.961564 -0.480564
v -0.297005 12.961564 -0.408793
v -0.408792 12.961564 -0.297005
v -0.480564 12.961564 -0.156145
v -0.505295 12.961564 -0.000000
v -0.505295 12.961564 -0.000000
v -0.480564 12.961564 0.156145
v -0.408792 12.961564 0.297005
v -0.297005 12.961564 0.408792
v -0.156145 12.961564 0.480564
v -0.000000 12.961564 0.505295
v 0.156145 12.961564 0.480564
v 0.297005 12.961564 0.408792
v 0.408792 12.961564 0.297005
v 0.480564 12.961564 0.156145
v 0.505295 12.961564 -0.000000
v 3.187127 9.982586 -0.106280
v 3.092392 9.982586 -0.184082
v 2.962983 10.006567 0.000000
v 2.962983 9.982586 -0.212559
v 2.962983 9.982586 0.212559
v 3.092392 9.982586 0.184082
v 3.187127 9.982586 0.106280
v 3.221802 9.982586 0.000000
v 3.939408 9.302802 0.000000
v 3.819071 9.302802 0.000000
v 3.823468 9.302802 -0.348526
v 3.814280 9.302802 0.379853
v 2.947376 10.218272 1.921299
v 2.933314 10.228083 1.938359
v 2.939494 10.156473 1.967488
v 2.960185 10.202284 1.908432
v 2.970486 10.181692 1.901020
v 2.977270 10.158508 1.899788
v 2.979874 10.134998 1.904856
v 2.978043 10.113469 1.915728
v 2.971956 10.096024 1.931341
v 2.962209 10.084373 1.950165
v 2.949755 10.079656 1.970359
v 2.935815 10.082336 1.989945
v 2.921753 10.092147 2.007006
v 2.908944 10.108130 2.019872
v 2.898643 10.128724 2.027285
v 2.891859 10.151912 2.028517
v 2.889255 10.175418 2.023448
v 2.891086 10.196948 2.012576
v 2.897173 10.214392 1.996964
v 2.906920 10.226043 1.978139
v 2.919374 10.230761 1.957946
v 2.916469 10.201461 -1.978136
v 2.925314 10.212718 -1.958638
v 2.954638 10.142018 -1.946133
v 2.910852 10.184279 -1.994210
v 2.909014 10.162852 -2.005285
v 2.911134 10.139281 -2.010277
v 2.917006 10.115869 -2.008698
v 2.926053 10.094907 -2.000702
v 2.937390 10.078451 -1.987073
v 2.949908 10.068110 -1.969143
v 2.962382 10.064897 -1.948669
v 2.973590 10.069124 -1.927654
v 2.982434 10.080379 -1.908156
v 2.988051 10.097562 -1.892082
v 2.989889 10.118988 -1.881008
v 2.987769 10.142561 -1.876015
v 2.981898 10.165973 -1.877594
v 2.972852 10.186933 -1.885589
v 2.961513 10.203391 -1.899219
v 2.948996 10.213734 -1.917149
v 2.936522 10.216946 -1.937623
v 1.791196 0.101483 -1.209890
v 1.947892 -0.058165 -1.214496
v 1.830779 0.184967 -1.213934
v 1.766738 0.017999 -1.241274
v 1.771731 -0.016581 -1.289701
v 1.803251 0.017999 -1.326804
v 1.842834 0.101483 -1.330848
v 1.867293 0.184967 -1.299464
v 1.862300 0.219547 -1.251037
v 2.035522 0.101483 -2.235556
v 2.177827 -0.058165 -2.301316
v 2.070339 0.184967 -2.254817
v 2.000706 0.017999 -2.254817
v 1.986284 -0.016581 -2.301316
v 2.000706 0.017999 -2.347815
v 2.035523 0.101483 -2.367075
v 2.070339 0.184967 -2.347815
v 2.084761 0.219547 -2.301316
v 1.835723 0.101483 -3.277268
v 1.940931 -0.058165 -3.393484
v 1.860222 0.184967 -3.308620
v 1.796145 0.017999 -3.281363
v 1.764673 -0.016581 -3.318507
v 1.759742 0.017999 -3.366940
v 1.784242 0.101483 -3.398293
v 1.823819 0.184967 -3.394198
v 1.855291 0.219547 -3.357054
v 0.900963 0.363043 -1.898612
v 0.936437 0.144917 -1.981707
v 0.736252 0.475064 -2.001897
v 0.928485 0.363043 -2.083190
v 0.928485 0.144917 -2.609793
v 0.728301 0.475064 -2.590735
v 0.928485 0.363043 -2.519442
v 0.893119 0.363043 -2.710722
v 1.791196 0.101483 1.209890
v 1.830779 0.184967 1.213934
v 1.947892 -0.058165 1.214496
v 1.766738 0.017999 1.241274
v 1.771731 -0.016581 1.289701
v 1.803251 0.017999 1.326804
v 1.842834 0.101483 1.330848
v 1.867293 0.184967 1.299464
v 1.862300 0.219547 1.251037
v 2.035522 0.101483 2.235556
v 2.070339 0.184967 2.254817
v 2.177827 -0.058165 2.301316
v 2.000706 0.017999 2.254817
v 1.986284 -0.016581 2.301316
v 2.000706 0.017999 2.347815
v 2.035523 0.101483 2.367075
v 2.070339 0.184967 2.347815
v 2.084761 0.219547 2.301316
v 1.835723 0.101483 3.277268
v 1.860222 0.184967 3.308620
v 1.940931 -0.058165 3.393484
v 1.796145 0.017999 3.281363
v 1.764673 -0.016581 3.318507
v 1.759742 0.017999 3.366940
v 1.784242 0.101483 3.398293
v 1.823819 0.184967 3.394198
v 1.855291 0.219547 3.357054
v 0.900963 0.363043 1.898612
v 0.736252 0.475064 2.001897
v 0.936437 0.144917 1.981707
v 0.928485 0.363043 2.083190
v 0.928485 0.144917 2.609793
v 0.928485 0.363043 2.519442
v 0.728301 0.475064 2.590735
v 0.893119 0.363043 2.710722
v 2.464813 1.206785 -0.778208
v 2.848405 1.524898 -0.918511
v 2.994398 1.532138 -0.000000
v 2.565990 1.175098 0.000000
v -4.450980 1.530491 -0.000000
v -4.566137 2.009577 0.000000
v -3.847969 2.003175 -1.069589
v -3.777475 1.524898 -0.964284
v 3.136959 2.003175 -1.049607
v 3.294679 2.000950 0.000000
v -4.202062 2.572136 -0.000000
v -3.713318 2.567467 -1.153477
v -2.833074 2.725597 -2.270968
v -2.666163 2.230726 -2.349518
v -2.067501 2.909902 -3.033018
v -2.126008 2.563979 -2.900244
v -1.086404 3.060135 -3.664356
v -1.117163 2.763711 -3.597759
v 0.001150 3.122920 -3.889571
v 0.001150 2.837631 -3.824458
v 1.088705 3.060135 -3.664356
v 1.119464 2.763711 -3.597759
v 2.069802 2.908557 -3.033018
v 2.128310 2.563979 -2.880044
v 2.784730 2.630467 -2.253554
v 2.668466 2.230726 -2.289596
v 3.348300 2.552966 -1.148743
v 3.520550 2.525855 0.000000
v -3.862818 3.211607 0.000000
v -3.476932 3.209126 -1.195996
v -2.955772 3.203192 -2.274883
v -2.147179 3.397805 -3.131092
v -1.128294 3.473634 -3.717524
v 0.001150 3.529014 -3.926741
v 1.130594 3.473634 -3.717524
v 2.149481 3.397805 -3.131092
v 2.958073 3.202573 -2.274881
v 3.479217 3.139725 -1.195995
v 3.659489 3.069275 -0.000000
v -3.699367 3.912349 -0.000000
v -3.518250 3.912349 -1.202449
v -2.992630 3.912349 -2.287329
v -2.173958 3.912349 -3.148513
v -1.142372 3.918824 -3.709730
v 0.001150 3.973687 -3.919434
v 1.144673 3.918824 -3.709730
v 2.176260 3.903553 -3.148513
v 3.004762 3.876156 -2.287329
v 3.539290 3.718773 -1.202449
v 3.723124 3.598939 -0.000000
v -3.655959 4.648647 -0.000000
v -3.476853 4.648290 -1.206242
v -2.957152 4.647324 -2.294450
v -2.147979 4.646280 -3.158219
v -1.128645 4.852885 -3.644536
v 0.001128 4.852331 -3.832288
v 1.131146 4.860362 -3.641441
v 2.113544 4.602651 -3.155187
v 2.924270 4.483150 -2.280075
v 3.458008 4.242537 -1.192748
v 3.653207 4.105784 -0.000000
v -3.366414 5.486938 -1.153353
v -2.864725 5.485169 -2.195292
v -2.079081 5.521432 -3.008956
v -1.091011 5.668246 -3.426679
v 0.000924 5.461129 -3.678183
v 1.085973 5.776257 -3.404536
v 1.956597 5.419252 -2.971700
v 2.770880 5.048872 -2.160229
v 3.281260 4.791907 -1.130782
v 3.477325 4.661804 -0.000000
v -3.086814 6.373667 -1.025334
v -2.610022 6.373667 -1.951553
v -1.895208 6.373667 -2.629817
v -1.250965 6.488760 -3.075434
v -0.225848 3.433930 -5.246885
v -0.321745 3.508572 -5.396101
v -0.006582 3.367215 -5.481718
v 0.004005 3.365092 -5.280235
v 0.312319 3.511977 -5.401846
v 0.233940 3.434139 -5.247308
v 1.216703 6.404410 -3.075592
v 1.871916 6.100440 -2.685572
v 2.616188 5.625206 -1.951553
v 3.086370 5.320510 -1.025333
v 3.261949 5.308642 -0.000000
v -2.933203 6.951964 -0.910094
v -2.486535 7.006869 -1.731116
v -1.743471 7.098050 -2.380792
v -0.913345 7.188038 -2.798426
v -0.205040 3.584253 -5.469655
v 0.009240 3.592465 -5.525746
v 0.227250 3.583774 -5.470612
v 0.930217 6.966269 -2.799563
v 1.816907 6.642223 -2.382768
v 2.546371 6.251401 -1.732003
v 2.906431 6.025949 -0.910280
v 3.134515 5.956808 -0.000000
v -2.822071 7.786755 -0.916915
v -2.544941 8.024724 -0.831671
v -2.159484 8.027497 -1.578329
v -2.398150 7.787036 -1.743299
v -1.563714 8.030045 -2.165880
v -1.739734 7.786795 -2.397669
v -0.820852 8.033864 -2.544493
v -0.912693 7.787611 -2.818782
v 0.001153 8.027914 -2.706673
v 0.003871 7.781868 -3.049645
v 0.840601 7.978800 -2.562030
v 0.939040 7.727883 -2.847327
v 1.646582 7.877045 -2.191602
v 1.840791 7.514650 -2.438035
v 2.646417 7.685588 -1.594775
v 2.740084 7.175160 -1.802148
v 3.163390 7.556053 -0.839747
v 3.317606 6.837912 -0.960203
v 3.345436 7.509511 0.000000
v 3.521662 6.738440 -0.000000
v -2.419254 8.075121 -0.776428
v -2.048500 7.982473 -0.607051
v -1.781048 7.984098 -1.214102
v -2.051903 8.079013 -1.473569
v -1.287352 7.991099 -1.667307
v -1.485249 8.082897 -2.022687
v -0.674008 7.998003 -1.957727
v -0.779349 8.087642 -2.376566
v 0.001150 7.988223 -2.057813
v 0.001150 8.080542 -2.512514
v 0.691896 7.956905 -1.957727
v 0.797894 8.036768 -2.386720
v 1.346516 7.864533 -1.667307
v 1.556863 7.922713 -2.034720
v 1.749109 7.805735 -1.270008
v 2.377225 7.838700 -1.497345
v 2.128910 7.787421 0.000000
v 2.938734 7.765681 0.000000
v 2.813001 7.790558 -0.788134
v 2.048691 7.796578 -0.635004
v -2.880082 7.338686 -0.930708
v -2.452465 7.378929 -1.772005
v -1.785959 7.442294 -2.441407
v -0.937392 7.459419 -2.871723
v 0.000927 7.450900 -3.147334
v 0.000629 7.177709 -3.076855
v 0.952277 7.245363 -2.873137
v 1.859634 6.936994 -2.474124
v 2.723704 6.578927 -1.780103
v 3.084242 6.298924 -0.932946
v 3.356770 6.228333 0.000000
v -0.972393 5.362072 -4.147547
v -0.871782 5.162558 -3.920719
v -1.091011 5.668246 -3.426679
v 0.000629 7.177709 -3.076855
v 0.010489 6.879707 -3.700250
v 0.000924 5.461129 -3.678183
v 0.021923 5.139218 -3.845917
v 1.085973 5.776257 -3.404536
v 0.000924 5.461129 -3.678183
v 0.021923 5.139218 -3.845917
v 0.839760 5.161539 -3.917277
v 0.962156 5.369321 -4.154636
v -3.125811 1.165808 -0.796884
v -1.866852 0.937926 -0.591101
v -2.093330 0.938607 0.000000
v -3.722357 1.167416 0.000000
v 0.001150 0.703426 -0.491230
v 0.817516 0.762928 -0.504043
v 0.856890 0.735658 0.000000
v 0.001150 0.665085 0.000000
v 1.653629 0.962381 -0.628740
v 1.737314 0.938873 0.000000
v -0.815215 0.740844 -0.446166
v -0.852325 0.735278 0.000000
v -2.695362 1.849223 -1.869688
v -2.457516 1.440725 -1.441337
v 2.372935 1.418866 -1.317940
v 2.651394 1.849223 -1.795553
v -1.564630 1.143963 -1.158670
v 0.001150 0.907826 -1.004660
v 0.761028 0.968734 -1.042566
v 1.539288 1.143963 -1.166782
v -0.758728 0.968734 -1.058038
v -1.553471 0.604576 -2.395318
v -1.238646 0.642406 -2.782203
v -0.650649 0.665079 -3.217916
v 0.001151 0.673472 -3.378456
v 0.652950 0.665079 -3.217916
v 1.240947 0.642406 -2.768013
v 1.555773 0.604576 -2.353222
v -1.329923 0.513470 -1.757321
v -1.543521 0.561268 -2.058237
v 1.545823 0.561268 -2.006157
v 1.383525 0.512414 -1.736359
v -0.895340 0.504173 -1.558747
v 0.444039 0.469611 -1.520237
v 0.001150 0.486088 -1.510044
v 0.897641 0.492484 -1.592405
v -0.441738 0.477784 -1.488054
v -2.392445 1.444722 -2.402771
v -1.907720 1.649090 -2.925373
v -1.002402 1.777998 -3.539531
v 0.001150 1.801911 -3.784472
v 1.004703 1.777998 -3.539531
v 1.910021 1.649090 -2.906204
v 2.394749 1.444722 -2.345906
v 2.379427 1.236223 -1.877093
v 2.129544 1.004629 -1.512651
v 1.381445 0.897526 -1.318197
v 0.683050 0.810159 -1.220712
v 0.001150 0.780616 -1.184338
v -0.680750 0.828195 -1.177240
v -1.379144 0.897913 -1.272733
v -2.092558 0.983166 -1.540965
v -2.383349 1.233485 -1.947442
v -2.666163 2.230726 -2.349518
v -2.126008 2.563979 -2.900244
v -1.117163 2.763711 -3.597759
v 0.001150 2.837631 -3.824458
v 1.119464 2.763711 -3.597759
v 2.128310 2.563979 -2.880044
v 2.668466 2.230726 -2.289596
v 2.651394 1.849223 -1.795553
v 2.372935 1.418866 -1.317940
v 1.539288 1.143963 -1.166782
v 0.761028 0.968734 -1.042566
v 0.001150 0.907826 -1.004660
v -0.758728 0.968734 -1.058038
v -1.564630 1.143963 -1.158670
v -2.457516 1.440725 -1.441337
v -2.695362 1.849223 -1.869688
v -0.608442 5.588318 -4.447224
v 0.037918 5.655440 -4.561185
v 0.692007 5.588287 -4.448997
v -0.380387 4.040631 -4.752340
v -0.225848 3.433930 -5.246885
v 0.004005 3.365092 -5.280235
v 0.007762 4.034193 -4.733273
v -0.458379 4.103087 -4.967215
v -0.321745 3.508572 -5.396101
v 0.007762 4.034193 -4.733273
v 0.004005 3.365092 -5.280235
v 0.233940 3.434139 -5.247308
v 0.396029 4.040843 -4.753139
v 0.312319 3.511977 -5.401846
v 0.448954 4.106538 -4.978075
v 0.015253 4.189797 -5.327836
v -0.292216 4.190283 -5.231998
v 0.326383 4.189797 -5.233808
v -3.539354 5.487638 0.000000
v -3.242821 6.373667 0.000000
v -3.077320 6.934040 0.000000
v -2.968239 7.786759 -0.000000
v -2.678037 8.023392 -0.000000
v -3.026974 7.325005 0.000000
v -2.546413 8.073319 0.000000
v 2.464813 1.206785 0.778208
v 2.848405 1.524898 0.918512
v -3.777475 1.524898 0.964284
v -3.847969 2.003175 1.069589
v 3.136959 2.003175 1.049607
v -3.713318 2.567467 1.153478
v -2.666163 2.230726 2.349518
v -2.833074 2.725597 2.270967
v -2.126008 2.563979 2.900244
v -2.067501 2.909902 3.033017
v -1.117163 2.763711 3.597758
v -1.086404 3.060135 3.664356
v 0.001150 2.837631 3.824458
v 0.001150 3.122920 3.889572
v 1.119464 2.763711 3.597758
v 1.088705 3.060135 3.664356
v 2.128310 2.563979 2.880044
v 2.069802 2.908557 3.033017
v 2.668466 2.230726 2.289596
v 2.784730 2.630467 2.253554
v 3.348300 2.552966 1.148743
v 3.520550 2.525855 0.000000
v -3.476932 3.209126 1.195996
v -2.955772 3.203192 2.274883
v -2.147179 3.397805 3.131091
v -1.128294 3.473634 3.717524
v 0.001150 3.529014 3.926741
v 1.130594 3.473634 3.717524
v 2.149481 3.397805 3.131091
v 2.958073 3.202573 2.274881
v 3.479217 3.139725 1.195995
v 3.659489 3.069275 -0.000000
v -3.518250 3.912349 1.202449
v -2.992630 3.912349 2.287328
v -2.173958 3.912349 3.148512
v -1.142372 3.918824 3.709730
v 0.001150 3.973687 3.919434
v 1.144673 3.918824 3.709730
v 2.176260 3.903553 3.148512
v 3.004762 3.876156 2.287328
v 3.539290 3.718773 1.202449
v -3.476853 4.648290 1.206242
v -2.957152 4.647324 2.294449
v -2.147979 4.646280 3.158219
v -1.128645 4.852885 3.644537
v 0.001128 4.852331 3.832288
v 1.131146 4.860362 3.641441
v 2.113544 4.602651 3.155186
v 2.924270 4.483150 2.280074
v 3.458008 4.242537 1.192748
v 3.653207 4.105784 -0.000000
v -2.864725 5.485169 2.195291
v -3.366414 5.486938 1.153353
v -2.079081 5.521432 3.008956
v -1.091011 5.668246 3.426678
v 0.000924 5.461129 3.678183
v 1.085973 5.776257 3.404536
v 1.956597 5.419252 2.971699
v 2.770880 5.048872 2.160228
v 3.281260 4.791907 1.130782
v -2.610022 6.373667 1.951553
v -3.086814 6.373667 1.025334
v -1.895208 6.373667 2.629817
v -1.250965 6.488760 3.075434
v -0.225848 3.433930 5.246886
v 0.004005 3.365092 5.280236
v -0.006582 3.367215 5.481719
v -0.321745 3.508572 5.396102
v 0.233940 3.434139 5.247308
v 0.312319 3.511977 5.401847
v 1.871916 6.100440 2.685572
v 1.216703 6.404410 3.075592
v 2.616188 5.625206 1.951553
v 3.086370 5.320510 1.025333
v 3.261949 5.308642 -0.000000
v -2.486535 7.006869 1.731116
v -2.933203 6.951964 0.910095
v -1.743471 7.098050 2.380792
v -0.913345 7.188038 2.798426
v 0.009240 3.592465 5.525746
v -0.205040 3.584253 5.469655
v 0.227250 3.583774 5.470613
v 1.816907 6.642223 2.382768
v 0.930217 6.966269 2.799562
v 2.546371 6.251401 1.732003
v 2.906431 6.025949 0.910281
v -2.822071 7.786755 0.916915
v -2.398150 7.787036 1.743299
v -2.159484 8.027497 1.578329
v -2.544941 8.024724 0.831671
v -1.739734 7.786795 2.397668
v -1.563714 8.030045 2.165880
v -0.912693 7.787611 2.818781
v -0.820852 8.033864 2.544493
v 0.003871 7.781868 3.049644
v 0.001153 8.027914 2.706672
v 0.939040 7.727883 2.847327
v 0.840601 7.978800 2.562029
v 1.840791 7.514650 2.438035
v 1.646582 7.877045 2.191602
v 2.740084 7.175160 1.802148
v 2.646417 7.685588 1.594775
v 3.317606 6.837912 0.960203
v 3.163390 7.556053 0.839747
v -2.051903 8.079013 1.473569
v -1.485249 8.082897 2.022686
v -1.287352 7.991099 1.667307
v -1.781048 7.984098 1.214102
v -0.779349 8.087642 2.376565
v -0.674008 7.998003 1.957727
v 0.001150 8.080542 2.512514
v 0.001150 7.988223 2.057812
v 0.797894 8.036768 2.386719
v 0.691896 7.956905 1.957727
v 1.556863 7.922713 2.034720
v 1.346516 7.864533 1.667307
v 2.377225 7.838700 1.497345
v 1.749109 7.805735 1.270008
v -2.452465 7.378929 1.772005
v -2.880082 7.338686 0.930708
v -1.785959 7.442294 2.441407
v -0.937392 7.459419 2.871722
v 0.000629 7.177709 3.076854
v 0.000927 7.450900 3.147334
v 0.952277 7.245363 2.873136
v 1.859634 6.936994 2.474123
v 2.723704 6.578927 1.780104
v 3.084242 6.298924 0.932946
v -1.091011 5.668246 3.426678
v -0.871782 5.162558 3.920719
v -0.972393 5.362072 4.147547
v 0.000629 7.177709 3.076854
v 0.010489 6.879707 3.700250
v 0.000924 5.461129 3.678183
v 0.021923 5.139218 3.845918
v 1.085973 5.776257 3.404536
v 0.839760 5.161539 3.917278
v 0.021923 5.139218 3.845918
v 0.000924 5.461129 3.678183
v 0.962156 5.369321 4.154636
v -2.419254 8.075121 0.776428
v 2.813001 7.790558 0.788134
v -3.125811 1.165808 0.796884
v -1.866852 0.937926 0.591101
v 0.001150 0.703426 0.491230
v 0.817516 0.762928 0.504043
v 1.653629 0.962381 0.628740
v -0.815215 0.740844 0.446166
v -2.457516 1.440725 1.441337
v -2.695362 1.849223 1.869687
v 2.651394 1.849223 1.795553
v 2.372935 1.418866 1.317940
v -1.564630 1.143963 1.158670
v 0.761028 0.968734 1.042566
v 0.001150 0.907826 1.004660
v 1.539288 1.143963 1.166782
v -0.758728 0.968734 1.058038
v -1.553471 0.604576 2.395318
v -1.238646 0.642406 2.782203
v -0.650649 0.665079 3.217916
v 0.001151 0.673472 3.378455
v 0.652950 0.665079 3.217916
v 1.240947 0.642406 2.768012
v 1.555773 0.604576 2.353222
v -1.329923 0.513470 1.757321
v -1.543521 0.561268 2.058237
v 1.545823 0.561268 2.006156
v 1.383525 0.512414 1.736360
v -0.895340 0.504173 1.558747
v 0.444039 0.469611 1.520237
v 0.001150 0.486088 1.510044
v 0.897641 0.492484 1.592405
v -0.441738 0.477784 1.488054
v -2.392445 1.444722 2.402770
v -1.907720 1.649090 2.925372
v -1.002402 1.777998 3.539530
v 0.001150 1.801911 3.784472
v 1.004703 1.777998 3.539530
v 1.910021 1.649090 2.906204
v 2.394749 1.444722 2.345905
v 2.379427 1.236223 1.877093
v 2.129544 1.004629 1.512651
v 1.381445 0.897526 1.318197
v 0.683050 0.810159 1.220712
v 0.001150 0.780616 1.184338
v -0.680750 0.828195 1.177240
v -1.379144 0.897913 1.272733
v -2.092558 0.983166 1.540965
v -2.383349 1.233485 1.947441
v -2.666163 2.230726 2.349518
v -2.126008 2.563979 2.900244
v -1.117163 2.763711 3.597758
v 0.001150 2.837631 3.824458
v 1.119464 2.763711 3.597758
v 2.128310 2.563979 2.880044
v 2.668466 2.230726 2.289596
v 2.651394 1.849223 1.795553
v 2.372935 1.418866 1.317940
v 1.539288 1.143963 1.166782
v 0.761028 0.968734 1.042566
v 0.001150 0.907826 1.004660
v -0.758728 0.968734 1.058038
v -1.564630 1.143963 1.158670
v -2.457516 1.440725 1.441337
v -2.695362 1.849223 1.869687
v -0.608442 5.588318 4.447225
v 0.037918 5.655440 4.561186
v 0.692007 5.588287 4.448997
v -0.380387 4.040631 4.752341
v 0.007762 4.034193 4.733274
v 0.004005 3.365092 5.280236
v -0.225848 3.433930 5.246886
v -0.458379 4.103087 4.967215
v -0.321745 3.508572 5.396102
v 0.007762 4.034193 4.733274
v 0.396029 4.040843 4.753139
v 0.233940 3.434139 5.247308
v 0.004005 3.365092 5.280236
v 0.448954 4.106538 4.978075
v 0.312319 3.511977 5.401847
v 0.015253 4.189797 5.327837
v -0.292216 4.190283 5.231998
v 0.326383 4.189797 5.233808
v 2.048691 7.796578 0.635004
v -2.126554 7.980848 0.000000
v -2.048500 7.982473 0.607051
v 2.029507 7.627694 -0.659427
v 1.726402 7.627694 -1.254305
v 2.070763 7.883650 -1.504498
v 2.434328 7.883650 -0.790961
v 1.254304 7.627694 -1.726402
v 1.504497 7.883650 -2.070763
v 0.659427 7.627694 -2.029507
v 0.790961 7.883650 -2.434328
v -0.000000 7.627694 -2.133950
v -0.000000 7.883650 -2.559604
v -0.659427 7.627694 -2.029507
v -0.790961 7.883650 -2.434328
v -1.254304 7.627694 -1.726402
v -1.504497 7.883650 -2.070763
v -1.726401 7.627694 -1.254304
v -2.070762 7.883650 -1.504497
v -2.029506 7.627694 -0.659427
v -2.434327 7.883650 -0.790961
v -2.133949 7.627694 -0.000000
v -2.559603 7.883650 -0.000000
v -2.029506 7.627694 0.659427
v -2.434327 7.883650 0.790961
v -2.559603 7.883650 -0.000000
v -1.726401 7.627694 1.254304
v -2.070762 7.883650 1.504497
v -1.254304 7.627694 1.726401
v -1.504497 7.883650 2.070762
v -0.659427 7.627694 2.029507
v -0.790961 7.883650 2.434327
v -0.000000 7.627694 2.133949
v -0.000000 7.883650 2.559603
v 0.659426 7.627694 2.029507
v 0.790960 7.883650 2.434327
v 1.254303 7.627694 1.726401
v 1.504496 7.883650 2.070762
v 1.726401 7.627694 1.254304
v 2.070762 7.883650 1.504497
v 2.029506 7.627694 0.659427
v 2.434326 7.883650 0.790961
v 2.133949 7.627694 -0.000000
v 2.559602 7.883650 -0.000000
v 2.568028 8.611781 -1.865781
v 3.018897 8.611781 -0.980899
v 1.865781 8.611781 -2.568028
v 0.980899 8.611781 -3.018898
v 0.000000 8.611781 -3.174256
v -0.980899 8.611781 -3.018898
v -1.865781 8.611781 -2.568027
v -2.568027 8.611781 -1.865781
v -3.018896 8.611781 -0.980899
v -3.174255 8.611781 -0.000000
v -3.018896 8.611781 0.980899
v -3.174255 8.611781 -0.000000
v -2.568026 8.611781 1.865781
v -1.865780 8.611781 2.568027
v -0.980899 8.611781 3.018896
v -0.000000 8.611781 3.174255
v 0.980898 8.611781 3.018896
v 1.865780 8.611781 2.568027
v 2.568026 8.611781 1.865781
v 3.018896 8.611781 0.980899
v 3.174254 8.611781 -0.000000
v 2.802609 9.277106 -2.036215
v 3.294665 9.277106 -1.070502
v 2.036215 9.277106 -2.802610
v 1.070501 9.277106 -3.294665
v 0.000000 9.277106 -3.464216
v -1.070501 9.277106 -3.294665
v -2.036214 9.277106 -2.802609
v -2.802608 9.277106 -2.036215
v -3.294663 9.277106 -1.070501
v -3.464214 9.277106 -0.000000
v -3.294663 9.277106 1.070501
v -3.464214 9.277106 -0.000000
v -2.802608 9.277106 2.036215
v -2.036214 9.277106 2.802609
v -1.070501 9.277106 3.294664
v -0.000000 9.277106 3.464215
v 1.070501 9.277106 3.294663
v 2.036214 9.277106 2.802608
v 2.802608 9.277106 2.036214
v 3.294662 9.277106 1.070501
v 3.464213 9.277106 -0.000000
v 2.748041 9.811900 -1.996569
v 3.230516 9.811900 -1.049659
v 1.996569 9.811900 -2.748042
v 1.049658 9.811900 -3.230516
v -0.000000 9.811900 -3.396766
v -1.049658 9.811900 -3.230516
v -1.996568 9.811900 -2.748041
v -2.748040 9.811900 -1.996569
v -3.230515 9.811900 -1.049658
v -3.396764 9.811900 -0.000000
v -3.230515 9.811900 1.049658
v -3.396764 9.811900 -0.000000
v -2.748040 9.811900 1.996568
v -1.996568 9.811900 2.748040
v -1.049658 9.811900 3.230515
v -0.000000 9.811900 3.396765
v 1.049658 9.811900 3.230515
v 1.996567 9.811900 2.748040
v 2.748039 9.811900 1.996568
v 3.230514 9.811900 1.049658
v 3.396763 9.811900 -0.000000
v 2.493757 10.849625 -1.811822
v 2.931588 10.849625 -0.952531
v 1.811821 10.849625 -2.493758
v 0.952531 10.849625 -2.931588
v -0.000000 10.849625 -3.082454
v -0.952531 10.849625 -2.931588
v -1.811821 10.849625 -2.493758
v -2.493757 10.849625 -1.811821
v -2.931587 10.849625 -0.952531
v -3.082453 10.849625 -0.000000
v -2.931587 10.849625 0.952531
v -2.493757 10.849625 1.811821
v -1.811820 10.849625 2.493757
v -0.952530 10.849625 2.931587
v -0.000000 10.849625 3.082453
v 0.952530 10.849625 2.931587
v 1.811820 10.849625 2.493757
v 2.493756 10.849625 1.811820
v 2.931586 10.849625 0.952530
v 3.082452 10.849625 -0.000000
v 2.214193 11.559482 -1.608706
v 2.602940 11.559482 -0.845747
v 1.608706 11.559482 -2.214194
v 0.845747 11.559482 -2.602941
v -0.000000 11.559482 -2.736894
v -0.845747 11.559482 -2.602941
v -1.608706 11.559482 -2.214193
v -2.214193 11.559482 -1.608706
v -2.602940 11.559482 -0.845747
v -2.736893 11.559482 -0.000000
v -2.602940 11.559482 0.845746
v -2.214193 11.559482 1.608705
v -1.608705 11.559482 2.214193
v -0.845746 11.559482 2.602940
v -0.000000 11.559482 2.736893
v 0.845746 11.559482 2.602940
v 1.608705 11.559482 2.214193
v 2.214192 11.559482 1.608705
v 2.602939 11.559482 0.845746
v 2.736892 11.559482 -0.000000
v 1.834679 12.200495 -1.332973
v 2.156794 12.200495 -0.700785
v 1.332972 12.200495 -1.834679
v 0.700785 12.200495 -2.156795
v -0.000000 12.200495 -2.267788
v -0.700785 12.200495 -2.156794
v -1.332972 12.200495 -1.834679
v -1.834678 12.200495 -1.332972
v -2.156793 12.200495 -0.700785
v -2.267787 12.200495 -0.000000
v -2.156793 12.200495 0.700785
v -1.834678 12.200495 1.332972
v -1.332971 12.200495 1.834678
v -0.700785 12.200495 2.156793
v -0.000000 12.200495 2.267787
v 0.700784 12.200495 2.156793
v 1.332971 12.200495 1.834678
v 1.834678 12.200495 1.332972
v 2.156793 12.200495 0.700785
v 2.267786 12.200495 -0.000000
v 1.186362 12.697166 -0.861943
v 1.394652 12.697166 -0.453150
v 0.861942 12.697166 -1.186362
v 0.453150 12.697166 -1.394652
v -0.000000 12.697166 -1.466424
v -0.453150 12.697166 -1.394652
v -0.861942 12.697166 -1.186362
v -1.186361 12.697166 -0.861942
v -1.394652 12.697166 -0.453150
v -1.466423 12.697166 -0.000000
v -1.394652 12.697166 0.453150
v -1.186361 12.697166 0.861942
v -0.861942 12.697166 1.186361
v -0.453150 12.697166 1.394652
v -0.000000 12.697166 1.466423
v 0.453149 12.697166 1.394651
v 0.861942 12.697166 1.186361
v 1.186361 12.697166 0.861942
v 1.394651 12.697166 0.453150
v 1.466423 12.697166 -0.000000
v 3.823468 9.302802 -0.348526
v 3.493914 9.302802 -0.658243
v 3.482095 9.484949 -0.629520
v 3.804502 9.484949 -0.334703
v 2.962983 9.302802 -0.821266
v 2.962983 9.484949 -0.793282
v 2.962983 9.302802 0.821266
v 3.493914 9.302802 0.658243
v 3.482095 9.484949 0.629520
v 2.962983 9.484949 0.793282
v 3.814280 9.302802 0.379853
v 3.796183 9.484949 0.364911
v 3.939408 9.302802 0.000000
v 3.915161 9.484949 0.000000
v 3.427683 9.654684 -0.575424
v 3.737541 9.654684 -0.311307
v 2.962983 9.654684 -0.711237
v 3.427683 9.654684 0.575424
v 2.962983 9.654684 0.711237
v 3.730755 9.654684 0.337518
v 3.841427 9.654684 0.000000
v 3.329238 9.800438 -0.491523
v 3.599869 9.800438 -0.273257
v 2.962983 9.800438 -0.580723
v 3.329238 9.800438 0.491523
v 2.962983 9.800438 0.580723
v 3.595629 9.800438 0.291233
v 3.693866 9.800438 0.000000
v 3.212983 9.912279 -0.355619
v 3.402299 9.912279 -0.202629
v 2.962983 9.912279 -0.410633
v 3.212983 9.912279 0.355619
v 2.962983 9.912279 0.410633
v 3.402299 9.912279 0.202629
v 3.466971 9.912279 0.000000
v 2.962983 9.302802 0.821266
v 2.962983 9.302802 0.000000
v 3.493914 9.302802 0.000000
v 3.493914 9.302802 0.658243
v 3.493914 9.302802 -0.658243
v 2.962983 9.302802 -0.821266
v 2.945207 10.276015 1.869576
v 2.917428 10.295399 1.903278
v 2.970509 10.244439 1.844160
v 2.990856 10.203764 1.829518
v 3.004257 10.157959 1.827084
v 3.009402 10.111526 1.837095
v 3.005784 10.068994 1.858573
v 2.993760 10.034534 1.889413
v 2.974505 10.011519 1.926599
v 2.949905 10.002200 1.966489
v 2.922368 10.007493 2.005178
v 2.894589 10.026872 2.038881
v 2.869287 10.058448 2.064296
v 2.848940 10.099129 2.078938
v 2.835538 10.144928 2.081372
v 2.830394 10.191366 2.071361
v 2.834012 10.233896 2.049883
v 2.846036 10.268356 2.019042
v 2.865290 10.291369 1.981858
v 2.889891 10.300690 1.941968
v 2.933038 10.328289 1.813593
v 2.892226 10.356763 1.863106
v 2.970209 10.281899 1.776253
v 3.000103 10.222133 1.754743
v 3.019792 10.154849 1.751167
v 3.027349 10.086624 1.765875
v 3.022035 10.024139 1.797428
v 3.004369 9.973514 1.842737
v 2.976081 9.939700 1.897368
v 2.939940 9.926011 1.955972
v 2.899484 9.933783 2.012812
v 2.858673 9.962258 2.062326
v 2.821501 10.008650 2.099665
v 2.791608 10.068413 2.121176
v 2.771919 10.135699 2.124752
v 2.764361 10.203924 2.110044
v 2.769676 10.266405 2.078491
v 2.787342 10.317031 2.033182
v 2.815629 10.350846 1.978551
v 2.851770 10.364535 1.919948
v 2.911169 10.373800 1.754729
v 2.858330 10.410665 1.818834
v 2.959296 10.313735 1.706385
v 2.997998 10.236361 1.678534
v 3.023489 10.149245 1.673904
v 3.033274 10.060915 1.692948
v 3.026393 9.980015 1.733800
v 3.003521 9.914470 1.792462
v 2.966897 9.870690 1.863193
v 2.920105 9.852967 1.939068
v 2.867726 9.863031 2.012660
v 2.814887 9.899898 2.076766
v 2.766761 9.959959 2.125109
v 2.728058 10.037335 2.152960
v 2.702566 10.124454 2.157590
v 2.692782 10.212784 2.138546
v 2.699663 10.293682 2.097694
v 2.722535 10.359226 2.039032
v 2.759159 10.403003 1.968302
v 2.805951 10.420731 1.892426
v 2.880139 10.411428 1.694432
v 2.816573 10.455780 1.771552
v 2.938035 10.339174 1.636274
v 2.984595 10.246090 1.602771
v 3.015261 10.141292 1.597201
v 3.027031 10.035028 1.620110
v 3.018754 9.937707 1.669255
v 2.991239 9.858854 1.739826
v 2.947180 9.806190 1.824915
v 2.890889 9.784869 1.916193
v 2.827877 9.796975 2.004724
v 2.764312 9.841326 2.081843
v 2.706416 9.913579 2.140001
v 2.659856 10.006665 2.173505
v 2.629190 10.111465 2.179075
v 2.617419 10.217727 2.156166
v 2.625697 10.315046 2.107020
v 2.653212 10.393898 2.036450
v 2.697271 10.446563 1.951361
v 2.753561 10.467886 1.860083
v 2.840712 10.440249 1.634189
v 2.767985 10.490993 1.722422
v 2.906952 10.357579 1.567649
v 2.960222 10.251083 1.529316
v 2.995308 10.131174 1.522944
v 3.008775 10.009600 1.549154
v 2.999304 9.898254 1.605382
v 2.967824 9.808039 1.686125
v 2.917415 9.747782 1.783477
v 2.853012 9.723386 1.887910
v 2.780918 9.737240 1.989201
v 2.708192 9.787981 2.077434
v 2.641951 9.870649 2.143974
v 2.588681 9.977147 2.182307
v 2.553595 10.097056 2.188679
v 2.540128 10.218634 2.162469
v 2.549598 10.329978 2.106241
v 2.581079 10.420194 2.025499
v 2.631488 10.480448 1.928146
v 2.695891 10.504843 1.823714
v 2.793858 10.459552 1.575481
v 2.713761 10.515437 1.672657
v 2.866811 10.368508 1.502198
v 2.925481 10.251213 1.459981
v 2.964122 10.119157 1.452962
v 2.978954 9.985258 1.481829
v 2.968523 9.862629 1.543755
v 2.933853 9.763271 1.632680
v 2.878335 9.696911 1.739899
v 2.807405 9.670043 1.854915
v 2.728005 9.685298 1.966472
v 2.647908 9.741182 2.063647
v 2.574955 9.832226 2.136931
v 2.516285 9.949517 2.179147
v 2.477643 10.081579 2.186167
v 2.462812 10.215476 2.157300
v 2.473242 10.338104 2.095373
v 2.507913 10.437465 2.006448
v 2.563431 10.503826 1.899230
v 2.634361 10.530693 1.784214
v 2.740731 10.468863 1.519755
v 2.655236 10.528515 1.623480
v 2.818602 10.371683 1.441533
v 2.881225 10.246486 1.396471
v 2.922471 10.105527 1.388979
v 2.938302 9.962604 1.419791
v 2.927169 9.831710 1.485892
v 2.890161 9.725656 1.580809
v 2.830902 9.654820 1.695254
v 2.755191 9.626142 1.818022
v 2.670440 9.642426 1.937096
v 2.584945 9.702078 2.040821
v 2.507075 9.799257 2.119044
v 2.444452 9.924457 2.164106
v 2.403206 10.065415 2.171598
v 2.387375 10.208334 2.140786
v 2.398507 10.339231 2.074685
v 2.435515 10.445285 1.979768
v 2.494775 10.516120 1.865323
v 2.570486 10.544798 1.742555
v 2.682641 10.467954 1.468383
v 2.593853 10.529901 1.576104
v 2.763510 10.367028 1.387148
v 2.828546 10.237007 1.340350
v 2.871380 10.090621 1.332569
v 2.887821 9.942193 1.364569
v 2.876258 9.806256 1.433215
v 2.837826 9.696117 1.531789
v 2.776284 9.622555 1.650641
v 2.697657 9.592772 1.778138
v 2.609642 9.609682 1.901799
v 2.520854 9.671633 2.009519
v 2.439984 9.772555 2.090754
v 2.374949 9.902576 2.137553
v 2.332114 10.048963 2.145333
v 2.315674 10.197392 2.113334
v 2.327235 10.333326 2.044687
v 2.365669 10.443464 1.946114
v 2.427211 10.517028 1.827261
v 2.505837 10.546811 1.699764
v 2.868868 10.257242 -2.003377
v 2.886340 10.279478 -1.964861
v 2.857773 10.223302 -2.035128
v 2.854142 10.180978 -2.057005
v 2.858330 10.134411 -2.066867
v 2.869928 10.088161 -2.063748
v 2.887799 10.046757 -2.047954
v 2.910195 10.014251 -2.021030
v 2.934923 9.993821 -1.985613
v 2.959563 9.987473 -1.945169
v 2.981702 9.995823 -1.903657
v 2.999175 10.018060 -1.865140
v 3.010270 10.051998 -1.833389
v 3.013901 10.094325 -1.811512
v 3.009713 10.140890 -1.801650
v 2.998116 10.187140 -1.804769
v 2.980244 10.228545 -1.820563
v 2.957849 10.261050 -1.847487
v 2.933120 10.281480 -1.882904
v 2.908480 10.287829 -1.923348
v 2.813007 10.307989 -2.021235
v 2.838677 10.340654 -1.964649
v 2.796707 10.258125 -2.067882
v 2.791373 10.195946 -2.100022
v 2.797525 10.127530 -2.114511
v 2.814564 10.059584 -2.109928
v 2.840819 9.998753 -2.086725
v 2.873721 9.950995 -2.047170
v 2.910051 9.920983 -1.995137
v 2.946251 9.911659 -1.935719
v 2.978777 9.923928 -1.874731
v 3.004447 9.956591 -1.818144
v 3.020746 10.006456 -1.771498
v 3.026081 10.068637 -1.739357
v 3.019929 10.137050 -1.724869
v 3.002890 10.204997 -1.729451
v 2.976635 10.265824 -1.752655
v 2.943732 10.313582 -1.792210
v 2.907403 10.343596 -1.844243
v 2.871203 10.352922 -1.903662
v 2.750261 10.352448 -2.031270
v 2.783496 10.394739 -1.958007
v 2.729158 10.287889 -2.091664
v 2.722251 10.207384 -2.133277
v 2.730217 10.118809 -2.152034
v 2.752277 10.030840 -2.146102
v 2.786270 9.952084 -2.116060
v 2.828870 9.890248 -2.064848
v 2.875905 9.851390 -1.997480
v 2.922773 9.839316 -1.920551
v 2.964886 9.855200 -1.841590
v 2.998120 9.897492 -1.768327
v 3.019224 9.962054 -1.707933
v 3.026130 10.042560 -1.666320
v 3.018164 10.131131 -1.647562
v 2.996105 10.219103 -1.653494
v 2.962112 10.297859 -1.683537
v 2.919512 10.359694 -1.734749
v 2.872477 10.398548 -1.802117
v 2.825608 10.410625 -1.879046
v 2.682176 10.389531 -2.033235
v 2.722157 10.440409 -1.945099
v 2.656789 10.311868 -2.105889
v 2.648480 10.215015 -2.155949
v 2.658063 10.108463 -2.178514
v 2.684601 10.002635 -2.171378
v 2.725495 9.907887 -2.135237
v 2.776742 9.833503 -2.073629
v 2.833327 9.786759 -1.992585
v 2.889709 9.772232 -1.900039
v 2.940370 9.791342 -1.805049
v 2.980351 9.842216 -1.716913
v 3.005739 9.919882 -1.644259
v 3.014047 10.016734 -1.594199
v 3.004465 10.123288 -1.571633
v 2.977927 10.229115 -1.578770
v 2.937033 10.323858 -1.614911
v 2.885786 10.398245 -1.676519
v 2.829202 10.444988 -1.757562
v 2.772819 10.459518 -1.850109
v 2.610429 10.418318 -2.027081
v 2.656171 10.476530 -1.926242
v 2.581382 10.329460 -2.110205
v 2.571875 10.218653 -2.167480
v 2.582840 10.096743 -2.193298
v 2.613202 9.975661 -2.185133
v 2.659990 9.867261 -2.143783
v 2.718623 9.782158 -2.073297
v 2.783362 9.728676 -1.980573
v 2.847870 9.712052 -1.874688
v 2.905833 9.733915 -1.766008
v 2.951577 9.792127 -1.665169
v 2.980623 9.880986 -1.582045
v 2.990130 9.991792 -1.524770
v 2.979165 10.113705 -1.498951
v 2.948803 10.234787 -1.507117
v 2.902015 10.343184 -1.548467
v 2.843382 10.428289 -1.618954
v 2.778643 10.481771 -1.711677
v 2.714134 10.498395 -1.817562
v 2.536784 10.438107 -2.012959
v 2.587163 10.502213 -1.901902
v 2.504794 10.340242 -2.104508
v 2.494323 10.218205 -2.167588
v 2.506400 10.083939 -2.196023
v 2.539839 9.950588 -2.187030
v 2.591368 9.831202 -2.141490
v 2.655944 9.737473 -2.063859
v 2.727244 9.678571 -1.961738
v 2.798290 9.660263 -1.845123
v 2.862127 9.684343 -1.725428
v 2.912506 9.748453 -1.614371
v 2.944496 9.846313 -1.522822
v 2.954966 9.968353 -1.459742
v 2.942889 10.102620 -1.431307
v 2.909451 10.235972 -1.440300
v 2.857921 10.355355 -1.485841
v 2.793346 10.449087 -1.563471
v 2.722045 10.507989 -1.665592
v 2.651000 10.526295 -1.782207
v 2.463056 10.448406 -1.991219
v 2.516831 10.516835 -1.872677
v 2.428910 10.343946 -2.088938
v 2.417734 10.213683 -2.156269
v 2.430624 10.070368 -2.186620
v 2.466317 9.928031 -2.177021
v 2.521319 9.800598 -2.128412
v 2.590247 9.700550 -2.045549
v 2.666353 9.637679 -1.936545
v 2.742187 9.618140 -1.812071
v 2.810325 9.643842 -1.684309
v 2.864100 9.712270 -1.565767
v 2.898247 9.816730 -1.468048
v 2.909422 9.946993 -1.400717
v 2.896532 10.090307 -1.370366
v 2.860839 10.232649 -1.379965
v 2.805837 10.360078 -1.428574
v 2.736910 10.460126 -1.511437
v 2.660804 10.522996 -1.620440
v 2.584970 10.542539 -1.744915
v 2.391061 10.448963 -1.962394
v 2.446907 10.520030 -1.839286
v 2.355599 10.340481 -2.063877
v 2.343994 10.205201 -2.133801
v 2.357380 10.056366 -2.165321
v 2.394447 9.908542 -2.155353
v 2.451569 9.776204 -2.104870
v 2.523151 9.672304 -2.018817
v 2.602188 9.607011 -1.905615
v 2.680943 9.586715 -1.776346
v 2.751706 9.613408 -1.643663
v 2.807553 9.684474 -1.520555
v 2.843014 9.792956 -1.419072
v 2.854620 9.928238 -1.349149
v 2.841233 10.077071 -1.317628
v 2.804166 10.224895 -1.327597
v 2.747045 10.357234 -1.378079
v 2.675462 10.461134 -1.464132
v 2.596426 10.526426 -1.577334
v 2.517671 10.546720 -1.706603
v 1.073466 0.337942 -1.369594
v 0.729679 0.363043 -1.497391
v 0.694204 0.144917 -1.414296
v 1.040829 0.137262 -1.293145
v 0.729679 -0.073209 -1.497391
v 1.073466 -0.063419 -1.369594
v 0.815321 -0.163560 -1.698002
v 1.152259 -0.146544 -1.554160
v 0.914724 -0.088532 -1.991550
v 1.231051 -0.063419 -1.738725
v 0.936437 0.144917 -1.981707
v 1.263688 0.137262 -1.815175
v 0.900963 0.363043 -1.898612
v 1.231051 0.337942 -1.738725
v 0.815321 0.453394 -1.698002
v 1.152259 0.421067 -1.554160
v 1.325209 0.340087 -1.256779
v 1.291773 0.134492 -1.178457
v 1.325209 -0.071103 -1.256779
v 1.405931 -0.156263 -1.445865
v 1.486653 -0.071103 -1.634950
v 1.520090 0.134492 -1.713271
v 1.486654 0.340087 -1.634950
v 1.405931 0.425248 -1.445865
v 1.589780 0.146558 -1.186955
v 1.608862 0.281276 -1.231654
v 1.608862 0.011840 -1.231654
v 1.654930 -0.043962 -1.339565
v 1.700998 0.011840 -1.447475
v 1.720080 0.146558 -1.492174
v 1.700998 0.281276 -1.447476
v 1.654930 0.337078 -1.339565
v 1.312723 0.337942 -2.100636
v 0.928485 0.363043 -2.083190
v 0.936437 0.144917 -1.981707
v 1.312723 0.137262 -2.017511
v 0.914724 -0.088532 -1.991550
v 1.312723 -0.063419 -2.100636
v 0.928485 -0.163560 -2.301316
v 1.312723 -0.146544 -2.301316
v 0.910802 -0.088532 -2.615082
v 1.312723 -0.063419 -2.501997
v 0.928485 0.144917 -2.609793
v 1.312723 0.137262 -2.585121
v 0.928485 0.363043 -2.519442
v 1.312723 0.337942 -2.501997
v 0.928485 0.453394 -2.301316
v 1.312723 0.421067 -2.301316
v 1.588545 0.340087 -2.095720
v 1.588545 0.134492 -2.010560
v 1.588545 -0.071103 -2.095720
v 1.588545 -0.156263 -2.301316
v 1.588545 -0.071103 -2.506911
v 1.588545 0.134492 -2.592071
v 1.588545 0.340087 -2.506912
v 1.588545 0.425248 -2.301316
v 1.859284 0.146558 -2.135381
v 1.859284 0.281276 -2.183983
v 1.859284 0.011840 -2.183983
v 1.859284 -0.043962 -2.301316
v 1.859284 0.011840 -2.418648
v 1.859284 0.146558 -2.467250
v 1.859284 0.281276 -2.418649
v 1.859284 0.337078 -2.301316
v 1.223413 0.337942 -2.870182
v 0.893119 0.363043 -2.710722
v 0.928485 0.144917 -2.609793
v 1.255951 0.137262 -2.793690
v 0.910802 -0.088532 -2.615082
v 1.223413 -0.063419 -2.870182
v 0.807736 -0.163560 -2.911443
v 1.144859 -0.146544 -3.054849
v 0.722353 -0.073209 -3.112163
v 1.066305 -0.063419 -3.239516
v 0.686986 0.144917 -3.195305
v 1.033767 0.137262 -3.316008
v 0.722353 0.363043 -3.112163
v 1.066305 0.337942 -3.239516
v 0.807736 0.453394 -2.911443
v 1.144859 0.421067 -3.054849
v 1.479149 0.340087 -2.973626
v 1.512484 0.134492 -2.895262
v 1.479149 -0.071103 -2.973626
v 1.398672 -0.156263 -3.162817
v 1.318194 -0.071103 -3.352006
v 1.284859 0.134492 -3.430371
v 1.318194 0.340087 -3.352006
v 1.398672 0.425248 -3.162817
v 1.712760 0.146558 -3.116101
v 1.693736 0.281276 -3.160824
v 1.693736 0.011840 -3.160824
v 1.647807 -0.043962 -3.268795
v 1.601879 0.011840 -3.376764
v 1.582854 0.146558 -3.421487
v 1.601878 0.281276 -3.376765
v 1.647807 0.337078 -3.268795
v 0.729679 0.363043 -1.497391
v 0.529494 0.378366 -1.547845
v 0.494019 0.144917 -1.469942
v 0.694204 0.144917 -1.414296
v 0.529494 -0.088532 -1.547845
v 0.729679 -0.073209 -1.497391
v 0.615136 -0.163560 -1.735920
v 0.815321 -0.163560 -1.698002
v 0.617097 -0.163560 -2.010516
v 0.914724 -0.088532 -1.991550
v 0.615136 0.475064 -1.735920
v 0.815321 0.453394 -1.698002
v 0.613175 -0.163560 -2.301534
v 0.928485 -0.163560 -2.301316
v 0.613175 -0.163560 -2.595693
v 0.910802 -0.088532 -2.615082
v 0.728301 0.475064 -2.301534
v 0.928485 0.453394 -2.301316
v 0.607551 -0.163560 -2.873535
v 0.807736 -0.163560 -2.911443
v 0.522168 -0.088532 -3.061713
v 0.722353 -0.073209 -3.112163
v 0.486801 0.144917 -3.139659
v 0.686986 0.144917 -3.195305
v 0.522168 0.378366 -3.061713
v 0.722353 0.363043 -3.112163
v 0.607551 0.475064 -2.873535
v 0.807736 0.453394 -2.911443
v 0.107887 0.378366 -1.618768
v 0.102574 0.144917 -1.546443
v 0.107887 -0.088532 -1.618768
v 0.118808 -0.163560 -1.791181
v 0.129489 -0.163560 -2.040612
v 0.129254 0.475064 -2.032843
v 0.118808 0.475064 -1.791290
v 0.133464 -0.163560 -2.301873
v 0.129489 -0.163560 -2.565944
v 0.129489 0.475064 -2.561498
v 0.133464 0.475064 -2.301873
v 0.118808 -0.163560 -2.818288
v 0.107886 -0.088532 -2.990794
v 0.102574 0.144917 -3.063158
v 0.107886 0.378366 -2.990794
v 0.118808 0.475064 -2.818179
v -0.339319 0.378366 -1.753632
v -0.339320 0.144917 -1.696907
v -0.339319 -0.088532 -1.753632
v -0.339317 -0.163560 -1.890576
v -0.339315 -0.163560 -2.090520
v -0.339315 0.475064 -2.084244
v -0.339317 0.475064 -1.890576
v -0.339315 -0.163560 -2.302422
v -0.339315 -0.163560 -2.516611
v -0.339315 0.475064 -2.513001
v -0.339315 0.475064 -2.302422
v -0.339317 -0.163560 -2.718919
v -0.339319 -0.088532 -2.855938
v -0.339320 0.144917 -2.912694
v -0.339319 0.378366 -2.855938
v -0.339317 0.475064 -2.718919
v -0.746321 0.318734 -1.951829
v -0.746322 0.147819 -1.915503
v -0.746321 -0.023095 -1.951840
v -0.746319 -0.078025 -2.039314
v -0.746317 -0.078025 -2.167403
v -0.746317 0.389529 -2.163379
v -0.746319 0.389529 -2.039288
v -0.746317 -0.078025 -2.303275
v -0.746317 -0.078025 -2.440614
v -0.746317 0.389529 -2.438301
v -0.746317 0.389529 -2.303275
v -0.746319 -0.078025 -2.570208
v -0.746321 -0.023095 -2.657741
v -0.746322 0.147819 -2.694098
v -0.746321 0.318734 -2.657752
v -0.746319 0.389529 -2.570191
v -0.897937 0.246449 -2.099187
v -0.879196 0.151338 -2.068167
v -0.899186 0.056226 -2.099949
v -0.926815 0.025658 -2.153475
v -0.933882 0.025658 -2.225427
v -0.933303 0.285846 -2.223741
v -0.926672 0.285846 -2.154501
v -0.941082 0.025658 -2.303928
v -0.933876 0.025658 -2.383242
v -0.933991 0.285846 -2.381271
v -0.940949 0.285846 -2.303935
v -0.926815 0.025658 -2.456093
v -0.898905 0.056226 -2.509691
v -0.879178 0.151338 -2.541395
v -0.896565 0.246449 -2.510698
v -0.926567 0.285846 -2.455092
v -0.959055 0.152536 -2.303903
v -0.949219 0.152536 -2.385187
v -0.949320 0.152536 -2.221615
v -0.936860 0.152536 -2.147530
v -0.936928 0.152536 -2.462020
v 1.073466 0.337942 1.369594
v 1.040829 0.137262 1.293145
v 0.694204 0.144917 1.414296
v 0.729679 0.363043 1.497391
v 1.073466 -0.063419 1.369594
v 0.729679 -0.073209 1.497391
v 1.152259 -0.146544 1.554160
v 0.815321 -0.163560 1.698002
v 1.231051 -0.063419 1.738725
v 0.914724 -0.088532 1.991550
v 1.263688 0.137262 1.815175
v 0.936437 0.144917 1.981707
v 1.231051 0.337942 1.738725
v 0.900963 0.363043 1.898612
v 1.152259 0.421067 1.554160
v 0.815321 0.453394 1.698002
v 1.325209 0.340087 1.256779
v 1.291773 0.134492 1.178457
v 1.325209 -0.071103 1.256779
v 1.405931 -0.156263 1.445865
v 1.486653 -0.071103 1.634950
v 1.520090 0.134492 1.713271
v 1.486654 0.340087 1.634950
v 1.405931 0.425248 1.445865
v 1.608862 0.281276 1.231654
v 1.589780 0.146558 1.186955
v 1.608862 0.011840 1.231654
v 1.654930 -0.043962 1.339565
v 1.700998 0.011840 1.447475
v 1.720080 0.146558 1.492174
v 1.700998 0.281276 1.447476
v 1.654930 0.337078 1.339565
v 1.312723 0.337942 2.100636
v 1.312723 0.137262 2.017511
v 0.936437 0.144917 1.981707
v 0.928485 0.363043 2.083190
v 1.312723 -0.063419 2.100636
v 0.914724 -0.088532 1.991550
v 1.312723 -0.146544 2.301316
v 0.928485 -0.163560 2.301316
v 1.312723 -0.063419 2.501997
v 0.910802 -0.088532 2.615082
v 1.312723 0.137262 2.585121
v 0.928485 0.144917 2.609793
v 1.312723 0.337942 2.501997
v 0.928485 0.363043 2.519442
v 1.312723 0.421067 2.301316
v 0.928485 0.453394 2.301316
v 1.588545 0.340087 2.095720
v 1.588545 0.134492 2.010560
v 1.588545 -0.071103 2.095720
v 1.588545 -0.156263 2.301316
v 1.588545 -0.071103 2.506911
v 1.588545 0.134492 2.592071
v 1.588545 0.340087 2.506912
v 1.588545 0.425248 2.301316
v 1.859284 0.281276 2.183983
v 1.859284 0.146558 2.135381
v 1.859284 0.011840 2.183983
v 1.859284 -0.043962 2.301316
v 1.859284 0.011840 2.418648
v 1.859284 0.146558 2.467250
v 1.859284 0.281276 2.418649
v 1.859284 0.337078 2.301316
v 1.223413 0.337942 2.870182
v 1.255951 0.137262 2.793690
v 0.928485 0.144917 2.609793
v 0.893119 0.363043 2.710722
v 1.223413 -0.063419 2.870182
v 0.910802 -0.088532 2.615082
v 1.144859 -0.146544 3.054849
v 0.807736 -0.163560 2.911443
v 1.066305 -0.063419 3.239516
v 0.722353 -0.073209 3.112163
v 1.033767 0.137262 3.316008
v 0.686986 0.144917 3.195305
v 1.066305 0.337942 3.239516
v 0.722353 0.363043 3.112163
v 1.144859 0.421067 3.054849
v 0.807736 0.453394 2.911443
v 1.479149 0.340087 2.973626
v 1.512484 0.134492 2.895262
v 1.479149 -0.071103 2.973626
v 1.398672 -0.156263 3.162817
v 1.318194 -0.071103 3.352006
v 1.284859 0.134492 3.430371
v 1.318194 0.340087 3.352006
v 1.398672 0.425248 3.162817
v 1.693736 0.281276 3.160824
v 1.712760 0.146558 3.116101
v 1.693736 0.011840 3.160824
v 1.647807 -0.043962 3.268795
v 1.601879 0.011840 3.376764
v 1.582854 0.146558 3.421487
v 1.601878 0.281276 3.376765
v 1.647807 0.337078 3.268795
v 0.729679 0.363043 1.497391
v 0.694204 0.144917 1.414296
v 0.494019 0.144917 1.469942
v 0.529494 0.378366 1.547845
v 0.729679 -0.073209 1.497391
v 0.529494 -0.088532 1.547845
v 0.815321 -0.163560 1.698002
v 0.615136 -0.163560 1.735920
v 0.914724 -0.088532 1.991550
v 0.617097 -0.163560 2.010516
v 0.815321 0.453394 1.698002
v 0.615136 0.475064 1.735920
v 0.928485 -0.163560 2.301316
v 0.613175 -0.163560 2.301534
v 0.910802 -0.088532 2.615082
v 0.613175 -0.163560 2.595693
v 0.928485 0.453394 2.301316
v 0.728301 0.475064 2.301534
v 0.807736 -0.163560 2.911443
v 0.607551 -0.163560 2.873535
v 0.722353 -0.073209 3.112163
v 0.522168 -0.088532 3.061713
v 0.686986 0.144917 3.195305
v 0.486801 0.144917 3.139659
v 0.722353 0.363043 3.112163
v 0.522168 0.378366 3.061713
v 0.807736 0.453394 2.911443
v 0.607551 0.475064 2.873535
v 0.102574 0.144917 1.546443
v 0.107887 0.378366 1.618768
v 0.107887 -0.088532 1.618768
v 0.118808 -0.163560 1.791181
v 0.129489 -0.163560 2.040612
v 0.118808 0.475064 1.791290
v 0.129254 0.475064 2.032843
v 0.133464 -0.163560 2.301873
v 0.129489 -0.163560 2.565944
v 0.133464 0.475064 2.301873
v 0.129489 0.475064 2.561498
v 0.118808 -0.163560 2.818288
v 0.107886 -0.088532 2.990794
v 0.102574 0.144917 3.063158
v 0.107886 0.378366 2.990794
v 0.118808 0.475064 2.818179
v -0.339320 0.144917 1.696907
v -0.339319 0.378366 1.753632
v -0.339319 -0.088532 1.753632
v -0.339317 -0.163560 1.890576
v -0.339315 -0.163560 2.090520
v -0.339317 0.475064 1.890576
v -0.339315 0.475064 2.084244
v -0.339315 -0.163560 2.302422
v -0.339315 -0.163560 2.516611
v -0.339315 0.475064 2.302422
v -0.339315 0.475064 2.513001
v -0.339317 -0.163560 2.718919
v -0.339319 -0.088532 2.855938
v -0.339320 0.144917 2.912694
v -0.339319 0.378366 2.855938
v -0.339317 0.475064 2.718919
v -0.746322 0.147819 1.915503
v -0.746321 0.318734 1.951829
v -0.746321 -0.023095 1.951840
v -0.746319 -0.078025 2.039314
v -0.746317 -0.078025 2.167403
v -0.746319 0.389529 2.039288
v -0.746317 0.389529 2.163379
v -0.746317 -0.078025 2.303275
v -0.746317 -0.078025 2.440614
v -0.746317 0.389529 2.303275
v -0.746317 0.389529 2.438301
v -0.746319 -0.078025 2.570208
v -0.746321 -0.023095 2.657741
v -0.746322 0.147819 2.694098
v -0.746321 0.318734 2.657752
v -0.746319 0.389529 2.570191
v -0.879196 0.151338 2.068167
v -0.897937 0.246449 2.099187
v -0.899186 0.056226 2.099949
v -0.926815 0.025658 2.153475
v -0.933882 0.025658 2.225427
v -0.926672 0.285846 2.154501
v -0.933303 0.285846 2.223741
v -0.941082 0.025658 2.303928
v -0.933876 0.025658 2.383242
v -0.940949 0.285846 2.303935
v -0.933991 0.285846 2.381271
v -0.926815 0.025658 2.456093
v -0.898905 0.056226 2.509691
v -0.879178 0.151338 2.541395
v -0.896565 0.246449 2.510698
v -0.926567 0.285846 2.455092
v -0.949219 0.152536 2.385187
v -0.959055 0.152536 2.303903
v -0.949320 0.152536 2.221615
v -0.936860 0.152536 2.147530
v -0.936928 0.152536 2.462020
vn -0.4480 0.3483 -0.8234
vn -0.4453 0.6146 -0.6512
vn -0.5869 0.4002 -0.7038
vn 0.4675 0.3589 -0.8079
vn 0.6512 0.4197 -0.6323
vn 0.4937 0.6339 -0.5953
vn -0.2588 -0.9440 -0.2047
vn -0.2289 -0.9182 -0.3233
vn 0.0008 -0.9998 -0.0209
vn -0.1513 -0.9108 -0.3842
vn -0.0000 -0.9063 -0.4226
vn 0.1546 -0.9109 -0.3827
vn 0.2356 -0.9187 -0.3168
vn 0.2648 -0.9439 -0.1973
vn -0.1420 -0.9778 0.1540
vn -0.2304 -0.9731 -0.0040
vn 0.2362 -0.9714 -0.0256
vn 0.1332 -0.9793 0.1524
vn -0.0828 -0.9723 0.2184
vn 0.0169 -0.9701 0.2420
vn 0.0030 -0.9665 0.2568
vn 0.0719 -0.9724 0.2219
vn -0.0157 -0.9694 0.2448
vn -0.4480 0.3483 0.8234
vn -0.5869 0.4002 0.7038
vn -0.4453 0.6146 0.6512
vn 0.4675 0.3589 0.8078
vn 0.4937 0.6339 0.5953
vn 0.6512 0.4197 0.6323
vn -0.2588 -0.9440 0.2047
vn 0.0008 -0.9998 0.0209
vn -0.2289 -0.9182 0.3233
vn -0.1513 -0.9108 0.3842
vn -0.0000 -0.9063 0.4226
vn 0.1546 -0.9109 0.3827
vn 0.2356 -0.9187 0.3168
vn 0.2648 -0.9439 0.1974
vn -0.1420 -0.9778 -0.1540
vn -0.2304 -0.9731 0.0040
vn 0.2362 -0.9714 0.0256
vn 0.1332 -0.9793 -0.1524
vn -0.0828 -0.9723 -0.2184
vn 0.0169 -0.9701 -0.2420
vn 0.0030 -0.9665 -0.2568
vn 0.0719 -0.9724 -0.2219
vn -0.0157 -0.9694 -0.2448
vn 0.2407 0.9674 -0.0782
vn 0.2048 0.9674 -0.1487
vn -0.0000 1.0000 -0.0000
vn 0.1488 0.9674 -0.2048
vn 0.0782 0.9674 -0.2407
vn -0.0000 0.9674 -0.2531
vn -0.0782 0.9674 -0.2407
vn -0.1488 0.9674 -0.2047
vn -0.2048 0.9674 -0.1488
vn -0.2407 0.9674 -0.0782
vn -0.2531 0.9674 -0.0000
vn -0.2407 0.9674 0.0782
vn -0.2047 0.9674 0.1488
vn -0.1488 0.9674 0.2047
vn -0.0782 0.9674 0.2407
vn -0.0000 0.9674 0.2531
vn 0.0782 0.9674 0.2407
vn 0.1488 0.9674 0.2047
vn 0.2048 0.9674 0.1488
vn 0.2407 0.9674 0.0782
vn 0.2531 0.9674 -0.0000
vn 0.2052 0.9667 -0.1527
vn 0.1156 0.9601 -0.2546
vn 0.0580 0.9983 -0.0000
vn 0.0635 0.9554 -0.2886
vn 0.0635 0.9554 0.2886
vn 0.1157 0.9601 0.2547
vn 0.2051 0.9668 0.1527
vn 0.2410 0.9705 -0.0000
vn -0.0000 -1.0000 -0.0000
vn 0.8269 0.3671 0.4260
vn 0.7904 0.3926 0.4702
vn 0.8101 0.2079 0.5482
vn 0.8601 0.3257 0.3926
vn 0.8868 0.2723 0.3735
vn 0.9044 0.2122 0.3702
vn 0.9111 0.1513 0.3834
vn 0.9064 0.0955 0.4116
vn 0.8906 0.0503 0.4520
vn 0.8653 0.0201 0.5008
vn 0.8331 0.0079 0.5531
vn 0.7969 0.0148 0.6039
vn 0.7605 0.0403 0.6481
vn 0.7273 0.0817 0.6815
vn 0.7006 0.1351 0.7007
vn 0.6830 0.1952 0.7038
vn 0.6763 0.2561 0.6907
vn 0.6810 0.3119 0.6625
vn 0.6968 0.3571 0.6221
vn 0.7220 0.3873 0.5733
vn 0.7543 0.3995 0.5210
vn 0.7495 0.3338 -0.5716
vn 0.7725 0.3630 -0.5211
vn 0.8523 0.1806 -0.4909
vn 0.7350 0.2893 -0.6133
vn 0.7302 0.2338 -0.6420
vn 0.7357 0.1727 -0.6549
vn 0.7509 0.1120 -0.6508
vn 0.7744 0.0577 -0.6301
vn 0.8038 0.0151 -0.5948
vn 0.8362 -0.0117 -0.5483
vn 0.8685 -0.0201 -0.4953
vn 0.8976 -0.0091 -0.4408
vn 0.9205 0.0201 -0.3903
vn 0.9350 0.0646 -0.3486
vn 0.9398 0.1201 -0.3199
vn 0.9343 0.1812 -0.3070
vn 0.9191 0.2419 -0.3111
vn 0.8956 0.2962 -0.3318
vn 0.8663 0.3388 -0.3671
vn 0.8338 0.3656 -0.4136
vn 0.8015 0.3740 -0.4666
vn 0.0356 -0.0368 0.9987
vn 0.7656 -0.5541 0.3268
vn 0.2238 0.4519 0.8636
vn -0.0561 -0.5382 0.8409
vn 0.1398 -0.9884 0.0597
vn 0.5686 -0.5382 -0.6221
vn 0.7459 -0.0368 -0.6651
vn 0.7785 0.4518 -0.4357
vn 0.5604 0.7929 0.2392
vn 0.4248 -0.0368 0.9045
vn 0.8324 -0.5541 -0.0000
vn 0.5449 0.4519 0.7063
vn 0.2786 -0.5382 0.7954
vn 0.1521 -0.9884 -0.0000
vn 0.2786 -0.5382 -0.7954
vn 0.4248 -0.0368 -0.9045
vn 0.5449 0.4518 -0.7063
vn 0.6093 0.7929 -0.0000
vn 0.7450 -0.0368 0.6661
vn 0.7660 -0.5541 -0.3258
vn 0.7779 0.4519 0.4367
vn 0.5677 -0.5382 0.6229
vn 0.1399 -0.9884 -0.0595
vn -0.0550 -0.5382 -0.8410
vn 0.0369 -0.0368 -0.9986
vn 0.2249 0.4518 -0.8633
vn 0.5607 0.7929 -0.2385
vn 0.4130 0.7497 -0.5170
vn 0.9293 0.2918 0.2265
vn 0.1208 0.9924 0.0213
vn 0.2192 0.7654 0.6051
vn 0.9161 0.3005 -0.2655
vn 0.1209 0.9924 -0.0221
vn 0.2025 0.7527 -0.6265
vn 0.4233 0.7581 0.4961
vn 0.0356 -0.0368 -0.9987
vn 0.2238 0.4519 -0.8636
vn 0.7656 -0.5541 -0.3268
vn -0.0560 -0.5382 -0.8409
vn 0.1398 -0.9884 -0.0597
vn 0.5686 -0.5382 0.6221
vn 0.7458 -0.0368 0.6651
vn 0.7785 0.4518 0.4357
vn 0.5604 0.7929 -0.2393
vn 0.5449 0.4519 -0.7063
vn 0.5449 0.4518 0.7064
vn 0.7450 -0.0368 -0.6660
vn 0.7779 0.4519 -0.4367
vn 0.7660 -0.5541 0.3258
vn 0.5677 -0.5382 -0.6229
vn 0.1399 -0.9884 0.0595
vn -0.0550 -0.5382 0.8410
vn 0.0369 -0.0368 0.9986
vn 0.2249 0.4518 0.8633
vn 0.5607 0.7929 0.2385
vn 0.4130 0.7497 0.5170
vn 0.1208 0.9924 -0.0213
vn 0.9293 0.2918 -0.2265
vn 0.2192 0.7654 -0.6051
vn 0.9161 0.3005 0.2655
vn 0.2025 0.7527 0.6265
vn 0.1209 0.9924 0.0221
vn 0.4233 0.7581 -0.4961
vn 0.3966 -0.8916 -0.2184
vn 0.7086 -0.6631 -0.2413
vn 0.7623 -0.6473 -0.0000
vn 0.4458 -0.8951 -0.0000
vn -0.7887 -0.6148 -0.0000
vn -0.9962 0.0875 -0.0000
vn -0.7785 -0.0909 -0.6210
vn -0.5350 -0.6515 -0.5379
vn 0.8548 -0.4455 -0.2660
vn 0.8893 -0.4574 -0.0000
vn -0.9223 0.3864 -0.0000
vn -0.8416 0.1896 -0.5058
vn -0.7585 -0.0588 -0.6490
vn -0.7201 -0.1919 -0.6668
vn -0.5900 -0.1958 -0.7833
vn -0.6071 -0.1360 -0.7829
vn -0.3514 -0.1821 -0.9184
vn -0.3904 -0.1154 -0.9134
vn -0.0001 -0.1552 -0.9879
vn -0.0000 -0.0994 -0.9951
vn 0.3517 -0.1863 -0.9174
vn 0.3958 -0.1202 -0.9104
vn 0.5933 -0.2174 -0.7750
vn 0.6201 -0.1473 -0.7706
vn 0.7971 -0.2605 -0.5448
vn 0.7942 -0.2730 -0.5429
vn 0.9073 -0.2976 -0.2971
vn 0.9505 -0.3107 -0.0000
vn -0.9671 0.2544 -0.0000
vn -0.9147 0.1139 -0.3878
vn -0.8102 -0.0554 -0.5836
vn -0.6128 -0.1189 -0.7812
vn -0.3522 -0.0852 -0.9320
vn -0.0000 -0.0470 -0.9989
vn 0.3519 -0.0853 -0.9322
vn 0.6124 -0.1299 -0.7798
vn 0.8083 -0.1609 -0.5664
vn 0.9346 -0.1712 -0.3119
vn 0.9842 -0.1773 -0.0001
vn -0.9975 0.0712 -0.0000
vn -0.9496 0.0333 -0.3118
vn -0.8279 -0.0084 -0.5608
vn -0.6105 0.0006 -0.7920
vn -0.3264 0.0377 -0.9445
vn 0.0006 0.0630 -0.9980
vn 0.3277 0.0427 -0.9438
vn 0.6119 0.0186 -0.7907
vn 0.8243 0.0209 -0.5658
vn 0.9535 0.0159 -0.3011
vn 1.0000 0.0048 -0.0000
vn -0.9950 0.1000 -0.0000
vn -0.9508 0.0996 -0.2934
vn -0.8182 0.0996 -0.5662
vn -0.5898 0.1105 -0.7999
vn -0.3113 0.1497 -0.9384
vn 0.0027 0.1608 -0.9870
vn 0.3280 0.1678 -0.9296
vn 0.6053 0.1706 -0.7775
vn 0.8139 0.2121 -0.5409
vn 0.9359 0.2267 -0.2697
vn 0.9744 0.2250 -0.0000
vn -0.9272 0.2381 -0.2891
vn -0.7901 0.2644 -0.5530
vn -0.5833 0.2801 -0.7624
vn -0.6154 0.1238 -0.7785
vn 0.0289 -0.2506 -0.9677
vn 0.6615 0.1196 -0.7403
vn 0.6299 0.3116 -0.7114
vn 0.8047 0.3362 -0.4894
vn 0.9110 0.3336 -0.2426
vn 0.9461 0.3239 -0.0000
vn -0.9011 0.3212 -0.2911
vn -0.7503 0.3623 -0.5530
vn -0.5774 0.3903 -0.7171
vn -0.5868 0.4002 -0.7039
vn -0.3940 -0.7022 0.5930
vn -0.9285 -0.2550 -0.2699
vn -0.0180 -0.8053 -0.5926
vn 0.0048 -0.7768 0.6297
vn 0.9254 -0.2860 -0.2488
vn 0.4219 -0.7003 0.5758
vn 0.6511 0.4197 -0.6324
vn 0.6618 0.3808 -0.6458
vn 0.8191 0.3360 -0.4649
vn 0.9181 0.3064 -0.2515
vn 0.9567 0.2911 -0.0001
vn -0.9268 0.2303 -0.2966
vn -0.7798 0.2310 -0.5818
vn -0.5927 0.2362 -0.7700
vn -0.4480 0.3482 -0.8234
vn -0.5192 0.1741 -0.8367
vn -0.0015 0.2057 -0.9786
vn 0.5406 0.1457 -0.8286
vn 0.4675 0.3590 -0.8078
vn 0.6292 0.1686 -0.7587
vn 0.8205 0.0744 -0.5668
vn 0.9459 0.0105 -0.3243
vn 0.9996 -0.0270 -0.0000
vn -0.8586 0.4322 -0.2757
vn -0.5441 0.8196 -0.1793
vn -0.4576 0.8227 -0.3374
vn -0.7244 0.4546 -0.5182
vn -0.3301 0.8255 -0.4578
vn -0.5194 0.4803 -0.7068
vn -0.1817 0.8374 -0.5154
vn -0.2989 0.5178 -0.8016
vn 0.0193 0.8499 -0.5265
vn 0.0264 0.5059 -0.8622
vn 0.2550 0.8211 -0.5106
vn 0.3467 0.4311 -0.8331
vn 0.4405 0.7242 -0.5305
vn 0.5360 0.3090 -0.7856
vn 0.6624 0.5635 -0.4936
vn 0.7346 0.1663 -0.6578
vn 0.8373 0.4670 -0.2844
vn 0.9267 0.0009 -0.3758
vn 0.8963 0.4435 -0.0000
vn 0.9990 -0.0448 -0.0000
vn 0.0358 0.9992 0.0150
vn 0.2170 0.9738 0.0678
vn 0.1865 0.9725 0.1393
vn 0.0264 0.9992 0.0293
vn 0.1220 0.9750 0.1855
vn 0.0103 0.9994 0.0337
vn 0.0651 0.9783 0.1969
vn 0.0081 0.9995 0.0308
vn 0.0316 0.9801 0.1961
vn 0.0315 0.9992 0.0243
vn 0.0385 0.9805 0.1928
vn 0.0849 0.9957 0.0381
vn 0.0247 0.9852 0.1694
vn 0.1237 0.9922 0.0134
vn -0.0035 0.9952 0.0979
vn 0.1644 0.9845 -0.0613
vn 0.0196 0.9998 -0.0000
vn 0.2604 0.9655 -0.0000
vn 0.2356 0.9708 -0.0442
vn 0.0062 0.9994 0.0339
vn -0.9443 0.1157 -0.3082
vn -0.8011 0.0612 -0.5954
vn -0.5875 0.0054 -0.8092
vn -0.3639 -0.0071 -0.9314
vn 0.0097 0.0064 -0.9999
vn 0.0409 0.6293 -0.7761
vn 0.3332 -0.0378 -0.9421
vn 0.5011 -0.0928 -0.8604
vn 0.7090 -0.2253 -0.6682
vn 0.8374 -0.3854 -0.3876
vn 0.8941 -0.4480 -0.0000
vn -0.8740 0.1317 -0.4676
vn -0.4649 -0.6414 0.6104
vn -0.6153 0.1238 -0.7785
vn 0.0386 0.7028 -0.7103
vn 0.0029 -0.6158 0.7879
vn 0.6615 0.1196 -0.7404
vn 0.0290 -0.2506 -0.9677
vn 0.4461 -0.6317 0.6339
vn 0.9159 0.0858 -0.3922
vn -0.2274 -0.9167 -0.3286
vn -0.1429 -0.9591 -0.2444
vn -0.1552 -0.9879 -0.0000
vn -0.3276 -0.9448 -0.0000
vn 0.0037 -0.9744 -0.2248
vn 0.1365 -0.9680 -0.2105
vn 0.1607 -0.9870 -0.0000
vn 0.0080 -1.0000 -0.0000
vn 0.2249 -0.9516 -0.2094
vn 0.2538 -0.9673 -0.0000
vn -0.1158 -0.9710 -0.2091
vn -0.1313 -0.9913 -0.0000
vn -0.6018 -0.5802 -0.5489
vn -0.3397 -0.8572 -0.3872
vn 0.5539 -0.8193 -0.1481
vn 0.8134 -0.5133 -0.2737
vn -0.2173 -0.9662 -0.1387
vn 0.0015 -0.9906 -0.1368
vn 0.1465 -0.9849 -0.0923
vn 0.2675 -0.9632 0.0242
vn -0.1298 -0.9812 -0.1431
vn -0.5631 -0.6948 -0.4474
vn -0.4824 -0.5691 -0.6659
vn -0.3311 -0.5132 -0.7918
vn -0.0000 -0.4826 -0.8758
vn 0.3375 -0.5139 -0.7887
vn 0.4962 -0.5734 -0.6519
vn 0.5744 -0.6979 -0.4278
vn -0.3460 -0.8807 0.3233
vn -0.5326 -0.8444 -0.0582
vn 0.5425 -0.8364 -0.0786
vn 0.3412 -0.8644 0.3693
vn -0.1751 -0.8454 0.5046
vn 0.0699 -0.8427 0.5339
vn 0.0112 -0.8412 0.5406
vn 0.1595 -0.8384 0.5212
vn -0.0569 -0.8407 0.5385
vn -0.7317 -0.4230 -0.5345
vn -0.5767 -0.2848 -0.7657
vn -0.3875 -0.2228 -0.8945
vn -0.0000 -0.1906 -0.9817
vn 0.3947 -0.2241 -0.8911
vn 0.5938 -0.2900 -0.7505
vn 0.7510 -0.4259 -0.5045
vn 0.7948 -0.6036 -0.0626
vn 0.5633 -0.7274 0.3918
vn 0.2467 -0.6827 0.6878
vn 0.1346 -0.7213 0.6795
vn 0.0128 -0.7325 0.6807
vn -0.1172 -0.7034 0.7011
vn -0.2774 -0.6863 0.6723
vn -0.5551 -0.7343 0.3908
vn -0.7726 -0.6282 -0.0924
vn -0.3903 -0.1154 -0.9134
vn 0.3958 -0.1201 -0.9105
vn 0.6201 -0.1472 -0.7706
vn -0.1299 -0.9811 -0.1431
vn -0.2173 -0.9662 -0.1386
vn -0.3397 -0.8572 -0.3871
vn -0.6018 -0.5802 -0.5488
vn -0.4887 0.4440 -0.7510
vn 0.0212 0.5516 -0.8338
vn 0.5208 0.4493 -0.7259
vn -0.3740 -0.6480 0.6635
vn -0.3941 -0.7022 0.5929
vn 0.0047 -0.7768 0.6297
vn -0.0009 -0.6246 0.7809
vn -0.9210 -0.0781 -0.3817
vn 0.0048 -0.7768 0.6298
vn 0.4117 -0.6440 0.6448
vn 0.9428 -0.1338 -0.3052
vn -0.0027 0.4294 -0.9031
vn -0.4664 0.3380 -0.8174
vn 0.4803 0.3213 -0.8162
vn -0.9736 0.2284 -0.0000
vn -0.9519 0.3063 -0.0000
vn -0.9740 0.2265 -0.0000
vn -0.9051 0.4252 -0.0000
vn -0.5746 0.8184 -0.0000
vn -0.9917 0.1289 -0.0000
vn 0.0354 0.9994 -0.0000
vn 0.3966 -0.8916 0.2184
vn 0.7086 -0.6631 0.2413
vn -0.5350 -0.6515 0.5379
vn -0.7785 -0.0909 0.6210
vn 0.8548 -0.4455 0.2660
vn -0.8416 0.1896 0.5058
vn -0.7201 -0.1919 0.6668
vn -0.7585 -0.0588 0.6490
vn -0.6071 -0.1360 0.7829
vn -0.5900 -0.1958 0.7833
vn -0.3904 -0.1154 0.9134
vn -0.3514 -0.1821 0.9184
vn -0.0000 -0.0994 0.9951
vn -0.0001 -0.1552 0.9879
vn 0.3958 -0.1202 0.9104
vn 0.3517 -0.1863 0.9174
vn 0.6201 -0.1473 0.7706
vn 0.5933 -0.2174 0.7750
vn 0.7942 -0.2730 0.5429
vn 0.7971 -0.2605 0.5448
vn 0.9073 -0.2976 0.2971
vn -0.9147 0.1139 0.3878
vn -0.8102 -0.0554 0.5836
vn -0.6128 -0.1189 0.7812
vn -0.3522 -0.0852 0.9320
vn -0.0000 -0.0470 0.9989
vn 0.3519 -0.0854 0.9321
vn 0.6124 -0.1299 0.7798
vn 0.8083 -0.1609 0.5664
vn 0.9346 -0.1712 0.3119
vn 0.9842 -0.1773 0.0001
vn -0.9496 0.0333 0.3118
vn -0.8279 -0.0084 0.5608
vn -0.6105 0.0006 0.7920
vn -0.3264 0.0377 0.9445
vn 0.0006 0.0630 0.9980
vn 0.3277 0.0427 0.9438
vn 0.6119 0.0186 0.7907
vn 0.8243 0.0209 0.5658
vn 0.9535 0.0159 0.3011
vn -0.9508 0.0996 0.2934
vn -0.8182 0.0996 0.5662
vn -0.5898 0.1105 0.7999
vn -0.3113 0.1497 0.9384
vn 0.0027 0.1608 0.9870
vn 0.3280 0.1678 0.9297
vn 0.6053 0.1706 0.7775
vn 0.8139 0.2120 0.5410
vn 0.9359 0.2267 0.2697
vn -0.7903 0.2641 0.5529
vn -0.9272 0.2381 0.2891
vn -0.5833 0.2801 0.7624
vn -0.6154 0.1239 0.7785
vn 0.0289 -0.2506 0.9677
vn 0.6615 0.1196 0.7404
vn 0.6299 0.3116 0.7114
vn 0.8047 0.3362 0.4893
vn 0.9110 0.3336 0.2426
vn -0.7503 0.3623 0.5530
vn -0.9011 0.3212 0.2911
vn -0.5774 0.3903 0.7171
vn -0.5868 0.4002 0.7039
vn -0.3940 -0.7022 -0.5930
vn 0.0047 -0.7768 -0.6297
vn -0.0180 -0.8053 0.5926
vn -0.9285 -0.2550 0.2699
vn 0.4220 -0.7003 -0.5758
vn 0.9254 -0.2860 0.2487
vn 0.6618 0.3808 0.6458
vn 0.6511 0.4197 0.6324
vn 0.8191 0.3360 0.4649
vn 0.9181 0.3065 0.2515
vn 0.9567 0.2911 0.0001
vn -0.7798 0.2310 0.5818
vn -0.9268 0.2303 0.2966
vn -0.5927 0.2362 0.7700
vn -0.0015 0.2057 0.9786
vn -0.5192 0.1741 0.8367
vn 0.5406 0.1457 0.8286
vn 0.6292 0.1686 0.7587
vn 0.4675 0.3590 0.8078
vn 0.8205 0.0744 0.5668
vn 0.9459 0.0105 0.3243
vn -0.8586 0.4322 0.2757
vn -0.7244 0.4546 0.5182
vn -0.4576 0.8227 0.3374
vn -0.5441 0.8196 0.1793
vn -0.5194 0.4803 0.7068
vn -0.3301 0.8255 0.4578
vn -0.2989 0.5178 0.8016
vn -0.1817 0.8374 0.5154
vn 0.0264 0.5059 0.8622
vn 0.0193 0.8499 0.5265
vn 0.3467 0.4311 0.8331
vn 0.2550 0.8211 0.5106
vn 0.5360 0.3090 0.7856
vn 0.4405 0.7242 0.5305
vn 0.7346 0.1663 0.6578
vn 0.6624 0.5635 0.4936
vn 0.9267 0.0009 0.3758
vn 0.8373 0.4670 0.2844
vn 0.0264 0.9992 -0.0293
vn 0.0104 0.9994 -0.0337
vn 0.1220 0.9750 -0.1855
vn 0.1865 0.9725 -0.1393
vn 0.0081 0.9995 -0.0308
vn 0.0651 0.9783 -0.1968
vn 0.0315 0.9992 -0.0243
vn 0.0317 0.9801 -0.1961
vn 0.0849 0.9957 -0.0381
vn 0.0385 0.9805 -0.1928
vn 0.1237 0.9922 -0.0134
vn 0.0247 0.9852 -0.1695
vn 0.1644 0.9845 0.0613
vn -0.0035 0.9952 -0.0979
vn -0.8011 0.0612 0.5954
vn -0.9443 0.1157 0.3082
vn -0.5875 0.0054 0.8092
vn -0.3639 -0.0071 0.9314
vn 0.0409 0.6293 0.7761
vn 0.0097 0.0064 0.9999
vn 0.3332 -0.0378 0.9421
vn 0.5011 -0.0928 0.8604
vn 0.7090 -0.2253 0.6682
vn 0.8374 -0.3854 0.3876
vn -0.6154 0.1238 0.7785
vn -0.4649 -0.6414 -0.6104
vn -0.8741 0.1317 0.4676
vn 0.0410 0.6293 0.7761
vn 0.0386 0.7028 0.7103
vn 0.0029 -0.6158 -0.7879
vn 0.4461 -0.6317 -0.6339
vn 0.9159 0.0858 0.3921
vn 0.0358 0.9992 -0.0150
vn 0.2356 0.9708 0.0442
vn -0.2274 -0.9167 0.3286
vn -0.1429 -0.9591 0.2444
vn 0.0037 -0.9744 0.2248
vn 0.1365 -0.9680 0.2105
vn 0.2249 -0.9516 0.2094
vn -0.1158 -0.9710 0.2091
vn -0.3397 -0.8572 0.3871
vn -0.6018 -0.5802 0.5489
vn 0.8134 -0.5133 0.2737
vn 0.5539 -0.8193 0.1481
vn -0.2173 -0.9662 0.1387
vn 0.1465 -0.9849 0.0923
vn 0.0014 -0.9906 0.1368
vn 0.2675 -0.9632 -0.0242
vn -0.1299 -0.9811 0.1431
vn -0.5631 -0.6948 0.4474
vn -0.4824 -0.5691 0.6659
vn -0.3311 -0.5132 0.7918
vn -0.0000 -0.4826 0.8758
vn 0.3375 -0.5139 0.7887
vn 0.4962 -0.5734 0.6519
vn 0.5744 -0.6979 0.4278
vn -0.3460 -0.8807 -0.3234
vn -0.5326 -0.8444 0.0582
vn 0.5425 -0.8364 0.0786
vn 0.3412 -0.8644 -0.3693
vn -0.1751 -0.8454 -0.5046
vn 0.0699 -0.8427 -0.5339
vn 0.0112 -0.8412 -0.5406
vn 0.1596 -0.8384 -0.5212
vn -0.0569 -0.8407 -0.5385
vn -0.7317 -0.4230 0.5345
vn -0.5767 -0.2848 0.7657
vn -0.3875 -0.2228 0.8945
vn -0.0000 -0.1906 0.9817
vn 0.3947 -0.2240 0.8911
vn 0.5938 -0.2900 0.7505
vn 0.7510 -0.4259 0.5045
vn 0.7948 -0.6036 0.0626
vn 0.5633 -0.7274 -0.3918
vn 0.2467 -0.6827 -0.6878
vn 0.1346 -0.7213 -0.6795
vn 0.0128 -0.7325 -0.6807
vn -0.1172 -0.7034 -0.7011
vn -0.2774 -0.6863 -0.6723
vn -0.5551 -0.7343 -0.3908
vn -0.7726 -0.6282 0.0924
vn -0.0000 -0.0993 0.9951
vn 0.3958 -0.1201 0.9104
vn 0.2676 -0.9632 -0.0242
vn 0.0015 -0.9906 0.1368
vn -0.1298 -0.9812 0.1431
vn -0.2173 -0.9662 0.1386
vn -0.6018 -0.5802 0.5488
vn -0.4887 0.4440 0.7510
vn 0.0213 0.5517 0.8338
vn 0.5208 0.4493 0.7259
vn -0.3740 -0.6480 -0.6635
vn -0.0009 -0.6246 -0.7810
vn 0.0047 -0.7768 -0.6298
vn -0.3941 -0.7022 -0.5930
vn -0.9210 -0.0782 0.3817
vn -0.0009 -0.6246 -0.7809
vn 0.4117 -0.6440 -0.6448
vn 0.4219 -0.7003 -0.5758
vn 0.0048 -0.7768 -0.6298
vn 0.9428 -0.1338 0.3052
vn 0.9254 -0.2860 0.2488
vn -0.0027 0.4294 0.9031
vn -0.4664 0.3380 0.8174
vn 0.4803 0.3213 0.8162
vn 0.0062 0.9994 -0.0339
vn 0.2208 0.9753 -0.0000
vn 0.2170 0.9738 -0.0678
vn 0.4901 -0.8570 -0.1592
vn 0.4169 -0.8570 -0.3029
vn 0.5702 -0.7094 -0.4143
vn 0.6703 -0.7094 -0.2178
vn 0.3029 -0.8570 -0.4169
vn 0.4143 -0.7094 -0.5702
vn 0.1592 -0.8570 -0.4901
vn 0.2178 -0.7094 -0.6703
vn -0.0000 -0.8570 -0.5153
vn -0.0000 -0.7094 -0.7048
vn -0.1592 -0.8570 -0.4901
vn -0.2178 -0.7094 -0.6703
vn -0.3029 -0.8570 -0.4169
vn -0.4143 -0.7094 -0.5702
vn -0.4169 -0.8570 -0.3029
vn -0.5702 -0.7094 -0.4143
vn -0.4901 -0.8570 -0.1592
vn -0.6703 -0.7094 -0.2178
vn -0.5153 -0.8570 -0.0000
vn -0.7048 -0.7094 -0.0000
vn -0.4901 -0.8570 0.1592
vn -0.6703 -0.7094 0.2178
vn -0.4169 -0.8570 0.3029
vn -0.5702 -0.7094 0.4143
vn -0.3029 -0.8570 0.4169
vn -0.4143 -0.7094 0.5702
vn -0.1592 -0.8570 0.4901
vn -0.2178 -0.7094 0.6703
vn -0.0000 -0.8570 0.5153
vn -0.0000 -0.7094 0.7048
vn 0.1592 -0.8570 0.4901
vn 0.2178 -0.7094 0.6703
vn 0.3029 -0.8570 0.4169
vn 0.4143 -0.7094 0.5702
vn 0.4169 -0.8570 0.3029
vn 0.5702 -0.7094 0.4143
vn 0.4901 -0.8570 0.1592
vn 0.6703 -0.7094 0.2178
vn 0.5153 -0.8570 -0.0000
vn 0.7048 -0.7094 -0.0000
vn 0.6865 -0.5291 -0.4988
vn 0.8071 -0.5291 -0.2622
vn 0.4988 -0.5291 -0.6865
vn 0.2622 -0.5291 -0.8071
vn -0.0000 -0.5291 -0.8486
vn -0.2622 -0.5291 -0.8071
vn -0.4988 -0.5291 -0.6865
vn -0.6865 -0.5291 -0.4988
vn -0.8070 -0.5291 -0.2622
vn -0.8486 -0.5291 -0.0000
vn -0.8071 -0.5291 0.2622
vn -0.8486 -0.5291 0.0001
vn -0.6865 -0.5291 0.4988
vn -0.4988 -0.5291 0.6865
vn -0.2622 -0.5291 0.8071
vn -0.0000 -0.5291 0.8486
vn 0.2622 -0.5291 0.8070
vn 0.4988 -0.5291 0.6865
vn 0.6865 -0.5291 0.4988
vn 0.8071 -0.5291 0.2622
vn 0.8486 -0.5291 -0.0000
vn 0.7966 -0.1742 -0.5788
vn 0.9365 -0.1742 -0.3043
vn 0.5788 -0.1742 -0.7967
vn 0.3043 -0.1742 -0.9365
vn -0.0000 -0.1742 -0.9847
vn -0.3043 -0.1742 -0.9365
vn -0.5788 -0.1742 -0.7966
vn -0.7967 -0.1742 -0.5788
vn -0.9365 -0.1742 -0.3043
vn -0.9847 -0.1742 -0.0000
vn -0.9365 -0.1742 0.3043
vn -0.7967 -0.1742 0.5788
vn -0.5788 -0.1742 0.7967
vn -0.3043 -0.1742 0.9365
vn -0.0000 -0.1742 0.9847
vn 0.3043 -0.1742 0.9365
vn 0.5788 -0.1742 0.7966
vn 0.7967 -0.1742 0.5788
vn 0.9365 -0.1742 0.3043
vn 0.9847 -0.1742 -0.0000
vn 0.7869 0.2323 -0.5717
vn 0.9250 0.2323 -0.3006
vn 0.5717 0.2322 -0.7869
vn 0.3006 0.2322 -0.9251
vn -0.0000 0.2322 -0.9727
vn -0.3006 0.2323 -0.9250
vn -0.5717 0.2323 -0.7869
vn -0.7869 0.2323 -0.5717
vn -0.9250 0.2323 -0.3006
vn -0.9727 0.2323 -0.0000
vn -0.9250 0.2323 0.3006
vn -0.9727 0.2322 -0.0000
vn -0.7869 0.2323 0.5717
vn -0.5717 0.2323 0.7869
vn -0.3006 0.2322 0.9251
vn -0.0000 0.2323 0.9727
vn 0.3006 0.2323 0.9250
vn 0.5717 0.2323 0.7869
vn 0.7869 0.2323 0.5717
vn 0.9251 0.2322 0.3006
vn 0.9727 0.2322 -0.0000
vn 0.7588 0.3468 -0.5513
vn 0.8920 0.3468 -0.2898
vn 0.5513 0.3468 -0.7588
vn 0.2898 0.3468 -0.8920
vn -0.0000 0.3468 -0.9379
vn -0.2898 0.3468 -0.8920
vn -0.5513 0.3468 -0.7588
vn -0.7588 0.3468 -0.5513
vn -0.8920 0.3468 -0.2898
vn -0.9379 0.3468 -0.0000
vn -0.8920 0.3468 0.2898
vn -0.7588 0.3468 0.5513
vn -0.5513 0.3468 0.7588
vn -0.2898 0.3468 0.8920
vn -0.0000 0.3468 0.9379
vn 0.2898 0.3468 0.8920
vn 0.5513 0.3468 0.7588
vn 0.7588 0.3468 0.5513
vn 0.8920 0.3468 0.2898
vn 0.9379 0.3468 -0.0000
vn 0.6975 0.5067 -0.5068
vn 0.8199 0.5067 -0.2664
vn 0.5067 0.5067 -0.6975
vn 0.2664 0.5067 -0.8199
vn -0.0000 0.5067 -0.8621
vn -0.2664 0.5067 -0.8199
vn -0.5068 0.5067 -0.6975
vn -0.6975 0.5067 -0.5068
vn -0.8199 0.5067 -0.2664
vn -0.8621 0.5067 -0.0000
vn -0.8199 0.5067 0.2664
vn -0.6975 0.5067 0.5067
vn -0.5067 0.5067 0.6975
vn -0.2664 0.5067 0.8199
vn -0.0000 0.5067 0.8621
vn 0.2664 0.5067 0.8199
vn 0.5068 0.5067 0.6975
vn 0.6975 0.5067 0.5067
vn 0.8199 0.5067 0.2664
vn 0.8621 0.5067 -0.0000
vn 0.5648 0.7160 -0.4104
vn 0.6640 0.7160 -0.2157
vn 0.4104 0.7160 -0.5648
vn 0.2157 0.7160 -0.6640
vn -0.0000 0.7160 -0.6981
vn -0.2157 0.7160 -0.6640
vn -0.4104 0.7160 -0.5648
vn -0.5648 0.7160 -0.4104
vn -0.6640 0.7160 -0.2157
vn -0.6981 0.7160 -0.0000
vn -0.6640 0.7160 0.2157
vn -0.5648 0.7160 0.4104
vn -0.4104 0.7160 0.5648
vn -0.2157 0.7160 0.6640
vn -0.0000 0.7160 0.6981
vn 0.2157 0.7160 0.6640
vn 0.4104 0.7160 0.5648
vn 0.5648 0.7160 0.4104
vn 0.6640 0.7160 0.2157
vn 0.6981 0.7160 -0.0000
vn 0.3622 0.8942 -0.2632
vn 0.4258 0.8942 -0.1384
vn 0.2632 0.8942 -0.3622
vn 0.1384 0.8942 -0.4258
vn -0.0000 0.8942 -0.4477
vn -0.1384 0.8942 -0.4258
vn -0.2632 0.8942 -0.3622
vn -0.3622 0.8942 -0.2632
vn -0.4258 0.8942 -0.1384
vn -0.4477 0.8942 -0.0000
vn -0.4258 0.8942 0.1384
vn -0.3622 0.8942 0.2632
vn -0.2632 0.8942 0.3622
vn -0.1384 0.8942 0.4258
vn -0.0000 0.8942 0.4477
vn 0.1384 0.8942 0.4258
vn 0.2632 0.8942 0.3622
vn 0.3622 0.8942 0.2632
vn 0.4258 0.8942 0.1384
vn 0.4477 0.8942 -0.0000
vn 0.8175 0.1378 -0.5592
vn 0.4715 0.1536 -0.8684
vn 0.4652 0.2675 -0.8439
vn 0.7990 0.2580 -0.5432
vn 0.2935 0.1563 -0.9431
vn 0.2839 0.2671 -0.9209
vn 0.2935 0.1563 0.9431
vn 0.4511 0.1537 0.8791
vn 0.4442 0.2676 0.8550
vn 0.2839 0.2671 0.9209
vn 0.8169 0.1381 0.5601
vn 0.7986 0.2592 0.5431
vn 0.9915 0.1293 0.0122
vn 0.9664 0.2567 0.0114
vn 0.4009 0.5076 -0.7626
vn 0.6946 0.5297 -0.4868
vn 0.2439 0.4929 -0.8352
vn 0.3829 0.5074 0.7720
vn 0.2438 0.4929 0.8352
vn 0.6926 0.5335 0.4855
vn 0.8348 0.5505 0.0087
vn 0.2958 0.7297 -0.6165
vn 0.5123 0.7697 -0.3810
vn 0.1775 0.7071 -0.6845
vn 0.2839 0.7321 0.6192
vn 0.1775 0.7071 0.6844
vn 0.5070 0.7742 0.3789
vn 0.6037 0.7972 0.0046
vn 0.1966 0.8820 -0.4284
vn 0.3407 0.9042 -0.2574
vn 0.1115 0.8684 -0.4831
vn 0.1921 0.8832 0.4278
vn 0.1115 0.8684 0.4831
vn 0.3379 0.9071 0.2509
vn 0.3946 0.9188 0.0014
vn 0.8190 0.4681 0.3319
vn 0.7583 0.5104 0.4055
vn 0.8743 0.3991 0.2764
vn 0.9187 0.3103 0.2444
vn 0.9480 0.2102 0.2390
vn 0.9592 0.1088 0.2609
vn 0.9513 0.0159 0.3078
vn 0.9250 -0.0594 0.3752
vn 0.8830 -0.1096 0.4564
vn 0.8293 -0.1300 0.5435
vn 0.7691 -0.1184 0.6280
vn 0.7084 -0.0761 0.7017
vn 0.6532 -0.0071 0.7572
vn 0.6088 0.0818 0.7891
vn 0.5794 0.1818 0.7945
vn 0.5682 0.2832 0.7726
vn 0.5761 0.3761 0.7257
vn 0.6024 0.4514 0.6583
vn 0.6444 0.5016 0.5771
vn 0.6982 0.5220 0.4900
vn 0.7928 0.5674 0.2227
vn 0.7071 0.6271 0.3266
vn 0.8707 0.4701 0.1444
vn 0.9335 0.3447 0.0992
vn 0.9748 0.2035 0.0917
vn 0.9906 0.0604 0.1226
vn 0.9795 -0.0707 0.1888
vn 0.9424 -0.1769 0.2839
vn 0.8831 -0.2478 0.3985
vn 0.8072 -0.2766 0.5214
vn 0.7224 -0.2603 0.6407
vn 0.6367 -0.2006 0.7446
vn 0.5588 -0.1032 0.8229
vn 0.4960 0.0222 0.8680
vn 0.4547 0.1634 0.8755
vn 0.4389 0.3065 0.8447
vn 0.4500 0.4376 0.7785
vn 0.4871 0.5438 0.6834
vn 0.5464 0.6147 0.5688
vn 0.6223 0.6434 0.4458
vn 0.7477 0.6555 0.1063
vn 0.6386 0.7316 0.2386
vn 0.8470 0.5315 0.0065
vn 0.9269 0.3718 -0.0510
vn 0.9795 0.1920 -0.0605
vn 0.9997 0.0096 -0.0212
vn 0.9855 -0.1574 0.0631
vn 0.9383 -0.2926 0.1842
vn 0.8627 -0.3830 0.3302
vn 0.7661 -0.4196 0.4868
vn 0.6580 -0.3988 0.6387
vn 0.5489 -0.3227 0.7711
vn 0.4496 -0.1988 0.8708
vn 0.3697 -0.0390 0.9283
vn 0.3171 0.1408 0.9379
vn 0.2969 0.3231 0.8986
vn 0.3111 0.4901 0.8143
vn 0.3583 0.6254 0.6932
vn 0.4339 0.7158 0.5472
vn 0.5305 0.7524 0.3905
vn 0.6846 0.7288 -0.0134
vn 0.5545 0.8195 0.1444
vn 0.8031 0.5809 -0.1325
vn 0.8985 0.3903 -0.2011
vn 0.9612 0.1758 -0.2124
vn 0.9853 -0.0417 -0.1656
vn 0.9684 -0.2409 -0.0649
vn 0.9121 -0.4023 0.0795
vn 0.8219 -0.5101 0.2536
vn 0.7067 -0.5537 0.4405
vn 0.5777 -0.5290 0.6217
vn 0.4476 -0.4382 0.7795
vn 0.3291 -0.2903 0.8986
vn 0.2337 -0.0998 0.9672
vn 0.1710 0.1148 0.9786
vn 0.1469 0.3323 0.9317
vn 0.1638 0.5315 0.8311
vn 0.2201 0.6929 0.6866
vn 0.3103 0.8007 0.5125
vn 0.4255 0.8443 0.3256
vn 0.6051 0.7849 -0.1332
vn 0.4570 0.8882 0.0465
vn 0.7401 0.6165 -0.2687
vn 0.8485 0.3996 -0.3468
vn 0.9200 0.1554 -0.3597
vn 0.9474 -0.0922 -0.3064
vn 0.9281 -0.3190 -0.1919
vn 0.8640 -0.5027 -0.0274
vn 0.7614 -0.6254 0.1708
vn 0.6302 -0.6751 0.3835
vn 0.4834 -0.6469 0.5898
vn 0.3352 -0.5435 0.7695
vn 0.2003 -0.3752 0.9050
vn 0.0918 -0.1583 0.9831
vn 0.0204 0.0859 0.9961
vn -0.0070 0.3335 0.9427
vn 0.0122 0.5603 0.8282
vn 0.0764 0.7440 0.6638
vn 0.1790 0.8668 0.4655
vn 0.3102 0.9165 0.2528
vn 0.5111 0.8224 -0.2499
vn 0.3485 0.9358 -0.0527
vn 0.6592 0.6375 -0.3987
vn 0.7783 0.3994 -0.4844
vn 0.8568 0.1313 -0.4987
vn 0.8869 -0.1406 -0.4401
vn 0.8657 -0.3895 -0.3144
vn 0.7953 -0.5912 -0.1338
vn 0.6826 -0.7260 0.0838
vn 0.5386 -0.7805 0.3173
vn 0.3774 -0.7495 0.5438
vn 0.2148 -0.6361 0.7411
vn 0.0667 -0.4512 0.8899
vn -0.0525 -0.2131 0.9756
vn -0.1309 0.0550 0.9899
vn -0.1610 0.3268 0.9313
vn -0.1398 0.5758 0.8055
vn -0.0694 0.7775 0.6250
vn 0.0433 0.9123 0.4073
vn 0.1873 0.9668 0.1738
vn 0.4048 0.8402 -0.3608
vn 0.2315 0.9611 -0.1506
vn 0.5626 0.6433 -0.5193
vn 0.6894 0.3896 -0.6106
vn 0.7730 0.1040 -0.6258
vn 0.8051 -0.1856 -0.5633
vn 0.7826 -0.4508 -0.4294
vn 0.7075 -0.6657 -0.2371
vn 0.5875 -0.8092 -0.0052
vn 0.4341 -0.8673 0.2436
vn 0.2623 -0.8343 0.4848
vn 0.0891 -0.7135 0.6950
vn -0.0687 -0.5166 0.8535
vn -0.1956 -0.2629 0.9448
vn -0.2792 0.0227 0.9600
vn -0.3112 0.3123 0.8975
vn -0.2887 0.5776 0.7636
vn -0.2136 0.7924 0.5713
vn -0.0936 0.9360 0.3394
vn 0.0598 0.9941 0.0906
vn 0.3503 0.8417 -0.4110
vn 0.1734 0.9651 -0.1964
vn 0.5114 0.6406 -0.5728
vn 0.6409 0.3816 -0.6660
vn 0.7262 0.0900 -0.6815
vn 0.7590 -0.2056 -0.6178
vn 0.7359 -0.4764 -0.4811
vn 0.6594 -0.6958 -0.2847
vn 0.5368 -0.8424 -0.0479
vn 0.3802 -0.9017 0.2060
vn 0.2048 -0.8680 0.4524
vn 0.0280 -0.7446 0.6669
vn -0.1331 -0.5436 0.8288
vn -0.2627 -0.2845 0.9220
vn -0.3480 0.0070 0.9375
vn -0.3807 0.3027 0.8737
vn -0.3577 0.5735 0.7370
vn -0.2812 0.7929 0.5406
vn -0.1586 0.9394 0.3039
vn -0.0019 0.9988 0.0499
vn 0.6612 0.4314 -0.6137
vn 0.6993 0.4801 -0.5296
vn 0.6370 0.3573 -0.6831
vn 0.6290 0.2649 -0.7309
vn 0.6381 0.1632 -0.7524
vn 0.6635 0.0622 -0.7456
vn 0.7025 -0.0283 -0.7111
vn 0.7514 -0.0993 -0.6523
vn 0.8054 -0.1439 -0.5749
vn 0.8593 -0.1578 -0.4866
vn 0.9076 -0.1395 -0.3959
vn 0.9458 -0.0909 -0.3118
vn 0.9700 -0.0168 -0.2424
vn 0.9780 0.0756 -0.1947
vn 0.9688 0.1774 -0.1732
vn 0.9435 0.2784 -0.1799
vn 0.9044 0.3688 -0.2144
vn 0.8555 0.4398 -0.2733
vn 0.8015 0.4844 -0.3506
vn 0.7477 0.4983 -0.4390
vn 0.5511 0.5280 -0.6461
vn 0.6050 0.5965 -0.5274
vn 0.5169 0.4234 -0.7440
vn 0.5058 0.2929 -0.8114
vn 0.5187 0.1494 -0.8418
vn 0.5544 0.0068 -0.8322
vn 0.6095 -0.1208 -0.7835
vn 0.6785 -0.2210 -0.7006
vn 0.7547 -0.2840 -0.5914
vn 0.8307 -0.3035 -0.4667
vn 0.8989 -0.2778 -0.3388
vn 0.9528 -0.2093 -0.2201
vn 0.9870 -0.1046 -0.1222
vn 0.9982 0.0258 -0.0548
vn 0.9853 0.1693 -0.0244
vn 0.9495 0.3119 -0.0340
vn 0.8944 0.4395 -0.0827
vn 0.8254 0.5397 -0.1657
vn 0.7492 0.6027 -0.2748
vn 0.6732 0.6222 -0.3995
vn 0.4262 0.6141 -0.6642
vn 0.4948 0.7014 -0.5130
vn 0.3827 0.4808 -0.7889
vn 0.3684 0.3147 -0.8748
vn 0.3849 0.1318 -0.9135
vn 0.4304 -0.0498 -0.9013
vn 0.5006 -0.2123 -0.8393
vn 0.5885 -0.3400 -0.7335
vn 0.6856 -0.4202 -0.5945
vn 0.7823 -0.4451 -0.4357
vn 0.8693 -0.4123 -0.2727
vn 0.9379 -0.3250 -0.1215
vn 0.9814 -0.1918 0.0032
vn 0.9957 -0.0256 0.0891
vn 0.9792 0.1573 0.1278
vn 0.9337 0.3389 0.1156
vn 0.8635 0.5014 0.0536
vn 0.7756 0.6291 -0.0521
vn 0.6785 0.7093 -0.1912
vn 0.5818 0.7342 -0.3500
vn 0.2904 0.6864 -0.6668
vn 0.3723 0.7905 -0.4864
vn 0.2384 0.5274 -0.8155
vn 0.2214 0.3291 -0.9179
vn 0.2411 0.1110 -0.9641
vn 0.2954 -0.1056 -0.9495
vn 0.3791 -0.2995 -0.8756
vn 0.4840 -0.4518 -0.7495
vn 0.5998 -0.5475 -0.5836
vn 0.7152 -0.5772 -0.3941
vn 0.8189 -0.5381 -0.1997
vn 0.9007 -0.4339 -0.0193
vn 0.9527 -0.2750 0.1294
vn 0.9697 -0.0767 0.2319
vn 0.9501 0.1414 0.2780
vn 0.8958 0.3580 0.2635
vn 0.8121 0.5519 0.1895
vn 0.7072 0.7042 0.0634
vn 0.5914 0.7999 -0.1025
vn 0.4760 0.8296 -0.2919
vn 0.1473 0.7425 -0.6535
vn 0.2405 0.8610 -0.4481
vn 0.0881 0.5615 -0.8228
vn 0.0688 0.3358 -0.9394
vn 0.0911 0.0876 -0.9920
vn 0.1529 -0.1590 -0.9754
vn 0.2482 -0.3798 -0.8911
vn 0.3677 -0.5531 -0.7476
vn 0.4995 -0.6621 -0.5587
vn 0.6309 -0.6959 -0.3431
vn 0.7489 -0.6514 -0.1217
vn 0.8421 -0.5328 0.0836
vn 0.9012 -0.3519 0.2529
vn 0.9206 -0.1262 0.3696
vn 0.8983 0.1221 0.4222
vn 0.8364 0.3687 0.4055
vn 0.7411 0.5895 0.3213
vn 0.6217 0.7628 0.1778
vn 0.4899 0.8717 -0.0111
vn 0.3585 0.9056 -0.2267
vn 0.0004 0.7810 -0.6245
vn 0.1027 0.9111 -0.3991
vn -0.0645 0.5823 -0.8104
vn -0.0857 0.3345 -0.9385
vn -0.0612 0.0620 -0.9962
vn 0.0066 -0.2088 -0.9779
vn 0.1112 -0.4512 -0.8855
vn 0.2424 -0.6414 -0.7279
vn 0.3871 -0.7610 -0.5205
vn 0.5314 -0.7982 -0.2838
vn 0.6609 -0.7493 -0.0408
vn 0.7633 -0.6191 0.1847
vn 0.8282 -0.4205 0.3705
vn 0.8494 -0.1727 0.4986
vn 0.8249 0.0999 0.5564
vn 0.7570 0.3706 0.5381
vn 0.6524 0.6130 0.4456
vn 0.5213 0.8033 0.2880
vn 0.3765 0.9229 0.0807
vn 0.2323 0.9600 -0.1561
vn -0.1465 0.8008 -0.5807
vn -0.0375 0.9395 -0.3405
vn -0.2157 0.5892 -0.7787
vn -0.2383 0.3252 -0.9151
vn -0.2122 0.0349 -0.9766
vn -0.1399 -0.2536 -0.9571
vn -0.0285 -0.5118 -0.8587
vn 0.1112 -0.7145 -0.6907
vn 0.2654 -0.8419 -0.4699
vn 0.4191 -0.8815 -0.2177
vn 0.5571 -0.8294 0.0412
vn 0.6661 -0.6907 0.2814
vn 0.7353 -0.4791 0.4794
vn 0.7579 -0.2151 0.6158
vn 0.7318 0.0753 0.6773
vn 0.6595 0.3637 0.6579
vn 0.5481 0.6219 0.5593
vn 0.4084 0.8246 0.3915
vn 0.2542 0.9520 0.1706
vn 0.1005 0.9916 -0.0816
vn -0.2159 0.8036 -0.5547
vn -0.1046 0.9451 -0.3094
vn -0.2865 0.5875 -0.7568
vn -0.3096 0.3180 -0.8961
vn -0.2830 0.0215 -0.9589
vn -0.2091 -0.2729 -0.9390
vn -0.0953 -0.5365 -0.8385
vn 0.0472 -0.7435 -0.6671
vn 0.2047 -0.8736 -0.4416
vn 0.3616 -0.9140 -0.1841
vn 0.5026 -0.8608 0.0802
vn 0.6138 -0.7193 0.3255
vn 0.6844 -0.5032 0.5276
vn 0.7075 -0.2337 0.6669
vn 0.6809 0.0628 0.7297
vn 0.6070 0.3572 0.7098
vn 0.4933 0.6209 0.6093
vn 0.3507 0.8278 0.4379
vn 0.1932 0.9579 0.2124
vn 0.0363 0.9983 -0.0451
vn -0.2409 0.7056 0.6664
vn -0.1728 0.6982 0.6948
vn -0.2960 0.0031 0.9552
vn -0.3663 -0.0019 0.9305
vn -0.2000 -0.7019 0.6836
vn -0.2618 -0.7079 0.6560
vn 0.0797 -0.9959 0.0421
vn 0.0277 -0.9995 0.0180
vn 0.2854 -0.9556 0.0728
vn 0.3397 -0.7242 -0.6002
vn 0.4521 0.0556 -0.8902
vn 0.4129 0.7497 -0.5171
vn 0.3147 0.7056 -0.6349
vn 0.1338 0.9871 0.0880
vn 0.0414 0.9990 0.0177
vn -0.1399 0.6845 0.7154
vn -0.2279 -0.0058 0.9737
vn -0.1229 -0.6891 0.7142
vn 0.1446 -0.9876 0.0617
vn 0.4307 -0.6891 -0.5828
vn 0.5456 -0.0058 -0.8380
vn 0.4199 0.6846 -0.5959
vn 0.1231 0.9910 0.0526
vn 0.0297 0.0058 0.9995
vn 0.0953 0.6157 0.7822
vn 0.1003 -0.6044 0.7904
vn 0.3428 -0.9280 0.1463
vn 0.6402 -0.6044 -0.4743
vn 0.7424 0.0058 -0.6699
vn 0.6308 0.6157 -0.4723
vn 0.3435 0.9276 0.1466
vn 0.0436 0.7106 0.7022
vn 0.2191 0.7654 0.6051
vn 0.9293 0.2917 0.2265
vn 0.0747 0.0584 0.9955
vn 0.2854 -0.9557 0.0727
vn 0.0796 -0.7294 0.6795
vn 0.1068 -0.9943 -0.0012
vn 0.0501 -0.9987 -0.0006
vn 0.2921 -0.9538 -0.0705
vn 0.0776 -0.7253 -0.6841
vn 0.9161 0.3005 -0.2656
vn 0.0663 0.0616 -0.9959
vn 0.2024 0.7527 -0.6265
vn 0.0390 0.7057 -0.7075
vn 0.1945 0.9809 -0.0017
vn 0.0437 0.9990 -0.0000
vn 0.1522 0.6846 0.7129
vn 0.1727 -0.0058 0.9850
vn 0.1674 -0.6891 0.7051
vn 0.1572 -0.9876 -0.0000
vn 0.1673 -0.6891 -0.7051
vn 0.1727 -0.0058 -0.9850
vn 0.1522 0.6846 -0.7129
vn 0.1338 0.9910 -0.0000
vn 0.4198 0.0058 0.9076
vn 0.3947 0.6157 0.6820
vn 0.4025 -0.6044 0.6875
vn 0.3727 -0.9280 -0.0000
vn 0.4026 -0.6044 -0.6875
vn 0.4198 0.0058 -0.9076
vn 0.3948 0.6157 -0.6820
vn 0.3735 0.9276 -0.0000
vn 0.3180 0.7100 0.6283
vn 0.4232 0.7581 0.4961
vn 0.9161 0.3006 -0.2655
vn 0.4644 0.0592 0.8837
vn 0.2922 -0.9538 -0.0706
vn 0.3440 -0.7285 0.5924
vn 0.0801 -0.9958 -0.0434
vn 0.0282 -0.9994 -0.0187
vn -0.1995 -0.7019 -0.6838
vn -0.2609 -0.7079 -0.6563
vn -0.2953 0.0031 -0.9554
vn -0.3651 -0.0019 -0.9310
vn -0.1723 0.6982 -0.6949
vn -0.2400 0.7056 -0.6667
vn 0.1366 0.9868 -0.0869
vn 0.0414 0.9990 -0.0176
vn 0.4191 0.6846 0.5964
vn 0.5445 -0.0058 0.8388
vn 0.4300 -0.6891 0.5833
vn 0.1447 -0.9876 -0.0615
vn -0.1220 -0.6891 -0.7143
vn -0.2266 -0.0058 -0.9740
vn -0.1390 0.6846 -0.7156
vn 0.1232 0.9910 -0.0524
vn 0.7415 0.0058 0.6709
vn 0.6302 0.6157 0.4731
vn 0.6395 -0.6044 0.4751
vn 0.3430 -0.9280 -0.1459
vn 0.1013 -0.6044 -0.7902
vn 0.0310 0.0058 -0.9995
vn 0.0963 0.6157 -0.7821
vn 0.3437 0.9276 -0.1462
vn -0.1258 0.6675 0.7339
vn -0.1983 -0.0000 0.9801
vn -0.2960 0.0032 0.9552
vn -0.1303 -0.6933 0.7088
vn 0.0210 -0.9923 0.1221
vn 0.0532 -0.9985 0.0118
vn 0.0307 0.9847 0.1714
vn 0.0481 -0.9988 -0.0006
vn 0.1069 -0.9943 -0.0012
vn 0.0535 -0.9985 -0.0121
vn 0.2921 -0.9538 -0.0706
vn 0.0850 0.9964 -0.0014
vn 0.0210 -0.9924 -0.1214
vn -0.1318 -0.6932 -0.7086
vn -0.2007 -0.0000 -0.9797
vn -0.2952 0.0031 -0.9554
vn -0.1273 0.6676 -0.7336
vn -0.1722 0.6982 -0.6949
vn 0.0332 0.9855 -0.1662
vn -0.1866 0.5883 0.7868
vn -0.2441 -0.0000 0.9697
vn -0.1844 -0.6142 0.7673
vn -0.0359 -0.9833 0.1784
vn -0.0444 0.9742 0.2211
vn -0.0359 -0.9836 -0.1770
vn -0.1859 -0.6141 -0.7670
vn -0.2462 -0.0000 -0.9692
vn -0.1881 0.5882 -0.7865
vn -0.0432 0.9760 -0.2135
vn -0.3274 0.5089 0.7962
vn -0.3770 -0.0004 0.9262
vn -0.3262 -0.5350 0.7793
vn -0.1396 -0.9691 0.2035
vn -0.0812 -0.9967 -0.0000
vn -0.0809 0.9967 -0.0000
vn -0.1562 0.9525 0.2616
vn -0.0814 -0.9967 -0.0000
vn -0.0814 0.9967 -0.0000
vn -0.1390 -0.9694 -0.2021
vn -0.3261 -0.5353 -0.7792
vn -0.3770 -0.0004 -0.9262
vn -0.3271 0.5091 -0.7961
vn -0.1532 0.9553 -0.2529
vn -0.5061 0.4211 0.7527
vn -0.5296 0.0004 0.8482
vn -0.5087 -0.4451 0.7370
vn -0.3468 -0.9147 0.2077
vn -0.2750 -0.9614 0.0040
vn -0.2744 0.9616 0.0040
vn -0.3650 0.8926 0.2647
vn -0.2741 -0.9617 -0.0000
vn -0.2750 -0.9614 -0.0040
vn -0.2751 0.9614 -0.0041
vn -0.2741 0.9617 0.0002
vn -0.3462 -0.9152 -0.2063
vn -0.5087 -0.4453 -0.7368
vn -0.5298 0.0005 -0.8481
vn -0.5062 0.4214 -0.7525
vn -0.3616 0.8965 -0.2560
vn -0.7517 0.2653 0.6038
vn -0.7560 0.0014 0.6546
vn -0.7576 -0.2807 0.5893
vn -0.7290 -0.6511 0.2112
vn -0.7047 -0.7076 0.0523
vn -0.7115 0.7007 0.0537
vn -0.7374 0.6315 0.2399
vn -0.7083 -0.7059 -0.0001
vn -0.7048 -0.7075 -0.0517
vn -0.7138 0.6983 -0.0535
vn -0.7165 0.6976 0.0012
vn -0.7299 -0.6507 -0.2093
vn -0.7574 -0.2808 -0.5894
vn -0.7566 0.0023 -0.6539
vn -0.7512 0.2654 -0.6044
vn -0.7352 0.6365 -0.2332
vn -1.0000 0.0007 0.0008
vn -0.9931 0.0004 -0.1169
vn -0.9930 0.0011 0.1183
vn -0.9396 0.0020 0.3423
vn -0.9407 0.0038 -0.3393
vn -0.2409 0.7056 -0.6664
vn -0.3663 -0.0019 -0.9305
vn -0.2960 0.0031 -0.9552
vn -0.1728 0.6982 -0.6947
vn -0.2618 -0.7079 -0.6560
vn -0.2000 -0.7019 -0.6836
vn 0.0277 -0.9995 -0.0180
vn 0.0797 -0.9959 -0.0421
vn 0.3397 -0.7242 0.6002
vn 0.2854 -0.9557 -0.0727
vn 0.4521 0.0556 0.8902
vn 0.3147 0.7056 0.6349
vn 0.4129 0.7497 0.5171
vn 0.0414 0.9990 -0.0177
vn 0.1338 0.9871 -0.0880
vn -0.1399 0.6846 -0.7154
vn -0.2279 -0.0058 -0.9737
vn -0.1230 -0.6891 -0.7142
vn 0.1446 -0.9876 -0.0617
vn 0.4307 -0.6891 0.5828
vn 0.5456 -0.0058 0.8380
vn 0.4199 0.6846 0.5959
vn 0.1231 0.9910 -0.0526
vn 0.0953 0.6157 -0.7822
vn 0.0297 0.0058 -0.9995
vn 0.1003 -0.6044 -0.7904
vn 0.3428 -0.9280 -0.1463
vn 0.6402 -0.6044 0.4743
vn 0.7424 0.0058 0.6699
vn 0.6308 0.6157 0.4723
vn 0.3435 0.9276 -0.1466
vn 0.0436 0.7107 -0.7022
vn 0.0747 0.0584 -0.9955
vn 0.2191 0.7654 -0.6051
vn 0.0796 -0.7294 -0.6794
vn 0.2854 -0.9556 -0.0727
vn 0.0501 -0.9987 0.0006
vn 0.1068 -0.9943 0.0012
vn 0.0776 -0.7253 0.6841
vn 0.2921 -0.9538 0.0705
vn 0.0663 0.0616 0.9959
vn 0.9160 0.3006 0.2656
vn 0.0390 0.7057 0.7075
vn 0.2024 0.7527 0.6265
vn 0.1945 0.9809 0.0017
vn 0.1674 -0.6891 -0.7051
vn 0.1673 -0.6891 0.7051
vn 0.3947 0.6157 -0.6820
vn 0.4025 -0.6044 -0.6875
vn 0.4026 -0.6044 0.6875
vn 0.3948 0.6157 0.6820
vn 0.3180 0.7100 -0.6283
vn 0.4644 0.0592 -0.8837
vn 0.9161 0.3006 0.2655
vn 0.4232 0.7581 -0.4961
vn 0.3440 -0.7285 -0.5924
vn 0.2921 -0.9538 0.0706
vn 0.0282 -0.9994 0.0187
vn 0.0801 -0.9958 0.0434
vn -0.2609 -0.7079 0.6563
vn -0.1995 -0.7019 0.6838
vn -0.3651 -0.0019 0.9310
vn -0.2953 0.0031 0.9554
vn -0.2400 0.7056 0.6667
vn -0.1723 0.6982 0.6949
vn 0.0414 0.9990 0.0176
vn 0.1366 0.9868 0.0869
vn 0.4191 0.6846 -0.5964
vn 0.5445 -0.0058 -0.8388
vn 0.4300 -0.6891 -0.5833
vn 0.1447 -0.9876 0.0615
vn -0.1220 -0.6891 0.7143
vn -0.2266 -0.0058 0.9740
vn -0.1390 0.6846 0.7156
vn 0.1232 0.9910 0.0524
vn 0.6302 0.6157 -0.4731
vn 0.7416 0.0058 -0.6709
vn 0.6395 -0.6044 -0.4751
vn 0.3430 -0.9280 0.1459
vn 0.1013 -0.6044 0.7902
vn 0.0310 0.0058 0.9995
vn 0.0963 0.6157 0.7821
vn 0.3437 0.9276 0.1462
vn -0.1728 0.6982 -0.6948
vn -0.2960 0.0032 -0.9552
vn -0.1983 -0.0000 -0.9801
vn -0.1258 0.6675 -0.7339
vn -0.1303 -0.6933 -0.7088
vn 0.0210 -0.9923 -0.1221
vn 0.0532 -0.9985 -0.0118
vn 0.0307 0.9847 -0.1714
vn 0.1069 -0.9943 0.0012
vn 0.0481 -0.9988 0.0006
vn 0.0535 -0.9985 0.0121
vn 0.0850 0.9964 0.0014
vn 0.0210 -0.9924 0.1214
vn -0.1318 -0.6932 0.7086
vn -0.2952 0.0031 0.9554
vn -0.2006 -0.0000 0.9797
vn -0.1722 0.6982 0.6949
vn -0.1273 0.6676 0.7336
vn 0.0332 0.9855 0.1662
vn -0.2441 -0.0000 -0.9697
vn -0.1866 0.5883 -0.7868
vn -0.1844 -0.6142 -0.7673
vn -0.0359 -0.9833 -0.1784
vn -0.0444 0.9742 -0.2211
vn -0.0359 -0.9836 0.1770
vn -0.1859 -0.6141 0.7670
vn -0.2462 -0.0000 0.9692
vn -0.1881 0.5882 0.7865
vn -0.0432 0.9760 0.2135
vn -0.3271 0.5089 -0.7963
vn -0.3262 -0.5350 -0.7793
vn -0.1396 -0.9691 -0.2035
vn -0.1562 0.9525 -0.2616
vn -0.1390 -0.9694 0.2021
vn -0.3261 -0.5353 0.7792
vn -0.3271 0.5091 0.7961
vn -0.1532 0.9553 0.2529
vn -0.5296 0.0004 -0.8482
vn -0.5061 0.4211 -0.7527
vn -0.5087 -0.4451 -0.7370
vn -0.3468 -0.9147 -0.2077
vn -0.3650 0.8926 -0.2647
vn -0.2744 0.9616 -0.0040
vn -0.2741 0.9617 -0.0002
vn -0.2751 0.9614 0.0041
vn -0.3462 -0.9152 0.2063
vn -0.5087 -0.4453 0.7368
vn -0.5298 0.0005 0.8481
vn -0.5062 0.4214 0.7525
vn -0.3616 0.8965 0.2560
vn -0.7560 0.0014 -0.6546
vn -0.7517 0.2653 -0.6038
vn -0.7576 -0.2807 -0.5893
vn -0.7290 -0.6511 -0.2113
vn -0.7047 -0.7076 -0.0523
vn -0.7374 0.6315 -0.2399
vn -0.7115 0.7007 -0.0538
vn -0.7083 -0.7059 0.0001
vn -0.7048 -0.7075 0.0517
vn -0.7165 0.6976 -0.0012
vn -0.7138 0.6983 0.0535
vn -0.7299 -0.6507 0.2093
vn -0.7574 -0.2808 0.5894
vn -0.7566 0.0023 0.6539
vn -0.7512 0.2654 0.6044
vn -0.7352 0.6365 0.2332
vn -0.9931 0.0004 0.1169
vn -1.0000 0.0007 -0.0008
vn -0.9930 0.0011 -0.1183
vn -0.9396 0.0020 -0.3423
vn -0.9407 0.0038 0.3393
vt 0.961029 0.533225
vt 0.921022 0.549391
vt 0.944857 0.581210
vt 0.877042 0.446483
vt 0.835125 0.453970
vt 0.860583 0.477777
vt 0.775620 0.895738
vt 0.782426 0.889747
vt 0.807764 0.901873
vt 0.794679 0.883327
vt 0.807824 0.881165
vt 0.820934 0.883541
vt 0.833121 0.890380
vt 0.839881 0.896946
vt 0.779411 0.907517
vt 0.775332 0.901676
vt 0.840100 0.903074
vt 0.836990 0.908222
vt 0.788414 0.911958
vt 0.817154 0.913593
vt 0.807608 0.913922
vt 0.826807 0.911692
vt 0.798064 0.913977
vt 0.290725 0.063530
vt 0.285761 0.069953
vt 0.260156 0.054221
vt 0.278821 0.074862
vt 0.270532 0.078017
vt 0.261524 0.079287
vt 0.252429 0.078627
vt 0.243882 0.076066
vt 0.236530 0.071717
vt 0.231025 0.065794
vt 0.227999 0.058647
vt 0.227999 0.058647
vt 0.231025 0.065794
vt 0.236530 0.071717
vt 0.243882 0.076066
vt 0.252429 0.078627
vt 0.261524 0.079287
vt 0.270532 0.078017
vt 0.278821 0.074862
vt 0.290725 0.063530
vt 0.293111 0.055973
vt 0.559324 0.294101
vt 0.546416 0.289797
vt 0.542815 0.317015
vt 0.532084 0.291588
vt 0.558010 0.340063
vt 0.567393 0.329047
vt 0.570944 0.315860
vt 0.567980 0.303443
vt 0.671706 0.031031
vt 0.671718 0.046426
vt 0.716305 0.045829
vt 0.623124 0.047076
vt 0.518104 0.063820
vt 0.516537 0.062555
vt 0.513326 0.068135
vt 0.519204 0.065508
vt 0.519728 0.067453
vt 0.519626 0.069464
vt 0.518907 0.071346
vt 0.517641 0.072914
vt 0.515953 0.074013
vt 0.514009 0.074538
vt 0.511997 0.074435
vt 0.510115 0.073716
vt 0.508548 0.072451
vt 0.507448 0.070763
vt 0.506923 0.068818
vt 0.507026 0.066806
vt 0.507745 0.064925
vt 0.509010 0.063357
vt 0.510698 0.062258
vt 0.512643 0.061733
vt 0.514655 0.061836
vt 0.516540 0.062550
vt 0.514657 0.061830
vt 0.513326 0.068135
vt 0.518109 0.063817
vt 0.519209 0.065506
vt 0.519734 0.067453
vt 0.519631 0.069466
vt 0.518911 0.071350
vt 0.517644 0.072918
vt 0.515955 0.074019
vt 0.514008 0.074543
vt 0.511995 0.074440
vt 0.510112 0.073720
vt 0.508543 0.072454
vt 0.507443 0.070764
vt 0.506918 0.068818
vt 0.507021 0.066804
vt 0.507741 0.064921
vt 0.509008 0.063353
vt 0.510697 0.062252
vt 0.512643 0.061728
vt 0.856701 0.072385
vt 0.852513 0.080521
vt 0.861488 0.075219
vt 0.849010 0.073293
vt 0.844920 0.079500
vt 0.846495 0.084626
vt 0.850394 0.088240
vt 0.857585 0.086931
vt 0.861956 0.080705
vt 0.846495 0.084626
vt 0.849010 0.073293
vt 0.857585 0.086931
vt 0.850393 0.088240
vt 0.852513 0.080521
vt 0.850393 0.088240
vt 0.849010 0.073293
vt 0.856701 0.072385
vt 0.800748 0.416848
vt 0.777073 0.427981
vt 0.794797 0.393333
vt 0.769862 0.401842
vt 0.703277 0.328942
vt 0.741647 0.322641
vt 0.725651 0.343657
vt 0.720577 0.307902
vt 0.504555 0.887641
vt 0.523712 0.863188
vt 0.559232 0.893940
vt 0.528380 0.918401
vt 0.096118 0.913131
vt 0.078215 0.888766
vt 0.137308 0.855465
vt 0.148852 0.881452
vt 0.540297 0.832625
vt 0.585179 0.863930
vt 0.069287 0.847533
vt 0.130693 0.822165
vt 0.195490 0.791410
vt 0.213256 0.817233
vt 0.244209 0.763578
vt 0.243607 0.783648
vt 0.296171 0.738178
vt 0.296510 0.751969
vt 0.347377 0.727988
vt 0.347360 0.740642
vt 0.398940 0.735447
vt 0.399594 0.749953
vt 0.451908 0.750042
vt 0.455174 0.768783
vt 0.498222 0.774367
vt 0.487806 0.793986
vt 0.554343 0.799331
vt 0.606699 0.829359
vt 0.060488 0.800656
vt 0.124957 0.781499
vt 0.184606 0.765154
vt 0.238141 0.738139
vt 0.292658 0.719559
vt 0.347102 0.710227
vt 0.401454 0.715640
vt 0.455801 0.724893
vt 0.509864 0.744497
vt 0.565241 0.764830
vt 0.622675 0.792773
vt 0.052001 0.752663
vt 0.115669 0.739206
vt 0.175471 0.726026
vt 0.233538 0.712179
vt 0.290028 0.699363
vt 0.346658 0.690667
vt 0.403049 0.694527
vt 0.458859 0.699557
vt 0.516192 0.708760
vt 0.573662 0.730791
vt 0.633221 0.756329
vt 0.045340 0.702153
vt 0.110947 0.694401
vt 0.172442 0.685025
vt 0.231727 0.674868
vt 0.287413 0.655720
vt 0.345441 0.651455
vt 0.403524 0.649598
vt 0.457913 0.664207
vt 0.516965 0.675486
vt 0.576912 0.698812
vt 0.638496 0.720171
vt 0.109677 0.643075
vt 0.170128 0.638410
vt 0.228695 0.629897
vt 0.284892 0.616098
vt 0.344474 0.622538
vt 0.403151 0.604723
vt 0.456187 0.621284
vt 0.517799 0.642848
vt 0.578430 0.663510
vt 0.639542 0.678613
vt 0.113979 0.586775
vt 0.171196 0.586044
vt 0.226114 0.581926
vt 0.270454 0.573446
vt 0.718131 0.674178
vt 0.729788 0.670702
vt 0.716410 0.657419
vt 0.708030 0.662977
vt 0.707300 0.640639
vt 0.700212 0.650237
vt 0.412329 0.570203
vt 0.457812 0.583600
vt 0.519809 0.608407
vt 0.578793 0.628508
vt 0.635602 0.630552
vt 0.117258 0.550740
vt 0.170348 0.549255
vt 0.227868 0.541739
vt 0.283322 0.534834
vt 0.731855 0.661171
vt 0.724519 0.650152
vt 0.715405 0.640301
vt 0.398957 0.539028
vt 0.460239 0.552102
vt 0.521811 0.571851
vt 0.576059 0.583387
vt 0.629023 0.585217
vt 0.130737 0.503105
vt 0.137140 0.482639
vt 0.184591 0.486299
vt 0.180536 0.506567
vt 0.234197 0.485561
vt 0.231977 0.505416
vt 0.284955 0.483687
vt 0.284693 0.503202
vt 0.336092 0.481969
vt 0.337915 0.503085
vt 0.388123 0.479733
vt 0.391744 0.499987
vt 0.442797 0.479768
vt 0.449670 0.505249
vt 0.511410 0.489129
vt 0.513851 0.519075
vt 0.561525 0.488096
vt 0.571764 0.529691
vt 0.606558 0.476310
vt 0.624225 0.526111
vt 0.138894 0.474719
vt 0.143093 0.452394
vt 0.185196 0.457301
vt 0.184889 0.477852
vt 0.232249 0.454719
vt 0.233767 0.476632
vt 0.282189 0.450982
vt 0.284219 0.474222
vt 0.333884 0.446584
vt 0.335330 0.471620
vt 0.387105 0.446425
vt 0.387427 0.469910
vt 0.440171 0.447703
vt 0.441654 0.469883
vt 0.479206 0.442842
vt 0.501397 0.473841
vt 0.555865 0.411913
vt 0.588675 0.449674
vt 0.548511 0.467136
vt 0.523256 0.430007
vt 0.124043 0.528429
vt 0.176326 0.528965
vt 0.229589 0.523657
vt 0.283901 0.520525
vt 0.339235 0.520366
vt 0.340151 0.534494
vt 0.396427 0.524635
vt 0.456183 0.535862
vt 0.521961 0.551412
vt 0.575606 0.563994
vt 0.628530 0.561522
vt 0.862811 0.622349
vt 0.866993 0.639089
vt 0.907138 0.620766
vt 0.916730 0.494168
vt 0.887233 0.519151
vt 0.891552 0.687116
vt 0.870331 0.689867
vt 0.799981 0.478615
vt 0.729616 0.479606
vt 0.723203 0.500319
vt 0.766883 0.515786
vt 0.783165 0.524024
vt 0.184563 0.905725
vt 0.256215 0.929209
vt 0.239704 0.959923
vt 0.140494 0.937316
vt 0.366298 0.936938
vt 0.413579 0.930054
vt 0.421093 0.956600
vt 0.368827 0.963827
vt 0.460984 0.912121
vt 0.476385 0.942711
vt 0.318465 0.941316
vt 0.316170 0.965542
vt 0.210931 0.845455
vt 0.224012 0.875655
vt 0.489965 0.864743
vt 0.495457 0.825478
vt 0.274833 0.896854
vt 0.363466 0.907090
vt 0.405584 0.899749
vt 0.447279 0.884693
vt 0.320934 0.906170
vt 0.733342 0.886187
vt 0.749315 0.868987
vt 0.778235 0.851843
vt 0.808043 0.847048
vt 0.837706 0.852354
vt 0.866531 0.870413
vt 0.882472 0.889010
vt 0.740496 0.920143
vt 0.732071 0.902956
vt 0.883564 0.906331
vt 0.877023 0.921395
vt 0.760611 0.934408
vt 0.830876 0.939691
vt 0.807340 0.941582
vt 0.854011 0.933451
vt 0.783754 0.940847
vt 0.680833 0.866114
vt 0.703272 0.832944
vt 0.753099 0.799442
vt 0.808542 0.789518
vt 0.863453 0.800687
vt 0.913169 0.835060
vt 0.935429 0.870113
vt 0.935280 0.897971
vt 0.922084 0.921614
vt 0.886819 0.947557
vt 0.847296 0.960467
vt 0.807115 0.964425
vt 0.766623 0.962083
vt 0.727559 0.947833
vt 0.695215 0.919642
vt 0.680385 0.893310
vt 0.645317 0.842111
vt 0.671772 0.796737
vt 0.736823 0.754327
vt 0.808008 0.738613
vt 0.880224 0.753597
vt 0.945471 0.799151
vt 0.971795 0.847212
vt 0.968841 0.886955
vt 0.948561 0.927103
vt 0.901845 0.956589
vt 0.854056 0.971743
vt 0.806934 0.975947
vt 0.759885 0.970356
vt 0.711132 0.954898
vt 0.663559 0.917657
vt 0.646288 0.880883
vt 0.846172 0.598884
vt 0.822838 0.571008
vt 0.800172 0.542235
vt 0.784779 0.668530
vt 0.739358 0.680024
vt 0.735844 0.693456
vt 0.786172 0.690831
vt 0.777263 0.656874
vt 0.735301 0.669706
vt 0.700094 0.581674
vt 0.686028 0.630124
vt 0.699910 0.629738
vt 0.721383 0.588335
vt 0.708898 0.636174
vt 0.730771 0.598834
vt 0.751156 0.629139
vt 0.764539 0.642574
vt 0.741040 0.612939
vt 0.047200 0.643786
vt 0.058231 0.581582
vt 0.067689 0.544024
vt 0.082482 0.491015
vt 0.092790 0.469921
vt 0.073958 0.519277
vt 0.097094 0.462493
vt 0.606699 0.829359
vt 0.565241 0.764830
vt 0.622675 0.792773
vt 0.638496 0.720171
vt 0.635603 0.630552
vt 0.862811 0.622349
vt 0.891553 0.687116
vt 0.723203 0.500319
vt 0.751156 0.629139
vt 0.741040 0.612939
vt 0.110005 0.441238
vt 0.442451 0.401223
vt 0.401328 0.403214
vt 0.403605 0.378674
vt 0.447189 0.376087
vt 0.357017 0.406996
vt 0.358243 0.382909
vt 0.310797 0.409970
vt 0.311683 0.386158
vt 0.263785 0.410773
vt 0.264598 0.387080
vt 0.217062 0.409034
vt 0.217711 0.385317
vt 0.171677 0.405305
vt 0.171693 0.381411
vt 0.128651 0.401130
vt 0.127102 0.376911
vt 0.089120 0.399299
vt 0.084480 0.374732
vt 0.054789 0.404359
vt 0.044987 0.379899
vt 0.044987 0.379899
vt 0.128651 0.401130
vt 0.127102 0.376911
vt 0.171677 0.405305
vt 0.171693 0.381411
vt 0.217062 0.409034
vt 0.217710 0.385317
vt 0.263785 0.410773
vt 0.310797 0.409970
vt 0.311683 0.386158
vt 0.357017 0.406996
vt 0.358243 0.382910
vt 0.401328 0.403214
vt 0.403605 0.378674
vt 0.447189 0.376086
vt 0.478403 0.405456
vt 0.488375 0.379949
vt 0.407040 0.331373
vt 0.454244 0.325608
vt 0.359975 0.337514
vt 0.312745 0.341820
vt 0.265392 0.343181
vt 0.218109 0.341322
vt 0.171040 0.336739
vt 0.124089 0.330785
vt 0.076795 0.325969
vt 0.028751 0.327020
vt 0.076795 0.325969
vt 0.028751 0.327020
vt 0.124089 0.330786
vt 0.171041 0.336739
vt 0.218109 0.341322
vt 0.265392 0.343181
vt 0.312745 0.341820
vt 0.359975 0.337514
vt 0.407040 0.331373
vt 0.454244 0.325607
vt 0.502332 0.324096
vt 0.406493 0.295592
vt 0.454157 0.286584
vt 0.359482 0.303445
vt 0.312634 0.308634
vt 0.265786 0.310353
vt 0.218934 0.308417
vt 0.172026 0.303241
vt 0.124760 0.295887
vt 0.076265 0.288154
vt 0.024056 0.282494
vt 0.076266 0.288154
vt 0.024056 0.282494
vt 0.124760 0.295887
vt 0.172026 0.303241
vt 0.218934 0.308417
vt 0.265786 0.310353
vt 0.312634 0.308634
vt 0.359482 0.303445
vt 0.406493 0.295592
vt 0.454157 0.286584
vt 0.503472 0.278600
vt 0.403674 0.269254
vt 0.450388 0.257741
vt 0.357599 0.278355
vt 0.311695 0.284155
vt 0.265775 0.286109
vt 0.219786 0.284100
vt 0.173642 0.278470
vt 0.127053 0.270032
vt 0.079341 0.260005
vt 0.029334 0.248981
vt 0.079341 0.260005
vt 0.029334 0.248981
vt 0.127053 0.270031
vt 0.173642 0.278470
vt 0.219786 0.284100
vt 0.265775 0.286109
vt 0.311695 0.284155
vt 0.357599 0.278355
vt 0.450388 0.257741
vt 0.498527 0.244826
vt 0.391680 0.217055
vt 0.433366 0.201047
vt 0.349830 0.228535
vt 0.307662 0.235523
vt 0.265223 0.237933
vt 0.222622 0.235776
vt 0.179971 0.229212
vt 0.137370 0.218524
vt 0.095023 0.203999
vt 0.053553 0.185822
vt 0.137370 0.218524
vt 0.222622 0.235776
vt 0.307663 0.235523
vt 0.349830 0.228535
vt 0.391680 0.217055
vt 0.475647 0.179715
vt 0.377849 0.180143
vt 0.413005 0.162163
vt 0.341070 0.192813
vt 0.303309 0.200459
vt 0.265004 0.203201
vt 0.226534 0.201107
vt 0.188267 0.194222
vt 0.150624 0.182489
vt 0.114119 0.165507
vt 0.079172 0.141985
vt 0.114119 0.165507
vt 0.150624 0.182489
vt 0.188267 0.194222
vt 0.226534 0.201107
vt 0.303309 0.200459
vt 0.445176 0.138153
vt 0.358406 0.144909
vt 0.385701 0.126494
vt 0.328389 0.157722
vt 0.296726 0.165412
vt 0.264216 0.168208
vt 0.231534 0.166201
vt 0.199357 0.159368
vt 0.168486 0.147506
vt 0.140066 0.130091
vt 0.116085 0.106047
vt 0.140066 0.130091
vt 0.168486 0.147506
vt 0.199357 0.159368
vt 0.231534 0.166202
vt 0.264216 0.168208
vt 0.296726 0.165412
vt 0.328389 0.157722
vt 0.358406 0.144909
vt 0.385701 0.126494
vt 0.408719 0.101506
vt 0.327973 0.106026
vt 0.344270 0.090784
vt 0.308182 0.116907
vt 0.286230 0.123548
vt 0.263183 0.126040
vt 0.239989 0.124428
vt 0.217602 0.118703
vt 0.197124 0.108796
vt 0.179982 0.094595
vt 0.168177 0.076027
vt 0.179982 0.094595
vt 0.197125 0.108796
vt 0.217602 0.118703
vt 0.286230 0.123548
vt 0.327973 0.106026
vt 0.344270 0.090784
vt 0.355291 0.071105
vt 0.639532 0.212367
vt 0.588904 0.186487
vt 0.582000 0.205598
vt 0.626190 0.228209
vt 0.525361 0.174351
vt 0.521468 0.194706
vt 0.651693 0.410688
vt 0.676720 0.351304
vt 0.657015 0.346344
vt 0.632592 0.402636
vt 0.683493 0.298746
vt 0.663554 0.300210
vt 0.670058 0.249318
vt 0.652176 0.258393
vt 0.572555 0.224227
vt 0.612052 0.242211
vt 0.519711 0.216873
vt 0.636302 0.343751
vt 0.613207 0.391788
vt 0.643955 0.303482
vt 0.635004 0.267495
vt 0.561538 0.243121
vt 0.595350 0.256410
vt 0.520576 0.240653
vt 0.614492 0.342364
vt 0.593942 0.377875
vt 0.622733 0.308536
vt 0.615700 0.277807
vt 0.552361 0.264998
vt 0.576784 0.273818
vt 0.524575 0.265825
vt 0.591257 0.337830
vt 0.575255 0.360592
vt 0.597417 0.312523
vt 0.592046 0.290500
vt 0.566737 0.156025
vt 0.671801 0.155945
vt 0.671749 0.088023
vt 0.587541 0.088087
vt 0.755959 0.087959
vt 0.776866 0.155865
vt 0.522898 0.059511
vt 0.519764 0.056975
vt 0.525094 0.062891
vt 0.526139 0.066784
vt 0.525930 0.070810
vt 0.524486 0.074574
vt 0.521951 0.077707
vt 0.518570 0.079904
vt 0.514677 0.080949
vt 0.510651 0.080739
vt 0.506888 0.079296
vt 0.503754 0.076760
vt 0.501557 0.073380
vt 0.500513 0.069487
vt 0.500722 0.065461
vt 0.502165 0.061697
vt 0.504701 0.058564
vt 0.508081 0.056367
vt 0.511975 0.055322
vt 0.516000 0.055532
vt 0.527723 0.055196
vt 0.523020 0.051381
vt 0.531017 0.060279
vt 0.532579 0.066130
vt 0.532256 0.072178
vt 0.530081 0.077830
vt 0.526265 0.082533
vt 0.521182 0.085827
vt 0.515331 0.087389
vt 0.509283 0.087066
vt 0.503632 0.084890
vt 0.498928 0.081075
vt 0.495635 0.075992
vt 0.494073 0.070141
vt 0.494395 0.064093
vt 0.496571 0.058441
vt 0.500387 0.053738
vt 0.505469 0.050444
vt 0.511320 0.048882
vt 0.517368 0.049205
vt 0.532594 0.050864
vt 0.526313 0.045756
vt 0.536987 0.057664
vt 0.539065 0.065488
vt 0.538624 0.073572
vt 0.535706 0.081123
vt 0.530597 0.087403
vt 0.523797 0.091797
vt 0.515973 0.093875
vt 0.507890 0.093433
vt 0.500338 0.090515
vt 0.494058 0.085406
vt 0.489664 0.078607
vt 0.487586 0.070783
vt 0.488028 0.062699
vt 0.490946 0.055148
vt 0.496055 0.048868
vt 0.502854 0.044474
vt 0.510678 0.042396
vt 0.518762 0.042838
vt 0.537522 0.046501
vt 0.529652 0.040083
vt 0.543023 0.055037
vt 0.545618 0.064855
vt 0.545051 0.074994
vt 0.541379 0.084462
vt 0.534961 0.092332
vt 0.526424 0.097833
vt 0.516606 0.100427
vt 0.506467 0.099861
vt 0.496999 0.096188
vt 0.489129 0.089770
vt 0.483628 0.081234
vt 0.481034 0.071416
vt 0.481601 0.061277
vt 0.485273 0.051809
vt 0.491691 0.043939
vt 0.500227 0.038438
vt 0.510045 0.035844
vt 0.520185 0.036410
vt 0.542526 0.042087
vt 0.533048 0.034339
vt 0.549147 0.052386
vt 0.552260 0.064226
vt 0.551563 0.076449
vt 0.547123 0.087858
vt 0.539374 0.097336
vt 0.529076 0.103956
vt 0.517236 0.107070
vt 0.505013 0.106373
vt 0.493604 0.101932
vt 0.484125 0.094184
vt 0.477505 0.083885
vt 0.474391 0.072045
vt 0.475089 0.059822
vt 0.479529 0.048413
vt 0.487278 0.038935
vt 0.497576 0.032315
vt 0.509416 0.029201
vt 0.521639 0.029898
vt 0.547628 0.037600
vt 0.536513 0.028495
vt 0.555385 0.049695
vt 0.559025 0.063594
vt 0.558192 0.077938
vt 0.552966 0.091323
vt 0.543861 0.102438
vt 0.531766 0.110195
vt 0.517867 0.113835
vt 0.503523 0.113001
vt 0.490138 0.107776
vt 0.479024 0.098671
vt 0.471267 0.086576
vt 0.467627 0.072677
vt 0.468460 0.058333
vt 0.473685 0.044948
vt 0.482791 0.033833
vt 0.494885 0.026076
vt 0.508785 0.022436
vt 0.523129 0.023269
vt 0.552858 0.033007
vt 0.540068 0.022510
vt 0.561778 0.046943
vt 0.565956 0.062953
vt 0.564982 0.079470
vt 0.558951 0.094878
vt 0.548454 0.107668
vt 0.534519 0.116588
vt 0.518509 0.120766
vt 0.501992 0.119791
vt 0.486584 0.113761
vt 0.473794 0.103264
vt 0.464873 0.089329
vt 0.460696 0.073318
vt 0.461670 0.056801
vt 0.467701 0.041393
vt 0.478198 0.028603
vt 0.492133 0.019683
vt 0.508143 0.015505
vt 0.524660 0.016479
vt 0.558263 0.028261
vt 0.543742 0.016327
vt 0.568385 0.044099
vt 0.573118 0.062290
vt 0.571998 0.081053
vt 0.565135 0.098551
vt 0.553200 0.113072
vt 0.537362 0.123195
vt 0.519172 0.127928
vt 0.500409 0.126808
vt 0.482910 0.119944
vt 0.468389 0.108010
vt 0.458267 0.092172
vt 0.453534 0.073981
vt 0.454654 0.055218
vt 0.461517 0.037720
vt 0.473452 0.023199
vt 0.489289 0.013076
vt 0.507480 0.008343
vt 0.526243 0.009463
vt 0.519771 0.056967
vt 0.516004 0.055521
vt 0.522907 0.059505
vt 0.525105 0.062888
vt 0.526150 0.066785
vt 0.525940 0.070814
vt 0.524495 0.074581
vt 0.521956 0.077717
vt 0.518573 0.079915
vt 0.514676 0.080960
vt 0.510647 0.080749
vt 0.506881 0.079304
vt 0.503745 0.076766
vt 0.501547 0.073383
vt 0.500502 0.069486
vt 0.500712 0.065457
vt 0.502157 0.061690
vt 0.504695 0.058554
vt 0.508079 0.056356
vt 0.511975 0.055311
vt 0.523031 0.051368
vt 0.517374 0.049190
vt 0.527737 0.055188
vt 0.531033 0.060275
vt 0.532595 0.066131
vt 0.532272 0.072184
vt 0.530093 0.077840
vt 0.526274 0.082547
vt 0.521187 0.085843
vt 0.515330 0.087405
vt 0.509277 0.087081
vt 0.503621 0.084903
vt 0.498915 0.081083
vt 0.495619 0.075996
vt 0.494056 0.070140
vt 0.494380 0.064087
vt 0.496558 0.058431
vt 0.500378 0.053724
vt 0.505465 0.050428
vt 0.511322 0.048866
vt 0.526328 0.045739
vt 0.518770 0.042818
vt 0.532612 0.050853
vt 0.537009 0.057659
vt 0.539087 0.065490
vt 0.538644 0.073580
vt 0.535722 0.081137
vt 0.530608 0.087422
vt 0.523803 0.091818
vt 0.515972 0.093897
vt 0.507881 0.093454
vt 0.500324 0.090532
vt 0.494040 0.085418
vt 0.489643 0.078612
vt 0.487565 0.070781
vt 0.488008 0.062691
vt 0.490930 0.055134
vt 0.496044 0.048849
vt 0.502849 0.044453
vt 0.510680 0.042374
vt 0.529670 0.040062
vt 0.520195 0.036385
vt 0.537546 0.046486
vt 0.543050 0.055030
vt 0.545645 0.064857
vt 0.545076 0.075005
vt 0.541400 0.084480
vt 0.534975 0.092355
vt 0.526431 0.097860
vt 0.516604 0.100455
vt 0.506457 0.099886
vt 0.496981 0.096209
vt 0.489106 0.089785
vt 0.483602 0.081241
vt 0.481007 0.071414
vt 0.481576 0.061266
vt 0.485252 0.051791
vt 0.491677 0.043916
vt 0.500221 0.038411
vt 0.510048 0.035816
vt 0.533069 0.034314
vt 0.521652 0.029868
vt 0.542555 0.042070
vt 0.549179 0.052378
vt 0.552293 0.064228
vt 0.551594 0.076461
vt 0.547148 0.087879
vt 0.539391 0.097364
vt 0.529083 0.103988
vt 0.517233 0.107103
vt 0.505000 0.106403
vt 0.493582 0.101957
vt 0.484097 0.094201
vt 0.477473 0.083893
vt 0.474358 0.072043
vt 0.475058 0.059810
vt 0.479504 0.048392
vt 0.487261 0.038907
vt 0.497568 0.032282
vt 0.509419 0.029168
vt 0.536539 0.028465
vt 0.523144 0.023234
vt 0.547661 0.037580
vt 0.555423 0.049686
vt 0.559064 0.063597
vt 0.558227 0.077953
vt 0.552996 0.091348
vt 0.543881 0.102471
vt 0.531776 0.110232
vt 0.517864 0.113873
vt 0.503508 0.113037
vt 0.490113 0.107806
vt 0.478991 0.098691
vt 0.471229 0.086585
vt 0.467588 0.072674
vt 0.468424 0.058318
vt 0.473656 0.044923
vt 0.482770 0.033800
vt 0.494876 0.026038
vt 0.508788 0.022398
vt 0.540097 0.022476
vt 0.524678 0.016438
vt 0.552896 0.032984
vt 0.561822 0.046932
vt 0.566001 0.062956
vt 0.565023 0.079487
vt 0.558985 0.094907
vt 0.548477 0.107706
vt 0.534529 0.116632
vt 0.518505 0.120810
vt 0.501975 0.119833
vt 0.486555 0.113795
vt 0.473756 0.103287
vt 0.464830 0.089339
vt 0.460651 0.073315
vt 0.461629 0.056784
vt 0.467667 0.041364
vt 0.478174 0.028565
vt 0.492123 0.019639
vt 0.508147 0.015461
vt 0.543775 0.016288
vt 0.526263 0.009417
vt 0.558306 0.028235
vt 0.568435 0.044087
vt 0.573169 0.062294
vt 0.572045 0.081072
vt 0.565173 0.098584
vt 0.553227 0.113115
vt 0.537374 0.123244
vt 0.519168 0.127978
vt 0.500390 0.126854
vt 0.482877 0.119983
vt 0.468346 0.108036
vt 0.458217 0.092184
vt 0.453483 0.073977
vt 0.454607 0.055199
vt 0.461479 0.037687
vt 0.473425 0.023155
vt 0.489278 0.013027
vt 0.507484 0.008293
vt 0.891389 0.056099
vt 0.912417 0.044681
vt 0.874259 0.012687
vt 0.864385 0.037218
vt 0.823321 0.017139
vt 0.832265 0.042713
vt 0.788227 0.057281
vt 0.813499 0.069112
vt 0.788858 0.112381
vt 0.818854 0.101051
vt 0.847628 0.151130
vt 0.843204 0.123371
vt 0.895341 0.137892
vt 0.876867 0.115469
vt 0.925959 0.094043
vt 0.893677 0.088013
vt 0.884228 0.061040
vt 0.861940 0.047890
vt 0.837941 0.052916
vt 0.825651 0.072699
vt 0.831010 0.094496
vt 0.847251 0.109722
vt 0.869752 0.107160
vt 0.884933 0.087499
vt 0.861102 0.062416
vt 0.869238 0.070455
vt 0.847628 0.063352
vt 0.838137 0.074349
vt 0.842362 0.087246
vt 0.851636 0.096874
vt 0.865514 0.093332
vt 0.872546 0.081572
vt 0.818854 0.101051
vt 0.788858 0.112382
vt 0.823321 0.017139
vt 0.832265 0.042713
vt 0.874259 0.012687
vt 0.864385 0.037218
vt 0.912417 0.044681
vt 0.891390 0.056099
vt 0.893677 0.088013
vt 0.876867 0.115469
vt 0.843204 0.123371
vt 0.837941 0.052916
vt 0.861940 0.047890
vt 0.884933 0.087499
vt 0.869752 0.107160
vt 0.847250 0.109722
vt 0.842362 0.087246
vt 0.847628 0.063352
vt 0.865514 0.093332
vt 0.851636 0.096873
vt 0.893677 0.088013
vt 0.895341 0.137892
vt 0.788858 0.112382
vt 0.818854 0.101051
vt 0.847251 0.109721
vt 0.831010 0.094496
vt 0.825651 0.072699
vt 0.837941 0.052916
vt 0.872546 0.081572
vt 0.847628 0.063352
vt 0.861102 0.062416
vt 0.878664 0.408776
vt 0.872119 0.391458
vt 0.906877 0.374179
vt 0.918575 0.389675
vt 0.933347 0.345971
vt 0.948448 0.357103
vt 0.948721 0.316576
vt 0.968180 0.319461
vt 0.948069 0.275808
vt 0.974751 0.267859
vt 0.837935 0.398019
vt 0.836891 0.416107
vt 0.930274 0.237758
vt 0.954614 0.220336
vt 0.899121 0.208879
vt 0.915098 0.186106
vt 0.760372 0.362916
vt 0.745573 0.374328
vt 0.859929 0.195823
vt 0.863224 0.176450
vt 0.827182 0.201546
vt 0.821176 0.183815
vt 0.792288 0.218358
vt 0.780993 0.202577
vt 0.765411 0.246448
vt 0.750780 0.235145
vt 0.749049 0.277286
vt 0.731428 0.273193
vt 0.865684 0.364920
vt 0.890225 0.351748
vt 0.910083 0.332182
vt 0.918000 0.312029
vt 0.916473 0.283420
vt 0.815768 0.359326
vt 0.842931 0.366461
vt 0.903565 0.256876
vt 0.882038 0.236191
vt 0.779401 0.311311
vt 0.793247 0.337926
vt 0.854872 0.225927
vt 0.833201 0.227425
vt 0.808493 0.240558
vt 0.788566 0.260147
vt 0.780373 0.281485
vt 0.857123 0.343703
vt 0.877479 0.335212
vt 0.891345 0.318231
vt 0.894447 0.304853
vt 0.892002 0.287690
vt 0.826727 0.336336
vt 0.842128 0.343142
vt 0.883110 0.271636
vt 0.870403 0.258117
vt 0.804589 0.306837
vt 0.813564 0.322741
vt 0.854576 0.250516
vt 0.840858 0.249474
vt 0.820474 0.257639
vt 0.806284 0.274569
vt 0.802346 0.289075
vt 0.852196 0.322363
vt 0.864305 0.318071
vt 0.871851 0.307694
vt 0.872864 0.300447
vt 0.870424 0.292120
vt 0.837140 0.316895
vt 0.844194 0.321467
vt 0.865427 0.284461
vt 0.859584 0.277300
vt 0.826141 0.302096
vt 0.831139 0.309663
vt 0.852290 0.272414
vt 0.845064 0.271215
vt 0.832893 0.275321
vt 0.825177 0.285609
vt 0.823644 0.293523
vt 0.850791 0.310528
vt 0.857384 0.309023
vt 0.860718 0.303070
vt 0.859992 0.299193
vt 0.857764 0.295667
vt 0.844159 0.305775
vt 0.846762 0.308824
vt 0.854891 0.292113
vt 0.852352 0.288296
vt 0.838773 0.298427
vt 0.841600 0.301919
vt 0.849624 0.285073
vt 0.846137 0.283210
vt 0.839458 0.284631
vt 0.836010 0.290442
vt 0.836479 0.294826
vt 0.848409 0.296896
vt 0.845595 0.293052
vt 0.851257 0.300787
vt 0.853893 0.304381
vt 0.842850 0.289341
s 1
usemtl MAT_Penguin
f 1/1/1 2/2/2 3/3/3
f 4/4/4 5/5/5 6/6/6
f 7/7/7 8/8/8 9/9/9
f 8/8/8 10/10/10 9/9/9
f 10/10/10 11/11/11 9/9/9
f 11/11/11 12/12/12 9/9/9
f 12/12/12 13/13/13 9/9/9
f 13/13/13 14/14/14 9/9/9
f 15/15/15 16/16/16 9/9/9
f 17/17/17 18/18/18 9/9/9
f 16/16/16 7/7/7 9/9/9
f 14/14/14 17/17/17 9/9/9
f 19/19/19 15/15/15 9/9/9
f 20/20/20 21/21/21 9/9/9
f 22/22/22 20/20/20 9/9/9
f 21/21/21 23/23/23 9/9/9
f 18/18/18 22/22/22 9/9/9
f 23/23/23 19/19/19 9/9/9
f 24/1/24 25/3/25 26/2/26
f 27/4/27 28/6/28 29/5/29
f 30/7/30 31/9/31 32/8/32
f 32/8/32 31/9/31 33/10/33
f 33/10/33 31/9/31 34/11/34
f 34/11/34 31/9/31 35/12/35
f 35/12/35 31/9/31 36/13/36
f 36/13/36 31/9/31 37/14/37
f 38/15/38 31/9/31 39/16/39
f 40/17/40 31/9/31 41/18/41
f 39/16/39 31/9/31 30/7/30
f 37/14/37 31/9/31 40/17/40
f 42/19/42 31/9/31 38/15/38
f 43/20/43 31/9/31 44/21/44
f 45/22/45 31/9/31 43/20/43
f 44/21/44 31/9/31 46/23/46
f 41/18/41 31/9/31 45/22/45
f 46/23/46 31/9/31 42/19/42
f 47/24/47 48/25/48 49/26/49
f 48/25/48 50/27/50 49/26/49
f 50/27/50 51/28/51 49/26/49
f 51/28/51 52/29/52 49/26/49
f 52/29/52 53/30/53 49/26/49
f 53/30/53 54/31/54 49/26/49
f 54/31/54 55/32/55 49/26/49
f 55/32/55 56/33/56 49/26/49
f 56/33/56 57/34/57 49/26/49
f 58/35/57 59/36/58 49/26/49
f 59/36/58 60/37/59 49/26/49
f 60/37/59 61/38/60 49/26/49
f 61/38/60 62/39/61 49/26/49
f 62/39/61 63/40/62 49/26/49
f 63/40/62 64/41/63 49/26/49
f 64/41/63 65/42/64 49/26/49
f 65/42/64 66/25/65 49/26/49
f 66/25/65 67/43/66 49/26/49
f 67/43/66 68/44/67 49/26/49
f 68/44/67 47/24/47 49/26/49
f 69/45/68 70/46/69 71/47/70
f 70/46/69 72/48/71 71/47/70
f 73/49/72 74/50/73 71/47/70
f 74/50/73 75/51/74 71/47/70
f 75/51/74 76/52/75 71/47/70
f 76/52/75 69/45/68 71/47/70
s 0
f 77/53/76 78/54/76 79/55/76
f 80/56/76 78/54/76 77/53/76
s 1
f 81/57/77 82/58/78 83/59/79
f 84/60/80 81/57/77 83/59/79
f 85/61/81 84/60/80 83/59/79
f 86/62/82 85/61/81 83/59/79
f 87/63/83 86/62/82 83/59/79
f 88/64/84 87/63/83 83/59/79
f 89/65/85 88/64/84 83/59/79
f 90/66/86 89/65/85 83/59/79
f 91/67/87 90/66/86 83/59/79
f 92/68/88 91/67/87 83/59/79
f 93/69/89 92/68/88 83/59/79
f 94/70/90 93/69/89 83/59/79
f 95/71/91 94/70/90 83/59/79
f 96/72/92 95/71/91 83/59/79
f 97/73/93 96/72/92 83/59/79
f 98/74/94 97/73/93 83/59/79
f 99/75/95 98/74/94 83/59/79
f 100/76/96 99/75/95 83/59/79
f 101/77/97 100/76/96 83/59/79
f 82/58/78 101/77/97 83/59/79
f 102/78/98 103/79/99 104/80/100
f 105/81/101 102/78/98 104/80/100
f 106/82/102 105/81/101 104/80/100
f 107/83/103 106/82/102 104/80/100
f 108/84/104 107/83/103 104/80/100
f 109/85/105 108/84/104 104/80/100
f 110/86/106 109/85/105 104/80/100
f 111/87/107 110/86/106 104/80/100
f 112/88/108 111/87/107 104/80/100
f 113/89/109 112/88/108 104/80/100
f 114/90/110 113/89/109 104/80/100
f 115/91/111 114/90/110 104/80/100
f 116/92/112 115/91/111 104/80/100
f 117/93/113 116/92/112 104/80/100
f 118/94/114 117/93/113 104/80/100
f 119/95/115 118/94/114 104/80/100
f 120/96/116 119/95/115 104/80/100
f 121/97/117 120/96/116 104/80/100
f 122/98/118 121/97/117 104/80/100
f 103/79/99 122/98/118 104/80/100
f 123/99/119 124/100/120 125/101/121
f 126/102/122 124/100/120 123/99/119
f 127/103/123 124/100/120 126/102/122
f 128/104/124 124/100/120 127/103/123
f 129/105/125 124/100/120 128/104/124
f 130/106/126 124/100/120 129/105/125
f 131/107/127 124/100/120 130/106/126
f 125/101/121 124/100/120 131/107/127
f 132/103/128 133/100/129 134/108/130
f 135/109/131 133/100/129 132/103/128
f 136/99/132 133/100/129 135/109/131
f 137/101/133 133/100/129 136/99/132
f 138/107/134 133/100/129 137/101/133
f 139/110/135 133/100/129 138/107/134
f 140/111/136 133/100/129 139/110/135
f 134/108/130 133/100/129 140/111/136
f 141/110/137 142/112/138 143/107/139
f 144/113/140 142/112/138 141/110/137
f 145/104/141 142/112/138 144/113/140
f 146/103/142 142/112/138 145/104/141
f 147/114/143 142/112/138 146/103/142
f 148/115/144 142/112/138 147/114/143
f 149/101/145 142/112/138 148/115/144
f 143/107/139 142/112/138 149/101/145
f 150/116/146 151/117/147 152/118/148
f 152/118/148 151/117/147 153/119/149
f 154/120/150 155/121/151 156/122/152
f 157/123/153 155/121/151 154/120/150
f 158/99/154 159/101/155 160/100/156
f 161/102/157 158/99/154 160/100/156
f 162/103/158 161/102/157 160/100/156
f 163/104/159 162/103/158 160/100/156
f 164/105/160 163/104/159 160/100/156
f 165/106/161 164/105/160 160/100/156
f 166/107/162 165/106/161 160/100/156
f 159/101/155 166/107/162 160/100/156
f 167/103/134 168/108/163 169/100/129
f 170/109/133 167/103/134 169/100/129
f 171/99/132 170/109/133 169/100/129
f 172/101/131 171/99/132 169/100/129
f 173/107/128 172/101/131 169/100/129
f 174/110/164 173/107/128 169/100/129
f 175/111/136 174/110/164 169/100/129
f 168/108/163 175/111/136 169/100/129
f 176/110/165 177/107/166 178/112/167
f 179/113/168 176/110/165 178/112/167
f 180/104/169 179/113/168 178/112/167
f 181/103/170 180/104/169 178/112/167
f 182/114/171 181/103/170 178/112/167
f 183/115/172 182/114/171 178/112/167
f 184/101/173 183/115/172 178/112/167
f 177/107/166 184/101/173 178/112/167
f 185/116/174 186/118/175 187/117/176
f 186/118/175 188/119/177 187/117/176
f 189/120/178 190/122/179 191/121/180
f 192/123/181 189/120/178 191/121/180
f 193/124/182 194/125/183 195/126/184
f 193/124/182 195/126/184 196/127/185
f 197/128/186 198/129/187 199/130/188
f 197/128/186 199/130/188 200/131/189
f 194/125/183 201/132/190 202/133/191
f 194/125/183 202/133/191 195/126/184
f 198/129/187 203/134/192 204/135/193
f 198/129/187 204/135/193 199/130/188
f 199/130/188 204/135/193 205/136/194
f 199/130/188 205/136/194 206/137/195
f 206/137/195 205/136/194 207/138/196
f 206/137/195 207/138/196 208/139/197
f 208/139/197 207/138/196 209/140/198
f 208/139/197 209/140/198 210/141/199
f 210/141/199 209/140/198 211/142/200
f 210/141/199 211/142/200 212/143/201
f 212/143/201 211/142/200 213/144/202
f 212/143/201 213/144/202 214/145/203
f 214/145/203 213/144/202 215/146/204
f 214/145/203 215/146/204 216/147/205
f 216/147/205 215/146/204 217/148/206
f 216/147/205 217/148/206 218/149/207
f 218/149/207 217/148/206 219/150/208
f 218/149/207 219/150/208 201/132/190
f 201/132/190 219/150/208 220/151/209
f 201/132/190 220/151/209 202/133/191
f 203/134/192 221/152/210 222/153/211
f 203/134/192 222/153/211 204/135/193
f 204/135/193 222/153/211 223/154/212
f 204/135/193 223/154/212 205/136/194
f 205/136/194 223/154/212 224/155/213
f 205/136/194 224/155/213 207/138/196
f 207/138/196 224/155/213 225/156/214
f 207/138/196 225/156/214 209/140/198
f 209/140/198 225/156/214 226/157/215
f 209/140/198 226/157/215 211/142/200
f 211/142/200 226/157/215 227/158/216
f 211/142/200 227/158/216 213/144/202
f 213/144/202 227/158/216 228/159/217
f 213/144/202 228/159/217 215/146/204
f 215/146/204 228/159/217 229/160/218
f 215/146/204 229/160/218 217/148/206
f 217/148/206 229/160/218 230/161/219
f 217/148/206 230/161/219 219/150/208
f 219/150/208 230/161/219 231/162/220
f 219/150/208 231/162/220 220/151/209
f 221/152/210 232/163/221 233/164/222
f 221/152/210 233/164/222 222/153/211
f 222/153/211 233/164/222 234/165/223
f 222/153/211 234/165/223 223/154/212
f 223/154/212 234/165/223 235/166/224
f 223/154/212 235/166/224 224/155/213
f 224/155/213 235/166/224 236/167/225
f 224/155/213 236/167/225 225/156/214
f 225/156/214 236/167/225 237/168/226
f 225/156/214 237/168/226 226/157/215
f 226/157/215 237/168/226 238/169/227
f 226/157/215 238/169/227 227/158/216
f 227/158/216 238/169/227 239/170/228
f 227/158/216 239/170/228 228/159/217
f 228/159/217 239/170/228 240/171/229
f 228/159/217 240/171/229 229/160/218
f 229/160/218 240/171/229 241/172/230
f 229/160/218 241/172/230 230/161/219
f 230/161/219 241/172/230 242/173/231
f 230/161/219 242/173/231 231/162/220
f 232/163/221 243/174/232 244/175/233
f 232/163/221 244/175/233 233/164/222
f 233/164/222 244/175/233 245/176/234
f 233/164/222 245/176/234 234/165/223
f 234/165/223 245/176/234 246/177/235
f 234/165/223 246/177/235 235/166/224
f 235/166/224 246/177/235 247/178/236
f 235/166/224 247/178/236 236/167/225
f 236/167/225 247/178/236 248/179/237
f 236/167/225 248/179/237 237/168/226
f 237/168/226 248/179/237 249/180/238
f 237/168/226 249/180/238 238/169/227
f 238/169/227 249/180/238 250/181/239
f 238/169/227 250/181/239 239/170/228
f 239/170/228 250/181/239 251/182/240
f 239/170/228 251/182/240 240/171/229
f 240/171/229 251/182/240 252/183/241
f 240/171/229 252/183/241 241/172/230
f 241/172/230 252/183/241 253/184/242
f 241/172/230 253/184/242 242/173/231
f 244/175/233 254/185/243 255/186/244
f 244/175/233 255/186/244 245/176/234
f 245/176/234 255/186/244 256/187/245
f 245/176/234 256/187/245 246/177/235
f 246/177/235 256/187/245 257/188/246
f 246/177/235 257/188/246 247/178/236
f 247/178/236 257/188/246 258/189/247
f 247/178/236 258/189/247 248/179/237
f 248/179/237 258/189/247 259/190/248
f 248/179/237 259/190/248 249/180/238
f 249/180/238 259/190/248 260/191/249
f 249/180/238 260/191/249 250/181/239
f 250/181/239 260/191/249 261/192/250
f 250/181/239 261/192/250 251/182/240
f 251/182/240 261/192/250 262/193/251
f 251/182/240 262/193/251 252/183/241
f 252/183/241 262/193/251 263/194/252
f 252/183/241 263/194/252 253/184/242
f 254/185/243 264/195/253 265/196/254
f 254/185/243 265/196/254 255/186/244
f 255/186/244 265/196/254 266/197/255
f 255/186/244 266/197/255 256/187/245
f 256/187/245 266/197/255 267/198/256
f 256/187/245 267/198/256 257/188/246
f 268/199/257 269/200/258 270/201/259
f 268/199/257 270/201/259 271/202/260
f 271/202/260 270/201/259 272/203/261
f 271/202/260 272/203/261 273/204/262
f 259/190/248 274/205/263 275/206/264
f 259/190/248 275/206/264 260/191/249
f 260/191/249 275/206/264 276/207/265
f 260/191/249 276/207/265 261/192/250
f 261/192/250 276/207/265 277/208/266
f 261/192/250 277/208/266 262/193/251
f 262/193/251 277/208/266 278/209/267
f 262/193/251 278/209/267 263/194/252
f 264/195/253 279/210/268 280/211/269
f 264/195/253 280/211/269 265/196/254
f 265/196/254 280/211/269 281/212/270
f 265/196/254 281/212/270 266/197/255
f 266/197/255 281/212/270 282/213/271
f 266/197/255 282/213/271 267/198/256
f 269/200/258 283/214/272 284/215/273
f 269/200/258 284/215/273 270/201/259
f 270/201/259 284/215/273 285/216/274
f 270/201/259 285/216/274 272/203/261
f 274/205/263 286/217/275 287/218/276
f 274/205/263 287/218/276 275/206/264
f 275/206/264 287/218/276 288/219/277
f 275/206/264 288/219/277 276/207/265
f 276/207/265 288/219/277 289/220/278
f 276/207/265 289/220/278 277/208/266
f 277/208/266 289/220/278 290/221/279
f 277/208/266 290/221/279 278/209/267
f 291/222/280 292/223/281 293/224/282
f 291/222/280 293/224/282 294/225/283
f 294/225/283 293/224/282 295/226/284
f 294/225/283 295/226/284 296/227/285
f 296/227/285 295/226/284 297/228/286
f 296/227/285 297/228/286 298/229/287
f 298/229/287 297/228/286 299/230/288
f 298/229/287 299/230/288 300/231/289
f 300/231/289 299/230/288 301/232/290
f 300/231/289 301/232/290 302/233/291
f 302/233/291 301/232/290 303/234/292
f 302/233/291 303/234/292 304/235/293
f 304/235/293 303/234/292 305/236/294
f 304/235/293 305/236/294 306/237/295
f 306/237/295 305/236/294 307/238/296
f 306/237/295 307/238/296 308/239/297
f 308/239/297 307/238/296 309/240/298
f 308/239/297 309/240/298 310/241/299
f 311/242/300 312/243/301 313/244/302
f 311/242/300 313/244/302 314/245/303
f 314/245/303 313/244/302 315/246/304
f 314/245/303 315/246/304 316/247/305
f 316/247/305 315/246/304 317/248/306
f 316/247/305 317/248/306 318/249/307
f 318/249/307 317/248/306 319/250/308
f 318/249/307 319/250/308 320/251/309
f 320/251/309 319/250/308 321/252/310
f 320/251/309 321/252/310 322/253/311
f 322/253/311 321/252/310 323/254/312
f 322/253/311 323/254/312 324/255/313
f 324/255/313 323/254/312 325/256/314
f 324/255/313 325/256/314 326/257/315
f 327/258/316 328/259/317 329/260/318
f 327/258/316 329/260/318 330/261/319
f 279/210/268 331/262/320 332/263/321
f 279/210/268 332/263/321 280/211/269
f 280/211/269 332/263/321 333/264/322
f 280/211/269 333/264/322 281/212/270
f 281/212/270 333/264/322 334/265/323
f 281/212/270 334/265/323 282/213/271
f 282/213/271 334/265/323 335/266/324
f 282/213/271 335/266/324 336/267/325
f 336/267/325 335/266/324 337/268/326
f 336/267/325 337/268/326 286/217/275
f 286/217/275 337/268/326 338/269/327
f 286/217/275 338/269/327 287/218/276
f 287/218/276 338/269/327 339/270/328
f 287/218/276 339/270/328 288/219/277
f 288/219/277 339/270/328 340/271/329
f 288/219/277 340/271/329 289/220/278
f 289/220/278 340/271/329 341/272/330
f 289/220/278 341/272/330 290/221/279
f 331/262/320 291/222/280 294/225/283
f 331/262/320 294/225/283 332/263/321
f 332/263/321 294/225/283 296/227/285
f 332/263/321 296/227/285 333/264/322
f 333/264/322 296/227/285 298/229/287
f 333/264/322 298/229/287 334/265/323
f 334/265/323 298/229/287 300/231/289
f 334/265/323 300/231/289 335/266/324
f 335/266/324 300/231/289 302/233/291
f 335/266/324 302/233/291 337/268/326
f 337/268/326 302/233/291 304/235/293
f 337/268/326 304/235/293 338/269/327
f 338/269/327 304/235/293 306/237/295
f 338/269/327 306/237/295 339/270/328
f 339/270/328 306/237/295 308/239/297
f 339/270/328 308/239/297 340/271/329
f 340/271/329 308/239/297 310/241/299
f 340/271/329 310/241/299 341/272/330
f 3/3/3 342/273/331 343/274/332
f 3/3/3 343/274/332 344/275/333
f 345/276/325 346/277/334 2/2/2
f 345/276/325 2/2/2 1/1/1
f 4/4/4 6/6/6 346/277/334
f 4/4/4 346/277/334 345/276/325
f 347/278/247 344/275/333 343/274/332
f 347/278/247 343/274/332 348/279/335
f 349/280/336 350/281/337 351/282/335
f 349/280/336 351/282/335 352/283/338
f 5/5/5 349/280/336 352/283/338
f 5/5/5 352/283/338 353/284/339
f 292/223/281 311/242/300 314/245/303
f 292/223/281 314/245/303 293/224/282
f 293/224/282 314/245/303 316/247/305
f 293/224/282 316/247/305 295/226/284
f 295/226/284 316/247/305 318/249/307
f 295/226/284 318/249/307 297/228/286
f 297/228/286 318/249/307 320/251/309
f 297/228/286 320/251/309 299/230/288
f 299/230/288 320/251/309 322/253/311
f 299/230/288 322/253/311 301/232/290
f 301/232/290 322/253/311 324/255/313
f 301/232/290 324/255/313 303/234/292
f 303/234/292 324/255/313 326/257/315
f 303/234/292 326/257/315 305/236/294
f 305/236/294 326/257/315 329/260/318
f 305/236/294 329/260/318 307/238/296
f 307/238/296 329/260/318 328/259/317
f 307/238/296 328/259/317 309/240/298
f 354/285/340 355/286/341 356/287/342
f 354/285/340 356/287/342 357/288/343
f 358/289/344 359/290/345 360/291/346
f 358/289/344 360/291/346 361/292/347
f 359/290/345 362/293/348 363/294/349
f 359/290/345 363/294/349 360/291/346
f 364/295/350 358/289/344 361/292/347
f 364/295/350 361/292/347 365/296/351
f 362/293/348 193/124/182 196/127/185
f 362/293/348 196/127/185 363/294/349
f 355/286/341 364/295/350 365/296/351
f 355/286/341 365/296/351 356/287/342
f 200/131/189 366/297/352 367/298/353
f 200/131/189 367/298/353 354/285/340
f 193/124/182 368/299/354 369/300/355
f 193/124/182 369/300/355 194/125/183
f 199/130/188 206/137/195 366/297/352
f 199/130/188 366/297/352 200/131/189
f 194/125/183 369/300/355 218/149/207
f 194/125/183 218/149/207 201/132/190
f 354/285/340 367/298/353 370/301/356
f 354/285/340 370/301/356 355/286/341
f 358/289/344 371/302/357 372/303/358
f 358/289/344 372/303/358 359/290/345
f 359/290/345 372/303/358 373/304/359
f 359/290/345 373/304/359 362/293/348
f 364/295/350 374/305/360 371/302/357
f 364/295/350 371/302/357 358/289/344
f 362/293/348 373/304/359 368/299/354
f 362/293/348 368/299/354 193/124/182
f 355/286/341 370/301/356 374/305/360
f 355/286/341 374/305/360 364/295/350
f 197/128/186 200/131/189 354/285/340
f 197/128/186 354/285/340 357/288/343
f 375/306/361 376/307/362 8/8/8
f 375/306/361 8/8/8 7/7/7
f 376/307/362 377/308/363 10/10/10
f 376/307/362 10/10/10 8/8/8
f 377/308/363 378/309/364 11/11/11
f 377/308/363 11/11/11 10/10/10
f 378/309/364 379/310/365 12/12/12
f 378/309/364 12/12/12 11/11/11
f 379/310/365 380/311/366 13/13/13
f 379/310/365 13/13/13 12/12/12
f 380/311/366 381/312/367 14/14/14
f 380/311/366 14/14/14 13/13/13
f 382/313/368 383/314/369 16/16/16
f 382/313/368 16/16/16 15/15/15
f 384/315/370 385/316/371 18/18/18
f 384/315/370 18/18/18 17/17/17
f 383/314/369 375/306/361 7/7/7
f 383/314/369 7/7/7 16/16/16
f 381/312/367 384/315/370 17/17/17
f 381/312/367 17/17/17 14/14/14
f 386/317/372 382/313/368 15/15/15
f 386/317/372 15/15/15 19/19/19
f 387/318/373 388/319/374 21/21/21
f 387/318/373 21/21/21 20/20/20
f 389/320/375 387/318/373 20/20/20
f 389/320/375 20/20/20 22/22/22
f 388/319/374 390/321/376 23/23/23
f 388/319/374 23/23/23 21/21/21
f 385/316/371 389/320/375 22/22/22
f 385/316/371 22/22/22 18/18/18
f 390/321/376 386/317/372 19/19/19
f 390/321/376 19/19/19 23/23/23
f 391/322/377 392/323/378 376/307/362
f 391/322/377 376/307/362 375/306/361
f 392/323/378 393/324/379 377/308/363
f 392/323/378 377/308/363 376/307/362
f 393/324/379 394/325/380 378/309/364
f 393/324/379 378/309/364 377/308/363
f 394/325/380 395/326/381 379/310/365
f 394/325/380 379/310/365 378/309/364
f 395/326/381 396/327/382 380/311/366
f 395/326/381 380/311/366 379/310/365
f 396/327/382 397/328/383 381/312/367
f 396/327/382 381/312/367 380/311/366
f 397/328/383 398/329/384 384/315/370
f 397/328/383 384/315/370 381/312/367
f 398/329/384 399/330/385 385/316/371
f 398/329/384 385/316/371 384/315/370
f 399/330/385 400/331/386 389/320/375
f 399/330/385 389/320/375 385/316/371
f 400/331/386 401/332/387 387/318/373
f 400/331/386 387/318/373 389/320/375
f 401/332/387 402/333/388 388/319/374
f 401/332/387 388/319/374 387/318/373
f 402/333/388 403/334/389 390/321/376
f 402/333/388 390/321/376 388/319/374
f 403/334/389 404/335/390 386/317/372
f 403/334/389 386/317/372 390/321/376
f 404/335/390 405/336/391 382/313/368
f 404/335/390 382/313/368 386/317/372
f 405/336/391 406/337/392 383/314/369
f 405/336/391 383/314/369 382/313/368
f 406/337/392 391/322/377 375/306/361
f 406/337/392 375/306/361 383/314/369
f 407/338/195 408/339/197 392/323/378
f 407/338/195 392/323/378 391/322/377
f 408/339/197 409/340/393 393/324/379
f 408/339/197 393/324/379 392/323/378
f 409/340/393 410/341/201 394/325/380
f 409/340/393 394/325/380 393/324/379
f 410/341/201 411/342/394 395/326/381
f 410/341/201 395/326/381 394/325/380
f 411/342/394 412/343/395 396/327/382
f 411/342/394 396/327/382 395/326/381
f 412/343/395 413/344/207 397/328/383
f 412/343/395 397/328/383 396/327/382
f 413/344/207 414/345/355 398/329/384
f 413/344/207 398/329/384 397/328/383
f 414/345/355 415/346/354 399/330/385
f 414/345/355 399/330/385 398/329/384
f 415/346/354 416/347/359 400/331/386
f 415/346/354 400/331/386 399/330/385
f 416/347/359 417/348/358 401/332/387
f 416/347/359 401/332/387 400/331/386
f 417/348/358 418/349/357 402/333/388
f 417/348/358 402/333/388 401/332/387
f 418/349/357 419/350/396 403/334/389
f 418/349/357 403/334/389 402/333/388
f 419/350/396 420/351/397 404/335/390
f 419/350/396 404/335/390 403/334/389
f 420/351/397 421/352/398 405/336/391
f 420/351/397 405/336/391 404/335/390
f 421/352/398 422/353/399 406/337/392
f 421/352/398 406/337/392 405/336/391
f 422/353/399 407/338/195 391/322/377
f 422/353/399 391/322/377 406/337/392
f 2/2/2 423/354/400 342/273/331
f 2/2/2 342/273/331 3/3/3
f 346/277/334 424/355/401 423/354/400
f 346/277/334 423/354/400 2/2/2
f 6/6/6 425/356/402 424/355/401
f 6/6/6 424/355/401 346/277/334
f 5/5/5 353/284/339 425/356/402
f 5/5/5 425/356/402 6/6/6
f 426/357/403 427/358/404 428/359/405
f 426/357/403 428/359/405 429/360/406
f 430/361/407 431/362/258 427/358/404
f 430/361/407 427/358/404 426/357/403
f 432/363/406 433/364/408 434/365/262
f 432/363/406 434/365/262 435/366/409
f 435/366/409 434/365/262 436/367/261
f 435/366/409 436/367/261 437/368/410
f 438/369/411 284/215/273 283/214/272
f 438/369/411 283/214/272 439/370/412
f 439/370/412 283/214/272 431/362/258
f 439/370/412 431/362/258 430/361/407
f 437/368/410 436/367/261 285/216/274
f 437/368/410 285/216/274 440/371/413
f 440/371/413 285/216/274 284/215/273
f 440/371/413 284/215/273 438/369/411
f 343/274/332 426/357/403 429/360/406
f 343/274/332 429/360/406 348/279/335
f 351/282/335 432/363/406 435/366/409
f 351/282/335 435/366/409 352/283/338
f 352/283/338 435/366/409 437/368/410
f 352/283/338 437/368/410 353/284/339
f 353/284/339 437/368/410 440/371/413
f 353/284/339 440/371/413 425/356/402
f 425/356/402 440/371/413 438/369/411
f 425/356/402 438/369/411 424/355/401
f 424/355/401 438/369/411 439/370/412
f 424/355/401 439/370/412 423/354/400
f 423/354/400 439/370/412 430/361/407
f 423/354/400 430/361/407 342/273/331
f 342/273/331 430/361/407 426/357/403
f 342/273/331 426/357/403 343/274/332
f 243/174/232 441/372/414 254/185/243
f 243/174/232 254/185/243 244/175/233
f 441/372/414 442/373/415 264/195/253
f 441/372/414 264/195/253 254/185/243
f 442/373/415 443/374/416 279/210/268
f 442/373/415 279/210/268 264/195/253
f 444/375/417 445/376/418 292/223/281
f 444/375/417 292/223/281 291/222/280
f 443/374/416 446/377/419 331/262/320
f 443/374/416 331/262/320 279/210/268
f 446/377/419 444/375/417 291/222/280
f 446/377/419 291/222/280 331/262/320
f 445/376/418 447/378/420 311/242/300
f 445/376/418 311/242/300 292/223/281
f 448/124/421 196/127/185 195/126/184
f 448/124/421 195/126/184 449/125/422
f 197/128/186 450/131/423 451/130/424
f 197/128/186 451/130/424 198/129/187
f 449/125/422 195/126/184 202/133/191
f 449/125/422 202/133/191 452/132/425
f 198/129/187 451/130/424 453/135/426
f 198/129/187 453/135/426 203/134/192
f 451/130/424 454/137/427 455/136/428
f 451/130/424 455/136/428 453/135/426
f 454/137/427 456/139/429 457/138/430
f 454/137/427 457/138/430 455/136/428
f 456/139/429 458/141/431 459/140/432
f 456/139/429 459/140/432 457/138/430
f 458/141/431 460/143/433 461/142/434
f 458/141/431 461/142/434 459/140/432
f 460/143/433 462/145/435 463/144/436
f 460/143/433 463/144/436 461/142/434
f 462/145/435 464/147/437 465/146/438
f 462/145/435 465/146/438 463/144/436
f 464/147/437 466/149/439 467/148/440
f 464/147/437 467/148/440 465/146/438
f 466/149/439 452/132/425 468/150/441
f 466/149/439 468/150/441 467/148/440
f 452/132/425 202/133/191 469/379/209
f 452/132/425 469/379/209 468/150/441
f 203/134/192 453/135/426 470/153/442
f 203/134/192 470/153/442 221/152/210
f 453/135/426 455/136/428 471/154/443
f 453/135/426 471/154/443 470/153/442
f 455/136/428 457/138/430 472/155/444
f 455/136/428 472/155/444 471/154/443
f 457/138/430 459/140/432 473/156/445
f 457/138/430 473/156/445 472/155/444
f 459/140/432 461/142/434 474/157/446
f 459/140/432 474/157/446 473/156/445
f 461/142/434 463/144/436 475/158/447
f 461/142/434 475/158/447 474/157/446
f 463/144/436 465/146/438 476/159/448
f 463/144/436 476/159/448 475/158/447
f 465/146/438 467/148/440 477/160/449
f 465/146/438 477/160/449 476/159/448
f 467/148/440 468/150/441 478/380/450
f 467/148/440 478/380/450 477/160/449
f 468/150/441 469/379/209 479/381/451
f 468/150/441 479/381/451 478/380/450
f 221/152/210 470/153/442 480/164/452
f 221/152/210 480/164/452 232/163/221
f 470/153/442 471/154/443 481/165/453
f 470/153/442 481/165/453 480/164/452
f 471/154/443 472/155/444 482/166/454
f 471/154/443 482/166/454 481/165/453
f 472/155/444 473/156/445 483/167/455
f 472/155/444 483/167/455 482/166/454
f 473/156/445 474/157/446 484/168/456
f 473/156/445 484/168/456 483/167/455
f 474/157/446 475/158/447 485/169/457
f 474/157/446 485/169/457 484/168/456
f 475/158/447 476/159/448 486/170/458
f 475/158/447 486/170/458 485/169/457
f 476/159/448 477/160/449 487/171/459
f 476/159/448 487/171/459 486/170/458
f 477/160/449 478/380/450 488/172/460
f 477/160/449 488/172/460 487/171/459
f 478/380/450 479/381/451 242/173/231
f 478/380/450 242/173/231 488/172/460
f 232/163/221 480/164/452 489/175/461
f 232/163/221 489/175/461 243/174/232
f 480/164/452 481/165/453 490/176/462
f 480/164/452 490/176/462 489/175/461
f 481/165/453 482/166/454 491/177/463
f 481/165/453 491/177/463 490/176/462
f 482/166/454 483/167/455 492/178/464
f 482/166/454 492/178/464 491/177/463
f 483/167/455 484/168/456 493/179/465
f 483/167/455 493/179/465 492/178/464
f 484/168/456 485/169/457 494/180/466
f 484/168/456 494/180/466 493/179/465
f 485/169/457 486/170/458 495/181/467
f 485/169/457 495/181/467 494/180/466
f 486/170/458 487/171/459 496/182/468
f 486/170/458 496/182/468 495/181/467
f 487/171/459 488/172/460 497/183/469
f 487/171/459 497/183/469 496/182/468
f 488/172/460 242/173/231 498/382/242
f 488/172/460 498/382/242 497/183/469
f 489/175/461 490/176/462 499/186/470
f 489/175/461 499/186/470 500/185/471
f 490/176/462 491/177/463 501/187/472
f 490/176/462 501/187/472 499/186/470
f 491/177/463 492/178/464 502/188/473
f 491/177/463 502/188/473 501/187/472
f 492/178/464 493/179/465 503/189/474
f 492/178/464 503/189/474 502/188/473
f 493/179/465 494/180/466 504/190/475
f 493/179/465 504/190/475 503/189/474
f 494/180/466 495/181/467 505/191/476
f 494/180/466 505/191/476 504/190/475
f 495/181/467 496/182/468 506/192/477
f 495/181/467 506/192/477 505/191/476
f 496/182/468 497/183/469 507/193/478
f 496/182/468 507/193/478 506/192/477
f 497/183/469 498/382/242 263/194/252
f 497/183/469 263/194/252 507/193/478
f 500/185/471 499/186/470 508/196/479
f 500/185/471 508/196/479 509/195/480
f 499/186/470 501/187/472 510/197/481
f 499/186/470 510/197/481 508/196/479
f 501/187/472 502/188/473 511/198/482
f 501/187/472 511/198/482 510/197/481
f 512/199/483 513/202/484 514/201/485
f 512/199/483 514/201/485 515/200/486
f 513/202/484 516/204/487 517/203/488
f 513/202/484 517/203/488 514/201/485
f 504/190/475 505/191/476 518/206/489
f 504/190/475 518/206/489 519/205/490
f 505/191/476 506/192/477 520/207/491
f 505/191/476 520/207/491 518/206/489
f 506/192/477 507/193/478 521/208/492
f 506/192/477 521/208/492 520/207/491
f 507/193/478 263/194/252 522/383/493
f 507/193/478 522/383/493 521/208/492
f 509/195/480 508/196/479 523/211/494
f 509/195/480 523/211/494 524/210/495
f 508/196/479 510/197/481 525/212/496
f 508/196/479 525/212/496 523/211/494
f 510/197/481 511/198/482 526/213/24
f 510/197/481 526/213/24 525/212/496
f 515/200/486 514/201/485 527/215/497
f 515/200/486 527/215/497 528/214/498
f 514/201/485 517/203/488 529/216/499
f 514/201/485 529/216/499 527/215/497
f 519/205/490 518/206/489 530/218/500
f 519/205/490 530/218/500 531/217/501
f 518/206/489 520/207/491 532/219/502
f 518/206/489 532/219/502 530/218/500
f 520/207/491 521/208/492 533/220/503
f 520/207/491 533/220/503 532/219/502
f 521/208/492 522/383/493 290/221/279
f 521/208/492 290/221/279 533/220/503
f 534/222/504 535/225/505 536/224/506
f 534/222/504 536/224/506 537/223/507
f 535/225/505 538/227/508 539/226/509
f 535/225/505 539/226/509 536/224/506
f 538/227/508 540/229/510 541/228/511
f 538/227/508 541/228/511 539/226/509
f 540/229/510 542/231/512 543/230/513
f 540/229/510 543/230/513 541/228/511
f 542/231/512 544/233/514 545/232/515
f 542/231/512 545/232/515 543/230/513
f 544/233/514 546/235/516 547/234/517
f 544/233/514 547/234/517 545/232/515
f 546/235/516 548/237/518 549/236/519
f 546/235/516 549/236/519 547/234/517
f 548/237/518 550/239/520 551/238/521
f 548/237/518 551/238/521 549/236/519
f 550/239/520 310/241/299 309/240/298
f 550/239/520 309/240/298 551/238/521
f 552/245/522 553/247/523 554/246/524
f 552/245/522 554/246/524 555/244/525
f 553/247/523 556/249/526 557/248/527
f 553/247/523 557/248/527 554/246/524
f 556/249/526 558/251/528 559/250/529
f 556/249/526 559/250/529 557/248/527
f 558/251/528 560/253/530 561/252/531
f 558/251/528 561/252/531 559/250/529
f 560/253/530 562/255/532 563/254/533
f 560/253/530 563/254/533 561/252/531
f 562/255/532 564/257/534 565/256/535
f 562/255/532 565/256/535 563/254/533
f 524/210/495 523/211/494 566/263/536
f 524/210/495 566/263/536 567/262/537
f 523/211/494 525/212/496 568/264/538
f 523/211/494 568/264/538 566/263/536
f 525/212/496 526/213/24 569/265/539
f 525/212/496 569/265/539 568/264/538
f 526/213/24 570/267/540 571/266/541
f 526/213/24 571/266/541 569/265/539
f 570/267/540 531/217/501 572/268/542
f 570/267/540 572/268/542 571/266/541
f 531/217/501 530/218/500 573/269/543
f 531/217/501 573/269/543 572/268/542
f 530/218/500 532/219/502 574/270/544
f 530/218/500 574/270/544 573/269/543
f 532/219/502 533/220/503 575/271/545
f 532/219/502 575/271/545 574/270/544
f 533/220/503 290/221/279 341/272/330
f 533/220/503 341/272/330 575/271/545
f 567/262/537 566/263/536 535/225/505
f 567/262/537 535/225/505 534/222/504
f 566/263/536 568/264/538 538/227/508
f 566/263/536 538/227/508 535/225/505
f 568/264/538 569/265/539 540/229/510
f 568/264/538 540/229/510 538/227/508
f 569/265/539 571/266/541 542/231/512
f 569/265/539 542/231/512 540/229/510
f 571/266/541 572/268/542 544/233/514
f 571/266/541 544/233/514 542/231/512
f 572/268/542 573/269/543 546/235/516
f 572/268/542 546/235/516 544/233/514
f 573/269/543 574/270/544 548/237/518
f 573/269/543 548/237/518 546/235/516
f 574/270/544 575/271/545 550/239/520
f 574/270/544 550/239/520 548/237/518
f 575/271/545 341/272/330 310/241/299
f 575/271/545 310/241/299 550/239/520
f 25/3/25 576/275/546 577/274/547
f 25/3/25 577/274/547 578/384/548
f 579/276/549 24/1/24 26/2/26
f 579/276/549 26/2/26 580/277/550
f 27/4/27 579/276/549 580/277/550
f 27/4/27 580/277/550 28/6/28
f 581/385/474 582/279/551 577/274/547
f 581/385/474 577/274/547 576/275/546
f 583/280/475 584/283/552 585/386/551
f 583/280/475 585/386/551 586/281/474
f 29/5/29 587/284/553 584/283/552
f 29/5/29 584/283/552 583/280/475
f 537/223/507 536/224/506 552/245/522
f 537/223/507 552/245/522 588/242/554
f 536/224/506 539/226/509 553/247/523
f 536/224/506 553/247/523 552/245/522
f 539/226/509 541/228/511 556/249/526
f 539/226/509 556/249/526 553/247/523
f 541/228/511 543/230/513 558/251/528
f 541/228/511 558/251/528 556/249/526
f 543/230/513 545/232/515 560/253/530
f 543/230/513 560/253/530 558/251/528
f 545/232/515 547/234/517 562/255/532
f 545/232/515 562/255/532 560/253/530
f 547/234/517 549/236/519 564/257/534
f 547/234/517 564/257/534 562/255/532
f 549/236/519 551/238/521 589/260/555
f 549/236/519 589/260/555 564/257/534
f 551/238/521 309/240/298 328/259/317
f 551/238/521 328/259/317 589/260/555
f 590/285/556 357/288/343 356/287/342
f 590/285/556 356/287/342 591/286/557
f 592/289/558 361/292/347 360/291/346
f 592/289/558 360/291/346 593/290/559
f 593/290/559 360/291/346 363/294/349
f 593/290/559 363/294/349 594/293/560
f 595/295/561 365/296/351 361/292/347
f 595/295/561 361/292/347 592/289/558
f 594/293/560 363/294/349 196/127/185
f 594/293/560 196/127/185 448/124/421
f 591/286/557 356/287/342 365/296/351
f 591/286/557 365/296/351 595/295/561
f 450/131/423 590/285/556 596/298/562
f 450/131/423 596/298/562 597/297/563
f 448/124/421 449/125/422 598/300/564
f 448/124/421 598/300/564 599/299/565
f 451/130/424 450/131/423 597/297/563
f 451/130/424 597/297/563 454/137/427
f 449/125/422 452/132/425 466/149/439
f 449/125/422 466/149/439 598/300/564
f 590/285/556 591/286/557 600/301/566
f 590/285/556 600/301/566 596/298/562
f 592/289/558 593/290/559 601/303/567
f 592/289/558 601/303/567 602/302/568
f 593/290/559 594/293/560 603/304/569
f 593/290/559 603/304/569 601/303/567
f 595/295/561 592/289/558 602/302/568
f 595/295/561 602/302/568 604/305/570
f 594/293/560 448/124/421 599/299/565
f 594/293/560 599/299/565 603/304/569
f 591/286/557 595/295/561 604/305/570
f 591/286/557 604/305/570 600/301/566
f 197/128/186 357/288/343 590/285/556
f 197/128/186 590/285/556 450/131/423
f 605/306/571 30/7/30 32/8/32
f 605/306/571 32/8/32 606/307/572
f 606/307/572 32/8/32 33/10/33
f 606/307/572 33/10/33 607/308/573
f 607/308/573 33/10/33 34/11/34
f 607/308/573 34/11/34 608/309/574
f 608/309/574 34/11/34 35/12/35
f 608/309/574 35/12/35 609/310/575
f 609/310/575 35/12/35 36/13/36
f 609/310/575 36/13/36 610/311/576
f 610/311/576 36/13/36 37/14/37
f 610/311/576 37/14/37 611/312/577
f 612/313/578 38/15/38 39/16/39
f 612/313/578 39/16/39 613/314/579
f 614/315/580 40/17/40 41/18/41
f 614/315/580 41/18/41 615/316/581
f 613/314/579 39/16/39 30/7/30
f 613/314/579 30/7/30 605/306/571
f 611/312/577 37/14/37 40/17/40
f 611/312/577 40/17/40 614/315/580
f 616/317/582 42/19/42 38/15/38
f 616/317/582 38/15/38 612/313/578
f 617/318/583 43/20/43 44/21/44
f 617/318/583 44/21/44 618/319/584
f 619/320/585 45/22/45 43/20/43
f 619/320/585 43/20/43 617/318/583
f 618/319/584 44/21/44 46/23/46
f 618/319/584 46/23/46 620/321/586
f 615/316/581 41/18/41 45/22/45
f 615/316/581 45/22/45 619/320/585
f 620/321/586 46/23/46 42/19/42
f 620/321/586 42/19/42 616/317/582
f 621/322/587 605/306/571 606/307/572
f 621/322/587 606/307/572 622/323/588
f 622/323/588 606/307/572 607/308/573
f 622/323/588 607/308/573 623/324/589
f 623/324/589 607/308/573 608/309/574
f 623/324/589 608/309/574 624/325/590
f 624/325/590 608/309/574 609/310/575
f 624/325/590 609/310/575 625/326/591
f 625/326/591 609/310/575 610/311/576
f 625/326/591 610/311/576 626/327/592
f 626/327/592 610/311/576 611/312/577
f 626/327/592 611/312/577 627/328/593
f 627/328/593 611/312/577 614/315/580
f 627/328/593 614/315/580 628/329/594
f 628/329/594 614/315/580 615/316/581
f 628/329/594 615/316/581 629/330/595
f 629/330/595 615/316/581 619/320/585
f 629/330/595 619/320/585 630/331/596
f 630/331/596 619/320/585 617/318/583
f 630/331/596 617/318/583 631/332/597
f 631/332/597 617/318/583 618/319/584
f 631/332/597 618/319/584 632/333/598
f 632/333/598 618/319/584 620/321/586
f 632/333/598 620/321/586 633/334/599
f 633/334/599 620/321/586 616/317/582
f 633/334/599 616/317/582 634/335/600
f 634/335/600 616/317/582 612/313/578
f 634/335/600 612/313/578 635/336/601
f 635/336/601 612/313/578 613/314/579
f 635/336/601 613/314/579 636/337/602
f 636/337/602 613/314/579 605/306/571
f 636/337/602 605/306/571 621/322/587
f 637/338/427 621/322/587 622/323/588
f 637/338/427 622/323/588 638/339/429
f 638/339/429 622/323/588 623/324/589
f 638/339/429 623/324/589 639/340/431
f 639/340/431 623/324/589 624/325/590
f 639/340/431 624/325/590 640/341/603
f 640/341/603 624/325/590 625/326/591
f 640/341/603 625/326/591 641/342/604
f 641/342/604 625/326/591 626/327/592
f 641/342/604 626/327/592 642/343/437
f 642/343/437 626/327/592 627/328/593
f 642/343/437 627/328/593 643/344/439
f 643/344/439 627/328/593 628/329/594
f 643/344/439 628/329/594 644/345/564
f 644/345/564 628/329/594 629/330/595
f 644/345/564 629/330/595 645/346/565
f 645/346/565 629/330/595 630/331/596
f 645/346/565 630/331/596 646/347/605
f 646/347/605 630/331/596 631/332/597
f 646/347/605 631/332/597 647/348/567
f 647/348/567 631/332/597 632/333/598
f 647/348/567 632/333/598 648/349/606
f 648/349/606 632/333/598 633/334/599
f 648/349/606 633/334/599 649/350/607
f 649/350/607 633/334/599 634/335/600
f 649/350/607 634/335/600 650/351/608
f 650/351/608 634/335/600 635/336/601
f 650/351/608 635/336/601 651/352/562
f 651/352/562 635/336/601 636/337/602
f 651/352/562 636/337/602 652/353/609
f 652/353/609 636/337/602 621/322/587
f 652/353/609 621/322/587 637/338/427
f 26/2/26 25/3/25 578/384/548
f 26/2/26 578/384/548 653/354/610
f 580/277/550 26/2/26 653/354/610
f 580/277/550 653/354/610 654/355/611
f 28/6/28 580/277/550 654/355/611
f 28/6/28 654/355/611 655/356/612
f 29/5/29 28/6/28 655/356/612
f 29/5/29 655/356/612 587/284/553
f 656/357/613 657/360/614 658/359/615
f 656/357/613 658/359/615 659/358/616
f 660/361/617 656/357/613 659/358/616
f 660/361/617 659/358/616 661/362/486
f 662/363/618 663/366/619 664/365/620
f 662/363/618 664/365/620 665/364/621
f 663/366/619 666/368/622 667/367/623
f 663/366/619 667/367/623 664/365/620
f 668/387/624 669/370/625 528/214/498
f 668/387/624 528/214/498 527/215/497
f 669/370/625 660/361/617 661/362/486
f 669/370/625 661/362/486 528/214/498
f 666/368/622 670/388/626 529/216/499
f 666/368/622 529/216/499 667/367/623
f 670/388/626 668/387/624 527/215/497
f 670/388/626 527/215/497 529/216/499
f 577/274/547 582/279/551 657/360/614
f 577/274/547 657/360/614 656/357/613
f 585/386/551 584/283/552 663/366/619
f 585/386/551 663/366/619 662/363/618
f 584/283/552 587/284/553 666/368/622
f 584/283/552 666/368/622 663/366/619
f 587/284/553 655/356/612 670/388/626
f 587/284/553 670/388/626 666/368/622
f 655/356/612 654/355/611 668/387/624
f 655/356/612 668/387/624 670/388/626
f 654/355/611 653/354/610 669/370/625
f 654/355/611 669/370/625 668/387/624
f 653/354/610 578/384/548 660/361/617
f 653/354/610 660/361/617 669/370/625
f 578/384/548 577/274/547 656/357/613
f 578/384/548 656/357/613 660/361/617
f 243/174/232 489/175/461 500/185/471
f 243/174/232 500/185/471 441/372/414
f 441/372/414 500/185/471 509/195/480
f 441/372/414 509/195/480 442/373/415
f 442/373/415 509/195/480 524/210/495
f 442/373/415 524/210/495 443/374/416
f 444/375/417 534/222/504 537/223/507
f 444/375/417 537/223/507 445/376/418
f 443/374/416 524/210/495 567/262/537
f 443/374/416 567/262/537 446/377/419
f 446/377/419 567/262/537 534/222/504
f 446/377/419 534/222/504 444/375/417
f 445/376/418 537/223/507 588/242/554
f 445/376/418 588/242/554 447/378/420
f 589/260/555 671/261/627 565/256/535
f 589/260/555 565/256/535 564/257/534
f 672/389/628 447/378/420 588/242/554
f 672/389/628 588/242/554 673/243/629
f 672/389/628 312/243/301 311/242/300
f 672/389/628 311/242/300 447/378/420
f 588/242/554 552/245/522 555/244/525
f 588/242/554 555/244/525 673/243/629
f 327/258/316 671/261/627 589/260/555
f 327/258/316 589/260/555 328/259/317
f 330/261/319 329/260/318 326/257/315
f 330/261/319 326/257/315 325/256/314
f 674/390/630 675/391/631 676/392/632
f 674/390/630 676/392/632 677/393/633
f 675/391/631 678/394/634 679/395/635
f 675/391/631 679/395/635 676/392/632
f 678/394/634 680/396/636 681/397/637
f 678/394/634 681/397/637 679/395/635
f 680/396/636 682/398/638 683/399/639
f 680/396/636 683/399/639 681/397/637
f 682/398/638 684/400/640 685/401/641
f 682/398/638 685/401/641 683/399/639
f 684/400/640 686/402/642 687/403/643
f 684/400/640 687/403/643 685/401/641
f 686/402/642 688/404/644 689/405/645
f 686/402/642 689/405/645 687/403/643
f 688/404/644 690/406/646 691/407/647
f 688/404/644 691/407/647 689/405/645
f 690/406/646 692/408/648 693/409/649
f 690/406/646 693/409/649 691/407/647
f 692/408/648 694/406/650 695/407/651
f 692/408/648 695/407/651 696/410/649
f 694/406/650 697/411/652 698/412/653
f 694/406/650 698/412/653 695/407/651
f 697/411/652 699/413/654 700/414/655
f 697/411/652 700/414/655 698/412/653
f 699/413/654 701/415/656 702/416/657
f 699/413/654 702/416/657 700/414/655
f 701/415/656 703/417/658 704/399/659
f 701/415/656 704/399/659 702/416/657
f 703/417/658 705/418/660 706/419/661
f 703/417/658 706/419/661 704/399/659
f 705/418/660 707/420/662 708/421/663
f 705/418/660 708/421/663 706/419/661
f 707/420/662 709/422/664 710/423/665
f 707/420/662 710/423/665 708/421/663
f 709/422/664 711/390/666 712/424/667
f 709/422/664 712/424/667 710/423/665
f 711/390/666 713/425/668 714/426/669
f 711/390/666 714/426/669 712/424/667
f 713/425/668 674/390/630 677/393/633
f 713/425/668 677/393/633 714/426/669
f 677/393/633 676/392/632 715/427/670
f 677/393/633 715/427/670 716/428/671
f 676/392/632 679/395/635 717/429/672
f 676/392/632 717/429/672 715/427/670
f 679/395/635 681/397/637 718/430/673
f 679/395/635 718/430/673 717/429/672
f 681/397/637 683/399/639 719/431/674
f 681/397/637 719/431/674 718/430/673
f 683/399/639 685/401/641 720/432/675
f 683/399/639 720/432/675 719/431/674
f 685/401/641 687/403/643 721/433/676
f 685/401/641 721/433/676 720/432/675
f 687/403/643 689/405/645 722/434/677
f 687/403/643 722/434/677 721/433/676
f 689/405/645 691/407/647 723/435/678
f 689/405/645 723/435/678 722/434/677
f 691/407/647 693/409/649 724/436/679
f 691/407/647 724/436/679 723/435/678
f 696/410/649 695/407/651 725/437/680
f 696/410/649 725/437/680 726/438/681
f 695/407/651 698/412/653 727/439/682
f 695/407/651 727/439/682 725/437/680
f 698/412/653 700/414/655 728/440/683
f 698/412/653 728/440/683 727/439/682
f 700/414/655 702/416/657 729/441/684
f 700/414/655 729/441/684 728/440/683
f 702/416/657 704/399/659 730/442/685
f 702/416/657 730/442/685 729/441/684
f 704/399/659 706/419/661 731/443/686
f 704/399/659 731/443/686 730/442/685
f 706/419/661 708/421/663 732/444/687
f 706/419/661 732/444/687 731/443/686
f 708/421/663 710/423/665 733/445/688
f 708/421/663 733/445/688 732/444/687
f 710/423/665 712/424/667 734/446/689
f 710/423/665 734/446/689 733/445/688
f 712/424/667 714/426/669 735/447/690
f 712/424/667 735/447/690 734/446/689
f 714/426/669 677/393/633 716/428/671
f 714/426/669 716/428/671 735/447/690
f 716/428/671 715/427/670 736/448/691
f 716/428/671 736/448/691 737/449/692
f 715/427/670 717/429/672 738/450/693
f 715/427/670 738/450/693 736/448/691
f 717/429/672 718/430/673 739/451/694
f 717/429/672 739/451/694 738/450/693
f 718/430/673 719/431/674 740/452/695
f 718/430/673 740/452/695 739/451/694
f 719/431/674 720/432/675 741/453/696
f 719/431/674 741/453/696 740/452/695
f 720/432/675 721/433/676 742/454/697
f 720/432/675 742/454/697 741/453/696
f 721/433/676 722/434/677 743/455/698
f 721/433/676 743/455/698 742/454/697
f 722/434/677 723/435/678 744/456/699
f 722/434/677 744/456/699 743/455/698
f 723/435/678 724/436/679 745/457/700
f 723/435/678 745/457/700 744/456/699
f 726/438/681 725/437/680 746/458/701
f 726/438/681 746/458/701 747/459/700
f 725/437/680 727/439/682 748/460/702
f 725/437/680 748/460/702 746/458/701
f 727/439/682 728/440/683 749/461/703
f 727/439/682 749/461/703 748/460/702
f 728/440/683 729/441/684 750/462/704
f 728/440/683 750/462/704 749/461/703
f 729/441/684 730/442/685 751/463/705
f 729/441/684 751/463/705 750/462/704
f 730/442/685 731/443/686 752/464/706
f 730/442/685 752/464/706 751/463/705
f 731/443/686 732/444/687 753/465/707
f 731/443/686 753/465/707 752/464/706
f 732/444/687 733/445/688 754/466/708
f 732/444/687 754/466/708 753/465/707
f 733/445/688 734/446/689 755/467/709
f 733/445/688 755/467/709 754/466/708
f 734/446/689 735/447/690 756/468/710
f 734/446/689 756/468/710 755/467/709
f 735/447/690 716/428/671 737/449/692
f 735/447/690 737/449/692 756/468/710
f 736/448/691 757/469/711 758/470/712
f 736/448/691 758/470/712 737/449/692
f 738/450/693 759/471/713 757/469/711
f 738/450/693 757/469/711 736/448/691
f 739/451/694 760/472/714 759/471/713
f 739/451/694 759/471/713 738/450/693
f 740/452/695 761/473/715 760/472/714
f 740/452/695 760/472/714 739/451/694
f 741/453/696 762/474/716 761/473/715
f 741/453/696 761/473/715 740/452/695
f 742/454/697 763/475/717 762/474/716
f 742/454/697 762/474/716 741/453/696
f 743/455/698 764/476/718 763/475/717
f 743/455/698 763/475/717 742/454/697
f 744/456/699 765/477/719 764/476/718
f 744/456/699 764/476/718 743/455/698
f 745/457/700 766/478/720 765/477/719
f 745/457/700 765/477/719 744/456/699
f 746/458/701 767/479/721 768/480/722
f 746/458/701 768/480/722 747/459/700
f 748/460/702 769/481/723 767/479/721
f 748/460/702 767/479/721 746/458/701
f 749/461/703 770/482/724 769/481/723
f 749/461/703 769/481/723 748/460/702
f 750/462/704 771/483/725 770/482/724
f 750/462/704 770/482/724 749/461/703
f 751/463/705 772/484/726 771/483/725
f 751/463/705 771/483/725 750/462/704
f 752/464/706 773/485/727 772/484/726
f 752/464/706 772/484/726 751/463/705
f 753/465/707 774/486/728 773/485/727
f 753/465/707 773/485/727 752/464/706
f 754/466/708 775/469/729 774/486/728
f 754/466/708 774/486/728 753/465/707
f 755/467/709 776/487/730 775/469/729
f 755/467/709 775/469/729 754/466/708
f 756/468/710 777/488/731 776/487/730
f 756/468/710 776/487/730 755/467/709
f 737/449/692 758/470/712 777/488/731
f 737/449/692 777/488/731 756/468/710
f 757/469/711 778/489/732 779/490/733
f 757/469/711 779/490/733 758/470/712
f 759/471/713 780/491/734 778/489/732
f 759/471/713 778/489/732 757/469/711
f 760/472/714 781/492/735 780/491/734
f 760/472/714 780/491/734 759/471/713
f 761/473/715 782/493/736 781/492/735
f 761/473/715 781/492/735 760/472/714
f 762/474/716 783/494/737 782/493/736
f 762/474/716 782/493/736 761/473/715
f 763/475/717 784/495/738 783/494/737
f 763/475/717 783/494/737 762/474/716
f 764/476/718 785/496/739 784/495/738
f 764/476/718 784/495/738 763/475/717
f 765/477/719 786/497/740 785/496/739
f 765/477/719 785/496/739 764/476/718
f 766/478/720 787/498/741 786/497/740
f 766/478/720 786/497/740 765/477/719
f 767/479/721 788/497/742 787/498/741
f 767/479/721 787/498/741 768/480/722
f 769/481/723 789/499/743 788/497/742
f 769/481/723 788/497/742 767/479/721
f 770/482/724 790/495/744 789/499/743
f 770/482/724 789/499/743 769/481/723
f 771/483/725 791/500/745 790/495/744
f 771/483/725 790/495/744 770/482/724
f 772/484/726 792/493/746 791/500/745
f 772/484/726 791/500/745 771/483/725
f 773/485/727 793/501/747 792/493/746
f 773/485/727 792/493/746 772/484/726
f 774/486/728 794/502/748 793/501/747
f 774/486/728 793/501/747 773/485/727
f 775/469/729 795/503/749 794/502/748
f 775/469/729 794/502/748 774/486/728
f 776/487/730 796/490/750 795/503/749
f 776/487/730 795/503/749 775/469/729
f 777/488/731 797/504/751 796/490/750
f 777/488/731 796/490/750 776/487/730
f 758/470/712 779/490/733 797/504/751
f 758/470/712 797/504/751 777/488/731
f 779/490/733 778/489/732 798/505/752
f 779/490/733 798/505/752 799/506/753
f 778/489/732 780/491/734 800/507/754
f 778/489/732 800/507/754 798/505/752
f 780/491/734 781/492/735 801/508/755
f 780/491/734 801/508/755 800/507/754
f 781/492/735 782/493/736 802/509/756
f 781/492/735 802/509/756 801/508/755
f 782/493/736 783/494/737 803/510/757
f 782/493/736 803/510/757 802/509/756
f 783/494/737 784/495/738 804/511/758
f 783/494/737 804/511/758 803/510/757
f 784/495/738 785/496/739 805/512/759
f 784/495/738 805/512/759 804/511/758
f 785/496/739 786/497/740 806/513/760
f 785/496/739 806/513/760 805/512/759
f 786/497/740 787/498/741 807/514/761
f 786/497/740 807/514/761 806/513/760
f 787/498/741 788/497/742 808/515/762
f 787/498/741 808/515/762 807/514/761
f 788/497/742 789/499/743 809/516/763
f 788/497/742 809/516/763 808/515/762
f 789/499/743 790/495/744 810/517/764
f 789/499/743 810/517/764 809/516/763
f 790/495/744 791/500/745 811/518/765
f 790/495/744 811/518/765 810/517/764
f 791/500/745 792/493/746 812/509/766
f 791/500/745 812/509/766 811/518/765
f 792/493/746 793/501/747 813/519/767
f 792/493/746 813/519/767 812/509/766
f 793/501/747 794/502/748 814/507/768
f 793/501/747 814/507/768 813/519/767
f 794/502/748 795/503/749 815/505/769
f 794/502/748 815/505/769 814/507/768
f 795/503/749 796/490/750 816/506/770
f 795/503/749 816/506/770 815/505/769
f 796/490/750 797/504/751 817/520/771
f 796/490/750 817/520/771 816/506/770
f 797/504/751 779/490/733 799/506/753
f 797/504/751 799/506/753 817/520/771
f 798/505/752 818/521/772 819/522/773
f 798/505/752 819/522/773 799/506/753
f 800/507/754 820/523/774 818/521/772
f 800/507/754 818/521/772 798/505/752
f 801/508/755 821/524/775 820/523/774
f 801/508/755 820/523/774 800/507/754
f 802/509/756 822/525/776 821/524/775
f 802/509/756 821/524/775 801/508/755
f 803/510/757 823/526/777 822/525/776
f 803/510/757 822/525/776 802/509/756
f 804/511/758 824/527/778 823/526/777
f 804/511/758 823/526/777 803/510/757
f 805/512/759 825/528/779 824/527/778
f 805/512/759 824/527/778 804/511/758
f 806/513/760 826/529/780 825/528/779
f 806/513/760 825/528/779 805/512/759
f 807/514/761 827/530/781 826/529/780
f 807/514/761 826/529/780 806/513/760
f 808/515/762 828/531/782 827/530/781
f 808/515/762 827/530/781 807/514/761
f 809/516/763 829/532/783 828/531/782
f 809/516/763 828/531/782 808/515/762
f 810/517/764 830/533/784 829/532/783
f 810/517/764 829/532/783 809/516/763
f 811/518/765 831/534/785 830/533/784
f 811/518/765 830/533/784 810/517/764
f 812/509/766 832/535/786 831/534/785
f 812/509/766 831/534/785 811/518/765
f 813/519/767 833/536/787 832/535/786
f 813/519/767 832/535/786 812/509/766
f 814/507/768 834/537/788 833/536/787
f 814/507/768 833/536/787 813/519/767
f 815/505/769 835/538/789 834/537/788
f 815/505/769 834/537/788 814/507/768
f 816/506/770 836/539/790 835/538/789
f 816/506/770 835/538/789 815/505/769
f 817/520/771 837/540/791 836/539/790
f 817/520/771 836/539/790 816/506/770
f 799/506/753 819/522/773 837/540/791
f 799/506/753 837/540/791 817/520/771
f 818/521/772 838/541/792 839/542/793
f 818/521/772 839/542/793 819/522/773
f 820/523/774 840/543/794 838/541/792
f 820/523/774 838/541/792 818/521/772
f 821/524/775 841/544/795 840/543/794
f 821/524/775 840/543/794 820/523/774
f 822/525/776 842/545/796 841/544/795
f 822/525/776 841/544/795 821/524/775
f 823/526/777 843/546/797 842/545/796
f 823/526/777 842/545/796 822/525/776
f 824/527/778 844/547/798 843/546/797
f 824/527/778 843/546/797 823/526/777
f 825/528/779 845/548/799 844/547/798
f 825/528/779 844/547/798 824/527/778
f 826/529/780 846/549/800 845/548/799
f 826/529/780 845/548/799 825/528/779
f 827/530/781 847/550/801 846/549/800
f 827/530/781 846/549/800 826/529/780
f 828/531/782 848/551/802 847/550/801
f 828/531/782 847/550/801 827/530/781
f 829/532/783 849/552/803 848/551/802
f 829/532/783 848/551/802 828/531/782
f 830/533/784 850/553/804 849/552/803
f 830/533/784 849/552/803 829/532/783
f 831/534/785 851/546/805 850/553/804
f 831/534/785 850/553/804 830/533/784
f 832/535/786 852/545/806 851/546/805
f 832/535/786 851/546/805 831/534/785
f 833/536/787 853/554/807 852/545/806
f 833/536/787 852/545/806 832/535/786
f 834/537/788 854/543/808 853/554/807
f 834/537/788 853/554/807 833/536/787
f 835/538/789 855/555/809 854/543/808
f 835/538/789 854/543/808 834/537/788
f 836/539/790 856/556/810 855/555/809
f 836/539/790 855/555/809 835/538/789
f 837/540/791 857/557/811 856/556/810
f 837/540/791 856/556/810 836/539/790
f 819/522/773 839/542/793 857/557/811
f 819/522/773 857/557/811 837/540/791
f 838/541/792 48/25/48 47/24/47
f 838/541/792 47/24/47 839/542/793
f 840/543/794 50/27/50 48/25/48
f 840/543/794 48/25/48 838/541/792
f 841/544/795 51/28/51 50/27/50
f 841/544/795 50/27/50 840/543/794
f 842/545/796 52/29/52 51/28/51
f 842/545/796 51/28/51 841/544/795
f 843/546/797 53/30/53 52/29/52
f 843/546/797 52/29/52 842/545/796
f 844/547/798 54/31/54 53/30/53
f 844/547/798 53/30/53 843/546/797
f 845/548/799 55/32/55 54/31/54
f 845/548/799 54/31/54 844/547/798
f 846/549/800 56/33/56 55/32/55
f 846/549/800 55/32/55 845/548/799
f 847/550/801 57/34/57 56/33/56
f 847/550/801 56/33/56 846/549/800
f 848/551/802 59/36/58 58/35/57
f 848/551/802 58/35/57 847/550/801
f 849/552/803 60/37/59 59/36/58
f 849/552/803 59/36/58 848/551/802
f 850/553/804 61/38/60 60/37/59
f 850/553/804 60/37/59 849/552/803
f 851/546/805 62/39/61 61/38/60
f 851/546/805 61/38/60 850/553/804
f 852/545/806 63/40/62 62/39/61
f 852/545/806 62/39/61 851/546/805
f 853/554/807 64/41/63 63/40/62
f 853/554/807 63/40/62 852/545/806
f 854/543/808 65/42/64 64/41/63
f 854/543/808 64/41/63 853/554/807
f 855/555/809 66/25/65 65/42/64
f 855/555/809 65/42/64 854/543/808
f 856/556/810 67/43/66 66/25/65
f 856/556/810 66/25/65 855/555/809
f 857/557/811 68/44/67 67/43/66
f 857/557/811 67/43/66 856/556/810
f 839/542/793 47/24/47 68/44/67
f 839/542/793 68/44/67 857/557/811
f 858/558/812 859/559/813 860/560/814
f 858/558/812 860/560/814 861/561/815
f 859/559/813 862/562/816 863/563/817
f 859/559/813 863/563/817 860/560/814
f 864/564/818 865/565/819 866/566/820
f 864/564/818 866/566/820 867/567/821
f 865/565/819 868/568/822 869/569/823
f 865/565/819 869/569/823 866/566/820
f 868/568/822 870/570/824 871/571/825
f 868/568/822 871/571/825 869/569/823
f 870/570/824 858/558/812 861/561/815
f 870/570/824 861/561/815 871/571/825
f 861/561/815 860/560/814 872/572/826
f 861/561/815 872/572/826 873/573/827
f 860/560/814 863/563/817 874/574/828
f 860/560/814 874/574/828 872/572/826
f 867/567/821 866/566/820 875/575/829
f 867/567/821 875/575/829 876/576/830
f 866/566/820 869/569/823 877/577/831
f 866/566/820 877/577/831 875/575/829
f 869/569/823 871/571/825 878/578/832
f 869/569/823 878/578/832 877/577/831
f 871/571/825 861/561/815 873/573/827
f 871/571/825 873/573/827 878/578/832
f 873/573/827 872/572/826 879/579/833
f 873/573/827 879/579/833 880/580/834
f 872/572/826 874/574/828 881/581/835
f 872/572/826 881/581/835 879/579/833
f 876/576/830 875/575/829 882/582/836
f 876/576/830 882/582/836 883/583/837
f 875/575/829 877/577/831 884/584/838
f 875/575/829 884/584/838 882/582/836
f 877/577/831 878/578/832 885/585/839
f 877/577/831 885/585/839 884/584/838
f 878/578/832 873/573/827 880/580/834
f 878/578/832 880/580/834 885/585/839
f 880/580/834 879/579/833 886/586/840
f 880/580/834 886/586/840 887/587/841
f 879/579/833 881/581/835 888/588/842
f 879/579/833 888/588/842 886/586/840
f 883/583/837 882/582/836 889/589/843
f 883/583/837 889/589/843 890/590/844
f 882/582/836 884/584/838 891/591/845
f 882/582/836 891/591/845 889/589/843
f 884/584/838 885/585/839 892/592/846
f 884/584/838 892/592/846 891/591/845
f 885/585/839 880/580/834 887/587/841
f 885/585/839 887/587/841 892/592/846
f 887/587/841 886/586/840 70/46/69
f 887/587/841 70/46/69 69/45/68
f 886/586/840 888/588/842 72/48/71
f 886/586/840 72/48/71 70/46/69
f 890/590/844 889/589/843 74/50/73
f 890/590/844 74/50/73 73/49/72
f 889/589/843 891/591/845 75/51/74
f 889/589/843 75/51/74 74/50/73
f 891/591/845 892/592/846 76/52/75
f 891/591/845 76/52/75 75/51/74
f 892/592/846 887/587/841 69/45/68
f 892/592/846 69/45/68 76/52/75
s 0
f 893/593/76 894/594/76 895/595/76
f 893/593/76 895/595/76 896/596/76
f 897/597/76 895/595/76 894/594/76
f 897/597/76 894/594/76 898/598/76
f 79/55/76 78/54/76 895/595/76
f 79/55/76 895/595/76 897/597/76
f 896/596/76 895/595/76 78/54/76
f 896/596/76 78/54/76 80/56/76
s 1
f 82/58/78 81/57/77 899/599/847
f 82/58/78 899/599/847 900/600/848
f 81/57/77 84/60/80 901/601/849
f 81/57/77 901/601/849 899/599/847
f 84/60/80 85/61/81 902/602/850
f 84/60/80 902/602/850 901/601/849
f 85/61/81 86/62/82 903/603/851
f 85/61/81 903/603/851 902/602/850
f 86/62/82 87/63/83 904/604/852
f 86/62/82 904/604/852 903/603/851
f 87/63/83 88/64/84 905/605/853
f 87/63/83 905/605/853 904/604/852
f 88/64/84 89/65/85 906/606/854
f 88/64/84 906/606/854 905/605/853
f 89/65/85 90/66/86 907/607/855
f 89/65/85 907/607/855 906/606/854
f 90/66/86 91/67/87 908/608/856
f 90/66/86 908/608/856 907/607/855
f 91/67/87 92/68/88 909/609/857
f 91/67/87 909/609/857 908/608/856
f 92/68/88 93/69/89 910/610/858
f 92/68/88 910/610/858 909/609/857
f 93/69/89 94/70/90 911/611/859
f 93/69/89 911/611/859 910/610/858
f 94/70/90 95/71/91 912/612/860
f 94/70/90 912/612/860 911/611/859
f 95/71/91 96/72/92 913/613/861
f 95/71/91 913/613/861 912/612/860
f 96/72/92 97/73/93 914/614/862
f 96/72/92 914/614/862 913/613/861
f 97/73/93 98/74/94 915/615/863
f 97/73/93 915/615/863 914/614/862
f 98/74/94 99/75/95 916/616/864
f 98/74/94 916/616/864 915/615/863
f 99/75/95 100/76/96 917/617/865
f 99/75/95 917/617/865 916/616/864
f 100/76/96 101/77/97 918/618/866
f 100/76/96 918/618/866 917/617/865
f 101/77/97 82/58/78 900/600/848
f 101/77/97 900/600/848 918/618/866
f 900/600/848 899/599/847 919/619/867
f 900/600/848 919/619/867 920/620/868
f 899/599/847 901/601/849 921/621/869
f 899/599/847 921/621/869 919/619/867
f 901/601/849 902/602/850 922/622/870
f 901/601/849 922/622/870 921/621/869
f 902/602/850 903/603/851 923/623/871
f 902/602/850 923/623/871 922/622/870
f 903/603/851 904/604/852 924/624/872
f 903/603/851 924/624/872 923/623/871
f 904/604/852 905/605/853 925/625/873
f 904/604/852 925/625/873 924/624/872
f 905/605/853 906/606/854 926/626/874
f 905/605/853 926/626/874 925/625/873
f 906/606/854 907/607/855 927/627/875
f 906/606/854 927/627/875 926/626/874
f 907/607/855 908/608/856 928/628/876
f 907/607/855 928/628/876 927/627/875
f 908/608/856 909/609/857 929/629/877
f 908/608/856 929/629/877 928/628/876
f 909/609/857 910/610/858 930/630/878
f 909/609/857 930/630/878 929/629/877
f 910/610/858 911/611/859 931/631/879
f 910/610/858 931/631/879 930/630/878
f 911/611/859 912/612/860 932/632/880
f 911/611/859 932/632/880 931/631/879
f 912/612/860 913/613/861 933/633/881
f 912/612/860 933/633/881 932/632/880
f 913/613/861 914/614/862 934/634/882
f 913/613/861 934/634/882 933/633/881
f 914/614/862 915/615/863 935/635/883
f 914/614/862 935/635/883 934/634/882
f 915/615/863 916/616/864 936/636/884
f 915/615/863 936/636/884 935/635/883
f 916/616/864 917/617/865 937/637/885
f 916/616/864 937/637/885 936/636/884
f 917/617/865 918/618/866 938/638/886
f 917/617/865 938/638/886 937/637/885
f 918/618/866 900/600/848 920/620/868
f 918/618/866 920/620/868 938/638/886
f 920/620/868 919/619/867 939/639/887
f 920/620/868 939/639/887 940/640/888
f 919/619/867 921/621/869 941/641/889
f 919/619/867 941/641/889 939/639/887
f 921/621/869 922/622/870 942/642/890
f 921/621/869 942/642/890 941/641/889
f 922/622/870 923/623/871 943/643/891
f 922/622/870 943/643/891 942/642/890
f 923/623/871 924/624/872 944/644/892
f 923/623/871 944/644/892 943/643/891
f 924/624/872 925/625/873 945/645/893
f 924/624/872 945/645/893 944/644/892
f 925/625/873 926/626/874 946/646/894
f 925/625/873 946/646/894 945/645/893
f 926/626/874 927/627/875 947/647/895
f 926/626/874 947/647/895 946/646/894
f 927/627/875 928/628/876 948/648/896
f 927/627/875 948/648/896 947/647/895
f 928/628/876 929/629/877 949/649/897
f 928/628/876 949/649/897 948/648/896
f 929/629/877 930/630/878 950/650/898
f 929/629/877 950/650/898 949/649/897
f 930/630/878 931/631/879 951/651/899
f 930/630/878 951/651/899 950/650/898
f 931/631/879 932/632/880 952/652/900
f 931/631/879 952/652/900 951/651/899
f 932/632/880 933/633/881 953/653/901
f 932/632/880 953/653/901 952/652/900
f 933/633/881 934/634/882 954/654/902
f 933/633/881 954/654/902 953/653/901
f 934/634/882 935/635/883 955/655/903
f 934/634/882 955/655/903 954/654/902
f 935/635/883 936/636/884 956/656/904
f 935/635/883 956/656/904 955/655/903
f 936/636/884 937/637/885 957/657/905
f 936/636/884 957/657/905 956/656/904
f 937/637/885 938/638/886 958/658/906
f 937/637/885 958/658/906 957/657/905
f 938/638/886 920/620/868 940/640/888
f 938/638/886 940/640/888 958/658/906
f 940/640/888 939/639/887 959/659/907
f 940/640/888 959/659/907 960/660/908
f 939/639/887 941/641/889 961/661/909
f 939/639/887 961/661/909 959/659/907
f 941/641/889 942/642/890 962/662/910
f 941/641/889 962/662/910 961/661/909
f 942/642/890 943/643/891 963/663/911
f 942/642/890 963/663/911 962/662/910
f 943/643/891 944/644/892 964/664/912
f 943/643/891 964/664/912 963/663/911
f 944/644/892 945/645/893 965/665/913
f 944/644/892 965/665/913 964/664/912
f 945/645/893 946/646/894 966/666/914
f 945/645/893 966/666/914 965/665/913
f 946/646/894 947/647/895 967/667/915
f 946/646/894 967/667/915 966/666/914
f 947/647/895 948/648/896 968/668/916
f 947/647/895 968/668/916 967/667/915
f 948/648/896 949/649/897 969/669/917
f 948/648/896 969/669/917 968/668/916
f 949/649/897 950/650/898 970/670/918
f 949/649/897 970/670/918 969/669/917
f 950/650/898 951/651/899 971/671/919
f 950/650/898 971/671/919 970/670/918
f 951/651/899 952/652/900 972/672/920
f 951/651/899 972/672/920 971/671/919
f 952/652/900 953/653/901 973/673/921
f 952/652/900 973/673/921 972/672/920
f 953/653/901 954/654/902 974/674/922
f 953/653/901 974/674/922 973/673/921
f 954/654/902 955/655/903 975/675/923
f 954/654/902 975/675/923 974/674/922
f 955/655/903 956/656/904 976/676/924
f 955/655/903 976/676/924 975/675/923
f 956/656/904 957/657/905 977/677/925
f 956/656/904 977/677/925 976/676/924
f 957/657/905 958/658/906 978/678/926
f 957/657/905 978/678/926 977/677/925
f 958/658/906 940/640/888 960/660/908
f 958/658/906 960/660/908 978/678/926
f 960/660/908 959/659/907 979/679/927
f 960/660/908 979/679/927 980/680/928
f 959/659/907 961/661/909 981/681/929
f 959/659/907 981/681/929 979/679/927
f 961/661/909 962/662/910 982/682/930
f 961/661/909 982/682/930 981/681/929
f 962/662/910 963/663/911 983/683/931
f 962/662/910 983/683/931 982/682/930
f 963/663/911 964/664/912 984/684/932
f 963/663/911 984/684/932 983/683/931
f 964/664/912 965/665/913 985/685/933
f 964/664/912 985/685/933 984/684/932
f 965/665/913 966/666/914 986/686/934
f 965/665/913 986/686/934 985/685/933
f 966/666/914 967/667/915 987/687/935
f 966/666/914 987/687/935 986/686/934
f 967/667/915 968/668/916 988/688/936
f 967/667/915 988/688/936 987/687/935
f 968/668/916 969/669/917 989/689/937
f 968/668/916 989/689/937 988/688/936
f 969/669/917 970/670/918 990/690/938
f 969/669/917 990/690/938 989/689/937
f 970/670/918 971/671/919 991/691/939
f 970/670/918 991/691/939 990/690/938
f 971/671/919 972/672/920 992/692/940
f 971/671/919 992/692/940 991/691/939
f 972/672/920 973/673/921 993/693/941
f 972/672/920 993/693/941 992/692/940
f 973/673/921 974/674/922 994/694/942
f 973/673/921 994/694/942 993/693/941
f 974/674/922 975/675/923 995/695/943
f 974/674/922 995/695/943 994/694/942
f 975/675/923 976/676/924 996/696/944
f 975/675/923 996/696/944 995/695/943
f 976/676/924 977/677/925 997/697/945
f 976/676/924 997/697/945 996/696/944
f 977/677/925 978/678/926 998/698/946
f 977/677/925 998/698/946 997/697/945
f 978/678/926 960/660/908 980/680/928
f 978/678/926 980/680/928 998/698/946
f 980/680/928 979/679/927 999/699/947
f 980/680/928 999/699/947 1000/700/948
f 979/679/927 981/681/929 1001/701/949
f 979/679/927 1001/701/949 999/699/947
f 981/681/929 982/682/930 1002/702/950
f 981/681/929 1002/702/950 1001/701/949
f 982/682/930 983/683/931 1003/703/951
f 982/682/930 1003/703/951 1002/702/950
f 983/683/931 984/684/932 1004/704/952
f 983/683/931 1004/704/952 1003/703/951
f 984/684/932 985/685/933 1005/705/953
f 984/684/932 1005/705/953 1004/704/952
f 985/685/933 986/686/934 1006/706/954
f 985/685/933 1006/706/954 1005/705/953
f 986/686/934 987/687/935 1007/707/955
f 986/686/934 1007/707/955 1006/706/954
f 987/687/935 988/688/936 1008/708/956
f 987/687/935 1008/708/956 1007/707/955
f 988/688/936 989/689/937 1009/709/957
f 988/688/936 1009/709/957 1008/708/956
f 989/689/937 990/690/938 1010/710/958
f 989/689/937 1010/710/958 1009/709/957
f 990/690/938 991/691/939 1011/711/959
f 990/690/938 1011/711/959 1010/710/958
f 991/691/939 992/692/940 1012/712/960
f 991/691/939 1012/712/960 1011/711/959
f 992/692/940 993/693/941 1013/713/961
f 992/692/940 1013/713/961 1012/712/960
f 993/693/941 994/694/942 1014/714/962
f 993/693/941 1014/714/962 1013/713/961
f 994/694/942 995/695/943 1015/715/963
f 994/694/942 1015/715/963 1014/714/962
f 995/695/943 996/696/944 1016/716/964
f 995/695/943 1016/716/964 1015/715/963
f 996/696/944 997/697/945 1017/717/965
f 996/696/944 1017/717/965 1016/716/964
f 997/697/945 998/698/946 1018/718/966
f 997/697/945 1018/718/966 1017/717/965
f 998/698/946 980/680/928 1000/700/948
f 998/698/946 1000/700/948 1018/718/966
f 1000/700/948 999/699/947 1019/719/967
f 1000/700/948 1019/719/967 1020/720/968
f 999/699/947 1001/701/949 1021/721/969
f 999/699/947 1021/721/969 1019/719/967
f 1001/701/949 1002/702/950 1022/722/970
f 1001/701/949 1022/722/970 1021/721/969
f 1002/702/950 1003/703/951 1023/723/971
f 1002/702/950 1023/723/971 1022/722/970
f 1003/703/951 1004/704/952 1024/724/972
f 1003/703/951 1024/724/972 1023/723/971
f 1004/704/952 1005/705/953 1025/725/973
f 1004/704/952 1025/725/973 1024/724/972
f 1005/705/953 1006/706/954 1026/726/974
f 1005/705/953 1026/726/974 1025/725/973
f 1006/706/954 1007/707/955 1027/727/975
f 1006/706/954 1027/727/975 1026/726/974
f 1007/707/955 1008/708/956 1028/728/976
f 1007/707/955 1028/728/976 1027/727/975
f 1008/708/956 1009/709/957 1029/729/977
f 1008/708/956 1029/729/977 1028/728/976
f 1009/709/957 1010/710/958 1030/730/978
f 1009/709/957 1030/730/978 1029/729/977
f 1010/710/958 1011/711/959 1031/731/979
f 1010/710/958 1031/731/979 1030/730/978
f 1011/711/959 1012/712/960 1032/732/980
f 1011/711/959 1032/732/980 1031/731/979
f 1012/712/960 1013/713/961 1033/733/981
f 1012/712/960 1033/733/981 1032/732/980
f 1013/713/961 1014/714/962 1034/734/982
f 1013/713/961 1034/734/982 1033/733/981
f 1014/714/962 1015/715/963 1035/735/983
f 1014/714/962 1035/735/983 1034/734/982
f 1015/715/963 1016/716/964 1036/736/984
f 1015/715/963 1036/736/984 1035/735/983
f 1016/716/964 1017/717/965 1037/737/985
f 1016/716/964 1037/737/985 1036/736/984
f 1017/717/965 1018/718/966 1038/738/986
f 1017/717/965 1038/738/986 1037/737/985
f 1018/718/966 1000/700/948 1020/720/968
f 1018/718/966 1020/720/968 1038/738/986
f 1020/720/968 1019/719/967 1039/739/987
f 1020/720/968 1039/739/987 1040/740/988
f 1019/719/967 1021/721/969 1041/741/989
f 1019/719/967 1041/741/989 1039/739/987
f 1021/721/969 1022/722/970 1042/742/990
f 1021/721/969 1042/742/990 1041/741/989
f 1022/722/970 1023/723/971 1043/743/991
f 1022/722/970 1043/743/991 1042/742/990
f 1023/723/971 1024/724/972 1044/744/992
f 1023/723/971 1044/744/992 1043/743/991
f 1024/724/972 1025/725/973 1045/745/993
f 1024/724/972 1045/745/993 1044/744/992
f 1025/725/973 1026/726/974 1046/746/994
f 1025/725/973 1046/746/994 1045/745/993
f 1026/726/974 1027/727/975 1047/747/995
f 1026/726/974 1047/747/995 1046/746/994
f 1027/727/975 1028/728/976 1048/748/996
f 1027/727/975 1048/748/996 1047/747/995
f 1028/728/976 1029/729/977 1049/749/997
f 1028/728/976 1049/749/997 1048/748/996
f 1029/729/977 1030/730/978 1050/750/998
f 1029/729/977 1050/750/998 1049/749/997
f 1030/730/978 1031/731/979 1051/751/999
f 1030/730/978 1051/751/999 1050/750/998
f 1031/731/979 1032/732/980 1052/752/1000
f 1031/731/979 1052/752/1000 1051/751/999
f 1032/732/980 1033/733/981 1053/753/1001
f 1032/732/980 1053/753/1001 1052/752/1000
f 1033/733/981 1034/734/982 1054/754/1002
f 1033/733/981 1054/754/1002 1053/753/1001
f 1034/734/982 1035/735/983 1055/755/1003
f 1034/734/982 1055/755/1003 1054/754/1002
f 1035/735/983 1036/736/984 1056/756/1004
f 1035/735/983 1056/756/1004 1055/755/1003
f 1036/736/984 1037/737/985 1057/757/1005
f 1036/736/984 1057/757/1005 1056/756/1004
f 1037/737/985 1038/738/986 1058/758/1006
f 1037/737/985 1058/758/1006 1057/757/1005
f 1038/738/986 1020/720/968 1040/740/988
f 1038/738/986 1040/740/988 1058/758/1006
f 103/79/99 102/78/98 1059/759/1007
f 103/79/99 1059/759/1007 1060/760/1008
f 102/78/98 105/81/101 1061/761/1009
f 102/78/98 1061/761/1009 1059/759/1007
f 105/81/101 106/82/102 1062/762/1010
f 105/81/101 1062/762/1010 1061/761/1009
f 106/82/102 107/83/103 1063/763/1011
f 106/82/102 1063/763/1011 1062/762/1010
f 107/83/103 108/84/104 1064/764/1012
f 107/83/103 1064/764/1012 1063/763/1011
f 108/84/104 109/85/105 1065/765/1013
f 108/84/104 1065/765/1013 1064/764/1012
f 109/85/105 110/86/106 1066/766/1014
f 109/85/105 1066/766/1014 1065/765/1013
f 110/86/106 111/87/107 1067/767/1015
f 110/86/106 1067/767/1015 1066/766/1014
f 111/87/107 112/88/108 1068/768/1016
f 111/87/107 1068/768/1016 1067/767/1015
f 112/88/108 113/89/109 1069/769/1017
f 112/88/108 1069/769/1017 1068/768/1016
f 113/89/109 114/90/110 1070/770/1018
f 113/89/109 1070/770/1018 1069/769/1017
f 114/90/110 115/91/111 1071/771/1019
f 114/90/110 1071/771/1019 1070/770/1018
f 115/91/111 116/92/112 1072/772/1020
f 115/91/111 1072/772/1020 1071/771/1019
f 116/92/112 117/93/113 1073/773/1021
f 116/92/112 1073/773/1021 1072/772/1020
f 117/93/113 118/94/114 1074/774/1022
f 117/93/113 1074/774/1022 1073/773/1021
f 118/94/114 119/95/115 1075/775/1023
f 118/94/114 1075/775/1023 1074/774/1022
f 119/95/115 120/96/116 1076/776/1024
f 119/95/115 1076/776/1024 1075/775/1023
f 120/96/116 121/97/117 1077/777/1025
f 120/96/116 1077/777/1025 1076/776/1024
f 121/97/117 122/98/118 1078/778/1026
f 121/97/117 1078/778/1026 1077/777/1025
f 122/98/118 103/79/99 1060/760/1008
f 122/98/118 1060/760/1008 1078/778/1026
f 1060/760/1008 1059/759/1007 1079/779/1027
f 1060/760/1008 1079/779/1027 1080/780/1028
f 1059/759/1007 1061/761/1009 1081/781/1029
f 1059/759/1007 1081/781/1029 1079/779/1027
f 1061/761/1009 1062/762/1010 1082/782/1030
f 1061/761/1009 1082/782/1030 1081/781/1029
f 1062/762/1010 1063/763/1011 1083/783/1031
f 1062/762/1010 1083/783/1031 1082/782/1030
f 1063/763/1011 1064/764/1012 1084/784/1032
f 1063/763/1011 1084/784/1032 1083/783/1031
f 1064/764/1012 1065/765/1013 1085/785/1033
f 1064/764/1012 1085/785/1033 1084/784/1032
f 1065/765/1013 1066/766/1014 1086/786/1034
f 1065/765/1013 1086/786/1034 1085/785/1033
f 1066/766/1014 1067/767/1015 1087/787/1035
f 1066/766/1014 1087/787/1035 1086/786/1034
f 1067/767/1015 1068/768/1016 1088/788/1036
f 1067/767/1015 1088/788/1036 1087/787/1035
f 1068/768/1016 1069/769/1017 1089/789/1037
f 1068/768/1016 1089/789/1037 1088/788/1036
f 1069/769/1017 1070/770/1018 1090/790/1038
f 1069/769/1017 1090/790/1038 1089/789/1037
f 1070/770/1018 1071/771/1019 1091/791/1039
f 1070/770/1018 1091/791/1039 1090/790/1038
f 1071/771/1019 1072/772/1020 1092/792/1040
f 1071/771/1019 1092/792/1040 1091/791/1039
f 1072/772/1020 1073/773/1021 1093/793/1041
f 1072/772/1020 1093/793/1041 1092/792/1040
f 1073/773/1021 1074/774/1022 1094/794/1042
f 1073/773/1021 1094/794/1042 1093/793/1041
f 1074/774/1022 1075/775/1023 1095/795/1043
f 1074/774/1022 1095/795/1043 1094/794/1042
f 1075/775/1023 1076/776/1024 1096/796/1044
f 1075/775/1023 1096/796/1044 1095/795/1043
f 1076/776/1024 1077/777/1025 1097/797/1045
f 1076/776/1024 1097/797/1045 1096/796/1044
f 1077/777/1025 1078/778/1026 1098/798/1046
f 1077/777/1025 1098/798/1046 1097/797/1045
f 1078/778/1026 1060/760/1008 1080/780/1028
f 1078/778/1026 1080/780/1028 1098/798/1046
f 1080/780/1028 1079/779/1027 1099/799/1047
f 1080/780/1028 1099/799/1047 1100/800/1048
f 1079/779/1027 1081/781/1029 1101/801/1049
f 1079/779/1027 1101/801/1049 1099/799/1047
f 1081/781/1029 1082/782/1030 1102/802/1050
f 1081/781/1029 1102/802/1050 1101/801/1049
f 1082/782/1030 1083/783/1031 1103/803/1051
f 1082/782/1030 1103/803/1051 1102/802/1050
f 1083/783/1031 1084/784/1032 1104/804/1052
f 1083/783/1031 1104/804/1052 1103/803/1051
f 1084/784/1032 1085/785/1033 1105/805/1053
f 1084/784/1032 1105/805/1053 1104/804/1052
f 1085/785/1033 1086/786/1034 1106/806/1054
f 1085/785/1033 1106/806/1054 1105/805/1053
f 1086/786/1034 1087/787/1035 1107/807/1055
f 1086/786/1034 1107/807/1055 1106/806/1054
f 1087/787/1035 1088/788/1036 1108/808/1056
f 1087/787/1035 1108/808/1056 1107/807/1055
f 1088/788/1036 1089/789/1037 1109/809/1057
f 1088/788/1036 1109/809/1057 1108/808/1056
f 1089/789/1037 1090/790/1038 1110/810/1058
f 1089/789/1037 1110/810/1058 1109/809/1057
f 1090/790/1038 1091/791/1039 1111/811/1059
f 1090/790/1038 1111/811/1059 1110/810/1058
f 1091/791/1039 1092/792/1040 1112/812/1060
f 1091/791/1039 1112/812/1060 1111/811/1059
f 1092/792/1040 1093/793/1041 1113/813/1061
f 1092/792/1040 1113/813/1061 1112/812/1060
f 1093/793/1041 1094/794/1042 1114/814/1062
f 1093/793/1041 1114/814/1062 1113/813/1061
f 1094/794/1042 1095/795/1043 1115/815/1063
f 1094/794/1042 1115/815/1063 1114/814/1062
f 1095/795/1043 1096/796/1044 1116/816/1064
f 1095/795/1043 1116/816/1064 1115/815/1063
f 1096/796/1044 1097/797/1045 1117/817/1065
f 1096/796/1044 1117/817/1065 1116/816/1064
f 1097/797/1045 1098/798/1046 1118/818/1066
f 1097/797/1045 1118/818/1066 1117/817/1065
f 1098/798/1046 1080/780/1028 1100/800/1048
f 1098/798/1046 1100/800/1048 1118/818/1066
f 1100/800/1048 1099/799/1047 1119/819/1067
f 1100/800/1048 1119/819/1067 1120/820/1068
f 1099/799/1047 1101/801/1049 1121/821/1069
f 1099/799/1047 1121/821/1069 1119/819/1067
f 1101/801/1049 1102/802/1050 1122/822/1070
f 1101/801/1049 1122/822/1070 1121/821/1069
f 1102/802/1050 1103/803/1051 1123/823/1071
f 1102/802/1050 1123/823/1071 1122/822/1070
f 1103/803/1051 1104/804/1052 1124/824/1072
f 1103/803/1051 1124/824/1072 1123/823/1071
f 1104/804/1052 1105/805/1053 1125/825/1073
f 1104/804/1052 1125/825/1073 1124/824/1072
f 1105/805/1053 1106/806/1054 1126/826/1074
f 1105/805/1053 1126/826/1074 1125/825/1073
f 1106/806/1054 1107/807/1055 1127/827/1075
f 1106/806/1054 1127/827/1075 1126/826/1074
f 1107/807/1055 1108/808/1056 1128/828/1076
f 1107/807/1055 1128/828/1076 1127/827/1075
f 1108/808/1056 1109/809/1057 1129/829/1077
f 1108/808/1056 1129/829/1077 1128/828/1076
f 1109/809/1057 1110/810/1058 1130/830/1078
f 1109/809/1057 1130/830/1078 1129/829/1077
f 1110/810/1058 1111/811/1059 1131/831/1079
f 1110/810/1058 1131/831/1079 1130/830/1078
f 1111/811/1059 1112/812/1060 1132/832/1080
f 1111/811/1059 1132/832/1080 1131/831/1079
f 1112/812/1060 1113/813/1061 1133/833/1081
f 1112/812/1060 1133/833/1081 1132/832/1080
f 1113/813/1061 1114/814/1062 1134/834/1082
f 1113/813/1061 1134/834/1082 1133/833/1081
f 1114/814/1062 1115/815/1063 1135/835/1083
f 1114/814/1062 1135/835/1083 1134/834/1082
f 1115/815/1063 1116/816/1064 1136/836/1084
f 1115/815/1063 1136/836/1084 1135/835/1083
f 1116/816/1064 1117/817/1065 1137/837/1085
f 1116/816/1064 1137/837/1085 1136/836/1084
f 1117/817/1065 1118/818/1066 1138/838/1086
f 1117/817/1065 1138/838/1086 1137/837/1085
f 1118/818/1066 1100/800/1048 1120/820/1068
f 1118/818/1066 1120/820/1068 1138/838/1086
f 1120/820/1068 1119/819/1067 1139/839/1087
f 1120/820/1068 1139/839/1087 1140/840/1088
f 1119/819/1067 1121/821/1069 1141/841/1089
f 1119/819/1067 1141/841/1089 1139/839/1087
f 1121/821/1069 1122/822/1070 1142/842/1090
f 1121/821/1069 1142/842/1090 1141/841/1089
f 1122/822/1070 1123/823/1071 1143/843/1091
f 1122/822/1070 1143/843/1091 1142/842/1090
f 1123/823/1071 1124/824/1072 1144/844/1092
f 1123/823/1071 1144/844/1092 1143/843/1091
f 1124/824/1072 1125/825/1073 1145/845/1093
f 1124/824/1072 1145/845/1093 1144/844/1092
f 1125/825/1073 1126/826/1074 1146/846/1094
f 1125/825/1073 1146/846/1094 1145/845/1093
f 1126/826/1074 1127/827/1075 1147/847/1095
f 1126/826/1074 1147/847/1095 1146/846/1094
f 1127/827/1075 1128/828/1076 1148/848/1096
f 1127/827/1075 1148/848/1096 1147/847/1095
f 1128/828/1076 1129/829/1077 1149/849/1097
f 1128/828/1076 1149/849/1097 1148/848/1096
f 1129/829/1077 1130/830/1078 1150/850/1098
f 1129/829/1077 1150/850/1098 1149/849/1097
f 1130/830/1078 1131/831/1079 1151/851/1099
f 1130/830/1078 1151/851/1099 1150/850/1098
f 1131/831/1079 1132/832/1080 1152/852/1100
f 1131/831/1079 1152/852/1100 1151/851/1099
f 1132/832/1080 1133/833/1081 1153/853/1101
f 1132/832/1080 1153/853/1101 1152/852/1100
f 1133/833/1081 1134/834/1082 1154/854/1102
f 1133/833/1081 1154/854/1102 1153/853/1101
f 1134/834/1082 1135/835/1083 1155/855/1103
f 1134/834/1082 1155/855/1103 1154/854/1102
f 1135/835/1083 1136/836/1084 1156/856/1104
f 1135/835/1083 1156/856/1104 1155/855/1103
f 1136/836/1084 1137/837/1085 1157/857/1105
f 1136/836/1084 1157/857/1105 1156/856/1104
f 1137/837/1085 1138/838/1086 1158/858/1106
f 1137/837/1085 1158/858/1106 1157/857/1105
f 1138/838/1086 1120/820/1068 1140/840/1088
f 1138/838/1086 1140/840/1088 1158/858/1106
f 1140/840/1088 1139/839/1087 1159/859/1107
f 1140/840/1088 1159/859/1107 1160/860/1108
f 1139/839/1087 1141/841/1089 1161/861/1109
f 1139/839/1087 1161/861/1109 1159/859/1107
f 1141/841/1089 1142/842/1090 1162/862/1110
f 1141/841/1089 1162/862/1110 1161/861/1109
f 1142/842/1090 1143/843/1091 1163/863/1111
f 1142/842/1090 1163/863/1111 1162/862/1110
f 1143/843/1091 1144/844/1092 1164/864/1112
f 1143/843/1091 1164/864/1112 1163/863/1111
f 1144/844/1092 1145/845/1093 1165/865/1113
f 1144/844/1092 1165/865/1113 1164/864/1112
f 1145/845/1093 1146/846/1094 1166/866/1114
f 1145/845/1093 1166/866/1114 1165/865/1113
f 1146/846/1094 1147/847/1095 1167/867/1115
f 1146/846/1094 1167/867/1115 1166/866/1114
f 1147/847/1095 1148/848/1096 1168/868/1116
f 1147/847/1095 1168/868/1116 1167/867/1115
f 1148/848/1096 1149/849/1097 1169/869/1117
f 1148/848/1096 1169/869/1117 1168/868/1116
f 1149/849/1097 1150/850/1098 1170/870/1118
f 1149/849/1097 1170/870/1118 1169/869/1117
f 1150/850/1098 1151/851/1099 1171/871/1119
f 1150/850/1098 1171/871/1119 1170/870/1118
f 1151/851/1099 1152/852/1100 1172/872/1120
f 1151/851/1099 1172/872/1120 1171/871/1119
f 1152/852/1100 1153/853/1101 1173/873/1121
f 1152/852/1100 1173/873/1121 1172/872/1120
f 1153/853/1101 1154/854/1102 1174/874/1122
f 1153/853/1101 1174/874/1122 1173/873/1121
f 1154/854/1102 1155/855/1103 1175/875/1123
f 1154/854/1102 1175/875/1123 1174/874/1122
f 1155/855/1103 1156/856/1104 1176/876/1124
f 1155/855/1103 1176/876/1124 1175/875/1123
f 1156/856/1104 1157/857/1105 1177/877/1125
f 1156/856/1104 1177/877/1125 1176/876/1124
f 1157/857/1105 1158/858/1106 1178/878/1126
f 1157/857/1105 1178/878/1126 1177/877/1125
f 1158/858/1106 1140/840/1088 1160/860/1108
f 1158/858/1106 1160/860/1108 1178/878/1126
f 1160/860/1108 1159/859/1107 1179/879/1127
f 1160/860/1108 1179/879/1127 1180/880/1128
f 1159/859/1107 1161/861/1109 1181/881/1129
f 1159/859/1107 1181/881/1129 1179/879/1127
f 1161/861/1109 1162/862/1110 1182/882/1130
f 1161/861/1109 1182/882/1130 1181/881/1129
f 1162/862/1110 1163/863/1111 1183/883/1131
f 1162/862/1110 1183/883/1131 1182/882/1130
f 1163/863/1111 1164/864/1112 1184/884/1132
f 1163/863/1111 1184/884/1132 1183/883/1131
f 1164/864/1112 1165/865/1113 1185/885/1133
f 1164/864/1112 1185/885/1133 1184/884/1132
f 1165/865/1113 1166/866/1114 1186/886/1134
f 1165/865/1113 1186/886/1134 1185/885/1133
f 1166/866/1114 1167/867/1115 1187/887/1135
f 1166/866/1114 1187/887/1135 1186/886/1134
f 1167/867/1115 1168/868/1116 1188/888/1136
f 1167/867/1115 1188/888/1136 1187/887/1135
f 1168/868/1116 1169/869/1117 1189/889/1137
f 1168/868/1116 1189/889/1137 1188/888/1136
f 1169/869/1117 1170/870/1118 1190/890/1138
f 1169/869/1117 1190/890/1138 1189/889/1137
f 1170/870/1118 1171/871/1119 1191/891/1139
f 1170/870/1118 1191/891/1139 1190/890/1138
f 1171/871/1119 1172/872/1120 1192/892/1140
f 1171/871/1119 1192/892/1140 1191/891/1139
f 1172/872/1120 1173/873/1121 1193/893/1141
f 1172/872/1120 1193/893/1141 1192/892/1140
f 1173/873/1121 1174/874/1122 1194/894/1142
f 1173/873/1121 1194/894/1142 1193/893/1141
f 1174/874/1122 1175/875/1123 1195/895/1143
f 1174/874/1122 1195/895/1143 1194/894/1142
f 1175/875/1123 1176/876/1124 1196/896/1144
f 1175/875/1123 1196/896/1144 1195/895/1143
f 1176/876/1124 1177/877/1125 1197/897/1145
f 1176/876/1124 1197/897/1145 1196/896/1144
f 1177/877/1125 1178/878/1126 1198/898/1146
f 1177/877/1125 1198/898/1146 1197/897/1145
f 1178/878/1126 1160/860/1108 1180/880/1128
f 1178/878/1126 1180/880/1128 1198/898/1146
f 1180/880/1128 1179/879/1127 1199/899/1147
f 1180/880/1128 1199/899/1147 1200/900/1148
f 1179/879/1127 1181/881/1129 1201/901/1149
f 1179/879/1127 1201/901/1149 1199/899/1147
f 1181/881/1129 1182/882/1130 1202/902/1150
f 1181/881/1129 1202/902/1150 1201/901/1149
f 1182/882/1130 1183/883/1131 1203/903/1151
f 1182/882/1130 1203/903/1151 1202/902/1150
f 1183/883/1131 1184/884/1132 1204/904/1152
f 1183/883/1131 1204/904/1152 1203/903/1151
f 1184/884/1132 1185/885/1133 1205/905/1153
f 1184/884/1132 1205/905/1153 1204/904/1152
f 1185/885/1133 1186/886/1134 1206/906/1154
f 1185/885/1133 1206/906/1154 1205/905/1153
f 1186/886/1134 1187/887/1135 1207/907/1155
f 1186/886/1134 1207/907/1155 1206/906/1154
f 1187/887/1135 1188/888/1136 1208/908/1156
f 1187/887/1135 1208/908/1156 1207/907/1155
f 1188/888/1136 1189/889/1137 1209/909/1157
f 1188/888/1136 1209/909/1157 1208/908/1156
f 1189/889/1137 1190/890/1138 1210/910/1158
f 1189/889/1137 1210/910/1158 1209/909/1157
f 1190/890/1138 1191/891/1139 1211/911/1159
f 1190/890/1138 1211/911/1159 1210/910/1158
f 1191/891/1139 1192/892/1140 1212/912/1160
f 1191/891/1139 1212/912/1160 1211/911/1159
f 1192/892/1140 1193/893/1141 1213/913/1161
f 1192/892/1140 1213/913/1161 1212/912/1160
f 1193/893/1141 1194/894/1142 1214/914/1162
f 1193/893/1141 1214/914/1162 1213/913/1161
f 1194/894/1142 1195/895/1143 1215/915/1163
f 1194/894/1142 1215/915/1163 1214/914/1162
f 1195/895/1143 1196/896/1144 1216/916/1164
f 1195/895/1143 1216/916/1164 1215/915/1163
f 1196/896/1144 1197/897/1145 1217/917/1165
f 1196/896/1144 1217/917/1165 1216/916/1164
f 1197/897/1145 1198/898/1146 1218/918/1166
f 1197/897/1145 1218/918/1166 1217/917/1165
f 1198/898/1146 1180/880/1128 1200/900/1148
f 1198/898/1146 1200/900/1148 1218/918/1166
f 1219/919/1167 1220/920/1168 1221/921/1169
f 1219/919/1167 1221/921/1169 1222/922/1170
f 1222/922/1170 1221/921/1169 1223/923/1171
f 1222/922/1170 1223/923/1171 1224/924/1172
f 1224/924/1172 1223/923/1171 1225/925/1173
f 1224/924/1172 1225/925/1173 1226/926/1174
f 1226/926/1174 1225/925/1173 1227/927/1175
f 1226/926/1174 1227/927/1175 1228/928/1176
f 1228/928/1176 1227/927/1175 1229/929/147
f 1228/928/1176 1229/929/147 1230/930/1177
f 1230/930/1177 1229/929/147 1231/931/1178
f 1230/930/1177 1231/931/1178 1232/932/1179
f 1232/932/1179 1231/931/1178 1233/933/1180
f 1232/932/1179 1233/933/1180 1234/934/1181
f 1234/934/1181 1233/933/1180 1220/920/1168
f 1234/934/1181 1220/920/1168 1219/919/1167
f 1235/935/1182 1219/919/1167 1222/922/1170
f 1235/935/1182 1222/922/1170 1236/936/1183
f 1236/936/1183 1222/922/1170 1224/924/1172
f 1236/936/1183 1224/924/1172 1237/937/1184
f 1237/937/1184 1224/924/1172 1226/926/1174
f 1237/937/1184 1226/926/1174 1238/938/1185
f 1238/938/1185 1226/926/1174 1228/928/1176
f 1238/938/1185 1228/928/1176 1239/939/1186
f 1239/939/1186 1228/928/1176 1230/930/1177
f 1239/939/1186 1230/930/1177 1240/940/1187
f 1240/940/1187 1230/930/1177 1232/932/1179
f 1240/940/1187 1232/932/1179 1241/941/1188
f 1241/941/1188 1232/932/1179 1234/934/1181
f 1241/941/1188 1234/934/1181 1242/942/1189
f 1242/942/1189 1234/934/1181 1219/919/1167
f 1242/942/1189 1219/919/1167 1235/935/1182
f 1236/936/1183 1243/943/1190 1244/944/1191
f 1236/936/1183 1244/944/1191 1235/935/1182
f 1237/937/1184 1245/945/1192 1243/943/1190
f 1237/937/1184 1243/943/1190 1236/936/1183
f 1238/938/1185 1246/946/1193 1245/945/1192
f 1238/938/1185 1245/945/1192 1237/937/1184
f 1239/939/1186 1247/947/1194 1246/946/1193
f 1239/939/1186 1246/946/1193 1238/938/1185
f 1240/940/1187 1248/948/1195 1247/947/1194
f 1240/940/1187 1247/947/1194 1239/939/1186
f 1241/941/1188 1249/949/1196 1248/948/1195
f 1241/941/1188 1248/948/1195 1240/940/1187
f 1242/942/1189 1250/950/1197 1249/949/1196
f 1242/942/1189 1249/949/1196 1241/941/1188
f 1235/935/1182 1244/944/1191 1250/950/1197
f 1235/935/1182 1250/950/1197 1242/942/1189
f 1243/943/1190 123/99/119 125/101/121
f 1243/943/1190 125/101/121 1244/944/1191
f 1245/945/1192 126/102/122 123/99/119
f 1245/945/1192 123/99/119 1243/943/1190
f 1246/946/1193 127/103/123 126/102/122
f 1246/946/1193 126/102/122 1245/945/1192
f 1247/947/1194 128/104/124 127/103/123
f 1247/947/1194 127/103/123 1246/946/1193
f 1248/948/1195 129/105/125 128/104/124
f 1248/948/1195 128/104/124 1247/947/1194
f 1249/949/1196 130/106/126 129/105/125
f 1249/949/1196 129/105/125 1248/948/1195
f 1250/950/1197 131/107/127 130/106/126
f 1250/950/1197 130/106/126 1249/949/1196
f 1244/944/1191 125/101/121 131/107/127
f 1244/944/1191 131/107/127 1250/950/1197
f 1251/951/1198 1252/952/1199 1253/925/1200
f 1251/951/1198 1253/925/1200 1254/926/1201
f 1254/926/1201 1253/925/1200 1255/953/1202
f 1254/926/1201 1255/953/1202 1256/954/1203
f 1256/954/1203 1255/953/1202 1257/955/1204
f 1256/954/1203 1257/955/1204 1258/956/1205
f 1258/956/1205 1257/955/1204 1259/957/1206
f 1258/956/1205 1259/957/1206 1260/958/1207
f 1260/958/1207 1259/957/1206 1261/933/1208
f 1260/958/1207 1261/933/1208 1262/959/1209
f 1262/959/1209 1261/933/1208 1263/931/1210
f 1262/959/1209 1263/931/1210 1264/960/1211
f 1264/960/1211 1263/931/1210 1265/929/1212
f 1264/960/1211 1265/929/1212 1266/961/1213
f 1266/961/1213 1265/929/1212 1252/952/1199
f 1266/961/1213 1252/952/1199 1251/951/1198
f 1267/939/1214 1251/951/1198 1254/926/1201
f 1267/939/1214 1254/926/1201 1268/938/1215
f 1268/938/1215 1254/926/1201 1256/954/1203
f 1268/938/1215 1256/954/1203 1269/962/1216
f 1269/962/1216 1256/954/1203 1258/956/1205
f 1269/962/1216 1258/956/1205 1270/963/1217
f 1270/963/1217 1258/956/1205 1260/958/1207
f 1270/963/1217 1260/958/1207 1271/935/1218
f 1271/935/1218 1260/958/1207 1262/959/1209
f 1271/935/1218 1262/959/1209 1272/964/1219
f 1272/964/1219 1262/959/1209 1264/960/1211
f 1272/964/1219 1264/960/1211 1273/965/1220
f 1273/965/1220 1264/960/1211 1266/961/1213
f 1273/965/1220 1266/961/1213 1274/966/1221
f 1274/966/1221 1266/961/1213 1251/951/1198
f 1274/966/1221 1251/951/1198 1267/939/1214
f 1268/938/1215 1275/946/1222 1276/967/1223
f 1268/938/1215 1276/967/1223 1267/939/1214
f 1269/962/1216 1277/968/1224 1275/946/1222
f 1269/962/1216 1275/946/1222 1268/938/1215
f 1270/963/1217 1278/943/1225 1277/968/1224
f 1270/963/1217 1277/968/1224 1269/962/1216
f 1271/935/1218 1279/944/1226 1278/943/1225
f 1271/935/1218 1278/943/1225 1270/963/1217
f 1272/964/1219 1280/950/1227 1279/944/1226
f 1272/964/1219 1279/944/1226 1271/935/1218
f 1273/965/1220 1281/969/1228 1280/950/1227
f 1273/965/1220 1280/950/1227 1272/964/1219
f 1274/966/1221 1282/970/1229 1281/969/1228
f 1274/966/1221 1281/969/1228 1273/965/1220
f 1267/939/1214 1276/967/1223 1282/970/1229
f 1267/939/1214 1282/970/1229 1274/966/1221
f 1275/946/1222 132/103/128 134/108/130
f 1275/946/1222 134/108/130 1276/967/1223
f 1277/968/1224 135/109/131 132/103/128
f 1277/968/1224 132/103/128 1275/946/1222
f 1278/943/1225 136/99/132 135/109/131
f 1278/943/1225 135/109/131 1277/968/1224
f 1279/944/1226 137/101/133 136/99/132
f 1279/944/1226 136/99/132 1278/943/1225
f 1280/950/1227 138/107/134 137/101/133
f 1280/950/1227 137/101/133 1279/944/1226
f 1281/969/1228 139/110/135 138/107/134
f 1281/969/1228 138/107/134 1280/950/1227
f 1282/970/1229 140/111/136 139/110/135
f 1282/970/1229 139/110/135 1281/969/1228
f 1276/967/1223 134/108/130 140/111/136
f 1276/967/1223 140/111/136 1282/970/1229
f 1283/971/1230 1284/933/1231 1285/972/1232
f 1283/971/1230 1285/972/1232 1286/932/1233
f 1286/932/1233 1285/972/1232 1287/929/1234
f 1286/932/1233 1287/929/1234 1288/961/1235
f 1288/961/1235 1287/929/1234 1289/973/1236
f 1288/961/1235 1289/973/1236 1290/974/1237
f 1290/974/1237 1289/973/1236 1291/925/1238
f 1290/974/1237 1291/925/1238 1292/926/1239
f 1292/926/1239 1291/925/1238 1293/953/1240
f 1292/926/1239 1293/953/1240 1294/924/1241
f 1294/924/1241 1293/953/1240 1295/955/1242
f 1294/924/1241 1295/955/1242 1296/922/1243
f 1296/922/1243 1295/955/1242 1297/957/1244
f 1296/922/1243 1297/957/1244 1298/958/1245
f 1298/958/1245 1297/957/1244 1284/933/1231
f 1298/958/1245 1284/933/1231 1283/971/1230
f 1299/942/1246 1283/971/1230 1286/932/1233
f 1299/942/1246 1286/932/1233 1300/941/1247
f 1300/941/1247 1286/932/1233 1288/961/1235
f 1300/941/1247 1288/961/1235 1301/975/1248
f 1301/975/1248 1288/961/1235 1290/974/1237
f 1301/975/1248 1290/974/1237 1302/976/1249
f 1302/976/1249 1290/974/1237 1292/926/1239
f 1302/976/1249 1292/926/1239 1303/977/1250
f 1303/977/1250 1292/926/1239 1294/924/1241
f 1303/977/1250 1294/924/1241 1304/978/1251
f 1304/978/1251 1294/924/1241 1296/922/1243
f 1304/978/1251 1296/922/1243 1305/963/1252
f 1305/963/1252 1296/922/1243 1298/958/1245
f 1305/963/1252 1298/958/1245 1306/935/1253
f 1306/935/1253 1298/958/1245 1283/971/1230
f 1306/935/1253 1283/971/1230 1299/942/1246
f 1300/941/1247 1307/969/1254 1308/979/1255
f 1300/941/1247 1308/979/1255 1299/942/1246
f 1301/975/1248 1309/970/1256 1307/969/1254
f 1301/975/1248 1307/969/1254 1300/941/1247
f 1302/976/1249 1310/947/1257 1309/970/1256
f 1302/976/1249 1309/970/1256 1301/975/1248
f 1303/977/1250 1311/946/1258 1310/947/1257
f 1303/977/1250 1310/947/1257 1302/976/1249
f 1304/978/1251 1312/980/1259 1311/946/1258
f 1304/978/1251 1311/946/1258 1303/977/1250
f 1305/963/1252 1313/981/1260 1312/980/1259
f 1305/963/1252 1312/980/1259 1304/978/1251
f 1306/935/1253 1314/944/1261 1313/981/1260
f 1306/935/1253 1313/981/1260 1305/963/1252
f 1299/942/1246 1308/979/1255 1314/944/1261
f 1299/942/1246 1314/944/1261 1306/935/1253
f 1307/969/1254 141/110/137 143/107/139
f 1307/969/1254 143/107/139 1308/979/1255
f 1309/970/1256 144/113/140 141/110/137
f 1309/970/1256 141/110/137 1307/969/1254
f 1310/947/1257 145/104/141 144/113/140
f 1310/947/1257 144/113/140 1309/970/1256
f 1311/946/1258 146/103/142 145/104/141
f 1311/946/1258 145/104/141 1310/947/1257
f 1312/980/1259 147/114/143 146/103/142
f 1312/980/1259 146/103/142 1311/946/1258
f 1313/981/1260 148/115/144 147/114/143
f 1313/981/1260 147/114/143 1312/980/1259
f 1314/944/1261 149/101/145 148/115/144
f 1314/944/1261 148/115/144 1313/981/1260
f 1308/979/1255 143/107/139 149/101/145
f 1308/979/1255 149/101/145 1314/944/1261
f 1315/982/1168 1316/983/1262 1317/984/1263
f 1315/982/1168 1317/984/1263 1318/985/1264
f 1318/985/1264 1317/984/1263 1319/986/1265
f 1318/985/1264 1319/986/1265 1320/987/1171
f 1320/987/1171 1319/986/1265 1321/988/1266
f 1320/987/1171 1321/988/1266 1322/989/1173
f 1322/989/1173 1321/988/1266 1323/990/1267
f 1322/989/1173 1323/990/1267 1324/991/1202
f 150/116/146 152/118/148 1325/992/1268
f 150/116/146 1325/992/1268 1326/993/1180
f 1326/993/1180 1325/992/1268 1316/983/1262
f 1326/993/1180 1316/983/1262 1315/982/1168
f 1324/991/1202 1323/990/1267 1327/994/1269
f 1324/991/1202 1327/994/1269 1328/995/1270
f 1328/995/1270 1327/994/1269 1329/996/1271
f 1328/995/1270 1329/996/1271 1330/997/1272
f 156/122/152 155/121/151 1331/998/1273
f 156/122/152 1331/998/1273 1332/999/1212
f 1332/999/1212 1331/998/1273 152/118/148
f 1332/999/1212 152/118/148 153/119/149
f 1330/997/1272 1329/996/1271 1333/1000/1274
f 1330/997/1272 1333/1000/1274 1334/1001/1236
f 1334/1001/1236 1333/1000/1274 1335/1002/1275
f 1334/1001/1236 1335/1002/1275 1336/1003/1238
f 1336/1003/1238 1335/1002/1275 1337/1004/1276
f 1336/1003/1238 1337/1004/1276 1338/1005/1277
f 1338/1005/1277 1337/1004/1276 1339/1006/1278
f 1338/1005/1277 1339/1006/1278 1340/1007/1279
f 1340/1007/1279 1339/1006/1278 1341/1008/1280
f 1340/1007/1279 1341/1008/1280 1342/1009/1244
f 1342/1009/1244 1341/1008/1280 155/121/151
f 1342/1009/1244 155/121/151 157/123/153
f 1316/983/1262 1343/1010/1281 1344/1011/1282
f 1316/983/1262 1344/1011/1282 1317/984/1263
f 1317/984/1263 1344/1011/1282 1345/1012/1283
f 1317/984/1263 1345/1012/1283 1319/986/1265
f 1319/986/1265 1345/1012/1283 1346/1013/1284
f 1319/986/1265 1346/1013/1284 1321/988/1266
f 1321/988/1266 1346/1013/1284 1347/1014/76
f 1321/988/1266 1347/1014/76 1323/990/1267
f 152/118/148 1348/1015/49 1349/1016/1285
f 152/118/148 1349/1016/1285 1325/992/1268
f 1325/992/1268 1349/1016/1285 1343/1010/1281
f 1325/992/1268 1343/1010/1281 1316/983/1262
f 1323/990/1267 1347/1014/76 1350/1017/76
f 1323/990/1267 1350/1017/76 1327/994/1269
f 1327/994/1269 1350/1017/76 1351/1018/76
f 1327/994/1269 1351/1018/76 1329/996/1271
f 155/121/151 1352/1019/49 1353/1020/49
f 155/121/151 1353/1020/49 1331/998/1273
f 1331/998/1273 1353/1020/49 1348/1015/49
f 1331/998/1273 1348/1015/49 152/118/148
f 1329/996/1271 1351/1018/76 1354/1021/1286
f 1329/996/1271 1354/1021/1286 1333/1000/1274
f 1333/1000/1274 1354/1021/1286 1355/1022/1287
f 1333/1000/1274 1355/1022/1287 1335/1002/1275
f 1335/1002/1275 1355/1022/1287 1356/1023/1288
f 1335/1002/1275 1356/1023/1288 1337/1004/1276
f 1337/1004/1276 1356/1023/1288 1357/1024/1289
f 1337/1004/1276 1357/1024/1289 1339/1006/1278
f 1339/1006/1278 1357/1024/1289 1358/1025/1290
f 1339/1006/1278 1358/1025/1290 1341/1008/1280
f 1341/1008/1280 1358/1025/1290 1352/1019/49
f 1341/1008/1280 1352/1019/49 155/121/151
f 1343/1010/1281 1359/1026/1291 1360/1027/1292
f 1343/1010/1281 1360/1027/1292 1344/1011/1282
f 1344/1011/1282 1360/1027/1292 1361/1028/1293
f 1344/1011/1282 1361/1028/1293 1345/1012/1283
f 1345/1012/1283 1361/1028/1293 1362/1029/1294
f 1345/1012/1283 1362/1029/1294 1346/1013/1284
f 1346/1013/1284 1362/1029/1294 1363/1030/1295
f 1346/1013/1284 1363/1030/1295 1347/1014/76
f 1348/1015/49 1364/1031/1296 1365/1032/1297
f 1348/1015/49 1365/1032/1297 1349/1016/1285
f 1349/1016/1285 1365/1032/1297 1359/1026/1291
f 1349/1016/1285 1359/1026/1291 1343/1010/1281
f 1347/1014/76 1363/1030/1295 1366/1033/1298
f 1347/1014/76 1366/1033/1298 1350/1017/76
f 1350/1017/76 1366/1033/1298 1367/1034/1295
f 1350/1017/76 1367/1034/1295 1351/1018/76
f 1352/1019/49 1368/1035/1299 1369/1036/1299
f 1352/1019/49 1369/1036/1299 1353/1020/49
f 1353/1020/49 1369/1036/1299 1364/1031/1296
f 1353/1020/49 1364/1031/1296 1348/1015/49
f 1351/1018/76 1367/1034/1295 1370/1037/1300
f 1351/1018/76 1370/1037/1300 1354/1021/1286
f 1354/1021/1286 1370/1037/1300 1371/1038/1301
f 1354/1021/1286 1371/1038/1301 1355/1022/1287
f 1355/1022/1287 1371/1038/1301 1372/1039/1302
f 1355/1022/1287 1372/1039/1302 1356/1023/1288
f 1356/1023/1288 1372/1039/1302 1373/1040/1303
f 1356/1023/1288 1373/1040/1303 1357/1024/1289
f 1357/1024/1289 1373/1040/1303 1374/1041/1304
f 1357/1024/1289 1374/1041/1304 1358/1025/1290
f 1358/1025/1290 1374/1041/1304 1368/1035/1299
f 1358/1025/1290 1368/1035/1299 1352/1019/49
f 1359/1026/1291 1375/1042/1305 1376/1043/1306
f 1359/1026/1291 1376/1043/1306 1360/1027/1292
f 1360/1027/1292 1376/1043/1306 1377/1044/1307
f 1360/1027/1292 1377/1044/1307 1361/1028/1293
f 1361/1028/1293 1377/1044/1307 1378/1045/1308
f 1361/1028/1293 1378/1045/1308 1362/1029/1294
f 1362/1029/1294 1378/1045/1308 1379/1046/1309
f 1362/1029/1294 1379/1046/1309 1363/1030/1295
f 1364/1031/1296 1380/1047/1310 1381/1048/1311
f 1364/1031/1296 1381/1048/1311 1365/1032/1297
f 1365/1032/1297 1381/1048/1311 1375/1042/1305
f 1365/1032/1297 1375/1042/1305 1359/1026/1291
f 1363/1030/1295 1379/1046/1309 1382/1049/1312
f 1363/1030/1295 1382/1049/1312 1366/1033/1298
f 1366/1033/1298 1382/1049/1312 1383/1050/1313
f 1366/1033/1298 1383/1050/1313 1367/1034/1295
f 1368/1035/1299 1384/1051/1314 1385/1052/1315
f 1368/1035/1299 1385/1052/1315 1369/1036/1299
f 1369/1036/1299 1385/1052/1315 1380/1047/1310
f 1369/1036/1299 1380/1047/1310 1364/1031/1296
f 1367/1034/1295 1383/1050/1313 1386/1053/1316
f 1367/1034/1295 1386/1053/1316 1370/1037/1300
f 1370/1037/1300 1386/1053/1316 1387/1054/1317
f 1370/1037/1300 1387/1054/1317 1371/1038/1301
f 1371/1038/1301 1387/1054/1317 1388/1055/1318
f 1371/1038/1301 1388/1055/1318 1372/1039/1302
f 1372/1039/1302 1388/1055/1318 1389/1056/1319
f 1372/1039/1302 1389/1056/1319 1373/1040/1303
f 1373/1040/1303 1389/1056/1319 1390/1057/1320
f 1373/1040/1303 1390/1057/1320 1374/1041/1304
f 1374/1041/1304 1390/1057/1320 1384/1051/1314
f 1374/1041/1304 1384/1051/1314 1368/1035/1299
f 1375/1042/1305 1391/1058/1321 1392/1059/1322
f 1375/1042/1305 1392/1059/1322 1376/1043/1306
f 1376/1043/1306 1392/1059/1322 1393/1060/1323
f 1376/1043/1306 1393/1060/1323 1377/1044/1307
f 1377/1044/1307 1393/1060/1323 1394/1061/1324
f 1377/1044/1307 1394/1061/1324 1378/1045/1308
f 1378/1045/1308 1394/1061/1324 1395/1062/1325
f 1378/1045/1308 1395/1062/1325 1379/1046/1309
f 1380/1047/1310 1396/1063/1326 1397/1064/1327
f 1380/1047/1310 1397/1064/1327 1381/1048/1311
f 1381/1048/1311 1397/1064/1327 1391/1058/1321
f 1381/1048/1311 1391/1058/1321 1375/1042/1305
f 1379/1046/1309 1395/1062/1325 1398/1065/1328
f 1379/1046/1309 1398/1065/1328 1382/1049/1312
f 1382/1049/1312 1398/1065/1328 1399/1066/1329
f 1382/1049/1312 1399/1066/1329 1383/1050/1313
f 1384/1051/1314 1400/1067/1330 1401/1068/1331
f 1384/1051/1314 1401/1068/1331 1385/1052/1315
f 1385/1052/1315 1401/1068/1331 1396/1063/1326
f 1385/1052/1315 1396/1063/1326 1380/1047/1310
f 1383/1050/1313 1399/1066/1329 1402/1069/1332
f 1383/1050/1313 1402/1069/1332 1386/1053/1316
f 1386/1053/1316 1402/1069/1332 1403/1070/1333
f 1386/1053/1316 1403/1070/1333 1387/1054/1317
f 1387/1054/1317 1403/1070/1333 1404/1071/1334
f 1387/1054/1317 1404/1071/1334 1388/1055/1318
f 1388/1055/1318 1404/1071/1334 1405/1072/1335
f 1388/1055/1318 1405/1072/1335 1389/1056/1319
f 1389/1056/1319 1405/1072/1335 1406/1073/1336
f 1389/1056/1319 1406/1073/1336 1390/1057/1320
f 1390/1057/1320 1406/1073/1336 1400/1067/1330
f 1390/1057/1320 1400/1067/1330 1384/1051/1314
f 1398/1065/1328 1407/1074/1337 1408/1075/1338
f 1398/1065/1328 1408/1075/1338 1399/1066/1329
f 1395/1062/1325 1409/1076/1339 1407/1074/1337
f 1395/1062/1325 1407/1074/1337 1398/1065/1328
f 1394/1061/1324 1410/1077/1340 1409/1076/1339
f 1394/1061/1324 1409/1076/1339 1395/1062/1325
f 1393/1060/1323 1392/1059/1322 1410/1077/1340
f 1393/1060/1323 1410/1077/1340 1394/1061/1324
f 1399/1066/1329 1408/1075/1338 1411/1078/1341
f 1399/1066/1329 1411/1078/1341 1402/1069/1332
f 1402/1069/1332 1411/1078/1341 1404/1071/1334
f 1402/1069/1332 1404/1071/1334 1403/1070/1333
f 1411/1078/1341 1406/1073/1336 1405/1072/1335
f 1411/1078/1341 1405/1072/1335 1404/1071/1334
f 1408/1075/1338 1400/1067/1330 1406/1073/1336
f 1408/1075/1338 1406/1073/1336 1411/1078/1341
f 1407/1074/1337 1401/1068/1331 1400/1067/1330
f 1407/1074/1337 1400/1067/1330 1408/1075/1338
f 1409/1076/1339 1396/1063/1326 1401/1068/1331
f 1409/1076/1339 1401/1068/1331 1407/1074/1337
f 1410/1077/1340 1397/1064/1327 1396/1063/1326
f 1410/1077/1340 1396/1063/1326 1409/1076/1339
f 1392/1059/1322 1391/1058/1321 1397/1064/1327
f 1392/1059/1322 1397/1064/1327 1410/1077/1340
f 1412/919/1342 1413/922/1343 1414/921/1344
f 1412/919/1342 1414/921/1344 1415/920/1345
f 1413/922/1343 1416/924/1346 1417/923/1347
f 1413/922/1343 1417/923/1347 1414/921/1344
f 1416/924/1346 1418/926/1348 1419/925/1349
f 1416/924/1346 1419/925/1349 1417/923/1347
f 1418/926/1348 1420/928/1350 1421/927/1351
f 1418/926/1348 1421/927/1351 1419/925/1349
f 1420/928/1350 1422/930/1352 1423/929/176
f 1420/928/1350 1423/929/176 1421/927/1351
f 1422/930/1352 1424/932/1353 1425/931/1354
f 1422/930/1352 1425/931/1354 1423/929/176
f 1424/932/1353 1426/934/1355 1427/933/1356
f 1424/932/1353 1427/933/1356 1425/931/1354
f 1426/934/1355 1412/919/1342 1415/920/1345
f 1426/934/1355 1415/920/1345 1427/933/1356
f 1428/935/1357 1429/936/1358 1413/922/1343
f 1428/935/1357 1413/922/1343 1412/919/1342
f 1429/936/1358 1430/937/1359 1416/924/1346
f 1429/936/1358 1416/924/1346 1413/922/1343
f 1430/937/1359 1431/938/1360 1418/926/1348
f 1430/937/1359 1418/926/1348 1416/924/1346
f 1431/938/1360 1432/939/1361 1420/928/1350
f 1431/938/1360 1420/928/1350 1418/926/1348
f 1432/939/1361 1433/940/1362 1422/930/1352
f 1432/939/1361 1422/930/1352 1420/928/1350
f 1433/940/1362 1434/941/1363 1424/932/1353
f 1433/940/1362 1424/932/1353 1422/930/1352
f 1434/941/1363 1435/942/1364 1426/934/1355
f 1434/941/1363 1426/934/1355 1424/932/1353
f 1435/942/1364 1428/935/1357 1412/919/1342
f 1435/942/1364 1412/919/1342 1426/934/1355
f 1429/936/1358 1428/935/1357 1436/944/1365
f 1429/936/1358 1436/944/1365 1437/943/1366
f 1430/937/1359 1429/936/1358 1437/943/1366
f 1430/937/1359 1437/943/1366 1438/945/1367
f 1431/938/1360 1430/937/1359 1438/945/1367
f 1431/938/1360 1438/945/1367 1439/946/1368
f 1432/939/1361 1431/938/1360 1439/946/1368
f 1432/939/1361 1439/946/1368 1440/947/1369
f 1433/940/1362 1432/939/1361 1440/947/1369
f 1433/940/1362 1440/947/1369 1441/948/1370
f 1434/941/1363 1433/940/1362 1441/948/1370
f 1434/941/1363 1441/948/1370 1442/949/1371
f 1435/942/1364 1434/941/1363 1442/949/1371
f 1435/942/1364 1442/949/1371 1443/950/1372
f 1428/935/1357 1435/942/1364 1443/950/1372
f 1428/935/1357 1443/950/1372 1436/944/1365
f 1437/943/1366 1436/944/1365 159/101/155
f 1437/943/1366 159/101/155 158/99/154
f 1438/945/1367 1437/943/1366 158/99/154
f 1438/945/1367 158/99/154 161/102/157
f 1439/946/1368 1438/945/1367 161/102/157
f 1439/946/1368 161/102/157 162/103/158
f 1440/947/1369 1439/946/1368 162/103/158
f 1440/947/1369 162/103/158 163/104/159
f 1441/948/1370 1440/947/1369 163/104/159
f 1441/948/1370 163/104/159 164/105/160
f 1442/949/1371 1441/948/1370 164/105/160
f 1442/949/1371 164/105/160 165/106/161
f 1443/950/1372 1442/949/1371 165/106/161
f 1443/950/1372 165/106/161 166/107/162
f 1436/944/1365 1443/950/1372 166/107/162
f 1436/944/1365 166/107/162 159/101/155
f 1444/951/1373 1445/926/1374 1446/925/176
f 1444/951/1373 1446/925/176 1447/952/1375
f 1445/926/1374 1448/954/1376 1449/953/1377
f 1445/926/1374 1449/953/1377 1446/925/176
f 1448/954/1376 1450/956/1378 1451/955/1379
f 1448/954/1376 1451/955/1379 1449/953/1377
f 1450/956/1378 1452/958/1380 1453/957/1381
f 1450/956/1378 1453/957/1381 1451/955/1379
f 1452/958/1380 1454/959/1382 1455/933/1383
f 1452/958/1380 1455/933/1383 1453/957/1381
f 1454/959/1382 1456/960/1384 1457/931/1385
f 1454/959/1382 1457/931/1385 1455/933/1383
f 1456/960/1384 1458/961/1213 1459/929/1386
f 1456/960/1384 1459/929/1386 1457/931/1385
f 1458/961/1213 1444/951/1373 1447/952/1375
f 1458/961/1213 1447/952/1375 1459/929/1386
f 1460/939/1220 1461/938/1219 1445/926/1374
f 1460/939/1220 1445/926/1374 1444/951/1373
f 1461/938/1219 1462/962/1387 1448/954/1376
f 1461/938/1219 1448/954/1376 1445/926/1374
f 1462/962/1387 1463/963/1217 1450/956/1378
f 1462/962/1387 1450/956/1378 1448/954/1376
f 1463/963/1217 1464/935/1388 1452/958/1380
f 1463/963/1217 1452/958/1380 1450/956/1378
f 1464/935/1388 1465/964/1215 1454/959/1382
f 1464/935/1388 1454/959/1382 1452/958/1380
f 1465/964/1215 1466/965/1214 1456/960/1384
f 1465/964/1215 1456/960/1384 1454/959/1382
f 1466/965/1214 1467/966/1221 1458/961/1213
f 1466/965/1214 1458/961/1213 1456/960/1384
f 1467/966/1221 1460/939/1220 1444/951/1373
f 1467/966/1221 1444/951/1373 1458/961/1213
f 1461/938/1219 1460/939/1220 1468/967/1389
f 1461/938/1219 1468/967/1389 1469/946/1227
f 1462/962/1387 1461/938/1219 1469/946/1227
f 1462/962/1387 1469/946/1227 1470/968/1390
f 1463/963/1217 1462/962/1387 1470/968/1390
f 1463/963/1217 1470/968/1390 1471/943/1225
f 1464/935/1388 1463/963/1217 1471/943/1225
f 1464/935/1388 1471/943/1225 1472/944/1391
f 1465/964/1215 1464/935/1388 1472/944/1391
f 1465/964/1215 1472/944/1391 1473/950/1222
f 1466/965/1214 1465/964/1215 1473/950/1222
f 1466/965/1214 1473/950/1222 1474/969/1392
f 1467/966/1221 1466/965/1214 1474/969/1392
f 1467/966/1221 1474/969/1392 1475/970/1229
f 1460/939/1220 1467/966/1221 1475/970/1229
f 1460/939/1220 1475/970/1229 1468/967/1389
f 1469/946/1227 1468/967/1389 168/108/163
f 1469/946/1227 168/108/163 167/103/134
f 1470/968/1390 1469/946/1227 167/103/134
f 1470/968/1390 167/103/134 170/109/133
f 1471/943/1225 1470/968/1390 170/109/133
f 1471/943/1225 170/109/133 171/99/132
f 1472/944/1391 1471/943/1225 171/99/132
f 1472/944/1391 171/99/132 172/101/131
f 1473/950/1222 1472/944/1391 172/101/131
f 1473/950/1222 172/101/131 173/107/128
f 1474/969/1392 1473/950/1222 173/107/128
f 1474/969/1392 173/107/128 174/110/164
f 1475/970/1229 1474/969/1392 174/110/164
f 1475/970/1229 174/110/164 175/111/136
f 1468/967/1389 1475/970/1229 175/111/136
f 1468/967/1389 175/111/136 168/108/163
f 1476/971/1393 1477/932/1394 1478/972/1395
f 1476/971/1393 1478/972/1395 1479/933/1396
f 1477/932/1394 1480/961/1397 1481/929/1398
f 1477/932/1394 1481/929/1398 1478/972/1395
f 1480/961/1397 1482/974/1399 1483/973/1400
f 1480/961/1397 1483/973/1400 1481/929/1398
f 1482/974/1399 1484/926/1401 1485/925/1402
f 1482/974/1399 1485/925/1402 1483/973/1400
f 1484/926/1401 1486/924/1403 1487/953/1404
f 1484/926/1401 1487/953/1404 1485/925/1402
f 1486/924/1403 1488/922/1405 1489/955/1406
f 1486/924/1403 1489/955/1406 1487/953/1404
f 1488/922/1405 1490/958/1407 1491/957/1408
f 1488/922/1405 1491/957/1408 1489/955/1406
f 1490/958/1407 1476/971/1393 1479/933/1396
f 1490/958/1407 1479/933/1396 1491/957/1408
f 1492/942/1409 1493/941/1410 1477/932/1394
f 1492/942/1409 1477/932/1394 1476/971/1393
f 1493/941/1410 1494/975/1411 1480/961/1397
f 1493/941/1410 1480/961/1397 1477/932/1394
f 1494/975/1411 1495/976/1412 1482/974/1399
f 1494/975/1411 1482/974/1399 1480/961/1397
f 1495/976/1412 1496/977/1413 1484/926/1401
f 1495/976/1412 1484/926/1401 1482/974/1399
f 1496/977/1413 1497/978/1414 1486/924/1403
f 1496/977/1413 1486/924/1403 1484/926/1401
f 1497/978/1414 1498/963/1415 1488/922/1405
f 1497/978/1414 1488/922/1405 1486/924/1403
f 1498/963/1415 1499/935/1416 1490/958/1407
f 1498/963/1415 1490/958/1407 1488/922/1405
f 1499/935/1416 1492/942/1409 1476/971/1393
f 1499/935/1416 1476/971/1393 1490/958/1407
f 1493/941/1410 1492/942/1409 1500/979/1417
f 1493/941/1410 1500/979/1417 1501/969/1418
f 1494/975/1411 1493/941/1410 1501/969/1418
f 1494/975/1411 1501/969/1418 1502/970/1419
f 1495/976/1412 1494/975/1411 1502/970/1419
f 1495/976/1412 1502/970/1419 1503/947/1420
f 1496/977/1413 1495/976/1412 1503/947/1420
f 1496/977/1413 1503/947/1420 1504/946/1421
f 1497/978/1414 1496/977/1413 1504/946/1421
f 1497/978/1414 1504/946/1421 1505/980/1422
f 1498/963/1415 1497/978/1414 1505/980/1422
f 1498/963/1415 1505/980/1422 1506/981/1423
f 1499/935/1416 1498/963/1415 1506/981/1423
f 1499/935/1416 1506/981/1423 1507/944/1424
f 1492/942/1409 1499/935/1416 1507/944/1424
f 1492/942/1409 1507/944/1424 1500/979/1417
f 1501/969/1418 1500/979/1417 177/107/166
f 1501/969/1418 177/107/166 176/110/165
f 1502/970/1419 1501/969/1418 176/110/165
f 1502/970/1419 176/110/165 179/113/168
f 1503/947/1420 1502/970/1419 179/113/168
f 1503/947/1420 179/113/168 180/104/169
f 1504/946/1421 1503/947/1420 180/104/169
f 1504/946/1421 180/104/169 181/103/170
f 1505/980/1422 1504/946/1421 181/103/170
f 1505/980/1422 181/103/170 182/114/171
f 1506/981/1423 1505/980/1422 182/114/171
f 1506/981/1423 182/114/171 183/115/172
f 1507/944/1424 1506/981/1423 183/115/172
f 1507/944/1424 183/115/172 184/101/173
f 1500/979/1417 1507/944/1424 184/101/173
f 1500/979/1417 184/101/173 177/107/166
f 1508/982/1425 1509/985/1426 1510/984/1427
f 1508/982/1425 1510/984/1427 1511/983/1428
f 1509/985/1426 1512/987/1347 1513/986/1429
f 1509/985/1426 1513/986/1429 1510/984/1427
f 1512/987/1347 1514/989/1349 1515/988/1430
f 1512/987/1347 1515/988/1430 1513/986/1429
f 1514/989/1349 1516/991/1351 1517/990/1431
f 1514/989/1349 1517/990/1431 1515/988/1430
f 185/116/174 1518/993/1356 1519/992/1432
f 185/116/174 1519/992/1432 186/118/175
f 1518/993/1356 1508/982/1425 1511/983/1428
f 1518/993/1356 1511/983/1428 1519/992/1432
f 1516/991/1351 1520/995/1433 1521/994/1434
f 1516/991/1351 1521/994/1434 1517/990/1431
f 1520/995/1433 1522/997/1398 1523/996/1435
f 1520/995/1433 1523/996/1435 1521/994/1434
f 190/122/179 1524/999/1386 1525/998/1436
f 190/122/179 1525/998/1436 191/121/180
f 1524/999/1386 188/119/177 186/118/175
f 1524/999/1386 186/118/175 1525/998/1436
f 1522/997/1398 1526/1001/1400 1527/1000/1437
f 1522/997/1398 1527/1000/1437 1523/996/1435
f 1526/1001/1400 1528/1003/1402 1529/1002/1438
f 1526/1001/1400 1529/1002/1438 1527/1000/1437
f 1528/1003/1402 1530/1005/1439 1531/1004/1440
f 1528/1003/1402 1531/1004/1440 1529/1002/1438
f 1530/1005/1439 1532/1007/1441 1533/1006/1442
f 1530/1005/1439 1533/1006/1442 1531/1004/1440
f 1532/1007/1441 1534/1009/1408 1535/1008/1443
f 1532/1007/1441 1535/1008/1443 1533/1006/1442
f 1534/1009/1408 192/123/181 191/121/180
f 1534/1009/1408 191/121/180 1535/1008/1443
f 1511/983/1428 1510/984/1427 1536/1011/1444
f 1511/983/1428 1536/1011/1444 1537/1010/1445
f 1510/984/1427 1513/986/1429 1538/1012/1446
f 1510/984/1427 1538/1012/1446 1536/1011/1444
f 1513/986/1429 1515/988/1430 1539/1013/1447
f 1513/986/1429 1539/1013/1447 1538/1012/1446
f 1515/988/1430 1517/990/1431 1540/1014/76
f 1515/988/1430 1540/1014/76 1539/1013/1447
f 186/118/175 1519/992/1432 1541/1016/1448
f 186/118/175 1541/1016/1448 1542/1015/49
f 1519/992/1432 1511/983/1428 1537/1010/1445
f 1519/992/1432 1537/1010/1445 1541/1016/1448
f 1517/990/1431 1521/994/1434 1543/1017/76
f 1517/990/1431 1543/1017/76 1540/1014/76
f 1521/994/1434 1523/996/1435 1544/1018/76
f 1521/994/1434 1544/1018/76 1543/1017/76
f 191/121/180 1525/998/1436 1545/1020/49
f 191/121/180 1545/1020/49 1546/1019/49
f 1525/998/1436 186/118/175 1542/1015/49
f 1525/998/1436 1542/1015/49 1545/1020/49
f 1523/996/1435 1527/1000/1437 1547/1021/1449
f 1523/996/1435 1547/1021/1449 1544/1018/76
f 1527/1000/1437 1529/1002/1438 1548/1022/1450
f 1527/1000/1437 1548/1022/1450 1547/1021/1449
f 1529/1002/1438 1531/1004/1440 1549/1023/1451
f 1529/1002/1438 1549/1023/1451 1548/1022/1450
f 1531/1004/1440 1533/1006/1442 1550/1024/1452
f 1531/1004/1440 1550/1024/1452 1549/1023/1451
f 1533/1006/1442 1535/1008/1443 1551/1025/1453
f 1533/1006/1442 1551/1025/1453 1550/1024/1452
f 1535/1008/1443 191/121/180 1546/1019/49
f 1535/1008/1443 1546/1019/49 1551/1025/1453
f 1537/1010/1445 1536/1011/1444 1552/1027/1302
f 1537/1010/1445 1552/1027/1302 1553/1026/1454
f 1536/1011/1444 1538/1012/1446 1554/1028/1455
f 1536/1011/1444 1554/1028/1455 1552/1027/1302
f 1538/1012/1446 1539/1013/1447 1555/1029/1456
f 1538/1012/1446 1555/1029/1456 1554/1028/1455
f 1539/1013/1447 1540/1014/76 1556/1030/1295
f 1539/1013/1447 1556/1030/1295 1555/1029/1456
f 1542/1015/49 1541/1016/1448 1557/1032/1457
f 1542/1015/49 1557/1032/1457 1558/1031/1296
f 1541/1016/1448 1537/1010/1445 1553/1026/1454
f 1541/1016/1448 1553/1026/1454 1557/1032/1457
f 1540/1014/76 1543/1017/76 1559/1033/1298
f 1540/1014/76 1559/1033/1298 1556/1030/1295
f 1543/1017/76 1544/1018/76 1560/1034/1295
f 1543/1017/76 1560/1034/1295 1559/1033/1298
f 1546/1019/49 1545/1020/49 1561/1036/1299
f 1546/1019/49 1561/1036/1299 1562/1035/1299
f 1545/1020/49 1542/1015/49 1558/1031/1296
f 1545/1020/49 1558/1031/1296 1561/1036/1299
f 1544/1018/76 1547/1021/1449 1563/1037/1458
f 1544/1018/76 1563/1037/1458 1560/1034/1295
f 1547/1021/1449 1548/1022/1450 1564/1038/1459
f 1547/1021/1449 1564/1038/1459 1563/1037/1458
f 1548/1022/1450 1549/1023/1451 1565/1039/1292
f 1548/1022/1450 1565/1039/1292 1564/1038/1459
f 1549/1023/1451 1550/1024/1452 1566/1040/1460
f 1549/1023/1451 1566/1040/1460 1565/1039/1292
f 1550/1024/1452 1551/1025/1453 1567/1041/1461
f 1550/1024/1452 1567/1041/1461 1566/1040/1460
f 1551/1025/1453 1546/1019/49 1562/1035/1299
f 1551/1025/1453 1562/1035/1299 1567/1041/1461
f 1553/1026/1454 1552/1027/1302 1568/1043/1462
f 1553/1026/1454 1568/1043/1462 1569/1042/1463
f 1552/1027/1302 1554/1028/1455 1570/1044/1464
f 1552/1027/1302 1570/1044/1464 1568/1043/1462
f 1554/1028/1455 1555/1029/1456 1571/1045/1465
f 1554/1028/1455 1571/1045/1465 1570/1044/1464
f 1555/1029/1456 1556/1030/1295 1572/1046/1313
f 1555/1029/1456 1572/1046/1313 1571/1045/1465
f 1558/1031/1296 1557/1032/1457 1573/1048/1466
f 1558/1031/1296 1573/1048/1466 1574/1047/1467
f 1557/1032/1457 1553/1026/1454 1569/1042/1463
f 1557/1032/1457 1569/1042/1463 1573/1048/1466
f 1556/1030/1295 1559/1033/1298 1575/1049/1312
f 1556/1030/1295 1575/1049/1312 1572/1046/1313
f 1559/1033/1298 1560/1034/1295 1576/1050/1309
f 1559/1033/1298 1576/1050/1309 1575/1049/1312
f 1562/1035/1299 1561/1036/1299 1577/1052/1468
f 1562/1035/1299 1577/1052/1468 1578/1051/1469
f 1561/1036/1299 1558/1031/1296 1574/1047/1467
f 1561/1036/1299 1574/1047/1467 1577/1052/1468
f 1560/1034/1295 1563/1037/1458 1579/1053/1470
f 1560/1034/1295 1579/1053/1470 1576/1050/1309
f 1563/1037/1458 1564/1038/1459 1580/1054/1471
f 1563/1037/1458 1580/1054/1471 1579/1053/1470
f 1564/1038/1459 1565/1039/1292 1581/1055/1472
f 1564/1038/1459 1581/1055/1472 1580/1054/1471
f 1565/1039/1292 1566/1040/1460 1582/1056/1473
f 1565/1039/1292 1582/1056/1473 1581/1055/1472
f 1566/1040/1460 1567/1041/1461 1583/1057/1474
f 1566/1040/1460 1583/1057/1474 1582/1056/1473
f 1567/1041/1461 1562/1035/1299 1578/1051/1469
f 1567/1041/1461 1578/1051/1469 1583/1057/1474
f 1569/1042/1463 1568/1043/1462 1584/1059/1475
f 1569/1042/1463 1584/1059/1475 1585/1058/1476
f 1568/1043/1462 1570/1044/1464 1586/1060/1477
f 1568/1043/1462 1586/1060/1477 1584/1059/1475
f 1570/1044/1464 1571/1045/1465 1587/1061/1478
f 1570/1044/1464 1587/1061/1478 1586/1060/1477
f 1571/1045/1465 1572/1046/1313 1588/1062/1479
f 1571/1045/1465 1588/1062/1479 1587/1061/1478
f 1574/1047/1467 1573/1048/1466 1589/1064/1480
f 1574/1047/1467 1589/1064/1480 1590/1063/1481
f 1573/1048/1466 1569/1042/1463 1585/1058/1476
f 1573/1048/1466 1585/1058/1476 1589/1064/1480
f 1572/1046/1313 1575/1049/1312 1591/1065/1482
f 1572/1046/1313 1591/1065/1482 1588/1062/1479
f 1575/1049/1312 1576/1050/1309 1592/1066/1483
f 1575/1049/1312 1592/1066/1483 1591/1065/1482
f 1578/1051/1469 1577/1052/1468 1593/1068/1484
f 1578/1051/1469 1593/1068/1484 1594/1067/1485
f 1577/1052/1468 1574/1047/1467 1590/1063/1481
f 1577/1052/1468 1590/1063/1481 1593/1068/1484
f 1576/1050/1309 1579/1053/1470 1595/1069/1486
f 1576/1050/1309 1595/1069/1486 1592/1066/1483
f 1579/1053/1470 1580/1054/1471 1596/1070/1487
f 1579/1053/1470 1596/1070/1487 1595/1069/1486
f 1580/1054/1471 1581/1055/1472 1597/1071/1488
f 1580/1054/1471 1597/1071/1488 1596/1070/1487
f 1581/1055/1472 1582/1056/1473 1598/1072/1489
f 1581/1055/1472 1598/1072/1489 1597/1071/1488
f 1582/1056/1473 1583/1057/1474 1599/1073/1490
f 1582/1056/1473 1599/1073/1490 1598/1072/1489
f 1583/1057/1474 1578/1051/1469 1594/1067/1485
f 1583/1057/1474 1594/1067/1485 1599/1073/1490
f 1591/1065/1482 1592/1066/1483 1600/1075/1491
f 1591/1065/1482 1600/1075/1491 1601/1074/1492
f 1588/1062/1479 1591/1065/1482 1601/1074/1492
f 1588/1062/1479 1601/1074/1492 1602/1076/1493
f 1587/1061/1478 1588/1062/1479 1602/1076/1493
f 1587/1061/1478 1602/1076/1493 1603/1077/1494
f 1586/1060/1477 1587/1061/1478 1603/1077/1494
f 1586/1060/1477 1603/1077/1494 1584/1059/1475
f 1592/1066/1483 1595/1069/1486 1604/1078/1495
f 1592/1066/1483 1604/1078/1495 1600/1075/1491
f 1595/1069/1486 1596/1070/1487 1597/1071/1488
f 1595/1069/1486 1597/1071/1488 1604/1078/1495
f 1604/1078/1495 1597/1071/1488 1598/1072/1489
f 1604/1078/1495 1598/1072/1489 1599/1073/1490
f 1600/1075/1491 1604/1078/1495 1599/1073/1490
f 1600/1075/1491 1599/1073/1490 1594/1067/1485
f 1601/1074/1492 1600/1075/1491 1594/1067/1485
f 1601/1074/1492 1594/1067/1485 1593/1068/1484
f 1602/1076/1493 1601/1074/1492 1593/1068/1484
f 1602/1076/1493 1593/1068/1484 1590/1063/1481
f 1603/1077/1494 1602/1076/1493 1590/1063/1481
f 1603/1077/1494 1590/1063/1481 1589/1064/1480
f 1584/1059/1475 1603/1077/1494 1589/1064/1480
f 1584/1059/1475 1589/1064/1480 1585/1058/1476
