# Blender 3.6.4
# www.blender.org
mtllib planeMod2.mtl
o polySurface304_pasted__lambert2_0
v -0.013142 0.114103 0.537046
v -0.017229 0.105995 0.536552
v 0.000006 0.102404 0.536811
v -0.016706 0.096933 0.536000
v -0.011712 0.089346 0.535538
v -0.003588 0.085268 0.535288
v 0.005491 0.085791 0.535318
v 0.013092 0.090775 0.535621
v 0.017179 0.098882 0.536113
v 0.016656 0.107943 0.536665
v 0.011663 0.115529 0.537129
v 0.003538 0.119610 0.537379
v -0.005541 0.119087 0.537348
v -0.036081 0.110982 0.493838
v -0.023390 0.124743 0.494676
v 0.000002 0.105531 0.485810
v -0.036958 0.095323 0.492884
v -0.028370 0.082188 0.492084
v -0.010494 0.076583 0.491742
v 0.007418 0.077369 0.491790
v 0.023334 0.085608 0.492292
v 0.036024 0.099369 0.493130
v 0.036902 0.115029 0.494084
v 0.028801 0.126339 0.494774
v 0.010438 0.133768 0.495226
v -0.007475 0.132982 0.495178
v -0.021725 0.121304 0.528150
v -0.033511 0.108524 0.527371
v -0.020127 0.106949 0.530727
v -0.015352 0.116425 0.531304
v -0.006059 0.123106 0.531296
v -0.006944 0.128954 0.528616
v -0.034325 0.093981 0.526485
v -0.019514 0.096362 0.530082
v -0.026349 0.081783 0.525742
v -0.013681 0.087497 0.529541
v -0.009747 0.076576 0.525425
v -0.004188 0.082732 0.529249
v 0.006886 0.077308 0.525470
v 0.006007 0.082668 0.528831
v 0.021669 0.084958 0.525936
v 0.015302 0.089166 0.529638
v 0.033454 0.097737 0.526714
v 0.020077 0.098639 0.530216
v 0.034269 0.112282 0.527600
v 0.019465 0.109230 0.530861
v 0.026746 0.122786 0.528240
v 0.013630 0.118095 0.531401
v 0.009691 0.129686 0.528661
v 0.004137 0.122861 0.531694
v -0.033511 0.108524 0.527371
v -0.021725 0.121304 0.528150
v -0.023390 0.124743 0.494676
v -0.036081 0.110982 0.493838
v -0.034325 0.093981 0.526485
v -0.036958 0.095323 0.492884
v -0.026349 0.081783 0.525742
v -0.028370 0.082188 0.492084
v -0.009747 0.076576 0.525425
v -0.010494 0.076583 0.491742
v 0.006886 0.077308 0.525470
v 0.007418 0.077369 0.491790
v 0.021669 0.084958 0.525936
v 0.023334 0.085608 0.492292
v 0.033454 0.097737 0.526714
v 0.036024 0.099369 0.493130
v 0.034269 0.112282 0.527600
v 0.036902 0.115029 0.494084
v 0.026746 0.122786 0.528240
v 0.034269 0.112282 0.527600
v 0.036902 0.115029 0.494084
v 0.028801 0.126339 0.494774
v 0.009691 0.129686 0.528661
v 0.010438 0.133768 0.495226
v -0.006944 0.128954 0.528616
v -0.007475 0.132982 0.495178
v -0.015352 0.116425 0.531304
v -0.020127 0.106949 0.530727
v -0.017229 0.105995 0.536552
v -0.013142 0.114103 0.537046
v -0.019514 0.096362 0.530082
v -0.016706 0.096933 0.536000
v -0.013681 0.087497 0.529541
v -0.011712 0.089346 0.535538
v -0.004188 0.082732 0.529249
v -0.003588 0.085268 0.535288
v 0.006007 0.082668 0.528831
v 0.005491 0.085791 0.535318
v 0.015302 0.089166 0.529638
v 0.013092 0.090775 0.535621
v 0.020077 0.098639 0.530216
v 0.017179 0.098882 0.536113
v 0.019465 0.109230 0.530861
v 0.016656 0.107943 0.536665
v 0.013630 0.118095 0.531401
v 0.011663 0.115529 0.537129
v 0.004137 0.122861 0.531694
v 0.003538 0.119610 0.537379
v -0.006059 0.123106 0.531296
v -0.005541 0.119087 0.537348
vn -0.0148 -0.0381 0.9992
vn -0.0242 -0.0487 0.9985
vn 0.0002 -0.0608 0.9981
vn -0.0271 -0.0623 0.9977
vn -0.0226 -0.0757 0.9969
vn -0.0121 -0.0851 0.9963
vn 0.0017 -0.0880 0.9961
vn 0.0152 -0.0836 0.9964
vn 0.0246 -0.0730 0.9970
vn 0.0274 -0.0592 0.9979
vn 0.0229 -0.0459 0.9987
vn 0.0124 -0.0365 0.9993
vn -0.0015 -0.0337 0.9994
vn -0.1700 0.1819 -0.9685
vn -0.1013 0.2844 -0.9533
vn 0.0005 0.0613 -0.9981
vn -0.1970 0.0598 -0.9786
vn -0.1708 -0.0631 -0.9833
vn -0.1019 -0.1674 -0.9806
vn -0.0000 -0.1991 -0.9800
vn 0.1021 -0.1681 -0.9805
vn 0.1708 -0.0631 -0.9833
vn 0.1970 0.0586 -0.9786
vn 0.1744 0.1874 -0.9667
vn 0.1113 0.2777 -0.9542
vn -0.0000 0.3147 -0.9492
vn -0.1774 0.2648 0.9479
vn -0.2228 0.0699 0.9724
vn -0.2200 0.0976 0.9706
vn -0.1677 0.2840 0.9440
vn -0.0167 0.3995 0.9166
vn -0.0022 0.4008 0.9162
vn -0.2297 -0.0602 0.9714
vn -0.2298 -0.0703 0.9707
vn -0.2254 -0.1889 0.9558
vn -0.2200 -0.2492 0.9431
vn -0.1850 -0.3892 0.9024
vn -0.1533 -0.4433 0.8832
vn 0.0026 -0.5198 0.8543
vn 0.0169 -0.5184 0.8550
vn 0.1805 -0.3816 0.9065
vn 0.1692 -0.4036 0.8992
vn 0.2238 -0.1865 0.9566
vn 0.2212 -0.2166 0.9509
vn 0.2305 -0.0585 0.9713
vn 0.2307 -0.0482 0.9718
vn 0.2311 0.0745 0.9701
vn 0.2298 0.1439 0.9625
vn 0.1967 0.2713 0.9422
vn 0.1620 0.3221 0.9327
vn -0.7650 0.6340 0.1131
vn -0.3828 0.9160 0.1196
vn -0.3857 0.9149 0.1189
vn -0.7700 0.6280 0.1129
vn -0.9967 -0.0049 0.0806
vn -0.7650 -0.6430 0.0353
vn -0.7700 -0.6370 0.0358
vn -0.3829 -0.9238 0.0075
vn -0.3858 -0.9226 0.0070
vn -0.0000 -1.0000 0.0016
vn -0.0000 -1.0000 0.0002
vn 0.3829 -0.9238 0.0075
vn 0.3857 -0.9226 0.0070
vn 0.7650 -0.6430 0.0353
vn 0.7700 -0.6370 0.0358
vn 0.9967 -0.0046 0.0807
vn 0.9967 -0.0052 0.0806
vn 0.7655 0.6339 0.1105
vn 0.9967 -0.0045 0.0806
vn 0.9967 -0.0053 0.0806
vn 0.7699 0.6286 0.1104
vn 0.4260 0.8968 0.1196
vn 0.4289 0.8956 0.1183
vn -0.0000 0.9924 0.1230
vn -0.0000 0.9926 0.1216
vn -0.4829 0.7175 0.5020
vn -0.7981 0.3727 0.4735
vn -0.4863 0.7154 0.5018
vn -0.8915 -0.0793 0.4460
vn -0.7461 -0.5173 0.4194
vn -0.7461 -0.5172 0.4194
vn -0.4012 -0.8166 0.4150
vn -0.4060 -0.8148 0.4138
vn 0.0383 -0.9084 0.4165
vn 0.0636 -0.9074 0.4155
vn 0.4823 -0.7751 0.4081
vn 0.4854 -0.7731 0.4082
vn 0.7980 -0.4274 0.4248
vn 0.8915 0.0246 0.4524
vn 0.8915 0.0245 0.4524
vn 0.7460 0.4624 0.4792
vn 0.7461 0.4623 0.4792
vn 0.4028 0.7568 0.5148
vn 0.4076 0.7546 0.5142
vn -0.0370 0.8466 0.5310
vn -0.0642 0.8458 0.5297
vt 0.952708 0.063574
vt 0.953486 0.071351
vt 0.967588 0.065825
vt 0.958022 0.077637
vt 0.965106 0.080755
vt 0.972810 0.079792
vt 0.979271 0.075345
vt 0.982426 0.068101
vt 0.981654 0.060327
vt 0.977120 0.054045
vt 0.970029 0.050927
vt 0.962319 0.051878
vt 0.955851 0.056318
vt 0.915353 0.746670
vt 0.904439 0.739201
vt 0.891641 0.756750
vt 0.918531 0.757291
vt 0.914867 0.767754
vt 0.903622 0.774713
vt 0.891167 0.777204
vt 0.878840 0.774139
vt 0.867930 0.766667
vt 0.864755 0.756047
vt 0.868369 0.746910
vt 0.879654 0.738633
vt 0.892111 0.736140
vt 0.939342 0.062193
vt 0.936946 0.079046
vt 0.948172 0.073305
vt 0.947151 0.062656
vt 0.951548 0.051925
vt 0.947565 0.047463
vt 0.943949 0.091311
vt 0.954361 0.081969
vt 0.956731 0.097337
vt 0.964095 0.086363
vt 0.973480 0.093621
vt 0.974791 0.085266
vt 0.987484 0.084040
vt 0.983551 0.079665
vt 0.995683 0.069283
vt 0.987985 0.069028
vt 0.998066 0.052428
vt 0.986973 0.058377
vt 0.991065 0.040173
vt 0.980791 0.049714
vt 0.979564 0.035260
vt 0.971043 0.045325
vt 0.961524 0.037867
vt 0.960349 0.046399
vt 0.227263 0.523058
vt 0.239362 0.523988
vt 0.241092 0.500558
vt 0.228064 0.499557
vt 0.217090 0.522793
vt 0.217111 0.499271
vt 0.206916 0.523040
vt 0.206156 0.499538
vt 0.194816 0.523949
vt 0.193127 0.500516
vt 0.183259 0.525070
vt 0.180683 0.501723
vt 0.171735 0.526495
vt 0.168275 0.503258
vt 0.159728 0.528247
vt 0.155346 0.505144
vt 0.149745 0.530224
vt 0.144597 0.507273
vt 0.275123 0.528517
vt 0.283977 0.530243
vt 0.289132 0.507293
vt 0.279598 0.505434
vt 0.262437 0.526575
vt 0.265939 0.503344
vt 0.250916 0.525130
vt 0.253534 0.501787
s 1
usemtl pasted__lambert2
f 1/1/1 2/2/2 3/3/3
f 2/2/2 4/4/4 3/3/3
f 4/4/4 5/5/5 3/3/3
f 5/5/5 6/6/6 3/3/3
f 6/6/6 7/7/7 3/3/3
f 7/7/7 8/8/8 3/3/3
f 8/8/8 9/9/9 3/3/3
f 9/9/9 10/10/10 3/3/3
f 10/10/10 11/11/11 3/3/3
f 11/11/11 12/12/12 3/3/3
f 12/12/12 13/13/13 3/3/3
f 13/13/13 1/1/1 3/3/3
f 14/14/14 15/15/15 16/16/16
f 17/17/17 14/14/14 16/16/16
f 18/18/18 17/17/17 16/16/16
f 19/19/19 18/18/18 16/16/16
f 20/20/20 19/19/19 16/16/16
f 21/21/21 20/20/20 16/16/16
f 22/22/22 21/21/21 16/16/16
f 23/23/23 22/22/22 16/16/16
f 24/24/24 23/23/23 16/16/16
f 25/25/25 24/24/24 16/16/16
f 26/26/26 25/25/25 16/16/16
f 15/15/15 26/26/26 16/16/16
f 27/27/27 28/28/28 29/29/29
f 27/27/27 29/29/29 30/30/30
f 31/31/31 32/32/32 27/27/27
f 31/31/31 27/27/27 30/30/30
f 28/28/28 33/33/33 34/34/34
f 28/28/28 34/34/34 29/29/29
f 33/33/33 35/35/35 36/36/36
f 33/33/33 36/36/36 34/34/34
f 35/35/35 37/37/37 38/38/38
f 35/35/35 38/38/38 36/36/36
f 37/37/37 39/39/39 40/40/40
f 37/37/37 40/40/40 38/38/38
f 40/40/40 39/39/39 41/41/41
f 40/40/40 41/41/41 42/42/42
f 41/41/41 43/43/43 44/44/44
f 41/41/41 44/44/44 42/42/42
f 43/43/43 45/45/45 46/46/46
f 43/43/43 46/46/46 44/44/44
f 45/45/45 47/47/47 48/48/48
f 45/45/45 48/48/48 46/46/46
f 47/47/47 49/49/49 50/50/50
f 47/47/47 50/50/50 48/48/48
f 49/49/49 32/32/32 31/31/31
f 49/49/49 31/31/31 50/50/50
f 51/51/51 52/52/52 53/53/53
f 51/51/51 53/53/53 54/54/54
f 55/55/55 51/51/51 54/54/54
f 55/55/55 54/54/54 56/56/55
f 57/57/56 55/55/55 56/56/55
f 57/57/56 56/56/55 58/58/57
f 59/59/58 57/57/56 58/58/57
f 59/59/58 58/58/57 60/60/59
f 61/61/60 59/59/58 60/60/59
f 61/61/60 60/60/59 62/62/61
f 63/63/62 61/61/60 62/62/61
f 63/63/62 62/62/61 64/64/63
f 65/65/64 63/63/62 64/64/63
f 65/65/64 64/64/63 66/66/65
f 67/67/66 65/65/64 66/66/65
f 67/67/66 66/66/65 68/68/67
f 69/69/68 70/70/69 71/71/70
f 69/69/68 71/71/70 72/72/71
f 73/73/72 69/69/68 72/72/71
f 73/73/72 72/72/71 74/74/73
f 75/75/74 73/73/72 74/74/73
f 75/75/74 74/74/73 76/76/75
f 52/52/52 75/75/74 76/76/75
f 52/52/52 76/76/75 53/53/53
f 77/30/76 78/29/77 79/2/77
f 77/30/76 79/2/77 80/1/78
f 78/29/77 81/34/79 82/4/79
f 78/29/77 82/4/79 79/2/77
f 81/34/79 83/36/80 84/5/81
f 81/34/79 84/5/81 82/4/79
f 83/36/80 85/38/82 86/6/83
f 83/36/80 86/6/83 84/5/81
f 85/38/82 87/40/84 88/7/85
f 85/38/82 88/7/85 86/6/83
f 87/40/84 89/42/86 90/8/87
f 87/40/84 90/8/87 88/7/85
f 89/42/86 91/44/88 92/9/88
f 89/42/86 92/9/88 90/8/87
f 91/44/88 93/46/89 94/10/90
f 91/44/88 94/10/90 92/9/88
f 93/46/89 95/48/91 96/11/92
f 93/46/89 96/11/92 94/10/90
f 95/48/91 97/50/93 98/12/94
f 95/48/91 98/12/94 96/11/92
f 97/50/93 99/31/95 100/13/96
f 97/50/93 100/13/96 98/12/94
f 99/31/95 77/30/76 80/1/78
f 99/31/95 80/1/78 100/13/96
o polySurface173_pasted__lambert2_0
v -0.596615 0.123585 -0.028639
v -0.579232 0.121449 -0.073036
v -0.580367 0.116485 -0.088522
v -0.602037 0.114032 -0.033476
v -0.572642 0.101690 -0.034025
v -0.545477 0.106392 -0.114026
v -0.489812 0.091834 -0.113928
v -0.490338 0.084886 -0.032456
v -0.489812 0.102911 -0.097814
v -0.546951 0.115430 -0.097680
v -0.569394 0.120369 -0.024940
v -0.489279 0.104980 -0.018356
v -0.489812 0.091834 -0.113928
v -0.545477 0.106392 -0.114026
v -0.602037 0.114032 -0.033476
v -0.580367 0.116485 -0.088522
v -0.572642 0.101690 -0.034025
v -0.569394 0.120369 -0.024940
v -0.596615 0.123585 -0.028639
v -0.325366 0.082362 -0.080840
v -0.489279 0.104980 -0.018356
v -0.323838 0.085720 -0.013734
v -0.325366 0.082362 -0.080840
v -0.325389 0.075106 -0.096502
v -0.490338 0.084886 -0.032456
v -0.325389 0.075106 -0.096502
v -0.324281 0.069492 -0.024483
v -0.325389 0.075106 -0.096502
v -0.325366 0.082362 -0.080840
v -0.323838 0.085720 -0.013734
v -0.324281 0.069492 -0.024483
v -0.324281 0.069492 -0.024483
v -0.323838 0.085720 -0.013734
v -0.489279 0.104980 -0.018356
v -0.490338 0.084886 -0.032456
v -0.490338 0.084886 -0.032456
v -0.489279 0.104980 -0.018356
v -0.569394 0.120369 -0.024940
v -0.572642 0.101690 -0.034025
v -0.572642 0.101690 -0.034025
v -0.569394 0.120369 -0.024940
v -0.596615 0.123585 -0.028639
v -0.602037 0.114032 -0.033476
vn -0.6827 0.6806 -0.2659
vn -0.1366 0.9838 -0.1159
vn -0.3226 0.8847 -0.3364
vn -0.2191 -0.9697 -0.1076
vn -0.2147 -0.9702 -0.1119
vn -0.1297 -0.9876 -0.0890
vn -0.2191 -0.9697 -0.1075
vn 0.1478 0.9866 -0.0696
vn 0.1765 0.9830 -0.0516
vn 0.2000 0.9797 -0.0163
vn 0.1670 0.8853 -0.4340
vn 0.1657 0.8913 -0.4220
vn -0.3910 -0.9007 -0.1891
vn -0.3820 -0.9052 -0.1864
vn -0.2148 -0.9702 -0.1119
vn -0.3910 -0.9008 -0.1891
vn 0.1504 0.9886 -0.0086
vn 0.1222 0.9918 -0.0384
vn 0.1478 0.9866 -0.0695
vn 0.1488 0.8565 -0.4942
vn 0.1488 0.8565 -0.4943
vn -0.0903 -0.9926 -0.0809
vn -0.0902 -0.9926 -0.0809
vn 0.9998 0.0014 -0.0189
vn -0.0898 -0.5598 0.8237
vn -0.0898 -0.5599 0.8237
vn -0.1414 -0.4964 0.8565
vn -0.1593 -0.3968 0.9040
vt 0.276821 0.078335
vt 0.248762 0.087166
vt 0.238004 0.085679
vt 0.273540 0.071497
vt 0.154359 0.090911
vt 0.208650 0.108353
vt 0.208645 0.148496
vt 0.153230 0.149494
vt 0.227559 0.150449
vt 0.230107 0.109303
vt 0.278903 0.096621
vt 0.280124 0.153676
vt 0.214591 0.150796
vt 0.217759 0.109999
vt 0.155558 0.068638
vt 0.191188 0.082767
vt 0.236567 0.268370
vt 0.281965 0.269214
vt 0.224990 0.268405
vt 0.198135 0.258424
vt 0.151745 0.257520
vt 0.232993 0.232360
vt 0.229758 0.229972
vt 0.220016 0.216858
vt 0.224401 0.217043
vt 0.219595 0.176356
vt 0.225228 0.176466
vt 0.218786 0.156477
vt 0.223518 0.156114
vt 0.219106 0.149761
vt 0.221452 0.148644
s 1
usemtl pasted__lambert2
f 101/77/97 102/78/98 103/79/99
f 101/77/97 103/79/99 104/80/97
f 105/81/100 106/82/101 107/83/102
f 105/81/100 107/83/102 108/84/103
f 109/85/104 110/86/105 111/87/106
f 109/85/104 111/87/106 112/88/106
f 109/85/104 113/89/107 114/90/108
f 109/85/104 114/90/108 110/86/105
f 115/91/109 116/92/110 106/82/111
f 115/91/109 106/82/111 117/81/112
f 118/87/113 110/86/105 102/78/98
f 118/87/113 102/78/98 119/77/113
f 114/90/108 103/79/99 102/78/98
f 114/90/108 102/78/98 110/86/105
f 120/93/114 109/85/115 121/88/114
f 120/93/114 121/88/114 122/94/114
f 113/89/107 109/85/104 123/93/116
f 113/89/107 123/93/116 124/95/117
f 125/84/118 107/83/102 126/96/119
f 125/84/118 126/96/119 127/97/118
f 128/98/120 129/99/120 130/100/120
f 128/98/120 130/100/120 131/101/120
f 132/101/121 133/100/121 134/102/122
f 132/101/121 134/102/122 135/103/122
f 136/103/123 137/102/123 138/104/123
f 136/103/123 138/104/123 139/105/123
f 140/105/124 141/104/124 142/106/124
f 140/105/124 142/106/124 143/107/124
o polySurface407_Tooner_0
v -0.598352 0.126012 -0.026196
v -0.605591 0.113104 -0.032299
v -0.583135 0.116646 -0.091202
v -0.580262 0.125085 -0.073808
v -0.573771 0.098384 -0.032392
v -0.490944 0.081450 -0.030813
v -0.489737 0.090835 -0.117651
v -0.546394 0.105967 -0.117748
v -0.489138 0.106548 -0.098905
v -0.489115 0.106793 -0.014956
v -0.569304 0.122425 -0.021679
v -0.546588 0.119116 -0.098754
v -0.489138 0.106548 -0.098905
v -0.546588 0.119116 -0.098754
v -0.546394 0.105967 -0.117748
v -0.489737 0.090835 -0.117651
v -0.605591 0.113104 -0.032299
v -0.573771 0.098384 -0.032392
v -0.546394 0.105967 -0.117748
v -0.583135 0.116646 -0.091202
v -0.569304 0.122425 -0.021679
v -0.598352 0.126012 -0.026196
v -0.580262 0.125085 -0.073808
v -0.546588 0.119116 -0.098754
v -0.546394 0.105967 -0.117748
v -0.546588 0.119116 -0.098754
v -0.580262 0.125085 -0.073808
v -0.583135 0.116646 -0.091202
v -0.322605 0.084947 -0.081595
v -0.321635 0.087081 -0.010876
v -0.489115 0.106793 -0.014956
v -0.489138 0.106548 -0.098905
v -0.489737 0.090835 -0.117651
v -0.323397 0.074132 -0.099657
v -0.322605 0.084947 -0.081595
v -0.489138 0.106548 -0.098905
v -0.490944 0.081450 -0.030813
v -0.322082 0.066627 -0.023130
v -0.323397 0.074132 -0.099657
v -0.489737 0.090835 -0.117651
v -0.323397 0.074132 -0.099657
v -0.322082 0.066627 -0.023130
v -0.321635 0.087081 -0.010876
v -0.322605 0.084947 -0.081595
v -0.322082 0.066627 -0.023130
v -0.490944 0.081450 -0.030813
v -0.489115 0.106793 -0.014956
v -0.321635 0.087081 -0.010876
v -0.490944 0.081450 -0.030813
v -0.573771 0.098384 -0.032392
v -0.569304 0.122425 -0.021679
v -0.489115 0.106793 -0.014956
v -0.573771 0.098384 -0.032392
v -0.605591 0.113104 -0.032299
v -0.598352 0.126012 -0.026196
v -0.569304 0.122425 -0.021679
vn 0.7284 -0.6331 0.2617
vn 0.7284 -0.6332 0.2617
vn 0.2206 0.9664 0.1318
vn -0.2004 -0.9797 -0.0066
vn -0.2004 -0.9797 -0.0067
vn -0.1888 -0.7791 0.5978
vn 0.4106 0.8872 0.2104
vn 0.4105 0.8873 0.2103
vn 0.4104 0.8874 0.2102
vn -0.1561 -0.9876 -0.0176
vn -0.1562 -0.9876 -0.0175
vn 0.1600 -0.8541 0.4949
vn -0.1237 -0.9922 0.0161
vn -0.1536 -0.7989 0.5816
vn 0.0854 0.9911 0.1024
vn -0.9996 0.0237 0.0164
vn 0.0830 0.5183 -0.8511
vn 0.0830 0.5183 -0.8512
vn 0.1359 0.4559 -0.8796
vn 0.1753 0.3613 -0.9158
vn 0.1752 0.3613 -0.9158
vt 0.276821 0.078335
vt 0.273540 0.071497
vt 0.238004 0.085679
vt 0.248762 0.087166
vt 0.154359 0.090911
vt 0.153230 0.149494
vt 0.208645 0.148496
vt 0.208650 0.108353
vt 0.227559 0.150449
vt 0.280124 0.153676
vt 0.278903 0.096621
vt 0.230107 0.109303
vt 0.217759 0.109999
vt 0.214591 0.150796
vt 0.155558 0.068638
vt 0.191188 0.082767
vt 0.236567 0.268370
vt 0.281965 0.269214
vt 0.224990 0.268405
vt 0.151745 0.257520
vt 0.198135 0.258424
vt 0.232993 0.232360
vt 0.224401 0.217043
vt 0.220016 0.216858
vt 0.229758 0.229972
vt 0.225228 0.176466
vt 0.219595 0.176356
vt 0.223518 0.156114
vt 0.218786 0.156477
vt 0.221452 0.148644
vt 0.219106 0.149761
s 1
usemtl Tooner
f 144/108/125 145/109/125 146/110/125
f 144/108/125 146/110/125 147/111/126
f 148/112/127 149/113/127 150/114/127
f 148/112/127 150/114/127 151/115/127
f 152/116/128 153/117/128 154/118/129
f 152/116/128 154/118/129 155/119/128
f 156/116/130 157/119/130 158/120/130
f 156/116/130 158/120/130 159/121/130
f 160/122/131 161/112/132 162/115/132
f 160/122/131 162/115/132 163/123/133
f 164/118/134 165/108/135 166/111/135
f 164/118/134 166/111/135 167/119/134
f 168/120/136 169/119/136 170/111/136
f 168/120/136 170/111/136 171/110/136
f 172/124/137 173/125/137 174/117/137
f 172/124/137 174/117/137 175/116/137
f 176/121/138 177/126/138 178/124/138
f 176/121/138 178/124/138 179/116/138
f 180/113/139 181/127/139 182/128/139
f 180/113/139 182/128/139 183/114/139
f 184/129/140 185/130/140 186/131/140
f 184/129/140 186/131/140 187/132/140
f 188/130/141 189/133/142 190/134/142
f 188/130/141 190/134/142 191/131/141
f 192/133/143 193/135/143 194/136/143
f 192/133/143 194/136/143 195/134/143
f 196/135/144 197/137/145 198/138/145
f 196/135/144 198/138/145 199/136/145
o polySurface174_pasted__lambert2_0
v 0.596615 0.123585 -0.028639
v 0.602037 0.110399 -0.033698
v 0.580367 0.112852 -0.088744
v 0.579232 0.121449 -0.073036
v 0.572642 0.098057 -0.034247
v 0.490338 0.081253 -0.032678
v 0.489812 0.088201 -0.114150
v 0.545477 0.102759 -0.114248
v 0.489812 0.102911 -0.097815
v 0.489279 0.104980 -0.018356
v 0.569394 0.120369 -0.024941
v 0.546951 0.115430 -0.097680
v 0.545477 0.102759 -0.114248
v 0.489812 0.088201 -0.114150
v 0.602037 0.110399 -0.033698
v 0.572642 0.098057 -0.034247
v 0.580367 0.112852 -0.088744
v 0.569394 0.120369 -0.024941
v 0.596615 0.123585 -0.028639
v 0.325366 0.082362 -0.080841
v 0.323838 0.085720 -0.013735
v 0.489279 0.104980 -0.018356
v 0.325389 0.071473 -0.096724
v 0.325366 0.082362 -0.080841
v 0.490338 0.081253 -0.032678
v 0.324281 0.065859 -0.024705
v 0.325389 0.071473 -0.096724
v 0.325389 0.071473 -0.096724
v 0.324281 0.065859 -0.024705
v 0.323838 0.085720 -0.013735
v 0.325366 0.082362 -0.080841
v 0.324281 0.065859 -0.024705
v 0.490338 0.081253 -0.032678
v 0.489279 0.104980 -0.018356
v 0.323838 0.085720 -0.013735
v 0.490338 0.081253 -0.032678
v 0.572642 0.098057 -0.034247
v 0.569394 0.120369 -0.024941
v 0.489279 0.104980 -0.018356
v 0.572642 0.098057 -0.034247
v 0.602037 0.110399 -0.033698
v 0.596615 0.123585 -0.028639
v 0.569394 0.120369 -0.024941
vn 0.7891 0.5313 -0.3082
vn 0.3227 0.8847 -0.3364
vn 0.1366 0.9838 -0.1159
vn 0.2191 -0.9697 -0.1075
vn 0.1297 -0.9876 -0.0890
vn 0.2147 -0.9702 -0.1119
vn -0.1478 0.9866 -0.0696
vn -0.2000 0.9797 -0.0163
vn -0.1764 0.9830 -0.0516
vn -0.1657 0.8914 -0.4219
vn -0.1670 0.8853 -0.4340
vn 0.3910 -0.9007 -0.1891
vn 0.3910 -0.9008 -0.1891
vn 0.2148 -0.9702 -0.1119
vn 0.3820 -0.9052 -0.1864
vn -0.1504 0.9886 -0.0086
vn -0.1222 0.9918 -0.0384
vn -0.1478 0.9866 -0.0695
vn -0.1520 0.7738 -0.6149
vn 0.0903 -0.9926 -0.0810
vn 0.0903 -0.9926 -0.0809
vn 0.0902 -0.9926 -0.0809
vn -0.9998 0.0013 -0.0189
vn -0.9998 0.0014 -0.0189
vn 0.0848 -0.4979 0.8631
vn 0.1323 -0.4428 0.8868
vn 0.1452 -0.3404 0.9290
vt 0.276821 0.078335
vt 0.273540 0.071497
vt 0.238004 0.085679
vt 0.248762 0.087166
vt 0.154359 0.090911
vt 0.153230 0.149494
vt 0.208645 0.148496
vt 0.208650 0.108353
vt 0.227559 0.150449
vt 0.280124 0.153676
vt 0.278903 0.096621
vt 0.230107 0.109303
vt 0.217759 0.109999
vt 0.214591 0.150796
vt 0.155558 0.068638
vt 0.191188 0.082767
vt 0.236567 0.268370
vt 0.281965 0.269214
vt 0.224990 0.268405
vt 0.151745 0.257520
vt 0.198135 0.258424
vt 0.232993 0.232360
vt 0.224401 0.217043
vt 0.220016 0.216858
vt 0.229758 0.229972
vt 0.225228 0.176466
vt 0.219595 0.176356
vt 0.223518 0.156114
vt 0.218786 0.156477
vt 0.221452 0.148644
vt 0.219106 0.149761
s 1
usemtl pasted__lambert2
f 200/139/146 201/140/146 202/141/147
f 200/139/146 202/141/147 203/142/148
f 204/143/149 205/144/149 206/145/150
f 204/143/149 206/145/150 207/146/151
f 208/147/152 209/148/153 210/149/153
f 208/147/152 210/149/153 211/150/154
f 208/147/152 211/150/154 212/151/155
f 208/147/152 212/151/155 213/152/156
f 214/153/157 215/143/158 207/146/159
f 214/153/157 207/146/159 216/154/160
f 217/149/161 218/139/161 203/142/148
f 217/149/161 203/142/148 211/150/154
f 212/151/155 211/150/154 203/142/148
f 212/151/155 203/142/148 202/141/147
f 219/155/162 220/156/162 221/148/162
f 219/155/162 221/148/162 208/147/163
f 213/152/156 222/157/164 223/155/164
f 213/152/156 223/155/164 208/147/152
f 224/144/165 225/158/166 226/159/167
f 224/144/165 226/159/167 206/145/150
f 227/160/168 228/161/168 229/162/168
f 227/160/168 229/162/168 230/163/169
f 231/161/170 232/164/170 233/165/170
f 231/161/170 233/165/170 234/162/170
f 235/164/171 236/166/171 237/167/171
f 235/164/171 237/167/171 238/165/171
f 239/166/172 240/168/172 241/169/172
f 239/166/172 241/169/172 242/167/172
o polySurface408_Tooner_0
v 0.598585 0.126000 -0.026368
v 0.580566 0.124931 -0.074023
v 0.583174 0.112662 -0.091381
v 0.605494 0.109171 -0.032507
v 0.573770 0.094801 -0.032514
v 0.546482 0.102089 -0.117910
v 0.489791 0.086962 -0.117802
v 0.490941 0.077873 -0.030922
v 0.489140 0.106456 -0.099177
v 0.546780 0.119014 -0.099094
v 0.569268 0.122521 -0.021742
v 0.489099 0.106907 -0.015020
v 0.489140 0.106456 -0.099177
v 0.489791 0.086962 -0.117802
v 0.546482 0.102089 -0.117910
v 0.546780 0.119014 -0.099094
v 0.605494 0.109171 -0.032507
v 0.583174 0.112662 -0.091381
v 0.546482 0.102089 -0.117910
v 0.573770 0.094801 -0.032514
v 0.569268 0.122521 -0.021742
v 0.546780 0.119014 -0.099094
v 0.580566 0.124931 -0.074023
v 0.598585 0.126000 -0.026368
v 0.546482 0.102089 -0.117910
v 0.583174 0.112662 -0.091381
v 0.580566 0.124931 -0.074023
v 0.546780 0.119014 -0.099094
v 0.322657 0.084936 -0.081797
v 0.489140 0.106456 -0.099177
v 0.489099 0.106907 -0.015020
v 0.321617 0.087180 -0.010941
v 0.489791 0.086962 -0.117802
v 0.489140 0.106456 -0.099177
v 0.322657 0.084936 -0.081797
v 0.323332 0.070281 -0.099760
v 0.490941 0.077873 -0.030922
v 0.489791 0.086962 -0.117802
v 0.323332 0.070281 -0.099760
v 0.322104 0.063031 -0.023242
v 0.323332 0.070281 -0.099760
v 0.322657 0.084936 -0.081797
v 0.321617 0.087180 -0.010941
v 0.322104 0.063031 -0.023242
v 0.322104 0.063031 -0.023242
v 0.321617 0.087180 -0.010941
v 0.489099 0.106907 -0.015020
v 0.490941 0.077873 -0.030922
v 0.490941 0.077873 -0.030922
v 0.489099 0.106907 -0.015020
v 0.569268 0.122521 -0.021742
v 0.573770 0.094801 -0.032514
v 0.573770 0.094801 -0.032514
v 0.569268 0.122521 -0.021742
v 0.598585 0.126000 -0.026368
v 0.605494 0.109171 -0.032507
vn -0.8114 -0.5042 0.2958
vn -0.2206 0.9669 0.1283
vn 0.2001 -0.9798 -0.0038
vn 0.1998 -0.9798 -0.0035
vn 0.1710 -0.7055 0.6878
vn -0.4046 0.8911 0.2056
vn -0.4047 0.8910 0.2057
vn -0.4050 0.8908 0.2060
vn 0.1514 -0.9884 -0.0129
vn 0.1513 -0.9884 -0.0129
vn -0.2590 -0.7596 0.5965
vn -0.2590 -0.7597 0.5965
vn 0.1237 -0.9922 0.0181
vn 0.1546 -0.7195 0.6771
vn -0.0856 0.9914 0.0991
vn 0.9997 0.0175 0.0160
vn 0.9997 0.0174 0.0160
vn -0.0786 0.4644 -0.8821
vn -0.0786 0.4643 -0.8822
vn -0.1280 0.4101 -0.9030
vn -0.1279 0.4101 -0.9030
vn -0.1625 0.3135 -0.9356
vt 0.276821 0.078335
vt 0.248762 0.087166
vt 0.238004 0.085679
vt 0.273540 0.071497
vt 0.154359 0.090911
vt 0.208650 0.108353
vt 0.208645 0.148496
vt 0.153230 0.149494
vt 0.227559 0.150449
vt 0.230107 0.109303
vt 0.278903 0.096621
vt 0.280124 0.153676
vt 0.214591 0.150796
vt 0.217759 0.109999
vt 0.155558 0.068638
vt 0.191188 0.082767
vt 0.236567 0.268370
vt 0.281965 0.269214
vt 0.224990 0.268405
vt 0.198135 0.258424
vt 0.151745 0.257520
vt 0.232993 0.232360
vt 0.229758 0.229972
vt 0.220016 0.216858
vt 0.224401 0.217043
vt 0.219595 0.176356
vt 0.225228 0.176466
vt 0.218786 0.156477
vt 0.223518 0.156114
vt 0.219106 0.149761
vt 0.221452 0.148644
s 1
usemtl Tooner
f 243/170/173 244/171/173 245/172/173
f 243/170/173 245/172/173 246/173/173
f 247/174/174 248/175/174 249/176/174
f 247/174/174 249/176/174 250/177/174
f 251/178/175 252/179/175 253/180/176
f 251/178/175 253/180/176 254/181/175
f 255/178/177 256/182/177 257/183/177
f 255/178/177 257/183/177 258/179/177
f 259/184/178 260/185/179 261/175/180
f 259/184/178 261/175/180 262/174/178
f 263/180/181 264/179/182 265/171/182
f 263/180/181 265/171/182 266/170/182
f 267/183/183 268/172/183 269/171/184
f 267/183/183 269/171/184 270/179/183
f 271/186/185 272/178/185 273/181/185
f 271/186/185 273/181/185 274/187/185
f 275/182/186 276/178/186 277/186/186
f 275/182/186 277/186/186 278/188/186
f 279/177/187 280/176/187 281/189/187
f 279/177/187 281/189/187 282/190/187
f 283/191/188 284/192/188 285/193/189
f 283/191/188 285/193/189 286/194/188
f 287/194/190 288/193/191 289/195/190
f 287/194/190 289/195/190 290/196/190
f 291/196/192 292/195/193 293/197/193
f 291/196/192 293/197/193 294/198/193
f 295/198/194 296/197/194 297/199/194
f 295/198/194 297/199/194 298/200/194
o polySurface182_pasted__lambert2_0
v -0.330693 0.331324 -0.064377
v -0.330915 0.323194 -0.077581
v -0.331179 0.323348 -0.016617
v -0.332659 0.336355 -0.011407
v -0.332659 0.336355 -0.011407
v -0.331179 0.323348 -0.016617
v -0.366672 0.325168 -0.017155
v -0.366672 0.339059 -0.010607
v -0.366672 0.339059 -0.010607
v -0.366672 0.325168 -0.017155
v -0.519449 0.341703 -0.017780
v -0.519449 0.356831 -0.009803
v -0.519449 0.356831 -0.009803
v -0.519449 0.341703 -0.017780
v -0.621319 0.360576 -0.016671
v -0.609451 0.373725 -0.015686
v -0.609451 0.373725 -0.015686
v -0.621319 0.360576 -0.016671
v -0.653481 0.372057 -0.021717
v -0.644536 0.383323 -0.020769
v -0.366672 0.318908 0.190553
v -0.173690 0.304385 0.189907
v -0.173690 0.323441 0.179819
v -0.366672 0.337972 0.180465
v -0.640788 0.374018 0.160302
v -0.648410 0.358030 0.170805
v -0.519449 0.338544 0.192075
v -0.519449 0.357604 0.181986
v -0.188705 0.315914 -0.071983
v -0.330915 0.323194 -0.077581
v -0.330693 0.331324 -0.064377
v -0.188705 0.320839 -0.058996
v -0.673241 0.387639 0.123767
v -0.681019 0.371712 0.133842
v -0.137300 0.323421 -0.052732
v -0.120368 0.318525 -0.023156
v -0.115535 0.309435 -0.034670
v -0.131787 0.314000 -0.062613
v -0.068854 0.303063 0.004650
v -0.069759 0.315856 0.016465
v -0.000000 0.313455 0.035410
v -0.000000 0.300064 0.023509
v -0.131787 0.314000 -0.062613
v -0.115535 0.309435 -0.034670
v -0.146224 0.310916 0.099892
v -0.188705 0.315914 -0.071983
v -0.173690 0.304385 0.189907
v -0.366672 0.318908 0.190553
v -0.366672 0.325410 0.088579
v -0.519449 0.338544 0.192075
v -0.519449 0.343022 0.079740
v -0.648410 0.358030 0.170805
v -0.645794 0.362308 0.060889
v -0.681019 0.371712 0.133842
v -0.676623 0.374566 0.047079
v -0.667546 0.394306 0.051749
v -0.676623 0.374566 0.047079
v -0.625515 0.383477 0.060267
v -0.519449 0.367676 0.084631
v -0.366672 0.348636 0.093377
v -0.146611 0.329226 0.105351
v -0.000000 0.326070 0.117102
v -0.000000 0.323089 0.078413
v -0.068661 0.321885 0.065980
v -0.068854 0.303063 0.004650
v -0.064486 0.300868 0.068439
v -0.000000 0.300023 0.190017
v -0.000000 0.319077 0.179928
v -0.000000 0.300023 0.190017
v -0.000000 0.298673 0.132266
v -0.000000 0.299083 0.100100
v -0.000000 0.300064 0.023509
v -0.330693 0.331324 -0.064377
v -0.332659 0.336355 -0.011407
v -0.366672 0.339059 -0.010607
v -0.519449 0.356831 -0.009803
v -0.609451 0.373725 -0.015686
v -0.519449 0.356831 -0.009803
v -0.609451 0.373725 -0.015686
v -0.644536 0.383323 -0.020769
v -0.644536 0.383323 -0.020769
v -0.653481 0.372057 -0.021717
v -0.653481 0.372057 -0.021717
v -0.621319 0.360576 -0.016671
v -0.621319 0.360576 -0.016671
v -0.519449 0.341703 -0.017780
v -0.519449 0.341703 -0.017780
v -0.366672 0.325168 -0.017155
v -0.366672 0.325168 -0.017155
v -0.331179 0.323348 -0.016617
v -0.330915 0.323194 -0.077581
v -0.366672 0.339059 -0.010607
v 0.330693 0.331324 -0.064377
v 0.332659 0.336355 -0.011407
v 0.331179 0.323348 -0.016617
v 0.330915 0.323194 -0.077581
v 0.332659 0.336355 -0.011407
v 0.366672 0.339059 -0.010607
v 0.366672 0.325168 -0.017155
v 0.331179 0.323348 -0.016617
v 0.366672 0.339059 -0.010607
v 0.519449 0.356831 -0.009803
v 0.519449 0.341703 -0.017780
v 0.366672 0.325168 -0.017155
v 0.519449 0.356831 -0.009803
v 0.609451 0.373725 -0.015686
v 0.621319 0.360576 -0.016671
v 0.519449 0.341703 -0.017780
v 0.609451 0.373725 -0.015686
v 0.644536 0.383323 -0.020769
v 0.653481 0.372057 -0.021717
v 0.621319 0.360576 -0.016671
v 0.366672 0.318908 0.190553
v 0.366672 0.337972 0.180465
v 0.173690 0.323441 0.179819
v 0.173690 0.304385 0.189907
v 0.640788 0.374018 0.160302
v 0.519449 0.357604 0.181986
v 0.519449 0.338544 0.192075
v 0.648410 0.358030 0.170805
v 0.188705 0.315914 -0.071983
v 0.188705 0.320839 -0.058996
v 0.330693 0.331324 -0.064377
v 0.330915 0.323194 -0.077581
v 0.681019 0.371712 0.133842
v 0.673241 0.387639 0.123767
v 0.137300 0.323421 -0.052732
v 0.131787 0.314000 -0.062613
v 0.115535 0.309435 -0.034670
v 0.120368 0.318525 -0.023156
v 0.068854 0.303063 0.004650
v -0.000000 0.300064 0.023509
v -0.000000 0.313455 0.035410
v 0.069759 0.315856 0.016465
v 0.131787 0.314000 -0.062613
v 0.188705 0.315914 -0.071983
v 0.146224 0.310916 0.099892
v 0.115535 0.309435 -0.034670
v 0.173690 0.304385 0.189907
v 0.366672 0.325410 0.088579
v 0.366672 0.318908 0.190553
v 0.519449 0.343022 0.079740
v 0.519449 0.338544 0.192075
v 0.645794 0.362308 0.060889
v 0.648410 0.358030 0.170805
v 0.676623 0.374566 0.047079
v 0.681019 0.371712 0.133842
v 0.676623 0.374566 0.047079
v 0.667546 0.394306 0.051749
v 0.625515 0.383477 0.060267
v 0.519449 0.367676 0.084631
v 0.366672 0.348636 0.093377
v 0.146611 0.329226 0.105351
v -0.000000 0.326070 0.117102
v 0.068661 0.321885 0.065980
v -0.000000 0.323089 0.078413
v 0.068854 0.303063 0.004650
v 0.064486 0.300868 0.068439
v -0.000000 0.319077 0.179928
v -0.000000 0.300023 0.190017
v -0.000000 0.300023 0.190017
v -0.000000 0.298673 0.132266
v -0.000000 0.299083 0.100100
v -0.000000 0.300064 0.023509
v 0.332659 0.336355 -0.011407
v 0.330693 0.331324 -0.064377
v 0.519449 0.356831 -0.009803
v 0.366672 0.339059 -0.010607
v 0.609451 0.373725 -0.015686
v 0.519449 0.356831 -0.009803
v 0.644536 0.383323 -0.020769
v 0.609451 0.373725 -0.015686
v 0.653481 0.372057 -0.021717
v 0.644536 0.383323 -0.020769
v 0.621319 0.360576 -0.016671
v 0.653481 0.372057 -0.021717
v 0.519449 0.341703 -0.017780
v 0.621319 0.360576 -0.016671
v 0.366672 0.325168 -0.017155
v 0.519449 0.341703 -0.017780
v 0.331179 0.323348 -0.016617
v 0.366672 0.325168 -0.017155
v 0.330915 0.323194 -0.077581
v 0.366672 0.339059 -0.010607
vn -0.9989 -0.0441 -0.0176
vn -0.9989 -0.0441 -0.0175
vn 0.0227 0.4015 -0.9156
vn 0.0497 0.4471 -0.8931
vn 0.0497 0.4470 -0.8931
vn 0.0749 0.2726 -0.9592
vn 0.0747 0.2726 -0.9592
vn 0.1370 -0.0385 -0.9898
vn 0.1370 -0.0384 -0.9898
vn 0.0688 0.6576 0.7502
vn 0.0346 0.6589 0.7515
vn 0.0589 0.9724 0.2256
vn 0.0974 0.9714 0.2166
vn 0.0984 0.9709 0.2183
vn -0.0757 0.7535 0.6531
vn 0.0490 0.6826 0.7292
vn 0.1112 0.9708 0.2126
vn 0.0635 0.9854 -0.1580
vn 0.0730 0.8924 -0.4454
vn 0.0730 0.8923 -0.4454
vn 0.0798 0.9944 -0.0698
vn -0.0226 0.9900 0.1390
vn -0.4747 0.8082 0.3486
vn 0.0696 0.9964 -0.0491
vn 0.0946 0.9928 -0.0740
vn 0.3146 0.9249 -0.2135
vn 0.1006 0.9928 -0.0645
vn 0.2510 0.8934 -0.3725
vn 0.0978 0.9866 -0.1304
vn 0.0703 0.9751 -0.2105
vn 0.1555 0.8824 -0.4441
vn -0.0752 -0.9968 -0.0256
vn -0.0916 -0.9955 -0.0239
vn -0.0643 -0.9974 -0.0322
vn -0.0606 -0.9981 -0.0082
vn -0.0618 -0.9958 -0.0675
vn -0.0913 -0.9937 -0.0653
vn -0.0847 -0.9961 -0.0245
vn -0.1302 -0.9904 -0.0464
vn -0.1339 -0.9908 -0.0184
vn -0.1637 -0.9856 -0.0413
vn -0.2059 -0.9780 -0.0335
vn -0.3461 -0.9371 -0.0463
vn -0.3312 -0.9411 -0.0680
vn 0.0159 0.9998 -0.0095
vn -0.7069 0.6843 -0.1790
vn 0.1832 0.9829 0.0210
vn 0.1358 0.9907 0.0057
vn 0.1020 0.9948 -0.0035
vn 0.0658 0.9977 0.0143
vn 0.0203 0.9990 0.0396
vn 0.0251 0.9937 -0.1096
vn 0.0455 0.9954 -0.0847
vn -0.0989 -0.9949 -0.0207
vn -0.0816 -0.9967 0.0017
vn 0.0161 0.6592 0.7518
vn 0.0174 0.9707 0.2396
vn -0.0474 -0.9979 -0.0438
vn -0.0550 -0.9982 -0.0232
vn -0.0620 -0.9978 0.0229
vn -0.0276 -0.9994 -0.0217
vn 0.0818 0.9937 -0.0765
vn 0.0860 0.9929 -0.0818
vn 0.1216 0.9874 -0.1016
vn 0.1788 0.9786 -0.1014
vn 0.2661 0.9618 -0.0643
vn -0.7966 0.5191 -0.3097
vn -0.3304 -0.9404 -0.0802
vn -0.1645 -0.9864 -0.0058
vn -0.1113 -0.9938 0.0076
vn -0.0635 -0.9980 -0.0019
vn -0.0597 -0.9982 -0.0064
vn -0.0562 -0.9984 -0.0106
vn 0.0902 0.9921 -0.0870
vn 0.9989 -0.0441 -0.0176
vn 0.9989 -0.0441 -0.0175
vn -0.0227 0.4015 -0.9156
vn -0.0497 0.4471 -0.8931
vn -0.0495 0.4470 -0.8931
vn -0.0497 0.4470 -0.8931
vn -0.0498 0.4470 -0.8931
vn -0.0747 0.2727 -0.9592
vn -0.0747 0.2726 -0.9592
vn -0.1370 -0.0385 -0.9898
vn -0.1370 -0.0384 -0.9898
vn -0.0688 0.6576 0.7502
vn -0.0974 0.9714 0.2166
vn -0.0589 0.9724 0.2256
vn -0.0346 0.6589 0.7515
vn -0.0984 0.9709 0.2183
vn -0.1112 0.9708 0.2126
vn -0.0490 0.6826 0.7292
vn 0.0757 0.7535 0.6531
vn -0.0635 0.9854 -0.1580
vn -0.0798 0.9944 -0.0698
vn -0.0730 0.8923 -0.4454
vn -0.0730 0.8924 -0.4454
vn 0.4747 0.8082 0.3486
vn 0.0226 0.9900 0.1389
vn -0.0696 0.9964 -0.0490
vn -0.1006 0.9928 -0.0645
vn -0.3146 0.9249 -0.2135
vn -0.0946 0.9928 -0.0740
vn -0.2510 0.8934 -0.3725
vn -0.1555 0.8824 -0.4441
vn -0.0703 0.9751 -0.2105
vn -0.0978 0.9866 -0.1304
vn 0.0752 -0.9968 -0.0256
vn 0.0606 -0.9981 -0.0082
vn 0.0643 -0.9974 -0.0322
vn 0.0916 -0.9955 -0.0239
vn 0.0618 -0.9958 -0.0675
vn 0.0847 -0.9961 -0.0245
vn 0.0913 -0.9937 -0.0653
vn 0.1339 -0.9908 -0.0184
vn 0.1302 -0.9904 -0.0464
vn 0.2059 -0.9780 -0.0335
vn 0.1637 -0.9856 -0.0413
vn 0.3311 -0.9411 -0.0680
vn 0.3461 -0.9371 -0.0463
vn 0.7069 0.6843 -0.1790
vn -0.0159 0.9998 -0.0095
vn -0.1832 0.9829 0.0210
vn -0.1358 0.9907 0.0057
vn -0.1020 0.9948 -0.0035
vn -0.0658 0.9977 0.0143
vn -0.0203 0.9990 0.0396
vn -0.0455 0.9954 -0.0847
vn -0.0251 0.9937 -0.1096
vn 0.0989 -0.9949 -0.0207
vn 0.0816 -0.9967 0.0017
vn -0.0199 0.9707 0.2397
vn -0.0161 0.6592 0.7518
vn 0.0474 -0.9979 -0.0438
vn 0.0550 -0.9982 -0.0232
vn 0.0620 -0.9978 0.0229
vn 0.0276 -0.9994 -0.0217
vn -0.0860 0.9929 -0.0818
vn -0.0818 0.9937 -0.0765
vn -0.1216 0.9874 -0.1016
vn -0.1789 0.9786 -0.1015
vn -0.1788 0.9786 -0.1014
vn -0.2661 0.9618 -0.0643
vn 0.7966 0.5191 -0.3097
vn 0.3304 -0.9404 -0.0802
vn 0.1645 -0.9864 -0.0058
vn 0.1113 -0.9938 0.0076
vn 0.1113 -0.9938 0.0077
vn 0.0597 -0.9982 -0.0064
vn 0.0635 -0.9980 -0.0019
vn 0.0562 -0.9984 -0.0106
vn -0.0902 0.9921 -0.0870
vt 0.230775 0.614477
vt 0.234017 0.610442
vt 0.231436 0.630625
vt 0.226887 0.631817
vt 0.232730 0.642417
vt 0.227662 0.643182
vt 0.235499 0.693631
vt 0.229853 0.694470
vt 0.235321 0.728211
vt 0.230288 0.725093
vt 0.233493 0.739586
vt 0.229255 0.737307
vt 0.007703 0.759266
vt 0.014495 0.624470
vt 0.025613 0.625385
vt 0.018791 0.760480
vt 0.024728 0.953453
vt 0.014654 0.958504
vt 0.002348 0.866585
vt 0.013445 0.867612
vt 0.201050 0.643869
vt 0.201381 0.736875
vt 0.189643 0.736641
vt 0.189887 0.643389
vt 0.050469 0.977053
vt 0.041823 0.983908
vt 0.183301 0.607227
vt 0.164160 0.594505
vt 0.177871 0.591213
vt 0.196431 0.604108
vt 0.153093 0.556729
vt 0.138241 0.557761
vt 0.127101 0.508406
vt 0.142136 0.508452
vt 0.233851 0.607952
vt 0.253182 0.595876
vt 0.347901 0.614048
vt 0.228624 0.648042
vt 0.411776 0.631051
vt 0.416340 0.766190
vt 0.344789 0.768716
vt 0.420291 0.873164
vt 0.341592 0.875942
vt 0.407735 0.964023
vt 0.330670 0.964909
vt 0.382093 0.987790
vt 0.321228 0.986856
vt 0.098950 0.975969
vt 0.102016 0.986845
vt 0.094838 0.945336
vt 0.081667 0.870498
vt 0.080148 0.763388
vt 0.078740 0.609023
vt 0.075195 0.506443
vt 0.102169 0.507521
vt 0.109001 0.555717
vt 0.279792 0.562208
vt 0.324358 0.557572
vt 0.020036 0.503676
vt 0.031175 0.504354
vt 0.407757 0.509424
vt 0.367463 0.510846
vt 0.344968 0.511640
vt 0.291404 0.513531
vt 0.145837 0.738947
vt 0.145562 0.766348
vt 0.144760 0.873969
vt 0.144825 0.937929
vt 0.144339 0.963536
vt 0.145132 0.972187
vt 0.272696 0.972344
vt 0.275947 0.949681
vt 0.273508 0.878345
vt 0.270916 0.771323
vt 0.270497 0.743827
vt 0.227898 0.743327
s 1
usemtl pasted__lambert2
f 299/201/195 300/202/195 301/203/196
f 299/201/195 301/203/196 302/204/195
f 303/204/197 304/203/197 305/205/197
f 303/204/197 305/205/197 306/206/197
f 307/206/198 308/205/199 309/207/199
f 307/206/198 309/207/199 310/208/199
f 311/208/200 312/207/201 313/209/201
f 311/208/200 313/209/201 314/210/201
f 315/210/202 316/209/202 317/211/203
f 315/210/202 317/211/203 318/212/202
f 319/213/204 320/214/205 321/215/206
f 319/213/204 321/215/206 322/216/207
f 323/217/208 324/218/209 325/219/210
f 323/217/208 325/219/210 326/220/211
f 319/213/204 322/216/207 326/220/211
f 319/213/204 326/220/211 325/219/210
f 327/221/212 328/222/213 329/223/214
f 327/221/212 329/223/214 330/224/215
f 323/217/208 331/225/216 332/226/217
f 323/217/208 332/226/217 324/218/209
f 333/227/218 334/228/219 335/229/220
f 333/227/218 335/229/220 336/230/221
f 337/231/222 338/232/223 339/233/224
f 337/231/222 339/233/224 340/234/225
f 341/235/226 342/236/227 343/237/228
f 341/235/226 343/237/228 344/238/229
f 327/221/212 330/224/215 333/227/218
f 327/221/212 333/227/218 336/230/221
f 337/231/222 335/229/220 334/228/219
f 337/231/222 334/228/219 338/232/223
f 345/239/230 346/240/231 347/241/232
f 345/239/230 347/241/232 343/237/228
f 346/240/231 348/242/233 349/243/234
f 346/240/231 349/243/234 347/241/232
f 348/242/233 350/244/235 351/245/236
f 348/242/233 351/245/236 349/243/234
f 350/244/235 352/246/237 353/247/238
f 350/244/235 353/247/238 351/245/236
f 332/226/217 331/225/216 354/248/239
f 332/226/217 354/248/239 355/249/240
f 331/225/216 323/217/208 356/250/241
f 331/225/216 356/250/241 354/248/239
f 356/250/241 323/217/208 326/220/211
f 356/250/241 326/220/211 357/251/242
f 326/220/211 322/216/207 358/252/243
f 326/220/211 358/252/243 357/251/242
f 322/216/207 321/215/206 359/253/244
f 322/216/207 359/253/244 358/252/243
f 360/254/245 361/255/246 362/256/247
f 360/254/245 362/256/247 359/253/244
f 359/253/244 334/228/219 333/227/218
f 359/253/244 333/227/218 330/224/215
f 363/257/248 364/258/249 343/237/228
f 363/257/248 343/237/228 342/236/227
f 321/215/206 320/214/205 365/259/250
f 321/215/206 365/259/250 366/260/251
f 366/260/251 360/254/245 359/253/244
f 366/260/251 359/253/244 321/215/206
f 367/261/252 345/239/230 343/237/228
f 367/261/252 343/237/228 368/262/253
f 338/232/223 362/256/247 361/255/246
f 338/232/223 361/255/246 339/233/224
f 359/253/244 362/256/247 338/232/223
f 359/253/244 338/232/223 334/228/219
f 369/263/254 364/258/249 363/257/248
f 369/263/254 363/257/248 370/264/255
f 368/262/253 343/237/228 364/258/249
f 368/262/253 364/258/249 369/263/254
f 359/253/244 330/224/215 371/223/256
f 359/253/244 371/223/256 372/265/257
f 357/251/242 358/252/243 373/266/258
f 357/251/242 373/266/258 374/267/258
f 375/268/259 356/250/241 357/251/242
f 375/268/259 357/251/242 376/267/259
f 354/248/239 356/250/241 377/268/260
f 354/248/239 377/268/260 378/269/260
f 355/249/240 354/248/239 379/269/261
f 355/249/240 379/269/261 380/270/261
f 351/245/236 353/247/238 381/271/262
f 351/245/236 381/271/262 382/272/262
f 349/243/234 351/245/236 383/272/263
f 349/243/234 383/272/263 384/273/263
f 347/241/232 349/243/234 385/273/264
f 347/241/232 385/273/264 386/274/264
f 343/237/228 347/241/232 387/274/265
f 343/237/228 387/274/265 388/275/266
f 343/237/228 388/275/266 389/276/267
f 343/237/228 389/276/267 344/238/229
f 359/253/244 372/265/257 390/266/268
f 359/253/244 390/266/268 358/252/243
f 391/201/269 392/204/270 393/203/270
f 391/201/269 393/203/270 394/202/269
f 395/204/271 396/206/271 397/205/271
f 395/204/271 397/205/271 398/203/271
f 399/206/272 400/208/273 401/207/274
f 399/206/272 401/207/274 402/205/275
f 403/208/276 404/210/277 405/209/277
f 403/208/276 405/209/277 406/207/277
f 407/210/278 408/212/278 409/211/279
f 407/210/278 409/211/279 410/209/278
f 411/213/280 412/216/281 413/215/282
f 411/213/280 413/215/282 414/214/283
f 415/217/284 416/220/285 417/219/286
f 415/217/284 417/219/286 418/218/287
f 411/213/280 417/219/286 416/220/285
f 411/213/280 416/220/285 412/216/281
f 419/221/288 420/224/289 421/223/290
f 419/221/288 421/223/290 422/222/291
f 415/217/284 418/218/287 423/226/292
f 415/217/284 423/226/292 424/225/293
f 425/227/294 426/230/295 427/229/296
f 425/227/294 427/229/296 428/228/297
f 429/231/298 430/234/299 431/233/300
f 429/231/298 431/233/300 432/232/301
f 433/235/302 434/238/303 435/237/304
f 433/235/302 435/237/304 436/236/305
f 419/221/288 426/230/295 425/227/294
f 419/221/288 425/227/294 420/224/289
f 429/231/298 432/232/301 428/228/297
f 429/231/298 428/228/297 427/229/296
f 437/239/306 435/237/304 438/241/307
f 437/239/306 438/241/307 439/240/308
f 439/240/308 438/241/307 440/243/309
f 439/240/308 440/243/309 441/242/310
f 441/242/310 440/243/309 442/245/311
f 441/242/310 442/245/311 443/244/312
f 443/244/312 442/245/311 444/247/313
f 443/244/312 444/247/313 445/246/314
f 423/226/292 446/249/315 447/248/316
f 423/226/292 447/248/316 424/225/293
f 424/225/293 447/248/316 448/250/317
f 424/225/293 448/250/317 415/217/284
f 448/250/317 449/251/318 416/220/285
f 448/250/317 416/220/285 415/217/284
f 416/220/285 449/251/318 450/252/319
f 416/220/285 450/252/319 412/216/281
f 412/216/281 450/252/319 451/253/320
f 412/216/281 451/253/320 413/215/282
f 452/254/321 451/253/320 453/256/322
f 452/254/321 453/256/322 454/255/323
f 451/253/320 420/224/289 425/227/294
f 451/253/320 425/227/294 428/228/297
f 455/257/324 436/236/305 435/237/304
f 455/257/324 435/237/304 456/258/325
f 413/215/282 457/260/326 458/259/327
f 413/215/282 458/259/327 414/214/283
f 457/260/326 413/215/282 451/253/320
f 457/260/326 451/253/320 452/254/321
f 459/261/328 460/262/329 435/237/304
f 459/261/328 435/237/304 437/239/306
f 432/232/301 431/233/300 454/255/323
f 432/232/301 454/255/323 453/256/322
f 451/253/320 428/228/297 432/232/301
f 451/253/320 432/232/301 453/256/322
f 461/263/330 462/264/331 455/257/324
f 461/263/330 455/257/324 456/258/325
f 460/262/329 461/263/330 456/258/325
f 460/262/329 456/258/325 435/237/304
f 451/253/320 463/265/332 464/223/333
f 451/253/320 464/223/333 420/224/289
f 449/251/318 465/267/334 466/266/334
f 449/251/318 466/266/334 450/252/319
f 467/268/335 468/267/336 449/251/318
f 467/268/335 449/251/318 448/250/317
f 447/248/316 469/269/337 470/268/337
f 447/248/316 470/268/337 448/250/317
f 446/249/315 471/270/338 472/269/338
f 446/249/315 472/269/338 447/248/316
f 442/245/311 473/272/339 474/271/339
f 442/245/311 474/271/339 444/247/313
f 440/243/309 475/273/340 476/272/340
f 440/243/309 476/272/340 442/245/311
f 438/241/307 477/274/341 478/273/342
f 438/241/307 478/273/342 440/243/309
f 435/237/304 479/275/343 480/274/344
f 435/237/304 480/274/344 438/241/307
f 435/237/304 434/238/303 481/276/345
f 435/237/304 481/276/345 479/275/343
f 451/253/320 450/252/319 482/266/346
f 451/253/320 482/266/346 463/265/332
o polySurface165_pasted__lambert2_0
v -0.330915 0.317952 -0.086076
v -0.331179 0.318030 -0.020092
v -0.332659 0.337512 -0.014538
v -0.330692 0.332587 -0.072510
v -0.331179 0.318030 -0.020092
v -0.366672 0.319847 -0.020639
v -0.366672 0.340219 -0.013749
v -0.332659 0.337512 -0.014538
v -0.366672 0.319847 -0.020639
v -0.519449 0.336381 -0.021324
v -0.519449 0.357994 -0.013011
v -0.366672 0.340219 -0.013749
v -0.519449 0.336381 -0.021324
v -0.621319 0.355258 -0.020288
v -0.609451 0.374866 -0.018958
v -0.519449 0.357994 -0.013011
v -0.621319 0.355258 -0.020288
v -0.653481 0.366720 -0.025377
v -0.644536 0.384444 -0.024078
v -0.609451 0.374866 -0.018958
v -0.366672 0.319847 -0.020639
v -0.331179 0.318030 -0.020092
v -0.330915 0.317952 -0.086076
v -0.366672 0.319777 -0.087490
v -0.519449 0.336381 -0.021324
v -0.366672 0.319847 -0.020639
v -0.519449 0.335294 -0.106749
v -0.366672 0.340219 -0.013749
v -0.519449 0.357994 -0.013011
v -0.519449 0.349764 -0.089961
v -0.366672 0.335238 -0.073883
v -0.644536 0.384444 -0.024078
v -0.653481 0.366720 -0.025377
v -0.630444 0.364268 -0.098871
v -0.627664 0.376495 -0.082239
v -0.621319 0.355258 -0.020288
v -0.519449 0.336381 -0.021324
v -0.595167 0.353400 -0.108173
v -0.519449 0.357994 -0.013011
v -0.609451 0.374866 -0.018958
v -0.595167 0.366244 -0.091485
v -0.366672 0.319777 -0.087490
v -0.519449 0.335294 -0.106749
v -0.595167 0.353400 -0.108173
v -0.653481 0.366720 -0.025377
v -0.621319 0.355258 -0.020288
v -0.630444 0.364268 -0.098871
v -0.609451 0.374866 -0.018958
v -0.644536 0.384444 -0.024078
v -0.332659 0.337512 -0.014538
v -0.366672 0.340219 -0.013749
v -0.330692 0.332587 -0.072510
v -0.330915 0.317952 -0.086076
v -0.330692 0.332587 -0.072510
vn 0.9995 0.0274 0.0169
vn -0.0161 -0.2985 0.9543
vn -0.0380 -0.3402 0.9396
vn -0.0641 -0.2098 0.9756
vn -0.1464 0.0120 0.9891
vn -0.1464 0.0120 0.9892
vn -0.0511 -0.9987 0.0010
vn -0.0510 -0.9987 0.0011
vn -0.0821 -0.9966 0.0042
vn -0.1048 -0.9945 0.0076
vn -0.1393 -0.9902 0.0043
vn 0.1094 0.9894 -0.0953
vn 0.1094 0.9894 -0.0954
vn 0.1519 0.9831 -0.1020
vn 0.1049 0.9904 -0.0895
vn -0.8207 0.4936 -0.2878
vn -0.2360 0.9075 -0.3474
vn 0.0176 0.9935 -0.1126
vn -0.2039 -0.9789 -0.0142
vn -0.2038 -0.9789 -0.0141
vn -0.2018 -0.9793 -0.0158
vn 0.2004 0.9755 -0.0908
vn 0.1999 0.9762 -0.0841
vn 0.1088 0.9532 -0.2820
vn 0.1696 0.9099 -0.3785
vn 0.2057 0.8997 -0.3851
vn -0.3176 -0.9455 -0.0716
vn -0.3176 -0.9455 -0.0715
vn -0.3241 -0.9431 -0.0746
vn 0.2780 0.9590 -0.0553
vn 0.0769 0.9937 -0.0821
vn 0.0766 0.9937 -0.0820
vn 0.0768 0.9937 -0.0821
vn 0.0705 0.6682 -0.7406
vt 0.213402 0.686755
vt 0.218855 0.686943
vt 0.207399 0.686204
vt 0.210961 0.686230
vt 0.218896 0.691723
vt 0.207253 0.690767
vt 0.219149 0.712295
vt 0.206865 0.711454
vt 0.219387 0.726007
vt 0.206872 0.723748
vt 0.213074 0.730348
vt 0.207001 0.728670
vt 0.266027 0.771323
vt 0.265608 0.746454
vt 0.227898 0.747773
vt 0.227715 0.772848
vt 0.268619 0.878345
vt 0.217370 0.880327
vt 0.151662 0.766348
vt 0.147689 0.873969
vt 0.197999 0.876614
vt 0.189581 0.767918
vt 0.149736 0.957189
vt 0.149869 0.972187
vt 0.197505 0.957596
vt 0.190108 0.948073
vt 0.271058 0.949681
vt 0.217475 0.933410
vt 0.147754 0.937929
vt 0.194807 0.931342
vt 0.201464 0.768148
vt 0.210733 0.876569
vt 0.206977 0.931708
vt 0.267807 0.972344
vt 0.224385 0.957898
vt 0.153157 0.742608
vt 0.189643 0.742742
vt 0.201381 0.743179
s 1
usemtl pasted__lambert2
f 483/277/347 485/279/347 484/278/347
f 483/277/347 486/280/347 485/279/347
f 487/278/348 489/282/348 488/281/348
f 487/278/348 490/279/348 489/282/348
f 491/281/349 493/284/349 492/283/349
f 491/281/349 494/282/349 493/284/349
f 495/283/350 497/286/350 496/285/350
f 495/283/350 498/284/350 497/286/350
f 499/285/351 501/288/351 500/287/351
f 499/285/351 502/286/352 501/288/351
s 0
f 503/289/353 505/291/353 504/290/353
s 1
f 503/289/354 506/292/355 505/291/354
f 507/293/356 506/292/355 508/289/356
f 507/293/356 509/294/357 506/292/355
f 510/295/358 512/297/360 511/296/359
f 510/295/358 513/298/361 512/297/360
f 514/299/362 516/301/363 515/300/362
f 514/299/362 517/302/364 516/301/363
f 518/303/365 509/294/357 519/293/366
f 518/303/365 520/304/367 509/294/357
f 512/297/360 522/305/368 521/296/368
f 512/297/360 523/306/369 522/305/368
f 524/307/370 512/297/360 513/298/361
f 524/307/370 525/308/371 512/297/360
f 512/297/360 526/309/372 523/306/369
f 512/297/360 525/308/371 526/309/372
f 527/310/373 520/304/367 528/303/374
f 527/310/373 529/311/375 520/304/367
f 530/305/376 517/302/364 531/299/376
f 530/305/376 523/306/369 517/302/364
f 526/309/372 517/302/364 523/306/369
f 526/309/372 516/301/363 517/302/364
f 532/312/377 513/298/361 533/295/378
f 532/312/377 534/313/379 513/298/361
f 535/314/380 513/298/361 536/313/380
f 535/314/380 524/307/370 513/298/361
o polySurface410_Tooner_0
v -0.328764 0.316608 -0.088980
v -0.328914 0.315511 -0.018250
v -0.330486 0.339415 -0.011982
v -0.328133 0.335197 -0.073739
v -0.328914 0.315511 -0.018250
v -0.366921 0.316712 -0.018407
v -0.366443 0.342559 -0.010691
v -0.330486 0.339415 -0.011982
v -0.366921 0.316712 -0.018407
v -0.519946 0.333299 -0.019060
v -0.519110 0.360365 -0.009989
v -0.366443 0.342559 -0.010691
v -0.519946 0.333299 -0.019060
v -0.622335 0.352502 -0.017788
v -0.609029 0.377395 -0.016078
v -0.519110 0.360365 -0.009989
v -0.622335 0.352502 -0.017788
v -0.656861 0.365708 -0.023822
v -0.646130 0.387471 -0.022298
v -0.609029 0.377395 -0.016078
v -0.366921 0.316712 -0.018407
v -0.328914 0.315511 -0.018250
v -0.328764 0.316608 -0.088980
v -0.366530 0.318153 -0.090985
v -0.519946 0.333299 -0.019060
v -0.366921 0.316712 -0.018407
v -0.366530 0.318153 -0.090985
v -0.519410 0.333821 -0.110313
v -0.366443 0.342559 -0.010691
v -0.519110 0.360365 -0.009989
v -0.518790 0.353227 -0.091524
v -0.366252 0.338703 -0.075524
v -0.646130 0.387471 -0.022298
v -0.656861 0.365708 -0.023822
v -0.632792 0.363851 -0.101902
v -0.628742 0.379960 -0.083544
v -0.622335 0.352502 -0.017788
v -0.519946 0.333299 -0.019060
v -0.519410 0.333821 -0.110313
v -0.595737 0.352336 -0.111835
v -0.518790 0.353227 -0.091524
v -0.519110 0.360365 -0.009989
v -0.609029 0.377395 -0.016078
v -0.594469 0.369734 -0.092971
v -0.366530 0.318153 -0.090985
v -0.366252 0.338703 -0.075524
v -0.518790 0.353227 -0.091524
v -0.519410 0.333821 -0.110313
v -0.518790 0.353227 -0.091524
v -0.594469 0.369734 -0.092971
v -0.595737 0.352336 -0.111835
v -0.519410 0.333821 -0.110313
v -0.656861 0.365708 -0.023822
v -0.622335 0.352502 -0.017788
v -0.595737 0.352336 -0.111835
v -0.632792 0.363851 -0.101902
v -0.609029 0.377395 -0.016078
v -0.646130 0.387471 -0.022298
v -0.628742 0.379960 -0.083544
v -0.594469 0.369734 -0.092971
v -0.595737 0.352336 -0.111835
v -0.594469 0.369734 -0.092971
v -0.628742 0.379960 -0.083544
v -0.632792 0.363851 -0.101902
v -0.330486 0.339415 -0.011982
v -0.366443 0.342559 -0.010691
v -0.366252 0.338703 -0.075524
v -0.328133 0.335197 -0.073739
v -0.328764 0.316608 -0.088980
v -0.328133 0.335197 -0.073739
v -0.366252 0.338703 -0.075524
v -0.366530 0.318153 -0.090985
vn -0.9997 -0.0127 -0.0186
vn 0.0011 0.2706 -0.9627
vn 0.0012 0.2706 -0.9627
vn 0.0338 0.3015 -0.9529
vn 0.0598 0.1872 -0.9805
vn 0.1635 -0.0160 -0.9864
vn 0.1636 -0.0159 -0.9864
vn 0.1637 -0.0158 -0.9864
vn 0.0357 0.9992 0.0178
vn 0.1040 0.9945 0.0125
vn 0.1041 0.9945 0.0125
vn -0.1087 -0.9913 0.0741
vn -0.1087 -0.9913 0.0740
vn 0.8352 -0.4731 0.2803
vn 0.2063 0.9780 0.0320
vn 0.2063 0.9780 0.0321
vn -0.2012 -0.9769 0.0723
vn -0.2011 -0.9769 0.0724
vn -0.1504 -0.6415 0.7523
vn -0.1504 -0.6414 0.7523
vn -0.1747 -0.6997 0.6927
vn 0.3294 0.9403 0.0859
vn -0.2716 -0.9615 0.0428
vn -0.0431 -0.7395 0.6718
vn -0.0430 -0.7395 0.6718
vn -0.0896 -0.9941 0.0616
vn -0.0897 -0.9941 0.0616
vn -0.0801 -0.6141 0.7852
vt 0.213402 0.686755
vt 0.218855 0.686943
vt 0.207399 0.686204
vt 0.210961 0.686230
vt 0.218896 0.691723
vt 0.207253 0.690767
vt 0.219149 0.712295
vt 0.206865 0.711454
vt 0.219387 0.726007
vt 0.206872 0.723748
vt 0.213074 0.730348
vt 0.207001 0.728670
vt 0.266027 0.771323
vt 0.265608 0.746454
vt 0.227898 0.747773
vt 0.227715 0.772848
vt 0.268619 0.878345
vt 0.217370 0.880327
vt 0.151662 0.766348
vt 0.147689 0.873969
vt 0.197999 0.876614
vt 0.189581 0.767918
vt 0.149736 0.957189
vt 0.149869 0.972187
vt 0.197505 0.957596
vt 0.190108 0.948073
vt 0.271058 0.949681
vt 0.217475 0.933410
vt 0.147754 0.937929
vt 0.194807 0.931342
vt 0.201464 0.768148
vt 0.210733 0.876569
vt 0.206977 0.931708
vt 0.267807 0.972344
vt 0.224385 0.957898
vt 0.153157 0.742608
vt 0.189643 0.742742
vt 0.201381 0.743179
s 1
usemtl Tooner
f 537/315/381 538/316/381 539/317/381
f 537/315/381 539/317/381 540/318/381
f 541/316/382 542/319/382 543/320/383
f 541/316/382 543/320/383 544/317/382
f 545/319/384 546/321/384 547/322/384
f 545/319/384 547/322/384 548/320/384
f 549/321/385 550/323/385 551/324/385
f 549/321/385 551/324/385 552/322/385
f 553/323/386 554/325/387 555/326/388
f 553/323/386 555/326/388 556/324/387
f 557/327/389 558/328/389 559/329/389
f 557/327/389 559/329/389 560/330/389
f 561/331/390 562/327/390 563/330/391
f 561/331/390 563/330/391 564/332/390
f 565/333/392 566/334/392 567/335/393
f 565/333/392 567/335/393 568/336/392
f 569/337/394 570/338/394 571/339/394
f 569/337/394 571/339/394 572/340/394
f 573/341/395 574/331/396 575/332/396
f 573/341/395 575/332/396 576/342/396
f 577/335/397 578/334/398 579/343/397
f 577/335/397 579/343/397 580/344/398
f 581/345/399 582/336/400 583/335/400
f 581/345/399 583/335/400 584/346/399
f 585/335/401 586/344/401 587/347/401
f 585/335/401 587/347/401 588/346/401
f 589/348/402 590/341/402 591/342/402
f 589/348/402 591/342/402 592/349/402
f 593/343/403 594/337/403 595/340/403
f 593/343/403 595/340/403 596/344/403
f 597/347/404 598/344/405 599/340/404
f 597/347/404 599/340/404 600/339/404
f 601/350/406 602/333/406 603/336/407
f 601/350/406 603/336/407 604/351/407
f 605/352/408 606/351/408 607/336/408
f 605/352/408 607/336/408 608/345/408
o polySurface161_pasted__lambert2_0
v 0.330915 0.317952 -0.084422
v 0.331179 0.318030 -0.018439
v 0.332659 0.337512 -0.012885
v 0.330692 0.332587 -0.070857
v 0.331179 0.318030 -0.018439
v 0.366672 0.319847 -0.018985
v 0.366672 0.340219 -0.012096
v 0.332659 0.337512 -0.012885
v 0.366672 0.319847 -0.018985
v 0.519449 0.336381 -0.019671
v 0.519449 0.357994 -0.011358
v 0.366672 0.340219 -0.012096
v 0.519449 0.336381 -0.019671
v 0.621319 0.355258 -0.018635
v 0.609451 0.374866 -0.017305
v 0.519449 0.357994 -0.011358
v 0.621319 0.355258 -0.018635
v 0.653481 0.366720 -0.023724
v 0.644536 0.384444 -0.022425
v 0.609451 0.374866 -0.017305
v 0.366672 0.319847 -0.018985
v 0.331179 0.318030 -0.018439
v 0.330915 0.317952 -0.084422
v 0.366672 0.319777 -0.085837
v 0.519449 0.336381 -0.019671
v 0.366672 0.319847 -0.018985
v 0.519449 0.335294 -0.105096
v 0.366672 0.340219 -0.012096
v 0.519449 0.357994 -0.011358
v 0.519449 0.349764 -0.088308
v 0.366672 0.335238 -0.072230
v 0.644536 0.384444 -0.022425
v 0.653481 0.366720 -0.023724
v 0.630444 0.364268 -0.097218
v 0.627664 0.376495 -0.080586
v 0.621319 0.355258 -0.018635
v 0.519449 0.336381 -0.019671
v 0.595167 0.353400 -0.106519
v 0.519449 0.357994 -0.011358
v 0.609451 0.374866 -0.017305
v 0.595167 0.366244 -0.089832
v 0.366672 0.319777 -0.085837
v 0.519449 0.335294 -0.105096
v 0.595167 0.353400 -0.106519
v 0.653481 0.366720 -0.023724
v 0.621319 0.355258 -0.018635
v 0.630444 0.364268 -0.097218
v 0.609451 0.374866 -0.017305
v 0.644536 0.384444 -0.022425
v 0.332659 0.337512 -0.012885
v 0.366672 0.340219 -0.012096
v 0.330692 0.332587 -0.070857
v 0.330915 0.317952 -0.084422
v 0.330692 0.332587 -0.070857
vn -0.9995 0.0274 0.0169
vn -0.9995 0.0273 0.0169
vn 0.0161 -0.2985 0.9543
vn 0.0380 -0.3402 0.9396
vn 0.0641 -0.2098 0.9756
vn 0.1464 0.0120 0.9891
vn 0.1464 0.0120 0.9892
vn 0.0511 -0.9987 0.0010
vn 0.0510 -0.9987 0.0011
vn 0.0821 -0.9966 0.0042
vn 0.1048 -0.9945 0.0076
vn 0.1393 -0.9902 0.0043
vn -0.1094 0.9894 -0.0953
vn -0.1094 0.9894 -0.0954
vn -0.1519 0.9831 -0.1020
vn -0.1049 0.9904 -0.0895
vn 0.8207 0.4936 -0.2878
vn 0.2360 0.9075 -0.3474
vn -0.0176 0.9935 -0.1126
vn 0.2039 -0.9789 -0.0142
vn 0.2038 -0.9789 -0.0141
vn 0.2018 -0.9793 -0.0158
vn -0.2004 0.9755 -0.0908
vn -0.2005 0.9755 -0.0908
vn -0.1999 0.9762 -0.0841
vn -0.1088 0.9532 -0.2820
vn -0.1696 0.9099 -0.3785
vn -0.2057 0.8997 -0.3851
vn 0.3175 -0.9455 -0.0715
vn 0.3176 -0.9455 -0.0715
vn 0.3241 -0.9431 -0.0746
vn -0.2780 0.9590 -0.0553
vn -0.0769 0.9937 -0.0821
vn -0.0768 0.9937 -0.0821
vn -0.0705 0.6682 -0.7406
vt 0.213402 0.686755
vt 0.218855 0.686943
vt 0.207399 0.686204
vt 0.210961 0.686230
vt 0.218896 0.691723
vt 0.207253 0.690767
vt 0.219149 0.712295
vt 0.206865 0.711454
vt 0.219387 0.726007
vt 0.206872 0.723748
vt 0.213074 0.730348
vt 0.207001 0.728670
vt 0.266027 0.771323
vt 0.265608 0.746454
vt 0.227898 0.747773
vt 0.227715 0.772848
vt 0.268619 0.878345
vt 0.217370 0.880327
vt 0.151662 0.766348
vt 0.147689 0.873969
vt 0.197999 0.876614
vt 0.189581 0.767918
vt 0.149736 0.957189
vt 0.149869 0.972187
vt 0.197505 0.957596
vt 0.190108 0.948073
vt 0.271058 0.949681
vt 0.217475 0.933410
vt 0.147754 0.937929
vt 0.194807 0.931342
vt 0.201464 0.768148
vt 0.210733 0.876569
vt 0.206977 0.931708
vt 0.267807 0.972344
vt 0.224385 0.957898
vt 0.153157 0.742608
vt 0.189643 0.742742
vt 0.201381 0.743179
s 1
usemtl pasted__lambert2
f 609/353/409 610/354/410 611/355/409
f 609/353/409 611/355/409 612/356/410
f 613/354/411 614/357/411 615/358/411
f 613/354/411 615/358/411 616/355/411
f 617/357/412 618/359/412 619/360/412
f 617/357/412 619/360/412 620/358/412
f 621/359/413 622/361/413 623/362/413
f 621/359/413 623/362/413 624/360/413
f 625/361/414 626/363/415 627/364/414
f 625/361/414 627/364/414 628/362/414
s 0
f 629/365/416 630/366/416 631/367/416
s 1
f 629/365/417 631/367/417 632/368/418
f 633/369/419 634/365/419 632/368/418
f 633/369/419 632/368/418 635/370/420
f 636/371/421 637/372/422 638/373/423
f 636/371/421 638/373/423 639/374/424
f 640/375/425 641/376/425 642/377/426
f 640/375/425 642/377/426 643/378/427
f 644/379/428 645/369/429 635/370/420
f 644/379/428 635/370/420 646/380/430
f 638/373/423 647/372/431 648/381/432
f 638/373/423 648/381/432 649/382/433
f 650/383/434 639/374/424 638/373/423
f 650/383/434 638/373/423 651/384/435
f 638/373/423 649/382/433 652/385/436
f 638/373/423 652/385/436 651/384/435
f 653/386/437 654/379/438 646/380/430
f 653/386/437 646/380/430 655/387/439
f 656/381/440 657/375/440 643/378/427
f 656/381/440 643/378/427 649/382/433
f 652/385/436 649/382/433 643/378/427
f 652/385/436 643/378/427 642/377/426
f 658/388/441 659/371/442 639/374/424
f 658/388/441 639/374/424 660/389/442
f 661/390/443 662/389/443 639/374/424
f 661/390/443 639/374/424 650/383/434
o polySurface411_Tooner_0
v 0.328764 0.316608 -0.087327
v 0.328133 0.335197 -0.072085
v 0.330486 0.339415 -0.010329
v 0.328914 0.315511 -0.016597
v 0.328914 0.315511 -0.016597
v 0.330486 0.339415 -0.010329
v 0.366443 0.342559 -0.009038
v 0.366921 0.316712 -0.016754
v 0.366921 0.316712 -0.016754
v 0.366443 0.342559 -0.009038
v 0.519110 0.360365 -0.008336
v 0.519946 0.333299 -0.017407
v 0.519946 0.333299 -0.017407
v 0.519110 0.360365 -0.008336
v 0.609028 0.377395 -0.014424
v 0.622335 0.352502 -0.016135
v 0.622335 0.352502 -0.016135
v 0.609028 0.377395 -0.014424
v 0.646129 0.387471 -0.020645
v 0.656862 0.365708 -0.022169
v 0.366921 0.316712 -0.016754
v 0.366530 0.318154 -0.089332
v 0.328764 0.316608 -0.087327
v 0.328914 0.315511 -0.016597
v 0.519946 0.333299 -0.017407
v 0.519410 0.333821 -0.108659
v 0.366530 0.318154 -0.089332
v 0.366921 0.316712 -0.016754
v 0.366443 0.342559 -0.009038
v 0.366252 0.338703 -0.073870
v 0.518790 0.353227 -0.089871
v 0.519110 0.360365 -0.008336
v 0.646129 0.387471 -0.020645
v 0.628742 0.379960 -0.081890
v 0.632791 0.363851 -0.100249
v 0.656862 0.365708 -0.022169
v 0.622335 0.352502 -0.016135
v 0.595737 0.352336 -0.110182
v 0.519410 0.333821 -0.108659
v 0.519946 0.333299 -0.017407
v 0.518790 0.353227 -0.089871
v 0.594468 0.369734 -0.091317
v 0.609028 0.377395 -0.014424
v 0.519110 0.360365 -0.008336
v 0.366530 0.318154 -0.089332
v 0.519410 0.333821 -0.108659
v 0.518790 0.353227 -0.089871
v 0.366252 0.338703 -0.073870
v 0.518790 0.353227 -0.089871
v 0.519410 0.333821 -0.108659
v 0.595737 0.352336 -0.110182
v 0.594468 0.369734 -0.091317
v 0.656862 0.365708 -0.022169
v 0.632791 0.363851 -0.100249
v 0.595737 0.352336 -0.110182
v 0.622335 0.352502 -0.016135
v 0.609028 0.377395 -0.014424
v 0.594468 0.369734 -0.091317
v 0.628742 0.379960 -0.081890
v 0.646129 0.387471 -0.020645
v 0.595737 0.352336 -0.110182
v 0.632791 0.363851 -0.100249
v 0.628742 0.379960 -0.081890
v 0.594468 0.369734 -0.091317
v 0.330486 0.339415 -0.010329
v 0.328133 0.335197 -0.072085
v 0.366252 0.338703 -0.073870
v 0.366443 0.342559 -0.009038
v 0.328764 0.316608 -0.087327
v 0.366530 0.318154 -0.089332
v 0.366252 0.338703 -0.073870
v 0.328133 0.335197 -0.072085
vn 0.9997 -0.0127 -0.0186
vn -0.0011 0.2706 -0.9627
vn -0.0012 0.2706 -0.9627
vn -0.0338 0.3015 -0.9529
vn -0.0338 0.3014 -0.9529
vn -0.0598 0.1872 -0.9805
vn -0.1636 -0.0159 -0.9864
vn -0.0357 0.9992 0.0178
vn -0.1040 0.9945 0.0125
vn 0.1087 -0.9913 0.0741
vn -0.8352 -0.4731 0.2803
vn -0.8352 -0.4732 0.2803
vn -0.2063 0.9780 0.0320
vn -0.2063 0.9780 0.0321
vn 0.2012 -0.9769 0.0723
vn 0.2011 -0.9769 0.0724
vn 0.1504 -0.6415 0.7523
vn 0.1504 -0.6414 0.7523
vn 0.1747 -0.6997 0.6927
vn -0.3294 0.9403 0.0859
vn 0.2716 -0.9615 0.0428
vn 0.2715 -0.9615 0.0428
vn 0.0430 -0.7395 0.6718
vn 0.0431 -0.7395 0.6718
vn 0.0896 -0.9941 0.0616
vn 0.0801 -0.6141 0.7852
vt 0.213402 0.686755
vt 0.210961 0.686230
vt 0.207399 0.686204
vt 0.218855 0.686943
vt 0.207253 0.690767
vt 0.218896 0.691723
vt 0.206865 0.711454
vt 0.219149 0.712295
vt 0.206872 0.723748
vt 0.219387 0.726007
vt 0.207001 0.728670
vt 0.213074 0.730348
vt 0.266027 0.771323
vt 0.227715 0.772848
vt 0.227898 0.747773
vt 0.265608 0.746454
vt 0.268619 0.878345
vt 0.217370 0.880327
vt 0.151662 0.766348
vt 0.189581 0.767918
vt 0.197999 0.876614
vt 0.147689 0.873969
vt 0.149736 0.957189
vt 0.190108 0.948073
vt 0.197505 0.957596
vt 0.149869 0.972187
vt 0.271058 0.949681
vt 0.217475 0.933410
vt 0.194807 0.931342
vt 0.147754 0.937929
vt 0.201464 0.768148
vt 0.210733 0.876569
vt 0.206977 0.931708
vt 0.267807 0.972344
vt 0.224385 0.957898
vt 0.153157 0.742608
vt 0.189643 0.742742
vt 0.201381 0.743179
s 1
usemtl Tooner
f 663/391/444 664/392/444 665/393/444
f 663/391/444 665/393/444 666/394/444
f 667/394/445 668/393/445 669/395/446
f 667/394/445 669/395/446 670/396/445
f 671/396/447 672/395/447 673/397/448
f 671/396/447 673/397/448 674/398/447
f 675/398/449 676/397/449 677/399/449
f 675/398/449 677/399/449 678/400/449
f 679/400/450 680/399/450 681/401/450
f 679/400/450 681/401/450 682/402/450
f 683/403/451 684/404/451 685/405/451
f 683/403/451 685/405/451 686/406/451
f 687/407/452 688/408/452 689/404/452
f 687/407/452 689/404/452 690/403/452
f 691/409/453 692/410/453 693/411/453
f 691/409/453 693/411/453 694/412/453
f 695/413/454 696/414/454 697/415/454
f 695/413/454 697/415/454 698/416/455
f 699/417/456 700/418/457 701/408/457
f 699/417/456 701/408/457 702/407/457
f 703/411/458 704/419/459 705/420/459
f 703/411/458 705/420/459 706/412/459
f 707/421/460 708/422/460 709/411/461
f 707/421/460 709/411/461 710/410/461
f 711/411/462 712/422/462 713/423/462
f 711/411/462 713/423/462 714/419/462
f 715/424/463 716/425/463 717/418/463
f 715/424/463 717/418/463 718/417/463
f 719/420/464 720/419/464 721/414/464
f 719/420/464 721/414/464 722/413/465
f 723/423/466 724/415/467 725/414/467
f 723/423/466 725/414/467 726/419/466
f 727/426/468 728/427/468 729/410/468
f 727/426/468 729/410/468 730/409/468
f 731/428/469 732/421/469 733/410/469
f 731/428/469 733/410/469 734/427/469
o polySurface409_Tooner_0
v -0.333129 0.334183 -0.065249
v -0.333101 0.339934 -0.012773
v -0.332892 0.320059 -0.017679
v -0.333145 0.322448 -0.080638
v -0.333101 0.339934 -0.012773
v -0.366356 0.342198 -0.012825
v -0.366862 0.323066 -0.020383
v -0.332892 0.320059 -0.017679
v -0.366356 0.342198 -0.012825
v -0.518964 0.359869 -0.012129
v -0.519721 0.339507 -0.020938
v -0.366862 0.323066 -0.020383
v -0.518964 0.359869 -0.012129
v -0.608684 0.376493 -0.018259
v -0.621709 0.357889 -0.019409
v -0.519721 0.339507 -0.020938
v -0.608684 0.376493 -0.018259
v -0.645078 0.385954 -0.023536
v -0.655978 0.370892 -0.024415
v -0.621709 0.357889 -0.019409
v -0.366839 0.316781 0.193766
v -0.366336 0.341136 0.182645
v -0.173515 0.326621 0.181994
v -0.173832 0.302259 0.193122
v -0.641205 0.377223 0.162406
v -0.519219 0.360770 0.184176
v -0.519941 0.336627 0.195385
v -0.650296 0.356538 0.173821
v -0.366839 0.316781 0.193766
v -0.519941 0.336627 0.195385
v -0.519219 0.360770 0.184176
v -0.366336 0.341136 0.182645
v -0.188646 0.314980 -0.075724
v -0.188426 0.324524 -0.060098
v -0.333129 0.334183 -0.065249
v -0.333145 0.322448 -0.080638
v -0.641205 0.377223 0.162406
v -0.650296 0.356538 0.173821
v -0.684510 0.370926 0.135281
v -0.674933 0.390999 0.124614
v -0.136247 0.326971 -0.053812
v -0.129585 0.313198 -0.065676
v -0.112864 0.307656 -0.036809
v -0.119174 0.322076 -0.024070
v -0.067499 0.301214 0.001548
v -0.000000 0.298191 0.020137
v -0.000000 0.316924 0.033725
v -0.068987 0.319349 0.015024
v -0.129585 0.313198 -0.065676
v -0.188646 0.314980 -0.075724
v -0.146499 0.307071 0.099776
v -0.112864 0.307656 -0.036809
v -0.188646 0.314980 -0.075724
v -0.129585 0.313198 -0.065676
v -0.136247 0.326971 -0.053812
v -0.188426 0.324524 -0.060098
v -0.067499 0.301214 0.001548
v -0.068987 0.319349 0.015024
v -0.119174 0.322076 -0.024070
v -0.112864 0.307656 -0.036809
v -0.173832 0.302259 0.193122
v -0.146499 0.307071 0.099776
v -0.367022 0.321571 0.088462
v -0.366839 0.316781 0.193766
v -0.366839 0.316781 0.193766
v -0.367022 0.321571 0.088462
v -0.519967 0.339202 0.079653
v -0.519941 0.336627 0.195385
v -0.519941 0.336627 0.195385
v -0.519967 0.339202 0.079653
v -0.646783 0.358584 0.060719
v -0.650296 0.356538 0.173821
v -0.650296 0.356538 0.173821
v -0.646783 0.358584 0.060719
v -0.680201 0.373341 0.046327
v -0.684510 0.370926 0.135281
v -0.684510 0.370926 0.135281
v -0.680201 0.373341 0.046327
v -0.669117 0.397812 0.051414
v -0.674933 0.390999 0.124614
v -0.674933 0.390999 0.124614
v -0.669117 0.397812 0.051414
v -0.624724 0.387251 0.060324
v -0.641205 0.377223 0.162406
v -0.624724 0.387251 0.060324
v -0.518933 0.371498 0.084667
v -0.519219 0.360770 0.184176
v -0.641205 0.377223 0.162406
v -0.519219 0.360770 0.184176
v -0.518933 0.371498 0.084667
v -0.366271 0.352472 0.093412
v -0.366336 0.341136 0.182645
v -0.366336 0.341136 0.182645
v -0.366271 0.352472 0.093412
v -0.146395 0.333076 0.105395
v -0.173515 0.326621 0.181994
v -0.000000 0.329926 0.117096
v -0.146395 0.333076 0.105395
v -0.068482 0.325711 0.065527
v -0.000000 0.326910 0.077890
v -0.146395 0.333076 0.105395
v -0.188426 0.324524 -0.060098
v -0.136247 0.326971 -0.053812
v -0.119174 0.322076 -0.024070
v -0.067499 0.301214 0.001548
v -0.112864 0.307656 -0.036809
v -0.146499 0.307071 0.099776
v -0.064781 0.297022 0.068455
v -0.173515 0.326621 0.181994
v -0.000000 0.322272 0.182089
v -0.000000 0.297924 0.193252
v -0.173832 0.302259 0.193122
v -0.000000 0.322272 0.182089
v -0.173515 0.326621 0.181994
v -0.146395 0.333076 0.105395
v -0.000000 0.329926 0.117096
v -0.000000 0.297924 0.193252
v -0.000000 0.294816 0.132248
v -0.146499 0.307071 0.099776
v -0.173832 0.302259 0.193122
v -0.068987 0.319349 0.015024
v -0.000000 0.316924 0.033725
v -0.000000 0.326910 0.077890
v -0.068482 0.325711 0.065527
v -0.146395 0.333076 0.105395
v -0.119174 0.322076 -0.024070
v -0.068987 0.319349 0.015024
v -0.068482 0.325711 0.065527
v -0.000000 0.295227 0.100188
v -0.000000 0.298191 0.020137
v -0.067499 0.301214 0.001548
v -0.064781 0.297022 0.068455
v -0.000000 0.294816 0.132248
v -0.000000 0.295227 0.100188
v -0.064781 0.297022 0.068455
v -0.146499 0.307071 0.099776
v -0.146395 0.333076 0.105395
v -0.333101 0.339934 -0.012773
v -0.333129 0.334183 -0.065249
v -0.188426 0.324524 -0.060098
v -0.518933 0.371498 0.084667
v -0.518964 0.359869 -0.012129
v -0.366356 0.342198 -0.012825
v -0.366271 0.352472 0.093412
v -0.608684 0.376493 -0.018259
v -0.518964 0.359869 -0.012129
v -0.518933 0.371498 0.084667
v -0.624724 0.387251 0.060324
v -0.669117 0.397812 0.051414
v -0.645078 0.385954 -0.023536
v -0.608684 0.376493 -0.018259
v -0.624724 0.387251 0.060324
v -0.680201 0.373341 0.046327
v -0.655978 0.370892 -0.024415
v -0.645078 0.385954 -0.023536
v -0.669117 0.397812 0.051414
v -0.646783 0.358584 0.060719
v -0.621709 0.357889 -0.019409
v -0.655978 0.370892 -0.024415
v -0.680201 0.373341 0.046327
v -0.519967 0.339202 0.079653
v -0.519721 0.339507 -0.020938
v -0.621709 0.357889 -0.019409
v -0.646783 0.358584 0.060719
v -0.367022 0.321571 0.088462
v -0.366862 0.323066 -0.020383
v -0.519721 0.339507 -0.020938
v -0.519967 0.339202 0.079653
v -0.146499 0.307071 0.099776
v -0.332892 0.320059 -0.017679
v -0.366862 0.323066 -0.020383
v -0.367022 0.321571 0.088462
v -0.188646 0.314980 -0.075724
v -0.333145 0.322448 -0.080638
v -0.366271 0.352472 0.093412
v -0.366356 0.342198 -0.012825
v 0.333129 0.334183 -0.065249
v 0.333145 0.322448 -0.080638
v 0.332892 0.320059 -0.017679
v 0.333101 0.339934 -0.012773
v 0.333101 0.339934 -0.012773
v 0.332892 0.320059 -0.017679
v 0.366862 0.323066 -0.020383
v 0.366356 0.342198 -0.012825
v 0.366356 0.342198 -0.012825
v 0.366862 0.323066 -0.020383
v 0.519721 0.339507 -0.020938
v 0.518964 0.359869 -0.012129
v 0.518964 0.359869 -0.012129
v 0.519721 0.339507 -0.020938
v 0.621709 0.357889 -0.019409
v 0.608684 0.376493 -0.018259
v 0.608684 0.376493 -0.018259
v 0.621709 0.357889 -0.019409
v 0.655978 0.370892 -0.024415
v 0.645078 0.385954 -0.023536
v 0.366839 0.316781 0.193766
v 0.173832 0.302259 0.193122
v 0.173515 0.326621 0.181994
v 0.366336 0.341136 0.182645
v 0.641205 0.377223 0.162406
v 0.650296 0.356538 0.173821
v 0.519941 0.336627 0.195385
v 0.519219 0.360770 0.184176
v 0.366839 0.316781 0.193766
v 0.366336 0.341136 0.182645
v 0.519219 0.360770 0.184176
v 0.519941 0.336627 0.195385
v 0.188646 0.314980 -0.075724
v 0.333145 0.322448 -0.080638
v 0.333129 0.334183 -0.065249
v 0.188426 0.324524 -0.060098
v 0.641205 0.377223 0.162406
v 0.674933 0.390999 0.124614
v 0.684510 0.370926 0.135281
v 0.650296 0.356538 0.173821
v 0.136247 0.326971 -0.053812
v 0.119174 0.322076 -0.024070
v 0.112864 0.307656 -0.036809
v 0.129585 0.313198 -0.065676
v 0.067499 0.301214 0.001548
v 0.068987 0.319349 0.015024
v -0.000000 0.316924 0.033725
v -0.000000 0.298191 0.020137
v 0.129585 0.313198 -0.065676
v 0.112864 0.307656 -0.036809
v 0.146499 0.307071 0.099776
v 0.188646 0.314980 -0.075724
v 0.188646 0.314980 -0.075724
v 0.188426 0.324524 -0.060098
v 0.136247 0.326971 -0.053812
v 0.129585 0.313198 -0.065676
v 0.067499 0.301214 0.001548
v 0.112864 0.307656 -0.036809
v 0.119174 0.322076 -0.024070
v 0.068987 0.319349 0.015024
v 0.173832 0.302259 0.193122
v 0.366839 0.316781 0.193766
v 0.367022 0.321571 0.088462
v 0.146499 0.307071 0.099776
v 0.366839 0.316781 0.193766
v 0.519941 0.336627 0.195385
v 0.519967 0.339202 0.079653
v 0.367022 0.321571 0.088462
v 0.519941 0.336627 0.195385
v 0.650296 0.356538 0.173821
v 0.646783 0.358584 0.060719
v 0.519967 0.339202 0.079653
v 0.650296 0.356538 0.173821
v 0.684510 0.370926 0.135281
v 0.680201 0.373341 0.046327
v 0.646783 0.358584 0.060719
v 0.684510 0.370926 0.135281
v 0.674933 0.390999 0.124614
v 0.669117 0.397812 0.051414
v 0.680201 0.373341 0.046327
v 0.674933 0.390999 0.124614
v 0.641205 0.377223 0.162406
v 0.624724 0.387251 0.060324
v 0.669117 0.397812 0.051414
v 0.624724 0.387251 0.060324
v 0.641205 0.377223 0.162406
v 0.519219 0.360770 0.184176
v 0.518933 0.371498 0.084667
v 0.519219 0.360770 0.184176
v 0.366336 0.341136 0.182645
v 0.366271 0.352472 0.093412
v 0.518933 0.371498 0.084667
v 0.366336 0.341136 0.182645
v 0.173515 0.326621 0.181994
v 0.146395 0.333076 0.105395
v 0.366271 0.352472 0.093412
v -0.000000 0.329926 0.117096
v -0.000000 0.326910 0.077890
v 0.068482 0.325711 0.065527
v 0.146395 0.333076 0.105395
v 0.146395 0.333076 0.105395
v 0.119174 0.322076 -0.024070
v 0.136247 0.326971 -0.053812
v 0.188426 0.324524 -0.060098
v 0.067499 0.301214 0.001548
v 0.064781 0.297022 0.068455
v 0.146499 0.307071 0.099776
v 0.112864 0.307656 -0.036809
v 0.173515 0.326621 0.181994
v 0.173832 0.302259 0.193122
v -0.000000 0.297924 0.193252
v -0.000000 0.322272 0.182089
v -0.000000 0.322272 0.182089
v -0.000000 0.329926 0.117096
v 0.146395 0.333076 0.105395
v 0.173515 0.326621 0.181994
v -0.000000 0.297924 0.193252
v 0.173832 0.302259 0.193122
v 0.146499 0.307071 0.099776
v -0.000000 0.294816 0.132248
v 0.068987 0.319349 0.015024
v 0.068482 0.325711 0.065527
v -0.000000 0.326910 0.077890
v -0.000000 0.316924 0.033725
v 0.146395 0.333076 0.105395
v 0.068482 0.325711 0.065527
v 0.068987 0.319349 0.015024
v 0.119174 0.322076 -0.024070
v -0.000000 0.295227 0.100188
v 0.064781 0.297022 0.068455
v 0.067499 0.301214 0.001548
v -0.000000 0.298191 0.020137
v -0.000000 0.294816 0.132248
v 0.146499 0.307071 0.099776
v 0.064781 0.297022 0.068455
v -0.000000 0.295227 0.100188
v 0.146395 0.333076 0.105395
v 0.188426 0.324524 -0.060098
v 0.333129 0.334183 -0.065249
v 0.333101 0.339934 -0.012773
v 0.518933 0.371498 0.084667
v 0.366271 0.352472 0.093412
v 0.366356 0.342198 -0.012825
v 0.518964 0.359869 -0.012129
v 0.608684 0.376493 -0.018259
v 0.624724 0.387251 0.060324
v 0.518933 0.371498 0.084667
v 0.518964 0.359869 -0.012129
v 0.669117 0.397812 0.051414
v 0.624724 0.387251 0.060324
v 0.608684 0.376493 -0.018259
v 0.645078 0.385954 -0.023536
v 0.680201 0.373341 0.046327
v 0.669117 0.397812 0.051414
v 0.645078 0.385954 -0.023536
v 0.655978 0.370892 -0.024415
v 0.646783 0.358584 0.060719
v 0.680201 0.373341 0.046327
v 0.655978 0.370892 -0.024415
v 0.621709 0.357889 -0.019409
v 0.519967 0.339202 0.079653
v 0.646783 0.358584 0.060719
v 0.621709 0.357889 -0.019409
v 0.519721 0.339507 -0.020938
v 0.367022 0.321571 0.088462
v 0.519967 0.339202 0.079653
v 0.519721 0.339507 -0.020938
v 0.366862 0.323066 -0.020383
v 0.146499 0.307071 0.099776
v 0.367022 0.321571 0.088462
v 0.366862 0.323066 -0.020383
v 0.332892 0.320059 -0.017679
v 0.333145 0.322448 -0.080638
v 0.188646 0.314980 -0.075724
v 0.366356 0.342198 -0.012825
v 0.366271 0.352472 0.093412
vn 1.0000 0.0079 -0.0026
vn 1.0000 0.0078 -0.0026
vn 1.0000 0.0078 -0.0027
vn -0.0628 -0.3034 0.9508
vn -0.0422 -0.3813 0.9235
vn -0.0422 -0.3814 0.9235
vn -0.0645 -0.2256 0.9721
vn -0.1330 0.0348 0.9905
vn -0.1331 0.0349 0.9905
vn -0.1331 0.0348 0.9905
vn -0.0343 -0.4146 -0.9094
vn -0.0343 -0.4149 -0.9092
vn 0.0847 -0.4636 -0.8820
vn 0.0846 -0.4636 -0.8820
vn -0.0630 -0.4161 -0.9072
vn -0.0630 -0.4161 -0.9071
vn -0.0684 -0.8224 0.5647
vn -0.0684 -0.8224 0.5648
vn 0.4919 -0.5779 -0.6512
vn 0.4919 -0.5780 -0.6511
vn -0.7296 -0.6083 0.3124
vn -0.2360 -0.5812 0.7788
vn 0.0735 0.9963 0.0444
vn -0.0882 -0.7698 0.6322
vn -0.5362 -0.6036 0.5900
vn -0.5362 -0.6036 0.5901
vn 0.0684 0.9960 0.0575
vn 0.1207 0.9921 0.0330
vn 0.1207 0.9921 0.0329
vn 0.1476 0.9888 0.0222
vn 0.1478 0.9888 0.0220
vn 0.3724 0.9274 0.0349
vn 0.3723 0.9274 0.0349
vn 0.9083 -0.4171 0.0330
vn 0.9082 -0.4173 0.0329
vn -0.2281 -0.9660 -0.1218
vn -0.1170 -0.9869 -0.1114
vn -0.1170 -0.9869 -0.1113
vn -0.1171 -0.9869 -0.1112
vn -0.1220 -0.9858 -0.1154
vn -0.1220 -0.9858 -0.1155
vn -0.0781 -0.9898 -0.1190
vn -0.0213 -0.9938 0.1095
vn -0.0534 -0.9980 0.0349
vn 0.1262 0.9911 0.0424
vn 0.1263 0.9911 0.0424
vn -0.0098 -0.4159 -0.9094
vn -0.0098 -0.4162 -0.9092
vn -0.0195 -0.9945 -0.1028
vn 0.0497 0.9986 0.0198
vn -0.0473 -0.9843 0.1702
vn -0.0472 -0.9843 0.1702
vn -0.0777 -0.9934 0.0843
vn -0.0778 -0.9934 0.0843
vn 0.0179 0.9987 0.0483
vn 0.0180 0.9987 0.0483
vn 0.0179 0.9987 0.0484
vn 0.0806 0.9956 -0.0474
vn -0.0829 -0.9930 0.0836
vn -0.0843 -0.9928 0.0849
vn -0.0795 -0.9936 0.0805
vn -0.1214 -0.9869 0.1065
vn -0.1214 -0.9869 0.1066
vn -0.1215 -0.9869 0.1065
vn -0.1789 -0.9779 0.1085
vn -0.2524 -0.9646 0.0762
vn 0.8080 -0.4971 0.3165
vn 0.8079 -0.4971 0.3164
vn 0.8080 -0.4970 0.3165
vn 0.3540 0.9303 0.0963
vn 0.3539 0.9303 0.0963
vn 0.1613 0.9867 0.0205
vn 0.1613 0.9867 0.0204
vn 0.1104 0.9938 0.0088
vn 0.1105 0.9938 0.0087
vn 0.1105 0.9938 0.0088
vn 0.0553 0.9981 0.0256
vn 0.0582 0.9981 0.0216
vn 0.0682 0.9976 0.0077
vn 0.0490 0.9982 0.0344
vn -0.0891 -0.9920 0.0893
vn -1.0000 0.0079 -0.0026
vn -1.0000 0.0078 -0.0027
vn -1.0000 0.0078 -0.0026
vn 0.0628 -0.3034 0.9508
vn 0.0422 -0.3813 0.9235
vn 0.0422 -0.3814 0.9235
vn 0.0645 -0.2256 0.9721
vn 0.1330 0.0348 0.9905
vn 0.1331 0.0348 0.9905
vn 0.0343 -0.4149 -0.9092
vn 0.0343 -0.4146 -0.9094
vn -0.0847 -0.4636 -0.8820
vn -0.0846 -0.4636 -0.8820
vn 0.0630 -0.4160 -0.9072
vn 0.0630 -0.4161 -0.9071
vn 0.0684 -0.8224 0.5647
vn 0.0684 -0.8224 0.5648
vn -0.4919 -0.5780 -0.6511
vn 0.7296 -0.6083 0.3124
vn 0.2360 -0.5812 0.7788
vn -0.0735 0.9963 0.0444
vn 0.0882 -0.7698 0.6322
vn 0.5362 -0.6036 0.5900
vn 0.5362 -0.6036 0.5901
vn -0.0684 0.9960 0.0575
vn -0.1207 0.9921 0.0330
vn -0.1207 0.9921 0.0329
vn -0.1476 0.9888 0.0222
vn -0.1473 0.9888 0.0225
vn -0.1478 0.9888 0.0220
vn -0.3724 0.9274 0.0349
vn -0.3723 0.9274 0.0349
vn -0.9082 -0.4172 0.0329
vn -0.9083 -0.4171 0.0330
vn -0.9082 -0.4172 0.0330
vn 0.2281 -0.9660 -0.1218
vn 0.1171 -0.9869 -0.1113
vn 0.1170 -0.9869 -0.1113
vn 0.1171 -0.9869 -0.1112
vn 0.1220 -0.9858 -0.1154
vn 0.1220 -0.9858 -0.1155
vn 0.0781 -0.9898 -0.1190
vn 0.0213 -0.9938 0.1095
vn 0.0534 -0.9980 0.0349
vn -0.1262 0.9911 0.0424
vn -0.1263 0.9911 0.0424
vn 0.0098 -0.4159 -0.9094
vn 0.0098 -0.4162 -0.9092
vn 0.0195 -0.9945 -0.1028
vn 0.0195 -0.9945 -0.1029
vn -0.0497 0.9986 0.0198
vn 0.0473 -0.9843 0.1702
vn 0.0472 -0.9843 0.1702
vn 0.0777 -0.9934 0.0843
vn 0.0778 -0.9934 0.0843
vn -0.0180 0.9987 0.0483
vn -0.0179 0.9987 0.0484
vn -0.0806 0.9956 -0.0474
vn 0.0829 -0.9930 0.0836
vn 0.0795 -0.9936 0.0805
vn 0.0843 -0.9928 0.0849
vn 0.1214 -0.9869 0.1065
vn 0.1214 -0.9869 0.1066
vn 0.1788 -0.9779 0.1085
vn 0.1789 -0.9779 0.1085
vn 0.1789 -0.9779 0.1086
vn 0.2524 -0.9646 0.0762
vn -0.8080 -0.4971 0.3165
vn -0.8079 -0.4971 0.3164
vn -0.3540 0.9303 0.0963
vn -0.3539 0.9303 0.0963
vn -0.1613 0.9867 0.0205
vn -0.1613 0.9867 0.0204
vn -0.1104 0.9938 0.0088
vn -0.1105 0.9938 0.0088
vn -0.1105 0.9938 0.0087
vn -0.0553 0.9981 0.0256
vn -0.0682 0.9976 0.0077
vn -0.0582 0.9981 0.0216
vn -0.0489 0.9982 0.0345
vn -0.0490 0.9982 0.0344
vn 0.0891 -0.9920 0.0893
vt 0.230775 0.614477
vt 0.226887 0.631817
vt 0.231436 0.630625
vt 0.234017 0.610442
vt 0.227662 0.643182
vt 0.232730 0.642417
vt 0.229853 0.694470
vt 0.235499 0.693631
vt 0.230288 0.725093
vt 0.235321 0.728211
vt 0.229255 0.737307
vt 0.233493 0.739586
vt 0.007703 0.759266
vt 0.018791 0.760480
vt 0.025613 0.625385
vt 0.014495 0.624470
vt 0.024728 0.953453
vt 0.013445 0.867612
vt 0.002348 0.866585
vt 0.014654 0.958504
vt 0.201050 0.643869
vt 0.189887 0.643389
vt 0.189643 0.736641
vt 0.201381 0.736875
vt 0.041823 0.983908
vt 0.050469 0.977053
vt 0.183301 0.607227
vt 0.196431 0.604108
vt 0.177871 0.591213
vt 0.164160 0.594505
vt 0.153093 0.556729
vt 0.142136 0.508452
vt 0.127101 0.508406
vt 0.138241 0.557761
vt 0.233851 0.607952
vt 0.228624 0.648042
vt 0.347901 0.614048
vt 0.253182 0.595876
vt 0.411776 0.631051
vt 0.344789 0.768716
vt 0.416340 0.766190
vt 0.341592 0.875942
vt 0.420291 0.873164
vt 0.330670 0.964909
vt 0.407735 0.964023
vt 0.321228 0.986856
vt 0.382093 0.987790
vt 0.102016 0.986845
vt 0.098950 0.975969
vt 0.094838 0.945336
vt 0.081667 0.870498
vt 0.080148 0.763388
vt 0.078740 0.609023
vt 0.075195 0.506443
vt 0.109001 0.555717
vt 0.102169 0.507521
vt 0.279792 0.562208
vt 0.324358 0.557572
vt 0.031175 0.504354
vt 0.020036 0.503676
vt 0.407757 0.509424
vt 0.367463 0.510846
vt 0.344968 0.511640
vt 0.291404 0.513531
vt 0.145837 0.738947
vt 0.144760 0.873969
vt 0.145562 0.766348
vt 0.144825 0.937929
vt 0.144339 0.963536
vt 0.145132 0.972187
vt 0.275947 0.949681
vt 0.272696 0.972344
vt 0.273508 0.878345
vt 0.270916 0.771323
vt 0.270497 0.743827
vt 0.227898 0.743327
s 1
usemtl Tooner
f 735/429/470 736/430/471 737/431/472
f 735/429/470 737/431/472 738/432/472
f 739/430/473 740/433/473 741/434/473
f 739/430/473 741/434/473 742/431/473
f 743/433/474 744/435/475 745/436/475
f 743/433/474 745/436/475 746/434/474
f 747/435/476 748/437/476 749/438/476
f 747/435/476 749/438/476 750/436/476
f 751/437/477 752/439/478 753/440/478
f 751/437/477 753/440/478 754/438/479
s 0
f 755/441/480 756/442/480 757/443/480
f 755/441/480 757/443/481 758/444/480
s 1
f 759/445/482 760/446/483 761/447/483
f 759/445/482 761/447/483 762/448/482
f 763/441/484 764/447/485 765/446/485
f 763/441/484 765/446/485 766/442/485
f 767/449/486 768/450/487 769/451/486
f 767/449/486 769/451/486 770/452/486
f 771/445/488 772/448/489 773/453/489
f 771/445/488 773/453/489 774/454/489
f 775/455/490 776/456/490 777/457/490
f 775/455/490 777/457/490 778/458/490
f 779/459/491 780/460/491 781/461/491
f 779/459/491 781/461/491 782/462/491
f 783/463/492 784/464/492 785/465/492
f 783/463/492 785/465/492 786/466/492
f 787/449/493 788/456/493 789/455/493
f 787/449/493 789/455/493 790/450/493
f 791/459/494 792/462/495 793/458/495
f 791/459/494 793/458/495 794/457/495
f 795/467/496 796/465/496 797/468/496
f 795/467/496 797/468/496 798/469/496
f 799/469/497 800/468/498 801/470/498
f 799/469/497 801/470/498 802/471/498
s 0
f 803/471/499 804/470/500 805/472/499
s 1
f 803/471/499 805/472/499 806/473/499
f 807/473/501 808/472/501 809/474/502
f 807/473/501 809/474/502 810/475/501
f 811/453/503 812/476/504 813/477/503
f 811/453/503 813/477/503 814/454/503
f 815/454/505 816/477/505 817/478/505
f 815/454/505 817/478/505 818/445/505
f 819/478/506 820/479/507 821/446/508
f 819/478/506 821/446/508 822/445/506
f 823/446/509 824/479/510 825/480/510
f 823/446/509 825/480/510 826/442/509
f 827/442/511 828/480/511 829/481/511
f 827/442/511 829/481/511 830/443/511
f 831/482/512 832/481/512 833/483/512
f 831/482/512 833/483/512 834/484/512
f 835/481/513 836/450/513 837/455/513
f 835/481/513 837/455/513 838/458/513
f 839/485/514 840/466/515 841/465/515
f 839/485/514 841/465/515 842/486/515
f 843/443/516 844/487/517 845/488/517
f 843/443/516 845/488/517 846/444/517
f 847/487/518 848/443/518 849/481/518
f 847/487/518 849/481/518 850/482/518
f 851/489/519 852/490/519 853/465/519
f 851/489/519 853/465/519 854/467/519
f 855/462/520 856/461/521 857/484/521
f 855/462/520 857/484/521 858/483/521
f 859/481/522 860/458/522 861/462/523
f 859/481/522 861/462/523 862/483/523
f 863/491/524 864/492/525 865/485/526
f 863/491/524 865/485/526 866/486/525
f 867/490/527 868/491/527 869/486/527
f 867/490/527 869/486/527 870/465/527
f 871/481/528 872/493/529 873/451/530
f 871/481/528 873/451/530 874/450/530
f 875/479/531 876/494/532 877/495/533
f 875/479/531 877/495/533 878/480/531
f 879/496/534 880/494/534 881/479/534
f 879/496/534 881/479/534 882/478/534
f 883/477/535 884/497/535 885/496/535
f 883/477/535 885/496/535 886/478/535
f 887/476/536 888/498/537 889/497/537
f 887/476/536 889/497/537 890/477/538
f 891/472/539 892/499/540 893/500/540
f 891/472/539 893/500/540 894/474/540
f 895/470/541 896/501/542 897/499/541
f 895/470/541 897/499/541 898/472/541
f 899/468/543 900/502/543 901/501/544
f 899/468/543 901/501/544 902/470/545
f 903/465/546 904/503/547 905/502/548
f 903/465/546 905/502/548 906/468/548
f 903/465/546 907/464/549 908/504/549
f 903/465/546 908/504/549 904/503/547
f 871/481/528 909/480/550 910/495/550
f 871/481/528 910/495/550 872/493/529
f 911/429/551 912/432/552 913/431/552
f 911/429/551 913/431/552 914/430/553
f 915/430/554 916/431/554 917/434/554
f 915/430/554 917/434/554 918/433/554
f 919/433/555 920/434/556 921/436/556
f 919/433/555 921/436/556 922/435/556
f 923/435/557 924/436/557 925/438/557
f 923/435/557 925/438/557 926/437/557
f 927/437/558 928/438/559 929/440/558
f 927/437/558 929/440/558 930/439/559
s 0
f 931/441/560 932/444/560 933/443/560
f 931/441/561 933/443/561 934/442/561
s 1
f 935/445/562 936/448/562 937/447/563
f 935/445/562 937/447/563 938/446/563
f 939/441/564 940/442/565 941/446/565
f 939/441/564 941/446/565 942/447/565
f 943/449/566 944/452/566 945/451/566
f 943/449/566 945/451/566 946/450/567
f 947/445/568 948/454/568 949/453/568
f 947/445/568 949/453/568 950/448/568
f 951/455/569 952/458/569 953/457/569
f 951/455/569 953/457/569 954/456/569
f 955/459/570 956/462/570 957/461/570
f 955/459/570 957/461/570 958/460/570
f 959/463/571 960/466/571 961/465/571
f 959/463/571 961/465/571 962/464/571
f 963/449/572 964/450/572 965/455/572
f 963/449/572 965/455/572 966/456/572
f 967/459/573 968/457/574 969/458/574
f 967/459/573 969/458/574 970/462/574
f 971/467/575 972/469/575 973/468/575
f 971/467/575 973/468/575 974/465/575
f 975/469/576 976/471/577 977/470/577
f 975/469/576 977/470/577 978/468/577
f 979/471/578 980/473/579 981/472/579
s 0
f 979/471/578 981/472/580 982/470/578
s 1
f 983/473/581 984/475/581 985/474/582
f 983/473/581 985/474/582 986/472/581
f 987/453/583 988/454/584 989/477/584
f 987/453/583 989/477/584 990/476/585
f 991/454/586 992/445/586 993/478/586
f 991/454/586 993/478/586 994/477/586
f 995/478/587 996/445/588 997/446/589
f 995/478/587 997/446/589 998/479/588
f 999/446/590 1000/442/591 1001/480/591
f 999/446/590 1001/480/591 1002/479/591
f 1003/442/592 1004/443/592 1005/481/592
f 1003/442/592 1005/481/592 1006/480/592
f 1007/482/593 1008/484/593 1009/483/593
f 1007/482/593 1009/483/593 1010/481/593
f 1011/481/594 1012/458/594 1013/455/594
f 1011/481/594 1013/455/594 1014/450/594
f 1015/485/595 1016/486/596 1017/465/596
f 1015/485/595 1017/465/596 1018/466/596
f 1019/443/597 1020/444/598 1021/488/598
f 1019/443/597 1021/488/598 1022/487/598
f 1023/487/599 1024/482/599 1025/481/600
f 1023/487/599 1025/481/600 1026/443/599
f 1027/489/601 1028/467/601 1029/465/601
f 1027/489/601 1029/465/601 1030/490/601
f 1031/462/602 1032/483/603 1033/484/603
f 1031/462/602 1033/484/603 1034/461/603
f 1035/481/604 1036/483/605 1037/462/605
f 1035/481/604 1037/462/605 1038/458/604
f 1039/491/606 1040/486/606 1041/485/607
f 1039/491/606 1041/485/607 1042/492/606
f 1043/490/608 1044/465/608 1045/486/608
f 1043/490/608 1045/486/608 1046/491/608
f 1047/481/609 1048/450/610 1049/451/610
f 1047/481/609 1049/451/610 1050/493/611
f 1051/479/612 1052/480/612 1053/495/612
f 1051/479/612 1053/495/612 1054/494/613
f 1055/496/614 1056/478/615 1057/479/616
f 1055/496/614 1057/479/616 1058/494/615
f 1059/477/617 1060/478/617 1061/496/617
f 1059/477/617 1061/496/617 1062/497/617
f 1063/476/618 1064/477/619 1065/497/619
f 1063/476/618 1065/497/619 1066/498/619
f 1067/472/620 1068/474/621 1069/500/621
f 1067/472/620 1069/500/621 1070/499/621
f 1071/470/622 1072/472/622 1073/499/623
f 1071/470/622 1073/499/623 1074/501/623
f 1075/468/624 1076/470/625 1077/501/626
f 1075/468/624 1077/501/626 1078/502/624
f 1079/465/627 1080/468/628 1081/502/628
f 1079/465/627 1081/502/628 1082/503/629
f 1079/465/627 1082/503/629 1083/504/630
f 1079/465/627 1083/504/630 1084/464/631
f 1047/481/609 1050/493/611 1085/495/632
f 1047/481/609 1085/495/632 1086/480/632
o pCube11_lambert1_0
v 0.000364 0.404898 -0.552034
v 0.001254 0.415629 -0.552379
v 0.000951 0.405976 -0.739149
v 0.000667 0.402541 -0.739039
vn -0.9966 0.0825 -0.0027
vt 0.375000 0.750000
vt 0.625000 0.750000
vt 0.625000 0.500000
vt 0.375000 0.500000
s 0
usemtl lambert1
f 1087/505/633 1088/506/633 1089/507/633
f 1087/505/633 1089/507/633 1090/508/633
o polySurface187_pasted__lambert2_0
v -0.221653 0.071842 -0.004373
v -0.055236 0.302387 0.016287
v -0.057213 0.303850 0.016376
v -0.223630 0.073305 -0.004284
vn -0.0000 -0.0608 0.9981
vt 0.004094 0.356362
vt 0.004088 0.555132
vt 0.002233 0.555157
vt 0.002240 0.356387
s 1
usemtl pasted__lambert2
f 1091/509/634 1092/510/634 1093/511/634
f 1091/509/634 1093/511/634 1094/512/634
o polySurface188_pasted__lambert2_0
v 0.219319 0.114294 -0.013988
v 0.223066 0.113397 0.000733
v 0.223863 0.265259 0.009707
v 0.222066 0.266156 -0.005014
v 0.229385 0.113019 0.000432
v 0.231182 0.113916 -0.014290
v 0.233929 0.265746 -0.004762
v 0.230182 0.264849 0.009960
v 0.224609 0.321003 0.010820
v 0.224565 0.321640 0.000356
v 0.229947 0.320716 0.011358
v 0.233238 0.321353 0.000894
v 0.223301 0.064828 -0.004232
v 0.220010 0.065465 -0.014695
v 0.228637 0.064603 -0.004802
v 0.228682 0.065241 -0.015265
v 0.224565 0.321640 0.000356
v 0.233238 0.321353 0.000894
v 0.233929 0.265746 -0.004762
v 0.222066 0.266156 -0.005014
v 0.231182 0.113916 -0.014290
v 0.219319 0.114294 -0.013988
v 0.228682 0.065241 -0.015265
v 0.220010 0.065465 -0.014695
v 0.223301 0.064828 -0.004232
v 0.228637 0.064603 -0.004802
v 0.229385 0.113019 0.000432
v 0.223066 0.113397 0.000733
v 0.230182 0.264849 0.009960
v 0.223863 0.265259 0.009707
v 0.229947 0.320716 0.011358
v 0.224609 0.321003 0.010820
vn -0.9999 0.0121 0.0007
vn -0.9997 0.0244 0.0015
vn 0.9997 -0.0251 -0.0015
vn 0.9999 -0.0118 -0.0007
vn -0.9990 0.0452 0.0028
vn -0.9990 0.0452 0.0027
vn 0.9999 0.0116 0.0007
vn -0.9999 -0.0133 -0.0008
vn 0.9987 -0.0518 -0.0032
vn 0.0017 0.0989 -0.9951
vn 0.0004 0.0691 -0.9976
vn 0.0004 0.0696 -0.9976
vn -0.0004 0.0518 -0.9987
vn -0.0004 0.0523 -0.9986
vn -0.0019 0.0171 -0.9999
vn -0.0019 -0.1044 0.9945
vn -0.0004 -0.0698 0.9976
vn -0.0003 -0.0694 0.9976
vn 0.0003 -0.0525 0.9986
vn 0.0004 -0.0520 0.9986
vn 0.0017 -0.0226 0.9997
vt 0.726790 0.572661
vt 0.735311 0.572358
vt 0.734974 0.458031
vt 0.726799 0.457837
vt 0.737135 0.572581
vt 0.745302 0.572598
vt 0.745330 0.458207
vt 0.736796 0.458295
vt 0.736362 0.416192
vt 0.731506 0.415853
vt 0.737460 0.416369
vt 0.742931 0.416278
vt 0.736977 0.608953
vt 0.731521 0.609392
vt 0.738086 0.609064
vt 0.742961 0.609152
vt 0.746522 0.415882
vt 0.751318 0.457856
vt 0.751303 0.572668
vt 0.746578 0.609407
s 1
usemtl pasted__lambert2
f 1095/513/635 1096/514/635 1097/515/636
f 1095/513/635 1097/515/636 1098/516/636
f 1099/517/637 1100/518/637 1101/519/638
f 1099/517/637 1101/519/638 1102/520/638
f 1097/515/636 1103/521/639 1104/522/640
f 1097/515/636 1104/522/640 1098/516/636
f 1105/523/641 1102/520/638 1101/519/638
f 1105/523/641 1101/519/638 1106/524/641
f 1107/525/642 1096/514/635 1095/513/635
f 1107/525/642 1095/513/635 1108/526/642
f 1099/517/637 1109/527/643 1110/528/643
f 1099/517/637 1110/528/643 1100/518/637
f 1111/529/644 1112/524/644 1113/519/645
f 1111/529/644 1113/519/645 1114/530/646
f 1113/519/645 1115/518/647 1116/531/648
f 1113/519/645 1116/531/648 1114/530/646
f 1115/518/647 1117/528/649 1118/532/649
f 1115/518/647 1118/532/649 1116/531/648
f 1119/525/650 1120/527/650 1121/517/651
f 1119/525/650 1121/517/651 1122/514/652
f 1121/517/651 1123/520/653 1124/515/654
f 1121/517/651 1124/515/654 1122/514/652
f 1123/520/653 1125/523/655 1126/521/655
f 1123/520/653 1126/521/655 1124/515/654
o polySurface189_pasted__lambert2_0
v 0.111801 0.028768 0.414192
v 0.109933 0.033887 0.429869
v 0.105293 0.027991 0.429510
v 0.101795 0.025130 0.419923
v 0.112447 0.038661 0.420747
v 0.094185 0.027186 0.422305
v 0.093870 0.028527 0.393691
v 0.101792 0.025723 0.393520
v 0.104395 0.039569 0.432702
v 0.098304 0.031833 0.432231
v 0.111190 0.030493 0.393811
v 0.113432 0.040508 0.394421
v 0.108514 0.045386 0.423414
v 0.109268 0.046796 0.394804
vn 0.7866 -0.6174 -0.0066
vn 0.2339 -0.2415 0.9418
vn -0.2853 -0.9547 0.0850
vn 0.8525 0.4933 0.1728
vn -0.2787 -0.9526 0.1222
vn -0.3032 -0.9524 -0.0317
vn -0.3031 -0.9524 -0.0317
vn 0.2340 -0.2415 0.9418
vn 0.7863 -0.6170 -0.0312
vn 0.8526 0.5193 0.0573
vn 0.8500 0.4835 0.2094
vn 0.8537 0.5176 0.0577
vt 0.910071 0.396572
vt 0.912573 0.386204
vt 0.907748 0.386269
vt 0.903496 0.391500
vt 0.916621 0.391703
vt 0.898759 0.387910
vt 0.895582 0.409110
vt 0.901719 0.410108
vt 0.914537 0.381360
vt 0.906091 0.381010
vt 0.909899 0.410417
vt 0.917865 0.410328
vt 0.921510 0.388353
vt 0.923394 0.409603
s 1
usemtl pasted__lambert2
f 1127/533/656 1128/534/657 1129/535/657
f 1127/533/656 1129/535/657 1130/536/658
f 1131/537/659 1128/534/657 1127/533/656
f 1132/538/660 1133/539/661 1134/540/662
f 1132/538/660 1134/540/662 1130/536/658
s 0
f 1135/541/657 1136/542/657 1129/535/657
f 1135/541/663 1129/535/663 1128/534/663
s 1
f 1129/535/657 1136/542/657 1132/538/660
f 1129/535/657 1132/538/660 1130/536/658
f 1134/540/662 1137/543/664 1127/533/656
f 1134/540/662 1127/533/656 1130/536/658
f 1131/537/659 1127/533/656 1137/543/664
f 1131/537/659 1137/543/664 1138/544/665
f 1131/537/659 1139/545/666 1135/541/657
f 1131/537/659 1135/541/657 1128/534/657
f 1138/544/665 1140/546/667 1139/545/666
f 1138/544/665 1139/545/666 1131/537/659
o polySurface190_pasted__lambert2_0
v -0.111788 0.028768 0.414192
v -0.105280 0.027991 0.429510
v -0.109920 0.033887 0.429869
v -0.101782 0.025130 0.419923
v -0.112434 0.038661 0.420747
v -0.094172 0.027186 0.422305
v -0.101779 0.025723 0.393520
v -0.093857 0.028527 0.393691
v -0.104382 0.039569 0.432702
v -0.098291 0.031833 0.432231
v -0.111177 0.030493 0.393811
v -0.113419 0.040508 0.394421
v -0.108501 0.045386 0.423414
v -0.109256 0.046796 0.394804
vn -0.7866 -0.6174 -0.0066
vn -0.2339 -0.2415 0.9418
vn 0.2853 -0.9547 0.0849
vn -0.8525 0.4933 0.1727
vn 0.2787 -0.9526 0.1222
vn 0.3031 -0.9524 -0.0317
vn 0.3032 -0.9524 -0.0317
vn -0.2340 -0.2415 0.9418
vn -0.7863 -0.6170 -0.0312
vn -0.8526 0.5193 0.0573
vn -0.8500 0.4835 0.2094
vn -0.8537 0.5176 0.0577
vt 0.910071 0.396572
vt 0.907748 0.386269
vt 0.912573 0.386204
vt 0.903496 0.391500
vt 0.916621 0.391703
vt 0.898759 0.387910
vt 0.901719 0.410108
vt 0.895582 0.409110
vt 0.914537 0.381360
vt 0.906091 0.381010
vt 0.909899 0.410417
vt 0.917865 0.410328
vt 0.921510 0.388353
vt 0.923394 0.409603
s 1
usemtl pasted__lambert2
f 1141/547/668 1142/548/669 1143/549/669
f 1141/547/668 1144/550/670 1142/548/669
f 1145/551/671 1141/547/668 1143/549/669
f 1146/552/672 1144/550/670 1147/553/673
f 1146/552/672 1147/553/673 1148/554/674
s 0
f 1149/555/675 1143/549/675 1142/548/675
f 1149/555/669 1142/548/669 1150/556/669
s 1
f 1142/548/669 1144/550/670 1146/552/672
f 1142/548/669 1146/552/672 1150/556/669
f 1147/553/673 1144/550/670 1141/547/668
f 1147/553/673 1141/547/668 1151/557/676
f 1145/551/671 1152/558/677 1151/557/676
f 1145/551/671 1151/557/676 1141/547/668
f 1145/551/671 1143/549/669 1149/555/669
f 1145/551/671 1149/555/669 1153/559/678
f 1152/558/677 1145/551/671 1153/559/678
f 1152/558/677 1153/559/678 1154/560/679
o polySurface191_pasted__lambert2_0
v 0.061481 -0.015412 0.411501
v 0.062881 -0.010137 0.427187
v 0.055920 -0.012950 0.427016
v 0.051176 -0.013623 0.417562
v 0.067156 -0.007165 0.417955
v 0.045664 -0.008083 0.420156
v 0.045772 -0.007158 0.391517
v 0.050670 -0.012896 0.391167
v 0.068131 -0.005839 0.391597
v 0.067631 0.002537 0.392108
v 0.067159 0.000603 0.420685
v 0.060979 -0.002479 0.430140
v 0.051844 -0.006171 0.429915
v 0.061188 -0.013447 0.391134
vn 0.3761 -0.9263 -0.0252
vn 0.1117 -0.3333 0.9362
vn 0.1116 -0.3333 0.9362
vn -0.7198 -0.6869 0.1009
vn 0.9897 0.0023 0.1433
vn -0.7118 -0.6887 0.1379
vn -0.7367 -0.6761 -0.0150
vn -0.7380 -0.6746 -0.0154
vn 0.9993 0.0252 0.0278
vn 0.9837 -0.0050 0.1799
vn 0.3753 -0.9256 -0.0499
vt 0.915597 0.431204
vt 0.918045 0.420820
vt 0.913220 0.420908
vt 0.909002 0.426157
vt 0.922137 0.426301
vt 0.904228 0.422588
vt 0.901786 0.443915
vt 0.907308 0.444781
vt 0.923474 0.444917
vt 0.929621 0.444071
vt 0.926987 0.422925
vt 0.919979 0.415965
vt 0.911530 0.415658
vt 0.915480 0.445047
s 1
usemtl pasted__lambert2
f 1155/561/680 1156/562/681 1157/563/682
f 1155/561/680 1157/563/682 1158/564/683
f 1159/565/684 1156/562/681 1155/561/680
f 1160/566/685 1161/567/686 1162/568/687
f 1160/566/685 1162/568/687 1158/564/683
f 1163/569/688 1164/570/688 1165/571/689
f 1163/569/688 1165/571/689 1159/565/684
s 0
f 1166/572/681 1167/573/681 1157/563/681
f 1166/572/682 1157/563/682 1156/562/682
s 1
f 1157/563/682 1167/573/681 1160/566/685
f 1157/563/682 1160/566/685 1158/564/683
f 1162/568/687 1168/574/690 1155/561/680
f 1162/568/687 1155/561/680 1158/564/683
f 1159/565/684 1155/561/680 1168/574/690
f 1159/565/684 1168/574/690 1163/569/688
f 1159/565/684 1165/571/689 1166/572/681
f 1159/565/684 1166/572/681 1156/562/681
o polySurface192_pasted__lambert2_0
v 0.126197 0.050760 0.415532
v 0.123293 0.055492 0.431185
v 0.119749 0.048882 0.430783
v 0.116902 0.045467 0.421162
v 0.125039 0.060638 0.422086
v 0.109026 0.046169 0.423461
v 0.109633 0.047353 0.394838
v 0.117075 0.046075 0.394760
v 0.125966 0.062651 0.395770
v 0.120211 0.068768 0.396143
v 0.119971 0.066576 0.424705
v 0.116824 0.060124 0.433954
v 0.112173 0.051452 0.433426
v 0.125510 0.052371 0.395144
vn 0.8817 -0.4718 0.0024
vn 0.2623 -0.1982 0.9444
vn -0.1181 -0.9896 0.0824
vn 0.7533 0.6320 0.1816
vn -0.1122 -0.9864 0.1198
vn -0.1334 -0.9905 -0.0342
vn -0.1354 -0.9902 -0.0347
vn 0.7506 0.6574 0.0664
vn 0.7520 0.6221 0.2181
vn 0.8816 -0.4714 -0.0223
vt 0.941273 0.395773
vt 0.943722 0.385389
vt 0.938896 0.385477
vt 0.934678 0.390727
vt 0.947813 0.390870
vt 0.929904 0.387157
vt 0.927463 0.408484
vt 0.932984 0.409350
vt 0.949150 0.409486
vt 0.955297 0.408639
vt 0.952663 0.387494
vt 0.945655 0.380534
vt 0.937206 0.380227
vt 0.941157 0.409616
s 1
usemtl pasted__lambert2
f 1169/575/691 1170/576/692 1171/577/692
f 1169/575/691 1171/577/692 1172/578/693
f 1173/579/694 1170/576/692 1169/575/691
f 1174/580/695 1175/581/696 1176/582/697
f 1174/580/695 1176/582/697 1172/578/693
f 1177/583/698 1178/584/698 1179/585/699
f 1177/583/698 1179/585/699 1173/579/694
s 0
f 1180/586/692 1181/587/692 1171/577/692
f 1180/586/692 1171/577/692 1170/576/692
s 1
f 1171/577/692 1181/587/692 1174/580/695
f 1171/577/692 1174/580/695 1172/578/693
f 1176/582/697 1182/588/700 1169/575/691
f 1176/582/697 1169/575/691 1172/578/693
f 1173/579/694 1169/575/691 1182/588/700
f 1173/579/694 1182/588/700 1177/583/698
f 1173/579/694 1179/585/699 1180/586/692
f 1173/579/694 1180/586/692 1170/576/692
o polySurface193_pasted__lambert2_0
v -0.136271 0.127809 0.420226
v -0.131590 0.122358 0.435259
v -0.130643 0.129794 0.435712
v -0.131584 0.118033 0.425583
v -0.129409 0.135104 0.426623
v -0.124677 0.114027 0.427596
v -0.132304 0.118925 0.399199
v -0.124742 0.115263 0.398975
v -0.122594 0.129801 0.438200
v -0.123836 0.120042 0.437605
v -0.135499 0.128954 0.399810
v -0.129929 0.137579 0.400335
v -0.121752 0.136989 0.428995
v -0.122519 0.139034 0.400424
vn -0.9813 0.1876 0.0425
vn -0.2921 -0.0020 0.9564
vn -0.5286 -0.8439 0.0917
vn -0.1791 0.9630 0.2014
vn -0.5297 -0.8383 0.1291
vn -0.5206 -0.8534 -0.0257
vn -0.9820 0.1881 0.0179
vn -0.1649 0.9826 0.0855
vn -0.1832 0.9538 0.2380
vn -0.2289 0.9697 0.0853
vt 0.952303 0.320368
vt 0.949925 0.310077
vt 0.954749 0.309987
vt 0.945701 0.315331
vt 0.958827 0.315465
vt 0.940945 0.311766
vt 0.944023 0.333949
vt 0.937880 0.332983
vt 0.956688 0.305133
vt 0.948240 0.304828
vt 0.952205 0.334214
vt 0.960170 0.334083
vt 0.963698 0.312089
vt 0.965695 0.333328
s 1
usemtl pasted__lambert2
f 1183/589/701 1184/590/702 1185/591/702
f 1183/589/701 1186/592/703 1184/590/702
f 1187/593/704 1183/589/701 1185/591/702
f 1188/594/705 1186/592/703 1189/595/706
f 1188/594/705 1189/595/706 1190/596/706
f 1191/597/702 1185/591/702 1184/590/702
f 1191/597/702 1184/590/702 1192/598/702
f 1184/590/702 1186/592/703 1188/594/705
f 1184/590/702 1188/594/705 1192/598/702
f 1189/595/706 1186/592/703 1183/589/701
f 1189/595/706 1183/589/701 1193/599/707
f 1187/593/704 1194/600/708 1193/599/707
f 1187/593/704 1193/599/707 1183/589/701
f 1187/593/704 1185/591/702 1191/597/702
f 1187/593/704 1191/597/702 1195/601/709
f 1194/600/708 1187/593/704 1195/601/709
f 1194/600/708 1195/601/709 1196/602/710
o polySurface194_pasted__lambert2_0
v 0.041227 0.102428 0.150346
v 0.044977 0.101682 0.161026
v 0.049705 0.253335 0.170265
v 0.047912 0.254032 0.159582
v 0.047388 0.101275 0.161001
v 0.049180 0.101880 0.150312
v 0.055866 0.253484 0.159549
v 0.052116 0.252928 0.170240
v 0.051890 0.308976 0.171519
v 0.051853 0.309369 0.165090
v 0.053341 0.308731 0.171504
v 0.056639 0.309039 0.165070
v 0.043932 0.053196 0.155936
v 0.040634 0.053671 0.149511
v 0.045383 0.052951 0.155921
v 0.045419 0.053342 0.149491
v 0.051853 0.309369 0.165090
v 0.056639 0.309039 0.165070
v 0.055866 0.253484 0.159549
v 0.047912 0.254032 0.159582
v 0.049180 0.101880 0.150312
v 0.041227 0.102428 0.150346
v 0.045419 0.053342 0.149491
v 0.040634 0.053671 0.149511
v 0.043932 0.053196 0.155936
v 0.045383 0.052951 0.155921
v 0.047388 0.101275 0.161001
v 0.044977 0.101682 0.161026
v 0.052116 0.252928 0.170240
v 0.049705 0.253335 0.170265
v 0.053341 0.308731 0.171504
v 0.051890 0.308976 0.171519
vn -0.9993 0.0376 0.0023
vn -0.9988 0.0498 0.0031
vn -0.9988 0.0498 0.0030
vn 0.9987 -0.0505 -0.0031
vn 0.9993 -0.0372 -0.0023
vn -0.9975 0.0706 0.0043
vn 0.9999 -0.0139 -0.0009
vn 0.9999 -0.0139 -0.0008
vn -0.9999 0.0121 0.0007
vn -0.9999 0.0122 0.0008
vn 0.9970 -0.0772 -0.0047
vn 0.0026 0.0989 -0.9951
vn 0.0006 0.0691 -0.9976
vn 0.0006 0.0696 -0.9976
vn -0.0006 0.0518 -0.9987
vn -0.0006 0.0523 -0.9986
vn -0.0030 0.0171 -0.9998
vn -0.0030 -0.1044 0.9945
vn -0.0006 -0.0698 0.9976
vn -0.0006 -0.0693 0.9976
vn 0.0006 -0.0525 0.9986
vn 0.0006 -0.0520 0.9986
vn 0.0026 -0.0227 0.9997
vt 0.726790 0.572661
vt 0.735311 0.572358
vt 0.734974 0.458031
vt 0.726799 0.457837
vt 0.737135 0.572581
vt 0.745302 0.572598
vt 0.745330 0.458207
vt 0.736796 0.458295
vt 0.736362 0.416192
vt 0.731506 0.415853
vt 0.737460 0.416369
vt 0.742931 0.416278
vt 0.736977 0.608953
vt 0.731521 0.609392
vt 0.738086 0.609064
vt 0.742961 0.609152
vt 0.746522 0.415882
vt 0.751318 0.457856
vt 0.751303 0.572668
vt 0.746578 0.609407
s 1
usemtl pasted__lambert2
f 1197/603/711 1198/604/711 1199/605/712
f 1197/603/711 1199/605/712 1200/606/713
f 1201/607/714 1202/608/714 1203/609/715
f 1201/607/714 1203/609/715 1204/610/715
f 1199/605/712 1205/611/716 1206/612/716
f 1199/605/712 1206/612/716 1200/606/713
f 1207/613/717 1204/610/715 1203/609/715
f 1207/613/717 1203/609/715 1208/614/718
f 1209/615/719 1198/604/711 1197/603/711
f 1209/615/719 1197/603/711 1210/616/720
f 1201/607/714 1211/617/721 1212/618/721
f 1201/607/714 1212/618/721 1202/608/714
f 1213/619/722 1214/614/722 1215/609/723
f 1213/619/722 1215/609/723 1216/620/724
f 1215/609/723 1217/608/725 1218/621/726
f 1215/609/723 1218/621/726 1216/620/724
f 1217/608/725 1219/618/727 1220/622/727
f 1217/608/725 1220/622/727 1218/621/726
f 1221/615/728 1222/617/728 1223/607/729
f 1221/615/728 1223/607/729 1224/604/730
f 1223/607/729 1225/610/731 1226/605/732
f 1223/607/729 1226/605/732 1224/604/730
f 1225/610/731 1227/613/733 1228/611/733
f 1225/610/731 1228/611/733 1226/605/732
o polySurface195_pasted__lambert2_0
v 0.025174 0.236812 -0.084874
v 0.017496 0.236812 -0.084874
v 0.017496 0.218123 -0.090735
v 0.025174 0.218123 -0.090735
v 0.017496 0.238950 -0.092439
v 0.025174 0.238950 -0.092439
v 0.025174 0.220263 -0.098300
v 0.017496 0.220263 -0.098300
v 0.017496 0.220263 -0.098300
v 0.025174 0.220263 -0.098300
v 0.025174 0.218123 -0.090735
v 0.017496 0.218123 -0.090735
v 0.025174 0.238950 -0.092439
v 0.025174 0.236812 -0.084874
v 0.025174 0.218123 -0.090735
v 0.025174 0.220263 -0.098300
v 0.017496 0.218123 -0.090735
v 0.017496 0.236812 -0.084874
v 0.017496 0.238950 -0.092439
v 0.017496 0.220263 -0.098300
vn -0.0000 -0.2993 0.9542
vn -0.0000 0.2993 -0.9542
vn -0.0000 -0.9622 -0.2722
vn 1.0000 -0.0000 -0.0000
vn -1.0000 -0.0000 -0.0000
vt 0.609773 0.729892
vt 0.609765 0.736031
vt 0.625426 0.736051
vt 0.625434 0.729912
vt 0.647374 0.736079
vt 0.647382 0.729940
vt 0.631721 0.729920
vt 0.631713 0.736059
vt 0.609959 0.723608
vt 0.625620 0.723628
vt 0.609936 0.742315
vt 0.625597 0.742335
s 0
usemtl pasted__lambert2
f 1229/623/734 1230/624/734 1231/625/734
f 1229/623/734 1231/625/734 1232/626/734
f 1233/627/735 1234/628/735 1235/629/735
f 1233/627/735 1235/629/735 1236/630/735
f 1237/630/736 1238/629/736 1239/626/736
f 1237/630/736 1239/626/736 1240/625/736
f 1241/631/737 1242/623/737 1243/626/737
f 1241/631/737 1243/626/737 1244/632/737
f 1245/625/738 1246/624/738 1247/633/738
f 1245/625/738 1247/633/738 1248/634/738
o polySurface196_pasted__lambert2_0
v -0.007823 -0.030050 0.440587
v -0.013031 -0.027098 0.436110
v -0.006550 -0.028243 0.416450
v 0.013044 -0.027098 0.436110
v 0.007837 -0.030050 0.440587
v 0.006564 -0.028243 0.416450
v -0.007823 -0.024135 0.457811
v -0.013031 -0.019777 0.456753
v 0.013044 -0.019777 0.456753
v 0.007837 -0.024135 0.457811
v -0.013422 -0.015499 0.405689
v 0.013435 -0.015499 0.405689
v 0.019090 -0.015324 0.429937
v 0.019090 -0.002090 0.452632
v -0.019077 -0.015324 0.429937
v -0.019077 -0.002090 0.452632
v -0.013031 -0.019777 0.456753
v -0.007823 -0.024135 0.457811
v -0.006182 -0.021360 0.457104
v -0.010297 -0.018854 0.456518
v 0.007837 -0.024135 0.457811
v 0.006195 -0.021360 0.457104
v 0.013044 -0.019777 0.456753
v 0.010311 -0.018854 0.456518
v 0.019090 -0.002090 0.452632
v 0.015090 -0.004368 0.453213
v -0.019077 -0.002090 0.452632
v -0.015077 -0.004368 0.453213
v -0.010297 -0.018854 0.456518
v -0.006182 -0.021360 0.457104
v -0.006182 -0.027281 0.433846
v -0.010297 -0.024776 0.433260
v 0.006195 -0.021360 0.457104
v 0.006195 -0.027281 0.433846
v 0.010311 -0.018854 0.456518
v 0.010311 -0.024776 0.433260
v 0.015090 -0.004368 0.453213
v 0.015090 -0.015158 0.432005
v -0.015077 -0.004368 0.453213
v -0.015077 -0.015158 0.432005
v -0.015077 -0.015158 0.432005
v -0.010297 -0.024776 0.433260
v 0.010311 -0.024776 0.433260
v 0.015090 -0.015158 0.432005
v -0.006182 -0.027281 0.433846
v 0.006195 -0.027281 0.433846
v -0.013422 -0.015499 0.405689
v 0.013435 -0.015499 0.405689
vn -0.1666 -0.9765 0.1366
vn -0.8500 -0.5261 0.0277
vn -0.3381 -0.8445 -0.4153
vn 0.8499 -0.5262 0.0276
vn 0.1667 -0.9765 0.1366
vn 0.3381 -0.8445 -0.4153
vn -0.2250 -0.9210 0.3179
vn -0.8840 -0.4305 0.1825
vn 0.8840 -0.4305 0.1825
vn 0.2250 -0.9215 0.3165
vn -0.0000 -0.6452 -0.7641
vn -0.0000 -0.6452 -0.7640
vn 0.8888 -0.4577 -0.0256
vn 0.9317 -0.3281 0.1556
vn -0.8888 -0.4576 -0.0256
vn -0.9317 -0.3281 0.1556
vn -0.0031 0.2263 0.9740
vn 0.0021 0.2446 0.9696
vn 0.0014 0.2453 0.9694
vn -0.0016 0.2286 0.9735
vn -0.0021 0.2446 0.9696
vn -0.0014 0.2453 0.9694
vn 0.0031 0.2263 0.9740
vn 0.0016 0.2286 0.9735
vn 0.0050 0.2233 0.9747
vn -0.0050 0.2233 0.9747
vn 0.8560 0.4926 -0.1571
vn 0.1549 0.9574 -0.2437
vn 0.1534 0.9579 -0.2425
vn 0.8493 0.5034 -0.1591
vn -0.1549 0.9577 -0.2424
vn -0.1534 0.9576 -0.2438
vn -0.8560 0.4926 -0.1571
vn -0.8493 0.5034 -0.1591
vn -0.9299 0.3443 -0.1294
vn 0.9299 0.3443 -0.1294
vn -0.0000 0.1294 0.9916
vn -0.0000 0.1338 0.9910
vn -0.0000 0.1339 0.9910
vn -0.0000 0.2277 0.9737
vn -0.8008 -0.5630 -0.2044
vn 0.8008 -0.5631 -0.2044
vt 0.772919 0.535625
vt 0.768735 0.538232
vt 0.773189 0.551156
vt 0.787462 0.538633
vt 0.783380 0.535773
vt 0.782385 0.551169
vt 0.773035 0.523514
vt 0.768330 0.523270
vt 0.788658 0.523857
vt 0.783948 0.523875
vt 0.766428 0.561300
vt 0.788332 0.562248
vt 0.797241 0.542868
vt 0.801458 0.522297
vt 0.758819 0.541838
vt 0.755594 0.521127
vt 0.773789 0.521487
vt 0.769323 0.521447
vt 0.783300 0.521888
vt 0.787745 0.521993
vt 0.798545 0.520419
vt 0.758587 0.519383
vt 0.765676 0.579351
vt 0.765712 0.582931
vt 0.783418 0.582938
vt 0.783382 0.579358
vt 0.765709 0.592062
vt 0.783414 0.592070
vt 0.765670 0.595643
vt 0.783375 0.595650
vt 0.765332 0.607153
vt 0.782519 0.603581
vt 0.765348 0.567841
vt 0.782532 0.571427
vt 0.792474 0.576380
vt 0.785317 0.579903
vt 0.785311 0.595106
vt 0.792465 0.598635
s 1
usemtl pasted__lambert2
f 1249/635/739 1250/636/740 1251/637/741
f 1252/638/742 1253/639/743 1254/640/744
f 1255/641/745 1256/642/746 1250/636/740
f 1255/641/745 1250/636/740 1249/635/739
f 1257/643/747 1258/644/748 1253/639/743
f 1257/643/747 1253/639/743 1252/638/742
f 1259/645/749 1260/646/750 1254/640/744
f 1259/645/749 1254/640/744 1251/637/741
f 1249/635/739 1253/639/743 1258/644/748
f 1249/635/739 1258/644/748 1255/641/745
f 1257/643/747 1252/638/742 1261/647/751
f 1257/643/747 1261/647/751 1262/648/752
f 1263/649/753 1250/636/740 1256/642/746
f 1263/649/753 1256/642/746 1264/650/754
f 1265/642/755 1266/641/756 1267/651/757
f 1265/642/755 1267/651/757 1268/652/758
f 1266/641/756 1269/644/759 1270/653/760
f 1266/641/756 1270/653/760 1267/651/757
f 1269/644/759 1271/643/761 1272/654/762
f 1269/644/759 1272/654/762 1270/653/760
f 1271/643/761 1273/648/763 1274/655/763
f 1271/643/761 1274/655/763 1272/654/762
f 1275/650/764 1265/642/755 1268/652/758
f 1275/650/764 1268/652/758 1276/656/764
f 1277/657/765 1278/658/766 1279/659/767
f 1277/657/765 1279/659/767 1280/660/768
f 1278/658/766 1281/661/769 1282/662/770
f 1278/658/766 1282/662/770 1279/659/767
f 1281/661/769 1283/663/771 1284/664/772
f 1281/661/769 1284/664/772 1282/662/770
f 1283/663/771 1285/665/773 1286/666/773
f 1283/663/771 1286/666/773 1284/664/772
f 1287/667/774 1277/657/765 1280/660/768
f 1287/667/774 1280/660/768 1288/668/774
f 1289/669/775 1290/670/776 1291/671/777
f 1289/669/775 1291/671/777 1292/672/775
f 1290/670/776 1293/659/778 1294/662/778
f 1290/670/776 1294/662/778 1291/671/777
f 1251/637/741 1250/636/740 1263/649/753
f 1251/637/741 1263/649/753 1295/645/779
f 1251/637/741 1254/640/744 1253/639/743
f 1251/637/741 1253/639/743 1249/635/739
f 1261/647/751 1252/638/742 1254/640/744
f 1261/647/751 1254/640/744 1296/646/780
o polySurface197_pasted__lambert2_0
v -0.132220 0.212112 -0.509852
v -0.000564 0.368942 -0.446964
v -0.002292 0.370610 -0.447504
v -0.133948 0.213779 -0.510393
vn -0.3597 -0.0711 0.9303
vt 0.204508 0.277898
vt 0.202240 0.427674
vt 0.200389 0.427770
vt 0.202657 0.277993
s 0
usemtl pasted__lambert2
f 1297/673/781 1298/674/781 1299/675/781
f 1297/673/781 1299/675/781 1300/676/781
o polySurface198_pasted__lambert2_0
v -0.072082 0.073115 -0.004173
v -0.220066 0.319729 -0.001065
v -0.222154 0.318426 -0.001079
v -0.074169 0.071812 -0.004186
vn -0.0000 -0.0106 0.9999
vt 0.219213 0.480137
vt 0.219177 0.279617
vt 0.221031 0.279645
vt 0.221067 0.480165
s 1
usemtl pasted__lambert2
f 1301/677/782 1302/678/782 1303/679/782
f 1301/677/782 1303/679/782 1304/680/782
o polySurface199_pasted__lambert2_0
v -0.025149 0.236812 -0.084874
v -0.025149 0.218123 -0.090735
v -0.017475 0.218123 -0.090735
v -0.017475 0.236812 -0.084874
v -0.017475 0.238950 -0.092439
v -0.017475 0.220263 -0.098300
v -0.025149 0.220263 -0.098300
v -0.025149 0.238950 -0.092439
v -0.017475 0.220263 -0.098300
v -0.017475 0.218123 -0.090735
v -0.025149 0.218123 -0.090735
v -0.025149 0.220263 -0.098300
v -0.025149 0.238950 -0.092439
v -0.025149 0.220263 -0.098300
v -0.025149 0.218123 -0.090735
v -0.025149 0.236812 -0.084874
v -0.017475 0.218123 -0.090735
v -0.017475 0.220263 -0.098300
v -0.017475 0.238950 -0.092439
v -0.017475 0.236812 -0.084874
vn -0.0000 -0.2993 0.9542
vn -0.0000 0.2993 -0.9542
vn -0.0000 -0.9622 -0.2722
vn -1.0000 -0.0000 -0.0000
vn 1.0000 -0.0000 -0.0000
vt 0.609773 0.729892
vt 0.625434 0.729912
vt 0.625426 0.736051
vt 0.609765 0.736031
vt 0.647374 0.736079
vt 0.631713 0.736059
vt 0.631721 0.729920
vt 0.647382 0.729940
vt 0.609959 0.723608
vt 0.625620 0.723628
vt 0.625597 0.742335
vt 0.609936 0.742315
s 0
usemtl pasted__lambert2
f 1305/681/783 1306/682/783 1307/683/783
f 1305/681/783 1307/683/783 1308/684/783
f 1309/685/784 1310/686/784 1311/687/784
f 1309/685/784 1311/687/784 1312/688/784
f 1313/686/785 1314/683/785 1315/682/785
f 1313/686/785 1315/682/785 1316/687/785
f 1317/689/786 1318/690/786 1319/682/786
f 1317/689/786 1319/682/786 1320/681/786
f 1321/683/787 1322/691/787 1323/692/787
f 1321/683/787 1323/692/787 1324/684/787
o polySurface200_pasted__lambert2_0
v -0.090443 0.225335 -0.603854
v -0.092228 0.216380 -0.604401
v -0.276614 0.215949 -0.597401
v -0.277300 0.224745 -0.594540
v -0.264993 0.206069 -0.422289
v -0.258605 0.210769 -0.429457
v -0.276742 0.213413 -0.442968
v -0.283376 0.207861 -0.442312
v -0.002154 0.207752 -0.454691
v -0.002114 0.213611 -0.454331
v -0.009601 0.209578 -0.413823
v -0.009644 0.204867 -0.406655
v -0.009644 0.204867 -0.406655
v -0.009601 0.209578 -0.413823
v -0.049430 0.223900 -0.547733
v -0.050406 0.210724 -0.548538
v -0.286397 0.213384 -0.589042
v -0.280827 0.226312 -0.585928
v -0.002114 0.213611 -0.454331
v -0.049430 0.223900 -0.547733
v -0.280827 0.226312 -0.585928
v -0.283376 0.207861 -0.442312
v -0.002154 0.207752 -0.454691
v -0.009644 0.204867 -0.406655
v -0.264993 0.206069 -0.422289
v -0.286397 0.213384 -0.589042
v -0.050406 0.210724 -0.548538
v -0.276614 0.215949 -0.597401
v -0.092228 0.216380 -0.604401
v -0.277300 0.224745 -0.594540
v -0.276614 0.215949 -0.597401
v -0.090443 0.225335 -0.603854
v -0.277300 0.224745 -0.594540
v -0.090443 0.225335 -0.603854
v -0.092228 0.216380 -0.604401
vn -0.0436 0.1909 -0.9806
vn -0.0709 0.8418 0.5351
vn -0.0106 0.9761 0.2169
vn -0.0464 0.9935 0.1036
vn -0.8066 0.5828 0.0984
vn 0.9357 0.0029 -0.3527
vn 0.9347 0.0023 -0.3554
vn 0.9793 0.1042 0.1738
vn 0.9792 0.1042 0.1738
vn -0.0294 0.8416 0.5394
vn -0.0062 0.9750 0.2220
vn 0.8549 -0.0384 -0.5173
vn 0.8530 -0.0394 -0.5204
vn -0.8426 0.5383 0.0148
vn -0.8420 0.5391 0.0192
vn -0.0005 0.9947 0.1032
vn -0.0004 0.9959 0.0905
vn 0.0001 0.9968 0.0798
vn -0.0033 -0.9992 -0.0394
vn -0.0031 -0.9990 -0.0435
vn -0.0020 -0.9977 -0.0682
vn -0.0020 -0.9977 -0.0683
vn -0.0024 -0.9989 -0.0461
vn -0.0029 -0.9992 -0.0410
vn 0.0051 -0.9916 -0.1295
vn 0.0051 -0.9916 -0.1294
vn -0.7530 0.3264 -0.5714
vn 0.0047 1.0000 -0.0047
vn 0.8004 -0.0634 -0.5961
vt 0.443546 0.190319
vt 0.437502 0.191032
vt 0.441571 0.061699
vt 0.447706 0.062789
vt 0.569674 0.065134
vt 0.563792 0.069929
vt 0.553840 0.057443
vt 0.554558 0.051283
vt 0.548535 0.255099
vt 0.549133 0.250978
vt 0.577263 0.246032
vt 0.583279 0.247110
vt 0.483232 0.219892
vt 0.478054 0.227652
vt 0.449190 0.051251
vt 0.453636 0.060479
vt 0.621700 0.052252
vt 0.626285 0.248464
vt 0.592848 0.242555
vt 0.607424 0.064781
vt 0.724100 0.052251
vt 0.692431 0.216175
vt 0.730027 0.059218
vt 0.732189 0.187851
s 1
usemtl pasted__lambert2
f 1325/693/788 1326/694/788 1327/695/788
f 1325/693/788 1327/695/788 1328/696/788
f 1329/697/789 1330/698/790 1331/699/791
f 1329/697/789 1331/699/791 1332/700/792
f 1333/701/793 1334/702/794 1335/703/795
f 1333/701/793 1335/703/795 1336/704/796
f 1329/697/789 1337/704/797 1338/703/798
f 1329/697/789 1338/703/798 1330/698/790
f 1339/705/799 1334/702/794 1333/701/793
f 1339/705/799 1333/701/793 1340/706/800
f 1341/707/801 1332/700/792 1331/699/791
f 1341/707/801 1331/699/791 1342/708/802
f 1331/699/791 1343/702/803 1344/705/804
f 1331/699/791 1344/705/804 1345/708/805
f 1330/698/790 1338/703/798 1343/702/803
f 1330/698/790 1343/702/803 1331/699/791
f 1346/709/806 1347/710/807 1348/711/808
f 1346/709/806 1348/711/808 1349/712/809
f 1350/713/810 1351/714/811 1347/710/807
f 1350/713/810 1347/710/807 1346/709/806
f 1352/715/812 1353/716/813 1351/714/811
f 1352/715/812 1351/714/811 1350/713/810
f 1354/696/814 1355/695/814 1341/707/801
f 1354/696/814 1341/707/801 1342/708/802
f 1345/708/805 1344/705/804 1356/693/815
f 1345/708/805 1356/693/815 1357/696/815
f 1358/693/816 1339/705/799 1340/706/800
f 1358/693/816 1340/706/800 1359/694/816
o polySurface201_pasted__lambert2_0
v 0.001189 0.368614 -0.608819
v 0.001189 0.307473 -0.615621
v -0.001176 0.307473 -0.615621
v -0.001176 0.368614 -0.608819
v 0.006852 0.366964 -0.543019
v 0.007027 0.303523 -0.550782
v 0.001189 0.307473 -0.615621
v 0.001189 0.368614 -0.608819
v -0.001176 0.307473 -0.615621
v -0.007013 0.303523 -0.550782
v -0.006839 0.366964 -0.543019
v -0.001176 0.368614 -0.608819
v -0.002494 0.261488 -0.410348
v 0.002507 0.261488 -0.410348
v 0.002221 0.275321 -0.392926
v -0.002208 0.275321 -0.392926
v 0.002095 0.340706 -0.388942
v 0.002235 0.363478 -0.404134
v -0.002223 0.363478 -0.404134
v -0.002082 0.340706 -0.388942
v 0.002096 0.313484 -0.382115
v -0.002083 0.313484 -0.382115
v 0.002096 0.297712 -0.383076
v -0.002083 0.297712 -0.383076
v -0.002082 0.340706 -0.388942
v -0.002208 0.275321 -0.392926
v -0.002083 0.297712 -0.383076
v -0.002083 0.313484 -0.382115
v 0.002507 0.261488 -0.410348
v 0.002235 0.363478 -0.404134
v 0.002095 0.340706 -0.388942
v 0.002221 0.275321 -0.392926
v 0.003634 0.415451 -0.468163
v 0.003865 0.420512 -0.485798
v -0.003852 0.420512 -0.485798
v -0.003621 0.415451 -0.468163
v 0.003487 0.422534 -0.518995
v 0.007749 0.418952 -0.525620
v 0.001189 0.420610 -0.552840
v 0.001189 0.423492 -0.534721
v 0.001189 0.423492 -0.534721
v 0.001189 0.420610 -0.552840
v -0.001176 0.420610 -0.552840
v -0.001176 0.423492 -0.534721
v -0.001176 0.420610 -0.552840
v -0.007736 0.418952 -0.525620
v -0.003474 0.422534 -0.518995
v -0.001176 0.423492 -0.534721
v -0.007200 0.391658 -0.542137
v -0.007568 0.410372 -0.535015
v -0.001176 0.410921 -0.573615
v -0.001176 0.392080 -0.595859
v 0.002800 0.390769 -0.428742
v 0.003373 0.409217 -0.453537
v -0.003360 0.409217 -0.453537
v -0.002787 0.390769 -0.428742
v 0.007581 0.410372 -0.535015
v 0.007214 0.391658 -0.542137
v 0.001189 0.392080 -0.595859
v 0.001189 0.410921 -0.573615
v 0.001189 0.410921 -0.573615
v 0.001189 0.392080 -0.595859
v -0.001176 0.392080 -0.595859
v -0.001176 0.410921 -0.573615
v 0.001189 0.267753 -0.609344
v -0.001176 0.267753 -0.609344
v 0.007185 0.255803 -0.550936
v 0.001189 0.267753 -0.609344
v 0.002754 0.252139 -0.421603
v -0.002741 0.252139 -0.421603
v -0.007172 0.255803 -0.550936
v -0.001176 0.267753 -0.609344
v -0.001176 0.240839 -0.594795
v -0.001176 0.219881 -0.567829
v -0.007520 0.220364 -0.523191
v -0.007312 0.240979 -0.541050
v 0.001189 0.240839 -0.594795
v 0.001189 0.219881 -0.567829
v -0.001176 0.219881 -0.567829
v -0.001176 0.240839 -0.594795
v 0.001189 0.219881 -0.567829
v 0.001189 0.240839 -0.594795
v 0.007325 0.240979 -0.541050
v 0.007533 0.220364 -0.523191
v 0.003297 0.221385 -0.428974
v 0.002973 0.238053 -0.427805
v -0.002960 0.241273 -0.427608
v -0.003284 0.221385 -0.428974
v 0.001183 0.176425 -0.457891
v -0.001171 0.176425 -0.457891
v 0.006452 0.183868 -0.444994
v 0.001183 0.176425 -0.457891
v 0.003652 0.199580 -0.417769
v -0.003639 0.199580 -0.417769
v -0.006439 0.183868 -0.444994
v -0.001171 0.176425 -0.457891
v -0.002223 0.363478 -0.404134
v -0.002787 0.390769 -0.428742
v -0.003360 0.409217 -0.453537
v -0.003621 0.415451 -0.468163
v -0.003852 0.420512 -0.485798
v 0.003634 0.415451 -0.468163
v 0.003865 0.420512 -0.485798
v 0.003373 0.409217 -0.453537
v 0.002800 0.390769 -0.428742
v 0.002754 0.252139 -0.421603
v 0.002973 0.238053 -0.427805
v 0.003297 0.221385 -0.428974
v 0.003652 0.199580 -0.417769
v -0.003284 0.221385 -0.428974
v -0.003639 0.199580 -0.417769
v -0.002960 0.241273 -0.427608
v -0.002741 0.252139 -0.421603
v -0.002494 0.261488 -0.410348
v 0.003487 0.422534 -0.518995
v -0.003474 0.422534 -0.518995
v 0.002096 0.313484 -0.382115
v 0.002096 0.297712 -0.383076
vn -0.0000 0.2274 -0.9738
vn -0.0000 0.0052 -1.0000
vn 1.0000 0.0033 0.0021
vn 1.0000 0.0016 -0.0046
vn 0.9959 0.0055 -0.0905
vn 0.9959 0.0133 -0.0891
vn -0.9959 0.0055 -0.0905
vn -1.0000 0.0016 -0.0046
vn -1.0000 0.0033 0.0021
vn -0.9959 0.0133 -0.0891
vn -0.0000 -0.7772 0.6292
vn -0.0000 -0.7773 0.6292
vn -0.0000 -0.6119 0.7909
vn -0.0000 -0.6116 0.7912
vn -0.0000 0.4057 0.9140
vn -0.0000 0.6268 0.7792
vn -0.0000 0.1352 0.9908
vn -0.0000 0.1351 0.9908
vn -0.0000 -0.2753 0.9614
vn -0.0002 -0.2752 0.9614
vn -0.9999 0.0015 0.0123
vn -0.9999 0.0015 0.0124
vn 0.9995 0.0001 0.0314
vn 0.9995 -0.0002 0.0320
vn 0.9999 0.0017 0.0120
vn 0.9999 0.0015 0.0124
vn 0.0001 0.9447 0.3279
vn -0.0004 0.9903 0.1389
vn -0.0000 0.9903 0.1389
vn -0.0000 0.9447 0.3279
vn 0.5243 0.8498 0.0547
vn 0.9796 0.2009 0.0033
vn 0.8754 0.4353 -0.2101
vn 0.4538 0.8886 -0.0667
vn -0.8754 0.4353 -0.2101
vn -0.4538 0.8886 -0.0667
vn -0.9796 0.2009 0.0033
vn -0.5243 0.8497 0.0547
vn -0.9998 0.0166 -0.0141
vn -0.9983 0.0544 -0.0190
vn -0.9851 0.1067 -0.1350
vn -0.9941 0.0332 -0.1031
vn -0.0000 0.7413 0.6712
vn -0.0000 0.8519 0.5238
vn 0.9983 0.0544 -0.0190
vn 0.9998 0.0166 -0.0141
vn 0.9941 0.0332 -0.1031
vn 0.9851 0.1067 -0.1350
vn -0.0000 0.8334 -0.5527
vn -0.0000 0.6396 -0.7687
vn -0.0000 -0.2983 -0.9545
vn 0.9996 -0.0107 -0.0266
vn 0.9950 -0.0142 -0.0990
vn -0.0568 -0.6127 0.7883
vn -0.0568 -0.6125 0.7884
vn -0.9996 -0.0108 -0.0274
vn -0.9950 -0.0142 -0.0990
vn -0.9901 -0.0789 -0.1163
vn -0.9764 -0.1739 -0.1279
vn -0.9904 -0.1306 -0.0446
vn -0.9992 -0.0298 -0.0259
vn -0.0000 -0.6552 -0.7555
vn -0.0000 -0.9048 -0.4258
vn 0.9764 -0.1739 -0.1279
vn 0.9901 -0.0788 -0.1163
vn 0.9993 -0.0292 -0.0241
vn 0.9896 -0.1357 -0.0478
vn -0.0016 0.2569 0.9664
vn -0.0308 -0.1700 0.9850
vn -0.0626 -0.2810 0.9577
vn -0.0009 0.2567 0.9665
vn -0.0000 -0.9300 -0.3676
vn 0.9991 -0.0434 -0.0001
vn 0.9289 -0.3427 -0.1403
vn -0.0000 0.4571 0.8894
vn -0.9991 -0.0434 -0.0001
vn -0.9289 -0.3427 -0.1403
vn -0.9995 -0.0001 0.0320
vn -0.9993 -0.0019 0.0369
vn -0.9990 -0.0044 0.0448
vn -0.9982 0.0080 0.0600
vn -0.8697 0.4893 0.0656
vn 0.9982 0.0080 0.0600
vn 0.8697 0.4893 0.0656
vn 0.9990 -0.0044 0.0448
vn 0.9993 -0.0019 0.0369
vn 0.9994 0.0034 0.0338
vn 0.9989 0.0244 0.0390
vn 0.9977 0.0502 0.0460
vn 0.9968 0.0628 0.0491
vn -0.9978 0.0482 0.0456
vn -0.9968 0.0628 0.0491
vn -0.9989 0.0246 0.0387
vn -0.9994 0.0033 0.0337
vn -0.9995 0.0001 0.0314
vn -0.5243 0.8498 0.0547
vt 0.255304 0.993096
vt 0.202968 0.993204
vt 0.202972 0.995217
vt 0.255309 0.995109
vt 0.741891 0.659563
vt 0.786022 0.657056
vt 0.786251 0.611144
vt 0.743742 0.613103
vt 0.566758 0.995587
vt 0.566749 0.991332
vt 0.547824 0.991614
vt 0.547832 0.995383
vt 0.489695 0.991841
vt 0.466406 0.991770
vt 0.466414 0.995563
vt 0.489702 0.995395
vt 0.513571 0.991792
vt 0.513579 0.995346
vt 0.527014 0.991764
vt 0.527021 0.995319
vt 0.753012 0.769244
vt 0.798298 0.769462
vt 0.782401 0.775355
vt 0.771478 0.775302
vt 0.808637 0.757846
vt 0.737994 0.757509
vt 0.395323 0.990727
vt 0.379714 0.990563
vt 0.379728 0.997128
vt 0.395335 0.996899
vt 0.699655 0.675089
vt 0.705267 0.669413
vt 0.705077 0.649940
vt 0.701919 0.661809
vt 0.338020 0.992925
vt 0.322412 0.992958
vt 0.322416 0.994970
vt 0.338024 0.994938
vt 0.701919 0.661809
vt 0.724815 0.659054
vt 0.711594 0.663210
vt 0.712880 0.635847
vt 0.726951 0.621119
vt 0.435143 0.991355
vt 0.408849 0.990922
vt 0.408861 0.996649
vt 0.435153 0.996107
vt 0.302910 0.992998
vt 0.278110 0.993049
vt 0.278114 0.995062
vt 0.302914 0.995010
vt 0.168757 0.993275
vt 0.168761 0.995287
vt 0.818948 0.659174
vt 0.813403 0.617385
vt 0.579197 0.991096
vt 0.579206 0.995771
vt 0.831366 0.628863
vt 0.844696 0.648826
vt 0.842093 0.680333
vt 0.828720 0.666819
vt 0.142729 0.993329
vt 0.113673 0.993389
vt 0.113677 0.995401
vt 0.142733 0.995341
vt 0.844696 0.648826
vt 0.828720 0.666819
vt 0.606477 0.989868
vt 0.592287 0.990772
vt 0.589769 0.995935
vt 0.606724 0.995462
vt 0.013103 0.993602
vt 0.013107 0.995604
vt 0.863832 0.736970
vt 0.869925 0.728101
vt 0.627300 0.988645
vt 0.627574 0.994842
vt 0.720275 0.738920
vt 0.708670 0.720615
vt 0.703527 0.712889
vt 0.699537 0.699657
vt 0.703527 0.712889
vt 0.699537 0.699657
vt 0.815601 0.750358
vt 0.824497 0.746645
vt 0.837171 0.746585
vt 0.851744 0.755467
vt 0.808637 0.757845
vt 0.351421 0.990943
vt 0.351433 0.996865
vt 0.771478 0.775302
s 1
usemtl pasted__lambert2
f 1360/717/817 1361/718/818 1362/719/818
f 1360/717/817 1362/719/818 1363/720/817
f 1364/721/819 1365/722/820 1366/723/821
f 1364/721/819 1366/723/821 1367/724/822
f 1368/723/823 1369/722/824 1370/721/825
f 1368/723/823 1370/721/825 1371/724/826
f 1372/725/827 1373/726/828 1374/727/829
f 1372/725/827 1374/727/829 1375/728/830
f 1376/729/831 1377/730/832 1378/731/832
f 1376/729/831 1378/731/832 1379/732/831
f 1380/733/833 1376/729/831 1379/732/831
f 1380/733/833 1379/732/831 1381/734/834
f 1382/735/835 1380/733/833 1381/734/834
f 1382/735/835 1381/734/834 1383/736/836
f 1374/727/829 1382/735/835 1383/736/836
f 1374/727/829 1383/736/836 1375/728/830
f 1384/737/837 1385/738/838 1386/739/838
f 1384/737/837 1386/739/838 1387/740/838
f 1388/741/839 1389/742/840 1390/737/841
f 1388/741/839 1390/737/841 1391/738/842
f 1392/743/843 1393/744/844 1394/745/845
f 1392/743/843 1394/745/845 1395/746/846
f 1396/747/847 1397/748/848 1398/749/849
f 1396/747/847 1398/749/849 1399/750/850
f 1400/751/850 1401/752/849 1402/753/851
f 1400/751/850 1402/753/851 1403/754/852
f 1404/749/851 1405/748/853 1406/747/854
f 1404/749/851 1406/747/854 1407/755/852
f 1408/756/855 1409/757/856 1410/758/857
f 1408/756/855 1410/758/857 1411/759/858
f 1412/760/859 1413/761/860 1414/762/860
f 1412/760/859 1414/762/860 1415/763/859
f 1416/757/861 1417/756/862 1418/759/863
f 1416/757/861 1418/759/863 1419/758/864
f 1420/764/865 1421/765/866 1422/766/866
f 1420/764/865 1422/766/866 1423/767/865
f 1377/730/832 1412/760/859 1415/763/859
f 1377/730/832 1415/763/859 1378/731/832
f 1417/756/862 1364/721/819 1367/724/822
f 1417/756/862 1367/724/822 1418/759/863
f 1421/765/866 1360/717/817 1363/720/817
f 1421/765/866 1363/720/817 1422/766/866
f 1371/724/826 1370/721/825 1408/756/855
f 1371/724/826 1408/756/855 1411/759/858
f 1413/761/860 1392/743/843 1395/746/846
f 1413/761/860 1395/746/846 1414/762/860
f 1397/748/848 1416/757/861 1419/758/864
f 1397/748/848 1419/758/864 1398/749/849
f 1401/752/849 1420/764/865 1423/767/865
f 1401/752/849 1423/767/865 1402/753/851
f 1410/758/857 1409/757/856 1405/748/853
f 1410/758/857 1405/748/853 1404/749/851
f 1361/718/818 1424/768/867 1425/769/867
f 1361/718/818 1425/769/867 1362/719/818
f 1366/723/821 1365/722/820 1426/770/868
f 1366/723/821 1426/770/868 1427/771/869
f 1428/772/870 1373/726/828 1372/725/827
f 1428/772/870 1372/725/827 1429/773/871
f 1430/770/872 1369/722/824 1368/723/823
f 1430/770/872 1368/723/823 1431/771/873
f 1432/774/874 1433/775/875 1434/776/876
f 1432/774/874 1434/776/876 1435/777/877
f 1436/778/878 1437/779/879 1438/780/879
f 1436/778/878 1438/780/879 1439/781/878
f 1440/782/880 1441/774/881 1442/783/882
f 1440/782/880 1442/783/882 1443/776/883
f 1444/784/884 1445/785/885 1446/786/886
f 1444/784/884 1446/786/886 1447/787/887
f 1424/768/867 1436/778/878 1439/781/878
f 1424/768/867 1439/781/878 1425/769/867
f 1427/771/869 1426/770/868 1442/783/882
f 1427/771/869 1442/783/882 1441/774/881
f 1445/785/885 1428/772/870 1429/773/871
f 1445/785/885 1429/773/871 1446/786/886
f 1435/777/877 1430/770/872 1431/771/873
f 1435/777/877 1431/771/873 1432/774/874
f 1437/779/879 1448/788/888 1449/789/888
f 1437/779/879 1449/789/888 1438/780/879
f 1440/782/880 1443/776/883 1450/790/889
f 1440/782/880 1450/790/889 1451/791/890
f 1452/792/891 1444/784/884 1447/787/887
f 1452/792/891 1447/787/887 1453/793/891
f 1454/790/892 1434/776/876 1433/775/875
f 1454/790/892 1433/775/875 1455/791/893
f 1408/756/855 1370/721/825 1456/742/894
f 1408/756/855 1456/742/894 1457/794/895
f 1457/794/895 1458/795/896 1409/757/856
f 1457/794/895 1409/757/856 1408/756/855
f 1405/748/853 1409/757/856 1458/795/896
f 1405/748/853 1458/795/896 1459/796/897
f 1406/747/854 1405/748/853 1459/796/897
f 1406/747/854 1459/796/897 1460/797/898
f 1461/798/899 1397/748/848 1396/747/847
f 1461/798/899 1396/747/847 1462/799/900
f 1463/795/901 1416/757/861 1397/748/848
f 1463/795/901 1397/748/848 1461/798/899
f 1463/795/901 1464/794/902 1417/756/862
f 1463/795/901 1417/756/862 1416/757/861
f 1389/742/840 1364/721/819 1417/756/862
f 1389/742/840 1417/756/862 1464/794/902
f 1388/741/839 1365/722/820 1364/721/819
f 1388/741/839 1364/721/819 1389/742/840
f 1426/770/868 1365/722/820 1388/741/839
f 1426/770/868 1388/741/839 1465/800/903
f 1442/783/882 1426/770/868 1465/800/903
f 1442/783/882 1465/800/903 1466/801/904
f 1443/776/883 1442/783/882 1466/801/904
f 1443/776/883 1466/801/904 1467/802/905
f 1450/790/889 1443/776/883 1467/802/905
f 1450/790/889 1467/802/905 1468/803/906
f 1469/802/907 1434/776/876 1454/790/892
f 1469/802/907 1454/790/892 1470/803/908
f 1435/777/877 1434/776/876 1469/802/907
f 1435/777/877 1469/802/907 1471/801/909
f 1472/800/910 1430/770/872 1435/777/877
f 1472/800/910 1435/777/877 1471/801/909
f 1473/804/911 1369/722/824 1430/770/872
f 1473/804/911 1430/770/872 1472/800/910
f 1370/721/825 1369/722/824 1473/804/911
f 1370/721/825 1473/804/911 1456/742/894
f 1393/744/844 1474/805/847 1475/806/912
f 1393/744/844 1475/806/912 1394/745/845
f 1474/805/847 1400/751/850 1403/754/852
f 1474/805/847 1403/754/852 1475/806/912
f 1391/738/842 1390/737/841 1476/807/842
f 1391/738/842 1476/807/842 1477/739/842
f 1384/737/837 1456/742/894 1473/804/911
f 1384/737/837 1473/804/911 1385/738/838
o polySurface202_pasted__lambert2_0
v 0.139371 -0.051932 0.210243
v 0.148614 -0.049541 0.210368
v 0.113547 0.058117 0.051804
v 0.104996 0.055725 0.051678
v 0.106404 0.050858 0.048501
v 0.114955 0.053251 0.048626
v 0.150135 -0.054407 0.207192
v 0.140893 -0.056798 0.207065
v 0.139371 -0.051932 0.210243
v 0.104996 0.055725 0.051678
v 0.106404 0.050858 0.048501
v 0.140893 -0.056798 0.207065
v 0.150135 -0.054407 0.207192
v 0.114955 0.053251 0.048626
v 0.113547 0.058117 0.051804
v 0.148614 -0.049541 0.210368
vn -0.2190 0.7843 0.5804
vn -0.2191 0.7843 0.5804
vn 0.2190 -0.7842 -0.5806
vn 0.2190 -0.7842 -0.5805
vn -0.9560 -0.2933 0.0085
vn 0.9554 0.2950 -0.0114
vt 0.515228 0.452890
vt 0.522100 0.453189
vt 0.521653 0.312821
vt 0.515259 0.312610
vt 0.532347 0.312809
vt 0.525954 0.313064
vt 0.526420 0.453447
vt 0.533290 0.453099
vt 0.510959 0.312863
vt 0.510908 0.453157
s 1
usemtl pasted__lambert2
f 1478/808/913 1479/809/913 1480/810/914
f 1478/808/913 1480/810/914 1481/811/913
f 1482/812/915 1483/813/915 1484/814/915
f 1482/812/915 1484/814/915 1485/815/916
f 1486/808/917 1487/811/917 1488/816/917
f 1486/808/917 1488/816/917 1489/817/917
f 1490/814/918 1491/813/918 1492/810/918
f 1490/814/918 1492/810/918 1493/809/918
o polySurface203_pasted__lambert2_0
v 0.148242 -0.026802 0.174779
v 0.150904 -0.056408 0.203169
v 0.145981 -0.018414 0.190709
v 0.151927 -0.041440 0.164709
v 0.156191 -0.058974 0.162806
v 0.160058 -0.075388 0.169506
v 0.162642 -0.086921 0.183275
v 0.163350 -0.090931 0.200957
v 0.162021 -0.086500 0.218503
v 0.158960 -0.074642 0.231892
v 0.154866 -0.058075 0.238058
v 0.150679 -0.040593 0.235587
v 0.147357 -0.026202 0.225047
v 0.145661 -0.018198 0.208851
v 0.167762 -0.034076 0.206219
v 0.168345 -0.038052 0.214133
v 0.175439 -0.050156 0.202153
v 0.169799 -0.045133 0.219283
v 0.171791 -0.053699 0.220488
v 0.173865 -0.061784 0.217473
v 0.175545 -0.067540 0.210928
v 0.176446 -0.069646 0.202353
v 0.176363 -0.067620 0.193711
v 0.175314 -0.061926 0.186984
v 0.173539 -0.053868 0.183711
v 0.171445 -0.045293 0.184643
v 0.169513 -0.038166 0.189566
v 0.168183 -0.034117 0.197353
v 0.152105 -0.014970 0.190356
v 0.159197 -0.017306 0.191688
v 0.161328 -0.025209 0.176680
v 0.154353 -0.023731 0.173793
v 0.164799 -0.038999 0.167193
v 0.158015 -0.039002 0.163329
v 0.168816 -0.055517 0.165400
v 0.162252 -0.057287 0.161361
v 0.172459 -0.070981 0.171712
v 0.166092 -0.074396 0.168340
v 0.174893 -0.081845 0.184683
v 0.168656 -0.086408 0.182667
v 0.175560 -0.085623 0.201341
v 0.169357 -0.090574 0.201060
v 0.174309 -0.081449 0.217871
v 0.168034 -0.085937 0.219305
v 0.171424 -0.070278 0.230484
v 0.164990 -0.073561 0.233223
v 0.167568 -0.054670 0.236293
v 0.160922 -0.056281 0.239625
v 0.163623 -0.038201 0.233966
v 0.156763 -0.038055 0.237045
v 0.160494 -0.024642 0.224036
v 0.153466 -0.023058 0.226074
v 0.158897 -0.017102 0.208778
v 0.151784 -0.014727 0.209224
v 0.159197 -0.017306 0.191688
v 0.160396 -0.028194 0.194686
v 0.161964 -0.034009 0.183641
v 0.161328 -0.025209 0.176680
v 0.164518 -0.044157 0.176660
v 0.164799 -0.038999 0.167193
v 0.167475 -0.056313 0.175340
v 0.168816 -0.055517 0.165400
v 0.170156 -0.067693 0.179985
v 0.172459 -0.070981 0.171712
v 0.171947 -0.075689 0.189531
v 0.174893 -0.081845 0.184683
v 0.172438 -0.078469 0.201789
v 0.175560 -0.085623 0.201341
v 0.171517 -0.075396 0.213954
v 0.174309 -0.081449 0.217871
v 0.169394 -0.067176 0.223237
v 0.171424 -0.070278 0.230484
v 0.166556 -0.055690 0.227511
v 0.167568 -0.054670 0.236293
v 0.163623 -0.038201 0.233966
v 0.163653 -0.043570 0.225799
v 0.161350 -0.033593 0.218491
v 0.160494 -0.024642 0.224036
v 0.160174 -0.028043 0.207262
v 0.158897 -0.017102 0.208778
v 0.148242 -0.026802 0.174779
v 0.145981 -0.018414 0.190709
v 0.152105 -0.014970 0.190356
v 0.154353 -0.023731 0.173793
v 0.151927 -0.041440 0.164709
v 0.156191 -0.058974 0.162806
v 0.160058 -0.075388 0.169506
v 0.162642 -0.086921 0.183275
v 0.163350 -0.090931 0.200957
v 0.162021 -0.086500 0.218503
v 0.158960 -0.074642 0.231892
v 0.154866 -0.058075 0.238058
v 0.150679 -0.040593 0.235587
v 0.147357 -0.026202 0.225047
v 0.145661 -0.018198 0.208851
v 0.151784 -0.014727 0.209224
v 0.161350 -0.033593 0.218491
v 0.160174 -0.028043 0.207262
v 0.163653 -0.043570 0.225799
v 0.166556 -0.055690 0.227511
v 0.169394 -0.067176 0.223237
v 0.171517 -0.075396 0.213954
v 0.172438 -0.078469 0.201789
v 0.171947 -0.075689 0.189531
v 0.170156 -0.067693 0.179985
v 0.167475 -0.056313 0.175340
v 0.164518 -0.044157 0.176660
v 0.161964 -0.034009 0.183641
v 0.160396 -0.028194 0.194686
vn -0.9831 -0.1646 -0.0795
vn -0.9715 -0.2368 -0.0103
vn -0.9891 -0.1414 -0.0405
vn -0.9739 -0.2017 -0.1044
vn -0.9630 -0.2457 -0.1105
vn -0.9525 -0.2891 -0.0960
vn -0.9444 -0.3229 -0.0619
vn -0.9409 -0.3384 -0.0136
vn -0.9436 -0.3290 0.0385
vn -0.9522 -0.2949 0.0799
vn -0.9646 -0.2448 0.0978
vn -0.9772 -0.1934 0.0876
vn -0.9865 -0.1547 0.0537
vn -0.9905 -0.1370 0.0076
vn 0.7494 0.6481 0.1353
vn 0.7731 0.5422 0.3292
vn 0.9708 0.2355 0.0447
vn 0.8152 0.3656 0.4491
vn 0.8660 0.1588 0.4742
vn 0.9148 -0.0361 0.4023
vn 0.9521 -0.1801 0.2471
vn 0.9698 -0.2410 0.0381
vn 0.9628 -0.2007 -0.1809
vn 0.9314 -0.0627 -0.3585
vn 0.8820 0.1433 -0.4489
vn 0.8265 0.3674 -0.4265
vn 0.7789 0.5530 -0.2959
vn 0.7511 0.6539 -0.0912
vn 0.3398 0.9162 -0.2122
vn 0.3392 0.9180 -0.2053
vn 0.3868 0.7294 -0.5642
vn 0.3868 0.7292 -0.5645
vn 0.4534 0.3985 -0.7973
vn 0.0915 0.3727 -0.9234
vn 0.5255 -0.0064 -0.8508
vn 0.2070 -0.0802 -0.9751
vn 0.5873 -0.3958 -0.7060
vn 0.3093 -0.5078 -0.8041
vn 0.6233 -0.6775 -0.3906
vn 0.3749 -0.8122 -0.4471
vn 0.6238 -0.7812 0.0241
vn 0.3880 -0.9215 0.0156
vn 0.5878 -0.6795 0.4390
vn 0.3450 -0.8083 0.4771
vn 0.5239 -0.3960 0.7541
vn 0.2559 -0.4978 0.8287
vn 0.4482 0.0004 0.8939
vn 0.1416 -0.0632 0.9879
vn 0.3796 0.4134 0.8276
vn 0.0292 0.3933 0.9190
vn 0.3341 0.7459 0.5762
vn -0.0558 0.7661 0.6403
vn 0.3201 0.9252 0.2038
vn 0.3201 0.9278 0.1914
vn 0.9916 0.1215 0.0446
vn 0.9916 0.1213 0.0441
vn 0.9843 0.1475 0.0965
vn 0.9848 0.1458 0.0943
vn 0.9721 0.1928 0.1339
vn 0.9733 0.1882 0.1314
vn 0.9557 0.2535 0.1493
vn 0.9578 0.2458 0.1489
vn 0.9380 0.3198 0.1341
vn 0.9402 0.3114 0.1380
vn 0.9231 0.3751 0.0846
vn 0.9244 0.3703 0.0916
vn 0.9167 0.3995 0.0095
vn 0.9167 0.3993 0.0137
vn 0.9220 0.3811 -0.0684
vn 0.9223 0.3801 -0.0702
vn 0.9376 0.3250 -0.1236
vn 0.9394 0.3185 -0.1268
vn 0.9576 0.2521 -0.1396
vn 0.9600 0.2430 -0.1388
vn 0.9774 0.1785 -0.1137
vn 0.9755 0.1856 -0.1184
vn 0.9876 0.1393 -0.0723
vn 0.9885 0.1360 -0.0668
vn 0.9929 0.1180 -0.0147
vn 0.9930 0.1175 -0.0110
vn -0.4217 0.6275 -0.6546
vn -0.4866 0.8376 -0.2482
vn -0.4867 0.8383 -0.2457
vn -0.4239 0.6350 -0.6458
vn -0.3112 0.2593 -0.9143
vn -0.1787 -0.1845 -0.9664
vn -0.0543 -0.6021 -0.7966
vn 0.0324 -0.8962 -0.4425
vn 0.0598 -0.9981 0.0137
vn 0.0211 -0.8845 0.4661
vn -0.0742 -0.5815 0.8102
vn -0.2027 -0.1596 0.9661
vn -0.3338 0.2830 0.8992
vn -0.4378 0.6444 0.6269
vn -0.4924 0.8439 0.2133
vn -0.4929 0.8453 0.2063
vn 0.6557 0.6354 0.4079
vn 0.6269 0.7649 0.1477
vn 0.7098 0.4040 0.5771
vn 0.7766 0.1225 0.6180
vn 0.8412 -0.1463 0.5205
vn 0.8891 -0.3410 0.3053
vn 0.9093 -0.4156 0.0203
vn 0.8970 -0.3513 -0.2683
vn 0.8548 -0.1629 -0.4928
vn 0.7921 0.1053 -0.6012
vn 0.7236 0.3910 -0.5687
vn 0.6652 0.6281 -0.4036
vn 0.6303 0.7627 -0.1450
vt 0.540736 0.277819
vt 0.514981 0.282256
vt 0.539590 0.289358
vt 0.536389 0.267068
vt 0.527544 0.259569
vt 0.516227 0.257038
vt 0.505029 0.260056
vt 0.496516 0.267932
vt 0.492637 0.278865
vt 0.494284 0.290348
vt 0.501081 0.299749
vt 0.511469 0.304914
vt 0.523065 0.304659
vt 0.533213 0.299044
vt 0.569498 0.262897
vt 0.560463 0.266516
vt 0.572439 0.282296
vt 0.554148 0.273963
vt 0.552114 0.283509
vt 0.554654 0.292935
vt 0.561350 0.300037
vt 0.570557 0.303178
vt 0.580126 0.301684
vt 0.587880 0.295944
vt 0.592101 0.287289
vt 0.591905 0.277647
vt 0.587188 0.269227
vt 0.579136 0.263896
vt 0.469684 0.236613
vt 0.467862 0.241279
vt 0.477439 0.247434
vt 0.481124 0.244036
vt 0.482902 0.257457
vt 0.487853 0.255958
vt 0.483127 0.268813
vt 0.488308 0.269697
vt 0.478064 0.278944
vt 0.482302 0.282134
vt 0.468889 0.285528
vt 0.471143 0.290336
vt 0.457722 0.287120
vt 0.457412 0.292417
vt 0.447139 0.283354
vt 0.444247 0.287858
vt 0.439396 0.275202
vt 0.434846 0.277585
vt 0.436392 0.264299
vt 0.431345 0.264161
vt 0.438805 0.253229
vt 0.434484 0.250731
vt 0.446074 0.244547
vt 0.443423 0.240343
vt 0.456562 0.240210
vt 0.456108 0.235233
vt 0.465319 0.248308
vt 0.472322 0.252832
vt 0.476329 0.260166
vt 0.476494 0.268503
vt 0.472778 0.275944
vt 0.466053 0.280781
vt 0.457872 0.281920
vt 0.450063 0.279210
vt 0.444399 0.273188
vt 0.442199 0.265202
vt 0.443975 0.257071
vt 0.449307 0.250713
vt 0.457007 0.247539
vt 0.484614 0.241174
vt 0.471327 0.232065
vt 0.492167 0.255176
vt 0.492346 0.270994
vt 0.485206 0.285032
vt 0.472454 0.294115
vt 0.457063 0.296208
vt 0.442253 0.291336
vt 0.431421 0.279903
vt 0.427099 0.264682
vt 0.430357 0.249142
vt 0.440502 0.236876
vt 0.455258 0.230720
vt 0.555022 0.257822
vt 0.568781 0.252255
vt 0.545416 0.269168
vt 0.542131 0.283720
vt 0.546157 0.298085
vt 0.556336 0.308934
vt 0.570380 0.313796
vt 0.585068 0.311557
vt 0.597003 0.302746
vt 0.603441 0.289443
vt 0.602949 0.274752
vt 0.595864 0.261864
vt 0.583530 0.253726
s 1
usemtl pasted__lambert2
f 1494/818/919 1495/819/920 1496/820/921
f 1497/821/922 1495/819/920 1494/818/919
f 1498/822/923 1495/819/920 1497/821/922
f 1499/823/924 1495/819/920 1498/822/923
f 1500/824/925 1495/819/920 1499/823/924
f 1501/825/926 1495/819/920 1500/824/925
f 1502/826/927 1495/819/920 1501/825/926
f 1503/827/928 1495/819/920 1502/826/927
f 1504/828/929 1495/819/920 1503/827/928
f 1495/819/920 1504/828/929 1505/829/930
f 1506/830/931 1495/819/920 1505/829/930
f 1507/831/932 1495/819/920 1506/830/931
f 1496/820/921 1495/819/920 1507/831/932
f 1508/832/933 1509/833/934 1510/834/935
f 1509/833/934 1511/835/936 1510/834/935
f 1511/835/936 1512/836/937 1510/834/935
f 1512/836/937 1513/837/938 1510/834/935
f 1513/837/938 1514/838/939 1510/834/935
f 1514/838/939 1515/839/940 1510/834/935
f 1515/839/940 1516/840/941 1510/834/935
f 1516/840/941 1517/841/942 1510/834/935
f 1517/841/942 1518/842/943 1510/834/935
f 1518/842/943 1519/843/944 1510/834/935
f 1519/843/944 1520/844/945 1510/834/935
f 1520/844/945 1521/845/946 1510/834/935
f 1521/845/946 1508/832/933 1510/834/935
f 1522/846/947 1523/847/948 1524/848/949
f 1522/846/947 1524/848/949 1525/849/950
f 1525/849/950 1524/848/949 1526/850/951
f 1525/849/950 1526/850/951 1527/851/952
f 1527/851/952 1526/850/951 1528/852/953
f 1527/851/952 1528/852/953 1529/853/954
f 1529/853/954 1528/852/953 1530/854/955
f 1529/853/954 1530/854/955 1531/855/956
f 1531/855/956 1530/854/955 1532/856/957
f 1531/855/956 1532/856/957 1533/857/958
f 1533/857/958 1532/856/957 1534/858/959
f 1533/857/958 1534/858/959 1535/859/960
f 1534/858/959 1536/860/961 1537/861/962
f 1534/858/959 1537/861/962 1535/859/960
f 1537/861/962 1536/860/961 1538/862/963
f 1537/861/962 1538/862/963 1539/863/964
f 1539/863/964 1538/862/963 1540/864/965
f 1539/863/964 1540/864/965 1541/865/966
f 1541/865/966 1540/864/965 1542/866/967
f 1541/865/966 1542/866/967 1543/867/968
f 1543/867/968 1542/866/967 1544/868/969
f 1543/867/968 1544/868/969 1545/869/970
f 1545/869/970 1544/868/969 1546/870/971
f 1545/869/970 1546/870/971 1547/871/972
f 1546/870/971 1523/847/948 1522/846/947
f 1546/870/971 1522/846/947 1547/871/972
f 1548/847/973 1549/872/974 1550/873/975
f 1548/847/973 1550/873/975 1551/848/976
f 1551/848/976 1550/873/975 1552/874/977
f 1551/848/976 1552/874/977 1553/850/978
f 1553/850/978 1552/874/977 1554/875/979
f 1553/850/978 1554/875/979 1555/852/980
f 1555/852/980 1554/875/979 1556/876/981
f 1555/852/980 1556/876/981 1557/854/982
f 1557/854/982 1556/876/981 1558/877/983
f 1557/854/982 1558/877/983 1559/856/984
f 1559/856/984 1558/877/983 1560/878/985
f 1559/856/984 1560/878/985 1561/858/986
f 1560/878/985 1562/879/987 1563/860/988
f 1560/878/985 1563/860/988 1561/858/986
f 1563/860/988 1562/879/987 1564/880/989
f 1563/860/988 1564/880/989 1565/862/990
f 1565/862/990 1564/880/989 1566/881/991
f 1565/862/990 1566/881/991 1567/864/992
f 1568/866/993 1567/864/992 1566/881/991
f 1568/866/993 1566/881/991 1569/882/994
f 1568/866/993 1569/882/994 1570/883/995
f 1568/866/993 1570/883/995 1571/868/996
f 1571/868/996 1570/883/995 1572/884/997
f 1571/868/996 1572/884/997 1573/870/998
f 1572/884/997 1549/872/974 1548/847/973
f 1572/884/997 1548/847/973 1573/870/998
f 1574/885/999 1575/886/1000 1576/846/1001
f 1574/885/999 1576/846/1001 1577/849/1002
f 1578/887/1003 1574/885/999 1577/849/1002
f 1578/887/1003 1577/849/1002 1527/851/952
f 1579/888/1004 1578/887/1003 1527/851/952
f 1579/888/1004 1527/851/952 1529/853/954
f 1580/889/1005 1579/888/1004 1529/853/954
f 1580/889/1005 1529/853/954 1531/855/956
f 1581/890/1006 1580/889/1005 1531/855/956
f 1581/890/1006 1531/855/956 1533/857/958
f 1582/891/1007 1581/890/1006 1533/857/958
f 1582/891/1007 1533/857/958 1535/859/960
f 1583/892/1008 1582/891/1007 1535/859/960
f 1583/892/1008 1535/859/960 1537/861/962
f 1584/893/1009 1583/892/1008 1537/861/962
f 1584/893/1009 1537/861/962 1539/863/964
f 1585/894/1010 1584/893/1009 1539/863/964
f 1585/894/1010 1539/863/964 1541/865/966
f 1585/894/1010 1541/865/966 1543/867/968
f 1585/894/1010 1543/867/968 1586/895/1011
f 1587/896/1012 1586/895/1011 1543/867/968
f 1587/896/1012 1543/867/968 1545/869/970
f 1588/897/1013 1587/896/1012 1545/869/970
f 1588/897/1013 1545/869/970 1589/871/1014
f 1576/846/1001 1575/886/1000 1588/897/1013
f 1576/846/1001 1588/897/1013 1589/871/1014
f 1590/898/1015 1509/833/934 1508/832/933
f 1590/898/1015 1508/832/933 1591/899/1016
f 1592/900/1017 1511/835/936 1509/833/934
f 1592/900/1017 1509/833/934 1590/898/1015
f 1592/900/1017 1593/901/1018 1512/836/937
f 1592/900/1017 1512/836/937 1511/835/936
f 1594/902/1019 1513/837/938 1512/836/937
f 1594/902/1019 1512/836/937 1593/901/1018
f 1595/903/1020 1514/838/939 1513/837/938
f 1595/903/1020 1513/837/938 1594/902/1019
f 1515/839/940 1514/838/939 1595/903/1020
f 1515/839/940 1595/903/1020 1596/904/1021
f 1597/905/1022 1516/840/941 1515/839/940
f 1597/905/1022 1515/839/940 1596/904/1021
f 1598/906/1023 1517/841/942 1516/840/941
f 1598/906/1023 1516/840/941 1597/905/1022
f 1599/907/1024 1518/842/943 1517/841/942
f 1599/907/1024 1517/841/942 1598/906/1023
f 1600/908/1025 1519/843/944 1518/842/943
f 1600/908/1025 1518/842/943 1599/907/1024
f 1601/909/1026 1520/844/945 1519/843/944
f 1601/909/1026 1519/843/944 1600/908/1025
f 1602/910/1027 1521/845/946 1520/844/945
f 1602/910/1027 1520/844/945 1601/909/1026
f 1508/832/933 1521/845/946 1602/910/1027
f 1508/832/933 1602/910/1027 1591/899/1016
o polySurface204_pasted__lambert2_0
v 0.128448 0.097108 0.314891
v 0.135133 0.115825 0.321727
v 0.109349 0.115381 0.329023
v 0.109349 0.090090 0.320159
v 0.128448 0.135236 0.317214
v 0.109349 0.141562 0.323295
v 0.129851 0.143032 0.265041
v 0.089683 0.134371 0.147641
v 0.077398 0.137007 0.147802
v 0.090400 0.159963 0.251435
v 0.084970 0.132242 0.142674
v 0.087367 0.126858 0.140652
v 0.075153 0.126990 0.138484
v 0.075714 0.133932 0.141083
v 0.084970 0.121267 0.142005
v 0.075714 0.119783 0.140221
v 0.077398 0.115916 0.146517
v 0.089683 0.118552 0.146677
v 0.129851 0.095703 0.262158
v 0.087397 0.080547 0.246596
v 0.137923 0.119367 0.263600
v 0.093778 0.126461 0.147159
v 0.135133 0.142896 0.301407
v 0.109349 0.151474 0.301930
v 0.109349 0.141562 0.323295
v 0.135133 0.091423 0.298271
v 0.109349 0.082844 0.297749
v 0.109349 0.090090 0.320159
v 0.143728 0.117159 0.299839
v 0.075714 0.119783 0.140221
v 0.075714 0.133932 0.141083
vn 0.5412 -0.5793 0.6095
vn 0.6592 -0.0457 0.7505
vn 0.3220 -0.0576 0.9450
vn 0.3479 -0.6598 0.6661
vn 0.5412 0.5011 0.6753
vn 0.3479 0.5740 0.7413
vn 0.6673 0.7179 -0.1981
vn 0.6080 0.7422 -0.2818
vn 0.3905 0.8915 -0.2297
vn 0.3911 0.9016 -0.1847
vn 0.3236 0.6099 -0.7234
vn 0.4601 0.0540 -0.8862
vn 0.2007 0.0595 -0.9778
vn 0.2068 0.6180 -0.7585
vn 0.3236 -0.5176 -0.7921
vn 0.2068 -0.5213 -0.8279
vn 0.3713 -0.8683 -0.3289
vn 0.5904 -0.7195 -0.3657
vn 0.6527 -0.7019 -0.2852
vn 0.3723 -0.8819 -0.2893
vn 0.9556 0.0179 -0.2941
vn 0.9292 0.0225 -0.3689
vn 0.6783 0.7302 0.0820
vn 0.3674 0.9261 0.0861
vn 0.6694 -0.7428 -0.0135
vn 0.3572 -0.9332 -0.0386
vn 0.9995 -0.0020 0.0328
vt 0.873981 0.586891
vt 0.889596 0.586493
vt 0.889665 0.569277
vt 0.869362 0.572788
vt 0.905206 0.586983
vt 0.909940 0.572931
vt 0.906817 0.624749
vt 0.895083 0.709672
vt 0.902172 0.714662
vt 0.931906 0.643028
vt 0.893758 0.714413
vt 0.889054 0.713825
vt 0.889019 0.721969
vt 0.894467 0.721152
vt 0.884346 0.714369
vt 0.883579 0.721103
vt 0.875946 0.714525
vt 0.883055 0.709623
vt 0.872143 0.624620
vt 0.845156 0.643424
vt 0.889480 0.623707
vt 0.889076 0.708268
vt 0.906678 0.600207
vt 0.925346 0.600264
vt 0.920184 0.582801
vt 0.872413 0.600114
vt 0.853727 0.600111
vt 0.859032 0.582634
vt 0.889548 0.599925
vt 0.879295 0.719163
vt 0.898776 0.719263
s 1
usemtl pasted__lambert2
f 1603/911/1028 1604/912/1029 1605/913/1030
f 1603/911/1028 1605/913/1030 1606/914/1031
f 1604/912/1029 1607/915/1032 1608/916/1033
f 1604/912/1029 1608/916/1033 1605/913/1030
f 1609/917/1034 1610/918/1035 1611/919/1036
f 1609/917/1034 1611/919/1036 1612/920/1037
f 1613/921/1038 1614/922/1039 1615/923/1040
f 1613/921/1038 1615/923/1040 1616/924/1041
f 1614/922/1039 1617/925/1042 1618/926/1043
f 1614/922/1039 1618/926/1043 1615/923/1040
f 1619/927/1044 1620/928/1045 1621/929/1046
f 1619/927/1044 1621/929/1046 1622/930/1047
f 1623/931/1048 1624/932/1049 1610/918/1035
f 1623/931/1048 1610/918/1035 1609/917/1034
f 1620/928/1045 1624/932/1049 1623/931/1048
f 1620/928/1045 1623/931/1048 1621/929/1046
f 1607/915/1032 1625/933/1050 1626/934/1051
f 1607/915/1032 1626/934/1051 1627/935/1033
f 1625/933/1050 1609/917/1034 1612/920/1037
f 1625/933/1050 1612/920/1037 1626/934/1051
f 1621/929/1046 1628/936/1052 1629/937/1053
f 1621/929/1046 1629/937/1053 1622/930/1047
f 1628/936/1052 1603/911/1028 1630/938/1031
f 1628/936/1052 1630/938/1031 1629/937/1053
f 1609/917/1034 1625/933/1050 1631/939/1054
f 1609/917/1034 1631/939/1054 1623/931/1048
f 1623/931/1048 1631/939/1054 1628/936/1052
f 1623/931/1048 1628/936/1052 1621/929/1046
f 1631/939/1054 1604/912/1029 1603/911/1028
f 1631/939/1054 1603/911/1028 1628/936/1052
f 1625/933/1050 1607/915/1032 1604/912/1029
f 1625/933/1050 1604/912/1029 1631/939/1054
f 1617/925/1042 1620/928/1045 1619/927/1044
f 1617/925/1042 1619/927/1044 1632/940/1043
f 1610/918/1035 1613/921/1038 1633/941/1041
f 1610/918/1035 1633/941/1041 1611/919/1036
f 1617/925/1042 1614/922/1039 1624/932/1049
f 1617/925/1042 1624/932/1049 1620/928/1045
f 1614/922/1039 1613/921/1038 1610/918/1035
f 1614/922/1039 1610/918/1035 1624/932/1049
o polySurface205_pasted__lambert2_0
v -0.092190 0.199113 0.335692
v -0.266573 0.322217 -0.012100
v -0.267581 0.321084 -0.013115
v -0.093198 0.196883 0.335432
vn -0.8354 0.3266 0.4421
vn -0.8357 0.3259 0.4420
vt 0.006345 0.643420
vt 0.006769 0.357505
vt 0.007948 0.357058
vt 0.008177 0.643808
s 1
usemtl pasted__lambert2
f 1634/942/1055 1635/943/1056 1636/944/1056
f 1634/942/1055 1636/944/1056 1637/945/1056
o polySurface206_pasted__lambert2_0
v 0.052378 0.253388 0.382875
v 0.075428 0.240806 0.382108
v 0.074803 0.245431 0.381132
v 0.057557 0.255045 0.381718
v 0.074803 0.246618 0.361650
v 0.057557 0.256232 0.362235
v 0.075428 0.242145 0.360120
v 0.052378 0.254728 0.360887
v 0.075428 0.240806 0.382108
v 0.075428 0.242145 0.360120
v 0.052378 0.254728 0.360887
v 0.052378 0.253388 0.382875
v 0.037816 0.227136 0.392293
v 0.066654 0.214553 0.391526
v 0.075043 0.230402 0.391013
v 0.047043 0.243436 0.391807
v 0.047043 0.245934 0.350812
v 0.075043 0.232900 0.350018
v 0.066654 0.217231 0.347585
v 0.037816 0.229813 0.348352
v 0.037816 0.229813 0.348352
v 0.037816 0.227136 0.392293
v 0.047043 0.243436 0.391807
v 0.047043 0.245934 0.350812
v 0.075043 0.230402 0.391013
v 0.075043 0.232900 0.350018
v 0.066654 0.214553 0.391526
v 0.066654 0.217231 0.347585
vn 0.2771 0.5306 0.8010
vn 0.2744 0.5245 0.8060
vn 0.5689 0.7736 0.2790
vn 0.2874 0.9109 0.2960
vn 0.5689 0.8018 -0.1831
vn 0.2873 0.9401 -0.1832
vn 0.2744 0.6184 -0.7364
vn 0.2771 0.6239 -0.7307
vn 0.9732 -0.2294 -0.0140
vn 0.9732 -0.2295 -0.0140
vn -0.8065 0.5902 0.0360
vn -0.8065 0.5901 0.0360
vn 0.0332 0.0127 0.9994
vn 0.0332 0.0128 0.9994
vn 0.1479 0.2539 0.9559
vn 0.1444 0.2464 0.9584
vn 0.1444 0.3609 -0.9214
vn 0.1479 0.3680 -0.9180
vn 0.0332 0.1340 -0.9904
vn -0.8695 0.4931 0.0300
vn -0.8694 0.4931 0.0300
vn 0.8987 -0.4378 -0.0267
vn 0.8831 -0.4684 -0.0285
vt 0.634585 0.277315
vt 0.634476 0.301018
vt 0.637819 0.298898
vt 0.637819 0.280607
vt 0.654023 0.298898
vt 0.654022 0.280607
vt 0.657365 0.301018
vt 0.657256 0.277315
vt 0.636777 0.302717
vt 0.655064 0.302717
vt 0.655064 0.276111
vt 0.636777 0.276111
vt 0.607130 0.275652
vt 0.608045 0.301763
vt 0.622925 0.302374
vt 0.622647 0.276728
vt 0.669194 0.276728
vt 0.668916 0.302374
vt 0.683796 0.301764
vt 0.684711 0.275652
vt 0.664193 0.251640
vt 0.627647 0.251639
vt 0.628872 0.267145
vt 0.662968 0.267146
vt 0.628873 0.311249
vt 0.662968 0.311249
vt 0.627648 0.326090
vt 0.664193 0.326090
s 1
usemtl pasted__lambert2
f 1638/946/1057 1639/947/1058 1640/948/1059
f 1638/946/1057 1640/948/1059 1641/949/1060
f 1641/949/1060 1640/948/1059 1642/950/1061
f 1641/949/1060 1642/950/1061 1643/951/1062
f 1643/951/1062 1642/950/1061 1644/952/1063
f 1643/951/1062 1644/952/1063 1645/953/1064
f 1646/954/1065 1647/955/1066 1642/950/1061
f 1646/954/1065 1642/950/1061 1640/948/1059
f 1648/956/1067 1649/957/1068 1641/949/1060
f 1648/956/1067 1641/949/1060 1643/951/1062
f 1650/958/1069 1651/959/1070 1652/960/1071
f 1650/958/1069 1652/960/1071 1653/961/1072
f 1654/962/1073 1655/963/1074 1656/964/1075
f 1654/962/1073 1656/964/1075 1657/965/1075
s 0
f 1658/966/1076 1659/967/1076 1660/968/1076
f 1658/966/1076 1660/968/1076 1661/969/1076
s 1
f 1653/961/1072 1652/960/1071 1639/947/1058
f 1653/961/1072 1639/947/1058 1638/946/1057
f 1661/969/1077 1660/968/1077 1649/957/1068
f 1661/969/1077 1649/957/1068 1648/956/1067
f 1645/953/1064 1644/952/1063 1655/963/1074
f 1645/953/1064 1655/963/1074 1654/962/1073
f 1662/970/1078 1663/971/1078 1647/955/1066
f 1662/970/1078 1647/955/1066 1646/954/1065
f 1662/970/1078 1664/972/1079 1665/973/1079
f 1662/970/1078 1665/973/1079 1663/971/1078
o polySurface207_pasted__lambert2_0
v 0.009233 0.057864 0.422437
v 0.029974 0.066222 0.422947
v 0.026861 0.068091 0.465808
v 0.008369 0.060639 0.465354
v -0.013087 0.059315 0.422526
v 0.009233 0.057864 0.422437
v 0.008369 0.060639 0.465354
v -0.011531 0.061934 0.465433
v 0.045028 0.082735 0.423953
v 0.040283 0.082813 0.466705
v -0.028898 0.071719 0.466030
v -0.032565 0.070292 0.423195
v 0.051413 0.104132 0.425256
v 0.045976 0.101890 0.467868
v -0.045343 0.088616 0.424311
v -0.040291 0.088056 0.467025
v 0.047865 0.126174 0.426599
v 0.042813 0.121543 0.469065
v -0.043455 0.107709 0.468222
v -0.048892 0.110659 0.425654
v 0.035086 0.144499 0.427716
v 0.031420 0.137882 0.470061
v -0.042507 0.132056 0.426958
v -0.037762 0.126787 0.469385
v 0.015608 0.155474 0.428384
v 0.014053 0.147666 0.470657
v -0.027453 0.148569 0.427964
v -0.024340 0.141510 0.470282
v -0.006711 0.156927 0.428473
v -0.005847 0.148961 0.470735
v 0.008369 0.060639 0.465354
v 0.026861 0.068091 0.465808
v 0.023671 0.072391 0.467781
v 0.007361 0.065818 0.467381
v -0.011531 0.061934 0.465433
v 0.008369 0.060639 0.465354
v 0.007361 0.065818 0.467381
v -0.010192 0.066961 0.467451
v 0.040283 0.082813 0.466705
v 0.035509 0.085376 0.468573
v -0.025510 0.075591 0.467976
v -0.028898 0.071719 0.466030
v 0.045976 0.101890 0.467868
v 0.040531 0.102202 0.469598
v -0.040291 0.088056 0.467025
v -0.035558 0.090000 0.468854
v 0.042813 0.121543 0.469065
v 0.037740 0.119537 0.470654
v -0.038349 0.107336 0.469910
v -0.043455 0.107709 0.468222
v 0.031420 0.137882 0.470061
v 0.027692 0.133947 0.471532
v -0.037762 0.126787 0.469385
v -0.033327 0.124162 0.470936
v 0.014053 0.147666 0.470657
v 0.012374 0.142577 0.472058
v -0.024340 0.141510 0.470282
v -0.021489 0.137147 0.471727
v -0.005847 0.148961 0.470735
v -0.005178 0.143720 0.472127
v 0.007361 0.065818 0.467381
v 0.023671 0.072391 0.467781
v 0.023671 0.074672 0.430340
v 0.007361 0.068099 0.429939
v -0.010192 0.066961 0.467451
v 0.007361 0.065818 0.467381
v 0.007361 0.068099 0.429939
v -0.010192 0.069242 0.430009
v 0.035509 0.085376 0.468573
v 0.035509 0.087658 0.431131
v -0.025510 0.077873 0.430535
v -0.025510 0.075591 0.467976
v 0.040531 0.102202 0.469598
v 0.040531 0.104484 0.432156
v -0.035558 0.090000 0.468854
v -0.035558 0.092281 0.431413
v 0.037740 0.121818 0.433212
v 0.037740 0.119537 0.470654
v -0.038349 0.109617 0.432469
v -0.038349 0.107336 0.469910
v 0.027692 0.133947 0.471532
v 0.027692 0.136228 0.434090
v -0.033327 0.124162 0.470936
v -0.033327 0.126443 0.433494
v 0.012374 0.142577 0.472058
v 0.012374 0.144858 0.434616
v -0.021489 0.137147 0.471727
v -0.021489 0.139428 0.434285
v -0.005178 0.146001 0.434686
v -0.005178 0.143720 0.472127
vn 0.1573 -0.9853 0.0669
vn 0.5667 -0.8203 0.0769
vn -0.2832 -0.9566 0.0686
vn -0.2832 -0.9566 0.0687
vn 0.8638 -0.4944 0.0968
vn -0.6676 -0.7400 0.0818
vn 0.9898 -0.0721 0.1225
vn -0.9198 -0.3783 0.1038
vn -0.9198 -0.3784 0.1038
vn 0.9198 0.3629 0.1490
vn -0.9898 0.0567 0.1304
vn 0.6676 0.7246 0.1711
vn 0.6676 0.7246 0.1710
vn -0.8638 0.4790 0.1561
vn 0.2832 0.9412 0.1843
vn -0.5667 0.8049 0.1760
vn -0.1573 0.9699 0.1860
vn 0.0493 -0.3556 0.9333
vn 0.1718 -0.3027 0.9375
vn 0.1703 -0.3038 0.9374
vn 0.0469 -0.3560 0.9333
vn -0.0858 -0.3513 0.9323
vn -0.0888 -0.3505 0.9323
vn 0.2596 -0.2042 0.9439
vn 0.2594 -0.2044 0.9439
vn -0.2104 -0.2860 0.9349
vn -0.2078 -0.2882 0.9348
vn 0.2978 -0.0778 0.9514
vn 0.2978 -0.0772 0.9515
vn -0.2910 -0.1763 0.9403
vn -0.2919 -0.1743 0.9404
vn 0.2793 0.0531 0.9587
vn 0.2785 0.0552 0.9589
vn -0.3161 -0.0365 0.9480
vn -0.3162 -0.0375 0.9480
vn 0.2059 0.1655 0.9645
vn 0.2035 0.1678 0.9646
vn -0.2763 0.0982 0.9561
vn -0.2764 0.0979 0.9560
vn 0.0895 0.2368 0.9674
vn 0.0869 0.2377 0.9674
vn -0.1799 0.2014 0.9629
vn -0.1813 0.2005 0.9628
vn -0.0481 0.2506 0.9669
vn -0.0508 0.2502 0.9668
vn -0.1586 0.9855 0.0600
vn -0.5713 0.8192 0.0499
vn 0.2855 0.9566 0.0583
vn -0.8708 0.4907 0.0299
vn 0.6730 0.7382 0.0450
vn -0.9979 0.0649 0.0040
vn 0.9273 0.3737 0.0228
vn -0.9273 -0.3737 -0.0228
vn 0.9979 -0.0649 -0.0040
vn -0.6730 -0.7382 -0.0450
vn 0.8708 -0.4907 -0.0299
vn -0.2855 -0.9566 -0.0583
vn 0.5713 -0.8192 -0.0499
vn 0.1586 -0.9855 -0.0600
vt 0.965263 0.766458
vt 0.973564 0.752119
vt 0.945742 0.737281
vt 0.938389 0.749836
vt 0.984183 0.559240
vt 0.977814 0.543821
vt 0.948716 0.557125
vt 0.954496 0.570371
vt 0.980764 0.737054
vt 0.951658 0.724341
vt 0.958801 0.583978
vt 0.989445 0.575017
vt 0.986701 0.721495
vt 0.956553 0.710987
vt 0.993425 0.591110
vt 0.962275 0.597825
vt 0.991325 0.705582
vt 0.960614 0.697305
vt 0.964783 0.611937
vt 0.996391 0.607343
vt 0.994920 0.689428
vt 0.963648 0.683341
vt 0.998218 0.623741
vt 0.966427 0.626173
vt 0.997395 0.673101
vt 0.965739 0.669180
vt 0.998991 0.640208
vt 0.967173 0.640509
vt 0.998703 0.656682
vt 0.966955 0.654874
vt 0.942143 0.735314
vt 0.935533 0.747040
vt 0.945561 0.559844
vt 0.950741 0.572045
vt 0.947734 0.722698
vt 0.954974 0.585190
vt 0.952616 0.709645
vt 0.958405 0.598719
vt 0.956617 0.696213
vt 0.960919 0.612517
vt 0.959656 0.682507
vt 0.962625 0.626468
vt 0.961774 0.668610
vt 0.963257 0.640533
vt 0.963002 0.654594
vt 0.916997 0.724347
vt 0.911519 0.735740
vt 0.919660 0.568735
vt 0.924138 0.580842
vt 0.921937 0.712888
vt 0.928062 0.592709
vt 0.926208 0.701290
vt 0.931212 0.604655
vt 0.929721 0.689507
vt 0.933533 0.616712
vt 0.932428 0.677545
vt 0.935021 0.628866
vt 0.934323 0.665445
vt 0.935634 0.641052
vt 0.935399 0.653266
s 1
usemtl pasted__lambert2
f 1666/974/1080 1667/975/1081 1668/976/1081
f 1666/974/1080 1668/976/1081 1669/977/1080
f 1670/978/1082 1671/979/1080 1672/980/1080
f 1670/978/1082 1672/980/1080 1673/981/1083
f 1667/975/1081 1674/982/1084 1675/983/1084
f 1667/975/1081 1675/983/1084 1668/976/1081
f 1676/984/1085 1677/985/1085 1670/978/1082
f 1676/984/1085 1670/978/1082 1673/981/1083
f 1674/982/1084 1678/986/1086 1679/987/1086
f 1674/982/1084 1679/987/1086 1675/983/1084
f 1680/988/1087 1677/985/1085 1676/984/1085
f 1680/988/1087 1676/984/1085 1681/989/1088
f 1679/987/1086 1678/986/1086 1682/990/1089
f 1679/987/1086 1682/990/1089 1683/991/1089
f 1684/992/1090 1685/993/1090 1680/988/1087
f 1684/992/1090 1680/988/1087 1681/989/1088
f 1682/990/1089 1686/994/1091 1687/995/1092
f 1682/990/1089 1687/995/1092 1683/991/1089
f 1688/996/1093 1685/993/1090 1684/992/1090
f 1688/996/1093 1684/992/1090 1689/997/1093
f 1686/994/1091 1690/998/1094 1691/999/1094
f 1686/994/1091 1691/999/1094 1687/995/1092
f 1692/1000/1095 1688/996/1093 1689/997/1093
f 1692/1000/1095 1689/997/1093 1693/1001/1095
f 1691/999/1094 1690/998/1094 1694/1002/1096
f 1691/999/1094 1694/1002/1096 1695/1003/1096
f 1694/1002/1096 1692/1000/1095 1693/1001/1095
f 1694/1002/1096 1693/1001/1095 1695/1003/1096
f 1696/977/1097 1697/976/1098 1698/1004/1099
f 1696/977/1097 1698/1004/1099 1699/1005/1100
f 1700/981/1101 1701/980/1097 1702/1006/1100
f 1700/981/1101 1702/1006/1100 1703/1007/1102
f 1697/976/1098 1704/983/1103 1705/1008/1104
f 1697/976/1098 1705/1008/1104 1698/1004/1099
f 1706/1009/1105 1707/984/1106 1700/981/1101
f 1706/1009/1105 1700/981/1101 1703/1007/1102
f 1704/983/1103 1708/987/1107 1709/1010/1108
f 1704/983/1103 1709/1010/1108 1705/1008/1104
f 1710/989/1109 1707/984/1106 1706/1009/1105
f 1710/989/1109 1706/1009/1105 1711/1011/1110
f 1709/1010/1108 1708/987/1107 1712/991/1111
f 1709/1010/1108 1712/991/1111 1713/1012/1112
f 1714/1013/1113 1715/992/1114 1710/989/1109
f 1714/1013/1113 1710/989/1109 1711/1011/1110
f 1712/991/1111 1716/995/1115 1717/1014/1116
f 1712/991/1111 1717/1014/1116 1713/1012/1112
f 1718/997/1117 1715/992/1114 1714/1013/1113
f 1718/997/1117 1714/1013/1113 1719/1015/1118
f 1716/995/1115 1720/999/1119 1721/1016/1120
f 1716/995/1115 1721/1016/1120 1717/1014/1116
f 1722/1001/1121 1718/997/1117 1719/1015/1118
f 1722/1001/1121 1719/1015/1118 1723/1017/1122
f 1721/1016/1120 1720/999/1119 1724/1003/1123
f 1721/1016/1120 1724/1003/1123 1725/1018/1124
f 1724/1003/1123 1722/1001/1121 1723/1017/1122
f 1724/1003/1123 1723/1017/1122 1725/1018/1124
f 1726/1005/1125 1727/1004/1126 1728/1019/1126
f 1726/1005/1125 1728/1019/1126 1729/1020/1125
f 1730/1007/1127 1731/1006/1125 1732/1021/1125
f 1730/1007/1127 1732/1021/1125 1733/1022/1127
f 1727/1004/1126 1734/1008/1128 1735/1023/1128
f 1727/1004/1126 1735/1023/1128 1728/1019/1126
f 1733/1022/1127 1736/1024/1129 1737/1009/1129
f 1733/1022/1127 1737/1009/1129 1730/1007/1127
f 1734/1008/1128 1738/1010/1130 1739/1025/1130
f 1734/1008/1128 1739/1025/1130 1735/1023/1128
f 1740/1011/1131 1737/1009/1129 1736/1024/1129
f 1740/1011/1131 1736/1024/1129 1741/1026/1131
f 1742/1027/1132 1739/1025/1130 1738/1010/1130
f 1742/1027/1132 1738/1010/1130 1743/1012/1132
f 1741/1026/1131 1744/1028/1133 1745/1013/1133
f 1741/1026/1131 1745/1013/1133 1740/1011/1131
f 1743/1012/1132 1746/1014/1134 1747/1029/1134
f 1743/1012/1132 1747/1029/1134 1742/1027/1132
f 1748/1015/1135 1745/1013/1133 1744/1028/1133
f 1748/1015/1135 1744/1028/1133 1749/1030/1135
f 1746/1014/1134 1750/1016/1136 1751/1031/1136
f 1746/1014/1134 1751/1031/1136 1747/1029/1134
f 1752/1017/1137 1748/1015/1135 1749/1030/1135
f 1752/1017/1137 1749/1030/1135 1753/1032/1137
f 1754/1033/1138 1751/1031/1136 1750/1016/1136
f 1754/1033/1138 1750/1016/1136 1755/1018/1138
f 1755/1018/1138 1752/1017/1137 1753/1032/1137
f 1755/1018/1138 1753/1032/1137 1754/1033/1138
o polySurface208_pasted__lambert2_0
v -0.128435 0.097108 0.314891
v -0.109336 0.090090 0.320159
v -0.109336 0.115381 0.329023
v -0.135120 0.115825 0.321727
v -0.109336 0.141562 0.323295
v -0.128435 0.135236 0.317214
v -0.129838 0.143032 0.265041
v -0.090387 0.159963 0.251435
v -0.077385 0.137007 0.147802
v -0.089670 0.134371 0.147641
v -0.084957 0.132242 0.142674
v -0.075701 0.133932 0.141083
v -0.075140 0.126990 0.138484
v -0.087355 0.126858 0.140652
v -0.075701 0.119783 0.140221
v -0.084957 0.121267 0.142005
v -0.077385 0.115916 0.146517
v -0.087385 0.080547 0.246596
v -0.129838 0.095703 0.262158
v -0.089670 0.118552 0.146677
v -0.137910 0.119367 0.263600
v -0.093765 0.126461 0.147159
v -0.109336 0.141562 0.323295
v -0.109336 0.151474 0.301930
v -0.135120 0.142896 0.301407
v -0.109336 0.082844 0.297749
v -0.135120 0.091423 0.298271
v -0.109336 0.090090 0.320159
v -0.143715 0.117159 0.299839
v -0.075701 0.119783 0.140221
v -0.075701 0.133932 0.141083
vn -0.5412 -0.5793 0.6095
vn -0.3479 -0.6598 0.6661
vn -0.3220 -0.0576 0.9450
vn -0.6592 -0.0457 0.7506
vn -0.3479 0.5740 0.7413
vn -0.5412 0.5011 0.6753
vn -0.6673 0.7179 -0.1981
vn -0.3911 0.9016 -0.1847
vn -0.3905 0.8915 -0.2297
vn -0.6080 0.7422 -0.2818
vn -0.3236 0.6099 -0.7234
vn -0.2068 0.6180 -0.7585
vn -0.2007 0.0596 -0.9778
vn -0.4601 0.0540 -0.8862
vn -0.2068 -0.5213 -0.8279
vn -0.3236 -0.5176 -0.7921
vn -0.3713 -0.8683 -0.3289
vn -0.3723 -0.8819 -0.2893
vn -0.6527 -0.7019 -0.2852
vn -0.5904 -0.7195 -0.3657
vn -0.9556 0.0179 -0.2941
vn -0.9292 0.0225 -0.3689
vn -0.3674 0.9261 0.0861
vn -0.6782 0.7302 0.0820
vn -0.3572 -0.9332 -0.0386
vn -0.6694 -0.7428 -0.0135
vn -0.9995 -0.0020 0.0328
vt 0.873981 0.586891
vt 0.869362 0.572788
vt 0.889665 0.569277
vt 0.889596 0.586493
vt 0.909940 0.572931
vt 0.905206 0.586983
vt 0.906817 0.624749
vt 0.931906 0.643028
vt 0.902172 0.714662
vt 0.895083 0.709672
vt 0.893758 0.714413
vt 0.894467 0.721152
vt 0.889019 0.721969
vt 0.889054 0.713825
vt 0.883579 0.721103
vt 0.884346 0.714369
vt 0.875946 0.714525
vt 0.845156 0.643424
vt 0.872143 0.624620
vt 0.883055 0.709623
vt 0.889480 0.623707
vt 0.889076 0.708268
vt 0.920184 0.582801
vt 0.925346 0.600264
vt 0.906678 0.600207
vt 0.853727 0.600111
vt 0.872413 0.600114
vt 0.859032 0.582634
vt 0.889548 0.599925
vt 0.879295 0.719163
vt 0.898776 0.719263
s 1
usemtl pasted__lambert2
f 1756/1034/1139 1757/1035/1140 1758/1036/1141
f 1756/1034/1139 1758/1036/1141 1759/1037/1142
f 1759/1037/1142 1758/1036/1141 1760/1038/1143
f 1759/1037/1142 1760/1038/1143 1761/1039/1144
f 1762/1040/1145 1763/1041/1146 1764/1042/1147
f 1762/1040/1145 1764/1042/1147 1765/1043/1148
f 1766/1044/1149 1767/1045/1150 1768/1046/1151
f 1766/1044/1149 1768/1046/1151 1769/1047/1152
f 1769/1047/1152 1768/1046/1151 1770/1048/1153
f 1769/1047/1152 1770/1048/1153 1771/1049/1154
f 1772/1050/1155 1773/1051/1156 1774/1052/1157
f 1772/1050/1155 1774/1052/1157 1775/1053/1158
f 1776/1054/1159 1762/1040/1145 1765/1043/1148
f 1776/1054/1159 1765/1043/1148 1777/1055/1160
f 1775/1053/1158 1774/1052/1157 1776/1054/1159
f 1775/1053/1158 1776/1054/1159 1777/1055/1160
f 1761/1039/1144 1778/1056/1143 1779/1057/1161
f 1761/1039/1144 1779/1057/1161 1780/1058/1162
f 1780/1058/1162 1779/1057/1161 1763/1041/1146
f 1780/1058/1162 1763/1041/1146 1762/1040/1145
f 1774/1052/1157 1773/1051/1156 1781/1059/1163
f 1774/1052/1157 1781/1059/1163 1782/1060/1164
f 1782/1060/1164 1781/1059/1163 1783/1061/1140
f 1782/1060/1164 1783/1061/1140 1756/1034/1139
f 1762/1040/1145 1776/1054/1159 1784/1062/1165
f 1762/1040/1145 1784/1062/1165 1780/1058/1162
f 1776/1054/1159 1774/1052/1157 1782/1060/1164
f 1776/1054/1159 1782/1060/1164 1784/1062/1165
f 1784/1062/1165 1782/1060/1164 1756/1034/1139
f 1784/1062/1165 1756/1034/1139 1759/1037/1142
f 1780/1058/1162 1784/1062/1165 1759/1037/1142
f 1780/1058/1162 1759/1037/1142 1761/1039/1144
f 1771/1049/1154 1785/1063/1153 1772/1050/1155
f 1771/1049/1154 1772/1050/1155 1775/1053/1158
f 1765/1043/1148 1764/1042/1147 1786/1064/1150
f 1765/1043/1148 1786/1064/1150 1766/1044/1149
f 1771/1049/1154 1775/1053/1158 1777/1055/1160
f 1771/1049/1154 1777/1055/1160 1769/1047/1152
f 1769/1047/1152 1777/1055/1160 1765/1043/1148
f 1769/1047/1152 1765/1043/1148 1766/1044/1149
o polySurface209_pasted__lambert2_0
v 0.035201 0.252463 0.345481
v 0.045742 0.265097 0.349153
v 0.051273 0.256466 0.348627
v 0.036185 0.268835 0.349381
v 0.026253 0.266251 0.349223
v 0.019738 0.258335 0.348741
v 0.019130 0.248107 0.348118
v 0.024661 0.239476 0.347592
v 0.034218 0.235738 0.347364
v 0.044150 0.238322 0.347522
v 0.050665 0.246239 0.348004
v 0.051146 0.250698 0.475832
v 0.044477 0.258877 0.476331
v 0.035201 0.244512 0.475985
v 0.034265 0.261582 0.476496
v 0.024411 0.257779 0.476264
v 0.018678 0.248921 0.475724
v 0.019256 0.238391 0.475083
v 0.025926 0.230211 0.474584
v 0.036138 0.227505 0.474419
v 0.045992 0.231309 0.474651
v 0.051725 0.240167 0.475191
v 0.051146 0.252149 0.452018
v 0.044477 0.260328 0.452517
v 0.044477 0.258877 0.476331
v 0.051146 0.250698 0.475832
v 0.034265 0.263033 0.452681
v 0.034265 0.261582 0.476496
v 0.024411 0.259230 0.452450
v 0.024411 0.257779 0.476264
v 0.018678 0.250372 0.451910
v 0.018678 0.248921 0.475724
v 0.019256 0.239842 0.451268
v 0.019256 0.238391 0.475083
v 0.025926 0.231662 0.450770
v 0.025926 0.230211 0.474584
v 0.036138 0.228956 0.450605
v 0.036138 0.227505 0.474419
v 0.036138 0.228956 0.450605
v 0.045992 0.232760 0.450837
v 0.045992 0.231309 0.474651
v 0.036138 0.227505 0.474419
v 0.051725 0.241618 0.451377
v 0.051725 0.240167 0.475191
v 0.048367 0.251125 0.451134
v 0.042861 0.257880 0.451545
v 0.044477 0.260328 0.452517
v 0.051146 0.252149 0.452018
v 0.034429 0.260113 0.451681
v 0.034265 0.263033 0.452681
v 0.026292 0.256974 0.451490
v 0.024411 0.259230 0.452450
v 0.021559 0.249659 0.451044
v 0.018678 0.250372 0.451910
v 0.019256 0.239842 0.451268
v 0.022036 0.240964 0.450515
v 0.027542 0.234211 0.450103
v 0.025926 0.231662 0.450770
v 0.035974 0.231978 0.449967
v 0.036138 0.228956 0.450605
v 0.035974 0.231978 0.449967
v 0.044110 0.235117 0.450159
v 0.045992 0.232760 0.450837
v 0.036138 0.228956 0.450605
v 0.048844 0.242431 0.450604
v 0.051725 0.241618 0.451377
v 0.048904 0.255180 0.356542
v 0.044298 0.262574 0.356993
v 0.042861 0.257880 0.451545
v 0.048367 0.251125 0.451134
v 0.036217 0.265854 0.357192
v 0.034429 0.260113 0.451681
v 0.027748 0.263766 0.357065
v 0.026292 0.256974 0.451490
v 0.022126 0.257107 0.356660
v 0.021559 0.249659 0.451044
v 0.022036 0.240964 0.450515
v 0.021498 0.248423 0.356130
v 0.026105 0.241029 0.355680
v 0.027542 0.234211 0.450103
v 0.034186 0.237750 0.355480
v 0.035974 0.231978 0.449967
v 0.034186 0.237750 0.355480
v 0.042655 0.239837 0.355607
v 0.044110 0.235117 0.450159
v 0.035974 0.231978 0.449967
v 0.048277 0.246496 0.356013
v 0.048844 0.242431 0.450604
v 0.051273 0.256466 0.348627
v 0.045742 0.265097 0.349153
v 0.045622 0.264709 0.357123
v 0.051233 0.256131 0.356600
v 0.036185 0.268835 0.349381
v 0.036031 0.268359 0.357345
v 0.026253 0.266251 0.349223
v 0.026123 0.265683 0.357182
v 0.019738 0.258335 0.348741
v 0.019682 0.257705 0.356696
v 0.019130 0.248107 0.348118
v 0.019170 0.247472 0.356072
v 0.024661 0.239476 0.347592
v 0.024781 0.238894 0.355550
v 0.034218 0.235738 0.347364
v 0.034372 0.235244 0.355327
v 0.034218 0.235738 0.347364
v 0.044150 0.238322 0.347522
v 0.044280 0.237920 0.355491
v 0.034372 0.235244 0.355327
v 0.050665 0.246239 0.348004
v 0.050721 0.245898 0.355977
v 0.044298 0.262574 0.356993
v 0.048904 0.255180 0.356542
v 0.051233 0.256131 0.356600
v 0.045622 0.264709 0.357123
v 0.036217 0.265854 0.357192
v 0.036031 0.268359 0.357345
v 0.027748 0.263766 0.357065
v 0.026123 0.265683 0.357182
v 0.022126 0.257107 0.356660
v 0.019682 0.257705 0.356696
v 0.021498 0.248423 0.356130
v 0.019170 0.247472 0.356072
v 0.026105 0.241029 0.355680
v 0.024781 0.238894 0.355550
v 0.034186 0.237750 0.355480
v 0.034372 0.235244 0.355327
v 0.042655 0.239837 0.355607
v 0.034186 0.237750 0.355480
v 0.034372 0.235244 0.355327
v 0.044280 0.237920 0.355491
v 0.048277 0.246496 0.356013
v 0.050721 0.245898 0.355977
vn -0.0000 0.0608 -0.9981
vn 0.3189 0.4474 -0.8355
vn 0.4741 0.2353 -0.8485
vn 0.0783 0.5537 -0.8291
vn -0.1833 0.5256 -0.8307
vn -0.3958 0.3707 -0.8402
vn -0.4741 -0.1306 -0.8708
vn -0.3189 -0.3427 -0.8837
vn -0.0783 -0.4489 -0.8901
vn 0.1833 -0.4208 -0.8884
vn 0.3958 -0.2660 -0.8790
vn -0.0000 -0.0608 0.9981
vn -0.0000 -0.0608 0.9982
vn 0.9327 0.3600 0.0219
vn 0.6274 0.7772 0.0474
vn 0.1541 0.9862 0.0602
vn 0.1541 0.9862 0.0601
vn -0.3606 0.9310 0.0567
vn -0.7787 0.6263 0.0381
vn -0.7787 0.6263 0.0382
vn -0.9327 -0.3600 -0.0219
vn -0.6275 -0.7772 -0.0473
vn -0.6275 -0.7772 -0.0474
vn -0.1541 -0.9862 -0.0601
vn -0.1540 -0.9862 -0.0601
vn 0.3607 -0.9310 -0.0567
vn 0.7786 -0.6263 -0.0380
vn 0.7786 -0.6263 -0.0382
vn 0.1273 0.1093 -0.9858
vn 0.0856 0.1663 -0.9824
vn 0.1272 0.1094 -0.9858
vn 0.0210 0.1949 -0.9806
vn 0.0210 0.1948 -0.9806
vn -0.0492 0.1873 -0.9811
vn -0.1063 0.1457 -0.9836
vn -0.1273 0.0111 -0.9918
vn -0.0856 -0.0458 -0.9953
vn -0.0210 -0.0743 -0.9970
vn 0.0492 -0.0668 -0.9966
vn 0.1062 -0.0252 -0.9940
vn 0.9327 0.3599 0.0219
vn 0.6274 0.7772 0.0473
vn 0.6275 0.7772 0.0474
vn 0.1540 0.9862 0.0601
vn -0.7786 0.6263 0.0382
vn -0.9327 -0.3599 -0.0219
vn -0.6274 -0.7773 -0.0474
vn 0.3606 -0.9310 -0.0567
vn 0.7787 -0.6263 -0.0382
vn 0.9327 0.3600 0.0220
vn -0.3606 0.9312 0.0538
vn -0.7786 0.6263 0.0383
vn -0.7786 0.6263 0.0381
vn 0.3607 -0.9308 -0.0597
vn 0.7787 -0.6263 -0.0381
vt 0.535381 0.909127
vt 0.521728 0.904694
vt 0.521729 0.913566
vt 0.526941 0.897515
vt 0.535378 0.894772
vt 0.543816 0.897512
vt 0.549033 0.904688
vt 0.549034 0.913560
vt 0.543821 0.920739
vt 0.535384 0.923482
vt 0.526945 0.920743
vt 0.764830 0.491389
vt 0.758868 0.495721
vt 0.768516 0.502730
vt 0.756590 0.502731
vt 0.758868 0.509740
vt 0.764831 0.514072
vt 0.772201 0.514071
vt 0.778163 0.509739
vt 0.780441 0.502730
vt 0.778163 0.495720
vt 0.772200 0.491388
vt 0.601550 0.510407
vt 0.601335 0.502771
vt 0.581315 0.503604
vt 0.581564 0.511880
vt 0.601222 0.495129
vt 0.581197 0.495381
vt 0.601191 0.487479
vt 0.581202 0.487152
vt 0.601235 0.479814
vt 0.581357 0.478855
vt 0.601492 0.472134
vt 0.581608 0.470410
vt 0.601860 0.464305
vt 0.582316 0.461827
vt 0.602979 0.455934
vt 0.583195 0.453212
vt 0.603671 0.533951
vt 0.602361 0.525828
vt 0.582920 0.528856
vt 0.584098 0.537601
vt 0.601788 0.518058
vt 0.582152 0.520294
vt 0.604007 0.510158
vt 0.603818 0.502600
vt 0.603709 0.495026
vt 0.603680 0.487449
vt 0.603742 0.479882
vt 0.603950 0.472341
vt 0.604303 0.464849
vt 0.605111 0.457484
vt 0.605569 0.532388
vt 0.604700 0.525130
vt 0.604257 0.517680
vt 0.685678 0.511326
vt 0.685796 0.503882
vt 0.685851 0.496434
vt 0.685861 0.488988
vt 0.685812 0.481554
vt 0.685650 0.474145
vt 0.685259 0.466790
vt 0.684379 0.459577
vt 0.684067 0.533446
vt 0.685013 0.526144
vt 0.685449 0.518752
vt 0.694342 0.511674
vt 0.694439 0.504009
vt 0.687766 0.503682
vt 0.687660 0.511178
vt 0.694482 0.496421
vt 0.687817 0.496198
vt 0.694496 0.488835
vt 0.687831 0.488717
vt 0.694462 0.481177
vt 0.687792 0.481227
vt 0.694301 0.473343
vt 0.687639 0.473712
vt 0.693790 0.465224
vt 0.687215 0.466120
vt 0.692447 0.456840
vt 0.685941 0.458189
vt 0.692081 0.535811
vt 0.693426 0.527591
vt 0.686964 0.526291
vt 0.685754 0.534314
vt 0.694094 0.519504
vt 0.687439 0.518699
s 1
usemtl pasted__lambert2
f 1787/1065/1166 1788/1066/1167 1789/1067/1168
f 1787/1065/1166 1790/1068/1169 1788/1066/1167
f 1787/1065/1166 1791/1069/1170 1790/1068/1169
f 1787/1065/1166 1792/1070/1171 1791/1069/1170
f 1787/1065/1166 1793/1071/1172 1792/1070/1171
f 1787/1065/1166 1794/1072/1173 1793/1071/1172
f 1787/1065/1166 1795/1073/1174 1794/1072/1173
f 1787/1065/1166 1796/1074/1175 1795/1073/1174
f 1787/1065/1166 1797/1075/1176 1796/1074/1175
f 1787/1065/1166 1789/1067/1168 1797/1075/1176
f 1798/1076/1177 1799/1077/1177 1800/1078/1177
f 1799/1077/1177 1801/1079/1177 1800/1078/1177
f 1801/1079/1177 1802/1080/1177 1800/1078/1177
f 1802/1080/1177 1803/1081/1177 1800/1078/1177
f 1800/1078/1177 1803/1081/1177 1804/1082/1177
f 1804/1082/1177 1805/1083/1178 1800/1078/1177
f 1805/1083/1178 1806/1084/1178 1800/1078/1177
f 1806/1084/1178 1807/1085/1177 1800/1078/1177
f 1807/1085/1177 1808/1086/1177 1800/1078/1177
f 1800/1078/1177 1808/1086/1177 1798/1076/1177
f 1809/1087/1179 1810/1088/1180 1811/1089/1180
f 1809/1087/1179 1811/1089/1180 1812/1090/1179
f 1810/1088/1180 1813/1091/1181 1814/1092/1182
f 1810/1088/1180 1814/1092/1182 1811/1089/1180
f 1813/1091/1181 1815/1093/1183 1816/1094/1183
f 1813/1091/1181 1816/1094/1183 1814/1092/1182
f 1815/1093/1183 1817/1095/1184 1818/1096/1185
f 1815/1093/1183 1818/1096/1185 1816/1094/1183
f 1818/1096/1185 1817/1095/1184 1819/1097/1186
f 1818/1096/1185 1819/1097/1186 1820/1098/1186
f 1819/1097/1186 1821/1099/1187 1822/1100/1188
f 1819/1097/1186 1822/1100/1188 1820/1098/1186
f 1821/1099/1187 1823/1101/1189 1824/1102/1189
f 1821/1099/1187 1824/1102/1189 1822/1100/1188
f 1825/1103/1190 1826/1104/1191 1827/1105/1191
f 1825/1103/1190 1827/1105/1191 1828/1106/1190
f 1826/1104/1191 1829/1107/1192 1830/1108/1193
f 1826/1104/1191 1830/1108/1193 1827/1105/1191
f 1830/1108/1193 1829/1107/1192 1809/1087/1179
f 1830/1108/1193 1809/1087/1179 1812/1090/1179
f 1831/1109/1194 1832/1110/1195 1833/1088/1195
f 1831/1109/1194 1833/1088/1195 1834/1087/1196
f 1832/1110/1195 1835/1111/1197 1836/1091/1198
f 1832/1110/1195 1836/1091/1198 1833/1088/1195
f 1835/1111/1197 1837/1112/1199 1838/1093/1199
f 1835/1111/1197 1838/1093/1199 1836/1091/1198
f 1837/1112/1199 1839/1113/1200 1840/1095/1200
f 1837/1112/1199 1840/1095/1200 1838/1093/1199
f 1841/1097/1201 1840/1095/1200 1839/1113/1200
f 1841/1097/1201 1839/1113/1200 1842/1114/1201
f 1842/1114/1201 1843/1115/1202 1844/1099/1202
f 1842/1114/1201 1844/1099/1202 1841/1097/1201
f 1843/1115/1202 1845/1116/1203 1846/1101/1203
f 1843/1115/1202 1846/1101/1203 1844/1099/1202
f 1847/1117/1203 1848/1118/1204 1849/1104/1204
f 1847/1117/1203 1849/1104/1204 1850/1103/1203
f 1848/1118/1204 1851/1119/1205 1852/1107/1205
f 1848/1118/1204 1852/1107/1205 1849/1104/1204
f 1834/1087/1196 1852/1107/1205 1851/1119/1205
f 1834/1087/1196 1851/1119/1205 1831/1109/1194
f 1853/1120/1206 1854/1121/1207 1855/1110/1208
f 1853/1120/1206 1855/1110/1208 1856/1109/1206
f 1854/1121/1207 1857/1122/1209 1858/1111/1182
f 1854/1121/1207 1858/1111/1182 1855/1110/1208
f 1857/1122/1209 1859/1123/1183 1860/1112/1183
f 1857/1122/1209 1860/1112/1183 1858/1111/1182
f 1859/1123/1183 1861/1124/1185 1862/1113/1210
f 1859/1123/1183 1862/1113/1210 1860/1112/1183
f 1863/1114/1211 1862/1113/1210 1861/1124/1185
f 1863/1114/1211 1861/1124/1185 1864/1125/1211
f 1864/1125/1211 1865/1126/1212 1866/1115/1212
f 1864/1125/1211 1866/1115/1212 1863/1114/1211
f 1865/1126/1212 1867/1127/1189 1868/1116/1189
f 1865/1126/1212 1868/1116/1189 1866/1115/1212
f 1869/1128/1189 1870/1129/1213 1871/1118/1213
f 1869/1128/1189 1871/1118/1213 1872/1117/1189
f 1870/1129/1213 1873/1130/1214 1874/1119/1193
f 1870/1129/1213 1874/1119/1193 1871/1118/1213
f 1856/1109/1206 1874/1119/1193 1873/1130/1214
f 1856/1109/1206 1873/1130/1214 1853/1120/1206
f 1875/1131/1215 1876/1132/1180 1877/1133/1207
f 1875/1131/1215 1877/1133/1207 1878/1134/1179
f 1876/1132/1180 1879/1135/1209 1880/1136/1209
f 1876/1132/1180 1880/1136/1209 1877/1133/1207
f 1879/1135/1209 1881/1137/1183 1882/1138/1216
f 1879/1135/1209 1882/1138/1216 1880/1136/1209
f 1881/1137/1183 1883/1139/1217 1884/1140/1218
f 1881/1137/1183 1884/1140/1218 1882/1138/1216
f 1884/1140/1218 1883/1139/1217 1885/1141/1211
f 1884/1140/1218 1885/1141/1211 1886/1142/1211
f 1885/1141/1211 1887/1143/1187 1888/1144/1188
f 1885/1141/1211 1888/1144/1188 1886/1142/1211
f 1887/1143/1187 1889/1145/1189 1890/1146/1189
f 1887/1143/1187 1890/1146/1189 1888/1144/1188
f 1891/1147/1189 1892/1148/1213 1893/1149/1219
f 1891/1147/1189 1893/1149/1219 1894/1150/1189
f 1892/1148/1213 1895/1151/1220 1896/1152/1220
f 1892/1148/1213 1896/1152/1220 1893/1149/1219
f 1896/1152/1220 1895/1151/1220 1875/1131/1215
f 1896/1152/1220 1875/1131/1215 1878/1134/1179
s 0
f 1897/1121/1177 1898/1120/1177 1899/1134/1177
f 1897/1121/1178 1899/1134/1178 1900/1133/1178
f 1901/1122/1177 1897/1121/1177 1900/1133/1177
f 1901/1122/1177 1900/1133/1177 1902/1136/1177
f 1903/1123/1177 1901/1122/1177 1902/1136/1177
f 1903/1123/1177 1902/1136/1177 1904/1138/1177
f 1905/1124/1177 1903/1123/1177 1904/1138/1177
f 1905/1124/1177 1904/1138/1177 1906/1140/1177
f 1907/1125/1177 1905/1124/1177 1906/1140/1177
f 1907/1125/1177 1906/1140/1177 1908/1142/1177
f 1909/1126/1177 1907/1125/1177 1908/1142/1177
f 1909/1126/1177 1908/1142/1177 1910/1144/1177
f 1911/1127/1177 1909/1126/1177 1910/1144/1177
f 1911/1127/1177 1910/1144/1177 1912/1146/1177
f 1913/1129/1177 1914/1128/1177 1915/1150/1177
f 1913/1129/1177 1915/1150/1177 1916/1149/1177
f 1917/1130/1177 1913/1129/1177 1916/1149/1177
f 1917/1130/1177 1916/1149/1177 1918/1152/1177
f 1898/1120/1177 1917/1130/1177 1918/1152/1177
f 1898/1120/1177 1918/1152/1177 1899/1134/1177
o polySurface210_pasted__lambert2_0
v 0.003323 0.125346 0.506818
v 0.017158 0.116884 0.506303
v 0.017158 0.120334 0.449675
v 0.003323 0.128796 0.450191
v -0.012455 0.121566 0.506588
v -0.012455 0.125016 0.449960
v -0.020933 0.107756 0.505746
v -0.020933 0.111206 0.449119
v -0.017145 0.095457 0.448160
v -0.017145 0.092007 0.504787
v -0.003310 0.083544 0.504271
v -0.003310 0.086994 0.447644
v 0.012468 0.087326 0.504502
v -0.003310 0.083544 0.504271
v -0.003310 0.086994 0.447644
v 0.012468 0.090776 0.447874
v 0.020946 0.101136 0.505343
v 0.020946 0.104586 0.448716
vn 0.1564 0.9859 0.0601
vn 0.8090 0.5867 0.0357
vn -0.5878 0.8075 0.0492
vn -0.9877 0.1561 0.0095
vn -0.8090 -0.5867 -0.0357
vn -0.1564 -0.9859 -0.0601
vn -0.1564 -0.9859 -0.0600
vn 0.5878 -0.8075 -0.0492
vn 0.9877 -0.1561 -0.0095
vt 0.803211 0.567706
vt 0.803211 0.579020
vt 0.842773 0.579020
vt 0.842773 0.567706
vt 0.803211 0.556390
vt 0.842773 0.556390
vt 0.803211 0.545075
vt 0.842772 0.545075
vt 0.842772 0.533760
vt 0.803211 0.533760
vt 0.803211 0.522445
vt 0.842772 0.522445
vt 0.803211 0.601651
vt 0.803211 0.612966
vt 0.842773 0.612966
vt 0.842773 0.601651
vt 0.803211 0.590335
vt 0.842773 0.590335
s 1
usemtl pasted__lambert2
f 1919/1153/1221 1920/1154/1222 1921/1155/1222
f 1919/1153/1221 1921/1155/1222 1922/1156/1221
f 1923/1157/1223 1919/1153/1221 1922/1156/1221
f 1923/1157/1223 1922/1156/1221 1924/1158/1223
f 1925/1159/1224 1923/1157/1223 1924/1158/1223
f 1925/1159/1224 1924/1158/1223 1926/1160/1224
f 1926/1160/1224 1927/1161/1225 1928/1162/1225
f 1926/1160/1224 1928/1162/1225 1925/1159/1224
f 1929/1163/1226 1928/1162/1225 1927/1161/1225
f 1929/1163/1226 1927/1161/1225 1930/1164/1227
f 1931/1165/1228 1932/1166/1226 1933/1167/1227
f 1931/1165/1228 1933/1167/1227 1934/1168/1228
f 1935/1169/1229 1931/1165/1228 1934/1168/1228
f 1935/1169/1229 1934/1168/1228 1936/1170/1229
f 1936/1170/1229 1921/1155/1222 1920/1154/1222
f 1936/1170/1229 1920/1154/1222 1935/1169/1229
o polySurface211_pasted__lambert2_0
v -0.028201 0.226329 0.240358
v -0.042195 0.227508 0.240212
v -0.022474 0.262163 0.230227
v -0.018030 0.258659 0.230080
v -0.012757 0.265818 0.229222
v 0.012770 0.265818 0.229222
v 0.011317 0.261774 0.228657
v -0.011304 0.261774 0.228657
v 0.022487 0.262163 0.230227
v 0.018043 0.258659 0.230080
v 0.042208 0.227508 0.240212
v 0.028214 0.226329 0.240358
v -0.042195 0.229787 0.247365
v -0.038279 0.229834 0.249737
v -0.021525 0.261396 0.239990
v -0.022474 0.262505 0.237535
v 0.038292 0.229834 0.249737
v 0.042208 0.229787 0.247365
v 0.022487 0.262505 0.237535
v 0.021488 0.261337 0.239992
v -0.012757 0.266308 0.236408
v -0.012454 0.264904 0.238813
v 0.012467 0.264904 0.238813
v 0.012770 0.266308 0.236408
v -0.030805 0.229194 0.249822
v -0.028217 0.228562 0.247580
v -0.018281 0.257856 0.237653
v -0.019391 0.258889 0.240060
v 0.028230 0.228562 0.247580
v 0.030818 0.229194 0.249822
v 0.019364 0.258843 0.240061
v 0.018294 0.257856 0.237653
v -0.011782 0.261711 0.238717
v -0.011451 0.260563 0.236230
v 0.011464 0.260563 0.236230
v 0.011795 0.261711 0.238717
v -0.019391 0.258889 0.240060
v -0.018281 0.257856 0.237653
v 0.018294 0.257856 0.237653
v 0.019364 0.258843 0.240061
v -0.012757 0.265818 0.229222
v 0.012770 0.265818 0.229222
v 0.042208 0.227508 0.240212
v 0.022487 0.262163 0.230227
v -0.022474 0.262163 0.230227
v -0.042195 0.227508 0.240212
v -0.019391 0.258889 0.240060
v 0.019364 0.258843 0.240061
v 0.012467 0.264904 0.238813
v -0.012454 0.264904 0.238813
v -0.011782 0.261711 0.238717
v 0.011795 0.261711 0.238717
v 0.018043 0.258659 0.230080
v 0.028214 0.226329 0.240358
v 0.011317 0.261774 0.228657
v 0.018043 0.258659 0.230080
v -0.011304 0.261774 0.228657
v -0.018030 0.258659 0.230080
v -0.028201 0.226329 0.240358
v -0.018030 0.258659 0.230080
v -0.044523 0.212437 0.241175
v -0.044523 0.214716 0.248326
v 0.044536 0.214716 0.248326
v 0.044536 0.212437 0.241175
v -0.028201 0.218660 0.241772
v -0.044523 0.212437 0.241175
v 0.044536 0.212437 0.241175
v 0.028214 0.218660 0.241772
v -0.042115 0.219267 0.252880
v -0.030805 0.218629 0.252967
v 0.030818 0.218629 0.252967
v 0.042128 0.219267 0.252880
v -0.028217 0.220894 0.248994
v -0.028201 0.218660 0.241772
v 0.028214 0.218660 0.241772
v 0.028230 0.220894 0.248994
v -0.042115 0.219267 0.252880
v 0.042128 0.219267 0.252880
vn -0.0329 -0.2149 -0.9761
vn -0.0232 -0.2013 -0.9793
vn -0.0726 -0.2423 -0.9675
vn -0.0746 -0.2360 -0.9689
vn -0.0483 0.0856 -0.9952
vn 0.0483 0.0856 -0.9952
vn 0.0377 0.0971 -0.9946
vn -0.0377 0.0972 -0.9946
vn 0.0726 -0.2423 -0.9675
vn 0.0746 -0.2360 -0.9689
vn 0.0232 -0.2013 -0.9793
vn 0.0329 -0.2149 -0.9761
vn -0.8848 0.4423 0.1465
vn -0.2737 0.3851 0.8814
vn -0.2697 0.4555 0.8484
vn -0.7786 0.6204 0.0947
vn 0.2725 0.3850 0.8818
vn 0.8842 0.4428 0.1485
vn 0.7781 0.6206 0.0968
vn 0.2674 0.4544 0.8497
vn -0.1050 0.9908 0.0848
vn -0.0788 0.8592 0.5055
vn 0.0793 0.8575 0.5083
vn 0.1051 0.9908 0.0858
vn 0.2639 0.2171 0.9398
vn 0.9503 -0.1734 0.2585
vn 0.9482 -0.2518 0.1935
vn 0.7693 -0.0663 0.6355
vn -0.9507 -0.1742 0.2565
vn -0.2638 0.2171 0.9398
vn -0.7723 -0.0693 0.6315
vn -0.9485 -0.2530 0.1906
vn 0.1105 -0.8909 0.4406
vn 0.1028 -0.9946 0.0102
vn -0.1029 -0.9946 0.0095
vn -0.1109 -0.8920 0.4382
vn 0.3927 -0.7913 0.4687
vn 0.3962 -0.9124 0.1024
vn -0.3969 -0.9126 0.0982
vn -0.3961 -0.7945 0.4603
vn -0.1036 0.9925 -0.0648
vn 0.1036 0.9925 -0.0648
vn 0.9191 0.3865 -0.0765
vn 0.7833 0.6160 -0.0831
vn -0.7833 0.6160 -0.0831
vn -0.9191 0.3865 -0.0765
vn 0.0805 0.2453 0.9661
vn -0.0805 0.2457 0.9660
vn -0.0347 -0.0061 0.9994
vn 0.0347 -0.0060 0.9994
vn 0.0338 -0.0066 0.9994
vn -0.0339 -0.0066 0.9994
vn -0.9540 -0.2963 0.0459
vn -0.9706 -0.2380 0.0373
vn -0.0772 -0.9856 -0.1505
vn -0.3721 -0.9213 -0.1128
vn 0.0772 -0.9856 -0.1505
vn 0.3721 -0.9213 -0.1127
vn 0.9706 -0.2380 0.0373
vn 0.9540 -0.2963 0.0459
vn -0.9876 0.1495 -0.0476
vn -0.9804 0.1819 0.0758
vn 0.9804 0.1819 0.0758
vn 0.9876 0.1495 -0.0476
vn 0.0423 -0.1081 -0.9932
vn -0.0423 -0.1081 -0.9932
vn 0.0104 0.2835 0.9589
vn 0.1379 0.2760 0.9512
vn -0.1379 0.2759 0.9512
vn -0.0105 0.2834 0.9589
vn 0.9470 0.0779 0.3117
vn 1.0000 0.0004 0.0021
vn -1.0000 0.0004 0.0021
vn -0.9470 0.0778 0.3117
vn -0.7941 0.2775 0.5408
vn 0.7940 0.2775 0.5408
vt 0.729993 0.325745
vt 0.739958 0.324334
vt 0.724376 0.299334
vt 0.721247 0.301918
vt 0.717323 0.296860
vt 0.699028 0.296832
vt 0.700065 0.299760
vt 0.716277 0.299785
vt 0.691966 0.299285
vt 0.695088 0.301878
vt 0.676309 0.324237
vt 0.686270 0.325678
vt 0.729927 0.203725
vt 0.727224 0.205337
vt 0.734924 0.229823
vt 0.736877 0.229802
vt 0.727217 0.285307
vt 0.729916 0.286926
vt 0.736915 0.260856
vt 0.734937 0.260834
vt 0.737556 0.236525
vt 0.735603 0.236530
vt 0.735649 0.254112
vt 0.737584 0.254120
vt 0.723101 0.208455
vt 0.721256 0.210006
vt 0.730857 0.231012
vt 0.732696 0.230056
vt 0.721264 0.280623
vt 0.723105 0.282179
vt 0.732719 0.260604
vt 0.730909 0.259649
vt 0.733432 0.236703
vt 0.731587 0.237033
vt 0.731584 0.253627
vt 0.733444 0.253955
vt 0.742583 0.236578
vt 0.742602 0.254071
vt 0.734800 0.288811
vt 0.742041 0.261098
vt 0.742006 0.229567
vt 0.734815 0.201851
vt 0.726698 0.256713
vt 0.716787 0.278048
vt 0.726499 0.252652
vt 0.726249 0.238069
vt 0.726622 0.233949
vt 0.716772 0.212568
vt 0.732310 0.191253
vt 0.727610 0.193597
vt 0.727572 0.297046
vt 0.732266 0.299404
vt 0.730306 0.331325
vt 0.742269 0.335038
vt 0.673965 0.334934
vt 0.685939 0.331257
vt 0.724765 0.197572
vt 0.718344 0.202225
vt 0.718328 0.288394
vt 0.724738 0.293064
vt 0.717597 0.205791
vt 0.713217 0.208557
vt 0.713219 0.282047
vt 0.717592 0.284826
s 1
usemtl pasted__lambert2
f 1937/1171/1230 1938/1172/1231 1939/1173/1232
f 1937/1171/1230 1939/1173/1232 1940/1174/1233
f 1941/1175/1234 1942/1176/1235 1943/1177/1236
f 1941/1175/1234 1943/1177/1236 1944/1178/1237
f 1939/1173/1232 1941/1175/1234 1944/1178/1237
f 1939/1173/1232 1944/1178/1237 1940/1174/1233
f 1942/1176/1235 1945/1179/1238 1946/1180/1239
f 1942/1176/1235 1946/1180/1239 1943/1177/1236
f 1946/1180/1239 1945/1179/1238 1947/1181/1240
f 1946/1180/1239 1947/1181/1240 1948/1182/1241
f 1949/1183/1242 1950/1184/1243 1951/1185/1244
f 1949/1183/1242 1951/1185/1244 1952/1186/1245
f 1953/1187/1246 1954/1188/1247 1955/1189/1248
f 1953/1187/1246 1955/1189/1248 1956/1190/1249
f 1957/1191/1250 1958/1192/1251 1959/1193/1252
f 1957/1191/1250 1959/1193/1252 1960/1194/1253
f 1958/1192/1251 1957/1191/1250 1952/1186/1245
f 1958/1192/1251 1952/1186/1245 1951/1185/1244
f 1960/1194/1253 1959/1193/1252 1956/1190/1249
f 1960/1194/1253 1956/1190/1249 1955/1189/1248
f 1961/1195/1254 1962/1196/1255 1963/1197/1256
f 1961/1195/1254 1963/1197/1256 1964/1198/1257
f 1965/1199/1258 1966/1200/1259 1967/1201/1260
f 1965/1199/1258 1967/1201/1260 1968/1202/1261
f 1969/1203/1262 1970/1204/1263 1971/1205/1264
f 1969/1203/1262 1971/1205/1264 1972/1206/1265
f 1970/1204/1263 1969/1203/1262 1973/1198/1266
f 1970/1204/1263 1973/1198/1266 1974/1197/1267
f 1972/1206/1265 1971/1205/1264 1975/1202/1268
f 1972/1206/1265 1975/1202/1268 1976/1201/1269
f 1977/1207/1270 1957/1191/1250 1960/1194/1253
f 1977/1207/1270 1960/1194/1253 1978/1208/1271
f 1955/1189/1248 1954/1188/1247 1979/1209/1272
f 1955/1189/1248 1979/1209/1272 1980/1210/1273
f 1981/1211/1274 1982/1212/1275 1949/1183/1242
f 1981/1211/1274 1949/1183/1242 1952/1186/1245
f 1952/1186/1245 1957/1191/1250 1977/1207/1270
f 1952/1186/1245 1977/1207/1270 1981/1211/1274
f 1960/1194/1253 1955/1189/1248 1980/1210/1273
f 1960/1194/1253 1980/1210/1273 1978/1208/1271
f 1951/1185/1244 1950/1184/1243 1961/1195/1254
f 1951/1185/1244 1961/1195/1254 1983/1198/1276
f 1984/1201/1277 1966/1200/1259 1953/1187/1246
f 1984/1201/1277 1953/1187/1246 1956/1190/1249
f 1985/1193/1278 1986/1192/1279 1987/1203/1280
f 1985/1193/1278 1987/1203/1280 1988/1206/1281
f 1986/1192/1279 1951/1185/1244 1983/1198/1276
f 1986/1192/1279 1983/1198/1276 1987/1203/1280
f 1956/1190/1249 1985/1193/1278 1988/1206/1281
f 1956/1190/1249 1988/1206/1281 1984/1201/1277
f 1989/1213/1282 1990/1214/1283 1965/1199/1258
f 1989/1213/1282 1965/1199/1258 1968/1202/1261
f 1975/1202/1268 1971/1205/1264 1991/1215/1284
f 1975/1202/1268 1991/1215/1284 1992/1213/1285
f 1971/1205/1264 1970/1204/1263 1993/1216/1286
f 1971/1205/1264 1993/1216/1286 1991/1215/1284
f 1970/1204/1263 1974/1197/1267 1994/1217/1287
f 1970/1204/1263 1994/1217/1287 1993/1216/1286
f 1995/1218/1288 1996/1217/1289 1963/1197/1256
f 1995/1218/1288 1963/1197/1256 1962/1196/1255
f 1949/1183/1242 1982/1212/1275 1997/1219/1290
f 1949/1183/1242 1997/1219/1290 1998/1220/1291
f 1979/1209/1272 1954/1188/1247 1999/1221/1292
f 1979/1209/1272 1999/1221/1292 2000/1222/1293
f 1938/1172/1231 1937/1171/1230 2001/1223/1294
f 1938/1172/1231 2001/1223/1294 2002/1224/1294
f 1948/1182/1241 1947/1181/1240 2003/1225/1295
f 1948/1182/1241 2003/1225/1295 2004/1226/1295
f 1961/1195/1254 1950/1184/1243 2005/1227/1296
f 1961/1195/1254 2005/1227/1296 2006/1228/1297
f 1953/1187/1246 1966/1200/1259 2007/1229/1298
f 1953/1187/1246 2007/1229/1298 2008/1230/1299
f 1995/1218/1288 1962/1196/1255 2009/1231/1300
f 1995/1218/1288 2009/1231/1300 2010/1232/1301
f 1965/1199/1258 1990/1214/1283 2011/1233/1302
f 1965/1199/1258 2011/1233/1302 2012/1234/1303
f 1950/1184/1243 1949/1183/1242 1998/1220/1291
f 1950/1184/1243 1998/1220/1291 2013/1227/1304
f 1954/1188/1247 1953/1187/1246 2014/1230/1305
f 1954/1188/1247 2014/1230/1305 1999/1221/1292
f 1962/1196/1255 1961/1195/1254 2006/1228/1297
f 1962/1196/1255 2006/1228/1297 2009/1231/1300
f 1966/1200/1259 1965/1199/1258 2012/1234/1303
f 1966/1200/1259 2012/1234/1303 2007/1229/1298
o polySurface212_pasted__lambert2_0
v -0.072356 0.201339 0.238554
v -0.074719 0.194761 0.176133
v -0.091162 0.159458 0.174309
v -0.071838 0.076308 0.019452
v -0.048912 0.040142 0.166782
v -0.074750 0.061917 0.168109
v -0.097471 0.124609 0.171928
v -0.086154 0.165697 0.019152
v -0.018735 0.224238 0.076616
v -0.012337 0.244996 0.077880
v -0.011488 0.225106 0.044152
v -0.091614 0.091251 0.169896
v 0.072368 0.201339 0.238554
v 0.091175 0.159458 0.174309
v 0.074731 0.194761 0.176133
v 0.071851 0.076308 0.019452
v 0.074763 0.061917 0.168109
v 0.048925 0.040142 0.166782
v 0.097484 0.124609 0.171928
v 0.086167 0.165697 0.019152
v 0.018748 0.224238 0.076616
v 0.011501 0.225106 0.044152
v 0.012350 0.244996 0.077880
v 0.000006 0.174917 -0.462181
v 0.001460 0.172613 -0.459255
v -0.001447 0.172613 -0.459255
v 0.014549 0.029828 0.441695
v 0.041744 0.039245 0.442269
v 0.000006 0.108001 0.446198
v -0.041732 0.039245 0.442269
v -0.014536 0.029828 0.441695
v 0.063915 0.056947 0.443347
v -0.063902 0.056947 0.443347
v 0.078385 0.080803 0.444800
v -0.078373 0.080803 0.444800
v 0.083411 0.107940 0.446454
v -0.083398 0.107940 0.446454
v 0.078269 0.135156 0.448112
v -0.078257 0.135156 0.448112
v 0.063915 0.158947 0.449561
v -0.063902 0.158947 0.449561
v 0.041745 0.176653 0.450640
v -0.041732 0.176653 0.450640
v 0.015142 0.186210 0.450485
v -0.015130 0.186210 0.450485
v 0.091627 0.091251 0.169896
v -0.082999 0.174002 0.478200
v -0.098984 0.190714 0.447465
v -0.121362 0.151760 0.445092
v -0.101673 0.142729 0.476295
v -0.054196 0.016763 0.468620
v -0.064630 -0.004540 0.435569
v -0.022489 -0.019911 0.434632
v -0.018865 0.004400 0.467867
v -0.082999 0.040014 0.470037
v -0.098984 0.024349 0.437329
v -0.101798 0.071355 0.471946
v -0.121407 0.063272 0.439700
v -0.108327 0.107009 0.474118
v -0.129194 0.107532 0.442397
v -0.095504 0.198092 0.270481
v -0.075734 0.195732 0.256353
v -0.093680 0.160876 0.254229
v -0.117073 0.160883 0.268262
v -0.098843 0.121389 0.251823
v -0.124655 0.118577 0.265729
v -0.062362 0.011447 0.259283
v -0.049454 0.035479 0.246589
v -0.017218 0.023696 0.245871
v -0.021700 -0.003245 0.258381
v -0.095508 0.039061 0.260951
v -0.075733 0.057625 0.247938
v -0.117143 0.076269 0.263189
v -0.092886 0.087461 0.249756
v -0.123572 0.157604 0.361713
v -0.100795 0.197088 0.364095
v -0.022901 -0.016473 0.351165
v -0.065814 -0.000888 0.352118
v -0.100797 0.028403 0.353896
v -0.123630 0.067869 0.356287
v -0.131559 0.112747 0.359002
v -0.049454 0.217878 0.257702
v -0.047262 0.214663 0.245014
v -0.075734 0.195732 0.256353
v -0.017148 0.229619 0.258417
v -0.015825 0.224823 0.246731
v -0.049454 0.035479 0.246589
v -0.017218 0.028558 0.166076
v -0.017218 0.023696 0.245871
v -0.075733 0.057625 0.247938
v -0.092886 0.087461 0.249756
v -0.098843 0.121389 0.251823
v -0.093680 0.160876 0.254229
v -0.071497 0.196787 0.125591
v -0.080488 0.178367 0.139600
v -0.088949 0.106259 0.480218
v -0.083477 0.135449 0.481996
v -0.068154 0.160988 0.483552
v -0.015500 0.022459 0.475112
v -0.044507 0.032560 0.475728
v -0.068154 0.051549 0.476885
v -0.083588 0.077144 0.478444
v -0.083477 0.135449 0.481996
v -0.078257 0.135156 0.448112
v -0.063902 0.158947 0.449561
v -0.068154 0.160988 0.483552
v -0.015500 0.022459 0.475112
v -0.014536 0.029828 0.441695
v -0.041732 0.039245 0.442269
v -0.044507 0.032560 0.475728
v -0.063902 0.056947 0.443347
v -0.068154 0.051549 0.476885
v -0.078373 0.080803 0.444800
v -0.083588 0.077144 0.478444
v -0.083398 0.107940 0.446454
v -0.088949 0.106259 0.480218
v -0.064904 0.200151 -0.050827
v -0.062204 0.204060 -0.095848
v -0.073385 0.171965 -0.132212
v -0.081130 0.168740 -0.052741
v -0.060697 0.094874 -0.146565
v -0.067491 0.085550 -0.057809
v -0.018319 0.067264 -0.158079
v -0.018805 0.051259 -0.059899
v -0.056768 0.177713 -0.224342
v -0.051973 0.200683 -0.223405
v -0.052911 0.115063 -0.237213
v -0.045168 0.218220 -0.124994
v -0.036428 0.215111 -0.222901
v 0.000006 0.234465 -0.144547
v 0.000006 0.224204 -0.222627
v -0.017359 0.090887 -0.239805
v -0.012987 0.231433 0.231195
v -0.037942 0.223803 0.223352
v -0.044876 0.223498 0.228561
v -0.015466 0.232999 0.236609
v -0.052147 0.213976 0.203491
v -0.056157 0.212881 0.210628
v -0.004962 0.249074 0.115962
v -0.006102 0.250376 0.078208
v -0.012556 0.245209 0.115409
v -0.064059 0.202115 0.175881
v -0.060034 0.204737 0.176041
v -0.003742 0.227436 0.039983
v -0.036908 0.217849 0.016199
v -0.040717 0.218076 0.078605
v -0.006536 0.226728 0.032522
v -0.006948 0.214227 0.132946
v -0.005873 0.228758 0.125933
v -0.015156 0.227465 0.124856
v -0.019209 0.213490 0.131865
v -0.031689 0.209414 0.223058
v -0.037942 0.223803 0.223352
v -0.010840 0.216584 0.225118
v -0.043080 0.200931 0.201610
v -0.052147 0.213976 0.203491
v -0.050138 0.193314 0.175173
v -0.060034 0.204737 0.176041
v -0.017982 0.227887 0.120140
v -0.042359 0.219528 0.123494
v -0.035795 0.207980 0.134309
v -0.042253 0.220554 0.128036
v -0.057431 0.209125 0.146081
v -0.048240 0.197019 0.150256
v -0.062977 0.209366 0.135518
v -0.010981 0.242432 0.119625
v -0.005198 0.245329 0.119920
v -0.029479 0.198106 -0.093080
v -0.037506 0.202045 -0.115736
v -0.051787 0.194658 -0.096336
v -0.045858 0.197490 -0.076509
v 0.000006 0.198868 -0.105161
v 0.000006 0.209319 -0.127577
v -0.027705 0.196255 -0.013482
v -0.036149 0.201288 0.000215
v -0.009241 0.205653 0.012207
v -0.009241 0.196668 -0.005895
v -0.054046 0.195252 -0.014772
v -0.042625 0.196292 -0.029541
v -0.058069 0.194461 -0.051174
v -0.049104 0.196671 -0.051039
v -0.019209 0.040643 0.017267
v -0.065775 0.207462 -0.008369
v -0.058069 0.194461 -0.051174
v -0.062209 0.202402 -0.050690
v -0.060588 0.208278 -0.010455
v -0.051787 0.194658 -0.096336
v -0.058854 0.205504 -0.094956
v -0.042716 0.218028 -0.121567
v 0.000006 0.232159 -0.139188
v -0.039571 0.216226 0.011624
v -0.006975 0.225381 0.026830
v -0.062209 0.202402 -0.050690
v -0.058854 0.205504 -0.094956
v -0.045858 0.197490 -0.076509
v -0.042613 0.190313 -0.075447
v -0.027393 0.190886 -0.090845
v 0.000006 0.191595 -0.102073
v -0.008586 0.189551 -0.009831
v -0.025744 0.189166 -0.016881
v -0.039609 0.189200 -0.031803
v -0.045630 0.189553 -0.051780
v -0.049104 0.196671 -0.051039
v -0.021277 0.192349 -0.394163
v -0.019829 0.159082 -0.395032
v -0.004300 0.151665 -0.394938
v 0.000006 0.218727 -0.393051
v -0.013662 0.215867 -0.393100
v -0.019481 0.208843 -0.393361
v -0.078039 0.181390 0.062201
v -0.068700 0.200145 0.071720
v -0.007156 0.197547 -0.459441
v -0.006650 0.179705 -0.459369
v -0.001447 0.172613 -0.459255
v 0.000006 0.220501 -0.461399
v -0.004586 0.217593 -0.458589
v -0.006566 0.210875 -0.458832
v 0.000006 0.220501 -0.461399
v 0.000006 0.211049 -0.461684
v 0.000006 0.197721 -0.462292
v 0.000006 0.179879 -0.462220
v -0.054196 0.197250 0.479616
v -0.064630 0.219603 0.449225
v -0.098984 0.190714 0.447465
v -0.082999 0.174002 0.478200
v -0.062358 0.225708 0.272114
v -0.049454 0.217878 0.257702
v -0.075734 0.195732 0.256353
v -0.095504 0.198092 0.270481
v -0.065812 0.226381 0.365855
v -0.100795 0.197088 0.364095
v -0.068154 0.160988 0.483552
v -0.044508 0.179983 0.484709
v -0.068154 0.160988 0.483552
v -0.063902 0.158947 0.449561
v -0.041732 0.176653 0.450640
v -0.044508 0.179983 0.484709
v -0.018736 0.209643 0.480371
v -0.007198 0.218795 0.470248
v -0.009145 0.233520 0.451833
v -0.022415 0.234922 0.450158
v 0.083011 0.174002 0.478200
v 0.101685 0.142729 0.476295
v 0.121375 0.151760 0.445092
v 0.098997 0.190714 0.447465
v 0.054209 0.197250 0.479616
v 0.064642 0.219603 0.449225
v 0.018749 0.209643 0.480371
v 0.022427 0.234920 0.450158
v 0.054209 0.016763 0.468620
v 0.018878 0.004400 0.467867
v 0.022502 -0.019911 0.434632
v 0.064642 -0.004540 0.435569
v 0.083011 0.040014 0.470037
v 0.098997 0.024349 0.437329
v 0.101811 0.071355 0.471946
v 0.121420 0.063272 0.439700
v 0.108340 0.107009 0.474118
v 0.129207 0.107532 0.442397
v 0.095517 0.198092 0.270481
v 0.117086 0.160883 0.268262
v 0.093693 0.160876 0.254229
v 0.075747 0.195732 0.256353
v 0.124667 0.118577 0.265729
v 0.098856 0.121389 0.251823
v 0.062371 0.225708 0.272114
v 0.049467 0.217878 0.257702
v 0.021625 0.240370 0.272969
v 0.017161 0.229619 0.258417
v 0.017231 0.023696 0.245871
v 0.021713 -0.003245 0.258381
v -0.021700 -0.003245 0.258381
v -0.017218 0.023696 0.245871
v 0.062374 0.011447 0.259283
v 0.049467 0.035479 0.246589
v 0.095521 0.039061 0.260951
v 0.075746 0.057625 0.247938
v 0.117155 0.076269 0.263189
v 0.092899 0.087461 0.249756
v 0.123585 0.157604 0.361713
v 0.100808 0.197088 0.364095
v 0.065825 0.226381 0.365855
v 0.022831 0.241920 0.366784
v 0.022913 -0.016473 0.351165
v 0.065826 -0.000888 0.352118
v 0.100810 0.028403 0.353896
v 0.123643 0.067869 0.356287
v 0.131572 0.112747 0.359002
v 0.015390 0.190115 0.485327
v -0.015377 0.190115 0.485327
v 0.049467 0.217878 0.257702
v 0.075747 0.195732 0.256353
v 0.047275 0.214663 0.245014
v 0.017161 0.229619 0.258417
v 0.015838 0.224823 0.246731
v 0.049467 0.035479 0.246589
v 0.017231 0.023696 0.245871
v 0.017231 0.028558 0.166076
v 0.075746 0.057625 0.247938
v 0.092899 0.087461 0.249756
v 0.098856 0.121389 0.251823
v 0.093693 0.160876 0.254229
v 0.019222 0.040643 0.017267
v -0.017218 0.028558 0.166076
v -0.019209 0.040643 0.017267
v 0.071509 0.196787 0.125591
v 0.080501 0.178367 0.139600
v 0.083490 0.135449 0.481996
v 0.088962 0.106259 0.480218
v 0.068167 0.160988 0.483552
v 0.044521 0.179983 0.484709
v 0.044520 0.032560 0.475728
v 0.015513 0.022459 0.475112
v 0.068167 0.051549 0.476885
v 0.083601 0.077144 0.478444
v 0.083490 0.135449 0.481996
v 0.068167 0.160988 0.483552
v 0.063915 0.158947 0.449561
v 0.078269 0.135156 0.448112
v 0.044521 0.179983 0.484709
v 0.041745 0.176653 0.450640
v 0.015390 0.190115 0.485327
v 0.015142 0.186210 0.450485
v -0.015377 0.190115 0.485327
v -0.015130 0.186210 0.450485
v 0.015513 0.022459 0.475112
v 0.044520 0.032560 0.475728
v 0.041744 0.039245 0.442269
v 0.014549 0.029828 0.441695
v 0.068167 0.051549 0.476885
v 0.063915 0.056947 0.443347
v 0.083601 0.077144 0.478444
v 0.078385 0.080803 0.444800
v 0.088962 0.106259 0.480218
v 0.083411 0.107940 0.446454
v -0.022818 0.241920 0.366784
v -0.021612 0.240370 0.272969
v 0.064917 0.200151 -0.050827
v 0.081143 0.168740 -0.052741
v 0.073398 0.171965 -0.132212
v 0.062217 0.204060 -0.095848
v 0.060710 0.094874 -0.146565
v 0.067504 0.085550 -0.057809
v 0.018818 0.051259 -0.059899
v 0.018332 0.067264 -0.158079
v 0.056781 0.177713 -0.224342
v 0.051985 0.200683 -0.223405
v 0.052924 0.115063 -0.237213
v 0.036441 0.215111 -0.222901
v 0.045181 0.218220 -0.124994
v 0.017371 0.090887 -0.239805
v -0.017218 0.023696 0.245871
v 0.013000 0.231433 0.231195
v 0.015478 0.232999 0.236609
v 0.044889 0.223498 0.228561
v 0.037955 0.223803 0.223352
v 0.056170 0.212881 0.210628
v 0.052160 0.213976 0.203491
v -0.004962 0.249074 0.115962
v 0.004975 0.249074 0.115962
v 0.006115 0.250376 0.078208
v -0.006102 0.250376 0.078208
v 0.012569 0.245209 0.115409
v 0.064072 0.202115 0.175881
v 0.060047 0.204737 0.176041
v 0.003755 0.227436 0.039983
v 0.040730 0.218076 0.078605
v 0.036921 0.217849 0.016199
v 0.006548 0.226728 0.032522
v -0.006536 0.226728 0.032522
v -0.003742 0.227436 0.039983
v 0.006961 0.214227 0.132946
v 0.019222 0.213490 0.131865
v 0.015169 0.227465 0.124856
v 0.005886 0.228758 0.125933
v 0.010853 0.216584 0.225118
v -0.010840 0.216584 0.225118
v -0.012987 0.231433 0.231195
v 0.031702 0.209414 0.223058
v 0.037955 0.223803 0.223352
v 0.043093 0.200931 0.201610
v 0.052160 0.213976 0.203491
v 0.050151 0.193314 0.175173
v 0.060047 0.204737 0.176041
v 0.017995 0.227887 0.120140
v -0.017148 0.229619 0.258417
v -0.018865 0.004400 0.467867
v -0.015500 0.022459 0.475112
v -0.015825 0.224823 0.246731
v -0.017148 0.229619 0.258417
v -0.014536 0.029828 0.441695
v -0.015500 0.022459 0.475112
v -0.022489 -0.019911 0.434632
v -0.022901 -0.016473 0.351165
v -0.018805 0.051259 -0.059899
v -0.018319 0.067264 -0.158079
v -0.017359 0.090887 -0.239805
v -0.015466 0.232999 0.236609
v -0.005873 0.228758 0.125933
v -0.006948 0.214227 0.132946
v 0.042372 0.219528 0.123494
v 0.035808 0.207980 0.134309
v 0.048253 0.197019 0.150256
v 0.057444 0.209125 0.146081
v 0.042266 0.220554 0.128036
v 0.062990 0.209366 0.135518
v -0.005198 0.245329 0.119920
v 0.005211 0.245329 0.119920
v 0.010994 0.242432 0.119625
v 0.029492 0.198106 -0.093080
v 0.045871 0.197490 -0.076509
v 0.051799 0.194658 -0.096336
v 0.037519 0.202045 -0.115736
v 0.008407 0.196534 -0.005483
v -0.009241 0.196668 -0.005895
v -0.009241 0.205653 0.012207
v 0.008407 0.205566 0.012172
v 0.027717 0.196255 -0.013482
v 0.036161 0.201288 0.000215
v 0.054059 0.195252 -0.014772
v 0.042638 0.196292 -0.029541
v 0.058082 0.194461 -0.051174
v 0.049117 0.196671 -0.051039
v 0.065788 0.207462 -0.008369
v 0.058082 0.194461 -0.051174
v 0.060601 0.208278 -0.010455
v 0.062222 0.202402 -0.050690
v 0.058867 0.205504 -0.094956
v 0.051799 0.194658 -0.096336
v 0.042728 0.218028 -0.121567
v -0.006975 0.225381 0.026830
v 0.007000 0.225372 0.026826
v 0.039583 0.216226 0.011624
v 0.062222 0.202402 -0.050690
v 0.058867 0.205504 -0.094956
v 0.045871 0.197490 -0.076509
v 0.027406 0.190886 -0.090845
v 0.042626 0.190313 -0.075447
v 0.007814 0.189425 -0.009448
v -0.008586 0.189551 -0.009831
v 0.025756 0.189166 -0.016881
v 0.049117 0.196671 -0.051039
v 0.045643 0.189553 -0.051780
v 0.039622 0.189200 -0.031803
v 0.019842 0.159082 -0.395032
v 0.021290 0.192349 -0.394163
v 0.004313 0.151665 -0.394938
v -0.004300 0.151665 -0.394938
v 0.013675 0.215867 -0.393100
v 0.019494 0.208843 -0.393361
v 0.078052 0.181390 0.062201
v 0.068713 0.200145 0.071720
v 0.007169 0.197547 -0.459441
v 0.006663 0.179705 -0.459369
v 0.004599 0.217593 -0.458589
v 0.006579 0.210875 -0.458832
v 0.009158 0.233518 0.451833
v 0.007220 0.218773 0.470272
v 0.007220 0.218773 0.470272
v 0.009158 0.233518 0.451833
v 0.005976 0.225417 0.451831
v 0.005116 0.206363 0.474607
v 0.009158 0.233518 0.451833
v -0.009145 0.233520 0.451833
v -0.005963 0.225417 0.451831
v 0.005976 0.225417 0.451831
v -0.007198 0.218795 0.470248
v 0.007220 0.218773 0.470272
v 0.005116 0.206363 0.474607
v -0.005103 0.206364 0.474607
v -0.005963 0.225417 0.451831
v -0.009145 0.233520 0.451833
v -0.007198 0.218795 0.470248
v -0.005103 0.206364 0.474607
vn -0.8229 0.5677 -0.0216
vn -0.8342 0.5507 -0.0280
vn -0.9640 0.2648 -0.0243
vn -0.8609 -0.4964 -0.1119
vn -0.5159 -0.8527 -0.0825
vn -0.7668 -0.6391 -0.0597
vn -0.9947 -0.0693 -0.0758
vn -0.9967 -0.0159 -0.0798
vn -0.5389 0.8407 -0.0521
vn -0.8421 0.5225 -0.1336
vn -0.3554 0.9292 -0.1013
vn -0.9630 -0.2561 -0.0844
vn 0.8229 0.5677 -0.0216
vn 0.9640 0.2648 -0.0243
vn 0.8342 0.5507 -0.0280
vn 0.8609 -0.4964 -0.1119
vn 0.7668 -0.6391 -0.0598
vn 0.5159 -0.8527 -0.0825
vn 0.9947 -0.0693 -0.0758
vn 0.9967 -0.0159 -0.0798
vn 0.5389 0.8407 -0.0521
vn 0.3554 0.9292 -0.1013
vn 0.8421 0.5225 -0.1336
vn -0.0000 -0.2897 -0.9571
vn 0.4028 -0.8496 -0.3405
vn -0.4028 -0.8496 -0.3405
vn -0.0005 -0.0576 0.9983
vn -0.0016 -0.0580 0.9983
vn -0.0000 -0.0587 0.9983
vn 0.0016 -0.0580 0.9983
vn 0.0005 -0.0576 0.9983
vn -0.0024 -0.0587 0.9983
vn 0.0024 -0.0587 0.9983
vn -0.0029 -0.0597 0.9982
vn 0.0029 -0.0597 0.9982
vn -0.0031 -0.0608 0.9981
vn 0.0031 -0.0608 0.9981
vn -0.0029 -0.0619 0.9981
vn 0.0029 -0.0619 0.9981
vn -0.0024 -0.0629 0.9980
vn 0.0024 -0.0629 0.9980
vn -0.0126 -0.0569 0.9983
vn 0.0126 -0.0569 0.9983
vn -0.0121 -0.0524 0.9986
vn 0.0121 -0.0524 0.9986
vn 0.9630 -0.2561 -0.0844
vn -0.5443 0.4188 0.7269
vn -0.7521 0.6206 0.2217
vn -0.9243 0.3257 0.1988
vn -0.6775 0.2089 0.7052
vn -0.3406 -0.6362 0.6923
vn -0.4867 -0.8599 0.1539
vn -0.1682 -0.9737 0.1535
vn -0.1161 -0.7073 0.6973
vn -0.5355 -0.4932 0.6855
vn -0.7489 -0.6439 0.1565
vn -0.6724 -0.2860 0.6826
vn -0.9225 -0.3495 0.1639
vn -0.7238 -0.0384 0.6889
vn -0.9839 -0.0114 0.1783
vn -0.7540 0.6345 -0.1700
vn -0.7701 0.5372 -0.3440
vn -0.9010 0.3020 -0.3114
vn -0.9139 0.3411 -0.2202
vn -0.9481 0.0189 -0.3175
vn -0.9674 0.0148 -0.2527
vn -0.4819 -0.8190 -0.3114
vn -0.4757 -0.7969 -0.3723
vn -0.1644 -0.9113 -0.3774
vn -0.1670 -0.9328 -0.3193
vn -0.7392 -0.6048 -0.2962
vn -0.7270 -0.5840 -0.3610
vn -0.9081 -0.3155 -0.2752
vn -0.8897 -0.2995 -0.3446
vn -0.9393 0.3430 -0.0045
vn -0.7660 0.6427 0.0124
vn -0.1732 -0.9805 -0.0927
vn -0.4995 -0.8622 -0.0838
vn -0.7655 -0.6398 -0.0678
vn -0.9393 -0.3398 -0.0471
vn -0.9997 0.0022 -0.0250
vn -0.3858 0.7674 -0.5122
vn -0.4961 0.8663 0.0591
vn -0.1336 0.8363 -0.5318
vn -0.1995 0.9720 0.1244
vn -0.2517 -0.9641 -0.0842
vn -0.8897 -0.2994 -0.3447
vn -0.7649 0.6432 -0.0331
vn -0.8896 0.4563 -0.0207
vn -0.3017 -0.0583 0.9516
vn -0.2810 0.0480 0.9585
vn -0.2259 0.1388 0.9642
vn -0.0515 -0.3638 0.9301
vn -0.1493 -0.3283 0.9327
vn -0.2304 -0.2601 0.9377
vn -0.2839 -0.1663 0.9443
vn 0.9212 -0.3609 0.1454
vn 0.9219 -0.3591 0.1453
vn 0.7416 -0.6576 0.1323
vn 0.7404 -0.6591 0.1323
vn 0.1639 0.9624 0.2165
vn 0.1635 0.9625 0.2165
vn 0.4768 0.8535 0.2101
vn 0.4778 0.8531 0.2098
vn 0.7416 0.6411 0.1973
vn 0.7428 0.6398 0.1972
vn 0.9223 0.3417 0.1806
vn 0.9231 0.3396 0.1804
vn 0.9867 -0.0107 0.1624
vn 0.9867 -0.0129 0.1619
vn -0.8868 0.4585 -0.0582
vn -0.8784 0.4734 -0.0660
vn -0.9931 0.0237 -0.1147
vn -0.9967 -0.0062 -0.0811
vn -0.8806 -0.4480 -0.1542
vn -0.8762 -0.4688 -0.1118
vn -0.3441 -0.9168 -0.2028
vn -0.3567 -0.9233 -0.1425
vn -0.9846 0.0422 -0.1696
vn -0.8807 0.4563 -0.1276
vn -0.8966 -0.3695 -0.2439
vn -0.5423 0.8374 -0.0682
vn -0.4525 0.8889 -0.0717
vn -0.0000 0.9970 -0.0778
vn -0.0000 0.9983 -0.0587
vn -0.3272 -0.8910 -0.3147
vn 0.0044 0.6477 -0.7619
vn -0.2814 0.9212 -0.2687
vn -0.4844 0.8586 0.1679
vn -0.1880 0.9128 0.3625
vn -0.4633 0.8685 -0.1765
vn -0.5897 0.8062 -0.0476
vn -0.2721 0.9573 0.0976
vn -0.2657 0.9358 -0.2317
vn -0.8779 0.4763 0.0489
vn -0.6367 0.7708 -0.0244
vn -0.4541 0.8909 -0.0114
vn -0.2150 0.9121 -0.3491
vn -0.4082 0.9129 0.0001
vn -0.4428 0.8962 -0.0251
vn -0.2066 0.9763 -0.0641
vn -0.0669 0.4527 0.8892
vn -0.0560 0.2807 0.9582
vn -0.2766 0.5627 0.7790
vn -0.0299 0.4432 0.8959
vn 0.5144 0.1169 -0.8495
vn 0.5826 0.1606 -0.7968
vn 0.0043 0.6477 -0.7619
vn 0.1183 0.0803 -0.9897
vn 0.7469 0.4493 -0.4901
vn 0.7468 0.4505 -0.4893
vn 0.7617 0.6373 -0.1173
vn 0.7595 0.6344 -0.1438
vn -0.6521 0.7580 -0.0134
vn -0.5022 0.8636 -0.0457
vn 0.2547 0.5261 0.8114
vn -0.1545 0.8709 0.4666
vn 0.0778 0.9351 0.3459
vn 0.6635 0.6440 0.3809
vn -0.6098 0.7923 -0.0197
vn -0.3906 0.2340 0.8903
vn -0.0732 0.2269 0.9712
vn 0.0535 0.9277 0.3695
vn 0.2199 0.7459 0.6288
vn -0.1803 0.9814 0.0659
vn -0.2450 0.9694 0.0125
vn -0.0000 0.9051 0.4251
vn -0.0000 0.6831 0.7304
vn 0.1467 0.8995 -0.4115
vn 0.2296 0.7704 -0.5947
vn 0.1179 0.7254 -0.6782
vn 0.0814 0.8410 -0.5349
vn 0.4842 0.8142 -0.3204
vn 0.1639 0.9686 -0.1868
vn -0.2164 0.9763 -0.0027
vn -0.2126 0.9771 -0.0016
vn -0.3182 -0.9417 -0.1094
vn -0.8065 0.5904 -0.0314
vn 0.8716 0.4900 0.0122
vn 0.8726 0.4885 0.0013
vn 0.4213 0.7916 -0.4425
vn 0.7911 0.4717 0.3893
vn 0.8048 0.4783 0.3515
vn 0.1970 0.6092 0.7681
vn -0.0000 0.6376 0.7704
vn 0.2068 0.6993 -0.6842
vn 0.0622 0.7197 -0.6915
vn -0.4543 0.8886 -0.0630
vn -0.4495 0.8848 0.1227
vn 0.8165 0.4267 0.3888
vn 0.8118 0.4261 0.3993
vn 0.4776 0.3827 0.7909
vn -0.0000 0.3908 0.9205
vn 0.1874 0.4884 -0.8522
vn 0.5072 0.4826 -0.7140
vn 0.7739 0.4660 -0.4289
vn 0.8958 0.4421 -0.0464
vn 0.8950 0.4426 -0.0547
vn -0.9788 0.0312 -0.2026
vn -0.9001 -0.3313 -0.2830
vn -0.3146 -0.8788 -0.3588
vn -0.0000 0.9997 -0.0255
vn -0.4371 0.8977 -0.0556
vn -0.9070 0.3910 -0.1566
vn -0.8879 0.4600 -0.0032
vn -0.7085 0.7057 -0.0068
vn -0.9619 0.0139 -0.2730
vn -0.9176 -0.2542 -0.3057
vn -0.4027 -0.8496 -0.3405
vn -0.0000 1.0000 0.0048
vn -0.5564 0.8254 -0.0949
vn -0.9414 0.2271 -0.2495
vn -0.0000 0.0976 -0.9952
vn -0.0000 0.0687 -0.9976
vn -0.0000 0.0180 -0.9998
vn -0.0000 -0.0584 -0.9983
vn -0.3476 0.5662 0.7474
vn -0.4884 0.8384 0.2419
vn -0.4945 0.8604 -0.1232
vn -0.3858 0.7674 -0.5121
vn -0.7682 0.5413 -0.3419
vn -0.4988 0.8664 0.0242
vn -0.1451 0.2041 0.9681
vn 0.7416 -0.6576 0.1324
vn 0.4780 -0.8700 0.1205
vn 0.4782 -0.8699 0.1205
vn -0.1681 0.5781 0.7984
vn -0.0130 0.7578 0.6524
vn -0.0169 0.6964 0.7175
vn -0.1893 0.9617 0.1983
vn 0.5443 0.4188 0.7269
vn 0.6775 0.2089 0.7052
vn 0.9243 0.3257 0.1988
vn 0.7521 0.6206 0.2217
vn 0.3476 0.5662 0.7474
vn 0.4884 0.8384 0.2419
vn 0.1681 0.5782 0.7984
vn 0.1893 0.9617 0.1983
vn 0.3406 -0.6362 0.6923
vn 0.1161 -0.7073 0.6973
vn 0.1683 -0.9737 0.1535
vn 0.4867 -0.8599 0.1539
vn 0.5355 -0.4932 0.6855
vn 0.7489 -0.6439 0.1565
vn 0.6724 -0.2861 0.6826
vn 0.9225 -0.3495 0.1639
vn 0.7238 -0.0384 0.6889
vn 0.9839 -0.0114 0.1783
vn 0.7540 0.6345 -0.1700
vn 0.9139 0.3410 -0.2202
vn 0.9010 0.3020 -0.3114
vn 0.7701 0.5371 -0.3440
vn 0.9674 0.0148 -0.2527
vn 0.9481 0.0189 -0.3175
vn 0.4944 0.8604 -0.1232
vn 0.3858 0.7674 -0.5122
vn 0.1721 0.9797 -0.1027
vn 0.1336 0.8363 -0.5318
vn 0.1644 -0.9113 -0.3774
vn 0.1670 -0.9328 -0.3193
vn -0.1645 -0.9113 -0.3774
vn 0.4819 -0.8190 -0.3114
vn 0.4757 -0.7969 -0.3723
vn 0.7392 -0.6048 -0.2962
vn 0.7270 -0.5840 -0.3610
vn 0.9081 -0.3155 -0.2752
vn 0.8897 -0.2995 -0.3446
vn 0.9393 0.3430 -0.0045
vn 0.7660 0.6427 0.0123
vn 0.4988 0.8664 0.0242
vn 0.1729 0.9845 0.0303
vn 0.1732 -0.9805 -0.0926
vn 0.4995 -0.8622 -0.0838
vn 0.7655 -0.6398 -0.0678
vn 0.9393 -0.3398 -0.0472
vn 0.9997 0.0022 -0.0251
vn 0.0501 0.2377 0.9701
vn -0.0501 0.2377 0.9701
vn 0.7702 0.5371 -0.3440
vn 0.4961 0.8663 0.0591
vn 0.1995 0.9720 0.1244
vn 0.2517 -0.9641 -0.0842
vn 0.8897 -0.2994 -0.3447
vn 0.3182 -0.9417 -0.1094
vn 0.7649 0.6432 -0.0331
vn 0.8896 0.4563 -0.0207
vn 0.2810 0.0480 0.9585
vn 0.3016 -0.0580 0.9517
vn 0.2260 0.1385 0.9642
vn 0.1451 0.2041 0.9681
vn 0.1493 -0.3283 0.9327
vn 0.0514 -0.3639 0.9300
vn 0.2304 -0.2601 0.9377
vn 0.2841 -0.1666 0.9442
vn -0.9212 -0.3608 0.1455
vn -0.7404 -0.6590 0.1323
vn -0.7416 -0.6576 0.1323
vn -0.9219 -0.3590 0.1454
vn -0.4782 -0.8700 0.1205
vn -0.4780 -0.8701 0.1205
vn -0.1615 -0.9803 0.1137
vn -0.1648 -0.9798 0.1137
vn 0.1615 -0.9803 0.1137
vn 0.1648 -0.9798 0.1137
vn -0.1640 0.9624 0.2165
vn -0.4778 0.8531 0.2098
vn -0.4767 0.8536 0.2099
vn -0.1639 0.9623 0.2169
vn -0.7428 0.6398 0.1972
vn -0.7416 0.6411 0.1973
vn -0.9231 0.3396 0.1804
vn -0.9223 0.3417 0.1805
vn -0.9867 -0.0129 0.1619
vn -0.9867 -0.0106 0.1619
vn -0.1729 0.9845 0.0302
vn -0.1721 0.9797 -0.1027
vn 0.8868 0.4585 -0.0582
vn 0.9967 -0.0062 -0.0811
vn 0.9931 0.0237 -0.1147
vn 0.8784 0.4734 -0.0660
vn 0.8806 -0.4480 -0.1542
vn 0.8762 -0.4688 -0.1118
vn 0.3567 -0.9233 -0.1425
vn 0.3441 -0.9168 -0.2028
vn 0.9846 0.0422 -0.1696
vn 0.8807 0.4563 -0.1276
vn 0.8966 -0.3695 -0.2439
vn 0.4525 0.8889 -0.0717
vn 0.5423 0.8374 -0.0682
vn 0.3272 -0.8910 -0.3147
vn -0.0043 0.6477 -0.7619
vn 0.1880 0.9128 0.3625
vn 0.4844 0.8586 0.1679
vn 0.2814 0.9212 -0.2687
vn 0.5897 0.8062 -0.0476
vn 0.4633 0.8685 -0.1765
vn -0.2722 0.9573 0.0975
vn 0.2721 0.9573 0.0975
vn 0.2657 0.9358 -0.2317
vn 0.8780 0.4762 0.0489
vn 0.6367 0.7708 -0.0244
vn 0.4541 0.8909 -0.0114
vn 0.2150 0.9121 -0.3491
vn 0.4428 0.8962 -0.0251
vn 0.4083 0.9129 0.0001
vn 0.2066 0.9763 -0.0641
vn 0.0669 0.4526 0.8892
vn 0.0299 0.4432 0.8959
vn 0.2765 0.5626 0.7791
vn 0.0560 0.2807 0.9582
vn -0.1183 0.0803 -0.9897
vn -0.5144 0.1169 -0.8495
vn -0.5826 0.1606 -0.7968
vn -0.7469 0.4493 -0.4901
vn -0.7468 0.4505 -0.4893
vn -0.7617 0.6373 -0.1173
vn -0.7595 0.6344 -0.1438
vn 0.6521 0.7580 -0.0133
vn -0.1683 -0.9737 0.1535
vn 0.5022 0.8636 -0.0457
vn -0.2547 0.5261 0.8114
vn -0.6635 0.6440 0.3809
vn -0.0778 0.9351 0.3458
vn 0.1545 0.8709 0.4666
vn 0.6098 0.7923 -0.0197
vn -0.0733 0.2268 0.9712
vn 0.0733 0.2269 0.9712
vn 0.3906 0.2340 0.8903
vn -0.0535 0.9277 0.3695
vn 0.2450 0.9694 0.0125
vn 0.1803 0.9814 0.0658
vn -0.2199 0.7458 0.6288
vn -0.0742 0.8405 -0.5366
vn -0.1121 0.7277 -0.6767
vn -0.1507 0.8972 -0.4152
vn -0.2291 0.7694 -0.5963
vn -0.4842 0.8142 -0.3205
vn -0.1639 0.9686 -0.1868
vn 0.2164 0.9763 -0.0027
vn 0.2126 0.9771 -0.0016
vn 0.8065 0.5905 -0.0314
vn -0.8716 0.4900 0.0122
vn -0.4213 0.7916 -0.4425
vn -0.8726 0.4885 0.0013
vn -0.8047 0.4783 0.3516
vn -0.7911 0.4717 0.3893
vn -0.1970 0.6092 0.7682
vn -0.0640 0.7190 -0.6920
vn -0.2045 0.6998 -0.6845
vn 0.4543 0.8886 -0.0630
vn 0.4495 0.8848 0.1227
vn -0.8165 0.4267 0.3888
vn -0.4776 0.3827 0.7909
vn -0.8118 0.4261 0.3993
vn -0.1727 0.4908 -0.8540
vn -0.5056 0.4827 -0.7151
vn -0.8950 0.4426 -0.0547
vn -0.8958 0.4421 -0.0464
vn -0.7738 0.4660 -0.4290
vn 0.9001 -0.3313 -0.2830
vn 0.9788 0.0312 -0.2026
vn 0.3146 -0.8788 -0.3588
vn 0.4371 0.8977 -0.0556
vn 0.9069 0.3911 -0.1566
vn 0.8879 0.4601 -0.0032
vn 0.7085 0.7057 -0.0068
vn 0.9619 0.0138 -0.2730
vn 0.9176 -0.2542 -0.3057
vn 0.5564 0.8255 -0.0949
vn 0.9414 0.2271 -0.2495
vn 0.0169 0.6963 0.7175
vn 0.0130 0.7577 0.6524
vn -0.9463 0.2786 0.1642
vn 0.0168 0.6963 0.7175
vn -0.0000 -0.0003 1.0000
vn 0.0006 -0.3303 -0.9439
vn 0.0005 -0.3304 -0.9438
vn 0.9466 0.2780 0.1635
vt 0.919634 0.022278
vt 0.914461 0.066638
vt 0.887134 0.066279
vt 0.816417 0.167636
vt 0.791337 0.065159
vt 0.814843 0.065139
vt 0.862303 0.065839
vt 0.879341 0.176398
vt 0.949431 0.144329
vt 0.963592 0.144435
vt 0.952488 0.167977
vt 0.838475 0.065321
vt 0.786703 0.508485
vt 0.786501 0.505650
vt 0.784550 0.506123
vt 0.863391 0.546325
vt 0.880376 0.557021
vt 0.899687 0.504289
vt 0.844004 0.511573
vt 0.850718 0.530489
vt 0.899692 0.561364
vt 0.844000 0.491775
vt 0.919009 0.558830
vt 0.850706 0.473482
vt 0.936001 0.549721
vt 0.863318 0.458900
vt 0.948607 0.535042
vt 0.880403 0.449817
vt 0.955331 0.516843
vt 0.899634 0.447246
vt 0.955331 0.497043
vt 0.918952 0.451586
vt 0.948928 0.478400
vt 0.935738 0.461919
vt 0.843004 0.829320
vt 0.844535 0.855437
vt 0.816537 0.855126
vt 0.817012 0.829813
vt 0.713531 0.819255
vt 0.704023 0.846502
vt 0.675709 0.841024
vt 0.687963 0.812755
vt 0.739423 0.823664
vt 0.732211 0.850149
vt 0.765282 0.826669
vt 0.760342 0.852618
vt 0.791058 0.828593
vt 0.788457 0.854262
vt 0.844542 0.976204
vt 0.852041 0.991296
vt 0.818932 0.993382
vt 0.814258 0.975281
vt 0.785030 0.994126
vt 0.784407 0.974064
vt 0.695620 0.969889
vt 0.697154 0.990747
vt 0.669418 0.990771
vt 0.665755 0.969720
vt 0.725235 0.971185
vt 0.726062 0.991886
vt 0.754798 0.972696
vt 0.755502 0.993166
vt 0.815813 0.911734
vt 0.845652 0.912095
vt 0.664363 0.901489
vt 0.695342 0.904303
vt 0.725848 0.906850
vt 0.755990 0.908970
vt 0.785933 0.910602
vt 0.937074 0.007696
vt 0.938672 0.016723
vt 0.914702 0.009785
vt 0.959746 0.003096
vt 0.961480 0.011566
vt 0.790565 0.009958
vt 0.767823 0.065416
vt 0.766677 0.010156
vt 0.814410 0.009960
vt 0.838176 0.010145
vt 0.861749 0.010419
vt 0.888603 0.010415
vt 0.912485 0.103708
vt 0.899366 0.092210
vt 0.792008 0.814780
vt 0.817143 0.815395
vt 0.842265 0.815390
vt 0.694341 0.799942
vt 0.717763 0.805964
vt 0.742197 0.810200
vt 0.767031 0.813050
vt 0.817195 0.791550
vt 0.840989 0.791469
vt 0.704151 0.777050
vt 0.725052 0.782826
vt 0.747286 0.786781
vt 0.770210 0.789400
vt 0.793512 0.790953
vt 0.898890 0.232263
vt 0.893531 0.266180
vt 0.862417 0.283363
vt 0.873829 0.227938
vt 0.807067 0.280897
vt 0.814314 0.220709
vt 0.771165 0.285798
vt 0.772327 0.219018
vt 0.846382 0.347755
vt 0.861616 0.352797
vt 0.802611 0.343909
vt 0.899169 0.293076
vt 0.874840 0.358764
vt 0.922760 0.321837
vt 0.897892 0.370806
vt 0.773067 0.343459
vt 0.966412 0.023700
vt 0.949033 0.032297
vt 0.944157 0.028728
vt 0.964235 0.020158
vt 0.935927 0.046845
vt 0.933319 0.041718
vt 0.973887 0.118467
vt 0.969205 0.145023
vt 0.967879 0.117695
vt 0.923592 0.067285
vt 0.927003 0.067292
vt 0.957694 0.172013
vt 0.931507 0.185733
vt 0.934221 0.140751
vt 0.954801 0.176605
vt 0.963263 0.101854
vt 0.966396 0.106726
vt 0.959187 0.109566
vt 0.954449 0.104286
vt 0.954189 0.036740
vt 0.968286 0.029087
vt 0.941231 0.050101
vt 0.933005 0.068808
vt 0.956507 0.113087
vt 0.938581 0.108714
vt 0.941966 0.100693
vt 0.939372 0.105554
vt 0.928167 0.090132
vt 0.933393 0.086793
vt 0.923939 0.097732
vt 0.967387 0.115128
vt 0.972367 0.115596
vt 0.921252 0.270406
vt 0.910467 0.283224
vt 0.905518 0.267099
vt 0.912956 0.254893
vt 0.937254 0.286637
vt 0.930900 0.302267
vt 0.935133 0.213745
vt 0.930704 0.202461
vt 0.950730 0.197043
vt 0.949234 0.210638
vt 0.917774 0.211628
vt 0.922697 0.223122
vt 0.907584 0.234914
vt 0.914092 0.236539
vt 0.771806 0.166868
vt 0.908015 0.201313
vt 0.901381 0.232796
vt 0.911177 0.203471
vt 0.896186 0.266473
vt 0.901604 0.291542
vt 0.924128 0.318092
vt 0.929060 0.188878
vt 0.953830 0.180539
vt 0.918556 0.254208
vt 0.925958 0.267515
vt 0.940506 0.282370
vt 0.949525 0.216264
vt 0.937310 0.218995
vt 0.926600 0.227055
vt 0.919358 0.238501
vt 0.816084 0.465726
vt 0.793801 0.458969
vt 0.781717 0.458951
vt 0.841464 0.476591
vt 0.832887 0.471960
vt 0.827100 0.469302
vt 0.895357 0.147606
vt 0.910743 0.142719
vt 0.803761 0.510792
vt 0.792449 0.506291
vt 0.819094 0.519119
vt 0.816939 0.515322
vt 0.812499 0.513531
vt 0.811671 0.518420
vt 0.802019 0.515895
vt 0.789937 0.510638
vt 0.948032 0.817243
vt 0.957427 0.844190
vt 0.987431 0.836012
vt 0.972200 0.808460
vt 0.967144 0.972198
vt 0.961088 0.985895
vt 0.986070 0.987907
vt 0.996906 0.973347
vt 0.967706 0.904529
vt 0.999229 0.901862
vt 0.962442 0.795404
vt 0.941776 0.803341
vt 0.951741 0.772858
vt 0.932698 0.780176
vt 0.922194 0.822339
vt 0.915785 0.832741
vt 0.919878 0.848982
vt 0.928529 0.849518
vt 0.869282 0.828099
vt 0.872428 0.854718
vt 0.895719 0.825641
vt 0.900310 0.852820
vt 0.875315 0.976299
vt 0.880538 0.989666
vt 0.906348 0.975333
vt 0.908202 0.987722
vt 0.636473 0.972524
vt 0.644309 0.994270
vt 0.875657 0.911555
vt 0.906013 0.909989
vt 0.893219 0.812310
vt 0.918105 0.808568
vt 0.743822 0.065884
vt 0.745002 0.167368
vt 0.867693 0.814309
vt 0.864932 0.790531
vt 0.888083 0.788203
vt 0.911873 0.784778
vt 0.936595 0.907566
vt 0.936920 0.973509
vt 0.742685 0.010553
vt 0.980392 0.117895
vt 0.977421 0.147320
vt 0.963751 0.178511
vt 0.962780 0.173591
vt 0.984243 0.028174
vt 0.984102 0.022428
vt 0.934837 0.986467
vt 0.663926 0.803043
vt 0.673609 0.790844
vt 0.983551 0.009269
vt 0.982932 0.001495
vt 0.685083 0.769133
vt 0.646869 0.832149
vt 0.631909 0.898677
vt 0.745943 0.219471
vt 0.745647 0.286922
vt 0.749183 0.346194
vt 0.985074 0.018246
vt 0.974361 0.103702
vt 0.973327 0.097776
vt 0.979198 0.113820
vt 0.963396 0.212673
vt 0.964590 0.198552
vt 0.963338 0.182179
vt 0.962321 0.218156
vt 0.775783 0.459890
vt 0.908288 0.850333
vt 0.905950 0.833898
vt 0.606599 0.557081
vt 0.587263 0.543460
vt 0.587754 0.551560
vt 0.611691 0.569228
vt 0.585577 0.592490
vt 0.585578 0.563088
vt 0.578052 0.568200
vt 0.578052 0.587378
vt 0.591152 0.564054
vt 0.591171 0.588150
vt 0.602911 0.584634
vt 0.602910 0.567556
vt 0.607862 0.592334
vt 0.608353 0.584235
vt 0.589049 0.597832
vt 0.583935 0.609993
s 1
usemtl pasted__lambert2
f 2015/1235/1306 2016/1236/1307 2017/1237/1308
f 2018/1238/1309 2019/1239/1310 2020/1240/1311
f 2021/1241/1312 2017/1237/1308 2022/1242/1313
f 2023/1243/1314 2024/1244/1315 2025/1245/1316
f 2018/1238/1309 2020/1240/1311 2026/1246/1317
f 2027/1235/1318 2028/1237/1319 2029/1236/1320
f 2030/1238/1321 2031/1240/1322 2032/1239/1323
f 2033/1241/1324 2034/1242/1325 2028/1237/1319
f 2035/1243/1326 2036/1245/1327 2037/1244/1328
f 2038/1247/1329 2039/1248/1330 2040/1249/1331
f 2041/1250/1332 2042/1251/1333 2043/1252/1334
f 2044/1253/1335 2045/1254/1336 2043/1252/1334
f 2045/1254/1336 2041/1250/1332 2043/1252/1334
f 2042/1251/1333 2046/1255/1337 2043/1252/1334
f 2047/1256/1338 2044/1253/1335 2043/1252/1334
f 2046/1255/1337 2048/1257/1339 2043/1252/1334
f 2049/1258/1340 2047/1256/1338 2043/1252/1334
f 2048/1257/1339 2050/1259/1341 2043/1252/1334
f 2051/1260/1342 2049/1258/1340 2043/1252/1334
f 2050/1259/1341 2052/1261/1343 2043/1252/1334
f 2053/1262/1344 2051/1260/1342 2043/1252/1334
f 2052/1261/1343 2054/1263/1345 2043/1252/1334
f 2055/1264/1346 2053/1262/1344 2043/1252/1334
f 2054/1263/1345 2056/1265/1347 2043/1252/1334
f 2057/1266/1348 2055/1264/1346 2043/1252/1334
f 2056/1265/1347 2058/1267/1349 2043/1252/1334
f 2058/1267/1349 2059/1268/1350 2043/1252/1334
f 2059/1268/1350 2057/1266/1348 2043/1252/1334
f 2030/1238/1321 2060/1246/1351 2031/1240/1322
f 2061/1269/1352 2062/1270/1353 2063/1271/1354
f 2061/1269/1352 2063/1271/1354 2064/1272/1355
f 2065/1273/1356 2066/1274/1357 2067/1275/1358
f 2065/1273/1356 2067/1275/1358 2068/1276/1359
f 2069/1277/1360 2070/1278/1361 2066/1274/1357
f 2069/1277/1360 2066/1274/1357 2065/1273/1356
f 2071/1279/1362 2072/1280/1363 2070/1278/1361
f 2071/1279/1362 2070/1278/1361 2069/1277/1360
f 2073/1281/1364 2074/1282/1365 2072/1280/1363
f 2073/1281/1364 2072/1280/1363 2071/1279/1362
f 2063/1271/1354 2074/1282/1365 2073/1281/1364
f 2063/1271/1354 2073/1281/1364 2064/1272/1355
f 2075/1283/1366 2076/1284/1367 2077/1285/1368
f 2075/1283/1366 2077/1285/1368 2078/1286/1369
f 2078/1286/1369 2077/1285/1368 2079/1287/1370
f 2078/1286/1369 2079/1287/1370 2080/1288/1371
f 2081/1289/1372 2082/1290/1373 2083/1291/1374
f 2081/1289/1372 2083/1291/1374 2084/1292/1375
f 2085/1293/1376 2086/1294/1377 2082/1290/1373
f 2085/1293/1376 2082/1290/1373 2081/1289/1372
f 2087/1295/1378 2088/1296/1379 2086/1294/1377
f 2087/1295/1378 2086/1294/1377 2085/1293/1376
f 2080/1288/1371 2079/1287/1370 2088/1296/1379
f 2080/1288/1371 2088/1296/1379 2087/1295/1378
f 2089/1297/1380 2063/1271/1354 2062/1270/1353
f 2089/1297/1380 2062/1270/1353 2090/1298/1381
f 2091/1299/1382 2067/1275/1358 2066/1274/1357
f 2091/1299/1382 2066/1274/1357 2092/1300/1383
f 2066/1274/1357 2070/1278/1361 2093/1301/1384
f 2066/1274/1357 2093/1301/1384 2092/1300/1383
f 2070/1278/1361 2072/1280/1363 2094/1302/1385
f 2070/1278/1361 2094/1302/1385 2093/1301/1384
f 2072/1280/1363 2074/1282/1365 2095/1303/1386
f 2072/1280/1363 2095/1303/1386 2094/1302/1385
f 2074/1282/1365 2063/1271/1354 2089/1297/1380
f 2074/1282/1365 2089/1297/1380 2095/1303/1386
f 2096/1304/1387 2097/1305/1388 2015/1235/1306
f 2096/1304/1387 2015/1235/1306 2098/1306/1367
f 2099/1307/1389 2100/1308/1390 2097/1305/1388
f 2099/1307/1389 2097/1305/1388 2096/1304/1387
f 2101/1309/1373 2019/1239/1310 2102/1310/1391
f 2101/1309/1373 2102/1310/1391 2103/1311/1374
f 2104/1312/1377 2020/1240/1311 2019/1239/1310
f 2104/1312/1377 2019/1239/1310 2101/1309/1373
f 2105/1313/1392 2026/1246/1317 2020/1240/1311
f 2105/1313/1392 2020/1240/1311 2104/1312/1377
f 2106/1314/1370 2021/1241/1312 2026/1246/1317
f 2106/1314/1370 2026/1246/1317 2105/1313/1392
f 2107/1315/1368 2017/1237/1308 2021/1241/1312
f 2107/1315/1368 2021/1241/1312 2106/1314/1370
f 2108/1316/1393 2109/1317/1394 2017/1237/1308
f 2108/1316/1393 2017/1237/1308 2016/1236/1307
f 2064/1272/1355 2073/1281/1364 2110/1318/1395
f 2064/1272/1355 2110/1318/1395 2111/1319/1396
f 2061/1269/1352 2064/1272/1355 2111/1319/1396
f 2061/1269/1352 2111/1319/1396 2112/1320/1397
f 2065/1273/1356 2068/1276/1359 2113/1321/1398
f 2065/1273/1356 2113/1321/1398 2114/1322/1399
f 2069/1277/1360 2065/1273/1356 2114/1322/1399
f 2069/1277/1360 2114/1322/1399 2115/1323/1400
f 2071/1279/1362 2069/1277/1360 2115/1323/1400
f 2071/1279/1362 2115/1323/1400 2116/1324/1401
f 2073/1281/1364 2071/1279/1362 2116/1324/1401
f 2073/1281/1364 2116/1324/1401 2110/1318/1395
f 2117/1319/1402 2118/1325/1403 2119/1326/1404
f 2117/1319/1402 2119/1326/1404 2120/1320/1405
f 2121/1321/1406 2122/1327/1407 2123/1328/1408
f 2121/1321/1406 2123/1328/1408 2124/1322/1409
f 2124/1322/1409 2123/1328/1408 2125/1329/1410
f 2124/1322/1409 2125/1329/1410 2126/1323/1411
f 2126/1323/1411 2125/1329/1410 2127/1330/1412
f 2126/1323/1411 2127/1330/1412 2128/1324/1413
f 2128/1324/1413 2127/1330/1412 2129/1331/1414
f 2128/1324/1413 2129/1331/1414 2130/1318/1415
f 2130/1318/1415 2129/1331/1414 2118/1325/1403
f 2130/1318/1415 2118/1325/1403 2117/1319/1402
f 2084/1292/1375 2091/1299/1382 2092/1300/1383
f 2084/1292/1375 2092/1300/1383 2081/1289/1372
f 2081/1289/1372 2092/1300/1383 2093/1301/1384
f 2081/1289/1372 2093/1301/1384 2085/1293/1376
f 2085/1293/1376 2093/1301/1384 2094/1302/1385
f 2085/1293/1376 2094/1302/1385 2087/1295/1378
f 2087/1295/1378 2094/1302/1385 2095/1303/1386
f 2087/1295/1378 2095/1303/1386 2080/1288/1371
f 2080/1288/1371 2095/1303/1386 2089/1297/1380
f 2080/1288/1371 2089/1297/1380 2078/1286/1369
f 2078/1286/1369 2089/1297/1380 2090/1298/1381
f 2078/1286/1369 2090/1298/1381 2075/1283/1366
f 2131/1332/1416 2132/1333/1417 2133/1334/1418
f 2131/1332/1416 2133/1334/1418 2134/1335/1419
f 2135/1336/1420 2136/1337/1421 2134/1335/1419
f 2135/1336/1420 2134/1335/1419 2133/1334/1418
f 2136/1337/1421 2135/1336/1420 2137/1338/1422
f 2136/1337/1421 2137/1338/1422 2138/1339/1423
f 2139/1340/1424 2133/1334/1418 2132/1333/1417
f 2139/1340/1424 2132/1333/1417 2140/1341/1425
f 2139/1340/1424 2141/1342/1426 2135/1336/1420
f 2139/1340/1424 2135/1336/1420 2133/1334/1418
f 2140/1341/1425 2132/1333/1417 2142/1343/1427
f 2140/1341/1425 2142/1343/1427 2143/1344/1428
f 2143/1344/1428 2142/1343/1427 2144/1345/1429
f 2143/1344/1428 2144/1345/1429 2145/1346/1430
f 2135/1336/1420 2141/1342/1426 2146/1347/1431
f 2135/1336/1420 2146/1347/1431 2137/1338/1422
f 2147/1348/1432 2148/1349/1433 2149/1350/1434
f 2147/1348/1432 2149/1350/1434 2150/1351/1435
f 2148/1349/1433 2151/1352/1436 2152/1353/1437
f 2148/1349/1433 2152/1353/1437 2149/1350/1434
f 2153/1354/1438 2154/1355/1439 2024/1244/1315
f 2153/1354/1438 2024/1244/1315 2155/1356/1440
f 2100/1308/1390 2150/1351/1435 2149/1350/1434
f 2100/1308/1390 2149/1350/1434 2097/1305/1388
f 2097/1305/1388 2149/1350/1434 2152/1353/1437
f 2097/1305/1388 2152/1353/1437 2015/1235/1306
f 2156/1357/1441 2152/1353/1437 2151/1352/1436
f 2156/1357/1441 2151/1352/1436 2157/1358/1442
f 2025/1245/1316 2024/1244/1315 2154/1355/1439
f 2025/1245/1316 2154/1355/1439 2158/1359/1443
f 2023/1243/1314 2025/1245/1316 2159/1360/1444
f 2023/1243/1314 2159/1360/1444 2160/1361/1445
f 2159/1360/1444 2025/1245/1316 2158/1359/1443
f 2159/1360/1444 2158/1359/1443 2161/1362/1446
f 2162/1363/1447 2163/1364/1448 2164/1365/1449
f 2162/1363/1447 2164/1365/1449 2165/1366/1450
f 2166/1367/1451 2167/1349/1452 2147/1348/1453
f 2166/1367/1451 2147/1348/1453 2168/1368/1454
f 2169/1369/1455 2170/1352/1456 2167/1349/1452
f 2169/1369/1455 2167/1349/1452 2166/1367/1451
f 2171/1370/1457 2172/1358/1458 2170/1352/1456
f 2171/1370/1457 2170/1352/1456 2169/1369/1455
f 2016/1236/1307 2015/1235/1306 2152/1353/1437
f 2016/1236/1307 2152/1353/1437 2156/1357/1441
f 2173/1371/1459 2155/1356/1440 2024/1244/1315
f 2173/1371/1459 2024/1244/1315 2023/1243/1314
f 2160/1361/1445 2174/1372/1460 2173/1371/1459
f 2160/1361/1445 2173/1371/1459 2023/1243/1314
f 2175/1373/1461 2176/1374/1462 2177/1375/1463
f 2175/1373/1461 2177/1375/1463 2178/1376/1464
f 2179/1377/1465 2177/1375/1463 2176/1374/1462
f 2179/1377/1465 2176/1374/1462 2174/1372/1460
f 2176/1374/1462 2164/1365/1449 2173/1371/1459
f 2176/1374/1462 2173/1371/1459 2174/1372/1460
f 2177/1375/1463 2179/1377/1465 2156/1357/1441
f 2177/1375/1463 2156/1357/1441 2157/1358/1442
f 2165/1366/1450 2164/1365/1449 2176/1374/1462
f 2165/1366/1450 2176/1374/1462 2175/1373/1461
f 2178/1376/1464 2177/1375/1463 2172/1358/1458
f 2178/1376/1464 2172/1358/1458 2171/1370/1457
f 2179/1377/1465 2108/1316/1393 2016/1236/1307
f 2179/1377/1465 2016/1236/1307 2156/1357/1441
f 2180/1378/1466 2181/1379/1467 2153/1354/1438
f 2180/1378/1466 2153/1354/1438 2155/1356/1440
f 2181/1379/1467 2180/1378/1466 2164/1365/1449
f 2181/1379/1467 2164/1365/1449 2163/1364/1448
f 2180/1378/1466 2155/1356/1440 2173/1371/1459
f 2180/1378/1466 2173/1371/1459 2164/1365/1449
f 2182/1380/1468 2183/1381/1469 2184/1382/1470
f 2182/1380/1468 2184/1382/1470 2185/1383/1471
f 2186/1384/1472 2187/1385/1473 2183/1381/1469
f 2186/1384/1472 2183/1381/1469 2182/1380/1468
f 2188/1386/1474 2189/1387/1475 2190/1388/1476
f 2188/1386/1474 2190/1388/1476 2191/1389/1477
f 2192/1390/1478 2189/1387/1475 2188/1386/1474
f 2192/1390/1478 2188/1386/1474 2193/1391/1479
f 2194/1392/1480 2195/1393/1481 2185/1383/1471
f 2194/1392/1480 2185/1383/1471 2184/1382/1470
f 2134/1335/1419 2136/1337/1421 2018/1238/1309
f 2134/1335/1419 2018/1238/1309 2022/1242/1313
f 2018/1238/1309 2136/1337/1421 2138/1339/1423
f 2018/1238/1309 2138/1339/1423 2196/1394/1482
f 2195/1393/1481 2194/1392/1480 2192/1390/1478
f 2195/1393/1481 2192/1390/1478 2193/1391/1479
f 2022/1242/1313 2197/1395/1483 2131/1332/1416
f 2022/1242/1313 2131/1332/1416 2134/1335/1419
f 2198/1392/1484 2199/1396/1485 2200/1397/1486
f 2198/1392/1484 2200/1397/1486 2192/1390/1478
f 2199/1396/1485 2198/1392/1484 2201/1382/1487
f 2199/1396/1485 2201/1382/1487 2202/1398/1488
f 2183/1381/1469 2203/1399/1489 2202/1398/1488
f 2183/1381/1469 2202/1398/1488 2201/1382/1487
f 2187/1385/1473 2204/1400/1490 2203/1399/1489
f 2187/1385/1473 2203/1399/1489 2183/1381/1469
f 2189/1387/1475 2205/1401/1491 2206/1402/1492
f 2189/1387/1475 2206/1402/1492 2190/1388/1476
f 2200/1397/1486 2205/1401/1491 2189/1387/1475
f 2200/1397/1486 2189/1387/1475 2192/1390/1478
f 2015/1235/1306 2017/1237/1308 2107/1315/1368
f 2015/1235/1306 2107/1315/1368 2098/1306/1367
f 2207/1396/1493 2131/1332/1416 2197/1395/1483
f 2207/1396/1493 2197/1395/1483 2200/1397/1486
f 2132/1333/1417 2131/1332/1416 2207/1396/1493
f 2132/1333/1417 2207/1396/1493 2208/1398/1494
f 2203/1399/1489 2142/1343/1427 2132/1333/1417
f 2203/1399/1489 2132/1333/1417 2208/1398/1494
f 2204/1400/1490 2144/1345/1429 2142/1343/1427
f 2204/1400/1490 2142/1343/1427 2203/1399/1489
f 2205/1401/1491 2159/1360/1444 2161/1362/1446
f 2205/1401/1491 2161/1362/1446 2206/1402/1492
f 2197/1395/1483 2159/1360/1444 2205/1401/1491
f 2197/1395/1483 2205/1401/1491 2200/1397/1486
f 2209/1383/1495 2210/1403/1496 2211/1404/1497
f 2209/1383/1495 2211/1404/1497 2182/1380/1468
f 2182/1380/1468 2211/1404/1497 2212/1405/1498
f 2182/1380/1468 2212/1405/1498 2186/1384/1472
f 2191/1389/1477 2213/1406/1499 2214/1407/1500
f 2191/1389/1477 2214/1407/1500 2188/1386/1474
f 2193/1391/1479 2215/1408/1501 2216/1409/1502
f 2193/1391/1479 2216/1409/1502 2217/1393/1503
f 2217/1393/1503 2216/1409/1502 2210/1403/1496
f 2217/1393/1503 2210/1403/1496 2209/1383/1495
f 2188/1386/1474 2214/1407/1500 2215/1408/1501
f 2188/1386/1474 2215/1408/1501 2193/1391/1479
f 2139/1340/1424 2218/1410/1504 2219/1411/1505
f 2139/1340/1424 2219/1411/1505 2141/1342/1426
f 2141/1342/1426 2219/1411/1505 2220/1412/1506
f 2141/1342/1426 2220/1412/1506 2146/1347/1431
f 2145/1346/1430 2221/1413/1507 2222/1414/1508
f 2145/1346/1430 2222/1414/1508 2143/1344/1428
f 2143/1344/1428 2222/1414/1508 2223/1415/1509
f 2143/1344/1428 2223/1415/1509 2140/1341/1425
f 2140/1341/1425 2223/1415/1509 2218/1410/1504
f 2140/1341/1425 2218/1410/1504 2139/1340/1424
f 2022/1242/1313 2017/1237/1308 2109/1317/1394
f 2022/1242/1313 2109/1317/1394 2224/1416/1510
f 2108/1316/1393 2225/1417/1511 2224/1416/1510
f 2108/1316/1393 2224/1416/1510 2109/1317/1394
f 2225/1417/1511 2197/1395/1483 2022/1242/1313
f 2225/1417/1511 2022/1242/1313 2224/1416/1510
f 2225/1417/1511 2160/1361/1445 2159/1360/1444
f 2225/1417/1511 2159/1360/1444 2197/1395/1483
f 2226/1418/1512 2227/1419/1513 2219/1411/1505
f 2226/1418/1512 2219/1411/1505 2218/1410/1504
f 2227/1419/1513 2228/1248/1514 2220/1412/1506
f 2227/1419/1513 2220/1412/1506 2219/1411/1505
f 2221/1413/1507 2229/1420/1515 2230/1421/1516
f 2221/1413/1507 2230/1421/1516 2222/1414/1508
f 2222/1414/1508 2230/1421/1516 2231/1422/1517
f 2222/1414/1508 2231/1422/1517 2223/1415/1509
f 2223/1415/1509 2231/1422/1517 2226/1418/1512
f 2223/1415/1509 2226/1418/1512 2218/1410/1504
f 2230/1421/1516 2232/1420/1518 2233/1423/1519
f 2230/1421/1516 2233/1423/1519 2231/1422/1517
f 2231/1422/1517 2233/1423/1519 2234/1424/1520
f 2231/1422/1517 2234/1424/1520 2226/1418/1512
f 2235/1425/1521 2227/1419/1513 2226/1418/1512
f 2235/1425/1521 2226/1418/1512 2234/1424/1520
f 2038/1247/1329 2228/1248/1514 2227/1419/1513
f 2038/1247/1329 2227/1419/1513 2235/1425/1521
f 2018/1238/1309 2026/1246/1317 2021/1241/1312
f 2018/1238/1309 2021/1241/1312 2022/1242/1313
f 2018/1238/1309 2196/1394/1482 2102/1310/1391
f 2018/1238/1309 2102/1310/1391 2019/1239/1310
f 2236/1426/1522 2237/1427/1523 2238/1428/1353
f 2236/1426/1522 2238/1428/1353 2239/1429/1352
f 2240/1430/1524 2241/1431/1525 2242/1432/1526
f 2240/1430/1524 2242/1432/1526 2243/1433/1366
f 2238/1428/1353 2237/1427/1523 2244/1434/1527
f 2238/1428/1353 2244/1434/1527 2245/1435/1381
f 2236/1426/1522 2239/1429/1352 2246/1436/1397
f 2236/1426/1522 2246/1436/1397 2247/1437/1528
f 2248/1436/1405 2249/1438/1529 2250/1439/1530
f 2248/1436/1405 2250/1439/1530 2251/1437/1531
f 2243/1433/1366 2245/1435/1381 2244/1434/1527
f 2243/1433/1366 2244/1434/1527 2240/1430/1524
f 2252/1440/1532 2253/1441/1533 2254/1442/1534
f 2252/1440/1532 2254/1442/1534 2255/1443/1535
f 2256/1269/1536 2257/1272/1537 2258/1271/1538
f 2256/1269/1536 2258/1271/1538 2259/1270/1539
f 2260/1444/1540 2256/1269/1536 2259/1270/1539
f 2260/1444/1540 2259/1270/1539 2261/1445/1541
f 2262/1446/1542 2260/1444/1540 2261/1445/1541
f 2262/1446/1542 2261/1445/1541 2263/1447/1543
f 2264/1273/1544 2265/1276/1545 2266/1275/1546
f 2264/1273/1544 2266/1275/1546 2267/1274/1547
f 2268/1277/1548 2264/1273/1544 2267/1274/1547
f 2268/1277/1548 2267/1274/1547 2269/1278/1549
f 2270/1279/1550 2268/1277/1548 2269/1278/1549
f 2270/1279/1550 2269/1278/1549 2271/1280/1551
f 2272/1281/1552 2270/1279/1550 2271/1280/1551
f 2272/1281/1552 2271/1280/1551 2273/1282/1553
f 2258/1271/1538 2257/1272/1537 2272/1281/1552
f 2258/1271/1538 2272/1281/1552 2273/1282/1553
f 2274/1283/1554 2275/1286/1555 2276/1285/1556
f 2274/1283/1554 2276/1285/1556 2277/1284/1557
f 2275/1286/1555 2278/1288/1558 2279/1287/1559
f 2275/1286/1555 2279/1287/1559 2276/1285/1556
f 2280/1448/1560 2274/1283/1554 2277/1284/1557
f 2280/1448/1560 2277/1284/1557 2281/1449/1561
f 2282/1450/1562 2280/1448/1560 2281/1449/1561
f 2282/1450/1562 2281/1449/1561 2283/1451/1563
f 2284/1291/1564 2285/1292/1565 2286/1452/1375
f 2284/1291/1564 2286/1452/1375 2287/1453/1566
f 2288/1289/1567 2285/1292/1565 2284/1291/1564
f 2288/1289/1567 2284/1291/1564 2289/1290/1568
f 2290/1293/1569 2288/1289/1567 2289/1290/1568
f 2290/1293/1569 2289/1290/1568 2291/1294/1570
f 2292/1295/1571 2290/1293/1569 2291/1294/1570
f 2292/1295/1571 2291/1294/1570 2293/1296/1572
f 2278/1288/1558 2292/1295/1571 2293/1296/1572
f 2278/1288/1558 2293/1296/1572 2279/1287/1559
f 2294/1297/1573 2295/1298/1574 2259/1270/1539
f 2294/1297/1573 2259/1270/1539 2258/1271/1538
f 2259/1270/1539 2295/1298/1574 2296/1454/1575
f 2259/1270/1539 2296/1454/1575 2261/1445/1541
f 2261/1445/1541 2296/1454/1575 2297/1455/1576
f 2261/1445/1541 2297/1455/1576 2263/1447/1543
f 2298/1299/1577 2299/1300/1578 2267/1274/1547
f 2298/1299/1577 2267/1274/1547 2266/1275/1546
f 2267/1274/1547 2299/1300/1578 2300/1301/1579
f 2267/1274/1547 2300/1301/1579 2269/1278/1549
f 2269/1278/1549 2300/1301/1579 2301/1302/1580
f 2269/1278/1549 2301/1302/1580 2271/1280/1551
f 2271/1280/1551 2301/1302/1580 2302/1303/1581
f 2271/1280/1551 2302/1303/1581 2273/1282/1553
f 2273/1282/1553 2302/1303/1581 2294/1297/1573
f 2273/1282/1553 2294/1297/1573 2258/1271/1538
f 2303/1456/1582 2262/1446/1542 2252/1440/1532
f 2303/1456/1582 2252/1440/1532 2304/1457/1583
f 2305/1304/1561 2306/1306/1584 2027/1235/1318
f 2305/1304/1561 2027/1235/1318 2307/1305/1585
f 2308/1307/1563 2305/1304/1561 2307/1305/1585
f 2308/1307/1563 2307/1305/1585 2309/1308/1586
f 2310/1309/1568 2311/1311/1564 2312/1310/1587
f 2310/1309/1568 2312/1310/1587 2032/1239/1323
f 2313/1312/1570 2310/1309/1568 2032/1239/1323
f 2313/1312/1570 2032/1239/1323 2031/1240/1322
f 2314/1313/1588 2313/1312/1570 2031/1240/1322
f 2314/1313/1588 2031/1240/1322 2060/1246/1351
f 2315/1314/1559 2314/1313/1588 2060/1246/1351
f 2315/1314/1559 2060/1246/1351 2033/1241/1324
f 2316/1315/1556 2315/1314/1559 2033/1241/1324
f 2316/1315/1556 2033/1241/1324 2028/1237/1319
f 2317/1394/1589 2312/1310/1587 2318/1458/1391
f 2317/1394/1589 2318/1458/1391 2319/1459/1482
f 2320/1316/1590 2029/1236/1320 2028/1237/1319
f 2320/1316/1590 2028/1237/1319 2321/1317/1591
f 2257/1272/1537 2322/1319/1592 2323/1318/1593
f 2257/1272/1537 2323/1318/1593 2272/1281/1552
f 2256/1269/1536 2324/1320/1594 2322/1319/1592
f 2256/1269/1536 2322/1319/1592 2257/1272/1537
f 2260/1444/1540 2325/1460/1595 2324/1320/1594
f 2260/1444/1540 2324/1320/1594 2256/1269/1536
f 2303/1456/1582 2325/1460/1595 2260/1444/1540
f 2303/1456/1582 2260/1444/1540 2262/1446/1542
f 2264/1273/1544 2326/1322/1596 2327/1321/1597
f 2264/1273/1544 2327/1321/1597 2265/1276/1545
f 2268/1277/1548 2328/1323/1598 2326/1322/1596
f 2268/1277/1548 2326/1322/1596 2264/1273/1544
f 2270/1279/1550 2329/1324/1599 2328/1323/1598
f 2270/1279/1550 2328/1323/1598 2268/1277/1548
f 2272/1281/1552 2323/1318/1593 2329/1324/1599
f 2272/1281/1552 2329/1324/1599 2270/1279/1550
f 2330/1319/1600 2331/1320/1601 2332/1326/1602
f 2330/1319/1600 2332/1326/1602 2333/1325/1603
f 2331/1320/1601 2334/1460/1604 2335/1461/1605
f 2331/1320/1601 2335/1461/1605 2332/1326/1602
f 2334/1460/1604 2336/1456/1606 2337/1462/1607
f 2334/1460/1604 2337/1462/1607 2335/1461/1605
f 2337/1462/1607 2336/1456/1606 2338/1457/1608
f 2337/1462/1607 2338/1457/1608 2339/1463/1609
f 2340/1321/1610 2341/1322/1611 2342/1328/1612
f 2340/1321/1610 2342/1328/1612 2343/1327/1613
f 2341/1322/1611 2344/1323/1614 2345/1329/1615
f 2341/1322/1611 2345/1329/1615 2342/1328/1612
f 2344/1323/1614 2346/1324/1616 2347/1330/1617
f 2344/1323/1614 2347/1330/1617 2345/1329/1615
f 2346/1324/1616 2348/1318/1618 2349/1331/1619
f 2346/1324/1616 2349/1331/1619 2347/1330/1617
f 2348/1318/1618 2330/1319/1600 2333/1325/1603
f 2348/1318/1618 2333/1325/1603 2349/1331/1619
f 2350/1464/1620 2255/1443/1535 2263/1447/1543
f 2350/1464/1620 2263/1447/1543 2297/1455/1576
f 2274/1283/1554 2280/1448/1560 2296/1454/1575
f 2274/1283/1554 2296/1454/1575 2295/1298/1574
f 2280/1448/1560 2282/1450/1562 2297/1455/1576
f 2280/1448/1560 2297/1455/1576 2296/1454/1575
f 2297/1455/1576 2282/1450/1562 2351/1465/1621
f 2297/1455/1576 2351/1465/1621 2350/1464/1620
f 2285/1292/1565 2288/1289/1567 2299/1300/1578
f 2285/1292/1565 2299/1300/1578 2298/1299/1577
f 2288/1289/1567 2290/1293/1569 2300/1301/1579
f 2288/1289/1567 2300/1301/1579 2299/1300/1578
f 2290/1293/1569 2292/1295/1571 2301/1302/1580
f 2290/1293/1569 2301/1302/1580 2300/1301/1579
f 2292/1295/1571 2278/1288/1558 2302/1303/1581
f 2292/1295/1571 2302/1303/1581 2301/1302/1580
f 2278/1288/1558 2275/1286/1555 2294/1297/1573
f 2278/1288/1558 2294/1297/1573 2302/1303/1581
f 2275/1286/1555 2274/1283/1554 2295/1298/1574
f 2275/1286/1555 2295/1298/1574 2294/1297/1573
f 2352/1332/1622 2353/1335/1623 2354/1334/1624
f 2352/1332/1622 2354/1334/1624 2355/1333/1625
f 2356/1336/1626 2354/1334/1624 2353/1335/1623
f 2356/1336/1626 2353/1335/1623 2357/1337/1627
f 2357/1337/1627 2358/1339/1628 2359/1338/1629
f 2357/1337/1627 2359/1338/1629 2356/1336/1626
f 2360/1340/1630 2361/1341/1631 2355/1333/1625
f 2360/1340/1630 2355/1333/1625 2354/1334/1624
f 2360/1340/1630 2354/1334/1624 2356/1336/1626
f 2360/1340/1630 2356/1336/1626 2362/1342/1632
f 2361/1341/1631 2363/1344/1633 2364/1343/1634
f 2361/1341/1631 2364/1343/1634 2355/1333/1625
f 2363/1344/1633 2145/1346/1430 2144/1345/1429
f 2363/1344/1633 2144/1345/1429 2364/1343/1634
f 2356/1336/1626 2359/1338/1629 2365/1347/1635
f 2356/1336/1626 2365/1347/1635 2362/1342/1632
f 2366/1466/1374 2318/1458/1391 2312/1310/1587
f 2366/1466/1374 2312/1310/1587 2311/1311/1564
f 2367/1348/1636 2368/1351/1637 2369/1350/1638
f 2367/1348/1636 2369/1350/1638 2370/1349/1639
f 2370/1349/1639 2369/1350/1638 2371/1353/1640
f 2370/1349/1639 2371/1353/1640 2372/1352/1641
f 2373/1467/1642 2374/1354/1643 2375/1355/1644
f 2373/1467/1642 2375/1355/1644 2376/1468/1439
f 2374/1354/1643 2377/1356/1645 2037/1244/1328
f 2374/1354/1643 2037/1244/1328 2375/1355/1644
f 2309/1308/1586 2307/1305/1585 2369/1350/1638
f 2309/1308/1586 2369/1350/1638 2368/1351/1637
f 2307/1305/1585 2027/1235/1318 2371/1353/1640
f 2307/1305/1585 2371/1353/1640 2369/1350/1638
f 2378/1357/1646 2379/1358/1647 2372/1352/1641
f 2378/1357/1646 2372/1352/1641 2371/1353/1640
f 2036/1245/1327 2380/1359/1648 2375/1355/1644
f 2036/1245/1327 2375/1355/1644 2037/1244/1328
f 2035/1243/1326 2381/1361/1649 2382/1360/1650
f 2035/1243/1326 2382/1360/1650 2036/1245/1327
f 2382/1360/1650 2383/1362/1651 2380/1359/1648
f 2382/1360/1650 2380/1359/1648 2036/1245/1327
f 2380/1359/1648 2383/1362/1651 2384/1469/1446
f 2380/1359/1648 2384/1469/1446 2385/1470/1443
f 2386/1363/1652 2387/1366/1653 2388/1365/1654
f 2386/1363/1652 2388/1365/1654 2389/1364/1655
f 2367/1348/1636 2390/1368/1656 2391/1471/1454
f 2367/1348/1636 2391/1471/1454 2392/1472/1453
f 2393/1367/1657 2390/1368/1656 2367/1348/1636
f 2393/1367/1657 2367/1348/1636 2394/1349/1658
f 2395/1369/1659 2393/1367/1657 2394/1349/1658
f 2395/1369/1659 2394/1349/1658 2396/1352/1660
f 2397/1370/1661 2395/1369/1659 2396/1352/1660
f 2397/1370/1661 2396/1352/1660 2398/1358/1662
f 2029/1236/1320 2378/1357/1646 2371/1353/1640
f 2029/1236/1320 2371/1353/1640 2027/1235/1318
f 2399/1371/1663 2035/1243/1326 2037/1244/1328
f 2399/1371/1663 2037/1244/1328 2377/1356/1645
f 2283/1451/1563 2400/1473/1389 2351/1465/1621
f 2283/1451/1563 2351/1465/1621 2282/1450/1562
f 2401/1474/1359 2265/1276/1545 2327/1321/1597
f 2401/1474/1359 2327/1321/1597 2402/1475/1398
f 2309/1308/1586 2403/1476/1390 2404/1477/1389
f 2309/1308/1586 2404/1477/1389 2308/1307/1563
f 2385/1470/1443 2376/1468/1439 2375/1355/1644
f 2385/1470/1443 2375/1355/1644 2380/1359/1648
f 2343/1327/1613 2405/1478/1407 2406/1475/1406
f 2343/1327/1613 2406/1475/1406 2340/1321/1610
f 2298/1299/1577 2266/1275/1546 2407/1479/1664
f 2298/1299/1577 2407/1479/1664 2408/1480/1382
f 2298/1299/1577 2408/1480/1382 2286/1452/1375
f 2298/1299/1577 2286/1452/1375 2285/1292/1565
f 2401/1474/1359 2407/1479/1664 2266/1275/1546
f 2401/1474/1359 2266/1275/1546 2265/1276/1545
f 2358/1339/1628 2409/1481/1423 2410/1482/1422
f 2358/1339/1628 2410/1482/1422 2359/1338/1629
f 2359/1338/1629 2410/1482/1422 2411/1483/1431
f 2359/1338/1629 2411/1483/1431 2365/1347/1635
f 2367/1348/1636 2392/1472/1453 2412/1484/1435
f 2367/1348/1636 2412/1484/1435 2368/1351/1637
f 2389/1364/1655 2413/1485/1448 2414/1486/1447
f 2389/1364/1655 2414/1486/1447 2386/1363/1652
f 2309/1308/1586 2368/1351/1637 2412/1484/1435
f 2309/1308/1586 2412/1484/1435 2403/1476/1390
f 2381/1361/1649 2035/1243/1326 2399/1371/1663
f 2381/1361/1649 2399/1371/1663 2415/1372/1665
f 2416/1373/1666 2417/1376/1667 2418/1375/1668
f 2416/1373/1666 2418/1375/1668 2419/1374/1669
f 2420/1377/1670 2415/1372/1665 2419/1374/1669
f 2420/1377/1670 2419/1374/1669 2418/1375/1668
f 2419/1374/1669 2415/1372/1665 2399/1371/1663
f 2419/1374/1669 2399/1371/1663 2388/1365/1654
f 2418/1375/1668 2379/1358/1647 2378/1357/1646
f 2418/1375/1668 2378/1357/1646 2420/1377/1670
f 2387/1366/1653 2416/1373/1666 2419/1374/1669
f 2387/1366/1653 2419/1374/1669 2388/1365/1654
f 2417/1376/1667 2397/1370/1661 2398/1358/1662
f 2417/1376/1667 2398/1358/1662 2418/1375/1668
f 2420/1377/1670 2378/1357/1646 2029/1236/1320
f 2420/1377/1670 2029/1236/1320 2320/1316/1590
f 2374/1354/1643 2373/1467/1642 2421/1487/1671
f 2374/1354/1643 2421/1487/1671 2422/1379/1672
f 2423/1378/1673 2377/1356/1645 2374/1354/1643
f 2423/1378/1673 2374/1354/1643 2422/1379/1672
f 2422/1379/1672 2421/1487/1671 2413/1485/1448
f 2422/1379/1672 2413/1485/1448 2389/1364/1655
f 2422/1379/1672 2389/1364/1655 2388/1365/1654
f 2422/1379/1672 2388/1365/1654 2423/1378/1673
f 2423/1378/1673 2388/1365/1654 2399/1371/1663
f 2423/1378/1673 2399/1371/1663 2377/1356/1645
f 2424/1380/1674 2425/1383/1675 2426/1382/1676
f 2424/1380/1674 2426/1382/1676 2427/1381/1677
f 2186/1384/1472 2424/1380/1674 2427/1381/1677
f 2186/1384/1472 2427/1381/1677 2187/1385/1473
f 2428/1389/1678 2429/1488/1477 2430/1489/1476
f 2428/1389/1678 2430/1489/1476 2431/1388/1679
f 2432/1386/1680 2428/1389/1678 2431/1388/1679
f 2432/1386/1680 2431/1388/1679 2433/1387/1681
f 2434/1390/1682 2435/1391/1683 2432/1386/1680
f 2434/1390/1682 2432/1386/1680 2433/1387/1681
f 2436/1392/1684 2426/1382/1676 2425/1383/1675
f 2436/1392/1684 2425/1383/1675 2437/1393/1685
f 2353/1335/1623 2034/1242/1325 2030/1238/1321
f 2353/1335/1623 2030/1238/1321 2357/1337/1627
f 2030/1238/1321 2317/1394/1589 2358/1339/1628
f 2030/1238/1321 2358/1339/1628 2357/1337/1627
f 2317/1394/1589 2319/1459/1482 2409/1481/1423
f 2317/1394/1589 2409/1481/1423 2358/1339/1628
f 2437/1393/1685 2435/1391/1683 2434/1390/1682
f 2437/1393/1685 2434/1390/1682 2436/1392/1684
f 2034/1242/1325 2353/1335/1623 2352/1332/1622
f 2034/1242/1325 2352/1332/1622 2438/1395/1686
f 2439/1392/1687 2434/1390/1682 2440/1397/1688
f 2439/1392/1687 2440/1397/1688 2441/1396/1689
f 2441/1396/1689 2442/1398/1690 2443/1382/1691
f 2441/1396/1689 2443/1382/1691 2439/1392/1687
f 2427/1381/1677 2443/1382/1691 2442/1398/1690
f 2427/1381/1677 2442/1398/1690 2444/1399/1692
f 2187/1385/1473 2427/1381/1677 2444/1399/1692
f 2187/1385/1473 2444/1399/1692 2204/1400/1490
f 2431/1388/1679 2430/1489/1476 2445/1490/1492
f 2431/1388/1679 2445/1490/1492 2446/1402/1693
f 2433/1387/1681 2431/1388/1679 2446/1402/1693
f 2433/1387/1681 2446/1402/1693 2447/1401/1694
f 2440/1397/1688 2434/1390/1682 2433/1387/1681
f 2440/1397/1688 2433/1387/1681 2447/1401/1694
f 2027/1235/1318 2306/1306/1584 2316/1315/1556
f 2027/1235/1318 2316/1315/1556 2028/1237/1319
f 2448/1396/1695 2440/1397/1688 2438/1395/1686
f 2448/1396/1695 2438/1395/1686 2352/1332/1622
f 2355/1333/1625 2449/1398/1696 2448/1396/1695
f 2355/1333/1625 2448/1396/1695 2352/1332/1622
f 2444/1399/1692 2449/1398/1696 2355/1333/1625
f 2444/1399/1692 2355/1333/1625 2364/1343/1634
f 2204/1400/1490 2444/1399/1692 2364/1343/1634
f 2204/1400/1490 2364/1343/1634 2144/1345/1429
f 2446/1402/1693 2445/1490/1492 2384/1469/1446
f 2446/1402/1693 2384/1469/1446 2383/1362/1651
f 2447/1401/1694 2446/1402/1693 2383/1362/1651
f 2447/1401/1694 2383/1362/1651 2382/1360/1650
f 2438/1395/1686 2440/1397/1688 2447/1401/1694
f 2438/1395/1686 2447/1401/1694 2382/1360/1650
f 2450/1383/1697 2424/1380/1674 2451/1404/1698
f 2450/1383/1697 2451/1404/1698 2452/1403/1699
f 2424/1380/1674 2186/1384/1472 2212/1405/1498
f 2424/1380/1674 2212/1405/1498 2451/1404/1698
f 2429/1488/1477 2428/1389/1678 2453/1406/1700
f 2429/1488/1477 2453/1406/1700 2454/1491/1499
f 2428/1389/1678 2432/1386/1680 2455/1407/1701
f 2428/1389/1678 2455/1407/1701 2453/1406/1700
f 2435/1391/1683 2456/1393/1702 2457/1409/1703
f 2435/1391/1683 2457/1409/1703 2458/1408/1704
f 2456/1393/1702 2450/1383/1697 2452/1403/1699
f 2456/1393/1702 2452/1403/1699 2457/1409/1703
f 2432/1386/1680 2435/1391/1683 2458/1408/1704
f 2432/1386/1680 2458/1408/1704 2455/1407/1701
f 2360/1340/1630 2362/1342/1632 2459/1411/1705
f 2360/1340/1630 2459/1411/1705 2460/1410/1706
f 2362/1342/1632 2365/1347/1635 2461/1412/1707
f 2362/1342/1632 2461/1412/1707 2459/1411/1705
f 2462/1492/1506 2461/1412/1707 2365/1347/1635
f 2462/1492/1506 2365/1347/1635 2411/1483/1431
f 2145/1346/1430 2363/1344/1633 2463/1414/1708
f 2145/1346/1430 2463/1414/1708 2221/1413/1507
f 2363/1344/1633 2361/1341/1631 2464/1415/1709
f 2363/1344/1633 2464/1415/1709 2463/1414/1708
f 2361/1341/1631 2360/1340/1630 2460/1410/1706
f 2361/1341/1631 2460/1410/1706 2464/1415/1709
f 2034/1242/1325 2465/1416/1710 2321/1317/1591
f 2034/1242/1325 2321/1317/1591 2028/1237/1319
f 2320/1316/1590 2321/1317/1591 2465/1416/1710
f 2320/1316/1590 2465/1416/1710 2466/1417/1711
f 2466/1417/1711 2465/1416/1710 2034/1242/1325
f 2466/1417/1711 2034/1242/1325 2438/1395/1686
f 2466/1417/1711 2438/1395/1686 2382/1360/1650
f 2466/1417/1711 2382/1360/1650 2381/1361/1649
f 2467/1418/1712 2460/1410/1706 2459/1411/1705
f 2467/1418/1712 2459/1411/1705 2468/1419/1713
f 2468/1419/1713 2459/1411/1705 2461/1412/1707
f 2468/1419/1713 2461/1412/1707 2039/1248/1330
f 2461/1412/1707 2462/1492/1506 2040/1249/1331
f 2461/1412/1707 2040/1249/1331 2039/1248/1330
f 2221/1413/1507 2463/1414/1708 2469/1421/1714
f 2221/1413/1507 2469/1421/1714 2229/1420/1515
f 2463/1414/1708 2464/1415/1709 2470/1422/1715
f 2463/1414/1708 2470/1422/1715 2469/1421/1714
f 2464/1415/1709 2460/1410/1706 2467/1418/1712
f 2464/1415/1709 2467/1418/1712 2470/1422/1715
f 2469/1421/1714 2470/1422/1715 2233/1423/1519
f 2469/1421/1714 2233/1423/1519 2232/1420/1518
f 2470/1422/1715 2467/1418/1712 2234/1424/1520
f 2470/1422/1715 2234/1424/1520 2233/1423/1519
f 2235/1425/1521 2234/1424/1520 2467/1418/1712
f 2235/1425/1521 2467/1418/1712 2468/1419/1713
f 2038/1247/1329 2235/1425/1521 2468/1419/1713
f 2038/1247/1329 2468/1419/1713 2039/1248/1330
f 2262/1446/1542 2263/1447/1543 2471/1493/1716
f 2262/1446/1542 2471/1493/1716 2472/1494/1717
f 2263/1447/1543 2255/1443/1535 2254/1442/1534
f 2263/1447/1543 2254/1442/1534 2471/1493/1716
f 2262/1446/1542 2472/1494/1717 2253/1441/1533
f 2262/1446/1542 2253/1441/1533 2252/1440/1532
f 2473/1495/1718 2474/1496/1718 2475/1497/1718
f 2473/1495/1718 2475/1497/1718 2476/1498/1718
f 2477/1499/1719 2478/1500/1534 2479/1501/1720
f 2477/1499/1719 2479/1501/1720 2480/1502/1720
f 2481/1503/1721 2482/1504/1721 2483/1505/1722
f 2481/1503/1721 2483/1505/1722 2484/1506/1721
f 2030/1238/1321 2034/1242/1325 2033/1241/1324
f 2030/1238/1321 2033/1241/1324 2060/1246/1351
f 2030/1238/1321 2032/1239/1323 2312/1310/1587
f 2030/1238/1321 2312/1310/1587 2317/1394/1589
f 2252/1440/1532 2255/1443/1535 2237/1427/1523
f 2252/1440/1532 2237/1427/1523 2236/1426/1522
f 2351/1465/1621 2400/1473/1389 2241/1431/1525
f 2351/1465/1621 2241/1431/1525 2240/1430/1524
f 2237/1427/1523 2255/1443/1535 2350/1464/1620
f 2237/1427/1523 2350/1464/1620 2244/1434/1527
f 2304/1457/1583 2252/1440/1532 2236/1426/1522
f 2304/1457/1583 2236/1426/1522 2247/1437/1528
f 2251/1437/1531 2250/1439/1530 2339/1463/1609
f 2251/1437/1531 2339/1463/1609 2338/1457/1608
f 2240/1430/1524 2244/1434/1527 2350/1464/1620
f 2240/1430/1524 2350/1464/1620 2351/1465/1621
f 2485/1507/1723 2486/1508/1723 2487/1509/1723
f 2485/1507/1723 2487/1509/1723 2488/1510/1723
f 2108/1316/1393 2160/1361/1445 2225/1417/1511
f 2160/1361/1445 2108/1316/1393 2174/1372/1460
f 2174/1372/1460 2108/1316/1393 2179/1377/1465
f 2381/1361/1649 2320/1316/1590 2466/1417/1711
f 2320/1316/1590 2381/1361/1649 2415/1372/1665
f 2320/1316/1590 2415/1372/1665 2420/1377/1670
o polySurface213_pasted__lambert2_0
v 0.092203 0.199113 0.335692
v 0.093211 0.196883 0.335432
v 0.267594 0.321084 -0.013115
v 0.266587 0.322217 -0.012100
vn 0.8357 0.3259 0.4420
vn 0.8353 0.3268 0.4421
vt 0.006345 0.643419
vt 0.008177 0.643808
vt 0.007948 0.357058
vt 0.006769 0.357505
s 1
usemtl pasted__lambert2
f 2489/1511/1724 2490/1512/1725 2491/1513/1724
f 2489/1511/1724 2491/1513/1724 2492/1514/1724
o polySurface214_pasted__lambert2_0
v 0.130702 0.153479 0.421790
v 0.124622 0.154458 0.437215
v 0.126849 0.147299 0.436779
v 0.127694 0.143047 0.427107
v 0.122583 0.159482 0.428108
v 0.121566 0.137903 0.429050
v 0.122390 0.139684 0.400463
v 0.128528 0.144076 0.400731
v 0.122943 0.162034 0.401825
v 0.114539 0.162237 0.401837
v 0.114691 0.160009 0.430397
v 0.116667 0.153069 0.439617
v 0.119590 0.143673 0.439045
v 0.129958 0.154492 0.401366
vn 0.9335 0.3546 0.0528
vn 0.2780 0.0478 0.9594
vn 0.6647 -0.7407 0.0976
vn 0.0091 0.9792 0.2028
vn 0.6645 -0.7350 0.1351
vn 0.6118 -0.7907 -0.0220
vn 0.6592 -0.7517 -0.0201
vn -0.0065 0.9962 0.0870
vn 0.0141 0.9708 0.2393
vn 0.2779 0.0478 0.9594
vn 0.9343 0.3553 0.0281
vt 0.939073 0.357302
vt 0.941518 0.346917
vt 0.936693 0.347006
vt 0.932476 0.352257
vt 0.945611 0.352397
vt 0.927701 0.348689
vt 0.925265 0.370017
vt 0.930788 0.370881
vt 0.946954 0.371012
vt 0.953100 0.370164
vt 0.950461 0.349019
vt 0.943450 0.342061
vt 0.935001 0.341757
vt 0.938961 0.371145
s 1
usemtl pasted__lambert2
f 2493/1515/1726 2494/1516/1727 2495/1517/1727
f 2493/1515/1726 2495/1517/1727 2496/1518/1728
f 2497/1519/1729 2494/1516/1727 2493/1515/1726
f 2498/1520/1730 2499/1521/1731 2500/1522/1732
f 2498/1520/1730 2500/1522/1732 2496/1518/1728
f 2501/1523/1733 2502/1524/1733 2503/1525/1734
f 2501/1523/1733 2503/1525/1734 2497/1519/1729
f 2504/1526/1727 2505/1527/1735 2495/1517/1727
f 2504/1526/1727 2495/1517/1727 2494/1516/1727
f 2495/1517/1727 2505/1527/1735 2498/1520/1730
f 2495/1517/1727 2498/1520/1730 2496/1518/1728
f 2500/1522/1732 2506/1528/1736 2493/1515/1726
f 2500/1522/1732 2493/1515/1726 2496/1518/1728
f 2497/1519/1729 2493/1515/1726 2506/1528/1736
f 2497/1519/1729 2506/1528/1736 2501/1523/1733
f 2497/1519/1729 2503/1525/1734 2504/1526/1727
f 2497/1519/1729 2504/1526/1727 2494/1516/1727
o polySurface215_pasted__lambert2_0
v -0.072010 0.054754 0.168342
v -0.220998 0.311856 0.167386
v -0.223100 0.310577 0.167374
v -0.074112 0.053476 0.168329
vn 0.0006 -0.0106 0.9999
vt 0.207217 0.485497
vt 0.207292 0.278412
vt 0.209147 0.278447
vt 0.209072 0.485532
s 1
usemtl pasted__lambert2
f 2507/1529/1737 2508/1530/1737 2509/1531/1737
f 2507/1529/1737 2509/1531/1737 2510/1532/1737
o polySurface216_pasted__lambert2_0
v 0.075907 0.169336 0.472258
v 0.030688 0.134746 0.465741
v 0.033663 0.131208 0.465526
v 0.075907 0.169336 0.472258
v 0.033663 0.131208 0.465526
v 0.036562 0.129084 0.443587
v 0.081334 0.164311 0.448384
v 0.027790 0.139518 0.444222
v 0.030688 0.134746 0.465741
v 0.075907 0.169336 0.472258
v 0.070480 0.177223 0.449171
vn -0.0589 -0.1100 0.9922
vn 0.6095 -0.7590 0.2292
vn 0.6094 -0.7590 0.2292
vn -0.6265 0.7112 0.3188
vn -0.6265 0.7113 0.3188
vt 0.376855 0.048145
vt 0.378468 0.008270
vt 0.375245 0.008271
vt 0.359779 0.007536
vt 0.359467 0.047350
vt 0.393933 0.007536
vt 0.394243 0.047351
s 0
usemtl pasted__lambert2
f 2511/1533/1738 2512/1534/1738 2513/1535/1738
s 1
f 2514/1533/1739 2515/1535/1740 2516/1536/1740
f 2514/1533/1739 2516/1536/1740 2517/1537/1740
f 2518/1538/1741 2519/1534/1741 2520/1533/1742
f 2518/1538/1741 2520/1533/1742 2521/1539/1742
o polySurface217_pasted__lambert2_0
v 0.001252 0.140037 0.000927
v 0.001252 0.201058 0.004645
v 0.049705 0.189500 0.003941
v 0.049705 0.140037 0.000927
v 0.001252 0.204111 -0.121665
v 0.001252 0.147715 -0.125101
v 0.049705 0.147715 -0.125101
v 0.049705 0.192555 -0.122369
v 0.001252 0.147715 -0.125101
v 0.001252 0.140037 0.000927
v 0.049705 0.140037 0.000927
v 0.049705 0.147715 -0.125101
v 0.049705 0.140037 0.000927
v 0.049705 0.189500 0.003941
v 0.049705 0.192555 -0.122369
v 0.049705 0.147715 -0.125101
v -0.047201 0.147715 -0.125101
v -0.047201 0.192555 -0.122369
v -0.047201 0.189500 0.003941
v -0.047201 0.140037 0.000927
v -0.047201 0.192555 -0.122369
v -0.047201 0.147715 -0.125101
v -0.047201 0.147715 -0.125101
v -0.047201 0.140037 0.000927
v -0.047201 0.140037 0.000927
v -0.047201 0.189500 0.003941
vn -0.0000 0.0608 -0.9981
vn -0.0000 -0.0608 0.9981
vn -0.0000 0.9981 0.0608
vn -1.0000 -0.0000 -0.0000
vn 1.0000 -0.0000 -0.0000
vt 0.539996 0.732134
vt 0.500801 0.732129
vt 0.508220 0.763195
vt 0.539992 0.763199
vt 0.503790 0.589046
vt 0.540015 0.589051
vt 0.540019 0.557985
vt 0.511217 0.557982
vt 0.543093 0.459675
vt 0.543093 0.547722
vt 0.576881 0.547722
vt 0.576881 0.459675
vt 0.511180 0.844148
vt 0.539982 0.844151
vt 0.540011 0.620116
vt 0.511209 0.620113
vt 0.508228 0.701064
vt 0.540000 0.701068
vt 0.509304 0.459675
vt 0.509304 0.547722
s 0
usemtl pasted__lambert2
f 2522/1540/1743 2523/1541/1743 2524/1542/1743
f 2522/1540/1743 2524/1542/1743 2525/1543/1743
f 2526/1544/1744 2527/1545/1744 2528/1546/1744
f 2526/1544/1744 2528/1546/1744 2529/1547/1744
f 2530/1548/1745 2531/1549/1745 2532/1550/1745
f 2530/1548/1745 2532/1550/1745 2533/1551/1745
f 2534/1543/1746 2535/1542/1746 2536/1552/1746
f 2534/1543/1746 2536/1552/1746 2537/1553/1746
f 2538/1554/1747 2539/1555/1747 2540/1556/1747
f 2538/1554/1747 2540/1556/1747 2541/1557/1747
f 2542/1555/1744 2543/1554/1744 2527/1545/1744
f 2542/1555/1744 2527/1545/1744 2526/1544/1744
f 2544/1558/1745 2545/1559/1745 2531/1549/1745
f 2544/1558/1745 2531/1549/1745 2530/1548/1745
f 2546/1557/1743 2547/1556/1743 2523/1541/1743
f 2546/1557/1743 2523/1541/1743 2522/1540/1743
o polySurface218_pasted__lambert2_0
v -0.049534 0.020117 0.463167
v -0.018986 0.068578 0.461710
v -0.022995 0.070888 0.461851
v -0.049534 0.020117 0.463167
v -0.022995 0.070888 0.461851
v -0.026899 0.074462 0.440259
v -0.056847 0.025762 0.439943
v -0.015082 0.067652 0.439844
v -0.018986 0.068578 0.461710
v -0.049534 0.020117 0.463167
v -0.042222 0.017333 0.439429
vn 0.0384 0.0058 0.9992
vn -0.8270 0.4727 0.3042
vn 0.8382 -0.4869 0.2458
vt 0.060879 0.048146
vt 0.062485 0.008271
vt 0.059263 0.008272
vt 0.043797 0.007539
vt 0.043491 0.047354
vt 0.077950 0.007534
vt 0.078268 0.047349
s 0
usemtl pasted__lambert2
f 2548/1560/1748 2549/1561/1748 2550/1562/1748
s 1
f 2551/1560/1749 2552/1562/1749 2553/1563/1749
f 2551/1560/1749 2553/1563/1749 2554/1564/1749
f 2555/1565/1750 2556/1561/1750 2557/1560/1750
f 2555/1565/1750 2557/1560/1750 2558/1566/1750
o polySurface219_pasted__lambert2_0
v -0.075894 0.042196 0.464512
v -0.030675 0.077322 0.462242
v -0.033650 0.080860 0.462458
v -0.075894 0.042196 0.464512
v -0.033650 0.080860 0.462458
v -0.036549 0.085632 0.440939
v -0.081322 0.050082 0.441425
v -0.027777 0.075198 0.440304
v -0.030675 0.077322 0.462242
v -0.075894 0.042196 0.464512
v -0.070467 0.037171 0.440638
vn 0.0589 -0.0113 0.9982
vn -0.6094 0.7255 0.3196
vn -0.6095 0.7255 0.3196
vn 0.6265 -0.7447 0.2301
vt 0.455037 0.048145
vt 0.456652 0.008270
vt 0.453430 0.008270
vt 0.437964 0.007535
vt 0.437649 0.047350
vt 0.472117 0.007538
vt 0.472425 0.047353
s 0
usemtl pasted__lambert2
f 2559/1567/1751 2560/1568/1751 2561/1569/1751
s 1
f 2562/1567/1752 2563/1569/1753 2564/1570/1753
f 2562/1567/1752 2564/1570/1753 2565/1571/1753
f 2566/1572/1754 2567/1568/1754 2568/1567/1754
f 2566/1572/1754 2568/1567/1754 2569/1573/1754
o polySurface220_pasted__lambert2_0
v -0.139358 -0.051932 0.210243
v -0.104983 0.055725 0.051678
v -0.113534 0.058117 0.051804
v -0.148601 -0.049541 0.210368
v -0.106391 0.050858 0.048501
v -0.140880 -0.056798 0.207065
v -0.150123 -0.054407 0.207192
v -0.114942 0.053251 0.048626
v -0.139358 -0.051932 0.210243
v -0.140880 -0.056798 0.207065
v -0.106391 0.050858 0.048501
v -0.104983 0.055725 0.051678
v -0.150123 -0.054407 0.207192
v -0.148601 -0.049541 0.210368
v -0.113534 0.058117 0.051804
v -0.114942 0.053251 0.048626
vn 0.2190 0.7843 0.5804
vn 0.2191 0.7843 0.5804
vn 0.2190 0.7843 0.5805
vn -0.2190 -0.7842 -0.5806
vn 0.9560 -0.2933 0.0085
vn -0.9554 0.2950 -0.0114
vt 0.515228 0.452890
vt 0.515259 0.312610
vt 0.521653 0.312821
vt 0.522100 0.453189
vt 0.532347 0.312809
vt 0.533290 0.453099
vt 0.526420 0.453447
vt 0.525954 0.313064
vt 0.510908 0.453157
vt 0.510959 0.312863
s 1
usemtl pasted__lambert2
f 2570/1574/1755 2571/1575/1756 2572/1576/1756
f 2570/1574/1755 2572/1576/1756 2573/1577/1757
f 2574/1578/1758 2575/1579/1758 2576/1580/1758
f 2574/1578/1758 2576/1580/1758 2577/1581/1758
f 2578/1574/1759 2579/1582/1759 2580/1583/1759
f 2578/1574/1759 2580/1583/1759 2581/1575/1759
f 2582/1580/1760 2583/1577/1760 2584/1576/1760
f 2582/1580/1760 2584/1576/1760 2585/1581/1760
o polySurface221_pasted__lambert2_0
v -0.001239 0.126203 0.239435
v -0.063496 0.126203 0.239435
v -0.063496 0.205665 0.244276
v -0.001239 0.218161 0.245037
v -0.001239 0.226166 0.113635
v -0.063496 0.206470 0.112435
v -0.063496 0.134209 0.108032
v -0.001239 0.134209 0.108032
v -0.001239 0.134209 0.108032
v -0.063496 0.134209 0.108032
v -0.063496 0.130206 0.173734
v -0.001239 0.130206 0.173734
v -0.063496 0.130206 0.173734
v -0.063496 0.134209 0.108032
v -0.063496 0.206470 0.112435
v -0.063496 0.198625 0.177902
v 0.061018 0.134209 0.108032
v 0.061018 0.130206 0.173734
v 0.061018 0.198625 0.177902
v 0.061018 0.206470 0.112435
v 0.061018 0.206470 0.112435
v 0.061018 0.134209 0.108032
v 0.061018 0.134209 0.108032
v 0.061018 0.130206 0.173734
v 0.061018 0.126203 0.239435
v 0.061018 0.205665 0.244276
v 0.061018 0.126203 0.239435
v 0.061018 0.205665 0.244276
v -0.001239 0.126203 0.239435
v 0.061018 0.126203 0.239435
v -0.063496 0.126203 0.239435
v -0.063496 0.126203 0.239435
v -0.063496 0.205665 0.244276
vn -0.0000 0.0608 -0.9981
vn -0.0000 -0.0608 0.9981
vn -0.0000 0.9981 0.0608
vn 1.0000 -0.0000 -0.0000
vn -1.0000 -0.0000 -0.0000
vt 0.424753 0.648485
vt 0.424753 0.608569
vt 0.496558 0.608568
vt 0.504584 0.648484
vt 0.504585 0.812719
vt 0.491933 0.852635
vt 0.424754 0.852635
vt 0.424754 0.812720
vt 0.653766 0.337163
vt 0.697180 0.337163
vt 0.697180 0.383064
vt 0.653766 0.383064
vt 0.424753 0.566367
vt 0.424753 0.524165
vt 0.491932 0.524165
vt 0.489464 0.566367
vt 0.424753 0.772804
vt 0.424753 0.730602
vt 0.489465 0.730602
vt 0.491933 0.772804
vt 0.610352 0.337163
vt 0.610352 0.383064
vt 0.424753 0.688400
vt 0.496558 0.688400
vt 0.653766 0.428964
vt 0.610352 0.428964
vt 0.697180 0.428964
s 0
usemtl pasted__lambert2
f 2586/1584/1761 2587/1585/1761 2588/1586/1761
f 2586/1584/1761 2588/1586/1761 2589/1587/1761
f 2590/1588/1762 2591/1589/1762 2592/1590/1762
f 2590/1588/1762 2592/1590/1762 2593/1591/1762
f 2594/1592/1763 2595/1593/1763 2596/1594/1763
f 2594/1592/1763 2596/1594/1763 2597/1595/1763
f 2598/1596/1764 2599/1597/1764 2600/1598/1764
f 2598/1596/1764 2600/1598/1764 2601/1599/1764
f 2602/1600/1765 2603/1601/1765 2604/1602/1765
f 2602/1600/1765 2604/1602/1765 2605/1603/1765
f 2606/1603/1762 2590/1588/1762 2593/1591/1762
f 2606/1603/1762 2593/1591/1762 2607/1600/1762
f 2608/1604/1763 2594/1592/1763 2597/1595/1763
f 2608/1604/1763 2597/1595/1763 2609/1605/1763
f 2610/1606/1761 2586/1584/1761 2589/1587/1761
f 2610/1606/1761 2589/1587/1761 2611/1607/1761
f 2603/1601/1765 2612/1606/1765 2613/1607/1765
f 2603/1601/1765 2613/1607/1765 2604/1602/1765
f 2597/1595/1763 2614/1608/1763 2615/1609/1763
f 2597/1595/1763 2615/1609/1763 2609/1605/1763
f 2596/1594/1763 2616/1610/1763 2614/1608/1763
f 2596/1594/1763 2614/1608/1763 2597/1595/1763
f 2617/1585/1764 2598/1596/1764 2601/1599/1764
f 2617/1585/1764 2601/1599/1764 2618/1586/1764
o polySurface222_pasted__lambert2_0
v -0.149230 -0.051820 0.213993
v -0.140075 -0.054485 0.213869
v -0.074969 0.119219 0.212455
v -0.083439 0.121884 0.212579
v -0.083602 0.121851 0.202152
v -0.075131 0.119185 0.202028
v -0.140251 -0.054519 0.203442
v -0.149406 -0.051854 0.203566
v -0.140251 -0.054519 0.203442
v -0.075131 0.119185 0.202028
v -0.074969 0.119219 0.212455
v -0.140075 -0.054485 0.213869
v -0.149230 -0.051820 0.213993
v -0.083439 0.121884 0.212579
v -0.083602 0.121851 0.202152
v -0.149406 -0.051854 0.203566
vn 0.0143 0.0028 0.9999
vn 0.0146 0.0026 0.9999
vn 0.0150 0.0025 0.9999
vn 0.0149 0.0025 0.9999
vn -0.0150 -0.0025 -0.9999
vn -0.0151 -0.0025 -0.9999
vn -0.0148 -0.0026 -0.9999
vn -0.0149 -0.0025 -0.9999
vn 0.9362 -0.3511 -0.0143
vn 0.9362 -0.3511 -0.0135
vn 0.9362 -0.3511 -0.0140
vn 0.9362 -0.3511 -0.0142
vn -0.9350 0.3543 0.0141
vn -0.9350 0.3543 0.0134
vn -0.9350 0.3543 0.0135
vn -0.9350 0.3543 0.0143
vt 0.554636 0.453330
vt 0.547790 0.452734
vt 0.549316 0.318992
vt 0.555705 0.319412
vt 0.563220 0.319481
vt 0.569613 0.319168
vt 0.568937 0.452923
vt 0.562082 0.453406
vt 0.540273 0.452659
vt 0.541799 0.318911
s 0
usemtl pasted__lambert2
f 2619/1611/1766 2620/1612/1767 2621/1613/1767
s 1
f 2619/1611/1768 2621/1613/1769 2622/1614/1769
f 2623/1615/1770 2624/1616/1771 2625/1617/1772
f 2623/1615/1770 2625/1617/1772 2626/1618/1773
f 2627/1619/1774 2628/1620/1775 2629/1613/1776
f 2627/1619/1774 2629/1613/1776 2630/1612/1777
f 2631/1611/1778 2632/1614/1779 2633/1615/1780
f 2631/1611/1778 2633/1615/1780 2634/1618/1781
o polySurface223_pasted__lambert2_0
v 0.093113 0.071941 0.466324
v 0.040259 0.093869 0.463251
v 0.038676 0.089527 0.462986
v 0.093113 0.071941 0.466324
v 0.038676 0.089527 0.462986
v 0.037135 0.086622 0.441000
v 0.090225 0.065452 0.442361
v 0.041802 0.099421 0.441779
v 0.040259 0.093869 0.463251
v 0.093113 0.071941 0.466324
v 0.096000 0.081291 0.443326
vn -0.0722 -0.0344 0.9968
vn -0.3393 -0.9147 0.2197
vn 0.3184 0.8888 0.3296
vt 0.615459 0.048145
vt 0.617075 0.008270
vt 0.613850 0.008269
vt 0.598386 0.007535
vt 0.598071 0.047350
vt 0.632539 0.007538
vt 0.632847 0.047353
s 0
usemtl pasted__lambert2
f 2635/1621/1782 2636/1622/1782 2637/1623/1782
s 1
f 2638/1621/1783 2639/1623/1783 2640/1624/1783
f 2638/1621/1783 2640/1624/1783 2641/1625/1783
f 2642/1626/1784 2643/1622/1784 2644/1621/1784
f 2642/1626/1784 2644/1621/1784 2645/1627/1784
o polySurface224_pasted__lambert2_0
v -0.219307 0.103901 0.156586
v -0.222053 0.255764 0.165560
v -0.223850 0.254867 0.180283
v -0.223053 0.103004 0.171308
v -0.229372 0.102627 0.171007
v -0.230169 0.254457 0.180535
v -0.233917 0.255354 0.165813
v -0.231170 0.103524 0.156285
v -0.224553 0.311248 0.170931
v -0.224596 0.310610 0.181395
v -0.229934 0.310323 0.181933
v -0.233226 0.310961 0.171469
v -0.223288 0.054436 0.166343
v -0.219997 0.055073 0.155880
v -0.228670 0.054848 0.155310
v -0.228625 0.054211 0.165773
v -0.224553 0.311248 0.170931
v -0.222053 0.255764 0.165560
v -0.233917 0.255354 0.165813
v -0.233226 0.310961 0.171469
v -0.219307 0.103901 0.156586
v -0.231170 0.103524 0.156285
v -0.219997 0.055073 0.155880
v -0.228670 0.054848 0.155310
v -0.223288 0.054436 0.166343
v -0.223053 0.103004 0.171308
v -0.229372 0.102627 0.171007
v -0.228625 0.054211 0.165773
v -0.223850 0.254867 0.180283
v -0.230169 0.254457 0.180535
v -0.224596 0.310610 0.181395
v -0.229934 0.310323 0.181933
vn 0.9999 0.0121 0.0007
vn 0.9997 0.0244 0.0015
vn -0.9997 -0.0251 -0.0015
vn -0.9999 -0.0118 -0.0007
vn 0.9990 0.0452 0.0028
vn -0.9999 0.0116 0.0007
vn 0.9999 -0.0133 -0.0008
vn -0.9987 -0.0518 -0.0032
vn -0.0017 0.0989 -0.9951
vn -0.0004 0.0696 -0.9976
vn -0.0004 0.0691 -0.9976
vn 0.0004 0.0523 -0.9986
vn 0.0004 0.0518 -0.9987
vn 0.0019 0.0171 -0.9999
vn 0.0019 -0.1044 0.9945
vn 0.0003 -0.0694 0.9976
vn 0.0004 -0.0698 0.9976
vn 0.0019 -0.1036 0.9946
vn -0.0004 -0.0521 0.9986
vn -0.0003 -0.0525 0.9986
vn -0.0017 -0.0226 0.9997
vt 0.726790 0.572661
vt 0.726799 0.457837
vt 0.734974 0.458031
vt 0.735311 0.572358
vt 0.737135 0.572581
vt 0.736796 0.458295
vt 0.745330 0.458207
vt 0.745302 0.572598
vt 0.731506 0.415853
vt 0.736362 0.416192
vt 0.737460 0.416369
vt 0.742931 0.416278
vt 0.736977 0.608953
vt 0.731521 0.609392
vt 0.742961 0.609152
vt 0.738086 0.609064
vt 0.746522 0.415882
vt 0.751318 0.457856
vt 0.751303 0.572668
vt 0.746578 0.609407
s 1
usemtl pasted__lambert2
f 2646/1628/1785 2647/1629/1786 2648/1630/1786
f 2646/1628/1785 2648/1630/1786 2649/1631/1785
f 2650/1632/1787 2651/1633/1788 2652/1634/1788
f 2650/1632/1787 2652/1634/1788 2653/1635/1787
f 2648/1630/1786 2647/1629/1786 2654/1636/1789
f 2648/1630/1786 2654/1636/1789 2655/1637/1789
f 2656/1638/1790 2657/1639/1790 2652/1634/1788
f 2656/1638/1790 2652/1634/1788 2651/1633/1788
f 2658/1640/1791 2659/1641/1791 2646/1628/1785
f 2658/1640/1791 2646/1628/1785 2649/1631/1785
f 2650/1632/1787 2653/1635/1787 2660/1642/1792
f 2650/1632/1787 2660/1642/1792 2661/1643/1792
f 2662/1644/1793 2663/1645/1794 2664/1634/1795
f 2662/1644/1793 2664/1634/1795 2665/1639/1793
f 2664/1634/1795 2663/1645/1794 2666/1646/1796
f 2664/1634/1795 2666/1646/1796 2667/1635/1797
f 2667/1635/1797 2666/1646/1796 2668/1647/1798
f 2667/1635/1797 2668/1647/1798 2669/1642/1798
f 2670/1640/1799 2671/1631/1800 2672/1632/1801
f 2670/1640/1799 2672/1632/1801 2673/1643/1802
f 2672/1632/1801 2671/1631/1800 2674/1630/1803
f 2672/1632/1801 2674/1630/1803 2675/1633/1804
f 2675/1633/1804 2674/1630/1803 2676/1637/1805
f 2675/1633/1804 2676/1637/1805 2677/1638/1805
o polySurface225_pasted__lambert2_0
v 0.075907 0.042195 0.464512
v 0.033663 0.080860 0.462458
v 0.030688 0.077320 0.462242
v 0.075907 0.042195 0.464512
v 0.030688 0.077320 0.462242
v 0.027790 0.075198 0.440304
v 0.070480 0.037171 0.440638
v 0.036562 0.085632 0.440939
v 0.033663 0.080860 0.462458
v 0.075907 0.042195 0.464512
v 0.081334 0.050082 0.441425
vn -0.0589 -0.0113 0.9982
vn -0.6265 -0.7447 0.2300
vn 0.6094 0.7255 0.3197
vn 0.6095 0.7255 0.3197
vn 0.6095 0.7255 0.3196
vt 0.695263 0.048147
vt 0.696886 0.008272
vt 0.693661 0.008271
vt 0.678198 0.007533
vt 0.677875 0.047347
vt 0.712351 0.007543
vt 0.712651 0.047358
s 0
usemtl pasted__lambert2
f 2678/1648/1806 2679/1649/1806 2680/1650/1806
s 1
f 2681/1648/1807 2682/1650/1807 2683/1651/1807
f 2681/1648/1807 2683/1651/1807 2684/1652/1807
f 2685/1653/1808 2686/1649/1809 2687/1648/1810
f 2685/1653/1808 2687/1648/1810 2688/1654/1810
o polySurface226_pasted__lambert2_0
v 0.003376 0.252908 0.456433
v 0.007066 0.213089 0.452008
v -0.007054 0.213089 0.452008
v -0.003364 0.252908 0.456433
v -0.002686 0.256507 0.458596
v 0.002699 0.256507 0.458596
v 0.001292 0.251882 0.470765
v 0.004986 0.212132 0.467730
v 0.007066 0.213089 0.452008
v 0.003376 0.252908 0.456433
v 0.001038 0.254755 0.468198
v 0.002699 0.256507 0.458596
v -0.007054 0.213089 0.452008
v -0.004973 0.212132 0.467730
v -0.001280 0.251882 0.470765
v -0.003364 0.252908 0.456433
v -0.001050 0.254805 0.468180
v -0.002686 0.256507 0.458596
v -0.001050 0.254805 0.468180
v 0.001038 0.254755 0.468198
v 0.002699 0.256507 0.458596
v -0.002686 0.256507 0.458596
v -0.001280 0.251882 0.470765
v -0.004973 0.212132 0.467730
v 0.004986 0.212132 0.467730
v 0.001292 0.251882 0.470765
v 0.001038 0.254755 0.468198
v -0.001050 0.254805 0.468180
vn -0.0000 0.1457 -0.9893
vn -0.0000 0.1235 -0.9923
vn -0.0000 0.4992 -0.8665
vn 0.9899 0.0804 0.1165
vn 0.9901 0.0796 0.1152
vn 0.9902 0.0796 0.1152
vn 0.9900 0.0801 0.1161
vn 0.9857 0.0943 0.1397
vn 0.9857 0.0944 0.1397
vn -0.9901 0.0796 0.1152
vn -0.9900 0.0802 0.1165
vn -0.9900 0.0800 0.1161
vn -0.9862 0.0909 0.1384
vn 0.0058 0.9688 0.2477
vn 0.0059 0.9688 0.2476
vn 0.0058 0.9688 0.2476
vn -0.0000 -0.0101 0.9999
vn -0.0000 -0.0153 0.9999
vn -0.0000 -0.0102 0.9999
vn -0.0002 0.4022 0.9155
vn -0.0002 0.4022 0.9156
vt 0.678911 0.237738
vt 0.719176 0.234558
vt 0.716250 0.220405
vt 0.676484 0.231411
vt 0.672793 0.234829
vt 0.675396 0.239874
vt 0.680964 0.251475
vt 0.719666 0.251353
vt 0.677850 0.250336
vt 0.714680 0.278048
vt 0.718322 0.262314
vt 0.680586 0.253711
vt 0.673849 0.266458
vt 0.677435 0.253577
vt 0.671706 0.262126
vt 0.665026 0.241461
vt 0.666079 0.243315
s 1
usemtl pasted__lambert2
f 2689/1655/1811 2690/1656/1812 2691/1657/1812
f 2689/1655/1811 2691/1657/1812 2692/1658/1811
f 2689/1655/1811 2692/1658/1811 2693/1659/1813
f 2689/1655/1811 2693/1659/1813 2694/1660/1813
f 2695/1661/1814 2696/1662/1815 2697/1656/1816
f 2695/1661/1814 2697/1656/1816 2698/1655/1817
f 2699/1663/1818 2695/1661/1814 2698/1655/1817
f 2699/1663/1818 2698/1655/1817 2700/1660/1819
f 2701/1664/1820 2702/1665/1820 2703/1666/1821
f 2701/1664/1820 2703/1666/1821 2704/1667/1822
f 2703/1666/1821 2705/1668/1823 2706/1669/1823
f 2703/1666/1821 2706/1669/1823 2704/1667/1822
f 2707/1670/1824 2708/1671/1825 2709/1660/1826
f 2707/1670/1824 2709/1660/1826 2710/1659/1826
f 2711/1666/1827 2712/1665/1828 2713/1662/1828
f 2711/1666/1827 2713/1662/1828 2714/1661/1829
f 2711/1666/1827 2714/1661/1829 2715/1663/1830
f 2711/1666/1827 2715/1663/1830 2716/1668/1831
o polySurface227_pasted__lambert2_0
v 0.036047 0.229102 -0.100673
v 0.013113 0.233903 -0.113136
v 0.013113 0.243149 -0.109390
v 0.036047 0.238346 -0.096926
v -0.013330 0.233958 -0.113043
v -0.013330 0.243203 -0.109298
v -0.036197 0.229251 -0.100419
v -0.036197 0.238495 -0.096673
v -0.049362 0.221042 -0.078644
v -0.049362 0.230289 -0.074898
v -0.049295 0.211535 -0.053556
v -0.049295 0.220780 -0.049810
v 0.049325 0.230084 -0.075245
v 0.049325 0.220840 -0.078991
v 0.049391 0.211331 -0.053903
v 0.049391 0.220576 -0.050157
v 0.036047 0.238346 -0.096926
v 0.013113 0.243149 -0.109390
v 0.011660 0.241790 -0.103944
v 0.032048 0.237521 -0.092863
v -0.013330 0.243203 -0.109298
v -0.011849 0.241839 -0.103861
v -0.036197 0.238495 -0.096673
v -0.032179 0.237653 -0.092637
v -0.049362 0.230289 -0.074898
v -0.043882 0.230357 -0.073279
v -0.049295 0.220780 -0.049810
v -0.043823 0.221903 -0.050975
v 0.049325 0.230084 -0.075245
v 0.043853 0.230177 -0.073587
v 0.049391 0.220576 -0.050157
v 0.043912 0.221722 -0.051283
v 0.013113 0.233903 -0.113136
v 0.036047 0.229102 -0.100673
v 0.032048 0.228182 -0.096648
v 0.011660 0.232451 -0.107729
v -0.013330 0.233958 -0.113043
v -0.011849 0.232498 -0.107645
v -0.036197 0.229251 -0.100419
v -0.032179 0.228314 -0.096421
v -0.049362 0.221042 -0.078644
v -0.043882 0.221018 -0.077063
v -0.049295 0.211535 -0.053556
v -0.043823 0.212565 -0.054759
v 0.049325 0.220840 -0.078991
v 0.043853 0.220837 -0.077372
v 0.049391 0.211331 -0.053903
v 0.043912 0.212385 -0.055068
v 0.011660 0.241790 -0.103944
v -0.011849 0.241839 -0.103861
v -0.011849 0.232498 -0.107645
v 0.011660 0.232451 -0.107729
v -0.032179 0.237653 -0.092637
v -0.032179 0.228314 -0.096421
v -0.043882 0.230357 -0.073279
v -0.043882 0.221018 -0.077063
v -0.043823 0.221903 -0.050975
v -0.043823 0.212565 -0.054759
v 0.043912 0.221722 -0.051283
v 0.043853 0.230177 -0.073587
v 0.043853 0.220837 -0.077372
v 0.043912 0.212385 -0.055068
v 0.032048 0.237521 -0.092863
v 0.032048 0.228182 -0.096648
v -0.049294 0.205452 -0.037630
v -0.049304 0.214727 -0.033870
v 0.049474 0.214441 -0.033986
v 0.049463 0.205166 -0.037744
v -0.049304 0.214727 -0.033870
v -0.043615 0.215286 -0.033644
v 0.043777 0.215035 -0.033746
v 0.049474 0.214441 -0.033986
v -0.043605 0.205916 -0.037441
v -0.049294 0.205452 -0.037630
v 0.049463 0.205166 -0.037744
v 0.043766 0.205664 -0.037542
v -0.043615 0.215286 -0.033644
v -0.043605 0.205916 -0.037441
v 0.043766 0.205664 -0.037542
v 0.043777 0.215035 -0.033746
v -0.049304 0.211983 -0.032328
v -0.049294 0.205903 -0.034791
v -0.043605 0.206208 -0.034667
v -0.043615 0.212350 -0.032179
v 0.049474 0.211798 -0.032402
v 0.043777 0.212185 -0.032245
v 0.043766 0.206044 -0.034735
v 0.049463 0.205717 -0.034867
v -0.049294 0.205903 -0.034791
v -0.049304 0.211983 -0.032328
v -0.043605 0.205916 -0.037441
v -0.043605 0.206208 -0.034667
v -0.049294 0.205903 -0.034791
v -0.043615 0.212350 -0.032179
v -0.043605 0.206208 -0.034667
v -0.043615 0.215286 -0.033644
v -0.049304 0.211983 -0.032328
v -0.043615 0.212350 -0.032179
v 0.043777 0.215035 -0.033746
v 0.043777 0.212185 -0.032245
v 0.049474 0.211798 -0.032402
v 0.043766 0.206044 -0.034735
v 0.043777 0.212185 -0.032245
v 0.043766 0.205664 -0.037542
v 0.049463 0.205717 -0.034867
v 0.043766 0.206044 -0.034735
v 0.049474 0.211798 -0.032402
v 0.049463 0.205717 -0.034867
vn 0.7088 0.2649 -0.6537
vn 0.2594 0.3627 -0.8951
vn 0.2602 0.3626 -0.8949
vn 0.7120 0.2637 -0.6508
vn -0.2631 0.3623 -0.8942
vn -0.2657 0.3620 -0.8935
vn -0.7116 0.2638 -0.6511
vn -0.7160 0.2622 -0.6470
vn -0.9665 0.0964 -0.2378
vn -0.9684 0.0936 -0.2310
vn -1.0000 -0.0008 0.0013
vn -1.0000 -0.0006 0.0010
vn 0.9671 0.0956 -0.2358
vn 0.9653 0.0981 -0.2421
vn 1.0000 0.0010 -0.0030
vn 1.0000 0.0010 -0.0031
vn 0.0837 0.9572 0.2769
vn 0.0324 0.9677 0.2501
vn 0.0326 0.9676 0.2502
vn 0.0842 0.9571 0.2773
vn -0.0267 0.9679 0.2501
vn -0.0270 0.9678 0.2502
vn -0.0779 0.9576 0.2774
vn -0.0784 0.9574 0.2778
vn -0.1077 0.9396 0.3249
vn -0.1078 0.9395 0.3252
vn -0.1130 0.9287 0.3533
vn -0.1140 0.9287 0.3529
vn 0.1141 0.9391 0.3240
vn 0.1142 0.9390 0.3244
vn 0.1193 0.9282 0.3524
vn 0.1202 0.9282 0.3521
vn -0.0278 -0.9634 -0.2665
vn -0.0713 -0.9546 -0.2892
vn -0.0716 -0.9545 -0.2895
vn -0.0282 -0.9635 -0.2663
vn 0.0220 -0.9636 -0.2665
vn 0.0223 -0.9635 -0.2666
vn 0.0654 -0.9549 -0.2896
vn 0.0658 -0.9548 -0.2899
vn 0.0909 -0.9397 -0.3297
vn 0.0910 -0.9396 -0.3299
vn 0.0948 -0.9301 -0.3548
vn 0.0957 -0.9303 -0.3542
vn -0.0968 -0.9393 -0.3291
vn -0.0969 -0.9392 -0.3294
vn -0.1009 -0.9298 -0.3540
vn -0.1020 -0.9299 -0.3534
vn -0.2602 -0.3626 0.8949
vn 0.2657 -0.3621 0.8935
vn 0.2627 -0.3624 0.8942
vn -0.2593 -0.3627 0.8951
vn 0.7160 -0.2622 0.6470
vn 0.7116 -0.2639 0.6512
vn 0.9683 -0.0938 0.2316
vn 0.9665 -0.0964 0.2378
vn 1.0000 0.0026 -0.0059
vn 1.0000 0.0026 -0.0060
vn -1.0000 0.0010 -0.0017
vn -0.9671 -0.0956 0.2359
vn -0.9653 -0.0981 0.2421
vn -1.0000 0.0009 -0.0018
vn -0.7120 -0.2637 0.6507
vn -0.7087 -0.2650 0.6538
vn -1.0000 -0.0005 -0.0004
vn -1.0000 -0.0005 -0.0005
vn 1.0000 0.0010 -0.0040
vn -0.1069 0.8845 0.4541
vn -0.1071 0.8877 0.4477
vn 0.1134 0.8902 0.4412
vn 0.1131 0.8869 0.4478
vn 0.0893 -0.9525 -0.2911
vn 0.0895 -0.9514 -0.2948
vn -0.0955 -0.9522 -0.2901
vn -0.0953 -0.9534 -0.2861
vn 0.9999 0.0046 -0.0098
vn 0.9999 0.0045 -0.0097
vn -1.0000 0.0032 -0.0063
vn -0.0001 -0.3755 0.9268
vn -0.0000 -0.3755 0.9268
vn -0.0001 -0.3756 0.9268
vn -0.0000 -0.3757 0.9268
vn -1.0000 -0.0011 -0.0005
vn -1.0000 -0.0011 -0.0006
vn 0.0895 -0.9514 -0.2947
vn 0.0894 -0.9525 -0.2911
vn 0.0633 -0.9893 0.1311
vn 1.0000 0.0010 0.0008
vn 1.0000 0.0010 0.0007
vn -0.1068 0.8845 0.4541
vn -0.0671 0.4671 0.8817
vn -0.0671 0.4670 0.8817
vn 0.0723 0.4882 0.8697
vn -1.0000 0.0012 0.0006
vn -1.0000 0.0011 0.0007
vn -0.0665 -0.9847 0.1611
vn 1.0000 -0.0012 -0.0005
vn 1.0000 -0.0011 -0.0006
vt 0.532154 0.861513
vt 0.514529 0.861385
vt 0.514472 0.868444
vt 0.532238 0.868534
vt 0.496930 0.861281
vt 0.496829 0.868322
vt 0.479231 0.861325
vt 0.479132 0.868355
vt 0.461363 0.861505
vt 0.461200 0.868425
vt 0.442878 0.861545
vt 0.442846 0.868721
vt 0.550184 0.868517
vt 0.550003 0.861599
vt 0.568483 0.861565
vt 0.568544 0.868737
vt 0.514493 0.872473
vt 0.532286 0.872419
vt 0.496815 0.872246
vt 0.479100 0.872241
vt 0.461291 0.872238
vt 0.444035 0.872593
vt 0.550111 0.872333
vt 0.567373 0.872618
vt 0.532234 0.857635
vt 0.514561 0.857474
vt 0.496885 0.857262
vt 0.479135 0.857452
vt 0.461375 0.857702
vt 0.443993 0.857659
vt 0.549975 0.857794
vt 0.567354 0.857680
vt 0.488712 0.883280
vt 0.505105 0.883483
vt 0.505168 0.876455
vt 0.488776 0.876254
vt 0.521555 0.883867
vt 0.521619 0.876841
vt 0.538122 0.884372
vt 0.538186 0.877345
vt 0.554747 0.884901
vt 0.554810 0.877875
vt 0.439054 0.883651
vt 0.455687 0.883425
vt 0.455750 0.876398
vt 0.439119 0.876626
vt 0.472259 0.883274
vt 0.472323 0.876248
vt 0.430864 0.861712
vt 0.430814 0.868844
vt 0.580749 0.868813
vt 0.580671 0.861685
vt 0.430867 0.872894
vt 0.580695 0.872872
vt 0.430821 0.857666
vt 0.580682 0.857632
vt 0.567679 0.885281
vt 0.567743 0.878232
vt 0.426030 0.876753
vt 0.425966 0.883804
vt 0.429429 0.867116
vt 0.429430 0.863132
vt 0.425539 0.862777
vt 0.425981 0.868168
vt 0.582124 0.867140
vt 0.585569 0.868208
vt 0.586018 0.862815
vt 0.582117 0.863152
vt 0.426306 0.860636
vt 0.569408 0.883783
vt 0.569451 0.879162
vt 0.426928 0.870385
vt 0.584634 0.870379
vt 0.424306 0.877718
vt 0.424264 0.882339
vt 0.585245 0.860636
s 1
usemtl pasted__lambert2
f 2717/1672/1832 2718/1673/1833 2719/1674/1834
f 2717/1672/1832 2719/1674/1834 2720/1675/1835
f 2718/1673/1833 2721/1676/1836 2722/1677/1837
f 2718/1673/1833 2722/1677/1837 2719/1674/1834
f 2721/1676/1836 2723/1678/1838 2724/1679/1839
f 2721/1676/1836 2724/1679/1839 2722/1677/1837
f 2723/1678/1838 2725/1680/1840 2726/1681/1841
f 2723/1678/1838 2726/1681/1841 2724/1679/1839
f 2725/1680/1840 2727/1682/1842 2728/1683/1843
f 2725/1680/1840 2728/1683/1843 2726/1681/1841
f 2729/1684/1844 2730/1685/1845 2717/1672/1832
f 2729/1684/1844 2717/1672/1832 2720/1675/1835
f 2731/1686/1846 2730/1685/1845 2729/1684/1844
f 2731/1686/1846 2729/1684/1844 2732/1687/1847
f 2733/1675/1848 2734/1674/1849 2735/1688/1850
f 2733/1675/1848 2735/1688/1850 2736/1689/1851
f 2734/1674/1849 2737/1677/1852 2738/1690/1853
f 2734/1674/1849 2738/1690/1853 2735/1688/1850
f 2737/1677/1852 2739/1679/1854 2740/1691/1855
f 2737/1677/1852 2740/1691/1855 2738/1690/1853
f 2739/1679/1854 2741/1681/1856 2742/1692/1857
f 2739/1679/1854 2742/1692/1857 2740/1691/1855
f 2741/1681/1856 2743/1683/1858 2744/1693/1859
f 2741/1681/1856 2744/1693/1859 2742/1692/1857
f 2745/1684/1860 2733/1675/1848 2736/1689/1851
f 2745/1684/1860 2736/1689/1851 2746/1694/1861
f 2747/1687/1862 2745/1684/1860 2746/1694/1861
f 2747/1687/1862 2746/1694/1861 2748/1695/1863
f 2749/1673/1864 2750/1672/1865 2751/1696/1866
f 2749/1673/1864 2751/1696/1866 2752/1697/1867
f 2753/1676/1868 2749/1673/1864 2752/1697/1867
f 2753/1676/1868 2752/1697/1867 2754/1698/1869
f 2755/1678/1870 2753/1676/1868 2754/1698/1869
f 2755/1678/1870 2754/1698/1869 2756/1699/1871
f 2757/1680/1872 2755/1678/1870 2756/1699/1871
f 2757/1680/1872 2756/1699/1871 2758/1700/1873
f 2759/1682/1874 2757/1680/1872 2758/1700/1873
f 2759/1682/1874 2758/1700/1873 2760/1701/1875
f 2750/1672/1865 2761/1685/1876 2762/1702/1877
f 2750/1672/1865 2762/1702/1877 2751/1696/1866
f 2761/1685/1876 2763/1686/1878 2764/1703/1879
f 2761/1685/1876 2764/1703/1879 2762/1702/1877
f 2765/1704/1880 2766/1705/1881 2767/1706/1882
f 2765/1704/1880 2767/1706/1882 2768/1707/1883
f 2766/1705/1881 2769/1708/1884 2770/1709/1885
f 2766/1705/1881 2770/1709/1885 2767/1706/1882
f 2769/1708/1884 2771/1710/1886 2772/1711/1887
f 2769/1708/1884 2772/1711/1887 2770/1709/1885
f 2771/1710/1886 2773/1712/1888 2774/1713/1889
f 2771/1710/1886 2774/1713/1889 2772/1711/1887
f 2775/1714/1890 2776/1715/1891 2777/1716/1892
f 2775/1714/1890 2777/1716/1892 2778/1717/1893
f 2776/1715/1891 2779/1718/1894 2780/1719/1895
f 2776/1715/1891 2780/1719/1895 2777/1716/1892
f 2779/1718/1894 2765/1704/1880 2768/1707/1883
f 2779/1718/1894 2768/1707/1883 2780/1719/1895
f 2728/1683/1843 2727/1682/1842 2781/1720/1896
f 2728/1683/1843 2781/1720/1896 2782/1721/1897
f 2731/1686/1846 2732/1687/1847 2783/1722/1898
f 2731/1686/1846 2783/1722/1898 2784/1723/1898
f 2744/1693/1859 2743/1683/1858 2785/1721/1899
f 2744/1693/1859 2785/1721/1899 2786/1724/1900
f 2747/1687/1862 2748/1695/1863 2787/1725/1901
f 2747/1687/1862 2787/1725/1901 2788/1722/1902
f 2759/1682/1874 2760/1701/1875 2789/1726/1903
f 2759/1682/1874 2789/1726/1903 2790/1720/1904
f 2764/1703/1879 2763/1686/1878 2791/1723/1905
f 2764/1703/1879 2791/1723/1905 2792/1727/1906
f 2774/1713/1889 2773/1712/1888 2793/1728/1907
f 2774/1713/1889 2793/1728/1907 2794/1729/1908
f 2775/1714/1890 2778/1717/1893 2795/1730/1909
f 2775/1714/1890 2795/1730/1909 2796/1731/1909
s 0
f 2797/1732/1910 2798/1733/1910 2799/1734/1910
f 2797/1732/1911 2799/1734/1911 2800/1735/1911
f 2801/1736/1912 2802/1737/1912 2803/1738/1912
f 2801/1736/1913 2803/1738/1913 2804/1739/1913
s 1
f 2782/1721/1897 2781/1720/1896 2805/1733/1914
f 2782/1721/1897 2805/1733/1914 2806/1732/1915
f 2790/1720/1916 2807/1740/1917 2808/1734/1918
f 2790/1720/1916 2808/1734/1918 2809/1733/1918
f 2794/1729/1908 2793/1728/1907 2810/1741/1919
f 2794/1729/1908 2810/1741/1919 2811/1742/1920
f 2812/1743/1900 2785/1721/1921 2813/1732/1922
f 2812/1743/1900 2813/1732/1922 2814/1735/1923
f 2788/1722/1902 2815/1744/1901 2816/1737/1924
f 2788/1722/1902 2816/1737/1924 2817/1736/1924
f 2796/1731/1909 2795/1730/1909 2818/1745/1925
f 2796/1731/1909 2818/1745/1925 2819/1746/1926
f 2820/1747/1906 2791/1723/1905 2821/1739/1927
f 2820/1747/1906 2821/1739/1927 2822/1738/1927
f 2784/1723/1898 2783/1722/1898 2823/1736/1928
f 2784/1723/1898 2823/1736/1928 2824/1739/1929
o polySurface228_pasted__lambert2_0
v 0.042681 0.200595 -0.096862
v 0.015525 0.201269 -0.112438
v 0.015525 0.213059 -0.111720
v 0.042681 0.212384 -0.096144
v -0.015786 0.201365 -0.112355
v -0.015786 0.213156 -0.111637
v -0.042864 0.200857 -0.096637
v -0.042864 0.212647 -0.095919
v -0.058452 0.199882 -0.069495
v -0.058452 0.211671 -0.068776
v -0.058374 0.198698 -0.038202
v -0.058374 0.210489 -0.037484
v -0.042652 0.197627 -0.011143
v -0.042652 0.209416 -0.010424
v -0.015496 0.196952 0.004433
v -0.015496 0.208741 0.005152
v 0.015816 0.196856 0.004350
v 0.015816 0.208645 0.005069
v 0.042893 0.197364 -0.011368
v 0.042893 0.209153 -0.010650
v 0.058482 0.198340 -0.038510
v 0.058482 0.210129 -0.037792
v 0.058404 0.211312 -0.069085
v 0.058404 0.199523 -0.069803
v 0.058482 0.198340 -0.038510
v 0.058482 0.210129 -0.037792
v 0.042681 0.212384 -0.096144
v 0.015525 0.213059 -0.111720
v 0.013804 0.213594 -0.105188
v 0.037946 0.212994 -0.091341
v -0.015786 0.213156 -0.111637
v -0.014033 0.213680 -0.105114
v -0.042864 0.212647 -0.095919
v -0.038105 0.213229 -0.091141
v -0.058452 0.211671 -0.068776
v -0.051964 0.212361 -0.067011
v -0.058374 0.210489 -0.037484
v -0.051894 0.211309 -0.039189
v -0.042652 0.209416 -0.010424
v -0.015496 0.208741 0.005152
v -0.013774 0.209755 -0.001286
v -0.037917 0.210356 -0.015132
v 0.015816 0.208645 0.005069
v 0.014062 0.209670 -0.001360
v 0.042893 0.209153 -0.010650
v 0.038135 0.210122 -0.015334
v 0.058482 0.210129 -0.037792
v 0.051993 0.210990 -0.039465
v 0.058404 0.211312 -0.069085
v 0.051924 0.212041 -0.067284
v 0.013804 0.213594 -0.105188
v -0.014033 0.213680 -0.105114
v -0.013321 0.201669 -0.103208
v 0.013104 0.201587 -0.103278
v -0.038105 0.213229 -0.091141
v -0.036172 0.201239 -0.089943
v -0.051964 0.212361 -0.067011
v -0.049328 0.200415 -0.067037
v -0.051894 0.211309 -0.039189
v -0.049261 0.199418 -0.040628
v -0.037917 0.210356 -0.015132
v -0.035992 0.198512 -0.017792
v -0.013774 0.209755 -0.001286
v -0.013075 0.197942 -0.004648
v 0.014062 0.209670 -0.001360
v 0.013350 0.197862 -0.004717
v 0.038135 0.210122 -0.015334
v 0.036201 0.198290 -0.017982
v 0.051993 0.210990 -0.039465
v 0.049356 0.199114 -0.040888
v 0.051993 0.210990 -0.039465
v 0.051924 0.212041 -0.067284
v 0.049290 0.200113 -0.067297
v 0.049356 0.199114 -0.040888
v 0.037946 0.212994 -0.091341
v 0.036022 0.201017 -0.090134
vn 0.7037 0.0432 -0.7092
vn 0.2560 0.0588 -0.9649
vn 0.2569 0.0588 -0.9647
vn 0.7070 0.0430 -0.7059
vn -0.2597 0.0587 -0.9639
vn -0.2626 0.0587 -0.9631
vn -0.7066 0.0430 -0.7063
vn -0.7110 0.0428 -0.7019
vn -0.9656 0.0158 -0.2596
vn -0.9675 0.0154 -0.2523
vn -0.9662 -0.0157 0.2574
vn -0.9643 -0.0161 0.2642
vn -0.7070 -0.0430 0.7059
vn -0.7037 -0.0432 0.7092
vn -0.2569 -0.0588 0.9647
vn -0.2560 -0.0588 0.9649
vn 0.2626 -0.0587 0.9631
vn 0.2597 -0.0587 0.9639
vn 0.7110 -0.0428 0.7019
vn 0.7066 -0.0430 0.7063
vn 0.9675 -0.0154 0.2523
vn 0.9656 -0.0158 0.2597
vn 0.9662 0.0157 -0.2574
vn 0.9643 0.0161 -0.2642
vn 0.0840 0.9955 -0.0437
vn 0.0325 0.9968 -0.0730
vn -0.0268 0.9970 -0.0730
vn -0.0781 0.9960 -0.0433
vn -0.0782 0.9960 -0.0433
vn -0.1079 0.9941 0.0081
vn -0.1079 0.9941 0.0082
vn -0.1079 0.9919 0.0675
vn -0.1078 0.9919 0.0676
vn -0.0781 0.9898 0.1191
vn -0.0264 0.9885 0.1486
vn -0.0264 0.9885 0.1487
vn -0.0781 0.9898 0.1192
vn 0.0332 0.9884 0.1485
vn 0.0847 0.9893 0.1185
vn 0.0847 0.9893 0.1186
vn 0.1143 0.9912 0.0669
vn 0.1143 0.9912 0.0670
vn 0.1139 0.9935 0.0075
vn 0.1139 0.9935 0.0076
vn -0.2509 0.1663 0.9536
vn 0.2578 0.1663 0.9518
vn 0.2550 0.1663 0.9525
vn -0.2500 0.1663 0.9539
vn 0.6957 0.1816 0.6950
vn 0.6916 0.1814 0.6991
vn 0.9444 0.2079 0.2548
vn 0.9426 0.2075 0.2615
vn 0.9390 0.2380 -0.2484
vn 0.9408 0.2376 -0.2419
vn 0.6840 0.2639 -0.6801
vn 0.6872 0.2637 -0.6770
vn 0.2490 0.2787 -0.9275
vn 0.2499 0.2787 -0.9273
vn -0.2514 0.2787 -0.9269
vn -0.2541 0.2787 -0.9261
vn -0.6862 0.2638 -0.6778
vn -0.6901 0.2636 -0.6740
vn -0.9400 0.2380 -0.2446
vn -0.9419 0.2376 -0.2376
vn -0.9429 0.2079 0.2600
vn -0.9412 0.2075 0.2666
vn -0.9418 0.2376 -0.2376
vn -0.6911 0.1816 0.6995
vn -0.6880 0.1814 0.7027
vt 0.543932 0.599450
vt 0.543625 0.622725
vt 0.552405 0.622764
vt 0.552712 0.599489
vt 0.543596 0.646002
vt 0.552377 0.646041
vt 0.543826 0.669279
vt 0.552607 0.669318
vt 0.544226 0.692554
vt 0.553005 0.692594
vt 0.544659 0.715829
vt 0.553440 0.715868
vt 0.544983 0.739106
vt 0.553763 0.739145
vt 0.545084 0.762383
vt 0.553863 0.762422
vt 0.544904 0.785659
vt 0.553685 0.785698
vt 0.544467 0.808932
vt 0.553247 0.808971
vt 0.543861 0.832203
vt 0.552640 0.832242
vt 0.553244 0.576217
vt 0.544464 0.576178
vt 0.545104 0.552907
vt 0.553884 0.552946
vt 0.657412 0.802582
vt 0.657264 0.779475
vt 0.652445 0.780801
vt 0.652577 0.801328
vt 0.645583 0.759538
vt 0.642068 0.763090
vt 0.625496 0.748113
vt 0.624223 0.752940
vt 0.602385 0.748262
vt 0.603693 0.753073
vt 0.582444 0.759945
vt 0.585979 0.763453
vt 0.571017 0.780032
vt 0.571163 0.803141
vt 0.575958 0.801825
vt 0.575827 0.781297
vt 0.582846 0.823080
vt 0.586337 0.819537
vt 0.602936 0.834504
vt 0.604182 0.829686
vt 0.626047 0.834353
vt 0.624713 0.829552
vt 0.645986 0.822668
vt 0.642426 0.819172
vt 0.557683 0.608551
vt 0.557683 0.627517
vt 0.566174 0.627455
vt 0.566166 0.608536
vt 0.557683 0.646485
vt 0.566193 0.646337
vt 0.557683 0.665453
vt 0.566222 0.665262
vt 0.557683 0.684422
vt 0.566253 0.684238
vt 0.557683 0.703390
vt 0.566278 0.703262
vt 0.557683 0.722357
vt 0.566287 0.722379
vt 0.557683 0.741323
vt 0.566236 0.741412
vt 0.557683 0.760291
vt 0.566154 0.760373
vt 0.557683 0.779260
vt 0.566253 0.778888
vt 0.557683 0.551648
vt 0.557682 0.570616
vt 0.566098 0.570847
vt 0.566200 0.552370
vt 0.557683 0.589584
vt 0.566139 0.589687
s 1
usemtl pasted__lambert2
f 2825/1748/1930 2826/1749/1931 2827/1750/1932
f 2825/1748/1930 2827/1750/1932 2828/1751/1933
f 2826/1749/1931 2829/1752/1934 2830/1753/1935
f 2826/1749/1931 2830/1753/1935 2827/1750/1932
f 2829/1752/1934 2831/1754/1936 2832/1755/1937
f 2829/1752/1934 2832/1755/1937 2830/1753/1935
f 2831/1754/1936 2833/1756/1938 2834/1757/1939
f 2831/1754/1936 2834/1757/1939 2832/1755/1937
f 2833/1756/1938 2835/1758/1940 2836/1759/1941
f 2833/1756/1938 2836/1759/1941 2834/1757/1939
f 2836/1759/1941 2835/1758/1940 2837/1760/1942
f 2836/1759/1941 2837/1760/1942 2838/1761/1943
f 2837/1760/1942 2839/1762/1944 2840/1763/1945
f 2837/1760/1942 2840/1763/1945 2838/1761/1943
f 2839/1762/1944 2841/1764/1946 2842/1765/1947
f 2839/1762/1944 2842/1765/1947 2840/1763/1945
f 2841/1764/1946 2843/1766/1948 2844/1767/1949
f 2841/1764/1946 2844/1767/1949 2842/1765/1947
f 2843/1766/1948 2845/1768/1950 2846/1769/1951
f 2843/1766/1948 2846/1769/1951 2844/1767/1949
f 2847/1770/1952 2848/1771/1953 2825/1748/1930
f 2847/1770/1952 2825/1748/1930 2828/1751/1933
f 2849/1772/1950 2848/1771/1953 2847/1770/1952
f 2849/1772/1950 2847/1770/1952 2850/1773/1951
f 2851/1774/1954 2852/1775/1955 2853/1776/1955
f 2851/1774/1954 2853/1776/1955 2854/1777/1954
f 2852/1775/1955 2855/1778/1956 2856/1779/1956
f 2852/1775/1955 2856/1779/1956 2853/1776/1955
f 2855/1778/1956 2857/1780/1957 2858/1781/1958
f 2855/1778/1956 2858/1781/1958 2856/1779/1956
f 2857/1780/1957 2859/1782/1959 2860/1783/1960
f 2857/1780/1957 2860/1783/1960 2858/1781/1958
f 2859/1782/1959 2861/1784/1961 2862/1785/1962
f 2859/1782/1959 2862/1785/1962 2860/1783/1960
f 2863/1786/1963 2864/1787/1964 2865/1788/1965
f 2863/1786/1963 2865/1788/1965 2866/1789/1966
f 2864/1787/1964 2867/1790/1967 2868/1791/1967
f 2864/1787/1964 2868/1791/1967 2865/1788/1965
f 2867/1790/1967 2869/1792/1968 2870/1793/1969
f 2867/1790/1967 2870/1793/1969 2868/1791/1967
f 2869/1792/1968 2871/1794/1970 2872/1795/1971
f 2869/1792/1968 2872/1795/1971 2870/1793/1969
f 2861/1784/1961 2863/1786/1963 2866/1789/1966
f 2861/1784/1961 2866/1789/1966 2862/1785/1962
f 2873/1796/1972 2851/1774/1954 2854/1777/1954
f 2873/1796/1972 2854/1777/1954 2874/1797/1973
f 2871/1794/1970 2873/1796/1972 2874/1797/1973
f 2871/1794/1970 2874/1797/1973 2872/1795/1971
f 2875/1798/1974 2876/1799/1975 2877/1800/1976
f 2875/1798/1974 2877/1800/1976 2878/1801/1977
f 2876/1799/1975 2879/1802/1978 2880/1803/1979
f 2876/1799/1975 2880/1803/1979 2877/1800/1976
f 2879/1802/1978 2881/1804/1980 2882/1805/1981
f 2879/1802/1978 2882/1805/1981 2880/1803/1979
f 2881/1804/1980 2883/1806/1982 2884/1807/1983
f 2881/1804/1980 2884/1807/1983 2882/1805/1981
f 2883/1806/1982 2885/1808/1984 2886/1809/1985
f 2883/1806/1982 2886/1809/1985 2884/1807/1983
f 2885/1808/1984 2887/1810/1986 2888/1811/1987
f 2885/1808/1984 2888/1811/1987 2886/1809/1985
f 2887/1810/1986 2889/1812/1988 2890/1813/1989
f 2887/1810/1986 2890/1813/1989 2888/1811/1987
f 2889/1812/1988 2891/1814/1990 2892/1815/1991
f 2889/1812/1988 2892/1815/1991 2890/1813/1989
f 2891/1814/1990 2893/1816/1992 2894/1817/1993
f 2891/1814/1990 2894/1817/1993 2892/1815/1991
f 2895/1818/1992 2896/1819/1994 2897/1820/1995
f 2895/1818/1992 2897/1820/1995 2898/1821/1996
f 2896/1819/1994 2899/1822/1997 2900/1823/1998
f 2896/1819/1994 2900/1823/1998 2897/1820/1995
f 2899/1822/1997 2875/1798/1974 2878/1801/1977
f 2899/1822/1997 2878/1801/1977 2900/1823/1998
o polySurface229_pasted__lambert2_0
v 0.049484 0.204500 -0.039398
v 0.054504 0.204500 -0.039398
v 0.054504 0.223231 -0.039630
v 0.049484 0.223231 -0.039630
v 0.049484 0.223231 -0.039630
v 0.054504 0.223231 -0.039630
v 0.054504 0.223549 -0.044862
v 0.049484 0.223549 -0.044862
v 0.054504 0.204986 -0.047367
v 0.049484 0.204986 -0.047367
v 0.049484 0.223549 -0.044862
v 0.054504 0.223549 -0.044862
v 0.054504 0.204500 -0.039398
v 0.054504 0.204986 -0.047367
v 0.054504 0.223549 -0.044862
v 0.054504 0.223231 -0.039630
v 0.049484 0.204986 -0.047367
v 0.049484 0.204500 -0.039398
v 0.049484 0.223231 -0.039630
v 0.049484 0.223549 -0.044862
vn -0.0000 -0.0608 0.9981
vn -0.0000 0.5873 0.8094
vn -0.0000 0.9981 0.0608
vn -0.0000 0.0608 -0.9982
vn -0.0000 0.6812 -0.7321
vn 1.0000 -0.0000 -0.0000
vn -1.0000 -0.0000 -0.0000
vt 0.600847 0.860978
vt 0.606262 0.861776
vt 0.609241 0.841570
vt 0.603826 0.840771
vt 0.620417 0.836272
vt 0.614942 0.836272
vt 0.614943 0.841988
vt 0.620417 0.841988
vt 0.614944 0.862413
vt 0.620417 0.862413
vt 0.629099 0.861775
vt 0.626118 0.841570
s 1
usemtl pasted__lambert2
f 2901/1824/1999 2902/1825/1999 2903/1826/2000
f 2901/1824/1999 2903/1826/2000 2904/1827/2000
s 0
f 2905/1828/2001 2906/1829/2001 2907/1830/2001
f 2905/1828/2001 2907/1830/2001 2908/1831/2001
s 1
f 2909/1832/2002 2910/1833/2002 2911/1831/2003
f 2909/1832/2002 2911/1831/2003 2912/1830/2003
s 0
f 2913/1825/2004 2914/1832/2004 2915/1830/2004
f 2913/1825/2004 2915/1830/2004 2916/1826/2004
f 2917/1833/2005 2918/1834/2005 2919/1835/2005
f 2917/1833/2005 2919/1835/2005 2920/1831/2005
o polySurface230_pasted__lambert2_0
v -0.054311 0.204569 -0.039393
v -0.049291 0.204569 -0.039393
v -0.049291 0.223300 -0.039625
v -0.054311 0.223300 -0.039625
v -0.054311 0.223300 -0.039625
v -0.049291 0.223300 -0.039625
v -0.049291 0.223619 -0.044858
v -0.054311 0.223619 -0.044858
v -0.049291 0.205055 -0.047362
v -0.054311 0.205055 -0.047362
v -0.054311 0.223619 -0.044858
v -0.049291 0.223619 -0.044858
v -0.049291 0.204569 -0.039393
v -0.049291 0.205055 -0.047362
v -0.049291 0.223619 -0.044858
v -0.049291 0.223300 -0.039625
v -0.054311 0.205055 -0.047362
v -0.054311 0.204569 -0.039393
v -0.054311 0.223300 -0.039625
v -0.054311 0.223619 -0.044858
vn -0.0000 -0.0608 0.9981
vn -0.0000 0.5873 0.8094
vn -0.0000 0.9981 0.0608
vn -0.0000 0.0608 -0.9982
vn -0.0000 0.6812 -0.7321
vn 1.0000 -0.0000 -0.0000
vn -1.0000 -0.0000 -0.0000
vt 0.554107 0.850989
vt 0.559883 0.851841
vt 0.563061 0.830287
vt 0.557285 0.829435
vt 0.574982 0.824636
vt 0.569143 0.824636
vt 0.569143 0.830733
vt 0.574982 0.830733
vt 0.569144 0.852520
vt 0.574982 0.852520
vt 0.584243 0.851840
vt 0.581063 0.830288
s 1
usemtl pasted__lambert2
f 2921/1836/2006 2922/1837/2006 2923/1838/2007
f 2921/1836/2006 2923/1838/2007 2924/1839/2007
s 0
f 2925/1840/2008 2926/1841/2008 2927/1842/2008
f 2925/1840/2008 2927/1842/2008 2928/1843/2008
s 1
f 2929/1844/2009 2930/1845/2009 2931/1843/2010
f 2929/1844/2009 2931/1843/2010 2932/1842/2010
s 0
f 2933/1837/2011 2934/1844/2011 2935/1842/2011
f 2933/1837/2011 2935/1842/2011 2936/1838/2011
f 2937/1845/2012 2938/1846/2012 2939/1847/2012
f 2937/1845/2012 2939/1847/2012 2940/1843/2012
o polySurface231_pasted__lambert2_0
v 0.030384 0.260850 -0.108750
v 0.037299 0.257617 -0.102469
v 0.020936 0.253199 -0.093890
v 0.020936 0.262035 -0.111049
v 0.011487 0.260850 -0.108750
v 0.004571 0.257617 -0.102469
v 0.002039 0.253199 -0.093890
v 0.004571 0.248781 -0.085310
v 0.011487 0.245547 -0.079029
v 0.020936 0.244363 -0.076730
v 0.030384 0.245547 -0.079029
v 0.037299 0.248781 -0.085310
v 0.039832 0.253199 -0.093890
v 0.036834 0.263268 -0.099274
v 0.030114 0.266411 -0.105375
v 0.020936 0.258976 -0.090938
v 0.020936 0.267560 -0.107609
v 0.011756 0.266411 -0.105375
v 0.005037 0.263268 -0.099274
v 0.002578 0.258976 -0.090938
v 0.005037 0.254684 -0.082602
v 0.011756 0.251542 -0.076501
v 0.020936 0.250392 -0.074267
v 0.030114 0.251542 -0.076501
v 0.036834 0.254684 -0.082602
v 0.039293 0.258976 -0.090938
v 0.037299 0.257617 -0.102469
v 0.030384 0.260850 -0.108750
v 0.030114 0.266411 -0.105375
v 0.036834 0.263268 -0.099274
v 0.020936 0.262035 -0.111049
v 0.020936 0.267560 -0.107609
v 0.011487 0.260850 -0.108750
v 0.011756 0.266411 -0.105375
v 0.004571 0.257617 -0.102469
v 0.005037 0.263268 -0.099274
v 0.002039 0.253199 -0.093890
v 0.002578 0.258976 -0.090938
v 0.004571 0.248781 -0.085310
v 0.005037 0.254684 -0.082602
v 0.011487 0.245547 -0.079029
v 0.011756 0.251542 -0.076501
v 0.020936 0.244363 -0.076730
v 0.020936 0.250392 -0.074267
v 0.020936 0.244363 -0.076730
v 0.030384 0.245547 -0.079029
v 0.030114 0.251542 -0.076501
v 0.020936 0.250392 -0.074267
v 0.037299 0.248781 -0.085310
v 0.036834 0.254684 -0.082602
v 0.039832 0.253199 -0.093890
v 0.039293 0.258976 -0.090938
vn 0.0001 -0.8891 -0.4577
vn -0.0000 -0.8890 -0.4580
vn -0.0000 -0.8891 -0.4578
vn -0.0001 -0.8891 -0.4577
vn -0.0000 -0.8890 -0.4579
vn -0.0000 -0.8891 -0.4577
vn -0.0000 -0.8889 -0.4580
vn -0.0000 0.8891 0.4578
vn -0.0000 0.8890 0.4578
vn -0.0001 0.8891 0.4578
vn 0.0001 0.8891 0.4578
vn 0.8678 0.2969 -0.3985
vn 0.5063 0.4653 -0.7261
vn 0.5062 0.4653 -0.7261
vn 0.8675 0.2971 -0.3989
vn -0.0000 0.5286 -0.8489
vn -0.5063 0.4653 -0.7261
vn -0.5062 0.4653 -0.7261
vn -0.8678 0.2969 -0.3985
vn -0.8675 0.2971 -0.3989
vn -0.9966 0.0733 0.0383
vn -0.9966 0.0738 0.0374
vn -0.8671 -0.1495 0.4751
vn -0.8678 -0.1490 0.4741
vn -0.5056 -0.3159 0.8029
vn -0.5065 -0.3157 0.8024
vn -0.0000 -0.3781 0.9258
vn 0.5056 -0.3159 0.8029
vn 0.5064 -0.3157 0.8024
vn 0.8670 -0.1496 0.4753
vn 0.8678 -0.1490 0.4741
vn 0.9966 0.0733 0.0383
vn 0.9966 0.0737 0.0374
vt 0.629211 0.802305
vt 0.637354 0.802307
vt 0.632265 0.787146
vt 0.621886 0.798241
vt 0.617342 0.791203
vt 0.616797 0.783078
vt 0.620396 0.776044
vt 0.627176 0.771984
vt 0.635318 0.771986
vt 0.642644 0.776050
vt 0.647187 0.783088
vt 0.647732 0.791212
vt 0.644133 0.798247
vt 0.613570 0.788449
vt 0.613567 0.779924
vt 0.597697 0.783121
vt 0.609313 0.772256
vt 0.601945 0.767499
vt 0.593440 0.766928
vt 0.586075 0.770696
vt 0.581824 0.777793
vt 0.581827 0.786318
vt 0.586082 0.793986
vt 0.593449 0.798743
vt 0.601955 0.799314
vt 0.609319 0.795546
vt 0.476993 0.887899
vt 0.470113 0.887458
vt 0.469919 0.891993
vt 0.476603 0.892421
vt 0.463284 0.887311
vt 0.463284 0.891850
vt 0.456455 0.887458
vt 0.456649 0.891993
vt 0.449575 0.887899
vt 0.449965 0.892421
vt 0.442656 0.888632
vt 0.443244 0.893134
vt 0.435775 0.889656
vt 0.436558 0.894128
vt 0.429006 0.890965
vt 0.429982 0.895400
vt 0.422365 0.892564
vt 0.423530 0.896954
vt 0.504203 0.892564
vt 0.497562 0.890965
vt 0.496586 0.895400
vt 0.503038 0.896954
vt 0.490793 0.889656
vt 0.490010 0.894128
vt 0.483912 0.888632
vt 0.483324 0.893134
s 0
usemtl pasted__lambert2
f 2941/1848/2013 2942/1849/2014 2943/1850/2013
f 2944/1851/2015 2941/1848/2015 2943/1850/2015
f 2945/1852/2015 2944/1851/2015 2943/1850/2015
f 2946/1853/2016 2945/1852/2016 2943/1850/2016
f 2947/1854/2017 2946/1853/2017 2943/1850/2017
f 2948/1855/2018 2947/1854/2019 2943/1850/2018
f 2949/1856/2015 2948/1855/2015 2943/1850/2015
f 2950/1857/2015 2949/1856/2015 2943/1850/2015
f 2951/1858/2015 2950/1857/2015 2943/1850/2015
f 2952/1859/2015 2951/1858/2015 2943/1850/2015
f 2953/1860/2018 2952/1859/2018 2943/1850/2018
f 2942/1849/2017 2953/1860/2017 2943/1850/2017
s 1
f 2954/1861/2020 2955/1862/2021 2956/1863/2020
s 0
f 2955/1862/2022 2957/1864/2022 2956/1863/2022
f 2957/1864/2023 2958/1865/2023 2956/1863/2023
f 2958/1865/2021 2959/1866/2021 2956/1863/2021
f 2959/1866/2020 2960/1867/2020 2956/1863/2020
f 2960/1867/2020 2961/1868/2020 2956/1863/2020
s 1
f 2961/1868/2021 2962/1869/2021 2956/1863/2021
s 0
f 2962/1869/2020 2963/1870/2020 2956/1863/2020
f 2963/1870/2020 2964/1871/2020 2956/1863/2020
f 2964/1871/2021 2965/1872/2021 2956/1863/2021
s 1
f 2965/1872/2020 2966/1873/2020 2956/1863/2020
f 2966/1873/2020 2954/1861/2020 2956/1863/2020
f 2967/1874/2024 2968/1875/2025 2969/1876/2026
f 2967/1874/2024 2969/1876/2026 2970/1877/2027
f 2968/1875/2025 2971/1878/2028 2972/1879/2028
f 2968/1875/2025 2972/1879/2028 2969/1876/2026
f 2971/1878/2028 2973/1880/2029 2974/1881/2030
f 2971/1878/2028 2974/1881/2030 2972/1879/2028
f 2973/1880/2029 2975/1882/2031 2976/1883/2032
f 2973/1880/2029 2976/1883/2032 2974/1881/2030
f 2975/1882/2031 2977/1884/2033 2978/1885/2034
f 2975/1882/2031 2978/1885/2034 2976/1883/2032
f 2977/1884/2033 2979/1886/2035 2980/1887/2036
f 2977/1884/2033 2980/1887/2036 2978/1885/2034
f 2979/1886/2035 2981/1888/2037 2982/1889/2038
f 2979/1886/2035 2982/1889/2038 2980/1887/2036
f 2981/1888/2037 2983/1890/2039 2984/1891/2039
f 2981/1888/2037 2984/1891/2039 2982/1889/2038
f 2985/1892/2039 2986/1893/2040 2987/1894/2041
f 2985/1892/2039 2987/1894/2041 2988/1895/2039
f 2986/1893/2040 2989/1896/2042 2990/1897/2043
f 2986/1893/2040 2990/1897/2043 2987/1894/2041
f 2989/1896/2042 2991/1898/2044 2992/1899/2045
f 2989/1896/2042 2992/1899/2045 2990/1897/2043
f 2991/1898/2044 2967/1874/2024 2970/1877/2027
f 2991/1898/2044 2970/1877/2027 2992/1899/2045
o polySurface232_pasted__lambert2_0
v -0.031155 0.260850 -0.108750
v -0.021712 0.253199 -0.093890
v -0.038068 0.257617 -0.102469
v -0.021712 0.262035 -0.111049
v -0.012268 0.260850 -0.108750
v -0.005355 0.257617 -0.102469
v -0.002825 0.253199 -0.093890
v -0.005355 0.248781 -0.085310
v -0.012268 0.245547 -0.079029
v -0.021712 0.244363 -0.076730
v -0.031155 0.245547 -0.079029
v -0.038068 0.248781 -0.085310
v -0.040599 0.253199 -0.093890
v -0.037603 0.263268 -0.099274
v -0.021712 0.258976 -0.090938
v -0.030887 0.266411 -0.105375
v -0.021712 0.267560 -0.107609
v -0.012537 0.266411 -0.105375
v -0.005821 0.263268 -0.099274
v -0.003363 0.258976 -0.090938
v -0.005821 0.254684 -0.082602
v -0.012537 0.251542 -0.076501
v -0.021712 0.250392 -0.074267
v -0.030887 0.251542 -0.076501
v -0.037603 0.254684 -0.082602
v -0.040061 0.258976 -0.090938
v -0.038068 0.257617 -0.102469
v -0.037603 0.263268 -0.099274
v -0.030887 0.266411 -0.105375
v -0.031155 0.260850 -0.108750
v -0.021712 0.267560 -0.107609
v -0.021712 0.262035 -0.111049
v -0.012537 0.266411 -0.105375
v -0.012268 0.260850 -0.108750
v -0.005821 0.263268 -0.099274
v -0.005355 0.257617 -0.102469
v -0.003363 0.258976 -0.090938
v -0.002825 0.253199 -0.093890
v -0.005821 0.254684 -0.082602
v -0.005355 0.248781 -0.085310
v -0.012537 0.251542 -0.076501
v -0.012268 0.245547 -0.079029
v -0.021712 0.250392 -0.074267
v -0.021712 0.244363 -0.076730
v -0.021712 0.244363 -0.076730
v -0.021712 0.250392 -0.074267
v -0.030887 0.251542 -0.076501
v -0.031155 0.245547 -0.079029
v -0.037603 0.254684 -0.082602
v -0.038068 0.248781 -0.085310
v -0.040061 0.258976 -0.090938
v -0.040599 0.253199 -0.093890
vn -0.0001 -0.8891 -0.4577
vn -0.0000 -0.8891 -0.4578
vn -0.0000 -0.8889 -0.4580
vn 0.0001 -0.8891 -0.4577
vn -0.0000 -0.8890 -0.4579
vn -0.0000 -0.8891 -0.4577
vn -0.0000 -0.8889 -0.4582
vn -0.0000 0.8890 0.4578
vn 0.0001 0.8891 0.4578
vn -0.0001 0.8891 0.4578
vn -0.0000 0.8891 0.4578
vn -0.8679 0.2968 -0.3984
vn -0.8676 0.2970 -0.3988
vn -0.5064 0.4653 -0.7260
vn -0.5065 0.4652 -0.7260
vn -0.0000 0.5286 -0.8489
vn 0.5064 0.4653 -0.7260
vn 0.8676 0.2970 -0.3988
vn 0.8678 0.2968 -0.3985
vn 0.9966 0.0737 0.0373
vn 0.9966 0.0732 0.0383
vn 0.8678 -0.1490 0.4740
vn 0.8672 -0.1495 0.4751
vn 0.5065 -0.3157 0.8024
vn 0.5057 -0.3159 0.8028
vn -0.0000 -0.3781 0.9258
vn -0.5065 -0.3157 0.8024
vn -0.5057 -0.3159 0.8028
vn -0.8679 -0.1489 0.4739
vn -0.8672 -0.1495 0.4750
vn -0.9966 0.0737 0.0374
vn -0.9966 0.0732 0.0383
vt 0.629211 0.802305
vt 0.632265 0.787146
vt 0.637354 0.802307
vt 0.621886 0.798241
vt 0.617342 0.791203
vt 0.616797 0.783078
vt 0.620396 0.776044
vt 0.627176 0.771984
vt 0.635318 0.771986
vt 0.642644 0.776050
vt 0.647187 0.783088
vt 0.647732 0.791212
vt 0.644133 0.798247
vt 0.613570 0.788449
vt 0.597697 0.783121
vt 0.613567 0.779924
vt 0.609313 0.772256
vt 0.601945 0.767499
vt 0.593440 0.766928
vt 0.586075 0.770696
vt 0.581824 0.777793
vt 0.581827 0.786318
vt 0.586082 0.793986
vt 0.593449 0.798743
vt 0.601955 0.799314
vt 0.609319 0.795546
vt 0.476993 0.887899
vt 0.476603 0.892421
vt 0.469919 0.891993
vt 0.470113 0.887458
vt 0.463284 0.891850
vt 0.463284 0.887311
vt 0.456649 0.891993
vt 0.456455 0.887458
vt 0.449965 0.892421
vt 0.449575 0.887899
vt 0.443244 0.893134
vt 0.442656 0.888632
vt 0.436558 0.894128
vt 0.435775 0.889656
vt 0.429982 0.895400
vt 0.429006 0.890965
vt 0.423530 0.896954
vt 0.422365 0.892564
vt 0.504203 0.892564
vt 0.503038 0.896954
vt 0.496586 0.895400
vt 0.497562 0.890965
vt 0.490010 0.894128
vt 0.490793 0.889656
vt 0.483324 0.893134
vt 0.483912 0.888632
s 0
usemtl pasted__lambert2
f 2993/1900/2046 2994/1901/2046 2995/1902/2046
f 2996/1903/2047 2994/1901/2047 2993/1900/2047
f 2997/1904/2047 2994/1901/2047 2996/1903/2047
f 2998/1905/2048 2994/1901/2049 2997/1904/2049
f 2999/1906/2050 2994/1901/2050 2998/1905/2050
f 3000/1907/2051 2994/1901/2051 2999/1906/2052
f 3001/1908/2047 2994/1901/2047 3000/1907/2047
f 3002/1909/2047 2994/1901/2047 3001/1908/2047
f 3003/1910/2047 2994/1901/2047 3002/1909/2047
f 3004/1911/2047 2994/1901/2047 3003/1910/2047
f 3005/1912/2051 2994/1901/2051 3004/1911/2051
f 2995/1902/2050 2994/1901/2050 3005/1912/2050
s 1
f 3006/1913/2053 3007/1914/2053 3008/1915/2053
s 0
f 3008/1915/2054 3007/1914/2054 3009/1916/2054
f 3009/1916/2055 3007/1914/2055 3010/1917/2055
f 3010/1917/2053 3007/1914/2053 3011/1918/2053
f 3011/1918/2056 3007/1914/2056 3012/1919/2056
f 3012/1919/2056 3007/1914/2056 3013/1920/2056
f 3013/1920/2053 3007/1914/2053 3014/1921/2053
f 3014/1921/2056 3007/1914/2056 3015/1922/2056
f 3015/1922/2056 3007/1914/2056 3016/1923/2056
f 3016/1923/2053 3007/1914/2053 3017/1924/2053
f 3017/1924/2056 3007/1914/2056 3018/1925/2056
f 3018/1925/2056 3007/1914/2056 3006/1913/2056
s 1
f 3019/1926/2057 3020/1927/2058 3021/1928/2059
f 3019/1926/2057 3021/1928/2059 3022/1929/2060
f 3022/1929/2060 3021/1928/2059 3023/1930/2061
f 3022/1929/2060 3023/1930/2061 3024/1931/2061
f 3024/1931/2061 3023/1930/2061 3025/1932/2062
f 3024/1931/2061 3025/1932/2062 3026/1933/2062
f 3026/1933/2062 3025/1932/2062 3027/1934/2063
f 3026/1933/2062 3027/1934/2063 3028/1935/2064
f 3028/1935/2064 3027/1934/2063 3029/1936/2065
f 3028/1935/2064 3029/1936/2065 3030/1937/2066
f 3030/1937/2066 3029/1936/2065 3031/1938/2067
f 3030/1937/2066 3031/1938/2067 3032/1939/2068
f 3032/1939/2068 3031/1938/2067 3033/1940/2069
f 3032/1939/2068 3033/1940/2069 3034/1941/2070
f 3034/1941/2070 3033/1940/2069 3035/1942/2071
f 3034/1941/2070 3035/1942/2071 3036/1943/2071
f 3037/1944/2071 3038/1945/2071 3039/1946/2072
f 3037/1944/2071 3039/1946/2072 3040/1947/2073
f 3040/1947/2073 3039/1946/2072 3041/1948/2074
f 3040/1947/2073 3041/1948/2074 3042/1949/2075
f 3042/1949/2075 3041/1948/2074 3043/1950/2076
f 3042/1949/2075 3043/1950/2076 3044/1951/2077
f 3044/1951/2077 3043/1950/2076 3020/1927/2058
f 3044/1951/2077 3020/1927/2058 3019/1926/2057
o polySurface233_pasted__lambert2_0
v -0.014978 0.222494 -0.063275
v -0.014978 0.234247 -0.057515
v -0.028446 0.234247 -0.057515
v -0.028446 0.222494 -0.063275
v -0.029624 0.266687 -0.118019
v -0.029136 0.248863 -0.085104
v -0.014288 0.248863 -0.085104
v -0.013799 0.266687 -0.118019
v -0.015366 0.267554 -0.125292
v -0.015366 0.253476 -0.133777
v -0.028058 0.253476 -0.133777
v -0.028058 0.267554 -0.125292
v -0.014288 0.233995 -0.092391
v -0.029136 0.233995 -0.092391
v -0.029624 0.249091 -0.127674
v -0.013799 0.249091 -0.127674
v -0.029136 0.233995 -0.092391
v -0.029136 0.248863 -0.085104
v -0.029624 0.266687 -0.118019
v -0.029624 0.249091 -0.127674
v -0.014288 0.248863 -0.085104
v -0.014288 0.233995 -0.092391
v -0.013799 0.249091 -0.127674
v -0.013799 0.266687 -0.118019
v -0.028058 0.253476 -0.133777
v -0.015366 0.253476 -0.133777
v -0.028058 0.267554 -0.125292
v -0.028058 0.253476 -0.133777
v -0.015366 0.267554 -0.125292
v -0.028058 0.267554 -0.125292
v -0.015366 0.253476 -0.133777
v -0.015366 0.267554 -0.125292
v -0.027313 0.241668 -0.069987
v -0.016111 0.241668 -0.069987
v -0.016111 0.241668 -0.069987
v -0.016199 0.229218 -0.075981
v -0.016199 0.229218 -0.075981
v -0.027224 0.229218 -0.075981
v -0.027224 0.229218 -0.075981
v -0.027313 0.241668 -0.069987
v -0.015017 0.220875 -0.066129
v -0.028407 0.220875 -0.066129
v -0.028407 0.220875 -0.066129
v -0.028425 0.236312 -0.058562
v -0.028425 0.236312 -0.058562
v -0.014999 0.236312 -0.058562
v -0.014999 0.236312 -0.058562
v -0.015017 0.220875 -0.066129
v -0.015017 0.220875 -0.066129
v -0.028407 0.220875 -0.066129
v -0.028407 0.220875 -0.066129
v -0.028446 0.222494 -0.063275
v -0.028446 0.234247 -0.057515
v -0.028446 0.234247 -0.057515
v -0.014978 0.234247 -0.057515
v -0.014978 0.234247 -0.057515
v -0.014978 0.222494 -0.063275
v -0.015017 0.220875 -0.066129
vn -0.0000 -0.5407 0.8412
vn -0.0000 -0.4401 0.8979
vn 0.0016 0.9025 0.4307
vn -0.0000 0.8857 0.4642
vn -0.0000 0.9025 0.4307
vn -0.0000 0.5162 -0.8565
vn -0.0000 0.0372 -0.9993
vn -0.0000 -0.9312 -0.3646
vn -0.0003 -0.9312 -0.3646
vn -0.0000 -0.9072 -0.4207
vn -0.0009 -0.9072 -0.4207
vn -0.9993 -0.0169 0.0325
vn -0.9992 -0.0180 0.0347
vn -0.9999 0.0084 -0.0138
vn -0.9997 0.0120 -0.0201
vn 0.9992 -0.0180 0.0347
vn 0.9993 -0.0172 0.0324
vn 0.9997 0.0120 -0.0201
vn 0.9999 0.0084 -0.0138
vn -0.0001 0.0372 -0.9993
vn -0.9766 0.1070 -0.1868
vn -0.9766 0.1069 -0.1867
vn -0.0000 0.9930 0.1184
vn 0.9766 0.1070 -0.1868
vn -0.0000 0.9042 0.4271
vn -0.0000 0.9040 0.4274
vn 0.9997 -0.0129 0.0193
vn 0.9998 -0.0120 0.0175
vn -0.0000 -0.8978 -0.4404
vn -0.9998 -0.0120 0.0175
vn -0.9997 -0.0129 0.0193
vn -0.0000 -0.7631 -0.6463
vn -0.9962 0.0350 -0.0795
vn -0.9963 0.0345 -0.0782
vn -0.0000 0.8523 0.5231
vn 0.9963 0.0345 -0.0782
vn 0.9962 0.0350 -0.0795
vn -0.0000 -0.8698 0.4935
vn -0.9962 0.0350 -0.0794
vn -0.9999 0.0065 -0.0146
vn -0.0000 0.4524 0.8918
vn 0.9999 0.0065 -0.0146
vn 0.9962 0.0350 -0.0794
vt 0.580200 0.968541
vt 0.570702 0.968651
vt 0.570143 0.959861
vt 0.579745 0.959202
vt 0.519754 0.962117
vt 0.546906 0.960126
vt 0.547328 0.971225
vt 0.520155 0.972647
vt 0.514704 0.972426
vt 0.502380 0.972074
vt 0.502420 0.962488
vt 0.514560 0.962382
vt 0.545707 0.937148
vt 0.545899 0.947906
vt 0.517467 0.948575
vt 0.515908 0.937116
vt 0.547939 0.983824
vt 0.518174 0.986617
vt 0.512069 0.949451
vt 0.510488 0.939722
vt 0.512558 0.984711
vt 0.559392 0.959900
vt 0.559641 0.969208
vt 0.560182 0.979897
vt 0.558203 0.939689
vt 0.558948 0.948436
vt 0.567111 0.937364
vt 0.568750 0.946813
vt 0.568615 0.959024
vt 0.569141 0.969613
vt 0.569438 0.982268
vt 0.582549 0.969508
vt 0.582175 0.958038
s 1
usemtl pasted__lambert2
f 3045/1952/2078 3046/1953/2079 3047/1954/2079
f 3045/1952/2078 3047/1954/2079 3048/1955/2078
f 3049/1956/2080 3050/1957/2081 3051/1958/2081
f 3049/1956/2080 3051/1958/2081 3052/1959/2082
f 3053/1960/2083 3054/1961/2084 3055/1962/2084
f 3053/1960/2083 3055/1962/2084 3056/1963/2083
f 3057/1964/2085 3058/1965/2086 3059/1966/2087
f 3057/1964/2085 3059/1966/2087 3060/1967/2088
f 3061/1965/2089 3062/1957/2090 3063/1956/2091
f 3061/1965/2089 3063/1956/2091 3064/1966/2092
f 3065/1958/2093 3066/1968/2094 3067/1969/2095
f 3065/1958/2093 3067/1969/2095 3068/1959/2096
f 3059/1966/2087 3069/1970/2084 3070/1971/2097
f 3059/1966/2087 3070/1971/2097 3060/1967/2088
f 3063/1956/2091 3071/1963/2098 3072/1970/2099
f 3063/1956/2091 3072/1970/2099 3064/1966/2092
f 3052/1959/2082 3073/1960/2100 3074/1963/2100
f 3052/1959/2082 3074/1963/2100 3049/1956/2080
f 3075/1972/2101 3076/1960/2101 3068/1959/2096
f 3075/1972/2101 3068/1959/2096 3067/1969/2095
f 3050/1957/2081 3077/1973/2102 3078/1974/2103
f 3050/1957/2081 3078/1974/2103 3051/1958/2081
f 3065/1958/2093 3079/1974/2104 3080/1975/2105
f 3065/1958/2093 3080/1975/2105 3066/1968/2094
f 3058/1965/2086 3057/1964/2085 3081/1976/2106
f 3058/1965/2086 3081/1976/2106 3082/1977/2106
f 3062/1957/2090 3061/1965/2089 3083/1977/2107
f 3062/1957/2090 3083/1977/2107 3084/1973/2108
f 3081/1976/2106 3085/1978/2109 3086/1979/2109
f 3081/1976/2106 3086/1979/2109 3082/1977/2106
f 3083/1977/2107 3087/1979/2110 3088/1980/2111
f 3083/1977/2107 3088/1980/2111 3084/1973/2108
f 3077/1973/2102 3089/1980/2112 3090/1981/2112
f 3077/1973/2102 3090/1981/2112 3078/1974/2103
f 3079/1974/2104 3091/1981/2113 3092/1982/2114
f 3079/1974/2104 3092/1982/2114 3080/1975/2105
f 3093/1983/2115 3045/1952/2078 3048/1955/2078
f 3093/1983/2115 3048/1955/2078 3094/1984/2115
f 3095/1984/2116 3096/1955/2117 3097/1954/2117
f 3095/1984/2116 3097/1954/2117 3088/1980/2111
f 3089/1980/2112 3098/1954/2118 3099/1953/2118
f 3089/1980/2112 3099/1953/2118 3090/1981/2112
f 3091/1981/2113 3100/1953/2119 3101/1952/2119
f 3091/1981/2113 3101/1952/2119 3102/1983/2120
o polySurface234_pasted__lambert2_0
v -0.030428 0.262572 -0.091803
v -0.021712 0.261888 -0.089472
v -0.026224 0.265136 -0.096780
v -0.013897 0.263590 -0.093780
v -0.012996 0.260386 -0.087558
v -0.017200 0.257824 -0.082579
v -0.029527 0.259368 -0.085581
v -0.019377 0.265557 -0.097600
v -0.024047 0.257401 -0.081761
v -0.031065 0.259693 -0.093469
v -0.030428 0.262572 -0.091803
v -0.026224 0.265136 -0.096780
v -0.026553 0.262444 -0.098811
v -0.019377 0.265557 -0.097600
v -0.013897 0.263590 -0.093780
v -0.013326 0.260786 -0.095591
v -0.019205 0.262897 -0.099689
v -0.012996 0.260386 -0.087558
v -0.012359 0.257349 -0.088915
v -0.017200 0.257824 -0.082579
v -0.016870 0.254598 -0.083573
v -0.024047 0.257401 -0.081761
v -0.029527 0.259368 -0.085581
v -0.030098 0.256256 -0.086793
v -0.024218 0.254145 -0.082694
vn -0.0490 0.8938 0.4457
vn -0.0000 0.8891 0.4578
vn -0.0251 0.9077 0.4189
vn 0.0438 0.8994 0.4349
vn 0.0490 0.8820 0.4687
vn 0.0251 0.8682 0.4955
vn -0.0438 0.8764 0.4795
vn 0.0130 0.9100 0.4145
vn -0.0130 0.8660 0.4999
vn -0.9490 0.2863 -0.1321
vn -0.9488 0.2866 -0.1327
vn -0.4986 0.5599 -0.6617
vn -0.4980 0.5601 -0.6620
vn 0.2592 0.6068 -0.7515
vn 0.8542 0.3935 -0.3400
vn 0.8541 0.3935 -0.3401
vn 0.2587 0.6068 -0.7516
vn 0.9488 0.0604 0.3100
vn 0.9483 0.0595 0.3118
vn 0.4987 -0.2081 0.8414
vn 0.4967 -0.2086 0.8425
vn -0.2592 -0.2536 0.9319
vn -0.8543 -0.0451 0.5179
vn -0.8530 -0.0462 0.5199
vn -0.2581 -0.2537 0.9322
vt 0.624057 0.815032
vt 0.617179 0.812078
vt 0.624324 0.809201
vt 0.614414 0.805105
vt 0.610180 0.809185
vt 0.610143 0.815031
vt 0.619944 0.819156
vt 0.620219 0.805059
vt 0.614142 0.819182
vt 0.626809 0.816291
vt 0.626806 0.808259
vt 0.613258 0.802296
vt 0.621418 0.802505
vt 0.607511 0.808227
vt 0.607578 0.816225
vt 0.620901 0.821825
vt 0.613100 0.821639
s 1
usemtl pasted__lambert2
f 3103/1985/2121 3104/1986/2122 3105/1987/2123
f 3106/1988/2124 3104/1986/2122 3107/1989/2125
f 3107/1989/2125 3104/1986/2122 3108/1990/2126
f 3109/1991/2127 3104/1986/2122 3103/1985/2121
f 3110/1992/2128 3104/1986/2122 3106/1988/2124
f 3105/1987/2123 3104/1986/2122 3110/1992/2128
f 3111/1993/2129 3104/1986/2122 3109/1991/2127
f 3108/1990/2126 3104/1986/2122 3111/1993/2129
f 3112/1994/2130 3113/1985/2131 3114/1987/2132
f 3112/1994/2130 3114/1987/2132 3115/1995/2133
f 3116/1992/2134 3117/1988/2135 3118/1996/2136
f 3116/1992/2134 3118/1996/2136 3119/1997/2137
f 3118/1996/2136 3117/1988/2135 3120/1989/2138
f 3118/1996/2136 3120/1989/2138 3121/1998/2139
f 3121/1998/2139 3120/1989/2138 3122/1990/2140
f 3121/1998/2139 3122/1990/2140 3123/1999/2141
f 3124/1993/2142 3125/1991/2143 3126/2000/2144
f 3124/1993/2142 3126/2000/2144 3127/2001/2145
f 3126/2000/2144 3125/1991/2143 3113/1985/2131
f 3126/2000/2144 3113/1985/2131 3112/1994/2130
f 3115/1995/2133 3114/1987/2132 3116/1992/2134
f 3115/1995/2133 3116/1992/2134 3119/1997/2137
f 3123/1999/2141 3122/1990/2140 3124/1993/2142
f 3123/1999/2141 3124/1993/2142 3127/2001/2145
o polySurface235_pasted__lambert2_0
v 0.029656 0.262572 -0.091803
v 0.025449 0.265136 -0.096780
v 0.020936 0.261888 -0.089472
v 0.013117 0.263590 -0.093780
v 0.012215 0.260386 -0.087558
v 0.016421 0.257824 -0.082579
v 0.028754 0.259368 -0.085581
v 0.018598 0.265557 -0.097600
v 0.023272 0.257401 -0.081761
v 0.030293 0.259693 -0.093469
v 0.025780 0.262444 -0.098811
v 0.025449 0.265136 -0.096780
v 0.029656 0.262572 -0.091803
v 0.018598 0.265557 -0.097600
v 0.018428 0.262897 -0.099689
v 0.012546 0.260786 -0.095591
v 0.013117 0.263590 -0.093780
v 0.011578 0.257349 -0.088915
v 0.012215 0.260386 -0.087558
v 0.016092 0.254598 -0.083573
v 0.016421 0.257824 -0.082579
v 0.023272 0.257401 -0.081761
v 0.023443 0.254145 -0.082694
v 0.029325 0.256256 -0.086793
v 0.028754 0.259368 -0.085581
vn 0.0490 0.8938 0.4457
vn 0.0251 0.9077 0.4189
vn -0.0000 0.8891 0.4578
vn -0.0438 0.8994 0.4349
vn -0.0490 0.8820 0.4687
vn -0.0251 0.8682 0.4955
vn 0.0438 0.8764 0.4795
vn -0.0130 0.9100 0.4145
vn 0.0130 0.8662 0.4996
vn 0.9489 0.2865 -0.1322
vn 0.4978 0.5602 -0.6621
vn 0.4985 0.5600 -0.6618
vn 0.9488 0.2867 -0.1327
vn -0.2591 0.6068 -0.7515
vn -0.2585 0.6068 -0.7516
vn -0.8540 0.3937 -0.3402
vn -0.8541 0.3936 -0.3401
vn -0.9483 0.0595 0.3119
vn -0.9488 0.0604 0.3101
vn -0.4965 -0.2087 0.8426
vn -0.4985 -0.2081 0.8415
vn 0.2591 -0.2536 0.9320
vn 0.2578 -0.2537 0.9323
vn 0.8528 -0.0462 0.5201
vn 0.8542 -0.0451 0.5180
vt 0.624057 0.815032
vt 0.624324 0.809201
vt 0.617179 0.812078
vt 0.614414 0.805105
vt 0.610180 0.809185
vt 0.610143 0.815031
vt 0.619944 0.819156
vt 0.620219 0.805059
vt 0.614142 0.819182
vt 0.626809 0.816291
vt 0.626806 0.808259
vt 0.621418 0.802505
vt 0.613258 0.802296
vt 0.607511 0.808227
vt 0.607578 0.816225
vt 0.613100 0.821639
vt 0.620901 0.821825
s 1
usemtl pasted__lambert2
f 3128/2002/2146 3129/2003/2147 3130/2004/2148
f 3131/2005/2149 3132/2006/2150 3130/2004/2148
f 3132/2006/2150 3133/2007/2151 3130/2004/2148
f 3134/2008/2152 3128/2002/2146 3130/2004/2148
f 3135/2009/2153 3131/2005/2149 3130/2004/2148
f 3129/2003/2147 3135/2009/2153 3130/2004/2148
f 3136/2010/2154 3134/2008/2152 3130/2004/2148
f 3133/2007/2151 3136/2010/2154 3130/2004/2148
f 3137/2011/2155 3138/2012/2156 3139/2003/2157
f 3137/2011/2155 3139/2003/2157 3140/2002/2158
f 3141/2009/2159 3142/2013/2160 3143/2014/2161
f 3141/2009/2159 3143/2014/2161 3144/2005/2162
f 3143/2014/2161 3145/2015/2163 3146/2006/2164
f 3143/2014/2161 3146/2006/2164 3144/2005/2162
f 3145/2015/2163 3147/2016/2165 3148/2007/2166
f 3145/2015/2163 3148/2007/2166 3146/2006/2164
f 3149/2010/2167 3150/2017/2168 3151/2018/2169
f 3149/2010/2167 3151/2018/2169 3152/2008/2170
f 3151/2018/2169 3137/2011/2155 3140/2002/2158
f 3151/2018/2169 3140/2002/2158 3152/2008/2170
f 3138/2012/2156 3142/2013/2160 3141/2009/2159
f 3138/2012/2156 3141/2009/2159 3139/2003/2157
f 3147/2016/2165 3150/2017/2168 3149/2010/2167
f 3147/2016/2165 3149/2010/2167 3148/2007/2166
o polySurface236_pasted__lambert2_0
v 0.014199 0.222494 -0.063275
v 0.027673 0.222494 -0.063275
v 0.027673 0.234247 -0.057515
v 0.014199 0.234247 -0.057515
v 0.028851 0.266687 -0.118019
v 0.013019 0.266687 -0.118019
v 0.013508 0.248863 -0.085104
v 0.028363 0.248863 -0.085104
v 0.014587 0.267554 -0.125292
v 0.027284 0.267554 -0.125292
v 0.027284 0.253476 -0.133777
v 0.014587 0.253476 -0.133777
v 0.013508 0.233995 -0.092391
v 0.013019 0.249091 -0.127674
v 0.028851 0.249091 -0.127674
v 0.028363 0.233995 -0.092391
v 0.028363 0.233995 -0.092391
v 0.028851 0.249091 -0.127674
v 0.028851 0.266687 -0.118019
v 0.028363 0.248863 -0.085104
v 0.013508 0.248863 -0.085104
v 0.013019 0.266687 -0.118019
v 0.013019 0.249091 -0.127674
v 0.013508 0.233995 -0.092391
v 0.014587 0.253476 -0.133777
v 0.027284 0.253476 -0.133777
v 0.027284 0.253476 -0.133777
v 0.027284 0.267554 -0.125292
v 0.027284 0.267554 -0.125292
v 0.014587 0.267554 -0.125292
v 0.014587 0.253476 -0.133777
v 0.014587 0.267554 -0.125292
v 0.015332 0.241668 -0.069987
v 0.026539 0.241668 -0.069987
v 0.015420 0.229218 -0.075981
v 0.015332 0.241668 -0.069987
v 0.026451 0.229218 -0.075981
v 0.015420 0.229218 -0.075981
v 0.026539 0.241668 -0.069987
v 0.026451 0.229218 -0.075981
v 0.027633 0.220875 -0.066129
v 0.014238 0.220875 -0.066129
v 0.027651 0.236312 -0.058562
v 0.027633 0.220875 -0.066129
v 0.014219 0.236312 -0.058562
v 0.027651 0.236312 -0.058562
v 0.014238 0.220875 -0.066129
v 0.014219 0.236312 -0.058562
v 0.014238 0.220875 -0.066129
v 0.027633 0.220875 -0.066129
v 0.027633 0.220875 -0.066129
v 0.027673 0.234247 -0.057515
v 0.027673 0.222494 -0.063275
v 0.014199 0.234247 -0.057515
v 0.027673 0.234247 -0.057515
v 0.014238 0.220875 -0.066129
v 0.014199 0.222494 -0.063275
v 0.014199 0.234247 -0.057515
vn -0.0000 -0.5407 0.8412
vn -0.0000 -0.4401 0.8979
vn -0.0000 0.9025 0.4307
vn 0.0017 0.9025 0.4307
vn -0.0000 0.8857 0.4642
vn -0.0000 0.5162 -0.8565
vn -0.0000 0.0372 -0.9993
vn -0.0003 -0.9312 -0.3646
vn -0.0000 -0.9072 -0.4207
vn -0.0009 -0.9072 -0.4207
vn -0.0000 -0.9312 -0.3646
vn 0.9993 -0.0169 0.0325
vn 0.9997 0.0120 -0.0201
vn 0.9999 0.0084 -0.0138
vn 0.9992 -0.0180 0.0347
vn -0.9992 -0.0180 0.0347
vn -0.9999 0.0084 -0.0138
vn -0.9997 0.0120 -0.0201
vn -0.9993 -0.0169 0.0325
vn 0.9765 0.1070 -0.1868
vn 0.9765 0.1070 -0.1869
vn -0.0000 0.9930 0.1184
vn -0.9765 0.1070 -0.1868
vn -0.9765 0.1070 -0.1869
vn -0.0000 0.9040 0.4276
vn -0.0000 0.9042 0.4271
vn -0.9998 -0.0120 0.0175
vn -0.9997 -0.0129 0.0193
vn -0.0000 -0.8978 -0.4404
vn 0.9997 -0.0129 0.0193
vn 0.9998 -0.0120 0.0175
vn -0.0000 -0.7631 -0.6463
vn 0.9963 0.0345 -0.0783
vn 0.9962 0.0350 -0.0795
vn -0.0000 0.8523 0.5231
vn -0.9962 0.0350 -0.0795
vn -0.9963 0.0345 -0.0783
vn -0.0000 -0.8698 0.4935
vn 0.9999 0.0065 -0.0146
vn -0.0000 0.4524 0.8918
vn -0.9999 0.0065 -0.0146
vt 0.580200 0.968541
vt 0.579745 0.959202
vt 0.570143 0.959861
vt 0.570702 0.968651
vt 0.519754 0.962117
vt 0.520155 0.972647
vt 0.547328 0.971225
vt 0.546906 0.960126
vt 0.514704 0.972426
vt 0.514560 0.962382
vt 0.502420 0.962488
vt 0.502380 0.972074
vt 0.545707 0.937148
vt 0.515908 0.937116
vt 0.517467 0.948575
vt 0.545899 0.947906
vt 0.518174 0.986617
vt 0.547939 0.983824
vt 0.510488 0.939722
vt 0.512069 0.949451
vt 0.512558 0.984711
vt 0.559641 0.969208
vt 0.559392 0.959900
vt 0.560182 0.979897
vt 0.558948 0.948436
vt 0.558203 0.939689
vt 0.568750 0.946813
vt 0.567111 0.937364
vt 0.568615 0.959024
vt 0.569141 0.969613
vt 0.569438 0.982268
vt 0.582549 0.969508
vt 0.582175 0.958038
s 1
usemtl pasted__lambert2
f 3153/2019/2171 3154/2020/2171 3155/2021/2172
f 3153/2019/2171 3155/2021/2172 3156/2022/2172
f 3157/2023/2173 3158/2024/2174 3159/2025/2175
f 3157/2023/2173 3159/2025/2175 3160/2026/2175
f 3161/2027/2176 3162/2028/2176 3163/2029/2177
f 3161/2027/2176 3163/2029/2177 3164/2030/2177
f 3165/2031/2178 3166/2032/2179 3167/2033/2180
f 3165/2031/2178 3167/2033/2180 3168/2034/2181
f 3169/2034/2182 3170/2033/2183 3171/2023/2184
f 3169/2034/2182 3171/2023/2184 3172/2026/2185
f 3173/2025/2186 3174/2024/2187 3175/2035/2188
f 3173/2025/2186 3175/2035/2188 3176/2036/2189
f 3167/2033/2180 3166/2032/2179 3177/2037/2177
f 3167/2033/2180 3177/2037/2177 3178/2038/2177
f 3171/2023/2184 3170/2033/2183 3179/2038/2190
f 3171/2023/2184 3179/2038/2190 3180/2028/2191
f 3158/2024/2174 3157/2023/2173 3181/2028/2192
f 3158/2024/2174 3181/2028/2192 3182/2027/2192
f 3183/2039/2193 3175/2035/2188 3174/2024/2187
f 3183/2039/2193 3174/2024/2187 3184/2027/2194
f 3160/2026/2175 3159/2025/2175 3185/2040/2195
f 3160/2026/2175 3185/2040/2195 3186/2041/2196
f 3173/2025/2186 3176/2036/2189 3187/2042/2197
f 3173/2025/2186 3187/2042/2197 3188/2040/2198
f 3168/2034/2181 3189/2043/2199 3190/2044/2199
f 3168/2034/2181 3190/2044/2199 3165/2031/2178
f 3172/2026/2185 3191/2041/2200 3192/2043/2201
f 3172/2026/2185 3192/2043/2201 3169/2034/2182
f 3190/2044/2199 3189/2043/2199 3193/2045/2202
f 3190/2044/2199 3193/2045/2202 3194/2046/2202
f 3192/2043/2201 3191/2041/2200 3195/2047/2203
f 3192/2043/2201 3195/2047/2203 3196/2045/2204
f 3186/2041/2196 3185/2040/2195 3197/2048/2205
f 3186/2041/2196 3197/2048/2205 3198/2047/2205
f 3188/2040/2198 3187/2042/2197 3199/2049/2206
f 3188/2040/2198 3199/2049/2206 3200/2048/2207
f 3201/2050/2208 3202/2051/2208 3154/2020/2171
f 3201/2050/2208 3154/2020/2171 3153/2019/2171
f 3203/2051/2204 3195/2047/2203 3204/2021/2209
f 3203/2051/2204 3204/2021/2209 3205/2020/2209
f 3198/2047/2205 3197/2048/2205 3206/2022/2210
f 3198/2047/2205 3206/2022/2210 3207/2021/2210
f 3200/2048/2207 3208/2050/2206 3209/2019/2211
f 3200/2048/2207 3209/2019/2211 3210/2022/2211
o polySurface237_pasted__lambert2_0
v 0.023792 0.274156 -0.170017
v 0.024510 0.275604 -0.170311
v 0.024846 0.252900 -0.131171
v 0.017361 0.275604 -0.170311
v 0.018079 0.274156 -0.170017
v 0.017025 0.252900 -0.131171
v 0.021939 0.284037 -0.166178
v 0.019932 0.284037 -0.166178
v 0.019786 0.264779 -0.125349
v 0.022085 0.264779 -0.125349
v 0.019932 0.284037 -0.166178
v 0.021939 0.284037 -0.166178
v 0.023548 0.282479 -0.166942
v 0.018323 0.282479 -0.166942
v 0.018079 0.274156 -0.170017
v 0.023792 0.274156 -0.170017
v 0.024846 0.252900 -0.131171
v 0.017025 0.252900 -0.131171
v 0.023548 0.282479 -0.166942
v 0.023959 0.262721 -0.126357
v 0.018323 0.282479 -0.166942
v 0.017912 0.262721 -0.126357
v 0.024510 0.275604 -0.170311
v 0.017361 0.275604 -0.170311
v 0.023792 0.274156 -0.170017
v 0.018079 0.274156 -0.170017
vn 0.8358 -0.4717 -0.2808
vn 0.9972 0.0698 0.0269
vn 0.9952 0.0902 0.0387
vn -0.9972 0.0697 0.0269
vn -0.8358 -0.4717 -0.2808
vn -0.9952 0.0902 0.0387
vn 0.4599 0.8033 0.3785
vn -0.4598 0.8033 0.3785
vn -0.4583 0.8040 0.3788
vn 0.4583 0.8039 0.3791
vn -0.0000 0.4396 -0.8982
vn -0.0000 0.4401 -0.8980
vn -0.0000 -0.8772 -0.4800
vn 0.9733 0.2089 0.0953
vn 0.9733 0.2086 0.0954
vn -0.9733 0.2092 0.0948
vn -0.9733 0.2087 0.0952
vn -0.0000 0.3631 -0.9317
vn -0.0000 0.3631 -0.9318
vn -0.0000 -0.1994 -0.9799
vt 0.495507 0.915827
vt 0.496121 0.914861
vt 0.464647 0.917074
vt 0.496403 0.899406
vt 0.495824 0.898418
vt 0.465031 0.896047
vt 0.496133 0.907831
vt 0.496158 0.906432
vt 0.464688 0.905756
vt 0.464659 0.907359
vt 0.498474 0.907968
vt 0.497086 0.908141
vt 0.496123 0.909480
vt 0.499738 0.909028
vt 0.495762 0.919802
vt 0.464997 0.922517
vt 0.464648 0.909423
vt 0.496208 0.904783
vt 0.464752 0.903693
vt 0.501067 0.914242
vt 0.496746 0.915821
vt 0.500698 0.915326
s 1
usemtl pasted__lambert2
f 3211/2052/2212 3212/2053/2213 3213/2054/2214
f 3214/2055/2215 3215/2056/2216 3216/2057/2217
f 3217/2058/2218 3218/2059/2219 3219/2060/2220
f 3217/2058/2218 3219/2060/2220 3220/2061/2221
s 0
f 3221/2062/2222 3222/2063/2222 3223/2064/2223
f 3221/2062/2223 3223/2064/2223 3224/2065/2223
f 3225/2066/2224 3226/2052/2224 3227/2054/2224
f 3225/2066/2224 3227/2054/2224 3228/2067/2224
s 1
f 3229/2064/2225 3217/2058/2218 3220/2061/2221
f 3229/2064/2225 3220/2061/2221 3230/2068/2226
f 3219/2060/2220 3218/2059/2219 3231/2069/2227
f 3219/2060/2220 3231/2069/2227 3232/2070/2228
f 3212/2053/2213 3229/2064/2225 3230/2068/2226
f 3212/2053/2213 3230/2068/2226 3213/2054/2214
f 3224/2065/2223 3223/2064/2223 3233/2053/2229
f 3224/2065/2223 3233/2053/2229 3234/2071/2230
f 3231/2069/2227 3214/2055/2215 3216/2057/2217
f 3231/2069/2227 3216/2057/2217 3232/2070/2228
f 3234/2071/2230 3233/2053/2229 3235/2072/2231
f 3234/2071/2230 3235/2072/2231 3236/2073/2231
o polySurface238_pasted__lambert2_0
v -0.024567 0.274156 -0.170017
v -0.025621 0.252900 -0.131171
v -0.025284 0.275604 -0.170311
v -0.018139 0.275604 -0.170311
v -0.017803 0.252900 -0.131171
v -0.018857 0.274156 -0.170017
v -0.022715 0.284037 -0.166178
v -0.022861 0.264779 -0.125349
v -0.020563 0.264779 -0.125349
v -0.020709 0.284037 -0.166178
v -0.020709 0.284037 -0.166178
v -0.019100 0.282479 -0.166942
v -0.024324 0.282479 -0.166942
v -0.022715 0.284037 -0.166178
v -0.018857 0.274156 -0.170017
v -0.017803 0.252900 -0.131171
v -0.025621 0.252900 -0.131171
v -0.024567 0.274156 -0.170017
v -0.024324 0.282479 -0.166942
v -0.024734 0.262721 -0.126357
v -0.018690 0.262721 -0.126357
v -0.019100 0.282479 -0.166942
v -0.018139 0.275604 -0.170311
v -0.025284 0.275604 -0.170311
v -0.018857 0.274156 -0.170017
v -0.024567 0.274156 -0.170017
vn -0.8359 -0.4717 -0.2808
vn -0.9952 0.0902 0.0387
vn -0.9972 0.0697 0.0269
vn 0.9972 0.0697 0.0269
vn 0.9952 0.0902 0.0387
vn 0.8360 -0.4715 -0.2807
vn -0.4600 0.8032 0.3784
vn -0.4585 0.8039 0.3788
vn 0.4585 0.8038 0.3790
vn 0.4600 0.8032 0.3784
vn -0.0000 0.4401 -0.8980
vn -0.0000 0.4397 -0.8982
vn -0.0000 -0.8772 -0.4800
vn -0.9733 0.2088 0.0953
vn -0.9734 0.2086 0.0952
vn 0.9734 0.2086 0.0952
vn 0.9733 0.2089 0.0953
vn -0.0000 0.3631 -0.9318
vn -0.0000 -0.1994 -0.9799
vt 0.495507 0.915827
vt 0.464647 0.917074
vt 0.496121 0.914861
vt 0.496403 0.899406
vt 0.465031 0.896047
vt 0.495824 0.898418
vt 0.496133 0.907831
vt 0.464659 0.907359
vt 0.464688 0.905756
vt 0.496158 0.906432
vt 0.498474 0.907968
vt 0.499738 0.909028
vt 0.496123 0.909480
vt 0.497086 0.908141
vt 0.495762 0.919802
vt 0.464997 0.922517
vt 0.464648 0.909423
vt 0.464752 0.903693
vt 0.496208 0.904783
vt 0.501067 0.914242
vt 0.500698 0.915326
vt 0.496746 0.915821
s 1
usemtl pasted__lambert2
f 3237/2074/2232 3238/2075/2233 3239/2076/2234
f 3240/2077/2235 3241/2078/2236 3242/2079/2237
f 3243/2080/2238 3244/2081/2239 3245/2082/2240
f 3243/2080/2238 3245/2082/2240 3246/2083/2241
s 0
f 3247/2084/2242 3248/2085/2242 3249/2086/2242
f 3247/2084/2243 3249/2086/2242 3250/2087/2243
f 3251/2088/2244 3252/2089/2244 3253/2075/2244
f 3251/2088/2244 3253/2075/2244 3254/2074/2244
s 1
f 3255/2086/2245 3256/2090/2246 3244/2081/2239
f 3255/2086/2245 3244/2081/2239 3243/2080/2238
f 3245/2082/2240 3257/2091/2247 3258/2092/2248
f 3245/2082/2240 3258/2092/2248 3246/2083/2241
f 3239/2076/2234 3238/2075/2233 3256/2090/2246
f 3239/2076/2234 3256/2090/2246 3255/2086/2245
f 3248/2085/2242 3259/2093/2249 3260/2076/2249
f 3248/2085/2242 3260/2076/2249 3249/2086/2242
f 3258/2092/2248 3257/2091/2247 3241/2078/2236
f 3258/2092/2248 3241/2078/2236 3240/2077/2235
f 3259/2093/2249 3261/2094/2250 3262/2095/2250
f 3259/2093/2249 3262/2095/2250 3260/2076/2249
o polySurface239_pasted__lambert2_0
v -0.022386 0.281494 -0.167904
v -0.021037 0.281494 -0.167904
v -0.021712 0.287304 -0.165613
v -0.021712 0.293185 -0.162174
v -0.021037 0.297047 -0.164427
v -0.022386 0.297047 -0.164427
v -0.022386 0.290007 -0.168434
v -0.021037 0.290007 -0.168434
v -0.021037 0.283133 -0.171247
v -0.022386 0.283133 -0.171247
v -0.021037 0.290007 -0.168434
v -0.021712 0.287304 -0.165613
v -0.021037 0.281494 -0.167904
v -0.021037 0.283133 -0.171247
v -0.021712 0.287304 -0.165613
v -0.022386 0.290007 -0.168434
v -0.022386 0.283133 -0.171247
v -0.022386 0.281494 -0.167904
v -0.022386 0.297047 -0.164427
v -0.021037 0.297047 -0.164427
v -0.021037 0.297047 -0.164427
v -0.021712 0.293185 -0.162174
v -0.021712 0.293185 -0.162174
v -0.022386 0.297047 -0.164427
vn -0.0000 -0.3669 0.9303
vn -0.0000 0.5038 0.8638
vn -0.0000 0.4401 -0.8980
vn -0.0000 0.3787 -0.9255
vn 0.9892 -0.0524 0.1370
vn 0.9909 -0.0345 0.1300
vn 0.9935 0.0071 0.1137
vn 0.9935 0.0071 0.1138
vn -0.9909 -0.0345 0.1300
vn -0.9892 -0.0524 0.1369
vn -0.9935 0.0071 0.1137
vn -0.0000 0.4946 -0.8691
vn 0.9849 -0.0865 0.1499
vn 0.9849 -0.0865 0.1500
vn -0.9849 -0.0864 0.1500
vn -0.9849 -0.0865 0.1501
vt 0.581557 0.604519
vt 0.581629 0.605482
vt 0.577075 0.605221
vt 0.706007 0.552945
vt 0.704604 0.547781
vt 0.707410 0.547781
vt 0.576138 0.608813
vt 0.576212 0.607823
vt 0.581360 0.608169
vt 0.581316 0.609182
vt 0.576719 0.611518
vt 0.581174 0.611900
vt 0.570601 0.608435
vt 0.571194 0.607838
vt 0.571680 0.605106
vt 0.571780 0.611300
s 0
usemtl pasted__lambert2
f 3263/2096/2251 3264/2097/2251 3265/2098/2251
f 3266/2099/2252 3267/2100/2252 3268/2101/2252
s 1
f 3269/2102/2253 3270/2103/2253 3271/2104/2254
f 3269/2102/2253 3271/2104/2254 3272/2105/2254
f 3273/2103/2255 3274/2098/2256 3275/2097/2257
f 3273/2103/2255 3275/2097/2257 3276/2104/2258
f 3277/2106/2259 3278/2102/2260 3279/2105/2261
f 3277/2106/2259 3279/2105/2261 3280/2107/2261
f 3281/2108/2262 3282/2109/2262 3270/2103/2253
f 3281/2108/2262 3270/2103/2253 3269/2102/2253
f 3283/2109/2263 3284/2110/2264 3274/2098/2256
f 3283/2109/2263 3274/2098/2256 3273/2103/2255
f 3285/2111/2265 3286/2108/2266 3278/2102/2260
f 3285/2111/2265 3278/2102/2260 3277/2106/2259
o polySurface240_pasted__lambert2_0
v -0.020788 0.295453 -0.193191
v -0.021712 0.293487 -0.193235
v -0.022636 0.295453 -0.193191
v -0.019864 0.293851 -0.193977
v -0.020788 0.292248 -0.194762
v -0.022636 0.292248 -0.194762
v -0.023560 0.293851 -0.193977
v -0.022636 0.295453 -0.193191
v -0.022904 0.282603 -0.165798
v -0.020520 0.282603 -0.165798
v -0.020788 0.295453 -0.193191
v -0.019329 0.280535 -0.166811
v -0.019864 0.293851 -0.193977
v -0.020520 0.278468 -0.167825
v -0.020788 0.292248 -0.194762
v -0.022904 0.278468 -0.167825
v -0.022636 0.292248 -0.194762
v -0.022636 0.292248 -0.194762
v -0.022904 0.278468 -0.167825
v -0.024095 0.280535 -0.166811
v -0.023560 0.293851 -0.193977
vn -0.1948 0.1132 -0.9743
vn -0.0000 0.4401 -0.8979
vn 0.1946 0.1132 -0.9743
vn -0.4084 0.4020 -0.8195
vn -0.1947 0.7008 -0.6863
vn 0.1949 0.7008 -0.6862
vn 0.4082 0.4019 -0.8196
vn -0.5417 0.7632 0.3523
vn -0.5410 0.7634 0.3529
vn 0.5410 0.7636 0.3526
vn 0.5417 0.7630 0.3527
vn 0.9998 0.0077 -0.0159
vn 0.9998 0.0078 -0.0159
vn 0.5409 -0.7466 -0.3873
vn 0.5416 -0.7461 -0.3874
vn -0.5409 -0.7466 -0.3873
vn -0.5416 -0.7462 -0.3871
vn -0.9998 0.0077 -0.0159
vn -0.9998 0.0078 -0.0159
vt 0.577461 0.592180
vt 0.574666 0.597531
vt 0.571888 0.592171
vt 0.580295 0.597540
vt 0.577445 0.602891
vt 0.571872 0.602883
vt 0.569038 0.597523
vt 0.564273 0.783254
vt 0.564643 0.804351
vt 0.562980 0.804366
vt 0.562984 0.783265
vt 0.561172 0.804345
vt 0.561582 0.783249
vt 0.559366 0.804296
vt 0.560181 0.783210
vt 0.557704 0.804217
vt 0.558894 0.783149
vt 0.567074 0.783151
vt 0.568255 0.804218
vt 0.566450 0.804300
vt 0.565674 0.783214
s 1
usemtl pasted__lambert2
f 3287/2112/2267 3288/2113/2268 3289/2114/2269
f 3290/2115/2270 3288/2113/2268 3287/2112/2267
f 3291/2116/2271 3288/2113/2268 3290/2115/2270
f 3292/2117/2272 3288/2113/2268 3291/2116/2271
f 3293/2118/2273 3288/2113/2268 3292/2117/2272
f 3289/2114/2269 3288/2113/2268 3293/2118/2273
f 3294/2119/2274 3295/2120/2275 3296/2121/2276
f 3294/2119/2274 3296/2121/2276 3297/2122/2277
f 3297/2122/2277 3296/2121/2276 3298/2123/2278
f 3297/2122/2277 3298/2123/2278 3299/2124/2279
f 3299/2124/2279 3298/2123/2278 3300/2125/2280
f 3299/2124/2279 3300/2125/2280 3301/2126/2281
f 3301/2126/2281 3300/2125/2280 3302/2127/2282
f 3301/2126/2281 3302/2127/2282 3303/2128/2283
f 3304/2129/2283 3305/2130/2282 3306/2131/2284
f 3304/2129/2283 3306/2131/2284 3307/2132/2285
f 3307/2132/2285 3306/2131/2284 3295/2120/2275
f 3307/2132/2285 3295/2120/2275 3294/2119/2274
o polySurface241_pasted__lambert2_0
v 0.020011 0.295453 -0.193191
v 0.021860 0.295453 -0.193191
v 0.020936 0.293487 -0.193235
v 0.019086 0.293851 -0.193977
v 0.020011 0.292248 -0.194762
v 0.021860 0.292248 -0.194762
v 0.022785 0.293851 -0.193977
v 0.021860 0.295453 -0.193191
v 0.020011 0.295453 -0.193191
v 0.019743 0.282603 -0.165798
v 0.022127 0.282603 -0.165798
v 0.019086 0.293851 -0.193977
v 0.018551 0.280535 -0.166811
v 0.020011 0.292248 -0.194762
v 0.019743 0.278468 -0.167825
v 0.021860 0.292248 -0.194762
v 0.022127 0.278468 -0.167825
v 0.021860 0.292248 -0.194762
v 0.022785 0.293851 -0.193977
v 0.023320 0.280535 -0.166811
v 0.022127 0.278468 -0.167825
vn 0.1946 0.1132 -0.9743
vn -0.1945 0.1132 -0.9743
vn -0.0000 0.4401 -0.8979
vn 0.4081 0.4020 -0.8197
vn 0.1947 0.7007 -0.6863
vn -0.1947 0.7008 -0.6862
vn -0.4082 0.4020 -0.8196
vn 0.5415 0.7631 0.3527
vn -0.5415 0.7633 0.3524
vn -0.5408 0.7635 0.3529
vn 0.5408 0.7637 0.3526
vn -0.9998 0.0078 -0.0159
vn -0.9998 0.0077 -0.0159
vn -0.5414 -0.7463 -0.3872
vn -0.5407 -0.7466 -0.3876
vn 0.5414 -0.7463 -0.3872
vn 0.5407 -0.7467 -0.3873
vn 0.5414 -0.7463 -0.3871
vn 0.9998 0.0078 -0.0159
vn 0.9998 0.0077 -0.0159
vn 0.5407 -0.7467 -0.3874
vt 0.577461 0.592180
vt 0.571888 0.592171
vt 0.574666 0.597531
vt 0.580295 0.597540
vt 0.577445 0.602891
vt 0.571872 0.602883
vt 0.569038 0.597523
vt 0.564273 0.783254
vt 0.562984 0.783265
vt 0.562980 0.804366
vt 0.564643 0.804351
vt 0.561582 0.783249
vt 0.561172 0.804345
vt 0.560181 0.783210
vt 0.559366 0.804296
vt 0.558894 0.783149
vt 0.557704 0.804217
vt 0.567074 0.783151
vt 0.565674 0.783214
vt 0.566450 0.804300
vt 0.568255 0.804218
s 1
usemtl pasted__lambert2
f 3308/2133/2286 3309/2134/2287 3310/2135/2288
f 3311/2136/2289 3308/2133/2286 3310/2135/2288
f 3312/2137/2290 3311/2136/2289 3310/2135/2288
f 3313/2138/2291 3312/2137/2290 3310/2135/2288
f 3314/2139/2292 3313/2138/2291 3310/2135/2288
f 3309/2134/2287 3314/2139/2292 3310/2135/2288
f 3315/2140/2293 3316/2141/2294 3317/2142/2295
f 3315/2140/2293 3317/2142/2295 3318/2143/2296
f 3316/2141/2294 3319/2144/2297 3320/2145/2298
f 3316/2141/2294 3320/2145/2298 3317/2142/2295
f 3319/2144/2297 3321/2146/2299 3322/2147/2300
f 3319/2144/2297 3322/2147/2300 3320/2145/2298
f 3321/2146/2299 3323/2148/2301 3324/2149/2302
f 3321/2146/2299 3324/2149/2302 3322/2147/2300
f 3325/2150/2303 3326/2151/2304 3327/2152/2305
f 3325/2150/2303 3327/2152/2305 3328/2153/2306
f 3326/2151/2304 3315/2140/2293 3318/2143/2296
f 3326/2151/2304 3318/2143/2296 3327/2152/2305
o polySurface242_pasted__lambert2_0
v 0.021610 0.281494 -0.167904
v 0.020936 0.287304 -0.165613
v 0.020261 0.281494 -0.167904
v 0.020936 0.293185 -0.162174
v 0.021610 0.297047 -0.164427
v 0.020261 0.297047 -0.164427
v 0.021610 0.290007 -0.168434
v 0.021610 0.283133 -0.171247
v 0.020261 0.283133 -0.171247
v 0.020261 0.290007 -0.168434
v 0.020261 0.290007 -0.168434
v 0.020261 0.283133 -0.171247
v 0.020261 0.281494 -0.167904
v 0.020936 0.287304 -0.165613
v 0.020936 0.287304 -0.165613
v 0.021610 0.281494 -0.167904
v 0.021610 0.283133 -0.171247
v 0.021610 0.290007 -0.168434
v 0.021610 0.297047 -0.164427
v 0.020261 0.297047 -0.164427
v 0.020261 0.297047 -0.164427
v 0.020936 0.293185 -0.162174
v 0.020936 0.293185 -0.162174
v 0.021610 0.297047 -0.164427
vn -0.0000 -0.3669 0.9303
vn -0.0000 0.5038 0.8638
vn -0.0000 0.4401 -0.8979
vn -0.0000 0.3787 -0.9255
vn -0.0000 0.4401 -0.8980
vn -0.9892 -0.0524 0.1370
vn -0.9935 0.0071 0.1138
vn -0.9909 -0.0345 0.1301
vn 0.9909 -0.0345 0.1301
vn 0.9935 0.0071 0.1138
vn 0.9892 -0.0524 0.1370
vn -0.0000 0.4946 -0.8691
vn -0.9849 -0.0865 0.1500
vn -0.9849 -0.0865 0.1501
vn 0.9849 -0.0863 0.1500
vn 0.9849 -0.0865 0.1501
vt 0.581557 0.604519
vt 0.577075 0.605221
vt 0.581629 0.605482
vt 0.705995 0.552945
vt 0.707399 0.547782
vt 0.704592 0.547782
vt 0.576138 0.608813
vt 0.581316 0.609182
vt 0.581360 0.608169
vt 0.576212 0.607823
vt 0.576719 0.611518
vt 0.581174 0.611900
vt 0.570601 0.608435
vt 0.571194 0.607838
vt 0.571680 0.605106
vt 0.571780 0.611300
s 0
usemtl pasted__lambert2
f 3329/2154/2307 3330/2155/2307 3331/2156/2307
f 3332/2157/2308 3333/2158/2308 3334/2159/2308
s 1
f 3335/2160/2309 3336/2161/2310 3337/2162/2310
f 3335/2160/2309 3337/2162/2310 3338/2163/2311
f 3339/2163/2312 3340/2162/2313 3341/2156/2313
f 3339/2163/2312 3341/2156/2313 3342/2155/2314
f 3343/2164/2315 3344/2165/2316 3345/2161/2316
f 3343/2164/2315 3345/2161/2316 3346/2160/2317
f 3347/2166/2318 3335/2160/2309 3338/2163/2311
f 3347/2166/2318 3338/2163/2311 3348/2167/2318
f 3349/2167/2319 3339/2163/2312 3342/2155/2314
f 3349/2167/2319 3342/2155/2314 3350/2168/2320
f 3351/2169/2321 3343/2164/2315 3346/2160/2317
f 3351/2169/2321 3346/2160/2317 3352/2166/2322
o polySurface243_pasted__lambert2_0
v 0.321632 0.089501 0.085737
v 0.323838 0.084651 -0.011195
v 0.175333 0.082443 0.088998
v 0.175970 0.056697 0.082531
v 0.324281 0.070075 -0.021843
v 0.322726 0.062202 0.079157
v -0.321632 0.089501 0.085737
v -0.175333 0.082443 0.088998
v -0.323838 0.084651 -0.011195
v -0.175970 0.056697 0.082531
v -0.322726 0.062202 0.079157
v -0.324281 0.070075 -0.021843
v 0.602037 0.114615 -0.030836
v 0.572642 0.102273 -0.031385
v 0.569394 0.119301 -0.022400
v 0.596615 0.122517 -0.026099
v 0.572642 0.102273 -0.031385
v 0.490338 0.085469 -0.029816
v 0.489279 0.103912 -0.015816
v 0.569394 0.119301 -0.022400
v 0.490338 0.085469 -0.029816
v 0.324281 0.070075 -0.021843
v 0.323838 0.084651 -0.011195
v 0.489279 0.103912 -0.015816
v 0.324281 0.070075 -0.021843
v 0.325389 0.075690 -0.093862
v 0.325366 0.081293 -0.078301
v 0.323838 0.084651 -0.011195
v 0.317469 0.051822 0.178508
v 0.317473 0.061204 0.175840
v 0.166993 0.053445 0.172248
v 0.166993 0.044043 0.174914
v -0.000000 0.048556 0.172092
v -0.000000 0.039154 0.174759
v 0.599621 0.104571 0.156058
v 0.489812 0.081248 0.175600
v 0.489812 0.071842 0.178266
v 0.601148 0.095273 0.158724
v 0.181428 0.070447 -0.085897
v 0.325389 0.075690 -0.093862
v -0.000000 0.065598 -0.067007
v -0.000000 0.076834 0.091261
v 0.181428 0.073020 -0.070720
v 0.181428 0.070447 -0.085897
v 0.325366 0.081293 -0.078301
v 0.325389 0.075690 -0.093862
v 0.601148 0.095273 0.158724
v 0.630295 0.108903 0.122091
v 0.630295 0.111897 0.122456
v -0.000000 0.060313 -0.082515
v -0.000000 0.060313 -0.082515
v -0.000000 0.049670 0.084627
v 0.166993 0.044043 0.174914
v -0.000000 0.039154 0.174759
v 0.322726 0.062202 0.079157
v 0.317469 0.051822 0.178508
v 0.489812 0.071842 0.178266
v 0.490971 0.077093 0.068404
v 0.600738 0.097410 0.051357
v 0.601148 0.095273 0.158724
v 0.630893 0.111350 0.042460
v 0.630295 0.108903 0.122091
v 0.630893 0.111350 0.042460
v 0.625290 0.126040 0.047137
v 0.593989 0.124715 0.057317
v 0.488670 0.106278 0.075024
v 0.317473 0.061204 0.175840
v 0.321632 0.089501 0.085737
v 0.489279 0.103912 -0.015816
v 0.569394 0.119301 -0.022400
v 0.489279 0.103912 -0.015816
v 0.596615 0.122517 -0.026099
v 0.569394 0.119301 -0.022400
v 0.602037 0.114615 -0.030836
v 0.596615 0.122517 -0.026099
v 0.572642 0.102273 -0.031385
v 0.602037 0.114615 -0.030836
v 0.490338 0.085469 -0.029816
v 0.572642 0.102273 -0.031385
v 0.490338 0.085469 -0.029816
v 0.325366 0.081293 -0.078301
v -0.602037 0.114615 -0.030836
v -0.596615 0.122517 -0.026099
v -0.569394 0.119301 -0.022400
v -0.572642 0.102273 -0.031385
v -0.572642 0.102273 -0.031385
v -0.569394 0.119301 -0.022400
v -0.489279 0.103912 -0.015816
v -0.490338 0.085469 -0.029816
v -0.490338 0.085469 -0.029816
v -0.489279 0.103912 -0.015816
v -0.323838 0.084651 -0.011195
v -0.324281 0.070075 -0.021843
v -0.324281 0.070075 -0.021843
v -0.323838 0.084651 -0.011195
v -0.325366 0.081293 -0.078301
v -0.325389 0.075690 -0.093862
v -0.317469 0.051822 0.178508
v -0.166993 0.044043 0.174914
v -0.166993 0.053445 0.172248
v -0.317473 0.061204 0.175840
v -0.000000 0.039154 0.174759
v -0.000000 0.048556 0.172092
v -0.599621 0.104571 0.156058
v -0.601148 0.095273 0.158724
v -0.489812 0.071842 0.178266
v -0.489812 0.081248 0.175600
v -0.325389 0.075690 -0.093862
v -0.181428 0.070447 -0.085897
v -0.000000 0.065598 -0.067007
v -0.181428 0.073020 -0.070720
v -0.000000 0.076834 0.091261
v -0.181428 0.070447 -0.085897
v -0.325389 0.075690 -0.093862
v -0.325366 0.081293 -0.078301
v -0.630295 0.111897 0.122456
v -0.630295 0.108903 0.122091
v -0.601148 0.095273 0.158724
v -0.000000 0.060313 -0.082515
v -0.000000 0.060313 -0.082515
v -0.000000 0.049670 0.084627
v -0.000000 0.039154 0.174759
v -0.166993 0.044043 0.174914
v -0.317469 0.051822 0.178508
v -0.322726 0.062202 0.079157
v -0.489812 0.071842 0.178266
v -0.601148 0.095273 0.158724
v -0.600738 0.097410 0.051357
v -0.490971 0.077093 0.068404
v -0.630295 0.108903 0.122091
v -0.630893 0.111350 0.042460
v -0.625290 0.126040 0.047137
v -0.630893 0.111350 0.042460
v -0.593989 0.124715 0.057317
v -0.488670 0.106278 0.075024
v -0.317473 0.061204 0.175840
v -0.321632 0.089501 0.085737
v -0.489279 0.103912 -0.015816
v -0.569394 0.119301 -0.022400
v -0.489279 0.103912 -0.015816
v -0.569394 0.119301 -0.022400
v -0.596615 0.122517 -0.026099
v -0.596615 0.122517 -0.026099
v -0.602037 0.114615 -0.030836
v -0.602037 0.114615 -0.030836
v -0.572642 0.102273 -0.031385
v -0.572642 0.102273 -0.031385
v -0.490338 0.085469 -0.029816
v -0.490338 0.085469 -0.029816
v -0.325366 0.081293 -0.078301
vn -0.0897 0.9950 -0.0435
vn -0.0758 0.9958 -0.0506
vn -0.0435 0.9962 0.0749
vn 0.0404 -0.9951 -0.0906
vn 0.0531 -0.9954 -0.0796
vn 0.0692 -0.9944 -0.0795
vn 0.0897 0.9950 -0.0435
vn 0.0435 0.9962 0.0749
vn 0.0758 0.9958 -0.0506
vn -0.0404 -0.9951 -0.0906
vn -0.0693 -0.9944 -0.0795
vn -0.0531 -0.9954 -0.0796
vn -0.1675 0.4300 -0.8871
vn -0.1675 0.4301 -0.8871
vn -0.1462 0.5254 -0.8382
vn -0.0924 0.5930 -0.7999
vn -0.0924 0.5929 -0.7999
vn 0.9998 -0.0015 0.0189
vn 0.9998 -0.0014 0.0189
vn -0.0339 0.2734 0.9613
vn -0.0336 0.2734 0.9613
vn -0.0367 0.9166 0.3981
vn -0.0224 0.2730 0.9618
vn -0.0262 0.9124 0.4084
vn -0.0089 0.2728 0.9620
vn -0.1029 0.9498 0.2956
vn -0.1078 0.9369 0.3326
vn 0.0196 0.2764 0.9608
vn 0.1092 0.2808 0.9535
vn 0.0403 -0.9964 -0.0751
vn 0.0331 -0.9963 -0.0792
vn -0.0389 0.9959 -0.0821
vn -0.0345 0.9967 0.0729
vn -0.0469 0.9958 -0.0780
vn -0.0553 0.9653 -0.2551
vn -0.0591 0.9647 -0.2567
vn -0.0592 0.9647 -0.2567
vn 0.7113 0.2137 0.6697
vn 0.9335 0.2911 0.2095
vn 0.1974 0.9562 0.2161
vn -0.0516 0.9675 -0.2477
vn 0.0466 -0.9963 -0.0715
vn 0.0422 -0.9950 -0.0900
vn 0.0387 -0.9920 -0.1198
vn 0.0338 -0.9917 -0.1242
vn 0.0768 -0.9930 -0.0897
vn 0.0742 -0.9930 -0.0918
vn 0.1367 -0.9891 -0.0557
vn 0.1319 -0.9885 -0.0735
vn 0.2448 -0.9660 -0.0831
vn 0.2095 -0.9773 -0.0318
vn 0.3923 -0.9108 -0.1286
vn 0.4076 -0.9129 -0.0220
vn 0.8204 0.5304 -0.2135
vn 0.1783 0.9840 0.0007
vn -0.1448 0.9855 0.0885
vn -0.1342 0.9874 0.0832
vn -0.0733 0.9551 0.2871
vn -0.0758 0.9556 0.2849
vn -0.1095 0.9932 -0.0398
vn -0.1342 0.9875 0.0832
vn -0.1817 0.9832 -0.0191
vn -0.1819 0.9831 -0.0193
vn -0.0841 0.9960 -0.0289
vn 0.7955 0.5187 -0.3132
vn 0.3751 -0.9085 -0.1842
vn 0.1794 -0.9787 -0.1001
vn 0.1793 -0.9787 -0.1002
vn 0.0854 -0.9931 -0.0806
vn 0.1320 -0.9885 -0.0734
vn -0.0571 0.9967 -0.0581
vn 0.1675 0.4300 -0.8872
vn 0.1675 0.4300 -0.8871
vn 0.1462 0.5254 -0.8382
vn 0.0924 0.5929 -0.7999
vn 0.0924 0.5930 -0.7999
vn -0.9998 -0.0014 0.0189
vn -0.9998 -0.0015 0.0189
vn 0.0339 0.2734 0.9613
vn 0.0224 0.2730 0.9618
vn 0.0367 0.9166 0.3981
vn 0.0336 0.2734 0.9613
vn 0.0089 0.2728 0.9620
vn 0.0232 0.9125 0.4084
vn 0.1029 0.9498 0.2956
vn -0.1092 0.2808 0.9535
vn -0.0196 0.2764 0.9608
vn 0.1078 0.9369 0.3326
vn -0.0330 -0.9963 -0.0793
vn -0.0403 -0.9964 -0.0751
vn 0.0389 0.9959 -0.0821
vn 0.0469 0.9958 -0.0780
vn 0.0345 0.9967 0.0729
vn 0.0553 0.9653 -0.2551
vn 0.0592 0.9647 -0.2567
vn 0.0591 0.9647 -0.2567
vn -0.1974 0.9562 0.2160
vn -0.9335 0.2911 0.2095
vn -0.7113 0.2137 0.6697
vn 0.0516 0.9675 -0.2477
vn -0.0466 -0.9963 -0.0715
vn -0.0422 -0.9950 -0.0900
vn -0.0338 -0.9917 -0.1242
vn -0.0387 -0.9920 -0.1198
vn -0.0742 -0.9930 -0.0918
vn -0.0768 -0.9930 -0.0897
vn -0.1367 -0.9891 -0.0557
vn -0.2095 -0.9773 -0.0318
vn -0.2448 -0.9660 -0.0831
vn -0.1319 -0.9885 -0.0735
vn -0.4076 -0.9129 -0.0220
vn -0.3923 -0.9108 -0.1286
vn -0.1783 0.9840 0.0007
vn -0.8204 0.5304 -0.2135
vn 0.1448 0.9855 0.0885
vn 0.1342 0.9874 0.0832
vn 0.0733 0.9551 0.2871
vn 0.0758 0.9556 0.2849
vn 0.1095 0.9932 -0.0398
vn 0.1342 0.9875 0.0832
vn 0.1817 0.9832 -0.0191
vn 0.1819 0.9831 -0.0193
vn 0.0841 0.9960 -0.0289
vn -0.7955 0.5187 -0.3132
vn -0.3751 -0.9085 -0.1842
vn -0.1796 -0.9787 -0.1000
vn -0.1794 -0.9787 -0.1001
vn -0.1320 -0.9885 -0.0734
vn -0.0854 -0.9931 -0.0806
vn 0.0571 0.9967 -0.0581
vt 0.352401 0.273350
vt 0.285253 0.272966
vt 0.352996 0.375357
vt 0.076748 0.370937
vt 0.147767 0.265872
vt 0.077132 0.268509
vt 0.230153 0.273906
vt 0.228264 0.285225
vt 0.235288 0.285029
vt 0.233780 0.275189
vt 0.228887 0.315456
vt 0.237165 0.314425
vt 0.231151 0.375076
vt 0.237579 0.374127
vt 0.232904 0.392935
vt 0.237298 0.388920
vt 0.425446 0.278147
vt 0.418668 0.277606
vt 0.414508 0.382882
vt 0.421318 0.383310
vt 0.411936 0.499633
vt 0.418747 0.499984
vt 0.403499 0.080573
vt 0.419105 0.156702
vt 0.425867 0.156925
vt 0.409792 0.078192
vt 0.194485 0.364528
vt 0.198135 0.263992
vt 0.241450 0.496110
vt 0.352236 0.497802
vt 0.235635 0.369404
vt 0.230102 0.369312
vt 0.236567 0.272269
vt 0.224990 0.272303
vt 0.382044 0.056884
vt 0.381239 0.058837
vt 0.230013 0.496089
vt 0.194360 0.491247
vt 0.077602 0.493737
vt 0.011897 0.378764
vt 0.014346 0.495222
vt 0.007568 0.273758
vt 0.006256 0.152706
vt 0.082915 0.150698
vt 0.094162 0.072870
vt 0.019375 0.073138
vt 0.100697 0.049825
vt 0.045015 0.050688
vt 0.327348 0.049831
vt 0.330483 0.060606
vt 0.335714 0.082722
vt 0.346187 0.157365
vt 0.285468 0.153676
vt 0.282200 0.096621
vt 0.279606 0.077142
vt 0.276324 0.070304
vt 0.152370 0.090911
vt 0.152376 0.068638
vt 0.151639 0.149494
s 1
usemtl pasted__lambert2
f 3353/2170/2323 3354/2171/2324 3355/2172/2325
f 3356/2173/2326 3357/2174/2327 3358/2175/2328
f 3359/2170/2329 3360/2172/2330 3361/2171/2331
f 3362/2173/2332 3363/2175/2333 3364/2174/2334
f 3365/2176/2335 3366/2177/2335 3367/2178/2336
f 3365/2176/2335 3367/2178/2336 3368/2179/2335
f 3369/2177/2337 3370/2180/2337 3371/2181/2337
f 3369/2177/2337 3371/2181/2337 3372/2178/2337
f 3373/2180/2338 3374/2182/2339 3375/2183/2338
f 3373/2180/2338 3375/2183/2338 3376/2181/2338
f 3377/2182/2340 3378/2184/2340 3379/2185/2340
f 3377/2182/2340 3379/2185/2340 3380/2183/2341
f 3381/2186/2342 3382/2187/2343 3383/2188/2344
f 3381/2186/2342 3383/2188/2344 3384/2189/2345
f 3383/2188/2344 3385/2190/2346 3386/2191/2347
f 3383/2188/2344 3386/2191/2347 3384/2189/2345
f 3387/2192/2348 3388/2193/2349 3389/2194/2350
f 3387/2192/2348 3389/2194/2350 3390/2195/2351
f 3356/2173/2326 3391/2196/2352 3392/2197/2353
f 3356/2173/2326 3392/2197/2353 3357/2174/2327
f 3393/2198/2354 3394/2199/2355 3355/2172/2325
f 3393/2198/2354 3355/2172/2325 3395/2200/2356
f 3396/2201/2357 3395/2200/2356 3397/2202/2358
f 3396/2201/2357 3397/2202/2358 3398/2203/2359
f 3387/2192/2348 3399/2195/2360 3400/2204/2361
f 3387/2192/2348 3400/2204/2361 3401/2205/2362
f 3402/2206/2363 3393/2198/2354 3395/2200/2356
f 3402/2206/2363 3395/2200/2356 3396/2201/2357
f 3403/2207/2364 3391/2196/2352 3356/2173/2326
f 3403/2207/2364 3356/2173/2326 3404/2208/2365
f 3356/2173/2326 3405/2209/2366 3406/2210/2367
f 3356/2173/2326 3406/2210/2367 3404/2208/2365
f 3405/2209/2366 3356/2173/2326 3407/2175/2368
f 3405/2209/2366 3407/2175/2368 3408/2211/2369
f 3409/2212/2370 3410/2213/2371 3411/2214/2372
f 3409/2212/2370 3411/2214/2372 3412/2215/2373
f 3412/2215/2373 3411/2214/2372 3413/2216/2374
f 3412/2215/2373 3413/2216/2374 3414/2217/2375
f 3400/2204/2361 3415/2218/2376 3416/2219/2377
f 3400/2204/2361 3416/2219/2377 3401/2205/2362
f 3401/2205/2362 3416/2219/2377 3417/2220/2378
f 3401/2205/2362 3417/2220/2378 3387/2192/2348
f 3417/2220/2378 3418/2221/2379 3388/2193/2349
f 3417/2220/2378 3388/2193/2349 3387/2192/2348
f 3419/2187/2380 3388/2193/2349 3418/2221/2379
f 3419/2187/2380 3418/2221/2379 3420/2170/2381
f 3419/2187/2380 3420/2170/2381 3355/2172/2325
f 3419/2187/2380 3355/2172/2325 3383/2188/2344
f 3394/2199/2355 3385/2190/2346 3383/2188/2344
f 3394/2199/2355 3383/2188/2344 3355/2172/2325
f 3409/2212/2370 3408/2211/2369 3407/2175/2368
f 3409/2212/2370 3407/2175/2368 3410/2213/2371
f 3382/2187/2343 3381/2186/2342 3389/2194/2350
f 3382/2187/2343 3389/2194/2350 3388/2193/2349
f 3421/2222/2382 3354/2171/2324 3353/2170/2323
f 3421/2222/2382 3353/2170/2323 3418/2221/2383
f 3422/2223/2384 3423/2222/2385 3418/2221/2379
f 3422/2223/2384 3418/2221/2379 3417/2220/2378
f 3416/2219/2377 3424/2224/2386 3425/2223/2386
f 3416/2219/2377 3425/2223/2386 3417/2220/2378
f 3415/2218/2376 3426/2225/2387 3427/2224/2387
f 3415/2218/2376 3427/2224/2387 3416/2219/2377
f 3411/2214/2372 3428/2226/2388 3429/2227/2388
f 3411/2214/2372 3429/2227/2388 3413/2216/2374
f 3410/2213/2371 3430/2228/2389 3431/2226/2390
f 3410/2213/2371 3431/2226/2390 3411/2214/2372
f 3358/2175/2328 3357/2174/2327 3432/2228/2391
f 3358/2175/2328 3432/2228/2391 3410/2213/2392
f 3355/2172/2325 3354/2171/2324 3433/2202/2393
f 3355/2172/2325 3433/2202/2393 3395/2200/2356
f 3434/2176/2394 3435/2179/2395 3436/2178/2395
f 3434/2176/2394 3436/2178/2395 3437/2177/2395
f 3438/2177/2396 3439/2178/2396 3440/2181/2396
f 3438/2177/2396 3440/2181/2396 3441/2180/2396
f 3442/2180/2397 3443/2181/2398 3444/2183/2398
f 3442/2180/2397 3444/2183/2398 3445/2182/2397
f 3446/2182/2399 3447/2183/2399 3448/2185/2400
f 3446/2182/2399 3448/2185/2400 3449/2184/2400
f 3450/2186/2401 3451/2189/2402 3452/2188/2403
f 3450/2186/2401 3452/2188/2403 3453/2187/2404
f 3452/2188/2403 3451/2189/2402 3454/2191/2405
f 3452/2188/2403 3454/2191/2405 3455/2190/2406
f 3456/2192/2407 3457/2195/2408 3458/2194/2409
f 3456/2192/2407 3458/2194/2409 3459/2193/2410
f 3362/2173/2332 3364/2174/2334 3460/2197/2411
f 3362/2173/2332 3460/2197/2411 3461/2196/2412
f 3462/2198/2413 3463/2200/2414 3360/2172/2330
f 3462/2198/2413 3360/2172/2330 3464/2199/2415
f 3465/2201/2416 3466/2203/2417 3467/2202/2418
f 3465/2201/2416 3467/2202/2418 3463/2200/2414
f 3456/2192/2407 3468/2205/2419 3469/2204/2420
f 3456/2192/2407 3469/2204/2420 3470/2195/2421
f 3471/2206/2422 3465/2201/2416 3463/2200/2414
f 3471/2206/2422 3463/2200/2414 3462/2198/2413
f 3472/2207/2423 3473/2208/2424 3362/2173/2332
f 3472/2207/2423 3362/2173/2332 3461/2196/2412
f 3362/2173/2332 3473/2208/2424 3474/2210/2425
f 3362/2173/2332 3474/2210/2425 3475/2209/2426
f 3475/2209/2426 3476/2211/2427 3477/2175/2428
f 3475/2209/2426 3477/2175/2428 3362/2173/2332
f 3478/2212/2429 3479/2215/2430 3480/2214/2431
f 3478/2212/2429 3480/2214/2431 3481/2213/2432
f 3479/2215/2430 3482/2217/2433 3483/2216/2434
f 3479/2215/2430 3483/2216/2434 3480/2214/2431
f 3469/2204/2420 3468/2205/2419 3484/2219/2435
f 3469/2204/2420 3484/2219/2435 3485/2218/2436
f 3468/2205/2419 3456/2192/2407 3486/2220/2437
f 3468/2205/2419 3486/2220/2437 3484/2219/2435
f 3486/2220/2437 3456/2192/2407 3459/2193/2410
f 3486/2220/2437 3459/2193/2410 3487/2221/2438
f 3488/2187/2439 3489/2170/2440 3487/2221/2438
f 3488/2187/2439 3487/2221/2438 3459/2193/2410
f 3488/2187/2439 3452/2188/2403 3360/2172/2330
f 3488/2187/2439 3360/2172/2330 3489/2170/2440
f 3464/2199/2415 3360/2172/2330 3452/2188/2403
f 3464/2199/2415 3452/2188/2403 3455/2190/2406
f 3478/2212/2429 3481/2213/2432 3477/2175/2428
f 3478/2212/2429 3477/2175/2428 3476/2211/2427
f 3453/2187/2404 3459/2193/2410 3458/2194/2409
f 3453/2187/2404 3458/2194/2409 3450/2186/2401
f 3490/2222/2441 3487/2221/2442 3359/2170/2329
f 3490/2222/2441 3359/2170/2329 3361/2171/2331
f 3491/2223/2443 3486/2220/2437 3487/2221/2438
f 3491/2223/2443 3487/2221/2438 3492/2222/2444
f 3484/2219/2435 3486/2220/2437 3493/2223/2445
f 3484/2219/2435 3493/2223/2445 3494/2224/2445
f 3485/2218/2436 3484/2219/2435 3495/2224/2446
f 3485/2218/2436 3495/2224/2446 3496/2225/2446
f 3480/2214/2431 3483/2216/2434 3497/2227/2447
f 3480/2214/2431 3497/2227/2447 3498/2226/2447
f 3481/2213/2432 3480/2214/2431 3499/2226/2448
f 3481/2213/2432 3499/2226/2448 3500/2228/2449
f 3363/2175/2333 3481/2213/2450 3501/2228/2451
f 3363/2175/2333 3501/2228/2451 3364/2174/2334
f 3360/2172/2330 3463/2200/2414 3502/2202/2452
f 3360/2172/2330 3502/2202/2452 3361/2171/2331
o polySurface244_pasted__lambert2_0
v -0.049534 0.191415 0.473603
v -0.022995 0.141180 0.466133
v -0.018986 0.143490 0.466274
v -0.049534 0.191415 0.473603
v -0.018986 0.143490 0.466274
v -0.015082 0.147063 0.444682
v -0.042222 0.197059 0.450379
v -0.026899 0.140254 0.444267
v -0.022995 0.141180 0.466133
v -0.049534 0.191415 0.473603
v -0.056847 0.188631 0.449866
vn 0.0384 -0.1271 0.9911
vn 0.8382 0.4535 0.3030
vn 0.8382 0.4535 0.3031
vn -0.8270 -0.5062 0.2446
vt 0.495751 0.048145
vt 0.497367 0.008271
vt 0.494145 0.008270
vt 0.478680 0.007535
vt 0.478364 0.047350
vt 0.512832 0.007539
vt 0.513139 0.047353
s 0
usemtl pasted__lambert2
f 3503/2229/2453 3504/2230/2453 3505/2231/2453
s 1
f 3506/2229/2454 3507/2231/2454 3508/2232/2454
f 3506/2229/2454 3508/2232/2454 3509/2233/2455
f 3510/2234/2456 3511/2230/2456 3512/2229/2456
f 3510/2234/2456 3512/2229/2456 3513/2235/2456
o polySurface245_pasted__lambert2_0
v 0.221669 0.061753 0.158774
v 0.223678 0.063171 0.158860
v 0.054447 0.305313 0.173612
v 0.052437 0.303895 0.173526
vn -0.0000 -0.0608 0.9981
vt 0.214668 0.278838
vt 0.212814 0.278848
vt 0.212756 0.485106
vt 0.214610 0.485096
s 0
usemtl pasted__lambert2
f 3514/2236/2457 3515/2237/2457 3516/2238/2457
f 3514/2236/2457 3516/2238/2457 3517/2239/2457
o polySurface246_pasted__lambert2_0
v 0.017212 0.203163 0.474319
v 0.005019 0.147714 0.466531
v 0.009578 0.146912 0.466482
v 0.017212 0.203163 0.474319
v 0.009578 0.146912 0.466482
v 0.014018 0.147455 0.444706
v 0.025527 0.203129 0.450749
v 0.000580 0.149820 0.444850
v 0.005019 0.147714 0.466531
v 0.017212 0.203163 0.474319
v 0.008897 0.206056 0.450927
vn -0.0133 -0.1362 0.9906
vn 0.9449 -0.1943 0.2636
vn -0.9487 0.1390 0.2839
vt 0.021840 0.048147
vt 0.023460 0.008271
vt 0.020236 0.008271
vt 0.004772 0.007533
vt 0.004452 0.047349
vt 0.038925 0.007541
vt 0.039229 0.047356
s 1
usemtl pasted__lambert2
f 3518/2240/2458 3519/2241/2458 3520/2242/2458
f 3521/2240/2459 3522/2242/2459 3523/2243/2459
f 3521/2240/2459 3523/2243/2459 3524/2244/2459
f 3525/2245/2460 3526/2241/2460 3527/2240/2460
f 3525/2245/2460 3527/2240/2460 3528/2246/2460
o polySurface247_pasted__lambert2_0
v 0.036319 -0.023110 0.411031
v 0.038762 -0.018200 0.426696
v 0.031418 -0.019764 0.426600
v 0.026529 -0.019596 0.417198
v 0.043389 -0.016006 0.417417
v 0.022088 -0.013187 0.419845
v 0.021588 -0.011551 0.391249
v 0.025878 -0.018767 0.390810
v 0.038248 -0.010332 0.429662
v 0.028608 -0.012383 0.429537
v 0.036156 -0.021107 0.390667
v 0.044301 -0.014845 0.391049
v 0.044768 -0.008358 0.420139
v 0.045135 -0.007353 0.391505
vn 0.2097 -0.9773 -0.0285
vn 0.0621 -0.3484 0.9353
vn -0.8258 -0.5532 0.1094
vn 0.9769 -0.1677 0.1325
vn -0.8180 -0.5563 0.1463
vn -0.8426 -0.5384 -0.0065
vn -0.8427 -0.5384 -0.0065
vn 0.0620 -0.3485 0.9353
vn 0.0621 -0.3485 0.9353
vn 0.2087 -0.9765 -0.0531
vn 0.9891 -0.1461 0.0167
vn 0.9701 -0.1741 0.1693
vn 0.0620 -0.3484 0.9353
vn 0.9888 -0.1481 0.0172
vt 0.884947 0.431798
vt 0.887393 0.421416
vt 0.882569 0.421507
vt 0.878345 0.426760
vt 0.891471 0.426894
vt 0.873589 0.423196
vt 0.870525 0.444413
vt 0.876667 0.445378
vt 0.889332 0.416562
vt 0.880884 0.416257
vt 0.884849 0.445643
vt 0.892815 0.445512
vt 0.896343 0.423518
vt 0.898340 0.444757
s 1
usemtl pasted__lambert2
f 3529/2247/2461 3530/2248/2462 3531/2249/2462
f 3529/2247/2461 3531/2249/2462 3532/2250/2463
f 3533/2251/2464 3530/2248/2462 3529/2247/2461
f 3534/2252/2465 3535/2253/2466 3536/2254/2467
f 3534/2252/2465 3536/2254/2467 3532/2250/2463
s 0
f 3537/2255/2468 3538/2256/2468 3531/2249/2468
f 3537/2255/2469 3531/2249/2469 3530/2248/2469
s 1
f 3531/2249/2462 3538/2256/2469 3534/2252/2465
f 3531/2249/2462 3534/2252/2465 3532/2250/2463
f 3536/2254/2467 3539/2257/2470 3529/2247/2461
f 3536/2254/2467 3529/2247/2461 3532/2250/2463
f 3533/2251/2464 3529/2247/2461 3539/2257/2470
f 3533/2251/2464 3539/2257/2470 3540/2258/2471
f 3533/2251/2464 3541/2259/2472 3537/2255/2473
f 3533/2251/2464 3537/2255/2473 3530/2248/2462
f 3540/2258/2471 3542/2260/2474 3541/2259/2472
f 3540/2258/2471 3541/2259/2472 3533/2251/2464
o polySurface248_pasted__lambert2_0
v -0.009159 0.248442 0.453541
v -0.004287 0.240696 0.453974
v 0.000428 0.249437 0.456796
v 0.004869 0.241036 0.453955
v 0.009152 0.249122 0.453502
v -0.002107 0.240473 0.388658
v -0.004331 0.244394 0.388439
v 0.000424 0.243289 0.387641
v 0.002406 0.240435 0.388660
v 0.004696 0.244319 0.388442
v 0.002406 0.240435 0.388660
v 0.000424 0.243289 0.387641
v 0.004278 0.256869 0.453069
v -0.004877 0.256528 0.453089
v -0.002042 0.248279 0.388221
v 0.002472 0.248241 0.388223
v -0.002042 0.248279 0.388221
v -0.007575 0.245004 0.391842
v -0.003594 0.238543 0.392203
v 0.004001 0.238754 0.392191
v 0.004001 0.238754 0.392191
v 0.007614 0.245426 0.391819
v -0.004287 0.240696 0.453974
v -0.009159 0.248442 0.453541
v 0.004869 0.241036 0.453955
v 0.009152 0.249122 0.453502
v 0.004869 0.241036 0.453955
v -0.004877 0.256528 0.453089
v 0.004278 0.256869 0.453069
v 0.003634 0.251888 0.391457
v -0.003961 0.251678 0.391469
vn -0.9989 -0.0314 0.0344
vn -0.4709 -0.8781 0.0844
vn 0.0082 0.0648 0.9979
vn 0.5280 -0.8454 0.0804
vn 0.9990 0.0350 0.0262
vn -0.3519 -0.6768 -0.6466
vn -0.6494 -0.0616 -0.7580
vn 0.0055 -0.0792 -0.9968
vn 0.3669 -0.6921 -0.6216
vn 0.6883 -0.0645 -0.7225
vn 0.4701 0.8823 -0.0239
vn -0.5289 0.8485 -0.0197
vn -0.3018 0.4683 -0.8305
vn 0.3187 0.4791 -0.8179
vn -0.9981 -0.0341 -0.0516
vn -0.4720 -0.8816 0.0027
vn 0.5277 -0.8494 0.0025
vn 0.9981 0.0309 -0.0524
vn -0.4710 -0.8781 0.0844
vn 0.5280 -0.8454 0.0805
vn -0.5288 0.8485 -0.0197
vn 0.4702 0.8762 -0.1061
vn -0.5266 0.8435 -0.1055
vt 0.921193 0.755747
vt 0.921194 0.765310
vt 0.928845 0.762379
vt 0.929478 0.770091
vt 0.937760 0.765308
vt 0.712176 0.347727
vt 0.716704 0.347676
vt 0.713018 0.344027
vt 0.708170 0.345508
vt 0.739191 0.346458
vt 0.742406 0.343791
vt 0.737729 0.342419
vt 0.937758 0.755745
vt 0.929475 0.750963
vt 0.730522 0.344683
vt 0.734559 0.346917
vt 0.720478 0.345097
vt 0.718495 0.351446
vt 0.711188 0.351347
vt 0.703965 0.349144
vt 0.746849 0.347317
vt 0.740115 0.350238
vt 0.709109 0.412354
vt 0.718599 0.412589
vt 0.699881 0.411829
vt 0.746811 0.411003
vt 0.756213 0.409681
vt 0.728088 0.412372
vt 0.737333 0.411866
vt 0.732894 0.351029
vt 0.725544 0.349473
s 1
usemtl pasted__lambert2
f 3543/2261/2475 3544/2262/2476 3545/2263/2477
f 3544/2262/2476 3546/2264/2478 3545/2263/2477
f 3546/2264/2478 3547/2265/2479 3545/2263/2477
f 3548/2266/2480 3549/2267/2481 3550/2268/2482
f 3551/2269/2483 3548/2266/2480 3550/2268/2482
f 3552/2270/2484 3553/2271/2483 3554/2272/2482
f 3555/2273/2485 3556/2274/2486 3545/2263/2477
f 3557/2275/2487 3558/2276/2488 3554/2272/2482
f 3556/2274/2486 3543/2261/2475 3545/2263/2477
f 3547/2265/2479 3555/2273/2485 3545/2263/2477
f 3549/2267/2481 3559/2277/2487 3550/2268/2482
f 3558/2276/2488 3552/2270/2484 3554/2272/2482
f 3560/2278/2489 3549/2267/2481 3548/2266/2480
f 3560/2278/2489 3548/2266/2480 3561/2279/2490
f 3561/2279/2490 3548/2266/2480 3551/2269/2483
f 3561/2279/2490 3551/2269/2483 3562/2280/2491
f 3563/2281/2491 3553/2271/2483 3552/2270/2484
f 3563/2281/2491 3552/2270/2484 3564/2282/2492
f 3560/2278/2489 3561/2279/2490 3565/2283/2493
f 3560/2278/2489 3565/2283/2493 3566/2284/2475
f 3561/2279/2490 3562/2280/2491 3567/2285/2494
f 3561/2279/2490 3567/2285/2494 3565/2283/2493
f 3563/2281/2491 3564/2282/2492 3568/2286/2479
f 3563/2281/2491 3568/2286/2479 3569/2287/2478
f 3570/2288/2495 3571/2289/2485 3572/2290/2496
f 3570/2288/2495 3572/2290/2496 3573/2291/2497
f 3573/2291/2497 3572/2290/2496 3558/2276/2488
f 3573/2291/2497 3558/2276/2488 3557/2275/2487
f 3573/2291/2497 3559/2277/2487 3549/2267/2481
f 3573/2291/2497 3549/2267/2481 3560/2278/2489
f 3558/2276/2488 3572/2290/2496 3564/2282/2492
f 3558/2276/2488 3564/2282/2492 3552/2270/2484
f 3573/2291/2497 3560/2278/2489 3566/2284/2475
f 3573/2291/2497 3566/2284/2475 3570/2288/2495
f 3564/2282/2492 3572/2290/2496 3571/2289/2485
f 3564/2282/2492 3571/2289/2485 3568/2286/2479
o polySurface249_pasted__lambert2_0
v 0.077033 0.223468 0.426054
v 0.071054 0.220332 0.441228
v 0.077206 0.216032 0.440966
v 0.080832 0.213308 0.431388
v 0.066711 0.223177 0.431989
v 0.079059 0.205466 0.433167
v 0.079687 0.207742 0.404610
v 0.081845 0.214965 0.405050
v 0.066414 0.225751 0.405707
v 0.059645 0.220775 0.405404
v 0.060063 0.218743 0.433976
v 0.065524 0.214340 0.443350
v 0.073598 0.208698 0.443006
v 0.076587 0.224076 0.405605
vn 0.5725 0.8159 0.0809
vn 0.1706 0.1852 0.9678
vn 0.9617 -0.2425 0.1280
vn -0.5476 0.8142 0.1927
vn 0.9570 -0.2383 0.1654
vn 0.9678 -0.2516 0.0109
vn 0.9673 -0.2535 0.0102
vn -0.5662 0.8208 0.0763
vn -0.5662 0.8207 0.0763
vn -0.5401 0.8097 0.2295
vn 0.1707 0.1852 0.9678
vn 0.5735 0.8172 0.0562
vt 0.948880 0.237203
vt 0.951326 0.226818
vt 0.946500 0.226907
vt 0.942284 0.232158
vt 0.955418 0.232298
vt 0.937509 0.228589
vt 0.935072 0.249917
vt 0.940594 0.250782
vt 0.956761 0.250913
vt 0.962907 0.250065
vt 0.960268 0.228921
vt 0.953258 0.221962
vt 0.944809 0.221657
vt 0.948767 0.251046
s 1
usemtl pasted__lambert2
f 3574/2292/2498 3575/2293/2499 3576/2294/2499
f 3574/2292/2498 3576/2294/2499 3577/2295/2500
f 3578/2296/2501 3575/2293/2499 3574/2292/2498
f 3579/2297/2502 3580/2298/2503 3581/2299/2504
f 3579/2297/2502 3581/2299/2504 3577/2295/2500
f 3582/2300/2505 3583/2301/2506 3584/2302/2507
f 3582/2300/2505 3584/2302/2507 3578/2296/2501
s 0
f 3585/2303/2499 3586/2304/2499 3576/2294/2499
f 3585/2303/2508 3576/2294/2508 3575/2293/2508
s 1
f 3576/2294/2499 3586/2304/2508 3579/2297/2502
f 3576/2294/2499 3579/2297/2502 3577/2295/2500
f 3581/2299/2504 3587/2305/2509 3574/2292/2498
f 3581/2299/2504 3574/2292/2498 3577/2295/2500
f 3578/2296/2501 3574/2292/2498 3587/2305/2509
f 3578/2296/2501 3587/2305/2509 3582/2300/2505
f 3578/2296/2501 3584/2302/2507 3585/2303/2499
f 3578/2296/2501 3585/2303/2499 3575/2293/2499
o polySurface250_pasted__lambert2_0
v -0.033965 0.261450 0.385622
v -0.031637 0.261687 0.385636
v -0.033074 0.275853 0.386499
v -0.035401 0.275617 0.386485
v -0.032270 0.244740 0.384604
v -0.029943 0.244975 0.384618
v -0.031379 0.259142 0.385481
v -0.033706 0.258905 0.385467
v -0.033965 0.261450 0.385622
v -0.033706 0.258905 0.385467
v -0.031379 0.259142 0.385481
v -0.031637 0.261687 0.385636
v -0.033706 0.258905 0.385467
v -0.033965 0.261450 0.385622
v -0.047713 0.260062 0.385537
v -0.047456 0.257515 0.385382
v -0.031637 0.261687 0.385636
v -0.031379 0.259142 0.385481
v -0.017630 0.260529 0.385566
v -0.017888 0.263076 0.385721
vn -0.0000 -0.0608 0.9981
vt 0.249443 0.575012
vt 0.251569 0.574796
vt 0.250257 0.561831
vt 0.248131 0.562047
vt 0.250991 0.590307
vt 0.253118 0.590091
vt 0.251805 0.577126
vt 0.249679 0.577342
vt 0.236883 0.576283
vt 0.237119 0.578614
vt 0.264366 0.575856
vt 0.264130 0.573525
s 0
usemtl pasted__lambert2
f 3588/2306/2510 3589/2307/2510 3590/2308/2510
f 3588/2306/2510 3590/2308/2510 3591/2309/2510
f 3592/2310/2510 3593/2311/2510 3594/2312/2510
f 3592/2310/2510 3594/2312/2510 3595/2313/2510
f 3596/2306/2510 3597/2313/2510 3598/2312/2510
f 3596/2306/2510 3598/2312/2510 3599/2307/2510
f 3600/2313/2510 3601/2306/2510 3602/2314/2510
f 3600/2313/2510 3602/2314/2510 3603/2315/2510
f 3604/2307/2510 3605/2312/2510 3606/2316/2510
f 3604/2307/2510 3606/2316/2510 3607/2317/2510
o polySurface251_pasted__lambert2_0
v -0.031364 0.244633 0.384037
v -0.030802 0.244560 0.386146
v -0.030033 0.244685 0.385380
v -0.030314 0.244722 0.384325
v -0.031852 0.244473 0.385858
v -0.032133 0.244508 0.384803
v -0.030033 0.244685 0.385380
v -0.030802 0.244560 0.386146
v -0.028885 0.232849 0.388207
v -0.026100 0.233301 0.385429
v -0.030314 0.244722 0.384325
v -0.027119 0.233431 0.381606
v -0.032691 0.232527 0.387161
v -0.030314 0.244722 0.384325
v -0.027119 0.233431 0.381606
v -0.030925 0.233107 0.380560
v -0.031364 0.244633 0.384037
v -0.033710 0.232658 0.383338
vn -0.2751 0.3015 -0.9129
vn 0.2202 0.2385 0.9458
vn 0.8974 0.3483 0.2707
vn 0.6494 0.3799 -0.6588
vn -0.7043 0.1603 0.6915
vn -0.9522 0.1918 -0.2379
vn 0.2201 0.2385 0.9459
vn 0.2261 0.2046 0.9524
vn 0.9093 0.3154 0.2714
vn 0.6494 0.3799 -0.6587
vn 0.6592 0.3472 -0.6670
vn -0.7072 0.1256 0.6957
vn -0.2741 0.2682 -0.9236
vn -0.9573 0.1574 -0.2427
vt 0.677405 0.433176
vt 0.680368 0.433520
vt 0.679777 0.432150
vt 0.678294 0.431978
vt 0.679478 0.434718
vt 0.677995 0.434546
vt 0.682355 0.434010
vt 0.680960 0.434538
vt 0.684902 0.450514
vt 0.689963 0.448601
vt 0.683587 0.433166
vt 0.694427 0.445549
vt 0.679533 0.451176
vt 0.675359 0.433193
vt 0.664600 0.445648
vt 0.669086 0.448673
vt 0.676596 0.434027
vt 0.674160 0.450549
s 1
usemtl pasted__lambert2
f 3608/2318/2511 3609/2319/2512 3610/2320/2513
f 3608/2318/2511 3610/2320/2513 3611/2321/2514
f 3612/2322/2515 3609/2319/2512 3608/2318/2511
f 3612/2322/2515 3608/2318/2511 3613/2323/2516
f 3614/2324/2513 3615/2325/2517 3616/2326/2518
f 3614/2324/2513 3616/2326/2518 3617/2327/2519
f 3618/2328/2520 3614/2324/2513 3617/2327/2519
f 3618/2328/2520 3617/2327/2519 3619/2329/2521
f 3615/2325/2517 3612/2322/2515 3620/2330/2522
f 3615/2325/2517 3620/2330/2522 3616/2326/2518
f 3621/2331/2520 3622/2332/2521 3623/2333/2523
f 3621/2331/2520 3623/2333/2523 3624/2334/2511
f 3613/2323/2516 3625/2335/2524 3620/2330/2522
f 3613/2323/2516 3620/2330/2522 3612/2322/2515
f 3624/2334/2511 3623/2333/2523 3625/2335/2524
f 3624/2334/2511 3625/2335/2524 3613/2323/2516
o polySurface252_pasted__lambert2_0
v 0.149243 -0.051820 0.213993
v 0.083452 0.121884 0.212579
v 0.074981 0.119219 0.212455
v 0.140088 -0.054485 0.213869
v 0.083615 0.121851 0.202152
v 0.149419 -0.051854 0.203566
v 0.140264 -0.054519 0.203442
v 0.075144 0.119185 0.202028
v 0.140264 -0.054519 0.203442
v 0.140088 -0.054485 0.213869
v 0.074981 0.119219 0.212455
v 0.075144 0.119185 0.202028
v 0.149243 -0.051820 0.213993
v 0.149419 -0.051854 0.203566
v 0.083615 0.121851 0.202152
v 0.083452 0.121884 0.212579
vn -0.0149 0.0025 0.9999
vn -0.0148 0.0026 0.9999
vn -0.0143 0.0028 0.9999
vn -0.0146 0.0026 0.9999
vn 0.0150 -0.0025 -0.9999
vn 0.0146 -0.0026 -0.9999
vn 0.0148 -0.0026 -0.9999
vn 0.0154 -0.0024 -0.9999
vn -0.9362 -0.3511 -0.0141
vn -0.9362 -0.3510 -0.0147
vn -0.9362 -0.3511 -0.0140
vn 0.9350 0.3543 0.0139
vn 0.9350 0.3543 0.0141
vn 0.9350 0.3543 0.0140
vt 0.554636 0.453330
vt 0.555705 0.319412
vt 0.549316 0.318992
vt 0.547790 0.452734
vt 0.563220 0.319481
vt 0.562082 0.453406
vt 0.568937 0.452923
vt 0.569613 0.319168
vt 0.540273 0.452659
vt 0.541799 0.318911
s 1
usemtl pasted__lambert2
f 3626/2336/2525 3627/2337/2526 3628/2338/2526
s 0
f 3626/2336/2527 3628/2338/2528 3629/2339/2528
s 1
f 3630/2340/2529 3631/2341/2530 3632/2342/2531
f 3630/2340/2529 3632/2342/2531 3633/2343/2532
f 3634/2344/2533 3635/2339/2534 3636/2338/2535
f 3634/2344/2533 3636/2338/2535 3637/2345/2535
f 3638/2336/2536 3639/2341/2537 3640/2340/2538
f 3638/2336/2536 3640/2340/2538 3641/2337/2536
o polySurface253_pasted__lambert2_0
v -0.148137 -0.055854 0.213304
v -0.141037 -0.056347 0.212751
v -0.110701 0.093641 0.314099
v -0.117270 0.094135 0.314653
v -0.117555 0.099997 0.306032
v -0.110987 0.099504 0.305479
v -0.141345 -0.050485 0.204131
v -0.148444 -0.049992 0.204684
v -0.141345 -0.050485 0.204131
v -0.110987 0.099504 0.305479
v -0.110701 0.093641 0.314099
v -0.141037 -0.056347 0.212751
v -0.148137 -0.055854 0.213304
v -0.117270 0.094135 0.314653
v -0.117555 0.099997 0.306032
v -0.148444 -0.049992 0.204684
vn 0.0261 -0.5633 0.8258
vn 0.0263 -0.5634 0.8258
vn 0.0264 -0.5634 0.8258
vn -0.0262 0.5634 -0.8258
vn -0.0263 0.5634 -0.8258
vn -0.0261 0.5633 -0.8258
vn -0.0259 0.5633 -0.8258
vn 0.9858 -0.1209 -0.1162
vn 0.9858 -0.1210 -0.1161
vn 0.9858 -0.1210 -0.1162
vn -0.9854 0.1233 0.1178
vn -0.9854 0.1233 0.1177
vn -0.9854 0.1232 0.1178
vt 0.590435 0.448977
vt 0.585301 0.448632
vt 0.585545 0.316371
vt 0.590300 0.316651
vt 0.597816 0.316658
vt 0.602570 0.316368
vt 0.603064 0.448566
vt 0.597935 0.448921
vt 0.577783 0.448632
vt 0.578030 0.316368
s 1
usemtl pasted__lambert2
f 3642/2346/2539 3643/2347/2539 3644/2348/2540
f 3642/2346/2539 3644/2348/2540 3645/2349/2541
f 3646/2350/2542 3647/2351/2543 3648/2352/2544
f 3646/2350/2542 3648/2352/2544 3649/2353/2545
f 3650/2354/2546 3651/2355/2547 3652/2348/2546
f 3650/2354/2546 3652/2348/2546 3653/2347/2548
f 3654/2346/2549 3655/2349/2550 3656/2350/2549
f 3654/2346/2549 3656/2350/2549 3657/2353/2551
o polySurface254_pasted__lambert2_0
v -0.130689 0.153479 0.421790
v -0.126836 0.147299 0.436779
v -0.124610 0.154458 0.437215
v -0.127682 0.143047 0.427107
v -0.122570 0.159482 0.428108
v -0.121553 0.137903 0.429050
v -0.128515 0.144076 0.400731
v -0.122377 0.139684 0.400463
v -0.122930 0.162034 0.401825
v -0.114678 0.160009 0.430397
v -0.114526 0.162237 0.401837
v -0.116654 0.153069 0.439617
v -0.119577 0.143673 0.439045
v -0.129945 0.154492 0.401366
vn -0.9335 0.3546 0.0528
vn -0.2780 0.0478 0.9594
vn -0.2779 0.0478 0.9594
vn -0.6647 -0.7407 0.0976
vn -0.0091 0.9792 0.2028
vn -0.6645 -0.7350 0.1351
vn -0.6592 -0.7517 -0.0201
vn -0.6118 -0.7907 -0.0220
vn 0.0065 0.9962 0.0870
vn -0.0141 0.9708 0.2393
vn -0.9343 0.3553 0.0281
vt 0.939073 0.357302
vt 0.936693 0.347006
vt 0.941518 0.346917
vt 0.932476 0.352257
vt 0.945611 0.352397
vt 0.927701 0.348689
vt 0.930788 0.370881
vt 0.925265 0.370017
vt 0.946954 0.371012
vt 0.950461 0.349019
vt 0.953100 0.370164
vt 0.943450 0.342061
vt 0.935001 0.341757
vt 0.938961 0.371145
s 1
usemtl pasted__lambert2
f 3658/2356/2552 3659/2357/2553 3660/2358/2554
f 3658/2356/2552 3661/2359/2555 3659/2357/2553
f 3662/2360/2556 3658/2356/2552 3660/2358/2554
f 3663/2361/2557 3661/2359/2555 3664/2362/2558
f 3663/2361/2557 3664/2362/2558 3665/2363/2559
f 3666/2364/2560 3662/2360/2556 3667/2365/2561
f 3666/2364/2560 3667/2365/2561 3668/2366/2560
f 3669/2367/2553 3660/2358/2554 3659/2357/2553
f 3669/2367/2553 3659/2357/2553 3670/2368/2554
f 3659/2357/2553 3661/2359/2555 3663/2361/2557
f 3659/2357/2553 3663/2361/2557 3670/2368/2554
f 3664/2362/2558 3661/2359/2555 3658/2356/2552
f 3664/2362/2558 3658/2356/2552 3671/2369/2562
f 3662/2360/2556 3666/2364/2560 3671/2369/2562
f 3662/2360/2556 3671/2369/2562 3658/2356/2552
f 3662/2360/2556 3660/2358/2554 3669/2367/2553
f 3662/2360/2556 3669/2367/2553 3667/2365/2561
o polySurface255_pasted__lambert2_0
v -0.099075 0.105766 0.468385
v -0.041987 0.103724 0.463851
v -0.041987 0.108344 0.464133
v -0.099075 0.105766 0.468385
v -0.041987 0.108344 0.464133
v -0.041987 0.114167 0.442678
v -0.099075 0.115625 0.445418
v -0.041987 0.100547 0.441848
v -0.041987 0.103724 0.463851
v -0.099075 0.105766 0.468385
v -0.099075 0.098769 0.444391
vn 0.0769 -0.0606 0.9952
vn 0.0111 0.9429 0.3329
vn 0.0111 -0.9763 0.2160
vt 0.575556 0.048146
vt 0.577176 0.008271
vt 0.573952 0.008267
vt 0.558488 0.007535
vt 0.558169 0.047348
vt 0.592641 0.007540
vt 0.592944 0.047355
s 0
usemtl pasted__lambert2
f 3672/2370/2563 3673/2371/2563 3674/2372/2563
s 1
f 3675/2370/2564 3676/2372/2564 3677/2373/2564
f 3675/2370/2564 3677/2373/2564 3678/2374/2564
f 3679/2375/2565 3680/2371/2565 3681/2370/2565
f 3679/2375/2565 3681/2370/2565 3682/2376/2565
o polySurface256_pasted__lambert2_0
v -0.075894 0.169336 0.472258
v -0.033650 0.131208 0.465526
v -0.030675 0.134746 0.465741
v -0.075894 0.169336 0.472258
v -0.030675 0.134746 0.465741
v -0.027777 0.139518 0.444222
v -0.070467 0.177223 0.449171
v -0.036549 0.129084 0.443587
v -0.033650 0.131208 0.465526
v -0.075894 0.169336 0.472258
v -0.081322 0.164311 0.448384
vn 0.0589 -0.1100 0.9922
vn 0.6265 0.7113 0.3188
vn 0.6265 0.7112 0.3188
vn -0.6094 -0.7590 0.2292
vn -0.6095 -0.7590 0.2292
vt 0.140686 0.048146
vt 0.142290 0.008271
vt 0.139068 0.008276
vt 0.123602 0.007540
vt 0.123298 0.047355
vt 0.157755 0.007534
vt 0.158074 0.047349
s 0
usemtl pasted__lambert2
f 3683/2377/2566 3684/2378/2566 3685/2379/2566
s 1
f 3686/2377/2567 3687/2379/2568 3688/2380/2568
f 3686/2377/2567 3688/2380/2568 3689/2381/2567
f 3690/2382/2569 3691/2378/2569 3692/2377/2570
f 3690/2382/2569 3692/2377/2570 3693/2383/2569
o polySurface257_pasted__lambert2_0
v -0.017199 0.203163 0.474319
v -0.009565 0.146912 0.466482
v -0.005007 0.147714 0.466531
v -0.017199 0.203163 0.474319
v -0.005007 0.147714 0.466531
v -0.000567 0.149820 0.444850
v -0.008884 0.206056 0.450927
v -0.014005 0.147455 0.444706
v -0.009565 0.146912 0.466482
v -0.017199 0.203163 0.474319
v -0.025514 0.203129 0.450749
vn 0.0134 -0.1362 0.9906
vn 0.9487 0.1390 0.2839
vn -0.9449 -0.1943 0.2636
vt 0.180589 0.048147
vt 0.182214 0.008272
vt 0.178991 0.008271
vt 0.163526 0.007533
vt 0.163201 0.047347
vt 0.197679 0.007545
vt 0.197977 0.047359
s 1
usemtl pasted__lambert2
f 3694/2384/2571 3695/2385/2571 3696/2386/2571
f 3697/2384/2572 3698/2386/2572 3699/2387/2572
f 3697/2384/2572 3699/2387/2572 3700/2388/2572
f 3701/2389/2573 3702/2385/2573 3703/2384/2573
f 3701/2389/2573 3703/2384/2573 3704/2390/2573
o polySurface258_pasted__lambert2_0
v -0.097181 0.206582 0.425026
v -0.096250 0.199217 0.439942
v -0.090940 0.204518 0.440265
v -0.099249 0.195914 0.430328
v -0.087058 0.208081 0.431069
v -0.096162 0.188496 0.432133
v -0.100255 0.197396 0.403979
v -0.096523 0.189878 0.403521
v -0.084478 0.199573 0.442450
v -0.091448 0.192616 0.442027
v -0.096630 0.207278 0.404581
v -0.086935 0.210692 0.404790
v -0.079764 0.204864 0.433130
v -0.080184 0.207315 0.404584
vn -0.7059 0.7044 0.0740
vn -0.2103 0.1519 0.9658
vn -0.9070 -0.4041 0.1185
vn 0.3978 0.8960 0.1973
vn -0.9035 -0.3993 0.1559
vn -0.9097 -0.4153 0.0010
vn -0.2104 0.1519 0.9657
vn -0.2104 0.1519 0.9658
vn -0.7071 0.7054 0.0494
vn 0.4166 0.9055 0.0808
vn 0.3906 0.8903 0.2341
vn 0.4148 0.9063 0.0814
vt 0.946756 0.432078
vt 0.944378 0.421787
vt 0.949203 0.421696
vt 0.940154 0.427040
vt 0.953280 0.427174
vt 0.935398 0.423476
vt 0.938476 0.445658
vt 0.932333 0.444692
vt 0.951142 0.416842
vt 0.942693 0.416537
vt 0.946658 0.445923
vt 0.954624 0.445792
vt 0.958152 0.423798
vt 0.960149 0.445037
s 1
usemtl pasted__lambert2
f 3705/2391/2574 3706/2392/2575 3707/2393/2575
f 3705/2391/2574 3708/2394/2576 3706/2392/2575
f 3709/2395/2577 3705/2391/2574 3707/2393/2575
f 3710/2396/2578 3708/2394/2576 3711/2397/2579
f 3710/2396/2578 3711/2397/2579 3712/2398/2579
s 0
f 3713/2399/2580 3707/2393/2580 3706/2392/2580
f 3713/2399/2580 3706/2392/2580 3714/2400/2580
s 1
f 3706/2392/2575 3708/2394/2576 3710/2396/2578
f 3706/2392/2575 3710/2396/2578 3714/2400/2581
f 3711/2397/2579 3708/2394/2576 3705/2391/2574
f 3711/2397/2579 3705/2391/2574 3715/2401/2582
f 3709/2395/2577 3716/2402/2583 3715/2401/2582
f 3709/2395/2577 3715/2401/2582 3705/2391/2574
f 3709/2395/2577 3707/2393/2575 3713/2399/2575
f 3709/2395/2577 3713/2399/2575 3717/2403/2584
f 3716/2402/2583 3709/2395/2577 3717/2403/2584
f 3716/2402/2583 3717/2403/2584 3718/2404/2585
o polySurface259_pasted__lambert2_0
v 0.049547 0.191415 0.473603
v 0.018999 0.143490 0.466274
v 0.023008 0.141180 0.466133
v 0.049547 0.191415 0.473603
v 0.023008 0.141180 0.466133
v 0.026912 0.140254 0.444267
v 0.056860 0.188631 0.449866
v 0.015095 0.147063 0.444682
v 0.018999 0.143490 0.466274
v 0.049547 0.191415 0.473603
v 0.042235 0.197059 0.450379
vn -0.0384 -0.1271 0.9911
vn 0.8270 -0.5062 0.2446
vn -0.8382 0.4535 0.3031
vn -0.8382 0.4535 0.3030
vt 0.415946 0.048146
vt 0.417553 0.008271
vt 0.414330 0.008269
vt 0.398865 0.007539
vt 0.398558 0.047354
vt 0.433018 0.007535
vt 0.433334 0.047350
s 0
usemtl pasted__lambert2
f 3719/2405/2586 3720/2406/2586 3721/2407/2586
s 1
f 3722/2405/2587 3723/2407/2587 3724/2408/2587
f 3722/2405/2587 3724/2408/2587 3725/2409/2587
f 3726/2410/2588 3727/2406/2589 3728/2405/2589
f 3726/2410/2588 3728/2405/2589 3729/2411/2588
o polySurface260_pasted__lambert2_0
v 0.041144 0.245439 0.492661
v 0.034704 0.248322 0.492837
v 0.034438 0.239120 0.492276
v 0.028108 0.245814 0.492684
v 0.025220 0.239385 0.492292
v 0.027732 0.232802 0.491891
v 0.034172 0.229918 0.491716
v 0.040769 0.232427 0.491869
v 0.043657 0.238855 0.492260
v 0.041144 0.245439 0.492661
v 0.041144 0.246566 0.474174
v 0.034704 0.249449 0.474350
v 0.034704 0.248322 0.492837
v 0.028108 0.246941 0.474197
v 0.028108 0.245814 0.492684
v 0.025220 0.240511 0.473805
v 0.027732 0.233928 0.473404
v 0.027732 0.232802 0.491891
v 0.025220 0.239385 0.492292
v 0.034172 0.231045 0.473229
v 0.034172 0.229918 0.491716
v 0.034172 0.231045 0.473229
v 0.040769 0.233553 0.473381
v 0.040769 0.232427 0.491869
v 0.034172 0.229918 0.491716
v 0.043657 0.239981 0.473773
v 0.043657 0.238855 0.492260
vn -0.0000 -0.0609 0.9981
vn 0.0001 -0.0609 0.9981
vn 0.0001 -0.0608 0.9982
vn -0.0000 -0.0607 0.9982
vn -0.0001 -0.0608 0.9981
vn -0.0001 -0.0608 0.9982
vn 0.7272 0.6851 0.0417
vn 0.0288 0.9977 0.0608
vn -0.6865 0.7258 0.0442
vn -0.9996 0.0287 0.0017
vn -0.7272 -0.6852 -0.0417
vn -0.0288 -0.9977 -0.0608
vn -0.0288 -0.9977 -0.0606
vn 0.6865 -0.7258 -0.0442
vn 0.9996 -0.0288 -0.0018
vt 0.858795 0.555661
vt 0.853508 0.555659
vt 0.856150 0.562042
vt 0.849769 0.559396
vt 0.849768 0.564683
vt 0.853505 0.568422
vt 0.858792 0.568424
vt 0.862531 0.564686
vt 0.862532 0.559400
vt 0.719850 0.435999
vt 0.706932 0.436001
vt 0.706933 0.440925
vt 0.719851 0.440922
vt 0.706934 0.445848
vt 0.719852 0.445845
vt 0.706935 0.450771
vt 0.706935 0.455693
vt 0.719853 0.455691
vt 0.719853 0.450769
vt 0.706936 0.460617
vt 0.719854 0.460615
vt 0.706930 0.421232
vt 0.706931 0.426155
vt 0.719848 0.426153
vt 0.719848 0.421230
vt 0.706931 0.431078
vt 0.719849 0.431076
s 0
usemtl pasted__lambert2
f 3730/2412/2590 3731/2413/2590 3732/2414/2590
f 3733/2415/2591 3734/2416/2591 3732/2414/2591
f 3734/2416/2592 3735/2417/2592 3732/2414/2592
f 3735/2417/2593 3736/2418/2593 3732/2414/2593
f 3736/2418/2593 3737/2419/2593 3732/2414/2593
f 3738/2420/2594 3730/2412/2594 3732/2414/2594
f 3731/2413/2590 3733/2415/2590 3732/2414/2590
f 3737/2419/2595 3738/2420/2595 3732/2414/2595
s 1
f 3739/2421/2596 3740/2422/2596 3741/2423/2597
f 3739/2421/2596 3741/2423/2597 3742/2424/2597
f 3741/2423/2597 3743/2425/2598 3744/2426/2598
f 3741/2423/2597 3744/2426/2598 3742/2424/2597
f 3745/2427/2599 3746/2428/2600 3747/2429/2600
f 3745/2427/2599 3747/2429/2600 3748/2430/2599
f 3747/2429/2600 3746/2428/2600 3749/2431/2601
f 3747/2429/2600 3749/2431/2601 3750/2432/2601
f 3751/2433/2602 3752/2434/2603 3753/2435/2603
f 3751/2433/2602 3753/2435/2603 3754/2436/2601
f 3752/2434/2603 3755/2437/2604 3756/2438/2604
f 3752/2434/2603 3756/2438/2604 3753/2435/2603
f 3744/2426/2598 3743/2425/2598 3745/2427/2599
f 3744/2426/2598 3745/2427/2599 3748/2430/2599
f 3756/2438/2604 3755/2437/2604 3740/2422/2596
f 3756/2438/2604 3740/2422/2596 3739/2421/2596
o polySurface261_pasted__lambert2_0
v 0.221666 0.071842 -0.004373
v 0.223643 0.073305 -0.004284
v 0.057225 0.303850 0.016376
v 0.055248 0.302387 0.016287
vn -0.0000 -0.0608 0.9981
vt 0.004094 0.356362
vt 0.002240 0.356387
vt 0.002233 0.555157
vt 0.004088 0.555132
s 1
usemtl pasted__lambert2
f 3757/2439/2605 3758/2440/2605 3759/2441/2605
f 3757/2439/2605 3759/2441/2605 3760/2442/2605
o polySurface262_pasted__lambert2_0
v 0.035926 0.262008 0.459268
v 0.036560 0.255221 0.457924
v 0.032065 0.255221 0.457924
v 0.032700 0.262008 0.459268
v 0.036560 0.255221 0.457924
v 0.036370 0.258095 0.462938
v 0.032256 0.258095 0.462938
v 0.032065 0.255221 0.457924
v 0.036370 0.258095 0.462938
v 0.036039 0.261707 0.464203
v 0.032586 0.261707 0.464203
v 0.032256 0.258095 0.462938
v 0.035240 0.272756 0.463363
v 0.035240 0.271077 0.460403
v 0.033385 0.271077 0.460403
v 0.033385 0.272756 0.463363
v 0.032700 0.262008 0.459268
v 0.032065 0.255221 0.457924
v 0.032256 0.258095 0.462938
v 0.032586 0.261707 0.464203
v 0.036039 0.261707 0.464203
v 0.036370 0.258095 0.462938
v 0.036560 0.255221 0.457924
v 0.035926 0.262008 0.459268
v 0.035240 0.271077 0.460403
v 0.033385 0.271077 0.460403
v 0.033385 0.271077 0.460403
v 0.033385 0.272756 0.463363
v 0.035240 0.272756 0.463363
v 0.033385 0.272756 0.463363
v 0.035240 0.272756 0.463363
v 0.035240 0.271077 0.460403
vn -0.0000 0.1636 -0.9865
vn -0.0000 0.1943 -0.9809
vn -0.0000 -0.8678 0.4970
vn -0.0000 -0.8676 0.4973
vn -0.0000 -0.8678 0.4969
vn -0.0000 -0.3307 0.9437
vn -0.0000 -0.0688 0.9976
vn -0.0000 0.8698 -0.4935
vn -0.9963 0.0832 -0.0233
vn -0.9952 0.0966 -0.0176
vn -0.9951 0.0969 -0.0174
vn -0.9963 0.0821 -0.0238
vn 0.9963 0.0821 -0.0237
vn 0.9952 0.0968 -0.0174
vn 0.9963 0.0833 -0.0232
vn -0.0000 0.1242 -0.9923
vn -0.9969 0.0739 -0.0273
vn -0.0000 0.0758 0.9971
vn 0.9969 0.0739 -0.0273
vt 0.829759 0.763090
vt 0.823727 0.763677
vt 0.824548 0.767523
vt 0.830384 0.765812
vt 0.821510 0.759352
vt 0.826531 0.759414
vt 0.826647 0.755633
vt 0.821628 0.755400
vt 0.829651 0.759032
vt 0.829809 0.756233
vt 0.839104 0.758944
vt 0.842061 0.759052
vt 0.842129 0.757436
vt 0.839174 0.757296
vt 0.830221 0.752177
vt 0.824102 0.751287
vt 0.837803 0.761713
vt 0.838182 0.763286
vt 0.838183 0.754409
s 1
usemtl pasted__lambert2
f 3761/2443/2606 3762/2444/2607 3763/2445/2607
f 3761/2443/2606 3763/2445/2607 3764/2446/2606
s 0
f 3765/2447/2608 3766/2448/2609 3767/2449/2609
f 3765/2447/2610 3767/2449/2609 3768/2450/2610
s 1
f 3769/2448/2611 3770/2451/2612 3771/2452/2612
f 3769/2448/2611 3771/2452/2612 3772/2449/2611
s 0
f 3773/2453/2613 3774/2454/2613 3775/2455/2613
f 3773/2453/2613 3775/2455/2613 3776/2456/2613
s 1
f 3777/2457/2614 3778/2458/2615 3779/2449/2616
f 3777/2457/2614 3779/2449/2616 3780/2452/2617
f 3781/2451/2618 3782/2448/2619 3783/2444/2619
f 3781/2451/2618 3783/2444/2619 3784/2443/2620
f 3785/2459/2621 3761/2443/2606 3764/2446/2606
f 3785/2459/2621 3764/2446/2606 3786/2460/2621
f 3787/2461/2622 3777/2457/2614 3780/2452/2617
f 3787/2461/2622 3780/2452/2617 3788/2456/2622
f 3770/2451/2612 3789/2453/2623 3790/2456/2623
f 3770/2451/2612 3790/2456/2623 3771/2452/2612
f 3791/2453/2624 3781/2451/2618 3784/2443/2620
f 3791/2453/2624 3784/2443/2620 3792/2459/2624
o polySurface263_pasted__lambert2_0
v -0.017199 0.008369 0.462451
v -0.005006 0.064354 0.461452
v -0.009565 0.065155 0.461501
v -0.017199 0.008369 0.462451
v -0.009565 0.065155 0.461501
v -0.014005 0.067261 0.439820
v -0.025514 0.011263 0.439060
v -0.000567 0.064896 0.439676
v -0.005006 0.064354 0.461452
v -0.017199 0.008369 0.462451
v -0.008883 0.008337 0.438881
vn 0.0133 0.0149 0.9998
vn -0.9449 0.1609 0.2852
vn 0.9487 -0.1724 0.2649
vt 0.299486 0.048145
vt 0.301094 0.008269
vt 0.297869 0.008271
vt 0.282407 0.007538
vt 0.282098 0.047352
vt 0.316559 0.007535
vt 0.316874 0.047349
s 0
usemtl pasted__lambert2
f 3793/2462/2625 3794/2463/2625 3795/2464/2625
s 1
f 3796/2462/2626 3797/2464/2626 3798/2465/2626
f 3796/2462/2626 3798/2465/2626 3799/2466/2626
f 3800/2467/2627 3801/2463/2627 3802/2462/2627
f 3800/2467/2627 3802/2462/2627 3803/2468/2627
o polySurface264_pasted__lambert2_0
v 0.072095 0.073115 -0.004173
v 0.074182 0.071812 -0.004186
v 0.222167 0.318426 -0.001079
v 0.220079 0.319729 -0.001065
vn -0.0001 -0.0107 0.9999
vn -0.0000 -0.0106 0.9999
vt 0.219213 0.480137
vt 0.221067 0.480165
vt 0.221031 0.279645
vt 0.219177 0.279617
s 1
usemtl pasted__lambert2
f 3804/2469/2628 3805/2470/2629 3806/2471/2629
f 3804/2469/2628 3806/2471/2629 3807/2472/2629
o polySurface265_pasted__lambert2_0
v 0.220904 0.060492 0.159083
v 0.222669 0.058781 0.158979
v 0.486887 0.339943 0.167087
v 0.485122 0.341655 0.167192
vn -0.0000 -0.0608 0.9981
vt 0.756845 0.004489
vt 0.756874 0.002635
vt 0.487792 0.002620
vt 0.487763 0.004474
s 1
usemtl pasted__lambert2
f 3808/2473/2630 3809/2474/2630 3810/2475/2630
f 3808/2473/2630 3810/2475/2630 3811/2476/2630
o polySurface266_pasted__lambert2_0
v 0.472429 0.087967 -0.003391
v 0.474068 0.089798 -0.003279
v 0.237405 0.320622 0.010784
v 0.235766 0.318791 0.010672
vn -0.0000 -0.0608 0.9981
vt 0.211736 0.601751
vt 0.209882 0.601750
vt 0.209873 0.830351
vt 0.211727 0.830352
s 0
usemtl pasted__lambert2
f 3812/2477/2631 3813/2478/2631 3814/2479/2631
f 3812/2477/2631 3814/2479/2631 3815/2480/2631
o polySurface267_pasted__lambert2_0
v 0.220921 0.070526 -0.004068
v 0.222668 0.068795 -0.004174
v 0.482483 0.342482 0.012501
v 0.480736 0.344213 0.012606
vn -0.0000 -0.0608 0.9981
vt 0.214363 0.864474
vt 0.216218 0.864514
vt 0.216196 0.601099
vt 0.214342 0.601059
s 0
usemtl pasted__lambert2
f 3816/2481/2632 3817/2482/2632 3818/2483/2632
f 3816/2481/2632 3818/2483/2632 3819/2484/2632
o polySurface268_pasted__lambert2_0
v 0.021242 0.121682 0.476345
v 0.008118 0.131199 0.476925
v 0.000006 0.106148 0.477593
v -0.008105 0.131199 0.476925
v -0.021229 0.121682 0.476345
v -0.026242 0.106281 0.475407
v -0.021229 0.090882 0.474469
v -0.008105 0.081363 0.473889
v 0.008118 0.081363 0.473889
v 0.021242 0.090882 0.474469
v 0.026255 0.106281 0.475407
v 0.025219 0.126440 0.445766
v 0.009637 0.137740 0.446454
v 0.008118 0.131199 0.476925
v 0.021242 0.121682 0.476345
v -0.009624 0.137740 0.446454
v -0.008105 0.131199 0.476925
v -0.025206 0.126440 0.445766
v -0.021229 0.121682 0.476345
v -0.031158 0.108155 0.444652
v -0.026242 0.106281 0.475407
v -0.025206 0.089871 0.443538
v -0.021229 0.090882 0.474469
v -0.009624 0.078571 0.442850
v -0.008105 0.081363 0.473889
v -0.009624 0.078571 0.442850
v 0.009637 0.078571 0.442850
v 0.008118 0.081363 0.473889
v -0.008105 0.081363 0.473889
v 0.025219 0.089871 0.443538
v 0.021242 0.090882 0.474469
v 0.031171 0.108155 0.444652
v 0.026255 0.106281 0.475407
vn 0.0673 -0.0118 0.9977
vn 0.0257 0.0183 0.9995
vn -0.0000 -0.0608 0.9981
vn -0.0257 0.0183 0.9995
vn -0.0673 -0.0118 0.9977
vn -0.0831 -0.0606 0.9947
vn -0.0673 -0.1094 0.9917
vn -0.0257 -0.1395 0.9899
vn 0.0257 -0.1395 0.9899
vn 0.0673 -0.1094 0.9917
vn 0.0831 -0.0606 0.9947
vn 0.7989 0.5698 0.1926
vn 0.3052 0.9279 0.2144
vn -0.3052 0.9279 0.2144
vn -0.3051 0.9279 0.2144
vn -0.7989 0.5698 0.1926
vn -0.9875 -0.0096 0.1573
vn -0.7989 -0.5890 0.1220
vn -0.7989 -0.5889 0.1220
vn -0.3052 -0.9470 0.1001
vn -0.3052 -0.9470 0.1002
vn 0.3052 -0.9470 0.1001
vn 0.7989 -0.5890 0.1220
vn 0.7989 -0.5889 0.1220
vn 0.9875 -0.0096 0.1573
vt 0.226628 0.593232
vt 0.233444 0.583850
vt 0.215600 0.578052
vt 0.233444 0.572254
vt 0.226628 0.562873
vt 0.215600 0.559290
vt 0.204572 0.562873
vt 0.197756 0.572254
vt 0.197756 0.583850
vt 0.204572 0.593232
vt 0.215600 0.596815
vt 0.228128 0.530553
vt 0.215499 0.529937
vt 0.215500 0.550419
vt 0.226136 0.550938
vt 0.202870 0.530553
vt 0.204862 0.550938
vt 0.190361 0.532394
vt 0.194327 0.552489
vt 0.178090 0.535443
vt 0.183991 0.555057
vt 0.166175 0.539671
vt 0.173956 0.558618
vt 0.154726 0.545038
vt 0.164313 0.563138
vt 0.276273 0.545036
vt 0.264824 0.539670
vt 0.257044 0.558617
vt 0.266687 0.563137
vt 0.252908 0.535442
vt 0.247007 0.555056
vt 0.240638 0.532394
vt 0.236672 0.552488
s 1
usemtl pasted__lambert2
f 3820/2485/2633 3821/2486/2634 3822/2487/2635
f 3821/2486/2634 3823/2488/2636 3822/2487/2635
f 3823/2488/2636 3824/2489/2637 3822/2487/2635
f 3824/2489/2637 3825/2490/2638 3822/2487/2635
f 3825/2490/2638 3826/2491/2639 3822/2487/2635
f 3826/2491/2639 3827/2492/2640 3822/2487/2635
f 3827/2492/2640 3828/2493/2641 3822/2487/2635
f 3828/2493/2641 3829/2494/2642 3822/2487/2635
f 3829/2494/2642 3830/2495/2643 3822/2487/2635
f 3830/2495/2643 3820/2485/2633 3822/2487/2635
f 3831/2496/2644 3832/2497/2645 3833/2498/2645
f 3831/2496/2644 3833/2498/2645 3834/2499/2644
f 3832/2497/2645 3835/2500/2646 3836/2501/2647
f 3832/2497/2645 3836/2501/2647 3833/2498/2645
f 3835/2500/2646 3837/2502/2648 3838/2503/2648
f 3835/2500/2646 3838/2503/2648 3836/2501/2647
f 3837/2502/2648 3839/2504/2649 3840/2505/2649
f 3837/2502/2648 3840/2505/2649 3838/2503/2648
f 3839/2504/2649 3841/2506/2650 3842/2507/2651
f 3839/2504/2649 3842/2507/2651 3840/2505/2649
f 3841/2506/2650 3843/2508/2652 3844/2509/2652
f 3841/2506/2650 3844/2509/2652 3842/2507/2651
f 3845/2510/2653 3846/2511/2654 3847/2512/2654
f 3845/2510/2653 3847/2512/2654 3848/2513/2653
f 3846/2511/2654 3849/2514/2655 3850/2515/2656
f 3846/2511/2654 3850/2515/2656 3847/2512/2654
f 3849/2514/2655 3851/2516/2657 3852/2517/2657
f 3849/2514/2655 3852/2517/2657 3850/2515/2656
f 3851/2516/2657 3831/2496/2644 3834/2499/2644
f 3851/2516/2657 3834/2499/2644 3852/2517/2657
o polySurface269_pasted__lambert2_0
v 0.072023 0.054754 0.168342
v 0.074125 0.053476 0.168329
v 0.223113 0.310577 0.167374
v 0.221010 0.311856 0.167386
vn -0.0006 -0.0106 0.9999
vt 0.207217 0.485497
vt 0.209072 0.485531
vt 0.209147 0.278447
vt 0.207292 0.278412
s 1
usemtl pasted__lambert2
f 3853/2518/2658 3854/2519/2658 3855/2520/2658
f 3853/2518/2658 3855/2520/2658 3856/2521/2658
o polySurface270_pasted__lambert2_0
v -0.025315 0.276484 0.387148
v -0.018132 0.270631 0.386792
v -0.021065 0.268653 0.384493
v -0.026799 0.273324 0.384778
v -0.034467 0.277967 0.387239
v -0.034103 0.274509 0.384850
v -0.043136 0.274683 0.387039
v -0.041022 0.271887 0.384690
v -0.048999 0.267514 0.386602
v -0.045702 0.266164 0.384342
v -0.050485 0.258379 0.386045
v -0.046888 0.258873 0.383898
v -0.047195 0.249725 0.385518
v -0.044262 0.251967 0.383477
v -0.040012 0.243874 0.385162
v -0.038529 0.247296 0.383192
v -0.030860 0.242390 0.385071
v -0.031224 0.246113 0.383120
v -0.022192 0.245676 0.385271
v -0.024305 0.248735 0.383280
v -0.016328 0.252844 0.385708
v -0.019626 0.254456 0.383628
v -0.014843 0.261979 0.386265
v -0.018440 0.261748 0.384073
v -0.018132 0.270631 0.386792
v -0.025315 0.276484 0.387148
v -0.026799 0.273060 0.389116
v -0.021065 0.268389 0.388831
v -0.034467 0.277967 0.387239
v -0.034103 0.274245 0.389188
v -0.043136 0.274683 0.387039
v -0.041022 0.271623 0.389028
v -0.048999 0.267514 0.386602
v -0.045702 0.265900 0.388680
v -0.050485 0.258379 0.386045
v -0.046888 0.258609 0.388235
v -0.047195 0.249725 0.385518
v -0.044262 0.251702 0.387814
v -0.040012 0.243874 0.385162
v -0.038529 0.247031 0.387530
v -0.030860 0.242390 0.385071
v -0.031224 0.245849 0.387458
v -0.022192 0.245676 0.385271
v -0.024305 0.248471 0.387618
v -0.016328 0.252844 0.385708
v -0.019626 0.254192 0.387966
v -0.014843 0.261979 0.386265
v -0.018440 0.261484 0.388410
v -0.024305 0.248735 0.383280
v -0.031224 0.246113 0.383120
v -0.031224 0.245849 0.387458
v -0.024305 0.248471 0.387618
v -0.031224 0.246113 0.383120
v -0.038529 0.247296 0.383192
v -0.038529 0.247031 0.387530
v -0.031224 0.245849 0.387458
v -0.038529 0.247296 0.383192
v -0.044262 0.251967 0.383477
v -0.044262 0.251702 0.387814
v -0.038529 0.247031 0.387530
v -0.044262 0.251967 0.383477
v -0.046888 0.258873 0.383898
v -0.046888 0.258609 0.388235
v -0.044262 0.251702 0.387814
v -0.046888 0.258873 0.383898
v -0.045702 0.266164 0.384342
v -0.045702 0.265900 0.388680
v -0.046888 0.258609 0.388235
v -0.041022 0.271887 0.384690
v -0.041022 0.271623 0.389028
v -0.041022 0.271887 0.384690
v -0.034103 0.274509 0.384850
v -0.034103 0.274245 0.389188
v -0.041022 0.271623 0.389028
v -0.034103 0.274509 0.384850
v -0.026799 0.273324 0.384778
v -0.026799 0.273060 0.389116
v -0.034103 0.274245 0.389188
v -0.021065 0.268653 0.384493
v -0.021065 0.268389 0.388831
v -0.021065 0.268653 0.384493
v -0.018440 0.261748 0.384073
v -0.018440 0.261484 0.388410
v -0.021065 0.268389 0.388831
v -0.018440 0.261748 0.384073
v -0.019626 0.254456 0.383628
v -0.019626 0.254192 0.387966
v -0.018440 0.261484 0.388410
v -0.019626 0.254456 0.383628
v -0.019626 0.254192 0.387966
vn 0.2114 0.5211 -0.8269
vn 0.4180 0.3528 -0.8371
vn 0.4181 0.3528 -0.8371
vn -0.0519 0.5639 -0.8242
vn -0.3013 0.4694 -0.8300
vn -0.3013 0.4693 -0.8300
vn -0.4699 0.2631 -0.8426
vn -0.5127 0.0004 -0.8586
vn -0.5127 0.0003 -0.8586
vn -0.4181 -0.2486 -0.8737
vn -0.4181 -0.2487 -0.8737
vn -0.2115 -0.4171 -0.8839
vn 0.0520 -0.4596 -0.8866
vn 0.0520 -0.4595 -0.8866
vn 0.3013 -0.3652 -0.8808
vn 0.4699 -0.1589 -0.8683
vn 0.4699 -0.1590 -0.8683
vn 0.5127 0.1039 -0.8523
vn 0.4178 0.2484 0.8739
vn 0.2113 0.4166 0.8842
vn 0.2113 0.4165 0.8842
vn -0.0519 0.4593 0.8868
vn -0.3011 0.3648 0.8811
vn -0.3011 0.3648 0.8810
vn -0.4696 0.1588 0.8685
vn -0.4696 0.1587 0.8685
vn -0.5124 -0.1039 0.8525
vn -0.4178 -0.3527 0.8373
vn -0.2113 -0.5210 0.8270
vn -0.2113 -0.5211 0.8270
vn 0.0519 -0.5635 0.8245
vn 0.3012 -0.4692 0.8302
vn 0.4696 -0.2630 0.8428
vn 0.4696 -0.2631 0.8428
vn 0.5123 -0.0004 0.8588
vn -0.5847 0.8098 0.0493
vn -0.3550 0.9332 0.0569
vn -0.3550 0.9331 0.0569
vn 0.1601 0.9853 0.0600
vn 0.6324 0.7732 0.0471
vn 0.9349 0.3541 0.0216
vn 0.9871 -0.1600 -0.0097
vn 0.9120 -0.4095 -0.0249
vn 0.7747 -0.6311 -0.0385
vn 0.3550 -0.9332 -0.0569
vn 0.3550 -0.9331 -0.0569
vn -0.1604 -0.9852 -0.0600
vn -0.4103 -0.9102 -0.0555
vn -0.6323 -0.7733 -0.0471
vn -0.9350 -0.3541 -0.0216
vn -0.9871 0.1599 0.0097
vn -0.7746 0.6313 0.0385
vt 0.454876 0.903102
vt 0.458036 0.908685
vt 0.460115 0.908022
vt 0.456344 0.901488
vt 0.449346 0.899855
vt 0.449806 0.897722
vt 0.442938 0.899813
vt 0.442272 0.897733
vt 0.437367 0.902966
vt 0.435751 0.901499
vt 0.434114 0.908490
vt 0.431982 0.908026
vt 0.434064 0.914901
vt 0.431985 0.915567
vt 0.437228 0.920472
vt 0.435758 0.922086
vt 0.442743 0.923723
vt 0.442276 0.925855
vt 0.449156 0.923780
vt 0.449818 0.925859
vt 0.454736 0.920618
vt 0.456350 0.922087
vt 0.457980 0.915090
vt 0.460113 0.915556
vt 0.453157 0.904765
vt 0.455717 0.909264
vt 0.448691 0.902154
vt 0.443520 0.902133
vt 0.439027 0.904686
vt 0.436412 0.909149
vt 0.436383 0.914321
vt 0.438948 0.918810
vt 0.443404 0.921426
vt 0.448579 0.921460
vt 0.453073 0.918901
vt 0.455680 0.914432
vt 0.448032 0.919250
vt 0.444041 0.919241
vt 0.440587 0.917231
vt 0.438593 0.913771
vt 0.438600 0.909780
vt 0.440603 0.906329
vt 0.444072 0.904341
vt 0.448065 0.904343
vt 0.451518 0.906345
vt 0.453506 0.909806
vt 0.453494 0.913804
vt 0.451492 0.917262
s 1
usemtl pasted__lambert2
f 3857/2522/2659 3858/2523/2660 3859/2524/2661
f 3857/2522/2659 3859/2524/2661 3860/2525/2659
f 3861/2526/2662 3857/2522/2659 3860/2525/2659
f 3861/2526/2662 3860/2525/2659 3862/2527/2662
f 3863/2528/2663 3861/2526/2662 3862/2527/2662
f 3863/2528/2663 3862/2527/2662 3864/2529/2664
f 3865/2530/2665 3863/2528/2663 3864/2529/2664
f 3865/2530/2665 3864/2529/2664 3866/2531/2665
f 3867/2532/2666 3865/2530/2665 3866/2531/2665
f 3867/2532/2666 3866/2531/2665 3868/2533/2667
f 3869/2534/2668 3867/2532/2666 3868/2533/2667
f 3869/2534/2668 3868/2533/2667 3870/2535/2669
f 3871/2536/2670 3869/2534/2668 3870/2535/2669
f 3871/2536/2670 3870/2535/2669 3872/2537/2670
f 3873/2538/2671 3871/2536/2670 3872/2537/2670
f 3873/2538/2671 3872/2537/2670 3874/2539/2672
f 3875/2540/2673 3873/2538/2671 3874/2539/2672
f 3875/2540/2673 3874/2539/2672 3876/2541/2673
f 3877/2542/2674 3875/2540/2673 3876/2541/2673
f 3877/2542/2674 3876/2541/2673 3878/2543/2675
f 3879/2544/2676 3877/2542/2674 3878/2543/2675
f 3879/2544/2676 3878/2543/2675 3880/2545/2676
f 3858/2523/2660 3879/2544/2676 3880/2545/2676
f 3858/2523/2660 3880/2545/2676 3859/2524/2661
f 3881/2523/2677 3882/2522/2678 3883/2546/2679
f 3881/2523/2677 3883/2546/2679 3884/2547/2677
f 3882/2522/2678 3885/2526/2680 3886/2548/2680
f 3882/2522/2678 3886/2548/2680 3883/2546/2679
f 3885/2526/2680 3887/2528/2681 3888/2549/2682
f 3885/2526/2680 3888/2549/2682 3886/2548/2680
f 3887/2528/2681 3889/2530/2683 3890/2550/2684
f 3887/2528/2681 3890/2550/2684 3888/2549/2682
f 3889/2530/2683 3891/2532/2685 3892/2551/2685
f 3889/2530/2683 3892/2551/2685 3890/2550/2684
f 3891/2532/2685 3893/2534/2686 3894/2552/2686
f 3891/2532/2685 3894/2552/2686 3892/2551/2685
f 3893/2534/2686 3895/2536/2687 3896/2553/2688
f 3893/2534/2686 3896/2553/2688 3894/2552/2686
f 3895/2536/2687 3897/2538/2689 3898/2554/2689
f 3895/2536/2687 3898/2554/2689 3896/2553/2688
f 3897/2538/2689 3899/2540/2690 3900/2555/2690
f 3897/2538/2689 3900/2555/2690 3898/2554/2689
f 3899/2540/2690 3901/2542/2691 3902/2556/2692
f 3899/2540/2690 3902/2556/2692 3900/2555/2690
f 3901/2542/2691 3903/2544/2693 3904/2557/2693
f 3901/2542/2691 3904/2557/2693 3902/2556/2692
f 3903/2544/2693 3881/2523/2677 3884/2547/2677
f 3903/2544/2693 3884/2547/2677 3904/2557/2693
f 3905/2558/2694 3906/2559/2695 3907/2554/2696
f 3905/2558/2694 3907/2554/2696 3908/2555/2694
s 0
f 3909/2559/2697 3910/2560/2697 3911/2553/2697
f 3909/2559/2697 3911/2553/2697 3912/2554/2697
f 3913/2560/2698 3914/2561/2698 3915/2552/2698
f 3913/2560/2698 3915/2552/2698 3916/2553/2698
s 1
f 3917/2561/2699 3918/2562/2699 3919/2551/2699
f 3917/2561/2699 3919/2551/2699 3920/2552/2699
f 3921/2562/2700 3922/2563/2701 3923/2550/2701
f 3921/2562/2700 3923/2550/2701 3924/2551/2700
f 3922/2563/2701 3925/2564/2702 3926/2549/2702
f 3922/2563/2701 3926/2549/2702 3923/2550/2701
s 0
f 3927/2564/2703 3928/2565/2703 3929/2548/2703
f 3927/2564/2704 3929/2548/2704 3930/2549/2704
s 1
f 3931/2565/2705 3932/2566/2706 3933/2546/2706
f 3931/2565/2705 3933/2546/2706 3934/2548/2705
f 3932/2566/2706 3935/2567/2707 3936/2547/2707
f 3932/2566/2706 3936/2547/2707 3933/2546/2706
s 0
f 3937/2567/2708 3938/2568/2708 3939/2557/2708
f 3937/2567/2708 3939/2557/2708 3940/2547/2708
f 3941/2568/2709 3942/2569/2709 3943/2556/2709
f 3941/2568/2709 3943/2556/2709 3944/2557/2709
s 1
f 3945/2569/2710 3905/2558/2694 3908/2555/2694
f 3945/2569/2710 3908/2555/2694 3946/2556/2710
o polySurface271_pasted__lambert2_0
v -0.148229 -0.026802 0.174779
v -0.145968 -0.018414 0.190709
v -0.150891 -0.056408 0.203169
v -0.151914 -0.041440 0.164709
v -0.156179 -0.058974 0.162806
v -0.160045 -0.075388 0.169506
v -0.162629 -0.086921 0.183275
v -0.163337 -0.090931 0.200957
v -0.162008 -0.086500 0.218503
v -0.158947 -0.074642 0.231892
v -0.154853 -0.058075 0.238058
v -0.150666 -0.040593 0.235587
v -0.147344 -0.026202 0.225047
v -0.145649 -0.018198 0.208851
v -0.167749 -0.034076 0.206219
v -0.175426 -0.050156 0.202153
v -0.168332 -0.038052 0.214133
v -0.169786 -0.045133 0.219283
v -0.171778 -0.053699 0.220488
v -0.173852 -0.061784 0.217473
v -0.175532 -0.067540 0.210928
v -0.176433 -0.069646 0.202353
v -0.176350 -0.067620 0.193711
v -0.175301 -0.061926 0.186984
v -0.173526 -0.053868 0.183711
v -0.171433 -0.045293 0.184643
v -0.169500 -0.038166 0.189566
v -0.168170 -0.034117 0.197353
v -0.152092 -0.014970 0.190356
v -0.154341 -0.023731 0.173793
v -0.161315 -0.025209 0.176680
v -0.159185 -0.017306 0.191688
v -0.158002 -0.039002 0.163329
v -0.164786 -0.038999 0.167193
v -0.162239 -0.057287 0.161361
v -0.168803 -0.055517 0.165400
v -0.166079 -0.074396 0.168340
v -0.172446 -0.070981 0.171712
v -0.168643 -0.086408 0.182667
v -0.174880 -0.081845 0.184683
v -0.169344 -0.090574 0.201060
v -0.175548 -0.085623 0.201341
v -0.168021 -0.085937 0.219305
v -0.174296 -0.081449 0.217871
v -0.164977 -0.073561 0.233223
v -0.171411 -0.070278 0.230484
v -0.160910 -0.056281 0.239625
v -0.167555 -0.054670 0.236293
v -0.156750 -0.038055 0.237045
v -0.163610 -0.038201 0.233966
v -0.153453 -0.023058 0.226074
v -0.160481 -0.024642 0.224036
v -0.151771 -0.014727 0.209224
v -0.158884 -0.017102 0.208778
v -0.159185 -0.017306 0.191688
v -0.161315 -0.025209 0.176680
v -0.161951 -0.034009 0.183641
v -0.160383 -0.028194 0.194686
v -0.164786 -0.038999 0.167193
v -0.164505 -0.044157 0.176660
v -0.168803 -0.055517 0.165400
v -0.167462 -0.056313 0.175340
v -0.172446 -0.070981 0.171712
v -0.170143 -0.067693 0.179985
v -0.174880 -0.081845 0.184683
v -0.171934 -0.075689 0.189531
v -0.175548 -0.085623 0.201341
v -0.172425 -0.078469 0.201789
v -0.174296 -0.081449 0.217871
v -0.171504 -0.075396 0.213954
v -0.171411 -0.070278 0.230484
v -0.169381 -0.067176 0.223237
v -0.167555 -0.054670 0.236293
v -0.166543 -0.055690 0.227511
v -0.163610 -0.038201 0.233966
v -0.163641 -0.043570 0.225799
v -0.160481 -0.024642 0.224036
v -0.161337 -0.033593 0.218491
v -0.158884 -0.017102 0.208778
v -0.160161 -0.028043 0.207262
v -0.148229 -0.026802 0.174779
v -0.154341 -0.023731 0.173793
v -0.152092 -0.014970 0.190356
v -0.145968 -0.018414 0.190709
v -0.151914 -0.041440 0.164709
v -0.156179 -0.058974 0.162806
v -0.160045 -0.075388 0.169506
v -0.162629 -0.086921 0.183275
v -0.163337 -0.090931 0.200957
v -0.162008 -0.086500 0.218503
v -0.158947 -0.074642 0.231892
v -0.154853 -0.058075 0.238058
v -0.150666 -0.040593 0.235587
v -0.147344 -0.026202 0.225047
v -0.145649 -0.018198 0.208851
v -0.151771 -0.014727 0.209224
v -0.161337 -0.033593 0.218491
v -0.160161 -0.028043 0.207262
v -0.163641 -0.043570 0.225799
v -0.166543 -0.055690 0.227511
v -0.169381 -0.067176 0.223237
v -0.171504 -0.075396 0.213954
v -0.172425 -0.078469 0.201789
v -0.171934 -0.075689 0.189531
v -0.170143 -0.067693 0.179985
v -0.167462 -0.056313 0.175340
v -0.164505 -0.044157 0.176660
v -0.161951 -0.034009 0.183641
v -0.160383 -0.028194 0.194686
vn 0.9831 -0.1649 -0.0797
vn 0.9891 -0.1414 -0.0403
vn 0.9715 -0.2368 -0.0103
vn 0.9739 -0.2017 -0.1044
vn 0.9630 -0.2457 -0.1105
vn 0.9526 -0.2887 -0.0963
vn 0.9444 -0.3227 -0.0622
vn 0.9409 -0.3384 -0.0136
vn 0.9436 -0.3290 0.0385
vn 0.9522 -0.2949 0.0799
vn 0.9646 -0.2448 0.0978
vn 0.9773 -0.1932 0.0874
vn 0.9865 -0.1549 0.0539
vn 0.9905 -0.1370 0.0072
vn -0.7494 0.6481 0.1354
vn -0.9709 0.2355 0.0448
vn -0.7731 0.5422 0.3292
vn -0.8152 0.3656 0.4491
vn -0.8660 0.1588 0.4742
vn -0.9148 -0.0361 0.4023
vn -0.9521 -0.1801 0.2471
vn -0.9698 -0.2410 0.0381
vn -0.9628 -0.2007 -0.1809
vn -0.9314 -0.0627 -0.3585
vn -0.8820 0.1433 -0.4489
vn -0.8265 0.3674 -0.4265
vn -0.7789 0.5530 -0.2959
vn -0.7511 0.6539 -0.0911
vn -0.3398 0.9163 -0.2121
vn -0.3869 0.7292 -0.5645
vn -0.3868 0.7295 -0.5641
vn -0.3393 0.9180 -0.2052
vn -0.0915 0.3727 -0.9234
vn -0.4534 0.3985 -0.7973
vn -0.2070 -0.0802 -0.9751
vn -0.5255 -0.0065 -0.8508
vn -0.3093 -0.5078 -0.8041
vn -0.5873 -0.3958 -0.7060
vn -0.3749 -0.8122 -0.4471
vn -0.6233 -0.6775 -0.3906
vn -0.3880 -0.9215 0.0156
vn -0.6238 -0.7812 0.0241
vn -0.3450 -0.8083 0.4771
vn -0.5878 -0.6795 0.4390
vn -0.2559 -0.4978 0.8287
vn -0.5239 -0.3960 0.7541
vn -0.1416 -0.0632 0.9879
vn -0.4482 0.0004 0.8939
vn -0.0292 0.3933 0.9189
vn -0.3796 0.4134 0.8276
vn 0.0558 0.7661 0.6403
vn -0.3341 0.7459 0.5762
vn -0.3201 0.9278 0.1914
vn -0.3200 0.9252 0.2038
vn -0.9916 0.1215 0.0446
vn -0.9848 0.1458 0.0943
vn -0.9843 0.1475 0.0965
vn -0.9916 0.1213 0.0441
vn -0.9733 0.1883 0.1314
vn -0.9720 0.1929 0.1339
vn -0.9578 0.2459 0.1489
vn -0.9557 0.2535 0.1493
vn -0.9402 0.3114 0.1380
vn -0.9379 0.3198 0.1340
vn -0.9244 0.3703 0.0915
vn -0.9231 0.3751 0.0847
vn -0.9167 0.3993 0.0137
vn -0.9167 0.3995 0.0095
vn -0.9223 0.3799 -0.0705
vn -0.9220 0.3811 -0.0684
vn -0.9394 0.3186 -0.1268
vn -0.9376 0.3250 -0.1235
vn -0.9600 0.2430 -0.1388
vn -0.9576 0.2522 -0.1396
vn -0.9774 0.1784 -0.1137
vn -0.9755 0.1856 -0.1184
vn -0.9884 0.1361 -0.0669
vn -0.9876 0.1393 -0.0723
vn -0.9930 0.1175 -0.0111
vn -0.9929 0.1180 -0.0149
vn 0.4217 0.6275 -0.6546
vn 0.4239 0.6350 -0.6458
vn 0.4867 0.8383 -0.2457
vn 0.4866 0.8377 -0.2482
vn 0.3112 0.2593 -0.9143
vn 0.1787 -0.1845 -0.9664
vn 0.0543 -0.6022 -0.7965
vn -0.0323 -0.8962 -0.4425
vn -0.0597 -0.9981 0.0136
vn -0.0211 -0.8844 0.4662
vn 0.0742 -0.5815 0.8102
vn 0.2027 -0.1596 0.9662
vn 0.3338 0.2830 0.8992
vn 0.4378 0.6444 0.6269
vn 0.4924 0.8438 0.2133
vn 0.4928 0.8453 0.2063
vn -0.6557 0.6353 0.4079
vn -0.6269 0.7649 0.1477
vn -0.7098 0.4040 0.5771
vn -0.7766 0.1225 0.6180
vn -0.8412 -0.1463 0.5206
vn -0.8891 -0.3410 0.3053
vn -0.9093 -0.4156 0.0203
vn -0.8970 -0.3513 -0.2683
vn -0.8547 -0.1629 -0.4929
vn -0.7921 0.1053 -0.6012
vn -0.7237 0.3911 -0.5687
vn -0.6652 0.6281 -0.4037
vn -0.6303 0.7627 -0.1450
vt 0.540736 0.277819
vt 0.539590 0.289358
vt 0.514981 0.282256
vt 0.536389 0.267068
vt 0.527544 0.259569
vt 0.516227 0.257038
vt 0.505029 0.260056
vt 0.496516 0.267932
vt 0.492637 0.278865
vt 0.494285 0.290348
vt 0.501081 0.299749
vt 0.511469 0.304914
vt 0.523065 0.304659
vt 0.533213 0.299044
vt 0.569498 0.262897
vt 0.572439 0.282296
vt 0.560463 0.266516
vt 0.554148 0.273963
vt 0.552114 0.283509
vt 0.554654 0.292935
vt 0.561350 0.300037
vt 0.570557 0.303178
vt 0.580126 0.301684
vt 0.587880 0.295944
vt 0.592101 0.287289
vt 0.591905 0.277647
vt 0.587188 0.269227
vt 0.579136 0.263896
vt 0.469684 0.236613
vt 0.481124 0.244036
vt 0.477439 0.247434
vt 0.467862 0.241279
vt 0.487853 0.255958
vt 0.482902 0.257457
vt 0.488308 0.269697
vt 0.483127 0.268813
vt 0.482302 0.282134
vt 0.478064 0.278944
vt 0.471143 0.290336
vt 0.468889 0.285528
vt 0.457412 0.292417
vt 0.457722 0.287120
vt 0.444247 0.287858
vt 0.447139 0.283354
vt 0.434846 0.277585
vt 0.439396 0.275202
vt 0.431345 0.264161
vt 0.436392 0.264299
vt 0.434484 0.250731
vt 0.438805 0.253229
vt 0.443423 0.240343
vt 0.446074 0.244547
vt 0.456108 0.235233
vt 0.456562 0.240210
vt 0.472322 0.252832
vt 0.465319 0.248308
vt 0.476329 0.260166
vt 0.476494 0.268503
vt 0.472778 0.275944
vt 0.466053 0.280781
vt 0.457872 0.281920
vt 0.450063 0.279210
vt 0.444399 0.273188
vt 0.442199 0.265202
vt 0.443975 0.257071
vt 0.449307 0.250713
vt 0.457007 0.247539
vt 0.484614 0.241174
vt 0.471327 0.232065
vt 0.492167 0.255176
vt 0.492346 0.270994
vt 0.485206 0.285032
vt 0.472454 0.294115
vt 0.457063 0.296208
vt 0.442253 0.291336
vt 0.431421 0.279903
vt 0.427099 0.264682
vt 0.430357 0.249142
vt 0.440502 0.236876
vt 0.455258 0.230720
vt 0.555022 0.257822
vt 0.568781 0.252255
vt 0.545416 0.269168
vt 0.542131 0.283720
vt 0.546157 0.298085
vt 0.556336 0.308934
vt 0.570380 0.313796
vt 0.585068 0.311557
vt 0.597003 0.302746
vt 0.603441 0.289443
vt 0.602949 0.274752
vt 0.595864 0.261864
vt 0.583530 0.253726
s 1
usemtl pasted__lambert2
f 3947/2570/2711 3948/2571/2712 3949/2572/2713
f 3950/2573/2714 3947/2570/2711 3949/2572/2713
f 3951/2574/2715 3950/2573/2714 3949/2572/2713
f 3952/2575/2716 3951/2574/2715 3949/2572/2713
f 3953/2576/2717 3952/2575/2716 3949/2572/2713
f 3954/2577/2718 3953/2576/2717 3949/2572/2713
f 3955/2578/2719 3954/2577/2718 3949/2572/2713
f 3956/2579/2720 3955/2578/2719 3949/2572/2713
f 3957/2580/2721 3956/2579/2720 3949/2572/2713
f 3949/2572/2713 3958/2581/2722 3957/2580/2721
f 3959/2582/2723 3958/2581/2722 3949/2572/2713
f 3960/2583/2724 3959/2582/2723 3949/2572/2713
f 3948/2571/2712 3960/2583/2724 3949/2572/2713
f 3961/2584/2725 3962/2585/2726 3963/2586/2727
f 3963/2586/2727 3962/2585/2726 3964/2587/2728
f 3964/2587/2728 3962/2585/2726 3965/2588/2729
f 3965/2588/2729 3962/2585/2726 3966/2589/2730
f 3966/2589/2730 3962/2585/2726 3967/2590/2731
f 3967/2590/2731 3962/2585/2726 3968/2591/2732
f 3968/2591/2732 3962/2585/2726 3969/2592/2733
f 3969/2592/2733 3962/2585/2726 3970/2593/2734
f 3970/2593/2734 3962/2585/2726 3971/2594/2735
f 3971/2594/2735 3962/2585/2726 3972/2595/2736
f 3972/2595/2736 3962/2585/2726 3973/2596/2737
f 3973/2596/2737 3962/2585/2726 3974/2597/2738
f 3974/2597/2738 3962/2585/2726 3961/2584/2725
f 3975/2598/2739 3976/2599/2740 3977/2600/2741
f 3975/2598/2739 3977/2600/2741 3978/2601/2742
f 3976/2599/2740 3979/2602/2743 3980/2603/2744
f 3976/2599/2740 3980/2603/2744 3977/2600/2741
f 3979/2602/2743 3981/2604/2745 3982/2605/2746
f 3979/2602/2743 3982/2605/2746 3980/2603/2744
f 3981/2604/2745 3983/2606/2747 3984/2607/2748
f 3981/2604/2745 3984/2607/2748 3982/2605/2746
f 3983/2606/2747 3985/2608/2749 3986/2609/2750
f 3983/2606/2747 3986/2609/2750 3984/2607/2748
f 3985/2608/2749 3987/2610/2751 3988/2611/2752
f 3985/2608/2749 3988/2611/2752 3986/2609/2750
f 3988/2611/2752 3987/2610/2751 3989/2612/2753
f 3988/2611/2752 3989/2612/2753 3990/2613/2754
f 3989/2612/2753 3991/2614/2755 3992/2615/2756
f 3989/2612/2753 3992/2615/2756 3990/2613/2754
f 3991/2614/2755 3993/2616/2757 3994/2617/2758
f 3991/2614/2755 3994/2617/2758 3992/2615/2756
f 3993/2616/2757 3995/2618/2759 3996/2619/2760
f 3993/2616/2757 3996/2619/2760 3994/2617/2758
f 3995/2618/2759 3997/2620/2761 3998/2621/2762
f 3995/2618/2759 3998/2621/2762 3996/2619/2760
f 3997/2620/2761 3999/2622/2763 4000/2623/2764
f 3997/2620/2761 4000/2623/2764 3998/2621/2762
f 4000/2623/2764 3999/2622/2763 3975/2598/2739
f 4000/2623/2764 3975/2598/2739 3978/2601/2742
f 4001/2601/2765 4002/2600/2766 4003/2624/2767
f 4001/2601/2765 4003/2624/2767 4004/2625/2768
f 4002/2600/2766 4005/2603/2769 4006/2626/2770
f 4002/2600/2766 4006/2626/2770 4003/2624/2767
f 4005/2603/2769 4007/2605/2771 4008/2627/2772
f 4005/2603/2769 4008/2627/2772 4006/2626/2770
f 4007/2605/2771 4009/2607/2773 4010/2628/2774
f 4007/2605/2771 4010/2628/2774 4008/2627/2772
f 4009/2607/2773 4011/2609/2775 4012/2629/2776
f 4009/2607/2773 4012/2629/2776 4010/2628/2774
f 4011/2609/2775 4013/2611/2777 4014/2630/2778
f 4011/2609/2775 4014/2630/2778 4012/2629/2776
f 4014/2630/2778 4013/2611/2777 4015/2613/2779
f 4014/2630/2778 4015/2613/2779 4016/2631/2780
f 4015/2613/2779 4017/2615/2781 4018/2632/2782
f 4015/2613/2779 4018/2632/2782 4016/2631/2780
f 4017/2615/2781 4019/2617/2783 4020/2633/2784
f 4017/2615/2781 4020/2633/2784 4018/2632/2782
f 4021/2619/2785 4022/2634/2786 4020/2633/2784
f 4021/2619/2785 4020/2633/2784 4019/2617/2783
f 4021/2619/2785 4023/2621/2787 4024/2635/2788
f 4021/2619/2785 4024/2635/2788 4022/2634/2786
f 4023/2621/2787 4025/2623/2789 4026/2636/2790
f 4023/2621/2787 4026/2636/2790 4024/2635/2788
f 4026/2636/2790 4025/2623/2789 4001/2601/2765
f 4026/2636/2790 4001/2601/2765 4004/2625/2768
f 4027/2637/2791 4028/2599/2792 4029/2598/2793
f 4027/2637/2791 4029/2598/2793 4030/2638/2794
f 4031/2639/2795 3979/2602/2743 4028/2599/2792
f 4031/2639/2795 4028/2599/2792 4027/2637/2791
f 4032/2640/2796 3981/2604/2745 3979/2602/2743
f 4032/2640/2796 3979/2602/2743 4031/2639/2795
f 4033/2641/2797 3983/2606/2747 3981/2604/2745
f 4033/2641/2797 3981/2604/2745 4032/2640/2796
f 4034/2642/2798 3985/2608/2749 3983/2606/2747
f 4034/2642/2798 3983/2606/2747 4033/2641/2797
f 4035/2643/2799 3987/2610/2751 3985/2608/2749
f 4035/2643/2799 3985/2608/2749 4034/2642/2798
f 4036/2644/2800 3989/2612/2753 3987/2610/2751
f 4036/2644/2800 3987/2610/2751 4035/2643/2799
f 4037/2645/2801 3991/2614/2755 3989/2612/2753
f 4037/2645/2801 3989/2612/2753 4036/2644/2800
f 4038/2646/2802 3993/2616/2757 3991/2614/2755
f 4038/2646/2802 3991/2614/2755 4037/2645/2801
f 4038/2646/2802 4039/2647/2803 3995/2618/2759
f 4038/2646/2802 3995/2618/2759 3993/2616/2757
f 4040/2648/2804 3997/2620/2761 3995/2618/2759
f 4040/2648/2804 3995/2618/2759 4039/2647/2803
f 4041/2649/2805 4042/2622/2806 3997/2620/2761
f 4041/2649/2805 3997/2620/2761 4040/2648/2804
f 4029/2598/2793 4042/2622/2806 4041/2649/2805
f 4029/2598/2793 4041/2649/2805 4030/2638/2794
f 4043/2650/2807 4044/2651/2808 3961/2584/2725
f 4043/2650/2807 3961/2584/2725 3963/2586/2727
f 4045/2652/2809 4043/2650/2807 3963/2586/2727
f 4045/2652/2809 3963/2586/2727 3964/2587/2728
f 4045/2652/2809 3964/2587/2728 3965/2588/2729
f 4045/2652/2809 3965/2588/2729 4046/2653/2810
f 4047/2654/2811 4046/2653/2810 3965/2588/2729
f 4047/2654/2811 3965/2588/2729 3966/2589/2730
f 4048/2655/2812 4047/2654/2811 3966/2589/2730
f 4048/2655/2812 3966/2589/2730 3967/2590/2731
f 3968/2591/2732 4049/2656/2813 4048/2655/2812
f 3968/2591/2732 4048/2655/2812 3967/2590/2731
f 4050/2657/2814 4049/2656/2813 3968/2591/2732
f 4050/2657/2814 3968/2591/2732 3969/2592/2733
f 4051/2658/2815 4050/2657/2814 3969/2592/2733
f 4051/2658/2815 3969/2592/2733 3970/2593/2734
f 4052/2659/2816 4051/2658/2815 3970/2593/2734
f 4052/2659/2816 3970/2593/2734 3971/2594/2735
f 4053/2660/2817 4052/2659/2816 3971/2594/2735
f 4053/2660/2817 3971/2594/2735 3972/2595/2736
f 4054/2661/2818 4053/2660/2817 3972/2595/2736
f 4054/2661/2818 3972/2595/2736 3973/2596/2737
f 4055/2662/2819 4054/2661/2818 3973/2596/2737
f 4055/2662/2819 3973/2596/2737 3974/2597/2738
f 3961/2584/2725 4044/2651/2808 4055/2662/2819
f 3961/2584/2725 4055/2662/2819 3974/2597/2738
o polySurface272_pasted__lambert2_0
v 0.019121 0.248022 0.339099
v 0.052940 0.248022 0.339099
v 0.052940 0.252119 0.271846
v 0.019121 0.252119 0.271846
v 0.019121 0.252119 0.271846
v 0.052940 0.252119 0.271846
v 0.056645 0.226363 0.270277
v 0.015416 0.226363 0.270277
v 0.056645 0.222266 0.337529
v 0.056645 0.226363 0.270277
v 0.052940 0.252119 0.271846
v 0.052940 0.248022 0.339099
v 0.015416 0.226363 0.270277
v 0.015416 0.222266 0.337529
v 0.019121 0.248022 0.339099
v 0.019121 0.252119 0.271846
v 0.019121 0.248022 0.339099
v 0.015416 0.222266 0.337529
v 0.056645 0.222266 0.337529
v 0.052940 0.248022 0.339099
vn -0.0000 0.9981 0.0608
vn -0.0000 0.0608 -0.9981
vn 0.9899 0.1419 0.0086
vn -0.9899 0.1419 0.0086
vn -0.0000 -0.0608 0.9981
vt 0.433501 0.945950
vt 0.433501 0.969533
vt 0.480485 0.969533
vt 0.480485 0.945950
vt 0.498479 0.972116
vt 0.498479 0.943366
vt 0.433501 0.987711
vt 0.480485 0.987711
vt 0.480485 0.927771
vt 0.433501 0.927771
vt 0.415507 0.943366
vt 0.415507 0.972116
s 0
usemtl pasted__lambert2
f 4056/2663/2820 4057/2664/2820 4058/2665/2820
f 4056/2663/2820 4058/2665/2820 4059/2666/2820
f 4060/2666/2821 4061/2665/2821 4062/2667/2821
f 4060/2666/2821 4062/2667/2821 4063/2668/2821
f 4064/2669/2822 4065/2670/2822 4066/2665/2822
f 4064/2669/2822 4066/2665/2822 4067/2664/2822
f 4068/2671/2823 4069/2672/2823 4070/2663/2823
f 4068/2671/2823 4070/2663/2823 4071/2666/2823
f 4072/2663/2824 4073/2673/2824 4074/2674/2824
f 4072/2663/2824 4074/2674/2824 4075/2664/2824
o polySurface273_pasted__lambert2_0
v -0.061468 -0.015412 0.411501
v -0.055907 -0.012950 0.427016
v -0.062868 -0.010137 0.427187
v -0.051163 -0.013623 0.417562
v -0.067143 -0.007165 0.417955
v -0.045651 -0.008083 0.420156
v -0.050657 -0.012896 0.391167
v -0.045759 -0.007158 0.391517
v -0.068118 -0.005839 0.391597
v -0.067146 0.000603 0.420685
v -0.067618 0.002537 0.392108
v -0.060967 -0.002479 0.430140
v -0.051831 -0.006171 0.429915
v -0.061176 -0.013447 0.391134
vn -0.3761 -0.9263 -0.0252
vn -0.1116 -0.3333 0.9362
vn -0.1117 -0.3333 0.9362
vn 0.7198 -0.6869 0.1009
vn -0.9897 0.0023 0.1433
vn 0.7118 -0.6887 0.1379
vn 0.7380 -0.6746 -0.0154
vn 0.7367 -0.6761 -0.0150
vn -0.9993 0.0252 0.0278
vn -0.9837 -0.0050 0.1799
vn -0.3753 -0.9256 -0.0499
vt 0.915597 0.431204
vt 0.913220 0.420908
vt 0.918045 0.420820
vt 0.909002 0.426157
vt 0.922137 0.426301
vt 0.904228 0.422588
vt 0.907308 0.444781
vt 0.901786 0.443915
vt 0.923474 0.444917
vt 0.926987 0.422925
vt 0.929621 0.444071
vt 0.919979 0.415965
vt 0.911530 0.415658
vt 0.915480 0.445047
s 1
usemtl pasted__lambert2
f 4076/2675/2825 4077/2676/2826 4078/2677/2827
f 4076/2675/2825 4079/2678/2828 4077/2676/2826
f 4080/2679/2829 4076/2675/2825 4078/2677/2827
f 4081/2680/2830 4079/2678/2828 4082/2681/2831
f 4081/2680/2830 4082/2681/2831 4083/2682/2832
f 4084/2683/2833 4080/2679/2829 4085/2684/2834
f 4084/2683/2833 4085/2684/2834 4086/2685/2833
s 0
f 4087/2686/2826 4078/2677/2826 4077/2676/2826
f 4087/2686/2827 4077/2676/2827 4088/2687/2827
s 1
f 4077/2676/2826 4079/2678/2828 4081/2680/2830
f 4077/2676/2826 4081/2680/2830 4088/2687/2827
f 4082/2681/2831 4079/2678/2828 4076/2675/2825
f 4082/2681/2831 4076/2675/2825 4089/2688/2835
f 4080/2679/2829 4084/2683/2833 4089/2688/2835
f 4080/2679/2829 4089/2688/2835 4076/2675/2825
f 4080/2679/2829 4078/2677/2827 4087/2686/2827
f 4080/2679/2829 4087/2686/2827 4085/2684/2834
o polySurface274_pasted__lambert2_0
v -0.221656 0.061753 0.158774
v -0.052425 0.303895 0.173526
v -0.054434 0.305313 0.173612
v -0.223665 0.063171 0.158860
vn -0.0000 -0.0608 0.9981
vt 0.214668 0.278838
vt 0.214610 0.485096
vt 0.212756 0.485106
vt 0.212814 0.278848
s 0
usemtl pasted__lambert2
f 4090/2689/2836 4091/2690/2836 4092/2691/2836
f 4090/2689/2836 4092/2691/2836 4093/2692/2836
o polySurface275_pasted__lambert2_0
v -0.036306 -0.023110 0.411031
v -0.031405 -0.019764 0.426600
v -0.038749 -0.018200 0.426696
v -0.026516 -0.019596 0.417198
v -0.043377 -0.016006 0.417417
v -0.022075 -0.013187 0.419845
v -0.025865 -0.018767 0.390810
v -0.021575 -0.011551 0.391249
v -0.038235 -0.010332 0.429662
v -0.028595 -0.012383 0.429537
v -0.036144 -0.021107 0.390667
v -0.044288 -0.014845 0.391049
v -0.044755 -0.008358 0.420139
v -0.045122 -0.007353 0.391505
vn -0.2097 -0.9773 -0.0285
vn -0.0621 -0.3484 0.9353
vn 0.8258 -0.5532 0.1094
vn -0.9769 -0.1677 0.1325
vn 0.8180 -0.5563 0.1463
vn 0.8427 -0.5384 -0.0065
vn 0.8426 -0.5384 -0.0065
vn -0.0621 -0.3485 0.9353
vn -0.0620 -0.3485 0.9353
vn -0.2087 -0.9765 -0.0531
vn -0.9891 -0.1461 0.0167
vn -0.9701 -0.1741 0.1693
vn -0.9888 -0.1481 0.0172
vt 0.884947 0.431798
vt 0.882569 0.421507
vt 0.887393 0.421416
vt 0.878345 0.426760
vt 0.891471 0.426894
vt 0.873589 0.423196
vt 0.876667 0.445378
vt 0.870525 0.444413
vt 0.889332 0.416562
vt 0.880884 0.416257
vt 0.884849 0.445643
vt 0.892815 0.445512
vt 0.896343 0.423518
vt 0.898340 0.444757
s 1
usemtl pasted__lambert2
f 4094/2693/2837 4095/2694/2838 4096/2695/2838
f 4094/2693/2837 4097/2696/2839 4095/2694/2838
f 4098/2697/2840 4094/2693/2837 4096/2695/2838
f 4099/2698/2841 4097/2696/2839 4100/2699/2842
f 4099/2698/2841 4100/2699/2842 4101/2700/2843
s 0
f 4102/2701/2844 4096/2695/2844 4095/2694/2844
f 4102/2701/2845 4095/2694/2845 4103/2702/2845
s 1
f 4095/2694/2838 4097/2696/2839 4099/2698/2841
f 4095/2694/2838 4099/2698/2841 4103/2702/2844
f 4100/2699/2842 4097/2696/2839 4094/2693/2837
f 4100/2699/2842 4094/2693/2837 4104/2703/2846
f 4098/2697/2840 4105/2704/2847 4104/2703/2846
f 4098/2697/2840 4104/2703/2846 4094/2693/2837
f 4098/2697/2840 4096/2695/2838 4102/2701/2838
f 4098/2697/2840 4102/2701/2838 4106/2705/2848
f 4105/2704/2847 4098/2697/2840 4106/2705/2848
f 4105/2704/2847 4106/2705/2848 4107/2706/2849
o polySurface276_pasted__lambert2_0
v 0.075405 -0.050405 0.177453
v 0.075405 -0.052015 0.224439
v -0.075392 -0.052015 0.224439
v -0.075392 -0.050405 0.177453
v 0.150819 -0.053098 0.215698
v 0.075405 -0.046441 0.216104
v 0.075405 -0.052015 0.224439
v 0.150819 -0.058672 0.224034
v 0.075405 -0.038310 0.183184
v 0.150819 -0.046409 0.182690
v 0.075405 -0.038310 0.183184
v 0.150819 -0.046409 0.182690
v 0.150819 -0.058504 0.176959
v 0.075405 -0.050405 0.177453
v 0.150819 -0.058504 0.176959
v 0.150819 -0.058672 0.224034
v -0.150806 -0.058504 0.176959
v -0.150806 -0.058672 0.224034
v -0.150806 -0.046409 0.182690
v -0.075392 -0.038310 0.183184
v -0.075392 -0.050405 0.177453
v -0.150806 -0.058504 0.176959
v -0.150806 -0.053098 0.215698
v -0.075392 -0.046441 0.216104
v -0.075392 -0.038310 0.183184
v -0.150806 -0.046409 0.182690
v -0.150806 -0.058672 0.224034
v -0.075392 -0.052015 0.224439
vn -0.0327 -0.9990 -0.0291
vn -0.0326 -0.9990 -0.0291
vn 0.0326 -0.9991 -0.0289
vn 0.0327 -0.9990 -0.0291
vn 0.0927 0.9492 0.3009
vn 0.0310 0.9505 0.3092
vn 0.0260 0.8310 0.5557
vn 0.0761 0.8289 0.5543
vn 0.0319 0.9720 0.2329
vn 0.0963 0.9711 0.2183
vn 0.0128 0.4282 -0.9036
vn 0.0400 0.4279 -0.9030
vn 0.0139 0.4282 -0.9036
vn -0.0975 -0.9951 -0.0188
vn 0.0975 -0.9951 -0.0188
vn -0.0400 0.4279 -0.9030
vn -0.0128 0.4282 -0.9036
vn -0.0139 0.4282 -0.9036
vn -0.0927 0.9492 0.3009
vn -0.0310 0.9505 0.3092
vn -0.0319 0.9720 0.2329
vn -0.0963 0.9711 0.2183
vn -0.0761 0.8289 0.5543
vn -0.0259 0.8310 0.5557
vt 0.432692 0.465870
vt 0.465456 0.465781
vt 0.465452 0.360398
vt 0.432666 0.360299
vt 0.472761 0.518345
vt 0.472443 0.465637
vt 0.465756 0.518668
vt 0.496026 0.465346
vt 0.496355 0.517966
vt 0.505657 0.518780
vt 0.505352 0.465697
vt 0.432895 0.518893
vt 0.432903 0.307267
vt 0.465765 0.307508
vt 0.496361 0.308217
vt 0.496064 0.360824
vt 0.505365 0.360474
vt 0.505663 0.307400
vt 0.472768 0.307832
vt 0.472431 0.360542
s 1
usemtl pasted__lambert2
f 4108/2707/2850 4109/2708/2851 4110/2709/2852
f 4108/2707/2850 4110/2709/2852 4111/2710/2853
f 4112/2711/2854 4113/2712/2855 4114/2708/2856
f 4112/2711/2854 4114/2708/2856 4115/2713/2857
f 4116/2714/2858 4113/2712/2855 4112/2711/2854
f 4116/2714/2858 4112/2711/2854 4117/2715/2859
f 4118/2714/2860 4119/2715/2861 4120/2716/2861
f 4118/2714/2860 4120/2716/2861 4121/2717/2862
f 4109/2708/2851 4108/2707/2850 4122/2718/2863
f 4109/2708/2851 4122/2718/2863 4123/2713/2863
f 4124/2719/2864 4111/2710/2853 4110/2709/2852
f 4124/2719/2864 4110/2709/2852 4125/2720/2864
f 4126/2721/2865 4127/2722/2866 4128/2723/2867
f 4126/2721/2865 4128/2723/2867 4129/2724/2865
f 4130/2725/2868 4131/2726/2869 4132/2722/2870
f 4130/2725/2868 4132/2722/2870 4133/2721/2871
f 4131/2726/2869 4130/2725/2868 4134/2720/2872
f 4131/2726/2869 4134/2720/2872 4135/2709/2873
f 4118/2714/2860 4121/2717/2862 4128/2723/2867
f 4118/2714/2860 4128/2723/2867 4127/2722/2866
f 4113/2712/2855 4116/2714/2858 4132/2722/2870
f 4113/2712/2855 4132/2722/2870 4131/2726/2869
f 4113/2712/2855 4131/2726/2869 4135/2709/2873
f 4113/2712/2855 4135/2709/2873 4114/2708/2856
o polySurface277_pasted__lambert2_0
v -0.028201 0.222371 0.018527
v -0.042195 0.223559 0.018538
v -0.022474 0.259228 0.013219
v -0.018030 0.255775 0.012610
v -0.012757 0.262985 0.012705
v 0.012770 0.262985 0.012705
v 0.011317 0.259051 0.011612
v -0.011304 0.259051 0.011612
v 0.022487 0.259228 0.013219
v 0.018043 0.255775 0.012610
v 0.042208 0.223559 0.018538
v 0.028214 0.222371 0.018527
v -0.042195 0.224873 0.025929
v -0.038279 0.224607 0.028287
v -0.021525 0.257180 0.022795
v -0.022474 0.258602 0.020508
v 0.038292 0.224607 0.028287
v 0.042208 0.224873 0.025929
v 0.022487 0.258602 0.020508
v 0.021488 0.257120 0.022789
v -0.012757 0.262522 0.019894
v -0.012454 0.260812 0.022091
v 0.012467 0.260812 0.022091
v 0.012770 0.262522 0.019894
v -0.030805 0.223961 0.028287
v -0.028217 0.223629 0.025980
v -0.018281 0.253979 0.020010
v -0.019391 0.254686 0.022533
v 0.028230 0.223629 0.025980
v 0.030818 0.223961 0.028287
v 0.019364 0.254639 0.022528
v 0.018294 0.253979 0.020010
v -0.011782 0.257660 0.021574
v -0.011451 0.256850 0.018958
v 0.011464 0.256850 0.018958
v 0.011795 0.257660 0.021574
v -0.019391 0.254686 0.022533
v -0.018281 0.253979 0.020010
v 0.018294 0.253979 0.020010
v 0.019364 0.254639 0.022528
v -0.012757 0.262985 0.012705
v 0.012770 0.262985 0.012705
v 0.042208 0.223559 0.018538
v 0.022487 0.259228 0.013219
v -0.022474 0.259228 0.013219
v -0.042195 0.223559 0.018538
v -0.019391 0.254686 0.022533
v 0.019364 0.254639 0.022528
v 0.012467 0.260812 0.022091
v -0.012454 0.260812 0.022091
v -0.011782 0.257660 0.021574
v 0.011795 0.257660 0.021574
v 0.018043 0.255775 0.012610
v 0.028214 0.222371 0.018527
v 0.011317 0.259051 0.011612
v 0.018043 0.255775 0.012610
v -0.011304 0.259051 0.011612
v -0.018030 0.255775 0.012610
v -0.028201 0.222371 0.018527
v -0.018030 0.255775 0.012610
v -0.044523 0.208493 0.017502
v -0.044523 0.209807 0.024891
v 0.044536 0.209807 0.024891
v 0.044536 0.208493 0.017502
v -0.028201 0.214582 0.018915
v -0.044523 0.208493 0.017502
v 0.044536 0.208493 0.017502
v 0.028214 0.214582 0.018915
v -0.042115 0.213716 0.030007
v -0.030805 0.213073 0.030009
v 0.030818 0.213073 0.030009
v 0.042128 0.213716 0.030007
v -0.028217 0.215843 0.026369
v -0.028201 0.214582 0.018915
v 0.028214 0.214582 0.018915
v 0.028230 0.215843 0.026369
v -0.042115 0.213716 0.030007
v 0.042128 0.213716 0.030007
vn -0.0329 -0.0840 -0.9959
vn -0.0232 -0.0701 -0.9973
vn -0.0726 -0.1124 -0.9910
vn -0.0745 -0.1060 -0.9916
vn -0.0483 0.2163 -0.9751
vn 0.0483 0.2163 -0.9751
vn 0.0377 0.2277 -0.9730
vn -0.0377 0.2277 -0.9730
vn 0.0726 -0.1124 -0.9910
vn 0.0746 -0.1060 -0.9916
vn 0.0232 -0.0701 -0.9973
vn 0.0329 -0.0841 -0.9959
vn -0.8848 0.4191 0.2037
vn -0.2737 0.2653 0.9245
vn -0.2697 0.3394 0.9012
vn -0.7786 0.6024 0.1758
vn 0.2724 0.2651 0.9249
vn 0.8842 0.4193 0.2057
vn 0.7781 0.6024 0.1779
vn 0.2674 0.3382 0.9023
vn -0.1050 0.9710 0.2150
vn -0.0788 0.7849 0.6145
vn 0.0793 0.7828 0.6172
vn 0.1051 0.9707 0.2159
vn 0.2639 0.0910 0.9602
vn 0.9503 -0.2060 0.2334
vn 0.9482 -0.2752 0.1585
vn 0.7693 -0.1497 0.6211
vn -0.9507 -0.2066 0.2312
vn -0.2638 0.0911 0.9603
vn -0.7723 -0.1521 0.6168
vn -0.9485 -0.2759 0.1556
vn 0.1105 -0.9417 0.3179
vn 0.1028 -0.9873 -0.1213
vn -0.1029 -0.9872 -0.1219
vn -0.1109 -0.9421 0.3166
vn 0.3927 -0.8462 0.3601
vn 0.3962 -0.9180 -0.0190
vn -0.3969 -0.9176 -0.0232
vn -0.3961 -0.8484 0.3512
vn -0.1036 0.9924 0.0669
vn 0.1036 0.9924 0.0669
vn 0.9191 0.3932 -0.0248
vn 0.7833 0.6216 -0.0010
vn -0.7833 0.6216 -0.0010
vn -0.9191 0.3932 -0.0247
vn 0.0805 0.1156 0.9900
vn -0.0805 0.1160 0.9900
vn -0.0346 -0.1381 0.9898
vn 0.0348 -0.1379 0.9898
vn 0.0338 -0.1386 0.9898
vn -0.0340 -0.1386 0.9898
vn -0.9540 -0.2997 0.0064
vn -0.9706 -0.2408 0.0056
vn -0.0772 -0.9571 -0.2794
vn -0.3721 -0.8984 -0.2335
vn 0.0772 -0.9571 -0.2794
vn 0.3722 -0.8982 -0.2337
vn 0.9706 -0.2408 0.0056
vn 0.9540 -0.2997 0.0064
vn -0.9876 0.1545 -0.0275
vn -0.9804 0.1703 0.0992
vn 0.9804 0.1703 0.0992
vn 0.9876 0.1545 -0.0275
vn 0.0423 0.0240 -0.9988
vn -0.0423 0.0240 -0.9988
vn 0.0104 0.1544 0.9880
vn 0.1379 0.1479 0.9793
vn -0.1379 0.1479 0.9793
vn -0.0105 0.1543 0.9880
vn 0.9470 0.0360 0.3193
vn 1.0000 0.0001 0.0021
vn -1.0000 0.0001 0.0021
vn -0.9470 0.0360 0.3192
vn -0.7940 0.2037 0.5727
vn 0.7940 0.2037 0.5727
vt 0.729993 0.325745
vt 0.739958 0.324334
vt 0.724376 0.299334
vt 0.721247 0.301918
vt 0.717323 0.296860
vt 0.699028 0.296832
vt 0.700065 0.299760
vt 0.716277 0.299785
vt 0.691966 0.299285
vt 0.695088 0.301878
vt 0.676309 0.324237
vt 0.686270 0.325678
vt 0.729927 0.203725
vt 0.727224 0.205337
vt 0.734924 0.229823
vt 0.736877 0.229802
vt 0.727217 0.285307
vt 0.729916 0.286926
vt 0.736915 0.260856
vt 0.734937 0.260834
vt 0.737556 0.236525
vt 0.735603 0.236530
vt 0.735649 0.254112
vt 0.737584 0.254120
vt 0.723101 0.208455
vt 0.721256 0.210006
vt 0.730857 0.231012
vt 0.732696 0.230056
vt 0.721264 0.280623
vt 0.723105 0.282179
vt 0.732719 0.260604
vt 0.730909 0.259649
vt 0.733432 0.236703
vt 0.731587 0.237033
vt 0.731584 0.253627
vt 0.733444 0.253955
vt 0.742583 0.236578
vt 0.742602 0.254071
vt 0.734800 0.288811
vt 0.742041 0.261098
vt 0.742006 0.229567
vt 0.734815 0.201851
vt 0.726698 0.256713
vt 0.716787 0.278048
vt 0.726499 0.252652
vt 0.726249 0.238069
vt 0.726622 0.233949
vt 0.716772 0.212568
vt 0.732310 0.191253
vt 0.727610 0.193597
vt 0.727572 0.297046
vt 0.732266 0.299404
vt 0.730306 0.331325
vt 0.742269 0.335038
vt 0.673965 0.334934
vt 0.685939 0.331257
vt 0.724765 0.197572
vt 0.718344 0.202225
vt 0.718328 0.288394
vt 0.724738 0.293064
vt 0.717597 0.205791
vt 0.713217 0.208557
vt 0.713219 0.282047
vt 0.717592 0.284826
s 1
usemtl pasted__lambert2
f 4136/2727/2874 4137/2728/2875 4138/2729/2876
f 4136/2727/2874 4138/2729/2876 4139/2730/2877
f 4140/2731/2878 4141/2732/2879 4142/2733/2880
f 4140/2731/2878 4142/2733/2880 4143/2734/2881
f 4138/2729/2876 4140/2731/2878 4143/2734/2881
f 4138/2729/2876 4143/2734/2881 4139/2730/2877
f 4141/2732/2879 4144/2735/2882 4145/2736/2883
f 4141/2732/2879 4145/2736/2883 4142/2733/2880
f 4145/2736/2883 4144/2735/2882 4146/2737/2884
f 4145/2736/2883 4146/2737/2884 4147/2738/2885
f 4148/2739/2886 4149/2740/2887 4150/2741/2888
f 4148/2739/2886 4150/2741/2888 4151/2742/2889
f 4152/2743/2890 4153/2744/2891 4154/2745/2892
f 4152/2743/2890 4154/2745/2892 4155/2746/2893
f 4156/2747/2894 4157/2748/2895 4158/2749/2896
f 4156/2747/2894 4158/2749/2896 4159/2750/2897
f 4157/2748/2895 4156/2747/2894 4151/2742/2889
f 4157/2748/2895 4151/2742/2889 4150/2741/2888
f 4159/2750/2897 4158/2749/2896 4155/2746/2893
f 4159/2750/2897 4155/2746/2893 4154/2745/2892
f 4160/2751/2898 4161/2752/2899 4162/2753/2900
f 4160/2751/2898 4162/2753/2900 4163/2754/2901
f 4164/2755/2902 4165/2756/2903 4166/2757/2904
f 4164/2755/2902 4166/2757/2904 4167/2758/2905
f 4168/2759/2906 4169/2760/2907 4170/2761/2908
f 4168/2759/2906 4170/2761/2908 4171/2762/2909
f 4169/2760/2907 4168/2759/2906 4172/2754/2910
f 4169/2760/2907 4172/2754/2910 4173/2753/2911
f 4171/2762/2909 4170/2761/2908 4174/2758/2912
f 4171/2762/2909 4174/2758/2912 4175/2757/2913
f 4176/2763/2914 4156/2747/2894 4159/2750/2897
f 4176/2763/2914 4159/2750/2897 4177/2764/2915
f 4154/2745/2892 4153/2744/2891 4178/2765/2916
f 4154/2745/2892 4178/2765/2916 4179/2766/2917
f 4180/2767/2918 4181/2768/2919 4148/2739/2886
f 4180/2767/2918 4148/2739/2886 4151/2742/2889
f 4151/2742/2889 4156/2747/2894 4176/2763/2914
f 4151/2742/2889 4176/2763/2914 4180/2767/2918
f 4159/2750/2897 4154/2745/2892 4179/2766/2917
f 4159/2750/2897 4179/2766/2917 4177/2764/2915
f 4150/2741/2888 4149/2740/2887 4160/2751/2898
f 4150/2741/2888 4160/2751/2898 4182/2754/2920
f 4183/2757/2921 4165/2756/2903 4152/2743/2890
f 4183/2757/2921 4152/2743/2890 4155/2746/2893
f 4184/2749/2922 4185/2748/2923 4186/2759/2924
f 4184/2749/2922 4186/2759/2924 4187/2762/2925
f 4185/2748/2923 4150/2741/2888 4182/2754/2920
f 4185/2748/2923 4182/2754/2920 4186/2759/2924
f 4155/2746/2893 4184/2749/2922 4187/2762/2925
f 4155/2746/2893 4187/2762/2925 4183/2757/2921
f 4188/2769/2926 4189/2770/2927 4164/2755/2902
f 4188/2769/2926 4164/2755/2902 4167/2758/2905
f 4174/2758/2912 4170/2761/2908 4190/2771/2928
f 4174/2758/2912 4190/2771/2928 4191/2769/2929
f 4170/2761/2908 4169/2760/2907 4192/2772/2930
f 4170/2761/2908 4192/2772/2930 4190/2771/2928
f 4169/2760/2907 4173/2753/2911 4193/2773/2931
f 4169/2760/2907 4193/2773/2931 4192/2772/2930
f 4194/2774/2932 4195/2773/2933 4162/2753/2900
f 4194/2774/2932 4162/2753/2900 4161/2752/2899
f 4148/2739/2886 4181/2768/2919 4196/2775/2934
f 4148/2739/2886 4196/2775/2934 4197/2776/2935
f 4178/2765/2916 4153/2744/2891 4198/2777/2936
f 4178/2765/2916 4198/2777/2936 4199/2778/2937
f 4137/2728/2875 4136/2727/2874 4200/2779/2938
f 4137/2728/2875 4200/2779/2938 4201/2780/2938
f 4147/2738/2885 4146/2737/2884 4202/2781/2939
f 4147/2738/2885 4202/2781/2939 4203/2782/2939
f 4160/2751/2898 4149/2740/2887 4204/2783/2940
f 4160/2751/2898 4204/2783/2940 4205/2784/2941
f 4152/2743/2890 4165/2756/2903 4206/2785/2942
f 4152/2743/2890 4206/2785/2942 4207/2786/2943
f 4194/2774/2932 4161/2752/2899 4208/2787/2944
f 4194/2774/2932 4208/2787/2944 4209/2788/2945
f 4164/2755/2902 4189/2770/2927 4210/2789/2946
f 4164/2755/2902 4210/2789/2946 4211/2790/2947
f 4149/2740/2887 4148/2739/2886 4197/2776/2935
f 4149/2740/2887 4197/2776/2935 4212/2783/2948
f 4153/2744/2891 4152/2743/2890 4213/2786/2949
f 4153/2744/2891 4213/2786/2949 4198/2777/2936
f 4161/2752/2899 4160/2751/2898 4205/2784/2941
f 4161/2752/2899 4205/2784/2941 4208/2787/2944
f 4165/2756/2903 4164/2755/2902 4211/2790/2947
f 4165/2756/2903 4211/2790/2947 4206/2785/2942
o polySurface278_pasted__lambert2_0
v 0.017212 0.008369 0.462451
v 0.009578 0.065155 0.461501
v 0.005019 0.064354 0.461452
v 0.017212 0.008369 0.462451
v 0.005019 0.064354 0.461452
v 0.000580 0.064896 0.439676
v 0.008897 0.008337 0.438881
v 0.014018 0.067261 0.439820
v 0.009578 0.065155 0.461501
v 0.017212 0.008369 0.462451
v 0.025527 0.011263 0.439060
vn -0.0133 0.0149 0.9998
vn -0.9487 -0.1724 0.2649
vn 0.9449 0.1609 0.2852
vt 0.100782 0.048146
vt 0.102401 0.008272
vt 0.099177 0.008271
vt 0.083713 0.007534
vt 0.083395 0.047349
vt 0.117867 0.007540
vt 0.118171 0.047355
s 0
usemtl pasted__lambert2
f 4214/2791/2950 4215/2792/2950 4216/2793/2950
s 1
f 4217/2791/2951 4218/2793/2951 4219/2794/2951
f 4217/2791/2951 4219/2794/2951 4220/2795/2951
f 4221/2796/2952 4222/2792/2952 4223/2791/2952
f 4221/2796/2952 4223/2791/2952 4224/2797/2952
o polySurface279_pasted__lambert2_0
v 0.136284 0.127809 0.420226
v 0.130655 0.129794 0.435712
v 0.131603 0.122358 0.435259
v 0.131597 0.118033 0.425583
v 0.129422 0.135104 0.426623
v 0.124690 0.114027 0.427596
v 0.124755 0.115263 0.398975
v 0.132316 0.118925 0.399199
v 0.122606 0.129801 0.438200
v 0.123849 0.120042 0.437605
v 0.135512 0.128954 0.399810
v 0.129941 0.137579 0.400335
v 0.121765 0.136989 0.428995
v 0.122531 0.139034 0.400424
vn 0.9813 0.1876 0.0425
vn 0.2921 -0.0020 0.9564
vn 0.2922 -0.0020 0.9564
vn 0.5286 -0.8439 0.0917
vn 0.1791 0.9630 0.2014
vn 0.5297 -0.8383 0.1291
vn 0.5206 -0.8534 -0.0257
vn 0.9820 0.1880 0.0178
vn 0.1649 0.9826 0.0855
vn 0.1832 0.9538 0.2380
vn 0.2289 0.9697 0.0853
vt 0.952303 0.320368
vt 0.954749 0.309987
vt 0.949925 0.310077
vt 0.945701 0.315331
vt 0.958827 0.315465
vt 0.940945 0.311766
vt 0.937880 0.332983
vt 0.944023 0.333949
vt 0.956688 0.305133
vt 0.948240 0.304828
vt 0.952205 0.334214
vt 0.960170 0.334083
vt 0.963698 0.312089
vt 0.965695 0.333328
s 1
usemtl pasted__lambert2
f 4225/2798/2953 4226/2799/2954 4227/2800/2955
f 4225/2798/2953 4227/2800/2955 4228/2801/2956
f 4229/2802/2957 4226/2799/2954 4225/2798/2953
f 4230/2803/2958 4231/2804/2959 4232/2805/2959
f 4230/2803/2958 4232/2805/2959 4228/2801/2956
f 4233/2806/2954 4234/2807/2954 4227/2800/2955
f 4233/2806/2954 4227/2800/2955 4226/2799/2954
f 4227/2800/2955 4234/2807/2954 4230/2803/2958
f 4227/2800/2955 4230/2803/2958 4228/2801/2956
f 4232/2805/2959 4235/2808/2960 4225/2798/2953
f 4232/2805/2959 4225/2798/2953 4228/2801/2956
f 4229/2802/2957 4225/2798/2953 4235/2808/2960
f 4229/2802/2957 4235/2808/2960 4236/2809/2961
f 4229/2802/2957 4237/2810/2962 4233/2806/2954
f 4229/2802/2957 4233/2806/2954 4226/2799/2954
f 4236/2809/2961 4238/2811/2963 4237/2810/2962
f 4236/2809/2961 4237/2810/2962 4229/2802/2957
o polySurface280_pasted__lambert2_0
v -0.126184 0.050760 0.415532
v -0.119736 0.048882 0.430783
v -0.123280 0.055492 0.431185
v -0.116889 0.045467 0.421162
v -0.125026 0.060638 0.422086
v -0.109013 0.046169 0.423461
v -0.117062 0.046075 0.394760
v -0.109620 0.047353 0.394838
v -0.125953 0.062651 0.395770
v -0.119958 0.066576 0.424705
v -0.120198 0.068768 0.396143
v -0.116811 0.060124 0.433954
v -0.112160 0.051452 0.433426
v -0.125498 0.052371 0.395144
vn -0.8817 -0.4719 0.0024
vn -0.2623 -0.1982 0.9444
vn 0.1181 -0.9896 0.0824
vn -0.7533 0.6320 0.1816
vn 0.1122 -0.9864 0.1198
vn 0.1354 -0.9902 -0.0347
vn 0.1334 -0.9905 -0.0341
vn -0.7506 0.6574 0.0663
vn -0.7520 0.6221 0.2181
vn -0.7506 0.6574 0.0664
vn -0.8816 -0.4714 -0.0223
vt 0.941273 0.395773
vt 0.938896 0.385477
vt 0.943722 0.385389
vt 0.934678 0.390727
vt 0.947813 0.390870
vt 0.929904 0.387157
vt 0.932984 0.409350
vt 0.927463 0.408484
vt 0.949150 0.409486
vt 0.952663 0.387494
vt 0.955297 0.408639
vt 0.945655 0.380534
vt 0.937206 0.380227
vt 0.941157 0.409616
s 1
usemtl pasted__lambert2
f 4239/2812/2964 4240/2813/2965 4241/2814/2965
f 4239/2812/2964 4242/2815/2966 4240/2813/2965
f 4243/2816/2967 4239/2812/2964 4241/2814/2965
f 4244/2817/2968 4242/2815/2966 4245/2818/2969
f 4244/2817/2968 4245/2818/2969 4246/2819/2970
f 4247/2820/2971 4243/2816/2967 4248/2821/2972
f 4247/2820/2971 4248/2821/2972 4249/2822/2973
s 0
f 4250/2823/2965 4241/2814/2965 4240/2813/2965
f 4250/2823/2965 4240/2813/2965 4251/2824/2965
s 1
f 4240/2813/2965 4242/2815/2966 4244/2817/2968
f 4240/2813/2965 4244/2817/2968 4251/2824/2965
f 4245/2818/2969 4242/2815/2966 4239/2812/2964
f 4245/2818/2969 4239/2812/2964 4252/2825/2974
f 4243/2816/2967 4247/2820/2971 4252/2825/2974
f 4243/2816/2967 4252/2825/2974 4239/2812/2964
f 4243/2816/2967 4241/2814/2965 4250/2823/2965
f 4243/2816/2967 4250/2823/2965 4248/2821/2972
o polySurface281_pasted__lambert2_0
v -0.041214 0.102428 0.150346
v -0.047899 0.254032 0.159582
v -0.049692 0.253335 0.170265
v -0.044964 0.101682 0.161026
v -0.047375 0.101275 0.161001
v -0.052103 0.252928 0.170240
v -0.055853 0.253484 0.159549
v -0.049167 0.101880 0.150312
v -0.051841 0.309369 0.165090
v -0.051877 0.308976 0.171519
v -0.053328 0.308731 0.171504
v -0.056626 0.309039 0.165070
v -0.043920 0.053196 0.155936
v -0.040621 0.053671 0.149511
v -0.045406 0.053342 0.149491
v -0.045370 0.052951 0.155921
v -0.051841 0.309369 0.165090
v -0.047899 0.254032 0.159582
v -0.055853 0.253484 0.159549
v -0.056626 0.309039 0.165070
v -0.041214 0.102428 0.150346
v -0.049167 0.101880 0.150312
v -0.040621 0.053671 0.149511
v -0.045406 0.053342 0.149491
v -0.043920 0.053196 0.155936
v -0.044964 0.101682 0.161026
v -0.047375 0.101275 0.161001
v -0.045370 0.052951 0.155921
v -0.049692 0.253335 0.170265
v -0.052103 0.252928 0.170240
v -0.051877 0.308976 0.171519
v -0.053328 0.308731 0.171504
vn 0.9993 0.0376 0.0023
vn 0.9988 0.0498 0.0030
vn 0.9988 0.0498 0.0031
vn -0.9987 -0.0505 -0.0031
vn -0.9993 -0.0372 -0.0023
vn 0.9975 0.0706 0.0043
vn -0.9999 -0.0139 -0.0009
vn -0.9999 -0.0139 -0.0008
vn 0.9999 0.0121 0.0007
vn 0.9999 0.0122 0.0008
vn -0.9970 -0.0772 -0.0047
vn -0.0026 0.0989 -0.9951
vn -0.0006 0.0696 -0.9976
vn -0.0006 0.0691 -0.9976
vn 0.0006 0.0523 -0.9986
vn 0.0006 0.0518 -0.9987
vn 0.0030 0.0171 -0.9998
vn 0.0030 -0.1044 0.9945
vn 0.0006 -0.0693 0.9976
vn 0.0006 -0.0698 0.9976
vn -0.0006 -0.0520 0.9986
vn -0.0006 -0.0525 0.9986
vn -0.0026 -0.0227 0.9997
vn -0.0027 -0.0227 0.9997
vt 0.726790 0.572661
vt 0.726799 0.457837
vt 0.734974 0.458031
vt 0.735311 0.572358
vt 0.737135 0.572581
vt 0.736796 0.458295
vt 0.745330 0.458207
vt 0.745302 0.572598
vt 0.731506 0.415853
vt 0.736362 0.416192
vt 0.737460 0.416369
vt 0.742931 0.416278
vt 0.736977 0.608953
vt 0.731521 0.609392
vt 0.742961 0.609152
vt 0.738086 0.609064
vt 0.746522 0.415882
vt 0.751318 0.457856
vt 0.751303 0.572668
vt 0.746578 0.609407
s 1
usemtl pasted__lambert2
f 4253/2826/2975 4254/2827/2976 4255/2828/2977
f 4253/2826/2975 4255/2828/2977 4256/2829/2975
f 4257/2830/2978 4258/2831/2979 4259/2832/2979
f 4257/2830/2978 4259/2832/2979 4260/2833/2978
f 4255/2828/2977 4254/2827/2976 4261/2834/2980
f 4255/2828/2977 4261/2834/2980 4262/2835/2980
f 4263/2836/2981 4264/2837/2982 4259/2832/2979
f 4263/2836/2981 4259/2832/2979 4258/2831/2979
f 4265/2838/2983 4266/2839/2984 4253/2826/2975
f 4265/2838/2983 4253/2826/2975 4256/2829/2975
f 4257/2830/2978 4260/2833/2978 4267/2840/2985
f 4257/2830/2978 4267/2840/2985 4268/2841/2985
f 4269/2842/2986 4270/2843/2987 4271/2832/2988
f 4269/2842/2986 4271/2832/2988 4272/2837/2986
f 4271/2832/2988 4270/2843/2987 4273/2844/2989
f 4271/2832/2988 4273/2844/2989 4274/2833/2990
f 4274/2833/2990 4273/2844/2989 4275/2845/2991
f 4274/2833/2990 4275/2845/2991 4276/2840/2991
f 4277/2838/2992 4278/2829/2993 4279/2830/2994
f 4277/2838/2992 4279/2830/2994 4280/2841/2992
f 4279/2830/2994 4278/2829/2993 4281/2828/2995
f 4279/2830/2994 4281/2828/2995 4282/2831/2996
f 4282/2831/2996 4281/2828/2995 4283/2835/2997
f 4282/2831/2996 4283/2835/2997 4284/2836/2998
o polySurface282_pasted__lambert2_0
v 0.049547 0.020117 0.463167
v 0.023008 0.070888 0.461851
v 0.018999 0.068578 0.461710
v 0.049547 0.020117 0.463167
v 0.018999 0.068578 0.461710
v 0.015095 0.067652 0.439844
v 0.042235 0.017333 0.439429
v 0.026912 0.074462 0.440259
v 0.023008 0.070888 0.461851
v 0.049547 0.020117 0.463167
v 0.056860 0.025762 0.439943
vn -0.0384 0.0058 0.9992
vn -0.8382 -0.4869 0.2458
vn 0.8270 0.4727 0.3042
vt 0.338577 0.048145
vt 0.340189 0.008270
vt 0.336967 0.008270
vt 0.321500 0.007536
vt 0.321189 0.047350
vt 0.355654 0.007537
vt 0.355965 0.047351
s 0
usemtl pasted__lambert2
f 4285/2846/2999 4286/2847/2999 4287/2848/2999
s 1
f 4288/2846/3000 4289/2848/3000 4290/2849/3000
f 4288/2846/3000 4290/2849/3000 4291/2850/3000
f 4292/2851/3001 4293/2847/3001 4294/2846/3001
f 4292/2851/3001 4294/2846/3001 4295/2852/3001
o polySurface283_pasted__lambert2_0
v -0.219307 0.114294 -0.013988
v -0.222053 0.266156 -0.005014
v -0.223850 0.265259 0.009707
v -0.223053 0.113397 0.000733
v -0.229372 0.113019 0.000432
v -0.230169 0.264849 0.009960
v -0.233917 0.265746 -0.004762
v -0.231170 0.113916 -0.014290
v -0.224553 0.321640 0.000356
v -0.224596 0.321003 0.010820
v -0.229934 0.320716 0.011358
v -0.233226 0.321353 0.000894
v -0.223288 0.064828 -0.004232
v -0.219997 0.065465 -0.014695
v -0.228670 0.065241 -0.015265
v -0.228625 0.064603 -0.004802
v -0.224553 0.321640 0.000356
v -0.222053 0.266156 -0.005014
v -0.233917 0.265746 -0.004762
v -0.233226 0.321353 0.000894
v -0.219307 0.114294 -0.013988
v -0.231170 0.113916 -0.014290
v -0.219997 0.065465 -0.014695
v -0.228670 0.065241 -0.015265
v -0.223288 0.064828 -0.004232
v -0.223053 0.113397 0.000733
v -0.229372 0.113019 0.000432
v -0.228625 0.064603 -0.004802
v -0.223850 0.265259 0.009707
v -0.230169 0.264849 0.009960
v -0.224596 0.321003 0.010820
v -0.229934 0.320716 0.011358
vn 0.9999 0.0121 0.0007
vn 0.9997 0.0244 0.0015
vn -0.9997 -0.0251 -0.0015
vn -0.9999 -0.0118 -0.0007
vn 0.9990 0.0452 0.0028
vn -0.9999 0.0116 0.0007
vn 0.9999 -0.0133 -0.0008
vn -0.9987 -0.0518 -0.0032
vn -0.0017 0.0989 -0.9951
vn -0.0004 0.0696 -0.9976
vn -0.0004 0.0691 -0.9976
vn 0.0004 0.0523 -0.9986
vn 0.0004 0.0518 -0.9987
vn 0.0019 0.0171 -0.9999
vn 0.0019 -0.1044 0.9945
vn 0.0003 -0.0694 0.9976
vn 0.0004 -0.0698 0.9976
vn 0.0019 -0.1036 0.9946
vn -0.0004 -0.0520 0.9986
vn -0.0003 -0.0525 0.9986
vn -0.0017 -0.0226 0.9997
vt 0.726790 0.572661
vt 0.726799 0.457837
vt 0.734974 0.458031
vt 0.735311 0.572358
vt 0.737135 0.572581
vt 0.736796 0.458295
vt 0.745330 0.458207
vt 0.745302 0.572598
vt 0.731506 0.415853
vt 0.736362 0.416192
vt 0.737460 0.416369
vt 0.742931 0.416278
vt 0.736977 0.608953
vt 0.731521 0.609392
vt 0.742961 0.609152
vt 0.738086 0.609064
vt 0.746522 0.415882
vt 0.751318 0.457856
vt 0.751303 0.572668
vt 0.746578 0.609407
s 1
usemtl pasted__lambert2
f 4296/2853/3002 4297/2854/3003 4298/2855/3003
f 4296/2853/3002 4298/2855/3003 4299/2856/3002
f 4300/2857/3004 4301/2858/3005 4302/2859/3005
f 4300/2857/3004 4302/2859/3005 4303/2860/3004
f 4298/2855/3003 4297/2854/3003 4304/2861/3006
f 4298/2855/3003 4304/2861/3006 4305/2862/3006
f 4306/2863/3007 4307/2864/3007 4302/2859/3005
f 4306/2863/3007 4302/2859/3005 4301/2858/3005
f 4308/2865/3008 4309/2866/3008 4296/2853/3002
f 4308/2865/3008 4296/2853/3002 4299/2856/3002
f 4300/2857/3004 4303/2860/3004 4310/2867/3009
f 4300/2857/3004 4310/2867/3009 4311/2868/3009
f 4312/2869/3010 4313/2870/3011 4314/2859/3012
f 4312/2869/3010 4314/2859/3012 4315/2864/3010
f 4314/2859/3012 4313/2870/3011 4316/2871/3013
f 4314/2859/3012 4316/2871/3013 4317/2860/3014
f 4317/2860/3014 4316/2871/3013 4318/2872/3015
f 4317/2860/3014 4318/2872/3015 4319/2867/3015
f 4320/2865/3016 4321/2856/3017 4322/2857/3018
f 4320/2865/3016 4322/2857/3018 4323/2868/3019
f 4322/2857/3018 4321/2856/3017 4324/2855/3020
f 4322/2857/3018 4324/2855/3020 4325/2858/3021
f 4325/2858/3021 4324/2855/3020 4326/2862/3022
f 4325/2858/3021 4326/2862/3022 4327/2863/3022
o polySurface284_pasted__lambert2_0
v 0.097193 0.206582 0.425026
v 0.090953 0.204518 0.440265
v 0.096263 0.199217 0.439942
v 0.099262 0.195914 0.430328
v 0.087071 0.208081 0.431069
v 0.096175 0.188496 0.432133
v 0.096536 0.189878 0.403521
v 0.100268 0.197396 0.403979
v 0.084491 0.199573 0.442450
v 0.091461 0.192616 0.442027
v 0.096643 0.207278 0.404581
v 0.086948 0.210692 0.404790
v 0.079777 0.204864 0.433130
v 0.080197 0.207315 0.404584
vn 0.7059 0.7044 0.0740
vn 0.2103 0.1519 0.9658
vn 0.9070 -0.4041 0.1185
vn -0.3978 0.8960 0.1973
vn 0.9035 -0.3993 0.1559
vn 0.9097 -0.4153 0.0010
vn 0.2104 0.1519 0.9657
vn 0.2104 0.1519 0.9658
vn 0.7071 0.7054 0.0494
vn -0.4166 0.9055 0.0808
vn -0.3906 0.8903 0.2341
vn -0.4147 0.9063 0.0814
vt 0.946756 0.432078
vt 0.949203 0.421696
vt 0.944378 0.421787
vt 0.940154 0.427040
vt 0.953281 0.427174
vt 0.935398 0.423476
vt 0.932334 0.444692
vt 0.938476 0.445658
vt 0.951142 0.416842
vt 0.942693 0.416537
vt 0.946658 0.445923
vt 0.954624 0.445792
vt 0.958152 0.423798
vt 0.960149 0.445037
s 1
usemtl pasted__lambert2
f 4328/2873/3023 4329/2874/3024 4330/2875/3024
f 4328/2873/3023 4330/2875/3024 4331/2876/3025
f 4332/2877/3026 4329/2874/3024 4328/2873/3023
f 4333/2878/3027 4334/2879/3028 4335/2880/3028
f 4333/2878/3027 4335/2880/3028 4331/2876/3025
s 0
f 4336/2881/3029 4337/2882/3029 4330/2875/3029
f 4336/2881/3029 4330/2875/3029 4329/2874/3029
s 1
f 4330/2875/3024 4337/2882/3030 4333/2878/3027
f 4330/2875/3024 4333/2878/3027 4331/2876/3025
f 4335/2880/3028 4338/2883/3031 4328/2873/3023
f 4335/2880/3028 4328/2873/3023 4331/2876/3025
f 4332/2877/3026 4328/2873/3023 4338/2883/3031
f 4332/2877/3026 4338/2883/3031 4339/2884/3032
f 4332/2877/3026 4340/2885/3033 4336/2881/3024
f 4332/2877/3026 4336/2881/3024 4329/2874/3024
f 4339/2884/3032 4341/2886/3034 4340/2885/3033
f 4339/2884/3032 4340/2885/3033 4332/2877/3026
o polySurface285_pasted__lambert2_0
v 0.148149 -0.055854 0.213304
v 0.117282 0.094135 0.314653
v 0.110714 0.093641 0.314099
v 0.141050 -0.056347 0.212751
v 0.117568 0.099997 0.306032
v 0.148457 -0.049992 0.204684
v 0.141358 -0.050485 0.204131
v 0.111000 0.099504 0.305479
v 0.141358 -0.050485 0.204131
v 0.141050 -0.056347 0.212751
v 0.110714 0.093641 0.314099
v 0.111000 0.099504 0.305479
v 0.148149 -0.055854 0.213304
v 0.148457 -0.049992 0.204684
v 0.117568 0.099997 0.306032
v 0.117282 0.094135 0.314653
vn -0.0263 -0.5634 0.8258
vn -0.0261 -0.5633 0.8258
vn 0.0262 0.5634 -0.8258
vn 0.0259 0.5633 -0.8258
vn 0.0261 0.5633 -0.8258
vn 0.0263 0.5634 -0.8258
vn -0.9858 -0.1209 -0.1162
vn -0.9858 -0.1209 -0.1163
vn -0.9858 -0.1210 -0.1162
vn 0.9854 0.1233 0.1178
vn 0.9854 0.1232 0.1178
vn 0.9854 0.1234 0.1176
vt 0.590435 0.448977
vt 0.590300 0.316651
vt 0.585545 0.316371
vt 0.585301 0.448632
vt 0.597816 0.316658
vt 0.597935 0.448921
vt 0.603064 0.448566
vt 0.602570 0.316368
vt 0.577784 0.448632
vt 0.578030 0.316368
s 1
usemtl pasted__lambert2
f 4342/2887/3035 4343/2888/3036 4344/2889/3035
f 4342/2887/3035 4344/2889/3035 4345/2890/3035
f 4346/2891/3037 4347/2892/3038 4348/2893/3039
f 4346/2891/3037 4348/2893/3039 4349/2894/3040
f 4350/2895/3041 4351/2890/3042 4352/2889/3043
f 4350/2895/3041 4352/2889/3043 4353/2896/3043
f 4354/2887/3044 4355/2892/3045 4356/2891/3045
f 4354/2887/3044 4356/2891/3045 4357/2888/3046
o polySurface286_pasted__lambert2_0
v -0.077021 0.223468 0.426054
v -0.077193 0.216032 0.440966
v -0.071041 0.220332 0.441228
v -0.080820 0.213308 0.431388
v -0.066698 0.223177 0.431989
v -0.079046 0.205466 0.433167
v -0.081832 0.214965 0.405050
v -0.079674 0.207742 0.404610
v -0.066402 0.225751 0.405707
v -0.060051 0.218743 0.433976
v -0.059632 0.220775 0.405404
v -0.065511 0.214340 0.443350
v -0.073585 0.208698 0.443006
v -0.076574 0.224076 0.405605
vn -0.5725 0.8159 0.0809
vn -0.1706 0.1852 0.9678
vn -0.9617 -0.2425 0.1280
vn 0.5476 0.8142 0.1928
vn -0.9570 -0.2383 0.1654
vn -0.9673 -0.2535 0.0102
vn -0.9678 -0.2516 0.0109
vn 0.5662 0.8208 0.0763
vn 0.5401 0.8097 0.2295
vn 0.5662 0.8207 0.0763
vn -0.1707 0.1852 0.9678
vn -0.5735 0.8172 0.0562
vt 0.948880 0.237203
vt 0.946500 0.226907
vt 0.951326 0.226818
vt 0.942284 0.232158
vt 0.955418 0.232298
vt 0.937509 0.228589
vt 0.940594 0.250782
vt 0.935072 0.249917
vt 0.956761 0.250913
vt 0.960268 0.228921
vt 0.962907 0.250065
vt 0.953258 0.221962
vt 0.944809 0.221657
vt 0.948767 0.251046
s 1
usemtl pasted__lambert2
f 4358/2897/3047 4359/2898/3048 4360/2899/3048
f 4358/2897/3047 4361/2900/3049 4359/2898/3048
f 4362/2901/3050 4358/2897/3047 4360/2899/3048
f 4363/2902/3051 4361/2900/3049 4364/2903/3052
f 4363/2902/3051 4364/2903/3052 4365/2904/3053
f 4366/2905/3054 4362/2901/3050 4367/2906/3055
f 4366/2905/3054 4367/2906/3055 4368/2907/3056
s 0
f 4369/2908/3057 4360/2899/3057 4359/2898/3057
f 4369/2908/3048 4359/2898/3048 4370/2909/3048
s 1
f 4359/2898/3048 4361/2900/3049 4363/2902/3051
f 4359/2898/3048 4363/2902/3051 4370/2909/3057
f 4364/2903/3052 4361/2900/3049 4358/2897/3047
f 4364/2903/3052 4358/2897/3047 4371/2910/3058
f 4362/2901/3050 4366/2905/3054 4371/2910/3058
f 4362/2901/3050 4371/2910/3058 4358/2897/3047
f 4362/2901/3050 4360/2899/3048 4369/2908/3048
f 4362/2901/3050 4369/2908/3048 4367/2906/3055
o polySurface287_pasted__lambert2_0
v 0.093113 0.139591 0.470446
v 0.038676 0.122541 0.464998
v 0.040259 0.118199 0.464733
v 0.093113 0.139591 0.470446
v 0.040259 0.118199 0.464733
v 0.041802 0.115295 0.442747
v 0.096000 0.133103 0.446483
v 0.037135 0.128094 0.443526
v 0.038676 0.122541 0.464998
v 0.093113 0.139591 0.470446
v 0.090225 0.148942 0.447448
vn -0.0722 -0.0869 0.9936
vn 0.3184 -0.9223 0.2192
vn -0.3393 0.8812 0.3291
vt 0.655361 0.048146
vt 0.656967 0.008271
vt 0.653742 0.008271
vt 0.638279 0.007540
vt 0.637973 0.047354
vt 0.672432 0.007535
vt 0.672749 0.047349
s 0
usemtl pasted__lambert2
f 4372/2911/3059 4373/2912/3059 4374/2913/3059
s 1
f 4375/2911/3060 4376/2913/3060 4377/2914/3060
f 4375/2911/3060 4377/2914/3060 4378/2915/3060
f 4379/2916/3061 4380/2912/3061 4381/2911/3061
f 4379/2916/3061 4381/2911/3061 4382/2917/3061
o polySurface288_pasted__lambert2_0
v 0.031545 0.266810 0.351759
v 0.040516 0.266810 0.351759
v 0.040516 0.270437 0.292222
v 0.031545 0.270437 0.292222
v 0.026873 0.264626 0.281216
v 0.045189 0.264626 0.281216
v 0.050756 0.234314 0.276880
v 0.021306 0.234314 0.276880
v 0.050756 0.229889 0.349510
v 0.050756 0.233516 0.289973
v 0.045189 0.263979 0.291829
v 0.045189 0.260352 0.351366
v 0.021306 0.233667 0.287493
v 0.021306 0.229889 0.349510
v 0.026873 0.260352 0.351366
v 0.026873 0.263979 0.291829
v 0.045189 0.260352 0.351366
v 0.045189 0.263979 0.291829
v 0.040516 0.265428 0.291917
v 0.040516 0.261801 0.351454
v 0.045189 0.264626 0.281216
v 0.026873 0.264626 0.281216
v 0.031545 0.265993 0.282646
v 0.040516 0.265993 0.282646
v 0.026873 0.263979 0.291829
v 0.026873 0.260352 0.351366
v 0.031545 0.261801 0.351454
v 0.031545 0.265428 0.291917
v 0.040516 0.261801 0.351454
v 0.040516 0.265428 0.291917
v 0.040516 0.270437 0.292222
v 0.040516 0.266810 0.351759
v 0.040516 0.265428 0.291917
v 0.031545 0.265428 0.291917
v 0.031545 0.270437 0.292222
v 0.040516 0.270437 0.292222
v 0.031545 0.265428 0.291917
v 0.031545 0.261801 0.351454
v 0.031545 0.266810 0.351759
v 0.031545 0.270437 0.292222
v 0.045189 0.263979 0.291829
v 0.050756 0.233516 0.289973
v 0.050756 0.234314 0.276880
v 0.045189 0.264626 0.281216
v 0.021306 0.233667 0.287493
v 0.026873 0.263979 0.291829
v 0.026873 0.264626 0.281216
v 0.021306 0.234314 0.276880
v 0.026873 0.263979 0.291829
v 0.031545 0.265428 0.291917
v 0.031545 0.265993 0.282646
v 0.026873 0.264626 0.281216
v 0.031545 0.265428 0.291917
v 0.040516 0.265428 0.291917
v 0.040516 0.265993 0.282646
v 0.031545 0.265993 0.282646
v 0.040516 0.265428 0.291917
v 0.045189 0.263979 0.291829
v 0.045189 0.264626 0.281216
v 0.040516 0.265993 0.282646
vn -0.0000 0.9981 0.0608
vn -0.0000 0.1416 -0.9899
vn 0.9838 0.1791 0.0109
vn -0.9838 0.1791 0.0109
vn 0.2966 0.9532 0.0581
vn -0.0000 0.7229 -0.6910
vn -0.2966 0.9532 0.0581
vn 1.0000 -0.0000 -0.0000
vn -0.0000 0.0608 -0.9981
vn -1.0000 -0.0000 -0.0000
vt 0.707695 0.609848
vt 0.715381 0.610092
vt 0.715328 0.564134
vt 0.708816 0.564480
vt 0.702070 0.529736
vt 0.714840 0.529978
vt 0.719125 0.508702
vt 0.698592 0.508313
vt 0.602936 0.677899
vt 0.603264 0.636306
vt 0.581632 0.636135
vt 0.581304 0.677728
vt 0.578002 0.696802
vt 0.578101 0.740130
vt 0.599735 0.740080
vt 0.599640 0.698486
vt 0.578220 0.636109
vt 0.577892 0.677701
vt 0.705301 0.531177
vt 0.711556 0.531295
vt 0.603147 0.740073
vt 0.603052 0.698478
vt 0.719469 0.610029
vt 0.718274 0.561789
vt 0.706141 0.561801
vt 0.703421 0.609530
vt 0.603336 0.627159
vt 0.581690 0.628721
vt 0.599623 0.691071
vt 0.577985 0.689388
vt 0.603037 0.692001
vt 0.705179 0.537653
vt 0.711434 0.537771
vt 0.578271 0.629632
s 0
usemtl pasted__lambert2
f 4383/2918/3062 4384/2919/3062 4385/2920/3062
f 4383/2918/3062 4385/2920/3062 4386/2921/3062
f 4387/2922/3063 4388/2923/3063 4389/2924/3063
f 4387/2922/3063 4389/2924/3063 4390/2925/3063
f 4391/2926/3064 4392/2927/3064 4393/2928/3064
f 4391/2926/3064 4393/2928/3064 4394/2929/3064
f 4395/2930/3065 4396/2931/3065 4397/2932/3065
f 4395/2930/3065 4397/2932/3065 4398/2933/3065
f 4399/2929/3066 4400/2928/3066 4401/2934/3066
f 4399/2929/3066 4401/2934/3066 4402/2935/3066
s 1
f 4403/2923/3067 4404/2922/3067 4405/2936/3067
s 0
f 4403/2923/3067 4405/2936/3067 4406/2937/3067
f 4407/2933/3068 4408/2932/3068 4409/2938/3068
f 4407/2933/3068 4409/2938/3068 4410/2939/3068
f 4411/2940/3069 4412/2941/3069 4413/2920/3069
f 4411/2940/3069 4413/2920/3069 4414/2919/3069
f 4415/2941/3070 4416/2942/3070 4417/2921/3070
f 4415/2941/3070 4417/2921/3070 4418/2920/3070
f 4419/2942/3071 4420/2943/3071 4421/2918/3071
f 4419/2942/3071 4421/2918/3071 4422/2921/3071
f 4423/2928/3064 4424/2927/3064 4425/2944/3064
f 4423/2928/3064 4425/2944/3064 4426/2945/3064
f 4427/2930/3065 4428/2933/3065 4429/2946/3065
f 4427/2930/3065 4429/2946/3065 4430/2947/3065
f 4431/2933/3068 4432/2939/3068 4433/2948/3068
f 4431/2933/3068 4433/2948/3068 4434/2946/3068
f 4435/2949/3062 4436/2950/3062 4437/2937/3062
f 4435/2949/3062 4437/2937/3062 4438/2936/3062
f 4439/2934/3066 4440/2928/3066 4441/2945/3066
f 4439/2934/3066 4441/2945/3066 4442/2951/3066
o polySurface289_pasted__lambert2_0
v 0.132233 0.212112 -0.509852
v 0.133961 0.213779 -0.510393
v 0.002305 0.370610 -0.447504
v 0.000577 0.368942 -0.446964
vn 0.3597 -0.0711 0.9303
vt 0.204508 0.277898
vt 0.202657 0.277993
vt 0.200389 0.427770
vt 0.202240 0.427674
s 0
usemtl pasted__lambert2
f 4443/2952/3072 4444/2953/3072 4445/2954/3072
f 4443/2952/3072 4445/2954/3072 4446/2955/3072
o polySurface290_pasted__lambert2_0
v -0.093100 0.071941 0.466324
v -0.038663 0.089527 0.462986
v -0.040246 0.093869 0.463251
v -0.093100 0.071941 0.466324
v -0.040246 0.093869 0.463251
v -0.041789 0.099421 0.441779
v -0.095988 0.081291 0.443326
v -0.037122 0.086622 0.441000
v -0.038663 0.089527 0.462986
v -0.093100 0.071941 0.466324
v -0.090212 0.065452 0.442361
vn 0.0722 -0.0344 0.9968
vn -0.3184 0.8888 0.3296
vn 0.3393 -0.9147 0.2197
vt 0.259583 0.048146
vt 0.261190 0.008270
vt 0.257966 0.008273
vt 0.242501 0.007538
vt 0.242195 0.047354
vt 0.276655 0.007534
vt 0.276971 0.047350
s 0
usemtl pasted__lambert2
f 4447/2956/3073 4448/2957/3073 4449/2958/3073
s 1
f 4450/2956/3074 4451/2958/3074 4452/2959/3074
f 4450/2956/3074 4452/2959/3074 4453/2960/3074
f 4454/2961/3075 4455/2957/3075 4456/2956/3075
f 4454/2961/3075 4456/2956/3075 4457/2962/3075
o polySurface291_pasted__lambert2_0
v 0.219319 0.103901 0.156586
v 0.223066 0.103004 0.171308
v 0.223863 0.254867 0.180283
v 0.222066 0.255764 0.165560
v 0.229385 0.102627 0.171007
v 0.231182 0.103524 0.156285
v 0.233929 0.255354 0.165813
v 0.230182 0.254457 0.180535
v 0.224609 0.310610 0.181395
v 0.224565 0.311248 0.170931
v 0.229947 0.310323 0.181933
v 0.233238 0.310961 0.171469
v 0.223301 0.054436 0.166343
v 0.220010 0.055073 0.155880
v 0.228637 0.054211 0.165773
v 0.228682 0.054848 0.155310
v 0.224565 0.311248 0.170931
v 0.233238 0.310961 0.171469
v 0.233929 0.255354 0.165813
v 0.222066 0.255764 0.165560
v 0.231182 0.103524 0.156285
v 0.219319 0.103901 0.156586
v 0.228682 0.054848 0.155310
v 0.220010 0.055073 0.155880
v 0.223301 0.054436 0.166343
v 0.228637 0.054211 0.165773
v 0.229385 0.102627 0.171007
v 0.223066 0.103004 0.171308
v 0.230182 0.254457 0.180535
v 0.223863 0.254867 0.180283
v 0.229947 0.310323 0.181933
v 0.224609 0.310610 0.181395
vn -0.9999 0.0121 0.0007
vn -0.9997 0.0244 0.0015
vn 0.9997 -0.0251 -0.0015
vn 0.9999 -0.0118 -0.0007
vn -0.9990 0.0452 0.0028
vn -0.9990 0.0452 0.0027
vn 0.9999 0.0116 0.0007
vn -0.9999 -0.0133 -0.0008
vn 0.9987 -0.0518 -0.0032
vn 0.0017 0.0989 -0.9951
vn 0.0004 0.0691 -0.9976
vn 0.0004 0.0696 -0.9976
vn -0.0004 0.0518 -0.9987
vn -0.0004 0.0523 -0.9986
vn -0.0019 0.0171 -0.9999
vn -0.0019 -0.1044 0.9945
vn -0.0004 -0.0698 0.9976
vn -0.0003 -0.0694 0.9976
vn 0.0004 -0.0525 0.9986
vn 0.0004 -0.0521 0.9986
vn 0.0017 -0.0226 0.9997
vt 0.726790 0.572661
vt 0.735311 0.572358
vt 0.734974 0.458031
vt 0.726799 0.457837
vt 0.737135 0.572581
vt 0.745302 0.572598
vt 0.745330 0.458207
vt 0.736796 0.458295
vt 0.736362 0.416192
vt 0.731506 0.415853
vt 0.737460 0.416369
vt 0.742931 0.416278
vt 0.736977 0.608953
vt 0.731521 0.609392
vt 0.738086 0.609064
vt 0.742961 0.609152
vt 0.746522 0.415882
vt 0.751318 0.457856
vt 0.751303 0.572668
vt 0.746578 0.609407
s 1
usemtl pasted__lambert2
f 4458/2963/3076 4459/2964/3076 4460/2965/3077
f 4458/2963/3076 4460/2965/3077 4461/2966/3077
f 4462/2967/3078 4463/2968/3078 4464/2969/3079
f 4462/2967/3078 4464/2969/3079 4465/2970/3079
f 4460/2965/3077 4466/2971/3080 4467/2972/3081
f 4460/2965/3077 4467/2972/3081 4461/2966/3077
f 4468/2973/3082 4465/2970/3079 4464/2969/3079
f 4468/2973/3082 4464/2969/3079 4469/2974/3082
f 4470/2975/3083 4459/2964/3076 4458/2963/3076
f 4470/2975/3083 4458/2963/3076 4471/2976/3083
f 4462/2967/3078 4472/2977/3084 4473/2978/3084
f 4462/2967/3078 4473/2978/3084 4463/2968/3078
f 4474/2979/3085 4475/2974/3085 4476/2969/3086
f 4474/2979/3085 4476/2969/3086 4477/2980/3087
f 4476/2969/3086 4478/2968/3088 4479/2981/3089
f 4476/2969/3086 4479/2981/3089 4477/2980/3087
f 4478/2968/3088 4480/2978/3090 4481/2982/3090
f 4478/2968/3088 4481/2982/3090 4479/2981/3089
f 4482/2975/3091 4483/2977/3091 4484/2967/3092
f 4482/2975/3091 4484/2967/3092 4485/2964/3093
f 4484/2967/3092 4486/2970/3094 4487/2965/3095
f 4484/2967/3092 4487/2965/3095 4485/2964/3093
f 4486/2970/3094 4488/2973/3096 4489/2971/3096
f 4486/2970/3094 4489/2971/3096 4487/2965/3095
o polySurface292_pasted__lambert2_0
v 0.090455 0.225335 -0.603854
v 0.277312 0.224745 -0.594540
v 0.276627 0.215949 -0.597401
v 0.092241 0.216380 -0.604401
v 0.265006 0.206069 -0.422289
v 0.283389 0.207861 -0.442312
v 0.276755 0.213413 -0.442968
v 0.258618 0.210769 -0.429457
v 0.002167 0.207752 -0.454691
v 0.009657 0.204867 -0.406655
v 0.009614 0.209578 -0.413823
v 0.002126 0.213611 -0.454331
v 0.009614 0.209578 -0.413823
v 0.009657 0.204867 -0.406655
v 0.049443 0.223900 -0.547733
v 0.050419 0.210724 -0.548538
v 0.286410 0.213384 -0.589042
v 0.280840 0.226312 -0.585928
v 0.280840 0.226312 -0.585928
v 0.049443 0.223900 -0.547733
v 0.002126 0.213611 -0.454331
v 0.283389 0.207861 -0.442312
v 0.265006 0.206069 -0.422289
v 0.009657 0.204867 -0.406655
v 0.002167 0.207752 -0.454691
v 0.286410 0.213384 -0.589042
v 0.050419 0.210724 -0.548538
v 0.276627 0.215949 -0.597401
v 0.092241 0.216380 -0.604401
v 0.277312 0.224745 -0.594540
v 0.276627 0.215949 -0.597401
v 0.277312 0.224745 -0.594540
v 0.090455 0.225335 -0.603854
v 0.090455 0.225335 -0.603854
v 0.092241 0.216380 -0.604401
vn 0.0436 0.1909 -0.9806
vn 0.0436 0.1910 -0.9806
vn 0.0709 0.8419 0.5350
vn 0.8066 0.5828 0.0984
vn 0.0464 0.9935 0.1036
vn 0.0107 0.9761 0.2169
vn -0.9357 0.0029 -0.3527
vn -0.9792 0.1042 0.1738
vn -0.9793 0.1042 0.1738
vn -0.9347 0.0023 -0.3554
vn 0.0062 0.9750 0.2220
vn 0.0294 0.8416 0.5393
vn -0.8549 -0.0384 -0.5173
vn -0.8530 -0.0394 -0.5204
vn 0.8426 0.5383 0.0148
vn 0.8420 0.5391 0.0191
vn -0.0001 0.9968 0.0798
vn 0.0004 0.9959 0.0905
vn 0.0005 0.9947 0.1032
vn 0.0033 -0.9992 -0.0394
vn 0.0020 -0.9977 -0.0682
vn 0.0031 -0.9991 -0.0434
vn 0.0024 -0.9989 -0.0461
vn 0.0029 -0.9992 -0.0410
vn -0.0051 -0.9916 -0.1294
vn 0.7530 0.3264 -0.5714
vn -0.0047 1.0000 -0.0047
vn -0.8004 -0.0634 -0.5961
vt 0.443546 0.190319
vt 0.447706 0.062789
vt 0.441571 0.061699
vt 0.437502 0.191032
vt 0.569674 0.065134
vt 0.554558 0.051283
vt 0.553840 0.057443
vt 0.563792 0.069929
vt 0.548535 0.255099
vt 0.583279 0.247110
vt 0.577263 0.246032
vt 0.549133 0.250978
vt 0.483232 0.219892
vt 0.478054 0.227652
vt 0.449190 0.051251
vt 0.453636 0.060479
vt 0.621700 0.052252
vt 0.607424 0.064781
vt 0.592848 0.242555
vt 0.626285 0.248464
vt 0.724100 0.052251
vt 0.692431 0.216175
vt 0.730027 0.059218
vt 0.732189 0.187851
s 1
usemtl pasted__lambert2
f 4490/2983/3097 4491/2984/3098 4492/2985/3097
f 4490/2983/3097 4492/2985/3097 4493/2986/3098
f 4494/2987/3099 4495/2988/3100 4496/2989/3101
f 4494/2987/3099 4496/2989/3101 4497/2990/3102
f 4498/2991/3103 4499/2992/3104 4500/2993/3105
f 4498/2991/3103 4500/2993/3105 4501/2994/3106
f 4494/2987/3099 4497/2990/3102 4502/2993/3107
f 4494/2987/3099 4502/2993/3107 4503/2992/3108
f 4504/2995/3109 4505/2996/3110 4498/2991/3103
f 4504/2995/3109 4498/2991/3103 4501/2994/3106
f 4506/2997/3111 4507/2998/3112 4496/2989/3101
f 4506/2997/3111 4496/2989/3101 4495/2988/3100
f 4496/2989/3101 4508/2998/3113 4509/2995/3114
f 4496/2989/3101 4509/2995/3114 4510/2994/3115
f 4497/2990/3102 4496/2989/3101 4510/2994/3115
f 4497/2990/3102 4510/2994/3115 4502/2993/3107
f 4511/2999/3116 4512/3000/3117 4513/3001/3117
f 4511/2999/3116 4513/3001/3117 4514/3002/3118
f 4515/3003/3119 4511/2999/3116 4514/3002/3118
f 4515/3003/3119 4514/3002/3118 4516/3004/3120
f 4517/3005/3121 4515/3003/3119 4516/3004/3120
f 4517/3005/3121 4516/3004/3120 4518/3006/3121
f 4519/2984/3122 4507/2998/3112 4506/2997/3111
f 4519/2984/3122 4506/2997/3111 4520/2985/3122
f 4508/2998/3113 4521/2984/3123 4522/2983/3123
f 4508/2998/3113 4522/2983/3123 4509/2995/3114
f 4523/2983/3124 4524/2986/3124 4505/2996/3110
f 4523/2983/3124 4505/2996/3110 4504/2995/3109
o polySurface293_pasted__lambert2_0
v -0.093100 0.139591 0.470446
v -0.040246 0.118199 0.464733
v -0.038663 0.122541 0.464998
v -0.093100 0.139591 0.470446
v -0.038663 0.122541 0.464998
v -0.037122 0.128094 0.443526
v -0.090212 0.148942 0.447448
v -0.041789 0.115295 0.442747
v -0.040246 0.118199 0.464733
v -0.093100 0.139591 0.470446
v -0.095988 0.133103 0.446483
vn 0.0722 -0.0869 0.9936
vn 0.3393 0.8812 0.3291
vn -0.3184 -0.9223 0.2192
vt 0.221304 0.048145
vt 0.222917 0.008270
vt 0.219693 0.008269
vt 0.204229 0.007536
vt 0.203916 0.047351
vt 0.238382 0.007536
vt 0.238693 0.047351
s 0
usemtl pasted__lambert2
f 4525/3007/3125 4526/3008/3125 4527/3009/3125
s 1
f 4528/3007/3126 4529/3009/3126 4530/3010/3126
f 4528/3007/3126 4530/3010/3126 4531/3011/3126
f 4532/3012/3127 4533/3008/3127 4534/3007/3127
f 4532/3012/3127 4534/3007/3127 4535/3013/3127
o polySurface294_pasted__lambert2_0
v 0.099088 0.105766 0.468385
v 0.042000 0.108344 0.464133
v 0.042000 0.103724 0.463851
v 0.099088 0.105766 0.468385
v 0.042000 0.103724 0.463851
v 0.042000 0.100547 0.441848
v 0.099088 0.098769 0.444391
v 0.042000 0.114167 0.442678
v 0.042000 0.108344 0.464133
v 0.099088 0.105766 0.468385
v 0.099088 0.115625 0.445418
vn -0.0769 -0.0606 0.9952
vn -0.0111 -0.9763 0.2160
vn -0.0111 0.9429 0.3329
vt 0.536464 0.048166
vt 0.538180 0.008296
vt 0.534958 0.008283
vt 0.519494 0.007514
vt 0.519078 0.047326
vt 0.553647 0.007603
vt 0.553854 0.047418
s 0
usemtl pasted__lambert2
f 4536/3014/3128 4537/3015/3128 4538/3016/3128
s 1
f 4539/3014/3129 4540/3016/3129 4541/3017/3129
f 4539/3014/3129 4541/3017/3129 4542/3018/3129
f 4543/3019/3130 4544/3015/3130 4545/3014/3130
f 4543/3019/3130 4545/3014/3130 4546/3020/3130
o polySurface295_pasted__lambert2_0
v -0.472457 0.077854 0.159754
v -0.223319 0.310414 0.169838
v -0.224999 0.312208 0.169947
v -0.474137 0.079648 0.159864
v -0.472457 0.077854 0.159754
v -0.474137 0.079648 0.159864
v -0.224999 0.312208 0.169947
v -0.223319 0.310414 0.169838
vn -0.0000 -0.0608 0.9982
vn -0.0000 0.0608 -0.9982
vt 0.481617 0.003868
vt 0.243863 0.003837
vt 0.243863 0.001983
vt 0.481618 0.002014
vt 0.240801 0.004325
vt 0.240802 0.002471
vt 0.003053 0.002440
vt 0.003052 0.004294
s 1
usemtl pasted__lambert2
f 4547/3021/3131 4548/3022/3131 4549/3023/3131
f 4547/3021/3131 4549/3023/3131 4550/3024/3131
f 4551/3025/3132 4552/3026/3132 4553/3027/3132
f 4551/3025/3132 4553/3027/3132 4554/3028/3132
o polySurface296_pasted__lambert2_0
v -0.220892 0.060493 0.159083
v -0.485109 0.341655 0.167192
v -0.486874 0.339943 0.167087
v -0.222656 0.058781 0.158979
vn -0.0000 -0.0608 0.9981
vt 0.756845 0.004489
vt 0.487763 0.004474
vt 0.487792 0.002620
vt 0.756874 0.002635
s 1
usemtl pasted__lambert2
f 4555/3029/3133 4556/3030/3133 4557/3031/3133
f 4555/3029/3133 4557/3031/3133 4558/3032/3133
o polySurface297_pasted__lambert2_0
v -0.472416 0.087967 -0.003391
v -0.235753 0.318791 0.010672
v -0.237392 0.320622 0.010784
v -0.474056 0.089798 -0.003279
vn -0.0000 -0.0608 0.9981
vt 0.211736 0.601751
vt 0.211727 0.830352
vt 0.209873 0.830351
vt 0.209882 0.601750
s 0
usemtl pasted__lambert2
f 4559/3033/3134 4560/3034/3134 4561/3035/3134
f 4559/3033/3134 4561/3035/3134 4562/3036/3134
o polySurface298_pasted__lambert2_0
v 0.472470 0.077854 0.159754
v 0.474150 0.079648 0.159864
v 0.225012 0.312208 0.169947
v 0.223332 0.310414 0.169838
v 0.472470 0.077854 0.159754
v 0.223332 0.310414 0.169838
v 0.225012 0.312208 0.169947
v 0.474150 0.079648 0.159864
vn -0.0000 -0.0608 0.9982
vn -0.0000 0.0608 -0.9982
vt 0.481617 0.003868
vt 0.481618 0.002014
vt 0.243863 0.001983
vt 0.243863 0.003837
vt 0.240801 0.004325
vt 0.003052 0.004294
vt 0.003053 0.002440
vt 0.240802 0.002471
s 1
usemtl pasted__lambert2
f 4563/3037/3135 4564/3038/3135 4565/3039/3135
f 4563/3037/3135 4565/3039/3135 4566/3040/3135
f 4567/3041/3136 4568/3042/3136 4569/3043/3136
f 4567/3041/3136 4569/3043/3136 4570/3044/3136
o polySurface299_pasted__lambert2_0
v -0.470605 0.129738 0.158160
v -0.477228 0.281482 0.167127
v -0.479024 0.280538 0.181847
v -0.474351 0.128748 0.172876
v -0.480658 0.128208 0.172565
v -0.485331 0.279969 0.182089
v -0.489077 0.280771 0.167361
v -0.482454 0.129059 0.157841
v -0.481146 0.336885 0.172493
v -0.481190 0.336245 0.182957
v -0.486519 0.335823 0.183487
v -0.489809 0.336376 0.173018
v -0.473342 0.080188 0.167912
v -0.470053 0.080909 0.157454
v -0.478716 0.080462 0.156870
v -0.478671 0.079826 0.167334
v -0.481146 0.336885 0.172493
v -0.477228 0.281482 0.167127
v -0.489077 0.280771 0.167361
v -0.489809 0.336376 0.173018
v -0.470605 0.129738 0.158160
v -0.482454 0.129059 0.157841
v -0.470053 0.080909 0.157454
v -0.478716 0.080462 0.156870
v -0.473342 0.080188 0.167912
v -0.474351 0.128748 0.172876
v -0.480658 0.128208 0.172565
v -0.478671 0.079826 0.167334
v -0.479024 0.280538 0.181847
v -0.485331 0.279969 0.182089
v -0.481190 0.336245 0.182957
v -0.486519 0.335823 0.183487
vn 0.9993 0.0375 0.0023
vn 0.9988 0.0498 0.0030
vn 0.9993 0.0376 0.0023
vn -0.9987 -0.0505 -0.0031
vn -0.9993 -0.0372 -0.0023
vn -0.9993 -0.0372 -0.0022
vn 0.9975 0.0706 0.0043
vn -0.9999 -0.0138 -0.0008
vn 0.9999 0.0121 0.0008
vn 0.9999 0.0121 0.0007
vn -0.9970 -0.0772 -0.0047
vn -0.0026 0.0988 -0.9951
vn -0.0006 0.0696 -0.9976
vn -0.0006 0.0691 -0.9976
vn -0.0026 0.0989 -0.9951
vn 0.0006 0.0523 -0.9986
vn 0.0006 0.0518 -0.9987
vn 0.0030 0.0171 -0.9998
vn 0.0030 -0.1044 0.9945
vn 0.0006 -0.0694 0.9976
vn 0.0006 -0.0698 0.9976
vn 0.0030 -0.1035 0.9946
vn -0.0006 -0.0521 0.9986
vn -0.0006 -0.0525 0.9986
vn -0.0026 -0.0227 0.9997
vt 0.726790 0.572661
vt 0.726799 0.457837
vt 0.734974 0.458031
vt 0.735311 0.572358
vt 0.737135 0.572581
vt 0.736796 0.458295
vt 0.745330 0.458207
vt 0.745302 0.572598
vt 0.731506 0.415853
vt 0.736362 0.416192
vt 0.737460 0.416369
vt 0.742931 0.416278
vt 0.736977 0.608953
vt 0.731521 0.609392
vt 0.742961 0.609152
vt 0.738086 0.609064
vt 0.746522 0.415882
vt 0.751318 0.457856
vt 0.751303 0.572668
vt 0.746578 0.609407
s 1
usemtl pasted__lambert2
f 4571/3045/3137 4572/3046/3138 4573/3047/3138
f 4571/3045/3137 4573/3047/3138 4574/3048/3139
f 4575/3049/3140 4576/3050/3141 4577/3051/3142
f 4575/3049/3140 4577/3051/3142 4578/3052/3140
f 4573/3047/3138 4572/3046/3138 4579/3053/3143
f 4573/3047/3138 4579/3053/3143 4580/3054/3143
f 4581/3055/3144 4582/3056/3144 4577/3051/3142
f 4581/3055/3144 4577/3051/3142 4576/3050/3141
f 4583/3057/3145 4584/3058/3146 4571/3045/3137
f 4583/3057/3145 4571/3045/3137 4574/3048/3139
f 4575/3049/3140 4578/3052/3140 4585/3059/3147
f 4575/3049/3140 4585/3059/3147 4586/3060/3147
f 4587/3061/3148 4588/3062/3149 4589/3051/3150
f 4587/3061/3148 4589/3051/3150 4590/3056/3151
f 4589/3051/3150 4588/3062/3149 4591/3063/3152
f 4589/3051/3150 4591/3063/3152 4592/3052/3153
f 4592/3052/3153 4591/3063/3152 4593/3064/3154
f 4592/3052/3153 4593/3064/3154 4594/3059/3154
f 4595/3057/3155 4596/3048/3156 4597/3049/3157
f 4595/3057/3155 4597/3049/3157 4598/3060/3158
f 4597/3049/3157 4596/3048/3156 4599/3047/3159
f 4597/3049/3157 4599/3047/3159 4600/3050/3160
f 4600/3050/3160 4599/3047/3159 4601/3054/3161
f 4600/3050/3160 4601/3054/3161 4602/3055/3161
o polySurface300_pasted__lambert2_0
v -0.220908 0.070526 -0.004068
v -0.480724 0.344213 0.012606
v -0.482470 0.342482 0.012501
v -0.222654 0.068795 -0.004174
vn -0.0000 -0.0608 0.9981
vt 0.214363 0.864474
vt 0.214342 0.601059
vt 0.216196 0.601099
vt 0.216218 0.864514
s 0
usemtl pasted__lambert2
f 4603/3065/3162 4604/3066/3162 4605/3067/3162
f 4603/3065/3162 4605/3067/3162 4606/3068/3162
o polySurface301_pasted__lambert2_0
v 0.470618 0.139510 -0.002228
v 0.474364 0.138519 0.012488
v 0.479037 0.290310 0.021459
v 0.477240 0.291253 0.006739
v 0.480670 0.137980 0.012177
v 0.482467 0.138830 -0.002547
v 0.489090 0.290543 0.006974
v 0.485344 0.289740 0.021701
v 0.481202 0.346017 0.022569
v 0.481159 0.346657 0.012105
v 0.486532 0.345595 0.023099
v 0.489822 0.346148 0.012630
v 0.473355 0.089960 0.007524
v 0.470065 0.090680 -0.002934
v 0.478684 0.089598 0.006946
v 0.478728 0.090234 -0.003517
v 0.481159 0.346657 0.012105
v 0.489822 0.346148 0.012630
v 0.489090 0.290543 0.006974
v 0.477240 0.291253 0.006739
v 0.482467 0.138830 -0.002547
v 0.470618 0.139510 -0.002228
v 0.478728 0.090234 -0.003517
v 0.470065 0.090680 -0.002934
v 0.473355 0.089960 0.007524
v 0.478684 0.089598 0.006946
v 0.480670 0.137980 0.012177
v 0.474364 0.138519 0.012488
v 0.485344 0.289740 0.021701
v 0.479037 0.290310 0.021459
v 0.486532 0.345595 0.023099
v 0.481202 0.346017 0.022569
vn -0.9993 0.0375 0.0023
vn -0.9988 0.0498 0.0030
vn -0.9988 0.0498 0.0031
vn 0.9987 -0.0505 -0.0031
vn 0.9993 -0.0372 -0.0022
vn 0.9993 -0.0372 -0.0023
vn -0.9975 0.0706 0.0043
vn 0.9999 -0.0139 -0.0008
vn 0.9999 -0.0138 -0.0008
vn -0.9999 0.0121 0.0008
vn -0.9999 0.0122 0.0007
vn 0.9970 -0.0772 -0.0047
vn 0.0026 0.0989 -0.9951
vn 0.0006 0.0691 -0.9976
vn 0.0006 0.0696 -0.9976
vn -0.0006 0.0518 -0.9987
vn -0.0006 0.0523 -0.9986
vn -0.0030 0.0171 -0.9998
vn -0.0030 -0.1044 0.9945
vn -0.0006 -0.0698 0.9976
vn -0.0006 -0.0694 0.9976
vn 0.0006 -0.0525 0.9986
vn 0.0006 -0.0521 0.9986
vn 0.0026 -0.0227 0.9997
vt 0.726790 0.572661
vt 0.735311 0.572358
vt 0.734974 0.458031
vt 0.726799 0.457837
vt 0.737135 0.572581
vt 0.745302 0.572598
vt 0.745330 0.458207
vt 0.736796 0.458295
vt 0.736362 0.416192
vt 0.731506 0.415853
vt 0.737460 0.416369
vt 0.742931 0.416278
vt 0.736977 0.608953
vt 0.731521 0.609392
vt 0.738086 0.609064
vt 0.742961 0.609152
vt 0.746522 0.415882
vt 0.751318 0.457856
vt 0.751303 0.572668
vt 0.746578 0.609407
s 1
usemtl pasted__lambert2
f 4607/3069/3163 4608/3070/3163 4609/3071/3164
f 4607/3069/3163 4609/3071/3164 4610/3072/3165
f 4611/3073/3166 4612/3074/3166 4613/3075/3167
f 4611/3073/3166 4613/3075/3167 4614/3076/3168
f 4609/3071/3164 4615/3077/3169 4616/3078/3169
f 4609/3071/3164 4616/3078/3169 4610/3072/3165
f 4617/3079/3170 4614/3076/3168 4613/3075/3167
f 4617/3079/3170 4613/3075/3167 4618/3080/3171
f 4619/3081/3172 4608/3070/3163 4607/3069/3163
f 4619/3081/3172 4607/3069/3163 4620/3082/3173
f 4611/3073/3166 4621/3083/3174 4622/3084/3174
f 4611/3073/3166 4622/3084/3174 4612/3074/3166
f 4623/3085/3175 4624/3080/3175 4625/3075/3176
f 4623/3085/3175 4625/3075/3176 4626/3086/3177
f 4625/3075/3176 4627/3074/3178 4628/3087/3179
f 4625/3075/3176 4628/3087/3179 4626/3086/3177
f 4627/3074/3178 4629/3084/3180 4630/3088/3180
f 4627/3074/3178 4630/3088/3180 4628/3087/3179
f 4631/3081/3181 4632/3083/3181 4633/3073/3182
f 4631/3081/3181 4633/3073/3182 4634/3070/3183
f 4633/3073/3182 4635/3076/3184 4636/3071/3185
f 4633/3073/3182 4636/3071/3185 4634/3070/3183
f 4635/3076/3184 4637/3079/3186 4638/3077/3186
f 4635/3076/3184 4638/3077/3186 4636/3071/3185
o polySurface302_pasted__lambert2_0
v -0.470605 0.139510 -0.002228
v -0.477228 0.291253 0.006739
v -0.479024 0.290310 0.021459
v -0.474351 0.138519 0.012488
v -0.480658 0.137980 0.012177
v -0.485331 0.289740 0.021701
v -0.489077 0.290543 0.006974
v -0.482454 0.138830 -0.002547
v -0.481146 0.346657 0.012105
v -0.481190 0.346017 0.022569
v -0.486519 0.345595 0.023099
v -0.489809 0.346148 0.012630
v -0.473342 0.089960 0.007524
v -0.470053 0.090680 -0.002934
v -0.478716 0.090234 -0.003517
v -0.478671 0.089598 0.006946
v -0.481146 0.346657 0.012105
v -0.477228 0.291253 0.006739
v -0.489077 0.290543 0.006974
v -0.489809 0.346148 0.012630
v -0.470605 0.139510 -0.002228
v -0.482454 0.138830 -0.002547
v -0.470053 0.090680 -0.002934
v -0.478716 0.090234 -0.003517
v -0.473342 0.089960 0.007524
v -0.474351 0.138519 0.012488
v -0.480658 0.137980 0.012177
v -0.478671 0.089598 0.006946
v -0.479024 0.290310 0.021459
v -0.485331 0.289740 0.021701
v -0.481190 0.346017 0.022569
v -0.486519 0.345595 0.023099
vn 0.9993 0.0375 0.0023
vn 0.9988 0.0498 0.0030
vn 0.9993 0.0376 0.0023
vn -0.9987 -0.0505 -0.0031
vn -0.9993 -0.0372 -0.0023
vn 0.9975 0.0706 0.0043
vn -0.9999 -0.0138 -0.0008
vn 0.9999 0.0121 0.0008
vn 0.9999 0.0121 0.0007
vn -0.9970 -0.0772 -0.0047
vn -0.0026 0.0989 -0.9951
vn -0.0006 0.0696 -0.9976
vn -0.0006 0.0691 -0.9976
vn 0.0006 0.0523 -0.9986
vn 0.0006 0.0518 -0.9987
vn 0.0030 0.0171 -0.9998
vn 0.0030 -0.1044 0.9945
vn 0.0006 -0.0694 0.9976
vn 0.0006 -0.0698 0.9976
vn 0.0029 -0.1035 0.9946
vn -0.0006 -0.0521 0.9986
vn -0.0006 -0.0525 0.9986
vn -0.0026 -0.0227 0.9997
vt 0.726790 0.572661
vt 0.726799 0.457837
vt 0.734974 0.458031
vt 0.735311 0.572358
vt 0.737135 0.572581
vt 0.736796 0.458295
vt 0.745330 0.458207
vt 0.745302 0.572598
vt 0.731506 0.415853
vt 0.736362 0.416192
vt 0.737460 0.416369
vt 0.742931 0.416278
vt 0.736977 0.608953
vt 0.731521 0.609392
vt 0.742961 0.609152
vt 0.738086 0.609064
vt 0.746522 0.415882
vt 0.751318 0.457856
vt 0.751303 0.572668
vt 0.746578 0.609407
s 1
usemtl pasted__lambert2
f 4639/3089/3187 4640/3090/3188 4641/3091/3188
f 4639/3089/3187 4641/3091/3188 4642/3092/3189
f 4643/3093/3190 4644/3094/3191 4645/3095/3191
f 4643/3093/3190 4645/3095/3191 4646/3096/3190
f 4641/3091/3188 4640/3090/3188 4647/3097/3192
f 4641/3091/3188 4647/3097/3192 4648/3098/3192
f 4649/3099/3193 4650/3100/3193 4645/3095/3191
f 4649/3099/3193 4645/3095/3191 4644/3094/3191
f 4651/3101/3194 4652/3102/3195 4639/3089/3187
f 4651/3101/3194 4639/3089/3187 4642/3092/3189
f 4643/3093/3190 4646/3096/3190 4653/3103/3196
f 4643/3093/3190 4653/3103/3196 4654/3104/3196
f 4655/3105/3197 4656/3106/3198 4657/3095/3199
f 4655/3105/3197 4657/3095/3199 4658/3100/3197
f 4657/3095/3199 4656/3106/3198 4659/3107/3200
f 4657/3095/3199 4659/3107/3200 4660/3096/3201
f 4660/3096/3201 4659/3107/3200 4661/3108/3202
f 4660/3096/3201 4661/3108/3202 4662/3103/3202
f 4663/3101/3203 4664/3092/3204 4665/3093/3205
f 4663/3101/3203 4665/3093/3205 4666/3104/3206
f 4665/3093/3205 4664/3092/3204 4667/3091/3207
f 4665/3093/3205 4667/3091/3207 4668/3094/3208
f 4668/3094/3208 4667/3091/3207 4669/3098/3209
f 4668/3094/3208 4669/3098/3209 4670/3099/3209
o polySurface303_pasted__lambert2_0
v 0.470618 0.129738 0.158160
v 0.474364 0.128748 0.172876
v 0.479037 0.280538 0.181847
v 0.477240 0.281482 0.167127
v 0.480670 0.128208 0.172565
v 0.482467 0.129059 0.157841
v 0.489090 0.280771 0.167361
v 0.485344 0.279969 0.182089
v 0.481202 0.336245 0.182957
v 0.481159 0.336885 0.172493
v 0.486532 0.335823 0.183487
v 0.489822 0.336376 0.173018
v 0.473355 0.080188 0.167912
v 0.470065 0.080909 0.157454
v 0.478684 0.079826 0.167334
v 0.478728 0.080462 0.156870
v 0.481159 0.336885 0.172493
v 0.489822 0.336376 0.173018
v 0.489090 0.280771 0.167361
v 0.477240 0.281482 0.167127
v 0.482467 0.129059 0.157841
v 0.470618 0.129738 0.158160
v 0.478728 0.080462 0.156870
v 0.470065 0.080909 0.157454
v 0.473355 0.080188 0.167912
v 0.478684 0.079826 0.167334
v 0.480670 0.128208 0.172565
v 0.474364 0.128748 0.172876
v 0.485344 0.279969 0.182089
v 0.479037 0.280538 0.181847
v 0.486532 0.335823 0.183487
v 0.481202 0.336245 0.182957
vn -0.9993 0.0375 0.0023
vn -0.9988 0.0498 0.0030
vn -0.9988 0.0498 0.0031
vn 0.9987 -0.0505 -0.0031
vn 0.9993 -0.0372 -0.0023
vn 0.9993 -0.0372 -0.0022
vn -0.9975 0.0706 0.0043
vn 0.9999 -0.0138 -0.0009
vn -0.9999 0.0121 0.0008
vn -0.9999 0.0122 0.0007
vn 0.9970 -0.0772 -0.0047
vn 0.0026 0.0989 -0.9951
vn 0.0006 0.0691 -0.9976
vn 0.0006 0.0696 -0.9976
vn -0.0006 0.0518 -0.9987
vn -0.0006 0.0523 -0.9986
vn -0.0030 0.0171 -0.9998
vn -0.0030 0.0172 -0.9998
vn -0.0030 -0.1044 0.9945
vn -0.0006 -0.0698 0.9976
vn -0.0006 -0.0694 0.9976
vn 0.0006 -0.0525 0.9986
vn 0.0006 -0.0521 0.9986
vn 0.0026 -0.0227 0.9997
vt 0.726790 0.572661
vt 0.735311 0.572358
vt 0.734974 0.458031
vt 0.726799 0.457837
vt 0.737135 0.572581
vt 0.745302 0.572598
vt 0.745330 0.458207
vt 0.736796 0.458295
vt 0.736362 0.416192
vt 0.731506 0.415853
vt 0.737460 0.416369
vt 0.742931 0.416278
vt 0.736977 0.608953
vt 0.731521 0.609392
vt 0.738086 0.609064
vt 0.742961 0.609152
vt 0.746522 0.415882
vt 0.751318 0.457856
vt 0.751303 0.572668
vt 0.746578 0.609407
s 1
usemtl pasted__lambert2
f 4671/3109/3210 4672/3110/3210 4673/3111/3211
f 4671/3109/3210 4673/3111/3211 4674/3112/3212
f 4675/3113/3213 4676/3114/3213 4677/3115/3214
f 4675/3113/3213 4677/3115/3214 4678/3116/3215
f 4673/3111/3211 4679/3117/3216 4680/3118/3216
f 4673/3111/3211 4680/3118/3216 4674/3112/3212
f 4681/3119/3217 4678/3116/3215 4677/3115/3214
f 4681/3119/3217 4677/3115/3214 4682/3120/3217
f 4683/3121/3218 4672/3110/3210 4671/3109/3210
f 4683/3121/3218 4671/3109/3210 4684/3122/3219
f 4675/3113/3213 4685/3123/3220 4686/3124/3220
f 4675/3113/3213 4686/3124/3220 4676/3114/3213
f 4687/3125/3221 4688/3120/3221 4689/3115/3222
f 4687/3125/3221 4689/3115/3222 4690/3126/3223
f 4689/3115/3222 4691/3114/3224 4692/3127/3225
f 4689/3115/3222 4692/3127/3225 4690/3126/3223
f 4691/3114/3224 4693/3124/3226 4694/3128/3227
f 4691/3114/3224 4694/3128/3227 4692/3127/3225
f 4695/3121/3228 4696/3123/3228 4697/3113/3229
f 4695/3121/3228 4697/3113/3229 4698/3110/3230
f 4697/3113/3229 4699/3116/3231 4700/3111/3232
f 4697/3113/3229 4700/3111/3232 4698/3110/3230
f 4699/3116/3231 4701/3119/3233 4702/3117/3233
f 4699/3116/3231 4702/3117/3233 4700/3111/3232
o polySurface308_Tooner_0
v 0.114840 0.026399 0.414357
v 0.106417 0.025128 0.431836
v 0.112835 0.033287 0.432337
v 0.114840 0.026399 0.414357
v 0.101921 0.021309 0.420429
v 0.106417 0.025128 0.431836
v 0.116148 0.039406 0.421536
v 0.114840 0.026399 0.414357
v 0.112835 0.033287 0.432337
v -0.114827 0.026399 0.414357
v -0.112822 0.033287 0.432337
v -0.106404 0.025128 0.431836
v -0.114827 0.026399 0.414357
v -0.106404 0.025128 0.431836
v -0.101908 0.021309 0.420429
v -0.116135 0.039406 0.421536
v -0.112822 0.033287 0.432337
v -0.114827 0.026399 0.414357
v 0.062944 -0.018978 0.411594
v 0.055544 -0.016011 0.429331
v 0.065176 -0.012116 0.429571
v 0.062944 -0.018978 0.411594
v 0.049401 -0.017005 0.418095
v 0.055544 -0.016011 0.429331
v 0.070761 -0.008359 0.418627
v 0.062944 -0.018978 0.411594
v 0.065176 -0.012116 0.429571
v 0.129597 0.048951 0.415733
v 0.121326 0.046255 0.433125
v 0.126228 0.055403 0.433685
v 0.129597 0.048951 0.415733
v 0.117678 0.041724 0.421673
v 0.121326 0.046255 0.433125
v 0.128545 0.062013 0.422914
v 0.129597 0.048951 0.415733
v 0.126228 0.055403 0.433685
v -0.140081 0.128300 0.420566
v -0.133000 0.131390 0.438314
v -0.134314 0.121102 0.437683
v -0.140081 0.128300 0.420566
v -0.134314 0.121102 0.437683
v -0.134367 0.115427 0.426163
v -0.131444 0.138244 0.427558
v -0.133000 0.131390 0.438314
v -0.140081 0.128300 0.420566
v -0.008991 -0.033683 0.441151
v -0.007867 -0.031510 0.414879
v -0.015878 -0.029698 0.436180
v 0.015891 -0.029698 0.436180
v 0.007881 -0.031510 0.414879
v 0.009004 -0.033682 0.441151
v 0.145086 -0.025563 0.172942
v 0.142659 -0.016592 0.189993
v 0.147159 -0.057329 0.203145
v 0.149052 -0.041219 0.162148
v 0.145086 -0.025563 0.172942
v 0.147159 -0.057329 0.203145
v 0.153654 -0.059990 0.160085
v 0.149052 -0.041219 0.162148
v 0.147159 -0.057329 0.203145
v 0.157840 -0.077584 0.167242
v 0.153654 -0.059990 0.160085
v 0.147159 -0.057329 0.203145
v 0.160647 -0.089962 0.181993
v 0.157840 -0.077584 0.167242
v 0.147159 -0.057329 0.203145
v 0.161429 -0.094275 0.200962
v 0.160647 -0.089962 0.181993
v 0.147159 -0.057329 0.203145
v 0.160001 -0.089521 0.219792
v 0.161429 -0.094275 0.200962
v 0.147159 -0.057329 0.203145
v 0.156693 -0.076794 0.234151
v 0.160001 -0.089521 0.219792
v 0.147159 -0.057329 0.203145
v 0.152266 -0.059024 0.240744
v 0.156693 -0.076794 0.234151
v 0.147159 -0.057329 0.203145
v 0.147159 -0.057329 0.203145
v 0.147742 -0.040295 0.238069
v 0.152266 -0.059024 0.240744
v 0.144155 -0.024900 0.226756
v 0.147742 -0.040295 0.238069
v 0.147159 -0.057329 0.203145
v 0.142322 -0.016352 0.209408
v 0.144155 -0.024900 0.226756
v 0.147159 -0.057329 0.203145
v 0.142659 -0.016592 0.189993
v 0.142322 -0.016352 0.209408
v 0.147159 -0.057329 0.203145
v 0.170726 -0.031662 0.206730
v 0.179180 -0.049235 0.202325
v 0.171383 -0.036016 0.215357
v 0.171383 -0.036016 0.215357
v 0.179180 -0.049235 0.202325
v 0.172982 -0.043742 0.220958
v 0.172982 -0.043742 0.220958
v 0.179180 -0.049235 0.202325
v 0.175157 -0.053074 0.222264
v 0.175157 -0.053074 0.222264
v 0.179180 -0.049235 0.202325
v 0.177412 -0.061884 0.218983
v 0.177412 -0.061884 0.218983
v 0.179180 -0.049235 0.202325
v 0.179234 -0.068171 0.211860
v 0.179234 -0.068171 0.211860
v 0.179180 -0.049235 0.202325
v 0.180206 -0.070490 0.202510
v 0.180206 -0.070490 0.202510
v 0.179180 -0.049235 0.202325
v 0.180104 -0.068301 0.193069
v 0.180104 -0.068301 0.193069
v 0.179180 -0.049235 0.202325
v 0.178948 -0.062092 0.185704
v 0.178948 -0.062092 0.185704
v 0.179180 -0.049235 0.202325
v 0.177001 -0.053285 0.182114
v 0.177001 -0.053285 0.182114
v 0.179180 -0.049235 0.202325
v 0.174710 -0.043903 0.183132
v 0.174710 -0.043903 0.183132
v 0.179180 -0.049235 0.202325
v 0.172603 -0.036108 0.188524
v 0.172603 -0.036108 0.188524
v 0.179180 -0.049235 0.202325
v 0.171165 -0.031691 0.197045
v 0.171165 -0.031691 0.197045
v 0.179180 -0.049235 0.202325
v 0.170726 -0.031662 0.206730
v 0.035201 0.252697 0.341632
v 0.054293 0.257392 0.346415
v 0.047722 0.267644 0.347039
v 0.035201 0.252697 0.341632
v 0.047722 0.267644 0.347039
v 0.036368 0.272083 0.347310
v 0.035201 0.252697 0.341632
v 0.036368 0.272083 0.347310
v 0.024569 0.269012 0.347122
v 0.035201 0.252697 0.341632
v 0.024569 0.269012 0.347122
v 0.016831 0.259607 0.346549
v 0.035201 0.252697 0.341632
v 0.016831 0.259607 0.346549
v 0.016110 0.247457 0.345809
v 0.035201 0.252697 0.341632
v 0.016110 0.247457 0.345809
v 0.022682 0.237205 0.345185
v 0.035201 0.252697 0.341632
v 0.022682 0.237205 0.345185
v 0.034035 0.232766 0.344914
v 0.035201 0.252697 0.341632
v 0.034035 0.232766 0.344914
v 0.045834 0.235836 0.345101
v 0.035201 0.252697 0.341632
v 0.045834 0.235836 0.345101
v 0.053572 0.245242 0.345674
v 0.035201 0.252697 0.341632
v 0.053572 0.245242 0.345674
v 0.054293 0.257392 0.346415
v 0.053928 0.251623 0.478338
v 0.035201 0.244277 0.479835
v 0.046096 0.261229 0.478923
v 0.046096 0.261229 0.478923
v 0.035201 0.244277 0.479835
v 0.034102 0.264407 0.479117
v 0.034102 0.264407 0.479117
v 0.035201 0.244277 0.479835
v 0.022528 0.259940 0.478844
v 0.022528 0.259940 0.478844
v 0.035201 0.244277 0.479835
v 0.015795 0.249536 0.478211
v 0.035201 0.244277 0.479835
v 0.016474 0.237169 0.477457
v 0.015795 0.249536 0.478211
v 0.016474 0.237169 0.477457
v 0.035201 0.244277 0.479835
v 0.024307 0.227561 0.476872
v 0.024307 0.227561 0.476872
v 0.035201 0.244277 0.479835
v 0.036301 0.224384 0.476678
v 0.036301 0.224384 0.476678
v 0.035201 0.244277 0.479835
v 0.047875 0.228851 0.476950
v 0.047875 0.228851 0.476950
v 0.035201 0.244277 0.479835
v 0.054608 0.239255 0.477584
v 0.035201 0.244277 0.479835
v 0.053928 0.251623 0.478338
v 0.054608 0.239255 0.477584
v -0.075212 0.203930 0.238516
v -0.094836 0.160625 0.174211
v -0.077859 0.196997 0.176042
v -0.075023 0.074176 0.019027
v -0.077707 0.059452 0.167876
v -0.050958 0.036885 0.166496
v -0.101323 0.124565 0.171737
v -0.089954 0.166317 0.018940
v -0.094836 0.160625 0.174211
v -0.021315 0.227088 0.076305
v -0.013150 0.228529 0.043523
v -0.015309 0.247345 0.077158
v -0.075023 0.074176 0.019027
v -0.095252 0.089992 0.169655
v -0.077707 0.059452 0.167876
v 0.075225 0.203930 0.238516
v 0.077872 0.196997 0.176042
v 0.094849 0.160625 0.174211
v 0.075036 0.074176 0.019027
v 0.050971 0.036885 0.166496
v 0.077720 0.059452 0.167876
v 0.101335 0.124565 0.171737
v 0.094849 0.160625 0.174211
v 0.089967 0.166317 0.018940
v 0.021328 0.227088 0.076305
v 0.015322 0.247345 0.077158
v 0.013163 0.228529 0.043523
v 0.000006 0.173502 -0.465769
v -0.002639 0.169597 -0.461342
v 0.002651 0.169597 -0.461342
v 0.014108 0.032264 0.444652
v 0.000006 0.107774 0.450048
v 0.040462 0.041390 0.445206
v -0.040450 0.041390 0.445206
v 0.000006 0.107774 0.450048
v -0.014095 0.032264 0.444652
v -0.014095 0.032264 0.444652
v 0.000006 0.107774 0.450048
v 0.014108 0.032264 0.444652
v 0.040462 0.041390 0.445206
v 0.000006 0.107774 0.450048
v 0.061919 0.058523 0.446246
v -0.061906 0.058523 0.446246
v 0.000006 0.107774 0.450048
v -0.040450 0.041390 0.445206
v 0.061919 0.058523 0.446246
v 0.000006 0.107774 0.450048
v 0.075904 0.081576 0.447649
v -0.075891 0.081576 0.447649
v 0.000006 0.107774 0.450048
v -0.061906 0.058523 0.446246
v 0.075904 0.081576 0.447649
v 0.000006 0.107774 0.450048
v 0.080757 0.107769 0.449246
v -0.080744 0.107769 0.449247
v 0.000006 0.107774 0.450048
v -0.075891 0.081576 0.447649
v 0.080757 0.107769 0.449246
v 0.000006 0.107774 0.450048
v 0.075798 0.134051 0.450859
v -0.075785 0.134051 0.450859
v 0.000006 0.107774 0.450048
v -0.080744 0.107769 0.449247
v 0.075798 0.134051 0.450859
v 0.000006 0.107774 0.450048
v 0.061928 0.157048 0.452267
v -0.061915 0.157048 0.452267
v 0.000006 0.107774 0.450048
v -0.075785 0.134051 0.450859
v 0.061928 0.157048 0.452267
v 0.000006 0.107774 0.450048
v 0.040437 0.174201 0.453313
v -0.040424 0.174201 0.453313
v 0.000006 0.107774 0.450048
v -0.061915 0.157048 0.452267
v 0.040437 0.174201 0.453313
v 0.000006 0.107774 0.450048
v 0.014665 0.183478 0.453165
v 0.014665 0.183478 0.453165
v 0.000006 0.107774 0.450048
v -0.014652 0.183478 0.453165
v -0.014652 0.183478 0.453165
v 0.000006 0.107774 0.450048
v -0.040424 0.174201 0.453313
v 0.075036 0.074176 0.019027
v 0.077720 0.059452 0.167876
v 0.095264 0.089992 0.169655
v 0.134366 0.154619 0.422171
v 0.129722 0.146531 0.439234
v 0.126638 0.156437 0.439841
v 0.134366 0.154619 0.422171
v 0.130878 0.140958 0.427719
v 0.129722 0.146531 0.439234
v 0.124032 0.162926 0.429062
v 0.134366 0.154619 0.422171
v 0.126638 0.156437 0.439841
v 0.075778 0.168994 0.476097
v 0.035055 0.129049 0.468402
v 0.028980 0.136275 0.468842
v -0.049450 0.020028 0.467021
v -0.024980 0.072087 0.464932
v -0.016795 0.067371 0.464644
v -0.075765 0.042070 0.468364
v -0.035042 0.082653 0.465576
v -0.028967 0.075428 0.465135
v 0.092954 0.071765 0.470174
v 0.037657 0.087153 0.465850
v 0.040890 0.096018 0.466390
v 0.075778 0.042069 0.468364
v 0.028980 0.075426 0.465135
v 0.035055 0.082654 0.465576
v 0.031914 0.259909 -0.112163
v 0.020936 0.249770 -0.095655
v 0.039924 0.256162 -0.104891
v 0.020936 0.261286 -0.114833
v 0.020936 0.249770 -0.095655
v 0.031914 0.259909 -0.112163
v 0.009957 0.259909 -0.112163
v 0.020936 0.249770 -0.095655
v 0.020936 0.261286 -0.114833
v 0.001947 0.256162 -0.104891
v 0.020936 0.249770 -0.095655
v 0.009957 0.259909 -0.112163
v -0.000977 0.251062 -0.094989
v 0.020936 0.249770 -0.095655
v 0.001947 0.256162 -0.104891
v 0.001945 0.245967 -0.085082
v 0.020936 0.249770 -0.095655
v -0.000977 0.251062 -0.094989
v 0.009955 0.242227 -0.077805
v 0.020936 0.249770 -0.095655
v 0.001945 0.245967 -0.085082
v 0.020936 0.240853 -0.075131
v 0.020936 0.249770 -0.095655
v 0.009955 0.242227 -0.077805
v 0.031916 0.242227 -0.077805
v 0.020936 0.249770 -0.095655
v 0.020936 0.240853 -0.075131
v 0.039926 0.245967 -0.085082
v 0.020936 0.249770 -0.095655
v 0.031916 0.242227 -0.077805
v 0.042848 0.251062 -0.094989
v 0.020936 0.249770 -0.095655
v 0.039926 0.245967 -0.085082
v 0.039924 0.256162 -0.104891
v 0.020936 0.249770 -0.095655
v 0.042848 0.251062 -0.094989
v 0.039282 0.266248 -0.099301
v 0.020936 0.262405 -0.089173
v 0.031543 0.269863 -0.106329
v 0.031543 0.269863 -0.106329
v 0.020936 0.262405 -0.089173
v 0.020936 0.271190 -0.108911
v 0.020936 0.271190 -0.108911
v 0.020936 0.262405 -0.089173
v 0.010328 0.269863 -0.106329
v 0.010328 0.269863 -0.106329
v 0.020936 0.262405 -0.089173
v 0.002589 0.266248 -0.099301
v 0.002589 0.266248 -0.099301
v 0.020936 0.262405 -0.089173
v -0.000233 0.261324 -0.089731
v -0.000233 0.261324 -0.089731
v 0.020936 0.262405 -0.089173
v 0.002591 0.256399 -0.080163
v 0.002591 0.256399 -0.080163
v 0.020936 0.262405 -0.089173
v 0.010330 0.252780 -0.073138
v 0.010330 0.252780 -0.073138
v 0.020936 0.262405 -0.089173
v 0.020936 0.251452 -0.070559
v 0.020936 0.251452 -0.070559
v 0.020936 0.262405 -0.089173
v 0.031540 0.252780 -0.073138
v 0.031540 0.252780 -0.073138
v 0.020936 0.262405 -0.089173
v 0.039280 0.256399 -0.080163
v 0.039280 0.256399 -0.080163
v 0.020936 0.262405 -0.089173
v 0.042104 0.261324 -0.089731
v 0.042104 0.261324 -0.089731
v 0.020936 0.262405 -0.089173
v 0.039282 0.266248 -0.099301
v -0.032687 0.259908 -0.112162
v -0.040693 0.256162 -0.104890
v -0.021712 0.249770 -0.095655
v -0.021712 0.261287 -0.114833
v -0.032687 0.259908 -0.112162
v -0.021712 0.249770 -0.095655
v -0.010737 0.259909 -0.112162
v -0.021712 0.261287 -0.114833
v -0.021712 0.249770 -0.095655
v -0.002730 0.256162 -0.104890
v -0.010737 0.259909 -0.112162
v -0.021712 0.249770 -0.095655
v 0.000191 0.251062 -0.094989
v -0.002730 0.256162 -0.104890
v -0.021712 0.249770 -0.095655
v -0.002729 0.245967 -0.085083
v 0.000191 0.251062 -0.094989
v -0.021712 0.249770 -0.095655
v -0.010735 0.242227 -0.077805
v -0.002729 0.245967 -0.085083
v -0.021712 0.249770 -0.095655
v -0.021712 0.240854 -0.075130
v -0.010735 0.242227 -0.077805
v -0.021712 0.249770 -0.095655
v -0.032688 0.242227 -0.077805
v -0.021712 0.240854 -0.075130
v -0.021712 0.249770 -0.095655
v -0.040695 0.245967 -0.085083
v -0.032688 0.242227 -0.077805
v -0.021712 0.249770 -0.095655
v -0.043615 0.251062 -0.094989
v -0.040695 0.245967 -0.085083
v -0.021712 0.249770 -0.095655
v -0.040693 0.256162 -0.104890
v -0.043615 0.251062 -0.094989
v -0.021712 0.249770 -0.095655
v -0.040051 0.266248 -0.099300
v -0.032316 0.269863 -0.106329
v -0.021712 0.262405 -0.089173
v -0.032316 0.269863 -0.106329
v -0.021712 0.271190 -0.108911
v -0.021712 0.262405 -0.089173
v -0.021712 0.271190 -0.108911
v -0.011108 0.269863 -0.106329
v -0.021712 0.262405 -0.089173
v -0.011108 0.269863 -0.106329
v -0.003373 0.266248 -0.099300
v -0.021712 0.262405 -0.089173
v -0.003373 0.266248 -0.099300
v -0.000552 0.261324 -0.089731
v -0.021712 0.262405 -0.089173
v -0.000552 0.261324 -0.089731
v -0.003375 0.256399 -0.080163
v -0.021712 0.262405 -0.089173
v -0.003375 0.256399 -0.080163
v -0.011111 0.252780 -0.073138
v -0.021712 0.262405 -0.089173
v -0.011111 0.252780 -0.073138
v -0.021712 0.251452 -0.070559
v -0.021712 0.262405 -0.089173
v -0.021712 0.251452 -0.070559
v -0.032313 0.252780 -0.073138
v -0.021712 0.262405 -0.089173
v -0.032313 0.252780 -0.073138
v -0.040048 0.256399 -0.080163
v -0.021712 0.262405 -0.089173
v -0.040048 0.256399 -0.080163
v -0.042872 0.261324 -0.089731
v -0.021712 0.262405 -0.089173
v -0.042872 0.261324 -0.089731
v -0.040051 0.266248 -0.099300
v -0.021712 0.262405 -0.089173
v -0.033132 0.265260 -0.091222
v -0.027641 0.268599 -0.097713
v -0.021712 0.265316 -0.087706
v -0.011465 0.266583 -0.093794
v -0.010293 0.262425 -0.085710
v -0.021712 0.265316 -0.087706
v -0.010293 0.262425 -0.085710
v -0.015784 0.259086 -0.079221
v -0.021712 0.265316 -0.087706
v -0.031958 0.261101 -0.083139
v -0.033132 0.265260 -0.091222
v -0.021712 0.265316 -0.087706
v -0.018641 0.269151 -0.098789
v -0.011465 0.266583 -0.093794
v -0.021712 0.265316 -0.087706
v -0.027641 0.268599 -0.097713
v -0.018641 0.269151 -0.098789
v -0.021712 0.265316 -0.087706
v -0.024782 0.258532 -0.078148
v -0.031958 0.261101 -0.083139
v -0.021712 0.265316 -0.087706
v -0.015784 0.259086 -0.079221
v -0.024782 0.258532 -0.078148
v -0.021712 0.265316 -0.087706
v 0.032359 0.265260 -0.091222
v 0.020936 0.265316 -0.087706
v 0.026866 0.268599 -0.097713
v 0.010685 0.266583 -0.093794
v 0.020936 0.265316 -0.087706
v 0.009512 0.262424 -0.085710
v 0.009512 0.262424 -0.085710
v 0.020936 0.265316 -0.087706
v 0.015007 0.259086 -0.079221
v 0.031184 0.261101 -0.083139
v 0.020936 0.265316 -0.087706
v 0.032359 0.265260 -0.091222
v 0.017863 0.269151 -0.098789
v 0.020936 0.265316 -0.087706
v 0.010685 0.266583 -0.093794
v 0.026866 0.268599 -0.097713
v 0.020936 0.265316 -0.087706
v 0.017863 0.269151 -0.098789
v 0.024007 0.258532 -0.078148
v 0.020936 0.265316 -0.087706
v 0.031184 0.261101 -0.083139
v 0.015007 0.259086 -0.079221
v 0.020936 0.265316 -0.087706
v 0.024007 0.258532 -0.078148
v 0.025268 0.271861 -0.172742
v 0.027667 0.250606 -0.132458
v 0.027136 0.275736 -0.173132
v 0.014734 0.275736 -0.173132
v 0.014204 0.250606 -0.132458
v 0.016603 0.271861 -0.172742
v -0.026043 0.271861 -0.172742
v -0.027911 0.275736 -0.173132
v -0.028441 0.250606 -0.132458
v -0.015513 0.275736 -0.173132
v -0.017381 0.271861 -0.172742
v -0.014982 0.250606 -0.132458
v -0.024990 0.280569 -0.165214
v -0.021712 0.286292 -0.161891
v -0.018433 0.280569 -0.165214
v -0.021712 0.292298 -0.158421
v -0.024678 0.300148 -0.164382
v -0.018745 0.300148 -0.164382
v -0.019381 0.298720 -0.194682
v -0.024042 0.298720 -0.194682
v -0.021712 0.295184 -0.196698
v -0.017268 0.295106 -0.196538
v -0.019381 0.298720 -0.194682
v -0.021712 0.295184 -0.196698
v -0.019381 0.291425 -0.198258
v -0.017268 0.295106 -0.196538
v -0.021712 0.295184 -0.196698
v -0.024042 0.291425 -0.198258
v -0.019381 0.291425 -0.198258
v -0.021712 0.295184 -0.196698
v -0.026157 0.295105 -0.196537
v -0.024042 0.291425 -0.198258
v -0.021712 0.295184 -0.196698
v -0.024042 0.298720 -0.194682
v -0.026157 0.295105 -0.196537
v -0.021712 0.295184 -0.196698
v 0.018605 0.298720 -0.194682
v 0.020936 0.295184 -0.196698
v 0.023266 0.298720 -0.194682
v 0.016489 0.295105 -0.196537
v 0.020936 0.295184 -0.196698
v 0.018605 0.298720 -0.194682
v 0.018605 0.291425 -0.198258
v 0.020936 0.295184 -0.196698
v 0.016489 0.295105 -0.196537
v 0.023266 0.291425 -0.198258
v 0.020936 0.295184 -0.196698
v 0.018605 0.291425 -0.198258
v 0.025381 0.295105 -0.196537
v 0.020936 0.295184 -0.196698
v 0.023266 0.291425 -0.198258
v 0.023266 0.298720 -0.194682
v 0.020936 0.295184 -0.196698
v 0.025381 0.295105 -0.196537
v 0.024214 0.280569 -0.165214
v 0.017657 0.280569 -0.165214
v 0.020936 0.286292 -0.161891
v 0.020936 0.292298 -0.158421
v 0.017969 0.300148 -0.164382
v 0.023902 0.300148 -0.164382
v 0.321336 0.093316 0.086219
v 0.175168 0.086263 0.089507
v 0.324093 0.088369 -0.012188
v 0.176124 0.052862 0.082155
v 0.322983 0.058368 0.078827
v 0.326102 0.066931 -0.023134
v -0.321336 0.093316 0.086219
v -0.324093 0.088369 -0.012188
v -0.175168 0.086263 0.089507
v -0.176124 0.052862 0.082155
v -0.326102 0.066931 -0.023134
v -0.322983 0.058368 0.078827
v -0.049450 0.191034 0.477440
v -0.016795 0.144332 0.469333
v -0.024980 0.139615 0.469046
v 0.017183 0.202763 0.478155
v 0.011917 0.146108 0.469442
v 0.002609 0.147747 0.469541
v 0.037147 -0.026876 0.411112
v 0.030543 -0.022717 0.428921
v 0.040705 -0.020551 0.429057
v 0.037147 -0.026876 0.411112
v 0.024204 -0.022623 0.417752
v 0.030543 -0.022717 0.428921
v 0.046739 -0.017808 0.418051
v 0.037147 -0.026876 0.411112
v 0.040705 -0.020551 0.429057
v -0.012506 0.248429 0.455457
v 0.000497 0.249727 0.460641
v -0.005861 0.237859 0.456058
v -0.005861 0.237859 0.456058
v 0.000497 0.249727 0.460641
v 0.006636 0.238297 0.456016
v 0.006636 0.238297 0.456016
v 0.000497 0.249727 0.460641
v 0.012521 0.249336 0.455367
v -0.003228 0.238217 0.385738
v 0.000472 0.242869 0.383808
v -0.006451 0.244109 0.385230
v 0.003585 0.238137 0.385796
v 0.000472 0.242869 0.383808
v -0.003228 0.238217 0.385738
v 0.006939 0.244023 0.385320
v 0.000472 0.242869 0.383808
v 0.003585 0.238137 0.385796
v 0.005863 0.259950 0.454762
v 0.000497 0.249727 0.460641
v -0.006666 0.259479 0.454811
v -0.003038 0.249762 0.384804
v 0.000472 0.242869 0.383808
v 0.003541 0.249751 0.384839
v -0.006666 0.259479 0.454811
v 0.000497 0.249727 0.460641
v -0.012506 0.248429 0.455457
v 0.012521 0.249336 0.455367
v 0.000497 0.249727 0.460641
v 0.005863 0.259950 0.454762
v -0.006451 0.244109 0.385230
v 0.000472 0.242869 0.383808
v -0.003038 0.249762 0.384804
v 0.003541 0.249751 0.384839
v 0.000472 0.242869 0.383808
v 0.006939 0.244023 0.385320
v 0.079220 0.226605 0.426557
v 0.079856 0.217148 0.443536
v 0.071341 0.223096 0.443902
v 0.079220 0.226605 0.426557
v 0.084603 0.213592 0.432145
v 0.079856 0.217148 0.443536
v 0.065715 0.226777 0.432952
v 0.079220 0.226605 0.426557
v 0.071341 0.223096 0.443902
v -0.134353 0.154619 0.422171
v -0.126626 0.156437 0.439841
v -0.129709 0.146531 0.439234
v -0.134353 0.154619 0.422171
v -0.129709 0.146531 0.439234
v -0.130865 0.140958 0.427719
v -0.124019 0.162926 0.429062
v -0.126626 0.156437 0.439841
v -0.134353 0.154619 0.422171
v -0.098906 0.105532 0.472231
v -0.041781 0.110568 0.467276
v -0.041781 0.101135 0.466702
v -0.075765 0.168994 0.476097
v -0.028967 0.136275 0.468842
v -0.035042 0.129049 0.468402
v -0.017170 0.202763 0.478155
v -0.002596 0.147747 0.469541
v -0.011904 0.146108 0.469442
v -0.099880 0.209295 0.425501
v -0.091731 0.207189 0.442932
v -0.099082 0.199857 0.442481
v -0.099880 0.209295 0.425501
v -0.099082 0.199857 0.442481
v -0.103020 0.195544 0.431044
v -0.086713 0.211798 0.432039
v -0.091731 0.207189 0.442932
v -0.099880 0.209295 0.425501
v 0.049462 0.191034 0.477440
v 0.024993 0.139615 0.469046
v 0.016808 0.144332 0.469333
v 0.043322 0.247343 0.495212
v 0.034438 0.238885 0.496125
v 0.034790 0.251162 0.495445
v 0.026052 0.247839 0.495243
v 0.034438 0.238885 0.496125
v 0.022227 0.239323 0.494724
v 0.022227 0.239323 0.494724
v 0.034438 0.238885 0.496125
v 0.025555 0.230603 0.494193
v 0.025555 0.230603 0.494193
v 0.034438 0.238885 0.496125
v 0.034086 0.226783 0.493960
v 0.034086 0.226783 0.493960
v 0.034438 0.238885 0.496125
v 0.042824 0.230106 0.494162
v 0.046650 0.238621 0.494681
v 0.034438 0.238885 0.496125
v 0.043322 0.247343 0.495212
v 0.034790 0.251162 0.495445
v 0.034438 0.238885 0.496125
v 0.026052 0.247839 0.495243
v 0.042824 0.230106 0.494162
v 0.034438 0.238885 0.496125
v 0.046650 0.238621 0.494681
v -0.017170 0.008300 0.466307
v -0.011904 0.065593 0.464536
v -0.002596 0.063956 0.464436
v 0.023539 0.123189 0.479052
v 0.000006 0.105914 0.481442
v 0.008995 0.133736 0.479694
v 0.008995 0.133736 0.479694
v 0.000006 0.105914 0.481442
v -0.008982 0.133736 0.479694
v -0.008982 0.133736 0.479694
v 0.000006 0.105914 0.481442
v -0.023526 0.123189 0.479052
v -0.023526 0.123189 0.479052
v 0.000006 0.105914 0.481442
v -0.029081 0.106123 0.478012
v -0.029081 0.106123 0.478012
v 0.000006 0.105914 0.481442
v -0.023526 0.089058 0.476972
v -0.023526 0.089058 0.476972
v 0.000006 0.105914 0.481442
v -0.008982 0.078509 0.476330
v -0.008982 0.078509 0.476330
v 0.000006 0.105914 0.481442
v 0.008995 0.078509 0.476330
v 0.008995 0.078509 0.476330
v 0.000006 0.105914 0.481442
v 0.023539 0.089058 0.476972
v 0.023539 0.089058 0.476972
v 0.000006 0.105914 0.481442
v 0.029094 0.106123 0.478012
v 0.029094 0.106123 0.478012
v 0.000006 0.105914 0.481442
v 0.023539 0.123189 0.479052
v -0.145073 -0.025563 0.172942
v -0.147146 -0.057329 0.203145
v -0.142646 -0.016592 0.189993
v -0.149039 -0.041219 0.162148
v -0.147146 -0.057329 0.203145
v -0.145073 -0.025563 0.172942
v -0.153641 -0.059990 0.160085
v -0.147146 -0.057329 0.203145
v -0.149039 -0.041219 0.162148
v -0.157827 -0.077584 0.167242
v -0.147146 -0.057329 0.203145
v -0.153641 -0.059990 0.160085
v -0.160635 -0.089962 0.181993
v -0.147146 -0.057329 0.203145
v -0.157827 -0.077584 0.167242
v -0.161416 -0.094275 0.200962
v -0.147146 -0.057329 0.203145
v -0.160635 -0.089962 0.181993
v -0.159988 -0.089521 0.219792
v -0.147146 -0.057329 0.203145
v -0.161416 -0.094275 0.200962
v -0.156680 -0.076794 0.234151
v -0.147146 -0.057329 0.203145
v -0.159988 -0.089521 0.219792
v -0.152253 -0.059024 0.240744
v -0.147146 -0.057329 0.203145
v -0.156680 -0.076794 0.234151
v -0.147146 -0.057329 0.203145
v -0.152253 -0.059024 0.240744
v -0.147729 -0.040295 0.238069
v -0.144142 -0.024900 0.226756
v -0.147146 -0.057329 0.203145
v -0.147729 -0.040295 0.238069
v -0.142309 -0.016352 0.209408
v -0.147146 -0.057329 0.203145
v -0.144142 -0.024900 0.226756
v -0.142646 -0.016592 0.189993
v -0.147146 -0.057329 0.203145
v -0.142309 -0.016352 0.209408
v -0.170713 -0.031662 0.206730
v -0.171370 -0.036016 0.215357
v -0.179167 -0.049235 0.202325
v -0.171370 -0.036016 0.215357
v -0.172969 -0.043742 0.220958
v -0.179167 -0.049235 0.202325
v -0.172969 -0.043742 0.220958
v -0.175144 -0.053074 0.222264
v -0.179167 -0.049235 0.202325
v -0.175144 -0.053074 0.222264
v -0.177399 -0.061884 0.218983
v -0.179167 -0.049235 0.202325
v -0.177399 -0.061884 0.218983
v -0.179221 -0.068171 0.211860
v -0.179167 -0.049235 0.202325
v -0.179221 -0.068171 0.211860
v -0.180193 -0.070490 0.202510
v -0.179167 -0.049235 0.202325
v -0.180193 -0.070490 0.202510
v -0.180091 -0.068301 0.193069
v -0.179167 -0.049235 0.202325
v -0.180091 -0.068301 0.193069
v -0.178935 -0.062092 0.185704
v -0.179167 -0.049235 0.202325
v -0.178935 -0.062092 0.185704
v -0.176988 -0.053285 0.182114
v -0.179167 -0.049235 0.202325
v -0.176988 -0.053285 0.182114
v -0.174697 -0.043903 0.183132
v -0.179167 -0.049235 0.202325
v -0.174697 -0.043903 0.183132
v -0.172590 -0.036108 0.188524
v -0.179167 -0.049235 0.202325
v -0.172590 -0.036108 0.188524
v -0.171152 -0.031691 0.197045
v -0.179167 -0.049235 0.202325
v -0.171152 -0.031691 0.197045
v -0.170713 -0.031662 0.206730
v -0.179167 -0.049235 0.202325
v -0.062932 -0.018978 0.411594
v -0.065164 -0.012117 0.429571
v -0.055531 -0.016011 0.429331
v -0.062932 -0.018978 0.411594
v -0.055531 -0.016011 0.429331
v -0.049388 -0.017005 0.418095
v -0.070748 -0.008359 0.418627
v -0.065164 -0.012117 0.429571
v -0.062932 -0.018978 0.411594
v -0.037134 -0.026876 0.411112
v -0.040692 -0.020551 0.429057
v -0.030530 -0.022717 0.428921
v -0.037134 -0.026876 0.411112
v -0.030530 -0.022717 0.428921
v -0.024191 -0.022623 0.417752
v -0.046727 -0.017808 0.418051
v -0.040692 -0.020551 0.429057
v -0.037134 -0.026876 0.411112
v 0.017183 0.008300 0.466307
v 0.002609 0.063956 0.464436
v 0.011917 0.065593 0.464536
v 0.140094 0.128300 0.420566
v 0.134327 0.121102 0.437683
v 0.133013 0.131390 0.438314
v 0.140094 0.128300 0.420566
v 0.134380 0.115427 0.426163
v 0.134327 0.121102 0.437683
v 0.131457 0.138244 0.427558
v 0.140094 0.128300 0.420566
v 0.133013 0.131390 0.438314
v -0.129584 0.048951 0.415733
v -0.126215 0.055403 0.433685
v -0.121313 0.046255 0.433125
v -0.129584 0.048951 0.415733
v -0.121313 0.046255 0.433125
v -0.117665 0.041724 0.421673
v -0.128532 0.062013 0.422914
v -0.126215 0.055403 0.433685
v -0.129584 0.048951 0.415733
v 0.049462 0.020028 0.467021
v 0.016808 0.067371 0.464644
v 0.024993 0.072087 0.464932
v 0.099893 0.209295 0.425501
v 0.099094 0.199857 0.442481
v 0.091744 0.207189 0.442932
v 0.099893 0.209295 0.425501
v 0.103033 0.195544 0.431044
v 0.099094 0.199857 0.442481
v 0.086726 0.211798 0.432039
v 0.099893 0.209295 0.425501
v 0.091744 0.207189 0.442932
v -0.079207 0.226605 0.426557
v -0.071328 0.223096 0.443902
v -0.079843 0.217148 0.443536
v -0.079207 0.226605 0.426557
v -0.079843 0.217148 0.443536
v -0.084590 0.213592 0.432145
v -0.065702 0.226777 0.432952
v -0.071328 0.223096 0.443902
v -0.079207 0.226605 0.426557
v 0.092955 0.139299 0.474288
v 0.040890 0.115685 0.467588
v 0.037657 0.124550 0.468128
v -0.092942 0.071765 0.470174
v -0.040877 0.096018 0.466390
v -0.037644 0.087153 0.465850
v -0.092941 0.139299 0.474288
v -0.037644 0.124550 0.468128
v -0.040877 0.115685 0.467588
v 0.098919 0.105532 0.472231
v 0.041794 0.101135 0.466702
v 0.041794 0.110568 0.467276
v 0.216285 0.114380 -0.016368
v 0.219204 0.266429 -0.007584
v 0.221282 0.265187 0.012572
v 0.220729 0.113162 0.003792
v 0.231964 0.112731 0.003285
v 0.232520 0.264704 0.013024
v 0.236965 0.265940 -0.007132
v 0.234045 0.113944 -0.016874
v 0.221282 0.265187 0.012572
v 0.219204 0.266429 -0.007584
v 0.221783 0.321994 -0.002290
v 0.221831 0.321012 0.013495
v 0.232153 0.320638 0.014520
v 0.236360 0.321629 -0.001353
v 0.236965 0.265940 -0.007132
v 0.232520 0.264704 0.013024
v 0.221091 0.064505 -0.001087
v 0.216885 0.065444 -0.016955
v 0.216285 0.114380 -0.016368
v 0.220729 0.113162 0.003792
v 0.231964 0.112731 0.003285
v 0.234045 0.113944 -0.016874
v 0.231463 0.065182 -0.017936
v 0.231419 0.064244 -0.002154
v 0.221783 0.321994 -0.002290
v 0.219204 0.266429 -0.007584
v 0.236965 0.265940 -0.007132
v 0.236360 0.321629 -0.001353
v 0.236965 0.265940 -0.007132
v 0.219204 0.266429 -0.007584
v 0.216285 0.114380 -0.016368
v 0.234045 0.113944 -0.016874
v 0.234045 0.113944 -0.016874
v 0.216285 0.114380 -0.016368
v 0.216885 0.065444 -0.016955
v 0.231463 0.065182 -0.017936
v 0.221091 0.064505 -0.001087
v 0.220729 0.113162 0.003792
v 0.231964 0.112731 0.003285
v 0.231419 0.064244 -0.002154
v 0.231964 0.112731 0.003285
v 0.220729 0.113162 0.003792
v 0.221282 0.265187 0.012572
v 0.232520 0.264704 0.013024
v 0.232520 0.264704 0.013024
v 0.221282 0.265187 0.012572
v 0.221831 0.321012 0.013495
v 0.232153 0.320638 0.014520
v 0.093188 0.023561 0.423167
v 0.101921 0.021309 0.420429
v 0.101958 0.021874 0.393351
v 0.092700 0.024854 0.393569
v 0.106601 0.039851 0.435853
v 0.112835 0.033287 0.432337
v 0.106417 0.025128 0.431836
v 0.098366 0.029392 0.435215
v 0.106417 0.025128 0.431836
v 0.101921 0.021309 0.420429
v 0.093188 0.023561 0.423167
v 0.098366 0.029392 0.435215
v 0.101958 0.021874 0.393351
v 0.101921 0.021309 0.420429
v 0.114840 0.026399 0.414357
v 0.114238 0.028134 0.393692
v 0.116148 0.039406 0.421536
v 0.117209 0.041278 0.394533
v 0.114238 0.028134 0.393692
v 0.114840 0.026399 0.414357
v 0.116148 0.039406 0.421536
v 0.112835 0.033287 0.432337
v 0.106601 0.039851 0.435853
v 0.111740 0.047126 0.424613
v 0.117209 0.041278 0.394533
v 0.116148 0.039406 0.421536
v 0.111740 0.047126 0.424613
v 0.112561 0.048793 0.395027
v -0.093175 0.023561 0.423167
v -0.092687 0.024854 0.393569
v -0.101945 0.021874 0.393351
v -0.101908 0.021309 0.420429
v -0.106588 0.039851 0.435853
v -0.098353 0.029392 0.435215
v -0.106404 0.025128 0.431836
v -0.112822 0.033287 0.432337
v -0.106404 0.025128 0.431836
v -0.098353 0.029392 0.435215
v -0.093175 0.023561 0.423167
v -0.101908 0.021309 0.420429
v -0.101945 0.021874 0.393351
v -0.114226 0.028134 0.393692
v -0.114827 0.026399 0.414357
v -0.101908 0.021309 0.420429
v -0.116135 0.039406 0.421536
v -0.114827 0.026399 0.414357
v -0.114226 0.028134 0.393692
v -0.117196 0.041278 0.394533
v -0.116135 0.039406 0.421536
v -0.111727 0.047126 0.424613
v -0.106588 0.039851 0.435853
v -0.112822 0.033287 0.432337
v -0.117196 0.041278 0.394533
v -0.112548 0.048793 0.395027
v -0.111727 0.047126 0.424613
v -0.116135 0.039406 0.421536
v 0.043030 -0.010741 0.421087
v 0.049401 -0.017005 0.418095
v 0.048894 -0.016316 0.391024
v 0.042931 -0.009765 0.391459
v 0.071795 -0.007044 0.391589
v 0.070761 -0.008359 0.418627
v 0.070860 0.000505 0.421762
v 0.071485 0.002634 0.392215
v 0.063129 -0.003354 0.433220
v 0.065176 -0.012116 0.429571
v 0.055544 -0.016011 0.429331
v 0.050777 -0.008346 0.432916
v 0.055544 -0.016011 0.429331
v 0.049401 -0.017005 0.418095
v 0.043030 -0.010741 0.421087
v 0.050777 -0.008346 0.432916
v 0.048894 -0.016316 0.391024
v 0.049401 -0.017005 0.418095
v 0.062944 -0.018978 0.411594
v 0.062657 -0.017008 0.390942
v 0.070761 -0.008359 0.418627
v 0.071795 -0.007044 0.391589
v 0.062657 -0.017008 0.390942
v 0.062944 -0.018978 0.411594
v 0.070761 -0.008359 0.418627
v 0.065176 -0.012116 0.429571
v 0.063129 -0.003354 0.433220
v 0.070860 0.000505 0.421762
v 0.108664 0.042429 0.424327
v 0.117678 0.041724 0.421673
v 0.117902 0.042311 0.394596
v 0.109119 0.043533 0.394706
v 0.129551 0.064066 0.395922
v 0.128545 0.062013 0.422914
v 0.122835 0.068851 0.425926
v 0.123105 0.071304 0.396399
v 0.118914 0.060782 0.437128
v 0.126228 0.055403 0.433685
v 0.121326 0.046255 0.433125
v 0.112626 0.049055 0.436413
v 0.121326 0.046255 0.433125
v 0.117678 0.041724 0.421673
v 0.108664 0.042429 0.424327
v 0.112626 0.049055 0.436413
v 0.117902 0.042311 0.394596
v 0.117678 0.041724 0.421673
v 0.129597 0.048951 0.415733
v 0.128921 0.050573 0.395059
v 0.128545 0.062013 0.422914
v 0.129551 0.064066 0.395922
v 0.128921 0.050573 0.395059
v 0.129597 0.048951 0.415733
v 0.128545 0.062013 0.422914
v 0.126228 0.055403 0.433685
v 0.118914 0.060782 0.437128
v 0.122835 0.068851 0.425926
v -0.126516 0.110754 0.428479
v -0.126537 0.111851 0.398869
v -0.135164 0.116340 0.399106
v -0.134367 0.115427 0.426163
v -0.123806 0.131511 0.441437
v -0.125486 0.118315 0.440633
v -0.134314 0.121102 0.437683
v -0.133000 0.131390 0.438314
v -0.134314 0.121102 0.437683
v -0.125486 0.118315 0.440633
v -0.126516 0.110754 0.428479
v -0.134367 0.115427 0.426163
v -0.135164 0.116340 0.399106
v -0.139321 0.129464 0.399865
v -0.140081 0.128300 0.420566
v -0.134367 0.115427 0.426163
v -0.131444 0.138244 0.427558
v -0.140081 0.128300 0.420566
v -0.139321 0.129464 0.399865
v -0.132028 0.140804 0.400597
v -0.131444 0.138244 0.427558
v -0.122729 0.140484 0.430301
v -0.123806 0.131511 0.441437
v -0.133000 0.131390 0.438314
v -0.132028 0.140804 0.400597
v -0.123401 0.142774 0.400753
v -0.122729 0.140484 0.430301
v -0.131444 0.138244 0.427558
v 0.038111 0.102581 0.148078
v 0.044967 0.254377 0.157116
v 0.047258 0.253319 0.173246
v 0.042728 0.101506 0.164154
v 0.049832 0.100916 0.163962
v 0.054365 0.252716 0.173366
v 0.058983 0.253596 0.157281
v 0.052124 0.101822 0.147822
v 0.047258 0.253319 0.173246
v 0.044967 0.254377 0.157116
v 0.048964 0.309791 0.162571
v 0.049189 0.309052 0.174271
v 0.055425 0.308588 0.174746
v 0.059830 0.309246 0.162914
v 0.058983 0.253596 0.157281
v 0.054365 0.252716 0.173366
v 0.041843 0.052929 0.159166
v 0.037438 0.053704 0.147353
v 0.038111 0.102581 0.148078
v 0.042728 0.101506 0.164154
v 0.049832 0.100916 0.163962
v 0.052124 0.101822 0.147822
v 0.048305 0.053200 0.146937
v 0.048084 0.052517 0.158639
v 0.048964 0.309791 0.162571
v 0.044967 0.254377 0.157116
v 0.058983 0.253596 0.157281
v 0.059830 0.309246 0.162914
v 0.058983 0.253596 0.157281
v 0.044967 0.254377 0.157116
v 0.038111 0.102581 0.148078
v 0.052124 0.101822 0.147822
v 0.052124 0.101822 0.147822
v 0.038111 0.102581 0.148078
v 0.037438 0.053704 0.147353
v 0.048305 0.053200 0.146937
v 0.041843 0.052929 0.159166
v 0.042728 0.101506 0.164154
v 0.049832 0.100916 0.163962
v 0.048084 0.052517 0.158639
v 0.049832 0.100916 0.163962
v 0.042728 0.101506 0.164154
v 0.047258 0.253319 0.173246
v 0.054365 0.252716 0.173366
v 0.054365 0.252716 0.173366
v 0.047258 0.253319 0.173246
v 0.049189 0.309052 0.174271
v 0.055425 0.308588 0.174746
v 0.027876 0.235988 -0.082248
v 0.027406 0.215357 -0.089240
v 0.015264 0.215357 -0.089240
v 0.014794 0.235988 -0.082248
v 0.014745 0.239759 -0.095017
v 0.015276 0.218764 -0.101074
v 0.027395 0.218764 -0.101074
v 0.027925 0.239759 -0.095017
v 0.015276 0.218764 -0.101074
v 0.015264 0.215357 -0.089240
v 0.027406 0.215357 -0.089240
v 0.027395 0.218764 -0.101074
v 0.027925 0.239759 -0.095017
v 0.027395 0.218764 -0.101074
v 0.027406 0.215357 -0.089240
v 0.027876 0.235988 -0.082248
v 0.015264 0.215357 -0.089240
v 0.015276 0.218764 -0.101074
v 0.014745 0.239759 -0.095017
v 0.014794 0.235988 -0.082248
v -0.008821 -0.026127 0.460959
v -0.008991 -0.033683 0.441151
v -0.015878 -0.029698 0.436180
v -0.015359 -0.020733 0.459675
v 0.015372 -0.020733 0.459675
v 0.015891 -0.029698 0.436180
v 0.009004 -0.033682 0.441151
v 0.008835 -0.026127 0.460959
v -0.015098 -0.018181 0.403481
v -0.007867 -0.031510 0.414879
v 0.007881 -0.031510 0.414879
v 0.015111 -0.018181 0.403481
v -0.008991 -0.033683 0.441151
v -0.008821 -0.026127 0.460959
v 0.008835 -0.026127 0.460959
v 0.009004 -0.033682 0.441151
v 0.015372 -0.020733 0.459675
v 0.022132 -0.002752 0.454909
v 0.022497 -0.017123 0.429784
v 0.015891 -0.029698 0.436180
v -0.022485 -0.017123 0.429784
v -0.022119 -0.002752 0.454909
v -0.015359 -0.020733 0.459675
v -0.015878 -0.029698 0.436180
v -0.015359 -0.020733 0.459675
v -0.008438 -0.016664 0.459090
v -0.005498 -0.018354 0.459420
v -0.008821 -0.026127 0.460959
v -0.008821 -0.026127 0.460959
v -0.005498 -0.018354 0.459420
v 0.005511 -0.018354 0.459420
v 0.008835 -0.026127 0.460959
v 0.008835 -0.026127 0.460959
v 0.005511 -0.018354 0.459420
v 0.008452 -0.016664 0.459090
v 0.015372 -0.020733 0.459675
v 0.015372 -0.020733 0.459675
v 0.008452 -0.016664 0.459090
v 0.013329 -0.002938 0.456332
v 0.022132 -0.002752 0.454909
v -0.022119 -0.002752 0.454909
v -0.013316 -0.002938 0.456332
v -0.008438 -0.016664 0.459090
v -0.015359 -0.020733 0.459675
v -0.008438 -0.016664 0.459090
v -0.008013 -0.022498 0.435374
v -0.005370 -0.023951 0.435613
v -0.005498 -0.018354 0.459420
v -0.005498 -0.018354 0.459420
v -0.005370 -0.023951 0.435613
v 0.005383 -0.023951 0.435613
v 0.005511 -0.018354 0.459420
v 0.005511 -0.018354 0.459420
v 0.005383 -0.023951 0.435613
v 0.008027 -0.022498 0.435374
v 0.008452 -0.016664 0.459090
v 0.008452 -0.016664 0.459090
v 0.008027 -0.022498 0.435374
v 0.011886 -0.013707 0.433587
v 0.013329 -0.002938 0.456332
v -0.013316 -0.002938 0.456332
v -0.011873 -0.013707 0.433587
v -0.008013 -0.022498 0.435374
v -0.008438 -0.016664 0.459090
v -0.011873 -0.013707 0.433587
v 0.011886 -0.013707 0.433587
v 0.008027 -0.022498 0.435374
v -0.008013 -0.022498 0.435374
v -0.008013 -0.022498 0.435374
v 0.008027 -0.022498 0.435374
v 0.005383 -0.023951 0.435613
v -0.005370 -0.023951 0.435613
v -0.007867 -0.031510 0.414879
v -0.015098 -0.018181 0.403481
v -0.022485 -0.017123 0.429784
v -0.015878 -0.029698 0.436180
v -0.007867 -0.031510 0.414879
v -0.008991 -0.033683 0.441151
v 0.009004 -0.033682 0.441151
v 0.007881 -0.031510 0.414879
v 0.022497 -0.017123 0.429784
v 0.015111 -0.018181 0.403481
v 0.007881 -0.031510 0.414879
v 0.015891 -0.029698 0.436180
v -0.027851 0.235988 -0.082248
v -0.014773 0.235988 -0.082248
v -0.015243 0.215357 -0.089240
v -0.027381 0.215357 -0.089240
v -0.014724 0.239759 -0.095017
v -0.027900 0.239759 -0.095017
v -0.027370 0.218764 -0.101074
v -0.015254 0.218764 -0.101074
v -0.015254 0.218764 -0.101074
v -0.027370 0.218764 -0.101074
v -0.027381 0.215357 -0.089240
v -0.015243 0.215357 -0.089240
v -0.027900 0.239759 -0.095017
v -0.027851 0.235988 -0.082248
v -0.027381 0.215357 -0.089240
v -0.027370 0.218764 -0.101074
v -0.015243 0.215357 -0.089240
v -0.014773 0.235988 -0.082248
v -0.014724 0.239759 -0.095017
v -0.015254 0.218764 -0.101074
v -0.089013 0.227827 -0.606427
v -0.278746 0.227412 -0.596921
v -0.277948 0.214135 -0.600532
v -0.091041 0.214361 -0.607465
v -0.266641 0.204930 -0.418993
v -0.286791 0.206428 -0.441236
v -0.278248 0.216835 -0.442023
v -0.258983 0.214336 -0.428042
v 0.000816 0.205364 -0.455283
v -0.007768 0.203608 -0.403530
v -0.007406 0.212455 -0.412488
v 0.000767 0.216168 -0.454518
v -0.266641 0.204930 -0.418993
v -0.258983 0.214336 -0.428042
v -0.007406 0.212455 -0.412488
v -0.007768 0.203608 -0.403530
v -0.046987 0.226579 -0.549047
v -0.048138 0.208029 -0.550110
v 0.000816 0.205364 -0.455283
v 0.000767 0.216168 -0.454518
v -0.289624 0.211667 -0.590272
v -0.282798 0.229596 -0.586376
v -0.278248 0.216835 -0.442023
v -0.286791 0.206428 -0.441236
v -0.278248 0.216835 -0.442023
v -0.282798 0.229596 -0.586376
v -0.046987 0.226579 -0.549047
v 0.000767 0.216168 -0.454518
v -0.258983 0.214336 -0.428042
v -0.278248 0.216835 -0.442023
v 0.000767 0.216168 -0.454518
v -0.007406 0.212455 -0.412488
v -0.286791 0.206428 -0.441236
v -0.266641 0.204930 -0.418993
v -0.007768 0.203608 -0.403530
v 0.000816 0.205364 -0.455283
v -0.289624 0.211667 -0.590272
v -0.286791 0.206428 -0.441236
v 0.000816 0.205364 -0.455283
v -0.048138 0.208029 -0.550110
v -0.277948 0.214135 -0.600532
v -0.289624 0.211667 -0.590272
v -0.048138 0.208029 -0.550110
v -0.091041 0.214361 -0.607465
v -0.278746 0.227412 -0.596921
v -0.282798 0.229596 -0.586376
v -0.289624 0.211667 -0.590272
v -0.277948 0.214135 -0.600532
v -0.282798 0.229596 -0.586376
v -0.278746 0.227412 -0.596921
v -0.089013 0.227827 -0.606427
v -0.046987 0.226579 -0.549047
v -0.089013 0.227827 -0.606427
v -0.091041 0.214361 -0.607465
v -0.048138 0.208029 -0.550110
v -0.046987 0.226579 -0.549047
v 0.003637 0.369486 -0.611668
v -0.003624 0.369486 -0.611668
v -0.003671 0.307420 -0.618562
v 0.003683 0.307420 -0.618562
v 0.010707 0.366993 -0.543125
v 0.003637 0.369486 -0.611668
v 0.003683 0.307420 -0.618562
v 0.010881 0.303530 -0.550904
v -0.003671 0.307420 -0.618562
v -0.003624 0.369486 -0.611668
v -0.010694 0.366993 -0.543125
v -0.010868 0.303530 -0.550904
v -0.005205 0.259396 -0.408572
v -0.004726 0.273552 -0.390602
v 0.004739 0.273552 -0.390602
v 0.005218 0.259396 -0.408572
v 0.004663 0.341863 -0.386308
v -0.004650 0.341863 -0.386308
v -0.004852 0.365173 -0.401879
v 0.004865 0.365173 -0.401879
v 0.004686 0.313748 -0.379271
v -0.004673 0.313748 -0.379271
v -0.004650 0.341863 -0.386308
v 0.004663 0.341863 -0.386308
v 0.004666 0.297042 -0.380281
v -0.004653 0.297042 -0.380281
v -0.004673 0.313748 -0.379271
v 0.004686 0.313748 -0.379271
v 0.004739 0.273552 -0.390602
v -0.004726 0.273552 -0.390602
v -0.004653 0.297042 -0.380281
v 0.004666 0.297042 -0.380281
v -0.004650 0.341863 -0.386308
v -0.004673 0.313748 -0.379271
v -0.004653 0.297042 -0.380281
v -0.004726 0.273552 -0.390602
v 0.005218 0.259396 -0.408572
v 0.004739 0.273552 -0.390602
v 0.004663 0.341863 -0.386308
v 0.004865 0.365173 -0.401879
v 0.006231 0.418095 -0.467096
v -0.006219 0.418095 -0.467096
v -0.005735 0.423835 -0.485267
v 0.005748 0.423835 -0.485267
v 0.005332 0.425915 -0.518808
v 0.002432 0.427134 -0.534984
v 0.003253 0.423682 -0.553925
v 0.011285 0.420488 -0.525725
v 0.002432 0.427134 -0.534984
v -0.002419 0.427134 -0.534984
v -0.003240 0.423682 -0.553925
v 0.003253 0.423682 -0.553925
v -0.003240 0.423682 -0.553925
v -0.002419 0.427134 -0.534984
v -0.005320 0.425915 -0.518808
v -0.011271 0.420488 -0.525725
v -0.011051 0.391784 -0.542317
v -0.003613 0.393903 -0.598228
v -0.003544 0.413417 -0.575357
v -0.011384 0.410853 -0.535295
v 0.005409 0.392819 -0.426777
v -0.005397 0.392819 -0.426777
v -0.005962 0.411630 -0.452028
v 0.005975 0.411630 -0.452028
v 0.011397 0.410853 -0.535295
v 0.003557 0.413417 -0.575357
v 0.003626 0.393903 -0.598228
v 0.011064 0.391784 -0.542317
v 0.003557 0.413417 -0.575357
v -0.003544 0.413417 -0.575357
v -0.003613 0.393903 -0.598228
v 0.003626 0.393903 -0.598228
v 0.004865 0.365173 -0.401879
v -0.004852 0.365173 -0.401879
v -0.005397 0.392819 -0.426777
v 0.005409 0.392819 -0.426777
v 0.011064 0.391784 -0.542317
v 0.003626 0.393903 -0.598228
v 0.003637 0.369486 -0.611668
v 0.010707 0.366993 -0.543125
v 0.003626 0.393903 -0.598228
v -0.003613 0.393903 -0.598228
v -0.003624 0.369486 -0.611668
v 0.003637 0.369486 -0.611668
v -0.003624 0.369486 -0.611668
v -0.003613 0.393903 -0.598228
v -0.011051 0.391784 -0.542317
v -0.010694 0.366993 -0.543125
v 0.005975 0.411630 -0.452028
v -0.005962 0.411630 -0.452028
v -0.006219 0.418095 -0.467096
v 0.006231 0.418095 -0.467096
v 0.011285 0.420488 -0.525725
v 0.003253 0.423682 -0.553925
v 0.003557 0.413417 -0.575357
v 0.011397 0.410853 -0.535295
v 0.003253 0.423682 -0.553925
v -0.003240 0.423682 -0.553925
v -0.003544 0.413417 -0.575357
v 0.003557 0.413417 -0.575357
v -0.003544 0.413417 -0.575357
v -0.003240 0.423682 -0.553925
v -0.011271 0.420488 -0.525725
v -0.011384 0.410853 -0.535295
v 0.003683 0.307420 -0.618562
v -0.003671 0.307420 -0.618562
v -0.003627 0.266824 -0.612173
v 0.003640 0.266824 -0.612173
v 0.003683 0.307420 -0.618562
v 0.003640 0.266824 -0.612173
v 0.011036 0.255717 -0.551129
v 0.010881 0.303530 -0.550904
v 0.005597 0.250592 -0.419505
v -0.005674 0.250652 -0.419587
v -0.005205 0.259396 -0.408572
v 0.005218 0.259396 -0.408572
v -0.011022 0.255719 -0.551129
v -0.003627 0.266824 -0.612173
v -0.003671 0.307420 -0.618562
v -0.010868 0.303530 -0.550904
v -0.003552 0.238902 -0.597136
v -0.011160 0.240801 -0.541223
v -0.011324 0.219779 -0.523422
v -0.003508 0.217250 -0.569414
v 0.003565 0.238902 -0.597136
v -0.003552 0.238902 -0.597136
v -0.003508 0.217250 -0.569414
v 0.003521 0.217250 -0.569414
v 0.003521 0.217250 -0.569414
v 0.011339 0.219783 -0.523421
v 0.011173 0.240799 -0.541223
v 0.003565 0.238902 -0.597136
v 0.006194 0.222016 -0.426509
v -0.006183 0.222011 -0.426509
v -0.005934 0.240596 -0.425248
v 0.005749 0.237609 -0.425165
v 0.003640 0.266824 -0.612173
v -0.003627 0.266824 -0.612173
v -0.003552 0.238902 -0.597136
v 0.003565 0.238902 -0.597136
v 0.003640 0.266824 -0.612173
v 0.003565 0.238902 -0.597136
v 0.011173 0.240799 -0.541223
v 0.011036 0.255717 -0.551129
v 0.005749 0.237609 -0.425165
v -0.005934 0.240596 -0.425248
v -0.005674 0.250652 -0.419587
v 0.005597 0.250592 -0.419505
v -0.011160 0.240801 -0.541223
v -0.003552 0.238902 -0.597136
v -0.003627 0.266824 -0.612173
v -0.011022 0.255719 -0.551129
v 0.003521 0.217250 -0.569414
v -0.003508 0.217250 -0.569414
v -0.003678 0.173704 -0.458980
v 0.003691 0.173704 -0.458980
v 0.003521 0.217250 -0.569414
v 0.003691 0.173704 -0.458980
v 0.010299 0.183612 -0.445036
v 0.011339 0.219783 -0.523421
v 0.006330 0.200928 -0.415342
v -0.006317 0.200928 -0.415342
v -0.006183 0.222011 -0.426509
v 0.006194 0.222016 -0.426509
v -0.010287 0.183612 -0.445036
v -0.003678 0.173704 -0.458980
v -0.003508 0.217250 -0.569414
v -0.011324 0.219779 -0.523422
v -0.011051 0.391784 -0.542317
v -0.005397 0.392819 -0.426777
v -0.004852 0.365173 -0.401879
v -0.010694 0.366993 -0.543125
v -0.005397 0.392819 -0.426777
v -0.011051 0.391784 -0.542317
v -0.011384 0.410853 -0.535295
v -0.005962 0.411630 -0.452028
v -0.011271 0.420488 -0.525725
v -0.006219 0.418095 -0.467096
v -0.005962 0.411630 -0.452028
v -0.011384 0.410853 -0.535295
v -0.005320 0.425915 -0.518808
v -0.005735 0.423835 -0.485267
v -0.006219 0.418095 -0.467096
v -0.011271 0.420488 -0.525725
v 0.006231 0.418095 -0.467096
v 0.005748 0.423835 -0.485267
v 0.005332 0.425915 -0.518808
v 0.011285 0.420488 -0.525725
v 0.005975 0.411630 -0.452028
v 0.006231 0.418095 -0.467096
v 0.011285 0.420488 -0.525725
v 0.011397 0.410853 -0.535295
v 0.005975 0.411630 -0.452028
v 0.011397 0.410853 -0.535295
v 0.011064 0.391784 -0.542317
v 0.005409 0.392819 -0.426777
v 0.004865 0.365173 -0.401879
v 0.005409 0.392819 -0.426777
v 0.011064 0.391784 -0.542317
v 0.010707 0.366993 -0.543125
v 0.005218 0.259396 -0.408572
v 0.004865 0.365173 -0.401879
v 0.010707 0.366993 -0.543125
v 0.010881 0.303530 -0.550904
v 0.011036 0.255717 -0.551129
v 0.005597 0.250592 -0.419505
v 0.005218 0.259396 -0.408572
v 0.010881 0.303530 -0.550904
v 0.011173 0.240799 -0.541223
v 0.005749 0.237609 -0.425165
v 0.005597 0.250592 -0.419505
v 0.011036 0.255717 -0.551129
v 0.011339 0.219783 -0.523421
v 0.006194 0.222016 -0.426509
v 0.005749 0.237609 -0.425165
v 0.011173 0.240799 -0.541223
v 0.010299 0.183612 -0.445036
v 0.006330 0.200928 -0.415342
v 0.006194 0.222016 -0.426509
v 0.011339 0.219783 -0.523421
v -0.006183 0.222011 -0.426509
v -0.006317 0.200928 -0.415342
v -0.010287 0.183612 -0.445036
v -0.011324 0.219779 -0.523422
v -0.011160 0.240801 -0.541223
v -0.005934 0.240596 -0.425248
v -0.006183 0.222011 -0.426509
v -0.011324 0.219779 -0.523422
v -0.005674 0.250652 -0.419587
v -0.005934 0.240596 -0.425248
v -0.011160 0.240801 -0.541223
v -0.011022 0.255719 -0.551129
v -0.005205 0.259396 -0.408572
v -0.005674 0.250652 -0.419587
v -0.011022 0.255719 -0.551129
v -0.010868 0.303530 -0.550904
v -0.010694 0.366993 -0.543125
v -0.004852 0.365173 -0.401879
v -0.005205 0.259396 -0.408572
v -0.010868 0.303530 -0.550904
v 0.005748 0.423835 -0.485267
v -0.005735 0.423835 -0.485267
v -0.005320 0.425915 -0.518808
v 0.005332 0.425915 -0.518808
v 0.005332 0.425915 -0.518808
v -0.005320 0.425915 -0.518808
v -0.002419 0.427134 -0.534984
v 0.002432 0.427134 -0.534984
v 0.004666 0.297042 -0.380281
v 0.004686 0.313748 -0.379271
v -0.005205 0.259396 -0.408572
v -0.004852 0.365173 -0.401879
v 0.136130 -0.050600 0.211853
v 0.101784 0.057100 0.053310
v 0.115441 0.061077 0.053392
v 0.150716 -0.046668 0.211852
v 0.104318 0.047982 0.047000
v 0.139007 -0.059757 0.205464
v 0.153353 -0.055767 0.205557
v 0.118197 0.051928 0.047011
v 0.136130 -0.050600 0.211853
v 0.139007 -0.059757 0.205464
v 0.104318 0.047982 0.047000
v 0.101784 0.057100 0.053310
v 0.153353 -0.055767 0.205557
v 0.150716 -0.046668 0.211852
v 0.115441 0.061077 0.053392
v 0.118197 0.051928 0.047011
v 0.151763 -0.011254 0.189384
v 0.154245 -0.020852 0.171229
v 0.164291 -0.023069 0.175449
v 0.162050 -0.014746 0.191263
v 0.154245 -0.020852 0.171229
v 0.158273 -0.037587 0.159751
v 0.167933 -0.037598 0.165436
v 0.164291 -0.023069 0.175449
v 0.158273 -0.037587 0.159751
v 0.162929 -0.057633 0.157580
v 0.172147 -0.055020 0.163521
v 0.167933 -0.037598 0.165436
v 0.162929 -0.057633 0.157580
v 0.167149 -0.076403 0.165221
v 0.175971 -0.071351 0.170161
v 0.172147 -0.055020 0.163521
v 0.167149 -0.076403 0.165221
v 0.169962 -0.089596 0.180934
v 0.178525 -0.082837 0.183846
v 0.175971 -0.071351 0.170161
v 0.169962 -0.089596 0.180934
v 0.170719 -0.094181 0.201121
v 0.179219 -0.086838 0.201436
v 0.178525 -0.082837 0.183846
v 0.179219 -0.086838 0.201436
v 0.170719 -0.094181 0.201121
v 0.169242 -0.089100 0.221153
v 0.177894 -0.082434 0.218895
v 0.169242 -0.089100 0.221153
v 0.165872 -0.075515 0.236429
v 0.174851 -0.070634 0.232218
v 0.177894 -0.082434 0.218895
v 0.165872 -0.075515 0.236429
v 0.161388 -0.056549 0.243444
v 0.170790 -0.054144 0.238345
v 0.174851 -0.070634 0.232218
v 0.161388 -0.056549 0.243444
v 0.156820 -0.036554 0.240597
v 0.166649 -0.036752 0.235868
v 0.170790 -0.054144 0.238345
v 0.156820 -0.036554 0.240597
v 0.153215 -0.020112 0.228550
v 0.163377 -0.022456 0.225370
v 0.166649 -0.036752 0.235868
v 0.153215 -0.020112 0.228550
v 0.151391 -0.010985 0.210068
v 0.161719 -0.014521 0.209272
v 0.163377 -0.022456 0.225370
v 0.161719 -0.014521 0.209272
v 0.151391 -0.010985 0.210068
v 0.151763 -0.011254 0.189384
v 0.162050 -0.014746 0.191263
v 0.162050 -0.014746 0.191263
v 0.164291 -0.023069 0.175449
v 0.165492 -0.032531 0.183150
v 0.163877 -0.026540 0.194536
v 0.164291 -0.023069 0.175449
v 0.167933 -0.037598 0.165436
v 0.168128 -0.042993 0.175959
v 0.165492 -0.032531 0.183150
v 0.167933 -0.037598 0.165436
v 0.172147 -0.055020 0.163521
v 0.171178 -0.055517 0.174614
v 0.168128 -0.042993 0.175959
v 0.172147 -0.055020 0.163521
v 0.175971 -0.071351 0.170161
v 0.173941 -0.067222 0.179416
v 0.171178 -0.055517 0.174614
v 0.175971 -0.071351 0.170161
v 0.178525 -0.082837 0.183846
v 0.175784 -0.075426 0.189249
v 0.173941 -0.067222 0.179416
v 0.178525 -0.082837 0.183846
v 0.179219 -0.086838 0.201436
v 0.176288 -0.078263 0.201853
v 0.175784 -0.075426 0.189249
v 0.176288 -0.078263 0.201853
v 0.179219 -0.086838 0.201436
v 0.177894 -0.082434 0.218895
v 0.175341 -0.075098 0.214348
v 0.177894 -0.082434 0.218895
v 0.174851 -0.070634 0.232218
v 0.173160 -0.066657 0.223885
v 0.175341 -0.075098 0.214348
v 0.174851 -0.070634 0.232218
v 0.170790 -0.054144 0.238345
v 0.170241 -0.054863 0.228291
v 0.173160 -0.066657 0.223885
v 0.166649 -0.036752 0.235868
v 0.167251 -0.042402 0.226553
v 0.170241 -0.054863 0.228291
v 0.170790 -0.054144 0.238345
v 0.166649 -0.036752 0.235868
v 0.163377 -0.022456 0.225370
v 0.164872 -0.032125 0.219051
v 0.167251 -0.042402 0.226553
v 0.163377 -0.022456 0.225370
v 0.161719 -0.014521 0.209272
v 0.163653 -0.026395 0.207496
v 0.164872 -0.032125 0.219051
v 0.163653 -0.026395 0.207496
v 0.161719 -0.014521 0.209272
v 0.162050 -0.014746 0.191263
v 0.163877 -0.026540 0.194536
v 0.145086 -0.025563 0.172942
v 0.154245 -0.020852 0.171229
v 0.151763 -0.011254 0.189384
v 0.142659 -0.016592 0.189993
v 0.149052 -0.041219 0.162148
v 0.158273 -0.037587 0.159751
v 0.154245 -0.020852 0.171229
v 0.145086 -0.025563 0.172942
v 0.153654 -0.059990 0.160085
v 0.162929 -0.057633 0.157580
v 0.158273 -0.037587 0.159751
v 0.149052 -0.041219 0.162148
v 0.157840 -0.077584 0.167242
v 0.167149 -0.076403 0.165221
v 0.162929 -0.057633 0.157580
v 0.153654 -0.059990 0.160085
v 0.160647 -0.089962 0.181993
v 0.169962 -0.089596 0.180934
v 0.167149 -0.076403 0.165221
v 0.157840 -0.077584 0.167242
v 0.161429 -0.094275 0.200962
v 0.170719 -0.094181 0.201121
v 0.169962 -0.089596 0.180934
v 0.160647 -0.089962 0.181993
v 0.160001 -0.089521 0.219792
v 0.169242 -0.089100 0.221153
v 0.170719 -0.094181 0.201121
v 0.161429 -0.094275 0.200962
v 0.156693 -0.076794 0.234151
v 0.165872 -0.075515 0.236429
v 0.169242 -0.089100 0.221153
v 0.160001 -0.089521 0.219792
v 0.152266 -0.059024 0.240744
v 0.161388 -0.056549 0.243444
v 0.165872 -0.075515 0.236429
v 0.156693 -0.076794 0.234151
v 0.152266 -0.059024 0.240744
v 0.147742 -0.040295 0.238069
v 0.156820 -0.036554 0.240597
v 0.161388 -0.056549 0.243444
v 0.144155 -0.024900 0.226756
v 0.153215 -0.020112 0.228550
v 0.156820 -0.036554 0.240597
v 0.147742 -0.040295 0.238069
v 0.142322 -0.016352 0.209408
v 0.151391 -0.010985 0.210068
v 0.153215 -0.020112 0.228550
v 0.144155 -0.024900 0.226756
v 0.151763 -0.011254 0.189384
v 0.151391 -0.010985 0.210068
v 0.142322 -0.016352 0.209408
v 0.142659 -0.016592 0.189993
v 0.164872 -0.032125 0.219051
v 0.163653 -0.026395 0.207496
v 0.170726 -0.031662 0.206730
v 0.171383 -0.036016 0.215357
v 0.167251 -0.042402 0.226553
v 0.164872 -0.032125 0.219051
v 0.171383 -0.036016 0.215357
v 0.172982 -0.043742 0.220958
v 0.167251 -0.042402 0.226553
v 0.172982 -0.043742 0.220958
v 0.175157 -0.053074 0.222264
v 0.170241 -0.054863 0.228291
v 0.173160 -0.066657 0.223885
v 0.170241 -0.054863 0.228291
v 0.175157 -0.053074 0.222264
v 0.177412 -0.061884 0.218983
v 0.175341 -0.075098 0.214348
v 0.173160 -0.066657 0.223885
v 0.177412 -0.061884 0.218983
v 0.179234 -0.068171 0.211860
v 0.180206 -0.070490 0.202510
v 0.176288 -0.078263 0.201853
v 0.175341 -0.075098 0.214348
v 0.179234 -0.068171 0.211860
v 0.175784 -0.075426 0.189249
v 0.176288 -0.078263 0.201853
v 0.180206 -0.070490 0.202510
v 0.180104 -0.068301 0.193069
v 0.173941 -0.067222 0.179416
v 0.175784 -0.075426 0.189249
v 0.180104 -0.068301 0.193069
v 0.178948 -0.062092 0.185704
v 0.171178 -0.055517 0.174614
v 0.173941 -0.067222 0.179416
v 0.178948 -0.062092 0.185704
v 0.177001 -0.053285 0.182114
v 0.168128 -0.042993 0.175959
v 0.171178 -0.055517 0.174614
v 0.177001 -0.053285 0.182114
v 0.174710 -0.043903 0.183132
v 0.165492 -0.032531 0.183150
v 0.168128 -0.042993 0.175959
v 0.174710 -0.043903 0.183132
v 0.172603 -0.036108 0.188524
v 0.163877 -0.026540 0.194536
v 0.165492 -0.032531 0.183150
v 0.172603 -0.036108 0.188524
v 0.171165 -0.031691 0.197045
v 0.170726 -0.031662 0.206730
v 0.163653 -0.026395 0.207496
v 0.163877 -0.026540 0.194536
v 0.171165 -0.031691 0.197045
v 0.130565 0.094847 0.317189
v 0.110694 0.087490 0.322670
v 0.110591 0.115159 0.332667
v 0.137739 0.115653 0.324564
v 0.137739 0.115653 0.324564
v 0.110591 0.115159 0.332667
v 0.110694 0.143838 0.326103
v 0.130565 0.137201 0.319769
v 0.132588 0.145670 0.264389
v 0.091895 0.163467 0.250833
v 0.078545 0.140404 0.146381
v 0.091968 0.136972 0.145942
v 0.086278 0.134567 0.139889
v 0.076512 0.136318 0.138160
v 0.075927 0.127219 0.134713
v 0.089223 0.127063 0.137277
v 0.089223 0.127063 0.137277
v 0.075927 0.127219 0.134713
v 0.076512 0.117770 0.137030
v 0.086278 0.119297 0.138959
v 0.078511 0.112695 0.144713
v 0.088824 0.077112 0.245580
v 0.132566 0.093145 0.261178
v 0.091948 0.116155 0.144679
v 0.141650 0.119427 0.262613
v 0.132588 0.145670 0.264389
v 0.091968 0.136972 0.145942
v 0.097040 0.126586 0.145106
v 0.091948 0.116155 0.144679
v 0.132566 0.093145 0.261178
v 0.141650 0.119427 0.262613
v 0.097040 0.126586 0.145106
v 0.130565 0.137201 0.319769
v 0.110694 0.143838 0.326103
v 0.110757 0.154986 0.302675
v 0.137889 0.145494 0.302135
v 0.137889 0.145494 0.302135
v 0.110757 0.154986 0.302675
v 0.091895 0.163467 0.250833
v 0.132588 0.145670 0.264389
v 0.132566 0.093145 0.261178
v 0.088824 0.077112 0.245580
v 0.110730 0.079254 0.298031
v 0.137881 0.088746 0.298670
v 0.137881 0.088746 0.298670
v 0.110730 0.079254 0.298031
v 0.110694 0.087490 0.322670
v 0.130565 0.094847 0.317189
v 0.132588 0.145670 0.264389
v 0.141650 0.119427 0.262613
v 0.147551 0.117128 0.300343
v 0.137889 0.145494 0.302135
v 0.141650 0.119427 0.262613
v 0.132566 0.093145 0.261178
v 0.137881 0.088746 0.298670
v 0.147551 0.117128 0.300343
v 0.147551 0.117128 0.300343
v 0.137881 0.088746 0.298670
v 0.130565 0.094847 0.317189
v 0.137739 0.115653 0.324564
v 0.137889 0.145494 0.302135
v 0.147551 0.117128 0.300343
v 0.137739 0.115653 0.324564
v 0.130565 0.137201 0.319769
v 0.086278 0.119297 0.138959
v 0.076512 0.117770 0.137030
v 0.078511 0.112695 0.144713
v 0.091948 0.116155 0.144679
v 0.091968 0.136972 0.145942
v 0.078545 0.140404 0.146381
v 0.076512 0.136318 0.138160
v 0.086278 0.134567 0.139889
v 0.086278 0.119297 0.138959
v 0.091948 0.116155 0.144679
v 0.097040 0.126586 0.145106
v 0.089223 0.127063 0.137277
v 0.089223 0.127063 0.137277
v 0.097040 0.126586 0.145106
v 0.091968 0.136972 0.145942
v 0.086278 0.134567 0.139889
v 0.050852 0.256411 0.384720
v 0.058079 0.258214 0.383852
v 0.077472 0.247346 0.383153
v 0.078694 0.241842 0.383878
v 0.058079 0.258214 0.383852
v 0.058079 0.259637 0.360501
v 0.077472 0.248764 0.359876
v 0.077472 0.247346 0.383153
v 0.058079 0.259637 0.360501
v 0.050852 0.257952 0.359423
v 0.078694 0.243388 0.358490
v 0.077472 0.248764 0.359876
v 0.078694 0.241842 0.383878
v 0.077472 0.247346 0.383153
v 0.077472 0.248764 0.359876
v 0.078694 0.243388 0.358490
v 0.050852 0.257952 0.359423
v 0.058079 0.259637 0.360501
v 0.058079 0.258214 0.383852
v 0.050852 0.256411 0.384720
v 0.035523 0.228522 0.395067
v 0.045427 0.245519 0.394622
v 0.077909 0.230355 0.393593
v 0.069039 0.213376 0.394319
v 0.045427 0.248343 0.348271
v 0.035523 0.231525 0.345767
v 0.069039 0.216401 0.344670
v 0.077909 0.233166 0.347451
v 0.035523 0.231525 0.345767
v 0.045427 0.248343 0.348271
v 0.045427 0.245519 0.394622
v 0.035523 0.228522 0.395067
v 0.045427 0.245519 0.394622
v 0.050852 0.256411 0.384720
v 0.078694 0.241842 0.383878
v 0.077909 0.230355 0.393593
v 0.045427 0.248343 0.348271
v 0.050852 0.257952 0.359423
v 0.050852 0.256411 0.384720
v 0.045427 0.245519 0.394622
v 0.050852 0.257952 0.359423
v 0.045427 0.248343 0.348271
v 0.077909 0.233166 0.347451
v 0.078694 0.243388 0.358490
v 0.077909 0.230355 0.393593
v 0.078694 0.241842 0.383878
v 0.078694 0.243388 0.358490
v 0.077909 0.233166 0.347451
v 0.077909 0.230355 0.393593
v 0.077909 0.233166 0.347451
v 0.069039 0.216401 0.344670
v 0.069039 0.213376 0.394319
v 0.009840 0.054064 0.422695
v 0.008858 0.057473 0.467501
v 0.028614 0.065438 0.467990
v 0.032160 0.063059 0.423243
v -0.014179 0.055626 0.422790
v -0.012406 0.058852 0.467579
v 0.008858 0.057473 0.467501
v 0.009840 0.054064 0.422695
v 0.032160 0.063059 0.423243
v 0.028614 0.065438 0.467990
v 0.042952 0.081167 0.468950
v 0.048359 0.080828 0.424326
v -0.030968 0.069304 0.468210
v -0.012406 0.058852 0.467579
v -0.014179 0.055626 0.422790
v -0.035140 0.067438 0.423510
v 0.048359 0.080828 0.424326
v 0.042952 0.081167 0.468950
v 0.049035 0.101548 0.470191
v 0.055230 0.103854 0.425729
v -0.048891 0.087157 0.424711
v -0.043149 0.086762 0.469268
v -0.030968 0.069304 0.468210
v -0.035140 0.067438 0.423510
v 0.049035 0.101548 0.470191
v 0.045658 0.122546 0.471468
v 0.051413 0.127574 0.427174
v 0.055230 0.103854 0.425729
v -0.046533 0.107768 0.470544
v -0.043149 0.086762 0.469268
v -0.048891 0.087157 0.424711
v -0.052709 0.110877 0.426157
v 0.051413 0.127574 0.427174
v 0.045658 0.122546 0.471468
v 0.033488 0.140006 0.472526
v 0.037661 0.147293 0.428375
v -0.045838 0.133903 0.427560
v -0.040448 0.128160 0.471786
v -0.046533 0.107768 0.470544
v -0.052709 0.110877 0.426157
v 0.037661 0.147293 0.428375
v 0.033488 0.140006 0.472526
v 0.014934 0.150466 0.473158
v 0.016701 0.159104 0.429095
v -0.029638 0.151673 0.428642
v -0.026100 0.143896 0.472747
v -0.040448 0.128160 0.471786
v -0.045838 0.133903 0.427560
v 0.014934 0.150466 0.473158
v -0.006333 0.151856 0.473236
v -0.007318 0.160667 0.429190
v 0.016701 0.159104 0.429095
v -0.007318 0.160667 0.429190
v -0.006333 0.151856 0.473236
v -0.026100 0.143896 0.472747
v -0.029638 0.151673 0.428642
v 0.008858 0.057473 0.467501
v 0.007047 0.067535 0.470820
v 0.022552 0.073787 0.471197
v 0.028614 0.065438 0.467990
v -0.012406 0.058852 0.467579
v -0.009644 0.068616 0.470891
v 0.007047 0.067535 0.470820
v 0.008858 0.057473 0.467501
v 0.028614 0.065438 0.467990
v 0.022552 0.073787 0.471197
v 0.033805 0.086134 0.471948
v 0.042952 0.081167 0.468950
v -0.024214 0.076818 0.471395
v -0.009644 0.068616 0.470891
v -0.012406 0.058852 0.467579
v -0.030968 0.069304 0.468210
v 0.042952 0.081167 0.468950
v 0.033805 0.086134 0.471948
v 0.038580 0.102129 0.472923
v 0.049035 0.101548 0.470191
v -0.043149 0.086762 0.469268
v -0.033776 0.090520 0.472234
v -0.024214 0.076818 0.471395
v -0.030968 0.069304 0.468210
v 0.038580 0.102129 0.472923
v 0.035929 0.118609 0.473930
v 0.045658 0.122546 0.471468
v 0.049035 0.101548 0.470191
v -0.036434 0.107010 0.473242
v -0.033776 0.090520 0.472234
v -0.043149 0.086762 0.469268
v -0.046533 0.107768 0.470544
v 0.045658 0.122546 0.471468
v 0.035929 0.118609 0.473930
v 0.026379 0.132313 0.474769
v 0.033488 0.140006 0.472526
v -0.040448 0.128160 0.471786
v -0.031657 0.123016 0.474218
v -0.036434 0.107010 0.473242
v -0.046533 0.107768 0.470544
v 0.033488 0.140006 0.472526
v 0.026379 0.132313 0.474769
v 0.011816 0.140525 0.475274
v 0.014934 0.150466 0.473158
v -0.026100 0.143896 0.472747
v -0.020394 0.135368 0.474969
v -0.031657 0.123016 0.474218
v -0.040448 0.128160 0.471786
v 0.011816 0.140525 0.475274
v -0.004878 0.141617 0.475346
v -0.006333 0.151856 0.473236
v 0.014934 0.150466 0.473158
v -0.006333 0.151856 0.473236
v -0.004878 0.141617 0.475346
v -0.020394 0.135368 0.474969
v -0.026100 0.143896 0.472747
v 0.007047 0.067535 0.470820
v 0.006749 0.071900 0.430171
v 0.021468 0.077831 0.430532
v 0.022552 0.073787 0.471197
v -0.009644 0.068616 0.470891
v -0.009091 0.072931 0.430234
v 0.006749 0.071900 0.430171
v 0.007047 0.067535 0.470820
v 0.022552 0.073787 0.471197
v 0.021468 0.077831 0.430532
v 0.032151 0.089550 0.431246
v 0.033805 0.086134 0.471948
v -0.009091 0.072931 0.430234
v -0.009644 0.068616 0.470891
v -0.024214 0.076818 0.471395
v -0.022914 0.080720 0.430708
v 0.033805 0.086134 0.471948
v 0.032151 0.089550 0.431246
v 0.036683 0.104734 0.432171
v 0.038580 0.102129 0.472923
v -0.033776 0.090520 0.472234
v -0.031982 0.093722 0.431500
v -0.022914 0.080720 0.430708
v -0.024214 0.076818 0.471395
v 0.034164 0.120377 0.433124
v 0.035929 0.118609 0.473930
v 0.038580 0.102129 0.472923
v 0.036683 0.104734 0.432171
v -0.031982 0.093722 0.431500
v -0.033776 0.090520 0.472234
v -0.036434 0.107010 0.473242
v -0.034500 0.109366 0.432454
v 0.035929 0.118609 0.473930
v 0.034164 0.120377 0.433124
v 0.025096 0.133381 0.433917
v 0.026379 0.132313 0.474769
v -0.031657 0.123016 0.474218
v -0.029968 0.124550 0.433379
v -0.034500 0.109366 0.432454
v -0.036434 0.107010 0.473242
v 0.026379 0.132313 0.474769
v 0.025096 0.133381 0.433917
v 0.011273 0.141169 0.434391
v 0.011816 0.140525 0.475274
v -0.020394 0.135368 0.474969
v -0.019286 0.136269 0.434093
v -0.029968 0.124550 0.433379
v -0.031657 0.123016 0.474218
v -0.004567 0.142200 0.434454
v -0.004878 0.141617 0.475346
v 0.011816 0.140525 0.475274
v 0.011273 0.141169 0.434391
v -0.004878 0.141617 0.475346
v -0.004567 0.142200 0.434454
v -0.019286 0.136269 0.434093
v -0.020394 0.135368 0.474969
v -0.130552 0.094847 0.317189
v -0.137726 0.115653 0.324564
v -0.110578 0.115159 0.332667
v -0.110682 0.087490 0.322670
v -0.137726 0.115653 0.324564
v -0.130552 0.137201 0.319769
v -0.110682 0.143838 0.326103
v -0.110578 0.115159 0.332667
v -0.132575 0.145670 0.264389
v -0.091955 0.136972 0.145942
v -0.078532 0.140404 0.146381
v -0.091882 0.163467 0.250833
v -0.086265 0.134567 0.139889
v -0.089210 0.127063 0.137277
v -0.075914 0.127219 0.134713
v -0.076499 0.136318 0.138160
v -0.089210 0.127063 0.137277
v -0.086265 0.119297 0.138959
v -0.076499 0.117770 0.137030
v -0.075914 0.127219 0.134713
v -0.078498 0.112695 0.144713
v -0.091935 0.116155 0.144679
v -0.132553 0.093145 0.261178
v -0.088811 0.077112 0.245580
v -0.141637 0.119427 0.262613
v -0.097027 0.126586 0.145106
v -0.091955 0.136972 0.145942
v -0.132575 0.145670 0.264389
v -0.091935 0.116155 0.144679
v -0.097027 0.126586 0.145106
v -0.141637 0.119427 0.262613
v -0.132553 0.093145 0.261178
v -0.130552 0.137201 0.319769
v -0.137876 0.145494 0.302135
v -0.110744 0.154986 0.302675
v -0.110682 0.143838 0.326103
v -0.137876 0.145494 0.302135
v -0.132575 0.145670 0.264389
v -0.091882 0.163467 0.250833
v -0.110744 0.154986 0.302675
v -0.132553 0.093145 0.261178
v -0.137868 0.088746 0.298670
v -0.110717 0.079254 0.298031
v -0.088811 0.077112 0.245580
v -0.137868 0.088746 0.298670
v -0.130552 0.094847 0.317189
v -0.110682 0.087490 0.322670
v -0.110717 0.079254 0.298031
v -0.132575 0.145670 0.264389
v -0.137876 0.145494 0.302135
v -0.147539 0.117128 0.300343
v -0.141637 0.119427 0.262613
v -0.141637 0.119427 0.262613
v -0.147539 0.117128 0.300343
v -0.137868 0.088746 0.298670
v -0.132553 0.093145 0.261178
v -0.147539 0.117128 0.300343
v -0.137726 0.115653 0.324564
v -0.130552 0.094847 0.317189
v -0.137868 0.088746 0.298670
v -0.137876 0.145494 0.302135
v -0.130552 0.137201 0.319769
v -0.137726 0.115653 0.324564
v -0.147539 0.117128 0.300343
v -0.086265 0.119297 0.138959
v -0.091935 0.116155 0.144679
v -0.078498 0.112695 0.144713
v -0.076499 0.117770 0.137030
v -0.091955 0.136972 0.145942
v -0.086265 0.134567 0.139889
v -0.076499 0.136318 0.138160
v -0.078532 0.140404 0.146381
v -0.086265 0.119297 0.138959
v -0.089210 0.127063 0.137277
v -0.097027 0.126586 0.145106
v -0.091935 0.116155 0.144679
v -0.089210 0.127063 0.137277
v -0.086265 0.134567 0.139889
v -0.091955 0.136972 0.145942
v -0.097027 0.126586 0.145106
v 0.054140 0.253435 0.449955
v 0.053928 0.251623 0.478338
v 0.046096 0.261229 0.478923
v 0.046219 0.263149 0.450547
v 0.046219 0.263149 0.450547
v 0.046096 0.261229 0.478923
v 0.034102 0.264407 0.479117
v 0.034089 0.266362 0.450743
v 0.034089 0.266362 0.450743
v 0.034102 0.264407 0.479117
v 0.022528 0.259940 0.478844
v 0.022385 0.261845 0.450467
v 0.022385 0.261845 0.450467
v 0.022528 0.259940 0.478844
v 0.015795 0.249536 0.478211
v 0.015575 0.251323 0.449826
v 0.015795 0.249536 0.478211
v 0.016474 0.237169 0.477457
v 0.016262 0.238816 0.449064
v 0.015575 0.251323 0.449826
v 0.016262 0.238816 0.449064
v 0.016474 0.237169 0.477457
v 0.024307 0.227561 0.476872
v 0.024184 0.229100 0.448472
v 0.024184 0.229100 0.448472
v 0.024307 0.227561 0.476872
v 0.036301 0.224384 0.476678
v 0.036313 0.225887 0.448277
v 0.036313 0.225887 0.448277
v 0.036301 0.224384 0.476678
v 0.047875 0.228851 0.476950
v 0.048018 0.230405 0.448552
v 0.048018 0.230405 0.448552
v 0.047875 0.228851 0.476950
v 0.054608 0.239255 0.477584
v 0.054828 0.240926 0.449193
v 0.054608 0.239255 0.477584
v 0.053928 0.251623 0.478338
v 0.054140 0.253435 0.449955
v 0.054828 0.240926 0.449193
v 0.051077 0.252192 0.448606
v 0.054140 0.253435 0.449955
v 0.046219 0.263149 0.450547
v 0.044519 0.260363 0.449104
v 0.044519 0.260363 0.449104
v 0.046219 0.263149 0.450547
v 0.034089 0.266362 0.450743
v 0.034401 0.263124 0.449272
v 0.034401 0.263124 0.449272
v 0.034089 0.266362 0.450743
v 0.022385 0.261845 0.450467
v 0.024589 0.259423 0.449047
v 0.024589 0.259423 0.449047
v 0.022385 0.261845 0.450467
v 0.015575 0.251323 0.449826
v 0.018831 0.250671 0.448514
v 0.016262 0.238816 0.449064
v 0.019325 0.240213 0.447876
v 0.018831 0.250671 0.448514
v 0.015575 0.251323 0.449826
v 0.019325 0.240213 0.447876
v 0.016262 0.238816 0.449064
v 0.024184 0.229100 0.448472
v 0.025884 0.232043 0.447379
v 0.025884 0.232043 0.447379
v 0.024184 0.229100 0.448472
v 0.036313 0.225887 0.448277
v 0.036002 0.229281 0.447210
v 0.036002 0.229281 0.447210
v 0.036313 0.225887 0.448277
v 0.048018 0.230405 0.448552
v 0.045813 0.232982 0.447436
v 0.045813 0.232982 0.447436
v 0.048018 0.230405 0.448552
v 0.054828 0.240926 0.449193
v 0.051572 0.241733 0.447969
v 0.054140 0.253435 0.449955
v 0.051077 0.252192 0.448606
v 0.051572 0.241733 0.447969
v 0.054828 0.240926 0.449193
v 0.051191 0.255707 0.359602
v 0.051077 0.252192 0.448606
v 0.044519 0.260363 0.449104
v 0.045729 0.264307 0.360126
v 0.045729 0.264307 0.360126
v 0.044519 0.260363 0.449104
v 0.034401 0.263124 0.449272
v 0.036246 0.268061 0.360355
v 0.036246 0.268061 0.360355
v 0.034401 0.263124 0.449272
v 0.024589 0.259423 0.449047
v 0.026364 0.265533 0.360201
v 0.026364 0.265533 0.360201
v 0.024589 0.259423 0.449047
v 0.018831 0.250671 0.448514
v 0.019857 0.257690 0.359723
v 0.019325 0.240213 0.447876
v 0.019211 0.247528 0.359104
v 0.019857 0.257690 0.359723
v 0.018831 0.250671 0.448514
v 0.019211 0.247528 0.359104
v 0.019325 0.240213 0.447876
v 0.025884 0.232043 0.447379
v 0.024673 0.238928 0.358580
v 0.024673 0.238928 0.358580
v 0.025884 0.232043 0.447379
v 0.036002 0.229281 0.447210
v 0.034156 0.235175 0.358351
v 0.034156 0.235175 0.358351
v 0.036002 0.229281 0.447210
v 0.045813 0.232982 0.447436
v 0.044038 0.237702 0.358505
v 0.044038 0.237702 0.358505
v 0.045813 0.232982 0.447436
v 0.051572 0.241733 0.447969
v 0.050545 0.245545 0.358983
v 0.051077 0.252192 0.448606
v 0.051191 0.255707 0.359602
v 0.050545 0.245545 0.358983
v 0.051572 0.241733 0.447969
v 0.054293 0.257392 0.346415
v 0.054082 0.256747 0.359125
v 0.047476 0.266850 0.359740
v 0.047722 0.267644 0.347039
v 0.047722 0.267644 0.347039
v 0.047476 0.266850 0.359740
v 0.036181 0.271150 0.360002
v 0.036368 0.272083 0.347310
v 0.036368 0.272083 0.347310
v 0.036181 0.271150 0.360002
v 0.024511 0.268000 0.359810
v 0.024569 0.269012 0.347122
v 0.024569 0.269012 0.347122
v 0.024511 0.268000 0.359810
v 0.016925 0.258605 0.359238
v 0.016831 0.259607 0.346549
v 0.016925 0.258605 0.359238
v 0.016320 0.246554 0.358504
v 0.016110 0.247457 0.345809
v 0.016831 0.259607 0.346549
v 0.016110 0.247457 0.345809
v 0.016320 0.246554 0.358504
v 0.022927 0.236451 0.357888
v 0.022682 0.237205 0.345185
v 0.022682 0.237205 0.345185
v 0.022927 0.236451 0.357888
v 0.034222 0.232151 0.357626
v 0.034035 0.232766 0.344914
v 0.034035 0.232766 0.344914
v 0.034222 0.232151 0.357626
v 0.045892 0.235301 0.357818
v 0.045834 0.235836 0.345101
v 0.045834 0.235836 0.345101
v 0.045892 0.235301 0.357818
v 0.053477 0.244696 0.358391
v 0.053572 0.245242 0.345674
v 0.053477 0.244696 0.358391
v 0.054082 0.256747 0.359125
v 0.054293 0.257392 0.346415
v 0.053572 0.245242 0.345674
v 0.045729 0.264307 0.360126
v 0.047476 0.266850 0.359740
v 0.054082 0.256747 0.359125
v 0.051191 0.255707 0.359602
v 0.036246 0.268061 0.360355
v 0.036181 0.271150 0.360002
v 0.047476 0.266850 0.359740
v 0.045729 0.264307 0.360126
v 0.026364 0.265533 0.360201
v 0.024511 0.268000 0.359810
v 0.036181 0.271150 0.360002
v 0.036246 0.268061 0.360355
v 0.019857 0.257690 0.359723
v 0.016925 0.258605 0.359238
v 0.024511 0.268000 0.359810
v 0.026364 0.265533 0.360201
v 0.019211 0.247528 0.359104
v 0.016320 0.246554 0.358504
v 0.016925 0.258605 0.359238
v 0.019857 0.257690 0.359723
v 0.024673 0.238928 0.358580
v 0.022927 0.236451 0.357888
v 0.016320 0.246554 0.358504
v 0.019211 0.247528 0.359104
v 0.034156 0.235175 0.358351
v 0.034222 0.232151 0.357626
v 0.022927 0.236451 0.357888
v 0.024673 0.238928 0.358580
v 0.044038 0.237702 0.358505
v 0.045892 0.235301 0.357818
v 0.034222 0.232151 0.357626
v 0.034156 0.235175 0.358351
v 0.050545 0.245545 0.358983
v 0.053477 0.244696 0.358391
v 0.045892 0.235301 0.357818
v 0.044038 0.237702 0.358505
v 0.051191 0.255707 0.359602
v 0.054082 0.256747 0.359125
v 0.053477 0.244696 0.358391
v 0.050545 0.245545 0.358983
v 0.003926 0.129148 0.507050
v 0.003926 0.132598 0.450422
v 0.020278 0.122597 0.449813
v 0.020278 0.119147 0.506440
v -0.014722 0.124680 0.506778
v -0.014722 0.128130 0.450150
v 0.003926 0.132598 0.450422
v 0.003926 0.129148 0.507050
v -0.024742 0.108358 0.505783
v -0.024742 0.111808 0.449156
v -0.014722 0.128130 0.450150
v -0.014722 0.124680 0.506778
v -0.024742 0.111808 0.449156
v -0.024742 0.108358 0.505783
v -0.020265 0.089745 0.504649
v -0.020265 0.093195 0.448022
v -0.003913 0.079742 0.504040
v -0.003913 0.083192 0.447412
v -0.020265 0.093195 0.448022
v -0.020265 0.089745 0.504649
v 0.014735 0.084212 0.504312
v 0.014735 0.087662 0.447685
v -0.003913 0.083192 0.447412
v -0.003913 0.079742 0.504040
v 0.024755 0.100534 0.505306
v 0.024755 0.103984 0.448679
v 0.014735 0.087662 0.447685
v 0.014735 0.084212 0.504312
v 0.024755 0.103984 0.448679
v 0.024755 0.100534 0.505306
v 0.020278 0.119147 0.506440
v 0.020278 0.122597 0.449813
v -0.025609 0.225413 0.237654
v -0.016954 0.256661 0.226962
v -0.024553 0.264014 0.227558
v -0.044981 0.227986 0.237588
v -0.013432 0.268568 0.226604
v -0.011093 0.259683 0.225424
v 0.011106 0.259683 0.225424
v 0.013445 0.268568 0.226604
v -0.024553 0.264014 0.227558
v -0.016954 0.256661 0.226962
v -0.011093 0.259683 0.225424
v -0.013432 0.268568 0.226604
v 0.013445 0.268568 0.226604
v 0.011106 0.259683 0.225424
v 0.016966 0.256661 0.226962
v 0.024565 0.264014 0.227558
v 0.016966 0.256661 0.226962
v 0.025621 0.225413 0.237654
v 0.044993 0.227986 0.237588
v 0.024565 0.264014 0.227558
v -0.045576 0.231277 0.248470
v -0.024748 0.265474 0.238477
v -0.022424 0.263360 0.243185
v -0.039647 0.231303 0.253030
v 0.039652 0.231301 0.253034
v 0.022374 0.263287 0.243198
v 0.024760 0.265471 0.238491
v 0.045587 0.231277 0.248476
v -0.013405 0.270018 0.237237
v 0.013418 0.270016 0.237247
v 0.012667 0.267012 0.242036
v -0.012654 0.267019 0.242031
v -0.012654 0.267019 0.242031
v -0.022424 0.263360 0.243185
v -0.024748 0.265474 0.238477
v -0.013405 0.270018 0.237237
v 0.013418 0.270016 0.237247
v 0.024760 0.265471 0.238491
v 0.022374 0.263287 0.243198
v 0.012667 0.267012 0.242036
v -0.029273 0.229953 0.253279
v -0.018000 0.258641 0.243649
v -0.015419 0.255572 0.238863
v -0.024663 0.228362 0.249062
v 0.024674 0.228359 0.249057
v 0.015429 0.255565 0.238844
v 0.017959 0.258584 0.243643
v 0.029283 0.229952 0.253278
v -0.011175 0.259915 0.242075
v 0.011183 0.259911 0.242072
v 0.010672 0.256833 0.236811
v -0.010662 0.256834 0.236819
v -0.010662 0.256834 0.236819
v -0.015419 0.255572 0.238863
v -0.018000 0.258641 0.243649
v -0.011175 0.259915 0.242075
v 0.011183 0.259911 0.242072
v 0.017959 0.258584 0.243643
v 0.015429 0.255565 0.238844
v 0.010672 0.256833 0.236811
v -0.013432 0.268568 0.226604
v 0.013445 0.268568 0.226604
v 0.013418 0.270016 0.237247
v -0.013405 0.270018 0.237237
v 0.024760 0.265471 0.238491
v 0.024565 0.264014 0.227558
v 0.044993 0.227986 0.237588
v 0.045587 0.231277 0.248476
v -0.024553 0.264014 0.227558
v -0.024748 0.265474 0.238477
v -0.045576 0.231277 0.248470
v -0.044981 0.227986 0.237588
v -0.024748 0.265474 0.238477
v -0.024553 0.264014 0.227558
v -0.013432 0.268568 0.226604
v -0.013405 0.270018 0.237237
v 0.013418 0.270016 0.237247
v 0.013445 0.268568 0.226604
v 0.024565 0.264014 0.227558
v 0.024760 0.265471 0.238491
v -0.022424 0.263360 0.243185
v -0.018000 0.258641 0.243649
v -0.029273 0.229953 0.253279
v -0.039647 0.231303 0.253030
v 0.017959 0.258584 0.243643
v 0.022374 0.263287 0.243198
v 0.039652 0.231301 0.253034
v 0.029283 0.229952 0.253278
v 0.012667 0.267012 0.242036
v 0.011183 0.259911 0.242072
v -0.011175 0.259915 0.242075
v -0.012654 0.267019 0.242031
v -0.012654 0.267019 0.242031
v -0.011175 0.259915 0.242075
v -0.018000 0.258641 0.243649
v -0.022424 0.263360 0.243185
v 0.022374 0.263287 0.243198
v 0.017959 0.258584 0.243643
v 0.011183 0.259911 0.242072
v 0.012667 0.267012 0.242036
v 0.016966 0.256661 0.226962
v 0.015429 0.255565 0.238844
v 0.024674 0.228359 0.249057
v 0.025621 0.225413 0.237654
v 0.015429 0.255565 0.238844
v 0.016966 0.256661 0.226962
v 0.011106 0.259683 0.225424
v 0.010672 0.256833 0.236811
v 0.010672 0.256833 0.236811
v 0.011106 0.259683 0.225424
v -0.011093 0.259683 0.225424
v -0.010662 0.256834 0.236819
v -0.010662 0.256834 0.236819
v -0.011093 0.259683 0.225424
v -0.016954 0.256661 0.226962
v -0.015419 0.255572 0.238863
v -0.025609 0.225413 0.237654
v -0.024663 0.228362 0.249062
v -0.015419 0.255572 0.238863
v -0.016954 0.256661 0.226962
v -0.045576 0.231277 0.248470
v -0.048261 0.215483 0.248888
v -0.047418 0.212630 0.238633
v -0.044981 0.227986 0.237588
v 0.044993 0.227986 0.237588
v 0.047430 0.212630 0.238633
v 0.048274 0.215483 0.248888
v 0.045587 0.231277 0.248476
v -0.044981 0.227986 0.237588
v -0.047418 0.212630 0.238633
v -0.025792 0.218334 0.238778
v -0.025609 0.225413 0.237654
v 0.025621 0.225413 0.237654
v 0.025804 0.218334 0.238778
v 0.047430 0.212630 0.238633
v 0.044993 0.227986 0.237588
v -0.029273 0.229953 0.253279
v -0.029638 0.219628 0.256505
v -0.044222 0.220467 0.255879
v -0.039647 0.231303 0.253030
v 0.039652 0.231301 0.253034
v 0.044235 0.220467 0.255879
v 0.029651 0.219628 0.256505
v 0.029283 0.229952 0.253278
v -0.025609 0.225413 0.237654
v -0.025792 0.218334 0.238778
v -0.024697 0.221276 0.250521
v -0.024663 0.228362 0.249062
v 0.024674 0.228359 0.249057
v 0.024710 0.221276 0.250521
v 0.025804 0.218334 0.238778
v 0.025621 0.225413 0.237654
v -0.039647 0.231303 0.253030
v -0.044222 0.220467 0.255879
v -0.048261 0.215483 0.248888
v -0.045576 0.231277 0.248470
v 0.045587 0.231277 0.248476
v 0.048274 0.215483 0.248888
v 0.044235 0.220467 0.255879
v 0.039652 0.231301 0.253034
v -0.024663 0.228362 0.249062
v -0.024697 0.221276 0.250521
v -0.029638 0.219628 0.256505
v -0.029273 0.229953 0.253279
v 0.029283 0.229952 0.253278
v 0.029651 0.219628 0.256505
v 0.024710 0.221276 0.250521
v 0.024674 0.228359 0.249057
v -0.084813 0.175354 0.481323
v -0.103929 0.143382 0.479353
v -0.124825 0.152955 0.446299
v -0.101795 0.193011 0.448766
v -0.055330 0.014605 0.471608
v -0.019252 0.002005 0.470865
v -0.023113 -0.023559 0.435717
v -0.066435 -0.007773 0.436648
v -0.084781 0.038331 0.473014
v -0.055330 0.014605 0.471608
v -0.066435 -0.007773 0.436648
v -0.101772 0.021911 0.438405
v -0.104037 0.070360 0.474924
v -0.084781 0.038331 0.473014
v -0.101772 0.021911 0.438405
v -0.124855 0.061930 0.440788
v -0.110738 0.106838 0.477123
v -0.104037 0.070360 0.474924
v -0.124855 0.061930 0.440788
v -0.132880 0.107459 0.443527
v -0.124825 0.152955 0.446299
v -0.103929 0.143382 0.479353
v -0.110738 0.106838 0.477123
v -0.132880 0.107459 0.443527
v -0.098170 0.200347 0.268843
v -0.120231 0.162099 0.266413
v -0.096781 0.162075 0.252275
v -0.078312 0.198024 0.254627
v -0.120231 0.162099 0.266413
v -0.127958 0.118685 0.263741
v -0.102090 0.121496 0.249745
v -0.096781 0.162075 0.252275
v -0.063999 0.008733 0.257085
v -0.022269 -0.006345 0.256158
v -0.017784 0.020638 0.243591
v -0.051082 0.032810 0.244330
v -0.098020 0.037074 0.258803
v -0.063999 0.008733 0.257085
v -0.051082 0.032810 0.244330
v -0.078220 0.055685 0.245719
v -0.120230 0.075263 0.261109
v -0.098020 0.037074 0.258803
v -0.078220 0.055685 0.245719
v -0.095930 0.086497 0.247593
v -0.127958 0.118685 0.263741
v -0.120230 0.075263 0.261109
v -0.095930 0.086497 0.247593
v -0.102090 0.121496 0.249745
v -0.127195 0.158926 0.361704
v -0.103749 0.199566 0.364152
v -0.101795 0.193011 0.448766
v -0.124825 0.152955 0.446299
v -0.023570 -0.020255 0.350817
v -0.067741 -0.004214 0.351804
v -0.066435 -0.007773 0.436648
v -0.023113 -0.023559 0.435717
v -0.066435 -0.007773 0.436648
v -0.067741 -0.004214 0.351804
v -0.103750 0.025935 0.353644
v -0.101772 0.021911 0.438405
v -0.101772 0.021911 0.438405
v -0.103750 0.025935 0.353644
v -0.127253 0.066558 0.356114
v -0.124855 0.061930 0.440788
v -0.124855 0.061930 0.440788
v -0.127253 0.066558 0.356114
v -0.135415 0.112754 0.358914
v -0.132880 0.107459 0.443527
v -0.132880 0.107459 0.443527
v -0.135415 0.112754 0.358914
v -0.127195 0.158926 0.361704
v -0.124825 0.152955 0.446299
v -0.050974 0.220952 0.255937
v -0.078312 0.198024 0.254627
v -0.075212 0.203930 0.238516
v -0.049123 0.218037 0.245165
v -0.017670 0.232916 0.256485
v -0.050974 0.220952 0.255937
v -0.049123 0.218037 0.245165
v -0.016544 0.228588 0.247151
v -0.051082 0.032810 0.244330
v -0.017784 0.020638 0.243591
v -0.018036 0.024801 0.165781
v -0.050958 0.036885 0.166496
v -0.078220 0.055685 0.245719
v -0.051082 0.032810 0.244330
v -0.050958 0.036885 0.166496
v -0.077707 0.059452 0.167876
v -0.095930 0.086497 0.247593
v -0.078220 0.055685 0.245719
v -0.077707 0.059452 0.167876
v -0.095252 0.089992 0.169655
v -0.102090 0.121496 0.249745
v -0.095930 0.086497 0.247593
v -0.095252 0.089992 0.169655
v -0.101323 0.124565 0.171737
v -0.096781 0.162075 0.252275
v -0.102090 0.121496 0.249745
v -0.101323 0.124565 0.171737
v -0.094836 0.160625 0.174211
v -0.074534 0.199162 0.125498
v -0.077859 0.196997 0.176042
v -0.094836 0.160625 0.174211
v -0.083935 0.180093 0.139502
v -0.103929 0.143382 0.479353
v -0.081840 0.134614 0.485387
v -0.087201 0.106042 0.483649
v -0.110738 0.106838 0.477123
v -0.084813 0.175354 0.481323
v -0.066842 0.159630 0.486914
v -0.081840 0.134614 0.485387
v -0.103929 0.143382 0.479353
v -0.055330 0.014605 0.471608
v -0.043652 0.033888 0.479246
v -0.015205 0.023985 0.478642
v -0.019252 0.002005 0.470865
v -0.084781 0.038331 0.473014
v -0.066829 0.052492 0.480381
v -0.043652 0.033888 0.479246
v -0.055330 0.014605 0.471608
v -0.104037 0.070360 0.474924
v -0.081947 0.077551 0.481910
v -0.066829 0.052492 0.480381
v -0.084781 0.038331 0.473014
v -0.110738 0.106838 0.477123
v -0.087201 0.106042 0.483649
v -0.081947 0.077551 0.481910
v -0.104037 0.070360 0.474924
v -0.081840 0.134614 0.485387
v -0.066842 0.159630 0.486914
v -0.061915 0.157048 0.452267
v -0.075785 0.134051 0.450859
v -0.015205 0.023985 0.478642
v -0.043652 0.033888 0.479246
v -0.040450 0.041390 0.445206
v -0.014095 0.032264 0.444652
v -0.043652 0.033888 0.479246
v -0.066829 0.052492 0.480381
v -0.061906 0.058523 0.446246
v -0.040450 0.041390 0.445206
v -0.066829 0.052492 0.480381
v -0.081947 0.077551 0.481910
v -0.075891 0.081576 0.447649
v -0.061906 0.058523 0.446246
v -0.081947 0.077551 0.481910
v -0.087201 0.106042 0.483649
v -0.080744 0.107769 0.449247
v -0.075891 0.081576 0.447649
v -0.087201 0.106042 0.483649
v -0.081840 0.134614 0.485387
v -0.075785 0.134051 0.450859
v -0.080744 0.107769 0.449247
v -0.022269 -0.006345 0.256158
v -0.063999 0.008733 0.257085
v -0.067741 -0.004214 0.351804
v -0.023570 -0.020255 0.350817
v -0.063999 0.008733 0.257085
v -0.098020 0.037074 0.258803
v -0.103750 0.025935 0.353644
v -0.067741 -0.004214 0.351804
v -0.098020 0.037074 0.258803
v -0.120230 0.075263 0.261109
v -0.127253 0.066558 0.356114
v -0.103750 0.025935 0.353644
v -0.120230 0.075263 0.261109
v -0.127958 0.118685 0.263741
v -0.135415 0.112754 0.358914
v -0.127253 0.066558 0.356114
v -0.127958 0.118685 0.263741
v -0.120231 0.162099 0.266413
v -0.127195 0.158926 0.361704
v -0.135415 0.112754 0.358914
v -0.120231 0.162099 0.266413
v -0.098170 0.200347 0.268843
v -0.103749 0.199566 0.364152
v -0.127195 0.158926 0.361704
v -0.067745 0.202749 -0.051053
v -0.084937 0.169287 -0.053029
v -0.077189 0.172440 -0.132635
v -0.065067 0.206643 -0.095812
v -0.063948 0.092895 -0.147191
v -0.077189 0.172440 -0.132635
v -0.084937 0.169287 -0.053029
v -0.070750 0.083536 -0.058253
v -0.070750 0.083536 -0.058253
v -0.019952 0.047619 -0.060455
v -0.019459 0.063671 -0.158895
v -0.063948 0.092895 -0.147191
v -0.060553 0.178105 -0.224966
v -0.055294 0.202587 -0.223876
v -0.065067 0.206643 -0.095812
v -0.077189 0.172440 -0.132635
v -0.060553 0.178105 -0.224966
v -0.077189 0.172440 -0.132635
v -0.063948 0.092895 -0.147191
v -0.056170 0.113250 -0.238197
v -0.055294 0.202587 -0.223876
v -0.038385 0.218421 -0.223196
v -0.046987 0.221611 -0.124735
v -0.065067 0.206643 -0.095812
v -0.038385 0.218421 -0.223196
v 0.000006 0.228053 -0.222863
v 0.000006 0.238314 -0.144307
v -0.046987 0.221611 -0.124735
v -0.063948 0.092895 -0.147191
v -0.019459 0.063671 -0.158895
v -0.018455 0.087394 -0.241015
v -0.056170 0.113250 -0.238197
v -0.013090 0.234358 0.228684
v -0.016097 0.236740 0.237299
v -0.046565 0.226956 0.228815
v -0.037868 0.226897 0.221051
v -0.037868 0.226897 0.221051
v -0.046565 0.226956 0.228815
v -0.058221 0.216119 0.210268
v -0.051786 0.217449 0.201853
v -0.005900 0.252544 0.117359
v -0.015413 0.247591 0.116431
v -0.015309 0.247345 0.077158
v -0.007194 0.253966 0.077318
v -0.016544 0.228588 0.247151
v -0.049123 0.218037 0.245165
v -0.046565 0.226956 0.228815
v -0.016097 0.236740 0.237299
v -0.049123 0.218037 0.245165
v -0.075212 0.203930 0.238516
v -0.058221 0.216119 0.210268
v -0.046565 0.226956 0.228815
v -0.066308 0.205247 0.175849
v -0.059514 0.208544 0.175707
v -0.051786 0.217449 0.201853
v -0.058221 0.216119 0.210268
v -0.013150 0.228529 0.043523
v -0.004456 0.231095 0.038998
v -0.007194 0.253966 0.077318
v -0.015309 0.247345 0.077158
v -0.021315 0.227088 0.076305
v -0.042304 0.221589 0.078485
v -0.038022 0.221520 0.015809
v -0.013150 0.228529 0.043523
v -0.038022 0.221520 0.015809
v -0.007065 0.230524 0.032090
v -0.004456 0.231095 0.038998
v -0.013150 0.228529 0.043523
v -0.007214 0.215951 0.136386
v -0.019428 0.215229 0.135300
v -0.016365 0.229697 0.127759
v -0.006179 0.230290 0.129459
v -0.030025 0.210794 0.219865
v -0.010587 0.217789 0.221463
v -0.013090 0.234358 0.228684
v -0.037868 0.226897 0.221051
v -0.040381 0.202942 0.199728
v -0.030025 0.210794 0.219865
v -0.037868 0.226897 0.221051
v -0.051786 0.217449 0.201853
v -0.047200 0.195776 0.174751
v -0.040381 0.202942 0.199728
v -0.051786 0.217449 0.201853
v -0.059514 0.208544 0.175707
v -0.077859 0.196997 0.176042
v -0.066308 0.205247 0.175849
v -0.058221 0.216119 0.210268
v -0.075212 0.203930 0.238516
v -0.020405 0.230838 0.120681
v -0.021315 0.227088 0.076305
v -0.015309 0.247345 0.077158
v -0.015413 0.247591 0.116431
v -0.042304 0.221589 0.078485
v -0.021315 0.227088 0.076305
v -0.020405 0.230838 0.120681
v -0.043985 0.223025 0.123489
v -0.034903 0.210014 0.137461
v -0.045728 0.199490 0.151822
v -0.057310 0.212742 0.147415
v -0.042910 0.223941 0.129760
v -0.065225 0.212496 0.135662
v -0.043985 0.223025 0.123489
v -0.042910 0.223941 0.129760
v -0.057310 0.212742 0.147415
v -0.042910 0.223941 0.129760
v -0.043985 0.223025 0.123489
v -0.020405 0.230838 0.120681
v -0.016365 0.229697 0.127759
v -0.057310 0.212742 0.147415
v -0.059514 0.208544 0.175707
v -0.066308 0.205247 0.175849
v -0.065225 0.212496 0.135662
v -0.019428 0.215229 0.135300
v -0.034903 0.210014 0.137461
v -0.042910 0.223941 0.129760
v -0.016365 0.229697 0.127759
v -0.045728 0.199490 0.151822
v -0.047200 0.195776 0.174751
v -0.059514 0.208544 0.175707
v -0.057310 0.212742 0.147415
v -0.065225 0.212496 0.135662
v -0.066308 0.205247 0.175849
v -0.077859 0.196997 0.176042
v -0.074534 0.199162 0.125498
v -0.012838 0.244299 0.122443
v -0.015413 0.247591 0.116431
v -0.005900 0.252544 0.117359
v -0.005811 0.247528 0.123029
v -0.005811 0.247528 0.123029
v -0.006179 0.230290 0.129459
v -0.016365 0.229697 0.127759
v -0.012838 0.244299 0.122443
v -0.012838 0.244299 0.122443
v -0.016365 0.229697 0.127759
v -0.020405 0.230838 0.120681
v -0.015413 0.247591 0.116431
v -0.028673 0.201295 -0.091065
v -0.044903 0.201128 -0.075659
v -0.050208 0.197978 -0.095172
v -0.036426 0.204925 -0.113409
v 0.000006 0.201932 -0.102820
v -0.028673 0.201295 -0.091065
v -0.036426 0.204925 -0.113409
v 0.000006 0.212000 -0.124805
v -0.026728 0.199398 -0.015491
v -0.008825 0.199579 -0.008391
v -0.008891 0.208558 0.009695
v -0.035288 0.204364 -0.001946
v -0.052328 0.198495 -0.015957
v -0.041312 0.199768 -0.030572
v -0.026728 0.199398 -0.015491
v -0.035288 0.204364 -0.001946
v -0.056357 0.197917 -0.051163
v -0.050208 0.197978 -0.095172
v -0.044903 0.201128 -0.075659
v -0.047707 0.200263 -0.051193
v -0.084937 0.169287 -0.053029
v -0.089954 0.166317 0.018940
v -0.075023 0.074176 0.019027
v -0.070750 0.083536 -0.058253
v -0.075023 0.074176 0.019027
v -0.020268 0.036961 0.016826
v -0.019952 0.047619 -0.060455
v -0.070750 0.083536 -0.058253
v -0.047707 0.200263 -0.051193
v -0.041312 0.199768 -0.030572
v -0.052328 0.198495 -0.015957
v -0.056357 0.197917 -0.051163
v -0.089954 0.166317 0.018940
v -0.084937 0.169287 -0.053029
v -0.067745 0.202749 -0.051053
v -0.068305 0.210356 -0.008684
v -0.056357 0.197917 -0.051163
v -0.052328 0.198495 -0.015957
v -0.060084 0.211854 -0.011808
v -0.061143 0.206105 -0.050858
v -0.061143 0.206105 -0.050858
v -0.058207 0.209097 -0.093716
v -0.050208 0.197978 -0.095172
v -0.056357 0.197917 -0.051163
v -0.036426 0.204925 -0.113409
v -0.050208 0.197978 -0.095172
v -0.058207 0.209097 -0.093716
v -0.042678 0.221204 -0.119380
v 0.000006 0.212000 -0.124805
v -0.036426 0.204925 -0.113409
v -0.042678 0.221204 -0.119380
v 0.000006 0.235332 -0.136995
v -0.035288 0.204364 -0.001946
v -0.008891 0.208558 0.009695
v -0.007049 0.228712 0.024888
v -0.039390 0.219583 0.009735
v -0.060084 0.211854 -0.011808
v -0.052328 0.198495 -0.015957
v -0.035288 0.204364 -0.001946
v -0.039390 0.219583 0.009735
v -0.075212 0.203930 0.238516
v -0.078312 0.198024 0.254627
v -0.096781 0.162075 0.252275
v -0.094836 0.160625 0.174211
v -0.061143 0.206105 -0.050858
v -0.060084 0.211854 -0.011808
v -0.068305 0.210356 -0.008684
v -0.067745 0.202749 -0.051053
v -0.065067 0.206643 -0.095812
v -0.058207 0.209097 -0.093716
v -0.061143 0.206105 -0.050858
v -0.067745 0.202749 -0.051053
v -0.042678 0.221204 -0.119380
v -0.058207 0.209097 -0.093716
v -0.065067 0.206643 -0.095812
v -0.046987 0.221611 -0.124735
v 0.000006 0.235332 -0.136995
v -0.042678 0.221204 -0.119380
v -0.046987 0.221611 -0.124735
v 0.000006 0.238314 -0.144307
v -0.039390 0.219583 0.009735
v -0.007049 0.228712 0.024888
v -0.007065 0.230524 0.032090
v -0.038022 0.221520 0.015809
v -0.068305 0.210356 -0.008684
v -0.060084 0.211854 -0.011808
v -0.039390 0.219583 0.009735
v -0.038022 0.221520 0.015809
v -0.044903 0.201128 -0.075659
v -0.028673 0.201295 -0.091065
v -0.025460 0.192369 -0.087856
v -0.039509 0.191952 -0.073851
v -0.028673 0.201295 -0.091065
v 0.000006 0.201932 -0.102820
v 0.000006 0.193102 -0.098524
v -0.025460 0.192369 -0.087856
v -0.008825 0.199579 -0.008391
v -0.026728 0.199398 -0.015491
v -0.023814 0.191028 -0.019652
v -0.007898 0.191435 -0.013125
v -0.041312 0.199768 -0.030572
v -0.047707 0.200263 -0.051193
v -0.042180 0.191261 -0.052007
v -0.036628 0.190998 -0.033462
v -0.047707 0.200263 -0.051193
v -0.044903 0.201128 -0.075659
v -0.039509 0.191952 -0.073851
v -0.042180 0.191261 -0.052007
v -0.026728 0.199398 -0.015491
v -0.041312 0.199768 -0.030572
v -0.036628 0.190998 -0.033462
v -0.023814 0.191028 -0.019652
v -0.060553 0.178105 -0.224966
v -0.056170 0.113250 -0.238197
v -0.023052 0.157314 -0.396198
v -0.025050 0.192545 -0.394938
v -0.056170 0.113250 -0.238197
v -0.018455 0.087394 -0.241015
v -0.005341 0.148201 -0.396278
v -0.023052 0.157314 -0.396198
v 0.000006 0.228053 -0.222863
v -0.038385 0.218421 -0.223196
v -0.015816 0.219056 -0.393363
v 0.000006 0.222584 -0.393100
v -0.038385 0.218421 -0.223196
v -0.055294 0.202587 -0.223876
v -0.022991 0.210323 -0.393966
v -0.015816 0.219056 -0.393363
v -0.055294 0.202587 -0.223876
v -0.060553 0.178105 -0.224966
v -0.025050 0.192545 -0.394938
v -0.022991 0.210323 -0.393966
v -0.089954 0.166317 0.018940
v -0.081468 0.183156 0.062186
v -0.083935 0.180093 0.139502
v -0.094836 0.160625 0.174211
v -0.074534 0.199162 0.125498
v -0.083935 0.180093 0.139502
v -0.081468 0.183156 0.062186
v -0.071545 0.202748 0.071683
v -0.071545 0.202748 0.071683
v -0.081468 0.183156 0.062186
v -0.089954 0.166317 0.018940
v -0.068305 0.210356 -0.008684
v -0.071545 0.202748 0.071683
v -0.068305 0.210356 -0.008684
v -0.038022 0.221520 0.015809
v -0.042304 0.221589 0.078485
v -0.010126 0.197655 -0.461898
v -0.025050 0.192545 -0.394938
v -0.023052 0.157314 -0.396198
v -0.009478 0.178622 -0.461757
v -0.009478 0.178622 -0.461757
v -0.023052 0.157314 -0.396198
v -0.005341 0.148201 -0.396278
v -0.002639 0.169597 -0.461342
v 0.000006 0.222584 -0.393100
v -0.015816 0.219056 -0.393363
v -0.007022 0.220014 -0.460342
v 0.000006 0.223441 -0.463894
v -0.015816 0.219056 -0.393363
v -0.022991 0.210323 -0.393966
v -0.009570 0.211691 -0.461107
v -0.007022 0.220014 -0.460342
v -0.022991 0.210323 -0.393966
v -0.025050 0.192545 -0.394938
v -0.010126 0.197655 -0.461898
v -0.009570 0.211691 -0.461107
v -0.007022 0.220014 -0.460342
v -0.009570 0.211691 -0.461107
v 0.000006 0.211342 -0.465530
v 0.000006 0.223441 -0.463894
v -0.009570 0.211691 -0.461107
v -0.010126 0.197655 -0.461898
v 0.000006 0.197809 -0.466147
v 0.000006 0.211342 -0.465530
v 0.000006 0.179358 -0.466042
v 0.000006 0.197809 -0.466147
v -0.010126 0.197655 -0.461898
v -0.009478 0.178622 -0.461757
v 0.000006 0.173502 -0.465769
v 0.000006 0.179358 -0.466042
v -0.009478 0.178622 -0.461757
v -0.002639 0.169597 -0.461342
v -0.075023 0.074176 0.019027
v -0.089954 0.166317 0.018940
v -0.101323 0.124565 0.171737
v -0.095252 0.089992 0.169655
v -0.075023 0.074176 0.019027
v -0.050958 0.036885 0.166496
v -0.018036 0.024801 0.165781
v -0.020268 0.036961 0.016826
v -0.055356 0.199094 0.482799
v -0.084813 0.175354 0.481323
v -0.101795 0.193011 0.448766
v -0.066450 0.222708 0.450610
v -0.064154 0.228825 0.270724
v -0.098170 0.200347 0.268843
v -0.078312 0.198024 0.254627
v -0.050974 0.220952 0.255937
v -0.101795 0.193011 0.448766
v -0.103749 0.199566 0.364152
v -0.067736 0.229721 0.365958
v -0.066450 0.222708 0.450610
v -0.055356 0.199094 0.482799
v -0.043653 0.178247 0.488045
v -0.066842 0.159630 0.486914
v -0.084813 0.175354 0.481323
v -0.066842 0.159630 0.486914
v -0.043653 0.178247 0.488045
v -0.040424 0.174201 0.453313
v -0.061915 0.157048 0.452267
v -0.098170 0.200347 0.268843
v -0.064154 0.228825 0.270724
v -0.067736 0.229721 0.365958
v -0.103749 0.199566 0.364152
v -0.019144 0.211718 0.483596
v -0.023063 0.238445 0.451586
v -0.008614 0.236062 0.454684
v -0.005328 0.221733 0.471903
v 0.084825 0.175354 0.481323
v 0.101808 0.193011 0.448766
v 0.124837 0.152955 0.446299
v 0.103942 0.143382 0.479353
v 0.055368 0.199094 0.482799
v 0.066463 0.222708 0.450610
v 0.101808 0.193011 0.448766
v 0.084825 0.175354 0.481323
v 0.019157 0.211718 0.483596
v 0.023076 0.238444 0.451586
v 0.066463 0.222708 0.450610
v 0.055368 0.199094 0.482799
v 0.055342 0.014605 0.471608
v 0.066448 -0.007773 0.436648
v 0.023126 -0.023559 0.435717
v 0.019265 0.002005 0.470865
v 0.084794 0.038331 0.473014
v 0.101785 0.021911 0.438405
v 0.066448 -0.007773 0.436648
v 0.055342 0.014605 0.471608
v 0.104050 0.070360 0.474924
v 0.124868 0.061930 0.440788
v 0.101785 0.021911 0.438405
v 0.084794 0.038331 0.473014
v 0.110751 0.106838 0.477123
v 0.132893 0.107459 0.443527
v 0.124868 0.061930 0.440788
v 0.104050 0.070360 0.474924
v 0.124837 0.152955 0.446299
v 0.132893 0.107459 0.443527
v 0.110751 0.106838 0.477123
v 0.103942 0.143382 0.479353
v 0.098183 0.200347 0.268843
v 0.078325 0.198024 0.254627
v 0.096794 0.162075 0.252275
v 0.120244 0.162099 0.266413
v 0.120244 0.162099 0.266413
v 0.096794 0.162075 0.252275
v 0.102103 0.121496 0.249745
v 0.127970 0.118685 0.263741
v 0.064167 0.228825 0.270724
v 0.050987 0.220952 0.255937
v 0.078325 0.198024 0.254627
v 0.098183 0.200347 0.268843
v 0.022260 0.243964 0.271725
v 0.017683 0.232916 0.256485
v 0.050987 0.220952 0.255937
v 0.064167 0.228825 0.270724
v 0.017796 0.020638 0.243591
v -0.017784 0.020638 0.243591
v -0.022269 -0.006345 0.256158
v 0.022282 -0.006345 0.256158
v 0.064011 0.008733 0.257085
v 0.051094 0.032810 0.244330
v 0.017796 0.020638 0.243591
v 0.022282 -0.006345 0.256158
v 0.098032 0.037074 0.258803
v 0.078233 0.055685 0.245719
v 0.051094 0.032810 0.244330
v 0.064011 0.008733 0.257085
v 0.120243 0.075263 0.261109
v 0.095943 0.086497 0.247593
v 0.078233 0.055685 0.245719
v 0.098032 0.037074 0.258803
v 0.127970 0.118685 0.263741
v 0.102103 0.121496 0.249745
v 0.095943 0.086497 0.247593
v 0.120243 0.075263 0.261109
v 0.127208 0.158926 0.361704
v 0.124837 0.152955 0.446299
v 0.101808 0.193011 0.448766
v 0.103762 0.199566 0.364152
v 0.101808 0.193011 0.448766
v 0.066463 0.222708 0.450610
v 0.067749 0.229721 0.365958
v 0.103762 0.199566 0.364152
v 0.066463 0.222708 0.450610
v 0.023076 0.238444 0.451586
v 0.023498 0.245717 0.366910
v 0.067749 0.229721 0.365958
v 0.023582 -0.020255 0.350817
v 0.023126 -0.023559 0.435717
v 0.066448 -0.007773 0.436648
v 0.067753 -0.004214 0.351804
v 0.066448 -0.007773 0.436648
v 0.101785 0.021911 0.438405
v 0.103762 0.025935 0.353644
v 0.067753 -0.004214 0.351804
v 0.101785 0.021911 0.438405
v 0.124868 0.061930 0.440788
v 0.127266 0.066558 0.356114
v 0.103762 0.025935 0.353644
v 0.124868 0.061930 0.440788
v 0.132893 0.107459 0.443527
v 0.135428 0.112754 0.358914
v 0.127266 0.066558 0.356114
v 0.132893 0.107459 0.443527
v 0.124837 0.152955 0.446299
v 0.127208 0.158926 0.361704
v 0.135428 0.112754 0.358914
v 0.015095 0.188177 0.488648
v -0.015082 0.188177 0.488648
v -0.019144 0.211718 0.483596
v 0.019157 0.211718 0.483596
v 0.050987 0.220952 0.255937
v 0.049136 0.218037 0.245165
v 0.075225 0.203930 0.238516
v 0.078325 0.198024 0.254627
v 0.017683 0.232916 0.256485
v 0.016557 0.228588 0.247151
v 0.049136 0.218037 0.245165
v 0.050987 0.220952 0.255937
v 0.051094 0.032810 0.244330
v 0.050971 0.036885 0.166496
v 0.018049 0.024801 0.165781
v 0.017796 0.020638 0.243591
v 0.078233 0.055685 0.245719
v 0.077720 0.059452 0.167876
v 0.050971 0.036885 0.166496
v 0.051094 0.032810 0.244330
v 0.095943 0.086497 0.247593
v 0.095264 0.089992 0.169655
v 0.077720 0.059452 0.167876
v 0.078233 0.055685 0.245719
v 0.102103 0.121496 0.249745
v 0.101335 0.124565 0.171737
v 0.095264 0.089992 0.169655
v 0.095943 0.086497 0.247593
v 0.096794 0.162075 0.252275
v 0.094849 0.160625 0.174211
v 0.101335 0.124565 0.171737
v 0.102103 0.121496 0.249745
v 0.020281 0.036961 0.016826
v -0.020268 0.036961 0.016826
v -0.018036 0.024801 0.165781
v 0.018049 0.024801 0.165781
v 0.074546 0.199162 0.125498
v 0.083948 0.180093 0.139502
v 0.094849 0.160625 0.174211
v 0.077872 0.196997 0.176042
v 0.103942 0.143382 0.479353
v 0.110751 0.106838 0.477123
v 0.087214 0.106042 0.483649
v 0.081853 0.134614 0.485387
v 0.084825 0.175354 0.481323
v 0.103942 0.143382 0.479353
v 0.081853 0.134614 0.485387
v 0.066854 0.159630 0.486914
v 0.055368 0.199094 0.482799
v 0.084825 0.175354 0.481323
v 0.066854 0.159630 0.486914
v 0.043666 0.178247 0.488045
v 0.015095 0.188177 0.488648
v 0.019157 0.211718 0.483596
v 0.055368 0.199094 0.482799
v 0.043666 0.178247 0.488045
v 0.055342 0.014605 0.471608
v 0.019265 0.002005 0.470865
v 0.015218 0.023985 0.478642
v 0.043664 0.033888 0.479246
v 0.084794 0.038331 0.473014
v 0.055342 0.014605 0.471608
v 0.043664 0.033888 0.479246
v 0.066842 0.052492 0.480381
v 0.104050 0.070360 0.474924
v 0.084794 0.038331 0.473014
v 0.066842 0.052492 0.480381
v 0.081960 0.077551 0.481910
v 0.110751 0.106838 0.477123
v 0.104050 0.070360 0.474924
v 0.081960 0.077551 0.481910
v 0.087214 0.106042 0.483649
v 0.081853 0.134614 0.485387
v 0.075798 0.134051 0.450859
v 0.061928 0.157048 0.452267
v 0.066854 0.159630 0.486914
v 0.066854 0.159630 0.486914
v 0.061928 0.157048 0.452267
v 0.040437 0.174201 0.453313
v 0.043666 0.178247 0.488045
v 0.043666 0.178247 0.488045
v 0.040437 0.174201 0.453313
v 0.014665 0.183478 0.453165
v 0.015095 0.188177 0.488648
v 0.014665 0.183478 0.453165
v -0.014652 0.183478 0.453165
v -0.015082 0.188177 0.488648
v 0.015095 0.188177 0.488648
v 0.015218 0.023985 0.478642
v 0.014108 0.032264 0.444652
v 0.040462 0.041390 0.445206
v 0.043664 0.033888 0.479246
v 0.043664 0.033888 0.479246
v 0.040462 0.041390 0.445206
v 0.061919 0.058523 0.446246
v 0.066842 0.052492 0.480381
v 0.066842 0.052492 0.480381
v 0.061919 0.058523 0.446246
v 0.075904 0.081576 0.447649
v 0.081960 0.077551 0.481910
v 0.081960 0.077551 0.481910
v 0.075904 0.081576 0.447649
v 0.080757 0.107769 0.449246
v 0.087214 0.106042 0.483649
v 0.087214 0.106042 0.483649
v 0.080757 0.107769 0.449246
v 0.075798 0.134051 0.450859
v 0.081853 0.134614 0.485387
v -0.023485 0.245717 0.366910
v 0.023498 0.245717 0.366910
v 0.023076 0.238444 0.451586
v -0.023063 0.238445 0.451586
v 0.098183 0.200347 0.268843
v 0.103762 0.199566 0.364152
v 0.067749 0.229721 0.365958
v 0.064167 0.228825 0.270724
v 0.064167 0.228825 0.270724
v 0.067749 0.229721 0.365958
v 0.023498 0.245717 0.366910
v 0.022260 0.243964 0.271725
v 0.023498 0.245717 0.366910
v -0.023485 0.245717 0.366910
v -0.022247 0.243964 0.271725
v 0.022260 0.243964 0.271725
v 0.022282 -0.006345 0.256158
v 0.023582 -0.020255 0.350817
v 0.067753 -0.004214 0.351804
v 0.064011 0.008733 0.257085
v 0.064011 0.008733 0.257085
v 0.067753 -0.004214 0.351804
v 0.103762 0.025935 0.353644
v 0.098032 0.037074 0.258803
v 0.098032 0.037074 0.258803
v 0.103762 0.025935 0.353644
v 0.127266 0.066558 0.356114
v 0.120243 0.075263 0.261109
v 0.120243 0.075263 0.261109
v 0.127266 0.066558 0.356114
v 0.135428 0.112754 0.358914
v 0.127970 0.118685 0.263741
v 0.127970 0.118685 0.263741
v 0.135428 0.112754 0.358914
v 0.127208 0.158926 0.361704
v 0.120244 0.162099 0.266413
v 0.120244 0.162099 0.266413
v 0.127208 0.158926 0.361704
v 0.103762 0.199566 0.364152
v 0.098183 0.200347 0.268843
v 0.067758 0.202749 -0.051053
v 0.065080 0.206643 -0.095812
v 0.077202 0.172440 -0.132635
v 0.084949 0.169287 -0.053029
v 0.063961 0.092895 -0.147191
v 0.070763 0.083536 -0.058253
v 0.084949 0.169287 -0.053029
v 0.077202 0.172440 -0.132635
v 0.070763 0.083536 -0.058253
v 0.063961 0.092895 -0.147191
v 0.019472 0.063671 -0.158895
v 0.019965 0.047619 -0.060455
v 0.060566 0.178105 -0.224966
v 0.077202 0.172440 -0.132635
v 0.065080 0.206643 -0.095812
v 0.055306 0.202587 -0.223876
v 0.060566 0.178105 -0.224966
v 0.056183 0.113250 -0.238197
v 0.063961 0.092895 -0.147191
v 0.077202 0.172440 -0.132635
v 0.055306 0.202587 -0.223876
v 0.065080 0.206643 -0.095812
v 0.046999 0.221611 -0.124735
v 0.038398 0.218421 -0.223196
v 0.038398 0.218421 -0.223196
v 0.046999 0.221611 -0.124735
v 0.000006 0.238314 -0.144307
v 0.000006 0.228053 -0.222863
v 0.063961 0.092895 -0.147191
v 0.056183 0.113250 -0.238197
v 0.018468 0.087394 -0.241015
v 0.019472 0.063671 -0.158895
v -0.017784 0.020638 0.243591
v 0.017796 0.020638 0.243591
v 0.018049 0.024801 0.165781
v -0.018036 0.024801 0.165781
v 0.013103 0.234358 0.228684
v 0.037881 0.226897 0.221051
v 0.046578 0.226956 0.228815
v 0.016109 0.236740 0.237299
v 0.037881 0.226897 0.221051
v 0.051799 0.217449 0.201853
v 0.058234 0.216119 0.210268
v 0.046578 0.226956 0.228815
v -0.005900 0.252544 0.117359
v -0.007194 0.253966 0.077318
v 0.007207 0.253966 0.077318
v 0.005913 0.252544 0.117359
v 0.005913 0.252544 0.117359
v 0.007207 0.253966 0.077318
v 0.015322 0.247345 0.077158
v 0.015425 0.247591 0.116431
v 0.016557 0.228588 0.247151
v 0.016109 0.236740 0.237299
v 0.046578 0.226956 0.228815
v 0.049136 0.218037 0.245165
v 0.049136 0.218037 0.245165
v 0.046578 0.226956 0.228815
v 0.058234 0.216119 0.210268
v 0.075225 0.203930 0.238516
v 0.066321 0.205247 0.175849
v 0.058234 0.216119 0.210268
v 0.051799 0.217449 0.201853
v 0.059527 0.208544 0.175707
v 0.013163 0.228529 0.043523
v 0.015322 0.247345 0.077158
v 0.007207 0.253966 0.077318
v 0.004469 0.231095 0.038998
v 0.021328 0.227088 0.076305
v 0.013163 0.228529 0.043523
v 0.038034 0.221520 0.015808
v 0.042317 0.221589 0.078485
v 0.038034 0.221520 0.015808
v 0.013163 0.228529 0.043523
v 0.004469 0.231095 0.038998
v 0.007078 0.230523 0.032090
v 0.004469 0.231095 0.038998
v -0.004456 0.231095 0.038998
v -0.007065 0.230524 0.032090
v 0.007078 0.230523 0.032090
v 0.007227 0.215951 0.136386
v 0.006192 0.230290 0.129459
v 0.016378 0.229697 0.127759
v 0.019441 0.215229 0.135300
v 0.013103 0.234358 0.228684
v -0.013090 0.234358 0.228684
v -0.010587 0.217789 0.221463
v 0.010599 0.217789 0.221463
v 0.030038 0.210794 0.219865
v 0.037881 0.226897 0.221051
v 0.013103 0.234358 0.228684
v 0.010599 0.217789 0.221463
v 0.040394 0.202942 0.199728
v 0.051799 0.217449 0.201853
v 0.037881 0.226897 0.221051
v 0.030038 0.210794 0.219865
v 0.047213 0.195776 0.174751
v 0.059527 0.208544 0.175707
v 0.051799 0.217449 0.201853
v 0.040394 0.202942 0.199728
v 0.077872 0.196997 0.176042
v 0.075225 0.203930 0.238516
v 0.058234 0.216119 0.210268
v 0.066321 0.205247 0.175849
v 0.020418 0.230838 0.120681
v 0.015425 0.247591 0.116431
v 0.015322 0.247345 0.077158
v 0.021328 0.227088 0.076305
v 0.017683 0.232916 0.256485
v 0.022260 0.243964 0.271725
v -0.022247 0.243964 0.271725
v -0.017670 0.232916 0.256485
v -0.019252 0.002005 0.470865
v -0.015205 0.023985 0.478642
v 0.015218 0.023985 0.478642
v 0.019265 0.002005 0.470865
v 0.016557 0.228588 0.247151
v 0.017683 0.232916 0.256485
v -0.017670 0.232916 0.256485
v -0.016544 0.228588 0.247151
v -0.004456 0.231095 0.038998
v 0.004469 0.231095 0.038998
v 0.007207 0.253966 0.077318
v -0.007194 0.253966 0.077318
v 0.014108 0.032264 0.444652
v 0.015218 0.023985 0.478642
v -0.015205 0.023985 0.478642
v -0.014095 0.032264 0.444652
v 0.023582 -0.020255 0.350817
v -0.023570 -0.020255 0.350817
v -0.023113 -0.023559 0.435717
v 0.023126 -0.023559 0.435717
v 0.023582 -0.020255 0.350817
v 0.022282 -0.006345 0.256158
v -0.022269 -0.006345 0.256158
v -0.023570 -0.020255 0.350817
v -0.019252 0.002005 0.470865
v 0.019265 0.002005 0.470865
v 0.023126 -0.023559 0.435717
v -0.023113 -0.023559 0.435717
v 0.019965 0.047619 -0.060455
v 0.019472 0.063671 -0.158895
v -0.019459 0.063671 -0.158895
v -0.019952 0.047619 -0.060455
v 0.019472 0.063671 -0.158895
v 0.018468 0.087394 -0.241015
v -0.018455 0.087394 -0.241015
v -0.019459 0.063671 -0.158895
v 0.013103 0.234358 0.228684
v 0.016109 0.236740 0.237299
v -0.016097 0.236740 0.237299
v -0.013090 0.234358 0.228684
v 0.006192 0.230290 0.129459
v 0.007227 0.215951 0.136386
v -0.007214 0.215951 0.136386
v -0.006179 0.230290 0.129459
v 0.016557 0.228588 0.247151
v -0.016544 0.228588 0.247151
v -0.016097 0.236740 0.237299
v 0.016109 0.236740 0.237299
v 0.042317 0.221589 0.078485
v 0.043998 0.223025 0.123489
v 0.020418 0.230838 0.120681
v 0.021328 0.227088 0.076305
v 0.034916 0.210014 0.137461
v 0.042923 0.223941 0.129760
v 0.057322 0.212742 0.147415
v 0.045741 0.199490 0.151822
v 0.065238 0.212496 0.135662
v 0.057322 0.212742 0.147415
v 0.042923 0.223941 0.129760
v 0.043998 0.223025 0.123489
v 0.042923 0.223941 0.129760
v 0.016378 0.229697 0.127759
v 0.020418 0.230838 0.120681
v 0.043998 0.223025 0.123489
v 0.057322 0.212742 0.147415
v 0.065238 0.212496 0.135662
v 0.066321 0.205247 0.175849
v 0.059527 0.208544 0.175707
v 0.019441 0.215229 0.135300
v 0.016378 0.229697 0.127759
v 0.042923 0.223941 0.129760
v 0.034916 0.210014 0.137461
v 0.045741 0.199490 0.151822
v 0.057322 0.212742 0.147415
v 0.059527 0.208544 0.175707
v 0.047213 0.195776 0.174751
v 0.065238 0.212496 0.135662
v 0.074546 0.199162 0.125498
v 0.077872 0.196997 0.176042
v 0.066321 0.205247 0.175849
v 0.005913 0.252544 0.117359
v 0.005824 0.247528 0.123029
v -0.005811 0.247528 0.123029
v -0.005900 0.252544 0.117359
v 0.012851 0.244299 0.122443
v 0.005824 0.247528 0.123029
v 0.005913 0.252544 0.117359
v 0.015425 0.247591 0.116431
v 0.005824 0.247528 0.123029
v 0.006192 0.230290 0.129459
v -0.006179 0.230290 0.129459
v -0.005811 0.247528 0.123029
v 0.005824 0.247528 0.123029
v 0.012851 0.244299 0.122443
v 0.016378 0.229697 0.127759
v 0.006192 0.230290 0.129459
v 0.012851 0.244299 0.122443
v 0.015425 0.247591 0.116431
v 0.020418 0.230838 0.120681
v 0.016378 0.229697 0.127759
v 0.028685 0.201295 -0.091065
v 0.036439 0.204925 -0.113409
v 0.050221 0.197978 -0.095172
v 0.044916 0.201128 -0.075659
v 0.000006 0.201932 -0.102820
v 0.000006 0.212000 -0.124805
v 0.036439 0.204925 -0.113409
v 0.028685 0.201295 -0.091065
v 0.008046 0.199450 -0.007981
v 0.008087 0.208478 0.009664
v -0.008891 0.208558 0.009695
v -0.008825 0.199579 -0.008391
v 0.026729 0.199395 -0.015490
v 0.035297 0.204360 -0.001950
v 0.008087 0.208478 0.009664
v 0.008046 0.199450 -0.007981
v 0.052341 0.198495 -0.015957
v 0.035297 0.204360 -0.001950
v 0.026729 0.199395 -0.015490
v 0.041325 0.199768 -0.030572
v 0.056370 0.197917 -0.051163
v 0.047720 0.200263 -0.051193
v 0.044916 0.201128 -0.075659
v 0.050221 0.197978 -0.095172
v 0.084949 0.169287 -0.053029
v 0.070763 0.083536 -0.058253
v 0.075036 0.074176 0.019027
v 0.089967 0.166317 0.018940
v 0.075036 0.074176 0.019027
v 0.070763 0.083536 -0.058253
v 0.019965 0.047619 -0.060455
v 0.020281 0.036961 0.016826
v 0.020281 0.036961 0.016826
v 0.019965 0.047619 -0.060455
v -0.019952 0.047619 -0.060455
v -0.020268 0.036961 0.016826
v 0.047720 0.200263 -0.051193
v 0.056370 0.197917 -0.051163
v 0.052341 0.198495 -0.015957
v 0.041325 0.199768 -0.030572
v 0.089967 0.166317 0.018940
v 0.068318 0.210356 -0.008684
v 0.067758 0.202749 -0.051053
v 0.084949 0.169287 -0.053029
v 0.056370 0.197917 -0.051163
v 0.061156 0.206105 -0.050858
v 0.060097 0.211854 -0.011808
v 0.052341 0.198495 -0.015957
v 0.061156 0.206105 -0.050858
v 0.056370 0.197917 -0.051163
v 0.050221 0.197978 -0.095172
v 0.058220 0.209097 -0.093716
v 0.036439 0.204925 -0.113409
v 0.042691 0.221203 -0.119380
v 0.058220 0.209097 -0.093716
v 0.050221 0.197978 -0.095172
v 0.000006 0.212000 -0.124805
v 0.000006 0.235332 -0.136995
v 0.042691 0.221203 -0.119380
v 0.036439 0.204925 -0.113409
v 0.008087 0.208478 0.009664
v 0.007073 0.228704 0.024886
v -0.007049 0.228712 0.024888
v -0.008891 0.208558 0.009695
v 0.035297 0.204360 -0.001950
v 0.039408 0.219585 0.009738
v 0.007073 0.228704 0.024886
v 0.008087 0.208478 0.009664
v 0.060097 0.211854 -0.011808
v 0.039408 0.219585 0.009738
v 0.035297 0.204360 -0.001950
v 0.052341 0.198495 -0.015957
v 0.075225 0.203930 0.238516
v 0.094849 0.160625 0.174211
v 0.096794 0.162075 0.252275
v 0.078325 0.198024 0.254627
v 0.061156 0.206105 -0.050858
v 0.067758 0.202749 -0.051053
v 0.068318 0.210356 -0.008684
v 0.060097 0.211854 -0.011808
v 0.065080 0.206643 -0.095812
v 0.067758 0.202749 -0.051053
v 0.061156 0.206105 -0.050858
v 0.058220 0.209097 -0.093716
v 0.042691 0.221203 -0.119380
v 0.046999 0.221611 -0.124735
v 0.065080 0.206643 -0.095812
v 0.058220 0.209097 -0.093716
v 0.000006 0.235332 -0.136995
v 0.000006 0.238314 -0.144307
v 0.046999 0.221611 -0.124735
v 0.042691 0.221203 -0.119380
v 0.007073 0.228704 0.024886
v 0.007078 0.230523 0.032090
v -0.007065 0.230524 0.032090
v -0.007049 0.228712 0.024888
v 0.039408 0.219585 0.009738
v 0.038034 0.221520 0.015808
v 0.007078 0.230523 0.032090
v 0.007073 0.228704 0.024886
v 0.068318 0.210356 -0.008684
v 0.038034 0.221520 0.015808
v 0.039408 0.219585 0.009738
v 0.060097 0.211854 -0.011808
v 0.044916 0.201128 -0.075659
v 0.039522 0.191952 -0.073851
v 0.025473 0.192369 -0.087856
v 0.028685 0.201295 -0.091065
v 0.028685 0.201295 -0.091065
v 0.025473 0.192369 -0.087856
v 0.000006 0.193102 -0.098524
v 0.000006 0.201932 -0.102820
v -0.008825 0.199579 -0.008391
v -0.007898 0.191435 -0.013125
v 0.007204 0.191318 -0.012752
v 0.008046 0.199450 -0.007981
v 0.008046 0.199450 -0.007981
v 0.007204 0.191318 -0.012752
v 0.023819 0.191028 -0.019647
v 0.026729 0.199395 -0.015490
v 0.041325 0.199768 -0.030572
v 0.036640 0.190998 -0.033462
v 0.042192 0.191261 -0.052007
v 0.047720 0.200263 -0.051193
v 0.047720 0.200263 -0.051193
v 0.042192 0.191261 -0.052007
v 0.039522 0.191952 -0.073851
v 0.044916 0.201128 -0.075659
v 0.026729 0.199395 -0.015490
v 0.023819 0.191028 -0.019647
v 0.036640 0.190998 -0.033462
v 0.041325 0.199768 -0.030572
v 0.060566 0.178105 -0.224966
v 0.025063 0.192545 -0.394938
v 0.023065 0.157314 -0.396198
v 0.056183 0.113250 -0.238197
v 0.056183 0.113250 -0.238197
v 0.023065 0.157314 -0.396198
v 0.005354 0.148201 -0.396278
v 0.018468 0.087394 -0.241015
v -0.005341 0.148201 -0.396278
v -0.018455 0.087394 -0.241015
v 0.018468 0.087394 -0.241015
v 0.005354 0.148201 -0.396278
v 0.000006 0.228053 -0.222863
v 0.000006 0.222584 -0.393100
v 0.015829 0.219056 -0.393363
v 0.038398 0.218421 -0.223196
v 0.038398 0.218421 -0.223196
v 0.015829 0.219056 -0.393363
v 0.023003 0.210323 -0.393966
v 0.055306 0.202587 -0.223876
v 0.055306 0.202587 -0.223876
v 0.023003 0.210323 -0.393966
v 0.025063 0.192545 -0.394938
v 0.060566 0.178105 -0.224966
v 0.089967 0.166317 0.018940
v 0.094849 0.160625 0.174211
v 0.083948 0.180093 0.139502
v 0.081480 0.183156 0.062186
v 0.074546 0.199162 0.125498
v 0.071558 0.202748 0.071683
v 0.081480 0.183156 0.062186
v 0.083948 0.180093 0.139502
v 0.071558 0.202748 0.071683
v 0.068318 0.210356 -0.008684
v 0.089967 0.166317 0.018940
v 0.081480 0.183156 0.062186
v 0.071558 0.202748 0.071683
v 0.042317 0.221589 0.078485
v 0.038034 0.221520 0.015808
v 0.068318 0.210356 -0.008684
v 0.010139 0.197655 -0.461898
v 0.009491 0.178622 -0.461757
v 0.023065 0.157314 -0.396198
v 0.025063 0.192545 -0.394938
v 0.009491 0.178622 -0.461757
v 0.002651 0.169597 -0.461342
v 0.005354 0.148201 -0.396278
v 0.023065 0.157314 -0.396198
v 0.005354 0.148201 -0.396278
v 0.002651 0.169597 -0.461342
v -0.002639 0.169597 -0.461342
v -0.005341 0.148201 -0.396278
v 0.000006 0.222584 -0.393100
v 0.000006 0.223441 -0.463894
v 0.007035 0.220015 -0.460342
v 0.015829 0.219056 -0.393363
v 0.015829 0.219056 -0.393363
v 0.007035 0.220015 -0.460342
v 0.009584 0.211691 -0.461107
v 0.023003 0.210323 -0.393966
v 0.023003 0.210323 -0.393966
v 0.009584 0.211691 -0.461107
v 0.010139 0.197655 -0.461898
v 0.025063 0.192545 -0.394938
v 0.007035 0.220015 -0.460342
v 0.000006 0.223441 -0.463894
v 0.000006 0.211342 -0.465530
v 0.009584 0.211691 -0.461107
v 0.009584 0.211691 -0.461107
v 0.000006 0.211342 -0.465530
v 0.000006 0.197809 -0.466147
v 0.010139 0.197655 -0.461898
v 0.000006 0.179358 -0.466042
v 0.009491 0.178622 -0.461757
v 0.010139 0.197655 -0.461898
v 0.000006 0.197809 -0.466147
v 0.000006 0.173502 -0.465769
v 0.002651 0.169597 -0.461342
v 0.009491 0.178622 -0.461757
v 0.000006 0.179358 -0.466042
v 0.019157 0.211718 0.483596
v 0.005352 0.221713 0.471927
v 0.008627 0.236061 0.454684
v 0.023076 0.238444 0.451586
v 0.023076 0.238444 0.451586
v 0.008627 0.236061 0.454684
v -0.008614 0.236062 0.454684
v -0.023063 0.238445 0.451586
v 0.019157 0.211718 0.483596
v -0.019144 0.211718 0.483596
v -0.005328 0.221733 0.471903
v 0.005352 0.221713 0.471927
v 0.005352 0.221713 0.471927
v 0.003922 0.205404 0.471067
v 0.003429 0.226166 0.454628
v 0.008627 0.236061 0.454684
v 0.008627 0.236061 0.454684
v 0.003429 0.226166 0.454628
v -0.003414 0.226165 0.454627
v -0.008614 0.236062 0.454684
v -0.005328 0.221733 0.471903
v -0.003907 0.205404 0.471068
v 0.003922 0.205404 0.471067
v 0.005352 0.221713 0.471927
v 0.075036 0.074176 0.019027
v 0.095264 0.089992 0.169655
v 0.101335 0.124565 0.171737
v 0.089967 0.166317 0.018940
v 0.075036 0.074176 0.019027
v 0.020281 0.036961 0.016826
v 0.018049 0.024801 0.165781
v 0.050971 0.036885 0.166496
v -0.019144 0.211718 0.483596
v -0.055356 0.199094 0.482799
v -0.066450 0.222708 0.450610
v -0.023063 0.238445 0.451586
v -0.022247 0.243964 0.271725
v -0.064154 0.228825 0.270724
v -0.050974 0.220952 0.255937
v -0.017670 0.232916 0.256485
v -0.066450 0.222708 0.450610
v -0.067736 0.229721 0.365958
v -0.023485 0.245717 0.366910
v -0.023063 0.238445 0.451586
v -0.015082 0.188177 0.488648
v -0.043653 0.178247 0.488045
v -0.055356 0.199094 0.482799
v -0.019144 0.211718 0.483596
v -0.043653 0.178247 0.488045
v -0.015082 0.188177 0.488648
v -0.014652 0.183478 0.453165
v -0.040424 0.174201 0.453313
v -0.064154 0.228825 0.270724
v -0.022247 0.243964 0.271725
v -0.023485 0.245717 0.366910
v -0.067736 0.229721 0.365958
v -0.003414 0.226165 0.454627
v -0.003907 0.205404 0.471068
v -0.005328 0.221733 0.471903
v -0.008614 0.236062 0.454684
v 0.123933 0.134999 0.429967
v 0.130878 0.140958 0.427719
v 0.131790 0.142021 0.400671
v 0.124750 0.136635 0.400378
v 0.124448 0.165573 0.402106
v 0.124032 0.162926 0.429062
v 0.115032 0.163623 0.431700
v 0.114758 0.166073 0.402172
v 0.117530 0.154959 0.442866
v 0.126638 0.156437 0.439841
v 0.129722 0.146531 0.439234
v 0.121482 0.142255 0.442092
v 0.129722 0.146531 0.439234
v 0.130878 0.140958 0.427719
v 0.123933 0.134999 0.429967
v 0.121482 0.142255 0.442092
v 0.131790 0.142021 0.400671
v 0.130878 0.140958 0.427719
v 0.134366 0.154619 0.422171
v 0.133634 0.155654 0.401461
v 0.124032 0.162926 0.429062
v 0.124448 0.165573 0.402106
v 0.133634 0.155654 0.401461
v 0.134366 0.154619 0.422171
v 0.124032 0.162926 0.429062
v 0.126638 0.156437 0.439841
v 0.117530 0.154959 0.442866
v 0.115032 0.163623 0.431700
v 0.075778 0.168994 0.476097
v 0.083685 0.161384 0.449268
v 0.038912 0.126157 0.444471
v 0.035055 0.129049 0.468402
v 0.025374 0.142261 0.445452
v 0.068064 0.179966 0.450400
v 0.075778 0.168994 0.476097
v 0.028980 0.136275 0.468842
v 0.001252 0.142925 -0.001629
v 0.047479 0.142395 -0.001160
v 0.047208 0.189679 0.001007
v 0.001252 0.201292 0.000795
v 0.001252 0.203876 -0.117816
v 0.047141 0.192380 -0.119494
v 0.047479 0.149802 -0.122743
v 0.001252 0.150271 -0.122213
v 0.001252 0.150271 -0.122213
v 0.047479 0.149802 -0.122743
v 0.047479 0.142395 -0.001160
v 0.001252 0.142925 -0.001629
v 0.047479 0.142395 -0.001160
v 0.047479 0.149802 -0.122743
v 0.047141 0.192380 -0.119494
v 0.047208 0.189679 0.001007
v -0.044975 0.149802 -0.122743
v -0.044975 0.142395 -0.001160
v -0.044704 0.189679 0.001007
v -0.044637 0.192380 -0.119494
v -0.044637 0.192380 -0.119494
v 0.001252 0.203876 -0.117816
v 0.001252 0.150271 -0.122213
v -0.044975 0.149802 -0.122743
v -0.044975 0.149802 -0.122743
v 0.001252 0.150271 -0.122213
v 0.001252 0.142925 -0.001629
v -0.044975 0.142395 -0.001160
v -0.044975 0.142395 -0.001160
v 0.001252 0.142925 -0.001629
v 0.001252 0.201292 0.000795
v -0.044704 0.189679 0.001007
v -0.049450 0.020028 0.467021
v -0.060037 0.027585 0.441116
v -0.030089 0.076285 0.441432
v -0.024980 0.072087 0.464932
v -0.011850 0.065775 0.440792
v -0.038990 0.015455 0.440377
v -0.049450 0.020028 0.467021
v -0.016795 0.067371 0.464644
v -0.075765 0.042070 0.468364
v -0.083672 0.052880 0.442657
v -0.038899 0.088430 0.442172
v -0.035042 0.082653 0.465576
v -0.025361 0.072326 0.441191
v -0.068051 0.034299 0.441525
v -0.075765 0.042070 0.468364
v -0.028967 0.075428 0.465135
v -0.136117 -0.050600 0.211853
v -0.150703 -0.046668 0.211852
v -0.115428 0.061077 0.053392
v -0.101771 0.057100 0.053310
v -0.104305 0.047982 0.047000
v -0.118184 0.051928 0.047011
v -0.153340 -0.055767 0.205557
v -0.138994 -0.059757 0.205464
v -0.136117 -0.050600 0.211853
v -0.101771 0.057100 0.053310
v -0.104305 0.047982 0.047000
v -0.138994 -0.059757 0.205464
v -0.153340 -0.055767 0.205557
v -0.118184 0.051928 0.047011
v -0.115428 0.061077 0.053392
v -0.150703 -0.046668 0.211852
v -0.001239 0.129091 0.236879
v -0.001239 0.218395 0.241188
v -0.061099 0.205849 0.241261
v -0.061270 0.128561 0.237348
v -0.001239 0.225932 0.117484
v -0.001239 0.136765 0.110920
v -0.061270 0.136296 0.110390
v -0.061077 0.206287 0.115433
v -0.001239 0.136765 0.110920
v -0.001239 0.134055 0.173968
v -0.060769 0.132928 0.173900
v -0.061270 0.136296 0.110390
v -0.060769 0.132928 0.173900
v -0.059640 0.198625 0.177902
v -0.061077 0.206287 0.115433
v -0.061270 0.136296 0.110390
v 0.058791 0.136296 0.110390
v 0.058599 0.206287 0.115433
v 0.057161 0.198625 0.177902
v 0.058291 0.132928 0.173900
v 0.058599 0.206287 0.115433
v 0.058791 0.136296 0.110390
v -0.001239 0.136765 0.110920
v -0.001239 0.225932 0.117484
v 0.058791 0.136296 0.110390
v 0.058291 0.132928 0.173900
v -0.001239 0.134055 0.173968
v -0.001239 0.136765 0.110920
v 0.058791 0.128561 0.237348
v 0.058620 0.205849 0.241261
v -0.001239 0.218395 0.241188
v -0.001239 0.129091 0.236879
v 0.058291 0.132928 0.173900
v 0.057161 0.198625 0.177902
v 0.058620 0.205849 0.241261
v 0.058791 0.128561 0.237348
v -0.001239 0.134055 0.173968
v 0.058291 0.132928 0.173900
v 0.058791 0.128561 0.237348
v -0.001239 0.129091 0.236879
v -0.060769 0.132928 0.173900
v -0.001239 0.134055 0.173968
v -0.001239 0.129091 0.236879
v -0.061270 0.128561 0.237348
v -0.061270 0.128561 0.237348
v -0.061099 0.205849 0.241261
v -0.059640 0.198625 0.177902
v -0.060769 0.132928 0.173900
v -0.151805 -0.050823 0.216685
v -0.085899 0.122839 0.215390
v -0.072331 0.118252 0.215097
v -0.137539 -0.055413 0.216622
v -0.086149 0.122793 0.199413
v -0.152060 -0.050870 0.200947
v -0.137803 -0.055459 0.200615
v -0.072575 0.118205 0.199312
v -0.137803 -0.055459 0.200615
v -0.137539 -0.055413 0.216622
v -0.072331 0.118252 0.215097
v -0.072575 0.118205 0.199312
v -0.151805 -0.050823 0.216685
v -0.152060 -0.050870 0.200947
v -0.086149 0.122793 0.199413
v -0.085899 0.122839 0.215390
v 0.092954 0.071765 0.470174
v 0.088916 0.061924 0.443208
v 0.035826 0.083095 0.441847
v 0.037657 0.087153 0.465850
v 0.043029 0.102849 0.443050
v 0.097228 0.084719 0.444597
v 0.092954 0.071765 0.470174
v 0.040890 0.096018 0.466390
v -0.216273 0.103987 0.154207
v -0.220716 0.102769 0.174366
v -0.221269 0.254795 0.183147
v -0.219191 0.256036 0.162990
v -0.231951 0.102339 0.173859
v -0.234032 0.103551 0.153701
v -0.236953 0.255548 0.163443
v -0.232507 0.254311 0.183598
v -0.221269 0.254795 0.183147
v -0.221818 0.310620 0.184070
v -0.221770 0.311602 0.168285
v -0.219191 0.256036 0.162990
v -0.232140 0.310246 0.185095
v -0.232507 0.254311 0.183598
v -0.236953 0.255548 0.163443
v -0.236347 0.311237 0.169221
v -0.221078 0.054113 0.169487
v -0.220716 0.102769 0.174366
v -0.216273 0.103987 0.154207
v -0.216872 0.055052 0.153620
v -0.231951 0.102339 0.173859
v -0.231406 0.053852 0.168421
v -0.231450 0.054790 0.152638
v -0.234032 0.103551 0.153701
v -0.221770 0.311602 0.168285
v -0.236347 0.311237 0.169221
v -0.236953 0.255548 0.163443
v -0.219191 0.256036 0.162990
v -0.236953 0.255548 0.163443
v -0.234032 0.103551 0.153701
v -0.216273 0.103987 0.154207
v -0.219191 0.256036 0.162990
v -0.234032 0.103551 0.153701
v -0.231450 0.054790 0.152638
v -0.216872 0.055052 0.153620
v -0.216273 0.103987 0.154207
v -0.221078 0.054113 0.169487
v -0.231406 0.053852 0.168421
v -0.231951 0.102339 0.173859
v -0.220716 0.102769 0.174366
v -0.231951 0.102339 0.173859
v -0.232507 0.254311 0.183598
v -0.221269 0.254795 0.183147
v -0.220716 0.102769 0.174366
v -0.232507 0.254311 0.183598
v -0.232140 0.310246 0.185095
v -0.221818 0.310620 0.184070
v -0.221269 0.254795 0.183147
v 0.075778 0.042069 0.468364
v 0.068064 0.034299 0.441525
v 0.025374 0.072326 0.441191
v 0.028980 0.075426 0.465135
v 0.038912 0.088430 0.442172
v 0.083685 0.052880 0.442657
v 0.075778 0.042069 0.468364
v 0.035055 0.082654 0.465576
v 0.006070 0.254124 0.453955
v -0.006058 0.254119 0.453954
v -0.009972 0.213641 0.449548
v 0.009985 0.213641 0.449548
v 0.006070 0.254124 0.453955
v 0.004913 0.259486 0.457547
v -0.004894 0.259488 0.457541
v -0.006058 0.254119 0.453954
v 0.003493 0.252942 0.473749
v 0.006070 0.254124 0.453955
v 0.009985 0.213641 0.449548
v 0.007608 0.212152 0.470558
v 0.003123 0.257514 0.469905
v 0.004913 0.259486 0.457547
v 0.006070 0.254124 0.453955
v 0.003493 0.252942 0.473749
v -0.009972 0.213641 0.449548
v -0.006058 0.254119 0.453954
v -0.003472 0.252944 0.473754
v -0.007595 0.212152 0.470558
v -0.003472 0.252944 0.473754
v -0.006058 0.254119 0.453954
v -0.004894 0.259488 0.457541
v -0.003128 0.257578 0.469873
v -0.003128 0.257578 0.469873
v -0.004894 0.259488 0.457541
v 0.004913 0.259486 0.457547
v 0.003123 0.257514 0.469905
v -0.003472 0.252944 0.473754
v 0.003493 0.252942 0.473749
v 0.007608 0.212152 0.470558
v -0.007595 0.212152 0.470558
v -0.003472 0.252944 0.473754
v -0.003128 0.257578 0.469873
v 0.003123 0.257514 0.469905
v 0.003493 0.252942 0.473749
v 0.038048 0.227364 -0.103474
v 0.038200 0.241337 -0.098061
v 0.013904 0.246429 -0.111259
v 0.013842 0.232441 -0.116630
v 0.013842 0.232441 -0.116630
v 0.013904 0.246429 -0.111259
v -0.014123 0.246483 -0.111163
v -0.014085 0.232496 -0.116531
v -0.014085 0.232496 -0.116531
v -0.014123 0.246483 -0.111163
v -0.038352 0.241489 -0.097798
v -0.038219 0.227515 -0.103206
v -0.038219 0.227515 -0.103206
v -0.038352 0.241489 -0.097798
v -0.052293 0.232791 -0.074762
v -0.052089 0.218841 -0.080252
v -0.052089 0.218841 -0.080252
v -0.052293 0.232791 -0.074762
v -0.052171 0.223181 -0.048893
v -0.051890 0.208868 -0.054571
v 0.052260 0.232582 -0.075124
v 0.038200 0.241337 -0.098061
v 0.038048 0.227364 -0.103474
v 0.052041 0.218637 -0.080617
v 0.051977 0.208661 -0.054931
v 0.052275 0.222973 -0.049256
v 0.052260 0.232582 -0.075124
v 0.052041 0.218637 -0.080617
v 0.038200 0.241337 -0.098061
v 0.030436 0.239865 -0.090260
v 0.011077 0.243914 -0.100779
v 0.013904 0.246429 -0.111259
v 0.013904 0.246429 -0.111259
v 0.011077 0.243914 -0.100779
v -0.011232 0.243964 -0.100702
v -0.014123 0.246483 -0.111163
v -0.014123 0.246483 -0.111163
v -0.011232 0.243964 -0.100702
v -0.030542 0.239998 -0.090049
v -0.038352 0.241489 -0.097798
v -0.038352 0.241489 -0.097798
v -0.030542 0.239998 -0.090049
v -0.041684 0.233073 -0.071646
v -0.052293 0.232791 -0.074762
v -0.052293 0.232791 -0.074762
v -0.041684 0.233073 -0.071646
v -0.041262 0.224604 -0.049969
v -0.052171 0.223181 -0.048893
v 0.052260 0.232582 -0.075124
v 0.041668 0.232894 -0.071939
v 0.030436 0.239865 -0.090260
v 0.038200 0.241337 -0.098061
v 0.052275 0.222973 -0.049256
v 0.041360 0.224428 -0.050264
v 0.041668 0.232894 -0.071939
v 0.052260 0.232582 -0.075124
v 0.013842 0.232441 -0.116630
v 0.010980 0.228894 -0.106402
v 0.030197 0.224873 -0.095940
v 0.038048 0.227364 -0.103474
v -0.014085 0.232496 -0.116531
v -0.011176 0.228940 -0.106320
v 0.010980 0.228894 -0.106402
v 0.013842 0.232441 -0.116630
v -0.038219 0.227515 -0.103206
v -0.030333 0.225002 -0.095718
v -0.011176 0.228940 -0.106320
v -0.014085 0.232496 -0.116531
v -0.052089 0.218841 -0.080252
v -0.041353 0.218131 -0.077437
v -0.030333 0.225002 -0.095718
v -0.038219 0.227515 -0.103206
v -0.051890 0.208868 -0.054571
v -0.040971 0.210146 -0.055700
v -0.041353 0.218131 -0.077437
v -0.052089 0.218841 -0.080252
v 0.038048 0.227364 -0.103474
v 0.030197 0.224873 -0.095940
v 0.041317 0.217954 -0.077734
v 0.052041 0.218637 -0.080617
v 0.052041 0.218637 -0.080617
v 0.041317 0.217954 -0.077734
v 0.041052 0.209969 -0.055994
v 0.051977 0.208661 -0.054931
v 0.011077 0.243914 -0.100779
v 0.010980 0.228894 -0.106402
v -0.011176 0.228940 -0.106320
v -0.011232 0.243964 -0.100702
v -0.011232 0.243964 -0.100702
v -0.011176 0.228940 -0.106320
v -0.030333 0.225002 -0.095718
v -0.030542 0.239998 -0.090049
v -0.030542 0.239998 -0.090049
v -0.030333 0.225002 -0.095718
v -0.041353 0.218131 -0.077437
v -0.041684 0.233073 -0.071646
v -0.041684 0.233073 -0.071646
v -0.041353 0.218131 -0.077437
v -0.040971 0.210146 -0.055700
v -0.041262 0.224604 -0.049969
v 0.041360 0.224428 -0.050264
v 0.041052 0.209969 -0.055994
v 0.041317 0.217954 -0.077734
v 0.041668 0.232894 -0.071939
v 0.041668 0.232894 -0.071939
v 0.041317 0.217954 -0.077734
v 0.030197 0.224873 -0.095940
v 0.030436 0.239865 -0.090260
v 0.030436 0.239865 -0.090260
v 0.030197 0.224873 -0.095940
v 0.010980 0.228894 -0.106402
v 0.011077 0.243914 -0.100779
v -0.052171 0.223181 -0.048893
v -0.051904 0.216845 -0.031966
v -0.051692 0.202454 -0.037995
v -0.051890 0.208868 -0.054571
v 0.051977 0.208661 -0.054931
v 0.051845 0.202151 -0.038072
v 0.052094 0.216572 -0.032124
v 0.052275 0.222973 -0.049256
v -0.041262 0.224604 -0.049969
v -0.041307 0.217626 -0.031626
v -0.051904 0.216845 -0.031966
v -0.052171 0.223181 -0.048893
v 0.052275 0.222973 -0.049256
v 0.052094 0.216572 -0.032124
v 0.041475 0.217400 -0.031751
v 0.041360 0.224428 -0.050264
v -0.051890 0.208868 -0.054571
v -0.051692 0.202454 -0.037995
v -0.040943 0.203145 -0.037770
v -0.040971 0.210146 -0.055700
v 0.041052 0.209969 -0.055994
v 0.041108 0.202883 -0.037822
v 0.051845 0.202151 -0.038072
v 0.051977 0.208661 -0.054931
v -0.040971 0.210146 -0.055700
v -0.040943 0.203145 -0.037770
v -0.041307 0.217626 -0.031626
v -0.041262 0.224604 -0.049969
v 0.041360 0.224428 -0.050264
v 0.041475 0.217400 -0.031751
v 0.041108 0.202883 -0.037822
v 0.041052 0.209969 -0.055994
v -0.051748 0.212082 -0.029346
v -0.041256 0.212559 -0.029135
v -0.041217 0.203845 -0.032774
v -0.051604 0.203431 -0.032941
v 0.051912 0.211930 -0.029417
v 0.051779 0.203274 -0.032984
v 0.041367 0.203718 -0.032808
v 0.041429 0.212435 -0.029196
v -0.051904 0.216845 -0.031966
v -0.051748 0.212082 -0.029346
v -0.051604 0.203431 -0.032941
v -0.051692 0.202454 -0.037995
v -0.051692 0.202454 -0.037995
v -0.051604 0.203431 -0.032941
v -0.041217 0.203845 -0.032774
v -0.040943 0.203145 -0.037770
v -0.040943 0.203145 -0.037770
v -0.041217 0.203845 -0.032774
v -0.041256 0.212559 -0.029135
v -0.041307 0.217626 -0.031626
v -0.041307 0.217626 -0.031626
v -0.041256 0.212559 -0.029135
v -0.051748 0.212082 -0.029346
v -0.051904 0.216845 -0.031966
v 0.052094 0.216572 -0.032124
v 0.051912 0.211930 -0.029417
v 0.041429 0.212435 -0.029196
v 0.041475 0.217400 -0.031751
v 0.041475 0.217400 -0.031751
v 0.041429 0.212435 -0.029196
v 0.041367 0.203718 -0.032808
v 0.041108 0.202883 -0.037822
v 0.041108 0.202883 -0.037822
v 0.041367 0.203718 -0.032808
v 0.051779 0.203274 -0.032984
v 0.051845 0.202151 -0.038072
v 0.051845 0.202151 -0.038072
v 0.051779 0.203274 -0.032984
v 0.051912 0.211930 -0.029417
v 0.052094 0.216572 -0.032124
v 0.045395 0.200761 -0.099597
v 0.044822 0.214857 -0.098187
v 0.016307 0.215572 -0.114539
v 0.016512 0.201496 -0.116159
v 0.016512 0.201496 -0.116159
v 0.016307 0.215572 -0.114539
v -0.016570 0.215671 -0.114453
v -0.016788 0.201592 -0.116072
v -0.016788 0.201592 -0.116072
v -0.016570 0.215671 -0.114453
v -0.045006 0.215127 -0.097953
v -0.045590 0.201023 -0.099361
v -0.045590 0.201023 -0.099361
v -0.045006 0.215127 -0.097953
v -0.061383 0.214084 -0.069454
v -0.062176 0.199943 -0.070496
v -0.062176 0.199943 -0.070496
v -0.061383 0.214084 -0.069454
v -0.061309 0.212824 -0.036588
v -0.062100 0.198638 -0.037209
v -0.061309 0.212824 -0.036588
v -0.044800 0.211683 -0.008162
v -0.045378 0.197461 -0.008420
v -0.062100 0.198638 -0.037209
v -0.045378 0.197461 -0.008420
v -0.044800 0.211683 -0.008162
v -0.016274 0.210968 0.008203
v -0.016486 0.196726 0.008153
v -0.016486 0.196726 0.008153
v -0.016274 0.210968 0.008203
v 0.016620 0.210869 0.008115
v 0.016828 0.196630 0.008065
v 0.016828 0.196630 0.008065
v 0.016620 0.210869 0.008115
v 0.045062 0.211414 -0.008401
v 0.045635 0.197199 -0.008661
v 0.045635 0.197199 -0.008661
v 0.045062 0.211414 -0.008401
v 0.061429 0.212456 -0.036913
v 0.062213 0.198280 -0.037537
v 0.061338 0.213717 -0.069776
v 0.044822 0.214857 -0.098187
v 0.045395 0.200761 -0.099597
v 0.062123 0.199585 -0.070822
v 0.062213 0.198280 -0.037537
v 0.061429 0.212456 -0.036913
v 0.061338 0.213717 -0.069776
v 0.062123 0.199585 -0.070822
v 0.044822 0.214857 -0.098187
v 0.036591 0.216282 -0.089850
v 0.013316 0.216856 -0.103189
v 0.016307 0.215572 -0.114539
v 0.016307 0.215572 -0.114539
v 0.013316 0.216856 -0.103189
v -0.013513 0.216941 -0.103122
v -0.016570 0.215671 -0.114453
v -0.016570 0.215671 -0.114453
v -0.013513 0.216941 -0.103122
v -0.036726 0.216513 -0.089663
v -0.045006 0.215127 -0.097953
v -0.045006 0.215127 -0.097953
v -0.036726 0.216513 -0.089663
v -0.050107 0.215686 -0.066403
v -0.061383 0.214084 -0.069454
v -0.061383 0.214084 -0.069454
v -0.050107 0.215686 -0.066403
v -0.050062 0.214682 -0.039563
v -0.061309 0.212824 -0.036588
v -0.044800 0.211683 -0.008162
v -0.036587 0.213770 -0.016337
v -0.013286 0.213193 -0.002964
v -0.016274 0.210968 0.008203
v -0.016274 0.210968 0.008203
v -0.013286 0.213193 -0.002964
v 0.013587 0.213109 -0.003038
v 0.016620 0.210869 0.008115
v 0.016620 0.210869 0.008115
v 0.013587 0.213109 -0.003038
v 0.036815 0.213540 -0.016538
v 0.045062 0.211414 -0.008401
v 0.045062 0.211414 -0.008401
v 0.036815 0.213540 -0.016538
v 0.050170 0.214368 -0.039832
v 0.061429 0.212456 -0.036913
v -0.061309 0.212824 -0.036588
v -0.050062 0.214682 -0.039563
v -0.036587 0.213770 -0.016337
v -0.044800 0.211683 -0.008162
v 0.061338 0.213717 -0.069776
v 0.050082 0.215372 -0.066664
v 0.036591 0.216282 -0.089850
v 0.044822 0.214857 -0.098187
v 0.061429 0.212456 -0.036913
v 0.050170 0.214368 -0.039832
v 0.050082 0.215372 -0.066664
v 0.061338 0.213717 -0.069776
v 0.013316 0.216856 -0.103189
v 0.012140 0.202228 -0.099600
v -0.012337 0.202310 -0.099534
v -0.013513 0.216941 -0.103122
v -0.013513 0.216941 -0.103122
v -0.012337 0.202310 -0.099534
v -0.033505 0.201939 -0.087247
v -0.036726 0.216513 -0.089663
v -0.036726 0.216513 -0.089663
v -0.033505 0.201939 -0.087247
v -0.045693 0.201215 -0.066027
v -0.050107 0.215686 -0.066403
v -0.050107 0.215686 -0.066403
v -0.045693 0.201215 -0.066027
v -0.045633 0.200334 -0.041561
v -0.050062 0.214682 -0.039563
v -0.050062 0.214682 -0.039563
v -0.045633 0.200334 -0.041561
v -0.033342 0.199529 -0.020403
v -0.036587 0.213770 -0.016337
v -0.036587 0.213770 -0.016337
v -0.033342 0.199529 -0.020403
v -0.012111 0.199017 -0.008224
v -0.013286 0.213193 -0.002964
v -0.013286 0.213193 -0.002964
v -0.012111 0.199017 -0.008224
v 0.012370 0.198937 -0.008289
v 0.013587 0.213109 -0.003038
v 0.013587 0.213109 -0.003038
v 0.012370 0.198937 -0.008289
v 0.033539 0.199306 -0.020580
v 0.036815 0.213540 -0.016538
v 0.036815 0.213540 -0.016538
v 0.033539 0.199306 -0.020580
v 0.045724 0.200030 -0.041803
v 0.050170 0.214368 -0.039832
v 0.050170 0.214368 -0.039832
v 0.045724 0.200030 -0.041803
v 0.045661 0.200913 -0.066269
v 0.050082 0.215372 -0.066664
v 0.050082 0.215372 -0.066664
v 0.045661 0.200913 -0.066269
v 0.033368 0.201717 -0.087424
v 0.036591 0.216282 -0.089850
v 0.036591 0.216282 -0.089850
v 0.033368 0.201717 -0.087424
v 0.012140 0.202228 -0.099600
v 0.013316 0.216856 -0.103189
v 0.046823 0.204535 -0.036607
v 0.047242 0.225395 -0.037358
v 0.056746 0.225395 -0.037358
v 0.057165 0.204535 -0.036607
v 0.047242 0.225395 -0.037358
v 0.047242 0.225974 -0.046855
v 0.056746 0.225974 -0.046855
v 0.056746 0.225395 -0.037358
v 0.057165 0.205359 -0.050133
v 0.056746 0.225974 -0.046855
v 0.047242 0.225974 -0.046855
v 0.046823 0.205359 -0.050133
v 0.057165 0.204535 -0.036607
v 0.056746 0.225395 -0.037358
v 0.056746 0.225974 -0.046855
v 0.057165 0.205359 -0.050133
v 0.046823 0.205359 -0.050133
v 0.047242 0.225974 -0.046855
v 0.047242 0.225395 -0.037358
v 0.046823 0.204535 -0.036607
v -0.056972 0.204604 -0.036602
v -0.056553 0.225464 -0.037353
v -0.047049 0.225464 -0.037353
v -0.046630 0.204604 -0.036602
v -0.056553 0.225464 -0.037353
v -0.056553 0.226043 -0.046851
v -0.047049 0.226043 -0.046851
v -0.047049 0.225464 -0.037353
v -0.046630 0.205428 -0.050129
v -0.047049 0.226043 -0.046851
v -0.056553 0.226043 -0.046851
v -0.056972 0.205428 -0.050129
v -0.046630 0.204604 -0.036602
v -0.047049 0.225464 -0.037353
v -0.047049 0.226043 -0.046851
v -0.046630 0.205428 -0.050129
v -0.056972 0.205428 -0.050129
v -0.056553 0.226043 -0.046851
v -0.056553 0.225464 -0.037353
v -0.056972 0.204604 -0.036602
v 0.039924 0.256162 -0.104891
v 0.039282 0.266248 -0.099301
v 0.031543 0.269863 -0.106329
v 0.031914 0.259909 -0.112163
v 0.031914 0.259909 -0.112163
v 0.031543 0.269863 -0.106329
v 0.020936 0.271190 -0.108911
v 0.020936 0.261286 -0.114833
v 0.020936 0.261286 -0.114833
v 0.020936 0.271190 -0.108911
v 0.010328 0.269863 -0.106329
v 0.009957 0.259909 -0.112163
v 0.009957 0.259909 -0.112163
v 0.010328 0.269863 -0.106329
v 0.002589 0.266248 -0.099301
v 0.001947 0.256162 -0.104891
v 0.001947 0.256162 -0.104891
v 0.002589 0.266248 -0.099301
v -0.000233 0.261324 -0.089731
v -0.000977 0.251062 -0.094989
v -0.000977 0.251062 -0.094989
v -0.000233 0.261324 -0.089731
v 0.002591 0.256399 -0.080163
v 0.001945 0.245967 -0.085082
v 0.001945 0.245967 -0.085082
v 0.002591 0.256399 -0.080163
v 0.010330 0.252780 -0.073138
v 0.009955 0.242227 -0.077805
v 0.009955 0.242227 -0.077805
v 0.010330 0.252780 -0.073138
v 0.020936 0.251452 -0.070559
v 0.020936 0.240853 -0.075131
v 0.020936 0.240853 -0.075131
v 0.020936 0.251452 -0.070559
v 0.031540 0.252780 -0.073138
v 0.031916 0.242227 -0.077805
v 0.031916 0.242227 -0.077805
v 0.031540 0.252780 -0.073138
v 0.039280 0.256399 -0.080163
v 0.039926 0.245967 -0.085082
v 0.039926 0.245967 -0.085082
v 0.039280 0.256399 -0.080163
v 0.042104 0.261324 -0.089731
v 0.042848 0.251062 -0.094989
v 0.042848 0.251062 -0.094989
v 0.042104 0.261324 -0.089731
v 0.039282 0.266248 -0.099301
v 0.039924 0.256162 -0.104891
v -0.040693 0.256162 -0.104890
v -0.032687 0.259908 -0.112162
v -0.032316 0.269863 -0.106329
v -0.040051 0.266248 -0.099300
v -0.032687 0.259908 -0.112162
v -0.021712 0.261287 -0.114833
v -0.021712 0.271190 -0.108911
v -0.032316 0.269863 -0.106329
v -0.021712 0.261287 -0.114833
v -0.010737 0.259909 -0.112162
v -0.011108 0.269863 -0.106329
v -0.021712 0.271190 -0.108911
v -0.010737 0.259909 -0.112162
v -0.002730 0.256162 -0.104890
v -0.003373 0.266248 -0.099300
v -0.011108 0.269863 -0.106329
v -0.002730 0.256162 -0.104890
v 0.000191 0.251062 -0.094989
v -0.000552 0.261324 -0.089731
v -0.003373 0.266248 -0.099300
v 0.000191 0.251062 -0.094989
v -0.002729 0.245967 -0.085083
v -0.003375 0.256399 -0.080163
v -0.000552 0.261324 -0.089731
v -0.002729 0.245967 -0.085083
v -0.010735 0.242227 -0.077805
v -0.011111 0.252780 -0.073138
v -0.003375 0.256399 -0.080163
v -0.010735 0.242227 -0.077805
v -0.021712 0.240854 -0.075130
v -0.021712 0.251452 -0.070559
v -0.011111 0.252780 -0.073138
v -0.021712 0.240854 -0.075130
v -0.032688 0.242227 -0.077805
v -0.032313 0.252780 -0.073138
v -0.021712 0.251452 -0.070559
v -0.032688 0.242227 -0.077805
v -0.040695 0.245967 -0.085083
v -0.040048 0.256399 -0.080163
v -0.032313 0.252780 -0.073138
v -0.040695 0.245967 -0.085083
v -0.043615 0.251062 -0.094989
v -0.042872 0.261324 -0.089731
v -0.040048 0.256399 -0.080163
v -0.043615 0.251062 -0.094989
v -0.040693 0.256162 -0.104890
v -0.040051 0.266248 -0.099300
v -0.042872 0.261324 -0.089731
v -0.012462 0.220484 -0.061154
v -0.030962 0.220484 -0.061154
v -0.030854 0.234279 -0.054503
v -0.012570 0.234279 -0.054503
v -0.032264 0.269417 -0.117349
v -0.011160 0.269417 -0.117349
v -0.011503 0.251157 -0.083742
v -0.031921 0.251157 -0.083742
v -0.013355 0.270450 -0.126854
v -0.030069 0.270450 -0.126854
v -0.030019 0.252922 -0.137051
v -0.013405 0.252922 -0.137051
v -0.011585 0.231359 -0.093175
v -0.011084 0.246842 -0.129236
v -0.032339 0.246842 -0.129236
v -0.031839 0.231359 -0.093175
v -0.031839 0.231359 -0.093175
v -0.032339 0.246842 -0.129236
v -0.032264 0.269417 -0.117349
v -0.031921 0.251157 -0.083742
v -0.011503 0.251157 -0.083742
v -0.011160 0.269417 -0.117349
v -0.011084 0.246842 -0.129236
v -0.011585 0.231359 -0.093175
v -0.032339 0.246842 -0.129236
v -0.011084 0.246842 -0.129236
v -0.013405 0.252922 -0.137051
v -0.030019 0.252922 -0.137051
v -0.032264 0.269417 -0.117349
v -0.032339 0.246842 -0.129236
v -0.030019 0.252922 -0.137051
v -0.030069 0.270450 -0.126854
v -0.011160 0.269417 -0.117349
v -0.032264 0.269417 -0.117349
v -0.030069 0.270450 -0.126854
v -0.013355 0.270450 -0.126854
v -0.013405 0.252922 -0.137051
v -0.011084 0.246842 -0.129236
v -0.011160 0.269417 -0.117349
v -0.013355 0.270450 -0.126854
v -0.031921 0.251157 -0.083742
v -0.011503 0.251157 -0.083742
v -0.013468 0.244197 -0.068765
v -0.029956 0.244197 -0.068765
v -0.011503 0.251157 -0.083742
v -0.011585 0.231359 -0.093175
v -0.013371 0.226897 -0.077200
v -0.013468 0.244197 -0.068765
v -0.031839 0.231359 -0.093175
v -0.030053 0.226897 -0.077200
v -0.013371 0.226897 -0.077200
v -0.011585 0.231359 -0.093175
v -0.031921 0.251157 -0.083742
v -0.029956 0.244197 -0.068765
v -0.030053 0.226897 -0.077200
v -0.031839 0.231359 -0.093175
v -0.013371 0.226897 -0.077200
v -0.030053 0.226897 -0.077200
v -0.030772 0.217851 -0.066492
v -0.012652 0.217850 -0.066492
v -0.030053 0.226897 -0.077200
v -0.029956 0.244197 -0.068765
v -0.030955 0.238482 -0.056623
v -0.030772 0.217851 -0.066492
v -0.029956 0.244197 -0.068765
v -0.013468 0.244197 -0.068765
v -0.012469 0.238482 -0.056623
v -0.030955 0.238482 -0.056623
v -0.013468 0.244197 -0.068765
v -0.013371 0.226897 -0.077200
v -0.012652 0.217850 -0.066492
v -0.012469 0.238482 -0.056623
v -0.012652 0.217850 -0.066492
v -0.030772 0.217851 -0.066492
v -0.030962 0.220484 -0.061154
v -0.012462 0.220484 -0.061154
v -0.030772 0.217851 -0.066492
v -0.030955 0.238482 -0.056623
v -0.030854 0.234279 -0.054503
v -0.030962 0.220484 -0.061154
v -0.030955 0.238482 -0.056623
v -0.012469 0.238482 -0.056623
v -0.012570 0.234279 -0.054503
v -0.030854 0.234279 -0.054503
v -0.012469 0.238482 -0.056623
v -0.012652 0.217850 -0.066492
v -0.012462 0.220484 -0.061154
v -0.012570 0.234279 -0.054503
v -0.034723 0.260800 -0.093983
v -0.028465 0.264607 -0.101368
v -0.027641 0.268599 -0.097713
v -0.033132 0.265260 -0.091222
v -0.018641 0.269151 -0.098789
v -0.018213 0.265238 -0.102589
v -0.010038 0.262308 -0.096911
v -0.011465 0.266583 -0.093794
v -0.010038 0.262308 -0.096911
v -0.008703 0.257576 -0.087708
v -0.010293 0.262425 -0.085710
v -0.011465 0.266583 -0.093794
v -0.008703 0.257576 -0.087708
v -0.014963 0.253791 -0.080320
v -0.015784 0.259086 -0.079221
v -0.010293 0.262425 -0.085710
v -0.024782 0.258532 -0.078148
v -0.025207 0.253166 -0.079098
v -0.033382 0.256074 -0.084780
v -0.031958 0.261101 -0.083139
v -0.033382 0.256074 -0.084780
v -0.034723 0.260800 -0.093983
v -0.033132 0.265260 -0.091222
v -0.031958 0.261101 -0.083139
v -0.028465 0.264607 -0.101368
v -0.018213 0.265238 -0.102589
v -0.018641 0.269151 -0.098789
v -0.027641 0.268599 -0.097713
v -0.014963 0.253791 -0.080320
v -0.025207 0.253166 -0.079098
v -0.024782 0.258532 -0.078148
v -0.015784 0.259086 -0.079221
v 0.033951 0.260801 -0.093983
v 0.032359 0.265260 -0.091222
v 0.026866 0.268599 -0.097713
v 0.027691 0.264607 -0.101368
v 0.017863 0.269151 -0.098789
v 0.010685 0.266583 -0.093794
v 0.009257 0.262308 -0.096911
v 0.017436 0.265238 -0.102589
v 0.009257 0.262308 -0.096911
v 0.010685 0.266583 -0.093794
v 0.009512 0.262424 -0.085710
v 0.007922 0.257576 -0.087708
v 0.007922 0.257576 -0.087708
v 0.009512 0.262424 -0.085710
v 0.015007 0.259086 -0.079221
v 0.014185 0.253791 -0.080320
v 0.024007 0.258532 -0.078148
v 0.031184 0.261101 -0.083139
v 0.032609 0.256075 -0.084779
v 0.024432 0.253166 -0.079098
v 0.032609 0.256075 -0.084779
v 0.031184 0.261101 -0.083139
v 0.032359 0.265260 -0.091222
v 0.033951 0.260801 -0.093983
v 0.027691 0.264607 -0.101368
v 0.026866 0.268599 -0.097713
v 0.017863 0.269151 -0.098789
v 0.017436 0.265238 -0.102589
v 0.014185 0.253791 -0.080320
v 0.015007 0.259086 -0.079221
v 0.024007 0.258532 -0.078148
v 0.024432 0.253166 -0.079098
v 0.011682 0.220484 -0.061154
v 0.011790 0.234279 -0.054503
v 0.030081 0.234279 -0.054503
v 0.030189 0.220484 -0.061154
v 0.031491 0.269417 -0.117349
v 0.031148 0.251157 -0.083742
v 0.010723 0.251157 -0.083742
v 0.010380 0.269417 -0.117349
v 0.012576 0.270450 -0.126854
v 0.012626 0.252922 -0.137051
v 0.029245 0.252922 -0.137051
v 0.029295 0.270450 -0.126854
v 0.010805 0.231359 -0.093175
v 0.031066 0.231359 -0.093175
v 0.031567 0.246843 -0.129236
v 0.010304 0.246843 -0.129236
v 0.031066 0.231359 -0.093175
v 0.031148 0.251157 -0.083742
v 0.031491 0.269417 -0.117349
v 0.031567 0.246843 -0.129236
v 0.010723 0.251157 -0.083742
v 0.010805 0.231359 -0.093175
v 0.010304 0.246843 -0.129236
v 0.010380 0.269417 -0.117349
v 0.031567 0.246843 -0.129236
v 0.029245 0.252922 -0.137051
v 0.012626 0.252922 -0.137051
v 0.010304 0.246843 -0.129236
v 0.031491 0.269417 -0.117349
v 0.029295 0.270450 -0.126854
v 0.029245 0.252922 -0.137051
v 0.031567 0.246843 -0.129236
v 0.010380 0.269417 -0.117349
v 0.012576 0.270450 -0.126854
v 0.029295 0.270450 -0.126854
v 0.031491 0.269417 -0.117349
v 0.012626 0.252922 -0.137051
v 0.012576 0.270450 -0.126854
v 0.010380 0.269417 -0.117349
v 0.010304 0.246843 -0.129236
v 0.031148 0.251157 -0.083742
v 0.029182 0.244197 -0.068765
v 0.012688 0.244197 -0.068765
v 0.010723 0.251157 -0.083742
v 0.010723 0.251157 -0.083742
v 0.012688 0.244197 -0.068765
v 0.012592 0.226897 -0.077200
v 0.010805 0.231359 -0.093175
v 0.031066 0.231359 -0.093175
v 0.010805 0.231359 -0.093175
v 0.012592 0.226897 -0.077200
v 0.029279 0.226897 -0.077200
v 0.031148 0.251157 -0.083742
v 0.031066 0.231359 -0.093175
v 0.029279 0.226897 -0.077200
v 0.029182 0.244197 -0.068765
v 0.012592 0.226897 -0.077200
v 0.011873 0.217850 -0.066492
v 0.029999 0.217851 -0.066492
v 0.029279 0.226897 -0.077200
v 0.029279 0.226897 -0.077200
v 0.029999 0.217851 -0.066492
v 0.030181 0.238482 -0.056623
v 0.029182 0.244197 -0.068765
v 0.029182 0.244197 -0.068765
v 0.030181 0.238482 -0.056623
v 0.011689 0.238482 -0.056623
v 0.012688 0.244197 -0.068765
v 0.012688 0.244197 -0.068765
v 0.011689 0.238482 -0.056623
v 0.011873 0.217850 -0.066492
v 0.012592 0.226897 -0.077200
v 0.011873 0.217850 -0.066492
v 0.011682 0.220484 -0.061154
v 0.030189 0.220484 -0.061154
v 0.029999 0.217851 -0.066492
v 0.029999 0.217851 -0.066492
v 0.030189 0.220484 -0.061154
v 0.030081 0.234279 -0.054503
v 0.030181 0.238482 -0.056623
v 0.030181 0.238482 -0.056623
v 0.030081 0.234279 -0.054503
v 0.011790 0.234279 -0.054503
v 0.011689 0.238482 -0.056623
v 0.011689 0.238482 -0.056623
v 0.011790 0.234279 -0.054503
v 0.011682 0.220484 -0.061154
v 0.011873 0.217850 -0.066492
v 0.023180 0.287546 -0.167187
v 0.023685 0.267953 -0.123853
v 0.018185 0.267953 -0.123853
v 0.018691 0.287546 -0.167187
v 0.018691 0.287546 -0.167187
v 0.015620 0.284620 -0.168669
v 0.026250 0.284620 -0.168669
v 0.023180 0.287546 -0.167187
v 0.016603 0.271861 -0.172742
v 0.014204 0.250606 -0.132458
v 0.027667 0.250606 -0.132458
v 0.025268 0.271861 -0.172742
v 0.026250 0.284620 -0.168669
v 0.027502 0.264102 -0.125715
v 0.023685 0.267953 -0.123853
v 0.023180 0.287546 -0.167187
v 0.018185 0.267953 -0.123853
v 0.014369 0.264102 -0.125715
v 0.015620 0.284620 -0.168669
v 0.018691 0.287546 -0.167187
v 0.027136 0.275736 -0.173132
v 0.027667 0.250606 -0.132458
v 0.027502 0.264102 -0.125715
v 0.026250 0.284620 -0.168669
v 0.015620 0.284620 -0.168669
v 0.014734 0.275736 -0.173132
v 0.027136 0.275736 -0.173132
v 0.026250 0.284620 -0.168669
v 0.015620 0.284620 -0.168669
v 0.014369 0.264102 -0.125715
v 0.014204 0.250606 -0.132458
v 0.014734 0.275736 -0.173132
v 0.014734 0.275736 -0.173132
v 0.016603 0.271861 -0.172742
v 0.025268 0.271861 -0.172742
v 0.027136 0.275736 -0.173132
v -0.023956 0.287546 -0.167187
v -0.019468 0.287546 -0.167187
v -0.018962 0.267953 -0.123853
v -0.024462 0.267953 -0.123853
v -0.019468 0.287546 -0.167187
v -0.023956 0.287546 -0.167187
v -0.027026 0.284620 -0.168669
v -0.016398 0.284620 -0.168670
v -0.017381 0.271861 -0.172742
v -0.026043 0.271861 -0.172742
v -0.028441 0.250606 -0.132458
v -0.014982 0.250606 -0.132458
v -0.027026 0.284620 -0.168669
v -0.023956 0.287546 -0.167187
v -0.024462 0.267953 -0.123853
v -0.028277 0.264101 -0.125715
v -0.018962 0.267953 -0.123853
v -0.019468 0.287546 -0.167187
v -0.016398 0.284620 -0.168670
v -0.015147 0.264101 -0.125715
v -0.027911 0.275736 -0.173132
v -0.027026 0.284620 -0.168669
v -0.028277 0.264101 -0.125715
v -0.028441 0.250606 -0.132458
v -0.016398 0.284620 -0.168670
v -0.027026 0.284620 -0.168669
v -0.027911 0.275736 -0.173132
v -0.015513 0.275736 -0.173132
v -0.016398 0.284620 -0.168670
v -0.015513 0.275736 -0.173132
v -0.014982 0.250606 -0.132458
v -0.015147 0.264101 -0.125715
v -0.015513 0.275736 -0.173132
v -0.027911 0.275736 -0.173132
v -0.026043 0.271861 -0.172742
v -0.017381 0.271861 -0.172742
v -0.025243 0.291180 -0.170744
v -0.025305 0.284221 -0.173520
v -0.018118 0.284221 -0.173520
v -0.018181 0.291180 -0.170744
v -0.018181 0.291180 -0.170744
v -0.018118 0.284221 -0.173520
v -0.018433 0.280569 -0.165214
v -0.021712 0.286292 -0.161891
v -0.021712 0.286292 -0.161891
v -0.024990 0.280569 -0.165214
v -0.025305 0.284221 -0.173520
v -0.025243 0.291180 -0.170744
v -0.024678 0.300148 -0.164382
v -0.025243 0.291180 -0.170744
v -0.018181 0.291180 -0.170744
v -0.018745 0.300148 -0.164382
v -0.018745 0.300148 -0.164382
v -0.018181 0.291180 -0.170744
v -0.021712 0.286292 -0.161891
v -0.021712 0.292298 -0.158421
v -0.021712 0.292298 -0.158421
v -0.021712 0.286292 -0.161891
v -0.025243 0.291180 -0.170744
v -0.024678 0.300148 -0.164382
v -0.024042 0.298720 -0.194682
v -0.019381 0.298720 -0.194682
v -0.018517 0.285594 -0.164415
v -0.024906 0.285594 -0.164415
v -0.019381 0.298720 -0.194682
v -0.017268 0.295106 -0.196538
v -0.015473 0.280565 -0.166873
v -0.018517 0.285594 -0.164415
v -0.017268 0.295106 -0.196538
v -0.019381 0.291425 -0.198258
v -0.018518 0.275542 -0.169341
v -0.015473 0.280565 -0.166873
v -0.019381 0.291425 -0.198258
v -0.024042 0.291425 -0.198258
v -0.024906 0.275542 -0.169341
v -0.018518 0.275542 -0.169341
v -0.024042 0.291425 -0.198258
v -0.026157 0.295105 -0.196537
v -0.027951 0.280565 -0.166873
v -0.024906 0.275542 -0.169341
v -0.026157 0.295105 -0.196537
v -0.024042 0.298720 -0.194682
v -0.024906 0.285594 -0.164415
v -0.027951 0.280565 -0.166873
v 0.023266 0.298720 -0.194682
v 0.024130 0.285594 -0.164415
v 0.017741 0.285594 -0.164415
v 0.018605 0.298720 -0.194682
v 0.018605 0.298720 -0.194682
v 0.017741 0.285594 -0.164415
v 0.014695 0.280565 -0.166873
v 0.016489 0.295105 -0.196537
v 0.016489 0.295105 -0.196537
v 0.014695 0.280565 -0.166873
v 0.017741 0.275542 -0.169342
v 0.018605 0.291425 -0.198258
v 0.018605 0.291425 -0.198258
v 0.017741 0.275542 -0.169342
v 0.024130 0.275542 -0.169341
v 0.023266 0.291425 -0.198258
v 0.023266 0.291425 -0.198258
v 0.024130 0.275542 -0.169341
v 0.027176 0.280565 -0.166873
v 0.025381 0.295105 -0.196537
v 0.025381 0.295105 -0.196537
v 0.027176 0.280565 -0.166873
v 0.024130 0.285594 -0.164415
v 0.023266 0.298720 -0.194682
v 0.024466 0.291180 -0.170744
v 0.017404 0.291180 -0.170744
v 0.017342 0.284221 -0.173520
v 0.024529 0.284221 -0.173520
v 0.017404 0.291180 -0.170744
v 0.020936 0.286292 -0.161891
v 0.017657 0.280569 -0.165214
v 0.017342 0.284221 -0.173520
v 0.020936 0.286292 -0.161891
v 0.024466 0.291180 -0.170744
v 0.024529 0.284221 -0.173520
v 0.024214 0.280569 -0.165214
v 0.023902 0.300148 -0.164382
v 0.017969 0.300148 -0.164382
v 0.017404 0.291180 -0.170744
v 0.024466 0.291180 -0.170744
v 0.017969 0.300148 -0.164382
v 0.020936 0.292298 -0.158421
v 0.020936 0.286292 -0.161891
v 0.017404 0.291180 -0.170744
v 0.020936 0.292298 -0.158421
v 0.023902 0.300148 -0.164382
v 0.024466 0.291180 -0.170744
v 0.020936 0.286292 -0.161891
v 0.604377 0.113982 -0.033835
v 0.597439 0.125640 -0.028206
v 0.568740 0.122582 -0.024318
v 0.573045 0.100485 -0.034778
v 0.573045 0.100485 -0.034778
v 0.568740 0.122582 -0.024318
v 0.488702 0.107258 -0.017644
v 0.490409 0.083754 -0.033269
v 0.490409 0.083754 -0.033269
v 0.488702 0.107258 -0.017644
v 0.324093 0.088369 -0.012188
v 0.326102 0.066931 -0.023134
v 0.326102 0.066931 -0.023134
v 0.324093 0.088369 -0.012188
v 0.327895 0.084174 -0.078723
v 0.327722 0.075586 -0.096931
v 0.317598 0.049335 0.181453
v 0.167050 0.041514 0.177824
v 0.166862 0.056102 0.175040
v 0.317245 0.063873 0.178614
v 0.166862 0.056102 0.175040
v 0.167050 0.041514 0.177824
v 0.000000 0.036606 0.177654
v -0.000000 0.051185 0.174914
v 0.600608 0.107235 0.158665
v 0.603086 0.093336 0.161438
v 0.490380 0.069514 0.181287
v 0.489669 0.083931 0.178367
v 0.327722 0.075586 -0.096931
v 0.181241 0.070109 -0.089734
v -0.000000 0.069407 -0.067611
v 0.181228 0.076824 -0.071325
v 0.175168 0.086263 0.089507
v -0.000000 0.080654 0.091786
v 0.181241 0.070109 -0.089734
v 0.327722 0.075586 -0.096931
v 0.327895 0.084174 -0.078723
v 0.181228 0.076824 -0.071325
v 0.600608 0.107235 0.158665
v 0.632634 0.114672 0.123762
v 0.633798 0.107666 0.123126
v 0.603086 0.093336 0.161438
v -0.000000 0.059798 -0.086337
v 0.181241 0.070109 -0.089734
v 0.181228 0.076824 -0.071325
v -0.000000 0.069407 -0.067611
v -0.000000 0.059798 -0.086337
v 0.000000 0.045832 0.084248
v 0.176124 0.052862 0.082155
v 0.181241 0.070109 -0.089734
v 0.176124 0.052862 0.082155
v 0.000000 0.045832 0.084248
v 0.000000 0.036606 0.177654
v 0.167050 0.041514 0.177824
v 0.167050 0.041514 0.177824
v 0.317598 0.049335 0.181453
v 0.322983 0.058368 0.078827
v 0.176124 0.052862 0.082155
v 0.490380 0.069514 0.181287
v 0.603086 0.093336 0.161438
v 0.601897 0.093746 0.051033
v 0.491506 0.073284 0.068135
v 0.603086 0.093336 0.161438
v 0.633798 0.107666 0.123126
v 0.634453 0.110103 0.041661
v 0.601897 0.093746 0.051033
v 0.633798 0.107666 0.123126
v 0.632634 0.114672 0.123762
v 0.627362 0.129288 0.046963
v 0.634453 0.110103 0.041661
v 0.632634 0.114672 0.123762
v 0.600608 0.107235 0.158665
v 0.593613 0.128534 0.057691
v 0.627362 0.129288 0.046963
v 0.593613 0.128534 0.057691
v 0.600608 0.107235 0.158665
v 0.489669 0.083931 0.178367
v 0.488151 0.110075 0.075457
v 0.317245 0.063873 0.178614
v 0.321336 0.093316 0.086219
v 0.488151 0.110075 0.075457
v 0.489669 0.083931 0.178367
v 0.166862 0.056102 0.175040
v 0.175168 0.086263 0.089507
v -0.000000 0.080654 0.091786
v 0.175168 0.086263 0.089507
v 0.166862 0.056102 0.175040
v -0.000000 0.051185 0.174914
v 0.490380 0.069514 0.181287
v 0.491506 0.073284 0.068135
v 0.489669 0.083931 0.178367
v 0.490380 0.069514 0.181287
v 0.488702 0.107258 -0.017644
v 0.488151 0.110075 0.075457
v 0.568740 0.122582 -0.024318
v 0.593613 0.128534 0.057691
v 0.488151 0.110075 0.075457
v 0.488702 0.107258 -0.017644
v 0.627362 0.129288 0.046963
v 0.593613 0.128534 0.057691
v 0.568740 0.122582 -0.024318
v 0.597439 0.125640 -0.028206
v 0.634453 0.110103 0.041661
v 0.627362 0.129288 0.046963
v 0.597439 0.125640 -0.028206
v 0.604377 0.113982 -0.033835
v 0.601897 0.093746 0.051033
v 0.634453 0.110103 0.041661
v 0.604377 0.113982 -0.033835
v 0.573045 0.100485 -0.034778
v 0.491506 0.073284 0.068135
v 0.601897 0.093746 0.051033
v 0.573045 0.100485 -0.034778
v 0.490409 0.083754 -0.033269
v 0.491506 0.073284 0.068135
v 0.490409 0.083754 -0.033269
v 0.181228 0.076824 -0.071325
v 0.327895 0.084174 -0.078723
v -0.604377 0.113982 -0.033835
v -0.573045 0.100485 -0.034778
v -0.568740 0.122582 -0.024318
v -0.597439 0.125640 -0.028206
v -0.573045 0.100485 -0.034778
v -0.490409 0.083754 -0.033269
v -0.488702 0.107258 -0.017644
v -0.568740 0.122582 -0.024318
v -0.490409 0.083754 -0.033269
v -0.326102 0.066931 -0.023134
v -0.324093 0.088369 -0.012188
v -0.488702 0.107258 -0.017644
v -0.326102 0.066931 -0.023134
v -0.327722 0.075586 -0.096931
v -0.327894 0.084174 -0.078723
v -0.324093 0.088369 -0.012188
v -0.317598 0.049335 0.181453
v -0.317245 0.063873 0.178614
v -0.166862 0.056102 0.175040
v -0.167050 0.041514 0.177824
v -0.166862 0.056102 0.175040
v -0.000000 0.051185 0.174914
v 0.000000 0.036606 0.177654
v -0.167050 0.041514 0.177824
v -0.600608 0.107235 0.158665
v -0.489669 0.083931 0.178367
v -0.490380 0.069514 0.181287
v -0.603086 0.093336 0.161438
v -0.181241 0.070109 -0.089734
v -0.327722 0.075586 -0.096931
v -0.000000 0.069407 -0.067611
v -0.000000 0.080654 0.091786
v -0.175168 0.086263 0.089507
v -0.181228 0.076824 -0.071325
v -0.181241 0.070109 -0.089734
v -0.181228 0.076824 -0.071325
v -0.327894 0.084174 -0.078723
v -0.327722 0.075586 -0.096931
v -0.600608 0.107235 0.158665
v -0.603086 0.093336 0.161438
v -0.633798 0.107666 0.123126
v -0.632634 0.114672 0.123762
v -0.000000 0.059798 -0.086337
v -0.000000 0.069407 -0.067611
v -0.181228 0.076824 -0.071325
v -0.181241 0.070109 -0.089734
v -0.000000 0.059798 -0.086337
v -0.181241 0.070109 -0.089734
v -0.176124 0.052862 0.082155
v 0.000000 0.045832 0.084248
v -0.176124 0.052862 0.082155
v -0.167050 0.041514 0.177824
v 0.000000 0.036606 0.177654
v 0.000000 0.045832 0.084248
v -0.167050 0.041514 0.177824
v -0.176124 0.052862 0.082155
v -0.322983 0.058368 0.078827
v -0.317598 0.049335 0.181453
v -0.490380 0.069514 0.181287
v -0.491506 0.073284 0.068135
v -0.601897 0.093746 0.051033
v -0.603086 0.093336 0.161438
v -0.603086 0.093336 0.161438
v -0.601897 0.093746 0.051033
v -0.634453 0.110103 0.041661
v -0.633798 0.107666 0.123126
v -0.633798 0.107666 0.123126
v -0.634453 0.110103 0.041661
v -0.627362 0.129288 0.046963
v -0.632634 0.114672 0.123762
v -0.632634 0.114672 0.123762
v -0.627362 0.129288 0.046963
v -0.593613 0.128534 0.057691
v -0.600608 0.107235 0.158665
v -0.593613 0.128534 0.057691
v -0.488151 0.110075 0.075457
v -0.489669 0.083931 0.178367
v -0.600608 0.107235 0.158665
v -0.317245 0.063873 0.178614
v -0.489669 0.083931 0.178367
v -0.488151 0.110075 0.075457
v -0.321336 0.093316 0.086219
v -0.175168 0.086263 0.089507
v -0.166862 0.056102 0.175040
v -0.000000 0.080654 0.091786
v -0.000000 0.051185 0.174914
v -0.166862 0.056102 0.175040
v -0.175168 0.086263 0.089507
v -0.490380 0.069514 0.181287
v -0.491506 0.073284 0.068135
v -0.490380 0.069514 0.181287
v -0.489669 0.083931 0.178367
v -0.488702 0.107258 -0.017644
v -0.488151 0.110075 0.075457
v -0.568740 0.122582 -0.024318
v -0.488702 0.107258 -0.017644
v -0.488151 0.110075 0.075457
v -0.593613 0.128534 0.057691
v -0.627362 0.129288 0.046963
v -0.597439 0.125640 -0.028206
v -0.568740 0.122582 -0.024318
v -0.593613 0.128534 0.057691
v -0.634453 0.110103 0.041661
v -0.604377 0.113982 -0.033835
v -0.597439 0.125640 -0.028206
v -0.627362 0.129288 0.046963
v -0.601897 0.093746 0.051033
v -0.573045 0.100485 -0.034778
v -0.604377 0.113982 -0.033835
v -0.634453 0.110103 0.041661
v -0.491506 0.073284 0.068135
v -0.490409 0.083754 -0.033269
v -0.573045 0.100485 -0.034778
v -0.601897 0.093746 0.051033
v -0.490409 0.083754 -0.033269
v -0.491506 0.073284 0.068135
v -0.327894 0.084174 -0.078723
v -0.181228 0.076824 -0.071325
v -0.049450 0.191034 0.477440
v -0.038990 0.198808 0.451548
v -0.011850 0.148812 0.445851
v -0.016795 0.144332 0.469333
v -0.030089 0.138302 0.445211
v -0.060037 0.186679 0.450809
v -0.049450 0.191034 0.477440
v -0.024980 0.139615 0.469046
v 0.017183 0.202763 0.478155
v 0.029171 0.202380 0.451766
v 0.017662 0.146706 0.445722
v 0.011917 0.146108 0.469442
v -0.003079 0.150356 0.445945
v 0.005238 0.206592 0.452022
v 0.017183 0.202763 0.478155
v 0.002609 0.147747 0.469541
v 0.019040 -0.015349 0.420797
v 0.024204 -0.022623 0.417752
v 0.023539 -0.021832 0.390688
v 0.018339 -0.013627 0.391224
v 0.040246 -0.011569 0.432720
v 0.040705 -0.020551 0.429057
v 0.030543 -0.022717 0.428921
v 0.027212 -0.014343 0.432551
v 0.030543 -0.022717 0.428921
v 0.024204 -0.022623 0.417752
v 0.019040 -0.015349 0.420797
v 0.027212 -0.014343 0.432551
v 0.023539 -0.021832 0.390688
v 0.024204 -0.022623 0.417752
v 0.037147 -0.026876 0.411112
v 0.036987 -0.024867 0.390463
v 0.046739 -0.017808 0.418051
v 0.047700 -0.016667 0.391003
v 0.036987 -0.024867 0.390463
v 0.037147 -0.026876 0.411112
v 0.046739 -0.017808 0.418051
v 0.040705 -0.020551 0.429057
v 0.040246 -0.011569 0.432720
v 0.048405 -0.009098 0.421187
v 0.047700 -0.016667 0.391003
v 0.046739 -0.017808 0.418051
v 0.048405 -0.009098 0.421187
v 0.048948 -0.007924 0.391571
v -0.011192 0.244861 0.390511
v -0.005364 0.235260 0.391222
v -0.003228 0.238217 0.385738
v -0.006451 0.244109 0.385230
v -0.005364 0.235260 0.391222
v 0.005963 0.235570 0.391250
v 0.003585 0.238137 0.385796
v -0.003228 0.238217 0.385738
v 0.005963 0.235570 0.391250
v 0.011253 0.245519 0.390544
v 0.006939 0.244023 0.385320
v 0.003585 0.238137 0.385796
v -0.011192 0.244861 0.390511
v -0.012506 0.248429 0.455457
v -0.005861 0.237859 0.456058
v -0.005364 0.235260 0.391222
v -0.005364 0.235260 0.391222
v -0.005861 0.237859 0.456058
v 0.006636 0.238297 0.456016
v 0.005963 0.235570 0.391250
v 0.005963 0.235570 0.391250
v 0.006636 0.238297 0.456016
v 0.012521 0.249336 0.455367
v 0.011253 0.245519 0.390544
v -0.006666 0.259479 0.454811
v -0.005835 0.254639 0.389859
v 0.005306 0.254978 0.389867
v 0.005863 0.259950 0.454762
v -0.005835 0.254639 0.389859
v -0.003038 0.249762 0.384804
v 0.003541 0.249751 0.384839
v 0.005306 0.254978 0.389867
v -0.005835 0.254639 0.389859
v -0.011192 0.244861 0.390511
v -0.006451 0.244109 0.385230
v -0.003038 0.249762 0.384804
v 0.003541 0.249751 0.384839
v 0.006939 0.244023 0.385320
v 0.011253 0.245519 0.390544
v 0.005306 0.254978 0.389867
v -0.005835 0.254639 0.389859
v -0.006666 0.259479 0.454811
v -0.012506 0.248429 0.455457
v -0.011192 0.244861 0.390511
v 0.011253 0.245519 0.390544
v 0.012521 0.249336 0.455367
v 0.005863 0.259950 0.454762
v 0.005306 0.254978 0.389867
v 0.082671 0.204603 0.434207
v 0.084603 0.213592 0.432145
v 0.085683 0.215333 0.405137
v 0.083419 0.206772 0.404652
v 0.065430 0.229468 0.405999
v 0.065715 0.226777 0.432952
v 0.058076 0.221795 0.435245
v 0.057462 0.223941 0.405698
v 0.064930 0.216323 0.446604
v 0.071341 0.223096 0.443902
v 0.079856 0.217148 0.443536
v 0.075847 0.208694 0.446139
v 0.079856 0.217148 0.443536
v 0.084603 0.213592 0.432145
v 0.082671 0.204603 0.434207
v 0.075847 0.208694 0.446139
v 0.085683 0.215333 0.405137
v 0.084603 0.213592 0.432145
v 0.079220 0.226605 0.426557
v 0.078780 0.227240 0.405823
v 0.065715 0.226777 0.432952
v 0.065430 0.229468 0.405999
v 0.078780 0.227240 0.405823
v 0.079220 0.226605 0.426557
v 0.065715 0.226777 0.432952
v 0.071341 0.223096 0.443902
v 0.064930 0.216323 0.446604
v 0.058076 0.221795 0.435245
v -0.032345 0.247400 0.381536
v -0.028645 0.247713 0.382554
v -0.027652 0.247584 0.386274
v -0.030362 0.247144 0.388974
v -0.034062 0.246836 0.387956
v -0.035056 0.246959 0.384236
v -0.032345 0.247400 0.381536
v -0.030362 0.247144 0.388974
v -0.027652 0.247584 0.386274
v -0.022593 0.234517 0.386475
v -0.028013 0.233638 0.391880
v -0.030362 0.247144 0.388974
v -0.028645 0.247713 0.382554
v -0.024577 0.234770 0.379034
v -0.022593 0.234517 0.386475
v -0.027652 0.247584 0.386274
v -0.030362 0.247144 0.388974
v -0.028013 0.233638 0.391880
v -0.035418 0.233012 0.389844
v -0.034062 0.246836 0.387956
v -0.028645 0.247713 0.382554
v -0.032345 0.247400 0.381536
v -0.031982 0.234141 0.376998
v -0.024577 0.234770 0.379034
v -0.035056 0.246959 0.384236
v -0.034062 0.246836 0.387956
v -0.035418 0.233012 0.389844
v -0.037402 0.233265 0.382403
v -0.032345 0.247400 0.381536
v -0.035056 0.246959 0.384236
v -0.037402 0.233265 0.382403
v -0.031982 0.234141 0.376998
v 0.151818 -0.050823 0.216685
v 0.137552 -0.055413 0.216622
v 0.072344 0.118252 0.215097
v 0.085912 0.122839 0.215390
v 0.086162 0.122793 0.199413
v 0.072587 0.118205 0.199312
v 0.137816 -0.055459 0.200615
v 0.152073 -0.050870 0.200947
v 0.137816 -0.055459 0.200615
v 0.072587 0.118205 0.199312
v 0.072344 0.118252 0.215097
v 0.137552 -0.055413 0.216622
v 0.151818 -0.050823 0.216685
v 0.085912 0.122839 0.215390
v 0.086162 0.122793 0.199413
v 0.152073 -0.050870 0.200947
v -0.150812 -0.057010 0.215830
v -0.119829 0.092900 0.317260
v -0.107892 0.091795 0.315990
v -0.138326 -0.058239 0.214738
v -0.120268 0.101893 0.304053
v -0.151261 -0.048144 0.202807
v -0.138789 -0.049241 0.201525
v -0.108321 0.100674 0.302950
v -0.138789 -0.049241 0.201525
v -0.138326 -0.058239 0.214738
v -0.107892 0.091795 0.315990
v -0.108321 0.100674 0.302950
v -0.150812 -0.057010 0.215830
v -0.151261 -0.048144 0.202807
v -0.120268 0.101893 0.304053
v -0.119829 0.092900 0.317260
v -0.123920 0.134999 0.429967
v -0.124737 0.136635 0.400378
v -0.131777 0.142021 0.400671
v -0.130865 0.140958 0.427719
v -0.124435 0.165573 0.402106
v -0.114745 0.166073 0.402172
v -0.115020 0.163623 0.431700
v -0.124019 0.162926 0.429062
v -0.117517 0.154959 0.442866
v -0.121469 0.142255 0.442092
v -0.129709 0.146531 0.439234
v -0.126626 0.156437 0.439841
v -0.129709 0.146531 0.439234
v -0.121469 0.142255 0.442092
v -0.123920 0.134999 0.429967
v -0.130865 0.140958 0.427719
v -0.131777 0.142021 0.400671
v -0.133621 0.155654 0.401461
v -0.134353 0.154619 0.422171
v -0.130865 0.140958 0.427719
v -0.124019 0.162926 0.429062
v -0.134353 0.154619 0.422171
v -0.133621 0.155654 0.401461
v -0.124435 0.165573 0.402106
v -0.124019 0.162926 0.429062
v -0.115020 0.163623 0.431700
v -0.117517 0.154959 0.442866
v -0.126626 0.156437 0.439841
v -0.098906 0.105532 0.472231
v -0.099032 0.119262 0.446702
v -0.041944 0.117804 0.443962
v -0.041781 0.110568 0.467276
v -0.041945 0.096782 0.442681
v -0.099032 0.095003 0.445224
v -0.098906 0.105532 0.472231
v -0.041781 0.101135 0.466702
v -0.075765 0.168994 0.476097
v -0.068051 0.179966 0.450400
v -0.025361 0.142261 0.445452
v -0.028967 0.136275 0.468842
v -0.038899 0.126157 0.444471
v -0.083672 0.161384 0.449268
v -0.075765 0.168994 0.476097
v -0.035042 0.129049 0.468402
v -0.017170 0.202763 0.478155
v -0.005225 0.206592 0.452022
v 0.003092 0.150356 0.445945
v -0.002596 0.147747 0.469541
v -0.017649 0.146706 0.445722
v -0.029158 0.202380 0.451766
v -0.017170 0.202763 0.478155
v -0.011904 0.146108 0.469442
v -0.099583 0.187018 0.433126
v -0.100031 0.188277 0.403525
v -0.104100 0.197098 0.404027
v -0.103020 0.195544 0.431044
v -0.084271 0.201626 0.445709
v -0.093695 0.192220 0.445136
v -0.099082 0.199857 0.442481
v -0.091731 0.207189 0.442932
v -0.099082 0.199857 0.442481
v -0.093695 0.192220 0.445136
v -0.099583 0.187018 0.433126
v -0.103020 0.195544 0.431044
v -0.104100 0.197098 0.404027
v -0.099338 0.210017 0.404773
v -0.099880 0.209295 0.425501
v -0.103020 0.195544 0.431044
v -0.086713 0.211798 0.432039
v -0.099880 0.209295 0.425501
v -0.099338 0.210017 0.404773
v -0.086615 0.214524 0.405088
v -0.086713 0.211798 0.432039
v -0.078352 0.208210 0.434427
v -0.084271 0.201626 0.445709
v -0.091731 0.207189 0.442932
v -0.086615 0.214524 0.405088
v -0.078585 0.210810 0.404898
v -0.078352 0.208210 0.434427
v -0.086713 0.211798 0.432039
v 0.049462 0.191034 0.477440
v 0.060049 0.186679 0.450809
v 0.030102 0.138302 0.445211
v 0.024993 0.139615 0.469046
v 0.011863 0.148812 0.445851
v 0.039002 0.198808 0.451548
v 0.049462 0.191034 0.477440
v 0.016808 0.144332 0.469333
v 0.043322 0.247343 0.495212
v 0.034790 0.251162 0.495445
v 0.034815 0.253297 0.474584
v 0.043949 0.249208 0.474335
v 0.034815 0.253297 0.474584
v 0.034790 0.251162 0.495445
v 0.026052 0.247839 0.495243
v 0.025460 0.249739 0.474367
v 0.021365 0.240622 0.473812
v 0.022227 0.239323 0.494724
v 0.025555 0.230603 0.494193
v 0.024928 0.231286 0.473243
v 0.025555 0.230603 0.494193
v 0.034086 0.226783 0.493960
v 0.034061 0.227197 0.472994
v 0.024928 0.231286 0.473243
v 0.034061 0.227197 0.472994
v 0.034086 0.226783 0.493960
v 0.042824 0.230106 0.494162
v 0.043416 0.230754 0.473211
v 0.043416 0.230754 0.473211
v 0.042824 0.230106 0.494162
v 0.046650 0.238621 0.494681
v 0.047512 0.239870 0.473766
v 0.026052 0.247839 0.495243
v 0.022227 0.239323 0.494724
v 0.021365 0.240622 0.473812
v 0.025460 0.249739 0.474367
v 0.046650 0.238621 0.494681
v 0.043322 0.247343 0.495212
v 0.043949 0.249208 0.474335
v 0.047512 0.239870 0.473766
v 0.038618 0.262668 0.456587
v 0.030008 0.262669 0.456587
v 0.029825 0.252683 0.456078
v 0.038800 0.252683 0.456078
v 0.038800 0.252683 0.456078
v 0.029825 0.252683 0.456078
v 0.029691 0.256347 0.465227
v 0.038934 0.256346 0.465227
v 0.038934 0.256346 0.465227
v 0.029691 0.256347 0.465227
v 0.029998 0.261514 0.467055
v 0.038628 0.261514 0.467056
v 0.037304 0.275636 0.464886
v 0.031321 0.275636 0.464885
v 0.031111 0.272867 0.457854
v 0.037514 0.272867 0.457855
v 0.030008 0.262669 0.456587
v 0.029998 0.261514 0.467055
v 0.029691 0.256347 0.465227
v 0.029825 0.252683 0.456078
v 0.038628 0.261514 0.467056
v 0.038618 0.262668 0.456587
v 0.038800 0.252683 0.456078
v 0.038934 0.256346 0.465227
v 0.037514 0.272867 0.457855
v 0.031111 0.272867 0.457854
v 0.030008 0.262669 0.456587
v 0.038618 0.262668 0.456587
v 0.031111 0.272867 0.457854
v 0.031321 0.275636 0.464885
v 0.029998 0.261514 0.467055
v 0.030008 0.262669 0.456587
v 0.038628 0.261514 0.467056
v 0.029998 0.261514 0.467055
v 0.031321 0.275636 0.464885
v 0.037304 0.275636 0.464886
v 0.037304 0.275636 0.464886
v 0.037514 0.272867 0.457855
v 0.038618 0.262668 0.456587
v 0.038628 0.261514 0.467056
v -0.017170 0.008300 0.466307
v -0.029158 0.011884 0.440160
v -0.017649 0.067881 0.440920
v -0.011904 0.065593 0.464536
v 0.003092 0.064231 0.440698
v -0.005224 0.007672 0.439903
v -0.017170 0.008300 0.466307
v -0.002596 0.063956 0.464436
v 0.028300 0.128637 0.446509
v 0.023539 0.123189 0.479052
v 0.008995 0.133736 0.479694
v 0.010814 0.141319 0.447281
v 0.010814 0.141319 0.447281
v 0.008995 0.133736 0.479694
v -0.008982 0.133736 0.479694
v -0.010801 0.141319 0.447281
v -0.010801 0.141319 0.447281
v -0.008982 0.133736 0.479694
v -0.023526 0.123189 0.479052
v -0.028287 0.128637 0.446509
v -0.028287 0.128637 0.446509
v -0.023526 0.123189 0.479052
v -0.029081 0.106123 0.478012
v -0.034966 0.108118 0.445258
v -0.034966 0.108118 0.445258
v -0.029081 0.106123 0.478012
v -0.023526 0.089058 0.476972
v -0.028287 0.087600 0.444008
v -0.028287 0.087600 0.444008
v -0.023526 0.089058 0.476972
v -0.008982 0.078509 0.476330
v -0.010801 0.074919 0.443236
v -0.010801 0.074919 0.443236
v -0.008982 0.078509 0.476330
v 0.008995 0.078509 0.476330
v 0.010814 0.074919 0.443236
v 0.010814 0.074919 0.443236
v 0.008995 0.078509 0.476330
v 0.023539 0.089058 0.476972
v 0.028300 0.087600 0.444008
v 0.028300 0.087600 0.444008
v 0.023539 0.089058 0.476972
v 0.029094 0.106123 0.478012
v 0.034979 0.108118 0.445258
v 0.034979 0.108118 0.445258
v 0.029094 0.106123 0.478012
v 0.023539 0.123189 0.479052
v 0.028300 0.128637 0.446509
v -0.023732 0.279994 0.387363
v -0.027380 0.272254 0.381119
v -0.022214 0.268045 0.380863
v -0.015004 0.272882 0.386930
v -0.034856 0.281797 0.387473
v -0.033961 0.273322 0.381184
v -0.027380 0.272254 0.381119
v -0.023732 0.279994 0.387363
v -0.045390 0.277806 0.387230
v -0.040194 0.270959 0.381040
v -0.033961 0.273322 0.381184
v -0.034856 0.281797 0.387473
v -0.052516 0.269093 0.386699
v -0.044410 0.265802 0.380726
v -0.040194 0.270959 0.381040
v -0.045390 0.277806 0.387230
v -0.054322 0.257992 0.386022
v -0.045479 0.259234 0.380326
v -0.044410 0.265802 0.380726
v -0.052516 0.269093 0.386699
v -0.050324 0.247475 0.385382
v -0.043113 0.253011 0.379947
v -0.045479 0.259234 0.380326
v -0.054322 0.257992 0.386022
v -0.041595 0.240364 0.384948
v -0.037948 0.248802 0.379690
v -0.043113 0.253011 0.379947
v -0.050324 0.247475 0.385382
v -0.030471 0.238560 0.384838
v -0.031367 0.247737 0.379625
v -0.037948 0.248802 0.379690
v -0.041595 0.240364 0.384948
v -0.019937 0.242554 0.385082
v -0.025133 0.250100 0.379769
v -0.031367 0.247737 0.379625
v -0.030471 0.238560 0.384838
v -0.012811 0.251265 0.385613
v -0.020917 0.255254 0.380083
v -0.025133 0.250100 0.379769
v -0.019937 0.242554 0.385082
v -0.011006 0.262367 0.386289
v -0.019849 0.261824 0.380483
v -0.020917 0.255254 0.380083
v -0.012811 0.251265 0.385613
v -0.015004 0.272882 0.386930
v -0.022214 0.268045 0.380863
v -0.019849 0.261824 0.380483
v -0.011006 0.262367 0.386289
v -0.015004 0.272882 0.386930
v -0.022214 0.267344 0.392361
v -0.027380 0.271552 0.392617
v -0.023732 0.279994 0.387363
v -0.023732 0.279994 0.387363
v -0.027380 0.271552 0.392617
v -0.033960 0.272621 0.392683
v -0.034856 0.281797 0.387473
v -0.034856 0.281797 0.387473
v -0.033960 0.272621 0.392683
v -0.040193 0.270258 0.392538
v -0.045390 0.277806 0.387230
v -0.045390 0.277806 0.387230
v -0.040193 0.270258 0.392538
v -0.044410 0.265102 0.392224
v -0.052516 0.269093 0.386699
v -0.052516 0.269093 0.386699
v -0.044410 0.265102 0.392224
v -0.045478 0.258533 0.391824
v -0.054322 0.257992 0.386022
v -0.054322 0.257992 0.386022
v -0.045478 0.258533 0.391824
v -0.043113 0.252311 0.391445
v -0.050324 0.247475 0.385382
v -0.050324 0.247475 0.385382
v -0.043113 0.252311 0.391445
v -0.037948 0.248102 0.391189
v -0.041595 0.240364 0.384948
v -0.041595 0.240364 0.384948
v -0.037948 0.248102 0.391189
v -0.031367 0.247037 0.391124
v -0.030471 0.238560 0.384838
v -0.030471 0.238560 0.384838
v -0.031367 0.247037 0.391124
v -0.025133 0.249400 0.391268
v -0.019937 0.242554 0.385082
v -0.019937 0.242554 0.385082
v -0.025133 0.249400 0.391268
v -0.020918 0.254553 0.391582
v -0.012811 0.251265 0.385613
v -0.012811 0.251265 0.385613
v -0.020918 0.254553 0.391582
v -0.019849 0.261123 0.391982
v -0.011006 0.262367 0.386289
v -0.011006 0.262367 0.386289
v -0.019849 0.261123 0.391982
v -0.022214 0.267344 0.392361
v -0.015004 0.272882 0.386930
v -0.025133 0.250100 0.379769
v -0.025133 0.249400 0.391268
v -0.031367 0.247037 0.391124
v -0.031367 0.247737 0.379625
v -0.031367 0.247737 0.379625
v -0.031367 0.247037 0.391124
v -0.037948 0.248102 0.391189
v -0.037948 0.248802 0.379690
v -0.037948 0.248802 0.379690
v -0.037948 0.248102 0.391189
v -0.043113 0.252311 0.391445
v -0.043113 0.253011 0.379947
v -0.043113 0.253011 0.379947
v -0.043113 0.252311 0.391445
v -0.045478 0.258533 0.391824
v -0.045479 0.259234 0.380326
v -0.045479 0.259234 0.380326
v -0.045478 0.258533 0.391824
v -0.044410 0.265102 0.392224
v -0.044410 0.265802 0.380726
v -0.044410 0.265802 0.380726
v -0.044410 0.265102 0.392224
v -0.040193 0.270258 0.392538
v -0.040194 0.270959 0.381040
v -0.040194 0.270959 0.381040
v -0.040193 0.270258 0.392538
v -0.033960 0.272621 0.392683
v -0.033961 0.273322 0.381184
v -0.033961 0.273322 0.381184
v -0.033960 0.272621 0.392683
v -0.027380 0.271552 0.392617
v -0.027380 0.272254 0.381119
v -0.027380 0.272254 0.381119
v -0.027380 0.271552 0.392617
v -0.022214 0.267344 0.392361
v -0.022214 0.268045 0.380863
v -0.022214 0.268045 0.380863
v -0.022214 0.267344 0.392361
v -0.019849 0.261123 0.391982
v -0.019849 0.261824 0.380483
v -0.019849 0.261824 0.380483
v -0.019849 0.261123 0.391982
v -0.020918 0.254553 0.391582
v -0.020917 0.255254 0.380083
v -0.020917 0.255254 0.380083
v -0.020918 0.254553 0.391582
v -0.025133 0.249400 0.391268
v -0.025133 0.250100 0.379769
v -0.151750 -0.011254 0.189384
v -0.162037 -0.014746 0.191263
v -0.164278 -0.023069 0.175449
v -0.154233 -0.020852 0.171229
v -0.154233 -0.020852 0.171229
v -0.164278 -0.023069 0.175449
v -0.167920 -0.037598 0.165436
v -0.158260 -0.037587 0.159751
v -0.158260 -0.037587 0.159751
v -0.167920 -0.037598 0.165436
v -0.172134 -0.055020 0.163521
v -0.162917 -0.057633 0.157580
v -0.162917 -0.057633 0.157580
v -0.172134 -0.055020 0.163521
v -0.175958 -0.071351 0.170161
v -0.167136 -0.076403 0.165221
v -0.167136 -0.076403 0.165221
v -0.175958 -0.071351 0.170161
v -0.178512 -0.082837 0.183846
v -0.169949 -0.089596 0.180934
v -0.169949 -0.089596 0.180934
v -0.178512 -0.082837 0.183846
v -0.179207 -0.086838 0.201436
v -0.170706 -0.094181 0.201121
v -0.179207 -0.086838 0.201436
v -0.177881 -0.082434 0.218895
v -0.169229 -0.089100 0.221153
v -0.170706 -0.094181 0.201121
v -0.169229 -0.089100 0.221153
v -0.177881 -0.082434 0.218895
v -0.174838 -0.070634 0.232218
v -0.165859 -0.075515 0.236429
v -0.165859 -0.075515 0.236429
v -0.174838 -0.070634 0.232218
v -0.170778 -0.054144 0.238345
v -0.161375 -0.056549 0.243444
v -0.161375 -0.056549 0.243444
v -0.170778 -0.054144 0.238345
v -0.166636 -0.036752 0.235868
v -0.156808 -0.036554 0.240597
v -0.156808 -0.036554 0.240597
v -0.166636 -0.036752 0.235868
v -0.163364 -0.022456 0.225370
v -0.153202 -0.020112 0.228550
v -0.153202 -0.020112 0.228550
v -0.163364 -0.022456 0.225370
v -0.161706 -0.014521 0.209272
v -0.151378 -0.010985 0.210068
v -0.161706 -0.014521 0.209272
v -0.162037 -0.014746 0.191263
v -0.151750 -0.011254 0.189384
v -0.151378 -0.010985 0.210068
v -0.162037 -0.014746 0.191263
v -0.163864 -0.026540 0.194536
v -0.165479 -0.032531 0.183150
v -0.164278 -0.023069 0.175449
v -0.164278 -0.023069 0.175449
v -0.165479 -0.032531 0.183150
v -0.168115 -0.042993 0.175959
v -0.167920 -0.037598 0.165436
v -0.167920 -0.037598 0.165436
v -0.168115 -0.042993 0.175959
v -0.171165 -0.055517 0.174614
v -0.172134 -0.055020 0.163521
v -0.172134 -0.055020 0.163521
v -0.171165 -0.055517 0.174614
v -0.173928 -0.067222 0.179416
v -0.175958 -0.071351 0.170161
v -0.175958 -0.071351 0.170161
v -0.173928 -0.067222 0.179416
v -0.175771 -0.075426 0.189249
v -0.178512 -0.082837 0.183846
v -0.178512 -0.082837 0.183846
v -0.175771 -0.075426 0.189249
v -0.176275 -0.078263 0.201853
v -0.179207 -0.086838 0.201436
v -0.176275 -0.078263 0.201853
v -0.175328 -0.075098 0.214348
v -0.177881 -0.082434 0.218895
v -0.179207 -0.086838 0.201436
v -0.177881 -0.082434 0.218895
v -0.175328 -0.075098 0.214348
v -0.173147 -0.066657 0.223885
v -0.174838 -0.070634 0.232218
v -0.174838 -0.070634 0.232218
v -0.173147 -0.066657 0.223885
v -0.170228 -0.054863 0.228291
v -0.170778 -0.054144 0.238345
v -0.166636 -0.036752 0.235868
v -0.170778 -0.054144 0.238345
v -0.170228 -0.054863 0.228291
v -0.167238 -0.042402 0.226553
v -0.166636 -0.036752 0.235868
v -0.167238 -0.042402 0.226553
v -0.164859 -0.032125 0.219051
v -0.163364 -0.022456 0.225370
v -0.163364 -0.022456 0.225370
v -0.164859 -0.032125 0.219051
v -0.163640 -0.026395 0.207496
v -0.161706 -0.014521 0.209272
v -0.163640 -0.026395 0.207496
v -0.163864 -0.026540 0.194536
v -0.162037 -0.014746 0.191263
v -0.161706 -0.014521 0.209272
v -0.145073 -0.025563 0.172942
v -0.142646 -0.016592 0.189993
v -0.151750 -0.011254 0.189384
v -0.154233 -0.020852 0.171229
v -0.149039 -0.041219 0.162148
v -0.145073 -0.025563 0.172942
v -0.154233 -0.020852 0.171229
v -0.158260 -0.037587 0.159751
v -0.153641 -0.059990 0.160085
v -0.149039 -0.041219 0.162148
v -0.158260 -0.037587 0.159751
v -0.162917 -0.057633 0.157580
v -0.157827 -0.077584 0.167242
v -0.153641 -0.059990 0.160085
v -0.162917 -0.057633 0.157580
v -0.167136 -0.076403 0.165221
v -0.160635 -0.089962 0.181993
v -0.157827 -0.077584 0.167242
v -0.167136 -0.076403 0.165221
v -0.169949 -0.089596 0.180934
v -0.161416 -0.094275 0.200962
v -0.160635 -0.089962 0.181993
v -0.169949 -0.089596 0.180934
v -0.170706 -0.094181 0.201121
v -0.159988 -0.089521 0.219792
v -0.161416 -0.094275 0.200962
v -0.170706 -0.094181 0.201121
v -0.169229 -0.089100 0.221153
v -0.156680 -0.076794 0.234151
v -0.159988 -0.089521 0.219792
v -0.169229 -0.089100 0.221153
v -0.165859 -0.075515 0.236429
v -0.152253 -0.059024 0.240744
v -0.156680 -0.076794 0.234151
v -0.165859 -0.075515 0.236429
v -0.161375 -0.056549 0.243444
v -0.152253 -0.059024 0.240744
v -0.161375 -0.056549 0.243444
v -0.156808 -0.036554 0.240597
v -0.147729 -0.040295 0.238069
v -0.144142 -0.024900 0.226756
v -0.147729 -0.040295 0.238069
v -0.156808 -0.036554 0.240597
v -0.153202 -0.020112 0.228550
v -0.142309 -0.016352 0.209408
v -0.144142 -0.024900 0.226756
v -0.153202 -0.020112 0.228550
v -0.151378 -0.010985 0.210068
v -0.151750 -0.011254 0.189384
v -0.142646 -0.016592 0.189993
v -0.142309 -0.016352 0.209408
v -0.151378 -0.010985 0.210068
v -0.164859 -0.032125 0.219051
v -0.171370 -0.036016 0.215357
v -0.170713 -0.031662 0.206730
v -0.163640 -0.026395 0.207496
v -0.167238 -0.042402 0.226553
v -0.172969 -0.043742 0.220958
v -0.171370 -0.036016 0.215357
v -0.164859 -0.032125 0.219051
v -0.167238 -0.042402 0.226553
v -0.170228 -0.054863 0.228291
v -0.175144 -0.053074 0.222264
v -0.172969 -0.043742 0.220958
v -0.173147 -0.066657 0.223885
v -0.177399 -0.061884 0.218983
v -0.175144 -0.053074 0.222264
v -0.170228 -0.054863 0.228291
v -0.175328 -0.075098 0.214348
v -0.179221 -0.068171 0.211860
v -0.177399 -0.061884 0.218983
v -0.173147 -0.066657 0.223885
v -0.180193 -0.070490 0.202510
v -0.179221 -0.068171 0.211860
v -0.175328 -0.075098 0.214348
v -0.176275 -0.078263 0.201853
v -0.175771 -0.075426 0.189249
v -0.180091 -0.068301 0.193069
v -0.180193 -0.070490 0.202510
v -0.176275 -0.078263 0.201853
v -0.173928 -0.067222 0.179416
v -0.178935 -0.062092 0.185704
v -0.180091 -0.068301 0.193069
v -0.175771 -0.075426 0.189249
v -0.171165 -0.055517 0.174614
v -0.176988 -0.053285 0.182114
v -0.178935 -0.062092 0.185704
v -0.173928 -0.067222 0.179416
v -0.168115 -0.042993 0.175959
v -0.174697 -0.043903 0.183132
v -0.176988 -0.053285 0.182114
v -0.171165 -0.055517 0.174614
v -0.165479 -0.032531 0.183150
v -0.172590 -0.036108 0.188524
v -0.174697 -0.043903 0.183132
v -0.168115 -0.042993 0.175959
v -0.163864 -0.026540 0.194536
v -0.171152 -0.031691 0.197045
v -0.172590 -0.036108 0.188524
v -0.165479 -0.032531 0.183150
v -0.170713 -0.031662 0.206730
v -0.171152 -0.031691 0.197045
v -0.163864 -0.026540 0.194536
v -0.163640 -0.026395 0.207496
v 0.017073 0.250243 0.341495
v 0.017073 0.254615 0.269737
v 0.054988 0.254615 0.269737
v 0.054988 0.250243 0.341495
v 0.017073 0.254615 0.269737
v 0.012592 0.226926 0.267712
v 0.059469 0.226926 0.267712
v 0.054988 0.254615 0.269737
v 0.059469 0.222513 0.340144
v 0.054988 0.250243 0.341495
v 0.054988 0.254615 0.269737
v 0.059469 0.226926 0.267712
v 0.012592 0.226926 0.267712
v 0.017073 0.254615 0.269737
v 0.017073 0.250243 0.341495
v 0.012592 0.222513 0.340144
v 0.017073 0.250243 0.341495
v 0.054988 0.250243 0.341495
v 0.059469 0.222513 0.340144
v 0.012592 0.222513 0.340144
v -0.043017 -0.010741 0.421087
v -0.042918 -0.009765 0.391459
v -0.048881 -0.016316 0.391024
v -0.049388 -0.017005 0.418095
v -0.071782 -0.007044 0.391589
v -0.071472 0.002634 0.392215
v -0.070848 0.000505 0.421762
v -0.070748 -0.008359 0.418627
v -0.063116 -0.003354 0.433220
v -0.050764 -0.008346 0.432916
v -0.055531 -0.016011 0.429331
v -0.065164 -0.012117 0.429571
v -0.055531 -0.016011 0.429331
v -0.050764 -0.008346 0.432916
v -0.043017 -0.010741 0.421087
v -0.049388 -0.017005 0.418095
v -0.048881 -0.016316 0.391024
v -0.062644 -0.017008 0.390942
v -0.062932 -0.018978 0.411594
v -0.049388 -0.017005 0.418095
v -0.070748 -0.008359 0.418627
v -0.062932 -0.018978 0.411594
v -0.062644 -0.017008 0.390942
v -0.071782 -0.007044 0.391589
v -0.070748 -0.008359 0.418627
v -0.070848 0.000505 0.421762
v -0.063116 -0.003354 0.433220
v -0.065164 -0.012117 0.429571
v -0.019027 -0.015349 0.420797
v -0.018326 -0.013627 0.391224
v -0.023527 -0.021832 0.390688
v -0.024191 -0.022623 0.417752
v -0.040233 -0.011569 0.432720
v -0.027199 -0.014343 0.432551
v -0.030530 -0.022717 0.428921
v -0.040692 -0.020551 0.429057
v -0.030530 -0.022717 0.428921
v -0.027199 -0.014343 0.432551
v -0.019027 -0.015349 0.420797
v -0.024191 -0.022623 0.417752
v -0.023527 -0.021832 0.390688
v -0.036974 -0.024867 0.390463
v -0.037134 -0.026876 0.411112
v -0.024191 -0.022623 0.417752
v -0.046727 -0.017808 0.418051
v -0.037134 -0.026876 0.411112
v -0.036974 -0.024867 0.390463
v -0.047687 -0.016667 0.391003
v -0.046727 -0.017808 0.418051
v -0.048392 -0.009098 0.421187
v -0.040233 -0.011569 0.432720
v -0.040692 -0.020551 0.429057
v -0.047687 -0.016667 0.391003
v -0.048936 -0.007924 0.391571
v -0.048392 -0.009098 0.421187
v -0.046727 -0.017808 0.418051
v 0.075309 -0.052341 0.174119
v -0.075297 -0.052341 0.174119
v -0.075327 -0.053084 0.228144
v 0.075340 -0.053084 0.228144
v 0.151156 -0.049573 0.217225
v 0.150653 -0.060013 0.227646
v 0.075340 -0.053084 0.228144
v 0.075574 -0.042906 0.217636
v 0.075573 -0.034822 0.181548
v 0.151151 -0.042994 0.180930
v 0.151156 -0.049573 0.217225
v 0.075574 -0.042906 0.217636
v 0.075573 -0.034822 0.181548
v 0.075309 -0.052341 0.174119
v 0.150600 -0.060676 0.173780
v 0.151151 -0.042994 0.180930
v 0.075340 -0.053084 0.228144
v 0.150653 -0.060013 0.227646
v 0.150600 -0.060676 0.173780
v 0.075309 -0.052341 0.174119
v -0.150587 -0.060676 0.173780
v -0.150641 -0.060013 0.227646
v -0.075327 -0.053084 0.228144
v -0.075297 -0.052341 0.174119
v -0.151139 -0.042994 0.180930
v -0.150587 -0.060676 0.173780
v -0.075297 -0.052341 0.174119
v -0.075560 -0.034822 0.181548
v -0.151143 -0.049573 0.217225
v -0.151139 -0.042994 0.180930
v -0.075560 -0.034822 0.181548
v -0.075561 -0.042906 0.217636
v -0.075561 -0.042906 0.217636
v -0.075327 -0.053084 0.228144
v -0.150641 -0.060013 0.227646
v -0.151143 -0.049573 0.217225
v 0.075573 -0.034822 0.181548
v -0.075560 -0.034822 0.181548
v -0.075297 -0.052341 0.174119
v 0.075309 -0.052341 0.174119
v 0.075574 -0.042906 0.217636
v -0.075561 -0.042906 0.217636
v -0.075560 -0.034822 0.181548
v 0.075573 -0.034822 0.181548
v 0.075574 -0.042906 0.217636
v 0.075340 -0.053084 0.228144
v -0.075327 -0.053084 0.228144
v -0.075561 -0.042906 0.217636
v -0.025609 0.221820 0.015726
v -0.016954 0.254207 0.009255
v -0.024553 0.261415 0.010818
v -0.044981 0.224381 0.016001
v -0.013433 0.266057 0.010473
v -0.011093 0.257404 0.008131
v 0.011106 0.257404 0.008131
v 0.013445 0.266057 0.010473
v -0.024553 0.261415 0.010818
v -0.016954 0.254207 0.009255
v -0.011093 0.257404 0.008131
v -0.013433 0.266057 0.010473
v 0.013445 0.266057 0.010473
v 0.011106 0.257404 0.008131
v 0.016966 0.254207 0.009255
v 0.024566 0.261415 0.010818
v 0.016966 0.254207 0.009255
v 0.025621 0.221820 0.015726
v 0.044993 0.224381 0.016001
v 0.024566 0.261415 0.010818
v -0.045577 0.226203 0.027221
v -0.024748 0.261421 0.021834
v -0.022424 0.258705 0.026221
v -0.039647 0.225628 0.031745
v 0.039652 0.225626 0.031749
v 0.022374 0.258630 0.026225
v 0.024760 0.261416 0.021847
v 0.045587 0.226203 0.027227
v -0.013405 0.266090 0.021205
v 0.013419 0.266086 0.021215
v 0.012667 0.262475 0.025565
v -0.012654 0.262483 0.025561
v -0.012654 0.262483 0.025561
v -0.022424 0.258705 0.026221
v -0.024748 0.261421 0.021834
v -0.013405 0.266090 0.021205
v 0.013419 0.266086 0.021215
v 0.024760 0.261416 0.021847
v 0.022374 0.258630 0.026225
v 0.012667 0.262475 0.025565
v -0.029273 0.224257 0.031814
v -0.018000 0.253965 0.026057
v -0.015419 0.251556 0.020908
v -0.024663 0.223235 0.027424
v 0.024674 0.223233 0.027418
v 0.015429 0.251551 0.020888
v 0.017959 0.253909 0.026045
v 0.029283 0.224256 0.031813
v -0.011175 0.255436 0.024666
v 0.011183 0.255433 0.024662
v 0.010672 0.253076 0.019042
v -0.010662 0.253076 0.019050
v -0.010662 0.253076 0.019050
v -0.015419 0.251556 0.020908
v -0.018000 0.253965 0.026057
v -0.011175 0.255436 0.024666
v 0.011183 0.255433 0.024662
v 0.017959 0.253909 0.026045
v 0.015429 0.251551 0.020888
v 0.010672 0.253076 0.019042
v -0.013433 0.266057 0.010473
v 0.013445 0.266057 0.010473
v 0.013419 0.266086 0.021215
v -0.013405 0.266090 0.021205
v 0.024760 0.261416 0.021847
v 0.024566 0.261415 0.010818
v 0.044993 0.224381 0.016001
v 0.045587 0.226203 0.027227
v -0.024553 0.261415 0.010818
v -0.024748 0.261421 0.021834
v -0.045577 0.226203 0.027221
v -0.044981 0.224381 0.016001
v -0.024748 0.261421 0.021834
v -0.024553 0.261415 0.010818
v -0.013433 0.266057 0.010473
v -0.013405 0.266090 0.021205
v 0.013419 0.266086 0.021215
v 0.013445 0.266057 0.010473
v 0.024566 0.261415 0.010818
v 0.024760 0.261416 0.021847
v -0.022424 0.258705 0.026221
v -0.018000 0.253965 0.026057
v -0.029273 0.224257 0.031814
v -0.039647 0.225628 0.031745
v 0.017959 0.253909 0.026045
v 0.022374 0.258630 0.026225
v 0.039652 0.225626 0.031749
v 0.029283 0.224256 0.031813
v 0.012667 0.262475 0.025565
v 0.011183 0.255433 0.024662
v -0.011175 0.255436 0.024666
v -0.012654 0.262483 0.025561
v -0.012654 0.262483 0.025561
v -0.011175 0.255436 0.024666
v -0.018000 0.253965 0.026057
v -0.022424 0.258705 0.026221
v 0.022374 0.258630 0.026225
v 0.017959 0.253909 0.026045
v 0.011183 0.255433 0.024662
v 0.012667 0.262475 0.025565
v 0.016966 0.254207 0.009255
v 0.015429 0.251551 0.020888
v 0.024674 0.223233 0.027418
v 0.025621 0.221820 0.015726
v 0.015429 0.251551 0.020888
v 0.016966 0.254207 0.009255
v 0.011106 0.257404 0.008131
v 0.010672 0.253076 0.019042
v 0.010672 0.253076 0.019042
v 0.011106 0.257404 0.008131
v -0.011093 0.257404 0.008131
v -0.010662 0.253076 0.019050
v -0.010662 0.253076 0.019050
v -0.011093 0.257404 0.008131
v -0.016954 0.254207 0.009255
v -0.015419 0.251556 0.020908
v -0.025609 0.221820 0.015726
v -0.024663 0.223235 0.027424
v -0.015419 0.251556 0.020908
v -0.016954 0.254207 0.009255
v -0.045577 0.226203 0.027221
v -0.048261 0.210494 0.025549
v -0.047418 0.209019 0.015008
v -0.044981 0.224381 0.016001
v 0.044993 0.224381 0.016001
v 0.047430 0.209019 0.015008
v 0.048274 0.210494 0.025549
v 0.045587 0.226203 0.027227
v -0.044981 0.224381 0.016001
v -0.047418 0.209019 0.015008
v -0.025792 0.214655 0.015905
v -0.025609 0.221820 0.015726
v 0.025621 0.221820 0.015726
v 0.025805 0.214655 0.015905
v 0.047430 0.209019 0.015008
v 0.044993 0.224381 0.016001
v -0.029273 0.224257 0.031814
v -0.029638 0.213596 0.033647
v -0.044222 0.214511 0.033138
v -0.039647 0.225628 0.031745
v 0.039652 0.225626 0.031749
v 0.044235 0.214511 0.033138
v 0.029651 0.213596 0.033647
v 0.029283 0.224256 0.031813
v -0.025609 0.221820 0.015726
v -0.025792 0.214655 0.015905
v -0.024697 0.216020 0.027934
v -0.024663 0.223235 0.027424
v 0.024674 0.223233 0.027418
v 0.024710 0.216020 0.027934
v 0.025805 0.214655 0.015905
v 0.025621 0.221820 0.015726
v -0.039647 0.225628 0.031745
v -0.044222 0.214511 0.033138
v -0.048261 0.210494 0.025549
v -0.045577 0.226203 0.027221
v 0.045587 0.226203 0.027227
v 0.048274 0.210494 0.025549
v 0.044235 0.214511 0.033138
v 0.039652 0.225626 0.031749
v -0.024663 0.223235 0.027424
v -0.024697 0.216020 0.027934
v -0.029638 0.213596 0.033647
v -0.029273 0.224257 0.031814
v 0.029283 0.224256 0.031813
v 0.029651 0.213596 0.033647
v 0.024710 0.216020 0.027934
v 0.024674 0.223233 0.027418
v 0.017183 0.008300 0.466307
v 0.005238 0.007672 0.439903
v -0.003079 0.064231 0.440698
v 0.002609 0.063956 0.464436
v 0.017662 0.067881 0.440920
v 0.029171 0.011884 0.440160
v 0.017183 0.008300 0.466307
v 0.011917 0.065593 0.464536
v 0.126528 0.110754 0.428479
v 0.134380 0.115427 0.426163
v 0.135176 0.116340 0.399106
v 0.126550 0.111851 0.398869
v 0.123819 0.131511 0.441437
v 0.133013 0.131390 0.438314
v 0.134327 0.121102 0.437683
v 0.125499 0.118315 0.440633
v 0.134327 0.121102 0.437683
v 0.134380 0.115427 0.426163
v 0.126528 0.110754 0.428479
v 0.125499 0.118315 0.440633
v 0.135176 0.116340 0.399106
v 0.134380 0.115427 0.426163
v 0.140094 0.128300 0.420566
v 0.139334 0.129464 0.399865
v 0.131457 0.138244 0.427558
v 0.132041 0.140804 0.400597
v 0.139334 0.129464 0.399865
v 0.140094 0.128300 0.420566
v 0.131457 0.138244 0.427558
v 0.133013 0.131390 0.438314
v 0.123819 0.131511 0.441437
v 0.122741 0.140484 0.430301
v 0.132041 0.140804 0.400597
v 0.131457 0.138244 0.427558
v 0.122741 0.140484 0.430301
v 0.123414 0.142774 0.400753
v -0.108652 0.042429 0.424327
v -0.109106 0.043533 0.394706
v -0.117889 0.042311 0.394596
v -0.117665 0.041724 0.421673
v -0.129538 0.064066 0.395922
v -0.123093 0.071304 0.396399
v -0.122822 0.068851 0.425926
v -0.128532 0.062013 0.422914
v -0.118902 0.060782 0.437128
v -0.112613 0.049055 0.436413
v -0.121313 0.046255 0.433125
v -0.126215 0.055403 0.433685
v -0.121313 0.046255 0.433125
v -0.112613 0.049055 0.436413
v -0.108652 0.042429 0.424327
v -0.117665 0.041724 0.421673
v -0.117889 0.042311 0.394596
v -0.128908 0.050573 0.395059
v -0.129584 0.048951 0.415733
v -0.117665 0.041724 0.421673
v -0.128532 0.062013 0.422914
v -0.129584 0.048951 0.415733
v -0.128908 0.050573 0.395059
v -0.129538 0.064066 0.395922
v -0.128532 0.062013 0.422914
v -0.122822 0.068851 0.425926
v -0.118902 0.060782 0.437128
v -0.126215 0.055403 0.433685
v -0.038099 0.102582 0.148078
v -0.042715 0.101506 0.164154
v -0.047246 0.253319 0.173246
v -0.044955 0.254377 0.157116
v -0.049819 0.100916 0.163962
v -0.052111 0.101822 0.147822
v -0.058970 0.253596 0.157281
v -0.054352 0.252716 0.173366
v -0.047246 0.253319 0.173246
v -0.049176 0.309052 0.174271
v -0.048951 0.309791 0.162571
v -0.044955 0.254377 0.157116
v -0.055412 0.308588 0.174746
v -0.054352 0.252716 0.173366
v -0.058970 0.253596 0.157281
v -0.059817 0.309246 0.162914
v -0.041830 0.052929 0.159166
v -0.042715 0.101506 0.164154
v -0.038099 0.102582 0.148078
v -0.037425 0.053704 0.147353
v -0.049819 0.100916 0.163962
v -0.048071 0.052517 0.158639
v -0.048292 0.053200 0.146937
v -0.052111 0.101822 0.147822
v -0.048951 0.309791 0.162571
v -0.059817 0.309246 0.162914
v -0.058970 0.253596 0.157281
v -0.044955 0.254377 0.157116
v -0.058970 0.253596 0.157281
v -0.052111 0.101822 0.147822
v -0.038099 0.102582 0.148078
v -0.044955 0.254377 0.157116
v -0.052111 0.101822 0.147822
v -0.048292 0.053200 0.146937
v -0.037425 0.053704 0.147353
v -0.038099 0.102582 0.148078
v -0.041830 0.052929 0.159166
v -0.048071 0.052517 0.158639
v -0.049819 0.100916 0.163962
v -0.042715 0.101506 0.164154
v -0.049819 0.100916 0.163962
v -0.054352 0.252716 0.173366
v -0.047246 0.253319 0.173246
v -0.042715 0.101506 0.164154
v -0.054352 0.252716 0.173366
v -0.055412 0.308588 0.174746
v -0.049176 0.309052 0.174271
v -0.047246 0.253319 0.173246
v 0.049462 0.020028 0.467021
v 0.039002 0.015455 0.440377
v 0.011863 0.065775 0.440792
v 0.016808 0.067371 0.464644
v 0.030102 0.076285 0.441432
v 0.060049 0.027585 0.441116
v 0.049462 0.020028 0.467021
v 0.024993 0.072087 0.464932
v -0.231522 0.112682 0.003616
v -0.234032 0.113944 -0.016874
v -0.236953 0.265940 -0.007132
v -0.231899 0.264716 0.013404
v -0.220908 0.265225 0.012201
v -0.221818 0.321012 0.013495
v -0.221770 0.321994 -0.002290
v -0.219011 0.266429 -0.007368
v -0.232140 0.320638 0.014520
v -0.231899 0.264716 0.013404
v -0.236953 0.265940 -0.007132
v -0.236347 0.321629 -0.001353
v -0.221078 0.064505 -0.001087
v -0.220306 0.113174 0.003430
v -0.216081 0.114352 -0.016101
v -0.216872 0.065444 -0.016955
v -0.231522 0.112682 0.003616
v -0.231406 0.064244 -0.002154
v -0.231450 0.065182 -0.017936
v -0.234032 0.113944 -0.016874
v -0.221770 0.321994 -0.002290
v -0.236347 0.321629 -0.001353
v -0.236953 0.265940 -0.007132
v -0.219011 0.266429 -0.007368
v -0.236953 0.265940 -0.007132
v -0.234032 0.113944 -0.016874
v -0.216081 0.114352 -0.016101
v -0.219011 0.266429 -0.007368
v -0.234032 0.113944 -0.016874
v -0.231450 0.065182 -0.017936
v -0.216872 0.065444 -0.016955
v -0.216081 0.114352 -0.016101
v -0.221078 0.064505 -0.001087
v -0.231406 0.064244 -0.002154
v -0.231522 0.112682 0.003616
v -0.220306 0.113174 0.003430
v -0.231899 0.264716 0.013404
v -0.232140 0.320638 0.014520
v -0.221818 0.321012 0.013495
v -0.220908 0.265225 0.012201
v 0.099596 0.187018 0.433126
v 0.103033 0.195544 0.431044
v 0.104113 0.197098 0.404027
v 0.100044 0.188277 0.403525
v 0.084284 0.201626 0.445709
v 0.091744 0.207189 0.442932
v 0.099094 0.199857 0.442481
v 0.093707 0.192220 0.445136
v 0.099094 0.199857 0.442481
v 0.103033 0.195544 0.431044
v 0.099596 0.187018 0.433126
v 0.093707 0.192220 0.445136
v 0.104113 0.197098 0.404027
v 0.103033 0.195544 0.431044
v 0.099893 0.209295 0.425501
v 0.099351 0.210017 0.404773
v 0.086726 0.211798 0.432039
v 0.086628 0.214524 0.405088
v 0.099351 0.210017 0.404773
v 0.099893 0.209295 0.425501
v 0.086726 0.211798 0.432039
v 0.091744 0.207189 0.442932
v 0.084284 0.201626 0.445709
v 0.078365 0.208210 0.434427
v 0.086628 0.214524 0.405088
v 0.086726 0.211798 0.432039
v 0.078365 0.208210 0.434427
v 0.078598 0.210810 0.404898
v 0.150824 -0.057010 0.215830
v 0.138339 -0.058239 0.214738
v 0.107905 0.091795 0.315990
v 0.119842 0.092900 0.317260
v 0.120281 0.101893 0.304053
v 0.108334 0.100674 0.302950
v 0.138802 -0.049241 0.201525
v 0.151274 -0.048144 0.202807
v 0.138802 -0.049241 0.201525
v 0.108334 0.100674 0.302950
v 0.107905 0.091795 0.315990
v 0.138339 -0.058239 0.214738
v 0.150824 -0.057010 0.215830
v 0.119842 0.092900 0.317260
v 0.120281 0.101893 0.304053
v 0.151274 -0.048144 0.202807
v -0.082658 0.204603 0.434207
v -0.083406 0.206772 0.404652
v -0.085670 0.215333 0.405137
v -0.084590 0.213592 0.432145
v -0.065417 0.229468 0.405999
v -0.057449 0.223941 0.405698
v -0.058064 0.221795 0.435245
v -0.065702 0.226777 0.432952
v -0.064917 0.216323 0.446604
v -0.075834 0.208694 0.446139
v -0.079843 0.217148 0.443536
v -0.071328 0.223096 0.443902
v -0.079843 0.217148 0.443536
v -0.075834 0.208694 0.446139
v -0.082658 0.204603 0.434207
v -0.084590 0.213592 0.432145
v -0.085670 0.215333 0.405137
v -0.078767 0.227240 0.405823
v -0.079207 0.226605 0.426557
v -0.084590 0.213592 0.432145
v -0.065702 0.226777 0.432952
v -0.079207 0.226605 0.426557
v -0.078767 0.227240 0.405823
v -0.065417 0.229468 0.405999
v -0.065702 0.226777 0.432952
v -0.058064 0.221795 0.435245
v -0.064917 0.216323 0.446604
v -0.071328 0.223096 0.443902
v 0.092955 0.139299 0.474288
v 0.097228 0.129546 0.447328
v 0.043029 0.111738 0.443592
v 0.040890 0.115685 0.467588
v 0.035826 0.131492 0.444796
v 0.088916 0.152341 0.448717
v 0.092955 0.139299 0.474288
v 0.037657 0.124550 0.468128
v 0.028818 0.269532 0.351925
v 0.029319 0.272795 0.290135
v 0.042743 0.272795 0.290135
v 0.043243 0.269532 0.351925
v 0.024636 0.266934 0.279085
v 0.018551 0.235185 0.274325
v 0.053510 0.235185 0.274325
v 0.047425 0.266934 0.279085
v 0.054550 0.230580 0.349552
v 0.048075 0.262905 0.351521
v 0.048075 0.266532 0.291985
v 0.054550 0.234207 0.290015
v 0.017512 0.234358 0.287535
v 0.023986 0.266532 0.291985
v 0.023986 0.262905 0.351521
v 0.017512 0.230580 0.349552
v 0.048075 0.262905 0.351521
v 0.043621 0.264083 0.351593
v 0.042289 0.268728 0.291003
v 0.048075 0.266532 0.291985
v 0.047425 0.266934 0.279085
v 0.040892 0.269649 0.281480
v 0.031169 0.269649 0.281480
v 0.024636 0.266934 0.279085
v 0.023986 0.266532 0.291985
v 0.029772 0.268728 0.291003
v 0.028440 0.264083 0.351593
v 0.023986 0.262905 0.351521
v 0.043621 0.264083 0.351593
v 0.043243 0.269532 0.351925
v 0.042743 0.272795 0.290135
v 0.042289 0.268728 0.291003
v 0.042289 0.268728 0.291003
v 0.042743 0.272795 0.290135
v 0.029319 0.272795 0.290135
v 0.029772 0.268728 0.291003
v 0.029772 0.268728 0.291003
v 0.029319 0.272795 0.290135
v 0.028818 0.269532 0.351925
v 0.028440 0.264083 0.351593
v 0.048075 0.266532 0.291985
v 0.047425 0.266934 0.279085
v 0.053510 0.235185 0.274325
v 0.054550 0.234207 0.290015
v 0.017512 0.234358 0.287535
v 0.018551 0.235185 0.274325
v 0.024636 0.266934 0.279085
v 0.023986 0.266532 0.291985
v 0.023986 0.266532 0.291985
v 0.024636 0.266934 0.279085
v 0.031169 0.269649 0.281480
v 0.029772 0.268728 0.291003
v 0.029772 0.268728 0.291003
v 0.031169 0.269649 0.281480
v 0.040892 0.269649 0.281480
v 0.042289 0.268728 0.291003
v 0.042289 0.268728 0.291003
v 0.040892 0.269649 0.281480
v 0.047425 0.266934 0.279085
v 0.048075 0.266532 0.291985
v -0.092942 0.071765 0.470174
v -0.097215 0.084719 0.444597
v -0.043016 0.102849 0.443050
v -0.040877 0.096018 0.466390
v -0.035813 0.083095 0.441847
v -0.088903 0.061924 0.443208
v -0.092942 0.071765 0.470174
v -0.037644 0.087153 0.465850
v 0.216285 0.103987 0.154207
v 0.219204 0.256036 0.162990
v 0.221282 0.254795 0.183147
v 0.220729 0.102769 0.174366
v 0.231964 0.102339 0.173859
v 0.232520 0.254311 0.183598
v 0.236965 0.255548 0.163443
v 0.234045 0.103551 0.153701
v 0.221282 0.254795 0.183147
v 0.219204 0.256036 0.162990
v 0.221783 0.311602 0.168285
v 0.221831 0.310620 0.184070
v 0.232153 0.310246 0.185095
v 0.236360 0.311237 0.169221
v 0.236965 0.255548 0.163443
v 0.232520 0.254311 0.183598
v 0.221091 0.054113 0.169487
v 0.216885 0.055052 0.153620
v 0.216285 0.103987 0.154207
v 0.220729 0.102769 0.174366
v 0.231964 0.102339 0.173859
v 0.234045 0.103551 0.153701
v 0.231463 0.054790 0.152638
v 0.231419 0.053852 0.168421
v 0.221783 0.311602 0.168285
v 0.219204 0.256036 0.162990
v 0.236965 0.255548 0.163443
v 0.236360 0.311237 0.169221
v 0.236965 0.255548 0.163443
v 0.219204 0.256036 0.162990
v 0.216285 0.103987 0.154207
v 0.234045 0.103551 0.153701
v 0.234045 0.103551 0.153701
v 0.216285 0.103987 0.154207
v 0.216885 0.055052 0.153620
v 0.231463 0.054790 0.152638
v 0.221091 0.054113 0.169487
v 0.220729 0.102769 0.174366
v 0.231964 0.102339 0.173859
v 0.231419 0.053852 0.168421
v 0.231964 0.102339 0.173859
v 0.220729 0.102769 0.174366
v 0.221282 0.254795 0.183147
v 0.232520 0.254311 0.183598
v 0.232520 0.254311 0.183598
v 0.221282 0.254795 0.183147
v 0.221831 0.310620 0.184070
v 0.232153 0.310246 0.185095
v 0.089026 0.227827 -0.606427
v 0.091054 0.214361 -0.607465
v 0.277961 0.214135 -0.600532
v 0.278758 0.227412 -0.596921
v 0.266653 0.204930 -0.418993
v 0.258996 0.214336 -0.428042
v 0.278261 0.216835 -0.442023
v 0.286804 0.206428 -0.441236
v -0.000803 0.205364 -0.455283
v -0.000754 0.216168 -0.454518
v 0.007419 0.212455 -0.412488
v 0.007781 0.203608 -0.403530
v 0.266653 0.204930 -0.418993
v 0.007781 0.203608 -0.403530
v 0.007419 0.212455 -0.412488
v 0.258996 0.214336 -0.428042
v 0.047000 0.226579 -0.549047
v -0.000754 0.216168 -0.454518
v -0.000803 0.205364 -0.455283
v 0.048151 0.208029 -0.550110
v 0.289636 0.211667 -0.590272
v 0.286804 0.206428 -0.441236
v 0.278261 0.216835 -0.442023
v 0.282811 0.229596 -0.586376
v 0.278261 0.216835 -0.442023
v -0.000754 0.216168 -0.454518
v 0.047000 0.226579 -0.549047
v 0.282811 0.229596 -0.586376
v 0.258996 0.214336 -0.428042
v 0.007419 0.212455 -0.412488
v -0.000754 0.216168 -0.454518
v 0.278261 0.216835 -0.442023
v 0.286804 0.206428 -0.441236
v -0.000803 0.205364 -0.455283
v 0.007781 0.203608 -0.403530
v 0.266653 0.204930 -0.418993
v 0.289636 0.211667 -0.590272
v 0.048151 0.208029 -0.550110
v -0.000803 0.205364 -0.455283
v 0.286804 0.206428 -0.441236
v 0.277961 0.214135 -0.600532
v 0.091054 0.214361 -0.607465
v 0.048151 0.208029 -0.550110
v 0.289636 0.211667 -0.590272
v 0.278758 0.227412 -0.596921
v 0.277961 0.214135 -0.600532
v 0.289636 0.211667 -0.590272
v 0.282811 0.229596 -0.586376
v 0.282811 0.229596 -0.586376
v 0.047000 0.226579 -0.549047
v 0.089026 0.227827 -0.606427
v 0.278758 0.227412 -0.596921
v 0.089026 0.227827 -0.606427
v 0.047000 0.226579 -0.549047
v 0.048151 0.208029 -0.550110
v 0.091054 0.214361 -0.607465
v -0.092941 0.139299 0.474288
v -0.088903 0.152341 0.448717
v -0.035813 0.131492 0.444796
v -0.037644 0.124550 0.468128
v -0.043016 0.111738 0.443592
v -0.097215 0.129546 0.447328
v -0.092941 0.139299 0.474288
v -0.040877 0.115685 0.467588
v 0.098919 0.105532 0.472231
v 0.099045 0.095003 0.445224
v 0.041957 0.096782 0.442681
v 0.041794 0.101135 0.466702
v 0.041957 0.117804 0.443962
v 0.099045 0.119262 0.446702
v 0.098919 0.105532 0.472231
v 0.041794 0.110568 0.467276
v -0.467571 0.129901 0.155786
v -0.472013 0.128572 0.175938
v -0.476446 0.280532 0.184715
v -0.474369 0.281827 0.164562
v -0.483233 0.127854 0.175414
v -0.485313 0.129013 0.155252
v -0.492114 0.280887 0.164987
v -0.487670 0.279763 0.185149
v -0.476446 0.280532 0.184715
v -0.478417 0.336325 0.185636
v -0.478369 0.337310 0.169851
v -0.474369 0.281827 0.164562
v -0.488728 0.335690 0.186645
v -0.487670 0.279763 0.185149
v -0.492114 0.280887 0.164987
v -0.492933 0.336573 0.170765
v -0.471131 0.079921 0.171060
v -0.472013 0.128572 0.175938
v -0.467571 0.129901 0.155786
v -0.466925 0.080967 0.155199
v -0.483233 0.127854 0.175414
v -0.481446 0.079397 0.169977
v -0.481490 0.080334 0.154195
v -0.485313 0.129013 0.155252
v -0.478369 0.337310 0.169851
v -0.492933 0.336573 0.170765
v -0.492114 0.280887 0.164987
v -0.474369 0.281827 0.164562
v -0.492114 0.280887 0.164987
v -0.485313 0.129013 0.155252
v -0.467571 0.129901 0.155786
v -0.474369 0.281827 0.164562
v -0.485313 0.129013 0.155252
v -0.481490 0.080334 0.154195
v -0.466925 0.080967 0.155199
v -0.467571 0.129901 0.155786
v -0.471131 0.079921 0.171060
v -0.481446 0.079397 0.169977
v -0.483233 0.127854 0.175414
v -0.472013 0.128572 0.175938
v -0.483233 0.127854 0.175414
v -0.487670 0.279763 0.185149
v -0.476446 0.280532 0.184715
v -0.472013 0.128572 0.175938
v -0.487670 0.279763 0.185149
v -0.488728 0.335690 0.186645
v -0.478417 0.336325 0.185636
v -0.476446 0.280532 0.184715
v 0.467584 0.139673 -0.004602
v 0.474382 0.291598 0.004174
v 0.476459 0.290303 0.024327
v 0.472026 0.138344 0.015550
v 0.483246 0.137625 0.015026
v 0.487682 0.289535 0.024761
v 0.492126 0.290659 0.004599
v 0.485326 0.138785 -0.005136
v 0.476459 0.290303 0.024327
v 0.474382 0.291598 0.004174
v 0.478381 0.347082 0.009463
v 0.478429 0.346097 0.025248
v 0.488741 0.345461 0.026258
v 0.492946 0.346345 0.010377
v 0.492126 0.290659 0.004599
v 0.487682 0.289535 0.024761
v 0.471143 0.089693 0.010672
v 0.466938 0.090739 -0.005189
v 0.467584 0.139673 -0.004602
v 0.472026 0.138344 0.015550
v 0.483246 0.137625 0.015026
v 0.485326 0.138785 -0.005136
v 0.481503 0.090105 -0.006192
v 0.481459 0.089168 0.009590
v 0.478381 0.347082 0.009463
v 0.474382 0.291598 0.004174
v 0.492126 0.290659 0.004599
v 0.492946 0.346345 0.010377
v 0.492126 0.290659 0.004599
v 0.474382 0.291598 0.004174
v 0.467584 0.139673 -0.004602
v 0.485326 0.138785 -0.005136
v 0.485326 0.138785 -0.005136
v 0.467584 0.139673 -0.004602
v 0.466938 0.090739 -0.005189
v 0.481503 0.090105 -0.006192
v 0.471143 0.089693 0.010672
v 0.472026 0.138344 0.015550
v 0.483246 0.137625 0.015026
v 0.481459 0.089168 0.009590
v 0.483246 0.137625 0.015026
v 0.472026 0.138344 0.015550
v 0.476459 0.290303 0.024327
v 0.487682 0.289535 0.024761
v 0.487682 0.289535 0.024761
v 0.476459 0.290303 0.024327
v 0.478429 0.346097 0.025248
v 0.488741 0.345461 0.026258
v -0.467571 0.139673 -0.004602
v -0.472013 0.138344 0.015550
v -0.476446 0.290303 0.024327
v -0.474369 0.291598 0.004174
v -0.483233 0.137625 0.015026
v -0.485313 0.138785 -0.005136
v -0.492114 0.290659 0.004599
v -0.487670 0.289535 0.024761
v -0.476446 0.290303 0.024327
v -0.478417 0.346097 0.025248
v -0.478369 0.347082 0.009463
v -0.474369 0.291598 0.004174
v -0.488728 0.345461 0.026258
v -0.487670 0.289535 0.024761
v -0.492114 0.290659 0.004599
v -0.492933 0.346345 0.010377
v -0.471131 0.089693 0.010672
v -0.472013 0.138344 0.015550
v -0.467571 0.139673 -0.004602
v -0.466925 0.090739 -0.005189
v -0.483233 0.137625 0.015026
v -0.481446 0.089168 0.009590
v -0.481490 0.090105 -0.006192
v -0.485313 0.138785 -0.005136
v -0.478369 0.347082 0.009463
v -0.492933 0.346345 0.010377
v -0.492114 0.290659 0.004599
v -0.474369 0.291598 0.004174
v -0.492114 0.290659 0.004599
v -0.485313 0.138785 -0.005136
v -0.467571 0.139673 -0.004602
v -0.474369 0.291598 0.004174
v -0.485313 0.138785 -0.005136
v -0.481490 0.090105 -0.006192
v -0.466925 0.090739 -0.005189
v -0.467571 0.139673 -0.004602
v -0.471131 0.089693 0.010672
v -0.481446 0.089168 0.009590
v -0.483233 0.137625 0.015026
v -0.472013 0.138344 0.015550
v -0.483233 0.137625 0.015026
v -0.487670 0.289535 0.024761
v -0.476446 0.290303 0.024327
v -0.472013 0.138344 0.015550
v -0.487670 0.289535 0.024761
v -0.488728 0.345461 0.026258
v -0.478417 0.346097 0.025248
v -0.476446 0.290303 0.024327
v 0.467584 0.129901 0.155786
v 0.474382 0.281827 0.164562
v 0.476459 0.280532 0.184715
v 0.472026 0.128572 0.175938
v 0.483246 0.127854 0.175414
v 0.487682 0.279763 0.185149
v 0.492126 0.280887 0.164987
v 0.485326 0.129013 0.155252
v 0.476459 0.280532 0.184715
v 0.474382 0.281827 0.164562
v 0.478381 0.337310 0.169851
v 0.478430 0.336325 0.185636
v 0.488741 0.335690 0.186645
v 0.492946 0.336573 0.170765
v 0.492126 0.280887 0.164987
v 0.487682 0.279763 0.185149
v 0.471143 0.079921 0.171060
v 0.466937 0.080967 0.155199
v 0.467584 0.129901 0.155786
v 0.472026 0.128572 0.175938
v 0.483246 0.127854 0.175414
v 0.485326 0.129013 0.155252
v 0.481503 0.080334 0.154195
v 0.481459 0.079397 0.169977
v 0.478381 0.337310 0.169851
v 0.474382 0.281827 0.164562
v 0.492126 0.280887 0.164987
v 0.492946 0.336573 0.170765
v 0.492126 0.280887 0.164987
v 0.474382 0.281827 0.164562
v 0.467584 0.129901 0.155786
v 0.485326 0.129013 0.155252
v 0.485326 0.129013 0.155252
v 0.467584 0.129901 0.155786
v 0.466937 0.080967 0.155199
v 0.481503 0.080334 0.154195
v 0.471143 0.079921 0.171060
v 0.472026 0.128572 0.175938
v 0.483246 0.127854 0.175414
v 0.481459 0.079397 0.169977
v 0.483246 0.127854 0.175414
v 0.472026 0.128572 0.175938
v 0.476459 0.280532 0.184715
v 0.487682 0.279763 0.185149
v 0.487682 0.279763 0.185149
v 0.476459 0.280532 0.184715
v 0.478430 0.336325 0.185636
v 0.488741 0.335690 0.186645
v -0.074534 0.199162 0.125498
v -0.071545 0.202748 0.071683
v -0.042304 0.221589 0.078485
v -0.043985 0.223025 0.123489
v -0.065225 0.212496 0.135662
v 0.074546 0.199162 0.125498
v 0.065238 0.212496 0.135662
v 0.043998 0.223025 0.123489
v 0.042317 0.221589 0.078485
v 0.071558 0.202748 0.071683
v -0.220306 0.113174 0.003430
v -0.231522 0.112682 0.003616
v -0.231899 0.264716 0.013404
v -0.220908 0.265225 0.012201
v -0.219011 0.266429 -0.007368
v -0.216081 0.114352 -0.016101
vn -0.7374 0.5992 -0.3118
vn -0.4179 0.8983 -0.1361
vn -0.9629 0.1979 -0.1832
vn 0.7374 0.5992 -0.3118
vn 0.4179 0.8983 -0.1361
vn 0.9629 0.1979 -0.1832
vn -0.3518 0.8883 -0.2954
vn 0.0808 0.9880 -0.1315
vn -0.7433 0.6505 -0.1560
vn -0.8263 0.4625 -0.3213
vn -0.5641 0.8134 -0.1422
vn -0.9806 0.0277 -0.1939
vn 0.9301 -0.0971 -0.3542
vn 0.9260 0.3370 -0.1703
vn 0.8088 -0.5420 -0.2283
vn 0.4476 0.8894 0.0927
vn -0.4477 0.8894 0.0927
vn 0.9887 0.1322 0.0712
vn 0.9789 0.1706 0.1122
vn 0.9660 0.2223 0.1320
vn 0.9522 0.2780 0.1265
vn 0.9403 0.3269 0.0953
vn 0.9328 0.3577 0.0429
vn 0.9322 0.3613 -0.0205
vn 0.9393 0.3337 -0.0794
vn 0.9527 0.2806 -0.1168
vn 0.9686 0.2166 -0.1218
vn 0.9827 0.1597 -0.0943
vn 0.9914 0.1237 -0.0438
vn 0.9933 0.1148 0.0158
vn -0.9057 -0.4021 -0.1340
vn -0.9181 -0.3389 -0.2055
vn -0.9381 -0.2519 -0.2378
vn -0.9608 -0.1621 -0.2251
vn -0.9810 -0.0894 -0.1720
vn -0.9946 -0.0488 -0.0913
vn -0.9988 -0.0482 -0.0004
vn -0.9928 -0.0878 0.0818
vn -0.9775 -0.1601 0.1375
vn -0.9560 -0.2501 0.1532
vn -0.9331 -0.3376 0.1235
vn -0.9143 -0.4015 0.0538
vn -0.9043 -0.4251 -0.0397
vn -0.1960 -0.1843 0.9631
vn -0.0848 -0.2753 0.9576
vn 0.0587 -0.2838 0.9571
vn 0.1798 -0.2065 0.9618
vn 0.2322 -0.0729 0.9699
vn 0.1960 0.0660 0.9784
vn 0.0848 0.1571 0.9839
vn -0.0587 0.1655 0.9845
vn -0.1798 0.0882 0.9797
vn -0.2322 -0.0454 0.9716
vn -0.0784 -0.0032 -0.9969
vn -0.0259 -0.0371 -0.9990
vn 0.0365 -0.0336 -0.9988
vn 0.0849 0.0057 -0.9964
vn 0.1010 0.0660 -0.9927
vn 0.0784 0.1242 -0.9892
vn 0.0259 0.1581 -0.9871
vn -0.0365 0.1546 -0.9873
vn -0.0849 0.1153 -0.9897
vn -0.1010 0.0550 -0.9934
vn 0.9060 -0.4233 0.0086
vn 0.6450 0.7592 0.0867
vn 0.9836 -0.1786 0.0244
vn 0.9328 -0.2858 0.2198
vn 0.8669 0.4943 0.0645
vn -0.9060 -0.4233 0.0086
vn -0.6450 0.7592 0.0867
vn -0.9836 -0.1786 0.0244
vn -0.9328 -0.2858 0.2198
vn -0.0000 0.7499 0.6616
vn -0.0035 0.0706 -0.9975
vn 0.0035 0.0706 -0.9975
vn -0.0000 0.0713 -0.9975
vn -0.0065 0.0688 -0.9976
vn 0.0065 0.0688 -0.9976
vn -0.0087 0.0660 -0.9978
vn 0.0087 0.0660 -0.9978
vn -0.0099 0.0627 -0.9980
vn 0.0099 0.0627 -0.9980
vn -0.0099 0.0594 -0.9982
vn 0.0099 0.0594 -0.9982
vn -0.0087 0.0559 -0.9984
vn 0.0087 0.0559 -0.9984
vn -0.0063 0.0530 -0.9986
vn 0.0063 0.0530 -0.9986
vn 0.0192 0.0374 -0.9991
vn -0.0000 0.0411 -0.9992
vn -0.0192 0.0374 -0.9991
vn -0.8669 0.4943 0.0645
vn -0.8950 -0.2562 -0.3651
vn -0.9680 0.1736 -0.1812
vn -0.6997 -0.6741 -0.2367
vn 0.0701 0.1193 -0.9904
vn -0.0458 -0.0186 -0.9988
vn -0.0701 0.0018 -0.9975
vn 0.0860 0.0293 -0.9959
vn 0.0701 0.0018 -0.9975
vn -0.0485 0.8652 0.4991
vn -0.0176 0.8572 0.5147
vn 0.0176 0.8572 0.5147
vn 0.0485 0.8652 0.4991
vn 0.0662 0.8790 0.4723
vn 0.0662 0.8951 0.4409
vn 0.0484 0.9090 0.4139
vn 0.0177 0.9170 0.3984
vn -0.0177 0.9170 0.3984
vn -0.0484 0.9090 0.4139
vn -0.0662 0.8951 0.4409
vn -0.0662 0.8790 0.4723
vn -0.0420 -0.9065 -0.4201
vn -0.0153 -0.9135 -0.4066
vn 0.0153 -0.9135 -0.4066
vn 0.0420 -0.9065 -0.4201
vn 0.0574 -0.8945 -0.4433
vn 0.0574 -0.8807 -0.4703
vn 0.0419 -0.8686 -0.4937
vn 0.0154 -0.8618 -0.5071
vn -0.0154 -0.8618 -0.5071
vn -0.0419 -0.8686 -0.4937
vn -0.0574 -0.8807 -0.4703
vn -0.0574 -0.8945 -0.4433
vn 0.0176 0.8572 0.5148
vn -0.0420 -0.8686 -0.4937
vn 0.0420 -0.8686 -0.4937
vn 0.1192 -0.9203 -0.3725
vn -0.1488 -0.8879 -0.4352
vn -0.1192 -0.8382 -0.5322
vn 0.1488 -0.8703 -0.4694
vn -0.0915 -0.9330 -0.3482
vn 0.0196 -0.9465 -0.3221
vn 0.0916 -0.8257 -0.5566
vn -0.0196 -0.8123 -0.5829
vn -0.1192 -0.9203 -0.3725
vn 0.1487 -0.8879 -0.4352
vn 0.1192 -0.8382 -0.5322
vn -0.1488 -0.8703 -0.4695
vn 0.0915 -0.9330 -0.3482
vn -0.0195 -0.9465 -0.3221
vn -0.0915 -0.8257 -0.5566
vn 0.0195 -0.8123 -0.5829
vn -0.8526 0.4396 0.2827
vn 0.8526 0.4396 0.2827
vn 0.8527 0.4393 0.2826
vn -0.0000 0.5021 -0.8648
vn -0.0000 -0.6048 -0.7964
vn -0.0000 -0.4953 0.8687
vn -0.0402 -0.4748 0.8792
vn -0.0402 -0.4040 0.9139
vn -0.0000 -0.3831 0.9237
vn 0.0403 -0.4041 0.9138
vn 0.0403 -0.4747 0.8792
vn 0.0404 -0.4747 0.8792
vn 0.0404 -0.4041 0.9138
vn -0.0000 -0.3832 0.9237
vn -0.0403 -0.4040 0.9139
vn -0.0403 -0.4748 0.8792
vn 0.0892 -0.9950 0.0453
vn 0.0536 -0.9968 0.0598
vn 0.0745 -0.9958 0.0537
vn -0.0280 0.9946 0.0996
vn -0.0714 0.9935 0.0889
vn -0.0506 0.9939 0.0976
vn -0.0892 -0.9950 0.0453
vn -0.0744 -0.9958 0.0537
vn -0.0536 -0.9968 0.0598
vn 0.0280 0.9946 0.0996
vn 0.0506 0.9939 0.0976
vn 0.0714 0.9935 0.0889
vn -0.0458 0.1397 -0.9891
vn 0.0159 0.1505 -0.9885
vn -0.1957 0.9364 -0.2912
vn 0.2475 0.9598 -0.1323
vn -0.6206 0.7700 -0.1484
vn 0.3506 0.1680 -0.9213
vn -0.0160 0.3677 -0.9298
vn -0.3925 0.1560 -0.9064
vn 0.2326 0.2091 0.9498
vn -0.0033 0.3855 0.9227
vn -0.2596 0.2239 0.9394
vn 0.0157 -0.5046 -0.8632
vn -0.0056 -0.1458 0.9893
vn 0.3800 -0.2529 -0.8898
vn -0.3918 -0.2954 -0.8713
vn 0.1936 -0.0430 0.9801
vn -0.2192 -0.0483 0.9745
vn -0.5375 -0.7451 -0.3949
vn -0.8647 -0.4519 -0.2193
vn -0.1324 -0.9581 -0.2540
vn 0.8950 -0.2562 -0.3651
vn 0.9680 0.1736 -0.1812
vn 0.6997 -0.6741 -0.2367
vn -0.0915 0.0605 -0.9940
vn -0.0701 0.1193 -0.9904
vn -0.0159 0.1505 -0.9885
vn 0.6629 -0.6407 -0.3873
vn 0.9318 -0.2970 -0.2089
vn 0.2998 -0.9203 -0.2513
vn 0.0458 0.1397 -0.9891
vn -0.0512 -0.0538 -0.9972
vn 0.1143 0.0092 -0.9934
vn 0.1171 0.1048 -0.9876
vn 0.0513 0.1744 -0.9833
vn -0.0446 0.1772 -0.9832
vn -0.1171 0.0159 -0.9930
vn 0.0446 -0.0565 -0.9974
vn -0.1143 0.1115 -0.9872
vn -0.0159 -0.0294 -0.9994
vn -0.0725 -0.0392 -0.9966
vn -0.0000 -0.0627 -0.9980
vn 0.0725 -0.0392 -0.9966
vn 0.1172 0.0223 -0.9929
vn 0.1172 0.0984 -0.9882
vn 0.0725 0.1599 -0.9845
vn -0.0000 0.1834 -0.9830
vn -0.0725 0.1599 -0.9845
vn -0.1172 0.0984 -0.9882
vn -0.1172 0.0223 -0.9929
vn -0.9887 0.1322 0.0712
vn -0.9789 0.1706 0.1122
vn -0.9660 0.2223 0.1320
vn -0.9522 0.2780 0.1265
vn -0.9403 0.3269 0.0953
vn -0.9328 0.3577 0.0429
vn -0.9322 0.3613 -0.0205
vn -0.9393 0.3337 -0.0794
vn -0.9527 0.2806 -0.1168
vn -0.9686 0.2166 -0.1218
vn -0.9827 0.1597 -0.0943
vn -0.9914 0.1237 -0.0438
vn -0.9933 0.1148 0.0158
vn 0.9057 -0.4021 -0.1340
vn 0.9181 -0.3389 -0.2055
vn 0.9381 -0.2519 -0.2378
vn 0.9608 -0.1621 -0.2251
vn 0.9810 -0.0894 -0.1720
vn 0.9946 -0.0488 -0.0913
vn 0.9988 -0.0482 -0.0004
vn 0.9928 -0.0878 0.0818
vn 0.9775 -0.1601 0.1375
vn 0.9560 -0.2501 0.1532
vn 0.9331 -0.3376 0.1235
vn 0.9143 -0.4015 0.0538
vn 0.9043 -0.4251 -0.0397
vn 0.3518 0.8883 -0.2954
vn -0.0808 0.9880 -0.1315
vn 0.7433 0.6505 -0.1560
vn 0.1957 0.9364 -0.2912
vn -0.2475 0.9598 -0.1323
vn 0.6206 0.7700 -0.1484
vn 0.0159 -0.0294 -0.9994
vn -0.9301 -0.0971 -0.3542
vn -0.9260 0.3370 -0.1703
vn -0.8088 -0.5420 -0.2283
vn 0.8263 0.4625 -0.3213
vn 0.5641 0.8134 -0.1422
vn 0.9806 0.0277 -0.1939
vn 0.0458 -0.0186 -0.9988
vn -0.6629 -0.6407 -0.3873
vn -0.9318 -0.2970 -0.2089
vn -0.2998 -0.9203 -0.2513
vn 0.5375 -0.7451 -0.3949
vn 0.8647 -0.4519 -0.2193
vn 0.1324 -0.9581 -0.2540
vn 0.0860 0.0918 -0.9921
vn -0.0860 0.0293 -0.9959
vn -0.0860 0.0918 -0.9921
vn 0.0915 0.0605 -0.9940
vn 0.9871 -0.0020 -0.1598
vn -0.9871 0.0214 -0.1585
vn 0.9979 -0.0246 -0.0605
vn 0.9979 -0.0246 -0.0606
vn -0.9724 0.0067 -0.2331
vn 0.9724 0.0226 -0.2321
vn -0.9977 0.0359 -0.0569
vn -0.0453 -0.0982 0.9941
vn -0.0453 -0.0981 0.9941
vn -0.0001 -0.0608 0.9981
vn 0.0456 -0.0178 0.9988
vn 0.0455 -0.0178 0.9988
vn -0.0690 0.1055 -0.9920
vn -0.0000 0.0608 -0.9981
vn 0.0001 0.0608 -0.9981
vn 0.0692 0.0215 -0.9974
vn 0.2836 0.9585 0.0292
vn -0.2546 0.2575 -0.9321
vn -0.2549 0.2575 -0.9321
vn 0.1824 0.8805 -0.4375
vn -0.4009 0.9148 0.0488
vn -0.4010 0.9148 0.0488
vn -0.9870 0.1607 0.0026
vn -0.7849 -0.3482 -0.5126
vn -0.8642 -0.4996 -0.0600
vn -0.2836 0.9585 0.0292
vn 0.2549 0.2575 -0.9321
vn 0.2546 0.2575 -0.9322
vn 0.2546 0.2575 -0.9321
vn -0.1824 0.8805 -0.4375
vn 0.4009 0.9148 0.0488
vn 0.4010 0.9148 0.0488
vn 0.9870 0.1607 0.0026
vn 0.7849 -0.3482 -0.5126
vn 0.8641 -0.4997 -0.0600
vn 0.8642 -0.4996 -0.0600
vn 0.7221 0.6917 0.0126
vn -0.9995 -0.0053 -0.0296
vn -0.9995 -0.0054 -0.0296
vn -0.1216 0.3574 -0.9260
vn -0.1212 0.3572 -0.9261
vn -0.1214 0.3573 -0.9261
vn 0.5817 0.6776 -0.4499
vn 0.1098 0.9925 0.0535
vn -0.7771 0.6285 0.0311
vn -0.7772 0.6285 0.0312
vn -0.8693 0.0909 -0.4858
vn 0.1123 0.9932 0.0310
vn -0.7634 -0.6423 -0.0684
vn -0.2855 0.2103 -0.9350
vn -0.2858 0.2102 -0.9350
vn 0.0315 0.8992 -0.4364
vn -0.5519 0.8328 0.0438
vn -0.9999 -0.0135 -0.0080
vn -0.9999 -0.0134 -0.0080
vn -0.7070 -0.4787 -0.5205
vn 0.4835 0.8750 0.0241
vn 0.3216 0.0167 -0.9467
vn 0.3214 0.0170 -0.9468
vn 0.4789 0.7567 -0.4450
vn 0.9339 0.3573 0.0148
vn 0.9338 0.3574 0.0148
vn 0.9339 0.3574 0.0148
vn 0.8073 -0.5886 -0.0430
vn 0.2814 -0.7934 -0.5398
vn 0.2814 -0.7934 -0.5397
vn 0.2489 -0.9645 -0.0883
vn 0.9771 -0.0240 -0.2112
vn 0.9772 -0.0240 -0.2112
vn -0.9771 0.0495 -0.2068
vn 0.9945 -0.0476 -0.0930
vn -0.9515 0.0355 -0.3056
vn 0.9515 0.0028 -0.3076
vn -0.9943 0.0626 -0.0862
vn -0.0256 -0.0982 0.9948
vn 0.0261 -0.0177 0.9995
vn -0.0455 0.1068 -0.9932
vn 0.0461 0.0203 -0.9987
vn -0.0000 0.3210 -0.9471
vn -0.0000 -0.2772 0.9608
vn -0.0000 0.9610 0.2766
vn -0.9997 0.0225 0.0051
vn -0.9997 0.0224 0.0050
vn 0.9997 0.0225 0.0050
vn 0.9997 0.0224 0.0050
vn 0.9997 0.0224 0.0049
vn 0.6345 0.7187 -0.2843
vn -0.6346 0.7187 -0.2843
vn -0.6345 0.7187 -0.2843
vn -0.0000 0.6499 0.7600
vn -0.0000 0.9343 -0.3564
vn -0.9237 0.3386 -0.1793
vn 0.9237 0.3386 -0.1793
vn 0.0216 -0.1946 -0.9806
vn 0.0216 -0.1945 -0.9807
vn -0.0000 -0.1942 -0.9810
vn -0.0217 -0.1945 -0.9807
vn -0.0216 -0.1945 -0.9807
vn -0.1001 -0.1948 -0.9757
vn 0.1001 -0.1948 -0.9757
vn -0.4962 -0.8454 0.1976
vn -0.4961 -0.8455 0.1976
vn -0.0000 -0.9735 0.2289
vn 0.4961 -0.8455 0.1976
vn 0.9346 -0.3452 0.0858
vn 0.9346 -0.3453 0.0858
vn -0.9345 -0.3453 0.0858
vn -0.9346 -0.3453 0.0858
vn -0.0000 -0.1992 -0.9800
vn -0.0000 -0.1627 -0.9867
vn -0.0000 -0.1626 -0.9867
vn 0.7892 0.5731 0.2207
vn 0.7892 0.5732 0.2207
vn -0.0000 0.9966 0.0824
vn -0.7892 0.5731 0.2207
vn 0.0432 -0.1730 0.9840
vn 0.4654 -0.6685 -0.5801
vn -0.9821 -0.0590 -0.1789
vn 0.0383 -0.7103 -0.7029
vn 0.0383 -0.7102 -0.7029
vn -0.8904 0.0051 0.4551
vn 0.8802 -0.4718 -0.0511
vn -0.0025 -0.9954 -0.0960
vn -0.0041 -0.9940 -0.1095
vn -0.0041 -0.9940 -0.1094
vn 0.0042 0.9991 0.0433
vn 0.0043 0.9991 0.0432
vn 0.0074 0.9995 0.0308
vn 0.0073 0.9995 0.0309
vn -0.0022 0.9915 0.1300
vn -0.0022 0.9915 0.1301
vn 0.7662 -0.2864 0.5753
vn -0.0073 -0.9998 0.0179
vn -0.0073 -0.9998 0.0178
vn -0.8018 0.0405 0.5962
vn -0.0000 -0.1104 0.9939
vn -0.9945 -0.0139 0.1036
vn -0.9945 -0.0138 0.1035
vn 0.9945 -0.0137 0.1035
vn 0.9945 -0.0138 0.1035
vn 0.9945 -0.0139 0.1036
vn -0.0000 0.7856 -0.6188
vn -0.0000 -0.5554 -0.8316
vn -0.0000 -0.2428 -0.9701
vn -0.0000 0.0603 -0.9982
vn -0.0000 0.0604 -0.9982
vn -0.0000 0.4023 -0.9155
vn 0.9998 -0.0011 -0.0201
vn 1.0000 -0.0005 -0.0030
vn 1.0000 -0.0005 -0.0031
vn 0.9998 -0.0011 -0.0199
vn -0.9998 -0.0012 -0.0206
vn -0.9998 -0.0011 -0.0199
vn -0.9998 -0.0011 -0.0200
vn -0.0000 -0.9536 -0.3012
vn -0.6544 -0.7512 0.0865
vn -0.0000 -0.9838 0.1793
vn 0.6544 -0.7512 0.0865
vn 0.9824 -0.1103 0.1510
vn 0.9824 -0.1102 0.1510
vn -0.0000 -0.8019 -0.5974
vn -0.9824 -0.1103 0.1510
vn -0.0000 -0.7607 0.6491
vn -0.0000 -0.6692 -0.7431
vn -0.9930 -0.0262 0.1148
vn -0.9930 -0.0263 0.1148
vn -0.0000 -0.4822 0.8761
vn 0.9930 -0.0263 0.1148
vn -0.0000 -0.9190 -0.3943
vn -0.9300 -0.3149 0.1897
vn -0.0000 -0.9019 0.4320
vn 0.9300 -0.3149 0.1897
vn -0.0000 0.1555 0.9878
vn -0.9935 0.0066 0.1134
vn -0.9935 0.0067 0.1134
vn 0.0046 0.7811 -0.6244
vn 0.0045 0.7810 -0.6245
vn 0.9935 0.0066 0.1134
vn 0.9935 0.0067 0.1134
vn 0.9787 0.1484 0.1417
vn -0.0000 0.7881 0.6155
vn -0.9787 0.1484 0.1417
vn -0.9788 0.1482 0.1415
vn 0.0129 0.0760 -0.9970
vn -0.0000 0.4742 0.8804
vn -0.9882 0.0758 0.1327
vn -0.9882 0.0759 0.1328
vn 0.0648 0.4398 -0.8957
vn 0.9882 0.0759 0.1328
vn 0.9882 0.0758 0.1327
vn -0.0000 0.9303 0.3668
vn -0.9216 0.3590 0.1473
vn -0.0000 -0.4681 -0.8837
vn 0.0002 -0.4680 -0.8838
vn 0.9216 0.3590 0.1473
vn 0.9990 -0.0034 -0.0447
vn 0.9984 -0.0031 -0.0556
vn 0.9971 -0.0163 -0.0738
vn 0.8330 -0.5491 -0.0686
vn 0.8329 -0.5491 -0.0686
vn -0.8329 -0.5491 -0.0686
vn -0.9971 -0.0163 -0.0738
vn -0.9984 -0.0031 -0.0556
vn -0.9990 -0.0034 -0.0447
vn -0.9992 0.0004 -0.0404
vn -0.9992 0.0004 -0.0405
vn -0.9992 0.0003 -0.0405
vn -0.9992 -0.0014 -0.0407
vn -0.9992 -0.0015 -0.0407
vn -0.9989 -0.0171 -0.0444
vn -0.9980 -0.0390 -0.0497
vn -0.9952 -0.0776 -0.0596
vn -0.9952 -0.0776 -0.0597
vn 0.9952 -0.0776 -0.0597
vn 0.9952 -0.0776 -0.0596
vn 0.9984 -0.0306 -0.0483
vn 0.9988 -0.0233 -0.0432
vn 0.9988 -0.0232 -0.0432
vn 0.9992 -0.0026 -0.0407
vn 0.9992 -0.0023 -0.0407
vn 0.9992 -0.0030 -0.0407
vn 0.9992 0.0004 -0.0404
vn 0.9992 0.0003 -0.0405
vn 0.9992 0.0004 -0.0405
vn -0.0000 -0.9981 -0.0619
vn -0.0000 -0.9972 -0.0751
vn -1.0000 -0.0005 -0.0030
vn 0.9998 -0.0012 -0.0206
vn 0.2210 -0.7834 -0.5809
vn 0.2211 -0.7834 -0.5809
vn -0.2223 0.7829 0.5810
vn -0.2222 0.7829 0.5810
vn -0.2222 0.7830 0.5810
vn 0.9567 0.2907 -0.0108
vn 0.9567 0.2908 -0.0107
vn -0.9563 -0.2922 0.0139
vn -0.9562 -0.2922 0.0139
vn -0.3565 -0.8459 0.3967
vn -0.4168 -0.5822 0.6981
vn -0.4167 -0.5821 0.6982
vn -0.4167 -0.5822 0.6982
vn -0.4919 -0.2087 0.8453
vn -0.4919 -0.2086 0.8453
vn -0.4918 -0.2086 0.8453
vn -0.5662 0.1960 0.8006
vn -0.6226 0.5396 0.5667
vn -0.6225 0.5397 0.5667
vn -0.6466 0.7382 0.1926
vn -0.6464 0.7383 0.1925
vn -0.6465 0.7382 0.1926
vn -0.6306 0.7400 -0.2342
vn -0.6309 0.7396 -0.2345
vn -0.5784 0.5414 -0.6102
vn -0.5028 0.1913 -0.8430
vn -0.5028 0.1913 -0.8429
vn -0.4231 -0.2236 -0.8781
vn -0.4231 -0.2236 -0.8780
vn -0.3586 -0.6030 -0.7126
vn -0.3586 -0.6029 -0.7126
vn -0.3231 -0.8612 -0.3923
vn -0.3233 -0.8611 -0.3924
vn -0.3234 -0.8611 -0.3924
vn -0.3232 -0.8612 -0.3923
vn -0.3232 -0.9463 0.0063
vn -0.3228 -0.9464 0.0061
vn -0.3229 -0.9464 0.0062
vn -0.9846 -0.1670 -0.0517
vn -0.9846 -0.1669 -0.0518
vn -0.9784 -0.1905 -0.0802
vn -0.9784 -0.1905 -0.0803
vn -0.9696 -0.2249 -0.0964
vn -0.9697 -0.2247 -0.0959
vn -0.9697 -0.2248 -0.0961
vn -0.9599 -0.2640 -0.0944
vn -0.9599 -0.2640 -0.0943
vn -0.9511 -0.2999 -0.0733
vn -0.9511 -0.3000 -0.0733
vn -0.9511 -0.3001 -0.0734
vn -0.9459 -0.3226 -0.0355
vn -0.9460 -0.3224 -0.0356
vn -0.9458 -0.3227 -0.0355
vn -0.9460 -0.3239 0.0099
vn -0.9461 -0.3236 0.0100
vn -0.9462 -0.3235 0.0100
vn -0.9462 -0.3236 0.0100
vn -0.9522 -0.3014 0.0494
vn -0.9523 -0.3013 0.0491
vn -0.9620 -0.2637 0.0701
vn -0.9620 -0.2636 0.0705
vn -0.9620 -0.2636 0.0708
vn -0.9724 -0.2223 0.0704
vn -0.9724 -0.2224 0.0705
vn -0.9724 -0.2224 0.0706
vn -0.9808 -0.1879 0.0520
vn -0.9809 -0.1874 0.0521
vn -0.9809 -0.1872 0.0522
vn -0.9860 -0.1652 0.0212
vn -0.9861 -0.1648 0.0211
vn -0.9861 -0.1647 0.0210
vn -0.9861 -0.1649 0.0211
vn -0.9873 -0.1579 -0.0158
vn -0.9873 -0.1580 -0.0159
vn -0.9874 -0.1578 -0.0157
vn 0.4721 -0.7509 0.4618
vn 0.4718 -0.7510 0.4619
vn 0.4717 -0.7510 0.4620
vn 0.4719 -0.7510 0.4619
vn 0.3866 -0.4560 0.8016
vn 0.3864 -0.4560 0.8017
vn 0.3863 -0.4560 0.8018
vn 0.3862 -0.4560 0.8018
vn 0.2683 -0.0410 0.9625
vn 0.2684 -0.0410 0.9624
vn 0.1439 0.4013 0.9046
vn 0.1438 0.4014 0.9046
vn 0.0416 0.7690 0.6378
vn 0.0418 0.7690 0.6379
vn 0.0413 0.7691 0.6378
vn 0.0417 0.7690 0.6379
vn -0.0133 0.9749 0.2221
vn -0.0136 0.9750 0.2220
vn -0.0130 0.9749 0.2222
vn -0.0068 0.9693 -0.2458
vn 0.0598 0.7531 -0.6552
vn 0.0599 0.7531 -0.6552
vn 0.0599 0.7531 -0.6551
vn 0.1700 0.3783 -0.9099
vn 0.1699 0.3783 -0.9100
vn 0.2964 -0.0663 -0.9528
vn 0.2963 -0.0663 -0.9528
vn 0.4098 -0.4776 -0.7771
vn 0.4852 -0.7635 -0.4261
vn 0.4853 -0.7635 -0.4262
vn 0.4853 -0.7634 -0.4262
vn 0.5071 -0.8616 0.0197
vn 0.5076 -0.8614 0.0200
vn 0.5076 -0.8613 0.0201
vn 0.5073 -0.8615 0.0199
vn -0.5994 -0.7369 -0.3125
vn -0.6432 -0.5383 -0.5445
vn -0.6432 -0.5384 -0.5445
vn -0.7071 -0.2595 -0.6578
vn -0.7071 -0.2596 -0.6577
vn -0.7771 0.0392 -0.6282
vn -0.7770 0.0392 -0.6282
vn -0.7771 0.0393 -0.6282
vn -0.8382 0.2928 -0.4601
vn -0.8382 0.2928 -0.4602
vn -0.8769 0.4424 -0.1881
vn -0.8768 0.4424 -0.1881
vn -0.8837 0.4505 0.1270
vn -0.8562 0.3126 0.4113
vn -0.8563 0.3126 0.4113
vn -0.8563 0.3125 0.4113
vn -0.8003 0.0603 0.5965
vn -0.8005 0.0599 0.5964
vn -0.8003 0.0602 0.5965
vn -0.7290 -0.2467 0.6385
vn -0.7290 -0.2465 0.6386
vn -0.7290 -0.2466 0.6386
vn -0.6593 -0.5352 0.5281
vn -0.6592 -0.5352 0.5281
vn -0.6592 -0.5352 0.5282
vn -0.6077 -0.7382 0.2927
vn -0.6077 -0.7382 0.2928
vn -0.5863 -0.8100 -0.0109
vn -0.3139 0.3606 -0.8783
vn -0.3140 -0.2513 -0.9156
vn -0.3139 -0.2513 -0.9156
vn -0.4025 -0.8876 0.2239
vn -0.1995 -0.3608 0.9111
vn -0.1995 0.2476 0.9481
vn -0.3830 0.8654 0.3230
vn -0.8764 -0.3609 0.3189
vn -0.8762 0.3201 0.3604
vn -0.8762 0.3200 0.3604
vn -0.3479 -0.8216 -0.4516
vn -0.3480 -0.8216 -0.4516
vn -0.3752 -0.9269 0.0116
vn -0.3752 -0.9269 0.0117
vn -0.3625 0.9224 0.1329
vn -0.3626 0.9224 0.1329
vn -0.3478 0.8704 -0.3484
vn -0.9356 -0.3291 0.1281
vn -0.9355 -0.3292 0.1281
vn -0.9355 -0.3292 0.1280
vn -0.9354 0.3115 0.1673
vn -0.9354 0.3114 0.1672
vn -0.9354 0.3115 0.1672
vn -0.8513 0.3615 -0.3802
vn -0.8513 0.3615 -0.3803
vn -0.8513 -0.3125 -0.4215
vn -0.8513 -0.3125 -0.4214
vn -0.2149 0.7730 0.5969
vn -0.2154 -0.8397 0.4984
vn -0.2154 -0.8398 0.4984
vn -0.6254 0.3251 0.7094
vn -0.6254 0.3252 0.7094
vn -0.6252 -0.4084 0.6651
vn -0.1025 -0.1306 -0.9861
vn -0.1025 -0.1307 -0.9861
vn -0.4896 -0.8703 -0.0530
vn -0.4897 -0.8703 -0.0530
vn -0.1024 -0.2491 0.9631
vn -0.9758 -0.2183 -0.0133
vn -0.9758 -0.2184 -0.0133
vn 0.2349 -0.9702 -0.0591
vn -0.0341 -0.0156 -0.9993
vn -0.0340 -0.1368 0.9900
vn -0.0341 -0.1368 0.9900
vn 0.8633 -0.5038 -0.0307
vn -0.3080 -0.5774 -0.7561
vn -0.3080 -0.5774 -0.7562
vn 0.8842 -0.4662 -0.0284
vn -0.3080 -0.6649 0.6804
vn -0.3081 -0.6649 0.6804
vn -0.9974 0.0719 0.0044
vn -0.8855 0.4638 0.0283
vn -0.3711 0.9253 -0.0785
vn -0.3710 0.9253 -0.0786
vn 0.0643 0.9952 -0.0742
vn 0.0644 0.9952 -0.0743
vn -0.7329 0.6738 -0.0939
vn -0.7329 0.6739 -0.0939
vn 0.4869 0.8696 -0.0819
vn 0.4872 0.8695 -0.0818
vn -0.9496 0.2906 -0.1173
vn -0.9497 0.2905 -0.1173
vn 0.8132 0.5734 -0.0997
vn 0.8133 0.5732 -0.0998
vn -0.9784 -0.1486 -0.1440
vn -0.9783 -0.1487 -0.1440
vn 0.9784 0.1652 -0.1246
vn 0.9784 0.1651 -0.1246
vn -0.8134 -0.5567 -0.1689
vn -0.8133 -0.5569 -0.1688
vn 0.9497 -0.2742 -0.1513
vn -0.4872 -0.8530 -0.1868
vn -0.4871 -0.8531 -0.1868
vn 0.7329 -0.6575 -0.1747
vn -0.0647 -0.9788 -0.1944
vn -0.0645 -0.9788 -0.1945
vn 0.3708 -0.9091 -0.1901
vn 0.3710 -0.9090 -0.1900
vn -0.0959 0.2959 -0.9504
vn -0.0960 0.2960 -0.9504
vn -0.0957 0.2957 -0.9505
vn 0.0165 0.3169 -0.9483
vn 0.0167 0.3166 -0.9484
vn 0.0168 0.3163 -0.9485
vn 0.0168 0.3164 -0.9485
vn -0.1885 0.2299 -0.9548
vn -0.1882 0.2298 -0.9549
vn 0.1288 0.2863 -0.9495
vn 0.1285 0.2861 -0.9495
vn 0.1287 0.2862 -0.9495
vn 0.1291 0.2865 -0.9494
vn -0.2436 0.1313 -0.9609
vn -0.2438 0.1313 -0.9609
vn 0.2172 0.2097 -0.9533
vn 0.2171 0.2095 -0.9534
vn -0.2520 0.0184 -0.9675
vn -0.2523 0.0185 -0.9675
vn -0.2521 0.0184 -0.9675
vn 0.2635 0.1009 -0.9594
vn 0.2634 0.1010 -0.9594
vn -0.2112 -0.0878 -0.9735
vn -0.2113 -0.0881 -0.9734
vn -0.2112 -0.0879 -0.9735
vn 0.2569 -0.0178 -0.9663
vn 0.2568 -0.0178 -0.9663
vn -0.1279 -0.1672 -0.9776
vn -0.1279 -0.1673 -0.9776
vn -0.1279 -0.1676 -0.9775
vn -0.1279 -0.1675 -0.9775
vn 0.1977 -0.1211 -0.9727
vn 0.1981 -0.1212 -0.9727
vn -0.0174 -0.2038 -0.9788
vn -0.0172 -0.2037 -0.9789
vn -0.0172 -0.2035 -0.9789
vn 0.0994 -0.1874 -0.9772
vn 0.0996 -0.1876 -0.9772
vn 0.0998 -0.1878 -0.9771
vn 0.3740 -0.9218 -0.1017
vn 0.3742 -0.9218 -0.1016
vn 0.3739 -0.9219 -0.1018
vn -0.0650 -0.9922 -0.1062
vn -0.0647 -0.9922 -0.1061
vn 0.7389 -0.6683 -0.0862
vn 0.7389 -0.6682 -0.0861
vn -0.4908 -0.8657 -0.0986
vn -0.4911 -0.8655 -0.0987
vn 0.9574 -0.2819 -0.0626
vn 0.9574 -0.2820 -0.0626
vn -0.8199 -0.5669 -0.0807
vn -0.8196 -0.5672 -0.0805
vn -0.8197 -0.5671 -0.0806
vn 0.9863 0.1608 -0.0357
vn 0.9863 0.1610 -0.0356
vn -0.9863 -0.1556 -0.0557
vn -0.9863 -0.1554 -0.0557
vn 0.8199 0.5724 -0.0107
vn 0.8201 0.5722 -0.0108
vn -0.9573 0.2875 -0.0288
vn -0.9574 0.2875 -0.0288
vn 0.4911 0.8711 0.0074
vn 0.4911 0.8711 0.0073
vn 0.4913 0.8709 0.0072
vn -0.7388 0.6739 -0.0052
vn 0.0653 0.9978 0.0147
vn 0.0650 0.9978 0.0149
vn -0.3740 0.9274 0.0104
vn -0.3738 0.9275 0.0103
vn 0.3139 0.3606 -0.8783
vn 0.3140 -0.2513 -0.9156
vn 0.3139 -0.2513 -0.9156
vn 0.4025 -0.8876 0.2239
vn 0.1995 -0.3608 0.9111
vn 0.1995 0.2476 0.9481
vn 0.3830 0.8654 0.3230
vn 0.8764 -0.3609 0.3189
vn 0.8762 0.3201 0.3604
vn 0.8762 0.3200 0.3604
vn 0.3480 -0.8216 -0.4516
vn 0.3751 -0.9269 0.0116
vn 0.3752 -0.9269 0.0116
vn 0.3624 0.9225 0.1330
vn 0.3626 0.9224 0.1329
vn 0.3478 0.8704 -0.3484
vn 0.9355 -0.3292 0.1280
vn 0.9356 -0.3291 0.1281
vn 0.9356 -0.3288 0.1284
vn 0.9355 -0.3292 0.1281
vn 0.9354 0.3115 0.1673
vn 0.9355 0.3114 0.1672
vn 0.9354 0.3114 0.1672
vn 0.8513 0.3615 -0.3802
vn 0.8513 0.3615 -0.3803
vn 0.8513 -0.3125 -0.4215
vn 0.8513 -0.3125 -0.4214
vn 0.2149 0.7730 0.5969
vn 0.2154 -0.8398 0.4984
vn 0.2154 -0.8397 0.4984
vn 0.6254 0.3251 0.7094
vn 0.6252 -0.4084 0.6651
vn -0.7756 -0.6296 -0.0460
vn -0.2565 -0.9643 -0.0664
vn 0.3606 -0.9305 -0.0643
vn 0.8400 -0.5411 -0.0406
vn 0.9985 0.0551 -0.0042
vn 0.9985 0.0551 -0.0043
vn 0.7756 0.6305 0.0308
vn 0.2565 0.9652 0.0512
vn -0.3606 0.9314 0.0491
vn -0.8400 0.5421 0.0254
vn -0.9985 -0.0542 -0.0109
vn -0.2894 -0.2899 0.9123
vn -0.2894 -0.2899 0.9122
vn -0.0967 -0.4151 0.9046
vn 0.1330 -0.4033 0.9053
vn 0.1330 -0.4034 0.9053
vn 0.3118 -0.2590 0.9141
vn 0.3716 -0.0374 0.9276
vn 0.3716 -0.0374 0.9277
vn 0.2894 0.1770 0.9407
vn 0.0967 0.3021 0.9484
vn 0.0966 0.3021 0.9484
vn -0.1329 0.2903 0.9477
vn -0.1329 0.2904 0.9476
vn -0.3118 0.1461 0.9389
vn -0.3118 0.1461 0.9388
vn -0.3716 -0.0755 0.9253
vn -0.8133 -0.5811 -0.0304
vn -0.8133 -0.5810 -0.0304
vn -0.3160 -0.9473 -0.0527
vn -0.3159 -0.9473 -0.0527
vn 0.3020 -0.9518 -0.0530
vn 0.3021 -0.9518 -0.0530
vn 0.8047 -0.5928 -0.0311
vn 0.8047 -0.5929 -0.0311
vn 1.0000 -0.0076 0.0045
vn 0.8133 0.5805 0.0404
vn 0.3159 0.9467 0.0627
vn -0.3020 0.9512 0.0629
vn -0.8047 0.5923 0.0411
vn -1.0000 0.0070 0.0054
vn -0.8399 -0.5408 -0.0458
vn -0.8398 -0.5409 -0.0457
vn -0.8398 -0.5410 -0.0456
vn -0.3607 -0.9301 -0.0695
vn -0.3605 -0.9302 -0.0694
vn -0.3604 -0.9302 -0.0693
vn 0.2565 -0.9639 -0.0715
vn 0.2566 -0.9639 -0.0714
vn 0.2568 -0.9638 -0.0713
vn 0.7756 -0.6292 -0.0512
vn 0.7756 -0.6291 -0.0511
vn 0.7757 -0.6290 -0.0509
vn 0.9984 -0.0538 -0.0159
vn 0.9984 -0.0537 -0.0160
vn 0.9984 -0.0539 -0.0159
vn 0.8397 0.5427 0.0205
vn 0.8398 0.5425 0.0203
vn 0.8397 0.5426 0.0205
vn 0.3607 0.9317 0.0439
vn 0.3605 0.9317 0.0440
vn 0.3604 0.9318 0.0442
vn -0.2565 0.9654 0.0460
vn -0.2566 0.9654 0.0461
vn -0.2568 0.9654 0.0463
vn -0.2567 0.9654 0.0461
vn -0.7756 0.6308 0.0256
vn -0.7756 0.6307 0.0257
vn -0.7757 0.6305 0.0258
vn -0.9984 0.0554 -0.0093
vn -0.9984 0.0553 -0.0094
vn -0.1537 -0.0391 -0.9873
vn -0.1537 -0.0390 -0.9873
vn -0.0662 -0.1104 -0.9917
vn 0.0467 -0.1167 -0.9921
vn 0.0467 -0.1168 -0.9921
vn 0.1417 -0.0556 -0.9883
vn 0.1826 0.0495 -0.9819
vn 0.1538 0.1587 -0.9753
vn 0.1538 0.1586 -0.9753
vn 0.0662 0.2300 -0.9709
vn 0.0662 0.2299 -0.9710
vn -0.0467 0.2363 -0.9706
vn -0.0466 0.2362 -0.9706
vn -0.1417 0.1752 -0.9743
vn -0.1416 0.1752 -0.9743
vn -0.1826 0.0700 -0.9807
vn -0.1825 0.0700 -0.9807
vn -0.5225 -0.8511 -0.0519
vn 0.2334 -0.9706 -0.0591
vn 0.8526 -0.5215 -0.0318
vn 0.9724 0.2330 0.0142
vn 0.5225 0.8511 0.0519
vn -0.2335 0.9706 0.0591
vn -0.8526 0.5215 0.0318
vn -0.9724 -0.2330 -0.0142
vn 0.1104 0.2487 0.9623
vn -0.0000 -0.1316 0.9913
vn 0.1518 -0.0152 0.9883
vn -0.1518 -0.0152 0.9883
vn -0.1104 0.2487 0.9623
vn 0.5765 -0.5198 -0.6304
vn 0.5764 -0.5198 -0.6305
vn -0.5721 -0.5195 -0.6347
vn -0.5720 -0.5195 -0.6347
vn -0.0001 -0.8477 -0.5305
vn -0.0000 -0.8474 -0.5309
vn 0.0001 -0.8472 -0.5312
vn -0.0000 -0.8475 -0.5308
vn 0.2571 -0.8138 -0.5211
vn 0.2571 -0.8138 -0.5212
vn -0.2578 -0.8096 -0.5274
vn -0.7663 0.0542 -0.6402
vn 0.7686 0.0566 -0.6372
vn 0.7686 0.0566 -0.6373
vn 0.0001 0.8631 -0.5050
vn -0.0001 0.8629 -0.5054
vn -0.0002 0.8627 -0.5057
vn -0.3410 0.7512 -0.5651
vn 0.3446 0.7531 -0.5605
vn 0.3446 0.7530 -0.5605
vn -0.0000 -0.9909 0.1348
vn -0.0001 -0.9908 0.1351
vn -0.8706 -0.4732 0.1344
vn 0.8707 -0.4731 0.1347
vn 0.3831 -0.9150 0.1267
vn 0.3830 -0.9151 0.1265
vn 0.3828 -0.9152 0.1263
vn 0.3829 -0.9151 0.1265
vn -0.3832 -0.9150 0.1259
vn -0.3830 -0.9151 0.1261
vn -0.3829 -0.9151 0.1263
vn -0.0670 -0.2760 -0.9588
vn 0.0682 -0.2758 -0.9588
vn -0.0001 -0.0054 -1.0000
vn -0.0000 -0.0057 -1.0000
vn 0.0001 -0.0060 -1.0000
vn 0.0001 -0.0059 -1.0000
vn -0.1301 -0.1073 -0.9857
vn 0.1311 -0.1058 -0.9857
vn 0.1311 -0.1057 -0.9857
vn 0.9455 0.3166 0.0758
vn 0.3142 0.9313 0.1845
vn -0.0000 0.9701 0.2427
vn 0.0001 0.9701 0.2425
vn -0.3138 0.9315 0.1839
vn -0.3137 0.9315 0.1839
vn -0.3138 0.9315 0.1840
vn -0.9456 0.3165 0.0754
vn -0.9455 0.3168 0.0754
vn 0.9814 -0.1561 0.1122
vn -0.9814 -0.1562 0.1121
vn -0.0126 0.0977 0.9951
vn 0.0126 0.0977 0.9951
vn 0.0094 -0.2780 -0.9605
vn 0.0093 -0.2779 -0.9606
vn -0.0092 -0.2777 -0.9606
vn -0.0091 -0.2778 -0.9606
vn -0.9963 0.0299 0.0802
vn 0.9963 0.0301 0.0803
vn 0.9963 0.0301 0.0802
vn 0.7835 -0.2816 -0.5540
vn 0.7835 -0.2815 -0.5540
vn -0.7832 -0.2816 -0.5543
vn -0.7833 -0.2816 -0.5543
vn -0.7195 -0.1650 -0.6746
vn 0.7197 -0.1650 -0.6744
vn 0.7197 -0.1651 -0.6744
vn 0.7204 -0.3860 -0.5762
vn 0.7204 -0.3861 -0.5761
vn 0.7204 -0.3860 -0.5761
vn 0.2625 0.7693 -0.5824
vn 0.2628 0.7694 -0.5822
vn 0.2627 0.7694 -0.5823
vn 0.5075 0.6490 -0.5668
vn 0.5074 0.6490 -0.5669
vn 0.5074 0.6490 -0.5668
vn 0.7053 0.4475 -0.5499
vn 0.7055 0.4473 -0.5497
vn 0.8211 0.1801 -0.5416
vn 0.8210 0.1802 -0.5417
vn 0.8263 -0.1160 -0.5512
vn 0.8262 -0.1161 -0.5513
vn 0.8262 -0.1161 -0.5512
vn 0.5051 -0.3274 0.7986
vn 0.4968 -0.1302 0.8580
vn 0.1630 0.3930 0.9050
vn 0.1629 0.3932 0.9049
vn 0.1629 0.3934 0.9048
vn 0.3057 0.3104 0.9001
vn 0.3057 0.3105 0.9001
vn 0.4128 0.1847 0.8919
vn 0.4129 0.1848 0.8918
vn 0.4130 0.1851 0.8917
vn 0.4742 0.0304 0.8799
vn 0.4741 0.0303 0.8800
vn 0.4740 0.0302 0.8800
vn 0.4741 0.0302 0.8800
vn 0.8665 -0.4958 -0.0587
vn 0.8666 -0.4955 -0.0588
vn 0.8667 -0.4953 -0.0590
vn 0.8666 -0.4955 -0.0589
vn 0.3421 0.9390 0.0343
vn 0.3425 0.9389 0.0345
vn 0.3423 0.9390 0.0344
vn 0.6433 0.7653 0.0216
vn 0.6431 0.7655 0.0217
vn 0.6429 0.7657 0.0219
vn 0.6431 0.7655 0.0218
vn 0.8661 0.4999 0.0030
vn 0.8660 0.5001 0.0032
vn 0.8659 0.5003 0.0033
vn 0.8660 0.5000 0.0031
vn 0.9844 0.1750 -0.0183
vn 0.9845 0.1746 -0.0186
vn 0.9843 -0.1722 -0.0399
vn 0.9841 -0.1728 -0.0403
vn 0.9842 -0.1725 -0.0401
vn 0.9843 -0.1721 -0.0399
vn 0.5683 -0.8227 0.0131
vn 0.2889 -0.8863 0.3620
vn 0.3446 0.9374 0.0494
vn 0.3445 0.9375 0.0494
vn 0.3448 0.9374 0.0495
vn 0.6452 0.7629 0.0410
vn 0.6453 0.7628 0.0410
vn 0.6455 0.7626 0.0412
vn 0.8674 0.4967 0.0298
vn 0.8675 0.4966 0.0298
vn 0.9849 0.1723 0.0163
vn 0.9850 0.1720 0.0164
vn 0.9850 0.1720 0.0165
vn 0.9881 -0.1531 0.0156
vn 0.9059 -0.4213 0.0443
vn 0.9058 -0.4213 0.0442
vn 0.9059 -0.4212 0.0443
vn 0.2670 0.0087 -0.9637
vn 0.2671 0.0088 -0.9636
vn 0.2670 0.0088 -0.9637
vn 0.2324 -0.0797 -0.9693
vn 0.2324 -0.0797 -0.9694
vn 0.2327 -0.0797 -0.9693
vn 0.2326 -0.0797 -0.9693
vn 0.0911 0.3180 -0.9437
vn 0.0911 0.3179 -0.9437
vn 0.0912 0.3177 -0.9438
vn 0.0911 0.3178 -0.9438
vn 0.1728 0.2720 -0.9467
vn 0.1728 0.2717 -0.9467
vn 0.1728 0.2714 -0.9468
vn 0.1728 0.2716 -0.9468
vn 0.2351 0.1991 -0.9514
vn 0.2350 0.1988 -0.9514
vn 0.2349 0.1986 -0.9515
vn 0.2350 0.1988 -0.9515
vn 0.2683 0.1073 -0.9573
vn 0.2684 0.1074 -0.9573
vn 0.2685 0.1075 -0.9573
vn -0.8421 0.5160 -0.1570
vn -0.8421 0.5159 -0.1572
vn -0.8420 0.5161 -0.1570
vn -0.8421 0.5160 -0.1571
vn -0.3235 -0.9171 -0.2332
vn -0.3234 -0.9171 -0.2332
vn -0.3235 -0.9171 -0.2331
vn -0.6160 -0.7555 -0.2233
vn -0.6159 -0.7555 -0.2233
vn -0.6158 -0.7555 -0.2234
vn -0.8425 -0.4968 -0.2082
vn -0.8424 -0.4969 -0.2083
vn -0.8423 -0.4970 -0.2084
vn -0.8425 -0.4969 -0.2083
vn -0.9674 -0.1671 -0.1902
vn -0.9674 -0.1672 -0.1903
vn -0.9672 -0.1676 -0.1907
vn -0.9673 -0.1673 -0.1904
vn -0.9661 0.1922 -0.1722
vn -0.9661 0.1921 -0.1722
vn -0.9661 0.1923 -0.1721
vn -0.9661 0.1924 -0.1720
vn 0.3396 0.9300 0.1408
vn 0.3399 0.9299 0.1409
vn 0.3400 0.9298 0.1409
vn 0.3401 0.9298 0.1410
vn 0.6394 0.7581 0.1282
vn 0.6395 0.7580 0.1282
vn 0.6395 0.7580 0.1283
vn 0.8627 0.4937 0.1096
vn 0.8627 0.4938 0.1096
vn 0.9818 0.1687 0.0877
vn 0.9817 0.1690 0.0877
vn 0.9818 0.1685 0.0878
vn 0.9817 0.1688 0.0877
vn 0.9817 -0.1788 0.0658
vn 0.9817 -0.1787 0.0658
vn 0.8640 -0.5013 0.0465
vn 0.9051 -0.4219 0.0520
vn 0.9052 -0.4219 0.0520
vn 0.9837 0.1518 0.0961
vn 0.9837 0.1517 0.0962
vn 0.9837 0.1515 0.0963
vn 0.5725 0.8092 0.1320
vn 0.9317 -0.3465 0.1091
vn 0.9317 -0.3464 0.1091
vn 0.9852 0.0925 0.1443
vn 0.6939 -0.7157 0.0792
vn 0.6940 -0.7157 0.0792
vn 0.3115 -0.9463 0.0870
vn 0.5694 0.7893 0.2298
vn 0.2078 -0.9348 0.2879
vn 0.2078 -0.9349 0.2878
vn 0.3453 -0.9041 0.2519
vn 0.5496 -0.8352 -0.0206
vn 0.5496 -0.8351 -0.0206
vn 0.3404 -0.8052 -0.4856
vn 0.3403 -0.8052 -0.4855
vn 0.5990 -0.7928 -0.1126
vn 0.5991 -0.7927 -0.1126
vn 0.4257 -0.8871 0.1785
vn 0.5151 -0.7260 0.4556
vn 0.2533 -0.9672 0.0191
vn 0.2531 -0.9672 0.0191
vn 0.2529 -0.9673 0.0192
vn 0.2532 -0.9672 0.0191
vn 0.2845 -0.9585 -0.0161
vn 0.2844 -0.9586 -0.0159
vn 0.2844 -0.9586 -0.0158
vn 0.1361 -0.4600 -0.8774
vn -0.1078 -0.2796 0.9540
vn -0.6437 -0.4701 0.6039
vn -0.6436 -0.4701 0.6039
vn -0.6728 -0.6291 0.3892
vn -0.6729 -0.6291 0.3892
vn 0.6277 -0.7751 0.0729
vn 0.6276 -0.7751 0.0729
vn 0.9587 -0.2844 0.0044
vn 0.9586 -0.2846 0.0043
vn 0.2916 -0.9548 0.0579
vn -0.3861 -0.5931 -0.7065
vn -0.3861 -0.5931 -0.7066
vn -0.3861 -0.5930 -0.7066
vn 0.4191 -0.8952 -0.1514
vn 0.2496 -0.9618 -0.1119
vn 0.2496 -0.9619 -0.1119
vn 0.3346 -0.9319 -0.1397
vn 0.0347 -0.4681 -0.8830
vn 0.0346 -0.4683 -0.8829
vn 0.0347 -0.4680 -0.8830
vn 0.0349 -0.4677 -0.8832
vn -0.7169 -0.6794 -0.1563
vn -0.7170 -0.6793 -0.1563
vn -0.7173 -0.6790 -0.1566
vn 0.7269 -0.6859 -0.0358
vn 0.7268 -0.6859 -0.0359
vn 0.4008 -0.7010 -0.5899
vn 0.2010 -0.3606 -0.9108
vn 0.7740 -0.3676 -0.5156
vn 0.1635 -0.9846 -0.0623
vn 0.0077 -0.9550 -0.2964
vn 0.0077 -0.9550 -0.2965
vn -0.0724 -0.9198 0.3858
vn 0.0321 -0.9879 0.1519
vn 0.0321 -0.9879 0.1518
vn 0.3294 -0.9437 0.0303
vn 0.9845 0.1591 0.0745
vn 0.9845 0.1590 0.0745
vn 0.9845 0.1589 0.0743
vn 0.9845 0.1590 0.0744
vn 0.5687 0.8134 0.1222
vn 0.1603 -0.9867 -0.0285
vn 0.1603 -0.9866 -0.0285
vn 0.1604 -0.9866 -0.0285
vn 0.9003 -0.4309 0.0614
vn -0.8504 -0.5161 0.1022
vn -0.8504 -0.5162 0.1023
vn -0.8335 -0.5422 -0.1062
vn -0.8335 -0.5423 -0.1062
vn -0.6473 -0.4394 -0.6228
vn -0.6473 -0.4393 -0.6229
vn -0.6473 -0.4394 -0.6229
vn -0.2052 -0.4345 -0.8770
vn -0.2052 -0.4344 -0.8770
vn -0.2157 -0.5994 0.7708
vn -0.4465 -0.5681 0.6912
vn -0.4465 -0.5682 0.6912
vn 0.8921 -0.4510 0.0264
vn 0.8921 -0.4510 0.0265
vn 0.3344 -0.9303 0.1506
vn 0.4024 -0.9143 -0.0461
vn 0.3318 -0.9104 -0.2472
vn 0.1899 -0.9304 -0.3135
vn 0.1472 -0.9557 0.2548
vn 0.1888 -0.9641 0.1866
vn -0.6112 -0.4676 -0.6385
vn -0.3386 -0.4177 -0.8432
vn -0.3386 -0.4177 -0.8431
vn -0.3148 -0.5058 0.8031
vn -0.3148 -0.5059 0.8031
vn -0.8193 -0.5208 0.2398
vn -0.8193 -0.5208 0.2399
vn -0.8484 -0.5162 -0.1177
vn -0.8483 -0.5162 -0.1176
vn -0.8484 -0.5162 -0.1176
vn -0.6239 -0.5175 0.5856
vn 0.9772 0.0319 0.2101
vn 0.5145 0.7874 0.3395
vn 0.2355 -0.9714 0.0294
vn 0.7082 -0.6993 0.0970
vn 0.9675 -0.1764 0.1814
vn 0.8811 -0.4728 0.0100
vn 0.8811 -0.4729 0.0100
vn 0.8951 -0.4457 0.0146
vn 0.8951 -0.4457 0.0147
vn 0.8952 -0.4456 -0.0047
vn 0.8953 -0.4455 -0.0047
vn 0.8953 -0.4453 -0.0049
vn 0.4595 -0.8879 -0.0226
vn 0.9749 0.0430 0.2182
vn 0.9749 0.0431 0.2182
vn 0.9749 0.0431 0.2183
vn 0.5602 0.7642 0.3196
vn 0.2919 -0.9564 0.0060
vn 0.2920 -0.9564 0.0060
vn 0.8564 -0.4989 0.1332
vn 0.9752 -0.0913 0.2017
vn 0.9752 -0.0914 0.2017
vn 0.4512 -0.1595 0.8781
vn 0.4512 -0.1595 0.8780
vn 0.4016 -0.0548 0.9142
vn 0.3984 0.0129 0.9171
vn 0.4935 0.2651 0.8284
vn 0.9802 0.1607 0.1158
vn 0.9802 0.1606 0.1158
vn 0.4902 0.8658 0.1009
vn 0.5235 -0.5974 -0.6075
vn 0.5236 -0.5972 -0.6077
vn 0.5235 -0.5972 -0.6077
vn 0.4382 -0.5662 0.6981
vn 0.4381 -0.5662 0.6982
vn 0.4381 -0.5662 0.6981
vn 0.6433 -0.7621 -0.0732
vn 0.6431 -0.7623 -0.0734
vn 0.6432 -0.7622 -0.0734
vn 0.1694 -0.1509 -0.9739
vn 0.1696 -0.1509 -0.9739
vn 0.1695 -0.1509 -0.9739
vn -0.6138 0.7758 -0.1462
vn -0.6139 0.7757 -0.1463
vn 0.6406 -0.7672 0.0313
vn 0.6408 -0.7671 0.0312
vn 0.0122 -0.7671 -0.6414
vn 0.0120 -0.7670 -0.6415
vn 0.0121 -0.7671 -0.6415
vn 0.0120 -0.7671 -0.6415
vn -0.7204 -0.3862 -0.5760
vn -0.7204 -0.3860 -0.5761
vn -0.7204 -0.3860 -0.5762
vn -0.7204 -0.3861 -0.5761
vn -0.5235 -0.5974 -0.6075
vn -0.5236 -0.5972 -0.6077
vn -0.5235 -0.5972 -0.6077
vn -0.2724 -0.7253 -0.6322
vn -0.2725 -0.7252 -0.6323
vn -0.2725 -0.7252 -0.6324
vn -0.2625 0.7693 -0.5824
vn -0.2628 0.7694 -0.5822
vn -0.2627 0.7694 -0.5823
vn -0.5074 0.6490 -0.5669
vn -0.5071 0.6491 -0.5670
vn -0.7053 0.4475 -0.5499
vn -0.7055 0.4473 -0.5497
vn -0.8211 0.1801 -0.5416
vn -0.8210 0.1802 -0.5417
vn -0.8261 -0.1163 -0.5515
vn -0.8262 -0.1161 -0.5512
vn -0.8262 -0.1161 -0.5513
vn -0.5051 -0.3274 0.7986
vn -0.4968 -0.1302 0.8580
vn -0.4382 -0.5662 0.6981
vn -0.4381 -0.5662 0.6981
vn -0.4381 -0.5662 0.6982
vn -0.2550 -0.7429 0.6189
vn -0.0000 0.4222 0.9065
vn -0.1630 0.3930 0.9050
vn -0.1629 0.3933 0.9049
vn -0.1630 0.3931 0.9049
vn -0.1629 0.3932 0.9049
vn -0.3057 0.3104 0.9001
vn -0.3057 0.3105 0.9001
vn -0.3057 0.3108 0.9000
vn -0.4128 0.1847 0.8919
vn -0.4129 0.1848 0.8918
vn -0.4130 0.1851 0.8917
vn -0.4129 0.1848 0.8919
vn -0.4739 0.0300 0.8801
vn -0.4740 0.0302 0.8800
vn -0.4741 0.0302 0.8800
vn -0.8665 -0.4958 -0.0587
vn -0.8667 -0.4953 -0.0589
vn -0.8666 -0.4955 -0.0588
vn -0.6430 -0.7623 -0.0735
vn -0.6431 -0.7623 -0.0734
vn -0.6432 -0.7622 -0.0734
vn -0.3411 -0.9364 -0.0823
vn -0.3412 -0.9364 -0.0823
vn -0.3407 -0.9365 -0.0826
vn -0.3406 -0.9366 -0.0826
vn -0.3421 0.9390 0.0343
vn -0.3423 0.9389 0.0344
vn -0.3425 0.9389 0.0345
vn -0.3422 0.9390 0.0344
vn -0.6433 0.7653 0.0216
vn -0.6431 0.7655 0.0217
vn -0.6429 0.7657 0.0219
vn -0.6430 0.7655 0.0218
vn -0.8661 0.4999 0.0030
vn -0.8660 0.5000 0.0031
vn -0.8661 0.4999 0.0031
vn -0.8660 0.5001 0.0032
vn -0.9844 0.1749 -0.0184
vn -0.9845 0.1746 -0.0186
vn -0.9844 0.1748 -0.0185
vn -0.9844 0.1750 -0.0183
vn -0.9843 -0.1722 -0.0399
vn -0.9842 -0.1723 -0.0400
vn -0.9842 -0.1725 -0.0401
vn -0.0000 -0.2098 -0.9777
vn -0.5683 -0.8227 0.0131
vn -0.2889 -0.8863 0.3620
vn -0.3445 0.9375 0.0493
vn -0.3444 0.9375 0.0493
vn -0.3448 0.9374 0.0495
vn -0.6455 0.7626 0.0412
vn -0.6452 0.7629 0.0410
vn -0.8675 0.4966 0.0298
vn -0.8674 0.4967 0.0298
vn -0.9850 0.1720 0.0165
vn -0.9849 0.1723 0.0163
vn -0.9881 -0.1531 0.0156
vn -0.0000 0.9967 0.0814
vn -0.9059 -0.4213 0.0443
vn -0.9058 -0.4213 0.0442
vn -0.2670 0.0088 -0.9637
vn -0.2672 0.0088 -0.9636
vn -0.2324 -0.0797 -0.9693
vn -0.2327 -0.0797 -0.9693
vn -0.2323 -0.0797 -0.9694
vn -0.2325 -0.0797 -0.9693
vn -0.1697 -0.1510 -0.9739
vn -0.1695 -0.1509 -0.9739
vn -0.1696 -0.1509 -0.9739
vn -0.0891 -0.1949 -0.9768
vn -0.0890 -0.1949 -0.9768
vn -0.0889 -0.1952 -0.9767
vn -0.0890 -0.1951 -0.9767
vn -0.0911 0.3180 -0.9437
vn -0.0911 0.3178 -0.9438
vn -0.0912 0.3177 -0.9438
vn -0.0911 0.3181 -0.9437
vn -0.1728 0.2720 -0.9467
vn -0.1728 0.2716 -0.9468
vn -0.1728 0.2714 -0.9468
vn -0.1728 0.2717 -0.9467
vn -0.2351 0.1991 -0.9514
vn -0.2350 0.1988 -0.9515
vn -0.2349 0.1986 -0.9515
vn -0.2350 0.1988 -0.9514
vn -0.2682 0.1072 -0.9574
vn -0.2684 0.1074 -0.9573
vn -0.2683 0.1073 -0.9573
vn -0.2685 0.1075 -0.9572
vn 0.8420 0.5161 -0.1569
vn 0.8421 0.5160 -0.1571
vn 0.8420 0.5161 -0.1570
vn 0.6140 0.7756 -0.1464
vn 0.6139 0.7757 -0.1463
vn 0.6138 0.7759 -0.1461
vn 0.3293 0.9347 -0.1336
vn -0.0000 0.9913 -0.1313
vn 0.3235 -0.9171 -0.2332
vn 0.3234 -0.9171 -0.2332
vn 0.3235 -0.9171 -0.2331
vn 0.3233 -0.9171 -0.2332
vn 0.6160 -0.7555 -0.2233
vn 0.6158 -0.7555 -0.2234
vn 0.6157 -0.7556 -0.2235
vn 0.6159 -0.7555 -0.2233
vn 0.8425 -0.4968 -0.2082
vn 0.8425 -0.4969 -0.2082
vn 0.8423 -0.4970 -0.2084
vn 0.9673 -0.1673 -0.1904
vn 0.9672 -0.1676 -0.1907
vn 0.9674 -0.1672 -0.1903
vn 0.9674 -0.1671 -0.1902
vn 0.9661 0.1922 -0.1722
vn 0.9661 0.1924 -0.1720
vn 0.9661 0.1923 -0.1721
vn 0.9661 0.1921 -0.1722
vn -0.0000 -0.9963 -0.0856
vn -0.6408 -0.7671 0.0312
vn -0.6406 -0.7672 0.0313
vn -0.3392 -0.9405 0.0218
vn -0.3395 -0.9404 0.0216
vn -0.3392 -0.9405 0.0217
vn -0.0000 -0.9998 0.0184
vn -0.3396 0.9300 0.1408
vn -0.3401 0.9298 0.1410
vn -0.3403 0.9297 0.1411
vn -0.3399 0.9299 0.1409
vn -0.6395 0.7581 0.1282
vn -0.6395 0.7580 0.1282
vn -0.6396 0.7579 0.1283
vn -0.8626 0.4938 0.1095
vn -0.8627 0.4937 0.1096
vn -0.9818 0.1687 0.0877
vn -0.9817 0.1688 0.0877
vn -0.9818 0.1685 0.0878
vn -0.9817 0.1690 0.0877
vn -0.9817 -0.1787 0.0658
vn -0.9817 -0.1788 0.0658
vn -0.8640 -0.5013 0.0465
vn -0.9051 -0.4219 0.0520
vn -0.9052 -0.4219 0.0520
vn -0.9837 0.1518 0.0961
vn -0.9837 0.1517 0.0962
vn -0.9837 0.1515 0.0963
vn -0.5725 0.8092 0.1320
vn -0.5724 0.8092 0.1320
vn -0.9317 -0.3465 0.1091
vn -0.9317 -0.3464 0.1091
vn -0.9852 0.0925 0.1443
vn -0.6939 -0.7157 0.0792
vn -0.6940 -0.7157 0.0792
vn -0.3115 -0.9463 0.0870
vn -0.5695 0.7892 0.2298
vn -0.5694 0.7893 0.2298
vn -0.0000 0.9986 0.0534
vn -0.2078 -0.9348 0.2879
vn -0.2078 -0.9349 0.2878
vn -0.3453 -0.9041 0.2519
vn -0.0000 -0.9994 -0.0355
vn -0.5496 -0.8352 -0.0206
vn -0.5496 -0.8351 -0.0206
vn -0.3404 -0.8052 -0.4856
vn -0.3403 -0.8052 -0.4855
vn -0.5990 -0.7928 -0.1126
vn -0.5991 -0.7927 -0.1126
vn -0.4257 -0.8871 0.1785
vn -0.5151 -0.7260 0.4556
vn -0.2533 -0.9672 0.0191
vn -0.2532 -0.9672 0.0191
vn -0.2845 -0.9585 -0.0161
vn -0.2844 -0.9586 -0.0159
vn -0.0000 -0.9966 0.0825
vn -0.1361 -0.4600 -0.8774
vn -0.0000 -0.3995 0.9167
vn 0.1078 -0.2796 0.9540
vn 0.6437 -0.4701 0.6039
vn 0.6436 -0.4701 0.6039
vn 0.6728 -0.6291 0.3892
vn 0.6729 -0.6291 0.3892
vn -0.6277 -0.7751 0.0729
vn -0.6276 -0.7751 0.0729
vn -0.9586 -0.2846 0.0043
vn -0.9587 -0.2844 0.0044
vn -0.0000 -0.8096 0.5870
vn -0.0000 0.3335 -0.9427
vn -0.0000 0.3336 -0.9427
vn -0.0000 -0.9073 0.4206
vn -0.0000 -0.8587 0.5125
vn -0.0000 -0.9716 -0.2367
vn -0.0000 0.9992 0.0389
vn -0.0000 0.9894 0.1454
vn -0.0000 0.8087 -0.5882
vn -0.0000 0.9870 0.1609
vn -0.0000 0.9607 0.2775
vn -0.0000 -0.9638 0.2665
vn -0.0000 -0.4350 -0.9004
vn -0.0000 -0.7705 -0.6375
vn -0.2916 -0.9548 0.0579
vn -0.2917 -0.9548 0.0579
vn 0.3861 -0.5931 -0.7065
vn 0.3861 -0.5931 -0.7066
vn 0.3861 -0.5930 -0.7066
vn -0.4191 -0.8952 -0.1514
vn -0.2496 -0.9618 -0.1119
vn -0.2496 -0.9619 -0.1119
vn -0.3346 -0.9319 -0.1397
vn -0.0349 -0.4677 -0.8832
vn -0.0347 -0.4681 -0.8830
vn -0.0346 -0.4683 -0.8829
vn 0.7171 -0.6792 -0.1564
vn 0.7173 -0.6790 -0.1566
vn 0.7170 -0.6794 -0.1563
vn 0.7169 -0.6794 -0.1563
vn -0.7268 -0.6859 -0.0359
vn -0.7269 -0.6859 -0.0358
vn -0.0000 -0.7490 -0.6626
vn -0.4008 -0.7010 -0.5899
vn -0.0000 -0.3495 -0.9369
vn -0.2010 -0.3606 -0.9108
vn -0.7740 -0.3676 -0.5156
vn -0.1635 -0.9846 -0.0623
vn -0.0077 -0.9550 -0.2964
vn -0.0077 -0.9550 -0.2965
vn -0.0106 -0.8930 0.4500
vn -0.0105 -0.8930 0.4500
vn 0.0790 -0.9175 0.3899
vn -0.0319 -0.9879 0.1518
vn -0.3294 -0.9437 0.0303
vn -0.9845 0.1591 0.0745
vn -0.9845 0.1590 0.0744
vn -0.9845 0.1589 0.0743
vn -0.9845 0.1590 0.0745
vn -0.5687 0.8134 0.1222
vn -0.0000 0.9906 0.1366
vn -0.1603 -0.9867 -0.0285
vn -0.1604 -0.9866 -0.0285
vn -0.1603 -0.9866 -0.0285
vn -0.9003 -0.4309 0.0614
vn 0.8504 -0.5161 0.1022
vn 0.8504 -0.5162 0.1023
vn 0.8335 -0.5422 -0.1062
vn 0.6473 -0.4394 -0.6228
vn 0.6473 -0.4394 -0.6229
vn 0.6473 -0.4393 -0.6229
vn 0.2052 -0.4345 -0.8770
vn 0.2052 -0.4344 -0.8770
vn -0.0010 -0.6017 0.7987
vn -0.0008 -0.6016 0.7988
vn -0.0006 -0.6015 0.7988
vn -0.0009 -0.6017 0.7988
vn 0.2119 -0.6026 0.7694
vn 0.2118 -0.6026 0.7694
vn 0.4465 -0.5683 0.6912
vn -0.8921 -0.4510 0.0265
vn -0.8921 -0.4510 0.0264
vn -0.3344 -0.9303 0.1506
vn -0.4024 -0.9143 -0.0461
vn -0.3318 -0.9104 -0.2472
vn -0.1899 -0.9304 -0.3135
vn -0.0002 -0.9696 0.2446
vn -0.0000 -0.9696 0.2449
vn -0.0004 -0.9697 0.2442
vn -0.0003 -0.9697 0.2443
vn -0.1469 -0.9557 0.2551
vn -0.1469 -0.9557 0.2552
vn -0.1890 -0.9641 0.1865
vn -0.1889 -0.9641 0.1865
vn 0.6112 -0.4676 -0.6385
vn 0.6112 -0.4677 -0.6385
vn 0.3386 -0.4177 -0.8431
vn 0.3386 -0.4177 -0.8432
vn -0.0251 -0.5044 0.8631
vn -0.0250 -0.5042 0.8632
vn -0.0249 -0.5042 0.8632
vn -0.0248 -0.5040 0.8634
vn 0.3217 -0.5061 0.8003
vn 0.3216 -0.5062 0.8002
vn 0.8193 -0.5208 0.2398
vn 0.8193 -0.5208 0.2399
vn 0.8484 -0.5162 -0.1177
vn 0.8484 -0.5162 -0.1176
vn 0.8483 -0.5162 -0.1176
vn 0.6238 -0.5174 0.5858
vn 0.6239 -0.5174 0.5858
vn -0.9772 0.0319 0.2101
vn -0.5145 0.7874 0.3395
vn -0.0000 0.9311 0.3647
vn -0.2355 -0.9714 0.0294
vn -0.7082 -0.6993 0.0970
vn -0.7082 -0.6993 0.0968
vn -0.9675 -0.1764 0.1814
vn -0.8811 -0.4728 0.0100
vn -0.8811 -0.4729 0.0100
vn -0.8951 -0.4457 0.0146
vn -0.8951 -0.4457 0.0147
vn -0.8952 -0.4456 -0.0047
vn -0.8952 -0.4455 -0.0047
vn -0.8953 -0.4453 -0.0049
vn -0.8953 -0.4455 -0.0047
vn -0.4595 -0.8879 -0.0226
vn -0.9749 0.0430 0.2182
vn -0.9749 0.0431 0.2183
vn -0.9749 0.0431 0.2182
vn -0.5602 0.7642 0.3196
vn -0.0000 0.9500 0.3124
vn -0.2919 -0.9564 0.0060
vn -0.2920 -0.9564 0.0060
vn -0.8564 -0.4989 0.1332
vn -0.9752 -0.0913 0.2017
vn -0.4512 -0.1595 0.8780
vn -0.4512 -0.1595 0.8781
vn -0.4016 -0.0548 0.9142
vn -0.3984 0.0129 0.9171
vn -0.4935 0.2651 0.8284
vn -0.0121 -0.7671 -0.6414
vn -0.0117 -0.7670 -0.6415
vn -0.0120 -0.7671 -0.6415
vn -0.0000 -0.7928 -0.6095
vn -0.0000 -0.7927 -0.6096
vn -0.0000 -0.7595 -0.6505
vn 0.0001 -0.7594 -0.6506
vn 0.9572 -0.2363 -0.1673
vn 0.0002 0.0056 -1.0000
vn -0.0000 0.0058 -1.0000
vn -0.0017 -0.0520 0.9986
vn -0.0013 -0.0519 0.9987
vn -0.0011 -0.0517 0.9987
vn -0.0013 -0.0518 0.9987
vn -0.9802 0.1607 0.1158
vn -0.9802 0.1606 0.1158
vn -0.4902 0.8658 0.1009
vn 0.2724 -0.7253 -0.6323
vn 0.2725 -0.7252 -0.6323
vn 0.2725 -0.7252 -0.6324
vn 0.2550 -0.7429 0.6189
vn 0.2549 -0.7429 0.6190
vn 0.2549 -0.7429 0.6189
vn 0.3408 -0.9365 -0.0825
vn 0.3410 -0.9365 -0.0824
vn 0.3409 -0.9365 -0.0824
vn 0.0891 -0.1949 -0.9768
vn 0.0890 -0.1951 -0.9767
vn 0.0890 -0.1949 -0.9768
vn 0.0891 -0.1947 -0.9768
vn -0.3293 0.9347 -0.1335
vn -0.3293 0.9347 -0.1336
vn 0.3392 -0.9405 0.0217
vn 0.3395 -0.9404 0.0216
vn -0.9574 -0.2360 -0.1666
vn -0.6284 0.7777 0.0179
vn -0.0765 -0.9930 -0.0898
vn -0.0766 -0.9930 -0.0898
vn -0.3094 -0.0381 -0.9502
vn -0.3096 -0.0384 -0.9501
vn -0.5981 0.6626 -0.4508
vn -0.9813 0.1925 0.0047
vn -0.9813 0.1926 0.0047
vn -0.9813 0.1925 0.0048
vn -0.6920 -0.7201 -0.0510
vn -0.6920 -0.7200 -0.0510
vn -0.1337 -0.8298 -0.5419
vn -0.6067 0.7388 -0.2935
vn -0.6067 0.7388 -0.2934
vn 0.6033 -0.7005 -0.3811
vn 0.6033 -0.7006 -0.3811
vn 0.6033 -0.7005 -0.3812
vn -0.0128 -0.0437 0.9990
vn -0.0131 -0.0435 0.9990
vn -0.0132 -0.0434 0.9990
vn -0.0138 0.0790 -0.9968
vn -0.0136 0.0792 -0.9968
vn -0.0137 0.0791 -0.9968
vn -0.0108 -0.9981 -0.0608
vn 1.0000 0.0068 -0.0000
vn 1.0000 0.0069 -0.0000
vn -1.0000 0.0067 -0.0000
vn -1.0000 0.0068 -0.0000
vn 0.0135 0.0791 -0.9968
vn 0.0136 0.0792 -0.9968
vn 0.0134 0.0790 -0.9968
vn 0.0108 -0.9981 -0.0608
vn 0.0132 -0.0436 0.9990
vn 0.0131 -0.0435 0.9990
vn 0.0130 -0.0434 0.9990
vn 0.8162 -0.4473 -0.3657
vn -0.8140 0.4922 -0.3085
vn 0.6067 -0.6977 -0.3810
vn -0.6033 0.7416 -0.2933
vn -0.2210 -0.7834 -0.5809
vn -0.2211 -0.7834 -0.5809
vn 0.2223 0.7829 0.5810
vn 0.2222 0.7829 0.5810
vn -0.9567 0.2907 -0.0108
vn -0.9567 0.2908 -0.0107
vn 0.9563 -0.2922 0.0139
vn 0.9562 -0.2922 0.0139
vn 0.0098 -0.0494 0.9987
vn 0.0099 -0.0493 0.9987
vn 0.0102 -0.0491 0.9987
vn 0.0095 0.0726 -0.9973
vn 0.0092 0.0728 -0.9973
vn 0.0091 0.0728 -0.9973
vn 0.0093 0.0727 -0.9973
vn 0.0137 -0.9988 -0.0479
vn 0.0136 -0.9988 -0.0480
vn 0.0138 -0.9988 -0.0478
vn -0.9998 0.0084 0.0159
vn -0.9998 0.0087 0.0162
vn -0.9998 0.0088 0.0163
vn -0.9998 0.0087 0.0161
vn 0.9998 0.0089 0.0160
vn 0.9998 0.0087 0.0161
vn 0.9998 0.0084 0.0164
vn -0.0094 0.0728 -0.9973
vn -0.0092 0.0727 -0.9973
vn -0.0091 0.0725 -0.9973
vn -0.0093 0.0727 -0.9973
vn -0.0134 -0.9988 -0.0478
vn -0.0136 -0.9988 -0.0480
vn -0.0138 -0.9987 -0.0482
vn -0.0096 -0.0491 0.9987
vn -0.0099 -0.0493 0.9987
vn 0.9998 0.0098 -0.0155
vn 0.9998 0.0100 -0.0157
vn -0.0138 -0.9972 -0.0734
vn -0.0136 -0.9972 -0.0736
vn -0.0134 -0.9972 -0.0738
vn 0.0138 -0.9972 -0.0738
vn 0.0136 -0.9972 -0.0736
vn 0.0134 -0.9972 -0.0734
vn -0.9998 0.0100 -0.0156
vn -0.9998 0.0099 -0.0157
vn -0.9998 0.0096 -0.0161
vn -0.9998 0.0100 -0.0157
vn -0.0138 -0.0029 -0.9999
vn 0.0162 0.0020 0.9999
vn -0.9360 0.3516 0.0140
vn -0.9360 0.3516 0.0144
vn -0.9360 0.3517 0.0135
vn -0.9360 0.3516 0.0139
vn 0.9348 -0.3549 -0.0141
vn 0.9348 -0.3549 -0.0137
vn 0.9348 -0.3549 -0.0136
vn 0.3198 0.9041 -0.2834
vn -0.3240 -0.8615 -0.3909
vn -0.9871 -0.0020 -0.1598
vn 0.9871 0.0214 -0.1585
vn -0.9979 -0.0246 -0.0605
vn -0.9979 -0.0246 -0.0606
vn 0.9724 0.0067 -0.2331
vn -0.9724 0.0226 -0.2321
vn 0.9977 0.0359 -0.0569
vn 0.0453 -0.0981 0.9941
vn 0.0001 -0.0608 0.9981
vn -0.0456 -0.0178 0.9988
vn -0.0455 -0.0178 0.9988
vn 0.0690 0.1055 -0.9920
vn -0.0691 0.0215 -0.9974
vn -0.0692 0.0215 -0.9974
vn 0.6033 0.7416 -0.2933
vn 0.6033 0.7417 -0.2932
vn 0.6033 0.7416 -0.2932
vn -0.6067 -0.6977 -0.3810
vn -0.0001 -0.1082 0.9941
vn -0.0000 -0.1082 0.9941
vn -0.0003 -0.5562 0.8310
vn -0.0001 -0.5560 0.8312
vn -0.0001 -0.5559 0.8312
vn -0.9884 -0.0859 -0.1256
vn -0.9770 -0.1539 -0.1478
vn 0.9883 -0.0860 -0.1258
vn 0.9774 -0.1516 -0.1470
vn 0.9775 -0.1516 -0.1470
vn 0.9774 -0.1517 -0.1470
vn -0.0038 -0.9878 -0.1554
vn -0.0037 -0.9879 -0.1553
vn -0.0003 0.0780 -0.9969
vn -0.0004 0.0780 -0.9970
vn -0.0003 0.0780 -0.9970
vn -0.0000 0.0781 -0.9969
vn -0.0018 -0.6427 -0.7661
vn -0.0017 -0.6428 -0.7661
vn -0.0016 -0.6428 -0.7660
vn -0.0017 -0.6428 -0.7660
vn -0.5033 -0.3076 0.8075
vn -0.5031 -0.3074 0.8077
vn -0.5034 -0.3078 0.8074
vn 0.0025 -0.3585 0.9335
vn 0.0024 -0.3587 0.9335
vn 0.5075 -0.3073 0.8050
vn 0.5076 -0.3071 0.8050
vn 0.5076 -0.3072 0.8050
vn 0.8703 -0.1702 0.4622
vn 0.8703 -0.1701 0.4622
vn 0.8704 -0.1698 0.4622
vn 0.9999 0.0170 0.0002
vn 0.9999 0.0171 0.0002
vn -0.8679 -0.1704 0.4665
vn -0.8679 -0.1708 0.4665
vn -0.8680 -0.1704 0.4665
vn -0.8679 -0.1705 0.4665
vn -0.9999 0.0163 0.0052
vn -0.9999 0.0162 0.0052
vn -0.0668 -0.9661 -0.2492
vn -0.0669 -0.9662 -0.2489
vn -0.0668 -0.9661 -0.2495
vn -0.0028 -0.9723 -0.2338
vn -0.0030 -0.9722 -0.2341
vn -0.0027 -0.9724 -0.2334
vn -0.0028 -0.9723 -0.2337
vn 0.0612 -0.9665 -0.2493
vn 0.0615 -0.9665 -0.2490
vn 0.0618 -0.9666 -0.2488
vn 0.0616 -0.9665 -0.2490
vn 0.1096 -0.9502 -0.2918
vn 0.1098 -0.9502 -0.2918
vn 0.1072 -0.9289 -0.3544
vn -0.1146 -0.9496 -0.2917
vn -0.1145 -0.9496 -0.2918
vn -0.1121 -0.9286 -0.3537
vn 0.0171 0.9433 0.3315
vn 0.0175 0.9434 0.3313
vn 0.0175 0.9434 0.3312
vn 0.0032 0.9446 0.3281
vn 0.0030 0.9445 0.3284
vn -0.0117 0.9437 0.3305
vn -0.0117 0.9437 0.3307
vn -0.0116 0.9436 0.3308
vn -0.0250 0.9403 0.3393
vn -0.0251 0.9403 0.3393
vn -0.0249 0.9403 0.3394
vn -0.0250 0.9403 0.3394
vn -0.0520 0.9337 0.3543
vn -0.0521 0.9337 0.3542
vn 0.0300 0.9400 0.3399
vn 0.0299 0.9400 0.3399
vn 0.0567 0.9336 0.3539
vn -0.0027 0.3506 -0.9365
vn -0.0024 0.3502 -0.9367
vn -0.5077 0.2991 -0.8080
vn -0.5078 0.2992 -0.8078
vn -0.5077 0.2991 -0.8079
vn -0.5078 0.2991 -0.8079
vn -0.8705 0.1624 -0.4646
vn -0.8704 0.1623 -0.4648
vn -0.8703 0.1620 -0.4651
vn -0.8704 0.1622 -0.4649
vn -0.9997 -0.0249 0.0089
vn -0.9997 -0.0247 0.0091
vn -0.9997 -0.0249 0.0090
vn 0.9997 -0.0237 0.0040
vn 0.9997 -0.0239 0.0041
vn 0.9997 -0.0243 0.0042
vn 0.9997 -0.0241 0.0041
vn 0.8680 0.1625 -0.4692
vn 0.8680 0.1627 -0.4692
vn 0.8679 0.1631 -0.4693
vn 0.8679 0.1628 -0.4692
vn 0.5035 0.2995 -0.8104
vn 0.5034 0.2996 -0.8104
vn 0.5034 0.2997 -0.8104
vn 0.9998 0.0199 -0.0061
vn 0.9998 0.0197 -0.0064
vn 0.9998 0.0196 -0.0066
vn 0.9998 0.0198 -0.0063
vn -0.9998 0.0199 -0.0018
vn -0.9998 0.0197 -0.0017
vn -0.9998 0.0195 -0.0016
vn -0.9998 0.0198 -0.0017
vn 0.0835 -0.9321 -0.3524
vn -0.0886 -0.9321 -0.3513
vn -0.0885 -0.9321 -0.3513
vn -0.0884 -0.9321 -0.3513
vn -0.0694 0.9296 0.3619
vn -0.0693 0.9297 0.3618
vn 0.0741 0.9296 0.3609
vn 0.0740 0.9296 0.3610
vn -0.9998 -0.0190 -0.0081
vn -0.9998 -0.0194 -0.0080
vn -0.9998 -0.0198 -0.0078
vn -0.9998 -0.0193 -0.0080
vn 0.9998 -0.0183 -0.0115
vn 0.9998 -0.0185 -0.0118
vn 0.9998 -0.0186 -0.0121
vn 0.9998 -0.0184 -0.0117
vn 0.0003 0.3845 -0.9231
vn 0.0004 0.3846 -0.9231
vn 0.0002 0.3845 -0.9231
vn -0.0001 0.3818 -0.9242
vn -0.0002 0.3819 -0.9242
vn -0.0002 0.3820 -0.9242
vn 0.9995 0.0239 -0.0201
vn 0.9995 0.0239 -0.0202
vn -0.0484 0.9851 -0.1652
vn -0.0485 0.9851 -0.1652
vn -0.9995 -0.0039 -0.0321
vn 0.0506 -0.4599 -0.8865
vn -0.0549 -0.4786 -0.8763
vn 0.9995 -0.0055 -0.0311
vn 0.0507 0.9803 -0.1910
vn 0.0507 0.9803 -0.1911
vn 0.0506 0.9803 -0.1910
vn -0.9995 0.0249 -0.0205
vn -0.9995 0.0250 -0.0205
vn -0.4966 -0.1064 0.8614
vn -0.4967 -0.1064 0.8614
vn 0.0022 -0.1143 0.9934
vn 0.0023 -0.1143 0.9934
vn 0.5005 -0.1066 0.8591
vn 0.5006 -0.1064 0.8591
vn 0.8652 -0.0851 0.4941
vn 0.8653 -0.0849 0.4940
vn 0.9984 -0.0557 -0.0044
vn 0.9985 -0.0555 -0.0044
vn 0.8640 -0.0260 -0.5028
vn 0.8640 -0.0262 -0.5029
vn 0.4975 -0.0045 -0.8674
vn 0.4975 -0.0044 -0.8675
vn -0.0027 0.0035 -1.0000
vn -0.5021 -0.0043 -0.8648
vn -0.5020 -0.0044 -0.8648
vn -0.8666 -0.0258 -0.4984
vn -0.8665 -0.0260 -0.4985
vn -0.8629 -0.0849 0.4982
vn -0.8629 -0.0848 0.4982
vn -0.9985 -0.0553 0.0006
vn -0.9985 -0.0555 0.0005
vn -0.0777 -0.9927 0.0924
vn -0.0777 -0.9927 0.0923
vn -0.0776 -0.9927 0.0922
vn -0.0029 -0.9937 0.1116
vn -0.0027 -0.9937 0.1121
vn 0.0720 -0.9931 0.0923
vn 0.0724 -0.9931 0.0926
vn 0.0728 -0.9930 0.0929
vn 0.1290 -0.9909 0.0384
vn 0.1291 -0.9909 0.0384
vn 0.1292 -0.9909 0.0385
vn 0.1517 -0.9877 -0.0377
vn 0.1518 -0.9877 -0.0378
vn 0.1519 -0.9877 -0.0378
vn 0.0759 -0.9817 -0.1748
vn 0.0759 -0.9817 -0.1749
vn 0.0759 -0.9816 -0.1750
vn -0.0036 -0.9805 -0.1964
vn -0.0035 -0.9806 -0.1960
vn -0.0826 -0.9813 -0.1740
vn -0.0825 -0.9813 -0.1739
vn -0.0824 -0.9813 -0.1738
vn -0.1387 -0.9836 -0.1150
vn -0.1386 -0.9837 -0.1150
vn -0.1384 -0.9837 -0.1149
vn -0.1385 -0.9837 -0.1150
vn 0.1329 -0.9843 -0.1162
vn 0.1328 -0.9843 -0.1162
vn 0.1330 -0.9843 -0.1164
vn 0.1329 -0.9843 -0.1164
vn -0.1339 -0.9902 0.0385
vn -0.1340 -0.9902 0.0386
vn -0.1338 -0.9903 0.0384
vn -0.1567 -0.9870 -0.0370
vn -0.1566 -0.9870 -0.0370
vn -0.0034 -0.2381 -0.9712
vn -0.4833 -0.2453 -0.8404
vn -0.4830 -0.2457 -0.8404
vn -0.4830 -0.2456 -0.8404
vn -0.8320 -0.2653 -0.4873
vn -0.8319 -0.2654 -0.4874
vn -0.8318 -0.2655 -0.4874
vn -0.9561 -0.2929 -0.0088
vn -0.9561 -0.2928 -0.0087
vn -0.8246 -0.3200 0.4665
vn -0.8246 -0.3203 0.4663
vn -0.8246 -0.3205 0.4662
vn -0.8246 -0.3202 0.4663
vn -0.4742 -0.3402 0.8120
vn -0.4742 -0.3402 0.8121
vn -0.4742 -0.3401 0.8121
vn 0.0013 -0.3478 0.9376
vn 0.0015 -0.3475 0.9377
vn 0.4767 -0.3407 0.8103
vn 0.4769 -0.3405 0.8103
vn 0.4770 -0.3404 0.8103
vn 0.8263 -0.3208 0.4629
vn 0.9557 -0.2939 -0.0135
vn 0.9558 -0.2936 -0.0136
vn 0.8288 -0.2664 -0.4921
vn 0.8288 -0.2662 -0.4922
vn 0.8288 -0.2659 -0.4924
vn 0.4776 -0.2459 -0.8434
vn 0.4776 -0.2459 -0.8435
vn 0.4776 -0.2457 -0.8436
vn 0.4776 -0.2457 -0.8435
vn -0.0000 -0.0360 -0.9994
vn -0.0000 -0.9981 -0.0608
vn -0.0000 -0.1570 0.9876
vn -0.9998 -0.0201 -0.0012
vn 0.9998 -0.0201 -0.0012
vn -0.7132 -0.3740 0.5929
vn -0.2635 -0.4950 0.8280
vn 0.2634 -0.4950 0.8280
vn 0.2635 -0.4950 0.8280
vn 0.7132 -0.3740 0.5929
vn 0.9654 -0.1709 0.1970
vn 0.9654 -0.1711 0.1971
vn 0.9653 0.0602 -0.2540
vn 0.9654 0.0598 -0.2539
vn 0.9654 0.0599 -0.2539
vn 0.7129 0.2625 -0.6503
vn 0.7131 0.2621 -0.6502
vn 0.2632 0.3823 -0.8858
vn 0.2635 0.3820 -0.8858
vn 0.2633 0.3823 -0.8858
vn 0.2632 0.3824 -0.8857
vn -0.2633 0.3821 -0.8859
vn -0.2635 0.3823 -0.8857
vn -0.2632 0.3820 -0.8859
vn -0.2633 0.3821 -0.8858
vn -0.7129 0.2622 -0.6504
vn -0.7131 0.2623 -0.6501
vn -0.7131 0.2624 -0.6501
vn -0.7130 0.2622 -0.6503
vn -0.9653 0.0600 -0.2541
vn -0.9654 0.0601 -0.2539
vn -0.9654 -0.1708 0.1968
vn 0.7133 -0.3739 0.5928
vn 0.7134 -0.3739 0.5927
vn 0.2636 -0.4950 0.8279
vn 0.2636 -0.4950 0.8280
vn -0.2636 -0.4950 0.8280
vn -0.2636 -0.4950 0.8279
vn -0.7133 -0.3739 0.5927
vn -0.9654 -0.1708 0.1969
vn -0.9655 -0.1705 0.1968
vn -0.9654 0.0599 -0.2538
vn -0.9654 0.0602 -0.2539
vn -0.7133 0.2620 -0.6500
vn -0.2636 0.3820 -0.8858
vn -0.2634 0.3823 -0.8857
vn 0.2636 0.3823 -0.8857
vn 0.2634 0.3821 -0.8858
vn 0.2634 0.3820 -0.8858
vn 0.7133 0.2623 -0.6499
vn 0.7131 0.2622 -0.6502
vn 0.9654 0.0601 -0.2537
vn 0.9654 0.0601 -0.2536
vn 0.9655 0.0602 -0.2535
vn 0.9654 -0.1707 0.1970
vn 0.9655 -0.1707 0.1968
vn -0.0000 0.4343 -0.9008
vn -0.0000 -0.8787 -0.4774
vn -0.0000 -0.5029 0.8644
vn -0.0000 0.9189 0.3945
vn 0.9999 0.0051 -0.0096
vn 0.9999 0.0050 -0.0097
vn 0.9999 0.0050 -0.0096
vn -0.9999 0.0050 -0.0097
vn -0.9999 0.0049 -0.0097
vn -0.0000 0.7893 0.6140
vn 0.9718 -0.1143 0.2064
vn -0.0000 -0.9941 -0.1081
vn -0.9718 -0.1143 0.2065
vn -0.9717 -0.1144 0.2065
vn -0.9717 -0.1143 0.2065
vn -0.0000 -0.9069 -0.4214
vn -0.9935 0.0489 -0.1024
vn -0.9936 0.0490 -0.1020
vn -0.0000 0.9631 0.2690
vn 0.9935 0.0489 -0.1024
vn 0.9936 0.0489 -0.1023
vn -0.0000 0.7639 0.6453
vn 0.9980 -0.0259 0.0583
vn -0.0000 -0.9048 -0.4258
vn -0.9980 -0.0259 0.0584
vn -0.9980 -0.0259 0.0583
vn -0.0000 0.8968 -0.4424
vn 0.9999 -0.0033 0.0114
vn -0.0000 -0.4503 -0.8929
vn -0.9999 -0.0032 0.0113
vn 0.7672 -0.5120 0.3862
vn 0.7673 -0.5123 0.3858
vn 0.7673 -0.5122 0.3859
vn 0.7673 -0.5125 0.3855
vn -0.5916 -0.5942 0.5449
vn -0.5917 -0.5943 0.5447
vn -0.5916 -0.5942 0.5448
vn -0.9524 -0.3043 -0.0185
vn -0.9524 -0.3044 -0.0185
vn -0.7666 0.0135 -0.6420
vn -0.7665 0.0138 -0.6420
vn -0.7665 0.0139 -0.6421
vn -0.7666 0.0136 -0.6420
vn 0.5908 0.0948 -0.8012
vn 0.5909 0.0944 -0.8012
vn 0.5909 0.0945 -0.8012
vn 0.9522 -0.1923 -0.2373
vn 0.9521 -0.1926 -0.2376
vn 0.9522 -0.1924 -0.2374
vn 0.9522 -0.1924 -0.2373
vn 0.1277 -0.6838 0.7185
vn 0.1278 -0.6839 0.7183
vn -0.1274 0.1828 -0.9749
vn -0.1276 0.1825 -0.9749
vn -0.7672 -0.5126 0.3856
vn -0.7671 -0.5124 0.3859
vn -0.7671 -0.5122 0.3863
vn 0.5915 -0.5942 0.5451
vn 0.5915 -0.5943 0.5449
vn 0.5914 -0.5941 0.5452
vn 0.9523 -0.3046 -0.0185
vn 0.9522 -0.3049 -0.0185
vn 0.9522 -0.3048 -0.0185
vn 0.7664 0.0136 -0.6422
vn 0.7664 0.0139 -0.6423
vn 0.7664 0.0140 -0.6423
vn 0.7664 0.0138 -0.6423
vn -0.5907 0.0948 -0.8013
vn -0.5908 0.0945 -0.8013
vn -0.5907 0.0947 -0.8013
vn -0.5907 0.0946 -0.8013
vn -0.9521 -0.1925 -0.2375
vn -0.9520 -0.1927 -0.2378
vn -0.1277 -0.6839 0.7183
vn -0.1276 -0.6838 0.7184
vn 0.1275 0.1825 -0.9749
vn 0.1274 0.1827 -0.9749
vn -0.9999 0.0051 -0.0095
vn -0.9999 0.0049 -0.0098
vn 0.9999 0.0049 -0.0097
vn -0.9717 -0.1144 0.2066
vn 0.9717 -0.1143 0.2065
vn 0.9717 -0.1144 0.2066
vn 0.9717 -0.1144 0.2065
vn 0.9935 0.0489 -0.1025
vn -0.9935 0.0489 -0.1025
vn 0.9980 -0.0259 0.0584
vn -0.9999 -0.0033 0.0114
vn 0.9999 -0.0032 0.0113
vn -0.0000 -0.9112 -0.4120
vn -0.0000 -0.4521 0.8920
vn -0.0000 0.8844 0.4667
vn -0.7388 -0.6167 -0.2717
vn -0.7388 -0.6168 -0.2717
vn 0.7388 -0.6167 -0.2717
vn 0.7388 -0.6168 -0.2717
vn -0.9990 -0.0452 -0.0034
vn -0.0000 -0.4489 0.8936
vn 0.9990 -0.0452 -0.0034
vn -0.0000 0.1002 0.9950
vn -0.0000 -0.4520 0.8920
vn 0.7389 -0.6167 -0.2716
vn -0.7389 -0.6166 -0.2716
vn 0.9990 -0.0451 -0.0033
vn -0.0000 -0.3705 0.9288
vn -0.9543 -0.1199 -0.2736
vn 0.9544 -0.1199 -0.2735
vn -0.0000 -0.5786 0.8156
vn -0.9465 0.1514 -0.2851
vn -0.9465 0.1514 -0.2850
vn -0.9465 0.1515 -0.2850
vn 0.9465 0.1515 -0.2849
vn 0.9465 0.1514 -0.2849
vn 0.9466 0.1511 -0.2849
vn -0.0000 -0.9174 -0.3979
vn -0.8810 -0.4431 -0.1655
vn -0.8810 -0.4432 -0.1655
vn -0.8810 0.4024 0.2489
vn -0.0000 0.8765 0.4814
vn 0.8809 0.4025 0.2490
vn 0.8809 0.4024 0.2490
vn 0.8810 -0.4432 -0.1655
vn 0.8810 -0.4433 -0.1655
vn 0.8809 -0.4434 -0.1656
vn 0.8808 0.4026 0.2491
vn -0.8809 0.4025 0.2490
vn -0.8809 -0.4433 -0.1656
vn -0.8810 -0.4433 -0.1656
vn 0.9543 -0.1199 -0.2736
vn -0.9544 -0.1199 -0.2735
vn 0.9465 0.1514 -0.2851
vn 0.9465 0.1515 -0.2850
vn -0.9465 0.1514 -0.2849
vn 0.1506 -0.3840 0.9110
vn 0.1506 -0.3841 0.9109
vn 0.1378 -0.4780 0.8675
vn 0.1378 -0.4781 0.8674
vn 0.0952 -0.5008 0.8603
vn -0.9990 -0.0229 -0.0393
vn 0.0272 -0.1917 -0.9811
vn 0.0333 -0.1888 -0.9815
vn 0.0333 -0.1888 -0.9814
vn 0.0269 -0.1916 -0.9811
vn 0.0063 -0.1861 -0.9825
vn 0.0063 -0.1860 -0.9825
vn -0.1274 -0.2093 -0.9695
vn -0.0260 0.9942 0.1041
vn 0.0376 -0.9972 0.0651
vn 0.0375 -0.9972 0.0651
vn 0.0378 -0.9972 0.0648
vn 0.0595 -0.9211 0.3847
vn -0.7159 -0.1933 -0.6709
vn 0.0526 -0.9142 0.4019
vn -0.0466 0.9949 0.0897
vn -0.0469 0.9948 0.0900
vn -0.0470 0.9948 0.0901
vn -0.0340 0.9937 0.1065
vn -0.0446 0.9941 0.0989
vn -0.0748 0.9943 0.0757
vn -0.0774 0.9943 0.0737
vn -0.0447 0.9941 0.0989
vn -0.1915 0.9813 0.0186
vn -0.1917 0.9813 0.0184
vn -0.1920 0.9812 0.0182
vn -0.4275 0.9039 0.0146
vn -0.4274 0.9039 0.0146
vn -0.9540 -0.2997 -0.0045
vn -0.0146 -0.9803 -0.1970
vn -0.0147 -0.9803 -0.1970
vn 0.1459 -0.9622 -0.2300
vn 0.0732 -0.9538 -0.2914
vn 0.0756 -0.9543 -0.2893
vn 0.0952 -0.9578 -0.2713
vn 0.0951 -0.9578 -0.2713
vn 0.0477 -0.9481 -0.3143
vn 0.0270 -0.9429 -0.3321
vn 0.0269 -0.9429 -0.3320
vn 0.0269 -0.9429 -0.3321
vn -0.1004 0.9934 0.0559
vn 0.0215 -0.1943 -0.9807
vn 0.1089 -0.9932 0.0421
vn 0.1821 -0.9830 0.0239
vn 0.1822 -0.9830 0.0239
vn 0.1822 -0.9830 0.0240
vn 0.0694 -0.9969 0.0367
vn 0.0695 -0.9969 0.0367
vn -0.8131 -0.4843 0.3230
vn -0.8131 -0.4844 0.3230
vn -0.3925 0.8972 0.2025
vn -0.3926 0.8972 0.2025
vn -0.1768 0.9771 0.1182
vn -0.1769 0.9771 0.1181
vn -0.1772 0.9771 0.1179
vn -0.0888 0.9918 0.0919
vn 0.0548 -0.9966 0.0621
vn -0.1506 -0.3840 0.9110
vn -0.1506 -0.3841 0.9109
vn -0.1378 -0.4780 0.8675
vn -0.1378 -0.4781 0.8674
vn -0.0952 -0.5008 0.8603
vn 0.9990 -0.0229 -0.0393
vn -0.0272 -0.1917 -0.9811
vn -0.0268 -0.1918 -0.9811
vn -0.0333 -0.1888 -0.9814
vn -0.0063 -0.1861 -0.9825
vn -0.0063 -0.1860 -0.9825
vn 0.1274 -0.2093 -0.9695
vn 0.0261 0.9942 0.1041
vn 0.0260 0.9942 0.1041
vn -0.0376 -0.9972 0.0651
vn -0.0375 -0.9972 0.0651
vn -0.0378 -0.9972 0.0648
vn -0.0595 -0.9211 0.3847
vn 0.7159 -0.1933 -0.6709
vn -0.0526 -0.9142 0.4019
vn 0.0466 0.9949 0.0897
vn 0.0469 0.9948 0.0900
vn 0.0470 0.9948 0.0901
vn 0.0340 0.9937 0.1065
vn 0.0446 0.9941 0.0989
vn 0.0447 0.9941 0.0989
vn 0.0774 0.9943 0.0737
vn 0.0748 0.9943 0.0757
vn 0.1915 0.9813 0.0186
vn 0.1917 0.9813 0.0184
vn 0.1920 0.9812 0.0182
vn 0.4275 0.9039 0.0146
vn 0.4274 0.9039 0.0146
vn 0.9540 -0.2997 -0.0045
vn 0.0146 -0.9803 -0.1970
vn 0.0147 -0.9803 -0.1970
vn -0.1458 -0.9622 -0.2300
vn -0.1459 -0.9622 -0.2300
vn -0.0732 -0.9538 -0.2914
vn -0.0951 -0.9578 -0.2713
vn -0.0952 -0.9578 -0.2713
vn -0.0756 -0.9543 -0.2893
vn -0.0477 -0.9481 -0.3143
vn -0.0270 -0.9429 -0.3321
vn -0.0269 -0.9429 -0.3320
vn -0.0269 -0.9429 -0.3321
vn 0.1004 0.9934 0.0559
vn -0.0215 -0.1943 -0.9807
vn -0.1089 -0.9932 0.0421
vn -0.1821 -0.9830 0.0239
vn -0.1822 -0.9830 0.0239
vn -0.0694 -0.9969 0.0367
vn -0.0695 -0.9969 0.0367
vn 0.8131 -0.4843 0.3230
vn 0.8131 -0.4844 0.3230
vn 0.8130 -0.4844 0.3230
vn 0.3926 0.8972 0.2025
vn 0.3925 0.8972 0.2025
vn 0.1768 0.9771 0.1182
vn 0.1769 0.9771 0.1181
vn 0.0888 0.9918 0.0919
vn -0.0549 -0.9966 0.0622
vn -0.0548 -0.9966 0.0621
vn -0.8140 -0.4511 -0.3659
vn 0.8162 0.4884 -0.3087
vn -0.9273 0.1815 -0.3274
vn 0.9265 -0.1448 -0.3473
vn 0.8314 0.5557 0.0046
vn -0.0676 0.3740 -0.9250
vn -0.0677 0.3741 -0.9249
vn 0.6856 0.5670 -0.4566
vn 0.2783 0.9591 0.0515
vn -0.6556 0.7541 0.0388
vn -0.8454 0.2408 -0.4767
vn -0.8454 0.2409 -0.4767
vn -0.9855 0.1686 -0.0193
vn -0.9855 0.1687 -0.0193
vn 0.7053 0.4548 0.5437
vn 0.7053 0.4549 0.5437
vn -0.0134 0.8924 0.4510
vn -0.7396 0.4417 0.5078
vn -0.7397 0.4417 0.5078
vn 0.8509 0.5252 -0.0131
vn 0.8508 0.5253 -0.0131
vn -0.0313 0.9987 -0.0410
vn -0.0314 0.9987 -0.0410
vn -0.8829 0.4695 -0.0105
vn -0.8826 0.4699 -0.0106
vn -0.8829 0.4694 -0.0105
vn 0.0343 -0.9966 0.0754
vn 0.0342 -0.9966 0.0754
vn 0.0113 -0.7058 0.7083
vn 0.0113 -0.7058 0.7084
vn 0.0114 -0.7057 0.7084
vn 0.6667 -0.3323 0.6671
vn 0.6668 -0.3323 0.6671
vn -0.6749 -0.3665 0.6405
vn 0.8811 -0.4708 0.0450
vn 0.8811 -0.4709 0.0450
vn -0.8474 -0.5288 0.0477
vn -0.8473 -0.5290 0.0477
vn -0.8471 -0.5292 0.0478
vn -0.9728 0.2312 -0.0155
vn 0.5497 -0.8315 -0.0799
vn 0.5497 -0.8315 -0.0800
vn -0.1860 -0.2072 -0.9605
vn -0.1860 -0.2070 -0.9605
vn -0.1860 -0.2071 -0.9605
vn -0.8611 0.1646 -0.4811
vn -0.8610 0.1646 -0.4811
vn -0.8937 -0.4474 -0.0342
vn -0.8937 -0.4474 -0.0343
vn -0.8937 -0.4473 -0.0343
vn -0.1052 -0.9922 -0.0676
vn -0.1052 -0.9921 -0.0676
vn 0.4215 -0.7315 -0.5359
vn 0.1007 -0.9930 -0.0612
vn 0.1006 -0.9930 -0.0612
vn 0.1005 -0.9931 -0.0611
vn 0.1003 -0.9931 -0.0605
vn 0.1001 -0.9931 -0.0605
vn 0.1002 -0.9931 -0.0605
vn 0.1000 -0.9931 -0.0605
vn -0.6587 -0.2659 -0.7038
vn -0.6584 -0.2660 -0.7041
vn -0.9086 -0.3482 0.2304
vn -0.9087 -0.3483 0.2304
vn 0.2741 -0.1565 -0.9489
vn -0.2257 -0.3210 0.9198
vn 0.9570 -0.1292 -0.2595
vn 0.9569 -0.1293 -0.2598
vn 0.9570 -0.1292 -0.2596
vn 0.7068 -0.2115 0.6751
vn 0.7071 -0.2116 0.6748
vn 0.0138 -0.0029 -0.9999
vn -0.0162 0.0020 0.9999
vn 0.9360 0.3516 0.0139
vn 0.9360 0.3516 0.0137
vn 0.9360 0.3517 0.0135
vn 0.9360 0.3516 0.0141
vn -0.9348 -0.3549 -0.0136
vn -0.9348 -0.3549 -0.0139
vn -0.9348 -0.3549 -0.0137
vn -0.0260 0.5634 -0.8258
vn -0.0261 0.5634 -0.8258
vn 0.0272 -0.5635 0.8257
vn -0.9857 0.1215 0.1164
vn -0.9857 0.1216 0.1163
vn -0.9857 0.1217 0.1162
vn 0.9853 -0.1239 -0.1180
vn 0.9852 -0.1237 -0.1182
vn 0.9853 -0.1241 -0.1176
vn 0.9853 -0.1242 -0.1174
vn 0.6284 0.7777 0.0179
vn 0.0765 -0.9930 -0.0898
vn 0.0766 -0.9930 -0.0898
vn 0.3096 -0.0384 -0.9501
vn 0.3094 -0.0381 -0.9502
vn 0.5981 0.6626 -0.4508
vn 0.9813 0.1925 0.0047
vn 0.9813 0.1925 0.0048
vn 0.9813 0.1926 0.0047
vn 0.6920 -0.7201 -0.0510
vn 0.6920 -0.7200 -0.0510
vn 0.1337 -0.8298 -0.5419
vn 0.0022 -0.9189 -0.3945
vn 0.0022 -0.9189 -0.3944
vn 0.0022 0.9600 -0.2800
vn -0.6033 -0.7005 -0.3812
vn -0.6033 -0.7006 -0.3811
vn -0.6033 -0.7005 -0.3811
vn 0.6067 0.7388 -0.2935
vn 0.6067 0.7388 -0.2934
vn -0.9265 -0.1448 -0.3473
vn 0.9273 0.1815 -0.3274
vn 0.9179 0.3967 -0.0051
vn 0.2293 -0.1713 -0.9582
vn 0.2292 -0.1709 -0.9582
vn 0.8245 0.3118 -0.4721
vn 0.8246 0.3118 -0.4721
vn 0.9573 -0.2881 -0.0245
vn 0.9573 -0.2880 -0.0245
vn 0.2769 -0.9586 -0.0656
vn 0.2769 -0.9587 -0.0656
vn -0.2825 -0.7930 -0.5397
vn -0.3959 -0.9143 -0.0853
vn -0.8162 0.4884 -0.3087
vn 0.8140 -0.4511 -0.3659
vn -0.4089 -0.9078 -0.0934
vn 0.3558 -0.9298 -0.0947
vn 0.9338 0.3574 -0.0163
vn 0.4089 0.9124 0.0175
vn -0.3557 0.9344 0.0189
vn -0.9118 0.4104 -0.0131
vn 0.9118 -0.4057 -0.0628
vn -0.9338 -0.3527 -0.0596
vn -0.0000 -0.0509 0.9987
vn -0.0000 0.9283 -0.3717
vn -0.0000 0.3337 -0.9427
vn -0.0000 -0.9304 0.3665
vn 0.9993 -0.0341 0.0117
vn -0.9994 -0.0341 0.0117
vn -0.0000 -0.1233 0.9924
vn 0.9951 -0.0993 -0.0022
vn -0.0000 -0.1519 -0.9884
vn -0.9950 -0.0994 -0.0022
vn -0.9951 -0.0993 -0.0023
vn 0.9273 -0.1404 -0.3470
vn -0.9265 0.1859 -0.3271
vn -0.5794 -0.7858 -0.2163
vn -0.0000 -0.9737 -0.2278
vn 0.5794 -0.7858 -0.2163
vn 0.9375 -0.2938 -0.1863
vn 0.9375 -0.2938 -0.1864
vn 0.9375 0.3143 -0.1493
vn 0.5795 0.8062 -0.1193
vn 0.5794 0.8062 -0.1193
vn -0.0000 0.9942 -0.1079
vn -0.5795 0.8062 -0.1193
vn -0.5794 0.8062 -0.1193
vn -0.9375 0.3143 -0.1493
vn -0.9375 -0.2938 -0.1864
vn -0.9375 -0.2938 -0.1863
vn -0.3523 -0.4814 0.8026
vn -0.3524 -0.4814 0.8026
vn -0.0895 -0.5996 0.7953
vn -0.0893 -0.5995 0.7954
vn 0.1979 -0.5704 0.7972
vn 0.1978 -0.5706 0.7971
vn 0.4317 -0.4022 0.8074
vn 0.5501 -0.1397 0.8234
vn 0.5210 0.1469 0.8408
vn 0.5210 0.1468 0.8408
vn 0.3525 0.3805 0.8550
vn 0.3524 0.3805 0.8550
vn 0.0896 0.4988 0.8621
vn 0.0894 0.4987 0.8621
vn 0.0894 0.4987 0.8622
vn -0.1979 0.4695 0.8605
vn -0.4317 0.3014 0.8502
vn -0.4317 0.3013 0.8502
vn -0.5501 0.0386 0.8342
vn -0.5210 -0.2478 0.8168
vn -0.3522 -0.3802 -0.8552
vn -0.3522 -0.3801 -0.8552
vn -0.0894 -0.4982 -0.8624
vn -0.0893 -0.4983 -0.8624
vn 0.1978 -0.4693 -0.8606
vn 0.1976 -0.4693 -0.8607
vn 0.4315 -0.3010 -0.8504
vn 0.5498 -0.0386 -0.8344
vn 0.5208 0.2478 -0.8169
vn 0.5208 0.2477 -0.8170
vn 0.3523 0.4812 -0.8027
vn 0.3522 0.4813 -0.8027
vn 0.0892 0.5995 -0.7954
vn 0.0893 0.5993 -0.7955
vn -0.1978 0.5703 -0.7973
vn -0.4314 0.4022 -0.8076
vn -0.4315 0.4021 -0.8075
vn -0.5498 0.1396 -0.8235
vn -0.5498 0.1396 -0.8236
vn -0.5208 -0.1467 -0.8410
vn 0.3550 -0.9331 -0.0568
vn -0.1600 -0.9853 -0.0600
vn -0.6324 -0.7732 -0.0470
vn -0.9349 -0.3541 -0.0215
vn -0.9871 0.1600 0.0098
vn -0.7747 0.6312 0.0385
vn -0.3551 0.9331 0.0569
vn 0.1605 0.9852 0.0601
vn 0.6323 0.7733 0.0472
vn 0.9350 0.3541 0.0216
vn 0.9871 -0.1599 -0.0097
vn 0.7746 -0.6313 -0.0384
vn 0.3565 -0.8459 0.3967
vn 0.4168 -0.5822 0.6981
vn 0.4167 -0.5822 0.6982
vn 0.4167 -0.5821 0.6982
vn 0.4919 -0.2086 0.8453
vn 0.5662 0.1960 0.8006
vn 0.6227 0.5396 0.5667
vn 0.6226 0.5396 0.5667
vn 0.6466 0.7382 0.1926
vn 0.6465 0.7382 0.1926
vn 0.6309 0.7396 -0.2345
vn 0.6307 0.7398 -0.2343
vn 0.6308 0.7397 -0.2343
vn 0.5784 0.5414 -0.6102
vn 0.5028 0.1913 -0.8430
vn 0.5027 0.1913 -0.8430
vn 0.4231 -0.2236 -0.8781
vn 0.3586 -0.6030 -0.7126
vn 0.3586 -0.6029 -0.7126
vn 0.3232 -0.8612 -0.3923
vn 0.3232 -0.9463 0.0063
vn 0.3231 -0.9464 0.0062
vn 0.3228 -0.9464 0.0061
vn 0.9846 -0.1669 -0.0518
vn 0.9846 -0.1670 -0.0515
vn 0.9846 -0.1670 -0.0517
vn 0.9784 -0.1905 -0.0806
vn 0.9784 -0.1905 -0.0804
vn 0.9784 -0.1905 -0.0803
vn 0.9784 -0.1905 -0.0801
vn 0.9696 -0.2249 -0.0963
vn 0.9697 -0.2248 -0.0961
vn 0.9697 -0.2247 -0.0958
vn 0.9697 -0.2247 -0.0960
vn 0.9598 -0.2644 -0.0947
vn 0.9599 -0.2641 -0.0944
vn 0.9599 -0.2640 -0.0943
vn 0.9510 -0.3005 -0.0734
vn 0.9511 -0.3001 -0.0734
vn 0.9511 -0.2999 -0.0733
vn 0.9511 -0.3000 -0.0733
vn 0.9458 -0.3227 -0.0355
vn 0.9462 -0.3233 0.0100
vn 0.9462 -0.3236 0.0100
vn 0.9462 -0.3234 0.0100
vn 0.9460 -0.3239 0.0099
vn 0.9523 -0.3012 0.0487
vn 0.9522 -0.3014 0.0494
vn 0.9620 -0.2637 0.0701
vn 0.9620 -0.2636 0.0705
vn 0.9620 -0.2636 0.0708
vn 0.9620 -0.2636 0.0706
vn 0.9724 -0.2224 0.0707
vn 0.9724 -0.2223 0.0705
vn 0.9724 -0.2224 0.0705
vn 0.9809 -0.1874 0.0521
vn 0.9809 -0.1872 0.0522
vn 0.9860 -0.1652 0.0212
vn 0.9861 -0.1649 0.0211
vn 0.9861 -0.1647 0.0210
vn 0.9873 -0.1579 -0.0158
vn 0.9874 -0.1577 -0.0157
vn 0.9873 -0.1582 -0.0160
vn 0.9873 -0.1580 -0.0159
vn -0.4719 -0.7510 0.4619
vn -0.4718 -0.7510 0.4620
vn -0.4717 -0.7510 0.4620
vn -0.4721 -0.7509 0.4618
vn -0.3865 -0.4560 0.8017
vn -0.3863 -0.4560 0.8018
vn -0.3859 -0.4560 0.8020
vn -0.2683 -0.0410 0.9625
vn -0.2684 -0.0410 0.9624
vn -0.1439 0.4013 0.9046
vn -0.1438 0.4014 0.9046
vn -0.0419 0.7690 0.6379
vn -0.0415 0.7691 0.6378
vn -0.0416 0.7690 0.6378
vn -0.0417 0.7690 0.6379
vn 0.0134 0.9749 0.2221
vn 0.0136 0.9750 0.2220
vn 0.0133 0.9749 0.2221
vn 0.0070 0.9693 -0.2459
vn 0.0068 0.9693 -0.2458
vn 0.0067 0.9693 -0.2457
vn -0.0598 0.7531 -0.6552
vn -0.0599 0.7531 -0.6551
vn -0.0599 0.7531 -0.6552
vn -0.1699 0.3783 -0.9099
vn -0.1699 0.3783 -0.9100
vn -0.2964 -0.0663 -0.9528
vn -0.4098 -0.4776 -0.7771
vn -0.4097 -0.4777 -0.7771
vn -0.4852 -0.7635 -0.4261
vn -0.4853 -0.7635 -0.4262
vn -0.5071 -0.8616 0.0197
vn -0.5073 -0.8615 0.0199
vn -0.5077 -0.8613 0.0201
vn -0.5076 -0.8614 0.0200
vn 0.5994 -0.7369 -0.3125
vn 0.6431 -0.5384 -0.5445
vn 0.6432 -0.5384 -0.5445
vn 0.7071 -0.2595 -0.6578
vn 0.7771 0.0392 -0.6282
vn 0.7771 0.0393 -0.6282
vn 0.8382 0.2928 -0.4602
vn 0.8768 0.4425 -0.1881
vn 0.8768 0.4424 -0.1881
vn 0.8769 0.4424 -0.1881
vn 0.8837 0.4505 0.1270
vn 0.8562 0.3126 0.4113
vn 0.8563 0.3126 0.4113
vn 0.8563 0.3125 0.4113
vn 0.8003 0.0603 0.5965
vn 0.8003 0.0602 0.5965
vn 0.8004 0.0602 0.5965
vn 0.7290 -0.2467 0.6385
vn 0.7290 -0.2466 0.6386
vn 0.7290 -0.2466 0.6385
vn 0.6593 -0.5352 0.5281
vn 0.6592 -0.5352 0.5282
vn 0.6592 -0.5352 0.5281
vn 0.6077 -0.7382 0.2927
vn 0.6077 -0.7382 0.2928
vn 0.5864 -0.8100 -0.0109
vn 0.5863 -0.8100 -0.0109
vn -0.0000 -0.0729 0.9973
vn -0.9872 -0.1591 -0.0097
vn 0.9872 -0.1591 -0.0097
vn -0.0000 0.0487 -0.9988
vn -0.7221 0.6917 0.0126
vn 0.9995 -0.0053 -0.0296
vn 0.1217 0.3574 -0.9260
vn 0.1214 0.3573 -0.9261
vn 0.1216 0.3574 -0.9260
vn -0.5817 0.6776 -0.4499
vn -0.5818 0.6776 -0.4499
vn -0.1098 0.9925 0.0535
vn 0.7771 0.6285 0.0311
vn 0.7772 0.6285 0.0312
vn 0.8693 0.0909 -0.4858
vn -0.8314 0.5557 0.0046
vn 0.0676 0.3740 -0.9250
vn 0.0674 0.3738 -0.9251
vn -0.6856 0.5670 -0.4566
vn -0.2783 0.9591 0.0515
vn 0.6556 0.7541 0.0388
vn 0.8454 0.2409 -0.4767
vn 0.8454 0.2408 -0.4767
vn 0.9855 0.1686 -0.0193
vn 0.9855 0.1687 -0.0193
vn -0.0000 0.9999 0.0137
vn -0.0682 -0.7095 -0.7014
vn -0.0682 -0.7096 -0.7013
vn -0.0971 -0.9755 -0.1976
vn -0.0359 -0.3817 0.9236
vn 0.1009 0.9949 0.0007
vn 0.1008 0.9949 0.0007
vn 0.1008 0.9949 0.0006
vn -0.1008 0.9949 0.0006
vn -0.1008 0.9949 0.0007
vn -0.1009 0.9949 0.0007
vn 0.0359 -0.3817 0.9236
vn 0.0971 -0.9755 -0.1976
vn 0.0682 -0.7095 -0.7014
vn -0.0000 -0.3904 0.9206
vn -0.0000 -0.9758 -0.2186
vn -0.0000 -0.7183 -0.6957
vn 0.1104 0.1194 0.9867
vn 0.1105 0.1194 0.9867
vn -0.0000 -0.2613 0.9653
vn 0.1518 -0.1456 0.9776
vn -0.1518 -0.1456 0.9776
vn -0.1518 -0.1455 0.9776
vn -0.1104 0.1194 0.9867
vn 0.5765 -0.4320 -0.6935
vn -0.5721 -0.4311 -0.6978
vn -0.5721 -0.4311 -0.6977
vn -0.0000 -0.7699 -0.6382
vn -0.0000 -0.7698 -0.6383
vn 0.0001 -0.7695 -0.6386
vn 0.2571 -0.7378 -0.6241
vn 0.2571 -0.7379 -0.6241
vn -0.2578 -0.7328 -0.6298
vn -0.2578 -0.7328 -0.6297
vn -0.7663 0.1382 -0.6274
vn -0.7663 0.1383 -0.6274
vn 0.7686 0.1403 -0.6241
vn 0.7686 0.1403 -0.6242
vn 0.0001 0.9222 -0.3867
vn -0.0000 0.9221 -0.3870
vn -0.0001 0.9220 -0.3872
vn -0.3410 0.8193 -0.4610
vn -0.3409 0.8193 -0.4610
vn 0.3446 0.8205 -0.4561
vn 0.3446 0.8205 -0.4562
vn -0.0000 -1.0000 0.0027
vn -0.0001 -1.0000 0.0031
vn -0.8706 -0.4868 0.0707
vn 0.8707 -0.4867 0.0710
vn 0.8706 -0.4868 0.0710
vn 0.8707 -0.4868 0.0710
vn 0.3832 -0.9237 0.0048
vn 0.3831 -0.9237 0.0046
vn 0.3829 -0.9238 0.0044
vn 0.3830 -0.9237 0.0046
vn -0.3833 -0.9236 0.0040
vn -0.3831 -0.9237 0.0042
vn -0.3832 -0.9237 0.0041
vn -0.0670 -0.1469 -0.9869
vn 0.0682 -0.1467 -0.9868
vn -0.0000 0.1266 -0.9920
vn 0.0001 0.1265 -0.9920
vn -0.0000 0.1265 -0.9920
vn -0.1301 0.0239 -0.9912
vn 0.1311 0.0255 -0.9910
vn 0.1311 0.0254 -0.9910
vn 0.9455 0.3038 0.1169
vn 0.9455 0.3039 0.1169
vn 0.3142 0.8987 0.3059
vn -0.0000 0.9295 0.3687
vn 0.0001 0.9296 0.3685
vn -0.3137 0.8991 0.3053
vn -0.9456 0.3037 0.1165
vn -0.9455 0.3040 0.1166
vn 0.9814 -0.1695 0.0906
vn -0.9814 -0.1696 0.0904
vn -0.9814 -0.1696 0.0905
vn -0.0126 -0.0347 0.9993
vn -0.0126 -0.0346 0.9993
vn 0.0126 -0.0347 0.9993
vn 0.0126 -0.0346 0.9993
vn 0.0094 -0.1487 -0.9888
vn 0.0093 -0.1486 -0.9889
vn -0.0092 -0.1484 -0.9889
vn -0.0091 -0.1484 -0.9889
vn -0.0091 -0.1485 -0.9889
vn -0.9963 0.0190 0.0834
vn -0.9963 0.0191 0.0834
vn -0.9963 0.0191 0.0835
vn 0.9963 0.0192 0.0836
vn 0.9963 0.0192 0.0835
vn 0.9963 0.0193 0.0835
vn 0.7835 -0.2059 -0.5863
vn 0.7835 -0.2059 -0.5862
vn -0.7833 -0.2060 -0.5866
vn -0.7833 -0.2060 -0.5865
vn -0.7195 -0.0745 -0.6905
vn 0.7197 -0.0745 -0.6903
vn 0.9265 0.1859 -0.3271
vn -0.9273 -0.1404 -0.3470
vn -0.4835 0.8750 0.0241
vn -0.3214 0.0170 -0.9468
vn -0.3216 0.0167 -0.9467
vn -0.4789 0.7567 -0.4450
vn -0.9339 0.3573 0.0148
vn -0.9339 0.3574 0.0148
vn -0.9338 0.3574 0.0148
vn -0.8073 -0.5886 -0.0430
vn -0.2814 -0.7934 -0.5398
vn -0.2813 -0.7934 -0.5398
vn -0.2489 -0.9645 -0.0883
vn -0.1123 0.9932 0.0310
vn 0.7634 -0.6423 -0.0684
vn 0.2858 0.2102 -0.9350
vn 0.2858 0.2102 -0.9349
vn 0.2855 0.2103 -0.9350
vn -0.0315 0.8992 -0.4364
vn 0.5519 0.8328 0.0438
vn 0.9999 -0.0135 -0.0080
vn 0.9999 -0.0134 -0.0080
vn 0.7070 -0.4787 -0.5205
vn -0.9772 -0.0240 -0.2112
vn 0.9771 0.0495 -0.2068
vn -0.9945 -0.0476 -0.0930
vn 0.9515 0.0355 -0.3056
vn -0.9515 0.0028 -0.3076
vn 0.9943 0.0626 -0.0862
vn 0.0256 -0.0982 0.9948
vn -0.0261 -0.0177 0.9995
vn 0.0455 0.1068 -0.9932
vn -0.0001 0.0608 -0.9981
vn -0.0461 0.0203 -0.9987
vn 0.8140 0.4922 -0.3085
vn -0.8162 -0.4473 -0.3657
vn 0.9834 0.0222 -0.1799
vn 0.9834 0.0222 -0.1800
vn -0.9979 -0.0296 -0.0568
vn -0.9979 -0.0296 -0.0567
vn 0.9692 0.0120 -0.2458
vn 0.9693 0.0120 -0.2458
vn 0.9693 0.0120 -0.2457
vn -0.9728 0.0282 -0.2300
vn -0.9728 0.0283 -0.2300
vn 0.9971 0.0325 -0.0683
vn 0.0384 -0.0963 0.9946
vn -0.0134 -0.0609 0.9981
vn -0.0534 -0.0206 0.9984
vn 0.0370 0.1050 -0.9938
vn -0.1048 0.0204 -0.9943
vn -0.9179 0.3967 -0.0051
vn -0.2293 -0.1713 -0.9582
vn -0.2292 -0.1710 -0.9582
vn -0.8245 0.3118 -0.4721
vn -0.8246 0.3118 -0.4721
vn -0.9573 -0.2881 -0.0245
vn -0.9573 -0.2880 -0.0245
vn -0.2769 -0.9586 -0.0656
vn -0.2769 -0.9587 -0.0656
vn 0.2825 -0.7930 -0.5397
vn 0.3959 -0.9143 -0.0853
vn 0.0260 0.5634 -0.8258
vn 0.0261 0.5634 -0.8258
vn -0.0272 -0.5635 0.8257
vn 0.9857 0.1215 0.1164
vn 0.9858 0.1217 0.1161
vn -0.9852 -0.1238 -0.1182
vn -0.9853 -0.1241 -0.1176
vn -0.9853 -0.1242 -0.1174
vn -0.9852 -0.1237 -0.1182
vn 0.9728 0.2312 -0.0155
vn -0.5497 -0.8315 -0.0799
vn -0.5497 -0.8315 -0.0800
vn 0.1859 -0.2075 -0.9604
vn 0.1860 -0.2072 -0.9605
vn 0.8611 0.1646 -0.4811
vn 0.8610 0.1646 -0.4811
vn 0.8937 -0.4474 -0.0342
vn 0.8937 -0.4473 -0.0343
vn 0.8937 -0.4474 -0.0343
vn 0.1052 -0.9922 -0.0676
vn 0.1052 -0.9921 -0.0676
vn -0.4215 -0.7315 -0.5359
vn -0.3240 0.9026 -0.2835
vn -0.3240 0.9026 -0.2834
vn 0.3198 -0.8630 -0.3910
vn -0.0000 -0.9986 -0.0527
vn -0.0000 -0.1483 0.9889
vn -0.9806 -0.1957 -0.0119
vn 0.9806 -0.1957 -0.0119
vn -0.3075 -0.9495 -0.0620
vn -0.3074 -0.9495 -0.0620
vn -0.0000 -0.6615 0.7499
vn 0.3075 -0.9495 -0.0620
vn 0.3074 -0.9495 -0.0620
vn -0.9998 0.0087 0.0155
vn -0.9998 0.0088 0.0155
vn -0.0000 0.2087 0.9780
vn 0.9998 0.0088 0.0155
vn -0.9792 -0.1970 0.0483
vn -0.9792 -0.1970 0.0484
vn 0.9783 -0.2000 0.0539
vn 0.3723 -0.9279 -0.0207
vn 0.3723 -0.9279 -0.0208
vn -0.0000 -0.9954 -0.0962
vn -0.3723 -0.9279 -0.0207
vn -0.3723 -0.9279 -0.0208
vn 0.3240 -0.8615 -0.3909
vn -0.3198 0.9041 -0.2834
vn 0.0691 0.0215 -0.9974
vn -0.0432 -0.1730 0.9840
vn -0.0435 -0.1730 0.9840
vn -0.4654 -0.6685 -0.5801
vn 0.9821 -0.0590 -0.1789
vn -0.0383 -0.7103 -0.7029
vn -0.0383 -0.7102 -0.7029
vn 0.8904 0.0051 0.4551
vn -0.8802 -0.4718 -0.0511
vn 0.0025 -0.9954 -0.0960
vn 0.0041 -0.9940 -0.1095
vn 0.0041 -0.9940 -0.1094
vn -0.0042 0.9991 0.0433
vn -0.0043 0.9991 0.0432
vn -0.0074 0.9995 0.0308
vn -0.0073 0.9995 0.0309
vn 0.0022 0.9915 0.1300
vn 0.0022 0.9915 0.1301
vn -0.7662 -0.2864 0.5753
vn 0.0073 -0.9998 0.0179
vn 0.0073 -0.9998 0.0178
vn 0.8018 0.0405 0.5962
vn -0.3198 -0.8630 -0.3910
vn 0.3240 0.9026 -0.2835
vn 0.3240 0.9026 -0.2834
vn -0.0022 0.9600 -0.2800
vn -0.0022 -0.9189 -0.3944
vn -0.0022 -0.9189 -0.3945
vn -0.9865 -0.0271 -0.1614
vn -0.9865 -0.0271 -0.1613
vn -0.9865 -0.0272 -0.1613
vn 0.9865 0.0466 -0.1570
vn 0.9865 0.0465 -0.1570
vn -0.9968 -0.0500 -0.0621
vn 0.9723 0.0315 -0.2316
vn 0.9723 0.0314 -0.2316
vn -0.9723 -0.0021 -0.2336
vn 0.9966 0.0612 -0.0553
vn 0.9966 0.0613 -0.0553
vn 0.0462 -0.0970 0.9942
vn -0.0466 -0.0190 0.9987
vn -0.0467 -0.0190 0.9987
vn 0.0679 0.1072 -0.9919
vn -0.0681 0.0197 -0.9975
vn 0.9865 -0.0271 -0.1613
vn 0.9865 -0.0271 -0.1614
vn -0.9865 0.0465 -0.1570
vn -0.9865 0.0466 -0.1570
vn 0.9968 -0.0500 -0.0621
vn -0.9723 0.0314 -0.2316
vn -0.9723 0.0315 -0.2316
vn 0.9723 -0.0021 -0.2336
vn 0.9723 -0.0022 -0.2336
vn -0.9966 0.0613 -0.0553
vn -0.9966 0.0612 -0.0553
vn -0.0462 -0.0970 0.9942
vn -0.0463 -0.0970 0.9942
vn 0.0466 -0.0190 0.9987
vn -0.0678 0.1072 -0.9919
vn 0.0682 0.0197 -0.9975
vn 0.0681 0.0197 -0.9975
vn 0.0463 -0.0970 0.9942
vn 0.0678 0.1072 -0.9919
vn -0.0682 0.0197 -0.9975
vn 0.0467 -0.0190 0.9987
vn -0.0679 0.1072 -0.9919
vn 0.5854 -0.8089 0.0542
vn 0.5855 -0.8089 0.0542
vn -0.5854 -0.8089 0.0542
vn -0.5855 -0.8089 0.0542
vn -0.8201 0.0252 -0.5716
vn -0.8201 0.0251 -0.5716
vt 0.910071 0.396572
vt 0.907748 0.386269
vt 0.912573 0.386204
vt 0.903496 0.391500
vt 0.916621 0.391703
vt 0.915597 0.431204
vt 0.913220 0.420908
vt 0.918045 0.420820
vt 0.909002 0.426157
vt 0.922137 0.426301
vt 0.941273 0.395773
vt 0.938896 0.385477
vt 0.943722 0.385389
vt 0.934678 0.390727
vt 0.947813 0.390870
vt 0.952303 0.320368
vt 0.954749 0.309987
vt 0.949925 0.310077
vt 0.945701 0.315331
vt 0.958827 0.315465
vt 0.772919 0.535625
vt 0.773189 0.551156
vt 0.768735 0.538232
vt 0.787462 0.538633
vt 0.782385 0.551169
vt 0.783380 0.535773
vt 0.540736 0.277819
vt 0.539590 0.289358
vt 0.514981 0.282256
vt 0.536389 0.267068
vt 0.527544 0.259569
vt 0.516227 0.257038
vt 0.505029 0.260056
vt 0.496516 0.267932
vt 0.492637 0.278865
vt 0.494284 0.290348
vt 0.501081 0.299749
vt 0.511469 0.304914
vt 0.523065 0.304659
vt 0.533213 0.299044
vt 0.569498 0.262897
vt 0.572439 0.282296
vt 0.560463 0.266516
vt 0.554148 0.273963
vt 0.552114 0.283509
vt 0.554654 0.292935
vt 0.561350 0.300037
vt 0.570557 0.303178
vt 0.580126 0.301684
vt 0.587880 0.295944
vt 0.592101 0.287289
vt 0.591905 0.277647
vt 0.587188 0.269227
vt 0.579136 0.263896
vt 0.535381 0.909127
vt 0.521729 0.913566
vt 0.521728 0.904694
vt 0.526941 0.897515
vt 0.535378 0.894772
vt 0.543816 0.897512
vt 0.549033 0.904688
vt 0.549034 0.913560
vt 0.543821 0.920739
vt 0.535384 0.923482
vt 0.526945 0.920743
vt 0.764830 0.491389
vt 0.768516 0.502730
vt 0.758868 0.495721
vt 0.756590 0.502731
vt 0.758868 0.509740
vt 0.764831 0.514072
vt 0.772201 0.514071
vt 0.778163 0.509739
vt 0.780441 0.502730
vt 0.778163 0.495720
vt 0.772200 0.491388
vt 0.919634 0.022278
vt 0.887134 0.066279
vt 0.914461 0.066638
vt 0.816417 0.167636
vt 0.814843 0.065139
vt 0.791337 0.065159
vt 0.862303 0.065839
vt 0.879341 0.176398
vt 0.949431 0.144329
vt 0.952488 0.167977
vt 0.963592 0.144435
vt 0.838475 0.065321
vt 0.786703 0.508485
vt 0.784550 0.506123
vt 0.786501 0.505650
vt 0.863391 0.546325
vt 0.899687 0.504289
vt 0.880376 0.557021
vt 0.844004 0.511573
vt 0.850718 0.530489
vt 0.899692 0.561364
vt 0.844000 0.491775
vt 0.919009 0.558830
vt 0.850706 0.473482
vt 0.936001 0.549721
vt 0.863318 0.458900
vt 0.948607 0.535042
vt 0.880403 0.449817
vt 0.955331 0.516843
vt 0.899634 0.447246
vt 0.955331 0.497043
vt 0.918952 0.451586
vt 0.948928 0.478400
vt 0.935738 0.461919
vt 0.939073 0.357302
vt 0.936693 0.347006
vt 0.941518 0.346917
vt 0.932476 0.352257
vt 0.945611 0.352397
vt 0.376855 0.048145
vt 0.375245 0.008271
vt 0.378468 0.008270
vt 0.060879 0.048146
vt 0.059263 0.008272
vt 0.062485 0.008271
vt 0.455037 0.048145
vt 0.453430 0.008270
vt 0.456652 0.008270
vt 0.615459 0.048145
vt 0.613850 0.008269
vt 0.617075 0.008270
vt 0.695263 0.048147
vt 0.693661 0.008271
vt 0.696886 0.008272
vt 0.629211 0.802305
vt 0.632265 0.787146
vt 0.637354 0.802307
vt 0.621886 0.798241
vt 0.617342 0.791203
vt 0.616797 0.783078
vt 0.620396 0.776044
vt 0.627176 0.771984
vt 0.635318 0.771986
vt 0.642644 0.776050
vt 0.647187 0.783088
vt 0.647732 0.791212
vt 0.644133 0.798247
vt 0.613570 0.788449
vt 0.597697 0.783121
vt 0.613567 0.779924
vt 0.609313 0.772256
vt 0.601945 0.767499
vt 0.593440 0.766928
vt 0.586075 0.770696
vt 0.581824 0.777793
vt 0.581827 0.786318
vt 0.586082 0.793986
vt 0.593449 0.798743
vt 0.601955 0.799314
vt 0.609319 0.795546
vt 0.624057 0.815032
vt 0.624324 0.809201
vt 0.617179 0.812078
vt 0.614414 0.805105
vt 0.610180 0.809185
vt 0.610143 0.815031
vt 0.619944 0.819156
vt 0.620219 0.805059
vt 0.614142 0.819182
vt 0.495507 0.915827
vt 0.464647 0.917074
vt 0.496121 0.914861
vt 0.496403 0.899406
vt 0.465031 0.896047
vt 0.495824 0.898418
vt 0.581557 0.604519
vt 0.577075 0.605221
vt 0.581629 0.605482
vt 0.706007 0.552945
vt 0.707410 0.547781
vt 0.704604 0.547781
vt 0.577461 0.592180
vt 0.571888 0.592171
vt 0.574666 0.597531
vt 0.580295 0.597540
vt 0.577445 0.602891
vt 0.571872 0.602883
vt 0.569038 0.597523
vt 0.705995 0.552945
vt 0.704592 0.547782
vt 0.707399 0.547782
vt 0.352401 0.273350
vt 0.352996 0.375357
vt 0.285253 0.272966
vt 0.076748 0.370937
vt 0.077132 0.268509
vt 0.147767 0.265872
vt 0.495751 0.048145
vt 0.494145 0.008270
vt 0.497367 0.008271
vt 0.021840 0.048147
vt 0.020236 0.008271
vt 0.023460 0.008271
vt 0.884947 0.431798
vt 0.882569 0.421507
vt 0.887393 0.421416
vt 0.878345 0.426760
vt 0.891471 0.426894
vt 0.921193 0.755747
vt 0.928845 0.762379
vt 0.921194 0.765310
vt 0.929478 0.770091
vt 0.937760 0.765308
vt 0.712176 0.347727
vt 0.713018 0.344027
vt 0.716704 0.347676
vt 0.708170 0.345508
vt 0.739191 0.346458
vt 0.737729 0.342419
vt 0.742406 0.343791
vt 0.937758 0.755745
vt 0.929475 0.750963
vt 0.730522 0.344683
vt 0.734559 0.346917
vt 0.720478 0.345097
vt 0.948880 0.237203
vt 0.946500 0.226907
vt 0.951326 0.226818
vt 0.942284 0.232158
vt 0.955418 0.232298
vt 0.941518 0.346917
vt 0.945611 0.352397
vt 0.575556 0.048146
vt 0.573952 0.008267
vt 0.577176 0.008271
vt 0.140686 0.048146
vt 0.139068 0.008276
vt 0.142290 0.008271
vt 0.180589 0.048147
vt 0.178991 0.008271
vt 0.182214 0.008272
vt 0.946756 0.432078
vt 0.949203 0.421696
vt 0.944378 0.421787
vt 0.940154 0.427040
vt 0.953280 0.427174
vt 0.415946 0.048146
vt 0.414330 0.008269
vt 0.417553 0.008271
vt 0.858795 0.555661
vt 0.856150 0.562042
vt 0.853508 0.555659
vt 0.849769 0.559396
vt 0.849768 0.564683
vt 0.853505 0.568422
vt 0.858792 0.568424
vt 0.862531 0.564686
vt 0.862532 0.559400
vt 0.299486 0.048145
vt 0.297869 0.008271
vt 0.301094 0.008269
vt 0.226628 0.593232
vt 0.215600 0.578052
vt 0.233444 0.583850
vt 0.233444 0.572254
vt 0.226628 0.562873
vt 0.215600 0.559290
vt 0.204572 0.562873
vt 0.197756 0.572254
vt 0.197756 0.583850
vt 0.204572 0.593232
vt 0.215600 0.596815
vt 0.540736 0.277819
vt 0.536389 0.267068
vt 0.505029 0.260056
vt 0.492637 0.278865
vt 0.494285 0.290348
vt 0.501081 0.299749
vt 0.511469 0.304914
vt 0.533213 0.299044
vt 0.569498 0.262897
vt 0.560463 0.266516
vt 0.572439 0.282296
vt 0.554148 0.273963
vt 0.554654 0.292935
vt 0.561350 0.300037
vt 0.570557 0.303178
vt 0.580126 0.301684
vt 0.587880 0.295944
vt 0.587188 0.269227
vt 0.579136 0.263896
vt 0.100782 0.048146
vt 0.099177 0.008271
vt 0.102401 0.008272
vt 0.338577 0.048145
vt 0.336967 0.008270
vt 0.340189 0.008270
vt 0.946756 0.432078
vt 0.944378 0.421787
vt 0.949203 0.421696
vt 0.940154 0.427040
vt 0.953281 0.427174
vt 0.942284 0.232158
vt 0.655361 0.048146
vt 0.653742 0.008271
vt 0.656967 0.008271
vt 0.259583 0.048146
vt 0.257966 0.008273
vt 0.261190 0.008270
vt 0.221304 0.048145
vt 0.219693 0.008269
vt 0.222917 0.008270
vt 0.536464 0.048166
vt 0.534958 0.008283
vt 0.538180 0.008296
vt 0.726790 0.572661
vt 0.726799 0.457837
vt 0.734974 0.458031
vt 0.735311 0.572358
vt 0.737135 0.572581
vt 0.736796 0.458295
vt 0.745330 0.458207
vt 0.745302 0.572598
vt 0.731506 0.415853
vt 0.736362 0.416192
vt 0.737460 0.416369
vt 0.742931 0.416278
vt 0.736977 0.608953
vt 0.731521 0.609392
vt 0.742961 0.609152
vt 0.738086 0.609064
vt 0.746522 0.415882
vt 0.751318 0.457856
vt 0.751303 0.572668
vt 0.746578 0.609407
vt 0.898759 0.387910
vt 0.901719 0.410108
vt 0.895582 0.409110
vt 0.914537 0.381360
vt 0.906091 0.381010
vt 0.909899 0.410417
vt 0.917865 0.410328
vt 0.921510 0.388353
vt 0.923394 0.409603
vt 0.904228 0.422588
vt 0.907308 0.444781
vt 0.901786 0.443915
vt 0.923474 0.444917
vt 0.926987 0.422925
vt 0.929621 0.444071
vt 0.919979 0.415965
vt 0.911530 0.415658
vt 0.915480 0.445047
vt 0.929904 0.387157
vt 0.932984 0.409350
vt 0.927463 0.408484
vt 0.949150 0.409486
vt 0.952663 0.387494
vt 0.955297 0.408639
vt 0.945655 0.380534
vt 0.937206 0.380227
vt 0.941157 0.409616
vt 0.940945 0.311766
vt 0.937880 0.332983
vt 0.944023 0.333949
vt 0.956688 0.305133
vt 0.948240 0.304828
vt 0.952205 0.334214
vt 0.960170 0.334083
vt 0.963698 0.312089
vt 0.965695 0.333328
vt 0.609773 0.729892
vt 0.625434 0.729912
vt 0.625426 0.736051
vt 0.609765 0.736031
vt 0.647374 0.736079
vt 0.631713 0.736059
vt 0.631721 0.729920
vt 0.647382 0.729940
vt 0.609959 0.723608
vt 0.625620 0.723628
vt 0.625597 0.742335
vt 0.609936 0.742315
vt 0.773035 0.523514
vt 0.768330 0.523270
vt 0.788658 0.523857
vt 0.783948 0.523875
vt 0.766428 0.561300
vt 0.788332 0.562248
vt 0.801458 0.522297
vt 0.797241 0.542868
vt 0.758819 0.541838
vt 0.755594 0.521127
vt 0.769323 0.521447
vt 0.773789 0.521487
vt 0.783300 0.521888
vt 0.787745 0.521993
vt 0.798545 0.520419
vt 0.758587 0.519383
vt 0.765676 0.579351
vt 0.783382 0.579358
vt 0.783418 0.582938
vt 0.765712 0.582931
vt 0.783414 0.592070
vt 0.765709 0.592062
vt 0.783375 0.595650
vt 0.765670 0.595643
vt 0.782519 0.603581
vt 0.765332 0.607153
vt 0.765348 0.567841
vt 0.782532 0.571427
vt 0.792474 0.576380
vt 0.792465 0.598635
vt 0.785311 0.595106
vt 0.785317 0.579903
vt 0.443546 0.190319
vt 0.447706 0.062789
vt 0.441571 0.061699
vt 0.437502 0.191032
vt 0.569674 0.065134
vt 0.554558 0.051283
vt 0.553840 0.057443
vt 0.563792 0.069929
vt 0.548535 0.255099
vt 0.583279 0.247110
vt 0.577263 0.246032
vt 0.549133 0.250978
vt 0.483232 0.219892
vt 0.478054 0.227652
vt 0.449190 0.051251
vt 0.453636 0.060479
vt 0.621700 0.052252
vt 0.607424 0.064781
vt 0.592848 0.242555
vt 0.626285 0.248464
vt 0.724100 0.052251
vt 0.692431 0.216175
vt 0.730027 0.059218
vt 0.732189 0.187851
vt 0.255304 0.993096
vt 0.255309 0.995109
vt 0.202972 0.995217
vt 0.202968 0.993204
vt 0.741891 0.659563
vt 0.743742 0.613103
vt 0.786251 0.611144
vt 0.786022 0.657056
vt 0.566758 0.995587
vt 0.547832 0.995383
vt 0.547824 0.991614
vt 0.566749 0.991332
vt 0.489695 0.991841
vt 0.489702 0.995395
vt 0.466414 0.995563
vt 0.466406 0.991770
vt 0.513571 0.991792
vt 0.513579 0.995346
vt 0.527014 0.991764
vt 0.527021 0.995319
vt 0.753012 0.769244
vt 0.771478 0.775302
vt 0.782401 0.775355
vt 0.798298 0.769462
vt 0.808637 0.757846
vt 0.737994 0.757509
vt 0.395323 0.990727
vt 0.395335 0.996899
vt 0.379728 0.997128
vt 0.379714 0.990563
vt 0.699655 0.675089
vt 0.701919 0.661809
vt 0.705077 0.649940
vt 0.705267 0.669413
vt 0.338020 0.992925
vt 0.338024 0.994938
vt 0.322416 0.994970
vt 0.322412 0.992958
vt 0.701919 0.661809
vt 0.724815 0.659054
vt 0.726951 0.621119
vt 0.712880 0.635847
vt 0.711594 0.663210
vt 0.435143 0.991355
vt 0.435153 0.996107
vt 0.408861 0.996649
vt 0.408849 0.990922
vt 0.302910 0.992998
vt 0.302914 0.995010
vt 0.278114 0.995062
vt 0.278110 0.993049
vt 0.168761 0.995287
vt 0.168757 0.993275
vt 0.813403 0.617385
vt 0.818948 0.659174
vt 0.579197 0.991096
vt 0.579206 0.995771
vt 0.831366 0.628863
vt 0.828720 0.666819
vt 0.842093 0.680333
vt 0.844696 0.648826
vt 0.142729 0.993329
vt 0.142733 0.995341
vt 0.113677 0.995401
vt 0.113673 0.993389
vt 0.844696 0.648826
vt 0.828720 0.666819
vt 0.606477 0.989868
vt 0.606724 0.995462
vt 0.589769 0.995935
vt 0.592287 0.990772
vt 0.013107 0.995604
vt 0.013103 0.993602
vt 0.869925 0.728101
vt 0.863832 0.736970
vt 0.627300 0.988645
vt 0.627574 0.994842
vt 0.720275 0.738920
vt 0.708670 0.720615
vt 0.703527 0.712889
vt 0.699537 0.699657
vt 0.703527 0.712889
vt 0.699537 0.699657
vt 0.815601 0.750358
vt 0.824497 0.746645
vt 0.837171 0.746585
vt 0.851744 0.755467
vt 0.808637 0.757845
vt 0.351433 0.996865
vt 0.351421 0.990943
vt 0.771478 0.775302
vt 0.515228 0.452890
vt 0.515259 0.312610
vt 0.521653 0.312821
vt 0.522100 0.453189
vt 0.532347 0.312809
vt 0.533290 0.453099
vt 0.526420 0.453447
vt 0.525954 0.313064
vt 0.510908 0.453157
vt 0.510959 0.312863
vt 0.469684 0.236613
vt 0.481124 0.244036
vt 0.477439 0.247434
vt 0.467862 0.241279
vt 0.487853 0.255958
vt 0.482902 0.257457
vt 0.488308 0.269697
vt 0.483127 0.268813
vt 0.482302 0.282134
vt 0.478064 0.278944
vt 0.471143 0.290336
vt 0.468889 0.285528
vt 0.457412 0.292417
vt 0.457722 0.287120
vt 0.444247 0.287858
vt 0.447139 0.283354
vt 0.434846 0.277585
vt 0.439396 0.275202
vt 0.431345 0.264161
vt 0.436392 0.264299
vt 0.434484 0.250731
vt 0.438805 0.253229
vt 0.443423 0.240343
vt 0.446074 0.244547
vt 0.456108 0.235233
vt 0.456562 0.240210
vt 0.472322 0.252832
vt 0.465319 0.248308
vt 0.476329 0.260166
vt 0.476494 0.268503
vt 0.472778 0.275944
vt 0.466053 0.280781
vt 0.457872 0.281920
vt 0.450063 0.279210
vt 0.444399 0.273188
vt 0.442199 0.265202
vt 0.443975 0.257071
vt 0.449307 0.250713
vt 0.457007 0.247539
vt 0.484614 0.241174
vt 0.471327 0.232065
vt 0.492167 0.255176
vt 0.492346 0.270994
vt 0.485206 0.285032
vt 0.472454 0.294115
vt 0.457063 0.296208
vt 0.442253 0.291336
vt 0.431421 0.279903
vt 0.427099 0.264682
vt 0.430357 0.249142
vt 0.440502 0.236876
vt 0.455258 0.230720
vt 0.555022 0.257822
vt 0.568781 0.252255
vt 0.545416 0.269168
vt 0.542131 0.283720
vt 0.546157 0.298085
vt 0.556336 0.308934
vt 0.570380 0.313796
vt 0.585068 0.311557
vt 0.597003 0.302746
vt 0.603441 0.289443
vt 0.602949 0.274752
vt 0.595864 0.261864
vt 0.583530 0.253726
vt 0.873981 0.586891
vt 0.869362 0.572788
vt 0.889665 0.569277
vt 0.889596 0.586493
vt 0.909940 0.572931
vt 0.905206 0.586983
vt 0.906817 0.624749
vt 0.931906 0.643028
vt 0.902172 0.714662
vt 0.895083 0.709672
vt 0.893758 0.714413
vt 0.894467 0.721152
vt 0.889019 0.721969
vt 0.889054 0.713825
vt 0.883579 0.721103
vt 0.884346 0.714369
vt 0.875946 0.714525
vt 0.845156 0.643424
vt 0.872143 0.624620
vt 0.883055 0.709623
vt 0.889480 0.623707
vt 0.889076 0.708268
vt 0.920184 0.582801
vt 0.925346 0.600264
vt 0.906678 0.600207
vt 0.853727 0.600111
vt 0.872413 0.600114
vt 0.859032 0.582634
vt 0.889548 0.599925
vt 0.879295 0.719163
vt 0.898776 0.719263
vt 0.634585 0.277315
vt 0.637819 0.280607
vt 0.637819 0.298898
vt 0.634476 0.301018
vt 0.654022 0.280607
vt 0.654023 0.298898
vt 0.657256 0.277315
vt 0.657365 0.301018
vt 0.636777 0.302717
vt 0.655064 0.302717
vt 0.655064 0.276111
vt 0.636777 0.276111
vt 0.607130 0.275652
vt 0.622647 0.276728
vt 0.622925 0.302374
vt 0.608045 0.301763
vt 0.669194 0.276728
vt 0.684711 0.275652
vt 0.683796 0.301764
vt 0.668916 0.302374
vt 0.664193 0.251640
vt 0.662968 0.267146
vt 0.628872 0.267145
vt 0.627647 0.251639
vt 0.628873 0.311249
vt 0.662968 0.311249
vt 0.664193 0.326090
vt 0.627648 0.326090
vt 0.965263 0.766458
vt 0.938389 0.749836
vt 0.945742 0.737281
vt 0.973564 0.752119
vt 0.984183 0.559240
vt 0.954496 0.570371
vt 0.948716 0.557125
vt 0.977814 0.543821
vt 0.951658 0.724341
vt 0.980764 0.737054
vt 0.958801 0.583978
vt 0.989445 0.575017
vt 0.956553 0.710987
vt 0.986701 0.721495
vt 0.993425 0.591110
vt 0.962275 0.597825
vt 0.960614 0.697305
vt 0.991325 0.705582
vt 0.964783 0.611937
vt 0.996391 0.607343
vt 0.963648 0.683341
vt 0.994920 0.689428
vt 0.998218 0.623741
vt 0.966427 0.626173
vt 0.965739 0.669180
vt 0.997395 0.673101
vt 0.998991 0.640208
vt 0.967173 0.640509
vt 0.966955 0.654874
vt 0.998703 0.656682
vt 0.935533 0.747040
vt 0.942143 0.735314
vt 0.950741 0.572045
vt 0.945561 0.559844
vt 0.947734 0.722698
vt 0.954974 0.585190
vt 0.952616 0.709645
vt 0.958405 0.598719
vt 0.956617 0.696213
vt 0.960919 0.612517
vt 0.959656 0.682507
vt 0.962625 0.626468
vt 0.961774 0.668610
vt 0.963257 0.640533
vt 0.963002 0.654594
vt 0.911519 0.735740
vt 0.916997 0.724347
vt 0.924138 0.580842
vt 0.919660 0.568735
vt 0.921937 0.712888
vt 0.928062 0.592709
vt 0.926208 0.701290
vt 0.931212 0.604655
vt 0.929721 0.689507
vt 0.933533 0.616712
vt 0.932428 0.677545
vt 0.935021 0.628866
vt 0.934323 0.665445
vt 0.935634 0.641052
vt 0.935399 0.653266
vt 0.601550 0.510407
vt 0.581564 0.511880
vt 0.581315 0.503604
vt 0.601335 0.502771
vt 0.581197 0.495381
vt 0.601222 0.495129
vt 0.581202 0.487152
vt 0.601191 0.487479
vt 0.581357 0.478855
vt 0.601235 0.479814
vt 0.581608 0.470410
vt 0.601492 0.472134
vt 0.582316 0.461827
vt 0.601860 0.464305
vt 0.583195 0.453212
vt 0.602979 0.455934
vt 0.603671 0.533951
vt 0.584098 0.537601
vt 0.582920 0.528856
vt 0.602361 0.525828
vt 0.582152 0.520294
vt 0.601788 0.518058
vt 0.604007 0.510158
vt 0.603818 0.502600
vt 0.603709 0.495026
vt 0.603680 0.487449
vt 0.603742 0.479882
vt 0.603950 0.472341
vt 0.604303 0.464849
vt 0.605111 0.457484
vt 0.605569 0.532388
vt 0.604700 0.525130
vt 0.604257 0.517680
vt 0.685678 0.511326
vt 0.685796 0.503882
vt 0.685851 0.496434
vt 0.685861 0.488988
vt 0.685812 0.481554
vt 0.685650 0.474145
vt 0.685259 0.466790
vt 0.684379 0.459577
vt 0.684067 0.533446
vt 0.685013 0.526144
vt 0.685449 0.518752
vt 0.694342 0.511674
vt 0.687660 0.511178
vt 0.687766 0.503682
vt 0.694439 0.504009
vt 0.687817 0.496198
vt 0.694482 0.496421
vt 0.687831 0.488717
vt 0.694496 0.488835
vt 0.687792 0.481227
vt 0.694462 0.481177
vt 0.687639 0.473712
vt 0.694301 0.473343
vt 0.687215 0.466120
vt 0.693790 0.465224
vt 0.685941 0.458189
vt 0.692447 0.456840
vt 0.692081 0.535811
vt 0.685754 0.534314
vt 0.686964 0.526291
vt 0.693426 0.527591
vt 0.687439 0.518699
vt 0.694094 0.519504
vt 0.803211 0.567706
vt 0.842773 0.567706
vt 0.842773 0.579020
vt 0.803211 0.579020
vt 0.803211 0.556390
vt 0.842773 0.556390
vt 0.803211 0.545075
vt 0.842772 0.545075
vt 0.803211 0.533760
vt 0.842772 0.533760
vt 0.803211 0.522445
vt 0.842772 0.522445
vt 0.803211 0.601651
vt 0.842773 0.601651
vt 0.842773 0.612966
vt 0.803211 0.612966
vt 0.803211 0.590335
vt 0.842773 0.590335
vt 0.729993 0.325745
vt 0.721247 0.301918
vt 0.724376 0.299334
vt 0.739958 0.324334
vt 0.717323 0.296860
vt 0.716277 0.299785
vt 0.700065 0.299760
vt 0.699028 0.296832
vt 0.695088 0.301878
vt 0.691966 0.299285
vt 0.686270 0.325678
vt 0.676309 0.324237
vt 0.729927 0.203725
vt 0.736877 0.229802
vt 0.734924 0.229823
vt 0.727224 0.205337
vt 0.727217 0.285307
vt 0.734937 0.260834
vt 0.736915 0.260856
vt 0.729916 0.286926
vt 0.737556 0.236525
vt 0.737584 0.254120
vt 0.735649 0.254112
vt 0.735603 0.236530
vt 0.723101 0.208455
vt 0.732696 0.230056
vt 0.730857 0.231012
vt 0.721256 0.210006
vt 0.721264 0.280623
vt 0.730909 0.259649
vt 0.732719 0.260604
vt 0.723105 0.282179
vt 0.733432 0.236703
vt 0.733444 0.253955
vt 0.731584 0.253627
vt 0.731587 0.237033
vt 0.742583 0.236578
vt 0.742602 0.254071
vt 0.742041 0.261098
vt 0.734800 0.288811
vt 0.742006 0.229567
vt 0.734815 0.201851
vt 0.726698 0.256713
vt 0.716787 0.278048
vt 0.726499 0.252652
vt 0.726249 0.238069
vt 0.726622 0.233949
vt 0.716772 0.212568
vt 0.727610 0.193597
vt 0.732310 0.191253
vt 0.732266 0.299404
vt 0.727572 0.297046
vt 0.742269 0.335038
vt 0.730306 0.331325
vt 0.685939 0.331257
vt 0.673965 0.334934
vt 0.718344 0.202225
vt 0.724765 0.197572
vt 0.724738 0.293064
vt 0.718328 0.288394
vt 0.713217 0.208557
vt 0.717597 0.205791
vt 0.717592 0.284826
vt 0.713219 0.282047
vt 0.843004 0.829320
vt 0.817012 0.829813
vt 0.816537 0.855126
vt 0.844535 0.855437
vt 0.713531 0.819255
vt 0.687963 0.812755
vt 0.675709 0.841024
vt 0.704023 0.846502
vt 0.739423 0.823664
vt 0.732211 0.850149
vt 0.765282 0.826669
vt 0.760342 0.852618
vt 0.791058 0.828593
vt 0.788457 0.854262
vt 0.844542 0.976204
vt 0.814258 0.975281
vt 0.818932 0.993382
vt 0.852041 0.991296
vt 0.784407 0.974064
vt 0.785030 0.994126
vt 0.695620 0.969889
vt 0.665755 0.969720
vt 0.669418 0.990771
vt 0.697154 0.990747
vt 0.725235 0.971185
vt 0.726062 0.991886
vt 0.754798 0.972696
vt 0.755502 0.993166
vt 0.815813 0.911734
vt 0.845652 0.912095
vt 0.664363 0.901489
vt 0.695342 0.904303
vt 0.725848 0.906850
vt 0.755990 0.908970
vt 0.785933 0.910602
vt 0.937074 0.007696
vt 0.914702 0.009785
vt 0.938672 0.016723
vt 0.959746 0.003096
vt 0.961480 0.011566
vt 0.790565 0.009958
vt 0.766677 0.010156
vt 0.767823 0.065416
vt 0.814410 0.009960
vt 0.838176 0.010145
vt 0.861749 0.010419
vt 0.888603 0.010415
vt 0.912485 0.103708
vt 0.899366 0.092210
vt 0.817143 0.815395
vt 0.792008 0.814780
vt 0.842265 0.815390
vt 0.717763 0.805964
vt 0.694341 0.799942
vt 0.742197 0.810200
vt 0.767031 0.813050
vt 0.840989 0.791469
vt 0.817195 0.791550
vt 0.725052 0.782826
vt 0.704151 0.777050
vt 0.747286 0.786781
vt 0.770210 0.789400
vt 0.793512 0.790953
vt 0.898890 0.232263
vt 0.873829 0.227938
vt 0.862417 0.283363
vt 0.893531 0.266180
vt 0.807067 0.280897
vt 0.814314 0.220709
vt 0.772327 0.219018
vt 0.771165 0.285798
vt 0.846382 0.347755
vt 0.861616 0.352797
vt 0.802611 0.343909
vt 0.874840 0.358764
vt 0.899169 0.293076
vt 0.897892 0.370806
vt 0.922760 0.321837
vt 0.773067 0.343459
vt 0.966412 0.023700
vt 0.964235 0.020158
vt 0.944157 0.028728
vt 0.949033 0.032297
vt 0.933319 0.041718
vt 0.935927 0.046845
vt 0.973887 0.118467
vt 0.967879 0.117695
vt 0.969205 0.145023
vt 0.923592 0.067285
vt 0.927003 0.067292
vt 0.957694 0.172013
vt 0.934221 0.140751
vt 0.931507 0.185733
vt 0.954801 0.176605
vt 0.963263 0.101854
vt 0.954449 0.104286
vt 0.959187 0.109566
vt 0.966396 0.106726
vt 0.954189 0.036740
vt 0.968286 0.029087
vt 0.941231 0.050101
vt 0.933005 0.068808
vt 0.956507 0.113087
vt 0.938581 0.108714
vt 0.941966 0.100693
vt 0.933393 0.086793
vt 0.928167 0.090132
vt 0.939372 0.105554
vt 0.923939 0.097732
vt 0.967387 0.115128
vt 0.972367 0.115596
vt 0.921252 0.270406
vt 0.912956 0.254893
vt 0.905518 0.267099
vt 0.910467 0.283224
vt 0.937254 0.286637
vt 0.930900 0.302267
vt 0.935133 0.213745
vt 0.949234 0.210638
vt 0.950730 0.197043
vt 0.930704 0.202461
vt 0.917774 0.211628
vt 0.922697 0.223122
vt 0.907584 0.234914
vt 0.914092 0.236539
vt 0.771806 0.166868
vt 0.908015 0.201313
vt 0.911177 0.203471
vt 0.901381 0.232796
vt 0.896186 0.266473
vt 0.901604 0.291542
vt 0.924128 0.318092
vt 0.953830 0.180539
vt 0.929060 0.188878
vt 0.925958 0.267515
vt 0.918556 0.254208
vt 0.940506 0.282370
vt 0.937310 0.218995
vt 0.949525 0.216264
vt 0.919358 0.238501
vt 0.926600 0.227055
vt 0.793801 0.458969
vt 0.816084 0.465726
vt 0.781717 0.458951
vt 0.832887 0.471960
vt 0.841464 0.476591
vt 0.827100 0.469302
vt 0.895357 0.147606
vt 0.910743 0.142719
vt 0.803761 0.510792
vt 0.792449 0.506291
vt 0.816939 0.515322
vt 0.819094 0.519119
vt 0.812499 0.513531
vt 0.811671 0.518420
vt 0.802019 0.515895
vt 0.789937 0.510638
vt 0.948032 0.817243
vt 0.972200 0.808460
vt 0.987431 0.836012
vt 0.957427 0.844190
vt 0.967144 0.972198
vt 0.996906 0.973347
vt 0.986070 0.987907
vt 0.961088 0.985895
vt 0.999229 0.901862
vt 0.967706 0.904529
vt 0.941776 0.803341
vt 0.962442 0.795404
vt 0.932698 0.780176
vt 0.951741 0.772858
vt 0.922194 0.822339
vt 0.928529 0.849518
vt 0.919878 0.848982
vt 0.915785 0.832741
vt 0.869282 0.828099
vt 0.872428 0.854718
vt 0.895719 0.825641
vt 0.900310 0.852820
vt 0.875315 0.976299
vt 0.880538 0.989666
vt 0.906348 0.975333
vt 0.908202 0.987722
vt 0.644309 0.994270
vt 0.636473 0.972524
vt 0.875657 0.911555
vt 0.906013 0.909989
vt 0.893219 0.812310
vt 0.918105 0.808568
vt 0.745002 0.167368
vt 0.743822 0.065884
vt 0.867693 0.814309
vt 0.864932 0.790531
vt 0.888083 0.788203
vt 0.911873 0.784778
vt 0.936595 0.907566
vt 0.936920 0.973509
vt 0.742685 0.010553
vt 0.980392 0.117895
vt 0.977421 0.147320
vt 0.962780 0.173591
vt 0.963751 0.178511
vt 0.984102 0.022428
vt 0.984243 0.028174
vt 0.934837 0.986467
vt 0.663926 0.803043
vt 0.673609 0.790844
vt 0.982932 0.001495
vt 0.983551 0.009269
vt 0.685083 0.769133
vt 0.631909 0.898677
vt 0.646869 0.832149
vt 0.745647 0.286922
vt 0.745943 0.219471
vt 0.749183 0.346194
vt 0.985074 0.018246
vt 0.973327 0.097776
vt 0.974361 0.103702
vt 0.979198 0.113820
vt 0.964590 0.198552
vt 0.963396 0.212673
vt 0.963338 0.182179
vt 0.962321 0.218156
vt 0.775783 0.459890
vt 0.905950 0.833898
vt 0.908288 0.850333
vt 0.606599 0.557081
vt 0.611691 0.569228
vt 0.587754 0.551560
vt 0.587263 0.543460
vt 0.585577 0.592490
vt 0.578052 0.587378
vt 0.578052 0.568200
vt 0.585578 0.563088
vt 0.591152 0.564054
vt 0.602910 0.567556
vt 0.602911 0.584634
vt 0.591171 0.588150
vt 0.607862 0.592334
vt 0.583935 0.609993
vt 0.589049 0.597832
vt 0.608353 0.584235
vt 0.927701 0.348689
vt 0.930788 0.370881
vt 0.925265 0.370017
vt 0.946954 0.371012
vt 0.950461 0.349019
vt 0.953100 0.370164
vt 0.943450 0.342061
vt 0.935001 0.341757
vt 0.938961 0.371145
vt 0.359467 0.047350
vt 0.359779 0.007536
vt 0.393933 0.007536
vt 0.394243 0.047351
vt 0.539996 0.732134
vt 0.539992 0.763199
vt 0.508220 0.763195
vt 0.500801 0.732129
vt 0.503790 0.589046
vt 0.511217 0.557982
vt 0.540019 0.557985
vt 0.540015 0.589051
vt 0.543093 0.459675
vt 0.576881 0.459675
vt 0.576881 0.547722
vt 0.543093 0.547722
vt 0.539982 0.844151
vt 0.511180 0.844148
vt 0.540011 0.620116
vt 0.540000 0.701068
vt 0.508228 0.701064
vt 0.511209 0.620113
vt 0.509304 0.459675
vt 0.509304 0.547722
vt 0.043491 0.047354
vt 0.043797 0.007539
vt 0.077950 0.007534
vt 0.078268 0.047349
vt 0.437649 0.047350
vt 0.437964 0.007535
vt 0.472117 0.007538
vt 0.472425 0.047353
vt 0.424753 0.648485
vt 0.504584 0.648484
vt 0.496558 0.608568
vt 0.424753 0.608569
vt 0.504585 0.812719
vt 0.424754 0.812720
vt 0.424754 0.852635
vt 0.491933 0.852635
vt 0.653766 0.337163
vt 0.653766 0.383064
vt 0.697180 0.383064
vt 0.697180 0.337163
vt 0.424753 0.566367
vt 0.489464 0.566367
vt 0.491932 0.524165
vt 0.424753 0.524165
vt 0.424753 0.772804
vt 0.491933 0.772804
vt 0.489465 0.730602
vt 0.424753 0.730602
vt 0.610352 0.337163
vt 0.610352 0.383064
vt 0.424753 0.688400
vt 0.496558 0.688400
vt 0.610352 0.428964
vt 0.653766 0.428964
vt 0.697180 0.428964
vt 0.554636 0.453330
vt 0.555705 0.319412
vt 0.549316 0.318992
vt 0.547790 0.452734
vt 0.563220 0.319481
vt 0.562082 0.453406
vt 0.568937 0.452923
vt 0.569613 0.319168
vt 0.540273 0.452659
vt 0.541799 0.318911
vt 0.598071 0.047350
vt 0.598386 0.007535
vt 0.632539 0.007538
vt 0.632847 0.047353
vt 0.677875 0.047347
vt 0.678198 0.007533
vt 0.712351 0.007543
vt 0.712651 0.047358
vt 0.678911 0.237738
vt 0.676484 0.231411
vt 0.716250 0.220405
vt 0.719176 0.234558
vt 0.675396 0.239874
vt 0.672793 0.234829
vt 0.680964 0.251475
vt 0.719666 0.251353
vt 0.677850 0.250336
vt 0.714680 0.278048
vt 0.673849 0.266458
vt 0.680586 0.253711
vt 0.718322 0.262314
vt 0.671706 0.262126
vt 0.677435 0.253577
vt 0.665026 0.241461
vt 0.666079 0.243315
vt 0.532154 0.861513
vt 0.532238 0.868534
vt 0.514472 0.868444
vt 0.514529 0.861385
vt 0.496829 0.868322
vt 0.496930 0.861281
vt 0.479132 0.868355
vt 0.479231 0.861325
vt 0.461200 0.868425
vt 0.461363 0.861505
vt 0.442846 0.868721
vt 0.442878 0.861545
vt 0.550184 0.868517
vt 0.550003 0.861599
vt 0.568483 0.861565
vt 0.568544 0.868737
vt 0.532286 0.872419
vt 0.514493 0.872473
vt 0.496815 0.872246
vt 0.479100 0.872241
vt 0.461291 0.872238
vt 0.444035 0.872593
vt 0.550111 0.872333
vt 0.567373 0.872618
vt 0.514561 0.857474
vt 0.532234 0.857635
vt 0.496885 0.857262
vt 0.479135 0.857452
vt 0.461375 0.857702
vt 0.443993 0.857659
vt 0.549975 0.857794
vt 0.567354 0.857680
vt 0.488712 0.883280
vt 0.488776 0.876254
vt 0.505168 0.876455
vt 0.505105 0.883483
vt 0.521619 0.876841
vt 0.521555 0.883867
vt 0.538186 0.877345
vt 0.538122 0.884372
vt 0.554810 0.877875
vt 0.554747 0.884901
vt 0.439054 0.883651
vt 0.439119 0.876626
vt 0.455750 0.876398
vt 0.455687 0.883425
vt 0.472323 0.876248
vt 0.472259 0.883274
vt 0.430814 0.868844
vt 0.430864 0.861712
vt 0.580671 0.861685
vt 0.580749 0.868813
vt 0.430867 0.872894
vt 0.580695 0.872872
vt 0.430821 0.857666
vt 0.580682 0.857632
vt 0.567743 0.878232
vt 0.567679 0.885281
vt 0.425966 0.883804
vt 0.426030 0.876753
vt 0.429429 0.867116
vt 0.425981 0.868168
vt 0.425539 0.862777
vt 0.429430 0.863132
vt 0.582124 0.867140
vt 0.582117 0.863152
vt 0.586018 0.862815
vt 0.585569 0.868208
vt 0.426306 0.860636
vt 0.569451 0.879162
vt 0.569408 0.883783
vt 0.426928 0.870385
vt 0.584634 0.870379
vt 0.424264 0.882339
vt 0.424306 0.877718
vt 0.585245 0.860636
vt 0.543932 0.599450
vt 0.552712 0.599489
vt 0.552405 0.622764
vt 0.543625 0.622725
vt 0.552377 0.646041
vt 0.543596 0.646002
vt 0.552607 0.669318
vt 0.543826 0.669279
vt 0.553005 0.692594
vt 0.544226 0.692554
vt 0.553440 0.715868
vt 0.544659 0.715829
vt 0.553763 0.739145
vt 0.544983 0.739106
vt 0.553863 0.762422
vt 0.545084 0.762383
vt 0.553685 0.785698
vt 0.544904 0.785659
vt 0.553247 0.808971
vt 0.544467 0.808932
vt 0.552640 0.832242
vt 0.543861 0.832203
vt 0.553244 0.576217
vt 0.544464 0.576178
vt 0.545104 0.552907
vt 0.553884 0.552946
vt 0.657412 0.802582
vt 0.652577 0.801328
vt 0.652445 0.780801
vt 0.657264 0.779475
vt 0.642068 0.763090
vt 0.645583 0.759538
vt 0.624223 0.752940
vt 0.625496 0.748113
vt 0.603693 0.753073
vt 0.602385 0.748262
vt 0.585979 0.763453
vt 0.582444 0.759945
vt 0.571017 0.780032
vt 0.575827 0.781297
vt 0.575958 0.801825
vt 0.571163 0.803141
vt 0.586337 0.819537
vt 0.582846 0.823080
vt 0.604182 0.829686
vt 0.602936 0.834504
vt 0.624713 0.829552
vt 0.626047 0.834353
vt 0.645986 0.822668
vt 0.642426 0.819172
vt 0.557683 0.608551
vt 0.566166 0.608536
vt 0.566174 0.627455
vt 0.557683 0.627517
vt 0.566193 0.646337
vt 0.557683 0.646485
vt 0.566222 0.665262
vt 0.557683 0.665453
vt 0.566253 0.684238
vt 0.557683 0.684422
vt 0.566278 0.703262
vt 0.557683 0.703390
vt 0.566287 0.722379
vt 0.557683 0.722357
vt 0.566236 0.741412
vt 0.557683 0.741323
vt 0.566154 0.760373
vt 0.557683 0.760291
vt 0.566253 0.778888
vt 0.557683 0.779260
vt 0.557683 0.551648
vt 0.566200 0.552370
vt 0.566098 0.570847
vt 0.557682 0.570616
vt 0.566139 0.589687
vt 0.557683 0.589584
vt 0.600847 0.860978
vt 0.603826 0.840771
vt 0.609241 0.841570
vt 0.606262 0.861776
vt 0.620417 0.836272
vt 0.620417 0.841988
vt 0.614943 0.841988
vt 0.614942 0.836272
vt 0.614944 0.862413
vt 0.620417 0.862413
vt 0.626118 0.841570
vt 0.629099 0.861775
vt 0.554107 0.850989
vt 0.557285 0.829435
vt 0.563061 0.830287
vt 0.559883 0.851841
vt 0.574982 0.824636
vt 0.574982 0.830733
vt 0.569143 0.830733
vt 0.569143 0.824636
vt 0.569144 0.852520
vt 0.574982 0.852520
vt 0.581063 0.830288
vt 0.584243 0.851840
vt 0.476993 0.887899
vt 0.476603 0.892421
vt 0.469919 0.891993
vt 0.470113 0.887458
vt 0.463284 0.891850
vt 0.463284 0.887311
vt 0.456649 0.891993
vt 0.456455 0.887458
vt 0.449965 0.892421
vt 0.449575 0.887899
vt 0.443244 0.893134
vt 0.442656 0.888632
vt 0.436558 0.894128
vt 0.435775 0.889656
vt 0.429982 0.895400
vt 0.429006 0.890965
vt 0.423530 0.896954
vt 0.422365 0.892564
vt 0.504203 0.892564
vt 0.503038 0.896954
vt 0.496586 0.895400
vt 0.497562 0.890965
vt 0.490010 0.894128
vt 0.490793 0.889656
vt 0.483324 0.893134
vt 0.483912 0.888632
vt 0.580200 0.968541
vt 0.579745 0.959202
vt 0.570143 0.959861
vt 0.570702 0.968651
vt 0.519754 0.962117
vt 0.520155 0.972647
vt 0.547328 0.971225
vt 0.546906 0.960126
vt 0.514704 0.972426
vt 0.514560 0.962382
vt 0.502420 0.962488
vt 0.502380 0.972074
vt 0.545707 0.937148
vt 0.515908 0.937116
vt 0.517467 0.948575
vt 0.545899 0.947906
vt 0.518174 0.986617
vt 0.547939 0.983824
vt 0.510488 0.939722
vt 0.512069 0.949451
vt 0.512558 0.984711
vt 0.559641 0.969208
vt 0.559392 0.959900
vt 0.560182 0.979897
vt 0.558948 0.948436
vt 0.558203 0.939689
vt 0.568750 0.946813
vt 0.567111 0.937364
vt 0.568615 0.959024
vt 0.569141 0.969613
vt 0.569438 0.982268
vt 0.582549 0.969508
vt 0.582175 0.958038
vt 0.626809 0.816291
vt 0.626806 0.808259
vt 0.621418 0.802505
vt 0.613258 0.802296
vt 0.607511 0.808227
vt 0.607578 0.816225
vt 0.613100 0.821639
vt 0.620901 0.821825
vt 0.496133 0.907831
vt 0.464659 0.907359
vt 0.464688 0.905756
vt 0.496158 0.906432
vt 0.498474 0.907968
vt 0.499738 0.909028
vt 0.496123 0.909480
vt 0.497086 0.908141
vt 0.495762 0.919802
vt 0.464997 0.922517
vt 0.464648 0.909423
vt 0.464752 0.903693
vt 0.496208 0.904783
vt 0.501067 0.914242
vt 0.500698 0.915326
vt 0.496746 0.915821
vt 0.576138 0.608813
vt 0.581316 0.609182
vt 0.581360 0.608169
vt 0.576212 0.607823
vt 0.576719 0.611518
vt 0.581174 0.611900
vt 0.570601 0.608435
vt 0.571194 0.607838
vt 0.571680 0.605106
vt 0.571780 0.611300
vt 0.564273 0.783254
vt 0.562984 0.783265
vt 0.562980 0.804366
vt 0.564643 0.804351
vt 0.561582 0.783249
vt 0.561172 0.804345
vt 0.560181 0.783210
vt 0.559366 0.804296
vt 0.558894 0.783149
vt 0.557704 0.804217
vt 0.567074 0.783151
vt 0.565674 0.783214
vt 0.566450 0.804300
vt 0.568255 0.804218
vt 0.230153 0.273906
vt 0.233780 0.275189
vt 0.235288 0.285029
vt 0.228264 0.285225
vt 0.237165 0.314425
vt 0.228887 0.315456
vt 0.237579 0.374127
vt 0.231151 0.375076
vt 0.237298 0.388920
vt 0.232904 0.392935
vt 0.425446 0.278147
vt 0.421318 0.383310
vt 0.414508 0.382882
vt 0.418668 0.277606
vt 0.418747 0.499984
vt 0.411936 0.499633
vt 0.403499 0.080573
vt 0.409792 0.078192
vt 0.425867 0.156925
vt 0.419105 0.156702
vt 0.198135 0.263992
vt 0.194485 0.364528
vt 0.241450 0.496110
vt 0.235635 0.369404
vt 0.352236 0.497802
vt 0.230102 0.369312
vt 0.224990 0.272303
vt 0.236567 0.272269
vt 0.381239 0.058837
vt 0.382044 0.056884
vt 0.230013 0.496089
vt 0.194360 0.491247
vt 0.077602 0.493737
vt 0.014346 0.495222
vt 0.011897 0.378764
vt 0.007568 0.273758
vt 0.006256 0.152706
vt 0.019375 0.073138
vt 0.094162 0.072870
vt 0.082915 0.150698
vt 0.045015 0.050688
vt 0.100697 0.049825
vt 0.330483 0.060606
vt 0.327348 0.049831
vt 0.335714 0.082722
vt 0.346187 0.157365
vt 0.285468 0.153676
vt 0.282200 0.096621
vt 0.279606 0.077142
vt 0.276324 0.070304
vt 0.152376 0.068638
vt 0.152370 0.090911
vt 0.151639 0.149494
vt 0.478364 0.047350
vt 0.478680 0.007535
vt 0.512832 0.007539
vt 0.513139 0.047353
vt 0.004452 0.047349
vt 0.004772 0.007533
vt 0.038925 0.007541
vt 0.039229 0.047356
vt 0.873589 0.423196
vt 0.876667 0.445378
vt 0.870525 0.444413
vt 0.889332 0.416562
vt 0.880884 0.416257
vt 0.884849 0.445643
vt 0.892815 0.445512
vt 0.896343 0.423518
vt 0.898340 0.444757
vt 0.718495 0.351446
vt 0.711188 0.351347
vt 0.703965 0.349144
vt 0.746849 0.347317
vt 0.740115 0.350238
vt 0.718599 0.412589
vt 0.709109 0.412354
vt 0.699881 0.411829
vt 0.756213 0.409681
vt 0.746811 0.411003
vt 0.728088 0.412372
vt 0.725544 0.349473
vt 0.732894 0.351029
vt 0.737333 0.411866
vt 0.937509 0.228589
vt 0.940594 0.250782
vt 0.935072 0.249917
vt 0.956761 0.250913
vt 0.960268 0.228921
vt 0.962907 0.250065
vt 0.953258 0.221962
vt 0.944809 0.221657
vt 0.948767 0.251046
vt 0.677405 0.433176
vt 0.678294 0.431978
vt 0.679777 0.432150
vt 0.680368 0.433520
vt 0.679478 0.434718
vt 0.677995 0.434546
vt 0.682355 0.434010
vt 0.689963 0.448601
vt 0.684902 0.450514
vt 0.680960 0.434538
vt 0.683587 0.433166
vt 0.694427 0.445549
vt 0.679533 0.451176
vt 0.675359 0.433193
vt 0.676596 0.434027
vt 0.669086 0.448673
vt 0.664600 0.445648
vt 0.674160 0.450549
vt 0.549316 0.318992
vt 0.563220 0.319481
vt 0.540273 0.452659
vt 0.590435 0.448977
vt 0.590300 0.316651
vt 0.585545 0.316371
vt 0.585301 0.448632
vt 0.597816 0.316658
vt 0.597935 0.448921
vt 0.603064 0.448566
vt 0.602570 0.316368
vt 0.577783 0.448632
vt 0.578030 0.316368
vt 0.927701 0.348689
vt 0.950461 0.349019
vt 0.943450 0.342061
vt 0.938961 0.371145
vt 0.558169 0.047348
vt 0.558488 0.007535
vt 0.592641 0.007540
vt 0.592944 0.047355
vt 0.123298 0.047355
vt 0.123602 0.007540
vt 0.157755 0.007534
vt 0.158074 0.047349
vt 0.163201 0.047347
vt 0.163526 0.007533
vt 0.197679 0.007545
vt 0.197977 0.047359
vt 0.935398 0.423476
vt 0.932333 0.444692
vt 0.938476 0.445658
vt 0.951142 0.416842
vt 0.942693 0.416537
vt 0.946658 0.445923
vt 0.954624 0.445792
vt 0.958152 0.423798
vt 0.960149 0.445037
vt 0.398558 0.047354
vt 0.398865 0.007539
vt 0.433018 0.007535
vt 0.433334 0.047350
vt 0.719850 0.435999
vt 0.719851 0.440922
vt 0.706933 0.440925
vt 0.706932 0.436001
vt 0.719852 0.445845
vt 0.706934 0.445848
vt 0.706935 0.450771
vt 0.719853 0.450769
vt 0.719853 0.455691
vt 0.706935 0.455693
vt 0.719854 0.460615
vt 0.706936 0.460617
vt 0.706930 0.421232
vt 0.719848 0.421230
vt 0.719848 0.426153
vt 0.706931 0.426155
vt 0.719849 0.431076
vt 0.706931 0.431078
vt 0.829759 0.763090
vt 0.830384 0.765812
vt 0.824548 0.767523
vt 0.823727 0.763677
vt 0.821510 0.759352
vt 0.821628 0.755400
vt 0.826647 0.755633
vt 0.826531 0.759414
vt 0.829809 0.756233
vt 0.829651 0.759032
vt 0.839104 0.758944
vt 0.839174 0.757296
vt 0.842129 0.757436
vt 0.842061 0.759052
vt 0.830221 0.752177
vt 0.824102 0.751287
vt 0.837803 0.761713
vt 0.838182 0.763286
vt 0.838183 0.754409
vt 0.282098 0.047352
vt 0.282407 0.007538
vt 0.316559 0.007535
vt 0.316874 0.047349
vt 0.228128 0.530553
vt 0.226136 0.550938
vt 0.215500 0.550419
vt 0.215499 0.529937
vt 0.204862 0.550938
vt 0.202870 0.530553
vt 0.194327 0.552489
vt 0.190361 0.532394
vt 0.183991 0.555057
vt 0.178090 0.535443
vt 0.173956 0.558618
vt 0.166175 0.539671
vt 0.164313 0.563138
vt 0.154726 0.545038
vt 0.276273 0.545036
vt 0.266687 0.563137
vt 0.257044 0.558617
vt 0.264824 0.539670
vt 0.247007 0.555056
vt 0.252908 0.535442
vt 0.236672 0.552488
vt 0.240638 0.532394
vt 0.454876 0.903102
vt 0.456344 0.901488
vt 0.460115 0.908022
vt 0.458036 0.908685
vt 0.449346 0.899855
vt 0.449806 0.897722
vt 0.442938 0.899813
vt 0.442272 0.897733
vt 0.437367 0.902966
vt 0.435751 0.901499
vt 0.434114 0.908490
vt 0.431982 0.908026
vt 0.434064 0.914901
vt 0.431985 0.915567
vt 0.437228 0.920472
vt 0.435758 0.922086
vt 0.442743 0.923723
vt 0.442276 0.925855
vt 0.449156 0.923780
vt 0.449818 0.925859
vt 0.454736 0.920618
vt 0.456350 0.922087
vt 0.457980 0.915090
vt 0.460113 0.915556
vt 0.455717 0.909264
vt 0.453157 0.904765
vt 0.448691 0.902154
vt 0.443520 0.902133
vt 0.439027 0.904686
vt 0.436412 0.909149
vt 0.436383 0.914321
vt 0.438948 0.918810
vt 0.443404 0.921426
vt 0.448579 0.921460
vt 0.453073 0.918901
vt 0.455680 0.914432
vt 0.448032 0.919250
vt 0.444041 0.919241
vt 0.440587 0.917231
vt 0.438593 0.913771
vt 0.438600 0.909780
vt 0.440603 0.906329
vt 0.444072 0.904341
vt 0.448065 0.904343
vt 0.451518 0.906345
vt 0.453506 0.909806
vt 0.453494 0.913804
vt 0.451492 0.917262
vt 0.469684 0.236613
vt 0.477439 0.247434
vt 0.487853 0.255958
vt 0.483127 0.268813
vt 0.468889 0.285528
vt 0.471143 0.290336
vt 0.457722 0.287120
vt 0.447139 0.283354
vt 0.444247 0.287858
vt 0.439396 0.275202
vt 0.436392 0.264299
vt 0.431345 0.264161
vt 0.438805 0.253229
vt 0.446074 0.244547
vt 0.456562 0.240210
vt 0.456108 0.235233
vt 0.465319 0.248308
vt 0.472322 0.252832
vt 0.472778 0.275944
vt 0.457872 0.281920
vt 0.450063 0.279210
vt 0.442199 0.265202
vt 0.457007 0.247539
vt 0.484614 0.241174
vt 0.471327 0.232065
vt 0.492167 0.255176
vt 0.492346 0.270994
vt 0.485206 0.285032
vt 0.472454 0.294115
vt 0.457063 0.296208
vt 0.442253 0.291336
vt 0.431421 0.279903
vt 0.427099 0.264682
vt 0.440502 0.236876
vt 0.555022 0.257822
vt 0.568781 0.252255
vt 0.542131 0.283720
vt 0.556336 0.308934
vt 0.570380 0.313796
vt 0.603441 0.289443
vt 0.602949 0.274752
vt 0.595864 0.261864
vt 0.433501 0.945950
vt 0.480485 0.945950
vt 0.480485 0.969533
vt 0.433501 0.969533
vt 0.498479 0.943366
vt 0.498479 0.972116
vt 0.433501 0.987711
vt 0.480485 0.987711
vt 0.480485 0.927771
vt 0.433501 0.927771
vt 0.415507 0.972116
vt 0.415507 0.943366
vt 0.432692 0.465870
vt 0.432666 0.360299
vt 0.465452 0.360398
vt 0.465456 0.465781
vt 0.472761 0.518345
vt 0.465756 0.518668
vt 0.472443 0.465637
vt 0.496026 0.465346
vt 0.496355 0.517966
vt 0.505352 0.465697
vt 0.505657 0.518780
vt 0.432895 0.518893
vt 0.432903 0.307267
vt 0.465765 0.307508
vt 0.496361 0.308217
vt 0.505663 0.307400
vt 0.505365 0.360474
vt 0.496064 0.360824
vt 0.472768 0.307832
vt 0.472431 0.360542
vt 0.083395 0.047349
vt 0.083713 0.007534
vt 0.117867 0.007540
vt 0.118171 0.047355
vt 0.321189 0.047350
vt 0.321500 0.007536
vt 0.355654 0.007537
vt 0.355965 0.047351
vt 0.935398 0.423476
vt 0.932334 0.444692
vt 0.951142 0.416842
vt 0.942693 0.416537
vt 0.958152 0.423798
vt 0.960149 0.445037
vt 0.585301 0.448632
vt 0.603064 0.448566
vt 0.597935 0.448921
vt 0.577784 0.448632
vt 0.940594 0.250782
vt 0.637973 0.047354
vt 0.638279 0.007540
vt 0.672432 0.007535
vt 0.672749 0.047349
vt 0.707695 0.609848
vt 0.708816 0.564480
vt 0.715328 0.564134
vt 0.715381 0.610092
vt 0.702070 0.529736
vt 0.698592 0.508313
vt 0.719125 0.508702
vt 0.714840 0.529978
vt 0.602936 0.677899
vt 0.581304 0.677728
vt 0.581632 0.636135
vt 0.603264 0.636306
vt 0.578002 0.696802
vt 0.599640 0.698486
vt 0.599735 0.740080
vt 0.578101 0.740130
vt 0.577892 0.677701
vt 0.578220 0.636109
vt 0.711556 0.531295
vt 0.705301 0.531177
vt 0.603052 0.698478
vt 0.603147 0.740073
vt 0.719469 0.610029
vt 0.718274 0.561789
vt 0.706141 0.561801
vt 0.703421 0.609530
vt 0.581690 0.628721
vt 0.603336 0.627159
vt 0.577985 0.689388
vt 0.599623 0.691071
vt 0.603037 0.692001
vt 0.705179 0.537653
vt 0.711434 0.537771
vt 0.578271 0.629632
vt 0.242195 0.047354
vt 0.242501 0.007538
vt 0.276655 0.007534
vt 0.276971 0.047350
vt 0.443546 0.190319
vt 0.437502 0.191032
vt 0.441571 0.061699
vt 0.447706 0.062789
vt 0.569674 0.065134
vt 0.553840 0.057443
vt 0.577263 0.246032
vt 0.583279 0.247110
vt 0.478054 0.227652
vt 0.449190 0.051251
vt 0.453636 0.060479
vt 0.621700 0.052252
vt 0.592848 0.242555
vt 0.724100 0.052251
vt 0.692431 0.216175
vt 0.732189 0.187851
vt 0.203916 0.047351
vt 0.204229 0.007536
vt 0.238382 0.007536
vt 0.238693 0.047351
vt 0.519078 0.047326
vt 0.519494 0.007514
vt 0.553647 0.007603
vt 0.553854 0.047418
s 0
usemtl Tooner
f 4703/3129/3234 4704/3130/3234 4705/3131/3234
f 4706/3129/3235 4707/3132/3235 4708/3130/3235
f 4709/3133/3236 4710/3129/3236 4711/3131/3236
f 4712/3129/3237 4713/3131/3237 4714/3130/3237
f 4715/3129/3238 4716/3130/3238 4717/3132/3238
f 4718/3133/3239 4719/3131/3239 4720/3129/3239
f 4721/3134/3240 4722/3135/3240 4723/3136/3240
f 4724/3134/3241 4725/3137/3241 4726/3135/3241
f 4727/3138/3242 4728/3134/3242 4729/3136/3242
f 4730/3139/3243 4731/3140/3243 4732/3141/3243
f 4733/3139/3244 4734/3142/3244 4735/3140/3244
f 4736/3143/3245 4737/3139/3245 4738/3141/3245
f 4739/3144/3246 4740/3145/3246 4741/3146/3246
f 4742/3144/3247 4743/3146/3247 4744/3147/3247
f 4745/3148/3248 4746/3145/3248 4747/3144/3248
s 1
f 4748/3149/3249 4749/3150/3249 4750/3151/3249
s 0
f 4751/3152/3250 4752/3153/3250 4753/3154/3250
f 4754/3155/3251 4755/3156/3251 4756/3157/3251
f 4757/3158/3252 4758/3155/3252 4759/3157/3252
f 4760/3159/3253 4761/3158/3253 4762/3157/3253
f 4763/3160/3254 4764/3159/3254 4765/3157/3254
f 4766/3161/3255 4767/3160/3255 4768/3157/3255
f 4769/3162/3256 4770/3161/3256 4771/3157/3256
f 4772/3163/3257 4773/3162/3257 4774/3157/3257
f 4775/3164/3258 4776/3163/3258 4777/3157/3258
f 4778/3165/3259 4779/3164/3259 4780/3157/3259
f 4781/3157/3260 4782/3166/3260 4783/3165/3260
f 4784/3167/3261 4785/3166/3261 4786/3157/3261
f 4787/3168/3262 4788/3167/3262 4789/3157/3262
f 4790/3156/3263 4791/3168/3263 4792/3157/3263
f 4793/3169/3264 4794/3170/3264 4795/3171/3264
f 4796/3171/3265 4797/3170/3265 4798/3172/3265
f 4799/3172/3266 4800/3170/3266 4801/3173/3266
f 4802/3173/3267 4803/3170/3267 4804/3174/3267
f 4805/3174/3268 4806/3170/3268 4807/3175/3268
f 4808/3175/3269 4809/3170/3269 4810/3176/3269
f 4811/3176/3270 4812/3170/3270 4813/3177/3270
f 4814/3177/3271 4815/3170/3271 4816/3178/3271
f 4817/3178/3272 4818/3170/3272 4819/3179/3272
f 4820/3179/3273 4821/3170/3273 4822/3180/3273
f 4823/3180/3274 4824/3170/3274 4825/3181/3274
f 4826/3181/3275 4827/3170/3275 4828/3182/3275
f 4829/3182/3276 4830/3170/3276 4831/3169/3276
f 4832/3183/3277 4833/3184/3277 4834/3185/3277
f 4835/3183/3278 4836/3185/3278 4837/3186/3278
f 4838/3183/3279 4839/3186/3279 4840/3187/3279
f 4841/3183/3280 4842/3187/3280 4843/3188/3280
f 4844/3183/3281 4845/3188/3281 4846/3189/3281
f 4847/3183/3282 4848/3189/3282 4849/3190/3282
f 4850/3183/3283 4851/3190/3283 4852/3191/3283
f 4853/3183/3284 4854/3191/3284 4855/3192/3284
f 4856/3183/3285 4857/3192/3285 4858/3193/3285
f 4859/3183/3286 4860/3193/3286 4861/3184/3286
f 4862/3194/3287 4863/3195/3287 4864/3196/3287
f 4865/3196/3288 4866/3195/3288 4867/3197/3288
f 4868/3197/3289 4869/3195/3289 4870/3198/3289
s 1
f 4871/3198/3290 4872/3195/3290 4873/3199/3290
s 0
f 4874/3195/3291 4875/3200/3291 4876/3199/3291
f 4877/3200/3292 4878/3195/3292 4879/3201/3292
f 4880/3201/3293 4881/3195/3293 4882/3202/3293
f 4883/3202/3294 4884/3195/3294 4885/3203/3294
f 4886/3203/3295 4887/3195/3295 4888/3204/3295
f 4889/3195/3296 4890/3194/3296 4891/3204/3296
f 4892/3205/3297 4893/3206/3297 4894/3207/3297
f 4895/3208/3298 4896/3209/3298 4897/3210/3298
f 4898/3211/3299 4899/3212/3299 4900/3206/3299
f 4901/3213/3300 4902/3214/3300 4903/3215/3300
f 4904/3208/3301 4905/3216/3301 4906/3209/3301
f 4907/3205/3302 4908/3207/3302 4909/3206/3302
f 4910/3208/3303 4911/3210/3303 4912/3209/3303
f 4913/3211/3304 4914/3206/3304 4915/3212/3304
f 4916/3213/3305 4917/3215/3305 4918/3214/3305
f 4919/3217/3306 4920/3218/3306 4921/3219/3306
f 4922/3220/3307 4923/3221/3307 4924/3222/3307
f 4925/3223/3308 4926/3221/3308 4927/3224/3308
f 4928/3224/3309 4929/3221/3309 4930/3220/3309
f 4931/3222/3310 4932/3221/3310 4933/3225/3310
f 4934/3226/3311 4935/3221/3311 4936/3223/3311
f 4937/3225/3312 4938/3221/3312 4939/3227/3312
f 4940/3228/3313 4941/3221/3313 4942/3226/3313
f 4943/3227/3314 4944/3221/3314 4945/3229/3314
f 4946/3230/3315 4947/3221/3315 4948/3228/3315
f 4949/3229/3316 4950/3221/3316 4951/3231/3316
f 4952/3232/3317 4953/3221/3317 4954/3230/3317
f 4955/3231/3318 4956/3221/3318 4957/3233/3318
f 4958/3234/3319 4959/3221/3319 4960/3232/3319
f 4961/3233/3320 4962/3221/3320 4963/3235/3320
f 4964/3236/3321 4965/3221/3321 4966/3234/3321
f 4967/3235/3322 4968/3221/3322 4969/3237/3322
f 4970/3237/3323 4971/3221/3323 4972/3238/3323
f 4973/3238/3324 4974/3221/3324 4975/3236/3324
f 4976/3208/3325 4977/3209/3325 4978/3216/3325
f 4979/3239/3326 4980/3240/3326 4981/3241/3326
f 4982/3239/3327 4983/3242/3327 4984/3240/3327
f 4985/3243/3328 4986/3239/3328 4987/3241/3328
f 4988/3244/3329 4989/3245/3329 4990/3246/3329
f 4991/3247/3330 4992/3248/3330 4993/3249/3330
f 4994/3250/3331 4995/3251/3331 4996/3252/3331
f 4997/3253/3332 4998/3254/3332 4999/3255/3332
f 5000/3256/3333 5001/3257/3333 5002/3258/3333
f 5003/3259/3334 5004/3260/3334 5005/3261/3334
f 5006/3262/3335 5007/3260/3335 5008/3259/3335
f 5009/3263/3336 5010/3260/3336 5011/3262/3336
f 5012/3264/3337 5013/3260/3337 5014/3263/3337
f 5015/3265/3338 5016/3260/3338 5017/3264/3338
f 5018/3266/3339 5019/3260/3339 5020/3265/3339
f 5021/3267/3340 5022/3260/3340 5023/3266/3340
f 5024/3268/3341 5025/3260/3341 5026/3267/3341
f 5027/3269/3342 5028/3260/3342 5029/3268/3342
f 5030/3270/3343 5031/3260/3343 5032/3269/3343
f 5033/3271/3344 5034/3260/3344 5035/3270/3344
f 5036/3261/3345 5037/3260/3345 5038/3271/3345
f 5039/3272/3346 5040/3273/3346 5041/3274/3346
f 5042/3274/3347 5043/3273/3347 5044/3275/3347
f 5045/3275/3348 5046/3273/3348 5047/3276/3348
f 5048/3276/3349 5049/3273/3349 5050/3277/3349
f 5051/3277/3350 5052/3273/3350 5053/3278/3350
f 5054/3278/3351 5055/3273/3351 5056/3279/3351
f 5057/3279/3352 5058/3273/3352 5059/3280/3352
f 5060/3280/3353 5061/3273/3353 5062/3281/3353
f 5063/3281/3354 5064/3273/3354 5065/3282/3354
f 5066/3282/3355 5067/3273/3355 5068/3283/3355
f 5069/3283/3356 5070/3273/3356 5071/3284/3356
f 5072/3284/3357 5073/3273/3357 5074/3272/3357
f 5075/3259/3337 5076/3261/3337 5077/3260/3337
f 5078/3262/3358 5079/3259/3358 5080/3260/3358
f 5081/3263/3335 5082/3262/3335 5083/3260/3335
f 5084/3264/3334 5085/3263/3334 5086/3260/3334
f 5087/3265/3345 5088/3264/3345 5089/3260/3345
f 5090/3266/3344 5091/3265/3344 5092/3260/3344
s 1
f 5093/3267/3343 5094/3266/3343 5095/3260/3343
s 0
f 5096/3268/3342 5097/3267/3342 5098/3260/3342
f 5099/3269/3341 5100/3268/3341 5101/3260/3341
f 5102/3270/3340 5103/3269/3340 5104/3260/3340
s 1
f 5105/3271/3339 5106/3270/3339 5107/3260/3339
s 0
f 5108/3261/3338 5109/3271/3338 5110/3260/3338
f 5111/3272/3349 5112/3274/3349 5113/3273/3349
f 5114/3274/3348 5115/3275/3348 5116/3273/3348
f 5117/3275/3347 5118/3276/3347 5119/3273/3347
f 5120/3276/3346 5121/3277/3346 5122/3273/3346
f 5123/3277/3357 5124/3278/3357 5125/3273/3357
f 5126/3278/3356 5127/3279/3356 5128/3273/3356
f 5129/3279/3359 5130/3280/3359 5131/3273/3359
f 5132/3280/3354 5133/3281/3354 5134/3273/3354
f 5135/3281/3353 5136/3282/3353 5137/3273/3353
s 1
f 5138/3282/3360 5139/3283/3360 5140/3273/3360
s 0
f 5141/3283/3351 5142/3284/3351 5143/3273/3351
f 5144/3284/3350 5145/3272/3350 5146/3273/3350
f 5147/3285/3361 5148/3286/3361 5149/3287/3361
f 5150/3288/3362 5151/3289/3362 5152/3287/3362
f 5153/3289/3363 5154/3290/3363 5155/3287/3363
f 5156/3291/3364 5157/3285/3364 5158/3287/3364
f 5159/3292/3365 5160/3288/3365 5161/3287/3365
f 5162/3286/3366 5163/3292/3366 5164/3287/3366
f 5165/3293/3367 5166/3291/3367 5167/3287/3367
f 5168/3290/3368 5169/3293/3368 5170/3287/3368
f 5171/3285/3369 5172/3287/3369 5173/3286/3369
f 5174/3288/3370 5175/3287/3370 5176/3289/3370
f 5177/3289/3371 5178/3287/3371 5179/3290/3371
f 5180/3291/3372 5181/3287/3372 5182/3285/3372
f 5183/3292/3373 5184/3287/3373 5185/3288/3373
f 5186/3286/3374 5187/3287/3374 5188/3292/3374
f 5189/3293/3375 5190/3287/3375 5191/3291/3375
f 5192/3290/3376 5193/3287/3376 5194/3293/3376
f 5195/3294/3377 5196/3295/3377 5197/3296/3377
f 5198/3297/3378 5199/3298/3378 5200/3299/3378
f 5201/3294/3379 5202/3296/3379 5203/3295/3379
f 5204/3297/3377 5205/3299/3377 5206/3298/3377
f 5207/3300/3380 5208/3301/3380 5209/3302/3380
f 5210/3303/3381 5211/3304/3381 5212/3305/3381
f 5213/3306/3382 5214/3307/3382 5215/3308/3382
f 5216/3309/3383 5217/3306/3383 5218/3308/3383
s 1
f 5219/3310/3384 5220/3309/3384 5221/3308/3384
s 0
f 5222/3311/3385 5223/3310/3385 5224/3308/3385
f 5225/3312/3386 5226/3311/3386 5227/3308/3386
f 5228/3307/3387 5229/3312/3387 5230/3308/3387
f 5231/3306/3382 5232/3308/3382 5233/3307/3382
f 5234/3309/3388 5235/3308/3388 5236/3306/3388
s 1
f 5237/3310/3389 5238/3308/3389 5239/3309/3389
s 0
f 5240/3311/3390 5241/3308/3390 5242/3310/3390
f 5243/3312/3391 5244/3308/3391 5245/3311/3391
f 5246/3307/3392 5247/3308/3392 5248/3312/3392
f 5249/3300/3380 5250/3302/3380 5251/3301/3380
f 5252/3313/3381 5253/3314/3381 5254/3315/3381
s 1
f 5255/3316/3393 5256/3317/3394 5257/3318/3395
f 5258/3319/3396 5259/3320/3397 5260/3321/3398
f 5261/3316/3399 5262/3318/3400 5263/3317/3401
f 5264/3319/3402 5265/3321/3403 5266/3320/3404
s 0
f 5267/3322/3405 5268/3323/3405 5269/3324/3405
f 5270/3325/3406 5271/3326/3406 5272/3327/3406
f 5273/3328/3407 5274/3329/3407 5275/3330/3407
f 5276/3328/3408 5277/3331/3408 5278/3329/3408
f 5279/3332/3409 5280/3328/3409 5281/3330/3409
f 5282/3333/3410 5283/3334/3410 5284/3335/3410
f 5285/3335/3411 5286/3334/3411 5287/3336/3411
f 5288/3336/3412 5289/3334/3412 5290/3337/3412
f 5291/3338/3413 5292/3339/3413 5293/3340/3413
f 5294/3341/3414 5295/3339/3414 5296/3338/3414
f 5297/3342/3415 5298/3343/3415 5299/3344/3415
f 5300/3345/3416 5301/3334/3416 5302/3346/3416
f 5303/3347/3417 5304/3343/3417 5305/3348/3417
f 5306/3346/3418 5307/3334/3418 5308/3333/3418
f 5309/3337/3419 5310/3334/3419 5311/3345/3419
f 5312/3340/3420 5313/3339/3420 5314/3349/3420
f 5315/3348/3421 5316/3343/3421 5317/3342/3421
f 5318/3350/3422 5319/3351/3422 5320/3352/3422
f 5321/3350/3423 5322/3353/3423 5323/3351/3423
f 5324/3354/3424 5325/3350/3424 5326/3352/3424
f 5327/3239/3425 5328/3355/3425 5329/3240/3425
f 5330/3239/3426 5331/3240/3426 5332/3242/3426
f 5333/3356/3427 5334/3355/3427 5335/3239/3427
f 5336/3357/3428 5337/3358/3428 5338/3359/3428
f 5339/3360/3429 5340/3361/3429 5341/3362/3429
s 1
f 5342/3363/3430 5343/3364/3430 5344/3365/3430
s 0
f 5345/3366/3431 5346/3367/3431 5347/3368/3431
f 5348/3366/3432 5349/3368/3432 5350/3369/3432
f 5351/3370/3433 5352/3367/3433 5353/3366/3433
f 5354/3371/3434 5355/3372/3434 5356/3373/3434
f 5357/3374/3435 5358/3375/3435 5359/3376/3435
s 1
f 5360/3377/3436 5361/3375/3436 5362/3378/3436
s 0
f 5363/3378/3437 5364/3375/3437 5365/3379/3437
f 5366/3379/3438 5367/3375/3438 5368/3380/3438
f 5369/3380/3439 5370/3375/3439 5371/3381/3439
f 5372/3382/3440 5373/3375/3440 5374/3374/3440
f 5375/3376/3441 5376/3375/3441 5377/3377/3441
f 5378/3381/3442 5379/3375/3442 5380/3382/3442
f 5381/3383/3443 5382/3384/3443 5383/3385/3443
f 5384/3386/3444 5385/3387/3444 5386/3388/3444
f 5387/3388/3445 5388/3387/3445 5389/3389/3445
f 5390/3389/3446 5391/3387/3446 5392/3390/3446
f 5393/3390/3447 5394/3387/3447 5395/3391/3447
f 5396/3391/3448 5397/3387/3448 5398/3392/3448
f 5399/3392/3449 5400/3387/3449 5401/3393/3449
f 5402/3393/3450 5403/3387/3450 5404/3394/3450
f 5405/3394/3451 5406/3387/3451 5407/3395/3451
f 5408/3395/3452 5409/3387/3452 5410/3396/3452
f 5411/3396/3453 5412/3387/3453 5413/3386/3453
f 5414/3397/3454 5415/3157/3454 5416/3156/3454
f 5417/3398/3455 5418/3157/3455 5419/3397/3455
f 5420/3159/3456 5421/3157/3456 5422/3398/3456
f 5423/3160/3457 5424/3157/3457 5425/3159/3457
f 5426/3399/3458 5427/3157/3458 5428/3160/3458
f 5429/3162/3459 5430/3157/3459 5431/3399/3459
f 5432/3400/3460 5433/3157/3460 5434/3162/3460
f 5435/3401/3461 5436/3157/3461 5437/3400/3461
f 5438/3402/3462 5439/3157/3462 5440/3401/3462
f 5441/3157/3463 5442/3402/3463 5443/3403/3463
f 5444/3167/3464 5445/3157/3464 5446/3403/3464
f 5447/3404/3465 5448/3157/3465 5449/3167/3465
f 5450/3156/3466 5451/3157/3466 5452/3404/3466
f 5453/3405/3467 5454/3406/3467 5455/3407/3467
f 5456/3406/3468 5457/3408/3468 5458/3407/3468
f 5459/3408/3469 5460/3173/3469 5461/3407/3469
f 5462/3173/3470 5463/3409/3470 5464/3407/3470
f 5465/3409/3471 5466/3410/3471 5467/3407/3471
f 5468/3410/3472 5469/3411/3472 5470/3407/3472
f 5471/3411/3473 5472/3412/3473 5473/3407/3473
f 5474/3412/3474 5475/3413/3474 5476/3407/3474
f 5477/3413/3475 5478/3179/3475 5479/3407/3475
f 5480/3179/3476 5481/3180/3476 5482/3407/3476
f 5483/3180/3477 5484/3414/3477 5485/3407/3477
f 5486/3414/3478 5487/3415/3478 5488/3407/3478
f 5489/3415/3479 5490/3405/3479 5491/3407/3479
f 5492/3134/3480 5493/3136/3480 5494/3135/3480
f 5495/3134/3481 5496/3135/3481 5497/3137/3481
f 5498/3138/3482 5499/3136/3482 5500/3134/3482
f 5501/3328/3483 5502/3330/3483 5503/3329/3483
f 5504/3328/3484 5505/3329/3484 5506/3331/3484
f 5507/3332/3485 5508/3330/3485 5509/3328/3485
f 5510/3416/3486 5511/3417/3486 5512/3418/3486
f 5513/3144/3487 5514/3146/3487 5515/3145/3487
f 5516/3144/3488 5517/3147/3488 5518/3146/3488
f 5519/3148/3489 5520/3144/3489 5521/3145/3489
f 5522/3139/3490 5523/3141/3490 5524/3140/3490
f 5525/3139/3491 5526/3140/3491 5527/3142/3491
f 5528/3143/3492 5529/3141/3492 5530/3139/3492
f 5531/3419/3493 5532/3420/3493 5533/3421/3493
f 5534/3422/3494 5535/3423/3494 5536/3424/3494
f 5537/3422/3495 5538/3425/3495 5539/3423/3495
f 5540/3426/3496 5541/3422/3496 5542/3424/3496
f 5543/3350/3497 5544/3352/3497 5545/3351/3497
f 5546/3350/3498 5547/3351/3498 5548/3427/3498
f 5549/3354/3499 5550/3352/3499 5551/3350/3499
f 5552/3428/3500 5553/3429/3500 5554/3430/3500
f 5555/3431/3501 5556/3432/3501 5557/3433/3501
f 5558/3434/3502 5559/3435/3502 5560/3436/3502
f 5561/3437/3503 5562/3438/3503 5563/3439/3503
s 1
f 5564/3440/3504 5565/3441/3504 5566/3442/3504
f 5564/3440/3504 5566/3442/3504 5567/3443/3504
f 5568/3444/3505 5569/3445/3505 5570/3446/3505
f 5568/3444/3505 5570/3446/3505 5571/3447/3505
f 5572/3442/3506 5573/3441/3507 5574/3448/3506
f 5572/3442/3506 5574/3448/3506 5575/3449/3507
f 5576/3450/3508 5577/3451/3508 5578/3446/3508
f 5576/3450/3508 5578/3446/3508 5579/3445/3508
f 5580/3452/3509 5581/3453/3509 5582/3440/3509
f 5580/3452/3509 5582/3440/3509 5583/3443/3509
f 5584/3444/3510 5585/3447/3510 5586/3454/3510
f 5584/3444/3510 5586/3454/3510 5587/3455/3510
f 5588/3456/3511 5589/3457/3512 5590/3446/3512
f 5588/3456/3511 5590/3446/3512 5591/3451/3512
f 5592/3446/3513 5593/3457/3513 5594/3458/3513
f 5592/3446/3513 5594/3458/3513 5595/3447/3513
f 5596/3447/3514 5597/3458/3515 5598/3459/3514
f 5596/3447/3514 5598/3459/3514 5599/3454/3515
f 5600/3452/3516 5601/3443/3516 5602/3444/3516
f 5600/3452/3516 5602/3444/3516 5603/3455/3516
f 5604/3444/3517 5605/3443/3517 5606/3442/3517
f 5604/3444/3517 5606/3442/3517 5607/3445/3518
f 5608/3445/3519 5609/3442/3519 5610/3449/3519
f 5608/3445/3519 5610/3449/3519 5611/3450/3519
f 5612/3460/3520 5613/3132/3520 5614/3461/3520
f 5612/3460/3520 5614/3461/3520 5615/3462/3520
s 0
f 5616/3463/3521 5617/3131/3521 5618/3130/3521
f 5616/3463/3522 5618/3130/3522 5619/3464/3522
s 1
f 5620/3130/3523 5621/3132/3523 5622/3460/3523
f 5620/3130/3523 5622/3460/3523 5623/3464/3523
f 5624/3461/3524 5625/3132/3525 5626/3129/3524
f 5624/3461/3524 5626/3129/3524 5627/3465/3525
f 5628/3133/3526 5629/3466/3526 5630/3465/3526
f 5628/3133/3526 5630/3465/3526 5631/3129/3526
f 5632/3133/3527 5633/3131/3527 5634/3463/3527
f 5632/3133/3527 5634/3463/3527 5635/3467/3527
f 5636/3466/3528 5637/3133/3528 5638/3467/3528
f 5636/3466/3528 5638/3467/3528 5639/3468/3528
f 5640/3460/3529 5641/3462/3529 5642/3461/3529
f 5640/3460/3529 5642/3461/3529 5643/3132/3529
s 0
f 5644/3463/3530 5645/3464/3531 5646/3130/3531
f 5644/3463/3532 5646/3130/3532 5647/3131/3532
s 1
f 5648/3130/3533 5649/3464/3533 5650/3460/3533
f 5648/3130/3533 5650/3460/3533 5651/3132/3533
f 5652/3461/3534 5653/3465/3535 5654/3129/3534
f 5652/3461/3534 5654/3129/3534 5655/3132/3535
f 5656/3133/3536 5657/3129/3536 5658/3465/3536
f 5656/3133/3536 5658/3465/3536 5659/3466/3536
f 5660/3133/3537 5661/3467/3537 5662/3463/3537
f 5660/3133/3537 5662/3463/3537 5663/3131/3537
f 5664/3466/3538 5665/3468/3539 5666/3467/3539
f 5664/3466/3538 5666/3467/3539 5667/3133/3539
f 5668/3469/3540 5669/3137/3540 5670/3470/3540
f 5668/3469/3540 5670/3470/3540 5671/3471/3540
f 5672/3472/3541 5673/3138/3541 5674/3473/3542
f 5672/3472/3541 5674/3473/3542 5675/3474/3541
s 0
f 5676/3475/3543 5677/3136/3543 5678/3135/3543
f 5676/3475/3544 5678/3135/3544 5679/3476/3545
s 1
f 5680/3135/3546 5681/3137/3546 5682/3469/3546
f 5680/3135/3546 5682/3469/3546 5683/3476/3546
f 5684/3470/3547 5685/3137/3547 5686/3134/3547
f 5684/3470/3547 5686/3134/3547 5687/3477/3547
f 5688/3138/3548 5689/3472/3549 5690/3477/3549
f 5688/3138/3548 5690/3477/3549 5691/3134/3549
f 5692/3138/3550 5693/3136/3550 5694/3475/3550
f 5692/3138/3550 5694/3475/3550 5695/3473/3550
f 5696/3478/3551 5697/3142/3551 5698/3479/3551
f 5696/3478/3551 5698/3479/3551 5699/3480/3551
f 5700/3481/3552 5701/3143/3552 5702/3482/3552
f 5700/3481/3552 5702/3482/3552 5703/3483/3552
s 0
f 5704/3484/3553 5705/3141/3553 5706/3140/3553
f 5704/3484/3554 5706/3140/3554 5707/3485/3554
s 1
f 5708/3140/3555 5709/3142/3555 5710/3478/3555
f 5708/3140/3555 5710/3478/3555 5711/3485/3555
f 5712/3479/3556 5713/3142/3556 5714/3139/3556
f 5712/3479/3556 5714/3139/3556 5715/3486/3556
f 5716/3143/3557 5717/3481/3557 5718/3486/3558
f 5716/3143/3557 5718/3486/3558 5719/3139/3557
f 5720/3143/3559 5721/3141/3559 5722/3484/3559
f 5720/3143/3559 5722/3484/3559 5723/3482/3559
f 5724/3487/3560 5725/3488/3560 5726/3489/3560
f 5724/3487/3560 5726/3489/3560 5727/3147/3560
s 0
f 5728/3490/3561 5729/3491/3561 5730/3146/3561
f 5728/3490/3562 5730/3146/3562 5731/3145/3562
s 1
f 5732/3146/3563 5733/3491/3563 5734/3487/3563
f 5732/3146/3563 5734/3487/3563 5735/3147/3563
f 5736/3489/3564 5737/3492/3565 5738/3144/3565
f 5736/3489/3564 5738/3144/3565 5739/3147/3566
f 5740/3148/3567 5741/3144/3567 5742/3492/3567
f 5740/3148/3567 5742/3492/3567 5743/3493/3567
f 5744/3148/3568 5745/3494/3568 5746/3490/3568
f 5744/3148/3568 5746/3490/3568 5747/3145/3569
f 5748/3493/3570 5749/3495/3570 5750/3494/3570
f 5748/3493/3570 5750/3494/3570 5751/3148/3570
f 5752/3440/3571 5753/3441/3572 5754/3442/3572
f 5752/3440/3571 5754/3442/3572 5755/3443/3572
f 5756/3444/3573 5757/3445/3573 5758/3446/3573
f 5756/3444/3573 5758/3446/3573 5759/3447/3573
f 5760/3442/3574 5761/3441/3574 5762/3448/3574
f 5760/3442/3574 5762/3448/3574 5763/3449/3574
f 5764/3450/3575 5765/3451/3575 5766/3446/3575
f 5764/3450/3575 5766/3446/3575 5767/3445/3575
f 5768/3452/3576 5769/3453/3576 5770/3440/3576
f 5768/3452/3576 5770/3440/3576 5771/3443/3576
f 5772/3444/3577 5773/3447/3577 5774/3454/3577
f 5772/3444/3577 5774/3454/3577 5775/3455/3577
f 5776/3456/3578 5777/3457/3578 5778/3446/3578
f 5776/3456/3578 5778/3446/3578 5779/3451/3578
f 5780/3446/3513 5781/3457/3513 5782/3458/3513
f 5780/3446/3513 5782/3458/3513 5783/3447/3513
f 5784/3447/3579 5785/3458/3579 5786/3459/3579
f 5784/3447/3579 5786/3459/3579 5787/3454/3579
f 5788/3452/3580 5789/3443/3580 5790/3444/3580
f 5788/3452/3580 5790/3444/3580 5791/3455/3580
f 5792/3444/3518 5793/3443/3517 5794/3442/3518
f 5792/3444/3518 5794/3442/3518 5795/3445/3518
f 5796/3445/3581 5797/3442/3581 5798/3449/3581
f 5796/3445/3581 5798/3449/3581 5799/3450/3581
s 0
f 5800/3496/3582 5801/3497/3582 5802/3498/3582
f 5800/3496/3582 5802/3498/3582 5803/3499/3582
f 5804/3500/3583 5805/3501/3583 5806/3502/3583
f 5804/3500/3583 5806/3502/3583 5807/3503/3583
f 5808/3501/3584 5809/3498/3584 5810/3497/3584
f 5808/3501/3584 5810/3497/3584 5811/3502/3584
s 1
f 5812/3504/3585 5813/3505/3586 5814/3497/3586
f 5812/3504/3585 5814/3497/3586 5815/3496/3586
f 5816/3498/3587 5817/3506/3588 5818/3507/3589
f 5816/3498/3587 5818/3507/3589 5819/3499/3588
f 5820/3508/3590 5821/3149/3590 5822/3151/3590
f 5820/3508/3590 5822/3151/3590 5823/3509/3590
f 5824/3510/3591 5825/3152/3591 5826/3154/3591
f 5824/3510/3591 5826/3154/3591 5827/3511/3592
s 0
f 5828/3512/3593 5829/3150/3593 5830/3153/3593
f 5828/3512/3593 5830/3153/3593 5831/3513/3593
f 5832/3149/3594 5833/3508/3594 5834/3511/3594
f 5832/3149/3594 5834/3511/3594 5835/3154/3594
s 1
f 5836/3510/3595 5837/3514/3595 5838/3515/3595
f 5836/3510/3595 5838/3515/3595 5839/3152/3595
f 5840/3516/3596 5841/3517/3596 5842/3509/3596
f 5840/3516/3596 5842/3509/3596 5843/3151/3596
f 5844/3509/3597 5845/3518/3598 5846/3519/3598
f 5844/3509/3597 5846/3519/3598 5847/3508/3598
s 0
f 5848/3508/3599 5849/3519/3599 5850/3520/3599
f 5848/3508/3599 5850/3520/3599 5851/3511/3599
s 1
f 5852/3511/3600 5853/3520/3601 5854/3521/3601
f 5852/3511/3600 5854/3521/3601 5855/3510/3601
f 5856/3510/3602 5857/3521/3602 5858/3522/3602
f 5856/3510/3602 5858/3522/3602 5859/3514/3602
f 5860/3517/3603 5861/3523/3603 5862/3518/3603
f 5860/3517/3603 5862/3518/3603 5863/3509/3603
f 5864/3524/3604 5865/3525/3605 5866/3526/3605
f 5864/3524/3604 5866/3526/3605 5867/3527/3604
s 0
f 5868/3527/3606 5869/3526/3606 5870/3528/3606
f 5868/3527/3606 5870/3528/3606 5871/3529/3606
s 1
f 5872/3529/3607 5873/3528/3607 5874/3530/3607
f 5872/3529/3607 5874/3530/3607 5875/3531/3607
f 5876/3531/3608 5877/3530/3609 5878/3532/3609
f 5876/3531/3608 5878/3532/3609 5879/3533/3609
f 5880/3534/3610 5881/3535/3611 5882/3525/3611
f 5880/3534/3610 5882/3525/3611 5883/3524/3610
s 0
f 5884/3536/3612 5885/3537/3612 5886/3538/3612
f 5884/3536/3612 5886/3538/3612 5887/3539/3612
f 5888/3539/3613 5889/3538/3613 5890/3528/3613
f 5888/3539/3614 5890/3528/3614 5891/3526/3614
s 1
f 5892/3150/3615 5893/3512/3616 5894/3516/3615
f 5892/3150/3615 5894/3516/3615 5895/3151/3616
s 0
f 5896/3150/3617 5897/3149/3617 5898/3154/3617
f 5896/3150/3617 5898/3154/3617 5899/3153/3617
s 1
f 5900/3515/3618 5901/3513/3618 5902/3153/3618
f 5900/3515/3618 5902/3153/3618 5903/3152/3618
s 0
f 5904/3496/3582 5905/3499/3582 5906/3498/3582
f 5904/3496/3582 5906/3498/3582 5907/3497/3582
f 5908/3500/3583 5909/3503/3583 5910/3502/3583
f 5908/3500/3583 5910/3502/3583 5911/3501/3583
f 5912/3501/3584 5913/3502/3584 5914/3497/3584
f 5912/3501/3584 5914/3497/3584 5915/3498/3584
s 1
f 5916/3504/3588 5917/3496/3588 5918/3497/3588
f 5916/3504/3588 5918/3497/3588 5919/3505/3588
f 5920/3498/3586 5921/3499/3586 5922/3507/3586
f 5920/3498/3586 5922/3507/3586 5923/3506/3586
f 5924/3540/3619 5925/3541/3619 5926/3542/3619
f 5924/3540/3619 5926/3542/3619 5927/3543/3619
f 5928/3544/3620 5929/3545/3620 5930/3546/3620
f 5928/3544/3620 5930/3546/3620 5931/3547/3620
f 5932/3548/3621 5933/3549/3621 5934/3550/3621
f 5932/3548/3621 5934/3550/3621 5935/3551/3621
f 5936/3544/3622 5937/3547/3623 5938/3550/3622
f 5936/3544/3622 5938/3550/3622 5939/3549/3622
f 5940/3552/3624 5941/3553/3624 5942/3548/3624
f 5940/3552/3624 5942/3548/3624 5943/3551/3624
f 5944/3554/3625 5945/3555/3625 5946/3546/3625
f 5944/3554/3625 5946/3546/3625 5947/3545/3625
f 5948/3546/3626 5949/3555/3626 5950/3552/3626
f 5948/3546/3626 5950/3552/3626 5951/3551/3626
f 5952/3547/3627 5953/3546/3627 5954/3551/3628
f 5952/3547/3627 5954/3551/3628 5955/3550/3628
f 5956/3556/3629 5957/3557/3629 5958/3558/3630
f 5956/3556/3629 5958/3558/3630 5959/3559/3629
f 5960/3560/3631 5961/3556/3632 5962/3559/3631
f 5960/3560/3631 5962/3559/3631 5963/3561/3631
f 5964/3562/3633 5965/3560/3633 5966/3561/3633
f 5964/3562/3633 5966/3561/3633 5967/3563/3634
f 5968/3541/3635 5969/3555/3635 5970/3554/3635
f 5968/3541/3635 5970/3554/3635 5971/3542/3635
f 5972/3555/3636 5973/3541/3637 5974/3540/3636
f 5972/3555/3636 5974/3540/3636 5975/3552/3636
f 5976/3540/3638 5977/3543/3638 5978/3553/3638
f 5976/3540/3638 5978/3553/3638 5979/3552/3638
s 0
f 5980/3564/3639 5981/3565/3639 5982/3566/3639
f 5980/3564/3639 5982/3566/3639 5983/3567/3639
s 1
f 5984/3568/3640 5985/3569/3641 5986/3570/3641
f 5984/3568/3640 5986/3570/3641 5987/3571/3641
f 5988/3570/3642 5989/3569/3643 5990/3568/3644
f 5988/3570/3642 5990/3568/3644 5991/3571/3643
s 0
f 5992/3572/3645 5993/3573/3645 5994/3574/3645
s 1
f 5992/3572/3645 5994/3574/3645 5995/3575/3645
s 0
f 5996/3576/3646 5997/3577/3646 5998/3578/3646
f 5996/3576/3646 5998/3578/3646 5999/3579/3646
f 6000/3580/3647 6001/3581/3647 6002/3577/3647
f 6000/3580/3647 6002/3577/3647 6003/3576/3647
f 6004/3582/3648 6005/3583/3648 6006/3581/3648
f 6004/3582/3649 6006/3581/3649 6007/3580/3649
f 6008/3574/3650 6009/3573/3650 6010/3583/3650
f 6008/3574/3650 6010/3583/3650 6011/3582/3650
s 1
f 6012/3584/3651 6013/3585/3652 6014/3586/3653
f 6012/3584/3651 6014/3586/3653 6015/3587/3654
f 6016/3588/3655 6017/3587/3656 6018/3584/3657
f 6016/3588/3655 6018/3584/3657 6019/3589/3655
s 0
f 6020/3590/3658 6021/3591/3658 6022/3592/3658
f 6020/3590/3658 6022/3592/3658 6023/3593/3658
s 1
f 6024/3594/3659 6025/3595/3659 6026/3596/3659
f 6024/3594/3659 6026/3596/3659 6027/3597/3659
s 0
f 6028/3598/3660 6029/3599/3660 6030/3600/3660
f 6028/3598/3660 6030/3600/3660 6031/3601/3660
s 1
f 6032/3596/3661 6033/3602/3661 6034/3594/3661
f 6032/3596/3661 6034/3594/3661 6035/3597/3661
f 6036/3603/3662 6037/3604/3662 6038/3605/3663
f 6036/3603/3662 6038/3605/3663 6039/3606/3662
s 0
f 6040/3607/3664 6041/3608/3664 6042/3609/3664
f 6040/3607/3664 6042/3609/3664 6043/3610/3664
s 1
f 6044/3606/3665 6045/3605/3665 6046/3604/3665
f 6044/3606/3665 6046/3604/3665 6047/3603/3665
s 0
f 6048/3611/3666 6049/3612/3666 6050/3613/3666
f 6048/3611/3666 6050/3613/3666 6051/3614/3666
f 6052/3579/3667 6053/3578/3667 6054/3608/3667
f 6052/3579/3667 6054/3608/3667 6055/3607/3667
s 1
f 6056/3603/3668 6057/3604/3669 6058/3569/3669
f 6056/3603/3668 6058/3569/3669 6059/3568/3669
s 0
f 6060/3614/3670 6061/3613/3670 6062/3565/3670
f 6060/3614/3670 6062/3565/3670 6063/3564/3670
s 1
f 6064/3569/3671 6065/3604/3671 6066/3603/3671
f 6064/3569/3671 6066/3603/3671 6067/3568/3671
s 0
f 6068/3610/3672 6069/3609/3672 6070/3591/3672
f 6068/3610/3672 6070/3591/3672 6071/3590/3672
s 1
f 6072/3597/3673 6073/3596/3673 6074/3605/3673
f 6072/3597/3673 6074/3605/3673 6075/3606/3673
s 0
f 6076/3601/3674 6077/3600/3674 6078/3612/3674
f 6076/3601/3674 6078/3612/3674 6079/3611/3674
s 1
f 6080/3605/3675 6081/3596/3675 6082/3597/3675
f 6080/3605/3675 6082/3597/3675 6083/3606/3675
s 0
f 6084/3567/3676 6085/3566/3676 6086/3615/3676
f 6084/3567/3676 6086/3615/3676 6087/3616/3676
s 1
f 6088/3570/3677 6089/3617/3678 6090/3618/3677
f 6088/3570/3677 6090/3618/3677 6091/3571/3678
f 6092/3619/3679 6093/3620/3680 6094/3572/3680
f 6092/3619/3679 6094/3572/3680 6095/3575/3680
f 6096/3618/3681 6097/3617/3681 6098/3570/3682
f 6096/3618/3681 6098/3570/3682 6099/3571/3682
f 6100/3621/3683 6101/3622/3683 6102/3623/3683
f 6100/3621/3683 6102/3623/3683 6103/3624/3683
s 0
f 6104/3625/3684 6105/3626/3684 6106/3627/3684
f 6104/3625/3684 6106/3627/3684 6107/3628/3684
s 1
f 6108/3629/3685 6109/3623/3686 6110/3630/3685
f 6108/3629/3685 6110/3630/3685 6111/3621/3685
f 6112/3631/3687 6113/3632/3687 6114/3633/3687
f 6112/3631/3687 6114/3633/3687 6115/3634/3687
f 6116/3616/3688 6117/3615/3688 6118/3626/3688
s 0
f 6116/3616/3688 6118/3626/3688 6119/3625/3688
s 1
f 6120/3617/3689 6121/3621/3689 6122/3630/3690
f 6120/3617/3689 6122/3630/3690 6123/3618/3690
f 6124/3634/3691 6125/3633/3691 6126/3620/3691
f 6124/3634/3691 6126/3620/3691 6127/3619/3691
f 6128/3622/3692 6129/3621/3692 6130/3617/3693
f 6128/3622/3692 6130/3617/3693 6131/3618/3693
s 0
f 6132/3628/3694 6133/3627/3694 6134/3635/3694
f 6132/3628/3694 6134/3635/3694 6135/3636/3694
s 1
f 6136/3629/3695 6137/3637/3695 6138/3638/3695
f 6136/3629/3695 6138/3638/3695 6139/3623/3695
s 0
f 6140/3639/3696 6141/3640/3696 6142/3632/3696
f 6140/3639/3697 6142/3632/3697 6143/3631/3697
s 1
f 6144/3638/3698 6145/3637/3698 6146/3624/3698
f 6144/3638/3698 6146/3624/3698 6147/3623/3698
f 6148/3603/3699 6149/3641/3699 6150/3589/3699
f 6148/3603/3699 6150/3589/3699 6151/3568/3699
f 6152/3641/3700 6153/3603/3700 6154/3606/3700
f 6152/3641/3700 6154/3606/3700 6155/3642/3700
f 6156/3597/3701 6157/3643/3701 6158/3642/3701
f 6156/3597/3701 6158/3642/3701 6159/3606/3701
f 6160/3594/3702 6161/3644/3703 6162/3643/3702
f 6160/3594/3702 6162/3643/3702 6163/3597/3703
f 6164/3645/3704 6165/3646/3704 6166/3594/3704
f 6164/3645/3704 6166/3594/3704 6167/3597/3704
f 6168/3642/3705 6169/3645/3705 6170/3597/3705
f 6168/3642/3705 6170/3597/3705 6171/3606/3705
f 6172/3642/3706 6173/3606/3706 6174/3603/3706
f 6172/3642/3706 6174/3603/3706 6175/3641/3706
f 6176/3589/3707 6177/3641/3707 6178/3603/3707
f 6176/3589/3707 6178/3603/3707 6179/3568/3707
f 6180/3588/3708 6181/3589/3709 6182/3568/3709
f 6180/3588/3708 6182/3568/3709 6183/3571/3710
f 6184/3618/3711 6185/3647/3711 6186/3588/3711
f 6184/3618/3711 6186/3588/3711 6187/3571/3712
f 6188/3630/3713 6189/3648/3713 6190/3647/3713
f 6188/3630/3713 6190/3647/3713 6191/3618/3713
f 6192/3623/3714 6193/3649/3714 6194/3648/3714
f 6192/3623/3714 6194/3648/3714 6195/3630/3714
f 6196/3638/3715 6197/3650/3716 6198/3649/3716
f 6196/3638/3715 6198/3649/3716 6199/3623/3716
f 6200/3649/3717 6201/3650/3717 6202/3638/3717
f 6200/3649/3717 6202/3638/3717 6203/3623/3718
f 6204/3622/3719 6205/3648/3719 6206/3649/3719
f 6204/3622/3719 6206/3649/3719 6207/3623/3719
f 6208/3647/3720 6209/3648/3720 6210/3622/3721
f 6208/3647/3720 6210/3622/3721 6211/3618/3720
f 6212/3651/3722 6213/3647/3723 6214/3618/3723
s 0
f 6212/3651/3724 6214/3618/3724 6215/3571/3724
s 1
f 6216/3568/3725 6217/3589/3725 6218/3651/3726
f 6216/3568/3725 6218/3651/3726 6219/3571/3727
s 0
f 6220/3593/3728 6221/3592/3728 6222/3652/3728
f 6220/3593/3728 6222/3652/3728 6223/3653/3728
f 6224/3653/3729 6225/3652/3729 6226/3599/3729
f 6224/3653/3729 6226/3599/3729 6227/3598/3729
s 1
f 6017/3587/3656 6228/3586/3730 6229/3654/3730
f 6017/3587/3656 6229/3654/3730 6018/3584/3657
f 6012/3584/3651 6015/3587/3654 6230/3651/3731
f 6012/3584/3651 6230/3651/3731 6231/3589/3731
f 6232/3655/3732 6233/3656/3733 6234/3657/3732
f 6232/3655/3732 6234/3657/3732 6235/3658/3732
f 6236/3659/3734 6237/3660/3735 6238/3661/3736
f 6236/3659/3734 6238/3661/3736 6239/3662/3734
f 6240/3655/3737 6241/3663/3738 6242/3664/3737
f 6240/3655/3737 6242/3664/3737 6243/3656/3737
f 6244/3661/3739 6245/3658/3739 6246/3657/3739
f 6244/3661/3739 6246/3657/3739 6247/3662/3740
f 6248/3665/3741 6249/3666/3741 6250/3667/3741
f 6248/3665/3741 6250/3667/3741 6251/3668/3741
f 6252/3666/3742 6253/3669/3742 6254/3670/3743
f 6252/3666/3742 6254/3670/3743 6255/3667/3744
f 6256/3669/3745 6257/3671/3746 6258/3672/3747
f 6256/3669/3745 6258/3672/3747 6259/3670/3746
f 6260/3671/3748 6261/3673/3748 6262/3674/3748
f 6260/3671/3748 6262/3674/3748 6263/3672/3748
f 6264/3673/3749 6265/3675/3749 6266/3676/3750
f 6264/3673/3749 6266/3676/3750 6267/3674/3749
f 6268/3675/3751 6269/3677/3751 6270/3678/3752
f 6268/3675/3751 6270/3678/3752 6271/3676/3753
s 0
f 6272/3678/3754 6273/3677/3754 6274/3679/3754
f 6272/3678/3755 6274/3679/3755 6275/3680/3755
s 1
f 6276/3679/3756 6277/3681/3756 6278/3682/3756
f 6276/3679/3756 6278/3682/3756 6279/3680/3756
f 6280/3681/3757 6281/3683/3758 6282/3684/3757
f 6280/3681/3757 6282/3684/3757 6283/3682/3757
f 6284/3683/3759 6285/3685/3759 6286/3686/3760
f 6284/3683/3759 6286/3686/3760 6287/3684/3759
f 6288/3685/3761 6289/3687/3762 6290/3688/3762
f 6288/3685/3761 6290/3688/3762 6291/3686/3761
f 6292/3687/3763 6293/3689/3764 6294/3690/3765
f 6292/3687/3763 6294/3690/3765 6295/3688/3766
f 6296/3690/3767 6297/3689/3767 6298/3665/3768
f 6296/3690/3767 6298/3665/3768 6299/3668/3769
s 0
f 6300/3668/3770 6301/3667/3770 6302/3691/3770
f 6300/3668/3771 6302/3691/3771 6303/3692/3771
s 1
f 6304/3667/3772 6305/3670/3773 6306/3693/3773
f 6304/3667/3772 6306/3693/3773 6307/3691/3773
f 6308/3670/3774 6309/3672/3775 6310/3694/3776
f 6308/3670/3774 6310/3694/3776 6311/3693/3776
f 6312/3672/3777 6313/3674/3778 6314/3695/3778
f 6312/3672/3777 6314/3695/3778 6315/3694/3777
f 6316/3674/3779 6317/3676/3780 6318/3696/3779
f 6316/3674/3779 6318/3696/3779 6319/3695/3781
f 6320/3676/3782 6321/3678/3782 6322/3697/3783
f 6320/3676/3782 6322/3697/3783 6323/3696/3784
s 0
f 6324/3697/3785 6325/3678/3785 6326/3680/3786
s 1
f 6324/3697/3787 6326/3680/3788 6327/3698/3787
s 0
f 6328/3680/3789 6329/3682/3789 6330/3699/3789
f 6328/3680/3790 6330/3699/3790 6331/3698/3790
s 1
f 6332/3682/3791 6333/3684/3792 6334/3700/3793
f 6332/3682/3791 6334/3700/3793 6335/3699/3792
f 6336/3686/3794 6337/3701/3795 6338/3700/3796
f 6336/3686/3794 6338/3700/3796 6339/3684/3795
f 6340/3686/3797 6341/3688/3798 6342/3702/3799
f 6340/3686/3797 6342/3702/3799 6343/3701/3798
f 6344/3688/3800 6345/3690/3801 6346/3703/3802
f 6344/3688/3800 6346/3703/3802 6347/3702/3803
f 6348/3703/3804 6349/3690/3805 6350/3668/3806
f 6348/3703/3804 6350/3668/3806 6351/3692/3804
f 6352/3704/3807 6353/3666/3808 6354/3665/3809
f 6352/3704/3807 6354/3665/3809 6355/3705/3810
f 6356/3706/3811 6357/3669/3812 6358/3666/3813
f 6356/3706/3811 6358/3666/3813 6359/3704/3814
f 6360/3707/3815 6361/3671/3816 6362/3669/3816
f 6360/3707/3815 6362/3669/3816 6363/3706/3816
f 6364/3708/3817 6365/3673/3817 6366/3671/3818
f 6364/3708/3817 6366/3671/3818 6367/3707/3817
f 6368/3709/3819 6369/3675/3820 6370/3673/3821
f 6368/3709/3819 6370/3673/3821 6371/3708/3822
s 0
f 6372/3710/3823 6373/3677/3823 6374/3675/3824
f 6372/3710/3825 6374/3675/3825 6375/3709/3825
s 1
f 6376/3711/3826 6377/3679/3826 6378/3677/3826
f 6376/3711/3826 6378/3677/3826 6379/3710/3826
f 6380/3712/3827 6381/3681/3828 6382/3679/3829
f 6380/3712/3827 6382/3679/3829 6383/3711/3828
f 6384/3713/3830 6385/3683/3831 6386/3681/3831
f 6384/3713/3830 6386/3681/3831 6387/3712/3831
f 6388/3713/3832 6389/3714/3832 6390/3685/3833
f 6388/3713/3832 6390/3685/3833 6391/3683/3832
f 6392/3715/3834 6393/3687/3834 6394/3685/3834
f 6392/3715/3834 6394/3685/3834 6395/3714/3834
f 6396/3716/3835 6397/3689/3836 6398/3687/3837
f 6396/3716/3835 6398/3687/3837 6399/3715/3837
f 6400/3665/3838 6401/3689/3839 6402/3716/3840
f 6400/3665/3838 6402/3716/3840 6403/3705/3841
f 6404/3717/3842 6405/3718/3842 6406/3169/3842
f 6404/3717/3842 6406/3169/3842 6407/3171/3842
f 6408/3719/3843 6409/3717/3844 6410/3171/3844
f 6408/3719/3843 6410/3171/3844 6411/3172/3844
f 6412/3719/3845 6413/3172/3845 6414/3173/3846
f 6412/3719/3845 6414/3173/3846 6415/3720/3845
f 6416/3721/3847 6417/3720/3848 6418/3173/3849
f 6416/3721/3847 6418/3173/3849 6419/3174/3849
f 6420/3722/3850 6421/3721/3851 6422/3174/3851
f 6420/3722/3850 6422/3174/3851 6423/3175/3851
f 6424/3176/3852 6425/3723/3853 6426/3722/3852
f 6424/3176/3852 6426/3722/3852 6427/3175/3853
f 6428/3724/3854 6429/3723/3854 6430/3176/3854
f 6428/3724/3854 6430/3176/3854 6431/3177/3854
f 6432/3725/3855 6433/3724/3856 6434/3177/3857
f 6432/3725/3855 6434/3177/3857 6435/3178/3856
f 6436/3726/3858 6437/3725/3858 6438/3178/3859
f 6436/3726/3858 6438/3178/3859 6439/3179/3860
f 6440/3727/3861 6441/3726/3862 6442/3179/3863
f 6440/3727/3861 6442/3179/3863 6443/3180/3862
f 6444/3728/3864 6445/3727/3865 6446/3180/3866
f 6444/3728/3864 6446/3180/3866 6447/3181/3864
f 6448/3729/3867 6449/3728/3868 6450/3181/3868
f 6448/3729/3867 6450/3181/3868 6451/3182/3868
f 6452/3169/3869 6453/3718/3869 6454/3729/3869
f 6452/3169/3869 6454/3729/3869 6455/3182/3869
f 6456/3730/3870 6457/3731/3870 6458/3732/3870
f 6456/3730/3870 6458/3732/3870 6459/3733/3870
f 6460/3733/3871 6461/3732/3872 6462/3734/3872
f 6460/3733/3871 6462/3734/3872 6463/3735/3872
f 6464/3736/3873 6465/3737/3873 6466/3738/3873
f 6464/3736/3873 6466/3738/3873 6467/3739/3873
f 6468/3740/3874 6469/3741/3874 6470/3742/3874
f 6468/3740/3874 6470/3742/3874 6471/3743/3874
f 6472/3743/3875 6473/3742/3875 6474/3744/3875
f 6472/3743/3875 6474/3744/3875 6475/3745/3875
f 6476/3746/3876 6477/3747/3876 6478/3748/3876
f 6476/3746/3876 6478/3748/3876 6479/3749/3876
f 6480/3750/3877 6481/3736/3877 6482/3739/3877
f 6480/3750/3877 6482/3739/3877 6483/3751/3877
f 6484/3749/3878 6485/3748/3878 6486/3750/3878
f 6484/3749/3878 6486/3750/3878 6487/3751/3879
f 6488/3735/3880 6489/3752/3881 6490/3753/3881
f 6488/3735/3880 6490/3753/3881 6491/3754/3881
f 6492/3754/3882 6493/3753/3882 6494/3737/3883
f 6492/3754/3882 6494/3737/3883 6495/3736/3882
f 6496/3748/3884 6497/3747/3885 6498/3755/3885
f 6496/3748/3884 6498/3755/3885 6499/3756/3885
f 6500/3756/3886 6501/3755/3886 6502/3757/3886
f 6500/3756/3886 6502/3757/3886 6503/3730/3886
f 6504/3736/3887 6505/3750/3888 6506/3758/3889
f 6504/3736/3887 6506/3758/3889 6507/3754/3888
f 6508/3750/3890 6509/3748/3891 6510/3756/3891
f 6508/3750/3890 6510/3756/3891 6511/3758/3892
f 6512/3758/3893 6513/3756/3894 6514/3730/3894
f 6512/3758/3893 6514/3730/3894 6515/3733/3894
f 6516/3754/3895 6517/3758/3896 6518/3733/3895
f 6516/3754/3895 6518/3733/3895 6519/3735/3895
f 6520/3745/3897 6521/3759/3897 6522/3746/3897
f 6520/3745/3897 6522/3746/3897 6523/3749/3897
f 6524/3739/3898 6525/3738/3898 6526/3760/3898
f 6524/3739/3898 6526/3760/3898 6527/3740/3899
f 6528/3745/3900 6529/3749/3900 6530/3751/3901
f 6528/3745/3900 6530/3751/3901 6531/3743/3900
f 6532/3743/3902 6533/3751/3902 6534/3739/3902
f 6532/3743/3902 6534/3739/3902 6535/3740/3902
f 6536/3761/3903 6537/3762/3903 6538/3763/3904
f 6536/3761/3903 6538/3763/3904 6539/3764/3903
s 0
f 6540/3762/3905 6541/3765/3905 6542/3766/3905
f 6540/3762/3906 6542/3766/3906 6543/3763/3906
s 1
f 6544/3765/3907 6545/3767/3907 6546/3768/3907
f 6544/3765/3907 6546/3768/3907 6547/3766/3907
s 0
f 6548/3769/3908 6549/3763/3908 6550/3766/3908
f 6548/3769/3909 6550/3766/3909 6551/3770/3909
f 6552/3771/3910 6553/3765/3910 6554/3762/3910
f 6552/3771/3910 6554/3762/3910 6555/3772/3910
s 1
f 6556/3773/3911 6557/3774/3911 6558/3775/3911
f 6556/3773/3911 6558/3775/3911 6559/3776/3911
f 6560/3777/3912 6561/3778/3913 6562/3779/3913
f 6560/3777/3912 6562/3779/3913 6563/3780/3913
s 0
f 6564/3781/3914 6565/3782/3914 6566/3783/3914
f 6564/3781/3914 6566/3783/3914 6567/3784/3914
s 1
f 6568/3774/3915 6569/3761/3915 6570/3764/3915
f 6568/3774/3915 6570/3764/3915 6571/3775/3916
s 0
f 6572/3782/3917 6573/3771/3917 6574/3772/3917
f 6572/3782/3917 6574/3772/3917 6575/3783/3917
s 1
f 6576/3767/3918 6577/3777/3919 6578/3780/3919
f 6576/3767/3918 6578/3780/3919 6579/3768/3918
s 0
f 6580/3785/3920 6581/3769/3920 6582/3770/3920
f 6580/3785/3920 6582/3770/3920 6583/3786/3920
f 6584/3785/3921 6585/3786/3921 6586/3787/3921
f 6584/3785/3921 6586/3787/3921 6587/3788/3921
f 6588/3789/3922 6589/3790/3922 6590/3791/3922
f 6588/3789/3923 6590/3791/3923 6591/3792/3923
f 6592/3793/3924 6593/3794/3924 6594/3795/3924
f 6592/3793/3925 6594/3795/3925 6595/3796/3925
f 6596/3792/3926 6597/3791/3926 6598/3797/3926
f 6596/3792/3927 6598/3797/3927 6599/3798/3927
f 6600/3799/3928 6601/3794/3928 6602/3793/3928
f 6600/3799/3929 6602/3793/3929 6603/3800/3929
f 6604/3798/3930 6605/3797/3930 6606/3801/3930
f 6604/3798/3931 6606/3801/3931 6607/3802/3931
f 6608/3803/3932 6609/3804/3932 6610/3799/3932
f 6608/3803/3933 6610/3799/3933 6611/3800/3933
f 6612/3801/3934 6613/3805/3934 6614/3806/3934
f 6612/3801/3935 6614/3806/3935 6615/3802/3935
f 6616/3807/3936 6617/3804/3936 6618/3803/3936
f 6616/3807/3937 6618/3803/3937 6619/3808/3937
f 6620/3806/3938 6621/3805/3938 6622/3809/3938
f 6620/3806/3939 6622/3809/3939 6623/3810/3939
f 6624/3811/3940 6625/3812/3940 6626/3807/3940
f 6624/3811/3940 6626/3807/3940 6627/3808/3940
f 6628/3810/3941 6629/3809/3941 6630/3813/3941
f 6628/3810/3942 6630/3813/3942 6631/3814/3942
f 6632/3815/3943 6633/3816/3943 6634/3812/3943
f 6632/3815/3943 6634/3812/3943 6635/3811/3943
f 6636/3813/3944 6637/3817/3944 6638/3818/3944
f 6636/3813/3945 6638/3818/3945 6639/3814/3945
f 6640/3818/3946 6641/3817/3946 6642/3816/3946
f 6640/3818/3947 6642/3816/3947 6643/3815/3947
s 1
f 6644/3790/3948 6645/3819/3949 6646/3820/3948
s 0
f 6644/3790/3948 6646/3820/3948 6647/3791/3950
f 6648/3794/3951 6649/3821/3952 6650/3822/3951
s 1
f 6648/3794/3953 6650/3822/3953 6651/3795/3954
s 0
f 6652/3791/3955 6653/3820/3955 6654/3823/3955
f 6652/3791/3956 6654/3823/3956 6655/3797/3956
s 1
f 6656/3824/3957 6657/3821/3958 6658/3794/3959
f 6656/3824/3957 6658/3794/3959 6659/3799/3960
s 0
f 6660/3797/3961 6661/3823/3961 6662/3825/3961
f 6660/3797/3962 6662/3825/3962 6663/3801/3962
s 1
f 6664/3804/3963 6665/3826/3963 6666/3824/3963
s 0
f 6664/3804/3964 6666/3824/3964 6667/3799/3964
f 6668/3825/3965 6669/3827/3966 6670/3805/3965
f 6668/3825/3967 6670/3805/3967 6671/3801/3967
f 6672/3828/3968 6673/3826/3968 6674/3804/3968
f 6672/3828/3969 6674/3804/3969 6675/3807/3968
s 1
f 6676/3805/3970 6677/3827/3971 6678/3829/3971
f 6676/3805/3970 6678/3829/3971 6679/3809/3972
s 0
f 6680/3812/3973 6681/3830/3973 6682/3828/3973
f 6680/3812/3974 6682/3828/3974 6683/3807/3974
s 1
f 6684/3809/3975 6685/3829/3976 6686/3831/3977
f 6684/3809/3975 6686/3831/3977 6687/3813/3978
s 0
f 6688/3816/3979 6689/3832/3979 6690/3830/3979
f 6688/3816/3980 6690/3830/3980 6691/3812/3980
s 1
f 6692/3831/3981 6693/3833/3982 6694/3817/3981
s 0
f 6692/3831/3983 6694/3817/3983 6695/3813/3983
s 1
f 6696/3817/3984 6697/3833/3985 6698/3832/3985
f 6696/3817/3984 6698/3832/3985 6699/3816/3986
s 0
f 6700/3819/3987 6701/3834/3987 6702/3835/3987
f 6700/3819/3988 6702/3835/3988 6703/3820/3989
f 6704/3821/3990 6705/3836/3990 6706/3837/3990
f 6704/3821/3991 6706/3837/3991 6707/3822/3991
f 6708/3820/3992 6709/3835/3992 6710/3838/3992
f 6708/3820/3993 6710/3838/3993 6711/3823/3993
f 6712/3836/3994 6713/3821/3994 6714/3824/3994
f 6712/3836/3995 6714/3824/3995 6715/3839/3995
f 6716/3823/3996 6717/3838/3996 6718/3840/3996
f 6716/3823/3997 6718/3840/3997 6719/3825/3997
f 6720/3826/3998 6721/3841/3999 6722/3839/3998
f 6720/3826/4000 6722/3839/4000 6723/3824/4000
f 6724/3842/4001 6725/3827/4001 6726/3825/4001
f 6724/3842/4002 6726/3825/4002 6727/3840/4002
f 6728/3841/4003 6729/3826/4003 6730/3828/4003
f 6728/3841/4004 6730/3828/4004 6731/3843/4004
f 6732/3827/4005 6733/3842/4005 6734/3844/4005
s 1
f 6732/3827/4006 6734/3844/4006 6735/3829/4005
s 0
f 6736/3830/4007 6737/3845/4007 6738/3843/4007
f 6736/3830/4008 6738/3843/4008 6739/3828/4008
f 6740/3829/4009 6741/3844/4009 6742/3846/4009
f 6740/3829/4010 6742/3846/4011 6743/3831/4010
f 6744/3832/4012 6745/3847/4012 6746/3845/4012
f 6744/3832/4012 6746/3845/4012 6747/3830/4012
f 6748/3848/4013 6749/3833/4013 6750/3831/4013
f 6748/3848/4014 6750/3831/4014 6751/3846/4014
f 6752/3833/4015 6753/3848/4015 6754/3847/4015
f 6752/3833/4015 6754/3847/4016 6755/3832/4016
s 1
f 6756/3730/4017 6757/3733/4017 6758/3732/4017
f 6756/3730/4017 6758/3732/4017 6759/3731/4017
f 6760/3733/4018 6761/3735/4019 6762/3734/4019
f 6760/3733/4018 6762/3734/4019 6763/3732/4019
f 6764/3736/4020 6765/3739/4020 6766/3738/4020
f 6764/3736/4020 6766/3738/4020 6767/3737/4020
f 6768/3740/4021 6769/3743/4021 6770/3742/4021
f 6768/3740/4021 6770/3742/4021 6771/3741/4021
f 6772/3743/4022 6773/3745/4022 6774/3744/4022
f 6772/3743/4022 6774/3744/4022 6775/3742/4022
f 6776/3746/4023 6777/3749/4023 6778/3748/4023
f 6776/3746/4023 6778/3748/4023 6779/3747/4023
f 6780/3750/4024 6781/3751/4024 6782/3739/4024
f 6780/3750/4024 6782/3739/4024 6783/3736/4024
f 6784/3749/4025 6785/3751/4026 6786/3750/4025
f 6784/3749/4025 6786/3750/4025 6787/3748/4025
f 6788/3735/4027 6789/3754/4027 6790/3753/4027
f 6788/3735/4027 6790/3753/4027 6791/3752/4027
f 6792/3754/4028 6793/3736/4029 6794/3737/4029
f 6792/3754/4028 6794/3737/4029 6795/3753/4029
f 6796/3748/4030 6797/3756/4031 6798/3755/4031
f 6796/3748/4030 6798/3755/4031 6799/3747/4031
f 6800/3756/4032 6801/3730/4032 6802/3757/4032
f 6800/3756/4032 6802/3757/4032 6803/3755/4032
f 6804/3736/4033 6805/3754/4034 6806/3758/4035
f 6804/3736/4033 6806/3758/4035 6807/3750/4036
f 6808/3750/4037 6809/3758/4038 6810/3756/4039
f 6808/3750/4037 6810/3756/4039 6811/3748/4039
f 6812/3758/4040 6813/3733/4041 6814/3730/4041
f 6812/3758/4040 6814/3730/4041 6815/3756/4041
f 6816/3754/4042 6817/3735/4042 6818/3733/4042
f 6816/3754/4042 6818/3733/4042 6819/3758/4043
f 6820/3745/4044 6821/3749/4044 6822/3746/4044
f 6820/3745/4044 6822/3746/4044 6823/3759/4044
f 6824/3739/4045 6825/3740/4045 6826/3760/4045
f 6824/3739/4045 6826/3760/4045 6827/3738/4046
f 6828/3745/4047 6829/3743/4047 6830/3751/4047
f 6828/3745/4047 6830/3751/4047 6831/3749/4047
f 6832/3743/4048 6833/3740/4048 6834/3739/4048
f 6832/3743/4048 6834/3739/4048 6835/3751/4048
f 6836/3849/4049 6837/3850/4049 6838/3851/4049
f 6836/3849/4049 6838/3851/4049 6839/3852/4049
f 6840/3852/4050 6841/3851/4050 6842/3853/4050
s 0
f 6840/3852/4050 6842/3853/4050 6843/3854/4050
f 6844/3854/4051 6845/3853/4051 6846/3855/4051
f 6844/3854/4051 6846/3855/4051 6847/3856/4051
f 6848/3856/4052 6849/3855/4052 6850/3857/4052
f 6848/3856/4052 6850/3857/4052 6851/3858/4052
f 6852/3857/4053 6853/3859/4053 6854/3860/4053
f 6852/3857/4054 6854/3860/4054 6855/3858/4054
f 6856/3860/4055 6857/3859/4055 6858/3861/4055
f 6856/3860/4055 6858/3861/4055 6859/3862/4055
f 6860/3862/4056 6861/3861/4056 6862/3863/4056
f 6860/3862/4056 6862/3863/4056 6863/3864/4056
f 6864/3865/4057 6865/3866/4057 6866/3867/4057
f 6864/3865/4057 6866/3867/4057 6867/3868/4057
f 6868/3868/4058 6869/3867/4058 6870/3869/4058
f 6868/3868/4058 6870/3869/4058 6871/3870/4058
f 6872/3869/4059 6873/3850/4059 6874/3849/4059
f 6872/3869/4059 6874/3849/4059 6875/3870/4059
s 1
f 6876/3871/4060 6877/3849/4060 6878/3852/4060
f 6876/3871/4060 6878/3852/4060 6879/3872/4061
f 6880/3872/4062 6881/3852/4062 6882/3854/4062
f 6880/3872/4062 6882/3854/4062 6883/3873/4062
f 6884/3873/4063 6885/3854/4064 6886/3856/4063
f 6884/3873/4063 6886/3856/4063 6887/3874/4063
f 6888/3874/4065 6889/3856/4065 6890/3858/4065
f 6888/3874/4065 6890/3858/4065 6891/3875/4065
f 6892/3860/4066 6893/3876/4067 6894/3875/4067
f 6892/3860/4066 6894/3875/4067 6895/3858/4066
f 6896/3876/4068 6897/3860/4068 6898/3862/4068
f 6896/3876/4068 6898/3862/4068 6899/3877/4068
f 6900/3877/4069 6901/3862/4070 6902/3864/4069
f 6900/3877/4069 6902/3864/4069 6903/3878/4069
f 6904/3879/4071 6905/3865/4071 6906/3868/4072
f 6904/3879/4071 6906/3868/4072 6907/3880/4071
f 6908/3880/4073 6909/3868/4074 6910/3870/4074
f 6908/3880/4073 6910/3870/4074 6911/3881/4073
f 6912/3849/4075 6913/3871/4075 6914/3881/4075
f 6912/3849/4075 6914/3881/4075 6915/3870/4075
f 6916/3882/4076 6917/3871/4076 6918/3872/4077
f 6916/3882/4076 6918/3872/4077 6919/3883/4076
f 6920/3883/4078 6921/3872/4078 6922/3873/4079
f 6920/3883/4078 6922/3873/4079 6923/3884/4079
f 6924/3884/4080 6925/3873/4081 6926/3874/4080
f 6924/3884/4080 6926/3874/4080 6927/3885/4081
f 6928/3885/4082 6929/3874/4083 6930/3875/4082
f 6928/3885/4082 6930/3875/4082 6931/3886/4082
f 6932/3876/4084 6933/3887/4084 6934/3886/4084
f 6932/3876/4084 6934/3886/4084 6935/3875/4084
f 6936/3887/4085 6937/3876/4085 6938/3877/4085
f 6936/3887/4085 6938/3877/4085 6939/3888/4085
f 6940/3888/4086 6941/3877/4086 6942/3878/4086
f 6940/3888/4086 6942/3878/4086 6943/3889/4086
f 6944/3890/4087 6945/3879/4087 6946/3880/4087
f 6944/3890/4087 6946/3880/4087 6947/3891/4087
f 6948/3891/4088 6949/3880/4088 6950/3881/4088
f 6948/3891/4088 6950/3881/4088 6951/3892/4088
f 6952/3871/4089 6953/3882/4089 6954/3892/4089
f 6952/3871/4089 6954/3892/4089 6955/3881/4089
f 6956/3893/4090 6957/3894/4091 6958/3895/4092
f 6956/3893/4090 6958/3895/4092 6959/3896/4091
f 6960/3896/4093 6961/3895/4094 6962/3897/4095
f 6960/3896/4093 6962/3897/4095 6963/3898/4094
f 6964/3898/4096 6965/3897/4097 6966/3899/4098
f 6964/3898/4096 6966/3899/4098 6967/3900/4097
f 6968/3900/4099 6969/3899/4100 6970/3901/4101
f 6968/3900/4099 6970/3901/4101 6971/3902/4100
f 6972/3901/4102 6973/3903/4103 6974/3904/4104
f 6972/3901/4102 6974/3904/4104 6975/3902/4103
f 6976/3904/4105 6977/3903/4106 6978/3905/4107
f 6976/3904/4105 6978/3905/4107 6979/3906/4106
f 6980/3906/4108 6981/3905/4109 6982/3907/4110
f 6980/3906/4108 6982/3907/4110 6983/3908/4109
f 6984/3909/4111 6985/3910/4112 6986/3911/4113
f 6984/3909/4111 6986/3911/4113 6987/3912/4114
f 6988/3912/4115 6989/3911/4116 6990/3913/4117
f 6988/3912/4115 6990/3913/4117 6991/3914/4116
f 6992/3913/4118 6993/3894/4119 6994/3893/4118
f 6992/3913/4118 6994/3893/4118 6995/3914/4119
f 6996/3883/4120 6997/3895/4121 6998/3894/4120
f 6996/3883/4120 6998/3894/4120 6999/3882/4121
f 7000/3884/4122 7001/3897/4122 7002/3895/4122
f 7000/3884/4122 7002/3895/4122 7003/3883/4122
f 7004/3885/4123 7005/3899/4124 7006/3897/4123
f 7004/3885/4123 7006/3897/4123 7007/3884/4123
f 7008/3886/4125 7009/3901/4125 7010/3899/4125
f 7008/3886/4125 7010/3899/4125 7011/3885/4125
f 7012/3887/4126 7013/3903/4126 7014/3901/4126
f 7012/3887/4126 7014/3901/4126 7015/3886/4126
f 7016/3888/4127 7017/3905/4128 7018/3903/4128
f 7016/3888/4127 7018/3903/4128 7019/3887/4128
f 7020/3889/4129 7021/3907/4129 7022/3905/4130
f 7020/3889/4129 7022/3905/4130 7023/3888/4130
f 7024/3891/4131 7025/3911/4131 7026/3910/4132
f 7024/3891/4131 7026/3910/4132 7027/3890/4132
f 7028/3892/4133 7029/3913/4133 7030/3911/4134
f 7028/3892/4133 7030/3911/4134 7031/3891/4133
f 7032/3882/4135 7033/3894/4135 7034/3913/4135
f 7032/3882/4135 7034/3913/4135 7035/3892/4136
s 0
f 7036/3915/4137 7037/3916/4137 7038/3917/4137
f 7036/3915/4137 7038/3917/4137 7039/3918/4137
s 1
f 7040/3919/4138 7041/3920/4138 7042/3916/4138
s 0
f 7040/3919/4138 7042/3916/4138 7043/3915/4138
f 7044/3921/4139 7045/3922/4139 7046/3920/4139
f 7044/3921/4139 7046/3920/4139 7047/3919/4139
f 7048/3922/4140 7049/3921/4140 7050/3923/4140
f 7048/3922/4140 7050/3923/4140 7051/3924/4140
s 1
f 7052/3925/4141 7053/3926/4141 7054/3924/4141
s 0
f 7052/3925/4141 7054/3924/4141 7055/3923/4141
f 7056/3927/4142 7057/3928/4142 7058/3929/4142
f 7056/3927/4142 7058/3929/4142 7059/3930/4142
f 7060/3931/4143 7061/3932/4143 7062/3928/4143
f 7060/3931/4143 7062/3928/4143 7063/3927/4143
f 7064/3932/4144 7065/3931/4144 7066/3918/4144
f 7064/3932/4144 7066/3918/4144 7067/3917/4144
s 1
f 7068/3933/4145 7069/3934/4145 7070/3935/4145
f 7068/3933/4145 7070/3935/4145 7071/3936/4145
s 0
f 7072/3937/4146 7073/3938/4146 7074/3939/4146
f 7072/3937/4146 7074/3939/4146 7075/3940/4146
s 1
f 7076/3935/4147 7077/3934/4147 7078/3938/4147
f 7076/3935/4147 7078/3938/4147 7079/3937/4147
f 7080/3940/4148 7081/3939/4148 7082/3941/4148
f 7080/3940/4148 7082/3941/4148 7083/3942/4148
f 7084/3941/4149 7085/3943/4149 7086/3944/4149
f 7084/3941/4149 7086/3944/4149 7087/3942/4149
f 7088/3945/4150 7089/3946/4150 7090/3947/4150
f 7088/3945/4150 7090/3947/4150 7091/3948/4151
f 7092/3949/4152 7093/3950/4152 7094/3951/4153
f 7092/3949/4152 7094/3951/4153 7095/3952/4152
f 7096/3953/4154 7097/3954/4155 7098/3955/4156
f 7096/3953/4154 7098/3955/4156 7099/3956/4157
f 7100/3956/4158 7101/3947/4158 7102/3946/4158
f 7100/3956/4158 7102/3946/4158 7103/3953/4159
f 7104/3954/4160 7105/3951/4160 7106/3950/4160
f 7104/3954/4160 7106/3950/4160 7107/3955/4160
f 7108/3957/4161 7109/3958/4161 7110/3959/4161
f 7108/3957/4161 7110/3959/4161 7111/3960/4161
f 7112/3961/4162 7113/3962/4163 7114/3963/4162
f 7112/3961/4162 7114/3963/4162 7115/3964/4163
s 0
f 7116/3965/4164 7117/3966/4165 7118/3967/4164
f 7116/3965/4166 7118/3967/4166 7119/3968/4166
s 1
f 7120/3968/4167 7121/3959/4167 7122/3958/4167
f 7120/3968/4167 7122/3958/4167 7123/3965/4167
f 7124/3966/4168 7125/3963/4169 7126/3962/4168
f 7124/3966/4168 7126/3962/4168 7127/3967/4169
s 0
f 7128/3969/4170 7129/3970/4170 7130/3954/4170
f 7128/3969/4171 7130/3954/4171 7131/3953/4171
s 1
f 7132/3951/4172 7133/3971/4172 7134/3972/4172
f 7132/3951/4172 7134/3972/4172 7135/3952/4172
f 7136/3973/4173 7137/3946/4173 7138/3945/4173
f 7136/3973/4173 7138/3945/4173 7139/3974/4173
f 7140/3946/4174 7141/3973/4175 7142/3969/4176
f 7140/3946/4174 7142/3969/4176 7143/3953/4177
f 7144/3954/4178 7145/3970/4179 7146/3971/4180
f 7144/3954/4178 7146/3971/4180 7147/3951/4179
f 7148/3947/4181 7149/3958/4181 7150/3957/4181
f 7148/3947/4181 7150/3957/4181 7151/3948/4181
f 7152/3963/4182 7153/3950/4182 7154/3949/4182
f 7152/3963/4182 7154/3949/4182 7155/3964/4182
f 7156/3955/4183 7157/3966/4184 7158/3965/4185
f 7156/3955/4183 7158/3965/4185 7159/3956/4186
f 7160/3956/4187 7161/3965/4187 7162/3958/4187
f 7160/3956/4187 7162/3958/4187 7163/3947/4187
f 7164/3950/4188 7165/3963/4188 7166/3966/4188
f 7164/3950/4188 7166/3966/4188 7167/3955/4189
f 7168/3975/4190 7169/3962/4190 7170/3961/4190
f 7168/3975/4190 7170/3961/4190 7171/3976/4190
f 7172/3962/4191 7173/3975/4191 7174/3977/4191
f 7172/3962/4191 7174/3977/4191 7175/3967/4191
s 0
f 7176/3967/4192 7177/3977/4192 7178/3978/4192
f 7176/3967/4193 7178/3978/4193 7179/3968/4193
s 1
f 7180/3968/4194 7181/3978/4195 7182/3979/4196
f 7180/3968/4194 7182/3979/4196 7183/3959/4194
f 7184/3980/4197 7185/3960/4197 7186/3959/4198
f 7184/3980/4197 7186/3959/4198 7187/3979/4197
f 7188/3945/4199 7189/3981/4199 7190/3982/4199
f 7188/3945/4199 7190/3982/4199 7191/3974/4199
f 7192/3972/4200 7193/3983/4200 7194/3984/4200
f 7192/3972/4200 7194/3984/4200 7195/3952/4200
f 7196/3936/4201 7197/3985/4201 7198/3986/4201
f 7196/3936/4201 7198/3986/4201 7199/3933/4201
f 7200/3943/4202 7201/3987/4202 7202/3988/4202
f 7200/3943/4202 7202/3988/4202 7203/3944/4202
f 7204/3957/4203 7205/3989/4204 7206/3990/4204
f 7204/3957/4203 7206/3990/4204 7207/3948/4204
f 7208/3949/4205 7209/3991/4205 7210/3992/4206
f 7208/3949/4205 7210/3992/4206 7211/3964/4205
f 7212/3980/4207 7213/3993/4207 7214/3994/4207
f 7212/3980/4207 7214/3994/4207 7215/3960/4207
f 7216/3961/4208 7217/3995/4209 7218/3996/4209
f 7216/3961/4208 7218/3996/4209 7219/3976/4209
f 7220/3948/4210 7221/3990/4211 7222/3981/4211
f 7220/3948/4210 7222/3981/4211 7223/3945/4211
f 7224/3952/4212 7225/3984/4213 7226/3991/4212
f 7224/3952/4212 7226/3991/4212 7227/3949/4212
f 7228/3960/4214 7229/3994/4214 7230/3989/4214
f 7228/3960/4214 7230/3989/4214 7231/3957/4214
f 7232/3964/4215 7233/3992/4216 7234/3995/4216
f 7232/3964/4215 7234/3995/4216 7235/3961/4216
f 7236/3997/4217 7237/3998/4218 7238/3999/4218
f 7236/3997/4217 7238/3999/4218 7239/4000/4219
f 7240/4001/4220 7241/4002/4221 7242/4003/4222
f 7240/4001/4220 7242/4003/4222 7243/4004/4221
f 7244/4005/4223 7245/4001/4224 7246/4004/4225
f 7244/4005/4223 7246/4004/4225 7247/4006/4224
f 7248/4007/4226 7249/4005/4227 7250/4006/4227
f 7248/4007/4226 7250/4006/4227 7251/4008/4227
f 7252/4009/4228 7253/4007/4228 7254/4008/4229
f 7252/4009/4228 7254/4008/4229 7255/4010/4228
f 7256/3999/4230 7257/3998/4231 7258/4009/4231
f 7256/3999/4230 7258/4009/4231 7259/4010/4232
f 7260/4011/4233 7261/4012/4233 7262/4013/4233
f 7260/4011/4233 7262/4013/4233 7263/4014/4233
f 7264/4012/4234 7265/4015/4234 7266/4016/4234
f 7264/4012/4234 7266/4016/4234 7267/4013/4234
f 7268/4017/4235 7269/4018/4236 7270/4019/4237
f 7268/4017/4235 7270/4019/4237 7271/4020/4236
f 7272/4021/4238 7273/4017/4239 7274/4020/4239
f 7272/4021/4238 7274/4020/4239 7275/4022/4239
f 7276/4023/4240 7277/4021/4241 7278/4022/4242
f 7276/4023/4240 7278/4022/4242 7279/4024/4241
f 7280/4015/4243 7281/4023/4244 7282/4024/4245
f 7280/4015/4243 7282/4024/4245 7283/4016/4246
f 7284/4025/4247 7285/4026/4248 7286/4000/4249
f 7284/4025/4247 7286/4000/4249 7287/3999/4250
f 7288/4027/4251 7289/4028/4251 7290/4004/4252
f 7288/4027/4251 7290/4004/4252 7291/4003/4253
f 7292/4004/4254 7293/4028/4255 7294/4029/4256
f 7292/4004/4254 7294/4029/4256 7295/4006/4257
f 7296/4006/4258 7297/4029/4259 7298/4030/4260
f 7296/4006/4258 7298/4030/4260 7299/4008/4261
s 0
f 7300/4008/4262 7301/4030/4262 7302/4031/4262
f 7300/4008/4263 7302/4031/4263 7303/4010/4263
s 1
f 7304/4010/4264 7305/4031/4265 7306/4025/4266
f 7304/4010/4264 7306/4025/4266 7307/3999/4267
f 7308/4032/4268 7309/4033/4268 7310/3205/4268
f 7308/4032/4268 7310/3205/4268 7311/4034/4268
f 7312/4035/4269 7313/4032/4269 7314/4034/4269
f 7312/4035/4269 7314/4034/4269 7315/4036/4269
f 7316/4037/4270 7317/4038/4271 7318/4039/4272
f 7316/4037/4270 7318/4039/4272 7319/3210/4271
s 0
f 7320/4040/4273 7321/4037/4273 7322/3210/4273
f 7320/4040/4274 7322/3210/4275 7323/3209/4274
f 7324/4041/4276 7325/4040/4276 7326/3209/4276
f 7324/4041/4277 7326/3209/4277 7327/3216/4277
f 7328/4042/4278 7329/4041/4279 7330/3216/4279
f 7328/4042/4280 7330/3216/4280 7331/3211/4280
s 1
f 7332/4043/4281 7333/4042/4281 7334/3211/4281
f 7332/4043/4281 7334/3211/4281 7335/3206/4281
f 7336/4044/4282 7337/3207/4283 7338/3206/4284
f 7336/4044/4282 7338/3206/4284 7339/4045/4282
f 7340/3998/4285 7341/4046/4285 7342/4047/4285
s 0
f 7340/3998/4286 7342/4047/4287 7343/4009/4287
s 1
f 7344/3997/4288 7345/4048/4289 7346/4046/4290
f 7344/3997/4288 7346/4046/4290 7347/3998/4291
f 7348/4001/4292 7349/4049/4293 7350/4050/4294
f 7348/4001/4292 7350/4050/4294 7351/4002/4295
f 7352/4005/4296 7353/4051/4297 7354/4049/4298
f 7352/4005/4296 7354/4049/4298 7355/4001/4299
f 7356/4007/4300 7357/4052/4301 7358/4051/4302
f 7356/4007/4300 7358/4051/4302 7359/4005/4303
f 7360/4009/4304 7361/4047/4305 7362/4052/4304
f 7360/4009/4304 7362/4052/4304 7363/4007/4306
f 7364/4046/4307 7365/4048/4308 7366/4053/4309
f 7364/4046/4307 7366/4053/4309 7367/4054/4310
f 7368/4050/4311 7369/4049/4312 7370/4055/4313
f 7368/4050/4311 7370/4055/4313 7371/4056/4312
f 7372/4049/4314 7373/4051/4315 7374/4057/4315
f 7372/4049/4314 7374/4057/4315 7375/4055/4316
f 7376/4051/4317 7377/4052/4318 7378/4058/4319
f 7376/4051/4317 7378/4058/4319 7379/4057/4320
s 0
f 7380/4052/4321 7381/4047/4321 7382/4059/4322
s 1
f 7380/4052/4323 7382/4059/4324 7383/4058/4323
f 7384/4047/4325 7385/4046/4326 7386/4054/4327
f 7384/4047/4325 7386/4054/4327 7387/4059/4328
f 7388/4018/4329 7389/4017/4330 7390/4028/4331
f 7388/4018/4329 7390/4028/4331 7391/4027/4332
f 7392/4017/4333 7393/4021/4334 7394/4029/4334
f 7392/4017/4333 7394/4029/4334 7395/4028/4335
f 7396/4021/4336 7397/4023/4337 7398/4030/4336
f 7396/4021/4336 7398/4030/4336 7399/4029/4337
f 7400/4023/4338 7401/4015/4339 7402/4031/4340
f 7400/4023/4338 7402/4031/4340 7403/4030/4341
s 0
f 7404/4015/4342 7405/4012/4342 7406/4025/4342
f 7404/4015/4343 7406/4025/4343 7407/4031/4343
f 7408/4012/4344 7409/4011/4344 7410/4026/4344
f 7408/4012/4344 7410/4026/4344 7411/4025/4344
s 1
f 7412/4060/4345 7413/4061/4345 7414/4062/4346
f 7412/4060/4345 7414/4062/4346 7415/4063/4345
f 7416/4064/4347 7417/4062/4348 7418/4061/4349
f 7416/4064/4347 7418/4061/4349 7419/4065/4348
f 7420/4065/4350 7421/4066/4350 7422/4067/4350
f 7420/4065/4350 7422/4067/4350 7423/4064/4350
f 7424/4068/4351 7425/4069/4352 7426/4063/4352
f 7424/4068/4351 7426/4063/4352 7427/4062/4352
f 7428/4068/4353 7429/4062/4353 7430/4064/4353
f 7428/4068/4353 7430/4064/4353 7431/4070/4353
f 7432/4069/4354 7433/4071/4354 7434/4072/4355
f 7432/4069/4354 7434/4072/4355 7435/4063/4354
f 7436/4071/4356 7437/4073/4356 7438/4074/4356
f 7436/4071/4356 7438/4074/4356 7439/4072/4356
f 7440/4064/4357 7441/4067/4357 7442/4075/4357
f 7440/4064/4357 7442/4075/4357 7443/4070/4357
f 7444/4076/4358 7445/4077/4358 7446/4078/4359
f 7444/4076/4358 7446/4078/4359 7447/4079/4358
f 7448/4079/4360 7449/4078/4360 7450/4080/4360
f 7448/4079/4360 7450/4080/4360 7451/4081/4360
f 7452/4082/4361 7453/4083/4361 7454/3215/4362
f 7452/4082/4361 7454/3215/4362 7455/4084/4362
f 7456/4036/4363 7457/4034/4363 7458/4078/4363
f 7456/4036/4363 7458/4078/4363 7459/4077/4364
f 7460/4034/4365 7461/3205/4365 7462/4080/4366
f 7460/4034/4365 7462/4080/4366 7463/4078/4366
f 7464/4085/4367 7465/4086/4367 7466/4081/4367
f 7464/4085/4367 7466/4081/4367 7467/4080/4367
f 7468/3214/4368 7469/4087/4368 7470/4084/4368
f 7468/3214/4368 7470/4084/4368 7471/3215/4368
f 7472/3213/4369 7473/4088/4370 7474/4089/4371
f 7472/3213/4369 7474/4089/4371 7475/3214/4372
f 7476/4089/4373 7477/4090/4374 7478/4087/4375
f 7476/4089/4373 7478/4087/4375 7479/3214/4374
f 7480/4091/4376 7481/4092/4376 7482/4093/4376
f 7480/4091/4376 7482/4093/4376 7483/4094/4376
f 7484/4095/4377 7485/4096/4377 7486/4076/4377
f 7484/4095/4377 7486/4076/4377 7487/4079/4377
f 7488/4097/4378 7489/4095/4378 7490/4079/4379
f 7488/4097/4378 7490/4079/4379 7491/4081/4378
f 7492/4098/4380 7493/4097/4380 7494/4081/4381
f 7492/4098/4380 7494/4081/4381 7495/4086/4380
f 7496/3207/4382 7497/4085/4383 7498/4080/4382
f 7496/3207/4382 7498/4080/4382 7499/3205/4382
s 0
f 7500/4099/4384 7501/3213/4384 7502/3215/4384
f 7500/4099/4385 7502/3215/4385 7503/4083/4385
s 1
f 7504/4088/4386 7505/3213/4386 7506/4099/4386
f 7504/4088/4386 7506/4099/4386 7507/4100/4386
f 7508/4101/4387 7509/4102/4388 7510/4103/4389
f 7508/4101/4387 7510/4103/4389 7511/4104/4388
f 7512/4105/4390 7513/4100/4390 7514/4104/4390
f 7512/4105/4390 7514/4104/4390 7515/4103/4390
f 7516/4104/4391 7517/4100/4391 7518/4099/4392
f 7516/4104/4391 7518/4099/4392 7519/4093/4392
f 7520/4103/4393 7521/4086/4393 7522/4085/4393
f 7520/4103/4393 7522/4085/4393 7523/4105/4393
f 7524/4092/4394 7525/4101/4395 7526/4104/4395
s 0
f 7524/4092/4396 7526/4104/4397 7527/4093/4397
s 1
f 7528/4102/4398 7529/4098/4399 7530/4086/4398
s 0
f 7528/4102/4400 7530/4086/4400 7531/4103/4400
s 1
f 7532/4105/4401 7533/4085/4402 7534/3207/4402
f 7532/4105/4401 7534/3207/4402 7535/4044/4401
f 7536/4106/4403 7537/4083/4403 7538/4082/4403
f 7536/4106/4403 7538/4082/4403 7539/4107/4403
f 7540/4107/4404 7541/4094/4404 7542/4093/4404
f 7540/4107/4404 7542/4093/4404 7543/4106/4404
f 7544/4106/4405 7545/4093/4405 7546/4099/4405
f 7544/4106/4405 7546/4099/4405 7547/4083/4405
f 7548/4108/4406 7549/4109/4406 7550/4110/4406
f 7548/4108/4406 7550/4110/4406 7551/4111/4406
f 7552/4112/4407 7553/4108/4408 7554/4111/4408
f 7552/4112/4407 7554/4111/4408 7555/4113/4408
f 7556/4114/4409 7557/4115/4409 7558/4116/4409
f 7556/4114/4409 7558/4116/4409 7559/4117/4409
f 7560/4118/4410 7561/4119/4410 7562/4114/4411
f 7560/4118/4410 7562/4114/4411 7563/4117/4410
f 7564/4120/4412 7565/4110/4412 7566/4109/4412
f 7564/4120/4412 7566/4109/4412 7567/4121/4412
f 7568/4061/4413 7569/3212/4414 7570/3208/4415
f 7568/4061/4413 7570/3208/4415 7571/4065/4416
f 7572/3208/4417 7573/4122/4417 7574/4066/4417
f 7572/3208/4417 7574/4066/4417 7575/4065/4417
f 7576/4121/4418 7577/4119/4419 7578/4118/4420
f 7576/4121/4418 7578/4118/4420 7579/4120/4420
f 7580/3212/4421 7581/4061/4421 7582/4060/4421
f 7580/3212/4421 7582/4060/4421 7583/4123/4421
f 7584/4120/4422 7585/4118/4423 7586/4124/4423
f 7584/4120/4422 7586/4124/4423 7587/4125/4422
f 7588/4125/4424 7589/4126/4424 7590/4110/4425
f 7588/4125/4424 7590/4110/4425 7591/4120/4424
f 7592/4111/4426 7593/4110/4427 7594/4126/4427
f 7592/4111/4426 7594/4126/4427 7595/4127/4428
f 7596/4113/4429 7597/4111/4430 7598/4127/4429
f 7596/4113/4429 7598/4127/4429 7599/4128/4429
f 7600/4117/4431 7601/4116/4431 7602/4129/4431
f 7600/4117/4431 7602/4129/4431 7603/4130/4431
f 7604/4124/4432 7605/4118/4433 7606/4117/4433
f 7604/4124/4432 7606/4117/4433 7607/4130/4432
f 7608/3205/4434 7609/4033/4434 7610/4043/4434
f 7608/3205/4434 7610/4043/4434 7611/3206/4435
f 7612/4125/4436 7613/4124/4436 7614/4123/4436
f 7612/4125/4436 7614/4123/4436 7615/4060/4436
f 7616/4063/4437 7617/4126/4437 7618/4125/4437
f 7616/4063/4437 7618/4125/4437 7619/4060/4437
f 7620/4127/4438 7621/4126/4438 7622/4063/4438
f 7620/4127/4438 7622/4063/4438 7623/4072/4438
f 7624/4128/4439 7625/4127/4439 7626/4072/4439
f 7624/4128/4439 7626/4072/4439 7627/4074/4439
f 7628/4130/4440 7629/4129/4440 7630/4090/4440
f 7628/4130/4440 7630/4090/4440 7631/4089/4440
f 7632/4123/4441 7633/4124/4441 7634/4130/4441
f 7632/4123/4441 7634/4130/4441 7635/4089/4441
f 7636/4109/4442 7637/4108/4442 7638/4131/4442
f 7636/4109/4442 7638/4131/4442 7639/4132/4442
f 7640/4108/4443 7641/4112/4444 7642/4133/4443
f 7640/4108/4443 7642/4133/4443 7643/4131/4443
f 7644/4115/4445 7645/4114/4445 7646/4134/4446
f 7644/4115/4445 7646/4134/4446 7647/4135/4445
f 7648/4119/4447 7649/4121/4448 7650/4136/4448
f 7648/4119/4447 7650/4136/4448 7651/4137/4447
f 7652/4121/4449 7653/4109/4449 7654/4132/4450
f 7652/4121/4449 7654/4132/4450 7655/4136/4451
f 7656/4114/4452 7657/4119/4452 7658/4137/4452
f 7656/4114/4452 7658/4137/4452 7659/4134/4452
f 7660/4068/4453 7661/4070/4453 7662/4138/4453
f 7660/4068/4453 7662/4138/4453 7663/4139/4453
f 7664/4070/4454 7665/4075/4454 7666/4140/4454
f 7664/4070/4454 7666/4140/4454 7667/4138/4454
f 7668/4073/4455 7669/4071/4455 7670/4141/4455
f 7668/4073/4455 7670/4141/4455 7671/4142/4455
f 7672/4071/4456 7673/4069/4456 7674/4143/4456
f 7672/4071/4456 7674/4143/4456 7675/4141/4456
f 7676/4069/4457 7677/4068/4457 7678/4139/4457
f 7676/4069/4457 7678/4139/4457 7679/4143/4457
f 7680/3212/4458 7681/4144/4458 7682/4045/4459
f 7680/3212/4458 7682/4045/4459 7683/3206/4459
f 7684/4044/4460 7685/4045/4460 7686/4144/4461
f 7684/4044/4460 7686/4144/4461 7687/4145/4460
f 7688/4145/4462 7689/4144/4463 7690/3212/4464
f 7688/4145/4462 7690/3212/4464 7691/4123/4462
f 7692/4145/4465 7693/4123/4465 7694/4089/4465
f 7692/4145/4465 7694/4089/4465 7695/4088/4465
f 7696/4146/4466 7697/4139/4467 7698/4138/4468
f 7696/4146/4466 7698/4138/4468 7699/4147/4466
f 7700/4147/4469 7701/4138/4469 7702/4140/4469
f 7700/4147/4469 7702/4140/4469 7703/3219/4469
f 7704/4142/4470 7705/4141/4471 7706/4148/4471
f 7704/4142/4470 7706/4148/4471 7707/4149/4470
f 7708/4141/4472 7709/4143/4472 7710/4150/4472
f 7708/4141/4472 7710/4150/4472 7711/4148/4472
f 7712/4143/4473 7713/4139/4474 7714/4146/4474
f 7712/4143/4473 7714/4146/4474 7715/4150/4473
f 7716/4148/4475 7717/4150/4476 7718/4151/4475
f 7716/4148/4475 7718/4151/4475 7719/4149/4476
f 7720/4150/4477 7721/4146/4477 7722/4152/4477
f 7720/4150/4477 7722/4152/4477 7723/4151/4477
f 7724/4153/4478 7725/4152/4478 7726/4146/4478
f 7724/4153/4478 7726/4146/4478 7727/4147/4478
f 7728/3217/4479 7729/4153/4479 7730/4147/4479
f 7728/3217/4479 7730/4147/4479 7731/3219/4479
f 7732/3208/4480 7733/3212/4481 7734/3211/4480
f 7732/3208/4480 7734/3211/4480 7735/3216/4480
f 7736/3208/4482 7737/3210/4482 7738/4039/4482
f 7736/3208/4482 7738/4039/4482 7739/4122/4482
f 7740/4154/4483 7741/4155/4484 7742/4156/4485
f 7740/4154/4483 7742/4156/4485 7743/4157/4484
f 7744/4158/4486 7745/4159/4486 7746/4160/4487
f 7744/4158/4486 7746/4160/4487 7747/4161/4488
f 7748/4156/4489 7749/4162/4490 7750/4163/4491
f 7748/4156/4489 7750/4163/4491 7751/4157/4490
f 7752/4154/4492 7753/4164/4493 7754/4165/4494
f 7752/4154/4492 7754/4165/4494 7755/4155/4493
f 7756/4165/4495 7757/4164/4496 7758/4166/4496
f 7756/4165/4495 7758/4166/4496 7759/4167/4496
s 0
f 7760/4159/4497 7761/4158/4497 7762/4163/4497
f 7760/4159/4498 7762/4163/4498 7763/4162/4498
s 1
f 7764/4168/4499 7765/4169/4500 7766/4170/4501
f 7764/4168/4499 7766/4170/4501 7767/4171/4502
f 7768/3997/4503 7769/4000/4504 7770/3999/4505
f 7768/3997/4503 7770/3999/4505 7771/3998/4506
f 7772/4172/4507 7773/4173/4508 7774/4000/4509
f 7772/4172/4507 7774/4000/4509 7775/3997/4508
f 7776/4174/4510 7777/4175/4511 7778/4173/4512
f 7776/4174/4510 7778/4173/4512 7779/4172/4511
f 7780/4001/4513 7781/4004/4514 7782/4003/4515
f 7780/4001/4513 7782/4003/4515 7783/4002/4514
f 7784/4005/4516 7785/4006/4516 7786/4004/4517
f 7784/4005/4516 7786/4004/4517 7787/4001/4516
f 7788/4007/4518 7789/4008/4519 7790/4006/4519
f 7788/4007/4518 7790/4006/4519 7791/4005/4519
f 7792/4009/4520 7793/4010/4520 7794/4008/4521
f 7792/4009/4520 7794/4008/4521 7795/4007/4520
f 7796/3999/4522 7797/4010/4523 7798/4009/4524
f 7796/3999/4522 7798/4009/4524 7799/3998/4524
f 7800/4011/4525 7801/4014/4525 7802/4013/4525
f 7800/4011/4525 7802/4013/4525 7803/4012/4525
f 7804/4012/4526 7805/4013/4526 7806/4016/4526
f 7804/4012/4526 7806/4016/4526 7807/4015/4526
f 7808/4176/4527 7809/4177/4528 7810/4014/4529
f 7808/4176/4527 7810/4014/4529 7811/4011/4527
f 7812/4178/4530 7813/4179/4530 7814/4177/4530
f 7812/4178/4530 7814/4177/4530 7815/4176/4530
s 0
f 7816/4019/4531 7817/4180/4531 7818/4181/4531
f 7816/4019/4531 7818/4181/4531 7819/4018/4531
s 1
f 7820/4017/4532 7821/4020/4533 7822/4019/4534
f 7820/4017/4532 7822/4019/4534 7823/4018/4535
f 7824/4021/4536 7825/4022/4537 7826/4020/4538
f 7824/4021/4536 7826/4020/4538 7827/4017/4537
f 7828/4023/4539 7829/4024/4540 7830/4022/4541
f 7828/4023/4539 7830/4022/4541 7831/4021/4542
f 7832/4015/4543 7833/4016/4544 7834/4024/4544
f 7832/4015/4543 7834/4024/4544 7835/4023/4545
f 7836/4025/4546 7837/3999/4547 7838/4000/4548
f 7836/4025/4546 7838/4000/4548 7839/4026/4548
f 7840/4000/4549 7841/4173/4550 7842/4182/4551
f 7840/4000/4549 7842/4182/4551 7843/4026/4550
f 7844/4173/4552 7845/4175/4553 7846/4183/4554
f 7844/4173/4552 7846/4183/4554 7847/4182/4555
f 7848/4027/4556 7849/4003/4557 7850/4004/4558
f 7848/4027/4556 7850/4004/4558 7851/4028/4559
f 7852/4004/4560 7853/4006/4561 7854/4029/4562
f 7852/4004/4560 7854/4029/4562 7855/4028/4563
f 7856/4006/4564 7857/4008/4565 7858/4030/4566
f 7856/4006/4564 7858/4030/4566 7859/4029/4567
s 0
f 7860/4008/4568 7861/4010/4568 7862/4031/4569
f 7860/4008/4570 7862/4031/4571 7863/4030/4570
s 1
f 7864/4010/4572 7865/3999/4573 7866/4025/4574
f 7864/4010/4572 7866/4025/4574 7867/4031/4574
s 0
f 7868/4184/4575 7869/4185/4575 7870/4168/4575
f 7868/4184/4575 7870/4168/4575 7871/4174/4575
s 1
f 7872/4032/4576 7873/4034/4576 7874/3205/4576
f 7872/4032/4576 7874/3205/4576 7875/4033/4576
f 7876/4035/4577 7877/4036/4577 7878/4034/4577
f 7876/4035/4577 7878/4034/4577 7879/4032/4577
f 7880/4037/4578 7881/3210/4579 7882/4039/4580
f 7880/4037/4578 7882/4039/4580 7883/4038/4578
s 0
f 7884/4040/4581 7885/3209/4581 7886/3210/4581
f 7884/4040/4582 7886/3210/4582 7887/4037/4582
f 7888/4041/4583 7889/3216/4583 7890/3209/4583
f 7888/4041/4584 7890/3209/4584 7891/4040/4584
f 7892/4042/4585 7893/3211/4585 7894/3216/4585
f 7892/4042/4586 7894/3216/4586 7895/4041/4586
s 1
f 7896/4043/4587 7897/3206/4587 7898/3211/4587
f 7896/4043/4587 7898/3211/4587 7899/4042/4587
s 0
f 7900/4122/4588 7901/4186/4588 7902/4187/4588
f 7900/4122/4588 7902/4187/4588 7903/4039/4588
s 1
f 7904/4044/4589 7905/4045/4589 7906/3206/4589
f 7904/4044/4589 7906/3206/4589 7907/3207/4590
f 7908/3998/4591 7909/4009/4591 7910/4047/4592
f 7908/3998/4591 7910/4047/4592 7911/4046/4592
f 7912/3997/4593 7913/3998/4594 7914/4046/4595
f 7912/3997/4593 7914/4046/4595 7915/4048/4596
f 7916/4172/4597 7917/3997/4597 7918/4048/4598
f 7916/4172/4597 7918/4048/4598 7919/4188/4599
f 7920/4184/4600 7921/4174/4601 7922/4172/4602
f 7920/4184/4600 7922/4172/4602 7923/4188/4603
f 7924/4001/4604 7925/4002/4605 7926/4050/4606
f 7924/4001/4604 7926/4050/4606 7927/4049/4607
f 7928/4005/4608 7929/4001/4609 7930/4049/4610
f 7928/4005/4608 7930/4049/4610 7931/4051/4611
f 7932/4007/4612 7933/4005/4613 7934/4051/4614
f 7932/4007/4612 7934/4051/4614 7935/4052/4615
f 7936/4009/4616 7937/4007/4617 7938/4052/4618
f 7936/4009/4616 7938/4052/4618 7939/4047/4619
f 7940/4046/4620 7941/4054/4621 7942/4053/4622
f 7940/4046/4620 7942/4053/4622 7943/4048/4621
f 7944/4048/4623 7945/4053/4624 7946/4189/4625
f 7944/4048/4623 7946/4189/4625 7947/4188/4624
f 7948/4188/4626 7949/4189/4626 7950/4190/4626
f 7948/4188/4626 7950/4190/4626 7951/4184/4626
s 0
f 7952/4190/4627 7953/4191/4627 7954/4185/4627
f 7952/4190/4627 7954/4185/4627 7955/4184/4627
s 1
f 7956/4050/4628 7957/4056/4629 7958/4055/4630
f 7956/4050/4628 7958/4055/4630 7959/4049/4631
f 7960/4049/4632 7961/4055/4633 7962/4057/4634
f 7960/4049/4632 7962/4057/4634 7963/4051/4635
f 7964/4051/4636 7965/4057/4637 7966/4058/4638
f 7964/4051/4636 7966/4058/4638 7967/4052/4636
f 7968/4052/4639 7969/4058/4639 7970/4059/4640
s 0
f 7968/4052/4641 7970/4059/4642 7971/4047/4641
s 1
f 7972/4047/4643 7973/4059/4644 7974/4054/4645
f 7972/4047/4643 7974/4054/4645 7975/4046/4646
s 0
f 7976/4192/4647 7977/4183/4647 7978/4175/4647
f 7976/4192/4647 7978/4175/4647 7979/4169/4647
f 7980/4011/4648 7981/4026/4648 7982/4182/4648
f 7980/4011/4649 7982/4182/4649 7983/4176/4649
f 7984/4176/4650 7985/4182/4651 7986/4183/4651
f 7984/4176/4652 7986/4183/4652 7987/4178/4652
f 7988/4183/4653 7989/4192/4653 7990/4193/4653
f 7988/4183/4653 7990/4193/4653 7991/4178/4653
s 1
f 7992/4018/4654 7993/4027/4655 7994/4028/4656
f 7992/4018/4654 7994/4028/4656 7995/4017/4657
f 7996/4017/4658 7997/4028/4659 7998/4029/4660
f 7996/4017/4658 7998/4029/4660 7999/4021/4659
f 8000/4021/4661 8001/4029/4662 8002/4030/4662
f 8000/4021/4661 8002/4030/4662 8003/4023/4662
f 8004/4023/4663 8005/4030/4664 8006/4031/4665
f 8004/4023/4663 8006/4031/4665 8007/4015/4666
s 0
f 8008/4015/4667 8009/4031/4667 8010/4025/4667
f 8008/4015/4668 8010/4025/4668 8011/4012/4668
f 8012/4012/4669 8013/4025/4669 8014/4026/4669
f 8012/4012/4669 8014/4026/4669 8015/4011/4669
s 1
f 8016/4060/4670 8017/4063/4670 8018/4062/4671
f 8016/4060/4670 8018/4062/4671 8019/4061/4670
f 8020/4064/4672 8021/4065/4673 8022/4061/4674
f 8020/4064/4672 8022/4061/4674 8023/4062/4673
f 8024/4065/4675 8025/4064/4675 8026/4067/4676
f 8024/4065/4675 8026/4067/4676 8027/4066/4675
f 8028/4068/4677 8029/4062/4678 8030/4063/4678
f 8028/4068/4677 8030/4063/4678 8031/4069/4678
f 8032/4068/4679 8033/4070/4679 8034/4064/4679
f 8032/4068/4679 8034/4064/4679 8035/4062/4679
f 8036/4069/4680 8037/4063/4680 8038/4072/4681
f 8036/4069/4680 8038/4072/4681 8039/4071/4680
f 8040/4071/4682 8041/4072/4682 8042/4074/4682
f 8040/4071/4682 8042/4074/4682 8043/4073/4682
f 8044/4064/4683 8045/4070/4684 8046/4075/4684
f 8044/4064/4683 8046/4075/4684 8047/4067/4683
s 0
f 8048/4194/4685 8049/4038/4685 8050/4039/4685
f 8048/4194/4685 8050/4039/4685 8051/4187/4685
s 1
f 8052/4076/4686 8053/4079/4686 8054/4078/4687
f 8052/4076/4686 8054/4078/4687 8055/4077/4687
f 8056/4079/4688 8057/4081/4688 8058/4080/4688
f 8056/4079/4688 8058/4080/4688 8059/4078/4688
s 0
f 8060/4195/4689 8061/4196/4689 8062/4084/4689
f 8060/4195/4689 8062/4084/4689 8063/4082/4689
s 1
f 8064/4082/4690 8065/4084/4691 8066/3215/4691
f 8064/4082/4690 8066/3215/4691 8067/4083/4690
f 8068/4036/4692 8069/4077/4693 8070/4078/4692
f 8068/4036/4692 8070/4078/4692 8071/4034/4692
f 8072/4034/4694 8073/4078/4695 8074/4080/4695
f 8072/4034/4694 8074/4080/4695 8075/3205/4694
f 8076/4085/4696 8077/4080/4696 8078/4081/4696
f 8076/4085/4696 8078/4081/4696 8079/4086/4696
f 8080/3214/4697 8081/3215/4697 8082/4084/4697
f 8080/3214/4697 8082/4084/4697 8083/4087/4697
f 8084/3213/4698 8085/3214/4699 8086/4089/4699
f 8084/3213/4698 8086/4089/4699 8087/4088/4699
f 8088/4089/4700 8089/3214/4701 8090/4087/4701
f 8088/4089/4700 8090/4087/4701 8091/4090/4701
s 0
f 8092/4087/4702 8093/4197/4702 8094/4198/4702
f 8092/4087/4702 8094/4198/4702 8095/4090/4702
s 1
f 8096/4091/4703 8097/4094/4703 8098/4093/4703
f 8096/4091/4703 8098/4093/4703 8099/4092/4703
s 0
f 8100/4076/4704 8101/4199/4704 8102/4200/4704
f 8100/4076/4704 8102/4200/4704 8103/4096/4704
s 1
f 8104/4095/4705 8105/4079/4705 8106/4076/4705
f 8104/4095/4705 8106/4076/4705 8107/4096/4705
f 8108/4097/4706 8109/4081/4706 8110/4079/4707
f 8108/4097/4706 8110/4079/4707 8111/4095/4706
f 8112/4098/4708 8113/4086/4708 8114/4081/4709
f 8112/4098/4708 8114/4081/4709 8115/4097/4708
f 8116/3207/4710 8117/3205/4710 8118/4080/4710
f 8116/3207/4710 8118/4080/4710 8119/4085/4711
s 0
f 8120/4099/4712 8121/4083/4712 8122/3215/4712
f 8120/4099/4713 8122/3215/4713 8123/3213/4713
f 8124/4179/4714 8125/4178/4714 8126/4193/4714
s 1
f 8124/4179/4714 8126/4193/4714 8127/4201/4714
s 0
f 8128/4202/4715 8129/4203/4715 8130/4050/4715
f 8128/4202/4716 8130/4050/4716 8131/4002/4716
f 8132/4036/4717 8133/4035/4717 8134/4204/4717
f 8132/4036/4717 8134/4204/4717 8135/4205/4717
f 8136/4197/4718 8137/4087/4718 8138/4084/4718
f 8136/4197/4718 8138/4084/4718 8139/4196/4718
f 8140/4056/4719 8141/4050/4719 8142/4203/4719
f 8140/4056/4719 8142/4203/4719 8143/4206/4719
f 8144/4027/4720 8145/4207/4720 8146/4208/4720
f 8144/4027/4720 8146/4208/4720 8147/4003/4720
f 8148/4027/4721 8149/4018/4721 8150/4181/4721
f 8148/4027/4721 8150/4181/4721 8151/4207/4721
f 8152/4202/4722 8153/4002/4722 8154/4003/4722
f 8152/4202/4722 8154/4003/4722 8155/4208/4722
f 8156/4066/4723 8157/4067/4723 8158/4209/4723
f 8156/4066/4723 8158/4209/4723 8159/4210/4723
f 8160/4067/4724 8161/4075/4724 8162/4211/4724
f 8160/4067/4724 8162/4211/4724 8163/4209/4724
f 8164/4076/4725 8165/4077/4725 8166/4212/4725
f 8164/4076/4725 8166/4212/4725 8167/4199/4725
f 8168/4094/4726 8169/4091/4726 8170/4213/4726
f 8168/4094/4726 8170/4213/4726 8171/4214/4726
f 8172/4036/4727 8173/4205/4727 8174/4212/4727
f 8172/4036/4727 8174/4212/4727 8175/4077/4727
s 1
f 8176/4088/4728 8177/4100/4729 8178/4099/4728
f 8176/4088/4728 8178/4099/4728 8179/3213/4728
f 8180/4101/4730 8181/4104/4731 8182/4103/4732
f 8180/4101/4730 8182/4103/4732 8183/4102/4732
f 8184/4105/4733 8185/4103/4733 8186/4104/4733
f 8184/4105/4733 8186/4104/4733 8187/4100/4733
f 8188/4104/4734 8189/4093/4735 8190/4099/4735
f 8188/4104/4734 8190/4099/4735 8191/4100/4734
f 8192/4103/4736 8193/4105/4736 8194/4085/4736
f 8192/4103/4736 8194/4085/4736 8195/4086/4736
s 0
f 8196/4092/4737 8197/4093/4738 8198/4104/4738
s 1
f 8196/4092/4739 8198/4104/4738 8199/4101/4738
f 8200/4102/4740 8201/4103/4741 8202/4086/4742
f 8200/4102/4740 8202/4086/4742 8203/4098/4743
f 8204/4105/4744 8205/4044/4745 8206/3207/4744
f 8204/4105/4744 8206/3207/4744 8207/4085/4744
s 0
f 8208/4082/4746 8209/4107/4746 8210/4215/4746
f 8208/4082/4746 8210/4215/4746 8211/4195/4746
s 1
f 8212/4106/4747 8213/4107/4747 8214/4082/4747
f 8212/4106/4747 8214/4082/4747 8215/4083/4747
s 0
f 8216/4107/4748 8217/4094/4748 8218/4214/4748
f 8216/4107/4748 8218/4214/4748 8219/4215/4748
s 1
f 8220/4107/4749 8221/4106/4749 8222/4093/4749
f 8220/4107/4749 8222/4093/4749 8223/4094/4749
f 8224/4106/4750 8225/4083/4750 8226/4099/4750
f 8224/4106/4750 8226/4099/4750 8227/4093/4750
f 8228/4108/4751 8229/4111/4751 8230/4110/4751
f 8228/4108/4751 8230/4110/4751 8231/4109/4751
f 8232/4112/4752 8233/4113/4753 8234/4111/4753
f 8232/4112/4752 8234/4111/4753 8235/4108/4753
f 8236/4115/4754 8237/4116/4755 8238/4216/4754
f 8236/4115/4754 8238/4216/4754 8239/4217/4755
f 8240/4114/4756 8241/4117/4756 8242/4116/4756
f 8240/4114/4756 8242/4116/4756 8243/4115/4756
f 8244/4118/4757 8245/4117/4757 8246/4114/4757
f 8244/4118/4757 8246/4114/4757 8247/4119/4757
f 8248/4120/4758 8249/4121/4758 8250/4109/4758
f 8248/4120/4758 8250/4109/4758 8251/4110/4758
f 8252/4061/4759 8253/4065/4760 8254/3208/4761
f 8252/4061/4759 8254/3208/4761 8255/3212/4762
f 8256/3208/4763 8257/4065/4763 8258/4066/4763
f 8256/3208/4763 8258/4066/4763 8259/4122/4763
s 0
f 8260/4122/4764 8261/4066/4764 8262/4210/4764
f 8260/4122/4764 8262/4210/4764 8263/4186/4764
s 1
f 8264/4121/4765 8265/4120/4766 8266/4118/4766
f 8264/4121/4765 8266/4118/4766 8267/4119/4767
f 8268/3212/4768 8269/4123/4768 8270/4060/4768
f 8268/3212/4768 8270/4060/4768 8271/4061/4768
f 8272/4120/4769 8273/4125/4770 8274/4124/4770
f 8272/4120/4769 8274/4124/4770 8275/4118/4770
f 8276/4125/4771 8277/4120/4771 8278/4110/4771
f 8276/4125/4771 8278/4110/4771 8279/4126/4771
f 8280/4111/4772 8281/4127/4773 8282/4126/4774
f 8280/4111/4772 8282/4126/4774 8283/4110/4774
f 8284/4113/4775 8285/4128/4775 8286/4127/4775
f 8284/4113/4775 8286/4127/4775 8287/4111/4776
f 8288/4116/4777 8289/4129/4778 8290/4218/4779
f 8288/4116/4777 8290/4218/4779 8291/4216/4780
f 8292/4117/4781 8293/4130/4782 8294/4129/4781
f 8292/4117/4781 8294/4129/4781 8295/4116/4781
f 8296/4124/4783 8297/4130/4783 8298/4117/4783
f 8296/4124/4783 8298/4117/4783 8299/4118/4783
f 8300/3205/4784 8301/3206/4784 8302/4043/4784
f 8300/3205/4784 8302/4043/4784 8303/4033/4785
f 8304/4125/4786 8305/4060/4786 8306/4123/4786
f 8304/4125/4786 8306/4123/4786 8307/4124/4786
f 8308/4063/4787 8309/4060/4787 8310/4125/4787
f 8308/4063/4787 8310/4125/4787 8311/4126/4787
f 8312/4127/4788 8313/4072/4788 8314/4063/4788
f 8312/4127/4788 8314/4063/4788 8315/4126/4788
f 8316/4128/4789 8317/4074/4789 8318/4072/4789
f 8316/4128/4789 8318/4072/4789 8319/4127/4789
f 8320/4129/4790 8321/4090/4791 8322/4198/4792
f 8320/4129/4790 8322/4198/4792 8323/4218/4793
f 8324/4130/4794 8325/4089/4795 8326/4090/4794
f 8324/4130/4794 8326/4090/4794 8327/4129/4795
f 8328/4123/4796 8329/4089/4797 8330/4130/4797
f 8328/4123/4796 8330/4130/4797 8331/4124/4796
f 8332/4109/4798 8333/4132/4798 8334/4131/4798
f 8332/4109/4798 8334/4131/4798 8335/4108/4799
f 8336/4108/4800 8337/4131/4801 8338/4133/4800
f 8336/4108/4800 8338/4133/4800 8339/4112/4801
f 8340/4217/4802 8341/4219/4803 8342/4135/4804
f 8340/4217/4802 8342/4135/4804 8343/4115/4805
f 8344/4115/4806 8345/4135/4807 8346/4134/4807
f 8344/4115/4806 8346/4134/4807 8347/4114/4807
f 8348/4119/4808 8349/4137/4808 8350/4136/4808
f 8348/4119/4808 8350/4136/4808 8351/4121/4809
f 8352/4121/4810 8353/4136/4811 8354/4132/4812
f 8352/4121/4810 8354/4132/4812 8355/4109/4810
f 8356/4114/4813 8357/4134/4814 8358/4137/4814
f 8356/4114/4813 8358/4137/4814 8359/4119/4814
f 8360/4068/4815 8361/4139/4815 8362/4138/4815
f 8360/4068/4815 8362/4138/4815 8363/4070/4815
f 8364/4070/4816 8365/4138/4816 8366/4140/4816
f 8364/4070/4816 8366/4140/4816 8367/4075/4816
s 0
f 8368/4220/4817 8369/4211/4817 8370/4075/4817
f 8368/4220/4817 8370/4075/4817 8371/4140/4817
s 1
f 8372/4073/4818 8373/4142/4818 8374/4141/4818
f 8372/4073/4818 8374/4141/4818 8375/4071/4818
f 8376/4071/4819 8377/4141/4819 8378/4143/4819
f 8376/4071/4819 8378/4143/4819 8379/4069/4820
f 8380/4069/4821 8381/4143/4821 8382/4139/4821
f 8380/4069/4821 8382/4139/4821 8383/4068/4821
f 8384/3212/4822 8385/3206/4822 8386/4045/4823
f 8384/3212/4822 8386/4045/4823 8387/4144/4822
f 8388/4044/4824 8389/4145/4824 8390/4144/4825
f 8388/4044/4824 8390/4144/4825 8391/4045/4824
f 8392/4145/4826 8393/4123/4827 8394/3212/4828
f 8392/4145/4826 8394/3212/4828 8395/4144/4829
f 8396/4145/4830 8397/4088/4830 8398/4089/4830
f 8396/4145/4830 8398/4089/4830 8399/4123/4830
f 8400/4146/4831 8401/4147/4831 8402/4138/4832
f 8400/4146/4831 8402/4138/4832 8403/4139/4833
f 8404/4147/4834 8405/3219/4834 8406/4140/4834
f 8404/4147/4834 8406/4140/4834 8407/4138/4834
s 0
f 8408/4140/4835 8409/3219/4835 8410/3218/4835
f 8408/4140/4835 8410/3218/4835 8411/4220/4835
s 1
f 8412/4142/4836 8413/4149/4836 8414/4148/4836
f 8412/4142/4836 8414/4148/4836 8415/4141/4837
f 8416/4141/4838 8417/4148/4838 8418/4150/4838
f 8416/4141/4838 8418/4150/4838 8419/4143/4838
f 8420/4143/4839 8421/4150/4839 8422/4146/4839
f 8420/4143/4839 8422/4146/4839 8423/4139/4839
f 8424/4148/4840 8425/4149/4840 8426/4151/4841
f 8424/4148/4840 8426/4151/4841 8427/4150/4841
f 8428/4150/4842 8429/4151/4842 8430/4152/4842
f 8428/4150/4842 8430/4152/4842 8431/4146/4842
f 8432/4153/4843 8433/4147/4843 8434/4146/4843
f 8432/4153/4843 8434/4146/4843 8435/4152/4843
f 8436/3217/4844 8437/3219/4844 8438/4147/4844
f 8436/3217/4844 8438/4147/4844 8439/4153/4844
f 8440/4174/4845 8441/4221/4845 8442/4222/4846
f 8440/4174/4845 8442/4222/4846 8443/4175/4847
s 0
f 8444/4175/4848 8445/4222/4848 8446/4170/4848
f 8444/4175/4849 8446/4170/4849 8447/4169/4849
f 8448/4174/4850 8449/4168/4850 8450/4171/4850
f 8448/4174/4851 8450/4171/4851 8451/4221/4851
s 1
f 8452/4223/4852 8453/4224/4852 8454/4225/4852
f 8452/4223/4852 8454/4225/4852 8455/4226/4852
s 0
f 8456/4227/4853 8457/4228/4853 8458/4229/4853
f 8456/4227/4854 8458/4229/4854 8459/4230/4854
s 1
f 8460/4231/4855 8461/4232/4856 8462/4233/4857
f 8460/4231/4855 8462/4233/4857 8463/4234/4858
f 8464/3208/4859 8465/3216/4859 8466/3211/4859
f 8464/3208/4859 8466/3211/4859 8467/3212/4860
f 8468/3208/4861 8469/4122/4861 8470/4039/4861
f 8468/3208/4861 8470/4039/4861 8471/3210/4861
f 8472/4168/4862 8473/4154/4863 8474/4157/4864
f 8472/4168/4862 8474/4157/4864 8475/4169/4864
f 8476/4193/4865 8477/4158/4866 8478/4161/4866
f 8476/4193/4865 8478/4161/4866 8479/4201/4867
f 8480/4157/4868 8481/4163/4868 8482/4192/4868
s 0
f 8480/4157/4869 8482/4192/4870 8483/4169/4869
s 1
f 8484/4185/4871 8485/4164/4872 8486/4154/4873
f 8484/4185/4871 8486/4154/4873 8487/4168/4874
f 8488/4164/4875 8489/4185/4876 8490/4191/4876
f 8488/4164/4875 8490/4191/4876 8491/4166/4876
s 0
f 8492/4158/4877 8493/4193/4877 8494/4192/4877
f 8492/4158/4878 8494/4192/4878 8495/4163/4878
s 1
f 8496/4235/4879 8497/4236/4879 8498/4237/4879
f 8496/4235/4879 8498/4237/4879 8499/4238/4879
f 8500/4239/4880 8501/3242/4880 8502/4240/4880
f 8500/4239/4880 8502/4240/4880 8503/4241/4880
f 8504/4242/4881 8505/3243/4882 8506/4243/4881
f 8504/4242/4881 8506/4243/4881 8507/4244/4881
s 0
f 8508/4245/4883 8509/3241/4883 8510/3240/4883
f 8508/4245/4884 8510/3240/4884 8511/4246/4884
s 1
f 8512/3240/4885 8513/3242/4885 8514/4239/4885
f 8512/3240/4885 8514/4239/4885 8515/4246/4885
f 8516/4240/4886 8517/3242/4886 8518/3239/4887
f 8516/4240/4886 8518/3239/4887 8519/4247/4888
f 8520/3243/4889 8521/4242/4889 8522/4247/4890
f 8520/3243/4889 8522/4247/4890 8523/3239/4889
f 8524/3243/4891 8525/3241/4891 8526/4245/4891
f 8524/3243/4891 8526/4245/4891 8527/4243/4891
f 8528/3244/4892 8529/4248/4893 8530/4249/4892
f 8528/3244/4892 8530/4249/4892 8531/3245/4893
f 8532/4250/4894 8533/4251/4895 8534/3244/4896
f 8532/4250/4894 8534/3244/4896 8535/3246/4895
f 8536/4252/4897 8537/4253/4898 8538/4254/4899
f 8536/4252/4897 8538/4254/4899 8539/4255/4898
f 8540/4256/4900 8541/4257/4901 8542/4258/4902
f 8540/4256/4900 8542/4258/4902 8543/4259/4901
s 0
f 8544/4260/4903 8545/4261/4903 8546/4262/4903
f 8544/4260/4903 8546/4262/4903 8547/4263/4903
s 1
f 8548/4253/4904 8549/4264/4904 8550/4265/4905
f 8548/4253/4904 8550/4265/4905 8551/4254/4904
f 8552/4266/4906 8553/4267/4907 8554/4268/4906
f 8552/4266/4906 8554/4268/4906 8555/4269/4907
f 8556/4269/4908 8557/4256/4909 8558/4259/4910
f 8556/4269/4908 8558/4259/4910 8559/4266/4909
s 0
f 8560/4270/4911 8561/4260/4911 8562/4263/4911
f 8560/4270/4911 8562/4263/4911 8563/4271/4911
s 1
f 8564/4267/4912 8565/4252/4913 8566/4255/4914
f 8564/4267/4912 8566/4255/4914 8567/4268/4913
f 8568/3247/4915 8569/4272/4915 8570/4273/4915
f 8568/3247/4915 8570/4273/4915 8571/3248/4915
f 8572/4274/4916 8573/4275/4916 8574/3247/4916
f 8572/4274/4916 8574/3247/4916 8575/3249/4916
f 8576/3250/4917 8577/4276/4917 8578/4277/4917
f 8576/3250/4917 8578/4277/4917 8579/3251/4917
f 8580/4278/4918 8581/4279/4918 8582/3250/4918
f 8580/4278/4918 8582/3250/4918 8583/3252/4918
f 8584/3655/4919 8585/3658/4919 8586/3657/4919
f 8584/3655/4919 8586/3657/4919 8587/3656/4920
f 8588/3659/4921 8589/3662/4921 8590/3661/4921
f 8588/3659/4921 8590/3661/4921 8591/3660/4922
f 8592/3655/4923 8593/3656/4923 8594/3664/4923
f 8592/3655/4923 8594/3664/4923 8595/3663/4924
f 8596/3661/4925 8597/3662/4926 8598/3657/4926
f 8596/3661/4925 8598/3657/4926 8599/3658/4925
f 8600/4280/4927 8601/4281/4928 8602/4282/4929
f 8600/4280/4927 8602/4282/4929 8603/4283/4928
f 8604/4284/4930 8605/4285/4931 8606/4286/4932
f 8604/4284/4930 8606/4286/4932 8607/4287/4933
f 8608/4288/4934 8609/4289/4935 8610/4290/4936
f 8608/4288/4934 8610/4290/4936 8611/4291/4935
f 8612/4292/4937 8613/4293/4938 8614/4294/4939
f 8612/4292/4937 8614/4294/4939 8615/4295/4940
f 8616/4296/4941 8617/4297/4942 8618/4298/4943
f 8616/4296/4941 8618/4298/4943 8619/4299/4942
f 8620/4297/4944 8621/4296/4945 8622/4285/4946
f 8620/4297/4944 8622/4285/4946 8623/4284/4947
f 8624/4300/4948 8625/4301/4949 8626/4289/4950
f 8624/4300/4948 8626/4289/4950 8627/4288/4949
f 8628/4302/4951 8629/4303/4952 8630/4281/4952
f 8628/4302/4951 8630/4281/4952 8631/4280/4952
f 8632/4299/4953 8633/4298/4954 8634/4303/4954
f 8632/4299/4953 8634/4303/4954 8635/4302/4954
f 8636/4289/4955 8637/4301/4956 8638/4304/4957
f 8636/4289/4955 8638/4304/4957 8639/4305/4956
f 8640/4290/4958 8641/4289/4959 8642/4305/4960
f 8640/4290/4958 8642/4305/4960 8643/4306/4959
f 8644/4283/4961 8645/4282/4962 8646/4293/4963
f 8644/4283/4961 8646/4293/4963 8647/4292/4964
f 8648/4307/4965 8649/4308/4965 8650/4309/4965
f 8648/4307/4965 8650/4309/4965 8651/4310/4965
f 8652/4311/4966 8653/4312/4966 8654/4313/4966
f 8652/4311/4966 8654/4313/4966 8655/4314/4966
f 8656/4315/4967 8657/4310/4968 8658/4309/4969
f 8656/4315/4967 8658/4309/4969 8659/4316/4970
s 0
f 8660/4307/4971 8661/4312/4971 8662/4311/4972
f 8660/4307/4973 8662/4311/4973 8663/4308/4973
s 1
f 8664/3253/4974 8665/4317/4974 8666/4318/4974
f 8664/3253/4974 8666/4318/4974 8667/3254/4974
f 8668/4319/4975 8669/4320/4975 8670/3253/4975
f 8668/4319/4975 8670/3253/4975 8671/3255/4975
f 8672/3440/4976 8673/3443/4976 8674/3442/4976
f 8672/3440/4976 8674/3442/4976 8675/3441/4976
f 8676/3444/4977 8677/3447/4977 8678/3446/4977
f 8676/3444/4977 8678/3446/4977 8679/3445/4977
f 8680/3442/4978 8681/3449/4979 8682/3448/4979
f 8680/3442/4978 8682/3448/4979 8683/3441/4979
f 8684/3450/4980 8685/3445/4980 8686/3446/4980
f 8684/3450/4980 8686/3446/4980 8687/3451/4980
f 8688/3452/4981 8689/3443/4981 8690/3440/4981
f 8688/3452/4981 8690/3440/4981 8691/3453/4981
f 8692/3444/4982 8693/3455/4982 8694/3454/4982
f 8692/3444/4982 8694/3454/4982 8695/3447/4982
f 8696/3456/4983 8697/3451/4983 8698/3446/4983
f 8696/3456/4983 8698/3446/4983 8699/3457/4983
f 8700/3446/4984 8701/3447/4984 8702/3458/4984
f 8700/3446/4984 8702/3458/4984 8703/3457/4984
f 8704/3447/4985 8705/3454/4986 8706/3459/4985
f 8704/3447/4985 8706/3459/4985 8707/3458/4985
f 8708/3452/4987 8709/3455/4987 8710/3444/4987
f 8708/3452/4987 8710/3444/4987 8711/3443/4987
f 8712/3444/3517 8713/3445/3517 8714/3442/3517
f 8712/3444/3517 8714/3442/3517 8715/3443/3517
f 8716/3445/4988 8717/3450/4988 8718/3449/4989
f 8716/3445/4988 8718/3449/4989 8719/3442/4989
f 8720/3256/4990 8721/4321/4991 8722/4322/4992
f 8720/3256/4990 8722/4322/4992 8723/3257/4990
f 8724/4323/4993 8725/4324/4993 8726/3256/4993
f 8724/4323/4993 8726/3256/4993 8727/3258/4993
s 0
f 8728/4325/4994 8729/4326/4994 8730/4327/4994
f 8728/4325/4995 8730/4327/4995 8731/4328/4995
s 1
f 8732/4325/4996 8733/4329/4997 8734/4330/4996
f 8732/4325/4996 8734/4330/4996 8735/4326/4998
f 8736/4331/4999 8737/4325/4999 8738/4328/4999
f 8736/4331/4999 8738/4328/4999 8739/4332/4999
f 8740/4333/5000 8741/4329/5000 8742/4325/5000
f 8740/4333/5000 8742/4325/5000 8743/4331/5000
f 8744/4334/5001 8745/4335/5001 8746/4336/5001
f 8744/4334/5001 8746/4336/5001 8747/4337/5001
f 8748/4336/5002 8749/4335/5002 8750/4338/5003
f 8748/4336/5002 8750/4338/5003 8751/4339/5004
f 8752/4340/5005 8753/4330/5006 8754/4329/5006
f 8752/4340/5005 8754/4329/5006 8755/4341/5006
f 8756/4336/5007 8757/4331/5008 8758/4332/5008
s 0
f 8756/4336/5009 8758/4332/5010 8759/4337/5010
s 1
f 8760/4336/5011 8761/4339/5012 8762/4333/5013
f 8760/4336/5011 8762/4333/5013 8763/4331/5014
s 0
f 8764/4342/5015 8765/4343/5015 8766/4344/5016
f 8764/4342/5017 8766/4344/5017 8767/4345/5017
f 8768/4345/5018 8769/4344/5018 8770/4346/5018
f 8768/4345/5018 8770/4346/5018 8771/4347/5019
s 1
f 8772/4347/5020 8773/4346/5021 8774/4348/5020
f 8772/4347/5020 8774/4348/5020 8775/4349/5022
f 8776/4349/5023 8777/4348/5023 8778/4350/5024
f 8776/4349/5023 8778/4350/5024 8779/4351/5025
f 8780/4351/5026 8781/4350/5026 8782/4352/5027
f 8780/4351/5026 8782/4352/5027 8783/4353/5026
f 8784/4354/5028 8785/4343/5029 8786/4342/5030
f 8784/4354/5028 8786/4342/5030 8787/4355/5031
f 8788/4356/5032 8789/4357/5033 8790/4354/5033
f 8788/4356/5032 8790/4354/5033 8791/4355/5033
s 0
f 8792/4343/5034 8793/4358/5035 8794/4359/5034
f 8792/4343/5036 8794/4359/5036 8795/4344/5036
f 8796/4344/5037 8797/4359/5037 8798/4360/5038
f 8796/4344/5039 8798/4360/5039 8799/4346/5040
s 1
f 8800/4346/5041 8801/4360/5042 8802/4361/5043
f 8800/4346/5041 8802/4361/5043 8803/4348/5044
f 8804/4348/5045 8805/4361/5046 8806/4362/5046
f 8804/4348/5045 8806/4362/5046 8807/4350/5045
f 8808/4350/5047 8809/4362/5047 8810/4363/5047
f 8808/4350/5047 8810/4363/5047 8811/4352/5047
f 8812/4354/5048 8813/4364/5048 8814/4358/5049
f 8812/4354/5048 8814/4358/5049 8815/4343/5049
f 8816/4357/5050 8817/4365/5050 8818/4364/5050
f 8816/4357/5050 8818/4364/5050 8819/4354/5050
f 8820/4345/5051 8821/4366/5052 8822/4367/5053
f 8820/4345/5051 8822/4367/5053 8823/4342/5053
s 0
f 8824/4347/5054 8825/4368/5054 8826/4366/5054
f 8824/4347/5055 8826/4366/5055 8827/4345/5055
s 1
f 8828/4349/5056 8829/4369/5057 8830/4368/5058
f 8828/4349/5056 8830/4368/5058 8831/4347/5058
f 8832/4351/5059 8833/4370/5060 8834/4369/5061
f 8832/4351/5059 8834/4369/5061 8835/4349/5062
f 8836/4353/5063 8837/4371/5064 8838/4370/5063
f 8836/4353/5063 8838/4370/5063 8839/4351/5063
f 8840/4342/5065 8841/4367/5065 8842/4372/5066
f 8840/4342/5065 8842/4372/5066 8843/4355/5066
f 8844/4355/5067 8845/4372/5067 8846/4373/5067
f 8844/4355/5067 8846/4373/5067 8847/4356/5067
s 0
f 8848/4374/5068 8849/4375/5068 8850/4376/5068
f 8848/4374/5069 8850/4376/5069 8851/4377/5069
s 1
f 8852/4377/5070 8853/4376/5071 8854/4378/5072
f 8852/4377/5070 8854/4378/5072 8855/4379/5073
f 8856/4379/5074 8857/4378/5075 8858/4380/5076
f 8856/4379/5074 8858/4380/5076 8859/4381/5077
f 8860/4381/5078 8861/4380/5079 8862/4382/5080
f 8860/4381/5078 8862/4382/5080 8863/4383/5079
f 8864/4384/5081 8865/4385/5082 8866/4386/5083
f 8864/4384/5081 8866/4386/5083 8867/4387/5084
f 8868/4387/5085 8869/4386/5086 8870/4388/5087
f 8868/4387/5085 8870/4388/5087 8871/4389/5088
f 8872/4389/5089 8873/4388/5090 8874/4375/5091
f 8872/4389/5089 8874/4375/5091 8875/4374/5091
f 8876/4352/5092 8877/4390/5093 8878/4391/5094
f 8876/4352/5092 8878/4391/5094 8879/4353/5095
f 8880/4356/5096 8881/4392/5097 8882/4393/5098
f 8880/4356/5096 8882/4393/5098 8883/4357/5099
f 8884/4363/5100 8885/4394/5100 8886/4390/5100
f 8884/4363/5100 8886/4390/5100 8887/4352/5100
f 8888/4357/5101 8889/4393/5102 8890/4395/5103
f 8888/4357/5101 8890/4395/5103 8891/4365/5102
f 8892/4353/5104 8893/4391/5104 8894/4396/5105
f 8892/4353/5104 8894/4396/5105 8895/4371/5104
f 8896/4373/5106 8897/4397/5107 8898/4392/5107
f 8896/4373/5106 8898/4392/5107 8899/4356/5107
f 8900/4382/5108 8901/4398/5109 8902/4399/5110
f 8900/4382/5108 8902/4399/5110 8903/4383/5111
f 8904/4384/5112 8905/4400/5113 8906/4401/5114
f 8904/4384/5112 8906/4401/5114 8907/4385/5115
f 8908/4402/5116 8909/4403/5116 8910/4404/5117
f 8908/4402/5116 8910/4404/5117 8911/4405/5118
f 8912/4406/5119 8913/4407/5120 8914/4408/5121
f 8912/4406/5119 8914/4408/5121 8915/4409/5121
f 8916/4390/5122 8917/4402/5122 8918/4405/5123
f 8916/4390/5122 8918/4405/5123 8919/4391/5123
f 8920/4391/5124 8921/4405/5125 8922/4404/5125
f 8920/4391/5124 8922/4404/5125 8923/4410/5124
f 8924/4398/5126 8925/4411/5126 8926/4412/5126
f 8924/4398/5126 8926/4412/5126 8927/4399/5126
f 8928/4413/5127 8929/4403/5127 8930/4402/5127
f 8928/4413/5127 8930/4402/5127 8931/4390/5127
f 8932/4393/5128 8933/4406/5128 8934/4409/5128
f 8932/4393/5128 8934/4409/5128 8935/4414/5128
f 8936/4400/5129 8937/4415/5129 8938/4416/5129
f 8936/4400/5129 8938/4416/5129 8939/4401/5129
f 8940/4417/5130 8941/4408/5131 8942/4407/5131
f 8940/4417/5130 8942/4407/5131 8943/4392/5132
f 8944/4392/5133 8945/4407/5134 8946/4406/5134
f 8944/4392/5133 8946/4406/5134 8947/4393/5134
s 0
f 8948/4418/5135 8949/4419/5135 8950/4420/5135
f 8948/4418/5136 8950/4420/5136 8951/4421/5136
f 8952/4421/5137 8953/4420/5137 8954/4422/5137
f 8952/4421/5138 8954/4422/5138 8955/4423/5138
f 8956/4423/5139 8957/4422/5139 8958/4424/5139
f 8956/4423/5140 8958/4424/5140 8959/4425/5140
f 8960/4425/5141 8961/4424/5141 8962/4426/5141
f 8960/4425/5142 8962/4426/5142 8963/4427/5142
f 8964/4427/5143 8965/4426/5143 8966/4428/5143
f 8964/4427/5144 8966/4428/5144 8967/4429/5144
f 8968/4428/5145 8969/4430/5145 8970/4431/5145
f 8968/4428/5146 8970/4431/5146 8971/4429/5146
f 8972/4431/5147 8973/4430/5147 8974/4432/5147
f 8972/4431/5148 8974/4432/5148 8975/4433/5148
f 8976/4433/5149 8977/4432/5149 8978/4434/5149
f 8976/4433/5149 8978/4434/5149 8979/4435/5149
f 8980/4435/5150 8981/4434/5150 8982/4436/5150
f 8980/4435/5151 8982/4436/5151 8983/4437/5151
f 8984/4437/5152 8985/4436/5152 8986/4438/5152
f 8984/4437/5153 8986/4438/5153 8987/4439/5153
f 8988/4440/5154 8989/4419/5154 8990/4418/5154
f 8988/4440/5155 8990/4418/5155 8991/4441/5155
f 8992/4442/5156 8993/4443/5156 8994/4440/5156
f 8992/4442/5157 8994/4440/5157 8995/4441/5157
s 1
f 8996/4444/5158 8997/4445/5159 8998/4446/5158
s 0
f 8996/4444/5159 8998/4446/5159 8999/4447/5160
f 9000/4447/5161 9001/4446/5161 9002/4448/5161
f 9000/4447/5162 9002/4448/5162 9003/4449/5162
s 1
f 9004/4449/5163 9005/4448/5164 9006/4450/5165
f 9004/4449/5163 9006/4450/5165 9007/4451/5164
f 9008/4451/5166 9009/4450/5167 9010/4452/5167
f 9008/4451/5166 9010/4452/5167 9011/4453/5168
f 9012/4453/5169 9013/4452/5170 9014/4454/5170
f 9012/4453/5169 9014/4454/5170 9015/4455/5171
f 9016/4456/5172 9017/4457/5173 9018/4458/5173
s 0
f 9016/4456/5174 9018/4458/5172 9019/4459/5174
f 9020/4459/5175 9021/4458/5175 9022/4460/5175
f 9020/4459/5176 9022/4460/5176 9023/4461/5176
s 1
f 9024/4461/5177 9025/4460/5178 9026/4462/5177
f 9024/4461/5177 9026/4462/5177 9027/4463/5179
f 9028/4463/5180 9029/4462/5181 9030/4464/5182
f 9028/4463/5180 9030/4464/5182 9031/4465/5183
f 9032/4455/5184 9033/4454/5185 9034/4457/5186
f 9032/4455/5184 9034/4457/5186 9035/4456/5187
f 9036/4466/5188 9037/4467/5189 9038/4445/5190
f 9036/4466/5188 9038/4445/5190 9039/4444/5188
f 9040/4465/5191 9041/4464/5191 9042/4467/5192
f 9040/4465/5191 9042/4467/5192 9043/4466/5191
s 0
f 9044/4468/5193 9045/4469/5193 9046/4470/5193
f 9044/4468/5193 9046/4470/5193 9047/4471/5193
s 1
f 9048/4471/5194 9049/4470/5194 9050/4472/5195
f 9048/4471/5194 9050/4472/5195 9051/4473/5196
f 9052/4473/5197 9053/4472/5198 9054/4474/5199
f 9052/4473/5197 9054/4474/5199 9055/4475/5199
f 9056/4475/5200 9057/4474/5200 9058/4476/5201
f 9056/4475/5200 9058/4476/5201 9059/4477/5200
f 9060/4477/5202 9061/4476/5203 9062/4478/5204
f 9060/4477/5202 9062/4478/5204 9063/4479/5205
s 0
f 9064/4479/5206 9065/4478/5206 9066/4480/5206
s 1
f 9064/4479/5207 9066/4480/5207 9067/4481/5208
s 0
f 9068/4481/5209 9069/4480/5209 9070/4482/5209
f 9068/4481/5210 9070/4482/5210 9071/4483/5210
s 1
f 9072/4483/5211 9073/4482/5212 9074/4484/5213
f 9072/4483/5211 9074/4484/5213 9075/4485/5212
f 9076/4485/5214 9077/4484/5214 9078/4486/5214
f 9076/4485/5214 9078/4486/5214 9079/4487/5214
f 9080/4488/5215 9081/4489/5216 9082/4490/5216
f 9080/4488/5215 9082/4490/5216 9083/4491/5216
f 9084/4491/5217 9085/4490/5218 9086/4492/5219
f 9084/4491/5217 9086/4492/5219 9087/4493/5218
f 9088/4493/5220 9089/4492/5221 9090/4469/5222
f 9088/4493/5220 9090/4469/5222 9091/4468/5223
s 0
f 9092/4494/5224 9093/4495/5224 9094/4496/5224
f 9092/4494/5224 9094/4496/5224 9095/4497/5224
f 9096/4498/5225 9097/4499/5225 9098/4500/5225
f 9096/4498/5225 9098/4500/5225 9099/4501/5225
f 9100/4502/5226 9101/4500/5226 9102/4499/5226
f 9100/4502/5226 9102/4499/5226 9103/4503/5226
f 9104/4497/5227 9105/4496/5227 9106/4500/5227
f 9104/4497/5227 9106/4500/5227 9107/4502/5227
f 9108/4503/5228 9109/4499/5228 9110/4504/5228
f 9108/4503/5228 9110/4504/5228 9111/4505/5228
f 9112/4506/5224 9113/4507/5224 9114/4508/5224
f 9112/4506/5224 9114/4508/5224 9115/4509/5224
f 9116/4510/5225 9117/4511/5225 9118/4512/5225
f 9116/4510/5225 9118/4512/5225 9119/4513/5225
f 9120/4514/5226 9121/4512/5226 9122/4511/5226
f 9120/4514/5226 9122/4511/5226 9123/4515/5226
f 9124/4509/5227 9125/4508/5227 9126/4512/5227
f 9124/4509/5227 9126/4512/5227 9127/4514/5227
f 9128/4515/5228 9129/4511/5228 9130/4516/5228
f 9128/4515/5228 9130/4516/5228 9131/4517/5228
f 9132/4518/5229 9133/4519/5229 9134/4520/5229
f 9132/4518/5229 9134/4520/5229 9135/4521/5229
f 9136/4521/5230 9137/4520/5230 9138/4522/5230
f 9136/4521/5230 9138/4522/5230 9139/4523/5230
f 9140/4523/5231 9141/4522/5231 9142/4524/5231
f 9140/4523/5232 9142/4524/5232 9143/4525/5232
f 9144/4525/5233 9145/4524/5233 9146/4526/5233
s 1
f 9144/4525/5233 9146/4526/5233 9147/4527/5233
s 0
f 9148/4527/5234 9149/4526/5235 9150/4528/5234
f 9148/4527/5234 9150/4528/5234 9151/4529/5234
f 9152/4529/5236 9153/4528/5237 9154/4530/5236
f 9152/4529/5238 9154/4530/5238 9155/4531/5238
f 9156/4531/5239 9157/4530/5239 9158/4532/5239
f 9156/4531/5240 9158/4532/5240 9159/4533/5240
f 9160/4533/5241 9161/4532/5242 9162/4534/5242
f 9160/4533/5243 9162/4534/5244 9163/4535/5244
f 9164/4536/5245 9165/4537/5245 9166/4538/5245
s 1
f 9164/4536/5246 9166/4538/5247 9167/4539/5248
s 0
f 9168/4539/5249 9169/4538/5250 9170/4540/5250
f 9168/4539/5251 9170/4540/5252 9171/4541/5251
f 9172/4541/5253 9173/4540/5253 9174/4542/5253
f 9172/4541/5254 9174/4542/5254 9175/4543/5254
f 9176/4543/5255 9177/4542/5255 9178/4519/5255
f 9176/4543/5255 9178/4519/5255 9179/4518/5255
f 9180/4518/5256 9181/4521/5256 9182/4520/5256
f 9180/4518/5257 9182/4520/5257 9183/4519/5257
f 9184/4521/5258 9185/4523/5258 9186/4522/5258
f 9184/4521/5259 9186/4522/5259 9187/4520/5259
f 9188/4523/5260 9189/4525/5260 9190/4524/5260
f 9188/4523/5261 9190/4524/5261 9191/4522/5261
f 9192/4525/5262 9193/4527/5262 9194/4526/5262
f 9192/4525/5262 9194/4526/5262 9195/4524/5262
f 9196/4527/5263 9197/4529/5263 9198/4528/5263
f 9196/4527/5264 9198/4528/5264 9199/4526/5264
f 9200/4529/5265 9201/4531/5265 9202/4530/5265
f 9200/4529/5266 9202/4530/5266 9203/4528/5266
f 9204/4531/5267 9205/4533/5250 9206/4532/5250
f 9204/4531/5251 9206/4532/5251 9207/4530/5251
f 9208/4533/5268 9209/4535/5268 9210/4534/5268
f 9208/4533/5269 9210/4534/5269 9211/4532/5269
f 9212/4536/5270 9213/4539/5271 9214/4538/5270
f 9212/4536/5272 9214/4538/5272 9215/4537/5272
f 9216/4539/5273 9217/4541/5273 9218/4540/5273
f 9216/4539/5274 9218/4540/5274 9219/4538/5274
f 9220/4541/5275 9221/4543/5275 9222/4542/5275
s 1
f 9220/4541/5276 9222/4542/5277 9223/4540/5276
s 0
f 9224/4543/5278 9225/4518/5278 9226/4519/5278
f 9224/4543/5279 9226/4519/5279 9227/4542/5279
f 9228/4544/5280 9229/4545/5280 9230/4546/5280
f 9228/4544/5280 9230/4546/5280 9231/4547/5280
f 9232/4548/5281 9233/4549/5281 9234/4550/5281
f 9232/4548/5281 9234/4550/5281 9235/4551/5281
f 9236/4552/5282 9237/4553/5282 9238/4554/5282
f 9236/4552/5282 9238/4554/5282 9239/4555/5282
f 9240/4556/5283 9241/4557/5283 9242/4558/5283
f 9240/4556/5283 9242/4558/5283 9243/4559/5283
s 1
f 9244/4559/5284 9245/4558/5285 9246/4548/5285
f 9244/4559/5284 9246/4548/5285 9247/4551/5286
f 9248/4550/5287 9249/4549/5287 9250/4560/5288
f 9248/4550/5287 9250/4560/5288 9251/4561/5287
s 0
f 9252/4558/5289 9253/4557/5289 9254/4562/5289
s 1
f 9252/4558/5289 9254/4562/5289 9255/4563/5289
f 9256/4548/5290 9257/4558/5290 9258/4563/5290
f 9256/4548/5290 9258/4563/5290 9259/4553/5290
s 0
f 9260/4549/5291 9261/4548/5291 9262/4553/5291
f 9260/4549/5291 9262/4553/5291 9263/4552/5291
s 1
f 9264/4564/5292 9265/4560/5292 9266/4549/5293
f 9264/4564/5292 9266/4549/5293 9267/4552/5294
f 9268/4551/5295 9269/4550/5295 9270/4565/5295
s 0
f 9268/4551/5295 9270/4565/5295 9271/4566/5295
s 1
f 9272/4550/5296 9273/4561/5296 9274/4567/5297
f 9272/4550/5296 9274/4567/5297 9275/4565/5296
s 0
f 9276/4559/5298 9277/4568/5298 9278/4569/5298
f 9276/4559/5298 9278/4569/5298 9279/4556/5298
s 1
f 9280/4551/5299 9281/4566/5299 9282/4568/5300
f 9280/4551/5299 9282/4568/5300 9283/4559/5299
s 0
f 9284/4569/5301 9285/4568/5301 9286/4570/5301
f 9284/4569/5301 9286/4570/5301 9287/4571/5301
s 1
f 9288/4568/5302 9289/4566/5302 9290/4572/5302
f 9288/4568/5302 9290/4572/5302 9291/4570/5302
s 0
f 9292/4566/5303 9293/4565/5303 9294/4573/5303
f 9292/4566/5303 9294/4573/5303 9295/4572/5303
s 1
f 9296/4565/5304 9297/4567/5305 9298/4574/5305
f 9296/4565/5304 9298/4574/5305 9299/4573/5305
s 0
f 9300/4575/5306 9301/4576/5306 9302/4545/5306
f 9300/4575/5306 9302/4545/5306 9303/4544/5306
s 1
f 9304/4576/5307 9305/4572/5307 9306/4546/5307
f 9304/4576/5307 9306/4546/5307 9307/4545/5307
s 0
f 9308/4572/5308 9309/4573/5308 9310/4547/5308
f 9308/4572/5308 9310/4547/5308 9311/4546/5308
s 1
f 9312/4573/5309 9313/4575/5309 9314/4544/5309
f 9312/4573/5309 9314/4544/5309 9315/4547/5309
f 9316/4577/5310 9317/4578/5311 9318/3286/5310
s 0
f 9316/4577/5312 9318/3286/5313 9319/3285/5313
s 1
f 9320/3292/5314 9321/4579/5314 9322/4580/5315
f 9320/3292/5314 9322/4580/5315 9323/3288/5316
s 0
f 9324/4580/5317 9325/4581/5317 9326/3289/5317
f 9324/4580/5318 9326/3289/5318 9327/3288/5318
s 1
f 9328/4581/5319 9329/4582/5320 9330/3290/5321
f 9328/4581/5319 9330/3290/5321 9331/3289/5322
f 9332/3293/5323 9333/4583/5323 9334/4584/5324
f 9332/3293/5323 9334/4584/5324 9335/3291/5325
s 0
f 9336/4584/5326 9337/4577/5327 9338/3285/5328
f 9336/4584/5327 9338/3285/5329 9339/3291/5329
f 9340/4578/5330 9341/4579/5330 9342/3292/5330
f 9340/4578/5331 9342/3292/5331 9343/3286/5331
f 9344/4582/5332 9345/4583/5332 9346/3293/5332
f 9344/4582/5333 9346/3293/5333 9347/3290/5333
f 9348/4577/5334 9349/3285/5334 9350/3286/5335
f 9348/4577/5336 9350/3286/5336 9351/4578/5336
s 1
f 9352/3292/5337 9353/3288/5338 9354/4580/5339
f 9352/3292/5337 9354/4580/5339 9355/4579/5338
s 0
f 9356/4580/5340 9357/3288/5341 9358/3289/5340
f 9356/4580/5342 9358/3289/5342 9359/4581/5342
s 1
f 9360/4581/5343 9361/3289/5344 9362/3290/5345
f 9360/4581/5343 9362/3290/5345 9363/4582/5346
f 9364/3293/5347 9365/3291/5348 9366/4584/5349
f 9364/3293/5347 9366/4584/5349 9367/4583/5350
s 0
f 9368/4584/5351 9369/3291/5351 9370/3285/5351
f 9368/4584/5352 9370/3285/5352 9371/4577/5352
f 9372/4578/5353 9373/3286/5353 9374/3292/5353
f 9372/4578/5354 9374/3292/5354 9375/4579/5354
f 9376/4582/5355 9377/3290/5355 9378/3293/5355
f 9376/4582/5356 9378/3293/5356 9379/4583/5356
f 9380/4544/5280 9381/4547/5280 9382/4546/5280
f 9380/4544/5280 9382/4546/5280 9383/4545/5280
f 9384/4548/5281 9385/4551/5281 9386/4550/5281
f 9384/4548/5281 9386/4550/5281 9387/4549/5281
f 9388/4552/5282 9389/4555/5282 9390/4554/5282
f 9388/4552/5282 9390/4554/5282 9391/4553/5282
f 9392/4556/5283 9393/4559/5283 9394/4558/5283
f 9392/4556/5283 9394/4558/5283 9395/4557/5283
s 1
f 9396/4559/5357 9397/4551/5287 9398/4548/5358
f 9396/4559/5357 9398/4548/5358 9399/4558/5287
f 9400/4550/5285 9401/4561/5285 9402/4560/5359
f 9400/4550/5285 9402/4560/5359 9403/4549/5285
s 0
f 9404/4558/5289 9405/4563/5289 9406/4562/5289
f 9404/4558/5289 9406/4562/5289 9407/4557/5289
s 1
f 9408/4548/5360 9409/4553/5360 9410/4563/5293
f 9408/4548/5360 9410/4563/5293 9411/4558/5293
s 0
f 9412/4549/5291 9413/4552/5291 9414/4553/5291
f 9412/4549/5291 9414/4553/5291 9415/4548/5291
s 1
f 9416/4564/5361 9417/4552/5362 9418/4549/5362
f 9416/4564/5361 9418/4549/5362 9419/4560/5363
s 0
f 9420/4551/5295 9421/4566/5295 9422/4565/5295
f 9420/4551/5295 9422/4565/5295 9423/4550/5295
s 1
f 9424/4550/5364 9425/4565/5299 9426/4567/5299
f 9424/4550/5364 9426/4567/5299 9427/4561/5299
s 0
f 9428/4559/5298 9429/4556/5298 9430/4569/5298
f 9428/4559/5298 9430/4569/5298 9431/4568/5298
s 1
f 9432/4551/5296 9433/4559/5296 9434/4568/5365
f 9432/4551/5296 9434/4568/5365 9435/4566/5296
s 0
f 9436/4569/5301 9437/4571/5301 9438/4570/5301
f 9436/4569/5301 9438/4570/5301 9439/4568/5301
s 1
f 9440/4568/5304 9441/4570/5304 9442/4572/5304
f 9440/4568/5304 9442/4572/5304 9443/4566/5304
f 9444/4566/5303 9445/4572/5303 9446/4573/5303
s 0
f 9444/4566/5303 9446/4573/5303 9447/4565/5303
s 1
f 9448/4565/5302 9449/4573/5302 9450/4574/5366
f 9448/4565/5302 9450/4574/5366 9451/4567/5366
s 0
f 9452/4575/5306 9453/4544/5306 9454/4545/5306
f 9452/4575/5306 9454/4545/5306 9455/4576/5306
s 1
f 9456/4576/5367 9457/4545/5367 9458/4546/5367
f 9456/4576/5367 9458/4546/5367 9459/4572/5367
s 0
f 9460/4572/5308 9461/4546/5308 9462/4547/5308
s 1
f 9460/4572/5308 9462/4547/5308 9463/4573/5308
f 9464/4573/5368 9465/4547/5368 9466/4544/5368
f 9464/4573/5368 9466/4544/5368 9467/4575/5368
s 0
f 9468/4585/5369 9469/4586/5369 9470/4587/5369
f 9468/4585/5369 9470/4587/5369 9471/4588/5369
f 9472/4589/5370 9473/4590/5370 9474/4591/5370
f 9472/4589/5370 9474/4591/5370 9475/4592/5370
f 9476/4593/5371 9477/4594/5371 9478/3295/5371
f 9476/4593/5371 9478/3295/5371 9479/3294/5371
s 1
f 9480/4591/5372 9481/4595/5372 9482/4586/5373
f 9480/4591/5372 9482/4586/5373 9483/4585/5373
f 9484/4587/5374 9485/4596/5374 9486/4597/5374
f 9484/4587/5374 9486/4597/5374 9487/4588/5375
f 9488/3296/5376 9489/3295/5376 9490/4595/5376
f 9488/3296/5376 9490/4595/5376 9491/4591/5376
s 0
f 9492/4590/5377 9493/4598/5377 9494/3296/5377
f 9492/4590/5377 9494/3296/5377 9495/4591/5377
s 1
f 9496/4597/5378 9497/4596/5378 9498/3298/5378
f 9496/4597/5378 9498/3298/5378 9499/3297/5378
s 0
f 9500/4598/5379 9501/4599/5379 9502/4600/5379
f 9500/4598/5379 9502/4600/5379 9503/3296/5379
f 9504/4585/5369 9505/4588/5369 9506/4587/5369
f 9504/4585/5369 9506/4587/5369 9507/4586/5369
f 9508/4589/5380 9509/4592/5380 9510/4591/5380
f 9508/4589/5370 9510/4591/5370 9511/4590/5370
f 9512/4593/5371 9513/3294/5371 9514/3295/5371
f 9512/4593/5371 9514/3295/5371 9515/4594/5371
s 1
f 9516/4591/5381 9517/4585/5381 9518/4586/5381
f 9516/4591/5381 9518/4586/5381 9519/4595/5381
f 9520/4587/5382 9521/4588/5382 9522/4597/5382
f 9520/4587/5382 9522/4597/5382 9523/4596/5382
f 9524/3296/5383 9525/4591/5383 9526/4595/5383
f 9524/3296/5383 9526/4595/5383 9527/3295/5383
s 0
f 9528/4590/5377 9529/4591/5377 9530/3296/5377
f 9528/4590/5377 9530/3296/5377 9531/4598/5377
s 1
f 9532/4597/5376 9533/3297/5376 9534/3298/5376
f 9532/4597/5376 9534/3298/5376 9535/4596/5376
s 0
f 9536/4598/5379 9537/3296/5379 9538/4600/5379
f 9536/4598/5379 9538/4600/5379 9539/4599/5379
f 9540/4601/5384 9541/4602/5384 9542/4603/5384
f 9540/4601/5384 9542/4603/5384 9543/4604/5384
s 1
f 9544/4604/5385 9545/4603/5385 9546/3302/5385
f 9544/4604/5385 9546/3302/5385 9547/3301/5385
f 9548/4605/5386 9549/4606/5386 9550/4602/5386
f 9548/4605/5386 9550/4602/5386 9551/4601/5386
s 0
f 9552/4607/5387 9553/4601/5387 9554/4604/5387
f 9552/4607/5387 9554/4604/5387 9555/4608/5387
s 1
f 9556/4608/5388 9557/4604/5389 9558/3301/5390
f 9556/4608/5388 9558/3301/5390 9559/4609/5390
f 9560/4610/5391 9561/4605/5392 9562/4601/5393
f 9560/4610/5391 9562/4601/5393 9563/4607/5392
s 0
f 9564/4611/5394 9565/4612/5394 9566/4613/5394
f 9564/4611/5394 9566/4613/5394 9567/4614/5394
s 1
f 9568/4612/5395 9569/4615/5395 9570/4616/5396
f 9568/4612/5395 9570/4616/5396 9571/4613/5396
f 9572/4615/5397 9573/4617/5397 9574/4618/5397
f 9572/4615/5397 9574/4618/5397 9575/4616/5397
s 0
f 9576/4617/5398 9577/4619/5398 9578/4620/5398
f 9576/4617/5398 9578/4620/5398 9579/4618/5398
s 1
f 9580/4621/5399 9581/4622/5400 9582/4623/5400
f 9580/4621/5399 9582/4623/5400 9583/4624/5399
f 9584/4622/5401 9585/4611/5402 9586/4614/5402
f 9584/4622/5401 9586/4614/5402 9587/4623/5401
s 0
f 9588/4611/5394 9589/4614/5394 9590/4613/5394
f 9588/4611/5394 9590/4613/5394 9591/4612/5394
s 1
f 9592/4612/5403 9593/4613/5403 9594/4616/5403
f 9592/4612/5403 9594/4616/5403 9595/4615/5403
f 9596/4615/5404 9597/4616/5404 9598/4618/5404
f 9596/4615/5404 9598/4618/5404 9599/4617/5404
s 0
f 9600/4617/5398 9601/4618/5398 9602/4620/5398
f 9600/4617/5398 9602/4620/5398 9603/4619/5398
s 1
f 9604/4621/5405 9605/4624/5405 9606/4623/5405
f 9604/4621/5405 9606/4623/5405 9607/4622/5405
f 9608/4622/5406 9609/4623/5407 9610/4614/5406
f 9608/4622/5406 9610/4614/5406 9611/4611/5407
s 0
f 9612/4601/5384 9613/4604/5384 9614/4603/5384
f 9612/4601/5384 9614/4603/5384 9615/4602/5384
s 1
f 9616/4604/5408 9617/3301/5408 9618/3302/5408
f 9616/4604/5408 9618/3302/5408 9619/4603/5408
f 9620/4605/5409 9621/4601/5409 9622/4602/5409
f 9620/4605/5409 9622/4602/5409 9623/4606/5409
s 0
f 9624/4607/5387 9625/4608/5387 9626/4604/5387
f 9624/4607/5387 9626/4604/5387 9627/4601/5387
s 1
f 9628/4608/5410 9629/4609/5411 9630/3301/5411
f 9628/4608/5410 9630/3301/5411 9631/4604/5411
f 9632/4610/5412 9633/4607/5412 9634/4601/5412
f 9632/4610/5412 9634/4601/5412 9635/4605/5412
f 9636/4625/5413 9637/4626/5414 9638/4627/5414
f 9636/4625/5413 9638/4627/5414 9639/4628/5413
f 9640/4628/5415 9641/4627/5416 9642/4629/5416
f 9640/4628/5415 9642/4629/5416 9643/4630/5415
f 9644/4630/5417 9645/4629/5417 9646/4631/5417
f 9644/4630/5417 9646/4631/5417 9647/4632/5417
f 9648/4632/5418 9649/4631/5418 9650/4633/5418
f 9648/4632/5418 9650/4633/5418 9651/4634/5418
f 9652/4635/5419 9653/4636/5420 9654/4637/5421
f 9652/4635/5419 9654/4637/5421 9655/4638/5422
f 9656/4637/5423 9657/4636/5423 9658/4639/5424
f 9656/4637/5423 9658/4639/5424 9659/4640/5424
f 9660/4641/5425 9661/4642/5425 9662/4643/5425
f 9660/4641/5425 9662/4643/5425 9663/4644/5425
f 5258/3319/3396 5260/3321/3398 9664/4645/5426
f 5258/3319/3396 9664/4645/5426 9665/4646/5426
f 9666/4647/5427 9667/4648/5428 9668/3317/5429
f 9666/4647/5427 9668/3317/5429 9669/4649/5428
f 9670/4650/5430 9671/4651/5430 9672/4652/5430
f 9670/4650/5430 9672/4652/5430 9673/4648/5430
f 9674/4641/5431 9675/4653/5431 9676/4654/5431
f 9674/4641/5431 9676/4654/5431 9677/4642/5431
f 9678/4655/5432 9679/4650/5432 9680/4648/5432
f 9678/4655/5432 9680/4648/5432 9681/4647/5432
f 9682/4656/5433 9683/4657/5434 9684/3319/5435
f 9682/4656/5433 9684/3319/5435 9685/4646/5434
f 9686/3319/5436 9687/4657/5436 9688/4658/5436
f 9686/3319/5436 9688/4658/5436 9689/4659/5436
f 9690/4659/5437 9691/4660/5438 9692/3320/5439
f 9690/4659/5437 9692/3320/5439 9693/3319/5440
f 9694/4661/5441 9695/4662/5442 9696/4663/5443
f 9694/4661/5441 9696/4663/5443 9697/4664/5442
f 9698/4662/5444 9699/4665/5445 9700/4666/5445
f 9698/4662/5444 9700/4666/5445 9701/4663/5444
f 9702/4654/5446 9703/4653/5446 9704/4667/5446
f 9702/4654/5446 9704/4667/5446 9705/4668/5446
f 9706/4653/5447 9707/4641/5447 9708/4669/5447
f 9706/4653/5447 9708/4669/5447 9709/4667/5448
f 9710/4669/5449 9711/4641/5449 9712/4644/5449
f 9710/4669/5449 9712/4644/5449 9713/4670/5449
f 9714/4638/5450 9715/3316/5451 9716/4670/5452
f 9714/4638/5450 9716/4670/5452 9717/4644/5453
f 9714/4638/5450 9718/4637/5454 9719/3317/5454
f 9714/4638/5450 9719/3317/5454 9715/3316/5451
f 9720/4649/5455 9721/3317/5456 9722/4637/5457
f 9720/4649/5455 9722/4637/5457 9723/4640/5456
f 9724/4661/5458 9725/4664/5458 9692/3320/5439
f 9724/4661/5458 9692/3320/5439 9691/4660/5438
f 9655/4638/5422 9726/4644/5459 9727/4643/5459
f 9655/4638/5422 9727/4643/5459 9652/4635/5419
f 9728/4671/5460 9729/4670/5460 5255/3316/3393
f 9728/4671/5460 5255/3316/3393 5257/3318/3395
f 9730/4672/5461 9731/4669/5462 9732/4670/5463
f 9730/4672/5461 9732/4670/5463 9733/4671/5462
f 9734/4667/5464 9735/4669/5465 9736/4672/5465
f 9734/4667/5464 9736/4672/5465 9737/4673/5464
f 9738/4668/5466 9739/4667/5466 9740/4673/5466
f 9738/4668/5466 9740/4673/5466 9741/4674/5467
s 0
f 9742/4663/5468 9743/4666/5468 9744/4675/5468
s 1
f 9742/4663/5469 9744/4675/5469 9745/4676/5469
f 9746/4664/5470 9747/4663/5471 9748/4676/5472
f 9746/4664/5470 9748/4676/5472 9749/4677/5471
f 5259/3320/3397 9750/4664/5473 9751/4677/5473
f 5259/3320/3397 9751/4677/5473 5260/3321/3398
f 5256/3317/3394 9752/4648/5474 9753/4652/5474
f 5256/3317/3394 9753/4652/5474 5257/3318/3395
f 9754/4625/5475 9755/4628/5475 9756/4627/5476
f 9754/4625/5475 9756/4627/5476 9757/4626/5476
f 9758/4628/5477 9759/4630/5477 9760/4629/5478
f 9758/4628/5477 9760/4629/5478 9761/4627/5478
f 9762/4630/5479 9763/4632/5479 9764/4631/5479
f 9762/4630/5479 9764/4631/5479 9765/4629/5479
f 9766/4632/5480 9767/4634/5480 9768/4633/5480
f 9766/4632/5480 9768/4633/5480 9769/4631/5480
f 9770/4635/5481 9771/4638/5482 9772/4637/5483
f 9770/4635/5481 9772/4637/5483 9773/4636/5483
f 9774/4637/5484 9775/4640/5485 9776/4639/5485
f 9774/4637/5484 9776/4639/5485 9777/4636/5485
f 9778/4641/5486 9779/4644/5486 9780/4643/5486
f 9778/4641/5486 9780/4643/5486 9781/4642/5486
f 5264/3319/3402 9782/4646/5487 9783/4645/5488
f 5264/3319/3402 9783/4645/5488 5265/3321/3403
f 9784/4647/5489 9785/4649/5490 9786/3317/5491
f 9784/4647/5489 9786/3317/5491 9787/4648/5490
f 9788/4650/5492 9789/4648/5492 9790/4652/5492
f 9788/4650/5492 9790/4652/5492 9791/4651/5492
f 9792/4641/5493 9793/4642/5493 9794/4654/5493
f 9792/4641/5493 9794/4654/5493 9795/4653/5493
f 9796/4655/5494 9797/4647/5494 9798/4648/5494
f 9796/4655/5494 9798/4648/5494 9799/4650/5494
f 9800/4656/5495 9801/4646/5496 9802/3319/5497
f 9800/4656/5495 9802/3319/5497 9803/4657/5496
f 9804/3319/5498 9805/4659/5498 9806/4658/5498
f 9804/3319/5498 9806/4658/5498 9807/4657/5498
f 9808/4659/5499 9809/3319/5500 9810/3320/5501
f 9808/4659/5499 9810/3320/5501 9811/4660/5502
f 9812/4661/5503 9813/4664/5504 9814/4663/5505
f 9812/4661/5503 9814/4663/5505 9815/4662/5504
f 9816/4662/5506 9817/4663/5506 9818/4666/5507
f 9816/4662/5506 9818/4666/5507 9819/4665/5507
f 9820/4654/5508 9821/4668/5508 9822/4667/5508
f 9820/4654/5508 9822/4667/5508 9823/4653/5508
f 9824/4653/5509 9825/4667/5510 9826/4669/5509
f 9824/4653/5509 9826/4669/5509 9827/4641/5509
f 9828/4669/5511 9829/4670/5512 9830/4644/5512
f 9828/4669/5511 9830/4644/5512 9831/4641/5512
f 9832/4638/5513 9833/4644/5514 9834/4670/5515
f 9832/4638/5513 9834/4670/5515 9835/3316/5516
f 9832/4638/5513 9835/3316/5516 9836/3317/5517
f 9832/4638/5513 9836/3317/5517 9837/4637/5517
f 9838/4649/5518 9839/4640/5519 9840/4637/5520
f 9838/4649/5518 9840/4637/5520 9841/3317/5519
f 9842/4661/5521 9811/4660/5502 9810/3320/5501
f 9842/4661/5521 9810/3320/5501 9843/4664/5521
f 9771/4638/5482 9770/4635/5481 9844/4643/5522
f 9771/4638/5482 9844/4643/5522 9845/4644/5522
f 9846/4671/5523 5262/3318/3400 5261/3316/3399
f 9846/4671/5523 5261/3316/3399 9847/4670/5523
f 9848/4672/5524 9849/4671/5525 9850/4670/5525
f 9848/4672/5524 9850/4670/5525 9851/4669/5525
f 9852/4667/5526 9853/4673/5526 9854/4672/5527
f 9852/4667/5526 9854/4672/5527 9855/4669/5527
f 9856/4668/5528 9857/4674/5529 9858/4673/5528
f 9856/4668/5528 9858/4673/5528 9859/4667/5530
s 0
f 9860/4663/5531 9861/4676/5531 9862/4675/5531
f 9860/4663/5532 9862/4675/5532 9863/4666/5532
s 1
f 9864/4664/5533 9865/4677/5534 9866/4676/5533
f 9864/4664/5533 9866/4676/5533 9867/4663/5534
f 5266/3320/3404 5265/3321/3403 9868/4677/5535
f 5266/3320/3404 9868/4677/5535 9869/4664/5535
f 5263/3317/3401 5262/3318/3400 9870/4652/5536
f 5263/3317/3401 9870/4652/5536 9871/4648/5537
f 9872/3322/5538 9873/4678/5538 9874/4679/5538
f 9872/3322/5538 9874/4679/5538 9875/3323/5538
f 9876/4680/5539 9877/4681/5539 9878/3322/5539
f 9876/4680/5539 9878/3322/5539 9879/3324/5539
f 9880/3325/5540 9881/4682/5540 9882/4683/5540
f 9880/3325/5540 9882/4683/5540 9883/3326/5540
f 9884/4684/5541 9885/4685/5541 9886/3325/5541
f 9884/4684/5541 9886/3325/5541 9887/3327/5541
f 9888/4686/5542 9889/3331/5542 9890/4687/5542
f 9888/4686/5542 9890/4687/5542 9891/4688/5542
s 0
f 9892/4689/5543 9893/3330/5544 9894/3329/5543
f 9892/4689/5543 9894/3329/5543 9895/4690/5543
s 1
f 9896/3329/5545 9897/3331/5545 9898/4686/5545
f 9896/3329/5545 9898/4686/5545 9899/4690/5545
f 9900/4687/5546 9901/3331/5546 9902/3328/5546
f 9900/4687/5546 9902/3328/5546 9903/4691/5546
f 9904/3332/5547 9905/4692/5547 9906/4691/5547
f 9904/3332/5547 9906/4691/5547 9907/3328/5547
f 9908/3332/5548 9909/3330/5549 9910/4689/5548
f 9908/3332/5548 9910/4689/5548 9911/4693/5548
f 9912/4692/5550 9913/3332/5550 9914/4693/5551
f 9912/4692/5550 9914/4693/5551 9915/4694/5550
f 9916/4695/5552 9917/4696/5552 9918/3338/5553
f 9916/4695/5552 9918/3338/5553 9919/3340/5552
f 9920/4696/5554 9921/4697/5554 9922/3341/5554
f 9920/4696/5554 9922/3341/5554 9923/3338/5554
f 9924/4698/5555 9925/4699/5556 9926/3342/5555
f 9924/4698/5555 9926/3342/5555 9927/3344/5556
f 9928/4695/5557 9929/4700/5558 9930/4701/5557
f 9928/4695/5557 9930/4701/5557 9931/4696/5557
f 9932/4696/5559 9933/4701/5560 9934/4702/5560
f 9932/4696/5559 9934/4702/5560 9935/4697/5560
f 9936/4698/5561 9937/4703/5562 9938/4704/5563
f 9936/4698/5561 9938/4704/5563 9939/4699/5563
f 9940/4705/5564 9941/4706/5564 9942/4707/5565
f 9940/4705/5564 9942/4707/5565 9943/4708/5564
f 9944/4706/5566 9945/3347/5567 9946/3348/5568
f 9944/4706/5566 9946/3348/5568 9947/4707/5566
f 9948/4706/5569 9949/4695/5570 9950/3340/5570
f 9948/4706/5569 9950/3340/5570 9951/3349/5569
f 9952/3348/5571 9953/3342/5571 9954/4699/5571
f 9952/3348/5571 9954/4699/5571 9955/4707/5571
f 9956/4706/5572 9957/4705/5572 9958/4700/5572
f 9956/4706/5572 9958/4700/5572 9959/4695/5573
s 0
f 9960/4699/5574 9961/4704/5574 9962/4708/5574
f 9960/4699/5575 9962/4708/5576 9963/4707/5576
s 1
f 9964/4709/5577 9965/3353/5577 9966/4710/5577
f 9964/4709/5577 9966/4710/5577 9967/4711/5577
f 9968/4712/5578 9969/3354/5579 9970/4713/5579
f 9968/4712/5578 9970/4713/5579 9971/4714/5579
s 0
f 9972/4715/5580 9973/3352/5580 9974/3351/5580
f 9972/4715/5581 9974/3351/5582 9975/4716/5582
s 1
f 9976/3351/5583 9977/3353/5583 9978/4709/5584
f 9976/3351/5583 9978/4709/5584 9979/4716/5583
f 9980/4710/5585 9981/3353/5586 9982/3350/5587
f 9980/4710/5585 9982/3350/5587 9983/4717/5585
f 9984/3354/5588 9985/4712/5588 9986/4717/5589
f 9984/3354/5588 9986/4717/5589 9987/3350/5588
f 9988/3354/5590 9989/3352/5590 9990/4715/5590
f 9988/3354/5590 9990/4715/5590 9991/4713/5590
f 9992/4718/5591 9993/4719/5592 9994/4720/5593
f 9992/4718/5591 9994/4720/5593 9995/4721/5592
f 9996/4722/5594 9997/4723/5595 9998/4718/5596
f 9996/4722/5594 9998/4718/5596 9999/4721/5597
s 0
f 10000/4724/5598 10001/4725/5598 10002/4726/5598
f 10000/4724/5599 10002/4726/5599 10003/4727/5599
f 10004/4728/5600 10005/4729/5600 10006/4725/5600
f 10004/4728/5601 10006/4725/5601 10007/4724/5601
f 10008/4727/5602 10009/4726/5602 10010/4730/5602
f 10008/4727/5602 10010/4730/5602 10011/4722/5602
f 10012/4731/5603 10013/4732/5603 10014/4733/5603
f 10012/4731/5603 10014/4733/5603 10015/4734/5603
f 10016/4723/5604 10017/4722/5605 10018/4730/5605
f 10016/4723/5606 10018/4730/5606 10019/4735/5606
f 10020/4732/5607 10021/4723/5607 10022/4735/5607
f 10020/4732/5608 10022/4735/5608 10023/4733/5607
s 1
f 10024/4307/5609 10025/4310/5609 10026/4736/5609
f 10024/4307/5609 10026/4736/5609 10027/4308/5609
f 10028/4737/5610 10029/4314/5610 10030/4313/5610
f 10028/4737/5610 10030/4313/5610 10031/4312/5610
f 10032/4738/5611 10033/4316/5612 10034/4736/5613
f 10032/4738/5611 10034/4736/5613 10035/4310/5614
s 0
f 10036/4307/5615 10037/4308/5616 10038/4737/5616
f 10036/4307/5617 10038/4737/5615 10039/4312/5617
s 1
f 10040/4739/5618 10041/4740/5619 10042/4741/5618
f 10040/4739/5618 10042/4741/5618 10043/4742/5618
f 10044/4743/5620 10045/4744/5620 10046/4745/5620
f 10044/4743/5620 10046/4745/5620 10047/4746/5620
f 10048/4747/5621 10049/4742/5622 10050/4741/5623
f 10048/4747/5621 10050/4741/5623 10051/4748/5623
s 0
f 10052/4739/5624 10053/4744/5625 10054/4743/5625
f 10052/4739/5626 10054/4743/5627 10055/4740/5626
s 1
f 10056/4749/5628 10057/4241/5628 10058/4240/5628
f 10056/4749/5628 10058/4240/5628 10059/3242/5628
f 10060/4242/5629 10061/4244/5629 10062/4750/5629
f 10060/4242/5629 10062/4750/5629 10063/3356/5630
s 0
f 10064/4751/5631 10065/4246/5631 10066/3240/5631
f 10064/4751/5632 10066/3240/5632 10067/3355/5632
s 1
f 10068/3240/5633 10069/4246/5633 10070/4749/5633
f 10068/3240/5633 10070/4749/5633 10071/3242/5633
f 10072/4240/5634 10073/4752/5635 10074/3239/5636
f 10072/4240/5634 10074/3239/5636 10075/3242/5634
f 10076/3356/5637 10077/3239/5637 10078/4752/5638
f 10076/3356/5637 10078/4752/5638 10079/4242/5637
f 10080/3356/5639 10081/4750/5639 10082/4751/5639
f 10080/3356/5639 10082/4751/5639 10083/3355/5639
f 10084/3357/5640 10085/4753/5640 10086/4754/5641
f 10084/3357/5640 10086/4754/5641 10087/3358/5641
f 10088/4755/5642 10089/4756/5642 10090/3357/5642
f 10088/4755/5642 10090/3357/5642 10091/3359/5642
f 10092/3360/5643 10093/4757/5644 10094/4758/5645
f 10092/3360/5643 10094/4758/5645 10095/3361/5644
f 10096/4759/5646 10097/4760/5647 10098/3360/5646
f 10096/4759/5646 10098/3360/5646 10099/3362/5647
f 10100/3363/5648 10101/4761/5648 10102/4762/5648
f 10100/3363/5648 10102/4762/5648 10103/3364/5648
f 10104/4763/5649 10105/4764/5649 10106/3363/5649
f 10104/4763/5649 10106/3363/5649 10107/3365/5649
f 10108/4765/5650 10109/4766/5650 10110/4767/5650
f 10108/4765/5650 10110/4767/5650 10111/3369/5650
s 0
f 10112/4768/5651 10113/4769/5651 10114/3368/5651
f 10112/4768/5652 10114/3368/5652 10115/3367/5652
s 1
f 10116/3368/5653 10117/4769/5653 10118/4765/5654
f 10116/3368/5653 10118/4765/5654 10119/3369/5654
f 10120/4767/5655 10121/4770/5656 10122/3366/5656
f 10120/4767/5655 10122/3366/5656 10123/3369/5656
f 10124/3370/5657 10125/3366/5658 10126/4770/5658
f 10124/3370/5657 10126/4770/5658 10127/4771/5657
f 10128/3370/5659 10129/4772/5659 10130/4768/5659
f 10128/3370/5659 10130/4768/5659 10131/3367/5659
f 10132/4771/5660 10133/4773/5660 10134/4772/5660
f 10132/4771/5660 10134/4772/5660 10135/3370/5660
f 10136/3371/5661 10137/4774/5661 10138/4775/5661
f 10136/3371/5661 10138/4775/5661 10139/3372/5661
f 10140/4776/5662 10141/4777/5662 10142/3371/5662
f 10140/4776/5662 10142/3371/5662 10143/3373/5662
s 0
f 10144/4778/5663 10145/4779/5663 10146/4780/5663
f 10144/4778/5663 10146/4780/5663 10147/4781/5663
f 10148/4780/5664 10149/4779/5664 10150/4782/5664
f 10148/4780/5664 10150/4782/5664 10151/4783/5664
f 10152/4784/5665 10153/4785/5665 10154/4786/5665
f 10152/4784/5665 10154/4786/5665 10155/4787/5665
f 10156/4786/5666 10157/4788/5666 10158/4789/5666
f 10156/4786/5666 10158/4789/5666 10159/4787/5666
f 10160/4790/5667 10161/4791/5667 10162/4792/5667
f 10160/4790/5667 10162/4792/5667 10163/4793/5667
f 10164/4793/5668 10165/4792/5668 10166/4794/5668
f 10164/4793/5668 10166/4794/5668 10167/4795/5668
f 10168/4782/5669 10169/4785/5669 10170/4784/5669
f 10168/4782/5669 10170/4784/5669 10171/4783/5669
f 10172/4794/5670 10173/4778/5670 10174/4781/5670
f 10172/4794/5670 10174/4781/5670 10175/4795/5670
f 10176/4796/5671 10177/4797/5671 10178/4798/5671
f 10176/4796/5671 10178/4798/5671 10179/4799/5671
f 10180/4800/5672 10181/4801/5672 10182/4802/5672
f 10180/4800/5672 10182/4802/5672 10183/4803/5672
f 10184/4803/5673 10185/4802/5673 10186/4804/5673
f 10184/4803/4716 10186/4804/4716 10187/4805/4716
f 10188/4806/5674 10189/4807/5674 10190/4808/5674
f 10188/4806/5674 10190/4808/5674 10191/4809/5674
s 1
f 10192/4810/5675 10193/4804/5675 10194/4802/5675
f 10192/4810/5675 10194/4802/5675 10195/4811/5675
f 10196/4805/5676 10197/4796/5676 10198/4799/5676
f 10196/4805/5676 10198/4799/5676 10199/4803/5676
s 0
f 10200/4812/5677 10201/4813/5677 10202/4797/5677
f 10200/4812/5677 10202/4797/5677 10203/4796/5677
s 1
f 10204/4814/5678 10205/4807/5678 10206/4804/5678
f 10204/4814/5678 10206/4804/5678 10207/4810/5678
s 0
f 10208/4805/5679 10209/4804/5679 10210/4807/5679
f 10208/4805/5679 10210/4807/5679 10211/4806/5679
s 1
f 10212/4806/5680 10213/4812/5680 10214/4796/5681
f 10212/4806/5680 10214/4796/5681 10215/4805/5680
f 10216/3383/5682 10217/4815/5682 10218/4816/5682
f 10216/3383/5682 10218/4816/5682 10219/3384/5682
f 10220/4817/5683 10221/4818/5683 10222/3383/5683
f 10220/4817/5683 10222/3383/5683 10223/3385/5683
s 0
f 10224/4819/5684 10225/4820/5684 10226/4821/5684
f 10224/4819/5684 10226/4821/5684 10227/4822/5684
f 10228/4822/5685 10229/4821/5685 10230/4823/5685
f 10228/4822/5685 10230/4823/5685 10231/4824/5685
f 10232/4824/5686 10233/4823/5686 10234/4825/5686
f 10232/4824/5686 10234/4825/5686 10235/4826/5686
f 10236/4826/5687 10237/4825/5687 10238/4827/5687
f 10236/4826/5688 10238/4827/5688 10239/4828/5688
f 10240/4828/5689 10241/4827/5689 10242/4829/5689
f 10240/4828/5689 10242/4829/5689 10243/4830/5689
f 10244/4830/5690 10245/4829/5690 10246/4831/5690
s 1
f 10244/4830/5691 10246/4831/5691 10247/4832/5691
s 0
f 10248/4833/5692 10249/4834/5692 10250/4835/5692
f 10248/4833/5692 10250/4835/5692 10251/4836/5692
f 10252/4836/5693 10253/4835/5693 10254/4837/5693
f 10252/4836/5694 10254/4837/5694 10255/4838/5694
f 10256/4838/5695 10257/4837/5695 10258/4839/5695
f 10256/4838/5695 10258/4839/5695 10259/4840/5695
f 10260/4840/5696 10261/4839/5696 10262/4820/5696
f 10260/4840/5697 10262/4820/5697 10263/4819/5697
f 10264/4841/5698 10265/4842/5698 10266/4843/5698
s 1
f 10264/4841/5699 10266/4843/5699 10267/4844/5699
s 0
f 10268/4845/5700 10269/4846/5700 10270/4842/5700
f 10268/4845/5701 10270/4842/5701 10271/4841/5701
f 10272/4847/5702 10273/4848/5702 10274/4846/5702
f 10272/4847/5703 10274/4846/5703 10275/4845/5703
f 10276/4849/5704 10277/4850/5704 10278/4848/5704
f 10276/4849/5704 10278/4848/5704 10279/4847/5704
f 10280/4851/5705 10281/4852/5705 10282/4850/5705
f 10280/4851/5705 10282/4850/5705 10283/4849/5705
f 10284/4853/5706 10285/4854/5706 10286/4852/5706
f 10284/4853/5707 10286/4852/5707 10287/4851/5707
f 10288/4855/5708 10289/4856/5708 10290/4854/5708
f 10288/4855/5709 10290/4854/5709 10291/4853/5709
f 10292/4857/5710 10293/4858/5711 10294/4856/5710
f 10292/4857/5712 10294/4856/5712 10295/4855/5712
f 10296/4859/5713 10297/4860/5713 10298/4858/5713
f 10296/4859/5713 10298/4858/5713 10299/4857/5713
f 10300/4861/5714 10301/4862/5714 10302/4860/5714
f 10300/4861/5715 10302/4860/5715 10303/4859/5715
f 10304/4863/5716 10305/4864/5716 10306/4862/5716
f 10304/4863/5716 10306/4862/5716 10307/4861/5716
f 10308/4844/5717 10309/4843/5717 10310/4864/5717
f 10308/4844/5717 10310/4864/5717 10311/4863/5717
f 10312/4844/5718 10313/4865/5718 10314/4866/5718
f 10312/4844/5719 10314/4866/5719 10315/4841/5719
f 10316/4841/5720 10317/4866/5720 10318/4867/5720
f 10316/4841/5721 10318/4867/5721 10319/4845/5721
f 10320/4845/5722 10321/4867/5722 10322/4868/5722
f 10320/4845/5723 10322/4868/5723 10323/4847/5723
f 10324/4847/5724 10325/4868/5724 10326/4869/5724
f 10324/4847/5724 10326/4869/5724 10327/4849/5724
f 10328/4849/5725 10329/4869/5725 10330/4870/5725
f 10328/4849/5725 10330/4870/5725 10331/4851/5725
f 10332/4851/5726 10333/4870/5726 10334/4871/5726
f 10332/4851/5727 10334/4871/5727 10335/4853/5727
f 10336/4853/5728 10337/4871/5728 10338/4872/5728
s 1
f 10336/4853/5729 10338/4872/5729 10339/4855/5729
s 0
f 10340/4855/5730 10341/4872/5730 10342/4873/5730
f 10340/4855/5731 10342/4873/5731 10343/4857/5731
f 10344/4857/5732 10345/4873/5732 10346/4874/5732
f 10344/4857/5732 10346/4874/5732 10347/4859/5732
f 10348/4859/5733 10349/4874/5733 10350/4875/5733
f 10348/4859/5734 10350/4875/5734 10351/4861/5734
f 10352/4861/5735 10353/4875/5735 10354/4876/5735
f 10352/4861/5736 10354/4876/5736 10355/4863/5736
f 10356/4863/5737 10357/4876/5737 10358/4865/5737
f 10356/4863/5737 10358/4865/5737 10359/4844/5737
f 10360/4877/5738 10361/4874/5738 10362/4873/5738
f 10360/4877/5738 10362/4873/5738 10363/4878/5738
f 10364/4878/5739 10365/4873/5739 10366/4872/5739
f 10364/4878/5739 10366/4872/5739 10367/4879/5739
f 10368/4879/5740 10369/4872/5740 10370/4871/5740
f 10368/4879/5740 10370/4871/5740 10371/4880/5740
f 10372/4880/5741 10373/4871/5741 10374/4870/5741
f 10372/4880/5741 10374/4870/5741 10375/4881/5741
f 10376/4881/5742 10377/4870/5742 10378/4869/5742
f 10376/4881/5742 10378/4869/5742 10379/4882/5742
s 1
f 10380/4882/5743 10381/4869/5743 10382/4868/5743
s 0
f 10380/4882/5743 10382/4868/5743 10383/4883/5743
f 10384/4883/5744 10385/4868/5744 10386/4867/5744
f 10384/4883/5744 10386/4867/5744 10387/4884/5744
f 10388/4884/5745 10389/4867/5745 10390/4866/5745
f 10388/4884/5745 10390/4866/5745 10391/4885/5745
f 10392/4885/5746 10393/4866/5746 10394/4865/5746
f 10392/4885/5746 10394/4865/5746 10395/4886/5746
f 10396/4886/5747 10397/4865/5747 10398/4876/5747
f 10396/4886/5747 10398/4876/5747 10399/4887/5747
f 10400/4887/5748 10401/4876/5748 10402/4875/5748
f 10400/4887/5748 10402/4875/5748 10403/4888/5748
f 10404/4888/5749 10405/4875/5749 10406/4874/5749
f 10404/4888/5749 10406/4874/5749 10407/4877/5749
s 1
f 10408/4889/5750 10409/3668/5750 10410/4890/5750
f 10408/4889/5750 10410/4890/5750 10411/3666/5750
f 10412/3666/5751 10413/4890/5752 10414/3670/5753
f 10412/3666/5751 10414/3670/5753 10415/4891/5751
f 10416/4891/5754 10417/3670/5754 10418/4892/5754
f 10416/4891/5754 10418/4892/5754 10419/3671/5754
f 10420/3671/5755 10421/4892/5755 10422/3674/5755
f 10420/3671/5755 10422/3674/5755 10423/3673/5755
f 10424/3673/5756 10425/3674/5757 10426/4893/5757
f 10424/3673/5756 10426/4893/5757 10427/4894/5757
f 10428/4894/5758 10429/4893/5759 10430/4895/5759
f 10428/4894/5758 10430/4895/5759 10431/3677/5758
s 0
f 10432/4895/5760 10433/4896/5760 10434/4897/5761
f 10432/4895/5762 10434/4897/5762 10435/3677/5762
s 1
f 10436/4897/5763 10437/4896/5763 10438/4898/5763
f 10436/4897/5763 10438/4898/5763 10439/3681/5763
f 10440/3681/5764 10441/4898/5764 10442/4899/5765
f 10440/3681/5764 10442/4899/5765 10443/4900/5764
f 10444/4900/5766 10445/4899/5766 10446/4901/5766
f 10444/4900/5766 10446/4901/5766 10447/3685/5766
f 10448/3685/5767 10449/4901/5767 10450/4902/5768
f 10448/3685/5767 10450/4902/5768 10451/3687/5768
f 10452/3687/5769 10453/4902/5769 10454/4903/5769
f 10452/3687/5769 10454/4903/5769 10455/4904/5769
f 10456/4903/5770 10457/3668/5771 10458/4889/5772
f 10456/4903/5770 10458/4889/5772 10459/4904/5770
s 0
f 10460/3668/5773 10461/4905/5774 10462/4906/5773
f 10460/3668/5775 10462/4906/5775 10463/4890/5775
s 1
f 10464/4890/5776 10465/4906/5777 10466/3693/5778
f 10464/4890/5776 10466/3693/5778 10467/3670/5779
f 10468/3670/5780 10469/3693/5781 10470/3694/5782
f 10468/3670/5780 10470/3694/5782 10471/4892/5783
f 10472/4892/5784 10473/3694/5785 10474/4907/5786
f 10472/4892/5784 10474/4907/5786 10475/3674/5786
f 10476/3674/5787 10477/4907/5788 10478/3696/5789
f 10476/3674/5787 10478/3696/5789 10479/4893/5790
f 10480/4893/5791 10481/3696/5791 10482/4908/5791
f 10480/4893/5791 10482/4908/5791 10483/4895/5791
f 10484/4908/5792 10485/4909/5793 10486/4896/5794
f 10484/4908/5792 10486/4896/5794 10487/4895/5795
f 10488/4896/5796 10489/4909/5796 10490/3699/5796
s 0
f 10488/4896/5797 10490/3699/5797 10491/4898/5797
s 1
f 10492/4898/5798 10493/3699/5799 10494/4910/5800
f 10492/4898/5798 10494/4910/5800 10495/4899/5801
f 10496/4901/5802 10497/4899/5803 10498/4910/5803
f 10496/4901/5802 10498/4910/5803 10499/3701/5804
f 10500/4901/5805 10501/3701/5805 10502/3702/5806
f 10500/4901/5805 10502/3702/5806 10503/4902/5805
f 10504/4902/5807 10505/3702/5808 10506/4911/5809
f 10504/4902/5807 10506/4911/5809 10507/4903/5808
f 10508/4911/5810 10509/4905/5811 10510/3668/5812
f 10508/4911/5810 10510/3668/5812 10511/4903/5813
f 10512/4912/5814 10513/4913/5815 10514/4889/5816
f 10512/4912/5814 10514/4889/5816 10515/3666/5817
f 10516/4914/5818 10517/4912/5819 10518/3666/5820
f 10516/4914/5818 10518/3666/5820 10519/4891/5819
f 10520/4915/5821 10521/4914/5821 10522/4891/5821
f 10520/4915/5821 10522/4891/5821 10523/3671/5822
f 10524/4916/5823 10525/4915/5824 10526/3671/5824
f 10524/4916/5823 10526/3671/5824 10527/3673/5823
f 10528/4917/5825 10529/4916/5826 10530/3673/5827
f 10528/4917/5825 10530/3673/5827 10531/4894/5828
s 0
f 10532/4918/5829 10533/4917/5829 10534/4894/5829
f 10532/4918/5830 10534/4894/5830 10535/3677/5831
s 1
f 10536/4919/5832 10537/4918/5833 10538/3677/5834
f 10536/4919/5832 10538/3677/5834 10539/4897/5833
f 10540/4920/5835 10541/4919/5836 10542/4897/5837
f 10540/4920/5835 10542/4897/5837 10543/3681/5836
f 10544/4921/5838 10545/4920/5838 10546/3681/5839
f 10544/4921/5838 10546/3681/5839 10547/4900/5839
f 10548/4921/5840 10549/4900/5840 10550/3685/5840
f 10548/4921/5840 10550/3685/5840 10551/3714/5840
f 10552/4922/5841 10553/3714/5842 10554/3685/5842
f 10552/4922/5841 10554/3685/5842 10555/3687/5841
f 10556/3716/5843 10557/4922/5844 10558/3687/5844
f 10556/3716/5843 10558/3687/5844 10559/4904/5844
f 10560/4889/5845 10561/4913/5846 10562/3716/5847
f 10560/4889/5845 10562/3716/5847 10563/4904/5848
f 10564/4923/5849 10565/3406/5849 10566/3405/5849
f 10564/4923/5849 10566/3405/5849 10567/4924/5849
f 10568/3719/5850 10569/3408/5851 10570/3406/5850
f 10568/3719/5850 10570/3406/5850 10571/4923/5851
f 10572/3719/5852 10573/4925/5852 10574/3173/5852
f 10572/3719/5852 10574/3173/5852 10575/3408/5852
f 10576/3721/5853 10577/3409/5854 10578/3173/5854
f 10576/3721/5853 10578/3173/5854 10579/4925/5854
f 10580/4926/5855 10581/3410/5855 10582/3409/5855
f 10580/4926/5855 10582/3409/5855 10583/3721/5855
f 10584/3411/5856 10585/3410/5857 10586/4926/5858
f 10584/3411/5856 10586/4926/5858 10587/4927/5857
f 10588/3724/5859 10589/3412/5859 10590/3411/5859
f 10588/3724/5859 10590/3411/5859 10591/4927/5859
f 10592/3725/5860 10593/3413/5861 10594/3412/5862
f 10592/3725/5860 10594/3412/5862 10595/3724/5861
f 10596/4928/5863 10597/3179/5864 10598/3413/5865
f 10596/4928/5863 10598/3413/5865 10599/3725/5864
f 10600/4929/5866 10601/3180/5866 10602/3179/5867
f 10600/4929/5866 10602/3179/5867 10603/4928/5868
f 10604/4930/5869 10605/3414/5869 10606/3180/5870
f 10604/4930/5869 10606/3180/5870 10607/4929/5871
f 10608/3729/5872 10609/3415/5872 10610/3414/5873
f 10608/3729/5872 10610/3414/5873 10611/4930/5873
f 10612/3405/5874 10613/3415/5875 10614/3729/5875
f 10612/3405/5874 10614/3729/5875 10615/4924/5875
s 0
f 10616/4931/5225 10617/4932/5225 10618/4933/5225
f 10616/4931/5225 10618/4933/5225 10619/4934/5225
f 10620/4932/5876 10621/4935/5876 10622/4936/5876
f 10620/4932/5876 10622/4936/5876 10623/4933/5876
f 10624/4937/5877 10625/4934/5877 10626/4933/5877
f 10624/4937/5877 10626/4933/5877 10627/4938/5877
f 10628/4939/5878 10629/4932/5878 10630/4931/5878
f 10628/4939/5878 10630/4931/5878 10631/4940/5878
f 10632/4931/5879 10633/4934/5879 10634/4941/5879
f 10632/4931/5879 10634/4941/5879 10635/4942/5879
s 1
f 10636/3469/5880 10637/3471/5880 10638/3470/5880
f 10636/3469/5880 10638/3470/5880 10639/3137/5880
f 10640/3472/5881 10641/3474/5881 10642/3473/5881
f 10640/3472/5881 10642/3473/5881 10643/3138/5881
s 0
f 10644/3475/5882 10645/3476/5882 10646/3135/5883
f 10644/3475/5884 10646/3135/5884 10647/3136/5884
s 1
f 10648/3135/5885 10649/3476/5885 10650/3469/5885
f 10648/3135/5885 10650/3469/5885 10651/3137/5886
f 10652/3470/5887 10653/3477/5887 10654/3134/5887
f 10652/3470/5887 10654/3134/5887 10655/3137/5887
f 10656/3138/5888 10657/3134/5889 10658/3477/5889
f 10656/3138/5888 10658/3477/5889 10659/3472/5889
f 10660/3138/5890 10661/3473/5890 10662/3475/5890
f 10660/3138/5890 10662/3475/5890 10663/3136/5890
f 10664/4686/5891 10665/4688/5891 10666/4687/5891
f 10664/4686/5891 10666/4687/5891 10667/3331/5891
s 0
f 10668/4689/5892 10669/4690/5892 10670/3329/5892
f 10668/4689/5893 10670/3329/5893 10671/3330/5893
s 1
f 10672/3329/5894 10673/4690/5894 10674/4686/5894
f 10672/3329/5894 10674/4686/5894 10675/3331/5894
f 10676/4687/5895 10677/4691/5895 10678/3328/5895
f 10676/4687/5895 10678/3328/5895 10679/3331/5895
f 10680/3332/5896 10681/3328/5896 10682/4691/5896
f 10680/3332/5896 10682/4691/5896 10683/4692/5896
f 10684/3332/5897 10685/4693/5898 10686/4689/5898
f 10684/3332/5897 10686/4689/5898 10687/3330/5897
f 10688/4692/5899 10689/4694/5899 10690/4693/5900
f 10688/4692/5899 10690/4693/5900 10691/3332/5899
s 0
f 10692/4943/5901 10693/4944/5901 10694/4945/5901
f 10692/4943/5901 10694/4945/5901 10695/4946/5901
s 1
f 10696/4947/5902 10697/4948/5903 10698/4946/5902
f 10696/4947/5902 10698/4946/5902 10699/4949/5903
f 10700/4950/5904 10701/4951/5904 10702/4947/5904
f 10700/4950/5904 10702/4947/5904 10703/4949/5904
f 10704/4950/5905 10705/4952/5905 10706/4953/5905
f 10704/4950/5905 10706/4953/5905 10707/4951/5905
f 10708/4946/5906 10709/4948/5907 10710/4954/5908
f 10708/4946/5906 10710/4954/5908 10711/4943/5908
f 10712/4955/5909 10713/4956/5910 10714/4945/5911
f 10712/4955/5909 10714/4945/5911 10715/4944/5911
f 10716/4957/5912 10717/4958/5912 10718/4959/5912
f 10716/4957/5912 10718/4959/5912 10719/4960/5912
f 10720/4961/5913 10721/4957/5913 10722/4960/5913
f 10720/4961/5913 10722/4960/5913 10723/4962/5913
f 10724/4962/5914 10725/4945/5914 10726/4956/5914
f 10724/4962/5914 10726/4956/5914 10727/4961/5914
s 0
f 10728/4950/5915 10729/4960/5915 10730/4959/5915
f 10728/4950/5915 10730/4959/5915 10731/4952/5915
f 10732/4949/5916 10733/4962/5916 10734/4960/5916
f 10732/4949/5916 10734/4960/5916 10735/4950/5916
f 10736/4949/5917 10737/4946/5917 10738/4945/5917
f 10736/4949/5917 10738/4945/5917 10739/4962/5917
s 1
f 10740/3933/5918 10741/3934/5918 10742/3935/5919
f 10740/3933/5918 10742/3935/5919 10743/3936/5919
s 0
f 10744/3937/5920 10745/3938/5920 10746/3939/5920
f 10744/3937/5920 10746/3939/5920 10747/3940/5920
s 1
f 10748/3935/5921 10749/3934/5921 10750/3938/5921
f 10748/3935/5921 10750/3938/5921 10751/3937/5921
f 10752/3940/5922 10753/3939/5922 10754/3941/5922
f 10752/3940/5922 10754/3941/5922 10755/3942/5923
f 10756/3941/5924 10757/3943/5924 10758/3944/5924
f 10756/3941/5924 10758/3944/5924 10759/3942/5924
f 10760/3945/5925 10761/3946/5925 10762/3947/5925
f 10760/3945/5925 10762/3947/5925 10763/3948/5925
f 10764/3949/5926 10765/3950/5926 10766/3951/5926
f 10764/3949/5926 10766/3951/5926 10767/3952/5927
f 10768/3953/5928 10769/3954/5929 10770/3955/5930
f 10768/3953/5928 10770/3955/5930 10771/3956/5929
f 10772/3956/5931 10773/3947/5932 10774/3946/5932
f 10772/3956/5931 10774/3946/5932 10775/3953/5932
f 10776/3954/5933 10777/3951/5934 10778/3950/5933
f 10776/3954/5933 10778/3950/5933 10779/3955/5933
f 10780/3957/5935 10781/3958/5935 10782/3959/5936
f 10780/3957/5935 10782/3959/5936 10783/3960/5935
f 10784/3961/5937 10785/3962/5938 10786/3963/5937
f 10784/3961/5937 10786/3963/5937 10787/3964/5938
s 0
f 10788/3965/5939 10789/3966/5940 10790/3967/5939
s 1
f 10788/3965/5941 10790/3967/5940 10791/3968/5940
f 10792/3968/5942 10793/3959/5942 10794/3958/5943
f 10792/3968/5942 10794/3958/5943 10795/3965/5942
f 10796/3966/5944 10797/3963/5944 10798/3962/5944
f 10796/3966/5944 10798/3962/5944 10799/3967/5945
s 0
f 10800/3969/5946 10801/3970/5946 10802/3954/5946
f 10800/3969/5947 10802/3954/5947 10803/3953/5947
s 1
f 10804/3951/5948 10805/3971/5948 10806/3972/5948
f 10804/3951/5948 10806/3972/5948 10807/3952/5948
f 10808/3973/5949 10809/3946/5950 10810/3945/5951
f 10808/3973/5949 10810/3945/5951 10811/3974/5950
f 10812/3946/5952 10813/3973/5953 10814/3969/5954
f 10812/3946/5952 10814/3969/5954 10815/3953/5955
f 10816/3954/5956 10817/3970/5957 10818/3971/5958
f 10816/3954/5956 10818/3971/5958 10819/3951/5957
f 10820/3947/5959 10821/3958/5959 10822/3957/5959
f 10820/3947/5959 10822/3957/5959 10823/3948/5959
f 10824/3963/5960 10825/3950/5960 10826/3949/5960
f 10824/3963/5960 10826/3949/5960 10827/3964/5960
f 10828/3955/5961 10829/3966/5962 10830/3965/5963
f 10828/3955/5961 10830/3965/5963 10831/3956/5962
f 10832/3956/5964 10833/3965/5964 10834/3958/5964
f 10832/3956/5964 10834/3958/5964 10835/3947/5964
f 10836/3950/5965 10837/3963/5965 10838/3966/5966
f 10836/3950/5965 10838/3966/5966 10839/3955/5965
f 10840/3975/5967 10841/3962/5967 10842/3961/5968
f 10840/3975/5967 10842/3961/5968 10843/3976/5967
f 10844/3962/5969 10845/3975/5969 10846/3977/5969
f 10844/3962/5969 10846/3977/5969 10847/3967/5969
s 0
f 10848/3967/5970 10849/3977/5970 10850/3978/5970
f 10848/3967/5971 10850/3978/5971 10851/3968/5971
s 1
f 10852/3968/5972 10853/3978/5972 10854/3979/5972
f 10852/3968/5972 10854/3979/5972 10855/3959/5972
f 10856/3980/5973 10857/3960/5973 10858/3959/5974
f 10856/3980/5973 10858/3959/5974 10859/3979/5973
f 10860/3945/5975 10861/3981/5975 10862/3982/5975
f 10860/3945/5975 10862/3982/5975 10863/3974/5975
f 10864/3972/5976 10865/3983/5977 10866/3984/5977
f 10864/3972/5976 10866/3984/5977 10867/3952/5977
f 10868/3936/5978 10869/3985/5978 10870/3986/5979
f 10868/3936/5978 10870/3986/5979 10871/3933/5979
f 10872/3943/5980 10873/3987/5980 10874/3988/5981
f 10872/3943/5980 10874/3988/5981 10875/3944/5981
f 10876/3957/5982 10877/3989/5983 10878/3990/5983
f 10876/3957/5982 10878/3990/5983 10879/3948/5983
f 10880/3949/5984 10881/3991/5985 10882/3992/5984
f 10880/3949/5984 10882/3992/5984 10883/3964/5986
f 10884/3980/5987 10885/3993/5988 10886/3994/5988
f 10884/3980/5987 10886/3994/5988 10887/3960/5989
f 10888/3961/5990 10889/3995/5991 10890/3996/5991
f 10888/3961/5990 10890/3996/5991 10891/3976/5992
f 10892/3948/5993 10893/3990/5993 10894/3981/5994
f 10892/3948/5993 10894/3981/5994 10895/3945/5993
f 10896/3952/5995 10897/3984/5995 10898/3991/5995
f 10896/3952/5995 10898/3991/5995 10899/3949/5996
f 10900/3960/5997 10901/3994/5997 10902/3989/5997
f 10900/3960/5997 10902/3989/5997 10903/3957/5997
f 10904/3964/5998 10905/3992/5998 10906/3995/5998
f 10904/3964/5998 10906/3995/5998 10907/3961/5998
f 10908/3416/5999 10909/4963/5999 10910/4964/5999
f 10908/3416/5999 10910/4964/5999 10911/3417/5999
f 10912/4965/6000 10913/4966/6000 10914/3416/6000
f 10912/4965/6000 10914/3416/6000 10915/3418/6000
f 10916/3487/6001 10917/3147/6001 10918/3489/6001
f 10916/3487/6001 10918/3489/6001 10919/3488/6001
s 0
f 10920/3490/6002 10921/3145/6002 10922/3146/6002
f 10920/3490/6003 10922/3146/6003 10923/3491/6003
s 1
f 10924/3146/6004 10925/3147/6004 10926/3487/6004
f 10924/3146/6004 10926/3487/6004 10927/3491/6004
f 10928/3489/6005 10929/3147/6006 10930/3144/6007
f 10928/3489/6005 10930/3144/6007 10931/3492/6007
f 10932/3148/6008 10933/3493/6008 10934/3492/6008
f 10932/3148/6008 10934/3492/6008 10935/3144/6008
f 10936/3148/6009 10937/3145/6010 10938/3490/6009
f 10936/3148/6009 10938/3490/6009 10939/3494/6009
f 10940/3493/6011 10941/3148/6011 10942/3494/6011
f 10940/3493/6011 10942/3494/6011 10943/3495/6011
f 10944/3478/6012 10945/3480/6012 10946/3479/6012
f 10944/3478/6012 10946/3479/6012 10947/3142/6012
f 10948/3481/6013 10949/3483/6013 10950/3482/6013
f 10948/3481/6013 10950/3482/6013 10951/3143/6013
s 0
f 10952/3484/6014 10953/3485/6014 10954/3140/6014
f 10952/3484/6015 10954/3140/6016 10955/3141/6016
s 1
f 10956/3140/6017 10957/3485/6017 10958/3478/6017
f 10956/3140/6017 10958/3478/6017 10959/3142/6017
f 10960/3479/6018 10961/3486/6018 10962/3139/6018
f 10960/3479/6018 10962/3139/6018 10963/3142/6018
f 10964/3143/6019 10965/3139/6019 10966/3486/6020
f 10964/3143/6019 10966/3486/6020 10967/3481/6019
f 10968/3143/6021 10969/3482/6021 10970/3484/6021
f 10968/3143/6021 10970/3484/6021 10971/3141/6021
f 10972/3440/6022 10973/3443/6022 10974/3442/6022
f 10972/3440/6022 10974/3442/6022 10975/3441/6022
f 10976/3444/6023 10977/3447/6023 10978/3446/6023
f 10976/3444/6023 10978/3446/6023 10979/3445/6023
f 10980/3442/6024 10981/3449/6024 10982/3448/6024
f 10980/3442/6024 10982/3448/6024 10983/3441/6024
f 10984/3450/6025 10985/3445/6025 10986/3446/6025
f 10984/3450/6025 10986/3446/6025 10987/3451/6025
f 10988/3452/6026 10989/3443/6026 10990/3440/6026
f 10988/3452/6026 10990/3440/6026 10991/3453/6026
f 10992/3444/6027 10993/3455/6027 10994/3454/6027
f 10992/3444/6027 10994/3454/6027 10995/3447/6027
f 10996/3456/6028 10997/3451/6028 10998/3446/6028
f 10996/3456/6028 10998/3446/6028 10999/3457/6028
f 11000/3446/4984 11001/3447/4984 11002/3458/4984
f 11000/3446/4984 11002/3458/4984 11003/3457/4984
f 11004/3447/6029 11005/3454/6029 11006/3459/6029
f 11004/3447/6029 11006/3459/6029 11007/3458/6029
f 11008/3452/6030 11009/3455/6030 11010/3444/6030
f 11008/3452/6030 11010/3444/6030 11011/3443/6030
f 11012/3444/6031 11013/3445/6031 11014/3442/6031
f 11012/3444/6031 11014/3442/6031 11015/3443/3517
f 11016/3445/6032 11017/3450/6032 11018/3449/6032
f 11016/3445/6032 11018/3449/6032 11019/3442/6032
f 11020/3419/6033 11021/4967/6033 11022/4968/6033
f 11020/3419/6033 11022/4968/6033 11023/3420/6033
f 11024/4969/6034 11025/4970/6034 11026/3419/6034
f 11024/4969/6034 11026/3419/6034 11027/3421/6034
f 11028/3444/6035 11029/3447/6036 11030/3446/6035
f 11028/3444/6035 11030/3446/6035 11031/3445/6036
f 11032/3442/6037 11033/3449/6038 11034/3448/6038
f 11032/3442/6037 11034/3448/6038 11035/3441/6037
f 11036/3450/6039 11037/3445/6039 11038/3446/6040
f 11036/3450/6039 11038/3446/6040 11039/3451/6041
f 11040/3452/6042 11041/3443/6043 11042/3440/6043
f 11040/3452/6042 11042/3440/6043 11043/3453/6042
f 11044/3444/6044 11045/3455/6044 11046/3454/6044
f 11044/3444/6044 11046/3454/6044 11047/3447/6044
f 11048/3456/6045 11049/3451/6045 11050/3446/6045
f 11048/3456/6045 11050/3446/6045 11051/3457/6045
f 11052/3446/6046 11053/3447/6046 11054/3458/6046
f 11052/3446/6046 11054/3458/6046 11055/3457/6046
f 11056/3447/6047 11057/3454/6047 11058/3459/6047
f 11056/3447/6047 11058/3459/6047 11059/3458/6047
f 11060/3452/6048 11061/3455/6048 11062/3444/6048
f 11060/3452/6048 11062/3444/6048 11063/3443/6048
f 11064/3445/6049 11065/3450/6049 11066/3449/6049
f 11064/3445/6049 11066/3449/6049 11067/3442/6049
f 11068/4971/6050 11069/3425/6050 11070/4767/6050
f 11068/4971/6050 11070/4767/6050 11071/4972/6050
s 0
f 11072/4973/6051 11073/3424/6051 11074/3423/6051
f 11072/4973/6052 11074/3423/6052 11075/4974/6052
s 1
f 11076/3423/6053 11077/3425/6054 11078/4971/6054
f 11076/3423/6053 11078/4971/6054 11079/4974/6053
f 11080/4767/6055 11081/3425/6056 11082/3422/6056
f 11080/4767/6055 11082/3422/6056 11083/4770/6056
f 11084/3426/6057 11085/4771/6057 11086/4770/6058
f 11084/3426/6057 11086/4770/6058 11087/3422/6058
f 11088/3426/6059 11089/3424/6059 11090/4973/6059
f 11088/3426/6059 11090/4973/6059 11091/4975/6059
f 11092/4771/6060 11093/3426/6060 11094/4975/6060
f 11092/4771/6060 11094/4975/6060 11095/4976/6060
f 11096/4739/6061 11097/4977/6061 11098/4741/6061
f 11096/4739/6061 11098/4741/6061 11099/4740/6062
f 11100/4743/6063 11101/4746/6063 11102/4978/6063
f 11100/4743/6063 11102/4978/6063 11103/4979/6063
f 11104/4980/6064 11105/4748/6065 11106/4741/6065
f 11104/4980/6064 11106/4741/6065 11107/4977/6064
f 11108/4739/6066 11109/4740/6067 11110/4743/6068
f 11108/4739/6066 11110/4743/6068 11111/4979/6069
f 11112/4709/6070 11113/4711/6070 11114/4981/6070
f 11112/4709/6070 11114/4981/6070 11115/3427/6070
f 11116/4712/6071 11117/4714/6072 11118/4713/6072
f 11116/4712/6071 11118/4713/6072 11119/3354/6072
s 0
f 11120/4715/6073 11121/4716/6073 11122/3351/6073
f 11120/4715/6074 11122/3351/6074 11123/3352/6074
s 1
f 11124/3351/6075 11125/4716/6075 11126/4709/6076
f 11124/3351/6075 11126/4709/6076 11127/3427/6075
f 11128/4981/6077 11129/4717/6077 11130/3350/6078
f 11128/4981/6077 11130/3350/6078 11131/3427/6079
f 11132/3354/6080 11133/3350/6080 11134/4717/6081
f 11132/3354/6080 11134/4717/6081 11135/4712/6080
f 11136/3354/6082 11137/4713/6082 11138/4715/6082
f 11136/3354/6082 11138/4715/6082 11139/3352/6082
f 11140/3428/6083 11141/4982/6084 11142/4983/6083
f 11140/3428/6083 11142/4983/6083 11143/3429/6084
f 11144/4984/6085 11145/4985/6085 11146/3428/6085
f 11144/4984/6085 11146/3428/6085 11147/3430/6085
s 0
f 11148/4986/6086 11149/4987/6086 11150/4988/6086
f 11148/4986/6086 11150/4988/6086 11151/4989/6086
f 11152/4990/6087 11153/4991/6087 11154/4992/6087
f 11152/4990/6087 11154/4992/6087 11155/4993/6087
f 11156/4994/6088 11157/4995/6088 11158/4996/6088
f 11156/4994/6088 11158/4996/6088 11159/4997/6088
f 11160/4998/6089 11161/4999/6089 11162/5000/6089
f 11160/4998/6089 11162/5000/6089 11163/5001/6089
s 1
f 11164/4995/6090 11165/5002/6090 11166/5003/6091
f 11164/4995/6090 11166/5003/6091 11167/4996/6090
s 0
f 11168/4993/6092 11169/5004/6092 11170/5005/6092
f 11168/4993/6092 11170/5005/6092 11171/4990/6092
s 1
f 11172/4999/6093 11173/5006/6094 11174/5007/6093
f 11172/4999/6093 11174/5007/6093 11175/5000/6094
f 11176/5008/6095 11177/4989/6096 11178/4988/6096
f 11176/5008/6095 11178/4988/6096 11179/5009/6096
s 0
f 11180/5009/6097 11181/4988/6097 11182/4987/6097
f 11180/5009/6097 11182/4987/6097 11183/5010/6097
s 1
f 11184/5010/6098 11185/4987/6098 11186/4986/6098
f 11184/5010/6098 11186/4986/6098 11187/5011/6098
f 11188/4996/6099 11189/5012/6100 11190/5013/6100
f 11188/4996/6099 11190/5013/6100 11191/4997/6100
f 11192/4998/6101 11193/5014/6101 11194/5015/6101
f 11192/4998/6101 11194/5015/6101 11195/4999/6101
f 11196/4999/6102 11197/5015/6102 11198/5016/6103
f 11196/4999/6102 11198/5016/6103 11199/5006/6102
s 0
f 11200/5017/6104 11201/5005/6104 11202/5004/6104
f 11200/5017/6104 11202/5004/6104 11203/5018/6104
s 1
f 11204/5003/6105 11205/5019/6105 11206/5012/6106
f 11204/5003/6105 11206/5012/6106 11207/4996/6105
f 11208/3431/6107 11209/5020/6107 11210/5021/6107
f 11208/3431/6107 11210/5021/6107 11211/3432/6107
f 11212/5022/6108 11213/5023/6108 11214/3431/6108
f 11212/5022/6108 11214/3431/6108 11215/3433/6108
f 11216/3440/3504 11217/3441/3504 11218/3442/3504
f 11216/3440/3504 11218/3442/3504 11219/3443/3504
f 11220/3444/3505 11221/3445/3505 11222/3446/3505
f 11220/3444/3505 11222/3446/3505 11223/3447/3505
f 11224/3442/3507 11225/3441/3507 11226/3448/3506
f 11224/3442/3507 11226/3448/3506 11227/3449/3507
f 11228/3450/3508 11229/3451/3508 11230/3446/3508
f 11228/3450/3508 11230/3446/3508 11231/3445/3508
f 11232/3452/3509 11233/3453/3509 11234/3440/3509
f 11232/3452/3509 11234/3440/3509 11235/3443/3509
f 11236/3444/3510 11237/3447/3510 11238/3454/3510
f 11236/3444/3510 11238/3454/3510 11239/3455/3510
f 11240/3456/3512 11241/3457/3512 11242/3446/3512
f 11240/3456/3512 11242/3446/3512 11243/3451/3512
f 11244/3446/3513 11245/3457/3513 11246/3458/3513
f 11244/3446/3513 11246/3458/3513 11247/3447/3513
f 11248/3447/3514 11249/3458/3515 11250/3459/3514
f 11248/3447/3514 11250/3459/3514 11251/3454/3515
f 11252/3452/3516 11253/3443/3516 11254/3444/3516
f 11252/3452/3516 11254/3444/3516 11255/3455/3516
f 11256/3444/3517 11257/3443/3517 11258/3442/3517
f 11256/3444/3517 11258/3442/3517 11259/3445/3517
f 11260/3445/6109 11261/3442/3519 11262/3449/3519
f 11260/3445/6109 11262/3449/3519 11263/3450/6109
f 11264/5024/6110 11265/5025/6110 11266/5026/6111
f 11264/5024/6110 11266/5026/6111 11267/5027/6110
f 11268/5028/6112 11269/3547/6112 11270/5029/6112
f 11268/5028/6112 11270/5029/6112 11271/3545/6112
f 11272/3548/6113 11273/3551/6113 11274/5030/6113
f 11272/3548/6113 11274/5030/6113 11275/5031/6113
f 11276/5028/6114 11277/5031/6115 11278/5030/6115
f 11276/5028/6114 11278/5030/6115 11279/3547/6115
f 11280/3552/6116 11281/3551/6116 11282/3548/6116
f 11280/3552/6116 11282/3548/6116 11283/5032/6116
f 11284/5033/6117 11285/3545/6117 11286/5029/6117
f 11284/5033/6117 11286/5029/6117 11287/5034/6117
f 11288/5029/6118 11289/3551/6118 11290/3552/6118
f 11288/5029/6118 11290/3552/6118 11291/5034/6118
f 11292/3547/6119 11293/5030/6120 11294/3551/6120
f 11292/3547/6119 11294/3551/6120 11295/5029/6119
f 11296/5035/6121 11297/3559/6121 11298/5036/6122
f 11296/5035/6121 11298/5036/6122 11299/3557/6121
f 11300/5037/6123 11301/5038/6123 11302/3559/6123
f 11300/5037/6123 11302/3559/6123 11303/5035/6124
f 11304/3562/6125 11305/5039/6126 11306/5038/6125
f 11304/3562/6125 11306/5038/6125 11307/5037/6125
f 11308/5027/6127 11309/5026/6127 11310/5033/6127
f 11308/5027/6127 11310/5033/6127 11311/5034/6127
f 11312/5034/6128 11313/3552/6128 11314/5024/6128
f 11312/5034/6128 11314/5024/6128 11315/5027/6129
f 11316/5024/6130 11317/3552/6130 11318/5032/6130
f 11316/5024/6130 11318/5032/6130 11319/5025/6130
f 11320/3434/6131 11321/5040/6131 11322/5041/6131
f 11320/3434/6131 11322/5041/6131 11323/3435/6131
f 11324/5042/6132 11325/5043/6133 11326/3434/6132
f 11324/5042/6132 11326/3434/6132 11327/3436/6132
f 11328/3437/6134 11329/5044/6134 11330/5045/6134
f 11328/3437/6134 11330/5045/6134 11331/3438/6134
f 11332/5046/6135 11333/5047/6136 11334/3437/6136
f 11332/5046/6135 11334/3437/6136 11335/3439/6135
f 11336/3440/6137 11337/3443/6138 11338/3442/6138
f 11336/3440/6137 11338/3442/6138 11339/3441/6139
f 11340/3444/6140 11341/3447/6140 11342/3446/6141
f 11340/3444/6140 11342/3446/6141 11343/3445/6141
f 11344/3442/6142 11345/3449/6142 11346/3448/6142
f 11344/3442/6142 11346/3448/6142 11347/3441/6142
f 11348/3450/6143 11349/3445/6143 11350/3446/6144
f 11348/3450/6143 11350/3446/6144 11351/3451/6143
f 11352/3452/6145 11353/3443/6145 11354/3440/6145
f 11352/3452/6145 11354/3440/6145 11355/3453/6145
f 11356/3444/6146 11357/3455/6147 11358/3454/6147
f 11356/3444/6146 11358/3454/6147 11359/3447/6147
f 11360/3456/6148 11361/3451/6148 11362/3446/6148
f 11360/3456/6148 11362/3446/6148 11363/3457/6148
f 11364/3446/4984 11365/3447/4984 11366/3458/4984
f 11364/3446/4984 11366/3458/4984 11367/3457/4984
f 11368/3447/6149 11369/3454/6150 11370/3459/6149
f 11368/3447/6149 11370/3459/6149 11371/3458/6150
f 11372/3452/6151 11373/3455/6151 11374/3444/6151
f 11372/3452/6151 11374/3444/6151 11375/3443/6151
f 11376/3444/3517 11377/3445/3517 11378/3442/3517
f 11376/3444/3517 11378/3442/3517 11379/3443/3517
f 11380/3445/6152 11381/3450/6152 11382/3449/6152
f 11380/3445/6152 11382/3449/6152 11383/3442/6152
f 11384/3440/6153 11385/3441/6153 11386/3442/6153
f 11384/3440/6153 11386/3442/6153 11387/3443/6154
f 11388/3444/6155 11389/3445/6155 11390/3446/6156
f 11388/3444/6155 11390/3446/6156 11391/3447/6156
f 11392/3442/6157 11393/3441/6157 11394/3448/6157
f 11392/3442/6157 11394/3448/6157 11395/3449/6157
f 11396/3450/6158 11397/3451/6159 11398/3446/6158
f 11396/3450/6158 11398/3446/6158 11399/3445/6159
f 11400/3452/6160 11401/3453/6160 11402/3440/6160
f 11400/3452/6160 11402/3440/6160 11403/3443/6161
f 11404/3444/6162 11405/3447/6163 11406/3454/6162
f 11404/3444/6162 11406/3454/6162 11407/3455/6163
f 11408/3456/6164 11409/3457/6164 11410/3446/6165
f 11408/3456/6164 11410/3446/6165 11411/3451/6165
f 11412/3446/3513 11413/3457/3513 11414/3458/3513
f 11412/3446/3513 11414/3458/3513 11415/3447/3513
f 11416/3447/6166 11417/3458/6166 11418/3459/6166
f 11416/3447/6166 11418/3459/6166 11419/3454/6166
f 11420/3452/6167 11421/3443/6167 11422/3444/6167
f 11420/3452/6167 11422/3444/6167 11423/3455/6167
f 11424/3444/3517 11425/3443/3517 11426/3442/3517
f 11424/3444/3517 11426/3442/3517 11427/3445/3517
f 11428/3445/6168 11429/3442/6169 11430/3449/6168
f 11428/3445/6168 11430/3449/6168 11431/3450/6168
f 11432/3440/6139 11433/3443/6138 11434/3442/6138
f 11432/3440/6139 11434/3442/6138 11435/3441/6139
f 11436/3444/6140 11437/3447/6140 11438/3446/6141
f 11436/3444/6140 11438/3446/6141 11439/3445/6141
f 11440/3442/6142 11441/3449/6142 11442/3448/6142
f 11440/3442/6142 11442/3448/6142 11443/3441/6142
f 11444/3450/6143 11445/3445/6144 11446/3446/6144
f 11444/3450/6143 11446/3446/6144 11447/3451/6143
f 11448/3452/6145 11449/3443/6145 11450/3440/6145
f 11448/3452/6145 11450/3440/6145 11451/3453/6145
f 11452/3444/6146 11453/3455/6147 11454/3454/6147
f 11452/3444/6146 11454/3454/6147 11455/3447/6147
f 11456/3456/6170 11457/3451/6170 11458/3446/6170
f 11456/3456/6170 11458/3446/6170 11459/3457/6148
f 11460/3446/4984 11461/3447/4984 11462/3458/4984
f 11460/3446/4984 11462/3458/4984 11463/3457/4984
f 11464/3447/6149 11465/3454/6149 11466/3459/6149
f 11464/3447/6149 11466/3459/6149 11467/3458/6149
f 11468/3452/6171 11469/3455/6171 11470/3444/6171
f 11468/3452/6171 11470/3444/6171 11471/3443/6171
f 11472/3444/3517 11473/3445/3517 11474/3442/3517
f 11472/3444/3517 11474/3442/3517 11475/3443/3517
f 11476/3445/6172 11477/3450/6172 11478/3449/6172
f 11476/3445/6172 11478/3449/6172 11479/3442/6152
f 11480/3440/6154 11481/3441/6153 11482/3442/6153
f 11480/3440/6154 11482/3442/6153 11483/3443/6153
f 11484/3444/6155 11485/3445/6155 11486/3446/6156
f 11484/3444/6155 11486/3446/6156 11487/3447/6155
f 11488/3442/6157 11489/3441/6157 11490/3448/6157
f 11488/3442/6157 11490/3448/6157 11491/3449/6157
f 11492/3450/6159 11493/3451/6159 11494/3446/6159
f 11492/3450/6159 11494/3446/6159 11495/3445/6159
f 11496/3452/6160 11497/3453/6160 11498/3440/6160
f 11496/3452/6160 11498/3440/6160 11499/3443/6160
f 11500/3444/6162 11501/3447/6163 11502/3454/6162
f 11500/3444/6162 11502/3454/6162 11503/3455/6163
f 11504/3456/6164 11505/3457/6164 11506/3446/6164
f 11504/3456/6164 11506/3446/6164 11507/3451/6164
f 11508/3446/3513 11509/3457/3513 11510/3458/3513
f 11508/3446/3513 11510/3458/3513 11511/3447/3513
f 11512/3447/6173 11513/3458/6166 11514/3459/6166
f 11512/3447/6173 11514/3459/6166 11515/3454/6173
f 11516/3452/6174 11517/3443/6174 11518/3444/6174
f 11516/3452/6174 11518/3444/6174 11519/3455/6174
f 11520/3444/3517 11521/3443/3517 11522/3442/3517
f 11520/3444/3517 11522/3442/3517 11523/3445/3517
f 11524/3445/6169 11525/3442/6169 11526/3449/6169
f 11524/3445/6169 11526/3449/6169 11527/3450/6169
f 11530/4088/6175 11528/4044/6175 11529/4145/6175
f 11528/4044/6175 11530/4088/6175 11531/4100/6176
f 11528/4044/6175 11531/4100/6176 11532/4105/6176
f 11533/4044/6177 11536/4088/6177 11537/4145/6177
f 11536/4088/6177 11533/4044/6177 11535/4100/6178
f 11535/4100/6178 11533/4044/6177 11534/4105/6178
f 11540/3445/6179 11538/3443/6179 11539/3444/6180
f 11538/3443/6179 11542/3441/6179 11543/3440/6179
f 11542/3441/6179 11538/3443/6179 11540/3445/6179
f 11542/3441/6179 11540/3445/6179 11541/3442/6179
o pCube12_lambert1_0
v 1.154048 0.409064 1.343917
v 1.154048 0.409064 1.343917
v 1.154048 0.409064 1.343917
v 1.154048 0.409064 1.343917
vn -0.0000 -0.0000 -0.0000
vt 0.375000 0.750000
vt 0.625000 0.750000
vt 0.625000 0.500000
vt 0.375000 0.500000
s 0
usemtl lambert1
f 11544/5048/6181 11545/5049/6181 11546/5050/6181
f 11544/5048/6181 11546/5050/6181 11547/5051/6181
o pCube12_lambert1_0.001
v 0.786277 0.187628 1.981038
v 0.786277 0.187628 1.981038
v 0.786277 0.187628 1.981038
v 0.786277 0.187628 1.981038
vn -0.0000 -0.0000 -0.0000
vt 0.375000 0.750000
vt 0.625000 0.750000
vt 0.625000 0.500000
vt 0.375000 0.500000
s 0
usemtl lambert1
f 11548/5052/6182 11549/5053/6182 11550/5054/6182
f 11548/5052/6182 11550/5054/6182 11551/5055/6182
o pCube12_lambert1_0.002
v 0.841808 0.756266 0.379743
v 0.841808 0.756266 0.379743
v 0.841808 0.756266 0.379743
v 0.841808 0.756266 0.379743
vn -0.0000 -0.0000 -0.0000
vt 0.375000 0.750000
vt 0.625000 0.750000
vt 0.625000 0.500000
vt 0.375000 0.500000
s 0
usemtl lambert1
f 11552/5056/6183 11553/5057/6183 11554/5058/6183
f 11552/5056/6183 11554/5058/6183 11555/5059/6183
o pCube12_lambert1_0.003
v 0.351596 0.641305 1.742004
v 0.351596 0.641305 1.742004
v 0.351596 0.641305 1.742004
v 0.351596 0.641305 1.742004
vn -0.0000 -0.0000 -0.0000
vt 0.375000 0.750000
vt 0.625000 0.750000
vt 0.625000 0.500000
vt 0.375000 0.500000
s 0
usemtl lambert1
f 11556/5060/6184 11557/5061/6184 11558/5062/6184
f 11556/5060/6184 11558/5062/6184 11559/5063/6184
o pCube12_lambert1_0.004
v 0.539750 -0.288563 1.261621
v 0.539750 -0.288563 1.261621
v 0.539750 -0.288563 1.261621
v 0.539750 -0.288563 1.261621
vn -0.0000 -0.0000 -0.0000
vt 0.375000 0.750000
vt 0.625000 0.750000
vt 0.625000 0.500000
vt 0.375000 0.500000
s 0
usemtl lambert1
f 11560/5064/6185 11561/5065/6185 11562/5066/6185
f 11560/5064/6185 11562/5066/6185 11563/5067/6185
o pCube12_lambert1_0.005
v 0.132862 -0.333862 1.600465
v 0.132862 -0.333862 1.600465
v 0.132862 -0.333862 1.600465
v 0.132862 -0.333862 1.600465
vn -0.0000 -0.0000 -0.0000
vt 0.375000 0.750000
vt 0.625000 0.750000
vt 0.625000 0.500000
vt 0.375000 0.500000
s 0
usemtl lambert1
f 11564/5068/6186 11565/5069/6186 11566/5070/6186
f 11564/5068/6186 11566/5070/6186 11567/5071/6186
o pCube12_lambert1_0.006
v -0.017128 0.732270 2.444061
v -0.017128 0.732270 2.444061
v -0.017128 0.732270 2.444061
v -0.017128 0.732270 2.444061
vn -0.0000 -0.0000 -0.0000
vt 0.375000 0.750000
vt 0.625000 0.750000
vt 0.625000 0.500000
vt 0.375000 0.500000
s 0
usemtl lambert1
f 11568/5072/6187 11569/5073/6187 11570/5074/6187
f 11568/5072/6187 11570/5074/6187 11571/5075/6187
o pCube12_lambert1_0.007
v -0.529099 0.847693 0.964927
v -0.529099 0.847693 0.964927
v -0.529099 0.847693 0.964927
v -0.529099 0.847693 0.964927
vn -0.0000 -0.0000 -0.0000
vt 0.375000 0.750000
vt 0.625000 0.750000
vt 0.625000 0.500000
vt 0.375000 0.500000
s 0
usemtl lambert1
f 11572/5076/6188 11573/5077/6188 11574/5078/6188
f 11572/5076/6188 11574/5078/6188 11575/5079/6188
o pCube12_lambert1_0.008
v -0.868942 0.512900 1.623417
v -0.868942 0.512900 1.623417
v -0.868942 0.512900 1.623417
v -0.868942 0.512900 1.623417
vn -0.0000 -0.0000 -0.0000
vt 0.375000 0.750000
vt 0.625000 0.750000
vt 0.625000 0.500000
vt 0.375000 0.500000
s 0
usemtl lambert1
f 11576/5080/6189 11577/5081/6189 11578/5082/6189
f 11576/5080/6189 11578/5082/6189 11579/5083/6189
o pCube12_lambert1_0.009
v -0.449100 -0.048428 1.261621
v -0.449100 -0.048428 1.261621
v -0.449100 -0.048428 1.261621
v -0.449100 -0.048428 1.261621
vn -0.0000 -0.0000 -0.0000
vt 0.375000 0.750000
vt 0.625000 0.750000
vt 0.625000 0.500000
vt 0.375000 0.500000
s 0
usemtl lambert1
f 11580/5084/6190 11581/5085/6190 11582/5086/6190
f 11580/5084/6190 11582/5086/6190 11583/5087/6190
o pCube12_lambert1_0.010
v -0.780246 0.157801 0.808494
v -0.780246 0.157801 0.808494
v -0.780246 0.157801 0.808494
v -0.780246 0.157801 0.808494
vn -0.0000 -0.0000 -0.0000
vt 0.375000 0.750000
vt 0.625000 0.750000
vt 0.625000 0.500000
vt 0.375000 0.500000
s 0
usemtl lambert1
f 11584/5088/6191 11585/5089/6191 11586/5090/6191
f 11584/5088/6191 11586/5090/6191 11587/5091/6191
